barcode,l1,l2,raw,mapped,score,run_id
L3_ACCGTTCCACATATGC,CD4 T,CD4 Proliferating,Proliferating cells,Proliferating lymphocyte (lineage unclear),0.5,hao_stateful_gemini_run05
E2L7_GACCAATCAGAGCTAG,Mono,CD16 Mono,CD16+ Monocytes,CD16 Mono,1.0,hao_stateful_gemini_run05
E2L2_TCCGAAAAGAAGCTGC,other,Platelet,Platelets,Platelet,1.0,hao_stateful_gemini_run05
E2L4_TAATCTCGTAGAGATT,DC,cDC2,CD14+ Monocytes,CD14 Mono,0.0,hao_stateful_gemini_run05
L5_TATTGCTTCGCTAATG,CD4 T,CD4 TEM,CD8+ T cells,CD8 T cell (subtype unclear),0.0,hao_stateful_gemini_run05
E2L3_GTAGATCCAACCGACC,Mono,CD16 Mono,CD16+ Monocytes,CD16 Mono,1.0,hao_stateful_gemini_run05
L3_TCCGATCGTGTTTACG,other,Eryth,Erythrocytes,Eryth,1.0,hao_stateful_gemini_run05
L3_TTAGGCACACACCTGG,CD4 T,CD4 TCM,CD4+ T cells,CD4 T cell (subtype unclear),0.5,hao_stateful_gemini_run05
E2L4_TCGATTTTCTGCTTAT,B,B intermediate,B cells,B cell (subtype unclear),0.5,hao_stateful_gemini_run05
E2L5_CGGGTGTTCAACTGAC,CD8 T,CD8 TCM,CD4+ T cells,CD4 T cell (subtype unclear),0.0,hao_stateful_gemini_run05
L2_CAGCACGTCGAGTCTA,CD4 T,CD4 Naive,CD4+ T cells,CD4 T cell (subtype unclear),0.5,hao_stateful_gemini_run05
E2L6_GACTGATTCCGTAGGC,CD8 T,CD8 Proliferating,Proliferating cells,Proliferating lymphocyte (lineage unclear),0.5,hao_stateful_gemini_run05
L1_TTAGTCTCATCAGCTA,CD8 T,CD8 TCM,CD4+ T cells,CD4 T cell (subtype unclear),0.0,hao_stateful_gemini_run05
L1_CTAGGTAGTAGATGTA,DC,pDC,Plasmacytoid Dendritic cells,pDC,1.0,hao_stateful_gemini_run05
E2L1_TGACGCGGTTAAGACA,B,B naive,B cells,B cell (subtype unclear),0.5,hao_stateful_gemini_run05
E2L5_CAGCAGCTCAAGTTGC,other T,dnT,CD4+ T cells,CD4 T cell (subtype unclear),0.0,hao_stateful_gemini_run05
L2_CGTAGTATCGCAGATT,NK,NK Proliferating,Proliferating cells,Proliferating lymphocyte (lineage unclear),0.5,hao_stateful_gemini_run05
L5_CTTGATTTCAGCTAGT,DC,cDC1,Conventional Dendritic cells,Dendritic cell (subtype unclear),0.5,hao_stateful_gemini_run05
L1_AGAACAAAGGAACGCT,CD4 T,CD4 Naive,CD4+ T cells,CD4 T cell (subtype unclear),0.5,hao_stateful_gemini_run05
E2L1_CGAGGCTTCTGCGGAC,other T,MAIT,CD8+ T cells,CD8 T cell (subtype unclear),0.0,hao_stateful_gemini_run05
L4_GGGTCACTCGATAACC,CD4 T,CD4 TEM,CD4+ T cells,CD4 T cell (subtype unclear),0.5,hao_stateful_gemini_run05
E2L6_GATTTCTGTGAATGAT,B,B memory,B cells,B cell (subtype unclear),0.5,hao_stateful_gemini_run05
L1_GTTCCGTGTACCGGAA,CD4 T,CD4 Proliferating,Proliferating cells,Proliferating lymphocyte (lineage unclear),0.5,hao_stateful_gemini_run05
L2_TGGGAGAGTTCGTGCG,other,HSPC,HSPC,HSPC,1.0,hao_stateful_gemini_run05
E2L1_CTCATTAAGGTCATCT,Mono,CD14 Mono,CD14+ Monocytes,CD14 Mono,1.0,hao_stateful_gemini_run05
E2L6_CCCTCTCTCGACCACG,B,B naive,B cells,B cell (subtype unclear),0.5,hao_stateful_gemini_run05
L5_TACGTCCAGAGAGCCT,DC,cDC1,Conventional Dendritic cells,Dendritic cell (subtype unclear),0.5,hao_stateful_gemini_run05
E2L5_AAAGGATCACTCCTGT,other T,MAIT,CD8+ T cells,CD8 T cell (subtype unclear),0.0,hao_stateful_gemini_run05
L1_ACCCTCAAGGTCCAGA,CD8 T,CD8 TEM,CD8+ T cells,CD8 T cell (subtype unclear),0.5,hao_stateful_gemini_run05
E2L1_GTAACCATCACGGACC,other T,MAIT,CD8+ T cells,CD8 T cell (subtype unclear),0.0,hao_stateful_gemini_run05
L1_GTAGTACTCTTCTAAC,CD8 T,CD8 Naive,CD4+ T cells,CD4 T cell (subtype unclear),0.0,hao_stateful_gemini_run05
L2_TATCCTATCCCTGGTT,DC,cDC1,Conventional Dendritic cells,Dendritic cell (subtype unclear),0.5,hao_stateful_gemini_run05
E2L1_ATTGTTCAGTATTCCG,DC,cDC2,CD14+ Monocytes,CD14 Mono,0.0,hao_stateful_gemini_run05
E2L6_ATCGCCTAGGCTCAAG,other,Platelet,Platelets,Platelet,1.0,hao_stateful_gemini_run05
L2_TCCTCCCTCCGCGATG,NK,NK Proliferating,Proliferating cells,Proliferating lymphocyte (lineage unclear),0.5,hao_stateful_gemini_run05
E2L2_ACGGAAGAGATGTTGA,CD4 T,Treg,CD4+ T cells,CD4 T cell (subtype unclear),0.5,hao_stateful_gemini_run05
L5_GATGTTGGTACGAGTG,CD8 T,CD8 Naive,CD4+ T cells,CD4 T cell (subtype unclear),0.0,hao_stateful_gemini_run05
L5_ATCCATTTCACAAGGG,Mono,CD16 Mono,CD16+ Monocytes,CD16 Mono,1.0,hao_stateful_gemini_run05
L4_GATTCGAGTAGTCTGT,CD8 T,CD8 Naive,CD4+ T cells,CD4 T cell (subtype unclear),0.0,hao_stateful_gemini_run05
E2L2_TATCTGTCACCGTGGT,CD4 T,Treg,CD4+ T cells,CD4 T cell (subtype unclear),0.5,hao_stateful_gemini_run05
E2L6_AGGGTTTCACAGGATG,NK,NK,CD8+ T cells,CD8 T cell (subtype unclear),0.0,hao_stateful_gemini_run05
L5_TCTTAGTCATATCTGG,other T,MAIT,CD8+ T cells,CD8 T cell (subtype unclear),0.0,hao_stateful_gemini_run05
E2L5_CAGATACAGCCTGAGA,CD4 T,CD4 Naive,CD4+ T cells,CD4 T cell (subtype unclear),0.5,hao_stateful_gemini_run05
E2L5_CAACAGTTCGGACTGC,NK,NK Proliferating,Proliferating cells,Proliferating lymphocyte (lineage unclear),0.5,hao_stateful_gemini_run05
E2L8_GGCGTCAGTACCTTCC,CD8 T,CD8 TEM,CD8+ T cells,CD8 T cell (subtype unclear),0.5,hao_stateful_gemini_run05
L2_AACAACCGTAGACGTG,other,ILC,CD4+ T cells,CD4 T cell (subtype unclear),0.0,hao_stateful_gemini_run05
L3_GCACGGTGTCGACTGC,CD4 T,CD4 TCM,CD4+ T cells,CD4 T cell (subtype unclear),0.5,hao_stateful_gemini_run05
E2L5_AGGTCTATCAGTGTGT,DC,cDC2,CD14+ Monocytes,CD14 Mono,0.0,hao_stateful_gemini_run05
E2L4_CTGCCTAGTACCTAGT,other,Platelet,Platelets,Platelet,1.0,hao_stateful_gemini_run05
L2_GAGCTGCGTCGAGCAA,CD4 T,CD4 CTL,CD8+ T cells,CD8 T cell (subtype unclear),0.0,hao_stateful_gemini_run05
L5_ATCATTCAGAAGGGAT,CD8 T,CD8 Naive,CD4+ T cells,CD4 T cell (subtype unclear),0.0,hao_stateful_gemini_run05
E2L8_TAAGCCACACACCTGG,DC,pDC,Plasmacytoid Dendritic cells,pDC,1.0,hao_stateful_gemini_run05
E2L4_TAACGACCAAGCTCTA,other,ILC,NK cells,NK,0.0,hao_stateful_gemini_run05
E2L8_TCATTGTTCGTTGCCT,other,ILC,NK cells,NK,0.0,hao_stateful_gemini_run05
E2L7_CTACCTGAGTCGCGAA,Mono,CD16 Mono,CD16+ Monocytes,CD16 Mono,1.0,hao_stateful_gemini_run05
E2L2_TAGGGTTAGCACTAAA,Mono,CD14 Mono,CD16+ Monocytes,CD16 Mono,0.5,hao_stateful_gemini_run05
L2_TGGTACAGTGTATCCA,other,HSPC,HSPC,HSPC,1.0,hao_stateful_gemini_run05
L4_GGAACCCAGCTCCACG,NK,NK_CD56bright,NK cells,NK,0.5,hao_stateful_gemini_run05
E2L6_CTCGAGGTCTAAGCCA,Mono,CD16 Mono,CD16+ Monocytes,CD16 Mono,1.0,hao_stateful_gemini_run05
L5_TCGCTTGTCTTACCGC,DC,cDC2,CD14+ Monocytes,CD14 Mono,0.0,hao_stateful_gemini_run05
L3_CGTAATGAGTACTGTC,NK,NK_CD56bright,NK cells,NK,0.5,hao_stateful_gemini_run05
E2L4_TTGGTTTAGTATGGAT,DC,cDC1,Conventional Dendritic cells,Dendritic cell (subtype unclear),0.5,hao_stateful_gemini_run05
E2L3_AGGTCATAGCATCAAA,CD8 T,CD8 Naive,CD4+ T cells,CD4 T cell (subtype unclear),0.0,hao_stateful_gemini_run05
L4_TCTGGCTCATAATGCC,CD8 T,CD8 Naive,CD4+ T cells,CD4 T cell (subtype unclear),0.0,hao_stateful_gemini_run05
E2L1_TGACGCGTCCACACAA,CD8 T,CD8 TEM,CD8+ T cells,CD8 T cell (subtype unclear),0.5,hao_stateful_gemini_run05
E2L3_CTCTCGAGTCCTTAAG,CD4 T,CD4 CTL,CD8+ T cells,CD8 T cell (subtype unclear),0.0,hao_stateful_gemini_run05
E2L6_CCGTAGGAGGCAGGGA,other T,MAIT,CD8+ T cells,CD8 T cell (subtype unclear),0.0,hao_stateful_gemini_run05
E2L2_AAAGTGAGTCTGTGAT,NK,NK Proliferating,Proliferating cells,Proliferating lymphocyte (lineage unclear),0.5,hao_stateful_gemini_run05
L1_GATCACATCAAGGAGC,CD4 T,Treg,CD4+ T cells,CD4 T cell (subtype unclear),0.5,hao_stateful_gemini_run05
E2L3_GAGTTACTCACATCAG,B,Plasmablast,Plasma cells,Plasmablast,1.0,hao_stateful_gemini_run05
E2L4_ATGCCTCGTTCGGCGT,other T,gdT,CD8+ T cells,CD8 T cell (subtype unclear),0.0,hao_stateful_gemini_run05
E2L8_GTACAGTGTAGCACAG,NK,NK Proliferating,Proliferating cells,Proliferating lymphocyte (lineage unclear),0.5,hao_stateful_gemini_run05
E2L8_ACTGTCCAGCTATCTG,other T,gdT,CD8+ T cells,CD8 T cell (subtype unclear),0.0,hao_stateful_gemini_run05
L5_AGGATCTAGATCACTC,CD4 T,CD4 Proliferating,Proliferating cells,Proliferating lymphocyte (lineage unclear),0.5,hao_stateful_gemini_run05
L1_GGGATCCTCCCTCTCC,CD4 T,Treg,CD4+ T cells,CD4 T cell (subtype unclear),0.5,hao_stateful_gemini_run05
E2L3_AGGATAAAGCGACTGA,DC,pDC,Plasmacytoid Dendritic cells,pDC,1.0,hao_stateful_gemini_run05
E2L4_GGAATCTGTCGTCTCT,other,Platelet,Platelets,Platelet,1.0,hao_stateful_gemini_run05
L5_CACAACATCGTGCGAC,DC,cDC1,Conventional Dendritic cells,Dendritic cell (subtype unclear),0.5,hao_stateful_gemini_run05
L5_CTACCCAAGCGTGCTC,B,B naive,B cells,B cell (subtype unclear),0.5,hao_stateful_gemini_run05
E2L5_GTTTACTTCTCACTCG,DC,cDC2,CD14+ Monocytes,CD14 Mono,0.0,hao_stateful_gemini_run05
E2L7_ACCCTTGGTGCTTCAA,CD8 T,CD8 Proliferating,Proliferating cells,Proliferating lymphocyte (lineage unclear),0.5,hao_stateful_gemini_run05
L1_CGTTAGATCTGGTGGC,CD8 T,CD8 Naive,CD4+ T cells,CD4 T cell (subtype unclear),0.0,hao_stateful_gemini_run05
E2L4_CGTCCATCATCCGGTG,other T,gdT,CD8+ T cells,CD8 T cell (subtype unclear),0.0,hao_stateful_gemini_run05
E2L1_TCCGGGAAGTCATGCT,B,Plasmablast,Plasma cells,Plasmablast,1.0,hao_stateful_gemini_run05
E2L4_TGAGACTAGAATTTGG,B,B naive,B cells,B cell (subtype unclear),0.5,hao_stateful_gemini_run05
E2L1_ATCTCTAAGCACACCC,other,ILC,NK cells,NK,0.0,hao_stateful_gemini_run05
L2_TGTTTGTTCACTTCTA,other T,gdT,CD8+ T cells,CD8 T cell (subtype unclear),0.0,hao_stateful_gemini_run05
E2L7_AGCTCAACACACAGAG,other T,MAIT,CD8+ T cells,CD8 T cell (subtype unclear),0.0,hao_stateful_gemini_run05
L5_CTCCGATGTAGAGTTA,other,Eryth,Erythrocytes,Eryth,1.0,hao_stateful_gemini_run05
L5_GCTGAATCATGATGCT,CD4 T,CD4 TEM,CD4+ T cells,CD4 T cell (subtype unclear),0.5,hao_stateful_gemini_run05
E2L2_CAGGCCATCTATTTCG,CD4 T,CD4 TEM,CD4+ T cells,CD4 T cell (subtype unclear),0.5,hao_stateful_gemini_run05
E2L3_GTGCACGCAGTTTCAG,CD8 T,CD8 TEM,CD8+ T cells,CD8 T cell (subtype unclear),0.5,hao_stateful_gemini_run05
E2L7_TCATTCAAGGACGGAG,CD4 T,Treg,CD4+ T cells,CD4 T cell (subtype unclear),0.5,hao_stateful_gemini_run05
E2L2_TGAGGTTAGTGTTGTC,Mono,CD14 Mono,CD16+ Monocytes,CD16 Mono,0.5,hao_stateful_gemini_run05
E2L3_GTAGCTACATCAGTCA,CD8 T,CD8 Proliferating,Proliferating cells,Proliferating lymphocyte (lineage unclear),0.5,hao_stateful_gemini_run05
L1_AGGAAATTCCACGTCT,CD8 T,CD8 TCM,CD4+ T cells,CD4 T cell (subtype unclear),0.0,hao_stateful_gemini_run05
L3_AATCGACTCCGATAAC,CD4 T,Treg,CD4+ T cells,CD4 T cell (subtype unclear),0.5,hao_stateful_gemini_run05
E2L3_CTTCTAACACAATTCG,NK,NK Proliferating,Proliferating cells,Proliferating lymphocyte (lineage unclear),0.5,hao_stateful_gemini_run05
L3_CATAAGCAGAGGGTGG,CD4 T,CD4 Naive,CD4+ T cells,CD4 T cell (subtype unclear),0.5,hao_stateful_gemini_run05
L1_TCATCCGAGTATCTGC,CD8 T,CD8 Naive,CD4+ T cells,CD4 T cell (subtype unclear),0.0,hao_stateful_gemini_run05
E2L7_CACGTGGTCTCTGGTC,other,Platelet,Platelets,Platelet,1.0,hao_stateful_gemini_run05
E2L1_TCTCACGTCATTTACC,NK,NK,CD8+ T cells,CD8 T cell (subtype unclear),0.0,hao_stateful_gemini_run05
L2_CCTATCGGTATCTCTT,other,Eryth,Erythrocytes,Eryth,1.0,hao_stateful_gemini_run05
E2L1_CGTGATAAGGATTCCT,B,B memory,B cells,B cell (subtype unclear),0.5,hao_stateful_gemini_run05
L4_TAAGCACAGGCAGGGA,B,B naive,B cells,B cell (subtype unclear),0.5,hao_stateful_gemini_run05
L5_CACTGAAGTTCGTTCC,B,B naive,B cells,B cell (subtype unclear),0.5,hao_stateful_gemini_run05
E2L3_TTTGACTCAAGAGGCT,DC,cDC1,Conventional Dendritic cells,Dendritic cell (subtype unclear),0.5,hao_stateful_gemini_run05
L3_TCAATCTTCGTGGCGT,other,HSPC,HSPC,HSPC,1.0,hao_stateful_gemini_run05
E2L2_GCATCGGCAGGGTCTC,B,B naive,B cells,B cell (subtype unclear),0.5,hao_stateful_gemini_run05
L5_AGGGTCCCAGACGGAT,CD4 T,Treg,CD4+ T cells,CD4 T cell (subtype unclear),0.5,hao_stateful_gemini_run05
L2_CCAATGATCATCGCTC,Mono,CD16 Mono,CD16+ Monocytes,CD16 Mono,1.0,hao_stateful_gemini_run05
L5_TCGATTTCAAATTAGG,B,Plasmablast,Plasma cells,Plasmablast,1.0,hao_stateful_gemini_run05
E2L4_TAAGCCACAAGAGATT,B,B intermediate,B cells,B cell (subtype unclear),0.5,hao_stateful_gemini_run05
L5_TGTAACGAGATGGGCT,other T,dnT,Memory/Effector T cells,T cell (CD4/CD8/other unclear),0.5,hao_stateful_gemini_run05
E2L6_GCGATCGCAATACGCT,NK,NK,CD8+ T cells,CD8 T cell (subtype unclear),0.0,hao_stateful_gemini_run05
L4_CTACCCACAGAGAGGG,CD4 T,CD4 CTL,CD8+ T cells,CD8 T cell (subtype unclear),0.0,hao_stateful_gemini_run05
E2L3_TCGGTCTGTCGCTCGA,NK,NK Proliferating,Proliferating cells,Proliferating lymphocyte (lineage unclear),0.5,hao_stateful_gemini_run05
L4_ATGGGAGCATCTGGGC,CD4 T,CD4 Naive,CD4+ T cells,CD4 T cell (subtype unclear),0.5,hao_stateful_gemini_run05
L4_AGTCACAGTGTTCGAT,NK,NK Proliferating,Proliferating cells,Proliferating lymphocyte (lineage unclear),0.5,hao_stateful_gemini_run05
L4_ACTGATGGTAAGATCA,B,B naive,B cells,B cell (subtype unclear),0.5,hao_stateful_gemini_run05
L1_TGTAGACGTAGTGCGA,CD8 T,CD8 Naive,CD4+ T cells,CD4 T cell (subtype unclear),0.0,hao_stateful_gemini_run05
E2L8_AGGTGTTCAACTACGT,CD8 T,CD8 TCM,CD4+ T cells,CD4 T cell (subtype unclear),0.0,hao_stateful_gemini_run05
E2L2_ATGAGTCTCTTCGACC,Mono,CD14 Mono,CD16+ Monocytes,CD16 Mono,0.5,hao_stateful_gemini_run05
E2L8_CTGTAGACAGATAAAC,CD8 T,CD8 TCM,CD4+ T cells,CD4 T cell (subtype unclear),0.0,hao_stateful_gemini_run05
E2L2_GGGTCTGAGAATCGCG,CD4 T,CD4 CTL,CD8+ T cells,CD8 T cell (subtype unclear),0.0,hao_stateful_gemini_run05
E2L6_GGTCTGGAGTAGTCTC,CD4 T,CD4 Naive,CD4+ T cells,CD4 T cell (subtype unclear),0.5,hao_stateful_gemini_run05
E2L4_AGCTCAATCTGTCGTC,CD4 T,CD4 TCM,CD4+ T cells,CD4 T cell (subtype unclear),0.5,hao_stateful_gemini_run05
E2L2_AGAGAATTCATGGATC,B,B memory,B cells,B cell (subtype unclear),0.5,hao_stateful_gemini_run05
E2L7_CTCAACCAGCCATGCC,NK,NK Proliferating,Proliferating cells,Proliferating lymphocyte (lineage unclear),0.5,hao_stateful_gemini_run05
E2L3_CTCGAGGTCGCTAAAC,CD4 T,CD4 CTL,CD8+ T cells,CD8 T cell (subtype unclear),0.0,hao_stateful_gemini_run05
E2L5_GAGGCAAGTACTCGCG,other,Platelet,Platelets,Platelet,1.0,hao_stateful_gemini_run05
L5_ACACAGTTCACGGTCG,CD8 T,CD8 TEM,CD8+ T cells,CD8 T cell (subtype unclear),0.5,hao_stateful_gemini_run05
L3_CTCCGATCAGGACGAT,other,Eryth,Erythrocytes,Eryth,1.0,hao_stateful_gemini_run05
E2L5_TGCTTCGCACAACGTT,CD4 T,CD4 CTL,CD8+ T cells,CD8 T cell (subtype unclear),0.0,hao_stateful_gemini_run05
L3_ATCGTGAAGTCAAGCG,other,HSPC,HSPC,HSPC,1.0,hao_stateful_gemini_run05
E2L4_ATTCGTTGTGGACTAG,other,Platelet,Platelets,Platelet,1.0,hao_stateful_gemini_run05
E2L7_AGGGTCCGTCACTTAG,CD8 T,CD8 Naive,CD4+ T cells,CD4 T cell (subtype unclear),0.0,hao_stateful_gemini_run05
E2L2_GTTGAACCACCGTACG,NK,NK_CD56bright,NK cells,NK,0.5,hao_stateful_gemini_run05
E2L4_AGTAACCAGAGTCTTC,B,B memory,B cells,B cell (subtype unclear),0.5,hao_stateful_gemini_run05
L2_TACTGCCTCATAGACC,DC,cDC2,CD14+ Monocytes,CD14 Mono,0.0,hao_stateful_gemini_run05
L3_TGTCCACTCTGGGCCA,B,Plasmablast,Plasma cells,Plasmablast,1.0,hao_stateful_gemini_run05
E2L7_CACTGAATCCATAAGC,CD4 T,Treg,CD4+ T cells,CD4 T cell (subtype unclear),0.5,hao_stateful_gemini_run05
L4_TGTTTGTCAGTCAACT,B,B memory,B cells,B cell (subtype unclear),0.5,hao_stateful_gemini_run05
E2L5_TACTTGTCATGGGATG,Mono,CD14 Mono,CD16+ Monocytes,CD16 Mono,0.5,hao_stateful_gemini_run05
E2L6_ATTCGTTAGAACTCCT,B,Plasmablast,Plasma cells,Plasmablast,1.0,hao_stateful_gemini_run05
L2_GCAGGCTTCAGCCTCT,CD4 T,CD4 TCM,CD4+ T cells,CD4 T cell (subtype unclear),0.5,hao_stateful_gemini_run05
L4_TCGATTTCATGACACT,CD4 T,CD4 Naive,CD4+ T cells,CD4 T cell (subtype unclear),0.5,hao_stateful_gemini_run05
E2L2_GTCTGTCAGTTACGAA,CD4 T,CD4 TCM,CD4+ T cells,CD4 T cell (subtype unclear),0.5,hao_stateful_gemini_run05
E2L7_CACACAACACTGGATT,DC,pDC,Plasmacytoid Dendritic cells,pDC,1.0,hao_stateful_gemini_run05
E2L7_TTTCACATCGCCTTTG,NK,NK_CD56bright,NK cells,NK,0.5,hao_stateful_gemini_run05
L5_AGGTTGTCATGCACTA,CD4 T,Treg,CD4+ T cells,CD4 T cell (subtype unclear),0.5,hao_stateful_gemini_run05
E2L2_GGAACCCGTTCTCCCA,NK,NK_CD56bright,NK cells,NK,0.5,hao_stateful_gemini_run05
L1_ACTTATCTCGCCTTTG,other,Platelet,Platelets,Platelet,1.0,hao_stateful_gemini_run05
E2L3_CGTTGGGCAGCGTTGC,B,Plasmablast,Plasma cells,Plasmablast,1.0,hao_stateful_gemini_run05
L1_TCGGATAAGGCTTAAA,NK,NK Proliferating,Proliferating cells,Proliferating lymphocyte (lineage unclear),0.5,hao_stateful_gemini_run05
E2L6_TTGTTCAGTTATGTCG,other,Platelet,Platelets,Platelet,1.0,hao_stateful_gemini_run05
E2L3_GTAACACAGGGAACAA,CD4 T,CD4 Naive,CD4+ T cells,CD4 T cell (subtype unclear),0.5,hao_stateful_gemini_run05
L2_GTTGTGAAGCATATGA,other T,dnT,CD4+ T cells,CD4 T cell (subtype unclear),0.0,hao_stateful_gemini_run05
E2L5_TTCATGTTCCGAGTGC,Mono,CD16 Mono,CD16+ Monocytes,CD16 Mono,1.0,hao_stateful_gemini_run05
L4_ATAGAGACAGGAGGAG,CD8 T,CD8 TEM,CD8+ T cells,CD8 T cell (subtype unclear),0.5,hao_stateful_gemini_run05
L1_ATTTCACTCACAAGGG,NK,NK Proliferating,Proliferating cells,Proliferating lymphocyte (lineage unclear),0.5,hao_stateful_gemini_run05
E2L7_GCCCGAACACAGTATC,NK,NK,CD8+ T cells,CD8 T cell (subtype unclear),0.0,hao_stateful_gemini_run05
L4_TTGACCCCAAGTTTGC,B,Plasmablast,Plasma cells,Plasmablast,1.0,hao_stateful_gemini_run05
L1_CAGCCAGGTTGTGTTG,CD8 T,CD8 Naive,CD4+ T cells,CD4 T cell (subtype unclear),0.0,hao_stateful_gemini_run05
E2L6_ACACCAATCTCAGTCC,DC,pDC,Plasmacytoid Dendritic cells,pDC,1.0,hao_stateful_gemini_run05
L4_CCGAACGAGTCATTGC,B,Plasmablast,Plasma cells,Plasmablast,1.0,hao_stateful_gemini_run05
L5_CTCCAACGTTATCTGG,CD4 T,CD4 TEM,CD4+ T cells,CD4 T cell (subtype unclear),0.5,hao_stateful_gemini_run05
L1_GTTACCCTCAGGACGA,DC,cDC2,CD14+ Monocytes,CD14 Mono,0.0,hao_stateful_gemini_run05
E2L1_GCAGTTACAAGGCAAC,B,B memory,B cells,B cell (subtype unclear),0.5,hao_stateful_gemini_run05
L3_ATCACAGCATTGAGCT,NK,NK Proliferating,Proliferating cells,Proliferating lymphocyte (lineage unclear),0.5,hao_stateful_gemini_run05
L4_CACATGAAGACATCAA,other,HSPC,HSPC,HSPC,1.0,hao_stateful_gemini_run05
E2L8_TAGTGCAAGCGTACAG,other,Platelet,Platelets,Platelet,1.0,hao_stateful_gemini_run05
E2L6_TCGGGTGTCCATATGG,CD8 T,CD8 TEM,CD8+ T cells,CD8 T cell (subtype unclear),0.5,hao_stateful_gemini_run05
E2L8_TTTACCAAGTTTCAGC,NK,NK,CD8+ T cells,CD8 T cell (subtype unclear),0.0,hao_stateful_gemini_run05
E2L3_GGAGAACTCTGAGATC,B,B memory,B cells,B cell (subtype unclear),0.5,hao_stateful_gemini_run05
E2L3_TGCGACGGTCTTCCGT,other T,dnT,Memory/Effector T cells,T cell (CD4/CD8/other unclear),0.5,hao_stateful_gemini_run05
E2L4_TATGTTCCATTCCTAT,B,B memory,B cells,B cell (subtype unclear),0.5,hao_stateful_gemini_run05
E2L4_ACGATCAAGGCAGTCA,other T,MAIT,CD8+ T cells,CD8 T cell (subtype unclear),0.0,hao_stateful_gemini_run05
L2_GTTTACTGTCTCGGAC,CD4 T,CD4 CTL,CD8+ T cells,CD8 T cell (subtype unclear),0.0,hao_stateful_gemini_run05
E2L1_CGCGTGAGTCTCAGAT,B,B naive,B cells,B cell (subtype unclear),0.5,hao_stateful_gemini_run05
L1_GTGAGGAAGGAATCGC,NK,NK_CD56bright,NK cells,NK,0.5,hao_stateful_gemini_run05
E2L6_TGAGTCACACGTCATA,B,B intermediate,B cells,B cell (subtype unclear),0.5,hao_stateful_gemini_run05
E2L3_GCCCGAACAGGCCCTA,CD4 T,CD4 TEM,CD4+ T cells,CD4 T cell (subtype unclear),0.5,hao_stateful_gemini_run05
L3_CGTGTCTTCGGTCATA,other T,MAIT,CD8+ T cells,CD8 T cell (subtype unclear),0.0,hao_stateful_gemini_run05
L2_AGTAGTCAGTGCCCGT,other T,dnT,Memory/Effector T cells,T cell (CD4/CD8/other unclear),0.5,hao_stateful_gemini_run05
E2L5_CCTCTCCGTACAGTCT,Mono,CD14 Mono,CD14+ Monocytes,CD14 Mono,1.0,hao_stateful_gemini_run05
E2L2_CACTTCGGTTGCCGAC,DC,cDC1,Conventional Dendritic cells,Dendritic cell (subtype unclear),0.5,hao_stateful_gemini_run05
L3_CGTGAATAGTGGTGAC,NK,NK,CD8+ T cells,CD8 T cell (subtype unclear),0.0,hao_stateful_gemini_run05
E2L2_CTAACTTGTTGTGCAT,other,Platelet,Platelets,Platelet,1.0,hao_stateful_gemini_run05
L1_AGCGCTGTCTAGTGTG,NK,NK Proliferating,Proliferating cells,Proliferating lymphocyte (lineage unclear),0.5,hao_stateful_gemini_run05
E2L3_CAATGACAGGCATTTC,NK,NK Proliferating,Proliferating cells,Proliferating lymphocyte (lineage unclear),0.5,hao_stateful_gemini_run05
L3_ACATCGAAGCATATGA,NK,NK,CD8+ T cells,CD8 T cell (subtype unclear),0.0,hao_stateful_gemini_run05
L1_TTCCGGTTCAAGAGTA,other T,gdT,CD8+ T cells,CD8 T cell (subtype unclear),0.0,hao_stateful_gemini_run05
L4_CAGTTAGAGCGCCATC,CD4 T,CD4 TCM,CD4+ T cells,CD4 T cell (subtype unclear),0.5,hao_stateful_gemini_run05
L3_CTGGACGAGGTTGAGC,CD4 T,Treg,CD4+ T cells,CD4 T cell (subtype unclear),0.5,hao_stateful_gemini_run05
L3_CACGGGTCAGCTGAGA,CD4 T,CD4 Naive,CD4+ T cells,CD4 T cell (subtype unclear),0.5,hao_stateful_gemini_run05
E2L1_GTCGCGAAGTAATTGG,B,Plasmablast,Plasma cells,Plasmablast,1.0,hao_stateful_gemini_run05
E2L8_TGGTACACAAGCCTGC,NK,NK Proliferating,Proliferating cells,Proliferating lymphocyte (lineage unclear),0.5,hao_stateful_gemini_run05
E2L1_CCACGTTCATTACTCT,Mono,CD16 Mono,CD16+ Monocytes,CD16 Mono,1.0,hao_stateful_gemini_run05
E2L8_ACGGAAGTCCGTGTAA,CD4 T,CD4 CTL,CD8+ T cells,CD8 T cell (subtype unclear),0.0,hao_stateful_gemini_run05
L2_TCAAGTGCATGCGGTC,CD8 T,CD8 TEM,CD8+ T cells,CD8 T cell (subtype unclear),0.5,hao_stateful_gemini_run05
E2L5_GCTGCAGTCTTACCGC,other,Eryth,Erythrocytes,Eryth,1.0,hao_stateful_gemini_run05
E2L2_ATTCTTGGTTTACTTC,CD4 T,CD4 Proliferating,CD16+ Monocytes,CD16 Mono,0.0,hao_stateful_gemini_run05
L1_AGGAGGTAGGGCCTCT,B,B intermediate,B cells,B cell (subtype unclear),0.5,hao_stateful_gemini_run05
E2L5_GTCTACCAGTGGTGAC,CD4 T,CD4 Naive,CD4+ T cells,CD4 T cell (subtype unclear),0.5,hao_stateful_gemini_run05
L1_CTGCCTACAAGCGATG,DC,pDC,Plasmacytoid Dendritic cells,pDC,1.0,hao_stateful_gemini_run05
L4_TTGTGGACACGCGTCA,CD4 T,Treg,CD4+ T cells,CD4 T cell (subtype unclear),0.5,hao_stateful_gemini_run05
E2L3_TTGGGATGTCATAGTC,other T,MAIT,CD8+ T cells,CD8 T cell (subtype unclear),0.0,hao_stateful_gemini_run05
L4_TGAGCATGTATGGAGC,CD4 T,Treg,CD4+ T cells,CD4 T cell (subtype unclear),0.5,hao_stateful_gemini_run05
E2L5_TCGGGCAAGCGACTAG,B,B naive,B cells,B cell (subtype unclear),0.5,hao_stateful_gemini_run05
E2L3_TAGGTTGCACATGGTT,other,Platelet,Platelets,Platelet,1.0,hao_stateful_gemini_run05
E2L5_GGGTCACCAGCAGACA,DC,pDC,Plasmacytoid Dendritic cells,pDC,1.0,hao_stateful_gemini_run05
E2L7_CCTTTGGGTCACCGAC,CD4 T,CD4 Naive,CD4+ T cells,CD4 T cell (subtype unclear),0.5,hao_stateful_gemini_run05
E2L6_AAACGCTCAAATGATG,Mono,CD16 Mono,CD16+ Monocytes,CD16 Mono,1.0,hao_stateful_gemini_run05
E2L8_CCCTCTCAGTGGCCTC,NK,NK,CD8+ T cells,CD8 T cell (subtype unclear),0.0,hao_stateful_gemini_run05
E2L2_AGGACTTAGCGCCTTG,B,B memory,B cells,B cell (subtype unclear),0.5,hao_stateful_gemini_run05
E2L2_AGGTTACAGGGTCACA,NK,NK,CD8+ T cells,CD8 T cell (subtype unclear),0.0,hao_stateful_gemini_run05
E2L4_TCATTGTGTCCTTTGC,CD4 T,CD4 TCM,CD4+ T cells,CD4 T cell (subtype unclear),0.5,hao_stateful_gemini_run05
L1_CCCAACTTCATTGAGC,other T,gdT,CD8+ T cells,CD8 T cell (subtype unclear),0.0,hao_stateful_gemini_run05
E2L1_TATCGCCGTGATGAAT,CD4 T,CD4 TCM,CD4+ T cells,CD4 T cell (subtype unclear),0.5,hao_stateful_gemini_run05
E2L3_AATGGAAGTCGAGATG,CD8 T,CD8 Proliferating,Proliferating cells,Proliferating lymphocyte (lineage unclear),0.5,hao_stateful_gemini_run05
E2L6_ACATGCACACTCTAGA,B,B memory,B cells,B cell (subtype unclear),0.5,hao_stateful_gemini_run05
E2L1_CTTACCGTCATATGGC,CD4 T,CD4 Naive,CD4+ T cells,CD4 T cell (subtype unclear),0.5,hao_stateful_gemini_run05
E2L4_TCGTCCAAGCGATGGT,DC,cDC2,CD14+ Monocytes,CD14 Mono,0.0,hao_stateful_gemini_run05
E2L2_TCCACCAAGTGTTCCA,other T,dnT,Memory/Effector T cells,T cell (CD4/CD8/other unclear),0.5,hao_stateful_gemini_run05
E2L2_ACACCAACATGACAGG,other,Platelet,Platelets,Platelet,1.0,hao_stateful_gemini_run05
L1_TAGTGCAGTGTCCAAT,CD8 T,CD8 Naive,CD4+ T cells,CD4 T cell (subtype unclear),0.0,hao_stateful_gemini_run05
E2L8_ACTATCTAGAAACCCG,CD4 T,CD4 TCM,CD4+ T cells,CD4 T cell (subtype unclear),0.5,hao_stateful_gemini_run05
L4_TGACAGTGTGATAGAT,Mono,CD16 Mono,CD16+ Monocytes,CD16 Mono,1.0,hao_stateful_gemini_run05
L1_GCCAGGTGTCTTTCAT,CD8 T,CD8 TEM,CD8+ T cells,CD8 T cell (subtype unclear),0.5,hao_stateful_gemini_run05
E2L7_AAATGGACAAATCAGA,Mono,CD14 Mono,CD16+ Monocytes,CD16 Mono,0.5,hao_stateful_gemini_run05
L3_TCCACGTGTGGGAGAG,B,Plasmablast,Plasma cells,Plasmablast,1.0,hao_stateful_gemini_run05
E2L2_TGCACGGTCAGTCAGT,CD8 T,CD8 TCM,CD4+ T cells,CD4 T cell (subtype unclear),0.0,hao_stateful_gemini_run05
E2L4_GTTATGGCAAGAAACT,B,B intermediate,B cells,B cell (subtype unclear),0.5,hao_stateful_gemini_run05
L1_AGACCCGTCCGTATAG,CD4 T,CD4 TEM,CD4+ T cells,CD4 T cell (subtype unclear),0.5,hao_stateful_gemini_run05
L2_GTGGAAGGTGGATCAG,CD4 T,CD4 TEM,CD4+ T cells,CD4 T cell (subtype unclear),0.5,hao_stateful_gemini_run05
L2_TATTTCGGTGCAGTGA,B,B intermediate,B cells,B cell (subtype unclear),0.5,hao_stateful_gemini_run05
E2L7_CCGCAAGAGTAAGACT,CD4 T,CD4 Proliferating,Proliferating cells,Proliferating lymphocyte (lineage unclear),0.5,hao_stateful_gemini_run05
L3_TGGTGATTCTCATGCC,CD8 T,CD8 TCM,CD4+ T cells,CD4 T cell (subtype unclear),0.0,hao_stateful_gemini_run05
E2L6_TACAGGTTCCGCACTT,Mono,CD14 Mono,CD14+ Monocytes,CD14 Mono,1.0,hao_stateful_gemini_run05
L5_TGAGGAGGTTCTCGCT,NK,NK,CD8+ T cells,CD8 T cell (subtype unclear),0.0,hao_stateful_gemini_run05
L1_TTAGGCACATCGTGCG,DC,pDC,Plasmacytoid Dendritic cells,pDC,1.0,hao_stateful_gemini_run05
L4_TGCACGGTCCTACGGG,CD4 T,CD4 TEM,CD4+ T cells,CD4 T cell (subtype unclear),0.5,hao_stateful_gemini_run05
E2L5_CGCAGGTGTCTGCGCA,Mono,CD16 Mono,CD16+ Monocytes,CD16 Mono,1.0,hao_stateful_gemini_run05
L1_ACTATTCTCTAAGGAA,CD4 T,CD4 TEM,CD4+ T cells,CD4 T cell (subtype unclear),0.5,hao_stateful_gemini_run05
E2L8_ACATGCAGTCGAAACG,NK,NK_CD56bright,NK cells,NK,0.5,hao_stateful_gemini_run05
L1_CTGTATTGTATCCCAA,DC,cDC1,Conventional Dendritic cells,Dendritic cell (subtype unclear),0.5,hao_stateful_gemini_run05
L1_GTAGGTTAGGAAAGGT,other,ILC,CD4+ T cells,CD4 T cell (subtype unclear),0.0,hao_stateful_gemini_run05
L2_GGGCCATCATGGAGAC,CD4 T,CD4 CTL,CD8+ T cells,CD8 T cell (subtype unclear),0.0,hao_stateful_gemini_run05
E2L3_AGGGAGTAGGTCGCCT,NK,NK_CD56bright,NK cells,NK,0.5,hao_stateful_gemini_run05
L5_GGGTGAACATATTCGG,NK,NK,CD8+ T cells,CD8 T cell (subtype unclear),0.0,hao_stateful_gemini_run05
E2L7_TGATGGTTCACGGTCG,NK,NK_CD56bright,NK cells,NK,0.5,hao_stateful_gemini_run05
E2L6_TAAGTCGAGGGCAATC,NK,NK,CD8+ T cells,CD8 T cell (subtype unclear),0.0,hao_stateful_gemini_run05
E2L4_GGCTGTGAGCAGGTCA,B,B naive,B cells,B cell (subtype unclear),0.5,hao_stateful_gemini_run05
E2L6_TACGGGCTCACGACTA,Mono,CD14 Mono,CD16+ Monocytes,CD16 Mono,0.5,hao_stateful_gemini_run05
E2L4_CTACATTAGGGATCAC,CD8 T,CD8 Proliferating,Proliferating cells,Proliferating lymphocyte (lineage unclear),0.5,hao_stateful_gemini_run05
L1_GGGTCACCACCTGCTT,CD8 T,CD8 TCM,CD4+ T cells,CD4 T cell (subtype unclear),0.0,hao_stateful_gemini_run05
E2L6_AGTGATCCAGGTCAGA,Mono,CD16 Mono,CD16+ Monocytes,CD16 Mono,1.0,hao_stateful_gemini_run05
E2L7_GTCACGGCAGGGATAC,DC,pDC,Plasmacytoid Dendritic cells,pDC,1.0,hao_stateful_gemini_run05
E2L7_TCGATTTGTGCCTTCT,DC,cDC2,CD14+ Monocytes,CD14 Mono,0.0,hao_stateful_gemini_run05
L4_CACTGTCAGAGATGCC,CD8 T,CD8 Naive,CD4+ T cells,CD4 T cell (subtype unclear),0.0,hao_stateful_gemini_run05
E2L5_CACGTGGAGGAAAGGT,DC,cDC1,Conventional Dendritic cells,Dendritic cell (subtype unclear),0.5,hao_stateful_gemini_run05
L1_ACCAAACCAACTGGTT,CD8 T,CD8 TEM,CD8+ T cells,CD8 T cell (subtype unclear),0.5,hao_stateful_gemini_run05
L2_CCACGTTCAAGTATCC,CD8 T,CD8 TCM,CD4+ T cells,CD4 T cell (subtype unclear),0.0,hao_stateful_gemini_run05
E2L3_AGGAAATAGACATCAA,NK,NK,CD8+ T cells,CD8 T cell (subtype unclear),0.0,hao_stateful_gemini_run05
E2L1_GCCATTCCACCAACAT,CD4 T,CD4 Naive,CD4+ T cells,CD4 T cell (subtype unclear),0.5,hao_stateful_gemini_run05
L3_CCTGTTGGTTCTCCCA,B,Plasmablast,Plasma cells,Plasmablast,1.0,hao_stateful_gemini_run05
L3_TCGCACTGTAGTCCTA,CD4 T,CD4 TCM,CD4+ T cells,CD4 T cell (subtype unclear),0.5,hao_stateful_gemini_run05
L2_TGTCAGAGTGGGACAT,CD4 T,Treg,CD4+ T cells,CD4 T cell (subtype unclear),0.5,hao_stateful_gemini_run05
E2L4_ACTATTCTCCGCCTAT,DC,pDC,Plasmacytoid Dendritic cells,pDC,1.0,hao_stateful_gemini_run05
E2L2_TCCCATGAGGCCCACT,B,B naive,B cells,B cell (subtype unclear),0.5,hao_stateful_gemini_run05
L2_TACTTCAAGCTGTTAC,other,HSPC,HSPC,HSPC,1.0,hao_stateful_gemini_run05
E2L1_CCTCAGTGTCGTATTG,Mono,CD14 Mono,CD16+ Monocytes,CD16 Mono,0.5,hao_stateful_gemini_run05
L1_GTTTACTGTTTACCTT,Mono,CD16 Mono,CD16+ Monocytes,CD16 Mono,1.0,hao_stateful_gemini_run05
L3_CAAGAGGTCGACTCCT,DC,cDC2,CD14+ Monocytes,CD14 Mono,0.0,hao_stateful_gemini_run05
E2L3_TCGGTCTTCGCAGAGA,CD8 T,CD8 TCM,CD4+ T cells,CD4 T cell (subtype unclear),0.0,hao_stateful_gemini_run05
E2L8_GTAGAGGAGTCATGGG,B,B naive,B cells,B cell (subtype unclear),0.5,hao_stateful_gemini_run05
E2L5_ATTCATCCAGGCGAAT,DC,cDC1,Conventional Dendritic cells,Dendritic cell (subtype unclear),0.5,hao_stateful_gemini_run05
E2L2_TTACCGCGTTCTAACG,DC,cDC2,CD14+ Monocytes,CD14 Mono,0.0,hao_stateful_gemini_run05
L5_TCATGGACAGTAACCT,Mono,CD16 Mono,CD16+ Monocytes,CD16 Mono,1.0,hao_stateful_gemini_run05
L4_GATCACATCGCGTAGC,B,B naive,B cells,B cell (subtype unclear),0.5,hao_stateful_gemini_run05
E2L3_TTTGTTGAGGATACGC,NK,NK Proliferating,Proliferating cells,Proliferating lymphocyte (lineage unclear),0.5,hao_stateful_gemini_run05
L1_GCGATCGAGGCACTAG,B,Plasmablast,Plasma cells,Plasmablast,1.0,hao_stateful_gemini_run05
L1_TCACGCTAGCATCGAG,other,HSPC,HSPC,HSPC,1.0,hao_stateful_gemini_run05
E2L2_TTCCTCTTCGGACTGC,CD8 T,CD8 Naive,CD4+ T cells,CD4 T cell (subtype unclear),0.0,hao_stateful_gemini_run05
L4_TCGAAGTAGACCATTC,DC,cDC2,CD14+ Monocytes,CD14 Mono,0.0,hao_stateful_gemini_run05
E2L6_TGCTGAAGTTGCCGAC,CD4 T,CD4 TCM,CD4+ T cells,CD4 T cell (subtype unclear),0.5,hao_stateful_gemini_run05
E2L8_GGTAACTAGAGCCGTA,CD8 T,CD8 TCM,CD4+ T cells,CD4 T cell (subtype unclear),0.0,hao_stateful_gemini_run05
E2L5_GTCCTCACAAGCGGAT,other T,gdT,CD4+ T cells,CD4 T cell (subtype unclear),0.0,hao_stateful_gemini_run05
E2L6_GGAGATGTCTGCACCT,other T,MAIT,CD8+ T cells,CD8 T cell (subtype unclear),0.0,hao_stateful_gemini_run05
E2L5_AAGGAATTCTGAGCAT,DC,cDC1,Conventional Dendritic cells,Dendritic cell (subtype unclear),0.5,hao_stateful_gemini_run05
E2L8_GATGACTTCTAGTACG,Mono,CD14 Mono,CD16+ Monocytes,CD16 Mono,0.5,hao_stateful_gemini_run05
L5_GGGAGATAGTGGAAAG,other T,gdT,CD8+ T cells,CD8 T cell (subtype unclear),0.0,hao_stateful_gemini_run05
L1_AGAAGTACATGTCTAG,DC,pDC,Plasmacytoid Dendritic cells,pDC,1.0,hao_stateful_gemini_run05
L2_TGATTTCAGTGAGGCT,NK,NK,CD8+ T cells,CD8 T cell (subtype unclear),0.0,hao_stateful_gemini_run05
E2L5_AATTTCCAGGAACGTC,CD4 T,CD4 Naive,CD4+ T cells,CD4 T cell (subtype unclear),0.5,hao_stateful_gemini_run05
E2L6_GTGTGATTCGCTCCTA,other,ILC,NK cells,NK,0.0,hao_stateful_gemini_run05
E2L2_TGTCCACGTGAATATG,B,B memory,CD4+ T cells,CD4 T cell (subtype unclear),0.0,hao_stateful_gemini_run05
L5_TGAGGTTGTGTTGAGG,DC,cDC2,CD14+ Monocytes,CD14 Mono,0.0,hao_stateful_gemini_run05
E2L8_GCACATAAGTCATCCA,Mono,CD14 Mono,CD14+ Monocytes,CD14 Mono,1.0,hao_stateful_gemini_run05
L5_TCCTAATAGTAAGCAT,B,Plasmablast,Plasma cells,Plasmablast,1.0,hao_stateful_gemini_run05
L5_CTTACCGAGGAAGTCC,other T,dnT,Memory/Effector T cells,T cell (CD4/CD8/other unclear),0.5,hao_stateful_gemini_run05
E2L5_TCGATTTGTGTAACGG,other T,gdT,CD8+ T cells,CD8 T cell (subtype unclear),0.0,hao_stateful_gemini_run05
E2L7_CAACAGTAGTAAACAC,other,Platelet,Platelets,Platelet,1.0,hao_stateful_gemini_run05
E2L1_TAGAGTCTCCTTCGAC,NK,NK,CD8+ T cells,CD8 T cell (subtype unclear),0.0,hao_stateful_gemini_run05
L4_CTGTGGGCACAACATC,CD8 T,CD8 TCM,CD4+ T cells,CD4 T cell (subtype unclear),0.0,hao_stateful_gemini_run05
E2L1_CACAGGCCACGACTAT,DC,pDC,Plasmacytoid Dendritic cells,pDC,1.0,hao_stateful_gemini_run05
E2L7_TTACCATCAATGCTCA,NK,NK,CD8+ T cells,CD8 T cell (subtype unclear),0.0,hao_stateful_gemini_run05
L1_TCGACGGCACAGACGA,CD4 T,CD4 Naive,CD4+ T cells,CD4 T cell (subtype unclear),0.5,hao_stateful_gemini_run05
E2L7_GGTTGTATCCGATTAG,CD4 T,Treg,CD4+ T cells,CD4 T cell (subtype unclear),0.5,hao_stateful_gemini_run05
L3_AGCTTCCAGAAACCAT,CD4 T,Treg,CD4+ T cells,CD4 T cell (subtype unclear),0.5,hao_stateful_gemini_run05
E2L2_CTCCATGCATTACGGT,B,B intermediate,B cells,B cell (subtype unclear),0.5,hao_stateful_gemini_run05
E2L7_ACCAACATCCATATGG,B,Plasmablast,Plasma cells,Plasmablast,1.0,hao_stateful_gemini_run05
E2L7_GTCTCACAGACGCCAA,CD4 T,CD4 TEM,CD4+ T cells,CD4 T cell (subtype unclear),0.5,hao_stateful_gemini_run05
E2L3_CTCAGAATCGTTAGTG,CD4 T,Treg,CD4+ T cells,CD4 T cell (subtype unclear),0.5,hao_stateful_gemini_run05
E2L4_GGATCTATCTCGCAGG,B,B memory,B cells,B cell (subtype unclear),0.5,hao_stateful_gemini_run05
E2L5_GCACATAAGCGGGTAT,NK,NK_CD56bright,NK cells,NK,0.5,hao_stateful_gemini_run05
L5_GATGCTAAGAGTCACG,CD4 T,Treg,CD4+ T cells,CD4 T cell (subtype unclear),0.5,hao_stateful_gemini_run05
L4_CTCCCTCCAACTTCTT,other T,dnT,CD4+ T cells,CD4 T cell (subtype unclear),0.0,hao_stateful_gemini_run05
L4_CCTCTCCAGGTCATCT,CD4 T,CD4 Naive,CD4+ T cells,CD4 T cell (subtype unclear),0.5,hao_stateful_gemini_run05
E2L7_GAGGCAACAAATTGCC,B,Plasmablast,Plasma cells,Plasmablast,1.0,hao_stateful_gemini_run05
E2L4_GACGCTGTCAGCCCAG,other T,gdT,CD8+ T cells,CD8 T cell (subtype unclear),0.0,hao_stateful_gemini_run05
E2L5_TTCCTAACATATCTGG,Mono,CD16 Mono,CD16+ Monocytes,CD16 Mono,1.0,hao_stateful_gemini_run05
E2L6_ATAGAGAAGCCGTCGT,CD8 T,CD8 TCM,CD4+ T cells,CD4 T cell (subtype unclear),0.0,hao_stateful_gemini_run05
L1_TGCAGTACATCCGCGA,CD4 T,CD4 Proliferating,Proliferating cells,Proliferating lymphocyte (lineage unclear),0.5,hao_stateful_gemini_run05
E2L2_CAACAACTCGTCAGAT,DC,cDC2,CD14+ Monocytes,CD14 Mono,0.0,hao_stateful_gemini_run05
E2L1_CCTGTTGTCCGTGGTG,NK,NK_CD56bright,NK cells,NK,0.5,hao_stateful_gemini_run05
L4_GTGTAACGTGTCTTCC,DC,cDC1,Conventional Dendritic cells,Dendritic cell (subtype unclear),0.5,hao_stateful_gemini_run05
E2L6_TCGTGGGAGTTTAGGA,B,Plasmablast,Plasma cells,Plasmablast,1.0,hao_stateful_gemini_run05
L3_ACAACCAGTTTCCCAC,CD8 T,CD8 TEM,CD4+ T cells,CD4 T cell (subtype unclear),0.0,hao_stateful_gemini_run05
L3_TATCTTGAGGTTCAGG,DC,cDC2,CD14+ Monocytes,CD14 Mono,0.0,hao_stateful_gemini_run05
L5_CCGTTCAAGCATCAAA,NK,NK,CD8+ T cells,CD8 T cell (subtype unclear),0.0,hao_stateful_gemini_run05
L4_GAAGGGTTCCGTGTAA,CD4 T,CD4 TCM,CD4+ T cells,CD4 T cell (subtype unclear),0.5,hao_stateful_gemini_run05
E2L5_ATCCACCGTTCTCGTC,B,Plasmablast,Plasma cells,Plasmablast,1.0,hao_stateful_gemini_run05
E2L4_CGAAGTTGTCGGATTT,DC,ASDC,CD14+ Monocytes,CD14 Mono,0.0,hao_stateful_gemini_run05
E2L2_ACGGAAGAGACTCAAA,CD4 T,CD4 Naive,CD4+ T cells,CD4 T cell (subtype unclear),0.5,hao_stateful_gemini_run05
E2L2_ACTATTCGTCAGTCCG,B,B naive,B cells,B cell (subtype unclear),0.5,hao_stateful_gemini_run05
L5_AACCCAATCTAGACCA,B,Plasmablast,Plasma cells,Plasmablast,1.0,hao_stateful_gemini_run05
L2_TGACTCCTCGACTCCT,CD4 T,CD4 Naive,CD4+ T cells,CD4 T cell (subtype unclear),0.5,hao_stateful_gemini_run05
E2L4_TGCAGTAGTACCCAGC,B,B naive,B cells,B cell (subtype unclear),0.5,hao_stateful_gemini_run05
E2L4_CCGATGGAGGGATCTG,NK,NK_CD56bright,NK cells,NK,0.5,hao_stateful_gemini_run05
E2L8_TTACCATAGTCCCTAA,B,B memory,B cells,B cell (subtype unclear),0.5,hao_stateful_gemini_run05
E2L7_TGGTTAGAGCTAGAAT,DC,cDC1,Conventional Dendritic cells,Dendritic cell (subtype unclear),0.5,hao_stateful_gemini_run05
L2_GACCCTTGTGGAATGC,Mono,CD14 Mono,CD16+ Monocytes,CD16 Mono,0.5,hao_stateful_gemini_run05
L3_ACACGCGCACGACAGA,Mono,CD14 Mono,CD16+ Monocytes,CD16 Mono,0.5,hao_stateful_gemini_run05
L2_CCTGCATGTTCAGCGC,Mono,CD16 Mono,CD16+ Monocytes,CD16 Mono,1.0,hao_stateful_gemini_run05
L3_ATCACTTAGCCGAACA,CD4 T,CD4 TEM,CD8+ T cells,CD8 T cell (subtype unclear),0.0,hao_stateful_gemini_run05
L1_ACAACCATCAGATTGC,CD4 T,Treg,CD4+ T cells,CD4 T cell (subtype unclear),0.5,hao_stateful_gemini_run05
E2L6_TGTTCATAGTCCCTAA,Mono,CD16 Mono,CD16+ Monocytes,CD16 Mono,1.0,hao_stateful_gemini_run05
E2L4_CCAATGAGTTATCTTC,DC,cDC2,CD14+ Monocytes,CD14 Mono,0.0,hao_stateful_gemini_run05
L1_CTACATTGTATGCTAC,Mono,CD16 Mono,CD16+ Monocytes,CD16 Mono,1.0,hao_stateful_gemini_run05
L4_AACCTTTTCAGCACCG,B,B naive,B cells,B cell (subtype unclear),0.5,hao_stateful_gemini_run05
E2L7_CATGCGGGTAGCACAG,Mono,CD14 Mono,CD14+ Monocytes,CD14 Mono,1.0,hao_stateful_gemini_run05
L3_TCCTGCAAGGCCACCT,B,Plasmablast,Plasma cells,Plasmablast,1.0,hao_stateful_gemini_run05
L4_CGTGTCTCATTCACCC,B,B intermediate,B cells,B cell (subtype unclear),0.5,hao_stateful_gemini_run05
E2L3_GTTTACTAGGATACGC,B,B naive,B cells,B cell (subtype unclear),0.5,hao_stateful_gemini_run05
L2_CAAGACTTCTTCTGGC,CD8 T,CD8 Proliferating,Proliferating cells,Proliferating lymphocyte (lineage unclear),0.5,hao_stateful_gemini_run05
E2L7_GAAGCGACACTCCACT,CD4 T,Treg,CD4+ T cells,CD4 T cell (subtype unclear),0.5,hao_stateful_gemini_run05
L4_AAATGGAGTTCAATCG,CD4 T,CD4 TCM,CD4+ T cells,CD4 T cell (subtype unclear),0.5,hao_stateful_gemini_run05
E2L4_GATTCTTGTAACGGTG,DC,cDC2,CD14+ Monocytes,CD14 Mono,0.0,hao_stateful_gemini_run05
E2L8_TTGGGCGTCCGAAATC,CD4 T,CD4 TCM,CD4+ T cells,CD4 T cell (subtype unclear),0.5,hao_stateful_gemini_run05
L1_ATACCGAGTCGACTGC,Mono,CD16 Mono,CD16+ Monocytes,CD16 Mono,1.0,hao_stateful_gemini_run05
E2L3_AGAGAATCATACTGTG,other,Platelet,Platelets,Platelet,1.0,hao_stateful_gemini_run05
E2L8_CTCCCTCGTGCGACAA,NK,NK,CD8+ T cells,CD8 T cell (subtype unclear),0.0,hao_stateful_gemini_run05
L3_AGGAGGTCATGGCGCT,other T,gdT,CD8+ T cells,CD8 T cell (subtype unclear),0.0,hao_stateful_gemini_run05
L5_TCGCAGGCAAGCACCC,B,Plasmablast,Plasma cells,Plasmablast,1.0,hao_stateful_gemini_run05
E2L5_CCTCCAAGTAACACCT,Mono,CD14 Mono,CD16+ Monocytes,CD16 Mono,0.5,hao_stateful_gemini_run05
E2L6_CACCAAATCCTCTAAT,CD8 T,CD8 Naive,CD4+ T cells,CD4 T cell (subtype unclear),0.0,hao_stateful_gemini_run05
L2_GGAACCCAGGCAGGGA,other,Platelet,Platelets,Platelet,1.0,hao_stateful_gemini_run05
L5_AATGGAAAGTCATACC,Mono,CD16 Mono,CD16+ Monocytes,CD16 Mono,1.0,hao_stateful_gemini_run05
E2L3_CACGTTCTCTGCTGAA,other,ILC,NK cells,NK,0.0,hao_stateful_gemini_run05
L5_ATCGGATAGTAGCATA,NK,NK,CD8+ T cells,CD8 T cell (subtype unclear),0.0,hao_stateful_gemini_run05
E2L8_AGAGCAGAGTTGTCGT,other,Eryth,Erythrocytes,Eryth,1.0,hao_stateful_gemini_run05
E2L1_TACCTGCGTGAGCAGT,B,Plasmablast,Plasma cells,Plasmablast,1.0,hao_stateful_gemini_run05
E2L6_ATCGGATTCAGTCCGG,B,B intermediate,B cells,B cell (subtype unclear),0.5,hao_stateful_gemini_run05
E2L2_CCTACGTGTCAACACT,other T,gdT,CD4+ T cells,CD4 T cell (subtype unclear),0.0,hao_stateful_gemini_run05
E2L2_ATAGGCTTCCCTCATG,CD8 T,CD8 Proliferating,Proliferating cells,Proliferating lymphocyte (lineage unclear),0.5,hao_stateful_gemini_run05
E2L2_AATTCCTCACCTCTAC,other T,MAIT,CD8+ T cells,CD8 T cell (subtype unclear),0.0,hao_stateful_gemini_run05
E2L1_GGGAAGTCACAGCCAC,NK,NK Proliferating,Proliferating cells,Proliferating lymphocyte (lineage unclear),0.5,hao_stateful_gemini_run05
E2L4_CGAAGGACAGAACGCA,other T,MAIT,CD8+ T cells,CD8 T cell (subtype unclear),0.0,hao_stateful_gemini_run05
E2L1_TTCTGTAGTAGTCGGA,Mono,CD14 Mono,CD16+ Monocytes,CD16 Mono,0.5,hao_stateful_gemini_run05
L4_AGTACCACAAATGAAC,other T,MAIT,CD8+ T cells,CD8 T cell (subtype unclear),0.0,hao_stateful_gemini_run05
E2L1_TGGGAGATCAGCAATC,B,B naive,B cells,B cell (subtype unclear),0.5,hao_stateful_gemini_run05
L1_CGGAATTCACAACGAG,B,B naive,B cells,B cell (subtype unclear),0.5,hao_stateful_gemini_run05
L2_ATAGGCTTCGGCAGTC,B,B naive,B cells,B cell (subtype unclear),0.5,hao_stateful_gemini_run05
L2_GATGAGGCAGGCGAAT,CD8 T,CD8 Naive,CD4+ T cells,CD4 T cell (subtype unclear),0.0,hao_stateful_gemini_run05
E2L6_TCTCAGCGTCCAGAAG,DC,cDC2,CD14+ Monocytes,CD14 Mono,0.0,hao_stateful_gemini_run05
E2L3_CATGCAAGTACTGCGC,Mono,CD14 Mono,CD16+ Monocytes,CD16 Mono,0.5,hao_stateful_gemini_run05
L5_CCCTCAAGTACAAAGT,other,HSPC,HSPC,HSPC,1.0,hao_stateful_gemini_run05
E2L8_TTCCTCTTCCATCTGC,DC,pDC,Plasmacytoid Dendritic cells,pDC,1.0,hao_stateful_gemini_run05
E2L1_ATCACGACACGCGTCA,CD4 T,CD4 TEM,CD4+ T cells,CD4 T cell (subtype unclear),0.5,hao_stateful_gemini_run05
L3_AGTACTGCACCAGCTG,NK,NK Proliferating,Proliferating cells,Proliferating lymphocyte (lineage unclear),0.5,hao_stateful_gemini_run05
E2L3_GTCGTAATCATTTCCA,Mono,CD14 Mono,CD16+ Monocytes,CD16 Mono,0.5,hao_stateful_gemini_run05
E2L2_GGCTTTCCAAGTTTGC,other,Platelet,Platelets,Platelet,1.0,hao_stateful_gemini_run05
E2L3_GGCGTCAAGCACCAGA,CD8 T,CD8 TCM,CD4+ T cells,CD4 T cell (subtype unclear),0.0,hao_stateful_gemini_run05
E2L8_CACTGTCCATGTCTAG,other,HSPC,HSPC,HSPC,1.0,hao_stateful_gemini_run05
L1_GAACGTTTCTGGTGGC,Mono,CD14 Mono,CD16+ Monocytes,CD16 Mono,0.5,hao_stateful_gemini_run05
L3_AGCCACGCATTGACCA,CD8 T,CD8 TCM,CD4+ T cells,CD4 T cell (subtype unclear),0.0,hao_stateful_gemini_run05
L3_GCCGATGTCCCATTCG,CD4 T,Treg,CD4+ T cells,CD4 T cell (subtype unclear),0.5,hao_stateful_gemini_run05
L2_GTTTACTCAAATTGGA,NK,NK,CD8+ T cells,CD8 T cell (subtype unclear),0.0,hao_stateful_gemini_run05
L4_TATTTCGGTCCAGCAC,CD4 T,Treg,CD4+ T cells,CD4 T cell (subtype unclear),0.5,hao_stateful_gemini_run05
L2_TCGGATAAGTTCGGTT,CD4 T,Treg,CD4+ T cells,CD4 T cell (subtype unclear),0.5,hao_stateful_gemini_run05
E2L6_CGGGTCAAGAAGAGCA,CD4 T,CD4 Naive,CD4+ T cells,CD4 T cell (subtype unclear),0.5,hao_stateful_gemini_run05
L5_AAGCATCGTTACCTGA,CD4 T,CD4 TEM,CD8+ T cells,CD8 T cell (subtype unclear),0.0,hao_stateful_gemini_run05
E2L1_GCGTTTCAGTAGTCTC,B,B intermediate,B cells,B cell (subtype unclear),0.5,hao_stateful_gemini_run05
E2L6_TCATTGTAGCACCGAA,CD8 T,CD8 Proliferating,Proliferating cells,Proliferating lymphocyte (lineage unclear),0.5,hao_stateful_gemini_run05
L1_AACAGGGCATGCCATA,DC,ASDC,CD14+ Monocytes,CD14 Mono,0.0,hao_stateful_gemini_run05
E2L7_ACGGGTCGTACTCCCT,CD8 T,CD8 TEM,CD8+ T cells,CD8 T cell (subtype unclear),0.5,hao_stateful_gemini_run05
E2L6_GGTTAACCAGTGGCTC,NK,NK Proliferating,Proliferating cells,Proliferating lymphocyte (lineage unclear),0.5,hao_stateful_gemini_run05
E2L4_GTGAGTTAGGGATCAC,B,B memory,B cells,B cell (subtype unclear),0.5,hao_stateful_gemini_run05
L1_AGGGCTCAGGGCGAAG,DC,cDC1,Conventional Dendritic cells,Dendritic cell (subtype unclear),0.5,hao_stateful_gemini_run05
E2L7_AGGCATTGTGTACGCC,CD4 T,Treg,CD4+ T cells,CD4 T cell (subtype unclear),0.5,hao_stateful_gemini_run05
L2_CGCAGGTGTGGACTAG,NK,NK Proliferating,Proliferating cells,Proliferating lymphocyte (lineage unclear),0.5,hao_stateful_gemini_run05
E2L4_CAAGACTGTCTACGTA,B,B naive,B cells,B cell (subtype unclear),0.5,hao_stateful_gemini_run05
E2L6_TCAGCAATCAAGCTGT,B,B memory,B cells,B cell (subtype unclear),0.5,hao_stateful_gemini_run05
E2L4_GACTGATTCGCTGCGA,CD8 T,CD8 TEM,CD8+ T cells,CD8 T cell (subtype unclear),0.5,hao_stateful_gemini_run05
E2L2_CGTAATGGTCTACGTA,other,HSPC,HSPC,HSPC,1.0,hao_stateful_gemini_run05
L5_TTAATCCAGCCACAAG,other T,MAIT,CD8+ T cells,CD8 T cell (subtype unclear),0.0,hao_stateful_gemini_run05
E2L4_GATGACTAGGCCTGCT,Mono,CD16 Mono,CD16+ Monocytes,CD16 Mono,1.0,hao_stateful_gemini_run05
E2L4_CCTCCTCCACATGAAA,Mono,CD14 Mono,CD16+ Monocytes,CD16 Mono,0.5,hao_stateful_gemini_run05
L4_GACCAATGTGCTGATT,NK,NK,CD8+ T cells,CD8 T cell (subtype unclear),0.0,hao_stateful_gemini_run05
E2L6_ATCGATGGTTCCTAAG,DC,cDC2,CD14+ Monocytes,CD14 Mono,0.0,hao_stateful_gemini_run05
L2_CTGGTCTAGATAGCAT,CD4 T,CD4 TEM,CD4+ T cells,CD4 T cell (subtype unclear),0.5,hao_stateful_gemini_run05
E2L5_TGAGACTTCGGTAGGA,other,Platelet,Platelets,Platelet,1.0,hao_stateful_gemini_run05
L1_TATCGCCGTTGGGTTT,NK,NK_CD56bright,NK cells,NK,0.5,hao_stateful_gemini_run05
L5_GTCCTCAAGCCTTTGA,CD4 T,CD4 CTL,CD8+ T cells,CD8 T cell (subtype unclear),0.0,hao_stateful_gemini_run05
L1_TAGGAGGAGCTGTGCC,CD4 T,CD4 Naive,CD4+ T cells,CD4 T cell (subtype unclear),0.5,hao_stateful_gemini_run05
L2_ATGAGGGGTTCTGAGT,other T,dnT,CD4+ T cells,CD4 T cell (subtype unclear),0.0,hao_stateful_gemini_run05
E2L5_TCCCAGTCAGGCTCTG,Mono,CD14 Mono,CD14+ Monocytes,CD14 Mono,1.0,hao_stateful_gemini_run05
E2L2_CTCATCGCAGAGTCAG,other T,dnT,Memory/Effector T cells,T cell (CD4/CD8/other unclear),0.5,hao_stateful_gemini_run05
E2L3_TTGGATGGTCCCGCAA,NK,NK_CD56bright,NK cells,NK,0.5,hao_stateful_gemini_run05
E2L1_ATAGAGACACAGTCAT,other,Platelet,Platelets,Platelet,1.0,hao_stateful_gemini_run05
L4_AAGGTAAAGGACAGCT,Mono,CD16 Mono,CD16+ Monocytes,CD16 Mono,1.0,hao_stateful_gemini_run05
E2L3_CGCATAACAGTGGGTA,B,B memory,B cells,B cell (subtype unclear),0.5,hao_stateful_gemini_run05
E2L2_AGCGATTTCCTCACTG,NK,NK_CD56bright,NK cells,NK,0.5,hao_stateful_gemini_run05
E2L2_TGCCGAGTCGATCCCT,CD4 T,CD4 TEM,CD4+ T cells,CD4 T cell (subtype unclear),0.5,hao_stateful_gemini_run05
E2L7_GGGTAGACAGCGTACC,NK,NK,CD8+ T cells,CD8 T cell (subtype unclear),0.0,hao_stateful_gemini_run05
E2L7_TCATGGATCTATCCAT,CD4 T,CD4 TCM,CD4+ T cells,CD4 T cell (subtype unclear),0.5,hao_stateful_gemini_run05
E2L8_ATGGATCCATGGGTCC,CD4 T,CD4 CTL,CD8+ T cells,CD8 T cell (subtype unclear),0.0,hao_stateful_gemini_run05
L2_GGGCTCATCGTTATCT,other,Platelet,Platelets,Platelet,1.0,hao_stateful_gemini_run05
E2L1_GCACATATCCATTTGT,B,B intermediate,B cells,B cell (subtype unclear),0.5,hao_stateful_gemini_run05
L2_CTGTAGACACGACGCT,NK,NK,CD8+ T cells,CD8 T cell (subtype unclear),0.0,hao_stateful_gemini_run05
L1_TACCTGCTCCTGTAGA,CD8 T,CD8 TCM,CD4+ T cells,CD4 T cell (subtype unclear),0.0,hao_stateful_gemini_run05
L1_GGGTGAATCTCATGGA,other T,dnT,CD4+ T cells,CD4 T cell (subtype unclear),0.0,hao_stateful_gemini_run05
E2L8_CTGAGCGGTTTACGTG,other,ILC,CD4+ T cells,CD4 T cell (subtype unclear),0.0,hao_stateful_gemini_run05
E2L7_AGGGCCTCATGGATCT,B,B naive,B cells,B cell (subtype unclear),0.5,hao_stateful_gemini_run05
L4_ATGAAAGAGGTCTTTG,CD4 T,Treg,CD4+ T cells,CD4 T cell (subtype unclear),0.5,hao_stateful_gemini_run05
E2L6_CGCGTGACAATCACGT,DC,cDC2,CD14+ Monocytes,CD14 Mono,0.0,hao_stateful_gemini_run05
L5_CGAGTTACAGAGTGTG,CD4 T,CD4 TCM,CD4+ T cells,CD4 T cell (subtype unclear),0.5,hao_stateful_gemini_run05
E2L8_ATGGTTGCAAGCGCTC,CD4 T,CD4 Proliferating,Proliferating cells,Proliferating lymphocyte (lineage unclear),0.5,hao_stateful_gemini_run05
L3_CTCTCAGAGCTAAGTA,CD4 T,CD4 TEM,CD4+ T cells,CD4 T cell (subtype unclear),0.5,hao_stateful_gemini_run05
L4_GTAACCAGTTCCACGG,other,ILC,NK cells,NK,0.0,hao_stateful_gemini_run05
L3_TACCCGTCAGTGGCTC,other,HSPC,HSPC,HSPC,1.0,hao_stateful_gemini_run05
L5_GTTGTAGGTAGAGATT,CD4 T,Treg,CD4+ T cells,CD4 T cell (subtype unclear),0.5,hao_stateful_gemini_run05
E2L3_TCGGTCTGTTGTGCCG,CD4 T,CD4 CTL,CD8+ T cells,CD8 T cell (subtype unclear),0.0,hao_stateful_gemini_run05
L1_TGGAACTGTGGATGAC,CD4 T,CD4 CTL,CD8+ T cells,CD8 T cell (subtype unclear),0.0,hao_stateful_gemini_run05
L5_CATCGCTTCAAACGAA,CD4 T,Treg,CD4+ T cells,CD4 T cell (subtype unclear),0.5,hao_stateful_gemini_run05
E2L7_TGTACAGGTTGGCTAT,other,ILC,CD4+ T cells,CD4 T cell (subtype unclear),0.0,hao_stateful_gemini_run05
E2L7_CCAATTTAGCATGCGA,Mono,CD14 Mono,CD16+ Monocytes,CD16 Mono,0.5,hao_stateful_gemini_run05
L5_GACTTCCTCTCGCCTA,other,HSPC,HSPC,HSPC,1.0,hao_stateful_gemini_run05
L3_CCATCACCACAGTCAT,other,Eryth,Erythrocytes,Eryth,1.0,hao_stateful_gemini_run05
L5_TAGATCGCAGTATTCG,CD8 T,CD8 Naive,CD4+ T cells,CD4 T cell (subtype unclear),0.0,hao_stateful_gemini_run05
L1_GGGTAGAAGAAGGATG,CD8 T,CD8 TEM,CD4+ T cells,CD4 T cell (subtype unclear),0.0,hao_stateful_gemini_run05
L3_AACGGGACACTCTCGT,Mono,CD14 Mono,CD16+ Monocytes,CD16 Mono,0.5,hao_stateful_gemini_run05
E2L5_CGTTAGAGTAGCACAG,B,B naive,B cells,B cell (subtype unclear),0.5,hao_stateful_gemini_run05
E2L7_GGCTTTCCATAAGATG,CD4 T,Treg,CD4+ T cells,CD4 T cell (subtype unclear),0.5,hao_stateful_gemini_run05
E2L1_CCATAAGCAAATGAGT,CD8 T,CD8 TEM,CD8+ T cells,CD8 T cell (subtype unclear),0.5,hao_stateful_gemini_run05
L3_ACAAAGATCGCAAGAG,other,HSPC,HSPC,HSPC,1.0,hao_stateful_gemini_run05
L3_TAGAGTCTCCGCACGA,CD4 T,CD4 CTL,CD8+ T cells,CD8 T cell (subtype unclear),0.0,hao_stateful_gemini_run05
E2L4_CTCCTTTTCACGGGAA,DC,pDC,Plasmacytoid Dendritic cells,pDC,1.0,hao_stateful_gemini_run05
E2L2_TTCCTCTAGGCACGAT,NK,NK Proliferating,Proliferating cells,Proliferating lymphocyte (lineage unclear),0.5,hao_stateful_gemini_run05
E2L1_AATAGAGTCAGGACAG,NK,NK,CD8+ T cells,CD8 T cell (subtype unclear),0.0,hao_stateful_gemini_run05
E2L5_TGGGCTGTCATCGGGC,B,B memory,B cells,B cell (subtype unclear),0.5,hao_stateful_gemini_run05
E2L4_TACACCCTCTCGTCGT,CD4 T,CD4 CTL,CD8+ T cells,CD8 T cell (subtype unclear),0.0,hao_stateful_gemini_run05
L2_AAACCCAAGTAACAGT,CD8 T,CD8 TEM,CD8+ T cells,CD8 T cell (subtype unclear),0.5,hao_stateful_gemini_run05
L4_AGAGCCCAGGAAAGTG,CD4 T,CD4 Proliferating,Proliferating cells,Proliferating lymphocyte (lineage unclear),0.5,hao_stateful_gemini_run05
L4_CAATCGATCGCAACAT,CD8 T,CD8 TCM,CD4+ T cells,CD4 T cell (subtype unclear),0.0,hao_stateful_gemini_run05
E2L2_TGGGCTGAGCCTAACT,other,Platelet,Platelets,Platelet,1.0,hao_stateful_gemini_run05
L1_CAATACGGTTATGACC,other T,gdT,CD4+ T cells,CD4 T cell (subtype unclear),0.0,hao_stateful_gemini_run05
E2L7_ACACCAAAGACGCATG,DC,cDC1,Conventional Dendritic cells,Dendritic cell (subtype unclear),0.5,hao_stateful_gemini_run05
E2L3_TACATTCCATGGCGCT,other,Platelet,Platelets,Platelet,1.0,hao_stateful_gemini_run05
E2L6_AATTTCCTCGGAGTAG,CD4 T,CD4 CTL,CD8+ T cells,CD8 T cell (subtype unclear),0.0,hao_stateful_gemini_run05
L1_TGATGCAGTTGTGTAC,other,Eryth,Erythrocytes,Eryth,1.0,hao_stateful_gemini_run05
E2L8_TGGGTTATCGTGGCGT,CD4 T,CD4 TEM,CD4+ T cells,CD4 T cell (subtype unclear),0.5,hao_stateful_gemini_run05
L1_TTCCTAAGTTCCGCGA,B,B intermediate,B cells,B cell (subtype unclear),0.5,hao_stateful_gemini_run05
E2L3_GGAGGTAGTATAGGAT,NK,NK_CD56bright,NK cells,NK,0.5,hao_stateful_gemini_run05
L5_ACAAGCTTCCACCCTA,other T,MAIT,CD8+ T cells,CD8 T cell (subtype unclear),0.0,hao_stateful_gemini_run05
L5_GAGATGGAGACAAGCC,other T,dnT,CD4+ T cells,CD4 T cell (subtype unclear),0.0,hao_stateful_gemini_run05
E2L8_GAGTCATGTCCGACGT,CD4 T,CD4 CTL,CD8+ T cells,CD8 T cell (subtype unclear),0.0,hao_stateful_gemini_run05
E2L8_CTATAGGAGGCTTAGG,other T,dnT,CD4+ T cells,CD4 T cell (subtype unclear),0.0,hao_stateful_gemini_run05
L2_TGAGCGCTCTGCTAGA,B,Plasmablast,Plasma cells,Plasmablast,1.0,hao_stateful_gemini_run05
E2L2_CCTGTTGTCGGTATGT,B,Plasmablast,Plasma cells,Plasmablast,1.0,hao_stateful_gemini_run05
E2L2_AGTAGCTAGTAACGTA,CD4 T,CD4 TCM,CD4+ T cells,CD4 T cell (subtype unclear),0.5,hao_stateful_gemini_run05
E2L6_TGTGAGTAGATTTGCC,other T,MAIT,CD8+ T cells,CD8 T cell (subtype unclear),0.0,hao_stateful_gemini_run05
L5_CATTGTTAGACTACCT,CD8 T,CD8 TEM,CD4+ T cells,CD4 T cell (subtype unclear),0.0,hao_stateful_gemini_run05
L2_TCCTTCTGTTCTCTAT,other,HSPC,HSPC,HSPC,1.0,hao_stateful_gemini_run05
L5_TATATCCAGGTGCGAT,CD4 T,Treg,CD4+ T cells,CD4 T cell (subtype unclear),0.5,hao_stateful_gemini_run05
L2_ACAGCCGGTGCCTACG,CD4 T,CD4 Naive,CD4+ T cells,CD4 T cell (subtype unclear),0.5,hao_stateful_gemini_run05
E2L2_CTATCCGTCTTCCTAA,CD8 T,CD8 Naive,CD4+ T cells,CD4 T cell (subtype unclear),0.0,hao_stateful_gemini_run05
L5_CATACTTAGAATGTTG,NK,NK Proliferating,Proliferating cells,Proliferating lymphocyte (lineage unclear),0.5,hao_stateful_gemini_run05
E2L5_CCGGGTACAGCTTTCC,other T,gdT,CD8+ T cells,CD8 T cell (subtype unclear),0.0,hao_stateful_gemini_run05
E2L4_AAGACAAAGCGTGAAC,B,B naive,B cells,B cell (subtype unclear),0.5,hao_stateful_gemini_run05
E2L4_TTCCTCTGTCACCGCA,CD4 T,CD4 TEM,CD4+ T cells,CD4 T cell (subtype unclear),0.5,hao_stateful_gemini_run05
E2L3_GGTAGAGGTACTTCCC,DC,cDC2,CD14+ Monocytes,CD14 Mono,0.0,hao_stateful_gemini_run05
E2L8_GAGACCCCATTGGATC,CD8 T,CD8 TCM,CD4+ T cells,CD4 T cell (subtype unclear),0.0,hao_stateful_gemini_run05
L1_GGCTGTGAGGCTTCCG,other T,dnT,Memory/Effector T cells,T cell (CD4/CD8/other unclear),0.5,hao_stateful_gemini_run05
E2L2_CTTTCAATCCTTTGAT,other T,dnT,Memory/Effector T cells,T cell (CD4/CD8/other unclear),0.5,hao_stateful_gemini_run05
E2L1_TTCACCGGTGAACTAA,DC,pDC,Plasmacytoid Dendritic cells,pDC,1.0,hao_stateful_gemini_run05
L4_GTGTTAGTCCGGTTCT,CD4 T,CD4 TEM,CD8+ T cells,CD8 T cell (subtype unclear),0.0,hao_stateful_gemini_run05
L4_ACTATGGGTCTGATCA,CD4 T,CD4 Naive,CD4+ T cells,CD4 T cell (subtype unclear),0.5,hao_stateful_gemini_run05
L2_GTTTGGAGTAATACCC,CD4 T,CD4 Proliferating,Proliferating cells,Proliferating lymphocyte (lineage unclear),0.5,hao_stateful_gemini_run05
L4_TCAAGCATCAGTCATG,other,Eryth,Erythrocytes,Eryth,1.0,hao_stateful_gemini_run05
E2L2_AGAACCTCAGCTACAT,NK,NK_CD56bright,NK cells,NK,0.5,hao_stateful_gemini_run05
E2L6_ATGATCGTCTAGTGAC,NK,NK Proliferating,Proliferating cells,Proliferating lymphocyte (lineage unclear),0.5,hao_stateful_gemini_run05
E2L6_GGTTGTATCGACCTAA,B,B intermediate,B cells,B cell (subtype unclear),0.5,hao_stateful_gemini_run05
E2L1_CACACAAGTTGCGAAG,B,Plasmablast,Plasma cells,Plasmablast,1.0,hao_stateful_gemini_run05
L5_TCCGAAAGTGCATGTT,other T,gdT,CD4+ T cells,CD4 T cell (subtype unclear),0.0,hao_stateful_gemini_run05
L3_TCATGCCAGACCAGAC,CD8 T,CD8 Naive,CD4+ T cells,CD4 T cell (subtype unclear),0.0,hao_stateful_gemini_run05
L4_AGCTCAATCGAGGCAA,other,HSPC,HSPC,HSPC,1.0,hao_stateful_gemini_run05
L3_TCCATCGTCCGTGGGT,CD4 T,CD4 CTL,CD8+ T cells,CD8 T cell (subtype unclear),0.0,hao_stateful_gemini_run05
L3_CCCTCTCCAACCGTAT,CD4 T,Treg,CD4+ T cells,CD4 T cell (subtype unclear),0.5,hao_stateful_gemini_run05
L4_ATCCATTTCTGGGCAC,DC,cDC2,CD14+ Monocytes,CD14 Mono,0.0,hao_stateful_gemini_run05
L5_AGACAGGTCATCGTAG,CD4 T,CD4 TCM,CD4+ T cells,CD4 T cell (subtype unclear),0.5,hao_stateful_gemini_run05
E2L6_ACACTGATCATCCCGT,CD4 T,CD4 CTL,CD8+ T cells,CD8 T cell (subtype unclear),0.0,hao_stateful_gemini_run05
L5_TGAGACTTCATGGGAG,other,HSPC,HSPC,HSPC,1.0,hao_stateful_gemini_run05
E2L1_TCGGGTGCACGGTGAA,CD8 T,CD8 Naive,CD4+ T cells,CD4 T cell (subtype unclear),0.0,hao_stateful_gemini_run05
L2_GCGGATCAGTGCGTCC,CD4 T,CD4 CTL,CD8+ T cells,CD8 T cell (subtype unclear),0.0,hao_stateful_gemini_run05
E2L2_CTATCCGGTATGGTAA,DC,pDC,Plasmacytoid Dendritic cells,pDC,1.0,hao_stateful_gemini_run05
E2L1_GCCAGCACAGACAAGC,other T,dnT,Memory/Effector T cells,T cell (CD4/CD8/other unclear),0.5,hao_stateful_gemini_run05
E2L6_ATCGATGAGCTAATGA,DC,cDC1,Conventional Dendritic cells,Dendritic cell (subtype unclear),0.5,hao_stateful_gemini_run05
L1_GTCCCATGTCTTTCTA,DC,cDC2,CD14+ Monocytes,CD14 Mono,0.0,hao_stateful_gemini_run05
E2L7_AGATGCTCAGCGTATT,B,B memory,B cells,B cell (subtype unclear),0.5,hao_stateful_gemini_run05
L2_AGACAAATCCATGAGT,CD4 T,CD4 Proliferating,Proliferating cells,Proliferating lymphocyte (lineage unclear),0.5,hao_stateful_gemini_run05
L4_GAGAGGTCAGAGGTTG,other T,MAIT,CD8+ T cells,CD8 T cell (subtype unclear),0.0,hao_stateful_gemini_run05
E2L2_TCTGCCATCACCTCTG,CD8 T,CD8 TEM,CD8+ T cells,CD8 T cell (subtype unclear),0.5,hao_stateful_gemini_run05
E2L2_GTGAGCCTCTTGGGCG,other T,gdT,CD8+ T cells,CD8 T cell (subtype unclear),0.0,hao_stateful_gemini_run05
E2L6_CTGAGGCTCTTACGTT,CD4 T,CD4 TCM,CD4+ T cells,CD4 T cell (subtype unclear),0.5,hao_stateful_gemini_run05
E2L2_GTAACCAAGCATCAAA,CD4 T,CD4 CTL,CD8+ T cells,CD8 T cell (subtype unclear),0.0,hao_stateful_gemini_run05
E2L7_AATGGAAGTTCGAAGG,B,B intermediate,B cells,B cell (subtype unclear),0.5,hao_stateful_gemini_run05
E2L6_TCCTAATGTGGTTTGT,CD4 T,CD4 CTL,CD8+ T cells,CD8 T cell (subtype unclear),0.0,hao_stateful_gemini_run05
L1_AAGAACATCTTCTGTA,CD4 T,CD4 TCM,CD4+ T cells,CD4 T cell (subtype unclear),0.5,hao_stateful_gemini_run05
E2L4_TCCACGTAGCCACAAG,CD4 T,CD4 Naive,CD4+ T cells,CD4 T cell (subtype unclear),0.5,hao_stateful_gemini_run05
E2L3_CGAGGCTAGTTGCCTA,NK,NK,CD8+ T cells,CD8 T cell (subtype unclear),0.0,hao_stateful_gemini_run05
E2L3_AGGATAAGTTAGGCCC,NK,NK_CD56bright,NK cells,NK,0.5,hao_stateful_gemini_run05
E2L1_GGGTATTTCATTGCCC,CD4 T,CD4 Proliferating,Proliferating cells,Proliferating lymphocyte (lineage unclear),0.5,hao_stateful_gemini_run05
E2L6_GTAATGCTCAGTCCGG,CD8 T,CD8 Naive,CD4+ T cells,CD4 T cell (subtype unclear),0.0,hao_stateful_gemini_run05
E2L2_CTATCCGAGGCATTTC,B,Plasmablast,Plasma cells,Plasmablast,1.0,hao_stateful_gemini_run05
E2L5_AACGGGAAGGGTCTTT,CD4 T,CD4 TEM,CD4+ T cells,CD4 T cell (subtype unclear),0.5,hao_stateful_gemini_run05
E2L4_GGGAAGTGTGGGAGAG,NK,NK_CD56bright,NK cells,NK,0.5,hao_stateful_gemini_run05
L2_ATGATCGGTGCATTAC,NK,NK,CD8+ T cells,CD8 T cell (subtype unclear),0.0,hao_stateful_gemini_run05
E2L3_AGGAAATTCCCGTGAG,CD8 T,CD8 TEM,CD8+ T cells,CD8 T cell (subtype unclear),0.5,hao_stateful_gemini_run05
L3_GGGCTCAAGAAGCGGG,other T,dnT,CD4+ T cells,CD4 T cell (subtype unclear),0.0,hao_stateful_gemini_run05
L1_GTTGTAGCACTGGATT,DC,cDC1,Conventional Dendritic cells,Dendritic cell (subtype unclear),0.5,hao_stateful_gemini_run05
L5_GTGCTGGGTTAGAGAT,CD4 T,CD4 TEM,CD4+ T cells,CD4 T cell (subtype unclear),0.5,hao_stateful_gemini_run05
E2L5_CGAAGTTAGTACCCTA,CD8 T,CD8 TEM,CD8+ T cells,CD8 T cell (subtype unclear),0.5,hao_stateful_gemini_run05
E2L5_GCCATTCGTGTAAACA,CD8 T,CD8 TCM,CD4+ T cells,CD4 T cell (subtype unclear),0.0,hao_stateful_gemini_run05
E2L2_AGTACCAAGACCATTC,DC,cDC1,Conventional Dendritic cells,Dendritic cell (subtype unclear),0.5,hao_stateful_gemini_run05
E2L8_ACAGAAATCTATCACT,NK,NK Proliferating,Proliferating cells,Proliferating lymphocyte (lineage unclear),0.5,hao_stateful_gemini_run05
L2_TCATCATGTCGATGCC,other T,dnT,Memory/Effector T cells,T cell (CD4/CD8/other unclear),0.5,hao_stateful_gemini_run05
L4_ATGAGTCCAACATACC,CD4 T,CD4 Proliferating,Proliferating cells,Proliferating lymphocyte (lineage unclear),0.5,hao_stateful_gemini_run05
E2L8_GACTCTCCAATAGAGT,B,B naive,B cells,B cell (subtype unclear),0.5,hao_stateful_gemini_run05
L1_AAAGGATAGAGACAAG,DC,pDC,Plasmacytoid Dendritic cells,pDC,1.0,hao_stateful_gemini_run05
L4_GGCGTCAAGGCAGCTA,B,B intermediate,B cells,B cell (subtype unclear),0.5,hao_stateful_gemini_run05
L4_TAGGTACCAGGCGTTC,DC,cDC2,CD14+ Monocytes,CD14 Mono,0.0,hao_stateful_gemini_run05
E2L7_GTTGTAGTCAAGCCTA,NK,NK_CD56bright,NK cells,NK,0.5,hao_stateful_gemini_run05
L1_CAGTGCGCACGCGGTT,CD8 T,CD8 Naive,CD4+ T cells,CD4 T cell (subtype unclear),0.0,hao_stateful_gemini_run05
L5_CTGTGAAAGGTTGCCC,CD4 T,Treg,CD4+ T cells,CD4 T cell (subtype unclear),0.5,hao_stateful_gemini_run05
E2L2_AGAGAGCTCCGGTAGC,DC,pDC,Plasmacytoid Dendritic cells,pDC,1.0,hao_stateful_gemini_run05
L3_GGCAGTCGTCCAACGC,DC,cDC1,Conventional Dendritic cells,Dendritic cell (subtype unclear),0.5,hao_stateful_gemini_run05
E2L1_TTGAACGTCCACACAA,NK,NK Proliferating,Proliferating cells,Proliferating lymphocyte (lineage unclear),0.5,hao_stateful_gemini_run05
L1_TTCACCGTCCCAATAG,other T,MAIT,CD8+ T cells,CD8 T cell (subtype unclear),0.0,hao_stateful_gemini_run05
L2_TTGTTGTGTCTCACGG,DC,cDC2,CD14+ Monocytes,CD14 Mono,0.0,hao_stateful_gemini_run05
L5_TTCCTCTCATAGGTTC,other,HSPC,HSPC,HSPC,1.0,hao_stateful_gemini_run05
E2L2_ACGGGTCGTCATCGCG,CD4 T,CD4 Naive,CD4+ T cells,CD4 T cell (subtype unclear),0.5,hao_stateful_gemini_run05
E2L8_TGCGGCAAGAGTTGTA,B,B naive,B cells,B cell (subtype unclear),0.5,hao_stateful_gemini_run05
L1_GACTATGAGTGCACCC,CD4 T,CD4 TCM,CD4+ T cells,CD4 T cell (subtype unclear),0.5,hao_stateful_gemini_run05
E2L6_TAACCAGTCAGTGTTG,CD4 T,CD4 Naive,CD4+ T cells,CD4 T cell (subtype unclear),0.5,hao_stateful_gemini_run05
E2L8_CGAGGAAAGACTGTTC,CD8 T,CD8 TCM,CD4+ T cells,CD4 T cell (subtype unclear),0.0,hao_stateful_gemini_run05
E2L8_ACAAAGACATCTCATT,CD4 T,CD4 Naive,CD4+ T cells,CD4 T cell (subtype unclear),0.5,hao_stateful_gemini_run05
L1_GTCGAATAGCCTCCAG,CD4 T,CD4 TCM,CD4+ T cells,CD4 T cell (subtype unclear),0.5,hao_stateful_gemini_run05
E2L5_TGTCCTGGTTGGAGAC,other,Eryth,Erythrocytes,Eryth,1.0,hao_stateful_gemini_run05
L4_TAACGACGTACCGTCG,CD4 T,Treg,CD4+ T cells,CD4 T cell (subtype unclear),0.5,hao_stateful_gemini_run05
L3_GGTTCTCCATGGGCAA,other,HSPC,HSPC,HSPC,1.0,hao_stateful_gemini_run05
E2L7_CAACAACAGTACAACA,other,Platelet,Platelets,Platelet,1.0,hao_stateful_gemini_run05
L3_GGACGTCAGCTAAGTA,DC,cDC2,CD14+ Monocytes,CD14 Mono,0.0,hao_stateful_gemini_run05
E2L2_CGAGTGCTCTTGCAAG,DC,cDC2,CD14+ Monocytes,CD14 Mono,0.0,hao_stateful_gemini_run05
L4_CCGGTGACACACAGCC,other,HSPC,HSPC,HSPC,1.0,hao_stateful_gemini_run05
L5_GCCCAGAAGTCCTGCG,CD4 T,CD4 CTL,CD8+ T cells,CD8 T cell (subtype unclear),0.0,hao_stateful_gemini_run05
L2_CTAACTTAGGCACTAG,other T,dnT,Memory/Effector T cells,T cell (CD4/CD8/other unclear),0.5,hao_stateful_gemini_run05
L4_ATCTCTATCTTGCAGA,CD8 T,CD8 TEM,CD8+ T cells,CD8 T cell (subtype unclear),0.5,hao_stateful_gemini_run05
E2L8_CCTTTGGCAACGAGGT,CD8 T,CD8 Proliferating,Proliferating cells,Proliferating lymphocyte (lineage unclear),0.5,hao_stateful_gemini_run05
E2L7_GAGCTGCCAATGCAGG,CD4 T,CD4 Proliferating,Proliferating cells,Proliferating lymphocyte (lineage unclear),0.5,hao_stateful_gemini_run05
E2L3_CAACAGTTCGATTTCT,NK,NK_CD56bright,NK cells,NK,0.5,hao_stateful_gemini_run05
L4_GTGCTTCAGGGCGAGA,CD8 T,CD8 Naive,CD4+ T cells,CD4 T cell (subtype unclear),0.0,hao_stateful_gemini_run05
E2L4_TATTCCACAACTGATC,other,Platelet,Platelets,Platelet,1.0,hao_stateful_gemini_run05
L2_GCTACAATCTCTAGGA,CD4 T,Treg,CD4+ T cells,CD4 T cell (subtype unclear),0.5,hao_stateful_gemini_run05
E2L4_TTGCGTCTCACGATAC,DC,pDC,Plasmacytoid Dendritic cells,pDC,1.0,hao_stateful_gemini_run05
L1_CAGCAATCATGATGCT,CD8 T,CD8 Naive,CD4+ T cells,CD4 T cell (subtype unclear),0.0,hao_stateful_gemini_run05
E2L7_CGGACACTCGTTGTGA,NK,NK Proliferating,Proliferating cells,Proliferating lymphocyte (lineage unclear),0.5,hao_stateful_gemini_run05
L2_GCATTAGCAGCTACCG,B,B naive,B cells,B cell (subtype unclear),0.5,hao_stateful_gemini_run05
L2_CGAAGGACAGTTGAAA,DC,cDC2,CD14+ Monocytes,CD14 Mono,0.0,hao_stateful_gemini_run05
E2L2_TACTTGTGTACCTTCC,B,B memory,B cells,B cell (subtype unclear),0.5,hao_stateful_gemini_run05
E2L3_ATCACAGGTCAACACT,CD4 T,CD4 TCM,CD4+ T cells,CD4 T cell (subtype unclear),0.5,hao_stateful_gemini_run05
E2L5_ACATCCCGTAGAATGT,DC,pDC,Plasmacytoid Dendritic cells,pDC,1.0,hao_stateful_gemini_run05
L4_CGCATGGCATCCGGCA,other T,dnT,CD4+ T cells,CD4 T cell (subtype unclear),0.0,hao_stateful_gemini_run05
L1_GTAATCGCAGACGCTC,other T,MAIT,CD8+ T cells,CD8 T cell (subtype unclear),0.0,hao_stateful_gemini_run05
E2L4_GCCGTGATCCAAGCCG,CD4 T,CD4 Naive,CD4+ T cells,CD4 T cell (subtype unclear),0.5,hao_stateful_gemini_run05
E2L3_GATGACTTCGTGGAAG,other T,gdT,CD8+ T cells,CD8 T cell (subtype unclear),0.0,hao_stateful_gemini_run05
E2L7_CCTCATGTCTATACTC,CD4 T,CD4 Proliferating,Proliferating cells,Proliferating lymphocyte (lineage unclear),0.5,hao_stateful_gemini_run05
E2L7_AAGCGAGTCTATGCCC,NK,NK Proliferating,Proliferating cells,Proliferating lymphocyte (lineage unclear),0.5,hao_stateful_gemini_run05
E2L4_CAGCAATGTTTCGTAG,B,B intermediate,B cells,B cell (subtype unclear),0.5,hao_stateful_gemini_run05
E2L3_GAACGTTAGGTTCCGC,Mono,CD14 Mono,CD16+ Monocytes,CD16 Mono,0.5,hao_stateful_gemini_run05
E2L2_GTATTTCAGAGTCCGA,NK,NK_CD56bright,NK cells,NK,0.5,hao_stateful_gemini_run05
E2L5_AGTGATCCAGAAATTG,NK,NK_CD56bright,NK cells,NK,0.5,hao_stateful_gemini_run05
L3_TTGCCTGTCGTTTACT,CD4 T,CD4 TCM,CD4+ T cells,CD4 T cell (subtype unclear),0.5,hao_stateful_gemini_run05
L2_TTAATCCCATGACACT,CD8 T,CD8 TEM,CD8+ T cells,CD8 T cell (subtype unclear),0.5,hao_stateful_gemini_run05
E2L5_TAGGTTGTCATTCTTG,B,B memory,B cells,B cell (subtype unclear),0.5,hao_stateful_gemini_run05
E2L5_ATCCATTTCTTTGATC,B,Plasmablast,Plasma cells,Plasmablast,1.0,hao_stateful_gemini_run05
E2L3_TCCGATCAGGCGAAGG,B,B memory,B cells,B cell (subtype unclear),0.5,hao_stateful_gemini_run05
L1_AAGACTCAGGCAGGGA,CD4 T,Treg,CD4+ T cells,CD4 T cell (subtype unclear),0.5,hao_stateful_gemini_run05
E2L5_TTTGACTTCTTCTAAC,CD4 T,CD4 TCM,CD4+ T cells,CD4 T cell (subtype unclear),0.5,hao_stateful_gemini_run05
E2L6_GTTACAGTCCATCACC,CD4 T,CD4 TEM,CD4+ T cells,CD4 T cell (subtype unclear),0.5,hao_stateful_gemini_run05
L4_GGAGGTAGTCGTTTCC,CD4 T,Treg,CD4+ T cells,CD4 T cell (subtype unclear),0.5,hao_stateful_gemini_run05
E2L6_TATCCTAGTTCGTTCC,CD4 T,CD4 CTL,CD8+ T cells,CD8 T cell (subtype unclear),0.0,hao_stateful_gemini_run05
E2L6_TATTGGGCAGATACTC,other,ILC,NK cells,NK,0.0,hao_stateful_gemini_run05
E2L3_GCGTGCACAAACTAAG,other T,gdT,CD8+ T cells,CD8 T cell (subtype unclear),0.0,hao_stateful_gemini_run05
E2L8_GATTGGTCATAACGGG,other,Platelet,Platelets,Platelet,1.0,hao_stateful_gemini_run05
E2L1_CTTTCGGTCCATGCAA,other T,gdT,CD8+ T cells,CD8 T cell (subtype unclear),0.0,hao_stateful_gemini_run05
E2L3_GAGATGGGTCTGCCTT,CD8 T,CD8 TCM,CD4+ T cells,CD4 T cell (subtype unclear),0.0,hao_stateful_gemini_run05
E2L8_GGTAACTGTGGCAACA,NK,NK_CD56bright,NK cells,NK,0.5,hao_stateful_gemini_run05
L1_TTACGTTTCCCATACC,B,B naive,B cells,B cell (subtype unclear),0.5,hao_stateful_gemini_run05
E2L4_TGTTACTGTTGCTCCT,CD4 T,CD4 TCM,CD4+ T cells,CD4 T cell (subtype unclear),0.5,hao_stateful_gemini_run05
E2L6_CTCTGGTAGCTAATCC,NK,NK Proliferating,Proliferating cells,Proliferating lymphocyte (lineage unclear),0.5,hao_stateful_gemini_run05
L3_CTGCGAGGTAGGTTTC,B,B memory,B cells,B cell (subtype unclear),0.5,hao_stateful_gemini_run05
L4_ATTTCTGTCTCCGTGT,CD4 T,CD4 TCM,CD4+ T cells,CD4 T cell (subtype unclear),0.5,hao_stateful_gemini_run05
E2L2_AGATCCATCAGGACAG,NK,NK,CD8+ T cells,CD8 T cell (subtype unclear),0.0,hao_stateful_gemini_run05
L1_GCAGCTGTCGAGAATA,DC,ASDC,CD14+ Monocytes,CD14 Mono,0.0,hao_stateful_gemini_run05
E2L4_GTGGAAGAGCCATCCG,other,Platelet,Platelets,Platelet,1.0,hao_stateful_gemini_run05
L1_AGGGTCCCAGCCCACA,CD4 T,CD4 TCM,CD4+ T cells,CD4 T cell (subtype unclear),0.5,hao_stateful_gemini_run05
L5_GCAGTTAGTCTTTCAT,CD4 T,CD4 CTL,CD8+ T cells,CD8 T cell (subtype unclear),0.0,hao_stateful_gemini_run05
E2L3_CTATCTACACCAGTTA,B,B memory,B cells,B cell (subtype unclear),0.5,hao_stateful_gemini_run05
L3_GTTAGTGCAGATTCGT,DC,cDC2,CD14+ Monocytes,CD14 Mono,0.0,hao_stateful_gemini_run05
E2L1_GTAACACCAACACGTT,NK,NK Proliferating,Proliferating cells,Proliferating lymphocyte (lineage unclear),0.5,hao_stateful_gemini_run05
E2L3_TCTTCCTCAGCGGATA,B,B intermediate,B cells,B cell (subtype unclear),0.5,hao_stateful_gemini_run05
E2L6_GCATGATAGAGGCTGT,NK,NK,CD8+ T cells,CD8 T cell (subtype unclear),0.0,hao_stateful_gemini_run05
L2_CCTACGTTCGCTGATA,CD4 T,Treg,CD4+ T cells,CD4 T cell (subtype unclear),0.5,hao_stateful_gemini_run05
E2L4_CTCATCGAGCGTGAAC,other,Platelet,Platelets,Platelet,1.0,hao_stateful_gemini_run05
E2L7_ATGAAAGCAATCAAGA,Mono,CD14 Mono,CD14+ Monocytes,CD14 Mono,1.0,hao_stateful_gemini_run05
L4_TGACTCCTCGTGCATA,other T,dnT,CD4+ T cells,CD4 T cell (subtype unclear),0.0,hao_stateful_gemini_run05
E2L7_TTACCGCGTCAAGTTC,B,Plasmablast,Plasma cells,Plasmablast,1.0,hao_stateful_gemini_run05
L4_CTGAATGTCCGTGGCA,CD8 T,CD8 Naive,CD4+ T cells,CD4 T cell (subtype unclear),0.0,hao_stateful_gemini_run05
L4_ACATGCAGTACCGTCG,DC,pDC,Plasmacytoid Dendritic cells,pDC,1.0,hao_stateful_gemini_run05
E2L6_TCCGATCCAATTCGTG,other T,MAIT,CD8+ T cells,CD8 T cell (subtype unclear),0.0,hao_stateful_gemini_run05
E2L2_ACGTAACAGGTTGGTG,B,B memory,B cells,B cell (subtype unclear),0.5,hao_stateful_gemini_run05
L4_CACTGAAGTCGGTGAA,CD4 T,CD4 CTL,CD8+ T cells,CD8 T cell (subtype unclear),0.0,hao_stateful_gemini_run05
L4_TGATTCTTCATCGTAG,other T,dnT,CD4+ T cells,CD4 T cell (subtype unclear),0.0,hao_stateful_gemini_run05
E2L8_GGGTATTCAATGACCT,NK,NK_CD56bright,NK cells,NK,0.5,hao_stateful_gemini_run05
L5_CGCATAAAGATACATG,CD4 T,CD4 Proliferating,Proliferating cells,Proliferating lymphocyte (lineage unclear),0.5,hao_stateful_gemini_run05
L5_CTGTATTTCTTGGATG,CD8 T,CD8 TCM,CD4+ T cells,CD4 T cell (subtype unclear),0.0,hao_stateful_gemini_run05
L1_GAACACTCATAATGAG,DC,cDC2,CD14+ Monocytes,CD14 Mono,0.0,hao_stateful_gemini_run05
E2L2_AGGAGGTTCGGACAAG,other,Platelet,Platelets,Platelet,1.0,hao_stateful_gemini_run05
E2L7_AGGGCTCAGATACTGA,other,ILC,NK cells,NK,0.0,hao_stateful_gemini_run05
L5_GTATTTCAGTACAACA,CD4 T,CD4 Naive,CD4+ T cells,CD4 T cell (subtype unclear),0.5,hao_stateful_gemini_run05
E2L6_ATTCGTTTCAACCGAT,B,B memory,B cells,B cell (subtype unclear),0.5,hao_stateful_gemini_run05
E2L8_TGGATGTTCATTGTGG,DC,cDC2,CD14+ Monocytes,CD14 Mono,0.0,hao_stateful_gemini_run05
L1_GAGAAATCATGTTTGG,NK,NK Proliferating,Proliferating cells,Proliferating lymphocyte (lineage unclear),0.5,hao_stateful_gemini_run05
E2L5_CGGCAGTTCGATGCAT,NK,NK_CD56bright,NK cells,NK,0.5,hao_stateful_gemini_run05
E2L2_ATGTCTTAGAGAGCAA,CD8 T,CD8 Naive,CD4+ T cells,CD4 T cell (subtype unclear),0.0,hao_stateful_gemini_run05
E2L4_GTCTGTCTCTCCTACG,CD4 T,CD4 Naive,CD4+ T cells,CD4 T cell (subtype unclear),0.5,hao_stateful_gemini_run05
E2L8_ATGGAGGGTTCTCTCG,B,B naive,B cells,B cell (subtype unclear),0.5,hao_stateful_gemini_run05
L3_AAAGGGCGTGCAGATG,CD4 T,Treg,CD4+ T cells,CD4 T cell (subtype unclear),0.5,hao_stateful_gemini_run05
L1_TTCCTAAAGGCAATGC,CD4 T,Treg,CD4+ T cells,CD4 T cell (subtype unclear),0.5,hao_stateful_gemini_run05
L5_CTCCAACGTCACTAGT,DC,pDC,Plasmacytoid Dendritic cells,pDC,1.0,hao_stateful_gemini_run05
L1_CCTCTCCTCGCGATCG,CD4 T,CD4 TEM,CD4+ T cells,CD4 T cell (subtype unclear),0.5,hao_stateful_gemini_run05
E2L3_ACGTCCTTCAACGCTA,DC,pDC,Plasmacytoid Dendritic cells,pDC,1.0,hao_stateful_gemini_run05
L1_AAAGGGCGTAGTAAGT,CD8 T,CD8 Proliferating,Proliferating cells,Proliferating lymphocyte (lineage unclear),0.5,hao_stateful_gemini_run05
L2_TTAGTCTTCACGGAGA,other,HSPC,HSPC,HSPC,1.0,hao_stateful_gemini_run05
E2L8_TTGCGTCAGCTAATCC,CD8 T,CD8 TEM,CD8+ T cells,CD8 T cell (subtype unclear),0.5,hao_stateful_gemini_run05
L2_ATCCACCGTGTAACGG,other,Eryth,Erythrocytes,Eryth,1.0,hao_stateful_gemini_run05
E2L5_TCGTAGAAGTCGAAAT,other,ILC,NK cells,NK,0.0,hao_stateful_gemini_run05
L5_TGTCCTGCACGGGCTT,other T,dnT,Memory/Effector T cells,T cell (CD4/CD8/other unclear),0.5,hao_stateful_gemini_run05
E2L4_ATTGGGTGTCATAAAG,NK,NK Proliferating,Proliferating cells,Proliferating lymphocyte (lineage unclear),0.5,hao_stateful_gemini_run05
E2L4_GACCCTTGTGCGTCGT,B,B intermediate,B cells,B cell (subtype unclear),0.5,hao_stateful_gemini_run05
E2L7_CGAGGAACAGCATTGT,B,Plasmablast,Plasma cells,Plasmablast,1.0,hao_stateful_gemini_run05
E2L7_CCTACGTTCGCTCTCA,other T,dnT,Memory/Effector T cells,T cell (CD4/CD8/other unclear),0.5,hao_stateful_gemini_run05
E2L1_CACAACATCTTAATCC,B,B memory,B cells,B cell (subtype unclear),0.5,hao_stateful_gemini_run05
L1_CATAAGCTCACTTGTT,CD4 T,CD4 Naive,CD4+ T cells,CD4 T cell (subtype unclear),0.5,hao_stateful_gemini_run05
E2L1_ATCCTATAGTCACTGT,other T,gdT,CD8+ T cells,CD8 T cell (subtype unclear),0.0,hao_stateful_gemini_run05
L5_TCCTCGAAGTCTACCA,other,HSPC,HSPC,HSPC,1.0,hao_stateful_gemini_run05
L5_CGCCATTCAGCTAACT,B,B intermediate,B cells,B cell (subtype unclear),0.5,hao_stateful_gemini_run05
E2L6_ATGACCATCGCCAACG,other,Platelet,CD16+ Monocytes,CD16 Mono,0.0,hao_stateful_gemini_run05
E2L2_GCGTGCAGTCCAATCA,other T,gdT,CD8+ T cells,CD8 T cell (subtype unclear),0.0,hao_stateful_gemini_run05
L1_CGGTCAGCAGTATTCG,NK,NK Proliferating,Proliferating cells,Proliferating lymphocyte (lineage unclear),0.5,hao_stateful_gemini_run05
E2L6_CTCAGGGCACGAGAAC,B,B intermediate,B cells,B cell (subtype unclear),0.5,hao_stateful_gemini_run05
E2L3_ACATGCAGTGAGCTCC,other T,gdT,CD4+ T cells,CD4 T cell (subtype unclear),0.0,hao_stateful_gemini_run05
L2_TAGCACAAGGCTAACG,B,B intermediate,B cells,B cell (subtype unclear),0.5,hao_stateful_gemini_run05
E2L1_CTCTCAGTCCAAGCTA,B,Plasmablast,Plasma cells,Plasmablast,1.0,hao_stateful_gemini_run05
E2L1_CTGTAGACACACCTAA,CD4 T,CD4 CTL,CD8+ T cells,CD8 T cell (subtype unclear),0.0,hao_stateful_gemini_run05
E2L1_AGGCATTAGACGTCCC,CD8 T,CD8 TEM,CD4+ T cells,CD4 T cell (subtype unclear),0.0,hao_stateful_gemini_run05
E2L5_TACGCTCGTGCAATAA,other,ILC,CD4+ T cells,CD4 T cell (subtype unclear),0.0,hao_stateful_gemini_run05
E2L8_ATCAGGTGTCTAGATC,B,B intermediate,B cells,B cell (subtype unclear),0.5,hao_stateful_gemini_run05
E2L1_GCCAACGGTCAAACGG,B,B intermediate,B cells,B cell (subtype unclear),0.5,hao_stateful_gemini_run05
L1_CAGCAATGTACCGCGT,CD8 T,CD8 TCM,CD4+ T cells,CD4 T cell (subtype unclear),0.0,hao_stateful_gemini_run05
L5_AAGCCATGTAGAATGT,other T,MAIT,CD8+ T cells,CD8 T cell (subtype unclear),0.0,hao_stateful_gemini_run05
E2L1_CCGTTCAGTGTATTCG,DC,pDC,Plasmacytoid Dendritic cells,pDC,1.0,hao_stateful_gemini_run05
L4_TCTTCCTAGTTGTAGA,DC,cDC2,CD14+ Monocytes,CD14 Mono,0.0,hao_stateful_gemini_run05
L2_CCGGTAGTCAAGGCTT,other T,MAIT,CD8+ T cells,CD8 T cell (subtype unclear),0.0,hao_stateful_gemini_run05
E2L3_TTCGCTGCATGCTGCG,CD4 T,CD4 Naive,CD4+ T cells,CD4 T cell (subtype unclear),0.5,hao_stateful_gemini_run05
L3_ACTCTCGGTCGTACAT,CD4 T,CD4 TCM,CD4+ T cells,CD4 T cell (subtype unclear),0.5,hao_stateful_gemini_run05
L5_TCTTAGTCACCCTATC,other,Eryth,CD4+ T cells,CD4 T cell (subtype unclear),0.0,hao_stateful_gemini_run05
E2L8_GCGAGAATCACGGGCT,NK,NK_CD56bright,NK cells,NK,0.5,hao_stateful_gemini_run05
E2L5_TCAGCCTAGTGTACCT,other T,gdT,CD8+ T cells,CD8 T cell (subtype unclear),0.0,hao_stateful_gemini_run05
L4_GTAATCGCAGTTGTTG,other T,dnT,CD4+ T cells,CD4 T cell (subtype unclear),0.0,hao_stateful_gemini_run05
E2L5_CGGAACCGTCCGGTCA,B,B naive,B cells,B cell (subtype unclear),0.5,hao_stateful_gemini_run05
L2_GCAACCGTCCGTAGGC,DC,cDC2,CD14+ Monocytes,CD14 Mono,0.0,hao_stateful_gemini_run05
L4_TGCACGGGTCGCATGC,other,Platelet,Platelets,Platelet,1.0,hao_stateful_gemini_run05
E2L3_AATCGTGTCCGGACGT,Mono,CD14 Mono,CD16+ Monocytes,CD16 Mono,0.5,hao_stateful_gemini_run05
E2L4_TCATTACAGTTGCCCG,CD4 T,CD4 TEM,Memory/Effector T cells,T cell (CD4/CD8/other unclear),0.5,hao_stateful_gemini_run05
L1_CTTCTCTCACTGAGTT,other T,dnT,CD4+ T cells,CD4 T cell (subtype unclear),0.0,hao_stateful_gemini_run05
L5_GCTTCACGTGGCTCTG,CD4 T,Treg,CD4+ T cells,CD4 T cell (subtype unclear),0.5,hao_stateful_gemini_run05
L3_TCATGTTTCGCTGTTC,other T,MAIT,CD8+ T cells,CD8 T cell (subtype unclear),0.0,hao_stateful_gemini_run05
L4_GCGGATCTCGAGTGGA,CD4 T,CD4 TEM,CD8+ T cells,CD8 T cell (subtype unclear),0.0,hao_stateful_gemini_run05
E2L1_CGATGGCGTGTTGACT,other,ILC,NK cells,NK,0.0,hao_stateful_gemini_run05
L1_TGCTGAAGTCTCGGAC,CD4 T,Treg,CD4+ T cells,CD4 T cell (subtype unclear),0.5,hao_stateful_gemini_run05
E2L4_TTTAGTCGTCACTAGT,B,B memory,B cells,B cell (subtype unclear),0.5,hao_stateful_gemini_run05
L2_CTCGAGGCAAACCGGA,CD8 T,CD8 Naive,CD4+ T cells,CD4 T cell (subtype unclear),0.0,hao_stateful_gemini_run05
L3_AGGGTCCCATGGACAG,NK,NK Proliferating,Proliferating cells,Proliferating lymphocyte (lineage unclear),0.5,hao_stateful_gemini_run05
E2L6_TGAGCATAGTTCCAGT,DC,cDC2,CD14+ Monocytes,CD14 Mono,0.0,hao_stateful_gemini_run05
L3_CGAGTTATCAATCCAG,CD8 T,CD8 TCM,CD4+ T cells,CD4 T cell (subtype unclear),0.0,hao_stateful_gemini_run05
L2_ACTATCTGTTCGGCGT,B,Plasmablast,Plasma cells,Plasmablast,1.0,hao_stateful_gemini_run05
L5_AACAACCTCGTTGTGA,Mono,CD14 Mono,CD16+ Monocytes,CD16 Mono,0.5,hao_stateful_gemini_run05
L5_TATGTTCGTATTTCTC,Mono,CD16 Mono,CD16+ Monocytes,CD16 Mono,1.0,hao_stateful_gemini_run05
E2L8_CCGGTAGTCCATTGGA,other T,MAIT,CD8+ T cells,CD8 T cell (subtype unclear),0.0,hao_stateful_gemini_run05
L4_TGTTCATGTTTGTTGG,Mono,CD16 Mono,CD16+ Monocytes,CD16 Mono,1.0,hao_stateful_gemini_run05
E2L5_TTTGGAGGTTGCTCAA,B,B intermediate,B cells,B cell (subtype unclear),0.5,hao_stateful_gemini_run05
E2L7_AGGGTCCAGTTAGTAG,B,B intermediate,B cells,B cell (subtype unclear),0.5,hao_stateful_gemini_run05
E2L7_TGGTTAGTCTGGGATT,DC,pDC,Plasmacytoid Dendritic cells,pDC,1.0,hao_stateful_gemini_run05
E2L4_GGGTATTTCCCAGGAC,CD8 T,CD8 TEM,CD8+ T cells,CD8 T cell (subtype unclear),0.5,hao_stateful_gemini_run05
L4_TGATGCAGTCCTCCAT,other,HSPC,HSPC,HSPC,1.0,hao_stateful_gemini_run05
L2_CCGATGGAGAGCATAT,Mono,CD16 Mono,CD16+ Monocytes,CD16 Mono,1.0,hao_stateful_gemini_run05
E2L6_ATTCGTTAGCCAAGTG,B,B intermediate,B cells,B cell (subtype unclear),0.5,hao_stateful_gemini_run05
E2L5_CTCAAGATCGAACTCA,CD4 T,CD4 Naive,CD4+ T cells,CD4 T cell (subtype unclear),0.5,hao_stateful_gemini_run05
L1_ACTCTCGGTCATGCAT,NK,NK_CD56bright,NK cells,NK,0.5,hao_stateful_gemini_run05
E2L5_CATGGTAGTCGCCACA,B,B intermediate,B cells,B cell (subtype unclear),0.5,hao_stateful_gemini_run05
E2L7_GCACGTGAGACCCTTA,CD4 T,CD4 TCM,CD4+ T cells,CD4 T cell (subtype unclear),0.5,hao_stateful_gemini_run05
E2L2_GTAGAGGTCGGTGTTA,other,Platelet,Platelets,Platelet,1.0,hao_stateful_gemini_run05
E2L4_ATGGGTTGTACGTGTT,CD4 T,CD4 TCM,CD4+ T cells,CD4 T cell (subtype unclear),0.5,hao_stateful_gemini_run05
E2L4_ATCCCTGGTTAAACAG,CD8 T,CD8 TCM,CD4+ T cells,CD4 T cell (subtype unclear),0.0,hao_stateful_gemini_run05
L4_CATTCTACATGTGTCA,other T,MAIT,CD8+ T cells,CD8 T cell (subtype unclear),0.0,hao_stateful_gemini_run05
L5_GTGAGCCGTGGTGATG,B,B naive,B cells,B cell (subtype unclear),0.5,hao_stateful_gemini_run05
E2L5_CTGATCCGTTTCCATT,B,B naive,B cells,B cell (subtype unclear),0.5,hao_stateful_gemini_run05
E2L6_CATCGCTCATGTGGCC,NK,NK Proliferating,Proliferating cells,Proliferating lymphocyte (lineage unclear),0.5,hao_stateful_gemini_run05
E2L4_CATCAAGAGCGAACTG,Mono,CD16 Mono,CD16+ Monocytes,CD16 Mono,1.0,hao_stateful_gemini_run05
L2_GTGAGCCGTATCACCA,other T,MAIT,CD8+ T cells,CD8 T cell (subtype unclear),0.0,hao_stateful_gemini_run05
E2L8_ACGTAACCACATATCG,B,B memory,B cells,B cell (subtype unclear),0.5,hao_stateful_gemini_run05
E2L8_AATGAAGAGCAAATCA,B,B memory,B cells,B cell (subtype unclear),0.5,hao_stateful_gemini_run05
E2L4_CCGATGGAGGGTGAAA,other,Platelet,Platelets,Platelet,1.0,hao_stateful_gemini_run05
L5_ACTCTCGAGGTCCCGT,other T,MAIT,CD8+ T cells,CD8 T cell (subtype unclear),0.0,hao_stateful_gemini_run05
L4_CCTTCAGAGCGATGAC,NK,NK_CD56bright,NK cells,NK,0.5,hao_stateful_gemini_run05
L3_GTTCGCTCATCATTGG,CD8 T,CD8 TCM,CD4+ T cells,CD4 T cell (subtype unclear),0.0,hao_stateful_gemini_run05
E2L3_CATGAGTTCCTACCGT,Mono,CD16 Mono,CD16+ Monocytes,CD16 Mono,1.0,hao_stateful_gemini_run05
E2L6_CGTTGGGCACTCCACT,other,Platelet,Platelets,Platelet,1.0,hao_stateful_gemini_run05
L4_ATTCACTGTACCTGTA,Mono,CD14 Mono,CD16+ Monocytes,CD16 Mono,0.5,hao_stateful_gemini_run05
L1_TAAGCGTCATATCTCT,NK,NK,CD8+ T cells,CD8 T cell (subtype unclear),0.0,hao_stateful_gemini_run05
E2L1_GGGACTCTCCTGGGAC,other T,gdT,CD8+ T cells,CD8 T cell (subtype unclear),0.0,hao_stateful_gemini_run05
E2L8_GTCAGCGCAGCCCACA,other T,gdT,CD8+ T cells,CD8 T cell (subtype unclear),0.0,hao_stateful_gemini_run05
E2L4_GTATTGGTCCTCACTG,DC,pDC,Plasmacytoid Dendritic cells,pDC,1.0,hao_stateful_gemini_run05
E2L1_TTGGATGAGCATCAGG,CD8 T,CD8 TCM,CD4+ T cells,CD4 T cell (subtype unclear),0.0,hao_stateful_gemini_run05
L3_AGTCTCCGTGGAATGC,CD4 T,Treg,CD4+ T cells,CD4 T cell (subtype unclear),0.5,hao_stateful_gemini_run05
E2L8_GACTATGAGGAGCAAA,CD4 T,CD4 TCM,CD4+ T cells,CD4 T cell (subtype unclear),0.5,hao_stateful_gemini_run05
E2L3_TGAGGGACAACAGATA,B,B intermediate,B cells,B cell (subtype unclear),0.5,hao_stateful_gemini_run05
E2L7_CTTGATTGTAACAGTA,CD4 T,CD4 Proliferating,Proliferating cells,Proliferating lymphocyte (lineage unclear),0.5,hao_stateful_gemini_run05
E2L8_TAAGCACCATAATGCC,Mono,CD16 Mono,CD16+ Monocytes,CD16 Mono,1.0,hao_stateful_gemini_run05
L4_TTGGATGCATTGGGAG,CD4 T,CD4 CTL,CD8+ T cells,CD8 T cell (subtype unclear),0.0,hao_stateful_gemini_run05
E2L7_GCGGAAAGTAGAGGAA,DC,pDC,Plasmacytoid Dendritic cells,pDC,1.0,hao_stateful_gemini_run05
E2L2_AGGTCATTCGTTCTCG,NK,NK_CD56bright,NK cells,NK,0.5,hao_stateful_gemini_run05
L1_CAACGGCAGCCTGAGA,B,B memory,B cells,B cell (subtype unclear),0.5,hao_stateful_gemini_run05
E2L1_ATCGCCTTCCTTACCG,B,Plasmablast,Plasma cells,Plasmablast,1.0,hao_stateful_gemini_run05
L2_GTGAGCCTCAAGTCTG,other,ILC,CD4+ T cells,CD4 T cell (subtype unclear),0.0,hao_stateful_gemini_run05
L5_TACACCCTCATTGTTC,NK,NK_CD56bright,NK cells,NK,0.5,hao_stateful_gemini_run05
L3_GTTCCGTGTTTCGTTT,CD4 T,Treg,CD4+ T cells,CD4 T cell (subtype unclear),0.5,hao_stateful_gemini_run05
E2L4_CGCATAAGTCCCGTGA,DC,cDC2,CD14+ Monocytes,CD14 Mono,0.0,hao_stateful_gemini_run05
L1_ATGAAAGTCAACACCA,B,B memory,B cells,B cell (subtype unclear),0.5,hao_stateful_gemini_run05
E2L5_TTCAGGAGTGACCGAA,CD8 T,CD8 Naive,CD4+ T cells,CD4 T cell (subtype unclear),0.0,hao_stateful_gemini_run05
L5_TACGTCCAGTGATGGC,Mono,CD14 Mono,CD14+ Monocytes,CD14 Mono,1.0,hao_stateful_gemini_run05
E2L3_GTGCAGCGTGATATAG,B,B memory,B cells,B cell (subtype unclear),0.5,hao_stateful_gemini_run05
E2L8_TCATGTTGTTGTAAAG,DC,cDC1,Conventional Dendritic cells,Dendritic cell (subtype unclear),0.5,hao_stateful_gemini_run05
L4_CACTTCGTCTCTATGT,other,HSPC,HSPC,HSPC,1.0,hao_stateful_gemini_run05
E2L3_AAGTACCCATCCTGTC,CD4 T,CD4 TCM,CD4+ T cells,CD4 T cell (subtype unclear),0.5,hao_stateful_gemini_run05
E2L6_TCATGGATCATTTCCA,CD4 T,CD4 TEM,CD4+ T cells,CD4 T cell (subtype unclear),0.5,hao_stateful_gemini_run05
L2_TACAACGCAGCGTGAA,other,HSPC,HSPC,HSPC,1.0,hao_stateful_gemini_run05
E2L3_TACAACGCATCGATGT,NK,NK,CD8+ T cells,CD8 T cell (subtype unclear),0.0,hao_stateful_gemini_run05
L2_GGTTCTCAGGCGCTCT,other T,MAIT,CD8+ T cells,CD8 T cell (subtype unclear),0.0,hao_stateful_gemini_run05
L2_CATTTCAAGCGACATG,CD4 T,CD4 Naive,CD4+ T cells,CD4 T cell (subtype unclear),0.5,hao_stateful_gemini_run05
L2_TCATCCGTCTGATTCT,other T,MAIT,CD8+ T cells,CD8 T cell (subtype unclear),0.0,hao_stateful_gemini_run05
E2L7_TCATACTTCGAACGGA,other T,gdT,CD8+ T cells,CD8 T cell (subtype unclear),0.0,hao_stateful_gemini_run05
E2L6_TGAGGGATCTTCCCAG,CD4 T,CD4 Naive,CD4+ T cells,CD4 T cell (subtype unclear),0.5,hao_stateful_gemini_run05
E2L4_GATTGGTAGAGAGTGA,B,B naive,B cells,B cell (subtype unclear),0.5,hao_stateful_gemini_run05
L5_TCATTTGTCACATTGG,NK,NK_CD56bright,NK cells,NK,0.5,hao_stateful_gemini_run05
L4_ATGGAGGGTACCCAGC,other,HSPC,HSPC,HSPC,1.0,hao_stateful_gemini_run05
L4_CCACCATCAGCTGTCG,CD4 T,CD4 Naive,CD4+ T cells,CD4 T cell (subtype unclear),0.5,hao_stateful_gemini_run05
E2L8_TGGATGTAGGCTGAAC,NK,NK Proliferating,Proliferating cells,Proliferating lymphocyte (lineage unclear),0.5,hao_stateful_gemini_run05
L4_CAAGGGACATAACTCG,other,HSPC,HSPC,HSPC,1.0,hao_stateful_gemini_run05
E2L3_GGGTTTACAGACGCTC,CD8 T,CD8 Proliferating,Proliferating cells,Proliferating lymphocyte (lineage unclear),0.5,hao_stateful_gemini_run05
L1_TCTCTGGTCTTTGCAT,DC,pDC,Plasmacytoid Dendritic cells,pDC,1.0,hao_stateful_gemini_run05
L5_GATGACTGTTAGTCGT,CD4 T,CD4 TEM,CD4+ T cells,CD4 T cell (subtype unclear),0.5,hao_stateful_gemini_run05
L3_TGAGCATCAACGTTAC,Mono,CD14 Mono,CD16+ Monocytes,CD16 Mono,0.5,hao_stateful_gemini_run05
E2L1_TTATTGCTCCCATAAG,CD4 T,CD4 CTL,CD8+ T cells,CD8 T cell (subtype unclear),0.0,hao_stateful_gemini_run05
E2L7_GTTGTCCCAACTCCAA,CD4 T,CD4 Naive,CD4+ T cells,CD4 T cell (subtype unclear),0.5,hao_stateful_gemini_run05
E2L6_GATAGAACAATGAGCG,other T,gdT,CD4+ T cells,CD4 T cell (subtype unclear),0.0,hao_stateful_gemini_run05
E2L2_AGACCCGCAGCCGGTT,CD4 T,CD4 Naive,CD4+ T cells,CD4 T cell (subtype unclear),0.5,hao_stateful_gemini_run05
E2L1_GACAGCCCACTAGTAC,Mono,CD14 Mono,CD14+ Monocytes,CD14 Mono,1.0,hao_stateful_gemini_run05
L3_ATTACCTTCCAGCCTT,NK,NK,CD8+ T cells,CD8 T cell (subtype unclear),0.0,hao_stateful_gemini_run05
E2L6_GTGGGAACAACGACAG,NK,NK_CD56bright,NK cells,NK,0.5,hao_stateful_gemini_run05
L3_CTCCATGTCTTAGCCC,CD4 T,CD4 TCM,CD4+ T cells,CD4 T cell (subtype unclear),0.5,hao_stateful_gemini_run05
L3_CGATGCGTCCTTCTAA,NK,NK_CD56bright,NK cells,NK,0.5,hao_stateful_gemini_run05
L5_CCCATTGCAAGGCTTT,CD4 T,CD4 Naive,CD4+ T cells,CD4 T cell (subtype unclear),0.5,hao_stateful_gemini_run05
L1_CCCATTGAGGGACCAT,NK,NK_CD56bright,NK cells,NK,0.5,hao_stateful_gemini_run05
L3_AAAGGATGTATAGGGC,NK,NK Proliferating,Proliferating cells,Proliferating lymphocyte (lineage unclear),0.5,hao_stateful_gemini_run05
E2L7_CATTGTTCACCGAATT,CD4 T,CD4 Naive,CD4+ T cells,CD4 T cell (subtype unclear),0.5,hao_stateful_gemini_run05
L1_TGATGGTAGCACCGAA,other,HSPC,HSPC,HSPC,1.0,hao_stateful_gemini_run05
L3_GCGTGCAAGTAGGATT,other,Eryth,Erythrocytes,Eryth,1.0,hao_stateful_gemini_run05
E2L8_CAAGAGGCACGGTGAA,Mono,CD14 Mono,CD16+ Monocytes,CD16 Mono,0.5,hao_stateful_gemini_run05
E2L5_GATGACTGTACGTACT,NK,NK,CD8+ T cells,CD8 T cell (subtype unclear),0.0,hao_stateful_gemini_run05
L2_CTTACCGGTGAGCTCC,other T,MAIT,CD8+ T cells,CD8 T cell (subtype unclear),0.0,hao_stateful_gemini_run05
E2L3_ACAAGCTCAGGTTTAC,B,B naive,B cells,B cell (subtype unclear),0.5,hao_stateful_gemini_run05
E2L3_CGAGGCTAGGGTCAAC,B,B naive,B cells,B cell (subtype unclear),0.5,hao_stateful_gemini_run05
L3_TTGCCTGAGATAGGGA,CD4 T,CD4 CTL,CD8+ T cells,CD8 T cell (subtype unclear),0.0,hao_stateful_gemini_run05
E2L5_CGTAATGCATTATGCG,B,B naive,B cells,B cell (subtype unclear),0.5,hao_stateful_gemini_run05
L5_GTCAAGTAGGATTACA,CD4 T,CD4 CTL,CD8+ T cells,CD8 T cell (subtype unclear),0.0,hao_stateful_gemini_run05
L4_AAACGAAAGCCTGACC,DC,cDC2,CD14+ Monocytes,CD14 Mono,0.0,hao_stateful_gemini_run05
E2L1_CTACCTGGTTACGGAG,Mono,CD14 Mono,CD14+ Monocytes,CD14 Mono,1.0,hao_stateful_gemini_run05
L2_AGTAGTCCAACGATCT,CD4 T,CD4 Naive,CD4+ T cells,CD4 T cell (subtype unclear),0.5,hao_stateful_gemini_run05
E2L4_AGAACAACACTCGATA,CD4 T,CD4 Naive,CD4+ T cells,CD4 T cell (subtype unclear),0.5,hao_stateful_gemini_run05
L4_CTCATGCCATAAGCGG,other T,gdT,CD8+ T cells,CD8 T cell (subtype unclear),0.0,hao_stateful_gemini_run05
L2_CCCTCAACACAGACGA,CD4 T,Treg,CD4+ T cells,CD4 T cell (subtype unclear),0.5,hao_stateful_gemini_run05
L5_GTCAGCGGTTTACGAC,CD4 T,CD4 CTL,CD8+ T cells,CD8 T cell (subtype unclear),0.0,hao_stateful_gemini_run05
L1_CACACAAAGCCTTCTC,CD4 T,CD4 Naive,CD4+ T cells,CD4 T cell (subtype unclear),0.5,hao_stateful_gemini_run05
E2L1_TGATCTTTCAAGAATG,B,B memory,B cells,B cell (subtype unclear),0.5,hao_stateful_gemini_run05
E2L6_CTTTCAATCTCAGGCG,B,Plasmablast,Plasma cells,Plasmablast,1.0,hao_stateful_gemini_run05
L4_TTACGCCGTAGCGATG,Mono,CD14 Mono,CD16+ Monocytes,CD16 Mono,0.5,hao_stateful_gemini_run05
E2L2_TACAACGCATACAGGG,other T,dnT,Memory/Effector T cells,T cell (CD4/CD8/other unclear),0.5,hao_stateful_gemini_run05
E2L8_ACATCCCGTCTCCTGT,other,Platelet,Platelets,Platelet,1.0,hao_stateful_gemini_run05
E2L4_TATCCTACACTTCAGA,CD4 T,CD4 CTL,CD8+ T cells,CD8 T cell (subtype unclear),0.0,hao_stateful_gemini_run05
E2L4_CCCTAACCATTGACAC,other T,dnT,Memory/Effector T cells,T cell (CD4/CD8/other unclear),0.5,hao_stateful_gemini_run05
L5_AGAAGTATCCGTATGA,other T,gdT,CD8+ T cells,CD8 T cell (subtype unclear),0.0,hao_stateful_gemini_run05
E2L5_TAGACCAGTAGGGAGG,other T,gdT,CD8+ T cells,CD8 T cell (subtype unclear),0.0,hao_stateful_gemini_run05
E2L4_ATTCCATTCTTTCCAA,DC,pDC,Plasmacytoid Dendritic cells,pDC,1.0,hao_stateful_gemini_run05
E2L2_CTCAAGACACGGCTAC,other T,gdT,CD8+ T cells,CD8 T cell (subtype unclear),0.0,hao_stateful_gemini_run05
L5_AACAGGGGTCACATTG,CD4 T,CD4 CTL,CD8+ T cells,CD8 T cell (subtype unclear),0.0,hao_stateful_gemini_run05
L3_GACCCAGAGCCTCAGC,B,B naive,B cells,B cell (subtype unclear),0.5,hao_stateful_gemini_run05
E2L5_CTAACTTTCAGTGATC,DC,pDC,Plasmacytoid Dendritic cells,pDC,1.0,hao_stateful_gemini_run05
L1_GTAGAAACATGGCCAC,other T,dnT,CD4+ T cells,CD4 T cell (subtype unclear),0.0,hao_stateful_gemini_run05
L4_TGTCAGATCCGTCACT,CD8 T,CD8 TCM,CD4+ T cells,CD4 T cell (subtype unclear),0.0,hao_stateful_gemini_run05
E2L2_AATCGTGAGCAACAGC,Mono,CD16 Mono,CD16+ Monocytes,CD16 Mono,1.0,hao_stateful_gemini_run05
E2L3_TGGGTTAAGAACCCGA,B,B intermediate,B cells,B cell (subtype unclear),0.5,hao_stateful_gemini_run05
L4_CATGCTCTCCCATTCG,CD4 T,CD4 CTL,CD8+ T cells,CD8 T cell (subtype unclear),0.0,hao_stateful_gemini_run05
E2L7_ACCTGAAGTCCAGGTC,B,Plasmablast,Plasma cells,Plasmablast,1.0,hao_stateful_gemini_run05
E2L7_TTGCTGCCATACCACA,DC,pDC,Plasmacytoid Dendritic cells,pDC,1.0,hao_stateful_gemini_run05
E2L8_CTGCCTATCTGCTTTA,NK,NK_CD56bright,NK cells,NK,0.5,hao_stateful_gemini_run05
E2L8_AGCTTCCAGGTCGCCT,DC,cDC1,Conventional Dendritic cells,Dendritic cell (subtype unclear),0.5,hao_stateful_gemini_run05
E2L4_GACTATGTCGACGACC,B,B intermediate,B cells,B cell (subtype unclear),0.5,hao_stateful_gemini_run05
E2L2_TTGCTGCAGCCTCGTG,Mono,CD16 Mono,CD16+ Monocytes,CD16 Mono,1.0,hao_stateful_gemini_run05
E2L1_GGCGTCAGTCGATTAC,B,B naive,B cells,B cell (subtype unclear),0.5,hao_stateful_gemini_run05
E2L6_ATGGATCAGTAGCAAT,DC,cDC2,CD14+ Monocytes,CD14 Mono,0.0,hao_stateful_gemini_run05
E2L6_AGCTTCCGTCAACGCC,CD8 T,CD8 TEM,CD8+ T cells,CD8 T cell (subtype unclear),0.5,hao_stateful_gemini_run05
E2L6_AAGACTCTCAACGCTA,other,Platelet,Platelets,Platelet,1.0,hao_stateful_gemini_run05
L3_GGCGTCACAAATTGCC,CD4 T,CD4 Proliferating,Proliferating cells,Proliferating lymphocyte (lineage unclear),0.5,hao_stateful_gemini_run05
E2L7_GTAAGTCCAAATAGCA,DC,pDC,Plasmacytoid Dendritic cells,pDC,1.0,hao_stateful_gemini_run05
E2L5_TTGAGTGAGAGTGTGC,other T,gdT,CD8+ T cells,CD8 T cell (subtype unclear),0.0,hao_stateful_gemini_run05
E2L5_TACACCCAGTAGACAT,CD8 T,CD8 TEM,CD8+ T cells,CD8 T cell (subtype unclear),0.5,hao_stateful_gemini_run05
E2L8_TAGCACATCTAGTTCT,Mono,CD16 Mono,CD16+ Monocytes,CD16 Mono,1.0,hao_stateful_gemini_run05
E2L3_GGTGTTAAGTGCACTT,other,Platelet,Platelets,Platelet,1.0,hao_stateful_gemini_run05
L2_GATGACTAGGACAGCT,CD4 T,Treg,CD4+ T cells,CD4 T cell (subtype unclear),0.5,hao_stateful_gemini_run05
L4_CGTGATAAGGTGCTTT,CD4 T,Treg,CD4+ T cells,CD4 T cell (subtype unclear),0.5,hao_stateful_gemini_run05
E2L4_GCAGCTGTCTCATTTG,other T,MAIT,CD8+ T cells,CD8 T cell (subtype unclear),0.0,hao_stateful_gemini_run05
E2L6_TCGTCCAAGTGGCGAT,other T,MAIT,CD4+ T cells,CD4 T cell (subtype unclear),0.0,hao_stateful_gemini_run05
L3_ACTGCAAGTTAGAAGT,CD4 T,Treg,CD4+ T cells,CD4 T cell (subtype unclear),0.5,hao_stateful_gemini_run05
E2L8_ACCTGAAGTTCTTAGG,NK,NK_CD56bright,NK cells,NK,0.5,hao_stateful_gemini_run05
E2L6_GTTCCGTGTTGTACGT,CD8 T,CD8 TEM,CD4+ T cells,CD4 T cell (subtype unclear),0.0,hao_stateful_gemini_run05
L2_TGCTCGTCAGCGACAA,other T,MAIT,CD8+ T cells,CD8 T cell (subtype unclear),0.0,hao_stateful_gemini_run05
L5_CCACGTTCATGTAACC,CD4 T,CD4 TEM,CD8+ T cells,CD8 T cell (subtype unclear),0.0,hao_stateful_gemini_run05
L2_TTGTTCATCCCTATTA,CD4 T,CD4 TEM,CD4+ T cells,CD4 T cell (subtype unclear),0.5,hao_stateful_gemini_run05
L2_GATGACTCAGGTATGG,other,HSPC,Erythrocytes,Eryth,0.0,hao_stateful_gemini_run05
E2L4_TAGGTACGTGCATTAC,CD8 T,CD8 Proliferating,Proliferating cells,Proliferating lymphocyte (lineage unclear),0.5,hao_stateful_gemini_run05
L3_TTTACTGAGATGTTCC,other,HSPC,HSPC,HSPC,1.0,hao_stateful_gemini_run05
E2L1_ACGGAAGGTGGTAACG,other T,gdT,CD8+ T cells,CD8 T cell (subtype unclear),0.0,hao_stateful_gemini_run05
E2L3_CCAAGCGGTGCAAGAC,NK,NK_CD56bright,NK cells,NK,0.5,hao_stateful_gemini_run05
L2_AGTTCGATCACGGTCG,other T,MAIT,CD4+ T cells,CD4 T cell (subtype unclear),0.0,hao_stateful_gemini_run05
L5_GTATTTCGTTTGATCG,other T,gdT,CD8+ T cells,CD8 T cell (subtype unclear),0.0,hao_stateful_gemini_run05
E2L6_AGGCTGCAGAGTCAAT,CD8 T,CD8 Proliferating,Proliferating cells,Proliferating lymphocyte (lineage unclear),0.5,hao_stateful_gemini_run05
E2L4_AGGGAGTGTCGCAGTC,B,B memory,B cells,B cell (subtype unclear),0.5,hao_stateful_gemini_run05
E2L3_AGGAGGTGTTCGAAGG,DC,pDC,Plasmacytoid Dendritic cells,pDC,1.0,hao_stateful_gemini_run05
E2L7_TTAGGGTGTAGGTACG,B,B naive,B cells,B cell (subtype unclear),0.5,hao_stateful_gemini_run05
L3_TCTAACTGTCGATTTG,B,Plasmablast,Plasma cells,Plasmablast,1.0,hao_stateful_gemini_run05
E2L1_TGAACGTAGTTGTCAC,B,B intermediate,B cells,B cell (subtype unclear),0.5,hao_stateful_gemini_run05
L4_CGAGGCTAGCGTATAA,other T,dnT,CD4+ T cells,CD4 T cell (subtype unclear),0.0,hao_stateful_gemini_run05
E2L3_CCCTCAACAGTAACCT,NK,NK,CD8+ T cells,CD8 T cell (subtype unclear),0.0,hao_stateful_gemini_run05
E2L3_CTCAACCGTCATTGCA,other T,gdT,CD8+ T cells,CD8 T cell (subtype unclear),0.0,hao_stateful_gemini_run05
L4_CAGAGCCCACAACGCC,NK,NK Proliferating,Proliferating cells,Proliferating lymphocyte (lineage unclear),0.5,hao_stateful_gemini_run05
L1_CGTGCTTGTAGCACAG,CD4 T,CD4 TEM,CD4+ T cells,CD4 T cell (subtype unclear),0.5,hao_stateful_gemini_run05
L3_GTAGAAATCCGTTGAA,CD4 T,CD4 TCM,CD4+ T cells,CD4 T cell (subtype unclear),0.5,hao_stateful_gemini_run05
E2L7_AAGTGAAAGGCGTTGA,CD4 T,Treg,CD4+ T cells,CD4 T cell (subtype unclear),0.5,hao_stateful_gemini_run05
E2L4_CTCCAACTCGCTAAAC,CD8 T,CD8 TEM,CD8+ T cells,CD8 T cell (subtype unclear),0.5,hao_stateful_gemini_run05
E2L4_AGTCATGGTTTCGTGA,other,Platelet,Platelets,Platelet,1.0,hao_stateful_gemini_run05
E2L7_TCAATCTGTCTTAGTG,DC,cDC2,CD14+ Monocytes,CD14 Mono,0.0,hao_stateful_gemini_run05
L5_AGGACGATCATCGCTC,CD8 T,CD8 TEM,CD4+ T cells,CD4 T cell (subtype unclear),0.0,hao_stateful_gemini_run05
E2L8_GAGTGTTTCATTCATC,Mono,CD14 Mono,CD16+ Monocytes,CD16 Mono,0.5,hao_stateful_gemini_run05
L2_CACGAATTCCTGTTGC,CD8 T,CD8 TEM,CD8+ T cells,CD8 T cell (subtype unclear),0.5,hao_stateful_gemini_run05
E2L7_TTTCATGCAGTAACAA,CD8 T,CD8 Naive,CD4+ T cells,CD4 T cell (subtype unclear),0.0,hao_stateful_gemini_run05
E2L5_TCAAGTGAGTGCGCTC,B,B intermediate,B cells,B cell (subtype unclear),0.5,hao_stateful_gemini_run05
E2L5_TCTTGCGCATGAGGGT,NK,NK_CD56bright,NK cells,NK,0.5,hao_stateful_gemini_run05
E2L8_AAAGTGAAGCAGCCCT,other,Platelet,Platelets,Platelet,1.0,hao_stateful_gemini_run05
L3_TTGCGTCCACTCTAGA,other T,MAIT,CD8+ T cells,CD8 T cell (subtype unclear),0.0,hao_stateful_gemini_run05
L2_CATCCACCATGGGTCC,other T,MAIT,CD8+ T cells,CD8 T cell (subtype unclear),0.0,hao_stateful_gemini_run05
E2L1_TGTGTGATCAGACATC,Mono,CD16 Mono,CD16+ Monocytes,CD16 Mono,1.0,hao_stateful_gemini_run05
L3_CCTTCAGGTGGATCGA,other T,gdT,CD8+ T cells,CD8 T cell (subtype unclear),0.0,hao_stateful_gemini_run05
L1_CTTTCAAAGTAGATCA,B,B intermediate,B cells,B cell (subtype unclear),0.5,hao_stateful_gemini_run05
E2L7_CCGTAGGCAACCGGAA,DC,pDC,Plasmacytoid Dendritic cells,pDC,1.0,hao_stateful_gemini_run05
L2_ATCCCTGGTTCGATTG,B,Plasmablast,Plasma cells,Plasmablast,1.0,hao_stateful_gemini_run05
L3_GTAATGCGTGGGCTTC,CD4 T,CD4 CTL,CD8+ T cells,CD8 T cell (subtype unclear),0.0,hao_stateful_gemini_run05
E2L4_TGACGCGGTGATGAAT,DC,pDC,Plasmacytoid Dendritic cells,pDC,1.0,hao_stateful_gemini_run05
E2L8_TATGTTCAGTAAAGCT,CD8 T,CD8 Naive,CD4+ T cells,CD4 T cell (subtype unclear),0.0,hao_stateful_gemini_run05
E2L1_CAGATTGCACAAGTGG,CD8 T,CD8 Naive,CD4+ T cells,CD4 T cell (subtype unclear),0.0,hao_stateful_gemini_run05
E2L6_CTCGAGGCACCTGCTT,B,B naive,B cells,B cell (subtype unclear),0.5,hao_stateful_gemini_run05
E2L2_TGTCCTGTCGCCAGAC,CD4 T,CD4 CTL,CD8+ T cells,CD8 T cell (subtype unclear),0.0,hao_stateful_gemini_run05
E2L5_GTATTTCGTCTTTATC,other T,gdT,CD8+ T cells,CD8 T cell (subtype unclear),0.0,hao_stateful_gemini_run05
E2L4_CACGTGGCAAACTAGA,other,Platelet,Platelets,Platelet,1.0,hao_stateful_gemini_run05
L3_GTAATGCAGACCAGCA,DC,cDC2,CD14+ Monocytes,CD14 Mono,0.0,hao_stateful_gemini_run05
E2L1_TCGAAGTAGCAATTAG,CD8 T,CD8 TCM,CD4+ T cells,CD4 T cell (subtype unclear),0.0,hao_stateful_gemini_run05
E2L2_AGCTCAACACTGGATT,B,B memory,B cells,B cell (subtype unclear),0.5,hao_stateful_gemini_run05
E2L8_GGGACCTTCGGCTGTG,Mono,CD16 Mono,CD16+ Monocytes,CD16 Mono,1.0,hao_stateful_gemini_run05
E2L8_TGCAGATAGCTCTGTA,B,B memory,B cells,B cell (subtype unclear),0.5,hao_stateful_gemini_run05
E2L6_ATTCTACTCCGGCAAC,CD8 T,CD8 TCM,CD4+ T cells,CD4 T cell (subtype unclear),0.0,hao_stateful_gemini_run05
L1_CAGCCAGTCCGGTTCT,CD4 T,CD4 CTL,CD8+ T cells,CD8 T cell (subtype unclear),0.0,hao_stateful_gemini_run05
E2L1_TGTTCCGAGTAGCCAG,NK,NK Proliferating,Proliferating cells,Proliferating lymphocyte (lineage unclear),0.5,hao_stateful_gemini_run05
L1_TGTGTGACACAATGAA,NK,NK_CD56bright,NK cells,NK,0.5,hao_stateful_gemini_run05
E2L2_TTACAGGGTGGTAATA,CD4 T,CD4 TCM,CD4+ T cells,CD4 T cell (subtype unclear),0.5,hao_stateful_gemini_run05
E2L5_TCTACATCACCGTCGA,other,Platelet,Platelets,Platelet,1.0,hao_stateful_gemini_run05
L5_GGTAGAGCAGGGAATC,Mono,CD14 Mono,CD16+ Monocytes,CD16 Mono,0.5,hao_stateful_gemini_run05
L1_AGCTCAATCATGAGTC,Mono,CD16 Mono,CD16+ Monocytes,CD16 Mono,1.0,hao_stateful_gemini_run05
E2L6_ACGGTCGAGGTTTACC,CD4 T,CD4 CTL,CD8+ T cells,CD8 T cell (subtype unclear),0.0,hao_stateful_gemini_run05
L4_GTGTTAGTCATCAGTG,NK,NK,CD8+ T cells,CD8 T cell (subtype unclear),0.0,hao_stateful_gemini_run05
L4_TGTTGAGTCTGAGAGG,other,Eryth,Erythrocytes,Eryth,1.0,hao_stateful_gemini_run05
L5_TCGCAGGTCCGCAAAT,DC,cDC2,CD14+ Monocytes,CD14 Mono,0.0,hao_stateful_gemini_run05
L3_GTCCCATGTAGAGTTA,other T,dnT,CD4+ T cells,CD4 T cell (subtype unclear),0.0,hao_stateful_gemini_run05
L4_TAGGGTTTCTCATTTG,other,Platelet,Platelets,Platelet,1.0,hao_stateful_gemini_run05
E2L3_CTGTCGTGTGTAACGG,Mono,CD16 Mono,CD16+ Monocytes,CD16 Mono,1.0,hao_stateful_gemini_run05
E2L8_CTGTACCGTGTAAATG,other T,gdT,CD8+ T cells,CD8 T cell (subtype unclear),0.0,hao_stateful_gemini_run05
E2L1_CGGAATTCATGGCACC,CD4 T,CD4 Naive,CD4+ T cells,CD4 T cell (subtype unclear),0.5,hao_stateful_gemini_run05
E2L2_GTTGTAGCAGAGAAAG,CD4 T,CD4 CTL,CD8+ T cells,CD8 T cell (subtype unclear),0.0,hao_stateful_gemini_run05
L5_CTTAGGACAGCGTACC,B,Plasmablast,Plasma cells,Plasmablast,1.0,hao_stateful_gemini_run05
L1_TATATCCTCTCATAGG,NK,NK,CD8+ T cells,CD8 T cell (subtype unclear),0.0,hao_stateful_gemini_run05
E2L2_AGCGCCATCACATTGG,CD4 T,CD4 CTL,CD8+ T cells,CD8 T cell (subtype unclear),0.0,hao_stateful_gemini_run05
L5_TCGGGCAAGTGTTCCA,other,Platelet,Platelets,Platelet,1.0,hao_stateful_gemini_run05
L2_CTCCCAATCCTTGACC,CD8 T,CD8 TCM,CD4+ T cells,CD4 T cell (subtype unclear),0.0,hao_stateful_gemini_run05
L5_ACGATGTTCTGCTCTG,CD4 T,CD4 CTL,CD8+ T cells,CD8 T cell (subtype unclear),0.0,hao_stateful_gemini_run05
L2_ACAGGGATCTTAGCCC,other T,gdT,CD8+ T cells,CD8 T cell (subtype unclear),0.0,hao_stateful_gemini_run05
E2L3_CCATCACAGAGAGCCT,other,Platelet,Platelets,Platelet,1.0,hao_stateful_gemini_run05
E2L4_ATTTCTGGTGCACAAG,CD8 T,CD8 Naive,CD4+ T cells,CD4 T cell (subtype unclear),0.0,hao_stateful_gemini_run05
E2L5_ATACCGATCGACATCA,CD4 T,CD4 Naive,CD4+ T cells,CD4 T cell (subtype unclear),0.5,hao_stateful_gemini_run05
E2L4_CGCAGGTGTCGTCATA,B,B memory,B cells,B cell (subtype unclear),0.5,hao_stateful_gemini_run05
E2L3_CTTCCGACACTTGAGT,CD8 T,CD8 TEM,CD8+ T cells,CD8 T cell (subtype unclear),0.5,hao_stateful_gemini_run05
L4_CATGAGTCATTGCAAC,CD4 T,CD4 Proliferating,Proliferating cells,Proliferating lymphocyte (lineage unclear),0.5,hao_stateful_gemini_run05
E2L4_GTCTGTCGTGGCACTC,other,Platelet,Platelets,Platelet,1.0,hao_stateful_gemini_run05
L2_TGTAAGCTCCTAACAG,CD4 T,CD4 TEM,CD4+ T cells,CD4 T cell (subtype unclear),0.5,hao_stateful_gemini_run05
E2L3_GTCCTCAAGAACAAGG,CD4 T,CD4 Naive,CD4+ T cells,CD4 T cell (subtype unclear),0.5,hao_stateful_gemini_run05
L4_CACCAAACACTGGACC,CD4 T,Treg,CD4+ T cells,CD4 T cell (subtype unclear),0.5,hao_stateful_gemini_run05
E2L5_AGAACCTTCTCGGTAA,other,ILC,NK cells,NK,0.0,hao_stateful_gemini_run05
E2L4_ATGGGAGAGTTTGTCG,other,Platelet,Platelets,Platelet,1.0,hao_stateful_gemini_run05
E2L5_TTCCTAATCACACGAT,B,B naive,B cells,B cell (subtype unclear),0.5,hao_stateful_gemini_run05
E2L1_GTTCCGTTCTGAGCAT,other,Platelet,Platelets,Platelet,1.0,hao_stateful_gemini_run05
L1_ATTTACCCACGCAGTC,other,HSPC,HSPC,HSPC,1.0,hao_stateful_gemini_run05
L4_AGAGCCCTCACAGAGG,B,Plasmablast,Plasma cells,Plasmablast,1.0,hao_stateful_gemini_run05
E2L8_TACGTCCGTTCTTGCC,CD8 T,CD8 Naive,CD4+ T cells,CD4 T cell (subtype unclear),0.0,hao_stateful_gemini_run05
E2L5_TCAATTCGTTGTGTTG,CD4 T,CD4 CTL,CD8+ T cells,CD8 T cell (subtype unclear),0.0,hao_stateful_gemini_run05
E2L2_TCCTCTTTCAGCCTCT,other T,gdT,CD8+ T cells,CD8 T cell (subtype unclear),0.0,hao_stateful_gemini_run05
E2L2_GTAGCTACATCCGAAT,CD8 T,CD8 TCM,CD4+ T cells,CD4 T cell (subtype unclear),0.0,hao_stateful_gemini_run05
L5_GTGTGGCCAAACGAGC,CD4 T,CD4 Naive,CD4+ T cells,CD4 T cell (subtype unclear),0.5,hao_stateful_gemini_run05
E2L5_CGAGGAACAGCTGCCA,other T,gdT,CD8+ T cells,CD8 T cell (subtype unclear),0.0,hao_stateful_gemini_run05
E2L1_AGTTCCCTCGCCAGAC,CD4 T,CD4 CTL,CD8+ T cells,CD8 T cell (subtype unclear),0.0,hao_stateful_gemini_run05
L4_TCTACATGTACCCACG,CD8 T,CD8 TCM,CD4+ T cells,CD4 T cell (subtype unclear),0.0,hao_stateful_gemini_run05
L3_GTGTTAGCAGATAAAC,Mono,CD14 Mono,CD16+ Monocytes,CD16 Mono,0.5,hao_stateful_gemini_run05
L2_CAGCACGGTATATGGA,other,Eryth,Erythrocytes,Eryth,1.0,hao_stateful_gemini_run05
E2L2_TCGATTTAGCACACCC,Mono,CD14 Mono,CD14+ Monocytes,CD14 Mono,1.0,hao_stateful_gemini_run05
E2L3_AAGTGAAAGAGGACTC,DC,cDC2,CD14+ Monocytes,CD14 Mono,0.0,hao_stateful_gemini_run05
L1_TGGTTAGAGTCTGCAT,CD4 T,CD4 TCM,CD4+ T cells,CD4 T cell (subtype unclear),0.5,hao_stateful_gemini_run05
E2L7_TGTCCTGTCTCTCCGA,other T,gdT,CD8+ T cells,CD8 T cell (subtype unclear),0.0,hao_stateful_gemini_run05
L3_CATTTCACAAGATGTA,other T,gdT,CD8+ T cells,CD8 T cell (subtype unclear),0.0,hao_stateful_gemini_run05
L5_CTTCGGTTCGGATACT,DC,ASDC,CD14+ Monocytes,CD14 Mono,0.0,hao_stateful_gemini_run05
L4_TGCGATAGTTACTCAG,Mono,CD16 Mono,CD16+ Monocytes,CD16 Mono,1.0,hao_stateful_gemini_run05
L3_GTGGTTAAGTTATGGA,other T,MAIT,CD8+ T cells,CD8 T cell (subtype unclear),0.0,hao_stateful_gemini_run05
E2L5_GTGTTCCGTGCATTAC,B,B naive,B cells,B cell (subtype unclear),0.5,hao_stateful_gemini_run05
E2L1_ATTCACTCAGGTCCGT,other T,MAIT,CD8+ T cells,CD8 T cell (subtype unclear),0.0,hao_stateful_gemini_run05
E2L5_CTCCCAAGTACCAATC,other T,MAIT,CD8+ T cells,CD8 T cell (subtype unclear),0.0,hao_stateful_gemini_run05
E2L1_GAGAAATCAAACTGCT,other,Platelet,Platelets,Platelet,1.0,hao_stateful_gemini_run05
L2_TTTCACAGTTTGACAC,CD8 T,CD8 Naive,CD4+ T cells,CD4 T cell (subtype unclear),0.0,hao_stateful_gemini_run05
E2L4_CCGTGAGAGATGAAGG,other,Platelet,Platelets,Platelet,1.0,hao_stateful_gemini_run05
E2L6_CAATACGCAGCGGTCT,other,Platelet,Platelets,Platelet,1.0,hao_stateful_gemini_run05
E2L1_GTTGTCCAGAATACAC,other T,gdT,CD8+ T cells,CD8 T cell (subtype unclear),0.0,hao_stateful_gemini_run05
E2L2_CTACCCACAGTTAGGG,other,HSPC,HSPC,HSPC,1.0,hao_stateful_gemini_run05
L2_TTTATGCGTTAGTTCG,DC,pDC,Plasmacytoid Dendritic cells,pDC,1.0,hao_stateful_gemini_run05
E2L6_ACTCCCATCGTACACA,CD4 T,CD4 TEM,CD4+ T cells,CD4 T cell (subtype unclear),0.5,hao_stateful_gemini_run05
E2L3_TATTGCTCAGAAATTG,other T,gdT,CD8+ T cells,CD8 T cell (subtype unclear),0.0,hao_stateful_gemini_run05
L2_TCCCATGGTATGCTAC,NK,NK,CD8+ T cells,CD8 T cell (subtype unclear),0.0,hao_stateful_gemini_run05
E2L2_AACGGGAAGACGGATC,CD8 T,CD8 TCM,CD4+ T cells,CD4 T cell (subtype unclear),0.0,hao_stateful_gemini_run05
L1_CCACGTTCAGCTCGGT,other,Eryth,Erythrocytes,Eryth,1.0,hao_stateful_gemini_run05
L3_CCGGACACACACAGAG,DC,cDC2,CD14+ Monocytes,CD14 Mono,0.0,hao_stateful_gemini_run05
E2L2_ATCGGATCAATTGGTC,other,Platelet,Platelets,Platelet,1.0,hao_stateful_gemini_run05
L3_CATCGTCGTCCCTGTT,other,ILC,NK cells,NK,0.0,hao_stateful_gemini_run05
L1_GGTGGCTCACTGAATC,NK,NK,CD8+ T cells,CD8 T cell (subtype unclear),0.0,hao_stateful_gemini_run05
E2L7_CGCAGGTAGTGCCAGA,Mono,CD14 Mono,CD16+ Monocytes,CD16 Mono,0.5,hao_stateful_gemini_run05
L3_AAAGTCCGTCCAATCA,B,B naive,B cells,B cell (subtype unclear),0.5,hao_stateful_gemini_run05
L3_TCGAAGTAGTGGTTGG,B,B naive,B cells,B cell (subtype unclear),0.5,hao_stateful_gemini_run05
E2L1_TCATGTTTCAGTCATG,NK,NK,NK cells,NK,1.0,hao_stateful_gemini_run05
L4_TACGGGCTCCTCCACA,other,ILC,NK cells,NK,0.0,hao_stateful_gemini_run05
E2L3_TTCTCTCAGCCTATTG,CD8 T,CD8 Naive,CD4+ T cells,CD4 T cell (subtype unclear),0.0,hao_stateful_gemini_run05
E2L2_TTTACTGAGTCATGCT,DC,cDC2,CD14+ Monocytes,CD14 Mono,0.0,hao_stateful_gemini_run05
L5_GGGATCCAGGAGGCAG,CD4 T,CD4 CTL,CD8+ T cells,CD8 T cell (subtype unclear),0.0,hao_stateful_gemini_run05
L3_TTCTAACGTAGCCCTG,other,HSPC,HSPC,HSPC,1.0,hao_stateful_gemini_run05
L2_AGCTTCCTCGATCCAA,CD8 T,CD8 TEM,CD4+ T cells,CD4 T cell (subtype unclear),0.0,hao_stateful_gemini_run05
L5_AGGGAGTAGGCATCGA,CD8 T,CD8 TEM,CD8+ T cells,CD8 T cell (subtype unclear),0.5,hao_stateful_gemini_run05
L5_GTAGTACGTACCAGAG,other,HSPC,HSPC,HSPC,1.0,hao_stateful_gemini_run05
E2L8_TGATTTCGTACTTGTG,NK,NK Proliferating,Proliferating cells,Proliferating lymphocyte (lineage unclear),0.5,hao_stateful_gemini_run05
E2L8_AGGATAAAGGCACCAA,DC,cDC2,CD14+ Monocytes,CD14 Mono,0.0,hao_stateful_gemini_run05
E2L4_CGTGTCTAGACCCGCT,CD4 T,CD4 TEM,CD4+ T cells,CD4 T cell (subtype unclear),0.5,hao_stateful_gemini_run05
L2_GCCAGGTGTATACCTG,CD4 T,CD4 TCM,CD4+ T cells,CD4 T cell (subtype unclear),0.5,hao_stateful_gemini_run05
E2L8_ATTCCATGTTGTCCCT,NK,NK,CD8+ T cells,CD8 T cell (subtype unclear),0.0,hao_stateful_gemini_run05
E2L8_CTCCGATCATGGGTTT,CD4 T,CD4 CTL,CD8+ T cells,CD8 T cell (subtype unclear),0.0,hao_stateful_gemini_run05
L4_AAGCGAGTCTGTGCAA,other,HSPC,HSPC,HSPC,1.0,hao_stateful_gemini_run05
E2L2_GGGTTATGTGACCGTC,CD4 T,CD4 Naive,CD4+ T cells,CD4 T cell (subtype unclear),0.5,hao_stateful_gemini_run05
E2L4_TGCGATACAGGTGGAT,DC,ASDC,CD14+ Monocytes,CD14 Mono,0.0,hao_stateful_gemini_run05
E2L5_GGTGTTACAACATCGT,CD8 T,CD8 Naive,CD4+ T cells,CD4 T cell (subtype unclear),0.0,hao_stateful_gemini_run05
L3_GTTAGACGTGTAACGG,CD8 T,CD8 TCM,CD4+ T cells,CD4 T cell (subtype unclear),0.0,hao_stateful_gemini_run05
L5_CCTCACAAGCACTCAT,Mono,CD16 Mono,CD16+ Monocytes,CD16 Mono,1.0,hao_stateful_gemini_run05
E2L6_CAATACGGTCCGCAGT,B,Plasmablast,Plasma cells,Plasmablast,1.0,hao_stateful_gemini_run05
L5_AACAAGATCGTGCTCT,CD4 T,CD4 Naive,CD4+ T cells,CD4 T cell (subtype unclear),0.5,hao_stateful_gemini_run05
L3_CCGGACATCGATTTCT,DC,pDC,Plasmacytoid Dendritic cells,pDC,1.0,hao_stateful_gemini_run05
E2L8_CCTCACACAAGTTTGC,DC,cDC1,Conventional Dendritic cells,Dendritic cell (subtype unclear),0.5,hao_stateful_gemini_run05
L1_TAAGCGTCACTAAACC,other T,dnT,CD4+ T cells,CD4 T cell (subtype unclear),0.0,hao_stateful_gemini_run05
E2L1_CCGCAAGCAGAGTGAC,CD4 T,CD4 TCM,CD4+ T cells,CD4 T cell (subtype unclear),0.5,hao_stateful_gemini_run05
L5_CTTCGGTAGTCACGAG,other,Platelet,Platelets,Platelet,1.0,hao_stateful_gemini_run05
E2L6_TGCGGGTTCGAGTTGT,other,Eryth,Erythrocytes,Eryth,1.0,hao_stateful_gemini_run05
E2L5_TCGGGACGTACTGGGA,CD4 T,Treg,CD4+ T cells,CD4 T cell (subtype unclear),0.5,hao_stateful_gemini_run05
L3_ATGCATGCACTCCTGT,CD8 T,CD8 TCM,CD4+ T cells,CD4 T cell (subtype unclear),0.0,hao_stateful_gemini_run05
L4_ATTGGGTAGCGAGGAG,other T,MAIT,CD8+ T cells,CD8 T cell (subtype unclear),0.0,hao_stateful_gemini_run05
L2_TCGTCCACACGGATCC,CD4 T,CD4 TEM,CD4+ T cells,CD4 T cell (subtype unclear),0.5,hao_stateful_gemini_run05
E2L2_TTGGATGAGACCTCAT,CD4 T,CD4 CTL,CD8+ T cells,CD8 T cell (subtype unclear),0.0,hao_stateful_gemini_run05
E2L6_GAACACTTCTATGCCC,Mono,CD14 Mono,CD16+ Monocytes,CD16 Mono,0.5,hao_stateful_gemini_run05
L1_CGGCAGTCATACCAGT,DC,pDC,Plasmacytoid Dendritic cells,pDC,1.0,hao_stateful_gemini_run05
E2L4_TACTGCCCAGACGGAT,NK,NK Proliferating,Proliferating cells,Proliferating lymphocyte (lineage unclear),0.5,hao_stateful_gemini_run05
E2L6_ATCCGTCGTGCTTCAA,DC,pDC,Plasmacytoid Dendritic cells,pDC,1.0,hao_stateful_gemini_run05
E2L6_ATCAGGTAGCGTCTGC,B,B memory,B cells,B cell (subtype unclear),0.5,hao_stateful_gemini_run05
E2L3_GTTATGGCATGGCCAC,other T,gdT,CD8+ T cells,CD8 T cell (subtype unclear),0.0,hao_stateful_gemini_run05
E2L6_CTTCAATAGACGAGCT,other,HSPC,HSPC,HSPC,1.0,hao_stateful_gemini_run05
L3_TCAGGTATCCAACCAA,other,HSPC,HSPC,HSPC,1.0,hao_stateful_gemini_run05
E2L5_AGTTCCCAGGAGATAG,other,Platelet,Platelets,Platelet,1.0,hao_stateful_gemini_run05
E2L1_CCTTCAGAGGTACTGG,other,Platelet,CD4+ T cells,CD4 T cell (subtype unclear),0.0,hao_stateful_gemini_run05
E2L1_AGTAGTCCATAACTCG,DC,pDC,Plasmacytoid Dendritic cells,pDC,1.0,hao_stateful_gemini_run05
E2L6_TCCCAGTCAAATGGCG,other T,gdT,CD8+ T cells,CD8 T cell (subtype unclear),0.0,hao_stateful_gemini_run05
E2L4_GTTTACTTCCAACCGG,B,B intermediate,B cells,B cell (subtype unclear),0.5,hao_stateful_gemini_run05
E2L1_TGCTGAAAGAGTCAAT,CD4 T,CD4 TCM,CD4+ T cells,CD4 T cell (subtype unclear),0.5,hao_stateful_gemini_run05
E2L7_AGCCAATTCGGTCTAA,CD4 T,Treg,CD4+ T cells,CD4 T cell (subtype unclear),0.5,hao_stateful_gemini_run05
E2L5_ATGTCTTAGTCAAGCG,CD4 T,CD4 CTL,CD8+ T cells,CD8 T cell (subtype unclear),0.0,hao_stateful_gemini_run05
E2L4_CGTAGTACAAGCGAGT,other T,gdT,CD8+ T cells,CD8 T cell (subtype unclear),0.0,hao_stateful_gemini_run05
E2L4_CCTCTAGGTTCAGCGC,B,Plasmablast,Plasma cells,Plasmablast,1.0,hao_stateful_gemini_run05
L3_AGAACAAGTACCCAGC,other T,MAIT,CD8+ T cells,CD8 T cell (subtype unclear),0.0,hao_stateful_gemini_run05
E2L7_GTACAGTGTGCCTTCT,B,B memory,B cells,B cell (subtype unclear),0.5,hao_stateful_gemini_run05
L4_TCGGGTGCATCACGGC,NK,NK Proliferating,Proliferating cells,Proliferating lymphocyte (lineage unclear),0.5,hao_stateful_gemini_run05
E2L7_GGAGGATGTTTGGCTA,CD4 T,Treg,CD4+ T cells,CD4 T cell (subtype unclear),0.5,hao_stateful_gemini_run05
E2L6_TGGAGGAGTAATGCGG,B,B naive,B cells,B cell (subtype unclear),0.5,hao_stateful_gemini_run05
E2L4_AGGGAGTTCTAGGCAT,Mono,CD14 Mono,CD16+ Monocytes,CD16 Mono,0.5,hao_stateful_gemini_run05
E2L2_TCCAGAAAGAGTTGAT,other T,gdT,CD8+ T cells,CD8 T cell (subtype unclear),0.0,hao_stateful_gemini_run05
E2L8_CCACTTGTCATGAGTC,DC,pDC,Plasmacytoid Dendritic cells,pDC,1.0,hao_stateful_gemini_run05
E2L5_CAACGGCCACACTGGC,B,Plasmablast,Plasma cells,Plasmablast,1.0,hao_stateful_gemini_run05
L4_AGGCCACAGCCGAACA,other,HSPC,HSPC,HSPC,1.0,hao_stateful_gemini_run05
E2L3_TACGGTACACATACGT,NK,NK,CD8+ T cells,CD8 T cell (subtype unclear),0.0,hao_stateful_gemini_run05
E2L6_CACTGGGTCTGTTCAT,CD4 T,Treg,CD4+ T cells,CD4 T cell (subtype unclear),0.5,hao_stateful_gemini_run05
E2L4_GACTATGAGACCAAGC,B,B naive,B cells,B cell (subtype unclear),0.5,hao_stateful_gemini_run05
E2L7_ACACTGAGTTACACAC,B,B naive,B cells,B cell (subtype unclear),0.5,hao_stateful_gemini_run05
L2_TCATTGTTCAAGTCGT,other,HSPC,HSPC,HSPC,1.0,hao_stateful_gemini_run05
E2L6_GCACTAAAGACTTCCA,other,Platelet,Platelets,Platelet,1.0,hao_stateful_gemini_run05
E2L5_TGGGTTACATGATCTG,B,B intermediate,B cells,B cell (subtype unclear),0.5,hao_stateful_gemini_run05
L3_TCGGGCAAGTCACTCA,CD4 T,Treg,CD4+ T cells,CD4 T cell (subtype unclear),0.5,hao_stateful_gemini_run05
L1_AGGAGGTTCCTCTAAT,CD4 T,CD4 Naive,CD4+ T cells,CD4 T cell (subtype unclear),0.5,hao_stateful_gemini_run05
L5_AGAGAATCATGCTGCG,DC,pDC,Plasmacytoid Dendritic cells,pDC,1.0,hao_stateful_gemini_run05
L5_ATGGTTGCATCGGCCA,other,HSPC,HSPC,HSPC,1.0,hao_stateful_gemini_run05
E2L1_TGCATGATCAGTCACA,NK,NK,Proliferating cells,Proliferating lymphocyte (lineage unclear),0.0,hao_stateful_gemini_run05
L1_CGCCAGATCCAATCTT,other T,gdT,CD4+ T cells,CD4 T cell (subtype unclear),0.0,hao_stateful_gemini_run05
E2L4_TTCCACGAGGTTCAGG,CD8 T,CD8 TEM,CD8+ T cells,CD8 T cell (subtype unclear),0.5,hao_stateful_gemini_run05
E2L7_CACGTTCTCTCATGCC,NK,NK Proliferating,Proliferating cells,Proliferating lymphocyte (lineage unclear),0.5,hao_stateful_gemini_run05
L1_CATCGTCAGATGCGAC,other T,dnT,Memory/Effector T cells,T cell (CD4/CD8/other unclear),0.5,hao_stateful_gemini_run05
L4_TGCAGATAGCACTCAT,other,ILC,NK cells,NK,0.0,hao_stateful_gemini_run05
L2_GCAGGCTAGACATACA,other T,gdT,CD8+ T cells,CD8 T cell (subtype unclear),0.0,hao_stateful_gemini_run05
E2L5_AAGTTCGTCTACACTT,NK,NK Proliferating,Proliferating cells,Proliferating lymphocyte (lineage unclear),0.5,hao_stateful_gemini_run05
E2L8_TTCCGTGAGCCAGTAG,DC,pDC,Plasmacytoid Dendritic cells,pDC,1.0,hao_stateful_gemini_run05
E2L3_GTCTCACTCGGCAGTC,DC,cDC1,Conventional Dendritic cells,Dendritic cell (subtype unclear),0.5,hao_stateful_gemini_run05
E2L4_GGGTAGACAGTCCGTG,DC,pDC,Plasmacytoid Dendritic cells,pDC,1.0,hao_stateful_gemini_run05
E2L2_TCTGTCGCAACTTGCA,B,B memory,B cells,B cell (subtype unclear),0.5,hao_stateful_gemini_run05
E2L7_TCATGTTGTATTTCCT,Mono,CD16 Mono,CD16+ Monocytes,CD16 Mono,1.0,hao_stateful_gemini_run05
L3_ATAGACCCAGTGGGTA,B,B naive,B cells,B cell (subtype unclear),0.5,hao_stateful_gemini_run05
L2_AAGTCGTAGTCCTGTA,CD8 T,CD8 Naive,CD4+ T cells,CD4 T cell (subtype unclear),0.0,hao_stateful_gemini_run05
E2L5_CTGAGGCCAGCTACTA,B,Plasmablast,Plasma cells,Plasmablast,1.0,hao_stateful_gemini_run05
E2L4_TTAATCCCAAAGGCTG,CD4 T,CD4 CTL,CD8+ T cells,CD8 T cell (subtype unclear),0.0,hao_stateful_gemini_run05
L3_GAAGGGTCATAGGTAA,other,HSPC,HSPC,HSPC,1.0,hao_stateful_gemini_run05
E2L8_TAGTGCACACGTAGAG,DC,cDC2,CD14+ Monocytes,CD14 Mono,0.0,hao_stateful_gemini_run05
E2L1_GTTGAACTCGCCGATG,CD4 T,CD4 TEM,CD4+ T cells,CD4 T cell (subtype unclear),0.5,hao_stateful_gemini_run05
L3_TCCACGTTCAAACGAA,other T,MAIT,CD8+ T cells,CD8 T cell (subtype unclear),0.0,hao_stateful_gemini_run05
L5_TCACGCTAGCCATCCG,other,ILC,CD4+ T cells,CD4 T cell (subtype unclear),0.0,hao_stateful_gemini_run05
E2L7_CATCCCAAGATCCTAC,NK,NK,CD8+ T cells,CD8 T cell (subtype unclear),0.0,hao_stateful_gemini_run05
L4_TGCCGAGTCCGGCTTT,other T,dnT,Memory/Effector T cells,T cell (CD4/CD8/other unclear),0.5,hao_stateful_gemini_run05
E2L4_GAAATGAGTACAGCGA,CD8 T,CD8 TEM,CD8+ T cells,CD8 T cell (subtype unclear),0.5,hao_stateful_gemini_run05
L4_ACATCGAGTGCAGGAT,CD4 T,Treg,CD4+ T cells,CD4 T cell (subtype unclear),0.5,hao_stateful_gemini_run05
E2L7_GAAGAATTCTATCGTT,DC,ASDC,CD14+ Monocytes,CD14 Mono,0.0,hao_stateful_gemini_run05
E2L7_CAGTGCGGTGGCGTAA,other,Platelet,Platelets,Platelet,1.0,hao_stateful_gemini_run05
E2L6_TCCTTCTTCGTAGCTA,other T,dnT,Memory/Effector T cells,T cell (CD4/CD8/other unclear),0.5,hao_stateful_gemini_run05
E2L4_TATCGCCCAGACAATA,NK,NK,CD8+ T cells,CD8 T cell (subtype unclear),0.0,hao_stateful_gemini_run05
E2L7_ATCATTCTCCGTCACT,DC,pDC,Plasmacytoid Dendritic cells,pDC,1.0,hao_stateful_gemini_run05
L3_CATCCGTGTGTCCACG,CD8 T,CD8 Naive,CD4+ T cells,CD4 T cell (subtype unclear),0.0,hao_stateful_gemini_run05
E2L4_GAACGTTAGGTGCTTT,NK,NK Proliferating,Proliferating cells,Proliferating lymphocyte (lineage unclear),0.5,hao_stateful_gemini_run05
L5_TGTGATGGTTAAGGGC,DC,cDC1,Conventional Dendritic cells,Dendritic cell (subtype unclear),0.5,hao_stateful_gemini_run05
L4_GCTTCACCACCCAATA,CD8 T,CD8 TCM,CD4+ T cells,CD4 T cell (subtype unclear),0.0,hao_stateful_gemini_run05
L4_CTAACCCAGGTATTGA,Mono,CD16 Mono,CD16+ Monocytes,CD16 Mono,1.0,hao_stateful_gemini_run05
E2L8_TTGCCTGGTATACGGG,other T,dnT,CD4+ T cells,CD4 T cell (subtype unclear),0.0,hao_stateful_gemini_run05
L3_TCTATACCACATACTG,B,Plasmablast,Plasma cells,Plasmablast,1.0,hao_stateful_gemini_run05
E2L8_CAGGCCATCGTTGCCT,other T,gdT,CD8+ T cells,CD8 T cell (subtype unclear),0.0,hao_stateful_gemini_run05
L4_AGGACGATCATCTATC,CD4 T,CD4 TCM,CD4+ T cells,CD4 T cell (subtype unclear),0.5,hao_stateful_gemini_run05
E2L7_AGGCCACAGAGCAACC,other,ILC,CD4+ T cells,CD4 T cell (subtype unclear),0.0,hao_stateful_gemini_run05
E2L8_TTGTTGTGTAGTCACT,DC,pDC,Plasmacytoid Dendritic cells,pDC,1.0,hao_stateful_gemini_run05
L4_TCGTAGACAGCTATTG,DC,cDC1,Conventional Dendritic cells,Dendritic cell (subtype unclear),0.5,hao_stateful_gemini_run05
E2L6_CTGTGAACATTGGCAT,B,B memory,B cells,B cell (subtype unclear),0.5,hao_stateful_gemini_run05
E2L7_ATCGGATCATTGCTTT,other,Platelet,Platelets,Platelet,1.0,hao_stateful_gemini_run05
L5_ATTGTTCCAGTTCACA,B,B intermediate,B cells,B cell (subtype unclear),0.5,hao_stateful_gemini_run05
E2L8_TCCTTTCGTTGCATCA,B,B intermediate,B cells,B cell (subtype unclear),0.5,hao_stateful_gemini_run05
E2L7_GGGCTCAAGGAGAATG,B,B intermediate,B cells,B cell (subtype unclear),0.5,hao_stateful_gemini_run05
L1_CCGCAAGCAGGTGTGA,CD4 T,Treg,CD4+ T cells,CD4 T cell (subtype unclear),0.5,hao_stateful_gemini_run05
L1_AAGTGAACAGGACGAT,CD4 T,CD4 Naive,CD4+ T cells,CD4 T cell (subtype unclear),0.5,hao_stateful_gemini_run05
L4_TTGGGTATCCTCAGGG,other,HSPC,HSPC,HSPC,1.0,hao_stateful_gemini_run05
E2L8_AGTTCCCGTGGTCAAG,NK,NK,Proliferating cells,Proliferating lymphocyte (lineage unclear),0.0,hao_stateful_gemini_run05
E2L8_ATTCCTAAGCGAGGAG,CD8 T,CD8 Naive,CD4+ T cells,CD4 T cell (subtype unclear),0.0,hao_stateful_gemini_run05
E2L8_TTTACCAAGTTTCGAC,CD4 T,CD4 Naive,CD4+ T cells,CD4 T cell (subtype unclear),0.5,hao_stateful_gemini_run05
L1_CCCTAACTCTGAGATC,Mono,CD14 Mono,CD16+ Monocytes,CD16 Mono,0.5,hao_stateful_gemini_run05
L5_TCAAGTGCACGACCTG,NK,NK,CD8+ T cells,CD8 T cell (subtype unclear),0.0,hao_stateful_gemini_run05
E2L8_AGTGCCGGTCCAACGC,CD4 T,Treg,CD4+ T cells,CD4 T cell (subtype unclear),0.5,hao_stateful_gemini_run05
L1_TCAGTGAGTTCTCGTC,other T,dnT,Memory/Effector T cells,T cell (CD4/CD8/other unclear),0.5,hao_stateful_gemini_run05
L5_AAGTGAACATAACAGA,CD4 T,Treg,CD4+ T cells,CD4 T cell (subtype unclear),0.5,hao_stateful_gemini_run05
E2L6_TCAGTCCGTGACACGA,NK,NK_CD56bright,NK cells,NK,0.5,hao_stateful_gemini_run05
E2L6_AAGGTAATCGACACCG,other T,gdT,CD8+ T cells,CD8 T cell (subtype unclear),0.0,hao_stateful_gemini_run05
E2L8_GCCGTGAAGAAGTGTT,Mono,CD16 Mono,CD16+ Monocytes,CD16 Mono,1.0,hao_stateful_gemini_run05
E2L6_TACTTCACAGCGTATT,NK,NK Proliferating,Proliferating cells,Proliferating lymphocyte (lineage unclear),0.5,hao_stateful_gemini_run05
E2L5_ACCTGTCTCATCGCCT,CD4 T,CD4 CTL,CD8+ T cells,CD8 T cell (subtype unclear),0.0,hao_stateful_gemini_run05
L4_ATGACCAAGGTAGACC,Mono,CD16 Mono,CD16+ Monocytes,CD16 Mono,1.0,hao_stateful_gemini_run05
E2L5_CTGAGGCCATTCTCCG,DC,pDC,Plasmacytoid Dendritic cells,pDC,1.0,hao_stateful_gemini_run05
L5_GTTAGACTCGTAGCTA,other,HSPC,HSPC,HSPC,1.0,hao_stateful_gemini_run05
E2L4_AGCATCAAGAGGTTTA,B,B memory,B cells,B cell (subtype unclear),0.5,hao_stateful_gemini_run05
E2L1_ACTATCTAGACGGAAA,CD4 T,CD4 TCM,CD4+ T cells,CD4 T cell (subtype unclear),0.5,hao_stateful_gemini_run05
L5_ATCACAGGTGTTAAAG,CD4 T,CD4 TCM,CD4+ T cells,CD4 T cell (subtype unclear),0.5,hao_stateful_gemini_run05
E2L7_ATATCCTCAGGTTCGC,DC,cDC2,CD14+ Monocytes,CD14 Mono,0.0,hao_stateful_gemini_run05
E2L8_ACATCGACACGCTTAA,other,ILC,NK cells,NK,0.0,hao_stateful_gemini_run05
L5_CTCCGATGTGGCTACC,CD4 T,CD4 Naive,CD4+ T cells,CD4 T cell (subtype unclear),0.5,hao_stateful_gemini_run05
L5_TGACTCCGTTCTAACG,other,HSPC,HSPC,HSPC,1.0,hao_stateful_gemini_run05
E2L2_TCCAGAATCTCGACGG,B,Plasmablast,Plasma cells,Plasmablast,1.0,hao_stateful_gemini_run05
L1_TAGAGTCTCGATACAC,DC,pDC,Plasmacytoid Dendritic cells,pDC,1.0,hao_stateful_gemini_run05
E2L2_AGTGATCAGCCGATCC,NK,NK Proliferating,Proliferating cells,Proliferating lymphocyte (lineage unclear),0.5,hao_stateful_gemini_run05
L2_GTGGCGTTCATTTCGT,B,B memory,B cells,B cell (subtype unclear),0.5,hao_stateful_gemini_run05
E2L6_ACCTGTCAGCCGATAG,CD8 T,CD8 Naive,CD4+ T cells,CD4 T cell (subtype unclear),0.0,hao_stateful_gemini_run05
E2L4_GTCCACTGTCCCGCAA,other T,MAIT,CD8+ T cells,CD8 T cell (subtype unclear),0.0,hao_stateful_gemini_run05
L4_CATACCCTCTTCGGAA,DC,ASDC,CD14+ Monocytes,CD14 Mono,0.0,hao_stateful_gemini_run05
E2L6_ACGATCAAGATGGTCG,other T,gdT,CD8+ T cells,CD8 T cell (subtype unclear),0.0,hao_stateful_gemini_run05
L1_CTCCCTCTCGTCTAAG,other,ILC,CD4+ T cells,CD4 T cell (subtype unclear),0.0,hao_stateful_gemini_run05
E2L7_TGTTCTATCTTGAGCA,Mono,CD14 Mono,CD16+ Monocytes,CD16 Mono,0.5,hao_stateful_gemini_run05
E2L1_AAGGAATTCCTCCACA,other,Platelet,Platelets,Platelet,1.0,hao_stateful_gemini_run05
E2L7_ACGGTCGTCGTCAGAT,B,B intermediate,B cells,B cell (subtype unclear),0.5,hao_stateful_gemini_run05
L2_TAGGAGGCATGCACTA,CD8 T,CD8 Naive,CD4+ T cells,CD4 T cell (subtype unclear),0.0,hao_stateful_gemini_run05
E2L7_TAACTTCAGTTTGCTG,other T,MAIT,CD8+ T cells,CD8 T cell (subtype unclear),0.0,hao_stateful_gemini_run05
E2L1_GAGGCCTAGCCACTCG,CD4 T,CD4 CTL,CD8+ T cells,CD8 T cell (subtype unclear),0.0,hao_stateful_gemini_run05
E2L4_TCAGTTTTCCAACTGA,Mono,CD14 Mono,CD16+ Monocytes,CD16 Mono,0.5,hao_stateful_gemini_run05
E2L2_ACACAGTCAGGTCCCA,B,B naive,B cells,B cell (subtype unclear),0.5,hao_stateful_gemini_run05
L5_TGTCCCAGTCAAGTTC,other,ILC,CD4+ T cells,CD4 T cell (subtype unclear),0.0,hao_stateful_gemini_run05
L1_CATGAGTGTGCATTAC,NK,NK_CD56bright,Erythrocytes,Eryth,0.0,hao_stateful_gemini_run05
L5_AAAGGTACACGCGCTA,other,Eryth,Erythrocytes,Eryth,1.0,hao_stateful_gemini_run05
E2L1_CGTGAATTCGCGGACT,B,B intermediate,B cells,B cell (subtype unclear),0.5,hao_stateful_gemini_run05
L4_GAATCGTCAGATCATC,CD8 T,CD8 Naive,CD4+ T cells,CD4 T cell (subtype unclear),0.0,hao_stateful_gemini_run05
E2L1_GAGTCATTCCGAGAAG,other T,MAIT,CD8+ T cells,CD8 T cell (subtype unclear),0.0,hao_stateful_gemini_run05
L1_TGTCCCACAGGATCTT,CD4 T,CD4 TCM,CD4+ T cells,CD4 T cell (subtype unclear),0.5,hao_stateful_gemini_run05
E2L2_GACTCAAGTGGACCTC,B,B intermediate,B cells,B cell (subtype unclear),0.5,hao_stateful_gemini_run05
E2L1_CCACAAATCGGATTAC,NK,NK_CD56bright,NK cells,NK,0.5,hao_stateful_gemini_run05
L1_GCTACCTGTTTGCCGG,CD4 T,CD4 TEM,CD4+ T cells,CD4 T cell (subtype unclear),0.5,hao_stateful_gemini_run05
L4_AATGACCGTACCAATC,other,HSPC,HSPC,HSPC,1.0,hao_stateful_gemini_run05
E2L3_CCTGTTGTCGAGTCCG,CD4 T,CD4 Naive,CD4+ T cells,CD4 T cell (subtype unclear),0.5,hao_stateful_gemini_run05
E2L2_TCATTTGCACTGAATC,B,B naive,B cells,B cell (subtype unclear),0.5,hao_stateful_gemini_run05
L5_TCCCACAAGAGGTCGT,DC,pDC,Plasmacytoid Dendritic cells,pDC,1.0,hao_stateful_gemini_run05
E2L7_TTTGGTTAGTATGTAG,other T,gdT,CD8+ T cells,CD8 T cell (subtype unclear),0.0,hao_stateful_gemini_run05
L2_TCGTCCACACGGCACT,NK,NK Proliferating,Proliferating cells,Proliferating lymphocyte (lineage unclear),0.5,hao_stateful_gemini_run05
E2L3_AGACAAAGTTGCTAGT,DC,cDC2,CD14+ Monocytes,CD14 Mono,0.0,hao_stateful_gemini_run05
E2L4_CTGCAGGGTTAACAGA,CD8 T,CD8 Naive,CD4+ T cells,CD4 T cell (subtype unclear),0.0,hao_stateful_gemini_run05
L4_ATTCAGGCACAGTACT,other T,dnT,CD4+ T cells,CD4 T cell (subtype unclear),0.0,hao_stateful_gemini_run05
E2L6_TCGCAGGAGGCACCAA,other,ILC,CD4+ T cells,CD4 T cell (subtype unclear),0.0,hao_stateful_gemini_run05
E2L6_TATGTTCCAAGAGGCT,other,Platelet,Platelets,Platelet,1.0,hao_stateful_gemini_run05
L2_TTACGCCGTTACCCTC,CD4 T,CD4 Proliferating,Proliferating cells,Proliferating lymphocyte (lineage unclear),0.5,hao_stateful_gemini_run05
E2L8_ACCAAACTCCTGGGAC,Mono,CD14 Mono,CD16+ Monocytes,CD16 Mono,0.5,hao_stateful_gemini_run05
E2L3_GTCCCATGTGCTCCGA,B,B intermediate,B cells,B cell (subtype unclear),0.5,hao_stateful_gemini_run05
E2L2_TGCGGGTTCCTGTAGA,CD8 T,CD8 Naive,CD4+ T cells,CD4 T cell (subtype unclear),0.0,hao_stateful_gemini_run05
E2L4_ATCGATGCAGCTGTTA,NK,NK Proliferating,Proliferating cells,Proliferating lymphocyte (lineage unclear),0.5,hao_stateful_gemini_run05
L4_GCTGCAGTCACCTCTG,CD4 T,CD4 Naive,CD4+ T cells,CD4 T cell (subtype unclear),0.5,hao_stateful_gemini_run05
E2L4_CGTTAGAGTGATCATC,DC,cDC1,Conventional Dendritic cells,Dendritic cell (subtype unclear),0.5,hao_stateful_gemini_run05
E2L6_GGTGTTATCACCATCC,B,B naive,B cells,B cell (subtype unclear),0.5,hao_stateful_gemini_run05
L1_CCACCATTCGAGAAAT,CD4 T,CD4 TCM,CD4+ T cells,CD4 T cell (subtype unclear),0.5,hao_stateful_gemini_run05
L2_GTAGTACTCGGACCAC,Mono,CD14 Mono,CD16+ Monocytes,CD16 Mono,0.5,hao_stateful_gemini_run05
E2L5_CCTGTTGCAGTCTCTC,CD4 T,CD4 TCM,CD4+ T cells,CD4 T cell (subtype unclear),0.5,hao_stateful_gemini_run05
L1_TCTCACGGTAGGACCA,other,HSPC,HSPC,HSPC,1.0,hao_stateful_gemini_run05
L5_AGAAGTAGTGCGAGTA,CD8 T,CD8 TCM,CD4+ T cells,CD4 T cell (subtype unclear),0.0,hao_stateful_gemini_run05
E2L5_AGTTAGCTCGTAACTG,CD8 T,CD8 TCM,CD4+ T cells,CD4 T cell (subtype unclear),0.0,hao_stateful_gemini_run05
E2L8_CTCTCAGGTAAGATAC,B,B intermediate,B cells,B cell (subtype unclear),0.5,hao_stateful_gemini_run05
L3_AGTCAACAGAATCGAT,NK,NK_CD56bright,NK cells,NK,0.5,hao_stateful_gemini_run05
E2L1_GGGACCTGTTAGGGAC,other,Platelet,Platelets,Platelet,1.0,hao_stateful_gemini_run05
L4_TCCTGCAAGGATGAGA,B,B memory,B cells,B cell (subtype unclear),0.5,hao_stateful_gemini_run05
L1_AGTGCCGTCCCGTAAA,other T,gdT,CD8+ T cells,CD8 T cell (subtype unclear),0.0,hao_stateful_gemini_run05
L2_AGACCCGCACGGCGTT,other T,gdT,CD8+ T cells,CD8 T cell (subtype unclear),0.0,hao_stateful_gemini_run05
E2L1_CCGATGGCATGAGAAT,CD8 T,CD8 TCM,CD4+ T cells,CD4 T cell (subtype unclear),0.0,hao_stateful_gemini_run05
L5_AGTACTGAGATGACAT,DC,pDC,Plasmacytoid Dendritic cells,pDC,1.0,hao_stateful_gemini_run05
L5_TACCTCGAGCCTCATA,CD4 T,CD4 TEM,CD4+ T cells,CD4 T cell (subtype unclear),0.5,hao_stateful_gemini_run05
L1_CAAAGAATCGAAGCAG,CD4 T,CD4 CTL,CD8+ T cells,CD8 T cell (subtype unclear),0.0,hao_stateful_gemini_run05
E2L3_TGAATGCGTCCTGTTC,NK,NK Proliferating,Proliferating cells,Proliferating lymphocyte (lineage unclear),0.5,hao_stateful_gemini_run05
E2L8_CTCTCAGGTGCCCACA,CD4 T,CD4 Naive,CD4+ T cells,CD4 T cell (subtype unclear),0.5,hao_stateful_gemini_run05
E2L8_GCATCGGGTTTGGCTA,B,B memory,B cells,B cell (subtype unclear),0.5,hao_stateful_gemini_run05
L4_CATCGGGGTCTTACTT,CD4 T,CD4 CTL,CD8+ T cells,CD8 T cell (subtype unclear),0.0,hao_stateful_gemini_run05
E2L3_GGTGAAGAGGACTTCT,other T,MAIT,CD4+ T cells,CD4 T cell (subtype unclear),0.0,hao_stateful_gemini_run05
E2L7_AGAACAATCTAAGGAA,B,B memory,B cells,B cell (subtype unclear),0.5,hao_stateful_gemini_run05
L2_ATGCATGAGTTGTCGT,other T,dnT,CD4+ T cells,CD4 T cell (subtype unclear),0.0,hao_stateful_gemini_run05
E2L1_CCACGTTCAACATCGT,other T,MAIT,CD8+ T cells,CD8 T cell (subtype unclear),0.0,hao_stateful_gemini_run05
L2_TACCTCGCAGGCACTC,DC,cDC2,CD14+ Monocytes,CD14 Mono,0.0,hao_stateful_gemini_run05
L5_AGATCCAGTTTGGGAG,other,Platelet,Platelets,Platelet,1.0,hao_stateful_gemini_run05
L1_CTGGACGCAACAAAGT,CD4 T,CD4 TEM,CD4+ T cells,CD4 T cell (subtype unclear),0.5,hao_stateful_gemini_run05
E2L5_TCACAAGTCCGCAAAT,other T,dnT,Memory/Effector T cells,T cell (CD4/CD8/other unclear),0.5,hao_stateful_gemini_run05
E2L4_GGATCTACAAGACCTT,B,B memory,B cells,B cell (subtype unclear),0.5,hao_stateful_gemini_run05
E2L4_ACATTTCAGTACTGTC,B,B memory,B cells,B cell (subtype unclear),0.5,hao_stateful_gemini_run05
E2L6_GCTACAAGTTGACTGT,DC,pDC,Plasmacytoid Dendritic cells,pDC,1.0,hao_stateful_gemini_run05
L1_ATGAGTCTCCAGCTCT,NK,NK_CD56bright,NK cells,NK,0.5,hao_stateful_gemini_run05
L3_TGATGCAGTTGCTCCT,CD4 T,CD4 TCM,CD4+ T cells,CD4 T cell (subtype unclear),0.5,hao_stateful_gemini_run05
E2L5_CGTTAGACATCCAACA,B,Plasmablast,Plasma cells,Plasmablast,1.0,hao_stateful_gemini_run05
E2L2_ATTGGGTCACGCTGCA,B,B naive,B cells,B cell (subtype unclear),0.5,hao_stateful_gemini_run05
E2L5_TTGACCCTCCACGAAT,CD4 T,CD4 TEM,CD4+ T cells,CD4 T cell (subtype unclear),0.5,hao_stateful_gemini_run05
E2L7_TGCGGCAGTAAGCGGT,CD8 T,CD8 TCM,CD4+ T cells,CD4 T cell (subtype unclear),0.0,hao_stateful_gemini_run05
E2L6_GACATCAAGACGAGCT,CD4 T,CD4 TEM,CD4+ T cells,CD4 T cell (subtype unclear),0.5,hao_stateful_gemini_run05
E2L5_AGAAATGCACTGGAAG,CD8 T,CD8 TEM,CD8+ T cells,CD8 T cell (subtype unclear),0.5,hao_stateful_gemini_run05
E2L7_GAGTGTTAGATGCTAA,DC,pDC,Plasmacytoid Dendritic cells,pDC,1.0,hao_stateful_gemini_run05
E2L4_AGGTGTTAGCTAGAGC,Mono,CD16 Mono,CD16+ Monocytes,CD16 Mono,1.0,hao_stateful_gemini_run05
L2_GATGAGGAGAGTTCGG,NK,NK Proliferating,Proliferating cells,Proliferating lymphocyte (lineage unclear),0.5,hao_stateful_gemini_run05
L1_GGGCTCACATTCACAG,B,Plasmablast,Plasma cells,Plasmablast,1.0,hao_stateful_gemini_run05
E2L2_GTTCGCTAGGAGGTTC,CD4 T,CD4 Naive,CD4+ T cells,CD4 T cell (subtype unclear),0.5,hao_stateful_gemini_run05
L4_AGGAGGTAGAGCATCG,other,Eryth,Erythrocytes,Eryth,1.0,hao_stateful_gemini_run05
L1_AACCCAACACTTCCTG,CD8 T,CD8 TEM,CD4+ T cells,CD4 T cell (subtype unclear),0.0,hao_stateful_gemini_run05
L5_GTGTAACTCGGTTCAA,Mono,CD16 Mono,CD16+ Monocytes,CD16 Mono,1.0,hao_stateful_gemini_run05
L1_GTAATCGAGCTAATGA,CD4 T,CD4 TCM,CD4+ T cells,CD4 T cell (subtype unclear),0.5,hao_stateful_gemini_run05
E2L5_AGAACCTTCAAAGCCT,other T,gdT,CD8+ T cells,CD8 T cell (subtype unclear),0.0,hao_stateful_gemini_run05
E2L6_GAAGTAACACACGGAA,other T,gdT,CD8+ T cells,CD8 T cell (subtype unclear),0.0,hao_stateful_gemini_run05
E2L1_CCAATTTAGGGCCCTT,DC,pDC,Plasmacytoid Dendritic cells,pDC,1.0,hao_stateful_gemini_run05
E2L7_TATATCCGTTTCCAAG,B,B intermediate,B cells,B cell (subtype unclear),0.5,hao_stateful_gemini_run05
E2L1_TAGTGCAGTTGAGAGC,CD4 T,Treg,CD4+ T cells,CD4 T cell (subtype unclear),0.5,hao_stateful_gemini_run05
E2L3_GTTGTAGTCATCGGGC,CD8 T,CD8 TEM,CD8+ T cells,CD8 T cell (subtype unclear),0.5,hao_stateful_gemini_run05
E2L6_ACATCGAGTTGCCGCA,Mono,CD16 Mono,CD16+ Monocytes,CD16 Mono,1.0,hao_stateful_gemini_run05
L4_CAGTGCGCAATAGGAT,CD8 T,CD8 Naive,CD4+ T cells,CD4 T cell (subtype unclear),0.0,hao_stateful_gemini_run05
L4_CGTAAGTCATGTGTCA,other,HSPC,HSPC,HSPC,1.0,hao_stateful_gemini_run05
E2L8_CCGTTCAGTGTTGCCG,B,Plasmablast,Plasma cells,Plasmablast,1.0,hao_stateful_gemini_run05
E2L5_TCGAAGTGTATCCTTT,NK,NK,CD8+ T cells,CD8 T cell (subtype unclear),0.0,hao_stateful_gemini_run05
E2L3_GCTACAACAGGTACGA,Mono,CD14 Mono,CD14+ Monocytes,CD14 Mono,1.0,hao_stateful_gemini_run05
L5_TTCTTGATCCGAGAAG,Mono,CD14 Mono,CD16+ Monocytes,CD16 Mono,0.5,hao_stateful_gemini_run05
L5_CACAACAAGCAGATAT,other T,dnT,Memory/Effector T cells,T cell (CD4/CD8/other unclear),0.5,hao_stateful_gemini_run05
E2L6_TAATTCCTCGTTCCTG,Mono,CD14 Mono,CD16+ Monocytes,CD16 Mono,0.5,hao_stateful_gemini_run05
E2L6_CTGCATCTCCGATCTC,DC,ASDC,CD14+ Monocytes,CD14 Mono,0.0,hao_stateful_gemini_run05
L5_CTCAGGGGTCGTGCCA,CD8 T,CD8 TCM,CD4+ T cells,CD4 T cell (subtype unclear),0.0,hao_stateful_gemini_run05
L3_TCCAGAATCTCGGTCT,CD4 T,CD4 TCM,CD4+ T cells,CD4 T cell (subtype unclear),0.5,hao_stateful_gemini_run05
E2L3_TCGCTCAAGCTGGAGT,B,Plasmablast,Plasma cells,Plasmablast,1.0,hao_stateful_gemini_run05
E2L4_GTGGCGTCACATACTG,Mono,CD16 Mono,CD16+ Monocytes,CD16 Mono,1.0,hao_stateful_gemini_run05
L4_TCAAGCAGTGGTTTGT,CD8 T,CD8 TCM,CD4+ T cells,CD4 T cell (subtype unclear),0.0,hao_stateful_gemini_run05
L4_TAACCAGTCCTTCTTC,CD4 T,Treg,CD4+ T cells,CD4 T cell (subtype unclear),0.5,hao_stateful_gemini_run05
L4_AAAGTGATCTCTAAGG,CD8 T,CD8 Naive,CD4+ T cells,CD4 T cell (subtype unclear),0.0,hao_stateful_gemini_run05
E2L6_TCTTCCTCACAAGGTG,Mono,CD14 Mono,CD16+ Monocytes,CD16 Mono,0.5,hao_stateful_gemini_run05
L3_TGAACGTCACTCGATA,DC,cDC1,Conventional Dendritic cells,Dendritic cell (subtype unclear),0.5,hao_stateful_gemini_run05
L5_TTGTTGTGTTGCATAC,other,HSPC,HSPC,HSPC,1.0,hao_stateful_gemini_run05
L4_GAAGGACTCTTGTGCC,B,Plasmablast,Plasma cells,Plasmablast,1.0,hao_stateful_gemini_run05
E2L3_CGGAGAAGTTCCTTGC,CD8 T,CD8 TCM,CD4+ T cells,CD4 T cell (subtype unclear),0.0,hao_stateful_gemini_run05
E2L5_TTCCTAAAGCAGTAAT,NK,NK,CD8+ T cells,CD8 T cell (subtype unclear),0.0,hao_stateful_gemini_run05
L2_TCCATCGGTTGTATGC,other,HSPC,HSPC,HSPC,1.0,hao_stateful_gemini_run05
L4_TGCTTGCCACAAATAG,DC,cDC1,Conventional Dendritic cells,Dendritic cell (subtype unclear),0.5,hao_stateful_gemini_run05
E2L4_GGTGAAGAGACCATTC,CD4 T,CD4 TEM,CD4+ T cells,CD4 T cell (subtype unclear),0.5,hao_stateful_gemini_run05
E2L1_CTGTCGTGTCTGTGTA,CD8 T,CD8 TEM,CD8+ T cells,CD8 T cell (subtype unclear),0.5,hao_stateful_gemini_run05
L1_CTGTAGATCATCACTT,CD8 T,CD8 TCM,CD4+ T cells,CD4 T cell (subtype unclear),0.0,hao_stateful_gemini_run05
L4_TCCTAATAGCTCGCAC,CD4 T,CD4 CTL,CD8+ T cells,CD8 T cell (subtype unclear),0.0,hao_stateful_gemini_run05
E2L2_TGTTCCGAGTACCCTA,CD4 T,CD4 TCM,CD4+ T cells,CD4 T cell (subtype unclear),0.5,hao_stateful_gemini_run05
E2L4_GTTGTAGTCTAGTGAC,Mono,CD14 Mono,CD16+ Monocytes,CD16 Mono,0.5,hao_stateful_gemini_run05
E2L2_ACGGAAGAGGCATCGA,B,B intermediate,B cells,B cell (subtype unclear),0.5,hao_stateful_gemini_run05
E2L8_CCTAACCCAAGCGCAA,CD4 T,CD4 Naive,CD4+ T cells,CD4 T cell (subtype unclear),0.5,hao_stateful_gemini_run05
L2_TATCCTACATTACTCT,Mono,CD16 Mono,CD16+ Monocytes,CD16 Mono,1.0,hao_stateful_gemini_run05
L4_GGGTGTCGTCACAATC,other,ILC,CD8+ T cells,CD8 T cell (subtype unclear),0.0,hao_stateful_gemini_run05
L3_CATAAGCCAAGGTCTT,B,B intermediate,B cells,B cell (subtype unclear),0.5,hao_stateful_gemini_run05
L1_CACTGAAAGAATCGCG,CD4 T,CD4 TCM,CD4+ T cells,CD4 T cell (subtype unclear),0.5,hao_stateful_gemini_run05
L5_CGCCAGATCGCAGTCG,CD8 T,CD8 Naive,CD4+ T cells,CD4 T cell (subtype unclear),0.0,hao_stateful_gemini_run05
E2L7_GCTTTCGCAGGGATAC,DC,pDC,Plasmacytoid Dendritic cells,pDC,1.0,hao_stateful_gemini_run05
E2L5_CCCGGAACACATCCCT,NK,NK,CD8+ T cells,CD8 T cell (subtype unclear),0.0,hao_stateful_gemini_run05
L4_GACGTTAGTAGACGTG,Mono,CD16 Mono,CD16+ Monocytes,CD16 Mono,1.0,hao_stateful_gemini_run05
L3_TCAATTCAGCGCTGCT,other T,dnT,Memory/Effector T cells,T cell (CD4/CD8/other unclear),0.5,hao_stateful_gemini_run05
L1_GAAGCGACAACGAGGT,NK,NK,CD8+ T cells,CD8 T cell (subtype unclear),0.0,hao_stateful_gemini_run05
E2L4_GATCGTATCCTTTAGT,DC,pDC,Plasmacytoid Dendritic cells,pDC,1.0,hao_stateful_gemini_run05
E2L5_CAATGACAGCCGAATG,NK,NK,CD8+ T cells,CD8 T cell (subtype unclear),0.0,hao_stateful_gemini_run05
E2L5_ACTATTCGTGAGCGAT,other T,MAIT,CD8+ T cells,CD8 T cell (subtype unclear),0.0,hao_stateful_gemini_run05
E2L2_GTCGAATCAGCTCGGT,Mono,CD16 Mono,CD16+ Monocytes,CD16 Mono,1.0,hao_stateful_gemini_run05
E2L5_TTCTAACTCCAGCACG,Mono,CD14 Mono,CD16+ Monocytes,CD16 Mono,0.5,hao_stateful_gemini_run05
E2L8_TCAGGTACAGGCACTC,NK,NK Proliferating,Proliferating cells,Proliferating lymphocyte (lineage unclear),0.5,hao_stateful_gemini_run05
L3_GTTGCTCTCCGTCCTA,Mono,CD16 Mono,CD16+ Monocytes,CD16 Mono,1.0,hao_stateful_gemini_run05
L1_GTTGCGGTCGTGTTCC,CD4 T,CD4 TCM,CD4+ T cells,CD4 T cell (subtype unclear),0.5,hao_stateful_gemini_run05
L4_GTGAGCCGTCTCGACG,CD4 T,CD4 Naive,CD4+ T cells,CD4 T cell (subtype unclear),0.5,hao_stateful_gemini_run05
L3_TGGTGATGTCTGCCTT,NK,NK,CD8+ T cells,CD8 T cell (subtype unclear),0.0,hao_stateful_gemini_run05
L4_TAGGTACAGAGTCGAC,CD8 T,CD8 TEM,CD8+ T cells,CD8 T cell (subtype unclear),0.5,hao_stateful_gemini_run05
E2L6_TGGAGAGGTAAGATTG,CD8 T,CD8 TEM,CD8+ T cells,CD8 T cell (subtype unclear),0.5,hao_stateful_gemini_run05
L4_CGTTGGGAGCTTGTTG,NK,NK_CD56bright,NK cells,NK,0.5,hao_stateful_gemini_run05
L3_TGTCCACAGGCGTTAG,CD8 T,CD8 TCM,CD4+ T cells,CD4 T cell (subtype unclear),0.0,hao_stateful_gemini_run05
E2L4_GACTATGAGGGTATAT,CD4 T,CD4 TEM,CD4+ T cells,CD4 T cell (subtype unclear),0.5,hao_stateful_gemini_run05
E2L3_GTCATGAAGGTGCAGT,B,Plasmablast,Plasma cells,Plasmablast,1.0,hao_stateful_gemini_run05
E2L5_TTGTTTGCAGAGTCAG,other T,gdT,CD8+ T cells,CD8 T cell (subtype unclear),0.0,hao_stateful_gemini_run05
L3_CCGTGAGAGTTCCTGA,other T,dnT,CD4+ T cells,CD4 T cell (subtype unclear),0.0,hao_stateful_gemini_run05
E2L6_CTTACCGAGGCTCTAT,B,B intermediate,B cells,B cell (subtype unclear),0.5,hao_stateful_gemini_run05
L4_TAGCACATCACCGGGT,NK,NK,CD8+ T cells,CD8 T cell (subtype unclear),0.0,hao_stateful_gemini_run05
E2L1_CCACACTTCCCGAGAC,CD4 T,Treg,CD4+ T cells,CD4 T cell (subtype unclear),0.5,hao_stateful_gemini_run05
L2_AGTGACTGTCTGTGCG,other T,MAIT,CD8+ T cells,CD8 T cell (subtype unclear),0.0,hao_stateful_gemini_run05
L4_GGGCCATAGACAACTA,other,ILC,CD4+ T cells,CD4 T cell (subtype unclear),0.0,hao_stateful_gemini_run05
L5_GTGAGCCCAGTTTCAG,CD4 T,Treg,CD4+ T cells,CD4 T cell (subtype unclear),0.5,hao_stateful_gemini_run05
E2L7_AATGACCGTATTTCCT,NK,NK_CD56bright,NK cells,NK,0.5,hao_stateful_gemini_run05
E2L3_AGGTGTTGTCCACTTC,DC,pDC,Plasmacytoid Dendritic cells,pDC,1.0,hao_stateful_gemini_run05
E2L1_GATCCCTCAAATGGCG,CD4 T,CD4 TEM,CD4+ T cells,CD4 T cell (subtype unclear),0.5,hao_stateful_gemini_run05
L2_TAGACCATCACTTCTA,CD4 T,CD4 TEM,CD4+ T cells,CD4 T cell (subtype unclear),0.5,hao_stateful_gemini_run05
E2L1_GAATAGAGTTCTATCT,other T,MAIT,CD8+ T cells,CD8 T cell (subtype unclear),0.0,hao_stateful_gemini_run05
L1_GAGTCATGTGCATGTT,other,Eryth,Erythrocytes,Eryth,1.0,hao_stateful_gemini_run05
L5_TATTCCAAGTTCATCG,CD4 T,CD4 CTL,CD8+ T cells,CD8 T cell (subtype unclear),0.0,hao_stateful_gemini_run05
E2L3_GTAAGTCAGTCACTAC,CD8 T,CD8 TCM,CD4+ T cells,CD4 T cell (subtype unclear),0.0,hao_stateful_gemini_run05
E2L1_CCTACGTTCGTGTTCC,CD4 T,CD4 TEM,CD4+ T cells,CD4 T cell (subtype unclear),0.5,hao_stateful_gemini_run05
E2L2_CCACTTGTCTGTGTGA,B,B intermediate,B cells,B cell (subtype unclear),0.5,hao_stateful_gemini_run05
E2L8_CTCTCGAGTGACACAG,Mono,CD14 Mono,CD14+ Monocytes,CD14 Mono,1.0,hao_stateful_gemini_run05
E2L8_AGTCATGTCATTGAGC,NK,NK,CD8+ T cells,CD8 T cell (subtype unclear),0.0,hao_stateful_gemini_run05
E2L5_ACACGCGGTATCCTTT,CD8 T,CD8 TEM,CD8+ T cells,CD8 T cell (subtype unclear),0.5,hao_stateful_gemini_run05
L5_TCTGCCATCAAACGTC,other T,dnT,CD4+ T cells,CD4 T cell (subtype unclear),0.0,hao_stateful_gemini_run05
L4_TGGTAGTGTTAGAGTA,other T,gdT,CD8+ T cells,CD8 T cell (subtype unclear),0.0,hao_stateful_gemini_run05
E2L2_CTCAGTCCACATATGC,CD8 T,CD8 TCM,CD4+ T cells,CD4 T cell (subtype unclear),0.0,hao_stateful_gemini_run05
L2_TCCATCGCATCGGAAG,B,Plasmablast,Plasma cells,Plasmablast,1.0,hao_stateful_gemini_run05
E2L4_AGCTACAGTTTAGACC,CD4 T,CD4 TEM,CD4+ T cells,CD4 T cell (subtype unclear),0.5,hao_stateful_gemini_run05
L2_GGAGATGGTACCTGTA,DC,cDC1,Conventional Dendritic cells,Dendritic cell (subtype unclear),0.5,hao_stateful_gemini_run05
L4_TCGGGACAGCCACCGT,CD8 T,CD8 Proliferating,Proliferating cells,Proliferating lymphocyte (lineage unclear),0.5,hao_stateful_gemini_run05
E2L7_GCAGCTGCAGAACTTC,CD8 T,CD8 Proliferating,Proliferating cells,Proliferating lymphocyte (lineage unclear),0.5,hao_stateful_gemini_run05
L5_AACGGGATCTCTCTAA,DC,cDC2,CD14+ Monocytes,CD14 Mono,0.0,hao_stateful_gemini_run05
L5_GACCGTGGTGCAGATG,DC,cDC1,Conventional Dendritic cells,Dendritic cell (subtype unclear),0.5,hao_stateful_gemini_run05
L4_AGCCAATAGCTCTGTA,NK,NK,CD8+ T cells,CD8 T cell (subtype unclear),0.0,hao_stateful_gemini_run05
E2L7_GGTCTGGGTAGAATGT,B,B memory,B cells,B cell (subtype unclear),0.5,hao_stateful_gemini_run05
E2L5_AGACTCAAGTTGCCCG,CD8 T,CD8 TEM,CD8+ T cells,CD8 T cell (subtype unclear),0.5,hao_stateful_gemini_run05
L1_CAAGCTACAAATCAGA,CD4 T,CD4 Naive,CD4+ T cells,CD4 T cell (subtype unclear),0.5,hao_stateful_gemini_run05
E2L4_CCTTGTGGTGGTTCTA,B,B intermediate,B cells,B cell (subtype unclear),0.5,hao_stateful_gemini_run05
E2L2_AACAGGGTCCATTGGA,NK,NK_CD56bright,NK cells,NK,0.5,hao_stateful_gemini_run05
L4_GTGCACGTCGTGTGGC,CD4 T,CD4 Proliferating,Proliferating cells,Proliferating lymphocyte (lineage unclear),0.5,hao_stateful_gemini_run05
L5_ACTTATCCAGAGTAAT,CD4 T,Treg,CD4+ T cells,CD4 T cell (subtype unclear),0.5,hao_stateful_gemini_run05
L2_ATTCCCGTCATCACAG,other T,MAIT,CD8+ T cells,CD8 T cell (subtype unclear),0.0,hao_stateful_gemini_run05
L3_ATGCATGGTTCCAGGC,DC,cDC2,CD14+ Monocytes,CD14 Mono,0.0,hao_stateful_gemini_run05
E2L3_ACGCACGTCTCGAGTA,Mono,CD16 Mono,CD16+ Monocytes,CD16 Mono,1.0,hao_stateful_gemini_run05
E2L3_GACCCTTAGGTAAAGG,CD8 T,CD8 Naive,CD4+ T cells,CD4 T cell (subtype unclear),0.0,hao_stateful_gemini_run05
L5_CCCTCAAGTGCGTTTA,CD4 T,Treg,CD4+ T cells,CD4 T cell (subtype unclear),0.5,hao_stateful_gemini_run05
L5_GTTTGGACAGTGGCTC,NK,NK,CD8+ T cells,CD8 T cell (subtype unclear),0.0,hao_stateful_gemini_run05
L5_ACAAGCTAGAGCTGCA,CD4 T,CD4 Naive,CD4+ T cells,CD4 T cell (subtype unclear),0.5,hao_stateful_gemini_run05
L4_AGTCATGAGCGCCATC,Mono,CD16 Mono,CD16+ Monocytes,CD16 Mono,1.0,hao_stateful_gemini_run05
L5_TGCTTGCCACGCGTCA,DC,ASDC,CD14+ Monocytes,CD14 Mono,0.0,hao_stateful_gemini_run05
L5_ACTGTCCAGTACAGAT,Mono,CD16 Mono,CD16+ Monocytes,CD16 Mono,1.0,hao_stateful_gemini_run05
E2L7_ACCAAACCATGTGGTT,Mono,CD16 Mono,CD16+ Monocytes,CD16 Mono,1.0,hao_stateful_gemini_run05
E2L7_CAACCAAAGTACGTCT,B,B naive,B cells,B cell (subtype unclear),0.5,hao_stateful_gemini_run05
E2L5_CAATGACAGATTCGCT,B,B naive,B cells,B cell (subtype unclear),0.5,hao_stateful_gemini_run05
E2L8_TCAGGGCAGACAGTCG,DC,cDC2,CD14+ Monocytes,CD14 Mono,0.0,hao_stateful_gemini_run05
L4_CACAGGCAGAGAAGGT,CD8 T,CD8 Naive,CD4+ T cells,CD4 T cell (subtype unclear),0.0,hao_stateful_gemini_run05
E2L7_GTATTGGCAGCTGTTA,B,B memory,B cells,B cell (subtype unclear),0.5,hao_stateful_gemini_run05
L5_CTCAGGGGTTGACTAC,other,HSPC,HSPC,HSPC,1.0,hao_stateful_gemini_run05
E2L1_CCCTTAGGTCCAAGAG,CD4 T,CD4 CTL,CD8+ T cells,CD8 T cell (subtype unclear),0.0,hao_stateful_gemini_run05
L1_CAGTGCGCACGACGCT,DC,ASDC,CD14+ Monocytes,CD14 Mono,0.0,hao_stateful_gemini_run05
E2L3_TCGGGCAAGGAGATAG,CD8 T,CD8 TEM,CD8+ T cells,CD8 T cell (subtype unclear),0.5,hao_stateful_gemini_run05
E2L5_GAAGGGTAGGGCAGTT,other T,gdT,CD8+ T cells,CD8 T cell (subtype unclear),0.0,hao_stateful_gemini_run05
E2L7_CTGTACCGTGACAGGT,NK,NK_CD56bright,NK cells,NK,0.5,hao_stateful_gemini_run05
E2L6_TCCGTGTCACGCAAAG,DC,pDC,Plasmacytoid Dendritic cells,pDC,1.0,hao_stateful_gemini_run05
L5_GCACGTGGTACAAAGT,other T,dnT,CD4+ T cells,CD4 T cell (subtype unclear),0.0,hao_stateful_gemini_run05
L3_CTGAGGCAGGTAACTA,CD8 T,CD8 TEM,CD8+ T cells,CD8 T cell (subtype unclear),0.5,hao_stateful_gemini_run05
E2L5_TAGCACATCAGAGCGA,B,B naive,B cells,B cell (subtype unclear),0.5,hao_stateful_gemini_run05
L3_GAGCCTGTCGCCAGAC,B,Plasmablast,Plasma cells,Plasmablast,1.0,hao_stateful_gemini_run05
L2_ATCCCTGCACAAATGA,other T,dnT,CD4+ T cells,CD4 T cell (subtype unclear),0.0,hao_stateful_gemini_run05
L4_GTTGTAGCATGACCCG,CD4 T,CD4 Naive,CD4+ T cells,CD4 T cell (subtype unclear),0.5,hao_stateful_gemini_run05
L2_CCATAAGCATATGCGT,other,HSPC,HSPC,HSPC,1.0,hao_stateful_gemini_run05
L3_AGGAGGTAGACTGTTC,NK,NK_CD56bright,NK cells,NK,0.5,hao_stateful_gemini_run05
L1_AGGACTTGTCAGATTC,Mono,CD14 Mono,CD16+ Monocytes,CD16 Mono,0.5,hao_stateful_gemini_run05
L4_CGCGTGAAGGTGCCTC,Mono,CD16 Mono,CD16+ Monocytes,CD16 Mono,1.0,hao_stateful_gemini_run05
E2L6_CCACGAGAGCAAGTGC,other,Platelet,Platelets,Platelet,1.0,hao_stateful_gemini_run05
E2L6_ACTTTGTCACGCCAGT,B,B naive,B cells,B cell (subtype unclear),0.5,hao_stateful_gemini_run05
E2L5_CTCCAACCAGTTGTCA,NK,NK,CD8+ T cells,CD8 T cell (subtype unclear),0.0,hao_stateful_gemini_run05
E2L2_CAGTGCGGTATGAGCG,other,ILC,NK cells,NK,0.0,hao_stateful_gemini_run05
E2L6_TACTGCCAGCAGCGAT,B,B naive,B cells,B cell (subtype unclear),0.5,hao_stateful_gemini_run05
L3_GTCATCCCAGGTAGTG,B,Plasmablast,Plasma cells,Plasmablast,1.0,hao_stateful_gemini_run05
L4_AGTCACACACAAGTTC,Mono,CD14 Mono,CD16+ Monocytes,CD16 Mono,0.5,hao_stateful_gemini_run05
E2L5_CGGAGAATCGTTCCCA,Mono,CD14 Mono,CD16+ Monocytes,CD16 Mono,0.5,hao_stateful_gemini_run05
E2L2_GTGGAAGGTGCGTTTA,DC,pDC,Plasmacytoid Dendritic cells,pDC,1.0,hao_stateful_gemini_run05
L2_CATCGCTTCTGCGTCT,other,HSPC,HSPC,HSPC,1.0,hao_stateful_gemini_run05
E2L7_AGATGCTAGCCTCAAT,CD4 T,CD4 Naive,CD4+ T cells,CD4 T cell (subtype unclear),0.5,hao_stateful_gemini_run05
E2L5_GTAGATCAGGCGACAT,CD4 T,CD4 TCM,CD4+ T cells,CD4 T cell (subtype unclear),0.5,hao_stateful_gemini_run05
L5_TTCCGGTAGCAGGCTA,CD4 T,Treg,CD4+ T cells,CD4 T cell (subtype unclear),0.5,hao_stateful_gemini_run05
E2L8_TTTCACACACTGGCCA,DC,cDC2,CD14+ Monocytes,CD14 Mono,0.0,hao_stateful_gemini_run05
E2L8_CCCTGATGTCTACGTA,Mono,CD14 Mono,CD16+ Monocytes,CD16 Mono,0.5,hao_stateful_gemini_run05
E2L7_AAGACAAAGCCATGCC,other,Platelet,Platelets,Platelet,1.0,hao_stateful_gemini_run05
E2L6_ATATCCTCAATTTCCT,other,Platelet,Platelets,Platelet,1.0,hao_stateful_gemini_run05
L3_TGATTTCAGTGCACAG,Mono,CD16 Mono,CD16+ Monocytes,CD16 Mono,1.0,hao_stateful_gemini_run05
E2L6_TCATTGTAGTCGGGAT,DC,ASDC,CD14+ Monocytes,CD14 Mono,0.0,hao_stateful_gemini_run05
E2L7_GGTTCTCGTCAATGGG,DC,pDC,Plasmacytoid Dendritic cells,pDC,1.0,hao_stateful_gemini_run05
E2L7_CGATGGCTCCCTTGTG,CD8 T,CD8 TEM,CD8+ T cells,CD8 T cell (subtype unclear),0.5,hao_stateful_gemini_run05
E2L2_ATCTTCACAAGTTGGG,NK,NK Proliferating,Proliferating cells,Proliferating lymphocyte (lineage unclear),0.5,hao_stateful_gemini_run05
E2L3_GGGTGTCTCTATCGGA,CD4 T,CD4 CTL,CD8+ T cells,CD8 T cell (subtype unclear),0.0,hao_stateful_gemini_run05
E2L6_TTTCGATTCGCCACTT,other,Platelet,Platelets,Platelet,1.0,hao_stateful_gemini_run05
L2_ACATGCATCTGTCGCT,CD4 T,CD4 CTL,CD8+ T cells,CD8 T cell (subtype unclear),0.0,hao_stateful_gemini_run05
E2L4_CCTAACCAGAAATCCA,Mono,CD14 Mono,CD14+ Monocytes,CD14 Mono,1.0,hao_stateful_gemini_run05
L5_TTTGATCGTAACGCGA,CD4 T,CD4 CTL,CD8+ T cells,CD8 T cell (subtype unclear),0.0,hao_stateful_gemini_run05
E2L2_TTCCTAAAGTATGGCG,B,B naive,B cells,B cell (subtype unclear),0.5,hao_stateful_gemini_run05
L2_ATCCCTGGTTCTGAGT,B,B naive,B cells,B cell (subtype unclear),0.5,hao_stateful_gemini_run05
E2L4_TCATTGTCATCGGATT,CD4 T,CD4 TEM,CD4+ T cells,CD4 T cell (subtype unclear),0.5,hao_stateful_gemini_run05
E2L7_CATTCCGAGGGAGGCA,B,B intermediate,B cells,B cell (subtype unclear),0.5,hao_stateful_gemini_run05
E2L4_AATGCCAAGATTAGCA,other T,gdT,CD8+ T cells,CD8 T cell (subtype unclear),0.0,hao_stateful_gemini_run05
E2L7_TATCGCCCATACTTTC,other,Platelet,Platelets,Platelet,1.0,hao_stateful_gemini_run05
L4_CCTAAGAAGCGGTAAC,CD8 T,CD8 TCM,CD4+ T cells,CD4 T cell (subtype unclear),0.0,hao_stateful_gemini_run05
E2L8_ATCGGCGAGTATGACA,B,B naive,B cells,B cell (subtype unclear),0.5,hao_stateful_gemini_run05
E2L2_CGAGTGCAGCGCATCC,B,Plasmablast,Plasma cells,Plasmablast,1.0,hao_stateful_gemini_run05
L3_CGGGTCAGTCATGACT,DC,cDC2,CD14+ Monocytes,CD14 Mono,0.0,hao_stateful_gemini_run05
E2L6_ATTCTACGTTCTCAGA,B,B naive,B cells,B cell (subtype unclear),0.5,hao_stateful_gemini_run05
E2L8_GAAACCTAGCCTGAGA,other T,gdT,CD4+ T cells,CD4 T cell (subtype unclear),0.0,hao_stateful_gemini_run05
E2L4_GTGGAAGTCCTCTGCA,other,Platelet,Platelets,Platelet,1.0,hao_stateful_gemini_run05
E2L2_TGGTACAGTTCTTGTT,other,Platelet,Platelets,Platelet,1.0,hao_stateful_gemini_run05
E2L7_CAGCGTGGTCGAGTTT,CD4 T,CD4 CTL,CD8+ T cells,CD8 T cell (subtype unclear),0.0,hao_stateful_gemini_run05
L3_TCGAACACAGCTGAAG,CD8 T,CD8 Naive,CD4+ T cells,CD4 T cell (subtype unclear),0.0,hao_stateful_gemini_run05
L5_TCAGTCCAGCATTGAA,B,B naive,B cells,B cell (subtype unclear),0.5,hao_stateful_gemini_run05
E2L3_TCCTAATCAGAAGTGC,CD8 T,CD8 Naive,CD4+ T cells,CD4 T cell (subtype unclear),0.0,hao_stateful_gemini_run05
E2L4_AAGTTCGAGTTGAAAC,CD4 T,CD4 CTL,CD8+ T cells,CD8 T cell (subtype unclear),0.0,hao_stateful_gemini_run05
E2L8_CGTGCTTGTGAGATAT,CD4 T,CD4 Naive,CD4+ T cells,CD4 T cell (subtype unclear),0.5,hao_stateful_gemini_run05
L1_TCCTTTCTCGCCAACG,B,B memory,B cells,B cell (subtype unclear),0.5,hao_stateful_gemini_run05
L5_TCGTGCTAGCCAGACA,CD4 T,CD4 Naive,CD4+ T cells,CD4 T cell (subtype unclear),0.5,hao_stateful_gemini_run05
L2_TGGGAGAGTGCATCTA,CD4 T,CD4 Naive,CD4+ T cells,CD4 T cell (subtype unclear),0.5,hao_stateful_gemini_run05
L2_CTCAACCGTGGTAATA,other T,MAIT,CD8+ T cells,CD8 T cell (subtype unclear),0.0,hao_stateful_gemini_run05
L3_ATCCCTGAGGGCAGTT,B,Plasmablast,Plasma cells,Plasmablast,1.0,hao_stateful_gemini_run05
E2L8_AACGGGAGTACGCTAT,DC,cDC2,CD14+ Monocytes,CD14 Mono,0.0,hao_stateful_gemini_run05
L2_AGAGCAGAGGCCCGTT,other T,MAIT,CD8+ T cells,CD8 T cell (subtype unclear),0.0,hao_stateful_gemini_run05
L4_GTCATGACACCAGCCA,B,B intermediate,B cells,B cell (subtype unclear),0.5,hao_stateful_gemini_run05
L5_GCCAGGTTCATCACCC,other T,dnT,CD4+ T cells,CD4 T cell (subtype unclear),0.0,hao_stateful_gemini_run05
L3_GCTTCACAGGAAGAAC,CD8 T,CD8 TCM,CD4+ T cells,CD4 T cell (subtype unclear),0.0,hao_stateful_gemini_run05
E2L8_GTTCGCTGTATGGGAC,CD8 T,CD8 TCM,CD4+ T cells,CD4 T cell (subtype unclear),0.0,hao_stateful_gemini_run05
E2L7_GGTGAAGGTATCGGTT,other T,gdT,CD8+ T cells,CD8 T cell (subtype unclear),0.0,hao_stateful_gemini_run05
L1_TCAAGCAGTCACTACA,DC,cDC2,CD14+ Monocytes,CD14 Mono,0.0,hao_stateful_gemini_run05
E2L1_CCACACTAGTCTGTAC,NK,NK Proliferating,Proliferating cells,Proliferating lymphocyte (lineage unclear),0.5,hao_stateful_gemini_run05
L3_TCGCACTTCGCTGACG,other T,gdT,CD8+ T cells,CD8 T cell (subtype unclear),0.0,hao_stateful_gemini_run05
E2L6_AAGCCATTCCGCAACG,CD8 T,CD8 TEM,CD8+ T cells,CD8 T cell (subtype unclear),0.5,hao_stateful_gemini_run05
L4_GGTTGTAGTCAGACTT,Mono,CD16 Mono,CD16+ Monocytes,CD16 Mono,1.0,hao_stateful_gemini_run05
L1_TTCTTCCTCTTTGCGC,other,Eryth,Erythrocytes,Eryth,1.0,hao_stateful_gemini_run05
E2L7_CCGTGAGGTCACAATC,other T,gdT,CD8+ T cells,CD8 T cell (subtype unclear),0.0,hao_stateful_gemini_run05
E2L1_AGACCCGGTAGGCAGT,DC,cDC2,CD14+ Monocytes,CD14 Mono,0.0,hao_stateful_gemini_run05
E2L8_GTGGTTACATATTCGG,NK,NK Proliferating,Proliferating cells,Proliferating lymphocyte (lineage unclear),0.5,hao_stateful_gemini_run05
E2L6_TCGCTCACACTTGGGC,B,B naive,B cells,B cell (subtype unclear),0.5,hao_stateful_gemini_run05
E2L4_ATAGGCTTCGATAACC,DC,pDC,Plasmacytoid Dendritic cells,pDC,1.0,hao_stateful_gemini_run05
E2L4_GAACTGTAGGTACTGG,DC,cDC1,Conventional Dendritic cells,Dendritic cell (subtype unclear),0.5,hao_stateful_gemini_run05
E2L2_CTTCTAATCGCTTAAG,B,B memory,B cells,B cell (subtype unclear),0.5,hao_stateful_gemini_run05
E2L2_AGGATAAAGAACTTCC,B,B intermediate,B cells,B cell (subtype unclear),0.5,hao_stateful_gemini_run05
E2L5_TCATTACGTCTAGGTT,NK,NK Proliferating,Proliferating cells,Proliferating lymphocyte (lineage unclear),0.5,hao_stateful_gemini_run05
L4_TCCGATCGTCGTACAT,B,Plasmablast,Plasma cells,Plasmablast,1.0,hao_stateful_gemini_run05
L5_AAACGAAGTTCTTCAT,CD8 T,CD8 TEM,CD8+ T cells,CD8 T cell (subtype unclear),0.5,hao_stateful_gemini_run05
E2L4_TCCATCGAGTATTAGG,CD8 T,CD8 Naive,CD4+ T cells,CD4 T cell (subtype unclear),0.0,hao_stateful_gemini_run05
L3_TACCTCGCAGGTGTTT,CD4 T,CD4 TCM,CD4+ T cells,CD4 T cell (subtype unclear),0.5,hao_stateful_gemini_run05
L4_GGAGGATTCCCATAGA,CD8 T,CD8 Naive,CD4+ T cells,CD4 T cell (subtype unclear),0.0,hao_stateful_gemini_run05
L4_TTACAGGCAACTCGAT,other,HSPC,HSPC,HSPC,1.0,hao_stateful_gemini_run05
E2L6_ACTTAGGGTGTTACAC,Mono,CD16 Mono,CD16+ Monocytes,CD16 Mono,1.0,hao_stateful_gemini_run05
L4_TGAATGCGTTGTAAAG,Mono,CD16 Mono,CD16+ Monocytes,CD16 Mono,1.0,hao_stateful_gemini_run05
L5_GGAGGATAGCCATCCG,other T,dnT,Memory/Effector T cells,T cell (CD4/CD8/other unclear),0.5,hao_stateful_gemini_run05
L3_AGACTCAAGCCAAGTG,CD4 T,CD4 CTL,CD8+ T cells,CD8 T cell (subtype unclear),0.0,hao_stateful_gemini_run05
E2L6_ACGGTCGAGAGGGTAA,CD4 T,CD4 Naive,CD4+ T cells,CD4 T cell (subtype unclear),0.5,hao_stateful_gemini_run05
E2L3_ATTCTACAGACCACGA,Mono,CD14 Mono,CD16+ Monocytes,CD16 Mono,0.5,hao_stateful_gemini_run05
L1_CGTGAATTCTGGAAGG,other T,MAIT,CD8+ T cells,CD8 T cell (subtype unclear),0.0,hao_stateful_gemini_run05
L4_TGACTCCAGGGCAAGG,B,B memory,B cells,B cell (subtype unclear),0.5,hao_stateful_gemini_run05
L5_CACTGAAAGACATATG,DC,pDC,Plasmacytoid Dendritic cells,pDC,1.0,hao_stateful_gemini_run05
L3_TCATGGAGTCTAACTG,CD4 T,CD4 TEM,CD4+ T cells,CD4 T cell (subtype unclear),0.5,hao_stateful_gemini_run05
E2L1_GTCGAATCACAACGTT,other,HSPC,HSPC,HSPC,1.0,hao_stateful_gemini_run05
L5_CGGAACCAGTGGCGAT,B,Plasmablast,CD16+ Monocytes,CD16 Mono,0.0,hao_stateful_gemini_run05
L5_TCGGGTGAGGGCATGT,other,Eryth,Erythrocytes,Eryth,1.0,hao_stateful_gemini_run05
E2L7_TTGCATTCAGTTAGGG,NK,NK Proliferating,Proliferating cells,Proliferating lymphocyte (lineage unclear),0.5,hao_stateful_gemini_run05
L1_TTTGGAGGTAGCACAG,other,HSPC,HSPC,HSPC,1.0,hao_stateful_gemini_run05
L4_GGAATCTAGCCTTGAT,other T,MAIT,CD8+ T cells,CD8 T cell (subtype unclear),0.0,hao_stateful_gemini_run05
E2L3_GTCACTCAGATAACAC,DC,pDC,Plasmacytoid Dendritic cells,pDC,1.0,hao_stateful_gemini_run05
E2L7_CTTACCGCACCGTGGT,B,B intermediate,B cells,B cell (subtype unclear),0.5,hao_stateful_gemini_run05
L2_GTCGCGAAGATGGCGT,other,HSPC,HSPC,HSPC,1.0,hao_stateful_gemini_run05
E2L7_AAGGTAACACGTCGTG,Mono,CD16 Mono,CD16+ Monocytes,CD16 Mono,1.0,hao_stateful_gemini_run05
L1_GGGCTACCAGCTTTGA,DC,pDC,Plasmacytoid Dendritic cells,pDC,1.0,hao_stateful_gemini_run05
L2_GGTCTGGCAGGCCCTA,other T,MAIT,CD8+ T cells,CD8 T cell (subtype unclear),0.0,hao_stateful_gemini_run05
L2_GAATCACCATACGCAT,other T,MAIT,CD8+ T cells,CD8 T cell (subtype unclear),0.0,hao_stateful_gemini_run05
E2L7_GGTGTTACAATTGCGT,CD4 T,CD4 CTL,CD8+ T cells,CD8 T cell (subtype unclear),0.0,hao_stateful_gemini_run05
E2L7_GTAGAAATCGAGAACG,Mono,CD14 Mono,CD16+ Monocytes,CD16 Mono,0.5,hao_stateful_gemini_run05
E2L7_ACTTCCGGTTTAGACC,other T,gdT,CD8+ T cells,CD8 T cell (subtype unclear),0.0,hao_stateful_gemini_run05
E2L4_ATTACCTCATTGTACG,B,B intermediate,B cells,B cell (subtype unclear),0.5,hao_stateful_gemini_run05
L5_TCAGTTTTCACCGGTG,CD4 T,CD4 Proliferating,Proliferating cells,Proliferating lymphocyte (lineage unclear),0.5,hao_stateful_gemini_run05
L3_ATTCAGGAGTCGGGAT,CD8 T,CD8 TCM,CD4+ T cells,CD4 T cell (subtype unclear),0.0,hao_stateful_gemini_run05
E2L5_TTTGGTTTCGAGTTGT,B,Plasmablast,Plasma cells,Plasmablast,1.0,hao_stateful_gemini_run05
L3_TAACCAGAGGAAAGAC,Mono,CD14 Mono,CD16+ Monocytes,CD16 Mono,0.5,hao_stateful_gemini_run05
E2L2_AGTAGCTCAGCGAACA,DC,cDC1,Conventional Dendritic cells,Dendritic cell (subtype unclear),0.5,hao_stateful_gemini_run05
L5_CTTCTCTTCGTTCTCG,CD8 T,CD8 TCM,CD4+ T cells,CD4 T cell (subtype unclear),0.0,hao_stateful_gemini_run05
E2L1_TACTTCAAGAGAGAAC,other T,dnT,Memory/Effector T cells,T cell (CD4/CD8/other unclear),0.5,hao_stateful_gemini_run05
L3_GTCCCATGTGCGAGTA,CD4 T,CD4 Proliferating,Proliferating cells,Proliferating lymphocyte (lineage unclear),0.5,hao_stateful_gemini_run05
E2L4_GCGGAAAAGCATCAAA,B,B memory,B cells,B cell (subtype unclear),0.5,hao_stateful_gemini_run05
L4_CGTCCATAGATACAGT,B,B intermediate,B cells,B cell (subtype unclear),0.5,hao_stateful_gemini_run05
L1_AGTACTGTCGGATTAC,other,HSPC,HSPC,HSPC,1.0,hao_stateful_gemini_run05
E2L4_ATGAGTCAGAAACTGT,CD4 T,CD4 TCM,CD4+ T cells,CD4 T cell (subtype unclear),0.5,hao_stateful_gemini_run05
L2_AATCACGTCGGCACTG,Mono,CD16 Mono,CD16+ Monocytes,CD16 Mono,1.0,hao_stateful_gemini_run05
L5_TCCAGAACAGAGGACT,other T,MAIT,CD8+ T cells,CD8 T cell (subtype unclear),0.0,hao_stateful_gemini_run05
L4_TGTAGACAGTAAAGCT,NK,NK_CD56bright,NK cells,NK,0.5,hao_stateful_gemini_run05
L1_TGTCAGACAAGTGTCT,B,B naive,B cells,B cell (subtype unclear),0.5,hao_stateful_gemini_run05
L3_TGCTGAACAACGCCCA,CD4 T,CD4 TEM,CD8+ T cells,CD8 T cell (subtype unclear),0.0,hao_stateful_gemini_run05
E2L4_ATCCTATTCATTCATC,DC,cDC1,Conventional Dendritic cells,Dendritic cell (subtype unclear),0.5,hao_stateful_gemini_run05
L5_GCATCTCGTGCTATTG,other,HSPC,HSPC,HSPC,1.0,hao_stateful_gemini_run05
L4_GAAGCCCGTTACAGCT,other T,gdT,CD8+ T cells,CD8 T cell (subtype unclear),0.0,hao_stateful_gemini_run05
L1_ACCGTTCCAACCCGCA,NK,NK Proliferating,Proliferating cells,Proliferating lymphocyte (lineage unclear),0.5,hao_stateful_gemini_run05
L3_TTCTCTCAGCTTGTTG,Mono,CD14 Mono,CD16+ Monocytes,CD16 Mono,0.5,hao_stateful_gemini_run05
L5_ATCATTCGTACCCAGC,B,B memory,B cells,B cell (subtype unclear),0.5,hao_stateful_gemini_run05
E2L5_CAGTTAGGTCTCACAA,Mono,CD14 Mono,CD14+ Monocytes,CD14 Mono,1.0,hao_stateful_gemini_run05
L4_GGTTAACAGCTATCCA,CD4 T,CD4 TCM,CD4+ T cells,CD4 T cell (subtype unclear),0.5,hao_stateful_gemini_run05
L5_CTCAGTCCACTGCTTC,other T,dnT,Memory/Effector T cells,T cell (CD4/CD8/other unclear),0.5,hao_stateful_gemini_run05
L5_GGATGTTGTATGGAGC,CD4 T,CD4 TCM,CD4+ T cells,CD4 T cell (subtype unclear),0.5,hao_stateful_gemini_run05
L2_TACGTCCGTGATGGCA,CD4 T,CD4 CTL,CD8+ T cells,CD8 T cell (subtype unclear),0.0,hao_stateful_gemini_run05
L2_CCAAGCGAGAAACACT,CD8 T,CD8 TCM,CD4+ T cells,CD4 T cell (subtype unclear),0.0,hao_stateful_gemini_run05
E2L3_GTCGTTCTCTCGTGAA,B,B memory,B cells,B cell (subtype unclear),0.5,hao_stateful_gemini_run05
L1_CAACGGCGTCCACTCT,CD8 T,CD8 TEM,CD8+ T cells,CD8 T cell (subtype unclear),0.5,hao_stateful_gemini_run05
E2L7_TAAGCCAGTAAGACCG,DC,cDC2,CD14+ Monocytes,CD14 Mono,0.0,hao_stateful_gemini_run05
E2L5_GCAGCCACACCTGAAT,CD4 T,CD4 TCM,CD4+ T cells,CD4 T cell (subtype unclear),0.5,hao_stateful_gemini_run05
E2L4_AACCCAAAGCAGGTCA,Mono,CD14 Mono,CD14+ Monocytes,CD14 Mono,1.0,hao_stateful_gemini_run05
L1_AGGATAATCGGTCACG,DC,cDC1,Conventional Dendritic cells,Dendritic cell (subtype unclear),0.5,hao_stateful_gemini_run05
E2L7_TAATTCCCATCTGTTT,CD8 T,CD8 Naive,CD4+ T cells,CD4 T cell (subtype unclear),0.0,hao_stateful_gemini_run05
L4_CTGATCCAGGTAAGGA,CD8 T,CD8 TEM,CD8+ T cells,CD8 T cell (subtype unclear),0.5,hao_stateful_gemini_run05
E2L3_CACTGAACATGAGAAT,other,Eryth,CD8+ T cells,CD8 T cell (subtype unclear),0.0,hao_stateful_gemini_run05
E2L1_ATGGTTGTCGTTGTAG,CD4 T,CD4 CTL,CD8+ T cells,CD8 T cell (subtype unclear),0.0,hao_stateful_gemini_run05
E2L1_AAGGAATCAAGAGGCT,NK,NK,CD8+ T cells,CD8 T cell (subtype unclear),0.0,hao_stateful_gemini_run05
E2L6_GGGAGTAGTGACTATC,CD8 T,CD8 Naive,CD4+ T cells,CD4 T cell (subtype unclear),0.0,hao_stateful_gemini_run05
E2L7_AGGCCACAGATGATTG,B,B intermediate,B cells,B cell (subtype unclear),0.5,hao_stateful_gemini_run05
E2L6_CCTGCATGTCGCCACA,CD4 T,CD4 CTL,CD8+ T cells,CD8 T cell (subtype unclear),0.0,hao_stateful_gemini_run05
L1_TCACATTCACACTGGC,other,HSPC,HSPC,HSPC,1.0,hao_stateful_gemini_run05
L5_CGTCAAAAGCCATTTG,other,ILC,NK cells,NK,0.0,hao_stateful_gemini_run05
L1_TCATTTGAGTGATAGT,other T,dnT,CD4+ T cells,CD4 T cell (subtype unclear),0.0,hao_stateful_gemini_run05
E2L4_GTAGGTTTCTGAGTCA,B,B naive,B cells,B cell (subtype unclear),0.5,hao_stateful_gemini_run05
L2_TGGTGATAGTACTGGG,CD4 T,CD4 Naive,CD4+ T cells,CD4 T cell (subtype unclear),0.5,hao_stateful_gemini_run05
L3_CAAGAGGAGGCTGAAC,other T,dnT,CD4+ T cells,CD4 T cell (subtype unclear),0.0,hao_stateful_gemini_run05
E2L8_AAGAACACAGAGATTA,NK,NK_CD56bright,NK cells,NK,0.5,hao_stateful_gemini_run05
L3_CGAGAAGTCATTGGTG,NK,NK Proliferating,Proliferating cells,Proliferating lymphocyte (lineage unclear),0.5,hao_stateful_gemini_run05
L5_TGAATCGCACGTCTCT,other T,gdT,CD8+ T cells,CD8 T cell (subtype unclear),0.0,hao_stateful_gemini_run05
E2L4_CGATGGCAGTCGCCCA,DC,cDC2,CD14+ Monocytes,CD14 Mono,0.0,hao_stateful_gemini_run05
E2L2_GCAGGCTCAACGTTAC,CD4 T,CD4 TEM,CD4+ T cells,CD4 T cell (subtype unclear),0.5,hao_stateful_gemini_run05
L4_AGGGTGAAGGATTCAA,B,Plasmablast,Plasma cells,Plasmablast,1.0,hao_stateful_gemini_run05
E2L8_ATAGAGAGTCACGCTG,CD4 T,Treg,CD4+ T cells,CD4 T cell (subtype unclear),0.5,hao_stateful_gemini_run05
E2L8_GCTTTCGTCCGGTTCT,DC,cDC1,Conventional Dendritic cells,Dendritic cell (subtype unclear),0.5,hao_stateful_gemini_run05
L4_TCCCATGCAAGTCCAT,CD4 T,CD4 TEM,CD8+ T cells,CD8 T cell (subtype unclear),0.0,hao_stateful_gemini_run05
L3_AGGGTTTAGTGGTGAC,Mono,CD16 Mono,CD16+ Monocytes,CD16 Mono,1.0,hao_stateful_gemini_run05
L5_TCCGGGACAGTCCCGA,CD8 T,CD8 Proliferating,Proliferating cells,Proliferating lymphocyte (lineage unclear),0.5,hao_stateful_gemini_run05
E2L1_CTGCATCAGGTACCTT,NK,NK_CD56bright,NK cells,NK,0.5,hao_stateful_gemini_run05
L3_GTCCTCACAGATGCGA,other T,MAIT,CD8+ T cells,CD8 T cell (subtype unclear),0.0,hao_stateful_gemini_run05
L3_CCGCAAGAGTAATACG,B,B intermediate,B cells,B cell (subtype unclear),0.5,hao_stateful_gemini_run05
E2L7_CTCAGTCGTAAGCTCT,DC,pDC,Plasmacytoid Dendritic cells,pDC,1.0,hao_stateful_gemini_run05
L4_TAATCTCGTGACATCT,CD4 T,CD4 CTL,CD8+ T cells,CD8 T cell (subtype unclear),0.0,hao_stateful_gemini_run05
E2L7_GGTTCTCAGCTGTTCA,NK,NK_CD56bright,NK cells,NK,0.5,hao_stateful_gemini_run05
E2L5_CGAGTTAAGTAAGACT,CD8 T,CD8 TCM,CD4+ T cells,CD4 T cell (subtype unclear),0.0,hao_stateful_gemini_run05
L2_CTCTCAGCATTGCAAC,CD8 T,CD8 Naive,CD4+ T cells,CD4 T cell (subtype unclear),0.0,hao_stateful_gemini_run05
E2L2_GTAGTACCAAGTTCCA,other,ILC,NK cells,NK,0.0,hao_stateful_gemini_run05
E2L2_CAGATTGCACCCAAGC,B,B intermediate,B cells,B cell (subtype unclear),0.5,hao_stateful_gemini_run05
E2L4_TATCCTATCATTATCC,B,B memory,B cells,B cell (subtype unclear),0.5,hao_stateful_gemini_run05
L5_TGACAGTCAGATTCGT,CD4 T,CD4 Naive,CD4+ T cells,CD4 T cell (subtype unclear),0.5,hao_stateful_gemini_run05
L5_TGCTTCGGTAGCGCTC,other T,dnT,Memory/Effector T cells,T cell (CD4/CD8/other unclear),0.5,hao_stateful_gemini_run05
L2_CCTCACACACGCTGAC,B,Plasmablast,Plasma cells,Plasmablast,1.0,hao_stateful_gemini_run05
L5_CTGGACGGTTGTGCAT,other T,dnT,CD4+ T cells,CD4 T cell (subtype unclear),0.0,hao_stateful_gemini_run05
L2_AGTACTGCATCGTCCT,CD4 T,CD4 Proliferating,Proliferating cells,Proliferating lymphocyte (lineage unclear),0.5,hao_stateful_gemini_run05
L5_TCGGGTGCATGCACTA,NK,NK Proliferating,Proliferating cells,Proliferating lymphocyte (lineage unclear),0.5,hao_stateful_gemini_run05
L1_TCCCATGCACCAGCGT,other T,gdT,CD8+ T cells,CD8 T cell (subtype unclear),0.0,hao_stateful_gemini_run05
E2L4_ACTGTGAAGTAAGACT,DC,pDC,Plasmacytoid Dendritic cells,pDC,1.0,hao_stateful_gemini_run05
L3_GGTGGCTGTAATCAGA,CD8 T,CD8 TCM,CD4+ T cells,CD4 T cell (subtype unclear),0.0,hao_stateful_gemini_run05
L5_GGGTAGATCGAAGAAT,CD4 T,CD4 TEM,CD4+ T cells,CD4 T cell (subtype unclear),0.5,hao_stateful_gemini_run05
L5_CTTCTCTCATCCCACT,CD4 T,CD4 TEM,CD4+ T cells,CD4 T cell (subtype unclear),0.5,hao_stateful_gemini_run05
L3_AGTCACACATGAGGGT,NK,NK_CD56bright,NK cells,NK,0.5,hao_stateful_gemini_run05
L2_GACTGATCATCGATGT,CD4 T,CD4 TCM,CD4+ T cells,CD4 T cell (subtype unclear),0.5,hao_stateful_gemini_run05
E2L7_GTAGAGGTCGGATACT,CD8 T,CD8 TCM,CD4+ T cells,CD4 T cell (subtype unclear),0.0,hao_stateful_gemini_run05
E2L5_TTGCGTCCACAGTCAT,DC,cDC2,CD14+ Monocytes,CD14 Mono,0.0,hao_stateful_gemini_run05
E2L8_CGAGTGCGTTGCTCCT,B,Plasmablast,Plasma cells,Plasmablast,1.0,hao_stateful_gemini_run05
E2L4_GGAGGATAGTGCACCC,Mono,CD16 Mono,CD16+ Monocytes,CD16 Mono,1.0,hao_stateful_gemini_run05
L1_ATTACCTCAACCCTCT,CD4 T,CD4 CTL,CD8+ T cells,CD8 T cell (subtype unclear),0.0,hao_stateful_gemini_run05
E2L3_TACATTCCAACAAGTA,DC,cDC2,CD14+ Monocytes,CD14 Mono,0.0,hao_stateful_gemini_run05
L2_TCGGATACATCCGTTC,B,B memory,B cells,B cell (subtype unclear),0.5,hao_stateful_gemini_run05
L2_CTGATCCGTGAGTTGG,B,Plasmablast,Plasma cells,Plasmablast,1.0,hao_stateful_gemini_run05
E2L7_TGTTGAGCACAACGCC,B,B intermediate,B cells,B cell (subtype unclear),0.5,hao_stateful_gemini_run05
L1_CCACGTTAGGGTGAGG,CD4 T,Treg,CD4+ T cells,CD4 T cell (subtype unclear),0.5,hao_stateful_gemini_run05
E2L4_CATGCCTCAACGGCCT,CD8 T,CD8 TEM,CD4+ T cells,CD4 T cell (subtype unclear),0.0,hao_stateful_gemini_run05
L4_TGAGCATCAGTTGGTT,NK,NK_CD56bright,NK cells,NK,0.5,hao_stateful_gemini_run05
L3_TGCTCGTAGAATTCAG,other T,gdT,CD4+ T cells,CD4 T cell (subtype unclear),0.0,hao_stateful_gemini_run05
L4_CAATCGATCGAACCTA,CD4 T,CD4 TEM,CD4+ T cells,CD4 T cell (subtype unclear),0.5,hao_stateful_gemini_run05
E2L2_ACAACCATCGCCTTGT,DC,ASDC,CD14+ Monocytes,CD14 Mono,0.0,hao_stateful_gemini_run05
L5_CCGAACGAGGACAGCT,CD8 T,CD8 TEM,CD4+ T cells,CD4 T cell (subtype unclear),0.0,hao_stateful_gemini_run05
E2L2_CAATGACGTACAAGTA,other,Platelet,Platelets,Platelet,1.0,hao_stateful_gemini_run05
E2L4_GTTCATTCACGCAGTC,CD4 T,CD4 CTL,CD8+ T cells,CD8 T cell (subtype unclear),0.0,hao_stateful_gemini_run05
E2L3_TGGTACATCTCCCAAC,CD4 T,CD4 TEM,CD4+ T cells,CD4 T cell (subtype unclear),0.5,hao_stateful_gemini_run05
L3_AAGATAGTCAGACCCG,CD4 T,CD4 CTL,CD8+ T cells,CD8 T cell (subtype unclear),0.0,hao_stateful_gemini_run05
E2L4_AGAACCTCAAGGATGC,NK,NK,CD8+ T cells,CD8 T cell (subtype unclear),0.0,hao_stateful_gemini_run05
L1_ATGGTTGAGTTTGTCG,B,B naive,B cells,B cell (subtype unclear),0.5,hao_stateful_gemini_run05
E2L4_ACATCCCAGTAACAGT,Mono,CD14 Mono,CD16+ Monocytes,CD16 Mono,0.5,hao_stateful_gemini_run05
L1_GGAGGATCATTACGGT,Mono,CD16 Mono,CD16+ Monocytes,CD16 Mono,1.0,hao_stateful_gemini_run05
L4_CAGCAATGTGGATCGA,B,B memory,B cells,B cell (subtype unclear),0.5,hao_stateful_gemini_run05
E2L1_TCACTATAGCTAGCCC,DC,cDC2,CD14+ Monocytes,CD14 Mono,0.0,hao_stateful_gemini_run05
L2_AGGGCCTTCAAGCTTG,NK,NK_CD56bright,NK cells,NK,0.5,hao_stateful_gemini_run05
L4_GCCGATGAGCCTATTG,CD8 T,CD8 TCM,CD4+ T cells,CD4 T cell (subtype unclear),0.0,hao_stateful_gemini_run05
L2_TCCTCGACACGGTGCT,NK,NK_CD56bright,NK cells,NK,0.5,hao_stateful_gemini_run05
L5_AGCCAATGTTACAGCT,NK,NK_CD56bright,NK cells,NK,0.5,hao_stateful_gemini_run05
L1_GTAAGTCCATCAGTGT,NK,NK Proliferating,Proliferating cells,Proliferating lymphocyte (lineage unclear),0.5,hao_stateful_gemini_run05
E2L5_AACAACCCACTCTAGA,CD4 T,CD4 TEM,CD4+ T cells,CD4 T cell (subtype unclear),0.5,hao_stateful_gemini_run05
L3_CGTTAGAGTATAATGG,CD4 T,CD4 CTL,CD8+ T cells,CD8 T cell (subtype unclear),0.0,hao_stateful_gemini_run05
L3_GGTAGAGGTAGGGTAC,CD4 T,CD4 TEM,CD4+ T cells,CD4 T cell (subtype unclear),0.5,hao_stateful_gemini_run05
E2L6_CATTGAGTCGGACGTC,DC,cDC2,CD14+ Monocytes,CD14 Mono,0.0,hao_stateful_gemini_run05
E2L8_ATGCATGGTCTGATCA,other,ILC,NK cells,NK,0.0,hao_stateful_gemini_run05
L4_TTAATCCAGTAGGATT,B,B naive,B cells,B cell (subtype unclear),0.5,hao_stateful_gemini_run05
L3_TAGTGCAAGGCAGGTT,NK,NK,CD8+ T cells,CD8 T cell (subtype unclear),0.0,hao_stateful_gemini_run05
L1_ATTCAGGTCGACTCCT,other T,MAIT,CD8+ T cells,CD8 T cell (subtype unclear),0.0,hao_stateful_gemini_run05
E2L6_GACTCAAAGGTAACTA,other T,gdT,CD8+ T cells,CD8 T cell (subtype unclear),0.0,hao_stateful_gemini_run05
L3_CGTGATACAACATCGT,other,ILC,NK cells,NK,0.0,hao_stateful_gemini_run05
L5_ATCGTCCGTCGTAATC,CD4 T,CD4 CTL,CD8+ T cells,CD8 T cell (subtype unclear),0.0,hao_stateful_gemini_run05
E2L6_GCTTTCGGTACAAGTA,B,B intermediate,B cells,B cell (subtype unclear),0.5,hao_stateful_gemini_run05
E2L6_GTACAGTGTGGACTAG,Mono,CD14 Mono,CD16+ Monocytes,CD16 Mono,0.5,hao_stateful_gemini_run05
L2_GAAGGACCACGCACCA,CD4 T,CD4 Proliferating,Proliferating cells,Proliferating lymphocyte (lineage unclear),0.5,hao_stateful_gemini_run05
E2L3_ATGGATCTCATGCGGC,DC,ASDC,CD14+ Monocytes,CD14 Mono,0.0,hao_stateful_gemini_run05
E2L5_CGCATGGCAGCTACCG,CD4 T,CD4 TCM,CD4+ T cells,CD4 T cell (subtype unclear),0.5,hao_stateful_gemini_run05
E2L5_TCGATTTTCCAACCGG,other T,MAIT,CD8+ T cells,CD8 T cell (subtype unclear),0.0,hao_stateful_gemini_run05
L1_TTGTGGATCGAGAAAT,CD4 T,Treg,CD4+ T cells,CD4 T cell (subtype unclear),0.5,hao_stateful_gemini_run05
L3_GCCGATGCATGTGGCC,Mono,CD16 Mono,CD16+ Monocytes,CD16 Mono,1.0,hao_stateful_gemini_run05
L4_TCTAACTAGACGATAT,CD8 T,CD8 Naive,CD4+ T cells,CD4 T cell (subtype unclear),0.0,hao_stateful_gemini_run05
E2L2_CACTGTCGTCAAGCGA,CD8 T,CD8 TCM,CD4+ T cells,CD4 T cell (subtype unclear),0.0,hao_stateful_gemini_run05
E2L3_CGCATGGAGATGGGCT,CD4 T,CD4 TCM,CD4+ T cells,CD4 T cell (subtype unclear),0.5,hao_stateful_gemini_run05
L5_AGGTGTTAGACCAGAC,B,B memory,B cells,B cell (subtype unclear),0.5,hao_stateful_gemini_run05
E2L1_TAAGTCGAGCTTTCTT,B,Plasmablast,Plasma cells,Plasmablast,1.0,hao_stateful_gemini_run05
E2L3_TCCCACAAGTGAGCCA,other,Platelet,Platelets,Platelet,1.0,hao_stateful_gemini_run05
E2L7_TGGGATTGTTCGGCGT,CD8 T,CD8 TEM,CD4+ T cells,CD4 T cell (subtype unclear),0.0,hao_stateful_gemini_run05
L5_TCCCATGGTTGGAGAC,other T,MAIT,CD8+ T cells,CD8 T cell (subtype unclear),0.0,hao_stateful_gemini_run05
E2L2_AACCACACAGGCGATA,NK,NK Proliferating,Proliferating cells,Proliferating lymphocyte (lineage unclear),0.5,hao_stateful_gemini_run05
E2L6_ACCTGTCAGTGCGCTC,other,ILC,NK cells,NK,0.0,hao_stateful_gemini_run05
L4_TGAATCGCATCTAACG,DC,ASDC,CD14+ Monocytes,CD14 Mono,0.0,hao_stateful_gemini_run05
L4_ACAGGGAAGGCTGTAG,Mono,CD14 Mono,CD16+ Monocytes,CD16 Mono,0.5,hao_stateful_gemini_run05
L4_TCTCACGCACTGGCGT,Mono,CD14 Mono,CD16+ Monocytes,CD16 Mono,0.5,hao_stateful_gemini_run05
E2L1_GTACAACCAGTAACCT,Mono,CD14 Mono,CD16+ Monocytes,CD16 Mono,0.5,hao_stateful_gemini_run05
L5_GCCAGTGTCGGTAGAG,CD8 T,CD8 TEM,CD8+ T cells,CD8 T cell (subtype unclear),0.5,hao_stateful_gemini_run05
E2L2_CTGTGAATCCGGTTCT,NK,NK Proliferating,Proliferating cells,Proliferating lymphocyte (lineage unclear),0.5,hao_stateful_gemini_run05
L4_TTACCGCTCGTAGGGA,DC,pDC,Plasmacytoid Dendritic cells,pDC,1.0,hao_stateful_gemini_run05
L4_ATCGGCGAGCCAAGCA,CD4 T,Treg,CD4+ T cells,CD4 T cell (subtype unclear),0.5,hao_stateful_gemini_run05
E2L6_ACTGTCCGTTATGACC,CD4 T,Treg,CD4+ T cells,CD4 T cell (subtype unclear),0.5,hao_stateful_gemini_run05
L2_TGAATGCGTCAAAGCG,CD4 T,CD4 TCM,CD4+ T cells,CD4 T cell (subtype unclear),0.5,hao_stateful_gemini_run05
L3_GGGCCATGTTGTCATG,CD4 T,Treg,CD4+ T cells,CD4 T cell (subtype unclear),0.5,hao_stateful_gemini_run05
L5_AACAGGGTCGATTCCC,CD4 T,CD4 CTL,CD8+ T cells,CD8 T cell (subtype unclear),0.0,hao_stateful_gemini_run05
L3_ACACCAATCATTGTTC,NK,NK Proliferating,Proliferating cells,Proliferating lymphocyte (lineage unclear),0.5,hao_stateful_gemini_run05
E2L5_TGGAACTCAGCTCGGT,other T,MAIT,CD8+ T cells,CD8 T cell (subtype unclear),0.0,hao_stateful_gemini_run05
E2L1_AGCGCCATCTTCGATT,CD4 T,CD4 CTL,CD8+ T cells,CD8 T cell (subtype unclear),0.0,hao_stateful_gemini_run05
E2L2_GCTACCTCAAGTGGAC,CD4 T,CD4 Naive,CD4+ T cells,CD4 T cell (subtype unclear),0.5,hao_stateful_gemini_run05
E2L7_AAACCCAAGTGGATTA,other T,MAIT,CD8+ T cells,CD8 T cell (subtype unclear),0.0,hao_stateful_gemini_run05
E2L1_GGAATGGCACTAGTAC,B,Plasmablast,Plasma cells,Plasmablast,1.0,hao_stateful_gemini_run05
E2L2_AACAGGGCAGGCGAAT,NK,NK_CD56bright,NK cells,NK,0.5,hao_stateful_gemini_run05
L2_CATGGTATCAGCTGAT,CD4 T,CD4 Proliferating,Proliferating cells,Proliferating lymphocyte (lineage unclear),0.5,hao_stateful_gemini_run05
E2L3_TCATCCGGTAATACCC,B,B memory,B cells,B cell (subtype unclear),0.5,hao_stateful_gemini_run05
E2L2_AAACGCTGTGATTAGA,CD8 T,CD8 Naive,CD4+ T cells,CD4 T cell (subtype unclear),0.0,hao_stateful_gemini_run05
E2L8_TGTTACTGTTGTACGT,NK,NK_CD56bright,NK cells,NK,0.5,hao_stateful_gemini_run05
L1_CGTTGGGTCGACCAAT,Mono,CD16 Mono,CD16+ Monocytes,CD16 Mono,1.0,hao_stateful_gemini_run05
E2L5_CGTGATATCAAGAGTA,B,B intermediate,B cells,B cell (subtype unclear),0.5,hao_stateful_gemini_run05
L5_GATAGCTAGCAGCAGT,Mono,CD16 Mono,CD16+ Monocytes,CD16 Mono,1.0,hao_stateful_gemini_run05
E2L4_ACCTACCTCCGAGGCT,B,B memory,B cells,B cell (subtype unclear),0.5,hao_stateful_gemini_run05
E2L8_ATCCTATCACGGATCC,B,B intermediate,B cells,B cell (subtype unclear),0.5,hao_stateful_gemini_run05
L3_TTCCGTGAGACCACGA,CD8 T,CD8 TCM,CD4+ T cells,CD4 T cell (subtype unclear),0.0,hao_stateful_gemini_run05
E2L7_GTTGCGGAGAGTCAAT,other,Platelet,Platelets,Platelet,1.0,hao_stateful_gemini_run05
L1_TCCATCGCACACCGCA,CD4 T,Treg,CD4+ T cells,CD4 T cell (subtype unclear),0.5,hao_stateful_gemini_run05
L3_TCGGTCTGTATATGGA,CD4 T,CD4 CTL,CD8+ T cells,CD8 T cell (subtype unclear),0.0,hao_stateful_gemini_run05
L3_TTTATGCGTGCCCACA,B,Plasmablast,Plasma cells,Plasmablast,1.0,hao_stateful_gemini_run05
E2L1_ATGATCGCAACTGAAA,Mono,CD16 Mono,CD16+ Monocytes,CD16 Mono,1.0,hao_stateful_gemini_run05
L2_TCCAGAATCTGTAACG,other T,dnT,CD4+ T cells,CD4 T cell (subtype unclear),0.0,hao_stateful_gemini_run05
E2L8_CCCTAACGTCTTAGTG,B,B intermediate,B cells,B cell (subtype unclear),0.5,hao_stateful_gemini_run05
L3_CCTGCATTCCGTGGCA,B,Plasmablast,Plasma cells,Plasmablast,1.0,hao_stateful_gemini_run05
L3_AGGTAGGCAGTAGTTC,CD4 T,CD4 TEM,CD4+ T cells,CD4 T cell (subtype unclear),0.5,hao_stateful_gemini_run05
E2L8_TGGATGTTCCACGTCT,B,Plasmablast,Plasma cells,Plasmablast,1.0,hao_stateful_gemini_run05
E2L1_AAGTGAAAGCACCGAA,B,Plasmablast,Plasma cells,Plasmablast,1.0,hao_stateful_gemini_run05
E2L3_CACTGAATCCGCGATG,B,B intermediate,B cells,B cell (subtype unclear),0.5,hao_stateful_gemini_run05
L2_TAGAGTCCATGCAGCC,B,B naive,B cells,B cell (subtype unclear),0.5,hao_stateful_gemini_run05
L5_TGTTGGATCGGTCGAC,CD8 T,CD8 Naive,CD4+ T cells,CD4 T cell (subtype unclear),0.0,hao_stateful_gemini_run05
E2L7_TGGATGTCAGGCCCTA,other T,MAIT,CD8+ T cells,CD8 T cell (subtype unclear),0.0,hao_stateful_gemini_run05
E2L7_GCTTCACGTACAACGG,CD4 T,CD4 TCM,CD4+ T cells,CD4 T cell (subtype unclear),0.5,hao_stateful_gemini_run05
L4_TCAAGCAGTTCCCAAA,other,HSPC,HSPC,HSPC,1.0,hao_stateful_gemini_run05
L4_CAGGTATCACGGTGCT,other T,MAIT,CD8+ T cells,CD8 T cell (subtype unclear),0.0,hao_stateful_gemini_run05
E2L5_ATCGGATCACAGCTTA,B,B memory,B cells,B cell (subtype unclear),0.5,hao_stateful_gemini_run05
E2L8_AAGCGAGCAAATTGGA,other T,MAIT,CD8+ T cells,CD8 T cell (subtype unclear),0.0,hao_stateful_gemini_run05
L3_ATCGTGATCTGCGTCT,other,HSPC,HSPC,HSPC,1.0,hao_stateful_gemini_run05
L4_TCTCCGAAGAGCCCAA,CD8 T,CD8 Naive,CD4+ T cells,CD4 T cell (subtype unclear),0.0,hao_stateful_gemini_run05
E2L3_GGGCGTTCATATAGCC,Mono,CD16 Mono,CD16+ Monocytes,CD16 Mono,1.0,hao_stateful_gemini_run05
L1_GCTTGGGTCACAGTGT,NK,NK,CD8+ T cells,CD8 T cell (subtype unclear),0.0,hao_stateful_gemini_run05
E2L4_AGGTCATTCGGCTTGG,other T,gdT,CD8+ T cells,CD8 T cell (subtype unclear),0.0,hao_stateful_gemini_run05
E2L1_GTTCCGTTCCCGTTCA,CD8 T,CD8 Naive,CD4+ T cells,CD4 T cell (subtype unclear),0.0,hao_stateful_gemini_run05
E2L3_AATTCCTAGGTCGTGA,CD4 T,CD4 Naive,CD4+ T cells,CD4 T cell (subtype unclear),0.5,hao_stateful_gemini_run05
L2_TGTGTGAGTGAACCGA,other T,dnT,CD4+ T cells,CD4 T cell (subtype unclear),0.0,hao_stateful_gemini_run05
L3_AGAAGCGGTCGTACTA,B,B naive,B cells,B cell (subtype unclear),0.5,hao_stateful_gemini_run05
E2L4_TGTTACTGTGCCTTTC,CD8 T,CD8 Proliferating,Proliferating cells,Proliferating lymphocyte (lineage unclear),0.5,hao_stateful_gemini_run05
L2_CATCCCAAGGTAAACT,CD4 T,CD4 TEM,CD8+ T cells,CD8 T cell (subtype unclear),0.0,hao_stateful_gemini_run05
E2L3_GTGCTGGTCATCGCCT,CD4 T,Treg,CD4+ T cells,CD4 T cell (subtype unclear),0.5,hao_stateful_gemini_run05
L4_CAATGACAGTTGCCCG,CD8 T,CD8 Naive,CD4+ T cells,CD4 T cell (subtype unclear),0.0,hao_stateful_gemini_run05
E2L3_TGATGCAAGTAGGCCA,B,B intermediate,B cells,B cell (subtype unclear),0.5,hao_stateful_gemini_run05
E2L2_GTGCTTCTCCGTGACG,DC,cDC1,Conventional Dendritic cells,Dendritic cell (subtype unclear),0.5,hao_stateful_gemini_run05
L5_TATCTGTTCACACCCT,CD4 T,CD4 TCM,CD4+ T cells,CD4 T cell (subtype unclear),0.5,hao_stateful_gemini_run05
E2L3_TGAGTCAAGACTTCCA,NK,NK_CD56bright,NK cells,NK,0.5,hao_stateful_gemini_run05
E2L8_TAAGCACAGAGCATCG,NK,NK_CD56bright,NK cells,NK,0.5,hao_stateful_gemini_run05
L5_AGGAAATGTTTAGAGA,other,HSPC,HSPC,HSPC,1.0,hao_stateful_gemini_run05
E2L1_GTTACCCGTTTCCAAG,DC,ASDC,CD14+ Monocytes,CD14 Mono,0.0,hao_stateful_gemini_run05
L4_CAGCGTGGTTAGGACG,CD4 T,CD4 TEM,CD4+ T cells,CD4 T cell (subtype unclear),0.5,hao_stateful_gemini_run05
L4_CTAGGTAAGCGCAATG,CD4 T,Treg,CD4+ T cells,CD4 T cell (subtype unclear),0.5,hao_stateful_gemini_run05
L4_ATCACAGAGGCATCTT,CD4 T,Treg,CD4+ T cells,CD4 T cell (subtype unclear),0.5,hao_stateful_gemini_run05
E2L4_GATCATGCAGTTCTAG,NK,NK Proliferating,Proliferating cells,Proliferating lymphocyte (lineage unclear),0.5,hao_stateful_gemini_run05
L3_TCTACCGAGTGTTGAA,Mono,CD14 Mono,CD16+ Monocytes,CD16 Mono,0.5,hao_stateful_gemini_run05
L2_AGGTTACCAGGGATAC,CD4 T,CD4 Naive,CD4+ T cells,CD4 T cell (subtype unclear),0.5,hao_stateful_gemini_run05
E2L8_ATGGATCCAATAACGA,Mono,CD16 Mono,CD16+ Monocytes,CD16 Mono,1.0,hao_stateful_gemini_run05
E2L3_CGAGGCTCAGATTAAG,DC,pDC,Plasmacytoid Dendritic cells,pDC,1.0,hao_stateful_gemini_run05
E2L6_ACGTAGTAGGTGATCG,Mono,CD16 Mono,CD16+ Monocytes,CD16 Mono,1.0,hao_stateful_gemini_run05
L2_TCCTGCAAGCACTTTG,other T,dnT,CD4+ T cells,CD4 T cell (subtype unclear),0.0,hao_stateful_gemini_run05
L1_TACTTCAAGAGGTCGT,DC,pDC,Plasmacytoid Dendritic cells,pDC,1.0,hao_stateful_gemini_run05
E2L5_GCAGGCTGTTCTGAGT,other,ILC,NK cells,NK,0.0,hao_stateful_gemini_run05
E2L2_ATTCCATGTATCTCTT,B,B intermediate,B cells,B cell (subtype unclear),0.5,hao_stateful_gemini_run05
E2L7_CTGAGGCCATAACTCG,CD8 T,CD8 TEM,CD8+ T cells,CD8 T cell (subtype unclear),0.5,hao_stateful_gemini_run05
E2L4_CTCATCGCAGAGTTGG,NK,NK_CD56bright,NK cells,NK,0.5,hao_stateful_gemini_run05
E2L5_TACTTCACAAAGAGTT,DC,pDC,Plasmacytoid Dendritic cells,pDC,1.0,hao_stateful_gemini_run05
L1_TAGATCGAGGCGTTGA,CD8 T,CD8 Naive,CD4+ T cells,CD4 T cell (subtype unclear),0.0,hao_stateful_gemini_run05
E2L6_TAGGTACGTGGTAACG,CD4 T,Treg,CD4+ T cells,CD4 T cell (subtype unclear),0.5,hao_stateful_gemini_run05
E2L6_CACGTGGCAGAGGTAC,Mono,CD16 Mono,CD16+ Monocytes,CD16 Mono,1.0,hao_stateful_gemini_run05
L4_ACAAAGAGTGCACATT,other T,dnT,Memory/Effector T cells,T cell (CD4/CD8/other unclear),0.5,hao_stateful_gemini_run05
E2L5_ACCACAATCAATGCAC,CD4 T,CD4 Naive,CD4+ T cells,CD4 T cell (subtype unclear),0.5,hao_stateful_gemini_run05
L4_CATGGTATCAATGCAC,NK,NK Proliferating,Proliferating cells,Proliferating lymphocyte (lineage unclear),0.5,hao_stateful_gemini_run05
L2_CTAGGTACAAGGTCGA,B,B naive,B cells,B cell (subtype unclear),0.5,hao_stateful_gemini_run05
L4_GCGATCGTCCGTGTGG,DC,cDC1,Conventional Dendritic cells,Dendritic cell (subtype unclear),0.5,hao_stateful_gemini_run05
L4_GATTTCTTCAGCTAGT,other,HSPC,HSPC,HSPC,1.0,hao_stateful_gemini_run05
L3_TACTGCCGTTCACGAT,Mono,CD16 Mono,CD16+ Monocytes,CD16 Mono,1.0,hao_stateful_gemini_run05
E2L1_CATCCCATCCGCACGA,DC,cDC1,Conventional Dendritic cells,Dendritic cell (subtype unclear),0.5,hao_stateful_gemini_run05
E2L5_GCCGTGACAGTCAGTT,CD4 T,CD4 Proliferating,Proliferating cells,Proliferating lymphocyte (lineage unclear),0.5,hao_stateful_gemini_run05
E2L5_TTTCAGTCAATAACCC,CD4 T,CD4 TEM,CD4+ T cells,CD4 T cell (subtype unclear),0.5,hao_stateful_gemini_run05
L5_AGGAGGTCATCCTTCG,DC,cDC1,Conventional Dendritic cells,Dendritic cell (subtype unclear),0.5,hao_stateful_gemini_run05
L4_TGGTGATGTCACTAGT,CD4 T,CD4 TCM,CD4+ T cells,CD4 T cell (subtype unclear),0.5,hao_stateful_gemini_run05
L3_GGGACCTAGTCAACAA,DC,pDC,Plasmacytoid Dendritic cells,pDC,1.0,hao_stateful_gemini_run05
E2L3_ACTGATGTCGTAGTCA,other,Platelet,Platelets,Platelet,1.0,hao_stateful_gemini_run05
E2L7_GTTACCCAGCCTAACT,B,B naive,B cells,B cell (subtype unclear),0.5,hao_stateful_gemini_run05
E2L2_GGTCTGGGTGCATTAC,CD8 T,CD8 Naive,CD4+ T cells,CD4 T cell (subtype unclear),0.0,hao_stateful_gemini_run05
L1_ATATCCTCATGCCATA,other T,dnT,CD4+ T cells,CD4 T cell (subtype unclear),0.0,hao_stateful_gemini_run05
L2_GGCTTTCCATGGCGCT,CD4 T,CD4 CTL,CD8+ T cells,CD8 T cell (subtype unclear),0.0,hao_stateful_gemini_run05
L5_TGTGAGTAGTACAGAT,other T,MAIT,CD8+ T cells,CD8 T cell (subtype unclear),0.0,hao_stateful_gemini_run05
L4_GCAGCCATCCTGGCTT,CD4 T,CD4 TCM,CD4+ T cells,CD4 T cell (subtype unclear),0.5,hao_stateful_gemini_run05
L3_TACAACGCATGCCATA,DC,pDC,Plasmacytoid Dendritic cells,pDC,1.0,hao_stateful_gemini_run05
E2L4_TTCCAATAGGTAAGGA,NK,NK Proliferating,Proliferating cells,Proliferating lymphocyte (lineage unclear),0.5,hao_stateful_gemini_run05
E2L7_TTGGATGCAATGTCTG,CD4 T,Treg,CD4+ T cells,CD4 T cell (subtype unclear),0.5,hao_stateful_gemini_run05
E2L4_AGCCAATCAAACTAAG,CD4 T,Treg,CD4+ T cells,CD4 T cell (subtype unclear),0.5,hao_stateful_gemini_run05
E2L8_GTGTGATAGTATGCAA,B,B naive,B cells,B cell (subtype unclear),0.5,hao_stateful_gemini_run05
L1_AGGACTTGTCCTGTTC,other T,dnT,Memory/Effector T cells,T cell (CD4/CD8/other unclear),0.5,hao_stateful_gemini_run05
L2_TGGAACTGTTGTCTAG,CD8 T,CD8 Naive,CD4+ T cells,CD4 T cell (subtype unclear),0.0,hao_stateful_gemini_run05
E2L5_ATCGATGGTTCCTTGC,DC,cDC2,CD14+ Monocytes,CD14 Mono,0.0,hao_stateful_gemini_run05
E2L1_GATGTTGTCTCCGTGT,NK,NK Proliferating,Proliferating cells,Proliferating lymphocyte (lineage unclear),0.5,hao_stateful_gemini_run05
E2L3_AGCCAGCCAGCACAAG,DC,pDC,Plasmacytoid Dendritic cells,pDC,1.0,hao_stateful_gemini_run05
L4_GATAGAAGTACAAACA,CD4 T,CD4 CTL,CD8+ T cells,CD8 T cell (subtype unclear),0.0,hao_stateful_gemini_run05
E2L5_TTAGGCATCTTCGTAT,NK,NK Proliferating,Proliferating cells,Proliferating lymphocyte (lineage unclear),0.5,hao_stateful_gemini_run05
E2L6_ATCACAGTCAATGTCG,CD4 T,CD4 Proliferating,Proliferating cells,Proliferating lymphocyte (lineage unclear),0.5,hao_stateful_gemini_run05
E2L2_ACCCAAACATTGTAGC,DC,cDC1,Conventional Dendritic cells,Dendritic cell (subtype unclear),0.5,hao_stateful_gemini_run05
E2L3_CTGTAGAGTTTCGACA,other,HSPC,HSPC,HSPC,1.0,hao_stateful_gemini_run05
E2L2_TCCATCGCAAACTCTG,CD4 T,CD4 CTL,CD8+ T cells,CD8 T cell (subtype unclear),0.0,hao_stateful_gemini_run05
L2_GAGGCAAAGTGGTCAG,DC,cDC2,CD14+ Monocytes,CD14 Mono,0.0,hao_stateful_gemini_run05
E2L6_GCAGCCATCGTGGGTC,DC,pDC,Plasmacytoid Dendritic cells,pDC,1.0,hao_stateful_gemini_run05
L2_TTAGGGTCACTCTAGA,Mono,CD14 Mono,CD14+ Monocytes,CD14 Mono,1.0,hao_stateful_gemini_run05
E2L5_CTAGGTACAAGTAGTA,NK,NK_CD56bright,NK cells,NK,0.5,hao_stateful_gemini_run05
E2L2_ACAGCCGAGGACCCAA,other T,MAIT,CD8+ T cells,CD8 T cell (subtype unclear),0.0,hao_stateful_gemini_run05
L3_TCCGGGATCCTCTAGC,other T,dnT,CD4+ T cells,CD4 T cell (subtype unclear),0.0,hao_stateful_gemini_run05
E2L3_TGTAGACGTACCAGAG,NK,NK Proliferating,Proliferating cells,Proliferating lymphocyte (lineage unclear),0.5,hao_stateful_gemini_run05
L1_GAGGCAAAGGTCTGGA,CD4 T,CD4 Naive,CD4+ T cells,CD4 T cell (subtype unclear),0.5,hao_stateful_gemini_run05
E2L4_AACAAAGCATAGGTTC,CD4 T,CD4 Naive,CD4+ T cells,CD4 T cell (subtype unclear),0.5,hao_stateful_gemini_run05
L1_CAGATTGAGAAACTCA,CD4 T,CD4 Naive,CD4+ T cells,CD4 T cell (subtype unclear),0.5,hao_stateful_gemini_run05
E2L4_TGACCCTCAGCGACAA,CD8 T,CD8 Proliferating,Proliferating cells,Proliferating lymphocyte (lineage unclear),0.5,hao_stateful_gemini_run05
E2L1_GTGTTAGAGTTACGAA,B,B naive,B cells,B cell (subtype unclear),0.5,hao_stateful_gemini_run05
L1_GGTCTGGTCACTCACC,CD4 T,CD4 Proliferating,Proliferating cells,Proliferating lymphocyte (lineage unclear),0.5,hao_stateful_gemini_run05
E2L6_ACGGGTCCATACGCAT,other,Platelet,Platelets,Platelet,1.0,hao_stateful_gemini_run05
L3_TACTTGTAGTCACTCA,CD8 T,CD8 Naive,CD4+ T cells,CD4 T cell (subtype unclear),0.0,hao_stateful_gemini_run05
E2L8_GTAGGTTTCAGTGGGA,DC,cDC1,Conventional Dendritic cells,Dendritic cell (subtype unclear),0.5,hao_stateful_gemini_run05
L2_TTGTTTGAGTAATCCC,NK,NK,CD8+ T cells,CD8 T cell (subtype unclear),0.0,hao_stateful_gemini_run05
L4_TTTGTTGTCGAATGCT,CD4 T,Treg,CD4+ T cells,CD4 T cell (subtype unclear),0.5,hao_stateful_gemini_run05
E2L8_TCCTCCCAGAGCCATG,Mono,CD16 Mono,CD16+ Monocytes,CD16 Mono,1.0,hao_stateful_gemini_run05
E2L1_GCCGATGGTCAGTCTA,NK,NK Proliferating,Proliferating cells,Proliferating lymphocyte (lineage unclear),0.5,hao_stateful_gemini_run05
E2L6_TGACGCGAGCAGTCTT,other,ILC,NK cells,NK,0.0,hao_stateful_gemini_run05
E2L6_TTTAGTCGTCAGTCCG,CD8 T,CD8 TEM,CD8+ T cells,CD8 T cell (subtype unclear),0.5,hao_stateful_gemini_run05
E2L1_CCTACGTCAGCGTATT,NK,NK,CD8+ T cells,CD8 T cell (subtype unclear),0.0,hao_stateful_gemini_run05
L5_ATTCTTGAGAGAATCT,CD8 T,CD8 TCM,CD4+ T cells,CD4 T cell (subtype unclear),0.0,hao_stateful_gemini_run05
E2L4_CCACGAGAGACGCAGT,NK,NK_CD56bright,NK cells,NK,0.5,hao_stateful_gemini_run05
E2L6_CCGTGAGAGCTTACGT,DC,ASDC,CD14+ Monocytes,CD14 Mono,0.0,hao_stateful_gemini_run05
E2L2_TGGTACACATAGACTC,other,Platelet,CD16+ Monocytes,CD16 Mono,0.0,hao_stateful_gemini_run05
E2L4_GGTGATTAGGGAGGCA,DC,cDC1,Conventional Dendritic cells,Dendritic cell (subtype unclear),0.5,hao_stateful_gemini_run05
E2L3_GTTACAGCACAGCTGC,other T,gdT,CD8+ T cells,CD8 T cell (subtype unclear),0.0,hao_stateful_gemini_run05
E2L5_TTCCAATAGAGGGTCT,Mono,CD14 Mono,CD16+ Monocytes,CD16 Mono,0.5,hao_stateful_gemini_run05
E2L1_TCTGTCGTCCTACCAC,CD8 T,CD8 Naive,CD4+ T cells,CD4 T cell (subtype unclear),0.0,hao_stateful_gemini_run05
L4_GTAACCACATTCGGGC,CD4 T,CD4 Naive,CD4+ T cells,CD4 T cell (subtype unclear),0.5,hao_stateful_gemini_run05
E2L7_GTACAGTAGAGGTCAC,CD4 T,CD4 TCM,CD4+ T cells,CD4 T cell (subtype unclear),0.5,hao_stateful_gemini_run05
L1_GTAATCGAGTCAATCC,CD4 T,Treg,CD4+ T cells,CD4 T cell (subtype unclear),0.5,hao_stateful_gemini_run05
E2L5_TTTGGTTTCGAACCTA,DC,pDC,Plasmacytoid Dendritic cells,pDC,1.0,hao_stateful_gemini_run05
L2_TTACCGCCATAACTCG,other T,dnT,Memory/Effector T cells,T cell (CD4/CD8/other unclear),0.5,hao_stateful_gemini_run05
E2L2_TCGTAGAAGATACATG,DC,pDC,Plasmacytoid Dendritic cells,pDC,1.0,hao_stateful_gemini_run05
L5_CACATGATCTGACGCG,CD4 T,CD4 CTL,CD8+ T cells,CD8 T cell (subtype unclear),0.0,hao_stateful_gemini_run05
E2L5_CCTCCAAGTTGATGTC,other,ILC,NK cells,NK,0.0,hao_stateful_gemini_run05
E2L5_GTGGAAGTCTCGTGAA,NK,NK,CD8+ T cells,CD8 T cell (subtype unclear),0.0,hao_stateful_gemini_run05
L5_TCCTAATCACCTTCCA,CD8 T,CD8 Naive,CD4+ T cells,CD4 T cell (subtype unclear),0.0,hao_stateful_gemini_run05
E2L8_TCAATCTCACACCTTC,B,B intermediate,B cells,B cell (subtype unclear),0.5,hao_stateful_gemini_run05
L2_TCAGTGAAGTGAACAT,other,HSPC,HSPC,HSPC,1.0,hao_stateful_gemini_run05
E2L6_CGATCGGGTAACATAG,CD4 T,CD4 Naive,CD4+ T cells,CD4 T cell (subtype unclear),0.5,hao_stateful_gemini_run05
L4_TGGAGAGAGCACGTCC,CD4 T,CD4 TCM,CD4+ T cells,CD4 T cell (subtype unclear),0.5,hao_stateful_gemini_run05
L3_TGCAGATCAGCCTACG,Mono,CD14 Mono,CD14+ Monocytes,CD14 Mono,1.0,hao_stateful_gemini_run05
L5_GTGGTTAGTACAGCGA,other T,MAIT,CD8+ T cells,CD8 T cell (subtype unclear),0.0,hao_stateful_gemini_run05
E2L4_ACCTGAAAGGACTATA,CD4 T,Treg,CD4+ T cells,CD4 T cell (subtype unclear),0.5,hao_stateful_gemini_run05
L1_AAACGAAAGTTGAATG,other T,MAIT,CD8+ T cells,CD8 T cell (subtype unclear),0.0,hao_stateful_gemini_run05
L5_CAGAGCCCACGAGGTA,Mono,CD14 Mono,CD16+ Monocytes,CD16 Mono,0.5,hao_stateful_gemini_run05
E2L5_CATTCATAGATGCGAC,DC,cDC2,CD14+ Monocytes,CD14 Mono,0.0,hao_stateful_gemini_run05
E2L6_ACTTCCGGTCTTAGTG,DC,cDC1,Conventional Dendritic cells,Dendritic cell (subtype unclear),0.5,hao_stateful_gemini_run05
L2_TATTGCTGTGTTCGAT,B,Plasmablast,Plasma cells,Plasmablast,1.0,hao_stateful_gemini_run05
E2L7_TAGCACACATTACGGT,other T,gdT,CD8+ T cells,CD8 T cell (subtype unclear),0.0,hao_stateful_gemini_run05
L5_GACCCAGTCACTGTTT,CD4 T,CD4 TCM,CD4+ T cells,CD4 T cell (subtype unclear),0.5,hao_stateful_gemini_run05
L5_CGAATTGGTTTGTGGT,CD4 T,CD4 Proliferating,Proliferating cells,Proliferating lymphocyte (lineage unclear),0.5,hao_stateful_gemini_run05
E2L5_CATGCGGGTTTAGTCG,NK,NK,CD8+ T cells,CD8 T cell (subtype unclear),0.0,hao_stateful_gemini_run05
E2L7_GCATTAGTCGCAGTCG,DC,ASDC,CD14+ Monocytes,CD14 Mono,0.0,hao_stateful_gemini_run05
L1_CTTGATTAGGAAGTAG,CD4 T,CD4 TEM,CD4+ T cells,CD4 T cell (subtype unclear),0.5,hao_stateful_gemini_run05
L5_CATCCCAGTCATGGCC,other,HSPC,HSPC,HSPC,1.0,hao_stateful_gemini_run05
L5_AAAGGGCGTCACTTCC,other T,MAIT,CD8+ T cells,CD8 T cell (subtype unclear),0.0,hao_stateful_gemini_run05
L4_CTACCTGTCATTCACT,CD4 T,Treg,CD4+ T cells,CD4 T cell (subtype unclear),0.5,hao_stateful_gemini_run05
L5_CTGTGGGCACTGCACG,NK,NK Proliferating,Proliferating cells,Proliferating lymphocyte (lineage unclear),0.5,hao_stateful_gemini_run05
E2L8_CATACCCCATCCTAAG,CD4 T,CD4 Naive,CD4+ T cells,CD4 T cell (subtype unclear),0.5,hao_stateful_gemini_run05
L4_TTTGTTGTCGTCCATC,other T,gdT,CD8+ T cells,CD8 T cell (subtype unclear),0.0,hao_stateful_gemini_run05
L3_TGGAGGAGTTCTCTAT,Mono,CD16 Mono,CD16+ Monocytes,CD16 Mono,1.0,hao_stateful_gemini_run05
E2L8_ACTTTCATCTCGTGGG,CD4 T,Treg,CD4+ T cells,CD4 T cell (subtype unclear),0.5,hao_stateful_gemini_run05
E2L8_TGTGTGAAGACCAGAC,B,B naive,B cells,B cell (subtype unclear),0.5,hao_stateful_gemini_run05
E2L3_AGTCAACTCGGTCGGT,DC,cDC2,CD14+ Monocytes,CD14 Mono,0.0,hao_stateful_gemini_run05
E2L1_AAGACTCTCGCTAGCG,CD8 T,CD8 TEM,CD8+ T cells,CD8 T cell (subtype unclear),0.5,hao_stateful_gemini_run05
E2L1_CATGAGTAGCTTTGTG,B,B intermediate,B cells,B cell (subtype unclear),0.5,hao_stateful_gemini_run05
L3_TTTACGTTCAAGGAGC,Mono,CD16 Mono,CD16+ Monocytes,CD16 Mono,1.0,hao_stateful_gemini_run05
E2L3_GGTGAAGAGGACACTG,CD4 T,CD4 TCM,CD4+ T cells,CD4 T cell (subtype unclear),0.5,hao_stateful_gemini_run05
E2L1_CTTGAGATCCGGCAGT,Mono,CD14 Mono,CD16+ Monocytes,CD16 Mono,0.5,hao_stateful_gemini_run05
L1_GCCGTGAGTCGAGTGA,CD8 T,CD8 TCM,CD4+ T cells,CD4 T cell (subtype unclear),0.0,hao_stateful_gemini_run05
L1_GGCTTTCTCCTCACGT,Mono,CD16 Mono,CD16+ Monocytes,CD16 Mono,1.0,hao_stateful_gemini_run05
L3_GAAACCTAGATGTTGA,DC,pDC,Plasmacytoid Dendritic cells,pDC,1.0,hao_stateful_gemini_run05
L4_AGTCATGCAAGGGCAT,other T,dnT,CD4+ T cells,CD4 T cell (subtype unclear),0.0,hao_stateful_gemini_run05
E2L3_TGGTTAGCATTGCTTT,CD8 T,CD8 TEM,CD8+ T cells,CD8 T cell (subtype unclear),0.5,hao_stateful_gemini_run05
E2L3_GTTGTCCCAGTGCCTG,other T,gdT,CD4+ T cells,CD4 T cell (subtype unclear),0.0,hao_stateful_gemini_run05
E2L8_CAATACGCACGGTGCT,other T,gdT,CD8+ T cells,CD8 T cell (subtype unclear),0.0,hao_stateful_gemini_run05
E2L5_GCATCTCAGGAACGCT,other,Platelet,Platelets,Platelet,1.0,hao_stateful_gemini_run05
E2L6_CTCTGGTAGACGTCGA,Mono,CD14 Mono,CD14+ Monocytes,CD14 Mono,1.0,hao_stateful_gemini_run05
E2L3_TTGATGGGTATGCGGA,other,ILC,CD4+ T cells,CD4 T cell (subtype unclear),0.0,hao_stateful_gemini_run05
L5_TCGAAGTTCTATCGTT,DC,cDC2,CD14+ Monocytes,CD14 Mono,0.0,hao_stateful_gemini_run05
E2L8_TCGCACTTCCGCTGTT,CD8 T,CD8 TEM,CD8+ T cells,CD8 T cell (subtype unclear),0.5,hao_stateful_gemini_run05
E2L1_AGGGTTTTCCGCGGAT,CD4 T,CD4 CTL,CD8+ T cells,CD8 T cell (subtype unclear),0.0,hao_stateful_gemini_run05
E2L2_GGGTTTACACATGTTG,Mono,CD16 Mono,CD16+ Monocytes,CD16 Mono,1.0,hao_stateful_gemini_run05
E2L4_GCAGCCAAGACATGCG,DC,cDC2,CD14+ Monocytes,CD14 Mono,0.0,hao_stateful_gemini_run05
L4_GCCAGGTGTTTACGTG,CD4 T,CD4 CTL,CD8+ T cells,CD8 T cell (subtype unclear),0.0,hao_stateful_gemini_run05
E2L1_ACACTGAAGTCATAGA,other T,gdT,CD8+ T cells,CD8 T cell (subtype unclear),0.0,hao_stateful_gemini_run05
E2L5_TGTAGACGTACAAACA,NK,NK_CD56bright,NK cells,NK,0.5,hao_stateful_gemini_run05
E2L6_AAACCCATCAACTGGT,CD4 T,CD4 Naive,CD4+ T cells,CD4 T cell (subtype unclear),0.5,hao_stateful_gemini_run05
L1_ATTCATCAGCCTGACC,CD8 T,CD8 Naive,CD4+ T cells,CD4 T cell (subtype unclear),0.0,hao_stateful_gemini_run05
E2L4_TTACTGTTCTACTGCC,B,Plasmablast,Plasma cells,Plasmablast,1.0,hao_stateful_gemini_run05
L3_ACGGTTATCAAGCCCG,other,HSPC,HSPC,HSPC,1.0,hao_stateful_gemini_run05
E2L5_GTCTTTATCCTGGGTG,B,B intermediate,B cells,B cell (subtype unclear),0.5,hao_stateful_gemini_run05
L1_CAGGGCTGTCTTCGAA,NK,NK Proliferating,Proliferating cells,Proliferating lymphocyte (lineage unclear),0.5,hao_stateful_gemini_run05
E2L4_CAACAACGTCCCTGTT,CD8 T,CD8 TEM,CD8+ T cells,CD8 T cell (subtype unclear),0.5,hao_stateful_gemini_run05
L5_AATCACGAGAGCCCAA,B,Plasmablast,Plasma cells,Plasmablast,1.0,hao_stateful_gemini_run05
L1_AGATCGTGTGTCTTCC,CD4 T,CD4 TCM,CD4+ T cells,CD4 T cell (subtype unclear),0.5,hao_stateful_gemini_run05
E2L8_AATCGACCAACGGCCT,NK,NK,CD8+ T cells,CD8 T cell (subtype unclear),0.0,hao_stateful_gemini_run05
E2L4_ACTGTCCGTCACCACG,CD4 T,CD4 TEM,CD4+ T cells,CD4 T cell (subtype unclear),0.5,hao_stateful_gemini_run05
L5_CTGAGCGAGGTGCAGT,CD4 T,Treg,CD4+ T cells,CD4 T cell (subtype unclear),0.5,hao_stateful_gemini_run05
L4_TATCTTGGTTACACTG,CD4 T,CD4 TCM,CD4+ T cells,CD4 T cell (subtype unclear),0.5,hao_stateful_gemini_run05
L3_TACAGGTGTAGTTACC,NK,NK_CD56bright,NK cells,NK,0.5,hao_stateful_gemini_run05
E2L7_CGGGTCATCGTACACA,CD4 T,CD4 Naive,CD4+ T cells,CD4 T cell (subtype unclear),0.5,hao_stateful_gemini_run05
L4_ATTCATCTCCCATACC,DC,cDC1,Conventional Dendritic cells,Dendritic cell (subtype unclear),0.5,hao_stateful_gemini_run05
E2L6_ATTCACTGTTAAACAG,B,B memory,B cells,B cell (subtype unclear),0.5,hao_stateful_gemini_run05
E2L8_AAGTTCGAGGATTTAG,other T,dnT,CD4+ T cells,CD4 T cell (subtype unclear),0.0,hao_stateful_gemini_run05
L1_CGATGGCAGACCAACG,CD8 T,CD8 TEM,CD8+ T cells,CD8 T cell (subtype unclear),0.5,hao_stateful_gemini_run05
E2L4_TGAGGTTTCAAGTAAG,Mono,CD14 Mono,CD16+ Monocytes,CD16 Mono,0.5,hao_stateful_gemini_run05
E2L6_CCTCAACTCGACGTCG,CD4 T,CD4 CTL,CD8+ T cells,CD8 T cell (subtype unclear),0.0,hao_stateful_gemini_run05
L4_CTGTCGTCAAGAAACT,other T,dnT,CD4+ T cells,CD4 T cell (subtype unclear),0.0,hao_stateful_gemini_run05
L4_CATTCATAGTGATGGC,CD4 T,CD4 Naive,CD4+ T cells,CD4 T cell (subtype unclear),0.5,hao_stateful_gemini_run05
L1_GATCCCTGTTAAGGAT,CD8 T,CD8 TEM,CD8+ T cells,CD8 T cell (subtype unclear),0.5,hao_stateful_gemini_run05
E2L2_CAGCAGCAGTAGGGTC,CD4 T,CD4 CTL,CD8+ T cells,CD8 T cell (subtype unclear),0.0,hao_stateful_gemini_run05
L4_CCGGACACACCTCTAC,Mono,CD14 Mono,CD16+ Monocytes,CD16 Mono,0.5,hao_stateful_gemini_run05
L2_TTGGTTTGTTCAGCGC,B,Plasmablast,Plasma cells,Plasmablast,1.0,hao_stateful_gemini_run05
L1_TGTGGCGTCCACACCT,DC,ASDC,CD14+ Monocytes,CD14 Mono,0.0,hao_stateful_gemini_run05
L5_ATCACTTCAGAACCGA,CD8 T,CD8 Naive,CD4+ T cells,CD4 T cell (subtype unclear),0.0,hao_stateful_gemini_run05
E2L8_AGGGCTCGTGTCATCA,B,B naive,B cells,B cell (subtype unclear),0.5,hao_stateful_gemini_run05
E2L3_TTCTAGTTCAAGATAG,NK,NK,CD8+ T cells,CD8 T cell (subtype unclear),0.0,hao_stateful_gemini_run05
E2L5_CATTGAGGTAGCTTGT,CD8 T,CD8 TCM,CD4+ T cells,CD4 T cell (subtype unclear),0.0,hao_stateful_gemini_run05
L3_AAAGGGCTCGCTGTTC,Mono,CD16 Mono,CD16+ Monocytes,CD16 Mono,1.0,hao_stateful_gemini_run05
L1_AAGAACATCAAAGCCT,other,HSPC,HSPC,HSPC,1.0,hao_stateful_gemini_run05
E2L5_CATGCCTGTCGTATGT,CD4 T,CD4 Proliferating,Proliferating cells,Proliferating lymphocyte (lineage unclear),0.5,hao_stateful_gemini_run05
E2L3_CTTAGGATCCCTTTGG,other,HSPC,HSPC,HSPC,1.0,hao_stateful_gemini_run05
L3_TCCACGTAGGTCACCC,CD4 T,CD4 CTL,CD8+ T cells,CD8 T cell (subtype unclear),0.0,hao_stateful_gemini_run05
E2L5_GCCAGTGTCACCTGTC,DC,pDC,Plasmacytoid Dendritic cells,pDC,1.0,hao_stateful_gemini_run05
E2L1_ATGACCAGTAGTATAG,B,Plasmablast,Plasma cells,Plasmablast,1.0,hao_stateful_gemini_run05
E2L1_TAAGCACGTAGTATAG,other T,gdT,CD8+ T cells,CD8 T cell (subtype unclear),0.0,hao_stateful_gemini_run05
E2L6_TTTACCAGTTGAAGTA,other,Platelet,Platelets,Platelet,1.0,hao_stateful_gemini_run05
L2_GGGACTCTCGGCCCAA,Mono,CD16 Mono,CD16+ Monocytes,CD16 Mono,1.0,hao_stateful_gemini_run05
L1_GGCTGTGCAACTGTGT,CD8 T,CD8 TCM,CD4+ T cells,CD4 T cell (subtype unclear),0.0,hao_stateful_gemini_run05
E2L2_GGGAGTAAGAGAGAAC,DC,pDC,Plasmacytoid Dendritic cells,pDC,1.0,hao_stateful_gemini_run05
E2L4_AGCCACGCAATGTGGG,other,ILC,CD4+ T cells,CD4 T cell (subtype unclear),0.0,hao_stateful_gemini_run05
L2_CTATAGGCATGCGGTC,other T,dnT,Memory/Effector T cells,T cell (CD4/CD8/other unclear),0.5,hao_stateful_gemini_run05
E2L1_AGTAGTCCAGTTCTAG,CD4 T,CD4 CTL,CD8+ T cells,CD8 T cell (subtype unclear),0.0,hao_stateful_gemini_run05
E2L6_TGTTGGACAGAAATCA,NK,NK,CD8+ T cells,CD8 T cell (subtype unclear),0.0,hao_stateful_gemini_run05
L3_AGGGCTCCAAAGCAAT,NK,NK_CD56bright,NK cells,NK,0.5,hao_stateful_gemini_run05
L3_TCTGCCATCCACCTGT,CD4 T,Treg,CD4+ T cells,CD4 T cell (subtype unclear),0.5,hao_stateful_gemini_run05
E2L3_TGCATCCCACGACAGA,CD8 T,CD8 TCM,CD4+ T cells,CD4 T cell (subtype unclear),0.0,hao_stateful_gemini_run05
E2L3_TCAGTCCGTGCTGATT,other,ILC,NK cells,NK,0.0,hao_stateful_gemini_run05
E2L4_TGTTCATAGCAACAAT,other,Platelet,CD4+ T cells,CD4 T cell (subtype unclear),0.0,hao_stateful_gemini_run05
L4_GGGCGTTAGCGGGTTA,CD4 T,Treg,CD4+ T cells,CD4 T cell (subtype unclear),0.5,hao_stateful_gemini_run05
L1_TGGTAGTAGGGTTAAT,CD4 T,CD4 Naive,CD4+ T cells,CD4 T cell (subtype unclear),0.5,hao_stateful_gemini_run05
E2L2_TGCCGAGAGAATACAC,CD8 T,CD8 TCM,CD4+ T cells,CD4 T cell (subtype unclear),0.0,hao_stateful_gemini_run05
E2L8_TACGTCCCAATCTCGA,B,B intermediate,B cells,B cell (subtype unclear),0.5,hao_stateful_gemini_run05
L1_TGGATGTAGACGGAAA,other,HSPC,HSPC,HSPC,1.0,hao_stateful_gemini_run05
E2L4_CTCTCAGGTGACTGAG,NK,NK Proliferating,Proliferating cells,Proliferating lymphocyte (lineage unclear),0.5,hao_stateful_gemini_run05
E2L8_TTCTAGTTCACGGTCG,other T,gdT,CD8+ T cells,CD8 T cell (subtype unclear),0.0,hao_stateful_gemini_run05
E2L6_GTCACTCCAAGCTACT,Mono,CD14 Mono,CD14+ Monocytes,CD14 Mono,1.0,hao_stateful_gemini_run05
E2L5_TCATACTGTTCGTTCC,CD4 T,CD4 TEM,CD4+ T cells,CD4 T cell (subtype unclear),0.5,hao_stateful_gemini_run05
L2_ACTTAGGAGTAAACGT,DC,cDC1,Conventional Dendritic cells,Dendritic cell (subtype unclear),0.5,hao_stateful_gemini_run05
E2L8_CATTGAGTCTCTATGT,CD4 T,CD4 TCM,CD4+ T cells,CD4 T cell (subtype unclear),0.5,hao_stateful_gemini_run05
E2L3_GGTGTCGGTATCAAGA,Mono,CD14 Mono,CD16+ Monocytes,CD16 Mono,0.5,hao_stateful_gemini_run05
E2L1_ATCTTCAAGTGGGAAA,DC,pDC,Plasmacytoid Dendritic cells,pDC,1.0,hao_stateful_gemini_run05
E2L8_TGAGGAGCATCTCCCA,NK,NK,CD8+ T cells,CD8 T cell (subtype unclear),0.0,hao_stateful_gemini_run05
E2L4_ATGGTTGAGCCTCCAG,B,B memory,B cells,B cell (subtype unclear),0.5,hao_stateful_gemini_run05
E2L4_TTTCCTCGTGGCAACA,CD4 T,CD4 TEM,CD4+ T cells,CD4 T cell (subtype unclear),0.5,hao_stateful_gemini_run05
L2_GAAGCGACAGAATCGG,CD8 T,CD8 TEM,CD8+ T cells,CD8 T cell (subtype unclear),0.5,hao_stateful_gemini_run05
E2L4_CTGTGGGGTCACTTAG,B,B naive,B cells,B cell (subtype unclear),0.5,hao_stateful_gemini_run05
E2L4_CATGCGGGTATAATGG,DC,cDC2,CD14+ Monocytes,CD14 Mono,0.0,hao_stateful_gemini_run05
E2L6_TGTTCATGTCGTAATC,other T,MAIT,CD8+ T cells,CD8 T cell (subtype unclear),0.0,hao_stateful_gemini_run05
E2L4_CATTCCGAGATGGCGT,CD8 T,CD8 Proliferating,Proliferating cells,Proliferating lymphocyte (lineage unclear),0.5,hao_stateful_gemini_run05
L1_ATTGTTCGTCTCAGAT,Mono,CD14 Mono,CD16+ Monocytes,CD16 Mono,0.5,hao_stateful_gemini_run05
E2L5_TGCGGGTGTACACGTT,NK,NK_CD56bright,NK cells,NK,0.5,hao_stateful_gemini_run05
L3_TGACAGTCAGCGTGAA,B,B naive,B cells,B cell (subtype unclear),0.5,hao_stateful_gemini_run05
L2_GTAAGTCAGCGCAATG,CD4 T,CD4 Naive,CD4+ T cells,CD4 T cell (subtype unclear),0.5,hao_stateful_gemini_run05
E2L1_AAGACAACACGATAGG,B,B memory,B cells,B cell (subtype unclear),0.5,hao_stateful_gemini_run05
L4_GTAGGAGAGTGCTCGC,B,B intermediate,B cells,B cell (subtype unclear),0.5,hao_stateful_gemini_run05
E2L5_AGGACGATCCATAGGT,NK,NK Proliferating,Proliferating cells,Proliferating lymphocyte (lineage unclear),0.5,hao_stateful_gemini_run05
L3_CACACAACAGCAGACA,CD8 T,CD8 TEM,CD8+ T cells,CD8 T cell (subtype unclear),0.5,hao_stateful_gemini_run05
L1_CGGAGAAAGCAAACAT,CD8 T,CD8 TCM,CD4+ T cells,CD4 T cell (subtype unclear),0.0,hao_stateful_gemini_run05
E2L1_TGTTCCGGTATCTTCT,CD4 T,CD4 CTL,CD8+ T cells,CD8 T cell (subtype unclear),0.0,hao_stateful_gemini_run05
L1_ATCCATTTCTCGGTCT,B,Plasmablast,Plasma cells,Plasmablast,1.0,hao_stateful_gemini_run05
E2L6_TTGCTGCAGCACCGAA,B,B naive,B cells,B cell (subtype unclear),0.5,hao_stateful_gemini_run05
E2L8_ATTCTTGCAAGGCGTA,NK,NK,CD8+ T cells,CD8 T cell (subtype unclear),0.0,hao_stateful_gemini_run05
E2L7_GAAGCGAGTACGTTCA,CD4 T,CD4 Naive,CD4+ T cells,CD4 T cell (subtype unclear),0.5,hao_stateful_gemini_run05
L3_CCGTTCAAGCGTTACT,CD4 T,CD4 TEM,CD4+ T cells,CD4 T cell (subtype unclear),0.5,hao_stateful_gemini_run05
L1_CTGTAGAGTGGCAGAT,CD4 T,CD4 Naive,CD4+ T cells,CD4 T cell (subtype unclear),0.5,hao_stateful_gemini_run05
L2_AGAGAGCCACGAGGAT,other,Eryth,Erythrocytes,Eryth,1.0,hao_stateful_gemini_run05
L1_CAATGACGTCCTCAGG,CD4 T,CD4 TCM,CD4+ T cells,CD4 T cell (subtype unclear),0.5,hao_stateful_gemini_run05
L4_TTCCAATTCAGGTGTT,NK,NK,CD8+ T cells,CD8 T cell (subtype unclear),0.0,hao_stateful_gemini_run05
E2L3_TCCACGTCACTAGGCC,DC,cDC1,Conventional Dendritic cells,Dendritic cell (subtype unclear),0.5,hao_stateful_gemini_run05
L1_AGAGCCCAGGCCATAG,CD8 T,CD8 TCM,CD4+ T cells,CD4 T cell (subtype unclear),0.0,hao_stateful_gemini_run05
E2L7_GGGTCACAGTAAGGGA,NK,NK,CD8+ T cells,CD8 T cell (subtype unclear),0.0,hao_stateful_gemini_run05
E2L8_CCTGCATAGACTCGAG,CD4 T,CD4 Naive,CD4+ T cells,CD4 T cell (subtype unclear),0.5,hao_stateful_gemini_run05
L4_CGGGTGTAGGTCGTAG,CD8 T,CD8 Naive,CD4+ T cells,CD4 T cell (subtype unclear),0.0,hao_stateful_gemini_run05
E2L6_CACTTCGTCGTGTTCC,DC,cDC2,CD14+ Monocytes,CD14 Mono,0.0,hao_stateful_gemini_run05
L5_TGTACAGTCTGGCCGA,CD4 T,CD4 Naive,CD4+ T cells,CD4 T cell (subtype unclear),0.5,hao_stateful_gemini_run05
L5_GACACGCGTCCCTGTT,other T,MAIT,CD8+ T cells,CD8 T cell (subtype unclear),0.0,hao_stateful_gemini_run05
L2_GTAGGTTAGCGGACAT,B,B intermediate,B cells,B cell (subtype unclear),0.5,hao_stateful_gemini_run05
E2L3_GCCATGGAGAGGTTTA,CD8 T,CD8 TEM,CD8+ T cells,CD8 T cell (subtype unclear),0.5,hao_stateful_gemini_run05
E2L8_GATTCGACATTGCAAC,B,B intermediate,B cells,B cell (subtype unclear),0.5,hao_stateful_gemini_run05
E2L1_TTAATCCTCTACACAG,Mono,CD16 Mono,CD16+ Monocytes,CD16 Mono,1.0,hao_stateful_gemini_run05
L4_CCTCATGTCTCGGTCT,CD4 T,CD4 TEM,CD4+ T cells,CD4 T cell (subtype unclear),0.5,hao_stateful_gemini_run05
E2L7_CTCCTCCGTCGTTTCC,B,Plasmablast,Plasma cells,Plasmablast,1.0,hao_stateful_gemini_run05
E2L6_TGTAACGCAGACTCTA,CD8 T,CD8 Naive,CD4+ T cells,CD4 T cell (subtype unclear),0.0,hao_stateful_gemini_run05
E2L6_CCACTTGGTAACGGTG,CD4 T,CD4 TEM,CD4+ T cells,CD4 T cell (subtype unclear),0.5,hao_stateful_gemini_run05
L4_TGCAGATAGACCATAA,Mono,CD14 Mono,CD16+ Monocytes,CD16 Mono,0.5,hao_stateful_gemini_run05
E2L4_CATCGCTCAATAGGGC,CD4 T,CD4 TEM,CD4+ T cells,CD4 T cell (subtype unclear),0.5,hao_stateful_gemini_run05
E2L5_TGCCGAGAGGTCACCC,B,B memory,B cells,B cell (subtype unclear),0.5,hao_stateful_gemini_run05
L1_ACCGTTCAGATGCTAA,NK,NK Proliferating,Proliferating cells,Proliferating lymphocyte (lineage unclear),0.5,hao_stateful_gemini_run05
E2L2_CCGAACGGTTTCACTT,CD8 T,CD8 Naive,CD4+ T cells,CD4 T cell (subtype unclear),0.0,hao_stateful_gemini_run05
E2L8_CAACAGTCAGGATTCT,DC,cDC1,Conventional Dendritic cells,Dendritic cell (subtype unclear),0.5,hao_stateful_gemini_run05
E2L7_TCTCACGGTCTTACTT,CD4 T,CD4 TEM,CD4+ T cells,CD4 T cell (subtype unclear),0.5,hao_stateful_gemini_run05
L5_GCACGGTTCATTCACT,other T,dnT,CD4+ T cells,CD4 T cell (subtype unclear),0.0,hao_stateful_gemini_run05
E2L8_GTGGAAGCAGTTTCGA,Mono,CD16 Mono,CD16+ Monocytes,CD16 Mono,1.0,hao_stateful_gemini_run05
E2L3_TCCCACAGTGAGTAGC,other T,MAIT,CD8+ T cells,CD8 T cell (subtype unclear),0.0,hao_stateful_gemini_run05
E2L5_ACAGCCGCACCCTCTA,CD4 T,CD4 Naive,CD4+ T cells,CD4 T cell (subtype unclear),0.5,hao_stateful_gemini_run05
L5_ATCGTGAGTTGGCCGT,B,B intermediate,B cells,B cell (subtype unclear),0.5,hao_stateful_gemini_run05
E2L7_GGGTTTACATATAGCC,CD8 T,CD8 Naive,CD4+ T cells,CD4 T cell (subtype unclear),0.0,hao_stateful_gemini_run05
L1_GAATCGTCATACTGTG,other,HSPC,HSPC,HSPC,1.0,hao_stateful_gemini_run05
E2L1_AGAAATGGTCTAGATC,DC,pDC,Plasmacytoid Dendritic cells,pDC,1.0,hao_stateful_gemini_run05
E2L1_AGCCACGCATCCGTGG,B,B naive,B cells,B cell (subtype unclear),0.5,hao_stateful_gemini_run05
E2L6_TCCTCCCAGCAGTCTT,other T,dnT,Memory/Effector T cells,T cell (CD4/CD8/other unclear),0.5,hao_stateful_gemini_run05
E2L8_AACCCAACACCAGCCA,B,B memory,B cells,B cell (subtype unclear),0.5,hao_stateful_gemini_run05
E2L1_ACTTAGGAGGGTACGT,NK,NK Proliferating,Proliferating cells,Proliferating lymphocyte (lineage unclear),0.5,hao_stateful_gemini_run05
L5_AAAGTCCTCACGGGCT,CD8 T,CD8 TEM,CD4+ T cells,CD4 T cell (subtype unclear),0.0,hao_stateful_gemini_run05
E2L1_TCACGGGGTCGAGCTC,Mono,CD16 Mono,CD16+ Monocytes,CD16 Mono,1.0,hao_stateful_gemini_run05
E2L5_GACGTTACAGCGGTTC,NK,NK Proliferating,Proliferating cells,Proliferating lymphocyte (lineage unclear),0.5,hao_stateful_gemini_run05
E2L1_GTGAGCCCAAGTCCAT,B,B naive,B cells,B cell (subtype unclear),0.5,hao_stateful_gemini_run05
E2L8_ACGTAGTCAAAGGCGT,NK,NK,CD8+ T cells,CD8 T cell (subtype unclear),0.0,hao_stateful_gemini_run05
L5_TTGGATGGTTAAAGTG,CD4 T,CD4 Naive,CD4+ T cells,CD4 T cell (subtype unclear),0.5,hao_stateful_gemini_run05
E2L3_AGCCAATCACCTCTAC,NK,NK Proliferating,Proliferating cells,Proliferating lymphocyte (lineage unclear),0.5,hao_stateful_gemini_run05
E2L1_AGGGCTCGTGGGAGAG,B,B naive,B cells,B cell (subtype unclear),0.5,hao_stateful_gemini_run05
L5_CGAAGTTAGGGAGGCA,CD8 T,CD8 TCM,CD4+ T cells,CD4 T cell (subtype unclear),0.0,hao_stateful_gemini_run05
L5_GGTGAAGTCGACACCG,NK,NK_CD56bright,NK cells,NK,0.5,hao_stateful_gemini_run05
E2L8_AGTTCCCCAATTTCTC,DC,pDC,Plasmacytoid Dendritic cells,pDC,1.0,hao_stateful_gemini_run05
E2L4_TGAGTCAGTAAGATTG,NK,NK_CD56bright,NK cells,NK,0.5,hao_stateful_gemini_run05
E2L7_GCACGGTTCCGCGGAT,B,Plasmablast,Plasma cells,Plasmablast,1.0,hao_stateful_gemini_run05
L4_GACTTCCAGGGTGGGA,other,HSPC,HSPC,HSPC,1.0,hao_stateful_gemini_run05
E2L1_AACAACCTCGCGCTGA,other T,gdT,CD8+ T cells,CD8 T cell (subtype unclear),0.0,hao_stateful_gemini_run05
E2L2_GAAGAATGTAATACCC,Mono,CD14 Mono,CD16+ Monocytes,CD16 Mono,0.5,hao_stateful_gemini_run05
L5_TCCGTGTCAATGTCTG,B,B intermediate,B cells,B cell (subtype unclear),0.5,hao_stateful_gemini_run05
L3_CTACCTGGTACCTTCC,B,B naive,B cells,B cell (subtype unclear),0.5,hao_stateful_gemini_run05
E2L4_GTAGGAGGTCGTGGAA,B,B memory,B cells,B cell (subtype unclear),0.5,hao_stateful_gemini_run05
L1_CTGAATGAGTCTAACC,CD4 T,CD4 TEM,CD8+ T cells,CD8 T cell (subtype unclear),0.0,hao_stateful_gemini_run05
E2L6_CAGATACTCGCCTAGG,DC,pDC,Plasmacytoid Dendritic cells,pDC,1.0,hao_stateful_gemini_run05
L1_TCGCACTAGCAATTCC,other T,dnT,Memory/Effector T cells,T cell (CD4/CD8/other unclear),0.5,hao_stateful_gemini_run05
E2L6_TCTTCCTCAGACTCTA,B,B intermediate,B cells,B cell (subtype unclear),0.5,hao_stateful_gemini_run05
L3_TATCAGGCAAGCTACT,CD4 T,CD4 TEM,CD4+ T cells,CD4 T cell (subtype unclear),0.5,hao_stateful_gemini_run05
E2L6_CAAGCTACAACGATTC,other,Platelet,Platelets,Platelet,1.0,hao_stateful_gemini_run05
E2L7_ATCACGACATGCCGCA,other T,gdT,CD8+ T cells,CD8 T cell (subtype unclear),0.0,hao_stateful_gemini_run05
L2_TCCCACACACAAAGCG,CD8 T,CD8 Naive,CD4+ T cells,CD4 T cell (subtype unclear),0.0,hao_stateful_gemini_run05
E2L7_ATGAGTCAGCTTAGTC,B,B intermediate,B cells,B cell (subtype unclear),0.5,hao_stateful_gemini_run05
L3_TCATCCGCACAGTCCG,CD4 T,CD4 TEM,CD4+ T cells,CD4 T cell (subtype unclear),0.5,hao_stateful_gemini_run05
L1_GTCACTCAGGACGCTA,CD4 T,Treg,CD4+ T cells,CD4 T cell (subtype unclear),0.5,hao_stateful_gemini_run05
L3_AGCTACAGTCAACGCC,CD8 T,CD8 TCM,CD4+ T cells,CD4 T cell (subtype unclear),0.0,hao_stateful_gemini_run05
E2L5_TGAGCATCAGATGCGA,NK,NK,CD8+ T cells,CD8 T cell (subtype unclear),0.0,hao_stateful_gemini_run05
L5_AACAGGGCACCTTCGT,CD8 T,CD8 TCM,CD4+ T cells,CD4 T cell (subtype unclear),0.0,hao_stateful_gemini_run05
E2L2_ATATCCTCAACGTAAA,CD8 T,CD8 TEM,CD8+ T cells,CD8 T cell (subtype unclear),0.5,hao_stateful_gemini_run05
E2L8_TTACTGTCAGTGTACT,other,ILC,NK cells,NK,0.0,hao_stateful_gemini_run05
L4_ACATCCCGTTCATCGA,DC,pDC,Plasmacytoid Dendritic cells,pDC,1.0,hao_stateful_gemini_run05
E2L3_GCCAACGCATCTAGAC,NK,NK,CD8+ T cells,CD8 T cell (subtype unclear),0.0,hao_stateful_gemini_run05
E2L5_CAGAGCCAGAAGCGAA,B,Plasmablast,Plasma cells,Plasmablast,1.0,hao_stateful_gemini_run05
E2L7_AAAGAACAGCATTGTC,CD8 T,CD8 TEM,CD8+ T cells,CD8 T cell (subtype unclear),0.5,hao_stateful_gemini_run05
L4_TGGGTTACAGCTGGTC,CD4 T,CD4 TCM,CD4+ T cells,CD4 T cell (subtype unclear),0.5,hao_stateful_gemini_run05
E2L5_GCTACAAAGGGAGTGG,other,Platelet,Platelets,Platelet,1.0,hao_stateful_gemini_run05
L2_AGCGCTGGTGTCCAAT,other T,gdT,CD4+ T cells,CD4 T cell (subtype unclear),0.0,hao_stateful_gemini_run05
L4_GAGTGAGTCCTTGGAA,other,HSPC,HSPC,HSPC,1.0,hao_stateful_gemini_run05
E2L4_TTTATGCGTACAGGTG,CD4 T,CD4 Naive,CD4+ T cells,CD4 T cell (subtype unclear),0.5,hao_stateful_gemini_run05
L2_TCAGGGCCACGTACTA,CD4 T,Treg,CD4+ T cells,CD4 T cell (subtype unclear),0.5,hao_stateful_gemini_run05
L4_TGCTGAATCGACCTAA,CD8 T,CD8 TEM,CD8+ T cells,CD8 T cell (subtype unclear),0.5,hao_stateful_gemini_run05
L1_GTAACCAGTGCCGTTG,Mono,CD16 Mono,CD16+ Monocytes,CD16 Mono,1.0,hao_stateful_gemini_run05
L1_CGGGTGTCATCGAGCC,CD8 T,CD8 TEM,CD8+ T cells,CD8 T cell (subtype unclear),0.5,hao_stateful_gemini_run05
E2L5_TACGTCCCAGGTTACT,NK,NK_CD56bright,NK cells,NK,0.5,hao_stateful_gemini_run05
L4_GCACTAAAGGGTTGCA,other T,dnT,CD4+ T cells,CD4 T cell (subtype unclear),0.0,hao_stateful_gemini_run05
L2_TCGAACAGTATCGTGT,CD8 T,CD8 Naive,CD4+ T cells,CD4 T cell (subtype unclear),0.0,hao_stateful_gemini_run05
E2L3_CTGTCGTAGCTTGTTG,NK,NK_CD56bright,NK cells,NK,0.5,hao_stateful_gemini_run05
L3_GTAGGAGAGTGTTCCA,other T,MAIT,CD8+ T cells,CD8 T cell (subtype unclear),0.0,hao_stateful_gemini_run05
L1_TGCGACGTCCATCTAT,other T,dnT,Memory/Effector T cells,T cell (CD4/CD8/other unclear),0.5,hao_stateful_gemini_run05
E2L5_TGTGATGAGCATGAAT,CD8 T,CD8 TEM,CD8+ T cells,CD8 T cell (subtype unclear),0.5,hao_stateful_gemini_run05
E2L2_ATGTCCCGTGGCATCC,CD4 T,CD4 Naive,CD4+ T cells,CD4 T cell (subtype unclear),0.5,hao_stateful_gemini_run05
E2L3_ATTACCTTCAAAGAAC,other T,gdT,CD8+ T cells,CD8 T cell (subtype unclear),0.0,hao_stateful_gemini_run05
L5_CCACTTGGTGAGATTA,CD4 T,CD4 TCM,CD4+ T cells,CD4 T cell (subtype unclear),0.5,hao_stateful_gemini_run05
E2L8_AATTCCTAGTGCCGAA,CD4 T,CD4 Naive,CD4+ T cells,CD4 T cell (subtype unclear),0.5,hao_stateful_gemini_run05
E2L2_TCGGGTGGTGACAGGT,B,B memory,B cells,B cell (subtype unclear),0.5,hao_stateful_gemini_run05
E2L2_ATATCCTAGCAATTCC,CD4 T,CD4 CTL,CD8+ T cells,CD8 T cell (subtype unclear),0.0,hao_stateful_gemini_run05
L3_GAGGCCTAGCCGATAG,Mono,CD16 Mono,CD16+ Monocytes,CD16 Mono,1.0,hao_stateful_gemini_run05
E2L2_TAATTCCAGAAATGGG,B,B naive,B cells,B cell (subtype unclear),0.5,hao_stateful_gemini_run05
E2L1_TTTCCTCAGTATGAAC,Mono,CD14 Mono,CD14+ Monocytes,CD14 Mono,1.0,hao_stateful_gemini_run05
L3_AACCAACGTAGGACCA,other,HSPC,HSPC,HSPC,1.0,hao_stateful_gemini_run05
E2L2_GTCACGGGTCGGTACC,NK,NK_CD56bright,NK cells,NK,0.5,hao_stateful_gemini_run05
E2L3_ATTCCCGCAGGTTCCG,B,B memory,B cells,B cell (subtype unclear),0.5,hao_stateful_gemini_run05
L1_CTCAGTCCATCCGAAT,NK,NK_CD56bright,NK cells,NK,0.5,hao_stateful_gemini_run05
E2L8_CCAATTTAGGATACGC,B,B intermediate,B cells,B cell (subtype unclear),0.5,hao_stateful_gemini_run05
L2_GGTGTTATCCCGTTGT,NK,NK Proliferating,Proliferating cells,Proliferating lymphocyte (lineage unclear),0.5,hao_stateful_gemini_run05
L3_GGGAGTAAGGTAGGCT,DC,cDC2,CD14+ Monocytes,CD14 Mono,0.0,hao_stateful_gemini_run05
E2L7_AGGAGGTCAATCCTAG,CD4 T,CD4 TCM,CD4+ T cells,CD4 T cell (subtype unclear),0.5,hao_stateful_gemini_run05
E2L5_TCACTATTCACCTCGT,B,B intermediate,B cells,B cell (subtype unclear),0.5,hao_stateful_gemini_run05
L2_GATTCGAAGATACAGT,Mono,CD16 Mono,CD16+ Monocytes,CD16 Mono,1.0,hao_stateful_gemini_run05
L3_CACGTGGCAGTCGCTG,DC,cDC2,CD14+ Monocytes,CD14 Mono,0.0,hao_stateful_gemini_run05
E2L6_GCTCAAAAGCATGCGA,other T,gdT,CD8+ T cells,CD8 T cell (subtype unclear),0.0,hao_stateful_gemini_run05
L4_CTTCTCTAGCACGATG,other T,dnT,CD4+ T cells,CD4 T cell (subtype unclear),0.0,hao_stateful_gemini_run05
E2L8_GCCATTCCAGAGCTAG,NK,NK,NK cells,NK,1.0,hao_stateful_gemini_run05
E2L3_GTGCTTCGTCAAGTTC,NK,NK,CD8+ T cells,CD8 T cell (subtype unclear),0.0,hao_stateful_gemini_run05
E2L1_AGGGCCTTCCGTTTCG,CD8 T,CD8 TEM,CD4+ T cells,CD4 T cell (subtype unclear),0.0,hao_stateful_gemini_run05
E2L2_GCAGTTAGTAGTGCGA,DC,pDC,Plasmacytoid Dendritic cells,pDC,1.0,hao_stateful_gemini_run05
L2_GACTCTCTCATCGTAG,CD4 T,CD4 CTL,CD8+ T cells,CD8 T cell (subtype unclear),0.0,hao_stateful_gemini_run05
E2L2_TTCTGTAAGCCTCAAT,CD4 T,CD4 TCM,CD4+ T cells,CD4 T cell (subtype unclear),0.5,hao_stateful_gemini_run05
E2L4_TCCACGTCACCAAATC,CD4 T,CD4 TEM,CD4+ T cells,CD4 T cell (subtype unclear),0.5,hao_stateful_gemini_run05
E2L7_AATGAAGCAGATCCTA,B,B naive,B cells,B cell (subtype unclear),0.5,hao_stateful_gemini_run05
L4_CCTTGTGCAGATAAAC,CD8 T,CD8 TCM,CD4+ T cells,CD4 T cell (subtype unclear),0.0,hao_stateful_gemini_run05
L4_TATCAGGAGATCACCT,B,B naive,B cells,B cell (subtype unclear),0.5,hao_stateful_gemini_run05
E2L6_TGCGGCACATGCAGGA,B,Plasmablast,Plasma cells,Plasmablast,1.0,hao_stateful_gemini_run05
E2L1_GGGATGACAGTTACCA,CD4 T,CD4 CTL,CD8+ T cells,CD8 T cell (subtype unclear),0.0,hao_stateful_gemini_run05
E2L4_AGAACCTCACACACGC,CD8 T,CD8 TEM,CD8+ T cells,CD8 T cell (subtype unclear),0.5,hao_stateful_gemini_run05
L2_GGATCTAGTGTATACC,NK,NK_CD56bright,NK cells,NK,0.5,hao_stateful_gemini_run05
E2L2_CAATCGAGTTGGGTAG,DC,ASDC,CD14+ Monocytes,CD14 Mono,0.0,hao_stateful_gemini_run05
E2L4_TGTTGGACACTATCGA,CD4 T,CD4 CTL,CD8+ T cells,CD8 T cell (subtype unclear),0.0,hao_stateful_gemini_run05
L2_TACGCTCAGGACACTG,other T,dnT,CD4+ T cells,CD4 T cell (subtype unclear),0.0,hao_stateful_gemini_run05
E2L2_TTGCCTGTCCACCTGT,other T,gdT,CD8+ T cells,CD8 T cell (subtype unclear),0.0,hao_stateful_gemini_run05
L1_TACTTGTCAGACCTAT,CD4 T,CD4 Naive,CD4+ T cells,CD4 T cell (subtype unclear),0.5,hao_stateful_gemini_run05
L1_GGAAGTGTCCGCGATG,other,ILC,NK cells,NK,0.0,hao_stateful_gemini_run05
L5_GGGTCACAGCGACTGA,other T,gdT,CD8+ T cells,CD8 T cell (subtype unclear),0.0,hao_stateful_gemini_run05
E2L7_GTGCGTGTCTCCAAGA,DC,cDC2,CD14+ Monocytes,CD14 Mono,0.0,hao_stateful_gemini_run05
L3_TTGAGTGCACACACGC,CD4 T,Treg,CD4+ T cells,CD4 T cell (subtype unclear),0.5,hao_stateful_gemini_run05
E2L5_CTTCAATCACCTCTAC,other T,gdT,CD4+ T cells,CD4 T cell (subtype unclear),0.0,hao_stateful_gemini_run05
L1_CGGGCATAGACTCAAA,NK,NK_CD56bright,NK cells,NK,0.5,hao_stateful_gemini_run05
E2L5_AAGGAATCACATATGC,Mono,CD14 Mono,CD14+ Monocytes,CD14 Mono,1.0,hao_stateful_gemini_run05
L4_ATGACCACAACGAGGT,CD4 T,Treg,CD4+ T cells,CD4 T cell (subtype unclear),0.5,hao_stateful_gemini_run05
L1_AGTGATCAGCTGAAAT,other T,MAIT,CD8+ T cells,CD8 T cell (subtype unclear),0.0,hao_stateful_gemini_run05
E2L5_AATTCCTTCGCTAATG,other T,MAIT,CD8+ T cells,CD8 T cell (subtype unclear),0.0,hao_stateful_gemini_run05
E2L1_GATTTCTAGTTCCGGC,NK,NK Proliferating,Proliferating cells,Proliferating lymphocyte (lineage unclear),0.5,hao_stateful_gemini_run05
E2L6_CATGGATCAACTTGCA,CD4 T,CD4 TCM,CD4+ T cells,CD4 T cell (subtype unclear),0.5,hao_stateful_gemini_run05
L4_AAGCATCTCGTTCAGA,CD4 T,CD4 TEM,CD4+ T cells,CD4 T cell (subtype unclear),0.5,hao_stateful_gemini_run05
E2L5_CATACCCTCCGTCACT,NK,NK,CD8+ T cells,CD8 T cell (subtype unclear),0.0,hao_stateful_gemini_run05
L4_CACTGGGGTTTCGGCG,CD4 T,CD4 CTL,CD8+ T cells,CD8 T cell (subtype unclear),0.0,hao_stateful_gemini_run05
L3_GGTTCTCCAAGCTACT,DC,cDC1,CD14+ Monocytes,CD14 Mono,0.0,hao_stateful_gemini_run05
L4_CCAAGCGTCCCGAGAC,CD4 T,CD4 TCM,CD4+ T cells,CD4 T cell (subtype unclear),0.5,hao_stateful_gemini_run05
E2L2_GCAGGCTGTGTACAGG,CD8 T,CD8 Naive,CD4+ T cells,CD4 T cell (subtype unclear),0.0,hao_stateful_gemini_run05
E2L5_CACCAAAAGATTCGAA,NK,NK,CD8+ T cells,CD8 T cell (subtype unclear),0.0,hao_stateful_gemini_run05
E2L2_TCCGATCGTTTGTGGT,other,Platelet,Platelets,Platelet,1.0,hao_stateful_gemini_run05
E2L4_TCGACGGTCGCCAATA,DC,pDC,Plasmacytoid Dendritic cells,pDC,1.0,hao_stateful_gemini_run05
E2L7_GATTGGTCAATACCTG,other T,gdT,CD4+ T cells,CD4 T cell (subtype unclear),0.0,hao_stateful_gemini_run05
L1_ACACTGATCTGCATGA,CD8 T,CD8 Naive,CD4+ T cells,CD4 T cell (subtype unclear),0.0,hao_stateful_gemini_run05
L1_GTGTGATTCTAAGGAA,other,HSPC,HSPC,HSPC,1.0,hao_stateful_gemini_run05
E2L4_CTCCTTTTCACGTCCT,DC,cDC2,CD14+ Monocytes,CD14 Mono,0.0,hao_stateful_gemini_run05
E2L3_AAAGTGATCTCGGTCT,Mono,CD14 Mono,CD14+ Monocytes,CD14 Mono,1.0,hao_stateful_gemini_run05
L1_TGTAGACCATTGAAAG,CD8 T,CD8 TCM,CD4+ T cells,CD4 T cell (subtype unclear),0.0,hao_stateful_gemini_run05
L5_TGTGATGAGTCACAGG,B,B intermediate,B cells,B cell (subtype unclear),0.5,hao_stateful_gemini_run05
E2L1_TGGGTTACACAAGGTG,CD4 T,CD4 TCM,CD4+ T cells,CD4 T cell (subtype unclear),0.5,hao_stateful_gemini_run05
E2L4_GTGGTTAAGAGAGTTT,CD8 T,CD8 TEM,CD8+ T cells,CD8 T cell (subtype unclear),0.5,hao_stateful_gemini_run05
E2L4_CATGCAATCACTCACC,other T,dnT,Memory/Effector T cells,T cell (CD4/CD8/other unclear),0.5,hao_stateful_gemini_run05
L5_CGCCAGACAGATTTCG,CD4 T,CD4 CTL,CD8+ T cells,CD8 T cell (subtype unclear),0.0,hao_stateful_gemini_run05
E2L2_TCTTGCGGTGACATCT,Mono,CD14 Mono,CD16+ Monocytes,CD16 Mono,0.5,hao_stateful_gemini_run05
E2L6_AGGTTGTTCGCCTAGG,NK,NK,CD8+ T cells,CD8 T cell (subtype unclear),0.0,hao_stateful_gemini_run05
L2_AACAAAGTCGCCAATA,CD4 T,Treg,CD4+ T cells,CD4 T cell (subtype unclear),0.5,hao_stateful_gemini_run05
E2L6_ATCGATGCACGTGAGA,other T,gdT,CD8+ T cells,CD8 T cell (subtype unclear),0.0,hao_stateful_gemini_run05
L4_TCTAACTGTGATTCTG,CD4 T,CD4 CTL,CD8+ T cells,CD8 T cell (subtype unclear),0.0,hao_stateful_gemini_run05
L1_GGGACAATCGTGAGAG,CD4 T,CD4 TEM,CD8+ T cells,CD8 T cell (subtype unclear),0.0,hao_stateful_gemini_run05
E2L4_TGTCCCATCGAATCCA,CD4 T,CD4 TCM,CD4+ T cells,CD4 T cell (subtype unclear),0.5,hao_stateful_gemini_run05
E2L7_ATCGCCTGTTAAGTCC,NK,NK,CD8+ T cells,CD8 T cell (subtype unclear),0.0,hao_stateful_gemini_run05
L4_GAGATGGGTCTTAGTG,CD8 T,CD8 TCM,CD4+ T cells,CD4 T cell (subtype unclear),0.0,hao_stateful_gemini_run05
L1_GATAGAATCGTAATGC,other T,dnT,CD4+ T cells,CD4 T cell (subtype unclear),0.0,hao_stateful_gemini_run05
E2L3_GTAGAAAGTCGTCAGC,NK,NK_CD56bright,NK cells,NK,0.5,hao_stateful_gemini_run05
E2L4_CACGGGTGTACTAGCT,CD8 T,CD8 TCM,CD4+ T cells,CD4 T cell (subtype unclear),0.0,hao_stateful_gemini_run05
E2L1_CACATGAGTGCTTATG,NK,NK Proliferating,Proliferating cells,Proliferating lymphocyte (lineage unclear),0.5,hao_stateful_gemini_run05
E2L2_TTGCGTCTCCGGTAAT,CD4 T,CD4 TCM,CD4+ T cells,CD4 T cell (subtype unclear),0.5,hao_stateful_gemini_run05
E2L4_AATAGAGTCTGGTTGA,NK,NK Proliferating,Proliferating cells,Proliferating lymphocyte (lineage unclear),0.5,hao_stateful_gemini_run05
E2L7_GTTACAGCATGCCGAC,NK,NK Proliferating,Proliferating cells,Proliferating lymphocyte (lineage unclear),0.5,hao_stateful_gemini_run05
L5_GTCTGTCAGGCGTTAG,B,Plasmablast,Plasma cells,Plasmablast,1.0,hao_stateful_gemini_run05
E2L1_GAGACTTAGCCATCCG,Mono,CD16 Mono,CD16+ Monocytes,CD16 Mono,1.0,hao_stateful_gemini_run05
E2L6_GAGACCCTCGGCTTGG,DC,cDC1,Conventional Dendritic cells,Dendritic cell (subtype unclear),0.5,hao_stateful_gemini_run05
L1_GTGATGTAGGTCATTC,other,HSPC,HSPC,HSPC,1.0,hao_stateful_gemini_run05
E2L1_TACACCCAGCAGCGAT,other T,gdT,CD8+ T cells,CD8 T cell (subtype unclear),0.0,hao_stateful_gemini_run05
E2L7_AACACACCATGAGGGT,other T,MAIT,CD8+ T cells,CD8 T cell (subtype unclear),0.0,hao_stateful_gemini_run05
E2L8_GTAGTACCACTGTTCC,Mono,CD16 Mono,CD16+ Monocytes,CD16 Mono,1.0,hao_stateful_gemini_run05
L2_CCGAACGGTACCTAAC,CD8 T,CD8 TCM,CD4+ T cells,CD4 T cell (subtype unclear),0.0,hao_stateful_gemini_run05
L4_AGGCTGCGTAGGATAT,DC,cDC2,CD14+ Monocytes,CD14 Mono,0.0,hao_stateful_gemini_run05
L4_TCGGATATCCCATAAG,other T,dnT,CD4+ T cells,CD4 T cell (subtype unclear),0.0,hao_stateful_gemini_run05
L1_TTCTCTCGTGAGCAGT,CD4 T,Treg,CD4+ T cells,CD4 T cell (subtype unclear),0.5,hao_stateful_gemini_run05
E2L1_CATGGTAGTTTCGTGA,other T,gdT,CD8+ T cells,CD8 T cell (subtype unclear),0.0,hao_stateful_gemini_run05
E2L6_TACGGTAAGAAATTGC,B,B memory,B cells,B cell (subtype unclear),0.5,hao_stateful_gemini_run05
E2L2_TGTTACTGTCCACGCA,other T,gdT,CD8+ T cells,CD8 T cell (subtype unclear),0.0,hao_stateful_gemini_run05
E2L8_CAAGCTAGTTATGACC,other,Platelet,Platelets,Platelet,1.0,hao_stateful_gemini_run05
E2L8_TTGAACGAGTTGGCGA,DC,cDC1,Conventional Dendritic cells,Dendritic cell (subtype unclear),0.5,hao_stateful_gemini_run05
L5_GTCTACCTCCAGTTCC,DC,cDC2,CD14+ Monocytes,CD14 Mono,0.0,hao_stateful_gemini_run05
L5_CCTGTTGGTACGGGAT,DC,pDC,Plasmacytoid Dendritic cells,pDC,1.0,hao_stateful_gemini_run05
E2L5_CATGGTACATTCAGCA,other T,gdT,CD8+ T cells,CD8 T cell (subtype unclear),0.0,hao_stateful_gemini_run05
L1_TTCACCGCATTCATCT,other T,dnT,CD4+ T cells,CD4 T cell (subtype unclear),0.0,hao_stateful_gemini_run05
E2L7_AATGCCATCGACGTCG,DC,pDC,Plasmacytoid Dendritic cells,pDC,1.0,hao_stateful_gemini_run05
E2L4_ACTATTCCACTATCCC,CD4 T,CD4 TEM,CD4+ T cells,CD4 T cell (subtype unclear),0.5,hao_stateful_gemini_run05
E2L3_GTAGCTAGTAAGATAC,other T,MAIT,CD8+ T cells,CD8 T cell (subtype unclear),0.0,hao_stateful_gemini_run05
E2L5_ATTCTTGTCAATCGGT,NK,NK_CD56bright,NK cells,NK,0.5,hao_stateful_gemini_run05
L4_CGCGTGAAGGGAGGAC,DC,pDC,Plasmacytoid Dendritic cells,pDC,1.0,hao_stateful_gemini_run05
E2L6_GTTGAACCAGTTTCAG,B,B naive,B cells,B cell (subtype unclear),0.5,hao_stateful_gemini_run05
L3_CAGATTGTCGCAACAT,CD4 T,CD4 CTL,CD8+ T cells,CD8 T cell (subtype unclear),0.0,hao_stateful_gemini_run05
E2L6_AAAGTGATCCAGGACC,B,Plasmablast,Plasma cells,Plasmablast,1.0,hao_stateful_gemini_run05
L2_TTGAACGGTGAGAACC,Mono,CD16 Mono,CD16+ Monocytes,CD16 Mono,1.0,hao_stateful_gemini_run05
L3_AGACTCAGTGTCTCCT,other,HSPC,HSPC,HSPC,1.0,hao_stateful_gemini_run05
E2L8_TGTGGCGAGGTCTGGA,CD4 T,CD4 CTL,CD8+ T cells,CD8 T cell (subtype unclear),0.0,hao_stateful_gemini_run05
E2L5_CCGATGGTCGCCGAGT,Mono,CD14 Mono,CD16+ Monocytes,CD16 Mono,0.5,hao_stateful_gemini_run05
L4_GAGGGTATCCAATCCC,CD4 T,CD4 Naive,CD4+ T cells,CD4 T cell (subtype unclear),0.5,hao_stateful_gemini_run05
L5_GAGTGAGTCAACCTTT,CD4 T,CD4 Naive,CD4+ T cells,CD4 T cell (subtype unclear),0.5,hao_stateful_gemini_run05
L3_CTATCTATCAGGACGA,other T,MAIT,CD8+ T cells,CD8 T cell (subtype unclear),0.0,hao_stateful_gemini_run05
E2L3_CTTACCGAGGAAGTAG,Mono,CD16 Mono,CD16+ Monocytes,CD16 Mono,1.0,hao_stateful_gemini_run05
L2_AACAAAGGTCACTAGT,CD8 T,CD8 TEM,CD4+ T cells,CD4 T cell (subtype unclear),0.0,hao_stateful_gemini_run05
E2L1_GGGCTACCAAGCTGTT,B,B memory,B cells,B cell (subtype unclear),0.5,hao_stateful_gemini_run05
L2_TCAGGTACAAGAAACT,CD8 T,CD8 Naive,CD4+ T cells,CD4 T cell (subtype unclear),0.0,hao_stateful_gemini_run05
L5_TCCTGCAAGTATCTGC,NK,NK_CD56bright,NK cells,NK,0.5,hao_stateful_gemini_run05
L3_AAAGGGCGTATTCCTT,Mono,CD16 Mono,CD16+ Monocytes,CD16 Mono,1.0,hao_stateful_gemini_run05
L1_ACTGCAAAGCGCAATG,other,HSPC,HSPC,HSPC,1.0,hao_stateful_gemini_run05
L1_TGTGGCGCATGGCACC,CD4 T,CD4 TEM,CD4+ T cells,CD4 T cell (subtype unclear),0.5,hao_stateful_gemini_run05
L2_ATCGTAGCACTTGTCC,CD8 T,CD8 TEM,CD8+ T cells,CD8 T cell (subtype unclear),0.5,hao_stateful_gemini_run05
E2L7_GCTTTCGCAGGCACTC,B,B intermediate,B cells,B cell (subtype unclear),0.5,hao_stateful_gemini_run05
E2L5_TTTCATGCACCTCGTT,CD8 T,CD8 TCM,CD4+ T cells,CD4 T cell (subtype unclear),0.0,hao_stateful_gemini_run05
L1_TTGGGCGAGACTCCGC,CD8 T,CD8 TEM,CD8+ T cells,CD8 T cell (subtype unclear),0.5,hao_stateful_gemini_run05
E2L5_CGATGCGTCGAACGGA,B,B memory,B cells,B cell (subtype unclear),0.5,hao_stateful_gemini_run05
E2L3_TCCTAATTCATGCTAG,B,B intermediate,B cells,B cell (subtype unclear),0.5,hao_stateful_gemini_run05
L3_CATGAGTCAAGAGGTC,other T,MAIT,CD8+ T cells,CD8 T cell (subtype unclear),0.0,hao_stateful_gemini_run05
E2L1_GTCTGTCTCGATGCTA,B,B memory,B cells,B cell (subtype unclear),0.5,hao_stateful_gemini_run05
E2L3_GAGGCAAAGAAAGTCT,NK,NK Proliferating,Proliferating cells,Proliferating lymphocyte (lineage unclear),0.5,hao_stateful_gemini_run05
E2L5_GGGACAAAGAATGTTG,Mono,CD14 Mono,CD16+ Monocytes,CD16 Mono,0.5,hao_stateful_gemini_run05
E2L5_CTACAGACAGCAAGAC,B,Plasmablast,Plasma cells,Plasmablast,1.0,hao_stateful_gemini_run05
E2L1_CTACGGGAGTGCCGAA,NK,NK_CD56bright,NK cells,NK,0.5,hao_stateful_gemini_run05
E2L4_TTGCTGCAGACGGATC,other T,dnT,CD4+ T cells,CD4 T cell (subtype unclear),0.0,hao_stateful_gemini_run05
L1_CGGGACTGTAACGTTC,CD8 T,CD8 TCM,CD4+ T cells,CD4 T cell (subtype unclear),0.0,hao_stateful_gemini_run05
L3_CAGTTAGTCTCCCTAG,CD4 T,CD4 Naive,CD4+ T cells,CD4 T cell (subtype unclear),0.5,hao_stateful_gemini_run05
L2_ATCGGATCACTAGGCC,NK,NK,CD8+ T cells,CD8 T cell (subtype unclear),0.0,hao_stateful_gemini_run05
E2L5_TCAGTTTTCCATAAGC,DC,cDC1,Conventional Dendritic cells,Dendritic cell (subtype unclear),0.5,hao_stateful_gemini_run05
E2L5_AAGATAGTCCCGATCT,NK,NK,CD8+ T cells,CD8 T cell (subtype unclear),0.0,hao_stateful_gemini_run05
E2L1_GATCATGTCCTATTTG,DC,cDC2,CD14+ Monocytes,CD14 Mono,0.0,hao_stateful_gemini_run05
L1_TCAGGTACACTGCTTC,CD8 T,CD8 TCM,CD4+ T cells,CD4 T cell (subtype unclear),0.0,hao_stateful_gemini_run05
L3_TCCGAAACACCGTGGT,Mono,CD16 Mono,Erythrocytes,Eryth,0.0,hao_stateful_gemini_run05
L3_TCCCAGTAGGACGGAG,other,HSPC,HSPC,HSPC,1.0,hao_stateful_gemini_run05
L5_AAGCGAGGTTTCGGCG,other T,MAIT,CD8+ T cells,CD8 T cell (subtype unclear),0.0,hao_stateful_gemini_run05
E2L3_CACTGAAAGTAACGTA,NK,NK Proliferating,Proliferating cells,Proliferating lymphocyte (lineage unclear),0.5,hao_stateful_gemini_run05
L4_GCCTGTTTCCGATCTC,other,ILC,NK cells,NK,0.0,hao_stateful_gemini_run05
E2L2_TCCTGCATCGCTTACC,CD4 T,CD4 Naive,CD4+ T cells,CD4 T cell (subtype unclear),0.5,hao_stateful_gemini_run05
L1_AGGTAGGCATCCTAAG,other,HSPC,HSPC,HSPC,1.0,hao_stateful_gemini_run05
L5_GAGGGATGTACCCGCA,CD8 T,CD8 TCM,CD4+ T cells,CD4 T cell (subtype unclear),0.0,hao_stateful_gemini_run05
E2L5_GCTGAATAGAGTCAGC,DC,cDC2,CD14+ Monocytes,CD14 Mono,0.0,hao_stateful_gemini_run05
L3_TTTCCTCCACGAGGTA,NK,NK,CD8+ T cells,CD8 T cell (subtype unclear),0.0,hao_stateful_gemini_run05
E2L1_GAGGGTACACTGTTCC,B,B memory,B cells,B cell (subtype unclear),0.5,hao_stateful_gemini_run05
L3_TGATCTTTCGGCCCAA,CD4 T,Treg,CD4+ T cells,CD4 T cell (subtype unclear),0.5,hao_stateful_gemini_run05
L2_CTAACTTTCACCATCC,other,ILC,CD4+ T cells,CD4 T cell (subtype unclear),0.0,hao_stateful_gemini_run05
E2L6_CCTTCAGGTAGCCAGA,DC,pDC,Plasmacytoid Dendritic cells,pDC,1.0,hao_stateful_gemini_run05
E2L7_TAGGAGGTCCAGTGCG,CD8 T,CD8 Naive,CD4+ T cells,CD4 T cell (subtype unclear),0.0,hao_stateful_gemini_run05
L3_GATCCCTGTTAGGACG,B,Plasmablast,Plasma cells,Plasmablast,1.0,hao_stateful_gemini_run05
L5_GATAGAATCACTGATG,CD8 T,CD8 TCM,CD4+ T cells,CD4 T cell (subtype unclear),0.0,hao_stateful_gemini_run05
E2L1_AACCTGACAAGGTCGA,CD8 T,CD8 Naive,CD8+ T cells,CD8 T cell (subtype unclear),0.5,hao_stateful_gemini_run05
E2L1_GATTGGTAGATTACCC,other T,gdT,CD4+ T cells,CD4 T cell (subtype unclear),0.0,hao_stateful_gemini_run05
L4_CCACGTTGTTGGACTT,CD8 T,CD8 TCM,CD4+ T cells,CD4 T cell (subtype unclear),0.0,hao_stateful_gemini_run05
L3_ATCGTCCTCTCACGAA,other,HSPC,HSPC,HSPC,1.0,hao_stateful_gemini_run05
L1_CAATACGCAAGACCTT,CD8 T,CD8 TCM,CD4+ T cells,CD4 T cell (subtype unclear),0.0,hao_stateful_gemini_run05
E2L8_TCTCAGCGTGTCCACG,other T,gdT,CD8+ T cells,CD8 T cell (subtype unclear),0.0,hao_stateful_gemini_run05
L2_TACGGTACACCTGCTT,NK,NK_CD56bright,NK cells,NK,0.5,hao_stateful_gemini_run05
E2L4_CCACGAGTCGACGACC,NK,NK Proliferating,Proliferating cells,Proliferating lymphocyte (lineage unclear),0.5,hao_stateful_gemini_run05
L1_AAATGGAGTAAGGTCG,other T,MAIT,CD8+ T cells,CD8 T cell (subtype unclear),0.0,hao_stateful_gemini_run05
E2L6_GGGATCCAGGTATAGT,other,Platelet,Platelets,Platelet,1.0,hao_stateful_gemini_run05
E2L7_GTGCTTCTCCGGACGT,B,B intermediate,B cells,B cell (subtype unclear),0.5,hao_stateful_gemini_run05
E2L2_TCATCCGCATCATTGG,NK,NK,CD8+ T cells,CD8 T cell (subtype unclear),0.0,hao_stateful_gemini_run05
L4_AGTTCCCCATCCAATG,CD4 T,CD4 CTL,CD8+ T cells,CD8 T cell (subtype unclear),0.0,hao_stateful_gemini_run05
L5_GGAGGTACAGATTCGT,other,HSPC,HSPC,HSPC,1.0,hao_stateful_gemini_run05
E2L1_GAATCGTTCGAGGCAA,CD4 T,CD4 CTL,CD8+ T cells,CD8 T cell (subtype unclear),0.0,hao_stateful_gemini_run05
L4_CAACCTCAGTCTAACC,B,Plasmablast,Plasma cells,Plasmablast,1.0,hao_stateful_gemini_run05
E2L3_ATCACTTTCAAAGCCT,B,Plasmablast,Plasma cells,Plasmablast,1.0,hao_stateful_gemini_run05
E2L3_TCGGGCAGTTCCTTGC,CD8 T,CD8 Proliferating,Proliferating cells,Proliferating lymphocyte (lineage unclear),0.5,hao_stateful_gemini_run05
L4_TGCAGTATCACTCACC,Mono,CD16 Mono,CD16+ Monocytes,CD16 Mono,1.0,hao_stateful_gemini_run05
L4_TGGTACAGTGCATGTT,CD4 T,Treg,CD4+ T cells,CD4 T cell (subtype unclear),0.5,hao_stateful_gemini_run05
L5_CTGATCCCAGCACGAA,CD4 T,CD4 Naive,CD4+ T cells,CD4 T cell (subtype unclear),0.5,hao_stateful_gemini_run05
E2L6_GGCAGTCCAACCCTAA,CD8 T,CD8 TCM,CD4+ T cells,CD4 T cell (subtype unclear),0.0,hao_stateful_gemini_run05
E2L6_CGCGTGACAGTTGTCA,CD8 T,CD8 TEM,CD4+ T cells,CD4 T cell (subtype unclear),0.0,hao_stateful_gemini_run05
E2L7_GTGTGGCAGGAGACCT,Mono,CD16 Mono,CD16+ Monocytes,CD16 Mono,1.0,hao_stateful_gemini_run05
L3_CCACTTGCAACCCTCT,DC,cDC1,Conventional Dendritic cells,Dendritic cell (subtype unclear),0.5,hao_stateful_gemini_run05
L1_TGACGCGCAGTAGTTC,CD4 T,CD4 CTL,CD8+ T cells,CD8 T cell (subtype unclear),0.0,hao_stateful_gemini_run05
L4_TCCACCATCGTAACTG,DC,cDC2,CD14+ Monocytes,CD14 Mono,0.0,hao_stateful_gemini_run05
E2L7_CAGATACGTGTGCCTG,B,B memory,B cells,B cell (subtype unclear),0.5,hao_stateful_gemini_run05
L5_GCAGCTGCAGCGGTCT,CD4 T,Treg,CD4+ T cells,CD4 T cell (subtype unclear),0.5,hao_stateful_gemini_run05
L5_TCTTGCGAGACTTCGT,other T,dnT,Memory/Effector T cells,T cell (CD4/CD8/other unclear),0.5,hao_stateful_gemini_run05
E2L6_GACACGCAGATGACCG,B,B naive,B cells,B cell (subtype unclear),0.5,hao_stateful_gemini_run05
E2L3_TGATGGTGTGAACTAA,Mono,CD14 Mono,CD14+ Monocytes,CD14 Mono,1.0,hao_stateful_gemini_run05
L4_TGCGGCAAGACCATTC,B,Plasmablast,Plasma cells,Plasmablast,1.0,hao_stateful_gemini_run05
E2L7_AGATCGTGTCCTTAAG,CD4 T,CD4 CTL,CD8+ T cells,CD8 T cell (subtype unclear),0.0,hao_stateful_gemini_run05
E2L6_CGATGCGGTACTTCCC,other T,dnT,CD4+ T cells,CD4 T cell (subtype unclear),0.0,hao_stateful_gemini_run05
E2L4_ACGGAAGGTATTGGCT,B,B naive,B cells,B cell (subtype unclear),0.5,hao_stateful_gemini_run05
E2L1_CTACATTCAAGATTGA,CD8 T,CD8 Naive,CD4+ T cells,CD4 T cell (subtype unclear),0.0,hao_stateful_gemini_run05
L5_CAAAGAACACCCTATC,CD8 T,CD8 Proliferating,Proliferating cells,Proliferating lymphocyte (lineage unclear),0.5,hao_stateful_gemini_run05
L1_GAAATGAAGGCCATAG,CD4 T,CD4 CTL,CD8+ T cells,CD8 T cell (subtype unclear),0.0,hao_stateful_gemini_run05
L4_GTGTGGCTCGCTTGCT,CD8 T,CD8 Naive,CD4+ T cells,CD4 T cell (subtype unclear),0.0,hao_stateful_gemini_run05
L5_ATTGGGTGTGGCTACC,CD4 T,CD4 TCM,CD4+ T cells,CD4 T cell (subtype unclear),0.5,hao_stateful_gemini_run05
E2L5_ACCCTTGCAAGAGAGA,other T,MAIT,CD8+ T cells,CD8 T cell (subtype unclear),0.0,hao_stateful_gemini_run05
E2L4_CTACCTGCATGCAGCC,other,Platelet,Platelets,Platelet,1.0,hao_stateful_gemini_run05
L5_CTAGACAAGGGTATAT,CD8 T,CD8 TEM,CD4+ T cells,CD4 T cell (subtype unclear),0.0,hao_stateful_gemini_run05
E2L8_AGAAGTAAGGCTAACG,B,B intermediate,B cells,B cell (subtype unclear),0.5,hao_stateful_gemini_run05
E2L3_AGAAATGGTCCCGGTA,DC,ASDC,CD14+ Monocytes,CD14 Mono,0.0,hao_stateful_gemini_run05
E2L6_ACAAAGACAAGTGATA,other T,dnT,CD4+ T cells,CD4 T cell (subtype unclear),0.0,hao_stateful_gemini_run05
E2L5_TCTAACTAGTGCACTT,CD8 T,CD8 Proliferating,Proliferating cells,Proliferating lymphocyte (lineage unclear),0.5,hao_stateful_gemini_run05
E2L4_AAGCATCGTGAGAACC,DC,pDC,Plasmacytoid Dendritic cells,pDC,1.0,hao_stateful_gemini_run05
E2L3_CGCATAACATAAGCAA,Mono,CD14 Mono,CD16+ Monocytes,CD16 Mono,0.5,hao_stateful_gemini_run05
L3_CCACCATGTCTTCCGT,NK,NK Proliferating,Proliferating cells,Proliferating lymphocyte (lineage unclear),0.5,hao_stateful_gemini_run05
E2L2_AGATAGAAGTAGCATA,DC,cDC1,Conventional Dendritic cells,Dendritic cell (subtype unclear),0.5,hao_stateful_gemini_run05
L4_AGGTTACAGTCGTCTA,CD8 T,CD8 TEM,CD4+ T cells,CD4 T cell (subtype unclear),0.0,hao_stateful_gemini_run05
E2L7_TACAGGTTCACCATGA,CD4 T,CD4 TEM,CD4+ T cells,CD4 T cell (subtype unclear),0.5,hao_stateful_gemini_run05
L2_TTTAGTCGTTACAGCT,other T,MAIT,CD8+ T cells,CD8 T cell (subtype unclear),0.0,hao_stateful_gemini_run05
E2L4_GGGAGATTCCATCACC,B,B memory,B cells,B cell (subtype unclear),0.5,hao_stateful_gemini_run05
E2L6_GAGGGATGTCTGCGCA,other T,gdT,CD4+ T cells,CD4 T cell (subtype unclear),0.0,hao_stateful_gemini_run05
E2L3_ATGAGGGCAAACCGGA,CD8 T,CD8 TCM,CD4+ T cells,CD4 T cell (subtype unclear),0.0,hao_stateful_gemini_run05
E2L4_TCCAGAATCGTTTACT,other,Platelet,Platelets,Platelet,1.0,hao_stateful_gemini_run05
E2L4_GTTTACTTCTCTGAGA,CD4 T,CD4 TCM,CD4+ T cells,CD4 T cell (subtype unclear),0.5,hao_stateful_gemini_run05
L2_AGTGATCCACGATAGG,other T,gdT,CD8+ T cells,CD8 T cell (subtype unclear),0.0,hao_stateful_gemini_run05
E2L4_CCGATCTAGAGTCTTC,other T,gdT,CD8+ T cells,CD8 T cell (subtype unclear),0.0,hao_stateful_gemini_run05
L2_TGAATCGCAGCGTGCT,CD8 T,CD8 Naive,CD4+ T cells,CD4 T cell (subtype unclear),0.0,hao_stateful_gemini_run05
L1_CACCGTTAGTATTAGG,NK,NK Proliferating,Proliferating cells,Proliferating lymphocyte (lineage unclear),0.5,hao_stateful_gemini_run05
E2L5_TCAGCCTTCAAGCCTA,DC,pDC,Plasmacytoid Dendritic cells,pDC,1.0,hao_stateful_gemini_run05
L2_GTACAACGTTATGTCG,CD8 T,CD8 Naive,CD4+ T cells,CD4 T cell (subtype unclear),0.0,hao_stateful_gemini_run05
L1_TCGGGCAAGCACCGAA,CD8 T,CD8 Naive,CD4+ T cells,CD4 T cell (subtype unclear),0.0,hao_stateful_gemini_run05
E2L2_TAGTGCAGTAGCTGAG,B,B intermediate,B cells,B cell (subtype unclear),0.5,hao_stateful_gemini_run05
E2L3_GTGCTGGCAGGACTAG,DC,pDC,Plasmacytoid Dendritic cells,pDC,1.0,hao_stateful_gemini_run05
L4_TATATCCAGTAGATCA,other T,dnT,Memory/Effector T cells,T cell (CD4/CD8/other unclear),0.5,hao_stateful_gemini_run05
E2L4_TTGAGTGAGACATAGT,CD8 T,CD8 Proliferating,Proliferating cells,Proliferating lymphocyte (lineage unclear),0.5,hao_stateful_gemini_run05
L4_TCGCACTAGAGGTCAC,CD4 T,CD4 Naive,CD4+ T cells,CD4 T cell (subtype unclear),0.5,hao_stateful_gemini_run05
E2L1_GTGTTCCAGCCTCCAG,B,B naive,B cells,B cell (subtype unclear),0.5,hao_stateful_gemini_run05
L5_TCTAACTTCCGCACGA,CD4 T,Treg,CD4+ T cells,CD4 T cell (subtype unclear),0.5,hao_stateful_gemini_run05
L5_ACGATGTAGAATAACC,other T,dnT,CD4+ T cells,CD4 T cell (subtype unclear),0.0,hao_stateful_gemini_run05
E2L3_GGAGCAAAGAGACAAG,DC,cDC2,CD14+ Monocytes,CD14 Mono,0.0,hao_stateful_gemini_run05
E2L5_CAGGCCACATAACGGG,DC,ASDC,CD14+ Monocytes,CD14 Mono,0.0,hao_stateful_gemini_run05
E2L6_TAGACCATCAGTCATG,NK,NK,CD8+ T cells,CD8 T cell (subtype unclear),0.0,hao_stateful_gemini_run05
E2L4_ATTCGTTAGGTGCATG,NK,NK Proliferating,Proliferating cells,Proliferating lymphocyte (lineage unclear),0.5,hao_stateful_gemini_run05
E2L8_CTATCTACATGGGATG,CD4 T,CD4 Naive,CD4+ T cells,CD4 T cell (subtype unclear),0.5,hao_stateful_gemini_run05
E2L7_ATGGGAGTCACATCAG,Mono,CD14 Mono,CD14+ Monocytes,CD14 Mono,1.0,hao_stateful_gemini_run05
E2L2_TAAGCACAGCTTCTAG,B,Plasmablast,Plasma cells,Plasmablast,1.0,hao_stateful_gemini_run05
E2L2_CTGCCATGTTGCATGT,other T,dnT,Memory/Effector T cells,T cell (CD4/CD8/other unclear),0.5,hao_stateful_gemini_run05
E2L4_TCACTCGCAGAGGTTG,CD8 T,CD8 TCM,CD4+ T cells,CD4 T cell (subtype unclear),0.0,hao_stateful_gemini_run05
L4_TGCTCCACAAATCGTC,other T,MAIT,CD8+ T cells,CD8 T cell (subtype unclear),0.0,hao_stateful_gemini_run05
E2L2_GCATCTCCAGAGAAAG,CD8 T,CD8 TCM,CD4+ T cells,CD4 T cell (subtype unclear),0.0,hao_stateful_gemini_run05
L4_GTTCTATCAAGGATGC,CD4 T,CD4 TCM,CD4+ T cells,CD4 T cell (subtype unclear),0.5,hao_stateful_gemini_run05
E2L4_CCTACGTAGCAAGGAA,DC,ASDC,CD14+ Monocytes,CD14 Mono,0.0,hao_stateful_gemini_run05
L5_CGGGCATAGCCTGGAA,NK,NK,CD8+ T cells,CD8 T cell (subtype unclear),0.0,hao_stateful_gemini_run05
E2L2_TTCACGCAGGCTCACC,Mono,CD16 Mono,CD16+ Monocytes,CD16 Mono,1.0,hao_stateful_gemini_run05
L5_CTGGCAGTCCGCACTT,CD8 T,CD8 Naive,CD4+ T cells,CD4 T cell (subtype unclear),0.0,hao_stateful_gemini_run05
L1_AAATGGAGTTCAGCGC,CD4 T,Treg,CD4+ T cells,CD4 T cell (subtype unclear),0.5,hao_stateful_gemini_run05
E2L4_CACTGGGGTTGTGCAT,B,B intermediate,B cells,B cell (subtype unclear),0.5,hao_stateful_gemini_run05
L3_AGTTCCCTCGATGGAG,CD8 T,CD8 Naive,CD4+ T cells,CD4 T cell (subtype unclear),0.0,hao_stateful_gemini_run05
E2L2_GGGTGAAGTCCACTTC,NK,NK_CD56bright,NK cells,NK,0.5,hao_stateful_gemini_run05
L5_AGGTCTAGTGAGAACC,Mono,CD14 Mono,CD16+ Monocytes,CD16 Mono,0.5,hao_stateful_gemini_run05
L1_AGATCGTGTTATGGTC,B,B memory,B cells,B cell (subtype unclear),0.5,hao_stateful_gemini_run05
L2_CATGGATCAGGTCCCA,CD8 T,CD8 Naive,CD4+ T cells,CD4 T cell (subtype unclear),0.0,hao_stateful_gemini_run05
E2L4_GTTTACTGTCGATTCA,B,B naive,B cells,B cell (subtype unclear),0.5,hao_stateful_gemini_run05
L2_AATTTCCGTGTCACAT,CD4 T,CD4 CTL,CD8+ T cells,CD8 T cell (subtype unclear),0.0,hao_stateful_gemini_run05
L2_GTCCTCAGTATAATGG,other T,MAIT,CD8+ T cells,CD8 T cell (subtype unclear),0.0,hao_stateful_gemini_run05
E2L1_TGGAACTGTCGGTACC,B,Plasmablast,Plasma cells,Plasmablast,1.0,hao_stateful_gemini_run05
L2_TCCAGAATCCGATGTA,CD8 T,CD8 TCM,CD4+ T cells,CD4 T cell (subtype unclear),0.0,hao_stateful_gemini_run05
E2L8_GTGGCGTTCCGCAACG,NK,NK Proliferating,Proliferating cells,Proliferating lymphocyte (lineage unclear),0.5,hao_stateful_gemini_run05
E2L6_TATGTTCAGTAAGGGA,NK,NK_CD56bright,NK cells,NK,0.5,hao_stateful_gemini_run05
E2L6_GTTATGGGTGAGTAAT,CD8 T,CD8 TCM,CD4+ T cells,CD4 T cell (subtype unclear),0.0,hao_stateful_gemini_run05
L4_TATCAGGCATGTGTCA,other,HSPC,HSPC,HSPC,1.0,hao_stateful_gemini_run05
L1_AATTCCTCACGGTGAA,CD8 T,CD8 TEM,CD4+ T cells,CD4 T cell (subtype unclear),0.0,hao_stateful_gemini_run05
E2L2_TACCCGTTCTTTGATC,NK,NK,CD8+ T cells,CD8 T cell (subtype unclear),0.0,hao_stateful_gemini_run05
L1_CCAATGAAGCAAATCA,other T,dnT,CD4+ T cells,CD4 T cell (subtype unclear),0.0,hao_stateful_gemini_run05
E2L1_GTTCGCTCATCTGGGC,DC,pDC,Plasmacytoid Dendritic cells,pDC,1.0,hao_stateful_gemini_run05
L1_AGGCCACAGGTAGGCT,other,HSPC,HSPC,HSPC,1.0,hao_stateful_gemini_run05
L4_GTACAGTAGAACGCGT,B,B memory,B cells,B cell (subtype unclear),0.5,hao_stateful_gemini_run05
E2L7_AGTACTGAGGCCTTGC,NK,NK_CD56bright,NK cells,NK,0.5,hao_stateful_gemini_run05
L5_TATTGCTCACTAGAGG,other,Eryth,Erythrocytes,Eryth,1.0,hao_stateful_gemini_run05
E2L6_GCTTGGGCAAGTGCAG,DC,ASDC,CD14+ Monocytes,CD14 Mono,0.0,hao_stateful_gemini_run05
L1_GTCTAGATCCGAGGCT,DC,ASDC,CD14+ Monocytes,CD14 Mono,0.0,hao_stateful_gemini_run05
L4_GCGGAAATCTATACTC,DC,pDC,Plasmacytoid Dendritic cells,pDC,1.0,hao_stateful_gemini_run05
L4_GATCAGTTCACCGGGT,other,Eryth,Erythrocytes,Eryth,1.0,hao_stateful_gemini_run05
L4_AGGTAGGCACGGGCTT,CD4 T,Treg,CD4+ T cells,CD4 T cell (subtype unclear),0.5,hao_stateful_gemini_run05
L1_GACAGCCGTGCCGGTT,CD4 T,CD4 CTL,CD8+ T cells,CD8 T cell (subtype unclear),0.0,hao_stateful_gemini_run05
E2L8_AACAAAGGTTCGCGTG,CD4 T,CD4 CTL,CD8+ T cells,CD8 T cell (subtype unclear),0.0,hao_stateful_gemini_run05
E2L2_ATTACCTAGCACTGGA,NK,NK,CD8+ T cells,CD8 T cell (subtype unclear),0.0,hao_stateful_gemini_run05
E2L3_ACGTTCCAGTCAACAA,Mono,CD14 Mono,CD14+ Monocytes,CD14 Mono,1.0,hao_stateful_gemini_run05
E2L4_TAACCAGAGGAACGCT,other T,MAIT,CD8+ T cells,CD8 T cell (subtype unclear),0.0,hao_stateful_gemini_run05
E2L1_GACTGATTCACCGACG,B,B naive,B cells,B cell (subtype unclear),0.5,hao_stateful_gemini_run05
E2L8_AGTGTTGCAGCTCATA,NK,NK_CD56bright,NK cells,NK,0.5,hao_stateful_gemini_run05
E2L6_GGAAGTGCACGCGTGT,DC,cDC2,CD14+ Monocytes,CD14 Mono,0.0,hao_stateful_gemini_run05
L2_TACAACGCAAGCGGAT,other T,dnT,Memory/Effector T cells,T cell (CD4/CD8/other unclear),0.5,hao_stateful_gemini_run05
L1_CGTGTCTCATTGACCA,CD4 T,CD4 TEM,CD4+ T cells,CD4 T cell (subtype unclear),0.5,hao_stateful_gemini_run05
E2L1_GTTGTGATCTTCTCAA,CD4 T,CD4 CTL,CD8+ T cells,CD8 T cell (subtype unclear),0.0,hao_stateful_gemini_run05
L4_GGTAATCTCGAACCTA,other,Eryth,Erythrocytes,Eryth,1.0,hao_stateful_gemini_run05
E2L8_TTCGGTCAGCATGCAG,other T,gdT,CD4+ T cells,CD4 T cell (subtype unclear),0.0,hao_stateful_gemini_run05
E2L4_TACCCGTAGGTTGCCC,CD4 T,CD4 Naive,CD4+ T cells,CD4 T cell (subtype unclear),0.5,hao_stateful_gemini_run05
E2L5_ATTCAGGGTCGCGTTG,Mono,CD16 Mono,CD16+ Monocytes,CD16 Mono,1.0,hao_stateful_gemini_run05
L1_TGTAACGTCTTACGTT,CD4 T,CD4 CTL,CD8+ T cells,CD8 T cell (subtype unclear),0.0,hao_stateful_gemini_run05
E2L2_CCTCTAGGTGACTGAG,B,B intermediate,B cells,B cell (subtype unclear),0.5,hao_stateful_gemini_run05
L1_GATTGGTCATCACCAA,Mono,CD14 Mono,CD14+ Monocytes,CD14 Mono,1.0,hao_stateful_gemini_run05
L4_TACCTGCGTTCCACAA,CD8 T,CD8 TCM,CD4+ T cells,CD4 T cell (subtype unclear),0.0,hao_stateful_gemini_run05
E2L7_CTCAATTGTCGAGCTC,CD8 T,CD8 TCM,CD4+ T cells,CD4 T cell (subtype unclear),0.0,hao_stateful_gemini_run05
E2L2_TCTGCCAGTCTAGTGT,Mono,CD14 Mono,CD14+ Monocytes,CD14 Mono,1.0,hao_stateful_gemini_run05
L3_GGGTAGACAAGTGATA,CD4 T,Treg,CD4+ T cells,CD4 T cell (subtype unclear),0.5,hao_stateful_gemini_run05
L3_TGCTCCAAGATGATTG,CD8 T,CD8 TEM,CD8+ T cells,CD8 T cell (subtype unclear),0.5,hao_stateful_gemini_run05
L1_CTCCAACGTGTGTGGA,CD8 T,CD8 Naive,CD4+ T cells,CD4 T cell (subtype unclear),0.0,hao_stateful_gemini_run05
E2L6_TTCTAACCAATTCGTG,CD8 T,CD8 Naive,CD4+ T cells,CD4 T cell (subtype unclear),0.0,hao_stateful_gemini_run05
L2_CTACTATCAAGTACCT,NK,NK,CD8+ T cells,CD8 T cell (subtype unclear),0.0,hao_stateful_gemini_run05
E2L5_GGCTTGGCATATTCGG,B,Plasmablast,Plasma cells,Plasmablast,1.0,hao_stateful_gemini_run05
E2L2_GTAATGCCAGCCGGTT,other T,gdT,CD8+ T cells,CD8 T cell (subtype unclear),0.0,hao_stateful_gemini_run05
E2L8_GTTGAACAGGGCTAAC,other T,gdT,CD8+ T cells,CD8 T cell (subtype unclear),0.0,hao_stateful_gemini_run05
L2_TAAGTCGTCTCCTACG,CD8 T,CD8 Naive,CD4+ T cells,CD4 T cell (subtype unclear),0.0,hao_stateful_gemini_run05
E2L7_CATGAGTTCTGGTCAA,other,Platelet,Platelets,Platelet,1.0,hao_stateful_gemini_run05
L5_TAACACGAGCTCGCAC,B,B naive,B cells,B cell (subtype unclear),0.5,hao_stateful_gemini_run05
E2L4_GTTGTAGAGGGCTGAT,CD8 T,CD8 TCM,CD4+ T cells,CD4 T cell (subtype unclear),0.0,hao_stateful_gemini_run05
L4_GCACGGTAGGTGGTTG,CD4 T,Treg,CD4+ T cells,CD4 T cell (subtype unclear),0.5,hao_stateful_gemini_run05
E2L8_CGTGTCTCAAGGCCTC,other,Platelet,Platelets,Platelet,1.0,hao_stateful_gemini_run05
E2L2_GAGTCATAGTAGTCAA,other,Platelet,Platelets,Platelet,1.0,hao_stateful_gemini_run05
E2L3_TGTTCTACAGGACGAT,B,B intermediate,B cells,B cell (subtype unclear),0.5,hao_stateful_gemini_run05
L2_CAGCACGCAAGACCGA,other T,MAIT,CD8+ T cells,CD8 T cell (subtype unclear),0.0,hao_stateful_gemini_run05
E2L7_GTAGTACTCTCTTGCG,other T,MAIT,CD8+ T cells,CD8 T cell (subtype unclear),0.0,hao_stateful_gemini_run05
E2L5_ACTTTGTGTTCTATCT,DC,pDC,Plasmacytoid Dendritic cells,pDC,1.0,hao_stateful_gemini_run05
E2L3_CACCAAAAGAAGCCTG,DC,cDC1,Conventional Dendritic cells,Dendritic cell (subtype unclear),0.5,hao_stateful_gemini_run05
E2L5_CATCGTCCATAATGAG,B,B memory,B cells,B cell (subtype unclear),0.5,hao_stateful_gemini_run05
E2L6_ATCCGTCCATCCGTTC,DC,cDC2,CD14+ Monocytes,CD14 Mono,0.0,hao_stateful_gemini_run05
L4_TAGATCGCACGCTATA,other,HSPC,HSPC,HSPC,1.0,hao_stateful_gemini_run05
L4_ATCATTCTCTATTTCG,other T,dnT,CD4+ T cells,CD4 T cell (subtype unclear),0.0,hao_stateful_gemini_run05
L2_GGGCGTTCAGGACATG,other,Platelet,Platelets,Platelet,1.0,hao_stateful_gemini_run05
L5_GATCCCTGTATGAGGC,CD8 T,CD8 TCM,CD4+ T cells,CD4 T cell (subtype unclear),0.0,hao_stateful_gemini_run05
L4_TATCTGTTCAGCGCAC,CD4 T,CD4 Proliferating,Proliferating cells,Proliferating lymphocyte (lineage unclear),0.5,hao_stateful_gemini_run05
E2L1_CCGGACAGTTGACTGT,NK,NK_CD56bright,NK cells,NK,0.5,hao_stateful_gemini_run05
L2_CTCTCGAAGCAGGGAG,CD4 T,CD4 Proliferating,Proliferating cells,Proliferating lymphocyte (lineage unclear),0.5,hao_stateful_gemini_run05
E2L4_GTTGTCCAGTCATCCA,B,B memory,B cells,B cell (subtype unclear),0.5,hao_stateful_gemini_run05
L2_GGTTAACGTCTTGTCC,other,HSPC,HSPC,HSPC,1.0,hao_stateful_gemini_run05
E2L4_TCACATTCAACAACAA,DC,cDC1,Conventional Dendritic cells,Dendritic cell (subtype unclear),0.5,hao_stateful_gemini_run05
L5_GAAATGAGTAAGGCTG,B,Plasmablast,Plasma cells,Plasmablast,1.0,hao_stateful_gemini_run05
L5_CTCCCAAAGCAGATAT,other T,dnT,CD4+ T cells,CD4 T cell (subtype unclear),0.0,hao_stateful_gemini_run05
E2L6_AATGGAACAGCTTTGA,other T,gdT,CD8+ T cells,CD8 T cell (subtype unclear),0.0,hao_stateful_gemini_run05
L3_TCCGGGAGTACCTAGT,other,HSPC,HSPC,HSPC,1.0,hao_stateful_gemini_run05
L5_GTCCTCACAAGATCCT,CD4 T,Treg,CD4+ T cells,CD4 T cell (subtype unclear),0.5,hao_stateful_gemini_run05
E2L2_TGTCCTGGTCTAACTG,B,B memory,B cells,B cell (subtype unclear),0.5,hao_stateful_gemini_run05
L1_ATCACTTGTCAACGCC,B,B naive,B cells,B cell (subtype unclear),0.5,hao_stateful_gemini_run05
L2_CACCGTTTCGAAGTGG,other,HSPC,HSPC,HSPC,1.0,hao_stateful_gemini_run05
E2L3_TATCAGGGTTGGTACT,CD4 T,CD4 Naive,CD4+ T cells,CD4 T cell (subtype unclear),0.5,hao_stateful_gemini_run05
L1_CGATCGGGTACTCGCG,CD8 T,CD8 TCM,CD4+ T cells,CD4 T cell (subtype unclear),0.0,hao_stateful_gemini_run05
L2_AAGACAATCGAGAGCA,B,B intermediate,B cells,B cell (subtype unclear),0.5,hao_stateful_gemini_run05
L4_CAACGGCCAATAGTAG,other T,dnT,CD4+ T cells,CD4 T cell (subtype unclear),0.0,hao_stateful_gemini_run05
L2_GGTCACGGTTAAGGAT,CD4 T,CD4 TEM,CD4+ T cells,CD4 T cell (subtype unclear),0.5,hao_stateful_gemini_run05
E2L5_CCACACTTCACCGGTG,CD8 T,CD8 TEM,CD4+ T cells,CD4 T cell (subtype unclear),0.0,hao_stateful_gemini_run05
E2L6_CCTTGTGAGCTCGGCT,CD4 T,CD4 TEM,CD4+ T cells,CD4 T cell (subtype unclear),0.5,hao_stateful_gemini_run05
E2L5_TCTATCAAGCTTTGTG,CD8 T,CD8 TCM,CD4+ T cells,CD4 T cell (subtype unclear),0.0,hao_stateful_gemini_run05
E2L3_GTCTAGAGTAGCTGTT,NK,NK Proliferating,Proliferating cells,Proliferating lymphocyte (lineage unclear),0.5,hao_stateful_gemini_run05
E2L2_GCCATTCCAGAAATCA,NK,NK Proliferating,Proliferating cells,Proliferating lymphocyte (lineage unclear),0.5,hao_stateful_gemini_run05
L2_CGCGTGACACGAAGAC,CD4 T,CD4 Naive,CD4+ T cells,CD4 T cell (subtype unclear),0.5,hao_stateful_gemini_run05
E2L8_GGGATGAGTGGCAGAT,CD4 T,CD4 CTL,CD8+ T cells,CD8 T cell (subtype unclear),0.0,hao_stateful_gemini_run05
L1_TCCCATGAGGAATGTT,DC,cDC1,Conventional Dendritic cells,Dendritic cell (subtype unclear),0.5,hao_stateful_gemini_run05
E2L8_GACTGATCAATGGGTG,other,Platelet,Platelets,Platelet,1.0,hao_stateful_gemini_run05
E2L7_TCAAGCAGTTCATCGA,B,Plasmablast,Plasma cells,Plasmablast,1.0,hao_stateful_gemini_run05
L4_TCTGCCATCGAGTACT,CD4 T,Treg,CD4+ T cells,CD4 T cell (subtype unclear),0.5,hao_stateful_gemini_run05
L1_CGGCAGTGTGCCAAGA,other T,dnT,Memory/Effector T cells,T cell (CD4/CD8/other unclear),0.5,hao_stateful_gemini_run05
E2L4_AGTAGCTTCGTCAAAC,CD8 T,CD8 Proliferating,Proliferating cells,Proliferating lymphocyte (lineage unclear),0.5,hao_stateful_gemini_run05
E2L8_CGCATGGGTAGCCCTG,other,Eryth,Erythrocytes,Eryth,1.0,hao_stateful_gemini_run05
E2L5_TGAGCGCTCACTCCGT,DC,pDC,Plasmacytoid Dendritic cells,pDC,1.0,hao_stateful_gemini_run05
E2L5_ATGAGGGCAGGAAGTC,CD8 T,CD8 TCM,CD4+ T cells,CD4 T cell (subtype unclear),0.0,hao_stateful_gemini_run05
L3_TTTGGTTGTCTAGTGT,NK,NK_CD56bright,NK cells,NK,0.5,hao_stateful_gemini_run05
L1_AGACAGGTCTTCCCGA,other,HSPC,HSPC,HSPC,1.0,hao_stateful_gemini_run05
E2L6_GTTATGGCAAATACAG,CD4 T,CD4 CTL,CD8+ T cells,CD8 T cell (subtype unclear),0.0,hao_stateful_gemini_run05
E2L2_TTTCGATCAGCAGTGA,B,Plasmablast,Plasma cells,Plasmablast,1.0,hao_stateful_gemini_run05
L1_GAAGGACGTCAGACGA,CD4 T,CD4 Naive,CD4+ T cells,CD4 T cell (subtype unclear),0.5,hao_stateful_gemini_run05
L5_GAAGCGAGTCATACCA,other T,MAIT,CD8+ T cells,CD8 T cell (subtype unclear),0.0,hao_stateful_gemini_run05
E2L3_GGCAGTCCAGATGCGA,CD8 T,CD8 TCM,CD4+ T cells,CD4 T cell (subtype unclear),0.0,hao_stateful_gemini_run05
L2_GCTGGGTGTGTTCAGT,B,Plasmablast,Plasma cells,Plasmablast,1.0,hao_stateful_gemini_run05
L5_ATGAGTCGTACGACTT,other T,dnT,CD4+ T cells,CD4 T cell (subtype unclear),0.0,hao_stateful_gemini_run05
E2L5_AAAGTGAGTAACCCTA,DC,pDC,Plasmacytoid Dendritic cells,pDC,1.0,hao_stateful_gemini_run05
L1_AAACGCTGTGCTCGTG,other T,dnT,CD4+ T cells,CD4 T cell (subtype unclear),0.0,hao_stateful_gemini_run05
L3_TCTCAGCGTAGGCTCC,CD4 T,CD4 CTL,CD8+ T cells,CD8 T cell (subtype unclear),0.0,hao_stateful_gemini_run05
E2L8_AGTCAACCAGGAATAT,CD4 T,CD4 Proliferating,Proliferating cells,Proliferating lymphocyte (lineage unclear),0.5,hao_stateful_gemini_run05
E2L1_CACTGTCTCTCGGGAC,CD4 T,Treg,CD4+ T cells,CD4 T cell (subtype unclear),0.5,hao_stateful_gemini_run05
L1_GAGCTGCGTTACAGCT,other T,MAIT,CD8+ T cells,CD8 T cell (subtype unclear),0.0,hao_stateful_gemini_run05
E2L2_CATAGACCATGCTGCG,other,Platelet,Platelets,Platelet,1.0,hao_stateful_gemini_run05
L4_TAAGCGTTCTTCGTAT,CD8 T,CD8 Naive,CD4+ T cells,CD4 T cell (subtype unclear),0.0,hao_stateful_gemini_run05
E2L5_CAACCAAAGGGATGTC,NK,NK_CD56bright,NK cells,NK,0.5,hao_stateful_gemini_run05
E2L7_CGGAATTTCGTTCTCG,CD8 T,CD8 TEM,CD8+ T cells,CD8 T cell (subtype unclear),0.5,hao_stateful_gemini_run05
L2_CACTAAGTCTATGTGG,other,HSPC,HSPC,HSPC,1.0,hao_stateful_gemini_run05
E2L5_CATTTCAGTTCGTTCC,B,Plasmablast,Plasma cells,Plasmablast,1.0,hao_stateful_gemini_run05
E2L6_TAGGGTTAGCTAAACA,DC,cDC2,CD14+ Monocytes,CD14 Mono,0.0,hao_stateful_gemini_run05
L3_ACTGCAAGTAGCTGCC,other T,dnT,CD4+ T cells,CD4 T cell (subtype unclear),0.0,hao_stateful_gemini_run05
L2_TTCTTCCAGGTTACCT,B,B naive,B cells,B cell (subtype unclear),0.5,hao_stateful_gemini_run05
L2_GTCTAGAGTTCGTTCC,CD4 T,CD4 Naive,CD4+ T cells,CD4 T cell (subtype unclear),0.5,hao_stateful_gemini_run05
L5_TCATCCGCACTAGGCC,B,B intermediate,B cells,B cell (subtype unclear),0.5,hao_stateful_gemini_run05
E2L2_TAAGTCGAGTAGGGTC,DC,pDC,Plasmacytoid Dendritic cells,pDC,1.0,hao_stateful_gemini_run05
E2L1_TTCCACGCAGTAGAGC,DC,ASDC,CD14+ Monocytes,CD14 Mono,0.0,hao_stateful_gemini_run05
L1_CCGATGGCAACTTGCA,CD4 T,CD4 Naive,CD4+ T cells,CD4 T cell (subtype unclear),0.5,hao_stateful_gemini_run05
E2L2_GTCGTAACAAGGCGTA,CD4 T,CD4 TCM,CD4+ T cells,CD4 T cell (subtype unclear),0.5,hao_stateful_gemini_run05
L2_TGCGGCACAACCACAT,NK,NK_CD56bright,NK cells,NK,0.5,hao_stateful_gemini_run05
E2L8_CCCGGAATCGGCTGTG,other,Platelet,Platelets,Platelet,1.0,hao_stateful_gemini_run05
L4_AACTTCTGTAGGACTG,CD8 T,CD8 TEM,CD8+ T cells,CD8 T cell (subtype unclear),0.5,hao_stateful_gemini_run05
E2L3_CCGGGTATCCGGCAGT,B,B intermediate,B cells,B cell (subtype unclear),0.5,hao_stateful_gemini_run05
E2L4_CTAACCCTCTTACGGA,CD8 T,CD8 TCM,CD4+ T cells,CD4 T cell (subtype unclear),0.0,hao_stateful_gemini_run05
L1_TTGGTTTCAGTCACGC,CD4 T,CD4 TEM,CD4+ T cells,CD4 T cell (subtype unclear),0.5,hao_stateful_gemini_run05
E2L4_TTCCTAACAGTCGTTA,Mono,CD16 Mono,CD16+ Monocytes,CD16 Mono,1.0,hao_stateful_gemini_run05
L1_TCAGCAAAGCTCCCTT,other,HSPC,HSPC,HSPC,1.0,hao_stateful_gemini_run05
L3_CAATTTCGTGAGCTCC,other,HSPC,HSPC,HSPC,1.0,hao_stateful_gemini_run05
E2L2_TTCATTGAGTAGAATC,DC,ASDC,CD14+ Monocytes,CD14 Mono,0.0,hao_stateful_gemini_run05
E2L3_GTTATGGTCTTTCAGT,other T,gdT,CD8+ T cells,CD8 T cell (subtype unclear),0.0,hao_stateful_gemini_run05
E2L8_TGCTTCGGTGCATCTA,B,B naive,B cells,B cell (subtype unclear),0.5,hao_stateful_gemini_run05
L4_TTTCCTCTCCGTGTGG,CD8 T,CD8 Naive,CD4+ T cells,CD4 T cell (subtype unclear),0.0,hao_stateful_gemini_run05
L1_TCAGTTTAGTCTAGAA,CD4 T,CD4 CTL,CD8+ T cells,CD8 T cell (subtype unclear),0.0,hao_stateful_gemini_run05
E2L7_GTGAGCCAGGCAGGGA,other,ILC,CD4+ T cells,CD4 T cell (subtype unclear),0.0,hao_stateful_gemini_run05
E2L1_GGGTCACGTAATCAAG,other,Platelet,Platelets,Platelet,1.0,hao_stateful_gemini_run05
L2_TCGGGTGCAGCACACC,other T,MAIT,CD8+ T cells,CD8 T cell (subtype unclear),0.0,hao_stateful_gemini_run05
L4_GTGCTGGAGAATCGAT,CD4 T,CD4 Naive,CD4+ T cells,CD4 T cell (subtype unclear),0.5,hao_stateful_gemini_run05
E2L6_CAACCTCCACTGCGTG,DC,pDC,Plasmacytoid Dendritic cells,pDC,1.0,hao_stateful_gemini_run05
L2_GAGACTTAGTTGGAGC,B,Plasmablast,Plasma cells,Plasmablast,1.0,hao_stateful_gemini_run05
E2L3_TCTACATTCCTTTGAT,CD8 T,CD8 TEM,CD8+ T cells,CD8 T cell (subtype unclear),0.5,hao_stateful_gemini_run05
L1_GAGTTTGAGACGAAGA,CD4 T,CD4 TEM,CD4+ T cells,CD4 T cell (subtype unclear),0.5,hao_stateful_gemini_run05
E2L3_CCTGCATCAAGAAACT,CD4 T,CD4 TEM,CD4+ T cells,CD4 T cell (subtype unclear),0.5,hao_stateful_gemini_run05
L4_AACAAGAAGACTAAGT,CD8 T,CD8 TEM,CD8+ T cells,CD8 T cell (subtype unclear),0.5,hao_stateful_gemini_run05
L5_GGGCTCAGTTACGGAG,CD8 T,CD8 Proliferating,Proliferating cells,Proliferating lymphocyte (lineage unclear),0.5,hao_stateful_gemini_run05
L4_TCTTCCTTCTGGTGCG,other T,MAIT,CD8+ T cells,CD8 T cell (subtype unclear),0.0,hao_stateful_gemini_run05
L5_AAACGCTGTCGTCATA,DC,cDC2,CD14+ Monocytes,CD14 Mono,0.0,hao_stateful_gemini_run05
E2L4_GTCGAATGTGGTCTCG,DC,ASDC,CD14+ Monocytes,CD14 Mono,0.0,hao_stateful_gemini_run05
L1_ACCTGTCGTATGAGCG,other,Platelet,Platelets,Platelet,1.0,hao_stateful_gemini_run05
L4_GTCCACTTCAATCTTC,CD4 T,CD4 Naive,CD4+ T cells,CD4 T cell (subtype unclear),0.5,hao_stateful_gemini_run05
L5_CAGGTATGTGAATTAG,CD4 T,CD4 CTL,CD8+ T cells,CD8 T cell (subtype unclear),0.0,hao_stateful_gemini_run05
L3_GCATGATTCGGTCTGG,other T,MAIT,CD8+ T cells,CD8 T cell (subtype unclear),0.0,hao_stateful_gemini_run05
L2_CCTAAGATCTAACACG,DC,cDC1,Conventional Dendritic cells,Dendritic cell (subtype unclear),0.5,hao_stateful_gemini_run05
E2L5_TTTAGTCGTTAACCTG,CD8 T,CD8 TCM,CD4+ T cells,CD4 T cell (subtype unclear),0.0,hao_stateful_gemini_run05
L2_CATCCACCAATCCAGT,other T,dnT,CD4+ T cells,CD4 T cell (subtype unclear),0.0,hao_stateful_gemini_run05
E2L5_GTCACTCTCCCAATAG,B,B memory,B cells,B cell (subtype unclear),0.5,hao_stateful_gemini_run05
E2L6_AACACACTCCACTGAA,Mono,CD14 Mono,CD16+ Monocytes,CD16 Mono,0.5,hao_stateful_gemini_run05
L1_CGGGTGTGTAGTGTGG,CD4 T,Treg,CD4+ T cells,CD4 T cell (subtype unclear),0.5,hao_stateful_gemini_run05
L3_AGCTACAGTGGTTCTA,Mono,CD16 Mono,CD16+ Monocytes,CD16 Mono,1.0,hao_stateful_gemini_run05
E2L4_GTTACCCGTATTCCGA,NK,NK_CD56bright,NK cells,NK,0.5,hao_stateful_gemini_run05
E2L3_AACCATGCAACTGCTA,CD8 T,CD8 TEM,CD8+ T cells,CD8 T cell (subtype unclear),0.5,hao_stateful_gemini_run05
L5_TCTCAGCCACAGCCTG,B,Plasmablast,Plasma cells,Plasmablast,1.0,hao_stateful_gemini_run05
L5_TTTCACATCCTTATCA,CD4 T,Treg,CD4+ T cells,CD4 T cell (subtype unclear),0.5,hao_stateful_gemini_run05
E2L4_AAGATAGAGAGGTATT,Mono,CD14 Mono,CD14+ Monocytes,CD14 Mono,1.0,hao_stateful_gemini_run05
L2_TTTCATGTCCAACTAG,NK,NK Proliferating,Proliferating cells,Proliferating lymphocyte (lineage unclear),0.5,hao_stateful_gemini_run05
L4_CTCCCTCTCGATTGAC,DC,pDC,Plasmacytoid Dendritic cells,pDC,1.0,hao_stateful_gemini_run05
E2L1_TCGGGCATCCTCTAGC,other,ILC,NK cells,NK,0.0,hao_stateful_gemini_run05
L1_AACAAAGAGGGAGAAT,DC,cDC2,CD14+ Monocytes,CD14 Mono,0.0,hao_stateful_gemini_run05
L1_CCCTGATGTGTCCGTG,CD4 T,CD4 TEM,CD4+ T cells,CD4 T cell (subtype unclear),0.5,hao_stateful_gemini_run05
L3_TGGGAGATCAAACCTG,other,Eryth,Erythrocytes,Eryth,1.0,hao_stateful_gemini_run05
E2L8_AGGCCACCATTGACAC,CD8 T,CD8 TEM,CD8+ T cells,CD8 T cell (subtype unclear),0.5,hao_stateful_gemini_run05
E2L2_TCTGGCTTCGCAGTCG,B,B naive,B cells,B cell (subtype unclear),0.5,hao_stateful_gemini_run05
E2L7_CCTATCGGTGAGAACC,B,B memory,B cells,B cell (subtype unclear),0.5,hao_stateful_gemini_run05
E2L1_CGTTCTGGTCAAGTTC,CD8 T,CD8 TEM,CD8+ T cells,CD8 T cell (subtype unclear),0.5,hao_stateful_gemini_run05
L4_ACCCTCATCACTGTTT,B,Plasmablast,Plasma cells,Plasmablast,1.0,hao_stateful_gemini_run05
E2L5_TAGACTGTCTGCGGGT,CD4 T,CD4 CTL,CD8+ T cells,CD8 T cell (subtype unclear),0.0,hao_stateful_gemini_run05
L3_CGAGGCTCAGTGTATC,CD4 T,CD4 TEM,CD8+ T cells,CD8 T cell (subtype unclear),0.0,hao_stateful_gemini_run05
E2L3_CACGGGTCACGGTAGA,other T,dnT,CD4+ T cells,CD4 T cell (subtype unclear),0.0,hao_stateful_gemini_run05
E2L3_GTTGCTCTCCGTTGAA,CD8 T,CD8 TCM,CD4+ T cells,CD4 T cell (subtype unclear),0.0,hao_stateful_gemini_run05
L1_AATGCCAGTCTGCAAT,other T,dnT,CD4+ T cells,CD4 T cell (subtype unclear),0.0,hao_stateful_gemini_run05
E2L7_CTTCAATAGAAGTATC,other T,gdT,CD8+ T cells,CD8 T cell (subtype unclear),0.0,hao_stateful_gemini_run05
L5_AGAGAATTCGAACCTA,NK,NK_CD56bright,NK cells,NK,0.5,hao_stateful_gemini_run05
L5_CCCTTAGTCGCCAGTG,B,Plasmablast,Plasma cells,Plasmablast,1.0,hao_stateful_gemini_run05
L3_AGGACGAGTATCACCA,other T,MAIT,CD8+ T cells,CD8 T cell (subtype unclear),0.0,hao_stateful_gemini_run05
L3_TTCCGGTTCTCATGCC,CD4 T,CD4 CTL,CD8+ T cells,CD8 T cell (subtype unclear),0.0,hao_stateful_gemini_run05
L1_CTAACCCTCGGCAGTC,CD4 T,Treg,CD4+ T cells,CD4 T cell (subtype unclear),0.5,hao_stateful_gemini_run05
E2L2_TGGAACTCACTTGGGC,other,Platelet,Platelets,Platelet,1.0,hao_stateful_gemini_run05
E2L2_GGGTGTCCACGAGGTA,CD4 T,CD4 TEM,CD4+ T cells,CD4 T cell (subtype unclear),0.5,hao_stateful_gemini_run05
L5_TGACAGTTCTCATGCC,NK,NK,CD8+ T cells,CD8 T cell (subtype unclear),0.0,hao_stateful_gemini_run05
L4_GGAGAACCACCTGTCT,CD4 T,CD4 TCM,CD4+ T cells,CD4 T cell (subtype unclear),0.5,hao_stateful_gemini_run05
L3_CCACAAAGTGAGCAGT,CD4 T,CD4 Naive,CD4+ T cells,CD4 T cell (subtype unclear),0.5,hao_stateful_gemini_run05
E2L3_CCAATGATCTAATTCC,B,B naive,B cells,B cell (subtype unclear),0.5,hao_stateful_gemini_run05
E2L1_CCGTGAGCACAAGCAG,CD8 T,CD8 TEM,CD4+ T cells,CD4 T cell (subtype unclear),0.0,hao_stateful_gemini_run05
E2L1_TCATTGTTCTGCATGA,DC,pDC,Plasmacytoid Dendritic cells,pDC,1.0,hao_stateful_gemini_run05
E2L7_TTTAGTCCAAAGAACT,B,B intermediate,B cells,B cell (subtype unclear),0.5,hao_stateful_gemini_run05
L3_TGGGTTATCGACGAGA,B,B intermediate,B cells,B cell (subtype unclear),0.5,hao_stateful_gemini_run05
E2L5_TCTAACTTCCTCGCAT,other,HSPC,HSPC,HSPC,1.0,hao_stateful_gemini_run05
E2L2_CCGCAAGGTTCCGTTC,B,B memory,B cells,B cell (subtype unclear),0.5,hao_stateful_gemini_run05
E2L2_GAGTGAGTCGAGTGGA,CD4 T,CD4 TEM,CD4+ T cells,CD4 T cell (subtype unclear),0.5,hao_stateful_gemini_run05
E2L2_AGTGACTGTCGACTTA,other T,MAIT,CD8+ T cells,CD8 T cell (subtype unclear),0.0,hao_stateful_gemini_run05
E2L5_CAATGACTCTAGACCA,other,ILC,NK cells,NK,0.0,hao_stateful_gemini_run05
E2L2_ATTCCTAAGACAACTA,NK,NK,CD8+ T cells,CD8 T cell (subtype unclear),0.0,hao_stateful_gemini_run05
L1_GGCAGTCTCACTGGGC,CD4 T,Treg,CD4+ T cells,CD4 T cell (subtype unclear),0.5,hao_stateful_gemini_run05
E2L4_AACCACAAGTACAGCG,other,Platelet,Platelets,Platelet,1.0,hao_stateful_gemini_run05
E2L1_AAGTGAACACATTCGA,B,B memory,B cells,B cell (subtype unclear),0.5,hao_stateful_gemini_run05
L2_GTGAGTTCAGGTGAGT,other,HSPC,HSPC,HSPC,1.0,hao_stateful_gemini_run05
E2L2_CTTCCTTAGGTTAAAC,other,Platelet,Platelets,Platelet,1.0,hao_stateful_gemini_run05
E2L2_CGAAGGAAGACCTCAT,CD8 T,CD8 TEM,CD8+ T cells,CD8 T cell (subtype unclear),0.5,hao_stateful_gemini_run05
E2L8_TGGGAGAAGGCACCAA,other,Platelet,Platelets,Platelet,1.0,hao_stateful_gemini_run05
E2L3_CAGCACGTCGACACCG,CD8 T,CD8 TEM,CD8+ T cells,CD8 T cell (subtype unclear),0.5,hao_stateful_gemini_run05
L5_GTAGAAATCCGCTTAC,Mono,CD16 Mono,CD16+ Monocytes,CD16 Mono,1.0,hao_stateful_gemini_run05
E2L5_TACTTACGTGATGGCA,NK,NK Proliferating,Proliferating cells,Proliferating lymphocyte (lineage unclear),0.5,hao_stateful_gemini_run05
E2L6_TCCACGTGTCTATGAC,B,B memory,B cells,B cell (subtype unclear),0.5,hao_stateful_gemini_run05
L2_ATTTCACAGCATACTC,Mono,CD16 Mono,CD16+ Monocytes,CD16 Mono,1.0,hao_stateful_gemini_run05
E2L5_CGTCAAAAGTTGGAAT,B,B intermediate,B cells,B cell (subtype unclear),0.5,hao_stateful_gemini_run05
E2L3_ATGGAGGAGAGATTCA,DC,ASDC,CD14+ Monocytes,CD14 Mono,0.0,hao_stateful_gemini_run05
L2_CGTGCTTTCATCTGTT,NK,NK,CD8+ T cells,CD8 T cell (subtype unclear),0.0,hao_stateful_gemini_run05
E2L4_CGAAGTTCACGGATCC,CD4 T,CD4 TCM,CD4+ T cells,CD4 T cell (subtype unclear),0.5,hao_stateful_gemini_run05
L1_CACGAATCAGAAATCA,DC,cDC2,CD14+ Monocytes,CD14 Mono,0.0,hao_stateful_gemini_run05
E2L4_ATTACCTCAGATGCGA,other,ILC,NK cells,NK,0.0,hao_stateful_gemini_run05
L2_GCACGGTGTCAGTTTG,other,HSPC,HSPC,HSPC,1.0,hao_stateful_gemini_run05
L5_CTCCCTCCACATTCTT,B,Plasmablast,Plasma cells,Plasmablast,1.0,hao_stateful_gemini_run05
L5_TGAGCATTCCGAACGC,CD4 T,CD4 TCM,CD4+ T cells,CD4 T cell (subtype unclear),0.5,hao_stateful_gemini_run05
L2_ATGCATGAGTGGATAT,CD4 T,Treg,CD4+ T cells,CD4 T cell (subtype unclear),0.5,hao_stateful_gemini_run05
L5_GGTGATTGTTCAAGGG,other,HSPC,HSPC,HSPC,1.0,hao_stateful_gemini_run05
L3_CAGCAATAGGAGACCT,CD8 T,CD8 TCM,CD4+ T cells,CD4 T cell (subtype unclear),0.0,hao_stateful_gemini_run05
L3_CCCTCTCTCCCTCATG,Mono,CD16 Mono,CD16+ Monocytes,CD16 Mono,1.0,hao_stateful_gemini_run05
L4_GGACGTCCAGCGACAA,CD4 T,CD4 Naive,CD4+ T cells,CD4 T cell (subtype unclear),0.5,hao_stateful_gemini_run05
L5_TAACTTCTCAAGGCTT,other T,MAIT,CD8+ T cells,CD8 T cell (subtype unclear),0.0,hao_stateful_gemini_run05
L4_GAAGTAATCGGATAAA,other T,dnT,CD4+ T cells,CD4 T cell (subtype unclear),0.0,hao_stateful_gemini_run05
L4_TTCCAATAGGCAGGGA,Mono,CD16 Mono,CD16+ Monocytes,CD16 Mono,1.0,hao_stateful_gemini_run05
E2L3_GAAGCGAAGCACTAAA,Mono,CD14 Mono,CD14+ Monocytes,CD14 Mono,1.0,hao_stateful_gemini_run05
E2L1_TCTAACTCACAACCGC,B,B naive,B cells,B cell (subtype unclear),0.5,hao_stateful_gemini_run05
E2L4_GGTAACTCACCAGGTC,other,Platelet,Platelets,Platelet,1.0,hao_stateful_gemini_run05
E2L1_AGGGCTCGTAACATGA,B,B memory,B cells,B cell (subtype unclear),0.5,hao_stateful_gemini_run05
L4_TCATTGTAGGTGTGAC,Mono,CD16 Mono,CD16+ Monocytes,CD16 Mono,1.0,hao_stateful_gemini_run05
E2L3_CTTCAATGTAAGATAC,CD4 T,CD4 Naive,CD4+ T cells,CD4 T cell (subtype unclear),0.5,hao_stateful_gemini_run05
E2L5_AATGAAGGTAAGTTAG,NK,NK Proliferating,Proliferating cells,Proliferating lymphocyte (lineage unclear),0.5,hao_stateful_gemini_run05
E2L8_CGATCGGTCAGCTAGT,NK,NK,CD8+ T cells,CD8 T cell (subtype unclear),0.0,hao_stateful_gemini_run05
E2L8_AAGTGAAAGAAACTGT,CD4 T,CD4 TCM,CD4+ T cells,CD4 T cell (subtype unclear),0.5,hao_stateful_gemini_run05
L4_TCTCTGGAGGAATGTT,CD4 T,CD4 CTL,CD8+ T cells,CD8 T cell (subtype unclear),0.0,hao_stateful_gemini_run05
E2L8_AGGGCTCTCTGTTCAT,DC,pDC,Plasmacytoid Dendritic cells,pDC,1.0,hao_stateful_gemini_run05
E2L4_TGGAGAGGTGGACTAG,NK,NK,CD8+ T cells,CD8 T cell (subtype unclear),0.0,hao_stateful_gemini_run05
E2L1_ACTTATCTCACACGAT,other,Platelet,Platelets,Platelet,1.0,hao_stateful_gemini_run05
E2L8_TCGTAGATCCGGTAGC,B,B memory,B cells,B cell (subtype unclear),0.5,hao_stateful_gemini_run05
E2L5_CCGATGGAGACCAACG,CD4 T,CD4 CTL,CD8+ T cells,CD8 T cell (subtype unclear),0.0,hao_stateful_gemini_run05
L5_TATCTGTCAGTAACAA,other,Platelet,Platelets,Platelet,1.0,hao_stateful_gemini_run05
L3_GGGCGTTCACCCTAGG,CD4 T,Treg,CD4+ T cells,CD4 T cell (subtype unclear),0.5,hao_stateful_gemini_run05
L3_CGGGCATCATGGAACG,NK,NK,CD8+ T cells,CD8 T cell (subtype unclear),0.0,hao_stateful_gemini_run05
E2L5_ACTGTGACAAAGGATT,B,B memory,B cells,B cell (subtype unclear),0.5,hao_stateful_gemini_run05
L2_CCTCACAAGTATCCTG,NK,NK,CD8+ T cells,CD8 T cell (subtype unclear),0.0,hao_stateful_gemini_run05
L4_GCAACCGGTACTGGGA,other T,dnT,CD4+ T cells,CD4 T cell (subtype unclear),0.0,hao_stateful_gemini_run05
E2L3_TATACCTTCTGGCCGA,NK,NK_CD56bright,NK cells,NK,0.5,hao_stateful_gemini_run05
E2L6_GAACTGTAGATGGCAC,CD4 T,CD4 Naive,CD4+ T cells,CD4 T cell (subtype unclear),0.5,hao_stateful_gemini_run05
E2L6_GAGCCTGTCCCGAAAT,B,B intermediate,B cells,B cell (subtype unclear),0.5,hao_stateful_gemini_run05
E2L1_AAAGTGAAGATACAGT,NK,NK_CD56bright,NK cells,NK,0.5,hao_stateful_gemini_run05
E2L7_ATTCACTCAATCGCGC,NK,NK_CD56bright,NK cells,NK,0.5,hao_stateful_gemini_run05
L5_TAGACCAAGGTACATA,CD4 T,CD4 CTL,CD8+ T cells,CD8 T cell (subtype unclear),0.0,hao_stateful_gemini_run05
L2_CATGCTCTCTGTCTCG,other T,MAIT,CD8+ T cells,CD8 T cell (subtype unclear),0.0,hao_stateful_gemini_run05
E2L1_GATGACTCATACGCAT,CD8 T,CD8 Naive,CD4+ T cells,CD4 T cell (subtype unclear),0.0,hao_stateful_gemini_run05
E2L2_AGAACCTAGTTCTCTT,B,B memory,B cells,B cell (subtype unclear),0.5,hao_stateful_gemini_run05
L1_CATGCGGTCGTTAGAC,B,Plasmablast,Plasma cells,Plasmablast,1.0,hao_stateful_gemini_run05
E2L3_ATGGATCAGTTCTCTT,other,ILC,NK cells,NK,0.0,hao_stateful_gemini_run05
E2L4_GTGCTTCGTGTCATCA,other,HSPC,HSPC,HSPC,1.0,hao_stateful_gemini_run05
L5_TGCTCGTTCTCACTCG,other,HSPC,HSPC,HSPC,1.0,hao_stateful_gemini_run05
E2L6_GGAATGGGTTCAAAGA,CD8 T,CD8 TEM,CD8+ T cells,CD8 T cell (subtype unclear),0.5,hao_stateful_gemini_run05
E2L1_TCAGTCCCACAACGCC,other T,MAIT,CD8+ T cells,CD8 T cell (subtype unclear),0.0,hao_stateful_gemini_run05
E2L6_TCGATTTGTACACGTT,Mono,CD14 Mono,CD16+ Monocytes,CD16 Mono,0.5,hao_stateful_gemini_run05
E2L5_CCACTTGTCCCGAGAC,CD8 T,CD8 TEM,CD8+ T cells,CD8 T cell (subtype unclear),0.5,hao_stateful_gemini_run05
E2L3_ATCGTGACAGCACGAA,other T,gdT,CD8+ T cells,CD8 T cell (subtype unclear),0.0,hao_stateful_gemini_run05
E2L8_AGACACTCAAGTCCAT,DC,ASDC,CD14+ Monocytes,CD14 Mono,0.0,hao_stateful_gemini_run05
L4_AAGCGTTGTCGGCCTA,CD8 T,CD8 TCM,CD4+ T cells,CD4 T cell (subtype unclear),0.0,hao_stateful_gemini_run05
L4_GTGTGATTCAAGGCTT,CD8 T,CD8 Naive,CD4+ T cells,CD4 T cell (subtype unclear),0.0,hao_stateful_gemini_run05
E2L7_ACTTCCGAGGTTAAAC,B,B naive,B cells,B cell (subtype unclear),0.5,hao_stateful_gemini_run05
L4_CTCAGTCGTCGGATTT,other T,MAIT,CD8+ T cells,CD8 T cell (subtype unclear),0.0,hao_stateful_gemini_run05
E2L5_GCCATTCAGCTCAGAG,other T,dnT,CD4+ T cells,CD4 T cell (subtype unclear),0.0,hao_stateful_gemini_run05
L1_TTGACCCGTATGGTTC,CD4 T,Treg,CD4+ T cells,CD4 T cell (subtype unclear),0.5,hao_stateful_gemini_run05
L5_ATTCGTTTCTGCTTTA,other T,gdT,CD8+ T cells,CD8 T cell (subtype unclear),0.0,hao_stateful_gemini_run05
L2_ATTATCCTCCCTCAAC,B,Plasmablast,Plasma cells,Plasmablast,1.0,hao_stateful_gemini_run05
L3_AATGGAATCGCAGTGC,NK,NK Proliferating,Proliferating cells,Proliferating lymphocyte (lineage unclear),0.5,hao_stateful_gemini_run05
E2L5_CAGAGCCTCCTTATAC,CD8 T,CD8 TEM,CD8+ T cells,CD8 T cell (subtype unclear),0.5,hao_stateful_gemini_run05
L3_GGGATGACAGACACCC,CD4 T,Treg,CD4+ T cells,CD4 T cell (subtype unclear),0.5,hao_stateful_gemini_run05
L3_TGTGATGAGACAAGCC,other T,MAIT,CD8+ T cells,CD8 T cell (subtype unclear),0.0,hao_stateful_gemini_run05
E2L7_GAATCACGTACCACGC,B,B naive,B cells,B cell (subtype unclear),0.5,hao_stateful_gemini_run05
L3_TACCGGGAGAGCTGAC,CD8 T,CD8 TCM,CD4+ T cells,CD4 T cell (subtype unclear),0.0,hao_stateful_gemini_run05
E2L7_TCGCTTGAGTATGTAG,NK,NK Proliferating,Proliferating cells,Proliferating lymphocyte (lineage unclear),0.5,hao_stateful_gemini_run05
E2L2_GCGGAAACAGCCCAGT,Mono,CD16 Mono,CD16+ Monocytes,CD16 Mono,1.0,hao_stateful_gemini_run05
E2L1_CACATGAAGGTACATA,B,B naive,B cells,B cell (subtype unclear),0.5,hao_stateful_gemini_run05
E2L6_TTTAGTCGTCTTCCGT,other T,MAIT,CD8+ T cells,CD8 T cell (subtype unclear),0.0,hao_stateful_gemini_run05
L3_TATATCCCAGGGACTA,Mono,CD14 Mono,CD16+ Monocytes,CD16 Mono,0.5,hao_stateful_gemini_run05
E2L7_AGCTCAAGTAGGCTGA,Mono,CD14 Mono,CD14+ Monocytes,CD14 Mono,1.0,hao_stateful_gemini_run05
L5_AGAAGTACACTTGACA,other T,dnT,CD4+ T cells,CD4 T cell (subtype unclear),0.0,hao_stateful_gemini_run05
E2L6_CAGCGTGAGTGGAATT,other T,dnT,CD4+ T cells,CD4 T cell (subtype unclear),0.0,hao_stateful_gemini_run05
E2L8_TCCGTGTCATGGCACC,other T,gdT,CD8+ T cells,CD8 T cell (subtype unclear),0.0,hao_stateful_gemini_run05
L2_TGGGATTCATGTGCTA,B,B naive,B cells,B cell (subtype unclear),0.5,hao_stateful_gemini_run05
L2_GTTCCGTCAAAGCTAA,NK,NK Proliferating,Proliferating cells,Proliferating lymphocyte (lineage unclear),0.5,hao_stateful_gemini_run05
E2L2_GGTTGTAGTTTCGTGA,B,Plasmablast,Plasma cells,Plasmablast,1.0,hao_stateful_gemini_run05
L5_AATTCCTAGAACGCGT,CD8 T,CD8 Proliferating,Proliferating cells,Proliferating lymphocyte (lineage unclear),0.5,hao_stateful_gemini_run05
E2L2_CAGCACGAGTTAGTGA,CD8 T,CD8 Naive,CD4+ T cells,CD4 T cell (subtype unclear),0.0,hao_stateful_gemini_run05
L4_CGAATTGGTCTTGTCC,NK,NK_CD56bright,NK cells,NK,0.5,hao_stateful_gemini_run05
L1_CGGAATTAGGATATGT,other T,gdT,CD4+ T cells,CD4 T cell (subtype unclear),0.0,hao_stateful_gemini_run05
L4_CCCTCAAGTAGATCGG,Mono,CD16 Mono,CD16+ Monocytes,CD16 Mono,1.0,hao_stateful_gemini_run05
E2L6_TTGTGGACATGGCTAT,B,B naive,B cells,B cell (subtype unclear),0.5,hao_stateful_gemini_run05
L5_GCCATTCTCTCTCTTC,B,B intermediate,B cells,B cell (subtype unclear),0.5,hao_stateful_gemini_run05
E2L7_ACCAAACTCATAGACC,B,B naive,B cells,B cell (subtype unclear),0.5,hao_stateful_gemini_run05
L3_CACCGTTTCACTTGTT,B,B intermediate,B cells,B cell (subtype unclear),0.5,hao_stateful_gemini_run05
E2L1_CCACCATTCATTTACC,CD4 T,CD4 TCM,CD4+ T cells,CD4 T cell (subtype unclear),0.5,hao_stateful_gemini_run05
E2L4_GAATCGTAGGCTAGCA,CD4 T,CD4 Naive,CD4+ T cells,CD4 T cell (subtype unclear),0.5,hao_stateful_gemini_run05
E2L3_GTTGCGGGTGTTAACC,other T,gdT,CD8+ T cells,CD8 T cell (subtype unclear),0.0,hao_stateful_gemini_run05
L5_GTGTCCTGTTACCCAA,CD8 T,CD8 Naive,CD4+ T cells,CD4 T cell (subtype unclear),0.0,hao_stateful_gemini_run05
L2_GCAGCCAGTAAGCTCT,Mono,CD16 Mono,CD16+ Monocytes,CD16 Mono,1.0,hao_stateful_gemini_run05
L5_GCGGATCAGACGGAAA,CD4 T,Treg,CD4+ T cells,CD4 T cell (subtype unclear),0.5,hao_stateful_gemini_run05
L2_TTCCAATTCTGGACTA,Mono,CD16 Mono,CD16+ Monocytes,CD16 Mono,1.0,hao_stateful_gemini_run05
L4_ATGGGTTTCTGCACCT,other T,gdT,CD8+ T cells,CD8 T cell (subtype unclear),0.0,hao_stateful_gemini_run05
E2L1_CTCCATGCACTTACAG,CD8 T,CD8 TEM,CD8+ T cells,CD8 T cell (subtype unclear),0.5,hao_stateful_gemini_run05
E2L7_TCATGGAGTTGCTCAA,B,Plasmablast,Plasma cells,Plasmablast,1.0,hao_stateful_gemini_run05
L4_GCCAACGCATAATGCC,other,HSPC,HSPC,HSPC,1.0,hao_stateful_gemini_run05
E2L7_TTCGCTGCAGCTTTCC,CD4 T,CD4 TCM,CD4+ T cells,CD4 T cell (subtype unclear),0.5,hao_stateful_gemini_run05
E2L2_TGATTTCCACTATCCC,other T,MAIT,CD8+ T cells,CD8 T cell (subtype unclear),0.0,hao_stateful_gemini_run05
L3_CCACAAAAGAGGGCGA,other,Eryth,Erythrocytes,Eryth,1.0,hao_stateful_gemini_run05
L2_CGGAACCAGCCTGGAA,B,Plasmablast,Plasma cells,Plasmablast,1.0,hao_stateful_gemini_run05
E2L4_CTAGGTATCATAAGGA,other,Platelet,Platelets,Platelet,1.0,hao_stateful_gemini_run05
E2L7_CTCATGCAGTCGTCTA,DC,cDC1,Conventional Dendritic cells,Dendritic cell (subtype unclear),0.5,hao_stateful_gemini_run05
E2L2_CTCTGGTCACGGCTAC,B,B memory,B cells,B cell (subtype unclear),0.5,hao_stateful_gemini_run05
L3_TATTGGGCAAGCGGAT,CD8 T,CD8 TCM,CD4+ T cells,CD4 T cell (subtype unclear),0.0,hao_stateful_gemini_run05
E2L2_TTGTTCAGTTGATCGT,Mono,CD16 Mono,CD16+ Monocytes,CD16 Mono,1.0,hao_stateful_gemini_run05
E2L2_ATAGAGACACGTTGGC,CD8 T,CD8 TEM,CD4+ T cells,CD4 T cell (subtype unclear),0.0,hao_stateful_gemini_run05
L1_AAAGGGCTCGTTACCC,B,Plasmablast,Plasma cells,Plasmablast,1.0,hao_stateful_gemini_run05
E2L2_CTCCTTTAGATAGGGA,B,B memory,B cells,B cell (subtype unclear),0.5,hao_stateful_gemini_run05
E2L8_GCATCGGCACAAAGTA,B,Plasmablast,Plasma cells,Plasmablast,1.0,hao_stateful_gemini_run05
E2L5_GGAAGTGTCCTGCCAT,Mono,CD16 Mono,CD16+ Monocytes,CD16 Mono,1.0,hao_stateful_gemini_run05
E2L2_GTGGCGTTCGACATAC,CD8 T,CD8 TEM,CD4+ T cells,CD4 T cell (subtype unclear),0.0,hao_stateful_gemini_run05
E2L2_GGGTGTCAGGCTGGAT,CD8 T,CD8 TEM,CD8+ T cells,CD8 T cell (subtype unclear),0.5,hao_stateful_gemini_run05
E2L7_TTTACCATCAGAGTTC,other,Platelet,Platelets,Platelet,1.0,hao_stateful_gemini_run05
L3_CCAAGCGTCTAAGGAA,NK,NK Proliferating,Proliferating cells,Proliferating lymphocyte (lineage unclear),0.5,hao_stateful_gemini_run05
E2L2_CTCGAGGGTACAGTAA,CD8 T,CD8 Naive,CD4+ T cells,CD4 T cell (subtype unclear),0.0,hao_stateful_gemini_run05
E2L6_AAAGAACTCAGACCTA,B,B intermediate,B cells,B cell (subtype unclear),0.5,hao_stateful_gemini_run05
E2L2_AGGGTCCGTCAGGAGT,Mono,CD16 Mono,CD16+ Monocytes,CD16 Mono,1.0,hao_stateful_gemini_run05
E2L6_GGTGAAGCAGACCAGA,CD4 T,CD4 TEM,CD4+ T cells,CD4 T cell (subtype unclear),0.5,hao_stateful_gemini_run05
L5_GGACGTCCAGGACAGT,other T,MAIT,CD8+ T cells,CD8 T cell (subtype unclear),0.0,hao_stateful_gemini_run05
E2L5_ACCAAACTCTTCTAAC,DC,pDC,Plasmacytoid Dendritic cells,pDC,1.0,hao_stateful_gemini_run05
L4_CATGCGGAGTTAGAAC,CD8 T,CD8 Proliferating,Proliferating cells,Proliferating lymphocyte (lineage unclear),0.5,hao_stateful_gemini_run05
E2L1_AATCGTGTCTGCGATA,CD4 T,CD4 TCM,CD4+ T cells,CD4 T cell (subtype unclear),0.5,hao_stateful_gemini_run05
E2L3_TCACGGGCACACCGCA,Mono,CD16 Mono,CD16+ Monocytes,CD16 Mono,1.0,hao_stateful_gemini_run05
E2L7_ATTTCACCAGGCCTGT,NK,NK_CD56bright,NK cells,NK,0.5,hao_stateful_gemini_run05
E2L1_AGAGCAGGTACTTCCC,B,Plasmablast,Plasma cells,Plasmablast,1.0,hao_stateful_gemini_run05
E2L2_TCCTAATCATGTCAGT,NK,NK,CD8+ T cells,CD8 T cell (subtype unclear),0.0,hao_stateful_gemini_run05
E2L7_CTCCTTTTCGTAACAC,other T,gdT,CD8+ T cells,CD8 T cell (subtype unclear),0.0,hao_stateful_gemini_run05
L4_CCGTTCAGTAGCTTAC,other T,gdT,CD8+ T cells,CD8 T cell (subtype unclear),0.0,hao_stateful_gemini_run05
L4_AGTCTCCAGCCACAAG,other,HSPC,HSPC,HSPC,1.0,hao_stateful_gemini_run05
L1_TTGGATGGTAAGGTCG,CD4 T,CD4 TEM,CD4+ T cells,CD4 T cell (subtype unclear),0.5,hao_stateful_gemini_run05
L4_AGGACTTCAGTCTTCC,B,B naive,B cells,B cell (subtype unclear),0.5,hao_stateful_gemini_run05
E2L4_CTCAATTCAGCGTACC,Mono,CD14 Mono,CD16+ Monocytes,CD16 Mono,0.5,hao_stateful_gemini_run05
E2L2_AAAGTGACATAGTCGT,NK,NK Proliferating,Proliferating cells,Proliferating lymphocyte (lineage unclear),0.5,hao_stateful_gemini_run05
L4_AGACCCGCAGCTATTG,CD8 T,CD8 TEM,CD8+ T cells,CD8 T cell (subtype unclear),0.5,hao_stateful_gemini_run05
E2L6_ATAGACCAGCTGAGTG,other T,dnT,CD4+ T cells,CD4 T cell (subtype unclear),0.0,hao_stateful_gemini_run05
L1_GGGTTTAAGGCAGTCA,CD4 T,CD4 CTL,CD8+ T cells,CD8 T cell (subtype unclear),0.0,hao_stateful_gemini_run05
L4_CGCAGGTTCACGATCA,B,Plasmablast,Plasma cells,Plasmablast,1.0,hao_stateful_gemini_run05
E2L4_TGCAGTATCTTCTAAC,CD4 T,CD4 TCM,CD4+ T cells,CD4 T cell (subtype unclear),0.5,hao_stateful_gemini_run05
L2_ATGCATGGTCGAGCAA,DC,cDC2,CD14+ Monocytes,CD14 Mono,0.0,hao_stateful_gemini_run05
E2L4_CGAAGTTGTTTCACAG,other,Platelet,Platelets,Platelet,1.0,hao_stateful_gemini_run05
E2L2_AAACGCTTCATGCCGG,DC,cDC1,Conventional Dendritic cells,Dendritic cell (subtype unclear),0.5,hao_stateful_gemini_run05
L4_ATCCCTGCAGACTCTA,CD4 T,Treg,CD4+ T cells,CD4 T cell (subtype unclear),0.5,hao_stateful_gemini_run05
E2L8_ATGCCTCAGCACGATG,other,Platelet,Platelets,Platelet,1.0,hao_stateful_gemini_run05
E2L3_CCGGTGAGTGTACATC,CD4 T,CD4 TCM,CD4+ T cells,CD4 T cell (subtype unclear),0.5,hao_stateful_gemini_run05
E2L7_GTCTGTCAGGACTATA,NK,NK,CD8+ T cells,CD8 T cell (subtype unclear),0.0,hao_stateful_gemini_run05
L3_GGGTCTGGTGCCCACA,NK,NK_CD56bright,NK cells,NK,0.5,hao_stateful_gemini_run05
L4_CTAACCCAGTGTTCAC,B,B naive,B cells,B cell (subtype unclear),0.5,hao_stateful_gemini_run05
L3_CGGGCATGTTGTAAAG,CD4 T,CD4 TCM,CD4+ T cells,CD4 T cell (subtype unclear),0.5,hao_stateful_gemini_run05
L3_ACGTAGTCAGACAATA,other,HSPC,HSPC,HSPC,1.0,hao_stateful_gemini_run05
E2L4_CACAGATAGGATTTGA,Mono,CD14 Mono,CD16+ Monocytes,CD16 Mono,0.5,hao_stateful_gemini_run05
L1_TGGATCAAGCTGGCCT,CD4 T,Treg,CD4+ T cells,CD4 T cell (subtype unclear),0.5,hao_stateful_gemini_run05
L3_TAAGCCATCGACCAAT,NK,NK_CD56bright,NK cells,NK,0.5,hao_stateful_gemini_run05
L4_ACAGAAATCCATACAG,CD4 T,Treg,CD4+ T cells,CD4 T cell (subtype unclear),0.5,hao_stateful_gemini_run05
E2L2_CTACCTGAGCCATTTG,NK,NK,NK cells,NK,1.0,hao_stateful_gemini_run05
L2_CATCGTCAGCCATATC,CD4 T,CD4 Naive,CD4+ T cells,CD4 T cell (subtype unclear),0.5,hao_stateful_gemini_run05
L3_CTGTACCCACAAATCC,CD4 T,Treg,CD4+ T cells,CD4 T cell (subtype unclear),0.5,hao_stateful_gemini_run05
L3_TTCTGTAAGGTCGAGT,B,B naive,B cells,B cell (subtype unclear),0.5,hao_stateful_gemini_run05
E2L8_TCATTCACATGTGCTA,NK,NK,CD8+ T cells,CD8 T cell (subtype unclear),0.0,hao_stateful_gemini_run05
E2L8_CTCTCAGCATGCCGGT,NK,NK Proliferating,Proliferating cells,Proliferating lymphocyte (lineage unclear),0.5,hao_stateful_gemini_run05
E2L7_CTTCCGAGTGCTCTCT,CD8 T,CD8 Proliferating,Proliferating cells,Proliferating lymphocyte (lineage unclear),0.5,hao_stateful_gemini_run05
E2L8_TATCTGTTCTTGATTC,other T,gdT,CD8+ T cells,CD8 T cell (subtype unclear),0.0,hao_stateful_gemini_run05
L4_ACCTGAACAGTAGAAT,other,HSPC,HSPC,HSPC,1.0,hao_stateful_gemini_run05
E2L4_AGAACCTTCGATGCAT,NK,NK_CD56bright,NK cells,NK,0.5,hao_stateful_gemini_run05
E2L2_CGATGCGAGTAGTCCT,NK,NK_CD56bright,NK cells,NK,0.5,hao_stateful_gemini_run05
L1_TGCTTGCAGTAGCATA,B,Plasmablast,Plasma cells,Plasmablast,1.0,hao_stateful_gemini_run05
E2L6_CGCGTGATCTGCATAG,DC,cDC2,CD14+ Monocytes,CD14 Mono,0.0,hao_stateful_gemini_run05
E2L5_TTCTTCCAGTCGGGAT,CD4 T,CD4 Proliferating,Proliferating cells,Proliferating lymphocyte (lineage unclear),0.5,hao_stateful_gemini_run05
E2L2_CGAAGGAGTTCGGTTA,Mono,CD16 Mono,CD16+ Monocytes,CD16 Mono,1.0,hao_stateful_gemini_run05
E2L1_CAGATCAAGAACCGCA,other,Platelet,Platelets,Platelet,1.0,hao_stateful_gemini_run05
E2L3_TCGAAGTAGATTGATG,B,B memory,B cells,B cell (subtype unclear),0.5,hao_stateful_gemini_run05
E2L5_GGGCTCACAACTGCTA,other T,dnT,CD4+ T cells,CD4 T cell (subtype unclear),0.0,hao_stateful_gemini_run05
E2L2_ACCCAAATCGAGAAGC,Mono,CD14 Mono,CD16+ Monocytes,CD16 Mono,0.5,hao_stateful_gemini_run05
E2L4_CCCTTAGGTGATAGTA,NK,NK Proliferating,Proliferating cells,Proliferating lymphocyte (lineage unclear),0.5,hao_stateful_gemini_run05
E2L8_TAATTCCCACGGCTAC,DC,pDC,Plasmacytoid Dendritic cells,pDC,1.0,hao_stateful_gemini_run05
E2L7_ATTCAGGGTCACAATC,B,B naive,B cells,B cell (subtype unclear),0.5,hao_stateful_gemini_run05
L1_AGGGTCCAGCATGTTC,other T,dnT,Memory/Effector T cells,T cell (CD4/CD8/other unclear),0.5,hao_stateful_gemini_run05
L1_ACAAAGATCACTCTTA,other T,dnT,CD4+ T cells,CD4 T cell (subtype unclear),0.0,hao_stateful_gemini_run05
E2L8_CTGTACCGTCGTCATA,B,B memory,B cells,B cell (subtype unclear),0.5,hao_stateful_gemini_run05
L1_TCACACCCACGTGTGC,CD8 T,CD8 TCM,CD4+ T cells,CD4 T cell (subtype unclear),0.0,hao_stateful_gemini_run05
L4_GGAGAACTCCTCGATC,CD4 T,Treg,CD4+ T cells,CD4 T cell (subtype unclear),0.5,hao_stateful_gemini_run05
E2L7_TACTTCAGTCTCTCAC,DC,cDC1,Conventional Dendritic cells,Dendritic cell (subtype unclear),0.5,hao_stateful_gemini_run05
L2_GTCAAGTAGCCTTCTC,CD4 T,CD4 CTL,CD8+ T cells,CD8 T cell (subtype unclear),0.0,hao_stateful_gemini_run05
E2L4_AGGTAGGGTAAGTTAG,NK,NK,CD8+ T cells,CD8 T cell (subtype unclear),0.0,hao_stateful_gemini_run05
E2L4_AAGTGAAGTCCAAAGG,B,B naive,B cells,B cell (subtype unclear),0.5,hao_stateful_gemini_run05
L3_TGAATGCGTTGCATTG,NK,NK Proliferating,Proliferating cells,Proliferating lymphocyte (lineage unclear),0.5,hao_stateful_gemini_run05
E2L4_ACATGCATCGTGGCGT,CD8 T,CD8 TCM,CD4+ T cells,CD4 T cell (subtype unclear),0.0,hao_stateful_gemini_run05
E2L3_CATAAGCAGATCACTC,B,B intermediate,B cells,B cell (subtype unclear),0.5,hao_stateful_gemini_run05
L3_GGTTCTCTCATGAGAA,other T,MAIT,CD4+ T cells,CD4 T cell (subtype unclear),0.0,hao_stateful_gemini_run05
L1_GTCACGGAGCGCATCC,other,Platelet,Platelets,Platelet,1.0,hao_stateful_gemini_run05
E2L7_GTAGAGGGTAAGTTAG,B,B naive,B cells,B cell (subtype unclear),0.5,hao_stateful_gemini_run05
E2L7_TCTATCAGTAGGAGTC,other,Platelet,Platelets,Platelet,1.0,hao_stateful_gemini_run05
E2L3_ATGATCGGTAACGCGA,B,B naive,B cells,B cell (subtype unclear),0.5,hao_stateful_gemini_run05
L3_GTTAGACGTGATGAAT,B,B memory,B cells,B cell (subtype unclear),0.5,hao_stateful_gemini_run05
E2L5_CATACTTAGCACTCAT,NK,NK_CD56bright,NK cells,NK,0.5,hao_stateful_gemini_run05
E2L7_AATCGACCAATTGCCA,other,Platelet,Platelets,Platelet,1.0,hao_stateful_gemini_run05
L5_GCGATCGCAAACAGGC,CD4 T,Treg,CD4+ T cells,CD4 T cell (subtype unclear),0.5,hao_stateful_gemini_run05
L3_CCACGAGGTGGCCTCA,CD4 T,CD4 Naive,CD4+ T cells,CD4 T cell (subtype unclear),0.5,hao_stateful_gemini_run05
E2L1_AACAAAGAGGCACAAC,Mono,CD14 Mono,CD16+ Monocytes,CD16 Mono,0.5,hao_stateful_gemini_run05
E2L2_GTGGGAAGTCGAATGG,Mono,CD14 Mono,CD16+ Monocytes,CD16 Mono,0.5,hao_stateful_gemini_run05
E2L2_CTGCGAGAGCCGTTAT,B,B intermediate,B cells,B cell (subtype unclear),0.5,hao_stateful_gemini_run05
E2L3_TTTGGAGCACCAGGTC,B,Plasmablast,Plasma cells,Plasmablast,1.0,hao_stateful_gemini_run05
L1_TCAAGTGGTAGTGGCA,CD4 T,Treg,CD4+ T cells,CD4 T cell (subtype unclear),0.5,hao_stateful_gemini_run05
E2L8_GGGTTATAGCTGTACT,B,B naive,B cells,B cell (subtype unclear),0.5,hao_stateful_gemini_run05
E2L5_AAAGGATGTCTACAGT,CD8 T,CD8 TEM,CD8+ T cells,CD8 T cell (subtype unclear),0.5,hao_stateful_gemini_run05
E2L8_GAATCGTAGTAGGGTC,other T,gdT,CD8+ T cells,CD8 T cell (subtype unclear),0.0,hao_stateful_gemini_run05
L2_CAACGATCAAGCACAG,NK,NK,CD8+ T cells,CD8 T cell (subtype unclear),0.0,hao_stateful_gemini_run05
E2L5_GATTGGTGTTTGTTCT,Mono,CD14 Mono,CD14+ Monocytes,CD14 Mono,1.0,hao_stateful_gemini_run05
L2_AGGCCACCAATGCAGG,Mono,CD16 Mono,CD16+ Monocytes,CD16 Mono,1.0,hao_stateful_gemini_run05
E2L7_TATTTCGTCCCTAGGG,B,B naive,B cells,B cell (subtype unclear),0.5,hao_stateful_gemini_run05
E2L2_CTCCCAATCTGCGAGC,CD8 T,CD8 TCM,CD4+ T cells,CD4 T cell (subtype unclear),0.0,hao_stateful_gemini_run05
L3_TTCAGGACATGCAGCC,CD4 T,CD4 TEM,CD4+ T cells,CD4 T cell (subtype unclear),0.5,hao_stateful_gemini_run05
L4_GGGCTCACACTCTGCT,CD4 T,Treg,CD4+ T cells,CD4 T cell (subtype unclear),0.5,hao_stateful_gemini_run05
L2_ACATCGACACAACATC,other,HSPC,HSPC,HSPC,1.0,hao_stateful_gemini_run05
L4_TAACTTCAGGAGACCT,CD8 T,CD8 Naive,CD4+ T cells,CD4 T cell (subtype unclear),0.0,hao_stateful_gemini_run05
L4_GTGGCGTTCTGTAAGC,other,Eryth,Erythrocytes,Eryth,1.0,hao_stateful_gemini_run05
E2L4_GATCGTATCTCAGTCC,NK,NK Proliferating,Proliferating cells,Proliferating lymphocyte (lineage unclear),0.5,hao_stateful_gemini_run05
L1_AACGGGAGTTAAGGAT,other,HSPC,HSPC,HSPC,1.0,hao_stateful_gemini_run05
L3_TATTCCATCCGACAGC,CD4 T,CD4 CTL,CD8+ T cells,CD8 T cell (subtype unclear),0.0,hao_stateful_gemini_run05
E2L7_TGTGATGGTAGAGACC,CD4 T,CD4 Proliferating,Proliferating cells,Proliferating lymphocyte (lineage unclear),0.5,hao_stateful_gemini_run05
E2L1_GGAGGTATCAACCCGG,B,B memory,B cells,B cell (subtype unclear),0.5,hao_stateful_gemini_run05
E2L6_TTGGGTAAGAAGTCCG,CD4 T,CD4 TEM,CD4+ T cells,CD4 T cell (subtype unclear),0.5,hao_stateful_gemini_run05
E2L7_TGCAGATAGATGTTGA,B,B memory,B cells,B cell (subtype unclear),0.5,hao_stateful_gemini_run05
E2L1_TACCGGGCATCACAGT,CD4 T,CD4 CTL,CD8+ T cells,CD8 T cell (subtype unclear),0.0,hao_stateful_gemini_run05
L5_AACCTGAGTCCACGCA,CD4 T,CD4 CTL,CD8+ T cells,CD8 T cell (subtype unclear),0.0,hao_stateful_gemini_run05
L5_AACCTGACATCCTGTC,CD8 T,CD8 Naive,CD4+ T cells,CD4 T cell (subtype unclear),0.0,hao_stateful_gemini_run05
E2L6_TTGGATGCATGGGTTT,CD4 T,CD4 TEM,CD4+ T cells,CD4 T cell (subtype unclear),0.5,hao_stateful_gemini_run05
E2L3_TTCACGCAGGTCGTAG,Mono,CD14 Mono,CD14+ Monocytes,CD14 Mono,1.0,hao_stateful_gemini_run05
E2L2_AAATGGAGTCTCTCCA,NK,NK_CD56bright,NK cells,NK,0.5,hao_stateful_gemini_run05
L1_GGGACTCCAATAGTAG,CD8 T,CD8 Proliferating,Proliferating cells,Proliferating lymphocyte (lineage unclear),0.5,hao_stateful_gemini_run05
L2_GGAGATGTCCATGAGT,B,B naive,B cells,B cell (subtype unclear),0.5,hao_stateful_gemini_run05
E2L2_ATGGAGGGTCTACTGA,B,B memory,B cells,B cell (subtype unclear),0.5,hao_stateful_gemini_run05
E2L8_TCCCACACATGTTTGG,CD8 T,CD8 Naive,CD4+ T cells,CD4 T cell (subtype unclear),0.0,hao_stateful_gemini_run05
E2L4_GTACAGTAGTTCGCAT,other,ILC,NK cells,NK,0.0,hao_stateful_gemini_run05
E2L4_TATGTTCGTAGCTTGT,NK,NK_CD56bright,NK cells,NK,0.5,hao_stateful_gemini_run05
E2L5_CCCTAACGTGATTAGA,CD8 T,CD8 TEM,CD8+ T cells,CD8 T cell (subtype unclear),0.5,hao_stateful_gemini_run05
E2L6_GAAGCCCTCGTCAAAC,CD4 T,CD4 TEM,CD4+ T cells,CD4 T cell (subtype unclear),0.5,hao_stateful_gemini_run05
L5_TCAGTTTTCGGTTAGT,B,Plasmablast,Plasma cells,Plasmablast,1.0,hao_stateful_gemini_run05
L2_AAACCCATCGTGCGAC,CD8 T,CD8 TCM,CD4+ T cells,CD4 T cell (subtype unclear),0.0,hao_stateful_gemini_run05
L3_TTTATGCCACCATATG,Mono,CD14 Mono,CD16+ Monocytes,CD16 Mono,0.5,hao_stateful_gemini_run05
E2L4_GTGCTGGGTTTACTTC,NK,NK_CD56bright,NK cells,NK,0.5,hao_stateful_gemini_run05
E2L1_GATGAGGTCGGTCAGC,Mono,CD16 Mono,CD16+ Monocytes,CD16 Mono,1.0,hao_stateful_gemini_run05
L4_ACGTTCCGTACCGTCG,CD8 T,CD8 Naive,CD4+ T cells,CD4 T cell (subtype unclear),0.0,hao_stateful_gemini_run05
L1_ATGTCTTGTAGAGGAA,CD4 T,CD4 CTL,CD8+ T cells,CD8 T cell (subtype unclear),0.0,hao_stateful_gemini_run05
L2_CATTGAGCATGTAACC,NK,NK,CD8+ T cells,CD8 T cell (subtype unclear),0.0,hao_stateful_gemini_run05
L1_GACCTTCTCTGGAGAG,other,HSPC,HSPC,HSPC,1.0,hao_stateful_gemini_run05
E2L5_TGCAGATCAGTGTGCC,CD8 T,CD8 Naive,CD4+ T cells,CD4 T cell (subtype unclear),0.0,hao_stateful_gemini_run05
L3_GGTAACTAGATGATTG,DC,pDC,Plasmacytoid Dendritic cells,pDC,1.0,hao_stateful_gemini_run05
L3_ATGAGTCGTCGTTATG,other T,dnT,CD4+ T cells,CD4 T cell (subtype unclear),0.0,hao_stateful_gemini_run05
E2L2_AGACCATGTTAGTCGT,CD4 T,CD4 TCM,CD4+ T cells,CD4 T cell (subtype unclear),0.5,hao_stateful_gemini_run05
L4_TGTTGAGAGTTTGCTG,CD4 T,CD4 TCM,CD4+ T cells,CD4 T cell (subtype unclear),0.5,hao_stateful_gemini_run05
L3_CCATCACCATAGTCGT,other T,dnT,Memory/Effector T cells,T cell (CD4/CD8/other unclear),0.5,hao_stateful_gemini_run05
L2_TTACCGCAGGGAGATA,B,B memory,B cells,B cell (subtype unclear),0.5,hao_stateful_gemini_run05
E2L5_CTCAAGAGTGTTATCG,other T,gdT,CD8+ T cells,CD8 T cell (subtype unclear),0.0,hao_stateful_gemini_run05
E2L6_CCCTGATAGCGCACAA,CD8 T,CD8 Naive,CD4+ T cells,CD4 T cell (subtype unclear),0.0,hao_stateful_gemini_run05
L1_GCCTGTTTCTCAACCC,other,ILC,NK cells,NK,0.0,hao_stateful_gemini_run05
E2L2_TCACGGGTCTTGCAGA,CD8 T,CD8 Proliferating,Proliferating cells,Proliferating lymphocyte (lineage unclear),0.5,hao_stateful_gemini_run05
L5_GTTCGCTAGTACAGAT,CD8 T,CD8 Proliferating,Proliferating cells,Proliferating lymphocyte (lineage unclear),0.5,hao_stateful_gemini_run05
L5_TTTGGAGGTGGTGATG,other,HSPC,HSPC,HSPC,1.0,hao_stateful_gemini_run05
L2_CCGGACAAGTTGCGCC,DC,ASDC,CD14+ Monocytes,CD14 Mono,0.0,hao_stateful_gemini_run05
E2L4_CTGAGCGGTTTGGCTA,CD4 T,CD4 CTL,CD8+ T cells,CD8 T cell (subtype unclear),0.0,hao_stateful_gemini_run05
L5_AGACAAATCGAACACT,CD4 T,CD4 TCM,CD4+ T cells,CD4 T cell (subtype unclear),0.5,hao_stateful_gemini_run05
L2_TTCTTGAGTACGTTCA,CD4 T,Treg,CD4+ T cells,CD4 T cell (subtype unclear),0.5,hao_stateful_gemini_run05
E2L5_GATGAGGTCACCGACG,Mono,CD16 Mono,CD16+ Monocytes,CD16 Mono,1.0,hao_stateful_gemini_run05
L5_TACATTCTCGTCGATA,CD4 T,CD4 TEM,CD4+ T cells,CD4 T cell (subtype unclear),0.5,hao_stateful_gemini_run05
L2_CGACAGCTCACGATCA,CD4 T,CD4 TEM,CD4+ T cells,CD4 T cell (subtype unclear),0.5,hao_stateful_gemini_run05
L4_CCACGTTCAAGATTGA,other,HSPC,HSPC,HSPC,1.0,hao_stateful_gemini_run05
L2_GAAGAATAGCCTATCA,B,Plasmablast,Plasma cells,Plasmablast,1.0,hao_stateful_gemini_run05
E2L1_CATCGCTGTAGGATAT,B,B intermediate,B cells,B cell (subtype unclear),0.5,hao_stateful_gemini_run05
L4_AATGCCATCAGCTGAT,B,B memory,B cells,B cell (subtype unclear),0.5,hao_stateful_gemini_run05
L2_CGAGTGCAGCAAGTGC,CD4 T,CD4 CTL,CD8+ T cells,CD8 T cell (subtype unclear),0.0,hao_stateful_gemini_run05
E2L1_CATGGATAGGACACTG,CD4 T,CD4 CTL,CD8+ T cells,CD8 T cell (subtype unclear),0.0,hao_stateful_gemini_run05
E2L2_CTCAGGGGTTGGGATG,NK,NK,CD8+ T cells,CD8 T cell (subtype unclear),0.0,hao_stateful_gemini_run05
E2L5_CGGCAGTCAGACCAGA,B,B intermediate,B cells,B cell (subtype unclear),0.5,hao_stateful_gemini_run05
L5_ATCATTCCACTTGTGA,B,B intermediate,B cells,B cell (subtype unclear),0.5,hao_stateful_gemini_run05
E2L1_GTGCTTCTCTGTGCTC,B,B naive,B cells,B cell (subtype unclear),0.5,hao_stateful_gemini_run05
L2_CATACTTTCGAATGCT,Mono,CD16 Mono,CD16+ Monocytes,CD16 Mono,1.0,hao_stateful_gemini_run05
L5_CATTGCCCATGGTGGA,other,Platelet,Platelets,Platelet,1.0,hao_stateful_gemini_run05
E2L3_AAACGAATCTTGGTCC,DC,cDC2,CD14+ Monocytes,CD14 Mono,0.0,hao_stateful_gemini_run05
L3_TGGAACTCACCTGCGA,CD4 T,CD4 CTL,CD8+ T cells,CD8 T cell (subtype unclear),0.0,hao_stateful_gemini_run05
E2L6_TTGCGTCAGGGCGAGA,DC,pDC,Plasmacytoid Dendritic cells,pDC,1.0,hao_stateful_gemini_run05
L5_TGATTTCAGGTCGTCC,CD8 T,CD8 TEM,CD8+ T cells,CD8 T cell (subtype unclear),0.5,hao_stateful_gemini_run05
E2L8_CCGGTGAGTGTTAACC,CD8 T,CD8 TEM,CD8+ T cells,CD8 T cell (subtype unclear),0.5,hao_stateful_gemini_run05
E2L1_CAACCTCCAGTTAAAG,NK,NK,CD8+ T cells,CD8 T cell (subtype unclear),0.0,hao_stateful_gemini_run05
E2L6_CCTCTAGCATCAACCA,other,Platelet,Platelets,Platelet,1.0,hao_stateful_gemini_run05
L2_GAATCGTCAGTTGCGC,NK,NK,CD8+ T cells,CD8 T cell (subtype unclear),0.0,hao_stateful_gemini_run05
L5_TCGTGGGGTATTTCTC,B,B naive,B cells,B cell (subtype unclear),0.5,hao_stateful_gemini_run05
E2L4_TGTTGAGTCGGAAGGT,NK,NK Proliferating,Proliferating cells,Proliferating lymphocyte (lineage unclear),0.5,hao_stateful_gemini_run05
E2L1_AGTTCGAGTCGCACAC,CD8 T,CD8 TEM,CD8+ T cells,CD8 T cell (subtype unclear),0.5,hao_stateful_gemini_run05
E2L3_TACATTCGTAGGCTGA,B,B memory,B cells,B cell (subtype unclear),0.5,hao_stateful_gemini_run05
E2L5_TCGCAGGTCACCCTCA,NK,NK_CD56bright,NK cells,NK,0.5,hao_stateful_gemini_run05
L5_CGACAGCCAATCCTAG,CD4 T,CD4 TCM,CD4+ T cells,CD4 T cell (subtype unclear),0.5,hao_stateful_gemini_run05
E2L4_GGTGTCGCAAATTAGG,DC,pDC,Plasmacytoid Dendritic cells,pDC,1.0,hao_stateful_gemini_run05
L1_GTGGTTACAGTAACCT,other,HSPC,HSPC,HSPC,1.0,hao_stateful_gemini_run05
L1_GGAGATGTCATGCCGG,CD4 T,Treg,CD4+ T cells,CD4 T cell (subtype unclear),0.5,hao_stateful_gemini_run05
L1_CCCGGAAAGCAGCAGT,other T,MAIT,CD8+ T cells,CD8 T cell (subtype unclear),0.0,hao_stateful_gemini_run05
L5_CGTGTCTGTTCGGTAT,DC,ASDC,CD14+ Monocytes,CD14 Mono,0.0,hao_stateful_gemini_run05
L3_ATGCGATCAAGATTGA,NK,NK,CD8+ T cells,CD8 T cell (subtype unclear),0.0,hao_stateful_gemini_run05
E2L6_TCAGGTACACGTTGGC,DC,pDC,Plasmacytoid Dendritic cells,pDC,1.0,hao_stateful_gemini_run05
L4_TAGGTACCACCTTCGT,B,B memory,B cells,B cell (subtype unclear),0.5,hao_stateful_gemini_run05
E2L1_AGCGTATCATGGGTCC,other,ILC,NK cells,NK,0.0,hao_stateful_gemini_run05
E2L1_CACCAAAGTTAAGGAT,B,B memory,B cells,B cell (subtype unclear),0.5,hao_stateful_gemini_run05
E2L8_CAGGTATCAAGGACAC,other T,gdT,CD8+ T cells,CD8 T cell (subtype unclear),0.0,hao_stateful_gemini_run05
E2L4_GTGCTGGTCCGTGTAA,other T,gdT,CD4+ T cells,CD4 T cell (subtype unclear),0.0,hao_stateful_gemini_run05
E2L1_GTTTGGATCCCTCGAT,CD8 T,CD8 Naive,CD4+ T cells,CD4 T cell (subtype unclear),0.0,hao_stateful_gemini_run05
L4_ACGTCCTTCATTGAGC,B,B naive,B cells,B cell (subtype unclear),0.5,hao_stateful_gemini_run05
E2L3_CCACTTGCAGCTGTAT,DC,cDC2,CD14+ Monocytes,CD14 Mono,0.0,hao_stateful_gemini_run05
E2L1_AGAGAGCGTGACCGAA,CD4 T,CD4 TEM,CD4+ T cells,CD4 T cell (subtype unclear),0.5,hao_stateful_gemini_run05
E2L8_TCCCAGTCAAAGAGTT,other,Platelet,Platelets,Platelet,1.0,hao_stateful_gemini_run05
E2L6_GACTGATTCCTCTAGC,CD4 T,CD4 TCM,CD4+ T cells,CD4 T cell (subtype unclear),0.5,hao_stateful_gemini_run05
E2L1_ATCCACCTCCATTCGC,NK,NK Proliferating,Proliferating cells,Proliferating lymphocyte (lineage unclear),0.5,hao_stateful_gemini_run05
L4_TTTCAGTGTCACTTCC,other,ILC,CD4+ T cells,CD4 T cell (subtype unclear),0.0,hao_stateful_gemini_run05
L1_TGATTCTGTCACAGTT,B,B memory,B cells,B cell (subtype unclear),0.5,hao_stateful_gemini_run05
E2L5_TACAACGGTACAGGTG,CD8 T,CD8 TCM,CD4+ T cells,CD4 T cell (subtype unclear),0.0,hao_stateful_gemini_run05
L1_GTTTGGAGTCCCTAAA,CD8 T,CD8 TCM,CD4+ T cells,CD4 T cell (subtype unclear),0.0,hao_stateful_gemini_run05
L2_TCGATTTGTCAAGCGA,CD4 T,CD4 TEM,CD4+ T cells,CD4 T cell (subtype unclear),0.5,hao_stateful_gemini_run05
L2_ATCGATGCACAAAGTA,CD4 T,CD4 Naive,CD4+ T cells,CD4 T cell (subtype unclear),0.5,hao_stateful_gemini_run05
E2L2_AAGGTAAAGCTTCATG,NK,NK Proliferating,Proliferating cells,Proliferating lymphocyte (lineage unclear),0.5,hao_stateful_gemini_run05
E2L7_AGTACCAGTGGCTGCT,B,B intermediate,B cells,B cell (subtype unclear),0.5,hao_stateful_gemini_run05
E2L8_CTTGATTGTGTCTTAG,Mono,CD14 Mono,CD14+ Monocytes,CD14 Mono,1.0,hao_stateful_gemini_run05
E2L2_CATCGGGGTTGGACCC,CD4 T,CD4 CTL,CD8+ T cells,CD8 T cell (subtype unclear),0.0,hao_stateful_gemini_run05
L4_CACTGGGAGTCCCTAA,B,Plasmablast,Plasma cells,Plasmablast,1.0,hao_stateful_gemini_run05
L5_GGAGATGAGTTACGGG,CD8 T,CD8 TEM,CD4+ T cells,CD4 T cell (subtype unclear),0.0,hao_stateful_gemini_run05
E2L3_GTGTAACCAGCGATTT,CD4 T,CD4 TEM,CD4+ T cells,CD4 T cell (subtype unclear),0.5,hao_stateful_gemini_run05
L2_ATTTCTGAGACTCCGC,CD4 T,CD4 TCM,CD4+ T cells,CD4 T cell (subtype unclear),0.5,hao_stateful_gemini_run05
L1_ACGTACAGTCCAGGTC,CD8 T,CD8 Naive,CD4+ T cells,CD4 T cell (subtype unclear),0.0,hao_stateful_gemini_run05
L3_CGTGATATCTCATGGA,CD4 T,CD4 Naive,CD4+ T cells,CD4 T cell (subtype unclear),0.5,hao_stateful_gemini_run05
E2L8_TACACCCCAGTTCTAG,CD8 T,CD8 Proliferating,Proliferating cells,Proliferating lymphocyte (lineage unclear),0.5,hao_stateful_gemini_run05
L5_TCATTCACAGAGTCAG,B,Plasmablast,Plasma cells,Plasmablast,1.0,hao_stateful_gemini_run05
E2L3_CACCAAATCGGTAACT,CD8 T,CD8 TEM,CD8+ T cells,CD8 T cell (subtype unclear),0.5,hao_stateful_gemini_run05
E2L1_CTGTGAACAAGATGTA,CD4 T,CD4 Naive,CD4+ T cells,CD4 T cell (subtype unclear),0.5,hao_stateful_gemini_run05
E2L6_TATTGGGCATAGATCC,B,B intermediate,B cells,B cell (subtype unclear),0.5,hao_stateful_gemini_run05
L4_TCTGGCTTCGAGATAA,CD4 T,CD4 TCM,CD4+ T cells,CD4 T cell (subtype unclear),0.5,hao_stateful_gemini_run05
L4_TCGAACACAGTTGTCA,CD4 T,CD4 CTL,CD8+ T cells,CD8 T cell (subtype unclear),0.0,hao_stateful_gemini_run05
L3_TATCTTGCATGACGGA,B,Plasmablast,Plasma cells,Plasmablast,1.0,hao_stateful_gemini_run05
L4_GGGAAGTGTGACCTGC,other T,MAIT,CD8+ T cells,CD8 T cell (subtype unclear),0.0,hao_stateful_gemini_run05
L5_CAAGCTAGTCCGGTGT,CD4 T,CD4 TCM,CD4+ T cells,CD4 T cell (subtype unclear),0.5,hao_stateful_gemini_run05
E2L1_TGTTGGAAGCGTTGTT,B,Plasmablast,Plasma cells,Plasmablast,1.0,hao_stateful_gemini_run05
L4_TGCACGGGTGATACAA,CD8 T,CD8 TEM,CD4+ T cells,CD4 T cell (subtype unclear),0.0,hao_stateful_gemini_run05
E2L3_TACAACGAGTGAGGCT,CD4 T,CD4 CTL,CD8+ T cells,CD8 T cell (subtype unclear),0.0,hao_stateful_gemini_run05
L5_CCTGTTGTCAATGTCG,NK,NK_CD56bright,NK cells,NK,0.5,hao_stateful_gemini_run05
L3_TGTGTGACATCTGGGC,other,HSPC,HSPC,HSPC,1.0,hao_stateful_gemini_run05
E2L1_AGATCCAGTGTATTCG,NK,NK Proliferating,Proliferating cells,Proliferating lymphocyte (lineage unclear),0.5,hao_stateful_gemini_run05
E2L6_CATAGACCAACCGACC,Mono,CD14 Mono,CD14+ Monocytes,CD14 Mono,1.0,hao_stateful_gemini_run05
E2L3_GTGTGGCTCATTGCCC,B,B intermediate,B cells,B cell (subtype unclear),0.5,hao_stateful_gemini_run05
L1_GATGCTATCCTGTACC,B,Plasmablast,Plasma cells,Plasmablast,1.0,hao_stateful_gemini_run05
L2_ATCGTCCCAGATACTC,B,B naive,B cells,B cell (subtype unclear),0.5,hao_stateful_gemini_run05
L2_TCGGTCTGTGGCACTC,CD4 T,CD4 Naive,CD4+ T cells,CD4 T cell (subtype unclear),0.5,hao_stateful_gemini_run05
E2L2_CGTCAAAGTTCTGAGT,NK,NK Proliferating,Proliferating cells,Proliferating lymphocyte (lineage unclear),0.5,hao_stateful_gemini_run05
L1_GAAGTAATCAGTGATC,CD4 T,CD4 TCM,CD4+ T cells,CD4 T cell (subtype unclear),0.5,hao_stateful_gemini_run05
L5_CCACGTTCATTGCAAC,other,HSPC,HSPC,HSPC,1.0,hao_stateful_gemini_run05
L1_AGTAGCTTCAATCCAG,B,B intermediate,B cells,B cell (subtype unclear),0.5,hao_stateful_gemini_run05
L2_GGGTGTCAGAGTCTGG,DC,pDC,Plasmacytoid Dendritic cells,pDC,1.0,hao_stateful_gemini_run05
L3_CTGGTCTAGGCGAACT,CD4 T,CD4 Proliferating,Proliferating cells,Proliferating lymphocyte (lineage unclear),0.5,hao_stateful_gemini_run05
E2L1_TCATGTTTCATCGGGC,other T,gdT,CD8+ T cells,CD8 T cell (subtype unclear),0.0,hao_stateful_gemini_run05
L2_ACATCGAGTTCTCTAT,B,B memory,B cells,B cell (subtype unclear),0.5,hao_stateful_gemini_run05
L1_TTTCAGTTCCATACTT,other,HSPC,HSPC,HSPC,1.0,hao_stateful_gemini_run05
E2L8_AGACTCATCCGTATGA,CD4 T,CD4 TEM,CD4+ T cells,CD4 T cell (subtype unclear),0.5,hao_stateful_gemini_run05
E2L5_CAAAGAAGTCTTCTAT,Mono,CD14 Mono,CD14+ Monocytes,CD14 Mono,1.0,hao_stateful_gemini_run05
E2L2_TGGGCTGCATCGCTGG,B,B memory,B cells,B cell (subtype unclear),0.5,hao_stateful_gemini_run05
L5_TGAGCGCGTAAGTAGT,DC,pDC,Plasmacytoid Dendritic cells,pDC,1.0,hao_stateful_gemini_run05
L5_AGCGCCACAGGTCAAG,DC,cDC1,Conventional Dendritic cells,Dendritic cell (subtype unclear),0.5,hao_stateful_gemini_run05
E2L2_ATTCATCGTGTACGCC,B,Plasmablast,Plasma cells,Plasmablast,1.0,hao_stateful_gemini_run05
E2L8_TCAATTCCACCTGCTT,Mono,CD16 Mono,CD16+ Monocytes,CD16 Mono,1.0,hao_stateful_gemini_run05
E2L1_CTTACCGGTGGGAGAG,NK,NK_CD56bright,NK cells,NK,0.5,hao_stateful_gemini_run05
E2L8_CAATCGACACTCAAGT,CD8 T,CD8 TCM,CD4+ T cells,CD4 T cell (subtype unclear),0.0,hao_stateful_gemini_run05
L3_CAGATCATCACTTATC,DC,cDC1,Conventional Dendritic cells,Dendritic cell (subtype unclear),0.5,hao_stateful_gemini_run05
E2L7_GTGTTAGTCTATGCCC,CD8 T,CD8 Naive,CD4+ T cells,CD4 T cell (subtype unclear),0.0,hao_stateful_gemini_run05
L2_CTCCGATCAGGTCAAG,other,HSPC,HSPC,HSPC,1.0,hao_stateful_gemini_run05
E2L1_TTCCTAAAGGCTGAAC,NK,NK,CD8+ T cells,CD8 T cell (subtype unclear),0.0,hao_stateful_gemini_run05
E2L2_AATGCCAAGTATCCTG,B,Plasmablast,Plasma cells,Plasmablast,1.0,hao_stateful_gemini_run05
L2_GCAGCCAGTTTGTTCT,B,Plasmablast,Plasma cells,Plasmablast,1.0,hao_stateful_gemini_run05
E2L8_ACTTCGCCATGGAACG,Mono,CD16 Mono,CD16+ Monocytes,CD16 Mono,1.0,hao_stateful_gemini_run05
L2_CAAGAGGGTCGTGATT,B,B naive,B cells,B cell (subtype unclear),0.5,hao_stateful_gemini_run05
E2L6_CCTACGTAGTATTGCC,CD4 T,CD4 Naive,CD4+ T cells,CD4 T cell (subtype unclear),0.5,hao_stateful_gemini_run05
L5_TATTCCACATAGATGA,other,Eryth,Erythrocytes,Eryth,1.0,hao_stateful_gemini_run05
L5_TCATACTAGCGTATGG,other,Platelet,Platelets,Platelet,1.0,hao_stateful_gemini_run05
L3_GTGGAAGCACAATGCT,DC,cDC1,Conventional Dendritic cells,Dendritic cell (subtype unclear),0.5,hao_stateful_gemini_run05
L1_ACTCTCGGTATCGAGG,NK,NK_CD56bright,NK cells,NK,0.5,hao_stateful_gemini_run05
E2L5_CATTGAGGTACCGCGT,other,HSPC,HSPC,HSPC,1.0,hao_stateful_gemini_run05
E2L8_TCCTCCCCACTCCTGT,other T,gdT,CD8+ T cells,CD8 T cell (subtype unclear),0.0,hao_stateful_gemini_run05
E2L5_CATGCGGGTGCGAGTA,B,B memory,B cells,B cell (subtype unclear),0.5,hao_stateful_gemini_run05
E2L7_AACAACCTCATGAGGG,Mono,CD16 Mono,CD16+ Monocytes,CD16 Mono,1.0,hao_stateful_gemini_run05
L2_GACGCTGAGACATACA,B,B intermediate,B cells,B cell (subtype unclear),0.5,hao_stateful_gemini_run05
E2L8_CATGGTATCCTAAACG,NK,NK Proliferating,Proliferating cells,Proliferating lymphocyte (lineage unclear),0.5,hao_stateful_gemini_run05
L1_TAGGTACCAGCTGAAG,CD8 T,CD8 Naive,CD4+ T cells,CD4 T cell (subtype unclear),0.0,hao_stateful_gemini_run05
E2L7_CAATTTCAGTCGGCCT,DC,ASDC,CD14+ Monocytes,CD14 Mono,0.0,hao_stateful_gemini_run05
L3_CTGCCTAAGTCCCGGT,B,B naive,B cells,B cell (subtype unclear),0.5,hao_stateful_gemini_run05
E2L8_TCACTCGGTAGCACAG,Mono,CD14 Mono,CD14+ Monocytes,CD14 Mono,1.0,hao_stateful_gemini_run05
E2L5_GTGCTTCGTTTACGAC,B,B intermediate,B cells,B cell (subtype unclear),0.5,hao_stateful_gemini_run05
E2L6_TTGGGTACATCAGTCA,DC,pDC,Plasmacytoid Dendritic cells,pDC,1.0,hao_stateful_gemini_run05
L5_ATCCATTTCTTCGTGC,CD8 T,CD8 Naive,CD4+ T cells,CD4 T cell (subtype unclear),0.0,hao_stateful_gemini_run05
E2L2_GATCACATCACGGACC,other,Platelet,Platelets,Platelet,1.0,hao_stateful_gemini_run05
E2L5_GATTCTTAGGAAAGTG,NK,NK Proliferating,Proliferating cells,Proliferating lymphocyte (lineage unclear),0.5,hao_stateful_gemini_run05
E2L7_TCACGCTTCAGTGTTG,B,B intermediate,B cells,B cell (subtype unclear),0.5,hao_stateful_gemini_run05
E2L1_AGACTCACATAGAAAC,B,B naive,B cells,B cell (subtype unclear),0.5,hao_stateful_gemini_run05
E2L3_ACCTACCCATGCGTGC,CD8 T,CD8 Naive,CD4+ T cells,CD4 T cell (subtype unclear),0.0,hao_stateful_gemini_run05
E2L4_CTACTATCAGAAACCG,CD4 T,CD4 TEM,CD8+ T cells,CD8 T cell (subtype unclear),0.0,hao_stateful_gemini_run05
E2L4_TGAGCGCCATGTACGT,B,B naive,B cells,B cell (subtype unclear),0.5,hao_stateful_gemini_run05
E2L5_TCTAACTTCTGAGCAT,CD8 T,CD8 Naive,CD4+ T cells,CD4 T cell (subtype unclear),0.0,hao_stateful_gemini_run05
E2L8_CAAGCTAAGCCTTGAT,NK,NK,CD8+ T cells,CD8 T cell (subtype unclear),0.0,hao_stateful_gemini_run05
E2L7_CAATTTCGTACACGTT,DC,cDC2,CD14+ Monocytes,CD14 Mono,0.0,hao_stateful_gemini_run05
L4_CAAGCTATCGTCAAAC,CD8 T,CD8 TCM,CD4+ T cells,CD4 T cell (subtype unclear),0.0,hao_stateful_gemini_run05
E2L3_AGGAAATGTCCGACGT,NK,NK Proliferating,Proliferating cells,Proliferating lymphocyte (lineage unclear),0.5,hao_stateful_gemini_run05
L4_AAGACAAAGCCATGCC,DC,ASDC,CD14+ Monocytes,CD14 Mono,0.0,hao_stateful_gemini_run05
E2L1_CTGCTCAGTCCTCATC,Mono,CD14 Mono,CD14+ Monocytes,CD14 Mono,1.0,hao_stateful_gemini_run05
L1_GTACAACCAATCGCAT,other,ILC,CD4+ T cells,CD4 T cell (subtype unclear),0.0,hao_stateful_gemini_run05
L5_AGGACGATCTGCATGA,Mono,CD14 Mono,CD16+ Monocytes,CD16 Mono,0.5,hao_stateful_gemini_run05
L3_TAACGACGTGCTCTTC,CD4 T,CD4 Proliferating,Proliferating cells,Proliferating lymphocyte (lineage unclear),0.5,hao_stateful_gemini_run05
L3_ATCACTTTCACGGGAA,B,B intermediate,B cells,B cell (subtype unclear),0.5,hao_stateful_gemini_run05
L4_GAGGCAACAGCGTACC,CD4 T,CD4 TCM,CD4+ T cells,CD4 T cell (subtype unclear),0.5,hao_stateful_gemini_run05
L5_TACGCTCAGGTGCCTC,CD4 T,Treg,CD4+ T cells,CD4 T cell (subtype unclear),0.5,hao_stateful_gemini_run05
L4_CCACTTGCAACGGTAG,other,HSPC,HSPC,HSPC,1.0,hao_stateful_gemini_run05
L2_TGTCCTGAGTCATCGT,other,HSPC,HSPC,HSPC,1.0,hao_stateful_gemini_run05
L2_CAGTTAGTCAGTGTCA,B,B naive,B cells,B cell (subtype unclear),0.5,hao_stateful_gemini_run05
E2L6_CACTTCGGTTCGGCGT,NK,NK,CD8+ T cells,CD8 T cell (subtype unclear),0.0,hao_stateful_gemini_run05
L5_CGTAAGTTCCTTACCG,other,HSPC,HSPC,HSPC,1.0,hao_stateful_gemini_run05
L3_TATACCTTCCGGCAAC,other,HSPC,HSPC,HSPC,1.0,hao_stateful_gemini_run05
E2L3_CACTGTCCAGGATGAC,CD4 T,CD4 Naive,CD4+ T cells,CD4 T cell (subtype unclear),0.5,hao_stateful_gemini_run05
E2L3_GCCATGGAGGAAGTAG,CD8 T,CD8 Naive,CD4+ T cells,CD4 T cell (subtype unclear),0.0,hao_stateful_gemini_run05
E2L4_TGAGGGACAAAGGAGA,CD4 T,CD4 Proliferating,Proliferating cells,Proliferating lymphocyte (lineage unclear),0.5,hao_stateful_gemini_run05
L4_GAAGGACGTTATGACC,other,HSPC,HSPC,HSPC,1.0,hao_stateful_gemini_run05
L5_CAAGAGGCAATAACCC,CD4 T,Treg,CD4+ T cells,CD4 T cell (subtype unclear),0.5,hao_stateful_gemini_run05
E2L2_TAGGGTTCAGCTGAGA,CD4 T,CD4 TEM,CD4+ T cells,CD4 T cell (subtype unclear),0.5,hao_stateful_gemini_run05
L1_TTCTCTCAGGATAATC,B,B memory,B cells,B cell (subtype unclear),0.5,hao_stateful_gemini_run05
L5_TAGGGTTAGGCCCAAA,B,B intermediate,B cells,B cell (subtype unclear),0.5,hao_stateful_gemini_run05
E2L8_ACCCTCATCGCTACAA,other T,gdT,CD8+ T cells,CD8 T cell (subtype unclear),0.0,hao_stateful_gemini_run05
E2L8_CCGGACAAGAGAGGGC,Mono,CD16 Mono,CD16+ Monocytes,CD16 Mono,1.0,hao_stateful_gemini_run05
E2L1_TTTGGAGCATGGGCAA,CD8 T,CD8 TCM,CD4+ T cells,CD4 T cell (subtype unclear),0.0,hao_stateful_gemini_run05
L1_CTGTACCAGTTCGCAT,NK,NK Proliferating,Proliferating cells,Proliferating lymphocyte (lineage unclear),0.5,hao_stateful_gemini_run05
E2L4_TGGGATTCACTGATTG,CD8 T,CD8 TEM,CD8+ T cells,CD8 T cell (subtype unclear),0.5,hao_stateful_gemini_run05
E2L6_CCCATTGAGGATATAC,Mono,CD14 Mono,CD14+ Monocytes,CD14 Mono,1.0,hao_stateful_gemini_run05
E2L2_CTTTCGGTCGTGTGAT,other,Platelet,Platelets,Platelet,1.0,hao_stateful_gemini_run05
E2L6_CTACCTGTCATAAGGA,CD8 T,CD8 TEM,CD8+ T cells,CD8 T cell (subtype unclear),0.5,hao_stateful_gemini_run05
L5_GGAGATGCAATACCTG,CD8 T,CD8 TCM,CD4+ T cells,CD4 T cell (subtype unclear),0.0,hao_stateful_gemini_run05
L5_GTCCACTTCCGCAAAT,other,HSPC,HSPC,HSPC,1.0,hao_stateful_gemini_run05
L4_AACCATGGTGTATTCG,NK,NK_CD56bright,NK cells,NK,0.5,hao_stateful_gemini_run05
E2L1_GGGACCTTCCTCTAGC,other T,gdT,CD8+ T cells,CD8 T cell (subtype unclear),0.0,hao_stateful_gemini_run05
L5_GTGGTTACATCGGATT,other,HSPC,HSPC,HSPC,1.0,hao_stateful_gemini_run05
E2L8_TGTCCACCATATGAAG,CD4 T,CD4 Naive,CD4+ T cells,CD4 T cell (subtype unclear),0.5,hao_stateful_gemini_run05
E2L7_GAGTGTTGTCGGTACC,B,B memory,B cells,B cell (subtype unclear),0.5,hao_stateful_gemini_run05
E2L2_GCATTAGCACGCAGTC,Mono,CD16 Mono,CD16+ Monocytes,CD16 Mono,1.0,hao_stateful_gemini_run05
E2L7_ACATCCCTCTTCGATT,other T,gdT,CD8+ T cells,CD8 T cell (subtype unclear),0.0,hao_stateful_gemini_run05
E2L1_CAAGAGGCAGGGTCTC,DC,pDC,Plasmacytoid Dendritic cells,pDC,1.0,hao_stateful_gemini_run05
L2_ACCAACAAGATTGGGC,B,B intermediate,B cells,B cell (subtype unclear),0.5,hao_stateful_gemini_run05
E2L8_ATCGTAGAGCCACTCG,NK,NK,CD8+ T cells,CD8 T cell (subtype unclear),0.0,hao_stateful_gemini_run05
E2L2_TGTGGCGAGATCGGTG,B,B naive,B cells,B cell (subtype unclear),0.5,hao_stateful_gemini_run05
E2L4_TTTGATCAGCCATTGT,Mono,CD14 Mono,CD14+ Monocytes,CD14 Mono,1.0,hao_stateful_gemini_run05
L4_CGTCAAACAATGTGGG,NK,NK,CD8+ T cells,CD8 T cell (subtype unclear),0.0,hao_stateful_gemini_run05
E2L6_CTGGTCTCAGGTATGG,Mono,CD16 Mono,CD16+ Monocytes,CD16 Mono,1.0,hao_stateful_gemini_run05
L2_TCCTTCTTCGCTGTTC,other,HSPC,HSPC,HSPC,1.0,hao_stateful_gemini_run05
E2L4_CATTGTTAGAATTGCA,DC,pDC,Plasmacytoid Dendritic cells,pDC,1.0,hao_stateful_gemini_run05
L5_CAAGACTGTTTGAACC,CD4 T,CD4 TEM,CD8+ T cells,CD8 T cell (subtype unclear),0.0,hao_stateful_gemini_run05
E2L7_GATTTCTCATTAGGAA,NK,NK_CD56bright,NK cells,NK,0.5,hao_stateful_gemini_run05
E2L1_AAGCATCGTAGCGATG,B,B memory,B cells,B cell (subtype unclear),0.5,hao_stateful_gemini_run05
E2L2_CGAGGAAAGGTAGCAC,DC,pDC,Plasmacytoid Dendritic cells,pDC,1.0,hao_stateful_gemini_run05
E2L1_TTTACGTGTGACTGAG,CD8 T,CD8 TEM,CD8+ T cells,CD8 T cell (subtype unclear),0.5,hao_stateful_gemini_run05
L5_TTACGTTTCTCCCTAG,other T,MAIT,CD8+ T cells,CD8 T cell (subtype unclear),0.0,hao_stateful_gemini_run05
L2_CATCCGTTCCACAGCG,CD8 T,CD8 TEM,CD8+ T cells,CD8 T cell (subtype unclear),0.5,hao_stateful_gemini_run05
L3_TCGAAGTCATCCTAAG,other T,dnT,Memory/Effector T cells,T cell (CD4/CD8/other unclear),0.5,hao_stateful_gemini_run05
E2L4_CGAAGTTTCTAGATCG,CD8 T,CD8 TEM,CD8+ T cells,CD8 T cell (subtype unclear),0.5,hao_stateful_gemini_run05
E2L5_GCTGCAGGTGATAGAT,Mono,CD14 Mono,CD14+ Monocytes,CD14 Mono,1.0,hao_stateful_gemini_run05
E2L6_ACCAAACTCTTGGATG,NK,NK_CD56bright,NK cells,NK,0.5,hao_stateful_gemini_run05
E2L2_TACACCCAGCTACAAA,other T,gdT,CD4+ T cells,CD4 T cell (subtype unclear),0.0,hao_stateful_gemini_run05
L3_CTGAGCGCAGGTTCGC,B,Plasmablast,Plasma cells,Plasmablast,1.0,hao_stateful_gemini_run05
E2L3_TCTGTCGAGAGTCACG,CD4 T,CD4 Proliferating,Proliferating cells,Proliferating lymphocyte (lineage unclear),0.5,hao_stateful_gemini_run05
L5_TTGGTTTCACTCGATA,other,Eryth,Erythrocytes,Eryth,1.0,hao_stateful_gemini_run05
E2L2_AGGATCTGTGGCTGAA,CD4 T,CD4 TCM,CD4+ T cells,CD4 T cell (subtype unclear),0.5,hao_stateful_gemini_run05
E2L5_TTTGGTTAGAACGTGC,NK,NK Proliferating,Proliferating cells,Proliferating lymphocyte (lineage unclear),0.5,hao_stateful_gemini_run05
E2L4_TGAGTCACACCCTATC,B,B intermediate,B cells,B cell (subtype unclear),0.5,hao_stateful_gemini_run05
L3_AGACTCATCCCAGTGG,CD4 T,Treg,CD4+ T cells,CD4 T cell (subtype unclear),0.5,hao_stateful_gemini_run05
L5_CGAGAAGGTGTGCCTG,other T,MAIT,CD8+ T cells,CD8 T cell (subtype unclear),0.0,hao_stateful_gemini_run05
L3_AGTACCACATCTCGTC,CD8 T,CD8 TCM,CD4+ T cells,CD4 T cell (subtype unclear),0.0,hao_stateful_gemini_run05
E2L2_GACCCTTGTTTGAAAG,Mono,CD14 Mono,CD14+ Monocytes,CD14 Mono,1.0,hao_stateful_gemini_run05
E2L7_CTAGACAGTGGATCGA,Mono,CD14 Mono,CD16+ Monocytes,CD16 Mono,0.5,hao_stateful_gemini_run05
E2L4_CTCACTGAGAGTCTTC,B,B memory,B cells,B cell (subtype unclear),0.5,hao_stateful_gemini_run05
E2L7_TTGGGATCACGCTTAA,Mono,CD16 Mono,CD16+ Monocytes,CD16 Mono,1.0,hao_stateful_gemini_run05
E2L5_CATGAGTTCGCGTGCA,CD4 T,CD4 Proliferating,Proliferating cells,Proliferating lymphocyte (lineage unclear),0.5,hao_stateful_gemini_run05
L5_ACTTTCACAGGACTAG,other T,MAIT,CD8+ T cells,CD8 T cell (subtype unclear),0.0,hao_stateful_gemini_run05
E2L7_TGACCCTCATTCATCT,NK,NK_CD56bright,NK cells,NK,0.5,hao_stateful_gemini_run05
L1_GCTCAAACACTTCATT,NK,NK_CD56bright,NK cells,NK,0.5,hao_stateful_gemini_run05
L2_CCTCAACAGAAGCGCT,other,HSPC,HSPC,HSPC,1.0,hao_stateful_gemini_run05
E2L6_TGGGTTATCAATCAGC,other T,dnT,Memory/Effector T cells,T cell (CD4/CD8/other unclear),0.5,hao_stateful_gemini_run05
L1_GCGATCGCATGTGACT,other T,dnT,CD4+ T cells,CD4 T cell (subtype unclear),0.0,hao_stateful_gemini_run05
L3_AGTGATCAGTTCCGGC,CD4 T,CD4 TCM,CD4+ T cells,CD4 T cell (subtype unclear),0.5,hao_stateful_gemini_run05
L3_TTCAGGACAGCGTGAA,CD4 T,CD4 TCM,CD4+ T cells,CD4 T cell (subtype unclear),0.5,hao_stateful_gemini_run05
E2L7_TCAGCAAAGAGCTTTC,NK,NK,CD8+ T cells,CD8 T cell (subtype unclear),0.0,hao_stateful_gemini_run05
L3_TCGGATATCTTCGCTG,other T,MAIT,CD8+ T cells,CD8 T cell (subtype unclear),0.0,hao_stateful_gemini_run05
L4_TGGAACTAGTGAGTGC,other T,gdT,CD8+ T cells,CD8 T cell (subtype unclear),0.0,hao_stateful_gemini_run05
L4_ATTTCACCATACCACA,CD4 T,CD4 TEM,CD4+ T cells,CD4 T cell (subtype unclear),0.5,hao_stateful_gemini_run05
L1_GAATAGACACGGTGTC,CD8 T,CD8 TCM,CD4+ T cells,CD4 T cell (subtype unclear),0.0,hao_stateful_gemini_run05
L3_GTAGATCAGGACGCTA,CD4 T,CD4 TCM,CD4+ T cells,CD4 T cell (subtype unclear),0.5,hao_stateful_gemini_run05
E2L1_GGGACTCCAGATCCAT,DC,cDC2,CD14+ Monocytes,CD14 Mono,0.0,hao_stateful_gemini_run05
L1_AGTGACTAGTAACGTA,NK,NK Proliferating,Proliferating cells,Proliferating lymphocyte (lineage unclear),0.5,hao_stateful_gemini_run05
L1_ATGTCCCTCCCTCTAG,CD4 T,Treg,CD4+ T cells,CD4 T cell (subtype unclear),0.5,hao_stateful_gemini_run05
E2L4_TGCACGGCATTGAGGG,DC,cDC1,Conventional Dendritic cells,Dendritic cell (subtype unclear),0.5,hao_stateful_gemini_run05
L4_GCTGCAGGTCCACACG,Mono,CD14 Mono,CD16+ Monocytes,CD16 Mono,0.5,hao_stateful_gemini_run05
E2L8_AACACACTCTTCCGTG,B,Plasmablast,Plasma cells,Plasmablast,1.0,hao_stateful_gemini_run05
E2L1_CGTAATGAGTCATGCT,B,B naive,B cells,B cell (subtype unclear),0.5,hao_stateful_gemini_run05
E2L7_AGATGAAAGCCACTCG,CD8 T,CD8 Naive,CD4+ T cells,CD4 T cell (subtype unclear),0.0,hao_stateful_gemini_run05
E2L6_TCTACCGCAGTTAGAA,CD4 T,CD4 Naive,CD4+ T cells,CD4 T cell (subtype unclear),0.5,hao_stateful_gemini_run05
E2L6_ATGATCGGTGTGTCCG,other T,gdT,CD8+ T cells,CD8 T cell (subtype unclear),0.0,hao_stateful_gemini_run05
L4_AATCACGGTCAGTTTG,CD8 T,CD8 TEM,CD4+ T cells,CD4 T cell (subtype unclear),0.0,hao_stateful_gemini_run05
E2L4_TCGGGACGTCCTTTGC,CD4 T,CD4 CTL,CD8+ T cells,CD8 T cell (subtype unclear),0.0,hao_stateful_gemini_run05
E2L6_TGACCCTGTGTGAATA,DC,pDC,Plasmacytoid Dendritic cells,pDC,1.0,hao_stateful_gemini_run05
L5_CTTCCGACAAGAATAC,CD4 T,CD4 CTL,CD8+ T cells,CD8 T cell (subtype unclear),0.0,hao_stateful_gemini_run05
E2L5_GAAACCTTCCTCTGCA,B,Plasmablast,Plasma cells,Plasmablast,1.0,hao_stateful_gemini_run05
L5_TCTATCAAGTCGGCAA,CD4 T,CD4 CTL,CD8+ T cells,CD8 T cell (subtype unclear),0.0,hao_stateful_gemini_run05
L4_CCGTTCACATTGAGCT,DC,cDC2,CD14+ Monocytes,CD14 Mono,0.0,hao_stateful_gemini_run05
L1_GGTGTCGCAAGAATGT,NK,NK,CD8+ T cells,CD8 T cell (subtype unclear),0.0,hao_stateful_gemini_run05
E2L2_CCGATCTCAGAAGCTG,B,B intermediate,B cells,B cell (subtype unclear),0.5,hao_stateful_gemini_run05
L4_ATTCATCCAGACTCTA,NK,NK,CD8+ T cells,CD8 T cell (subtype unclear),0.0,hao_stateful_gemini_run05
E2L6_AGTCACATCCAATCTT,B,Plasmablast,Plasma cells,Plasmablast,1.0,hao_stateful_gemini_run05
L1_GAGTGTTTCCTCACTG,NK,NK Proliferating,Proliferating cells,Proliferating lymphocyte (lineage unclear),0.5,hao_stateful_gemini_run05
E2L3_GATTGGTAGATGATTG,NK,NK_CD56bright,NK cells,NK,0.5,hao_stateful_gemini_run05
E2L5_CGGGTGTGTGGGCTTC,CD4 T,Treg,CD4+ T cells,CD4 T cell (subtype unclear),0.5,hao_stateful_gemini_run05
E2L3_ACTATGGTCTAACGGT,CD8 T,CD8 TCM,CD4+ T cells,CD4 T cell (subtype unclear),0.0,hao_stateful_gemini_run05
E2L4_TACTTCACATCTAACG,DC,cDC1,Conventional Dendritic cells,Dendritic cell (subtype unclear),0.5,hao_stateful_gemini_run05
E2L5_GGGTATTTCCATACTT,CD4 T,CD4 Naive,CD4+ T cells,CD4 T cell (subtype unclear),0.5,hao_stateful_gemini_run05
L4_CCCGGAATCACAAGAA,B,B intermediate,B cells,B cell (subtype unclear),0.5,hao_stateful_gemini_run05
E2L1_ATTTACCAGGAATCGC,CD4 T,CD4 TEM,CD8+ T cells,CD8 T cell (subtype unclear),0.0,hao_stateful_gemini_run05
E2L4_TACCCGTAGGAGTACC,DC,cDC1,Conventional Dendritic cells,Dendritic cell (subtype unclear),0.5,hao_stateful_gemini_run05
E2L4_GAGTGAGTCAGAGCGA,CD8 T,CD8 Naive,CD4+ T cells,CD4 T cell (subtype unclear),0.0,hao_stateful_gemini_run05
L2_ACATCCCCAGCTGAGA,other,Eryth,Erythrocytes,Eryth,1.0,hao_stateful_gemini_run05
E2L8_ACAACCACATGCTGCG,CD4 T,Treg,CD4+ T cells,CD4 T cell (subtype unclear),0.5,hao_stateful_gemini_run05
L5_GGGACTCCACTCCACT,B,Plasmablast,Plasma cells,Plasmablast,1.0,hao_stateful_gemini_run05
E2L2_GGCGTCATCTAAGCGT,NK,NK_CD56bright,NK cells,NK,0.5,hao_stateful_gemini_run05
E2L2_TCGAACAGTAACAGTA,CD4 T,CD4 CTL,CD8+ T cells,CD8 T cell (subtype unclear),0.0,hao_stateful_gemini_run05
L2_TACGGTAAGGATATGT,B,B intermediate,B cells,B cell (subtype unclear),0.5,hao_stateful_gemini_run05
L4_CCTCATGTCGTCAGAT,other,Platelet,Platelets,Platelet,1.0,hao_stateful_gemini_run05
L1_ATCACTTCAGTTGCGC,CD8 T,CD8 TCM,CD4+ T cells,CD4 T cell (subtype unclear),0.0,hao_stateful_gemini_run05
E2L5_TCGTGCTAGAGTACCG,DC,cDC2,CD14+ Monocytes,CD14 Mono,0.0,hao_stateful_gemini_run05
L5_AATGGCTCACAACGTT,CD8 T,CD8 TEM,CD8+ T cells,CD8 T cell (subtype unclear),0.5,hao_stateful_gemini_run05
L3_GAATAGAAGGGCAGAG,CD8 T,CD8 Naive,CD4+ T cells,CD4 T cell (subtype unclear),0.0,hao_stateful_gemini_run05
E2L6_TGCATGATCTCCTACG,NK,NK,CD8+ T cells,CD8 T cell (subtype unclear),0.0,hao_stateful_gemini_run05
E2L5_GAGTTTGCAGGATGAC,NK,NK,CD8+ T cells,CD8 T cell (subtype unclear),0.0,hao_stateful_gemini_run05
L5_TTCCTTCGTCCAAGAG,CD8 T,CD8 Proliferating,Proliferating cells,Proliferating lymphocyte (lineage unclear),0.5,hao_stateful_gemini_run05
E2L5_CCGGTGAGTATGTCCA,CD4 T,CD4 Proliferating,Proliferating cells,Proliferating lymphocyte (lineage unclear),0.5,hao_stateful_gemini_run05
E2L4_TATTGCTCACGCCAGT,DC,pDC,Plasmacytoid Dendritic cells,pDC,1.0,hao_stateful_gemini_run05
L3_CATGGTACATGAGGGT,B,Plasmablast,Plasma cells,Plasmablast,1.0,hao_stateful_gemini_run05
E2L6_CGTAAGTAGTTCACTG,NK,NK_CD56bright,NK cells,NK,0.5,hao_stateful_gemini_run05
L1_TTGTGGATCCATCCGT,CD4 T,CD4 TCM,CD4+ T cells,CD4 T cell (subtype unclear),0.5,hao_stateful_gemini_run05
E2L6_GCCATGGGTGATACAA,B,B memory,B cells,B cell (subtype unclear),0.5,hao_stateful_gemini_run05
L2_ATTATCCTCCTCAGGG,CD8 T,CD8 TCM,CD4+ T cells,CD4 T cell (subtype unclear),0.0,hao_stateful_gemini_run05
E2L5_ACTTTGTGTACCACGC,Mono,CD14 Mono,CD16+ Monocytes,CD16 Mono,0.5,hao_stateful_gemini_run05
E2L3_CTGATCCGTGGAGAAA,CD4 T,CD4 TEM,CD4+ T cells,CD4 T cell (subtype unclear),0.5,hao_stateful_gemini_run05
E2L7_GTGAGTTTCAGGAACG,B,Plasmablast,Plasma cells,Plasmablast,1.0,hao_stateful_gemini_run05
L4_CTCAGTCCAGAACTAA,other,ILC,NK cells,NK,0.0,hao_stateful_gemini_run05
E2L8_TCTATACCAGCATGCC,B,B memory,B cells,B cell (subtype unclear),0.5,hao_stateful_gemini_run05
E2L5_GCCATGGGTGAGTAGC,B,B naive,B cells,B cell (subtype unclear),0.5,hao_stateful_gemini_run05
L1_ATGCATGCATCTCAAG,other T,gdT,CD4+ T cells,CD4 T cell (subtype unclear),0.0,hao_stateful_gemini_run05
E2L6_CATCCCATCTCCTGTG,Mono,CD16 Mono,CD16+ Monocytes,CD16 Mono,1.0,hao_stateful_gemini_run05
L4_ATTGGGTAGCGATTCT,other,HSPC,HSPC,HSPC,1.0,hao_stateful_gemini_run05
E2L5_TTAGGGTCATTGTAGC,other,Platelet,Platelets,Platelet,1.0,hao_stateful_gemini_run05
L2_CTAACCCAGCTGGCCT,DC,cDC1,Conventional Dendritic cells,Dendritic cell (subtype unclear),0.5,hao_stateful_gemini_run05
E2L5_TATTGCTCACCCGTAG,B,B memory,B cells,B cell (subtype unclear),0.5,hao_stateful_gemini_run05
E2L6_CGGGTCAAGTTTCTTC,DC,pDC,Plasmacytoid Dendritic cells,pDC,1.0,hao_stateful_gemini_run05
E2L6_AGCTCAACAGGTGAGT,NK,NK_CD56bright,NK cells,NK,0.5,hao_stateful_gemini_run05
E2L3_GAGTTACTCTGGGCGT,DC,pDC,Plasmacytoid Dendritic cells,pDC,1.0,hao_stateful_gemini_run05
E2L3_TCACGCTAGCCACTCG,B,B memory,B cells,B cell (subtype unclear),0.5,hao_stateful_gemini_run05
E2L4_CATGCCTGTGGCTTAT,other,Platelet,Platelets,Platelet,1.0,hao_stateful_gemini_run05
E2L1_TTCCTCTCAGTCGAGA,other,Platelet,Platelets,Platelet,1.0,hao_stateful_gemini_run05
L5_TTTGGTTTCGTAGGGA,NK,NK Proliferating,Proliferating cells,Proliferating lymphocyte (lineage unclear),0.5,hao_stateful_gemini_run05
E2L5_AGGGTTTTCGTGAGAG,Mono,CD16 Mono,CD16+ Monocytes,CD16 Mono,1.0,hao_stateful_gemini_run05
L1_TCAGTTTTCGCCGATG,DC,cDC2,CD14+ Monocytes,CD14 Mono,0.0,hao_stateful_gemini_run05
L4_ACTATCTTCTCCAATT,CD4 T,CD4 CTL,CD8+ T cells,CD8 T cell (subtype unclear),0.0,hao_stateful_gemini_run05
E2L4_TACTTGTAGGATCATA,CD4 T,CD4 TEM,CD4+ T cells,CD4 T cell (subtype unclear),0.5,hao_stateful_gemini_run05
E2L5_CCTCAGTGTAACGCGA,other T,MAIT,CD8+ T cells,CD8 T cell (subtype unclear),0.0,hao_stateful_gemini_run05
L5_TAATCTCTCTAGCATG,other,HSPC,HSPC,HSPC,1.0,hao_stateful_gemini_run05
L5_GATTCGAAGTCACTAC,B,Plasmablast,Plasma cells,Plasmablast,1.0,hao_stateful_gemini_run05
E2L7_CCTCCTCAGGCCTGAA,NK,NK,CD8+ T cells,CD8 T cell (subtype unclear),0.0,hao_stateful_gemini_run05
L3_GTATTTCCAAAGACGC,CD4 T,CD4 Proliferating,Proliferating cells,Proliferating lymphocyte (lineage unclear),0.5,hao_stateful_gemini_run05
L4_ACTGCAAGTATTGACC,other T,dnT,CD4+ T cells,CD4 T cell (subtype unclear),0.0,hao_stateful_gemini_run05
L1_GTAATGCAGAAGGGAT,NK,NK Proliferating,Proliferating cells,Proliferating lymphocyte (lineage unclear),0.5,hao_stateful_gemini_run05
E2L7_TCAGCAAGTAGCTTGT,NK,NK_CD56bright,NK cells,NK,0.5,hao_stateful_gemini_run05
L4_GTGCAGCTCGCCGAGT,CD4 T,CD4 Proliferating,Proliferating cells,Proliferating lymphocyte (lineage unclear),0.5,hao_stateful_gemini_run05
E2L1_CTGAGGCTCGGTTCAA,Mono,CD14 Mono,CD14+ Monocytes,CD14 Mono,1.0,hao_stateful_gemini_run05
E2L5_TCCACGTTCTCATTTG,DC,cDC1,Conventional Dendritic cells,Dendritic cell (subtype unclear),0.5,hao_stateful_gemini_run05
E2L6_GATCATGGTATGCTAC,CD8 T,CD8 TEM,CD8+ T cells,CD8 T cell (subtype unclear),0.5,hao_stateful_gemini_run05
E2L1_TCGTGGGCACGACCTG,B,B intermediate,B cells,B cell (subtype unclear),0.5,hao_stateful_gemini_run05
E2L8_CTGGCAGGTATCCCAA,NK,NK,CD8+ T cells,CD8 T cell (subtype unclear),0.0,hao_stateful_gemini_run05
E2L6_GTTTACTAGTAGTGCG,other,Platelet,Platelets,Platelet,1.0,hao_stateful_gemini_run05
E2L3_CATACCCCAGATACCT,other T,gdT,CD4+ T cells,CD4 T cell (subtype unclear),0.0,hao_stateful_gemini_run05
L1_TGTGCGGAGCTCGCAC,Mono,CD14 Mono,CD16+ Monocytes,CD16 Mono,0.5,hao_stateful_gemini_run05
E2L3_GTTGCTCAGTACCATC,CD4 T,Treg,CD4+ T cells,CD4 T cell (subtype unclear),0.5,hao_stateful_gemini_run05
L1_CAGCGTGAGCGGGTAT,CD8 T,CD8 TEM,CD8+ T cells,CD8 T cell (subtype unclear),0.5,hao_stateful_gemini_run05
L5_CAAAGAATCCATCGTC,other,Platelet,Platelets,Platelet,1.0,hao_stateful_gemini_run05
E2L4_GTAGTACGTAGGAGTC,CD4 T,Treg,CD4+ T cells,CD4 T cell (subtype unclear),0.5,hao_stateful_gemini_run05
E2L7_CCACTTGAGCTGACTT,NK,NK_CD56bright,NK cells,NK,0.5,hao_stateful_gemini_run05
E2L1_CTCAGGGCACATAACC,Mono,CD14 Mono,CD16+ Monocytes,CD16 Mono,0.5,hao_stateful_gemini_run05
E2L1_ATCACGATCGTGGAAG,Mono,CD16 Mono,CD16+ Monocytes,CD16 Mono,1.0,hao_stateful_gemini_run05
E2L1_CCTCAGTGTGGAAATT,other T,dnT,Memory/Effector T cells,T cell (CD4/CD8/other unclear),0.5,hao_stateful_gemini_run05
E2L7_ATCCACCTCGCAGTGC,CD8 T,CD8 Proliferating,Proliferating cells,Proliferating lymphocyte (lineage unclear),0.5,hao_stateful_gemini_run05
L1_CCTTTGGAGGAGGGTG,CD8 T,CD8 Naive,CD4+ T cells,CD4 T cell (subtype unclear),0.0,hao_stateful_gemini_run05
L3_GGAACCCCACTAACCA,CD4 T,CD4 Naive,CD4+ T cells,CD4 T cell (subtype unclear),0.5,hao_stateful_gemini_run05
L3_AGGAAATCATATACCG,B,B intermediate,B cells,B cell (subtype unclear),0.5,hao_stateful_gemini_run05
E2L4_ATACCTTTCAGATTGC,NK,NK,CD8+ T cells,CD8 T cell (subtype unclear),0.0,hao_stateful_gemini_run05
L4_TTACGTTCACGCACCA,CD4 T,Treg,CD4+ T cells,CD4 T cell (subtype unclear),0.5,hao_stateful_gemini_run05
L1_TCAAGACAGGCACTAG,other,HSPC,HSPC,HSPC,1.0,hao_stateful_gemini_run05
L2_AATTCCTCAGCGGTCT,other T,dnT,Memory/Effector T cells,T cell (CD4/CD8/other unclear),0.5,hao_stateful_gemini_run05
E2L3_CATGCAAAGCATCCCG,NK,NK,CD8+ T cells,CD8 T cell (subtype unclear),0.0,hao_stateful_gemini_run05
L3_GATGACTAGGGCATGT,NK,NK Proliferating,Proliferating cells,Proliferating lymphocyte (lineage unclear),0.5,hao_stateful_gemini_run05
E2L3_AGGGAGTTCTGGAGAG,B,B naive,B cells,B cell (subtype unclear),0.5,hao_stateful_gemini_run05
L3_GGTTAACAGGGAGGCA,B,B memory,B cells,B cell (subtype unclear),0.5,hao_stateful_gemini_run05
E2L1_CGTAATGTCCGAAGGA,other T,gdT,CD8+ T cells,CD8 T cell (subtype unclear),0.0,hao_stateful_gemini_run05
L5_GTCTACCTCGGATAAA,other T,MAIT,CD8+ T cells,CD8 T cell (subtype unclear),0.0,hao_stateful_gemini_run05
E2L5_TCAGTCCCACTACCCT,other,Platelet,Platelets,Platelet,1.0,hao_stateful_gemini_run05
E2L8_TACCTCGTCAAGATAG,B,B naive,B cells,B cell (subtype unclear),0.5,hao_stateful_gemini_run05
L3_GATTGGTTCATTGGTG,CD8 T,CD8 TCM,CD4+ T cells,CD4 T cell (subtype unclear),0.0,hao_stateful_gemini_run05
L1_GCCCGAACATCCTATT,other,Eryth,Erythrocytes,Eryth,1.0,hao_stateful_gemini_run05
E2L8_CTCATGCAGCGTATAA,B,B memory,B cells,B cell (subtype unclear),0.5,hao_stateful_gemini_run05
E2L3_CGGACACGTGTCTAAC,CD8 T,CD8 Naive,CD4+ T cells,CD4 T cell (subtype unclear),0.0,hao_stateful_gemini_run05
E2L4_TCCCACACATTCTCCG,CD4 T,CD4 CTL,CD8+ T cells,CD8 T cell (subtype unclear),0.0,hao_stateful_gemini_run05
L1_GAGTCATTCCCATGGG,CD4 T,CD4 TCM,CD4+ T cells,CD4 T cell (subtype unclear),0.5,hao_stateful_gemini_run05
E2L5_AGACCATGTCTTACAG,CD4 T,CD4 CTL,CD8+ T cells,CD8 T cell (subtype unclear),0.0,hao_stateful_gemini_run05
E2L5_CCACGAGCAATTCGTG,other,Platelet,Platelets,Platelet,1.0,hao_stateful_gemini_run05
L5_TTTGGTTTCCTCTAGC,CD8 T,CD8 Naive,CD4+ T cells,CD4 T cell (subtype unclear),0.0,hao_stateful_gemini_run05
E2L3_TCTATCATCGATACTG,DC,pDC,Plasmacytoid Dendritic cells,pDC,1.0,hao_stateful_gemini_run05
L1_AATGGAATCAGCAGAG,CD4 T,Treg,CD4+ T cells,CD4 T cell (subtype unclear),0.5,hao_stateful_gemini_run05
E2L6_TCATTTGGTTATGACC,NK,NK,CD8+ T cells,CD8 T cell (subtype unclear),0.0,hao_stateful_gemini_run05
E2L1_CCTATCGCAGACCCGT,Mono,CD14 Mono,CD14+ Monocytes,CD14 Mono,1.0,hao_stateful_gemini_run05
L1_TCAAGTGAGGGATCGT,B,B memory,B cells,B cell (subtype unclear),0.5,hao_stateful_gemini_run05
L5_TCGAACAGTTGCATAC,CD4 T,Treg,CD4+ T cells,CD4 T cell (subtype unclear),0.5,hao_stateful_gemini_run05
E2L1_TCACATTGTCGCTTGG,CD8 T,CD8 Naive,CD4+ T cells,CD4 T cell (subtype unclear),0.0,hao_stateful_gemini_run05
L2_AAGATAGGTGAGAGGG,Mono,CD16 Mono,CD16+ Monocytes,CD16 Mono,1.0,hao_stateful_gemini_run05
E2L5_TACCGAATCACGGAGA,other T,gdT,CD8+ T cells,CD8 T cell (subtype unclear),0.0,hao_stateful_gemini_run05
E2L6_GCCGATGGTTCTTAGG,Mono,CD16 Mono,CD16+ Monocytes,CD16 Mono,1.0,hao_stateful_gemini_run05
E2L2_AGACAAAAGGAATGTT,NK,NK Proliferating,Proliferating cells,Proliferating lymphocyte (lineage unclear),0.5,hao_stateful_gemini_run05
E2L6_AGGGAGTTCCGAGTGC,CD8 T,CD8 Proliferating,Proliferating cells,Proliferating lymphocyte (lineage unclear),0.5,hao_stateful_gemini_run05
E2L6_GGTAACTTCTGCGATA,Mono,CD16 Mono,CD16+ Monocytes,CD16 Mono,1.0,hao_stateful_gemini_run05
L2_TTCCTCTAGCACGTCC,NK,NK Proliferating,Proliferating cells,Proliferating lymphocyte (lineage unclear),0.5,hao_stateful_gemini_run05
E2L1_GTAGCTAGTAGGTAGC,other T,MAIT,CD8+ T cells,CD8 T cell (subtype unclear),0.0,hao_stateful_gemini_run05
E2L6_CATGGATTCTGTCGTC,DC,pDC,Plasmacytoid Dendritic cells,pDC,1.0,hao_stateful_gemini_run05
E2L7_TGCTTGCTCGGACGTC,DC,cDC2,CD14+ Monocytes,CD14 Mono,0.0,hao_stateful_gemini_run05
L4_TGGTGATCAAAGGTTA,CD4 T,CD4 TCM,CD4+ T cells,CD4 T cell (subtype unclear),0.5,hao_stateful_gemini_run05
L1_GATCGTACAGCTTCGG,other,HSPC,HSPC,HSPC,1.0,hao_stateful_gemini_run05
E2L6_TGATGCAGTGTGCTTA,B,Plasmablast,Plasma cells,Plasmablast,1.0,hao_stateful_gemini_run05
E2L2_CCTCTAGTCCTCAGGG,Mono,CD16 Mono,CD16+ Monocytes,CD16 Mono,1.0,hao_stateful_gemini_run05
L2_ATGTCCCCAAAGGATT,NK,NK Proliferating,Proliferating cells,Proliferating lymphocyte (lineage unclear),0.5,hao_stateful_gemini_run05
L3_CACTTCGCAGTGCGCT,CD4 T,Treg,CD4+ T cells,CD4 T cell (subtype unclear),0.5,hao_stateful_gemini_run05
E2L6_GTTAGTGAGGGAGGCA,CD8 T,CD8 Proliferating,Proliferating cells,Proliferating lymphocyte (lineage unclear),0.5,hao_stateful_gemini_run05
E2L6_AGGGCTCGTTCGTAAC,B,B intermediate,B cells,B cell (subtype unclear),0.5,hao_stateful_gemini_run05
L2_TTGATGGCAAATAAGC,other,HSPC,HSPC,HSPC,1.0,hao_stateful_gemini_run05
L1_ATCTCTAAGATGTTAG,NK,NK,CD8+ T cells,CD8 T cell (subtype unclear),0.0,hao_stateful_gemini_run05
E2L1_TCGGATACAAGGATGC,B,B intermediate,B cells,B cell (subtype unclear),0.5,hao_stateful_gemini_run05
E2L1_GATGTTGTCCTACACC,B,B memory,B cells,B cell (subtype unclear),0.5,hao_stateful_gemini_run05
L1_CGTCCATCACAGTGAG,CD4 T,Treg,CD4+ T cells,CD4 T cell (subtype unclear),0.5,hao_stateful_gemini_run05
L1_ACCTACCTCTTGGAAC,CD4 T,Treg,CD4+ T cells,CD4 T cell (subtype unclear),0.5,hao_stateful_gemini_run05
E2L5_GACACGCAGGGTACAC,Mono,CD14 Mono,CD16+ Monocytes,CD16 Mono,0.5,hao_stateful_gemini_run05
L1_TCAAGTGCAGTTGGTT,other T,dnT,CD4+ T cells,CD4 T cell (subtype unclear),0.0,hao_stateful_gemini_run05
E2L8_CACTGGGGTGTACGCC,CD4 T,CD4 Naive,CD4+ T cells,CD4 T cell (subtype unclear),0.5,hao_stateful_gemini_run05
E2L2_ATGCGATTCTTGGATG,B,B naive,B cells,B cell (subtype unclear),0.5,hao_stateful_gemini_run05
E2L7_ATTCAGGGTAATGTGA,B,B naive,B cells,B cell (subtype unclear),0.5,hao_stateful_gemini_run05
L1_ACCGTTCAGTAAATGC,CD4 T,CD4 Naive,CD4+ T cells,CD4 T cell (subtype unclear),0.5,hao_stateful_gemini_run05
E2L2_ACGGGTCAGTTCATGC,CD4 T,CD4 TCM,CD4+ T cells,CD4 T cell (subtype unclear),0.5,hao_stateful_gemini_run05
L1_CAACAGTCAGTCGTTA,B,B naive,B cells,B cell (subtype unclear),0.5,hao_stateful_gemini_run05
E2L2_ACCCTCATCGAGCTGC,Mono,CD14 Mono,CD14+ Monocytes,CD14 Mono,1.0,hao_stateful_gemini_run05
L1_GGTGATTAGCTACAAA,B,B intermediate,B cells,B cell (subtype unclear),0.5,hao_stateful_gemini_run05
L5_ATAGAGAAGGACTTCT,CD8 T,CD8 TCM,CD4+ T cells,CD4 T cell (subtype unclear),0.0,hao_stateful_gemini_run05
L2_TCGACCTTCAGCCTCT,other T,dnT,CD4+ T cells,CD4 T cell (subtype unclear),0.0,hao_stateful_gemini_run05
L4_TACGGTAAGAGCTGAC,DC,cDC2,CD14+ Monocytes,CD14 Mono,0.0,hao_stateful_gemini_run05
E2L8_ACCAAACGTTTCACTT,CD4 T,CD4 TCM,CD4+ T cells,CD4 T cell (subtype unclear),0.5,hao_stateful_gemini_run05
E2L4_GACTATGAGAAGAACG,B,B memory,B cells,B cell (subtype unclear),0.5,hao_stateful_gemini_run05
L3_GGTGTTATCGATACAC,CD4 T,CD4 Naive,CD4+ T cells,CD4 T cell (subtype unclear),0.5,hao_stateful_gemini_run05
E2L7_GTTGTCCTCTTTGCAT,DC,cDC2,CD14+ Monocytes,CD14 Mono,0.0,hao_stateful_gemini_run05
L2_AGTTAGCTCTACTGAG,other T,dnT,Memory/Effector T cells,T cell (CD4/CD8/other unclear),0.5,hao_stateful_gemini_run05
L4_TTGAGTGTCGGCTTGG,DC,pDC,Plasmacytoid Dendritic cells,pDC,1.0,hao_stateful_gemini_run05
L4_TGCGGGTAGCGCCCAT,other,HSPC,HSPC,HSPC,1.0,hao_stateful_gemini_run05
E2L8_GTGTAACCATCCGGCA,NK,NK,CD8+ T cells,CD8 T cell (subtype unclear),0.0,hao_stateful_gemini_run05
E2L4_CTCCTTTTCATCCCGT,NK,NK,CD8+ T cells,CD8 T cell (subtype unclear),0.0,hao_stateful_gemini_run05
E2L7_TCCTTCTAGAACTGAT,DC,cDC1,Conventional Dendritic cells,Dendritic cell (subtype unclear),0.5,hao_stateful_gemini_run05
E2L5_TGGAGGATCGCTGACG,other T,MAIT,CD8+ T cells,CD8 T cell (subtype unclear),0.0,hao_stateful_gemini_run05
L4_CTGCAGGCAAACCACT,CD8 T,CD8 TEM,CD4+ T cells,CD4 T cell (subtype unclear),0.0,hao_stateful_gemini_run05
E2L2_CCTTCAGTCGGCGATC,B,B memory,B cells,B cell (subtype unclear),0.5,hao_stateful_gemini_run05
L4_GGGCGTTAGACGCCCT,Mono,CD16 Mono,CD16+ Monocytes,CD16 Mono,1.0,hao_stateful_gemini_run05
E2L4_TACGCTCAGTCCCAGC,B,B intermediate,B cells,B cell (subtype unclear),0.5,hao_stateful_gemini_run05
E2L1_GGACGTCGTAAGAACT,Mono,CD16 Mono,CD16+ Monocytes,CD16 Mono,1.0,hao_stateful_gemini_run05
L4_TCCCAGTCAATTAGGA,other T,dnT,Memory/Effector T cells,T cell (CD4/CD8/other unclear),0.5,hao_stateful_gemini_run05
L4_CGAAGTTCAGTTCACA,B,B memory,B cells,B cell (subtype unclear),0.5,hao_stateful_gemini_run05
L5_TCACAAGTCGTAACAC,other T,gdT,CD4+ T cells,CD4 T cell (subtype unclear),0.0,hao_stateful_gemini_run05
L4_CCTATCGCATACATCG,other,HSPC,HSPC,HSPC,1.0,hao_stateful_gemini_run05
L1_TTTCAGTCAGAACATA,other,HSPC,HSPC,HSPC,1.0,hao_stateful_gemini_run05
E2L5_CCACTTGCATTGCCGG,B,B naive,B cells,B cell (subtype unclear),0.5,hao_stateful_gemini_run05
L4_GCGATCGGTGTTCCTC,CD4 T,Treg,CD4+ T cells,CD4 T cell (subtype unclear),0.5,hao_stateful_gemini_run05
L3_GAACGTTGTATCGAAA,CD4 T,CD4 TCM,CD4+ T cells,CD4 T cell (subtype unclear),0.5,hao_stateful_gemini_run05
E2L6_GGAGGTATCTCTGAGA,DC,cDC2,CD14+ Monocytes,CD14 Mono,0.0,hao_stateful_gemini_run05
E2L1_GTTCGCTTCCTTATAC,other,Platelet,Platelets,Platelet,1.0,hao_stateful_gemini_run05
L3_GCGAGAAGTCATCCGG,CD8 T,CD8 Proliferating,Proliferating cells,Proliferating lymphocyte (lineage unclear),0.5,hao_stateful_gemini_run05
L3_CATGGTATCATTTCGT,B,B naive,B cells,B cell (subtype unclear),0.5,hao_stateful_gemini_run05
L3_ATCGCCTGTCTTTATC,NK,NK Proliferating,Proliferating cells,Proliferating lymphocyte (lineage unclear),0.5,hao_stateful_gemini_run05
E2L2_GACTATGAGTTCTACG,CD4 T,Treg,CD4+ T cells,CD4 T cell (subtype unclear),0.5,hao_stateful_gemini_run05
L5_GCACGGTAGGTTCTTG,NK,NK Proliferating,Proliferating cells,Proliferating lymphocyte (lineage unclear),0.5,hao_stateful_gemini_run05
L1_CGGACACCAATCAGCT,other T,gdT,CD8+ T cells,CD8 T cell (subtype unclear),0.0,hao_stateful_gemini_run05
L2_CAGTTAGGTAGTGTGG,NK,NK_CD56bright,NK cells,NK,0.5,hao_stateful_gemini_run05
L3_GGGATCCAGTACTGGG,CD4 T,Treg,CD4+ T cells,CD4 T cell (subtype unclear),0.5,hao_stateful_gemini_run05
L4_ATCGTAGAGCGTTGTT,CD4 T,CD4 TCM,CD4+ T cells,CD4 T cell (subtype unclear),0.5,hao_stateful_gemini_run05
L3_TCTTGCGGTATCGATC,other,HSPC,HSPC,HSPC,1.0,hao_stateful_gemini_run05
L1_ACACTGAAGGTAAGGA,other T,dnT,Memory/Effector T cells,T cell (CD4/CD8/other unclear),0.5,hao_stateful_gemini_run05
L4_ATGCGATGTCACGACC,B,Plasmablast,Plasma cells,Plasmablast,1.0,hao_stateful_gemini_run05
E2L3_AGGGTCCGTTACCTGA,CD8 T,CD8 TEM,CD8+ T cells,CD8 T cell (subtype unclear),0.5,hao_stateful_gemini_run05
E2L3_GAGTTGTTCATCCCGT,NK,NK Proliferating,Proliferating cells,Proliferating lymphocyte (lineage unclear),0.5,hao_stateful_gemini_run05
E2L4_CAACCTCGTATCACCA,B,B memory,B cells,B cell (subtype unclear),0.5,hao_stateful_gemini_run05
E2L5_ATACCTTGTTAATGAG,CD4 T,Treg,CD4+ T cells,CD4 T cell (subtype unclear),0.5,hao_stateful_gemini_run05
L2_GTGTTAGGTGGTCTTA,B,B naive,B cells,B cell (subtype unclear),0.5,hao_stateful_gemini_run05
E2L1_TCCTTCTTCTGCGGCA,B,B memory,B cells,B cell (subtype unclear),0.5,hao_stateful_gemini_run05
E2L6_GAGTCATGTGTTTCTT,NK,NK_CD56bright,NK cells,NK,0.5,hao_stateful_gemini_run05
L2_AAACGCTCAGTAGTGG,Mono,CD16 Mono,CD16+ Monocytes,CD16 Mono,1.0,hao_stateful_gemini_run05
E2L6_CGCGTGAAGCTGTTAC,CD8 T,CD8 Naive,CD4+ T cells,CD4 T cell (subtype unclear),0.0,hao_stateful_gemini_run05
E2L8_GATGTTGGTTGCCGCA,B,B naive,B cells,B cell (subtype unclear),0.5,hao_stateful_gemini_run05
E2L3_CAGCGTGTCAGGCGAA,DC,cDC2,CD14+ Monocytes,CD14 Mono,0.0,hao_stateful_gemini_run05
E2L6_CACTTCGTCCATCAGA,NK,NK_CD56bright,NK cells,NK,0.5,hao_stateful_gemini_run05
E2L4_CTTCTCTCAGGACATG,CD4 T,Treg,CD4+ T cells,CD4 T cell (subtype unclear),0.5,hao_stateful_gemini_run05
L3_CCTATCGTCAACCTTT,other T,dnT,Memory/Effector T cells,T cell (CD4/CD8/other unclear),0.5,hao_stateful_gemini_run05
E2L3_GAGGCCTCATCCGATA,B,B memory,B cells,B cell (subtype unclear),0.5,hao_stateful_gemini_run05
E2L2_GCGGAAAAGGGAGGGT,DC,cDC2,CD14+ Monocytes,CD14 Mono,0.0,hao_stateful_gemini_run05
L2_GATCCCTCAGAACATA,CD4 T,CD4 CTL,CD8+ T cells,CD8 T cell (subtype unclear),0.0,hao_stateful_gemini_run05
E2L8_TCACTATGTGACCGTC,NK,NK_CD56bright,NK cells,NK,0.5,hao_stateful_gemini_run05
L5_TCAGGGCTCAGGTAAA,CD4 T,CD4 CTL,CD8+ T cells,CD8 T cell (subtype unclear),0.0,hao_stateful_gemini_run05
E2L8_CTGGTCTTCTCTGGTC,CD8 T,CD8 TEM,CD4+ T cells,CD4 T cell (subtype unclear),0.0,hao_stateful_gemini_run05
E2L2_CAGATCACAGGTCCCA,CD4 T,Treg,CD4+ T cells,CD4 T cell (subtype unclear),0.5,hao_stateful_gemini_run05
E2L5_GGTTAACTCAGACCTA,other,Platelet,Platelets,Platelet,1.0,hao_stateful_gemini_run05
E2L6_CGGAGAAGTACCCGAC,other T,MAIT,CD8+ T cells,CD8 T cell (subtype unclear),0.0,hao_stateful_gemini_run05
E2L6_CATGAGTCAGACATCT,other T,gdT,CD4+ T cells,CD4 T cell (subtype unclear),0.0,hao_stateful_gemini_run05
E2L8_AACGGGAAGCCATCCG,other T,gdT,CD8+ T cells,CD8 T cell (subtype unclear),0.0,hao_stateful_gemini_run05
E2L6_TGTGCGGAGGAGACCT,NK,NK,CD8+ T cells,CD8 T cell (subtype unclear),0.0,hao_stateful_gemini_run05
E2L5_GGAACCCTCAATCTTC,CD8 T,CD8 Naive,CD4+ T cells,CD4 T cell (subtype unclear),0.0,hao_stateful_gemini_run05
L2_TGAATGCCAGCATACT,CD4 T,CD4 Naive,CD4+ T cells,CD4 T cell (subtype unclear),0.5,hao_stateful_gemini_run05
E2L3_TCCATCGCAGAGTAAT,other T,MAIT,CD8+ T cells,CD8 T cell (subtype unclear),0.0,hao_stateful_gemini_run05
L1_GATGACTCAACCGTGC,CD4 T,Treg,CD4+ T cells,CD4 T cell (subtype unclear),0.5,hao_stateful_gemini_run05
E2L4_CTGTCGTCATGACAGG,other,Platelet,CD14+ Monocytes,CD14 Mono,0.0,hao_stateful_gemini_run05
L1_CTCCTTTGTGTCATGT,other T,MAIT,CD8+ T cells,CD8 T cell (subtype unclear),0.0,hao_stateful_gemini_run05
E2L6_GAGTCTACAGCTCCTT,other,Platelet,Platelets,Platelet,1.0,hao_stateful_gemini_run05
E2L8_CAACAGTGTAATCAAG,B,B intermediate,B cells,B cell (subtype unclear),0.5,hao_stateful_gemini_run05
E2L8_GTTACGAGTCTGTCAA,CD4 T,CD4 TEM,CD4+ T cells,CD4 T cell (subtype unclear),0.5,hao_stateful_gemini_run05
L4_GGAAGTGGTGTCGCTG,other T,dnT,Memory/Effector T cells,T cell (CD4/CD8/other unclear),0.5,hao_stateful_gemini_run05
L3_GGGTGTCAGAATCGCG,other,ILC,NK cells,NK,0.0,hao_stateful_gemini_run05
L2_GTTTGGACACGGAAGT,CD8 T,CD8 Naive,CD4+ T cells,CD4 T cell (subtype unclear),0.0,hao_stateful_gemini_run05
E2L7_TCATTGTAGTTCCTGA,other,Platelet,Platelets,Platelet,1.0,hao_stateful_gemini_run05
L1_CGGAATTAGCTACTAC,NK,NK,NK cells,NK,1.0,hao_stateful_gemini_run05
E2L1_GTAGAGGGTTAATCGC,other T,MAIT,CD8+ T cells,CD8 T cell (subtype unclear),0.0,hao_stateful_gemini_run05
E2L8_CATGCGGCAATGTGGG,CD4 T,CD4 Naive,CD4+ T cells,CD4 T cell (subtype unclear),0.5,hao_stateful_gemini_run05
E2L5_CCCTGATGTGTCTTGA,NK,NK_CD56bright,NK cells,NK,0.5,hao_stateful_gemini_run05
L4_ATGCGATAGCCGATTT,other T,MAIT,CD8+ T cells,CD8 T cell (subtype unclear),0.0,hao_stateful_gemini_run05
L4_ATTCTTGAGGCCCACT,CD4 T,Treg,CD4+ T cells,CD4 T cell (subtype unclear),0.5,hao_stateful_gemini_run05
E2L7_TTTCCTCCAAGTTCGT,B,B naive,B cells,B cell (subtype unclear),0.5,hao_stateful_gemini_run05
L5_TGGGCGTCAGTGGGTA,CD4 T,CD4 TCM,CD4+ T cells,CD4 T cell (subtype unclear),0.5,hao_stateful_gemini_run05
L2_AGGTAGGCATCTCCCA,CD8 T,CD8 TEM,CD4+ T cells,CD4 T cell (subtype unclear),0.0,hao_stateful_gemini_run05
E2L7_CCCGGAACAGCACAAG,CD4 T,CD4 Naive,CD4+ T cells,CD4 T cell (subtype unclear),0.5,hao_stateful_gemini_run05
L1_CAGTTCCTCTGTGCGG,CD8 T,CD8 TEM,CD8+ T cells,CD8 T cell (subtype unclear),0.5,hao_stateful_gemini_run05
L4_TCACGGGCACTGGAAG,B,B naive,B cells,B cell (subtype unclear),0.5,hao_stateful_gemini_run05
L3_CCGGACATCTTCCACG,NK,NK,CD8+ T cells,CD8 T cell (subtype unclear),0.0,hao_stateful_gemini_run05
E2L8_TATTGCTGTCTACGAT,NK,NK,CD8+ T cells,CD8 T cell (subtype unclear),0.0,hao_stateful_gemini_run05
L5_GGTTGTACAAGACGAC,other T,dnT,CD4+ T cells,CD4 T cell (subtype unclear),0.0,hao_stateful_gemini_run05
E2L2_TACATTCAGCTGTTCA,other,HSPC,HSPC,HSPC,1.0,hao_stateful_gemini_run05
E2L6_ATCGTGAAGGTTGGTG,CD4 T,CD4 TCM,CD4+ T cells,CD4 T cell (subtype unclear),0.5,hao_stateful_gemini_run05
E2L6_CTATCCGGTAGAATGT,CD8 T,CD8 TCM,CD4+ T cells,CD4 T cell (subtype unclear),0.0,hao_stateful_gemini_run05
L5_ACTTATCGTGCAGTGA,CD4 T,CD4 Naive,CD4+ T cells,CD4 T cell (subtype unclear),0.5,hao_stateful_gemini_run05
L4_TCGGTCTAGGGAACAA,DC,pDC,Plasmacytoid Dendritic cells,pDC,1.0,hao_stateful_gemini_run05
E2L6_TGTGAGTTCCCTAGGG,CD4 T,CD4 TCM,CD4+ T cells,CD4 T cell (subtype unclear),0.5,hao_stateful_gemini_run05
E2L5_TTTACTGAGTAAATGC,CD4 T,CD4 TEM,CD4+ T cells,CD4 T cell (subtype unclear),0.5,hao_stateful_gemini_run05
L5_GATCATGCAAGAGGTC,CD8 T,CD8 TCM,CD4+ T cells,CD4 T cell (subtype unclear),0.0,hao_stateful_gemini_run05
E2L2_TGGGCGTAGAGTGTGC,CD8 T,CD8 TEM,CD4+ T cells,CD4 T cell (subtype unclear),0.0,hao_stateful_gemini_run05
E2L2_TTTACTGGTAGCGAGT,CD8 T,CD8 Proliferating,Proliferating cells,Proliferating lymphocyte (lineage unclear),0.5,hao_stateful_gemini_run05
L5_CCCTTAGGTAGTCTTG,B,Plasmablast,Plasma cells,Plasmablast,1.0,hao_stateful_gemini_run05
E2L3_TCAGCAAAGGGTAATT,CD4 T,CD4 Naive,CD4+ T cells,CD4 T cell (subtype unclear),0.5,hao_stateful_gemini_run05
E2L8_TGGATCATCCTTATAC,DC,cDC2,CD14+ Monocytes,CD14 Mono,0.0,hao_stateful_gemini_run05
L4_TGTTCTATCTTGGATG,B,B naive,B cells,B cell (subtype unclear),0.5,hao_stateful_gemini_run05
E2L5_TGTGAGTCATTCTCTA,B,B intermediate,B cells,B cell (subtype unclear),0.5,hao_stateful_gemini_run05
E2L4_AGGTGTTGTCAAGCCC,CD8 T,CD8 TEM,CD8+ T cells,CD8 T cell (subtype unclear),0.5,hao_stateful_gemini_run05
E2L4_TTCTTGAAGTGAACAT,NK,NK Proliferating,Proliferating cells,Proliferating lymphocyte (lineage unclear),0.5,hao_stateful_gemini_run05
E2L6_AGGATAAAGACTACCT,other T,gdT,CD8+ T cells,CD8 T cell (subtype unclear),0.0,hao_stateful_gemini_run05
L4_ACGATCATCGAGAACG,B,Plasmablast,Plasma cells,Plasmablast,1.0,hao_stateful_gemini_run05
L2_TTACCATGTTGCCGCA,other T,MAIT,CD8+ T cells,CD8 T cell (subtype unclear),0.0,hao_stateful_gemini_run05
L1_GGTGTTAGTTAGCTAC,CD4 T,CD4 TCM,CD4+ T cells,CD4 T cell (subtype unclear),0.5,hao_stateful_gemini_run05
E2L6_GTCAAGTCATACCAGT,DC,cDC2,CD14+ Monocytes,CD14 Mono,0.0,hao_stateful_gemini_run05
L4_AGACCATCATAATCCG,DC,cDC2,CD14+ Monocytes,CD14 Mono,0.0,hao_stateful_gemini_run05
E2L7_GATCGTAGTGCATTAC,other T,MAIT,CD8+ T cells,CD8 T cell (subtype unclear),0.0,hao_stateful_gemini_run05
E2L7_ATGATCGGTGGTTTAC,NK,NK_CD56bright,NK cells,NK,0.5,hao_stateful_gemini_run05
E2L5_TCACAAGGTTGAGGAC,CD8 T,CD8 TCM,CD4+ T cells,CD4 T cell (subtype unclear),0.0,hao_stateful_gemini_run05
E2L7_GTCAAGTTCGTTCATT,DC,cDC1,Conventional Dendritic cells,Dendritic cell (subtype unclear),0.5,hao_stateful_gemini_run05
L2_CGAGTTACAACGTAAA,DC,cDC2,CD14+ Monocytes,CD14 Mono,0.0,hao_stateful_gemini_run05
E2L6_ATCGATGAGCTCCACG,CD4 T,CD4 TCM,CD4+ T cells,CD4 T cell (subtype unclear),0.5,hao_stateful_gemini_run05
E2L7_TATGTTCTCAAGCTGT,CD8 T,CD8 TEM,CD8+ T cells,CD8 T cell (subtype unclear),0.5,hao_stateful_gemini_run05
E2L6_AGACAAAGTCGCACAC,DC,pDC,Plasmacytoid Dendritic cells,pDC,1.0,hao_stateful_gemini_run05
E2L8_TGTGATGTCAAGCTGT,B,B intermediate,B cells,B cell (subtype unclear),0.5,hao_stateful_gemini_run05
E2L7_TGATCTTTCAGCAATC,NK,NK Proliferating,Proliferating cells,Proliferating lymphocyte (lineage unclear),0.5,hao_stateful_gemini_run05
E2L4_GCTGCAGAGATGGTCG,DC,pDC,Plasmacytoid Dendritic cells,pDC,1.0,hao_stateful_gemini_run05
L2_GTGAGTTGTAGTACGG,B,B naive,B cells,B cell (subtype unclear),0.5,hao_stateful_gemini_run05
E2L1_CTGCGAGTCTTGATTC,other T,MAIT,CD8+ T cells,CD8 T cell (subtype unclear),0.0,hao_stateful_gemini_run05
E2L5_GAAGCCCCACAGTCAT,CD8 T,CD8 Proliferating,Proliferating cells,Proliferating lymphocyte (lineage unclear),0.5,hao_stateful_gemini_run05
E2L6_TCATTGTTCTAGTTCT,DC,pDC,Plasmacytoid Dendritic cells,pDC,1.0,hao_stateful_gemini_run05
L2_GTCATGACAAACTCTG,other,HSPC,HSPC,HSPC,1.0,hao_stateful_gemini_run05
E2L2_AAGACAACAACTCCAA,other T,gdT,CD8+ T cells,CD8 T cell (subtype unclear),0.0,hao_stateful_gemini_run05
L5_ATGCGATGTCACGACC,B,Plasmablast,Plasma cells,Plasmablast,1.0,hao_stateful_gemini_run05
E2L5_ATTACTCAGCATCGAG,other,Eryth,Erythrocytes,Eryth,1.0,hao_stateful_gemini_run05
L1_ATTATCCTCACTTTGT,NK,NK,CD8+ T cells,CD8 T cell (subtype unclear),0.0,hao_stateful_gemini_run05
L3_TCCGAAAAGCACGTCC,other,HSPC,HSPC,HSPC,1.0,hao_stateful_gemini_run05
E2L8_TGTTGGATCTATCGGA,NK,NK,CD8+ T cells,CD8 T cell (subtype unclear),0.0,hao_stateful_gemini_run05
E2L3_AATGACCCAGAGGTTG,other T,MAIT,CD8+ T cells,CD8 T cell (subtype unclear),0.0,hao_stateful_gemini_run05
E2L2_CACACAACACTATCCC,B,Plasmablast,Plasma cells,Plasmablast,1.0,hao_stateful_gemini_run05
L4_CTCATGCAGCAGTACG,other T,dnT,Memory/Effector T cells,T cell (CD4/CD8/other unclear),0.5,hao_stateful_gemini_run05
L4_CTGGCAGCATCGTGGC,other T,gdT,CD8+ T cells,CD8 T cell (subtype unclear),0.0,hao_stateful_gemini_run05
L5_GGTCTGGCACATTACG,other T,MAIT,CD8+ T cells,CD8 T cell (subtype unclear),0.0,hao_stateful_gemini_run05
E2L4_GGACGTCTCCTCGATC,CD4 T,CD4 TCM,CD4+ T cells,CD4 T cell (subtype unclear),0.5,hao_stateful_gemini_run05
E2L2_CTAACCCGTTGTGCAT,other,Platelet,Platelets,Platelet,1.0,hao_stateful_gemini_run05
E2L4_GAGTTTGGTAGGCTCC,B,Plasmablast,Plasma cells,Plasmablast,1.0,hao_stateful_gemini_run05
E2L3_ACACGCGTCGACGATT,B,B naive,B cells,B cell (subtype unclear),0.5,hao_stateful_gemini_run05
E2L6_TTCCGGTAGTGTAGTA,DC,ASDC,CD14+ Monocytes,CD14 Mono,0.0,hao_stateful_gemini_run05
L3_GCACGGTTCTGTCGCT,CD4 T,Treg,CD4+ T cells,CD4 T cell (subtype unclear),0.5,hao_stateful_gemini_run05
L5_TAGGTTGAGCCAGAGT,CD4 T,Treg,CD4+ T cells,CD4 T cell (subtype unclear),0.5,hao_stateful_gemini_run05
L1_CCTGCATTCTGAGTCA,CD8 T,CD8 Proliferating,Proliferating cells,Proliferating lymphocyte (lineage unclear),0.5,hao_stateful_gemini_run05
L4_ACGTACATCGACGCGT,B,B intermediate,B cells,B cell (subtype unclear),0.5,hao_stateful_gemini_run05
L2_CCTACGTGTGGCTCTG,CD4 T,CD4 TEM,CD4+ T cells,CD4 T cell (subtype unclear),0.5,hao_stateful_gemini_run05
E2L8_CAATCGAAGATTGAGT,other,Platelet,Platelets,Platelet,1.0,hao_stateful_gemini_run05
L2_CACGGGTGTCGCATTA,CD8 T,CD8 Naive,CD4+ T cells,CD4 T cell (subtype unclear),0.0,hao_stateful_gemini_run05
E2L4_GGTTCTCGTCGTAATC,other,Platelet,Platelets,Platelet,1.0,hao_stateful_gemini_run05
L5_AAGCCATGTATCATGC,B,B naive,B cells,B cell (subtype unclear),0.5,hao_stateful_gemini_run05
E2L5_GTACAGTTCGAGTGGA,CD4 T,CD4 TEM,CD4+ T cells,CD4 T cell (subtype unclear),0.5,hao_stateful_gemini_run05
L2_CTACGGGAGAAGAACG,DC,cDC2,CD14+ Monocytes,CD14 Mono,0.0,hao_stateful_gemini_run05
L4_ATCATTCTCAGCTGAT,CD4 T,Treg,CD4+ T cells,CD4 T cell (subtype unclear),0.5,hao_stateful_gemini_run05
L3_GTGGAAGGTACAAGCG,B,B naive,CD16+ Monocytes,CD16 Mono,0.0,hao_stateful_gemini_run05
L1_GGATCTAGTGTCATGT,NK,NK_CD56bright,NK cells,NK,0.5,hao_stateful_gemini_run05
L1_CACTAAGCACTACCCT,CD4 T,CD4 TEM,CD4+ T cells,CD4 T cell (subtype unclear),0.5,hao_stateful_gemini_run05
L5_TGTGTGAGTCCACATA,DC,pDC,Plasmacytoid Dendritic cells,pDC,1.0,hao_stateful_gemini_run05
E2L6_GGGCTACCACCGTGCA,B,B intermediate,B cells,B cell (subtype unclear),0.5,hao_stateful_gemini_run05
E2L4_CTGTATTCAGGCACTC,B,Plasmablast,Plasma cells,Plasmablast,1.0,hao_stateful_gemini_run05
E2L4_ACGATCATCGCGGTAC,B,Plasmablast,Plasma cells,Plasmablast,1.0,hao_stateful_gemini_run05
L2_ACTGCAATCGGAGTAG,CD8 T,CD8 Naive,CD4+ T cells,CD4 T cell (subtype unclear),0.0,hao_stateful_gemini_run05
E2L6_AAAGGGCAGTCGAATA,other,Platelet,Platelets,Platelet,1.0,hao_stateful_gemini_run05
L5_GATTGGTGTCGAGTGA,CD4 T,CD4 TEM,CD4+ T cells,CD4 T cell (subtype unclear),0.5,hao_stateful_gemini_run05
E2L7_TCAGCAATCCGATGCG,B,B memory,B cells,B cell (subtype unclear),0.5,hao_stateful_gemini_run05
E2L2_CTGATCCGTCGTCATA,Mono,CD14 Mono,CD16+ Monocytes,CD16 Mono,0.5,hao_stateful_gemini_run05
E2L7_TCGAAGTGTGTTTACG,CD4 T,CD4 TCM,CD4+ T cells,CD4 T cell (subtype unclear),0.5,hao_stateful_gemini_run05
L2_TGATGGTAGCCTAGGA,other T,dnT,CD4+ T cells,CD4 T cell (subtype unclear),0.0,hao_stateful_gemini_run05
E2L1_CGAAGTTTCCTCACCA,CD4 T,CD4 TEM,CD4+ T cells,CD4 T cell (subtype unclear),0.5,hao_stateful_gemini_run05
E2L7_GTAAGTCTCTGTCTCG,B,B intermediate,B cells,B cell (subtype unclear),0.5,hao_stateful_gemini_run05
E2L3_TTTCCTCTCCCTTTGG,DC,pDC,Plasmacytoid Dendritic cells,pDC,1.0,hao_stateful_gemini_run05
L3_ACTATTCAGGCCTGCT,NK,NK_CD56bright,NK cells,NK,0.5,hao_stateful_gemini_run05
E2L3_GGCGTCACAGACATCT,B,B memory,B cells,B cell (subtype unclear),0.5,hao_stateful_gemini_run05
E2L3_TGCGGGTTCTAGTTCT,B,Plasmablast,Plasma cells,Plasmablast,1.0,hao_stateful_gemini_run05
E2L6_CGACAGCAGCTTCATG,B,B memory,B cells,B cell (subtype unclear),0.5,hao_stateful_gemini_run05
E2L4_ATTTACCTCAGCGCGT,DC,pDC,Plasmacytoid Dendritic cells,pDC,1.0,hao_stateful_gemini_run05
L2_TTCATGTTCCTAGAGT,other,HSPC,HSPC,HSPC,1.0,hao_stateful_gemini_run05
E2L4_CGGAATTAGTGGAATT,B,B intermediate,B cells,B cell (subtype unclear),0.5,hao_stateful_gemini_run05
L2_TGAATCGCAGTGGCTC,other T,dnT,CD4+ T cells,CD4 T cell (subtype unclear),0.0,hao_stateful_gemini_run05
L4_GTGAGCCAGACTCGAG,CD8 T,CD8 TCM,CD4+ T cells,CD4 T cell (subtype unclear),0.0,hao_stateful_gemini_run05
L5_GAAGAATAGATGACCG,CD8 T,CD8 TCM,CD4+ T cells,CD4 T cell (subtype unclear),0.0,hao_stateful_gemini_run05
E2L6_GGCTTTCCAGGCGAAT,NK,NK Proliferating,Proliferating cells,Proliferating lymphocyte (lineage unclear),0.5,hao_stateful_gemini_run05
E2L3_CTCCTTTTCGAACGCC,CD8 T,CD8 TEM,CD8+ T cells,CD8 T cell (subtype unclear),0.5,hao_stateful_gemini_run05
E2L2_GGCTTGGAGGGACAGG,CD4 T,CD4 CTL,CD8+ T cells,CD8 T cell (subtype unclear),0.0,hao_stateful_gemini_run05
E2L7_AGCATCAGTTTCGTTT,B,Plasmablast,Plasma cells,Plasmablast,1.0,hao_stateful_gemini_run05
E2L4_TATCAGGGTGCAAGAC,NK,NK_CD56bright,NK cells,NK,0.5,hao_stateful_gemini_run05
L4_CTCCACAAGTGTAGTA,CD8 T,CD8 Naive,CD4+ T cells,CD4 T cell (subtype unclear),0.0,hao_stateful_gemini_run05
L3_GTGCTTCCAAGTGGCA,Mono,CD16 Mono,CD16+ Monocytes,CD16 Mono,1.0,hao_stateful_gemini_run05
E2L3_TTGCCTGCATGTGCTA,other T,MAIT,CD8+ T cells,CD8 T cell (subtype unclear),0.0,hao_stateful_gemini_run05
E2L3_AAACGCTAGGTCGTCC,NK,NK_CD56bright,NK cells,NK,0.5,hao_stateful_gemini_run05
L1_GAGACCCTCGCGTGCA,CD8 T,CD8 TCM,CD4+ T cells,CD4 T cell (subtype unclear),0.0,hao_stateful_gemini_run05
L1_GTAATCGGTGGTAACG,B,B naive,B cells,B cell (subtype unclear),0.5,hao_stateful_gemini_run05
E2L5_CAACCTCCAAACAGGC,DC,cDC2,CD14+ Monocytes,CD14 Mono,0.0,hao_stateful_gemini_run05
E2L8_TAACTTCAGTGCTACT,B,B intermediate,B cells,B cell (subtype unclear),0.5,hao_stateful_gemini_run05
E2L3_TGATTTCAGCACCGAA,CD8 T,CD8 TEM,CD8+ T cells,CD8 T cell (subtype unclear),0.5,hao_stateful_gemini_run05
E2L8_GGATCTATCTGTCGTC,B,B intermediate,B cells,B cell (subtype unclear),0.5,hao_stateful_gemini_run05
E2L7_TTCCAATGTTCTTCAT,NK,NK_CD56bright,NK cells,NK,0.5,hao_stateful_gemini_run05
E2L3_CACGAATTCTGGCCTT,other,Platelet,Platelets,Platelet,1.0,hao_stateful_gemini_run05
L3_GTGGCGTAGTTGCCTA,DC,cDC1,Conventional Dendritic cells,Dendritic cell (subtype unclear),0.5,hao_stateful_gemini_run05
L3_CACTTCGAGCCTCAGC,NK,NK Proliferating,Proliferating cells,Proliferating lymphocyte (lineage unclear),0.5,hao_stateful_gemini_run05
L5_GTCAAACGTCAACATC,CD4 T,Treg,CD4+ T cells,CD4 T cell (subtype unclear),0.5,hao_stateful_gemini_run05
E2L1_ATCAGGTTCACTGGTA,other,Platelet,Platelets,Platelet,1.0,hao_stateful_gemini_run05
E2L3_GAGGCAAGTCGTTTCC,B,B memory,B cells,B cell (subtype unclear),0.5,hao_stateful_gemini_run05
E2L8_GATTGGTCAAAGGCTG,Mono,CD16 Mono,CD16+ Monocytes,CD16 Mono,1.0,hao_stateful_gemini_run05
E2L3_GAGCCTGCAAAGCTCT,other,Platelet,Platelets,Platelet,1.0,hao_stateful_gemini_run05
L5_AGGTTGTAGCTTCATG,CD8 T,CD8 Naive,CD4+ T cells,CD4 T cell (subtype unclear),0.0,hao_stateful_gemini_run05
L2_ATACCGAAGAAACTCA,CD4 T,CD4 CTL,CD8+ T cells,CD8 T cell (subtype unclear),0.0,hao_stateful_gemini_run05
E2L8_TGAGGAGAGATCCAAA,other,ILC,CD4+ T cells,CD4 T cell (subtype unclear),0.0,hao_stateful_gemini_run05
L3_TTGTTTGTCTGGCCGA,other,ILC,CD4+ T cells,CD4 T cell (subtype unclear),0.0,hao_stateful_gemini_run05
E2L5_AGTACTGGTGTTCGAT,B,B naive,B cells,B cell (subtype unclear),0.5,hao_stateful_gemini_run05
E2L8_CCTCACAAGCTTTCCC,NK,NK Proliferating,Proliferating cells,Proliferating lymphocyte (lineage unclear),0.5,hao_stateful_gemini_run05
E2L6_AGAGAGCAGTCCTGTA,NK,NK_CD56bright,NK cells,NK,0.5,hao_stateful_gemini_run05
E2L1_GCCATTCGTACGATGG,DC,cDC2,CD14+ Monocytes,CD14 Mono,0.0,hao_stateful_gemini_run05
E2L2_CGATGGCTCAGCTGAT,DC,cDC2,CD14+ Monocytes,CD14 Mono,0.0,hao_stateful_gemini_run05
L2_TCTGGCTGTGCATTTG,other T,MAIT,CD8+ T cells,CD8 T cell (subtype unclear),0.0,hao_stateful_gemini_run05
E2L6_CAAGGGATCTAGAGCT,NK,NK Proliferating,Proliferating cells,Proliferating lymphocyte (lineage unclear),0.5,hao_stateful_gemini_run05
E2L6_TACCTGCAGACATGCG,other,Platelet,CD8+ T cells,CD8 T cell (subtype unclear),0.0,hao_stateful_gemini_run05
L4_AGTCTCCCAGCAGACA,B,Plasmablast,Plasma cells,Plasmablast,1.0,hao_stateful_gemini_run05
E2L2_ACCAAACAGTCAACAA,B,B intermediate,B cells,B cell (subtype unclear),0.5,hao_stateful_gemini_run05
E2L5_CAGATTGAGGCCTTGC,B,B intermediate,B cells,B cell (subtype unclear),0.5,hao_stateful_gemini_run05
E2L3_CGGTCAGAGTGCAAAT,Mono,CD16 Mono,CD16+ Monocytes,CD16 Mono,1.0,hao_stateful_gemini_run05
E2L3_GCCGTGATCGCCGAGT,NK,NK_CD56bright,NK cells,NK,0.5,hao_stateful_gemini_run05
E2L4_TGAGGTTCAATCGTCA,other T,MAIT,CD8+ T cells,CD8 T cell (subtype unclear),0.0,hao_stateful_gemini_run05
E2L2_GGAAGTGAGGCCGCTT,CD8 T,CD8 TEM,CD8+ T cells,CD8 T cell (subtype unclear),0.5,hao_stateful_gemini_run05
E2L7_GTCAAGTGTCCTACGG,CD4 T,CD4 Naive,CD4+ T cells,CD4 T cell (subtype unclear),0.5,hao_stateful_gemini_run05
E2L4_CATTCATCATGAGTAA,B,B memory,B cells,B cell (subtype unclear),0.5,hao_stateful_gemini_run05
E2L1_CAGTTCCTCTCATGGA,other T,gdT,CD4+ T cells,CD4 T cell (subtype unclear),0.0,hao_stateful_gemini_run05
E2L4_AAACCCAGTAGGTCAG,CD4 T,CD4 TEM,CD4+ T cells,CD4 T cell (subtype unclear),0.5,hao_stateful_gemini_run05
E2L2_CCTATCGCAGCTGAAG,other,HSPC,HSPC,HSPC,1.0,hao_stateful_gemini_run05
L3_ACTGTGAGTGGAAATT,other T,dnT,Memory/Effector T cells,T cell (CD4/CD8/other unclear),0.5,hao_stateful_gemini_run05
E2L4_ACGGAAGAGGACTAAT,CD8 T,CD8 TEM,CD4+ T cells,CD4 T cell (subtype unclear),0.0,hao_stateful_gemini_run05
E2L6_ACGGAAGGTACCTTCC,DC,cDC2,CD14+ Monocytes,CD14 Mono,0.0,hao_stateful_gemini_run05
L1_CAGGGCTCACGCGTGT,NK,NK_CD56bright,NK cells,NK,0.5,hao_stateful_gemini_run05
E2L4_AACAGGGAGTGGATTA,NK,NK Proliferating,Proliferating cells,Proliferating lymphocyte (lineage unclear),0.5,hao_stateful_gemini_run05
E2L6_ACTTCGCAGGAGAGGC,other,Platelet,Platelets,Platelet,1.0,hao_stateful_gemini_run05
L2_GGGCTCATCAGTAGGG,CD8 T,CD8 TCM,CD4+ T cells,CD4 T cell (subtype unclear),0.0,hao_stateful_gemini_run05
E2L6_TCGTCCAAGGGAGAAT,CD4 T,CD4 TEM,CD4+ T cells,CD4 T cell (subtype unclear),0.5,hao_stateful_gemini_run05
E2L8_ACACCAAGTAGAATAC,Mono,CD14 Mono,CD16+ Monocytes,CD16 Mono,0.5,hao_stateful_gemini_run05
E2L1_TGGTTAGCACATACGT,B,B naive,B cells,B cell (subtype unclear),0.5,hao_stateful_gemini_run05
E2L5_TCTGCCATCTCTATAC,NK,NK,CD8+ T cells,CD8 T cell (subtype unclear),0.0,hao_stateful_gemini_run05
E2L5_TGGTGATCATTGCCGG,other T,gdT,CD8+ T cells,CD8 T cell (subtype unclear),0.0,hao_stateful_gemini_run05
E2L6_TCAATCTGTTGCGAAG,B,B naive,B cells,B cell (subtype unclear),0.5,hao_stateful_gemini_run05
E2L8_AGTCTCCGTCGATTAC,NK,NK,CD8+ T cells,CD8 T cell (subtype unclear),0.0,hao_stateful_gemini_run05
E2L7_GGTTCTCCAAGTGCAG,NK,NK_CD56bright,NK cells,NK,0.5,hao_stateful_gemini_run05
L4_TCGCAGGGTTGCTGAT,B,Plasmablast,Plasma cells,Plasmablast,1.0,hao_stateful_gemini_run05
E2L3_ATATCCTTCCCAGGCA,DC,cDC2,CD14+ Monocytes,CD14 Mono,0.0,hao_stateful_gemini_run05
L4_AGCGCTGTCACGAACT,CD4 T,Treg,CD4+ T cells,CD4 T cell (subtype unclear),0.5,hao_stateful_gemini_run05
L4_ACGATGTAGCTTGTTG,B,Plasmablast,Plasma cells,Plasmablast,1.0,hao_stateful_gemini_run05
E2L6_GCTGCAGCAGCGACAA,B,B naive,B cells,B cell (subtype unclear),0.5,hao_stateful_gemini_run05
E2L4_AAGCCATCAATGCTCA,CD8 T,CD8 TEM,CD8+ T cells,CD8 T cell (subtype unclear),0.5,hao_stateful_gemini_run05
E2L3_CTTCTAAAGTTGGAGC,NK,NK_CD56bright,NK cells,NK,0.5,hao_stateful_gemini_run05
E2L7_CTCAAGATCGTCACCT,B,Plasmablast,Plasma cells,Plasmablast,1.0,hao_stateful_gemini_run05
L2_CGGACACAGCTTCGTA,CD4 T,CD4 TEM,CD4+ T cells,CD4 T cell (subtype unclear),0.5,hao_stateful_gemini_run05
E2L5_TGGAACTCAGGAGACT,CD4 T,CD4 Proliferating,Proliferating cells,Proliferating lymphocyte (lineage unclear),0.5,hao_stateful_gemini_run05
E2L5_AAGAACAGTTACGATC,B,Plasmablast,Plasma cells,Plasmablast,1.0,hao_stateful_gemini_run05
L2_CCTTGTGTCTTCGATT,NK,NK_CD56bright,NK cells,NK,0.5,hao_stateful_gemini_run05
E2L6_ATAGGCTGTCTGGTTA,Mono,CD14 Mono,CD14+ Monocytes,CD14 Mono,1.0,hao_stateful_gemini_run05
E2L4_TAAGCGTGTTCGTAAC,other,ILC,NK cells,NK,0.0,hao_stateful_gemini_run05
L3_GACTGATAGACTAAGT,CD4 T,CD4 CTL,CD8+ T cells,CD8 T cell (subtype unclear),0.0,hao_stateful_gemini_run05
E2L1_ACATCGAAGAGATCGC,CD4 T,CD4 Proliferating,Proliferating cells,Proliferating lymphocyte (lineage unclear),0.5,hao_stateful_gemini_run05
L4_GCACTAATCCGACGGT,NK,NK_CD56bright,NK cells,NK,0.5,hao_stateful_gemini_run05
L2_TGCGACGTCCTTATAC,CD4 T,CD4 TEM,CD4+ T cells,CD4 T cell (subtype unclear),0.5,hao_stateful_gemini_run05
E2L6_TATCTTGCAGTCTTCC,B,B naive,B cells,B cell (subtype unclear),0.5,hao_stateful_gemini_run05
E2L4_GGTTGTATCTCGTCAC,B,Plasmablast,Plasma cells,Plasmablast,1.0,hao_stateful_gemini_run05
L2_GTCCTCAAGCGTCTGC,CD4 T,CD4 TEM,CD4+ T cells,CD4 T cell (subtype unclear),0.5,hao_stateful_gemini_run05
E2L8_CCATAAGGTTAATGAG,CD4 T,CD4 Naive,CD4+ T cells,CD4 T cell (subtype unclear),0.5,hao_stateful_gemini_run05
E2L5_GTTCGCTTCGTAGTCA,DC,cDC2,CD14+ Monocytes,CD14 Mono,0.0,hao_stateful_gemini_run05
E2L3_AGGGCTCTCTCGAGTA,Mono,CD16 Mono,CD16+ Monocytes,CD16 Mono,1.0,hao_stateful_gemini_run05
L1_GTGCACGAGACCCGCT,other,HSPC,HSPC,HSPC,1.0,hao_stateful_gemini_run05
E2L6_GGGTGAACAAGGAGTC,B,Plasmablast,Plasma cells,Plasmablast,1.0,hao_stateful_gemini_run05
L4_CCTGTTGCAGATACTC,CD4 T,CD4 Naive,CD4+ T cells,CD4 T cell (subtype unclear),0.5,hao_stateful_gemini_run05
E2L5_TGGGAGAAGGATGTTA,other,Platelet,Platelets,Platelet,1.0,hao_stateful_gemini_run05
L2_GACTATGTCTCGAGTA,NK,NK,CD8+ T cells,CD8 T cell (subtype unclear),0.0,hao_stateful_gemini_run05
L2_CAGCAGCGTTGTTGCA,CD4 T,CD4 Naive,CD4+ T cells,CD4 T cell (subtype unclear),0.5,hao_stateful_gemini_run05
E2L2_AGAGAGCTCGCTTGCT,DC,pDC,Plasmacytoid Dendritic cells,pDC,1.0,hao_stateful_gemini_run05
E2L2_CTGATCCCAAAGGGTC,CD4 T,CD4 TCM,CD4+ T cells,CD4 T cell (subtype unclear),0.5,hao_stateful_gemini_run05
L3_ACATGCATCCTCGCAT,other T,dnT,CD4+ T cells,CD4 T cell (subtype unclear),0.0,hao_stateful_gemini_run05
L3_CTCTGGTTCCTTTGAT,CD4 T,CD4 Proliferating,Proliferating cells,Proliferating lymphocyte (lineage unclear),0.5,hao_stateful_gemini_run05
E2L2_ATACCGACACAGCATT,Mono,CD16 Mono,CD16+ Monocytes,CD16 Mono,1.0,hao_stateful_gemini_run05
L5_GGCACGTCAATAGTGA,DC,cDC2,CD14+ Monocytes,CD14 Mono,0.0,hao_stateful_gemini_run05
E2L7_CTCATGCAGTCTGCAT,CD4 T,CD4 TEM,CD4+ T cells,CD4 T cell (subtype unclear),0.5,hao_stateful_gemini_run05
E2L6_TCAAGCAAGTCAGCCC,NK,NK_CD56bright,NK cells,NK,0.5,hao_stateful_gemini_run05
E2L5_TTGCGTCCATCATTTC,NK,NK_CD56bright,NK cells,NK,0.5,hao_stateful_gemini_run05
L1_TCTTGCGTCGGAATTC,CD4 T,CD4 Naive,CD4+ T cells,CD4 T cell (subtype unclear),0.5,hao_stateful_gemini_run05
L2_GCCTGTTTCGGAGATG,other T,MAIT,CD8+ T cells,CD8 T cell (subtype unclear),0.0,hao_stateful_gemini_run05
L3_ATGGATCAGACTTCGT,NK,NK Proliferating,Proliferating cells,Proliferating lymphocyte (lineage unclear),0.5,hao_stateful_gemini_run05
L5_GATGTTGAGAGAGGTA,CD4 T,Treg,CD4+ T cells,CD4 T cell (subtype unclear),0.5,hao_stateful_gemini_run05
E2L8_GTTACCCGTTCCCACT,other T,gdT,CD8+ T cells,CD8 T cell (subtype unclear),0.0,hao_stateful_gemini_run05
E2L7_CAGATCAAGATGTAGT,CD4 T,CD4 CTL,CD8+ T cells,CD8 T cell (subtype unclear),0.0,hao_stateful_gemini_run05
L1_GCCTGTTTCCACTTCG,other T,MAIT,CD8+ T cells,CD8 T cell (subtype unclear),0.0,hao_stateful_gemini_run05
E2L2_TGTGCGGAGCTGCCTG,B,B memory,B cells,B cell (subtype unclear),0.5,hao_stateful_gemini_run05
E2L7_CATGAGTGTGGTTCTA,DC,pDC,Plasmacytoid Dendritic cells,pDC,1.0,hao_stateful_gemini_run05
E2L6_GACCAATCAAGACGAC,B,B memory,B cells,B cell (subtype unclear),0.5,hao_stateful_gemini_run05
E2L3_ATCTCTATCTTAATCC,DC,pDC,Plasmacytoid Dendritic cells,pDC,1.0,hao_stateful_gemini_run05
L4_CGTCCATCAAATCGGG,CD8 T,CD8 TCM,CD4+ T cells,CD4 T cell (subtype unclear),0.0,hao_stateful_gemini_run05
E2L7_TGCATCCGTCAGTCCG,B,Plasmablast,Plasma cells,Plasmablast,1.0,hao_stateful_gemini_run05
E2L4_GTTGCTCCAGCTGCCA,Mono,CD16 Mono,CD16+ Monocytes,CD16 Mono,1.0,hao_stateful_gemini_run05
E2L4_GGTGAAGAGCAATAGT,other,HSPC,HSPC,HSPC,1.0,hao_stateful_gemini_run05
E2L1_TTCCACGAGTAGGCCA,CD8 T,CD8 TCM,CD4+ T cells,CD4 T cell (subtype unclear),0.0,hao_stateful_gemini_run05
L2_TGTACAGAGGTCACAG,other T,gdT,CD4+ T cells,CD4 T cell (subtype unclear),0.0,hao_stateful_gemini_run05
E2L5_CATTGAGAGAGGTCAC,CD8 T,CD8 Proliferating,Proliferating cells,Proliferating lymphocyte (lineage unclear),0.5,hao_stateful_gemini_run05
E2L3_CCAATTTGTTTAGTCG,B,B intermediate,B cells,B cell (subtype unclear),0.5,hao_stateful_gemini_run05
E2L2_AGGAGGTAGCGTTACT,CD4 T,CD4 TEM,CD8+ T cells,CD8 T cell (subtype unclear),0.0,hao_stateful_gemini_run05
E2L8_GGTGAAGTCTCAATCT,CD4 T,CD4 Naive,CD4+ T cells,CD4 T cell (subtype unclear),0.5,hao_stateful_gemini_run05
L4_TTTGACTGTTCTCTCG,other,HSPC,HSPC,HSPC,1.0,hao_stateful_gemini_run05
E2L2_ATTCATCAGTGGCAGT,other T,MAIT,CD8+ T cells,CD8 T cell (subtype unclear),0.0,hao_stateful_gemini_run05
E2L6_GCCAGTGAGGGCTTCC,CD8 T,CD8 TEM,CD8+ T cells,CD8 T cell (subtype unclear),0.5,hao_stateful_gemini_run05
L2_TCGGGTGTCCCAAGTA,other,HSPC,HSPC,HSPC,1.0,hao_stateful_gemini_run05
E2L7_GCCGTGACACTCTCGT,other,Platelet,Platelets,Platelet,1.0,hao_stateful_gemini_run05
E2L4_CGGAACCTCTGAGTCA,B,Plasmablast,Plasma cells,Plasmablast,1.0,hao_stateful_gemini_run05
L1_GTCGAATCAATGGCCC,CD4 T,CD4 TCM,CD4+ T cells,CD4 T cell (subtype unclear),0.5,hao_stateful_gemini_run05
E2L5_TACTTACTCTCTGACC,B,B intermediate,B cells,B cell (subtype unclear),0.5,hao_stateful_gemini_run05
L1_TGAATCGGTAAGAACT,CD4 T,Treg,CD4+ T cells,CD4 T cell (subtype unclear),0.5,hao_stateful_gemini_run05
L1_CGGAACCGTGTCCGGT,CD8 T,CD8 Naive,CD4+ T cells,CD4 T cell (subtype unclear),0.0,hao_stateful_gemini_run05
E2L1_CTCCTCCTCATTGTTC,Mono,CD14 Mono,CD14+ Monocytes,CD14 Mono,1.0,hao_stateful_gemini_run05
L4_TTCCGGTCATGAGAAT,B,Plasmablast,Plasma cells,Plasmablast,1.0,hao_stateful_gemini_run05
E2L4_TCGTAGATCGGAGCAA,other T,dnT,Memory/Effector T cells,T cell (CD4/CD8/other unclear),0.5,hao_stateful_gemini_run05
L3_GGGACCTGTCTAGATC,CD8 T,CD8 TCM,CD4+ T cells,CD4 T cell (subtype unclear),0.0,hao_stateful_gemini_run05
E2L1_GCCGATGTCTGGGAGA,other,Platelet,Platelets,Platelet,1.0,hao_stateful_gemini_run05
L1_CCAATGAAGCGTGTTT,B,B naive,B cells,B cell (subtype unclear),0.5,hao_stateful_gemini_run05
L4_TCGGGACCAAGACTGG,CD4 T,Treg,CD4+ T cells,CD4 T cell (subtype unclear),0.5,hao_stateful_gemini_run05
L5_TGCGGCATCTTGAACG,CD8 T,CD8 Naive,CD4+ T cells,CD4 T cell (subtype unclear),0.0,hao_stateful_gemini_run05
E2L7_GGACGTCTCTTGCAAG,CD8 T,CD8 TEM,CD4+ T cells,CD4 T cell (subtype unclear),0.0,hao_stateful_gemini_run05
E2L5_GTGCTTCTCGACCTAA,NK,NK Proliferating,Proliferating cells,Proliferating lymphocyte (lineage unclear),0.5,hao_stateful_gemini_run05
L5_CAATACGTCACGGACC,CD4 T,CD4 CTL,CD8+ T cells,CD8 T cell (subtype unclear),0.0,hao_stateful_gemini_run05
L3_ATAGAGATCGTAGGAG,CD4 T,CD4 TEM,CD4+ T cells,CD4 T cell (subtype unclear),0.5,hao_stateful_gemini_run05
E2L5_CGCCATTAGAGCAGTC,CD4 T,CD4 Naive,CD4+ T cells,CD4 T cell (subtype unclear),0.5,hao_stateful_gemini_run05
E2L3_TTCGATTTCTGCGGCA,other T,gdT,CD8+ T cells,CD8 T cell (subtype unclear),0.0,hao_stateful_gemini_run05
E2L8_CTCAATTGTACTGCGC,other,Platelet,Platelets,Platelet,1.0,hao_stateful_gemini_run05
E2L7_GTTAGTGGTAGCTGAG,CD4 T,CD4 Proliferating,Proliferating cells,Proliferating lymphocyte (lineage unclear),0.5,hao_stateful_gemini_run05
E2L3_TGCTTCGCATTCTTCA,Mono,CD14 Mono,CD16+ Monocytes,CD16 Mono,0.5,hao_stateful_gemini_run05
E2L4_CTCAGGGTCGACTCCT,DC,cDC2,CD14+ Monocytes,CD14 Mono,0.0,hao_stateful_gemini_run05
E2L8_ACTATGGGTCTTACTT,B,B memory,B cells,B cell (subtype unclear),0.5,hao_stateful_gemini_run05
E2L4_ACTGTGAAGCATCTTG,CD8 T,CD8 TEM,CD8+ T cells,CD8 T cell (subtype unclear),0.5,hao_stateful_gemini_run05
E2L7_GCCAGCAGTTAATGAG,other T,MAIT,CD8+ T cells,CD8 T cell (subtype unclear),0.0,hao_stateful_gemini_run05
E2L7_ACCATTTCAGGAGACT,B,B intermediate,B cells,B cell (subtype unclear),0.5,hao_stateful_gemini_run05
E2L2_TGGGCGTGTATGACAA,Mono,CD16 Mono,CD16+ Monocytes,CD16 Mono,1.0,hao_stateful_gemini_run05
E2L6_GATTGGTGTCCATCTC,other,Platelet,Platelets,Platelet,1.0,hao_stateful_gemini_run05
L4_GATTGGTTCCTCACGT,B,B intermediate,B cells,B cell (subtype unclear),0.5,hao_stateful_gemini_run05
E2L6_AACAAGACAGACAATA,NK,NK,CD8+ T cells,CD8 T cell (subtype unclear),0.0,hao_stateful_gemini_run05
L4_TTTAGTCAGTCATAGA,other T,dnT,Memory/Effector T cells,T cell (CD4/CD8/other unclear),0.5,hao_stateful_gemini_run05
L1_AGACTCACATCGGTTA,DC,pDC,Plasmacytoid Dendritic cells,pDC,1.0,hao_stateful_gemini_run05
L4_CTGGACGCACCTCTGT,NK,NK,CD8+ T cells,CD8 T cell (subtype unclear),0.0,hao_stateful_gemini_run05
E2L1_CTTCGGTCAACCGCTG,Mono,CD16 Mono,CD16+ Monocytes,CD16 Mono,1.0,hao_stateful_gemini_run05
E2L5_GGAACCCAGCCGCTTG,NK,NK Proliferating,Proliferating cells,Proliferating lymphocyte (lineage unclear),0.5,hao_stateful_gemini_run05
E2L6_GTGTGGCAGTTGGCTT,DC,pDC,Plasmacytoid Dendritic cells,pDC,1.0,hao_stateful_gemini_run05
E2L4_TAGGAGGCAGGACGAT,CD4 T,CD4 Naive,CD4+ T cells,CD4 T cell (subtype unclear),0.5,hao_stateful_gemini_run05
E2L6_GGGCTACGTGGAATGC,Mono,CD16 Mono,CD16+ Monocytes,CD16 Mono,1.0,hao_stateful_gemini_run05
L1_GACCGTGGTTCTTCAT,other,HSPC,HSPC,HSPC,1.0,hao_stateful_gemini_run05
L3_ATCTCTAGTTTCCAAG,Mono,CD14 Mono,CD16+ Monocytes,CD16 Mono,0.5,hao_stateful_gemini_run05
L1_CGGTCAGGTCGTGTTA,NK,NK,CD8+ T cells,CD8 T cell (subtype unclear),0.0,hao_stateful_gemini_run05
E2L3_ATCGTGACAGGCTACC,CD8 T,CD8 TCM,CD4+ T cells,CD4 T cell (subtype unclear),0.0,hao_stateful_gemini_run05
L5_GCAGTTAGTGTCTTGA,CD4 T,CD4 TEM,CD4+ T cells,CD4 T cell (subtype unclear),0.5,hao_stateful_gemini_run05
L2_GTAATGCGTACTCCGG,NK,NK_CD56bright,NK cells,NK,0.5,hao_stateful_gemini_run05
L3_GACTTCCAGGAAACGA,Mono,CD16 Mono,CD16+ Monocytes,CD16 Mono,1.0,hao_stateful_gemini_run05
L2_CAAGACTAGCATTTGC,B,Plasmablast,Plasma cells,Plasmablast,1.0,hao_stateful_gemini_run05
L5_TCAGTCCGTTGGGTAG,CD4 T,CD4 Proliferating,Proliferating cells,Proliferating lymphocyte (lineage unclear),0.5,hao_stateful_gemini_run05
L4_GTTTGGAAGTTAGTAG,CD4 T,Treg,CD4+ T cells,CD4 T cell (subtype unclear),0.5,hao_stateful_gemini_run05
L2_CATCAAGTCGCGGACT,NK,NK Proliferating,Proliferating cells,Proliferating lymphocyte (lineage unclear),0.5,hao_stateful_gemini_run05
E2L6_GAGTTACCAGCTTTCC,DC,cDC2,CD14+ Monocytes,CD14 Mono,0.0,hao_stateful_gemini_run05
E2L8_TTTACTGGTATCGTAC,CD8 T,CD8 TCM,CD4+ T cells,CD4 T cell (subtype unclear),0.0,hao_stateful_gemini_run05
E2L7_GGCAGTCCACACCAGC,NK,NK,CD8+ T cells,CD8 T cell (subtype unclear),0.0,hao_stateful_gemini_run05
E2L5_GTTGAACAGGAAGTAG,CD4 T,Treg,CD4+ T cells,CD4 T cell (subtype unclear),0.5,hao_stateful_gemini_run05
L3_AACGTCACATCGTTCC,CD4 T,CD4 TEM,CD8+ T cells,CD8 T cell (subtype unclear),0.0,hao_stateful_gemini_run05
L3_TCACTATAGTGAATAC,other T,MAIT,CD8+ T cells,CD8 T cell (subtype unclear),0.0,hao_stateful_gemini_run05
E2L3_AACGAAAAGATGCTAA,B,B intermediate,B cells,B cell (subtype unclear),0.5,hao_stateful_gemini_run05
L2_AATGCCAGTCCGTTTC,Mono,CD14 Mono,CD16+ Monocytes,CD16 Mono,0.5,hao_stateful_gemini_run05
L1_TCCCATGAGAGCCCAA,CD8 T,CD8 TCM,CD4+ T cells,CD4 T cell (subtype unclear),0.0,hao_stateful_gemini_run05
E2L2_GTTGTCCAGATGAAGG,other,Platelet,Platelets,Platelet,1.0,hao_stateful_gemini_run05
E2L8_TACGGTAAGTTGCTCA,B,Plasmablast,Plasma cells,Plasmablast,1.0,hao_stateful_gemini_run05
L3_GCCGATGAGGTGGTTG,CD4 T,Treg,CD4+ T cells,CD4 T cell (subtype unclear),0.5,hao_stateful_gemini_run05
E2L7_TGTGGCGGTTCTCCAC,B,Plasmablast,Plasma cells,Plasmablast,1.0,hao_stateful_gemini_run05
E2L4_AGATCGTGTTCCGCTT,NK,NK Proliferating,Proliferating cells,Proliferating lymphocyte (lineage unclear),0.5,hao_stateful_gemini_run05
L5_TGAACGTAGCGATCGA,CD4 T,CD4 CTL,CD8+ T cells,CD8 T cell (subtype unclear),0.0,hao_stateful_gemini_run05
E2L8_TCATTCATCGCGTGCA,CD8 T,CD8 Naive,CD4+ T cells,CD4 T cell (subtype unclear),0.0,hao_stateful_gemini_run05
E2L7_TTGTTCATCCTCTAGC,other T,MAIT,CD8+ T cells,CD8 T cell (subtype unclear),0.0,hao_stateful_gemini_run05
E2L5_CACTGGGCAACCGGAA,other T,MAIT,CD8+ T cells,CD8 T cell (subtype unclear),0.0,hao_stateful_gemini_run05
E2L3_CGGGTGTCAAGGAGTC,other,Platelet,Platelets,Platelet,1.0,hao_stateful_gemini_run05
L5_TGAGGGACAAGATCCT,CD8 T,CD8 Naive,CD4+ T cells,CD4 T cell (subtype unclear),0.0,hao_stateful_gemini_run05
E2L2_AACAAGAAGGCTTAGG,other T,gdT,CD8+ T cells,CD8 T cell (subtype unclear),0.0,hao_stateful_gemini_run05
E2L6_TTACAGGTCCACGGAC,B,B intermediate,B cells,B cell (subtype unclear),0.5,hao_stateful_gemini_run05
E2L8_ACCATTTTCTGAATCG,NK,NK,CD8+ T cells,CD8 T cell (subtype unclear),0.0,hao_stateful_gemini_run05
E2L1_CTGATCCGTAGCGTCC,other,Eryth,Erythrocytes,Eryth,1.0,hao_stateful_gemini_run05
L3_TTCCTCTAGATCACCT,CD4 T,CD4 CTL,CD8+ T cells,CD8 T cell (subtype unclear),0.0,hao_stateful_gemini_run05
E2L2_TTACCATGTCAAGCGA,CD4 T,CD4 Proliferating,Proliferating cells,Proliferating lymphocyte (lineage unclear),0.5,hao_stateful_gemini_run05
E2L7_TACAACGAGCAGGCAT,DC,ASDC,CD14+ Monocytes,CD14 Mono,0.0,hao_stateful_gemini_run05
L2_GGGTCTGCAGGTTCGC,NK,NK,CD8+ T cells,CD8 T cell (subtype unclear),0.0,hao_stateful_gemini_run05
E2L2_ACGATGTAGCCTCATA,B,B memory,B cells,B cell (subtype unclear),0.5,hao_stateful_gemini_run05
L2_AACGGGACAATGTTGC,B,B intermediate,B cells,B cell (subtype unclear),0.5,hao_stateful_gemini_run05
L5_CATTGTTTCCCGAGTG,NK,NK,CD8+ T cells,CD8 T cell (subtype unclear),0.0,hao_stateful_gemini_run05
L5_CGAGGAACATTCTCCG,CD4 T,Treg,CD4+ T cells,CD4 T cell (subtype unclear),0.5,hao_stateful_gemini_run05
L2_GGAATCTAGGCTAGCA,CD4 T,CD4 Naive,CD4+ T cells,CD4 T cell (subtype unclear),0.5,hao_stateful_gemini_run05
E2L3_GCGGAAACAATCGCAT,CD8 T,CD8 TEM,CD8+ T cells,CD8 T cell (subtype unclear),0.5,hao_stateful_gemini_run05
E2L7_ATGTCTTAGTTGCATC,other,HSPC,HSPC,HSPC,1.0,hao_stateful_gemini_run05
E2L7_TGAACGTAGCTTTCCC,Mono,CD14 Mono,CD14+ Monocytes,CD14 Mono,1.0,hao_stateful_gemini_run05
E2L2_CTAACCCCAAATGGAT,other T,gdT,CD8+ T cells,CD8 T cell (subtype unclear),0.0,hao_stateful_gemini_run05
L1_TTGTGGATCTCCATAT,other T,dnT,CD4+ T cells,CD4 T cell (subtype unclear),0.0,hao_stateful_gemini_run05
L1_ACCAACAAGGATGTTA,other T,dnT,CD4+ T cells,CD4 T cell (subtype unclear),0.0,hao_stateful_gemini_run05
L1_CTCAGGGTCGGCAGTC,B,B intermediate,B cells,B cell (subtype unclear),0.5,hao_stateful_gemini_run05
L5_CTGCTCAAGAGTGACC,CD4 T,CD4 Naive,CD4+ T cells,CD4 T cell (subtype unclear),0.5,hao_stateful_gemini_run05
E2L1_TCAATTCCAGCAGATG,other T,gdT,CD4+ T cells,CD4 T cell (subtype unclear),0.0,hao_stateful_gemini_run05
E2L7_GCATTAGAGTATGCAA,DC,pDC,Plasmacytoid Dendritic cells,pDC,1.0,hao_stateful_gemini_run05
E2L1_TGTTCCGGTCTGTTAG,NK,NK Proliferating,Proliferating cells,Proliferating lymphocyte (lineage unclear),0.5,hao_stateful_gemini_run05
E2L4_GCTACCTTCGCCTATC,DC,cDC1,Conventional Dendritic cells,Dendritic cell (subtype unclear),0.5,hao_stateful_gemini_run05
E2L3_GTAGAAAAGCAGGCAT,CD4 T,CD4 TEM,CD8+ T cells,CD8 T cell (subtype unclear),0.0,hao_stateful_gemini_run05
L4_TACGTCCGTGGTCCCA,other T,dnT,Memory/Effector T cells,T cell (CD4/CD8/other unclear),0.5,hao_stateful_gemini_run05
L5_CTATAGGAGGCCTAGA,CD4 T,CD4 TCM,CD4+ T cells,CD4 T cell (subtype unclear),0.5,hao_stateful_gemini_run05
E2L6_AGGTTACTCCGTGCGA,other,Platelet,Platelets,Platelet,1.0,hao_stateful_gemini_run05
E2L2_TCTTTGATCTTTCGAT,DC,cDC2,CD14+ Monocytes,CD14 Mono,0.0,hao_stateful_gemini_run05
L5_GTGTAACAGTGCGCTC,CD8 T,CD8 Naive,CD4+ T cells,CD4 T cell (subtype unclear),0.0,hao_stateful_gemini_run05
L5_ACTATGGTCGACGTCG,CD8 T,CD8 Naive,CD4+ T cells,CD4 T cell (subtype unclear),0.0,hao_stateful_gemini_run05
E2L8_GGTGGCTCAAGAAACT,CD8 T,CD8 Naive,CD4+ T cells,CD4 T cell (subtype unclear),0.0,hao_stateful_gemini_run05
E2L8_TTAATCCGTGTCTTCC,CD8 T,CD8 Naive,CD4+ T cells,CD4 T cell (subtype unclear),0.0,hao_stateful_gemini_run05
E2L1_TTGGGCGGTAGTGCGA,other T,MAIT,CD8+ T cells,CD8 T cell (subtype unclear),0.0,hao_stateful_gemini_run05
L5_AAGGTAATCTACTTCA,other,HSPC,HSPC,HSPC,1.0,hao_stateful_gemini_run05
L1_CCTGCATCACGCCACA,CD4 T,CD4 Naive,CD4+ T cells,CD4 T cell (subtype unclear),0.5,hao_stateful_gemini_run05
E2L4_TCTAACTTCGAGTGGA,DC,cDC1,Conventional Dendritic cells,Dendritic cell (subtype unclear),0.5,hao_stateful_gemini_run05
L4_TCATTCAGTTCTTGTT,DC,ASDC,CD14+ Monocytes,CD14 Mono,0.0,hao_stateful_gemini_run05
E2L6_TCACTATAGGAACATT,CD8 T,CD8 TEM,CD8+ T cells,CD8 T cell (subtype unclear),0.5,hao_stateful_gemini_run05
L1_CTCAACCTCATGGCCG,CD8 T,CD8 Naive,CD4+ T cells,CD4 T cell (subtype unclear),0.0,hao_stateful_gemini_run05
L4_CGGAATTTCGTTCTCG,CD4 T,CD4 TEM,CD4+ T cells,CD4 T cell (subtype unclear),0.5,hao_stateful_gemini_run05
E2L5_AATCGACCACCAGCCA,DC,pDC,Plasmacytoid Dendritic cells,pDC,1.0,hao_stateful_gemini_run05
E2L6_TACGGGCAGGTGAGCT,other,Platelet,Platelets,Platelet,1.0,hao_stateful_gemini_run05
E2L5_TCCATCGAGCAGCCCT,CD4 T,CD4 Naive,CD4+ T cells,CD4 T cell (subtype unclear),0.5,hao_stateful_gemini_run05
L3_ATGGGAGGTCCAGCCA,DC,pDC,Plasmacytoid Dendritic cells,pDC,1.0,hao_stateful_gemini_run05
L5_TTCCGGTCAAACCATC,other T,dnT,Memory/Effector T cells,T cell (CD4/CD8/other unclear),0.5,hao_stateful_gemini_run05
E2L7_ACAGGGAGTAATGATG,DC,pDC,Plasmacytoid Dendritic cells,pDC,1.0,hao_stateful_gemini_run05
L4_ACTGCAAGTCCCTGTT,other,Platelet,Platelets,Platelet,1.0,hao_stateful_gemini_run05
E2L6_TTACGTTCAAGTTTGC,CD8 T,CD8 TEM,CD8+ T cells,CD8 T cell (subtype unclear),0.5,hao_stateful_gemini_run05
L5_AAAGTGACAGGTACGA,DC,pDC,CD14+ Monocytes,CD14 Mono,0.0,hao_stateful_gemini_run05
L1_AGATCGTTCGTCGCTT,CD4 T,CD4 TCM,CD4+ T cells,CD4 T cell (subtype unclear),0.5,hao_stateful_gemini_run05
E2L3_AGCTTCCCACAATGTC,CD8 T,CD8 Proliferating,Proliferating cells,Proliferating lymphocyte (lineage unclear),0.5,hao_stateful_gemini_run05
L1_AAGGTAAGTACTGCGC,CD8 T,CD8 TEM,CD8+ T cells,CD8 T cell (subtype unclear),0.5,hao_stateful_gemini_run05
L2_TTCGATTAGTTGAAGT,NK,NK_CD56bright,NK cells,NK,0.5,hao_stateful_gemini_run05
E2L2_GCATCGGCATACTTTC,NK,NK_CD56bright,NK cells,NK,0.5,hao_stateful_gemini_run05
L3_ACCAAACAGGTAGTAT,DC,cDC1,Conventional Dendritic cells,Dendritic cell (subtype unclear),0.5,hao_stateful_gemini_run05
L2_GCAACCGCACGCCACA,CD4 T,CD4 TCM,CD4+ T cells,CD4 T cell (subtype unclear),0.5,hao_stateful_gemini_run05
E2L5_TTCCAATTCATAAGGA,B,B intermediate,B cells,B cell (subtype unclear),0.5,hao_stateful_gemini_run05
L4_GGTAACTGTACTCGTA,CD4 T,CD4 CTL,CD8+ T cells,CD8 T cell (subtype unclear),0.0,hao_stateful_gemini_run05
E2L1_CAGAGCCTCTCCGCAT,DC,cDC2,CD14+ Monocytes,CD14 Mono,0.0,hao_stateful_gemini_run05
E2L1_TCCCAGTTCACCCTTG,Mono,CD16 Mono,CD16+ Monocytes,CD16 Mono,1.0,hao_stateful_gemini_run05
E2L5_CGTTGGGGTCCGAAAG,CD8 T,CD8 TCM,CD4+ T cells,CD4 T cell (subtype unclear),0.0,hao_stateful_gemini_run05
E2L5_ACTTCCGAGTGATCGG,B,B intermediate,B cells,B cell (subtype unclear),0.5,hao_stateful_gemini_run05
E2L4_GGTAATCTCCACAAGT,CD4 T,CD4 CTL,CD8+ T cells,CD8 T cell (subtype unclear),0.0,hao_stateful_gemini_run05
E2L4_TGCTCCACAGGGAATC,DC,pDC,Plasmacytoid Dendritic cells,pDC,1.0,hao_stateful_gemini_run05
L4_GCTGAATTCTATCGTT,other,Eryth,Erythrocytes,Eryth,1.0,hao_stateful_gemini_run05
L4_ATTCAGGTCAGCTTGA,DC,cDC2,CD14+ Monocytes,CD14 Mono,0.0,hao_stateful_gemini_run05
E2L4_CCCTCTCTCTTCGCTG,NK,NK,CD8+ T cells,CD8 T cell (subtype unclear),0.0,hao_stateful_gemini_run05
E2L1_GGAGGATGTCCCGTGA,other T,dnT,CD4+ T cells,CD4 T cell (subtype unclear),0.0,hao_stateful_gemini_run05
L3_TCAGTCCCACGGCACT,other,HSPC,HSPC,HSPC,1.0,hao_stateful_gemini_run05
E2L6_AGGACGACAACACAGG,Mono,CD14 Mono,CD16+ Monocytes,CD16 Mono,0.5,hao_stateful_gemini_run05
L1_TCGAACATCTGAGGTT,B,Plasmablast,Plasma cells,Plasmablast,1.0,hao_stateful_gemini_run05
E2L1_ACAAAGAGTATCGCTA,DC,pDC,Plasmacytoid Dendritic cells,pDC,1.0,hao_stateful_gemini_run05
E2L8_TGTGTGAAGGGACTGT,NK,NK_CD56bright,NK cells,NK,0.5,hao_stateful_gemini_run05
L1_ATGAAAGTCGACGACC,CD4 T,CD4 CTL,CD8+ T cells,CD8 T cell (subtype unclear),0.0,hao_stateful_gemini_run05
E2L3_TCCTCGAGTATGAGCG,other,Platelet,Platelets,Platelet,1.0,hao_stateful_gemini_run05
L4_TGAGGGAAGCACAAAT,CD4 T,CD4 TCM,CD4+ T cells,CD4 T cell (subtype unclear),0.5,hao_stateful_gemini_run05
E2L4_ACCAAACCAGAGACTG,NK,NK Proliferating,Proliferating cells,Proliferating lymphocyte (lineage unclear),0.5,hao_stateful_gemini_run05
E2L7_AAGACAATCCTGTTAT,Mono,CD14 Mono,CD16+ Monocytes,CD16 Mono,0.5,hao_stateful_gemini_run05
E2L4_AAGAACATCTCGCTTG,NK,NK,CD8+ T cells,CD8 T cell (subtype unclear),0.0,hao_stateful_gemini_run05
E2L2_CGTAATGCAGACCAAG,NK,NK,CD8+ T cells,CD8 T cell (subtype unclear),0.0,hao_stateful_gemini_run05
E2L3_GTAGTACCAACGTATC,CD8 T,CD8 Naive,CD4+ T cells,CD4 T cell (subtype unclear),0.0,hao_stateful_gemini_run05
L2_CATGAGTGTTTGCAGT,other T,dnT,Memory/Effector T cells,T cell (CD4/CD8/other unclear),0.5,hao_stateful_gemini_run05
L4_GATGTTGGTAAGTTAG,CD8 T,CD8 Proliferating,Proliferating cells,Proliferating lymphocyte (lineage unclear),0.5,hao_stateful_gemini_run05
E2L6_CCGAACGAGAGCCGAT,DC,cDC1,Conventional Dendritic cells,Dendritic cell (subtype unclear),0.5,hao_stateful_gemini_run05
L5_ACAGCCGCAAGATGGC,CD8 T,CD8 TCM,CD4+ T cells,CD4 T cell (subtype unclear),0.0,hao_stateful_gemini_run05
L2_GTATTGGCAGGAGGAG,B,Plasmablast,Plasma cells,Plasmablast,1.0,hao_stateful_gemini_run05
L2_TCTCTGGCAACAAAGT,CD4 T,Treg,CD4+ T cells,CD4 T cell (subtype unclear),0.5,hao_stateful_gemini_run05
E2L8_GATGTTGTCCGAAGGA,Mono,CD16 Mono,CD16+ Monocytes,CD16 Mono,1.0,hao_stateful_gemini_run05
L2_TCTACATTCCTGTTGC,other,ILC,NK cells,NK,0.0,hao_stateful_gemini_run05
L2_TCACACCGTGGTGATG,NK,NK Proliferating,Proliferating cells,Proliferating lymphocyte (lineage unclear),0.5,hao_stateful_gemini_run05
E2L6_GCCCAGAAGCAGGTCA,Mono,CD16 Mono,CD16+ Monocytes,CD16 Mono,1.0,hao_stateful_gemini_run05
E2L2_TTCCACGTCCGCTTAC,CD4 T,CD4 CTL,CD8+ T cells,CD8 T cell (subtype unclear),0.0,hao_stateful_gemini_run05
E2L3_ATTCCATGTAGCTCGC,NK,NK_CD56bright,NK cells,NK,0.5,hao_stateful_gemini_run05
L5_AGATAGAGTCTACAAC,NK,NK Proliferating,Proliferating cells,Proliferating lymphocyte (lineage unclear),0.5,hao_stateful_gemini_run05
E2L8_CGTTCTGAGACCAGAC,B,B intermediate,B cells,B cell (subtype unclear),0.5,hao_stateful_gemini_run05
L3_GTCCCATTCATACGGT,CD8 T,CD8 TCM,CD4+ T cells,CD4 T cell (subtype unclear),0.0,hao_stateful_gemini_run05
E2L5_TGTTTGTGTTTGCAGT,B,B intermediate,B cells,B cell (subtype unclear),0.5,hao_stateful_gemini_run05
E2L5_ACGTAGTTCCGACGGT,other,ILC,NK cells,NK,0.0,hao_stateful_gemini_run05
E2L7_GATGACTTCGCTGTCT,other,ILC,NK cells,NK,0.0,hao_stateful_gemini_run05
L3_GGAGGTAAGCATGTTC,CD4 T,CD4 TEM,CD4+ T cells,CD4 T cell (subtype unclear),0.5,hao_stateful_gemini_run05
E2L7_TGGGTTAGTGCATGAG,Mono,CD14 Mono,CD16+ Monocytes,CD16 Mono,0.5,hao_stateful_gemini_run05
L5_AAGCATCAGCCTCTTC,other,HSPC,HSPC,HSPC,1.0,hao_stateful_gemini_run05
L5_AAGTTCGCATGGGTTT,CD8 T,CD8 Naive,CD4+ T cells,CD4 T cell (subtype unclear),0.0,hao_stateful_gemini_run05
E2L7_GTAATCGTCAGACCGC,other,Eryth,Erythrocytes,Eryth,1.0,hao_stateful_gemini_run05
L5_CCTCATGTCCATCCGT,DC,pDC,CD14+ Monocytes,CD14 Mono,0.0,hao_stateful_gemini_run05
L1_CTACAGAGTGATTGGG,NK,NK_CD56bright,NK cells,NK,0.5,hao_stateful_gemini_run05
L5_TTAGGGTCAGCCTTCT,CD4 T,CD4 Naive,CD4+ T cells,CD4 T cell (subtype unclear),0.5,hao_stateful_gemini_run05
E2L2_GAGTGAGGTTGCCGAC,NK,NK Proliferating,Proliferating cells,Proliferating lymphocyte (lineage unclear),0.5,hao_stateful_gemini_run05
L1_TCAGTGATCCGCAAAT,other,Eryth,Erythrocytes,Eryth,1.0,hao_stateful_gemini_run05
E2L8_GTAGAAACAGGTACGA,DC,pDC,Plasmacytoid Dendritic cells,pDC,1.0,hao_stateful_gemini_run05
L1_TCAAGTGGTCAACCTA,other,Platelet,Platelets,Platelet,1.0,hao_stateful_gemini_run05
L5_TAGACTGTCCCTTGTG,Mono,CD16 Mono,CD16+ Monocytes,CD16 Mono,1.0,hao_stateful_gemini_run05
E2L2_CTCATTACAGATCATC,other T,gdT,CD4+ T cells,CD4 T cell (subtype unclear),0.0,hao_stateful_gemini_run05
L2_AGTCACAGTTCGTAAC,B,B memory,B cells,B cell (subtype unclear),0.5,hao_stateful_gemini_run05
L4_TTTCACACAATATCCG,CD4 T,Treg,CD4+ T cells,CD4 T cell (subtype unclear),0.5,hao_stateful_gemini_run05
L3_AAGGTAATCCACATAG,B,B intermediate,B cells,B cell (subtype unclear),0.5,hao_stateful_gemini_run05
L2_GATAGCTTCATCCTAT,B,B memory,B cells,B cell (subtype unclear),0.5,hao_stateful_gemini_run05
L3_ATCGTCCGTTCGGCGT,other,Platelet,Platelets,Platelet,1.0,hao_stateful_gemini_run05
L4_TGTGTGAGTTAAACCC,CD4 T,CD4 CTL,CD8+ T cells,CD8 T cell (subtype unclear),0.0,hao_stateful_gemini_run05
E2L1_TACCTGCTCAAGCCCG,NK,NK,CD8+ T cells,CD8 T cell (subtype unclear),0.0,hao_stateful_gemini_run05
L3_CATCCCAAGACATGCG,other T,dnT,CD4+ T cells,CD4 T cell (subtype unclear),0.0,hao_stateful_gemini_run05
E2L2_CGGGTGTGTACTGTTG,CD8 T,CD8 Proliferating,Proliferating cells,Proliferating lymphocyte (lineage unclear),0.5,hao_stateful_gemini_run05
L2_TCTTAGTAGGCCATAG,other T,dnT,CD4+ T cells,CD4 T cell (subtype unclear),0.0,hao_stateful_gemini_run05
E2L7_TCCTCTTAGTCGGCCT,other,Platelet,Platelets,Platelet,1.0,hao_stateful_gemini_run05
L1_TTTACTGGTTACCCAA,other,HSPC,HSPC,HSPC,1.0,hao_stateful_gemini_run05
L2_GAAACCTTCGCATTAG,other T,MAIT,CD8+ T cells,CD8 T cell (subtype unclear),0.0,hao_stateful_gemini_run05
E2L2_CTCATGCAGACGAGCT,CD8 T,CD8 TEM,CD8+ T cells,CD8 T cell (subtype unclear),0.5,hao_stateful_gemini_run05
E2L8_ACATTTCGTATACGGG,other T,gdT,CD8+ T cells,CD8 T cell (subtype unclear),0.0,hao_stateful_gemini_run05
E2L1_GGGTAGATCATTGGTG,NK,NK_CD56bright,NK cells,NK,0.5,hao_stateful_gemini_run05
L3_GCGATCGGTTTACGTG,Mono,CD14 Mono,CD16+ Monocytes,CD16 Mono,0.5,hao_stateful_gemini_run05
L5_GTCCTCAAGCGGCTCT,other T,MAIT,CD4+ T cells,CD4 T cell (subtype unclear),0.0,hao_stateful_gemini_run05
E2L4_TCCTCCCGTGTTAAAG,DC,pDC,Plasmacytoid Dendritic cells,pDC,1.0,hao_stateful_gemini_run05
E2L1_TCTCACGTCACGGACC,other T,dnT,Memory/Effector T cells,T cell (CD4/CD8/other unclear),0.5,hao_stateful_gemini_run05
E2L5_GGGTGTCCATGCTGCG,B,B memory,B cells,B cell (subtype unclear),0.5,hao_stateful_gemini_run05
E2L2_GTGTAACTCCGCACTT,CD4 T,CD4 TEM,CD4+ T cells,CD4 T cell (subtype unclear),0.5,hao_stateful_gemini_run05
L2_TATATCCCAGCCGGTT,other T,dnT,CD4+ T cells,CD4 T cell (subtype unclear),0.0,hao_stateful_gemini_run05
L3_AACACACTCCTCGATC,other T,MAIT,CD8+ T cells,CD8 T cell (subtype unclear),0.0,hao_stateful_gemini_run05
L2_TCTCCGATCAGCGCGT,B,Plasmablast,Plasma cells,Plasmablast,1.0,hao_stateful_gemini_run05
L1_CGATGGCTCATGTCTT,Mono,CD16 Mono,CD16+ Monocytes,CD16 Mono,1.0,hao_stateful_gemini_run05
L2_TGTGAGTCACAGTGAG,other T,dnT,CD4+ T cells,CD4 T cell (subtype unclear),0.0,hao_stateful_gemini_run05
E2L5_CAGCCAGAGTGGCAGT,B,B intermediate,B cells,B cell (subtype unclear),0.5,hao_stateful_gemini_run05
E2L6_CCCTCTCTCTTCCCGA,CD4 T,CD4 TEM,CD4+ T cells,CD4 T cell (subtype unclear),0.5,hao_stateful_gemini_run05
L1_ATGGATCAGTCTCCTC,B,B naive,B cells,B cell (subtype unclear),0.5,hao_stateful_gemini_run05
E2L4_TGTTGGAGTCCTACAA,B,Plasmablast,Plasma cells,Plasmablast,1.0,hao_stateful_gemini_run05
L5_CCACACTTCCCGAGAC,other,HSPC,HSPC,HSPC,1.0,hao_stateful_gemini_run05
L4_TATTGCTAGTTACGTC,Mono,CD16 Mono,CD16+ Monocytes,CD16 Mono,1.0,hao_stateful_gemini_run05
E2L1_AGAAGCGGTGGACCAA,other,Platelet,Platelets,Platelet,1.0,hao_stateful_gemini_run05
L4_TTTGTTGAGTAACGAT,CD4 T,CD4 Proliferating,Proliferating cells,Proliferating lymphocyte (lineage unclear),0.5,hao_stateful_gemini_run05
L5_GAGGCAAGTTCAAGGG,DC,cDC2,CD14+ Monocytes,CD14 Mono,0.0,hao_stateful_gemini_run05
E2L7_TACGTCCGTGTCGCTG,B,Plasmablast,Plasma cells,Plasmablast,1.0,hao_stateful_gemini_run05
E2L3_TTTCATGAGAATCGAT,B,B memory,B cells,B cell (subtype unclear),0.5,hao_stateful_gemini_run05
E2L7_GCATCTCTCCTCTTTC,CD4 T,CD4 TEM,CD4+ T cells,CD4 T cell (subtype unclear),0.5,hao_stateful_gemini_run05
L2_ATAGAGATCCTCGATC,CD4 T,CD4 Naive,CD4+ T cells,CD4 T cell (subtype unclear),0.5,hao_stateful_gemini_run05
L3_CGAAGTTCAGACCTGC,CD4 T,Treg,CD4+ T cells,CD4 T cell (subtype unclear),0.5,hao_stateful_gemini_run05
E2L5_TGACAGTGTCACAGAG,other T,MAIT,CD8+ T cells,CD8 T cell (subtype unclear),0.0,hao_stateful_gemini_run05
L2_AACCTGACAGGAATAT,Mono,CD16 Mono,CD16+ Monocytes,CD16 Mono,1.0,hao_stateful_gemini_run05
L4_GATCAGTAGAGCTTTC,CD8 T,CD8 TEM,CD4+ T cells,CD4 T cell (subtype unclear),0.0,hao_stateful_gemini_run05
L2_CCACCATGTGGCGCTT,Mono,CD16 Mono,CD16+ Monocytes,CD16 Mono,1.0,hao_stateful_gemini_run05
E2L6_TACAACGGTAGAGATT,Mono,CD16 Mono,CD16+ Monocytes,CD16 Mono,1.0,hao_stateful_gemini_run05
E2L5_GCCGTGACACCTGTCT,B,B naive,B cells,B cell (subtype unclear),0.5,hao_stateful_gemini_run05
E2L8_TGTCCCACAGGGCTTC,other T,dnT,CD4+ T cells,CD4 T cell (subtype unclear),0.0,hao_stateful_gemini_run05
L4_AACGGGAAGACGCCAA,NK,NK,CD8+ T cells,CD8 T cell (subtype unclear),0.0,hao_stateful_gemini_run05
L2_TACGGTAGTCACCCTT,NK,NK_CD56bright,NK cells,NK,0.5,hao_stateful_gemini_run05
L4_CACATGACAAACAGGC,other,Eryth,Erythrocytes,Eryth,1.0,hao_stateful_gemini_run05
L2_AACCATGTCCTCTCGA,other,HSPC,HSPC,HSPC,1.0,hao_stateful_gemini_run05
E2L5_TGTCCACGTGGGATTG,other T,dnT,Memory/Effector T cells,T cell (CD4/CD8/other unclear),0.5,hao_stateful_gemini_run05
L2_TGCTTGCCATGTTCGA,CD4 T,CD4 TEM,CD4+ T cells,CD4 T cell (subtype unclear),0.5,hao_stateful_gemini_run05
E2L4_TACCTCGCACGCAAAG,CD4 T,CD4 TCM,CD4+ T cells,CD4 T cell (subtype unclear),0.5,hao_stateful_gemini_run05
E2L3_TGGATGTAGCAAATGT,CD4 T,CD4 TCM,CD4+ T cells,CD4 T cell (subtype unclear),0.5,hao_stateful_gemini_run05
E2L1_ATTCTACCATCTAACG,DC,ASDC,CD14+ Monocytes,CD14 Mono,0.0,hao_stateful_gemini_run05
E2L1_AAGTGAAGTGGATGAC,CD4 T,CD4 CTL,CD8+ T cells,CD8 T cell (subtype unclear),0.0,hao_stateful_gemini_run05
L2_TCAGTGATCAGCTTGA,CD4 T,Treg,CD4+ T cells,CD4 T cell (subtype unclear),0.5,hao_stateful_gemini_run05
E2L3_TCAATCTCACTGTCCT,CD8 T,CD8 TEM,CD4+ T cells,CD4 T cell (subtype unclear),0.0,hao_stateful_gemini_run05
L2_GACTCTCTCCCATTTA,CD4 T,CD4 TCM,CD4+ T cells,CD4 T cell (subtype unclear),0.5,hao_stateful_gemini_run05
E2L1_GTAGGAGGTTCTCAGA,CD4 T,CD4 Naive,CD4+ T cells,CD4 T cell (subtype unclear),0.5,hao_stateful_gemini_run05
E2L5_AATCGACTCCATCGTC,NK,NK Proliferating,Proliferating cells,Proliferating lymphocyte (lineage unclear),0.5,hao_stateful_gemini_run05
L2_AGGATCTAGTGGACGT,CD8 T,CD8 Proliferating,Proliferating cells,Proliferating lymphocyte (lineage unclear),0.5,hao_stateful_gemini_run05
E2L6_GTTTGGAAGATGCTGG,Mono,CD14 Mono,CD14+ Monocytes,CD14 Mono,1.0,hao_stateful_gemini_run05
L1_TCTTAGTCATCAACCA,CD4 T,CD4 Naive,CD4+ T cells,CD4 T cell (subtype unclear),0.5,hao_stateful_gemini_run05
E2L8_TGAGCATGTGAAAGTT,DC,pDC,Plasmacytoid Dendritic cells,pDC,1.0,hao_stateful_gemini_run05
E2L5_CAGTTCCAGGTGTGAC,other T,dnT,CD4+ T cells,CD4 T cell (subtype unclear),0.0,hao_stateful_gemini_run05
E2L8_GTGCTTCTCCTCTCTT,CD4 T,CD4 TCM,CD4+ T cells,CD4 T cell (subtype unclear),0.5,hao_stateful_gemini_run05
E2L6_TCCTGCATCCAAACCA,CD4 T,CD4 CTL,CD8+ T cells,CD8 T cell (subtype unclear),0.0,hao_stateful_gemini_run05
L4_TCATATCAGGTAGGCT,CD4 T,CD4 TCM,CD4+ T cells,CD4 T cell (subtype unclear),0.5,hao_stateful_gemini_run05
L1_AGACACTGTGTTAGCT,B,Plasmablast,Plasma cells,Plasmablast,1.0,hao_stateful_gemini_run05
E2L1_AACCTGATCGTAGAGG,other,Platelet,Platelets,Platelet,1.0,hao_stateful_gemini_run05
E2L3_CTCCTTTCATCTCCCA,Mono,CD14 Mono,CD16+ Monocytes,CD16 Mono,0.5,hao_stateful_gemini_run05
L3_AGAACAAAGTGGCAGT,CD8 T,CD8 Proliferating,Proliferating cells,Proliferating lymphocyte (lineage unclear),0.5,hao_stateful_gemini_run05
L1_CATCGGGGTCTCCCTA,CD4 T,CD4 TCM,CD4+ T cells,CD4 T cell (subtype unclear),0.5,hao_stateful_gemini_run05
L5_CCAATTTCAAGAATGT,other T,MAIT,CD8+ T cells,CD8 T cell (subtype unclear),0.0,hao_stateful_gemini_run05
E2L8_ACATCCCCATGTTACG,DC,pDC,Plasmacytoid Dendritic cells,pDC,1.0,hao_stateful_gemini_run05
E2L8_CTCAGTCAGTGCCCGT,NK,NK Proliferating,Proliferating cells,Proliferating lymphocyte (lineage unclear),0.5,hao_stateful_gemini_run05
L4_TCCCACACATGCAGCC,other,HSPC,HSPC,HSPC,1.0,hao_stateful_gemini_run05
E2L2_AGTAACCGTGGCTAGA,NK,NK,CD8+ T cells,CD8 T cell (subtype unclear),0.0,hao_stateful_gemini_run05
E2L7_CCTAAGACAATAACCC,NK,NK,CD8+ T cells,CD8 T cell (subtype unclear),0.0,hao_stateful_gemini_run05
E2L1_GATGACTCATGCGGTC,NK,NK_CD56bright,NK cells,NK,0.5,hao_stateful_gemini_run05
L5_CGAGTTACATGCCGAC,CD4 T,CD4 TCM,CD4+ T cells,CD4 T cell (subtype unclear),0.5,hao_stateful_gemini_run05
L1_GTACAACGTAACCAGG,other T,gdT,CD8+ T cells,CD8 T cell (subtype unclear),0.0,hao_stateful_gemini_run05
L1_TGGATGTGTAAGATTG,other,ILC,NK cells,NK,0.0,hao_stateful_gemini_run05
L1_CACAGATTCGATACTG,CD4 T,CD4 TCM,CD4+ T cells,CD4 T cell (subtype unclear),0.5,hao_stateful_gemini_run05
L4_GGGTCACGTCCTCCTA,DC,cDC2,CD14+ Monocytes,CD14 Mono,0.0,hao_stateful_gemini_run05
L5_GAAACCTGTGGTCCCA,other T,MAIT,CD8+ T cells,CD8 T cell (subtype unclear),0.0,hao_stateful_gemini_run05
L3_GTAACACTCGCAGATT,CD8 T,CD8 TCM,CD4+ T cells,CD4 T cell (subtype unclear),0.0,hao_stateful_gemini_run05
E2L4_CATGCTCGTCCAGCCA,DC,cDC2,CD14+ Monocytes,CD14 Mono,0.0,hao_stateful_gemini_run05
L3_ATCACAGAGAAGTCAT,CD4 T,Treg,CD4+ T cells,CD4 T cell (subtype unclear),0.5,hao_stateful_gemini_run05
L2_TGTGGCGGTGAAAGTT,other,HSPC,HSPC,HSPC,1.0,hao_stateful_gemini_run05
L3_TCATATCTCTCTCGCA,CD4 T,Treg,CD4+ T cells,CD4 T cell (subtype unclear),0.5,hao_stateful_gemini_run05
L5_CGAATTGAGCAGAAAG,other T,gdT,CD8+ T cells,CD8 T cell (subtype unclear),0.0,hao_stateful_gemini_run05
E2L6_ATTGTTCGTGTCCGGT,DC,cDC1,Conventional Dendritic cells,Dendritic cell (subtype unclear),0.5,hao_stateful_gemini_run05
E2L7_ACGGTCGTCGTTGCCT,NK,NK_CD56bright,NK cells,NK,0.5,hao_stateful_gemini_run05
L1_GCCAGCACAGCAGTTT,DC,cDC1,Conventional Dendritic cells,Dendritic cell (subtype unclear),0.5,hao_stateful_gemini_run05
L4_TACCCGTTCTACGCGG,other,Eryth,Erythrocytes,Eryth,1.0,hao_stateful_gemini_run05
L5_TACATTCGTACCATAC,NK,NK_CD56bright,NK cells,NK,0.5,hao_stateful_gemini_run05
L3_GCCTGTTGTCGAACAG,CD4 T,CD4 TCM,CD4+ T cells,CD4 T cell (subtype unclear),0.5,hao_stateful_gemini_run05
E2L6_GTCATGACATAACTCG,B,B memory,B cells,B cell (subtype unclear),0.5,hao_stateful_gemini_run05
E2L3_GCACGGTAGATGTTCC,CD4 T,Treg,CD4+ T cells,CD4 T cell (subtype unclear),0.5,hao_stateful_gemini_run05
L5_TACTTGTTCTCTCTTC,NK,NK,CD8+ T cells,CD8 T cell (subtype unclear),0.0,hao_stateful_gemini_run05
E2L6_ATCTTCAAGTCTACCA,DC,cDC2,CD14+ Monocytes,CD14 Mono,0.0,hao_stateful_gemini_run05
E2L3_AGTCTCCAGAACTGAT,other T,dnT,CD4+ T cells,CD4 T cell (subtype unclear),0.0,hao_stateful_gemini_run05
L3_ACCTACCAGGTCACTT,CD4 T,Treg,CD4+ T cells,CD4 T cell (subtype unclear),0.5,hao_stateful_gemini_run05
L1_TACGTCCGTGTCCAAT,CD4 T,CD4 Naive,CD4+ T cells,CD4 T cell (subtype unclear),0.5,hao_stateful_gemini_run05
E2L3_AATTTCCCAATAGTGA,CD4 T,Treg,CD4+ T cells,CD4 T cell (subtype unclear),0.5,hao_stateful_gemini_run05
E2L7_CTTACCGAGGTGATCG,NK,NK Proliferating,Proliferating cells,Proliferating lymphocyte (lineage unclear),0.5,hao_stateful_gemini_run05
L5_GCTGCAGCATGCCATA,B,Plasmablast,Plasma cells,Plasmablast,1.0,hao_stateful_gemini_run05
L5_ACATTTCAGGTTAGTA,CD4 T,CD4 TEM,CD4+ T cells,CD4 T cell (subtype unclear),0.5,hao_stateful_gemini_run05
L2_ACACCAAGTTTCACTT,CD4 T,CD4 TCM,CD4+ T cells,CD4 T cell (subtype unclear),0.5,hao_stateful_gemini_run05
L1_TTTAGTCCAGCAGTTT,other,ILC,NK cells,NK,0.0,hao_stateful_gemini_run05
E2L3_ACGTAGTAGTAGTCAA,B,B naive,B cells,B cell (subtype unclear),0.5,hao_stateful_gemini_run05
L3_ACCTACCGTCACTCAA,CD8 T,CD8 TCM,CD4+ T cells,CD4 T cell (subtype unclear),0.0,hao_stateful_gemini_run05
L2_AACTTCTGTCGTCGGT,other T,gdT,CD8+ T cells,CD8 T cell (subtype unclear),0.0,hao_stateful_gemini_run05
E2L5_TCATGCCCAAATGAGT,NK,NK Proliferating,Proliferating cells,Proliferating lymphocyte (lineage unclear),0.5,hao_stateful_gemini_run05
E2L2_ACCCAAAGTGCGACAA,DC,cDC2,CD14+ Monocytes,CD14 Mono,0.0,hao_stateful_gemini_run05
E2L2_TCGCTTGTCGACGAGA,NK,NK Proliferating,Proliferating cells,Proliferating lymphocyte (lineage unclear),0.5,hao_stateful_gemini_run05
E2L4_GGCTGTGTCCCGATCT,Mono,CD16 Mono,CD16+ Monocytes,CD16 Mono,1.0,hao_stateful_gemini_run05
E2L3_CGGACACAGCGAACTG,CD4 T,CD4 CTL,CD8+ T cells,CD8 T cell (subtype unclear),0.0,hao_stateful_gemini_run05
E2L5_TCTTGCGAGTCTTGGT,CD8 T,CD8 Naive,CD4+ T cells,CD4 T cell (subtype unclear),0.0,hao_stateful_gemini_run05
L2_TGTCAGATCCATCTGC,Mono,CD14 Mono,CD16+ Monocytes,CD16 Mono,0.5,hao_stateful_gemini_run05
L4_ATGCCTCCATGGCCCA,Mono,CD16 Mono,CD16+ Monocytes,CD16 Mono,1.0,hao_stateful_gemini_run05
E2L8_CATGAGTGTCGAATGG,CD4 T,CD4 TEM,CD4+ T cells,CD4 T cell (subtype unclear),0.5,hao_stateful_gemini_run05
E2L2_GTGAGCCTCACGAACT,CD4 T,CD4 TEM,CD4+ T cells,CD4 T cell (subtype unclear),0.5,hao_stateful_gemini_run05
L4_TGCATCCCAGACGCTC,other,HSPC,HSPC,HSPC,1.0,hao_stateful_gemini_run05
E2L2_CTCGAGGAGACGCCCT,CD4 T,CD4 TEM,CD4+ T cells,CD4 T cell (subtype unclear),0.5,hao_stateful_gemini_run05
E2L7_TGCGATAAGTATTAGG,other T,gdT,CD8+ T cells,CD8 T cell (subtype unclear),0.0,hao_stateful_gemini_run05
L1_AAAGTGAGTATCGTAC,Mono,CD14 Mono,CD16+ Monocytes,CD16 Mono,0.5,hao_stateful_gemini_run05
L2_CGGGTGTTCTCAGAAC,CD8 T,CD8 TCM,CD4+ T cells,CD4 T cell (subtype unclear),0.0,hao_stateful_gemini_run05
L3_ATCAGGTCATCAACCA,other T,MAIT,CD8+ T cells,CD8 T cell (subtype unclear),0.0,hao_stateful_gemini_run05
E2L2_CTTGATTTCCGATCGG,DC,cDC2,CD14+ Monocytes,CD14 Mono,0.0,hao_stateful_gemini_run05
L3_TTGCTGCCACTACGGC,B,B memory,B cells,B cell (subtype unclear),0.5,hao_stateful_gemini_run05
E2L7_ACTTCGCAGCGGCTCT,B,B intermediate,B cells,B cell (subtype unclear),0.5,hao_stateful_gemini_run05
L4_TGCAGTAGTGGACTGA,other,ILC,NK cells,NK,0.0,hao_stateful_gemini_run05
L3_CGGAACCTCCAAGAGG,CD8 T,CD8 TEM,CD8+ T cells,CD8 T cell (subtype unclear),0.5,hao_stateful_gemini_run05
E2L2_CAATCGAAGATCCCAT,B,B naive,B cells,B cell (subtype unclear),0.5,hao_stateful_gemini_run05
E2L2_ATGAAAGTCTTAGGAC,CD8 T,CD8 TEM,CD8+ T cells,CD8 T cell (subtype unclear),0.5,hao_stateful_gemini_run05
L4_AATGGCTTCTACCAGA,B,B memory,B cells,B cell (subtype unclear),0.5,hao_stateful_gemini_run05
L4_CAGTGCGGTTATGGTC,CD4 T,CD4 Proliferating,Proliferating cells,Proliferating lymphocyte (lineage unclear),0.5,hao_stateful_gemini_run05
L5_CCGGGTATCGCTGACG,CD8 T,CD8 TCM,CD4+ T cells,CD4 T cell (subtype unclear),0.0,hao_stateful_gemini_run05
L2_CCCAACTGTTCAGGTT,Mono,CD14 Mono,CD14+ Monocytes,CD14 Mono,1.0,hao_stateful_gemini_run05
E2L8_CTCATTAGTGGGTATG,B,B memory,B cells,B cell (subtype unclear),0.5,hao_stateful_gemini_run05
L2_CTGAATGTCAAGCCAT,B,B intermediate,B cells,B cell (subtype unclear),0.5,hao_stateful_gemini_run05
E2L6_TCAATCTCACTGAATC,B,B intermediate,B cells,B cell (subtype unclear),0.5,hao_stateful_gemini_run05
L2_TCATGCCAGACTTAAG,other T,gdT,CD8+ T cells,CD8 T cell (subtype unclear),0.0,hao_stateful_gemini_run05
E2L2_AAGCCATGTATCCCTC,DC,cDC2,CD14+ Monocytes,CD14 Mono,0.0,hao_stateful_gemini_run05
E2L4_TAACCAGCATCCTTGC,CD8 T,CD8 TEM,CD8+ T cells,CD8 T cell (subtype unclear),0.5,hao_stateful_gemini_run05
E2L2_CGTTGGGAGAACAAGG,CD4 T,CD4 Proliferating,Proliferating cells,Proliferating lymphocyte (lineage unclear),0.5,hao_stateful_gemini_run05
L1_GCGATCGCAAATGATG,CD8 T,CD8 Naive,CD4+ T cells,CD4 T cell (subtype unclear),0.0,hao_stateful_gemini_run05
E2L5_CTGCTCACAGTGACCC,CD8 T,CD8 TEM,CD8+ T cells,CD8 T cell (subtype unclear),0.5,hao_stateful_gemini_run05
E2L1_CGATGGCCATGAATAG,CD8 T,CD8 TEM,CD8+ T cells,CD8 T cell (subtype unclear),0.5,hao_stateful_gemini_run05
E2L5_AGTGTTGGTGTTGCCG,CD4 T,CD4 TEM,CD4+ T cells,CD4 T cell (subtype unclear),0.5,hao_stateful_gemini_run05
E2L1_ATGCGATCAACCCGCA,CD8 T,CD8 TCM,CD4+ T cells,CD4 T cell (subtype unclear),0.0,hao_stateful_gemini_run05
L1_GTTGCGGAGTATGTAG,CD4 T,Treg,CD4+ T cells,CD4 T cell (subtype unclear),0.5,hao_stateful_gemini_run05
L1_GGGTGAAGTTCGTAAC,other T,MAIT,CD8+ T cells,CD8 T cell (subtype unclear),0.0,hao_stateful_gemini_run05
L4_TTACCATCAGCAGTGA,B,Plasmablast,Plasma cells,Plasmablast,1.0,hao_stateful_gemini_run05
L2_GATGTTGAGCCAAGCA,other T,dnT,Memory/Effector T cells,T cell (CD4/CD8/other unclear),0.5,hao_stateful_gemini_run05
L2_TCACATTCAATGGCAG,CD4 T,CD4 TEM,CD4+ T cells,CD4 T cell (subtype unclear),0.5,hao_stateful_gemini_run05
L2_TCATGTTAGTATGGAT,CD8 T,CD8 TEM,CD4+ T cells,CD4 T cell (subtype unclear),0.0,hao_stateful_gemini_run05
L2_TTCATGTAGGAAGAAC,B,Plasmablast,Plasma cells,Plasmablast,1.0,hao_stateful_gemini_run05
E2L8_GTCACTCTCACCCTCA,other,Eryth,Erythrocytes,Eryth,1.0,hao_stateful_gemini_run05
E2L3_AAAGGGCTCGACATAC,other,Platelet,Platelets,Platelet,1.0,hao_stateful_gemini_run05
E2L7_GTGGGAAGTGAATATG,CD8 T,CD8 Naive,CD4+ T cells,CD4 T cell (subtype unclear),0.0,hao_stateful_gemini_run05
E2L3_AGCCAATTCCGTGGGT,CD4 T,CD4 Naive,CD4+ T cells,CD4 T cell (subtype unclear),0.5,hao_stateful_gemini_run05
E2L8_CTTTCAAAGGCACGAT,other,Eryth,Erythrocytes,Eryth,1.0,hao_stateful_gemini_run05
L2_CATTGCCCAGATCACT,Mono,CD14 Mono,CD16+ Monocytes,CD16 Mono,0.5,hao_stateful_gemini_run05
L4_GATCACATCCAATCCC,DC,cDC1,Conventional Dendritic cells,Dendritic cell (subtype unclear),0.5,hao_stateful_gemini_run05
E2L2_AATGCCATCCTGTTAT,other T,MAIT,CD8+ T cells,CD8 T cell (subtype unclear),0.0,hao_stateful_gemini_run05
E2L6_AACGGGATCCAACTGA,DC,cDC2,CD14+ Monocytes,CD14 Mono,0.0,hao_stateful_gemini_run05
E2L6_CTGCATCGTGTCTTGA,NK,NK_CD56bright,NK cells,NK,0.5,hao_stateful_gemini_run05
E2L2_GATGGAGCATTCACAG,CD4 T,CD4 TCM,CD4+ T cells,CD4 T cell (subtype unclear),0.5,hao_stateful_gemini_run05
E2L3_CAGATACAGCCGGATA,DC,pDC,Plasmacytoid Dendritic cells,pDC,1.0,hao_stateful_gemini_run05
L3_TTACCGCAGCCAGTAG,CD8 T,CD8 Proliferating,CD4+ T cells,CD4 T cell (subtype unclear),0.0,hao_stateful_gemini_run05
L5_CCTACGTCAGCTACAT,other,HSPC,HSPC,HSPC,1.0,hao_stateful_gemini_run05
E2L5_TGCCGAGTCTGGGTCG,CD4 T,CD4 Naive,CD4+ T cells,CD4 T cell (subtype unclear),0.5,hao_stateful_gemini_run05
E2L2_AGAGCAGCAGCATTGT,CD4 T,CD4 TEM,CD4+ T cells,CD4 T cell (subtype unclear),0.5,hao_stateful_gemini_run05
L3_TGCAGTATCGGCCCAA,CD4 T,CD4 Proliferating,Proliferating cells,Proliferating lymphocyte (lineage unclear),0.5,hao_stateful_gemini_run05
L1_GTTAGTGCACACGGAA,CD8 T,CD8 TEM,CD8+ T cells,CD8 T cell (subtype unclear),0.5,hao_stateful_gemini_run05
E2L7_TGCGGCAAGAGGACTC,other T,MAIT,CD8+ T cells,CD8 T cell (subtype unclear),0.0,hao_stateful_gemini_run05
L4_GAGGGTAAGCGCAATG,other,HSPC,HSPC,HSPC,1.0,hao_stateful_gemini_run05
E2L6_CACATGAGTCGAATGG,NK,NK_CD56bright,NK cells,NK,0.5,hao_stateful_gemini_run05
L1_GAGTTGTTCATTCGTT,CD4 T,CD4 Naive,CD4+ T cells,CD4 T cell (subtype unclear),0.5,hao_stateful_gemini_run05
E2L4_GAGTGAGCAAACCATC,CD8 T,CD8 Proliferating,Proliferating cells,Proliferating lymphocyte (lineage unclear),0.5,hao_stateful_gemini_run05
L4_ATCCCTGGTATCAGCT,other T,MAIT,CD8+ T cells,CD8 T cell (subtype unclear),0.0,hao_stateful_gemini_run05
L5_TGATGCAAGTCGCGAA,DC,cDC1,Conventional Dendritic cells,Dendritic cell (subtype unclear),0.5,hao_stateful_gemini_run05
E2L2_TGGGCTGGTCGCTTAA,Mono,CD16 Mono,CD16+ Monocytes,CD16 Mono,1.0,hao_stateful_gemini_run05
L2_GGGACCTGTCCCACGA,DC,pDC,Plasmacytoid Dendritic cells,pDC,1.0,hao_stateful_gemini_run05
L3_GGCTTTCAGTAAGAGG,CD4 T,Treg,CD4+ T cells,CD4 T cell (subtype unclear),0.5,hao_stateful_gemini_run05
E2L1_GGAAGTGAGAGTGTTA,other,Platelet,Platelets,Platelet,1.0,hao_stateful_gemini_run05
E2L1_AGGTTACCAATTGAGA,B,B memory,B cells,B cell (subtype unclear),0.5,hao_stateful_gemini_run05
E2L7_ACTCCCAGTTGGGCCT,CD8 T,CD8 TEM,CD8+ T cells,CD8 T cell (subtype unclear),0.5,hao_stateful_gemini_run05
E2L3_TGTAAGCCAATTCGTG,DC,cDC2,CD14+ Monocytes,CD14 Mono,0.0,hao_stateful_gemini_run05
L5_CACATGATCGCCGTGA,NK,NK,CD8+ T cells,CD8 T cell (subtype unclear),0.0,hao_stateful_gemini_run05
E2L8_GGTGTCGCAAGCACCC,Mono,CD14 Mono,CD14+ Monocytes,CD14 Mono,1.0,hao_stateful_gemini_run05
E2L4_GGATCTAGTCGAGTGA,CD8 T,CD8 TEM,CD8+ T cells,CD8 T cell (subtype unclear),0.5,hao_stateful_gemini_run05
L5_CATGGTACAAGGTCTT,other,ILC,NK cells,NK,0.0,hao_stateful_gemini_run05
L5_GGAACCCGTTCTCAGA,DC,pDC,Plasmacytoid Dendritic cells,pDC,1.0,hao_stateful_gemini_run05
E2L2_AAATGGACATTGTGCA,DC,cDC2,CD14+ Monocytes,CD14 Mono,0.0,hao_stateful_gemini_run05
E2L1_CTTGAGACAAAGGCGT,other,HSPC,CD4+ T cells,CD4 T cell (subtype unclear),0.0,hao_stateful_gemini_run05
E2L2_GCACGGTGTTGACTGT,NK,NK,CD8+ T cells,CD8 T cell (subtype unclear),0.0,hao_stateful_gemini_run05
L4_CTATAGGTCCCGTTCA,NK,NK,CD8+ T cells,CD8 T cell (subtype unclear),0.0,hao_stateful_gemini_run05
E2L8_CTGATCCTCCTCAGGG,CD8 T,CD8 TEM,CD8+ T cells,CD8 T cell (subtype unclear),0.5,hao_stateful_gemini_run05
E2L2_TGCTGAAGTCGTTGGC,B,B memory,B cells,B cell (subtype unclear),0.5,hao_stateful_gemini_run05
E2L3_CGTTCTGGTAGAGCTG,other T,MAIT,CD8+ T cells,CD8 T cell (subtype unclear),0.0,hao_stateful_gemini_run05
E2L6_ACGTAGTTCGATCCCT,B,Plasmablast,Plasma cells,Plasmablast,1.0,hao_stateful_gemini_run05
E2L7_GTGCTTCCACCAGCTG,other,Platelet,Platelets,Platelet,1.0,hao_stateful_gemini_run05
E2L4_TCGTAGACAACACGAG,B,B naive,B cells,B cell (subtype unclear),0.5,hao_stateful_gemini_run05
E2L4_TTCACCGCACTTGTCC,B,Plasmablast,Plasma cells,Plasmablast,1.0,hao_stateful_gemini_run05
E2L2_ACGTAGTGTATTCCGA,B,B naive,B cells,B cell (subtype unclear),0.5,hao_stateful_gemini_run05
E2L1_TTGTGTTCACCGGCTA,B,B naive,B cells,B cell (subtype unclear),0.5,hao_stateful_gemini_run05
L5_CCTCATGCATGACGAG,NK,NK,CD8+ T cells,CD8 T cell (subtype unclear),0.0,hao_stateful_gemini_run05
E2L4_TTTCAGTTCCTATTGT,other T,MAIT,CD8+ T cells,CD8 T cell (subtype unclear),0.0,hao_stateful_gemini_run05
E2L5_TGTAACGCAACACAAA,other,ILC,NK cells,NK,0.0,hao_stateful_gemini_run05
E2L2_CGGGTCATCCAGCCTT,Mono,CD14 Mono,CD14+ Monocytes,CD14 Mono,1.0,hao_stateful_gemini_run05
L1_GTTAGACTCTAGTTCT,CD4 T,CD4 TCM,CD4+ T cells,CD4 T cell (subtype unclear),0.5,hao_stateful_gemini_run05
L1_GTACAACAGTTATGGA,other,HSPC,HSPC,HSPC,1.0,hao_stateful_gemini_run05
L1_GAGTTTGTCGTAGAGG,CD4 T,CD4 CTL,CD8+ T cells,CD8 T cell (subtype unclear),0.0,hao_stateful_gemini_run05
L3_TCGCTTGCAACTCCAA,B,B naive,B cells,B cell (subtype unclear),0.5,hao_stateful_gemini_run05
E2L4_TCGGATATCTTCCCGA,CD4 T,CD4 Naive,CD4+ T cells,CD4 T cell (subtype unclear),0.5,hao_stateful_gemini_run05
E2L7_TTACAGGAGCTCGGCT,NK,NK,CD8+ T cells,CD8 T cell (subtype unclear),0.0,hao_stateful_gemini_run05
E2L6_GAGAAATCACGGCACT,DC,pDC,Plasmacytoid Dendritic cells,pDC,1.0,hao_stateful_gemini_run05
L1_GTTATGGTCTCACTCG,CD8 T,CD8 Naive,CD4+ T cells,CD4 T cell (subtype unclear),0.0,hao_stateful_gemini_run05
L3_CAGATACCACAAGGTG,NK,NK_CD56bright,NK cells,NK,0.5,hao_stateful_gemini_run05
E2L6_CCTACGTTCGAATCCA,other T,MAIT,CD8+ T cells,CD8 T cell (subtype unclear),0.0,hao_stateful_gemini_run05
E2L5_GTTTACTTCTGTTCAT,B,Plasmablast,Plasma cells,Plasmablast,1.0,hao_stateful_gemini_run05
L4_CCACGAGAGAGAGTTT,other T,MAIT,CD8+ T cells,CD8 T cell (subtype unclear),0.0,hao_stateful_gemini_run05
E2L6_TAAGCACAGTACGAGC,DC,pDC,Plasmacytoid Dendritic cells,pDC,1.0,hao_stateful_gemini_run05
L5_GTACAACAGACAGCTG,other T,dnT,Memory/Effector T cells,T cell (CD4/CD8/other unclear),0.5,hao_stateful_gemini_run05
L4_ATGTCCCCATACAGGG,CD4 T,CD4 TEM,CD4+ T cells,CD4 T cell (subtype unclear),0.5,hao_stateful_gemini_run05
E2L4_ATTACCTAGATACAGT,CD8 T,CD8 Proliferating,Proliferating cells,Proliferating lymphocyte (lineage unclear),0.5,hao_stateful_gemini_run05
L1_GGGCTCAGTTCTTAGG,other,HSPC,HSPC,HSPC,1.0,hao_stateful_gemini_run05
L1_CACTAAGCACGAAAGC,other T,MAIT,CD8+ T cells,CD8 T cell (subtype unclear),0.0,hao_stateful_gemini_run05
E2L6_AGTTAGCTCTAAGCGT,DC,pDC,Plasmacytoid Dendritic cells,pDC,1.0,hao_stateful_gemini_run05
L4_CTCCCTCGTCCGAAGA,DC,pDC,Plasmacytoid Dendritic cells,pDC,1.0,hao_stateful_gemini_run05
L5_ACCCTCAGTGGATCAG,Mono,CD16 Mono,CD16+ Monocytes,CD16 Mono,1.0,hao_stateful_gemini_run05
L2_GCCAGCATCGAGCCAC,NK,NK_CD56bright,NK cells,NK,0.5,hao_stateful_gemini_run05
E2L8_TATCAGGCAAGTTGGG,other,HSPC,HSPC,HSPC,1.0,hao_stateful_gemini_run05
L1_CCGGGTAGTTTACTGG,B,Plasmablast,Plasma cells,Plasmablast,1.0,hao_stateful_gemini_run05
E2L8_GGGACAATCTTGGTCC,NK,NK,CD8+ T cells,CD8 T cell (subtype unclear),0.0,hao_stateful_gemini_run05
L1_CTCCATGCATCGGCCA,other T,dnT,Memory/Effector T cells,T cell (CD4/CD8/other unclear),0.5,hao_stateful_gemini_run05
L5_TTACCATAGATAACAC,CD4 T,CD4 CTL,CD8+ T cells,CD8 T cell (subtype unclear),0.0,hao_stateful_gemini_run05
E2L7_ATTCCTACAGGTCCCA,CD8 T,CD8 TCM,CD4+ T cells,CD4 T cell (subtype unclear),0.0,hao_stateful_gemini_run05
E2L2_CTTACCGTCTCCTGCA,NK,NK,CD8+ T cells,CD8 T cell (subtype unclear),0.0,hao_stateful_gemini_run05
L4_CCATCACAGACGCCCT,CD4 T,CD4 CTL,CD8+ T cells,CD8 T cell (subtype unclear),0.0,hao_stateful_gemini_run05
L1_AGGGTCCAGACTACCT,DC,pDC,Plasmacytoid Dendritic cells,pDC,1.0,hao_stateful_gemini_run05
E2L3_TTCACGCCAGCAGTTT,other T,dnT,Memory/Effector T cells,T cell (CD4/CD8/other unclear),0.5,hao_stateful_gemini_run05
L2_GAATCGTTCCACGTGG,B,B intermediate,B cells,B cell (subtype unclear),0.5,hao_stateful_gemini_run05
L3_GTCGTAATCCGTGACG,Mono,CD14 Mono,CD16+ Monocytes,CD16 Mono,0.5,hao_stateful_gemini_run05
L2_GAGATGGTCGAATGCT,other,HSPC,HSPC,HSPC,1.0,hao_stateful_gemini_run05
E2L8_TTTGATCCAATGTGGG,other,Platelet,Platelets,Platelet,1.0,hao_stateful_gemini_run05
E2L7_AACCATGAGCGGGTTA,DC,cDC2,CD14+ Monocytes,CD14 Mono,0.0,hao_stateful_gemini_run05
E2L6_GGGAGATGTGCATTTG,CD8 T,CD8 TCM,CD4+ T cells,CD4 T cell (subtype unclear),0.0,hao_stateful_gemini_run05
E2L4_CATGAGTCACGACGCT,NK,NK Proliferating,Proliferating cells,Proliferating lymphocyte (lineage unclear),0.5,hao_stateful_gemini_run05
E2L6_TCAGTCCGTGTTACTG,DC,cDC2,CD14+ Monocytes,CD14 Mono,0.0,hao_stateful_gemini_run05
L1_GTATTTCCATGGCTGC,other,HSPC,HSPC,HSPC,1.0,hao_stateful_gemini_run05
E2L1_CTTCTAACAGGCTCTG,other,HSPC,HSPC,HSPC,1.0,hao_stateful_gemini_run05
E2L4_TACCCACCACCGCTGA,CD8 T,CD8 TCM,CD4+ T cells,CD4 T cell (subtype unclear),0.0,hao_stateful_gemini_run05
L5_TACATTCTCTTTGATC,other,Platelet,CD8+ T cells,CD8 T cell (subtype unclear),0.0,hao_stateful_gemini_run05
E2L6_GCCGTGAGTAGACAGC,CD4 T,CD4 TEM,CD4+ T cells,CD4 T cell (subtype unclear),0.5,hao_stateful_gemini_run05
E2L7_GTGCAGCTCCGTGGGT,CD4 T,CD4 TEM,CD4+ T cells,CD4 T cell (subtype unclear),0.5,hao_stateful_gemini_run05
L5_CGCCAGACAAACCACT,CD8 T,CD8 TEM,CD8+ T cells,CD8 T cell (subtype unclear),0.5,hao_stateful_gemini_run05
L1_AGGCTGCTCTAGCCTC,DC,pDC,Plasmacytoid Dendritic cells,pDC,1.0,hao_stateful_gemini_run05
E2L2_CCACGTTGTGGGACAT,B,B memory,B cells,B cell (subtype unclear),0.5,hao_stateful_gemini_run05
L4_GTAAGTCGTCGCATGC,DC,cDC1,Conventional Dendritic cells,Dendritic cell (subtype unclear),0.5,hao_stateful_gemini_run05
E2L1_AATAGAGTCCGGACGT,NK,NK_CD56bright,NK cells,NK,0.5,hao_stateful_gemini_run05
L2_TTGTGGATCTGCCTCA,other T,MAIT,CD8+ T cells,CD8 T cell (subtype unclear),0.0,hao_stateful_gemini_run05
E2L4_AGGTCTAAGCCTCAGC,NK,NK_CD56bright,NK cells,NK,0.5,hao_stateful_gemini_run05
L2_GTGCAGCAGGTTGGTG,CD4 T,CD4 Proliferating,Proliferating cells,Proliferating lymphocyte (lineage unclear),0.5,hao_stateful_gemini_run05
L1_ATTGTTCAGCCACAAG,CD8 T,CD8 Naive,CD4+ T cells,CD4 T cell (subtype unclear),0.0,hao_stateful_gemini_run05
L3_GATCACACAGTTCCAA,other,Platelet,Platelets,Platelet,1.0,hao_stateful_gemini_run05
E2L6_CACTAAGTCGTTCTAT,Mono,CD16 Mono,CD16+ Monocytes,CD16 Mono,1.0,hao_stateful_gemini_run05
L4_GGAATGGCAGAAGCGT,CD8 T,CD8 Naive,CD4+ T cells,CD4 T cell (subtype unclear),0.0,hao_stateful_gemini_run05
L2_CATGCTCAGTATGATG,CD4 T,Treg,CD4+ T cells,CD4 T cell (subtype unclear),0.5,hao_stateful_gemini_run05
L5_GTAGGTTCATCCTAAG,other T,dnT,CD4+ T cells,CD4 T cell (subtype unclear),0.0,hao_stateful_gemini_run05
E2L4_ACGATCACAATAGAGT,other,Platelet,Platelets,Platelet,1.0,hao_stateful_gemini_run05
E2L2_AATCACGCATCCGATA,NK,NK_CD56bright,NK cells,NK,0.5,hao_stateful_gemini_run05
E2L2_TCAGTGATCTAAGCCA,other,ILC,NK cells,NK,0.0,hao_stateful_gemini_run05
E2L2_CAAAGAAGTACCGGAA,other T,gdT,CD8+ T cells,CD8 T cell (subtype unclear),0.0,hao_stateful_gemini_run05
E2L6_CCGGACAAGAGTTGTA,DC,pDC,Plasmacytoid Dendritic cells,pDC,1.0,hao_stateful_gemini_run05
E2L5_TTCGCTGGTCAGGAGT,B,B memory,B cells,B cell (subtype unclear),0.5,hao_stateful_gemini_run05
E2L7_TTTACTGCAGCGTTGC,DC,cDC2,CD14+ Monocytes,CD14 Mono,0.0,hao_stateful_gemini_run05
L4_TACCTCGCACACACGC,CD8 T,CD8 TEM,CD8+ T cells,CD8 T cell (subtype unclear),0.5,hao_stateful_gemini_run05
L5_CGACAGCTCTCGTGAA,CD4 T,Treg,CD4+ T cells,CD4 T cell (subtype unclear),0.5,hao_stateful_gemini_run05
L5_CCCTGATGTCCCGGTA,B,Plasmablast,Plasma cells,Plasmablast,1.0,hao_stateful_gemini_run05
E2L3_TAGACCATCTTTGATC,CD4 T,CD4 TEM,CD4+ T cells,CD4 T cell (subtype unclear),0.5,hao_stateful_gemini_run05
L1_AGGCTGCTCTGCGGAC,CD4 T,Treg,CD4+ T cells,CD4 T cell (subtype unclear),0.5,hao_stateful_gemini_run05
E2L3_TAACGACAGCCTTTGA,other,HSPC,HSPC,HSPC,1.0,hao_stateful_gemini_run05
E2L6_GTTCTATAGGAGGCAG,CD8 T,CD8 Naive,CD4+ T cells,CD4 T cell (subtype unclear),0.0,hao_stateful_gemini_run05
E2L3_ATATCCTTCTGCTTAT,other T,dnT,CD4+ T cells,CD4 T cell (subtype unclear),0.0,hao_stateful_gemini_run05
E2L1_AGTCAACAGCATGCAG,DC,cDC2,CD14+ Monocytes,CD14 Mono,0.0,hao_stateful_gemini_run05
L1_GTCTCACCATTGTCGA,CD4 T,CD4 TCM,CD4+ T cells,CD4 T cell (subtype unclear),0.5,hao_stateful_gemini_run05
L4_CGAGGAAGTTCAGCGC,CD8 T,CD8 Naive,CD4+ T cells,CD4 T cell (subtype unclear),0.0,hao_stateful_gemini_run05
L4_GTGCAGCCAAATAAGC,CD8 T,CD8 TEM,CD8+ T cells,CD8 T cell (subtype unclear),0.5,hao_stateful_gemini_run05
L3_ACGGTCGGTGCCGTTG,B,B naive,B cells,B cell (subtype unclear),0.5,hao_stateful_gemini_run05
E2L3_TCATATCTCTGCGATA,CD8 T,CD8 TEM,CD4+ T cells,CD4 T cell (subtype unclear),0.0,hao_stateful_gemini_run05
E2L2_TGCAGATTCACGGTCG,CD8 T,CD8 TEM,CD8+ T cells,CD8 T cell (subtype unclear),0.5,hao_stateful_gemini_run05
E2L7_CCACACTCACGCGTGT,NK,NK,CD8+ T cells,CD8 T cell (subtype unclear),0.0,hao_stateful_gemini_run05
E2L7_GTGCAGCCAAGATGTA,Mono,CD16 Mono,CD16+ Monocytes,CD16 Mono,1.0,hao_stateful_gemini_run05
L5_TTACAGGGTTCTTGCC,Mono,CD16 Mono,CD16+ Monocytes,CD16 Mono,1.0,hao_stateful_gemini_run05
E2L2_CCCTCAAAGTGGCAGT,other T,gdT,CD8+ T cells,CD8 T cell (subtype unclear),0.0,hao_stateful_gemini_run05
E2L7_GAAGTAAGTATCAGCT,other,Platelet,Platelets,Platelet,1.0,hao_stateful_gemini_run05
L3_GGTCACGCACCGTCTT,CD4 T,CD4 TEM,CD4+ T cells,CD4 T cell (subtype unclear),0.5,hao_stateful_gemini_run05
L2_TCCTAATTCCAGTGCG,CD4 T,CD4 TCM,CD4+ T cells,CD4 T cell (subtype unclear),0.5,hao_stateful_gemini_run05
L2_TTCCTCTTCGGCTATA,CD4 T,CD4 Naive,CD4+ T cells,CD4 T cell (subtype unclear),0.5,hao_stateful_gemini_run05
L1_TGATCTTTCGCTGACG,CD4 T,CD4 TCM,CD4+ T cells,CD4 T cell (subtype unclear),0.5,hao_stateful_gemini_run05
E2L2_TTTACCAGTCAAGTTC,NK,NK Proliferating,Proliferating cells,Proliferating lymphocyte (lineage unclear),0.5,hao_stateful_gemini_run05
E2L5_GATGGAGTCCGCGGAT,other,Platelet,Platelets,Platelet,1.0,hao_stateful_gemini_run05
E2L2_GCAACATGTATACCTG,DC,cDC2,CD14+ Monocytes,CD14 Mono,0.0,hao_stateful_gemini_run05
L2_CTTTCGGAGAGAGCCT,B,B memory,B cells,B cell (subtype unclear),0.5,hao_stateful_gemini_run05
E2L8_TCCGGGAGTGTTGATC,CD4 T,CD4 CTL,CD8+ T cells,CD8 T cell (subtype unclear),0.0,hao_stateful_gemini_run05
E2L7_TCATGAGGTCTCAAGT,other,Eryth,Erythrocytes,Eryth,1.0,hao_stateful_gemini_run05
L1_GTGAGCCAGATTCGCT,DC,cDC2,CD14+ Monocytes,CD14 Mono,0.0,hao_stateful_gemini_run05
E2L5_ATAGACCTCAATCCGA,CD4 T,CD4 TEM,CD4+ T cells,CD4 T cell (subtype unclear),0.5,hao_stateful_gemini_run05
E2L3_AGTCTCCAGTTGAAAC,B,B intermediate,B cells,B cell (subtype unclear),0.5,hao_stateful_gemini_run05
L3_AGGGTTTGTGTGACCC,other,Platelet,Platelets,Platelet,1.0,hao_stateful_gemini_run05
E2L5_GAAATGATCGCGTGCA,other T,gdT,CD4+ T cells,CD4 T cell (subtype unclear),0.0,hao_stateful_gemini_run05
L4_TCTACCGAGCGTTGTT,other T,dnT,CD4+ T cells,CD4 T cell (subtype unclear),0.0,hao_stateful_gemini_run05
E2L5_AGGAGGTAGTGTTCAC,CD4 T,CD4 Proliferating,Proliferating cells,Proliferating lymphocyte (lineage unclear),0.5,hao_stateful_gemini_run05
E2L8_ACGTAGTTCATGAAAG,NK,NK_CD56bright,NK cells,NK,0.5,hao_stateful_gemini_run05
L3_TCACACCCAAGTGGGT,CD4 T,CD4 Naive,CD4+ T cells,CD4 T cell (subtype unclear),0.5,hao_stateful_gemini_run05
E2L3_TACTTGTTCGAAGCCC,Mono,CD16 Mono,CD16+ Monocytes,CD16 Mono,1.0,hao_stateful_gemini_run05
E2L5_CAAGAGGCATACTTTC,NK,NK,CD8+ T cells,CD8 T cell (subtype unclear),0.0,hao_stateful_gemini_run05
L5_GTAGAGGTCTTTACAC,other T,gdT,CD8+ T cells,CD8 T cell (subtype unclear),0.0,hao_stateful_gemini_run05
E2L6_TGAGGAGTCGTACCTC,DC,pDC,Plasmacytoid Dendritic cells,pDC,1.0,hao_stateful_gemini_run05
L1_TAATCTCAGCGTGTTT,CD8 T,CD8 TEM,CD8+ T cells,CD8 T cell (subtype unclear),0.5,hao_stateful_gemini_run05
E2L1_ACCACAAAGAGCATAT,other T,MAIT,CD8+ T cells,CD8 T cell (subtype unclear),0.0,hao_stateful_gemini_run05
E2L7_AACAAAGGTTCAGTAC,Mono,CD14 Mono,CD14+ Monocytes,CD14 Mono,1.0,hao_stateful_gemini_run05
L5_CGTTAGATCGGACAAG,CD8 T,CD8 TEM,CD4+ T cells,CD4 T cell (subtype unclear),0.0,hao_stateful_gemini_run05
L3_ACACCAAGTAACGCGA,B,B naive,B cells,B cell (subtype unclear),0.5,hao_stateful_gemini_run05
E2L6_TACAGGTTCTGCCTGT,NK,NK Proliferating,Proliferating cells,Proliferating lymphocyte (lineage unclear),0.5,hao_stateful_gemini_run05
E2L2_GTCATCCTCCTCGATC,other T,gdT,CD8+ T cells,CD8 T cell (subtype unclear),0.0,hao_stateful_gemini_run05
L1_GCAACCGGTAGTGTGG,B,B memory,B cells,B cell (subtype unclear),0.5,hao_stateful_gemini_run05
L5_CATCAAGCATTCATCT,DC,cDC2,CD14+ Monocytes,CD14 Mono,0.0,hao_stateful_gemini_run05
E2L7_TAACCAGGTGGCTACC,CD4 T,CD4 CTL,CD8+ T cells,CD8 T cell (subtype unclear),0.0,hao_stateful_gemini_run05
E2L1_AGGGTTTGTGCGGTAA,other,HSPC,HSPC,HSPC,1.0,hao_stateful_gemini_run05
L5_TCAAGCATCCGAAATC,CD4 T,CD4 TCM,CD4+ T cells,CD4 T cell (subtype unclear),0.5,hao_stateful_gemini_run05
E2L1_GCGATCGAGTATGACA,DC,pDC,Plasmacytoid Dendritic cells,pDC,1.0,hao_stateful_gemini_run05
E2L3_AGACAAAAGATGACCG,CD8 T,CD8 Proliferating,Proliferating cells,Proliferating lymphocyte (lineage unclear),0.5,hao_stateful_gemini_run05
L3_GGCTTTCTCCTAAACG,CD8 T,CD8 TCM,CD4+ T cells,CD4 T cell (subtype unclear),0.0,hao_stateful_gemini_run05
E2L8_ATCCTATAGAGGGTGG,B,B intermediate,B cells,B cell (subtype unclear),0.5,hao_stateful_gemini_run05
L2_TAGTGCACAATCTGCA,other T,MAIT,CD8+ T cells,CD8 T cell (subtype unclear),0.0,hao_stateful_gemini_run05
E2L8_GTTGCTCTCGGTGTTA,CD4 T,CD4 CTL,CD8+ T cells,CD8 T cell (subtype unclear),0.0,hao_stateful_gemini_run05
L2_TTACAGGCAGACGGAT,DC,pDC,Plasmacytoid Dendritic cells,pDC,1.0,hao_stateful_gemini_run05
E2L7_CCGGTAGGTGTAGCAG,CD8 T,CD8 TCM,CD4+ T cells,CD4 T cell (subtype unclear),0.0,hao_stateful_gemini_run05
E2L4_ACAGGGATCGGTGTAT,CD4 T,Treg,CD4+ T cells,CD4 T cell (subtype unclear),0.5,hao_stateful_gemini_run05
L2_CCGATCTGTCGTGGTC,CD4 T,CD4 TCM,CD4+ T cells,CD4 T cell (subtype unclear),0.5,hao_stateful_gemini_run05
E2L8_TCTTGCGTCAGCTTGA,B,B memory,B cells,B cell (subtype unclear),0.5,hao_stateful_gemini_run05
E2L2_ACGTTCCAGCTGGCTC,NK,NK_CD56bright,NK cells,NK,0.5,hao_stateful_gemini_run05
E2L2_TTGAACGGTGTTTGCA,NK,NK,CD8+ T cells,CD8 T cell (subtype unclear),0.0,hao_stateful_gemini_run05
E2L8_AAGACTCAGCGATCGA,CD8 T,CD8 TEM,CD8+ T cells,CD8 T cell (subtype unclear),0.5,hao_stateful_gemini_run05
E2L5_GCATTAGGTACAGTTC,B,Plasmablast,Plasma cells,Plasmablast,1.0,hao_stateful_gemini_run05
E2L4_GCCAGGTTCTGTCGTC,CD8 T,CD8 Proliferating,Proliferating cells,Proliferating lymphocyte (lineage unclear),0.5,hao_stateful_gemini_run05
L4_GCATCGGCATGGCTGC,other T,MAIT,CD8+ T cells,CD8 T cell (subtype unclear),0.0,hao_stateful_gemini_run05
L4_ACCATTTAGCATCCCG,other T,gdT,CD8+ T cells,CD8 T cell (subtype unclear),0.0,hao_stateful_gemini_run05
L3_TGCGACGGTGGTCCCA,DC,cDC2,CD14+ Monocytes,CD14 Mono,0.0,hao_stateful_gemini_run05
L2_TTAGTCTTCTGGCCAG,other T,dnT,CD4+ T cells,CD4 T cell (subtype unclear),0.0,hao_stateful_gemini_run05
E2L8_TCATGTTGTGTTCAGT,NK,NK_CD56bright,NK cells,NK,0.5,hao_stateful_gemini_run05
L4_GCGGATCCAACGGGTA,B,Plasmablast,Plasma cells,Plasmablast,1.0,hao_stateful_gemini_run05
E2L1_TCAAGACGTATCGGTT,CD4 T,CD4 Naive,CD4+ T cells,CD4 T cell (subtype unclear),0.5,hao_stateful_gemini_run05
L5_GAAGTAATCTTCGTGC,other T,MAIT,CD8+ T cells,CD8 T cell (subtype unclear),0.0,hao_stateful_gemini_run05
E2L2_TTTGATCAGCCATTCA,NK,NK,CD8+ T cells,CD8 T cell (subtype unclear),0.0,hao_stateful_gemini_run05
L3_TGGGAGAGTCCGCAGT,Mono,CD16 Mono,CD16+ Monocytes,CD16 Mono,1.0,hao_stateful_gemini_run05
L5_CGGAGAATCAGCTCTC,DC,cDC1,Conventional Dendritic cells,Dendritic cell (subtype unclear),0.5,hao_stateful_gemini_run05
E2L6_TTCGCTGGTACGGTTT,NK,NK_CD56bright,NK cells,NK,0.5,hao_stateful_gemini_run05
L1_GCTGAATCATGGAGAC,CD4 T,CD4 Naive,CD4+ T cells,CD4 T cell (subtype unclear),0.5,hao_stateful_gemini_run05
E2L8_ATCTCTAAGGCCATAG,B,B naive,B cells,B cell (subtype unclear),0.5,hao_stateful_gemini_run05
L4_TACTTCAGTAAGATTG,B,B intermediate,B cells,B cell (subtype unclear),0.5,hao_stateful_gemini_run05
E2L5_CTCCTTTTCACTTGGA,B,B naive,B cells,B cell (subtype unclear),0.5,hao_stateful_gemini_run05
E2L3_CGGGCATGTCCAAGAG,CD8 T,CD8 TEM,CD8+ T cells,CD8 T cell (subtype unclear),0.5,hao_stateful_gemini_run05
E2L7_GTGATGTGTATGGGAC,Mono,CD14 Mono,CD16+ Monocytes,CD16 Mono,0.5,hao_stateful_gemini_run05
L3_TGTAGACTCACTGAAC,B,B memory,B cells,B cell (subtype unclear),0.5,hao_stateful_gemini_run05
L2_TGAGCATCAATGACCT,CD4 T,CD4 TEM,CD4+ T cells,CD4 T cell (subtype unclear),0.5,hao_stateful_gemini_run05
L5_TGATCAGAGATGGTCG,NK,NK_CD56bright,NK cells,NK,0.5,hao_stateful_gemini_run05
E2L6_TCCCACATCAAGGTGG,DC,cDC1,Conventional Dendritic cells,Dendritic cell (subtype unclear),0.5,hao_stateful_gemini_run05
L5_CGTAGTATCGACCACG,CD8 T,CD8 Naive,CD4+ T cells,CD4 T cell (subtype unclear),0.0,hao_stateful_gemini_run05
E2L4_ACTATCTTCGACACTA,B,B memory,B cells,B cell (subtype unclear),0.5,hao_stateful_gemini_run05
E2L5_TACACCCTCTGTCCCA,other T,dnT,CD4+ T cells,CD4 T cell (subtype unclear),0.0,hao_stateful_gemini_run05
L3_TACTTCACAAGACGAC,other,ILC,NK cells,NK,0.0,hao_stateful_gemini_run05
L4_CTCTCAGAGACGCTCC,Mono,CD14 Mono,CD16+ Monocytes,CD16 Mono,0.5,hao_stateful_gemini_run05
L4_GGAAGTGAGGTGATCG,other T,MAIT,CD8+ T cells,CD8 T cell (subtype unclear),0.0,hao_stateful_gemini_run05
L2_TTCCGTGCAATAGTAG,B,Plasmablast,Plasma cells,Plasmablast,1.0,hao_stateful_gemini_run05
L4_TGCGGGTAGCGTCAGA,B,B naive,B cells,B cell (subtype unclear),0.5,hao_stateful_gemini_run05
E2L5_TCATGTTCAATCTCTT,other T,dnT,Memory/Effector T cells,T cell (CD4/CD8/other unclear),0.5,hao_stateful_gemini_run05
L1_TCGAAGTCAACCTAAC,DC,cDC1,Conventional Dendritic cells,Dendritic cell (subtype unclear),0.5,hao_stateful_gemini_run05
L3_AAACCCATCTGTCAGA,CD8 T,CD8 TEM,CD8+ T cells,CD8 T cell (subtype unclear),0.5,hao_stateful_gemini_run05
L5_GTAGGAGAGCTGGCTC,CD4 T,CD4 Naive,CD4+ T cells,CD4 T cell (subtype unclear),0.5,hao_stateful_gemini_run05
L4_AAAGAACTCCAACCGG,CD4 T,CD4 CTL,CD8+ T cells,CD8 T cell (subtype unclear),0.0,hao_stateful_gemini_run05
L2_AGAAATGGTGCCTTCT,B,B memory,B cells,B cell (subtype unclear),0.5,hao_stateful_gemini_run05
L2_CTCCAACCAGCATCTA,other,HSPC,HSPC,HSPC,1.0,hao_stateful_gemini_run05
E2L5_GGTGGCTGTGACTGAG,B,B memory,B cells,B cell (subtype unclear),0.5,hao_stateful_gemini_run05
E2L7_GTAGAGGCAGGTCAGA,DC,pDC,Plasmacytoid Dendritic cells,pDC,1.0,hao_stateful_gemini_run05
E2L5_TGGAACTGTGCAGATG,other T,gdT,CD8+ T cells,CD8 T cell (subtype unclear),0.0,hao_stateful_gemini_run05
L5_GGTTCTCCAGATAAAC,CD4 T,Treg,CD4+ T cells,CD4 T cell (subtype unclear),0.5,hao_stateful_gemini_run05
E2L5_GTCGAATTCCATCGTC,CD8 T,CD8 TEM,CD8+ T cells,CD8 T cell (subtype unclear),0.5,hao_stateful_gemini_run05
L2_GAGTCTACATATCGGT,DC,cDC2,CD14+ Monocytes,CD14 Mono,0.0,hao_stateful_gemini_run05
E2L5_CGCCATTCATGCCATA,NK,NK,CD8+ T cells,CD8 T cell (subtype unclear),0.0,hao_stateful_gemini_run05
L1_AACCTTTAGAGAGCCT,other T,dnT,CD4+ T cells,CD4 T cell (subtype unclear),0.0,hao_stateful_gemini_run05
L3_TTGCATTAGGAGTATT,other T,MAIT,CD8+ T cells,CD8 T cell (subtype unclear),0.0,hao_stateful_gemini_run05
E2L7_GTAGGTTTCCCAAGTA,CD4 T,CD4 TEM,CD4+ T cells,CD4 T cell (subtype unclear),0.5,hao_stateful_gemini_run05
E2L6_CGCATAAAGTCGTTAC,Mono,CD14 Mono,CD16+ Monocytes,CD16 Mono,0.5,hao_stateful_gemini_run05
E2L5_GCCAGGTCACGGATCC,other T,gdT,CD8+ T cells,CD8 T cell (subtype unclear),0.0,hao_stateful_gemini_run05
L2_CTTGATTAGCCACCGT,CD4 T,CD4 Naive,CD4+ T cells,CD4 T cell (subtype unclear),0.5,hao_stateful_gemini_run05
E2L3_TCCTTTCTCTGGTTGA,other T,gdT,CD8+ T cells,CD8 T cell (subtype unclear),0.0,hao_stateful_gemini_run05
E2L6_ATCACTTTCCCAAGTA,Mono,CD14 Mono,CD16+ Monocytes,CD16 Mono,0.5,hao_stateful_gemini_run05
L5_ACACCAACACCCAATA,other T,gdT,CD8+ T cells,CD8 T cell (subtype unclear),0.0,hao_stateful_gemini_run05
E2L1_AGCGTATCATCCGGTG,CD4 T,CD4 Naive,CD4+ T cells,CD4 T cell (subtype unclear),0.5,hao_stateful_gemini_run05
E2L2_AGCCAGCAGGGCTAAC,DC,pDC,Plasmacytoid Dendritic cells,pDC,1.0,hao_stateful_gemini_run05
L3_CGCCATTTCCGTATAG,CD4 T,Treg,CD4+ T cells,CD4 T cell (subtype unclear),0.5,hao_stateful_gemini_run05
E2L4_CCATAAGAGGATGTTA,NK,NK,CD8+ T cells,CD8 T cell (subtype unclear),0.0,hao_stateful_gemini_run05
E2L7_CTGGTCTAGCATTTGC,CD4 T,CD4 TCM,CD4+ T cells,CD4 T cell (subtype unclear),0.5,hao_stateful_gemini_run05
E2L6_GCGGATCTCCAATCTT,B,B memory,B cells,B cell (subtype unclear),0.5,hao_stateful_gemini_run05
E2L4_TCTCTGGTCTAGTTCT,other,Platelet,Platelets,Platelet,1.0,hao_stateful_gemini_run05
E2L1_GATCATGGTAGAATAC,Mono,CD14 Mono,CD16+ Monocytes,CD16 Mono,0.5,hao_stateful_gemini_run05
E2L1_TCTATCATCTTCTAAC,other T,gdT,CD8+ T cells,CD8 T cell (subtype unclear),0.0,hao_stateful_gemini_run05
L1_CTATCCGTCTCGCTTG,CD4 T,CD4 Proliferating,Proliferating cells,Proliferating lymphocyte (lineage unclear),0.5,hao_stateful_gemini_run05
L5_TCCTTCTCAGCGTTTA,other,HSPC,HSPC,HSPC,1.0,hao_stateful_gemini_run05
E2L7_TACCGAAGTTGGGAAC,other T,gdT,CD8+ T cells,CD8 T cell (subtype unclear),0.0,hao_stateful_gemini_run05
E2L7_TGGTTAGTCTGGTGCG,DC,pDC,Plasmacytoid Dendritic cells,pDC,1.0,hao_stateful_gemini_run05
L4_AAAGTGATCGTTCTCG,other,Platelet,Platelets,Platelet,1.0,hao_stateful_gemini_run05
E2L5_GAGTCTACAGGTAGTG,DC,pDC,Plasmacytoid Dendritic cells,pDC,1.0,hao_stateful_gemini_run05
E2L6_TTTATGCCACCAGACC,CD4 T,CD4 CTL,CD8+ T cells,CD8 T cell (subtype unclear),0.0,hao_stateful_gemini_run05
L1_GTTAGACTCCTAACAG,CD4 T,CD4 TCM,CD4+ T cells,CD4 T cell (subtype unclear),0.5,hao_stateful_gemini_run05
E2L7_CTTCCGATCCTTGAAG,B,B memory,B cells,B cell (subtype unclear),0.5,hao_stateful_gemini_run05
L1_ACTCTCGAGTCCTGCG,CD4 T,CD4 TEM,CD4+ T cells,CD4 T cell (subtype unclear),0.5,hao_stateful_gemini_run05
L2_TCACGGGGTTCCTTGC,B,B memory,B cells,B cell (subtype unclear),0.5,hao_stateful_gemini_run05
L1_TGTCAGAGTCTCGGAC,CD4 T,Treg,CD4+ T cells,CD4 T cell (subtype unclear),0.5,hao_stateful_gemini_run05
E2L4_AACCCAACAATAGAGT,B,Plasmablast,Plasma cells,Plasmablast,1.0,hao_stateful_gemini_run05
L4_GCTACCTGTGCTATTG,B,B memory,B cells,B cell (subtype unclear),0.5,hao_stateful_gemini_run05
L4_CGAGTGCAGCAGGTCA,CD8 T,CD8 TEM,CD4+ T cells,CD4 T cell (subtype unclear),0.0,hao_stateful_gemini_run05
L2_GTCAGCGGTTTGAAAG,Mono,CD14 Mono,CD16+ Monocytes,CD16 Mono,0.5,hao_stateful_gemini_run05
L4_CGAATTGGTTACGCCG,NK,NK_CD56bright,NK cells,NK,0.5,hao_stateful_gemini_run05
E2L7_CATCGGGAGCGTGTTT,CD4 T,CD4 TCM,CD4+ T cells,CD4 T cell (subtype unclear),0.5,hao_stateful_gemini_run05
E2L8_TCATTCACATGTACGT,other T,gdT,CD8+ T cells,CD8 T cell (subtype unclear),0.0,hao_stateful_gemini_run05
E2L7_TCCTCGAAGTGCCGAA,B,B memory,B cells,B cell (subtype unclear),0.5,hao_stateful_gemini_run05
E2L3_ATCGTCCCACATAGCT,Mono,CD14 Mono,CD14+ Monocytes,CD14 Mono,1.0,hao_stateful_gemini_run05
L3_CGTTAGAAGGCCTTCG,other T,MAIT,CD8+ T cells,CD8 T cell (subtype unclear),0.0,hao_stateful_gemini_run05
L2_GGGTCTGGTACACTCA,CD4 T,Treg,CD4+ T cells,CD4 T cell (subtype unclear),0.5,hao_stateful_gemini_run05
L5_CTAACTTTCCCGAACG,other,Platelet,Platelets,Platelet,1.0,hao_stateful_gemini_run05
E2L7_GTGCACGGTCGTGTTA,CD8 T,CD8 TCM,CD4+ T cells,CD4 T cell (subtype unclear),0.0,hao_stateful_gemini_run05
E2L2_CCATCACCACGAAAGC,B,B naive,B cells,B cell (subtype unclear),0.5,hao_stateful_gemini_run05
E2L4_TGCTCGTCACAACGCC,other T,gdT,CD4+ T cells,CD4 T cell (subtype unclear),0.0,hao_stateful_gemini_run05
E2L2_CGGAACCAGGTTCATC,other,Platelet,Platelets,Platelet,1.0,hao_stateful_gemini_run05
E2L8_TTGTTCATCCCGTTCA,DC,pDC,Plasmacytoid Dendritic cells,pDC,1.0,hao_stateful_gemini_run05
E2L8_GCCATTCTCCGTAGGC,B,B naive,B cells,B cell (subtype unclear),0.5,hao_stateful_gemini_run05
E2L3_TTGGGCGGTCTGTGTA,DC,cDC2,CD14+ Monocytes,CD14 Mono,0.0,hao_stateful_gemini_run05
L2_TTGAACGAGCACTTTG,NK,NK,CD8+ T cells,CD8 T cell (subtype unclear),0.0,hao_stateful_gemini_run05
E2L2_TGGAGAGCACTCCACT,Mono,CD16 Mono,CD16+ Monocytes,CD16 Mono,1.0,hao_stateful_gemini_run05
L1_GATGTTGTCCTTACCG,Mono,CD16 Mono,CD16+ Monocytes,CD16 Mono,1.0,hao_stateful_gemini_run05
L2_CTAACCCCAACCCGCA,other T,dnT,CD4+ T cells,CD4 T cell (subtype unclear),0.0,hao_stateful_gemini_run05
L2_GAAATGAAGCCAGTAG,B,Plasmablast,Plasma cells,Plasmablast,1.0,hao_stateful_gemini_run05
E2L1_AACCACAGTAACGGTG,CD4 T,CD4 TEM,CD8+ T cells,CD8 T cell (subtype unclear),0.0,hao_stateful_gemini_run05
L5_GAGCCTGTCAAGCTTG,NK,NK,CD8+ T cells,CD8 T cell (subtype unclear),0.0,hao_stateful_gemini_run05
E2L4_CATAGACTCGGTAGAG,B,B naive,B cells,B cell (subtype unclear),0.5,hao_stateful_gemini_run05
E2L1_GTCTCACAGCTGTGCC,DC,cDC1,Conventional Dendritic cells,Dendritic cell (subtype unclear),0.5,hao_stateful_gemini_run05
E2L1_GGGCCATGTGCCTATA,other T,gdT,CD4+ T cells,CD4 T cell (subtype unclear),0.0,hao_stateful_gemini_run05
E2L5_CATCGGGGTCCGTACG,B,B memory,B cells,B cell (subtype unclear),0.5,hao_stateful_gemini_run05
E2L5_CCCATTGAGTGCAGGT,B,Plasmablast,Plasma cells,Plasmablast,1.0,hao_stateful_gemini_run05
L2_TTGTTGTGTCGGTGAA,Mono,CD14 Mono,CD14+ Monocytes,CD14 Mono,1.0,hao_stateful_gemini_run05
L5_ACTATTCCAGGCCCTA,CD4 T,CD4 Naive,CD4+ T cells,CD4 T cell (subtype unclear),0.5,hao_stateful_gemini_run05
L3_TTCAATCTCGGTGTTA,other,HSPC,HSPC,HSPC,1.0,hao_stateful_gemini_run05
E2L4_CTCTCAGGTAACGATA,CD4 T,CD4 Proliferating,Proliferating cells,Proliferating lymphocyte (lineage unclear),0.5,hao_stateful_gemini_run05
E2L1_TCTTCCTGTACCGGCT,B,B naive,B cells,B cell (subtype unclear),0.5,hao_stateful_gemini_run05
L5_GGATGTTCAAGAGGCT,CD4 T,CD4 TCM,CD4+ T cells,CD4 T cell (subtype unclear),0.5,hao_stateful_gemini_run05
L4_AACAACCTCAACCCGG,other,Eryth,Erythrocytes,Eryth,1.0,hao_stateful_gemini_run05
E2L4_CCGAACGTCATAGGCT,CD4 T,CD4 TEM,CD4+ T cells,CD4 T cell (subtype unclear),0.5,hao_stateful_gemini_run05
L2_CTGATCCTCTCAAAGC,other T,MAIT,CD8+ T cells,CD8 T cell (subtype unclear),0.0,hao_stateful_gemini_run05
L4_TCATCCGCATTGAAGA,DC,cDC2,CD14+ Monocytes,CD14 Mono,0.0,hao_stateful_gemini_run05
E2L4_TGGGCGTAGGTCCCTG,CD8 T,CD8 TEM,CD8+ T cells,CD8 T cell (subtype unclear),0.5,hao_stateful_gemini_run05
L4_CATTCCGAGGGTCACA,B,B memory,B cells,B cell (subtype unclear),0.5,hao_stateful_gemini_run05
E2L5_CTCTCAGGTAGCTGCC,CD4 T,CD4 Naive,CD4+ T cells,CD4 T cell (subtype unclear),0.5,hao_stateful_gemini_run05
E2L8_TATCTTGAGATGACCG,Mono,CD16 Mono,CD16+ Monocytes,CD16 Mono,1.0,hao_stateful_gemini_run05
L5_TCAATTCGTAGGAAAG,CD4 T,Treg,CD4+ T cells,CD4 T cell (subtype unclear),0.5,hao_stateful_gemini_run05
L5_AGGATAATCACTCCGT,other T,dnT,CD4+ T cells,CD4 T cell (subtype unclear),0.0,hao_stateful_gemini_run05
E2L8_ACGGGTCTCGTAATGC,Mono,CD14 Mono,CD14+ Monocytes,CD14 Mono,1.0,hao_stateful_gemini_run05
L1_GAGGGATGTTGAATCC,other,HSPC,HSPC,HSPC,1.0,hao_stateful_gemini_run05
E2L5_AGTGACTGTCCTACAA,other,Platelet,Platelets,Platelet,1.0,hao_stateful_gemini_run05
E2L4_CGAGGCTCAGCCGGTT,other T,MAIT,CD8+ T cells,CD8 T cell (subtype unclear),0.0,hao_stateful_gemini_run05
L3_TCTACATGTCTGTGGC,other T,MAIT,CD8+ T cells,CD8 T cell (subtype unclear),0.0,hao_stateful_gemini_run05
L5_CATTCTAAGTGGTTAA,other,HSPC,HSPC,HSPC,1.0,hao_stateful_gemini_run05
E2L1_TTCCTAAAGTACTGGG,CD4 T,CD4 CTL,CD8+ T cells,CD8 T cell (subtype unclear),0.0,hao_stateful_gemini_run05
E2L2_GGAGGATGTTCGGGTC,NK,NK_CD56bright,NK cells,NK,0.5,hao_stateful_gemini_run05
E2L7_GCGTGCACAGTTTCAG,CD4 T,CD4 TEM,CD4+ T cells,CD4 T cell (subtype unclear),0.5,hao_stateful_gemini_run05
E2L6_CCAATGAAGGCTGGAT,Mono,CD16 Mono,CD16+ Monocytes,CD16 Mono,1.0,hao_stateful_gemini_run05
E2L8_TCCGATCCACCATATG,CD4 T,CD4 CTL,CD8+ T cells,CD8 T cell (subtype unclear),0.0,hao_stateful_gemini_run05
L1_TCGCACTTCCCGTGAG,CD8 T,CD8 Naive,CD4+ T cells,CD4 T cell (subtype unclear),0.0,hao_stateful_gemini_run05
E2L1_TCCTTTCCACCCTAGG,Mono,CD16 Mono,CD16+ Monocytes,CD16 Mono,1.0,hao_stateful_gemini_run05
L1_TTCTAGTAGAGGTCAC,CD4 T,CD4 Naive,CD4+ T cells,CD4 T cell (subtype unclear),0.5,hao_stateful_gemini_run05
L3_AAACGAAGTCCTTGTC,DC,cDC2,CD14+ Monocytes,CD14 Mono,0.0,hao_stateful_gemini_run05
L2_CTCAGTCGTCGTAATC,CD4 T,CD4 Proliferating,Proliferating cells,Proliferating lymphocyte (lineage unclear),0.5,hao_stateful_gemini_run05
E2L3_TGATGCAGTGATACCT,NK,NK,CD8+ T cells,CD8 T cell (subtype unclear),0.0,hao_stateful_gemini_run05
E2L5_AAGTTCGAGCACTCGC,other T,gdT,CD4+ T cells,CD4 T cell (subtype unclear),0.0,hao_stateful_gemini_run05
L2_GAGTTACTCTTCGGAA,NK,NK_CD56bright,NK cells,NK,0.5,hao_stateful_gemini_run05
L5_GGTTCTCGTTCCAGGC,other,HSPC,HSPC,HSPC,1.0,hao_stateful_gemini_run05
E2L4_CGTAGTACACTATCGA,other T,MAIT,CD8+ T cells,CD8 T cell (subtype unclear),0.0,hao_stateful_gemini_run05
E2L5_ATGATCGAGAATCGTA,DC,cDC1,Conventional Dendritic cells,Dendritic cell (subtype unclear),0.5,hao_stateful_gemini_run05
E2L6_GGTCTGGTCTCGGTAA,NK,NK,CD8+ T cells,CD8 T cell (subtype unclear),0.0,hao_stateful_gemini_run05
L2_CAAGGGAAGGCCATAG,other T,gdT,CD8+ T cells,CD8 T cell (subtype unclear),0.0,hao_stateful_gemini_run05
L3_ACAACCAGTCTGTCAA,CD4 T,CD4 CTL,CD8+ T cells,CD8 T cell (subtype unclear),0.0,hao_stateful_gemini_run05
E2L1_TCACATTCATCTTAGG,CD8 T,CD8 TCM,CD4+ T cells,CD4 T cell (subtype unclear),0.0,hao_stateful_gemini_run05
E2L3_TTGGGTATCCCGTGTT,CD8 T,CD8 TEM,CD8+ T cells,CD8 T cell (subtype unclear),0.5,hao_stateful_gemini_run05
E2L5_ATGTCCCCAACCGATT,CD4 T,CD4 TCM,CD4+ T cells,CD4 T cell (subtype unclear),0.5,hao_stateful_gemini_run05
E2L4_CTCCTTTTCTCTGCTG,Mono,CD14 Mono,CD14+ Monocytes,CD14 Mono,1.0,hao_stateful_gemini_run05
L3_AGCGATTCAGCCTATA,Mono,CD14 Mono,CD16+ Monocytes,CD16 Mono,0.5,hao_stateful_gemini_run05
E2L3_ACCTGAAGTGAACGGT,CD8 T,CD8 TCM,CD4+ T cells,CD4 T cell (subtype unclear),0.0,hao_stateful_gemini_run05
E2L1_TGAGTCATCAGGAAAT,CD8 T,CD8 TEM,CD8+ T cells,CD8 T cell (subtype unclear),0.5,hao_stateful_gemini_run05
E2L2_TTTGACTTCCGCACTT,CD8 T,CD8 TCM,CD4+ T cells,CD4 T cell (subtype unclear),0.0,hao_stateful_gemini_run05
L2_GTGAGGAGTACAAGTA,other T,MAIT,CD8+ T cells,CD8 T cell (subtype unclear),0.0,hao_stateful_gemini_run05
L1_GAATAGACACAAGCAG,other,HSPC,HSPC,HSPC,1.0,hao_stateful_gemini_run05
E2L8_CACGGGTCAGTATACC,CD4 T,CD4 Naive,CD4+ T cells,CD4 T cell (subtype unclear),0.5,hao_stateful_gemini_run05
E2L3_TGGTTAGTCTTCGTAT,other T,gdT,CD8+ T cells,CD8 T cell (subtype unclear),0.0,hao_stateful_gemini_run05
E2L5_CTTGATTAGAGATGCC,other,Platelet,Platelets,Platelet,1.0,hao_stateful_gemini_run05
E2L2_TCGTGGGAGAATCCCT,CD8 T,CD8 Naive,CD4+ T cells,CD4 T cell (subtype unclear),0.0,hao_stateful_gemini_run05
L4_GTTTGGAAGTTGGCTT,NK,NK,CD8+ T cells,CD8 T cell (subtype unclear),0.0,hao_stateful_gemini_run05
E2L6_ATCGGCGAGAAGTCCG,DC,pDC,Plasmacytoid Dendritic cells,pDC,1.0,hao_stateful_gemini_run05
E2L3_GTTACAGGTTAGGAGC,DC,ASDC,CD14+ Monocytes,CD14 Mono,0.0,hao_stateful_gemini_run05
L1_CGAGAAGTCCAATGCA,CD8 T,CD8 TCM,CD4+ T cells,CD4 T cell (subtype unclear),0.0,hao_stateful_gemini_run05
L1_ATCGGATAGACCAACG,other T,dnT,CD4+ T cells,CD4 T cell (subtype unclear),0.0,hao_stateful_gemini_run05
E2L3_GCTTTCGTCGACGATT,DC,cDC2,CD14+ Monocytes,CD14 Mono,0.0,hao_stateful_gemini_run05
E2L5_CGCGTGACACACGGAA,B,B intermediate,B cells,B cell (subtype unclear),0.5,hao_stateful_gemini_run05
E2L6_GGGCGTTTCACCTTGC,other,ILC,NK cells,NK,0.0,hao_stateful_gemini_run05
E2L7_TGGTGATGTTTGAAAG,other,HSPC,HSPC,HSPC,1.0,hao_stateful_gemini_run05
E2L3_CCCTCAAGTAGCTGAG,B,B memory,B cells,B cell (subtype unclear),0.5,hao_stateful_gemini_run05
E2L5_GACCGTGGTCGTCTCT,B,B intermediate,B cells,B cell (subtype unclear),0.5,hao_stateful_gemini_run05
L2_TCGAAGTTCAAAGCCT,CD8 T,CD8 TEM,CD4+ T cells,CD4 T cell (subtype unclear),0.0,hao_stateful_gemini_run05
E2L5_CCGCAAGTCGTTCCTG,CD8 T,CD8 TCM,CD4+ T cells,CD4 T cell (subtype unclear),0.0,hao_stateful_gemini_run05
L4_AACCATGCATAACTCG,other T,dnT,Memory/Effector T cells,T cell (CD4/CD8/other unclear),0.5,hao_stateful_gemini_run05
E2L4_GTGTTCCCAATACGAA,CD8 T,CD8 TCM,CD4+ T cells,CD4 T cell (subtype unclear),0.0,hao_stateful_gemini_run05
L3_CTCATTAGTCATGGCC,CD8 T,CD8 TCM,CD8+ T cells,CD8 T cell (subtype unclear),0.5,hao_stateful_gemini_run05
L5_TCGACCTTCGCGTCGA,Mono,CD14 Mono,CD14+ Monocytes,CD14 Mono,1.0,hao_stateful_gemini_run05
E2L4_AAAGTGATCTTTACAC,NK,NK_CD56bright,NK cells,NK,0.5,hao_stateful_gemini_run05
L1_ATTGTTCCAACAAAGT,CD8 T,CD8 Naive,CD4+ T cells,CD4 T cell (subtype unclear),0.0,hao_stateful_gemini_run05
E2L4_GTGGAAGCACAGTGAG,other,Platelet,Platelets,Platelet,1.0,hao_stateful_gemini_run05
E2L3_GTGCACGCATCTTAGG,NK,NK_CD56bright,NK cells,NK,0.5,hao_stateful_gemini_run05
L1_GGTGATTGTCTTTATC,CD8 T,CD8 TCM,CD4+ T cells,CD4 T cell (subtype unclear),0.0,hao_stateful_gemini_run05
E2L2_CTTTCGGGTAGATTAG,Mono,CD14 Mono,CD16+ Monocytes,CD16 Mono,0.5,hao_stateful_gemini_run05
E2L5_TCGCTCACAATGGGTG,NK,NK,CD8+ T cells,CD8 T cell (subtype unclear),0.0,hao_stateful_gemini_run05
E2L2_TACCGAAGTTGACGGA,DC,cDC2,CD14+ Monocytes,CD14 Mono,0.0,hao_stateful_gemini_run05
E2L2_AGGGCTCTCCACTGGG,DC,pDC,Plasmacytoid Dendritic cells,pDC,1.0,hao_stateful_gemini_run05
E2L7_GTGTGATGTAATGATG,NK,NK,CD8+ T cells,CD8 T cell (subtype unclear),0.0,hao_stateful_gemini_run05
L3_TCGGGACGTCAAGTTC,CD4 T,CD4 Proliferating,Proliferating cells,Proliferating lymphocyte (lineage unclear),0.5,hao_stateful_gemini_run05
E2L7_TGAATGCTCAGTGTTG,B,B naive,B cells,B cell (subtype unclear),0.5,hao_stateful_gemini_run05
L1_GTGCTTCAGTCATACC,NK,NK,NK cells,NK,1.0,hao_stateful_gemini_run05
E2L5_CGGGTCACACATACTG,B,B naive,B cells,B cell (subtype unclear),0.5,hao_stateful_gemini_run05
E2L6_GGATCTATCATCGCAA,other,Platelet,Platelets,Platelet,1.0,hao_stateful_gemini_run05
E2L5_GGAATCTCACTACCCT,other T,gdT,CD8+ T cells,CD8 T cell (subtype unclear),0.0,hao_stateful_gemini_run05
E2L5_TTGGTTTGTGTTCCAA,other,Platelet,Platelets,Platelet,1.0,hao_stateful_gemini_run05
E2L5_TAACACGTCTGTCGTC,CD4 T,CD4 Naive,CD4+ T cells,CD4 T cell (subtype unclear),0.5,hao_stateful_gemini_run05
E2L3_AAAGTGACACCAGCCA,NK,NK Proliferating,Proliferating cells,Proliferating lymphocyte (lineage unclear),0.5,hao_stateful_gemini_run05
L3_AAAGTGAGTGAGATTA,B,B intermediate,B cells,B cell (subtype unclear),0.5,hao_stateful_gemini_run05
E2L8_GCACATAAGCTAGAGC,NK,NK_CD56bright,NK cells,NK,0.5,hao_stateful_gemini_run05
E2L4_AGGACTTCACGAGGAT,DC,cDC2,CD14+ Monocytes,CD14 Mono,0.0,hao_stateful_gemini_run05
E2L8_CAATCGAAGTTGGAAT,Mono,CD14 Mono,CD16+ Monocytes,CD16 Mono,0.5,hao_stateful_gemini_run05
L1_TTCAATCTCTCTCCGA,NK,NK_CD56bright,NK cells,NK,0.5,hao_stateful_gemini_run05
E2L2_CGGTCAGAGACATAAC,CD4 T,CD4 CTL,CD8+ T cells,CD8 T cell (subtype unclear),0.0,hao_stateful_gemini_run05
E2L1_GATGATCAGATACCAA,B,B memory,B cells,B cell (subtype unclear),0.5,hao_stateful_gemini_run05
E2L8_CGTCAAAGTTCGGTCG,B,B memory,B cells,B cell (subtype unclear),0.5,hao_stateful_gemini_run05
E2L6_TTGTTCACAGGCCCTA,B,Plasmablast,Plasma cells,Plasmablast,1.0,hao_stateful_gemini_run05
E2L3_ATCATTCTCGCGTAGC,B,B memory,B cells,B cell (subtype unclear),0.5,hao_stateful_gemini_run05
E2L3_TAGACTGTCGTAGAGG,other,Platelet,Platelets,Platelet,1.0,hao_stateful_gemini_run05
L3_TTTGATCTCCAACACA,DC,pDC,Plasmacytoid Dendritic cells,pDC,1.0,hao_stateful_gemini_run05
L2_CATCCCATCGCAGATT,other T,gdT,CD8+ T cells,CD8 T cell (subtype unclear),0.0,hao_stateful_gemini_run05
L2_TCCTCGAAGTTACGTC,CD4 T,CD4 CTL,CD8+ T cells,CD8 T cell (subtype unclear),0.0,hao_stateful_gemini_run05
E2L6_CACAACACAATTCTCT,B,B naive,B cells,B cell (subtype unclear),0.5,hao_stateful_gemini_run05
L2_CCCTGATTCCTTTGAT,other,Platelet,CD8+ T cells,CD8 T cell (subtype unclear),0.0,hao_stateful_gemini_run05
L5_AACGAAATCCACTGGG,CD8 T,CD8 Naive,CD4+ T cells,CD4 T cell (subtype unclear),0.0,hao_stateful_gemini_run05
L4_ACCACAAGTTCGAACT,DC,pDC,Plasmacytoid Dendritic cells,pDC,1.0,hao_stateful_gemini_run05
L2_AGTACCATCTGTTCAT,B,B naive,B cells,B cell (subtype unclear),0.5,hao_stateful_gemini_run05
E2L6_ATTATCCCACTCTGCT,B,B naive,B cells,B cell (subtype unclear),0.5,hao_stateful_gemini_run05
E2L7_CATCCGTCATACGCAT,NK,NK_CD56bright,NK cells,NK,0.5,hao_stateful_gemini_run05
E2L8_CCTTTGGTCCTTTAGT,NK,NK_CD56bright,NK cells,NK,0.5,hao_stateful_gemini_run05
E2L6_CATAGACTCGGTCTGG,CD8 T,CD8 Proliferating,Proliferating cells,Proliferating lymphocyte (lineage unclear),0.5,hao_stateful_gemini_run05
L4_TTGCCTGCATACTGTG,B,B naive,B cells,B cell (subtype unclear),0.5,hao_stateful_gemini_run05
E2L8_TCCATGCGTATAGGGC,CD8 T,CD8 TEM,CD8+ T cells,CD8 T cell (subtype unclear),0.5,hao_stateful_gemini_run05
L2_GACATCAGTCACCGCA,other T,dnT,CD4+ T cells,CD4 T cell (subtype unclear),0.0,hao_stateful_gemini_run05
L3_TTTACGTGTCTGATAC,B,Plasmablast,Plasma cells,Plasmablast,1.0,hao_stateful_gemini_run05
L4_AAGATAGTCGCGATCG,other,Eryth,Erythrocytes,Eryth,1.0,hao_stateful_gemini_run05
E2L7_AATTCCTCATGCCGCA,CD4 T,CD4 TCM,CD4+ T cells,CD4 T cell (subtype unclear),0.5,hao_stateful_gemini_run05
L2_GATTCTTGTCCTTAAG,B,Plasmablast,Plasma cells,Plasmablast,1.0,hao_stateful_gemini_run05
E2L8_TCATCCGCAGTCAGTT,CD8 T,CD8 Naive,CD4+ T cells,CD4 T cell (subtype unclear),0.0,hao_stateful_gemini_run05
E2L5_AGTTAGCTCGCTAGCG,NK,NK Proliferating,Proliferating cells,Proliferating lymphocyte (lineage unclear),0.5,hao_stateful_gemini_run05
E2L2_AGACACTGTTAAGACA,NK,NK Proliferating,Proliferating cells,Proliferating lymphocyte (lineage unclear),0.5,hao_stateful_gemini_run05
L1_GTGAGCCAGGTCTTTG,CD8 T,CD8 TCM,CD4+ T cells,CD4 T cell (subtype unclear),0.0,hao_stateful_gemini_run05
E2L1_TATTGCTAGCCATTCA,other T,MAIT,CD8+ T cells,CD8 T cell (subtype unclear),0.0,hao_stateful_gemini_run05
E2L2_GATAGAACATCAGTCA,CD4 T,CD4 TCM,CD4+ T cells,CD4 T cell (subtype unclear),0.5,hao_stateful_gemini_run05
E2L8_ACGGTCGAGGGTTTCT,other,ILC,NK cells,NK,0.0,hao_stateful_gemini_run05
E2L3_GTCGTTCTCGTCCATC,DC,cDC2,CD14+ Monocytes,CD14 Mono,0.0,hao_stateful_gemini_run05
L3_AGGAGGTCAGAGGGTT,B,Plasmablast,Plasma cells,Plasmablast,1.0,hao_stateful_gemini_run05
L1_AGACAGGGTGCATTAC,other T,dnT,CD4+ T cells,CD4 T cell (subtype unclear),0.0,hao_stateful_gemini_run05
L1_TCACGCTGTACCAGAG,other,Eryth,Erythrocytes,Eryth,1.0,hao_stateful_gemini_run05
E2L3_CATCCACGTAGTGGCA,DC,pDC,Plasmacytoid Dendritic cells,pDC,1.0,hao_stateful_gemini_run05
E2L2_GAGGGTAGTTTGAAAG,CD8 T,CD8 Proliferating,Proliferating cells,Proliferating lymphocyte (lineage unclear),0.5,hao_stateful_gemini_run05
E2L6_TAGACTGGTCGAAGCA,other T,gdT,CD8+ T cells,CD8 T cell (subtype unclear),0.0,hao_stateful_gemini_run05
E2L8_CTTCTCTAGTATAGGT,other,Eryth,Erythrocytes,Eryth,1.0,hao_stateful_gemini_run05
L5_ACCGTTCAGCATGTTC,DC,cDC1,Conventional Dendritic cells,Dendritic cell (subtype unclear),0.5,hao_stateful_gemini_run05
L4_AAGACTCAGGTGCCAA,CD4 T,CD4 TCM,CD4+ T cells,CD4 T cell (subtype unclear),0.5,hao_stateful_gemini_run05
E2L6_TTCCGGTCAACTCCCT,NK,NK_CD56bright,NK cells,NK,0.5,hao_stateful_gemini_run05
L1_GCCATTCTCATCGGGC,other T,dnT,CD4+ T cells,CD4 T cell (subtype unclear),0.0,hao_stateful_gemini_run05
E2L8_TGTCCTGTCAGACCGC,NK,NK,CD8+ T cells,CD8 T cell (subtype unclear),0.0,hao_stateful_gemini_run05
E2L8_CAACCTCGTAACCAGG,CD4 T,CD4 TCM,CD4+ T cells,CD4 T cell (subtype unclear),0.5,hao_stateful_gemini_run05
L5_CCGTGAGAGATGCTAA,B,Plasmablast,Plasma cells,Plasmablast,1.0,hao_stateful_gemini_run05
L1_TGTGCGGTCATTACGG,CD4 T,CD4 Proliferating,Proliferating cells,Proliferating lymphocyte (lineage unclear),0.5,hao_stateful_gemini_run05
E2L5_CGTAAGTGTCACAGAG,DC,pDC,Plasmacytoid Dendritic cells,pDC,1.0,hao_stateful_gemini_run05
E2L8_CTCCCAACAGTGGGTA,other T,dnT,Memory/Effector T cells,T cell (CD4/CD8/other unclear),0.5,hao_stateful_gemini_run05
L5_CGGACACGTGAGTCAG,Mono,CD16 Mono,CD16+ Monocytes,CD16 Mono,1.0,hao_stateful_gemini_run05
E2L6_TCGGATAGTCGCATTA,other T,dnT,Memory/Effector T cells,T cell (CD4/CD8/other unclear),0.5,hao_stateful_gemini_run05
L3_GGAGGATGTGCGGATA,B,B naive,B cells,B cell (subtype unclear),0.5,hao_stateful_gemini_run05
E2L7_GGAATCTAGGATTCCT,CD8 T,CD8 Proliferating,Proliferating cells,Proliferating lymphocyte (lineage unclear),0.5,hao_stateful_gemini_run05
L1_AGCGCTGTCAGCTGAT,B,Plasmablast,Plasma cells,Plasmablast,1.0,hao_stateful_gemini_run05
E2L1_GTATTTCTCTTACTGT,other T,gdT,CD8+ T cells,CD8 T cell (subtype unclear),0.0,hao_stateful_gemini_run05
E2L4_GGCTTTCGTCGCTTAA,Mono,CD16 Mono,CD16+ Monocytes,CD16 Mono,1.0,hao_stateful_gemini_run05
L1_TAAGCACCAGAGGCTA,NK,NK Proliferating,Proliferating cells,Proliferating lymphocyte (lineage unclear),0.5,hao_stateful_gemini_run05
E2L8_AAGACTCGTTCTTGCC,CD4 T,CD4 CTL,CD8+ T cells,CD8 T cell (subtype unclear),0.0,hao_stateful_gemini_run05
L5_CGGGACTGTAACCCTA,NK,NK Proliferating,Proliferating cells,Proliferating lymphocyte (lineage unclear),0.5,hao_stateful_gemini_run05
L2_GTCAAGTCACAATTCG,other,HSPC,HSPC,HSPC,1.0,hao_stateful_gemini_run05
L1_GAAGTAAGTGCCCTTT,CD4 T,CD4 TEM,CD4+ T cells,CD4 T cell (subtype unclear),0.5,hao_stateful_gemini_run05
L4_CATGGTAGTCTACTGA,NK,NK Proliferating,Proliferating cells,Proliferating lymphocyte (lineage unclear),0.5,hao_stateful_gemini_run05
L5_TAGGAGGCAGAGTCAG,Mono,CD16 Mono,CD16+ Monocytes,CD16 Mono,1.0,hao_stateful_gemini_run05
L5_CAAAGAAAGAAAGCGA,B,B naive,B cells,B cell (subtype unclear),0.5,hao_stateful_gemini_run05
E2L6_CAGGCCAAGCCTCATA,Mono,CD14 Mono,CD16+ Monocytes,CD16 Mono,0.5,hao_stateful_gemini_run05
E2L6_GCACATATCCATTGCC,CD4 T,Treg,CD4+ T cells,CD4 T cell (subtype unclear),0.5,hao_stateful_gemini_run05
E2L8_GACAGCCCATGTTCAG,CD8 T,CD8 TCM,CD4+ T cells,CD4 T cell (subtype unclear),0.0,hao_stateful_gemini_run05
E2L2_TGTTTGTGTTTACCAG,CD4 T,CD4 Naive,CD4+ T cells,CD4 T cell (subtype unclear),0.5,hao_stateful_gemini_run05
E2L4_GCACGTGCACTCATAG,other,Eryth,CD14+ Monocytes,CD14 Mono,0.0,hao_stateful_gemini_run05
E2L1_TCTGCCAAGCAAGTCG,DC,cDC1,Conventional Dendritic cells,Dendritic cell (subtype unclear),0.5,hao_stateful_gemini_run05
E2L5_TGGGCTGCAACAGAGC,other T,dnT,CD4+ T cells,CD4 T cell (subtype unclear),0.0,hao_stateful_gemini_run05
L2_GGGTCACCATTATGCG,CD8 T,CD8 Naive,CD4+ T cells,CD4 T cell (subtype unclear),0.0,hao_stateful_gemini_run05
L1_GATTGGTGTTTACTGG,NK,NK,CD8+ T cells,CD8 T cell (subtype unclear),0.0,hao_stateful_gemini_run05
L5_CTGTAGAGTATTCCTT,other T,MAIT,CD8+ T cells,CD8 T cell (subtype unclear),0.0,hao_stateful_gemini_run05
L5_GGGTTATCACATGTTG,CD4 T,CD4 Naive,CD4+ T cells,CD4 T cell (subtype unclear),0.5,hao_stateful_gemini_run05
E2L8_TTGAACGAGGATCACG,NK,NK_CD56bright,NK cells,NK,0.5,hao_stateful_gemini_run05
L4_GACCCTTGTAGTGTGG,Mono,CD16 Mono,CD16+ Monocytes,CD16 Mono,1.0,hao_stateful_gemini_run05
L1_CATACCCGTTCCGCTT,other T,dnT,CD4+ T cells,CD4 T cell (subtype unclear),0.0,hao_stateful_gemini_run05
E2L4_ATCCACCGTAGCGCCT,other T,gdT,CD8+ T cells,CD8 T cell (subtype unclear),0.0,hao_stateful_gemini_run05
L3_TGGAGGAGTGTTGATC,CD8 T,CD8 Naive,CD4+ T cells,CD4 T cell (subtype unclear),0.0,hao_stateful_gemini_run05
L2_CATGCAACACCCAAGC,B,B intermediate,B cells,B cell (subtype unclear),0.5,hao_stateful_gemini_run05
E2L1_AGACACTGTGTCGCTG,Mono,CD14 Mono,CD14+ Monocytes,CD14 Mono,1.0,hao_stateful_gemini_run05
E2L6_GTAGAAACAAGACAAT,CD8 T,CD8 TCM,CD4+ T cells,CD4 T cell (subtype unclear),0.0,hao_stateful_gemini_run05
E2L7_TGATCTTAGACTGTTC,CD8 T,CD8 TCM,CD4+ T cells,CD4 T cell (subtype unclear),0.0,hao_stateful_gemini_run05
L3_CTGGACGGTGATTAGA,CD4 T,CD4 Naive,CD4+ T cells,CD4 T cell (subtype unclear),0.5,hao_stateful_gemini_run05
E2L3_GCCATGGTCGTTCTCG,other T,gdT,CD8+ T cells,CD8 T cell (subtype unclear),0.0,hao_stateful_gemini_run05
L4_TTCGGTCCAAATTGCC,other T,dnT,CD4+ T cells,CD4 T cell (subtype unclear),0.0,hao_stateful_gemini_run05
L1_CATACTTGTCATATGC,CD8 T,CD8 TCM,CD4+ T cells,CD4 T cell (subtype unclear),0.0,hao_stateful_gemini_run05
L2_AATCGACTCAATGCAC,Mono,CD16 Mono,CD16+ Monocytes,CD16 Mono,1.0,hao_stateful_gemini_run05
L3_ACTCTCGAGACGACTG,CD4 T,CD4 TEM,CD4+ T cells,CD4 T cell (subtype unclear),0.5,hao_stateful_gemini_run05
E2L6_GGGTGTCAGATTCGCT,NK,NK_CD56bright,NK cells,NK,0.5,hao_stateful_gemini_run05
E2L3_TTGACCCCACCATTCC,DC,pDC,Plasmacytoid Dendritic cells,pDC,1.0,hao_stateful_gemini_run05
E2L4_GTGATGTAGATGCTGG,NK,NK_CD56bright,NK cells,NK,0.5,hao_stateful_gemini_run05
E2L7_AGATGCTTCCAAAGGG,DC,pDC,Plasmacytoid Dendritic cells,pDC,1.0,hao_stateful_gemini_run05
L3_TTTGATCAGTCGTCTA,CD8 T,CD8 Naive,CD4+ T cells,CD4 T cell (subtype unclear),0.0,hao_stateful_gemini_run05
E2L2_AGTTAGCTCTTCCGTG,CD4 T,CD4 Naive,CD4+ T cells,CD4 T cell (subtype unclear),0.5,hao_stateful_gemini_run05
L2_ATCACAGAGATGCTGG,other,Eryth,Erythrocytes,Eryth,1.0,hao_stateful_gemini_run05
L4_CTCGAGGCAAATTGGA,other T,dnT,CD4+ T cells,CD4 T cell (subtype unclear),0.0,hao_stateful_gemini_run05
E2L3_TTGCGTCTCTCATTTG,CD4 T,CD4 TEM,CD4+ T cells,CD4 T cell (subtype unclear),0.5,hao_stateful_gemini_run05
E2L3_AGACTCAAGTGAGTTA,B,B naive,B cells,B cell (subtype unclear),0.5,hao_stateful_gemini_run05
L2_ACACCAAGTGTAGTGG,CD4 T,Treg,CD4+ T cells,CD4 T cell (subtype unclear),0.5,hao_stateful_gemini_run05
L3_TCGAACACACCAAAGG,other,HSPC,HSPC,HSPC,1.0,hao_stateful_gemini_run05
E2L8_TTCCAATTCACCATGA,B,Plasmablast,Plasma cells,Plasmablast,1.0,hao_stateful_gemini_run05
L5_GTGGCGTAGACCAGCA,CD4 T,CD4 TEM,CD4+ T cells,CD4 T cell (subtype unclear),0.5,hao_stateful_gemini_run05
E2L2_AAGTTCGTCGGCAGTC,B,Plasmablast,Plasma cells,Plasmablast,1.0,hao_stateful_gemini_run05
L3_TACGTCCCACGAGGTA,CD4 T,CD4 CTL,CD8+ T cells,CD8 T cell (subtype unclear),0.0,hao_stateful_gemini_run05
L4_TGTTCCGCAAATCAGA,CD8 T,CD8 TCM,CD4+ T cells,CD4 T cell (subtype unclear),0.0,hao_stateful_gemini_run05
L1_GATCACAGTACAGTAA,CD4 T,CD4 TCM,CD4+ T cells,CD4 T cell (subtype unclear),0.5,hao_stateful_gemini_run05
L2_GTCACTCTCACGAGGA,B,B naive,B cells,B cell (subtype unclear),0.5,hao_stateful_gemini_run05
L5_ACGATGTAGGAACGAA,other T,MAIT,CD8+ T cells,CD8 T cell (subtype unclear),0.0,hao_stateful_gemini_run05
E2L5_ACTTCCGTCACATTGG,B,B naive,B cells,B cell (subtype unclear),0.5,hao_stateful_gemini_run05
L1_AGTGTTGAGAAGTGTT,other T,MAIT,CD8+ T cells,CD8 T cell (subtype unclear),0.0,hao_stateful_gemini_run05
L1_GCTGCAGTCCGTTTCG,DC,cDC2,CD14+ Monocytes,CD14 Mono,0.0,hao_stateful_gemini_run05
E2L3_CGCATAACACTACCCT,Mono,CD16 Mono,CD16+ Monocytes,CD16 Mono,1.0,hao_stateful_gemini_run05
L1_CCCTCTCGTCATCTAG,CD4 T,CD4 TEM,CD4+ T cells,CD4 T cell (subtype unclear),0.5,hao_stateful_gemini_run05
E2L3_GACCTTCAGAGGGTAA,CD8 T,CD8 Naive,CD4+ T cells,CD4 T cell (subtype unclear),0.0,hao_stateful_gemini_run05
E2L4_AGGATAATCTAAACGC,B,B memory,B cells,B cell (subtype unclear),0.5,hao_stateful_gemini_run05
E2L7_CATGGTATCGAGTGAG,Mono,CD14 Mono,CD14+ Monocytes,CD14 Mono,1.0,hao_stateful_gemini_run05
L4_GGAGGATGTACCGGCT,other,HSPC,HSPC,HSPC,1.0,hao_stateful_gemini_run05
E2L1_AGTGCCGAGACCCGCT,CD4 T,CD4 TEM,CD4+ T cells,CD4 T cell (subtype unclear),0.5,hao_stateful_gemini_run05
E2L5_TCTCTGGTCCGGACTG,CD4 T,CD4 CTL,CD8+ T cells,CD8 T cell (subtype unclear),0.0,hao_stateful_gemini_run05
L5_GAGTCATAGATCGGTG,CD8 T,CD8 TCM,CD4+ T cells,CD4 T cell (subtype unclear),0.0,hao_stateful_gemini_run05
L4_GGAGGATTCGGATACT,other T,gdT,CD8+ T cells,CD8 T cell (subtype unclear),0.0,hao_stateful_gemini_run05
E2L7_GGAAGTGAGCATACTC,CD4 T,CD4 Naive,CD4+ T cells,CD4 T cell (subtype unclear),0.5,hao_stateful_gemini_run05
L1_TCACAAGTCAACTGAC,CD4 T,CD4 Naive,CD4+ T cells,CD4 T cell (subtype unclear),0.5,hao_stateful_gemini_run05
L2_TAGATCGTCCCGAGGT,CD4 T,CD4 TCM,CD4+ T cells,CD4 T cell (subtype unclear),0.5,hao_stateful_gemini_run05
E2L5_CGTGTCTTCAGAACCT,CD8 T,CD8 Proliferating,Proliferating cells,Proliferating lymphocyte (lineage unclear),0.5,hao_stateful_gemini_run05
E2L5_AGCGTATTCACTACTT,CD4 T,CD4 CTL,CD8+ T cells,CD8 T cell (subtype unclear),0.0,hao_stateful_gemini_run05
E2L3_AAGATAGTCTGGTGCG,CD8 T,CD8 TCM,CD4+ T cells,CD4 T cell (subtype unclear),0.0,hao_stateful_gemini_run05
E2L3_ACGGAAGCATCGGTTA,DC,pDC,Plasmacytoid Dendritic cells,pDC,1.0,hao_stateful_gemini_run05
L2_GTGGCGTCACTGCTTC,Mono,CD16 Mono,CD16+ Monocytes,CD16 Mono,1.0,hao_stateful_gemini_run05
L5_ACTATCTTCCGATGTA,other T,MAIT,CD8+ T cells,CD8 T cell (subtype unclear),0.0,hao_stateful_gemini_run05
L2_GCAACATTCTAGGCCG,CD4 T,CD4 CTL,CD8+ T cells,CD8 T cell (subtype unclear),0.0,hao_stateful_gemini_run05
L5_TCACTATTCGAGTGAG,other,HSPC,HSPC,HSPC,1.0,hao_stateful_gemini_run05
E2L2_TGGATGTCAGTCTCTC,CD8 T,CD8 Naive,CD4+ T cells,CD4 T cell (subtype unclear),0.0,hao_stateful_gemini_run05
E2L8_AGACAAAGTCTGTGTA,Mono,CD14 Mono,CD16+ Monocytes,CD16 Mono,0.5,hao_stateful_gemini_run05
E2L8_CTCAGAAAGAAGCTCG,other,Platelet,Platelets,Platelet,1.0,hao_stateful_gemini_run05
L2_AAAGAACAGATGGGCT,other,HSPC,HSPC,HSPC,1.0,hao_stateful_gemini_run05
L2_CAATTTCGTAGGAGGG,B,B memory,B cells,B cell (subtype unclear),0.5,hao_stateful_gemini_run05
L4_TTCAATCAGGCTTCCG,B,Plasmablast,Plasma cells,Plasmablast,1.0,hao_stateful_gemini_run05
E2L6_GACCCTTTCGAGCCAC,CD8 T,CD8 TCM,CD4+ T cells,CD4 T cell (subtype unclear),0.0,hao_stateful_gemini_run05
E2L5_TAGGGTTCATGATGCT,CD4 T,CD4 CTL,CD8+ T cells,CD8 T cell (subtype unclear),0.0,hao_stateful_gemini_run05
E2L1_CACACAAAGCGTACAG,Mono,CD16 Mono,CD16+ Monocytes,CD16 Mono,1.0,hao_stateful_gemini_run05
L5_CCGGACAAGCTGGTGA,CD4 T,Treg,CD4+ T cells,CD4 T cell (subtype unclear),0.5,hao_stateful_gemini_run05
E2L5_CTGCATCGTCCACTCT,CD8 T,CD8 Proliferating,Proliferating cells,Proliferating lymphocyte (lineage unclear),0.5,hao_stateful_gemini_run05
L2_CTGTACCCAGGTCAAG,CD4 T,CD4 TCM,CD4+ T cells,CD4 T cell (subtype unclear),0.5,hao_stateful_gemini_run05
L2_CCTTGTGGTGGTGATG,CD8 T,CD8 Naive,CD4+ T cells,CD4 T cell (subtype unclear),0.0,hao_stateful_gemini_run05
E2L4_GATCAGTCACCCAACG,CD8 T,CD8 TCM,CD4+ T cells,CD4 T cell (subtype unclear),0.0,hao_stateful_gemini_run05
L3_GAGTCTAAGTCACAGG,Mono,CD16 Mono,CD16+ Monocytes,CD16 Mono,1.0,hao_stateful_gemini_run05
E2L4_GGAGGATAGGAGAGTA,CD4 T,CD4 Naive,CD4+ T cells,CD4 T cell (subtype unclear),0.5,hao_stateful_gemini_run05
L2_TAACTTCCACAGGATG,other T,MAIT,CD8+ T cells,CD8 T cell (subtype unclear),0.0,hao_stateful_gemini_run05
L2_CGTGATATCCTTACCG,NK,NK,CD8+ T cells,CD8 T cell (subtype unclear),0.0,hao_stateful_gemini_run05
L1_GTCCTCACACTTTATC,NK,NK,CD8+ T cells,CD8 T cell (subtype unclear),0.0,hao_stateful_gemini_run05
L4_TTTACGTCACGGTGTC,other,HSPC,HSPC,HSPC,1.0,hao_stateful_gemini_run05
L3_ACGGTTACACCTCGTT,Mono,CD14 Mono,CD16+ Monocytes,CD16 Mono,0.5,hao_stateful_gemini_run05
E2L1_GGTGTCGGTCACTCTC,CD8 T,CD8 TEM,CD8+ T cells,CD8 T cell (subtype unclear),0.5,hao_stateful_gemini_run05
L3_ACATTTCAGCATCAAA,B,Plasmablast,Plasma cells,Plasmablast,1.0,hao_stateful_gemini_run05
E2L4_TACACCCAGAGTCCGA,CD4 T,CD4 TCM,CD4+ T cells,CD4 T cell (subtype unclear),0.5,hao_stateful_gemini_run05
E2L7_ATCCATTCACATGAAA,DC,pDC,Plasmacytoid Dendritic cells,pDC,1.0,hao_stateful_gemini_run05
E2L3_GTCGTTCCAGCTCTGG,B,B intermediate,B cells,B cell (subtype unclear),0.5,hao_stateful_gemini_run05
L5_GAACACTCATTCACAG,CD8 T,CD8 Proliferating,Proliferating cells,Proliferating lymphocyte (lineage unclear),0.5,hao_stateful_gemini_run05
E2L5_TGTGTGATCCAACACA,NK,NK Proliferating,Proliferating cells,Proliferating lymphocyte (lineage unclear),0.5,hao_stateful_gemini_run05
E2L8_TCGAAGTAGTTTCGAC,B,B intermediate,B cells,B cell (subtype unclear),0.5,hao_stateful_gemini_run05
L5_CTTACCGGTCGTTGGC,NK,NK Proliferating,Proliferating cells,Proliferating lymphocyte (lineage unclear),0.5,hao_stateful_gemini_run05
L3_CGGAACCAGCTTTCCC,B,B naive,B cells,B cell (subtype unclear),0.5,hao_stateful_gemini_run05
L5_AAGCGAGTCTGGTGCG,Mono,CD16 Mono,CD16+ Monocytes,CD16 Mono,1.0,hao_stateful_gemini_run05
E2L1_CTTCCTTAGTGTGTTC,CD4 T,CD4 TCM,CD4+ T cells,CD4 T cell (subtype unclear),0.5,hao_stateful_gemini_run05
E2L5_GACATCATCTGGCCAG,other,Platelet,Platelets,Platelet,1.0,hao_stateful_gemini_run05
E2L5_TGCAGGCCAGTCGGTC,NK,NK_CD56bright,NK cells,NK,0.5,hao_stateful_gemini_run05
L5_CCCGAAGGTTGCATTG,Mono,CD16 Mono,CD16+ Monocytes,CD16 Mono,1.0,hao_stateful_gemini_run05
E2L5_TGCATGACAGGCGAAT,CD8 T,CD8 TCM,CD4+ T cells,CD4 T cell (subtype unclear),0.0,hao_stateful_gemini_run05
E2L3_ACGTAGTCAATAGTAG,CD4 T,CD4 Naive,CD4+ T cells,CD4 T cell (subtype unclear),0.5,hao_stateful_gemini_run05
E2L5_GTCACGGAGGACCCAA,B,B memory,B cells,B cell (subtype unclear),0.5,hao_stateful_gemini_run05
E2L7_CTCCCTCAGTCATAGA,Mono,CD14 Mono,CD14+ Monocytes,CD14 Mono,1.0,hao_stateful_gemini_run05
E2L6_CATTGAGCACAGCTTA,NK,NK,CD8+ T cells,CD8 T cell (subtype unclear),0.0,hao_stateful_gemini_run05
E2L1_ATCTCTATCCCTAGGG,other T,gdT,CD8+ T cells,CD8 T cell (subtype unclear),0.0,hao_stateful_gemini_run05
E2L6_GTTGAACCAGGAATCG,CD4 T,Treg,CD4+ T cells,CD4 T cell (subtype unclear),0.5,hao_stateful_gemini_run05
E2L8_TACCTCGGTTATGTGC,NK,NK,CD8+ T cells,CD8 T cell (subtype unclear),0.0,hao_stateful_gemini_run05
L5_GTCATGAGTAGATGTA,CD4 T,CD4 TCM,CD4+ T cells,CD4 T cell (subtype unclear),0.5,hao_stateful_gemini_run05
L2_ATCTCTATCTGAACGT,DC,cDC2,CD14+ Monocytes,CD14 Mono,0.0,hao_stateful_gemini_run05
L1_ACGTAGTGTAATTAGG,CD8 T,CD8 Proliferating,Proliferating cells,Proliferating lymphocyte (lineage unclear),0.5,hao_stateful_gemini_run05
L4_GGGTATTGTAGGTAGC,CD4 T,Treg,CD4+ T cells,CD4 T cell (subtype unclear),0.5,hao_stateful_gemini_run05
E2L6_CAAGAGGAGGCGTTGA,B,B naive,B cells,B cell (subtype unclear),0.5,hao_stateful_gemini_run05
L4_CTACTATCAATAGTCC,CD4 T,Treg,CD4+ T cells,CD4 T cell (subtype unclear),0.5,hao_stateful_gemini_run05
E2L5_AAACGCTGTGTCTCCT,DC,cDC2,CD14+ Monocytes,CD14 Mono,0.0,hao_stateful_gemini_run05
E2L5_GTTACGATCGGTAAGG,B,B intermediate,B cells,B cell (subtype unclear),0.5,hao_stateful_gemini_run05
E2L1_GGGAGTACATGGTACT,B,B naive,B cells,B cell (subtype unclear),0.5,hao_stateful_gemini_run05
E2L7_CAACGGCAGATGGTAT,CD8 T,CD8 Naive,CD4+ T cells,CD4 T cell (subtype unclear),0.0,hao_stateful_gemini_run05
L2_TAGACCATCGCACGAC,NK,NK,CD8+ T cells,CD8 T cell (subtype unclear),0.0,hao_stateful_gemini_run05
E2L5_GAGACTTCAGGTCAGA,other T,MAIT,CD8+ T cells,CD8 T cell (subtype unclear),0.0,hao_stateful_gemini_run05
L3_TACGGGCTCGCCTTGT,B,B intermediate,B cells,B cell (subtype unclear),0.5,hao_stateful_gemini_run05
E2L5_CCCTTAGTCCCTATTA,other,Platelet,Platelets,Platelet,1.0,hao_stateful_gemini_run05
L3_AAACCCAAGCATGAAT,CD4 T,CD4 CTL,CD8+ T cells,CD8 T cell (subtype unclear),0.0,hao_stateful_gemini_run05
L4_ACAGGGACAGTAGAAT,DC,pDC,Plasmacytoid Dendritic cells,pDC,1.0,hao_stateful_gemini_run05
L4_GCAACCGCAGAGTTGG,CD8 T,CD8 Naive,CD4+ T cells,CD4 T cell (subtype unclear),0.0,hao_stateful_gemini_run05
E2L7_TCGGGACCATAGATCC,other,Platelet,Platelets,Platelet,1.0,hao_stateful_gemini_run05
E2L6_AACCATGAGTCACACT,CD8 T,CD8 TEM,CD8+ T cells,CD8 T cell (subtype unclear),0.5,hao_stateful_gemini_run05
E2L2_CGCAGGTAGTCATTGC,other T,gdT,CD8+ T cells,CD8 T cell (subtype unclear),0.0,hao_stateful_gemini_run05
E2L5_TTAGTCTCAATCAGCT,CD4 T,CD4 Proliferating,Proliferating cells,Proliferating lymphocyte (lineage unclear),0.5,hao_stateful_gemini_run05
E2L3_TCAGTTTAGTGCGTCC,B,Plasmablast,Plasma cells,Plasmablast,1.0,hao_stateful_gemini_run05
L2_CTTCAATCAGCGTTGC,other T,MAIT,CD8+ T cells,CD8 T cell (subtype unclear),0.0,hao_stateful_gemini_run05
E2L1_GTGTTAGTCACAAGAA,B,B intermediate,B cells,B cell (subtype unclear),0.5,hao_stateful_gemini_run05
E2L2_GGCTTTCGTTGGACTT,CD4 T,CD4 TCM,CD4+ T cells,CD4 T cell (subtype unclear),0.5,hao_stateful_gemini_run05
L4_CAATACGGTACAAGCG,B,Plasmablast,Plasma cells,Plasmablast,1.0,hao_stateful_gemini_run05
E2L8_TTACCGCTCATCTATC,other T,gdT,CD4+ T cells,CD4 T cell (subtype unclear),0.0,hao_stateful_gemini_run05
E2L8_CCTCTAGTCTACCAGA,CD8 T,CD8 TCM,CD4+ T cells,CD4 T cell (subtype unclear),0.0,hao_stateful_gemini_run05
E2L3_AGACACTAGGCTCTCG,CD8 T,CD8 Proliferating,Proliferating cells,Proliferating lymphocyte (lineage unclear),0.5,hao_stateful_gemini_run05
L4_ACGTTCCGTGCATACT,CD4 T,CD4 TCM,CD4+ T cells,CD4 T cell (subtype unclear),0.5,hao_stateful_gemini_run05
E2L4_CAGGGCTTCTCGCCTA,DC,pDC,Plasmacytoid Dendritic cells,pDC,1.0,hao_stateful_gemini_run05
L1_TTTGATCAGAAGTCTA,other,Eryth,Erythrocytes,Eryth,1.0,hao_stateful_gemini_run05
E2L3_CGCGTGACAACTTGCA,B,B memory,B cells,B cell (subtype unclear),0.5,hao_stateful_gemini_run05
E2L8_AAGGAATGTCGCATCG,DC,pDC,Plasmacytoid Dendritic cells,pDC,1.0,hao_stateful_gemini_run05
E2L8_ACATGCATCAACGAGG,CD4 T,Treg,CD4+ T cells,CD4 T cell (subtype unclear),0.5,hao_stateful_gemini_run05
L4_TACTTCAGTTAAAGTG,NK,NK,CD8+ T cells,CD8 T cell (subtype unclear),0.0,hao_stateful_gemini_run05
E2L3_GACACGCCAAGCACAG,CD4 T,CD4 CTL,CD8+ T cells,CD8 T cell (subtype unclear),0.0,hao_stateful_gemini_run05
L2_GGTCTGGCATATAGCC,CD4 T,CD4 TEM,CD4+ T cells,CD4 T cell (subtype unclear),0.5,hao_stateful_gemini_run05
E2L5_CTCATTAGTCATCCCT,NK,NK_CD56bright,NK cells,NK,0.5,hao_stateful_gemini_run05
L5_CTGCTCACACTTGAAC,other,HSPC,HSPC,HSPC,1.0,hao_stateful_gemini_run05
E2L3_GGCTGTGCAAGTAGTA,B,B naive,B cells,B cell (subtype unclear),0.5,hao_stateful_gemini_run05
L5_TGGCGTGTCGTGTCAA,B,B memory,B cells,B cell (subtype unclear),0.5,hao_stateful_gemini_run05
E2L5_CTAACTTTCTAAGCCA,NK,NK,CD8+ T cells,CD8 T cell (subtype unclear),0.0,hao_stateful_gemini_run05
E2L7_CAAAGAACAGCGGTTC,NK,NK Proliferating,Proliferating cells,Proliferating lymphocyte (lineage unclear),0.5,hao_stateful_gemini_run05
L4_TGCAGATCATGACGGA,other T,dnT,CD4+ T cells,CD4 T cell (subtype unclear),0.0,hao_stateful_gemini_run05
E2L8_CAAGGGATCAACGTGT,B,B intermediate,B cells,B cell (subtype unclear),0.5,hao_stateful_gemini_run05
L2_ACTATCTTCAGTCAGT,B,B memory,B cells,B cell (subtype unclear),0.5,hao_stateful_gemini_run05
L1_TCCGGGAGTTAGAGAT,Mono,CD14 Mono,CD16+ Monocytes,CD16 Mono,0.5,hao_stateful_gemini_run05
L1_GAGTTGTGTCACTCGG,CD4 T,Treg,CD4+ T cells,CD4 T cell (subtype unclear),0.5,hao_stateful_gemini_run05
E2L8_ATGATCGTCACTTGTT,CD4 T,CD4 Naive,CD4+ T cells,CD4 T cell (subtype unclear),0.5,hao_stateful_gemini_run05
E2L1_ATCGTCCGTGTTTACG,CD8 T,CD8 Naive,CD4+ T cells,CD4 T cell (subtype unclear),0.0,hao_stateful_gemini_run05
E2L4_TCAATTCGTATTGCCA,NK,NK,CD8+ T cells,CD8 T cell (subtype unclear),0.0,hao_stateful_gemini_run05
L4_TTACAGGTCTAGACCA,B,B intermediate,B cells,B cell (subtype unclear),0.5,hao_stateful_gemini_run05
E2L1_CCGGACAGTGGACTGA,other T,dnT,CD4+ T cells,CD4 T cell (subtype unclear),0.0,hao_stateful_gemini_run05
E2L3_GTGAGCCTCCAAACCA,CD4 T,CD4 Proliferating,Proliferating cells,Proliferating lymphocyte (lineage unclear),0.5,hao_stateful_gemini_run05
E2L6_TCCTGCACAGCCCAGT,B,B naive,B cells,B cell (subtype unclear),0.5,hao_stateful_gemini_run05
L4_CGTAAGTTCTAGTCAG,CD4 T,CD4 TCM,CD4+ T cells,CD4 T cell (subtype unclear),0.5,hao_stateful_gemini_run05
L4_AAGCATCAGGTTCTTG,Mono,CD16 Mono,CD16+ Monocytes,CD16 Mono,1.0,hao_stateful_gemini_run05
E2L2_CTGTACCCAGTATTCG,B,B memory,B cells,B cell (subtype unclear),0.5,hao_stateful_gemini_run05
E2L7_TCTGTCGAGGCTTCCG,CD8 T,CD8 TEM,CD8+ T cells,CD8 T cell (subtype unclear),0.5,hao_stateful_gemini_run05
L3_ATTACCTAGAGCCTGA,CD4 T,Treg,CD4+ T cells,CD4 T cell (subtype unclear),0.5,hao_stateful_gemini_run05
L2_GTAGTACCAAACACGG,NK,NK Proliferating,Proliferating cells,Proliferating lymphocyte (lineage unclear),0.5,hao_stateful_gemini_run05
L3_GCGGAAACAGCTTCGG,CD8 T,CD8 TEM,CD8+ T cells,CD8 T cell (subtype unclear),0.5,hao_stateful_gemini_run05
L3_TGCTGAAGTGAGTTTC,NK,NK,CD8+ T cells,CD8 T cell (subtype unclear),0.0,hao_stateful_gemini_run05
E2L1_GTTGCGGTCCTTATGT,other T,dnT,Memory/Effector T cells,T cell (CD4/CD8/other unclear),0.5,hao_stateful_gemini_run05
L3_TGTCCACCATAGAGGC,NK,NK,CD8+ T cells,CD8 T cell (subtype unclear),0.0,hao_stateful_gemini_run05
E2L8_TGAGCGCTCCTGTACC,B,Plasmablast,Plasma cells,Plasmablast,1.0,hao_stateful_gemini_run05
E2L3_AAACGCTAGTCGAAAT,other T,MAIT,CD8+ T cells,CD8 T cell (subtype unclear),0.0,hao_stateful_gemini_run05
L4_ACTTCCGCAAAGCGTG,NK,NK_CD56bright,NK cells,NK,0.5,hao_stateful_gemini_run05
L3_GAGACCCTCGCGCTGA,B,Plasmablast,Plasma cells,Plasmablast,1.0,hao_stateful_gemini_run05
L5_AAAGGGCGTAACACCT,other T,dnT,Memory/Effector T cells,T cell (CD4/CD8/other unclear),0.5,hao_stateful_gemini_run05
E2L1_TTCTCTCAGGCCGCTT,CD8 T,CD8 Naive,CD4+ T cells,CD4 T cell (subtype unclear),0.0,hao_stateful_gemini_run05
L3_CATGCAATCGCTCTCA,B,Plasmablast,Plasma cells,Plasmablast,1.0,hao_stateful_gemini_run05
E2L3_CACTTCGTCGCGCCAA,Mono,CD14 Mono,CD16+ Monocytes,CD16 Mono,0.5,hao_stateful_gemini_run05
E2L3_TGATCTTTCTTAGTTC,B,B intermediate,B cells,B cell (subtype unclear),0.5,hao_stateful_gemini_run05
E2L5_GAACTGTGTACTCCCT,other T,gdT,CD8+ T cells,CD8 T cell (subtype unclear),0.0,hao_stateful_gemini_run05
L5_GTTACAGTCCGAGATT,DC,ASDC,CD14+ Monocytes,CD14 Mono,0.0,hao_stateful_gemini_run05
L1_GTTGCTCCATTCTGTT,NK,NK_CD56bright,NK cells,NK,0.5,hao_stateful_gemini_run05
E2L1_AGCTACAGTGCTTCAA,CD8 T,CD8 TCM,CD4+ T cells,CD4 T cell (subtype unclear),0.0,hao_stateful_gemini_run05
E2L7_CTCAATTGTCAAGCGA,Mono,CD16 Mono,CD16+ Monocytes,CD16 Mono,1.0,hao_stateful_gemini_run05
L5_GATTCGACACACACTA,CD4 T,CD4 TEM,CD4+ T cells,CD4 T cell (subtype unclear),0.5,hao_stateful_gemini_run05
E2L4_GACTTCCTCCACCTCA,other T,MAIT,CD8+ T cells,CD8 T cell (subtype unclear),0.0,hao_stateful_gemini_run05
L3_AATGGCTAGAAGCCAC,other T,dnT,CD4+ T cells,CD4 T cell (subtype unclear),0.0,hao_stateful_gemini_run05
L1_TAATTCCCAAACAGGC,CD4 T,CD4 CTL,CD8+ T cells,CD8 T cell (subtype unclear),0.0,hao_stateful_gemini_run05
L3_TGCATCCAGCGCCTCA,Mono,CD16 Mono,CD16+ Monocytes,CD16 Mono,1.0,hao_stateful_gemini_run05
L5_ACAGCCGAGAATAGTC,CD4 T,CD4 Proliferating,Proliferating cells,Proliferating lymphocyte (lineage unclear),0.5,hao_stateful_gemini_run05
E2L5_CCCTTAGTCACTGAAC,CD4 T,CD4 TCM,CD4+ T cells,CD4 T cell (subtype unclear),0.5,hao_stateful_gemini_run05
E2L6_ATTACTCTCTTACCAT,Mono,CD16 Mono,CD16+ Monocytes,CD16 Mono,1.0,hao_stateful_gemini_run05
L5_CTCATTACATAATCCG,other T,MAIT,CD8+ T cells,CD8 T cell (subtype unclear),0.0,hao_stateful_gemini_run05
E2L7_TGCGACGTCGCCTTTG,CD8 T,CD8 Proliferating,Proliferating cells,Proliferating lymphocyte (lineage unclear),0.5,hao_stateful_gemini_run05
E2L1_CGGAGAAAGTCCTGTA,other,Platelet,CD4+ T cells,CD4 T cell (subtype unclear),0.0,hao_stateful_gemini_run05
L1_AACAACCTCCATCTAT,CD4 T,Treg,CD4+ T cells,CD4 T cell (subtype unclear),0.5,hao_stateful_gemini_run05
L5_GGGTTATAGGGCTTCC,Mono,CD16 Mono,CD16+ Monocytes,CD16 Mono,1.0,hao_stateful_gemini_run05
E2L3_GCCATGGCATAAGCAA,CD4 T,CD4 CTL,CD8+ T cells,CD8 T cell (subtype unclear),0.0,hao_stateful_gemini_run05
L2_TACCCACGTTGCTTGA,CD4 T,CD4 TCM,CD4+ T cells,CD4 T cell (subtype unclear),0.5,hao_stateful_gemini_run05
E2L6_TAAGCGTAGTAGTCTC,CD4 T,Treg,CD4+ T cells,CD4 T cell (subtype unclear),0.5,hao_stateful_gemini_run05
E2L6_GAGTCTAGTACAGCGA,NK,NK,CD8+ T cells,CD8 T cell (subtype unclear),0.0,hao_stateful_gemini_run05
L2_CATTCATCAAACTCTG,CD4 T,CD4 TEM,CD4+ T cells,CD4 T cell (subtype unclear),0.5,hao_stateful_gemini_run05
L2_TCACGCTTCAAAGACA,CD4 T,CD4 CTL,CD8+ T cells,CD8 T cell (subtype unclear),0.0,hao_stateful_gemini_run05
L1_CTGGACGGTGCTCCGA,CD4 T,Treg,CD4+ T cells,CD4 T cell (subtype unclear),0.5,hao_stateful_gemini_run05
L5_ACAGAAAGTTACACAC,CD8 T,CD8 Naive,CD4+ T cells,CD4 T cell (subtype unclear),0.0,hao_stateful_gemini_run05
L2_GTGCTTCAGTAAGAGG,CD4 T,CD4 TEM,CD4+ T cells,CD4 T cell (subtype unclear),0.5,hao_stateful_gemini_run05
L3_CTGGACGCACAGCCAC,B,B naive,B cells,B cell (subtype unclear),0.5,hao_stateful_gemini_run05
E2L4_TCCTTTCCATCGAAGG,Mono,CD14 Mono,CD16+ Monocytes,CD16 Mono,0.5,hao_stateful_gemini_run05
L5_TATATCCGTGTGTGTT,DC,cDC2,CD14+ Monocytes,CD14 Mono,0.0,hao_stateful_gemini_run05
L4_ATTACTCCAACAAGTA,other,Platelet,Platelets,Platelet,1.0,hao_stateful_gemini_run05
E2L3_AGTTAGCTCCTTCAGC,CD8 T,CD8 Naive,CD4+ T cells,CD4 T cell (subtype unclear),0.0,hao_stateful_gemini_run05
E2L8_TCGTGCTTCAAGTAAG,B,B memory,B cells,B cell (subtype unclear),0.5,hao_stateful_gemini_run05
L4_TCACACCGTGGACTGA,B,B memory,B cells,B cell (subtype unclear),0.5,hao_stateful_gemini_run05
L5_TGGAGAGAGATCACCT,NK,NK Proliferating,Proliferating cells,Proliferating lymphocyte (lineage unclear),0.5,hao_stateful_gemini_run05
E2L7_ATACCTTGTCTTTATC,CD8 T,CD8 TCM,CD4+ T cells,CD4 T cell (subtype unclear),0.0,hao_stateful_gemini_run05
L5_TGAGGTTCAGGCAATG,Mono,CD14 Mono,CD16+ Monocytes,CD16 Mono,0.5,hao_stateful_gemini_run05
E2L8_GGAGGTAGTACCACGC,B,B memory,B cells,B cell (subtype unclear),0.5,hao_stateful_gemini_run05
L3_TCACTATGTGCGTCGT,CD4 T,CD4 Naive,CD4+ T cells,CD4 T cell (subtype unclear),0.5,hao_stateful_gemini_run05
L5_CTAGGTAGTTGTGGAG,NK,NK Proliferating,Proliferating cells,Proliferating lymphocyte (lineage unclear),0.5,hao_stateful_gemini_run05
E2L8_CACTGGGTCCGGACGT,NK,NK Proliferating,Proliferating cells,Proliferating lymphocyte (lineage unclear),0.5,hao_stateful_gemini_run05
E2L6_GTCACGGCACCAGCTG,DC,cDC2,CD14+ Monocytes,CD14 Mono,0.0,hao_stateful_gemini_run05
E2L2_ATTCTACTCAGGAACG,other,Platelet,Platelets,Platelet,1.0,hao_stateful_gemini_run05
E2L4_GATGCTATCGTTCATT,other,ILC,NK cells,NK,0.0,hao_stateful_gemini_run05
L5_AGATAGAAGCGACATG,Mono,CD14 Mono,CD16+ Monocytes,CD16 Mono,0.5,hao_stateful_gemini_run05
E2L1_CACGTGGAGCTAGATA,CD8 T,CD8 Naive,CD4+ T cells,CD4 T cell (subtype unclear),0.0,hao_stateful_gemini_run05
L4_TGATTTCGTACCGGCT,other T,dnT,Memory/Effector T cells,T cell (CD4/CD8/other unclear),0.5,hao_stateful_gemini_run05
E2L5_TGTAAGCCACTTACAG,B,B memory,B cells,B cell (subtype unclear),0.5,hao_stateful_gemini_run05
E2L2_GTGAGGAAGAATACAC,NK,NK_CD56bright,NK cells,NK,0.5,hao_stateful_gemini_run05
L2_CTCTGGTTCCATTCGC,other,HSPC,Proliferating cells,Proliferating lymphocyte (lineage unclear),0.0,hao_stateful_gemini_run05
E2L5_GTTAGACTCAGCTTCC,B,B memory,B cells,B cell (subtype unclear),0.5,hao_stateful_gemini_run05
L3_TTCGCTGTCGAACGGA,CD4 T,Treg,CD4+ T cells,CD4 T cell (subtype unclear),0.5,hao_stateful_gemini_run05
E2L8_TGTCCACAGTGAGTGC,B,B memory,B cells,B cell (subtype unclear),0.5,hao_stateful_gemini_run05
L5_GTTTGGACAGGCATTT,CD8 T,CD8 TEM,CD8+ T cells,CD8 T cell (subtype unclear),0.5,hao_stateful_gemini_run05
L1_CATTGAGAGAGCCCAA,CD8 T,CD8 Naive,CD4+ T cells,CD4 T cell (subtype unclear),0.0,hao_stateful_gemini_run05
E2L8_GAGTTTGAGAGGGCGA,CD4 T,CD4 TEM,CD4+ T cells,CD4 T cell (subtype unclear),0.5,hao_stateful_gemini_run05
E2L5_TTGGGCGAGAAGCTCG,CD8 T,CD8 Naive,CD4+ T cells,CD4 T cell (subtype unclear),0.0,hao_stateful_gemini_run05
E2L1_CTGTATTAGCCTCTTC,other T,gdT,CD8+ T cells,CD8 T cell (subtype unclear),0.0,hao_stateful_gemini_run05
E2L7_CACATGACATGATGCT,DC,pDC,Plasmacytoid Dendritic cells,pDC,1.0,hao_stateful_gemini_run05
L1_TTCGATTCATGTTCGA,other T,gdT,CD8+ T cells,CD8 T cell (subtype unclear),0.0,hao_stateful_gemini_run05
L4_GTCCACTAGCATGCGA,CD8 T,CD8 TCM,CD4+ T cells,CD4 T cell (subtype unclear),0.0,hao_stateful_gemini_run05
L4_CTGCCATCACCACTGG,CD4 T,CD4 TCM,CD4+ T cells,CD4 T cell (subtype unclear),0.5,hao_stateful_gemini_run05
L4_GTGCAGCTCGTGGGAA,NK,NK Proliferating,Proliferating cells,Proliferating lymphocyte (lineage unclear),0.5,hao_stateful_gemini_run05
E2L8_CCGTAGGAGTTGGAAT,CD4 T,CD4 TEM,CD8+ T cells,CD8 T cell (subtype unclear),0.0,hao_stateful_gemini_run05
L3_TGCTCCAGTGGTGATG,other T,dnT,Memory/Effector T cells,T cell (CD4/CD8/other unclear),0.5,hao_stateful_gemini_run05
E2L2_GATTCGAAGGTCATCT,CD8 T,CD8 TCM,CD4+ T cells,CD4 T cell (subtype unclear),0.0,hao_stateful_gemini_run05
E2L3_TTCTTGAGTCTAGGTT,B,B naive,B cells,B cell (subtype unclear),0.5,hao_stateful_gemini_run05
E2L7_GATGTTGCAAGCGCAA,CD8 T,CD8 Proliferating,Proliferating cells,Proliferating lymphocyte (lineage unclear),0.5,hao_stateful_gemini_run05
L4_TCGCACTCATAGCACT,DC,cDC2,CD14+ Monocytes,CD14 Mono,0.0,hao_stateful_gemini_run05
L1_ATCGTCCGTAACTAAG,other T,gdT,CD8+ T cells,CD8 T cell (subtype unclear),0.0,hao_stateful_gemini_run05
E2L5_TCGTCCATCATCGCCT,CD4 T,CD4 CTL,CD8+ T cells,CD8 T cell (subtype unclear),0.0,hao_stateful_gemini_run05
L4_AGGCTGCAGTGCCCGT,other,HSPC,HSPC,HSPC,1.0,hao_stateful_gemini_run05
L2_CGACAGCAGACTCCGC,CD8 T,CD8 TCM,CD4+ T cells,CD4 T cell (subtype unclear),0.0,hao_stateful_gemini_run05
E2L7_CAACCTCGTACCCACG,CD4 T,CD4 Naive,CD4+ T cells,CD4 T cell (subtype unclear),0.5,hao_stateful_gemini_run05
E2L7_AGTCTCCCAGAACTCT,NK,NK,CD8+ T cells,CD8 T cell (subtype unclear),0.0,hao_stateful_gemini_run05
L4_GTAATGCCAGAGTTGG,B,B intermediate,B cells,B cell (subtype unclear),0.5,hao_stateful_gemini_run05
E2L4_AAGTCGTTCTGACAGT,NK,NK Proliferating,Proliferating cells,Proliferating lymphocyte (lineage unclear),0.5,hao_stateful_gemini_run05
L2_GCTGGGTAGGTAGATT,other T,dnT,Memory/Effector T cells,T cell (CD4/CD8/other unclear),0.5,hao_stateful_gemini_run05
E2L2_TTCCACGGTGTTAGCT,B,B naive,B cells,B cell (subtype unclear),0.5,hao_stateful_gemini_run05
E2L7_TCGAAGTTCCAACTGA,Mono,CD16 Mono,CD16+ Monocytes,CD16 Mono,1.0,hao_stateful_gemini_run05
L5_GACGCTGAGAGTCAGC,B,B memory,B cells,B cell (subtype unclear),0.5,hao_stateful_gemini_run05
E2L7_TCCCACAGTTGTCTAG,CD4 T,Treg,CD4+ T cells,CD4 T cell (subtype unclear),0.5,hao_stateful_gemini_run05
E2L2_ACTGTCCGTATTGAGA,Mono,CD16 Mono,CD16+ Monocytes,CD16 Mono,1.0,hao_stateful_gemini_run05
E2L7_ACTTATCAGGCACGAT,B,B naive,B cells,B cell (subtype unclear),0.5,hao_stateful_gemini_run05
E2L7_GGAGGTATCCGATAAC,DC,cDC2,CD14+ Monocytes,CD14 Mono,0.0,hao_stateful_gemini_run05
E2L5_GATCACAGTTTGTTCT,B,B memory,B cells,B cell (subtype unclear),0.5,hao_stateful_gemini_run05
L5_AATCACGGTCGTACAT,CD8 T,CD8 TCM,CD4+ T cells,CD4 T cell (subtype unclear),0.0,hao_stateful_gemini_run05
E2L6_TTGTTCACAAGAAATC,NK,NK Proliferating,Proliferating cells,Proliferating lymphocyte (lineage unclear),0.5,hao_stateful_gemini_run05
E2L3_CGAATTGCACGTAGTT,CD4 T,CD4 TEM,CD4+ T cells,CD4 T cell (subtype unclear),0.5,hao_stateful_gemini_run05
E2L7_CACGGGTAGCACCGTC,DC,ASDC,CD14+ Monocytes,CD14 Mono,0.0,hao_stateful_gemini_run05
E2L1_CTACAGAAGACGGAAA,CD4 T,CD4 TEM,CD4+ T cells,CD4 T cell (subtype unclear),0.5,hao_stateful_gemini_run05
L3_TTGTGTTGTTCGGCGT,other T,MAIT,CD8+ T cells,CD8 T cell (subtype unclear),0.0,hao_stateful_gemini_run05
E2L4_GCAACATCATTCACCC,B,B memory,B cells,B cell (subtype unclear),0.5,hao_stateful_gemini_run05
L1_GAGTGTTCAGAGAATT,DC,pDC,Plasmacytoid Dendritic cells,pDC,1.0,hao_stateful_gemini_run05
E2L4_AGAAGCGGTACGTGTT,B,B naive,B cells,B cell (subtype unclear),0.5,hao_stateful_gemini_run05
E2L1_GTAAGTCTCCTTATCA,other T,gdT,CD4+ T cells,CD4 T cell (subtype unclear),0.0,hao_stateful_gemini_run05
L4_TCCGAAAAGGAGAGGC,Mono,CD16 Mono,CD16+ Monocytes,CD16 Mono,1.0,hao_stateful_gemini_run05
L5_TTTCATGAGAGCCGAT,CD8 T,CD8 TEM,CD8+ T cells,CD8 T cell (subtype unclear),0.5,hao_stateful_gemini_run05
E2L7_CGATGCGCAATCCTAG,CD4 T,CD4 TEM,CD4+ T cells,CD4 T cell (subtype unclear),0.5,hao_stateful_gemini_run05
L5_GGTGAAGCACTGCATA,other T,MAIT,CD8+ T cells,CD8 T cell (subtype unclear),0.0,hao_stateful_gemini_run05
E2L7_AACGAAACACATCATG,CD4 T,CD4 TCM,CD4+ T cells,CD4 T cell (subtype unclear),0.5,hao_stateful_gemini_run05
L1_AGGACTTAGCCGGATA,CD4 T,CD4 CTL,CD8+ T cells,CD8 T cell (subtype unclear),0.0,hao_stateful_gemini_run05
L5_GTAACACGTTCTCCTG,CD4 T,CD4 TEM,CD8+ T cells,CD8 T cell (subtype unclear),0.0,hao_stateful_gemini_run05
L2_ACGATCATCATTCGGA,CD4 T,CD4 Naive,CD4+ T cells,CD4 T cell (subtype unclear),0.5,hao_stateful_gemini_run05
L1_GACACGCGTTGCTAGT,CD4 T,Treg,CD4+ T cells,CD4 T cell (subtype unclear),0.5,hao_stateful_gemini_run05
E2L4_ACATCCCGTGCCGAAA,other,ILC,CD4+ T cells,CD4 T cell (subtype unclear),0.0,hao_stateful_gemini_run05
L3_GCCAGCATCCTTATCA,other T,MAIT,CD8+ T cells,CD8 T cell (subtype unclear),0.0,hao_stateful_gemini_run05
E2L6_TTTCCTCGTGATACAA,CD4 T,Treg,CD4+ T cells,CD4 T cell (subtype unclear),0.5,hao_stateful_gemini_run05
E2L7_GAATAGAAGTTGTCGT,CD4 T,CD4 Proliferating,Proliferating cells,Proliferating lymphocyte (lineage unclear),0.5,hao_stateful_gemini_run05
E2L3_ATGGATCGTGTTGATC,NK,NK,Proliferating cells,Proliferating lymphocyte (lineage unclear),0.0,hao_stateful_gemini_run05
E2L7_GTTAGTGAGTAGACCG,CD4 T,CD4 TCM,CD4+ T cells,CD4 T cell (subtype unclear),0.5,hao_stateful_gemini_run05
L2_TTCGCTGTCTTACGTT,DC,cDC2,CD14+ Monocytes,CD14 Mono,0.0,hao_stateful_gemini_run05
E2L1_AGAACCTAGCTAGATA,other T,MAIT,CD8+ T cells,CD8 T cell (subtype unclear),0.0,hao_stateful_gemini_run05
E2L5_TTACCATAGAGAGTGA,DC,cDC2,CD14+ Monocytes,CD14 Mono,0.0,hao_stateful_gemini_run05
L2_CGCATGGTCTACTGCC,other T,gdT,CD8+ T cells,CD8 T cell (subtype unclear),0.0,hao_stateful_gemini_run05
L2_AGCTCAAAGTAAACGT,NK,NK,CD8+ T cells,CD8 T cell (subtype unclear),0.0,hao_stateful_gemini_run05
L4_TCAGTCCCATTGTACG,other T,MAIT,CD8+ T cells,CD8 T cell (subtype unclear),0.0,hao_stateful_gemini_run05
E2L7_ATTGTTCAGACGTCGA,CD4 T,Treg,CD4+ T cells,CD4 T cell (subtype unclear),0.5,hao_stateful_gemini_run05
E2L1_ATCCCTGAGGGATGTC,DC,pDC,Plasmacytoid Dendritic cells,pDC,1.0,hao_stateful_gemini_run05
E2L2_CCCTGATAGTCATCCA,other,Platelet,Platelets,Platelet,1.0,hao_stateful_gemini_run05
L1_ACCCTCACAAATCAAG,CD4 T,CD4 TEM,CD4+ T cells,CD4 T cell (subtype unclear),0.5,hao_stateful_gemini_run05
E2L3_AATCACGTCTTAGCCC,CD4 T,CD4 TCM,CD4+ T cells,CD4 T cell (subtype unclear),0.5,hao_stateful_gemini_run05
E2L5_CCACACTCAGCAGTAG,CD4 T,CD4 TCM,CD4+ T cells,CD4 T cell (subtype unclear),0.5,hao_stateful_gemini_run05
E2L1_GTTCATTAGGGAGAAT,CD4 T,CD4 Naive,CD4+ T cells,CD4 T cell (subtype unclear),0.5,hao_stateful_gemini_run05
E2L4_TTGAACGCACTGTCCT,CD4 T,CD4 TCM,CD4+ T cells,CD4 T cell (subtype unclear),0.5,hao_stateful_gemini_run05
E2L2_CTGCTCACACTCCGAG,DC,cDC2,CD14+ Monocytes,CD14 Mono,0.0,hao_stateful_gemini_run05
E2L3_ATTTCACGTTCCACGG,CD4 T,CD4 CTL,CD8+ T cells,CD8 T cell (subtype unclear),0.0,hao_stateful_gemini_run05
L1_ACTCCCACAACAAGTA,other T,dnT,CD4+ T cells,CD4 T cell (subtype unclear),0.0,hao_stateful_gemini_run05
L1_AGGATAACAACTCCAA,other,HSPC,HSPC,HSPC,1.0,hao_stateful_gemini_run05
E2L2_TGTGATGTCCATTTAC,other,Platelet,Platelets,Platelet,1.0,hao_stateful_gemini_run05
L1_TGGAACTAGGGTCTTT,B,B memory,B cells,B cell (subtype unclear),0.5,hao_stateful_gemini_run05
L2_ACCATTTGTCCCAAAT,DC,cDC1,Conventional Dendritic cells,Dendritic cell (subtype unclear),0.5,hao_stateful_gemini_run05
E2L2_CCACGAGGTAGCCAGA,NK,NK Proliferating,Proliferating cells,Proliferating lymphocyte (lineage unclear),0.5,hao_stateful_gemini_run05
L2_CTCAGGGTCTCGGCTT,NK,NK_CD56bright,NK cells,NK,0.5,hao_stateful_gemini_run05
L3_AGCATCAAGCTACGTT,CD8 T,CD8 Naive,CD4+ T cells,CD4 T cell (subtype unclear),0.0,hao_stateful_gemini_run05
L5_ATCACTTCAGCGATTT,B,Plasmablast,Plasma cells,Plasmablast,1.0,hao_stateful_gemini_run05
E2L8_CGAGTTAAGCTCCATA,DC,ASDC,CD14+ Monocytes,CD14 Mono,0.0,hao_stateful_gemini_run05
E2L7_GCAGCTGCATACCGTA,B,B intermediate,B cells,B cell (subtype unclear),0.5,hao_stateful_gemini_run05
L4_TCCACGTTCCCAAGTA,NK,NK,CD8+ T cells,CD8 T cell (subtype unclear),0.0,hao_stateful_gemini_run05
L2_CAACCTCCAATAACCC,Mono,CD14 Mono,CD14+ Monocytes,CD14 Mono,1.0,hao_stateful_gemini_run05
L1_ATCGTAGCACGCGCAT,CD8 T,CD8 TEM,CD8+ T cells,CD8 T cell (subtype unclear),0.5,hao_stateful_gemini_run05
E2L5_CTTGATTCAGCGTACC,NK,NK Proliferating,Proliferating cells,Proliferating lymphocyte (lineage unclear),0.5,hao_stateful_gemini_run05
L4_TCCTTCTAGCCAACCC,other,Platelet,Platelets,Platelet,1.0,hao_stateful_gemini_run05
L3_CGAAGTTTCTCGGTCT,CD4 T,CD4 Proliferating,Proliferating cells,Proliferating lymphocyte (lineage unclear),0.5,hao_stateful_gemini_run05
E2L8_ACAGCCGTCTACTTCA,CD8 T,CD8 TEM,CD8+ T cells,CD8 T cell (subtype unclear),0.5,hao_stateful_gemini_run05
L1_TGGGCTGCAGAAGCGT,CD4 T,CD4 TEM,CD4+ T cells,CD4 T cell (subtype unclear),0.5,hao_stateful_gemini_run05
L4_AACCTGAGTACCGTCG,DC,pDC,Plasmacytoid Dendritic cells,pDC,1.0,hao_stateful_gemini_run05
E2L4_TCTTGCGAGTCCTGTA,B,B intermediate,B cells,B cell (subtype unclear),0.5,hao_stateful_gemini_run05
L1_TGGAACTGTACCCGAC,CD8 T,CD8 TCM,CD8+ T cells,CD8 T cell (subtype unclear),0.5,hao_stateful_gemini_run05
E2L7_CATACCCAGATGGCAC,CD4 T,CD4 TCM,CD4+ T cells,CD4 T cell (subtype unclear),0.5,hao_stateful_gemini_run05
L2_GTCCACTGTAGCTCGC,CD4 T,CD4 TCM,CD4+ T cells,CD4 T cell (subtype unclear),0.5,hao_stateful_gemini_run05
E2L8_TCTACCGTCATACGAC,CD4 T,CD4 CTL,CD8+ T cells,CD8 T cell (subtype unclear),0.0,hao_stateful_gemini_run05
E2L5_TATCGCCAGAATTTGG,other T,MAIT,CD8+ T cells,CD8 T cell (subtype unclear),0.0,hao_stateful_gemini_run05
L4_TCTGCCAGTAGCTGAG,other T,gdT,CD8+ T cells,CD8 T cell (subtype unclear),0.0,hao_stateful_gemini_run05
E2L5_GAGAGGTCACGGCGTT,CD4 T,CD4 TCM,CD4+ T cells,CD4 T cell (subtype unclear),0.5,hao_stateful_gemini_run05
L5_CTACTATGTTGTGTAC,Mono,CD16 Mono,CD16+ Monocytes,CD16 Mono,1.0,hao_stateful_gemini_run05
L5_TACATTCGTGCGAACA,Mono,CD14 Mono,CD16+ Monocytes,CD16 Mono,0.5,hao_stateful_gemini_run05
L4_GGTTGTAAGCGAGTAC,B,B memory,B cells,B cell (subtype unclear),0.5,hao_stateful_gemini_run05
E2L8_GACTCTCCAATCTCGA,CD8 T,CD8 Naive,CD4+ T cells,CD4 T cell (subtype unclear),0.0,hao_stateful_gemini_run05
E2L6_CACTGGGCACAAAGCG,CD8 T,CD8 TEM,CD8+ T cells,CD8 T cell (subtype unclear),0.5,hao_stateful_gemini_run05
E2L6_ACCCTTGGTCTCCTGT,NK,NK Proliferating,Proliferating cells,Proliferating lymphocyte (lineage unclear),0.5,hao_stateful_gemini_run05
L3_CTGTCGTGTTTGCAGT,B,Plasmablast,Plasma cells,Plasmablast,1.0,hao_stateful_gemini_run05
E2L2_GCCATGGTCTCGTTTA,CD8 T,CD8 TEM,CD8+ T cells,CD8 T cell (subtype unclear),0.5,hao_stateful_gemini_run05
E2L3_TTACCGCCAGCGGTTC,CD8 T,CD8 TEM,CD8+ T cells,CD8 T cell (subtype unclear),0.5,hao_stateful_gemini_run05
E2L4_GATTCTTCAGGGAGAG,B,B memory,B cells,B cell (subtype unclear),0.5,hao_stateful_gemini_run05
L1_GTGGCGTGTGCTTCAA,other T,gdT,CD8+ T cells,CD8 T cell (subtype unclear),0.0,hao_stateful_gemini_run05
L1_CGCATGGAGGCATGCA,other,Platelet,Platelets,Platelet,1.0,hao_stateful_gemini_run05
L5_TCCTTCTAGTAAGACT,NK,NK,CD8+ T cells,CD8 T cell (subtype unclear),0.0,hao_stateful_gemini_run05
E2L3_TGTCCCATCCAACTGA,DC,pDC,Plasmacytoid Dendritic cells,pDC,1.0,hao_stateful_gemini_run05
E2L1_GAGCTGCTCAATCAGC,B,B memory,B cells,B cell (subtype unclear),0.5,hao_stateful_gemini_run05
L5_GCCATGGTCTCTCCGA,CD8 T,CD8 TEM,CD8+ T cells,CD8 T cell (subtype unclear),0.5,hao_stateful_gemini_run05
L2_GTGGCGTCAGGTATGG,other,HSPC,HSPC,HSPC,1.0,hao_stateful_gemini_run05
L5_CAGTGCGGTATCAGCT,NK,NK Proliferating,Proliferating cells,Proliferating lymphocyte (lineage unclear),0.5,hao_stateful_gemini_run05
E2L6_ATAGAGATCACGACTA,CD4 T,CD4 TEM,CD4+ T cells,CD4 T cell (subtype unclear),0.5,hao_stateful_gemini_run05
L4_TAAGCCAAGGTCACAG,other T,gdT,CD8+ T cells,CD8 T cell (subtype unclear),0.0,hao_stateful_gemini_run05
E2L3_GTCTCACAGTCGGCAA,other T,gdT,CD8+ T cells,CD8 T cell (subtype unclear),0.0,hao_stateful_gemini_run05
E2L3_CCTCTAGGTCGCATGC,CD8 T,CD8 Proliferating,Proliferating cells,Proliferating lymphocyte (lineage unclear),0.5,hao_stateful_gemini_run05
E2L3_CATAGACTCCTAAGTG,CD8 T,CD8 Naive,CD4+ T cells,CD4 T cell (subtype unclear),0.0,hao_stateful_gemini_run05
E2L6_CTCACTGTCTCGCTTG,other T,gdT,CD8+ T cells,CD8 T cell (subtype unclear),0.0,hao_stateful_gemini_run05
E2L7_TTACGCCGTCCTTGTC,NK,NK_CD56bright,NK cells,NK,0.5,hao_stateful_gemini_run05
L2_AGGATCTCAGAAACCG,CD8 T,CD8 TCM,CD4+ T cells,CD4 T cell (subtype unclear),0.0,hao_stateful_gemini_run05
E2L4_TCAATCTGTATCGAGG,other,HSPC,HSPC,HSPC,1.0,hao_stateful_gemini_run05
L2_TTAGGGTTCGAACGCC,other,ILC,CD4+ T cells,CD4 T cell (subtype unclear),0.0,hao_stateful_gemini_run05
E2L8_TCGAACAGTGAAAGTT,B,B memory,B cells,B cell (subtype unclear),0.5,hao_stateful_gemini_run05
E2L4_ATTTACCAGATCCCAT,CD4 T,CD4 CTL,CD8+ T cells,CD8 T cell (subtype unclear),0.0,hao_stateful_gemini_run05
E2L6_CTTCTCTGTGACACGA,NK,NK_CD56bright,NK cells,NK,0.5,hao_stateful_gemini_run05
L2_ATAGAGAAGATAGTGT,CD4 T,CD4 TEM,CD4+ T cells,CD4 T cell (subtype unclear),0.5,hao_stateful_gemini_run05
E2L7_CAACAGTGTTCTCAGA,Mono,CD14 Mono,CD16+ Monocytes,CD16 Mono,0.5,hao_stateful_gemini_run05
E2L8_GACACGCTCGATCCAA,DC,pDC,Plasmacytoid Dendritic cells,pDC,1.0,hao_stateful_gemini_run05
E2L5_AAGCCATTCCGCTGTT,NK,NK Proliferating,Proliferating cells,Proliferating lymphocyte (lineage unclear),0.5,hao_stateful_gemini_run05
E2L4_TCATGCCTCACGTAGT,Mono,CD14 Mono,CD16+ Monocytes,CD16 Mono,0.5,hao_stateful_gemini_run05
E2L8_TAACCAGCATCGTCCT,other,Platelet,Platelets,Platelet,1.0,hao_stateful_gemini_run05
E2L2_AGGTAGGGTGTAAACA,CD4 T,CD4 Naive,CD4+ T cells,CD4 T cell (subtype unclear),0.5,hao_stateful_gemini_run05
L1_ATTTCACGTTGACTGT,NK,NK_CD56bright,NK cells,NK,0.5,hao_stateful_gemini_run05
E2L4_AACCCAAGTAGGTACG,B,B memory,B cells,B cell (subtype unclear),0.5,hao_stateful_gemini_run05
E2L6_TCATCATAGACGGATC,CD8 T,CD8 TCM,CD4+ T cells,CD4 T cell (subtype unclear),0.0,hao_stateful_gemini_run05
E2L5_AAGTCGTTCGTAGTCA,CD4 T,CD4 CTL,CD8+ T cells,CD8 T cell (subtype unclear),0.0,hao_stateful_gemini_run05
E2L2_ACCATTTAGCCATTTG,other,Platelet,Platelets,Platelet,1.0,hao_stateful_gemini_run05
L3_CGACAGCAGTTACGAA,CD4 T,Treg,CD4+ T cells,CD4 T cell (subtype unclear),0.5,hao_stateful_gemini_run05
E2L6_CTATAGGAGGACGCTA,other,Platelet,Platelets,Platelet,1.0,hao_stateful_gemini_run05
E2L1_CAGATTGGTCAGGTAG,DC,cDC2,CD14+ Monocytes,CD14 Mono,0.0,hao_stateful_gemini_run05
L4_TATTCCACATGACGGA,DC,cDC2,CD14+ Monocytes,CD14 Mono,0.0,hao_stateful_gemini_run05
L5_AGACTCATCCCTAGGG,NK,NK Proliferating,Proliferating cells,Proliferating lymphocyte (lineage unclear),0.5,hao_stateful_gemini_run05
L2_TGGAGGAAGCAACAAT,B,B naive,B cells,B cell (subtype unclear),0.5,hao_stateful_gemini_run05
E2L5_ACCCAAAGTTCTCGTC,other,ILC,NK cells,NK,0.0,hao_stateful_gemini_run05
L1_GTGAGGACACGTCGGT,other T,dnT,CD4+ T cells,CD4 T cell (subtype unclear),0.0,hao_stateful_gemini_run05
L5_CGGGTCAGTCTTGCGG,other,Eryth,Erythrocytes,Eryth,1.0,hao_stateful_gemini_run05
E2L4_TCTGGCTAGGCGTCCT,CD8 T,CD8 TCM,CD4+ T cells,CD4 T cell (subtype unclear),0.0,hao_stateful_gemini_run05
E2L6_TGCGATAGTCCCAAAT,CD4 T,CD4 Naive,CD4+ T cells,CD4 T cell (subtype unclear),0.5,hao_stateful_gemini_run05
E2L4_CCTTCAGAGATAGCTA,CD4 T,CD4 TEM,CD4+ T cells,CD4 T cell (subtype unclear),0.5,hao_stateful_gemini_run05
L2_CACCGTTTCGATTGGT,NK,NK_CD56bright,NK cells,NK,0.5,hao_stateful_gemini_run05
E2L6_TTACGTTAGAGCCGTA,other,Platelet,Platelets,Platelet,1.0,hao_stateful_gemini_run05
L1_TTGGGCGTCCCTGGTT,CD4 T,CD4 TEM,CD4+ T cells,CD4 T cell (subtype unclear),0.5,hao_stateful_gemini_run05
L1_TTGCGTCCAACTTGCA,NK,NK Proliferating,Proliferating cells,Proliferating lymphocyte (lineage unclear),0.5,hao_stateful_gemini_run05
E2L7_CCCTGATGTAGGGAGG,CD4 T,CD4 TCM,CD4+ T cells,CD4 T cell (subtype unclear),0.5,hao_stateful_gemini_run05
E2L1_CAGTGCGTCTACGCAA,Mono,CD16 Mono,CD16+ Monocytes,CD16 Mono,1.0,hao_stateful_gemini_run05
L4_CATTTCAAGGGATCTG,CD4 T,CD4 Naive,CD4+ T cells,CD4 T cell (subtype unclear),0.5,hao_stateful_gemini_run05
E2L6_TCCATGCTCGCCAGAC,CD4 T,CD4 CTL,CD8+ T cells,CD8 T cell (subtype unclear),0.0,hao_stateful_gemini_run05
L2_AAACCCACAGAGTCAG,CD8 T,CD8 Naive,CD4+ T cells,CD4 T cell (subtype unclear),0.0,hao_stateful_gemini_run05
E2L1_TTGCATTCATACTGAC,B,B intermediate,B cells,B cell (subtype unclear),0.5,hao_stateful_gemini_run05
L2_CCCATTGGTGGGTATG,other,Platelet,Platelets,Platelet,1.0,hao_stateful_gemini_run05
L2_CAAGCTATCGAAATCC,other T,dnT,CD4+ T cells,CD4 T cell (subtype unclear),0.0,hao_stateful_gemini_run05
L1_GAGGCCTCACCTTCCA,Mono,CD14 Mono,CD16+ Monocytes,CD16 Mono,0.5,hao_stateful_gemini_run05
E2L3_TACCGAATCCATCGTC,other T,dnT,CD4+ T cells,CD4 T cell (subtype unclear),0.0,hao_stateful_gemini_run05
E2L8_TTCCTCTTCTTGGATG,NK,NK_CD56bright,NK cells,NK,0.5,hao_stateful_gemini_run05
E2L5_CTGTACCTCAATCTTC,other T,MAIT,CD8+ T cells,CD8 T cell (subtype unclear),0.0,hao_stateful_gemini_run05
E2L7_TTTGACTAGAGGTCAC,NK,NK_CD56bright,NK cells,NK,0.5,hao_stateful_gemini_run05
E2L3_GTATTTCCAGTTCACA,DC,pDC,Plasmacytoid Dendritic cells,pDC,1.0,hao_stateful_gemini_run05
E2L4_AGCGTATTCCAGTTCC,NK,NK_CD56bright,NK cells,NK,0.5,hao_stateful_gemini_run05
E2L1_TTACTGTAGTTTCTTC,CD4 T,CD4 Naive,CD4+ T cells,CD4 T cell (subtype unclear),0.5,hao_stateful_gemini_run05
E2L6_TCAGGTAAGAGAGGGC,B,Plasmablast,Plasma cells,Plasmablast,1.0,hao_stateful_gemini_run05
L5_CATAAGCTCCCGAGGT,CD8 T,CD8 Naive,CD4+ T cells,CD4 T cell (subtype unclear),0.0,hao_stateful_gemini_run05
L1_GTCAAGTCAGACCATT,CD4 T,CD4 TCM,CD4+ T cells,CD4 T cell (subtype unclear),0.5,hao_stateful_gemini_run05
L1_TCCGGGAGTCAGATTC,other T,gdT,CD4+ T cells,CD4 T cell (subtype unclear),0.0,hao_stateful_gemini_run05
L4_CGGGTGTTCTCATGCC,CD4 T,Treg,CD4+ T cells,CD4 T cell (subtype unclear),0.5,hao_stateful_gemini_run05
E2L7_ACTTAGGTCTCAGGCG,other T,gdT,CD8+ T cells,CD8 T cell (subtype unclear),0.0,hao_stateful_gemini_run05
E2L6_TTCTGTACATACCATG,B,B intermediate,B cells,B cell (subtype unclear),0.5,hao_stateful_gemini_run05
E2L3_GGGCGTTGTCCGCAGT,CD4 T,CD4 TCM,CD4+ T cells,CD4 T cell (subtype unclear),0.5,hao_stateful_gemini_run05
E2L1_TGCAGTACACTTACAG,CD4 T,Treg,CD4+ T cells,CD4 T cell (subtype unclear),0.5,hao_stateful_gemini_run05
L2_ACTATCTGTCGCAGTC,CD4 T,CD4 TEM,CD4+ T cells,CD4 T cell (subtype unclear),0.5,hao_stateful_gemini_run05
E2L8_TGTTGAGTCTACCAGA,CD8 T,CD8 Proliferating,Proliferating cells,Proliferating lymphocyte (lineage unclear),0.5,hao_stateful_gemini_run05
E2L8_TTCTTGACAAGAGCTG,CD4 T,CD4 TEM,CD4+ T cells,CD4 T cell (subtype unclear),0.5,hao_stateful_gemini_run05
E2L5_GATCGTATCAAGCCCG,CD8 T,CD8 TEM,CD8+ T cells,CD8 T cell (subtype unclear),0.5,hao_stateful_gemini_run05
E2L8_AAGCATCGTTTCGACA,other,Platelet,Platelets,Platelet,1.0,hao_stateful_gemini_run05
E2L2_TCTACATTCCCTCTAG,CD8 T,CD8 TEM,CD4+ T cells,CD4 T cell (subtype unclear),0.0,hao_stateful_gemini_run05
L1_TTCCAATCATTGACAC,CD8 T,CD8 TCM,CD4+ T cells,CD4 T cell (subtype unclear),0.0,hao_stateful_gemini_run05
L2_CACTTCGAGACTAAGT,other,Platelet,Platelets,Platelet,1.0,hao_stateful_gemini_run05
L3_AAAGGGCGTCAGACGA,other,HSPC,HSPC,HSPC,1.0,hao_stateful_gemini_run05
L1_ATTACCTGTGCTCTTC,B,B intermediate,B cells,B cell (subtype unclear),0.5,hao_stateful_gemini_run05
E2L8_CACCAAATCAGACATC,NK,NK,CD8+ T cells,CD8 T cell (subtype unclear),0.0,hao_stateful_gemini_run05
E2L4_CAGTTAGAGTAAGACT,CD4 T,CD4 Naive,CD4+ T cells,CD4 T cell (subtype unclear),0.5,hao_stateful_gemini_run05
E2L8_GTGAGTTGTAGTGTGG,B,B memory,B cells,B cell (subtype unclear),0.5,hao_stateful_gemini_run05
L5_GCAACATTCGGTGCAC,Mono,CD14 Mono,CD14+ Monocytes,CD14 Mono,1.0,hao_stateful_gemini_run05
E2L4_GGGACTCCAGTAGTGG,other,Platelet,Platelets,Platelet,1.0,hao_stateful_gemini_run05
E2L7_TACTTACGTGCCGTAC,NK,NK Proliferating,Proliferating cells,Proliferating lymphocyte (lineage unclear),0.5,hao_stateful_gemini_run05
E2L8_GTGGGAAAGGTAGTCG,B,B memory,B cells,B cell (subtype unclear),0.5,hao_stateful_gemini_run05
E2L8_CACTGGGCATCTAGAC,CD4 T,CD4 TEM,CD4+ T cells,CD4 T cell (subtype unclear),0.5,hao_stateful_gemini_run05
E2L8_GCTGCAGGTGTAAACA,B,B intermediate,B cells,B cell (subtype unclear),0.5,hao_stateful_gemini_run05
L4_AAGTTCGCAAGCACCC,CD4 T,CD4 Proliferating,Proliferating cells,Proliferating lymphocyte (lineage unclear),0.5,hao_stateful_gemini_run05
E2L2_TTGTTTGGTTGTTGTG,CD8 T,CD8 Naive,CD4+ T cells,CD4 T cell (subtype unclear),0.0,hao_stateful_gemini_run05
L5_CCTAAGAAGCACTAAA,B,B memory,B cells,B cell (subtype unclear),0.5,hao_stateful_gemini_run05
L5_CCGAACGCACTTCAAG,CD8 T,CD8 Naive,CD4+ T cells,CD4 T cell (subtype unclear),0.0,hao_stateful_gemini_run05
E2L2_ATCACGACAGCCATTA,NK,NK_CD56bright,NK cells,NK,0.5,hao_stateful_gemini_run05
E2L1_TCACACCCACAACCGC,other T,MAIT,CD8+ T cells,CD8 T cell (subtype unclear),0.0,hao_stateful_gemini_run05
L1_CCCTGATTCAGTCAGT,other,Eryth,Erythrocytes,Eryth,1.0,hao_stateful_gemini_run05
E2L8_TACTGCCCACTATCGA,other T,gdT,CD8+ T cells,CD8 T cell (subtype unclear),0.0,hao_stateful_gemini_run05
E2L3_TACGTCCGTTGTTGTG,NK,NK_CD56bright,NK cells,NK,0.5,hao_stateful_gemini_run05
L1_GGGTCACTCGATTTCT,other,HSPC,HSPC,HSPC,1.0,hao_stateful_gemini_run05
E2L1_CGATGGCGTGTGCTTA,DC,cDC2,CD14+ Monocytes,CD14 Mono,0.0,hao_stateful_gemini_run05
E2L7_TTGGGTAGTTCATCGA,CD8 T,CD8 Proliferating,Proliferating cells,Proliferating lymphocyte (lineage unclear),0.5,hao_stateful_gemini_run05
L4_ATTGTTCTCGTAGCCG,other T,dnT,Memory/Effector T cells,T cell (CD4/CD8/other unclear),0.5,hao_stateful_gemini_run05
E2L5_TCATGAGTCTCCGATC,Mono,CD16 Mono,CD16+ Monocytes,CD16 Mono,1.0,hao_stateful_gemini_run05
L4_CTTCAATAGCATGGGT,Mono,CD14 Mono,CD14+ Monocytes,CD14 Mono,1.0,hao_stateful_gemini_run05
E2L6_TGTTCATTCATGAGGG,NK,NK Proliferating,Proliferating cells,Proliferating lymphocyte (lineage unclear),0.5,hao_stateful_gemini_run05
E2L2_GAGTGTTAGGTCACAG,NK,NK_CD56bright,NK cells,NK,0.5,hao_stateful_gemini_run05
E2L5_TCAGTCCAGGCCATAG,B,B naive,B cells,B cell (subtype unclear),0.5,hao_stateful_gemini_run05
L2_CCCAACTCAAGTCATC,NK,NK,CD8+ T cells,CD8 T cell (subtype unclear),0.0,hao_stateful_gemini_run05
E2L7_ACACTGATCACTGATG,B,B intermediate,B cells,B cell (subtype unclear),0.5,hao_stateful_gemini_run05
E2L5_GAGCCTGGTTGCTCAA,CD4 T,CD4 TEM,CD4+ T cells,CD4 T cell (subtype unclear),0.5,hao_stateful_gemini_run05
L5_TTGACCCCAGTGTGCC,B,B intermediate,B cells,B cell (subtype unclear),0.5,hao_stateful_gemini_run05
E2L4_ACTTTGTTCCACAGGC,B,B intermediate,B cells,B cell (subtype unclear),0.5,hao_stateful_gemini_run05
E2L5_GGGTGAATCCAACCAA,CD4 T,CD4 CTL,CD8+ T cells,CD8 T cell (subtype unclear),0.0,hao_stateful_gemini_run05
L1_TGTAACGTCCACGAAT,CD4 T,CD4 TCM,CD4+ T cells,CD4 T cell (subtype unclear),0.5,hao_stateful_gemini_run05
L3_CATTTCAGTGCCTGAC,NK,NK_CD56bright,NK cells,NK,0.5,hao_stateful_gemini_run05
E2L6_AGTACTGCAGCAGTTT,CD4 T,CD4 TEM,CD4+ T cells,CD4 T cell (subtype unclear),0.5,hao_stateful_gemini_run05
E2L2_GAGGGTAAGGCCTAAG,other T,MAIT,CD8+ T cells,CD8 T cell (subtype unclear),0.0,hao_stateful_gemini_run05
E2L8_GGCTTGGTCACCCTTG,CD4 T,CD4 CTL,CD8+ T cells,CD8 T cell (subtype unclear),0.0,hao_stateful_gemini_run05
L5_ATTCCCGCATATACCG,CD8 T,CD8 TEM,CD8+ T cells,CD8 T cell (subtype unclear),0.5,hao_stateful_gemini_run05
L1_TGCAGATCAGTTCACA,CD4 T,CD4 CTL,CD8+ T cells,CD8 T cell (subtype unclear),0.0,hao_stateful_gemini_run05
E2L2_TATATCCTCTTCACAT,CD4 T,Treg,CD4+ T cells,CD4 T cell (subtype unclear),0.5,hao_stateful_gemini_run05
E2L6_CATGAGTTCTTGTGCC,other T,MAIT,CD8+ T cells,CD8 T cell (subtype unclear),0.0,hao_stateful_gemini_run05
E2L2_TACCGAAGTCAGGCAA,other T,dnT,CD4+ T cells,CD4 T cell (subtype unclear),0.0,hao_stateful_gemini_run05
E2L4_CGAGGCTCAGTGTGCC,NK,NK_CD56bright,NK cells,NK,0.5,hao_stateful_gemini_run05
E2L7_GACACGCAGTGCACCC,B,B memory,B cells,B cell (subtype unclear),0.5,hao_stateful_gemini_run05
E2L6_TTTCACACATCATTGG,Mono,CD14 Mono,CD14+ Monocytes,CD14 Mono,1.0,hao_stateful_gemini_run05
E2L2_CGTAAGTAGCGAACTG,B,B intermediate,B cells,B cell (subtype unclear),0.5,hao_stateful_gemini_run05
L1_TGTTGGAAGTCGCGAA,other,HSPC,HSPC,HSPC,1.0,hao_stateful_gemini_run05
E2L4_ACAAGCTGTGCCGAAA,DC,cDC2,CD14+ Monocytes,CD14 Mono,0.0,hao_stateful_gemini_run05
L5_CACAGATTCACTTGTT,B,B memory,B cells,B cell (subtype unclear),0.5,hao_stateful_gemini_run05
L4_TATCTGTTCATCCTAT,other T,dnT,CD4+ T cells,CD4 T cell (subtype unclear),0.0,hao_stateful_gemini_run05
E2L5_ACGCACGAGTTTCAGC,B,B naive,B cells,B cell (subtype unclear),0.5,hao_stateful_gemini_run05
E2L7_GTCGTAATCACTCCGT,CD8 T,CD8 TCM,CD4+ T cells,CD4 T cell (subtype unclear),0.0,hao_stateful_gemini_run05
L4_GACTTCCTCAGTCCGG,other,HSPC,HSPC,HSPC,1.0,hao_stateful_gemini_run05
E2L2_AACCATGAGAGCTTTC,NK,NK Proliferating,Proliferating cells,Proliferating lymphocyte (lineage unclear),0.5,hao_stateful_gemini_run05
E2L2_TGATTCTAGTGAGGTC,DC,cDC2,CD14+ Monocytes,CD14 Mono,0.0,hao_stateful_gemini_run05
L3_TTACAGGAGATAGCAT,other,Platelet,Platelets,Platelet,1.0,hao_stateful_gemini_run05
E2L5_TCATATCCAACCAATC,CD8 T,CD8 TEM,CD8+ T cells,CD8 T cell (subtype unclear),0.5,hao_stateful_gemini_run05
L2_CCTCATGGTCCACGCA,DC,cDC1,Conventional Dendritic cells,Dendritic cell (subtype unclear),0.5,hao_stateful_gemini_run05
E2L2_AACCATGGTCTAGGCC,CD4 T,CD4 TCM,CD4+ T cells,CD4 T cell (subtype unclear),0.5,hao_stateful_gemini_run05
E2L3_CGTTCTGCAATAGAGT,CD4 T,CD4 Naive,CD4+ T cells,CD4 T cell (subtype unclear),0.5,hao_stateful_gemini_run05
L3_TATTTCGAGTTGAAGT,NK,NK,CD8+ T cells,CD8 T cell (subtype unclear),0.0,hao_stateful_gemini_run05
L5_AACCAACTCGGAAGGT,CD4 T,CD4 TEM,CD4+ T cells,CD4 T cell (subtype unclear),0.5,hao_stateful_gemini_run05
E2L2_GAGTTTGAGGAGATAG,B,B naive,B cells,B cell (subtype unclear),0.5,hao_stateful_gemini_run05
E2L6_AGAAGTAGTCGGAAAC,CD4 T,CD4 TCM,CD4+ T cells,CD4 T cell (subtype unclear),0.5,hao_stateful_gemini_run05
L4_ATGGGAGTCGGTGTTA,NK,NK_CD56bright,NK cells,NK,0.5,hao_stateful_gemini_run05
E2L4_GGGCGTTAGATTGTGA,CD4 T,CD4 CTL,CD8+ T cells,CD8 T cell (subtype unclear),0.0,hao_stateful_gemini_run05
E2L8_AGACACTAGTTTAGGA,CD8 T,CD8 TCM,CD4+ T cells,CD4 T cell (subtype unclear),0.0,hao_stateful_gemini_run05
L5_TTCACCGCACAGAGCA,other T,MAIT,CD8+ T cells,CD8 T cell (subtype unclear),0.0,hao_stateful_gemini_run05
L2_ACAAGCTGTTCAATCG,CD4 T,CD4 Naive,CD4+ T cells,CD4 T cell (subtype unclear),0.5,hao_stateful_gemini_run05
E2L2_ATCGATGCAGATACTC,CD4 T,CD4 Proliferating,Proliferating cells,Proliferating lymphocyte (lineage unclear),0.5,hao_stateful_gemini_run05
L5_TGTAACGTCAGACCTA,CD8 T,CD8 TCM,CD4+ T cells,CD4 T cell (subtype unclear),0.0,hao_stateful_gemini_run05
L2_ACTTATCAGGTTAGTA,DC,cDC1,Conventional Dendritic cells,Dendritic cell (subtype unclear),0.5,hao_stateful_gemini_run05
L2_GCATGATCACTATCCC,CD4 T,Treg,CD4+ T cells,CD4 T cell (subtype unclear),0.5,hao_stateful_gemini_run05
L1_AAGTTCGCAGGTGTTT,CD4 T,CD4 TCM,CD4+ T cells,CD4 T cell (subtype unclear),0.5,hao_stateful_gemini_run05
L5_GACGCTGTCACCTGTC,CD4 T,CD4 TCM,CD4+ T cells,CD4 T cell (subtype unclear),0.5,hao_stateful_gemini_run05
E2L8_GCCATTCGTCCCGCAA,other T,MAIT,CD8+ T cells,CD8 T cell (subtype unclear),0.0,hao_stateful_gemini_run05
L5_GCTACAACACCGTGGT,DC,cDC2,CD14+ Monocytes,CD14 Mono,0.0,hao_stateful_gemini_run05
L3_AGCCACGAGAGTCTTC,CD4 T,CD4 CTL,CD8+ T cells,CD8 T cell (subtype unclear),0.0,hao_stateful_gemini_run05
E2L1_ATTTCTGTCCAGTACA,Mono,CD16 Mono,CD16+ Monocytes,CD16 Mono,1.0,hao_stateful_gemini_run05
E2L2_TCCCACAAGCTAGATA,other T,gdT,CD8+ T cells,CD8 T cell (subtype unclear),0.0,hao_stateful_gemini_run05
L2_GCCATTCTCAACCGAT,CD4 T,CD4 CTL,CD8+ T cells,CD8 T cell (subtype unclear),0.0,hao_stateful_gemini_run05
E2L2_GATTTCTGTCTGTGAT,other T,dnT,Memory/Effector T cells,T cell (CD4/CD8/other unclear),0.5,hao_stateful_gemini_run05
E2L7_TCGCACTTCACTTCTA,DC,ASDC,CD14+ Monocytes,CD14 Mono,0.0,hao_stateful_gemini_run05
E2L2_CGGCAGTTCTTCCGTG,DC,pDC,Plasmacytoid Dendritic cells,pDC,1.0,hao_stateful_gemini_run05
E2L2_GTCATCCTCGTAGAGG,DC,cDC2,CD14+ Monocytes,CD14 Mono,0.0,hao_stateful_gemini_run05
L4_GTCATCCTCATTCCTA,CD8 T,CD8 TCM,CD4+ T cells,CD4 T cell (subtype unclear),0.0,hao_stateful_gemini_run05
L4_ATCGGATTCTTGGTGA,CD4 T,CD4 Proliferating,Proliferating cells,Proliferating lymphocyte (lineage unclear),0.5,hao_stateful_gemini_run05
E2L8_TTCTAGTTCAGTCATG,other T,gdT,CD8+ T cells,CD8 T cell (subtype unclear),0.0,hao_stateful_gemini_run05
E2L1_TCTGCCATCAGGTGTT,other T,gdT,CD8+ T cells,CD8 T cell (subtype unclear),0.0,hao_stateful_gemini_run05
L4_CTACTATAGCCTATTG,other T,dnT,Memory/Effector T cells,T cell (CD4/CD8/other unclear),0.5,hao_stateful_gemini_run05
E2L3_CCGTGAGCAACCAGAG,Mono,CD16 Mono,CD16+ Monocytes,CD16 Mono,1.0,hao_stateful_gemini_run05
E2L5_TCAGCAATCGTTAGTG,other,HSPC,HSPC,HSPC,1.0,hao_stateful_gemini_run05
E2L3_TTCTTGAGTTTCCCAC,CD8 T,CD8 TEM,CD8+ T cells,CD8 T cell (subtype unclear),0.5,hao_stateful_gemini_run05
E2L5_CTCCGATCAAATGGCG,B,B intermediate,B cells,B cell (subtype unclear),0.5,hao_stateful_gemini_run05
E2L7_CGTTGGGCAGAAGTGC,other,Eryth,Erythrocytes,Eryth,1.0,hao_stateful_gemini_run05
E2L4_ACCAAACGTCATCCCT,DC,cDC2,CD14+ Monocytes,CD14 Mono,0.0,hao_stateful_gemini_run05
L2_CCGAACGGTACTGCGC,other T,MAIT,CD8+ T cells,CD8 T cell (subtype unclear),0.0,hao_stateful_gemini_run05
L1_AGACAAAGTTCCTAGA,other T,dnT,CD4+ T cells,CD4 T cell (subtype unclear),0.0,hao_stateful_gemini_run05
E2L6_TCAGCAAGTGACTGAG,NK,NK Proliferating,Proliferating cells,Proliferating lymphocyte (lineage unclear),0.5,hao_stateful_gemini_run05
E2L3_GTTTGGACACGCTGAC,other T,gdT,CD8+ T cells,CD8 T cell (subtype unclear),0.0,hao_stateful_gemini_run05
L3_CTAAGTGAGCGACCCT,other T,dnT,CD4+ T cells,CD4 T cell (subtype unclear),0.0,hao_stateful_gemini_run05
L5_TGGGATTAGCTTCTAG,Mono,CD16 Mono,CD16+ Monocytes,CD16 Mono,1.0,hao_stateful_gemini_run05
L5_CGGAACCCAAGTGGAC,CD4 T,CD4 Naive,CD4+ T cells,CD4 T cell (subtype unclear),0.5,hao_stateful_gemini_run05
E2L4_ACGGTCGTCGAGATAA,other,Platelet,Platelets,Platelet,1.0,hao_stateful_gemini_run05
L3_TACATTCTCCTTCGAC,other,HSPC,HSPC,HSPC,1.0,hao_stateful_gemini_run05
L2_TTTATGCAGGGCTGAT,B,B intermediate,B cells,B cell (subtype unclear),0.5,hao_stateful_gemini_run05
L3_GTGCTTCCACGGTAGA,other,HSPC,HSPC,HSPC,1.0,hao_stateful_gemini_run05
E2L7_CCCATTGAGCTACGTT,DC,pDC,Plasmacytoid Dendritic cells,pDC,1.0,hao_stateful_gemini_run05
L1_GTCTAGATCTCAGTCC,other,HSPC,HSPC,HSPC,1.0,hao_stateful_gemini_run05
E2L2_TCCCACAGTTGGTAGG,NK,NK Proliferating,Proliferating cells,Proliferating lymphocyte (lineage unclear),0.5,hao_stateful_gemini_run05
L1_TAACTTCAGCTCAGAG,B,B intermediate,B cells,B cell (subtype unclear),0.5,hao_stateful_gemini_run05
L1_TCTATCACATTCGATG,other T,dnT,Memory/Effector T cells,T cell (CD4/CD8/other unclear),0.5,hao_stateful_gemini_run05
E2L1_AAGTGAATCCGTGACG,CD8 T,CD8 TEM,CD8+ T cells,CD8 T cell (subtype unclear),0.5,hao_stateful_gemini_run05
L1_AATGACCAGTTGAAAC,DC,cDC2,CD14+ Monocytes,CD14 Mono,0.0,hao_stateful_gemini_run05
L1_CCACGTTTCATTGCTT,other,HSPC,HSPC,HSPC,1.0,hao_stateful_gemini_run05
E2L5_CTGCAGGGTATTCTCT,B,Plasmablast,Plasma cells,Plasmablast,1.0,hao_stateful_gemini_run05
L2_TTCCGGTCATAATGCC,CD4 T,CD4 TCM,CD4+ T cells,CD4 T cell (subtype unclear),0.5,hao_stateful_gemini_run05
E2L7_TACGGGCGTAACATCC,B,B intermediate,B cells,B cell (subtype unclear),0.5,hao_stateful_gemini_run05
E2L5_ACACCAATCTTAGTTC,DC,cDC1,Conventional Dendritic cells,Dendritic cell (subtype unclear),0.5,hao_stateful_gemini_run05
E2L1_ATCGCCTAGATAGCAT,Mono,CD16 Mono,CD16+ Monocytes,CD16 Mono,1.0,hao_stateful_gemini_run05
E2L6_CGTCCATTCTAACGGT,CD8 T,CD8 Naive,CD4+ T cells,CD4 T cell (subtype unclear),0.0,hao_stateful_gemini_run05
E2L5_ATGCCTCAGGGATCTG,B,B memory,B cells,B cell (subtype unclear),0.5,hao_stateful_gemini_run05
E2L7_GTTGTGATCCGTACGG,CD4 T,CD4 TCM,CD4+ T cells,CD4 T cell (subtype unclear),0.5,hao_stateful_gemini_run05
L4_GATCATGAGATACGAT,Mono,CD14 Mono,CD16+ Monocytes,CD16 Mono,0.5,hao_stateful_gemini_run05
L3_TCGAAGTTCAGTGCGC,other T,MAIT,CD8+ T cells,CD8 T cell (subtype unclear),0.0,hao_stateful_gemini_run05
L3_TTGGGTAAGAAATGGG,CD4 T,Treg,CD4+ T cells,CD4 T cell (subtype unclear),0.5,hao_stateful_gemini_run05
E2L5_CTTCGGTTCTGACGCG,B,B naive,B cells,B cell (subtype unclear),0.5,hao_stateful_gemini_run05
E2L2_CGGGTGTAGGGACACT,CD4 T,CD4 TCM,CD4+ T cells,CD4 T cell (subtype unclear),0.5,hao_stateful_gemini_run05
E2L6_GATCAGTTCGCCGAAC,NK,NK,CD8+ T cells,CD8 T cell (subtype unclear),0.0,hao_stateful_gemini_run05
L1_GCGTTTCCAGCGTAGA,other,Platelet,Platelets,Platelet,1.0,hao_stateful_gemini_run05
L3_TACCTCGCACTCAGAT,CD4 T,CD4 Naive,CD4+ T cells,CD4 T cell (subtype unclear),0.5,hao_stateful_gemini_run05
E2L3_CCTCCAAAGGGACTGT,NK,NK_CD56bright,NK cells,NK,0.5,hao_stateful_gemini_run05
E2L5_GAAGGACAGTATTAGG,CD8 T,CD8 TEM,CD8+ T cells,CD8 T cell (subtype unclear),0.5,hao_stateful_gemini_run05
L3_ATTCGTTAGTTCATCG,Mono,CD16 Mono,CD16+ Monocytes,CD16 Mono,1.0,hao_stateful_gemini_run05
E2L3_GAGTCTAGTGTACGCC,B,Plasmablast,Plasma cells,Plasmablast,1.0,hao_stateful_gemini_run05
E2L7_GACTGATCAAACACCT,DC,pDC,Plasmacytoid Dendritic cells,pDC,1.0,hao_stateful_gemini_run05
L3_CCATCACAGACATAGT,B,B memory,B cells,B cell (subtype unclear),0.5,hao_stateful_gemini_run05
L4_TCCTTTCAGCCTGTCG,other T,MAIT,CD8+ T cells,CD8 T cell (subtype unclear),0.0,hao_stateful_gemini_run05
E2L2_GGTAGAGTCCTTTGAT,B,B intermediate,B cells,B cell (subtype unclear),0.5,hao_stateful_gemini_run05
E2L8_TCATCATGTAGCCCTG,Mono,CD14 Mono,CD14+ Monocytes,CD14 Mono,1.0,hao_stateful_gemini_run05
E2L4_ACTATGGGTCAAAGTA,CD8 T,CD8 TEM,CD8+ T cells,CD8 T cell (subtype unclear),0.5,hao_stateful_gemini_run05
E2L2_GGAATGGTCACCGCTT,CD8 T,CD8 Proliferating,Proliferating cells,Proliferating lymphocyte (lineage unclear),0.5,hao_stateful_gemini_run05
E2L7_ACGATGTCACGCACCA,B,B naive,B cells,B cell (subtype unclear),0.5,hao_stateful_gemini_run05
L4_GTAGAGGTCAACTACG,NK,NK,CD8+ T cells,CD8 T cell (subtype unclear),0.0,hao_stateful_gemini_run05
L2_CACTAAGAGAAGAGCA,CD4 T,CD4 TEM,CD4+ T cells,CD4 T cell (subtype unclear),0.5,hao_stateful_gemini_run05
E2L3_CTGCGAGGTCCGACGT,CD8 T,CD8 TEM,CD8+ T cells,CD8 T cell (subtype unclear),0.5,hao_stateful_gemini_run05
L3_ATTGTTCCATCGCCTT,other T,dnT,Memory/Effector T cells,T cell (CD4/CD8/other unclear),0.5,hao_stateful_gemini_run05
L1_TGCGACGAGTCTGCGC,CD4 T,CD4 TCM,CD4+ T cells,CD4 T cell (subtype unclear),0.5,hao_stateful_gemini_run05
E2L7_TGCAGGCCACCCAATA,DC,cDC2,CD14+ Monocytes,CD14 Mono,0.0,hao_stateful_gemini_run05
E2L2_TCGGGTGCATGCTGCG,CD8 T,CD8 Naive,CD4+ T cells,CD4 T cell (subtype unclear),0.0,hao_stateful_gemini_run05
L2_TGCGGGTCACCCTCTA,DC,ASDC,CD14+ Monocytes,CD14 Mono,0.0,hao_stateful_gemini_run05
L4_GGAGGTAAGTCCCAGC,CD4 T,CD4 Proliferating,Proliferating cells,Proliferating lymphocyte (lineage unclear),0.5,hao_stateful_gemini_run05
L3_AGTACCACAGTAGAGC,other T,dnT,Memory/Effector T cells,T cell (CD4/CD8/other unclear),0.5,hao_stateful_gemini_run05
L3_GTCTGTCCATGTCAGT,NK,NK,CD8+ T cells,CD8 T cell (subtype unclear),0.0,hao_stateful_gemini_run05
E2L8_GTCAGCGAGCAGATAT,CD4 T,CD4 Naive,CD4+ T cells,CD4 T cell (subtype unclear),0.5,hao_stateful_gemini_run05
L2_AAACCCAAGCCTGGAA,NK,NK_CD56bright,NK cells,NK,0.5,hao_stateful_gemini_run05
E2L3_CTATCCGTCATTGCTT,CD4 T,CD4 TCM,CD4+ T cells,CD4 T cell (subtype unclear),0.5,hao_stateful_gemini_run05
E2L5_ATTATCCCAGCGTAGA,CD8 T,CD8 TEM,CD8+ T cells,CD8 T cell (subtype unclear),0.5,hao_stateful_gemini_run05
L2_GGGACAACACAAAGTA,NK,NK Proliferating,Proliferating cells,Proliferating lymphocyte (lineage unclear),0.5,hao_stateful_gemini_run05
L3_GTCTGTCCACATCATG,Mono,CD16 Mono,CD16+ Monocytes,CD16 Mono,1.0,hao_stateful_gemini_run05
L3_AGGTTACAGGACAAGA,other T,dnT,CD4+ T cells,CD4 T cell (subtype unclear),0.0,hao_stateful_gemini_run05
E2L1_TCCTTCTGTTCTCCCA,NK,NK,CD8+ T cells,CD8 T cell (subtype unclear),0.0,hao_stateful_gemini_run05
L2_CCCTTAGCAACTGCCG,CD8 T,CD8 TEM,CD8+ T cells,CD8 T cell (subtype unclear),0.5,hao_stateful_gemini_run05
L5_CATACCCAGGCACGAT,other T,gdT,CD8+ T cells,CD8 T cell (subtype unclear),0.0,hao_stateful_gemini_run05
L2_GAGAAATCAGTTCACA,other,Platelet,Platelets,Platelet,1.0,hao_stateful_gemini_run05
E2L7_GGTCACGCAGTTGAAA,other,ILC,CD4+ T cells,CD4 T cell (subtype unclear),0.0,hao_stateful_gemini_run05
L2_ACGGTTAAGAAGTCAT,NK,NK Proliferating,Proliferating cells,Proliferating lymphocyte (lineage unclear),0.5,hao_stateful_gemini_run05
E2L1_TGTCCCACAGCTGAAG,other T,gdT,CD8+ T cells,CD8 T cell (subtype unclear),0.0,hao_stateful_gemini_run05
E2L8_AGTCTCCTCAACGTGT,other,Platelet,Platelets,Platelet,1.0,hao_stateful_gemini_run05
E2L5_ACAAGCTTCCTACCGT,Mono,CD14 Mono,CD16+ Monocytes,CD16 Mono,0.5,hao_stateful_gemini_run05
L1_ACCTGAAAGCATCAAA,CD8 T,CD8 Naive,CD4+ T cells,CD4 T cell (subtype unclear),0.0,hao_stateful_gemini_run05
L1_TTATTGCAGTGGATTA,Mono,CD16 Mono,CD16+ Monocytes,CD16 Mono,1.0,hao_stateful_gemini_run05
L2_CCACGTTGTCTACAAC,CD4 T,CD4 Proliferating,Proliferating cells,Proliferating lymphocyte (lineage unclear),0.5,hao_stateful_gemini_run05
L5_CTGCGAGCACCGCTGA,DC,ASDC,CD14+ Monocytes,CD14 Mono,0.0,hao_stateful_gemini_run05
E2L8_ACACGCGGTGGACTAG,B,B naive,B cells,B cell (subtype unclear),0.5,hao_stateful_gemini_run05
L1_CGCGTGACAGCACCCA,CD4 T,CD4 Naive,CD4+ T cells,CD4 T cell (subtype unclear),0.5,hao_stateful_gemini_run05
E2L6_ACACTGAAGAAATTCG,CD4 T,Treg,CD4+ T cells,CD4 T cell (subtype unclear),0.5,hao_stateful_gemini_run05
L1_CACCAAACATAATCGC,DC,cDC2,CD14+ Monocytes,CD14 Mono,0.0,hao_stateful_gemini_run05
L4_GATGACTCAAGTTCGT,NK,NK Proliferating,Proliferating cells,Proliferating lymphocyte (lineage unclear),0.5,hao_stateful_gemini_run05
E2L6_TGGGCGTTCGTCCATC,other T,MAIT,CD8+ T cells,CD8 T cell (subtype unclear),0.0,hao_stateful_gemini_run05
L2_ACATTTCAGACTACCT,CD4 T,CD4 CTL,CD8+ T cells,CD8 T cell (subtype unclear),0.0,hao_stateful_gemini_run05
E2L3_AAACGAATCATTTGCT,NK,NK Proliferating,Proliferating cells,Proliferating lymphocyte (lineage unclear),0.5,hao_stateful_gemini_run05
L2_ATTTCACTCGTTGTTT,B,B intermediate,B cells,B cell (subtype unclear),0.5,hao_stateful_gemini_run05
E2L7_CATAGACAGGAACATT,NK,NK,CD8+ T cells,CD8 T cell (subtype unclear),0.0,hao_stateful_gemini_run05
L5_TGCTCCACATCGCCTT,CD4 T,CD4 Naive,CD4+ T cells,CD4 T cell (subtype unclear),0.5,hao_stateful_gemini_run05
L2_TGCACGGTCTGCATGA,other,ILC,NK cells,NK,0.0,hao_stateful_gemini_run05
L2_TTTGGAGCAATCTCGA,NK,NK_CD56bright,NK cells,NK,0.5,hao_stateful_gemini_run05
E2L8_TCCAGAACAACCGTAT,B,B naive,B cells,B cell (subtype unclear),0.5,hao_stateful_gemini_run05
L1_TGCGACGCATCCGCGA,Mono,CD16 Mono,CD16+ Monocytes,CD16 Mono,1.0,hao_stateful_gemini_run05
L4_CGGGCATCAGCGTTTA,B,Plasmablast,Plasma cells,Plasmablast,1.0,hao_stateful_gemini_run05
E2L4_TACCCGTGTGATATAG,CD4 T,Treg,CD4+ T cells,CD4 T cell (subtype unclear),0.5,hao_stateful_gemini_run05
E2L4_TACCCACTCGCGGTAC,DC,pDC,Plasmacytoid Dendritic cells,pDC,1.0,hao_stateful_gemini_run05
E2L1_TAGGTACCAGTCGAGA,other T,gdT,CD8+ T cells,CD8 T cell (subtype unclear),0.0,hao_stateful_gemini_run05
L1_CTACATTGTGAGATAT,B,Plasmablast,Plasma cells,Plasmablast,1.0,hao_stateful_gemini_run05
L2_GCAGGCTCATCAGTGT,CD8 T,CD8 TEM,CD8+ T cells,CD8 T cell (subtype unclear),0.5,hao_stateful_gemini_run05
L5_GCCGATGCACAACCGC,Mono,CD14 Mono,CD16+ Monocytes,CD16 Mono,0.5,hao_stateful_gemini_run05
L4_TAGACTGTCAAACGTC,other T,MAIT,CD8+ T cells,CD8 T cell (subtype unclear),0.0,hao_stateful_gemini_run05
L3_TACCCGTAGAACGCGT,B,Plasmablast,Plasma cells,Plasmablast,1.0,hao_stateful_gemini_run05
L3_GTACAGTGTGCTGTCG,B,B naive,B cells,B cell (subtype unclear),0.5,hao_stateful_gemini_run05
E2L7_AAGCCATGTAACGATA,other T,gdT,CD8+ T cells,CD8 T cell (subtype unclear),0.0,hao_stateful_gemini_run05
E2L3_ATCCACCCATCATCCC,NK,NK_CD56bright,NK cells,NK,0.5,hao_stateful_gemini_run05
E2L1_ACGATCAAGGTTCTAC,CD8 T,CD8 TCM,CD4+ T cells,CD4 T cell (subtype unclear),0.0,hao_stateful_gemini_run05
E2L2_ACAAAGAAGTTCCGTA,DC,cDC1,Conventional Dendritic cells,Dendritic cell (subtype unclear),0.5,hao_stateful_gemini_run05
L2_TCGACCTCACAATGCT,B,B naive,B cells,B cell (subtype unclear),0.5,hao_stateful_gemini_run05
L3_TGTAAGCAGCTGCGAA,CD4 T,CD4 TCM,CD4+ T cells,CD4 T cell (subtype unclear),0.5,hao_stateful_gemini_run05
E2L6_ATCGTGAGTTGAGGAC,Mono,CD14 Mono,CD16+ Monocytes,CD16 Mono,0.5,hao_stateful_gemini_run05
E2L6_ATGAGTCTCTGAGGCC,CD8 T,CD8 Naive,CD4+ T cells,CD4 T cell (subtype unclear),0.0,hao_stateful_gemini_run05
L1_AAACGCTAGGTCGTCC,CD8 T,CD8 TEM,CD8+ T cells,CD8 T cell (subtype unclear),0.5,hao_stateful_gemini_run05
L5_GGTGGCTCAATTGTGC,other T,MAIT,CD8+ T cells,CD8 T cell (subtype unclear),0.0,hao_stateful_gemini_run05
E2L1_TCGCTCATCGGACAAG,NK,NK Proliferating,Proliferating cells,Proliferating lymphocyte (lineage unclear),0.5,hao_stateful_gemini_run05
E2L6_TGTTCATTCTACCACC,CD4 T,CD4 CTL,CD8+ T cells,CD8 T cell (subtype unclear),0.0,hao_stateful_gemini_run05
L3_ACTACGACAGAGCGTA,B,B memory,B cells,B cell (subtype unclear),0.5,hao_stateful_gemini_run05
E2L6_ATCCGTCTCGGATTAC,B,B intermediate,B cells,B cell (subtype unclear),0.5,hao_stateful_gemini_run05
L3_GTCATGAGTGTTCAGT,CD4 T,Treg,CD4+ T cells,CD4 T cell (subtype unclear),0.5,hao_stateful_gemini_run05
L1_TAAGCACTCATCTGTT,other,HSPC,HSPC,HSPC,1.0,hao_stateful_gemini_run05
E2L3_GTAGTACAGAAGAACG,B,B memory,B cells,B cell (subtype unclear),0.5,hao_stateful_gemini_run05
E2L2_AGACAAACACTCAGAT,CD4 T,CD4 TEM,CD4+ T cells,CD4 T cell (subtype unclear),0.5,hao_stateful_gemini_run05
E2L5_ACCTGAAAGGTATCTC,other T,dnT,Memory/Effector T cells,T cell (CD4/CD8/other unclear),0.5,hao_stateful_gemini_run05
E2L8_GGGTGAATCCAGCTCT,DC,pDC,Plasmacytoid Dendritic cells,pDC,1.0,hao_stateful_gemini_run05
E2L4_TTGGATGCACTGCATA,other T,MAIT,CD8+ T cells,CD8 T cell (subtype unclear),0.0,hao_stateful_gemini_run05
L2_AGACACTGTGTTAGCT,B,Plasmablast,Plasma cells,Plasmablast,1.0,hao_stateful_gemini_run05
E2L5_CCCATTGGTCGATGCC,other T,gdT,CD8+ T cells,CD8 T cell (subtype unclear),0.0,hao_stateful_gemini_run05
L1_AACAAAGCATATCTGG,other T,dnT,Memory/Effector T cells,T cell (CD4/CD8/other unclear),0.5,hao_stateful_gemini_run05
E2L3_ATCACAGTCCTGCTAC,Mono,CD14 Mono,CD16+ Monocytes,CD16 Mono,0.5,hao_stateful_gemini_run05
L2_TGCATCCCACGTCTCT,Mono,CD14 Mono,CD16+ Monocytes,CD16 Mono,0.5,hao_stateful_gemini_run05
E2L5_CACGTTCCAGCGGATA,CD4 T,CD4 Proliferating,Proliferating cells,Proliferating lymphocyte (lineage unclear),0.5,hao_stateful_gemini_run05
E2L7_AGTGTTGTCGGCTGGT,DC,pDC,Plasmacytoid Dendritic cells,pDC,1.0,hao_stateful_gemini_run05
E2L6_GTAAGTCCATGACTTG,NK,NK_CD56bright,NK cells,NK,0.5,hao_stateful_gemini_run05
E2L1_TGATGGTCAAGTTCGT,other,ILC,NK cells,NK,0.0,hao_stateful_gemini_run05
E2L4_TACTGCCTCCAATCCC,DC,cDC2,CD14+ Monocytes,CD14 Mono,0.0,hao_stateful_gemini_run05
E2L8_TGACGCGCATTCCTAT,Mono,CD14 Mono,CD14+ Monocytes,CD14 Mono,1.0,hao_stateful_gemini_run05
E2L1_CTACGGGCAAGACGAC,B,B naive,B cells,B cell (subtype unclear),0.5,hao_stateful_gemini_run05
L4_GGGAAGTTCACCGGGT,other,HSPC,Proliferating cells,Proliferating lymphocyte (lineage unclear),0.0,hao_stateful_gemini_run05
L3_CTAACTTGTTTAAGGA,Mono,CD14 Mono,CD16+ Monocytes,CD16 Mono,0.5,hao_stateful_gemini_run05
E2L7_TGACCCTGTACTGACT,other T,gdT,CD8+ T cells,CD8 T cell (subtype unclear),0.0,hao_stateful_gemini_run05
E2L7_GTGTTCCCATCTGCGG,DC,cDC1,Conventional Dendritic cells,Dendritic cell (subtype unclear),0.5,hao_stateful_gemini_run05
E2L1_TGAGGTTAGTTGTCAC,CD4 T,CD4 TEM,CD4+ T cells,CD4 T cell (subtype unclear),0.5,hao_stateful_gemini_run05
E2L3_ATACTTCGTCGCACGT,CD8 T,CD8 Naive,CD4+ T cells,CD4 T cell (subtype unclear),0.0,hao_stateful_gemini_run05
L4_AGAAGTAAGTGCAGGT,B,Plasmablast,Plasma cells,Plasmablast,1.0,hao_stateful_gemini_run05
E2L4_AGGAATATCAGGAAGC,Mono,CD16 Mono,CD16+ Monocytes,CD16 Mono,1.0,hao_stateful_gemini_run05
E2L2_TTTACGTGTGGACTAG,DC,pDC,Plasmacytoid Dendritic cells,pDC,1.0,hao_stateful_gemini_run05
L4_CGAAGTTCAATCCTAG,B,B memory,B cells,B cell (subtype unclear),0.5,hao_stateful_gemini_run05
L4_TCATTACTCATAGGCT,CD4 T,CD4 CTL,CD8+ T cells,CD8 T cell (subtype unclear),0.0,hao_stateful_gemini_run05
E2L3_TTTGGAGAGACGAAGA,DC,cDC2,CD14+ Monocytes,CD14 Mono,0.0,hao_stateful_gemini_run05
L2_GAGGGTATCCAGCAAT,other,HSPC,HSPC,HSPC,1.0,hao_stateful_gemini_run05
E2L4_AAGCGAGTCAGCATTG,NK,NK,CD8+ T cells,CD8 T cell (subtype unclear),0.0,hao_stateful_gemini_run05
L5_TTTCACAGTCCTGGGT,DC,pDC,Plasmacytoid Dendritic cells,pDC,1.0,hao_stateful_gemini_run05
L4_GCAACCGAGTTCCAGT,other,HSPC,HSPC,HSPC,1.0,hao_stateful_gemini_run05
L5_GTTAGTGAGAGGCTGT,CD8 T,CD8 TCM,CD4+ T cells,CD4 T cell (subtype unclear),0.0,hao_stateful_gemini_run05
E2L6_TCACTCGCACTGCGAC,NK,NK Proliferating,Proliferating cells,Proliferating lymphocyte (lineage unclear),0.5,hao_stateful_gemini_run05
E2L1_GATGAGGTCACTTTGT,other,Platelet,Platelets,Platelet,1.0,hao_stateful_gemini_run05
E2L5_CAACAACCACATACGT,B,B memory,B cells,B cell (subtype unclear),0.5,hao_stateful_gemini_run05
L2_ACTTAGGGTCAGTCTA,CD8 T,CD8 TCM,CD4+ T cells,CD4 T cell (subtype unclear),0.0,hao_stateful_gemini_run05
L2_CCGGACAAGTAGGTTA,Mono,CD16 Mono,CD16+ Monocytes,CD16 Mono,1.0,hao_stateful_gemini_run05
L1_ACTCTCGAGCATGCAG,CD4 T,CD4 TEM,CD4+ T cells,CD4 T cell (subtype unclear),0.5,hao_stateful_gemini_run05
L4_ACCCTCATCACCGGGT,other,ILC,CD4+ T cells,CD4 T cell (subtype unclear),0.0,hao_stateful_gemini_run05
L3_GGTAACTAGGATTCAA,Mono,CD14 Mono,CD16+ Monocytes,CD16 Mono,0.5,hao_stateful_gemini_run05
L4_GGACGTCCATGACCCG,CD4 T,CD4 TEM,CD4+ T cells,CD4 T cell (subtype unclear),0.5,hao_stateful_gemini_run05
E2L3_CGGAACCAGAGCGACT,other T,MAIT,CD8+ T cells,CD8 T cell (subtype unclear),0.0,hao_stateful_gemini_run05
E2L6_TCCCACAAGACATACA,CD8 T,CD8 TEM,CD8+ T cells,CD8 T cell (subtype unclear),0.5,hao_stateful_gemini_run05
L1_TCATCCGAGTCGCGAA,other,Eryth,Erythrocytes,Eryth,1.0,hao_stateful_gemini_run05
E2L8_CATGAGTGTTACTCAG,DC,cDC2,CD14+ Monocytes,CD14 Mono,0.0,hao_stateful_gemini_run05
L5_TCGACCTCATCACAGT,CD8 T,CD8 TEM,CD4+ T cells,CD4 T cell (subtype unclear),0.0,hao_stateful_gemini_run05
E2L8_ATCGATGTCCGACGGT,Mono,CD16 Mono,CD16+ Monocytes,CD16 Mono,1.0,hao_stateful_gemini_run05
L5_AAATGGATCTAGTACG,Mono,CD14 Mono,CD16+ Monocytes,CD16 Mono,0.5,hao_stateful_gemini_run05
E2L6_AGGAGGTGTCTAATCG,DC,pDC,Plasmacytoid Dendritic cells,pDC,1.0,hao_stateful_gemini_run05
L5_ACCCTCAAGAGGCGTT,other,HSPC,HSPC,HSPC,1.0,hao_stateful_gemini_run05
L4_ATCGTCCTCAGCACCG,CD4 T,CD4 Naive,CD4+ T cells,CD4 T cell (subtype unclear),0.5,hao_stateful_gemini_run05
E2L8_GTTGCTCCAGAACGCA,B,B memory,B cells,B cell (subtype unclear),0.5,hao_stateful_gemini_run05
E2L2_ACCATTTGTATTCTCT,CD4 T,CD4 Naive,CD4+ T cells,CD4 T cell (subtype unclear),0.5,hao_stateful_gemini_run05
L5_TATTCCATCTTTCTAG,DC,cDC1,Conventional Dendritic cells,Dendritic cell (subtype unclear),0.5,hao_stateful_gemini_run05
E2L6_ACTGTGAAGAGTTCGG,DC,ASDC,CD14+ Monocytes,CD14 Mono,0.0,hao_stateful_gemini_run05
E2L7_GACGTTACAGCTTTCC,CD8 T,CD8 TCM,CD4+ T cells,CD4 T cell (subtype unclear),0.0,hao_stateful_gemini_run05
E2L5_TTTGTTGGTAGGCAGT,other T,gdT,CD8+ T cells,CD8 T cell (subtype unclear),0.0,hao_stateful_gemini_run05
E2L8_GATCATGAGTAAACAC,other T,gdT,CD8+ T cells,CD8 T cell (subtype unclear),0.0,hao_stateful_gemini_run05
L2_TCGGATACATACCGTA,other T,dnT,CD4+ T cells,CD4 T cell (subtype unclear),0.0,hao_stateful_gemini_run05
E2L8_TCATGTTAGGAGGGTG,B,B memory,B cells,B cell (subtype unclear),0.5,hao_stateful_gemini_run05
E2L1_CGTTGGGCATGGCCCA,CD4 T,CD4 CTL,CD8+ T cells,CD8 T cell (subtype unclear),0.0,hao_stateful_gemini_run05
L3_GTCAAACCAGGGAATC,CD4 T,Treg,CD4+ T cells,CD4 T cell (subtype unclear),0.5,hao_stateful_gemini_run05
L2_TATTGCTAGGTACTGG,other T,gdT,CD4+ T cells,CD4 T cell (subtype unclear),0.0,hao_stateful_gemini_run05
E2L8_ACAAGCTTCTAAACGC,CD8 T,CD8 TEM,CD8+ T cells,CD8 T cell (subtype unclear),0.5,hao_stateful_gemini_run05
E2L7_ATACTTCGTCCCGTGA,NK,NK Proliferating,Proliferating cells,Proliferating lymphocyte (lineage unclear),0.5,hao_stateful_gemini_run05
E2L8_TCGCTCAGTGTCTTAG,CD4 T,CD4 TCM,CD4+ T cells,CD4 T cell (subtype unclear),0.5,hao_stateful_gemini_run05
E2L6_ATCATTCTCTGGCCTT,CD8 T,CD8 TEM,CD8+ T cells,CD8 T cell (subtype unclear),0.5,hao_stateful_gemini_run05
E2L3_TTTACCAGTTGTGTTG,CD4 T,CD4 CTL,CD8+ T cells,CD8 T cell (subtype unclear),0.0,hao_stateful_gemini_run05
E2L7_GACCGTGAGAAGCCAC,DC,cDC2,CD14+ Monocytes,CD14 Mono,0.0,hao_stateful_gemini_run05
L2_TCCACCACAGACGGAT,DC,cDC1,Conventional Dendritic cells,Dendritic cell (subtype unclear),0.5,hao_stateful_gemini_run05
L2_TGGGAGACATCGGCCA,Mono,CD14 Mono,CD16+ Monocytes,CD16 Mono,0.5,hao_stateful_gemini_run05
L5_CCACCATCAATACCCA,DC,pDC,Plasmacytoid Dendritic cells,pDC,1.0,hao_stateful_gemini_run05
E2L3_TCATCCGGTTATGGTC,DC,pDC,Plasmacytoid Dendritic cells,pDC,1.0,hao_stateful_gemini_run05
L2_ATCGTCCTCTGGGAGA,CD8 T,CD8 TCM,CD4+ T cells,CD4 T cell (subtype unclear),0.0,hao_stateful_gemini_run05
L5_ACTTCGCGTGCCTTTC,CD4 T,CD4 TEM,CD4+ T cells,CD4 T cell (subtype unclear),0.5,hao_stateful_gemini_run05
E2L5_TCGAAGTCAGGATCTT,CD4 T,CD4 TEM,CD4+ T cells,CD4 T cell (subtype unclear),0.5,hao_stateful_gemini_run05
E2L5_ATTACCTAGGTTGCCC,B,B intermediate,B cells,B cell (subtype unclear),0.5,hao_stateful_gemini_run05
E2L8_GTACAACAGAAATTGC,NK,NK Proliferating,Proliferating cells,Proliferating lymphocyte (lineage unclear),0.5,hao_stateful_gemini_run05
E2L8_AAGGAATTCGGAATGG,B,B intermediate,B cells,B cell (subtype unclear),0.5,hao_stateful_gemini_run05
L2_CGCATAATCCTGTAAG,NK,NK Proliferating,Proliferating cells,Proliferating lymphocyte (lineage unclear),0.5,hao_stateful_gemini_run05
E2L8_TTCCTTCCAATTTCTC,B,B memory,B cells,B cell (subtype unclear),0.5,hao_stateful_gemini_run05
E2L2_TCAAGTGGTCCTGGGT,B,Plasmablast,Plasma cells,Plasmablast,1.0,hao_stateful_gemini_run05
E2L1_TGCATGAAGGACCCAA,Mono,CD16 Mono,CD16+ Monocytes,CD16 Mono,1.0,hao_stateful_gemini_run05
L5_GAACACTAGCACTGGA,DC,cDC1,Conventional Dendritic cells,Dendritic cell (subtype unclear),0.5,hao_stateful_gemini_run05
E2L4_TGCAGTATCGCGTGAC,other,Eryth,Erythrocytes,Eryth,1.0,hao_stateful_gemini_run05
E2L3_ACAGGGATCTGCGGAC,DC,cDC2,CD14+ Monocytes,CD14 Mono,0.0,hao_stateful_gemini_run05
L3_ATAGGCTGTACCTAAC,other,ILC,CD4+ T cells,CD4 T cell (subtype unclear),0.0,hao_stateful_gemini_run05
L1_CAAGCTAAGTGCAGCA,other,Eryth,Erythrocytes,Eryth,1.0,hao_stateful_gemini_run05
E2L7_GGCTGTGTCGAACACT,B,B intermediate,B cells,B cell (subtype unclear),0.5,hao_stateful_gemini_run05
E2L8_ACTTCGCGTTAGGCTT,other T,gdT,CD8+ T cells,CD8 T cell (subtype unclear),0.0,hao_stateful_gemini_run05
E2L2_CTGGACGGTTGGGATG,CD8 T,CD8 TEM,CD4+ T cells,CD4 T cell (subtype unclear),0.0,hao_stateful_gemini_run05
E2L8_CACCAAAGTGCGGTAA,CD4 T,CD4 TEM,CD4+ T cells,CD4 T cell (subtype unclear),0.5,hao_stateful_gemini_run05
E2L6_CGTGCTTGTGAATGAT,B,Plasmablast,Plasma cells,Plasmablast,1.0,hao_stateful_gemini_run05
E2L8_GGAAGTGGTCAGTCCG,NK,NK Proliferating,Proliferating cells,Proliferating lymphocyte (lineage unclear),0.5,hao_stateful_gemini_run05
L3_TTCCACGTCTTCTAAC,other T,dnT,Memory/Effector T cells,T cell (CD4/CD8/other unclear),0.5,hao_stateful_gemini_run05
L4_GTTAGACGTATTTCCT,other,HSPC,HSPC,HSPC,1.0,hao_stateful_gemini_run05
E2L6_GTGCACGGTATGGAGC,other T,dnT,Memory/Effector T cells,T cell (CD4/CD8/other unclear),0.5,hao_stateful_gemini_run05
L1_AGAAGCGAGATTAGTG,B,B intermediate,B cells,B cell (subtype unclear),0.5,hao_stateful_gemini_run05
E2L1_TGTGTGAGTCGTGTTA,CD4 T,CD4 Naive,CD4+ T cells,CD4 T cell (subtype unclear),0.5,hao_stateful_gemini_run05
L4_TCACATTAGTTTCAGC,DC,cDC2,CD14+ Monocytes,CD14 Mono,0.0,hao_stateful_gemini_run05
E2L1_GACCGTGGTAAGATCA,DC,cDC2,CD14+ Monocytes,CD14 Mono,0.0,hao_stateful_gemini_run05
E2L7_GCATGATCACTACAGT,DC,cDC2,CD14+ Monocytes,CD14 Mono,0.0,hao_stateful_gemini_run05
E2L8_CTGAGGCTCAGGTAAA,CD8 T,CD8 Proliferating,Proliferating cells,Proliferating lymphocyte (lineage unclear),0.5,hao_stateful_gemini_run05
E2L5_GTGCGTGGTTCGGCTG,DC,cDC2,CD14+ Monocytes,CD14 Mono,0.0,hao_stateful_gemini_run05
E2L7_TTTAGTCTCTCCATAT,other T,dnT,Memory/Effector T cells,T cell (CD4/CD8/other unclear),0.5,hao_stateful_gemini_run05
L2_CCTTGTGGTTCATCGA,other,HSPC,HSPC,HSPC,1.0,hao_stateful_gemini_run05
E2L6_ACAAAGAAGAAGAGCA,other T,dnT,Memory/Effector T cells,T cell (CD4/CD8/other unclear),0.5,hao_stateful_gemini_run05
L5_CTGCCTAGTGTTTACG,B,Plasmablast,Plasma cells,Plasmablast,1.0,hao_stateful_gemini_run05
E2L6_AAAGGATCACAAGTTC,CD8 T,CD8 Naive,CD4+ T cells,CD4 T cell (subtype unclear),0.0,hao_stateful_gemini_run05
E2L1_CCCTGATGTCAGGAGT,CD4 T,CD4 TEM,CD4+ T cells,CD4 T cell (subtype unclear),0.5,hao_stateful_gemini_run05
E2L7_GGTTGTACAACAAGAT,DC,pDC,Plasmacytoid Dendritic cells,pDC,1.0,hao_stateful_gemini_run05
E2L7_CCGGGTATCCTTCTGG,DC,cDC2,CD14+ Monocytes,CD14 Mono,0.0,hao_stateful_gemini_run05
E2L6_AGCGATTAGTGATTCC,B,B intermediate,B cells,B cell (subtype unclear),0.5,hao_stateful_gemini_run05
L5_GCAGTTATCCGGACTG,Mono,CD16 Mono,CD16+ Monocytes,CD16 Mono,1.0,hao_stateful_gemini_run05
L5_CCTCTCCAGCTTCGTA,NK,NK,CD8+ T cells,CD8 T cell (subtype unclear),0.0,hao_stateful_gemini_run05
E2L5_AGAAGCGCAATGTGGG,other T,MAIT,CD8+ T cells,CD8 T cell (subtype unclear),0.0,hao_stateful_gemini_run05
E2L3_TCTCAGCCAGCTGAGA,CD8 T,CD8 Proliferating,Proliferating cells,Proliferating lymphocyte (lineage unclear),0.5,hao_stateful_gemini_run05
E2L2_CGTCCATTCTGAGATC,Mono,CD14 Mono,CD14+ Monocytes,CD14 Mono,1.0,hao_stateful_gemini_run05
E2L1_GAATCGTGTTGTACGT,B,Plasmablast,Plasma cells,Plasmablast,1.0,hao_stateful_gemini_run05
E2L3_GAATCGTCAGAAACCG,NK,NK Proliferating,Proliferating cells,Proliferating lymphocyte (lineage unclear),0.5,hao_stateful_gemini_run05
L5_GTTGTAGCACCCTTAC,DC,pDC,Plasmacytoid Dendritic cells,pDC,1.0,hao_stateful_gemini_run05
E2L8_AGTAACCTCGCTGTCT,B,B memory,B cells,B cell (subtype unclear),0.5,hao_stateful_gemini_run05
L1_CACGGGTGTATCTCGA,other,HSPC,HSPC,HSPC,1.0,hao_stateful_gemini_run05
L2_GCCAACGGTGGCTCTG,NK,NK_CD56bright,NK cells,NK,0.5,hao_stateful_gemini_run05
E2L2_GTAGATCCACTTGACA,Mono,CD16 Mono,CD16+ Monocytes,CD16 Mono,1.0,hao_stateful_gemini_run05
L2_GGGTGAAAGGTTTGAA,CD8 T,CD8 Proliferating,Proliferating cells,Proliferating lymphocyte (lineage unclear),0.5,hao_stateful_gemini_run05
L1_GTAAGTCCAAGTGCAG,DC,cDC2,CD14+ Monocytes,CD14 Mono,0.0,hao_stateful_gemini_run05
L1_GGTAACTAGGATGTTA,CD8 T,CD8 TEM,CD8+ T cells,CD8 T cell (subtype unclear),0.5,hao_stateful_gemini_run05
E2L5_TTGAGTGCAATTGCCA,B,B naive,B cells,B cell (subtype unclear),0.5,hao_stateful_gemini_run05
E2L6_GAAGCGACACCGTCGA,B,B memory,B cells,B cell (subtype unclear),0.5,hao_stateful_gemini_run05
L1_CGTTCTGAGGCAGGTT,CD8 T,CD8 Proliferating,Proliferating cells,Proliferating lymphocyte (lineage unclear),0.5,hao_stateful_gemini_run05
L2_GAGAAATTCTCTATGT,B,B intermediate,B cells,B cell (subtype unclear),0.5,hao_stateful_gemini_run05
L4_GAAACCTTCCATGATG,other T,gdT,CD8+ T cells,CD8 T cell (subtype unclear),0.0,hao_stateful_gemini_run05
L1_AAGCATCTCGCGTGAC,CD4 T,CD4 CTL,CD8+ T cells,CD8 T cell (subtype unclear),0.0,hao_stateful_gemini_run05
E2L7_CTGCATCCACAAGGTG,CD4 T,CD4 Naive,CD4+ T cells,CD4 T cell (subtype unclear),0.5,hao_stateful_gemini_run05
E2L6_CTATAGGTCCTACAAG,NK,NK_CD56bright,NK cells,NK,0.5,hao_stateful_gemini_run05
E2L2_GGAATCTGTCCGAAAG,DC,cDC2,CD14+ Monocytes,CD14 Mono,0.0,hao_stateful_gemini_run05
L1_TTAGGCATCAGCCTCT,CD4 T,CD4 TEM,CD4+ T cells,CD4 T cell (subtype unclear),0.5,hao_stateful_gemini_run05
L2_CATTTCATCCAACCGG,CD8 T,CD8 TCM,CD4+ T cells,CD4 T cell (subtype unclear),0.0,hao_stateful_gemini_run05
E2L7_CGGGTCATCTCAAAGC,CD8 T,CD8 TEM,CD8+ T cells,CD8 T cell (subtype unclear),0.5,hao_stateful_gemini_run05
E2L6_GTGGAAGCACTCACTC,CD8 T,CD8 TCM,CD4+ T cells,CD4 T cell (subtype unclear),0.0,hao_stateful_gemini_run05
L2_TTCGATTCAATCGTCA,NK,NK_CD56bright,NK cells,NK,0.5,hao_stateful_gemini_run05
E2L1_TCTTTGATCGTGGGTC,DC,cDC1,Conventional Dendritic cells,Dendritic cell (subtype unclear),0.5,hao_stateful_gemini_run05
L3_CTCCAACCACCGCTGA,CD4 T,Treg,CD4+ T cells,CD4 T cell (subtype unclear),0.5,hao_stateful_gemini_run05
L3_AGCGCCAGTGCTGCAC,NK,NK Proliferating,Proliferating cells,Proliferating lymphocyte (lineage unclear),0.5,hao_stateful_gemini_run05
E2L7_GGGTGAATCTTCCAGC,CD8 T,CD8 Proliferating,Proliferating cells,Proliferating lymphocyte (lineage unclear),0.5,hao_stateful_gemini_run05
E2L1_AACTTCTAGACTCTAC,Mono,CD16 Mono,CD16+ Monocytes,CD16 Mono,1.0,hao_stateful_gemini_run05
E2L4_GCTACCTTCCAAGCAT,NK,NK_CD56bright,NK cells,NK,0.5,hao_stateful_gemini_run05
E2L3_AGTAGCTTCACGGAGA,other T,gdT,CD8+ T cells,CD8 T cell (subtype unclear),0.0,hao_stateful_gemini_run05
E2L6_CGTGATACAGGTTCCG,DC,cDC2,CD14+ Monocytes,CD14 Mono,0.0,hao_stateful_gemini_run05
L4_CGATGCGAGTGGTTGG,B,B memory,B cells,B cell (subtype unclear),0.5,hao_stateful_gemini_run05
L1_GACTATGGTGGTTTGT,other,ILC,NK cells,NK,0.0,hao_stateful_gemini_run05
E2L2_CATGAGTCACAAAGTA,B,B memory,B cells,B cell (subtype unclear),0.5,hao_stateful_gemini_run05
L5_CTATCCGTCCTTGAAG,CD4 T,CD4 TCM,CD4+ T cells,CD4 T cell (subtype unclear),0.5,hao_stateful_gemini_run05
E2L3_CTCAATTCATAGGCGA,CD4 T,CD4 TCM,CD4+ T cells,CD4 T cell (subtype unclear),0.5,hao_stateful_gemini_run05
E2L4_AGCGATTAGATTGCGG,other T,dnT,Memory/Effector T cells,T cell (CD4/CD8/other unclear),0.5,hao_stateful_gemini_run05
L2_CCGATCTCACGAGGAT,CD8 T,CD8 TCM,CD4+ T cells,CD4 T cell (subtype unclear),0.0,hao_stateful_gemini_run05
E2L3_GCGTGCAAGCGGGTAT,other,Platelet,Platelets,Platelet,1.0,hao_stateful_gemini_run05
L4_ACCTACCTCCGGCAGT,CD4 T,Treg,CD4+ T cells,CD4 T cell (subtype unclear),0.5,hao_stateful_gemini_run05
L3_AGCATCACAACCCTAA,CD4 T,CD4 Naive,CD4+ T cells,CD4 T cell (subtype unclear),0.5,hao_stateful_gemini_run05
E2L7_GCCGTGAGTTTGGGTT,CD8 T,CD8 Proliferating,Proliferating cells,Proliferating lymphocyte (lineage unclear),0.5,hao_stateful_gemini_run05
L4_AACGTCAAGTATGAAC,other T,dnT,Memory/Effector T cells,T cell (CD4/CD8/other unclear),0.5,hao_stateful_gemini_run05
E2L6_AGCCAATCAGAAGCGT,B,B intermediate,B cells,B cell (subtype unclear),0.5,hao_stateful_gemini_run05
E2L5_TCTTTGAAGGTTCCAT,DC,cDC1,Conventional Dendritic cells,Dendritic cell (subtype unclear),0.5,hao_stateful_gemini_run05
L3_AGTCACACACCAGCTG,NK,NK_CD56bright,NK cells,NK,0.5,hao_stateful_gemini_run05
L1_ACGGTTAGTCAGTCGC,B,Plasmablast,Plasma cells,Plasmablast,1.0,hao_stateful_gemini_run05
L2_CACACAATCCTACACC,other T,dnT,Memory/Effector T cells,T cell (CD4/CD8/other unclear),0.5,hao_stateful_gemini_run05
E2L1_AGGGCTCTCAACCTCC,CD4 T,Treg,CD4+ T cells,CD4 T cell (subtype unclear),0.5,hao_stateful_gemini_run05
E2L1_CCCGAAGGTATTAAGG,B,B naive,B cells,B cell (subtype unclear),0.5,hao_stateful_gemini_run05
L5_CCACAAACAGCCATTA,CD8 T,CD8 TEM,CD8+ T cells,CD8 T cell (subtype unclear),0.5,hao_stateful_gemini_run05
L1_ATCACTTGTTGAATCC,CD4 T,CD4 TCM,CD4+ T cells,CD4 T cell (subtype unclear),0.5,hao_stateful_gemini_run05
E2L3_TGCAGTAGTGTTTCTT,B,B naive,B cells,B cell (subtype unclear),0.5,hao_stateful_gemini_run05
E2L6_TCAGGGCCAACAAGAT,B,Plasmablast,Plasma cells,Plasmablast,1.0,hao_stateful_gemini_run05
E2L3_AGCCAATGTATGAGCG,other,Platelet,Platelets,Platelet,1.0,hao_stateful_gemini_run05
E2L8_CATGCAATCGAGTACT,DC,pDC,Plasmacytoid Dendritic cells,pDC,1.0,hao_stateful_gemini_run05
E2L8_TTCCTAACAGTCGCAC,CD4 T,CD4 TEM,CD4+ T cells,CD4 T cell (subtype unclear),0.5,hao_stateful_gemini_run05
L4_GGGCGTTGTTACGATC,DC,cDC2,CD14+ Monocytes,CD14 Mono,0.0,hao_stateful_gemini_run05
L5_GTCGAATGTGCCTTCT,other,HSPC,HSPC,HSPC,1.0,hao_stateful_gemini_run05
L3_GAAACCTGTTACAGCT,CD4 T,Treg,CD4+ T cells,CD4 T cell (subtype unclear),0.5,hao_stateful_gemini_run05
E2L2_AGGATAATCGACCACG,Mono,CD14 Mono,CD14+ Monocytes,CD14 Mono,1.0,hao_stateful_gemini_run05
E2L3_GCTACAATCCCGAACG,B,Plasmablast,Plasma cells,Plasmablast,1.0,hao_stateful_gemini_run05
L5_ATGTCCCGTTGCTGAT,NK,NK Proliferating,Proliferating cells,Proliferating lymphocyte (lineage unclear),0.5,hao_stateful_gemini_run05
L2_ACGTTCCCAGGTCCGT,DC,ASDC,CD14+ Monocytes,CD14 Mono,0.0,hao_stateful_gemini_run05
L1_ACCCTCACAAGAGTGC,CD8 T,CD8 TCM,CD4+ T cells,CD4 T cell (subtype unclear),0.0,hao_stateful_gemini_run05
E2L3_AGATGCTAGTGCACAG,CD4 T,CD4 CTL,CD8+ T cells,CD8 T cell (subtype unclear),0.0,hao_stateful_gemini_run05
E2L8_GTTGTAGAGCGCATCC,Mono,CD14 Mono,CD14+ Monocytes,CD14 Mono,1.0,hao_stateful_gemini_run05
E2L8_GTGATGTGTCTAATCG,CD8 T,CD8 Proliferating,Proliferating cells,Proliferating lymphocyte (lineage unclear),0.5,hao_stateful_gemini_run05
L1_ACTTTGTCAAGCACAG,other T,dnT,Memory/Effector T cells,T cell (CD4/CD8/other unclear),0.5,hao_stateful_gemini_run05
E2L2_GGTCTGGCATAATCGC,CD4 T,CD4 Naive,CD4+ T cells,CD4 T cell (subtype unclear),0.5,hao_stateful_gemini_run05
E2L8_TTCCTCTGTCCATCTC,CD4 T,CD4 TEM,CD4+ T cells,CD4 T cell (subtype unclear),0.5,hao_stateful_gemini_run05
L5_AGGGTGAAGTTGCTCA,other T,MAIT,CD8+ T cells,CD8 T cell (subtype unclear),0.0,hao_stateful_gemini_run05
E2L1_ACAAAGACAGAACTAA,CD4 T,CD4 TCM,CD4+ T cells,CD4 T cell (subtype unclear),0.5,hao_stateful_gemini_run05
E2L3_TCCCACAGTGGCCCAT,CD4 T,CD4 TEM,CD4+ T cells,CD4 T cell (subtype unclear),0.5,hao_stateful_gemini_run05
E2L6_GAATCACAGGGCGAAG,DC,cDC2,CD14+ Monocytes,CD14 Mono,0.0,hao_stateful_gemini_run05
E2L6_CCTCCAATCCCATACC,NK,NK,CD8+ T cells,CD8 T cell (subtype unclear),0.0,hao_stateful_gemini_run05
L2_TAACCAGAGCCTTTCC,CD4 T,CD4 Proliferating,Proliferating cells,Proliferating lymphocyte (lineage unclear),0.5,hao_stateful_gemini_run05
E2L1_CCAAGCGGTTTCCCAC,NK,NK Proliferating,Proliferating cells,Proliferating lymphocyte (lineage unclear),0.5,hao_stateful_gemini_run05
E2L4_GTGATGTCAATGACCT,NK,NK Proliferating,Proliferating cells,Proliferating lymphocyte (lineage unclear),0.5,hao_stateful_gemini_run05
L3_AATGGAAAGTGGTCAG,other,Eryth,Erythrocytes,Eryth,1.0,hao_stateful_gemini_run05
E2L7_CACTGGGCAGCGGTTC,CD4 T,Treg,CD4+ T cells,CD4 T cell (subtype unclear),0.5,hao_stateful_gemini_run05
L1_TGGAACTTCACGATCA,DC,cDC1,Conventional Dendritic cells,Dendritic cell (subtype unclear),0.5,hao_stateful_gemini_run05
L2_TTGACCCGTCTTGAGT,CD4 T,CD4 TCM,CD4+ T cells,CD4 T cell (subtype unclear),0.5,hao_stateful_gemini_run05
E2L3_GTGCTGGGTATGGAAT,DC,pDC,Plasmacytoid Dendritic cells,pDC,1.0,hao_stateful_gemini_run05
E2L1_ATAGACCTCGCCGAGT,NK,NK,CD8+ T cells,CD8 T cell (subtype unclear),0.0,hao_stateful_gemini_run05
E2L8_GCGGAAACATGTGGTT,B,B intermediate,B cells,B cell (subtype unclear),0.5,hao_stateful_gemini_run05
E2L5_TCCTCTTAGGGCAGAG,other T,dnT,Memory/Effector T cells,T cell (CD4/CD8/other unclear),0.5,hao_stateful_gemini_run05
E2L8_GGCAGTCAGAGGTATT,B,B intermediate,B cells,B cell (subtype unclear),0.5,hao_stateful_gemini_run05
L1_ACCATTTAGCCTTTCC,other T,gdT,CD8+ T cells,CD8 T cell (subtype unclear),0.0,hao_stateful_gemini_run05
E2L2_CCTAAGAGTACCCACG,B,B intermediate,B cells,B cell (subtype unclear),0.5,hao_stateful_gemini_run05
L3_ACGTCCTCATCCGTGG,CD8 T,CD8 Proliferating,Proliferating cells,Proliferating lymphocyte (lineage unclear),0.5,hao_stateful_gemini_run05
E2L2_CTTCCGATCGATTGAC,CD4 T,CD4 TCM,CD4+ T cells,CD4 T cell (subtype unclear),0.5,hao_stateful_gemini_run05
E2L5_CTCCATGTCCTCACCA,CD4 T,CD4 TCM,CD4+ T cells,CD4 T cell (subtype unclear),0.5,hao_stateful_gemini_run05
L1_GGTGTCGTCTCGGTAA,CD8 T,CD8 Naive,CD4+ T cells,CD4 T cell (subtype unclear),0.0,hao_stateful_gemini_run05
L5_GTGTCCTCAATAGTGA,other T,dnT,CD4+ T cells,CD4 T cell (subtype unclear),0.0,hao_stateful_gemini_run05
L5_CCTCAGTCATCCTAAG,CD8 T,CD8 TEM,CD8+ T cells,CD8 T cell (subtype unclear),0.5,hao_stateful_gemini_run05
L1_TTCACCGTCAGCGCGT,other T,dnT,CD4+ T cells,CD4 T cell (subtype unclear),0.0,hao_stateful_gemini_run05
E2L3_ATCGGCGTCACTTTGT,CD8 T,CD8 Naive,CD4+ T cells,CD4 T cell (subtype unclear),0.0,hao_stateful_gemini_run05
L5_GAGGCAAAGGTACATA,other,HSPC,HSPC,HSPC,1.0,hao_stateful_gemini_run05
L2_TTCACCGGTGCGGATA,other T,gdT,CD8+ T cells,CD8 T cell (subtype unclear),0.0,hao_stateful_gemini_run05
E2L7_GGATCTAAGATTGGGC,DC,cDC2,CD14+ Monocytes,CD14 Mono,0.0,hao_stateful_gemini_run05
L5_AGTAGTCTCATAAGGA,CD8 T,CD8 TEM,CD4+ T cells,CD4 T cell (subtype unclear),0.0,hao_stateful_gemini_run05
E2L3_AGACCATCAAGCCCAC,NK,NK_CD56bright,NK cells,NK,0.5,hao_stateful_gemini_run05
L5_AATTTCCAGGCCTTGC,B,B intermediate,B cells,B cell (subtype unclear),0.5,hao_stateful_gemini_run05
E2L8_CCATCACAGGCGACAT,DC,cDC2,CD14+ Monocytes,CD14 Mono,0.0,hao_stateful_gemini_run05
E2L6_GAATCGTCACTCCGGA,DC,pDC,Plasmacytoid Dendritic cells,pDC,1.0,hao_stateful_gemini_run05
E2L1_TACTTACGTGTTTCTT,CD4 T,CD4 CTL,CD8+ T cells,CD8 T cell (subtype unclear),0.0,hao_stateful_gemini_run05
E2L8_CTGATCCAGTCATGAA,NK,NK Proliferating,Proliferating cells,Proliferating lymphocyte (lineage unclear),0.5,hao_stateful_gemini_run05
L1_TGGGAAGTCATGCTAG,DC,pDC,Plasmacytoid Dendritic cells,pDC,1.0,hao_stateful_gemini_run05
E2L2_CTCAACCAGATGTTAG,DC,cDC2,CD14+ Monocytes,CD14 Mono,0.0,hao_stateful_gemini_run05
E2L7_GAGTTTGTCGCCAACG,CD8 T,CD8 TCM,CD4+ T cells,CD4 T cell (subtype unclear),0.0,hao_stateful_gemini_run05
E2L4_GGGATGATCCGTCACT,other T,gdT,CD8+ T cells,CD8 T cell (subtype unclear),0.0,hao_stateful_gemini_run05
L5_GGTAACTGTGTATTCG,DC,cDC2,CD14+ Monocytes,CD14 Mono,0.0,hao_stateful_gemini_run05
E2L2_AGAAGCGGTTAAGAAC,CD4 T,CD4 Naive,CD4+ T cells,CD4 T cell (subtype unclear),0.5,hao_stateful_gemini_run05
E2L5_CTCATCGCACTTCAAG,CD4 T,CD4 Naive,CD4+ T cells,CD4 T cell (subtype unclear),0.5,hao_stateful_gemini_run05
E2L3_TTCATTGAGTTACGAA,CD4 T,CD4 TCM,CD4+ T cells,CD4 T cell (subtype unclear),0.5,hao_stateful_gemini_run05
E2L1_CCTCATGAGACGACGT,DC,pDC,Plasmacytoid Dendritic cells,pDC,1.0,hao_stateful_gemini_run05
E2L2_TCAGCCTTCTTGCAGA,B,B intermediate,B cells,B cell (subtype unclear),0.5,hao_stateful_gemini_run05
E2L8_TGCATGAAGAGCAGCT,CD4 T,CD4 CTL,CD8+ T cells,CD8 T cell (subtype unclear),0.0,hao_stateful_gemini_run05
L1_AGATGAACAGTTACCA,CD4 T,Treg,CD4+ T cells,CD4 T cell (subtype unclear),0.5,hao_stateful_gemini_run05
E2L7_CTTGATTTCTTTGATC,other T,gdT,CD8+ T cells,CD8 T cell (subtype unclear),0.0,hao_stateful_gemini_run05
L4_GTGCTTCTCAGGAAAT,B,B naive,B cells,B cell (subtype unclear),0.5,hao_stateful_gemini_run05
L4_ATTCCTATCAGTAGGG,NK,NK Proliferating,Proliferating cells,Proliferating lymphocyte (lineage unclear),0.5,hao_stateful_gemini_run05
L5_TGGATCAAGAGGCGGA,Mono,CD16 Mono,CD16+ Monocytes,CD16 Mono,1.0,hao_stateful_gemini_run05
L5_GTCTAGAAGCAATTCC,CD4 T,CD4 CTL,CD8+ T cells,CD8 T cell (subtype unclear),0.0,hao_stateful_gemini_run05
L1_CTCAACCTCCAAATGC,CD8 T,CD8 Naive,CD4+ T cells,CD4 T cell (subtype unclear),0.0,hao_stateful_gemini_run05
E2L8_CTCATTATCGGAATTC,B,B intermediate,B cells,B cell (subtype unclear),0.5,hao_stateful_gemini_run05
E2L7_GAATCGTTCTGTCGTC,DC,pDC,Plasmacytoid Dendritic cells,pDC,1.0,hao_stateful_gemini_run05
L4_CCTCATGAGCGTCAAG,NK,NK_CD56bright,NK cells,NK,0.5,hao_stateful_gemini_run05
L2_TTCAATCAGCACTTTG,other T,dnT,Memory/Effector T cells,T cell (CD4/CD8/other unclear),0.5,hao_stateful_gemini_run05
L5_CTGCTCAAGGCGATAC,CD4 T,CD4 Proliferating,Proliferating cells,Proliferating lymphocyte (lineage unclear),0.5,hao_stateful_gemini_run05
E2L8_CGTTGGGTCCGCCTAT,CD8 T,CD8 Naive,CD4+ T cells,CD4 T cell (subtype unclear),0.0,hao_stateful_gemini_run05
E2L1_GCTGCAGTCCTACCGT,B,B intermediate,B cells,B cell (subtype unclear),0.5,hao_stateful_gemini_run05
L2_CATAAGCGTATACCCA,CD8 T,CD8 TCM,CD4+ T cells,CD4 T cell (subtype unclear),0.0,hao_stateful_gemini_run05
L4_CCACTTGGTTGTACGT,other T,gdT,CD8+ T cells,CD8 T cell (subtype unclear),0.0,hao_stateful_gemini_run05
E2L1_GAGAAATAGTCAATCC,CD4 T,CD4 TCM,CD4+ T cells,CD4 T cell (subtype unclear),0.5,hao_stateful_gemini_run05
E2L3_CCAAGCGCACCCTAAA,other,ILC,NK cells,NK,0.0,hao_stateful_gemini_run05
E2L8_CCTATCGCAGAACATA,B,B intermediate,B cells,B cell (subtype unclear),0.5,hao_stateful_gemini_run05
E2L2_CGCAGGTGTACTGAGG,DC,cDC1,Conventional Dendritic cells,Dendritic cell (subtype unclear),0.5,hao_stateful_gemini_run05
E2L4_TTTCACAGTGTATTGC,NK,NK,CD8+ T cells,CD8 T cell (subtype unclear),0.0,hao_stateful_gemini_run05
L2_CAACCTCGTGGCAGAT,CD4 T,Treg,CD4+ T cells,CD4 T cell (subtype unclear),0.5,hao_stateful_gemini_run05
L3_GCGGATCTCGGATAAA,CD8 T,CD8 TEM,CD8+ T cells,CD8 T cell (subtype unclear),0.5,hao_stateful_gemini_run05
E2L2_GGTAACTCATCATCTT,B,B naive,B cells,B cell (subtype unclear),0.5,hao_stateful_gemini_run05
L2_ACGTCCTGTAATGTGA,other T,MAIT,CD8+ T cells,CD8 T cell (subtype unclear),0.0,hao_stateful_gemini_run05
L2_TTTAGTCAGGCGAAGG,CD4 T,Treg,CD4+ T cells,CD4 T cell (subtype unclear),0.5,hao_stateful_gemini_run05
L3_AGTTCGACAGGGAATC,CD8 T,CD8 TEM,CD8+ T cells,CD8 T cell (subtype unclear),0.5,hao_stateful_gemini_run05
L1_GGAGGTACACCCAAGC,B,Plasmablast,Plasma cells,Plasmablast,1.0,hao_stateful_gemini_run05
E2L8_TACAGGTAGGATGTTA,DC,pDC,Plasmacytoid Dendritic cells,pDC,1.0,hao_stateful_gemini_run05
L4_CTCAGAATCGTTCGCT,CD8 T,CD8 Proliferating,Proliferating cells,Proliferating lymphocyte (lineage unclear),0.5,hao_stateful_gemini_run05
L3_ACATGCACAAGTGGCA,CD4 T,CD4 TEM,CD4+ T cells,CD4 T cell (subtype unclear),0.5,hao_stateful_gemini_run05
L4_CGGGTGTAGAGTGGCT,DC,cDC2,CD14+ Monocytes,CD14 Mono,0.0,hao_stateful_gemini_run05
L5_ACATCCCTCCTTCGAC,CD8 T,CD8 Naive,CD4+ T cells,CD4 T cell (subtype unclear),0.0,hao_stateful_gemini_run05
E2L5_CGAATTGAGGATTACA,B,Plasmablast,Plasma cells,Plasmablast,1.0,hao_stateful_gemini_run05
E2L2_GTGCTGGAGTACAGAT,CD8 T,CD8 TEM,CD8+ T cells,CD8 T cell (subtype unclear),0.5,hao_stateful_gemini_run05
L3_TTACAGGTCGTTCATT,other T,dnT,CD4+ T cells,CD4 T cell (subtype unclear),0.0,hao_stateful_gemini_run05
L4_ATGAAAGGTGTTTACG,other T,dnT,Memory/Effector T cells,T cell (CD4/CD8/other unclear),0.5,hao_stateful_gemini_run05
E2L5_TACCTGCAGTCTCCTC,other T,dnT,CD4+ T cells,CD4 T cell (subtype unclear),0.0,hao_stateful_gemini_run05
L1_TTTGACTTCGATTGGT,DC,pDC,Plasmacytoid Dendritic cells,pDC,1.0,hao_stateful_gemini_run05
E2L2_CACACAATCTTTGCGC,B,B naive,B cells,B cell (subtype unclear),0.5,hao_stateful_gemini_run05
E2L2_GTTACGATCGTAGGAG,other T,MAIT,CD8+ T cells,CD8 T cell (subtype unclear),0.0,hao_stateful_gemini_run05
L2_GGTTAACGTCTTCGAA,B,B memory,B cells,B cell (subtype unclear),0.5,hao_stateful_gemini_run05
E2L1_CCATAAGCACTGAGTT,other,Platelet,Platelets,Platelet,1.0,hao_stateful_gemini_run05
L1_TTGCCTGGTTGGCTAT,other,HSPC,HSPC,HSPC,1.0,hao_stateful_gemini_run05
L3_TCCTCTTGTAGTTAGA,other T,gdT,CD4+ T cells,CD4 T cell (subtype unclear),0.0,hao_stateful_gemini_run05
L3_TGATCTTGTTAGTTCG,B,B naive,B cells,B cell (subtype unclear),0.5,hao_stateful_gemini_run05
E2L6_GACCCAGTCTGCTGAA,CD4 T,CD4 Naive,CD4+ T cells,CD4 T cell (subtype unclear),0.5,hao_stateful_gemini_run05
L4_AAGCATCGTAACTGCT,DC,ASDC,CD14+ Monocytes,CD14 Mono,0.0,hao_stateful_gemini_run05
E2L6_ACTATCTAGACTTAAG,CD4 T,CD4 CTL,CD8+ T cells,CD8 T cell (subtype unclear),0.0,hao_stateful_gemini_run05
L1_ACACTGAAGTCCCAAT,CD8 T,CD8 Naive,CD4+ T cells,CD4 T cell (subtype unclear),0.0,hao_stateful_gemini_run05
E2L3_GCAACCGCATCGATAC,CD4 T,CD4 Proliferating,Proliferating cells,Proliferating lymphocyte (lineage unclear),0.5,hao_stateful_gemini_run05
L2_AACAAAGGTGATTAGA,other,ILC,CD4+ T cells,CD4 T cell (subtype unclear),0.0,hao_stateful_gemini_run05
L5_ATTCATCAGAGCCCAA,other,HSPC,HSPC,HSPC,1.0,hao_stateful_gemini_run05
L4_CTCAGAAAGTCGGCCT,CD8 T,CD8 TEM,CD4+ T cells,CD4 T cell (subtype unclear),0.0,hao_stateful_gemini_run05
L2_ATAGAGAGTGCCCTTT,CD4 T,Treg,CD4+ T cells,CD4 T cell (subtype unclear),0.5,hao_stateful_gemini_run05
E2L3_AGACAAACATTCCTCG,NK,NK_CD56bright,NK cells,NK,0.5,hao_stateful_gemini_run05
L1_TGATCAGAGTAAACAC,DC,cDC2,CD14+ Monocytes,CD14 Mono,0.0,hao_stateful_gemini_run05
E2L6_TCTACCGAGAAGGCTC,CD4 T,CD4 TEM,CD4+ T cells,CD4 T cell (subtype unclear),0.5,hao_stateful_gemini_run05
L1_GCAGCTGGTAGTGGCA,other,Eryth,Erythrocytes,Eryth,1.0,hao_stateful_gemini_run05
E2L1_GACAGCCGTGATGAAT,other T,MAIT,CD8+ T cells,CD8 T cell (subtype unclear),0.0,hao_stateful_gemini_run05
L1_CGTCCATGTTCCTAAG,CD4 T,CD4 Naive,CD4+ T cells,CD4 T cell (subtype unclear),0.5,hao_stateful_gemini_run05
E2L7_TCGTAGAAGATCCGAG,CD4 T,CD4 TCM,CD4+ T cells,CD4 T cell (subtype unclear),0.5,hao_stateful_gemini_run05
L4_GTTGTGAGTTCGTAAC,DC,cDC1,Conventional Dendritic cells,Dendritic cell (subtype unclear),0.5,hao_stateful_gemini_run05
E2L7_TTGCATTGTTTCCCAC,other T,dnT,CD4+ T cells,CD4 T cell (subtype unclear),0.0,hao_stateful_gemini_run05
L2_TGCGGGTAGCAACAAT,CD8 T,CD8 TEM,CD8+ T cells,CD8 T cell (subtype unclear),0.5,hao_stateful_gemini_run05
E2L3_GAGTGTTAGAAGTCTA,CD8 T,CD8 Naive,CD4+ T cells,CD4 T cell (subtype unclear),0.0,hao_stateful_gemini_run05
E2L6_CCTAAGAGTTCCCACT,B,Plasmablast,CD14+ Monocytes,CD14 Mono,0.0,hao_stateful_gemini_run05
L2_CGCGTGAGTGGTCCCA,CD4 T,CD4 CTL,CD8+ T cells,CD8 T cell (subtype unclear),0.0,hao_stateful_gemini_run05
E2L7_GATGACTAGGTAAACT,Mono,CD14 Mono,CD14+ Monocytes,CD14 Mono,1.0,hao_stateful_gemini_run05
L1_GAAACCTTCTACTGAG,other T,dnT,Memory/Effector T cells,T cell (CD4/CD8/other unclear),0.5,hao_stateful_gemini_run05
E2L7_CTCAGGGCATACAGGG,CD8 T,CD8 Naive,CD4+ T cells,CD4 T cell (subtype unclear),0.0,hao_stateful_gemini_run05
E2L8_GACTATGAGCGTTCAT,DC,cDC1,Conventional Dendritic cells,Dendritic cell (subtype unclear),0.5,hao_stateful_gemini_run05
E2L8_ACGTACAAGTGGTCAG,B,B naive,B cells,B cell (subtype unclear),0.5,hao_stateful_gemini_run05
E2L3_TCAAGACAGCAAATGT,other T,dnT,Memory/Effector T cells,T cell (CD4/CD8/other unclear),0.5,hao_stateful_gemini_run05
L3_GCGTGCACAAGACAAT,Mono,CD14 Mono,CD16+ Monocytes,CD16 Mono,0.5,hao_stateful_gemini_run05
E2L1_TCTTAGTAGGACAGTC,other T,MAIT,CD8+ T cells,CD8 T cell (subtype unclear),0.0,hao_stateful_gemini_run05
E2L8_CCTATCGAGTCGAGGT,NK,NK Proliferating,Proliferating cells,Proliferating lymphocyte (lineage unclear),0.5,hao_stateful_gemini_run05
L4_ATCCATTTCCCTATTA,CD8 T,CD8 Naive,CD4+ T cells,CD4 T cell (subtype unclear),0.0,hao_stateful_gemini_run05
E2L8_GGCTTGGTCAAGTAAG,other,ILC,NK cells,NK,0.0,hao_stateful_gemini_run05
L2_TTGGGATCACAATTCG,other T,dnT,Memory/Effector T cells,T cell (CD4/CD8/other unclear),0.5,hao_stateful_gemini_run05
E2L6_ACTGCAATCATACGAC,B,B intermediate,B cells,B cell (subtype unclear),0.5,hao_stateful_gemini_run05
E2L8_GTGTGATGTTGCGGCT,DC,pDC,Plasmacytoid Dendritic cells,pDC,1.0,hao_stateful_gemini_run05
E2L6_AGCGCTGGTGACACAG,CD4 T,CD4 TEM,CD4+ T cells,CD4 T cell (subtype unclear),0.5,hao_stateful_gemini_run05
L2_CGAAGGAGTCGCATGC,NK,NK,CD8+ T cells,CD8 T cell (subtype unclear),0.0,hao_stateful_gemini_run05
L5_TAATTCCAGTCATCGT,B,B intermediate,B cells,B cell (subtype unclear),0.5,hao_stateful_gemini_run05
E2L1_TATATCCAGCTAATCC,CD8 T,CD8 TEM,CD8+ T cells,CD8 T cell (subtype unclear),0.5,hao_stateful_gemini_run05
L1_CGCATAACAGAGTCAG,other,HSPC,HSPC,HSPC,1.0,hao_stateful_gemini_run05
E2L2_TGTGCGGGTTCCCACT,CD4 T,CD4 CTL,CD8+ T cells,CD8 T cell (subtype unclear),0.0,hao_stateful_gemini_run05
E2L6_TCATTACAGTAATACG,CD4 T,Treg,CD4+ T cells,CD4 T cell (subtype unclear),0.5,hao_stateful_gemini_run05
L4_TACCGAAAGGCATCGA,CD4 T,CD4 TCM,CD4+ T cells,CD4 T cell (subtype unclear),0.5,hao_stateful_gemini_run05
E2L4_TCCTCCCAGCGTTAGG,other,Platelet,Platelets,Platelet,1.0,hao_stateful_gemini_run05
L3_CGTAAGTCAATAGTGA,other,HSPC,HSPC,HSPC,1.0,hao_stateful_gemini_run05
L1_CACTGTCAGCTCCACG,B,B intermediate,B cells,B cell (subtype unclear),0.5,hao_stateful_gemini_run05
E2L3_TCCTAATAGACTGTTC,CD8 T,CD8 TCM,CD4+ T cells,CD4 T cell (subtype unclear),0.0,hao_stateful_gemini_run05
L2_TTCATTGTCTAGCAAC,CD4 T,CD4 CTL,CD8+ T cells,CD8 T cell (subtype unclear),0.0,hao_stateful_gemini_run05
L4_TTGTTGTCAGGATCTT,DC,pDC,Plasmacytoid Dendritic cells,pDC,1.0,hao_stateful_gemini_run05
E2L5_CACAGATGTCTACACA,B,Plasmablast,Plasma cells,Plasmablast,1.0,hao_stateful_gemini_run05
L2_TGCAGTAGTTTGACAC,other,HSPC,HSPC,HSPC,1.0,hao_stateful_gemini_run05
E2L1_TGTCCCAGTTGCGGCT,CD8 T,CD8 TEM,CD8+ T cells,CD8 T cell (subtype unclear),0.5,hao_stateful_gemini_run05
L3_GATGCTACAAGCGAAC,CD4 T,CD4 CTL,CD8+ T cells,CD8 T cell (subtype unclear),0.0,hao_stateful_gemini_run05
L2_ACCTGAAGTGCAACGA,DC,pDC,Plasmacytoid Dendritic cells,pDC,1.0,hao_stateful_gemini_run05
L2_ATTCGTTGTAGCTTAC,other T,dnT,CD4+ T cells,CD4 T cell (subtype unclear),0.0,hao_stateful_gemini_run05
L3_TTCCGTGAGGAGCTGT,CD8 T,CD8 TCM,CD4+ T cells,CD4 T cell (subtype unclear),0.0,hao_stateful_gemini_run05
L4_GCACTAACAGTTGAAA,B,Plasmablast,Plasma cells,Plasmablast,1.0,hao_stateful_gemini_run05
L1_AGCCAGCTCATCGACA,other,Platelet,Platelets,Platelet,1.0,hao_stateful_gemini_run05
E2L7_GCAGGCTAGGAGGGTG,DC,pDC,Plasmacytoid Dendritic cells,pDC,1.0,hao_stateful_gemini_run05
E2L1_GAAACCTGTGCCGAAA,Mono,CD14 Mono,CD14+ Monocytes,CD14 Mono,1.0,hao_stateful_gemini_run05
L4_AGCGCTGAGGAGAATG,CD8 T,CD8 TCM,CD4+ T cells,CD4 T cell (subtype unclear),0.0,hao_stateful_gemini_run05
E2L4_TACTTACAGTGGTTAA,DC,cDC2,CD14+ Monocytes,CD14 Mono,0.0,hao_stateful_gemini_run05
E2L4_GAACGTTCAGACCAGA,CD4 T,CD4 TCM,CD4+ T cells,CD4 T cell (subtype unclear),0.5,hao_stateful_gemini_run05
E2L7_ATCTTCAAGCAGCCCT,Mono,CD14 Mono,CD14+ Monocytes,CD14 Mono,1.0,hao_stateful_gemini_run05
L3_TCACAAGAGTCACTCA,other T,gdT,CD8+ T cells,CD8 T cell (subtype unclear),0.0,hao_stateful_gemini_run05
E2L1_CTCCACACATGGCGCT,CD8 T,CD8 Naive,CD4+ T cells,CD4 T cell (subtype unclear),0.0,hao_stateful_gemini_run05
E2L4_GCTACAAAGCAGCCCT,DC,pDC,Plasmacytoid Dendritic cells,pDC,1.0,hao_stateful_gemini_run05
L4_ACGGTTACACTAGTAC,Mono,CD14 Mono,CD16+ Monocytes,CD16 Mono,0.5,hao_stateful_gemini_run05
L4_TTTAGTCAGGGATCTG,CD4 T,Treg,CD4+ T cells,CD4 T cell (subtype unclear),0.5,hao_stateful_gemini_run05
L3_GCCTGTTGTCACCGAC,CD8 T,CD8 TCM,CD4+ T cells,CD4 T cell (subtype unclear),0.0,hao_stateful_gemini_run05
L2_TTCTAGTAGAGTAACT,other,HSPC,HSPC,HSPC,1.0,hao_stateful_gemini_run05
L5_CCTCATGCAGATCATC,other,HSPC,HSPC,HSPC,1.0,hao_stateful_gemini_run05
E2L3_ATGAGTCTCTCCCTAG,CD4 T,CD4 Proliferating,Proliferating cells,Proliferating lymphocyte (lineage unclear),0.5,hao_stateful_gemini_run05
E2L4_AAAGGATTCGTGGGAA,B,B naive,B cells,B cell (subtype unclear),0.5,hao_stateful_gemini_run05
L3_CTGAGGCTCCATAGAC,CD8 T,CD8 TEM,CD8+ T cells,CD8 T cell (subtype unclear),0.5,hao_stateful_gemini_run05
L2_TCTAACTAGTGGTGAC,NK,NK_CD56bright,NK cells,NK,0.5,hao_stateful_gemini_run05
E2L3_GAAGGACTCCGAAGGA,Mono,CD14 Mono,CD16+ Monocytes,CD16 Mono,0.5,hao_stateful_gemini_run05
E2L5_TGCGACGCACGAAAGC,CD8 T,CD8 TEM,CD8+ T cells,CD8 T cell (subtype unclear),0.5,hao_stateful_gemini_run05
L5_GGAGCAAGTGTAGTGG,CD8 T,CD8 Naive,CD4+ T cells,CD4 T cell (subtype unclear),0.0,hao_stateful_gemini_run05
L2_AAGGTAAAGAGCAAGA,CD4 T,CD4 TEM,CD8+ T cells,CD8 T cell (subtype unclear),0.0,hao_stateful_gemini_run05
E2L3_TGTAGACCAAACTAAG,other,Platelet,Platelets,Platelet,1.0,hao_stateful_gemini_run05
L2_TCACGGGTCACACCCT,CD4 T,Treg,CD4+ T cells,CD4 T cell (subtype unclear),0.5,hao_stateful_gemini_run05
L1_GCATCGGCATGGGTCC,CD8 T,CD8 TCM,CD4+ T cells,CD4 T cell (subtype unclear),0.0,hao_stateful_gemini_run05
E2L5_CTCATTATCTTTACAC,other,Platelet,Platelets,Platelet,1.0,hao_stateful_gemini_run05
E2L6_AGAACAAGTCGCCACA,other,HSPC,HSPC,HSPC,1.0,hao_stateful_gemini_run05
E2L4_AGTTCCCAGGTTAGTA,NK,NK,CD8+ T cells,CD8 T cell (subtype unclear),0.0,hao_stateful_gemini_run05
L4_CTGAGCGTCAGACAAA,Mono,CD16 Mono,CD16+ Monocytes,CD16 Mono,1.0,hao_stateful_gemini_run05
L3_AACGGGATCGTTAGAC,Mono,CD16 Mono,CD16+ Monocytes,CD16 Mono,1.0,hao_stateful_gemini_run05
L2_TTGACCCTCCGACATA,B,Plasmablast,Plasma cells,Plasmablast,1.0,hao_stateful_gemini_run05
E2L1_GATTCGAGTGACACGA,NK,NK_CD56bright,NK cells,NK,0.5,hao_stateful_gemini_run05
E2L4_GAACTGTTCCGACATA,NK,NK Proliferating,Proliferating cells,Proliferating lymphocyte (lineage unclear),0.5,hao_stateful_gemini_run05
E2L1_CATCCCAGTCGAGATG,DC,pDC,Plasmacytoid Dendritic cells,pDC,1.0,hao_stateful_gemini_run05
E2L5_CTCCGATCAGTAGAAT,CD4 T,CD4 Naive,CD4+ T cells,CD4 T cell (subtype unclear),0.5,hao_stateful_gemini_run05
L5_CTAACTTAGCTAAACA,CD4 T,CD4 Proliferating,Proliferating cells,Proliferating lymphocyte (lineage unclear),0.5,hao_stateful_gemini_run05
L5_GAACACTCACATTACG,DC,cDC2,CD14+ Monocytes,CD14 Mono,0.0,hao_stateful_gemini_run05
E2L2_GTAAGTCAGCCTTCTC,CD8 T,CD8 TEM,CD8+ T cells,CD8 T cell (subtype unclear),0.5,hao_stateful_gemini_run05
E2L6_CCACCATAGTTTGAGA,B,B memory,B cells,B cell (subtype unclear),0.5,hao_stateful_gemini_run05
L2_CCTTTGGTCTGGACCG,other,Eryth,Erythrocytes,Eryth,1.0,hao_stateful_gemini_run05
L3_ACGCACGTCTTTCGAT,other,Platelet,Platelets,Platelet,1.0,hao_stateful_gemini_run05
L4_AGATCCAAGCATAGGC,NK,NK,CD8+ T cells,CD8 T cell (subtype unclear),0.0,hao_stateful_gemini_run05
L5_CTCTGGTCACACTTAG,CD4 T,CD4 CTL,CD8+ T cells,CD8 T cell (subtype unclear),0.0,hao_stateful_gemini_run05
L3_CATCAAGAGCGGATCA,CD4 T,CD4 Naive,CD4+ T cells,CD4 T cell (subtype unclear),0.5,hao_stateful_gemini_run05
L4_TACGTCCAGGTGGGTT,CD8 T,CD8 Naive,CD4+ T cells,CD4 T cell (subtype unclear),0.0,hao_stateful_gemini_run05
E2L6_CTCCCTCGTGCACATT,CD8 T,CD8 TEM,CD8+ T cells,CD8 T cell (subtype unclear),0.5,hao_stateful_gemini_run05
E2L2_AGATGAATCGTGCACG,B,B memory,B cells,B cell (subtype unclear),0.5,hao_stateful_gemini_run05
E2L4_ATTCATCTCCGTCAAA,other T,gdT,CD4+ T cells,CD4 T cell (subtype unclear),0.0,hao_stateful_gemini_run05
L3_GACGTTAGTTCAAACC,other,HSPC,HSPC,HSPC,1.0,hao_stateful_gemini_run05
E2L4_GTAGTACAGTATGAGT,CD4 T,CD4 Proliferating,Proliferating cells,Proliferating lymphocyte (lineage unclear),0.5,hao_stateful_gemini_run05
E2L8_TGGAGAGAGACTAAGT,CD4 T,CD4 CTL,CD8+ T cells,CD8 T cell (subtype unclear),0.0,hao_stateful_gemini_run05
L5_TTGCATTGTCGTCTCT,DC,cDC2,CD14+ Monocytes,CD14 Mono,0.0,hao_stateful_gemini_run05
L1_CTGCCATCAGAGCTAG,other,HSPC,HSPC,HSPC,1.0,hao_stateful_gemini_run05
E2L2_TTCTAGTTCAACTTTC,NK,NK Proliferating,Proliferating cells,Proliferating lymphocyte (lineage unclear),0.5,hao_stateful_gemini_run05
E2L1_TTGTTCAAGGTAGATT,DC,cDC1,Conventional Dendritic cells,Dendritic cell (subtype unclear),0.5,hao_stateful_gemini_run05
L4_GTCACTCCATCTCATT,DC,cDC2,CD14+ Monocytes,CD14 Mono,0.0,hao_stateful_gemini_run05
L4_TAAGTCGAGAGCATTA,other T,MAIT,CD8+ T cells,CD8 T cell (subtype unclear),0.0,hao_stateful_gemini_run05
E2L8_TGCACGGTCCACCTGT,other T,dnT,CD4+ T cells,CD4 T cell (subtype unclear),0.0,hao_stateful_gemini_run05
E2L8_CTGGTCTTCACCTCGT,DC,pDC,Plasmacytoid Dendritic cells,pDC,1.0,hao_stateful_gemini_run05
L1_TCCTCCCTCAGTGTTG,other T,dnT,CD4+ T cells,CD4 T cell (subtype unclear),0.0,hao_stateful_gemini_run05
E2L2_ATCGTCCTCCAGCTCT,CD4 T,CD4 CTL,CD8+ T cells,CD8 T cell (subtype unclear),0.0,hao_stateful_gemini_run05
E2L3_CAGATCACAGATCATC,Mono,CD14 Mono,CD16+ Monocytes,CD16 Mono,0.5,hao_stateful_gemini_run05
E2L8_GAGAGGTAGTAGAATC,CD8 T,CD8 TEM,CD4+ T cells,CD4 T cell (subtype unclear),0.0,hao_stateful_gemini_run05
E2L6_GTCACGGTCCTTGAAG,other,Eryth,Erythrocytes,Eryth,1.0,hao_stateful_gemini_run05
E2L1_CGTTAGATCTAGGCCG,other,ILC,NK cells,NK,0.0,hao_stateful_gemini_run05
E2L7_ATCCCTGGTGCGGATA,NK,NK Proliferating,Proliferating cells,Proliferating lymphocyte (lineage unclear),0.5,hao_stateful_gemini_run05
E2L8_GATCACATCTAGGAAA,B,B intermediate,B cells,B cell (subtype unclear),0.5,hao_stateful_gemini_run05
E2L6_TAGGAGGAGATGTAGT,B,B intermediate,B cells,B cell (subtype unclear),0.5,hao_stateful_gemini_run05
L4_TTTAGTCCACTATCGA,other T,MAIT,CD8+ T cells,CD8 T cell (subtype unclear),0.0,hao_stateful_gemini_run05
E2L1_TACCTCGGTTGGCCTG,other,Platelet,Platelets,Platelet,1.0,hao_stateful_gemini_run05
L5_AGTCACATCCGTATAG,other,Platelet,Platelets,Platelet,1.0,hao_stateful_gemini_run05
L4_TCGGATAAGGGCGAGA,Mono,CD16 Mono,CD16+ Monocytes,CD16 Mono,1.0,hao_stateful_gemini_run05
E2L6_AGGGTGAAGAGCACTG,other T,dnT,CD4+ T cells,CD4 T cell (subtype unclear),0.0,hao_stateful_gemini_run05
E2L6_AGCGATTGTATGATCC,B,B naive,B cells,B cell (subtype unclear),0.5,hao_stateful_gemini_run05
E2L6_CCACGAGAGAATCGCG,other,Platelet,Platelets,Platelet,1.0,hao_stateful_gemini_run05
E2L5_ATTTACCTCCCTGTTG,CD8 T,CD8 TCM,CD4+ T cells,CD4 T cell (subtype unclear),0.0,hao_stateful_gemini_run05
L4_CTGCTCAAGATAGTGT,CD8 T,CD8 TEM,CD8+ T cells,CD8 T cell (subtype unclear),0.5,hao_stateful_gemini_run05
E2L6_CTAGACACAGGCGTTC,NK,NK_CD56bright,NK cells,NK,0.5,hao_stateful_gemini_run05
L4_GAGAAATGTTAGGACG,CD4 T,CD4 TEM,CD4+ T cells,CD4 T cell (subtype unclear),0.5,hao_stateful_gemini_run05
E2L4_GGCAGTCCATGAAGGC,Mono,CD14 Mono,CD16+ Monocytes,CD16 Mono,0.5,hao_stateful_gemini_run05
L5_ATCTTCATCTCATTGT,CD8 T,CD8 TCM,CD4+ T cells,CD4 T cell (subtype unclear),0.0,hao_stateful_gemini_run05
L4_GGGCTACAGACCAGAC,DC,pDC,CD14+ Monocytes,CD14 Mono,0.0,hao_stateful_gemini_run05
L3_CGGGCATCACAATGCT,CD4 T,Treg,CD4+ T cells,CD4 T cell (subtype unclear),0.5,hao_stateful_gemini_run05
E2L5_ACGTCCTTCAACGTGT,DC,ASDC,CD14+ Monocytes,CD14 Mono,0.0,hao_stateful_gemini_run05
L1_AGTACCAGTCCGGACT,CD4 T,CD4 CTL,CD8+ T cells,CD8 T cell (subtype unclear),0.0,hao_stateful_gemini_run05
L3_GTGTAACCATAGATCC,CD4 T,CD4 Proliferating,Proliferating cells,Proliferating lymphocyte (lineage unclear),0.5,hao_stateful_gemini_run05
E2L5_TCGGGACCATGCCGAC,DC,pDC,Plasmacytoid Dendritic cells,pDC,1.0,hao_stateful_gemini_run05
L2_TTGCTGCAGAGCGACT,other T,dnT,CD4+ T cells,CD4 T cell (subtype unclear),0.0,hao_stateful_gemini_run05
E2L7_TGCCGAGAGTGAATAC,B,B naive,B cells,B cell (subtype unclear),0.5,hao_stateful_gemini_run05
L2_TTTACGTGTTCCTAGA,B,Plasmablast,Plasma cells,Plasmablast,1.0,hao_stateful_gemini_run05
L5_CATACTTGTAGGATAT,CD4 T,CD4 TCM,CD4+ T cells,CD4 T cell (subtype unclear),0.5,hao_stateful_gemini_run05
E2L8_TAGGTTGGTTCAGGTT,NK,NK,CD8+ T cells,CD8 T cell (subtype unclear),0.0,hao_stateful_gemini_run05
L1_GCATCGGGTAACTTCG,B,Plasmablast,Plasma cells,Plasmablast,1.0,hao_stateful_gemini_run05
L4_TGGATGTTCTCAACGA,other,Eryth,Erythrocytes,Eryth,1.0,hao_stateful_gemini_run05
E2L2_GGGACCTGTAGACAGC,B,Plasmablast,Plasma cells,Plasmablast,1.0,hao_stateful_gemini_run05
L2_CTCAATTTCAACGAGG,CD4 T,Treg,CD4+ T cells,CD4 T cell (subtype unclear),0.5,hao_stateful_gemini_run05
E2L2_GAGTCATTCTCGACGG,CD8 T,CD8 TCM,CD4+ T cells,CD4 T cell (subtype unclear),0.0,hao_stateful_gemini_run05
L5_AACCACACAAGATCCT,CD4 T,CD4 TEM,CD4+ T cells,CD4 T cell (subtype unclear),0.5,hao_stateful_gemini_run05
L5_CTATAGGAGATAGCAT,CD4 T,CD4 TCM,CD4+ T cells,CD4 T cell (subtype unclear),0.5,hao_stateful_gemini_run05
L5_CCATAAGCACGACTAT,CD4 T,Treg,CD4+ T cells,CD4 T cell (subtype unclear),0.5,hao_stateful_gemini_run05
E2L7_TTATTGCAGAGGCGTT,NK,NK Proliferating,Proliferating cells,Proliferating lymphocyte (lineage unclear),0.5,hao_stateful_gemini_run05
E2L6_GTAGTACTCATTACGG,NK,NK Proliferating,Proliferating cells,Proliferating lymphocyte (lineage unclear),0.5,hao_stateful_gemini_run05
E2L4_CTCTGGTAGGACGCAT,Mono,CD16 Mono,CD16+ Monocytes,CD16 Mono,1.0,hao_stateful_gemini_run05
L2_GGGAGATCAGTCTACA,other,HSPC,HSPC,HSPC,1.0,hao_stateful_gemini_run05
L2_GACCGTGAGCGTGTTT,other,ILC,CD4+ T cells,CD4 T cell (subtype unclear),0.0,hao_stateful_gemini_run05
E2L2_GTGAGGAGTGCTCTCT,CD4 T,CD4 TEM,CD4+ T cells,CD4 T cell (subtype unclear),0.5,hao_stateful_gemini_run05
E2L2_CGTGCTTAGATGCAGC,CD4 T,CD4 TEM,CD4+ T cells,CD4 T cell (subtype unclear),0.5,hao_stateful_gemini_run05
L5_AAACCCAAGGATGGCT,B,Plasmablast,Plasma cells,Plasmablast,1.0,hao_stateful_gemini_run05
L5_TCTTAGTCATACGCAT,B,Plasmablast,Plasma cells,Plasmablast,1.0,hao_stateful_gemini_run05
E2L4_ATCCATTCATGGTACT,NK,NK Proliferating,Proliferating cells,Proliferating lymphocyte (lineage unclear),0.5,hao_stateful_gemini_run05
L2_AATGGAATCGTCGCTT,CD8 T,CD8 TCM,CD4+ T cells,CD4 T cell (subtype unclear),0.0,hao_stateful_gemini_run05
E2L6_AGTCACACACAGAAGC,Mono,CD14 Mono,CD14+ Monocytes,CD14 Mono,1.0,hao_stateful_gemini_run05
E2L1_TTGGGATTCGCTCTCA,other,Platelet,Platelets,Platelet,1.0,hao_stateful_gemini_run05
E2L7_AACGAAAAGTGCCTCG,CD4 T,CD4 TEM,CD4+ T cells,CD4 T cell (subtype unclear),0.5,hao_stateful_gemini_run05
E2L7_ACGGTTAGTCTACGAT,Mono,CD16 Mono,CD16+ Monocytes,CD16 Mono,1.0,hao_stateful_gemini_run05
L4_GCCAACGGTAAGCGGT,NK,NK,CD8+ T cells,CD8 T cell (subtype unclear),0.0,hao_stateful_gemini_run05
L5_ACTGATGTCGTGTTCC,NK,NK Proliferating,Proliferating cells,Proliferating lymphocyte (lineage unclear),0.5,hao_stateful_gemini_run05
E2L7_CGTGCTTCAAATGGTA,B,B intermediate,B cells,B cell (subtype unclear),0.5,hao_stateful_gemini_run05
E2L4_TGAGCGCTCGCCACTT,NK,NK,CD8+ T cells,CD8 T cell (subtype unclear),0.0,hao_stateful_gemini_run05
E2L5_TACGTCCAGAGTTGTA,DC,cDC2,CD14+ Monocytes,CD14 Mono,0.0,hao_stateful_gemini_run05
L2_TCCTTTCCATCTCATT,NK,NK Proliferating,Proliferating cells,Proliferating lymphocyte (lineage unclear),0.5,hao_stateful_gemini_run05
E2L8_GAGTCATCAACTCATG,CD8 T,CD8 TEM,CD8+ T cells,CD8 T cell (subtype unclear),0.5,hao_stateful_gemini_run05
L4_GAACTGTCAAATACAG,DC,cDC1,Conventional Dendritic cells,Dendritic cell (subtype unclear),0.5,hao_stateful_gemini_run05
E2L8_TCGTGGGCACAAGGTG,CD8 T,CD8 TCM,CD4+ T cells,CD4 T cell (subtype unclear),0.0,hao_stateful_gemini_run05
L4_TCATTGTAGGTCGTCC,B,B intermediate,B cells,B cell (subtype unclear),0.5,hao_stateful_gemini_run05
L4_TTCCGGTTCATCGGGC,NK,NK Proliferating,Proliferating cells,Proliferating lymphocyte (lineage unclear),0.5,hao_stateful_gemini_run05
E2L3_CACGTTCCATCACCAA,Mono,CD16 Mono,CD16+ Monocytes,CD16 Mono,1.0,hao_stateful_gemini_run05
L2_TGCTCCAGTGCGTTTA,CD8 T,CD8 Naive,CD4+ T cells,CD4 T cell (subtype unclear),0.0,hao_stateful_gemini_run05
L2_CGTAGTATCCATTGGA,CD4 T,CD4 Naive,CD4+ T cells,CD4 T cell (subtype unclear),0.5,hao_stateful_gemini_run05
L3_GTAGATCGTTTCGTGA,CD4 T,CD4 CTL,CD8+ T cells,CD8 T cell (subtype unclear),0.0,hao_stateful_gemini_run05
L1_CGTTGGGGTCATTCCC,DC,pDC,Plasmacytoid Dendritic cells,pDC,1.0,hao_stateful_gemini_run05
E2L7_GACTTCCCATGGCTGC,CD4 T,CD4 TEM,CD4+ T cells,CD4 T cell (subtype unclear),0.5,hao_stateful_gemini_run05
L5_CATCGTCCATGGGCAA,NK,NK,CD8+ T cells,CD8 T cell (subtype unclear),0.0,hao_stateful_gemini_run05
E2L7_ATCGTGAGTGAATGTA,other,HSPC,HSPC,HSPC,1.0,hao_stateful_gemini_run05
E2L7_AGGGTGACAAAGACGC,CD4 T,CD4 TEM,CD4+ T cells,CD4 T cell (subtype unclear),0.5,hao_stateful_gemini_run05
L5_ATGAGGGTCACTGGTA,CD8 T,CD8 Naive,CD4+ T cells,CD4 T cell (subtype unclear),0.0,hao_stateful_gemini_run05
E2L5_CAACCAACACATACTG,B,Plasmablast,Plasma cells,Plasmablast,1.0,hao_stateful_gemini_run05
L3_GAAGAATAGAGCCGTA,CD4 T,CD4 TCM,CD4+ T cells,CD4 T cell (subtype unclear),0.5,hao_stateful_gemini_run05
L5_CATTGCCTCTGCGATA,CD4 T,CD4 TCM,CD4+ T cells,CD4 T cell (subtype unclear),0.5,hao_stateful_gemini_run05
E2L7_GAAGAATGTGGCCTCA,DC,cDC1,Conventional Dendritic cells,Dendritic cell (subtype unclear),0.5,hao_stateful_gemini_run05
E2L4_GGTAGAGGTTGCATCA,other T,dnT,CD4+ T cells,CD4 T cell (subtype unclear),0.0,hao_stateful_gemini_run05
E2L8_CTTCTCTCATCCGAAT,NK,NK Proliferating,Proliferating cells,Proliferating lymphocyte (lineage unclear),0.5,hao_stateful_gemini_run05
L5_GTTCCGTCAGCGTATT,CD4 T,Treg,Erythrocytes,Eryth,0.0,hao_stateful_gemini_run05
L4_TCATTTGAGCGAAACC,other T,MAIT,CD8+ T cells,CD8 T cell (subtype unclear),0.0,hao_stateful_gemini_run05
E2L1_GTCACTCGTGTTAAAG,DC,pDC,Plasmacytoid Dendritic cells,pDC,1.0,hao_stateful_gemini_run05
L4_ATGGATCCATAAGATG,DC,cDC2,CD14+ Monocytes,CD14 Mono,0.0,hao_stateful_gemini_run05
E2L7_CATTGAGAGGCACAAC,Mono,CD14 Mono,CD14+ Monocytes,CD14 Mono,1.0,hao_stateful_gemini_run05
L4_CATTCTAGTCCCAAAT,DC,pDC,Plasmacytoid Dendritic cells,pDC,1.0,hao_stateful_gemini_run05
L3_GGTTGTAAGTGTCATC,Mono,CD16 Mono,CD16+ Monocytes,CD16 Mono,1.0,hao_stateful_gemini_run05
L5_CACGAATAGGATTCAA,other,HSPC,HSPC,HSPC,1.0,hao_stateful_gemini_run05
E2L6_AGGGCCTCACACCTAA,NK,NK,CD8+ T cells,CD8 T cell (subtype unclear),0.0,hao_stateful_gemini_run05
L3_ATTATCCTCTACACTT,CD8 T,CD8 TCM,CD4+ T cells,CD4 T cell (subtype unclear),0.0,hao_stateful_gemini_run05
E2L5_CCCGAAGAGCCTGTGC,B,B intermediate,B cells,B cell (subtype unclear),0.5,hao_stateful_gemini_run05
E2L7_CATACTTCATCTCAAG,CD8 T,CD8 TCM,CD4+ T cells,CD4 T cell (subtype unclear),0.0,hao_stateful_gemini_run05
E2L7_GGTGAAGAGCATGGGT,CD8 T,CD8 Naive,CD4+ T cells,CD4 T cell (subtype unclear),0.0,hao_stateful_gemini_run05
E2L3_TCATTGTCAGAGTGAC,other T,gdT,CD8+ T cells,CD8 T cell (subtype unclear),0.0,hao_stateful_gemini_run05
L4_GATGACTTCGGACGTC,CD4 T,CD4 TEM,CD4+ T cells,CD4 T cell (subtype unclear),0.5,hao_stateful_gemini_run05
E2L6_CATACAGAGCTGTTCA,B,B intermediate,B cells,B cell (subtype unclear),0.5,hao_stateful_gemini_run05
E2L2_TCCAGAACAGCGGTTC,CD4 T,CD4 TCM,CD4+ T cells,CD4 T cell (subtype unclear),0.5,hao_stateful_gemini_run05
E2L7_CTGAGGCTCCATTCAT,other,HSPC,HSPC,HSPC,1.0,hao_stateful_gemini_run05
L2_TATCAGGTCGTCCTTG,DC,cDC2,CD14+ Monocytes,CD14 Mono,0.0,hao_stateful_gemini_run05
E2L2_ACGTAACTCAAAGACA,B,Plasmablast,Plasma cells,Plasmablast,1.0,hao_stateful_gemini_run05
L2_ACACCAAGTTATAGAG,CD4 T,CD4 TEM,CD4+ T cells,CD4 T cell (subtype unclear),0.5,hao_stateful_gemini_run05
L3_GACCCTTGTCGGTACC,NK,NK,CD8+ T cells,CD8 T cell (subtype unclear),0.0,hao_stateful_gemini_run05
L4_AGCCAATGTACAGAAT,other,ILC,CD4+ T cells,CD4 T cell (subtype unclear),0.0,hao_stateful_gemini_run05
E2L1_CAGGGCTCATAGGTTC,CD4 T,CD4 Proliferating,Proliferating cells,Proliferating lymphocyte (lineage unclear),0.5,hao_stateful_gemini_run05
E2L7_GTGAGCCTCCCGGTAG,B,B naive,B cells,B cell (subtype unclear),0.5,hao_stateful_gemini_run05
E2L4_AGCCAGCCAAGTGGAC,B,Plasmablast,Plasma cells,Plasmablast,1.0,hao_stateful_gemini_run05
E2L5_CATGCGGAGTCGCCAC,NK,NK,CD8+ T cells,CD8 T cell (subtype unclear),0.0,hao_stateful_gemini_run05
L5_TGAGCATAGTCCCAAT,NK,NK,CD8+ T cells,CD8 T cell (subtype unclear),0.0,hao_stateful_gemini_run05
E2L2_TTGACCCCACGGCTAC,B,Plasmablast,Plasma cells,Plasmablast,1.0,hao_stateful_gemini_run05
L5_ATTATCCTCAACTCTT,other T,MAIT,CD8+ T cells,CD8 T cell (subtype unclear),0.0,hao_stateful_gemini_run05
E2L4_CTCCACACATGGCTGC,B,B intermediate,B cells,B cell (subtype unclear),0.5,hao_stateful_gemini_run05
L5_TATTTCGAGCGGTAAC,CD4 T,CD4 TCM,CD4+ T cells,CD4 T cell (subtype unclear),0.5,hao_stateful_gemini_run05
E2L7_GTTTACTCATTGAAGA,DC,cDC2,CD14+ Monocytes,CD14 Mono,0.0,hao_stateful_gemini_run05
L4_TTTCCTCCACAGTCAT,Mono,CD16 Mono,CD16+ Monocytes,CD16 Mono,1.0,hao_stateful_gemini_run05
L4_CATAGACTCTCTTGCG,other,Eryth,Erythrocytes,Eryth,1.0,hao_stateful_gemini_run05
L4_AGCATCACAAATTGCC,CD8 T,CD8 TCM,CD4+ T cells,CD4 T cell (subtype unclear),0.0,hao_stateful_gemini_run05
E2L3_ACAAAGAGTCGTGATT,other T,MAIT,CD8+ T cells,CD8 T cell (subtype unclear),0.0,hao_stateful_gemini_run05
L4_GCCGATGTCAACCGAT,DC,cDC2,CD14+ Monocytes,CD14 Mono,0.0,hao_stateful_gemini_run05
E2L7_CCTCTCCGTTACGTAC,CD8 T,CD8 TCM,CD4+ T cells,CD4 T cell (subtype unclear),0.0,hao_stateful_gemini_run05
E2L6_AGGGTCCGTACTGTTG,B,B intermediate,B cells,B cell (subtype unclear),0.5,hao_stateful_gemini_run05
L5_ATTCAGGTCGCAGAGA,CD4 T,Treg,CD4+ T cells,CD4 T cell (subtype unclear),0.5,hao_stateful_gemini_run05
E2L6_TGCGGGTGTAAGGTCG,B,B naive,B cells,B cell (subtype unclear),0.5,hao_stateful_gemini_run05
L1_TCCTTCTCAGTCTGGC,CD4 T,Treg,CD4+ T cells,CD4 T cell (subtype unclear),0.5,hao_stateful_gemini_run05
E2L5_TTACAGGGTCACTACA,CD4 T,CD4 TCM,CD4+ T cells,CD4 T cell (subtype unclear),0.5,hao_stateful_gemini_run05
E2L3_CGCCAGACAGGACGAT,other,ILC,NK cells,NK,0.0,hao_stateful_gemini_run05
E2L7_GCGTTTCGTGGCTTAT,other,Platelet,Platelets,Platelet,1.0,hao_stateful_gemini_run05
L4_CAACAACTCCTGGGAC,CD4 T,CD4 Naive,CD4+ T cells,CD4 T cell (subtype unclear),0.5,hao_stateful_gemini_run05
L2_AAGAACATCCGAGCTG,other,HSPC,HSPC,HSPC,1.0,hao_stateful_gemini_run05
L3_ACGCACGAGTAGCATA,CD8 T,CD8 Naive,CD4+ T cells,CD4 T cell (subtype unclear),0.0,hao_stateful_gemini_run05
E2L3_TGCATCCTCGTCAAAC,DC,cDC2,CD14+ Monocytes,CD14 Mono,0.0,hao_stateful_gemini_run05
E2L1_CCTACGTTCCATTTGT,B,B intermediate,B cells,B cell (subtype unclear),0.5,hao_stateful_gemini_run05
L2_ATCATTCCACGGTGAA,other T,MAIT,CD8+ T cells,CD8 T cell (subtype unclear),0.0,hao_stateful_gemini_run05
L2_ATTTCACGTCACCGAC,NK,NK_CD56bright,NK cells,NK,0.5,hao_stateful_gemini_run05
E2L4_CATAAGCCAACACTAC,DC,ASDC,CD14+ Monocytes,CD14 Mono,0.0,hao_stateful_gemini_run05
E2L1_TTTACGTCAGAGGGTT,NK,NK_CD56bright,NK cells,NK,0.5,hao_stateful_gemini_run05
E2L1_GCTGAATAGGCATGGT,DC,ASDC,CD14+ Monocytes,CD14 Mono,0.0,hao_stateful_gemini_run05
E2L1_CCTAAGATCTAGACAC,CD4 T,CD4 CTL,CD8+ T cells,CD8 T cell (subtype unclear),0.0,hao_stateful_gemini_run05
E2L1_CACTTCGCAAATAGCA,CD8 T,CD8 TEM,CD8+ T cells,CD8 T cell (subtype unclear),0.5,hao_stateful_gemini_run05
L5_GCTTTCGCATTGAGCT,CD8 T,CD8 Naive,CD4+ T cells,CD4 T cell (subtype unclear),0.0,hao_stateful_gemini_run05
E2L1_CACAACATCTCGTGAA,other,Platelet,Platelets,Platelet,1.0,hao_stateful_gemini_run05
L4_GGAGATGAGATGTTCC,other,Platelet,Platelets,Platelet,1.0,hao_stateful_gemini_run05
L2_CCCAACTTCTATGTGG,other T,MAIT,CD8+ T cells,CD8 T cell (subtype unclear),0.0,hao_stateful_gemini_run05
L5_AGGGAGTAGAAACTGT,CD8 T,CD8 Naive,CD4+ T cells,CD4 T cell (subtype unclear),0.0,hao_stateful_gemini_run05
E2L3_TCATACTGTTTACGAC,other T,gdT,CD8+ T cells,CD8 T cell (subtype unclear),0.0,hao_stateful_gemini_run05
L5_TGATTTCTCAACTTTC,other T,dnT,Memory/Effector T cells,T cell (CD4/CD8/other unclear),0.5,hao_stateful_gemini_run05
E2L6_TCTTGCGGTCCGGTCA,B,B naive,B cells,B cell (subtype unclear),0.5,hao_stateful_gemini_run05
E2L5_GGGTCTGCATCCGGTG,NK,NK_CD56bright,NK cells,NK,0.5,hao_stateful_gemini_run05
L2_TTTCCTCCAAGTGCAG,CD8 T,CD8 Naive,CD4+ T cells,CD4 T cell (subtype unclear),0.0,hao_stateful_gemini_run05
E2L3_CCTCATGAGCCTGGAA,other T,gdT,CD8+ T cells,CD8 T cell (subtype unclear),0.0,hao_stateful_gemini_run05
L3_TGCGGCATCCGATCGG,B,B naive,B cells,B cell (subtype unclear),0.5,hao_stateful_gemini_run05
E2L1_AGGTTGTGTTCGGTTA,other,ILC,CD4+ T cells,CD4 T cell (subtype unclear),0.0,hao_stateful_gemini_run05
L2_TATCCTAAGACAAGCC,B,Plasmablast,Plasma cells,Plasmablast,1.0,hao_stateful_gemini_run05
L4_TCCACCAGTGACCGTC,CD4 T,CD4 TCM,CD4+ T cells,CD4 T cell (subtype unclear),0.5,hao_stateful_gemini_run05
E2L2_TTCAGGATCACTGATG,B,B memory,B cells,B cell (subtype unclear),0.5,hao_stateful_gemini_run05
E2L6_GCCAGCAAGTAACCTC,B,B memory,B cells,B cell (subtype unclear),0.5,hao_stateful_gemini_run05
L1_CGGAACCTCCGTGGGT,B,Plasmablast,Plasma cells,Plasmablast,1.0,hao_stateful_gemini_run05
L4_TTTGGAGAGTTGCCTA,other T,MAIT,CD8+ T cells,CD8 T cell (subtype unclear),0.0,hao_stateful_gemini_run05
E2L4_GTCTTTAAGACCAAGC,other T,gdT,CD8+ T cells,CD8 T cell (subtype unclear),0.0,hao_stateful_gemini_run05
L5_TATCTTGAGAGTTCGG,DC,pDC,Plasmacytoid Dendritic cells,pDC,1.0,hao_stateful_gemini_run05
E2L4_GTCATCCAGTTTCTTC,B,B memory,B cells,B cell (subtype unclear),0.5,hao_stateful_gemini_run05
E2L5_AGAAGCGTCATTTGCT,NK,NK_CD56bright,NK cells,NK,0.5,hao_stateful_gemini_run05
L4_TTAGTCTAGACATGCG,CD4 T,Treg,CD4+ T cells,CD4 T cell (subtype unclear),0.5,hao_stateful_gemini_run05
L5_TCACTATCAGTGCCTG,CD8 T,CD8 TCM,CD8+ T cells,CD8 T cell (subtype unclear),0.5,hao_stateful_gemini_run05
L5_TGCAGATTCACTTCTA,CD4 T,Treg,CD4+ T cells,CD4 T cell (subtype unclear),0.5,hao_stateful_gemini_run05
E2L5_TGCAGTAAGGGCTAAC,other T,gdT,CD8+ T cells,CD8 T cell (subtype unclear),0.0,hao_stateful_gemini_run05
L5_CGTAGTAAGTAGGCCA,CD4 T,CD4 Naive,CD4+ T cells,CD4 T cell (subtype unclear),0.5,hao_stateful_gemini_run05
E2L8_TTGGATGCAACCGATT,Mono,CD16 Mono,CD16+ Monocytes,CD16 Mono,1.0,hao_stateful_gemini_run05
E2L6_TTCCAATAGCAGCACA,Mono,CD14 Mono,CD14+ Monocytes,CD14 Mono,1.0,hao_stateful_gemini_run05
L3_TTCGGTCTCTCGCGTT,NK,NK Proliferating,Proliferating cells,Proliferating lymphocyte (lineage unclear),0.5,hao_stateful_gemini_run05
E2L5_GTTGCTCGTGACTGAG,other,Platelet,Platelets,Platelet,1.0,hao_stateful_gemini_run05
E2L2_GCATGATAGGTGCATG,CD4 T,CD4 CTL,CD8+ T cells,CD8 T cell (subtype unclear),0.0,hao_stateful_gemini_run05
L5_CATGCGGTCATCTCTA,B,B naive,B cells,B cell (subtype unclear),0.5,hao_stateful_gemini_run05
L1_TTACTGTCATCCGGCA,B,B intermediate,B cells,B cell (subtype unclear),0.5,hao_stateful_gemini_run05
L4_AAGGTAACAGCTATTG,CD4 T,CD4 CTL,CD8+ T cells,CD8 T cell (subtype unclear),0.0,hao_stateful_gemini_run05
E2L8_AGTAGTCCACTCAGAT,DC,cDC2,CD14+ Monocytes,CD14 Mono,0.0,hao_stateful_gemini_run05
E2L4_AAGCATCAGTAGCATA,NK,NK,CD8+ T cells,CD8 T cell (subtype unclear),0.0,hao_stateful_gemini_run05
L5_CTGATCCGTAGTTAGA,CD4 T,CD4 TCM,CD4+ T cells,CD4 T cell (subtype unclear),0.5,hao_stateful_gemini_run05
E2L7_TGAATCGCACTGGCCA,CD8 T,CD8 TEM,CD8+ T cells,CD8 T cell (subtype unclear),0.5,hao_stateful_gemini_run05
E2L4_CAATGACGTAATGATG,DC,cDC2,CD14+ Monocytes,CD14 Mono,0.0,hao_stateful_gemini_run05
E2L6_TCCGAAAAGACCTTTG,CD4 T,CD4 Naive,CD4+ T cells,CD4 T cell (subtype unclear),0.5,hao_stateful_gemini_run05
E2L8_CTTAGGAGTTAAACCC,Mono,CD16 Mono,CD16+ Monocytes,CD16 Mono,1.0,hao_stateful_gemini_run05
L4_TGATCTTCAACGATTC,other,HSPC,HSPC,HSPC,1.0,hao_stateful_gemini_run05
E2L8_TCAGTTTTCGTGGGTC,other,Eryth,Erythrocytes,Eryth,1.0,hao_stateful_gemini_run05
E2L5_TCGCAGGCAGCATCTA,CD8 T,CD8 TEM,CD8+ T cells,CD8 T cell (subtype unclear),0.5,hao_stateful_gemini_run05
L5_GCACATACAGAAATTG,CD8 T,CD8 TCM,CD4+ T cells,CD4 T cell (subtype unclear),0.0,hao_stateful_gemini_run05
E2L7_CCAATTTTCCGATGTA,NK,NK,CD8+ T cells,CD8 T cell (subtype unclear),0.0,hao_stateful_gemini_run05
E2L5_GGTAACTGTTAAGCAA,CD4 T,CD4 TEM,CD4+ T cells,CD4 T cell (subtype unclear),0.5,hao_stateful_gemini_run05
E2L8_CTAGGTACAGGACGAT,other T,gdT,CD8+ T cells,CD8 T cell (subtype unclear),0.0,hao_stateful_gemini_run05
L4_CAACAACCAGGACATG,other T,dnT,Memory/Effector T cells,T cell (CD4/CD8/other unclear),0.5,hao_stateful_gemini_run05
E2L8_GTGCGTGGTACGAGTG,B,B memory,B cells,B cell (subtype unclear),0.5,hao_stateful_gemini_run05
L5_AACCCAACAGGATTCT,other T,gdT,CD8+ T cells,CD8 T cell (subtype unclear),0.0,hao_stateful_gemini_run05
L2_ATCGATGAGATGCAGC,other,Platelet,CD4+ T cells,CD4 T cell (subtype unclear),0.0,hao_stateful_gemini_run05
L4_CTACAGACAACGGGTA,DC,cDC2,CD14+ Monocytes,CD14 Mono,0.0,hao_stateful_gemini_run05
L1_TGTCCTGCAACTGCCG,other,Eryth,Erythrocytes,Eryth,1.0,hao_stateful_gemini_run05
L5_GCCATTCTCACGTCCT,other T,dnT,Memory/Effector T cells,T cell (CD4/CD8/other unclear),0.5,hao_stateful_gemini_run05
E2L1_ACGTTCCAGACATCAA,Mono,CD16 Mono,CD16+ Monocytes,CD16 Mono,1.0,hao_stateful_gemini_run05
L2_CACGTGGGTGGTGATG,CD4 T,CD4 Naive,CD4+ T cells,CD4 T cell (subtype unclear),0.5,hao_stateful_gemini_run05
E2L4_AGAAGTAAGTCGAAAT,Mono,CD16 Mono,CD16+ Monocytes,CD16 Mono,1.0,hao_stateful_gemini_run05
L3_CGGGTGTAGCCTAACT,CD4 T,CD4 TEM,CD4+ T cells,CD4 T cell (subtype unclear),0.5,hao_stateful_gemini_run05
E2L8_CTCCACATCAAGCCTA,B,B intermediate,B cells,B cell (subtype unclear),0.5,hao_stateful_gemini_run05
E2L2_CATGGTAAGGATTTAG,other,Platelet,Platelets,Platelet,1.0,hao_stateful_gemini_run05
E2L1_CGAGTGCGTGGCCTCA,NK,NK Proliferating,Proliferating cells,Proliferating lymphocyte (lineage unclear),0.5,hao_stateful_gemini_run05
E2L1_CTATCCGCAGAACATA,DC,ASDC,CD14+ Monocytes,CD14 Mono,0.0,hao_stateful_gemini_run05
L4_GTTAGTGGTACGTGTT,B,Plasmablast,Plasma cells,Plasmablast,1.0,hao_stateful_gemini_run05
L3_CGTAATGAGCTTGTTG,CD4 T,Treg,CD4+ T cells,CD4 T cell (subtype unclear),0.5,hao_stateful_gemini_run05
E2L3_GTTCCGTTCTCACGAA,B,Plasmablast,Plasma cells,Plasmablast,1.0,hao_stateful_gemini_run05
E2L3_CCCGAAGCAGTCTCTC,DC,pDC,Plasmacytoid Dendritic cells,pDC,1.0,hao_stateful_gemini_run05
L3_CTATCTAAGACGTCGA,CD8 T,CD8 TEM,CD4+ T cells,CD4 T cell (subtype unclear),0.0,hao_stateful_gemini_run05
E2L5_GGGTCTGAGATCCTAC,NK,NK,CD8+ T cells,CD8 T cell (subtype unclear),0.0,hao_stateful_gemini_run05
E2L2_AGGGCCTAGCGTATAA,CD4 T,CD4 TCM,CD4+ T cells,CD4 T cell (subtype unclear),0.5,hao_stateful_gemini_run05
E2L2_AGCGCTGGTGGTAATA,DC,pDC,Plasmacytoid Dendritic cells,pDC,1.0,hao_stateful_gemini_run05
E2L5_TTCCGTGCAGCACAGA,B,Plasmablast,Plasma cells,Plasmablast,1.0,hao_stateful_gemini_run05
E2L7_TCTGCCAGTTTGACAC,other T,MAIT,CD8+ T cells,CD8 T cell (subtype unclear),0.0,hao_stateful_gemini_run05
E2L3_CCCTTAGTCCAAGCAT,DC,pDC,Plasmacytoid Dendritic cells,pDC,1.0,hao_stateful_gemini_run05
L3_CAGAGCCGTTCTTGTT,other,HSPC,HSPC,HSPC,1.0,hao_stateful_gemini_run05
E2L2_GCCAGGTAGCTAGTTC,Mono,CD14 Mono,CD16+ Monocytes,CD16 Mono,0.5,hao_stateful_gemini_run05
L5_GGGACAAGTGGCACTC,CD4 T,CD4 TEM,CD4+ T cells,CD4 T cell (subtype unclear),0.5,hao_stateful_gemini_run05
L3_ATGCCTCGTGGATGAC,NK,NK,CD8+ T cells,CD8 T cell (subtype unclear),0.0,hao_stateful_gemini_run05
L5_TCCACGTAGAAATCCA,Mono,CD16 Mono,CD16+ Monocytes,CD16 Mono,1.0,hao_stateful_gemini_run05
L4_GTAACCAAGAGATGCC,CD4 T,CD4 TCM,CD4+ T cells,CD4 T cell (subtype unclear),0.5,hao_stateful_gemini_run05
E2L7_TATTGGGTCATTCTTG,DC,cDC1,Conventional Dendritic cells,Dendritic cell (subtype unclear),0.5,hao_stateful_gemini_run05
E2L6_TGACGCGGTGAGTAAT,NK,NK Proliferating,Proliferating cells,Proliferating lymphocyte (lineage unclear),0.5,hao_stateful_gemini_run05
L2_CATGGTATCTTTGCGC,B,B intermediate,B cells,B cell (subtype unclear),0.5,hao_stateful_gemini_run05
L1_ACATCCCAGGTAGTAT,other T,MAIT,CD8+ T cells,CD8 T cell (subtype unclear),0.0,hao_stateful_gemini_run05
E2L1_GTGTTAGCAGACACCC,NK,NK_CD56bright,NK cells,NK,0.5,hao_stateful_gemini_run05
L3_TATTGCTCAATCGTCA,B,B naive,B cells,B cell (subtype unclear),0.5,hao_stateful_gemini_run05
L2_CAACAGTGTTAAGGAT,CD8 T,CD8 TCM,CD4+ T cells,CD4 T cell (subtype unclear),0.0,hao_stateful_gemini_run05
E2L5_GAGTTTGCATAATCGC,B,B intermediate,B cells,B cell (subtype unclear),0.5,hao_stateful_gemini_run05
E2L1_CTCCTCCTCCGCGAGT,CD4 T,CD4 TCM,CD4+ T cells,CD4 T cell (subtype unclear),0.5,hao_stateful_gemini_run05
E2L6_CAAGCTATCGTTTACT,CD8 T,CD8 TEM,CD8+ T cells,CD8 T cell (subtype unclear),0.5,hao_stateful_gemini_run05
L1_TTCTAACTCGTAGGAG,NK,NK_CD56bright,NK cells,NK,0.5,hao_stateful_gemini_run05
L1_TAGGTACGTCGGCACT,CD4 T,Treg,CD4+ T cells,CD4 T cell (subtype unclear),0.5,hao_stateful_gemini_run05
E2L1_TCAGTTTCAACGGTAG,CD4 T,CD4 TCM,CD4+ T cells,CD4 T cell (subtype unclear),0.5,hao_stateful_gemini_run05
E2L2_TACCGAAAGCCGGATA,NK,NK Proliferating,Proliferating cells,Proliferating lymphocyte (lineage unclear),0.5,hao_stateful_gemini_run05
L4_AACGGGATCGACGAGA,CD4 T,CD4 TEM,CD8+ T cells,CD8 T cell (subtype unclear),0.0,hao_stateful_gemini_run05
L1_GCACTAACACTGTCGG,CD4 T,CD4 CTL,CD8+ T cells,CD8 T cell (subtype unclear),0.0,hao_stateful_gemini_run05
E2L4_GTTACGACACAAGTGG,B,B intermediate,B cells,B cell (subtype unclear),0.5,hao_stateful_gemini_run05
L3_TGGAACTAGAATAGTC,Mono,CD14 Mono,CD16+ Monocytes,CD16 Mono,0.5,hao_stateful_gemini_run05
L3_CAACCTCGTGAATTGA,CD4 T,CD4 Naive,CD4+ T cells,CD4 T cell (subtype unclear),0.5,hao_stateful_gemini_run05
E2L4_TTCACCGAGGCTCCCA,CD8 T,CD8 TCM,CD4+ T cells,CD4 T cell (subtype unclear),0.0,hao_stateful_gemini_run05
L4_TGCTGAACAAGGTACG,CD8 T,CD8 Naive,CD4+ T cells,CD4 T cell (subtype unclear),0.0,hao_stateful_gemini_run05
L2_GACGCTGGTCACTCAA,NK,NK,CD8+ T cells,CD8 T cell (subtype unclear),0.0,hao_stateful_gemini_run05
L5_TTTGTTGTCTCCGTGT,CD4 T,CD4 TCM,CD4+ T cells,CD4 T cell (subtype unclear),0.5,hao_stateful_gemini_run05
L1_AAGATAGAGCAGATAT,CD4 T,Treg,CD4+ T cells,CD4 T cell (subtype unclear),0.5,hao_stateful_gemini_run05
L4_TTAGTCTTCAGAGTGG,other,HSPC,HSPC,HSPC,1.0,hao_stateful_gemini_run05
E2L7_AACAACCGTTCATCGA,CD4 T,CD4 CTL,CD8+ T cells,CD8 T cell (subtype unclear),0.0,hao_stateful_gemini_run05
L2_TCGCTCAAGCTAAACA,DC,cDC1,Conventional Dendritic cells,Dendritic cell (subtype unclear),0.5,hao_stateful_gemini_run05
E2L4_GATTCGACACGGTGAA,B,Plasmablast,Plasma cells,Plasmablast,1.0,hao_stateful_gemini_run05
L3_TATACCTAGAACTTCC,CD8 T,CD8 TCM,CD4+ T cells,CD4 T cell (subtype unclear),0.0,hao_stateful_gemini_run05
E2L7_GCAGCTGCAAGAATAC,CD4 T,CD4 CTL,CD8+ T cells,CD8 T cell (subtype unclear),0.0,hao_stateful_gemini_run05
E2L4_TTTGATCTCACGAGGA,CD4 T,CD4 TEM,CD4+ T cells,CD4 T cell (subtype unclear),0.5,hao_stateful_gemini_run05
E2L6_TCGCTCAAGGTTCAGG,B,B memory,B cells,B cell (subtype unclear),0.5,hao_stateful_gemini_run05
L5_CTGGACGCAGTAACGG,other T,MAIT,CD8+ T cells,CD8 T cell (subtype unclear),0.0,hao_stateful_gemini_run05
L5_ATTCAGGGTGGAAGTC,CD4 T,CD4 Naive,CD4+ T cells,CD4 T cell (subtype unclear),0.5,hao_stateful_gemini_run05
E2L5_GAGAAATCAACCGCTG,NK,NK Proliferating,Proliferating cells,Proliferating lymphocyte (lineage unclear),0.5,hao_stateful_gemini_run05
E2L1_TGTGGCGTCCTCGATC,B,B memory,B cells,B cell (subtype unclear),0.5,hao_stateful_gemini_run05
E2L7_GACCTTCTCGCAAGAG,other,Platelet,Platelets,Platelet,1.0,hao_stateful_gemini_run05
L2_TCTTCCTGTGGACCAA,CD4 T,CD4 CTL,CD8+ T cells,CD8 T cell (subtype unclear),0.0,hao_stateful_gemini_run05
L2_GAGTCATGTCGCATGC,other T,dnT,Memory/Effector T cells,T cell (CD4/CD8/other unclear),0.5,hao_stateful_gemini_run05
L5_GCCCGAAGTGGTTCTA,other,HSPC,HSPC,HSPC,1.0,hao_stateful_gemini_run05
E2L3_AGGCATTGTGAACGGT,NK,NK_CD56bright,NK cells,NK,0.5,hao_stateful_gemini_run05
L3_CAGCGTGCACTGTCCT,CD4 T,CD4 TCM,CD4+ T cells,CD4 T cell (subtype unclear),0.5,hao_stateful_gemini_run05
E2L2_GAGTTACCATTAGGAA,CD4 T,CD4 CTL,CD8+ T cells,CD8 T cell (subtype unclear),0.0,hao_stateful_gemini_run05
L2_AGTGCCGTCCGAGCTG,other,HSPC,HSPC,HSPC,1.0,hao_stateful_gemini_run05
E2L3_GGATGTTTCGTAGAGG,other,ILC,NK cells,NK,0.0,hao_stateful_gemini_run05
E2L4_TATCTGTAGAGCCGTA,CD4 T,CD4 TEM,CD4+ T cells,CD4 T cell (subtype unclear),0.5,hao_stateful_gemini_run05
L1_AGCCAATTCGCGTCGA,B,Plasmablast,Plasma cells,Plasmablast,1.0,hao_stateful_gemini_run05
E2L7_AGTGCCGGTATAATGG,B,B naive,B cells,B cell (subtype unclear),0.5,hao_stateful_gemini_run05
E2L4_CTCCTTTCAGTGGTGA,CD4 T,CD4 Naive,CD4+ T cells,CD4 T cell (subtype unclear),0.5,hao_stateful_gemini_run05
E2L4_GAAGAATCAGGTGTTT,other T,MAIT,CD8+ T cells,CD8 T cell (subtype unclear),0.0,hao_stateful_gemini_run05
L5_ACGGTTACACTGTGTA,CD4 T,CD4 TCM,CD4+ T cells,CD4 T cell (subtype unclear),0.5,hao_stateful_gemini_run05
E2L8_TCTATACCATTAAAGG,DC,pDC,Plasmacytoid Dendritic cells,pDC,1.0,hao_stateful_gemini_run05
E2L5_TACTTGTTCTCATAGG,CD8 T,CD8 TCM,CD4+ T cells,CD4 T cell (subtype unclear),0.0,hao_stateful_gemini_run05
E2L6_GTCGAATTCGTAGAGG,DC,cDC2,CD14+ Monocytes,CD14 Mono,0.0,hao_stateful_gemini_run05
E2L7_CGTAATGTCGATCCCT,DC,pDC,Plasmacytoid Dendritic cells,pDC,1.0,hao_stateful_gemini_run05
E2L8_GGGAGATCAGTACTAC,other,Platelet,Platelets,Platelet,1.0,hao_stateful_gemini_run05
E2L1_CAGTTCCGTTATTCCT,B,Plasmablast,Plasma cells,Plasmablast,1.0,hao_stateful_gemini_run05
L4_AACGAAACAGCCCACA,other,Platelet,Platelets,Platelet,1.0,hao_stateful_gemini_run05
E2L3_AACACACCAGAGGCTA,Mono,CD16 Mono,CD16+ Monocytes,CD16 Mono,1.0,hao_stateful_gemini_run05
E2L5_AACCTTTGTCACAGTT,CD4 T,Treg,CD4+ T cells,CD4 T cell (subtype unclear),0.5,hao_stateful_gemini_run05
L4_CTCATCGCAAAGCACG,B,B naive,B cells,B cell (subtype unclear),0.5,hao_stateful_gemini_run05
E2L5_GAAGTAAGTTCTTGTT,other,HSPC,HSPC,HSPC,1.0,hao_stateful_gemini_run05
E2L7_TACTTACGTAGGCTGA,CD4 T,CD4 Naive,CD4+ T cells,CD4 T cell (subtype unclear),0.5,hao_stateful_gemini_run05
E2L4_CTGCTCATCGTGCAGC,DC,pDC,Plasmacytoid Dendritic cells,pDC,1.0,hao_stateful_gemini_run05
L5_TCTCTGGTCCTTATAC,CD4 T,CD4 TEM,CD4+ T cells,CD4 T cell (subtype unclear),0.5,hao_stateful_gemini_run05
L2_CGGAATTAGGAGATAG,NK,NK_CD56bright,NK cells,NK,0.5,hao_stateful_gemini_run05
L4_CCACGTTGTAGGATAT,CD4 T,Treg,CD4+ T cells,CD4 T cell (subtype unclear),0.5,hao_stateful_gemini_run05
E2L2_ATGAGGGAGCCATCCG,CD8 T,CD8 TEM,CD8+ T cells,CD8 T cell (subtype unclear),0.5,hao_stateful_gemini_run05
E2L2_GTCATTTAGACTACGG,other T,gdT,CD8+ T cells,CD8 T cell (subtype unclear),0.0,hao_stateful_gemini_run05
E2L7_CCACGAGCACCATTCC,B,B naive,B cells,B cell (subtype unclear),0.5,hao_stateful_gemini_run05
E2L5_GGAGGTACATTGGCAT,NK,NK Proliferating,Proliferating cells,Proliferating lymphocyte (lineage unclear),0.5,hao_stateful_gemini_run05
L3_GGAACCCCATGACCCG,other T,MAIT,CD8+ T cells,CD8 T cell (subtype unclear),0.0,hao_stateful_gemini_run05
L4_TCAGTTTGTAGCTTGT,NK,NK Proliferating,Proliferating cells,Proliferating lymphocyte (lineage unclear),0.5,hao_stateful_gemini_run05
L3_ATGCGATCAGCTGAAG,other,HSPC,HSPC,HSPC,1.0,hao_stateful_gemini_run05
L5_AGTGCCGTCGGAGTGA,other T,MAIT,CD8+ T cells,CD8 T cell (subtype unclear),0.0,hao_stateful_gemini_run05
L4_AACAAGATCTAGACAC,CD4 T,CD4 CTL,CD8+ T cells,CD8 T cell (subtype unclear),0.0,hao_stateful_gemini_run05
L5_CTCCTTTCACGAGGAT,NK,NK Proliferating,Proliferating cells,Proliferating lymphocyte (lineage unclear),0.5,hao_stateful_gemini_run05
E2L4_AGCGTATTCAGTGTCA,DC,pDC,Plasmacytoid Dendritic cells,pDC,1.0,hao_stateful_gemini_run05
E2L2_AGGGAGTTCGACCAAT,CD4 T,CD4 Naive,CD4+ T cells,CD4 T cell (subtype unclear),0.5,hao_stateful_gemini_run05
E2L6_TATCGCCGTCGGATTT,other T,gdT,CD8+ T cells,CD8 T cell (subtype unclear),0.0,hao_stateful_gemini_run05
L4_TGGTGATCAATTTCGG,Mono,CD16 Mono,CD16+ Monocytes,CD16 Mono,1.0,hao_stateful_gemini_run05
L1_AATAGAGCATGGGTTT,B,Plasmablast,Plasma cells,Plasmablast,1.0,hao_stateful_gemini_run05
L1_ACCCTTGGTACCGGCT,CD4 T,CD4 TCM,CD4+ T cells,CD4 T cell (subtype unclear),0.5,hao_stateful_gemini_run05
E2L1_ATGTCCCTCCCTCGAT,DC,cDC2,CD14+ Monocytes,CD14 Mono,0.0,hao_stateful_gemini_run05
L1_TAGACCAGTTGCGGCT,other,Platelet,Platelets,Platelet,1.0,hao_stateful_gemini_run05
L5_GCTCAAAGTTCGATTG,other,HSPC,HSPC,HSPC,1.0,hao_stateful_gemini_run05
L5_GTTACAGTCTATTTCG,B,Plasmablast,Plasma cells,Plasmablast,1.0,hao_stateful_gemini_run05
E2L8_TGCTCGTCAACGATTC,B,B naive,B cells,B cell (subtype unclear),0.5,hao_stateful_gemini_run05
E2L4_ACATTTCCAGCACAGA,Mono,CD16 Mono,CD16+ Monocytes,CD16 Mono,1.0,hao_stateful_gemini_run05
L4_TTTCGATTCAGAGCAG,CD4 T,Treg,CD4+ T cells,CD4 T cell (subtype unclear),0.5,hao_stateful_gemini_run05
E2L1_AGCTACAGTCAGGCAA,CD8 T,CD8 TCM,CD4+ T cells,CD4 T cell (subtype unclear),0.0,hao_stateful_gemini_run05
E2L5_CTTTCAAGTCCCTGTT,other T,MAIT,CD8+ T cells,CD8 T cell (subtype unclear),0.0,hao_stateful_gemini_run05
E2L7_CTCCATGGTCAGCGTC,other,Platelet,Platelets,Platelet,1.0,hao_stateful_gemini_run05
L5_GAATCACCAAGATCCT,CD8 T,CD8 TEM,CD4+ T cells,CD4 T cell (subtype unclear),0.0,hao_stateful_gemini_run05
L5_CTCCACAGTCCACAGC,CD4 T,CD4 Naive,CD4+ T cells,CD4 T cell (subtype unclear),0.5,hao_stateful_gemini_run05
E2L7_TGCCGAGCATTGCCGG,CD8 T,CD8 Naive,CD4+ T cells,CD4 T cell (subtype unclear),0.0,hao_stateful_gemini_run05
E2L2_TCGAACAGTAGAGCTG,CD8 T,CD8 TCM,CD4+ T cells,CD4 T cell (subtype unclear),0.0,hao_stateful_gemini_run05
L2_ATGGAGGAGAGCAACC,B,Plasmablast,Plasma cells,Plasmablast,1.0,hao_stateful_gemini_run05
E2L6_GGGTAGATCTGGCCAG,other T,MAIT,CD8+ T cells,CD8 T cell (subtype unclear),0.0,hao_stateful_gemini_run05
E2L3_TCGCACTCATCTCCCA,Mono,CD16 Mono,CD16+ Monocytes,CD16 Mono,1.0,hao_stateful_gemini_run05
E2L5_CGTGTCTCACGCCACA,other T,gdT,CD8+ T cells,CD8 T cell (subtype unclear),0.0,hao_stateful_gemini_run05
L2_AATGCCAAGCCTGTCG,CD4 T,CD4 CTL,CD8+ T cells,CD8 T cell (subtype unclear),0.0,hao_stateful_gemini_run05
E2L5_GAGGCAACATGTTTGG,other T,gdT,CD4+ T cells,CD4 T cell (subtype unclear),0.0,hao_stateful_gemini_run05
E2L6_GTACAGTCACGACGCT,CD8 T,CD8 TEM,CD4+ T cells,CD4 T cell (subtype unclear),0.0,hao_stateful_gemini_run05
L1_ATTCTTGAGTTGCTCA,CD8 T,CD8 TCM,CD4+ T cells,CD4 T cell (subtype unclear),0.0,hao_stateful_gemini_run05
E2L5_CTCCAACCAGGCATTT,CD8 T,CD8 TEM,CD4+ T cells,CD4 T cell (subtype unclear),0.0,hao_stateful_gemini_run05
E2L3_GTGTTCCAGTTGTAAG,DC,pDC,Plasmacytoid Dendritic cells,pDC,1.0,hao_stateful_gemini_run05
E2L7_CCAATGACACCTCGTT,Mono,CD16 Mono,CD16+ Monocytes,CD16 Mono,1.0,hao_stateful_gemini_run05
L5_CCGTAGGCACAAAGCG,other T,gdT,CD8+ T cells,CD8 T cell (subtype unclear),0.0,hao_stateful_gemini_run05
E2L6_AATTCCTTCGACTCCT,DC,cDC1,Conventional Dendritic cells,Dendritic cell (subtype unclear),0.5,hao_stateful_gemini_run05
L3_CTAAGTGAGCCATTGT,other,ILC,NK cells,NK,0.0,hao_stateful_gemini_run05
E2L2_CTTAGGAGTTAGGGAC,other T,gdT,CD4+ T cells,CD4 T cell (subtype unclear),0.0,hao_stateful_gemini_run05
E2L4_CTACGGGCACAACGTT,CD8 T,CD8 Naive,CD4+ T cells,CD4 T cell (subtype unclear),0.0,hao_stateful_gemini_run05
E2L7_CATTGTTTCCACTTTA,NK,NK Proliferating,Proliferating cells,Proliferating lymphocyte (lineage unclear),0.5,hao_stateful_gemini_run05
L3_TATACCTTCAAGTCTG,Mono,CD14 Mono,CD16+ Monocytes,CD16 Mono,0.5,hao_stateful_gemini_run05
E2L6_ATCGTCCAGTGGTGGT,B,B intermediate,B cells,B cell (subtype unclear),0.5,hao_stateful_gemini_run05
L3_CACTTCGAGGTAGTCG,CD4 T,CD4 TCM,CD4+ T cells,CD4 T cell (subtype unclear),0.5,hao_stateful_gemini_run05
L5_AAAGTGATCTTCGACC,other,HSPC,HSPC,HSPC,1.0,hao_stateful_gemini_run05
L4_ACAACCAAGGTCCTGC,DC,cDC2,CD14+ Monocytes,CD14 Mono,0.0,hao_stateful_gemini_run05
L1_AACAAAGGTTCGGCGT,NK,NK Proliferating,Proliferating cells,Proliferating lymphocyte (lineage unclear),0.5,hao_stateful_gemini_run05
E2L5_TCGATTTCACATCATG,other T,dnT,Memory/Effector T cells,T cell (CD4/CD8/other unclear),0.5,hao_stateful_gemini_run05
E2L8_TTGCATTCAGTAACAA,other T,gdT,CD4+ T cells,CD4 T cell (subtype unclear),0.0,hao_stateful_gemini_run05
E2L1_GTTAGTGAGGACTAAT,CD4 T,CD4 CTL,CD8+ T cells,CD8 T cell (subtype unclear),0.0,hao_stateful_gemini_run05
L2_AACCAACAGATGACCG,CD4 T,CD4 TEM,CD4+ T cells,CD4 T cell (subtype unclear),0.5,hao_stateful_gemini_run05
L3_CCTATCGTCTACTCAT,CD8 T,CD8 TCM,CD4+ T cells,CD4 T cell (subtype unclear),0.0,hao_stateful_gemini_run05
E2L7_AACCATGGTTGTGTTG,DC,cDC1,Conventional Dendritic cells,Dendritic cell (subtype unclear),0.5,hao_stateful_gemini_run05
E2L5_CGAGTGCCAGGCCTGT,CD4 T,CD4 CTL,CD8+ T cells,CD8 T cell (subtype unclear),0.0,hao_stateful_gemini_run05
L3_GACCAATCATATACCG,CD4 T,CD4 CTL,CD8+ T cells,CD8 T cell (subtype unclear),0.0,hao_stateful_gemini_run05
L3_CGCGTGAGTGTTGAGG,CD4 T,CD4 Naive,CD4+ T cells,CD4 T cell (subtype unclear),0.5,hao_stateful_gemini_run05
E2L7_CTACATTAGACGTCGA,Mono,CD16 Mono,CD16+ Monocytes,CD16 Mono,1.0,hao_stateful_gemini_run05
L4_CTGAGCGCACCACTGG,CD4 T,CD4 TCM,CD4+ T cells,CD4 T cell (subtype unclear),0.5,hao_stateful_gemini_run05
E2L7_TCATGGATCAAATGCC,B,B naive,B cells,B cell (subtype unclear),0.5,hao_stateful_gemini_run05
E2L4_ATCCGTCCATCCTAAG,DC,pDC,Plasmacytoid Dendritic cells,pDC,1.0,hao_stateful_gemini_run05
E2L7_ACTTAGGAGGAACTAT,CD8 T,CD8 TCM,CD4+ T cells,CD4 T cell (subtype unclear),0.0,hao_stateful_gemini_run05
E2L7_GTAGCTAGTACTGGGA,B,B memory,B cells,B cell (subtype unclear),0.5,hao_stateful_gemini_run05
E2L4_TTCATTGGTCACGTGC,B,B intermediate,B cells,B cell (subtype unclear),0.5,hao_stateful_gemini_run05
L1_AGAACCTAGACAGCGT,NK,NK,CD8+ T cells,CD8 T cell (subtype unclear),0.0,hao_stateful_gemini_run05
L2_ACTCCCAAGCCACCGT,CD8 T,CD8 Proliferating,Proliferating cells,Proliferating lymphocyte (lineage unclear),0.5,hao_stateful_gemini_run05
L2_GTCTAGAGTCGAAGCA,NK,NK Proliferating,Proliferating cells,Proliferating lymphocyte (lineage unclear),0.5,hao_stateful_gemini_run05
E2L6_TCATTACTCGACGAGA,CD4 T,CD4 TCM,CD4+ T cells,CD4 T cell (subtype unclear),0.5,hao_stateful_gemini_run05
E2L6_CACACAAGTAGCGCTC,other,Platelet,Platelets,Platelet,1.0,hao_stateful_gemini_run05
L1_TCGGGACCAGGGTTGA,CD8 T,CD8 Naive,CD4+ T cells,CD4 T cell (subtype unclear),0.0,hao_stateful_gemini_run05
E2L4_GTCAGCGCAAGTATAG,CD4 T,CD4 TCM,CD4+ T cells,CD4 T cell (subtype unclear),0.5,hao_stateful_gemini_run05
L3_CCGGGTATCTTGCAAG,NK,NK Proliferating,Proliferating cells,Proliferating lymphocyte (lineage unclear),0.5,hao_stateful_gemini_run05
L4_TTAGTCTAGGTCACTT,NK,NK,NK cells,NK,1.0,hao_stateful_gemini_run05
E2L2_CTGGCAGGTTGCCTAA,CD4 T,CD4 TEM,CD4+ T cells,CD4 T cell (subtype unclear),0.5,hao_stateful_gemini_run05
L5_TCCTTCTCAGACAATA,CD4 T,CD4 TCM,CD4+ T cells,CD4 T cell (subtype unclear),0.5,hao_stateful_gemini_run05
L4_TGGAGAGGTCGCACGT,CD4 T,CD4 TCM,CD4+ T cells,CD4 T cell (subtype unclear),0.5,hao_stateful_gemini_run05
L2_TTGTGTTTCCCATGGG,CD4 T,CD4 TCM,CD4+ T cells,CD4 T cell (subtype unclear),0.5,hao_stateful_gemini_run05
L3_AGTCACAGTGTTCGTA,CD4 T,CD4 CTL,CD8+ T cells,CD8 T cell (subtype unclear),0.0,hao_stateful_gemini_run05
E2L6_CTCTCGAAGCTCCCTT,Mono,CD16 Mono,CD16+ Monocytes,CD16 Mono,1.0,hao_stateful_gemini_run05
E2L2_GGTCTGGTCTAGTTCT,CD4 T,Treg,CD4+ T cells,CD4 T cell (subtype unclear),0.5,hao_stateful_gemini_run05
E2L6_CATACCCCATCCTTGC,DC,cDC2,CD14+ Monocytes,CD14 Mono,0.0,hao_stateful_gemini_run05
E2L4_AGACCCGCAAACCATC,CD8 T,CD8 Naive,CD4+ T cells,CD4 T cell (subtype unclear),0.0,hao_stateful_gemini_run05
E2L3_CTCCCTCCAAGATTGA,other,ILC,NK cells,NK,0.0,hao_stateful_gemini_run05
E2L8_CTATAGGGTGAATATG,B,B intermediate,B cells,B cell (subtype unclear),0.5,hao_stateful_gemini_run05
E2L4_AACCTTTTCCGCAAAT,CD4 T,CD4 CTL,CD8+ T cells,CD8 T cell (subtype unclear),0.0,hao_stateful_gemini_run05
L5_CACGTTCAGATGAAGG,other,HSPC,HSPC,HSPC,1.0,hao_stateful_gemini_run05
E2L2_ACATTTCCATGCAGGA,CD4 T,CD4 Naive,CD4+ T cells,CD4 T cell (subtype unclear),0.5,hao_stateful_gemini_run05
L4_AGTCAACCAGTTGAAA,CD4 T,CD4 TEM,CD4+ T cells,CD4 T cell (subtype unclear),0.5,hao_stateful_gemini_run05
E2L7_GCGTGCATCGACGAGA,CD8 T,CD8 TCM,CD4+ T cells,CD4 T cell (subtype unclear),0.0,hao_stateful_gemini_run05
L5_ATTCCCGGTATCAGCT,other T,MAIT,CD8+ T cells,CD8 T cell (subtype unclear),0.0,hao_stateful_gemini_run05
E2L5_GTCCTCAAGTAAAGCT,other,Platelet,Platelets,Platelet,1.0,hao_stateful_gemini_run05
E2L5_TTCTAACCAAAGAACT,other T,gdT,CD8+ T cells,CD8 T cell (subtype unclear),0.0,hao_stateful_gemini_run05
L5_TGATTTCAGTCTAACC,NK,NK Proliferating,Proliferating cells,Proliferating lymphocyte (lineage unclear),0.5,hao_stateful_gemini_run05
L5_GATCACAGTATCTCGA,CD8 T,CD8 TCM,CD4+ T cells,CD4 T cell (subtype unclear),0.0,hao_stateful_gemini_run05
L5_TCCTTCTTCCGTATAG,CD8 T,CD8 TEM,CD8+ T cells,CD8 T cell (subtype unclear),0.5,hao_stateful_gemini_run05
L1_GGTAGAGCACACCAGC,other,HSPC,HSPC,HSPC,1.0,hao_stateful_gemini_run05
L4_GATGATCAGCATGTTC,B,B memory,B cells,B cell (subtype unclear),0.5,hao_stateful_gemini_run05
E2L1_GATCACAAGGCTCTCG,CD4 T,CD4 CTL,CD8+ T cells,CD8 T cell (subtype unclear),0.0,hao_stateful_gemini_run05
L4_ACTTCCGAGGGAGTTC,other,HSPC,HSPC,HSPC,1.0,hao_stateful_gemini_run05
L4_TTGGATGTCGTGAGAG,DC,cDC1,Conventional Dendritic cells,Dendritic cell (subtype unclear),0.5,hao_stateful_gemini_run05
L5_CTGAGGCCATTGCCTC,B,B naive,B cells,B cell (subtype unclear),0.5,hao_stateful_gemini_run05
E2L5_CGGGTCAGTTTCTATC,B,Plasmablast,Plasma cells,Plasmablast,1.0,hao_stateful_gemini_run05
E2L7_CAATGACAGTGCGCTC,CD8 T,CD8 TCM,CD4+ T cells,CD4 T cell (subtype unclear),0.0,hao_stateful_gemini_run05
E2L8_TTGCCTGTCTAGGAAA,NK,NK_CD56bright,NK cells,NK,0.5,hao_stateful_gemini_run05
E2L1_ACATCCCGTTCTCTCG,other T,gdT,CD8+ T cells,CD8 T cell (subtype unclear),0.0,hao_stateful_gemini_run05
E2L6_GTGAGGATCACATTGG,NK,NK,Proliferating cells,Proliferating lymphocyte (lineage unclear),0.0,hao_stateful_gemini_run05
E2L8_GTGCAGCGTAGCTTTG,DC,cDC2,CD14+ Monocytes,CD14 Mono,0.0,hao_stateful_gemini_run05
E2L6_CTTGAGACATCATCCC,other,Platelet,Platelets,Platelet,1.0,hao_stateful_gemini_run05
E2L3_GGCGTCATCCCATACC,CD4 T,CD4 CTL,CD8+ T cells,CD8 T cell (subtype unclear),0.0,hao_stateful_gemini_run05
L5_CGAGTTACACCAGCCA,other T,dnT,CD4+ T cells,CD4 T cell (subtype unclear),0.0,hao_stateful_gemini_run05
E2L1_ACGTCCTTCTAGAACC,B,B memory,B cells,B cell (subtype unclear),0.5,hao_stateful_gemini_run05
L3_TCAGCCTGTGGATGAC,other T,MAIT,CD8+ T cells,CD8 T cell (subtype unclear),0.0,hao_stateful_gemini_run05
L4_ACACAGTGTTCGTACA,other T,MAIT,CD8+ T cells,CD8 T cell (subtype unclear),0.0,hao_stateful_gemini_run05
E2L8_AGCATCAAGGTCGTGA,DC,pDC,Plasmacytoid Dendritic cells,pDC,1.0,hao_stateful_gemini_run05
E2L3_TCACACCCAGGCTATT,NK,NK Proliferating,Proliferating cells,Proliferating lymphocyte (lineage unclear),0.5,hao_stateful_gemini_run05
E2L1_AGCGTATCAATGTGGG,other T,MAIT,CD8+ T cells,CD8 T cell (subtype unclear),0.0,hao_stateful_gemini_run05
E2L1_CCTATCGAGGTACATA,CD8 T,CD8 TCM,CD4+ T cells,CD4 T cell (subtype unclear),0.0,hao_stateful_gemini_run05
E2L5_TACGCTCCATTCTCCG,CD8 T,CD8 TCM,CD4+ T cells,CD4 T cell (subtype unclear),0.0,hao_stateful_gemini_run05
L4_TCACGCTAGCATTTCG,other T,MAIT,CD8+ T cells,CD8 T cell (subtype unclear),0.0,hao_stateful_gemini_run05
L1_GCAACCGCAAGACCGA,NK,NK_CD56bright,NK cells,NK,0.5,hao_stateful_gemini_run05
L1_TGGTTAGTCATGGGAG,DC,cDC2,CD14+ Monocytes,CD14 Mono,0.0,hao_stateful_gemini_run05
E2L7_CTGCTCAAGTCAGCCC,other,Platelet,Platelets,Platelet,1.0,hao_stateful_gemini_run05
E2L4_TTGGGCGCAGGACAGT,DC,pDC,Plasmacytoid Dendritic cells,pDC,1.0,hao_stateful_gemini_run05
E2L1_GGGAGATAGTTACTCG,CD4 T,CD4 TEM,CD4+ T cells,CD4 T cell (subtype unclear),0.5,hao_stateful_gemini_run05
L5_ATGTCTTCAGTCTACA,DC,pDC,Plasmacytoid Dendritic cells,pDC,1.0,hao_stateful_gemini_run05
L3_GGATCTATCTTCCAGC,CD4 T,Treg,CD4+ T cells,CD4 T cell (subtype unclear),0.5,hao_stateful_gemini_run05
L4_GGAAGTGTCGTCGGGT,CD4 T,Treg,CD4+ T cells,CD4 T cell (subtype unclear),0.5,hao_stateful_gemini_run05
L3_AATAGAGCAGCTGTCG,CD4 T,CD4 TEM,CD4+ T cells,CD4 T cell (subtype unclear),0.5,hao_stateful_gemini_run05
L3_GATGATCTCCACACCT,CD4 T,CD4 CTL,CD8+ T cells,CD8 T cell (subtype unclear),0.0,hao_stateful_gemini_run05
E2L7_TCACTATAGTGCGACA,DC,pDC,Plasmacytoid Dendritic cells,pDC,1.0,hao_stateful_gemini_run05
E2L2_CGTGAATTCGAGTGAG,other T,MAIT,CD8+ T cells,CD8 T cell (subtype unclear),0.0,hao_stateful_gemini_run05
L1_CATTGTTGTCTTCAAG,CD4 T,CD4 Naive,CD4+ T cells,CD4 T cell (subtype unclear),0.5,hao_stateful_gemini_run05
E2L8_TGACGCGCATTACGGT,B,B memory,B cells,B cell (subtype unclear),0.5,hao_stateful_gemini_run05
E2L6_TTTGGAGAGTTTGGCT,NK,NK,CD8+ T cells,CD8 T cell (subtype unclear),0.0,hao_stateful_gemini_run05
E2L4_TCACAAGTCGAATCCA,other T,gdT,CD8+ T cells,CD8 T cell (subtype unclear),0.0,hao_stateful_gemini_run05
L4_AGCGTATAGAACGCGT,DC,pDC,Plasmacytoid Dendritic cells,pDC,1.0,hao_stateful_gemini_run05
E2L5_TTGATGGCAGCAGACA,other,Platelet,Platelets,Platelet,1.0,hao_stateful_gemini_run05
L1_AAGTACCGTATTTCCT,CD4 T,CD4 TCM,CD4+ T cells,CD4 T cell (subtype unclear),0.5,hao_stateful_gemini_run05
L1_CGGTCAGGTGCAGGAT,CD4 T,CD4 Proliferating,Proliferating cells,Proliferating lymphocyte (lineage unclear),0.5,hao_stateful_gemini_run05
E2L7_CATCCGTCAAAGAGTT,other,Platelet,Platelets,Platelet,1.0,hao_stateful_gemini_run05
E2L2_GTTACCCAGACGACTG,CD4 T,Treg,CD4+ T cells,CD4 T cell (subtype unclear),0.5,hao_stateful_gemini_run05
L5_TCGAAGTCAGTGGCTC,CD4 T,Treg,CD4+ T cells,CD4 T cell (subtype unclear),0.5,hao_stateful_gemini_run05
L2_TACCCGTTCAGAGTTC,other T,dnT,Memory/Effector T cells,T cell (CD4/CD8/other unclear),0.5,hao_stateful_gemini_run05
L3_TATCTTGTCGATACAC,other T,dnT,CD4+ T cells,CD4 T cell (subtype unclear),0.0,hao_stateful_gemini_run05
L3_AGGGAGTTCGCCTATC,other,HSPC,HSPC,HSPC,1.0,hao_stateful_gemini_run05
L5_CGGACACCATATCTGG,other,HSPC,HSPC,HSPC,1.0,hao_stateful_gemini_run05
E2L4_TCGGTCTCATTGCAAC,CD8 T,CD8 TEM,CD8+ T cells,CD8 T cell (subtype unclear),0.5,hao_stateful_gemini_run05
L5_GAGTTGTAGCGTTCAT,B,Plasmablast,Plasma cells,Plasmablast,1.0,hao_stateful_gemini_run05
E2L3_CACCAAACACGGGCTT,CD4 T,CD4 TEM,CD4+ T cells,CD4 T cell (subtype unclear),0.5,hao_stateful_gemini_run05
L1_GACGCTGCACTCCGGA,CD4 T,CD4 Naive,CD4+ T cells,CD4 T cell (subtype unclear),0.5,hao_stateful_gemini_run05
L2_TGTAAGCCATGCCGCA,other,HSPC,HSPC,HSPC,1.0,hao_stateful_gemini_run05
E2L7_TCATGGACAGACCTGC,other,Platelet,Platelets,Platelet,1.0,hao_stateful_gemini_run05
L5_CGGAATTTCTGGGATT,CD4 T,CD4 CTL,CD8+ T cells,CD8 T cell (subtype unclear),0.0,hao_stateful_gemini_run05
E2L7_GTGCTGGGTACAGTCT,CD8 T,CD8 Naive,CD4+ T cells,CD4 T cell (subtype unclear),0.0,hao_stateful_gemini_run05
E2L3_TACAACGGTTGGGACA,DC,cDC2,CD14+ Monocytes,CD14 Mono,0.0,hao_stateful_gemini_run05
E2L6_AATGGAAAGGTAAGAG,B,B memory,B cells,B cell (subtype unclear),0.5,hao_stateful_gemini_run05
E2L3_GTTAGTGGTCGCCACA,B,B naive,B cells,B cell (subtype unclear),0.5,hao_stateful_gemini_run05
E2L5_AGCTTCCAGATAGTGT,DC,pDC,Plasmacytoid Dendritic cells,pDC,1.0,hao_stateful_gemini_run05
L2_CTGTGGGAGAGTCAAT,CD8 T,CD8 Naive,CD4+ T cells,CD4 T cell (subtype unclear),0.0,hao_stateful_gemini_run05
E2L6_TCATTCAGTCTCTCAC,CD4 T,CD4 Proliferating,Proliferating cells,Proliferating lymphocyte (lineage unclear),0.5,hao_stateful_gemini_run05
E2L2_TGGTGATAGTTTCAGC,CD8 T,CD8 Naive,CD4+ T cells,CD4 T cell (subtype unclear),0.0,hao_stateful_gemini_run05
E2L6_TGTAGACGTACAGAAT,B,B memory,B cells,B cell (subtype unclear),0.5,hao_stateful_gemini_run05
L2_CATCCGTAGAGTTGAT,CD4 T,CD4 Naive,CD4+ T cells,CD4 T cell (subtype unclear),0.5,hao_stateful_gemini_run05
E2L5_AGGATCTTCTACGGTA,other,ILC,NK cells,NK,0.0,hao_stateful_gemini_run05
E2L6_GATGACTGTGGACTGA,other,Platelet,Platelets,Platelet,1.0,hao_stateful_gemini_run05
E2L8_AGGGCCTAGACCTCCG,CD4 T,CD4 Proliferating,Proliferating cells,Proliferating lymphocyte (lineage unclear),0.5,hao_stateful_gemini_run05
L1_ACCCTTGCAATCGCAT,CD4 T,CD4 Proliferating,Proliferating cells,Proliferating lymphocyte (lineage unclear),0.5,hao_stateful_gemini_run05
E2L7_ACAGAAACAAAGCACG,other T,gdT,CD8+ T cells,CD8 T cell (subtype unclear),0.0,hao_stateful_gemini_run05
E2L2_ACATCCCTCTTCACAT,DC,cDC1,Conventional Dendritic cells,Dendritic cell (subtype unclear),0.5,hao_stateful_gemini_run05
E2L7_GGGTAGAGTACCTGTA,CD4 T,CD4 CTL,CD8+ T cells,CD8 T cell (subtype unclear),0.0,hao_stateful_gemini_run05
L1_GAGATGGTCAGATTGC,CD4 T,CD4 TCM,CD4+ T cells,CD4 T cell (subtype unclear),0.5,hao_stateful_gemini_run05
E2L6_CGGAACCGTGAGGAAA,B,B intermediate,B cells,B cell (subtype unclear),0.5,hao_stateful_gemini_run05
L2_CCGATCTAGAAGGCTC,CD4 T,CD4 TEM,CD8+ T cells,CD8 T cell (subtype unclear),0.0,hao_stateful_gemini_run05
L3_TCTTCCTCAATTCACG,CD4 T,Treg,CD4+ T cells,CD4 T cell (subtype unclear),0.5,hao_stateful_gemini_run05
E2L2_AGAGAGCAGAGAAGGT,other,Platelet,Platelets,Platelet,1.0,hao_stateful_gemini_run05
E2L8_TTGCATTAGCTAGTTC,CD4 T,CD4 CTL,CD8+ T cells,CD8 T cell (subtype unclear),0.0,hao_stateful_gemini_run05
E2L1_ATCCACCGTGGTCCGT,NK,NK_CD56bright,NK cells,NK,0.5,hao_stateful_gemini_run05
L2_GAGTCTATCAAGGACG,NK,NK,CD8+ T cells,CD8 T cell (subtype unclear),0.0,hao_stateful_gemini_run05
L5_GAAGAATAGGGCGAAG,Mono,CD14 Mono,CD16+ Monocytes,CD16 Mono,0.5,hao_stateful_gemini_run05
L2_TTTACTGTCGACCTAA,other T,dnT,Memory/Effector T cells,T cell (CD4/CD8/other unclear),0.5,hao_stateful_gemini_run05
L2_TTCACCGAGTGCAAAT,CD4 T,Treg,CD4+ T cells,CD4 T cell (subtype unclear),0.5,hao_stateful_gemini_run05
L5_CGAAGGAAGTAGGAAG,other,ILC,CD4+ T cells,CD4 T cell (subtype unclear),0.0,hao_stateful_gemini_run05
L5_AACAAAGTCTTCCGTG,Mono,CD14 Mono,CD16+ Monocytes,CD16 Mono,0.5,hao_stateful_gemini_run05
L4_TAGGAGGCAAAGGAGA,B,B memory,B cells,B cell (subtype unclear),0.5,hao_stateful_gemini_run05
L3_AGCCAGCGTTCCGTTC,NK,NK Proliferating,Proliferating cells,Proliferating lymphocyte (lineage unclear),0.5,hao_stateful_gemini_run05
E2L6_CAATCGATCCTTCGAC,Mono,CD14 Mono,CD16+ Monocytes,CD16 Mono,0.5,hao_stateful_gemini_run05
E2L7_TAGGAGGGTCCGTACG,CD8 T,CD8 TCM,CD4+ T cells,CD4 T cell (subtype unclear),0.0,hao_stateful_gemini_run05
E2L8_GTAGATCGTATATGGA,Mono,CD16 Mono,CD16+ Monocytes,CD16 Mono,1.0,hao_stateful_gemini_run05
E2L4_TCAATTCGTCATCCGG,NK,NK_CD56bright,NK cells,NK,0.5,hao_stateful_gemini_run05
E2L3_ATAGAGAAGCCAAGCA,other,Platelet,Platelets,Platelet,1.0,hao_stateful_gemini_run05
L4_TTCGATTTCAGTGGGA,DC,pDC,Plasmacytoid Dendritic cells,pDC,1.0,hao_stateful_gemini_run05
E2L8_AGAAGTACACTTCCTG,other,ILC,NK cells,NK,0.0,hao_stateful_gemini_run05
L4_ACTGTCCTCTCATAGG,Mono,CD16 Mono,CD16+ Monocytes,CD16 Mono,1.0,hao_stateful_gemini_run05
E2L1_TCATACTTCCAAGCAT,other T,gdT,CD8+ T cells,CD8 T cell (subtype unclear),0.0,hao_stateful_gemini_run05
L5_GACTTCCTCATTGCGA,DC,cDC1,Conventional Dendritic cells,Dendritic cell (subtype unclear),0.5,hao_stateful_gemini_run05
E2L4_GTCATCCAGCTCGACC,other T,gdT,CD4+ T cells,CD4 T cell (subtype unclear),0.0,hao_stateful_gemini_run05
E2L2_CTTCAATAGGATTCAA,DC,cDC1,Conventional Dendritic cells,Dendritic cell (subtype unclear),0.5,hao_stateful_gemini_run05
E2L7_TAATTCCCAGCTGTTA,CD8 T,CD8 TEM,CD8+ T cells,CD8 T cell (subtype unclear),0.5,hao_stateful_gemini_run05
E2L3_CCGGGTAAGCCGGATA,B,B memory,B cells,B cell (subtype unclear),0.5,hao_stateful_gemini_run05
L3_GCGGAAAAGAAGATCT,B,Plasmablast,Plasma cells,Plasmablast,1.0,hao_stateful_gemini_run05
L5_CAGTGCGGTGTCGATT,CD4 T,Treg,CD4+ T cells,CD4 T cell (subtype unclear),0.5,hao_stateful_gemini_run05
E2L5_CTCAGTCGTACAGTTC,B,B naive,B cells,B cell (subtype unclear),0.5,hao_stateful_gemini_run05
E2L6_ATCACGAGTTGCTCAA,NK,NK_CD56bright,NK cells,NK,0.5,hao_stateful_gemini_run05
L5_GTATTTCTCGCTAATG,CD8 T,CD8 Naive,CD4+ T cells,CD4 T cell (subtype unclear),0.0,hao_stateful_gemini_run05
E2L8_CCTCAACAGTGTTGTC,other,Platelet,Platelets,Platelet,1.0,hao_stateful_gemini_run05
L4_ATTTCACGTCTTCCGT,B,B memory,B cells,B cell (subtype unclear),0.5,hao_stateful_gemini_run05
L1_TGAGCGCTCCTGCCAT,other T,gdT,CD8+ T cells,CD8 T cell (subtype unclear),0.0,hao_stateful_gemini_run05
L3_ACAAAGACAACACACT,other,HSPC,HSPC,HSPC,1.0,hao_stateful_gemini_run05
E2L8_TGCTGAATCATCTATC,other,ILC,CD4+ T cells,CD4 T cell (subtype unclear),0.0,hao_stateful_gemini_run05
E2L8_GATTGGTGTAACGGTG,CD8 T,CD8 Naive,CD4+ T cells,CD4 T cell (subtype unclear),0.0,hao_stateful_gemini_run05
E2L1_GTTAGACAGCGCCTCA,DC,cDC2,CD14+ Monocytes,CD14 Mono,0.0,hao_stateful_gemini_run05
E2L1_ATGCCTCAGGGAGTGG,NK,NK_CD56bright,NK cells,NK,0.5,hao_stateful_gemini_run05
E2L1_CAGCGTGGTCGAAGCA,B,B memory,B cells,B cell (subtype unclear),0.5,hao_stateful_gemini_run05
E2L4_TGCTCCAAGGCATTTC,CD4 T,Treg,CD4+ T cells,CD4 T cell (subtype unclear),0.5,hao_stateful_gemini_run05
E2L1_GTATTGGAGAGCATTA,CD8 T,CD8 TEM,CD8+ T cells,CD8 T cell (subtype unclear),0.5,hao_stateful_gemini_run05
L5_ATTCCCGTCCCTTCCC,CD8 T,CD8 TCM,CD4+ T cells,CD4 T cell (subtype unclear),0.0,hao_stateful_gemini_run05
E2L3_GTGCTGGGTATCGAGG,NK,NK Proliferating,Proliferating cells,Proliferating lymphocyte (lineage unclear),0.5,hao_stateful_gemini_run05
E2L1_CGCGTGAAGAGGATCC,other,Platelet,Platelets,Platelet,1.0,hao_stateful_gemini_run05
L4_GTTGAACGTCCAGCGT,CD8 T,CD8 TCM,CD4+ T cells,CD4 T cell (subtype unclear),0.0,hao_stateful_gemini_run05
E2L5_GAGTCTAGTGTCCATA,Mono,CD16 Mono,CD16+ Monocytes,CD16 Mono,1.0,hao_stateful_gemini_run05
E2L2_TGTGTGAAGACTAAGT,DC,pDC,Plasmacytoid Dendritic cells,pDC,1.0,hao_stateful_gemini_run05
L1_TGATTTCGTTTAAGGA,CD4 T,CD4 CTL,CD8+ T cells,CD8 T cell (subtype unclear),0.0,hao_stateful_gemini_run05
L1_CTCCATGGTCTTGAAC,CD4 T,Treg,CD4+ T cells,CD4 T cell (subtype unclear),0.5,hao_stateful_gemini_run05
E2L6_TACCCACAGCTTTCTT,CD4 T,CD4 CTL,CD8+ T cells,CD8 T cell (subtype unclear),0.0,hao_stateful_gemini_run05
L4_CTATCCGCAAGACGAC,CD4 T,Treg,CD4+ T cells,CD4 T cell (subtype unclear),0.5,hao_stateful_gemini_run05
E2L3_GTAGGTTGTTTGATCG,B,B memory,B cells,B cell (subtype unclear),0.5,hao_stateful_gemini_run05
E2L8_CGAAGTTCATTGACTG,DC,pDC,Plasmacytoid Dendritic cells,pDC,1.0,hao_stateful_gemini_run05
L1_GAACTGTAGTATAACG,Mono,CD16 Mono,CD16+ Monocytes,CD16 Mono,1.0,hao_stateful_gemini_run05
E2L8_TAACACGAGTGTTCAC,CD4 T,CD4 TEM,CD4+ T cells,CD4 T cell (subtype unclear),0.5,hao_stateful_gemini_run05
E2L5_AACGAAACACGGAAGT,CD8 T,CD8 Naive,CD4+ T cells,CD4 T cell (subtype unclear),0.0,hao_stateful_gemini_run05
L1_TGGGAAGTCCTCTAAT,other,HSPC,HSPC,HSPC,1.0,hao_stateful_gemini_run05
E2L7_ATACTTCCACTTTAGG,CD4 T,CD4 Naive,CD4+ T cells,CD4 T cell (subtype unclear),0.5,hao_stateful_gemini_run05
E2L3_TAACACGTCAGTCACA,B,B memory,B cells,B cell (subtype unclear),0.5,hao_stateful_gemini_run05
E2L2_TTTACCACATAGGTAA,CD4 T,CD4 TCM,CD4+ T cells,CD4 T cell (subtype unclear),0.5,hao_stateful_gemini_run05
E2L3_GACTCAATCACTGGGC,other,Platelet,Platelets,Platelet,1.0,hao_stateful_gemini_run05
E2L4_GGACGTCTCTGACCCT,DC,pDC,Plasmacytoid Dendritic cells,pDC,1.0,hao_stateful_gemini_run05
L2_GCATCGGCAGTTTCAG,CD4 T,CD4 CTL,CD8+ T cells,CD8 T cell (subtype unclear),0.0,hao_stateful_gemini_run05
L4_GGAATCTTCCTGTAAG,CD4 T,Treg,CD4+ T cells,CD4 T cell (subtype unclear),0.5,hao_stateful_gemini_run05
L4_TAGACTGGTCCAGCAC,B,B memory,B cells,B cell (subtype unclear),0.5,hao_stateful_gemini_run05
E2L7_GGCGTCAGTTAGAGAT,CD4 T,CD4 TCM,CD4+ T cells,CD4 T cell (subtype unclear),0.5,hao_stateful_gemini_run05
E2L8_CTTTCAAAGCCAAGCA,NK,NK Proliferating,Proliferating cells,Proliferating lymphocyte (lineage unclear),0.5,hao_stateful_gemini_run05
E2L6_TTTCAGTGTCTGTGAT,CD8 T,CD8 TEM,CD8+ T cells,CD8 T cell (subtype unclear),0.5,hao_stateful_gemini_run05
E2L3_GTGTGATTCGATACAC,B,B naive,B cells,B cell (subtype unclear),0.5,hao_stateful_gemini_run05
E2L6_CCAATTTAGCGCGTTC,NK,NK_CD56bright,NK cells,NK,0.5,hao_stateful_gemini_run05
L2_TACAGGTGTCAAATCC,other T,dnT,CD4+ T cells,CD4 T cell (subtype unclear),0.0,hao_stateful_gemini_run05
L3_TGAATCGGTACATTGC,B,B intermediate,B cells,B cell (subtype unclear),0.5,hao_stateful_gemini_run05
E2L6_CCTATCGTCCACGGAC,CD4 T,CD4 Proliferating,Proliferating cells,Proliferating lymphocyte (lineage unclear),0.5,hao_stateful_gemini_run05
E2L5_GTTGTAGGTGGACAGT,CD8 T,CD8 TEM,CD4+ T cells,CD4 T cell (subtype unclear),0.0,hao_stateful_gemini_run05
E2L1_CTGTGAATCCCATAAG,B,B intermediate,B cells,B cell (subtype unclear),0.5,hao_stateful_gemini_run05
L1_CACTAAGAGCAAGTGC,CD4 T,CD4 TEM,CD4+ T cells,CD4 T cell (subtype unclear),0.5,hao_stateful_gemini_run05
E2L2_TGGGATTCACGCGGTT,DC,cDC2,CD14+ Monocytes,CD14 Mono,0.0,hao_stateful_gemini_run05
E2L7_AGTCTCCCATGACCCG,DC,pDC,Plasmacytoid Dendritic cells,pDC,1.0,hao_stateful_gemini_run05
L2_GACTCTCCATAACTCG,CD8 T,CD8 Naive,CD4+ T cells,CD4 T cell (subtype unclear),0.0,hao_stateful_gemini_run05
E2L8_GCATGATCATGAATAG,Mono,CD16 Mono,CD16+ Monocytes,CD16 Mono,1.0,hao_stateful_gemini_run05
E2L4_ATGGGAGGTCGTGGTC,Mono,CD14 Mono,CD16+ Monocytes,CD16 Mono,0.5,hao_stateful_gemini_run05
L1_CTAACCCTCCAAGGGA,CD4 T,CD4 Proliferating,Proliferating cells,Proliferating lymphocyte (lineage unclear),0.5,hao_stateful_gemini_run05
L4_CCTCCTCAGTAAACAC,CD4 T,CD4 Naive,CD4+ T cells,CD4 T cell (subtype unclear),0.5,hao_stateful_gemini_run05
L4_GACTCTCCAGCTCGGT,other T,gdT,CD4+ T cells,CD4 T cell (subtype unclear),0.0,hao_stateful_gemini_run05
E2L1_GCCAACGTCCTACCAC,CD8 T,CD8 TCM,CD4+ T cells,CD4 T cell (subtype unclear),0.0,hao_stateful_gemini_run05
E2L5_GCGGAAATCCGTGGTG,B,B naive,B cells,B cell (subtype unclear),0.5,hao_stateful_gemini_run05
E2L5_GTGTGGCAGCCTCAAT,other T,dnT,Memory/Effector T cells,T cell (CD4/CD8/other unclear),0.5,hao_stateful_gemini_run05
L2_TCCACGTGTATGGAGC,NK,NK_CD56bright,NK cells,NK,0.5,hao_stateful_gemini_run05
E2L8_CTTGATTAGGACGCTA,other,Eryth,Erythrocytes,Eryth,1.0,hao_stateful_gemini_run05
L3_GCATGATAGATGACAT,CD4 T,CD4 TEM,CD4+ T cells,CD4 T cell (subtype unclear),0.5,hao_stateful_gemini_run05
E2L4_TCTCAGCGTCATAAAG,other T,gdT,CD8+ T cells,CD8 T cell (subtype unclear),0.0,hao_stateful_gemini_run05
E2L5_ATTTCACAGGCTGTAG,CD4 T,CD4 TEM,CD8+ T cells,CD8 T cell (subtype unclear),0.0,hao_stateful_gemini_run05
E2L2_GTTACAGAGTACCCTA,DC,cDC2,CD14+ Monocytes,CD14 Mono,0.0,hao_stateful_gemini_run05
L2_AACCATGTCGCCGAGT,other T,dnT,Memory/Effector T cells,T cell (CD4/CD8/other unclear),0.5,hao_stateful_gemini_run05
E2L5_TGCATCCTCTGCTTAT,NK,NK Proliferating,Proliferating cells,Proliferating lymphocyte (lineage unclear),0.5,hao_stateful_gemini_run05
L5_CCTCCTCTCACCTTGC,other,Eryth,Erythrocytes,Eryth,1.0,hao_stateful_gemini_run05
L3_TTCTAGTCAGGAAGTC,other T,dnT,Memory/Effector T cells,T cell (CD4/CD8/other unclear),0.5,hao_stateful_gemini_run05
E2L8_CTGCTCACAGTCTGGC,CD4 T,CD4 CTL,CD8+ T cells,CD8 T cell (subtype unclear),0.0,hao_stateful_gemini_run05
L2_TCAAGCACATCAGCAT,NK,NK Proliferating,Proliferating cells,Proliferating lymphocyte (lineage unclear),0.5,hao_stateful_gemini_run05
L5_CATAGACAGCTACGTT,NK,NK Proliferating,Proliferating cells,Proliferating lymphocyte (lineage unclear),0.5,hao_stateful_gemini_run05
L5_TTACCATTCTTTCAGT,CD4 T,CD4 Naive,CD4+ T cells,CD4 T cell (subtype unclear),0.5,hao_stateful_gemini_run05
L1_TGACTCCAGGGATCTG,other T,MAIT,CD8+ T cells,CD8 T cell (subtype unclear),0.0,hao_stateful_gemini_run05
E2L4_TGCGATATCCAATCCC,DC,pDC,Plasmacytoid Dendritic cells,pDC,1.0,hao_stateful_gemini_run05
E2L5_GATTCGATCGGCAGTC,CD4 T,CD4 CTL,CD8+ T cells,CD8 T cell (subtype unclear),0.0,hao_stateful_gemini_run05
L2_GTTAGACGTGAGACGT,Mono,CD16 Mono,CD16+ Monocytes,CD16 Mono,1.0,hao_stateful_gemini_run05
E2L5_GTGTTAGTCGGTCTAA,B,Plasmablast,Plasma cells,Plasmablast,1.0,hao_stateful_gemini_run05
E2L3_TCGTCCAAGCCTCATA,other T,MAIT,CD8+ T cells,CD8 T cell (subtype unclear),0.0,hao_stateful_gemini_run05
E2L7_TGATGGTAGGTTCTTG,B,B intermediate,B cells,B cell (subtype unclear),0.5,hao_stateful_gemini_run05
E2L7_ATGGTTGGTGGGACAT,CD4 T,CD4 TCM,CD4+ T cells,CD4 T cell (subtype unclear),0.5,hao_stateful_gemini_run05
E2L7_ACTCCCAGTTGCTGAT,DC,cDC1,Conventional Dendritic cells,Dendritic cell (subtype unclear),0.5,hao_stateful_gemini_run05
L3_TACAGGTAGTTGCATC,CD8 T,CD8 TEM,CD8+ T cells,CD8 T cell (subtype unclear),0.5,hao_stateful_gemini_run05
E2L7_TAGGTTGGTCTGTCAA,CD8 T,CD8 TEM,CD4+ T cells,CD4 T cell (subtype unclear),0.0,hao_stateful_gemini_run05
E2L2_GACCCTTAGGCACTAG,DC,cDC1,Conventional Dendritic cells,Dendritic cell (subtype unclear),0.5,hao_stateful_gemini_run05
L5_ATCTCTACAGTAACCT,CD4 T,CD4 Naive,CD4+ T cells,CD4 T cell (subtype unclear),0.5,hao_stateful_gemini_run05
L4_TGTTACTGTTTAAGGA,B,B naive,B cells,B cell (subtype unclear),0.5,hao_stateful_gemini_run05
E2L6_CACATGAAGAGCTTTC,NK,NK,CD8+ T cells,CD8 T cell (subtype unclear),0.0,hao_stateful_gemini_run05
L3_TTACCATCACTACACA,B,Plasmablast,Plasma cells,Plasmablast,1.0,hao_stateful_gemini_run05
E2L1_GTGTGGCAGGTTACAA,other T,dnT,Memory/Effector T cells,T cell (CD4/CD8/other unclear),0.5,hao_stateful_gemini_run05
E2L5_ATTGTTCCACTCTGCT,DC,pDC,Plasmacytoid Dendritic cells,pDC,1.0,hao_stateful_gemini_run05
L5_TTACGCCGTCGCGTTG,CD4 T,Treg,CD4+ T cells,CD4 T cell (subtype unclear),0.5,hao_stateful_gemini_run05
E2L1_CATTCCGGTGACCGTC,B,B memory,B cells,B cell (subtype unclear),0.5,hao_stateful_gemini_run05
L3_TGCAGGCTCTAAGCCA,Mono,CD14 Mono,CD16+ Monocytes,CD16 Mono,0.5,hao_stateful_gemini_run05
E2L5_TCAGTCCCACTTCAAG,NK,NK_CD56bright,NK cells,NK,0.5,hao_stateful_gemini_run05
E2L4_CGCATGGGTAGCGATG,CD8 T,CD8 TEM,CD8+ T cells,CD8 T cell (subtype unclear),0.5,hao_stateful_gemini_run05
E2L5_GTGGAAGAGAAGCCAC,NK,NK Proliferating,Proliferating cells,Proliferating lymphocyte (lineage unclear),0.5,hao_stateful_gemini_run05
E2L5_GGGCTCAGTATTTCGG,other,Eryth,Erythrocytes,Eryth,1.0,hao_stateful_gemini_run05
E2L6_GGAATGGCAGCCTACG,B,B memory,B cells,B cell (subtype unclear),0.5,hao_stateful_gemini_run05
L3_TACTTGTAGTCAGCCC,B,Plasmablast,Plasma cells,Plasmablast,1.0,hao_stateful_gemini_run05
E2L7_GTTTACTCAGAGAATT,CD4 T,CD4 TEM,CD4+ T cells,CD4 T cell (subtype unclear),0.5,hao_stateful_gemini_run05
E2L4_GGAATCTCACGATTCA,CD8 T,CD8 Proliferating,Proliferating cells,Proliferating lymphocyte (lineage unclear),0.5,hao_stateful_gemini_run05
L1_TCATGTTGTCCTATAG,other T,MAIT,CD8+ T cells,CD8 T cell (subtype unclear),0.0,hao_stateful_gemini_run05
E2L8_TGTACAGTCGGTTAGT,B,B memory,B cells,B cell (subtype unclear),0.5,hao_stateful_gemini_run05
E2L8_AGGGAGTCAGTGTGGA,B,B memory,B cells,B cell (subtype unclear),0.5,hao_stateful_gemini_run05
E2L6_CTCAGGGGTCTTACTT,CD8 T,CD8 Naive,CD4+ T cells,CD4 T cell (subtype unclear),0.0,hao_stateful_gemini_run05
E2L2_CCTTCAGAGGAGTATT,DC,pDC,Plasmacytoid Dendritic cells,pDC,1.0,hao_stateful_gemini_run05
E2L6_TCCTTCTCAAAGTGTA,CD4 T,CD4 CTL,CD8+ T cells,CD8 T cell (subtype unclear),0.0,hao_stateful_gemini_run05
L4_CATCGGGAGACTAGAT,CD4 T,CD4 TEM,CD4+ T cells,CD4 T cell (subtype unclear),0.5,hao_stateful_gemini_run05
E2L6_GAACGTTTCGGACTTA,B,B intermediate,B cells,B cell (subtype unclear),0.5,hao_stateful_gemini_run05
E2L6_TTGTTTGAGCATCAGG,DC,cDC2,CD14+ Monocytes,CD14 Mono,0.0,hao_stateful_gemini_run05
E2L8_GTTTGGATCGAGAGAC,Mono,CD14 Mono,CD14+ Monocytes,CD14 Mono,1.0,hao_stateful_gemini_run05
E2L5_CCTGCATTCGTCGGGT,other,ILC,CD4+ T cells,CD4 T cell (subtype unclear),0.0,hao_stateful_gemini_run05
E2L3_CTCCACAAGACAACTA,other T,gdT,CD8+ T cells,CD8 T cell (subtype unclear),0.0,hao_stateful_gemini_run05
E2L6_CCTTGTGTCTGTCTCG,Mono,CD14 Mono,CD14+ Monocytes,CD14 Mono,1.0,hao_stateful_gemini_run05
L1_TTGCGTCCATGTGACT,CD4 T,CD4 CTL,CD8+ T cells,CD8 T cell (subtype unclear),0.0,hao_stateful_gemini_run05
L5_GGGATGATCTTTCTAG,CD8 T,CD8 TCM,CD4+ T cells,CD4 T cell (subtype unclear),0.0,hao_stateful_gemini_run05
L4_GATGATCGTGCTAGCC,Mono,CD14 Mono,CD14+ Monocytes,CD14 Mono,1.0,hao_stateful_gemini_run05
L3_ACGTAGTCATGCGGTC,CD8 T,CD8 Naive,CD4+ T cells,CD4 T cell (subtype unclear),0.0,hao_stateful_gemini_run05
E2L4_CGAATTGCATCAGTCA,CD4 T,CD4 Naive,CD4+ T cells,CD4 T cell (subtype unclear),0.5,hao_stateful_gemini_run05
L3_TCACGCTTCGCAGTCG,DC,pDC,Plasmacytoid Dendritic cells,pDC,1.0,hao_stateful_gemini_run05
L3_TACGCTCTCGGACGTC,Mono,CD14 Mono,CD16+ Monocytes,CD16 Mono,0.5,hao_stateful_gemini_run05
E2L5_TTCGGTCGTGTGAGCA,B,B naive,B cells,B cell (subtype unclear),0.5,hao_stateful_gemini_run05
L2_GAGGGTACAGACATCT,other T,dnT,CD4+ T cells,CD4 T cell (subtype unclear),0.0,hao_stateful_gemini_run05
E2L5_TAACCAGCATGTGACT,B,B intermediate,B cells,B cell (subtype unclear),0.5,hao_stateful_gemini_run05
L5_TGCATGATCAACGAGG,NK,NK_CD56bright,NK cells,NK,0.5,hao_stateful_gemini_run05
E2L4_TCATACTTCTTACACT,CD8 T,CD8 TCM,CD4+ T cells,CD4 T cell (subtype unclear),0.0,hao_stateful_gemini_run05
L3_CTATAGGTCGTGCTCT,DC,cDC1,Conventional Dendritic cells,Dendritic cell (subtype unclear),0.5,hao_stateful_gemini_run05
E2L8_AAGACAACAGTAGAAT,other,Platelet,Platelets,Platelet,1.0,hao_stateful_gemini_run05
L4_AACGAAATCACTACTT,Mono,CD14 Mono,CD16+ Monocytes,CD16 Mono,0.5,hao_stateful_gemini_run05
L4_CTTCTCTCATGCACTA,NK,NK,CD8+ T cells,CD8 T cell (subtype unclear),0.0,hao_stateful_gemini_run05
L4_CTATCCGCACGGCCAT,other,HSPC,HSPC,HSPC,1.0,hao_stateful_gemini_run05
E2L3_GAGACTTAGTTGAAAC,DC,pDC,Plasmacytoid Dendritic cells,pDC,1.0,hao_stateful_gemini_run05
E2L2_CAGCAGCAGCCGTCGT,NK,NK Proliferating,Proliferating cells,Proliferating lymphocyte (lineage unclear),0.5,hao_stateful_gemini_run05
E2L7_GAGAGGTCATCAGCAT,CD4 T,CD4 Naive,CD4+ T cells,CD4 T cell (subtype unclear),0.5,hao_stateful_gemini_run05
L3_AAGATAGAGACTGAGC,CD8 T,CD8 Naive,CD4+ T cells,CD4 T cell (subtype unclear),0.0,hao_stateful_gemini_run05
L1_ATTGTTCAGATAGCAT,CD4 T,CD4 TEM,CD4+ T cells,CD4 T cell (subtype unclear),0.5,hao_stateful_gemini_run05
E2L5_GAATCGTTCTAGTGAC,NK,NK,CD8+ T cells,CD8 T cell (subtype unclear),0.0,hao_stateful_gemini_run05
L4_AATGACCAGCCTCTGG,other,HSPC,HSPC,HSPC,1.0,hao_stateful_gemini_run05
E2L6_TTCAGGACATGCCGGT,CD4 T,CD4 CTL,CD8+ T cells,CD8 T cell (subtype unclear),0.0,hao_stateful_gemini_run05
L3_CGGTCAGCATAGCTGT,B,Plasmablast,Plasma cells,Plasmablast,1.0,hao_stateful_gemini_run05
E2L2_GTCAAACCAATTGCTG,other,Platelet,Platelets,Platelet,1.0,hao_stateful_gemini_run05
L4_CGAATTGGTCATGCAT,CD8 T,CD8 Naive,CD4+ T cells,CD4 T cell (subtype unclear),0.0,hao_stateful_gemini_run05
E2L4_CCCATTGGTTCCTAGA,B,B intermediate,B cells,B cell (subtype unclear),0.5,hao_stateful_gemini_run05
E2L3_TTCCACGTCGTAACAC,DC,ASDC,CD14+ Monocytes,CD14 Mono,0.0,hao_stateful_gemini_run05
E2L6_TTGAACGGTTTAGACC,CD8 T,CD8 TEM,CD8+ T cells,CD8 T cell (subtype unclear),0.5,hao_stateful_gemini_run05
L5_TGGATCATCTCGCTCA,CD4 T,CD4 TCM,CD4+ T cells,CD4 T cell (subtype unclear),0.5,hao_stateful_gemini_run05
E2L4_TAAGCGTGTCACAGTT,NK,NK Proliferating,Proliferating cells,Proliferating lymphocyte (lineage unclear),0.5,hao_stateful_gemini_run05
E2L1_AAACGCTTCGCCACTT,Mono,CD16 Mono,CD16+ Monocytes,CD16 Mono,1.0,hao_stateful_gemini_run05
L1_TGTGCGGCAGTAGTTC,NK,NK Proliferating,Proliferating cells,Proliferating lymphocyte (lineage unclear),0.5,hao_stateful_gemini_run05
E2L7_ATTCAGGCACGTAGTT,other,ILC,NK cells,NK,0.0,hao_stateful_gemini_run05
L5_TCTATCACAGGTCCCA,other,Platelet,Platelets,Platelet,1.0,hao_stateful_gemini_run05
E2L5_TCCACCATCGAGATAA,CD4 T,CD4 TCM,CD4+ T cells,CD4 T cell (subtype unclear),0.5,hao_stateful_gemini_run05
E2L5_GTTATGGCACGGCCAT,B,Plasmablast,Plasma cells,Plasmablast,1.0,hao_stateful_gemini_run05
L2_ATCGATGGTGGTGATG,other,Platelet,Platelets,Platelet,1.0,hao_stateful_gemini_run05
L3_CTATCCGTCCCGAGTG,CD8 T,CD8 TCM,CD4+ T cells,CD4 T cell (subtype unclear),0.0,hao_stateful_gemini_run05
E2L4_TGTTCCGAGCTGGCTC,B,B memory,B cells,B cell (subtype unclear),0.5,hao_stateful_gemini_run05
L1_TGGGCTGAGGATATAC,CD4 T,CD4 TEM,CD4+ T cells,CD4 T cell (subtype unclear),0.5,hao_stateful_gemini_run05
L2_TGCGATAAGCATAGGC,Mono,CD16 Mono,CD16+ Monocytes,CD16 Mono,1.0,hao_stateful_gemini_run05
L5_CCAATGAGTCCCACGA,other,HSPC,HSPC,HSPC,1.0,hao_stateful_gemini_run05
E2L8_GTTCGCTTCGTGCTCT,CD4 T,CD4 TCM,CD4+ T cells,CD4 T cell (subtype unclear),0.5,hao_stateful_gemini_run05
L3_GATGGAGTCTCCGAAA,other T,MAIT,CD8+ T cells,CD8 T cell (subtype unclear),0.0,hao_stateful_gemini_run05
L3_TGACGCGGTTCCGTTC,CD4 T,Treg,CD4+ T cells,CD4 T cell (subtype unclear),0.5,hao_stateful_gemini_run05
E2L5_GAAGAATAGAAATTCG,CD4 T,CD4 CTL,CD8+ T cells,CD8 T cell (subtype unclear),0.0,hao_stateful_gemini_run05
E2L8_CAACGGCAGAGAGAAC,CD4 T,CD4 Naive,CD4+ T cells,CD4 T cell (subtype unclear),0.5,hao_stateful_gemini_run05
L3_AGTCTCCAGTGTTCAC,CD4 T,CD4 TCM,CD4+ T cells,CD4 T cell (subtype unclear),0.5,hao_stateful_gemini_run05
L4_GACCAATCACATTACG,DC,cDC2,CD14+ Monocytes,CD14 Mono,0.0,hao_stateful_gemini_run05
E2L6_AGTGTTGTCGGCTGGT,B,B naive,B cells,B cell (subtype unclear),0.5,hao_stateful_gemini_run05
E2L2_GTTGAACAGTTTAGGA,NK,NK_CD56bright,NK cells,NK,0.5,hao_stateful_gemini_run05
L5_TTCACCGGTACCGTGC,other T,dnT,CD4+ T cells,CD4 T cell (subtype unclear),0.0,hao_stateful_gemini_run05
E2L8_TCTCACGGTACAGTAA,CD4 T,CD4 TCM,CD4+ T cells,CD4 T cell (subtype unclear),0.5,hao_stateful_gemini_run05
L1_CCTCCTCGTGGTCTCG,DC,pDC,Plasmacytoid Dendritic cells,pDC,1.0,hao_stateful_gemini_run05
E2L6_CCTCTCCCAGGCATTT,Mono,CD14 Mono,CD16+ Monocytes,CD16 Mono,0.5,hao_stateful_gemini_run05
E2L4_CACGTGGGTCTGTAGT,CD8 T,CD8 TCM,CD4+ T cells,CD4 T cell (subtype unclear),0.0,hao_stateful_gemini_run05
E2L3_CTGTCGTTCGGACTTA,CD8 T,CD8 TCM,CD4+ T cells,CD4 T cell (subtype unclear),0.0,hao_stateful_gemini_run05
E2L1_CGGAACCAGCGAATGC,NK,NK Proliferating,Proliferating cells,Proliferating lymphocyte (lineage unclear),0.5,hao_stateful_gemini_run05
L3_CTCAAGAAGGCTAAAT,NK,NK Proliferating,Proliferating cells,Proliferating lymphocyte (lineage unclear),0.5,hao_stateful_gemini_run05
E2L8_GTCACGGTCGTCCATC,Mono,CD14 Mono,CD16+ Monocytes,CD16 Mono,0.5,hao_stateful_gemini_run05
L1_TTGAGTGAGGTACAGC,CD8 T,CD8 Naive,CD4+ T cells,CD4 T cell (subtype unclear),0.0,hao_stateful_gemini_run05
E2L2_CTTGATTTCTATTGTC,CD4 T,Treg,CD4+ T cells,CD4 T cell (subtype unclear),0.5,hao_stateful_gemini_run05
L5_TCGAAGTTCTGGTTGA,other T,MAIT,CD8+ T cells,CD8 T cell (subtype unclear),0.0,hao_stateful_gemini_run05
E2L8_TCAATTCTCCTACCGT,NK,NK Proliferating,Proliferating cells,Proliferating lymphocyte (lineage unclear),0.5,hao_stateful_gemini_run05
E2L3_TGGTTAGTCAAGAGTA,B,Plasmablast,Plasma cells,Plasmablast,1.0,hao_stateful_gemini_run05
E2L8_GAGCCTGTCTCCACTG,CD8 T,CD8 Naive,CD4+ T cells,CD4 T cell (subtype unclear),0.0,hao_stateful_gemini_run05
E2L5_CTTGAGATCGGACCAC,NK,NK_CD56bright,NK cells,NK,0.5,hao_stateful_gemini_run05
E2L3_AATTTCCCACAGCGCT,CD4 T,CD4 TCM,CD4+ T cells,CD4 T cell (subtype unclear),0.5,hao_stateful_gemini_run05
E2L1_TATTGCTCAATTCGTG,other T,gdT,CD4+ T cells,CD4 T cell (subtype unclear),0.0,hao_stateful_gemini_run05
E2L7_GCCGTGATCGGTCGGT,NK,NK_CD56bright,NK cells,NK,0.5,hao_stateful_gemini_run05
L4_GTAACACAGGTAGTAT,other T,MAIT,CD8+ T cells,CD8 T cell (subtype unclear),0.0,hao_stateful_gemini_run05
L1_CATTCCGAGCAACTTC,DC,pDC,Plasmacytoid Dendritic cells,pDC,1.0,hao_stateful_gemini_run05
L2_TAGGTACAGAAACTGT,CD8 T,CD8 Naive,CD4+ T cells,CD4 T cell (subtype unclear),0.0,hao_stateful_gemini_run05
L5_CCTGCATGTTTCGTGA,CD4 T,CD4 Naive,CD4+ T cells,CD4 T cell (subtype unclear),0.5,hao_stateful_gemini_run05
E2L2_TCCGAAATCCTCTGCA,B,B naive,B cells,B cell (subtype unclear),0.5,hao_stateful_gemini_run05
E2L5_TACATTCGTGACATCT,CD8 T,CD8 Naive,CD4+ T cells,CD4 T cell (subtype unclear),0.0,hao_stateful_gemini_run05
E2L8_ATTTCACAGGTCGTAG,B,B memory,B cells,B cell (subtype unclear),0.5,hao_stateful_gemini_run05
E2L5_ATGGTTGAGTGAGGTC,DC,cDC2,CD14+ Monocytes,CD14 Mono,0.0,hao_stateful_gemini_run05
E2L8_TCTAACTCACAGCTGC,DC,cDC2,CD14+ Monocytes,CD14 Mono,0.0,hao_stateful_gemini_run05
E2L3_GGGCTCACAGGCTCTG,other,Platelet,Platelets,Platelet,1.0,hao_stateful_gemini_run05
E2L7_CAGTGCGTCGCTCATC,CD8 T,CD8 TEM,CD4+ T cells,CD4 T cell (subtype unclear),0.0,hao_stateful_gemini_run05
L3_GTAGAGGCAGGACATG,other,HSPC,HSPC,HSPC,1.0,hao_stateful_gemini_run05
L2_ATGCATGCAAGCACAG,CD8 T,CD8 TCM,CD4+ T cells,CD4 T cell (subtype unclear),0.0,hao_stateful_gemini_run05
L2_ATGGGTTTCAGGCGAA,B,B intermediate,B cells,B cell (subtype unclear),0.5,hao_stateful_gemini_run05
E2L2_CTCCAACAGCCGATAG,other T,dnT,Memory/Effector T cells,T cell (CD4/CD8/other unclear),0.5,hao_stateful_gemini_run05
L3_TTAGGGTAGATGTAGT,Mono,CD16 Mono,CD16+ Monocytes,CD16 Mono,1.0,hao_stateful_gemini_run05
L4_TCCCATGAGTGTAGTA,B,Plasmablast,Plasma cells,Plasmablast,1.0,hao_stateful_gemini_run05
E2L3_TAACACGCACGACAGA,DC,pDC,Plasmacytoid Dendritic cells,pDC,1.0,hao_stateful_gemini_run05
L3_GGAATGGAGTTGTAAG,DC,cDC2,CD14+ Monocytes,CD14 Mono,0.0,hao_stateful_gemini_run05
L1_CATCCCATCCTCTAGC,other T,dnT,CD4+ T cells,CD4 T cell (subtype unclear),0.0,hao_stateful_gemini_run05
L1_TGTCCTGGTCGCACAC,CD4 T,CD4 TCM,CD4+ T cells,CD4 T cell (subtype unclear),0.5,hao_stateful_gemini_run05
E2L5_ATTCCCGTCCGTATGA,DC,pDC,Plasmacytoid Dendritic cells,pDC,1.0,hao_stateful_gemini_run05
E2L5_GAACTGTTCGTACCTC,other,Platelet,Platelets,Platelet,1.0,hao_stateful_gemini_run05
E2L1_AACGGGAGTCATCTAG,DC,cDC2,CD14+ Monocytes,CD14 Mono,0.0,hao_stateful_gemini_run05
E2L6_CAGGGCTAGATTACCC,other T,dnT,Memory/Effector T cells,T cell (CD4/CD8/other unclear),0.5,hao_stateful_gemini_run05
E2L3_ATACCTTTCATTGCGA,B,B naive,B cells,B cell (subtype unclear),0.5,hao_stateful_gemini_run05
E2L2_TGCAGATAGAGCAACC,NK,NK,CD8+ T cells,CD8 T cell (subtype unclear),0.0,hao_stateful_gemini_run05
L5_GGGTCACGTATGTCCA,DC,ASDC,CD14+ Monocytes,CD14 Mono,0.0,hao_stateful_gemini_run05
E2L8_ATTCCTATCGGAAGGT,other T,MAIT,CD8+ T cells,CD8 T cell (subtype unclear),0.0,hao_stateful_gemini_run05
L4_GTCTCACGTGATATAG,Mono,CD16 Mono,CD16+ Monocytes,CD16 Mono,1.0,hao_stateful_gemini_run05
E2L3_ATGGGAGTCATTCTTG,DC,ASDC,CD14+ Monocytes,CD14 Mono,0.0,hao_stateful_gemini_run05
E2L5_TAAGCGTAGAATGTTG,Mono,CD16 Mono,CD16+ Monocytes,CD16 Mono,1.0,hao_stateful_gemini_run05
E2L8_TATCTGTGTAACGTTC,CD8 T,CD8 TEM,CD8+ T cells,CD8 T cell (subtype unclear),0.5,hao_stateful_gemini_run05
E2L2_AGGCTGCGTTGGCTAT,other T,dnT,CD4+ T cells,CD4 T cell (subtype unclear),0.0,hao_stateful_gemini_run05
E2L3_CTCCTTTCACGGTAGA,other T,gdT,CD8+ T cells,CD8 T cell (subtype unclear),0.0,hao_stateful_gemini_run05
L1_ACGGTCGCATATCTGG,B,B memory,B cells,B cell (subtype unclear),0.5,hao_stateful_gemini_run05
L5_TTGCCTGAGGAAGAAC,CD8 T,CD8 TEM,CD8+ T cells,CD8 T cell (subtype unclear),0.5,hao_stateful_gemini_run05
L4_TATCCTAGTCGTGGTC,CD4 T,Treg,CD4+ T cells,CD4 T cell (subtype unclear),0.5,hao_stateful_gemini_run05
L3_CATCGGGAGTCCCTAA,Mono,CD14 Mono,CD16+ Monocytes,CD16 Mono,0.5,hao_stateful_gemini_run05
E2L7_TCGAAGTGTGGTCTCG,DC,pDC,Plasmacytoid Dendritic cells,pDC,1.0,hao_stateful_gemini_run05
E2L1_CAGTTCCTCAACTGGT,B,B naive,B cells,B cell (subtype unclear),0.5,hao_stateful_gemini_run05
L2_CTTCTCTGTCTGTGTA,other,HSPC,HSPC,HSPC,1.0,hao_stateful_gemini_run05
E2L6_TCACAAGAGCGGGTAT,other,Platelet,CD16+ Monocytes,CD16 Mono,0.0,hao_stateful_gemini_run05
E2L4_GACAGCCCATCACGGC,CD8 T,CD8 Proliferating,Proliferating cells,Proliferating lymphocyte (lineage unclear),0.5,hao_stateful_gemini_run05
E2L7_TCGTAGACAACCAATC,NK,NK Proliferating,Proliferating cells,Proliferating lymphocyte (lineage unclear),0.5,hao_stateful_gemini_run05
L4_TACAGGTGTGATTCAC,DC,cDC2,CD14+ Monocytes,CD14 Mono,0.0,hao_stateful_gemini_run05
L2_TGGAACTAGTGGAATT,other,HSPC,HSPC,HSPC,1.0,hao_stateful_gemini_run05
L2_CGAAGGAGTCACCGAC,CD4 T,CD4 CTL,CD8+ T cells,CD8 T cell (subtype unclear),0.0,hao_stateful_gemini_run05
E2L5_CGTAGTAGTCCCTAAA,CD4 T,CD4 Proliferating,Proliferating cells,Proliferating lymphocyte (lineage unclear),0.5,hao_stateful_gemini_run05
E2L2_TTCTTGAGTGTTCCTC,CD4 T,CD4 TEM,CD4+ T cells,CD4 T cell (subtype unclear),0.5,hao_stateful_gemini_run05
E2L5_TTGCGTCAGGTCACTT,other,Platelet,Platelets,Platelet,1.0,hao_stateful_gemini_run05
E2L5_GCTGAATTCTCTCGAC,other T,MAIT,CD8+ T cells,CD8 T cell (subtype unclear),0.0,hao_stateful_gemini_run05
E2L1_TCCGGGAAGGTTCAGG,Mono,CD14 Mono,CD14+ Monocytes,CD14 Mono,1.0,hao_stateful_gemini_run05
E2L7_TTTCAGTCATGGAAGC,DC,ASDC,CD14+ Monocytes,CD14 Mono,0.0,hao_stateful_gemini_run05
L1_TCGAACATCCTCTAGC,NK,NK Proliferating,Proliferating cells,Proliferating lymphocyte (lineage unclear),0.5,hao_stateful_gemini_run05
E2L2_GACCAATTCTGCTTTA,CD4 T,CD4 CTL,CD8+ T cells,CD8 T cell (subtype unclear),0.0,hao_stateful_gemini_run05
E2L5_TGAATCGCAAGTGGCA,CD4 T,CD4 TEM,CD4+ T cells,CD4 T cell (subtype unclear),0.5,hao_stateful_gemini_run05
L1_TTCTAACCAATGCAGG,CD4 T,CD4 TCM,CD4+ T cells,CD4 T cell (subtype unclear),0.5,hao_stateful_gemini_run05
L4_CTCAGGGGTACCTAAC,CD8 T,CD8 TEM,CD8+ T cells,CD8 T cell (subtype unclear),0.5,hao_stateful_gemini_run05
L2_CAGGGCTCATTGAGCT,CD8 T,CD8 TEM,CD4+ T cells,CD4 T cell (subtype unclear),0.0,hao_stateful_gemini_run05
E2L3_TGGTGATAGGGACACT,other,Platelet,Platelets,Platelet,1.0,hao_stateful_gemini_run05
E2L1_CACACAAAGGGAGGGT,CD4 T,CD4 CTL,CD8+ T cells,CD8 T cell (subtype unclear),0.0,hao_stateful_gemini_run05
E2L2_GAGCTGCGTGAACGGT,NK,NK_CD56bright,NK cells,NK,0.5,hao_stateful_gemini_run05
E2L8_GGGATCCTCACCTTAT,Mono,CD14 Mono,CD16+ Monocytes,CD16 Mono,0.5,hao_stateful_gemini_run05
E2L6_TCGTCCAAGACTCTAC,CD8 T,CD8 Naive,CD4+ T cells,CD4 T cell (subtype unclear),0.0,hao_stateful_gemini_run05
E2L2_ATGCATGAGACGCCCT,B,B intermediate,B cells,B cell (subtype unclear),0.5,hao_stateful_gemini_run05
E2L8_TGAGCATTCAGGTGTT,B,B intermediate,B cells,B cell (subtype unclear),0.5,hao_stateful_gemini_run05
E2L3_ACGTACAAGCGTGTCC,B,B naive,B cells,B cell (subtype unclear),0.5,hao_stateful_gemini_run05
L4_ATTACTCAGTAGAGTT,other T,dnT,CD4+ T cells,CD4 T cell (subtype unclear),0.0,hao_stateful_gemini_run05
L3_TTAATCCAGCACTAAA,DC,cDC2,CD14+ Monocytes,CD14 Mono,0.0,hao_stateful_gemini_run05
E2L6_CCTGTTGCAATTGCAC,NK,NK Proliferating,Proliferating cells,Proliferating lymphocyte (lineage unclear),0.5,hao_stateful_gemini_run05
E2L7_GCCCGAAAGTTTAGGA,other,ILC,NK cells,NK,0.0,hao_stateful_gemini_run05
L3_AGGGTCCAGTCGCCAC,other T,MAIT,CD8+ T cells,CD8 T cell (subtype unclear),0.0,hao_stateful_gemini_run05
E2L7_AACAAAGCACCTCAGG,NK,NK_CD56bright,NK cells,NK,0.5,hao_stateful_gemini_run05
E2L6_CATCCCAAGCGTCAGA,DC,ASDC,CD14+ Monocytes,CD14 Mono,0.0,hao_stateful_gemini_run05
E2L4_GCAGCTGCAAACTAAG,DC,cDC2,CD14+ Monocytes,CD14 Mono,0.0,hao_stateful_gemini_run05
L3_ATGTCCCTCGCTGTTC,NK,NK Proliferating,Proliferating cells,Proliferating lymphocyte (lineage unclear),0.5,hao_stateful_gemini_run05
E2L1_GGGTTATGTTTCACAG,B,B intermediate,B cells,B cell (subtype unclear),0.5,hao_stateful_gemini_run05
L3_GATGACTGTCGTGGAA,CD4 T,CD4 Proliferating,Proliferating cells,Proliferating lymphocyte (lineage unclear),0.5,hao_stateful_gemini_run05
E2L3_CATTGCCTCAAGAATG,CD8 T,CD8 TEM,CD4+ T cells,CD4 T cell (subtype unclear),0.0,hao_stateful_gemini_run05
E2L1_GAGACTTAGAGGCTGT,DC,cDC2,CD14+ Monocytes,CD14 Mono,0.0,hao_stateful_gemini_run05
L3_ACAGAAAGTCCAAATC,B,Plasmablast,Plasma cells,Plasmablast,1.0,hao_stateful_gemini_run05
E2L5_CAGCAGCCACACTTAG,CD4 T,Treg,CD4+ T cells,CD4 T cell (subtype unclear),0.5,hao_stateful_gemini_run05
L1_ACTGTCCAGTGCAGCA,CD4 T,Treg,CD4+ T cells,CD4 T cell (subtype unclear),0.5,hao_stateful_gemini_run05
L3_CCTAAGAGTCTCCTGT,CD4 T,CD4 Naive,CD4+ T cells,CD4 T cell (subtype unclear),0.5,hao_stateful_gemini_run05
L2_CATTGAGGTCAGGTAG,B,Plasmablast,Plasma cells,Plasmablast,1.0,hao_stateful_gemini_run05
L3_GGTGAAGTCTGCCTCA,CD8 T,CD8 TCM,CD4+ T cells,CD4 T cell (subtype unclear),0.0,hao_stateful_gemini_run05
E2L4_CATCGGGGTTGCTGAT,CD8 T,CD8 TCM,CD4+ T cells,CD4 T cell (subtype unclear),0.0,hao_stateful_gemini_run05
L5_ATGCGATTCCAGTGCG,other,HSPC,HSPC,HSPC,1.0,hao_stateful_gemini_run05
E2L1_TGCACGGCAGTATGAA,B,Plasmablast,Plasma cells,Plasmablast,1.0,hao_stateful_gemini_run05
E2L2_TCCATCGAGTCTGCAT,B,B memory,B cells,B cell (subtype unclear),0.5,hao_stateful_gemini_run05
L1_AGGAGGTTCCACTGGG,DC,pDC,Plasmacytoid Dendritic cells,pDC,1.0,hao_stateful_gemini_run05
L3_CCACGTTTCACGTAGT,B,Plasmablast,Plasma cells,Plasmablast,1.0,hao_stateful_gemini_run05
L5_AGCGTATAGTAACCGG,DC,cDC1,Conventional Dendritic cells,Dendritic cell (subtype unclear),0.5,hao_stateful_gemini_run05
E2L3_TACTGCCAGTGGTCAG,B,B memory,B cells,B cell (subtype unclear),0.5,hao_stateful_gemini_run05
E2L3_TCCTAATCAGCTGTAT,other T,gdT,CD8+ T cells,CD8 T cell (subtype unclear),0.0,hao_stateful_gemini_run05
E2L3_GCACATATCAAGTCGT,Mono,CD14 Mono,CD14+ Monocytes,CD14 Mono,1.0,hao_stateful_gemini_run05
L5_TAGGTACGTTCAGCGC,other T,MAIT,CD8+ T cells,CD8 T cell (subtype unclear),0.0,hao_stateful_gemini_run05
E2L5_TGGTGATTCCAAGAGG,other,Platelet,Platelets,Platelet,1.0,hao_stateful_gemini_run05
E2L6_CCTTCAGTCACTTGGA,B,B intermediate,B cells,B cell (subtype unclear),0.5,hao_stateful_gemini_run05
E2L4_AAGTACCCAGGCCCTA,B,Plasmablast,Plasma cells,Plasmablast,1.0,hao_stateful_gemini_run05
E2L1_GGCTGTGAGTTGGACG,other,Platelet,Platelets,Platelet,1.0,hao_stateful_gemini_run05
L1_CCTAAGAAGTTCTCTT,B,Plasmablast,Plasma cells,Plasmablast,1.0,hao_stateful_gemini_run05
E2L2_CCAAGCGTCGCAGATT,B,B naive,B cells,B cell (subtype unclear),0.5,hao_stateful_gemini_run05
L4_GTCCCATCAAACTAGA,B,B naive,B cells,B cell (subtype unclear),0.5,hao_stateful_gemini_run05
L2_CAGATACAGACGGATC,CD8 T,CD8 TCM,CD4+ T cells,CD4 T cell (subtype unclear),0.0,hao_stateful_gemini_run05
L5_ACTTCCGCAGATTCGT,DC,ASDC,CD14+ Monocytes,CD14 Mono,0.0,hao_stateful_gemini_run05
E2L1_ACCCTCACACGATTCA,DC,cDC2,CD14+ Monocytes,CD14 Mono,0.0,hao_stateful_gemini_run05
L4_GGGCTACAGAGGTCAC,other T,MAIT,CD8+ T cells,CD8 T cell (subtype unclear),0.0,hao_stateful_gemini_run05
L5_TTACGCCGTGAGTAGC,Mono,CD16 Mono,CD16+ Monocytes,CD16 Mono,1.0,hao_stateful_gemini_run05
E2L2_TAGCACAAGCTAATCC,CD4 T,CD4 TEM,CD4+ T cells,CD4 T cell (subtype unclear),0.5,hao_stateful_gemini_run05
L2_AGACAGGCAAATAAGC,Mono,CD14 Mono,CD16+ Monocytes,CD16 Mono,0.5,hao_stateful_gemini_run05
L3_CACTGTCTCCTGTAGA,CD8 T,CD8 TEM,CD4+ T cells,CD4 T cell (subtype unclear),0.0,hao_stateful_gemini_run05
L5_GACTTCCTCTCTCAAT,other T,dnT,Memory/Effector T cells,T cell (CD4/CD8/other unclear),0.5,hao_stateful_gemini_run05
L1_TTAATCCCAGGATCTT,other T,gdT,CD8+ T cells,CD8 T cell (subtype unclear),0.0,hao_stateful_gemini_run05
L5_CAACGGCAGCTCACTA,other T,MAIT,CD8+ T cells,CD8 T cell (subtype unclear),0.0,hao_stateful_gemini_run05
L1_GTGGTTAAGAGCTTTC,B,B intermediate,B cells,B cell (subtype unclear),0.5,hao_stateful_gemini_run05
E2L3_TCAGTTTCACTCCTTG,NK,NK,CD8+ T cells,CD8 T cell (subtype unclear),0.0,hao_stateful_gemini_run05
L3_TACCTGCTCTGAGTCA,other,Eryth,Erythrocytes,Eryth,1.0,hao_stateful_gemini_run05
E2L2_TCAATCTCATCCTTGC,NK,NK Proliferating,Proliferating cells,Proliferating lymphocyte (lineage unclear),0.5,hao_stateful_gemini_run05
E2L8_GAACTGTCAATAAGGT,CD8 T,CD8 TCM,CD4+ T cells,CD4 T cell (subtype unclear),0.0,hao_stateful_gemini_run05
E2L3_CGGGTGTTCTCCGAAA,Mono,CD16 Mono,CD16+ Monocytes,CD16 Mono,1.0,hao_stateful_gemini_run05
L1_GGTGTTAAGATAGCTA,other,ILC,NK cells,NK,0.0,hao_stateful_gemini_run05
E2L6_GGAATCTGTGACTGTT,other,Platelet,Platelets,Platelet,1.0,hao_stateful_gemini_run05
L3_TCAATCTGTCCGGTCA,other T,dnT,CD4+ T cells,CD4 T cell (subtype unclear),0.0,hao_stateful_gemini_run05
L4_CAAGAGGTCCGATTAG,other,Platelet,Platelets,Platelet,1.0,hao_stateful_gemini_run05
E2L7_TCAGTTTTCAAACCCA,DC,cDC2,CD14+ Monocytes,CD14 Mono,0.0,hao_stateful_gemini_run05
L1_CAATCGAGTCAAGGCA,CD4 T,CD4 CTL,CD8+ T cells,CD8 T cell (subtype unclear),0.0,hao_stateful_gemini_run05
E2L7_TCCCATGTCTTTGATC,Mono,CD14 Mono,CD14+ Monocytes,CD14 Mono,1.0,hao_stateful_gemini_run05
E2L8_AGCGCCAAGTCCCGGT,CD4 T,CD4 Proliferating,Proliferating cells,Proliferating lymphocyte (lineage unclear),0.5,hao_stateful_gemini_run05
L3_ATCATTCGTTGACGGA,B,Plasmablast,Plasma cells,Plasmablast,1.0,hao_stateful_gemini_run05
L1_GTCTGTCCAGTACTAC,CD4 T,Treg,CD4+ T cells,CD4 T cell (subtype unclear),0.5,hao_stateful_gemini_run05
E2L5_CGAAGGAGTGCATTAC,NK,NK,CD8+ T cells,CD8 T cell (subtype unclear),0.0,hao_stateful_gemini_run05
E2L2_CCCTCTCGTACAAGCG,CD4 T,CD4 TCM,CD4+ T cells,CD4 T cell (subtype unclear),0.5,hao_stateful_gemini_run05
L5_GAAGCGACAGGTTCAT,other,HSPC,HSPC,HSPC,1.0,hao_stateful_gemini_run05
E2L2_GGCTGTGAGACTCTAC,CD8 T,CD8 TCM,CD4+ T cells,CD4 T cell (subtype unclear),0.0,hao_stateful_gemini_run05
L5_TGAGCATTCATTCGGA,B,Plasmablast,Plasma cells,Plasmablast,1.0,hao_stateful_gemini_run05
L4_TCCACCAGTACAGCGA,CD4 T,CD4 CTL,CD8+ T cells,CD8 T cell (subtype unclear),0.0,hao_stateful_gemini_run05
E2L8_CCACGTTCAGTAGTTC,NK,NK,CD8+ T cells,CD8 T cell (subtype unclear),0.0,hao_stateful_gemini_run05
E2L5_TGGAGGACAATACCTG,Mono,CD14 Mono,CD14+ Monocytes,CD14 Mono,1.0,hao_stateful_gemini_run05
E2L4_CGTCCATTCATTTCCA,DC,cDC1,Conventional Dendritic cells,Dendritic cell (subtype unclear),0.5,hao_stateful_gemini_run05
E2L8_TTGCATTGTACGGCAA,CD8 T,CD8 Naive,CD4+ T cells,CD4 T cell (subtype unclear),0.0,hao_stateful_gemini_run05
E2L8_GGCAGTCAGAATCGAT,NK,NK Proliferating,Proliferating cells,Proliferating lymphocyte (lineage unclear),0.5,hao_stateful_gemini_run05
E2L4_ACTGCAAAGCCTTGAT,DC,cDC1,Conventional Dendritic cells,Dendritic cell (subtype unclear),0.5,hao_stateful_gemini_run05
L1_ATCGTCCTCCGCTGTT,CD4 T,CD4 Naive,CD4+ T cells,CD4 T cell (subtype unclear),0.5,hao_stateful_gemini_run05
L2_TCTATCATCGTCAACA,other T,gdT,CD4+ T cells,CD4 T cell (subtype unclear),0.0,hao_stateful_gemini_run05
L1_GAATCGTTCGGAGATG,other,Eryth,Erythrocytes,Eryth,1.0,hao_stateful_gemini_run05
E2L8_TCGCAGGTCGACACCG,DC,ASDC,CD14+ Monocytes,CD14 Mono,0.0,hao_stateful_gemini_run05
L4_GAATCGTAGCCGGAAT,B,B naive,B cells,B cell (subtype unclear),0.5,hao_stateful_gemini_run05
L2_CGCAGGTTCATTCCTA,CD8 T,CD8 TEM,CD8+ T cells,CD8 T cell (subtype unclear),0.5,hao_stateful_gemini_run05
L5_CACAGGCCAGTTTCAG,CD4 T,CD4 TEM,CD4+ T cells,CD4 T cell (subtype unclear),0.5,hao_stateful_gemini_run05
E2L2_GTAGTACCAGGTCCGT,other T,dnT,CD4+ T cells,CD4 T cell (subtype unclear),0.0,hao_stateful_gemini_run05
E2L5_GGATCTATCACGGGAA,CD4 T,CD4 Naive,CD4+ T cells,CD4 T cell (subtype unclear),0.5,hao_stateful_gemini_run05
L3_GGCGTCAAGTGCACCC,other T,MAIT,CD8+ T cells,CD8 T cell (subtype unclear),0.0,hao_stateful_gemini_run05
E2L4_GTTTGGAGTGCCGTAC,CD8 T,CD8 Proliferating,Proliferating cells,Proliferating lymphocyte (lineage unclear),0.5,hao_stateful_gemini_run05
E2L8_AGAAGTAGTAGCTTGT,B,B memory,B cells,B cell (subtype unclear),0.5,hao_stateful_gemini_run05
L2_ATTTCTGCAACTGCTA,DC,cDC1,Conventional Dendritic cells,Dendritic cell (subtype unclear),0.5,hao_stateful_gemini_run05
E2L5_AGAACCTTCGCTCCTA,B,Plasmablast,Plasma cells,Plasmablast,1.0,hao_stateful_gemini_run05
E2L7_GTAACACAGAGTTGCG,B,Plasmablast,Plasma cells,Plasmablast,1.0,hao_stateful_gemini_run05
L2_GCTACAAGTCTGATAC,Mono,CD14 Mono,CD16+ Monocytes,CD16 Mono,0.5,hao_stateful_gemini_run05
E2L3_CTTCCTTGTTTGTGGT,other T,gdT,CD8+ T cells,CD8 T cell (subtype unclear),0.0,hao_stateful_gemini_run05
E2L7_ATTACTCGTTGACGGA,Mono,CD14 Mono,CD14+ Monocytes,CD14 Mono,1.0,hao_stateful_gemini_run05
E2L8_TCATGTTCATCGTTCC,B,B naive,B cells,B cell (subtype unclear),0.5,hao_stateful_gemini_run05
L2_GAATCGTCAGTTGGTT,NK,NK Proliferating,Proliferating cells,Proliferating lymphocyte (lineage unclear),0.5,hao_stateful_gemini_run05
L2_CTACAGACACACTGGC,CD8 T,CD8 TEM,CD8+ T cells,CD8 T cell (subtype unclear),0.5,hao_stateful_gemini_run05
L2_ACTGTGAGTGATACTC,other T,dnT,Memory/Effector T cells,T cell (CD4/CD8/other unclear),0.5,hao_stateful_gemini_run05
L3_CTTCGGTGTAGGTCAG,CD4 T,CD4 TCM,CD4+ T cells,CD4 T cell (subtype unclear),0.5,hao_stateful_gemini_run05
L4_TACTGCCTCGAGGCAA,other,ILC,NK cells,NK,0.0,hao_stateful_gemini_run05
L3_TCGACCTAGGGTATAT,CD8 T,CD8 Proliferating,Proliferating cells,Proliferating lymphocyte (lineage unclear),0.5,hao_stateful_gemini_run05
E2L7_CGGGTCACAGGCACAA,B,B naive,B cells,B cell (subtype unclear),0.5,hao_stateful_gemini_run05
L5_TCACGCTAGGCCTTGC,CD4 T,CD4 Naive,CD4+ T cells,CD4 T cell (subtype unclear),0.5,hao_stateful_gemini_run05
L2_TGTAGACTCGGCAGTC,NK,NK,NK cells,NK,1.0,hao_stateful_gemini_run05
E2L7_ACACAGTTCTAAGCGT,CD8 T,CD8 Naive,CD4+ T cells,CD4 T cell (subtype unclear),0.0,hao_stateful_gemini_run05
L5_TACCGAATCATGCATG,NK,NK,CD8+ T cells,CD8 T cell (subtype unclear),0.0,hao_stateful_gemini_run05
L1_AGGAGGTTCGCTGCGA,CD8 T,CD8 Naive,CD4+ T cells,CD4 T cell (subtype unclear),0.0,hao_stateful_gemini_run05
E2L4_GACCTTCTCCGCTAGG,B,B memory,B cells,B cell (subtype unclear),0.5,hao_stateful_gemini_run05
E2L8_CTCAACCAGTAGGTTA,CD4 T,CD4 CTL,CD8+ T cells,CD8 T cell (subtype unclear),0.0,hao_stateful_gemini_run05
E2L3_GTGCTGGAGGTGAGCT,DC,cDC2,CD14+ Monocytes,CD14 Mono,0.0,hao_stateful_gemini_run05
E2L6_ACTGTGATCCACGGAC,DC,cDC1,Conventional Dendritic cells,Dendritic cell (subtype unclear),0.5,hao_stateful_gemini_run05
E2L8_AGGGTTTCAAATGATG,Mono,CD14 Mono,CD14+ Monocytes,CD14 Mono,1.0,hao_stateful_gemini_run05
L5_TACACCCAGACTTCGT,CD8 T,CD8 Naive,CD4+ T cells,CD4 T cell (subtype unclear),0.0,hao_stateful_gemini_run05
L1_GGGCTCAGTCTGTAGT,other,HSPC,HSPC,HSPC,1.0,hao_stateful_gemini_run05
L3_GTGGCGTCAATCTCGA,CD4 T,CD4 CTL,CD8+ T cells,CD8 T cell (subtype unclear),0.0,hao_stateful_gemini_run05
L4_TGGAACTAGTTGGCGA,CD4 T,CD4 Naive,CD4+ T cells,CD4 T cell (subtype unclear),0.5,hao_stateful_gemini_run05
L2_AGAGAGCAGGTAGTCG,other T,MAIT,CD8+ T cells,CD8 T cell (subtype unclear),0.0,hao_stateful_gemini_run05
E2L8_TGGGTTAAGATAACAC,other,Platelet,Platelets,Platelet,1.0,hao_stateful_gemini_run05
L3_TTTCCTCGTCCAAAGG,CD4 T,CD4 Naive,CD4+ T cells,CD4 T cell (subtype unclear),0.5,hao_stateful_gemini_run05
E2L3_CCCTGATAGTGTCATC,Mono,CD16 Mono,CD16+ Monocytes,CD16 Mono,1.0,hao_stateful_gemini_run05
E2L1_GAAGGACGTGTCACAT,B,B naive,B cells,B cell (subtype unclear),0.5,hao_stateful_gemini_run05
E2L2_GAGAGGTGTCGTCATA,CD8 T,CD8 Naive,CD4+ T cells,CD4 T cell (subtype unclear),0.0,hao_stateful_gemini_run05
L3_GTCTTTACAAATGGTA,CD8 T,CD8 TCM,CD4+ T cells,CD4 T cell (subtype unclear),0.0,hao_stateful_gemini_run05
E2L2_TTGAACGTCAGCAGAG,DC,pDC,Plasmacytoid Dendritic cells,pDC,1.0,hao_stateful_gemini_run05
L1_CAGATCATCGCTTTAT,Mono,CD14 Mono,CD16+ Monocytes,CD16 Mono,0.5,hao_stateful_gemini_run05
E2L3_CTCCTTTAGGCCCACT,NK,NK_CD56bright,NK cells,NK,0.5,hao_stateful_gemini_run05
L5_GACACGCGTTGCTTGA,CD4 T,Treg,CD4+ T cells,CD4 T cell (subtype unclear),0.5,hao_stateful_gemini_run05
E2L8_GACGTTACAAATCCCA,other,Platelet,CD16+ Monocytes,CD16 Mono,0.0,hao_stateful_gemini_run05
E2L7_ATGCGATGTAGTAAGT,NK,NK_CD56bright,NK cells,NK,0.5,hao_stateful_gemini_run05
E2L3_GCCTGTTCAAGACGGT,B,B intermediate,B cells,B cell (subtype unclear),0.5,hao_stateful_gemini_run05
E2L4_CCTGTTGAGCTCGTGC,NK,NK Proliferating,Proliferating cells,Proliferating lymphocyte (lineage unclear),0.5,hao_stateful_gemini_run05
L1_ATCACAGCACGTCGGT,CD8 T,CD8 Naive,CD4+ T cells,CD4 T cell (subtype unclear),0.0,hao_stateful_gemini_run05
E2L3_CCTCCTCTCAAACGAA,CD4 T,CD4 Naive,CD4+ T cells,CD4 T cell (subtype unclear),0.5,hao_stateful_gemini_run05
L5_AGTTCGAAGCCATTGT,other,Eryth,Erythrocytes,Eryth,1.0,hao_stateful_gemini_run05
E2L3_TGATTCTCAGGTCAGA,NK,NK Proliferating,Proliferating cells,Proliferating lymphocyte (lineage unclear),0.5,hao_stateful_gemini_run05
E2L2_CACGTGGAGTCACGCC,other,HSPC,HSPC,HSPC,1.0,hao_stateful_gemini_run05
L3_TCATTACCAGAAGTTA,DC,cDC2,CD14+ Monocytes,CD14 Mono,0.0,hao_stateful_gemini_run05
E2L6_ATCACTTTCCGTGGCA,B,Plasmablast,Plasma cells,Plasmablast,1.0,hao_stateful_gemini_run05
L3_TTACGCCTCACGGGAA,Mono,CD16 Mono,CD16+ Monocytes,CD16 Mono,1.0,hao_stateful_gemini_run05
E2L7_AGCTCAATCGCCTATC,DC,ASDC,CD14+ Monocytes,CD14 Mono,0.0,hao_stateful_gemini_run05
L2_GTGCACGCATGTAACC,B,B naive,B cells,B cell (subtype unclear),0.5,hao_stateful_gemini_run05
E2L6_TCGTGCTTCGCAGATT,other T,MAIT,CD8+ T cells,CD8 T cell (subtype unclear),0.0,hao_stateful_gemini_run05
L5_CTGATCCGTGCAACGA,Mono,CD16 Mono,CD16+ Monocytes,CD16 Mono,1.0,hao_stateful_gemini_run05
L5_TGATGCAAGCCGGATA,other T,MAIT,CD8+ T cells,CD8 T cell (subtype unclear),0.0,hao_stateful_gemini_run05
L4_GTTACAGCATTGCTGA,B,B memory,B cells,B cell (subtype unclear),0.5,hao_stateful_gemini_run05
E2L6_GTGTTAGAGTGCAAAT,B,B naive,B cells,B cell (subtype unclear),0.5,hao_stateful_gemini_run05
E2L2_GTCAAACAGTTACGAA,Mono,CD14 Mono,CD16+ Monocytes,CD16 Mono,0.5,hao_stateful_gemini_run05
L3_TGGAGAGCATGAAGCG,CD4 T,Treg,CD4+ T cells,CD4 T cell (subtype unclear),0.5,hao_stateful_gemini_run05
L2_CGAAGTTTCACCTGGG,NK,NK,CD8+ T cells,CD8 T cell (subtype unclear),0.0,hao_stateful_gemini_run05
E2L7_ACCTGTCAGCATCGAG,NK,NK_CD56bright,NK cells,NK,0.5,hao_stateful_gemini_run05
L1_TCCCACATCACGACTA,other,Platelet,Platelets,Platelet,1.0,hao_stateful_gemini_run05
E2L3_AAACGCTTCACCCTGT,CD4 T,CD4 CTL,CD8+ T cells,CD8 T cell (subtype unclear),0.0,hao_stateful_gemini_run05
E2L7_CAGTGCGGTGGAATGC,NK,NK,CD8+ T cells,CD8 T cell (subtype unclear),0.0,hao_stateful_gemini_run05
L5_GCTGCAGTCATTGCCC,CD4 T,CD4 TCM,CD4+ T cells,CD4 T cell (subtype unclear),0.5,hao_stateful_gemini_run05
E2L2_GTAGGAGAGGAGGGTG,B,B intermediate,B cells,B cell (subtype unclear),0.5,hao_stateful_gemini_run05
E2L5_GCACTAAGTGACTATC,Mono,CD16 Mono,CD16+ Monocytes,CD16 Mono,1.0,hao_stateful_gemini_run05
E2L1_ATTCAGGGTTGCGGCT,CD4 T,CD4 CTL,CD8+ T cells,CD8 T cell (subtype unclear),0.0,hao_stateful_gemini_run05
L3_TTCGATTCACGTACTA,other,HSPC,HSPC,HSPC,1.0,hao_stateful_gemini_run05
E2L7_CGGGTCACAGTTCACA,CD4 T,CD4 CTL,CD8+ T cells,CD8 T cell (subtype unclear),0.0,hao_stateful_gemini_run05
L2_GGTTCTCGTTTACCTT,CD8 T,CD8 TCM,CD4+ T cells,CD4 T cell (subtype unclear),0.0,hao_stateful_gemini_run05
L1_TGGTGATGTTCTTGTT,B,B naive,B cells,B cell (subtype unclear),0.5,hao_stateful_gemini_run05
E2L5_TCCACGTTCCGACATA,B,B memory,B cells,B cell (subtype unclear),0.5,hao_stateful_gemini_run05
E2L3_CATCCCAAGGTAGGCT,DC,pDC,Plasmacytoid Dendritic cells,pDC,1.0,hao_stateful_gemini_run05
L5_TCTTAGTGTATGGTAA,NK,NK,CD8+ T cells,CD8 T cell (subtype unclear),0.0,hao_stateful_gemini_run05
L4_ATCCATTGTAGCCAGA,other T,dnT,Memory/Effector T cells,T cell (CD4/CD8/other unclear),0.5,hao_stateful_gemini_run05
E2L3_AGAGAATCATGGGTCC,B,B naive,B cells,B cell (subtype unclear),0.5,hao_stateful_gemini_run05
L5_GTTCGCTGTTACGGAG,DC,cDC1,Conventional Dendritic cells,Dendritic cell (subtype unclear),0.5,hao_stateful_gemini_run05
E2L2_TGTCAGAAGTTACTCG,B,B memory,B cells,B cell (subtype unclear),0.5,hao_stateful_gemini_run05
L1_GCAGTTATCTCTCTAA,B,B memory,B cells,B cell (subtype unclear),0.5,hao_stateful_gemini_run05
L1_AGCTACAGTATTCTCT,other,HSPC,HSPC,HSPC,1.0,hao_stateful_gemini_run05
L5_CGAGGAACAGCTAACT,B,B naive,B cells,B cell (subtype unclear),0.5,hao_stateful_gemini_run05
E2L5_TCTCACGAGAGTCGAC,CD4 T,Treg,CD4+ T cells,CD4 T cell (subtype unclear),0.5,hao_stateful_gemini_run05
E2L1_TCCTCGAAGAAGCGGG,other T,gdT,CD8+ T cells,CD8 T cell (subtype unclear),0.0,hao_stateful_gemini_run05
E2L6_CAATGACAGCCTCCAG,CD8 T,CD8 TCM,CD4+ T cells,CD4 T cell (subtype unclear),0.0,hao_stateful_gemini_run05
L4_TTTGATCAGCGACATG,NK,NK Proliferating,Proliferating cells,Proliferating lymphocyte (lineage unclear),0.5,hao_stateful_gemini_run05
L4_ATGTCTTCATCGAGCC,B,B naive,B cells,B cell (subtype unclear),0.5,hao_stateful_gemini_run05
E2L6_TGACAGTCAACAGCCC,CD8 T,CD8 TEM,CD8+ T cells,CD8 T cell (subtype unclear),0.5,hao_stateful_gemini_run05
E2L8_ACTTTCAGTCTTCGAA,Mono,CD16 Mono,CD16+ Monocytes,CD16 Mono,1.0,hao_stateful_gemini_run05
E2L4_ACTCTCGAGGTTGAGC,NK,NK Proliferating,Proliferating cells,Proliferating lymphocyte (lineage unclear),0.5,hao_stateful_gemini_run05
L2_CGGAATTCACTGGCCA,CD4 T,CD4 TEM,CD4+ T cells,CD4 T cell (subtype unclear),0.5,hao_stateful_gemini_run05
L5_ACACAGTTCATGCCAA,Mono,CD16 Mono,CD16+ Monocytes,CD16 Mono,1.0,hao_stateful_gemini_run05
E2L7_TTCCAATTCGGTAACT,CD4 T,CD4 CTL,CD8+ T cells,CD8 T cell (subtype unclear),0.0,hao_stateful_gemini_run05
L3_AAAGGATAGCGCCTAC,B,B naive,B cells,B cell (subtype unclear),0.5,hao_stateful_gemini_run05
E2L2_TTGGGCGTCCCGATCT,CD8 T,CD8 TEM,CD8+ T cells,CD8 T cell (subtype unclear),0.5,hao_stateful_gemini_run05
L1_AGTACTGTCGAGAGAC,NK,NK,CD8+ T cells,CD8 T cell (subtype unclear),0.0,hao_stateful_gemini_run05
E2L5_ACAGGGACAGTCAACT,DC,cDC2,CD14+ Monocytes,CD14 Mono,0.0,hao_stateful_gemini_run05
L5_TAAGTCGCAACACAGG,CD8 T,CD8 TCM,CD4+ T cells,CD4 T cell (subtype unclear),0.0,hao_stateful_gemini_run05
E2L2_ACATGCAAGATCCTAC,NK,NK_CD56bright,NK cells,NK,0.5,hao_stateful_gemini_run05
L4_CATTCATAGGATGTTA,CD4 T,CD4 TEM,CD4+ T cells,CD4 T cell (subtype unclear),0.5,hao_stateful_gemini_run05
E2L4_TTCCGTGAGATAGGGA,CD4 T,CD4 Naive,CD4+ T cells,CD4 T cell (subtype unclear),0.5,hao_stateful_gemini_run05
E2L5_CTTGAGACAGGCAATG,other T,gdT,CD8+ T cells,CD8 T cell (subtype unclear),0.0,hao_stateful_gemini_run05
E2L5_ACACGCGCAGAAGCTG,B,B memory,B cells,B cell (subtype unclear),0.5,hao_stateful_gemini_run05
E2L3_ATGATCGCAGCTATTG,Mono,CD16 Mono,CD16+ Monocytes,CD16 Mono,1.0,hao_stateful_gemini_run05
E2L5_GACTGATGTGACAGCA,CD8 T,CD8 Proliferating,Proliferating cells,Proliferating lymphocyte (lineage unclear),0.5,hao_stateful_gemini_run05
E2L2_CGGAATTCACGATTCA,DC,cDC1,Conventional Dendritic cells,Dendritic cell (subtype unclear),0.5,hao_stateful_gemini_run05
E2L7_GATGCTAAGAGTGGCT,DC,cDC1,Conventional Dendritic cells,Dendritic cell (subtype unclear),0.5,hao_stateful_gemini_run05
L2_GATGGAGGTCGCACAC,other,Platelet,Platelets,Platelet,1.0,hao_stateful_gemini_run05
E2L3_ATGATCGTCTCTTAAC,NK,NK,CD8+ T cells,CD8 T cell (subtype unclear),0.0,hao_stateful_gemini_run05
L3_TGAGTCATCTATTCGT,CD8 T,CD8 Naive,CD4+ T cells,CD4 T cell (subtype unclear),0.0,hao_stateful_gemini_run05
L5_CATGGATCACTAGGTT,CD4 T,CD4 TEM,CD8+ T cells,CD8 T cell (subtype unclear),0.0,hao_stateful_gemini_run05
L5_TGGAACTCATCCTAAG,NK,NK Proliferating,Proliferating cells,Proliferating lymphocyte (lineage unclear),0.5,hao_stateful_gemini_run05
E2L8_CTTCAATTCTGCGGCA,CD8 T,CD8 TCM,CD4+ T cells,CD4 T cell (subtype unclear),0.0,hao_stateful_gemini_run05
L5_TGATGGTTCGAGATGG,CD4 T,Treg,CD4+ T cells,CD4 T cell (subtype unclear),0.5,hao_stateful_gemini_run05
L4_TCTTAGTCATGGAACG,CD4 T,CD4 TCM,CD4+ T cells,CD4 T cell (subtype unclear),0.5,hao_stateful_gemini_run05
L4_GGGAGATTCTTCGATT,Mono,CD14 Mono,CD16+ Monocytes,CD16 Mono,0.5,hao_stateful_gemini_run05
E2L7_GATCCCTTCTTCCACG,NK,NK Proliferating,Proliferating cells,Proliferating lymphocyte (lineage unclear),0.5,hao_stateful_gemini_run05
E2L1_AACCTGAAGAGTGACC,CD4 T,CD4 TEM,CD4+ T cells,CD4 T cell (subtype unclear),0.5,hao_stateful_gemini_run05
E2L3_TTCGCTGGTCCTATAG,B,B intermediate,B cells,B cell (subtype unclear),0.5,hao_stateful_gemini_run05
E2L2_GAATCACAGACTAGAT,CD8 T,CD8 Naive,CD4+ T cells,CD4 T cell (subtype unclear),0.0,hao_stateful_gemini_run05
L5_TTCTAGTCATTGCTGA,CD8 T,CD8 TCM,CD4+ T cells,CD4 T cell (subtype unclear),0.0,hao_stateful_gemini_run05
E2L8_TGCCGAGCATTGACAC,other,Platelet,Platelets,Platelet,1.0,hao_stateful_gemini_run05
L3_CTTACCGCAGCTACTA,CD4 T,CD4 Naive,CD4+ T cells,CD4 T cell (subtype unclear),0.5,hao_stateful_gemini_run05
E2L1_CAGGCCACAGACCAGA,CD4 T,CD4 CTL,CD8+ T cells,CD8 T cell (subtype unclear),0.0,hao_stateful_gemini_run05
E2L3_GCTTCACAGACCTCAT,B,B intermediate,B cells,B cell (subtype unclear),0.5,hao_stateful_gemini_run05
E2L6_TCCATCGAGTCGGCAA,CD4 T,CD4 Naive,CD4+ T cells,CD4 T cell (subtype unclear),0.5,hao_stateful_gemini_run05
L4_TCGGGACAGAAGTCTA,B,Plasmablast,Plasma cells,Plasmablast,1.0,hao_stateful_gemini_run05
L1_CATGCTCAGCAGGCAT,DC,cDC2,Proliferating cells,Proliferating lymphocyte (lineage unclear),0.0,hao_stateful_gemini_run05
L1_TCATTGTAGGGATCAC,DC,cDC1,Conventional Dendritic cells,Dendritic cell (subtype unclear),0.5,hao_stateful_gemini_run05
E2L6_TTGCATTCAATGCAGG,Mono,CD16 Mono,CD16+ Monocytes,CD16 Mono,1.0,hao_stateful_gemini_run05
E2L4_GTTAGTGCATGAGGGT,B,B intermediate,B cells,B cell (subtype unclear),0.5,hao_stateful_gemini_run05
E2L8_TGATCAGTCGGTATGT,DC,pDC,Plasmacytoid Dendritic cells,pDC,1.0,hao_stateful_gemini_run05
E2L5_GTAACCACAAGAAATC,CD4 T,CD4 Naive,CD4+ T cells,CD4 T cell (subtype unclear),0.5,hao_stateful_gemini_run05
E2L4_CGGAACCAGACATATG,CD8 T,CD8 Naive,CD4+ T cells,CD4 T cell (subtype unclear),0.0,hao_stateful_gemini_run05
L1_CAACGATAGAAGCGGG,NK,NK_CD56bright,NK cells,NK,0.5,hao_stateful_gemini_run05
E2L7_GTGGGAAGTTCGAAGG,NK,NK,CD8+ T cells,CD8 T cell (subtype unclear),0.0,hao_stateful_gemini_run05
L1_TACTTGTAGTTTGGCT,CD8 T,CD8 Naive,CD4+ T cells,CD4 T cell (subtype unclear),0.0,hao_stateful_gemini_run05
L2_TTGACCCCAACGTTAC,other T,MAIT,CD8+ T cells,CD8 T cell (subtype unclear),0.0,hao_stateful_gemini_run05
L1_TTAGGCACAGTCGAGA,other T,gdT,CD8+ T cells,CD8 T cell (subtype unclear),0.0,hao_stateful_gemini_run05
L4_CCTTGTGTCTGCTTAT,other T,MAIT,CD8+ T cells,CD8 T cell (subtype unclear),0.0,hao_stateful_gemini_run05
L4_CACAGGCCATGGCCAC,CD4 T,CD4 TCM,CD4+ T cells,CD4 T cell (subtype unclear),0.5,hao_stateful_gemini_run05
L3_TCTATACTCCCGATCT,B,B naive,B cells,B cell (subtype unclear),0.5,hao_stateful_gemini_run05
E2L4_ATTTCACTCTATCGTT,other,ILC,NK cells,NK,0.0,hao_stateful_gemini_run05
L1_AGCCAGCAGAGAGTTT,NK,NK_CD56bright,NK cells,NK,0.5,hao_stateful_gemini_run05
L2_CGAGTTAAGCGAGGAG,B,Plasmablast,Plasma cells,Plasmablast,1.0,hao_stateful_gemini_run05
E2L2_GTGCACGAGATTGATG,DC,ASDC,CD14+ Monocytes,CD14 Mono,0.0,hao_stateful_gemini_run05
E2L6_TTTGATCCAAGAGTTA,CD4 T,CD4 CTL,CD8+ T cells,CD8 T cell (subtype unclear),0.0,hao_stateful_gemini_run05
L1_CAAGGGATCTTTGATC,B,B intermediate,B cells,B cell (subtype unclear),0.5,hao_stateful_gemini_run05
L4_AAGATAGTCAAGCTTG,DC,cDC1,Conventional Dendritic cells,Dendritic cell (subtype unclear),0.5,hao_stateful_gemini_run05
L1_TTTGTTGTCAGGAAAT,B,Plasmablast,Plasma cells,Plasmablast,1.0,hao_stateful_gemini_run05
E2L2_ATGGATCGTCAGTCTA,DC,pDC,Plasmacytoid Dendritic cells,pDC,1.0,hao_stateful_gemini_run05
E2L1_CAGTTAGTCCTCTTTC,DC,cDC2,CD14+ Monocytes,CD14 Mono,0.0,hao_stateful_gemini_run05
E2L8_AATCGTGGTCTTTATC,CD4 T,CD4 CTL,CD8+ T cells,CD8 T cell (subtype unclear),0.0,hao_stateful_gemini_run05
L4_GAATCGTCAGTTGCGC,CD8 T,CD8 TCM,CD4+ T cells,CD4 T cell (subtype unclear),0.0,hao_stateful_gemini_run05
E2L3_CCTAACCCAGAGCCCT,B,B memory,B cells,B cell (subtype unclear),0.5,hao_stateful_gemini_run05
E2L2_CGATCGGAGAATTTGG,CD8 T,CD8 TEM,CD8+ T cells,CD8 T cell (subtype unclear),0.5,hao_stateful_gemini_run05
L3_GAATAGAAGTAGTCAA,other,HSPC,HSPC,HSPC,1.0,hao_stateful_gemini_run05
E2L1_TTCTCTCTCTCACGAA,DC,pDC,Plasmacytoid Dendritic cells,pDC,1.0,hao_stateful_gemini_run05
L4_CTCATGCGTCGATTAC,CD4 T,CD4 TEM,CD4+ T cells,CD4 T cell (subtype unclear),0.5,hao_stateful_gemini_run05
E2L1_CATCGCTGTGTATCCA,DC,cDC1,Conventional Dendritic cells,Dendritic cell (subtype unclear),0.5,hao_stateful_gemini_run05
L4_TTTCCTCCACAGTACT,NK,NK_CD56bright,NK cells,NK,0.5,hao_stateful_gemini_run05
L5_CTCCTTTAGGAGAATG,other T,MAIT,CD8+ T cells,CD8 T cell (subtype unclear),0.0,hao_stateful_gemini_run05
L4_GGACGTCAGTAGCAAT,NK,NK Proliferating,Proliferating cells,Proliferating lymphocyte (lineage unclear),0.5,hao_stateful_gemini_run05
E2L8_TTGACCCAGGCAGCTA,NK,NK_CD56bright,NK cells,NK,0.5,hao_stateful_gemini_run05
L2_ATGTCTTGTCAGGAGT,CD8 T,CD8 Naive,CD4+ T cells,CD4 T cell (subtype unclear),0.0,hao_stateful_gemini_run05
E2L8_GGTGAAGAGACCAGAC,Mono,CD14 Mono,CD16+ Monocytes,CD16 Mono,0.5,hao_stateful_gemini_run05
E2L7_GGGACAATCATTCTTG,CD4 T,CD4 TEM,CD4+ T cells,CD4 T cell (subtype unclear),0.5,hao_stateful_gemini_run05
L2_TCGAAGTTCGACACCG,other,HSPC,HSPC,HSPC,1.0,hao_stateful_gemini_run05
L3_ACCCAAAGTCGCGTCA,CD4 T,Treg,CD4+ T cells,CD4 T cell (subtype unclear),0.5,hao_stateful_gemini_run05
E2L5_CAACCAATCACAGTGT,B,Plasmablast,Plasma cells,Plasmablast,1.0,hao_stateful_gemini_run05
E2L4_GTGATGTCACTTCATT,CD8 T,CD8 TCM,CD4+ T cells,CD4 T cell (subtype unclear),0.0,hao_stateful_gemini_run05
L3_TCACGGGGTGACATCT,other,HSPC,HSPC,HSPC,1.0,hao_stateful_gemini_run05
E2L6_TAGATCGGTTCAAGTC,DC,cDC2,CD14+ Monocytes,CD14 Mono,0.0,hao_stateful_gemini_run05
E2L7_ACATCGATCATAGAGA,CD4 T,CD4 CTL,CD8+ T cells,CD8 T cell (subtype unclear),0.0,hao_stateful_gemini_run05
L3_GGCAGTCGTTGGGACA,B,B naive,B cells,B cell (subtype unclear),0.5,hao_stateful_gemini_run05
L3_TGTTGGAAGGCAGTCA,NK,NK,CD8+ T cells,CD8 T cell (subtype unclear),0.0,hao_stateful_gemini_run05
E2L5_CCACAAAGTAATGCTC,B,Plasmablast,Plasma cells,Plasmablast,1.0,hao_stateful_gemini_run05
L5_GCACATATCGGAACTT,other,HSPC,HSPC,HSPC,1.0,hao_stateful_gemini_run05
E2L5_ATGAAAGTCGACGAGA,Mono,CD14 Mono,CD16+ Monocytes,CD16 Mono,0.5,hao_stateful_gemini_run05
E2L3_TAGTGCAAGAGTGGCT,NK,NK_CD56bright,NK cells,NK,0.5,hao_stateful_gemini_run05
E2L3_TCCTGCAAGACGCCCT,CD8 T,CD8 TEM,CD8+ T cells,CD8 T cell (subtype unclear),0.5,hao_stateful_gemini_run05
E2L3_AGGTAGGAGGAGAATG,NK,NK Proliferating,Proliferating cells,Proliferating lymphocyte (lineage unclear),0.5,hao_stateful_gemini_run05
E2L2_TGAGCGCTCGATTGGT,NK,NK_CD56bright,NK cells,NK,0.5,hao_stateful_gemini_run05
L4_ATAGACCGTCAAGTTC,CD8 T,CD8 Proliferating,Proliferating cells,Proliferating lymphocyte (lineage unclear),0.5,hao_stateful_gemini_run05
E2L4_GTTGCGGTCACCCTTG,CD8 T,CD8 TEM,CD8+ T cells,CD8 T cell (subtype unclear),0.5,hao_stateful_gemini_run05
L1_TCCCATGCACCGGTCA,Mono,CD14 Mono,CD16+ Monocytes,CD16 Mono,0.5,hao_stateful_gemini_run05
E2L3_CTGAGGCGTCGTCAGC,DC,cDC2,CD14+ Monocytes,CD14 Mono,0.0,hao_stateful_gemini_run05
E2L4_AGTAGTCGTGCAACAG,DC,cDC1,Conventional Dendritic cells,Dendritic cell (subtype unclear),0.5,hao_stateful_gemini_run05
E2L7_ACCAAACAGTGCACAG,NK,NK Proliferating,Proliferating cells,Proliferating lymphocyte (lineage unclear),0.5,hao_stateful_gemini_run05
L4_CCATAAGCAATCAGCT,CD4 T,CD4 CTL,CD8+ T cells,CD8 T cell (subtype unclear),0.0,hao_stateful_gemini_run05
L5_TGTCCTGAGACAACAT,CD4 T,CD4 CTL,CD8+ T cells,CD8 T cell (subtype unclear),0.0,hao_stateful_gemini_run05
E2L3_TACGGTAAGCGTTACT,B,Plasmablast,Plasma cells,Plasmablast,1.0,hao_stateful_gemini_run05
E2L2_TGTACAGAGCGACTAG,DC,ASDC,CD14+ Monocytes,CD14 Mono,0.0,hao_stateful_gemini_run05
L4_TCCTCTTCATTGGATC,CD8 T,CD8 Naive,CD4+ T cells,CD4 T cell (subtype unclear),0.0,hao_stateful_gemini_run05
L3_CTCAGTCTCAGTGTGT,CD4 T,CD4 TEM,CD4+ T cells,CD4 T cell (subtype unclear),0.5,hao_stateful_gemini_run05
E2L2_TTTGTTGCATGAAGCG,CD8 T,CD8 TCM,CD4+ T cells,CD4 T cell (subtype unclear),0.0,hao_stateful_gemini_run05
L5_TTCTGTAAGTGCGTCC,CD4 T,CD4 TEM,CD4+ T cells,CD4 T cell (subtype unclear),0.5,hao_stateful_gemini_run05
E2L6_AATTCCTTCAGCTGTA,CD4 T,CD4 Proliferating,Proliferating cells,Proliferating lymphocyte (lineage unclear),0.5,hao_stateful_gemini_run05
E2L5_GGACGTCCAGAGAAAG,B,B naive,B cells,B cell (subtype unclear),0.5,hao_stateful_gemini_run05
L5_TCTCAGCGTGAGCAGT,Mono,CD14 Mono,CD16+ Monocytes,CD16 Mono,0.5,hao_stateful_gemini_run05
L1_TGCGATAGTATCGCGC,B,B naive,B cells,B cell (subtype unclear),0.5,hao_stateful_gemini_run05
E2L6_TGGGCTGTCTATTTCG,CD4 T,CD4 TEM,CD4+ T cells,CD4 T cell (subtype unclear),0.5,hao_stateful_gemini_run05
E2L8_GATAGAAGTGCGGCTT,CD8 T,CD8 Naive,CD4+ T cells,CD4 T cell (subtype unclear),0.0,hao_stateful_gemini_run05
E2L5_CATCGCTCACACGCCA,B,B memory,B cells,B cell (subtype unclear),0.5,hao_stateful_gemini_run05
L4_AGCGTCGCATCAGCGC,CD8 T,CD8 TCM,CD4+ T cells,CD4 T cell (subtype unclear),0.0,hao_stateful_gemini_run05
E2L2_TGTCCACTCGGCTTCT,B,Plasmablast,Plasma cells,Plasmablast,1.0,hao_stateful_gemini_run05
L3_CGAGTGCTCTATCACT,other T,MAIT,CD8+ T cells,CD8 T cell (subtype unclear),0.0,hao_stateful_gemini_run05
E2L5_CTCAACCCATAGGCGA,CD8 T,CD8 TEM,CD8+ T cells,CD8 T cell (subtype unclear),0.5,hao_stateful_gemini_run05
E2L6_TACTTGTTCGTCCATC,CD4 T,CD4 CTL,CD8+ T cells,CD8 T cell (subtype unclear),0.0,hao_stateful_gemini_run05
E2L1_ATTGTTCCATATACCG,CD8 T,CD8 TEM,CD8+ T cells,CD8 T cell (subtype unclear),0.5,hao_stateful_gemini_run05
L2_TTTGGAGTCTTCCCGA,CD8 T,CD8 Naive,CD4+ T cells,CD4 T cell (subtype unclear),0.0,hao_stateful_gemini_run05
E2L6_GGGCTCAAGGTTTACC,CD8 T,CD8 Naive,CD4+ T cells,CD4 T cell (subtype unclear),0.0,hao_stateful_gemini_run05
E2L7_TCCGGGATCAAGCTTG,B,B intermediate,B cells,B cell (subtype unclear),0.5,hao_stateful_gemini_run05
E2L8_CATACAGTCCCGGTAG,CD8 T,CD8 Naive,CD4+ T cells,CD4 T cell (subtype unclear),0.0,hao_stateful_gemini_run05
E2L7_GGGACTCCAACGCCCA,DC,cDC2,CD14+ Monocytes,CD14 Mono,0.0,hao_stateful_gemini_run05
E2L6_TGCAGTAAGTTGTCAC,CD8 T,CD8 TEM,CD8+ T cells,CD8 T cell (subtype unclear),0.5,hao_stateful_gemini_run05
E2L2_CCCTGATTCGTGGCTG,other,HSPC,HSPC,HSPC,1.0,hao_stateful_gemini_run05
L5_TTTACTGGTACACGTT,Mono,CD14 Mono,CD16+ Monocytes,CD16 Mono,0.5,hao_stateful_gemini_run05
E2L2_ACTACGAGTTTGGGAG,Mono,CD14 Mono,CD16+ Monocytes,CD16 Mono,0.5,hao_stateful_gemini_run05
L5_ATCACTTGTCGTTGCG,CD8 T,CD8 Naive,CD4+ T cells,CD4 T cell (subtype unclear),0.0,hao_stateful_gemini_run05
E2L8_AAGACTCAGCCTTCTC,Mono,CD14 Mono,CD16+ Monocytes,CD16 Mono,0.5,hao_stateful_gemini_run05
L2_CTCCTCCTCATTTGGG,Mono,CD14 Mono,CD16+ Monocytes,CD16 Mono,0.5,hao_stateful_gemini_run05
E2L8_AACAAAGGTACAAGTA,NK,NK,CD8+ T cells,CD8 T cell (subtype unclear),0.0,hao_stateful_gemini_run05
L4_CATACAGAGATAACAC,CD4 T,CD4 Proliferating,Proliferating cells,Proliferating lymphocyte (lineage unclear),0.5,hao_stateful_gemini_run05
L2_CTAACCCAGACTCATC,CD4 T,CD4 TCM,CD4+ T cells,CD4 T cell (subtype unclear),0.5,hao_stateful_gemini_run05
E2L3_TACGGGCCATCCTATT,other,Platelet,Platelets,Platelet,1.0,hao_stateful_gemini_run05
E2L8_GAAGTAAAGGGATCAC,CD4 T,CD4 TEM,CD4+ T cells,CD4 T cell (subtype unclear),0.5,hao_stateful_gemini_run05
L4_ATCGGATCAATGCAGG,B,Plasmablast,Plasma cells,Plasmablast,1.0,hao_stateful_gemini_run05
E2L6_GCGTGCAGTGCTAGCC,B,B naive,B cells,B cell (subtype unclear),0.5,hao_stateful_gemini_run05
L3_GCATCTCTCAAATGAG,other T,gdT,CD8+ T cells,CD8 T cell (subtype unclear),0.0,hao_stateful_gemini_run05
E2L6_GAAGCCCCACAATGCT,CD4 T,CD4 CTL,CD8+ T cells,CD8 T cell (subtype unclear),0.0,hao_stateful_gemini_run05
E2L3_ACCCTCAGTCAAGCCC,DC,cDC2,CD14+ Monocytes,CD14 Mono,0.0,hao_stateful_gemini_run05
E2L2_CGCGTGAAGCTTGTGT,CD4 T,CD4 TEM,CD4+ T cells,CD4 T cell (subtype unclear),0.5,hao_stateful_gemini_run05
E2L8_ATACCTTTCCTGTAAG,other,ILC,NK cells,NK,0.0,hao_stateful_gemini_run05
L5_GGAGGATGTTCAGGTT,DC,pDC,Plasmacytoid Dendritic cells,pDC,1.0,hao_stateful_gemini_run05
E2L5_CTCAGAATCCCTTGTG,CD4 T,CD4 TCM,CD4+ T cells,CD4 T cell (subtype unclear),0.5,hao_stateful_gemini_run05
E2L3_TTCAATCAGGCACGAT,other,Platelet,Platelets,Platelet,1.0,hao_stateful_gemini_run05
L2_CATTCCGTCTATGTGG,other,HSPC,HSPC,HSPC,1.0,hao_stateful_gemini_run05
E2L1_CGGTCAGCACCGGCTA,DC,cDC2,CD14+ Monocytes,CD14 Mono,0.0,hao_stateful_gemini_run05
L1_TATATCCCACCGAATT,CD4 T,CD4 Naive,CD4+ T cells,CD4 T cell (subtype unclear),0.5,hao_stateful_gemini_run05
L4_TGTTCATTCATAGCAC,CD8 T,CD8 TCM,CD4+ T cells,CD4 T cell (subtype unclear),0.0,hao_stateful_gemini_run05
E2L6_AGTAACCAGCGGGTTA,B,Plasmablast,Plasma cells,Plasmablast,1.0,hao_stateful_gemini_run05
E2L8_GTGAGGAAGCCGTTAT,CD4 T,CD4 TEM,CD4+ T cells,CD4 T cell (subtype unclear),0.5,hao_stateful_gemini_run05
L1_GCAACATAGGTGCTAG,other T,dnT,CD4+ T cells,CD4 T cell (subtype unclear),0.0,hao_stateful_gemini_run05
E2L8_TTCGATTTCGAAGCCC,NK,NK,CD8+ T cells,CD8 T cell (subtype unclear),0.0,hao_stateful_gemini_run05
E2L8_GTTGCGGCAATTCACG,B,B naive,B cells,B cell (subtype unclear),0.5,hao_stateful_gemini_run05
L2_CTTCCGAGTGTTAGCT,other T,dnT,Memory/Effector T cells,T cell (CD4/CD8/other unclear),0.5,hao_stateful_gemini_run05
E2L7_TTACAGGTCGGACGTC,DC,cDC1,Conventional Dendritic cells,Dendritic cell (subtype unclear),0.5,hao_stateful_gemini_run05
L1_CACAACACATCAACCA,DC,cDC2,CD14+ Monocytes,CD14 Mono,0.0,hao_stateful_gemini_run05
E2L8_ACCTGTCCATGGATCT,B,B intermediate,B cells,B cell (subtype unclear),0.5,hao_stateful_gemini_run05
E2L8_GTGGAAGTCCATGATG,DC,cDC2,CD14+ Monocytes,CD14 Mono,0.0,hao_stateful_gemini_run05
L1_CCAATGATCGATTGGT,other T,dnT,CD4+ T cells,CD4 T cell (subtype unclear),0.0,hao_stateful_gemini_run05
E2L4_CCTTGTGGTAACTAAG,CD4 T,CD4 Naive,CD4+ T cells,CD4 T cell (subtype unclear),0.5,hao_stateful_gemini_run05
L4_TGTCCACTCAGGAACG,CD4 T,CD4 CTL,CD8+ T cells,CD8 T cell (subtype unclear),0.0,hao_stateful_gemini_run05
L3_GTTACCCGTTTCGACA,DC,cDC2,CD14+ Monocytes,CD14 Mono,0.0,hao_stateful_gemini_run05
E2L5_AGGGCCTGTGACACGA,B,B memory,B cells,B cell (subtype unclear),0.5,hao_stateful_gemini_run05
L4_AATCGTGCACACTGGC,DC,pDC,Plasmacytoid Dendritic cells,pDC,1.0,hao_stateful_gemini_run05
E2L4_GGAATGGAGACCTCAT,CD8 T,CD8 TEM,CD8+ T cells,CD8 T cell (subtype unclear),0.5,hao_stateful_gemini_run05
E2L2_GTAGGAGCAACTCCAA,NK,NK_CD56bright,NK cells,NK,0.5,hao_stateful_gemini_run05
E2L7_ACTGTGACACAGCTGC,CD4 T,CD4 TCM,CD4+ T cells,CD4 T cell (subtype unclear),0.5,hao_stateful_gemini_run05
L3_CTTGATTCATTCAGCA,DC,cDC2,CD14+ Monocytes,CD14 Mono,0.0,hao_stateful_gemini_run05
E2L1_TGTGTGAAGGGTCAAC,B,B memory,B cells,B cell (subtype unclear),0.5,hao_stateful_gemini_run05
E2L5_CGACAGCGTAAGGCTG,NK,NK Proliferating,Proliferating cells,Proliferating lymphocyte (lineage unclear),0.5,hao_stateful_gemini_run05
L3_AGGGTGACACGACAGA,DC,pDC,Plasmacytoid Dendritic cells,pDC,1.0,hao_stateful_gemini_run05
E2L2_CTTCCGAGTCGACTTA,B,B naive,B cells,B cell (subtype unclear),0.5,hao_stateful_gemini_run05
L4_CGATGGCAGGCGCTTC,other,HSPC,HSPC,HSPC,1.0,hao_stateful_gemini_run05
L3_CGATGGCCAGAACTTC,other,HSPC,HSPC,HSPC,1.0,hao_stateful_gemini_run05
L2_CGATGGCTCGCACTCT,other T,dnT,CD4+ T cells,CD4 T cell (subtype unclear),0.0,hao_stateful_gemini_run05
E2L5_TGCGGGTCAAGACGAC,CD8 T,CD8 TCM,CD4+ T cells,CD4 T cell (subtype unclear),0.0,hao_stateful_gemini_run05
E2L8_CTGCAGGTCACTCGAA,other,Platelet,Platelets,Platelet,1.0,hao_stateful_gemini_run05
E2L5_GAAGGACGTGCGGCTT,CD4 T,CD4 Proliferating,Proliferating cells,Proliferating lymphocyte (lineage unclear),0.5,hao_stateful_gemini_run05
L4_GTAATCGAGCTAGAAT,B,B naive,B cells,B cell (subtype unclear),0.5,hao_stateful_gemini_run05
E2L8_TCATCATAGTGGAATT,Mono,CD16 Mono,CD16+ Monocytes,CD16 Mono,1.0,hao_stateful_gemini_run05
L3_TCATCATGTAGTAAGT,other T,gdT,CD4+ T cells,CD4 T cell (subtype unclear),0.0,hao_stateful_gemini_run05
E2L4_GCAGGCTGTCCTACGG,B,Plasmablast,Plasma cells,Plasmablast,1.0,hao_stateful_gemini_run05
E2L1_GAGGCAAAGATGAAGG,NK,NK,CD8+ T cells,CD8 T cell (subtype unclear),0.0,hao_stateful_gemini_run05
E2L1_CCGTTCAAGTGTAGTA,B,B naive,B cells,B cell (subtype unclear),0.5,hao_stateful_gemini_run05
E2L6_GGGAGTACACCATAAC,B,B memory,B cells,B cell (subtype unclear),0.5,hao_stateful_gemini_run05
L5_GTAGGAGGTAGAGACC,CD8 T,CD8 TEM,CD4+ T cells,CD4 T cell (subtype unclear),0.0,hao_stateful_gemini_run05
E2L2_CCCTGATTCAATGCAC,NK,NK Proliferating,Proliferating cells,Proliferating lymphocyte (lineage unclear),0.5,hao_stateful_gemini_run05
E2L1_TGGTGATCAGACCTAT,CD8 T,CD8 TEM,CD8+ T cells,CD8 T cell (subtype unclear),0.5,hao_stateful_gemini_run05
L2_CTGTATTGTTGCTTGA,CD8 T,CD8 TCM,CD4+ T cells,CD4 T cell (subtype unclear),0.0,hao_stateful_gemini_run05
E2L1_TGATCAGCATGTTTGG,DC,cDC1,Conventional Dendritic cells,Dendritic cell (subtype unclear),0.5,hao_stateful_gemini_run05
E2L8_ATTTACCAGATAGCAT,CD4 T,CD4 TEM,CD4+ T cells,CD4 T cell (subtype unclear),0.5,hao_stateful_gemini_run05
E2L1_ATTGTTCGTAGATGTA,other T,gdT,CD8+ T cells,CD8 T cell (subtype unclear),0.0,hao_stateful_gemini_run05
L3_CTGGACGGTACAGGTG,DC,pDC,Plasmacytoid Dendritic cells,pDC,1.0,hao_stateful_gemini_run05
E2L6_TTTGACTGTTTCGGCG,other T,gdT,CD8+ T cells,CD8 T cell (subtype unclear),0.0,hao_stateful_gemini_run05
E2L4_CGATGGCAGAGATGCC,other T,gdT,CD8+ T cells,CD8 T cell (subtype unclear),0.0,hao_stateful_gemini_run05
E2L7_TCCTTCTCAACCCTCT,Mono,CD16 Mono,CD16+ Monocytes,CD16 Mono,1.0,hao_stateful_gemini_run05
E2L2_TTCGATTTCTCAGTCC,DC,pDC,Plasmacytoid Dendritic cells,pDC,1.0,hao_stateful_gemini_run05
L2_GTGGTTAGTTCGGTAT,CD4 T,CD4 TEM,CD4+ T cells,CD4 T cell (subtype unclear),0.5,hao_stateful_gemini_run05
L3_CAGTTCCAGTAAGACT,CD8 T,CD8 TEM,CD8+ T cells,CD8 T cell (subtype unclear),0.5,hao_stateful_gemini_run05
E2L3_TTCCTTCGTGCGGCTT,B,B intermediate,B cells,B cell (subtype unclear),0.5,hao_stateful_gemini_run05
L2_TGTCAGAGTCCTCAGG,CD8 T,CD8 Naive,CD4+ T cells,CD4 T cell (subtype unclear),0.0,hao_stateful_gemini_run05
E2L6_ACCATTTGTGGTACAG,CD4 T,CD4 TEM,CD4+ T cells,CD4 T cell (subtype unclear),0.5,hao_stateful_gemini_run05
E2L4_GTAGAAACATGATGCT,other T,MAIT,CD8+ T cells,CD8 T cell (subtype unclear),0.0,hao_stateful_gemini_run05
E2L6_ACTTATCCAGTCCGTG,Mono,CD14 Mono,CD14+ Monocytes,CD14 Mono,1.0,hao_stateful_gemini_run05
L4_GCCATTCAGTACCGGA,other T,dnT,CD4+ T cells,CD4 T cell (subtype unclear),0.0,hao_stateful_gemini_run05
E2L4_AGAACAAAGGTCGTCC,CD4 T,CD4 Naive,CD4+ T cells,CD4 T cell (subtype unclear),0.5,hao_stateful_gemini_run05
E2L7_ACTTCGCAGGCGAACT,NK,NK Proliferating,Proliferating cells,Proliferating lymphocyte (lineage unclear),0.5,hao_stateful_gemini_run05
E2L3_TACTTCATCCACACAA,DC,pDC,Plasmacytoid Dendritic cells,pDC,1.0,hao_stateful_gemini_run05
L5_GGCGTCACATAGGTAA,other T,dnT,CD4+ T cells,CD4 T cell (subtype unclear),0.0,hao_stateful_gemini_run05
L4_CGAGAAGGTCCGAAAG,CD4 T,Treg,CD4+ T cells,CD4 T cell (subtype unclear),0.5,hao_stateful_gemini_run05
L5_ACCCTTGGTGGCAACA,CD4 T,CD4 TCM,CD4+ T cells,CD4 T cell (subtype unclear),0.5,hao_stateful_gemini_run05
E2L4_GTAACCAAGGCGATAC,CD4 T,Treg,CD4+ T cells,CD4 T cell (subtype unclear),0.5,hao_stateful_gemini_run05
L5_GAAGGACGTCATGACT,other T,MAIT,CD8+ T cells,CD8 T cell (subtype unclear),0.0,hao_stateful_gemini_run05
L2_GAGGGATGTGAGTGAC,CD4 T,Treg,CD4+ T cells,CD4 T cell (subtype unclear),0.5,hao_stateful_gemini_run05
E2L1_AAGGTAAAGTACGTCT,other T,gdT,CD8+ T cells,CD8 T cell (subtype unclear),0.0,hao_stateful_gemini_run05
E2L7_CACTGGGTCATTTACC,B,B intermediate,B cells,B cell (subtype unclear),0.5,hao_stateful_gemini_run05
L3_GTTACCCTCCTAGCTC,other,ILC,NK cells,NK,0.0,hao_stateful_gemini_run05
E2L4_GACCGTGAGGATGGCT,Mono,CD16 Mono,CD16+ Monocytes,CD16 Mono,1.0,hao_stateful_gemini_run05
E2L6_ATTCATCCAATAGTGA,CD8 T,CD8 Naive,CD8+ T cells,CD8 T cell (subtype unclear),0.5,hao_stateful_gemini_run05
E2L5_TTACGTTTCCCGTGTT,B,Plasmablast,Plasma cells,Plasmablast,1.0,hao_stateful_gemini_run05
L3_ACGGTCGAGGCCCAAA,DC,pDC,Plasmacytoid Dendritic cells,pDC,1.0,hao_stateful_gemini_run05
L1_GATTGGTTCTCTGCTG,other T,dnT,Memory/Effector T cells,T cell (CD4/CD8/other unclear),0.5,hao_stateful_gemini_run05
E2L2_GAGGGATTCGGCTGGT,CD4 T,CD4 TCM,CD4+ T cells,CD4 T cell (subtype unclear),0.5,hao_stateful_gemini_run05
L3_GGGCTACAGGTGCTTT,NK,NK,CD8+ T cells,CD8 T cell (subtype unclear),0.0,hao_stateful_gemini_run05
E2L6_GTACAGTAGTAAACGT,CD4 T,CD4 TCM,CD4+ T cells,CD4 T cell (subtype unclear),0.5,hao_stateful_gemini_run05
L2_CCCATTGCAGCGTACC,CD4 T,CD4 CTL,CD8+ T cells,CD8 T cell (subtype unclear),0.0,hao_stateful_gemini_run05
L1_ATTTCACGTGAACTAA,DC,cDC1,Conventional Dendritic cells,Dendritic cell (subtype unclear),0.5,hao_stateful_gemini_run05
L5_GACGCTGTCGACGCTG,CD4 T,CD4 CTL,CD8+ T cells,CD8 T cell (subtype unclear),0.0,hao_stateful_gemini_run05
E2L3_CTGCCTACATTGACTG,CD4 T,CD4 TEM,CD8+ T cells,CD8 T cell (subtype unclear),0.0,hao_stateful_gemini_run05
L4_TGAGGGAGTCGGAACA,other,Platelet,Platelets,Platelet,1.0,hao_stateful_gemini_run05
E2L8_TTGATGGCAGATTTCG,B,B memory,B cells,B cell (subtype unclear),0.5,hao_stateful_gemini_run05
E2L1_CCGGTGAGTAAGATAC,B,B memory,B cells,B cell (subtype unclear),0.5,hao_stateful_gemini_run05
E2L8_AGTGACTCAACGTTAC,DC,cDC1,Conventional Dendritic cells,Dendritic cell (subtype unclear),0.5,hao_stateful_gemini_run05
L1_AGGGCCTCACAACATC,CD4 T,CD4 TCM,CD4+ T cells,CD4 T cell (subtype unclear),0.5,hao_stateful_gemini_run05
L2_TCTTTGACATCCGAAT,CD4 T,Treg,CD4+ T cells,CD4 T cell (subtype unclear),0.5,hao_stateful_gemini_run05
E2L7_CTCAGTCGTGCGAACA,DC,pDC,Plasmacytoid Dendritic cells,pDC,1.0,hao_stateful_gemini_run05
E2L5_CATTGTTTCTCTCTTC,NK,NK,CD8+ T cells,CD8 T cell (subtype unclear),0.0,hao_stateful_gemini_run05
E2L3_TTAGTCTTCTCGGTAA,Mono,CD16 Mono,CD16+ Monocytes,CD16 Mono,1.0,hao_stateful_gemini_run05
E2L5_CATTGTTAGTGTTCAC,DC,pDC,Plasmacytoid Dendritic cells,pDC,1.0,hao_stateful_gemini_run05
E2L4_CAAGCTACAATCCTAG,other T,gdT,CD8+ T cells,CD8 T cell (subtype unclear),0.0,hao_stateful_gemini_run05
L3_TTAATCCGTTGTATGC,CD4 T,CD4 CTL,CD8+ T cells,CD8 T cell (subtype unclear),0.0,hao_stateful_gemini_run05
L1_TTCTAGTTCCGATGCG,other T,gdT,CD8+ T cells,CD8 T cell (subtype unclear),0.0,hao_stateful_gemini_run05
L3_TTCTGTAGTCCTGTCT,DC,pDC,Plasmacytoid Dendritic cells,pDC,1.0,hao_stateful_gemini_run05
L2_TGTCCACGTGAGAACC,other T,MAIT,CD8+ T cells,CD8 T cell (subtype unclear),0.0,hao_stateful_gemini_run05
E2L5_GAGACCCAGTCACGAG,CD4 T,CD4 TCM,CD4+ T cells,CD4 T cell (subtype unclear),0.5,hao_stateful_gemini_run05
E2L2_AGACAAAGTGACATCT,B,B naive,B cells,B cell (subtype unclear),0.5,hao_stateful_gemini_run05
E2L5_AGGGTCCAGGGTACAC,CD4 T,CD4 TCM,CD4+ T cells,CD4 T cell (subtype unclear),0.5,hao_stateful_gemini_run05
E2L4_AAAGGGCTCTGGACCG,other T,MAIT,CD8+ T cells,CD8 T cell (subtype unclear),0.0,hao_stateful_gemini_run05
E2L8_ACTTCCGGTTAAACCC,DC,ASDC,CD14+ Monocytes,CD14 Mono,0.0,hao_stateful_gemini_run05
E2L5_ATAGAGATCAGTGCGC,DC,pDC,Plasmacytoid Dendritic cells,pDC,1.0,hao_stateful_gemini_run05
E2L4_ACATCCCGTACTCAAC,other,Platelet,Platelets,Platelet,1.0,hao_stateful_gemini_run05
L1_ACTATTCAGAGGCGGA,B,B naive,B cells,B cell (subtype unclear),0.5,hao_stateful_gemini_run05
L1_TCGTGCTGTCTTTCTA,other,Platelet,CD4+ T cells,CD4 T cell (subtype unclear),0.0,hao_stateful_gemini_run05
E2L1_CAGTTAGCAACATACC,NK,NK Proliferating,Proliferating cells,Proliferating lymphocyte (lineage unclear),0.5,hao_stateful_gemini_run05
E2L7_CTGTCGTCATGGAGAC,DC,cDC2,CD14+ Monocytes,CD14 Mono,0.0,hao_stateful_gemini_run05
E2L3_TTTCATGAGAGGCTGT,other,Platelet,Platelets,Platelet,1.0,hao_stateful_gemini_run05
E2L3_TCTCTGGTCGCTGCGA,Mono,CD14 Mono,CD14+ Monocytes,CD14 Mono,1.0,hao_stateful_gemini_run05
E2L6_TCGGGCAGTGGCATCC,CD4 T,CD4 Naive,CD4+ T cells,CD4 T cell (subtype unclear),0.5,hao_stateful_gemini_run05
L1_CTCCCAAAGAGTCGAC,other,ILC,NK cells,NK,0.0,hao_stateful_gemini_run05
L1_CTTCTAAGTATCGATC,NK,NK,CD8+ T cells,CD8 T cell (subtype unclear),0.0,hao_stateful_gemini_run05
E2L1_AGAGAGCAGCGGATCA,CD8 T,CD8 TEM,CD8+ T cells,CD8 T cell (subtype unclear),0.5,hao_stateful_gemini_run05
E2L2_TGAGTCAGTCCTTAAG,other,ILC,NK cells,NK,0.0,hao_stateful_gemini_run05
L5_GACCAATCACGTATAC,other T,dnT,Memory/Effector T cells,T cell (CD4/CD8/other unclear),0.5,hao_stateful_gemini_run05
E2L5_GTAGTACCAGGCACAA,other,Platelet,Platelets,Platelet,1.0,hao_stateful_gemini_run05
L5_ATGCGATAGGAACTCG,CD8 T,CD8 Naive,CD4+ T cells,CD4 T cell (subtype unclear),0.0,hao_stateful_gemini_run05
L2_AACCTTTAGAATAACC,NK,NK Proliferating,Proliferating cells,Proliferating lymphocyte (lineage unclear),0.5,hao_stateful_gemini_run05
L5_TGAGTCAAGTTTCGAC,CD4 T,Treg,CD4+ T cells,CD4 T cell (subtype unclear),0.5,hao_stateful_gemini_run05
E2L1_TGGAACTTCGGACAAG,CD4 T,CD4 CTL,CD8+ T cells,CD8 T cell (subtype unclear),0.0,hao_stateful_gemini_run05
E2L3_CGTTCTGGTTACACTG,CD8 T,CD8 Naive,CD4+ T cells,CD4 T cell (subtype unclear),0.0,hao_stateful_gemini_run05
L1_TATTGGGGTTCCTAGA,DC,cDC2,CD14+ Monocytes,CD14 Mono,0.0,hao_stateful_gemini_run05
L3_TGCAGATTCGAAATCC,B,B memory,B cells,B cell (subtype unclear),0.5,hao_stateful_gemini_run05
L5_AGACAAAGTGATTAGA,CD4 T,CD4 Proliferating,Proliferating cells,Proliferating lymphocyte (lineage unclear),0.5,hao_stateful_gemini_run05
L3_TCGGGCAGTGCCTATA,CD4 T,CD4 TEM,CD4+ T cells,CD4 T cell (subtype unclear),0.5,hao_stateful_gemini_run05
L1_CAATCGACAGGTTCCG,Mono,CD16 Mono,CD16+ Monocytes,CD16 Mono,1.0,hao_stateful_gemini_run05
L3_CCTCTCCAGGTTGCCC,other,HSPC,HSPC,HSPC,1.0,hao_stateful_gemini_run05
L4_TGCTCGTGTACAGTAA,CD4 T,CD4 TEM,CD4+ T cells,CD4 T cell (subtype unclear),0.5,hao_stateful_gemini_run05
E2L8_TTGATGGTCACACGAT,DC,cDC2,CD14+ Monocytes,CD14 Mono,0.0,hao_stateful_gemini_run05
E2L3_CGTAAGTGTAAGACCG,CD8 T,CD8 TEM,CD8+ T cells,CD8 T cell (subtype unclear),0.5,hao_stateful_gemini_run05
E2L6_CACCAAACACAGTGTT,other T,gdT,CD8+ T cells,CD8 T cell (subtype unclear),0.0,hao_stateful_gemini_run05
E2L2_GTGTAACCACTCAAGT,Mono,CD16 Mono,CD16+ Monocytes,CD16 Mono,1.0,hao_stateful_gemini_run05
E2L4_ATGCCTCTCGGCAGTC,CD4 T,CD4 TEM,CD4+ T cells,CD4 T cell (subtype unclear),0.5,hao_stateful_gemini_run05
L1_AGACCCGGTCTGATCA,other T,gdT,CD8+ T cells,CD8 T cell (subtype unclear),0.0,hao_stateful_gemini_run05
L5_TCAGTTTCACGGCGTT,CD4 T,CD4 TEM,CD4+ T cells,CD4 T cell (subtype unclear),0.5,hao_stateful_gemini_run05
L4_GGTGTCGCAGCTACCG,other T,dnT,CD4+ T cells,CD4 T cell (subtype unclear),0.0,hao_stateful_gemini_run05
E2L2_ACACTGAAGACTCCGC,Mono,CD16 Mono,CD16+ Monocytes,CD16 Mono,1.0,hao_stateful_gemini_run05
L5_CGGGTCATCCTTGAAG,NK,NK Proliferating,Proliferating cells,Proliferating lymphocyte (lineage unclear),0.5,hao_stateful_gemini_run05
E2L8_CTCACTGAGGTAACTA,NK,NK_CD56bright,NK cells,NK,0.5,hao_stateful_gemini_run05
E2L7_GAGGGTACACGTCATA,B,B memory,B cells,B cell (subtype unclear),0.5,hao_stateful_gemini_run05
L1_ACATTTCTCACGGGAA,Mono,CD14 Mono,CD16+ Monocytes,CD16 Mono,0.5,hao_stateful_gemini_run05
E2L8_GAGTGTTGTTAAGGAT,CD4 T,CD4 TEM,CD4+ T cells,CD4 T cell (subtype unclear),0.5,hao_stateful_gemini_run05
L3_AGTCACAAGTAATCCC,CD4 T,Treg,CD4+ T cells,CD4 T cell (subtype unclear),0.5,hao_stateful_gemini_run05
E2L7_GCCAGTGTCCTGCTAC,other,Platelet,Platelets,Platelet,1.0,hao_stateful_gemini_run05
E2L5_CTAAGTGCAAGACGGT,Mono,CD14 Mono,CD14+ Monocytes,CD14 Mono,1.0,hao_stateful_gemini_run05
E2L2_AGTACCATCTGGGCAC,NK,NK_CD56bright,NK cells,NK,0.5,hao_stateful_gemini_run05
E2L5_GTGTCCTTCACTTTGT,NK,NK,CD8+ T cells,CD8 T cell (subtype unclear),0.0,hao_stateful_gemini_run05
L2_CTCAGTCCATCCGGCA,CD8 T,CD8 Naive,CD4+ T cells,CD4 T cell (subtype unclear),0.0,hao_stateful_gemini_run05
L5_TTTACTGGTCGTGCCA,Mono,CD14 Mono,CD16+ Monocytes,CD16 Mono,0.5,hao_stateful_gemini_run05
E2L4_AGCTCAAAGATGTAGT,DC,cDC2,CD14+ Monocytes,CD14 Mono,0.0,hao_stateful_gemini_run05
L5_TTCCTCTAGGTCATTC,other T,MAIT,CD8+ T cells,CD8 T cell (subtype unclear),0.0,hao_stateful_gemini_run05
E2L3_CGGAGAAAGCCGATCC,CD4 T,CD4 Naive,CD4+ T cells,CD4 T cell (subtype unclear),0.5,hao_stateful_gemini_run05
L5_TGCTCGTTCGAGCCAC,other,ILC,NK cells,NK,0.0,hao_stateful_gemini_run05
E2L4_AGCCAATCAGAGAGGG,CD8 T,CD8 Naive,CD4+ T cells,CD4 T cell (subtype unclear),0.0,hao_stateful_gemini_run05
E2L3_AGGTTACTCTATACTC,DC,pDC,Plasmacytoid Dendritic cells,pDC,1.0,hao_stateful_gemini_run05
L1_TATATCCGTAGCGTTT,CD4 T,CD4 Naive,CD4+ T cells,CD4 T cell (subtype unclear),0.5,hao_stateful_gemini_run05
E2L8_GCCAGCATCCGATAGT,B,B memory,B cells,B cell (subtype unclear),0.5,hao_stateful_gemini_run05
E2L7_ATCGCCTCAACGACAG,other,Platelet,Platelets,Platelet,1.0,hao_stateful_gemini_run05
E2L7_ATTATCCGTCTCTCAC,CD4 T,CD4 TEM,CD4+ T cells,CD4 T cell (subtype unclear),0.5,hao_stateful_gemini_run05
L1_AAGCGAGAGAAATTCG,CD4 T,CD4 Naive,CD4+ T cells,CD4 T cell (subtype unclear),0.5,hao_stateful_gemini_run05
L5_GGCTTGGTCGAGCCTG,CD4 T,CD4 CTL,CD8+ T cells,CD8 T cell (subtype unclear),0.0,hao_stateful_gemini_run05
L5_TCGAAGTAGACCATAA,other T,dnT,CD4+ T cells,CD4 T cell (subtype unclear),0.0,hao_stateful_gemini_run05
E2L8_ACGTCCTAGGTGAGAA,CD8 T,CD8 TEM,CD8+ T cells,CD8 T cell (subtype unclear),0.5,hao_stateful_gemini_run05
E2L7_TCTTAGTTCGCATTGA,DC,cDC1,Conventional Dendritic cells,Dendritic cell (subtype unclear),0.5,hao_stateful_gemini_run05
E2L8_TTCTGTATCACTGGGC,Mono,CD14 Mono,CD14+ Monocytes,CD14 Mono,1.0,hao_stateful_gemini_run05
L1_ATTTACCAGGCCTGAA,CD4 T,CD4 TCM,CD4+ T cells,CD4 T cell (subtype unclear),0.5,hao_stateful_gemini_run05
E2L1_CCGGTAGAGACATAAC,B,B intermediate,B cells,B cell (subtype unclear),0.5,hao_stateful_gemini_run05
L3_ACTTATCTCACGGACC,CD8 T,CD8 TCM,CD4+ T cells,CD4 T cell (subtype unclear),0.0,hao_stateful_gemini_run05
E2L3_AGTTCCCTCGACCATA,CD4 T,CD4 Naive,CD4+ T cells,CD4 T cell (subtype unclear),0.5,hao_stateful_gemini_run05
L3_GTAACCACAAAGACTA,NK,NK,CD8+ T cells,CD8 T cell (subtype unclear),0.0,hao_stateful_gemini_run05
L1_TCAGTTTAGCCTTGAT,CD8 T,CD8 Naive,CD4+ T cells,CD4 T cell (subtype unclear),0.0,hao_stateful_gemini_run05
E2L1_CGAGGCTCAAGGTCGA,CD8 T,CD8 Naive,CD4+ T cells,CD4 T cell (subtype unclear),0.0,hao_stateful_gemini_run05
L3_CCCGAAGCACGACGTC,CD4 T,CD4 TEM,CD4+ T cells,CD4 T cell (subtype unclear),0.5,hao_stateful_gemini_run05
E2L6_GTCATGAGTTGCACGC,CD4 T,CD4 CTL,CD8+ T cells,CD8 T cell (subtype unclear),0.0,hao_stateful_gemini_run05
E2L4_AACCATGTCTGCGATA,NK,NK,CD8+ T cells,CD8 T cell (subtype unclear),0.0,hao_stateful_gemini_run05
L5_TACCGAAAGCCACTCG,other,HSPC,HSPC,HSPC,1.0,hao_stateful_gemini_run05
L4_CTCCTTTTCAAATAGG,CD4 T,CD4 TCM,CD4+ T cells,CD4 T cell (subtype unclear),0.5,hao_stateful_gemini_run05
E2L4_GTGGTTACAGGGTTGA,B,Plasmablast,Plasma cells,Plasmablast,1.0,hao_stateful_gemini_run05
L2_AGGAATATCTCTGAGA,CD4 T,CD4 TEM,CD4+ T cells,CD4 T cell (subtype unclear),0.5,hao_stateful_gemini_run05
L3_TCATGGAGTCACAGTT,CD8 T,CD8 TCM,CD4+ T cells,CD4 T cell (subtype unclear),0.0,hao_stateful_gemini_run05
L3_TATTTCGGTCAACCTA,other,ILC,NK cells,NK,0.0,hao_stateful_gemini_run05
E2L5_TATCTTGTCCATTGTT,B,B intermediate,B cells,B cell (subtype unclear),0.5,hao_stateful_gemini_run05
L2_AGTAACCTCTCTTCAA,DC,cDC2,CD14+ Monocytes,CD14 Mono,0.0,hao_stateful_gemini_run05
E2L6_TCGTCCAGTCAAATCC,CD8 T,CD8 TEM,CD8+ T cells,CD8 T cell (subtype unclear),0.5,hao_stateful_gemini_run05
E2L1_GCCATGGGTCCTACGG,CD8 T,CD8 Proliferating,Proliferating cells,Proliferating lymphocyte (lineage unclear),0.5,hao_stateful_gemini_run05
L2_CTAACCCCACAGTGAG,other T,gdT,CD8+ T cells,CD8 T cell (subtype unclear),0.0,hao_stateful_gemini_run05
E2L4_GGTGGCTTCTCTAGGA,other T,dnT,Memory/Effector T cells,T cell (CD4/CD8/other unclear),0.5,hao_stateful_gemini_run05
E2L2_ATTCTACCACCTGCAG,DC,cDC2,CD14+ Monocytes,CD14 Mono,0.0,hao_stateful_gemini_run05
E2L7_AGACCATTCGTAGTCA,NK,NK Proliferating,Proliferating cells,Proliferating lymphocyte (lineage unclear),0.5,hao_stateful_gemini_run05
E2L2_TTATTGCAGCCAAGGT,CD4 T,CD4 Naive,CD4+ T cells,CD4 T cell (subtype unclear),0.5,hao_stateful_gemini_run05
E2L8_ACCCAAACAGGTGGAT,B,B intermediate,B cells,B cell (subtype unclear),0.5,hao_stateful_gemini_run05
E2L2_AGATCGTTCGTGTGAT,NK,NK Proliferating,Proliferating cells,Proliferating lymphocyte (lineage unclear),0.5,hao_stateful_gemini_run05
E2L5_AAGGTAATCGACATAC,DC,cDC2,CD14+ Monocytes,CD14 Mono,0.0,hao_stateful_gemini_run05
L1_GAACTGTAGCAGGCAT,B,Plasmablast,Plasma cells,Plasmablast,1.0,hao_stateful_gemini_run05
L1_ATGGATCCAGTTAGAA,CD8 T,CD8 TEM,CD8+ T cells,CD8 T cell (subtype unclear),0.5,hao_stateful_gemini_run05
L3_GCGAGAAAGATCCAAA,CD4 T,CD4 TEM,CD4+ T cells,CD4 T cell (subtype unclear),0.5,hao_stateful_gemini_run05
L1_GATCACAAGCATTGTC,other T,MAIT,CD8+ T cells,CD8 T cell (subtype unclear),0.0,hao_stateful_gemini_run05
L5_CCGTTCATCAACCTCC,DC,ASDC,CD14+ Monocytes,CD14 Mono,0.0,hao_stateful_gemini_run05
E2L4_GATGACTGTCAATGGG,Mono,CD16 Mono,CD16+ Monocytes,CD16 Mono,1.0,hao_stateful_gemini_run05
L2_CGAATTGTCGTCACCT,other,Platelet,Platelets,Platelet,1.0,hao_stateful_gemini_run05
L5_GTCAGCGGTCACAATC,other T,dnT,Memory/Effector T cells,T cell (CD4/CD8/other unclear),0.5,hao_stateful_gemini_run05
E2L2_GACACGCTCCGCATAA,CD8 T,CD8 Proliferating,Proliferating cells,Proliferating lymphocyte (lineage unclear),0.5,hao_stateful_gemini_run05
L2_TTACCGCCATGGAATA,NK,NK Proliferating,Proliferating cells,Proliferating lymphocyte (lineage unclear),0.5,hao_stateful_gemini_run05
E2L7_ACTTAGGTCCGTCCTA,NK,NK,CD8+ T cells,CD8 T cell (subtype unclear),0.0,hao_stateful_gemini_run05
L1_TTAGTCTCACGCCAGT,other,ILC,NK cells,NK,0.0,hao_stateful_gemini_run05
E2L8_TCGGATAGTAGCGTCC,other,Platelet,CD4+ T cells,CD4 T cell (subtype unclear),0.0,hao_stateful_gemini_run05
E2L2_CACTAAGAGTTCAACC,other,ILC,CD4+ T cells,CD4 T cell (subtype unclear),0.0,hao_stateful_gemini_run05
E2L7_GTTACAGGTGATCGTT,CD8 T,CD8 TEM,CD8+ T cells,CD8 T cell (subtype unclear),0.5,hao_stateful_gemini_run05
E2L1_TTACCATTCGGACTGC,Mono,CD14 Mono,CD16+ Monocytes,CD16 Mono,0.5,hao_stateful_gemini_run05
E2L6_CTAACCCTCACTTTGT,CD4 T,CD4 TEM,CD4+ T cells,CD4 T cell (subtype unclear),0.5,hao_stateful_gemini_run05
E2L6_TAACGACAGAGAAGGT,other T,dnT,CD4+ T cells,CD4 T cell (subtype unclear),0.0,hao_stateful_gemini_run05
L2_AATGGAATCCCAGTGG,other T,MAIT,CD8+ T cells,CD8 T cell (subtype unclear),0.0,hao_stateful_gemini_run05
L4_TCACTATGTGTGTCGC,CD8 T,CD8 TCM,CD4+ T cells,CD4 T cell (subtype unclear),0.0,hao_stateful_gemini_run05
L5_GTAGCTAAGCACACAG,DC,pDC,Plasmacytoid Dendritic cells,pDC,1.0,hao_stateful_gemini_run05
E2L6_GAAGCCCTCCAAACCA,Mono,CD14 Mono,CD16+ Monocytes,CD16 Mono,0.5,hao_stateful_gemini_run05
E2L2_ACGTAGTTCCATCTCG,B,B naive,B cells,B cell (subtype unclear),0.5,hao_stateful_gemini_run05
E2L7_TGTCAGATCGCCGAGT,CD4 T,CD4 TCM,CD4+ T cells,CD4 T cell (subtype unclear),0.5,hao_stateful_gemini_run05
E2L2_CCTGCATCAAATTAGG,other T,dnT,CD4+ T cells,CD4 T cell (subtype unclear),0.0,hao_stateful_gemini_run05
L1_TGACAGTTCTACTTCA,CD4 T,CD4 Proliferating,Proliferating cells,Proliferating lymphocyte (lineage unclear),0.5,hao_stateful_gemini_run05
L5_GTTGTAGAGTCATGGG,B,B naive,B cells,B cell (subtype unclear),0.5,hao_stateful_gemini_run05
L4_CCCATTGTCAGCTGTA,other,HSPC,HSPC,HSPC,1.0,hao_stateful_gemini_run05
E2L7_ACATTTCGTTGCTCCT,DC,cDC2,CD14+ Monocytes,CD14 Mono,0.0,hao_stateful_gemini_run05
L1_ACTCTCGCAGGTTCAT,CD8 T,CD8 Naive,CD4+ T cells,CD4 T cell (subtype unclear),0.0,hao_stateful_gemini_run05
L5_CTGAGGCAGCTGTTCA,CD8 T,CD8 TCM,CD4+ T cells,CD4 T cell (subtype unclear),0.0,hao_stateful_gemini_run05
L1_TTGTGTTCAATTGGTC,CD4 T,CD4 CTL,CD8+ T cells,CD8 T cell (subtype unclear),0.0,hao_stateful_gemini_run05
L5_AGTCTCCCATCCTTCG,CD4 T,Treg,CD4+ T cells,CD4 T cell (subtype unclear),0.5,hao_stateful_gemini_run05
E2L2_ACAGAAAGTCGATTTG,DC,pDC,Plasmacytoid Dendritic cells,pDC,1.0,hao_stateful_gemini_run05
E2L5_TGACAGTCATGTGCCG,other T,gdT,CD8+ T cells,CD8 T cell (subtype unclear),0.0,hao_stateful_gemini_run05
L5_GCACGTGAGTCGCCAC,NK,NK_CD56bright,NK cells,NK,0.5,hao_stateful_gemini_run05
L5_TGAATCGAGCTCCGAC,B,B intermediate,B cells,B cell (subtype unclear),0.5,hao_stateful_gemini_run05
E2L7_GACAGCCTCGCCACTT,B,B memory,B cells,B cell (subtype unclear),0.5,hao_stateful_gemini_run05
E2L8_GTTTGGACATGTTCAG,B,Plasmablast,Plasma cells,Plasmablast,1.0,hao_stateful_gemini_run05
L3_CCTACGTCAGTCTACA,other T,dnT,CD4+ T cells,CD4 T cell (subtype unclear),0.0,hao_stateful_gemini_run05
L3_TTGCATTCATTGTCGA,CD8 T,CD8 TCM,CD4+ T cells,CD4 T cell (subtype unclear),0.0,hao_stateful_gemini_run05
E2L4_TCATGTTTCAAGGTGG,B,B memory,B cells,B cell (subtype unclear),0.5,hao_stateful_gemini_run05
E2L5_CATCCACCACGCCACA,other,Platelet,Platelets,Platelet,1.0,hao_stateful_gemini_run05
E2L2_TTCGCTGAGGTCGTCC,B,B intermediate,B cells,B cell (subtype unclear),0.5,hao_stateful_gemini_run05
E2L7_GAATAGACATGCAGGA,B,B naive,B cells,B cell (subtype unclear),0.5,hao_stateful_gemini_run05
L4_CCCATTGTCGAGAACG,other T,dnT,Memory/Effector T cells,T cell (CD4/CD8/other unclear),0.5,hao_stateful_gemini_run05
E2L6_CCGTGAGGTAGACACG,B,B memory,B cells,B cell (subtype unclear),0.5,hao_stateful_gemini_run05
L4_TCCCACAAGCACACCC,B,B memory,B cells,B cell (subtype unclear),0.5,hao_stateful_gemini_run05
L2_TCACGGGCAAGCTGTT,CD4 T,CD4 CTL,CD8+ T cells,CD8 T cell (subtype unclear),0.0,hao_stateful_gemini_run05
L1_CCCTGATTCGACCACG,CD4 T,CD4 Naive,CD4+ T cells,CD4 T cell (subtype unclear),0.5,hao_stateful_gemini_run05
E2L7_TGAATCGGTGGTGATG,DC,ASDC,CD14+ Monocytes,CD14 Mono,0.0,hao_stateful_gemini_run05
E2L6_ATTTACCCAACTGAAA,CD4 T,CD4 TEM,CD4+ T cells,CD4 T cell (subtype unclear),0.5,hao_stateful_gemini_run05
L2_CTCTCGAAGCAAATCA,NK,NK Proliferating,Proliferating cells,Proliferating lymphocyte (lineage unclear),0.5,hao_stateful_gemini_run05
E2L8_AGATGAAAGTGGCGAT,NK,NK,CD8+ T cells,CD8 T cell (subtype unclear),0.0,hao_stateful_gemini_run05
E2L5_GTGGTTAAGCGACATG,DC,pDC,Plasmacytoid Dendritic cells,pDC,1.0,hao_stateful_gemini_run05
E2L5_CTCCAACGTCCACACG,CD8 T,CD8 Naive,CD4+ T cells,CD4 T cell (subtype unclear),0.0,hao_stateful_gemini_run05
L3_GTGTAACGTGCTCTTC,CD8 T,CD8 Naive,CD4+ T cells,CD4 T cell (subtype unclear),0.0,hao_stateful_gemini_run05
L2_GGTTGTATCAGAACCT,CD4 T,CD4 Proliferating,Proliferating cells,Proliferating lymphocyte (lineage unclear),0.5,hao_stateful_gemini_run05
L1_GCCGTGACAATACCTG,other,HSPC,HSPC,HSPC,1.0,hao_stateful_gemini_run05
E2L1_CGGACACTCTTGGCTC,DC,pDC,Plasmacytoid Dendritic cells,pDC,1.0,hao_stateful_gemini_run05
E2L6_ATTACTCTCCCGGTAG,NK,NK,CD8+ T cells,CD8 T cell (subtype unclear),0.0,hao_stateful_gemini_run05
E2L3_ATGACCAAGGATTTCC,other T,dnT,CD4+ T cells,CD4 T cell (subtype unclear),0.0,hao_stateful_gemini_run05
E2L2_CGGAGAACACGGATCC,NK,NK_CD56bright,NK cells,NK,0.5,hao_stateful_gemini_run05
E2L1_TTTGATCCAAAGACTA,Mono,CD16 Mono,CD16+ Monocytes,CD16 Mono,1.0,hao_stateful_gemini_run05
L5_GCTTGGGGTGCATGAG,CD4 T,CD4 Proliferating,Proliferating cells,Proliferating lymphocyte (lineage unclear),0.5,hao_stateful_gemini_run05
E2L4_CAGTGCGCATGTCAGT,B,B naive,B cells,B cell (subtype unclear),0.5,hao_stateful_gemini_run05
E2L3_ATCCCTGTCGTTGCCT,B,Plasmablast,Plasma cells,Plasmablast,1.0,hao_stateful_gemini_run05
E2L2_GAGTTACCATAACCCA,DC,cDC2,CD14+ Monocytes,CD14 Mono,0.0,hao_stateful_gemini_run05
L2_TGTGCGGGTACAAGTA,other,Eryth,Erythrocytes,Eryth,1.0,hao_stateful_gemini_run05
E2L5_TTGGTTTTCCATTGGA,B,B memory,B cells,B cell (subtype unclear),0.5,hao_stateful_gemini_run05
E2L3_ATCACGATCCCAACTC,DC,cDC1,Conventional Dendritic cells,Dendritic cell (subtype unclear),0.5,hao_stateful_gemini_run05
L2_TGCTCCATCGACGCTG,CD8 T,CD8 TCM,CD4+ T cells,CD4 T cell (subtype unclear),0.0,hao_stateful_gemini_run05
E2L8_ATGGAGGAGTCTAGAA,Mono,CD16 Mono,CD16+ Monocytes,CD16 Mono,1.0,hao_stateful_gemini_run05
E2L8_TCATGTTTCTTGAGCA,CD4 T,CD4 Naive,CD4+ T cells,CD4 T cell (subtype unclear),0.5,hao_stateful_gemini_run05
E2L2_TCAGGTAGTTGCTCCT,NK,NK Proliferating,Proliferating cells,Proliferating lymphocyte (lineage unclear),0.5,hao_stateful_gemini_run05
L4_CCTCATGAGGGTACGT,NK,NK Proliferating,Proliferating cells,Proliferating lymphocyte (lineage unclear),0.5,hao_stateful_gemini_run05
L5_ACCACAATCCCTTCCC,other,HSPC,HSPC,HSPC,1.0,hao_stateful_gemini_run05
E2L7_CATAGACCAATGTTGC,NK,NK,CD8+ T cells,CD8 T cell (subtype unclear),0.0,hao_stateful_gemini_run05
L2_ATCGTGAAGTATAGAC,CD4 T,CD4 TEM,CD4+ T cells,CD4 T cell (subtype unclear),0.5,hao_stateful_gemini_run05
L5_TACAGGTCACTGGCGT,B,Plasmablast,Plasma cells,Plasmablast,1.0,hao_stateful_gemini_run05
L4_CACTAAGTCTACCCAC,B,B intermediate,B cells,B cell (subtype unclear),0.5,hao_stateful_gemini_run05
L5_AAGATAGCATAGATCC,other,HSPC,HSPC,HSPC,1.0,hao_stateful_gemini_run05
L4_CTGGCAGCACAGTCCG,CD4 T,CD4 TEM,CD4+ T cells,CD4 T cell (subtype unclear),0.5,hao_stateful_gemini_run05
L3_GTATTGGGTGATAGAT,CD4 T,Treg,CD4+ T cells,CD4 T cell (subtype unclear),0.5,hao_stateful_gemini_run05
E2L4_AGGTAGGAGGAAGTCC,CD4 T,CD4 TCM,CD4+ T cells,CD4 T cell (subtype unclear),0.5,hao_stateful_gemini_run05
L1_TCGTAGATCGGCTTCT,other,Eryth,Erythrocytes,Eryth,1.0,hao_stateful_gemini_run05
L4_ACGATCACAAGTCATC,DC,cDC2,CD14+ Monocytes,CD14 Mono,0.0,hao_stateful_gemini_run05
E2L5_TCTTAGTGTCGTATGT,B,Plasmablast,Plasma cells,Plasmablast,1.0,hao_stateful_gemini_run05
E2L1_TATTGGGGTATGGAAT,B,B memory,B cells,B cell (subtype unclear),0.5,hao_stateful_gemini_run05
E2L2_GACTGATGTACGTGAG,DC,pDC,Plasmacytoid Dendritic cells,pDC,1.0,hao_stateful_gemini_run05
L5_CAGATTGAGGTCCTGC,NK,NK_CD56bright,NK cells,NK,0.5,hao_stateful_gemini_run05
L5_TGGGCTGCAGAGCCCT,CD4 T,CD4 TCM,CD4+ T cells,CD4 T cell (subtype unclear),0.5,hao_stateful_gemini_run05
E2L2_TAGACCAGTTAAGTCC,DC,cDC2,CD14+ Monocytes,CD14 Mono,0.0,hao_stateful_gemini_run05
L2_TCTATACAGTTGTCAC,other T,MAIT,CD8+ T cells,CD8 T cell (subtype unclear),0.0,hao_stateful_gemini_run05
E2L1_ACGGAAGAGTAGTGCG,other,Platelet,B cells,B cell (subtype unclear),0.0,hao_stateful_gemini_run05
E2L7_ATCCGTCGTTCGAGCC,NK,NK,CD8+ T cells,CD8 T cell (subtype unclear),0.0,hao_stateful_gemini_run05
L3_TGTTCATGTGTTTACG,CD8 T,CD8 Naive,CD4+ T cells,CD4 T cell (subtype unclear),0.0,hao_stateful_gemini_run05
L5_ATTTCTGCACAAACGG,B,B memory,B cells,B cell (subtype unclear),0.5,hao_stateful_gemini_run05
E2L2_CTGTAGAGTCCAGCGT,NK,NK_CD56bright,NK cells,NK,0.5,hao_stateful_gemini_run05
E2L3_TTTCAGTGTGTCCACG,CD4 T,CD4 Proliferating,Proliferating cells,Proliferating lymphocyte (lineage unclear),0.5,hao_stateful_gemini_run05
E2L7_ACGCACGTCGATACAC,other,ILC,NK cells,NK,0.0,hao_stateful_gemini_run05
L1_CGTAGTATCCAGCACG,B,Plasmablast,Plasma cells,Plasmablast,1.0,hao_stateful_gemini_run05
E2L7_ACCTACCCACCAGCTG,B,B naive,B cells,B cell (subtype unclear),0.5,hao_stateful_gemini_run05
E2L8_AAGATAGCAAGAAACT,Mono,CD16 Mono,CD16+ Monocytes,CD16 Mono,1.0,hao_stateful_gemini_run05
E2L7_CATTGCCTCGCAGAGA,B,B memory,B cells,B cell (subtype unclear),0.5,hao_stateful_gemini_run05
E2L7_TCTTCCTAGACGCCAA,DC,pDC,Plasmacytoid Dendritic cells,pDC,1.0,hao_stateful_gemini_run05
E2L2_ACTCTCGAGCTAGCCC,other,Platelet,Platelets,Platelet,1.0,hao_stateful_gemini_run05
E2L2_TCCTCGACATTCATCT,NK,NK Proliferating,Proliferating cells,Proliferating lymphocyte (lineage unclear),0.5,hao_stateful_gemini_run05
E2L1_ATCGATGTCAGAACCT,B,B naive,B cells,B cell (subtype unclear),0.5,hao_stateful_gemini_run05
L5_TGAGGAGGTACTCCGG,other,HSPC,HSPC,HSPC,1.0,hao_stateful_gemini_run05
L2_CTAGGTAGTATCAGCT,other,HSPC,HSPC,HSPC,1.0,hao_stateful_gemini_run05
L2_CCTAAGAGTTGTTGCA,DC,pDC,Plasmacytoid Dendritic cells,pDC,1.0,hao_stateful_gemini_run05
E2L6_AATGGAACAAGCGAGT,DC,cDC2,CD14+ Monocytes,CD14 Mono,0.0,hao_stateful_gemini_run05
L4_CTAACTTGTTGTGGAG,other,HSPC,Erythrocytes,Eryth,0.0,hao_stateful_gemini_run05
E2L8_GTTGCTCAGCTGTGCC,other T,dnT,Memory/Effector T cells,T cell (CD4/CD8/other unclear),0.5,hao_stateful_gemini_run05
E2L1_AGTAACCTCTCGAACA,NK,NK,CD8+ T cells,CD8 T cell (subtype unclear),0.0,hao_stateful_gemini_run05
E2L8_ATGAGTCGTAACATAG,NK,NK,CD8+ T cells,CD8 T cell (subtype unclear),0.0,hao_stateful_gemini_run05
L1_CTGTAGAAGACCGCCT,DC,cDC1,Conventional Dendritic cells,Dendritic cell (subtype unclear),0.5,hao_stateful_gemini_run05
E2L4_AAGGAATTCTGGGCCA,DC,cDC2,CD14+ Monocytes,CD14 Mono,0.0,hao_stateful_gemini_run05
L4_AGTAACCGTGGCTAGA,CD8 T,CD8 TCM,CD4+ T cells,CD4 T cell (subtype unclear),0.0,hao_stateful_gemini_run05
L3_AAGCGTTTCGGTCTGG,Mono,CD14 Mono,CD16+ Monocytes,CD16 Mono,0.5,hao_stateful_gemini_run05
E2L6_CGGTCAGTCACAACCA,CD4 T,CD4 CTL,CD8+ T cells,CD8 T cell (subtype unclear),0.0,hao_stateful_gemini_run05
L4_AACACACGTGCGCTCA,other,HSPC,HSPC,HSPC,1.0,hao_stateful_gemini_run05
L2_AGGAAATCACTGCATA,CD4 T,CD4 TCM,CD4+ T cells,CD4 T cell (subtype unclear),0.5,hao_stateful_gemini_run05
E2L3_CCCGAAGGTAAGGCTG,NK,NK Proliferating,Proliferating cells,Proliferating lymphocyte (lineage unclear),0.5,hao_stateful_gemini_run05
L1_ACCCTCAAGATGAATC,other,HSPC,HSPC,HSPC,1.0,hao_stateful_gemini_run05
E2L7_TGTTGGAAGTAACCTC,B,B naive,B cells,B cell (subtype unclear),0.5,hao_stateful_gemini_run05
E2L4_GCAGCTGGTGGAACAC,B,B intermediate,B cells,B cell (subtype unclear),0.5,hao_stateful_gemini_run05
L5_GTTGTCCTCGTAGCTA,CD4 T,CD4 TCM,CD4+ T cells,CD4 T cell (subtype unclear),0.5,hao_stateful_gemini_run05
E2L7_TGTTCTATCAGGTAAA,CD8 T,CD8 Naive,CD4+ T cells,CD4 T cell (subtype unclear),0.0,hao_stateful_gemini_run05
L2_ACGTTCCTCTAGTGTG,CD4 T,CD4 Naive,CD4+ T cells,CD4 T cell (subtype unclear),0.5,hao_stateful_gemini_run05
E2L8_GAAACCTCATCGTCCT,DC,pDC,Plasmacytoid Dendritic cells,pDC,1.0,hao_stateful_gemini_run05
E2L8_AGAACAATCTATCGCC,Mono,CD16 Mono,CD16+ Monocytes,CD16 Mono,1.0,hao_stateful_gemini_run05
E2L2_CAACGGCCAATTCTTC,B,B memory,B cells,B cell (subtype unclear),0.5,hao_stateful_gemini_run05
E2L1_GCCAGGTGTACAGTCT,B,B memory,B cells,B cell (subtype unclear),0.5,hao_stateful_gemini_run05
L5_CCCGGAAGTCGCAGTC,CD8 T,CD8 TCM,CD4+ T cells,CD4 T cell (subtype unclear),0.0,hao_stateful_gemini_run05
E2L6_AAACGCTCAAGTTTGC,Mono,CD14 Mono,CD14+ Monocytes,CD14 Mono,1.0,hao_stateful_gemini_run05
E2L5_TAGACTGTCCAGCAAT,DC,ASDC,CD14+ Monocytes,CD14 Mono,0.0,hao_stateful_gemini_run05
E2L6_TATACCTAGTGTGTTC,CD8 T,CD8 TEM,CD8+ T cells,CD8 T cell (subtype unclear),0.5,hao_stateful_gemini_run05
L5_ATCAGGTTCATAGGCT,CD8 T,CD8 TEM,CD8+ T cells,CD8 T cell (subtype unclear),0.5,hao_stateful_gemini_run05
E2L7_AACCCAAGTTAACCTG,other T,dnT,CD4+ T cells,CD4 T cell (subtype unclear),0.0,hao_stateful_gemini_run05
E2L6_CAGAGCCAGAGCATAT,B,B memory,B cells,B cell (subtype unclear),0.5,hao_stateful_gemini_run05
E2L4_TTTCATGCAAGGAGTC,Mono,CD16 Mono,CD16+ Monocytes,CD16 Mono,1.0,hao_stateful_gemini_run05
E2L8_ACTGTCCTCATCGACA,B,B naive,B cells,B cell (subtype unclear),0.5,hao_stateful_gemini_run05
L2_AACCTTTTCCCATACC,CD8 T,CD8 Naive,CD4+ T cells,CD4 T cell (subtype unclear),0.0,hao_stateful_gemini_run05
L3_GAGTTGTTCGGCTTGG,CD4 T,CD4 CTL,CD8+ T cells,CD8 T cell (subtype unclear),0.0,hao_stateful_gemini_run05
E2L7_CTCCCTCCATGGTACT,DC,cDC2,CD14+ Monocytes,CD14 Mono,0.0,hao_stateful_gemini_run05
E2L2_CCATAAGCATCAGCAT,Mono,CD16 Mono,CD16+ Monocytes,CD16 Mono,1.0,hao_stateful_gemini_run05
L3_GGTGATTCAGTAACGG,CD8 T,CD8 TCM,CD4+ T cells,CD4 T cell (subtype unclear),0.0,hao_stateful_gemini_run05
E2L7_GCAGCCAAGACCTCCG,other T,MAIT,CD8+ T cells,CD8 T cell (subtype unclear),0.0,hao_stateful_gemini_run05
E2L4_TAGGGTTCACGTAGTT,B,B intermediate,B cells,B cell (subtype unclear),0.5,hao_stateful_gemini_run05
E2L7_GTACAGTTCCGTTGGG,other,ILC,NK cells,NK,0.0,hao_stateful_gemini_run05
E2L6_GAAGGGTAGGATGCGT,Mono,CD14 Mono,CD14+ Monocytes,CD14 Mono,1.0,hao_stateful_gemini_run05
L1_GCCAACGCAAGACCTT,Mono,CD14 Mono,CD16+ Monocytes,CD16 Mono,0.5,hao_stateful_gemini_run05
L1_TGTTGAGGTGTAAATG,other T,dnT,CD4+ T cells,CD4 T cell (subtype unclear),0.0,hao_stateful_gemini_run05
L4_CCTTGTGCAGCAGAAC,NK,NK Proliferating,Proliferating cells,Proliferating lymphocyte (lineage unclear),0.5,hao_stateful_gemini_run05
L1_AGTGACTCACCTGCAG,NK,NK_CD56bright,NK cells,NK,0.5,hao_stateful_gemini_run05
E2L2_AAGACAAAGGTTACCT,Mono,CD14 Mono,CD14+ Monocytes,CD14 Mono,1.0,hao_stateful_gemini_run05
E2L4_TACTTCACATCCCGTT,B,B memory,B cells,B cell (subtype unclear),0.5,hao_stateful_gemini_run05
L3_AGGGTCCAGGGCTAAC,CD4 T,CD4 TCM,CD4+ T cells,CD4 T cell (subtype unclear),0.5,hao_stateful_gemini_run05
E2L2_AGGTCATCATCCTCAC,other T,MAIT,CD8+ T cells,CD8 T cell (subtype unclear),0.0,hao_stateful_gemini_run05
E2L2_AGGGAGTTCCATTGTT,other,Platelet,Platelets,Platelet,1.0,hao_stateful_gemini_run05
L1_TGGAACTGTGTTCATG,CD8 T,CD8 TEM,CD8+ T cells,CD8 T cell (subtype unclear),0.5,hao_stateful_gemini_run05
E2L4_ATTCTACTCTTACACT,B,B intermediate,B cells,B cell (subtype unclear),0.5,hao_stateful_gemini_run05
E2L7_CCCGAAGAGGGCCAAT,NK,NK Proliferating,Proliferating cells,Proliferating lymphocyte (lineage unclear),0.5,hao_stateful_gemini_run05
L2_GGGTCTGAGGGAACAA,CD8 T,CD8 Naive,CD4+ T cells,CD4 T cell (subtype unclear),0.0,hao_stateful_gemini_run05
L1_TGTTACTGTATGCGGA,other,Platelet,Platelets,Platelet,1.0,hao_stateful_gemini_run05
E2L8_TTCACCGGTCGCACAC,other T,gdT,CD8+ T cells,CD8 T cell (subtype unclear),0.0,hao_stateful_gemini_run05
L4_CGTAATGCATAACGGG,CD4 T,CD4 TEM,CD4+ T cells,CD4 T cell (subtype unclear),0.5,hao_stateful_gemini_run05
L2_CTGCAGGGTTTATGCG,CD4 T,CD4 Naive,CD4+ T cells,CD4 T cell (subtype unclear),0.5,hao_stateful_gemini_run05
E2L4_GTTCTATTCGCATGAT,B,B memory,B cells,B cell (subtype unclear),0.5,hao_stateful_gemini_run05
E2L5_CTGAATGGTGTACAGG,CD4 T,CD4 CTL,CD8+ T cells,CD8 T cell (subtype unclear),0.0,hao_stateful_gemini_run05
E2L5_ATTGGGTGTCGAACAG,CD4 T,CD4 TCM,CD4+ T cells,CD4 T cell (subtype unclear),0.5,hao_stateful_gemini_run05
E2L7_CCTAAGACATTGAAGA,DC,cDC2,CD14+ Monocytes,CD14 Mono,0.0,hao_stateful_gemini_run05
E2L4_GGGTCTGTCGTACACA,CD4 T,CD4 Naive,CD4+ T cells,CD4 T cell (subtype unclear),0.5,hao_stateful_gemini_run05
E2L6_AGAACCTCATACCACA,DC,cDC2,CD14+ Monocytes,CD14 Mono,0.0,hao_stateful_gemini_run05
E2L4_ATCGGATCAAGCACAG,B,B naive,B cells,B cell (subtype unclear),0.5,hao_stateful_gemini_run05
E2L4_CGAGGAATCACGAACT,NK,NK Proliferating,Proliferating cells,Proliferating lymphocyte (lineage unclear),0.5,hao_stateful_gemini_run05
E2L5_GTTATGGGTGACTGTT,CD4 T,CD4 Naive,CD4+ T cells,CD4 T cell (subtype unclear),0.5,hao_stateful_gemini_run05
E2L6_GATCCCTGTGCAATAA,other,ILC,NK cells,NK,0.0,hao_stateful_gemini_run05
E2L8_ATGGAGGTCAAGGCTT,CD4 T,CD4 Proliferating,Proliferating cells,Proliferating lymphocyte (lineage unclear),0.5,hao_stateful_gemini_run05
L5_TCTACCGGTTCTGACA,other T,MAIT,CD8+ T cells,CD8 T cell (subtype unclear),0.0,hao_stateful_gemini_run05
E2L2_TCAGCCTCATTGCCGG,CD4 T,CD4 TEM,CD4+ T cells,CD4 T cell (subtype unclear),0.5,hao_stateful_gemini_run05
E2L5_GAAGTAAGTGCCGGTT,DC,cDC2,CD14+ Monocytes,CD14 Mono,0.0,hao_stateful_gemini_run05
L2_AACAAAGCAATAACCC,other,Platelet,Platelets,Platelet,1.0,hao_stateful_gemini_run05
L3_CAACGGCGTGCACAAG,CD8 T,CD8 Naive,CD4+ T cells,CD4 T cell (subtype unclear),0.0,hao_stateful_gemini_run05
L2_CTTCCTTAGTAGTCAA,CD4 T,CD4 TCM,CD4+ T cells,CD4 T cell (subtype unclear),0.5,hao_stateful_gemini_run05
L5_TCCTCTTGTCGGCCTA,other T,MAIT,CD8+ T cells,CD8 T cell (subtype unclear),0.0,hao_stateful_gemini_run05
E2L7_GGAGCAACACACGTGC,other,Platelet,Platelets,Platelet,1.0,hao_stateful_gemini_run05
E2L6_GTGGAGACAGAACTAA,other,Platelet,Platelets,Platelet,1.0,hao_stateful_gemini_run05
E2L4_TTTCCTCCATTAAAGG,DC,cDC2,CD14+ Monocytes,CD14 Mono,0.0,hao_stateful_gemini_run05
L3_ACAAGCTCATAGGTTC,other T,gdT,CD4+ T cells,CD4 T cell (subtype unclear),0.0,hao_stateful_gemini_run05
E2L7_ACATCCCGTATTTCCT,B,B intermediate,B cells,B cell (subtype unclear),0.5,hao_stateful_gemini_run05
E2L1_TTCTAACGTGTACATC,NK,NK_CD56bright,NK cells,NK,0.5,hao_stateful_gemini_run05
L5_GACATCAAGCTCTATG,CD4 T,Treg,CD4+ T cells,CD4 T cell (subtype unclear),0.5,hao_stateful_gemini_run05
L3_ATCGTCCCATCAGCAT,Mono,CD16 Mono,CD16+ Monocytes,CD16 Mono,1.0,hao_stateful_gemini_run05
E2L1_TCGGATAAGACATCAA,Mono,CD14 Mono,CD14+ Monocytes,CD14 Mono,1.0,hao_stateful_gemini_run05
L2_TTAATCCGTAGTTACC,CD4 T,CD4 Naive,CD4+ T cells,CD4 T cell (subtype unclear),0.5,hao_stateful_gemini_run05
E2L6_GAAGAATCAGGGAGAG,NK,NK_CD56bright,NK cells,NK,0.5,hao_stateful_gemini_run05
L2_AGAACCTTCCCTTTGG,B,Plasmablast,Plasma cells,Plasmablast,1.0,hao_stateful_gemini_run05
E2L5_TTAATCCCACTACACA,CD4 T,Treg,CD4+ T cells,CD4 T cell (subtype unclear),0.5,hao_stateful_gemini_run05
E2L5_CTCCCTCAGCCATATC,NK,NK Proliferating,Proliferating cells,Proliferating lymphocyte (lineage unclear),0.5,hao_stateful_gemini_run05
E2L4_CACTGAACATGCCGCA,Mono,CD14 Mono,CD16+ Monocytes,CD16 Mono,0.5,hao_stateful_gemini_run05
L4_ACTTCCGAGTACTGTC,CD4 T,Treg,CD4+ T cells,CD4 T cell (subtype unclear),0.5,hao_stateful_gemini_run05
L1_CCCTGATTCGTGACTA,CD4 T,CD4 TCM,CD4+ T cells,CD4 T cell (subtype unclear),0.5,hao_stateful_gemini_run05
L2_GTAAGTCGTAGCACGA,B,Plasmablast,Plasma cells,Plasmablast,1.0,hao_stateful_gemini_run05
E2L4_GTCGAATCAAAGGGTC,CD4 T,CD4 CTL,CD8+ T cells,CD8 T cell (subtype unclear),0.0,hao_stateful_gemini_run05
E2L2_TATCCTACATTCTTCA,Mono,CD16 Mono,CD16+ Monocytes,CD16 Mono,1.0,hao_stateful_gemini_run05
L3_GTCATCCGTGCACATT,B,Plasmablast,Plasma cells,Plasmablast,1.0,hao_stateful_gemini_run05
E2L5_TTTCATGAGAATAACC,other T,MAIT,CD8+ T cells,CD8 T cell (subtype unclear),0.0,hao_stateful_gemini_run05
L3_ATGACCAAGTACTGGG,CD4 T,Treg,CD4+ T cells,CD4 T cell (subtype unclear),0.5,hao_stateful_gemini_run05
L1_GTATTTCTCGTCTCAC,B,B intermediate,B cells,B cell (subtype unclear),0.5,hao_stateful_gemini_run05
E2L2_GAATCGTAGAATGTTG,CD4 T,CD4 Naive,CD4+ T cells,CD4 T cell (subtype unclear),0.5,hao_stateful_gemini_run05
L1_CACGTGGGTGTTACTG,CD4 T,CD4 Naive,CD4+ T cells,CD4 T cell (subtype unclear),0.5,hao_stateful_gemini_run05
E2L5_CACGTTCTCCCATTCG,CD8 T,CD8 TCM,CD4+ T cells,CD4 T cell (subtype unclear),0.0,hao_stateful_gemini_run05
L1_CGAGAAGAGCCAAGTG,CD4 T,Treg,CD4+ T cells,CD4 T cell (subtype unclear),0.5,hao_stateful_gemini_run05
E2L5_GTACAACAGGTTATAG,CD8 T,CD8 Proliferating,Proliferating cells,Proliferating lymphocyte (lineage unclear),0.5,hao_stateful_gemini_run05
E2L1_GGTTAACTCCATCAGA,NK,NK,CD8+ T cells,CD8 T cell (subtype unclear),0.0,hao_stateful_gemini_run05
E2L3_TCATGAGTCTAGACCA,NK,NK_CD56bright,NK cells,NK,0.5,hao_stateful_gemini_run05
L5_GCGGAAAAGAGCCCAA,CD4 T,CD4 CTL,CD8+ T cells,CD8 T cell (subtype unclear),0.0,hao_stateful_gemini_run05
E2L6_GTGGCGTAGGGATGTC,NK,NK Proliferating,Proliferating cells,Proliferating lymphocyte (lineage unclear),0.5,hao_stateful_gemini_run05
E2L4_TCACGGGAGTGACCTT,Mono,CD14 Mono,CD16+ Monocytes,CD16 Mono,0.5,hao_stateful_gemini_run05
L3_AGAAATGTCTACTGCC,other T,MAIT,CD8+ T cells,CD8 T cell (subtype unclear),0.0,hao_stateful_gemini_run05
L2_CACATGATCGGTTCAA,other,HSPC,HSPC,HSPC,1.0,hao_stateful_gemini_run05
E2L1_ACTTATCGTTCCGCAG,other,Platelet,Platelets,Platelet,1.0,hao_stateful_gemini_run05
L5_AGTGATCTCCACTGGG,B,Plasmablast,Plasma cells,Plasmablast,1.0,hao_stateful_gemini_run05
L5_TGCGACGCATGTGCTA,other,Platelet,Platelets,Platelet,1.0,hao_stateful_gemini_run05
L4_GATAGAACAAGCAGGT,NK,NK,CD8+ T cells,CD8 T cell (subtype unclear),0.0,hao_stateful_gemini_run05
E2L6_TATATCCTCCCGAGGT,NK,NK,CD8+ T cells,CD8 T cell (subtype unclear),0.0,hao_stateful_gemini_run05
L4_ATCGATGCATCGGTTA,CD4 T,CD4 CTL,CD8+ T cells,CD8 T cell (subtype unclear),0.0,hao_stateful_gemini_run05
L2_GACACGCCAAATCAAG,CD4 T,CD4 Naive,CD4+ T cells,CD4 T cell (subtype unclear),0.5,hao_stateful_gemini_run05
L5_TAGCACAGTATGGAAT,other T,dnT,CD4+ T cells,CD4 T cell (subtype unclear),0.0,hao_stateful_gemini_run05
L1_ATCATTCAGAATCGAT,CD4 T,CD4 TCM,CD4+ T cells,CD4 T cell (subtype unclear),0.5,hao_stateful_gemini_run05
E2L1_ACAACCACACGCGCTA,CD4 T,CD4 CTL,CD8+ T cells,CD8 T cell (subtype unclear),0.0,hao_stateful_gemini_run05
E2L6_ATGACCAGTGAATGTA,B,Plasmablast,Plasma cells,Plasmablast,1.0,hao_stateful_gemini_run05
L4_TTGTGGAGTTCGCGTG,other,HSPC,HSPC,HSPC,1.0,hao_stateful_gemini_run05
L1_TACGGGCCAAGGACAC,other T,gdT,CD4+ T cells,CD4 T cell (subtype unclear),0.0,hao_stateful_gemini_run05
E2L2_TTCAATCAGAACTGAT,other,ILC,CD4+ T cells,CD4 T cell (subtype unclear),0.0,hao_stateful_gemini_run05
E2L3_TCAGTTTAGCTTTCTT,CD8 T,CD8 Naive,CD4+ T cells,CD4 T cell (subtype unclear),0.0,hao_stateful_gemini_run05
E2L7_AATCGTGGTAGGTACG,CD8 T,CD8 TCM,CD4+ T cells,CD4 T cell (subtype unclear),0.0,hao_stateful_gemini_run05
L3_CTTCGGTCAGACTGCC,CD4 T,CD4 Proliferating,Proliferating cells,Proliferating lymphocyte (lineage unclear),0.5,hao_stateful_gemini_run05
L3_CTGGTCTAGACATCAA,CD8 T,CD8 TCM,CD4+ T cells,CD4 T cell (subtype unclear),0.0,hao_stateful_gemini_run05
L3_GTCACGGAGAGAGAAC,other T,dnT,CD4+ T cells,CD4 T cell (subtype unclear),0.0,hao_stateful_gemini_run05
L1_TGCACGGAGTATGCAA,B,Plasmablast,Plasma cells,Plasmablast,1.0,hao_stateful_gemini_run05
L4_TCAGCCTCAGGATTCT,Mono,CD14 Mono,CD16+ Monocytes,CD16 Mono,0.5,hao_stateful_gemini_run05
L3_GAAGAATTCTCAGGCG,CD8 T,CD8 TCM,CD4+ T cells,CD4 T cell (subtype unclear),0.0,hao_stateful_gemini_run05
E2L6_CAGCGTGTCCATTTGT,DC,cDC1,Conventional Dendritic cells,Dendritic cell (subtype unclear),0.5,hao_stateful_gemini_run05
E2L2_TGACGCGAGCCTTTCC,NK,NK_CD56bright,NK cells,NK,0.5,hao_stateful_gemini_run05
E2L3_ATCGGCGCAGACCTGC,other T,MAIT,CD8+ T cells,CD8 T cell (subtype unclear),0.0,hao_stateful_gemini_run05
E2L7_TTAGGCATCGTACACA,CD4 T,CD4 TCM,CD4+ T cells,CD4 T cell (subtype unclear),0.5,hao_stateful_gemini_run05
L5_AGGCCACAGAGCCCAA,DC,cDC1,Conventional Dendritic cells,Dendritic cell (subtype unclear),0.5,hao_stateful_gemini_run05
L5_CTAACTTGTACAGTAA,other T,dnT,Memory/Effector T cells,T cell (CD4/CD8/other unclear),0.5,hao_stateful_gemini_run05
E2L4_GGAACCCCAGAGAATT,B,B intermediate,B cells,B cell (subtype unclear),0.5,hao_stateful_gemini_run05
L5_CTACAGATCCGTTGAA,NK,NK,CD8+ T cells,CD8 T cell (subtype unclear),0.0,hao_stateful_gemini_run05
E2L1_TATCTTGCATCGGAAG,Mono,CD14 Mono,CD16+ Monocytes,CD16 Mono,0.5,hao_stateful_gemini_run05
L1_GATTCTTAGGCTCTAT,other T,MAIT,CD8+ T cells,CD8 T cell (subtype unclear),0.0,hao_stateful_gemini_run05
L4_TCATTGTGTGAGACGT,other,Platelet,Platelets,Platelet,1.0,hao_stateful_gemini_run05
L2_ATTCACTCAACCGACC,other,HSPC,HSPC,HSPC,1.0,hao_stateful_gemini_run05
E2L2_AGAGCAGTCTGCACCT,other,ILC,NK cells,NK,0.0,hao_stateful_gemini_run05
L2_TGTTACTAGGGACACT,B,Plasmablast,Plasma cells,Plasmablast,1.0,hao_stateful_gemini_run05
L4_CATTTCAGTTTCACTT,CD4 T,CD4 TCM,CD4+ T cells,CD4 T cell (subtype unclear),0.5,hao_stateful_gemini_run05
L5_CTGTACCGTTACCCAA,CD4 T,CD4 Naive,CD4+ T cells,CD4 T cell (subtype unclear),0.5,hao_stateful_gemini_run05
L1_ATGAAAGGTGTGCTTA,DC,cDC2,CD14+ Monocytes,CD14 Mono,0.0,hao_stateful_gemini_run05
L3_ACCACAACAACTCGTA,other T,gdT,CD8+ T cells,CD8 T cell (subtype unclear),0.0,hao_stateful_gemini_run05
E2L2_TTACGTTAGCACCGAA,other,Platelet,Platelets,Platelet,1.0,hao_stateful_gemini_run05
L3_ATCCACCCAGTAGGAC,B,B intermediate,B cells,B cell (subtype unclear),0.5,hao_stateful_gemini_run05
E2L5_AAGTACCAGATAACAC,CD8 T,CD8 Naive,CD4+ T cells,CD4 T cell (subtype unclear),0.0,hao_stateful_gemini_run05
L1_TTTGACTAGTGTAGAT,other T,gdT,CD8+ T cells,CD8 T cell (subtype unclear),0.0,hao_stateful_gemini_run05
L4_AGCGATTAGACGTCCC,CD8 T,CD8 TCM,CD4+ T cells,CD4 T cell (subtype unclear),0.0,hao_stateful_gemini_run05
L3_TCCACGTAGGAGAGTA,CD8 T,CD8 TEM,CD4+ T cells,CD4 T cell (subtype unclear),0.0,hao_stateful_gemini_run05
E2L1_AAGCCATCAGTTGTTG,CD4 T,CD4 Naive,CD4+ T cells,CD4 T cell (subtype unclear),0.5,hao_stateful_gemini_run05
L5_CACTAAGCACAAACGG,Mono,CD14 Mono,CD16+ Monocytes,CD16 Mono,0.5,hao_stateful_gemini_run05
L4_GTCTAGAGTATAATGG,CD4 T,Treg,CD4+ T cells,CD4 T cell (subtype unclear),0.5,hao_stateful_gemini_run05
L1_CTTGATTTCGGTGTAT,NK,NK Proliferating,Proliferating cells,Proliferating lymphocyte (lineage unclear),0.5,hao_stateful_gemini_run05
L4_AACAAGATCCATCGTC,NK,NK Proliferating,Proliferating cells,Proliferating lymphocyte (lineage unclear),0.5,hao_stateful_gemini_run05
L5_AAATGGAAGCGAGTCA,DC,cDC2,CD14+ Monocytes,CD14 Mono,0.0,hao_stateful_gemini_run05
E2L7_AGATCCATCTATTTCG,B,B memory,B cells,B cell (subtype unclear),0.5,hao_stateful_gemini_run05
E2L2_ATCGGATGTTGGGACA,DC,pDC,Plasmacytoid Dendritic cells,pDC,1.0,hao_stateful_gemini_run05
L1_GGTAATCTCGTAGGGA,B,Plasmablast,Plasma cells,Plasmablast,1.0,hao_stateful_gemini_run05
E2L8_GAAGCGAGTCGAGATG,NK,NK_CD56bright,NK cells,NK,0.5,hao_stateful_gemini_run05
E2L6_TAGACCATCCTGTAGA,NK,NK Proliferating,Proliferating cells,Proliferating lymphocyte (lineage unclear),0.5,hao_stateful_gemini_run05
E2L6_TCCCAGTCAGTGCCTG,DC,pDC,Plasmacytoid Dendritic cells,pDC,1.0,hao_stateful_gemini_run05
E2L2_AGTCAACGTATCGTAC,CD4 T,CD4 TEM,CD4+ T cells,CD4 T cell (subtype unclear),0.5,hao_stateful_gemini_run05
E2L1_CTATAGGAGGGCATGT,CD8 T,CD8 Naive,CD4+ T cells,CD4 T cell (subtype unclear),0.0,hao_stateful_gemini_run05
E2L4_AGAGAATAGACCATTC,B,B memory,B cells,B cell (subtype unclear),0.5,hao_stateful_gemini_run05
L5_CTGCTCACACTCCGGA,other T,dnT,CD4+ T cells,CD4 T cell (subtype unclear),0.0,hao_stateful_gemini_run05
L5_ATTCCTACACGCCACA,other T,gdT,CD8+ T cells,CD8 T cell (subtype unclear),0.0,hao_stateful_gemini_run05
E2L1_GCCAGCATCGAAGCAG,CD4 T,CD4 TCM,CD4+ T cells,CD4 T cell (subtype unclear),0.5,hao_stateful_gemini_run05
L4_GAGTCATAGAGGGTCT,Mono,CD16 Mono,CD16+ Monocytes,CD16 Mono,1.0,hao_stateful_gemini_run05
L4_TCCATGCGTACTGAGG,other T,MAIT,CD8+ T cells,CD8 T cell (subtype unclear),0.0,hao_stateful_gemini_run05
E2L7_TAATTCCGTAACAGGC,other,Platelet,CD8+ T cells,CD8 T cell (subtype unclear),0.0,hao_stateful_gemini_run05
E2L3_AAGACAACACGACGAA,DC,cDC1,Conventional Dendritic cells,Dendritic cell (subtype unclear),0.5,hao_stateful_gemini_run05
E2L7_ACACTGATCCCTCGTA,CD4 T,CD4 Naive,CD4+ T cells,CD4 T cell (subtype unclear),0.5,hao_stateful_gemini_run05
L1_TACGCTCAGTCGCTAT,other T,dnT,CD4+ T cells,CD4 T cell (subtype unclear),0.0,hao_stateful_gemini_run05
E2L5_AAGCATCGTAGTTACC,B,B memory,B cells,B cell (subtype unclear),0.5,hao_stateful_gemini_run05
L1_CACAACAAGACAACTA,other T,MAIT,CD8+ T cells,CD8 T cell (subtype unclear),0.0,hao_stateful_gemini_run05
L4_TATGTTCGTTTAGAGA,Mono,CD16 Mono,CD16+ Monocytes,CD16 Mono,1.0,hao_stateful_gemini_run05
L5_CTGATCCGTCCAGAAG,other,HSPC,HSPC,HSPC,1.0,hao_stateful_gemini_run05
E2L3_CAGGCCAAGTCTGCAT,NK,NK,CD8+ T cells,CD8 T cell (subtype unclear),0.0,hao_stateful_gemini_run05
E2L7_ACCACAACAACTTCTT,CD8 T,CD8 TCM,CD4+ T cells,CD4 T cell (subtype unclear),0.0,hao_stateful_gemini_run05
E2L6_GATCAGTTCATGCCAA,other,Platelet,Platelets,Platelet,1.0,hao_stateful_gemini_run05
L3_GTTGCGGAGACCGCCT,other T,dnT,Memory/Effector T cells,T cell (CD4/CD8/other unclear),0.5,hao_stateful_gemini_run05
L4_TCGTGCTGTAGAATAC,CD8 T,CD8 Proliferating,Proliferating cells,Proliferating lymphocyte (lineage unclear),0.5,hao_stateful_gemini_run05
L3_TAGAGTCTCTATTTCG,Mono,CD14 Mono,CD16+ Monocytes,CD16 Mono,0.5,hao_stateful_gemini_run05
L1_CTACTATGTTCCACGG,DC,cDC1,Conventional Dendritic cells,Dendritic cell (subtype unclear),0.5,hao_stateful_gemini_run05
E2L4_TAATCTCAGACGCCAA,B,Plasmablast,Proliferating cells,Proliferating lymphocyte (lineage unclear),0.0,hao_stateful_gemini_run05
L5_TTACTGTTCGCCTTGT,B,B intermediate,B cells,B cell (subtype unclear),0.5,hao_stateful_gemini_run05
E2L2_TATTTCGAGTTGTCAC,other,Eryth,Erythrocytes,Eryth,1.0,hao_stateful_gemini_run05
E2L4_CCTTCAGCATCTTAGG,CD8 T,CD8 Proliferating,Proliferating cells,Proliferating lymphocyte (lineage unclear),0.5,hao_stateful_gemini_run05
E2L7_GTTGCGGAGCCTCGTG,B,B intermediate,B cells,B cell (subtype unclear),0.5,hao_stateful_gemini_run05
L1_CTCTGGTCAGTAACCT,CD4 T,CD4 Naive,CD4+ T cells,CD4 T cell (subtype unclear),0.5,hao_stateful_gemini_run05
L2_TCTTCCTAGCAGGTCA,CD4 T,CD4 TCM,CD4+ T cells,CD4 T cell (subtype unclear),0.5,hao_stateful_gemini_run05
E2L4_AGTGCCGCACACTTAG,CD4 T,CD4 TEM,CD4+ T cells,CD4 T cell (subtype unclear),0.5,hao_stateful_gemini_run05
E2L3_ACACAGTTCGGAGCAA,other T,MAIT,CD8+ T cells,CD8 T cell (subtype unclear),0.0,hao_stateful_gemini_run05
E2L6_CCGTTCATCGTTACCC,CD8 T,CD8 TCM,CD4+ T cells,CD4 T cell (subtype unclear),0.0,hao_stateful_gemini_run05
E2L6_AAGCATCCAGAACGCA,CD8 T,CD8 TCM,CD4+ T cells,CD4 T cell (subtype unclear),0.0,hao_stateful_gemini_run05
L1_CTACCTGGTCTGATCA,CD8 T,CD8 TCM,CD4+ T cells,CD4 T cell (subtype unclear),0.0,hao_stateful_gemini_run05
L5_CGTGCTTAGACAGCGT,Mono,CD14 Mono,CD16+ Monocytes,CD16 Mono,0.5,hao_stateful_gemini_run05
L2_TCTACCGGTTACACTG,B,B memory,B cells,B cell (subtype unclear),0.5,hao_stateful_gemini_run05
L3_CACACAACATACAGCT,NK,NK_CD56bright,NK cells,NK,0.5,hao_stateful_gemini_run05
L4_AGGTGTTGTAGCGCTC,other,HSPC,HSPC,HSPC,1.0,hao_stateful_gemini_run05
E2L6_GGCAGTCAGCGATGAC,CD4 T,CD4 Naive,CD4+ T cells,CD4 T cell (subtype unclear),0.5,hao_stateful_gemini_run05
L2_CGTTGGGCACATGGTT,other,ILC,CD4+ T cells,CD4 T cell (subtype unclear),0.0,hao_stateful_gemini_run05
E2L5_CTCTCAGCAAGCCTGC,B,B intermediate,B cells,B cell (subtype unclear),0.5,hao_stateful_gemini_run05
L4_CTATAGGTCGTCTACC,CD8 T,CD8 TCM,CD4+ T cells,CD4 T cell (subtype unclear),0.0,hao_stateful_gemini_run05
L2_TAGGTTGCACATGGTT,other T,MAIT,CD8+ T cells,CD8 T cell (subtype unclear),0.0,hao_stateful_gemini_run05
L5_TATCAGGGTGACGTCC,other T,MAIT,CD8+ T cells,CD8 T cell (subtype unclear),0.0,hao_stateful_gemini_run05
L1_TTGTTCAGTAGATCGG,CD4 T,CD4 Naive,CD4+ T cells,CD4 T cell (subtype unclear),0.5,hao_stateful_gemini_run05
L3_TCTACCGCATGCCGGT,CD4 T,CD4 Naive,CD4+ T cells,CD4 T cell (subtype unclear),0.5,hao_stateful_gemini_run05
L3_TGATTTCCATTCTGTT,B,B intermediate,B cells,B cell (subtype unclear),0.5,hao_stateful_gemini_run05
E2L3_CTGTAGACATGATGCT,DC,cDC2,CD14+ Monocytes,CD14 Mono,0.0,hao_stateful_gemini_run05
E2L6_GAGATGGCAGTCACGC,DC,cDC2,CD14+ Monocytes,CD14 Mono,0.0,hao_stateful_gemini_run05
L2_ATCACGACACTGATTG,B,Plasmablast,Plasma cells,Plasmablast,1.0,hao_stateful_gemini_run05
E2L3_GACCCAGAGCCGGAAT,CD4 T,CD4 CTL,CD8+ T cells,CD8 T cell (subtype unclear),0.0,hao_stateful_gemini_run05
E2L4_ATCCACCGTGCTTCAA,DC,cDC2,CD14+ Monocytes,CD14 Mono,0.0,hao_stateful_gemini_run05
L2_GCAGCTGTCTCCCAAC,CD8 T,CD8 Naive,CD4+ T cells,CD4 T cell (subtype unclear),0.0,hao_stateful_gemini_run05
L1_CGAAGTTGTCGTGCCA,CD8 T,CD8 Naive,CD4+ T cells,CD4 T cell (subtype unclear),0.0,hao_stateful_gemini_run05
L4_AATCGTGCAGTCAGTT,CD4 T,CD4 TCM,CD4+ T cells,CD4 T cell (subtype unclear),0.5,hao_stateful_gemini_run05
E2L7_TCAGTGAGTACGATGG,CD4 T,CD4 CTL,CD8+ T cells,CD8 T cell (subtype unclear),0.0,hao_stateful_gemini_run05
E2L5_TCTCCGATCCGTACGG,CD4 T,CD4 CTL,CD8+ T cells,CD8 T cell (subtype unclear),0.0,hao_stateful_gemini_run05
L2_TATTGCTGTTAAACCC,other,Eryth,Erythrocytes,Eryth,1.0,hao_stateful_gemini_run05
E2L2_CGGAATTGTTCGGACC,CD8 T,CD8 TCM,CD4+ T cells,CD4 T cell (subtype unclear),0.0,hao_stateful_gemini_run05
E2L5_AGGATAACATGACGGA,NK,NK,CD8+ T cells,CD8 T cell (subtype unclear),0.0,hao_stateful_gemini_run05
L5_TCTGCCACAGGTGTTT,CD8 T,CD8 Proliferating,Proliferating cells,Proliferating lymphocyte (lineage unclear),0.5,hao_stateful_gemini_run05
E2L2_TCAGCAAAGAACAAGG,DC,ASDC,CD14+ Monocytes,CD14 Mono,0.0,hao_stateful_gemini_run05
E2L1_TCCTAATGTATCGTAC,NK,NK Proliferating,Proliferating cells,Proliferating lymphocyte (lineage unclear),0.5,hao_stateful_gemini_run05
L2_TCACAAGTCCTCATAT,other,Eryth,Erythrocytes,Eryth,1.0,hao_stateful_gemini_run05
L2_TTACCATCATCGTGGC,Mono,CD16 Mono,CD16+ Monocytes,CD16 Mono,1.0,hao_stateful_gemini_run05
E2L2_TCAGGTAGTAGTCTTG,Mono,CD16 Mono,CD16+ Monocytes,CD16 Mono,1.0,hao_stateful_gemini_run05
E2L2_GGAACCCCATTCTGTT,CD8 T,CD8 Proliferating,Proliferating cells,Proliferating lymphocyte (lineage unclear),0.5,hao_stateful_gemini_run05
L4_ACGTTCCTCAACGAGG,NK,NK Proliferating,Proliferating cells,Proliferating lymphocyte (lineage unclear),0.5,hao_stateful_gemini_run05
L4_TCGTGGGCAGCTGAAG,NK,NK_CD56bright,NK cells,NK,0.5,hao_stateful_gemini_run05
E2L8_CTCAGTCCAGACGATG,B,Plasmablast,Plasma cells,Plasmablast,1.0,hao_stateful_gemini_run05
L1_GGTAATCTCTCGAGTA,NK,NK_CD56bright,NK cells,NK,0.5,hao_stateful_gemini_run05
E2L1_TGGGCTGAGCCAAGGT,CD8 T,CD8 TEM,CD8+ T cells,CD8 T cell (subtype unclear),0.5,hao_stateful_gemini_run05
L4_ATCTCTAAGTACTGGG,other T,gdT,CD4+ T cells,CD4 T cell (subtype unclear),0.0,hao_stateful_gemini_run05
E2L6_ACCTACCAGCGCCTCA,CD8 T,CD8 TCM,CD4+ T cells,CD4 T cell (subtype unclear),0.0,hao_stateful_gemini_run05
E2L8_TGGGATTTCGCTCTAC,NK,NK,CD8+ T cells,CD8 T cell (subtype unclear),0.0,hao_stateful_gemini_run05
E2L5_TGTGCGGTCCATTTAC,DC,pDC,Plasmacytoid Dendritic cells,pDC,1.0,hao_stateful_gemini_run05
L5_CATGCCTGTAACAGTA,CD8 T,CD8 Naive,CD4+ T cells,CD4 T cell (subtype unclear),0.0,hao_stateful_gemini_run05
L1_AATTTCCAGAGGCTGT,other,HSPC,HSPC,HSPC,1.0,hao_stateful_gemini_run05
E2L1_GGCGTCATCCTAGAGT,CD4 T,CD4 Naive,CD4+ T cells,CD4 T cell (subtype unclear),0.5,hao_stateful_gemini_run05
E2L8_GTACAGTAGCCTGAAG,CD8 T,CD8 TEM,CD8+ T cells,CD8 T cell (subtype unclear),0.5,hao_stateful_gemini_run05
E2L1_ACTATCTTCATTGGTG,DC,cDC2,CD14+ Monocytes,CD14 Mono,0.0,hao_stateful_gemini_run05
E2L7_GAGGCAACAACGTATC,B,Plasmablast,Plasma cells,Plasmablast,1.0,hao_stateful_gemini_run05
L2_AGGCTGCAGAATAGTC,CD8 T,CD8 TEM,CD8+ T cells,CD8 T cell (subtype unclear),0.5,hao_stateful_gemini_run05
L5_CTCCTTTGTCAGTTTG,NK,NK Proliferating,Proliferating cells,Proliferating lymphocyte (lineage unclear),0.5,hao_stateful_gemini_run05
L4_GGGTGAATCACAACCA,CD8 T,CD8 TCM,CD4+ T cells,CD4 T cell (subtype unclear),0.0,hao_stateful_gemini_run05
L1_TCTTAGTAGCCTTCTC,CD4 T,CD4 TEM,CD4+ T cells,CD4 T cell (subtype unclear),0.5,hao_stateful_gemini_run05
E2L7_GGGCCATCAAGTAGTA,DC,pDC,Plasmacytoid Dendritic cells,pDC,1.0,hao_stateful_gemini_run05
L4_CAACGATAGGTGCCAA,Mono,CD16 Mono,CD16+ Monocytes,CD16 Mono,1.0,hao_stateful_gemini_run05
E2L5_TGGGAGAAGACTCGAG,CD8 T,CD8 TCM,CD4+ T cells,CD4 T cell (subtype unclear),0.0,hao_stateful_gemini_run05
E2L5_CTCTCAGAGTGTACCT,Mono,CD14 Mono,CD14+ Monocytes,CD14 Mono,1.0,hao_stateful_gemini_run05
L1_AATTCCTCACTCAGAT,other,HSPC,HSPC,HSPC,1.0,hao_stateful_gemini_run05
E2L5_TACGTCCTCTAATTCC,other,Platelet,Platelets,Platelet,1.0,hao_stateful_gemini_run05
L5_GTTACGAAGGACTTCT,NK,NK_CD56bright,NK cells,NK,0.5,hao_stateful_gemini_run05
L3_ATGAGTCCAAATACGA,B,B naive,B cells,B cell (subtype unclear),0.5,hao_stateful_gemini_run05
E2L6_CATGCTCGTATCACCA,B,B memory,B cells,B cell (subtype unclear),0.5,hao_stateful_gemini_run05
L5_CTAGGTAAGCGAGTAC,CD8 T,CD8 Naive,CD4+ T cells,CD4 T cell (subtype unclear),0.0,hao_stateful_gemini_run05
L4_GCTACCTAGCGGGTTA,CD4 T,CD4 TEM,CD4+ T cells,CD4 T cell (subtype unclear),0.5,hao_stateful_gemini_run05
E2L7_TAGACCACAGGAATCG,Mono,CD14 Mono,CD16+ Monocytes,CD16 Mono,0.5,hao_stateful_gemini_run05
E2L3_GTTGCTCGTCTCGCGA,NK,NK,CD8+ T cells,CD8 T cell (subtype unclear),0.0,hao_stateful_gemini_run05
E2L3_CCTATCGCATTGCTGA,CD4 T,CD4 Naive,CD4+ T cells,CD4 T cell (subtype unclear),0.5,hao_stateful_gemini_run05
E2L5_ATCGGATCACAACATC,B,Plasmablast,Plasma cells,Plasmablast,1.0,hao_stateful_gemini_run05
E2L3_TCGATTTCACAGCCAC,CD4 T,CD4 Naive,CD4+ T cells,CD4 T cell (subtype unclear),0.5,hao_stateful_gemini_run05
L3_CATGCTCTCAGGAACG,CD4 T,CD4 Naive,CD4+ T cells,CD4 T cell (subtype unclear),0.5,hao_stateful_gemini_run05
E2L6_AGGCCACGTGGCTTAT,NK,NK_CD56bright,NK cells,NK,0.5,hao_stateful_gemini_run05
E2L4_ATCGTCCAGCAAGCCA,B,B intermediate,B cells,B cell (subtype unclear),0.5,hao_stateful_gemini_run05
E2L7_TGCAGTATCGTCTACC,NK,NK Proliferating,Proliferating cells,Proliferating lymphocyte (lineage unclear),0.5,hao_stateful_gemini_run05
E2L5_GTCTGTCTCACCCTTG,NK,NK,CD8+ T cells,CD8 T cell (subtype unclear),0.0,hao_stateful_gemini_run05
E2L6_AGTGTTGCAACCGGAA,CD8 T,CD8 TCM,CD4+ T cells,CD4 T cell (subtype unclear),0.0,hao_stateful_gemini_run05
E2L1_GCGGAAAGTGACATCT,other T,MAIT,CD8+ T cells,CD8 T cell (subtype unclear),0.0,hao_stateful_gemini_run05
L5_CTCACTGTCGTGTGGC,DC,cDC1,Conventional Dendritic cells,Dendritic cell (subtype unclear),0.5,hao_stateful_gemini_run05
L2_TCGGGACTCGGCTATA,other,HSPC,HSPC,HSPC,1.0,hao_stateful_gemini_run05
L1_GCTTGGGCATGACTCA,other T,MAIT,CD8+ T cells,CD8 T cell (subtype unclear),0.0,hao_stateful_gemini_run05
E2L3_GACTCTCCATACTTTC,Mono,CD14 Mono,CD14+ Monocytes,CD14 Mono,1.0,hao_stateful_gemini_run05
E2L8_CACATGAAGTGGATAT,CD8 T,CD8 TEM,CD8+ T cells,CD8 T cell (subtype unclear),0.5,hao_stateful_gemini_run05
E2L1_CGGACACAGCGTGCTC,CD4 T,CD4 TCM,CD4+ T cells,CD4 T cell (subtype unclear),0.5,hao_stateful_gemini_run05
E2L8_GAGGCAACAGGCAATG,NK,NK,Proliferating cells,Proliferating lymphocyte (lineage unclear),0.0,hao_stateful_gemini_run05
L3_TACGTCCGTATCCTTT,Mono,CD16 Mono,CD16+ Monocytes,CD16 Mono,1.0,hao_stateful_gemini_run05
L1_CGATCGGGTGATACCT,other T,dnT,Memory/Effector T cells,T cell (CD4/CD8/other unclear),0.5,hao_stateful_gemini_run05
L2_TGTAGACCACCTGCGA,other T,dnT,Memory/Effector T cells,T cell (CD4/CD8/other unclear),0.5,hao_stateful_gemini_run05
E2L1_ATGGTTGCAGCAAGAC,DC,cDC2,CD14+ Monocytes,CD14 Mono,0.0,hao_stateful_gemini_run05
L2_TTGGTTTAGCGTGTTT,DC,ASDC,CD14+ Monocytes,CD14 Mono,0.0,hao_stateful_gemini_run05
E2L4_GGTGTTAGTGCATACT,CD8 T,CD8 TEM,CD8+ T cells,CD8 T cell (subtype unclear),0.5,hao_stateful_gemini_run05
E2L5_CATCAAGTCTGGGCAC,CD4 T,CD4 CTL,CD8+ T cells,CD8 T cell (subtype unclear),0.0,hao_stateful_gemini_run05
L3_CATTGCCGTATGTCCA,other,Eryth,Erythrocytes,Eryth,1.0,hao_stateful_gemini_run05
E2L2_CGTTCTGAGATTACCC,NK,NK,CD8+ T cells,CD8 T cell (subtype unclear),0.0,hao_stateful_gemini_run05
L1_TGTTCCGGTAGTCTTG,DC,cDC2,CD14+ Monocytes,CD14 Mono,0.0,hao_stateful_gemini_run05
E2L3_ATCACTTGTTGTACGT,NK,NK,CD8+ T cells,CD8 T cell (subtype unclear),0.0,hao_stateful_gemini_run05
E2L3_CTATCTACAGCGTGCT,NK,NK_CD56bright,NK cells,NK,0.5,hao_stateful_gemini_run05
E2L1_CGTTAGACACACGTGC,other,ILC,NK cells,NK,0.0,hao_stateful_gemini_run05
L3_CTGGTCTAGGTTATAG,CD4 T,Treg,CD4+ T cells,CD4 T cell (subtype unclear),0.5,hao_stateful_gemini_run05
E2L2_CATGCCTGTGTTTGCA,DC,cDC2,CD14+ Monocytes,CD14 Mono,0.0,hao_stateful_gemini_run05
L3_AGCTTCCTCGCTTGAA,other T,MAIT,CD8+ T cells,CD8 T cell (subtype unclear),0.0,hao_stateful_gemini_run05
L3_CTTCGGTTCTGAGTCA,B,Plasmablast,Plasma cells,Plasmablast,1.0,hao_stateful_gemini_run05
L4_CTGTAGATCAACTCTT,CD4 T,CD4 Naive,CD4+ T cells,CD4 T cell (subtype unclear),0.5,hao_stateful_gemini_run05
E2L7_TCGCTTGAGGACAACC,other,Platelet,Platelets,Platelet,1.0,hao_stateful_gemini_run05
L4_TCAAGCATCTCACCCA,NK,NK,CD8+ T cells,CD8 T cell (subtype unclear),0.0,hao_stateful_gemini_run05
L4_TCCGGGACACATATCG,NK,NK Proliferating,Proliferating cells,Proliferating lymphocyte (lineage unclear),0.5,hao_stateful_gemini_run05
L5_CAAGACTGTCAGTCGC,CD4 T,CD4 TEM,CD4+ T cells,CD4 T cell (subtype unclear),0.5,hao_stateful_gemini_run05
E2L2_TCACTCGTCATTATCC,other T,gdT,CD8+ T cells,CD8 T cell (subtype unclear),0.0,hao_stateful_gemini_run05
E2L4_TAGCACAAGACGCATG,B,B naive,B cells,B cell (subtype unclear),0.5,hao_stateful_gemini_run05
E2L4_TTCGGTCAGCACCAGA,Mono,CD16 Mono,CD16+ Monocytes,CD16 Mono,1.0,hao_stateful_gemini_run05
E2L4_TTTAGTCTCCTTCTTC,CD4 T,CD4 Naive,CD4+ T cells,CD4 T cell (subtype unclear),0.5,hao_stateful_gemini_run05
E2L5_GAGGGTATCGTAACCA,B,B naive,B cells,B cell (subtype unclear),0.5,hao_stateful_gemini_run05
E2L1_TAAGCGTAGCACCGAA,B,Plasmablast,CD8+ T cells,CD8 T cell (subtype unclear),0.0,hao_stateful_gemini_run05
E2L6_GCCCGAAAGGTTACCT,DC,cDC2,CD14+ Monocytes,CD14 Mono,0.0,hao_stateful_gemini_run05
L2_AGCTCAAAGTCCCGAC,NK,NK Proliferating,Proliferating cells,Proliferating lymphocyte (lineage unclear),0.5,hao_stateful_gemini_run05
L2_CTACTATCAAGACCGA,DC,ASDC,CD14+ Monocytes,CD14 Mono,0.0,hao_stateful_gemini_run05
E2L2_TCGAACATCTTAAGGC,other T,MAIT,CD8+ T cells,CD8 T cell (subtype unclear),0.0,hao_stateful_gemini_run05
L1_CCTAACCGTCCGGTCA,Mono,CD14 Mono,CD16+ Monocytes,CD16 Mono,0.5,hao_stateful_gemini_run05
L4_ACAACCATCAAAGACA,CD4 T,CD4 CTL,CD4+ T cells,CD4 T cell (subtype unclear),0.5,hao_stateful_gemini_run05
L3_CCCTAACAGCGTGCCT,NK,NK_CD56bright,NK cells,NK,0.5,hao_stateful_gemini_run05
E2L7_TGCGACGCACAGTCCG,B,B intermediate,B cells,B cell (subtype unclear),0.5,hao_stateful_gemini_run05
L1_GGCACGTAGAACAGGA,DC,cDC2,CD14+ Monocytes,CD14 Mono,0.0,hao_stateful_gemini_run05
E2L5_AGCTCAAAGCTATCTG,DC,pDC,Plasmacytoid Dendritic cells,pDC,1.0,hao_stateful_gemini_run05
E2L3_AGCGATTGTGATCATC,B,B naive,B cells,B cell (subtype unclear),0.5,hao_stateful_gemini_run05
L2_TTAGGGTAGAGAGCGG,other,Eryth,Erythrocytes,Eryth,1.0,hao_stateful_gemini_run05
L1_GCAGGCTCACAAATCC,DC,cDC2,CD14+ Monocytes,CD14 Mono,0.0,hao_stateful_gemini_run05
E2L7_TTTACGTAGACAACAT,CD4 T,CD4 TCM,CD4+ T cells,CD4 T cell (subtype unclear),0.5,hao_stateful_gemini_run05
L3_CCTATCGAGCTCTTCC,B,B intermediate,B cells,B cell (subtype unclear),0.5,hao_stateful_gemini_run05
E2L3_GTTACGAAGCGGTAGT,Mono,CD16 Mono,CD16+ Monocytes,CD16 Mono,1.0,hao_stateful_gemini_run05
E2L8_GATGTTGAGACGGATC,other,ILC,CD4+ T cells,CD4 T cell (subtype unclear),0.0,hao_stateful_gemini_run05
E2L8_ACTGTGAGTACTGACT,CD8 T,CD8 TEM,CD8+ T cells,CD8 T cell (subtype unclear),0.5,hao_stateful_gemini_run05
E2L3_TACCCGTTCATACAGC,NK,NK Proliferating,Proliferating cells,Proliferating lymphocyte (lineage unclear),0.5,hao_stateful_gemini_run05
L4_CCACACTAGTGATGGC,other,Platelet,Platelets,Platelet,1.0,hao_stateful_gemini_run05
E2L3_GCATCGGCAGGGCTTC,CD4 T,CD4 Naive,CD4+ T cells,CD4 T cell (subtype unclear),0.5,hao_stateful_gemini_run05
E2L2_TTTGATCGTTAACAGA,Mono,CD16 Mono,CD16+ Monocytes,CD16 Mono,1.0,hao_stateful_gemini_run05
L3_CATAGACAGCAGTACG,DC,ASDC,CD14+ Monocytes,CD14 Mono,0.0,hao_stateful_gemini_run05
E2L6_CGTCAAACATAGGTTC,CD4 T,Treg,CD4+ T cells,CD4 T cell (subtype unclear),0.5,hao_stateful_gemini_run05
E2L4_TCCATGCAGCTAGATA,Mono,CD14 Mono,CD14+ Monocytes,CD14 Mono,1.0,hao_stateful_gemini_run05
E2L7_CATCCCATCCATACTT,CD8 T,CD8 TCM,CD4+ T cells,CD4 T cell (subtype unclear),0.0,hao_stateful_gemini_run05
E2L8_TTGTTTGAGTACAACA,B,B naive,B cells,B cell (subtype unclear),0.5,hao_stateful_gemini_run05
E2L4_GGGTGAAGTACAAGTA,CD4 T,CD4 TEM,CD4+ T cells,CD4 T cell (subtype unclear),0.5,hao_stateful_gemini_run05
L4_AACAACCTCCTGTTAT,Mono,CD16 Mono,CD16+ Monocytes,CD16 Mono,1.0,hao_stateful_gemini_run05
L2_GTGTTCCTCGTTATCT,CD4 T,CD4 TEM,CD8+ T cells,CD8 T cell (subtype unclear),0.0,hao_stateful_gemini_run05
E2L4_AACGGGAGTCTTACTT,B,B memory,B cells,B cell (subtype unclear),0.5,hao_stateful_gemini_run05
E2L6_GCCGATGAGATGGGCT,B,B intermediate,B cells,B cell (subtype unclear),0.5,hao_stateful_gemini_run05
L4_ATGAGGGAGTATAGAC,other T,MAIT,CD8+ T cells,CD8 T cell (subtype unclear),0.0,hao_stateful_gemini_run05
L1_TATCTGTGTGACTGTT,CD4 T,CD4 TCM,CD4+ T cells,CD4 T cell (subtype unclear),0.5,hao_stateful_gemini_run05
E2L2_CGGAGAAGTCATCAGT,other,ILC,NK cells,NK,0.0,hao_stateful_gemini_run05
E2L4_CCCAACTTCTGTTGGA,Mono,CD16 Mono,CD16+ Monocytes,CD16 Mono,1.0,hao_stateful_gemini_run05
L4_TCATGGAGTCCGCAGT,B,Plasmablast,Plasma cells,Plasmablast,1.0,hao_stateful_gemini_run05
L5_CACGGGTAGTCCCTAA,DC,pDC,Plasmacytoid Dendritic cells,pDC,1.0,hao_stateful_gemini_run05
E2L1_CGCATAAAGTAGACCG,CD4 T,CD4 CTL,CD8+ T cells,CD8 T cell (subtype unclear),0.0,hao_stateful_gemini_run05
L2_ACAGGGAGTATTGGCT,CD4 T,CD4 TEM,CD4+ T cells,CD4 T cell (subtype unclear),0.5,hao_stateful_gemini_run05
L3_AGTAGTCTCGATGGAG,CD8 T,CD8 Naive,CD4+ T cells,CD4 T cell (subtype unclear),0.0,hao_stateful_gemini_run05
E2L5_AGTGATCTCAAACGTC,B,Plasmablast,Plasma cells,Plasmablast,1.0,hao_stateful_gemini_run05
E2L8_TTCAGGAAGGCCCACT,CD4 T,Treg,CD4+ T cells,CD4 T cell (subtype unclear),0.5,hao_stateful_gemini_run05
E2L8_GAACACTTCTAGCCTC,DC,cDC1,Conventional Dendritic cells,Dendritic cell (subtype unclear),0.5,hao_stateful_gemini_run05
L4_CTCAACCGTACAGAAT,CD4 T,CD4 TEM,CD4+ T cells,CD4 T cell (subtype unclear),0.5,hao_stateful_gemini_run05
E2L5_ACCCAAAGTTAGCGGA,DC,cDC2,CD14+ Monocytes,CD14 Mono,0.0,hao_stateful_gemini_run05
E2L3_GCTGCAGAGCCTGAGA,NK,NK,CD8+ T cells,CD8 T cell (subtype unclear),0.0,hao_stateful_gemini_run05
E2L8_GTGTTAGTCCCTCGAT,B,B memory,B cells,B cell (subtype unclear),0.5,hao_stateful_gemini_run05
L3_TGCATGAGTGGATCGA,Mono,CD16 Mono,CD16+ Monocytes,CD16 Mono,1.0,hao_stateful_gemini_run05
E2L2_GCCATGGGTCCCAAAT,NK,NK,CD8+ T cells,CD8 T cell (subtype unclear),0.0,hao_stateful_gemini_run05
L3_TTGTTTGTCTCTCGCA,CD4 T,CD4 TEM,CD4+ T cells,CD4 T cell (subtype unclear),0.5,hao_stateful_gemini_run05
L1_TGGTTAGGTACGTAGG,CD8 T,CD8 Naive,CD4+ T cells,CD4 T cell (subtype unclear),0.0,hao_stateful_gemini_run05
L3_TCGAAGTTCTGTCTCG,CD4 T,CD4 CTL,CD8+ T cells,CD8 T cell (subtype unclear),0.0,hao_stateful_gemini_run05
E2L2_CCACCATAGTACGAGC,CD8 T,CD8 TEM,CD8+ T cells,CD8 T cell (subtype unclear),0.5,hao_stateful_gemini_run05
L5_ATTCACTTCCTACGGG,other,HSPC,HSPC,HSPC,1.0,hao_stateful_gemini_run05
E2L1_GTCAGCGAGCACTAAA,CD4 T,CD4 Naive,CD4+ T cells,CD4 T cell (subtype unclear),0.5,hao_stateful_gemini_run05
E2L5_ACAGAAAGTAACAGTA,NK,NK_CD56bright,NK cells,NK,0.5,hao_stateful_gemini_run05
E2L6_GACCCAGTCATTTGCT,DC,cDC2,CD14+ Monocytes,CD14 Mono,0.0,hao_stateful_gemini_run05
E2L5_TTCGATTGTCTGATAC,other,HSPC,HSPC,HSPC,1.0,hao_stateful_gemini_run05
E2L1_GTCAAACCAGATTTCG,other,ILC,NK cells,NK,0.0,hao_stateful_gemini_run05
E2L4_TGAGCATTCTTTGCTA,CD8 T,CD8 Naive,CD4+ T cells,CD4 T cell (subtype unclear),0.0,hao_stateful_gemini_run05
L3_GGTAATCGTTATAGAG,CD4 T,Treg,CD4+ T cells,CD4 T cell (subtype unclear),0.5,hao_stateful_gemini_run05
L1_TGTTCATTCACACCCT,CD4 T,Treg,CD4+ T cells,CD4 T cell (subtype unclear),0.5,hao_stateful_gemini_run05
E2L4_TTAGTCTGTTCACCGG,DC,cDC2,CD14+ Monocytes,CD14 Mono,0.0,hao_stateful_gemini_run05
E2L6_ACAGCCGAGTCACTCA,other,Platelet,Platelets,Platelet,1.0,hao_stateful_gemini_run05
L2_CGTGTCTAGAAATGGG,Mono,CD14 Mono,CD16+ Monocytes,CD16 Mono,0.5,hao_stateful_gemini_run05
L2_GAAATGACAGGTTCGC,other T,MAIT,CD8+ T cells,CD8 T cell (subtype unclear),0.0,hao_stateful_gemini_run05
L2_TTGCCTGTCGCACGGT,CD4 T,CD4 TEM,CD4+ T cells,CD4 T cell (subtype unclear),0.5,hao_stateful_gemini_run05
E2L5_TACTTCAGTTAGGCTT,CD8 T,CD8 Naive,CD4+ T cells,CD4 T cell (subtype unclear),0.0,hao_stateful_gemini_run05
L5_CAACCTCCACCTGTCT,DC,cDC2,CD14+ Monocytes,CD14 Mono,0.0,hao_stateful_gemini_run05
L1_TGCGGGTCATCCAATG,other T,MAIT,CD8+ T cells,CD8 T cell (subtype unclear),0.0,hao_stateful_gemini_run05
L4_AAAGGTAAGGAACGCT,NK,NK Proliferating,Proliferating cells,Proliferating lymphocyte (lineage unclear),0.5,hao_stateful_gemini_run05
L3_AGGAAATTCTACGCGG,NK,NK_CD56bright,NK cells,NK,0.5,hao_stateful_gemini_run05
E2L5_TGAGTCATCCCGAGAC,other,Platelet,Platelets,Platelet,1.0,hao_stateful_gemini_run05
E2L8_GTAATGCTCGCCAATA,DC,cDC2,CD14+ Monocytes,CD14 Mono,0.0,hao_stateful_gemini_run05
L4_AGAGCCCAGTGTCATC,CD4 T,CD4 TCM,CD4+ T cells,CD4 T cell (subtype unclear),0.5,hao_stateful_gemini_run05
E2L2_TGCTCGTAGATGAACT,other,Platelet,Platelets,Platelet,1.0,hao_stateful_gemini_run05
E2L8_CCTTGTGTCACTCACC,DC,cDC2,CD14+ Monocytes,CD14 Mono,0.0,hao_stateful_gemini_run05
L2_CACGTGGGTCCTCATC,B,B intermediate,B cells,B cell (subtype unclear),0.5,hao_stateful_gemini_run05
L2_CTGGCAGGTGCATCTA,CD4 T,CD4 Proliferating,Proliferating cells,Proliferating lymphocyte (lineage unclear),0.5,hao_stateful_gemini_run05
L3_TTACGTTGTTGTGGCC,CD4 T,CD4 Naive,CD4+ T cells,CD4 T cell (subtype unclear),0.5,hao_stateful_gemini_run05
L5_GGTAACTTCGCAATTG,other T,dnT,Memory/Effector T cells,T cell (CD4/CD8/other unclear),0.5,hao_stateful_gemini_run05
L3_ATCCGTCCAAAGGCAC,B,Plasmablast,Plasma cells,Plasmablast,1.0,hao_stateful_gemini_run05
E2L6_GATGGAGAGACGATAT,DC,cDC1,Conventional Dendritic cells,Dendritic cell (subtype unclear),0.5,hao_stateful_gemini_run05
L1_GACTCTCAGACTCCGC,B,B naive,B cells,B cell (subtype unclear),0.5,hao_stateful_gemini_run05
E2L8_GTAACCATCTGAATCG,B,B naive,B cells,B cell (subtype unclear),0.5,hao_stateful_gemini_run05
L5_AGGAAATAGACCACGA,other T,dnT,CD4+ T cells,CD4 T cell (subtype unclear),0.0,hao_stateful_gemini_run05
L2_ATAGGCTCAAGTATAG,other,HSPC,HSPC,HSPC,1.0,hao_stateful_gemini_run05
L4_TTGTTGTCACAGACGA,NK,NK_CD56bright,NK cells,NK,0.5,hao_stateful_gemini_run05
E2L1_TTGACCCCAGGAATCG,CD4 T,CD4 Naive,CD4+ T cells,CD4 T cell (subtype unclear),0.5,hao_stateful_gemini_run05
E2L6_AGGCTGCTCATCTATC,B,B intermediate,B cells,B cell (subtype unclear),0.5,hao_stateful_gemini_run05
L1_TGTGGCGTCGAAGCCC,CD4 T,Treg,CD4+ T cells,CD4 T cell (subtype unclear),0.5,hao_stateful_gemini_run05
E2L3_AGATCCATCCCGAGGT,other,ILC,NK cells,NK,0.0,hao_stateful_gemini_run05
L4_GTGCAGCAGCGCCTTG,other T,gdT,CD8+ T cells,CD8 T cell (subtype unclear),0.0,hao_stateful_gemini_run05
E2L6_ACCGTTCTCCTAGCGG,CD4 T,CD4 CTL,CD8+ T cells,CD8 T cell (subtype unclear),0.0,hao_stateful_gemini_run05
L3_GTGCTGGGTAATCAGA,CD4 T,CD4 CTL,CD8+ T cells,CD8 T cell (subtype unclear),0.0,hao_stateful_gemini_run05
E2L1_GCCAGCAAGAGGCCAT,CD8 T,CD8 TCM,CD4+ T cells,CD4 T cell (subtype unclear),0.0,hao_stateful_gemini_run05
L2_AAAGGGCAGCAATAGT,CD4 T,CD4 TCM,CD4+ T cells,CD4 T cell (subtype unclear),0.5,hao_stateful_gemini_run05
L5_GTTTGGAAGGTCGACA,NK,NK,CD8+ T cells,CD8 T cell (subtype unclear),0.0,hao_stateful_gemini_run05
L1_TTGACCCAGATGGTAT,DC,cDC2,CD14+ Monocytes,CD14 Mono,0.0,hao_stateful_gemini_run05
L5_CTGTATTGTTTCTTAC,other T,MAIT,CD8+ T cells,CD8 T cell (subtype unclear),0.0,hao_stateful_gemini_run05
L1_ATTTCTGGTAGCGTAG,CD8 T,CD8 Naive,CD4+ T cells,CD4 T cell (subtype unclear),0.0,hao_stateful_gemini_run05
L4_ACTTCCGAGCCTAGGA,NK,NK Proliferating,Proliferating cells,Proliferating lymphocyte (lineage unclear),0.5,hao_stateful_gemini_run05
E2L7_TCCTTCTCACAGTATC,DC,pDC,Plasmacytoid Dendritic cells,pDC,1.0,hao_stateful_gemini_run05
E2L2_CTGTAGATCTTGAACG,B,B naive,B cells,B cell (subtype unclear),0.5,hao_stateful_gemini_run05
E2L1_ATCACTTGTATCTTCT,CD4 T,CD4 TCM,CD4+ T cells,CD4 T cell (subtype unclear),0.5,hao_stateful_gemini_run05
E2L2_GGCACGTCAGAGAATT,B,B intermediate,B cells,B cell (subtype unclear),0.5,hao_stateful_gemini_run05
E2L5_GCGAGAATCCTGTTGC,other T,gdT,CD8+ T cells,CD8 T cell (subtype unclear),0.0,hao_stateful_gemini_run05
L1_TCGACCTCACTCTGCT,CD4 T,CD4 Naive,CD4+ T cells,CD4 T cell (subtype unclear),0.5,hao_stateful_gemini_run05
E2L2_CGGACACAGTAGACAT,NK,NK_CD56bright,NK cells,NK,0.5,hao_stateful_gemini_run05
E2L2_AGATAGATCCCATTCG,B,B naive,B cells,B cell (subtype unclear),0.5,hao_stateful_gemini_run05
L2_GGATGTTAGTATGTAG,CD8 T,CD8 TCM,CD4+ T cells,CD4 T cell (subtype unclear),0.0,hao_stateful_gemini_run05
L3_AGTGATCGTGTACAGG,CD8 T,CD8 TEM,CD8+ T cells,CD8 T cell (subtype unclear),0.5,hao_stateful_gemini_run05
E2L2_GCCAACGTCGAGTGAG,CD8 T,CD8 TCM,CD4+ T cells,CD4 T cell (subtype unclear),0.0,hao_stateful_gemini_run05
L2_ATGGGAGGTGACACAG,NK,NK_CD56bright,NK cells,NK,0.5,hao_stateful_gemini_run05
L4_GTGCAGCCAGCATTGT,other T,dnT,CD4+ T cells,CD4 T cell (subtype unclear),0.0,hao_stateful_gemini_run05
E2L5_GGGCGTTCAGACAATA,Mono,CD14 Mono,CD14+ Monocytes,CD14 Mono,1.0,hao_stateful_gemini_run05
L4_CTCCTTTCATTGGATC,CD4 T,CD4 Naive,CD4+ T cells,CD4 T cell (subtype unclear),0.5,hao_stateful_gemini_run05
L3_TGGAGAGCACCAACAT,B,B naive,B cells,B cell (subtype unclear),0.5,hao_stateful_gemini_run05
L5_TGTACAGTCCTGGTCT,other,HSPC,HSPC,HSPC,1.0,hao_stateful_gemini_run05
L4_GTTATGGCAAGACGGT,CD4 T,CD4 TEM,CD4+ T cells,CD4 T cell (subtype unclear),0.5,hao_stateful_gemini_run05
L1_CACAGATCATGGCACC,CD4 T,CD4 TCM,CD4+ T cells,CD4 T cell (subtype unclear),0.5,hao_stateful_gemini_run05
L2_GCAACATTCAGCGGAA,CD8 T,CD8 TCM,CD4+ T cells,CD4 T cell (subtype unclear),0.0,hao_stateful_gemini_run05
L4_AGTACTGTCTTGATTC,CD4 T,CD4 TEM,CD4+ T cells,CD4 T cell (subtype unclear),0.5,hao_stateful_gemini_run05
E2L6_TGTTCCGCACCGGCTA,DC,cDC1,Conventional Dendritic cells,Dendritic cell (subtype unclear),0.5,hao_stateful_gemini_run05
L3_TTGGATGGTCGTGGAA,CD4 T,CD4 TEM,CD4+ T cells,CD4 T cell (subtype unclear),0.5,hao_stateful_gemini_run05
L1_AGGTGTTAGCCTATCA,NK,NK Proliferating,Proliferating cells,Proliferating lymphocyte (lineage unclear),0.5,hao_stateful_gemini_run05
E2L8_TGTAAGCCATGGAATA,DC,cDC2,CD14+ Monocytes,CD14 Mono,0.0,hao_stateful_gemini_run05
E2L7_GTTCTATTCAGATGCT,CD8 T,CD8 TEM,CD8+ T cells,CD8 T cell (subtype unclear),0.5,hao_stateful_gemini_run05
E2L3_TTGCCTGGTTCCTAAG,CD4 T,CD4 TCM,CD4+ T cells,CD4 T cell (subtype unclear),0.5,hao_stateful_gemini_run05
L3_CCTCATGTCCACATAG,CD4 T,Treg,CD4+ T cells,CD4 T cell (subtype unclear),0.5,hao_stateful_gemini_run05
L3_GTGGCGTAGCTGAGCA,NK,NK Proliferating,Proliferating cells,Proliferating lymphocyte (lineage unclear),0.5,hao_stateful_gemini_run05
L5_ATTACTCCACTACTTT,other,HSPC,HSPC,HSPC,1.0,hao_stateful_gemini_run05
L1_GCCGATGTCGATTGGT,CD8 T,CD8 Naive,CD4+ T cells,CD4 T cell (subtype unclear),0.0,hao_stateful_gemini_run05
E2L8_GTTCCGTTCGACCTAA,B,B intermediate,B cells,B cell (subtype unclear),0.5,hao_stateful_gemini_run05
L5_CGTAAGTCAGTATTCG,NK,NK,CD8+ T cells,CD8 T cell (subtype unclear),0.0,hao_stateful_gemini_run05
E2L3_ATGAAAGCAGCAGGAT,CD8 T,CD8 Proliferating,Proliferating cells,Proliferating lymphocyte (lineage unclear),0.5,hao_stateful_gemini_run05
E2L8_GAATAGATCCGAGGCT,B,B intermediate,B cells,B cell (subtype unclear),0.5,hao_stateful_gemini_run05
E2L8_TGGCGTGAGGACGCAT,CD4 T,CD4 Naive,CD4+ T cells,CD4 T cell (subtype unclear),0.5,hao_stateful_gemini_run05
E2L5_CCTAACCCAGGGAATC,other,Platelet,Platelets,Platelet,1.0,hao_stateful_gemini_run05
L5_CCCAACTTCACCGGGT,NK,NK,CD8+ T cells,CD8 T cell (subtype unclear),0.0,hao_stateful_gemini_run05
E2L2_ACTGATGGTTAGTTCG,NK,NK Proliferating,Proliferating cells,Proliferating lymphocyte (lineage unclear),0.5,hao_stateful_gemini_run05
L5_CTACAGAAGGATATGT,CD8 T,CD8 Naive,CD4+ T cells,CD4 T cell (subtype unclear),0.0,hao_stateful_gemini_run05
L4_GACAGCCGTGATAGAT,CD4 T,Treg,CD4+ T cells,CD4 T cell (subtype unclear),0.5,hao_stateful_gemini_run05
E2L6_AACCTGAGTCTCCTGT,Mono,CD16 Mono,CD16+ Monocytes,CD16 Mono,1.0,hao_stateful_gemini_run05
E2L6_ATGATCGAGAACAAGG,Mono,CD16 Mono,CD16+ Monocytes,CD16 Mono,1.0,hao_stateful_gemini_run05
E2L5_TCTCCGACAGAGCCCT,CD8 T,CD8 Naive,CD4+ T cells,CD4 T cell (subtype unclear),0.0,hao_stateful_gemini_run05
L5_CTAGGTATCTACCTTA,other T,dnT,Memory/Effector T cells,T cell (CD4/CD8/other unclear),0.5,hao_stateful_gemini_run05
L3_TGTGAGTCATCACGGC,CD4 T,CD4 TCM,CD4+ T cells,CD4 T cell (subtype unclear),0.5,hao_stateful_gemini_run05
E2L3_GTGGAAGAGTCCTGTA,Mono,CD14 Mono,CD16+ Monocytes,CD16 Mono,0.5,hao_stateful_gemini_run05
L1_TCCTGCAAGACGGTCA,Mono,CD14 Mono,CD16+ Monocytes,CD16 Mono,0.5,hao_stateful_gemini_run05
L1_ACCGTTCGTTGTTGAC,CD4 T,CD4 TEM,CD8+ T cells,CD8 T cell (subtype unclear),0.0,hao_stateful_gemini_run05
E2L1_AGAGCAGTCGACGACC,CD4 T,CD4 TEM,CD4+ T cells,CD4 T cell (subtype unclear),0.5,hao_stateful_gemini_run05
L4_TGACAGTTCTTCGTGC,other T,dnT,Memory/Effector T cells,T cell (CD4/CD8/other unclear),0.5,hao_stateful_gemini_run05
E2L4_CCTTTGGGTCGGCACT,CD8 T,CD8 TEM,CD8+ T cells,CD8 T cell (subtype unclear),0.5,hao_stateful_gemini_run05
E2L3_GCACGGTGTAGTCGTT,other T,gdT,CD8+ T cells,CD8 T cell (subtype unclear),0.0,hao_stateful_gemini_run05
E2L4_TGTCCTGGTCGTCGGT,B,B memory,B cells,B cell (subtype unclear),0.5,hao_stateful_gemini_run05
L3_GACCCAGCATCCCACT,DC,pDC,Plasmacytoid Dendritic cells,pDC,1.0,hao_stateful_gemini_run05
L2_TCACACCCAGTTAAAG,CD8 T,CD8 Naive,CD4+ T cells,CD4 T cell (subtype unclear),0.0,hao_stateful_gemini_run05
E2L7_CCTAAGAGTCAACCTA,DC,pDC,Plasmacytoid Dendritic cells,pDC,1.0,hao_stateful_gemini_run05
L2_TGTACAGGTCTTACTT,DC,cDC2,CD14+ Monocytes,CD14 Mono,0.0,hao_stateful_gemini_run05
E2L8_GCTACAATCTCTGCCA,CD4 T,CD4 TCM,CD4+ T cells,CD4 T cell (subtype unclear),0.5,hao_stateful_gemini_run05
L5_AAGACAATCCGGTAGC,CD4 T,Treg,CD4+ T cells,CD4 T cell (subtype unclear),0.5,hao_stateful_gemini_run05
L2_AGCCACGAGACATACA,DC,cDC2,Proliferating cells,Proliferating lymphocyte (lineage unclear),0.0,hao_stateful_gemini_run05
E2L3_GGTGTCGTCTGAGAGG,CD4 T,CD4 CTL,CD8+ T cells,CD8 T cell (subtype unclear),0.0,hao_stateful_gemini_run05
E2L3_AGGATCTTCTCATGCC,B,B intermediate,B cells,B cell (subtype unclear),0.5,hao_stateful_gemini_run05
L4_TTGGGATCACTAGAGG,CD4 T,Treg,CD4+ T cells,CD4 T cell (subtype unclear),0.5,hao_stateful_gemini_run05
E2L3_CCGTAGGAGCCACTCG,CD4 T,CD4 Naive,CD4+ T cells,CD4 T cell (subtype unclear),0.5,hao_stateful_gemini_run05
L4_AAAGGATAGCCGAACA,DC,pDC,Plasmacytoid Dendritic cells,pDC,1.0,hao_stateful_gemini_run05
L3_ACCACAATCCTACGAA,B,B memory,B cells,B cell (subtype unclear),0.5,hao_stateful_gemini_run05
L3_TGCTGAATCCGCAGTG,NK,NK_CD56bright,NK cells,NK,0.5,hao_stateful_gemini_run05
L4_ACTCTCGTCCGATGTA,CD8 T,CD8 TCM,CD4+ T cells,CD4 T cell (subtype unclear),0.0,hao_stateful_gemini_run05
E2L2_TCTCCGAGTACGTACT,other T,gdT,CD8+ T cells,CD8 T cell (subtype unclear),0.0,hao_stateful_gemini_run05
L2_TTACGTTGTGATTCAC,Mono,CD14 Mono,CD16+ Monocytes,CD16 Mono,0.5,hao_stateful_gemini_run05
L1_AAAGTCCTCCAACCGG,CD4 T,Treg,CD4+ T cells,CD4 T cell (subtype unclear),0.5,hao_stateful_gemini_run05
E2L2_TCACTATGTGATGAAT,CD8 T,CD8 Naive,CD4+ T cells,CD4 T cell (subtype unclear),0.0,hao_stateful_gemini_run05
L1_CGGGCATAGACTACCT,CD8 T,CD8 Naive,CD4+ T cells,CD4 T cell (subtype unclear),0.0,hao_stateful_gemini_run05
L2_CAGTGCGGTAGATTGA,CD4 T,CD4 TEM,CD4+ T cells,CD4 T cell (subtype unclear),0.5,hao_stateful_gemini_run05
L5_CAGGCCAGTCCCGCAA,CD4 T,CD4 TEM,CD4+ T cells,CD4 T cell (subtype unclear),0.5,hao_stateful_gemini_run05
L4_GTGCTTCGTTGTTGAC,other,HSPC,HSPC,HSPC,1.0,hao_stateful_gemini_run05
E2L4_GTTACAGTCGCGAAGA,NK,NK Proliferating,Proliferating cells,Proliferating lymphocyte (lineage unclear),0.5,hao_stateful_gemini_run05
E2L7_GTTTGGAGTGATGGCA,B,B naive,B cells,B cell (subtype unclear),0.5,hao_stateful_gemini_run05
L2_GACATCAAGCATCAGG,CD8 T,CD8 TCM,CD4+ T cells,CD4 T cell (subtype unclear),0.0,hao_stateful_gemini_run05
E2L1_CATCCACGTCCGGACT,Mono,CD16 Mono,CD16+ Monocytes,CD16 Mono,1.0,hao_stateful_gemini_run05
E2L1_TCCAGAAAGGCATCAG,NK,NK Proliferating,Proliferating cells,Proliferating lymphocyte (lineage unclear),0.5,hao_stateful_gemini_run05
E2L5_CAGATCACAAAGGGCT,other,Platelet,Platelets,Platelet,1.0,hao_stateful_gemini_run05
E2L1_TTGACCCTCAACTTTC,other T,gdT,CD8+ T cells,CD8 T cell (subtype unclear),0.0,hao_stateful_gemini_run05
E2L5_CGGAACCTCAATCTTC,CD4 T,Treg,CD4+ T cells,CD4 T cell (subtype unclear),0.5,hao_stateful_gemini_run05
L1_CGGGCATGTAATGTGA,other T,MAIT,CD8+ T cells,CD8 T cell (subtype unclear),0.0,hao_stateful_gemini_run05
E2L1_AACCACATCTATGTGG,NK,NK,NK cells,NK,1.0,hao_stateful_gemini_run05
E2L4_TGACTCCCATAGGAGC,CD8 T,CD8 Naive,CD4+ T cells,CD4 T cell (subtype unclear),0.0,hao_stateful_gemini_run05
L4_AACCTGACACTCCGGA,NK,NK,CD8+ T cells,CD8 T cell (subtype unclear),0.0,hao_stateful_gemini_run05
L3_GACGCTGCAGAGATTA,other,HSPC,HSPC,HSPC,1.0,hao_stateful_gemini_run05
E2L7_CGCAGGTGTAAGGCCA,B,B naive,B cells,B cell (subtype unclear),0.5,hao_stateful_gemini_run05
E2L8_CATTCTAGTGTCCTAA,B,Plasmablast,Plasma cells,Plasmablast,1.0,hao_stateful_gemini_run05
E2L7_AGTCATGGTGTCCAAT,Mono,CD16 Mono,CD16+ Monocytes,CD16 Mono,1.0,hao_stateful_gemini_run05
L2_TATATCCTCTGGACTA,CD8 T,CD8 Naive,CD4+ T cells,CD4 T cell (subtype unclear),0.0,hao_stateful_gemini_run05
E2L8_ATGATCGTCTTACCAT,CD4 T,CD4 TCM,CD4+ T cells,CD4 T cell (subtype unclear),0.5,hao_stateful_gemini_run05
E2L2_TCATTGTGTTCCCACT,other T,MAIT,CD8+ T cells,CD8 T cell (subtype unclear),0.0,hao_stateful_gemini_run05
E2L1_ATGGGAGCATGACACT,other T,dnT,Memory/Effector T cells,T cell (CD4/CD8/other unclear),0.5,hao_stateful_gemini_run05
E2L2_ATCAGGTAGGGTGGGA,CD4 T,Treg,CD4+ T cells,CD4 T cell (subtype unclear),0.5,hao_stateful_gemini_run05
E2L7_GTTGTGAAGTAACGAT,B,Plasmablast,Plasma cells,Plasmablast,1.0,hao_stateful_gemini_run05
L3_GGAGATGTCTCGGGAC,other T,dnT,CD4+ T cells,CD4 T cell (subtype unclear),0.0,hao_stateful_gemini_run05
E2L5_GATGTTGGTAGAATGT,other,HSPC,HSPC,HSPC,1.0,hao_stateful_gemini_run05
E2L1_AGGATCTAGAACAGGA,B,B intermediate,B cells,B cell (subtype unclear),0.5,hao_stateful_gemini_run05
L1_TCAAGACGTTACGGAG,Mono,CD16 Mono,CD16+ Monocytes,CD16 Mono,1.0,hao_stateful_gemini_run05
L4_CGGGTGTCACGGCTAC,DC,pDC,Plasmacytoid Dendritic cells,pDC,1.0,hao_stateful_gemini_run05
E2L5_AAAGGATTCGGTGTAT,CD4 T,Treg,CD4+ T cells,CD4 T cell (subtype unclear),0.5,hao_stateful_gemini_run05
L3_CGTTCTGGTAGCGTCC,CD4 T,CD4 CTL,CD8+ T cells,CD8 T cell (subtype unclear),0.0,hao_stateful_gemini_run05
L5_ATCGGCGAGAGAGTGA,other,ILC,CD4+ T cells,CD4 T cell (subtype unclear),0.0,hao_stateful_gemini_run05
E2L2_AGTCACACATAGAGGC,B,B memory,B cells,B cell (subtype unclear),0.5,hao_stateful_gemini_run05
L2_GTAGAGGCACCGAATT,other,HSPC,HSPC,HSPC,1.0,hao_stateful_gemini_run05
E2L6_AGGGCTCAGCTGACAG,CD4 T,CD4 TCM,CD4+ T cells,CD4 T cell (subtype unclear),0.5,hao_stateful_gemini_run05
L2_GGGAAGTTCCATTTCA,CD4 T,Treg,CD4+ T cells,CD4 T cell (subtype unclear),0.5,hao_stateful_gemini_run05
L3_CATCGCTCATTCACAG,CD4 T,CD4 TCM,CD4+ T cells,CD4 T cell (subtype unclear),0.5,hao_stateful_gemini_run05
L1_TAGAGTCCACATGGTT,B,B intermediate,B cells,B cell (subtype unclear),0.5,hao_stateful_gemini_run05
L5_TACAACGCAACGTAAA,CD4 T,CD4 TEM,CD8+ T cells,CD8 T cell (subtype unclear),0.0,hao_stateful_gemini_run05
L1_GTTCTATCAGCGAGTA,other T,dnT,Memory/Effector T cells,T cell (CD4/CD8/other unclear),0.5,hao_stateful_gemini_run05
E2L2_TCATTCAGTGGAAATT,CD4 T,CD4 TEM,CD8+ T cells,CD8 T cell (subtype unclear),0.0,hao_stateful_gemini_run05
L1_GGTGTCGGTTAAGAAC,B,B naive,B cells,B cell (subtype unclear),0.5,hao_stateful_gemini_run05
E2L1_ACGGTTATCCGTGTAA,B,B intermediate,B cells,B cell (subtype unclear),0.5,hao_stateful_gemini_run05
E2L4_CTCATCGAGATTTGCC,NK,NK,CD8+ T cells,CD8 T cell (subtype unclear),0.0,hao_stateful_gemini_run05
E2L1_TGGAGAGGTCCGGCAT,CD4 T,Treg,CD4+ T cells,CD4 T cell (subtype unclear),0.5,hao_stateful_gemini_run05
E2L6_TCCTTCTCATTGGGAG,B,B naive,B cells,B cell (subtype unclear),0.5,hao_stateful_gemini_run05
E2L2_CATGGTAAGTCTAGAA,CD4 T,CD4 TEM,CD4+ T cells,CD4 T cell (subtype unclear),0.5,hao_stateful_gemini_run05
E2L1_CATCAAGAGGGCAGGA,Mono,CD16 Mono,CD16+ Monocytes,CD16 Mono,1.0,hao_stateful_gemini_run05
E2L6_CATACCCCAGAGTTGG,CD4 T,CD4 Naive,CD4+ T cells,CD4 T cell (subtype unclear),0.5,hao_stateful_gemini_run05
E2L5_AACACACGTCTAGATC,DC,cDC2,CD14+ Monocytes,CD14 Mono,0.0,hao_stateful_gemini_run05
L1_TGACTCCCAGCTCTGG,Mono,CD14 Mono,CD16+ Monocytes,CD16 Mono,0.5,hao_stateful_gemini_run05
L3_GATCGTAAGGTTGACG,other T,MAIT,CD8+ T cells,CD8 T cell (subtype unclear),0.0,hao_stateful_gemini_run05
E2L6_CAATTTCTCTGGGCCA,CD4 T,CD4 Naive,CD4+ T cells,CD4 T cell (subtype unclear),0.5,hao_stateful_gemini_run05
L2_GCAGTTATCTAACGCA,CD4 T,Treg,CD4+ T cells,CD4 T cell (subtype unclear),0.5,hao_stateful_gemini_run05
L1_TTGCTGCAGCCTCTGG,CD4 T,CD4 TEM,CD4+ T cells,CD4 T cell (subtype unclear),0.5,hao_stateful_gemini_run05
L3_TTGATGGTCAAACCCA,Mono,CD14 Mono,CD14+ Monocytes,CD14 Mono,1.0,hao_stateful_gemini_run05
E2L6_GATCATGGTCAGACTT,NK,NK_CD56bright,NK cells,NK,0.5,hao_stateful_gemini_run05
E2L4_GCTCAAACATGTGGCC,other T,gdT,CD8+ T cells,CD8 T cell (subtype unclear),0.0,hao_stateful_gemini_run05
E2L3_CTTCTAATCCGTACGG,Mono,CD14 Mono,CD16+ Monocytes,CD16 Mono,0.5,hao_stateful_gemini_run05
L4_TTCACGCGTTACAGCT,B,B naive,B cells,B cell (subtype unclear),0.5,hao_stateful_gemini_run05
L3_AGAACCTAGCCTGTCG,CD4 T,Treg,CD4+ T cells,CD4 T cell (subtype unclear),0.5,hao_stateful_gemini_run05
E2L3_TCGGTCTCAATGAACA,Mono,CD14 Mono,CD14+ Monocytes,CD14 Mono,1.0,hao_stateful_gemini_run05
L5_CATCAAGCAGCGCTTG,CD4 T,CD4 TEM,CD4+ T cells,CD4 T cell (subtype unclear),0.5,hao_stateful_gemini_run05
E2L3_CATAAGCCACGAAAGC,DC,cDC2,CD14+ Monocytes,CD14 Mono,0.0,hao_stateful_gemini_run05
L1_CCGGACAGTTTCGATG,CD4 T,CD4 Naive,CD4+ T cells,CD4 T cell (subtype unclear),0.5,hao_stateful_gemini_run05
L2_TACCTCGTCCGTTGGG,CD4 T,CD4 Naive,CD4+ T cells,CD4 T cell (subtype unclear),0.5,hao_stateful_gemini_run05
L2_TACCGAAGTGTTGATC,B,Plasmablast,Plasma cells,Plasmablast,1.0,hao_stateful_gemini_run05
L5_AAGACAAGTGGACTGA,B,B naive,B cells,B cell (subtype unclear),0.5,hao_stateful_gemini_run05
E2L4_CTGAATGAGGCGTTAG,CD8 T,CD8 Naive,CD4+ T cells,CD4 T cell (subtype unclear),0.0,hao_stateful_gemini_run05
L1_TCGTGCTAGATTGCGG,NK,NK,CD8+ T cells,CD8 T cell (subtype unclear),0.0,hao_stateful_gemini_run05
L4_ACGTTCCTCAAAGCCT,other,HSPC,HSPC,HSPC,1.0,hao_stateful_gemini_run05
E2L3_CAACCAAAGCTTCATG,Mono,CD14 Mono,CD16+ Monocytes,CD16 Mono,0.5,hao_stateful_gemini_run05
L1_TCTGGCTAGACCGCCT,other T,dnT,CD4+ T cells,CD4 T cell (subtype unclear),0.0,hao_stateful_gemini_run05
L5_GGGAAGTCAGGGCTTC,CD8 T,CD8 TCM,CD4+ T cells,CD4 T cell (subtype unclear),0.0,hao_stateful_gemini_run05
L5_TTATTGCTCCTGGGAC,other,Platelet,Platelets,Platelet,1.0,hao_stateful_gemini_run05
L4_ACACGCGAGTCGTCTA,other T,MAIT,CD8+ T cells,CD8 T cell (subtype unclear),0.0,hao_stateful_gemini_run05
E2L8_GACCGTGCAACTCATG,NK,NK_CD56bright,NK cells,NK,0.5,hao_stateful_gemini_run05
E2L6_CTACCTGGTCGGATTT,B,B intermediate,B cells,B cell (subtype unclear),0.5,hao_stateful_gemini_run05
E2L5_GCATCTCTCGAAGCAG,CD8 T,CD8 TCM,CD4+ T cells,CD4 T cell (subtype unclear),0.0,hao_stateful_gemini_run05
L1_GATTGGTTCGCCTTGT,DC,pDC,Plasmacytoid Dendritic cells,pDC,1.0,hao_stateful_gemini_run05
L2_ACTGCAATCTACGCGG,NK,NK Proliferating,Proliferating cells,Proliferating lymphocyte (lineage unclear),0.5,hao_stateful_gemini_run05
E2L8_ATGAAAGTCCATTGGA,CD8 T,CD8 Naive,CD4+ T cells,CD4 T cell (subtype unclear),0.0,hao_stateful_gemini_run05
L1_AACTTCTCAGAGGCTA,CD4 T,Treg,CD4+ T cells,CD4 T cell (subtype unclear),0.5,hao_stateful_gemini_run05
E2L6_CCGTTCAAGGCATGGT,Mono,CD14 Mono,CD16+ Monocytes,CD16 Mono,0.5,hao_stateful_gemini_run05
E2L2_GTTGCGGTCTACTCAT,CD8 T,CD8 TEM,CD8+ T cells,CD8 T cell (subtype unclear),0.5,hao_stateful_gemini_run05
L4_TTACTGTCACTCAGAT,Mono,CD16 Mono,CD16+ Monocytes,CD16 Mono,1.0,hao_stateful_gemini_run05
E2L4_GTCGCGACAGAAGTTA,B,B memory,B cells,B cell (subtype unclear),0.5,hao_stateful_gemini_run05
L5_GGAAGTGAGTCCGCGT,other T,dnT,CD4+ T cells,CD4 T cell (subtype unclear),0.0,hao_stateful_gemini_run05
L5_TCTACCGCAACTAGAA,DC,cDC1,Conventional Dendritic cells,Dendritic cell (subtype unclear),0.5,hao_stateful_gemini_run05
E2L6_GGCTTTCTCAAATGCC,CD4 T,CD4 Naive,CD4+ T cells,CD4 T cell (subtype unclear),0.5,hao_stateful_gemini_run05
L3_TACAGGTTCCTGGGTG,CD8 T,CD8 TEM,CD4+ T cells,CD4 T cell (subtype unclear),0.0,hao_stateful_gemini_run05
E2L5_CAGATCAAGAGTGTGC,CD8 T,CD8 TCM,CD4+ T cells,CD4 T cell (subtype unclear),0.0,hao_stateful_gemini_run05
L5_CTCAGAAGTCTTAGTG,other T,MAIT,CD8+ T cells,CD8 T cell (subtype unclear),0.0,hao_stateful_gemini_run05
E2L8_AATCACGTCTCATGCC,other T,gdT,CD8+ T cells,CD8 T cell (subtype unclear),0.0,hao_stateful_gemini_run05
E2L5_TTCCTTCCACTTGGCG,other,Platelet,Platelets,Platelet,1.0,hao_stateful_gemini_run05
L3_GTACAACAGTCACTCA,NK,NK,CD8+ T cells,CD8 T cell (subtype unclear),0.0,hao_stateful_gemini_run05
E2L7_TGCGACGTCAAATGAG,CD4 T,CD4 Naive,CD4+ T cells,CD4 T cell (subtype unclear),0.5,hao_stateful_gemini_run05
E2L7_CTCAATTGTATGGGAC,other,HSPC,HSPC,HSPC,1.0,hao_stateful_gemini_run05
E2L5_TCTCACGAGCTTAAGA,CD4 T,CD4 Naive,CD4+ T cells,CD4 T cell (subtype unclear),0.5,hao_stateful_gemini_run05
E2L7_GCTACAACATGGGCAA,CD4 T,CD4 CTL,CD8+ T cells,CD8 T cell (subtype unclear),0.0,hao_stateful_gemini_run05
L5_CTAAGTGAGCATGATA,CD8 T,CD8 Naive,CD4+ T cells,CD4 T cell (subtype unclear),0.0,hao_stateful_gemini_run05
E2L4_TGGGATTTCCAGTTCC,CD4 T,CD4 TCM,CD4+ T cells,CD4 T cell (subtype unclear),0.5,hao_stateful_gemini_run05
L2_TTCGATTTCCACGGAC,CD4 T,CD4 TEM,CD4+ T cells,CD4 T cell (subtype unclear),0.5,hao_stateful_gemini_run05
L1_AGGCCACTCAATCTCT,other,HSPC,HSPC,HSPC,1.0,hao_stateful_gemini_run05
L4_CCGTAGGAGGGAGGGT,other T,gdT,CD8+ T cells,CD8 T cell (subtype unclear),0.0,hao_stateful_gemini_run05
E2L5_TCCATCGCATGCCGGT,CD4 T,CD4 CTL,CD8+ T cells,CD8 T cell (subtype unclear),0.0,hao_stateful_gemini_run05
E2L1_AGACCCGGTTGTGCAT,NK,NK Proliferating,Proliferating cells,Proliferating lymphocyte (lineage unclear),0.5,hao_stateful_gemini_run05
L2_CTCCATGCAATTGTGC,other,Platelet,Platelets,Platelet,1.0,hao_stateful_gemini_run05
E2L3_CCACGTTAGGCATTTC,B,B intermediate,B cells,B cell (subtype unclear),0.5,hao_stateful_gemini_run05
E2L2_ATTCAGGTCCTCGCAT,other,Platelet,Platelets,Platelet,1.0,hao_stateful_gemini_run05
E2L6_GGTGATTTCTTCGGAA,NK,NK_CD56bright,NK cells,NK,0.5,hao_stateful_gemini_run05
E2L4_GGGATGAGTGAGCGAT,DC,cDC2,CD14+ Monocytes,CD14 Mono,0.0,hao_stateful_gemini_run05
E2L6_TACACCCGTTTCGGCG,B,B naive,B cells,B cell (subtype unclear),0.5,hao_stateful_gemini_run05
E2L1_GTCACTCGTGCGTTTA,CD8 T,CD8 Naive,CD4+ T cells,CD4 T cell (subtype unclear),0.0,hao_stateful_gemini_run05
E2L2_TGCTTGCGTCGAGATG,DC,cDC2,CD14+ Monocytes,CD14 Mono,0.0,hao_stateful_gemini_run05
L1_GAAACCTAGCAGCGAT,other T,gdT,CD4+ T cells,CD4 T cell (subtype unclear),0.0,hao_stateful_gemini_run05
L4_CACCAAACAGGCACTC,CD4 T,CD4 TCM,CD4+ T cells,CD4 T cell (subtype unclear),0.5,hao_stateful_gemini_run05
L5_ATCGTGAGTCGAATTC,NK,NK Proliferating,Proliferating cells,Proliferating lymphocyte (lineage unclear),0.5,hao_stateful_gemini_run05
E2L5_TCTACCGGTTCTCCTG,DC,cDC1,Conventional Dendritic cells,Dendritic cell (subtype unclear),0.5,hao_stateful_gemini_run05
E2L2_GTAGGAGCATGGGTCC,DC,pDC,Plasmacytoid Dendritic cells,pDC,1.0,hao_stateful_gemini_run05
E2L4_ATCCACCAGAAGTCTA,B,B memory,B cells,B cell (subtype unclear),0.5,hao_stateful_gemini_run05
E2L6_GAGTTTGTCTGAGAAA,B,Plasmablast,Plasma cells,Plasmablast,1.0,hao_stateful_gemini_run05
E2L3_GAATAGAGTGGGCTCT,Mono,CD16 Mono,CD16+ Monocytes,CD16 Mono,1.0,hao_stateful_gemini_run05
E2L8_TGCTTGCTCATTGAGC,Mono,CD14 Mono,CD16+ Monocytes,CD16 Mono,0.5,hao_stateful_gemini_run05
E2L2_GGAACCCCAAGGTCAG,other T,gdT,CD4+ T cells,CD4 T cell (subtype unclear),0.0,hao_stateful_gemini_run05
E2L4_TCCCAGTCACAGTCAT,CD4 T,CD4 Proliferating,Proliferating cells,Proliferating lymphocyte (lineage unclear),0.5,hao_stateful_gemini_run05
L3_CTCTCAGGTACCCGCA,DC,pDC,Plasmacytoid Dendritic cells,pDC,1.0,hao_stateful_gemini_run05
L5_GTGATGTCACTTGGGC,other,Platelet,CD4+ T cells,CD4 T cell (subtype unclear),0.0,hao_stateful_gemini_run05
L4_ACGGTCGAGGAACATT,other T,gdT,CD8+ T cells,CD8 T cell (subtype unclear),0.0,hao_stateful_gemini_run05
E2L5_GCCGATGCATGTCTAG,CD4 T,Treg,CD4+ T cells,CD4 T cell (subtype unclear),0.5,hao_stateful_gemini_run05
E2L4_GATCCCTAGAGCAGTC,other,Platelet,Platelets,Platelet,1.0,hao_stateful_gemini_run05
E2L4_AATTTCCGTTGATCGT,DC,cDC1,Conventional Dendritic cells,Dendritic cell (subtype unclear),0.5,hao_stateful_gemini_run05
E2L2_CACTGAAAGAGGATGA,NK,NK_CD56bright,NK cells,NK,0.5,hao_stateful_gemini_run05
E2L7_GTGTTAGCACGTTCGG,CD8 T,CD8 TCM,CD4+ T cells,CD4 T cell (subtype unclear),0.0,hao_stateful_gemini_run05
L1_GTTTACTAGTGGTGGT,DC,pDC,Plasmacytoid Dendritic cells,pDC,1.0,hao_stateful_gemini_run05
E2L6_GTGCTGGTCAATGCAC,B,Plasmablast,Plasma cells,Plasmablast,1.0,hao_stateful_gemini_run05
E2L1_CTGAATGAGCGGGTTA,other,Platelet,Platelets,Platelet,1.0,hao_stateful_gemini_run05
E2L4_TCGCTCATCGGCATCG,CD4 T,CD4 TCM,CD4+ T cells,CD4 T cell (subtype unclear),0.5,hao_stateful_gemini_run05
E2L8_CTGAGGCAGCGTATGG,B,B intermediate,B cells,B cell (subtype unclear),0.5,hao_stateful_gemini_run05
E2L7_GGTGATTAGAGTAACT,CD4 T,CD4 TEM,CD4+ T cells,CD4 T cell (subtype unclear),0.5,hao_stateful_gemini_run05
L5_GCCGTGAGTTTCAGAC,CD8 T,CD8 Naive,CD4+ T cells,CD4 T cell (subtype unclear),0.0,hao_stateful_gemini_run05
L2_CACTGAAAGGTACAAT,Mono,CD16 Mono,CD16+ Monocytes,CD16 Mono,1.0,hao_stateful_gemini_run05
L4_AACAAAGGTACGAAAT,DC,ASDC,CD14+ Monocytes,CD14 Mono,0.0,hao_stateful_gemini_run05
E2L6_AGTGACTAGCGTTCCG,CD4 T,CD4 CTL,CD8+ T cells,CD8 T cell (subtype unclear),0.0,hao_stateful_gemini_run05
E2L6_AAACGCTCATAATGCC,NK,NK,CD8+ T cells,CD8 T cell (subtype unclear),0.0,hao_stateful_gemini_run05
E2L1_GAACTGTCAAGCCATT,NK,NK Proliferating,Proliferating cells,Proliferating lymphocyte (lineage unclear),0.5,hao_stateful_gemini_run05
E2L5_CCGTAGGCAGTTCCAA,B,B naive,B cells,B cell (subtype unclear),0.5,hao_stateful_gemini_run05
E2L8_GCACGTGCACAACGAG,other,Platelet,Platelets,Platelet,1.0,hao_stateful_gemini_run05
L5_TTACCATTCTTACCGC,CD4 T,CD4 TCM,CD4+ T cells,CD4 T cell (subtype unclear),0.5,hao_stateful_gemini_run05
L2_TTCATGTTCGCGTTTC,DC,cDC2,CD14+ Monocytes,CD14 Mono,0.0,hao_stateful_gemini_run05
L4_GCAGTTAAGGCTTTCA,B,Plasmablast,Plasma cells,Plasmablast,1.0,hao_stateful_gemini_run05
E2L3_ATCGCCTAGTGGATTA,B,B intermediate,B cells,B cell (subtype unclear),0.5,hao_stateful_gemini_run05
E2L4_CACTGGGAGTGCGTCC,CD4 T,Treg,CD4+ T cells,CD4 T cell (subtype unclear),0.5,hao_stateful_gemini_run05
L3_ATGAGGGGTTTGATCG,NK,NK_CD56bright,NK cells,NK,0.5,hao_stateful_gemini_run05
E2L6_TCTCACGAGAACCGCA,CD4 T,CD4 CTL,CD8+ T cells,CD8 T cell (subtype unclear),0.0,hao_stateful_gemini_run05
L1_CGAATTGTCGTTCTCG,DC,pDC,Plasmacytoid Dendritic cells,pDC,1.0,hao_stateful_gemini_run05
E2L8_GTCATTTCACAGTATC,other,ILC,NK cells,NK,0.0,hao_stateful_gemini_run05
L1_TCTTAGTGTCACTTCC,other,HSPC,HSPC,HSPC,1.0,hao_stateful_gemini_run05
L2_TCATGTTGTCTAGTGT,other,HSPC,HSPC,HSPC,1.0,hao_stateful_gemini_run05
E2L3_CTATCCGGTACCGTGC,NK,NK Proliferating,Proliferating cells,Proliferating lymphocyte (lineage unclear),0.5,hao_stateful_gemini_run05
L5_TCAAGCAGTGCATCTA,CD4 T,Treg,CD4+ T cells,CD4 T cell (subtype unclear),0.5,hao_stateful_gemini_run05
L1_GTCTTTAAGGACAGTC,B,B intermediate,B cells,B cell (subtype unclear),0.5,hao_stateful_gemini_run05
E2L4_ACAGCCGGTACTCCCT,B,B memory,B cells,B cell (subtype unclear),0.5,hao_stateful_gemini_run05
E2L7_AGCCAATAGACGTCCC,B,B intermediate,B cells,B cell (subtype unclear),0.5,hao_stateful_gemini_run05
E2L6_TGTGATGCACAACGTT,NK,NK_CD56bright,NK cells,NK,0.5,hao_stateful_gemini_run05
E2L6_TTGGGTATCATGGAGG,other T,gdT,CD4+ T cells,CD4 T cell (subtype unclear),0.0,hao_stateful_gemini_run05
E2L2_GGAACCCGTATGTCTG,CD4 T,CD4 Proliferating,Proliferating cells,Proliferating lymphocyte (lineage unclear),0.5,hao_stateful_gemini_run05
L2_ATCCTATTCCCTATTA,NK,NK Proliferating,Proliferating cells,Proliferating lymphocyte (lineage unclear),0.5,hao_stateful_gemini_run05
L3_CTTCGGTGTACGACAG,CD4 T,CD4 Naive,CD4+ T cells,CD4 T cell (subtype unclear),0.5,hao_stateful_gemini_run05
E2L7_TCAAGCATCATTTCGT,CD8 T,CD8 TEM,CD8+ T cells,CD8 T cell (subtype unclear),0.5,hao_stateful_gemini_run05
E2L1_CCGTTCATCTACCACC,Mono,CD14 Mono,CD16+ Monocytes,CD16 Mono,0.5,hao_stateful_gemini_run05
E2L7_GGAGGTACAATGAGCG,DC,pDC,Plasmacytoid Dendritic cells,pDC,1.0,hao_stateful_gemini_run05
L2_CCTCAGTGTCCCTAAA,CD4 T,CD4 Proliferating,Proliferating cells,Proliferating lymphocyte (lineage unclear),0.5,hao_stateful_gemini_run05
E2L2_CCCTCTCCAGTTACCA,Mono,CD16 Mono,CD16+ Monocytes,CD16 Mono,1.0,hao_stateful_gemini_run05
E2L7_GTTAGTGTCTACTGCC,CD4 T,CD4 TEM,CD4+ T cells,CD4 T cell (subtype unclear),0.5,hao_stateful_gemini_run05
E2L8_GGCTGTGCATAAGCAA,CD4 T,CD4 Naive,CD4+ T cells,CD4 T cell (subtype unclear),0.5,hao_stateful_gemini_run05
L5_ATGCCTCTCGATTTCT,B,B naive,B cells,B cell (subtype unclear),0.5,hao_stateful_gemini_run05
E2L6_GGTGTTAAGCAACTTC,DC,cDC2,CD14+ Monocytes,CD14 Mono,0.0,hao_stateful_gemini_run05
E2L1_AGCATCATCGATGGAG,CD4 T,CD4 Naive,CD4+ T cells,CD4 T cell (subtype unclear),0.5,hao_stateful_gemini_run05
L1_TCACATTTCTCGTCGT,CD8 T,CD8 Naive,CD4+ T cells,CD4 T cell (subtype unclear),0.0,hao_stateful_gemini_run05
E2L6_TGCTTCGCACGACGAA,B,B memory,B cells,B cell (subtype unclear),0.5,hao_stateful_gemini_run05
E2L5_GGGTTTACAGGGTCTC,CD4 T,Treg,CD4+ T cells,CD4 T cell (subtype unclear),0.5,hao_stateful_gemini_run05
L1_GGGAGATGTTGGGCCT,CD8 T,CD8 Naive,CD4+ T cells,CD4 T cell (subtype unclear),0.0,hao_stateful_gemini_run05
E2L7_TGCGGGTGTTTGGCTA,CD8 T,CD8 Naive,CD4+ T cells,CD4 T cell (subtype unclear),0.0,hao_stateful_gemini_run05
E2L4_ATGCATGCAGCTTCCT,Mono,CD16 Mono,CD16+ Monocytes,CD16 Mono,1.0,hao_stateful_gemini_run05
E2L4_TGTTCATGTCCGAAGA,CD8 T,CD8 TCM,CD4+ T cells,CD4 T cell (subtype unclear),0.0,hao_stateful_gemini_run05
E2L1_CTGGCAGCACAGTCAT,B,B naive,B cells,B cell (subtype unclear),0.5,hao_stateful_gemini_run05
E2L2_CAAGCTATCCGTGCGA,CD4 T,CD4 TEM,CD4+ T cells,CD4 T cell (subtype unclear),0.5,hao_stateful_gemini_run05
E2L8_TTGTTGTTCTCTGCCA,Mono,CD16 Mono,CD16+ Monocytes,CD16 Mono,1.0,hao_stateful_gemini_run05
E2L6_TTTCAGTTCCCGGTAG,B,B memory,B cells,B cell (subtype unclear),0.5,hao_stateful_gemini_run05
E2L1_GGTTCTCAGGTATAGT,other,Platelet,Platelets,Platelet,1.0,hao_stateful_gemini_run05
L1_GGTAGAGAGCACCGAA,CD8 T,CD8 Naive,CD4+ T cells,CD4 T cell (subtype unclear),0.0,hao_stateful_gemini_run05
L1_TGAGGTTGTCGAGCAA,other,HSPC,HSPC,HSPC,1.0,hao_stateful_gemini_run05
E2L7_TAGAGTCCACTAGGCC,Mono,CD14 Mono,CD16+ Monocytes,CD16 Mono,0.5,hao_stateful_gemini_run05
E2L1_CCAATTTCAAGAGATT,B,B memory,B cells,B cell (subtype unclear),0.5,hao_stateful_gemini_run05
E2L6_CCAAGCGCACCTGCGA,DC,cDC2,CD14+ Monocytes,CD14 Mono,0.0,hao_stateful_gemini_run05
L2_CGGAGAATCTTAAGGC,other T,MAIT,CD8+ T cells,CD8 T cell (subtype unclear),0.0,hao_stateful_gemini_run05
E2L2_ATTCATCCAAGGCCTC,CD4 T,CD4 Proliferating,Proliferating cells,Proliferating lymphocyte (lineage unclear),0.5,hao_stateful_gemini_run05
E2L3_CCGGTGATCCTTGACC,CD8 T,CD8 TEM,CD8+ T cells,CD8 T cell (subtype unclear),0.5,hao_stateful_gemini_run05
E2L7_TGAGGGAAGCGAGGAG,CD8 T,CD8 TEM,CD8+ T cells,CD8 T cell (subtype unclear),0.5,hao_stateful_gemini_run05
E2L2_TAGTGCACACGTGTGC,NK,NK_CD56bright,NK cells,NK,0.5,hao_stateful_gemini_run05
L2_ACCTGAACAACTAGAA,NK,NK,CD8+ T cells,CD8 T cell (subtype unclear),0.0,hao_stateful_gemini_run05
L5_AAAGAACCAGTGTGGA,other,ILC,NK cells,NK,0.0,hao_stateful_gemini_run05
E2L1_AGCCAGCAGCTGCCTG,other T,gdT,CD4+ T cells,CD4 T cell (subtype unclear),0.0,hao_stateful_gemini_run05
L2_ATTACCTCAGCTACCG,CD8 T,CD8 Naive,CD4+ T cells,CD4 T cell (subtype unclear),0.0,hao_stateful_gemini_run05
L5_AACCTGAAGGATTTGA,CD4 T,CD4 Naive,CD4+ T cells,CD4 T cell (subtype unclear),0.5,hao_stateful_gemini_run05
L1_GGGAAGTAGGTCGTAG,CD8 T,CD8 Naive,CD4+ T cells,CD4 T cell (subtype unclear),0.0,hao_stateful_gemini_run05
E2L6_CAAGACTAGTGCGCTC,CD4 T,CD4 TCM,CD4+ T cells,CD4 T cell (subtype unclear),0.5,hao_stateful_gemini_run05
E2L1_GCTGCAGTCAAAGGAT,NK,NK_CD56bright,NK cells,NK,0.5,hao_stateful_gemini_run05
L5_TGCGACGCAAGCGCAA,CD8 T,CD8 Naive,CD4+ T cells,CD4 T cell (subtype unclear),0.0,hao_stateful_gemini_run05
L1_CGGAACCTCCATACTT,NK,NK_CD56bright,NK cells,NK,0.5,hao_stateful_gemini_run05
L5_GCAGCTGCAGCTTCCT,B,B intermediate,B cells,B cell (subtype unclear),0.5,hao_stateful_gemini_run05
L4_AAGACAACACAGACGA,DC,cDC1,Conventional Dendritic cells,Dendritic cell (subtype unclear),0.5,hao_stateful_gemini_run05
E2L4_AGGACGACACGACTAT,CD8 T,CD8 TEM,CD8+ T cells,CD8 T cell (subtype unclear),0.5,hao_stateful_gemini_run05
L2_GTTGAACCAAGTGCTT,NK,NK_CD56bright,NK cells,NK,0.5,hao_stateful_gemini_run05
L4_TCACTCGTCATACAGC,CD4 T,CD4 TCM,CD4+ T cells,CD4 T cell (subtype unclear),0.5,hao_stateful_gemini_run05
L5_AGAAGCGGTAGAATAC,NK,NK_CD56bright,NK cells,NK,0.5,hao_stateful_gemini_run05
L1_GTTGAACAGCGTCTGC,other,HSPC,HSPC,HSPC,1.0,hao_stateful_gemini_run05
L2_GGGTCACAGGAAGTCC,other,HSPC,HSPC,HSPC,1.0,hao_stateful_gemini_run05
E2L1_TCGCAGGAGCGACTTT,other T,MAIT,CD8+ T cells,CD8 T cell (subtype unclear),0.0,hao_stateful_gemini_run05
L1_ACGGTCGTCTCGTGAA,other,Eryth,Erythrocytes,Eryth,1.0,hao_stateful_gemini_run05
E2L1_TCGACGGGTATGATCC,other T,gdT,CD4+ T cells,CD4 T cell (subtype unclear),0.0,hao_stateful_gemini_run05
E2L5_ACCTACCAGTGAATAC,CD8 T,CD8 TEM,CD8+ T cells,CD8 T cell (subtype unclear),0.5,hao_stateful_gemini_run05
L2_TAAGCCATCGGTGAAG,Mono,CD16 Mono,CD16+ Monocytes,CD16 Mono,1.0,hao_stateful_gemini_run05
L2_CCCTAACTCTCTTAAC,B,B intermediate,B cells,B cell (subtype unclear),0.5,hao_stateful_gemini_run05
E2L1_TGGATGTGTTATAGCC,other T,gdT,CD8+ T cells,CD8 T cell (subtype unclear),0.0,hao_stateful_gemini_run05
L1_GTAGAGGAGGACACTG,other,HSPC,HSPC,HSPC,1.0,hao_stateful_gemini_run05
L4_GGGCGTTCAAATACGA,B,Plasmablast,Plasma cells,Plasmablast,1.0,hao_stateful_gemini_run05
E2L2_TGATTCTGTGACTGTT,NK,NK Proliferating,Proliferating cells,Proliferating lymphocyte (lineage unclear),0.5,hao_stateful_gemini_run05
E2L5_TGTGGCGGTAATGATG,CD4 T,CD4 CTL,CD8+ T cells,CD8 T cell (subtype unclear),0.0,hao_stateful_gemini_run05
E2L5_CGAGAAGGTTGACTGT,DC,ASDC,CD14+ Monocytes,CD14 Mono,0.0,hao_stateful_gemini_run05
E2L5_GCTACCTTCCTTCACG,NK,NK Proliferating,Proliferating cells,Proliferating lymphocyte (lineage unclear),0.5,hao_stateful_gemini_run05
L3_TGACAGTCATCAGCTA,other T,dnT,CD4+ T cells,CD4 T cell (subtype unclear),0.0,hao_stateful_gemini_run05
L2_TCTTAGTAGGCTTAAA,Mono,CD16 Mono,CD16+ Monocytes,CD16 Mono,1.0,hao_stateful_gemini_run05
E2L5_AGAGAGCCAGAGATTA,other T,MAIT,CD8+ T cells,CD8 T cell (subtype unclear),0.0,hao_stateful_gemini_run05
E2L6_TTCGCTGGTCATTCCC,other,Platelet,Platelets,Platelet,1.0,hao_stateful_gemini_run05
L3_TGTAACGGTACGGGAT,CD8 T,CD8 Naive,CD4+ T cells,CD4 T cell (subtype unclear),0.0,hao_stateful_gemini_run05
L2_CTGCCTATCACGATCA,Mono,CD16 Mono,CD16+ Monocytes,CD16 Mono,1.0,hao_stateful_gemini_run05
E2L6_CGAATTGCATTCTGTT,DC,cDC2,CD14+ Monocytes,CD14 Mono,0.0,hao_stateful_gemini_run05
E2L4_AACCCAAGTCTTCTAT,NK,NK Proliferating,Proliferating cells,Proliferating lymphocyte (lineage unclear),0.5,hao_stateful_gemini_run05
E2L7_TACTTACAGATGCCGA,DC,cDC2,CD14+ Monocytes,CD14 Mono,0.0,hao_stateful_gemini_run05
L2_TTTGGTTCATCATGAC,B,B intermediate,B cells,B cell (subtype unclear),0.5,hao_stateful_gemini_run05
L5_GGAGCAACATCGAGCC,CD8 T,CD8 TCM,CD4+ T cells,CD4 T cell (subtype unclear),0.0,hao_stateful_gemini_run05
L1_ATACCGACAACGAGGT,CD8 T,CD8 Naive,CD4+ T cells,CD4 T cell (subtype unclear),0.0,hao_stateful_gemini_run05
L3_GAGTGAGGTAATGATG,CD4 T,CD4 Proliferating,Proliferating cells,Proliferating lymphocyte (lineage unclear),0.5,hao_stateful_gemini_run05
L1_CAACCTCGTCGAGTGA,B,B naive,B cells,B cell (subtype unclear),0.5,hao_stateful_gemini_run05
E2L4_TACCTCGGTACCTAAC,CD4 T,CD4 TCM,CD4+ T cells,CD4 T cell (subtype unclear),0.5,hao_stateful_gemini_run05
E2L4_GGGAAGTAGTCATTGC,Mono,CD14 Mono,CD16+ Monocytes,CD16 Mono,0.5,hao_stateful_gemini_run05
L1_ATTCACTAGACCTTTG,CD4 T,CD4 Naive,CD4+ T cells,CD4 T cell (subtype unclear),0.5,hao_stateful_gemini_run05
L2_TGCTCGTAGCACTCCG,CD4 T,Treg,CD4+ T cells,CD4 T cell (subtype unclear),0.5,hao_stateful_gemini_run05
E2L2_CTTCGGTAGGGTGAAA,CD4 T,CD4 CTL,CD8+ T cells,CD8 T cell (subtype unclear),0.0,hao_stateful_gemini_run05
L3_GTGCAGCTCGGCCCAA,DC,pDC,Plasmacytoid Dendritic cells,pDC,1.0,hao_stateful_gemini_run05
E2L3_AACCAACGTACAGGTG,NK,NK,CD8+ T cells,CD8 T cell (subtype unclear),0.0,hao_stateful_gemini_run05
E2L4_CCCTCAACAAGCCTGC,B,B memory,B cells,B cell (subtype unclear),0.5,hao_stateful_gemini_run05
L5_TGATTTCAGTCTGTAC,CD8 T,CD8 TEM,CD8+ T cells,CD8 T cell (subtype unclear),0.5,hao_stateful_gemini_run05
L1_TTCTTGACAATAACGA,other,Eryth,Erythrocytes,Eryth,1.0,hao_stateful_gemini_run05
L1_AGTAGTCAGTTGTCAC,other T,MAIT,CD8+ T cells,CD8 T cell (subtype unclear),0.0,hao_stateful_gemini_run05
E2L1_ACTTAGGGTTGTCTAG,Mono,CD16 Mono,CD16+ Monocytes,CD16 Mono,1.0,hao_stateful_gemini_run05
L5_CACTGAACATGTTCGA,other,Platelet,CD8+ T cells,CD8 T cell (subtype unclear),0.0,hao_stateful_gemini_run05
L4_CAGCCAGCAGAAATTG,Mono,CD16 Mono,CD16+ Monocytes,CD16 Mono,1.0,hao_stateful_gemini_run05
L5_TTCTAGTGTGCTCTCT,CD8 T,CD8 Naive,CD4+ T cells,CD4 T cell (subtype unclear),0.0,hao_stateful_gemini_run05
E2L2_TTGCATTTCCGGTAAT,NK,NK Proliferating,Proliferating cells,Proliferating lymphocyte (lineage unclear),0.5,hao_stateful_gemini_run05
L3_TCTTCCTAGACGGTCA,other T,MAIT,CD8+ T cells,CD8 T cell (subtype unclear),0.0,hao_stateful_gemini_run05
L5_GGTAACTGTAACGATA,CD4 T,CD4 Proliferating,Proliferating cells,Proliferating lymphocyte (lineage unclear),0.5,hao_stateful_gemini_run05
L5_GAGTTGTCAAGGCCTC,CD4 T,CD4 Naive,CD4+ T cells,CD4 T cell (subtype unclear),0.5,hao_stateful_gemini_run05
E2L5_CACACAATCATATGGC,NK,NK_CD56bright,NK cells,NK,0.5,hao_stateful_gemini_run05
L4_GTCGCGACAGAGACTG,B,B intermediate,B cells,B cell (subtype unclear),0.5,hao_stateful_gemini_run05
E2L5_CAGGCCACAAGTGTCT,Mono,CD14 Mono,CD16+ Monocytes,CD16 Mono,0.5,hao_stateful_gemini_run05
E2L2_ATGGGAGGTATGGAAT,CD4 T,CD4 TEM,CD4+ T cells,CD4 T cell (subtype unclear),0.5,hao_stateful_gemini_run05
E2L3_CAACGGCAGTAATACG,NK,NK_CD56bright,NK cells,NK,0.5,hao_stateful_gemini_run05
E2L5_TAAGCACCATTCGGGC,B,B naive,B cells,B cell (subtype unclear),0.5,hao_stateful_gemini_run05
L3_GTCATTTAGTAGAGTT,CD8 T,CD8 Naive,CD4+ T cells,CD4 T cell (subtype unclear),0.0,hao_stateful_gemini_run05
E2L3_GAAGGACAGCCACCGT,DC,cDC2,CD14+ Monocytes,CD14 Mono,0.0,hao_stateful_gemini_run05
E2L6_CTCCCAACACACTTAG,NK,NK,CD8+ T cells,CD8 T cell (subtype unclear),0.0,hao_stateful_gemini_run05
E2L8_GAAACCTAGCTAATCC,B,B intermediate,B cells,B cell (subtype unclear),0.5,hao_stateful_gemini_run05
L1_TCAGTGAGTCTTCCGT,CD4 T,CD4 Proliferating,Proliferating cells,Proliferating lymphocyte (lineage unclear),0.5,hao_stateful_gemini_run05
E2L3_CTATCTATCGCAACAT,other T,dnT,Memory/Effector T cells,T cell (CD4/CD8/other unclear),0.5,hao_stateful_gemini_run05
E2L3_TGAGGAGTCCGTGGGT,DC,pDC,Plasmacytoid Dendritic cells,pDC,1.0,hao_stateful_gemini_run05
E2L6_CGGGCATTCGCATAGT,NK,NK,CD8+ T cells,CD8 T cell (subtype unclear),0.0,hao_stateful_gemini_run05
E2L8_TCCTCCCGTAGCTTGT,B,B intermediate,B cells,B cell (subtype unclear),0.5,hao_stateful_gemini_run05
E2L8_TCAGTCCCAACCCGCA,B,B naive,B cells,B cell (subtype unclear),0.5,hao_stateful_gemini_run05
L1_GAGATGGTCGTAACCA,other T,dnT,CD4+ T cells,CD4 T cell (subtype unclear),0.0,hao_stateful_gemini_run05
E2L7_GACCAATAGACTCAAA,other,ILC,NK cells,NK,0.0,hao_stateful_gemini_run05
E2L3_TTCTAGTCAACCACGC,other,ILC,NK cells,NK,0.0,hao_stateful_gemini_run05
L2_ATCGGATGTAGACGGT,CD4 T,CD4 TCM,CD4+ T cells,CD4 T cell (subtype unclear),0.5,hao_stateful_gemini_run05
E2L6_ACTATTCGTTGCTGAT,other T,gdT,CD8+ T cells,CD8 T cell (subtype unclear),0.0,hao_stateful_gemini_run05
L2_GAAGCCCGTCTGCAAT,CD4 T,CD4 TCM,CD4+ T cells,CD4 T cell (subtype unclear),0.5,hao_stateful_gemini_run05
E2L8_CTCCATGAGGCTTAAA,B,B naive,B cells,B cell (subtype unclear),0.5,hao_stateful_gemini_run05
L4_ACGCACGAGCGTGAGT,DC,cDC2,CD14+ Monocytes,CD14 Mono,0.0,hao_stateful_gemini_run05
E2L3_ACTGATGAGGATACGC,B,B memory,B cells,B cell (subtype unclear),0.5,hao_stateful_gemini_run05
E2L4_AGGAATACAAGTATCC,B,Plasmablast,Plasma cells,Plasmablast,1.0,hao_stateful_gemini_run05
E2L6_CTGCTCAAGCTCTATG,DC,cDC2,CD14+ Monocytes,CD14 Mono,0.0,hao_stateful_gemini_run05
E2L2_GTTAGACGTTATGACC,CD4 T,CD4 Naive,CD4+ T cells,CD4 T cell (subtype unclear),0.5,hao_stateful_gemini_run05
E2L1_GTCCTCAAGTCCTGTA,NK,NK_CD56bright,NK cells,NK,0.5,hao_stateful_gemini_run05
L2_GACTCTCTCCACAAGT,other T,dnT,Memory/Effector T cells,T cell (CD4/CD8/other unclear),0.5,hao_stateful_gemini_run05
E2L7_TGTACAGAGAGCGACT,other T,MAIT,CD8+ T cells,CD8 T cell (subtype unclear),0.0,hao_stateful_gemini_run05
L4_GTAGAGGAGATTCGCT,B,B naive,B cells,B cell (subtype unclear),0.5,hao_stateful_gemini_run05
E2L6_TCAATCTAGGTCTTTG,other,ILC,NK cells,NK,0.0,hao_stateful_gemini_run05
E2L8_TGAGGGACAATACAGA,NK,NK,CD8+ T cells,CD8 T cell (subtype unclear),0.0,hao_stateful_gemini_run05
L3_GATCAGTCAGTGTATC,DC,ASDC,CD14+ Monocytes,CD14 Mono,0.0,hao_stateful_gemini_run05
L1_TGGCGTGGTCCCACGA,other,Platelet,CD16+ Monocytes,CD16 Mono,0.0,hao_stateful_gemini_run05
E2L6_TAAGCGTCACTCCTGT,CD4 T,CD4 TCM,CD4+ T cells,CD4 T cell (subtype unclear),0.5,hao_stateful_gemini_run05
L5_CAGCCAGCATAATCCG,CD4 T,CD4 TEM,CD4+ T cells,CD4 T cell (subtype unclear),0.5,hao_stateful_gemini_run05
E2L1_GTGGAAGAGGATATAC,other,Platelet,Platelets,Platelet,1.0,hao_stateful_gemini_run05
L1_CTAGGTATCGCCGAGT,other T,MAIT,CD8+ T cells,CD8 T cell (subtype unclear),0.0,hao_stateful_gemini_run05
E2L3_CAGCAATTCGTAGGAG,NK,NK,CD8+ T cells,CD8 T cell (subtype unclear),0.0,hao_stateful_gemini_run05
L2_CTACTATGTGATCATC,NK,NK_CD56bright,NK cells,NK,0.5,hao_stateful_gemini_run05
L2_TTCACGCTCCACACAA,CD8 T,CD8 TEM,CD8+ T cells,CD8 T cell (subtype unclear),0.5,hao_stateful_gemini_run05
E2L1_GCAGCCAAGACTCTTG,NK,NK,CD8+ T cells,CD8 T cell (subtype unclear),0.0,hao_stateful_gemini_run05
E2L5_ACTTATCAGCTCTGTA,CD8 T,CD8 TEM,CD8+ T cells,CD8 T cell (subtype unclear),0.5,hao_stateful_gemini_run05
L2_CACGTTCCATCCGGTG,CD4 T,CD4 CTL,CD8+ T cells,CD8 T cell (subtype unclear),0.0,hao_stateful_gemini_run05
L4_CGAAGGACAAAGCACG,B,B memory,B cells,B cell (subtype unclear),0.5,hao_stateful_gemini_run05
L1_AATGAAGTCGCAATTG,CD8 T,CD8 Naive,CD4+ T cells,CD4 T cell (subtype unclear),0.0,hao_stateful_gemini_run05
L2_GGTTCTCTCCGCCTAT,B,B memory,B cells,B cell (subtype unclear),0.5,hao_stateful_gemini_run05
L5_GTGTGATAGAAATTGC,CD8 T,CD8 TCM,CD4+ T cells,CD4 T cell (subtype unclear),0.0,hao_stateful_gemini_run05
L5_AAACCCATCTTGGATG,DC,cDC2,CD14+ Monocytes,CD14 Mono,0.0,hao_stateful_gemini_run05
L1_CGTGATACACGACAGA,DC,cDC1,Conventional Dendritic cells,Dendritic cell (subtype unclear),0.5,hao_stateful_gemini_run05
L2_TTGTGGATCTCCAATT,CD8 T,CD8 Naive,CD4+ T cells,CD4 T cell (subtype unclear),0.0,hao_stateful_gemini_run05
E2L1_ACTATGGTCTGATGGT,other,ILC,CD4+ T cells,CD4 T cell (subtype unclear),0.0,hao_stateful_gemini_run05
L5_CATTCCGGTGAGATTA,other T,MAIT,CD8+ T cells,CD8 T cell (subtype unclear),0.0,hao_stateful_gemini_run05
L5_TGTCCACGTTCTCTAT,B,B naive,B cells,B cell (subtype unclear),0.5,hao_stateful_gemini_run05
E2L4_CTAGACAGTACTGGGA,B,B intermediate,B cells,B cell (subtype unclear),0.5,hao_stateful_gemini_run05
E2L1_GGTAGAGTCCCATAAG,CD4 T,CD4 CTL,CD8+ T cells,CD8 T cell (subtype unclear),0.0,hao_stateful_gemini_run05
L4_AAGCGTTGTAGCGTCC,DC,cDC2,CD14+ Monocytes,CD14 Mono,0.0,hao_stateful_gemini_run05
L1_CACCAAAGTCAAAGAT,CD8 T,CD8 Naive,CD4+ T cells,CD4 T cell (subtype unclear),0.0,hao_stateful_gemini_run05
L1_TCAAGCATCGTAGTGT,CD8 T,CD8 TCM,CD4+ T cells,CD4 T cell (subtype unclear),0.0,hao_stateful_gemini_run05
L2_CTGCATCCAAGACCTT,Mono,CD14 Mono,CD16+ Monocytes,CD16 Mono,0.5,hao_stateful_gemini_run05
E2L6_CCGTGAGTCATCGCCT,CD4 T,CD4 CTL,CD8+ T cells,CD8 T cell (subtype unclear),0.0,hao_stateful_gemini_run05
E2L8_CTGAGGCAGATTAGTG,NK,NK,CD8+ T cells,CD8 T cell (subtype unclear),0.0,hao_stateful_gemini_run05
L4_GAGCCTGGTCTAGGTT,CD8 T,CD8 Naive,CD4+ T cells,CD4 T cell (subtype unclear),0.0,hao_stateful_gemini_run05
L1_CGTAGTACAACGGCTC,other T,dnT,CD4+ T cells,CD4 T cell (subtype unclear),0.0,hao_stateful_gemini_run05
L4_GCAGGCTGTGCCGTAC,other T,dnT,CD4+ T cells,CD4 T cell (subtype unclear),0.0,hao_stateful_gemini_run05
L4_GTGAGGACAGTTAGAA,CD4 T,CD4 Naive,CD4+ T cells,CD4 T cell (subtype unclear),0.5,hao_stateful_gemini_run05
E2L5_TCCCAGTCAAGACCTT,other T,dnT,Memory/Effector T cells,T cell (CD4/CD8/other unclear),0.5,hao_stateful_gemini_run05
E2L8_TCTGGCTCACAGAGCA,DC,cDC2,CD14+ Monocytes,CD14 Mono,0.0,hao_stateful_gemini_run05
L1_TGTAAGCCAGCTACTA,CD8 T,CD8 TEM,CD4+ T cells,CD4 T cell (subtype unclear),0.0,hao_stateful_gemini_run05
L2_TGTAACGGTGAAGCTG,NK,NK_CD56bright,NK cells,NK,0.5,hao_stateful_gemini_run05
E2L3_TCCTAATCAACAAGAT,CD8 T,CD8 TCM,CD4+ T cells,CD4 T cell (subtype unclear),0.0,hao_stateful_gemini_run05
E2L8_AAGGTAATCATTTGGG,CD4 T,CD4 Naive,CD4+ T cells,CD4 T cell (subtype unclear),0.5,hao_stateful_gemini_run05
L2_CTCCCTCGTCCAAGAG,B,Plasmablast,Plasma cells,Plasmablast,1.0,hao_stateful_gemini_run05
L4_AGCGATTTCACGTCCT,B,B naive,B cells,B cell (subtype unclear),0.5,hao_stateful_gemini_run05
L2_AATGGCTGTCGAATGG,B,B naive,B cells,B cell (subtype unclear),0.5,hao_stateful_gemini_run05
E2L6_CTGCATCTCCGGACTG,B,B intermediate,B cells,B cell (subtype unclear),0.5,hao_stateful_gemini_run05
E2L6_TGTAGACGTTCCGCTT,other T,MAIT,CD8+ T cells,CD8 T cell (subtype unclear),0.0,hao_stateful_gemini_run05
E2L6_AACCATGAGGACATCG,other T,MAIT,CD8+ T cells,CD8 T cell (subtype unclear),0.0,hao_stateful_gemini_run05
E2L1_TCAGCAACATGTCAGT,B,B memory,B cells,B cell (subtype unclear),0.5,hao_stateful_gemini_run05
L4_GATGTTGTCGTTGTTT,CD4 T,Treg,CD4+ T cells,CD4 T cell (subtype unclear),0.5,hao_stateful_gemini_run05
E2L6_CATGGTAAGTCGAAGC,other,ILC,NK cells,NK,0.0,hao_stateful_gemini_run05
E2L8_GTTACCCCAGAACCGA,CD4 T,Treg,CD4+ T cells,CD4 T cell (subtype unclear),0.5,hao_stateful_gemini_run05
L5_GGATCTAAGTTCGCAT,DC,pDC,Plasmacytoid Dendritic cells,pDC,1.0,hao_stateful_gemini_run05
E2L2_GACTTCCTCGTTGTTT,B,B memory,B cells,B cell (subtype unclear),0.5,hao_stateful_gemini_run05
E2L2_CAGAGCCCATGGGATG,NK,NK_CD56bright,NK cells,NK,0.5,hao_stateful_gemini_run05
E2L2_GAAGCGACAATCTCTT,NK,NK Proliferating,Proliferating cells,Proliferating lymphocyte (lineage unclear),0.5,hao_stateful_gemini_run05
L4_ACGGTTATCAATCCAG,CD8 T,CD8 TCM,CD4+ T cells,CD4 T cell (subtype unclear),0.0,hao_stateful_gemini_run05
E2L2_CTCTGGTGTCTCGCGA,other T,MAIT,CD8+ T cells,CD8 T cell (subtype unclear),0.0,hao_stateful_gemini_run05
L5_CTCCCTCAGGAATCGC,NK,NK,CD8+ T cells,CD8 T cell (subtype unclear),0.0,hao_stateful_gemini_run05
E2L5_TACCGGGAGGTCACTT,CD8 T,CD8 TEM,CD8+ T cells,CD8 T cell (subtype unclear),0.5,hao_stateful_gemini_run05
E2L1_GGAGATGGTACCATAC,B,B naive,B cells,B cell (subtype unclear),0.5,hao_stateful_gemini_run05
E2L8_GTCAAACTCGAGAAAT,DC,pDC,Plasmacytoid Dendritic cells,pDC,1.0,hao_stateful_gemini_run05
E2L7_GAGATGGAGTGCACCC,CD4 T,CD4 CTL,CD8+ T cells,CD8 T cell (subtype unclear),0.0,hao_stateful_gemini_run05
L1_GACCAATTCTCGGCTT,NK,NK_CD56bright,NK cells,NK,0.5,hao_stateful_gemini_run05
L4_TTGGGCGCATGATAGA,CD8 T,CD8 TCM,CD4+ T cells,CD4 T cell (subtype unclear),0.0,hao_stateful_gemini_run05
E2L1_GCCCAGATCGTGCTCT,CD4 T,CD4 Proliferating,Proliferating cells,Proliferating lymphocyte (lineage unclear),0.5,hao_stateful_gemini_run05
L2_GACTCTCGTCCGCAGT,other T,dnT,CD4+ T cells,CD4 T cell (subtype unclear),0.0,hao_stateful_gemini_run05
E2L1_TTCCGGTCATGAATAG,Mono,CD16 Mono,CD16+ Monocytes,CD16 Mono,1.0,hao_stateful_gemini_run05
L1_AAGTACCGTGAGGAAA,B,Plasmablast,Plasma cells,Plasmablast,1.0,hao_stateful_gemini_run05
E2L2_CGTGAATAGTCACTCA,B,Plasmablast,Plasma cells,Plasmablast,1.0,hao_stateful_gemini_run05
E2L6_GGGACTCTCCAGTGTA,other T,gdT,CD8+ T cells,CD8 T cell (subtype unclear),0.0,hao_stateful_gemini_run05
E2L3_TTTCGATGTGGCGTAA,NK,NK_CD56bright,NK cells,NK,0.5,hao_stateful_gemini_run05
E2L3_GTGAGTTCAGTTGTTG,CD8 T,CD8 Naive,CD4+ T cells,CD4 T cell (subtype unclear),0.0,hao_stateful_gemini_run05
L3_AGGGCTCTCCGTGCGA,B,B intermediate,B cells,B cell (subtype unclear),0.5,hao_stateful_gemini_run05
L1_CTGGACGGTGACTATC,B,B naive,B cells,B cell (subtype unclear),0.5,hao_stateful_gemini_run05
L1_TGGTACACATGACACT,CD4 T,Treg,CD4+ T cells,CD4 T cell (subtype unclear),0.5,hao_stateful_gemini_run05
E2L6_CCCGGAATCCTACCGT,other T,gdT,CD4+ T cells,CD4 T cell (subtype unclear),0.0,hao_stateful_gemini_run05
E2L1_TCGACGGGTGCCGAAA,other,HSPC,HSPC,HSPC,1.0,hao_stateful_gemini_run05
L3_AGGCTGCTCCAGCAAT,B,B memory,B cells,B cell (subtype unclear),0.5,hao_stateful_gemini_run05
E2L2_TGTTCCGCAAAGAACT,CD8 T,CD8 TEM,CD4+ T cells,CD4 T cell (subtype unclear),0.0,hao_stateful_gemini_run05
E2L2_AAGCGTTGTAACATGA,CD8 T,CD8 TEM,CD8+ T cells,CD8 T cell (subtype unclear),0.5,hao_stateful_gemini_run05
E2L7_TGGGAGACAGAACTTC,CD4 T,CD4 TCM,CD4+ T cells,CD4 T cell (subtype unclear),0.5,hao_stateful_gemini_run05
E2L6_CTTACCGTCTCAGTCC,NK,NK Proliferating,Proliferating cells,Proliferating lymphocyte (lineage unclear),0.5,hao_stateful_gemini_run05
L1_TTGACCCAGATTGCGG,CD4 T,Treg,CD4+ T cells,CD4 T cell (subtype unclear),0.5,hao_stateful_gemini_run05
E2L8_AATAGAGCAATTCTTC,B,B naive,B cells,B cell (subtype unclear),0.5,hao_stateful_gemini_run05
E2L7_ATACCGACAACTTGCA,CD4 T,CD4 CTL,CD8+ T cells,CD8 T cell (subtype unclear),0.0,hao_stateful_gemini_run05
E2L7_ACTGCAATCAGGCGAA,CD8 T,CD8 Proliferating,Proliferating cells,Proliferating lymphocyte (lineage unclear),0.5,hao_stateful_gemini_run05
E2L1_ACATGCAAGACGCAGT,DC,ASDC,CD14+ Monocytes,CD14 Mono,0.0,hao_stateful_gemini_run05
L3_GGGTAGAGTTGTAGCT,DC,pDC,Plasmacytoid Dendritic cells,pDC,1.0,hao_stateful_gemini_run05
E2L1_GACTTCCGTCCATACA,Mono,CD14 Mono,CD14+ Monocytes,CD14 Mono,1.0,hao_stateful_gemini_run05
L1_CTAGACACAACTTGCA,other,HSPC,HSPC,HSPC,1.0,hao_stateful_gemini_run05
E2L8_AAGACTCTCGCTCATC,DC,cDC2,CD14+ Monocytes,CD14 Mono,0.0,hao_stateful_gemini_run05
E2L5_GTAATCGCATGATGCT,CD4 T,CD4 TEM,CD8+ T cells,CD8 T cell (subtype unclear),0.0,hao_stateful_gemini_run05
E2L8_CTATAGGTCCTTCTAA,Mono,CD16 Mono,CD16+ Monocytes,CD16 Mono,1.0,hao_stateful_gemini_run05
L1_GGAATGGCATACCAGT,other T,MAIT,CD8+ T cells,CD8 T cell (subtype unclear),0.0,hao_stateful_gemini_run05
L2_TTCCGGTGTACTCGTA,Mono,CD14 Mono,CD16+ Monocytes,CD16 Mono,0.5,hao_stateful_gemini_run05
L2_ACGATCAAGTGAGCCA,other,HSPC,HSPC,HSPC,1.0,hao_stateful_gemini_run05
L5_ACTTATCAGAAGCGAA,CD8 T,CD8 Naive,CD4+ T cells,CD4 T cell (subtype unclear),0.0,hao_stateful_gemini_run05
L3_TGTAACGTCCTAAACG,other T,MAIT,CD8+ T cells,CD8 T cell (subtype unclear),0.0,hao_stateful_gemini_run05
E2L4_TCGCTTGTCTGGGCCA,other,Platelet,Platelets,Platelet,1.0,hao_stateful_gemini_run05
E2L4_GAGTGAGCATCTTAGG,Mono,CD16 Mono,CD16+ Monocytes,CD16 Mono,1.0,hao_stateful_gemini_run05
L2_GTCATCCGTGGCGCTT,other,HSPC,HSPC,HSPC,1.0,hao_stateful_gemini_run05
L2_CATAGACTCCAGCTCT,other T,dnT,Memory/Effector T cells,T cell (CD4/CD8/other unclear),0.5,hao_stateful_gemini_run05
E2L5_GGCGTCACAGTCTTCC,CD8 T,CD8 TEM,CD8+ T cells,CD8 T cell (subtype unclear),0.5,hao_stateful_gemini_run05
E2L6_TCCCACAAGCCATTTG,NK,NK,CD8+ T cells,CD8 T cell (subtype unclear),0.0,hao_stateful_gemini_run05
L2_CCGGTGAGTGCTGTCG,B,B memory,B cells,B cell (subtype unclear),0.5,hao_stateful_gemini_run05
L4_ATCGTGACAAGCCTGC,DC,cDC1,Conventional Dendritic cells,Dendritic cell (subtype unclear),0.5,hao_stateful_gemini_run05
E2L8_TCCCACAAGGGTGGGA,NK,NK Proliferating,Proliferating cells,Proliferating lymphocyte (lineage unclear),0.5,hao_stateful_gemini_run05
E2L6_ATCGGCGCAGTTCACA,DC,cDC2,CD14+ Monocytes,CD14 Mono,0.0,hao_stateful_gemini_run05
E2L2_AGAACCTGTTATCTGG,DC,pDC,Plasmacytoid Dendritic cells,pDC,1.0,hao_stateful_gemini_run05
L5_CCCTGATAGAGAGTGA,other T,gdT,CD8+ T cells,CD8 T cell (subtype unclear),0.0,hao_stateful_gemini_run05
E2L2_TCAGTTTCACAGCCTG,CD8 T,CD8 TEM,CD8+ T cells,CD8 T cell (subtype unclear),0.5,hao_stateful_gemini_run05
E2L6_CCTGTTGGTTAGGAGC,B,B memory,B cells,B cell (subtype unclear),0.5,hao_stateful_gemini_run05
E2L8_CTACAGAGTGGATTTC,B,Plasmablast,Plasma cells,Plasmablast,1.0,hao_stateful_gemini_run05
E2L5_ATCCTATAGGCTGGAT,NK,NK,CD8+ T cells,CD8 T cell (subtype unclear),0.0,hao_stateful_gemini_run05
L5_CTACGGGCACGACGAA,B,B intermediate,B cells,B cell (subtype unclear),0.5,hao_stateful_gemini_run05
E2L6_AGGGTGAGTGATATAG,Mono,CD16 Mono,CD16+ Monocytes,CD16 Mono,1.0,hao_stateful_gemini_run05
E2L3_CATCGTCCATTCACCC,CD8 T,CD8 Naive,CD4+ T cells,CD4 T cell (subtype unclear),0.0,hao_stateful_gemini_run05
E2L8_TCTACCGCAAGAGCTG,B,Plasmablast,Plasma cells,Plasmablast,1.0,hao_stateful_gemini_run05
L5_GTATTGGCAGACTCTA,CD8 T,CD8 Naive,CD4+ T cells,CD4 T cell (subtype unclear),0.0,hao_stateful_gemini_run05
E2L1_TGTTCATTCCACTTCG,other T,gdT,CD8+ T cells,CD8 T cell (subtype unclear),0.0,hao_stateful_gemini_run05
E2L7_CAGCCAGGTATTCCGA,DC,pDC,Plasmacytoid Dendritic cells,pDC,1.0,hao_stateful_gemini_run05
E2L7_CCTACGTCAACACTAC,B,B intermediate,B cells,B cell (subtype unclear),0.5,hao_stateful_gemini_run05
L5_CGGAGAACATCTCAAG,other,ILC,CD4+ T cells,CD4 T cell (subtype unclear),0.0,hao_stateful_gemini_run05
E2L3_AAAGTGAGTGACCTGC,B,B intermediate,B cells,B cell (subtype unclear),0.5,hao_stateful_gemini_run05
E2L6_CGTTGGGGTATATGGA,CD8 T,CD8 TCM,CD4+ T cells,CD4 T cell (subtype unclear),0.0,hao_stateful_gemini_run05
L5_GTGTTCCAGAAACACT,other T,MAIT,CD8+ T cells,CD8 T cell (subtype unclear),0.0,hao_stateful_gemini_run05
E2L5_AACGAAAGTTCTCTCG,CD4 T,CD4 TCM,CD4+ T cells,CD4 T cell (subtype unclear),0.5,hao_stateful_gemini_run05
E2L8_ATACTTCAGCACTCGC,CD8 T,CD8 Proliferating,Proliferating cells,Proliferating lymphocyte (lineage unclear),0.5,hao_stateful_gemini_run05
L5_AAACCCAGTTCTAAGC,other,HSPC,HSPC,HSPC,1.0,hao_stateful_gemini_run05
L2_GCTCAAATCCCGGTAG,DC,pDC,Plasmacytoid Dendritic cells,pDC,1.0,hao_stateful_gemini_run05
L4_CATCGTCAGGTCCCTG,DC,cDC2,CD14+ Monocytes,CD14 Mono,0.0,hao_stateful_gemini_run05
L3_ACCATTTAGTCACTGT,CD4 T,CD4 TEM,CD4+ T cells,CD4 T cell (subtype unclear),0.5,hao_stateful_gemini_run05
E2L7_AATGCCAAGATGAAGG,CD4 T,CD4 Naive,CD4+ T cells,CD4 T cell (subtype unclear),0.5,hao_stateful_gemini_run05
L5_GTGTCCTAGCGGGTTA,CD4 T,CD4 Naive,CD4+ T cells,CD4 T cell (subtype unclear),0.5,hao_stateful_gemini_run05
L4_TTGCATTCATTAGGCT,other T,gdT,CD4+ T cells,CD4 T cell (subtype unclear),0.0,hao_stateful_gemini_run05
E2L2_TGACCCTAGATTGGGC,Mono,CD16 Mono,CD16+ Monocytes,CD16 Mono,1.0,hao_stateful_gemini_run05
L5_TAGATCGGTGCCGTTG,other T,dnT,CD4+ T cells,CD4 T cell (subtype unclear),0.0,hao_stateful_gemini_run05
E2L8_GTGATGTCACAGAGAC,DC,cDC1,Conventional Dendritic cells,Dendritic cell (subtype unclear),0.5,hao_stateful_gemini_run05
E2L4_TCCGTGTCAATACGCT,other T,gdT,CD8+ T cells,CD8 T cell (subtype unclear),0.0,hao_stateful_gemini_run05
E2L1_TAACACGGTGCATTAC,CD4 T,CD4 TEM,CD4+ T cells,CD4 T cell (subtype unclear),0.5,hao_stateful_gemini_run05
E2L5_TTCTCTCCAAGTAGTA,NK,NK,CD8+ T cells,CD8 T cell (subtype unclear),0.0,hao_stateful_gemini_run05
E2L5_CGAAGTTGTCCTGGTG,CD4 T,CD4 Proliferating,Proliferating cells,Proliferating lymphocyte (lineage unclear),0.5,hao_stateful_gemini_run05
E2L5_CGTCCATGTTAGGGTG,other T,MAIT,CD8+ T cells,CD8 T cell (subtype unclear),0.0,hao_stateful_gemini_run05
E2L1_TTCTCTCGTCTAGGTT,CD8 T,CD8 TEM,CD8+ T cells,CD8 T cell (subtype unclear),0.5,hao_stateful_gemini_run05
E2L4_AATTTCCGTTGTGCCG,CD4 T,CD4 Naive,CD4+ T cells,CD4 T cell (subtype unclear),0.5,hao_stateful_gemini_run05
E2L5_GACCCAGTCCCTCAAC,DC,cDC1,Conventional Dendritic cells,Dendritic cell (subtype unclear),0.5,hao_stateful_gemini_run05
E2L2_TGCTTGCCATGTACGT,NK,NK_CD56bright,NK cells,NK,0.5,hao_stateful_gemini_run05
L5_TTCGCTGGTGCGGTAA,CD8 T,CD8 Naive,CD4+ T cells,CD4 T cell (subtype unclear),0.0,hao_stateful_gemini_run05
L3_CGAGGCTAGCAGAAAG,CD8 T,CD8 Naive,CD4+ T cells,CD4 T cell (subtype unclear),0.0,hao_stateful_gemini_run05
L4_GATTCTTTCCTCTCGA,B,B naive,B cells,B cell (subtype unclear),0.5,hao_stateful_gemini_run05
E2L8_CTCATCGCATGTTTGG,NK,NK,CD8+ T cells,CD8 T cell (subtype unclear),0.0,hao_stateful_gemini_run05
L1_TGAGGTTCATTGCTTT,other,HSPC,HSPC,HSPC,1.0,hao_stateful_gemini_run05
L4_ACGTAGTTCGCCAATA,DC,cDC2,CD14+ Monocytes,CD14 Mono,0.0,hao_stateful_gemini_run05
L4_CGGCAGTGTACAACGG,NK,NK,CD8+ T cells,CD8 T cell (subtype unclear),0.0,hao_stateful_gemini_run05
E2L4_GACGCTGAGACTGTTC,B,B memory,B cells,B cell (subtype unclear),0.5,hao_stateful_gemini_run05
L5_TTGCTGCAGACAGCTG,NK,NK,CD8+ T cells,CD8 T cell (subtype unclear),0.0,hao_stateful_gemini_run05
E2L6_TCGTGGGCACTAGAGG,B,B naive,B cells,B cell (subtype unclear),0.5,hao_stateful_gemini_run05
E2L4_AGATCGTAGCTTCTAG,CD4 T,CD4 CTL,CD8+ T cells,CD8 T cell (subtype unclear),0.0,hao_stateful_gemini_run05
E2L5_ACGTAGTCATCAGCAT,other,ILC,CD4+ T cells,CD4 T cell (subtype unclear),0.0,hao_stateful_gemini_run05
L2_TTACAGGGTTCGGTAT,other,Eryth,Erythrocytes,Eryth,1.0,hao_stateful_gemini_run05
E2L4_AGACAGGAGGTAATCA,B,B intermediate,B cells,B cell (subtype unclear),0.5,hao_stateful_gemini_run05
E2L6_CGAAGTTTCTGTAACG,CD4 T,CD4 CTL,CD8+ T cells,CD8 T cell (subtype unclear),0.0,hao_stateful_gemini_run05
E2L2_CTTTCAACAAAGACGC,Mono,CD16 Mono,CD16+ Monocytes,CD16 Mono,1.0,hao_stateful_gemini_run05
L1_CCTCCTCGTCGGCACT,CD4 T,Treg,CD4+ T cells,CD4 T cell (subtype unclear),0.5,hao_stateful_gemini_run05
E2L3_TCCTAATTCAGCGCGT,DC,ASDC,CD14+ Monocytes,CD14 Mono,0.0,hao_stateful_gemini_run05
L1_TGAGCATCACATTACG,other,ILC,NK cells,NK,0.0,hao_stateful_gemini_run05
E2L5_CATTCTAGTACTCGCG,other T,dnT,Memory/Effector T cells,T cell (CD4/CD8/other unclear),0.5,hao_stateful_gemini_run05
L5_CCTCTAGGTGGATACG,Mono,CD14 Mono,CD14+ Monocytes,CD14 Mono,1.0,hao_stateful_gemini_run05
E2L3_CATTGAGCACGAGGTA,CD8 T,CD8 TEM,CD8+ T cells,CD8 T cell (subtype unclear),0.5,hao_stateful_gemini_run05
E2L3_GTGTGATAGACTCTTG,B,B memory,B cells,B cell (subtype unclear),0.5,hao_stateful_gemini_run05
L5_GTCGTAAGTGCTCTTC,CD8 T,CD8 TEM,CD4+ T cells,CD4 T cell (subtype unclear),0.0,hao_stateful_gemini_run05
L3_GTGGGAATCATGAGGG,CD8 T,CD8 TEM,CD4+ T cells,CD4 T cell (subtype unclear),0.0,hao_stateful_gemini_run05
E2L5_ACAGAAAGTGAGCCAA,NK,NK_CD56bright,NK cells,NK,0.5,hao_stateful_gemini_run05
E2L5_GGGTGTCAGCTTTCCC,Mono,CD14 Mono,CD16+ Monocytes,CD16 Mono,0.5,hao_stateful_gemini_run05
E2L6_CGAGTGCTCCACTGGG,Mono,CD14 Mono,CD16+ Monocytes,CD16 Mono,0.5,hao_stateful_gemini_run05
E2L7_GAGTTACGTCATAAAG,CD4 T,CD4 TCM,CD4+ T cells,CD4 T cell (subtype unclear),0.5,hao_stateful_gemini_run05
L2_TCCGAAAGTTTGAACC,B,B intermediate,B cells,B cell (subtype unclear),0.5,hao_stateful_gemini_run05
E2L3_TCTGCCATCTTTCCAA,Mono,CD14 Mono,CD14+ Monocytes,CD14 Mono,1.0,hao_stateful_gemini_run05
E2L2_CACAACAGTGCAATAA,DC,ASDC,CD14+ Monocytes,CD14 Mono,0.0,hao_stateful_gemini_run05
L2_GTGACGCGTTGTGGCC,Mono,CD14 Mono,CD16+ Monocytes,CD16 Mono,0.5,hao_stateful_gemini_run05
L4_TCCACCAAGCTTACGT,other T,gdT,CD8+ T cells,CD8 T cell (subtype unclear),0.0,hao_stateful_gemini_run05
E2L2_CCCTCAATCCTTCTAA,B,B intermediate,B cells,B cell (subtype unclear),0.5,hao_stateful_gemini_run05
L2_GCTTTCGAGTTGGAGC,Mono,CD14 Mono,CD16+ Monocytes,CD16 Mono,0.5,hao_stateful_gemini_run05
E2L7_TGTGATGCATGGTGGA,CD4 T,CD4 CTL,CD8+ T cells,CD8 T cell (subtype unclear),0.0,hao_stateful_gemini_run05
E2L3_ATATCCTCAAATTGCC,other T,MAIT,CD8+ T cells,CD8 T cell (subtype unclear),0.0,hao_stateful_gemini_run05
E2L1_TGGAGAGAGGTCACAG,B,B memory,B cells,B cell (subtype unclear),0.5,hao_stateful_gemini_run05
E2L8_ATCGCCTCAAGTACCT,Mono,CD14 Mono,CD16+ Monocytes,CD16 Mono,0.5,hao_stateful_gemini_run05
L1_CAGATACTCTAACGGT,CD8 T,CD8 TEM,CD8+ T cells,CD8 T cell (subtype unclear),0.5,hao_stateful_gemini_run05
E2L8_TTGGGTATCTCATTTG,B,B intermediate,B cells,B cell (subtype unclear),0.5,hao_stateful_gemini_run05
L1_ATCACAGGTGTGTTTG,Mono,CD16 Mono,CD16+ Monocytes,CD16 Mono,1.0,hao_stateful_gemini_run05
E2L4_CGGAACCCACTGTGAT,DC,cDC2,CD14+ Monocytes,CD14 Mono,0.0,hao_stateful_gemini_run05
E2L8_GGGATGACATAGCTGT,CD4 T,CD4 TEM,CD4+ T cells,CD4 T cell (subtype unclear),0.5,hao_stateful_gemini_run05
L5_TCACTCGGTAGTTCCA,other T,dnT,Memory/Effector T cells,T cell (CD4/CD8/other unclear),0.5,hao_stateful_gemini_run05
E2L5_TACCTCGAGTCATACC,other,Eryth,Erythrocytes,Eryth,1.0,hao_stateful_gemini_run05
E2L7_ACATTTCCAAAGGCTG,B,B memory,B cells,B cell (subtype unclear),0.5,hao_stateful_gemini_run05
L5_CTCCCAAAGTACAGAT,other T,MAIT,CD8+ T cells,CD8 T cell (subtype unclear),0.0,hao_stateful_gemini_run05
E2L1_AGACACTGTAACTGCT,NK,NK Proliferating,Proliferating cells,Proliferating lymphocyte (lineage unclear),0.5,hao_stateful_gemini_run05
L5_CGGAGAAAGAATCCCT,other,HSPC,HSPC,HSPC,1.0,hao_stateful_gemini_run05
L5_AACCTGATCTGATGGT,NK,NK_CD56bright,NK cells,NK,0.5,hao_stateful_gemini_run05
E2L3_CGGACACTCACGGTCG,NK,NK,CD8+ T cells,CD8 T cell (subtype unclear),0.0,hao_stateful_gemini_run05
E2L6_GTCCTCAAGAGGGTAA,CD8 T,CD8 TCM,CD4+ T cells,CD4 T cell (subtype unclear),0.0,hao_stateful_gemini_run05
L4_GACATCACAAACACCT,CD4 T,CD4 CTL,CD8+ T cells,CD8 T cell (subtype unclear),0.0,hao_stateful_gemini_run05
E2L4_GTACAACGTCAATCTG,other T,gdT,CD8+ T cells,CD8 T cell (subtype unclear),0.0,hao_stateful_gemini_run05
L4_ATGTCCCTCCGCAAAT,CD4 T,Treg,CD4+ T cells,CD4 T cell (subtype unclear),0.5,hao_stateful_gemini_run05
E2L5_CTTACCGCAGGAGACT,DC,cDC2,CD14+ Monocytes,CD14 Mono,0.0,hao_stateful_gemini_run05
E2L7_CAATACGTCTACGGGC,B,B memory,B cells,B cell (subtype unclear),0.5,hao_stateful_gemini_run05
E2L7_GTAAGTCGTGAGTAGC,CD8 T,CD8 TEM,CD8+ T cells,CD8 T cell (subtype unclear),0.5,hao_stateful_gemini_run05
E2L1_GGAGGATAGGTCCCTG,other T,gdT,CD8+ T cells,CD8 T cell (subtype unclear),0.0,hao_stateful_gemini_run05
L3_CGTGAATTCTTGCGCT,CD4 T,CD4 Naive,CD4+ T cells,CD4 T cell (subtype unclear),0.5,hao_stateful_gemini_run05
E2L5_TTGAGTGTCGCTGACG,NK,NK,CD8+ T cells,CD8 T cell (subtype unclear),0.0,hao_stateful_gemini_run05
E2L4_TAACTTCTCAAGCGTT,Mono,CD16 Mono,CD16+ Monocytes,CD16 Mono,1.0,hao_stateful_gemini_run05
E2L7_CACTGGGAGACTTCGT,B,B intermediate,B cells,B cell (subtype unclear),0.5,hao_stateful_gemini_run05
L5_CAGCGTGGTCTACTGA,other T,dnT,Memory/Effector T cells,T cell (CD4/CD8/other unclear),0.5,hao_stateful_gemini_run05
E2L5_GGCTGTGTCGAGAACG,other T,dnT,Memory/Effector T cells,T cell (CD4/CD8/other unclear),0.5,hao_stateful_gemini_run05
L2_GGGAAGTTCTCATTAC,DC,ASDC,CD14+ Monocytes,CD14 Mono,0.0,hao_stateful_gemini_run05
L3_AACGTCACAACATCGT,Mono,CD16 Mono,CD16+ Monocytes,CD16 Mono,1.0,hao_stateful_gemini_run05
L2_AACAAGACAGAGCGTA,B,Plasmablast,Plasma cells,Plasmablast,1.0,hao_stateful_gemini_run05
L3_CGTCAAAAGTAGATCA,B,Plasmablast,Plasma cells,Plasmablast,1.0,hao_stateful_gemini_run05
E2L6_GTAGAGGGTGGATCGA,B,B naive,B cells,B cell (subtype unclear),0.5,hao_stateful_gemini_run05
E2L3_GGGAAGTGTAATGCGG,NK,NK_CD56bright,NK cells,NK,0.5,hao_stateful_gemini_run05
E2L7_GTAATCGCAGAGCTAG,NK,NK,CD8+ T cells,CD8 T cell (subtype unclear),0.0,hao_stateful_gemini_run05
L2_GTTAGACAGACCTCCG,other T,gdT,CD4+ T cells,CD4 T cell (subtype unclear),0.0,hao_stateful_gemini_run05
L5_GAGAGGTCACCAGCTG,CD4 T,CD4 Naive,CD4+ T cells,CD4 T cell (subtype unclear),0.5,hao_stateful_gemini_run05
L5_TCGGGTGCACCCTTAC,CD4 T,CD4 TEM,CD4+ T cells,CD4 T cell (subtype unclear),0.5,hao_stateful_gemini_run05
E2L4_AATTCCTCAACGACTT,other T,gdT,CD8+ T cells,CD8 T cell (subtype unclear),0.0,hao_stateful_gemini_run05
E2L4_GTTGCTCCACACCAGC,NK,NK,CD8+ T cells,CD8 T cell (subtype unclear),0.0,hao_stateful_gemini_run05
E2L3_CATAGACCACTGTGAT,NK,NK_CD56bright,NK cells,NK,0.5,hao_stateful_gemini_run05
E2L4_CGGGTCAAGGAACTCG,B,B intermediate,B cells,B cell (subtype unclear),0.5,hao_stateful_gemini_run05
E2L1_ACGTTCCGTCAAGCCC,NK,NK_CD56bright,NK cells,NK,0.5,hao_stateful_gemini_run05
L5_ACAGAAACAGGACTTT,CD8 T,CD8 TCM,CD4+ T cells,CD4 T cell (subtype unclear),0.0,hao_stateful_gemini_run05
L3_ACCCTCAGTCCGTTTC,CD4 T,CD4 TCM,CD4+ T cells,CD4 T cell (subtype unclear),0.5,hao_stateful_gemini_run05
L5_GCTACCTTCGTTAGAC,CD8 T,CD8 TCM,CD4+ T cells,CD4 T cell (subtype unclear),0.0,hao_stateful_gemini_run05
L2_TTCGGTCCACAATTCG,other T,dnT,CD4+ T cells,CD4 T cell (subtype unclear),0.0,hao_stateful_gemini_run05
E2L3_AGTGACTGTGGCTAGA,NK,NK_CD56bright,NK cells,NK,0.5,hao_stateful_gemini_run05
L1_TCTTAGTAGGGATGTC,Mono,CD16 Mono,CD16+ Monocytes,CD16 Mono,1.0,hao_stateful_gemini_run05
E2L4_TGGCGTGTCGTTGTAG,B,B memory,B cells,B cell (subtype unclear),0.5,hao_stateful_gemini_run05
L3_CCGCAAGCAAGGTCTT,CD4 T,Treg,CD4+ T cells,CD4 T cell (subtype unclear),0.5,hao_stateful_gemini_run05
E2L5_ACCAACAGTGGCTTGC,B,B intermediate,B cells,B cell (subtype unclear),0.5,hao_stateful_gemini_run05
L1_TTCCGTGGTCGTCAGC,other,HSPC,HSPC,HSPC,1.0,hao_stateful_gemini_run05
E2L7_GCCAGGTTCGTCCTCA,B,B intermediate,B cells,B cell (subtype unclear),0.5,hao_stateful_gemini_run05
L5_AAGCATCAGCTTTGTG,DC,cDC2,CD14+ Monocytes,CD14 Mono,0.0,hao_stateful_gemini_run05
E2L1_GGAACCCCAAGGTCAG,CD8 T,CD8 TCM,CD4+ T cells,CD4 T cell (subtype unclear),0.0,hao_stateful_gemini_run05
L1_TGCCGAGGTCGGATTT,other,HSPC,HSPC,HSPC,1.0,hao_stateful_gemini_run05
L3_CTGCAGGAGCTAAATG,CD4 T,CD4 TEM,CD4+ T cells,CD4 T cell (subtype unclear),0.5,hao_stateful_gemini_run05
E2L6_GAAATGAGTGGGCTTC,NK,NK,CD8+ T cells,CD8 T cell (subtype unclear),0.0,hao_stateful_gemini_run05
L1_CAAGCTAGTGCATGTT,other T,MAIT,CD8+ T cells,CD8 T cell (subtype unclear),0.0,hao_stateful_gemini_run05
L1_GGGCTCACACTACCCT,CD4 T,CD4 TEM,CD4+ T cells,CD4 T cell (subtype unclear),0.5,hao_stateful_gemini_run05
E2L4_GAGAGGTAGGTCCGAA,B,B intermediate,B cells,B cell (subtype unclear),0.5,hao_stateful_gemini_run05
E2L7_TGACCCTGTGGACTGA,CD8 T,CD8 Naive,CD4+ T cells,CD4 T cell (subtype unclear),0.0,hao_stateful_gemini_run05
E2L7_TTACGCCTCTGGGTCG,other T,MAIT,CD8+ T cells,CD8 T cell (subtype unclear),0.0,hao_stateful_gemini_run05
E2L5_TTCACCGAGGATTTCC,Mono,CD14 Mono,CD14+ Monocytes,CD14 Mono,1.0,hao_stateful_gemini_run05
E2L4_AGACACTCACAACGTT,DC,cDC2,CD14+ Monocytes,CD14 Mono,0.0,hao_stateful_gemini_run05
E2L2_CGGGTGTAGAACTGAT,DC,cDC2,CD14+ Monocytes,CD14 Mono,0.0,hao_stateful_gemini_run05
E2L8_CACCGTTAGACTCTAC,NK,NK Proliferating,Proliferating cells,Proliferating lymphocyte (lineage unclear),0.5,hao_stateful_gemini_run05
E2L8_GGGAAGTCAGGTTTAC,NK,NK_CD56bright,NK cells,NK,0.5,hao_stateful_gemini_run05
E2L7_TGTCAGATCACGACTA,Mono,CD16 Mono,CD16+ Monocytes,CD16 Mono,1.0,hao_stateful_gemini_run05
E2L5_TATCTTGCACTGGAAG,CD4 T,CD4 TEM,CD4+ T cells,CD4 T cell (subtype unclear),0.5,hao_stateful_gemini_run05
L4_TATTGCTCAGACAAAT,CD4 T,CD4 TCM,CD4+ T cells,CD4 T cell (subtype unclear),0.5,hao_stateful_gemini_run05
L3_TAGGGTTTCATGCCCT,other,HSPC,HSPC,HSPC,1.0,hao_stateful_gemini_run05
E2L5_CGGAATTTCCGTGTCT,B,B memory,B cells,B cell (subtype unclear),0.5,hao_stateful_gemini_run05
L2_CGAGTTATCAGGAACG,CD4 T,CD4 Naive,CD4+ T cells,CD4 T cell (subtype unclear),0.5,hao_stateful_gemini_run05
L2_AGACAAACAGTGGGTA,DC,cDC2,CD14+ Monocytes,CD14 Mono,0.0,hao_stateful_gemini_run05
L2_TGAGTCAGTGATACCT,other,HSPC,HSPC,HSPC,1.0,hao_stateful_gemini_run05
E2L2_CTCGAGGCAAAGCAAT,NK,NK_CD56bright,NK cells,NK,0.5,hao_stateful_gemini_run05
L1_AGTTCCCAGCAGCCTC,other T,dnT,CD4+ T cells,CD4 T cell (subtype unclear),0.0,hao_stateful_gemini_run05
E2L6_TAGATCGAGACGCCCT,DC,pDC,Plasmacytoid Dendritic cells,pDC,1.0,hao_stateful_gemini_run05
L5_CTCTCAGCAGCTCGGT,CD4 T,Treg,CD4+ T cells,CD4 T cell (subtype unclear),0.5,hao_stateful_gemini_run05
E2L8_TATTTCGAGAGGGTGG,NK,NK,CD8+ T cells,CD8 T cell (subtype unclear),0.0,hao_stateful_gemini_run05
E2L5_CAGGCCAGTCCGTTTC,CD4 T,Treg,CD4+ T cells,CD4 T cell (subtype unclear),0.5,hao_stateful_gemini_run05
L1_CGAGTGCGTAGGCTCC,other T,MAIT,CD8+ T cells,CD8 T cell (subtype unclear),0.0,hao_stateful_gemini_run05
E2L4_AGACCATAGACGCCAA,NK,NK_CD56bright,NK cells,NK,0.5,hao_stateful_gemini_run05
L2_AAGCCATTCTCCCATG,CD4 T,Treg,CD4+ T cells,CD4 T cell (subtype unclear),0.5,hao_stateful_gemini_run05
L1_CTGCTCAAGCTTTCCC,CD4 T,Treg,CD4+ T cells,CD4 T cell (subtype unclear),0.5,hao_stateful_gemini_run05
L3_AGCGATTCAAGTGCTT,other T,dnT,CD4+ T cells,CD4 T cell (subtype unclear),0.0,hao_stateful_gemini_run05
L1_ACACTGAAGCAGGGAG,other T,dnT,Memory/Effector T cells,T cell (CD4/CD8/other unclear),0.5,hao_stateful_gemini_run05
E2L6_CGTTCTGGTTCGGACC,DC,pDC,Plasmacytoid Dendritic cells,pDC,1.0,hao_stateful_gemini_run05
L5_GATGACTTCAAGTGGG,CD8 T,CD8 TCM,CD8+ T cells,CD8 T cell (subtype unclear),0.5,hao_stateful_gemini_run05
E2L3_TTCTAACAGTTTGGCT,NK,NK,CD8+ T cells,CD8 T cell (subtype unclear),0.0,hao_stateful_gemini_run05
E2L6_GGTAATCCACCGGAAA,B,B memory,B cells,B cell (subtype unclear),0.5,hao_stateful_gemini_run05
L1_GAAGTAACACTAGTAC,other,Platelet,Platelets,Platelet,1.0,hao_stateful_gemini_run05
