barcode,cell_type
L3_ACCGTTCCACATATGC,Cycling NK cell
E2L7_GACCAATCAGAGCTAG,CD16+ monocyte
E2L2_TCCGAAAAGAAGCTGC,Platelet
E2L4_TAATCTCGTAGAGATT,CD1c+ conventional dendritic cell
L5_TATTGCTTCGCTAATG,CD161+ memory T cell
E2L3_GTAGATCCAACCGACC,CD16+ monocyte
L3_TCCGATCGTGTTTACG,Erythrocyte
L3_TTAGGCACACACCTGG,Memory CD4 T cell
E2L4_TCGATTTTCTGCTTAT,Memory B cell
E2L5_CGGGTGTTCAACTGAC,Memory CD4 T cell
L2_CAGCACGTCGAGTCTA,Naive CD4 T cell
E2L6_GACTGATTCCGTAGGC,Cycling NK cell
L1_TTAGTCTCATCAGCTA,Memory CD4 T cell
L1_CTAGGTAGTAGATGTA,Plasmacytoid dendritic cell
E2L1_TGACGCGGTTAAGACA,Naive B cell
E2L5_CAGCAGCTCAAGTTGC,Naive CD4 T cell
L2_CGTAGTATCGCAGATT,Cycling NK cell
L5_CTTGATTTCAGCTAGT,CLEC9A+ dendritic cell
L1_AGAACAAAGGAACGCT,Naive CD4 T cell
E2L1_CGAGGCTTCTGCGGAC,CD161+ memory T cell
L4_GGGTCACTCGATAACC,Memory CD4 T cell
E2L6_GATTTCTGTGAATGAT,Memory B cell
L1_GTTCCGTGTACCGGAA,Cycling NK cell
L2_TGGGAGAGTTCGTGCG,Mast cell
E2L1_CTCATTAAGGTCATCT,CD14+ monocyte
E2L6_CCCTCTCTCGACCACG,Naive B cell
L5_TACGTCCAGAGAGCCT,CLEC9A+ dendritic cell
E2L5_AAAGGATCACTCCTGT,CD161+ memory T cell
L1_ACCCTCAAGGTCCAGA,Effector memory CD8 T cell
E2L1_GTAACCATCACGGACC,CD161+ memory T cell
L1_GTAGTACTCTTCTAAC,Naive CD4 T cell
L2_TATCCTATCCCTGGTT,CLEC9A+ dendritic cell
E2L1_ATTGTTCAGTATTCCG,CD1c+ conventional dendritic cell
E2L6_ATCGCCTAGGCTCAAG,Platelet
L2_TCCTCCCTCCGCGATG,Cycling NK cell
E2L2_ACGGAAGAGATGTTGA,Naive CD4 T cell
L5_GATGTTGGTACGAGTG,Naive CD4 T cell
L5_ATCCATTTCACAAGGG,CD16+ monocyte
L4_GATTCGAGTAGTCTGT,Naive CD4 T cell
E2L2_TATCTGTCACCGTGGT,Naive CD4 T cell
E2L6_AGGGTTTCACAGGATG,CD16+ NK cell
L5_TCTTAGTCATATCTGG,CD161+ memory T cell
E2L5_CAGATACAGCCTGAGA,Naive CD4 T cell
E2L5_CAACAGTTCGGACTGC,Cycling NK cell
E2L8_GGCGTCAGTACCTTCC,Effector memory CD8 T cell
L2_AACAACCGTAGACGTG,Memory CD4 T cell
L3_GCACGGTGTCGACTGC,Naive CD4 T cell
E2L5_AGGTCTATCAGTGTGT,CD1c+ conventional dendritic cell
E2L4_CTGCCTAGTACCTAGT,Platelet
L2_GAGCTGCGTCGAGCAA,Effector memory CD8 T cell
L5_ATCATTCAGAAGGGAT,Naive CD4 T cell
E2L8_TAAGCCACACACCTGG,Plasmacytoid dendritic cell
E2L4_TAACGACCAAGCTCTA,Activated T cell
E2L8_TCATTGTTCGTTGCCT,Activated T cell
E2L7_CTACCTGAGTCGCGAA,CD16+ monocyte
E2L2_TAGGGTTAGCACTAAA,CD14+ monocyte
L2_TGGTACAGTGTATCCA,Mast cell
L4_GGAACCCAGCTCCACG,CD56bright NK cell
E2L6_CTCGAGGTCTAAGCCA,CD16+ monocyte
L5_TCGCTTGTCTTACCGC,CD1c+ conventional dendritic cell
L3_CGTAATGAGTACTGTC,CD56bright NK cell
E2L4_TTGGTTTAGTATGGAT,CLEC9A+ dendritic cell
E2L3_AGGTCATAGCATCAAA,Naive CD4 T cell
L4_TCTGGCTCATAATGCC,Naive CD4 T cell
E2L1_TGACGCGTCCACACAA,Effector memory CD8 T cell
E2L3_CTCTCGAGTCCTTAAG,Effector memory CD8 T cell
E2L6_CCGTAGGAGGCAGGGA,CD161+ memory T cell
E2L2_AAAGTGAGTCTGTGAT,Cycling NK cell
L1_GATCACATCAAGGAGC,Naive CD4 T cell
E2L3_GAGTTACTCACATCAG,Plasma cell
E2L4_ATGCCTCGTTCGGCGT,Effector memory CD8 T cell
E2L8_GTACAGTGTAGCACAG,Cycling NK cell
E2L8_ACTGTCCAGCTATCTG,Effector memory CD8 T cell
L5_AGGATCTAGATCACTC,Cycling NK cell
L1_GGGATCCTCCCTCTCC,Naive CD4 T cell
E2L3_AGGATAAAGCGACTGA,Plasmacytoid dendritic cell
E2L4_GGAATCTGTCGTCTCT,Platelet
L5_CACAACATCGTGCGAC,CLEC9A+ dendritic cell
L5_CTACCCAAGCGTGCTC,Naive B cell
E2L5_GTTTACTTCTCACTCG,CD1c+ conventional dendritic cell
E2L7_ACCCTTGGTGCTTCAA,Cycling NK cell
L1_CGTTAGATCTGGTGGC,Naive CD4 T cell
E2L4_CGTCCATCATCCGGTG,Effector memory CD8 T cell
E2L1_TCCGGGAAGTCATGCT,Plasma cell
E2L4_TGAGACTAGAATTTGG,Naive B cell
E2L1_ATCTCTAAGCACACCC,Activated T cell
L2_TGTTTGTTCACTTCTA,CD161+ memory T cell
E2L7_AGCTCAACACACAGAG,CD161+ memory T cell
L5_CTCCGATGTAGAGTTA,Erythrocyte
L5_GCTGAATCATGATGCT,Memory CD4 T cell
E2L2_CAGGCCATCTATTTCG,Memory CD4 T cell
E2L3_GTGCACGCAGTTTCAG,Effector memory CD8 T cell
E2L7_TCATTCAAGGACGGAG,Naive CD4 T cell
E2L2_TGAGGTTAGTGTTGTC,CD16+ monocyte
E2L3_GTAGCTACATCAGTCA,Cycling NK cell
L1_AGGAAATTCCACGTCT,Naive CD4 T cell
L3_AATCGACTCCGATAAC,Naive CD4 T cell
E2L3_CTTCTAACACAATTCG,Cycling NK cell
L3_CATAAGCAGAGGGTGG,Naive CD4 T cell
L1_TCATCCGAGTATCTGC,Naive CD4 T cell
E2L7_CACGTGGTCTCTGGTC,Platelet
E2L1_TCTCACGTCATTTACC,CD16+ NK cell
L2_CCTATCGGTATCTCTT,Erythrocyte
E2L1_CGTGATAAGGATTCCT,Memory B cell
L4_TAAGCACAGGCAGGGA,Naive B cell
L5_CACTGAAGTTCGTTCC,Naive B cell
E2L3_TTTGACTCAAGAGGCT,CLEC9A+ dendritic cell
L3_TCAATCTTCGTGGCGT,Mast cell
E2L2_GCATCGGCAGGGTCTC,Naive B cell
L5_AGGGTCCCAGACGGAT,Naive CD4 T cell
L2_CCAATGATCATCGCTC,CD16+ monocyte
L5_TCGATTTCAAATTAGG,Plasma cell
E2L4_TAAGCCACAAGAGATT,Memory B cell
L5_TGTAACGAGATGGGCT,Naive CD8 T cell
E2L6_GCGATCGCAATACGCT,CD16+ NK cell
L4_CTACCCACAGAGAGGG,Effector memory CD8 T cell
E2L3_TCGGTCTGTCGCTCGA,Cycling NK cell
L4_ATGGGAGCATCTGGGC,Naive CD4 T cell
L4_AGTCACAGTGTTCGAT,Cycling NK cell
L4_ACTGATGGTAAGATCA,Naive B cell
L1_TGTAGACGTAGTGCGA,Naive CD4 T cell
E2L8_AGGTGTTCAACTACGT,Memory CD4 T cell
E2L2_ATGAGTCTCTTCGACC,CD14+ monocyte
E2L8_CTGTAGACAGATAAAC,Memory CD4 T cell
E2L2_GGGTCTGAGAATCGCG,Effector memory CD8 T cell
E2L6_GGTCTGGAGTAGTCTC,Naive CD4 T cell
E2L4_AGCTCAATCTGTCGTC,Memory CD4 T cell
E2L2_AGAGAATTCATGGATC,Memory B cell
E2L7_CTCAACCAGCCATGCC,Cycling NK cell
E2L3_CTCGAGGTCGCTAAAC,Effector memory CD8 T cell
E2L5_GAGGCAAGTACTCGCG,Platelet
L5_ACACAGTTCACGGTCG,Effector memory CD8 T cell
L3_CTCCGATCAGGACGAT,Erythrocyte
E2L5_TGCTTCGCACAACGTT,Effector memory CD8 T cell
L3_ATCGTGAAGTCAAGCG,Mast cell
E2L4_ATTCGTTGTGGACTAG,Platelet
E2L7_AGGGTCCGTCACTTAG,Naive CD4 T cell
E2L2_GTTGAACCACCGTACG,CD56bright NK cell
E2L4_AGTAACCAGAGTCTTC,Memory B cell
L2_TACTGCCTCATAGACC,CD1c+ conventional dendritic cell
L3_TGTCCACTCTGGGCCA,Plasma cell
E2L7_CACTGAATCCATAAGC,Naive CD4 T cell
L4_TGTTTGTCAGTCAACT,Memory B cell
E2L5_TACTTGTCATGGGATG,CD14+ monocyte
E2L6_ATTCGTTAGAACTCCT,Plasma cell
L2_GCAGGCTTCAGCCTCT,Memory CD4 T cell
L4_TCGATTTCATGACACT,Naive CD4 T cell
E2L2_GTCTGTCAGTTACGAA,Memory CD4 T cell
E2L7_CACACAACACTGGATT,Plasmacytoid dendritic cell
E2L7_TTTCACATCGCCTTTG,CD56bright NK cell
L5_AGGTTGTCATGCACTA,Naive CD4 T cell
E2L2_GGAACCCGTTCTCCCA,CD56bright NK cell
L1_ACTTATCTCGCCTTTG,Platelet
E2L3_CGTTGGGCAGCGTTGC,Plasma cell
L1_TCGGATAAGGCTTAAA,Cycling NK cell
E2L6_TTGTTCAGTTATGTCG,Platelet
E2L3_GTAACACAGGGAACAA,Naive CD4 T cell
L2_GTTGTGAAGCATATGA,Naive CD4 T cell
E2L5_TTCATGTTCCGAGTGC,CD16+ monocyte
L4_ATAGAGACAGGAGGAG,Effector memory CD8 T cell
L1_ATTTCACTCACAAGGG,Cycling NK cell
E2L7_GCCCGAACACAGTATC,CD16+ NK cell
L4_TTGACCCCAAGTTTGC,Plasma cell
L1_CAGCCAGGTTGTGTTG,Naive CD4 T cell
E2L6_ACACCAATCTCAGTCC,Plasmacytoid dendritic cell
L4_CCGAACGAGTCATTGC,Plasma cell
L5_CTCCAACGTTATCTGG,Memory CD4 T cell
L1_GTTACCCTCAGGACGA,CD1c+ conventional dendritic cell
E2L1_GCAGTTACAAGGCAAC,Memory B cell
L3_ATCACAGCATTGAGCT,Cycling NK cell
L4_CACATGAAGACATCAA,Mast cell
E2L8_TAGTGCAAGCGTACAG,Platelet
E2L6_TCGGGTGTCCATATGG,Effector memory CD8 T cell
E2L8_TTTACCAAGTTTCAGC,CD16+ NK cell
E2L3_GGAGAACTCTGAGATC,Memory B cell
E2L3_TGCGACGGTCTTCCGT,Naive CD8 T cell
E2L4_TATGTTCCATTCCTAT,Memory B cell
E2L4_ACGATCAAGGCAGTCA,CD161+ memory T cell
L2_GTTTACTGTCTCGGAC,Effector memory CD8 T cell
E2L1_CGCGTGAGTCTCAGAT,Naive B cell
L1_GTGAGGAAGGAATCGC,CD56bright NK cell
E2L6_TGAGTCACACGTCATA,Memory B cell
E2L3_GCCCGAACAGGCCCTA,Memory CD4 T cell
L3_CGTGTCTTCGGTCATA,CD161+ memory T cell
L2_AGTAGTCAGTGCCCGT,Naive CD8 T cell
E2L5_CCTCTCCGTACAGTCT,CD14+ monocyte
E2L2_CACTTCGGTTGCCGAC,CLEC9A+ dendritic cell
L3_CGTGAATAGTGGTGAC,CD16+ NK cell
E2L2_CTAACTTGTTGTGCAT,Platelet
L1_AGCGCTGTCTAGTGTG,Cycling NK cell
E2L3_CAATGACAGGCATTTC,Cycling NK cell
L3_ACATCGAAGCATATGA,CD16+ NK cell
L1_TTCCGGTTCAAGAGTA,Effector memory CD8 T cell
L4_CAGTTAGAGCGCCATC,Memory CD4 T cell
L3_CTGGACGAGGTTGAGC,Naive CD4 T cell
L3_CACGGGTCAGCTGAGA,Naive CD4 T cell
E2L1_GTCGCGAAGTAATTGG,Plasma cell
E2L8_TGGTACACAAGCCTGC,Cycling NK cell
E2L1_CCACGTTCATTACTCT,CD16+ monocyte
E2L8_ACGGAAGTCCGTGTAA,Effector memory CD8 T cell
L2_TCAAGTGCATGCGGTC,Effector memory CD8 T cell
E2L5_GCTGCAGTCTTACCGC,Erythrocyte
E2L2_ATTCTTGGTTTACTTC,CD14+ monocyte
L1_AGGAGGTAGGGCCTCT,Memory B cell
E2L5_GTCTACCAGTGGTGAC,Naive CD4 T cell
L1_CTGCCTACAAGCGATG,Plasmacytoid dendritic cell
L4_TTGTGGACACGCGTCA,Naive CD4 T cell
E2L3_TTGGGATGTCATAGTC,CD161+ memory T cell
L4_TGAGCATGTATGGAGC,Naive CD4 T cell
E2L5_TCGGGCAAGCGACTAG,Naive B cell
E2L3_TAGGTTGCACATGGTT,Platelet
E2L5_GGGTCACCAGCAGACA,Plasmacytoid dendritic cell
E2L7_CCTTTGGGTCACCGAC,Naive CD4 T cell
E2L6_AAACGCTCAAATGATG,CD16+ monocyte
E2L8_CCCTCTCAGTGGCCTC,CD16+ NK cell
E2L2_AGGACTTAGCGCCTTG,Memory B cell
E2L2_AGGTTACAGGGTCACA,CD16+ NK cell
E2L4_TCATTGTGTCCTTTGC,Naive CD4 T cell
L1_CCCAACTTCATTGAGC,Effector memory CD8 T cell
E2L1_TATCGCCGTGATGAAT,Naive CD4 T cell
E2L3_AATGGAAGTCGAGATG,Cycling NK cell
E2L6_ACATGCACACTCTAGA,Memory B cell
E2L1_CTTACCGTCATATGGC,Naive CD4 T cell
E2L4_TCGTCCAAGCGATGGT,CD1c+ conventional dendritic cell
E2L2_TCCACCAAGTGTTCCA,Naive CD8 T cell
E2L2_ACACCAACATGACAGG,Platelet
L1_TAGTGCAGTGTCCAAT,Naive CD4 T cell
E2L8_ACTATCTAGAAACCCG,Memory CD4 T cell
L4_TGACAGTGTGATAGAT,CD16+ monocyte
L1_GCCAGGTGTCTTTCAT,Effector memory CD8 T cell
E2L7_AAATGGACAAATCAGA,CD14+ monocyte
L3_TCCACGTGTGGGAGAG,Plasma cell
E2L2_TGCACGGTCAGTCAGT,Memory CD4 T cell
E2L4_GTTATGGCAAGAAACT,Memory B cell
L1_AGACCCGTCCGTATAG,Effector memory CD8 T cell
L2_GTGGAAGGTGGATCAG,Memory CD4 T cell
L2_TATTTCGGTGCAGTGA,Memory B cell
E2L7_CCGCAAGAGTAAGACT,Cycling NK cell
L3_TGGTGATTCTCATGCC,Memory CD4 T cell
E2L6_TACAGGTTCCGCACTT,CD14+ monocyte
L5_TGAGGAGGTTCTCGCT,CD16+ NK cell
L1_TTAGGCACATCGTGCG,Plasmacytoid dendritic cell
L4_TGCACGGTCCTACGGG,Memory CD4 T cell
E2L5_CGCAGGTGTCTGCGCA,CD16+ monocyte
L1_ACTATTCTCTAAGGAA,Memory CD4 T cell
E2L8_ACATGCAGTCGAAACG,CD56bright NK cell
L1_CTGTATTGTATCCCAA,CLEC9A+ dendritic cell
L1_GTAGGTTAGGAAAGGT,Memory CD4 T cell
L2_GGGCCATCATGGAGAC,Effector memory CD8 T cell
E2L3_AGGGAGTAGGTCGCCT,CD56bright NK cell
L5_GGGTGAACATATTCGG,CD16+ NK cell
E2L7_TGATGGTTCACGGTCG,CD56bright NK cell
E2L6_TAAGTCGAGGGCAATC,CD16+ NK cell
E2L4_GGCTGTGAGCAGGTCA,Naive B cell
E2L6_TACGGGCTCACGACTA,CD14+ monocyte
E2L4_CTACATTAGGGATCAC,Cycling NK cell
L1_GGGTCACCACCTGCTT,Memory CD4 T cell
E2L6_AGTGATCCAGGTCAGA,CD16+ monocyte
E2L7_GTCACGGCAGGGATAC,Plasmacytoid dendritic cell
E2L7_TCGATTTGTGCCTTCT,CD1c+ conventional dendritic cell
L4_CACTGTCAGAGATGCC,Naive CD4 T cell
E2L5_CACGTGGAGGAAAGGT,CLEC9A+ dendritic cell
L1_ACCAAACCAACTGGTT,Effector memory CD8 T cell
L2_CCACGTTCAAGTATCC,Memory CD4 T cell
E2L3_AGGAAATAGACATCAA,CD16+ NK cell
E2L1_GCCATTCCACCAACAT,Naive CD4 T cell
L3_CCTGTTGGTTCTCCCA,Plasma cell
L3_TCGCACTGTAGTCCTA,Memory CD4 T cell
L2_TGTCAGAGTGGGACAT,Memory CD4 T cell
E2L4_ACTATTCTCCGCCTAT,Plasmacytoid dendritic cell
E2L2_TCCCATGAGGCCCACT,Naive B cell
L2_TACTTCAAGCTGTTAC,Mast cell
E2L1_CCTCAGTGTCGTATTG,CD14+ monocyte
L1_GTTTACTGTTTACCTT,CD16+ monocyte
L3_CAAGAGGTCGACTCCT,CD1c+ conventional dendritic cell
E2L3_TCGGTCTTCGCAGAGA,Naive CD4 T cell
E2L8_GTAGAGGAGTCATGGG,Naive B cell
E2L5_ATTCATCCAGGCGAAT,CLEC9A+ dendritic cell
E2L2_TTACCGCGTTCTAACG,CD1c+ conventional dendritic cell
L5_TCATGGACAGTAACCT,CD16+ monocyte
L4_GATCACATCGCGTAGC,Naive B cell
E2L3_TTTGTTGAGGATACGC,Cycling NK cell
L1_GCGATCGAGGCACTAG,Plasma cell
L1_TCACGCTAGCATCGAG,Mast cell
E2L2_TTCCTCTTCGGACTGC,Naive CD4 T cell
L4_TCGAAGTAGACCATTC,CD1c+ conventional dendritic cell
E2L6_TGCTGAAGTTGCCGAC,Memory CD4 T cell
E2L8_GGTAACTAGAGCCGTA,Memory CD4 T cell
E2L5_GTCCTCACAAGCGGAT,Memory CD4 T cell
E2L6_GGAGATGTCTGCACCT,CD161+ memory T cell
E2L5_AAGGAATTCTGAGCAT,CLEC9A+ dendritic cell
E2L8_GATGACTTCTAGTACG,CD14+ monocyte
L5_GGGAGATAGTGGAAAG,CD161+ memory T cell
L1_AGAAGTACATGTCTAG,Plasmacytoid dendritic cell
L2_TGATTTCAGTGAGGCT,CD16+ NK cell
E2L5_AATTTCCAGGAACGTC,Naive CD4 T cell
E2L6_GTGTGATTCGCTCCTA,Activated T cell
E2L2_TGTCCACGTGAATATG,Memory B cell
L5_TGAGGTTGTGTTGAGG,CD1c+ conventional dendritic cell
E2L8_GCACATAAGTCATCCA,CD14+ monocyte
L5_TCCTAATAGTAAGCAT,Plasma cell
L5_CTTACCGAGGAAGTCC,Naive CD8 T cell
E2L5_TCGATTTGTGTAACGG,Effector memory CD8 T cell
E2L7_CAACAGTAGTAAACAC,Platelet
E2L1_TAGAGTCTCCTTCGAC,CD16+ NK cell
L4_CTGTGGGCACAACATC,Memory CD4 T cell
E2L1_CACAGGCCACGACTAT,Plasmacytoid dendritic cell
E2L7_TTACCATCAATGCTCA,CD16+ NK cell
L1_TCGACGGCACAGACGA,Naive CD4 T cell
E2L7_GGTTGTATCCGATTAG,Naive CD4 T cell
L3_AGCTTCCAGAAACCAT,Naive CD4 T cell
E2L2_CTCCATGCATTACGGT,Memory B cell
E2L7_ACCAACATCCATATGG,Plasma cell
E2L7_GTCTCACAGACGCCAA,Memory CD4 T cell
E2L3_CTCAGAATCGTTAGTG,Naive CD4 T cell
E2L4_GGATCTATCTCGCAGG,Memory B cell
E2L5_GCACATAAGCGGGTAT,CD56bright NK cell
L5_GATGCTAAGAGTCACG,Naive CD4 T cell
L4_CTCCCTCCAACTTCTT,Naive CD4 T cell
L4_CCTCTCCAGGTCATCT,Naive CD4 T cell
E2L7_GAGGCAACAAATTGCC,Plasma cell
E2L4_GACGCTGTCAGCCCAG,Effector memory CD8 T cell
E2L5_TTCCTAACATATCTGG,CD16+ monocyte
E2L6_ATAGAGAAGCCGTCGT,Memory CD4 T cell
L1_TGCAGTACATCCGCGA,Cycling NK cell
E2L2_CAACAACTCGTCAGAT,CD1c+ conventional dendritic cell
E2L1_CCTGTTGTCCGTGGTG,CD56bright NK cell
L4_GTGTAACGTGTCTTCC,CLEC9A+ dendritic cell
E2L6_TCGTGGGAGTTTAGGA,Plasma cell
L3_ACAACCAGTTTCCCAC,Memory CD4 T cell
L3_TATCTTGAGGTTCAGG,CD1c+ conventional dendritic cell
L5_CCGTTCAAGCATCAAA,CD56bright NK cell
L4_GAAGGGTTCCGTGTAA,Memory CD4 T cell
E2L5_ATCCACCGTTCTCGTC,Plasma cell
E2L4_CGAAGTTGTCGGATTT,Plasmacytoid dendritic cell
E2L2_ACGGAAGAGACTCAAA,Naive CD4 T cell
E2L2_ACTATTCGTCAGTCCG,Naive B cell
L5_AACCCAATCTAGACCA,Plasma cell
L2_TGACTCCTCGACTCCT,Naive CD4 T cell
E2L4_TGCAGTAGTACCCAGC,Naive B cell
E2L4_CCGATGGAGGGATCTG,CD56bright NK cell
E2L8_TTACCATAGTCCCTAA,Memory B cell
E2L7_TGGTTAGAGCTAGAAT,CLEC9A+ dendritic cell
L2_GACCCTTGTGGAATGC,CD14+ monocyte
L3_ACACGCGCACGACAGA,CD14+ monocyte
L2_CCTGCATGTTCAGCGC,CD16+ monocyte
L3_ATCACTTAGCCGAACA,CD161+ memory T cell
L1_ACAACCATCAGATTGC,Naive CD4 T cell
E2L6_TGTTCATAGTCCCTAA,CD16+ monocyte
E2L4_CCAATGAGTTATCTTC,CD1c+ conventional dendritic cell
L1_CTACATTGTATGCTAC,CD16+ monocyte
L4_AACCTTTTCAGCACCG,Naive B cell
E2L7_CATGCGGGTAGCACAG,CD14+ monocyte
L3_TCCTGCAAGGCCACCT,Plasma cell
L4_CGTGTCTCATTCACCC,Memory B cell
E2L3_GTTTACTAGGATACGC,Naive B cell
L2_CAAGACTTCTTCTGGC,Cycling NK cell
E2L7_GAAGCGACACTCCACT,Memory CD4 T cell
L4_AAATGGAGTTCAATCG,Memory CD4 T cell
E2L4_GATTCTTGTAACGGTG,CD1c+ conventional dendritic cell
E2L8_TTGGGCGTCCGAAATC,Memory CD4 T cell
L1_ATACCGAGTCGACTGC,CD16+ monocyte
E2L3_AGAGAATCATACTGTG,Platelet
E2L8_CTCCCTCGTGCGACAA,CD16+ NK cell
L3_AGGAGGTCATGGCGCT,Effector memory CD8 T cell
L5_TCGCAGGCAAGCACCC,Plasma cell
E2L5_CCTCCAAGTAACACCT,CD14+ monocyte
E2L6_CACCAAATCCTCTAAT,Naive CD4 T cell
L2_GGAACCCAGGCAGGGA,Platelet
L5_AATGGAAAGTCATACC,CD16+ monocyte
E2L3_CACGTTCTCTGCTGAA,Activated T cell
L5_ATCGGATAGTAGCATA,CD16+ NK cell
E2L8_AGAGCAGAGTTGTCGT,Erythrocyte
E2L1_TACCTGCGTGAGCAGT,Plasma cell
E2L6_ATCGGATTCAGTCCGG,Memory B cell
E2L2_CCTACGTGTCAACACT,Naive CD4 T cell
E2L2_ATAGGCTTCCCTCATG,Cycling NK cell
E2L2_AATTCCTCACCTCTAC,CD161+ memory T cell
E2L1_GGGAAGTCACAGCCAC,Cycling NK cell
E2L4_CGAAGGACAGAACGCA,CD161+ memory T cell
E2L1_TTCTGTAGTAGTCGGA,CD14+ monocyte
L4_AGTACCACAAATGAAC,CD161+ memory T cell
E2L1_TGGGAGATCAGCAATC,Naive B cell
L1_CGGAATTCACAACGAG,Naive B cell
L2_ATAGGCTTCGGCAGTC,Naive B cell
L2_GATGAGGCAGGCGAAT,Naive CD4 T cell
E2L6_TCTCAGCGTCCAGAAG,CD1c+ conventional dendritic cell
E2L3_CATGCAAGTACTGCGC,CD14+ monocyte
L5_CCCTCAAGTACAAAGT,Mast cell
E2L8_TTCCTCTTCCATCTGC,Plasmacytoid dendritic cell
E2L1_ATCACGACACGCGTCA,Memory CD4 T cell
L3_AGTACTGCACCAGCTG,Cycling NK cell
E2L3_GTCGTAATCATTTCCA,CD14+ monocyte
E2L2_GGCTTTCCAAGTTTGC,Platelet
E2L3_GGCGTCAAGCACCAGA,Memory CD4 T cell
E2L8_CACTGTCCATGTCTAG,Mast cell
L1_GAACGTTTCTGGTGGC,CD14+ monocyte
L3_AGCCACGCATTGACCA,Memory CD4 T cell
L3_GCCGATGTCCCATTCG,Naive CD4 T cell
L2_GTTTACTCAAATTGGA,CD16+ NK cell
L4_TATTTCGGTCCAGCAC,Naive CD4 T cell
L2_TCGGATAAGTTCGGTT,Naive CD4 T cell
E2L6_CGGGTCAAGAAGAGCA,Naive CD4 T cell
L5_AAGCATCGTTACCTGA,Memory CD4 T cell
E2L1_GCGTTTCAGTAGTCTC,Memory B cell
E2L6_TCATTGTAGCACCGAA,Cycling NK cell
L1_AACAGGGCATGCCATA,Plasmacytoid dendritic cell
E2L7_ACGGGTCGTACTCCCT,Effector memory CD8 T cell
E2L6_GGTTAACCAGTGGCTC,Cycling NK cell
E2L4_GTGAGTTAGGGATCAC,Memory B cell
L1_AGGGCTCAGGGCGAAG,CLEC9A+ dendritic cell
E2L7_AGGCATTGTGTACGCC,Naive CD4 T cell
L2_CGCAGGTGTGGACTAG,Cycling NK cell
E2L4_CAAGACTGTCTACGTA,Naive B cell
E2L6_TCAGCAATCAAGCTGT,Memory B cell
E2L4_GACTGATTCGCTGCGA,Effector memory CD8 T cell
E2L2_CGTAATGGTCTACGTA,Mast cell
L5_TTAATCCAGCCACAAG,CD161+ memory T cell
E2L4_GATGACTAGGCCTGCT,CD16+ monocyte
E2L4_CCTCCTCCACATGAAA,CD14+ monocyte
L4_GACCAATGTGCTGATT,CD16+ NK cell
E2L6_ATCGATGGTTCCTAAG,CD1c+ conventional dendritic cell
L2_CTGGTCTAGATAGCAT,Memory CD4 T cell
E2L5_TGAGACTTCGGTAGGA,Platelet
L1_TATCGCCGTTGGGTTT,CD56bright NK cell
L5_GTCCTCAAGCCTTTGA,Effector memory CD8 T cell
L1_TAGGAGGAGCTGTGCC,Naive CD4 T cell
L2_ATGAGGGGTTCTGAGT,Naive CD4 T cell
E2L5_TCCCAGTCAGGCTCTG,CD14+ monocyte
E2L2_CTCATCGCAGAGTCAG,Naive CD8 T cell
E2L3_TTGGATGGTCCCGCAA,CD56bright NK cell
E2L1_ATAGAGACACAGTCAT,Platelet
L4_AAGGTAAAGGACAGCT,CD16+ monocyte
E2L3_CGCATAACAGTGGGTA,Memory B cell
E2L2_AGCGATTTCCTCACTG,CD56bright NK cell
E2L2_TGCCGAGTCGATCCCT,Memory CD4 T cell
E2L7_GGGTAGACAGCGTACC,Effector memory CD8 T cell
E2L7_TCATGGATCTATCCAT,Memory CD4 T cell
E2L8_ATGGATCCATGGGTCC,Effector memory CD8 T cell
L2_GGGCTCATCGTTATCT,Platelet
E2L1_GCACATATCCATTTGT,Memory B cell
L2_CTGTAGACACGACGCT,CD16+ NK cell
L1_TACCTGCTCCTGTAGA,Memory CD4 T cell
L1_GGGTGAATCTCATGGA,Naive CD4 T cell
E2L8_CTGAGCGGTTTACGTG,Memory CD4 T cell
E2L7_AGGGCCTCATGGATCT,Naive B cell
L4_ATGAAAGAGGTCTTTG,Naive CD4 T cell
E2L6_CGCGTGACAATCACGT,CD1c+ conventional dendritic cell
L5_CGAGTTACAGAGTGTG,Memory CD4 T cell
E2L8_ATGGTTGCAAGCGCTC,Cycling NK cell
L3_CTCTCAGAGCTAAGTA,Memory CD4 T cell
L4_GTAACCAGTTCCACGG,Activated T cell
L3_TACCCGTCAGTGGCTC,Mast cell
L5_GTTGTAGGTAGAGATT,Naive CD4 T cell
E2L3_TCGGTCTGTTGTGCCG,Effector memory CD8 T cell
L1_TGGAACTGTGGATGAC,Effector memory CD8 T cell
L5_CATCGCTTCAAACGAA,Naive CD4 T cell
E2L7_TGTACAGGTTGGCTAT,Memory CD4 T cell
E2L7_CCAATTTAGCATGCGA,CD14+ monocyte
L5_GACTTCCTCTCGCCTA,Mast cell
L3_CCATCACCACAGTCAT,Erythrocyte
L5_TAGATCGCAGTATTCG,Naive CD4 T cell
L1_GGGTAGAAGAAGGATG,Memory CD4 T cell
L3_AACGGGACACTCTCGT,CD14+ monocyte
E2L5_CGTTAGAGTAGCACAG,Naive B cell
E2L7_GGCTTTCCATAAGATG,Naive CD4 T cell
E2L1_CCATAAGCAAATGAGT,Effector memory CD8 T cell
L3_ACAAAGATCGCAAGAG,Mast cell
L3_TAGAGTCTCCGCACGA,Effector memory CD8 T cell
E2L4_CTCCTTTTCACGGGAA,Plasmacytoid dendritic cell
E2L2_TTCCTCTAGGCACGAT,Cycling NK cell
E2L1_AATAGAGTCAGGACAG,CD16+ NK cell
E2L5_TGGGCTGTCATCGGGC,Memory B cell
E2L4_TACACCCTCTCGTCGT,Effector memory CD8 T cell
L2_AAACCCAAGTAACAGT,Effector memory CD8 T cell
L4_AGAGCCCAGGAAAGTG,Cycling NK cell
L4_CAATCGATCGCAACAT,Memory CD4 T cell
E2L2_TGGGCTGAGCCTAACT,Platelet
L1_CAATACGGTTATGACC,Naive CD4 T cell
E2L7_ACACCAAAGACGCATG,CLEC9A+ dendritic cell
E2L3_TACATTCCATGGCGCT,Platelet
E2L6_AATTTCCTCGGAGTAG,Effector memory CD8 T cell
L1_TGATGCAGTTGTGTAC,Erythrocyte
E2L8_TGGGTTATCGTGGCGT,CD161+ memory T cell
L1_TTCCTAAGTTCCGCGA,Memory B cell
E2L3_GGAGGTAGTATAGGAT,CD56bright NK cell
L5_ACAAGCTTCCACCCTA,CD161+ memory T cell
L5_GAGATGGAGACAAGCC,Naive CD4 T cell
E2L8_GAGTCATGTCCGACGT,Effector memory CD8 T cell
E2L8_CTATAGGAGGCTTAGG,Naive CD4 T cell
L2_TGAGCGCTCTGCTAGA,Plasma cell
E2L2_CCTGTTGTCGGTATGT,Plasma cell
E2L2_AGTAGCTAGTAACGTA,Memory CD4 T cell
E2L6_TGTGAGTAGATTTGCC,CD161+ memory T cell
L5_CATTGTTAGACTACCT,Effector memory CD8 T cell
L2_TCCTTCTGTTCTCTAT,Mast cell
L5_TATATCCAGGTGCGAT,Naive CD4 T cell
L2_ACAGCCGGTGCCTACG,Naive CD4 T cell
E2L2_CTATCCGTCTTCCTAA,Naive CD4 T cell
L5_CATACTTAGAATGTTG,Cycling NK cell
E2L5_CCGGGTACAGCTTTCC,Effector memory CD8 T cell
E2L4_AAGACAAAGCGTGAAC,Naive B cell
E2L4_TTCCTCTGTCACCGCA,Memory CD4 T cell
E2L3_GGTAGAGGTACTTCCC,CD1c+ conventional dendritic cell
E2L8_GAGACCCCATTGGATC,Memory CD4 T cell
L1_GGCTGTGAGGCTTCCG,Naive CD8 T cell
E2L2_CTTTCAATCCTTTGAT,Naive CD8 T cell
E2L1_TTCACCGGTGAACTAA,Plasmacytoid dendritic cell
L4_GTGTTAGTCCGGTTCT,CD161+ memory T cell
L4_ACTATGGGTCTGATCA,Naive CD4 T cell
L2_GTTTGGAGTAATACCC,Cycling NK cell
L4_TCAAGCATCAGTCATG,Erythrocyte
E2L2_AGAACCTCAGCTACAT,CD56bright NK cell
E2L6_ATGATCGTCTAGTGAC,Cycling NK cell
E2L6_GGTTGTATCGACCTAA,Memory B cell
E2L1_CACACAAGTTGCGAAG,Plasma cell
L5_TCCGAAAGTGCATGTT,Naive CD4 T cell
L3_TCATGCCAGACCAGAC,Naive CD4 T cell
L4_AGCTCAATCGAGGCAA,Mast cell
L3_TCCATCGTCCGTGGGT,Effector memory CD8 T cell
L3_CCCTCTCCAACCGTAT,Naive CD4 T cell
L4_ATCCATTTCTGGGCAC,CD1c+ conventional dendritic cell
L5_AGACAGGTCATCGTAG,Naive CD4 T cell
E2L6_ACACTGATCATCCCGT,Effector memory CD8 T cell
L5_TGAGACTTCATGGGAG,Mast cell
E2L1_TCGGGTGCACGGTGAA,Naive CD4 T cell
L2_GCGGATCAGTGCGTCC,Effector memory CD8 T cell
E2L2_CTATCCGGTATGGTAA,Plasmacytoid dendritic cell
E2L1_GCCAGCACAGACAAGC,Naive CD8 T cell
E2L6_ATCGATGAGCTAATGA,CLEC9A+ dendritic cell
L1_GTCCCATGTCTTTCTA,CD1c+ conventional dendritic cell
E2L7_AGATGCTCAGCGTATT,Memory B cell
L2_AGACAAATCCATGAGT,Cycling NK cell
L4_GAGAGGTCAGAGGTTG,CD161+ memory T cell
E2L2_TCTGCCATCACCTCTG,Effector memory CD8 T cell
E2L2_GTGAGCCTCTTGGGCG,Effector memory CD8 T cell
E2L6_CTGAGGCTCTTACGTT,Memory CD4 T cell
E2L2_GTAACCAAGCATCAAA,Effector memory CD8 T cell
E2L7_AATGGAAGTTCGAAGG,Naive B cell
E2L6_TCCTAATGTGGTTTGT,Effector memory CD8 T cell
L1_AAGAACATCTTCTGTA,Memory CD4 T cell
E2L4_TCCACGTAGCCACAAG,Naive CD4 T cell
E2L3_CGAGGCTAGTTGCCTA,CD16+ NK cell
E2L3_AGGATAAGTTAGGCCC,CD56bright NK cell
E2L1_GGGTATTTCATTGCCC,Cycling NK cell
E2L6_GTAATGCTCAGTCCGG,Cycling NK cell
E2L2_CTATCCGAGGCATTTC,Plasma cell
E2L5_AACGGGAAGGGTCTTT,Memory CD4 T cell
E2L4_GGGAAGTGTGGGAGAG,CD56bright NK cell
L2_ATGATCGGTGCATTAC,CD16+ NK cell
E2L3_AGGAAATTCCCGTGAG,Effector memory CD8 T cell
L3_GGGCTCAAGAAGCGGG,Naive CD4 T cell
L1_GTTGTAGCACTGGATT,CLEC9A+ dendritic cell
L5_GTGCTGGGTTAGAGAT,Memory CD4 T cell
E2L5_CGAAGTTAGTACCCTA,Effector memory CD8 T cell
E2L5_GCCATTCGTGTAAACA,Memory CD4 T cell
E2L2_AGTACCAAGACCATTC,CLEC9A+ dendritic cell
E2L8_ACAGAAATCTATCACT,Cycling NK cell
L2_TCATCATGTCGATGCC,Naive CD8 T cell
L4_ATGAGTCCAACATACC,Cycling NK cell
E2L8_GACTCTCCAATAGAGT,Naive B cell
L1_AAAGGATAGAGACAAG,Plasmacytoid dendritic cell
L4_GGCGTCAAGGCAGCTA,Memory B cell
L4_TAGGTACCAGGCGTTC,CD1c+ conventional dendritic cell
E2L7_GTTGTAGTCAAGCCTA,CD56bright NK cell
L1_CAGTGCGCACGCGGTT,Naive CD4 T cell
L5_CTGTGAAAGGTTGCCC,Naive CD4 T cell
E2L2_AGAGAGCTCCGGTAGC,Plasmacytoid dendritic cell
L3_GGCAGTCGTCCAACGC,CLEC9A+ dendritic cell
E2L1_TTGAACGTCCACACAA,Cycling NK cell
L1_TTCACCGTCCCAATAG,CD161+ memory T cell
L2_TTGTTGTGTCTCACGG,CD1c+ conventional dendritic cell
L5_TTCCTCTCATAGGTTC,Mast cell
E2L2_ACGGGTCGTCATCGCG,Naive CD4 T cell
E2L8_TGCGGCAAGAGTTGTA,Naive B cell
L1_GACTATGAGTGCACCC,Memory CD4 T cell
E2L6_TAACCAGTCAGTGTTG,Naive CD4 T cell
E2L8_CGAGGAAAGACTGTTC,Memory CD4 T cell
E2L8_ACAAAGACATCTCATT,Naive CD4 T cell
L1_GTCGAATAGCCTCCAG,Memory CD4 T cell
E2L5_TGTCCTGGTTGGAGAC,Erythrocyte
L4_TAACGACGTACCGTCG,Naive CD4 T cell
L3_GGTTCTCCATGGGCAA,Mast cell
E2L7_CAACAACAGTACAACA,Platelet
L3_GGACGTCAGCTAAGTA,CD1c+ conventional dendritic cell
E2L2_CGAGTGCTCTTGCAAG,CD1c+ conventional dendritic cell
L4_CCGGTGACACACAGCC,Mast cell
L5_GCCCAGAAGTCCTGCG,Effector memory CD8 T cell
L2_CTAACTTAGGCACTAG,Naive CD8 T cell
L4_ATCTCTATCTTGCAGA,Effector memory CD8 T cell
E2L8_CCTTTGGCAACGAGGT,Cycling NK cell
E2L7_GAGCTGCCAATGCAGG,Cycling NK cell
E2L3_CAACAGTTCGATTTCT,CD56bright NK cell
L4_GTGCTTCAGGGCGAGA,Naive CD4 T cell
E2L4_TATTCCACAACTGATC,Platelet
L2_GCTACAATCTCTAGGA,Naive CD4 T cell
E2L4_TTGCGTCTCACGATAC,Plasmacytoid dendritic cell
L1_CAGCAATCATGATGCT,Naive CD4 T cell
E2L7_CGGACACTCGTTGTGA,Cycling NK cell
L2_GCATTAGCAGCTACCG,Naive B cell
L2_CGAAGGACAGTTGAAA,CD1c+ conventional dendritic cell
E2L2_TACTTGTGTACCTTCC,Memory B cell
E2L3_ATCACAGGTCAACACT,Memory CD4 T cell
E2L5_ACATCCCGTAGAATGT,Plasmacytoid dendritic cell
L4_CGCATGGCATCCGGCA,Naive CD4 T cell
L1_GTAATCGCAGACGCTC,CD161+ memory T cell
E2L4_GCCGTGATCCAAGCCG,Naive CD4 T cell
E2L3_GATGACTTCGTGGAAG,CD16+ NK cell
E2L7_CCTCATGTCTATACTC,Cycling NK cell
E2L7_AAGCGAGTCTATGCCC,Cycling NK cell
E2L4_CAGCAATGTTTCGTAG,Memory B cell
E2L3_GAACGTTAGGTTCCGC,CD14+ monocyte
E2L2_GTATTTCAGAGTCCGA,CD56bright NK cell
E2L5_AGTGATCCAGAAATTG,CD56bright NK cell
L3_TTGCCTGTCGTTTACT,Naive CD4 T cell
L2_TTAATCCCATGACACT,Effector memory CD8 T cell
E2L5_TAGGTTGTCATTCTTG,Memory B cell
E2L5_ATCCATTTCTTTGATC,Plasma cell
E2L3_TCCGATCAGGCGAAGG,Memory B cell
L1_AAGACTCAGGCAGGGA,Naive CD4 T cell
E2L5_TTTGACTTCTTCTAAC,Memory CD4 T cell
E2L6_GTTACAGTCCATCACC,Memory CD4 T cell
L4_GGAGGTAGTCGTTTCC,Naive CD4 T cell
E2L6_TATCCTAGTTCGTTCC,Effector memory CD8 T cell
E2L6_TATTGGGCAGATACTC,Activated T cell
E2L3_GCGTGCACAAACTAAG,Effector memory CD8 T cell
E2L8_GATTGGTCATAACGGG,Platelet
E2L1_CTTTCGGTCCATGCAA,Effector memory CD8 T cell
E2L3_GAGATGGGTCTGCCTT,Memory CD4 T cell
E2L8_GGTAACTGTGGCAACA,CD56bright NK cell
L1_TTACGTTTCCCATACC,Naive B cell
E2L4_TGTTACTGTTGCTCCT,Naive CD4 T cell
E2L6_CTCTGGTAGCTAATCC,Cycling NK cell
L3_CTGCGAGGTAGGTTTC,Memory B cell
L4_ATTTCTGTCTCCGTGT,Memory CD4 T cell
E2L2_AGATCCATCAGGACAG,CD16+ NK cell
L1_GCAGCTGTCGAGAATA,Plasmacytoid dendritic cell
E2L4_GTGGAAGAGCCATCCG,Platelet
L1_AGGGTCCCAGCCCACA,Memory CD4 T cell
L5_GCAGTTAGTCTTTCAT,Effector memory CD8 T cell
E2L3_CTATCTACACCAGTTA,Memory B cell
L3_GTTAGTGCAGATTCGT,CD1c+ conventional dendritic cell
E2L1_GTAACACCAACACGTT,Cycling NK cell
E2L3_TCTTCCTCAGCGGATA,Memory B cell
E2L6_GCATGATAGAGGCTGT,CD16+ NK cell
L2_CCTACGTTCGCTGATA,Naive CD4 T cell
E2L4_CTCATCGAGCGTGAAC,Platelet
E2L7_ATGAAAGCAATCAAGA,CD14+ monocyte
L4_TGACTCCTCGTGCATA,Naive CD4 T cell
E2L7_TTACCGCGTCAAGTTC,Plasma cell
L4_CTGAATGTCCGTGGCA,Naive CD4 T cell
L4_ACATGCAGTACCGTCG,Plasmacytoid dendritic cell
E2L6_TCCGATCCAATTCGTG,Effector memory CD8 T cell
E2L2_ACGTAACAGGTTGGTG,Memory B cell
L4_CACTGAAGTCGGTGAA,Effector memory CD8 T cell
L4_TGATTCTTCATCGTAG,Naive CD8 T cell
E2L8_GGGTATTCAATGACCT,CD56bright NK cell
L5_CGCATAAAGATACATG,Cycling NK cell
L5_CTGTATTTCTTGGATG,Memory CD4 T cell
L1_GAACACTCATAATGAG,CD1c+ conventional dendritic cell
E2L2_AGGAGGTTCGGACAAG,Platelet
E2L7_AGGGCTCAGATACTGA,Activated T cell
L5_GTATTTCAGTACAACA,Naive CD4 T cell
E2L6_ATTCGTTTCAACCGAT,Memory B cell
E2L8_TGGATGTTCATTGTGG,CD1c+ conventional dendritic cell
L1_GAGAAATCATGTTTGG,Cycling NK cell
E2L5_CGGCAGTTCGATGCAT,CD56bright NK cell
E2L2_ATGTCTTAGAGAGCAA,Naive CD4 T cell
E2L4_GTCTGTCTCTCCTACG,Naive CD4 T cell
E2L8_ATGGAGGGTTCTCTCG,Naive B cell
L3_AAAGGGCGTGCAGATG,Naive CD4 T cell
L1_TTCCTAAAGGCAATGC,Naive CD4 T cell
L5_CTCCAACGTCACTAGT,Plasmacytoid dendritic cell
L1_CCTCTCCTCGCGATCG,Memory CD4 T cell
E2L3_ACGTCCTTCAACGCTA,Plasmacytoid dendritic cell
L1_AAAGGGCGTAGTAAGT,Cycling NK cell
L2_TTAGTCTTCACGGAGA,Mast cell
E2L8_TTGCGTCAGCTAATCC,Effector memory CD8 T cell
L2_ATCCACCGTGTAACGG,Erythrocyte
E2L5_TCGTAGAAGTCGAAAT,Activated T cell
L5_TGTCCTGCACGGGCTT,Naive CD8 T cell
E2L4_ATTGGGTGTCATAAAG,Cycling NK cell
E2L4_GACCCTTGTGCGTCGT,Memory B cell
E2L7_CGAGGAACAGCATTGT,Plasma cell
E2L7_CCTACGTTCGCTCTCA,Naive CD8 T cell
E2L1_CACAACATCTTAATCC,Memory B cell
L1_CATAAGCTCACTTGTT,Naive CD4 T cell
E2L1_ATCCTATAGTCACTGT,CD16+ NK cell
L5_TCCTCGAAGTCTACCA,Mast cell
L5_CGCCATTCAGCTAACT,Memory B cell
E2L6_ATGACCATCGCCAACG,CD14+ monocyte
E2L2_GCGTGCAGTCCAATCA,Effector memory CD8 T cell
L1_CGGTCAGCAGTATTCG,Cycling NK cell
E2L6_CTCAGGGCACGAGAAC,Memory B cell
E2L3_ACATGCAGTGAGCTCC,Memory CD4 T cell
L2_TAGCACAAGGCTAACG,Memory B cell
E2L1_CTCTCAGTCCAAGCTA,Plasma cell
E2L1_CTGTAGACACACCTAA,Effector memory CD8 T cell
E2L1_AGGCATTAGACGTCCC,Memory CD4 T cell
E2L5_TACGCTCGTGCAATAA,Memory CD4 T cell
E2L8_ATCAGGTGTCTAGATC,Memory B cell
E2L1_GCCAACGGTCAAACGG,Memory B cell
L1_CAGCAATGTACCGCGT,Memory CD4 T cell
L5_AAGCCATGTAGAATGT,CD161+ memory T cell
E2L1_CCGTTCAGTGTATTCG,Plasmacytoid dendritic cell
L4_TCTTCCTAGTTGTAGA,CD1c+ conventional dendritic cell
L2_CCGGTAGTCAAGGCTT,CD161+ memory T cell
E2L3_TTCGCTGCATGCTGCG,Naive CD4 T cell
L3_ACTCTCGGTCGTACAT,Memory CD4 T cell
L5_TCTTAGTCACCCTATC,Naive CD4 T cell
E2L8_GCGAGAATCACGGGCT,CD56bright NK cell
E2L5_TCAGCCTAGTGTACCT,Effector memory CD8 T cell
L4_GTAATCGCAGTTGTTG,Naive CD4 T cell
E2L5_CGGAACCGTCCGGTCA,Naive B cell
L2_GCAACCGTCCGTAGGC,CD1c+ conventional dendritic cell
L4_TGCACGGGTCGCATGC,Platelet
E2L3_AATCGTGTCCGGACGT,CD14+ monocyte
E2L4_TCATTACAGTTGCCCG,Naive CD8 T cell
L1_CTTCTCTCACTGAGTT,Naive CD4 T cell
L5_GCTTCACGTGGCTCTG,Naive CD4 T cell
L3_TCATGTTTCGCTGTTC,CD161+ memory T cell
L4_GCGGATCTCGAGTGGA,CD161+ memory T cell
E2L1_CGATGGCGTGTTGACT,Activated T cell
L1_TGCTGAAGTCTCGGAC,Naive CD4 T cell
E2L4_TTTAGTCGTCACTAGT,Memory B cell
L2_CTCGAGGCAAACCGGA,Naive CD4 T cell
L3_AGGGTCCCATGGACAG,Cycling NK cell
E2L6_TGAGCATAGTTCCAGT,CD1c+ conventional dendritic cell
L3_CGAGTTATCAATCCAG,Memory CD4 T cell
L2_ACTATCTGTTCGGCGT,Plasma cell
L5_AACAACCTCGTTGTGA,CD14+ monocyte
L5_TATGTTCGTATTTCTC,CD16+ monocyte
E2L8_CCGGTAGTCCATTGGA,CD161+ memory T cell
L4_TGTTCATGTTTGTTGG,CD16+ monocyte
E2L5_TTTGGAGGTTGCTCAA,Memory B cell
E2L7_AGGGTCCAGTTAGTAG,Memory B cell
E2L7_TGGTTAGTCTGGGATT,Plasmacytoid dendritic cell
E2L4_GGGTATTTCCCAGGAC,Effector memory CD8 T cell
L4_TGATGCAGTCCTCCAT,Mast cell
L2_CCGATGGAGAGCATAT,CD16+ monocyte
E2L6_ATTCGTTAGCCAAGTG,Memory B cell
E2L5_CTCAAGATCGAACTCA,Naive CD4 T cell
L1_ACTCTCGGTCATGCAT,CD56bright NK cell
E2L5_CATGGTAGTCGCCACA,Memory B cell
E2L7_GCACGTGAGACCCTTA,Memory CD4 T cell
E2L2_GTAGAGGTCGGTGTTA,Platelet
E2L4_ATGGGTTGTACGTGTT,Memory CD4 T cell
E2L4_ATCCCTGGTTAAACAG,Naive CD4 T cell
L4_CATTCTACATGTGTCA,CD161+ memory T cell
L5_GTGAGCCGTGGTGATG,Naive B cell
E2L5_CTGATCCGTTTCCATT,Naive B cell
E2L6_CATCGCTCATGTGGCC,Cycling NK cell
E2L4_CATCAAGAGCGAACTG,CD16+ monocyte
L2_GTGAGCCGTATCACCA,CD161+ memory T cell
E2L8_ACGTAACCACATATCG,Memory B cell
E2L8_AATGAAGAGCAAATCA,Memory B cell
E2L4_CCGATGGAGGGTGAAA,Platelet
L5_ACTCTCGAGGTCCCGT,CD161+ memory T cell
L4_CCTTCAGAGCGATGAC,CD56bright NK cell
L3_GTTCGCTCATCATTGG,Memory CD4 T cell
E2L3_CATGAGTTCCTACCGT,CD16+ monocyte
E2L6_CGTTGGGCACTCCACT,Platelet
L4_ATTCACTGTACCTGTA,CD14+ monocyte
L1_TAAGCGTCATATCTCT,CD16+ NK cell
E2L1_GGGACTCTCCTGGGAC,Effector memory CD8 T cell
E2L8_GTCAGCGCAGCCCACA,Effector memory CD8 T cell
E2L4_GTATTGGTCCTCACTG,Plasmacytoid dendritic cell
E2L1_TTGGATGAGCATCAGG,Memory CD4 T cell
L3_AGTCTCCGTGGAATGC,Naive CD4 T cell
E2L8_GACTATGAGGAGCAAA,Memory CD4 T cell
E2L3_TGAGGGACAACAGATA,Memory B cell
E2L7_CTTGATTGTAACAGTA,Cycling NK cell
E2L8_TAAGCACCATAATGCC,CD16+ monocyte
L4_TTGGATGCATTGGGAG,Effector memory CD8 T cell
E2L7_GCGGAAAGTAGAGGAA,Plasmacytoid dendritic cell
E2L2_AGGTCATTCGTTCTCG,CD56bright NK cell
L1_CAACGGCAGCCTGAGA,Memory B cell
E2L1_ATCGCCTTCCTTACCG,Plasma cell
L2_GTGAGCCTCAAGTCTG,Memory CD4 T cell
L5_TACACCCTCATTGTTC,CD56bright NK cell
L3_GTTCCGTGTTTCGTTT,Naive CD4 T cell
E2L4_CGCATAAGTCCCGTGA,CD1c+ conventional dendritic cell
L1_ATGAAAGTCAACACCA,Memory B cell
E2L5_TTCAGGAGTGACCGAA,Naive CD4 T cell
L5_TACGTCCAGTGATGGC,CD14+ monocyte
E2L3_GTGCAGCGTGATATAG,Memory B cell
E2L8_TCATGTTGTTGTAAAG,CLEC9A+ dendritic cell
L4_CACTTCGTCTCTATGT,Mast cell
E2L3_AAGTACCCATCCTGTC,Naive CD4 T cell
E2L6_TCATGGATCATTTCCA,Memory CD4 T cell
L2_TACAACGCAGCGTGAA,Mast cell
E2L3_TACAACGCATCGATGT,CD16+ NK cell
L2_GGTTCTCAGGCGCTCT,CD161+ memory T cell
L2_CATTTCAAGCGACATG,Naive CD4 T cell
L2_TCATCCGTCTGATTCT,CD161+ memory T cell
E2L7_TCATACTTCGAACGGA,Effector memory CD8 T cell
E2L6_TGAGGGATCTTCCCAG,Naive CD4 T cell
E2L4_GATTGGTAGAGAGTGA,Naive B cell
L5_TCATTTGTCACATTGG,CD56bright NK cell
L4_ATGGAGGGTACCCAGC,Mast cell
L4_CCACCATCAGCTGTCG,Naive CD4 T cell
E2L8_TGGATGTAGGCTGAAC,Cycling NK cell
L4_CAAGGGACATAACTCG,Mast cell
E2L3_GGGTTTACAGACGCTC,Cycling NK cell
L1_TCTCTGGTCTTTGCAT,Plasmacytoid dendritic cell
L5_GATGACTGTTAGTCGT,Naive CD4 T cell
L3_TGAGCATCAACGTTAC,CD14+ monocyte
E2L1_TTATTGCTCCCATAAG,Effector memory CD8 T cell
E2L7_GTTGTCCCAACTCCAA,Naive CD4 T cell
E2L6_GATAGAACAATGAGCG,Memory CD4 T cell
E2L2_AGACCCGCAGCCGGTT,Naive CD4 T cell
E2L1_GACAGCCCACTAGTAC,CD14+ monocyte
L3_ATTACCTTCCAGCCTT,CD16+ NK cell
E2L6_GTGGGAACAACGACAG,CD56bright NK cell
L3_CTCCATGTCTTAGCCC,Naive CD4 T cell
L3_CGATGCGTCCTTCTAA,CD56bright NK cell
L5_CCCATTGCAAGGCTTT,Naive CD4 T cell
L1_CCCATTGAGGGACCAT,CD56bright NK cell
L3_AAAGGATGTATAGGGC,Cycling NK cell
E2L7_CATTGTTCACCGAATT,Naive CD4 T cell
L1_TGATGGTAGCACCGAA,Mast cell
L3_GCGTGCAAGTAGGATT,Erythrocyte
E2L8_CAAGAGGCACGGTGAA,CD14+ monocyte
E2L5_GATGACTGTACGTACT,CD16+ NK cell
L2_CTTACCGGTGAGCTCC,CD161+ memory T cell
E2L3_ACAAGCTCAGGTTTAC,Naive B cell
E2L3_CGAGGCTAGGGTCAAC,Naive B cell
L3_TTGCCTGAGATAGGGA,Effector memory CD8 T cell
E2L5_CGTAATGCATTATGCG,Naive B cell
L5_GTCAAGTAGGATTACA,Effector memory CD8 T cell
L4_AAACGAAAGCCTGACC,CD1c+ conventional dendritic cell
E2L1_CTACCTGGTTACGGAG,CD14+ monocyte
L2_AGTAGTCCAACGATCT,Naive CD4 T cell
E2L4_AGAACAACACTCGATA,Naive CD4 T cell
L4_CTCATGCCATAAGCGG,Effector memory CD8 T cell
L2_CCCTCAACACAGACGA,Naive CD4 T cell
L5_GTCAGCGGTTTACGAC,Effector memory CD8 T cell
L1_CACACAAAGCCTTCTC,Naive CD4 T cell
E2L1_TGATCTTTCAAGAATG,Memory B cell
E2L6_CTTTCAATCTCAGGCG,Plasma cell
L4_TTACGCCGTAGCGATG,CD14+ monocyte
E2L2_TACAACGCATACAGGG,Naive CD8 T cell
E2L8_ACATCCCGTCTCCTGT,Platelet
E2L4_TATCCTACACTTCAGA,Effector memory CD8 T cell
E2L4_CCCTAACCATTGACAC,Naive CD8 T cell
L5_AGAAGTATCCGTATGA,Effector memory CD8 T cell
E2L5_TAGACCAGTAGGGAGG,CD161+ memory T cell
E2L4_ATTCCATTCTTTCCAA,Plasmacytoid dendritic cell
E2L2_CTCAAGACACGGCTAC,Effector memory CD8 T cell
L5_AACAGGGGTCACATTG,Effector memory CD8 T cell
L3_GACCCAGAGCCTCAGC,Naive B cell
E2L5_CTAACTTTCAGTGATC,Plasmacytoid dendritic cell
L1_GTAGAAACATGGCCAC,Naive CD4 T cell
L4_TGTCAGATCCGTCACT,Memory CD4 T cell
E2L2_AATCGTGAGCAACAGC,CD16+ monocyte
E2L3_TGGGTTAAGAACCCGA,Memory B cell
L4_CATGCTCTCCCATTCG,Effector memory CD8 T cell
E2L7_ACCTGAAGTCCAGGTC,Plasma cell
E2L7_TTGCTGCCATACCACA,Plasmacytoid dendritic cell
E2L8_CTGCCTATCTGCTTTA,CD56bright NK cell
E2L8_AGCTTCCAGGTCGCCT,CLEC9A+ dendritic cell
E2L4_GACTATGTCGACGACC,Memory B cell
E2L2_TTGCTGCAGCCTCGTG,CD16+ monocyte
E2L1_GGCGTCAGTCGATTAC,Naive B cell
E2L6_ATGGATCAGTAGCAAT,CD1c+ conventional dendritic cell
E2L6_AGCTTCCGTCAACGCC,Effector memory CD8 T cell
E2L6_AAGACTCTCAACGCTA,Platelet
L3_GGCGTCACAAATTGCC,Cycling NK cell
E2L7_GTAAGTCCAAATAGCA,Plasmacytoid dendritic cell
E2L5_TTGAGTGAGAGTGTGC,CD161+ memory T cell
E2L5_TACACCCAGTAGACAT,Effector memory CD8 T cell
E2L8_TAGCACATCTAGTTCT,CD16+ monocyte
E2L3_GGTGTTAAGTGCACTT,Platelet
L2_GATGACTAGGACAGCT,Naive CD4 T cell
L4_CGTGATAAGGTGCTTT,Naive CD4 T cell
E2L4_GCAGCTGTCTCATTTG,CD161+ memory T cell
E2L6_TCGTCCAAGTGGCGAT,Memory CD4 T cell
L3_ACTGCAAGTTAGAAGT,Naive CD4 T cell
E2L8_ACCTGAAGTTCTTAGG,CD56bright NK cell
E2L6_GTTCCGTGTTGTACGT,Memory CD4 T cell
L2_TGCTCGTCAGCGACAA,CD161+ memory T cell
L5_CCACGTTCATGTAACC,Effector memory CD8 T cell
L2_TTGTTCATCCCTATTA,Memory CD4 T cell
L2_GATGACTCAGGTATGG,Erythrocyte
E2L4_TAGGTACGTGCATTAC,Cycling NK cell
L3_TTTACTGAGATGTTCC,Mast cell
E2L1_ACGGAAGGTGGTAACG,CD16+ NK cell
E2L3_CCAAGCGGTGCAAGAC,CD56bright NK cell
L2_AGTTCGATCACGGTCG,Memory CD4 T cell
L5_GTATTTCGTTTGATCG,Effector memory CD8 T cell
E2L6_AGGCTGCAGAGTCAAT,Cycling NK cell
E2L4_AGGGAGTGTCGCAGTC,Memory B cell
E2L3_AGGAGGTGTTCGAAGG,Plasmacytoid dendritic cell
E2L7_TTAGGGTGTAGGTACG,Naive B cell
L3_TCTAACTGTCGATTTG,Plasma cell
E2L1_TGAACGTAGTTGTCAC,Memory B cell
L4_CGAGGCTAGCGTATAA,Naive CD4 T cell
E2L3_CCCTCAACAGTAACCT,CD16+ NK cell
E2L3_CTCAACCGTCATTGCA,Effector memory CD8 T cell
L4_CAGAGCCCACAACGCC,Cycling NK cell
L1_CGTGCTTGTAGCACAG,Memory CD4 T cell
L3_GTAGAAATCCGTTGAA,Memory CD4 T cell
E2L7_AAGTGAAAGGCGTTGA,Memory CD4 T cell
E2L4_CTCCAACTCGCTAAAC,Effector memory CD8 T cell
E2L4_AGTCATGGTTTCGTGA,Platelet
E2L7_TCAATCTGTCTTAGTG,CD1c+ conventional dendritic cell
L5_AGGACGATCATCGCTC,Memory CD4 T cell
E2L8_GAGTGTTTCATTCATC,CD14+ monocyte
L2_CACGAATTCCTGTTGC,Effector memory CD8 T cell
E2L7_TTTCATGCAGTAACAA,Naive CD4 T cell
E2L5_TCAAGTGAGTGCGCTC,Memory B cell
E2L5_TCTTGCGCATGAGGGT,CD56bright NK cell
E2L8_AAAGTGAAGCAGCCCT,Platelet
L3_TTGCGTCCACTCTAGA,CD161+ memory T cell
L2_CATCCACCATGGGTCC,CD161+ memory T cell
E2L1_TGTGTGATCAGACATC,CD16+ monocyte
L3_CCTTCAGGTGGATCGA,Effector memory CD8 T cell
L1_CTTTCAAAGTAGATCA,Naive B cell
E2L7_CCGTAGGCAACCGGAA,Plasmacytoid dendritic cell
L2_ATCCCTGGTTCGATTG,Plasma cell
L3_GTAATGCGTGGGCTTC,Effector memory CD8 T cell
E2L4_TGACGCGGTGATGAAT,Plasmacytoid dendritic cell
E2L8_TATGTTCAGTAAAGCT,Naive CD4 T cell
E2L1_CAGATTGCACAAGTGG,Naive CD4 T cell
E2L6_CTCGAGGCACCTGCTT,Naive B cell
E2L2_TGTCCTGTCGCCAGAC,Effector memory CD8 T cell
E2L5_GTATTTCGTCTTTATC,Effector memory CD8 T cell
E2L4_CACGTGGCAAACTAGA,Platelet
L3_GTAATGCAGACCAGCA,CD1c+ conventional dendritic cell
E2L1_TCGAAGTAGCAATTAG,Memory CD4 T cell
E2L2_AGCTCAACACTGGATT,Memory B cell
E2L8_GGGACCTTCGGCTGTG,CD16+ monocyte
E2L8_TGCAGATAGCTCTGTA,Memory B cell
E2L6_ATTCTACTCCGGCAAC,Memory CD4 T cell
L1_CAGCCAGTCCGGTTCT,Effector memory CD8 T cell
E2L1_TGTTCCGAGTAGCCAG,Cycling NK cell
L1_TGTGTGACACAATGAA,Activated T cell
E2L2_TTACAGGGTGGTAATA,Memory CD4 T cell
E2L5_TCTACATCACCGTCGA,Platelet
L5_GGTAGAGCAGGGAATC,CD14+ monocyte
L1_AGCTCAATCATGAGTC,CD16+ monocyte
E2L6_ACGGTCGAGGTTTACC,Effector memory CD8 T cell
L4_GTGTTAGTCATCAGTG,CD16+ NK cell
L4_TGTTGAGTCTGAGAGG,Erythrocyte
L5_TCGCAGGTCCGCAAAT,CD1c+ conventional dendritic cell
L3_GTCCCATGTAGAGTTA,Naive CD8 T cell
L4_TAGGGTTTCTCATTTG,Platelet
E2L3_CTGTCGTGTGTAACGG,CD16+ monocyte
E2L8_CTGTACCGTGTAAATG,Effector memory CD8 T cell
E2L1_CGGAATTCATGGCACC,Naive CD4 T cell
E2L2_GTTGTAGCAGAGAAAG,Effector memory CD8 T cell
L5_CTTAGGACAGCGTACC,Plasma cell
L1_TATATCCTCTCATAGG,CD16+ NK cell
E2L2_AGCGCCATCACATTGG,Effector memory CD8 T cell
L5_TCGGGCAAGTGTTCCA,Platelet
L2_CTCCCAATCCTTGACC,Memory CD4 T cell
L5_ACGATGTTCTGCTCTG,Effector memory CD8 T cell
L2_ACAGGGATCTTAGCCC,Effector memory CD8 T cell
E2L3_CCATCACAGAGAGCCT,Platelet
E2L4_ATTTCTGGTGCACAAG,Naive CD4 T cell
E2L5_ATACCGATCGACATCA,Naive CD4 T cell
E2L4_CGCAGGTGTCGTCATA,Memory B cell
E2L3_CTTCCGACACTTGAGT,Effector memory CD8 T cell
L4_CATGAGTCATTGCAAC,Cycling NK cell
E2L4_GTCTGTCGTGGCACTC,Platelet
L2_TGTAAGCTCCTAACAG,Memory CD4 T cell
E2L3_GTCCTCAAGAACAAGG,Naive CD4 T cell
L4_CACCAAACACTGGACC,Naive CD4 T cell
E2L5_AGAACCTTCTCGGTAA,Activated T cell
E2L4_ATGGGAGAGTTTGTCG,Platelet
E2L5_TTCCTAATCACACGAT,Naive B cell
E2L1_GTTCCGTTCTGAGCAT,Platelet
L1_ATTTACCCACGCAGTC,Mast cell
L4_AGAGCCCTCACAGAGG,Plasma cell
E2L8_TACGTCCGTTCTTGCC,Naive CD4 T cell
E2L5_TCAATTCGTTGTGTTG,Effector memory CD8 T cell
E2L2_TCCTCTTTCAGCCTCT,Effector memory CD8 T cell
E2L2_GTAGCTACATCCGAAT,Memory CD4 T cell
L5_GTGTGGCCAAACGAGC,Naive CD4 T cell
E2L5_CGAGGAACAGCTGCCA,Effector memory CD8 T cell
E2L1_AGTTCCCTCGCCAGAC,Effector memory CD8 T cell
L4_TCTACATGTACCCACG,Memory CD4 T cell
L3_GTGTTAGCAGATAAAC,CD14+ monocyte
L2_CAGCACGGTATATGGA,Erythrocyte
E2L2_TCGATTTAGCACACCC,CD14+ monocyte
E2L3_AAGTGAAAGAGGACTC,CD1c+ conventional dendritic cell
L1_TGGTTAGAGTCTGCAT,Memory CD4 T cell
E2L7_TGTCCTGTCTCTCCGA,CD16+ NK cell
L3_CATTTCACAAGATGTA,Effector memory CD8 T cell
L5_CTTCGGTTCGGATACT,Plasmacytoid dendritic cell
L4_TGCGATAGTTACTCAG,CD16+ monocyte
L3_GTGGTTAAGTTATGGA,CD161+ memory T cell
E2L5_GTGTTCCGTGCATTAC,Naive B cell
E2L1_ATTCACTCAGGTCCGT,CD161+ memory T cell
E2L5_CTCCCAAGTACCAATC,CD161+ memory T cell
E2L1_GAGAAATCAAACTGCT,Platelet
L2_TTTCACAGTTTGACAC,Naive CD4 T cell
E2L4_CCGTGAGAGATGAAGG,Platelet
E2L6_CAATACGCAGCGGTCT,Platelet
E2L1_GTTGTCCAGAATACAC,CD161+ memory T cell
E2L2_CTACCCACAGTTAGGG,Mast cell
L2_TTTATGCGTTAGTTCG,Plasmacytoid dendritic cell
E2L6_ACTCCCATCGTACACA,Memory CD4 T cell
E2L3_TATTGCTCAGAAATTG,Effector memory CD8 T cell
L2_TCCCATGGTATGCTAC,CD16+ NK cell
E2L2_AACGGGAAGACGGATC,Naive CD4 T cell
L1_CCACGTTCAGCTCGGT,Erythrocyte
L3_CCGGACACACACAGAG,CD1c+ conventional dendritic cell
E2L2_ATCGGATCAATTGGTC,Platelet
L3_CATCGTCGTCCCTGTT,Activated T cell
L1_GGTGGCTCACTGAATC,CD16+ NK cell
E2L7_CGCAGGTAGTGCCAGA,CD14+ monocyte
L3_AAAGTCCGTCCAATCA,Memory B cell
L3_TCGAAGTAGTGGTTGG,Naive B cell
E2L1_TCATGTTTCAGTCATG,CD56bright NK cell
L4_TACGGGCTCCTCCACA,Activated T cell
E2L3_TTCTCTCAGCCTATTG,Naive CD4 T cell
E2L2_TTTACTGAGTCATGCT,CD1c+ conventional dendritic cell
L5_GGGATCCAGGAGGCAG,Effector memory CD8 T cell
L3_TTCTAACGTAGCCCTG,Mast cell
L2_AGCTTCCTCGATCCAA,Naive CD4 T cell
L5_AGGGAGTAGGCATCGA,Effector memory CD8 T cell
L5_GTAGTACGTACCAGAG,Mast cell
E2L8_TGATTTCGTACTTGTG,Cycling NK cell
E2L8_AGGATAAAGGCACCAA,CD1c+ conventional dendritic cell
E2L4_CGTGTCTAGACCCGCT,Memory CD4 T cell
L2_GCCAGGTGTATACCTG,Memory CD4 T cell
E2L8_ATTCCATGTTGTCCCT,CD16+ NK cell
E2L8_CTCCGATCATGGGTTT,Effector memory CD8 T cell
L4_AAGCGAGTCTGTGCAA,Mast cell
E2L2_GGGTTATGTGACCGTC,Naive CD4 T cell
E2L4_TGCGATACAGGTGGAT,Plasmacytoid dendritic cell
E2L5_GGTGTTACAACATCGT,Naive CD4 T cell
L3_GTTAGACGTGTAACGG,Naive CD4 T cell
L5_CCTCACAAGCACTCAT,CD16+ monocyte
E2L6_CAATACGGTCCGCAGT,Plasma cell
L5_AACAAGATCGTGCTCT,Naive CD4 T cell
L3_CCGGACATCGATTTCT,Plasmacytoid dendritic cell
E2L8_CCTCACACAAGTTTGC,CLEC9A+ dendritic cell
L1_TAAGCGTCACTAAACC,Naive CD4 T cell
E2L1_CCGCAAGCAGAGTGAC,Memory CD4 T cell
L5_CTTCGGTAGTCACGAG,Platelet
E2L6_TGCGGGTTCGAGTTGT,Erythrocyte
E2L5_TCGGGACGTACTGGGA,Memory CD4 T cell
L3_ATGCATGCACTCCTGT,Naive CD4 T cell
L4_ATTGGGTAGCGAGGAG,CD161+ memory T cell
L2_TCGTCCACACGGATCC,Memory CD4 T cell
E2L2_TTGGATGAGACCTCAT,Effector memory CD8 T cell
E2L6_GAACACTTCTATGCCC,CD14+ monocyte
L1_CGGCAGTCATACCAGT,Plasmacytoid dendritic cell
E2L4_TACTGCCCAGACGGAT,Cycling NK cell
E2L6_ATCCGTCGTGCTTCAA,Plasmacytoid dendritic cell
E2L6_ATCAGGTAGCGTCTGC,Memory B cell
E2L3_GTTATGGCATGGCCAC,Effector memory CD8 T cell
E2L6_CTTCAATAGACGAGCT,Mast cell
L3_TCAGGTATCCAACCAA,Mast cell
E2L5_AGTTCCCAGGAGATAG,Platelet
E2L1_CCTTCAGAGGTACTGG,Naive CD4 T cell
E2L1_AGTAGTCCATAACTCG,Plasmacytoid dendritic cell
E2L6_TCCCAGTCAAATGGCG,CD16+ NK cell
E2L4_GTTTACTTCCAACCGG,Memory B cell
E2L1_TGCTGAAAGAGTCAAT,Memory CD4 T cell
E2L7_AGCCAATTCGGTCTAA,Naive CD4 T cell
E2L5_ATGTCTTAGTCAAGCG,Effector memory CD8 T cell
E2L4_CGTAGTACAAGCGAGT,Effector memory CD8 T cell
E2L4_CCTCTAGGTTCAGCGC,Plasma cell
L3_AGAACAAGTACCCAGC,CD161+ memory T cell
E2L7_GTACAGTGTGCCTTCT,Memory B cell
L4_TCGGGTGCATCACGGC,Cycling NK cell
E2L7_GGAGGATGTTTGGCTA,Naive CD4 T cell
E2L6_TGGAGGAGTAATGCGG,Naive B cell
E2L4_AGGGAGTTCTAGGCAT,CD14+ monocyte
E2L2_TCCAGAAAGAGTTGAT,Effector memory CD8 T cell
E2L8_CCACTTGTCATGAGTC,Plasmacytoid dendritic cell
E2L5_CAACGGCCACACTGGC,Plasma cell
L4_AGGCCACAGCCGAACA,Mast cell
E2L3_TACGGTACACATACGT,CD16+ NK cell
E2L6_CACTGGGTCTGTTCAT,Naive CD4 T cell
E2L4_GACTATGAGACCAAGC,Naive B cell
E2L7_ACACTGAGTTACACAC,Naive B cell
L2_TCATTGTTCAAGTCGT,Mast cell
E2L6_GCACTAAAGACTTCCA,Platelet
E2L5_TGGGTTACATGATCTG,Memory B cell
L3_TCGGGCAAGTCACTCA,Naive CD4 T cell
L1_AGGAGGTTCCTCTAAT,Naive CD4 T cell
L5_AGAGAATCATGCTGCG,Plasmacytoid dendritic cell
L5_ATGGTTGCATCGGCCA,Mast cell
E2L1_TGCATGATCAGTCACA,Cycling NK cell
L1_CGCCAGATCCAATCTT,Effector memory CD8 T cell
E2L4_TTCCACGAGGTTCAGG,Effector memory CD8 T cell
E2L7_CACGTTCTCTCATGCC,Cycling NK cell
L1_CATCGTCAGATGCGAC,Naive CD8 T cell
L4_TGCAGATAGCACTCAT,Activated T cell
L2_GCAGGCTAGACATACA,Effector memory CD8 T cell
E2L5_AAGTTCGTCTACACTT,Cycling NK cell
E2L8_TTCCGTGAGCCAGTAG,Plasmacytoid dendritic cell
E2L3_GTCTCACTCGGCAGTC,CLEC9A+ dendritic cell
E2L4_GGGTAGACAGTCCGTG,Plasmacytoid dendritic cell
E2L2_TCTGTCGCAACTTGCA,Memory B cell
E2L7_TCATGTTGTATTTCCT,CD16+ monocyte
L3_ATAGACCCAGTGGGTA,Naive B cell
L2_AAGTCGTAGTCCTGTA,Naive CD4 T cell
E2L5_CTGAGGCCAGCTACTA,Plasma cell
E2L4_TTAATCCCAAAGGCTG,Effector memory CD8 T cell
L3_GAAGGGTCATAGGTAA,Mast cell
E2L8_TAGTGCACACGTAGAG,CD1c+ conventional dendritic cell
E2L1_GTTGAACTCGCCGATG,Memory CD4 T cell
L3_TCCACGTTCAAACGAA,CD161+ memory T cell
L5_TCACGCTAGCCATCCG,Memory CD4 T cell
E2L7_CATCCCAAGATCCTAC,CD16+ NK cell
L4_TGCCGAGTCCGGCTTT,Naive CD8 T cell
E2L4_GAAATGAGTACAGCGA,Effector memory CD8 T cell
L4_ACATCGAGTGCAGGAT,Naive CD4 T cell
E2L7_GAAGAATTCTATCGTT,Plasmacytoid dendritic cell
E2L7_CAGTGCGGTGGCGTAA,Platelet
E2L6_TCCTTCTTCGTAGCTA,Naive CD8 T cell
E2L4_TATCGCCCAGACAATA,CD16+ NK cell
E2L7_ATCATTCTCCGTCACT,Plasmacytoid dendritic cell
L3_CATCCGTGTGTCCACG,Naive CD4 T cell
E2L4_GAACGTTAGGTGCTTT,Cycling NK cell
L5_TGTGATGGTTAAGGGC,CLEC9A+ dendritic cell
L4_GCTTCACCACCCAATA,Naive CD4 T cell
L4_CTAACCCAGGTATTGA,CD16+ monocyte
E2L8_TTGCCTGGTATACGGG,Naive CD4 T cell
L3_TCTATACCACATACTG,Plasma cell
E2L8_CAGGCCATCGTTGCCT,Effector memory CD8 T cell
L4_AGGACGATCATCTATC,Memory CD4 T cell
E2L7_AGGCCACAGAGCAACC,Memory CD4 T cell
E2L8_TTGTTGTGTAGTCACT,Plasmacytoid dendritic cell
L4_TCGTAGACAGCTATTG,CLEC9A+ dendritic cell
E2L6_CTGTGAACATTGGCAT,Memory B cell
E2L7_ATCGGATCATTGCTTT,Platelet
L5_ATTGTTCCAGTTCACA,Memory B cell
E2L8_TCCTTTCGTTGCATCA,Memory B cell
E2L7_GGGCTCAAGGAGAATG,Memory B cell
L1_CCGCAAGCAGGTGTGA,Naive CD4 T cell
L1_AAGTGAACAGGACGAT,Naive CD4 T cell
L4_TTGGGTATCCTCAGGG,Mast cell
E2L8_AGTTCCCGTGGTCAAG,Cycling NK cell
E2L8_ATTCCTAAGCGAGGAG,Naive CD4 T cell
E2L8_TTTACCAAGTTTCGAC,Naive CD4 T cell
L1_CCCTAACTCTGAGATC,CD14+ monocyte
L5_TCAAGTGCACGACCTG,CD16+ NK cell
E2L8_AGTGCCGGTCCAACGC,Naive CD4 T cell
L1_TCAGTGAGTTCTCGTC,Naive CD8 T cell
L5_AAGTGAACATAACAGA,Naive CD4 T cell
E2L6_TCAGTCCGTGACACGA,CD56bright NK cell
E2L6_AAGGTAATCGACACCG,Effector memory CD8 T cell
E2L8_GCCGTGAAGAAGTGTT,CD16+ monocyte
E2L6_TACTTCACAGCGTATT,Cycling NK cell
E2L5_ACCTGTCTCATCGCCT,Effector memory CD8 T cell
L4_ATGACCAAGGTAGACC,CD16+ monocyte
E2L5_CTGAGGCCATTCTCCG,Plasmacytoid dendritic cell
L5_GTTAGACTCGTAGCTA,Mast cell
E2L4_AGCATCAAGAGGTTTA,Memory B cell
E2L1_ACTATCTAGACGGAAA,Memory CD4 T cell
L5_ATCACAGGTGTTAAAG,Naive CD4 T cell
E2L7_ATATCCTCAGGTTCGC,CD1c+ conventional dendritic cell
E2L8_ACATCGACACGCTTAA,Activated T cell
L5_CTCCGATGTGGCTACC,Naive CD4 T cell
L5_TGACTCCGTTCTAACG,Mast cell
E2L2_TCCAGAATCTCGACGG,Plasma cell
L1_TAGAGTCTCGATACAC,Plasmacytoid dendritic cell
E2L2_AGTGATCAGCCGATCC,Cycling NK cell
L2_GTGGCGTTCATTTCGT,Memory B cell
E2L6_ACCTGTCAGCCGATAG,Naive CD4 T cell
E2L4_GTCCACTGTCCCGCAA,CD161+ memory T cell
L4_CATACCCTCTTCGGAA,Plasmacytoid dendritic cell
E2L6_ACGATCAAGATGGTCG,CD161+ memory T cell
L1_CTCCCTCTCGTCTAAG,Memory CD4 T cell
E2L7_TGTTCTATCTTGAGCA,CD14+ monocyte
E2L1_AAGGAATTCCTCCACA,Platelet
E2L7_ACGGTCGTCGTCAGAT,Naive B cell
L2_TAGGAGGCATGCACTA,Naive CD4 T cell
E2L7_TAACTTCAGTTTGCTG,CD161+ memory T cell
E2L1_GAGGCCTAGCCACTCG,Effector memory CD8 T cell
E2L4_TCAGTTTTCCAACTGA,CD14+ monocyte
E2L2_ACACAGTCAGGTCCCA,Naive B cell
L5_TGTCCCAGTCAAGTTC,Memory CD4 T cell
L1_CATGAGTGTGCATTAC,Erythrocyte
L5_AAAGGTACACGCGCTA,Erythrocyte
E2L1_CGTGAATTCGCGGACT,Memory B cell
L4_GAATCGTCAGATCATC,Naive CD4 T cell
E2L1_GAGTCATTCCGAGAAG,CD161+ memory T cell
L1_TGTCCCACAGGATCTT,Memory CD4 T cell
E2L2_GACTCAAGTGGACCTC,Naive B cell
E2L1_CCACAAATCGGATTAC,CD56bright NK cell
L1_GCTACCTGTTTGCCGG,Naive CD4 T cell
L4_AATGACCGTACCAATC,Mast cell
E2L3_CCTGTTGTCGAGTCCG,Naive CD4 T cell
E2L2_TCATTTGCACTGAATC,Naive B cell
L5_TCCCACAAGAGGTCGT,Plasmacytoid dendritic cell
E2L7_TTTGGTTAGTATGTAG,Effector memory CD8 T cell
L2_TCGTCCACACGGCACT,Cycling NK cell
E2L3_AGACAAAGTTGCTAGT,CD1c+ conventional dendritic cell
E2L4_CTGCAGGGTTAACAGA,Naive CD4 T cell
L4_ATTCAGGCACAGTACT,Naive CD4 T cell
E2L6_TCGCAGGAGGCACCAA,Memory CD4 T cell
E2L6_TATGTTCCAAGAGGCT,Platelet
L2_TTACGCCGTTACCCTC,Cycling NK cell
E2L8_ACCAAACTCCTGGGAC,CD14+ monocyte
E2L3_GTCCCATGTGCTCCGA,Memory B cell
E2L2_TGCGGGTTCCTGTAGA,Naive CD4 T cell
E2L4_ATCGATGCAGCTGTTA,Cycling NK cell
L4_GCTGCAGTCACCTCTG,Naive CD4 T cell
E2L4_CGTTAGAGTGATCATC,CLEC9A+ dendritic cell
E2L6_GGTGTTATCACCATCC,Naive B cell
L1_CCACCATTCGAGAAAT,Naive CD4 T cell
L2_GTAGTACTCGGACCAC,CD14+ monocyte
E2L5_CCTGTTGCAGTCTCTC,Memory CD4 T cell
L1_TCTCACGGTAGGACCA,Mast cell
L5_AGAAGTAGTGCGAGTA,Memory CD4 T cell
E2L5_AGTTAGCTCGTAACTG,Memory CD4 T cell
E2L8_CTCTCAGGTAAGATAC,Memory B cell
L3_AGTCAACAGAATCGAT,CD56bright NK cell
E2L1_GGGACCTGTTAGGGAC,Platelet
L4_TCCTGCAAGGATGAGA,Memory B cell
L1_AGTGCCGTCCCGTAAA,Effector memory CD8 T cell
L2_AGACCCGCACGGCGTT,Effector memory CD8 T cell
E2L1_CCGATGGCATGAGAAT,Memory CD4 T cell
L5_AGTACTGAGATGACAT,Plasmacytoid dendritic cell
L5_TACCTCGAGCCTCATA,Memory CD4 T cell
L1_CAAAGAATCGAAGCAG,Effector memory CD8 T cell
E2L3_TGAATGCGTCCTGTTC,Cycling NK cell
E2L8_CTCTCAGGTGCCCACA,Naive CD4 T cell
E2L8_GCATCGGGTTTGGCTA,Memory B cell
L4_CATCGGGGTCTTACTT,Effector memory CD8 T cell
E2L3_GGTGAAGAGGACTTCT,CD161+ memory T cell
E2L7_AGAACAATCTAAGGAA,Memory B cell
L2_ATGCATGAGTTGTCGT,Naive CD4 T cell
E2L1_CCACGTTCAACATCGT,CD161+ memory T cell
L2_TACCTCGCAGGCACTC,CD1c+ conventional dendritic cell
L5_AGATCCAGTTTGGGAG,Platelet
L1_CTGGACGCAACAAAGT,Memory CD4 T cell
E2L5_TCACAAGTCCGCAAAT,Naive CD8 T cell
E2L4_GGATCTACAAGACCTT,Memory B cell
E2L4_ACATTTCAGTACTGTC,Memory B cell
E2L6_GCTACAAGTTGACTGT,Plasmacytoid dendritic cell
L1_ATGAGTCTCCAGCTCT,CD56bright NK cell
L3_TGATGCAGTTGCTCCT,Naive CD4 T cell
E2L5_CGTTAGACATCCAACA,Plasma cell
E2L2_ATTGGGTCACGCTGCA,Naive B cell
E2L5_TTGACCCTCCACGAAT,Memory CD4 T cell
E2L7_TGCGGCAGTAAGCGGT,Memory CD4 T cell
E2L6_GACATCAAGACGAGCT,Memory CD4 T cell
E2L5_AGAAATGCACTGGAAG,Effector memory CD8 T cell
E2L7_GAGTGTTAGATGCTAA,Plasmacytoid dendritic cell
E2L4_AGGTGTTAGCTAGAGC,CD16+ monocyte
L2_GATGAGGAGAGTTCGG,Cycling NK cell
L1_GGGCTCACATTCACAG,Plasma cell
E2L2_GTTCGCTAGGAGGTTC,Naive CD4 T cell
L4_AGGAGGTAGAGCATCG,Erythrocyte
L1_AACCCAACACTTCCTG,Memory CD4 T cell
L5_GTGTAACTCGGTTCAA,CD16+ monocyte
L1_GTAATCGAGCTAATGA,Memory CD4 T cell
E2L5_AGAACCTTCAAAGCCT,Effector memory CD8 T cell
E2L6_GAAGTAACACACGGAA,Effector memory CD8 T cell
E2L1_CCAATTTAGGGCCCTT,Plasmacytoid dendritic cell
E2L7_TATATCCGTTTCCAAG,Memory B cell
E2L1_TAGTGCAGTTGAGAGC,Naive CD4 T cell
E2L3_GTTGTAGTCATCGGGC,Effector memory CD8 T cell
E2L6_ACATCGAGTTGCCGCA,CD16+ monocyte
L4_CAGTGCGCAATAGGAT,Naive CD4 T cell
L4_CGTAAGTCATGTGTCA,Mast cell
E2L8_CCGTTCAGTGTTGCCG,Plasma cell
E2L5_TCGAAGTGTATCCTTT,CD16+ NK cell
E2L3_GCTACAACAGGTACGA,CD14+ monocyte
L5_TTCTTGATCCGAGAAG,CD14+ monocyte
L5_CACAACAAGCAGATAT,Naive CD8 T cell
E2L6_TAATTCCTCGTTCCTG,CD14+ monocyte
E2L6_CTGCATCTCCGATCTC,Plasmacytoid dendritic cell
L5_CTCAGGGGTCGTGCCA,Memory CD4 T cell
L3_TCCAGAATCTCGGTCT,Memory CD4 T cell
E2L3_TCGCTCAAGCTGGAGT,Plasma cell
E2L4_GTGGCGTCACATACTG,CD16+ monocyte
L4_TCAAGCAGTGGTTTGT,Naive CD4 T cell
L4_TAACCAGTCCTTCTTC,Naive CD4 T cell
L4_AAAGTGATCTCTAAGG,Naive CD4 T cell
E2L6_TCTTCCTCACAAGGTG,CD14+ monocyte
L3_TGAACGTCACTCGATA,CLEC9A+ dendritic cell
L5_TTGTTGTGTTGCATAC,Mast cell
L4_GAAGGACTCTTGTGCC,Plasma cell
E2L3_CGGAGAAGTTCCTTGC,Memory CD4 T cell
E2L5_TTCCTAAAGCAGTAAT,CD16+ NK cell
L2_TCCATCGGTTGTATGC,Mast cell
L4_TGCTTGCCACAAATAG,CLEC9A+ dendritic cell
E2L4_GGTGAAGAGACCATTC,Memory CD4 T cell
E2L1_CTGTCGTGTCTGTGTA,Effector memory CD8 T cell
L1_CTGTAGATCATCACTT,Memory CD4 T cell
L4_TCCTAATAGCTCGCAC,Effector memory CD8 T cell
E2L2_TGTTCCGAGTACCCTA,Memory CD4 T cell
E2L4_GTTGTAGTCTAGTGAC,CD14+ monocyte
E2L2_ACGGAAGAGGCATCGA,Memory B cell
E2L8_CCTAACCCAAGCGCAA,Naive CD4 T cell
L2_TATCCTACATTACTCT,CD16+ monocyte
L4_GGGTGTCGTCACAATC,CD56bright NK cell
L3_CATAAGCCAAGGTCTT,Memory B cell
L1_CACTGAAAGAATCGCG,Memory CD4 T cell
L5_CGCCAGATCGCAGTCG,Naive CD4 T cell
E2L7_GCTTTCGCAGGGATAC,Plasmacytoid dendritic cell
E2L5_CCCGGAACACATCCCT,CD16+ NK cell
L4_GACGTTAGTAGACGTG,CD16+ monocyte
L3_TCAATTCAGCGCTGCT,Naive CD8 T cell
L1_GAAGCGACAACGAGGT,CD16+ NK cell
E2L4_GATCGTATCCTTTAGT,Plasmacytoid dendritic cell
E2L5_CAATGACAGCCGAATG,CD16+ NK cell
E2L5_ACTATTCGTGAGCGAT,CD161+ memory T cell
E2L2_GTCGAATCAGCTCGGT,CD16+ monocyte
E2L5_TTCTAACTCCAGCACG,CD14+ monocyte
E2L8_TCAGGTACAGGCACTC,Cycling NK cell
L3_GTTGCTCTCCGTCCTA,CD16+ monocyte
L1_GTTGCGGTCGTGTTCC,Memory CD4 T cell
L4_GTGAGCCGTCTCGACG,Naive CD4 T cell
L3_TGGTGATGTCTGCCTT,CD16+ NK cell
L4_TAGGTACAGAGTCGAC,Effector memory CD8 T cell
E2L6_TGGAGAGGTAAGATTG,Effector memory CD8 T cell
L4_CGTTGGGAGCTTGTTG,CD56bright NK cell
L3_TGTCCACAGGCGTTAG,Naive CD4 T cell
E2L4_GACTATGAGGGTATAT,Memory CD4 T cell
E2L3_GTCATGAAGGTGCAGT,Plasma cell
E2L5_TTGTTTGCAGAGTCAG,CD161+ memory T cell
L3_CCGTGAGAGTTCCTGA,Naive CD4 T cell
E2L6_CTTACCGAGGCTCTAT,Memory B cell
L4_TAGCACATCACCGGGT,Effector memory CD8 T cell
E2L1_CCACACTTCCCGAGAC,Naive CD4 T cell
L2_AGTGACTGTCTGTGCG,CD161+ memory T cell
L4_GGGCCATAGACAACTA,Memory CD4 T cell
L5_GTGAGCCCAGTTTCAG,Naive CD4 T cell
E2L7_AATGACCGTATTTCCT,CD56bright NK cell
E2L3_AGGTGTTGTCCACTTC,Plasmacytoid dendritic cell
E2L1_GATCCCTCAAATGGCG,Naive CD8 T cell
L2_TAGACCATCACTTCTA,Memory CD4 T cell
E2L1_GAATAGAGTTCTATCT,CD161+ memory T cell
L1_GAGTCATGTGCATGTT,Erythrocyte
L5_TATTCCAAGTTCATCG,Effector memory CD8 T cell
E2L3_GTAAGTCAGTCACTAC,Memory CD4 T cell
E2L1_CCTACGTTCGTGTTCC,Memory CD4 T cell
E2L2_CCACTTGTCTGTGTGA,Memory B cell
E2L8_CTCTCGAGTGACACAG,CD14+ monocyte
E2L8_AGTCATGTCATTGAGC,CD16+ NK cell
E2L5_ACACGCGGTATCCTTT,Effector memory CD8 T cell
L5_TCTGCCATCAAACGTC,Naive CD4 T cell
L4_TGGTAGTGTTAGAGTA,Effector memory CD8 T cell
E2L2_CTCAGTCCACATATGC,Memory CD4 T cell
L2_TCCATCGCATCGGAAG,Plasma cell
E2L4_AGCTACAGTTTAGACC,Memory CD4 T cell
L2_GGAGATGGTACCTGTA,CLEC9A+ dendritic cell
L4_TCGGGACAGCCACCGT,Cycling NK cell
E2L7_GCAGCTGCAGAACTTC,Cycling NK cell
L5_AACGGGATCTCTCTAA,CD1c+ conventional dendritic cell
L5_GACCGTGGTGCAGATG,CLEC9A+ dendritic cell
L4_AGCCAATAGCTCTGTA,CD16+ NK cell
E2L7_GGTCTGGGTAGAATGT,Memory B cell
E2L5_AGACTCAAGTTGCCCG,Effector memory CD8 T cell
L1_CAAGCTACAAATCAGA,Naive CD4 T cell
E2L4_CCTTGTGGTGGTTCTA,Memory B cell
E2L2_AACAGGGTCCATTGGA,CD56bright NK cell
L4_GTGCACGTCGTGTGGC,Cycling NK cell
L5_ACTTATCCAGAGTAAT,Naive CD4 T cell
L2_ATTCCCGTCATCACAG,CD161+ memory T cell
L3_ATGCATGGTTCCAGGC,CD1c+ conventional dendritic cell
E2L3_ACGCACGTCTCGAGTA,CD16+ monocyte
E2L3_GACCCTTAGGTAAAGG,Naive CD4 T cell
L5_CCCTCAAGTGCGTTTA,Naive CD4 T cell
L5_GTTTGGACAGTGGCTC,CD16+ NK cell
L5_ACAAGCTAGAGCTGCA,Naive CD4 T cell
L4_AGTCATGAGCGCCATC,CD16+ monocyte
L5_TGCTTGCCACGCGTCA,Plasmacytoid dendritic cell
L5_ACTGTCCAGTACAGAT,CD16+ monocyte
E2L7_ACCAAACCATGTGGTT,CD16+ monocyte
E2L7_CAACCAAAGTACGTCT,Naive B cell
E2L5_CAATGACAGATTCGCT,Naive B cell
E2L8_TCAGGGCAGACAGTCG,CD1c+ conventional dendritic cell
L4_CACAGGCAGAGAAGGT,Naive CD4 T cell
E2L7_GTATTGGCAGCTGTTA,Memory B cell
L5_CTCAGGGGTTGACTAC,Mast cell
E2L1_CCCTTAGGTCCAAGAG,Effector memory CD8 T cell
L1_CAGTGCGCACGACGCT,Plasmacytoid dendritic cell
E2L3_TCGGGCAAGGAGATAG,Effector memory CD8 T cell
E2L5_GAAGGGTAGGGCAGTT,Effector memory CD8 T cell
E2L7_CTGTACCGTGACAGGT,CD56bright NK cell
E2L6_TCCGTGTCACGCAAAG,Plasmacytoid dendritic cell
L5_GCACGTGGTACAAAGT,Naive CD4 T cell
L3_CTGAGGCAGGTAACTA,Effector memory CD8 T cell
E2L5_TAGCACATCAGAGCGA,Naive B cell
L3_GAGCCTGTCGCCAGAC,Plasma cell
L2_ATCCCTGCACAAATGA,Naive CD4 T cell
L4_GTTGTAGCATGACCCG,Naive CD4 T cell
L2_CCATAAGCATATGCGT,Mast cell
L3_AGGAGGTAGACTGTTC,CD56bright NK cell
L1_AGGACTTGTCAGATTC,CD14+ monocyte
L4_CGCGTGAAGGTGCCTC,CD16+ monocyte
E2L6_CCACGAGAGCAAGTGC,Platelet
E2L6_ACTTTGTCACGCCAGT,Naive B cell
E2L5_CTCCAACCAGTTGTCA,Effector memory CD8 T cell
E2L2_CAGTGCGGTATGAGCG,Activated T cell
E2L6_TACTGCCAGCAGCGAT,Naive B cell
L3_GTCATCCCAGGTAGTG,Plasma cell
L4_AGTCACACACAAGTTC,CD14+ monocyte
E2L5_CGGAGAATCGTTCCCA,CD14+ monocyte
E2L2_GTGGAAGGTGCGTTTA,Plasmacytoid dendritic cell
L2_CATCGCTTCTGCGTCT,Mast cell
E2L7_AGATGCTAGCCTCAAT,Naive CD4 T cell
E2L5_GTAGATCAGGCGACAT,Memory CD4 T cell
L5_TTCCGGTAGCAGGCTA,Naive CD4 T cell
E2L8_TTTCACACACTGGCCA,CD1c+ conventional dendritic cell
E2L8_CCCTGATGTCTACGTA,CD14+ monocyte
E2L7_AAGACAAAGCCATGCC,Platelet
E2L6_ATATCCTCAATTTCCT,Platelet
L3_TGATTTCAGTGCACAG,CD16+ monocyte
E2L6_TCATTGTAGTCGGGAT,Plasmacytoid dendritic cell
E2L7_GGTTCTCGTCAATGGG,Plasmacytoid dendritic cell
E2L7_CGATGGCTCCCTTGTG,Effector memory CD8 T cell
E2L2_ATCTTCACAAGTTGGG,Cycling NK cell
E2L3_GGGTGTCTCTATCGGA,Effector memory CD8 T cell
E2L6_TTTCGATTCGCCACTT,Platelet
L2_ACATGCATCTGTCGCT,Effector memory CD8 T cell
E2L4_CCTAACCAGAAATCCA,CD14+ monocyte
L5_TTTGATCGTAACGCGA,Effector memory CD8 T cell
E2L2_TTCCTAAAGTATGGCG,Naive B cell
L2_ATCCCTGGTTCTGAGT,Naive B cell
E2L4_TCATTGTCATCGGATT,Memory CD4 T cell
E2L7_CATTCCGAGGGAGGCA,Memory B cell
E2L4_AATGCCAAGATTAGCA,CD16+ NK cell
E2L7_TATCGCCCATACTTTC,Platelet
L4_CCTAAGAAGCGGTAAC,Memory CD4 T cell
E2L8_ATCGGCGAGTATGACA,Naive B cell
E2L2_CGAGTGCAGCGCATCC,Plasma cell
L3_CGGGTCAGTCATGACT,CD1c+ conventional dendritic cell
E2L6_ATTCTACGTTCTCAGA,Naive B cell
E2L8_GAAACCTAGCCTGAGA,Naive CD4 T cell
E2L4_GTGGAAGTCCTCTGCA,Platelet
E2L2_TGGTACAGTTCTTGTT,Platelet
E2L7_CAGCGTGGTCGAGTTT,Effector memory CD8 T cell
L3_TCGAACACAGCTGAAG,Naive CD4 T cell
L5_TCAGTCCAGCATTGAA,Naive B cell
E2L3_TCCTAATCAGAAGTGC,Naive CD4 T cell
E2L4_AAGTTCGAGTTGAAAC,Effector memory CD8 T cell
E2L8_CGTGCTTGTGAGATAT,Naive CD4 T cell
L1_TCCTTTCTCGCCAACG,Memory B cell
L5_TCGTGCTAGCCAGACA,Naive CD4 T cell
L2_TGGGAGAGTGCATCTA,Naive CD4 T cell
L2_CTCAACCGTGGTAATA,CD161+ memory T cell
L3_ATCCCTGAGGGCAGTT,Plasma cell
E2L8_AACGGGAGTACGCTAT,CD1c+ conventional dendritic cell
L2_AGAGCAGAGGCCCGTT,CD161+ memory T cell
L4_GTCATGACACCAGCCA,Memory B cell
L5_GCCAGGTTCATCACCC,Naive CD4 T cell
L3_GCTTCACAGGAAGAAC,Naive CD4 T cell
E2L8_GTTCGCTGTATGGGAC,Naive CD4 T cell
E2L7_GGTGAAGGTATCGGTT,Effector memory CD8 T cell
L1_TCAAGCAGTCACTACA,CD1c+ conventional dendritic cell
E2L1_CCACACTAGTCTGTAC,Cycling NK cell
L3_TCGCACTTCGCTGACG,Effector memory CD8 T cell
E2L6_AAGCCATTCCGCAACG,Effector memory CD8 T cell
L4_GGTTGTAGTCAGACTT,CD16+ monocyte
L1_TTCTTCCTCTTTGCGC,Erythrocyte
E2L7_CCGTGAGGTCACAATC,CD16+ NK cell
E2L1_AGACCCGGTAGGCAGT,CD1c+ conventional dendritic cell
E2L8_GTGGTTACATATTCGG,Cycling NK cell
E2L6_TCGCTCACACTTGGGC,Naive B cell
E2L4_ATAGGCTTCGATAACC,Plasmacytoid dendritic cell
E2L4_GAACTGTAGGTACTGG,CLEC9A+ dendritic cell
E2L2_CTTCTAATCGCTTAAG,Memory B cell
E2L2_AGGATAAAGAACTTCC,Memory B cell
E2L5_TCATTACGTCTAGGTT,Cycling NK cell
L4_TCCGATCGTCGTACAT,Plasma cell
L5_AAACGAAGTTCTTCAT,Effector memory CD8 T cell
E2L4_TCCATCGAGTATTAGG,Naive CD4 T cell
L3_TACCTCGCAGGTGTTT,Memory CD4 T cell
L4_GGAGGATTCCCATAGA,Naive CD4 T cell
L4_TTACAGGCAACTCGAT,Mast cell
E2L6_ACTTAGGGTGTTACAC,CD16+ monocyte
L4_TGAATGCGTTGTAAAG,CD16+ monocyte
L5_GGAGGATAGCCATCCG,Naive CD8 T cell
L3_AGACTCAAGCCAAGTG,Effector memory CD8 T cell
E2L6_ACGGTCGAGAGGGTAA,Naive CD4 T cell
E2L3_ATTCTACAGACCACGA,CD14+ monocyte
L1_CGTGAATTCTGGAAGG,CD161+ memory T cell
L4_TGACTCCAGGGCAAGG,Memory B cell
L5_CACTGAAAGACATATG,Plasmacytoid dendritic cell
L3_TCATGGAGTCTAACTG,Memory CD4 T cell
E2L1_GTCGAATCACAACGTT,Mast cell
L5_CGGAACCAGTGGCGAT,CD16+ monocyte
L5_TCGGGTGAGGGCATGT,Erythrocyte
E2L7_TTGCATTCAGTTAGGG,Cycling NK cell
L1_TTTGGAGGTAGCACAG,Mast cell
L4_GGAATCTAGCCTTGAT,CD161+ memory T cell
E2L3_GTCACTCAGATAACAC,Plasmacytoid dendritic cell
E2L7_CTTACCGCACCGTGGT,Memory B cell
L2_GTCGCGAAGATGGCGT,Mast cell
E2L7_AAGGTAACACGTCGTG,CD16+ monocyte
L1_GGGCTACCAGCTTTGA,Plasmacytoid dendritic cell
L2_GGTCTGGCAGGCCCTA,CD161+ memory T cell
L2_GAATCACCATACGCAT,CD161+ memory T cell
E2L7_GGTGTTACAATTGCGT,Effector memory CD8 T cell
E2L7_GTAGAAATCGAGAACG,CD14+ monocyte
E2L7_ACTTCCGGTTTAGACC,CD16+ NK cell
E2L4_ATTACCTCATTGTACG,Memory B cell
L5_TCAGTTTTCACCGGTG,Cycling NK cell
L3_ATTCAGGAGTCGGGAT,Memory CD4 T cell
E2L5_TTTGGTTTCGAGTTGT,Plasma cell
L3_TAACCAGAGGAAAGAC,CD14+ monocyte
E2L2_AGTAGCTCAGCGAACA,CLEC9A+ dendritic cell
L5_CTTCTCTTCGTTCTCG,Memory CD4 T cell
E2L1_TACTTCAAGAGAGAAC,Naive CD8 T cell
L3_GTCCCATGTGCGAGTA,Cycling NK cell
E2L4_GCGGAAAAGCATCAAA,Memory B cell
L4_CGTCCATAGATACAGT,Memory B cell
L1_AGTACTGTCGGATTAC,Mast cell
E2L4_ATGAGTCAGAAACTGT,Naive CD4 T cell
L2_AATCACGTCGGCACTG,CD16+ monocyte
L5_TCCAGAACAGAGGACT,CD161+ memory T cell
L4_TGTAGACAGTAAAGCT,CD56bright NK cell
L1_TGTCAGACAAGTGTCT,Naive B cell
L3_TGCTGAACAACGCCCA,CD161+ memory T cell
E2L4_ATCCTATTCATTCATC,CLEC9A+ dendritic cell
L5_GCATCTCGTGCTATTG,Mast cell
L4_GAAGCCCGTTACAGCT,Effector memory CD8 T cell
L1_ACCGTTCCAACCCGCA,Cycling NK cell
L3_TTCTCTCAGCTTGTTG,CD16+ monocyte
L5_ATCATTCGTACCCAGC,Memory B cell
E2L5_CAGTTAGGTCTCACAA,CD1c+ conventional dendritic cell
L4_GGTTAACAGCTATCCA,Memory CD4 T cell
L5_CTCAGTCCACTGCTTC,Naive CD8 T cell
L5_GGATGTTGTATGGAGC,Memory CD4 T cell
L2_TACGTCCGTGATGGCA,Effector memory CD8 T cell
L2_CCAAGCGAGAAACACT,Memory CD4 T cell
E2L3_GTCGTTCTCTCGTGAA,Memory B cell
L1_CAACGGCGTCCACTCT,Effector memory CD8 T cell
E2L7_TAAGCCAGTAAGACCG,CD1c+ conventional dendritic cell
E2L5_GCAGCCACACCTGAAT,Memory CD4 T cell
E2L4_AACCCAAAGCAGGTCA,CD14+ monocyte
L1_AGGATAATCGGTCACG,CLEC9A+ dendritic cell
E2L7_TAATTCCCATCTGTTT,Naive CD4 T cell
L4_CTGATCCAGGTAAGGA,Effector memory CD8 T cell
E2L3_CACTGAACATGAGAAT,Effector memory CD8 T cell
E2L1_ATGGTTGTCGTTGTAG,Effector memory CD8 T cell
E2L1_AAGGAATCAAGAGGCT,CD16+ NK cell
E2L6_GGGAGTAGTGACTATC,Naive CD4 T cell
E2L7_AGGCCACAGATGATTG,Memory B cell
E2L6_CCTGCATGTCGCCACA,Effector memory CD8 T cell
L1_TCACATTCACACTGGC,Mast cell
L5_CGTCAAAAGCCATTTG,Activated T cell
L1_TCATTTGAGTGATAGT,Naive CD4 T cell
E2L4_GTAGGTTTCTGAGTCA,Naive B cell
L2_TGGTGATAGTACTGGG,Naive CD4 T cell
L3_CAAGAGGAGGCTGAAC,Naive CD4 T cell
E2L8_AAGAACACAGAGATTA,CD56bright NK cell
L3_CGAGAAGTCATTGGTG,Cycling NK cell
L5_TGAATCGCACGTCTCT,Effector memory CD8 T cell
E2L4_CGATGGCAGTCGCCCA,CD1c+ conventional dendritic cell
E2L2_GCAGGCTCAACGTTAC,Memory CD4 T cell
L4_AGGGTGAAGGATTCAA,Plasma cell
E2L8_ATAGAGAGTCACGCTG,Memory CD4 T cell
E2L8_GCTTTCGTCCGGTTCT,CLEC9A+ dendritic cell
L4_TCCCATGCAAGTCCAT,Effector memory CD8 T cell
L3_AGGGTTTAGTGGTGAC,CD16+ monocyte
L5_TCCGGGACAGTCCCGA,Cycling NK cell
E2L1_CTGCATCAGGTACCTT,CD56bright NK cell
L3_GTCCTCACAGATGCGA,CD161+ memory T cell
L3_CCGCAAGAGTAATACG,Memory B cell
E2L7_CTCAGTCGTAAGCTCT,Plasmacytoid dendritic cell
L4_TAATCTCGTGACATCT,Effector memory CD8 T cell
E2L7_GGTTCTCAGCTGTTCA,CD56bright NK cell
E2L5_CGAGTTAAGTAAGACT,Memory CD4 T cell
L2_CTCTCAGCATTGCAAC,Naive CD4 T cell
E2L2_GTAGTACCAAGTTCCA,Activated T cell
E2L2_CAGATTGCACCCAAGC,Memory B cell
E2L4_TATCCTATCATTATCC,Memory B cell
L5_TGACAGTCAGATTCGT,Naive CD4 T cell
L5_TGCTTCGGTAGCGCTC,Naive CD8 T cell
L2_CCTCACACACGCTGAC,Plasma cell
L5_CTGGACGGTTGTGCAT,Naive CD4 T cell
L2_AGTACTGCATCGTCCT,Cycling NK cell
L5_TCGGGTGCATGCACTA,Cycling NK cell
L1_TCCCATGCACCAGCGT,Effector memory CD8 T cell
E2L4_ACTGTGAAGTAAGACT,Plasmacytoid dendritic cell
L3_GGTGGCTGTAATCAGA,Memory CD4 T cell
L5_GGGTAGATCGAAGAAT,Memory CD4 T cell
L5_CTTCTCTCATCCCACT,Memory CD4 T cell
L3_AGTCACACATGAGGGT,CD56bright NK cell
L2_GACTGATCATCGATGT,Memory CD4 T cell
E2L7_GTAGAGGTCGGATACT,Memory CD4 T cell
E2L5_TTGCGTCCACAGTCAT,CD1c+ conventional dendritic cell
E2L8_CGAGTGCGTTGCTCCT,Plasma cell
E2L4_GGAGGATAGTGCACCC,CD16+ monocyte
L1_ATTACCTCAACCCTCT,Effector memory CD8 T cell
E2L3_TACATTCCAACAAGTA,CD1c+ conventional dendritic cell
L2_TCGGATACATCCGTTC,Memory B cell
L2_CTGATCCGTGAGTTGG,Plasma cell
E2L7_TGTTGAGCACAACGCC,Memory B cell
L1_CCACGTTAGGGTGAGG,Naive CD4 T cell
E2L4_CATGCCTCAACGGCCT,Memory CD4 T cell
L4_TGAGCATCAGTTGGTT,CD56bright NK cell
L3_TGCTCGTAGAATTCAG,Effector memory CD8 T cell
L4_CAATCGATCGAACCTA,Memory CD4 T cell
E2L2_ACAACCATCGCCTTGT,Plasmacytoid dendritic cell
L5_CCGAACGAGGACAGCT,Memory CD4 T cell
E2L2_CAATGACGTACAAGTA,Platelet
E2L4_GTTCATTCACGCAGTC,Effector memory CD8 T cell
E2L3_TGGTACATCTCCCAAC,Memory CD4 T cell
L3_AAGATAGTCAGACCCG,Effector memory CD8 T cell
E2L4_AGAACCTCAAGGATGC,CD16+ NK cell
L1_ATGGTTGAGTTTGTCG,Naive B cell
E2L4_ACATCCCAGTAACAGT,CD14+ monocyte
L1_GGAGGATCATTACGGT,CD16+ monocyte
L4_CAGCAATGTGGATCGA,Memory B cell
E2L1_TCACTATAGCTAGCCC,CD1c+ conventional dendritic cell
L2_AGGGCCTTCAAGCTTG,CD56bright NK cell
L4_GCCGATGAGCCTATTG,Memory CD4 T cell
L2_TCCTCGACACGGTGCT,CD56bright NK cell
L5_AGCCAATGTTACAGCT,CD56bright NK cell
L1_GTAAGTCCATCAGTGT,Cycling NK cell
E2L5_AACAACCCACTCTAGA,Memory CD4 T cell
L3_CGTTAGAGTATAATGG,Effector memory CD8 T cell
L3_GGTAGAGGTAGGGTAC,Memory CD4 T cell
E2L6_CATTGAGTCGGACGTC,CD1c+ conventional dendritic cell
E2L8_ATGCATGGTCTGATCA,Activated T cell
L4_TTAATCCAGTAGGATT,Naive B cell
L3_TAGTGCAAGGCAGGTT,CD16+ NK cell
L1_ATTCAGGTCGACTCCT,CD161+ memory T cell
E2L6_GACTCAAAGGTAACTA,Effector memory CD8 T cell
L3_CGTGATACAACATCGT,Activated T cell
L5_ATCGTCCGTCGTAATC,Effector memory CD8 T cell
E2L6_GCTTTCGGTACAAGTA,Memory B cell
E2L6_GTACAGTGTGGACTAG,CD14+ monocyte
L2_GAAGGACCACGCACCA,Cycling NK cell
E2L3_ATGGATCTCATGCGGC,Plasmacytoid dendritic cell
E2L5_CGCATGGCAGCTACCG,Memory CD4 T cell
E2L5_TCGATTTTCCAACCGG,CD161+ memory T cell
L1_TTGTGGATCGAGAAAT,Naive CD4 T cell
L3_GCCGATGCATGTGGCC,CD16+ monocyte
L4_TCTAACTAGACGATAT,Naive CD4 T cell
E2L2_CACTGTCGTCAAGCGA,Memory CD4 T cell
E2L3_CGCATGGAGATGGGCT,Memory CD4 T cell
L5_AGGTGTTAGACCAGAC,Memory B cell
E2L1_TAAGTCGAGCTTTCTT,Plasma cell
E2L3_TCCCACAAGTGAGCCA,Platelet
E2L7_TGGGATTGTTCGGCGT,Memory CD4 T cell
L5_TCCCATGGTTGGAGAC,CD161+ memory T cell
E2L2_AACCACACAGGCGATA,Cycling NK cell
E2L6_ACCTGTCAGTGCGCTC,Activated T cell
L4_TGAATCGCATCTAACG,Plasmacytoid dendritic cell
L4_ACAGGGAAGGCTGTAG,CD14+ monocyte
L4_TCTCACGCACTGGCGT,CD14+ monocyte
E2L1_GTACAACCAGTAACCT,CD14+ monocyte
L5_GCCAGTGTCGGTAGAG,Effector memory CD8 T cell
E2L2_CTGTGAATCCGGTTCT,Cycling NK cell
L4_TTACCGCTCGTAGGGA,Plasmacytoid dendritic cell
L4_ATCGGCGAGCCAAGCA,Naive CD4 T cell
E2L6_ACTGTCCGTTATGACC,Naive CD4 T cell
L2_TGAATGCGTCAAAGCG,Naive CD4 T cell
L3_GGGCCATGTTGTCATG,Naive CD4 T cell
L5_AACAGGGTCGATTCCC,Effector memory CD8 T cell
L3_ACACCAATCATTGTTC,Cycling NK cell
E2L5_TGGAACTCAGCTCGGT,CD161+ memory T cell
E2L1_AGCGCCATCTTCGATT,Effector memory CD8 T cell
E2L2_GCTACCTCAAGTGGAC,Naive CD4 T cell
E2L7_AAACCCAAGTGGATTA,Effector memory CD8 T cell
E2L1_GGAATGGCACTAGTAC,Plasma cell
E2L2_AACAGGGCAGGCGAAT,CD56bright NK cell
L2_CATGGTATCAGCTGAT,Cycling NK cell
E2L3_TCATCCGGTAATACCC,Memory B cell
E2L2_AAACGCTGTGATTAGA,Naive CD4 T cell
E2L8_TGTTACTGTTGTACGT,CD56bright NK cell
L1_CGTTGGGTCGACCAAT,CD16+ monocyte
E2L5_CGTGATATCAAGAGTA,Memory B cell
L5_GATAGCTAGCAGCAGT,CD16+ monocyte
E2L4_ACCTACCTCCGAGGCT,Memory B cell
E2L8_ATCCTATCACGGATCC,Memory B cell
L3_TTCCGTGAGACCACGA,Memory CD4 T cell
E2L7_GTTGCGGAGAGTCAAT,Platelet
L1_TCCATCGCACACCGCA,Naive CD4 T cell
L3_TCGGTCTGTATATGGA,Effector memory CD8 T cell
L3_TTTATGCGTGCCCACA,Plasma cell
E2L1_ATGATCGCAACTGAAA,CD16+ monocyte
L2_TCCAGAATCTGTAACG,Naive CD4 T cell
E2L8_CCCTAACGTCTTAGTG,Memory B cell
L3_CCTGCATTCCGTGGCA,Plasma cell
L3_AGGTAGGCAGTAGTTC,Memory CD4 T cell
E2L8_TGGATGTTCCACGTCT,Plasma cell
E2L1_AAGTGAAAGCACCGAA,Plasma cell
E2L3_CACTGAATCCGCGATG,Memory B cell
L2_TAGAGTCCATGCAGCC,Naive B cell
L5_TGTTGGATCGGTCGAC,Naive CD4 T cell
E2L7_TGGATGTCAGGCCCTA,CD161+ memory T cell
E2L7_GCTTCACGTACAACGG,CD161+ memory T cell
L4_TCAAGCAGTTCCCAAA,Mast cell
L4_CAGGTATCACGGTGCT,CD161+ memory T cell
E2L5_ATCGGATCACAGCTTA,Memory B cell
E2L8_AAGCGAGCAAATTGGA,CD161+ memory T cell
L3_ATCGTGATCTGCGTCT,Mast cell
L4_TCTCCGAAGAGCCCAA,Naive CD4 T cell
E2L3_GGGCGTTCATATAGCC,CD16+ monocyte
L1_GCTTGGGTCACAGTGT,CD16+ NK cell
E2L4_AGGTCATTCGGCTTGG,Effector memory CD8 T cell
E2L1_GTTCCGTTCCCGTTCA,Naive CD4 T cell
E2L3_AATTCCTAGGTCGTGA,Naive CD4 T cell
L2_TGTGTGAGTGAACCGA,Naive CD4 T cell
L3_AGAAGCGGTCGTACTA,Naive B cell
E2L4_TGTTACTGTGCCTTTC,Cycling NK cell
L2_CATCCCAAGGTAAACT,CD161+ memory T cell
E2L3_GTGCTGGTCATCGCCT,Naive CD4 T cell
L4_CAATGACAGTTGCCCG,Naive CD4 T cell
E2L3_TGATGCAAGTAGGCCA,Memory B cell
E2L2_GTGCTTCTCCGTGACG,CLEC9A+ dendritic cell
L5_TATCTGTTCACACCCT,Naive CD4 T cell
E2L3_TGAGTCAAGACTTCCA,CD56bright NK cell
E2L8_TAAGCACAGAGCATCG,CD56bright NK cell
L5_AGGAAATGTTTAGAGA,Mast cell
E2L1_GTTACCCGTTTCCAAG,Plasmacytoid dendritic cell
L4_CAGCGTGGTTAGGACG,Memory CD4 T cell
L4_CTAGGTAAGCGCAATG,Naive CD4 T cell
L4_ATCACAGAGGCATCTT,Naive CD4 T cell
E2L4_GATCATGCAGTTCTAG,Cycling NK cell
L3_TCTACCGAGTGTTGAA,CD14+ monocyte
L2_AGGTTACCAGGGATAC,Naive CD4 T cell
E2L8_ATGGATCCAATAACGA,CD16+ monocyte
E2L3_CGAGGCTCAGATTAAG,Plasmacytoid dendritic cell
E2L6_ACGTAGTAGGTGATCG,CD16+ monocyte
L2_TCCTGCAAGCACTTTG,Naive CD4 T cell
L1_TACTTCAAGAGGTCGT,Plasmacytoid dendritic cell
E2L5_GCAGGCTGTTCTGAGT,Activated T cell
E2L2_ATTCCATGTATCTCTT,Memory B cell
E2L7_CTGAGGCCATAACTCG,Effector memory CD8 T cell
E2L4_CTCATCGCAGAGTTGG,CD56bright NK cell
E2L5_TACTTCACAAAGAGTT,Plasmacytoid dendritic cell
L1_TAGATCGAGGCGTTGA,Naive CD4 T cell
E2L6_TAGGTACGTGGTAACG,Naive CD4 T cell
E2L6_CACGTGGCAGAGGTAC,CD16+ monocyte
L4_ACAAAGAGTGCACATT,Naive CD8 T cell
E2L5_ACCACAATCAATGCAC,Naive CD4 T cell
L4_CATGGTATCAATGCAC,Cycling NK cell
L2_CTAGGTACAAGGTCGA,Naive B cell
L4_GCGATCGTCCGTGTGG,CLEC9A+ dendritic cell
L4_GATTTCTTCAGCTAGT,Mast cell
L3_TACTGCCGTTCACGAT,CD16+ monocyte
E2L1_CATCCCATCCGCACGA,CLEC9A+ dendritic cell
E2L5_GCCGTGACAGTCAGTT,Cycling NK cell
E2L5_TTTCAGTCAATAACCC,Memory CD4 T cell
L5_AGGAGGTCATCCTTCG,CLEC9A+ dendritic cell
L4_TGGTGATGTCACTAGT,Memory CD4 T cell
L3_GGGACCTAGTCAACAA,Plasmacytoid dendritic cell
E2L3_ACTGATGTCGTAGTCA,Platelet
E2L7_GTTACCCAGCCTAACT,Naive B cell
E2L2_GGTCTGGGTGCATTAC,Naive CD4 T cell
L1_ATATCCTCATGCCATA,Naive CD4 T cell
L2_GGCTTTCCATGGCGCT,Effector memory CD8 T cell
L5_TGTGAGTAGTACAGAT,CD161+ memory T cell
L4_GCAGCCATCCTGGCTT,Memory CD4 T cell
L3_TACAACGCATGCCATA,Plasmacytoid dendritic cell
E2L4_TTCCAATAGGTAAGGA,Cycling NK cell
E2L7_TTGGATGCAATGTCTG,Naive CD4 T cell
E2L4_AGCCAATCAAACTAAG,Naive CD4 T cell
E2L8_GTGTGATAGTATGCAA,Naive B cell
L1_AGGACTTGTCCTGTTC,Naive CD8 T cell
L2_TGGAACTGTTGTCTAG,Naive CD4 T cell
E2L5_ATCGATGGTTCCTTGC,CD1c+ conventional dendritic cell
E2L1_GATGTTGTCTCCGTGT,Cycling NK cell
E2L3_AGCCAGCCAGCACAAG,Plasmacytoid dendritic cell
L4_GATAGAAGTACAAACA,Effector memory CD8 T cell
E2L5_TTAGGCATCTTCGTAT,Cycling NK cell
E2L6_ATCACAGTCAATGTCG,Cycling NK cell
E2L2_ACCCAAACATTGTAGC,CLEC9A+ dendritic cell
E2L3_CTGTAGAGTTTCGACA,Mast cell
E2L2_TCCATCGCAAACTCTG,Effector memory CD8 T cell
L2_GAGGCAAAGTGGTCAG,CD1c+ conventional dendritic cell
E2L6_GCAGCCATCGTGGGTC,Plasmacytoid dendritic cell
L2_TTAGGGTCACTCTAGA,CD14+ monocyte
E2L5_CTAGGTACAAGTAGTA,CD56bright NK cell
E2L2_ACAGCCGAGGACCCAA,CD161+ memory T cell
L3_TCCGGGATCCTCTAGC,Naive CD4 T cell
E2L3_TGTAGACGTACCAGAG,Cycling NK cell
L1_GAGGCAAAGGTCTGGA,Naive CD4 T cell
E2L4_AACAAAGCATAGGTTC,Naive CD4 T cell
L1_CAGATTGAGAAACTCA,Naive CD4 T cell
E2L4_TGACCCTCAGCGACAA,Cycling NK cell
E2L1_GTGTTAGAGTTACGAA,Naive B cell
L1_GGTCTGGTCACTCACC,Cycling NK cell
E2L6_ACGGGTCCATACGCAT,Platelet
L3_TACTTGTAGTCACTCA,Naive CD4 T cell
E2L8_GTAGGTTTCAGTGGGA,CLEC9A+ dendritic cell
L2_TTGTTTGAGTAATCCC,CD16+ NK cell
L4_TTTGTTGTCGAATGCT,Naive CD4 T cell
E2L8_TCCTCCCAGAGCCATG,CD16+ monocyte
E2L1_GCCGATGGTCAGTCTA,Cycling NK cell
E2L6_TGACGCGAGCAGTCTT,Activated T cell
E2L6_TTTAGTCGTCAGTCCG,Effector memory CD8 T cell
E2L1_CCTACGTCAGCGTATT,CD16+ NK cell
L5_ATTCTTGAGAGAATCT,Memory CD4 T cell
E2L4_CCACGAGAGACGCAGT,CD56bright NK cell
E2L6_CCGTGAGAGCTTACGT,Plasmacytoid dendritic cell
E2L2_TGGTACACATAGACTC,CD14+ monocyte
E2L4_GGTGATTAGGGAGGCA,CLEC9A+ dendritic cell
E2L3_GTTACAGCACAGCTGC,CD16+ NK cell
E2L5_TTCCAATAGAGGGTCT,CD14+ monocyte
E2L1_TCTGTCGTCCTACCAC,Naive CD4 T cell
L4_GTAACCACATTCGGGC,Naive CD4 T cell
E2L7_GTACAGTAGAGGTCAC,Memory CD4 T cell
L1_GTAATCGAGTCAATCC,Naive CD4 T cell
E2L5_TTTGGTTTCGAACCTA,Plasmacytoid dendritic cell
L2_TTACCGCCATAACTCG,Naive CD8 T cell
E2L2_TCGTAGAAGATACATG,Plasmacytoid dendritic cell
L5_CACATGATCTGACGCG,Effector memory CD8 T cell
E2L5_CCTCCAAGTTGATGTC,Activated T cell
E2L5_GTGGAAGTCTCGTGAA,CD16+ NK cell
L5_TCCTAATCACCTTCCA,Naive CD4 T cell
E2L8_TCAATCTCACACCTTC,Memory B cell
L2_TCAGTGAAGTGAACAT,Mast cell
E2L6_CGATCGGGTAACATAG,Naive CD4 T cell
L4_TGGAGAGAGCACGTCC,Naive CD4 T cell
L3_TGCAGATCAGCCTACG,CD1c+ conventional dendritic cell
L5_GTGGTTAGTACAGCGA,CD161+ memory T cell
E2L4_ACCTGAAAGGACTATA,Naive CD4 T cell
L1_AAACGAAAGTTGAATG,CD161+ memory T cell
L5_CAGAGCCCACGAGGTA,CD14+ monocyte
E2L5_CATTCATAGATGCGAC,CD1c+ conventional dendritic cell
E2L6_ACTTCCGGTCTTAGTG,CLEC9A+ dendritic cell
L2_TATTGCTGTGTTCGAT,Plasma cell
E2L7_TAGCACACATTACGGT,Effector memory CD8 T cell
L5_GACCCAGTCACTGTTT,Memory CD4 T cell
L5_CGAATTGGTTTGTGGT,Cycling NK cell
E2L5_CATGCGGGTTTAGTCG,CD16+ NK cell
E2L7_GCATTAGTCGCAGTCG,Plasmacytoid dendritic cell
L1_CTTGATTAGGAAGTAG,Memory CD4 T cell
L5_CATCCCAGTCATGGCC,Mast cell
L5_AAAGGGCGTCACTTCC,CD161+ memory T cell
L4_CTACCTGTCATTCACT,Naive CD4 T cell
L5_CTGTGGGCACTGCACG,Cycling NK cell
E2L8_CATACCCCATCCTAAG,Naive CD4 T cell
L4_TTTGTTGTCGTCCATC,Effector memory CD8 T cell
L3_TGGAGGAGTTCTCTAT,CD16+ monocyte
E2L8_ACTTTCATCTCGTGGG,Naive CD4 T cell
E2L8_TGTGTGAAGACCAGAC,Naive B cell
E2L3_AGTCAACTCGGTCGGT,CD1c+ conventional dendritic cell
E2L1_AAGACTCTCGCTAGCG,Effector memory CD8 T cell
E2L1_CATGAGTAGCTTTGTG,Memory B cell
L3_TTTACGTTCAAGGAGC,CD16+ monocyte
E2L3_GGTGAAGAGGACACTG,Naive CD4 T cell
E2L1_CTTGAGATCCGGCAGT,CD14+ monocyte
L1_GCCGTGAGTCGAGTGA,Memory CD4 T cell
L1_GGCTTTCTCCTCACGT,CD16+ monocyte
L3_GAAACCTAGATGTTGA,Plasmacytoid dendritic cell
L4_AGTCATGCAAGGGCAT,Naive CD4 T cell
E2L3_TGGTTAGCATTGCTTT,Effector memory CD8 T cell
E2L3_GTTGTCCCAGTGCCTG,Memory CD4 T cell
E2L8_CAATACGCACGGTGCT,Effector memory CD8 T cell
E2L5_GCATCTCAGGAACGCT,Platelet
E2L6_CTCTGGTAGACGTCGA,CD14+ monocyte
E2L3_TTGATGGGTATGCGGA,Memory CD4 T cell
L5_TCGAAGTTCTATCGTT,CD1c+ conventional dendritic cell
E2L8_TCGCACTTCCGCTGTT,Effector memory CD8 T cell
E2L1_AGGGTTTTCCGCGGAT,Effector memory CD8 T cell
E2L2_GGGTTTACACATGTTG,CD16+ monocyte
E2L4_GCAGCCAAGACATGCG,CD1c+ conventional dendritic cell
L4_GCCAGGTGTTTACGTG,Effector memory CD8 T cell
E2L1_ACACTGAAGTCATAGA,CD16+ NK cell
E2L5_TGTAGACGTACAAACA,CD56bright NK cell
E2L6_AAACCCATCAACTGGT,Naive CD4 T cell
L1_ATTCATCAGCCTGACC,Naive CD4 T cell
E2L4_TTACTGTTCTACTGCC,Plasma cell
L3_ACGGTTATCAAGCCCG,Mast cell
E2L5_GTCTTTATCCTGGGTG,Memory B cell
L1_CAGGGCTGTCTTCGAA,Cycling NK cell
E2L4_CAACAACGTCCCTGTT,Effector memory CD8 T cell
L5_AATCACGAGAGCCCAA,Plasma cell
L1_AGATCGTGTGTCTTCC,Memory CD4 T cell
E2L8_AATCGACCAACGGCCT,CD16+ NK cell
E2L4_ACTGTCCGTCACCACG,Memory CD4 T cell
L5_CTGAGCGAGGTGCAGT,Naive CD4 T cell
L4_TATCTTGGTTACACTG,Memory CD4 T cell
L3_TACAGGTGTAGTTACC,CD56bright NK cell
E2L7_CGGGTCATCGTACACA,Naive CD4 T cell
L4_ATTCATCTCCCATACC,CLEC9A+ dendritic cell
E2L6_ATTCACTGTTAAACAG,Memory B cell
E2L8_AAGTTCGAGGATTTAG,Naive CD4 T cell
L1_CGATGGCAGACCAACG,Effector memory CD8 T cell
E2L4_TGAGGTTTCAAGTAAG,CD14+ monocyte
E2L6_CCTCAACTCGACGTCG,Effector memory CD8 T cell
L4_CTGTCGTCAAGAAACT,Naive CD4 T cell
L4_CATTCATAGTGATGGC,Naive CD4 T cell
L1_GATCCCTGTTAAGGAT,Effector memory CD8 T cell
E2L2_CAGCAGCAGTAGGGTC,Effector memory CD8 T cell
L4_CCGGACACACCTCTAC,CD14+ monocyte
L2_TTGGTTTGTTCAGCGC,Plasma cell
L1_TGTGGCGTCCACACCT,Plasmacytoid dendritic cell
L5_ATCACTTCAGAACCGA,Naive CD4 T cell
E2L8_AGGGCTCGTGTCATCA,Naive B cell
E2L3_TTCTAGTTCAAGATAG,CD16+ NK cell
E2L5_CATTGAGGTAGCTTGT,Memory CD4 T cell
L3_AAAGGGCTCGCTGTTC,CD16+ monocyte
L1_AAGAACATCAAAGCCT,Mast cell
E2L5_CATGCCTGTCGTATGT,Cycling NK cell
E2L3_CTTAGGATCCCTTTGG,Mast cell
L3_TCCACGTAGGTCACCC,Effector memory CD8 T cell
E2L5_GCCAGTGTCACCTGTC,Plasmacytoid dendritic cell
E2L1_ATGACCAGTAGTATAG,Plasma cell
E2L1_TAAGCACGTAGTATAG,CD16+ NK cell
E2L6_TTTACCAGTTGAAGTA,Platelet
L2_GGGACTCTCGGCCCAA,CD16+ monocyte
L1_GGCTGTGCAACTGTGT,Memory CD4 T cell
E2L2_GGGAGTAAGAGAGAAC,Plasmacytoid dendritic cell
E2L4_AGCCACGCAATGTGGG,Memory CD4 T cell
L2_CTATAGGCATGCGGTC,Naive CD8 T cell
E2L1_AGTAGTCCAGTTCTAG,Effector memory CD8 T cell
E2L6_TGTTGGACAGAAATCA,CD16+ NK cell
L3_AGGGCTCCAAAGCAAT,CD56bright NK cell
L3_TCTGCCATCCACCTGT,Naive CD4 T cell
E2L3_TGCATCCCACGACAGA,Memory CD4 T cell
E2L3_TCAGTCCGTGCTGATT,Activated T cell
E2L4_TGTTCATAGCAACAAT,Naive CD4 T cell
L4_GGGCGTTAGCGGGTTA,Naive CD4 T cell
L1_TGGTAGTAGGGTTAAT,Naive CD4 T cell
E2L2_TGCCGAGAGAATACAC,Memory CD4 T cell
E2L8_TACGTCCCAATCTCGA,Memory B cell
L1_TGGATGTAGACGGAAA,Mast cell
E2L4_CTCTCAGGTGACTGAG,Cycling NK cell
E2L8_TTCTAGTTCACGGTCG,Effector memory CD8 T cell
E2L6_GTCACTCCAAGCTACT,CD14+ monocyte
E2L5_TCATACTGTTCGTTCC,Naive CD4 T cell
L2_ACTTAGGAGTAAACGT,CLEC9A+ dendritic cell
E2L8_CATTGAGTCTCTATGT,Memory CD4 T cell
E2L3_GGTGTCGGTATCAAGA,CD14+ monocyte
E2L1_ATCTTCAAGTGGGAAA,Plasmacytoid dendritic cell
E2L8_TGAGGAGCATCTCCCA,CD16+ NK cell
E2L4_ATGGTTGAGCCTCCAG,Memory B cell
E2L4_TTTCCTCGTGGCAACA,Memory CD4 T cell
L2_GAAGCGACAGAATCGG,Effector memory CD8 T cell
E2L4_CTGTGGGGTCACTTAG,Naive B cell
E2L4_CATGCGGGTATAATGG,CD1c+ conventional dendritic cell
E2L6_TGTTCATGTCGTAATC,CD161+ memory T cell
E2L4_CATTCCGAGATGGCGT,Cycling NK cell
L1_ATTGTTCGTCTCAGAT,CD14+ monocyte
E2L5_TGCGGGTGTACACGTT,CD56bright NK cell
L3_TGACAGTCAGCGTGAA,Naive B cell
L2_GTAAGTCAGCGCAATG,Naive CD4 T cell
E2L1_AAGACAACACGATAGG,Memory B cell
L4_GTAGGAGAGTGCTCGC,Memory B cell
E2L5_AGGACGATCCATAGGT,Cycling NK cell
L3_CACACAACAGCAGACA,Effector memory CD8 T cell
L1_CGGAGAAAGCAAACAT,Naive CD4 T cell
E2L1_TGTTCCGGTATCTTCT,Effector memory CD8 T cell
L1_ATCCATTTCTCGGTCT,Plasma cell
E2L6_TTGCTGCAGCACCGAA,Naive B cell
E2L8_ATTCTTGCAAGGCGTA,CD16+ NK cell
E2L7_GAAGCGAGTACGTTCA,Naive CD4 T cell
L3_CCGTTCAAGCGTTACT,Memory CD4 T cell
L1_CTGTAGAGTGGCAGAT,Naive CD4 T cell
L2_AGAGAGCCACGAGGAT,Erythrocyte
L1_CAATGACGTCCTCAGG,Memory CD4 T cell
L4_TTCCAATTCAGGTGTT,CD16+ NK cell
E2L3_TCCACGTCACTAGGCC,CLEC9A+ dendritic cell
L1_AGAGCCCAGGCCATAG,Memory CD4 T cell
E2L7_GGGTCACAGTAAGGGA,CD16+ NK cell
E2L8_CCTGCATAGACTCGAG,Naive CD4 T cell
L4_CGGGTGTAGGTCGTAG,Naive CD4 T cell
E2L6_CACTTCGTCGTGTTCC,CD1c+ conventional dendritic cell
L5_TGTACAGTCTGGCCGA,Naive CD4 T cell
L5_GACACGCGTCCCTGTT,CD161+ memory T cell
L2_GTAGGTTAGCGGACAT,Memory B cell
E2L3_GCCATGGAGAGGTTTA,Effector memory CD8 T cell
E2L8_GATTCGACATTGCAAC,Memory B cell
E2L1_TTAATCCTCTACACAG,CD16+ monocyte
L4_CCTCATGTCTCGGTCT,Memory CD4 T cell
E2L7_CTCCTCCGTCGTTTCC,Plasma cell
E2L6_TGTAACGCAGACTCTA,Naive CD4 T cell
E2L6_CCACTTGGTAACGGTG,Memory CD4 T cell
L4_TGCAGATAGACCATAA,CD14+ monocyte
E2L4_CATCGCTCAATAGGGC,Memory CD4 T cell
E2L5_TGCCGAGAGGTCACCC,Memory B cell
L1_ACCGTTCAGATGCTAA,Cycling NK cell
E2L2_CCGAACGGTTTCACTT,Naive CD4 T cell
E2L8_CAACAGTCAGGATTCT,CLEC9A+ dendritic cell
E2L7_TCTCACGGTCTTACTT,Memory CD4 T cell
L5_GCACGGTTCATTCACT,Naive CD4 T cell
E2L8_GTGGAAGCAGTTTCGA,CD16+ monocyte
E2L3_TCCCACAGTGAGTAGC,CD161+ memory T cell
E2L5_ACAGCCGCACCCTCTA,Naive CD4 T cell
L5_ATCGTGAGTTGGCCGT,Memory B cell
E2L7_GGGTTTACATATAGCC,Naive CD4 T cell
L1_GAATCGTCATACTGTG,Mast cell
E2L1_AGAAATGGTCTAGATC,Plasmacytoid dendritic cell
E2L1_AGCCACGCATCCGTGG,Naive B cell
E2L6_TCCTCCCAGCAGTCTT,Naive CD8 T cell
E2L8_AACCCAACACCAGCCA,Memory B cell
E2L1_ACTTAGGAGGGTACGT,Cycling NK cell
L5_AAAGTCCTCACGGGCT,Effector memory CD8 T cell
E2L1_TCACGGGGTCGAGCTC,CD16+ monocyte
E2L5_GACGTTACAGCGGTTC,Cycling NK cell
E2L1_GTGAGCCCAAGTCCAT,Naive B cell
E2L8_ACGTAGTCAAAGGCGT,CD16+ NK cell
L5_TTGGATGGTTAAAGTG,Naive CD4 T cell
E2L3_AGCCAATCACCTCTAC,Cycling NK cell
E2L1_AGGGCTCGTGGGAGAG,Naive B cell
L5_CGAAGTTAGGGAGGCA,Memory CD4 T cell
L5_GGTGAAGTCGACACCG,CD56bright NK cell
E2L8_AGTTCCCCAATTTCTC,Plasmacytoid dendritic cell
E2L4_TGAGTCAGTAAGATTG,CD56bright NK cell
E2L7_GCACGGTTCCGCGGAT,Plasma cell
L4_GACTTCCAGGGTGGGA,Mast cell
E2L1_AACAACCTCGCGCTGA,Effector memory CD8 T cell
E2L2_GAAGAATGTAATACCC,CD14+ monocyte
L5_TCCGTGTCAATGTCTG,Memory B cell
L3_CTACCTGGTACCTTCC,Naive B cell
E2L4_GTAGGAGGTCGTGGAA,Memory B cell
L1_CTGAATGAGTCTAACC,Effector memory CD8 T cell
E2L6_CAGATACTCGCCTAGG,Plasmacytoid dendritic cell
L1_TCGCACTAGCAATTCC,Naive CD8 T cell
E2L6_TCTTCCTCAGACTCTA,Memory B cell
L3_TATCAGGCAAGCTACT,Memory CD4 T cell
E2L6_CAAGCTACAACGATTC,Platelet
E2L7_ATCACGACATGCCGCA,Effector memory CD8 T cell
L2_TCCCACACACAAAGCG,Naive CD4 T cell
E2L7_ATGAGTCAGCTTAGTC,Memory B cell
L3_TCATCCGCACAGTCCG,Memory CD4 T cell
L1_GTCACTCAGGACGCTA,Naive CD4 T cell
L3_AGCTACAGTCAACGCC,Memory CD4 T cell
E2L5_TGAGCATCAGATGCGA,CD16+ NK cell
L5_AACAGGGCACCTTCGT,Naive CD4 T cell
E2L2_ATATCCTCAACGTAAA,Effector memory CD8 T cell
E2L8_TTACTGTCAGTGTACT,Activated T cell
L4_ACATCCCGTTCATCGA,Plasmacytoid dendritic cell
E2L3_GCCAACGCATCTAGAC,CD16+ NK cell
E2L5_CAGAGCCAGAAGCGAA,Plasma cell
E2L7_AAAGAACAGCATTGTC,Effector memory CD8 T cell
L4_TGGGTTACAGCTGGTC,Memory CD4 T cell
E2L5_GCTACAAAGGGAGTGG,Platelet
L2_AGCGCTGGTGTCCAAT,Effector memory CD8 T cell
L4_GAGTGAGTCCTTGGAA,Mast cell
E2L4_TTTATGCGTACAGGTG,Naive CD4 T cell
L2_TCAGGGCCACGTACTA,Naive CD4 T cell
L4_TGCTGAATCGACCTAA,Effector memory CD8 T cell
L1_GTAACCAGTGCCGTTG,CD16+ monocyte
L1_CGGGTGTCATCGAGCC,Effector memory CD8 T cell
E2L5_TACGTCCCAGGTTACT,CD56bright NK cell
L4_GCACTAAAGGGTTGCA,Naive CD4 T cell
L2_TCGAACAGTATCGTGT,Naive CD4 T cell
E2L3_CTGTCGTAGCTTGTTG,CD56bright NK cell
L3_GTAGGAGAGTGTTCCA,CD161+ memory T cell
L1_TGCGACGTCCATCTAT,Naive CD8 T cell
E2L5_TGTGATGAGCATGAAT,Effector memory CD8 T cell
E2L2_ATGTCCCGTGGCATCC,Naive CD4 T cell
E2L3_ATTACCTTCAAAGAAC,Effector memory CD8 T cell
L5_CCACTTGGTGAGATTA,Memory CD4 T cell
E2L8_AATTCCTAGTGCCGAA,Naive CD4 T cell
E2L2_TCGGGTGGTGACAGGT,Memory B cell
E2L2_ATATCCTAGCAATTCC,Effector memory CD8 T cell
L3_GAGGCCTAGCCGATAG,CD16+ monocyte
E2L2_TAATTCCAGAAATGGG,Naive B cell
E2L1_TTTCCTCAGTATGAAC,CD14+ monocyte
L3_AACCAACGTAGGACCA,Mast cell
E2L2_GTCACGGGTCGGTACC,CD56bright NK cell
E2L3_ATTCCCGCAGGTTCCG,Memory B cell
L1_CTCAGTCCATCCGAAT,CD56bright NK cell
E2L8_CCAATTTAGGATACGC,Memory B cell
L2_GGTGTTATCCCGTTGT,Cycling NK cell
L3_GGGAGTAAGGTAGGCT,CD1c+ conventional dendritic cell
E2L7_AGGAGGTCAATCCTAG,Memory CD4 T cell
E2L5_TCACTATTCACCTCGT,Memory B cell
L2_GATTCGAAGATACAGT,CD16+ monocyte
L3_CACGTGGCAGTCGCTG,CD1c+ conventional dendritic cell
E2L6_GCTCAAAAGCATGCGA,CD16+ NK cell
L4_CTTCTCTAGCACGATG,Naive CD4 T cell
E2L8_GCCATTCCAGAGCTAG,CD56bright NK cell
E2L3_GTGCTTCGTCAAGTTC,CD16+ NK cell
E2L1_AGGGCCTTCCGTTTCG,Memory CD4 T cell
E2L2_GCAGTTAGTAGTGCGA,Plasmacytoid dendritic cell
L2_GACTCTCTCATCGTAG,Effector memory CD8 T cell
E2L2_TTCTGTAAGCCTCAAT,Memory CD4 T cell
E2L4_TCCACGTCACCAAATC,Memory CD4 T cell
E2L7_AATGAAGCAGATCCTA,Naive B cell
L4_CCTTGTGCAGATAAAC,Memory CD4 T cell
L4_TATCAGGAGATCACCT,Naive B cell
E2L6_TGCGGCACATGCAGGA,Plasma cell
E2L1_GGGATGACAGTTACCA,Effector memory CD8 T cell
E2L4_AGAACCTCACACACGC,Effector memory CD8 T cell
L2_GGATCTAGTGTATACC,CD56bright NK cell
E2L2_CAATCGAGTTGGGTAG,Plasmacytoid dendritic cell
E2L4_TGTTGGACACTATCGA,Effector memory CD8 T cell
L2_TACGCTCAGGACACTG,Naive CD4 T cell
E2L2_TTGCCTGTCCACCTGT,CD16+ NK cell
L1_TACTTGTCAGACCTAT,Naive CD4 T cell
L1_GGAAGTGTCCGCGATG,Activated T cell
L5_GGGTCACAGCGACTGA,Effector memory CD8 T cell
E2L7_GTGCGTGTCTCCAAGA,CD1c+ conventional dendritic cell
L3_TTGAGTGCACACACGC,Naive CD4 T cell
E2L5_CTTCAATCACCTCTAC,Naive CD4 T cell
L1_CGGGCATAGACTCAAA,CD56bright NK cell
E2L5_AAGGAATCACATATGC,CD14+ monocyte
L4_ATGACCACAACGAGGT,Memory CD4 T cell
L1_AGTGATCAGCTGAAAT,CD161+ memory T cell
E2L5_AATTCCTTCGCTAATG,CD161+ memory T cell
E2L1_GATTTCTAGTTCCGGC,Cycling NK cell
E2L6_CATGGATCAACTTGCA,Memory CD4 T cell
L4_AAGCATCTCGTTCAGA,Memory CD4 T cell
E2L5_CATACCCTCCGTCACT,CD16+ NK cell
L4_CACTGGGGTTTCGGCG,Effector memory CD8 T cell
L3_GGTTCTCCAAGCTACT,CD1c+ conventional dendritic cell
L4_CCAAGCGTCCCGAGAC,Memory CD4 T cell
E2L2_GCAGGCTGTGTACAGG,Naive CD4 T cell
E2L5_CACCAAAAGATTCGAA,CD16+ NK cell
E2L2_TCCGATCGTTTGTGGT,Platelet
E2L4_TCGACGGTCGCCAATA,Plasmacytoid dendritic cell
E2L7_GATTGGTCAATACCTG,Memory CD4 T cell
L1_ACACTGATCTGCATGA,Naive CD4 T cell
L1_GTGTGATTCTAAGGAA,Mast cell
E2L4_CTCCTTTTCACGTCCT,CD1c+ conventional dendritic cell
E2L3_AAAGTGATCTCGGTCT,CD14+ monocyte
L1_TGTAGACCATTGAAAG,Memory CD4 T cell
L5_TGTGATGAGTCACAGG,Memory B cell
E2L1_TGGGTTACACAAGGTG,Memory CD4 T cell
E2L4_GTGGTTAAGAGAGTTT,Effector memory CD8 T cell
E2L4_CATGCAATCACTCACC,Naive CD8 T cell
L5_CGCCAGACAGATTTCG,Effector memory CD8 T cell
E2L2_TCTTGCGGTGACATCT,CD14+ monocyte
E2L6_AGGTTGTTCGCCTAGG,CD16+ NK cell
L2_AACAAAGTCGCCAATA,Naive CD4 T cell
E2L6_ATCGATGCACGTGAGA,CD16+ NK cell
L4_TCTAACTGTGATTCTG,Effector memory CD8 T cell
L1_GGGACAATCGTGAGAG,CD161+ memory T cell
E2L4_TGTCCCATCGAATCCA,Naive CD4 T cell
E2L7_ATCGCCTGTTAAGTCC,CD16+ NK cell
L4_GAGATGGGTCTTAGTG,Naive CD4 T cell
L1_GATAGAATCGTAATGC,Naive CD4 T cell
E2L3_GTAGAAAGTCGTCAGC,CD56bright NK cell
E2L4_CACGGGTGTACTAGCT,Memory CD4 T cell
E2L1_CACATGAGTGCTTATG,Cycling NK cell
E2L2_TTGCGTCTCCGGTAAT,Memory CD4 T cell
E2L4_AATAGAGTCTGGTTGA,Cycling NK cell
E2L7_GTTACAGCATGCCGAC,Cycling NK cell
L5_GTCTGTCAGGCGTTAG,Plasma cell
E2L1_GAGACTTAGCCATCCG,CD16+ monocyte
E2L6_GAGACCCTCGGCTTGG,CLEC9A+ dendritic cell
L1_GTGATGTAGGTCATTC,Mast cell
E2L1_TACACCCAGCAGCGAT,CD161+ memory T cell
E2L7_AACACACCATGAGGGT,CD161+ memory T cell
E2L8_GTAGTACCACTGTTCC,CD16+ monocyte
L2_CCGAACGGTACCTAAC,Naive CD4 T cell
L4_AGGCTGCGTAGGATAT,CD1c+ conventional dendritic cell
L4_TCGGATATCCCATAAG,Naive CD4 T cell
L1_TTCTCTCGTGAGCAGT,Naive CD4 T cell
E2L1_CATGGTAGTTTCGTGA,Effector memory CD8 T cell
E2L6_TACGGTAAGAAATTGC,Memory B cell
E2L2_TGTTACTGTCCACGCA,Effector memory CD8 T cell
E2L8_CAAGCTAGTTATGACC,Platelet
E2L8_TTGAACGAGTTGGCGA,CLEC9A+ dendritic cell
L5_GTCTACCTCCAGTTCC,CD1c+ conventional dendritic cell
L5_CCTGTTGGTACGGGAT,Plasmacytoid dendritic cell
E2L5_CATGGTACATTCAGCA,CD16+ NK cell
L1_TTCACCGCATTCATCT,Naive CD4 T cell
E2L7_AATGCCATCGACGTCG,Plasmacytoid dendritic cell
E2L4_ACTATTCCACTATCCC,CD161+ memory T cell
E2L3_GTAGCTAGTAAGATAC,CD161+ memory T cell
E2L5_ATTCTTGTCAATCGGT,CD56bright NK cell
L4_CGCGTGAAGGGAGGAC,Plasmacytoid dendritic cell
E2L6_GTTGAACCAGTTTCAG,Naive B cell
L3_CAGATTGTCGCAACAT,Effector memory CD8 T cell
E2L6_AAAGTGATCCAGGACC,Plasma cell
L2_TTGAACGGTGAGAACC,CD16+ monocyte
L3_AGACTCAGTGTCTCCT,Mast cell
E2L8_TGTGGCGAGGTCTGGA,Effector memory CD8 T cell
E2L5_CCGATGGTCGCCGAGT,CD14+ monocyte
L4_GAGGGTATCCAATCCC,Naive CD4 T cell
L5_GAGTGAGTCAACCTTT,Naive CD4 T cell
L3_CTATCTATCAGGACGA,CD161+ memory T cell
E2L3_CTTACCGAGGAAGTAG,CD16+ monocyte
L2_AACAAAGGTCACTAGT,Effector memory CD8 T cell
E2L1_GGGCTACCAAGCTGTT,Memory B cell
L2_TCAGGTACAAGAAACT,Naive CD4 T cell
L5_TCCTGCAAGTATCTGC,CD56bright NK cell
L3_AAAGGGCGTATTCCTT,CD16+ monocyte
L1_ACTGCAAAGCGCAATG,Activated T cell
L1_TGTGGCGCATGGCACC,Memory CD4 T cell
L2_ATCGTAGCACTTGTCC,Effector memory CD8 T cell
E2L7_GCTTTCGCAGGCACTC,Memory B cell
E2L5_TTTCATGCACCTCGTT,Memory CD4 T cell
L1_TTGGGCGAGACTCCGC,Effector memory CD8 T cell
E2L5_CGATGCGTCGAACGGA,Memory B cell
E2L3_TCCTAATTCATGCTAG,Memory B cell
L3_CATGAGTCAAGAGGTC,CD161+ memory T cell
E2L1_GTCTGTCTCGATGCTA,Memory B cell
E2L3_GAGGCAAAGAAAGTCT,Cycling NK cell
E2L5_GGGACAAAGAATGTTG,CD14+ monocyte
E2L5_CTACAGACAGCAAGAC,Plasma cell
E2L1_CTACGGGAGTGCCGAA,CD56bright NK cell
E2L4_TTGCTGCAGACGGATC,Naive CD4 T cell
L1_CGGGACTGTAACGTTC,Memory CD4 T cell
L3_CAGTTAGTCTCCCTAG,Naive CD4 T cell
L2_ATCGGATCACTAGGCC,CD16+ NK cell
E2L5_TCAGTTTTCCATAAGC,CLEC9A+ dendritic cell
E2L5_AAGATAGTCCCGATCT,CD16+ NK cell
E2L1_GATCATGTCCTATTTG,CD1c+ conventional dendritic cell
L1_TCAGGTACACTGCTTC,Memory CD4 T cell
L3_TCCGAAACACCGTGGT,Erythrocyte
L3_TCCCAGTAGGACGGAG,Mast cell
L5_AAGCGAGGTTTCGGCG,CD161+ memory T cell
E2L3_CACTGAAAGTAACGTA,Cycling NK cell
L4_GCCTGTTTCCGATCTC,Activated T cell
E2L2_TCCTGCATCGCTTACC,Naive CD4 T cell
L1_AGGTAGGCATCCTAAG,Mast cell
L5_GAGGGATGTACCCGCA,Memory CD4 T cell
E2L5_GCTGAATAGAGTCAGC,CD1c+ conventional dendritic cell
L3_TTTCCTCCACGAGGTA,CD16+ NK cell
E2L1_GAGGGTACACTGTTCC,Memory B cell
L3_TGATCTTTCGGCCCAA,Naive CD4 T cell
L2_CTAACTTTCACCATCC,Memory CD4 T cell
E2L6_CCTTCAGGTAGCCAGA,Plasmacytoid dendritic cell
E2L7_TAGGAGGTCCAGTGCG,Naive CD4 T cell
L3_GATCCCTGTTAGGACG,Plasma cell
L5_GATAGAATCACTGATG,Memory CD4 T cell
E2L1_AACCTGACAAGGTCGA,Effector memory CD8 T cell
E2L1_GATTGGTAGATTACCC,Memory CD4 T cell
L4_CCACGTTGTTGGACTT,Naive CD4 T cell
L3_ATCGTCCTCTCACGAA,Mast cell
L1_CAATACGCAAGACCTT,Memory CD4 T cell
E2L8_TCTCAGCGTGTCCACG,CD161+ memory T cell
L2_TACGGTACACCTGCTT,CD56bright NK cell
E2L4_CCACGAGTCGACGACC,Cycling NK cell
L1_AAATGGAGTAAGGTCG,CD161+ memory T cell
E2L6_GGGATCCAGGTATAGT,Platelet
E2L7_GTGCTTCTCCGGACGT,Naive B cell
E2L2_TCATCCGCATCATTGG,CD16+ NK cell
L4_AGTTCCCCATCCAATG,Effector memory CD8 T cell
L5_GGAGGTACAGATTCGT,Mast cell
E2L1_GAATCGTTCGAGGCAA,Effector memory CD8 T cell
L4_CAACCTCAGTCTAACC,Plasma cell
E2L3_ATCACTTTCAAAGCCT,Plasma cell
E2L3_TCGGGCAGTTCCTTGC,Cycling NK cell
L4_TGCAGTATCACTCACC,CD16+ monocyte
L4_TGGTACAGTGCATGTT,Naive CD4 T cell
L5_CTGATCCCAGCACGAA,Naive CD4 T cell
E2L6_GGCAGTCCAACCCTAA,Memory CD4 T cell
E2L6_CGCGTGACAGTTGTCA,Memory CD4 T cell
E2L7_GTGTGGCAGGAGACCT,CD16+ monocyte
L3_CCACTTGCAACCCTCT,CLEC9A+ dendritic cell
L1_TGACGCGCAGTAGTTC,Effector memory CD8 T cell
L4_TCCACCATCGTAACTG,CD1c+ conventional dendritic cell
E2L7_CAGATACGTGTGCCTG,Memory B cell
L5_GCAGCTGCAGCGGTCT,Naive CD4 T cell
L5_TCTTGCGAGACTTCGT,Naive CD8 T cell
E2L6_GACACGCAGATGACCG,Memory B cell
E2L3_TGATGGTGTGAACTAA,CD14+ monocyte
L4_TGCGGCAAGACCATTC,Plasma cell
E2L7_AGATCGTGTCCTTAAG,Effector memory CD8 T cell
E2L6_CGATGCGGTACTTCCC,Naive CD4 T cell
E2L4_ACGGAAGGTATTGGCT,Naive B cell
E2L1_CTACATTCAAGATTGA,Naive CD4 T cell
L5_CAAAGAACACCCTATC,Cycling NK cell
L1_GAAATGAAGGCCATAG,Effector memory CD8 T cell
L4_GTGTGGCTCGCTTGCT,Naive CD4 T cell
L5_ATTGGGTGTGGCTACC,Memory CD4 T cell
E2L5_ACCCTTGCAAGAGAGA,CD161+ memory T cell
E2L4_CTACCTGCATGCAGCC,Platelet
L5_CTAGACAAGGGTATAT,Memory CD4 T cell
E2L8_AGAAGTAAGGCTAACG,Memory B cell
E2L3_AGAAATGGTCCCGGTA,Plasmacytoid dendritic cell
E2L6_ACAAAGACAAGTGATA,Naive CD4 T cell
E2L5_TCTAACTAGTGCACTT,Cycling NK cell
E2L4_AAGCATCGTGAGAACC,Plasmacytoid dendritic cell
E2L3_CGCATAACATAAGCAA,CD14+ monocyte
L3_CCACCATGTCTTCCGT,Cycling NK cell
E2L2_AGATAGAAGTAGCATA,CLEC9A+ dendritic cell
L4_AGGTTACAGTCGTCTA,Effector memory CD8 T cell
E2L7_TACAGGTTCACCATGA,Memory CD4 T cell
L2_TTTAGTCGTTACAGCT,CD161+ memory T cell
E2L4_GGGAGATTCCATCACC,Memory B cell
E2L6_GAGGGATGTCTGCGCA,Naive CD4 T cell
E2L3_ATGAGGGCAAACCGGA,Naive CD4 T cell
E2L4_TCCAGAATCGTTTACT,Platelet
E2L4_GTTTACTTCTCTGAGA,Memory CD4 T cell
L2_AGTGATCCACGATAGG,Effector memory CD8 T cell
E2L4_CCGATCTAGAGTCTTC,CD161+ memory T cell
L2_TGAATCGCAGCGTGCT,Naive CD4 T cell
L1_CACCGTTAGTATTAGG,Cycling NK cell
E2L5_TCAGCCTTCAAGCCTA,Plasmacytoid dendritic cell
L2_GTACAACGTTATGTCG,Naive CD4 T cell
L1_TCGGGCAAGCACCGAA,Naive CD4 T cell
E2L2_TAGTGCAGTAGCTGAG,Memory B cell
E2L3_GTGCTGGCAGGACTAG,Plasmacytoid dendritic cell
L4_TATATCCAGTAGATCA,Naive CD8 T cell
E2L4_TTGAGTGAGACATAGT,Cycling NK cell
L4_TCGCACTAGAGGTCAC,Naive CD4 T cell
E2L1_GTGTTCCAGCCTCCAG,Naive B cell
L5_TCTAACTTCCGCACGA,Naive CD4 T cell
L5_ACGATGTAGAATAACC,Naive CD4 T cell
E2L3_GGAGCAAAGAGACAAG,CD1c+ conventional dendritic cell
E2L5_CAGGCCACATAACGGG,Plasmacytoid dendritic cell
E2L6_TAGACCATCAGTCATG,CD16+ NK cell
E2L4_ATTCGTTAGGTGCATG,Cycling NK cell
E2L8_CTATCTACATGGGATG,Naive CD4 T cell
E2L7_ATGGGAGTCACATCAG,CD14+ monocyte
E2L2_TAAGCACAGCTTCTAG,Plasma cell
E2L2_CTGCCATGTTGCATGT,Naive CD8 T cell
E2L4_TCACTCGCAGAGGTTG,Memory CD4 T cell
L4_TGCTCCACAAATCGTC,CD161+ memory T cell
E2L2_GCATCTCCAGAGAAAG,Naive CD4 T cell
L4_GTTCTATCAAGGATGC,Naive CD4 T cell
E2L4_CCTACGTAGCAAGGAA,Plasmacytoid dendritic cell
L5_CGGGCATAGCCTGGAA,CD16+ NK cell
E2L2_TTCACGCAGGCTCACC,CD16+ monocyte
L5_CTGGCAGTCCGCACTT,Naive CD4 T cell
L1_AAATGGAGTTCAGCGC,Naive CD4 T cell
E2L4_CACTGGGGTTGTGCAT,Memory B cell
L3_AGTTCCCTCGATGGAG,Naive CD4 T cell
E2L2_GGGTGAAGTCCACTTC,CD56bright NK cell
L5_AGGTCTAGTGAGAACC,CD14+ monocyte
L1_AGATCGTGTTATGGTC,Memory B cell
L2_CATGGATCAGGTCCCA,Naive CD4 T cell
E2L4_GTTTACTGTCGATTCA,Naive B cell
L2_AATTTCCGTGTCACAT,Effector memory CD8 T cell
L2_GTCCTCAGTATAATGG,CD161+ memory T cell
E2L1_TGGAACTGTCGGTACC,Plasma cell
L2_TCCAGAATCCGATGTA,Memory CD4 T cell
E2L8_GTGGCGTTCCGCAACG,Cycling NK cell
E2L6_TATGTTCAGTAAGGGA,CD56bright NK cell
E2L6_GTTATGGGTGAGTAAT,Memory CD4 T cell
L4_TATCAGGCATGTGTCA,Mast cell
L1_AATTCCTCACGGTGAA,Memory CD4 T cell
E2L2_TACCCGTTCTTTGATC,CD16+ NK cell
L1_CCAATGAAGCAAATCA,Naive CD4 T cell
E2L1_GTTCGCTCATCTGGGC,Plasmacytoid dendritic cell
L1_AGGCCACAGGTAGGCT,Mast cell
L4_GTACAGTAGAACGCGT,Memory B cell
E2L7_AGTACTGAGGCCTTGC,CD56bright NK cell
L5_TATTGCTCACTAGAGG,Erythrocyte
E2L6_GCTTGGGCAAGTGCAG,Plasmacytoid dendritic cell
L1_GTCTAGATCCGAGGCT,Plasmacytoid dendritic cell
L4_GCGGAAATCTATACTC,Plasmacytoid dendritic cell
L4_GATCAGTTCACCGGGT,Erythrocyte
L4_AGGTAGGCACGGGCTT,Naive CD4 T cell
L1_GACAGCCGTGCCGGTT,Effector memory CD8 T cell
E2L8_AACAAAGGTTCGCGTG,Effector memory CD8 T cell
E2L2_ATTACCTAGCACTGGA,CD16+ NK cell
E2L3_ACGTTCCAGTCAACAA,CD14+ monocyte
E2L4_TAACCAGAGGAACGCT,Effector memory CD8 T cell
E2L1_GACTGATTCACCGACG,Naive B cell
E2L8_AGTGTTGCAGCTCATA,CD56bright NK cell
E2L6_GGAAGTGCACGCGTGT,CD1c+ conventional dendritic cell
L2_TACAACGCAAGCGGAT,Naive CD8 T cell
L1_CGTGTCTCATTGACCA,Memory CD4 T cell
E2L1_GTTGTGATCTTCTCAA,Effector memory CD8 T cell
L4_GGTAATCTCGAACCTA,Erythrocyte
E2L8_TTCGGTCAGCATGCAG,Memory CD4 T cell
E2L4_TACCCGTAGGTTGCCC,Naive CD4 T cell
E2L5_ATTCAGGGTCGCGTTG,CD16+ monocyte
L1_TGTAACGTCTTACGTT,Effector memory CD8 T cell
E2L2_CCTCTAGGTGACTGAG,Memory B cell
L1_GATTGGTCATCACCAA,CD1c+ conventional dendritic cell
L4_TACCTGCGTTCCACAA,Naive CD4 T cell
E2L7_CTCAATTGTCGAGCTC,Memory CD4 T cell
E2L2_TCTGCCAGTCTAGTGT,CD14+ monocyte
L3_GGGTAGACAAGTGATA,Naive CD4 T cell
L3_TGCTCCAAGATGATTG,Effector memory CD8 T cell
L1_CTCCAACGTGTGTGGA,Naive CD4 T cell
E2L6_TTCTAACCAATTCGTG,Naive CD4 T cell
L2_CTACTATCAAGTACCT,CD16+ NK cell
E2L5_GGCTTGGCATATTCGG,Plasma cell
E2L2_GTAATGCCAGCCGGTT,Effector memory CD8 T cell
E2L8_GTTGAACAGGGCTAAC,Effector memory CD8 T cell
L2_TAAGTCGTCTCCTACG,Naive CD4 T cell
E2L7_CATGAGTTCTGGTCAA,Platelet
L5_TAACACGAGCTCGCAC,Naive B cell
E2L4_GTTGTAGAGGGCTGAT,Memory CD4 T cell
L4_GCACGGTAGGTGGTTG,Naive CD4 T cell
E2L8_CGTGTCTCAAGGCCTC,Platelet
E2L2_GAGTCATAGTAGTCAA,Platelet
E2L3_TGTTCTACAGGACGAT,Memory B cell
L2_CAGCACGCAAGACCGA,CD161+ memory T cell
E2L7_GTAGTACTCTCTTGCG,CD161+ memory T cell
E2L5_ACTTTGTGTTCTATCT,Plasmacytoid dendritic cell
E2L3_CACCAAAAGAAGCCTG,CLEC9A+ dendritic cell
E2L5_CATCGTCCATAATGAG,Memory B cell
E2L6_ATCCGTCCATCCGTTC,CD1c+ conventional dendritic cell
L4_TAGATCGCACGCTATA,Mast cell
L4_ATCATTCTCTATTTCG,Naive CD4 T cell
L2_GGGCGTTCAGGACATG,Platelet
L5_GATCCCTGTATGAGGC,Memory CD4 T cell
L4_TATCTGTTCAGCGCAC,Cycling NK cell
E2L1_CCGGACAGTTGACTGT,CD56bright NK cell
L2_CTCTCGAAGCAGGGAG,Cycling NK cell
E2L4_GTTGTCCAGTCATCCA,Memory B cell
L2_GGTTAACGTCTTGTCC,Mast cell
E2L4_TCACATTCAACAACAA,CLEC9A+ dendritic cell
L5_GAAATGAGTAAGGCTG,Plasma cell
L5_CTCCCAAAGCAGATAT,Naive CD4 T cell
E2L6_AATGGAACAGCTTTGA,Effector memory CD8 T cell
L3_TCCGGGAGTACCTAGT,Mast cell
L5_GTCCTCACAAGATCCT,Naive CD4 T cell
E2L2_TGTCCTGGTCTAACTG,Memory B cell
L1_ATCACTTGTCAACGCC,Memory B cell
L2_CACCGTTTCGAAGTGG,Mast cell
E2L3_TATCAGGGTTGGTACT,Naive CD4 T cell
L1_CGATCGGGTACTCGCG,Memory CD4 T cell
L2_AAGACAATCGAGAGCA,Memory B cell
L4_CAACGGCCAATAGTAG,Naive CD4 T cell
L2_GGTCACGGTTAAGGAT,Memory CD4 T cell
E2L5_CCACACTTCACCGGTG,Naive CD4 T cell
E2L6_CCTTGTGAGCTCGGCT,Memory CD4 T cell
E2L5_TCTATCAAGCTTTGTG,Memory CD4 T cell
E2L3_GTCTAGAGTAGCTGTT,Cycling NK cell
E2L2_GCCATTCCAGAAATCA,Cycling NK cell
L2_CGCGTGACACGAAGAC,Naive CD4 T cell
E2L8_GGGATGAGTGGCAGAT,Effector memory CD8 T cell
L1_TCCCATGAGGAATGTT,CLEC9A+ dendritic cell
E2L8_GACTGATCAATGGGTG,Platelet
E2L7_TCAAGCAGTTCATCGA,Plasma cell
L4_TCTGCCATCGAGTACT,Naive CD4 T cell
L1_CGGCAGTGTGCCAAGA,Naive CD8 T cell
E2L4_AGTAGCTTCGTCAAAC,Cycling NK cell
E2L8_CGCATGGGTAGCCCTG,Erythrocyte
E2L5_TGAGCGCTCACTCCGT,Plasmacytoid dendritic cell
E2L5_ATGAGGGCAGGAAGTC,Memory CD4 T cell
L3_TTTGGTTGTCTAGTGT,CD56bright NK cell
L1_AGACAGGTCTTCCCGA,Mast cell
E2L6_GTTATGGCAAATACAG,Effector memory CD8 T cell
E2L2_TTTCGATCAGCAGTGA,Plasma cell
L1_GAAGGACGTCAGACGA,Naive CD4 T cell
L5_GAAGCGAGTCATACCA,CD161+ memory T cell
E2L3_GGCAGTCCAGATGCGA,Memory CD4 T cell
L2_GCTGGGTGTGTTCAGT,Plasma cell
L5_ATGAGTCGTACGACTT,Naive CD4 T cell
E2L5_AAAGTGAGTAACCCTA,Plasmacytoid dendritic cell
L1_AAACGCTGTGCTCGTG,Effector memory CD8 T cell
L3_TCTCAGCGTAGGCTCC,Effector memory CD8 T cell
E2L8_AGTCAACCAGGAATAT,Cycling NK cell
E2L1_CACTGTCTCTCGGGAC,Naive CD4 T cell
L1_GAGCTGCGTTACAGCT,CD161+ memory T cell
E2L2_CATAGACCATGCTGCG,Platelet
L4_TAAGCGTTCTTCGTAT,Naive CD4 T cell
E2L5_CAACCAAAGGGATGTC,CD56bright NK cell
E2L7_CGGAATTTCGTTCTCG,Effector memory CD8 T cell
L2_CACTAAGTCTATGTGG,Mast cell
E2L5_CATTTCAGTTCGTTCC,Plasma cell
E2L6_TAGGGTTAGCTAAACA,CD1c+ conventional dendritic cell
L3_ACTGCAAGTAGCTGCC,Naive CD4 T cell
L2_TTCTTCCAGGTTACCT,Naive B cell
L2_GTCTAGAGTTCGTTCC,Naive CD4 T cell
L5_TCATCCGCACTAGGCC,Memory B cell
E2L2_TAAGTCGAGTAGGGTC,Plasmacytoid dendritic cell
E2L1_TTCCACGCAGTAGAGC,Plasmacytoid dendritic cell
L1_CCGATGGCAACTTGCA,Naive CD4 T cell
E2L2_GTCGTAACAAGGCGTA,Memory CD4 T cell
L2_TGCGGCACAACCACAT,CD56bright NK cell
E2L8_CCCGGAATCGGCTGTG,Platelet
L4_AACTTCTGTAGGACTG,Effector memory CD8 T cell
E2L3_CCGGGTATCCGGCAGT,Memory B cell
E2L4_CTAACCCTCTTACGGA,Memory CD4 T cell
L1_TTGGTTTCAGTCACGC,Memory CD4 T cell
E2L4_TTCCTAACAGTCGTTA,CD16+ monocyte
L1_TCAGCAAAGCTCCCTT,Mast cell
L3_CAATTTCGTGAGCTCC,Mast cell
E2L2_TTCATTGAGTAGAATC,Plasmacytoid dendritic cell
E2L3_GTTATGGTCTTTCAGT,Effector memory CD8 T cell
E2L8_TGCTTCGGTGCATCTA,Naive B cell
L4_TTTCCTCTCCGTGTGG,Naive CD4 T cell
L1_TCAGTTTAGTCTAGAA,Effector memory CD8 T cell
E2L7_GTGAGCCAGGCAGGGA,Memory CD4 T cell
E2L1_GGGTCACGTAATCAAG,Platelet
L2_TCGGGTGCAGCACACC,CD161+ memory T cell
L4_GTGCTGGAGAATCGAT,Naive CD4 T cell
E2L6_CAACCTCCACTGCGTG,Plasmacytoid dendritic cell
L2_GAGACTTAGTTGGAGC,Plasma cell
E2L3_TCTACATTCCTTTGAT,Effector memory CD8 T cell
L1_GAGTTTGAGACGAAGA,Effector memory CD8 T cell
E2L3_CCTGCATCAAGAAACT,Memory CD4 T cell
L4_AACAAGAAGACTAAGT,Effector memory CD8 T cell
L5_GGGCTCAGTTACGGAG,Cycling NK cell
L4_TCTTCCTTCTGGTGCG,CD161+ memory T cell
L5_AAACGCTGTCGTCATA,CD1c+ conventional dendritic cell
E2L4_GTCGAATGTGGTCTCG,Plasmacytoid dendritic cell
L1_ACCTGTCGTATGAGCG,Platelet
L4_GTCCACTTCAATCTTC,Naive CD4 T cell
L5_CAGGTATGTGAATTAG,Effector memory CD8 T cell
L3_GCATGATTCGGTCTGG,CD161+ memory T cell
L2_CCTAAGATCTAACACG,CLEC9A+ dendritic cell
E2L5_TTTAGTCGTTAACCTG,Memory CD4 T cell
L2_CATCCACCAATCCAGT,Naive CD4 T cell
E2L5_GTCACTCTCCCAATAG,Memory B cell
E2L6_AACACACTCCACTGAA,CD14+ monocyte
L1_CGGGTGTGTAGTGTGG,Naive CD4 T cell
L3_AGCTACAGTGGTTCTA,CD16+ monocyte
E2L4_GTTACCCGTATTCCGA,CD56bright NK cell
E2L3_AACCATGCAACTGCTA,Effector memory CD8 T cell
L5_TCTCAGCCACAGCCTG,Plasma cell
L5_TTTCACATCCTTATCA,Naive CD4 T cell
E2L4_AAGATAGAGAGGTATT,CD14+ monocyte
L2_TTTCATGTCCAACTAG,Cycling NK cell
L4_CTCCCTCTCGATTGAC,Plasmacytoid dendritic cell
E2L1_TCGGGCATCCTCTAGC,Activated T cell
L1_AACAAAGAGGGAGAAT,CD1c+ conventional dendritic cell
L1_CCCTGATGTGTCCGTG,Memory CD4 T cell
L3_TGGGAGATCAAACCTG,Erythrocyte
E2L8_AGGCCACCATTGACAC,Effector memory CD8 T cell
E2L2_TCTGGCTTCGCAGTCG,Naive B cell
E2L7_CCTATCGGTGAGAACC,Memory B cell
E2L1_CGTTCTGGTCAAGTTC,Effector memory CD8 T cell
L4_ACCCTCATCACTGTTT,Plasma cell
E2L5_TAGACTGTCTGCGGGT,Effector memory CD8 T cell
L3_CGAGGCTCAGTGTATC,CD161+ memory T cell
E2L3_CACGGGTCACGGTAGA,Naive CD4 T cell
E2L3_GTTGCTCTCCGTTGAA,Naive CD4 T cell
L1_AATGCCAGTCTGCAAT,Naive CD4 T cell
E2L7_CTTCAATAGAAGTATC,Effector memory CD8 T cell
L5_AGAGAATTCGAACCTA,CD56bright NK cell
L5_CCCTTAGTCGCCAGTG,Plasma cell
L3_AGGACGAGTATCACCA,CD161+ memory T cell
L3_TTCCGGTTCTCATGCC,Effector memory CD8 T cell
L1_CTAACCCTCGGCAGTC,Naive CD4 T cell
E2L2_TGGAACTCACTTGGGC,Platelet
E2L2_GGGTGTCCACGAGGTA,Memory CD4 T cell
L5_TGACAGTTCTCATGCC,CD16+ NK cell
L4_GGAGAACCACCTGTCT,Memory CD4 T cell
L3_CCACAAAGTGAGCAGT,Naive CD4 T cell
E2L3_CCAATGATCTAATTCC,Naive B cell
E2L1_CCGTGAGCACAAGCAG,Memory CD4 T cell
E2L1_TCATTGTTCTGCATGA,Plasmacytoid dendritic cell
E2L7_TTTAGTCCAAAGAACT,Naive B cell
L3_TGGGTTATCGACGAGA,Memory B cell
E2L5_TCTAACTTCCTCGCAT,Mast cell
E2L2_CCGCAAGGTTCCGTTC,Memory B cell
E2L2_GAGTGAGTCGAGTGGA,Memory CD4 T cell
E2L2_AGTGACTGTCGACTTA,CD161+ memory T cell
E2L5_CAATGACTCTAGACCA,Activated T cell
E2L2_ATTCCTAAGACAACTA,CD16+ NK cell
L1_GGCAGTCTCACTGGGC,Naive CD4 T cell
E2L4_AACCACAAGTACAGCG,Platelet
E2L1_AAGTGAACACATTCGA,Memory B cell
L2_GTGAGTTCAGGTGAGT,Mast cell
E2L2_CTTCCTTAGGTTAAAC,Platelet
E2L2_CGAAGGAAGACCTCAT,Effector memory CD8 T cell
E2L8_TGGGAGAAGGCACCAA,Platelet
E2L3_CAGCACGTCGACACCG,Effector memory CD8 T cell
L5_GTAGAAATCCGCTTAC,CD16+ monocyte
E2L5_TACTTACGTGATGGCA,Cycling NK cell
E2L6_TCCACGTGTCTATGAC,Memory B cell
L2_ATTTCACAGCATACTC,CD16+ monocyte
E2L5_CGTCAAAAGTTGGAAT,Memory B cell
E2L3_ATGGAGGAGAGATTCA,Plasmacytoid dendritic cell
L2_CGTGCTTTCATCTGTT,CD16+ NK cell
E2L4_CGAAGTTCACGGATCC,Memory CD4 T cell
L1_CACGAATCAGAAATCA,CD1c+ conventional dendritic cell
E2L4_ATTACCTCAGATGCGA,Activated T cell
L2_GCACGGTGTCAGTTTG,Mast cell
L5_CTCCCTCCACATTCTT,Plasma cell
L5_TGAGCATTCCGAACGC,Naive CD4 T cell
L2_ATGCATGAGTGGATAT,Naive CD4 T cell
L5_GGTGATTGTTCAAGGG,Mast cell
L3_CAGCAATAGGAGACCT,Memory CD4 T cell
L3_CCCTCTCTCCCTCATG,CD16+ monocyte
L4_GGACGTCCAGCGACAA,Naive CD4 T cell
L5_TAACTTCTCAAGGCTT,CD161+ memory T cell
L4_GAAGTAATCGGATAAA,Naive CD4 T cell
L4_TTCCAATAGGCAGGGA,CD16+ monocyte
E2L3_GAAGCGAAGCACTAAA,CD14+ monocyte
E2L1_TCTAACTCACAACCGC,Naive B cell
E2L4_GGTAACTCACCAGGTC,Platelet
E2L1_AGGGCTCGTAACATGA,Memory B cell
L4_TCATTGTAGGTGTGAC,CD16+ monocyte
E2L3_CTTCAATGTAAGATAC,Naive CD4 T cell
E2L5_AATGAAGGTAAGTTAG,Cycling NK cell
E2L8_CGATCGGTCAGCTAGT,CD16+ NK cell
E2L8_AAGTGAAAGAAACTGT,Memory CD4 T cell
L4_TCTCTGGAGGAATGTT,Effector memory CD8 T cell
E2L8_AGGGCTCTCTGTTCAT,Plasmacytoid dendritic cell
E2L4_TGGAGAGGTGGACTAG,CD16+ NK cell
E2L1_ACTTATCTCACACGAT,Platelet
E2L8_TCGTAGATCCGGTAGC,Memory B cell
E2L5_CCGATGGAGACCAACG,Effector memory CD8 T cell
L5_TATCTGTCAGTAACAA,Platelet
L3_GGGCGTTCACCCTAGG,Naive CD4 T cell
L3_CGGGCATCATGGAACG,CD16+ NK cell
E2L5_ACTGTGACAAAGGATT,Memory B cell
L2_CCTCACAAGTATCCTG,CD16+ NK cell
L4_GCAACCGGTACTGGGA,Naive CD4 T cell
E2L3_TATACCTTCTGGCCGA,CD56bright NK cell
E2L6_GAACTGTAGATGGCAC,Naive CD4 T cell
E2L6_GAGCCTGTCCCGAAAT,Memory B cell
E2L1_AAAGTGAAGATACAGT,CD56bright NK cell
E2L7_ATTCACTCAATCGCGC,CD56bright NK cell
L5_TAGACCAAGGTACATA,Effector memory CD8 T cell
L2_CATGCTCTCTGTCTCG,CD161+ memory T cell
E2L1_GATGACTCATACGCAT,Naive CD4 T cell
E2L2_AGAACCTAGTTCTCTT,Memory B cell
L1_CATGCGGTCGTTAGAC,Plasma cell
E2L3_ATGGATCAGTTCTCTT,Activated T cell
E2L4_GTGCTTCGTGTCATCA,Activated T cell
L5_TGCTCGTTCTCACTCG,Mast cell
E2L6_GGAATGGGTTCAAAGA,Effector memory CD8 T cell
E2L1_TCAGTCCCACAACGCC,CD161+ memory T cell
E2L6_TCGATTTGTACACGTT,CD16+ monocyte
E2L5_CCACTTGTCCCGAGAC,Effector memory CD8 T cell
E2L3_ATCGTGACAGCACGAA,Effector memory CD8 T cell
E2L8_AGACACTCAAGTCCAT,Plasmacytoid dendritic cell
L4_AAGCGTTGTCGGCCTA,Memory CD4 T cell
L4_GTGTGATTCAAGGCTT,Naive CD4 T cell
E2L7_ACTTCCGAGGTTAAAC,Naive B cell
L4_CTCAGTCGTCGGATTT,CD161+ memory T cell
E2L5_GCCATTCAGCTCAGAG,Naive CD4 T cell
L1_TTGACCCGTATGGTTC,Naive CD4 T cell
L5_ATTCGTTTCTGCTTTA,CD161+ memory T cell
L2_ATTATCCTCCCTCAAC,Plasma cell
L3_AATGGAATCGCAGTGC,Cycling NK cell
E2L5_CAGAGCCTCCTTATAC,Effector memory CD8 T cell
L3_GGGATGACAGACACCC,Naive CD4 T cell
L3_TGTGATGAGACAAGCC,CD161+ memory T cell
E2L7_GAATCACGTACCACGC,Naive B cell
L3_TACCGGGAGAGCTGAC,Memory CD4 T cell
E2L7_TCGCTTGAGTATGTAG,Cycling NK cell
E2L2_GCGGAAACAGCCCAGT,CD16+ monocyte
E2L1_CACATGAAGGTACATA,Naive B cell
E2L6_TTTAGTCGTCTTCCGT,CD161+ memory T cell
L3_TATATCCCAGGGACTA,CD14+ monocyte
E2L7_AGCTCAAGTAGGCTGA,CD14+ monocyte
L5_AGAAGTACACTTGACA,Naive CD4 T cell
E2L6_CAGCGTGAGTGGAATT,Naive CD4 T cell
E2L8_TCCGTGTCATGGCACC,Effector memory CD8 T cell
L2_TGGGATTCATGTGCTA,Naive B cell
L2_GTTCCGTCAAAGCTAA,Cycling NK cell
E2L2_GGTTGTAGTTTCGTGA,Plasma cell
L5_AATTCCTAGAACGCGT,Cycling NK cell
E2L2_CAGCACGAGTTAGTGA,Naive CD4 T cell
L4_CGAATTGGTCTTGTCC,CD56bright NK cell
L1_CGGAATTAGGATATGT,Memory CD4 T cell
L4_CCCTCAAGTAGATCGG,CD16+ monocyte
E2L6_TTGTGGACATGGCTAT,Naive B cell
L5_GCCATTCTCTCTCTTC,Memory B cell
E2L7_ACCAAACTCATAGACC,Naive B cell
L3_CACCGTTTCACTTGTT,Memory B cell
E2L1_CCACCATTCATTTACC,Memory CD4 T cell
E2L4_GAATCGTAGGCTAGCA,Naive CD4 T cell
E2L3_GTTGCGGGTGTTAACC,Effector memory CD8 T cell
L5_GTGTCCTGTTACCCAA,Naive CD4 T cell
L2_GCAGCCAGTAAGCTCT,CD16+ monocyte
L5_GCGGATCAGACGGAAA,Memory CD4 T cell
L2_TTCCAATTCTGGACTA,CD16+ monocyte
L4_ATGGGTTTCTGCACCT,Effector memory CD8 T cell
E2L1_CTCCATGCACTTACAG,Effector memory CD8 T cell
E2L7_TCATGGAGTTGCTCAA,Plasma cell
L4_GCCAACGCATAATGCC,Mast cell
E2L7_TTCGCTGCAGCTTTCC,Memory CD4 T cell
E2L2_TGATTTCCACTATCCC,CD161+ memory T cell
L3_CCACAAAAGAGGGCGA,Erythrocyte
L2_CGGAACCAGCCTGGAA,Plasma cell
E2L4_CTAGGTATCATAAGGA,Platelet
E2L7_CTCATGCAGTCGTCTA,CLEC9A+ dendritic cell
E2L2_CTCTGGTCACGGCTAC,Memory B cell
L3_TATTGGGCAAGCGGAT,Memory CD4 T cell
E2L2_TTGTTCAGTTGATCGT,CD16+ monocyte
E2L2_ATAGAGACACGTTGGC,Memory CD4 T cell
L1_AAAGGGCTCGTTACCC,Plasma cell
E2L2_CTCCTTTAGATAGGGA,Memory B cell
E2L8_GCATCGGCACAAAGTA,Plasma cell
E2L5_GGAAGTGTCCTGCCAT,CD16+ monocyte
E2L2_GTGGCGTTCGACATAC,Memory CD4 T cell
E2L2_GGGTGTCAGGCTGGAT,Effector memory CD8 T cell
E2L7_TTTACCATCAGAGTTC,Platelet
L3_CCAAGCGTCTAAGGAA,Cycling NK cell
E2L2_CTCGAGGGTACAGTAA,Naive CD4 T cell
E2L6_AAAGAACTCAGACCTA,Memory B cell
E2L2_AGGGTCCGTCAGGAGT,CD16+ monocyte
E2L6_GGTGAAGCAGACCAGA,Memory CD4 T cell
L5_GGACGTCCAGGACAGT,CD161+ memory T cell
E2L5_ACCAAACTCTTCTAAC,Plasmacytoid dendritic cell
L4_CATGCGGAGTTAGAAC,Cycling NK cell
E2L1_AATCGTGTCTGCGATA,Cycling NK cell
E2L3_TCACGGGCACACCGCA,CD16+ monocyte
E2L7_ATTTCACCAGGCCTGT,CD56bright NK cell
E2L1_AGAGCAGGTACTTCCC,Plasma cell
E2L2_TCCTAATCATGTCAGT,Effector memory CD8 T cell
E2L7_CTCCTTTTCGTAACAC,CD16+ NK cell
L4_CCGTTCAGTAGCTTAC,Effector memory CD8 T cell
L4_AGTCTCCAGCCACAAG,Mast cell
L1_TTGGATGGTAAGGTCG,Memory CD4 T cell
L4_AGGACTTCAGTCTTCC,Naive B cell
E2L4_CTCAATTCAGCGTACC,CD14+ monocyte
E2L2_AAAGTGACATAGTCGT,Cycling NK cell
L4_AGACCCGCAGCTATTG,Effector memory CD8 T cell
E2L6_ATAGACCAGCTGAGTG,Naive CD8 T cell
L1_GGGTTTAAGGCAGTCA,Effector memory CD8 T cell
L4_CGCAGGTTCACGATCA,Plasma cell
E2L4_TGCAGTATCTTCTAAC,Memory CD4 T cell
L2_ATGCATGGTCGAGCAA,CD1c+ conventional dendritic cell
E2L4_CGAAGTTGTTTCACAG,Platelet
E2L2_AAACGCTTCATGCCGG,CLEC9A+ dendritic cell
L4_ATCCCTGCAGACTCTA,Naive CD4 T cell
E2L8_ATGCCTCAGCACGATG,Platelet
E2L3_CCGGTGAGTGTACATC,Memory CD4 T cell
E2L7_GTCTGTCAGGACTATA,CD16+ NK cell
L3_GGGTCTGGTGCCCACA,CD56bright NK cell
L4_CTAACCCAGTGTTCAC,Naive B cell
L3_CGGGCATGTTGTAAAG,Naive CD4 T cell
L3_ACGTAGTCAGACAATA,Mast cell
E2L4_CACAGATAGGATTTGA,CD14+ monocyte
L1_TGGATCAAGCTGGCCT,Naive CD4 T cell
L3_TAAGCCATCGACCAAT,CD56bright NK cell
L4_ACAGAAATCCATACAG,Naive CD4 T cell
E2L2_CTACCTGAGCCATTTG,CD56bright NK cell
L2_CATCGTCAGCCATATC,Naive CD4 T cell
L3_CTGTACCCACAAATCC,Naive CD4 T cell
L3_TTCTGTAAGGTCGAGT,Naive B cell
E2L8_TCATTCACATGTGCTA,CD16+ NK cell
E2L8_CTCTCAGCATGCCGGT,Cycling NK cell
E2L7_CTTCCGAGTGCTCTCT,Cycling NK cell
E2L8_TATCTGTTCTTGATTC,Effector memory CD8 T cell
L4_ACCTGAACAGTAGAAT,Mast cell
E2L4_AGAACCTTCGATGCAT,CD56bright NK cell
E2L2_CGATGCGAGTAGTCCT,CD56bright NK cell
L1_TGCTTGCAGTAGCATA,Plasma cell
E2L6_CGCGTGATCTGCATAG,CD1c+ conventional dendritic cell
E2L5_TTCTTCCAGTCGGGAT,Cycling NK cell
E2L2_CGAAGGAGTTCGGTTA,CD16+ monocyte
E2L1_CAGATCAAGAACCGCA,Platelet
E2L3_TCGAAGTAGATTGATG,Memory B cell
E2L5_GGGCTCACAACTGCTA,Naive CD4 T cell
E2L2_ACCCAAATCGAGAAGC,CD14+ monocyte
E2L4_CCCTTAGGTGATAGTA,Cycling NK cell
E2L8_TAATTCCCACGGCTAC,Plasmacytoid dendritic cell
E2L7_ATTCAGGGTCACAATC,Memory B cell
L1_AGGGTCCAGCATGTTC,Naive CD8 T cell
L1_ACAAAGATCACTCTTA,Naive CD4 T cell
E2L8_CTGTACCGTCGTCATA,Memory B cell
L1_TCACACCCACGTGTGC,Memory CD4 T cell
L4_GGAGAACTCCTCGATC,Naive CD4 T cell
E2L7_TACTTCAGTCTCTCAC,CLEC9A+ dendritic cell
L2_GTCAAGTAGCCTTCTC,Effector memory CD8 T cell
E2L4_AGGTAGGGTAAGTTAG,CD16+ NK cell
E2L4_AAGTGAAGTCCAAAGG,Naive B cell
L3_TGAATGCGTTGCATTG,Cycling NK cell
E2L4_ACATGCATCGTGGCGT,Memory CD4 T cell
E2L3_CATAAGCAGATCACTC,Memory B cell
L3_GGTTCTCTCATGAGAA,Memory CD4 T cell
L1_GTCACGGAGCGCATCC,Platelet
E2L7_GTAGAGGGTAAGTTAG,Naive B cell
E2L7_TCTATCAGTAGGAGTC,Platelet
E2L3_ATGATCGGTAACGCGA,Naive B cell
L3_GTTAGACGTGATGAAT,Memory B cell
E2L5_CATACTTAGCACTCAT,CD56bright NK cell
E2L7_AATCGACCAATTGCCA,Platelet
L5_GCGATCGCAAACAGGC,Naive CD4 T cell
L3_CCACGAGGTGGCCTCA,Naive CD4 T cell
E2L1_AACAAAGAGGCACAAC,CD14+ monocyte
E2L2_GTGGGAAGTCGAATGG,CD14+ monocyte
E2L2_CTGCGAGAGCCGTTAT,Memory B cell
E2L3_TTTGGAGCACCAGGTC,Plasma cell
L1_TCAAGTGGTAGTGGCA,Naive CD4 T cell
E2L8_GGGTTATAGCTGTACT,Naive B cell
E2L5_AAAGGATGTCTACAGT,Effector memory CD8 T cell
E2L8_GAATCGTAGTAGGGTC,CD16+ NK cell
L2_CAACGATCAAGCACAG,CD16+ NK cell
E2L5_GATTGGTGTTTGTTCT,CD14+ monocyte
L2_AGGCCACCAATGCAGG,CD16+ monocyte
E2L7_TATTTCGTCCCTAGGG,Naive B cell
E2L2_CTCCCAATCTGCGAGC,Memory CD4 T cell
L3_TTCAGGACATGCAGCC,Memory CD4 T cell
L4_GGGCTCACACTCTGCT,Naive CD4 T cell
L2_ACATCGACACAACATC,Mast cell
L4_TAACTTCAGGAGACCT,Naive CD4 T cell
L4_GTGGCGTTCTGTAAGC,Erythrocyte
E2L4_GATCGTATCTCAGTCC,Cycling NK cell
L1_AACGGGAGTTAAGGAT,Mast cell
L3_TATTCCATCCGACAGC,Effector memory CD8 T cell
E2L7_TGTGATGGTAGAGACC,Cycling NK cell
E2L1_GGAGGTATCAACCCGG,Memory B cell
E2L6_TTGGGTAAGAAGTCCG,Memory CD4 T cell
E2L7_TGCAGATAGATGTTGA,Memory B cell
E2L1_TACCGGGCATCACAGT,Effector memory CD8 T cell
L5_AACCTGAGTCCACGCA,Effector memory CD8 T cell
L5_AACCTGACATCCTGTC,Naive CD4 T cell
E2L6_TTGGATGCATGGGTTT,Memory CD4 T cell
E2L3_TTCACGCAGGTCGTAG,CD14+ monocyte
E2L2_AAATGGAGTCTCTCCA,CD56bright NK cell
L1_GGGACTCCAATAGTAG,Cycling NK cell
L2_GGAGATGTCCATGAGT,Memory B cell
E2L2_ATGGAGGGTCTACTGA,Memory B cell
E2L8_TCCCACACATGTTTGG,Naive CD4 T cell
E2L4_GTACAGTAGTTCGCAT,Activated T cell
E2L4_TATGTTCGTAGCTTGT,CD56bright NK cell
E2L5_CCCTAACGTGATTAGA,Effector memory CD8 T cell
E2L6_GAAGCCCTCGTCAAAC,Memory CD4 T cell
L5_TCAGTTTTCGGTTAGT,Plasma cell
L2_AAACCCATCGTGCGAC,Memory CD4 T cell
L3_TTTATGCCACCATATG,CD14+ monocyte
E2L4_GTGCTGGGTTTACTTC,CD56bright NK cell
E2L1_GATGAGGTCGGTCAGC,CD16+ monocyte
L4_ACGTTCCGTACCGTCG,Naive CD4 T cell
L1_ATGTCTTGTAGAGGAA,Effector memory CD8 T cell
L2_CATTGAGCATGTAACC,CD16+ NK cell
L1_GACCTTCTCTGGAGAG,Mast cell
E2L5_TGCAGATCAGTGTGCC,Naive CD4 T cell
L3_GGTAACTAGATGATTG,Plasmacytoid dendritic cell
L3_ATGAGTCGTCGTTATG,Naive CD4 T cell
E2L2_AGACCATGTTAGTCGT,Memory CD4 T cell
L4_TGTTGAGAGTTTGCTG,Naive CD4 T cell
L3_CCATCACCATAGTCGT,Naive CD8 T cell
L2_TTACCGCAGGGAGATA,Memory B cell
E2L5_CTCAAGAGTGTTATCG,Effector memory CD8 T cell
E2L6_CCCTGATAGCGCACAA,Naive CD4 T cell
L1_GCCTGTTTCTCAACCC,Activated T cell
E2L2_TCACGGGTCTTGCAGA,Cycling NK cell
L5_GTTCGCTAGTACAGAT,Cycling NK cell
L5_TTTGGAGGTGGTGATG,Mast cell
L2_CCGGACAAGTTGCGCC,Plasmacytoid dendritic cell
E2L4_CTGAGCGGTTTGGCTA,Effector memory CD8 T cell
L5_AGACAAATCGAACACT,Memory CD4 T cell
L2_TTCTTGAGTACGTTCA,Naive CD4 T cell
E2L5_GATGAGGTCACCGACG,CD16+ monocyte
L5_TACATTCTCGTCGATA,Memory CD4 T cell
L2_CGACAGCTCACGATCA,Memory CD4 T cell
L4_CCACGTTCAAGATTGA,Mast cell
L2_GAAGAATAGCCTATCA,Plasma cell
E2L1_CATCGCTGTAGGATAT,Memory B cell
L4_AATGCCATCAGCTGAT,Memory B cell
L2_CGAGTGCAGCAAGTGC,Effector memory CD8 T cell
E2L1_CATGGATAGGACACTG,Effector memory CD8 T cell
E2L2_CTCAGGGGTTGGGATG,Effector memory CD8 T cell
E2L5_CGGCAGTCAGACCAGA,Memory B cell
L5_ATCATTCCACTTGTGA,Naive B cell
E2L1_GTGCTTCTCTGTGCTC,Naive B cell
L2_CATACTTTCGAATGCT,CD16+ monocyte
L5_CATTGCCCATGGTGGA,Platelet
E2L3_AAACGAATCTTGGTCC,CD1c+ conventional dendritic cell
L3_TGGAACTCACCTGCGA,Effector memory CD8 T cell
E2L6_TTGCGTCAGGGCGAGA,Plasmacytoid dendritic cell
L5_TGATTTCAGGTCGTCC,Effector memory CD8 T cell
E2L8_CCGGTGAGTGTTAACC,CD16+ NK cell
E2L1_CAACCTCCAGTTAAAG,CD16+ NK cell
E2L6_CCTCTAGCATCAACCA,Platelet
L2_GAATCGTCAGTTGCGC,CD16+ NK cell
L5_TCGTGGGGTATTTCTC,Naive B cell
E2L4_TGTTGAGTCGGAAGGT,Cycling NK cell
E2L1_AGTTCGAGTCGCACAC,Effector memory CD8 T cell
E2L3_TACATTCGTAGGCTGA,Memory B cell
E2L5_TCGCAGGTCACCCTCA,CD56bright NK cell
L5_CGACAGCCAATCCTAG,Memory CD4 T cell
E2L4_GGTGTCGCAAATTAGG,Plasmacytoid dendritic cell
L1_GTGGTTACAGTAACCT,Mast cell
L1_GGAGATGTCATGCCGG,Naive CD4 T cell
L1_CCCGGAAAGCAGCAGT,CD161+ memory T cell
L5_CGTGTCTGTTCGGTAT,CD1c+ conventional dendritic cell
L3_ATGCGATCAAGATTGA,CD16+ NK cell
E2L6_TCAGGTACACGTTGGC,Plasmacytoid dendritic cell
L4_TAGGTACCACCTTCGT,Memory B cell
E2L1_AGCGTATCATGGGTCC,Activated T cell
E2L1_CACCAAAGTTAAGGAT,Memory B cell
E2L8_CAGGTATCAAGGACAC,Effector memory CD8 T cell
E2L4_GTGCTGGTCCGTGTAA,Memory CD4 T cell
E2L1_GTTTGGATCCCTCGAT,Naive CD4 T cell
L4_ACGTCCTTCATTGAGC,Naive B cell
E2L3_CCACTTGCAGCTGTAT,CD1c+ conventional dendritic cell
E2L1_AGAGAGCGTGACCGAA,Memory CD4 T cell
E2L8_TCCCAGTCAAAGAGTT,Platelet
E2L6_GACTGATTCCTCTAGC,Memory CD4 T cell
E2L1_ATCCACCTCCATTCGC,Cycling NK cell
L4_TTTCAGTGTCACTTCC,Memory CD4 T cell
L1_TGATTCTGTCACAGTT,Memory B cell
E2L5_TACAACGGTACAGGTG,Memory CD4 T cell
L1_GTTTGGAGTCCCTAAA,Memory CD4 T cell
L2_TCGATTTGTCAAGCGA,Naive CD4 T cell
L2_ATCGATGCACAAAGTA,Naive CD4 T cell
E2L2_AAGGTAAAGCTTCATG,Cycling NK cell
E2L7_AGTACCAGTGGCTGCT,Memory B cell
E2L8_CTTGATTGTGTCTTAG,CD14+ monocyte
E2L2_CATCGGGGTTGGACCC,Effector memory CD8 T cell
L4_CACTGGGAGTCCCTAA,Plasma cell
L5_GGAGATGAGTTACGGG,Memory CD4 T cell
E2L3_GTGTAACCAGCGATTT,Memory CD4 T cell
L2_ATTTCTGAGACTCCGC,Memory CD4 T cell
L1_ACGTACAGTCCAGGTC,Naive CD4 T cell
L3_CGTGATATCTCATGGA,Naive CD4 T cell
E2L8_TACACCCCAGTTCTAG,Cycling NK cell
L5_TCATTCACAGAGTCAG,Plasma cell
E2L3_CACCAAATCGGTAACT,Effector memory CD8 T cell
E2L1_CTGTGAACAAGATGTA,Naive CD4 T cell
E2L6_TATTGGGCATAGATCC,Memory B cell
L4_TCTGGCTTCGAGATAA,Memory CD4 T cell
L4_TCGAACACAGTTGTCA,Effector memory CD8 T cell
L3_TATCTTGCATGACGGA,Plasma cell
L4_GGGAAGTGTGACCTGC,CD161+ memory T cell
L5_CAAGCTAGTCCGGTGT,Memory CD4 T cell
E2L1_TGTTGGAAGCGTTGTT,Plasma cell
L4_TGCACGGGTGATACAA,Effector memory CD8 T cell
E2L3_TACAACGAGTGAGGCT,Effector memory CD8 T cell
L5_CCTGTTGTCAATGTCG,CD56bright NK cell
L3_TGTGTGACATCTGGGC,Mast cell
E2L1_AGATCCAGTGTATTCG,Cycling NK cell
E2L6_CATAGACCAACCGACC,CD14+ monocyte
E2L3_GTGTGGCTCATTGCCC,Memory B cell
L1_GATGCTATCCTGTACC,Plasma cell
L2_ATCGTCCCAGATACTC,Naive B cell
L2_TCGGTCTGTGGCACTC,Naive CD4 T cell
E2L2_CGTCAAAGTTCTGAGT,Cycling NK cell
L1_GAAGTAATCAGTGATC,Memory CD4 T cell
L5_CCACGTTCATTGCAAC,Mast cell
L1_AGTAGCTTCAATCCAG,Memory B cell
L2_GGGTGTCAGAGTCTGG,Plasmacytoid dendritic cell
L3_CTGGTCTAGGCGAACT,Cycling NK cell
E2L1_TCATGTTTCATCGGGC,Effector memory CD8 T cell
L2_ACATCGAGTTCTCTAT,Memory B cell
L1_TTTCAGTTCCATACTT,Mast cell
E2L8_AGACTCATCCGTATGA,CD161+ memory T cell
E2L5_CAAAGAAGTCTTCTAT,CD14+ monocyte
E2L2_TGGGCTGCATCGCTGG,Memory B cell
L5_TGAGCGCGTAAGTAGT,Plasmacytoid dendritic cell
L5_AGCGCCACAGGTCAAG,CLEC9A+ dendritic cell
E2L2_ATTCATCGTGTACGCC,Plasma cell
E2L8_TCAATTCCACCTGCTT,CD16+ monocyte
E2L1_CTTACCGGTGGGAGAG,CD56bright NK cell
E2L8_CAATCGACACTCAAGT,Memory CD4 T cell
L3_CAGATCATCACTTATC,CLEC9A+ dendritic cell
E2L7_GTGTTAGTCTATGCCC,Naive CD4 T cell
L2_CTCCGATCAGGTCAAG,Mast cell
E2L1_TTCCTAAAGGCTGAAC,CD16+ NK cell
E2L2_AATGCCAAGTATCCTG,Plasma cell
L2_GCAGCCAGTTTGTTCT,Plasma cell
E2L8_ACTTCGCCATGGAACG,CD16+ monocyte
L2_CAAGAGGGTCGTGATT,Naive B cell
E2L6_CCTACGTAGTATTGCC,Naive CD4 T cell
L5_TATTCCACATAGATGA,Erythrocyte
L5_TCATACTAGCGTATGG,Platelet
L3_GTGGAAGCACAATGCT,CLEC9A+ dendritic cell
L1_ACTCTCGGTATCGAGG,CD56bright NK cell
E2L5_CATTGAGGTACCGCGT,Mast cell
E2L8_TCCTCCCCACTCCTGT,CD16+ NK cell
E2L5_CATGCGGGTGCGAGTA,Memory B cell
E2L7_AACAACCTCATGAGGG,CD16+ monocyte
L2_GACGCTGAGACATACA,Memory B cell
E2L8_CATGGTATCCTAAACG,Cycling NK cell
L1_TAGGTACCAGCTGAAG,Naive CD4 T cell
E2L7_CAATTTCAGTCGGCCT,Plasmacytoid dendritic cell
L3_CTGCCTAAGTCCCGGT,Naive B cell
E2L8_TCACTCGGTAGCACAG,CD14+ monocyte
E2L5_GTGCTTCGTTTACGAC,Memory B cell
E2L6_TTGGGTACATCAGTCA,Plasmacytoid dendritic cell
L5_ATCCATTTCTTCGTGC,Naive CD4 T cell
E2L2_GATCACATCACGGACC,Platelet
E2L5_GATTCTTAGGAAAGTG,Cycling NK cell
E2L7_TCACGCTTCAGTGTTG,Memory B cell
E2L1_AGACTCACATAGAAAC,Naive B cell
E2L3_ACCTACCCATGCGTGC,Naive CD4 T cell
E2L4_CTACTATCAGAAACCG,Effector memory CD8 T cell
E2L4_TGAGCGCCATGTACGT,Naive B cell
E2L5_TCTAACTTCTGAGCAT,Naive CD4 T cell
E2L8_CAAGCTAAGCCTTGAT,CD16+ NK cell
E2L7_CAATTTCGTACACGTT,CD1c+ conventional dendritic cell
L4_CAAGCTATCGTCAAAC,Memory CD4 T cell
E2L3_AGGAAATGTCCGACGT,Cycling NK cell
L4_AAGACAAAGCCATGCC,Plasmacytoid dendritic cell
E2L1_CTGCTCAGTCCTCATC,CD14+ monocyte
L1_GTACAACCAATCGCAT,Memory CD4 T cell
L5_AGGACGATCTGCATGA,CD14+ monocyte
L3_TAACGACGTGCTCTTC,Cycling NK cell
L3_ATCACTTTCACGGGAA,Memory B cell
L4_GAGGCAACAGCGTACC,Memory CD4 T cell
L5_TACGCTCAGGTGCCTC,Naive CD4 T cell
L4_CCACTTGCAACGGTAG,Mast cell
L2_TGTCCTGAGTCATCGT,Mast cell
L2_CAGTTAGTCAGTGTCA,Naive B cell
E2L6_CACTTCGGTTCGGCGT,CD16+ NK cell
L5_CGTAAGTTCCTTACCG,Mast cell
L3_TATACCTTCCGGCAAC,Mast cell
E2L3_CACTGTCCAGGATGAC,Naive CD4 T cell
E2L3_GCCATGGAGGAAGTAG,Naive CD4 T cell
E2L4_TGAGGGACAAAGGAGA,Cycling NK cell
L4_GAAGGACGTTATGACC,Mast cell
L5_CAAGAGGCAATAACCC,Naive CD4 T cell
E2L2_TAGGGTTCAGCTGAGA,Memory CD4 T cell
L1_TTCTCTCAGGATAATC,Memory B cell
L5_TAGGGTTAGGCCCAAA,Memory B cell
E2L8_ACCCTCATCGCTACAA,Effector memory CD8 T cell
E2L8_CCGGACAAGAGAGGGC,CD16+ monocyte
E2L1_TTTGGAGCATGGGCAA,Memory CD4 T cell
L1_CTGTACCAGTTCGCAT,Cycling NK cell
E2L4_TGGGATTCACTGATTG,Effector memory CD8 T cell
E2L6_CCCATTGAGGATATAC,CD14+ monocyte
E2L2_CTTTCGGTCGTGTGAT,Platelet
E2L6_CTACCTGTCATAAGGA,CD16+ NK cell
L5_GGAGATGCAATACCTG,Naive CD4 T cell
L5_GTCCACTTCCGCAAAT,Mast cell
L4_AACCATGGTGTATTCG,CD56bright NK cell
E2L1_GGGACCTTCCTCTAGC,Effector memory CD8 T cell
L5_GTGGTTACATCGGATT,Mast cell
E2L8_TGTCCACCATATGAAG,Naive CD4 T cell
E2L7_GAGTGTTGTCGGTACC,Memory B cell
E2L2_GCATTAGCACGCAGTC,CD16+ monocyte
E2L7_ACATCCCTCTTCGATT,Effector memory CD8 T cell
E2L1_CAAGAGGCAGGGTCTC,Plasmacytoid dendritic cell
L2_ACCAACAAGATTGGGC,Memory B cell
E2L8_ATCGTAGAGCCACTCG,CD16+ NK cell
E2L2_TGTGGCGAGATCGGTG,Naive B cell
E2L4_TTTGATCAGCCATTGT,CD14+ monocyte
L4_CGTCAAACAATGTGGG,CD16+ NK cell
E2L6_CTGGTCTCAGGTATGG,CD16+ monocyte
L2_TCCTTCTTCGCTGTTC,Mast cell
E2L4_CATTGTTAGAATTGCA,Plasmacytoid dendritic cell
L5_CAAGACTGTTTGAACC,CD161+ memory T cell
E2L7_GATTTCTCATTAGGAA,CD56bright NK cell
E2L1_AAGCATCGTAGCGATG,Memory B cell
E2L2_CGAGGAAAGGTAGCAC,Plasmacytoid dendritic cell
E2L1_TTTACGTGTGACTGAG,Effector memory CD8 T cell
L5_TTACGTTTCTCCCTAG,CD161+ memory T cell
L2_CATCCGTTCCACAGCG,Effector memory CD8 T cell
L3_TCGAAGTCATCCTAAG,Naive CD8 T cell
E2L4_CGAAGTTTCTAGATCG,Effector memory CD8 T cell
E2L5_GCTGCAGGTGATAGAT,CD14+ monocyte
E2L6_ACCAAACTCTTGGATG,CD56bright NK cell
E2L2_TACACCCAGCTACAAA,Memory CD4 T cell
L3_CTGAGCGCAGGTTCGC,Plasma cell
E2L3_TCTGTCGAGAGTCACG,Cycling NK cell
L5_TTGGTTTCACTCGATA,Erythrocyte
E2L2_AGGATCTGTGGCTGAA,Memory CD4 T cell
E2L5_TTTGGTTAGAACGTGC,Cycling NK cell
E2L4_TGAGTCACACCCTATC,Memory B cell
L3_AGACTCATCCCAGTGG,Naive CD4 T cell
L5_CGAGAAGGTGTGCCTG,CD161+ memory T cell
L3_AGTACCACATCTCGTC,Memory CD4 T cell
E2L2_GACCCTTGTTTGAAAG,CD14+ monocyte
E2L7_CTAGACAGTGGATCGA,CD14+ monocyte
E2L4_CTCACTGAGAGTCTTC,Memory B cell
E2L7_TTGGGATCACGCTTAA,CD16+ monocyte
E2L5_CATGAGTTCGCGTGCA,Cycling NK cell
L5_ACTTTCACAGGACTAG,CD161+ memory T cell
E2L7_TGACCCTCATTCATCT,CD56bright NK cell
L1_GCTCAAACACTTCATT,CD56bright NK cell
L2_CCTCAACAGAAGCGCT,Mast cell
E2L6_TGGGTTATCAATCAGC,Naive CD8 T cell
L1_GCGATCGCATGTGACT,Naive CD4 T cell
L3_AGTGATCAGTTCCGGC,Memory CD4 T cell
L3_TTCAGGACAGCGTGAA,Memory CD4 T cell
E2L7_TCAGCAAAGAGCTTTC,CD16+ NK cell
L3_TCGGATATCTTCGCTG,CD161+ memory T cell
L4_TGGAACTAGTGAGTGC,CD161+ memory T cell
L4_ATTTCACCATACCACA,Memory CD4 T cell
L1_GAATAGACACGGTGTC,Naive CD4 T cell
L3_GTAGATCAGGACGCTA,Memory CD4 T cell
E2L1_GGGACTCCAGATCCAT,CD1c+ conventional dendritic cell
L1_AGTGACTAGTAACGTA,Cycling NK cell
L1_ATGTCCCTCCCTCTAG,Naive CD4 T cell
E2L4_TGCACGGCATTGAGGG,CLEC9A+ dendritic cell
L4_GCTGCAGGTCCACACG,CD14+ monocyte
E2L8_AACACACTCTTCCGTG,Plasma cell
E2L1_CGTAATGAGTCATGCT,Naive B cell
E2L7_AGATGAAAGCCACTCG,Naive CD4 T cell
E2L6_TCTACCGCAGTTAGAA,Naive CD4 T cell
E2L6_ATGATCGGTGTGTCCG,Effector memory CD8 T cell
L4_AATCACGGTCAGTTTG,Naive CD4 T cell
E2L4_TCGGGACGTCCTTTGC,Effector memory CD8 T cell
E2L6_TGACCCTGTGTGAATA,Plasmacytoid dendritic cell
L5_CTTCCGACAAGAATAC,Effector memory CD8 T cell
E2L5_GAAACCTTCCTCTGCA,Plasma cell
L5_TCTATCAAGTCGGCAA,Effector memory CD8 T cell
L4_CCGTTCACATTGAGCT,CD1c+ conventional dendritic cell
L1_GGTGTCGCAAGAATGT,CD16+ NK cell
E2L2_CCGATCTCAGAAGCTG,Memory B cell
L4_ATTCATCCAGACTCTA,CD16+ NK cell
E2L6_AGTCACATCCAATCTT,Plasma cell
L1_GAGTGTTTCCTCACTG,Cycling NK cell
E2L3_GATTGGTAGATGATTG,CD56bright NK cell
E2L5_CGGGTGTGTGGGCTTC,Naive CD4 T cell
E2L3_ACTATGGTCTAACGGT,Memory CD4 T cell
E2L4_TACTTCACATCTAACG,CLEC9A+ dendritic cell
E2L5_GGGTATTTCCATACTT,Naive CD4 T cell
L4_CCCGGAATCACAAGAA,Memory B cell
E2L1_ATTTACCAGGAATCGC,Memory CD4 T cell
E2L4_TACCCGTAGGAGTACC,CLEC9A+ dendritic cell
E2L4_GAGTGAGTCAGAGCGA,Naive CD4 T cell
L2_ACATCCCCAGCTGAGA,Erythrocyte
E2L8_ACAACCACATGCTGCG,Naive CD4 T cell
L5_GGGACTCCACTCCACT,Plasma cell
E2L2_GGCGTCATCTAAGCGT,CD56bright NK cell
E2L2_TCGAACAGTAACAGTA,Effector memory CD8 T cell
L2_TACGGTAAGGATATGT,Memory B cell
L4_CCTCATGTCGTCAGAT,Platelet
L1_ATCACTTCAGTTGCGC,Memory CD4 T cell
E2L5_TCGTGCTAGAGTACCG,CD1c+ conventional dendritic cell
L5_AATGGCTCACAACGTT,Effector memory CD8 T cell
L3_GAATAGAAGGGCAGAG,Naive CD4 T cell
E2L6_TGCATGATCTCCTACG,CD16+ NK cell
E2L5_GAGTTTGCAGGATGAC,CD16+ NK cell
L5_TTCCTTCGTCCAAGAG,Cycling NK cell
E2L5_CCGGTGAGTATGTCCA,Cycling NK cell
E2L4_TATTGCTCACGCCAGT,Plasmacytoid dendritic cell
L3_CATGGTACATGAGGGT,Plasma cell
E2L6_CGTAAGTAGTTCACTG,CD56bright NK cell
L1_TTGTGGATCCATCCGT,Naive CD4 T cell
E2L6_GCCATGGGTGATACAA,Memory B cell
L2_ATTATCCTCCTCAGGG,Memory CD4 T cell
E2L5_ACTTTGTGTACCACGC,CD14+ monocyte
E2L3_CTGATCCGTGGAGAAA,Memory CD4 T cell
E2L7_GTGAGTTTCAGGAACG,Plasma cell
L4_CTCAGTCCAGAACTAA,Activated T cell
E2L8_TCTATACCAGCATGCC,Memory B cell
E2L5_GCCATGGGTGAGTAGC,Naive B cell
L1_ATGCATGCATCTCAAG,Naive CD4 T cell
E2L6_CATCCCATCTCCTGTG,CD16+ monocyte
L4_ATTGGGTAGCGATTCT,Mast cell
E2L5_TTAGGGTCATTGTAGC,Platelet
L2_CTAACCCAGCTGGCCT,CLEC9A+ dendritic cell
E2L5_TATTGCTCACCCGTAG,Memory B cell
E2L6_CGGGTCAAGTTTCTTC,Plasmacytoid dendritic cell
E2L6_AGCTCAACAGGTGAGT,CD56bright NK cell
E2L3_GAGTTACTCTGGGCGT,Plasmacytoid dendritic cell
E2L3_TCACGCTAGCCACTCG,Memory B cell
E2L4_CATGCCTGTGGCTTAT,Platelet
E2L1_TTCCTCTCAGTCGAGA,Platelet
L5_TTTGGTTTCGTAGGGA,Cycling NK cell
E2L5_AGGGTTTTCGTGAGAG,CD16+ monocyte
L1_TCAGTTTTCGCCGATG,CD1c+ conventional dendritic cell
L4_ACTATCTTCTCCAATT,Effector memory CD8 T cell
E2L4_TACTTGTAGGATCATA,Memory CD4 T cell
E2L5_CCTCAGTGTAACGCGA,CD161+ memory T cell
L5_TAATCTCTCTAGCATG,Mast cell
L5_GATTCGAAGTCACTAC,Plasma cell
E2L7_CCTCCTCAGGCCTGAA,CD16+ NK cell
L3_GTATTTCCAAAGACGC,Cycling NK cell
L4_ACTGCAAGTATTGACC,Naive CD4 T cell
L1_GTAATGCAGAAGGGAT,Cycling NK cell
E2L7_TCAGCAAGTAGCTTGT,CD56bright NK cell
L4_GTGCAGCTCGCCGAGT,Cycling NK cell
E2L1_CTGAGGCTCGGTTCAA,CD14+ monocyte
E2L5_TCCACGTTCTCATTTG,CLEC9A+ dendritic cell
E2L6_GATCATGGTATGCTAC,Effector memory CD8 T cell
E2L1_TCGTGGGCACGACCTG,Memory B cell
E2L8_CTGGCAGGTATCCCAA,CD16+ NK cell
E2L6_GTTTACTAGTAGTGCG,Platelet
E2L3_CATACCCCAGATACCT,Memory CD4 T cell
L1_TGTGCGGAGCTCGCAC,CD14+ monocyte
E2L3_GTTGCTCAGTACCATC,Naive CD4 T cell
L1_CAGCGTGAGCGGGTAT,Effector memory CD8 T cell
L5_CAAAGAATCCATCGTC,Platelet
E2L4_GTAGTACGTAGGAGTC,Naive CD4 T cell
E2L7_CCACTTGAGCTGACTT,CD56bright NK cell
E2L1_CTCAGGGCACATAACC,CD14+ monocyte
E2L1_ATCACGATCGTGGAAG,CD16+ monocyte
E2L1_CCTCAGTGTGGAAATT,Naive CD8 T cell
E2L7_ATCCACCTCGCAGTGC,Cycling NK cell
L1_CCTTTGGAGGAGGGTG,Naive CD4 T cell
L3_GGAACCCCACTAACCA,Naive CD4 T cell
L3_AGGAAATCATATACCG,Memory B cell
E2L4_ATACCTTTCAGATTGC,CD16+ NK cell
L4_TTACGTTCACGCACCA,Naive CD4 T cell
L1_TCAAGACAGGCACTAG,Mast cell
L2_AATTCCTCAGCGGTCT,Naive CD8 T cell
E2L3_CATGCAAAGCATCCCG,CD16+ NK cell
L3_GATGACTAGGGCATGT,Cycling NK cell
E2L3_AGGGAGTTCTGGAGAG,Naive B cell
L3_GGTTAACAGGGAGGCA,Memory B cell
E2L1_CGTAATGTCCGAAGGA,Effector memory CD8 T cell
L5_GTCTACCTCGGATAAA,CD161+ memory T cell
E2L5_TCAGTCCCACTACCCT,Platelet
E2L8_TACCTCGTCAAGATAG,Naive B cell
L3_GATTGGTTCATTGGTG,Naive CD4 T cell
L1_GCCCGAACATCCTATT,Erythrocyte
E2L8_CTCATGCAGCGTATAA,Memory B cell
E2L3_CGGACACGTGTCTAAC,Naive CD4 T cell
E2L4_TCCCACACATTCTCCG,Effector memory CD8 T cell
L1_GAGTCATTCCCATGGG,Naive CD4 T cell
E2L5_AGACCATGTCTTACAG,Effector memory CD8 T cell
E2L5_CCACGAGCAATTCGTG,Platelet
L5_TTTGGTTTCCTCTAGC,Naive CD4 T cell
E2L3_TCTATCATCGATACTG,Plasmacytoid dendritic cell
L1_AATGGAATCAGCAGAG,Naive CD4 T cell
E2L6_TCATTTGGTTATGACC,CD16+ NK cell
E2L1_CCTATCGCAGACCCGT,CD14+ monocyte
L1_TCAAGTGAGGGATCGT,Memory B cell
L5_TCGAACAGTTGCATAC,Naive CD4 T cell
E2L1_TCACATTGTCGCTTGG,Naive CD4 T cell
L2_AAGATAGGTGAGAGGG,CD16+ monocyte
E2L5_TACCGAATCACGGAGA,Effector memory CD8 T cell
E2L6_GCCGATGGTTCTTAGG,CD16+ monocyte
E2L2_AGACAAAAGGAATGTT,Cycling NK cell
E2L6_AGGGAGTTCCGAGTGC,Cycling NK cell
E2L6_GGTAACTTCTGCGATA,CD16+ monocyte
L2_TTCCTCTAGCACGTCC,Cycling NK cell
E2L1_GTAGCTAGTAGGTAGC,CD161+ memory T cell
E2L6_CATGGATTCTGTCGTC,Plasmacytoid dendritic cell
E2L7_TGCTTGCTCGGACGTC,CD1c+ conventional dendritic cell
L4_TGGTGATCAAAGGTTA,Naive CD4 T cell
L1_GATCGTACAGCTTCGG,Mast cell
E2L6_TGATGCAGTGTGCTTA,Plasma cell
E2L2_CCTCTAGTCCTCAGGG,CD16+ monocyte
L2_ATGTCCCCAAAGGATT,Cycling NK cell
L3_CACTTCGCAGTGCGCT,Naive CD4 T cell
E2L6_GTTAGTGAGGGAGGCA,Cycling NK cell
E2L6_AGGGCTCGTTCGTAAC,Memory B cell
L2_TTGATGGCAAATAAGC,Mast cell
L1_ATCTCTAAGATGTTAG,CD16+ NK cell
E2L1_TCGGATACAAGGATGC,Memory B cell
E2L1_GATGTTGTCCTACACC,Memory B cell
L1_CGTCCATCACAGTGAG,Naive CD4 T cell
L1_ACCTACCTCTTGGAAC,Naive CD4 T cell
E2L5_GACACGCAGGGTACAC,CD14+ monocyte
L1_TCAAGTGCAGTTGGTT,Naive CD4 T cell
E2L8_CACTGGGGTGTACGCC,Naive CD4 T cell
E2L2_ATGCGATTCTTGGATG,Naive B cell
E2L7_ATTCAGGGTAATGTGA,Memory B cell
L1_ACCGTTCAGTAAATGC,Naive CD4 T cell
E2L2_ACGGGTCAGTTCATGC,Memory CD4 T cell
L1_CAACAGTCAGTCGTTA,Naive B cell
E2L2_ACCCTCATCGAGCTGC,CD14+ monocyte
L1_GGTGATTAGCTACAAA,Memory B cell
L5_ATAGAGAAGGACTTCT,Memory CD4 T cell
L2_TCGACCTTCAGCCTCT,Naive CD4 T cell
L4_TACGGTAAGAGCTGAC,CD1c+ conventional dendritic cell
E2L8_ACCAAACGTTTCACTT,Memory CD4 T cell
E2L4_GACTATGAGAAGAACG,Memory B cell
L3_GGTGTTATCGATACAC,Naive CD4 T cell
E2L7_GTTGTCCTCTTTGCAT,CD14+ monocyte
L2_AGTTAGCTCTACTGAG,Naive CD8 T cell
L4_TTGAGTGTCGGCTTGG,Plasmacytoid dendritic cell
L4_TGCGGGTAGCGCCCAT,Mast cell
E2L8_GTGTAACCATCCGGCA,CD16+ NK cell
E2L4_CTCCTTTTCATCCCGT,CD16+ NK cell
E2L7_TCCTTCTAGAACTGAT,CLEC9A+ dendritic cell
E2L5_TGGAGGATCGCTGACG,CD161+ memory T cell
L4_CTGCAGGCAAACCACT,Memory CD4 T cell
E2L2_CCTTCAGTCGGCGATC,Memory B cell
L4_GGGCGTTAGACGCCCT,CD16+ monocyte
E2L4_TACGCTCAGTCCCAGC,Memory B cell
E2L1_GGACGTCGTAAGAACT,CD16+ monocyte
L4_TCCCAGTCAATTAGGA,Naive CD8 T cell
L4_CGAAGTTCAGTTCACA,Memory B cell
L5_TCACAAGTCGTAACAC,Naive CD4 T cell
L4_CCTATCGCATACATCG,Mast cell
L1_TTTCAGTCAGAACATA,Mast cell
E2L5_CCACTTGCATTGCCGG,Naive B cell
L4_GCGATCGGTGTTCCTC,Naive CD4 T cell
L3_GAACGTTGTATCGAAA,Memory CD4 T cell
E2L6_GGAGGTATCTCTGAGA,CD1c+ conventional dendritic cell
E2L1_GTTCGCTTCCTTATAC,Platelet
L3_GCGAGAAGTCATCCGG,Cycling NK cell
L3_CATGGTATCATTTCGT,Naive B cell
L3_ATCGCCTGTCTTTATC,Cycling NK cell
E2L2_GACTATGAGTTCTACG,Naive CD4 T cell
L5_GCACGGTAGGTTCTTG,Cycling NK cell
L1_CGGACACCAATCAGCT,Effector memory CD8 T cell
L2_CAGTTAGGTAGTGTGG,CD56bright NK cell
L3_GGGATCCAGTACTGGG,Naive CD4 T cell
L4_ATCGTAGAGCGTTGTT,Memory CD4 T cell
L3_TCTTGCGGTATCGATC,Mast cell
L1_ACACTGAAGGTAAGGA,Naive CD8 T cell
L4_ATGCGATGTCACGACC,Plasma cell
E2L3_AGGGTCCGTTACCTGA,Effector memory CD8 T cell
E2L3_GAGTTGTTCATCCCGT,Cycling NK cell
E2L4_CAACCTCGTATCACCA,Memory B cell
E2L5_ATACCTTGTTAATGAG,Naive CD4 T cell
L2_GTGTTAGGTGGTCTTA,Naive B cell
E2L1_TCCTTCTTCTGCGGCA,Memory B cell
E2L6_GAGTCATGTGTTTCTT,CD56bright NK cell
L2_AAACGCTCAGTAGTGG,CD16+ monocyte
E2L6_CGCGTGAAGCTGTTAC,Naive CD4 T cell
E2L8_GATGTTGGTTGCCGCA,Naive B cell
E2L3_CAGCGTGTCAGGCGAA,CD1c+ conventional dendritic cell
E2L6_CACTTCGTCCATCAGA,CD56bright NK cell
E2L4_CTTCTCTCAGGACATG,Naive CD4 T cell
L3_CCTATCGTCAACCTTT,Naive CD8 T cell
E2L3_GAGGCCTCATCCGATA,Memory B cell
E2L2_GCGGAAAAGGGAGGGT,CD1c+ conventional dendritic cell
L2_GATCCCTCAGAACATA,Effector memory CD8 T cell
E2L8_TCACTATGTGACCGTC,CD56bright NK cell
L5_TCAGGGCTCAGGTAAA,Effector memory CD8 T cell
E2L8_CTGGTCTTCTCTGGTC,Memory CD4 T cell
E2L2_CAGATCACAGGTCCCA,Naive CD4 T cell
E2L5_GGTTAACTCAGACCTA,Platelet
E2L6_CGGAGAAGTACCCGAC,CD161+ memory T cell
E2L6_CATGAGTCAGACATCT,Memory CD4 T cell
E2L8_AACGGGAAGCCATCCG,CD16+ NK cell
E2L6_TGTGCGGAGGAGACCT,CD16+ NK cell
E2L5_GGAACCCTCAATCTTC,Naive CD4 T cell
L2_TGAATGCCAGCATACT,Naive CD4 T cell
E2L3_TCCATCGCAGAGTAAT,CD161+ memory T cell
L1_GATGACTCAACCGTGC,Naive CD4 T cell
E2L4_CTGTCGTCATGACAGG,CD14+ monocyte
L1_CTCCTTTGTGTCATGT,CD161+ memory T cell
E2L6_GAGTCTACAGCTCCTT,Platelet
E2L8_CAACAGTGTAATCAAG,Memory B cell
E2L8_GTTACGAGTCTGTCAA,Memory CD4 T cell
L4_GGAAGTGGTGTCGCTG,Naive CD8 T cell
L3_GGGTGTCAGAATCGCG,Activated T cell
L2_GTTTGGACACGGAAGT,Naive CD4 T cell
E2L7_TCATTGTAGTTCCTGA,Platelet
L1_CGGAATTAGCTACTAC,CD56bright NK cell
E2L1_GTAGAGGGTTAATCGC,CD161+ memory T cell
E2L8_CATGCGGCAATGTGGG,Naive CD4 T cell
E2L5_CCCTGATGTGTCTTGA,CD56bright NK cell
L4_ATGCGATAGCCGATTT,CD161+ memory T cell
L4_ATTCTTGAGGCCCACT,Naive CD4 T cell
E2L7_TTTCCTCCAAGTTCGT,Naive B cell
L5_TGGGCGTCAGTGGGTA,Memory CD4 T cell
L2_AGGTAGGCATCTCCCA,Effector memory CD8 T cell
E2L7_CCCGGAACAGCACAAG,Naive CD4 T cell
L1_CAGTTCCTCTGTGCGG,Effector memory CD8 T cell
L4_TCACGGGCACTGGAAG,Naive B cell
L3_CCGGACATCTTCCACG,CD16+ NK cell
E2L8_TATTGCTGTCTACGAT,CD16+ NK cell
L5_GGTTGTACAAGACGAC,Naive CD4 T cell
E2L2_TACATTCAGCTGTTCA,Mast cell
E2L6_ATCGTGAAGGTTGGTG,Naive CD4 T cell
E2L6_CTATCCGGTAGAATGT,Memory CD4 T cell
L5_ACTTATCGTGCAGTGA,Naive CD4 T cell
L4_TCGGTCTAGGGAACAA,Plasmacytoid dendritic cell
E2L6_TGTGAGTTCCCTAGGG,Memory CD4 T cell
E2L5_TTTACTGAGTAAATGC,Memory CD4 T cell
L5_GATCATGCAAGAGGTC,Memory CD4 T cell
E2L2_TGGGCGTAGAGTGTGC,Memory CD4 T cell
E2L2_TTTACTGGTAGCGAGT,Cycling NK cell
L5_CCCTTAGGTAGTCTTG,Plasma cell
E2L3_TCAGCAAAGGGTAATT,Naive CD4 T cell
E2L8_TGGATCATCCTTATAC,CD1c+ conventional dendritic cell
L4_TGTTCTATCTTGGATG,Naive B cell
E2L5_TGTGAGTCATTCTCTA,Memory B cell
E2L4_AGGTGTTGTCAAGCCC,Effector memory CD8 T cell
E2L4_TTCTTGAAGTGAACAT,Cycling NK cell
E2L6_AGGATAAAGACTACCT,Effector memory CD8 T cell
L4_ACGATCATCGAGAACG,Plasma cell
L2_TTACCATGTTGCCGCA,CD161+ memory T cell
L1_GGTGTTAGTTAGCTAC,Memory CD4 T cell
E2L6_GTCAAGTCATACCAGT,CD1c+ conventional dendritic cell
L4_AGACCATCATAATCCG,CD1c+ conventional dendritic cell
E2L7_GATCGTAGTGCATTAC,CD161+ memory T cell
E2L7_ATGATCGGTGGTTTAC,CD56bright NK cell
E2L5_TCACAAGGTTGAGGAC,Memory CD4 T cell
E2L7_GTCAAGTTCGTTCATT,CLEC9A+ dendritic cell
L2_CGAGTTACAACGTAAA,CD1c+ conventional dendritic cell
E2L6_ATCGATGAGCTCCACG,Memory CD4 T cell
E2L7_TATGTTCTCAAGCTGT,Effector memory CD8 T cell
E2L6_AGACAAAGTCGCACAC,Plasmacytoid dendritic cell
E2L8_TGTGATGTCAAGCTGT,Memory B cell
E2L7_TGATCTTTCAGCAATC,Cycling NK cell
E2L4_GCTGCAGAGATGGTCG,Plasmacytoid dendritic cell
L2_GTGAGTTGTAGTACGG,Naive B cell
E2L1_CTGCGAGTCTTGATTC,CD161+ memory T cell
E2L5_GAAGCCCCACAGTCAT,Cycling NK cell
E2L6_TCATTGTTCTAGTTCT,Plasmacytoid dendritic cell
L2_GTCATGACAAACTCTG,Mast cell
E2L2_AAGACAACAACTCCAA,Effector memory CD8 T cell
L5_ATGCGATGTCACGACC,Plasma cell
E2L5_ATTACTCAGCATCGAG,Erythrocyte
L1_ATTATCCTCACTTTGT,CD16+ NK cell
L3_TCCGAAAAGCACGTCC,Mast cell
E2L8_TGTTGGATCTATCGGA,CD16+ NK cell
E2L3_AATGACCCAGAGGTTG,CD161+ memory T cell
E2L2_CACACAACACTATCCC,Plasma cell
L4_CTCATGCAGCAGTACG,Naive CD8 T cell
L4_CTGGCAGCATCGTGGC,CD161+ memory T cell
L5_GGTCTGGCACATTACG,CD161+ memory T cell
E2L4_GGACGTCTCCTCGATC,Memory CD4 T cell
E2L2_CTAACCCGTTGTGCAT,Platelet
E2L4_GAGTTTGGTAGGCTCC,Plasma cell
E2L3_ACACGCGTCGACGATT,Naive B cell
E2L6_TTCCGGTAGTGTAGTA,Plasmacytoid dendritic cell
L3_GCACGGTTCTGTCGCT,Naive CD4 T cell
L5_TAGGTTGAGCCAGAGT,Naive CD4 T cell
L1_CCTGCATTCTGAGTCA,Cycling NK cell
L4_ACGTACATCGACGCGT,Memory B cell
L2_CCTACGTGTGGCTCTG,Memory CD4 T cell
E2L8_CAATCGAAGATTGAGT,Platelet
L2_CACGGGTGTCGCATTA,Naive CD4 T cell
E2L4_GGTTCTCGTCGTAATC,Platelet
L5_AAGCCATGTATCATGC,Naive B cell
E2L5_GTACAGTTCGAGTGGA,Memory CD4 T cell
L2_CTACGGGAGAAGAACG,CD1c+ conventional dendritic cell
L4_ATCATTCTCAGCTGAT,Naive CD4 T cell
L3_GTGGAAGGTACAAGCG,CD16+ monocyte
L1_GGATCTAGTGTCATGT,CD56bright NK cell
L1_CACTAAGCACTACCCT,Memory CD4 T cell
L5_TGTGTGAGTCCACATA,Plasmacytoid dendritic cell
E2L6_GGGCTACCACCGTGCA,Memory B cell
E2L4_CTGTATTCAGGCACTC,Plasma cell
E2L4_ACGATCATCGCGGTAC,Plasma cell
L2_ACTGCAATCGGAGTAG,Naive CD4 T cell
E2L6_AAAGGGCAGTCGAATA,Platelet
L5_GATTGGTGTCGAGTGA,Memory CD4 T cell
E2L7_TCAGCAATCCGATGCG,Memory B cell
E2L2_CTGATCCGTCGTCATA,CD14+ monocyte
E2L7_TCGAAGTGTGTTTACG,Memory CD4 T cell
L2_TGATGGTAGCCTAGGA,Naive CD4 T cell
E2L1_CGAAGTTTCCTCACCA,Memory CD4 T cell
E2L7_GTAAGTCTCTGTCTCG,Memory B cell
E2L3_TTTCCTCTCCCTTTGG,Plasmacytoid dendritic cell
L3_ACTATTCAGGCCTGCT,CD56bright NK cell
E2L3_GGCGTCACAGACATCT,Memory B cell
E2L3_TGCGGGTTCTAGTTCT,Plasma cell
E2L6_CGACAGCAGCTTCATG,Memory B cell
E2L4_ATTTACCTCAGCGCGT,Plasmacytoid dendritic cell
L2_TTCATGTTCCTAGAGT,Mast cell
E2L4_CGGAATTAGTGGAATT,Memory B cell
L2_TGAATCGCAGTGGCTC,Naive CD4 T cell
L4_GTGAGCCAGACTCGAG,Memory CD4 T cell
L5_GAAGAATAGATGACCG,Memory CD4 T cell
E2L6_GGCTTTCCAGGCGAAT,Cycling NK cell
E2L3_CTCCTTTTCGAACGCC,Effector memory CD8 T cell
E2L2_GGCTTGGAGGGACAGG,Effector memory CD8 T cell
E2L7_AGCATCAGTTTCGTTT,Plasma cell
E2L4_TATCAGGGTGCAAGAC,CD56bright NK cell
L4_CTCCACAAGTGTAGTA,Naive CD4 T cell
L3_GTGCTTCCAAGTGGCA,CD16+ monocyte
E2L3_TTGCCTGCATGTGCTA,CD161+ memory T cell
E2L3_AAACGCTAGGTCGTCC,CD56bright NK cell
L1_GAGACCCTCGCGTGCA,Memory CD4 T cell
L1_GTAATCGGTGGTAACG,Naive B cell
E2L5_CAACCTCCAAACAGGC,CD1c+ conventional dendritic cell
E2L8_TAACTTCAGTGCTACT,Memory B cell
E2L3_TGATTTCAGCACCGAA,Effector memory CD8 T cell
E2L8_GGATCTATCTGTCGTC,Memory B cell
E2L7_TTCCAATGTTCTTCAT,CD56bright NK cell
E2L3_CACGAATTCTGGCCTT,Platelet
L3_GTGGCGTAGTTGCCTA,CLEC9A+ dendritic cell
L3_CACTTCGAGCCTCAGC,Cycling NK cell
L5_GTCAAACGTCAACATC,Naive CD4 T cell
E2L1_ATCAGGTTCACTGGTA,Platelet
E2L3_GAGGCAAGTCGTTTCC,Memory B cell
E2L8_GATTGGTCAAAGGCTG,CD16+ monocyte
E2L3_GAGCCTGCAAAGCTCT,Platelet
L5_AGGTTGTAGCTTCATG,Naive CD4 T cell
L2_ATACCGAAGAAACTCA,Effector memory CD8 T cell
E2L8_TGAGGAGAGATCCAAA,Memory CD4 T cell
L3_TTGTTTGTCTGGCCGA,Memory CD4 T cell
E2L5_AGTACTGGTGTTCGAT,Naive B cell
E2L8_CCTCACAAGCTTTCCC,Cycling NK cell
E2L6_AGAGAGCAGTCCTGTA,CD56bright NK cell
E2L1_GCCATTCGTACGATGG,CD1c+ conventional dendritic cell
E2L2_CGATGGCTCAGCTGAT,CD1c+ conventional dendritic cell
L2_TCTGGCTGTGCATTTG,CD161+ memory T cell
E2L6_CAAGGGATCTAGAGCT,Cycling NK cell
E2L6_TACCTGCAGACATGCG,CD16+ NK cell
L4_AGTCTCCCAGCAGACA,Plasma cell
E2L2_ACCAAACAGTCAACAA,Memory B cell
E2L5_CAGATTGAGGCCTTGC,Memory B cell
E2L3_CGGTCAGAGTGCAAAT,CD16+ monocyte
E2L3_GCCGTGATCGCCGAGT,CD56bright NK cell
E2L4_TGAGGTTCAATCGTCA,CD161+ memory T cell
E2L2_GGAAGTGAGGCCGCTT,Effector memory CD8 T cell
E2L7_GTCAAGTGTCCTACGG,Naive CD4 T cell
E2L4_CATTCATCATGAGTAA,Memory B cell
E2L1_CAGTTCCTCTCATGGA,Memory CD4 T cell
E2L4_AAACCCAGTAGGTCAG,Memory CD4 T cell
E2L2_CCTATCGCAGCTGAAG,Mast cell
L3_ACTGTGAGTGGAAATT,Naive CD8 T cell
E2L4_ACGGAAGAGGACTAAT,Memory CD4 T cell
E2L6_ACGGAAGGTACCTTCC,CD1c+ conventional dendritic cell
L1_CAGGGCTCACGCGTGT,CD56bright NK cell
E2L4_AACAGGGAGTGGATTA,Cycling NK cell
E2L6_ACTTCGCAGGAGAGGC,Platelet
L2_GGGCTCATCAGTAGGG,Memory CD4 T cell
E2L6_TCGTCCAAGGGAGAAT,Memory CD4 T cell
E2L8_ACACCAAGTAGAATAC,CD14+ monocyte
E2L1_TGGTTAGCACATACGT,Naive B cell
E2L5_TCTGCCATCTCTATAC,CD16+ NK cell
E2L5_TGGTGATCATTGCCGG,Effector memory CD8 T cell
E2L6_TCAATCTGTTGCGAAG,Naive B cell
E2L8_AGTCTCCGTCGATTAC,CD16+ NK cell
E2L7_GGTTCTCCAAGTGCAG,CD56bright NK cell
L4_TCGCAGGGTTGCTGAT,Plasma cell
E2L3_ATATCCTTCCCAGGCA,CD1c+ conventional dendritic cell
L4_AGCGCTGTCACGAACT,Naive CD4 T cell
L4_ACGATGTAGCTTGTTG,Plasma cell
E2L6_GCTGCAGCAGCGACAA,Memory B cell
E2L4_AAGCCATCAATGCTCA,Effector memory CD8 T cell
E2L3_CTTCTAAAGTTGGAGC,CD56bright NK cell
E2L7_CTCAAGATCGTCACCT,Plasma cell
L2_CGGACACAGCTTCGTA,Memory CD4 T cell
E2L5_TGGAACTCAGGAGACT,Cycling NK cell
E2L5_AAGAACAGTTACGATC,Plasma cell
L2_CCTTGTGTCTTCGATT,CD56bright NK cell
E2L6_ATAGGCTGTCTGGTTA,CD14+ monocyte
E2L4_TAAGCGTGTTCGTAAC,Activated T cell
L3_GACTGATAGACTAAGT,Effector memory CD8 T cell
E2L1_ACATCGAAGAGATCGC,Cycling NK cell
L4_GCACTAATCCGACGGT,CD56bright NK cell
L2_TGCGACGTCCTTATAC,Memory CD4 T cell
E2L6_TATCTTGCAGTCTTCC,Naive B cell
E2L4_GGTTGTATCTCGTCAC,Plasma cell
L2_GTCCTCAAGCGTCTGC,Memory CD4 T cell
E2L8_CCATAAGGTTAATGAG,Naive CD4 T cell
E2L5_GTTCGCTTCGTAGTCA,CD1c+ conventional dendritic cell
E2L3_AGGGCTCTCTCGAGTA,CD16+ monocyte
L1_GTGCACGAGACCCGCT,Mast cell
E2L6_GGGTGAACAAGGAGTC,Plasma cell
L4_CCTGTTGCAGATACTC,Naive CD4 T cell
E2L5_TGGGAGAAGGATGTTA,Platelet
L2_GACTATGTCTCGAGTA,CD16+ NK cell
L2_CAGCAGCGTTGTTGCA,Naive CD4 T cell
E2L2_AGAGAGCTCGCTTGCT,Plasmacytoid dendritic cell
E2L2_CTGATCCCAAAGGGTC,Memory CD4 T cell
L3_ACATGCATCCTCGCAT,Naive CD4 T cell
L3_CTCTGGTTCCTTTGAT,Cycling NK cell
E2L2_ATACCGACACAGCATT,CD16+ monocyte
L5_GGCACGTCAATAGTGA,CD1c+ conventional dendritic cell
E2L7_CTCATGCAGTCTGCAT,Memory CD4 T cell
E2L6_TCAAGCAAGTCAGCCC,CD56bright NK cell
E2L5_TTGCGTCCATCATTTC,CD56bright NK cell
L1_TCTTGCGTCGGAATTC,Naive CD4 T cell
L2_GCCTGTTTCGGAGATG,CD161+ memory T cell
L3_ATGGATCAGACTTCGT,Cycling NK cell
L5_GATGTTGAGAGAGGTA,Naive CD4 T cell
E2L8_GTTACCCGTTCCCACT,Effector memory CD8 T cell
E2L7_CAGATCAAGATGTAGT,Effector memory CD8 T cell
L1_GCCTGTTTCCACTTCG,CD161+ memory T cell
E2L2_TGTGCGGAGCTGCCTG,Memory B cell
E2L7_CATGAGTGTGGTTCTA,Plasmacytoid dendritic cell
E2L6_GACCAATCAAGACGAC,Memory B cell
E2L3_ATCTCTATCTTAATCC,Plasmacytoid dendritic cell
L4_CGTCCATCAAATCGGG,Memory CD4 T cell
E2L7_TGCATCCGTCAGTCCG,Plasma cell
E2L4_GTTGCTCCAGCTGCCA,CD16+ monocyte
E2L4_GGTGAAGAGCAATAGT,Activated T cell
E2L1_TTCCACGAGTAGGCCA,Memory CD4 T cell
L2_TGTACAGAGGTCACAG,Naive CD4 T cell
E2L5_CATTGAGAGAGGTCAC,Cycling NK cell
E2L3_CCAATTTGTTTAGTCG,Memory B cell
E2L2_AGGAGGTAGCGTTACT,CD161+ memory T cell
E2L8_GGTGAAGTCTCAATCT,Naive CD4 T cell
L4_TTTGACTGTTCTCTCG,Mast cell
E2L2_ATTCATCAGTGGCAGT,CD161+ memory T cell
E2L6_GCCAGTGAGGGCTTCC,CD16+ NK cell
L2_TCGGGTGTCCCAAGTA,Mast cell
E2L7_GCCGTGACACTCTCGT,Platelet
E2L4_CGGAACCTCTGAGTCA,Plasma cell
L1_GTCGAATCAATGGCCC,Memory CD4 T cell
E2L5_TACTTACTCTCTGACC,Memory B cell
L1_TGAATCGGTAAGAACT,Naive CD4 T cell
L1_CGGAACCGTGTCCGGT,Naive CD4 T cell
E2L1_CTCCTCCTCATTGTTC,CD14+ monocyte
L4_TTCCGGTCATGAGAAT,Plasma cell
E2L4_TCGTAGATCGGAGCAA,Naive CD8 T cell
L3_GGGACCTGTCTAGATC,Memory CD4 T cell
E2L1_GCCGATGTCTGGGAGA,Platelet
L1_CCAATGAAGCGTGTTT,Memory B cell
L4_TCGGGACCAAGACTGG,Naive CD4 T cell
L5_TGCGGCATCTTGAACG,Naive CD4 T cell
E2L7_GGACGTCTCTTGCAAG,Memory CD4 T cell
E2L5_GTGCTTCTCGACCTAA,Cycling NK cell
L5_CAATACGTCACGGACC,Effector memory CD8 T cell
L3_ATAGAGATCGTAGGAG,Memory CD4 T cell
E2L5_CGCCATTAGAGCAGTC,Naive CD4 T cell
E2L3_TTCGATTTCTGCGGCA,Effector memory CD8 T cell
E2L8_CTCAATTGTACTGCGC,Platelet
E2L7_GTTAGTGGTAGCTGAG,Cycling NK cell
E2L3_TGCTTCGCATTCTTCA,CD14+ monocyte
E2L4_CTCAGGGTCGACTCCT,CD1c+ conventional dendritic cell
E2L8_ACTATGGGTCTTACTT,Memory B cell
E2L4_ACTGTGAAGCATCTTG,Effector memory CD8 T cell
E2L7_GCCAGCAGTTAATGAG,CD161+ memory T cell
E2L7_ACCATTTCAGGAGACT,Memory B cell
E2L2_TGGGCGTGTATGACAA,CD16+ monocyte
E2L6_GATTGGTGTCCATCTC,Platelet
L4_GATTGGTTCCTCACGT,Memory B cell
E2L6_AACAAGACAGACAATA,CD16+ NK cell
L4_TTTAGTCAGTCATAGA,Naive CD8 T cell
L1_AGACTCACATCGGTTA,Plasmacytoid dendritic cell
L4_CTGGACGCACCTCTGT,CD16+ NK cell
E2L1_CTTCGGTCAACCGCTG,CD16+ monocyte
E2L5_GGAACCCAGCCGCTTG,Cycling NK cell
E2L6_GTGTGGCAGTTGGCTT,Plasmacytoid dendritic cell
E2L4_TAGGAGGCAGGACGAT,Naive CD4 T cell
E2L6_GGGCTACGTGGAATGC,CD16+ monocyte
L1_GACCGTGGTTCTTCAT,Mast cell
L3_ATCTCTAGTTTCCAAG,CD14+ monocyte
L1_CGGTCAGGTCGTGTTA,Effector memory CD8 T cell
E2L3_ATCGTGACAGGCTACC,Memory CD4 T cell
L5_GCAGTTAGTGTCTTGA,Memory CD4 T cell
L2_GTAATGCGTACTCCGG,CD56bright NK cell
L3_GACTTCCAGGAAACGA,CD16+ monocyte
L2_CAAGACTAGCATTTGC,Plasma cell
L5_TCAGTCCGTTGGGTAG,Cycling NK cell
L4_GTTTGGAAGTTAGTAG,Naive CD4 T cell
L2_CATCAAGTCGCGGACT,Cycling NK cell
E2L6_GAGTTACCAGCTTTCC,CD1c+ conventional dendritic cell
E2L8_TTTACTGGTATCGTAC,Memory CD4 T cell
E2L7_GGCAGTCCACACCAGC,CD16+ NK cell
E2L5_GTTGAACAGGAAGTAG,Naive CD4 T cell
L3_AACGTCACATCGTTCC,CD161+ memory T cell
L3_TCACTATAGTGAATAC,CD161+ memory T cell
E2L3_AACGAAAAGATGCTAA,Memory B cell
L2_AATGCCAGTCCGTTTC,CD14+ monocyte
L1_TCCCATGAGAGCCCAA,Memory CD4 T cell
E2L2_GTTGTCCAGATGAAGG,Platelet
E2L8_TACGGTAAGTTGCTCA,Plasma cell
L3_GCCGATGAGGTGGTTG,Naive CD4 T cell
E2L7_TGTGGCGGTTCTCCAC,Plasma cell
E2L4_AGATCGTGTTCCGCTT,Cycling NK cell
L5_TGAACGTAGCGATCGA,Effector memory CD8 T cell
E2L8_TCATTCATCGCGTGCA,Naive CD4 T cell
E2L7_TTGTTCATCCTCTAGC,CD161+ memory T cell
E2L5_CACTGGGCAACCGGAA,CD161+ memory T cell
E2L3_CGGGTGTCAAGGAGTC,Platelet
L5_TGAGGGACAAGATCCT,Naive CD4 T cell
E2L2_AACAAGAAGGCTTAGG,CD16+ NK cell
E2L6_TTACAGGTCCACGGAC,Memory B cell
E2L8_ACCATTTTCTGAATCG,CD16+ NK cell
E2L1_CTGATCCGTAGCGTCC,Erythrocyte
L3_TTCCTCTAGATCACCT,Effector memory CD8 T cell
E2L2_TTACCATGTCAAGCGA,Cycling NK cell
E2L7_TACAACGAGCAGGCAT,Plasmacytoid dendritic cell
L2_GGGTCTGCAGGTTCGC,CD16+ NK cell
E2L2_ACGATGTAGCCTCATA,Memory B cell
L2_AACGGGACAATGTTGC,Memory B cell
L5_CATTGTTTCCCGAGTG,CD16+ NK cell
L5_CGAGGAACATTCTCCG,Naive CD4 T cell
L2_GGAATCTAGGCTAGCA,Naive CD4 T cell
E2L3_GCGGAAACAATCGCAT,Effector memory CD8 T cell
E2L7_ATGTCTTAGTTGCATC,Mast cell
E2L7_TGAACGTAGCTTTCCC,CD14+ monocyte
E2L2_CTAACCCCAAATGGAT,Effector memory CD8 T cell
L1_TTGTGGATCTCCATAT,Naive CD4 T cell
L1_ACCAACAAGGATGTTA,Naive CD4 T cell
L1_CTCAGGGTCGGCAGTC,Memory B cell
L5_CTGCTCAAGAGTGACC,Naive CD4 T cell
E2L1_TCAATTCCAGCAGATG,Memory CD4 T cell
E2L7_GCATTAGAGTATGCAA,Plasmacytoid dendritic cell
E2L1_TGTTCCGGTCTGTTAG,Cycling NK cell
E2L4_GCTACCTTCGCCTATC,CLEC9A+ dendritic cell
E2L3_GTAGAAAAGCAGGCAT,Memory CD4 T cell
L4_TACGTCCGTGGTCCCA,Naive CD8 T cell
L5_CTATAGGAGGCCTAGA,Memory CD4 T cell
E2L6_AGGTTACTCCGTGCGA,Platelet
E2L2_TCTTTGATCTTTCGAT,CD1c+ conventional dendritic cell
L5_GTGTAACAGTGCGCTC,Naive CD4 T cell
L5_ACTATGGTCGACGTCG,Naive CD4 T cell
E2L8_GGTGGCTCAAGAAACT,Naive CD4 T cell
E2L8_TTAATCCGTGTCTTCC,Naive CD4 T cell
E2L1_TTGGGCGGTAGTGCGA,CD161+ memory T cell
L5_AAGGTAATCTACTTCA,Mast cell
L1_CCTGCATCACGCCACA,Naive CD4 T cell
E2L4_TCTAACTTCGAGTGGA,CLEC9A+ dendritic cell
L4_TCATTCAGTTCTTGTT,Plasmacytoid dendritic cell
E2L6_TCACTATAGGAACATT,Effector memory CD8 T cell
L1_CTCAACCTCATGGCCG,Naive CD4 T cell
L4_CGGAATTTCGTTCTCG,Memory CD4 T cell
E2L5_AATCGACCACCAGCCA,Plasmacytoid dendritic cell
E2L6_TACGGGCAGGTGAGCT,Platelet
E2L5_TCCATCGAGCAGCCCT,Naive CD4 T cell
L3_ATGGGAGGTCCAGCCA,Plasmacytoid dendritic cell
L5_TTCCGGTCAAACCATC,Naive CD8 T cell
E2L7_ACAGGGAGTAATGATG,Plasmacytoid dendritic cell
L4_ACTGCAAGTCCCTGTT,Platelet
E2L6_TTACGTTCAAGTTTGC,Effector memory CD8 T cell
L5_AAAGTGACAGGTACGA,Plasmacytoid dendritic cell
L1_AGATCGTTCGTCGCTT,Memory CD4 T cell
E2L3_AGCTTCCCACAATGTC,Cycling NK cell
L1_AAGGTAAGTACTGCGC,Effector memory CD8 T cell
L2_TTCGATTAGTTGAAGT,CD56bright NK cell
E2L2_GCATCGGCATACTTTC,CD56bright NK cell
L3_ACCAAACAGGTAGTAT,CLEC9A+ dendritic cell
L2_GCAACCGCACGCCACA,Memory CD4 T cell
E2L5_TTCCAATTCATAAGGA,Memory B cell
L4_GGTAACTGTACTCGTA,Effector memory CD8 T cell
E2L1_CAGAGCCTCTCCGCAT,CD1c+ conventional dendritic cell
E2L1_TCCCAGTTCACCCTTG,CD16+ monocyte
E2L5_CGTTGGGGTCCGAAAG,Memory CD4 T cell
E2L5_ACTTCCGAGTGATCGG,Memory B cell
E2L4_GGTAATCTCCACAAGT,Effector memory CD8 T cell
E2L4_TGCTCCACAGGGAATC,Plasmacytoid dendritic cell
L4_GCTGAATTCTATCGTT,Erythrocyte
L4_ATTCAGGTCAGCTTGA,CD1c+ conventional dendritic cell
E2L4_CCCTCTCTCTTCGCTG,CD16+ NK cell
E2L1_GGAGGATGTCCCGTGA,Memory CD4 T cell
L3_TCAGTCCCACGGCACT,Mast cell
E2L6_AGGACGACAACACAGG,CD14+ monocyte
L1_TCGAACATCTGAGGTT,Plasma cell
E2L1_ACAAAGAGTATCGCTA,Plasmacytoid dendritic cell
E2L8_TGTGTGAAGGGACTGT,CD56bright NK cell
L1_ATGAAAGTCGACGACC,Effector memory CD8 T cell
E2L3_TCCTCGAGTATGAGCG,Platelet
L4_TGAGGGAAGCACAAAT,Memory CD4 T cell
E2L4_ACCAAACCAGAGACTG,Cycling NK cell
E2L7_AAGACAATCCTGTTAT,CD14+ monocyte
E2L4_AAGAACATCTCGCTTG,CD16+ NK cell
E2L2_CGTAATGCAGACCAAG,Effector memory CD8 T cell
E2L3_GTAGTACCAACGTATC,Naive CD4 T cell
L2_CATGAGTGTTTGCAGT,Naive CD8 T cell
L4_GATGTTGGTAAGTTAG,Cycling NK cell
E2L6_CCGAACGAGAGCCGAT,CLEC9A+ dendritic cell
L5_ACAGCCGCAAGATGGC,Memory CD4 T cell
L2_GTATTGGCAGGAGGAG,Plasma cell
L2_TCTCTGGCAACAAAGT,Naive CD4 T cell
E2L8_GATGTTGTCCGAAGGA,CD16+ monocyte
L2_TCTACATTCCTGTTGC,Activated T cell
L2_TCACACCGTGGTGATG,Cycling NK cell
E2L6_GCCCAGAAGCAGGTCA,CD16+ monocyte
E2L2_TTCCACGTCCGCTTAC,Effector memory CD8 T cell
E2L3_ATTCCATGTAGCTCGC,CD56bright NK cell
L5_AGATAGAGTCTACAAC,Cycling NK cell
E2L8_CGTTCTGAGACCAGAC,Memory B cell
L3_GTCCCATTCATACGGT,Memory CD4 T cell
E2L5_TGTTTGTGTTTGCAGT,Memory B cell
E2L5_ACGTAGTTCCGACGGT,Activated T cell
E2L7_GATGACTTCGCTGTCT,Activated T cell
L3_GGAGGTAAGCATGTTC,Memory CD4 T cell
E2L7_TGGGTTAGTGCATGAG,CD14+ monocyte
L5_AAGCATCAGCCTCTTC,Mast cell
L5_AAGTTCGCATGGGTTT,Naive CD4 T cell
E2L7_GTAATCGTCAGACCGC,Erythrocyte
L5_CCTCATGTCCATCCGT,Plasmacytoid dendritic cell
L1_CTACAGAGTGATTGGG,CD56bright NK cell
L5_TTAGGGTCAGCCTTCT,Naive CD4 T cell
E2L2_GAGTGAGGTTGCCGAC,Cycling NK cell
L1_TCAGTGATCCGCAAAT,Erythrocyte
E2L8_GTAGAAACAGGTACGA,Plasmacytoid dendritic cell
L1_TCAAGTGGTCAACCTA,Platelet
L5_TAGACTGTCCCTTGTG,CD16+ monocyte
E2L2_CTCATTACAGATCATC,Memory CD4 T cell
L2_AGTCACAGTTCGTAAC,Memory B cell
L4_TTTCACACAATATCCG,Naive CD4 T cell
L3_AAGGTAATCCACATAG,Memory B cell
L2_GATAGCTTCATCCTAT,Memory B cell
L3_ATCGTCCGTTCGGCGT,Platelet
L4_TGTGTGAGTTAAACCC,Effector memory CD8 T cell
E2L1_TACCTGCTCAAGCCCG,CD16+ NK cell
L3_CATCCCAAGACATGCG,Naive CD4 T cell
E2L2_CGGGTGTGTACTGTTG,Cycling NK cell
L2_TCTTAGTAGGCCATAG,Naive CD4 T cell
E2L7_TCCTCTTAGTCGGCCT,Platelet
L1_TTTACTGGTTACCCAA,Mast cell
L2_GAAACCTTCGCATTAG,CD161+ memory T cell
E2L2_CTCATGCAGACGAGCT,Effector memory CD8 T cell
E2L8_ACATTTCGTATACGGG,Effector memory CD8 T cell
E2L1_GGGTAGATCATTGGTG,CD56bright NK cell
L3_GCGATCGGTTTACGTG,CD14+ monocyte
L5_GTCCTCAAGCGGCTCT,CD161+ memory T cell
E2L4_TCCTCCCGTGTTAAAG,Plasmacytoid dendritic cell
E2L1_TCTCACGTCACGGACC,Naive CD8 T cell
E2L5_GGGTGTCCATGCTGCG,Memory B cell
E2L2_GTGTAACTCCGCACTT,Effector memory CD8 T cell
L2_TATATCCCAGCCGGTT,Naive CD4 T cell
L3_AACACACTCCTCGATC,CD161+ memory T cell
L2_TCTCCGATCAGCGCGT,Plasma cell
L1_CGATGGCTCATGTCTT,CD16+ monocyte
L2_TGTGAGTCACAGTGAG,Naive CD4 T cell
E2L5_CAGCCAGAGTGGCAGT,Memory B cell
E2L6_CCCTCTCTCTTCCCGA,Memory CD4 T cell
L1_ATGGATCAGTCTCCTC,Naive B cell
E2L4_TGTTGGAGTCCTACAA,Plasma cell
L5_CCACACTTCCCGAGAC,Mast cell
L4_TATTGCTAGTTACGTC,CD16+ monocyte
E2L1_AGAAGCGGTGGACCAA,Platelet
L4_TTTGTTGAGTAACGAT,Cycling NK cell
L5_GAGGCAAGTTCAAGGG,CD1c+ conventional dendritic cell
E2L7_TACGTCCGTGTCGCTG,Plasma cell
E2L3_TTTCATGAGAATCGAT,Memory B cell
E2L7_GCATCTCTCCTCTTTC,Memory CD4 T cell
L2_ATAGAGATCCTCGATC,Naive CD4 T cell
L3_CGAAGTTCAGACCTGC,Naive CD4 T cell
E2L5_TGACAGTGTCACAGAG,CD161+ memory T cell
L2_AACCTGACAGGAATAT,CD16+ monocyte
L4_GATCAGTAGAGCTTTC,Effector memory CD8 T cell
L2_CCACCATGTGGCGCTT,CD16+ monocyte
E2L6_TACAACGGTAGAGATT,CD16+ monocyte
E2L5_GCCGTGACACCTGTCT,Naive B cell
E2L8_TGTCCCACAGGGCTTC,Naive CD4 T cell
L4_AACGGGAAGACGCCAA,CD16+ NK cell
L2_TACGGTAGTCACCCTT,CD56bright NK cell
L4_CACATGACAAACAGGC,Erythrocyte
L2_AACCATGTCCTCTCGA,Mast cell
E2L5_TGTCCACGTGGGATTG,Naive CD8 T cell
L2_TGCTTGCCATGTTCGA,Memory CD4 T cell
E2L4_TACCTCGCACGCAAAG,Memory CD4 T cell
E2L3_TGGATGTAGCAAATGT,Memory CD4 T cell
E2L1_ATTCTACCATCTAACG,Plasmacytoid dendritic cell
E2L1_AAGTGAAGTGGATGAC,Effector memory CD8 T cell
L2_TCAGTGATCAGCTTGA,Naive CD4 T cell
E2L3_TCAATCTCACTGTCCT,Memory CD4 T cell
L2_GACTCTCTCCCATTTA,Naive CD4 T cell
E2L1_GTAGGAGGTTCTCAGA,Naive CD4 T cell
E2L5_AATCGACTCCATCGTC,Cycling NK cell
L2_AGGATCTAGTGGACGT,Cycling NK cell
E2L6_GTTTGGAAGATGCTGG,CD14+ monocyte
L1_TCTTAGTCATCAACCA,Naive CD4 T cell
E2L8_TGAGCATGTGAAAGTT,Plasmacytoid dendritic cell
E2L5_CAGTTCCAGGTGTGAC,Naive CD8 T cell
E2L8_GTGCTTCTCCTCTCTT,Naive CD4 T cell
E2L6_TCCTGCATCCAAACCA,Effector memory CD8 T cell
L4_TCATATCAGGTAGGCT,Naive CD4 T cell
L1_AGACACTGTGTTAGCT,Plasma cell
E2L1_AACCTGATCGTAGAGG,Platelet
E2L3_CTCCTTTCATCTCCCA,CD14+ monocyte
L3_AGAACAAAGTGGCAGT,Cycling NK cell
L1_CATCGGGGTCTCCCTA,Naive CD4 T cell
L5_CCAATTTCAAGAATGT,CD161+ memory T cell
E2L8_ACATCCCCATGTTACG,Plasmacytoid dendritic cell
E2L8_CTCAGTCAGTGCCCGT,Cycling NK cell
L4_TCCCACACATGCAGCC,Mast cell
E2L2_AGTAACCGTGGCTAGA,CD16+ NK cell
E2L7_CCTAAGACAATAACCC,CD16+ NK cell
E2L1_GATGACTCATGCGGTC,CD56bright NK cell
L5_CGAGTTACATGCCGAC,Memory CD4 T cell
L1_GTACAACGTAACCAGG,Effector memory CD8 T cell
L1_TGGATGTGTAAGATTG,Activated T cell
L1_CACAGATTCGATACTG,Memory CD4 T cell
L4_GGGTCACGTCCTCCTA,CD1c+ conventional dendritic cell
L5_GAAACCTGTGGTCCCA,CD161+ memory T cell
L3_GTAACACTCGCAGATT,Memory CD4 T cell
E2L4_CATGCTCGTCCAGCCA,CD1c+ conventional dendritic cell
L3_ATCACAGAGAAGTCAT,Naive CD4 T cell
L2_TGTGGCGGTGAAAGTT,Mast cell
L3_TCATATCTCTCTCGCA,Naive CD4 T cell
L5_CGAATTGAGCAGAAAG,Effector memory CD8 T cell
E2L6_ATTGTTCGTGTCCGGT,CLEC9A+ dendritic cell
E2L7_ACGGTCGTCGTTGCCT,CD56bright NK cell
L1_GCCAGCACAGCAGTTT,CLEC9A+ dendritic cell
L4_TACCCGTTCTACGCGG,Erythrocyte
L5_TACATTCGTACCATAC,CD56bright NK cell
L3_GCCTGTTGTCGAACAG,Naive CD4 T cell
E2L6_GTCATGACATAACTCG,Memory B cell
E2L3_GCACGGTAGATGTTCC,Naive CD4 T cell
L5_TACTTGTTCTCTCTTC,CD16+ NK cell
E2L6_ATCTTCAAGTCTACCA,CD1c+ conventional dendritic cell
E2L3_AGTCTCCAGAACTGAT,Naive CD4 T cell
L3_ACCTACCAGGTCACTT,Naive CD4 T cell
L1_TACGTCCGTGTCCAAT,Naive CD4 T cell
E2L3_AATTTCCCAATAGTGA,Naive CD4 T cell
E2L7_CTTACCGAGGTGATCG,Cycling NK cell
L5_GCTGCAGCATGCCATA,Plasma cell
L5_ACATTTCAGGTTAGTA,Memory CD4 T cell
L2_ACACCAAGTTTCACTT,Naive CD4 T cell
L1_TTTAGTCCAGCAGTTT,Activated T cell
E2L3_ACGTAGTAGTAGTCAA,Naive B cell
L3_ACCTACCGTCACTCAA,Memory CD4 T cell
L2_AACTTCTGTCGTCGGT,Effector memory CD8 T cell
E2L5_TCATGCCCAAATGAGT,Cycling NK cell
E2L2_ACCCAAAGTGCGACAA,CD1c+ conventional dendritic cell
E2L2_TCGCTTGTCGACGAGA,Cycling NK cell
E2L4_GGCTGTGTCCCGATCT,CD16+ monocyte
E2L3_CGGACACAGCGAACTG,Effector memory CD8 T cell
E2L5_TCTTGCGAGTCTTGGT,Naive CD4 T cell
L2_TGTCAGATCCATCTGC,CD14+ monocyte
L4_ATGCCTCCATGGCCCA,CD16+ monocyte
E2L8_CATGAGTGTCGAATGG,Memory CD4 T cell
E2L2_GTGAGCCTCACGAACT,Memory CD4 T cell
L4_TGCATCCCAGACGCTC,Mast cell
E2L2_CTCGAGGAGACGCCCT,Memory CD4 T cell
E2L7_TGCGATAAGTATTAGG,Effector memory CD8 T cell
L1_AAAGTGAGTATCGTAC,CD14+ monocyte
L2_CGGGTGTTCTCAGAAC,Memory CD4 T cell
L3_ATCAGGTCATCAACCA,CD161+ memory T cell
E2L2_CTTGATTTCCGATCGG,CD1c+ conventional dendritic cell
L3_TTGCTGCCACTACGGC,Memory B cell
E2L7_ACTTCGCAGCGGCTCT,Memory B cell
L4_TGCAGTAGTGGACTGA,Activated T cell
L3_CGGAACCTCCAAGAGG,Effector memory CD8 T cell
E2L2_CAATCGAAGATCCCAT,Naive B cell
E2L2_ATGAAAGTCTTAGGAC,Effector memory CD8 T cell
L4_AATGGCTTCTACCAGA,Memory B cell
L4_CAGTGCGGTTATGGTC,Cycling NK cell
L5_CCGGGTATCGCTGACG,Naive CD4 T cell
L2_CCCAACTGTTCAGGTT,CD14+ monocyte
E2L8_CTCATTAGTGGGTATG,Memory B cell
L2_CTGAATGTCAAGCCAT,Memory B cell
E2L6_TCAATCTCACTGAATC,Memory B cell
L2_TCATGCCAGACTTAAG,Effector memory CD8 T cell
E2L2_AAGCCATGTATCCCTC,CD1c+ conventional dendritic cell
E2L4_TAACCAGCATCCTTGC,Effector memory CD8 T cell
E2L2_CGTTGGGAGAACAAGG,Cycling NK cell
L1_GCGATCGCAAATGATG,Naive CD4 T cell
E2L5_CTGCTCACAGTGACCC,Effector memory CD8 T cell
E2L1_CGATGGCCATGAATAG,Effector memory CD8 T cell
E2L5_AGTGTTGGTGTTGCCG,Memory CD4 T cell
E2L1_ATGCGATCAACCCGCA,Memory CD4 T cell
L1_GTTGCGGAGTATGTAG,Naive CD4 T cell
L1_GGGTGAAGTTCGTAAC,CD161+ memory T cell
L4_TTACCATCAGCAGTGA,Plasma cell
L2_GATGTTGAGCCAAGCA,Naive CD8 T cell
L2_TCACATTCAATGGCAG,Memory CD4 T cell
L2_TCATGTTAGTATGGAT,Effector memory CD8 T cell
L2_TTCATGTAGGAAGAAC,Plasma cell
E2L8_GTCACTCTCACCCTCA,Erythrocyte
E2L3_AAAGGGCTCGACATAC,Platelet
E2L7_GTGGGAAGTGAATATG,Naive CD4 T cell
E2L3_AGCCAATTCCGTGGGT,Naive CD4 T cell
E2L8_CTTTCAAAGGCACGAT,Erythrocyte
L2_CATTGCCCAGATCACT,CD14+ monocyte
L4_GATCACATCCAATCCC,CLEC9A+ dendritic cell
E2L2_AATGCCATCCTGTTAT,CD161+ memory T cell
E2L6_AACGGGATCCAACTGA,CD1c+ conventional dendritic cell
E2L6_CTGCATCGTGTCTTGA,CD56bright NK cell
E2L2_GATGGAGCATTCACAG,Memory CD4 T cell
E2L3_CAGATACAGCCGGATA,Plasmacytoid dendritic cell
L3_TTACCGCAGCCAGTAG,Cycling NK cell
L5_CCTACGTCAGCTACAT,Mast cell
E2L5_TGCCGAGTCTGGGTCG,Naive CD4 T cell
E2L2_AGAGCAGCAGCATTGT,Memory CD4 T cell
L3_TGCAGTATCGGCCCAA,Cycling NK cell
L1_GTTAGTGCACACGGAA,Effector memory CD8 T cell
E2L7_TGCGGCAAGAGGACTC,CD161+ memory T cell
L4_GAGGGTAAGCGCAATG,Mast cell
E2L6_CACATGAGTCGAATGG,CD56bright NK cell
L1_GAGTTGTTCATTCGTT,Naive CD4 T cell
E2L4_GAGTGAGCAAACCATC,Cycling NK cell
L4_ATCCCTGGTATCAGCT,CD161+ memory T cell
L5_TGATGCAAGTCGCGAA,CLEC9A+ dendritic cell
E2L2_TGGGCTGGTCGCTTAA,CD16+ monocyte
L2_GGGACCTGTCCCACGA,Plasmacytoid dendritic cell
L3_GGCTTTCAGTAAGAGG,Naive CD4 T cell
E2L1_GGAAGTGAGAGTGTTA,Platelet
E2L1_AGGTTACCAATTGAGA,Memory B cell
E2L7_ACTCCCAGTTGGGCCT,Effector memory CD8 T cell
E2L3_TGTAAGCCAATTCGTG,CD1c+ conventional dendritic cell
L5_CACATGATCGCCGTGA,CD16+ NK cell
E2L8_GGTGTCGCAAGCACCC,CD14+ monocyte
E2L4_GGATCTAGTCGAGTGA,Effector memory CD8 T cell
L5_CATGGTACAAGGTCTT,Activated T cell
L5_GGAACCCGTTCTCAGA,Plasmacytoid dendritic cell
E2L2_AAATGGACATTGTGCA,CD1c+ conventional dendritic cell
E2L1_CTTGAGACAAAGGCGT,Memory CD4 T cell
E2L2_GCACGGTGTTGACTGT,CD16+ NK cell
L4_CTATAGGTCCCGTTCA,CD16+ NK cell
E2L8_CTGATCCTCCTCAGGG,Effector memory CD8 T cell
E2L2_TGCTGAAGTCGTTGGC,Memory B cell
E2L3_CGTTCTGGTAGAGCTG,CD161+ memory T cell
E2L6_ACGTAGTTCGATCCCT,Plasma cell
E2L7_GTGCTTCCACCAGCTG,Platelet
E2L4_TCGTAGACAACACGAG,Naive B cell
E2L4_TTCACCGCACTTGTCC,Plasma cell
E2L2_ACGTAGTGTATTCCGA,Naive B cell
E2L1_TTGTGTTCACCGGCTA,Naive B cell
L5_CCTCATGCATGACGAG,CD16+ NK cell
E2L4_TTTCAGTTCCTATTGT,CD161+ memory T cell
E2L5_TGTAACGCAACACAAA,Activated T cell
E2L2_CGGGTCATCCAGCCTT,CD14+ monocyte
L1_GTTAGACTCTAGTTCT,Naive CD4 T cell
L1_GTACAACAGTTATGGA,Mast cell
L1_GAGTTTGTCGTAGAGG,Effector memory CD8 T cell
L3_TCGCTTGCAACTCCAA,Naive B cell
E2L4_TCGGATATCTTCCCGA,Naive CD4 T cell
E2L7_TTACAGGAGCTCGGCT,CD16+ NK cell
E2L6_GAGAAATCACGGCACT,Plasmacytoid dendritic cell
L1_GTTATGGTCTCACTCG,Naive CD4 T cell
L3_CAGATACCACAAGGTG,CD56bright NK cell
E2L6_CCTACGTTCGAATCCA,CD161+ memory T cell
E2L5_GTTTACTTCTGTTCAT,Plasma cell
L4_CCACGAGAGAGAGTTT,CD161+ memory T cell
E2L6_TAAGCACAGTACGAGC,Plasmacytoid dendritic cell
L5_GTACAACAGACAGCTG,Naive CD8 T cell
L4_ATGTCCCCATACAGGG,Memory CD4 T cell
E2L4_ATTACCTAGATACAGT,Cycling NK cell
L1_GGGCTCAGTTCTTAGG,Mast cell
L1_CACTAAGCACGAAAGC,CD161+ memory T cell
E2L6_AGTTAGCTCTAAGCGT,Plasmacytoid dendritic cell
L4_CTCCCTCGTCCGAAGA,Plasmacytoid dendritic cell
L5_ACCCTCAGTGGATCAG,CD16+ monocyte
L2_GCCAGCATCGAGCCAC,CD56bright NK cell
E2L8_TATCAGGCAAGTTGGG,Mast cell
L1_CCGGGTAGTTTACTGG,Plasma cell
E2L8_GGGACAATCTTGGTCC,CD16+ NK cell
L1_CTCCATGCATCGGCCA,Naive CD8 T cell
L5_TTACCATAGATAACAC,Effector memory CD8 T cell
E2L7_ATTCCTACAGGTCCCA,Memory CD4 T cell
E2L2_CTTACCGTCTCCTGCA,Effector memory CD8 T cell
L4_CCATCACAGACGCCCT,Effector memory CD8 T cell
L1_AGGGTCCAGACTACCT,Plasmacytoid dendritic cell
E2L3_TTCACGCCAGCAGTTT,Naive CD8 T cell
L2_GAATCGTTCCACGTGG,Memory B cell
L3_GTCGTAATCCGTGACG,CD14+ monocyte
L2_GAGATGGTCGAATGCT,Mast cell
E2L8_TTTGATCCAATGTGGG,Platelet
E2L7_AACCATGAGCGGGTTA,CD1c+ conventional dendritic cell
E2L6_GGGAGATGTGCATTTG,Memory CD4 T cell
E2L4_CATGAGTCACGACGCT,Cycling NK cell
E2L6_TCAGTCCGTGTTACTG,CD1c+ conventional dendritic cell
L1_GTATTTCCATGGCTGC,Mast cell
E2L1_CTTCTAACAGGCTCTG,Activated T cell
E2L4_TACCCACCACCGCTGA,Memory CD4 T cell
L5_TACATTCTCTTTGATC,Effector memory CD8 T cell
E2L6_GCCGTGAGTAGACAGC,Memory CD4 T cell
E2L7_GTGCAGCTCCGTGGGT,Memory CD4 T cell
L5_CGCCAGACAAACCACT,Effector memory CD8 T cell
L1_AGGCTGCTCTAGCCTC,Plasmacytoid dendritic cell
E2L2_CCACGTTGTGGGACAT,Memory B cell
L4_GTAAGTCGTCGCATGC,CLEC9A+ dendritic cell
E2L1_AATAGAGTCCGGACGT,CD56bright NK cell
L2_TTGTGGATCTGCCTCA,CD161+ memory T cell
E2L4_AGGTCTAAGCCTCAGC,CD56bright NK cell
L2_GTGCAGCAGGTTGGTG,Cycling NK cell
L1_ATTGTTCAGCCACAAG,Naive CD4 T cell
L3_GATCACACAGTTCCAA,Platelet
E2L6_CACTAAGTCGTTCTAT,CD16+ monocyte
L4_GGAATGGCAGAAGCGT,Naive CD4 T cell
L2_CATGCTCAGTATGATG,Naive CD4 T cell
L5_GTAGGTTCATCCTAAG,Naive CD4 T cell
E2L4_ACGATCACAATAGAGT,Platelet
E2L2_AATCACGCATCCGATA,CD56bright NK cell
E2L2_TCAGTGATCTAAGCCA,Activated T cell
E2L2_CAAAGAAGTACCGGAA,CD16+ NK cell
E2L6_CCGGACAAGAGTTGTA,Plasmacytoid dendritic cell
E2L5_TTCGCTGGTCAGGAGT,Memory B cell
E2L7_TTTACTGCAGCGTTGC,CD1c+ conventional dendritic cell
L4_TACCTCGCACACACGC,Effector memory CD8 T cell
L5_CGACAGCTCTCGTGAA,Naive CD4 T cell
L5_CCCTGATGTCCCGGTA,Plasma cell
E2L3_TAGACCATCTTTGATC,Memory CD4 T cell
L1_AGGCTGCTCTGCGGAC,Naive CD4 T cell
E2L3_TAACGACAGCCTTTGA,Mast cell
E2L6_GTTCTATAGGAGGCAG,Naive CD4 T cell
E2L3_ATATCCTTCTGCTTAT,Naive CD8 T cell
E2L1_AGTCAACAGCATGCAG,CD1c+ conventional dendritic cell
L1_GTCTCACCATTGTCGA,Memory CD4 T cell
L4_CGAGGAAGTTCAGCGC,Naive CD4 T cell
L4_GTGCAGCCAAATAAGC,Effector memory CD8 T cell
L3_ACGGTCGGTGCCGTTG,Naive B cell
E2L3_TCATATCTCTGCGATA,Effector memory CD8 T cell
E2L2_TGCAGATTCACGGTCG,Effector memory CD8 T cell
E2L7_CCACACTCACGCGTGT,CD16+ NK cell
E2L7_GTGCAGCCAAGATGTA,CD16+ monocyte
L5_TTACAGGGTTCTTGCC,CD16+ monocyte
E2L2_CCCTCAAAGTGGCAGT,Effector memory CD8 T cell
E2L7_GAAGTAAGTATCAGCT,Platelet
L3_GGTCACGCACCGTCTT,Memory CD4 T cell
L2_TCCTAATTCCAGTGCG,Naive CD4 T cell
L2_TTCCTCTTCGGCTATA,Naive CD4 T cell
L1_TGATCTTTCGCTGACG,Memory CD4 T cell
E2L2_TTTACCAGTCAAGTTC,Cycling NK cell
E2L5_GATGGAGTCCGCGGAT,Platelet
E2L2_GCAACATGTATACCTG,CD1c+ conventional dendritic cell
L2_CTTTCGGAGAGAGCCT,Memory B cell
E2L8_TCCGGGAGTGTTGATC,Effector memory CD8 T cell
E2L7_TCATGAGGTCTCAAGT,Erythrocyte
L1_GTGAGCCAGATTCGCT,CD1c+ conventional dendritic cell
E2L5_ATAGACCTCAATCCGA,Memory CD4 T cell
E2L3_AGTCTCCAGTTGAAAC,Memory B cell
L3_AGGGTTTGTGTGACCC,Platelet
E2L5_GAAATGATCGCGTGCA,Memory CD4 T cell
L4_TCTACCGAGCGTTGTT,Naive CD4 T cell
E2L5_AGGAGGTAGTGTTCAC,Cycling NK cell
E2L8_ACGTAGTTCATGAAAG,CD56bright NK cell
L3_TCACACCCAAGTGGGT,Naive CD4 T cell
E2L3_TACTTGTTCGAAGCCC,CD14+ monocyte
E2L5_CAAGAGGCATACTTTC,CD16+ NK cell
L5_GTAGAGGTCTTTACAC,Effector memory CD8 T cell
E2L6_TGAGGAGTCGTACCTC,Plasmacytoid dendritic cell
L1_TAATCTCAGCGTGTTT,Effector memory CD8 T cell
E2L1_ACCACAAAGAGCATAT,CD161+ memory T cell
E2L7_AACAAAGGTTCAGTAC,CD14+ monocyte
L5_CGTTAGATCGGACAAG,Effector memory CD8 T cell
L3_ACACCAAGTAACGCGA,Naive B cell
E2L6_TACAGGTTCTGCCTGT,Cycling NK cell
E2L2_GTCATCCTCCTCGATC,Effector memory CD8 T cell
L1_GCAACCGGTAGTGTGG,Memory B cell
L5_CATCAAGCATTCATCT,CD1c+ conventional dendritic cell
E2L7_TAACCAGGTGGCTACC,Effector memory CD8 T cell
E2L1_AGGGTTTGTGCGGTAA,Mast cell
L5_TCAAGCATCCGAAATC,Memory CD4 T cell
E2L1_GCGATCGAGTATGACA,Plasmacytoid dendritic cell
E2L3_AGACAAAAGATGACCG,Cycling NK cell
L3_GGCTTTCTCCTAAACG,Memory CD4 T cell
E2L8_ATCCTATAGAGGGTGG,Memory B cell
L2_TAGTGCACAATCTGCA,CD161+ memory T cell
E2L8_GTTGCTCTCGGTGTTA,Effector memory CD8 T cell
L2_TTACAGGCAGACGGAT,Plasmacytoid dendritic cell
E2L7_CCGGTAGGTGTAGCAG,Memory CD4 T cell
E2L4_ACAGGGATCGGTGTAT,Naive CD4 T cell
L2_CCGATCTGTCGTGGTC,Memory CD4 T cell
E2L8_TCTTGCGTCAGCTTGA,Memory B cell
E2L2_ACGTTCCAGCTGGCTC,CD56bright NK cell
E2L2_TTGAACGGTGTTTGCA,CD16+ NK cell
E2L8_AAGACTCAGCGATCGA,Effector memory CD8 T cell
E2L5_GCATTAGGTACAGTTC,Plasma cell
E2L4_GCCAGGTTCTGTCGTC,Cycling NK cell
L4_GCATCGGCATGGCTGC,CD161+ memory T cell
L4_ACCATTTAGCATCCCG,Effector memory CD8 T cell
L3_TGCGACGGTGGTCCCA,CD1c+ conventional dendritic cell
L2_TTAGTCTTCTGGCCAG,Naive CD4 T cell
E2L8_TCATGTTGTGTTCAGT,CD56bright NK cell
L4_GCGGATCCAACGGGTA,Plasma cell
E2L1_TCAAGACGTATCGGTT,Naive CD4 T cell
L5_GAAGTAATCTTCGTGC,CD161+ memory T cell
E2L2_TTTGATCAGCCATTCA,CD16+ NK cell
L3_TGGGAGAGTCCGCAGT,CD16+ monocyte
L5_CGGAGAATCAGCTCTC,CLEC9A+ dendritic cell
E2L6_TTCGCTGGTACGGTTT,CD56bright NK cell
L1_GCTGAATCATGGAGAC,Naive CD4 T cell
E2L8_ATCTCTAAGGCCATAG,Naive B cell
L4_TACTTCAGTAAGATTG,Memory B cell
E2L5_CTCCTTTTCACTTGGA,Naive B cell
E2L3_CGGGCATGTCCAAGAG,Effector memory CD8 T cell
E2L7_GTGATGTGTATGGGAC,CD14+ monocyte
L3_TGTAGACTCACTGAAC,Memory B cell
L2_TGAGCATCAATGACCT,Memory CD4 T cell
L5_TGATCAGAGATGGTCG,CD56bright NK cell
E2L6_TCCCACATCAAGGTGG,CLEC9A+ dendritic cell
L5_CGTAGTATCGACCACG,Naive CD4 T cell
E2L4_ACTATCTTCGACACTA,Memory B cell
E2L5_TACACCCTCTGTCCCA,Naive CD4 T cell
L3_TACTTCACAAGACGAC,Activated T cell
L4_CTCTCAGAGACGCTCC,CD14+ monocyte
L4_GGAAGTGAGGTGATCG,CD161+ memory T cell
L2_TTCCGTGCAATAGTAG,Plasma cell
L4_TGCGGGTAGCGTCAGA,Naive B cell
E2L5_TCATGTTCAATCTCTT,Naive CD8 T cell
L1_TCGAAGTCAACCTAAC,CLEC9A+ dendritic cell
L3_AAACCCATCTGTCAGA,Effector memory CD8 T cell
L5_GTAGGAGAGCTGGCTC,Naive CD4 T cell
L4_AAAGAACTCCAACCGG,Effector memory CD8 T cell
L2_AGAAATGGTGCCTTCT,Memory B cell
L2_CTCCAACCAGCATCTA,Mast cell
E2L5_GGTGGCTGTGACTGAG,Memory B cell
E2L7_GTAGAGGCAGGTCAGA,Plasmacytoid dendritic cell
E2L5_TGGAACTGTGCAGATG,Effector memory CD8 T cell
L5_GGTTCTCCAGATAAAC,Naive CD4 T cell
E2L5_GTCGAATTCCATCGTC,Effector memory CD8 T cell
L2_GAGTCTACATATCGGT,CD1c+ conventional dendritic cell
E2L5_CGCCATTCATGCCATA,CD16+ NK cell
L1_AACCTTTAGAGAGCCT,Naive CD4 T cell
L3_TTGCATTAGGAGTATT,CD161+ memory T cell
E2L7_GTAGGTTTCCCAAGTA,Memory CD4 T cell
E2L6_CGCATAAAGTCGTTAC,CD14+ monocyte
E2L5_GCCAGGTCACGGATCC,Effector memory CD8 T cell
L2_CTTGATTAGCCACCGT,Naive CD4 T cell
E2L3_TCCTTTCTCTGGTTGA,Effector memory CD8 T cell
E2L6_ATCACTTTCCCAAGTA,CD14+ monocyte
L5_ACACCAACACCCAATA,Effector memory CD8 T cell
E2L1_AGCGTATCATCCGGTG,Naive CD4 T cell
E2L2_AGCCAGCAGGGCTAAC,Plasmacytoid dendritic cell
L3_CGCCATTTCCGTATAG,Naive CD4 T cell
E2L4_CCATAAGAGGATGTTA,CD16+ NK cell
E2L7_CTGGTCTAGCATTTGC,Memory CD4 T cell
E2L6_GCGGATCTCCAATCTT,Memory B cell
E2L4_TCTCTGGTCTAGTTCT,Platelet
E2L1_GATCATGGTAGAATAC,CD14+ monocyte
E2L1_TCTATCATCTTCTAAC,Effector memory CD8 T cell
L1_CTATCCGTCTCGCTTG,Cycling NK cell
L5_TCCTTCTCAGCGTTTA,Mast cell
E2L7_TACCGAAGTTGGGAAC,CD161+ memory T cell
E2L7_TGGTTAGTCTGGTGCG,Plasmacytoid dendritic cell
L4_AAAGTGATCGTTCTCG,Platelet
E2L5_GAGTCTACAGGTAGTG,Plasmacytoid dendritic cell
E2L6_TTTATGCCACCAGACC,Effector memory CD8 T cell
L1_GTTAGACTCCTAACAG,Memory CD4 T cell
E2L7_CTTCCGATCCTTGAAG,Memory B cell
L1_ACTCTCGAGTCCTGCG,Memory CD4 T cell
L2_TCACGGGGTTCCTTGC,Memory B cell
L1_TGTCAGAGTCTCGGAC,Naive CD4 T cell
E2L4_AACCCAACAATAGAGT,Plasma cell
L4_GCTACCTGTGCTATTG,Memory B cell
L4_CGAGTGCAGCAGGTCA,Effector memory CD8 T cell
L2_GTCAGCGGTTTGAAAG,CD14+ monocyte
L4_CGAATTGGTTACGCCG,CD56bright NK cell
E2L7_CATCGGGAGCGTGTTT,Memory CD4 T cell
E2L8_TCATTCACATGTACGT,Effector memory CD8 T cell
E2L7_TCCTCGAAGTGCCGAA,Memory B cell
E2L3_ATCGTCCCACATAGCT,CD14+ monocyte
L3_CGTTAGAAGGCCTTCG,CD161+ memory T cell
L2_GGGTCTGGTACACTCA,Naive CD4 T cell
L5_CTAACTTTCCCGAACG,Platelet
E2L7_GTGCACGGTCGTGTTA,Memory CD4 T cell
E2L2_CCATCACCACGAAAGC,Naive B cell
E2L4_TGCTCGTCACAACGCC,Memory CD4 T cell
E2L2_CGGAACCAGGTTCATC,Platelet
E2L8_TTGTTCATCCCGTTCA,Plasmacytoid dendritic cell
E2L8_GCCATTCTCCGTAGGC,Memory B cell
E2L3_TTGGGCGGTCTGTGTA,CD1c+ conventional dendritic cell
L2_TTGAACGAGCACTTTG,CD16+ NK cell
E2L2_TGGAGAGCACTCCACT,CD16+ monocyte
L1_GATGTTGTCCTTACCG,CD16+ monocyte
L2_CTAACCCCAACCCGCA,Naive CD4 T cell
L2_GAAATGAAGCCAGTAG,Plasma cell
E2L1_AACCACAGTAACGGTG,Effector memory CD8 T cell
L5_GAGCCTGTCAAGCTTG,CD16+ NK cell
E2L4_CATAGACTCGGTAGAG,Naive B cell
E2L1_GTCTCACAGCTGTGCC,CLEC9A+ dendritic cell
E2L1_GGGCCATGTGCCTATA,Memory CD4 T cell
E2L5_CATCGGGGTCCGTACG,Memory B cell
E2L5_CCCATTGAGTGCAGGT,Plasma cell
L2_TTGTTGTGTCGGTGAA,CD1c+ conventional dendritic cell
L5_ACTATTCCAGGCCCTA,Naive CD4 T cell
L3_TTCAATCTCGGTGTTA,Mast cell
E2L4_CTCTCAGGTAACGATA,Cycling NK cell
E2L1_TCTTCCTGTACCGGCT,Naive B cell
L5_GGATGTTCAAGAGGCT,Naive CD4 T cell
L4_AACAACCTCAACCCGG,Erythrocyte
E2L4_CCGAACGTCATAGGCT,Memory CD4 T cell
L2_CTGATCCTCTCAAAGC,CD161+ memory T cell
L4_TCATCCGCATTGAAGA,CD1c+ conventional dendritic cell
E2L4_TGGGCGTAGGTCCCTG,Effector memory CD8 T cell
L4_CATTCCGAGGGTCACA,Memory B cell
E2L5_CTCTCAGGTAGCTGCC,Naive CD4 T cell
E2L8_TATCTTGAGATGACCG,CD16+ monocyte
L5_TCAATTCGTAGGAAAG,Naive CD4 T cell
L5_AGGATAATCACTCCGT,Naive CD4 T cell
E2L8_ACGGGTCTCGTAATGC,CD14+ monocyte
L1_GAGGGATGTTGAATCC,Mast cell
E2L5_AGTGACTGTCCTACAA,Platelet
E2L4_CGAGGCTCAGCCGGTT,CD161+ memory T cell
L3_TCTACATGTCTGTGGC,CD161+ memory T cell
L5_CATTCTAAGTGGTTAA,Mast cell
E2L1_TTCCTAAAGTACTGGG,Effector memory CD8 T cell
E2L2_GGAGGATGTTCGGGTC,CD56bright NK cell
E2L7_GCGTGCACAGTTTCAG,Memory CD4 T cell
E2L6_CCAATGAAGGCTGGAT,CD16+ monocyte
E2L8_TCCGATCCACCATATG,Effector memory CD8 T cell
L1_TCGCACTTCCCGTGAG,Naive CD4 T cell
E2L1_TCCTTTCCACCCTAGG,CD16+ monocyte
L1_TTCTAGTAGAGGTCAC,Naive CD4 T cell
L3_AAACGAAGTCCTTGTC,CD1c+ conventional dendritic cell
L2_CTCAGTCGTCGTAATC,Cycling NK cell
E2L3_TGATGCAGTGATACCT,CD16+ NK cell
E2L5_AAGTTCGAGCACTCGC,Effector memory CD8 T cell
L2_GAGTTACTCTTCGGAA,CD56bright NK cell
L5_GGTTCTCGTTCCAGGC,Mast cell
E2L4_CGTAGTACACTATCGA,CD161+ memory T cell
E2L5_ATGATCGAGAATCGTA,CLEC9A+ dendritic cell
E2L6_GGTCTGGTCTCGGTAA,CD16+ NK cell
L2_CAAGGGAAGGCCATAG,Effector memory CD8 T cell
L3_ACAACCAGTCTGTCAA,Effector memory CD8 T cell
E2L1_TCACATTCATCTTAGG,Memory CD4 T cell
E2L3_TTGGGTATCCCGTGTT,Effector memory CD8 T cell
E2L5_ATGTCCCCAACCGATT,Memory CD4 T cell
E2L4_CTCCTTTTCTCTGCTG,CD14+ monocyte
L3_AGCGATTCAGCCTATA,CD14+ monocyte
E2L3_ACCTGAAGTGAACGGT,Naive CD4 T cell
E2L1_TGAGTCATCAGGAAAT,Effector memory CD8 T cell
E2L2_TTTGACTTCCGCACTT,Memory CD4 T cell
L2_GTGAGGAGTACAAGTA,CD161+ memory T cell
L1_GAATAGACACAAGCAG,Mast cell
E2L8_CACGGGTCAGTATACC,Naive CD4 T cell
E2L3_TGGTTAGTCTTCGTAT,Effector memory CD8 T cell
E2L5_CTTGATTAGAGATGCC,Platelet
E2L2_TCGTGGGAGAATCCCT,Naive CD4 T cell
L4_GTTTGGAAGTTGGCTT,Effector memory CD8 T cell
E2L6_ATCGGCGAGAAGTCCG,Plasmacytoid dendritic cell
E2L3_GTTACAGGTTAGGAGC,Plasmacytoid dendritic cell
L1_CGAGAAGTCCAATGCA,Memory CD4 T cell
L1_ATCGGATAGACCAACG,Naive CD4 T cell
E2L3_GCTTTCGTCGACGATT,CD1c+ conventional dendritic cell
E2L5_CGCGTGACACACGGAA,Memory B cell
E2L6_GGGCGTTTCACCTTGC,Activated T cell
E2L7_TGGTGATGTTTGAAAG,Mast cell
E2L3_CCCTCAAGTAGCTGAG,Memory B cell
E2L5_GACCGTGGTCGTCTCT,Memory B cell
L2_TCGAAGTTCAAAGCCT,Memory CD4 T cell
E2L5_CCGCAAGTCGTTCCTG,Memory CD4 T cell
L4_AACCATGCATAACTCG,Naive CD8 T cell
E2L4_GTGTTCCCAATACGAA,Memory CD4 T cell
L3_CTCATTAGTCATGGCC,Effector memory CD8 T cell
L5_TCGACCTTCGCGTCGA,CD1c+ conventional dendritic cell
E2L4_AAAGTGATCTTTACAC,CD56bright NK cell
L1_ATTGTTCCAACAAAGT,Naive CD4 T cell
E2L4_GTGGAAGCACAGTGAG,Platelet
E2L3_GTGCACGCATCTTAGG,CD56bright NK cell
L1_GGTGATTGTCTTTATC,Memory CD4 T cell
E2L2_CTTTCGGGTAGATTAG,CD14+ monocyte
E2L5_TCGCTCACAATGGGTG,CD16+ NK cell
E2L2_TACCGAAGTTGACGGA,CD1c+ conventional dendritic cell
E2L2_AGGGCTCTCCACTGGG,Plasmacytoid dendritic cell
E2L7_GTGTGATGTAATGATG,CD16+ NK cell
L3_TCGGGACGTCAAGTTC,Cycling NK cell
E2L7_TGAATGCTCAGTGTTG,Naive B cell
L1_GTGCTTCAGTCATACC,CD56bright NK cell
E2L5_CGGGTCACACATACTG,Naive B cell
E2L6_GGATCTATCATCGCAA,Platelet
E2L5_GGAATCTCACTACCCT,Effector memory CD8 T cell
E2L5_TTGGTTTGTGTTCCAA,Platelet
E2L5_TAACACGTCTGTCGTC,Naive CD4 T cell
E2L3_AAAGTGACACCAGCCA,Cycling NK cell
L3_AAAGTGAGTGAGATTA,Memory B cell
E2L8_GCACATAAGCTAGAGC,CD56bright NK cell
E2L4_AGGACTTCACGAGGAT,CD1c+ conventional dendritic cell
E2L8_CAATCGAAGTTGGAAT,CD14+ monocyte
L1_TTCAATCTCTCTCCGA,CD56bright NK cell
E2L2_CGGTCAGAGACATAAC,Effector memory CD8 T cell
E2L1_GATGATCAGATACCAA,Memory B cell
E2L8_CGTCAAAGTTCGGTCG,Memory B cell
E2L6_TTGTTCACAGGCCCTA,Plasma cell
E2L3_ATCATTCTCGCGTAGC,Memory B cell
E2L3_TAGACTGTCGTAGAGG,Platelet
L3_TTTGATCTCCAACACA,Plasmacytoid dendritic cell
L2_CATCCCATCGCAGATT,CD161+ memory T cell
L2_TCCTCGAAGTTACGTC,Effector memory CD8 T cell
E2L6_CACAACACAATTCTCT,Naive B cell
L2_CCCTGATTCCTTTGAT,Effector memory CD8 T cell
L5_AACGAAATCCACTGGG,Naive CD4 T cell
L4_ACCACAAGTTCGAACT,Plasmacytoid dendritic cell
L2_AGTACCATCTGTTCAT,Naive B cell
E2L6_ATTATCCCACTCTGCT,Naive B cell
E2L7_CATCCGTCATACGCAT,CD56bright NK cell
E2L8_CCTTTGGTCCTTTAGT,CD56bright NK cell
E2L6_CATAGACTCGGTCTGG,Cycling NK cell
L4_TTGCCTGCATACTGTG,Naive B cell
E2L8_TCCATGCGTATAGGGC,Effector memory CD8 T cell
L2_GACATCAGTCACCGCA,Naive CD4 T cell
L3_TTTACGTGTCTGATAC,Plasma cell
L4_AAGATAGTCGCGATCG,Erythrocyte
E2L7_AATTCCTCATGCCGCA,Memory CD4 T cell
L2_GATTCTTGTCCTTAAG,Plasma cell
E2L8_TCATCCGCAGTCAGTT,Naive CD4 T cell
E2L5_AGTTAGCTCGCTAGCG,Cycling NK cell
E2L2_AGACACTGTTAAGACA,Cycling NK cell
L1_GTGAGCCAGGTCTTTG,Memory CD4 T cell
E2L1_TATTGCTAGCCATTCA,CD161+ memory T cell
E2L2_GATAGAACATCAGTCA,Memory CD4 T cell
E2L8_ACGGTCGAGGGTTTCT,Activated T cell
E2L3_GTCGTTCTCGTCCATC,CD1c+ conventional dendritic cell
L3_AGGAGGTCAGAGGGTT,Plasma cell
L1_AGACAGGGTGCATTAC,Naive CD4 T cell
L1_TCACGCTGTACCAGAG,Erythrocyte
E2L3_CATCCACGTAGTGGCA,Plasmacytoid dendritic cell
E2L2_GAGGGTAGTTTGAAAG,Cycling NK cell
E2L6_TAGACTGGTCGAAGCA,Effector memory CD8 T cell
E2L8_CTTCTCTAGTATAGGT,Erythrocyte
L5_ACCGTTCAGCATGTTC,CLEC9A+ dendritic cell
L4_AAGACTCAGGTGCCAA,Memory CD4 T cell
E2L6_TTCCGGTCAACTCCCT,CD56bright NK cell
L1_GCCATTCTCATCGGGC,Naive CD4 T cell
E2L8_TGTCCTGTCAGACCGC,CD16+ NK cell
E2L8_CAACCTCGTAACCAGG,Memory CD4 T cell
L5_CCGTGAGAGATGCTAA,Plasma cell
L1_TGTGCGGTCATTACGG,Cycling NK cell
E2L5_CGTAAGTGTCACAGAG,Plasmacytoid dendritic cell
E2L8_CTCCCAACAGTGGGTA,Naive CD8 T cell
L5_CGGACACGTGAGTCAG,CD16+ monocyte
E2L6_TCGGATAGTCGCATTA,Naive CD8 T cell
L3_GGAGGATGTGCGGATA,Naive B cell
E2L7_GGAATCTAGGATTCCT,Cycling NK cell
L1_AGCGCTGTCAGCTGAT,Plasma cell
E2L1_GTATTTCTCTTACTGT,Effector memory CD8 T cell
E2L4_GGCTTTCGTCGCTTAA,CD16+ monocyte
L1_TAAGCACCAGAGGCTA,Cycling NK cell
E2L8_AAGACTCGTTCTTGCC,Effector memory CD8 T cell
L5_CGGGACTGTAACCCTA,Cycling NK cell
L2_GTCAAGTCACAATTCG,Mast cell
L1_GAAGTAAGTGCCCTTT,Memory CD4 T cell
L4_CATGGTAGTCTACTGA,Cycling NK cell
L5_TAGGAGGCAGAGTCAG,CD16+ monocyte
L5_CAAAGAAAGAAAGCGA,Naive B cell
E2L6_CAGGCCAAGCCTCATA,CD14+ monocyte
E2L6_GCACATATCCATTGCC,Naive CD4 T cell
E2L8_GACAGCCCATGTTCAG,Memory CD4 T cell
E2L2_TGTTTGTGTTTACCAG,Naive CD4 T cell
E2L4_GCACGTGCACTCATAG,Erythrocyte
E2L1_TCTGCCAAGCAAGTCG,CLEC9A+ dendritic cell
E2L5_TGGGCTGCAACAGAGC,Naive CD4 T cell
L2_GGGTCACCATTATGCG,Naive CD4 T cell
L1_GATTGGTGTTTACTGG,Effector memory CD8 T cell
L5_CTGTAGAGTATTCCTT,CD161+ memory T cell
L5_GGGTTATCACATGTTG,Naive CD4 T cell
E2L8_TTGAACGAGGATCACG,CD56bright NK cell
L4_GACCCTTGTAGTGTGG,CD16+ monocyte
L1_CATACCCGTTCCGCTT,Naive CD4 T cell
E2L4_ATCCACCGTAGCGCCT,Effector memory CD8 T cell
L3_TGGAGGAGTGTTGATC,Naive CD4 T cell
L2_CATGCAACACCCAAGC,Memory B cell
E2L1_AGACACTGTGTCGCTG,CD14+ monocyte
E2L6_GTAGAAACAAGACAAT,Naive CD4 T cell
E2L7_TGATCTTAGACTGTTC,Memory CD4 T cell
L3_CTGGACGGTGATTAGA,Naive CD4 T cell
E2L3_GCCATGGTCGTTCTCG,Effector memory CD8 T cell
L4_TTCGGTCCAAATTGCC,Naive CD4 T cell
L1_CATACTTGTCATATGC,Memory CD4 T cell
L2_AATCGACTCAATGCAC,CD16+ monocyte
L3_ACTCTCGAGACGACTG,Memory CD4 T cell
E2L6_GGGTGTCAGATTCGCT,CD56bright NK cell
E2L3_TTGACCCCACCATTCC,Plasmacytoid dendritic cell
E2L4_GTGATGTAGATGCTGG,CD56bright NK cell
E2L7_AGATGCTTCCAAAGGG,Plasmacytoid dendritic cell
L3_TTTGATCAGTCGTCTA,Naive CD4 T cell
E2L2_AGTTAGCTCTTCCGTG,Naive CD4 T cell
L2_ATCACAGAGATGCTGG,Erythrocyte
L4_CTCGAGGCAAATTGGA,Naive CD4 T cell
E2L3_TTGCGTCTCTCATTTG,Memory CD4 T cell
E2L3_AGACTCAAGTGAGTTA,Naive B cell
L2_ACACCAAGTGTAGTGG,Naive CD4 T cell
L3_TCGAACACACCAAAGG,Mast cell
E2L8_TTCCAATTCACCATGA,Plasma cell
L5_GTGGCGTAGACCAGCA,Memory CD4 T cell
E2L2_AAGTTCGTCGGCAGTC,Plasma cell
L3_TACGTCCCACGAGGTA,Effector memory CD8 T cell
L4_TGTTCCGCAAATCAGA,Naive CD4 T cell
L1_GATCACAGTACAGTAA,Memory CD4 T cell
L2_GTCACTCTCACGAGGA,Naive B cell
L5_ACGATGTAGGAACGAA,CD161+ memory T cell
E2L5_ACTTCCGTCACATTGG,Naive B cell
L1_AGTGTTGAGAAGTGTT,CD161+ memory T cell
L1_GCTGCAGTCCGTTTCG,CD1c+ conventional dendritic cell
E2L3_CGCATAACACTACCCT,CD16+ monocyte
L1_CCCTCTCGTCATCTAG,Memory CD4 T cell
E2L3_GACCTTCAGAGGGTAA,Naive CD4 T cell
E2L4_AGGATAATCTAAACGC,Memory B cell
E2L7_CATGGTATCGAGTGAG,CD14+ monocyte
L4_GGAGGATGTACCGGCT,Mast cell
E2L1_AGTGCCGAGACCCGCT,Memory CD4 T cell
E2L5_TCTCTGGTCCGGACTG,Effector memory CD8 T cell
L5_GAGTCATAGATCGGTG,Naive CD4 T cell
L4_GGAGGATTCGGATACT,CD161+ memory T cell
E2L7_GGAAGTGAGCATACTC,Naive CD4 T cell
L1_TCACAAGTCAACTGAC,Naive CD4 T cell
L2_TAGATCGTCCCGAGGT,Memory CD4 T cell
E2L5_CGTGTCTTCAGAACCT,Cycling NK cell
E2L5_AGCGTATTCACTACTT,Effector memory CD8 T cell
E2L3_AAGATAGTCTGGTGCG,Naive CD4 T cell
E2L3_ACGGAAGCATCGGTTA,Plasmacytoid dendritic cell
L2_GTGGCGTCACTGCTTC,CD16+ monocyte
L5_ACTATCTTCCGATGTA,CD161+ memory T cell
L2_GCAACATTCTAGGCCG,Effector memory CD8 T cell
L5_TCACTATTCGAGTGAG,Mast cell
E2L2_TGGATGTCAGTCTCTC,Naive CD4 T cell
E2L8_AGACAAAGTCTGTGTA,CD14+ monocyte
E2L8_CTCAGAAAGAAGCTCG,Platelet
L2_AAAGAACAGATGGGCT,Mast cell
L2_CAATTTCGTAGGAGGG,Memory B cell
L4_TTCAATCAGGCTTCCG,Plasma cell
E2L6_GACCCTTTCGAGCCAC,Memory CD4 T cell
E2L5_TAGGGTTCATGATGCT,Effector memory CD8 T cell
E2L1_CACACAAAGCGTACAG,CD16+ monocyte
L5_CCGGACAAGCTGGTGA,Naive CD4 T cell
E2L5_CTGCATCGTCCACTCT,Cycling NK cell
L2_CTGTACCCAGGTCAAG,Memory CD4 T cell
L2_CCTTGTGGTGGTGATG,Naive CD4 T cell
E2L4_GATCAGTCACCCAACG,Memory CD4 T cell
L3_GAGTCTAAGTCACAGG,CD16+ monocyte
E2L4_GGAGGATAGGAGAGTA,Naive CD4 T cell
L2_TAACTTCCACAGGATG,CD161+ memory T cell
L2_CGTGATATCCTTACCG,CD16+ NK cell
L1_GTCCTCACACTTTATC,CD16+ NK cell
L4_TTTACGTCACGGTGTC,Mast cell
L3_ACGGTTACACCTCGTT,CD14+ monocyte
E2L1_GGTGTCGGTCACTCTC,Effector memory CD8 T cell
L3_ACATTTCAGCATCAAA,Plasma cell
E2L4_TACACCCAGAGTCCGA,Memory CD4 T cell
E2L7_ATCCATTCACATGAAA,Plasmacytoid dendritic cell
E2L3_GTCGTTCCAGCTCTGG,Memory B cell
L5_GAACACTCATTCACAG,Cycling NK cell
E2L5_TGTGTGATCCAACACA,Cycling NK cell
E2L8_TCGAAGTAGTTTCGAC,Memory B cell
L5_CTTACCGGTCGTTGGC,Cycling NK cell
L3_CGGAACCAGCTTTCCC,Naive B cell
L5_AAGCGAGTCTGGTGCG,CD16+ monocyte
E2L1_CTTCCTTAGTGTGTTC,Memory CD4 T cell
E2L5_GACATCATCTGGCCAG,Platelet
E2L5_TGCAGGCCAGTCGGTC,CD56bright NK cell
L5_CCCGAAGGTTGCATTG,CD16+ monocyte
E2L5_TGCATGACAGGCGAAT,Memory CD4 T cell
E2L3_ACGTAGTCAATAGTAG,Naive CD4 T cell
E2L5_GTCACGGAGGACCCAA,Memory B cell
E2L7_CTCCCTCAGTCATAGA,CD14+ monocyte
E2L6_CATTGAGCACAGCTTA,CD16+ NK cell
E2L1_ATCTCTATCCCTAGGG,Effector memory CD8 T cell
E2L6_GTTGAACCAGGAATCG,Naive CD4 T cell
E2L8_TACCTCGGTTATGTGC,CD16+ NK cell
L5_GTCATGAGTAGATGTA,Memory CD4 T cell
L2_ATCTCTATCTGAACGT,CD1c+ conventional dendritic cell
L1_ACGTAGTGTAATTAGG,Cycling NK cell
L4_GGGTATTGTAGGTAGC,Naive CD4 T cell
E2L6_CAAGAGGAGGCGTTGA,Naive B cell
L4_CTACTATCAATAGTCC,Naive CD4 T cell
E2L5_AAACGCTGTGTCTCCT,CD1c+ conventional dendritic cell
E2L5_GTTACGATCGGTAAGG,Memory B cell
E2L1_GGGAGTACATGGTACT,Naive B cell
E2L7_CAACGGCAGATGGTAT,Naive CD4 T cell
L2_TAGACCATCGCACGAC,CD16+ NK cell
E2L5_GAGACTTCAGGTCAGA,CD161+ memory T cell
L3_TACGGGCTCGCCTTGT,Memory B cell
E2L5_CCCTTAGTCCCTATTA,Platelet
L3_AAACCCAAGCATGAAT,Effector memory CD8 T cell
L4_ACAGGGACAGTAGAAT,Plasmacytoid dendritic cell
L4_GCAACCGCAGAGTTGG,Naive CD4 T cell
E2L7_TCGGGACCATAGATCC,Platelet
E2L6_AACCATGAGTCACACT,CD16+ NK cell
E2L2_CGCAGGTAGTCATTGC,Effector memory CD8 T cell
E2L5_TTAGTCTCAATCAGCT,Cycling NK cell
E2L3_TCAGTTTAGTGCGTCC,Plasma cell
L2_CTTCAATCAGCGTTGC,CD161+ memory T cell
E2L1_GTGTTAGTCACAAGAA,Memory B cell
E2L2_GGCTTTCGTTGGACTT,Memory CD4 T cell
L4_CAATACGGTACAAGCG,Plasma cell
E2L8_TTACCGCTCATCTATC,Naive CD4 T cell
E2L8_CCTCTAGTCTACCAGA,Naive CD4 T cell
E2L3_AGACACTAGGCTCTCG,Cycling NK cell
L4_ACGTTCCGTGCATACT,Naive CD4 T cell
E2L4_CAGGGCTTCTCGCCTA,Plasmacytoid dendritic cell
L1_TTTGATCAGAAGTCTA,Erythrocyte
E2L3_CGCGTGACAACTTGCA,Memory B cell
E2L8_AAGGAATGTCGCATCG,Plasmacytoid dendritic cell
E2L8_ACATGCATCAACGAGG,Naive CD4 T cell
L4_TACTTCAGTTAAAGTG,CD16+ NK cell
E2L3_GACACGCCAAGCACAG,Effector memory CD8 T cell
L2_GGTCTGGCATATAGCC,Memory CD4 T cell
E2L5_CTCATTAGTCATCCCT,CD56bright NK cell
L5_CTGCTCACACTTGAAC,Mast cell
E2L3_GGCTGTGCAAGTAGTA,Naive B cell
L5_TGGCGTGTCGTGTCAA,Memory B cell
E2L5_CTAACTTTCTAAGCCA,CD16+ NK cell
E2L7_CAAAGAACAGCGGTTC,Cycling NK cell
L4_TGCAGATCATGACGGA,Naive CD4 T cell
E2L8_CAAGGGATCAACGTGT,Memory B cell
L2_ACTATCTTCAGTCAGT,Memory B cell
L1_TCCGGGAGTTAGAGAT,CD14+ monocyte
L1_GAGTTGTGTCACTCGG,Naive CD4 T cell
E2L8_ATGATCGTCACTTGTT,Naive CD4 T cell
E2L1_ATCGTCCGTGTTTACG,Naive CD4 T cell
E2L4_TCAATTCGTATTGCCA,CD16+ NK cell
L4_TTACAGGTCTAGACCA,Memory B cell
E2L1_CCGGACAGTGGACTGA,Naive CD4 T cell
E2L3_GTGAGCCTCCAAACCA,Cycling NK cell
E2L6_TCCTGCACAGCCCAGT,Naive B cell
L4_CGTAAGTTCTAGTCAG,Memory CD4 T cell
L4_AAGCATCAGGTTCTTG,CD16+ monocyte
E2L2_CTGTACCCAGTATTCG,Memory B cell
E2L7_TCTGTCGAGGCTTCCG,Effector memory CD8 T cell
L3_ATTACCTAGAGCCTGA,Naive CD4 T cell
L2_GTAGTACCAAACACGG,Cycling NK cell
L3_GCGGAAACAGCTTCGG,Effector memory CD8 T cell
L3_TGCTGAAGTGAGTTTC,Effector memory CD8 T cell
E2L1_GTTGCGGTCCTTATGT,Naive CD8 T cell
L3_TGTCCACCATAGAGGC,CD16+ NK cell
E2L8_TGAGCGCTCCTGTACC,Plasma cell
E2L3_AAACGCTAGTCGAAAT,CD161+ memory T cell
L4_ACTTCCGCAAAGCGTG,CD56bright NK cell
L3_GAGACCCTCGCGCTGA,Plasma cell
L5_AAAGGGCGTAACACCT,Erythrocyte
E2L1_TTCTCTCAGGCCGCTT,Naive CD4 T cell
L3_CATGCAATCGCTCTCA,Plasma cell
E2L3_CACTTCGTCGCGCCAA,CD14+ monocyte
E2L3_TGATCTTTCTTAGTTC,Memory B cell
E2L5_GAACTGTGTACTCCCT,Effector memory CD8 T cell
L5_GTTACAGTCCGAGATT,Plasmacytoid dendritic cell
L1_GTTGCTCCATTCTGTT,CD56bright NK cell
E2L1_AGCTACAGTGCTTCAA,Memory CD4 T cell
E2L7_CTCAATTGTCAAGCGA,CD16+ monocyte
L5_GATTCGACACACACTA,Memory CD4 T cell
E2L4_GACTTCCTCCACCTCA,CD161+ memory T cell
L3_AATGGCTAGAAGCCAC,Naive CD4 T cell
L1_TAATTCCCAAACAGGC,Effector memory CD8 T cell
L3_TGCATCCAGCGCCTCA,CD16+ monocyte
L5_ACAGCCGAGAATAGTC,Cycling NK cell
E2L5_CCCTTAGTCACTGAAC,Naive CD4 T cell
E2L6_ATTACTCTCTTACCAT,CD16+ monocyte
L5_CTCATTACATAATCCG,CD161+ memory T cell
E2L7_TGCGACGTCGCCTTTG,Cycling NK cell
E2L1_CGGAGAAAGTCCTGTA,Platelet
L1_AACAACCTCCATCTAT,Naive CD4 T cell
L5_GGGTTATAGGGCTTCC,CD16+ monocyte
E2L3_GCCATGGCATAAGCAA,Effector memory CD8 T cell
L2_TACCCACGTTGCTTGA,Memory CD4 T cell
E2L6_TAAGCGTAGTAGTCTC,Naive CD4 T cell
E2L6_GAGTCTAGTACAGCGA,CD16+ NK cell
L2_CATTCATCAAACTCTG,Memory CD4 T cell
L2_TCACGCTTCAAAGACA,Effector memory CD8 T cell
L1_CTGGACGGTGCTCCGA,Naive CD4 T cell
L5_ACAGAAAGTTACACAC,Naive CD4 T cell
L2_GTGCTTCAGTAAGAGG,Memory CD4 T cell
L3_CTGGACGCACAGCCAC,Naive B cell
E2L4_TCCTTTCCATCGAAGG,CD14+ monocyte
L5_TATATCCGTGTGTGTT,CD1c+ conventional dendritic cell
L4_ATTACTCCAACAAGTA,Platelet
E2L3_AGTTAGCTCCTTCAGC,Naive CD4 T cell
E2L8_TCGTGCTTCAAGTAAG,Memory B cell
L4_TCACACCGTGGACTGA,Memory B cell
L5_TGGAGAGAGATCACCT,Cycling NK cell
E2L7_ATACCTTGTCTTTATC,Memory CD4 T cell
L5_TGAGGTTCAGGCAATG,CD14+ monocyte
E2L8_GGAGGTAGTACCACGC,Memory B cell
L3_TCACTATGTGCGTCGT,Naive CD4 T cell
L5_CTAGGTAGTTGTGGAG,Cycling NK cell
E2L8_CACTGGGTCCGGACGT,Cycling NK cell
E2L6_GTCACGGCACCAGCTG,CD1c+ conventional dendritic cell
E2L2_ATTCTACTCAGGAACG,Platelet
E2L4_GATGCTATCGTTCATT,Activated T cell
L5_AGATAGAAGCGACATG,CD14+ monocyte
E2L1_CACGTGGAGCTAGATA,Naive CD4 T cell
L4_TGATTTCGTACCGGCT,Naive CD8 T cell
E2L5_TGTAAGCCACTTACAG,Memory B cell
E2L2_GTGAGGAAGAATACAC,CD56bright NK cell
L2_CTCTGGTTCCATTCGC,Mast cell
E2L5_GTTAGACTCAGCTTCC,Memory B cell
L3_TTCGCTGTCGAACGGA,Naive CD4 T cell
E2L8_TGTCCACAGTGAGTGC,Memory B cell
L5_GTTTGGACAGGCATTT,Effector memory CD8 T cell
L1_CATTGAGAGAGCCCAA,Naive CD4 T cell
E2L8_GAGTTTGAGAGGGCGA,Memory CD4 T cell
E2L5_TTGGGCGAGAAGCTCG,Naive CD4 T cell
E2L1_CTGTATTAGCCTCTTC,Effector memory CD8 T cell
E2L7_CACATGACATGATGCT,Plasmacytoid dendritic cell
L1_TTCGATTCATGTTCGA,CD161+ memory T cell
L4_GTCCACTAGCATGCGA,Naive CD4 T cell
L4_CTGCCATCACCACTGG,Naive CD4 T cell
L4_GTGCAGCTCGTGGGAA,Cycling NK cell
E2L8_CCGTAGGAGTTGGAAT,Effector memory CD8 T cell
L3_TGCTCCAGTGGTGATG,Naive CD8 T cell
E2L2_GATTCGAAGGTCATCT,Naive CD4 T cell
E2L3_TTCTTGAGTCTAGGTT,Naive B cell
E2L7_GATGTTGCAAGCGCAA,Cycling NK cell
L4_TCGCACTCATAGCACT,CD1c+ conventional dendritic cell
L1_ATCGTCCGTAACTAAG,CD161+ memory T cell
E2L5_TCGTCCATCATCGCCT,Effector memory CD8 T cell
L4_AGGCTGCAGTGCCCGT,Mast cell
L2_CGACAGCAGACTCCGC,Naive CD4 T cell
E2L7_CAACCTCGTACCCACG,Naive CD4 T cell
E2L7_AGTCTCCCAGAACTCT,CD16+ NK cell
L4_GTAATGCCAGAGTTGG,Memory B cell
E2L4_AAGTCGTTCTGACAGT,Cycling NK cell
L2_GCTGGGTAGGTAGATT,Naive CD8 T cell
E2L2_TTCCACGGTGTTAGCT,Naive B cell
E2L7_TCGAAGTTCCAACTGA,CD16+ monocyte
L5_GACGCTGAGAGTCAGC,Memory B cell
E2L7_TCCCACAGTTGTCTAG,Naive CD4 T cell
E2L2_ACTGTCCGTATTGAGA,CD16+ monocyte
E2L7_ACTTATCAGGCACGAT,Naive B cell
E2L7_GGAGGTATCCGATAAC,CD1c+ conventional dendritic cell
E2L5_GATCACAGTTTGTTCT,Memory B cell
L5_AATCACGGTCGTACAT,Memory CD4 T cell
E2L6_TTGTTCACAAGAAATC,Cycling NK cell
E2L3_CGAATTGCACGTAGTT,Effector memory CD8 T cell
E2L7_CACGGGTAGCACCGTC,Plasmacytoid dendritic cell
E2L1_CTACAGAAGACGGAAA,Memory CD4 T cell
L3_TTGTGTTGTTCGGCGT,CD161+ memory T cell
E2L4_GCAACATCATTCACCC,Memory B cell
L1_GAGTGTTCAGAGAATT,Plasmacytoid dendritic cell
E2L4_AGAAGCGGTACGTGTT,Naive B cell
E2L1_GTAAGTCTCCTTATCA,Memory CD4 T cell
L4_TCCGAAAAGGAGAGGC,CD16+ monocyte
L5_TTTCATGAGAGCCGAT,Effector memory CD8 T cell
E2L7_CGATGCGCAATCCTAG,Memory CD4 T cell
L5_GGTGAAGCACTGCATA,CD161+ memory T cell
E2L7_AACGAAACACATCATG,Memory CD4 T cell
L1_AGGACTTAGCCGGATA,Effector memory CD8 T cell
L5_GTAACACGTTCTCCTG,Effector memory CD8 T cell
L2_ACGATCATCATTCGGA,Naive CD4 T cell
L1_GACACGCGTTGCTAGT,Naive CD4 T cell
E2L4_ACATCCCGTGCCGAAA,Memory CD4 T cell
L3_GCCAGCATCCTTATCA,CD161+ memory T cell
E2L6_TTTCCTCGTGATACAA,Naive CD4 T cell
E2L7_GAATAGAAGTTGTCGT,Cycling NK cell
E2L3_ATGGATCGTGTTGATC,Cycling NK cell
E2L7_GTTAGTGAGTAGACCG,Memory CD4 T cell
L2_TTCGCTGTCTTACGTT,CD1c+ conventional dendritic cell
E2L1_AGAACCTAGCTAGATA,CD161+ memory T cell
E2L5_TTACCATAGAGAGTGA,CD1c+ conventional dendritic cell
L2_CGCATGGTCTACTGCC,Effector memory CD8 T cell
L2_AGCTCAAAGTAAACGT,CD16+ NK cell
L4_TCAGTCCCATTGTACG,CD161+ memory T cell
E2L7_ATTGTTCAGACGTCGA,Naive CD4 T cell
E2L1_ATCCCTGAGGGATGTC,Plasmacytoid dendritic cell
E2L2_CCCTGATAGTCATCCA,Platelet
L1_ACCCTCACAAATCAAG,Memory CD4 T cell
E2L3_AATCACGTCTTAGCCC,Naive CD4 T cell
E2L5_CCACACTCAGCAGTAG,Memory CD4 T cell
E2L1_GTTCATTAGGGAGAAT,Naive CD4 T cell
E2L4_TTGAACGCACTGTCCT,Memory CD4 T cell
E2L2_CTGCTCACACTCCGAG,CD1c+ conventional dendritic cell
E2L3_ATTTCACGTTCCACGG,Effector memory CD8 T cell
L1_ACTCCCACAACAAGTA,Naive CD4 T cell
L1_AGGATAACAACTCCAA,Mast cell
E2L2_TGTGATGTCCATTTAC,Platelet
L1_TGGAACTAGGGTCTTT,Naive B cell
L2_ACCATTTGTCCCAAAT,CLEC9A+ dendritic cell
E2L2_CCACGAGGTAGCCAGA,Cycling NK cell
L2_CTCAGGGTCTCGGCTT,CD56bright NK cell
L3_AGCATCAAGCTACGTT,Naive CD4 T cell
L5_ATCACTTCAGCGATTT,Plasma cell
E2L8_CGAGTTAAGCTCCATA,Plasmacytoid dendritic cell
E2L7_GCAGCTGCATACCGTA,Memory B cell
L4_TCCACGTTCCCAAGTA,CD16+ NK cell
L2_CAACCTCCAATAACCC,CD14+ monocyte
L1_ATCGTAGCACGCGCAT,Effector memory CD8 T cell
E2L5_CTTGATTCAGCGTACC,Cycling NK cell
L4_TCCTTCTAGCCAACCC,Platelet
L3_CGAAGTTTCTCGGTCT,Cycling NK cell
E2L8_ACAGCCGTCTACTTCA,Effector memory CD8 T cell
L1_TGGGCTGCAGAAGCGT,Memory CD4 T cell
L4_AACCTGAGTACCGTCG,Plasmacytoid dendritic cell
E2L4_TCTTGCGAGTCCTGTA,Memory B cell
L1_TGGAACTGTACCCGAC,Effector memory CD8 T cell
E2L7_CATACCCAGATGGCAC,Memory CD4 T cell
L2_GTCCACTGTAGCTCGC,Naive CD4 T cell
E2L8_TCTACCGTCATACGAC,Effector memory CD8 T cell
E2L5_TATCGCCAGAATTTGG,CD161+ memory T cell
L4_TCTGCCAGTAGCTGAG,Effector memory CD8 T cell
E2L5_GAGAGGTCACGGCGTT,Naive CD4 T cell
L5_CTACTATGTTGTGTAC,CD16+ monocyte
L5_TACATTCGTGCGAACA,CD14+ monocyte
L4_GGTTGTAAGCGAGTAC,Memory B cell
E2L8_GACTCTCCAATCTCGA,Naive CD4 T cell
E2L6_CACTGGGCACAAAGCG,Effector memory CD8 T cell
E2L6_ACCCTTGGTCTCCTGT,Cycling NK cell
L3_CTGTCGTGTTTGCAGT,Plasma cell
E2L2_GCCATGGTCTCGTTTA,Effector memory CD8 T cell
E2L3_TTACCGCCAGCGGTTC,Effector memory CD8 T cell
E2L4_GATTCTTCAGGGAGAG,Memory B cell
L1_GTGGCGTGTGCTTCAA,CD161+ memory T cell
L1_CGCATGGAGGCATGCA,Platelet
L5_TCCTTCTAGTAAGACT,CD16+ NK cell
E2L3_TGTCCCATCCAACTGA,Plasmacytoid dendritic cell
E2L1_GAGCTGCTCAATCAGC,Memory B cell
L5_GCCATGGTCTCTCCGA,Effector memory CD8 T cell
L2_GTGGCGTCAGGTATGG,Mast cell
L5_CAGTGCGGTATCAGCT,Cycling NK cell
E2L6_ATAGAGATCACGACTA,Memory CD4 T cell
L4_TAAGCCAAGGTCACAG,Effector memory CD8 T cell
E2L3_GTCTCACAGTCGGCAA,CD16+ NK cell
E2L3_CCTCTAGGTCGCATGC,Cycling NK cell
E2L3_CATAGACTCCTAAGTG,Naive CD4 T cell
E2L6_CTCACTGTCTCGCTTG,Effector memory CD8 T cell
E2L7_TTACGCCGTCCTTGTC,CD56bright NK cell
L2_AGGATCTCAGAAACCG,Memory CD4 T cell
E2L4_TCAATCTGTATCGAGG,Mast cell
L2_TTAGGGTTCGAACGCC,Memory CD4 T cell
E2L8_TCGAACAGTGAAAGTT,Memory B cell
E2L4_ATTTACCAGATCCCAT,Effector memory CD8 T cell
E2L6_CTTCTCTGTGACACGA,CD56bright NK cell
L2_ATAGAGAAGATAGTGT,Memory CD4 T cell
E2L7_CAACAGTGTTCTCAGA,CD14+ monocyte
E2L8_GACACGCTCGATCCAA,Plasmacytoid dendritic cell
E2L5_AAGCCATTCCGCTGTT,Cycling NK cell
E2L4_TCATGCCTCACGTAGT,CD14+ monocyte
E2L8_TAACCAGCATCGTCCT,Platelet
E2L2_AGGTAGGGTGTAAACA,Naive CD4 T cell
L1_ATTTCACGTTGACTGT,CD56bright NK cell
E2L4_AACCCAAGTAGGTACG,Memory B cell
E2L6_TCATCATAGACGGATC,Memory CD4 T cell
E2L5_AAGTCGTTCGTAGTCA,Effector memory CD8 T cell
E2L2_ACCATTTAGCCATTTG,Platelet
L3_CGACAGCAGTTACGAA,Naive CD4 T cell
E2L6_CTATAGGAGGACGCTA,Platelet
E2L1_CAGATTGGTCAGGTAG,CD1c+ conventional dendritic cell
L4_TATTCCACATGACGGA,CD1c+ conventional dendritic cell
L5_AGACTCATCCCTAGGG,Cycling NK cell
L2_TGGAGGAAGCAACAAT,Naive B cell
E2L5_ACCCAAAGTTCTCGTC,Activated T cell
L1_GTGAGGACACGTCGGT,Naive CD4 T cell
L5_CGGGTCAGTCTTGCGG,Erythrocyte
E2L4_TCTGGCTAGGCGTCCT,Memory CD4 T cell
E2L6_TGCGATAGTCCCAAAT,Naive CD4 T cell
E2L4_CCTTCAGAGATAGCTA,Memory CD4 T cell
L2_CACCGTTTCGATTGGT,CD56bright NK cell
E2L6_TTACGTTAGAGCCGTA,Platelet
L1_TTGGGCGTCCCTGGTT,Memory CD4 T cell
L1_TTGCGTCCAACTTGCA,Cycling NK cell
E2L7_CCCTGATGTAGGGAGG,Memory CD4 T cell
E2L1_CAGTGCGTCTACGCAA,CD16+ monocyte
L4_CATTTCAAGGGATCTG,Naive CD4 T cell
E2L6_TCCATGCTCGCCAGAC,Effector memory CD8 T cell
L2_AAACCCACAGAGTCAG,Naive CD4 T cell
E2L1_TTGCATTCATACTGAC,Memory B cell
L2_CCCATTGGTGGGTATG,Platelet
L2_CAAGCTATCGAAATCC,Naive CD4 T cell
L1_GAGGCCTCACCTTCCA,CD14+ monocyte
E2L3_TACCGAATCCATCGTC,Naive CD4 T cell
E2L8_TTCCTCTTCTTGGATG,CD56bright NK cell
E2L5_CTGTACCTCAATCTTC,CD161+ memory T cell
E2L7_TTTGACTAGAGGTCAC,CD56bright NK cell
E2L3_GTATTTCCAGTTCACA,Plasmacytoid dendritic cell
E2L4_AGCGTATTCCAGTTCC,CD56bright NK cell
E2L1_TTACTGTAGTTTCTTC,Naive CD4 T cell
E2L6_TCAGGTAAGAGAGGGC,Plasma cell
L5_CATAAGCTCCCGAGGT,Naive CD4 T cell
L1_GTCAAGTCAGACCATT,Memory CD4 T cell
L1_TCCGGGAGTCAGATTC,Naive CD4 T cell
L4_CGGGTGTTCTCATGCC,Naive CD4 T cell
E2L7_ACTTAGGTCTCAGGCG,CD16+ NK cell
E2L6_TTCTGTACATACCATG,Memory B cell
E2L3_GGGCGTTGTCCGCAGT,Memory CD4 T cell
E2L1_TGCAGTACACTTACAG,Naive CD4 T cell
L2_ACTATCTGTCGCAGTC,Memory CD4 T cell
E2L8_TGTTGAGTCTACCAGA,Cycling NK cell
E2L8_TTCTTGACAAGAGCTG,Memory CD4 T cell
E2L5_GATCGTATCAAGCCCG,Effector memory CD8 T cell
E2L8_AAGCATCGTTTCGACA,Platelet
E2L2_TCTACATTCCCTCTAG,Memory CD4 T cell
L1_TTCCAATCATTGACAC,Memory CD4 T cell
L2_CACTTCGAGACTAAGT,Platelet
L3_AAAGGGCGTCAGACGA,Mast cell
L1_ATTACCTGTGCTCTTC,Memory B cell
E2L8_CACCAAATCAGACATC,CD16+ NK cell
E2L4_CAGTTAGAGTAAGACT,Naive CD4 T cell
E2L8_GTGAGTTGTAGTGTGG,Memory B cell
L5_GCAACATTCGGTGCAC,CD1c+ conventional dendritic cell
E2L4_GGGACTCCAGTAGTGG,Platelet
E2L7_TACTTACGTGCCGTAC,Cycling NK cell
E2L8_GTGGGAAAGGTAGTCG,Memory B cell
E2L8_CACTGGGCATCTAGAC,Memory CD4 T cell
E2L8_GCTGCAGGTGTAAACA,Memory B cell
L4_AAGTTCGCAAGCACCC,Cycling NK cell
E2L2_TTGTTTGGTTGTTGTG,Naive CD4 T cell
L5_CCTAAGAAGCACTAAA,Memory B cell
L5_CCGAACGCACTTCAAG,Naive CD4 T cell
E2L2_ATCACGACAGCCATTA,CD56bright NK cell
E2L1_TCACACCCACAACCGC,CD161+ memory T cell
L1_CCCTGATTCAGTCAGT,Erythrocyte
E2L8_TACTGCCCACTATCGA,Effector memory CD8 T cell
E2L3_TACGTCCGTTGTTGTG,CD56bright NK cell
L1_GGGTCACTCGATTTCT,Mast cell
E2L1_CGATGGCGTGTGCTTA,CD1c+ conventional dendritic cell
E2L7_TTGGGTAGTTCATCGA,Cycling NK cell
L4_ATTGTTCTCGTAGCCG,Naive CD8 T cell
E2L5_TCATGAGTCTCCGATC,CD16+ monocyte
L4_CTTCAATAGCATGGGT,CD1c+ conventional dendritic cell
E2L6_TGTTCATTCATGAGGG,Cycling NK cell
E2L2_GAGTGTTAGGTCACAG,CD56bright NK cell
E2L5_TCAGTCCAGGCCATAG,Naive B cell
L2_CCCAACTCAAGTCATC,Effector memory CD8 T cell
E2L7_ACACTGATCACTGATG,Naive B cell
E2L5_GAGCCTGGTTGCTCAA,Memory CD4 T cell
L5_TTGACCCCAGTGTGCC,Memory B cell
E2L4_ACTTTGTTCCACAGGC,Memory B cell
E2L5_GGGTGAATCCAACCAA,Effector memory CD8 T cell
L1_TGTAACGTCCACGAAT,Naive CD4 T cell
L3_CATTTCAGTGCCTGAC,CD56bright NK cell
E2L6_AGTACTGCAGCAGTTT,Memory CD4 T cell
E2L2_GAGGGTAAGGCCTAAG,CD161+ memory T cell
E2L8_GGCTTGGTCACCCTTG,Effector memory CD8 T cell
L5_ATTCCCGCATATACCG,Effector memory CD8 T cell
L1_TGCAGATCAGTTCACA,Effector memory CD8 T cell
E2L2_TATATCCTCTTCACAT,Naive CD4 T cell
E2L6_CATGAGTTCTTGTGCC,Effector memory CD8 T cell
E2L2_TACCGAAGTCAGGCAA,Naive CD4 T cell
E2L4_CGAGGCTCAGTGTGCC,CD56bright NK cell
E2L7_GACACGCAGTGCACCC,Memory B cell
E2L6_TTTCACACATCATTGG,CD14+ monocyte
E2L2_CGTAAGTAGCGAACTG,Memory B cell
L1_TGTTGGAAGTCGCGAA,Mast cell
E2L4_ACAAGCTGTGCCGAAA,CD1c+ conventional dendritic cell
L5_CACAGATTCACTTGTT,Memory B cell
L4_TATCTGTTCATCCTAT,Naive CD4 T cell
E2L5_ACGCACGAGTTTCAGC,Naive B cell
E2L7_GTCGTAATCACTCCGT,Memory CD4 T cell
L4_GACTTCCTCAGTCCGG,Activated T cell
E2L2_AACCATGAGAGCTTTC,Cycling NK cell
E2L2_TGATTCTAGTGAGGTC,CD1c+ conventional dendritic cell
L3_TTACAGGAGATAGCAT,Platelet
E2L5_TCATATCCAACCAATC,Effector memory CD8 T cell
L2_CCTCATGGTCCACGCA,CLEC9A+ dendritic cell
E2L2_AACCATGGTCTAGGCC,Memory CD4 T cell
E2L3_CGTTCTGCAATAGAGT,Naive CD4 T cell
L3_TATTTCGAGTTGAAGT,CD16+ NK cell
L5_AACCAACTCGGAAGGT,Memory CD4 T cell
E2L2_GAGTTTGAGGAGATAG,Naive B cell
E2L6_AGAAGTAGTCGGAAAC,Naive CD4 T cell
L4_ATGGGAGTCGGTGTTA,CD56bright NK cell
E2L4_GGGCGTTAGATTGTGA,Effector memory CD8 T cell
E2L8_AGACACTAGTTTAGGA,Naive CD4 T cell
L5_TTCACCGCACAGAGCA,CD161+ memory T cell
L2_ACAAGCTGTTCAATCG,Naive CD4 T cell
E2L2_ATCGATGCAGATACTC,Cycling NK cell
L5_TGTAACGTCAGACCTA,Naive CD4 T cell
L2_ACTTATCAGGTTAGTA,CLEC9A+ dendritic cell
L2_GCATGATCACTATCCC,Naive CD4 T cell
L1_AAGTTCGCAGGTGTTT,Memory CD4 T cell
L5_GACGCTGTCACCTGTC,Memory CD4 T cell
E2L8_GCCATTCGTCCCGCAA,CD161+ memory T cell
L5_GCTACAACACCGTGGT,CD1c+ conventional dendritic cell
L3_AGCCACGAGAGTCTTC,Effector memory CD8 T cell
E2L1_ATTTCTGTCCAGTACA,CD16+ monocyte
E2L2_TCCCACAAGCTAGATA,Effector memory CD8 T cell
L2_GCCATTCTCAACCGAT,Effector memory CD8 T cell
E2L2_GATTTCTGTCTGTGAT,Naive CD8 T cell
E2L7_TCGCACTTCACTTCTA,Plasmacytoid dendritic cell
E2L2_CGGCAGTTCTTCCGTG,Plasmacytoid dendritic cell
E2L2_GTCATCCTCGTAGAGG,CD1c+ conventional dendritic cell
L4_GTCATCCTCATTCCTA,Naive CD4 T cell
L4_ATCGGATTCTTGGTGA,Cycling NK cell
E2L8_TTCTAGTTCAGTCATG,Effector memory CD8 T cell
E2L1_TCTGCCATCAGGTGTT,Effector memory CD8 T cell
L4_CTACTATAGCCTATTG,Naive CD8 T cell
E2L3_CCGTGAGCAACCAGAG,CD16+ monocyte
E2L5_TCAGCAATCGTTAGTG,Mast cell
E2L3_TTCTTGAGTTTCCCAC,Effector memory CD8 T cell
E2L5_CTCCGATCAAATGGCG,Memory B cell
E2L7_CGTTGGGCAGAAGTGC,Erythrocyte
E2L4_ACCAAACGTCATCCCT,CD1c+ conventional dendritic cell
L2_CCGAACGGTACTGCGC,CD161+ memory T cell
L1_AGACAAAGTTCCTAGA,Naive CD4 T cell
E2L6_TCAGCAAGTGACTGAG,Cycling NK cell
E2L3_GTTTGGACACGCTGAC,Effector memory CD8 T cell
L3_CTAAGTGAGCGACCCT,Naive CD4 T cell
L5_TGGGATTAGCTTCTAG,CD16+ monocyte
L5_CGGAACCCAAGTGGAC,Naive CD4 T cell
E2L4_ACGGTCGTCGAGATAA,Platelet
L3_TACATTCTCCTTCGAC,Mast cell
L2_TTTATGCAGGGCTGAT,Memory B cell
L3_GTGCTTCCACGGTAGA,Mast cell
E2L7_CCCATTGAGCTACGTT,Plasmacytoid dendritic cell
L1_GTCTAGATCTCAGTCC,Mast cell
E2L2_TCCCACAGTTGGTAGG,Cycling NK cell
L1_TAACTTCAGCTCAGAG,Memory B cell
L1_TCTATCACATTCGATG,Naive CD8 T cell
E2L1_AAGTGAATCCGTGACG,CD16+ NK cell
L1_AATGACCAGTTGAAAC,CD1c+ conventional dendritic cell
L1_CCACGTTTCATTGCTT,Mast cell
E2L5_CTGCAGGGTATTCTCT,Plasma cell
L2_TTCCGGTCATAATGCC,Memory CD4 T cell
E2L7_TACGGGCGTAACATCC,Memory B cell
E2L5_ACACCAATCTTAGTTC,CLEC9A+ dendritic cell
E2L1_ATCGCCTAGATAGCAT,CD16+ monocyte
E2L6_CGTCCATTCTAACGGT,Naive CD4 T cell
E2L5_ATGCCTCAGGGATCTG,Memory B cell
E2L7_GTTGTGATCCGTACGG,Memory CD4 T cell
L4_GATCATGAGATACGAT,CD14+ monocyte
L3_TCGAAGTTCAGTGCGC,CD161+ memory T cell
L3_TTGGGTAAGAAATGGG,Naive CD4 T cell
E2L5_CTTCGGTTCTGACGCG,Naive B cell
E2L2_CGGGTGTAGGGACACT,Memory CD4 T cell
E2L6_GATCAGTTCGCCGAAC,CD16+ NK cell
L1_GCGTTTCCAGCGTAGA,Platelet
L3_TACCTCGCACTCAGAT,Naive CD4 T cell
E2L3_CCTCCAAAGGGACTGT,CD56bright NK cell
E2L5_GAAGGACAGTATTAGG,Effector memory CD8 T cell
L3_ATTCGTTAGTTCATCG,CD16+ monocyte
E2L3_GAGTCTAGTGTACGCC,Plasma cell
E2L7_GACTGATCAAACACCT,Plasmacytoid dendritic cell
L3_CCATCACAGACATAGT,Memory B cell
L4_TCCTTTCAGCCTGTCG,CD161+ memory T cell
E2L2_GGTAGAGTCCTTTGAT,Memory B cell
E2L8_TCATCATGTAGCCCTG,CD14+ monocyte
E2L4_ACTATGGGTCAAAGTA,Effector memory CD8 T cell
E2L2_GGAATGGTCACCGCTT,Cycling NK cell
E2L7_ACGATGTCACGCACCA,Naive B cell
L4_GTAGAGGTCAACTACG,Effector memory CD8 T cell
L2_CACTAAGAGAAGAGCA,Memory CD4 T cell
E2L3_CTGCGAGGTCCGACGT,Effector memory CD8 T cell
L3_ATTGTTCCATCGCCTT,Naive CD8 T cell
L1_TGCGACGAGTCTGCGC,Memory CD4 T cell
E2L7_TGCAGGCCACCCAATA,CD1c+ conventional dendritic cell
E2L2_TCGGGTGCATGCTGCG,Naive CD4 T cell
L2_TGCGGGTCACCCTCTA,Plasmacytoid dendritic cell
L4_GGAGGTAAGTCCCAGC,Cycling NK cell
L3_AGTACCACAGTAGAGC,Naive CD8 T cell
L3_GTCTGTCCATGTCAGT,CD16+ NK cell
E2L8_GTCAGCGAGCAGATAT,Naive CD4 T cell
L2_AAACCCAAGCCTGGAA,CD56bright NK cell
E2L3_CTATCCGTCATTGCTT,Memory CD4 T cell
E2L5_ATTATCCCAGCGTAGA,Effector memory CD8 T cell
L2_GGGACAACACAAAGTA,Cycling NK cell
L3_GTCTGTCCACATCATG,CD16+ monocyte
L3_AGGTTACAGGACAAGA,Naive CD4 T cell
E2L1_TCCTTCTGTTCTCCCA,CD16+ NK cell
L2_CCCTTAGCAACTGCCG,Effector memory CD8 T cell
L5_CATACCCAGGCACGAT,Effector memory CD8 T cell
L2_GAGAAATCAGTTCACA,Platelet
E2L7_GGTCACGCAGTTGAAA,Memory CD4 T cell
L2_ACGGTTAAGAAGTCAT,Cycling NK cell
E2L1_TGTCCCACAGCTGAAG,Effector memory CD8 T cell
E2L8_AGTCTCCTCAACGTGT,Platelet
E2L5_ACAAGCTTCCTACCGT,CD14+ monocyte
L1_ACCTGAAAGCATCAAA,Naive CD4 T cell
L1_TTATTGCAGTGGATTA,CD16+ monocyte
L2_CCACGTTGTCTACAAC,Cycling NK cell
L5_CTGCGAGCACCGCTGA,Plasmacytoid dendritic cell
E2L8_ACACGCGGTGGACTAG,Naive B cell
L1_CGCGTGACAGCACCCA,Naive CD4 T cell
E2L6_ACACTGAAGAAATTCG,Naive CD4 T cell
L1_CACCAAACATAATCGC,CD1c+ conventional dendritic cell
L4_GATGACTCAAGTTCGT,Cycling NK cell
E2L6_TGGGCGTTCGTCCATC,CD161+ memory T cell
L2_ACATTTCAGACTACCT,Effector memory CD8 T cell
E2L3_AAACGAATCATTTGCT,Cycling NK cell
L2_ATTTCACTCGTTGTTT,Memory B cell
E2L7_CATAGACAGGAACATT,CD16+ NK cell
L5_TGCTCCACATCGCCTT,Naive CD4 T cell
L2_TGCACGGTCTGCATGA,Activated T cell
L2_TTTGGAGCAATCTCGA,CD56bright NK cell
E2L8_TCCAGAACAACCGTAT,Naive B cell
L1_TGCGACGCATCCGCGA,CD16+ monocyte
L4_CGGGCATCAGCGTTTA,Plasma cell
E2L4_TACCCGTGTGATATAG,Naive CD4 T cell
E2L4_TACCCACTCGCGGTAC,Plasmacytoid dendritic cell
E2L1_TAGGTACCAGTCGAGA,Effector memory CD8 T cell
L1_CTACATTGTGAGATAT,Plasma cell
L2_GCAGGCTCATCAGTGT,Effector memory CD8 T cell
L5_GCCGATGCACAACCGC,CD14+ monocyte
L4_TAGACTGTCAAACGTC,CD161+ memory T cell
L3_TACCCGTAGAACGCGT,Plasma cell
L3_GTACAGTGTGCTGTCG,Naive B cell
E2L7_AAGCCATGTAACGATA,Effector memory CD8 T cell
E2L3_ATCCACCCATCATCCC,CD56bright NK cell
E2L1_ACGATCAAGGTTCTAC,Naive CD4 T cell
E2L2_ACAAAGAAGTTCCGTA,CLEC9A+ dendritic cell
L2_TCGACCTCACAATGCT,Naive B cell
L3_TGTAAGCAGCTGCGAA,Naive CD4 T cell
E2L6_ATCGTGAGTTGAGGAC,CD14+ monocyte
E2L6_ATGAGTCTCTGAGGCC,Naive CD4 T cell
L1_AAACGCTAGGTCGTCC,Effector memory CD8 T cell
L5_GGTGGCTCAATTGTGC,CD161+ memory T cell
E2L1_TCGCTCATCGGACAAG,Cycling NK cell
E2L6_TGTTCATTCTACCACC,Effector memory CD8 T cell
L3_ACTACGACAGAGCGTA,Memory B cell
E2L6_ATCCGTCTCGGATTAC,Memory B cell
L3_GTCATGAGTGTTCAGT,Naive CD4 T cell
L1_TAAGCACTCATCTGTT,Mast cell
E2L3_GTAGTACAGAAGAACG,Memory B cell
E2L2_AGACAAACACTCAGAT,Memory CD4 T cell
E2L5_ACCTGAAAGGTATCTC,Naive CD8 T cell
E2L8_GGGTGAATCCAGCTCT,Plasmacytoid dendritic cell
E2L4_TTGGATGCACTGCATA,CD161+ memory T cell
L2_AGACACTGTGTTAGCT,Plasma cell
E2L5_CCCATTGGTCGATGCC,Effector memory CD8 T cell
L1_AACAAAGCATATCTGG,Naive CD8 T cell
E2L3_ATCACAGTCCTGCTAC,CD14+ monocyte
L2_TGCATCCCACGTCTCT,CD14+ monocyte
E2L5_CACGTTCCAGCGGATA,Cycling NK cell
E2L7_AGTGTTGTCGGCTGGT,Plasmacytoid dendritic cell
E2L6_GTAAGTCCATGACTTG,CD56bright NK cell
E2L1_TGATGGTCAAGTTCGT,Activated T cell
E2L4_TACTGCCTCCAATCCC,CD1c+ conventional dendritic cell
E2L8_TGACGCGCATTCCTAT,CD14+ monocyte
E2L1_CTACGGGCAAGACGAC,Memory B cell
L4_GGGAAGTTCACCGGGT,Mast cell
L3_CTAACTTGTTTAAGGA,CD14+ monocyte
E2L7_TGACCCTGTACTGACT,Effector memory CD8 T cell
E2L7_GTGTTCCCATCTGCGG,CLEC9A+ dendritic cell
E2L1_TGAGGTTAGTTGTCAC,Memory CD4 T cell
E2L3_ATACTTCGTCGCACGT,Naive CD4 T cell
L4_AGAAGTAAGTGCAGGT,Plasma cell
E2L4_AGGAATATCAGGAAGC,CD16+ monocyte
E2L2_TTTACGTGTGGACTAG,Plasmacytoid dendritic cell
L4_CGAAGTTCAATCCTAG,Memory B cell
L4_TCATTACTCATAGGCT,Effector memory CD8 T cell
E2L3_TTTGGAGAGACGAAGA,CD1c+ conventional dendritic cell
L2_GAGGGTATCCAGCAAT,Mast cell
E2L4_AAGCGAGTCAGCATTG,CD16+ NK cell
L5_TTTCACAGTCCTGGGT,Plasmacytoid dendritic cell
L4_GCAACCGAGTTCCAGT,Mast cell
L5_GTTAGTGAGAGGCTGT,Memory CD4 T cell
E2L6_TCACTCGCACTGCGAC,Cycling NK cell
E2L1_GATGAGGTCACTTTGT,Platelet
E2L5_CAACAACCACATACGT,Memory B cell
L2_ACTTAGGGTCAGTCTA,Memory CD4 T cell
L2_CCGGACAAGTAGGTTA,CD16+ monocyte
L1_ACTCTCGAGCATGCAG,Memory CD4 T cell
L4_ACCCTCATCACCGGGT,Memory CD4 T cell
L3_GGTAACTAGGATTCAA,CD14+ monocyte
L4_GGACGTCCATGACCCG,Effector memory CD8 T cell
E2L3_CGGAACCAGAGCGACT,CD161+ memory T cell
E2L6_TCCCACAAGACATACA,Effector memory CD8 T cell
L1_TCATCCGAGTCGCGAA,Erythrocyte
E2L8_CATGAGTGTTACTCAG,CD1c+ conventional dendritic cell
L5_TCGACCTCATCACAGT,Effector memory CD8 T cell
E2L8_ATCGATGTCCGACGGT,CD16+ monocyte
L5_AAATGGATCTAGTACG,CD14+ monocyte
E2L6_AGGAGGTGTCTAATCG,Plasmacytoid dendritic cell
L5_ACCCTCAAGAGGCGTT,Mast cell
L4_ATCGTCCTCAGCACCG,Naive CD4 T cell
E2L8_GTTGCTCCAGAACGCA,Memory B cell
E2L2_ACCATTTGTATTCTCT,Naive CD4 T cell
L5_TATTCCATCTTTCTAG,CLEC9A+ dendritic cell
E2L6_ACTGTGAAGAGTTCGG,Plasmacytoid dendritic cell
E2L7_GACGTTACAGCTTTCC,Memory CD4 T cell
E2L5_TTTGTTGGTAGGCAGT,Effector memory CD8 T cell
E2L8_GATCATGAGTAAACAC,Effector memory CD8 T cell
L2_TCGGATACATACCGTA,Naive CD4 T cell
E2L8_TCATGTTAGGAGGGTG,Memory B cell
E2L1_CGTTGGGCATGGCCCA,Effector memory CD8 T cell
L3_GTCAAACCAGGGAATC,Naive CD4 T cell
L2_TATTGCTAGGTACTGG,Naive CD4 T cell
E2L8_ACAAGCTTCTAAACGC,Effector memory CD8 T cell
E2L7_ATACTTCGTCCCGTGA,Cycling NK cell
E2L8_TCGCTCAGTGTCTTAG,Naive CD4 T cell
E2L6_ATCATTCTCTGGCCTT,Effector memory CD8 T cell
E2L3_TTTACCAGTTGTGTTG,Effector memory CD8 T cell
E2L7_GACCGTGAGAAGCCAC,CD1c+ conventional dendritic cell
L2_TCCACCACAGACGGAT,CLEC9A+ dendritic cell
L2_TGGGAGACATCGGCCA,CD14+ monocyte
L5_CCACCATCAATACCCA,Plasmacytoid dendritic cell
E2L3_TCATCCGGTTATGGTC,Plasmacytoid dendritic cell
L2_ATCGTCCTCTGGGAGA,Memory CD4 T cell
L5_ACTTCGCGTGCCTTTC,Memory CD4 T cell
E2L5_TCGAAGTCAGGATCTT,Memory CD4 T cell
E2L5_ATTACCTAGGTTGCCC,Memory B cell
E2L8_GTACAACAGAAATTGC,Cycling NK cell
E2L8_AAGGAATTCGGAATGG,Memory B cell
L2_CGCATAATCCTGTAAG,Cycling NK cell
E2L8_TTCCTTCCAATTTCTC,Memory B cell
E2L2_TCAAGTGGTCCTGGGT,Plasma cell
E2L1_TGCATGAAGGACCCAA,CD16+ monocyte
L5_GAACACTAGCACTGGA,CLEC9A+ dendritic cell
E2L4_TGCAGTATCGCGTGAC,Erythrocyte
E2L3_ACAGGGATCTGCGGAC,CD1c+ conventional dendritic cell
L3_ATAGGCTGTACCTAAC,Memory CD4 T cell
L1_CAAGCTAAGTGCAGCA,Erythrocyte
E2L7_GGCTGTGTCGAACACT,Memory B cell
E2L8_ACTTCGCGTTAGGCTT,Effector memory CD8 T cell
E2L2_CTGGACGGTTGGGATG,Memory CD4 T cell
E2L8_CACCAAAGTGCGGTAA,Memory CD4 T cell
E2L6_CGTGCTTGTGAATGAT,Plasma cell
E2L8_GGAAGTGGTCAGTCCG,Cycling NK cell
L3_TTCCACGTCTTCTAAC,Naive CD8 T cell
L4_GTTAGACGTATTTCCT,Mast cell
E2L6_GTGCACGGTATGGAGC,Naive CD8 T cell
L1_AGAAGCGAGATTAGTG,Memory B cell
E2L1_TGTGTGAGTCGTGTTA,Naive CD4 T cell
L4_TCACATTAGTTTCAGC,CD1c+ conventional dendritic cell
E2L1_GACCGTGGTAAGATCA,CD1c+ conventional dendritic cell
E2L7_GCATGATCACTACAGT,CD1c+ conventional dendritic cell
E2L8_CTGAGGCTCAGGTAAA,Cycling NK cell
E2L5_GTGCGTGGTTCGGCTG,CD1c+ conventional dendritic cell
E2L7_TTTAGTCTCTCCATAT,Naive CD8 T cell
L2_CCTTGTGGTTCATCGA,Mast cell
E2L6_ACAAAGAAGAAGAGCA,Naive CD8 T cell
L5_CTGCCTAGTGTTTACG,Plasma cell
E2L6_AAAGGATCACAAGTTC,Cycling NK cell
E2L1_CCCTGATGTCAGGAGT,Memory CD4 T cell
E2L7_GGTTGTACAACAAGAT,Plasmacytoid dendritic cell
E2L7_CCGGGTATCCTTCTGG,CD1c+ conventional dendritic cell
E2L6_AGCGATTAGTGATTCC,Memory B cell
L5_GCAGTTATCCGGACTG,CD16+ monocyte
L5_CCTCTCCAGCTTCGTA,CD16+ NK cell
E2L5_AGAAGCGCAATGTGGG,CD161+ memory T cell
E2L3_TCTCAGCCAGCTGAGA,Cycling NK cell
E2L2_CGTCCATTCTGAGATC,CD14+ monocyte
E2L1_GAATCGTGTTGTACGT,Plasma cell
E2L3_GAATCGTCAGAAACCG,Cycling NK cell
L5_GTTGTAGCACCCTTAC,Plasmacytoid dendritic cell
E2L8_AGTAACCTCGCTGTCT,Memory B cell
L1_CACGGGTGTATCTCGA,Mast cell
L2_GCCAACGGTGGCTCTG,CD56bright NK cell
E2L2_GTAGATCCACTTGACA,CD16+ monocyte
L2_GGGTGAAAGGTTTGAA,Cycling NK cell
L1_GTAAGTCCAAGTGCAG,CD1c+ conventional dendritic cell
L1_GGTAACTAGGATGTTA,Effector memory CD8 T cell
E2L5_TTGAGTGCAATTGCCA,Naive B cell
E2L6_GAAGCGACACCGTCGA,Memory B cell
L1_CGTTCTGAGGCAGGTT,Cycling NK cell
L2_GAGAAATTCTCTATGT,Memory B cell
L4_GAAACCTTCCATGATG,Effector memory CD8 T cell
L1_AAGCATCTCGCGTGAC,Effector memory CD8 T cell
E2L7_CTGCATCCACAAGGTG,Naive CD4 T cell
E2L6_CTATAGGTCCTACAAG,CD56bright NK cell
E2L2_GGAATCTGTCCGAAAG,CD1c+ conventional dendritic cell
L1_TTAGGCATCAGCCTCT,Memory CD4 T cell
L2_CATTTCATCCAACCGG,Naive CD4 T cell
E2L7_CGGGTCATCTCAAAGC,Effector memory CD8 T cell
E2L6_GTGGAAGCACTCACTC,Memory CD4 T cell
L2_TTCGATTCAATCGTCA,CD56bright NK cell
E2L1_TCTTTGATCGTGGGTC,CLEC9A+ dendritic cell
L3_CTCCAACCACCGCTGA,Naive CD4 T cell
L3_AGCGCCAGTGCTGCAC,Cycling NK cell
E2L7_GGGTGAATCTTCCAGC,Cycling NK cell
E2L1_AACTTCTAGACTCTAC,CD16+ monocyte
E2L4_GCTACCTTCCAAGCAT,CD56bright NK cell
E2L3_AGTAGCTTCACGGAGA,CD16+ NK cell
E2L6_CGTGATACAGGTTCCG,CD1c+ conventional dendritic cell
L4_CGATGCGAGTGGTTGG,Memory B cell
L1_GACTATGGTGGTTTGT,Activated T cell
E2L2_CATGAGTCACAAAGTA,Memory B cell
L5_CTATCCGTCCTTGAAG,Naive CD4 T cell
E2L3_CTCAATTCATAGGCGA,Naive CD4 T cell
E2L4_AGCGATTAGATTGCGG,Naive CD8 T cell
L2_CCGATCTCACGAGGAT,Memory CD4 T cell
E2L3_GCGTGCAAGCGGGTAT,Platelet
L4_ACCTACCTCCGGCAGT,Naive CD4 T cell
L3_AGCATCACAACCCTAA,Naive CD4 T cell
E2L7_GCCGTGAGTTTGGGTT,Cycling NK cell
L4_AACGTCAAGTATGAAC,Naive CD8 T cell
E2L6_AGCCAATCAGAAGCGT,Memory B cell
E2L5_TCTTTGAAGGTTCCAT,CLEC9A+ dendritic cell
L3_AGTCACACACCAGCTG,CD56bright NK cell
L1_ACGGTTAGTCAGTCGC,Plasma cell
L2_CACACAATCCTACACC,Naive CD8 T cell
E2L1_AGGGCTCTCAACCTCC,Naive CD4 T cell
E2L1_CCCGAAGGTATTAAGG,Naive B cell
L5_CCACAAACAGCCATTA,Effector memory CD8 T cell
L1_ATCACTTGTTGAATCC,Memory CD4 T cell
E2L3_TGCAGTAGTGTTTCTT,Naive B cell
E2L6_TCAGGGCCAACAAGAT,Plasma cell
E2L3_AGCCAATGTATGAGCG,Platelet
E2L8_CATGCAATCGAGTACT,Plasmacytoid dendritic cell
E2L8_TTCCTAACAGTCGCAC,Memory CD4 T cell
L4_GGGCGTTGTTACGATC,CD1c+ conventional dendritic cell
L5_GTCGAATGTGCCTTCT,Mast cell
L3_GAAACCTGTTACAGCT,Naive CD4 T cell
E2L2_AGGATAATCGACCACG,CD14+ monocyte
E2L3_GCTACAATCCCGAACG,Plasma cell
L5_ATGTCCCGTTGCTGAT,Cycling NK cell
L2_ACGTTCCCAGGTCCGT,Plasmacytoid dendritic cell
L1_ACCCTCACAAGAGTGC,Memory CD4 T cell
E2L3_AGATGCTAGTGCACAG,Effector memory CD8 T cell
E2L8_GTTGTAGAGCGCATCC,CD14+ monocyte
E2L8_GTGATGTGTCTAATCG,Cycling NK cell
L1_ACTTTGTCAAGCACAG,Naive CD8 T cell
E2L2_GGTCTGGCATAATCGC,Naive CD4 T cell
E2L8_TTCCTCTGTCCATCTC,Memory CD4 T cell
L5_AGGGTGAAGTTGCTCA,CD161+ memory T cell
E2L1_ACAAAGACAGAACTAA,Memory CD4 T cell
E2L3_TCCCACAGTGGCCCAT,Memory CD4 T cell
E2L6_GAATCACAGGGCGAAG,CD1c+ conventional dendritic cell
E2L6_CCTCCAATCCCATACC,CD16+ NK cell
L2_TAACCAGAGCCTTTCC,Cycling NK cell
E2L1_CCAAGCGGTTTCCCAC,Cycling NK cell
E2L4_GTGATGTCAATGACCT,Cycling NK cell
L3_AATGGAAAGTGGTCAG,Erythrocyte
E2L7_CACTGGGCAGCGGTTC,Naive CD4 T cell
L1_TGGAACTTCACGATCA,CLEC9A+ dendritic cell
L2_TTGACCCGTCTTGAGT,Memory CD4 T cell
E2L3_GTGCTGGGTATGGAAT,Plasmacytoid dendritic cell
E2L1_ATAGACCTCGCCGAGT,CD16+ NK cell
E2L8_GCGGAAACATGTGGTT,Memory B cell
E2L5_TCCTCTTAGGGCAGAG,Naive CD8 T cell
E2L8_GGCAGTCAGAGGTATT,Memory B cell
L1_ACCATTTAGCCTTTCC,CD161+ memory T cell
E2L2_CCTAAGAGTACCCACG,Memory B cell
L3_ACGTCCTCATCCGTGG,Cycling NK cell
E2L2_CTTCCGATCGATTGAC,Memory CD4 T cell
E2L5_CTCCATGTCCTCACCA,Memory CD4 T cell
L1_GGTGTCGTCTCGGTAA,Naive CD4 T cell
L5_GTGTCCTCAATAGTGA,Naive CD4 T cell
L5_CCTCAGTCATCCTAAG,CD16+ NK cell
L1_TTCACCGTCAGCGCGT,Naive CD4 T cell
E2L3_ATCGGCGTCACTTTGT,Naive CD4 T cell
L5_GAGGCAAAGGTACATA,Mast cell
L2_TTCACCGGTGCGGATA,Effector memory CD8 T cell
E2L7_GGATCTAAGATTGGGC,CD1c+ conventional dendritic cell
L5_AGTAGTCTCATAAGGA,Memory CD4 T cell
E2L3_AGACCATCAAGCCCAC,CD56bright NK cell
L5_AATTTCCAGGCCTTGC,Memory B cell
E2L8_CCATCACAGGCGACAT,CD1c+ conventional dendritic cell
E2L6_GAATCGTCACTCCGGA,Plasmacytoid dendritic cell
E2L1_TACTTACGTGTTTCTT,Effector memory CD8 T cell
E2L8_CTGATCCAGTCATGAA,Cycling NK cell
L1_TGGGAAGTCATGCTAG,Plasmacytoid dendritic cell
E2L2_CTCAACCAGATGTTAG,CD1c+ conventional dendritic cell
E2L7_GAGTTTGTCGCCAACG,Memory CD4 T cell
E2L4_GGGATGATCCGTCACT,CD161+ memory T cell
L5_GGTAACTGTGTATTCG,CD1c+ conventional dendritic cell
E2L2_AGAAGCGGTTAAGAAC,Naive CD4 T cell
E2L5_CTCATCGCACTTCAAG,Naive CD4 T cell
E2L3_TTCATTGAGTTACGAA,Memory CD4 T cell
E2L1_CCTCATGAGACGACGT,Plasmacytoid dendritic cell
E2L2_TCAGCCTTCTTGCAGA,Naive B cell
E2L8_TGCATGAAGAGCAGCT,Effector memory CD8 T cell
L1_AGATGAACAGTTACCA,Naive CD4 T cell
E2L7_CTTGATTTCTTTGATC,Effector memory CD8 T cell
L4_GTGCTTCTCAGGAAAT,Naive B cell
L4_ATTCCTATCAGTAGGG,Cycling NK cell
L5_TGGATCAAGAGGCGGA,CD16+ monocyte
L5_GTCTAGAAGCAATTCC,Effector memory CD8 T cell
L1_CTCAACCTCCAAATGC,Naive CD4 T cell
E2L8_CTCATTATCGGAATTC,Memory B cell
E2L7_GAATCGTTCTGTCGTC,Plasmacytoid dendritic cell
L4_CCTCATGAGCGTCAAG,CD56bright NK cell
L2_TTCAATCAGCACTTTG,Naive CD8 T cell
L5_CTGCTCAAGGCGATAC,Cycling NK cell
E2L8_CGTTGGGTCCGCCTAT,Naive CD4 T cell
E2L1_GCTGCAGTCCTACCGT,Memory B cell
L2_CATAAGCGTATACCCA,Memory CD4 T cell
L4_CCACTTGGTTGTACGT,CD161+ memory T cell
E2L1_GAGAAATAGTCAATCC,Memory CD4 T cell
E2L3_CCAAGCGCACCCTAAA,Activated T cell
E2L8_CCTATCGCAGAACATA,Memory B cell
E2L2_CGCAGGTGTACTGAGG,CLEC9A+ dendritic cell
E2L4_TTTCACAGTGTATTGC,CD16+ NK cell
L2_CAACCTCGTGGCAGAT,Naive CD4 T cell
L3_GCGGATCTCGGATAAA,Effector memory CD8 T cell
E2L2_GGTAACTCATCATCTT,Naive B cell
L2_ACGTCCTGTAATGTGA,CD161+ memory T cell
L2_TTTAGTCAGGCGAAGG,Naive CD4 T cell
L3_AGTTCGACAGGGAATC,Effector memory CD8 T cell
L1_GGAGGTACACCCAAGC,Plasma cell
E2L8_TACAGGTAGGATGTTA,Plasmacytoid dendritic cell
L4_CTCAGAATCGTTCGCT,Cycling NK cell
L3_ACATGCACAAGTGGCA,Memory CD4 T cell
L4_CGGGTGTAGAGTGGCT,CD1c+ conventional dendritic cell
L5_ACATCCCTCCTTCGAC,Naive CD4 T cell
E2L5_CGAATTGAGGATTACA,Plasma cell
E2L2_GTGCTGGAGTACAGAT,Effector memory CD8 T cell
L3_TTACAGGTCGTTCATT,Naive CD4 T cell
L4_ATGAAAGGTGTTTACG,Naive CD8 T cell
E2L5_TACCTGCAGTCTCCTC,Naive CD4 T cell
L1_TTTGACTTCGATTGGT,Plasmacytoid dendritic cell
E2L2_CACACAATCTTTGCGC,Naive B cell
E2L2_GTTACGATCGTAGGAG,Effector memory CD8 T cell
L2_GGTTAACGTCTTCGAA,Memory B cell
E2L1_CCATAAGCACTGAGTT,Platelet
L1_TTGCCTGGTTGGCTAT,Mast cell
L3_TCCTCTTGTAGTTAGA,Naive CD4 T cell
L3_TGATCTTGTTAGTTCG,Naive B cell
E2L6_GACCCAGTCTGCTGAA,Naive CD4 T cell
L4_AAGCATCGTAACTGCT,Plasmacytoid dendritic cell
E2L6_ACTATCTAGACTTAAG,Effector memory CD8 T cell
L1_ACACTGAAGTCCCAAT,Naive CD4 T cell
E2L3_GCAACCGCATCGATAC,Cycling NK cell
L2_AACAAAGGTGATTAGA,Memory CD4 T cell
L5_ATTCATCAGAGCCCAA,Mast cell
L4_CTCAGAAAGTCGGCCT,Naive CD4 T cell
L2_ATAGAGAGTGCCCTTT,Naive CD4 T cell
E2L3_AGACAAACATTCCTCG,CD56bright NK cell
L1_TGATCAGAGTAAACAC,CD1c+ conventional dendritic cell
E2L6_TCTACCGAGAAGGCTC,Memory CD4 T cell
L1_GCAGCTGGTAGTGGCA,Erythrocyte
E2L1_GACAGCCGTGATGAAT,CD161+ memory T cell
L1_CGTCCATGTTCCTAAG,Naive CD4 T cell
E2L7_TCGTAGAAGATCCGAG,Memory CD4 T cell
L4_GTTGTGAGTTCGTAAC,CLEC9A+ dendritic cell
E2L7_TTGCATTGTTTCCCAC,Naive CD4 T cell
L2_TGCGGGTAGCAACAAT,Effector memory CD8 T cell
E2L3_GAGTGTTAGAAGTCTA,Naive CD4 T cell
E2L6_CCTAAGAGTTCCCACT,CD14+ monocyte
L2_CGCGTGAGTGGTCCCA,Effector memory CD8 T cell
E2L7_GATGACTAGGTAAACT,CD14+ monocyte
L1_GAAACCTTCTACTGAG,Naive CD8 T cell
E2L7_CTCAGGGCATACAGGG,Naive CD4 T cell
E2L8_GACTATGAGCGTTCAT,CLEC9A+ dendritic cell
E2L8_ACGTACAAGTGGTCAG,Naive B cell
E2L3_TCAAGACAGCAAATGT,Naive CD8 T cell
L3_GCGTGCACAAGACAAT,CD14+ monocyte
E2L1_TCTTAGTAGGACAGTC,CD161+ memory T cell
E2L8_CCTATCGAGTCGAGGT,Cycling NK cell
L4_ATCCATTTCCCTATTA,Naive CD4 T cell
E2L8_GGCTTGGTCAAGTAAG,Activated T cell
L2_TTGGGATCACAATTCG,Naive CD8 T cell
E2L6_ACTGCAATCATACGAC,Memory B cell
E2L8_GTGTGATGTTGCGGCT,Plasmacytoid dendritic cell
E2L6_AGCGCTGGTGACACAG,Memory CD4 T cell
L2_CGAAGGAGTCGCATGC,CD16+ NK cell
L5_TAATTCCAGTCATCGT,Memory B cell
E2L1_TATATCCAGCTAATCC,Effector memory CD8 T cell
L1_CGCATAACAGAGTCAG,Mast cell
E2L2_TGTGCGGGTTCCCACT,Effector memory CD8 T cell
E2L6_TCATTACAGTAATACG,Naive CD4 T cell
L4_TACCGAAAGGCATCGA,Memory CD4 T cell
E2L4_TCCTCCCAGCGTTAGG,Platelet
L3_CGTAAGTCAATAGTGA,Mast cell
L1_CACTGTCAGCTCCACG,Memory B cell
E2L3_TCCTAATAGACTGTTC,Memory CD4 T cell
L2_TTCATTGTCTAGCAAC,Effector memory CD8 T cell
L4_TTGTTGTCAGGATCTT,Plasmacytoid dendritic cell
E2L5_CACAGATGTCTACACA,Plasma cell
L2_TGCAGTAGTTTGACAC,Mast cell
E2L1_TGTCCCAGTTGCGGCT,Effector memory CD8 T cell
L3_GATGCTACAAGCGAAC,Effector memory CD8 T cell
L2_ACCTGAAGTGCAACGA,Plasmacytoid dendritic cell
L2_ATTCGTTGTAGCTTAC,Naive CD4 T cell
L3_TTCCGTGAGGAGCTGT,Memory CD4 T cell
L4_GCACTAACAGTTGAAA,Plasma cell
L1_AGCCAGCTCATCGACA,Platelet
E2L7_GCAGGCTAGGAGGGTG,Plasmacytoid dendritic cell
E2L1_GAAACCTGTGCCGAAA,CD14+ monocyte
L4_AGCGCTGAGGAGAATG,Naive CD4 T cell
E2L4_TACTTACAGTGGTTAA,CD1c+ conventional dendritic cell
E2L4_GAACGTTCAGACCAGA,Naive CD4 T cell
E2L7_ATCTTCAAGCAGCCCT,CD14+ monocyte
L3_TCACAAGAGTCACTCA,CD16+ NK cell
E2L1_CTCCACACATGGCGCT,Naive CD4 T cell
E2L4_GCTACAAAGCAGCCCT,Plasmacytoid dendritic cell
L4_ACGGTTACACTAGTAC,CD14+ monocyte
L4_TTTAGTCAGGGATCTG,Naive CD4 T cell
L3_GCCTGTTGTCACCGAC,Memory CD4 T cell
L2_TTCTAGTAGAGTAACT,Mast cell
L5_CCTCATGCAGATCATC,Mast cell
E2L3_ATGAGTCTCTCCCTAG,Cycling NK cell
E2L4_AAAGGATTCGTGGGAA,Naive B cell
L3_CTGAGGCTCCATAGAC,Effector memory CD8 T cell
L2_TCTAACTAGTGGTGAC,Effector memory CD8 T cell
E2L3_GAAGGACTCCGAAGGA,CD14+ monocyte
E2L5_TGCGACGCACGAAAGC,Effector memory CD8 T cell
L5_GGAGCAAGTGTAGTGG,Naive CD4 T cell
L2_AAGGTAAAGAGCAAGA,CD161+ memory T cell
E2L3_TGTAGACCAAACTAAG,Platelet
L2_TCACGGGTCACACCCT,Naive CD4 T cell
L1_GCATCGGCATGGGTCC,Memory CD4 T cell
E2L5_CTCATTATCTTTACAC,Platelet
E2L6_AGAACAAGTCGCCACA,Mast cell
E2L4_AGTTCCCAGGTTAGTA,CD16+ NK cell
L4_CTGAGCGTCAGACAAA,CD16+ monocyte
L3_AACGGGATCGTTAGAC,CD16+ monocyte
L2_TTGACCCTCCGACATA,Plasma cell
E2L1_GATTCGAGTGACACGA,CD56bright NK cell
E2L4_GAACTGTTCCGACATA,Cycling NK cell
E2L1_CATCCCAGTCGAGATG,Plasmacytoid dendritic cell
E2L5_CTCCGATCAGTAGAAT,Naive CD4 T cell
L5_CTAACTTAGCTAAACA,Cycling NK cell
L5_GAACACTCACATTACG,CD1c+ conventional dendritic cell
E2L2_GTAAGTCAGCCTTCTC,Effector memory CD8 T cell
E2L6_CCACCATAGTTTGAGA,Memory B cell
L2_CCTTTGGTCTGGACCG,Erythrocyte
L3_ACGCACGTCTTTCGAT,Platelet
L4_AGATCCAAGCATAGGC,CD16+ NK cell
L5_CTCTGGTCACACTTAG,Effector memory CD8 T cell
L3_CATCAAGAGCGGATCA,Naive CD4 T cell
L4_TACGTCCAGGTGGGTT,Naive CD4 T cell
E2L6_CTCCCTCGTGCACATT,Effector memory CD8 T cell
E2L2_AGATGAATCGTGCACG,Memory B cell
E2L4_ATTCATCTCCGTCAAA,Naive CD4 T cell
L3_GACGTTAGTTCAAACC,Mast cell
E2L4_GTAGTACAGTATGAGT,Cycling NK cell
E2L8_TGGAGAGAGACTAAGT,Effector memory CD8 T cell
L5_TTGCATTGTCGTCTCT,CD1c+ conventional dendritic cell
L1_CTGCCATCAGAGCTAG,Mast cell
E2L2_TTCTAGTTCAACTTTC,Cycling NK cell
E2L1_TTGTTCAAGGTAGATT,CLEC9A+ dendritic cell
L4_GTCACTCCATCTCATT,CD1c+ conventional dendritic cell
L4_TAAGTCGAGAGCATTA,CD161+ memory T cell
E2L8_TGCACGGTCCACCTGT,Naive CD4 T cell
E2L8_CTGGTCTTCACCTCGT,Plasmacytoid dendritic cell
L1_TCCTCCCTCAGTGTTG,Naive CD4 T cell
E2L2_ATCGTCCTCCAGCTCT,Effector memory CD8 T cell
E2L3_CAGATCACAGATCATC,CD14+ monocyte
E2L8_GAGAGGTAGTAGAATC,Naive CD8 T cell
E2L6_GTCACGGTCCTTGAAG,Erythrocyte
E2L1_CGTTAGATCTAGGCCG,Activated T cell
E2L7_ATCCCTGGTGCGGATA,Cycling NK cell
E2L8_GATCACATCTAGGAAA,Memory B cell
E2L6_TAGGAGGAGATGTAGT,Naive B cell
L4_TTTAGTCCACTATCGA,CD161+ memory T cell
E2L1_TACCTCGGTTGGCCTG,Platelet
L5_AGTCACATCCGTATAG,Platelet
L4_TCGGATAAGGGCGAGA,CD16+ monocyte
E2L6_AGGGTGAAGAGCACTG,Naive CD4 T cell
E2L6_AGCGATTGTATGATCC,Naive B cell
E2L6_CCACGAGAGAATCGCG,Platelet
E2L5_ATTTACCTCCCTGTTG,Memory CD4 T cell
L4_CTGCTCAAGATAGTGT,Effector memory CD8 T cell
E2L6_CTAGACACAGGCGTTC,CD56bright NK cell
L4_GAGAAATGTTAGGACG,Memory CD4 T cell
E2L4_GGCAGTCCATGAAGGC,CD14+ monocyte
L5_ATCTTCATCTCATTGT,Naive CD4 T cell
L4_GGGCTACAGACCAGAC,Plasmacytoid dendritic cell
L3_CGGGCATCACAATGCT,Naive CD4 T cell
E2L5_ACGTCCTTCAACGTGT,Plasmacytoid dendritic cell
L1_AGTACCAGTCCGGACT,Effector memory CD8 T cell
L3_GTGTAACCATAGATCC,Cycling NK cell
E2L5_TCGGGACCATGCCGAC,Plasmacytoid dendritic cell
L2_TTGCTGCAGAGCGACT,Naive CD4 T cell
E2L7_TGCCGAGAGTGAATAC,Naive B cell
L2_TTTACGTGTTCCTAGA,Plasma cell
L5_CATACTTGTAGGATAT,Naive CD4 T cell
E2L8_TAGGTTGGTTCAGGTT,CD16+ NK cell
L1_GCATCGGGTAACTTCG,Plasma cell
L4_TGGATGTTCTCAACGA,Erythrocyte
E2L2_GGGACCTGTAGACAGC,Plasma cell
L2_CTCAATTTCAACGAGG,Naive CD4 T cell
E2L2_GAGTCATTCTCGACGG,Naive CD4 T cell
L5_AACCACACAAGATCCT,Naive CD4 T cell
L5_CTATAGGAGATAGCAT,Effector memory CD8 T cell
L5_CCATAAGCACGACTAT,Naive CD4 T cell
E2L7_TTATTGCAGAGGCGTT,Cycling NK cell
E2L6_GTAGTACTCATTACGG,Cycling NK cell
E2L4_CTCTGGTAGGACGCAT,CD16+ monocyte
L2_GGGAGATCAGTCTACA,Mast cell
L2_GACCGTGAGCGTGTTT,Memory CD4 T cell
E2L2_GTGAGGAGTGCTCTCT,Memory CD4 T cell
E2L2_CGTGCTTAGATGCAGC,Memory CD4 T cell
L5_AAACCCAAGGATGGCT,Plasma cell
L5_TCTTAGTCATACGCAT,Plasma cell
E2L4_ATCCATTCATGGTACT,Cycling NK cell
L2_AATGGAATCGTCGCTT,Memory CD4 T cell
E2L6_AGTCACACACAGAAGC,CD14+ monocyte
E2L1_TTGGGATTCGCTCTCA,Platelet
E2L7_AACGAAAAGTGCCTCG,Memory CD4 T cell
E2L7_ACGGTTAGTCTACGAT,CD16+ monocyte
L4_GCCAACGGTAAGCGGT,CD16+ NK cell
L5_ACTGATGTCGTGTTCC,Cycling NK cell
E2L7_CGTGCTTCAAATGGTA,Memory B cell
E2L4_TGAGCGCTCGCCACTT,CD16+ NK cell
E2L5_TACGTCCAGAGTTGTA,CD1c+ conventional dendritic cell
L2_TCCTTTCCATCTCATT,Cycling NK cell
E2L8_GAGTCATCAACTCATG,Effector memory CD8 T cell
L4_GAACTGTCAAATACAG,CLEC9A+ dendritic cell
E2L8_TCGTGGGCACAAGGTG,Memory CD4 T cell
L4_TCATTGTAGGTCGTCC,Naive B cell
L4_TTCCGGTTCATCGGGC,Cycling NK cell
E2L3_CACGTTCCATCACCAA,CD16+ monocyte
L2_TGCTCCAGTGCGTTTA,Naive CD4 T cell
L2_CGTAGTATCCATTGGA,Naive CD4 T cell
L3_GTAGATCGTTTCGTGA,Effector memory CD8 T cell
L1_CGTTGGGGTCATTCCC,Plasmacytoid dendritic cell
E2L7_GACTTCCCATGGCTGC,Memory CD4 T cell
L5_CATCGTCCATGGGCAA,CD16+ NK cell
E2L7_ATCGTGAGTGAATGTA,Mast cell
E2L7_AGGGTGACAAAGACGC,Memory CD4 T cell
L5_ATGAGGGTCACTGGTA,Naive CD4 T cell
E2L5_CAACCAACACATACTG,Plasma cell
L3_GAAGAATAGAGCCGTA,Naive CD4 T cell
L5_CATTGCCTCTGCGATA,Memory CD4 T cell
E2L7_GAAGAATGTGGCCTCA,CLEC9A+ dendritic cell
E2L4_GGTAGAGGTTGCATCA,Memory CD4 T cell
E2L8_CTTCTCTCATCCGAAT,Cycling NK cell
L5_GTTCCGTCAGCGTATT,Erythrocyte
L4_TCATTTGAGCGAAACC,CD161+ memory T cell
E2L1_GTCACTCGTGTTAAAG,Plasmacytoid dendritic cell
L4_ATGGATCCATAAGATG,CD1c+ conventional dendritic cell
E2L7_CATTGAGAGGCACAAC,CD14+ monocyte
L4_CATTCTAGTCCCAAAT,Plasmacytoid dendritic cell
L3_GGTTGTAAGTGTCATC,CD16+ monocyte
L5_CACGAATAGGATTCAA,Mast cell
E2L6_AGGGCCTCACACCTAA,CD16+ NK cell
L3_ATTATCCTCTACACTT,Memory CD4 T cell
E2L5_CCCGAAGAGCCTGTGC,Memory B cell
E2L7_CATACTTCATCTCAAG,Naive CD4 T cell
E2L7_GGTGAAGAGCATGGGT,Naive CD4 T cell
E2L3_TCATTGTCAGAGTGAC,Effector memory CD8 T cell
L4_GATGACTTCGGACGTC,Memory CD4 T cell
E2L6_CATACAGAGCTGTTCA,Memory B cell
E2L2_TCCAGAACAGCGGTTC,Memory CD4 T cell
E2L7_CTGAGGCTCCATTCAT,Mast cell
L2_TATCAGGTCGTCCTTG,CD1c+ conventional dendritic cell
E2L2_ACGTAACTCAAAGACA,Plasma cell
L2_ACACCAAGTTATAGAG,Memory CD4 T cell
L3_GACCCTTGTCGGTACC,CD16+ NK cell
L4_AGCCAATGTACAGAAT,Memory CD4 T cell
E2L1_CAGGGCTCATAGGTTC,Cycling NK cell
E2L7_GTGAGCCTCCCGGTAG,Naive B cell
E2L4_AGCCAGCCAAGTGGAC,Plasma cell
E2L5_CATGCGGAGTCGCCAC,CD16+ NK cell
L5_TGAGCATAGTCCCAAT,CD16+ NK cell
E2L2_TTGACCCCACGGCTAC,Plasma cell
L5_ATTATCCTCAACTCTT,CD161+ memory T cell
E2L4_CTCCACACATGGCTGC,Memory B cell
L5_TATTTCGAGCGGTAAC,Naive CD4 T cell
E2L7_GTTTACTCATTGAAGA,CD1c+ conventional dendritic cell
L4_TTTCCTCCACAGTCAT,CD16+ monocyte
L4_CATAGACTCTCTTGCG,Erythrocyte
L4_AGCATCACAAATTGCC,Naive CD4 T cell
E2L3_ACAAAGAGTCGTGATT,CD161+ memory T cell
L4_GCCGATGTCAACCGAT,CD1c+ conventional dendritic cell
E2L7_CCTCTCCGTTACGTAC,Memory CD4 T cell
E2L6_AGGGTCCGTACTGTTG,Memory B cell
L5_ATTCAGGTCGCAGAGA,Naive CD4 T cell
E2L6_TGCGGGTGTAAGGTCG,Naive B cell
L1_TCCTTCTCAGTCTGGC,Naive CD4 T cell
E2L5_TTACAGGGTCACTACA,Memory CD4 T cell
E2L3_CGCCAGACAGGACGAT,Activated T cell
E2L7_GCGTTTCGTGGCTTAT,Platelet
L4_CAACAACTCCTGGGAC,Naive CD4 T cell
L2_AAGAACATCCGAGCTG,Mast cell
L3_ACGCACGAGTAGCATA,Naive CD4 T cell
E2L3_TGCATCCTCGTCAAAC,CD1c+ conventional dendritic cell
E2L1_CCTACGTTCCATTTGT,Memory B cell
L2_ATCATTCCACGGTGAA,CD161+ memory T cell
L2_ATTTCACGTCACCGAC,CD56bright NK cell
E2L4_CATAAGCCAACACTAC,Plasmacytoid dendritic cell
E2L1_TTTACGTCAGAGGGTT,CD56bright NK cell
E2L1_GCTGAATAGGCATGGT,Plasmacytoid dendritic cell
E2L1_CCTAAGATCTAGACAC,Effector memory CD8 T cell
E2L1_CACTTCGCAAATAGCA,Effector memory CD8 T cell
L5_GCTTTCGCATTGAGCT,Naive CD4 T cell
E2L1_CACAACATCTCGTGAA,Platelet
L4_GGAGATGAGATGTTCC,Platelet
L2_CCCAACTTCTATGTGG,CD161+ memory T cell
L5_AGGGAGTAGAAACTGT,Naive CD4 T cell
E2L3_TCATACTGTTTACGAC,Effector memory CD8 T cell
L5_TGATTTCTCAACTTTC,Naive CD8 T cell
E2L6_TCTTGCGGTCCGGTCA,Naive B cell
E2L5_GGGTCTGCATCCGGTG,CD56bright NK cell
L2_TTTCCTCCAAGTGCAG,Naive CD4 T cell
E2L3_CCTCATGAGCCTGGAA,CD16+ NK cell
L3_TGCGGCATCCGATCGG,Naive B cell
E2L1_AGGTTGTGTTCGGTTA,Memory CD4 T cell
L2_TATCCTAAGACAAGCC,Plasma cell
L4_TCCACCAGTGACCGTC,Memory CD4 T cell
E2L2_TTCAGGATCACTGATG,Memory B cell
E2L6_GCCAGCAAGTAACCTC,Memory B cell
L1_CGGAACCTCCGTGGGT,Plasma cell
L4_TTTGGAGAGTTGCCTA,CD161+ memory T cell
E2L4_GTCTTTAAGACCAAGC,Effector memory CD8 T cell
L5_TATCTTGAGAGTTCGG,Plasmacytoid dendritic cell
E2L4_GTCATCCAGTTTCTTC,Memory B cell
E2L5_AGAAGCGTCATTTGCT,CD56bright NK cell
L4_TTAGTCTAGACATGCG,Naive CD4 T cell
L5_TCACTATCAGTGCCTG,Effector memory CD8 T cell
L5_TGCAGATTCACTTCTA,Naive CD4 T cell
E2L5_TGCAGTAAGGGCTAAC,Effector memory CD8 T cell
L5_CGTAGTAAGTAGGCCA,Naive CD4 T cell
E2L8_TTGGATGCAACCGATT,CD16+ monocyte
E2L6_TTCCAATAGCAGCACA,CD14+ monocyte
L3_TTCGGTCTCTCGCGTT,Cycling NK cell
E2L5_GTTGCTCGTGACTGAG,Platelet
E2L2_GCATGATAGGTGCATG,Effector memory CD8 T cell
L5_CATGCGGTCATCTCTA,Naive B cell
L1_TTACTGTCATCCGGCA,Memory B cell
L4_AAGGTAACAGCTATTG,Effector memory CD8 T cell
E2L8_AGTAGTCCACTCAGAT,CD1c+ conventional dendritic cell
E2L4_AAGCATCAGTAGCATA,CD16+ NK cell
L5_CTGATCCGTAGTTAGA,Memory CD4 T cell
E2L7_TGAATCGCACTGGCCA,CD16+ NK cell
E2L4_CAATGACGTAATGATG,CD1c+ conventional dendritic cell
E2L6_TCCGAAAAGACCTTTG,Naive CD4 T cell
E2L8_CTTAGGAGTTAAACCC,CD16+ monocyte
L4_TGATCTTCAACGATTC,Mast cell
E2L8_TCAGTTTTCGTGGGTC,Erythrocyte
E2L5_TCGCAGGCAGCATCTA,Effector memory CD8 T cell
L5_GCACATACAGAAATTG,Memory CD4 T cell
E2L7_CCAATTTTCCGATGTA,CD16+ NK cell
E2L5_GGTAACTGTTAAGCAA,Memory CD4 T cell
E2L8_CTAGGTACAGGACGAT,CD16+ NK cell
L4_CAACAACCAGGACATG,Naive CD8 T cell
E2L8_GTGCGTGGTACGAGTG,Memory B cell
L5_AACCCAACAGGATTCT,Effector memory CD8 T cell
L2_ATCGATGAGATGCAGC,Naive CD4 T cell
L4_CTACAGACAACGGGTA,CD1c+ conventional dendritic cell
L1_TGTCCTGCAACTGCCG,Erythrocyte
L5_GCCATTCTCACGTCCT,Naive CD8 T cell
E2L1_ACGTTCCAGACATCAA,CD16+ monocyte
L2_CACGTGGGTGGTGATG,Naive CD4 T cell
E2L4_AGAAGTAAGTCGAAAT,CD16+ monocyte
L3_CGGGTGTAGCCTAACT,Memory CD4 T cell
E2L8_CTCCACATCAAGCCTA,Naive B cell
E2L2_CATGGTAAGGATTTAG,Platelet
E2L1_CGAGTGCGTGGCCTCA,Cycling NK cell
E2L1_CTATCCGCAGAACATA,Plasmacytoid dendritic cell
L4_GTTAGTGGTACGTGTT,Plasma cell
L3_CGTAATGAGCTTGTTG,Naive CD4 T cell
E2L3_GTTCCGTTCTCACGAA,Plasma cell
E2L3_CCCGAAGCAGTCTCTC,Plasmacytoid dendritic cell
L3_CTATCTAAGACGTCGA,Effector memory CD8 T cell
E2L5_GGGTCTGAGATCCTAC,CD16+ NK cell
E2L2_AGGGCCTAGCGTATAA,Memory CD4 T cell
E2L2_AGCGCTGGTGGTAATA,Plasmacytoid dendritic cell
E2L5_TTCCGTGCAGCACAGA,Plasma cell
E2L7_TCTGCCAGTTTGACAC,CD161+ memory T cell
E2L3_CCCTTAGTCCAAGCAT,Plasmacytoid dendritic cell
L3_CAGAGCCGTTCTTGTT,Mast cell
E2L2_GCCAGGTAGCTAGTTC,CD14+ monocyte
L5_GGGACAAGTGGCACTC,Memory CD4 T cell
L3_ATGCCTCGTGGATGAC,CD16+ NK cell
L5_TCCACGTAGAAATCCA,CD16+ monocyte
L4_GTAACCAAGAGATGCC,Memory CD4 T cell
E2L7_TATTGGGTCATTCTTG,CLEC9A+ dendritic cell
E2L6_TGACGCGGTGAGTAAT,Cycling NK cell
L2_CATGGTATCTTTGCGC,Memory B cell
L1_ACATCCCAGGTAGTAT,CD161+ memory T cell
E2L1_GTGTTAGCAGACACCC,CD56bright NK cell
L3_TATTGCTCAATCGTCA,Naive B cell
L2_CAACAGTGTTAAGGAT,Memory CD4 T cell
E2L5_GAGTTTGCATAATCGC,Memory B cell
E2L1_CTCCTCCTCCGCGAGT,Memory CD4 T cell
E2L6_CAAGCTATCGTTTACT,Effector memory CD8 T cell
L1_TTCTAACTCGTAGGAG,CD56bright NK cell
L1_TAGGTACGTCGGCACT,Naive CD4 T cell
E2L1_TCAGTTTCAACGGTAG,Memory CD4 T cell
E2L2_TACCGAAAGCCGGATA,Cycling NK cell
L4_AACGGGATCGACGAGA,CD161+ memory T cell
L1_GCACTAACACTGTCGG,Effector memory CD8 T cell
E2L4_GTTACGACACAAGTGG,Memory B cell
L3_TGGAACTAGAATAGTC,CD14+ monocyte
L3_CAACCTCGTGAATTGA,Naive CD4 T cell
E2L4_TTCACCGAGGCTCCCA,Memory CD4 T cell
L4_TGCTGAACAAGGTACG,Naive CD4 T cell
L2_GACGCTGGTCACTCAA,CD16+ NK cell
L5_TTTGTTGTCTCCGTGT,Memory CD4 T cell
L1_AAGATAGAGCAGATAT,Naive CD4 T cell
L4_TTAGTCTTCAGAGTGG,Activated T cell
E2L7_AACAACCGTTCATCGA,Effector memory CD8 T cell
L2_TCGCTCAAGCTAAACA,CLEC9A+ dendritic cell
E2L4_GATTCGACACGGTGAA,Plasma cell
L3_TATACCTAGAACTTCC,Memory CD4 T cell
E2L7_GCAGCTGCAAGAATAC,Effector memory CD8 T cell
E2L4_TTTGATCTCACGAGGA,Memory CD4 T cell
E2L6_TCGCTCAAGGTTCAGG,Memory B cell
L5_CTGGACGCAGTAACGG,CD161+ memory T cell
L5_ATTCAGGGTGGAAGTC,Naive CD4 T cell
E2L5_GAGAAATCAACCGCTG,Cycling NK cell
E2L1_TGTGGCGTCCTCGATC,Memory B cell
E2L7_GACCTTCTCGCAAGAG,Platelet
L2_TCTTCCTGTGGACCAA,Effector memory CD8 T cell
L2_GAGTCATGTCGCATGC,Naive CD8 T cell
L5_GCCCGAAGTGGTTCTA,CD16+ monocyte
E2L3_AGGCATTGTGAACGGT,CD56bright NK cell
L3_CAGCGTGCACTGTCCT,Memory CD4 T cell
E2L2_GAGTTACCATTAGGAA,Effector memory CD8 T cell
L2_AGTGCCGTCCGAGCTG,Mast cell
E2L3_GGATGTTTCGTAGAGG,Activated T cell
E2L4_TATCTGTAGAGCCGTA,Memory CD4 T cell
L1_AGCCAATTCGCGTCGA,Plasma cell
E2L7_AGTGCCGGTATAATGG,Naive B cell
E2L4_CTCCTTTCAGTGGTGA,Naive CD4 T cell
E2L4_GAAGAATCAGGTGTTT,CD161+ memory T cell
L5_ACGGTTACACTGTGTA,Memory CD4 T cell
E2L8_TCTATACCATTAAAGG,Plasmacytoid dendritic cell
E2L5_TACTTGTTCTCATAGG,Memory CD4 T cell
E2L6_GTCGAATTCGTAGAGG,CD1c+ conventional dendritic cell
E2L7_CGTAATGTCGATCCCT,Plasmacytoid dendritic cell
E2L8_GGGAGATCAGTACTAC,Platelet
E2L1_CAGTTCCGTTATTCCT,Plasma cell
L4_AACGAAACAGCCCACA,Platelet
E2L3_AACACACCAGAGGCTA,CD16+ monocyte
E2L5_AACCTTTGTCACAGTT,Naive CD4 T cell
L4_CTCATCGCAAAGCACG,Naive B cell
E2L5_GAAGTAAGTTCTTGTT,Mast cell
E2L7_TACTTACGTAGGCTGA,Naive CD4 T cell
E2L4_CTGCTCATCGTGCAGC,Plasmacytoid dendritic cell
L5_TCTCTGGTCCTTATAC,Memory CD4 T cell
L2_CGGAATTAGGAGATAG,CD56bright NK cell
L4_CCACGTTGTAGGATAT,Naive CD4 T cell
E2L2_ATGAGGGAGCCATCCG,Effector memory CD8 T cell
E2L2_GTCATTTAGACTACGG,Effector memory CD8 T cell
E2L7_CCACGAGCACCATTCC,Naive B cell
E2L5_GGAGGTACATTGGCAT,Cycling NK cell
L3_GGAACCCCATGACCCG,CD161+ memory T cell
L4_TCAGTTTGTAGCTTGT,Cycling NK cell
L3_ATGCGATCAGCTGAAG,Mast cell
L5_AGTGCCGTCGGAGTGA,CD161+ memory T cell
L4_AACAAGATCTAGACAC,Effector memory CD8 T cell
L5_CTCCTTTCACGAGGAT,Cycling NK cell
E2L4_AGCGTATTCAGTGTCA,Plasmacytoid dendritic cell
E2L2_AGGGAGTTCGACCAAT,Naive CD4 T cell
E2L6_TATCGCCGTCGGATTT,Effector memory CD8 T cell
L4_TGGTGATCAATTTCGG,CD16+ monocyte
L1_AATAGAGCATGGGTTT,Plasma cell
L1_ACCCTTGGTACCGGCT,Naive CD4 T cell
E2L1_ATGTCCCTCCCTCGAT,CD1c+ conventional dendritic cell
L1_TAGACCAGTTGCGGCT,Platelet
L5_GCTCAAAGTTCGATTG,Mast cell
L5_GTTACAGTCTATTTCG,Plasma cell
E2L8_TGCTCGTCAACGATTC,Naive B cell
E2L4_ACATTTCCAGCACAGA,CD16+ monocyte
L4_TTTCGATTCAGAGCAG,Naive CD4 T cell
E2L1_AGCTACAGTCAGGCAA,Memory CD4 T cell
E2L5_CTTTCAAGTCCCTGTT,CD161+ memory T cell
E2L7_CTCCATGGTCAGCGTC,Platelet
L5_GAATCACCAAGATCCT,Memory CD4 T cell
L5_CTCCACAGTCCACAGC,Naive CD4 T cell
E2L7_TGCCGAGCATTGCCGG,Naive CD4 T cell
E2L2_TCGAACAGTAGAGCTG,Memory CD4 T cell
L2_ATGGAGGAGAGCAACC,Plasma cell
E2L6_GGGTAGATCTGGCCAG,CD161+ memory T cell
E2L3_TCGCACTCATCTCCCA,CD16+ monocyte
E2L5_CGTGTCTCACGCCACA,CD16+ NK cell
L2_AATGCCAAGCCTGTCG,Effector memory CD8 T cell
E2L5_GAGGCAACATGTTTGG,Memory CD4 T cell
E2L6_GTACAGTCACGACGCT,Memory CD4 T cell
L1_ATTCTTGAGTTGCTCA,Memory CD4 T cell
E2L5_CTCCAACCAGGCATTT,Memory CD4 T cell
E2L3_GTGTTCCAGTTGTAAG,Plasmacytoid dendritic cell
E2L7_CCAATGACACCTCGTT,CD16+ monocyte
L5_CCGTAGGCACAAAGCG,Effector memory CD8 T cell
E2L6_AATTCCTTCGACTCCT,CLEC9A+ dendritic cell
L3_CTAAGTGAGCCATTGT,Activated T cell
E2L2_CTTAGGAGTTAGGGAC,Memory CD4 T cell
E2L4_CTACGGGCACAACGTT,Naive CD4 T cell
E2L7_CATTGTTTCCACTTTA,Cycling NK cell
L3_TATACCTTCAAGTCTG,CD14+ monocyte
E2L6_ATCGTCCAGTGGTGGT,Memory B cell
L3_CACTTCGAGGTAGTCG,Memory CD4 T cell
L5_AAAGTGATCTTCGACC,Mast cell
L4_ACAACCAAGGTCCTGC,CD1c+ conventional dendritic cell
L1_AACAAAGGTTCGGCGT,Cycling NK cell
E2L5_TCGATTTCACATCATG,Naive CD8 T cell
E2L8_TTGCATTCAGTAACAA,Memory CD4 T cell
E2L1_GTTAGTGAGGACTAAT,Effector memory CD8 T cell
L2_AACCAACAGATGACCG,Memory CD4 T cell
L3_CCTATCGTCTACTCAT,Memory CD4 T cell
E2L7_AACCATGGTTGTGTTG,CLEC9A+ dendritic cell
E2L5_CGAGTGCCAGGCCTGT,Effector memory CD8 T cell
L3_GACCAATCATATACCG,Effector memory CD8 T cell
L3_CGCGTGAGTGTTGAGG,Naive CD4 T cell
E2L7_CTACATTAGACGTCGA,CD16+ monocyte
L4_CTGAGCGCACCACTGG,Memory CD4 T cell
E2L7_TCATGGATCAAATGCC,Naive B cell
E2L4_ATCCGTCCATCCTAAG,Plasmacytoid dendritic cell
E2L7_ACTTAGGAGGAACTAT,Memory CD4 T cell
E2L7_GTAGCTAGTACTGGGA,Memory B cell
E2L4_TTCATTGGTCACGTGC,Memory B cell
L1_AGAACCTAGACAGCGT,CD16+ NK cell
L2_ACTCCCAAGCCACCGT,Cycling NK cell
L2_GTCTAGAGTCGAAGCA,Cycling NK cell
E2L6_TCATTACTCGACGAGA,Naive CD4 T cell
E2L6_CACACAAGTAGCGCTC,Platelet
L1_TCGGGACCAGGGTTGA,Naive CD4 T cell
E2L4_GTCAGCGCAAGTATAG,Memory CD4 T cell
L3_CCGGGTATCTTGCAAG,Cycling NK cell
L4_TTAGTCTAGGTCACTT,CD56bright NK cell
E2L2_CTGGCAGGTTGCCTAA,Memory CD4 T cell
L5_TCCTTCTCAGACAATA,Memory CD4 T cell
L4_TGGAGAGGTCGCACGT,Naive CD4 T cell
L2_TTGTGTTTCCCATGGG,Memory CD4 T cell
L3_AGTCACAGTGTTCGTA,Effector memory CD8 T cell
E2L6_CTCTCGAAGCTCCCTT,CD16+ monocyte
E2L2_GGTCTGGTCTAGTTCT,Naive CD4 T cell
E2L6_CATACCCCATCCTTGC,CD1c+ conventional dendritic cell
E2L4_AGACCCGCAAACCATC,Naive CD4 T cell
E2L3_CTCCCTCCAAGATTGA,Activated T cell
E2L8_CTATAGGGTGAATATG,Memory B cell
E2L4_AACCTTTTCCGCAAAT,Effector memory CD8 T cell
L5_CACGTTCAGATGAAGG,Mast cell
E2L2_ACATTTCCATGCAGGA,Naive CD4 T cell
L4_AGTCAACCAGTTGAAA,Memory CD4 T cell
E2L7_GCGTGCATCGACGAGA,Memory CD4 T cell
L5_ATTCCCGGTATCAGCT,CD161+ memory T cell
E2L5_GTCCTCAAGTAAAGCT,Platelet
E2L5_TTCTAACCAAAGAACT,Effector memory CD8 T cell
L5_TGATTTCAGTCTAACC,Cycling NK cell
L5_GATCACAGTATCTCGA,Memory CD4 T cell
L5_TCCTTCTTCCGTATAG,Effector memory CD8 T cell
L1_GGTAGAGCACACCAGC,Mast cell
L4_GATGATCAGCATGTTC,Memory B cell
E2L1_GATCACAAGGCTCTCG,Effector memory CD8 T cell
L4_ACTTCCGAGGGAGTTC,Mast cell
L4_TTGGATGTCGTGAGAG,CLEC9A+ dendritic cell
L5_CTGAGGCCATTGCCTC,Naive B cell
E2L5_CGGGTCAGTTTCTATC,Plasma cell
E2L7_CAATGACAGTGCGCTC,Memory CD4 T cell
E2L8_TTGCCTGTCTAGGAAA,CD56bright NK cell
E2L1_ACATCCCGTTCTCTCG,Effector memory CD8 T cell
E2L6_GTGAGGATCACATTGG,Cycling NK cell
E2L8_GTGCAGCGTAGCTTTG,CD1c+ conventional dendritic cell
E2L6_CTTGAGACATCATCCC,Platelet
E2L3_GGCGTCATCCCATACC,Effector memory CD8 T cell
L5_CGAGTTACACCAGCCA,Naive CD4 T cell
E2L1_ACGTCCTTCTAGAACC,Memory B cell
L3_TCAGCCTGTGGATGAC,CD161+ memory T cell
L4_ACACAGTGTTCGTACA,CD161+ memory T cell
E2L8_AGCATCAAGGTCGTGA,Plasmacytoid dendritic cell
E2L3_TCACACCCAGGCTATT,Cycling NK cell
E2L1_AGCGTATCAATGTGGG,CD161+ memory T cell
E2L1_CCTATCGAGGTACATA,Memory CD4 T cell
E2L5_TACGCTCCATTCTCCG,Memory CD4 T cell
L4_TCACGCTAGCATTTCG,CD161+ memory T cell
L1_GCAACCGCAAGACCGA,CD56bright NK cell
L1_TGGTTAGTCATGGGAG,CD1c+ conventional dendritic cell
E2L7_CTGCTCAAGTCAGCCC,Platelet
E2L4_TTGGGCGCAGGACAGT,Plasmacytoid dendritic cell
E2L1_GGGAGATAGTTACTCG,Memory CD4 T cell
L5_ATGTCTTCAGTCTACA,Plasmacytoid dendritic cell
L3_GGATCTATCTTCCAGC,Naive CD4 T cell
L4_GGAAGTGTCGTCGGGT,Naive CD4 T cell
L3_AATAGAGCAGCTGTCG,Memory CD4 T cell
L3_GATGATCTCCACACCT,Effector memory CD8 T cell
E2L7_TCACTATAGTGCGACA,Plasmacytoid dendritic cell
E2L2_CGTGAATTCGAGTGAG,CD161+ memory T cell
L1_CATTGTTGTCTTCAAG,Naive CD4 T cell
E2L8_TGACGCGCATTACGGT,Memory B cell
E2L6_TTTGGAGAGTTTGGCT,CD16+ NK cell
E2L4_TCACAAGTCGAATCCA,Effector memory CD8 T cell
L4_AGCGTATAGAACGCGT,Plasmacytoid dendritic cell
E2L5_TTGATGGCAGCAGACA,Platelet
L1_AAGTACCGTATTTCCT,Memory CD4 T cell
L1_CGGTCAGGTGCAGGAT,Cycling NK cell
E2L7_CATCCGTCAAAGAGTT,Platelet
E2L2_GTTACCCAGACGACTG,Naive CD4 T cell
L5_TCGAAGTCAGTGGCTC,Naive CD4 T cell
L2_TACCCGTTCAGAGTTC,Naive CD8 T cell
L3_TATCTTGTCGATACAC,Naive CD4 T cell
L3_AGGGAGTTCGCCTATC,Mast cell
L5_CGGACACCATATCTGG,Mast cell
E2L4_TCGGTCTCATTGCAAC,Effector memory CD8 T cell
L5_GAGTTGTAGCGTTCAT,Plasma cell
E2L3_CACCAAACACGGGCTT,Memory CD4 T cell
L1_GACGCTGCACTCCGGA,Naive CD4 T cell
L2_TGTAAGCCATGCCGCA,Mast cell
E2L7_TCATGGACAGACCTGC,Platelet
L5_CGGAATTTCTGGGATT,Effector memory CD8 T cell
E2L7_GTGCTGGGTACAGTCT,Naive CD4 T cell
E2L3_TACAACGGTTGGGACA,CD1c+ conventional dendritic cell
E2L6_AATGGAAAGGTAAGAG,Memory B cell
E2L3_GTTAGTGGTCGCCACA,Naive B cell
E2L5_AGCTTCCAGATAGTGT,Plasmacytoid dendritic cell
L2_CTGTGGGAGAGTCAAT,Naive CD4 T cell
E2L6_TCATTCAGTCTCTCAC,Cycling NK cell
E2L2_TGGTGATAGTTTCAGC,Naive CD4 T cell
E2L6_TGTAGACGTACAGAAT,Memory B cell
L2_CATCCGTAGAGTTGAT,Naive CD4 T cell
E2L5_AGGATCTTCTACGGTA,Activated T cell
E2L6_GATGACTGTGGACTGA,Platelet
E2L8_AGGGCCTAGACCTCCG,Cycling NK cell
L1_ACCCTTGCAATCGCAT,Cycling NK cell
E2L7_ACAGAAACAAAGCACG,Effector memory CD8 T cell
E2L2_ACATCCCTCTTCACAT,CLEC9A+ dendritic cell
E2L7_GGGTAGAGTACCTGTA,Effector memory CD8 T cell
L1_GAGATGGTCAGATTGC,Memory CD4 T cell
E2L6_CGGAACCGTGAGGAAA,Memory B cell
L2_CCGATCTAGAAGGCTC,Effector memory CD8 T cell
L3_TCTTCCTCAATTCACG,Naive CD4 T cell
E2L2_AGAGAGCAGAGAAGGT,Platelet
E2L8_TTGCATTAGCTAGTTC,Effector memory CD8 T cell
E2L1_ATCCACCGTGGTCCGT,CD56bright NK cell
L2_GAGTCTATCAAGGACG,CD16+ NK cell
L5_GAAGAATAGGGCGAAG,CD14+ monocyte
L2_TTTACTGTCGACCTAA,Naive CD8 T cell
L2_TTCACCGAGTGCAAAT,Naive CD4 T cell
L5_CGAAGGAAGTAGGAAG,Memory CD4 T cell
L5_AACAAAGTCTTCCGTG,CD14+ monocyte
L4_TAGGAGGCAAAGGAGA,Memory B cell
L3_AGCCAGCGTTCCGTTC,Cycling NK cell
E2L6_CAATCGATCCTTCGAC,CD14+ monocyte
E2L7_TAGGAGGGTCCGTACG,Memory CD4 T cell
E2L8_GTAGATCGTATATGGA,CD16+ monocyte
E2L4_TCAATTCGTCATCCGG,CD56bright NK cell
E2L3_ATAGAGAAGCCAAGCA,Platelet
L4_TTCGATTTCAGTGGGA,Plasmacytoid dendritic cell
E2L8_AGAAGTACACTTCCTG,Activated T cell
L4_ACTGTCCTCTCATAGG,CD16+ monocyte
E2L1_TCATACTTCCAAGCAT,Effector memory CD8 T cell
L5_GACTTCCTCATTGCGA,CLEC9A+ dendritic cell
E2L4_GTCATCCAGCTCGACC,Memory CD4 T cell
E2L2_CTTCAATAGGATTCAA,CLEC9A+ dendritic cell
E2L7_TAATTCCCAGCTGTTA,Effector memory CD8 T cell
E2L3_CCGGGTAAGCCGGATA,Memory B cell
L3_GCGGAAAAGAAGATCT,Plasma cell
L5_CAGTGCGGTGTCGATT,Naive CD4 T cell
E2L5_CTCAGTCGTACAGTTC,Memory B cell
E2L6_ATCACGAGTTGCTCAA,CD56bright NK cell
L5_GTATTTCTCGCTAATG,Naive CD4 T cell
E2L8_CCTCAACAGTGTTGTC,Platelet
L4_ATTTCACGTCTTCCGT,Memory B cell
L1_TGAGCGCTCCTGCCAT,Effector memory CD8 T cell
L3_ACAAAGACAACACACT,Mast cell
E2L8_TGCTGAATCATCTATC,Memory CD4 T cell
E2L8_GATTGGTGTAACGGTG,Naive CD4 T cell
E2L1_GTTAGACAGCGCCTCA,CD1c+ conventional dendritic cell
E2L1_ATGCCTCAGGGAGTGG,CD56bright NK cell
E2L1_CAGCGTGGTCGAAGCA,Memory B cell
E2L4_TGCTCCAAGGCATTTC,Naive CD4 T cell
E2L1_GTATTGGAGAGCATTA,Effector memory CD8 T cell
L5_ATTCCCGTCCCTTCCC,Memory CD4 T cell
E2L3_GTGCTGGGTATCGAGG,Cycling NK cell
E2L1_CGCGTGAAGAGGATCC,Platelet
L4_GTTGAACGTCCAGCGT,Memory CD4 T cell
E2L5_GAGTCTAGTGTCCATA,CD16+ monocyte
E2L2_TGTGTGAAGACTAAGT,Plasmacytoid dendritic cell
L1_TGATTTCGTTTAAGGA,Effector memory CD8 T cell
L1_CTCCATGGTCTTGAAC,Naive CD4 T cell
E2L6_TACCCACAGCTTTCTT,Effector memory CD8 T cell
L4_CTATCCGCAAGACGAC,Naive CD4 T cell
E2L3_GTAGGTTGTTTGATCG,Memory B cell
E2L8_CGAAGTTCATTGACTG,Plasmacytoid dendritic cell
L1_GAACTGTAGTATAACG,CD16+ monocyte
E2L8_TAACACGAGTGTTCAC,Memory CD4 T cell
E2L5_AACGAAACACGGAAGT,Naive CD4 T cell
L1_TGGGAAGTCCTCTAAT,Mast cell
E2L7_ATACTTCCACTTTAGG,Naive CD4 T cell
E2L3_TAACACGTCAGTCACA,Memory B cell
E2L2_TTTACCACATAGGTAA,Naive CD4 T cell
E2L3_GACTCAATCACTGGGC,Platelet
E2L4_GGACGTCTCTGACCCT,Plasmacytoid dendritic cell
L2_GCATCGGCAGTTTCAG,Effector memory CD8 T cell
L4_GGAATCTTCCTGTAAG,Naive CD4 T cell
L4_TAGACTGGTCCAGCAC,Memory B cell
E2L7_GGCGTCAGTTAGAGAT,Memory CD4 T cell
E2L8_CTTTCAAAGCCAAGCA,Cycling NK cell
E2L6_TTTCAGTGTCTGTGAT,Effector memory CD8 T cell
E2L3_GTGTGATTCGATACAC,Naive B cell
E2L6_CCAATTTAGCGCGTTC,CD56bright NK cell
L2_TACAGGTGTCAAATCC,Naive CD4 T cell
L3_TGAATCGGTACATTGC,Memory B cell
E2L6_CCTATCGTCCACGGAC,Cycling NK cell
E2L5_GTTGTAGGTGGACAGT,Memory CD4 T cell
E2L1_CTGTGAATCCCATAAG,Naive B cell
L1_CACTAAGAGCAAGTGC,Memory CD4 T cell
E2L2_TGGGATTCACGCGGTT,CD1c+ conventional dendritic cell
E2L7_AGTCTCCCATGACCCG,Plasmacytoid dendritic cell
L2_GACTCTCCATAACTCG,Naive CD4 T cell
E2L8_GCATGATCATGAATAG,CD16+ monocyte
E2L4_ATGGGAGGTCGTGGTC,CD14+ monocyte
L1_CTAACCCTCCAAGGGA,Cycling NK cell
L4_CCTCCTCAGTAAACAC,Naive CD4 T cell
L4_GACTCTCCAGCTCGGT,Naive CD4 T cell
E2L1_GCCAACGTCCTACCAC,Naive CD4 T cell
E2L5_GCGGAAATCCGTGGTG,Naive B cell
E2L5_GTGTGGCAGCCTCAAT,Naive CD8 T cell
L2_TCCACGTGTATGGAGC,CD56bright NK cell
E2L8_CTTGATTAGGACGCTA,Erythrocyte
L3_GCATGATAGATGACAT,Memory CD4 T cell
E2L4_TCTCAGCGTCATAAAG,Effector memory CD8 T cell
E2L5_ATTTCACAGGCTGTAG,Effector memory CD8 T cell
E2L2_GTTACAGAGTACCCTA,CD1c+ conventional dendritic cell
L2_AACCATGTCGCCGAGT,Naive CD8 T cell
E2L5_TGCATCCTCTGCTTAT,Cycling NK cell
L5_CCTCCTCTCACCTTGC,Erythrocyte
L3_TTCTAGTCAGGAAGTC,Naive CD8 T cell
E2L8_CTGCTCACAGTCTGGC,Effector memory CD8 T cell
L2_TCAAGCACATCAGCAT,Cycling NK cell
L5_CATAGACAGCTACGTT,Cycling NK cell
L5_TTACCATTCTTTCAGT,Naive CD4 T cell
L1_TGACTCCAGGGATCTG,CD161+ memory T cell
E2L4_TGCGATATCCAATCCC,Plasmacytoid dendritic cell
E2L5_GATTCGATCGGCAGTC,Effector memory CD8 T cell
L2_GTTAGACGTGAGACGT,CD16+ monocyte
E2L5_GTGTTAGTCGGTCTAA,Plasma cell
E2L3_TCGTCCAAGCCTCATA,CD161+ memory T cell
E2L7_TGATGGTAGGTTCTTG,Memory B cell
E2L7_ATGGTTGGTGGGACAT,Memory CD4 T cell
E2L7_ACTCCCAGTTGCTGAT,CLEC9A+ dendritic cell
L3_TACAGGTAGTTGCATC,Effector memory CD8 T cell
E2L7_TAGGTTGGTCTGTCAA,Memory CD4 T cell
E2L2_GACCCTTAGGCACTAG,CLEC9A+ dendritic cell
L5_ATCTCTACAGTAACCT,Naive CD4 T cell
L4_TGTTACTGTTTAAGGA,Naive B cell
E2L6_CACATGAAGAGCTTTC,CD16+ NK cell
L3_TTACCATCACTACACA,Plasma cell
E2L1_GTGTGGCAGGTTACAA,Naive CD8 T cell
E2L5_ATTGTTCCACTCTGCT,Plasmacytoid dendritic cell
L5_TTACGCCGTCGCGTTG,Naive CD4 T cell
E2L1_CATTCCGGTGACCGTC,Memory B cell
L3_TGCAGGCTCTAAGCCA,CD14+ monocyte
E2L5_TCAGTCCCACTTCAAG,CD56bright NK cell
E2L4_CGCATGGGTAGCGATG,Effector memory CD8 T cell
E2L5_GTGGAAGAGAAGCCAC,Cycling NK cell
E2L5_GGGCTCAGTATTTCGG,Erythrocyte
E2L6_GGAATGGCAGCCTACG,Memory B cell
L3_TACTTGTAGTCAGCCC,Plasma cell
E2L7_GTTTACTCAGAGAATT,Memory CD4 T cell
E2L4_GGAATCTCACGATTCA,Cycling NK cell
L1_TCATGTTGTCCTATAG,CD161+ memory T cell
E2L8_TGTACAGTCGGTTAGT,Memory B cell
E2L8_AGGGAGTCAGTGTGGA,Memory B cell
E2L6_CTCAGGGGTCTTACTT,Naive CD4 T cell
E2L2_CCTTCAGAGGAGTATT,Plasmacytoid dendritic cell
E2L6_TCCTTCTCAAAGTGTA,Effector memory CD8 T cell
L4_CATCGGGAGACTAGAT,Memory CD4 T cell
E2L6_GAACGTTTCGGACTTA,Memory B cell
E2L6_TTGTTTGAGCATCAGG,CD1c+ conventional dendritic cell
E2L8_GTTTGGATCGAGAGAC,CD14+ monocyte
E2L5_CCTGCATTCGTCGGGT,Memory CD4 T cell
E2L3_CTCCACAAGACAACTA,Effector memory CD8 T cell
E2L6_CCTTGTGTCTGTCTCG,CD14+ monocyte
L1_TTGCGTCCATGTGACT,Effector memory CD8 T cell
L5_GGGATGATCTTTCTAG,Memory CD4 T cell
L4_GATGATCGTGCTAGCC,CD1c+ conventional dendritic cell
L3_ACGTAGTCATGCGGTC,Naive CD4 T cell
E2L4_CGAATTGCATCAGTCA,Naive CD4 T cell
L3_TCACGCTTCGCAGTCG,Plasmacytoid dendritic cell
L3_TACGCTCTCGGACGTC,CD14+ monocyte
E2L5_TTCGGTCGTGTGAGCA,Naive B cell
L2_GAGGGTACAGACATCT,Naive CD4 T cell
E2L5_TAACCAGCATGTGACT,Memory B cell
L5_TGCATGATCAACGAGG,CD56bright NK cell
E2L4_TCATACTTCTTACACT,Memory CD4 T cell
L3_CTATAGGTCGTGCTCT,CLEC9A+ dendritic cell
E2L8_AAGACAACAGTAGAAT,Platelet
L4_AACGAAATCACTACTT,CD14+ monocyte
L4_CTTCTCTCATGCACTA,CD16+ NK cell
L4_CTATCCGCACGGCCAT,Mast cell
E2L3_GAGACTTAGTTGAAAC,Plasmacytoid dendritic cell
E2L2_CAGCAGCAGCCGTCGT,Cycling NK cell
E2L7_GAGAGGTCATCAGCAT,Naive CD4 T cell
L3_AAGATAGAGACTGAGC,Naive CD4 T cell
L1_ATTGTTCAGATAGCAT,Memory CD4 T cell
E2L5_GAATCGTTCTAGTGAC,CD16+ NK cell
L4_AATGACCAGCCTCTGG,Activated T cell
E2L6_TTCAGGACATGCCGGT,Effector memory CD8 T cell
L3_CGGTCAGCATAGCTGT,Plasma cell
E2L2_GTCAAACCAATTGCTG,Platelet
L4_CGAATTGGTCATGCAT,Naive CD4 T cell
E2L4_CCCATTGGTTCCTAGA,Memory B cell
E2L3_TTCCACGTCGTAACAC,Plasmacytoid dendritic cell
E2L6_TTGAACGGTTTAGACC,Effector memory CD8 T cell
L5_TGGATCATCTCGCTCA,Memory CD4 T cell
E2L4_TAAGCGTGTCACAGTT,Cycling NK cell
E2L1_AAACGCTTCGCCACTT,CD16+ monocyte
L1_TGTGCGGCAGTAGTTC,Cycling NK cell
E2L7_ATTCAGGCACGTAGTT,Activated T cell
L5_TCTATCACAGGTCCCA,Platelet
E2L5_TCCACCATCGAGATAA,Naive CD4 T cell
E2L5_GTTATGGCACGGCCAT,Plasma cell
L2_ATCGATGGTGGTGATG,Platelet
L3_CTATCCGTCCCGAGTG,Memory CD4 T cell
E2L4_TGTTCCGAGCTGGCTC,Memory B cell
L1_TGGGCTGAGGATATAC,Memory CD4 T cell
L2_TGCGATAAGCATAGGC,CD16+ monocyte
L5_CCAATGAGTCCCACGA,Mast cell
E2L8_GTTCGCTTCGTGCTCT,Memory CD4 T cell
L3_GATGGAGTCTCCGAAA,CD161+ memory T cell
L3_TGACGCGGTTCCGTTC,Naive CD4 T cell
E2L5_GAAGAATAGAAATTCG,Effector memory CD8 T cell
E2L8_CAACGGCAGAGAGAAC,Naive CD4 T cell
L3_AGTCTCCAGTGTTCAC,Memory CD4 T cell
L4_GACCAATCACATTACG,CD1c+ conventional dendritic cell
E2L6_AGTGTTGTCGGCTGGT,Naive B cell
E2L2_GTTGAACAGTTTAGGA,CD56bright NK cell
L5_TTCACCGGTACCGTGC,Naive CD4 T cell
E2L8_TCTCACGGTACAGTAA,Memory CD4 T cell
L1_CCTCCTCGTGGTCTCG,Plasmacytoid dendritic cell
E2L6_CCTCTCCCAGGCATTT,CD14+ monocyte
E2L4_CACGTGGGTCTGTAGT,Memory CD4 T cell
E2L3_CTGTCGTTCGGACTTA,Memory CD4 T cell
E2L1_CGGAACCAGCGAATGC,Cycling NK cell
L3_CTCAAGAAGGCTAAAT,Cycling NK cell
E2L8_GTCACGGTCGTCCATC,CD14+ monocyte
L1_TTGAGTGAGGTACAGC,Naive CD4 T cell
E2L2_CTTGATTTCTATTGTC,Naive CD4 T cell
L5_TCGAAGTTCTGGTTGA,CD161+ memory T cell
E2L8_TCAATTCTCCTACCGT,Cycling NK cell
E2L3_TGGTTAGTCAAGAGTA,Plasma cell
E2L8_GAGCCTGTCTCCACTG,Naive CD4 T cell
E2L5_CTTGAGATCGGACCAC,CD56bright NK cell
E2L3_AATTTCCCACAGCGCT,Naive CD4 T cell
E2L1_TATTGCTCAATTCGTG,Memory CD4 T cell
E2L7_GCCGTGATCGGTCGGT,CD56bright NK cell
L4_GTAACACAGGTAGTAT,CD161+ memory T cell
L1_CATTCCGAGCAACTTC,Plasmacytoid dendritic cell
L2_TAGGTACAGAAACTGT,Naive CD4 T cell
L5_CCTGCATGTTTCGTGA,Naive CD4 T cell
E2L2_TCCGAAATCCTCTGCA,Naive B cell
E2L5_TACATTCGTGACATCT,Naive CD4 T cell
E2L8_ATTTCACAGGTCGTAG,Memory B cell
E2L5_ATGGTTGAGTGAGGTC,CD1c+ conventional dendritic cell
E2L8_TCTAACTCACAGCTGC,CD1c+ conventional dendritic cell
E2L3_GGGCTCACAGGCTCTG,Platelet
E2L7_CAGTGCGTCGCTCATC,Memory CD4 T cell
L3_GTAGAGGCAGGACATG,Mast cell
L2_ATGCATGCAAGCACAG,Memory CD4 T cell
L2_ATGGGTTTCAGGCGAA,Memory B cell
E2L2_CTCCAACAGCCGATAG,Naive CD8 T cell
L3_TTAGGGTAGATGTAGT,CD16+ monocyte
L4_TCCCATGAGTGTAGTA,Plasma cell
E2L3_TAACACGCACGACAGA,Plasmacytoid dendritic cell
L3_GGAATGGAGTTGTAAG,CD1c+ conventional dendritic cell
L1_CATCCCATCCTCTAGC,Naive CD4 T cell
L1_TGTCCTGGTCGCACAC,Naive CD4 T cell
E2L5_ATTCCCGTCCGTATGA,Plasmacytoid dendritic cell
E2L5_GAACTGTTCGTACCTC,Platelet
E2L1_AACGGGAGTCATCTAG,CD1c+ conventional dendritic cell
E2L6_CAGGGCTAGATTACCC,Naive CD8 T cell
E2L3_ATACCTTTCATTGCGA,Naive B cell
E2L2_TGCAGATAGAGCAACC,CD16+ NK cell
L5_GGGTCACGTATGTCCA,Plasmacytoid dendritic cell
E2L8_ATTCCTATCGGAAGGT,CD161+ memory T cell
L4_GTCTCACGTGATATAG,CD16+ monocyte
E2L3_ATGGGAGTCATTCTTG,Plasmacytoid dendritic cell
E2L5_TAAGCGTAGAATGTTG,CD16+ monocyte
E2L8_TATCTGTGTAACGTTC,Effector memory CD8 T cell
E2L2_AGGCTGCGTTGGCTAT,Naive CD4 T cell
E2L3_CTCCTTTCACGGTAGA,Effector memory CD8 T cell
L1_ACGGTCGCATATCTGG,Memory B cell
L5_TTGCCTGAGGAAGAAC,Effector memory CD8 T cell
L4_TATCCTAGTCGTGGTC,Naive CD4 T cell
L3_CATCGGGAGTCCCTAA,CD14+ monocyte
E2L7_TCGAAGTGTGGTCTCG,Plasmacytoid dendritic cell
E2L1_CAGTTCCTCAACTGGT,Naive B cell
L2_CTTCTCTGTCTGTGTA,Mast cell
E2L6_TCACAAGAGCGGGTAT,CD14+ monocyte
E2L4_GACAGCCCATCACGGC,Cycling NK cell
E2L7_TCGTAGACAACCAATC,Cycling NK cell
L4_TACAGGTGTGATTCAC,CD1c+ conventional dendritic cell
L2_TGGAACTAGTGGAATT,Mast cell
L2_CGAAGGAGTCACCGAC,Effector memory CD8 T cell
E2L5_CGTAGTAGTCCCTAAA,Cycling NK cell
E2L2_TTCTTGAGTGTTCCTC,Memory CD4 T cell
E2L5_TTGCGTCAGGTCACTT,Platelet
E2L5_GCTGAATTCTCTCGAC,CD161+ memory T cell
E2L1_TCCGGGAAGGTTCAGG,CD14+ monocyte
E2L7_TTTCAGTCATGGAAGC,Plasmacytoid dendritic cell
L1_TCGAACATCCTCTAGC,Cycling NK cell
E2L2_GACCAATTCTGCTTTA,Effector memory CD8 T cell
E2L5_TGAATCGCAAGTGGCA,Memory CD4 T cell
L1_TTCTAACCAATGCAGG,Memory CD4 T cell
L4_CTCAGGGGTACCTAAC,Effector memory CD8 T cell
L2_CAGGGCTCATTGAGCT,Effector memory CD8 T cell
E2L3_TGGTGATAGGGACACT,Platelet
E2L1_CACACAAAGGGAGGGT,Effector memory CD8 T cell
E2L2_GAGCTGCGTGAACGGT,CD56bright NK cell
E2L8_GGGATCCTCACCTTAT,CD14+ monocyte
E2L6_TCGTCCAAGACTCTAC,Naive CD4 T cell
E2L2_ATGCATGAGACGCCCT,Memory B cell
E2L8_TGAGCATTCAGGTGTT,Memory B cell
E2L3_ACGTACAAGCGTGTCC,Naive B cell
L4_ATTACTCAGTAGAGTT,Naive CD4 T cell
L3_TTAATCCAGCACTAAA,CD1c+ conventional dendritic cell
E2L6_CCTGTTGCAATTGCAC,Cycling NK cell
E2L7_GCCCGAAAGTTTAGGA,Activated T cell
L3_AGGGTCCAGTCGCCAC,CD161+ memory T cell
E2L7_AACAAAGCACCTCAGG,CD56bright NK cell
E2L6_CATCCCAAGCGTCAGA,Plasmacytoid dendritic cell
E2L4_GCAGCTGCAAACTAAG,CD1c+ conventional dendritic cell
L3_ATGTCCCTCGCTGTTC,Cycling NK cell
E2L1_GGGTTATGTTTCACAG,Memory B cell
L3_GATGACTGTCGTGGAA,Cycling NK cell
E2L3_CATTGCCTCAAGAATG,Memory CD4 T cell
E2L1_GAGACTTAGAGGCTGT,CD1c+ conventional dendritic cell
L3_ACAGAAAGTCCAAATC,Plasma cell
E2L5_CAGCAGCCACACTTAG,Naive CD4 T cell
L1_ACTGTCCAGTGCAGCA,Naive CD4 T cell
L3_CCTAAGAGTCTCCTGT,Naive CD4 T cell
L2_CATTGAGGTCAGGTAG,Plasma cell
L3_GGTGAAGTCTGCCTCA,Memory CD4 T cell
E2L4_CATCGGGGTTGCTGAT,Memory CD4 T cell
L5_ATGCGATTCCAGTGCG,Mast cell
E2L1_TGCACGGCAGTATGAA,Plasma cell
E2L2_TCCATCGAGTCTGCAT,Memory B cell
L1_AGGAGGTTCCACTGGG,Plasmacytoid dendritic cell
L3_CCACGTTTCACGTAGT,Plasma cell
L5_AGCGTATAGTAACCGG,CLEC9A+ dendritic cell
E2L3_TACTGCCAGTGGTCAG,Memory B cell
E2L3_TCCTAATCAGCTGTAT,CD16+ NK cell
E2L3_GCACATATCAAGTCGT,CD14+ monocyte
L5_TAGGTACGTTCAGCGC,CD161+ memory T cell
E2L5_TGGTGATTCCAAGAGG,Platelet
E2L6_CCTTCAGTCACTTGGA,Memory B cell
E2L4_AAGTACCCAGGCCCTA,Plasma cell
E2L1_GGCTGTGAGTTGGACG,Platelet
L1_CCTAAGAAGTTCTCTT,Plasma cell
E2L2_CCAAGCGTCGCAGATT,Naive B cell
L4_GTCCCATCAAACTAGA,Naive B cell
L2_CAGATACAGACGGATC,Cycling NK cell
L5_ACTTCCGCAGATTCGT,Plasmacytoid dendritic cell
E2L1_ACCCTCACACGATTCA,CD1c+ conventional dendritic cell
L4_GGGCTACAGAGGTCAC,CD161+ memory T cell
L5_TTACGCCGTGAGTAGC,CD16+ monocyte
E2L2_TAGCACAAGCTAATCC,Memory CD4 T cell
L2_AGACAGGCAAATAAGC,CD14+ monocyte
L3_CACTGTCTCCTGTAGA,Memory CD4 T cell
L5_GACTTCCTCTCTCAAT,Naive CD8 T cell
L1_TTAATCCCAGGATCTT,Effector memory CD8 T cell
L5_CAACGGCAGCTCACTA,CD161+ memory T cell
L1_GTGGTTAAGAGCTTTC,Memory B cell
E2L3_TCAGTTTCACTCCTTG,CD16+ NK cell
L3_TACCTGCTCTGAGTCA,Erythrocyte
E2L2_TCAATCTCATCCTTGC,Cycling NK cell
E2L8_GAACTGTCAATAAGGT,Memory CD4 T cell
E2L3_CGGGTGTTCTCCGAAA,CD16+ monocyte
L1_GGTGTTAAGATAGCTA,Activated T cell
E2L6_GGAATCTGTGACTGTT,Platelet
L3_TCAATCTGTCCGGTCA,Naive CD4 T cell
L4_CAAGAGGTCCGATTAG,Platelet
E2L7_TCAGTTTTCAAACCCA,CD1c+ conventional dendritic cell
L1_CAATCGAGTCAAGGCA,Effector memory CD8 T cell
E2L7_TCCCATGTCTTTGATC,CD14+ monocyte
E2L8_AGCGCCAAGTCCCGGT,Cycling NK cell
L3_ATCATTCGTTGACGGA,Plasma cell
L1_GTCTGTCCAGTACTAC,Naive CD4 T cell
E2L5_CGAAGGAGTGCATTAC,CD16+ NK cell
E2L2_CCCTCTCGTACAAGCG,Memory CD4 T cell
L5_GAAGCGACAGGTTCAT,Mast cell
E2L2_GGCTGTGAGACTCTAC,Memory CD4 T cell
L5_TGAGCATTCATTCGGA,Plasma cell
L4_TCCACCAGTACAGCGA,Effector memory CD8 T cell
E2L8_CCACGTTCAGTAGTTC,CD16+ NK cell
E2L5_TGGAGGACAATACCTG,CD14+ monocyte
E2L4_CGTCCATTCATTTCCA,CLEC9A+ dendritic cell
E2L8_TTGCATTGTACGGCAA,Naive CD4 T cell
E2L8_GGCAGTCAGAATCGAT,Cycling NK cell
E2L4_ACTGCAAAGCCTTGAT,CLEC9A+ dendritic cell
L1_ATCGTCCTCCGCTGTT,Naive CD4 T cell
L2_TCTATCATCGTCAACA,Naive CD4 T cell
L1_GAATCGTTCGGAGATG,Erythrocyte
E2L8_TCGCAGGTCGACACCG,Plasmacytoid dendritic cell
L4_GAATCGTAGCCGGAAT,Naive B cell
L2_CGCAGGTTCATTCCTA,Effector memory CD8 T cell
L5_CACAGGCCAGTTTCAG,Memory CD4 T cell
E2L2_GTAGTACCAGGTCCGT,Naive CD4 T cell
E2L5_GGATCTATCACGGGAA,Naive CD4 T cell
L3_GGCGTCAAGTGCACCC,CD161+ memory T cell
E2L4_GTTTGGAGTGCCGTAC,Cycling NK cell
E2L8_AGAAGTAGTAGCTTGT,Memory B cell
L2_ATTTCTGCAACTGCTA,CLEC9A+ dendritic cell
E2L5_AGAACCTTCGCTCCTA,Plasma cell
E2L7_GTAACACAGAGTTGCG,Plasma cell
L2_GCTACAAGTCTGATAC,CD16+ monocyte
E2L3_CTTCCTTGTTTGTGGT,Effector memory CD8 T cell
E2L7_ATTACTCGTTGACGGA,CD14+ monocyte
E2L8_TCATGTTCATCGTTCC,Naive B cell
L2_GAATCGTCAGTTGGTT,Cycling NK cell
L2_CTACAGACACACTGGC,Effector memory CD8 T cell
L2_ACTGTGAGTGATACTC,Naive CD8 T cell
L3_CTTCGGTGTAGGTCAG,Naive CD4 T cell
L4_TACTGCCTCGAGGCAA,Activated T cell
L3_TCGACCTAGGGTATAT,Cycling NK cell
E2L7_CGGGTCACAGGCACAA,Naive B cell
L5_TCACGCTAGGCCTTGC,Naive CD4 T cell
L2_TGTAGACTCGGCAGTC,CD56bright NK cell
E2L7_ACACAGTTCTAAGCGT,Naive CD4 T cell
L5_TACCGAATCATGCATG,CD16+ NK cell
L1_AGGAGGTTCGCTGCGA,Naive CD4 T cell
E2L4_GACCTTCTCCGCTAGG,Memory B cell
E2L8_CTCAACCAGTAGGTTA,Effector memory CD8 T cell
E2L3_GTGCTGGAGGTGAGCT,CD1c+ conventional dendritic cell
E2L6_ACTGTGATCCACGGAC,CLEC9A+ dendritic cell
E2L8_AGGGTTTCAAATGATG,CD14+ monocyte
L5_TACACCCAGACTTCGT,Naive CD4 T cell
L1_GGGCTCAGTCTGTAGT,Mast cell
L3_GTGGCGTCAATCTCGA,Effector memory CD8 T cell
L4_TGGAACTAGTTGGCGA,Naive CD4 T cell
L2_AGAGAGCAGGTAGTCG,CD161+ memory T cell
E2L8_TGGGTTAAGATAACAC,Platelet
L3_TTTCCTCGTCCAAAGG,Naive CD4 T cell
E2L3_CCCTGATAGTGTCATC,CD16+ monocyte
E2L1_GAAGGACGTGTCACAT,Naive B cell
E2L2_GAGAGGTGTCGTCATA,Naive CD4 T cell
L3_GTCTTTACAAATGGTA,Memory CD4 T cell
E2L2_TTGAACGTCAGCAGAG,Plasmacytoid dendritic cell
L1_CAGATCATCGCTTTAT,CD14+ monocyte
E2L3_CTCCTTTAGGCCCACT,CD56bright NK cell
L5_GACACGCGTTGCTTGA,Naive CD4 T cell
E2L8_GACGTTACAAATCCCA,CD16+ monocyte
E2L7_ATGCGATGTAGTAAGT,CD56bright NK cell
E2L3_GCCTGTTCAAGACGGT,Memory B cell
E2L4_CCTGTTGAGCTCGTGC,Cycling NK cell
L1_ATCACAGCACGTCGGT,Naive CD4 T cell
E2L3_CCTCCTCTCAAACGAA,Naive CD4 T cell
L5_AGTTCGAAGCCATTGT,Erythrocyte
E2L3_TGATTCTCAGGTCAGA,Cycling NK cell
E2L2_CACGTGGAGTCACGCC,Mast cell
L3_TCATTACCAGAAGTTA,CD1c+ conventional dendritic cell
E2L6_ATCACTTTCCGTGGCA,Plasma cell
L3_TTACGCCTCACGGGAA,CD16+ monocyte
E2L7_AGCTCAATCGCCTATC,CD1c+ conventional dendritic cell
L2_GTGCACGCATGTAACC,Naive B cell
E2L6_TCGTGCTTCGCAGATT,CD161+ memory T cell
L5_CTGATCCGTGCAACGA,CD16+ monocyte
L5_TGATGCAAGCCGGATA,CD161+ memory T cell
L4_GTTACAGCATTGCTGA,Memory B cell
E2L6_GTGTTAGAGTGCAAAT,Naive B cell
E2L2_GTCAAACAGTTACGAA,CD14+ monocyte
L3_TGGAGAGCATGAAGCG,Naive CD4 T cell
L2_CGAAGTTTCACCTGGG,Effector memory CD8 T cell
E2L7_ACCTGTCAGCATCGAG,CD56bright NK cell
L1_TCCCACATCACGACTA,Platelet
E2L3_AAACGCTTCACCCTGT,Effector memory CD8 T cell
E2L7_CAGTGCGGTGGAATGC,CD16+ NK cell
L5_GCTGCAGTCATTGCCC,Memory CD4 T cell
E2L2_GTAGGAGAGGAGGGTG,Memory B cell
E2L5_GCACTAAGTGACTATC,CD16+ monocyte
E2L1_ATTCAGGGTTGCGGCT,Effector memory CD8 T cell
L3_TTCGATTCACGTACTA,Mast cell
E2L7_CGGGTCACAGTTCACA,Effector memory CD8 T cell
L2_GGTTCTCGTTTACCTT,Memory CD4 T cell
L1_TGGTGATGTTCTTGTT,Naive B cell
E2L5_TCCACGTTCCGACATA,Memory B cell
E2L3_CATCCCAAGGTAGGCT,Plasmacytoid dendritic cell
L5_TCTTAGTGTATGGTAA,CD16+ NK cell
L4_ATCCATTGTAGCCAGA,Naive CD8 T cell
E2L3_AGAGAATCATGGGTCC,Naive B cell
L5_GTTCGCTGTTACGGAG,CLEC9A+ dendritic cell
E2L2_TGTCAGAAGTTACTCG,Memory B cell
L1_GCAGTTATCTCTCTAA,Memory B cell
L1_AGCTACAGTATTCTCT,Activated T cell
L5_CGAGGAACAGCTAACT,Naive B cell
E2L5_TCTCACGAGAGTCGAC,Naive CD4 T cell
E2L1_TCCTCGAAGAAGCGGG,Effector memory CD8 T cell
E2L6_CAATGACAGCCTCCAG,Memory CD4 T cell
L4_TTTGATCAGCGACATG,Cycling NK cell
L4_ATGTCTTCATCGAGCC,Naive B cell
E2L6_TGACAGTCAACAGCCC,Effector memory CD8 T cell
E2L8_ACTTTCAGTCTTCGAA,CD16+ monocyte
E2L4_ACTCTCGAGGTTGAGC,Cycling NK cell
L2_CGGAATTCACTGGCCA,Memory CD4 T cell
L5_ACACAGTTCATGCCAA,CD16+ monocyte
E2L7_TTCCAATTCGGTAACT,Effector memory CD8 T cell
L3_AAAGGATAGCGCCTAC,Naive B cell
E2L2_TTGGGCGTCCCGATCT,Effector memory CD8 T cell
L1_AGTACTGTCGAGAGAC,CD16+ NK cell
E2L5_ACAGGGACAGTCAACT,CD1c+ conventional dendritic cell
L5_TAAGTCGCAACACAGG,Naive CD4 T cell
E2L2_ACATGCAAGATCCTAC,CD56bright NK cell
L4_CATTCATAGGATGTTA,Memory CD4 T cell
E2L4_TTCCGTGAGATAGGGA,Naive CD4 T cell
E2L5_CTTGAGACAGGCAATG,Effector memory CD8 T cell
E2L5_ACACGCGCAGAAGCTG,Memory B cell
E2L3_ATGATCGCAGCTATTG,CD16+ monocyte
E2L5_GACTGATGTGACAGCA,Cycling NK cell
E2L2_CGGAATTCACGATTCA,CLEC9A+ dendritic cell
E2L7_GATGCTAAGAGTGGCT,CLEC9A+ dendritic cell
L2_GATGGAGGTCGCACAC,Platelet
E2L3_ATGATCGTCTCTTAAC,CD16+ NK cell
L3_TGAGTCATCTATTCGT,Naive CD4 T cell
L5_CATGGATCACTAGGTT,CD161+ memory T cell
L5_TGGAACTCATCCTAAG,Cycling NK cell
E2L8_CTTCAATTCTGCGGCA,Memory CD4 T cell
L5_TGATGGTTCGAGATGG,Naive CD4 T cell
L4_TCTTAGTCATGGAACG,Memory CD4 T cell
L4_GGGAGATTCTTCGATT,CD14+ monocyte
E2L7_GATCCCTTCTTCCACG,Cycling NK cell
E2L1_AACCTGAAGAGTGACC,Memory CD4 T cell
E2L3_TTCGCTGGTCCTATAG,Memory B cell
E2L2_GAATCACAGACTAGAT,Naive CD4 T cell
L5_TTCTAGTCATTGCTGA,Memory CD4 T cell
E2L8_TGCCGAGCATTGACAC,Platelet
L3_CTTACCGCAGCTACTA,Naive CD4 T cell
E2L1_CAGGCCACAGACCAGA,Effector memory CD8 T cell
E2L3_GCTTCACAGACCTCAT,Memory B cell
E2L6_TCCATCGAGTCGGCAA,Naive CD4 T cell
L4_TCGGGACAGAAGTCTA,Plasma cell
L1_CATGCTCAGCAGGCAT,Mast cell
L1_TCATTGTAGGGATCAC,CLEC9A+ dendritic cell
E2L6_TTGCATTCAATGCAGG,CD16+ monocyte
E2L4_GTTAGTGCATGAGGGT,Memory B cell
E2L8_TGATCAGTCGGTATGT,Plasmacytoid dendritic cell
E2L5_GTAACCACAAGAAATC,Naive CD4 T cell
E2L4_CGGAACCAGACATATG,Naive CD4 T cell
L1_CAACGATAGAAGCGGG,CD56bright NK cell
E2L7_GTGGGAAGTTCGAAGG,CD16+ NK cell
L1_TACTTGTAGTTTGGCT,Naive CD4 T cell
L2_TTGACCCCAACGTTAC,CD161+ memory T cell
L1_TTAGGCACAGTCGAGA,Effector memory CD8 T cell
L4_CCTTGTGTCTGCTTAT,CD161+ memory T cell
L4_CACAGGCCATGGCCAC,Memory CD4 T cell
L3_TCTATACTCCCGATCT,Naive B cell
E2L4_ATTTCACTCTATCGTT,Activated T cell
L1_AGCCAGCAGAGAGTTT,CD56bright NK cell
L2_CGAGTTAAGCGAGGAG,Plasma cell
E2L2_GTGCACGAGATTGATG,Plasmacytoid dendritic cell
E2L6_TTTGATCCAAGAGTTA,Effector memory CD8 T cell
L1_CAAGGGATCTTTGATC,Memory B cell
L4_AAGATAGTCAAGCTTG,CLEC9A+ dendritic cell
L1_TTTGTTGTCAGGAAAT,Plasma cell
E2L2_ATGGATCGTCAGTCTA,Plasmacytoid dendritic cell
E2L1_CAGTTAGTCCTCTTTC,CD1c+ conventional dendritic cell
E2L8_AATCGTGGTCTTTATC,Effector memory CD8 T cell
L4_GAATCGTCAGTTGCGC,Memory CD4 T cell
E2L3_CCTAACCCAGAGCCCT,Memory B cell
E2L2_CGATCGGAGAATTTGG,Effector memory CD8 T cell
L3_GAATAGAAGTAGTCAA,Mast cell
E2L1_TTCTCTCTCTCACGAA,Plasmacytoid dendritic cell
L4_CTCATGCGTCGATTAC,Memory CD4 T cell
E2L1_CATCGCTGTGTATCCA,CLEC9A+ dendritic cell
L4_TTTCCTCCACAGTACT,CD56bright NK cell
L5_CTCCTTTAGGAGAATG,CD161+ memory T cell
L4_GGACGTCAGTAGCAAT,Cycling NK cell
E2L8_TTGACCCAGGCAGCTA,CD56bright NK cell
L2_ATGTCTTGTCAGGAGT,Naive CD4 T cell
E2L8_GGTGAAGAGACCAGAC,CD14+ monocyte
E2L7_GGGACAATCATTCTTG,Memory CD4 T cell
L2_TCGAAGTTCGACACCG,Mast cell
L3_ACCCAAAGTCGCGTCA,Naive CD4 T cell
E2L5_CAACCAATCACAGTGT,Plasma cell
E2L4_GTGATGTCACTTCATT,Memory CD4 T cell
L3_TCACGGGGTGACATCT,Mast cell
E2L6_TAGATCGGTTCAAGTC,CD1c+ conventional dendritic cell
E2L7_ACATCGATCATAGAGA,Effector memory CD8 T cell
L3_GGCAGTCGTTGGGACA,Naive B cell
L3_TGTTGGAAGGCAGTCA,CD16+ NK cell
E2L5_CCACAAAGTAATGCTC,Plasma cell
L5_GCACATATCGGAACTT,Mast cell
E2L5_ATGAAAGTCGACGAGA,CD14+ monocyte
E2L3_TAGTGCAAGAGTGGCT,CD56bright NK cell
E2L3_TCCTGCAAGACGCCCT,CD16+ NK cell
E2L3_AGGTAGGAGGAGAATG,Cycling NK cell
E2L2_TGAGCGCTCGATTGGT,CD56bright NK cell
L4_ATAGACCGTCAAGTTC,Cycling NK cell
E2L4_GTTGCGGTCACCCTTG,CD16+ NK cell
L1_TCCCATGCACCGGTCA,CD14+ monocyte
E2L3_CTGAGGCGTCGTCAGC,CD1c+ conventional dendritic cell
E2L4_AGTAGTCGTGCAACAG,CLEC9A+ dendritic cell
E2L7_ACCAAACAGTGCACAG,Cycling NK cell
L4_CCATAAGCAATCAGCT,Effector memory CD8 T cell
L5_TGTCCTGAGACAACAT,Effector memory CD8 T cell
E2L3_TACGGTAAGCGTTACT,Plasma cell
E2L2_TGTACAGAGCGACTAG,Plasmacytoid dendritic cell
L4_TCCTCTTCATTGGATC,Naive CD4 T cell
L3_CTCAGTCTCAGTGTGT,Memory CD4 T cell
E2L2_TTTGTTGCATGAAGCG,Memory CD4 T cell
L5_TTCTGTAAGTGCGTCC,Memory CD4 T cell
E2L6_AATTCCTTCAGCTGTA,Cycling NK cell
E2L5_GGACGTCCAGAGAAAG,Naive B cell
L5_TCTCAGCGTGAGCAGT,CD14+ monocyte
L1_TGCGATAGTATCGCGC,Naive B cell
E2L6_TGGGCTGTCTATTTCG,Memory CD4 T cell
E2L8_GATAGAAGTGCGGCTT,Naive CD4 T cell
E2L5_CATCGCTCACACGCCA,Memory B cell
L4_AGCGTCGCATCAGCGC,Memory CD4 T cell
E2L2_TGTCCACTCGGCTTCT,Plasma cell
L3_CGAGTGCTCTATCACT,CD161+ memory T cell
E2L5_CTCAACCCATAGGCGA,Effector memory CD8 T cell
E2L6_TACTTGTTCGTCCATC,Effector memory CD8 T cell
E2L1_ATTGTTCCATATACCG,Effector memory CD8 T cell
L2_TTTGGAGTCTTCCCGA,Naive CD4 T cell
E2L6_GGGCTCAAGGTTTACC,Naive CD4 T cell
E2L7_TCCGGGATCAAGCTTG,Memory B cell
E2L8_CATACAGTCCCGGTAG,Naive CD4 T cell
E2L7_GGGACTCCAACGCCCA,CD1c+ conventional dendritic cell
E2L6_TGCAGTAAGTTGTCAC,Effector memory CD8 T cell
E2L2_CCCTGATTCGTGGCTG,Mast cell
L5_TTTACTGGTACACGTT,CD14+ monocyte
E2L2_ACTACGAGTTTGGGAG,CD14+ monocyte
L5_ATCACTTGTCGTTGCG,Naive CD4 T cell
E2L8_AAGACTCAGCCTTCTC,CD14+ monocyte
L2_CTCCTCCTCATTTGGG,CD14+ monocyte
E2L8_AACAAAGGTACAAGTA,CD16+ NK cell
L4_CATACAGAGATAACAC,Cycling NK cell
L2_CTAACCCAGACTCATC,Naive CD4 T cell
E2L3_TACGGGCCATCCTATT,Platelet
E2L8_GAAGTAAAGGGATCAC,Memory CD4 T cell
L4_ATCGGATCAATGCAGG,Plasma cell
E2L6_GCGTGCAGTGCTAGCC,Naive B cell
L3_GCATCTCTCAAATGAG,Effector memory CD8 T cell
E2L6_GAAGCCCCACAATGCT,Effector memory CD8 T cell
E2L3_ACCCTCAGTCAAGCCC,CD1c+ conventional dendritic cell
E2L2_CGCGTGAAGCTTGTGT,Memory CD4 T cell
E2L8_ATACCTTTCCTGTAAG,Activated T cell
L5_GGAGGATGTTCAGGTT,Plasmacytoid dendritic cell
E2L5_CTCAGAATCCCTTGTG,Memory CD4 T cell
E2L3_TTCAATCAGGCACGAT,Platelet
L2_CATTCCGTCTATGTGG,Mast cell
E2L1_CGGTCAGCACCGGCTA,CD1c+ conventional dendritic cell
L1_TATATCCCACCGAATT,Naive CD4 T cell
L4_TGTTCATTCATAGCAC,Memory CD4 T cell
E2L6_AGTAACCAGCGGGTTA,Plasma cell
E2L8_GTGAGGAAGCCGTTAT,Memory CD4 T cell
L1_GCAACATAGGTGCTAG,Naive CD4 T cell
E2L8_TTCGATTTCGAAGCCC,CD16+ NK cell
E2L8_GTTGCGGCAATTCACG,Naive B cell
L2_CTTCCGAGTGTTAGCT,Naive CD8 T cell
E2L7_TTACAGGTCGGACGTC,CLEC9A+ dendritic cell
L1_CACAACACATCAACCA,CD1c+ conventional dendritic cell
E2L8_ACCTGTCCATGGATCT,Memory B cell
E2L8_GTGGAAGTCCATGATG,CD1c+ conventional dendritic cell
L1_CCAATGATCGATTGGT,Naive CD4 T cell
E2L4_CCTTGTGGTAACTAAG,Naive CD4 T cell
L4_TGTCCACTCAGGAACG,Effector memory CD8 T cell
L3_GTTACCCGTTTCGACA,CD1c+ conventional dendritic cell
E2L5_AGGGCCTGTGACACGA,Memory B cell
L4_AATCGTGCACACTGGC,Plasmacytoid dendritic cell
E2L4_GGAATGGAGACCTCAT,Effector memory CD8 T cell
E2L2_GTAGGAGCAACTCCAA,CD56bright NK cell
E2L7_ACTGTGACACAGCTGC,Naive CD4 T cell
L3_CTTGATTCATTCAGCA,CD1c+ conventional dendritic cell
E2L1_TGTGTGAAGGGTCAAC,Memory B cell
E2L5_CGACAGCGTAAGGCTG,Cycling NK cell
L3_AGGGTGACACGACAGA,Plasmacytoid dendritic cell
E2L2_CTTCCGAGTCGACTTA,Naive B cell
L4_CGATGGCAGGCGCTTC,Mast cell
L3_CGATGGCCAGAACTTC,Mast cell
L2_CGATGGCTCGCACTCT,Naive CD4 T cell
E2L5_TGCGGGTCAAGACGAC,Memory CD4 T cell
E2L8_CTGCAGGTCACTCGAA,Platelet
E2L5_GAAGGACGTGCGGCTT,Cycling NK cell
L4_GTAATCGAGCTAGAAT,Naive B cell
E2L8_TCATCATAGTGGAATT,CD16+ monocyte
L3_TCATCATGTAGTAAGT,Naive CD4 T cell
E2L4_GCAGGCTGTCCTACGG,Plasma cell
E2L1_GAGGCAAAGATGAAGG,CD16+ NK cell
E2L1_CCGTTCAAGTGTAGTA,Naive B cell
E2L6_GGGAGTACACCATAAC,Memory B cell
L5_GTAGGAGGTAGAGACC,Effector memory CD8 T cell
E2L2_CCCTGATTCAATGCAC,Cycling NK cell
E2L1_TGGTGATCAGACCTAT,Effector memory CD8 T cell
L2_CTGTATTGTTGCTTGA,Naive CD4 T cell
E2L1_TGATCAGCATGTTTGG,CLEC9A+ dendritic cell
E2L8_ATTTACCAGATAGCAT,Memory CD4 T cell
E2L1_ATTGTTCGTAGATGTA,CD161+ memory T cell
L3_CTGGACGGTACAGGTG,Plasmacytoid dendritic cell
E2L6_TTTGACTGTTTCGGCG,CD16+ NK cell
E2L4_CGATGGCAGAGATGCC,Effector memory CD8 T cell
E2L7_TCCTTCTCAACCCTCT,CD16+ monocyte
E2L2_TTCGATTTCTCAGTCC,Plasmacytoid dendritic cell
L2_GTGGTTAGTTCGGTAT,Memory CD4 T cell
L3_CAGTTCCAGTAAGACT,Effector memory CD8 T cell
E2L3_TTCCTTCGTGCGGCTT,Memory B cell
L2_TGTCAGAGTCCTCAGG,Naive CD4 T cell
E2L6_ACCATTTGTGGTACAG,Memory CD4 T cell
E2L4_GTAGAAACATGATGCT,CD161+ memory T cell
E2L6_ACTTATCCAGTCCGTG,CD14+ monocyte
L4_GCCATTCAGTACCGGA,Naive CD4 T cell
E2L4_AGAACAAAGGTCGTCC,Naive CD4 T cell
E2L7_ACTTCGCAGGCGAACT,Cycling NK cell
E2L3_TACTTCATCCACACAA,Plasmacytoid dendritic cell
L5_GGCGTCACATAGGTAA,Naive CD4 T cell
L4_CGAGAAGGTCCGAAAG,Naive CD4 T cell
L5_ACCCTTGGTGGCAACA,Memory CD4 T cell
E2L4_GTAACCAAGGCGATAC,Naive CD4 T cell
L5_GAAGGACGTCATGACT,CD161+ memory T cell
L2_GAGGGATGTGAGTGAC,Naive CD4 T cell
E2L1_AAGGTAAAGTACGTCT,Effector memory CD8 T cell
E2L7_CACTGGGTCATTTACC,Memory B cell
L3_GTTACCCTCCTAGCTC,Activated T cell
E2L4_GACCGTGAGGATGGCT,CD16+ monocyte
E2L6_ATTCATCCAATAGTGA,Effector memory CD8 T cell
E2L5_TTACGTTTCCCGTGTT,Plasma cell
L3_ACGGTCGAGGCCCAAA,Plasmacytoid dendritic cell
L1_GATTGGTTCTCTGCTG,Naive CD8 T cell
E2L2_GAGGGATTCGGCTGGT,Memory CD4 T cell
L3_GGGCTACAGGTGCTTT,CD16+ NK cell
E2L6_GTACAGTAGTAAACGT,Memory CD4 T cell
L2_CCCATTGCAGCGTACC,Effector memory CD8 T cell
L1_ATTTCACGTGAACTAA,CLEC9A+ dendritic cell
L5_GACGCTGTCGACGCTG,Effector memory CD8 T cell
E2L3_CTGCCTACATTGACTG,Memory CD4 T cell
L4_TGAGGGAGTCGGAACA,Platelet
E2L8_TTGATGGCAGATTTCG,Memory B cell
E2L1_CCGGTGAGTAAGATAC,Memory B cell
E2L8_AGTGACTCAACGTTAC,CLEC9A+ dendritic cell
L1_AGGGCCTCACAACATC,Naive CD4 T cell
L2_TCTTTGACATCCGAAT,Naive CD4 T cell
E2L7_CTCAGTCGTGCGAACA,Plasmacytoid dendritic cell
E2L5_CATTGTTTCTCTCTTC,CD16+ NK cell
E2L3_TTAGTCTTCTCGGTAA,CD16+ monocyte
E2L5_CATTGTTAGTGTTCAC,Plasmacytoid dendritic cell
E2L4_CAAGCTACAATCCTAG,Effector memory CD8 T cell
L3_TTAATCCGTTGTATGC,Effector memory CD8 T cell
L1_TTCTAGTTCCGATGCG,Effector memory CD8 T cell
L3_TTCTGTAGTCCTGTCT,Plasmacytoid dendritic cell
L2_TGTCCACGTGAGAACC,CD161+ memory T cell
E2L5_GAGACCCAGTCACGAG,Memory CD4 T cell
E2L2_AGACAAAGTGACATCT,Naive B cell
E2L5_AGGGTCCAGGGTACAC,Memory CD4 T cell
E2L4_AAAGGGCTCTGGACCG,CD161+ memory T cell
E2L8_ACTTCCGGTTAAACCC,Plasmacytoid dendritic cell
E2L5_ATAGAGATCAGTGCGC,Plasmacytoid dendritic cell
E2L4_ACATCCCGTACTCAAC,Platelet
L1_ACTATTCAGAGGCGGA,Memory B cell
L1_TCGTGCTGTCTTTCTA,Naive CD4 T cell
E2L1_CAGTTAGCAACATACC,Cycling NK cell
E2L7_CTGTCGTCATGGAGAC,CD1c+ conventional dendritic cell
E2L3_TTTCATGAGAGGCTGT,Platelet
E2L3_TCTCTGGTCGCTGCGA,CD14+ monocyte
E2L6_TCGGGCAGTGGCATCC,Naive CD4 T cell
L1_CTCCCAAAGAGTCGAC,Activated T cell
L1_CTTCTAAGTATCGATC,CD16+ NK cell
E2L1_AGAGAGCAGCGGATCA,Effector memory CD8 T cell
E2L2_TGAGTCAGTCCTTAAG,Activated T cell
L5_GACCAATCACGTATAC,Naive CD8 T cell
E2L5_GTAGTACCAGGCACAA,Platelet
L5_ATGCGATAGGAACTCG,Naive CD4 T cell
L2_AACCTTTAGAATAACC,Cycling NK cell
L5_TGAGTCAAGTTTCGAC,Naive CD4 T cell
E2L1_TGGAACTTCGGACAAG,Effector memory CD8 T cell
E2L3_CGTTCTGGTTACACTG,Naive CD4 T cell
L1_TATTGGGGTTCCTAGA,CD1c+ conventional dendritic cell
L3_TGCAGATTCGAAATCC,Memory B cell
L5_AGACAAAGTGATTAGA,Cycling NK cell
L3_TCGGGCAGTGCCTATA,Effector memory CD8 T cell
L1_CAATCGACAGGTTCCG,CD14+ monocyte
L3_CCTCTCCAGGTTGCCC,Mast cell
L4_TGCTCGTGTACAGTAA,Memory CD4 T cell
E2L8_TTGATGGTCACACGAT,CD1c+ conventional dendritic cell
E2L3_CGTAAGTGTAAGACCG,Effector memory CD8 T cell
E2L6_CACCAAACACAGTGTT,Effector memory CD8 T cell
E2L2_GTGTAACCACTCAAGT,CD16+ monocyte
E2L4_ATGCCTCTCGGCAGTC,Memory CD4 T cell
L1_AGACCCGGTCTGATCA,Effector memory CD8 T cell
L5_TCAGTTTCACGGCGTT,Memory CD4 T cell
L4_GGTGTCGCAGCTACCG,Naive CD4 T cell
E2L2_ACACTGAAGACTCCGC,CD16+ monocyte
L5_CGGGTCATCCTTGAAG,Cycling NK cell
E2L8_CTCACTGAGGTAACTA,CD56bright NK cell
E2L7_GAGGGTACACGTCATA,Memory B cell
L1_ACATTTCTCACGGGAA,CD14+ monocyte
E2L8_GAGTGTTGTTAAGGAT,Memory CD4 T cell
L3_AGTCACAAGTAATCCC,Naive CD4 T cell
E2L7_GCCAGTGTCCTGCTAC,Platelet
E2L5_CTAAGTGCAAGACGGT,CD14+ monocyte
E2L2_AGTACCATCTGGGCAC,CD56bright NK cell
E2L5_GTGTCCTTCACTTTGT,CD16+ NK cell
L2_CTCAGTCCATCCGGCA,Naive CD4 T cell
L5_TTTACTGGTCGTGCCA,CD14+ monocyte
E2L4_AGCTCAAAGATGTAGT,CD1c+ conventional dendritic cell
L5_TTCCTCTAGGTCATTC,CD161+ memory T cell
E2L3_CGGAGAAAGCCGATCC,Naive CD4 T cell
L5_TGCTCGTTCGAGCCAC,Activated T cell
E2L4_AGCCAATCAGAGAGGG,Naive CD4 T cell
E2L3_AGGTTACTCTATACTC,Plasmacytoid dendritic cell
L1_TATATCCGTAGCGTTT,Memory CD4 T cell
E2L8_GCCAGCATCCGATAGT,Memory B cell
E2L7_ATCGCCTCAACGACAG,Platelet
E2L7_ATTATCCGTCTCTCAC,Memory CD4 T cell
L1_AAGCGAGAGAAATTCG,Naive CD4 T cell
L5_GGCTTGGTCGAGCCTG,Effector memory CD8 T cell
L5_TCGAAGTAGACCATAA,Naive CD4 T cell
E2L8_ACGTCCTAGGTGAGAA,Effector memory CD8 T cell
E2L7_TCTTAGTTCGCATTGA,CLEC9A+ dendritic cell
E2L8_TTCTGTATCACTGGGC,CD14+ monocyte
L1_ATTTACCAGGCCTGAA,Memory CD4 T cell
E2L1_CCGGTAGAGACATAAC,Memory B cell
L3_ACTTATCTCACGGACC,Naive CD4 T cell
E2L3_AGTTCCCTCGACCATA,Naive CD4 T cell
L3_GTAACCACAAAGACTA,Effector memory CD8 T cell
L1_TCAGTTTAGCCTTGAT,Naive CD4 T cell
E2L1_CGAGGCTCAAGGTCGA,Naive CD4 T cell
L3_CCCGAAGCACGACGTC,Memory CD4 T cell
E2L6_GTCATGAGTTGCACGC,Effector memory CD8 T cell
E2L4_AACCATGTCTGCGATA,CD16+ NK cell
L5_TACCGAAAGCCACTCG,Mast cell
L4_CTCCTTTTCAAATAGG,Memory CD4 T cell
E2L4_GTGGTTACAGGGTTGA,Plasma cell
L2_AGGAATATCTCTGAGA,Memory CD4 T cell
L3_TCATGGAGTCACAGTT,Naive CD4 T cell
L3_TATTTCGGTCAACCTA,Activated T cell
E2L5_TATCTTGTCCATTGTT,Memory B cell
L2_AGTAACCTCTCTTCAA,CD1c+ conventional dendritic cell
E2L6_TCGTCCAGTCAAATCC,Effector memory CD8 T cell
E2L1_GCCATGGGTCCTACGG,Cycling NK cell
L2_CTAACCCCACAGTGAG,Effector memory CD8 T cell
E2L4_GGTGGCTTCTCTAGGA,Naive CD8 T cell
E2L2_ATTCTACCACCTGCAG,CD1c+ conventional dendritic cell
E2L7_AGACCATTCGTAGTCA,Cycling NK cell
E2L2_TTATTGCAGCCAAGGT,Naive CD4 T cell
E2L8_ACCCAAACAGGTGGAT,Memory B cell
E2L2_AGATCGTTCGTGTGAT,Cycling NK cell
E2L5_AAGGTAATCGACATAC,CD1c+ conventional dendritic cell
L1_GAACTGTAGCAGGCAT,Plasma cell
L1_ATGGATCCAGTTAGAA,Effector memory CD8 T cell
L3_GCGAGAAAGATCCAAA,Memory CD4 T cell
L1_GATCACAAGCATTGTC,CD161+ memory T cell
L5_CCGTTCATCAACCTCC,Plasmacytoid dendritic cell
E2L4_GATGACTGTCAATGGG,CD16+ monocyte
L2_CGAATTGTCGTCACCT,Platelet
L5_GTCAGCGGTCACAATC,Naive CD8 T cell
E2L2_GACACGCTCCGCATAA,Cycling NK cell
L2_TTACCGCCATGGAATA,Cycling NK cell
E2L7_ACTTAGGTCCGTCCTA,CD16+ NK cell
L1_TTAGTCTCACGCCAGT,Activated T cell
E2L8_TCGGATAGTAGCGTCC,Naive CD4 T cell
E2L2_CACTAAGAGTTCAACC,Memory CD4 T cell
E2L7_GTTACAGGTGATCGTT,Effector memory CD8 T cell
E2L1_TTACCATTCGGACTGC,CD14+ monocyte
E2L6_CTAACCCTCACTTTGT,Memory CD4 T cell
E2L6_TAACGACAGAGAAGGT,Naive CD4 T cell
L2_AATGGAATCCCAGTGG,CD161+ memory T cell
L4_TCACTATGTGTGTCGC,Naive CD4 T cell
L5_GTAGCTAAGCACACAG,Plasmacytoid dendritic cell
E2L6_GAAGCCCTCCAAACCA,CD14+ monocyte
E2L2_ACGTAGTTCCATCTCG,Naive B cell
E2L7_TGTCAGATCGCCGAGT,Naive CD4 T cell
E2L2_CCTGCATCAAATTAGG,Naive CD4 T cell
L1_TGACAGTTCTACTTCA,Cycling NK cell
L5_GTTGTAGAGTCATGGG,Naive B cell
L4_CCCATTGTCAGCTGTA,Mast cell
E2L7_ACATTTCGTTGCTCCT,CD1c+ conventional dendritic cell
L1_ACTCTCGCAGGTTCAT,Naive CD4 T cell
L5_CTGAGGCAGCTGTTCA,Naive CD4 T cell
L1_TTGTGTTCAATTGGTC,Effector memory CD8 T cell
L5_AGTCTCCCATCCTTCG,Naive CD4 T cell
E2L2_ACAGAAAGTCGATTTG,Plasmacytoid dendritic cell
E2L5_TGACAGTCATGTGCCG,Effector memory CD8 T cell
L5_GCACGTGAGTCGCCAC,CD56bright NK cell
L5_TGAATCGAGCTCCGAC,Memory B cell
E2L7_GACAGCCTCGCCACTT,Memory B cell
E2L8_GTTTGGACATGTTCAG,Plasma cell
L3_CCTACGTCAGTCTACA,Naive CD4 T cell
L3_TTGCATTCATTGTCGA,Memory CD4 T cell
E2L4_TCATGTTTCAAGGTGG,Memory B cell
E2L5_CATCCACCACGCCACA,Platelet
E2L2_TTCGCTGAGGTCGTCC,Memory B cell
E2L7_GAATAGACATGCAGGA,Naive B cell
L4_CCCATTGTCGAGAACG,Naive CD8 T cell
E2L6_CCGTGAGGTAGACACG,Memory B cell
L4_TCCCACAAGCACACCC,Memory B cell
L2_TCACGGGCAAGCTGTT,Effector memory CD8 T cell
L1_CCCTGATTCGACCACG,Naive CD4 T cell
E2L7_TGAATCGGTGGTGATG,Plasmacytoid dendritic cell
E2L6_ATTTACCCAACTGAAA,Memory CD4 T cell
L2_CTCTCGAAGCAAATCA,Cycling NK cell
E2L8_AGATGAAAGTGGCGAT,CD16+ NK cell
E2L5_GTGGTTAAGCGACATG,Plasmacytoid dendritic cell
E2L5_CTCCAACGTCCACACG,Naive CD4 T cell
L3_GTGTAACGTGCTCTTC,Naive CD4 T cell
L2_GGTTGTATCAGAACCT,Cycling NK cell
L1_GCCGTGACAATACCTG,Mast cell
E2L1_CGGACACTCTTGGCTC,Plasmacytoid dendritic cell
E2L6_ATTACTCTCCCGGTAG,CD16+ NK cell
E2L3_ATGACCAAGGATTTCC,Naive CD4 T cell
E2L2_CGGAGAACACGGATCC,CD56bright NK cell
E2L1_TTTGATCCAAAGACTA,CD16+ monocyte
L5_GCTTGGGGTGCATGAG,Cycling NK cell
E2L4_CAGTGCGCATGTCAGT,Naive B cell
E2L3_ATCCCTGTCGTTGCCT,Plasma cell
E2L2_GAGTTACCATAACCCA,CD1c+ conventional dendritic cell
L2_TGTGCGGGTACAAGTA,Erythrocyte
E2L5_TTGGTTTTCCATTGGA,Memory B cell
E2L3_ATCACGATCCCAACTC,CLEC9A+ dendritic cell
L2_TGCTCCATCGACGCTG,Memory CD4 T cell
E2L8_ATGGAGGAGTCTAGAA,CD16+ monocyte
E2L8_TCATGTTTCTTGAGCA,Naive CD4 T cell
E2L2_TCAGGTAGTTGCTCCT,Cycling NK cell
L4_CCTCATGAGGGTACGT,Cycling NK cell
L5_ACCACAATCCCTTCCC,Mast cell
E2L7_CATAGACCAATGTTGC,CD16+ NK cell
L2_ATCGTGAAGTATAGAC,Naive CD4 T cell
L5_TACAGGTCACTGGCGT,Plasma cell
L4_CACTAAGTCTACCCAC,Memory B cell
L5_AAGATAGCATAGATCC,Mast cell
L4_CTGGCAGCACAGTCCG,Memory CD4 T cell
L3_GTATTGGGTGATAGAT,Naive CD4 T cell
E2L4_AGGTAGGAGGAAGTCC,Naive CD4 T cell
L1_TCGTAGATCGGCTTCT,Erythrocyte
L4_ACGATCACAAGTCATC,CD1c+ conventional dendritic cell
E2L5_TCTTAGTGTCGTATGT,Plasma cell
E2L1_TATTGGGGTATGGAAT,Memory B cell
E2L2_GACTGATGTACGTGAG,Plasmacytoid dendritic cell
L5_CAGATTGAGGTCCTGC,CD56bright NK cell
L5_TGGGCTGCAGAGCCCT,Naive CD4 T cell
E2L2_TAGACCAGTTAAGTCC,CD1c+ conventional dendritic cell
L2_TCTATACAGTTGTCAC,CD161+ memory T cell
E2L1_ACGGAAGAGTAGTGCG,Naive B cell
E2L7_ATCCGTCGTTCGAGCC,CD16+ NK cell
L3_TGTTCATGTGTTTACG,Naive CD4 T cell
L5_ATTTCTGCACAAACGG,Memory B cell
E2L2_CTGTAGAGTCCAGCGT,CD56bright NK cell
E2L3_TTTCAGTGTGTCCACG,Cycling NK cell
E2L7_ACGCACGTCGATACAC,Activated T cell
L1_CGTAGTATCCAGCACG,Plasma cell
E2L7_ACCTACCCACCAGCTG,Naive B cell
E2L8_AAGATAGCAAGAAACT,CD16+ monocyte
E2L7_CATTGCCTCGCAGAGA,Memory B cell
E2L7_TCTTCCTAGACGCCAA,Plasmacytoid dendritic cell
E2L2_ACTCTCGAGCTAGCCC,Platelet
E2L2_TCCTCGACATTCATCT,Cycling NK cell
E2L1_ATCGATGTCAGAACCT,Naive B cell
L5_TGAGGAGGTACTCCGG,Mast cell
L2_CTAGGTAGTATCAGCT,Mast cell
L2_CCTAAGAGTTGTTGCA,Plasmacytoid dendritic cell
E2L6_AATGGAACAAGCGAGT,CD1c+ conventional dendritic cell
L4_CTAACTTGTTGTGGAG,Erythrocyte
E2L8_GTTGCTCAGCTGTGCC,Naive CD8 T cell
E2L1_AGTAACCTCTCGAACA,CD16+ NK cell
E2L8_ATGAGTCGTAACATAG,CD16+ NK cell
L1_CTGTAGAAGACCGCCT,CLEC9A+ dendritic cell
E2L4_AAGGAATTCTGGGCCA,CD1c+ conventional dendritic cell
L4_AGTAACCGTGGCTAGA,Memory CD4 T cell
L3_AAGCGTTTCGGTCTGG,CD14+ monocyte
E2L6_CGGTCAGTCACAACCA,Effector memory CD8 T cell
L4_AACACACGTGCGCTCA,Mast cell
L2_AGGAAATCACTGCATA,Naive CD4 T cell
E2L3_CCCGAAGGTAAGGCTG,Cycling NK cell
L1_ACCCTCAAGATGAATC,Mast cell
E2L7_TGTTGGAAGTAACCTC,Naive B cell
E2L4_GCAGCTGGTGGAACAC,Memory B cell
L5_GTTGTCCTCGTAGCTA,Memory CD4 T cell
E2L7_TGTTCTATCAGGTAAA,Naive CD4 T cell
L2_ACGTTCCTCTAGTGTG,Naive CD4 T cell
E2L8_GAAACCTCATCGTCCT,Plasmacytoid dendritic cell
E2L8_AGAACAATCTATCGCC,CD16+ monocyte
E2L2_CAACGGCCAATTCTTC,Memory B cell
E2L1_GCCAGGTGTACAGTCT,Memory B cell
L5_CCCGGAAGTCGCAGTC,Naive CD4 T cell
E2L6_AAACGCTCAAGTTTGC,CD14+ monocyte
E2L5_TAGACTGTCCAGCAAT,Plasmacytoid dendritic cell
E2L6_TATACCTAGTGTGTTC,Effector memory CD8 T cell
L5_ATCAGGTTCATAGGCT,Effector memory CD8 T cell
E2L7_AACCCAAGTTAACCTG,Naive CD4 T cell
E2L6_CAGAGCCAGAGCATAT,Memory B cell
E2L4_TTTCATGCAAGGAGTC,CD16+ monocyte
E2L8_ACTGTCCTCATCGACA,Naive B cell
L2_AACCTTTTCCCATACC,Naive CD4 T cell
L3_GAGTTGTTCGGCTTGG,Effector memory CD8 T cell
E2L7_CTCCCTCCATGGTACT,CD1c+ conventional dendritic cell
E2L2_CCATAAGCATCAGCAT,CD16+ monocyte
L3_GGTGATTCAGTAACGG,Naive CD4 T cell
E2L7_GCAGCCAAGACCTCCG,CD161+ memory T cell
E2L4_TAGGGTTCACGTAGTT,Naive B cell
E2L7_GTACAGTTCCGTTGGG,Activated T cell
E2L6_GAAGGGTAGGATGCGT,CD14+ monocyte
L1_GCCAACGCAAGACCTT,CD14+ monocyte
L1_TGTTGAGGTGTAAATG,Naive CD4 T cell
L4_CCTTGTGCAGCAGAAC,Cycling NK cell
L1_AGTGACTCACCTGCAG,CD56bright NK cell
E2L2_AAGACAAAGGTTACCT,CD14+ monocyte
E2L4_TACTTCACATCCCGTT,Memory B cell
L3_AGGGTCCAGGGCTAAC,Memory CD4 T cell
E2L2_AGGTCATCATCCTCAC,CD161+ memory T cell
E2L2_AGGGAGTTCCATTGTT,Platelet
L1_TGGAACTGTGTTCATG,Effector memory CD8 T cell
E2L4_ATTCTACTCTTACACT,Memory B cell
E2L7_CCCGAAGAGGGCCAAT,Cycling NK cell
L2_GGGTCTGAGGGAACAA,Naive CD4 T cell
L1_TGTTACTGTATGCGGA,Platelet
E2L8_TTCACCGGTCGCACAC,Effector memory CD8 T cell
L4_CGTAATGCATAACGGG,Memory CD4 T cell
L2_CTGCAGGGTTTATGCG,Naive CD4 T cell
E2L4_GTTCTATTCGCATGAT,Memory B cell
E2L5_CTGAATGGTGTACAGG,Effector memory CD8 T cell
E2L5_ATTGGGTGTCGAACAG,Memory CD4 T cell
E2L7_CCTAAGACATTGAAGA,CD1c+ conventional dendritic cell
E2L4_GGGTCTGTCGTACACA,Naive CD4 T cell
E2L6_AGAACCTCATACCACA,CD1c+ conventional dendritic cell
E2L4_ATCGGATCAAGCACAG,Naive B cell
E2L4_CGAGGAATCACGAACT,Cycling NK cell
E2L5_GTTATGGGTGACTGTT,Naive CD4 T cell
E2L6_GATCCCTGTGCAATAA,Activated T cell
E2L8_ATGGAGGTCAAGGCTT,Cycling NK cell
L5_TCTACCGGTTCTGACA,CD161+ memory T cell
E2L2_TCAGCCTCATTGCCGG,Memory CD4 T cell
E2L5_GAAGTAAGTGCCGGTT,CD1c+ conventional dendritic cell
L2_AACAAAGCAATAACCC,Platelet
L3_CAACGGCGTGCACAAG,Naive CD4 T cell
L2_CTTCCTTAGTAGTCAA,Naive CD4 T cell
L5_TCCTCTTGTCGGCCTA,CD161+ memory T cell
E2L7_GGAGCAACACACGTGC,Platelet
E2L6_GTGGAGACAGAACTAA,Platelet
E2L4_TTTCCTCCATTAAAGG,CD1c+ conventional dendritic cell
L3_ACAAGCTCATAGGTTC,Effector memory CD8 T cell
E2L7_ACATCCCGTATTTCCT,Memory B cell
E2L1_TTCTAACGTGTACATC,CD56bright NK cell
L5_GACATCAAGCTCTATG,Naive CD4 T cell
L3_ATCGTCCCATCAGCAT,CD16+ monocyte
E2L1_TCGGATAAGACATCAA,CD14+ monocyte
L2_TTAATCCGTAGTTACC,Naive CD4 T cell
E2L6_GAAGAATCAGGGAGAG,CD56bright NK cell
L2_AGAACCTTCCCTTTGG,Plasma cell
E2L5_TTAATCCCACTACACA,Naive CD4 T cell
E2L5_CTCCCTCAGCCATATC,Cycling NK cell
E2L4_CACTGAACATGCCGCA,CD14+ monocyte
L4_ACTTCCGAGTACTGTC,Naive CD4 T cell
L1_CCCTGATTCGTGACTA,Naive CD4 T cell
L2_GTAAGTCGTAGCACGA,Plasma cell
E2L4_GTCGAATCAAAGGGTC,Effector memory CD8 T cell
E2L2_TATCCTACATTCTTCA,CD16+ monocyte
L3_GTCATCCGTGCACATT,Plasma cell
E2L5_TTTCATGAGAATAACC,CD161+ memory T cell
L3_ATGACCAAGTACTGGG,Naive CD4 T cell
L1_GTATTTCTCGTCTCAC,Memory B cell
E2L2_GAATCGTAGAATGTTG,Naive CD4 T cell
L1_CACGTGGGTGTTACTG,Naive CD4 T cell
E2L5_CACGTTCTCCCATTCG,Memory CD4 T cell
L1_CGAGAAGAGCCAAGTG,Naive CD4 T cell
E2L5_GTACAACAGGTTATAG,Cycling NK cell
E2L1_GGTTAACTCCATCAGA,CD16+ NK cell
E2L3_TCATGAGTCTAGACCA,CD56bright NK cell
L5_GCGGAAAAGAGCCCAA,Effector memory CD8 T cell
E2L6_GTGGCGTAGGGATGTC,Cycling NK cell
E2L4_TCACGGGAGTGACCTT,CD14+ monocyte
L3_AGAAATGTCTACTGCC,CD161+ memory T cell
L2_CACATGATCGGTTCAA,Mast cell
E2L1_ACTTATCGTTCCGCAG,Platelet
L5_AGTGATCTCCACTGGG,Plasma cell
L5_TGCGACGCATGTGCTA,Platelet
L4_GATAGAACAAGCAGGT,CD16+ NK cell
E2L6_TATATCCTCCCGAGGT,CD16+ NK cell
L4_ATCGATGCATCGGTTA,Effector memory CD8 T cell
L2_GACACGCCAAATCAAG,Naive CD4 T cell
L5_TAGCACAGTATGGAAT,Naive CD4 T cell
L1_ATCATTCAGAATCGAT,Naive CD4 T cell
E2L1_ACAACCACACGCGCTA,Effector memory CD8 T cell
E2L6_ATGACCAGTGAATGTA,Plasma cell
L4_TTGTGGAGTTCGCGTG,Mast cell
L1_TACGGGCCAAGGACAC,Naive CD4 T cell
E2L2_TTCAATCAGAACTGAT,Memory CD4 T cell
E2L3_TCAGTTTAGCTTTCTT,Cycling NK cell
E2L7_AATCGTGGTAGGTACG,Memory CD4 T cell
L3_CTTCGGTCAGACTGCC,Cycling NK cell
L3_CTGGTCTAGACATCAA,Naive CD4 T cell
L3_GTCACGGAGAGAGAAC,Naive CD4 T cell
L1_TGCACGGAGTATGCAA,Plasma cell
L4_TCAGCCTCAGGATTCT,CD14+ monocyte
L3_GAAGAATTCTCAGGCG,Memory CD4 T cell
E2L6_CAGCGTGTCCATTTGT,CLEC9A+ dendritic cell
E2L2_TGACGCGAGCCTTTCC,CD56bright NK cell
E2L3_ATCGGCGCAGACCTGC,CD161+ memory T cell
E2L7_TTAGGCATCGTACACA,Memory CD4 T cell
L5_AGGCCACAGAGCCCAA,CLEC9A+ dendritic cell
L5_CTAACTTGTACAGTAA,Naive CD8 T cell
E2L4_GGAACCCCAGAGAATT,Memory B cell
L5_CTACAGATCCGTTGAA,CD16+ NK cell
E2L1_TATCTTGCATCGGAAG,CD14+ monocyte
L1_GATTCTTAGGCTCTAT,CD161+ memory T cell
L4_TCATTGTGTGAGACGT,Platelet
L2_ATTCACTCAACCGACC,Mast cell
E2L2_AGAGCAGTCTGCACCT,Activated T cell
L2_TGTTACTAGGGACACT,Plasma cell
L4_CATTTCAGTTTCACTT,Memory CD4 T cell
L5_CTGTACCGTTACCCAA,Naive CD4 T cell
L1_ATGAAAGGTGTGCTTA,CD1c+ conventional dendritic cell
L3_ACCACAACAACTCGTA,CD161+ memory T cell
E2L2_TTACGTTAGCACCGAA,Platelet
L3_ATCCACCCAGTAGGAC,Naive B cell
E2L5_AAGTACCAGATAACAC,Naive CD4 T cell
L1_TTTGACTAGTGTAGAT,Effector memory CD8 T cell
L4_AGCGATTAGACGTCCC,Memory CD4 T cell
L3_TCCACGTAGGAGAGTA,Effector memory CD8 T cell
E2L1_AAGCCATCAGTTGTTG,Naive CD4 T cell
L5_CACTAAGCACAAACGG,CD14+ monocyte
L4_GTCTAGAGTATAATGG,Naive CD4 T cell
L1_CTTGATTTCGGTGTAT,Cycling NK cell
L4_AACAAGATCCATCGTC,Cycling NK cell
L5_AAATGGAAGCGAGTCA,CD1c+ conventional dendritic cell
E2L7_AGATCCATCTATTTCG,Memory B cell
E2L2_ATCGGATGTTGGGACA,Plasmacytoid dendritic cell
L1_GGTAATCTCGTAGGGA,Plasma cell
E2L8_GAAGCGAGTCGAGATG,CD56bright NK cell
E2L6_TAGACCATCCTGTAGA,Cycling NK cell
E2L6_TCCCAGTCAGTGCCTG,Plasmacytoid dendritic cell
E2L2_AGTCAACGTATCGTAC,Memory CD4 T cell
E2L1_CTATAGGAGGGCATGT,Naive CD4 T cell
E2L4_AGAGAATAGACCATTC,Memory B cell
L5_CTGCTCACACTCCGGA,Naive CD8 T cell
L5_ATTCCTACACGCCACA,Effector memory CD8 T cell
E2L1_GCCAGCATCGAAGCAG,Memory CD4 T cell
L4_GAGTCATAGAGGGTCT,CD16+ monocyte
L4_TCCATGCGTACTGAGG,CD161+ memory T cell
E2L7_TAATTCCGTAACAGGC,CD16+ NK cell
E2L3_AAGACAACACGACGAA,CLEC9A+ dendritic cell
E2L7_ACACTGATCCCTCGTA,Naive CD4 T cell
L1_TACGCTCAGTCGCTAT,Naive CD4 T cell
E2L5_AAGCATCGTAGTTACC,Memory B cell
L1_CACAACAAGACAACTA,CD161+ memory T cell
L4_TATGTTCGTTTAGAGA,CD16+ monocyte
L5_CTGATCCGTCCAGAAG,Mast cell
E2L3_CAGGCCAAGTCTGCAT,CD16+ NK cell
E2L7_ACCACAACAACTTCTT,Memory CD4 T cell
E2L6_GATCAGTTCATGCCAA,Platelet
L3_GTTGCGGAGACCGCCT,Naive CD8 T cell
L4_TCGTGCTGTAGAATAC,Cycling NK cell
L3_TAGAGTCTCTATTTCG,CD14+ monocyte
L1_CTACTATGTTCCACGG,CLEC9A+ dendritic cell
E2L4_TAATCTCAGACGCCAA,Cycling NK cell
L5_TTACTGTTCGCCTTGT,Memory B cell
E2L2_TATTTCGAGTTGTCAC,Erythrocyte
E2L4_CCTTCAGCATCTTAGG,Cycling NK cell
E2L7_GTTGCGGAGCCTCGTG,Memory B cell
L1_CTCTGGTCAGTAACCT,Naive CD4 T cell
L2_TCTTCCTAGCAGGTCA,Naive CD4 T cell
E2L4_AGTGCCGCACACTTAG,Memory CD4 T cell
E2L3_ACACAGTTCGGAGCAA,CD161+ memory T cell
E2L6_CCGTTCATCGTTACCC,Memory CD4 T cell
E2L6_AAGCATCCAGAACGCA,Memory CD4 T cell
L1_CTACCTGGTCTGATCA,Memory CD4 T cell
L5_CGTGCTTAGACAGCGT,CD14+ monocyte
L2_TCTACCGGTTACACTG,Memory B cell
L3_CACACAACATACAGCT,CD56bright NK cell
L4_AGGTGTTGTAGCGCTC,Mast cell
E2L6_GGCAGTCAGCGATGAC,Naive CD4 T cell
L2_CGTTGGGCACATGGTT,Memory CD4 T cell
E2L5_CTCTCAGCAAGCCTGC,Memory B cell
L4_CTATAGGTCGTCTACC,Naive CD4 T cell
L2_TAGGTTGCACATGGTT,CD161+ memory T cell
L5_TATCAGGGTGACGTCC,CD161+ memory T cell
L1_TTGTTCAGTAGATCGG,Naive CD4 T cell
L3_TCTACCGCATGCCGGT,Naive CD4 T cell
L3_TGATTTCCATTCTGTT,Memory B cell
E2L3_CTGTAGACATGATGCT,CD1c+ conventional dendritic cell
E2L6_GAGATGGCAGTCACGC,CD1c+ conventional dendritic cell
L2_ATCACGACACTGATTG,Plasma cell
E2L3_GACCCAGAGCCGGAAT,Effector memory CD8 T cell
E2L4_ATCCACCGTGCTTCAA,CD1c+ conventional dendritic cell
L2_GCAGCTGTCTCCCAAC,Naive CD4 T cell
L1_CGAAGTTGTCGTGCCA,Naive CD4 T cell
L4_AATCGTGCAGTCAGTT,Memory CD4 T cell
E2L7_TCAGTGAGTACGATGG,Effector memory CD8 T cell
E2L5_TCTCCGATCCGTACGG,Effector memory CD8 T cell
L2_TATTGCTGTTAAACCC,Erythrocyte
E2L2_CGGAATTGTTCGGACC,Memory CD4 T cell
E2L5_AGGATAACATGACGGA,CD16+ NK cell
L5_TCTGCCACAGGTGTTT,Cycling NK cell
E2L2_TCAGCAAAGAACAAGG,Plasmacytoid dendritic cell
E2L1_TCCTAATGTATCGTAC,Cycling NK cell
L2_TCACAAGTCCTCATAT,Erythrocyte
L2_TTACCATCATCGTGGC,CD16+ monocyte
E2L2_TCAGGTAGTAGTCTTG,CD16+ monocyte
E2L2_GGAACCCCATTCTGTT,Cycling NK cell
L4_ACGTTCCTCAACGAGG,Cycling NK cell
L4_TCGTGGGCAGCTGAAG,CD56bright NK cell
E2L8_CTCAGTCCAGACGATG,Plasma cell
L1_GGTAATCTCTCGAGTA,CD56bright NK cell
E2L1_TGGGCTGAGCCAAGGT,Effector memory CD8 T cell
L4_ATCTCTAAGTACTGGG,Memory CD4 T cell
E2L6_ACCTACCAGCGCCTCA,Naive CD4 T cell
E2L8_TGGGATTTCGCTCTAC,CD16+ NK cell
E2L5_TGTGCGGTCCATTTAC,Plasmacytoid dendritic cell
L5_CATGCCTGTAACAGTA,Naive CD4 T cell
L1_AATTTCCAGAGGCTGT,Mast cell
E2L1_GGCGTCATCCTAGAGT,Naive CD4 T cell
E2L8_GTACAGTAGCCTGAAG,Effector memory CD8 T cell
E2L1_ACTATCTTCATTGGTG,CD1c+ conventional dendritic cell
E2L7_GAGGCAACAACGTATC,Plasma cell
L2_AGGCTGCAGAATAGTC,Effector memory CD8 T cell
L5_CTCCTTTGTCAGTTTG,Cycling NK cell
L4_GGGTGAATCACAACCA,Memory CD4 T cell
L1_TCTTAGTAGCCTTCTC,Memory CD4 T cell
E2L7_GGGCCATCAAGTAGTA,Plasmacytoid dendritic cell
L4_CAACGATAGGTGCCAA,CD16+ monocyte
E2L5_TGGGAGAAGACTCGAG,Naive CD4 T cell
E2L5_CTCTCAGAGTGTACCT,CD14+ monocyte
L1_AATTCCTCACTCAGAT,Mast cell
E2L5_TACGTCCTCTAATTCC,Platelet
L5_GTTACGAAGGACTTCT,CD56bright NK cell
L3_ATGAGTCCAAATACGA,Naive B cell
E2L6_CATGCTCGTATCACCA,Memory B cell
L5_CTAGGTAAGCGAGTAC,Naive CD4 T cell
L4_GCTACCTAGCGGGTTA,Naive CD4 T cell
E2L7_TAGACCACAGGAATCG,CD14+ monocyte
E2L3_GTTGCTCGTCTCGCGA,CD16+ NK cell
E2L3_CCTATCGCATTGCTGA,Naive CD4 T cell
E2L5_ATCGGATCACAACATC,Plasma cell
E2L3_TCGATTTCACAGCCAC,Naive CD4 T cell
L3_CATGCTCTCAGGAACG,Naive CD4 T cell
E2L6_AGGCCACGTGGCTTAT,CD56bright NK cell
E2L4_ATCGTCCAGCAAGCCA,Memory B cell
E2L7_TGCAGTATCGTCTACC,Cycling NK cell
E2L5_GTCTGTCTCACCCTTG,CD16+ NK cell
E2L6_AGTGTTGCAACCGGAA,Memory CD4 T cell
E2L1_GCGGAAAGTGACATCT,CD161+ memory T cell
L5_CTCACTGTCGTGTGGC,CLEC9A+ dendritic cell
L2_TCGGGACTCGGCTATA,Mast cell
L1_GCTTGGGCATGACTCA,CD161+ memory T cell
E2L3_GACTCTCCATACTTTC,CD14+ monocyte
E2L8_CACATGAAGTGGATAT,Effector memory CD8 T cell
E2L1_CGGACACAGCGTGCTC,Memory CD4 T cell
E2L8_GAGGCAACAGGCAATG,Cycling NK cell
L3_TACGTCCGTATCCTTT,CD16+ monocyte
L1_CGATCGGGTGATACCT,Naive CD8 T cell
L2_TGTAGACCACCTGCGA,Naive CD8 T cell
E2L1_ATGGTTGCAGCAAGAC,CD1c+ conventional dendritic cell
L2_TTGGTTTAGCGTGTTT,Plasmacytoid dendritic cell
E2L4_GGTGTTAGTGCATACT,Effector memory CD8 T cell
E2L5_CATCAAGTCTGGGCAC,Effector memory CD8 T cell
L3_CATTGCCGTATGTCCA,Erythrocyte
E2L2_CGTTCTGAGATTACCC,CD16+ NK cell
L1_TGTTCCGGTAGTCTTG,CD1c+ conventional dendritic cell
E2L3_ATCACTTGTTGTACGT,CD16+ NK cell
E2L3_CTATCTACAGCGTGCT,CD56bright NK cell
E2L1_CGTTAGACACACGTGC,Activated T cell
L3_CTGGTCTAGGTTATAG,Naive CD4 T cell
E2L2_CATGCCTGTGTTTGCA,CD1c+ conventional dendritic cell
L3_AGCTTCCTCGCTTGAA,CD161+ memory T cell
L3_CTTCGGTTCTGAGTCA,Plasma cell
L4_CTGTAGATCAACTCTT,Naive CD4 T cell
E2L7_TCGCTTGAGGACAACC,Platelet
L4_TCAAGCATCTCACCCA,CD16+ NK cell
L4_TCCGGGACACATATCG,Cycling NK cell
L5_CAAGACTGTCAGTCGC,Effector memory CD8 T cell
E2L2_TCACTCGTCATTATCC,Effector memory CD8 T cell
E2L4_TAGCACAAGACGCATG,Naive B cell
E2L4_TTCGGTCAGCACCAGA,CD16+ monocyte
E2L4_TTTAGTCTCCTTCTTC,Naive CD4 T cell
E2L5_GAGGGTATCGTAACCA,Naive B cell
E2L1_TAAGCGTAGCACCGAA,Plasma cell
E2L6_GCCCGAAAGGTTACCT,CD1c+ conventional dendritic cell
L2_AGCTCAAAGTCCCGAC,Cycling NK cell
L2_CTACTATCAAGACCGA,Plasmacytoid dendritic cell
E2L2_TCGAACATCTTAAGGC,CD161+ memory T cell
L1_CCTAACCGTCCGGTCA,CD14+ monocyte
L4_ACAACCATCAAAGACA,Memory CD4 T cell
L3_CCCTAACAGCGTGCCT,CD56bright NK cell
E2L7_TGCGACGCACAGTCCG,Memory B cell
L1_GGCACGTAGAACAGGA,CD1c+ conventional dendritic cell
E2L5_AGCTCAAAGCTATCTG,Plasmacytoid dendritic cell
E2L3_AGCGATTGTGATCATC,Naive B cell
L2_TTAGGGTAGAGAGCGG,Erythrocyte
L1_GCAGGCTCACAAATCC,CD1c+ conventional dendritic cell
E2L7_TTTACGTAGACAACAT,Memory CD4 T cell
L3_CCTATCGAGCTCTTCC,Memory B cell
E2L3_GTTACGAAGCGGTAGT,CD16+ monocyte
E2L8_GATGTTGAGACGGATC,Memory CD4 T cell
E2L8_ACTGTGAGTACTGACT,Effector memory CD8 T cell
E2L3_TACCCGTTCATACAGC,Cycling NK cell
L4_CCACACTAGTGATGGC,Platelet
E2L3_GCATCGGCAGGGCTTC,Naive CD4 T cell
E2L2_TTTGATCGTTAACAGA,CD16+ monocyte
L3_CATAGACAGCAGTACG,CD1c+ conventional dendritic cell
E2L6_CGTCAAACATAGGTTC,Naive CD4 T cell
E2L4_TCCATGCAGCTAGATA,CD14+ monocyte
E2L7_CATCCCATCCATACTT,Naive CD4 T cell
E2L8_TTGTTTGAGTACAACA,Naive B cell
E2L4_GGGTGAAGTACAAGTA,Memory CD4 T cell
L4_AACAACCTCCTGTTAT,CD16+ monocyte
L2_GTGTTCCTCGTTATCT,CD161+ memory T cell
E2L4_AACGGGAGTCTTACTT,Memory B cell
E2L6_GCCGATGAGATGGGCT,Memory B cell
L4_ATGAGGGAGTATAGAC,CD161+ memory T cell
L1_TATCTGTGTGACTGTT,Memory CD4 T cell
E2L2_CGGAGAAGTCATCAGT,Activated T cell
E2L4_CCCAACTTCTGTTGGA,CD16+ monocyte
L4_TCATGGAGTCCGCAGT,Plasma cell
L5_CACGGGTAGTCCCTAA,Plasmacytoid dendritic cell
E2L1_CGCATAAAGTAGACCG,Effector memory CD8 T cell
L2_ACAGGGAGTATTGGCT,Memory CD4 T cell
L3_AGTAGTCTCGATGGAG,Naive CD4 T cell
E2L5_AGTGATCTCAAACGTC,Plasma cell
E2L8_TTCAGGAAGGCCCACT,Naive CD4 T cell
E2L8_GAACACTTCTAGCCTC,CLEC9A+ dendritic cell
L4_CTCAACCGTACAGAAT,Memory CD4 T cell
E2L5_ACCCAAAGTTAGCGGA,CD1c+ conventional dendritic cell
E2L3_GCTGCAGAGCCTGAGA,CD16+ NK cell
E2L8_GTGTTAGTCCCTCGAT,Memory B cell
L3_TGCATGAGTGGATCGA,CD16+ monocyte
E2L2_GCCATGGGTCCCAAAT,CD16+ NK cell
L3_TTGTTTGTCTCTCGCA,Memory CD4 T cell
L1_TGGTTAGGTACGTAGG,Naive CD4 T cell
L3_TCGAAGTTCTGTCTCG,Effector memory CD8 T cell
E2L2_CCACCATAGTACGAGC,CD16+ NK cell
L5_ATTCACTTCCTACGGG,Mast cell
E2L1_GTCAGCGAGCACTAAA,Naive CD4 T cell
E2L5_ACAGAAAGTAACAGTA,CD56bright NK cell
E2L6_GACCCAGTCATTTGCT,CD1c+ conventional dendritic cell
E2L5_TTCGATTGTCTGATAC,Mast cell
E2L1_GTCAAACCAGATTTCG,Activated T cell
E2L4_TGAGCATTCTTTGCTA,Naive CD4 T cell
L3_GGTAATCGTTATAGAG,Naive CD4 T cell
L1_TGTTCATTCACACCCT,Naive CD4 T cell
E2L4_TTAGTCTGTTCACCGG,CD1c+ conventional dendritic cell
E2L6_ACAGCCGAGTCACTCA,Platelet
L2_CGTGTCTAGAAATGGG,CD14+ monocyte
L2_GAAATGACAGGTTCGC,CD161+ memory T cell
L2_TTGCCTGTCGCACGGT,Memory CD4 T cell
E2L5_TACTTCAGTTAGGCTT,Naive CD4 T cell
L5_CAACCTCCACCTGTCT,CD1c+ conventional dendritic cell
L1_TGCGGGTCATCCAATG,CD161+ memory T cell
L4_AAAGGTAAGGAACGCT,Cycling NK cell
L3_AGGAAATTCTACGCGG,CD56bright NK cell
E2L5_TGAGTCATCCCGAGAC,Platelet
E2L8_GTAATGCTCGCCAATA,CD1c+ conventional dendritic cell
L4_AGAGCCCAGTGTCATC,Memory CD4 T cell
E2L2_TGCTCGTAGATGAACT,Platelet
E2L8_CCTTGTGTCACTCACC,CD1c+ conventional dendritic cell
L2_CACGTGGGTCCTCATC,Memory B cell
L2_CTGGCAGGTGCATCTA,Cycling NK cell
L3_TTACGTTGTTGTGGCC,Naive CD4 T cell
L5_GGTAACTTCGCAATTG,Naive CD8 T cell
L3_ATCCGTCCAAAGGCAC,Plasma cell
E2L6_GATGGAGAGACGATAT,CLEC9A+ dendritic cell
L1_GACTCTCAGACTCCGC,Naive B cell
E2L8_GTAACCATCTGAATCG,Naive B cell
L5_AGGAAATAGACCACGA,Naive CD4 T cell
L2_ATAGGCTCAAGTATAG,Mast cell
L4_TTGTTGTCACAGACGA,CD56bright NK cell
E2L1_TTGACCCCAGGAATCG,Naive CD4 T cell
E2L6_AGGCTGCTCATCTATC,Memory B cell
L1_TGTGGCGTCGAAGCCC,Naive CD4 T cell
E2L3_AGATCCATCCCGAGGT,Activated T cell
L4_GTGCAGCAGCGCCTTG,CD161+ memory T cell
E2L6_ACCGTTCTCCTAGCGG,Effector memory CD8 T cell
L3_GTGCTGGGTAATCAGA,Effector memory CD8 T cell
E2L1_GCCAGCAAGAGGCCAT,Memory CD4 T cell
L2_AAAGGGCAGCAATAGT,Memory CD4 T cell
L5_GTTTGGAAGGTCGACA,Effector memory CD8 T cell
L1_TTGACCCAGATGGTAT,CD1c+ conventional dendritic cell
L5_CTGTATTGTTTCTTAC,CD161+ memory T cell
L1_ATTTCTGGTAGCGTAG,Naive CD4 T cell
L4_ACTTCCGAGCCTAGGA,Cycling NK cell
E2L7_TCCTTCTCACAGTATC,Plasmacytoid dendritic cell
E2L2_CTGTAGATCTTGAACG,Naive B cell
E2L1_ATCACTTGTATCTTCT,Naive CD4 T cell
E2L2_GGCACGTCAGAGAATT,Memory B cell
E2L5_GCGAGAATCCTGTTGC,Effector memory CD8 T cell
L1_TCGACCTCACTCTGCT,Naive CD4 T cell
E2L2_CGGACACAGTAGACAT,CD56bright NK cell
E2L2_AGATAGATCCCATTCG,Naive B cell
L2_GGATGTTAGTATGTAG,Memory CD4 T cell
L3_AGTGATCGTGTACAGG,Effector memory CD8 T cell
E2L2_GCCAACGTCGAGTGAG,Memory CD4 T cell
L2_ATGGGAGGTGACACAG,CD56bright NK cell
L4_GTGCAGCCAGCATTGT,Naive CD4 T cell
E2L5_GGGCGTTCAGACAATA,CD14+ monocyte
L4_CTCCTTTCATTGGATC,Naive CD4 T cell
L3_TGGAGAGCACCAACAT,Naive B cell
L5_TGTACAGTCCTGGTCT,Mast cell
L4_GTTATGGCAAGACGGT,Memory CD4 T cell
L1_CACAGATCATGGCACC,Memory CD4 T cell
L2_GCAACATTCAGCGGAA,Naive CD4 T cell
L4_AGTACTGTCTTGATTC,Memory CD4 T cell
E2L6_TGTTCCGCACCGGCTA,CLEC9A+ dendritic cell
L3_TTGGATGGTCGTGGAA,Memory CD4 T cell
L1_AGGTGTTAGCCTATCA,Cycling NK cell
E2L8_TGTAAGCCATGGAATA,CD1c+ conventional dendritic cell
E2L7_GTTCTATTCAGATGCT,Effector memory CD8 T cell
E2L3_TTGCCTGGTTCCTAAG,Memory CD4 T cell
L3_CCTCATGTCCACATAG,Naive CD4 T cell
L3_GTGGCGTAGCTGAGCA,Cycling NK cell
L5_ATTACTCCACTACTTT,Mast cell
L1_GCCGATGTCGATTGGT,Naive CD4 T cell
E2L8_GTTCCGTTCGACCTAA,Memory B cell
L5_CGTAAGTCAGTATTCG,CD16+ NK cell
E2L3_ATGAAAGCAGCAGGAT,Cycling NK cell
E2L8_GAATAGATCCGAGGCT,Memory B cell
E2L8_TGGCGTGAGGACGCAT,Naive CD4 T cell
E2L5_CCTAACCCAGGGAATC,Platelet
L5_CCCAACTTCACCGGGT,CD16+ NK cell
E2L2_ACTGATGGTTAGTTCG,Cycling NK cell
L5_CTACAGAAGGATATGT,Naive CD4 T cell
L4_GACAGCCGTGATAGAT,Naive CD4 T cell
E2L6_AACCTGAGTCTCCTGT,CD16+ monocyte
E2L6_ATGATCGAGAACAAGG,CD16+ monocyte
E2L5_TCTCCGACAGAGCCCT,Naive CD4 T cell
L5_CTAGGTATCTACCTTA,Naive CD8 T cell
L3_TGTGAGTCATCACGGC,Memory CD4 T cell
E2L3_GTGGAAGAGTCCTGTA,CD14+ monocyte
L1_TCCTGCAAGACGGTCA,CD14+ monocyte
L1_ACCGTTCGTTGTTGAC,CD161+ memory T cell
E2L1_AGAGCAGTCGACGACC,Memory CD4 T cell
L4_TGACAGTTCTTCGTGC,Naive CD8 T cell
E2L4_CCTTTGGGTCGGCACT,Effector memory CD8 T cell
E2L3_GCACGGTGTAGTCGTT,Effector memory CD8 T cell
E2L4_TGTCCTGGTCGTCGGT,Memory B cell
L3_GACCCAGCATCCCACT,Plasmacytoid dendritic cell
L2_TCACACCCAGTTAAAG,Naive CD4 T cell
E2L7_CCTAAGAGTCAACCTA,Plasmacytoid dendritic cell
L2_TGTACAGGTCTTACTT,CD1c+ conventional dendritic cell
E2L8_GCTACAATCTCTGCCA,Memory CD4 T cell
L5_AAGACAATCCGGTAGC,Naive CD4 T cell
L2_AGCCACGAGACATACA,Cycling NK cell
E2L3_GGTGTCGTCTGAGAGG,Effector memory CD8 T cell
E2L3_AGGATCTTCTCATGCC,Memory B cell
L4_TTGGGATCACTAGAGG,Naive CD4 T cell
E2L3_CCGTAGGAGCCACTCG,Naive CD4 T cell
L4_AAAGGATAGCCGAACA,Plasmacytoid dendritic cell
L3_ACCACAATCCTACGAA,Memory B cell
L3_TGCTGAATCCGCAGTG,Cycling NK cell
L4_ACTCTCGTCCGATGTA,Memory CD4 T cell
E2L2_TCTCCGAGTACGTACT,Effector memory CD8 T cell
L2_TTACGTTGTGATTCAC,CD14+ monocyte
L1_AAAGTCCTCCAACCGG,Naive CD4 T cell
E2L2_TCACTATGTGATGAAT,Naive CD4 T cell
L1_CGGGCATAGACTACCT,Naive CD4 T cell
L2_CAGTGCGGTAGATTGA,Memory CD4 T cell
L5_CAGGCCAGTCCCGCAA,Memory CD4 T cell
L4_GTGCTTCGTTGTTGAC,Mast cell
E2L4_GTTACAGTCGCGAAGA,Cycling NK cell
E2L7_GTTTGGAGTGATGGCA,Naive B cell
L2_GACATCAAGCATCAGG,Memory CD4 T cell
E2L1_CATCCACGTCCGGACT,CD16+ monocyte
E2L1_TCCAGAAAGGCATCAG,Cycling NK cell
E2L5_CAGATCACAAAGGGCT,Platelet
E2L1_TTGACCCTCAACTTTC,CD161+ memory T cell
E2L5_CGGAACCTCAATCTTC,Naive CD4 T cell
L1_CGGGCATGTAATGTGA,CD161+ memory T cell
E2L1_AACCACATCTATGTGG,CD56bright NK cell
E2L4_TGACTCCCATAGGAGC,Naive CD4 T cell
L4_AACCTGACACTCCGGA,CD16+ NK cell
L3_GACGCTGCAGAGATTA,Mast cell
E2L7_CGCAGGTGTAAGGCCA,Naive B cell
E2L8_CATTCTAGTGTCCTAA,Plasma cell
E2L7_AGTCATGGTGTCCAAT,CD16+ monocyte
L2_TATATCCTCTGGACTA,Naive CD4 T cell
E2L8_ATGATCGTCTTACCAT,Memory CD4 T cell
E2L2_TCATTGTGTTCCCACT,CD161+ memory T cell
E2L1_ATGGGAGCATGACACT,Naive CD8 T cell
E2L2_ATCAGGTAGGGTGGGA,Naive CD4 T cell
E2L7_GTTGTGAAGTAACGAT,Plasma cell
L3_GGAGATGTCTCGGGAC,Naive CD4 T cell
E2L5_GATGTTGGTAGAATGT,Mast cell
E2L1_AGGATCTAGAACAGGA,Memory B cell
L1_TCAAGACGTTACGGAG,CD16+ monocyte
L4_CGGGTGTCACGGCTAC,Plasmacytoid dendritic cell
E2L5_AAAGGATTCGGTGTAT,Naive CD4 T cell
L3_CGTTCTGGTAGCGTCC,Effector memory CD8 T cell
L5_ATCGGCGAGAGAGTGA,Memory CD4 T cell
E2L2_AGTCACACATAGAGGC,Memory B cell
L2_GTAGAGGCACCGAATT,Mast cell
E2L6_AGGGCTCAGCTGACAG,Memory CD4 T cell
L2_GGGAAGTTCCATTTCA,Naive CD4 T cell
L3_CATCGCTCATTCACAG,Memory CD4 T cell
L1_TAGAGTCCACATGGTT,Memory B cell
L5_TACAACGCAACGTAAA,Effector memory CD8 T cell
L1_GTTCTATCAGCGAGTA,Naive CD8 T cell
E2L2_TCATTCAGTGGAAATT,CD161+ memory T cell
L1_GGTGTCGGTTAAGAAC,Naive B cell
E2L1_ACGGTTATCCGTGTAA,Memory B cell
E2L4_CTCATCGAGATTTGCC,CD16+ NK cell
E2L1_TGGAGAGGTCCGGCAT,Naive CD4 T cell
E2L6_TCCTTCTCATTGGGAG,Naive B cell
E2L2_CATGGTAAGTCTAGAA,Memory CD4 T cell
E2L1_CATCAAGAGGGCAGGA,CD16+ monocyte
E2L6_CATACCCCAGAGTTGG,Naive CD4 T cell
E2L5_AACACACGTCTAGATC,CD1c+ conventional dendritic cell
L1_TGACTCCCAGCTCTGG,CD14+ monocyte
L3_GATCGTAAGGTTGACG,CD161+ memory T cell
E2L6_CAATTTCTCTGGGCCA,Naive CD4 T cell
L2_GCAGTTATCTAACGCA,Naive CD4 T cell
L1_TTGCTGCAGCCTCTGG,Memory CD4 T cell
L3_TTGATGGTCAAACCCA,CD1c+ conventional dendritic cell
E2L6_GATCATGGTCAGACTT,CD56bright NK cell
E2L4_GCTCAAACATGTGGCC,Effector memory CD8 T cell
E2L3_CTTCTAATCCGTACGG,CD14+ monocyte
L4_TTCACGCGTTACAGCT,Naive B cell
L3_AGAACCTAGCCTGTCG,Naive CD4 T cell
E2L3_TCGGTCTCAATGAACA,CD14+ monocyte
L5_CATCAAGCAGCGCTTG,Memory CD4 T cell
E2L3_CATAAGCCACGAAAGC,CD1c+ conventional dendritic cell
L1_CCGGACAGTTTCGATG,Naive CD4 T cell
L2_TACCTCGTCCGTTGGG,Naive CD4 T cell
L2_TACCGAAGTGTTGATC,Plasma cell
L5_AAGACAAGTGGACTGA,Naive B cell
E2L4_CTGAATGAGGCGTTAG,Naive CD4 T cell
L1_TCGTGCTAGATTGCGG,CD16+ NK cell
L4_ACGTTCCTCAAAGCCT,Mast cell
E2L3_CAACCAAAGCTTCATG,CD14+ monocyte
L1_TCTGGCTAGACCGCCT,Naive CD4 T cell
L5_GGGAAGTCAGGGCTTC,Memory CD4 T cell
L5_TTATTGCTCCTGGGAC,Platelet
L4_ACACGCGAGTCGTCTA,CD161+ memory T cell
E2L8_GACCGTGCAACTCATG,CD56bright NK cell
E2L6_CTACCTGGTCGGATTT,Memory B cell
E2L5_GCATCTCTCGAAGCAG,Memory CD4 T cell
L1_GATTGGTTCGCCTTGT,Plasmacytoid dendritic cell
L2_ACTGCAATCTACGCGG,Cycling NK cell
E2L8_ATGAAAGTCCATTGGA,Naive CD4 T cell
L1_AACTTCTCAGAGGCTA,Naive CD4 T cell
E2L6_CCGTTCAAGGCATGGT,CD14+ monocyte
E2L2_GTTGCGGTCTACTCAT,Effector memory CD8 T cell
L4_TTACTGTCACTCAGAT,CD16+ monocyte
E2L4_GTCGCGACAGAAGTTA,Memory B cell
L5_GGAAGTGAGTCCGCGT,Naive CD4 T cell
L5_TCTACCGCAACTAGAA,CLEC9A+ dendritic cell
E2L6_GGCTTTCTCAAATGCC,Naive CD4 T cell
L3_TACAGGTTCCTGGGTG,Naive CD4 T cell
E2L5_CAGATCAAGAGTGTGC,Memory CD4 T cell
L5_CTCAGAAGTCTTAGTG,CD161+ memory T cell
E2L8_AATCACGTCTCATGCC,Effector memory CD8 T cell
E2L5_TTCCTTCCACTTGGCG,Platelet
L3_GTACAACAGTCACTCA,CD16+ NK cell
E2L7_TGCGACGTCAAATGAG,Naive CD4 T cell
E2L7_CTCAATTGTATGGGAC,Mast cell
E2L5_TCTCACGAGCTTAAGA,Naive CD4 T cell
E2L7_GCTACAACATGGGCAA,Effector memory CD8 T cell
L5_CTAAGTGAGCATGATA,Naive CD4 T cell
E2L4_TGGGATTTCCAGTTCC,Memory CD4 T cell
L2_TTCGATTTCCACGGAC,Memory CD4 T cell
L1_AGGCCACTCAATCTCT,Mast cell
L4_CCGTAGGAGGGAGGGT,Effector memory CD8 T cell
E2L5_TCCATCGCATGCCGGT,Effector memory CD8 T cell
E2L1_AGACCCGGTTGTGCAT,Cycling NK cell
L2_CTCCATGCAATTGTGC,Platelet
E2L3_CCACGTTAGGCATTTC,Memory B cell
E2L2_ATTCAGGTCCTCGCAT,Platelet
E2L6_GGTGATTTCTTCGGAA,CD56bright NK cell
E2L4_GGGATGAGTGAGCGAT,CD1c+ conventional dendritic cell
E2L6_TACACCCGTTTCGGCG,Naive B cell
E2L1_GTCACTCGTGCGTTTA,Naive CD4 T cell
E2L2_TGCTTGCGTCGAGATG,CD1c+ conventional dendritic cell
L1_GAAACCTAGCAGCGAT,Memory CD4 T cell
L4_CACCAAACAGGCACTC,Naive CD4 T cell
L5_ATCGTGAGTCGAATTC,Cycling NK cell
E2L5_TCTACCGGTTCTCCTG,CLEC9A+ dendritic cell
E2L2_GTAGGAGCATGGGTCC,Plasmacytoid dendritic cell
E2L4_ATCCACCAGAAGTCTA,Memory B cell
E2L6_GAGTTTGTCTGAGAAA,Plasma cell
E2L3_GAATAGAGTGGGCTCT,CD16+ monocyte
E2L8_TGCTTGCTCATTGAGC,CD14+ monocyte
E2L2_GGAACCCCAAGGTCAG,Memory CD4 T cell
E2L4_TCCCAGTCACAGTCAT,Cycling NK cell
L3_CTCTCAGGTACCCGCA,Plasmacytoid dendritic cell
L5_GTGATGTCACTTGGGC,Memory CD4 T cell
L4_ACGGTCGAGGAACATT,Effector memory CD8 T cell
E2L5_GCCGATGCATGTCTAG,Naive CD4 T cell
E2L4_GATCCCTAGAGCAGTC,Platelet
E2L4_AATTTCCGTTGATCGT,CLEC9A+ dendritic cell
E2L2_CACTGAAAGAGGATGA,CD56bright NK cell
E2L7_GTGTTAGCACGTTCGG,Memory CD4 T cell
L1_GTTTACTAGTGGTGGT,Plasmacytoid dendritic cell
E2L6_GTGCTGGTCAATGCAC,Plasma cell
E2L1_CTGAATGAGCGGGTTA,Platelet
E2L4_TCGCTCATCGGCATCG,Naive CD4 T cell
E2L8_CTGAGGCAGCGTATGG,Memory B cell
E2L7_GGTGATTAGAGTAACT,Memory CD4 T cell
L5_GCCGTGAGTTTCAGAC,Naive CD4 T cell
L2_CACTGAAAGGTACAAT,CD14+ monocyte
L4_AACAAAGGTACGAAAT,Plasmacytoid dendritic cell
E2L6_AGTGACTAGCGTTCCG,Effector memory CD8 T cell
E2L6_AAACGCTCATAATGCC,CD16+ NK cell
E2L1_GAACTGTCAAGCCATT,Cycling NK cell
E2L5_CCGTAGGCAGTTCCAA,Naive B cell
E2L8_GCACGTGCACAACGAG,Platelet
L5_TTACCATTCTTACCGC,Memory CD4 T cell
L2_TTCATGTTCGCGTTTC,CD1c+ conventional dendritic cell
L4_GCAGTTAAGGCTTTCA,Plasma cell
E2L3_ATCGCCTAGTGGATTA,Memory B cell
E2L4_CACTGGGAGTGCGTCC,Naive CD4 T cell
L3_ATGAGGGGTTTGATCG,CD56bright NK cell
E2L6_TCTCACGAGAACCGCA,Effector memory CD8 T cell
L1_CGAATTGTCGTTCTCG,Plasmacytoid dendritic cell
E2L8_GTCATTTCACAGTATC,Activated T cell
L1_TCTTAGTGTCACTTCC,Mast cell
L2_TCATGTTGTCTAGTGT,Mast cell
E2L3_CTATCCGGTACCGTGC,Cycling NK cell
L5_TCAAGCAGTGCATCTA,Naive CD4 T cell
L1_GTCTTTAAGGACAGTC,Memory B cell
E2L4_ACAGCCGGTACTCCCT,Memory B cell
E2L7_AGCCAATAGACGTCCC,Memory B cell
E2L6_TGTGATGCACAACGTT,CD56bright NK cell
E2L6_TTGGGTATCATGGAGG,Naive CD4 T cell
E2L2_GGAACCCGTATGTCTG,Cycling NK cell
L2_ATCCTATTCCCTATTA,Cycling NK cell
L3_CTTCGGTGTACGACAG,Naive CD4 T cell
E2L7_TCAAGCATCATTTCGT,Effector memory CD8 T cell
E2L1_CCGTTCATCTACCACC,CD14+ monocyte
E2L7_GGAGGTACAATGAGCG,Plasmacytoid dendritic cell
L2_CCTCAGTGTCCCTAAA,Cycling NK cell
E2L2_CCCTCTCCAGTTACCA,CD16+ monocyte
E2L7_GTTAGTGTCTACTGCC,Naive CD4 T cell
E2L8_GGCTGTGCATAAGCAA,Naive CD4 T cell
L5_ATGCCTCTCGATTTCT,Naive B cell
E2L6_GGTGTTAAGCAACTTC,CD1c+ conventional dendritic cell
E2L1_AGCATCATCGATGGAG,Naive CD4 T cell
L1_TCACATTTCTCGTCGT,Naive CD4 T cell
E2L6_TGCTTCGCACGACGAA,Memory B cell
E2L5_GGGTTTACAGGGTCTC,Naive CD4 T cell
L1_GGGAGATGTTGGGCCT,Naive CD4 T cell
E2L7_TGCGGGTGTTTGGCTA,Naive CD4 T cell
E2L4_ATGCATGCAGCTTCCT,CD16+ monocyte
E2L4_TGTTCATGTCCGAAGA,Memory CD4 T cell
E2L1_CTGGCAGCACAGTCAT,Naive B cell
E2L2_CAAGCTATCCGTGCGA,Memory CD4 T cell
E2L8_TTGTTGTTCTCTGCCA,CD16+ monocyte
E2L6_TTTCAGTTCCCGGTAG,Memory B cell
E2L1_GGTTCTCAGGTATAGT,Platelet
L1_GGTAGAGAGCACCGAA,Naive CD4 T cell
L1_TGAGGTTGTCGAGCAA,Mast cell
E2L7_TAGAGTCCACTAGGCC,CD14+ monocyte
E2L1_CCAATTTCAAGAGATT,Memory B cell
E2L6_CCAAGCGCACCTGCGA,CD1c+ conventional dendritic cell
L2_CGGAGAATCTTAAGGC,CD161+ memory T cell
E2L2_ATTCATCCAAGGCCTC,Cycling NK cell
E2L3_CCGGTGATCCTTGACC,Effector memory CD8 T cell
E2L7_TGAGGGAAGCGAGGAG,Effector memory CD8 T cell
E2L2_TAGTGCACACGTGTGC,CD56bright NK cell
L2_ACCTGAACAACTAGAA,CD16+ NK cell
L5_AAAGAACCAGTGTGGA,Activated T cell
E2L1_AGCCAGCAGCTGCCTG,Memory CD4 T cell
L2_ATTACCTCAGCTACCG,Naive CD4 T cell
L5_AACCTGAAGGATTTGA,Naive CD4 T cell
L1_GGGAAGTAGGTCGTAG,Naive CD4 T cell
E2L6_CAAGACTAGTGCGCTC,Naive CD4 T cell
E2L1_GCTGCAGTCAAAGGAT,CD56bright NK cell
L5_TGCGACGCAAGCGCAA,Naive CD4 T cell
L1_CGGAACCTCCATACTT,CD56bright NK cell
L5_GCAGCTGCAGCTTCCT,Memory B cell
L4_AAGACAACACAGACGA,CLEC9A+ dendritic cell
E2L4_AGGACGACACGACTAT,Effector memory CD8 T cell
L2_GTTGAACCAAGTGCTT,CD56bright NK cell
L4_TCACTCGTCATACAGC,Memory CD4 T cell
L5_AGAAGCGGTAGAATAC,CD56bright NK cell
L1_GTTGAACAGCGTCTGC,Mast cell
L2_GGGTCACAGGAAGTCC,Mast cell
E2L1_TCGCAGGAGCGACTTT,CD161+ memory T cell
L1_ACGGTCGTCTCGTGAA,Erythrocyte
E2L1_TCGACGGGTATGATCC,Memory CD4 T cell
E2L5_ACCTACCAGTGAATAC,Effector memory CD8 T cell
L2_TAAGCCATCGGTGAAG,CD16+ monocyte
L2_CCCTAACTCTCTTAAC,Memory B cell
E2L1_TGGATGTGTTATAGCC,Effector memory CD8 T cell
L1_GTAGAGGAGGACACTG,Mast cell
L4_GGGCGTTCAAATACGA,Plasma cell
E2L2_TGATTCTGTGACTGTT,Cycling NK cell
E2L5_TGTGGCGGTAATGATG,Effector memory CD8 T cell
E2L5_CGAGAAGGTTGACTGT,Plasmacytoid dendritic cell
E2L5_GCTACCTTCCTTCACG,Cycling NK cell
L3_TGACAGTCATCAGCTA,Naive CD4 T cell
L2_TCTTAGTAGGCTTAAA,CD16+ monocyte
E2L5_AGAGAGCCAGAGATTA,CD161+ memory T cell
E2L6_TTCGCTGGTCATTCCC,Platelet
L3_TGTAACGGTACGGGAT,Naive CD4 T cell
L2_CTGCCTATCACGATCA,CD16+ monocyte
E2L6_CGAATTGCATTCTGTT,CD1c+ conventional dendritic cell
E2L4_AACCCAAGTCTTCTAT,Cycling NK cell
E2L7_TACTTACAGATGCCGA,CD1c+ conventional dendritic cell
L2_TTTGGTTCATCATGAC,Memory B cell
L5_GGAGCAACATCGAGCC,Memory CD4 T cell
L1_ATACCGACAACGAGGT,Naive CD4 T cell
L3_GAGTGAGGTAATGATG,Cycling NK cell
L1_CAACCTCGTCGAGTGA,Naive B cell
E2L4_TACCTCGGTACCTAAC,Memory CD4 T cell
E2L4_GGGAAGTAGTCATTGC,CD14+ monocyte
L1_ATTCACTAGACCTTTG,Naive CD4 T cell
L2_TGCTCGTAGCACTCCG,Naive CD4 T cell
E2L2_CTTCGGTAGGGTGAAA,Effector memory CD8 T cell
L3_GTGCAGCTCGGCCCAA,Plasmacytoid dendritic cell
E2L3_AACCAACGTACAGGTG,CD16+ NK cell
E2L4_CCCTCAACAAGCCTGC,Memory B cell
L5_TGATTTCAGTCTGTAC,Effector memory CD8 T cell
L1_TTCTTGACAATAACGA,Erythrocyte
L1_AGTAGTCAGTTGTCAC,CD161+ memory T cell
E2L1_ACTTAGGGTTGTCTAG,CD16+ monocyte
L5_CACTGAACATGTTCGA,CD16+ NK cell
L4_CAGCCAGCAGAAATTG,CD16+ monocyte
L5_TTCTAGTGTGCTCTCT,Naive CD4 T cell
E2L2_TTGCATTTCCGGTAAT,Cycling NK cell
L3_TCTTCCTAGACGGTCA,CD161+ memory T cell
L5_GGTAACTGTAACGATA,Cycling NK cell
L5_GAGTTGTCAAGGCCTC,Naive CD4 T cell
E2L5_CACACAATCATATGGC,CD56bright NK cell
L4_GTCGCGACAGAGACTG,Memory B cell
E2L5_CAGGCCACAAGTGTCT,CD14+ monocyte
E2L2_ATGGGAGGTATGGAAT,Memory CD4 T cell
E2L3_CAACGGCAGTAATACG,CD56bright NK cell
E2L5_TAAGCACCATTCGGGC,Naive B cell
L3_GTCATTTAGTAGAGTT,Naive CD4 T cell
E2L3_GAAGGACAGCCACCGT,CD1c+ conventional dendritic cell
E2L6_CTCCCAACACACTTAG,CD16+ NK cell
E2L8_GAAACCTAGCTAATCC,Memory B cell
L1_TCAGTGAGTCTTCCGT,Cycling NK cell
E2L3_CTATCTATCGCAACAT,Naive CD8 T cell
E2L3_TGAGGAGTCCGTGGGT,Plasmacytoid dendritic cell
E2L6_CGGGCATTCGCATAGT,CD16+ NK cell
E2L8_TCCTCCCGTAGCTTGT,Memory B cell
E2L8_TCAGTCCCAACCCGCA,Naive B cell
L1_GAGATGGTCGTAACCA,Naive CD4 T cell
E2L7_GACCAATAGACTCAAA,Activated T cell
E2L3_TTCTAGTCAACCACGC,Activated T cell
L2_ATCGGATGTAGACGGT,Naive CD4 T cell
E2L6_ACTATTCGTTGCTGAT,Effector memory CD8 T cell
L2_GAAGCCCGTCTGCAAT,Memory CD4 T cell
E2L8_CTCCATGAGGCTTAAA,Naive B cell
L4_ACGCACGAGCGTGAGT,CD1c+ conventional dendritic cell
E2L3_ACTGATGAGGATACGC,Memory B cell
E2L4_AGGAATACAAGTATCC,Plasma cell
E2L6_CTGCTCAAGCTCTATG,CD1c+ conventional dendritic cell
E2L2_GTTAGACGTTATGACC,Naive CD4 T cell
E2L1_GTCCTCAAGTCCTGTA,CD56bright NK cell
L2_GACTCTCTCCACAAGT,Naive CD8 T cell
E2L7_TGTACAGAGAGCGACT,CD161+ memory T cell
L4_GTAGAGGAGATTCGCT,Naive B cell
E2L6_TCAATCTAGGTCTTTG,Activated T cell
E2L8_TGAGGGACAATACAGA,CD16+ NK cell
L3_GATCAGTCAGTGTATC,Plasmacytoid dendritic cell
L1_TGGCGTGGTCCCACGA,CD14+ monocyte
E2L6_TAAGCGTCACTCCTGT,Memory CD4 T cell
L5_CAGCCAGCATAATCCG,Memory CD4 T cell
E2L1_GTGGAAGAGGATATAC,Platelet
L1_CTAGGTATCGCCGAGT,CD161+ memory T cell
E2L3_CAGCAATTCGTAGGAG,CD16+ NK cell
L2_CTACTATGTGATCATC,CD56bright NK cell
L2_TTCACGCTCCACACAA,Effector memory CD8 T cell
E2L1_GCAGCCAAGACTCTTG,CD16+ NK cell
E2L5_ACTTATCAGCTCTGTA,Effector memory CD8 T cell
L2_CACGTTCCATCCGGTG,Effector memory CD8 T cell
L4_CGAAGGACAAAGCACG,Memory B cell
L1_AATGAAGTCGCAATTG,Naive CD4 T cell
L2_GGTTCTCTCCGCCTAT,Memory B cell
L5_GTGTGATAGAAATTGC,Memory CD4 T cell
L5_AAACCCATCTTGGATG,CD1c+ conventional dendritic cell
L1_CGTGATACACGACAGA,CLEC9A+ dendritic cell
L2_TTGTGGATCTCCAATT,Naive CD4 T cell
E2L1_ACTATGGTCTGATGGT,Memory CD4 T cell
L5_CATTCCGGTGAGATTA,CD161+ memory T cell
L5_TGTCCACGTTCTCTAT,Naive B cell
E2L4_CTAGACAGTACTGGGA,Memory B cell
E2L1_GGTAGAGTCCCATAAG,Effector memory CD8 T cell
L4_AAGCGTTGTAGCGTCC,CD1c+ conventional dendritic cell
L1_CACCAAAGTCAAAGAT,Naive CD4 T cell
L1_TCAAGCATCGTAGTGT,Memory CD4 T cell
L2_CTGCATCCAAGACCTT,CD14+ monocyte
E2L6_CCGTGAGTCATCGCCT,Effector memory CD8 T cell
E2L8_CTGAGGCAGATTAGTG,CD16+ NK cell
L4_GAGCCTGGTCTAGGTT,Naive CD4 T cell
L1_CGTAGTACAACGGCTC,Naive CD4 T cell
L4_GCAGGCTGTGCCGTAC,Naive CD4 T cell
L4_GTGAGGACAGTTAGAA,Naive CD4 T cell
E2L5_TCCCAGTCAAGACCTT,Naive CD8 T cell
E2L8_TCTGGCTCACAGAGCA,CD1c+ conventional dendritic cell
L1_TGTAAGCCAGCTACTA,Effector memory CD8 T cell
L2_TGTAACGGTGAAGCTG,CD56bright NK cell
E2L3_TCCTAATCAACAAGAT,Memory CD4 T cell
E2L8_AAGGTAATCATTTGGG,Naive CD4 T cell
L2_CTCCCTCGTCCAAGAG,Plasma cell
L4_AGCGATTTCACGTCCT,Naive B cell
L2_AATGGCTGTCGAATGG,Naive B cell
E2L6_CTGCATCTCCGGACTG,Memory B cell
E2L6_TGTAGACGTTCCGCTT,CD161+ memory T cell
E2L6_AACCATGAGGACATCG,CD161+ memory T cell
E2L1_TCAGCAACATGTCAGT,Memory B cell
L4_GATGTTGTCGTTGTTT,Naive CD4 T cell
E2L6_CATGGTAAGTCGAAGC,Activated T cell
E2L8_GTTACCCCAGAACCGA,Naive CD4 T cell
L5_GGATCTAAGTTCGCAT,Plasmacytoid dendritic cell
E2L2_GACTTCCTCGTTGTTT,Memory B cell
E2L2_CAGAGCCCATGGGATG,CD56bright NK cell
E2L2_GAAGCGACAATCTCTT,Cycling NK cell
L4_ACGGTTATCAATCCAG,Naive CD4 T cell
E2L2_CTCTGGTGTCTCGCGA,CD161+ memory T cell
L5_CTCCCTCAGGAATCGC,CD16+ NK cell
E2L5_TACCGGGAGGTCACTT,Effector memory CD8 T cell
E2L1_GGAGATGGTACCATAC,Naive B cell
E2L8_GTCAAACTCGAGAAAT,Plasmacytoid dendritic cell
E2L7_GAGATGGAGTGCACCC,Effector memory CD8 T cell
L1_GACCAATTCTCGGCTT,CD56bright NK cell
L4_TTGGGCGCATGATAGA,Memory CD4 T cell
E2L1_GCCCAGATCGTGCTCT,Cycling NK cell
L2_GACTCTCGTCCGCAGT,Naive CD4 T cell
E2L1_TTCCGGTCATGAATAG,CD16+ monocyte
L1_AAGTACCGTGAGGAAA,Plasma cell
E2L2_CGTGAATAGTCACTCA,Plasma cell
E2L6_GGGACTCTCCAGTGTA,Effector memory CD8 T cell
E2L3_TTTCGATGTGGCGTAA,CD56bright NK cell
E2L3_GTGAGTTCAGTTGTTG,Naive CD4 T cell
L3_AGGGCTCTCCGTGCGA,Memory B cell
L1_CTGGACGGTGACTATC,Naive B cell
L1_TGGTACACATGACACT,Naive CD4 T cell
E2L6_CCCGGAATCCTACCGT,Effector memory CD8 T cell
E2L1_TCGACGGGTGCCGAAA,Mast cell
L3_AGGCTGCTCCAGCAAT,Memory B cell
E2L2_TGTTCCGCAAAGAACT,Memory CD4 T cell
E2L2_AAGCGTTGTAACATGA,Effector memory CD8 T cell
E2L7_TGGGAGACAGAACTTC,Memory CD4 T cell
E2L6_CTTACCGTCTCAGTCC,Cycling NK cell
L1_TTGACCCAGATTGCGG,Naive CD4 T cell
E2L8_AATAGAGCAATTCTTC,Naive B cell
E2L7_ATACCGACAACTTGCA,Effector memory CD8 T cell
E2L7_ACTGCAATCAGGCGAA,Cycling NK cell
E2L1_ACATGCAAGACGCAGT,Plasmacytoid dendritic cell
L3_GGGTAGAGTTGTAGCT,Plasmacytoid dendritic cell
E2L1_GACTTCCGTCCATACA,CD14+ monocyte
L1_CTAGACACAACTTGCA,Mast cell
E2L8_AAGACTCTCGCTCATC,CD1c+ conventional dendritic cell
E2L5_GTAATCGCATGATGCT,CD161+ memory T cell
E2L8_CTATAGGTCCTTCTAA,CD16+ monocyte
L1_GGAATGGCATACCAGT,CD161+ memory T cell
L2_TTCCGGTGTACTCGTA,CD14+ monocyte
L2_ACGATCAAGTGAGCCA,Mast cell
L5_ACTTATCAGAAGCGAA,Naive CD4 T cell
L3_TGTAACGTCCTAAACG,CD161+ memory T cell
E2L4_TCGCTTGTCTGGGCCA,Platelet
E2L4_GAGTGAGCATCTTAGG,CD16+ monocyte
L2_GTCATCCGTGGCGCTT,Mast cell
L2_CATAGACTCCAGCTCT,Naive CD8 T cell
E2L5_GGCGTCACAGTCTTCC,Effector memory CD8 T cell
E2L6_TCCCACAAGCCATTTG,CD16+ NK cell
L2_CCGGTGAGTGCTGTCG,Memory B cell
L4_ATCGTGACAAGCCTGC,CLEC9A+ dendritic cell
E2L8_TCCCACAAGGGTGGGA,Cycling NK cell
E2L6_ATCGGCGCAGTTCACA,CD1c+ conventional dendritic cell
E2L2_AGAACCTGTTATCTGG,Plasmacytoid dendritic cell
L5_CCCTGATAGAGAGTGA,CD161+ memory T cell
E2L2_TCAGTTTCACAGCCTG,Effector memory CD8 T cell
E2L6_CCTGTTGGTTAGGAGC,Memory B cell
E2L8_CTACAGAGTGGATTTC,Plasma cell
E2L5_ATCCTATAGGCTGGAT,CD16+ NK cell
L5_CTACGGGCACGACGAA,Naive B cell
E2L6_AGGGTGAGTGATATAG,CD16+ monocyte
E2L3_CATCGTCCATTCACCC,Naive CD4 T cell
E2L8_TCTACCGCAAGAGCTG,Plasma cell
L5_GTATTGGCAGACTCTA,Naive CD4 T cell
E2L1_TGTTCATTCCACTTCG,Effector memory CD8 T cell
E2L7_CAGCCAGGTATTCCGA,Plasmacytoid dendritic cell
E2L7_CCTACGTCAACACTAC,Memory B cell
L5_CGGAGAACATCTCAAG,Memory CD4 T cell
E2L3_AAAGTGAGTGACCTGC,Memory B cell
E2L6_CGTTGGGGTATATGGA,Memory CD4 T cell
L5_GTGTTCCAGAAACACT,CD161+ memory T cell
E2L5_AACGAAAGTTCTCTCG,Memory CD4 T cell
E2L8_ATACTTCAGCACTCGC,Cycling NK cell
L5_AAACCCAGTTCTAAGC,Mast cell
L2_GCTCAAATCCCGGTAG,Plasmacytoid dendritic cell
L4_CATCGTCAGGTCCCTG,CD1c+ conventional dendritic cell
L3_ACCATTTAGTCACTGT,Effector memory CD8 T cell
E2L7_AATGCCAAGATGAAGG,Naive CD4 T cell
L5_GTGTCCTAGCGGGTTA,Naive CD4 T cell
L4_TTGCATTCATTAGGCT,Effector memory CD8 T cell
E2L2_TGACCCTAGATTGGGC,CD16+ monocyte
L5_TAGATCGGTGCCGTTG,Naive CD4 T cell
E2L8_GTGATGTCACAGAGAC,CLEC9A+ dendritic cell
E2L4_TCCGTGTCAATACGCT,Effector memory CD8 T cell
E2L1_TAACACGGTGCATTAC,Memory CD4 T cell
E2L5_TTCTCTCCAAGTAGTA,CD16+ NK cell
E2L5_CGAAGTTGTCCTGGTG,Cycling NK cell
E2L5_CGTCCATGTTAGGGTG,CD161+ memory T cell
E2L1_TTCTCTCGTCTAGGTT,Effector memory CD8 T cell
E2L4_AATTTCCGTTGTGCCG,Naive CD4 T cell
E2L5_GACCCAGTCCCTCAAC,CLEC9A+ dendritic cell
E2L2_TGCTTGCCATGTACGT,CD56bright NK cell
L5_TTCGCTGGTGCGGTAA,Naive CD4 T cell
L3_CGAGGCTAGCAGAAAG,Naive CD4 T cell
L4_GATTCTTTCCTCTCGA,Naive B cell
E2L8_CTCATCGCATGTTTGG,CD16+ NK cell
L1_TGAGGTTCATTGCTTT,Mast cell
L4_ACGTAGTTCGCCAATA,CD1c+ conventional dendritic cell
L4_CGGCAGTGTACAACGG,Effector memory CD8 T cell
E2L4_GACGCTGAGACTGTTC,Memory B cell
L5_TTGCTGCAGACAGCTG,CD16+ NK cell
E2L6_TCGTGGGCACTAGAGG,Memory B cell
E2L4_AGATCGTAGCTTCTAG,Effector memory CD8 T cell
E2L5_ACGTAGTCATCAGCAT,Memory CD4 T cell
L2_TTACAGGGTTCGGTAT,Erythrocyte
E2L4_AGACAGGAGGTAATCA,Memory B cell
E2L6_CGAAGTTTCTGTAACG,Effector memory CD8 T cell
E2L2_CTTTCAACAAAGACGC,CD16+ monocyte
L1_CCTCCTCGTCGGCACT,Naive CD4 T cell
E2L3_TCCTAATTCAGCGCGT,Plasmacytoid dendritic cell
L1_TGAGCATCACATTACG,Activated T cell
E2L5_CATTCTAGTACTCGCG,Naive CD8 T cell
L5_CCTCTAGGTGGATACG,CD14+ monocyte
E2L3_CATTGAGCACGAGGTA,Effector memory CD8 T cell
E2L3_GTGTGATAGACTCTTG,Memory B cell
L5_GTCGTAAGTGCTCTTC,Naive CD4 T cell
L3_GTGGGAATCATGAGGG,Effector memory CD8 T cell
E2L5_ACAGAAAGTGAGCCAA,CD56bright NK cell
E2L5_GGGTGTCAGCTTTCCC,CD14+ monocyte
E2L6_CGAGTGCTCCACTGGG,CD14+ monocyte
E2L7_GAGTTACGTCATAAAG,Memory CD4 T cell
L2_TCCGAAAGTTTGAACC,Memory B cell
E2L3_TCTGCCATCTTTCCAA,CD14+ monocyte
E2L2_CACAACAGTGCAATAA,Plasmacytoid dendritic cell
L2_GTGACGCGTTGTGGCC,CD14+ monocyte
L4_TCCACCAAGCTTACGT,Effector memory CD8 T cell
E2L2_CCCTCAATCCTTCTAA,Memory B cell
L2_GCTTTCGAGTTGGAGC,CD14+ monocyte
E2L7_TGTGATGCATGGTGGA,Effector memory CD8 T cell
E2L3_ATATCCTCAAATTGCC,CD161+ memory T cell
E2L1_TGGAGAGAGGTCACAG,Memory B cell
E2L8_ATCGCCTCAAGTACCT,CD14+ monocyte
L1_CAGATACTCTAACGGT,Effector memory CD8 T cell
E2L8_TTGGGTATCTCATTTG,Naive B cell
L1_ATCACAGGTGTGTTTG,CD16+ monocyte
E2L4_CGGAACCCACTGTGAT,CD1c+ conventional dendritic cell
E2L8_GGGATGACATAGCTGT,Memory CD4 T cell
L5_TCACTCGGTAGTTCCA,Naive CD8 T cell
E2L5_TACCTCGAGTCATACC,Erythrocyte
E2L7_ACATTTCCAAAGGCTG,Memory B cell
L5_CTCCCAAAGTACAGAT,CD161+ memory T cell
E2L1_AGACACTGTAACTGCT,Cycling NK cell
L5_CGGAGAAAGAATCCCT,Mast cell
L5_AACCTGATCTGATGGT,CD56bright NK cell
E2L3_CGGACACTCACGGTCG,CD16+ NK cell
E2L6_GTCCTCAAGAGGGTAA,Memory CD4 T cell
L4_GACATCACAAACACCT,Effector memory CD8 T cell
E2L4_GTACAACGTCAATCTG,Effector memory CD8 T cell
L4_ATGTCCCTCCGCAAAT,Memory CD4 T cell
E2L5_CTTACCGCAGGAGACT,CD1c+ conventional dendritic cell
E2L7_CAATACGTCTACGGGC,Memory B cell
E2L7_GTAAGTCGTGAGTAGC,Effector memory CD8 T cell
E2L1_GGAGGATAGGTCCCTG,Effector memory CD8 T cell
L3_CGTGAATTCTTGCGCT,Naive CD4 T cell
E2L5_TTGAGTGTCGCTGACG,CD16+ NK cell
E2L4_TAACTTCTCAAGCGTT,CD16+ monocyte
E2L7_CACTGGGAGACTTCGT,Memory B cell
L5_CAGCGTGGTCTACTGA,Naive CD8 T cell
E2L5_GGCTGTGTCGAGAACG,Naive CD8 T cell
L2_GGGAAGTTCTCATTAC,Plasmacytoid dendritic cell
L3_AACGTCACAACATCGT,CD16+ monocyte
L2_AACAAGACAGAGCGTA,Plasma cell
L3_CGTCAAAAGTAGATCA,Plasma cell
E2L6_GTAGAGGGTGGATCGA,Naive B cell
E2L3_GGGAAGTGTAATGCGG,CD56bright NK cell
E2L7_GTAATCGCAGAGCTAG,CD16+ NK cell
L2_GTTAGACAGACCTCCG,Naive CD4 T cell
L5_GAGAGGTCACCAGCTG,Naive CD4 T cell
L5_TCGGGTGCACCCTTAC,Memory CD4 T cell
E2L4_AATTCCTCAACGACTT,Effector memory CD8 T cell
E2L4_GTTGCTCCACACCAGC,CD16+ NK cell
E2L3_CATAGACCACTGTGAT,CD56bright NK cell
E2L4_CGGGTCAAGGAACTCG,Naive B cell
E2L1_ACGTTCCGTCAAGCCC,CD56bright NK cell
L5_ACAGAAACAGGACTTT,Memory CD4 T cell
L3_ACCCTCAGTCCGTTTC,Memory CD4 T cell
L5_GCTACCTTCGTTAGAC,Memory CD4 T cell
L2_TTCGGTCCACAATTCG,Naive CD4 T cell
E2L3_AGTGACTGTGGCTAGA,CD56bright NK cell
L1_TCTTAGTAGGGATGTC,CD16+ monocyte
E2L4_TGGCGTGTCGTTGTAG,Memory B cell
L3_CCGCAAGCAAGGTCTT,Naive CD4 T cell
E2L5_ACCAACAGTGGCTTGC,Memory B cell
L1_TTCCGTGGTCGTCAGC,Mast cell
E2L7_GCCAGGTTCGTCCTCA,Memory B cell
L5_AAGCATCAGCTTTGTG,CD1c+ conventional dendritic cell
E2L1_GGAACCCCAAGGTCAG,Memory CD4 T cell
L1_TGCCGAGGTCGGATTT,Mast cell
L3_CTGCAGGAGCTAAATG,Memory CD4 T cell
E2L6_GAAATGAGTGGGCTTC,CD16+ NK cell
L1_CAAGCTAGTGCATGTT,CD161+ memory T cell
L1_GGGCTCACACTACCCT,Memory CD4 T cell
E2L4_GAGAGGTAGGTCCGAA,Memory B cell
E2L7_TGACCCTGTGGACTGA,Naive CD4 T cell
E2L7_TTACGCCTCTGGGTCG,CD161+ memory T cell
E2L5_TTCACCGAGGATTTCC,CD14+ monocyte
E2L4_AGACACTCACAACGTT,CD1c+ conventional dendritic cell
E2L2_CGGGTGTAGAACTGAT,CD1c+ conventional dendritic cell
E2L8_CACCGTTAGACTCTAC,Cycling NK cell
E2L8_GGGAAGTCAGGTTTAC,CD56bright NK cell
E2L7_TGTCAGATCACGACTA,CD16+ monocyte
E2L5_TATCTTGCACTGGAAG,Memory CD4 T cell
L4_TATTGCTCAGACAAAT,Naive CD4 T cell
L3_TAGGGTTTCATGCCCT,Mast cell
E2L5_CGGAATTTCCGTGTCT,Memory B cell
L2_CGAGTTATCAGGAACG,Naive CD4 T cell
L2_AGACAAACAGTGGGTA,CD1c+ conventional dendritic cell
L2_TGAGTCAGTGATACCT,Mast cell
E2L2_CTCGAGGCAAAGCAAT,CD56bright NK cell
L1_AGTTCCCAGCAGCCTC,Naive CD4 T cell
E2L6_TAGATCGAGACGCCCT,Plasmacytoid dendritic cell
L5_CTCTCAGCAGCTCGGT,Naive CD4 T cell
E2L8_TATTTCGAGAGGGTGG,CD16+ NK cell
E2L5_CAGGCCAGTCCGTTTC,Naive CD4 T cell
L1_CGAGTGCGTAGGCTCC,CD161+ memory T cell
E2L4_AGACCATAGACGCCAA,CD56bright NK cell
L2_AAGCCATTCTCCCATG,Naive CD4 T cell
L1_CTGCTCAAGCTTTCCC,Naive CD4 T cell
L3_AGCGATTCAAGTGCTT,Memory CD4 T cell
L1_ACACTGAAGCAGGGAG,Naive CD8 T cell
E2L6_CGTTCTGGTTCGGACC,Plasmacytoid dendritic cell
L5_GATGACTTCAAGTGGG,Effector memory CD8 T cell
E2L3_TTCTAACAGTTTGGCT,CD16+ NK cell
E2L6_GGTAATCCACCGGAAA,Memory B cell
L1_GAAGTAACACTAGTAC,Platelet
