barcode,cell_type
L3_ACCGTTCCACATATGC,Proliferating T cell
E2L7_GACCAATCAGAGCTAG,FCGR3A+ Monocyte
E2L2_TCCGAAAAGAAGCTGC,Platelet
E2L4_TAATCTCGTAGAGATT,Conventional dendritic cell
L5_TATTGCTTCGCTAATG,MAIT cell
E2L3_GTAGATCCAACCGACC,FCGR3A+ Monocyte
L3_TCCGATCGTGTTTACG,CD14+ Monocyte
L3_TTAGGCACACACCTGG,CD4+ Memory T cell
E2L4_TCGATTTTCTGCTTAT,B cell
E2L5_CGGGTGTTCAACTGAC,CD4+ Memory T cell
L2_CAGCACGTCGAGTCTA,CD4+ Naive T cell
E2L6_GACTGATTCCGTAGGC,Proliferating T cell
L1_TTAGTCTCATCAGCTA,CD4+ Memory T cell
L1_CTAGGTAGTAGATGTA,Plasmacytoid dendritic cell
E2L1_TGACGCGGTTAAGACA,B cell
E2L5_CAGCAGCTCAAGTTGC,CD4+ Naive T cell
L2_CGTAGTATCGCAGATT,Proliferating T cell
L5_CTTGATTTCAGCTAGT,Conventional dendritic cell
L1_AGAACAAAGGAACGCT,CD4+ Naive T cell
E2L1_CGAGGCTTCTGCGGAC,MAIT cell
L4_GGGTCACTCGATAACC,CD4+ Memory T cell
E2L6_GATTTCTGTGAATGAT,B cell
L1_GTTCCGTGTACCGGAA,Proliferating T cell
L2_TGGGAGAGTTCGTGCG,Hematopoietic progenitor cell
E2L1_CTCATTAAGGTCATCT,CD14+ Monocyte
E2L6_CCCTCTCTCGACCACG,B cell
L5_TACGTCCAGAGAGCCT,Conventional dendritic cell
E2L5_AAAGGATCACTCCTGT,MAIT cell
L1_ACCCTCAAGGTCCAGA,CD8+ Cytotoxic T cell
E2L1_GTAACCATCACGGACC,MAIT cell
L1_GTAGTACTCTTCTAAC,CD4+ Naive T cell
L2_TATCCTATCCCTGGTT,Conventional dendritic cell
E2L1_ATTGTTCAGTATTCCG,Conventional dendritic cell
E2L6_ATCGCCTAGGCTCAAG,Platelet
L2_TCCTCCCTCCGCGATG,Proliferating T cell
E2L2_ACGGAAGAGATGTTGA,CD4+ Naive T cell
L5_GATGTTGGTACGAGTG,CD4+ Naive T cell
L5_ATCCATTTCACAAGGG,FCGR3A+ Monocyte
L4_GATTCGAGTAGTCTGT,CD4+ Naive T cell
E2L2_TATCTGTCACCGTGGT,CD4+ Naive T cell
E2L6_AGGGTTTCACAGGATG,CD8+ Cytotoxic T cell
L5_TCTTAGTCATATCTGG,MAIT cell
E2L5_CAGATACAGCCTGAGA,CD4+ Naive T cell
E2L5_CAACAGTTCGGACTGC,Proliferating T cell
E2L8_GGCGTCAGTACCTTCC,CD8+ Cytotoxic T cell
L2_AACAACCGTAGACGTG,CD4+ Memory T cell
L3_GCACGGTGTCGACTGC,CD4+ Naive T cell
E2L5_AGGTCTATCAGTGTGT,Conventional dendritic cell
E2L4_CTGCCTAGTACCTAGT,Platelet
L2_GAGCTGCGTCGAGCAA,CD8+ Cytotoxic T cell
L5_ATCATTCAGAAGGGAT,CD4+ Naive T cell
E2L8_TAAGCCACACACCTGG,Plasmacytoid dendritic cell
E2L4_TAACGACCAAGCTCTA,gamma-delta T cell
E2L8_TCATTGTTCGTTGCCT,gamma-delta T cell
E2L7_CTACCTGAGTCGCGAA,FCGR3A+ Monocyte
E2L2_TAGGGTTAGCACTAAA,CD14+ Monocyte
L2_TGGTACAGTGTATCCA,Hematopoietic progenitor cell
L4_GGAACCCAGCTCCACG,NK cell
E2L6_CTCGAGGTCTAAGCCA,FCGR3A+ Monocyte
L5_TCGCTTGTCTTACCGC,Conventional dendritic cell
L3_CGTAATGAGTACTGTC,NK cell
E2L4_TTGGTTTAGTATGGAT,Conventional dendritic cell
E2L3_AGGTCATAGCATCAAA,CD4+ Naive T cell
L4_TCTGGCTCATAATGCC,CD4+ Naive T cell
E2L1_TGACGCGTCCACACAA,CD8+ Cytotoxic T cell
E2L3_CTCTCGAGTCCTTAAG,CD8+ Cytotoxic T cell
E2L6_CCGTAGGAGGCAGGGA,MAIT cell
E2L2_AAAGTGAGTCTGTGAT,Proliferating T cell
L1_GATCACATCAAGGAGC,CD4+ Naive T cell
E2L3_GAGTTACTCACATCAG,Plasma cell
E2L4_ATGCCTCGTTCGGCGT,CD8+ Cytotoxic T cell
E2L8_GTACAGTGTAGCACAG,Proliferating T cell
E2L8_ACTGTCCAGCTATCTG,CD8+ Cytotoxic T cell
L5_AGGATCTAGATCACTC,Proliferating T cell
L1_GGGATCCTCCCTCTCC,CD4+ Naive T cell
E2L3_AGGATAAAGCGACTGA,Plasmacytoid dendritic cell
E2L4_GGAATCTGTCGTCTCT,Platelet
L5_CACAACATCGTGCGAC,Conventional dendritic cell
L5_CTACCCAAGCGTGCTC,B cell
E2L5_GTTTACTTCTCACTCG,Conventional dendritic cell
E2L7_ACCCTTGGTGCTTCAA,Proliferating T cell
L1_CGTTAGATCTGGTGGC,CD4+ Naive T cell
E2L4_CGTCCATCATCCGGTG,CD8+ Cytotoxic T cell
E2L1_TCCGGGAAGTCATGCT,Plasma cell
E2L4_TGAGACTAGAATTTGG,B cell
E2L1_ATCTCTAAGCACACCC,gamma-delta T cell
L2_TGTTTGTTCACTTCTA,MAIT cell
E2L7_AGCTCAACACACAGAG,MAIT cell
L5_CTCCGATGTAGAGTTA,CD14+ Monocyte
L5_GCTGAATCATGATGCT,CD4+ Memory T cell
E2L2_CAGGCCATCTATTTCG,CD4+ Memory T cell
E2L3_GTGCACGCAGTTTCAG,CD8+ Cytotoxic T cell
E2L7_TCATTCAAGGACGGAG,CD4+ Naive T cell
E2L2_TGAGGTTAGTGTTGTC,FCGR3A+ Monocyte
E2L3_GTAGCTACATCAGTCA,Proliferating T cell
L1_AGGAAATTCCACGTCT,CD4+ Naive T cell
L3_AATCGACTCCGATAAC,CD4+ Naive T cell
E2L3_CTTCTAACACAATTCG,Proliferating T cell
L3_CATAAGCAGAGGGTGG,CD4+ Naive T cell
L1_TCATCCGAGTATCTGC,CD4+ Naive T cell
E2L7_CACGTGGTCTCTGGTC,Platelet
E2L1_TCTCACGTCATTTACC,NK cell
L2_CCTATCGGTATCTCTT,CD14+ Monocyte
E2L1_CGTGATAAGGATTCCT,B cell
L4_TAAGCACAGGCAGGGA,B cell
L5_CACTGAAGTTCGTTCC,B cell
E2L3_TTTGACTCAAGAGGCT,Conventional dendritic cell
L3_TCAATCTTCGTGGCGT,Hematopoietic progenitor cell
E2L2_GCATCGGCAGGGTCTC,B cell
L5_AGGGTCCCAGACGGAT,CD4+ Naive T cell
L2_CCAATGATCATCGCTC,FCGR3A+ Monocyte
L5_TCGATTTCAAATTAGG,Plasma cell
E2L4_TAAGCCACAAGAGATT,B cell
L5_TGTAACGAGATGGGCT,CD4+ T cell
E2L6_GCGATCGCAATACGCT,NK cell
L4_CTACCCACAGAGAGGG,CD8+ Cytotoxic T cell
E2L3_TCGGTCTGTCGCTCGA,Proliferating T cell
L4_ATGGGAGCATCTGGGC,CD4+ Naive T cell
L4_AGTCACAGTGTTCGAT,Proliferating T cell
L4_ACTGATGGTAAGATCA,B cell
L1_TGTAGACGTAGTGCGA,CD4+ Naive T cell
E2L8_AGGTGTTCAACTACGT,CD4+ Memory T cell
E2L2_ATGAGTCTCTTCGACC,CD14+ Monocyte
E2L8_CTGTAGACAGATAAAC,CD4+ Memory T cell
E2L2_GGGTCTGAGAATCGCG,CD8+ Cytotoxic T cell
E2L6_GGTCTGGAGTAGTCTC,CD4+ Naive T cell
E2L4_AGCTCAATCTGTCGTC,CD4+ Memory T cell
E2L2_AGAGAATTCATGGATC,B cell
E2L7_CTCAACCAGCCATGCC,Proliferating T cell
E2L3_CTCGAGGTCGCTAAAC,CD8+ Cytotoxic T cell
E2L5_GAGGCAAGTACTCGCG,Platelet
L5_ACACAGTTCACGGTCG,CD8+ Cytotoxic T cell
L3_CTCCGATCAGGACGAT,CD14+ Monocyte
E2L5_TGCTTCGCACAACGTT,CD8+ Cytotoxic T cell
L3_ATCGTGAAGTCAAGCG,Hematopoietic progenitor cell
E2L4_ATTCGTTGTGGACTAG,Platelet
E2L7_AGGGTCCGTCACTTAG,CD4+ Naive T cell
E2L2_GTTGAACCACCGTACG,NK cell
E2L4_AGTAACCAGAGTCTTC,B cell
L2_TACTGCCTCATAGACC,Conventional dendritic cell
L3_TGTCCACTCTGGGCCA,Plasma cell
E2L7_CACTGAATCCATAAGC,CD4+ Naive T cell
L4_TGTTTGTCAGTCAACT,B cell
E2L5_TACTTGTCATGGGATG,CD14+ Monocyte
E2L6_ATTCGTTAGAACTCCT,Plasma cell
L2_GCAGGCTTCAGCCTCT,CD4+ Naive T cell
L4_TCGATTTCATGACACT,CD4+ Naive T cell
E2L2_GTCTGTCAGTTACGAA,CD4+ Memory T cell
E2L7_CACACAACACTGGATT,Plasmacytoid dendritic cell
E2L7_TTTCACATCGCCTTTG,NK cell
L5_AGGTTGTCATGCACTA,CD4+ Naive T cell
E2L2_GGAACCCGTTCTCCCA,NK cell
L1_ACTTATCTCGCCTTTG,Platelet
E2L3_CGTTGGGCAGCGTTGC,Plasma cell
L1_TCGGATAAGGCTTAAA,Proliferating T cell
E2L6_TTGTTCAGTTATGTCG,Platelet
E2L3_GTAACACAGGGAACAA,CD4+ Naive T cell
L2_GTTGTGAAGCATATGA,CD4+ Naive T cell
E2L5_TTCATGTTCCGAGTGC,FCGR3A+ Monocyte
L4_ATAGAGACAGGAGGAG,CD8+ Cytotoxic T cell
L1_ATTTCACTCACAAGGG,Proliferating T cell
E2L7_GCCCGAACACAGTATC,NK cell
L4_TTGACCCCAAGTTTGC,Plasma cell
L1_CAGCCAGGTTGTGTTG,CD4+ Naive T cell
E2L6_ACACCAATCTCAGTCC,Plasmacytoid dendritic cell
L4_CCGAACGAGTCATTGC,Plasma cell
L5_CTCCAACGTTATCTGG,CD4+ Memory T cell
L1_GTTACCCTCAGGACGA,Conventional dendritic cell
E2L1_GCAGTTACAAGGCAAC,B cell
L3_ATCACAGCATTGAGCT,Proliferating T cell
L4_CACATGAAGACATCAA,Hematopoietic progenitor cell
E2L8_TAGTGCAAGCGTACAG,Platelet
E2L6_TCGGGTGTCCATATGG,CD8+ Cytotoxic T cell
E2L8_TTTACCAAGTTTCAGC,CD8+ Cytotoxic T cell
E2L3_GGAGAACTCTGAGATC,B cell
E2L3_TGCGACGGTCTTCCGT,CD4+ T cell
E2L4_TATGTTCCATTCCTAT,B cell
E2L4_ACGATCAAGGCAGTCA,MAIT cell
L2_GTTTACTGTCTCGGAC,CD8+ Cytotoxic T cell
E2L1_CGCGTGAGTCTCAGAT,B cell
L1_GTGAGGAAGGAATCGC,NK cell
E2L6_TGAGTCACACGTCATA,B cell
E2L3_GCCCGAACAGGCCCTA,CD4+ Memory T cell
L3_CGTGTCTTCGGTCATA,MAIT cell
L2_AGTAGTCAGTGCCCGT,CD4+ T cell
E2L5_CCTCTCCGTACAGTCT,CD14+ Monocyte
E2L2_CACTTCGGTTGCCGAC,Conventional dendritic cell
L3_CGTGAATAGTGGTGAC,NK cell
E2L2_CTAACTTGTTGTGCAT,Platelet
L1_AGCGCTGTCTAGTGTG,Proliferating T cell
E2L3_CAATGACAGGCATTTC,Proliferating T cell
L3_ACATCGAAGCATATGA,NK cell
L1_TTCCGGTTCAAGAGTA,CD8+ Cytotoxic T cell
L4_CAGTTAGAGCGCCATC,CD4+ Naive T cell
L3_CTGGACGAGGTTGAGC,CD4+ Naive T cell
L3_CACGGGTCAGCTGAGA,CD4+ Naive T cell
E2L1_GTCGCGAAGTAATTGG,Plasma cell
E2L8_TGGTACACAAGCCTGC,Proliferating T cell
E2L1_CCACGTTCATTACTCT,FCGR3A+ Monocyte
E2L8_ACGGAAGTCCGTGTAA,CD8+ Cytotoxic T cell
L2_TCAAGTGCATGCGGTC,CD8+ Cytotoxic T cell
E2L5_GCTGCAGTCTTACCGC,CD14+ Monocyte
E2L2_ATTCTTGGTTTACTTC,CD14+ Monocyte
L1_AGGAGGTAGGGCCTCT,B cell
E2L5_GTCTACCAGTGGTGAC,CD4+ Naive T cell
L1_CTGCCTACAAGCGATG,Plasmacytoid dendritic cell
L4_TTGTGGACACGCGTCA,CD4+ Naive T cell
E2L3_TTGGGATGTCATAGTC,MAIT cell
L4_TGAGCATGTATGGAGC,CD4+ Naive T cell
E2L5_TCGGGCAAGCGACTAG,B cell
E2L3_TAGGTTGCACATGGTT,Platelet
E2L5_GGGTCACCAGCAGACA,Plasmacytoid dendritic cell
E2L7_CCTTTGGGTCACCGAC,CD4+ Naive T cell
E2L6_AAACGCTCAAATGATG,FCGR3A+ Monocyte
E2L8_CCCTCTCAGTGGCCTC,NK cell
E2L2_AGGACTTAGCGCCTTG,B cell
E2L2_AGGTTACAGGGTCACA,NK cell
E2L4_TCATTGTGTCCTTTGC,CD4+ Naive T cell
L1_CCCAACTTCATTGAGC,CD8+ Cytotoxic T cell
E2L1_TATCGCCGTGATGAAT,CD4+ Naive T cell
E2L3_AATGGAAGTCGAGATG,Proliferating T cell
E2L6_ACATGCACACTCTAGA,B cell
E2L1_CTTACCGTCATATGGC,CD4+ Naive T cell
E2L4_TCGTCCAAGCGATGGT,Conventional dendritic cell
E2L2_TCCACCAAGTGTTCCA,CD4+ T cell
E2L2_ACACCAACATGACAGG,Platelet
L1_TAGTGCAGTGTCCAAT,CD4+ Naive T cell
E2L8_ACTATCTAGAAACCCG,CD4+ Memory T cell
L4_TGACAGTGTGATAGAT,FCGR3A+ Monocyte
L1_GCCAGGTGTCTTTCAT,CD8+ Cytotoxic T cell
E2L7_AAATGGACAAATCAGA,CD14+ Monocyte
L3_TCCACGTGTGGGAGAG,Plasma cell
E2L2_TGCACGGTCAGTCAGT,CD4+ Memory T cell
E2L4_GTTATGGCAAGAAACT,B cell
L1_AGACCCGTCCGTATAG,CD4+ Memory T cell
L2_GTGGAAGGTGGATCAG,CD4+ Memory T cell
L2_TATTTCGGTGCAGTGA,B cell
E2L7_CCGCAAGAGTAAGACT,Proliferating T cell
L3_TGGTGATTCTCATGCC,CD4+ Memory T cell
E2L6_TACAGGTTCCGCACTT,CD14+ Monocyte
L5_TGAGGAGGTTCTCGCT,NK cell
L1_TTAGGCACATCGTGCG,Plasmacytoid dendritic cell
L4_TGCACGGTCCTACGGG,CD4+ Memory T cell
E2L5_CGCAGGTGTCTGCGCA,FCGR3A+ Monocyte
L1_ACTATTCTCTAAGGAA,CD4+ Memory T cell
E2L8_ACATGCAGTCGAAACG,NK cell
L1_CTGTATTGTATCCCAA,Conventional dendritic cell
L1_GTAGGTTAGGAAAGGT,CD4+ Memory T cell
L2_GGGCCATCATGGAGAC,CD8+ Cytotoxic T cell
E2L3_AGGGAGTAGGTCGCCT,NK cell
L5_GGGTGAACATATTCGG,NK cell
E2L7_TGATGGTTCACGGTCG,NK cell
E2L6_TAAGTCGAGGGCAATC,NK cell
E2L4_GGCTGTGAGCAGGTCA,B cell
E2L6_TACGGGCTCACGACTA,CD14+ Monocyte
E2L4_CTACATTAGGGATCAC,Proliferating T cell
L1_GGGTCACCACCTGCTT,CD4+ Naive T cell
E2L6_AGTGATCCAGGTCAGA,FCGR3A+ Monocyte
E2L7_GTCACGGCAGGGATAC,Plasmacytoid dendritic cell
E2L7_TCGATTTGTGCCTTCT,Conventional dendritic cell
L4_CACTGTCAGAGATGCC,CD4+ Naive T cell
E2L5_CACGTGGAGGAAAGGT,Conventional dendritic cell
L1_ACCAAACCAACTGGTT,CD8+ Cytotoxic T cell
L2_CCACGTTCAAGTATCC,CD4+ Memory T cell
E2L3_AGGAAATAGACATCAA,CD8+ Cytotoxic T cell
E2L1_GCCATTCCACCAACAT,CD4+ Naive T cell
L3_CCTGTTGGTTCTCCCA,Plasma cell
L3_TCGCACTGTAGTCCTA,CD4+ Memory T cell
L2_TGTCAGAGTGGGACAT,CD4+ Naive T cell
E2L4_ACTATTCTCCGCCTAT,Plasmacytoid dendritic cell
E2L2_TCCCATGAGGCCCACT,B cell
L2_TACTTCAAGCTGTTAC,Hematopoietic progenitor cell
E2L1_CCTCAGTGTCGTATTG,CD14+ Monocyte
L1_GTTTACTGTTTACCTT,FCGR3A+ Monocyte
L3_CAAGAGGTCGACTCCT,Conventional dendritic cell
E2L3_TCGGTCTTCGCAGAGA,CD4+ Naive T cell
E2L8_GTAGAGGAGTCATGGG,B cell
E2L5_ATTCATCCAGGCGAAT,Conventional dendritic cell
E2L2_TTACCGCGTTCTAACG,Conventional dendritic cell
L5_TCATGGACAGTAACCT,FCGR3A+ Monocyte
L4_GATCACATCGCGTAGC,B cell
E2L3_TTTGTTGAGGATACGC,Proliferating T cell
L1_GCGATCGAGGCACTAG,Plasma cell
L1_TCACGCTAGCATCGAG,Hematopoietic progenitor cell
E2L2_TTCCTCTTCGGACTGC,CD4+ Naive T cell
L4_TCGAAGTAGACCATTC,Conventional dendritic cell
E2L6_TGCTGAAGTTGCCGAC,CD4+ Memory T cell
E2L8_GGTAACTAGAGCCGTA,CD4+ Memory T cell
E2L5_GTCCTCACAAGCGGAT,CD4+ Memory T cell
E2L6_GGAGATGTCTGCACCT,MAIT cell
E2L5_AAGGAATTCTGAGCAT,Conventional dendritic cell
E2L8_GATGACTTCTAGTACG,CD14+ Monocyte
L5_GGGAGATAGTGGAAAG,MAIT cell
L1_AGAAGTACATGTCTAG,Plasmacytoid dendritic cell
L2_TGATTTCAGTGAGGCT,NK cell
E2L5_AATTTCCAGGAACGTC,CD4+ Naive T cell
E2L6_GTGTGATTCGCTCCTA,gamma-delta T cell
E2L2_TGTCCACGTGAATATG,CD4+ Naive T cell
L5_TGAGGTTGTGTTGAGG,Conventional dendritic cell
E2L8_GCACATAAGTCATCCA,CD14+ Monocyte
L5_TCCTAATAGTAAGCAT,Plasma cell
L5_CTTACCGAGGAAGTCC,CD4+ T cell
E2L5_TCGATTTGTGTAACGG,CD8+ Cytotoxic T cell
E2L7_CAACAGTAGTAAACAC,Platelet
E2L1_TAGAGTCTCCTTCGAC,NK cell
L4_CTGTGGGCACAACATC,CD4+ Naive T cell
E2L1_CACAGGCCACGACTAT,Plasmacytoid dendritic cell
E2L7_TTACCATCAATGCTCA,NK cell
L1_TCGACGGCACAGACGA,CD4+ Naive T cell
E2L7_GGTTGTATCCGATTAG,CD4+ Naive T cell
L3_AGCTTCCAGAAACCAT,CD4+ Naive T cell
E2L2_CTCCATGCATTACGGT,B cell
E2L7_ACCAACATCCATATGG,Plasma cell
E2L7_GTCTCACAGACGCCAA,CD4+ Memory T cell
E2L3_CTCAGAATCGTTAGTG,CD4+ Naive T cell
E2L4_GGATCTATCTCGCAGG,B cell
E2L5_GCACATAAGCGGGTAT,NK cell
L5_GATGCTAAGAGTCACG,CD4+ Naive T cell
L4_CTCCCTCCAACTTCTT,CD4+ Naive T cell
L4_CCTCTCCAGGTCATCT,CD4+ Naive T cell
E2L7_GAGGCAACAAATTGCC,Plasma cell
E2L4_GACGCTGTCAGCCCAG,CD8+ Cytotoxic T cell
E2L5_TTCCTAACATATCTGG,FCGR3A+ Monocyte
E2L6_ATAGAGAAGCCGTCGT,CD4+ Memory T cell
L1_TGCAGTACATCCGCGA,Proliferating T cell
E2L2_CAACAACTCGTCAGAT,Conventional dendritic cell
E2L1_CCTGTTGTCCGTGGTG,NK cell
L4_GTGTAACGTGTCTTCC,Conventional dendritic cell
E2L6_TCGTGGGAGTTTAGGA,Plasma cell
L3_ACAACCAGTTTCCCAC,CD4+ Memory T cell
L3_TATCTTGAGGTTCAGG,Conventional dendritic cell
L5_CCGTTCAAGCATCAAA,MAIT cell
L4_GAAGGGTTCCGTGTAA,CD4+ Memory T cell
E2L5_ATCCACCGTTCTCGTC,Plasma cell
E2L4_CGAAGTTGTCGGATTT,Plasmacytoid dendritic cell
E2L2_ACGGAAGAGACTCAAA,CD4+ Naive T cell
E2L2_ACTATTCGTCAGTCCG,B cell
L5_AACCCAATCTAGACCA,Plasma cell
L2_TGACTCCTCGACTCCT,CD4+ Naive T cell
E2L4_TGCAGTAGTACCCAGC,B cell
E2L4_CCGATGGAGGGATCTG,NK cell
E2L8_TTACCATAGTCCCTAA,B cell
E2L7_TGGTTAGAGCTAGAAT,Conventional dendritic cell
L2_GACCCTTGTGGAATGC,CD14+ Monocyte
L3_ACACGCGCACGACAGA,CD14+ Monocyte
L2_CCTGCATGTTCAGCGC,FCGR3A+ Monocyte
L3_ATCACTTAGCCGAACA,MAIT cell
L1_ACAACCATCAGATTGC,CD4+ Naive T cell
E2L6_TGTTCATAGTCCCTAA,FCGR3A+ Monocyte
E2L4_CCAATGAGTTATCTTC,Conventional dendritic cell
L1_CTACATTGTATGCTAC,FCGR3A+ Monocyte
L4_AACCTTTTCAGCACCG,B cell
E2L7_CATGCGGGTAGCACAG,CD14+ Monocyte
L3_TCCTGCAAGGCCACCT,Plasma cell
L4_CGTGTCTCATTCACCC,B cell
E2L3_GTTTACTAGGATACGC,B cell
L2_CAAGACTTCTTCTGGC,Proliferating T cell
E2L7_GAAGCGACACTCCACT,CD4+ Naive T cell
L4_AAATGGAGTTCAATCG,CD4+ Naive T cell
E2L4_GATTCTTGTAACGGTG,Conventional dendritic cell
E2L8_TTGGGCGTCCGAAATC,CD4+ Naive T cell
L1_ATACCGAGTCGACTGC,FCGR3A+ Monocyte
E2L3_AGAGAATCATACTGTG,Platelet
E2L8_CTCCCTCGTGCGACAA,NK cell
L3_AGGAGGTCATGGCGCT,CD8+ Cytotoxic T cell
L5_TCGCAGGCAAGCACCC,Plasma cell
E2L5_CCTCCAAGTAACACCT,CD14+ Monocyte
E2L6_CACCAAATCCTCTAAT,CD4+ Naive T cell
L2_GGAACCCAGGCAGGGA,Platelet
L5_AATGGAAAGTCATACC,FCGR3A+ Monocyte
E2L3_CACGTTCTCTGCTGAA,gamma-delta T cell
L5_ATCGGATAGTAGCATA,NK cell
E2L8_AGAGCAGAGTTGTCGT,CD14+ Monocyte
E2L1_TACCTGCGTGAGCAGT,Plasma cell
E2L6_ATCGGATTCAGTCCGG,B cell
E2L2_CCTACGTGTCAACACT,CD4+ Naive T cell
E2L2_ATAGGCTTCCCTCATG,Proliferating T cell
E2L2_AATTCCTCACCTCTAC,MAIT cell
E2L1_GGGAAGTCACAGCCAC,Proliferating T cell
E2L4_CGAAGGACAGAACGCA,MAIT cell
E2L1_TTCTGTAGTAGTCGGA,CD14+ Monocyte
L4_AGTACCACAAATGAAC,MAIT cell
E2L1_TGGGAGATCAGCAATC,B cell
L1_CGGAATTCACAACGAG,B cell
L2_ATAGGCTTCGGCAGTC,B cell
L2_GATGAGGCAGGCGAAT,CD4+ Naive T cell
E2L6_TCTCAGCGTCCAGAAG,Conventional dendritic cell
E2L3_CATGCAAGTACTGCGC,CD14+ Monocyte
L5_CCCTCAAGTACAAAGT,Hematopoietic progenitor cell
E2L8_TTCCTCTTCCATCTGC,Plasmacytoid dendritic cell
E2L1_ATCACGACACGCGTCA,CD4+ Memory T cell
L3_AGTACTGCACCAGCTG,Proliferating T cell
E2L3_GTCGTAATCATTTCCA,CD14+ Monocyte
E2L2_GGCTTTCCAAGTTTGC,Platelet
E2L3_GGCGTCAAGCACCAGA,CD4+ Memory T cell
E2L8_CACTGTCCATGTCTAG,Hematopoietic progenitor cell
L1_GAACGTTTCTGGTGGC,CD14+ Monocyte
L3_AGCCACGCATTGACCA,CD4+ Memory T cell
L3_GCCGATGTCCCATTCG,CD4+ Naive T cell
L2_GTTTACTCAAATTGGA,NK cell
L4_TATTTCGGTCCAGCAC,CD4+ Naive T cell
L2_TCGGATAAGTTCGGTT,CD4+ Naive T cell
E2L6_CGGGTCAAGAAGAGCA,CD4+ Naive T cell
L5_AAGCATCGTTACCTGA,MAIT cell
E2L1_GCGTTTCAGTAGTCTC,B cell
E2L6_TCATTGTAGCACCGAA,Proliferating T cell
L1_AACAGGGCATGCCATA,Plasmacytoid dendritic cell
E2L7_ACGGGTCGTACTCCCT,CD8+ Cytotoxic T cell
E2L6_GGTTAACCAGTGGCTC,Proliferating T cell
E2L4_GTGAGTTAGGGATCAC,B cell
L1_AGGGCTCAGGGCGAAG,Conventional dendritic cell
E2L7_AGGCATTGTGTACGCC,CD4+ Naive T cell
L2_CGCAGGTGTGGACTAG,Proliferating T cell
E2L4_CAAGACTGTCTACGTA,B cell
E2L6_TCAGCAATCAAGCTGT,B cell
E2L4_GACTGATTCGCTGCGA,CD8+ Cytotoxic T cell
E2L2_CGTAATGGTCTACGTA,Hematopoietic progenitor cell
L5_TTAATCCAGCCACAAG,MAIT cell
E2L4_GATGACTAGGCCTGCT,FCGR3A+ Monocyte
E2L4_CCTCCTCCACATGAAA,CD14+ Monocyte
L4_GACCAATGTGCTGATT,NK cell
E2L6_ATCGATGGTTCCTAAG,Conventional dendritic cell
L2_CTGGTCTAGATAGCAT,CD4+ Memory T cell
E2L5_TGAGACTTCGGTAGGA,Platelet
L1_TATCGCCGTTGGGTTT,NK cell
L5_GTCCTCAAGCCTTTGA,CD8+ Cytotoxic T cell
L1_TAGGAGGAGCTGTGCC,CD4+ Naive T cell
L2_ATGAGGGGTTCTGAGT,CD4+ Naive T cell
E2L5_TCCCAGTCAGGCTCTG,CD14+ Monocyte
E2L2_CTCATCGCAGAGTCAG,CD4+ T cell
E2L3_TTGGATGGTCCCGCAA,NK cell
E2L1_ATAGAGACACAGTCAT,Platelet
L4_AAGGTAAAGGACAGCT,FCGR3A+ Monocyte
E2L3_CGCATAACAGTGGGTA,B cell
E2L2_AGCGATTTCCTCACTG,NK cell
E2L2_TGCCGAGTCGATCCCT,CD4+ Memory T cell
E2L7_GGGTAGACAGCGTACC,CD8+ Cytotoxic T cell
E2L7_TCATGGATCTATCCAT,CD4+ Memory T cell
E2L8_ATGGATCCATGGGTCC,CD8+ Cytotoxic T cell
L2_GGGCTCATCGTTATCT,Platelet
E2L1_GCACATATCCATTTGT,B cell
L2_CTGTAGACACGACGCT,NK cell
L1_TACCTGCTCCTGTAGA,CD4+ Memory T cell
L1_GGGTGAATCTCATGGA,CD4+ Naive T cell
E2L8_CTGAGCGGTTTACGTG,CD4+ Memory T cell
E2L7_AGGGCCTCATGGATCT,B cell
L4_ATGAAAGAGGTCTTTG,CD4+ Naive T cell
E2L6_CGCGTGACAATCACGT,Conventional dendritic cell
L5_CGAGTTACAGAGTGTG,CD4+ Memory T cell
E2L8_ATGGTTGCAAGCGCTC,Proliferating T cell
L3_CTCTCAGAGCTAAGTA,CD4+ Memory T cell
L4_GTAACCAGTTCCACGG,gamma-delta T cell
L3_TACCCGTCAGTGGCTC,Hematopoietic progenitor cell
L5_GTTGTAGGTAGAGATT,CD4+ Naive T cell
E2L3_TCGGTCTGTTGTGCCG,CD8+ Cytotoxic T cell
L1_TGGAACTGTGGATGAC,CD8+ Cytotoxic T cell
L5_CATCGCTTCAAACGAA,CD4+ Naive T cell
E2L7_TGTACAGGTTGGCTAT,CD4+ Memory T cell
E2L7_CCAATTTAGCATGCGA,CD14+ Monocyte
L5_GACTTCCTCTCGCCTA,Hematopoietic progenitor cell
L3_CCATCACCACAGTCAT,CD14+ Monocyte
L5_TAGATCGCAGTATTCG,CD4+ Naive T cell
L1_GGGTAGAAGAAGGATG,CD4+ Memory T cell
L3_AACGGGACACTCTCGT,FCGR3A+ Monocyte
E2L5_CGTTAGAGTAGCACAG,B cell
E2L7_GGCTTTCCATAAGATG,CD4+ Naive T cell
E2L1_CCATAAGCAAATGAGT,CD8+ Cytotoxic T cell
L3_ACAAAGATCGCAAGAG,Hematopoietic progenitor cell
L3_TAGAGTCTCCGCACGA,CD8+ Cytotoxic T cell
E2L4_CTCCTTTTCACGGGAA,Plasmacytoid dendritic cell
E2L2_TTCCTCTAGGCACGAT,Proliferating T cell
E2L1_AATAGAGTCAGGACAG,NK cell
E2L5_TGGGCTGTCATCGGGC,B cell
E2L4_TACACCCTCTCGTCGT,CD8+ Cytotoxic T cell
L2_AAACCCAAGTAACAGT,CD8+ Cytotoxic T cell
L4_AGAGCCCAGGAAAGTG,Proliferating T cell
L4_CAATCGATCGCAACAT,CD4+ Memory T cell
E2L2_TGGGCTGAGCCTAACT,Platelet
L1_CAATACGGTTATGACC,CD4+ Naive T cell
E2L7_ACACCAAAGACGCATG,Conventional dendritic cell
E2L3_TACATTCCATGGCGCT,Platelet
E2L6_AATTTCCTCGGAGTAG,CD8+ Cytotoxic T cell
L1_TGATGCAGTTGTGTAC,CD14+ Monocyte
E2L8_TGGGTTATCGTGGCGT,CD4+ Memory T cell
L1_TTCCTAAGTTCCGCGA,B cell
E2L3_GGAGGTAGTATAGGAT,NK cell
L5_ACAAGCTTCCACCCTA,MAIT cell
L5_GAGATGGAGACAAGCC,CD4+ Naive T cell
E2L8_GAGTCATGTCCGACGT,CD8+ Cytotoxic T cell
E2L8_CTATAGGAGGCTTAGG,CD4+ Naive T cell
L2_TGAGCGCTCTGCTAGA,Plasma cell
E2L2_CCTGTTGTCGGTATGT,Plasma cell
E2L2_AGTAGCTAGTAACGTA,CD4+ Memory T cell
E2L6_TGTGAGTAGATTTGCC,MAIT cell
L5_CATTGTTAGACTACCT,CD4+ Memory T cell
L2_TCCTTCTGTTCTCTAT,Hematopoietic progenitor cell
L5_TATATCCAGGTGCGAT,CD4+ Naive T cell
L2_ACAGCCGGTGCCTACG,CD4+ Naive T cell
E2L2_CTATCCGTCTTCCTAA,CD4+ Naive T cell
L5_CATACTTAGAATGTTG,Proliferating T cell
E2L5_CCGGGTACAGCTTTCC,CD8+ Cytotoxic T cell
E2L4_AAGACAAAGCGTGAAC,B cell
E2L4_TTCCTCTGTCACCGCA,CD4+ Memory T cell
E2L3_GGTAGAGGTACTTCCC,Conventional dendritic cell
E2L8_GAGACCCCATTGGATC,CD4+ Memory T cell
L1_GGCTGTGAGGCTTCCG,CD4+ T cell
E2L2_CTTTCAATCCTTTGAT,CD4+ T cell
E2L1_TTCACCGGTGAACTAA,Plasmacytoid dendritic cell
L4_GTGTTAGTCCGGTTCT,MAIT cell
L4_ACTATGGGTCTGATCA,CD4+ Naive T cell
L2_GTTTGGAGTAATACCC,Proliferating T cell
L4_TCAAGCATCAGTCATG,CD14+ Monocyte
E2L2_AGAACCTCAGCTACAT,NK cell
E2L6_ATGATCGTCTAGTGAC,Proliferating T cell
E2L6_GGTTGTATCGACCTAA,B cell
E2L1_CACACAAGTTGCGAAG,Plasma cell
L5_TCCGAAAGTGCATGTT,CD4+ Naive T cell
L3_TCATGCCAGACCAGAC,CD4+ Naive T cell
L4_AGCTCAATCGAGGCAA,Hematopoietic progenitor cell
L3_TCCATCGTCCGTGGGT,CD8+ Cytotoxic T cell
L3_CCCTCTCCAACCGTAT,CD4+ Naive T cell
L4_ATCCATTTCTGGGCAC,Conventional dendritic cell
L5_AGACAGGTCATCGTAG,CD4+ Naive T cell
E2L6_ACACTGATCATCCCGT,CD8+ Cytotoxic T cell
L5_TGAGACTTCATGGGAG,Hematopoietic progenitor cell
E2L1_TCGGGTGCACGGTGAA,CD4+ Naive T cell
L2_GCGGATCAGTGCGTCC,CD8+ Cytotoxic T cell
E2L2_CTATCCGGTATGGTAA,Plasmacytoid dendritic cell
E2L1_GCCAGCACAGACAAGC,CD4+ T cell
E2L6_ATCGATGAGCTAATGA,Conventional dendritic cell
L1_GTCCCATGTCTTTCTA,Conventional dendritic cell
E2L7_AGATGCTCAGCGTATT,B cell
L2_AGACAAATCCATGAGT,Proliferating T cell
L4_GAGAGGTCAGAGGTTG,MAIT cell
E2L2_TCTGCCATCACCTCTG,CD8+ Cytotoxic T cell
E2L2_GTGAGCCTCTTGGGCG,CD8+ Cytotoxic T cell
E2L6_CTGAGGCTCTTACGTT,CD4+ Memory T cell
E2L2_GTAACCAAGCATCAAA,CD8+ Cytotoxic T cell
E2L7_AATGGAAGTTCGAAGG,B cell
E2L6_TCCTAATGTGGTTTGT,CD8+ Cytotoxic T cell
L1_AAGAACATCTTCTGTA,CD4+ Memory T cell
E2L4_TCCACGTAGCCACAAG,CD4+ Naive T cell
E2L3_CGAGGCTAGTTGCCTA,NK cell
E2L3_AGGATAAGTTAGGCCC,NK cell
E2L1_GGGTATTTCATTGCCC,Proliferating T cell
E2L6_GTAATGCTCAGTCCGG,CD4+ Memory T cell
E2L2_CTATCCGAGGCATTTC,Plasma cell
E2L5_AACGGGAAGGGTCTTT,CD4+ Memory T cell
E2L4_GGGAAGTGTGGGAGAG,NK cell
L2_ATGATCGGTGCATTAC,NK cell
E2L3_AGGAAATTCCCGTGAG,CD8+ Cytotoxic T cell
L3_GGGCTCAAGAAGCGGG,CD4+ T cell
L1_GTTGTAGCACTGGATT,Conventional dendritic cell
L5_GTGCTGGGTTAGAGAT,CD4+ Memory T cell
E2L5_CGAAGTTAGTACCCTA,CD8+ Cytotoxic T cell
E2L5_GCCATTCGTGTAAACA,CD4+ Memory T cell
E2L2_AGTACCAAGACCATTC,Conventional dendritic cell
E2L8_ACAGAAATCTATCACT,Proliferating T cell
L2_TCATCATGTCGATGCC,CD4+ T cell
L4_ATGAGTCCAACATACC,Proliferating T cell
E2L8_GACTCTCCAATAGAGT,B cell
L1_AAAGGATAGAGACAAG,Plasmacytoid dendritic cell
L4_GGCGTCAAGGCAGCTA,B cell
L4_TAGGTACCAGGCGTTC,Conventional dendritic cell
E2L7_GTTGTAGTCAAGCCTA,NK cell
L1_CAGTGCGCACGCGGTT,CD4+ Naive T cell
L5_CTGTGAAAGGTTGCCC,CD4+ Naive T cell
E2L2_AGAGAGCTCCGGTAGC,Plasmacytoid dendritic cell
L3_GGCAGTCGTCCAACGC,Conventional dendritic cell
E2L1_TTGAACGTCCACACAA,Proliferating T cell
L1_TTCACCGTCCCAATAG,MAIT cell
L2_TTGTTGTGTCTCACGG,Conventional dendritic cell
L5_TTCCTCTCATAGGTTC,Hematopoietic progenitor cell
E2L2_ACGGGTCGTCATCGCG,CD4+ Naive T cell
E2L8_TGCGGCAAGAGTTGTA,B cell
L1_GACTATGAGTGCACCC,CD4+ Memory T cell
E2L6_TAACCAGTCAGTGTTG,CD4+ Naive T cell
E2L8_CGAGGAAAGACTGTTC,CD4+ Memory T cell
E2L8_ACAAAGACATCTCATT,CD4+ Naive T cell
L1_GTCGAATAGCCTCCAG,CD4+ Memory T cell
E2L5_TGTCCTGGTTGGAGAC,CD14+ Monocyte
L4_TAACGACGTACCGTCG,CD4+ Naive T cell
L3_GGTTCTCCATGGGCAA,Hematopoietic progenitor cell
E2L7_CAACAACAGTACAACA,Platelet
L3_GGACGTCAGCTAAGTA,Conventional dendritic cell
E2L2_CGAGTGCTCTTGCAAG,Conventional dendritic cell
L4_CCGGTGACACACAGCC,Hematopoietic progenitor cell
L5_GCCCAGAAGTCCTGCG,CD8+ Cytotoxic T cell
L2_CTAACTTAGGCACTAG,CD4+ T cell
L4_ATCTCTATCTTGCAGA,CD8+ Cytotoxic T cell
E2L8_CCTTTGGCAACGAGGT,Proliferating T cell
E2L7_GAGCTGCCAATGCAGG,Proliferating T cell
E2L3_CAACAGTTCGATTTCT,NK cell
L4_GTGCTTCAGGGCGAGA,CD4+ Naive T cell
E2L4_TATTCCACAACTGATC,Platelet
L2_GCTACAATCTCTAGGA,CD4+ Naive T cell
E2L4_TTGCGTCTCACGATAC,Plasmacytoid dendritic cell
L1_CAGCAATCATGATGCT,CD4+ Naive T cell
E2L7_CGGACACTCGTTGTGA,Proliferating T cell
L2_GCATTAGCAGCTACCG,B cell
L2_CGAAGGACAGTTGAAA,Conventional dendritic cell
E2L2_TACTTGTGTACCTTCC,B cell
E2L3_ATCACAGGTCAACACT,CD4+ Memory T cell
E2L5_ACATCCCGTAGAATGT,Plasmacytoid dendritic cell
L4_CGCATGGCATCCGGCA,CD4+ T cell
L1_GTAATCGCAGACGCTC,MAIT cell
E2L4_GCCGTGATCCAAGCCG,CD4+ Naive T cell
E2L3_GATGACTTCGTGGAAG,CD8+ Cytotoxic T cell
E2L7_CCTCATGTCTATACTC,Proliferating T cell
E2L7_AAGCGAGTCTATGCCC,Proliferating T cell
E2L4_CAGCAATGTTTCGTAG,B cell
E2L3_GAACGTTAGGTTCCGC,CD14+ Monocyte
E2L2_GTATTTCAGAGTCCGA,NK cell
E2L5_AGTGATCCAGAAATTG,NK cell
L3_TTGCCTGTCGTTTACT,CD4+ Naive T cell
L2_TTAATCCCATGACACT,CD8+ Cytotoxic T cell
E2L5_TAGGTTGTCATTCTTG,B cell
E2L5_ATCCATTTCTTTGATC,Plasma cell
E2L3_TCCGATCAGGCGAAGG,B cell
L1_AAGACTCAGGCAGGGA,CD4+ Naive T cell
E2L5_TTTGACTTCTTCTAAC,CD4+ Naive T cell
E2L6_GTTACAGTCCATCACC,CD4+ Memory T cell
L4_GGAGGTAGTCGTTTCC,CD4+ Naive T cell
E2L6_TATCCTAGTTCGTTCC,CD8+ Cytotoxic T cell
E2L6_TATTGGGCAGATACTC,gamma-delta T cell
E2L3_GCGTGCACAAACTAAG,CD8+ Cytotoxic T cell
E2L8_GATTGGTCATAACGGG,Platelet
E2L1_CTTTCGGTCCATGCAA,CD8+ Cytotoxic T cell
E2L3_GAGATGGGTCTGCCTT,CD4+ Memory T cell
E2L8_GGTAACTGTGGCAACA,NK cell
L1_TTACGTTTCCCATACC,B cell
E2L4_TGTTACTGTTGCTCCT,CD4+ Naive T cell
E2L6_CTCTGGTAGCTAATCC,Proliferating T cell
L3_CTGCGAGGTAGGTTTC,B cell
L4_ATTTCTGTCTCCGTGT,CD4+ Memory T cell
E2L2_AGATCCATCAGGACAG,CD8+ Cytotoxic T cell
L1_GCAGCTGTCGAGAATA,Plasmacytoid dendritic cell
E2L4_GTGGAAGAGCCATCCG,Platelet
L1_AGGGTCCCAGCCCACA,CD4+ Naive T cell
L5_GCAGTTAGTCTTTCAT,CD8+ Cytotoxic T cell
E2L3_CTATCTACACCAGTTA,B cell
L3_GTTAGTGCAGATTCGT,Conventional dendritic cell
E2L1_GTAACACCAACACGTT,Proliferating T cell
E2L3_TCTTCCTCAGCGGATA,B cell
E2L6_GCATGATAGAGGCTGT,CD8+ Cytotoxic T cell
L2_CCTACGTTCGCTGATA,CD4+ Naive T cell
E2L4_CTCATCGAGCGTGAAC,Platelet
E2L7_ATGAAAGCAATCAAGA,CD14+ Monocyte
L4_TGACTCCTCGTGCATA,CD4+ Naive T cell
E2L7_TTACCGCGTCAAGTTC,Plasma cell
L4_CTGAATGTCCGTGGCA,CD4+ Naive T cell
L4_ACATGCAGTACCGTCG,Plasmacytoid dendritic cell
E2L6_TCCGATCCAATTCGTG,CD8+ Cytotoxic T cell
E2L2_ACGTAACAGGTTGGTG,B cell
L4_CACTGAAGTCGGTGAA,CD8+ Cytotoxic T cell
L4_TGATTCTTCATCGTAG,CD4+ T cell
E2L8_GGGTATTCAATGACCT,NK cell
L5_CGCATAAAGATACATG,Proliferating T cell
L5_CTGTATTTCTTGGATG,CD4+ Naive T cell
L1_GAACACTCATAATGAG,Conventional dendritic cell
E2L2_AGGAGGTTCGGACAAG,Platelet
E2L7_AGGGCTCAGATACTGA,gamma-delta T cell
L5_GTATTTCAGTACAACA,CD4+ Naive T cell
E2L6_ATTCGTTTCAACCGAT,B cell
E2L8_TGGATGTTCATTGTGG,Conventional dendritic cell
L1_GAGAAATCATGTTTGG,Proliferating T cell
E2L5_CGGCAGTTCGATGCAT,NK cell
E2L2_ATGTCTTAGAGAGCAA,CD4+ Naive T cell
E2L4_GTCTGTCTCTCCTACG,CD4+ Naive T cell
E2L8_ATGGAGGGTTCTCTCG,B cell
L3_AAAGGGCGTGCAGATG,CD4+ Naive T cell
L1_TTCCTAAAGGCAATGC,CD4+ Naive T cell
L5_CTCCAACGTCACTAGT,Plasmacytoid dendritic cell
L1_CCTCTCCTCGCGATCG,CD4+ Memory T cell
E2L3_ACGTCCTTCAACGCTA,Plasmacytoid dendritic cell
L1_AAAGGGCGTAGTAAGT,Proliferating T cell
L2_TTAGTCTTCACGGAGA,Hematopoietic progenitor cell
E2L8_TTGCGTCAGCTAATCC,CD8+ Cytotoxic T cell
L2_ATCCACCGTGTAACGG,CD14+ Monocyte
E2L5_TCGTAGAAGTCGAAAT,gamma-delta T cell
L5_TGTCCTGCACGGGCTT,CD4+ T cell
E2L4_ATTGGGTGTCATAAAG,Proliferating T cell
E2L4_GACCCTTGTGCGTCGT,B cell
E2L7_CGAGGAACAGCATTGT,Plasma cell
E2L7_CCTACGTTCGCTCTCA,CD4+ T cell
E2L1_CACAACATCTTAATCC,B cell
L1_CATAAGCTCACTTGTT,CD4+ Naive T cell
E2L1_ATCCTATAGTCACTGT,CD8+ Cytotoxic T cell
L5_TCCTCGAAGTCTACCA,Hematopoietic progenitor cell
L5_CGCCATTCAGCTAACT,B cell
E2L6_ATGACCATCGCCAACG,CD14+ Monocyte
E2L2_GCGTGCAGTCCAATCA,CD8+ Cytotoxic T cell
L1_CGGTCAGCAGTATTCG,Proliferating T cell
E2L6_CTCAGGGCACGAGAAC,B cell
E2L3_ACATGCAGTGAGCTCC,CD4+ Memory T cell
L2_TAGCACAAGGCTAACG,B cell
E2L1_CTCTCAGTCCAAGCTA,Plasma cell
E2L1_CTGTAGACACACCTAA,CD8+ Cytotoxic T cell
E2L1_AGGCATTAGACGTCCC,CD4+ Memory T cell
E2L5_TACGCTCGTGCAATAA,CD4+ Memory T cell
E2L8_ATCAGGTGTCTAGATC,B cell
E2L1_GCCAACGGTCAAACGG,B cell
L1_CAGCAATGTACCGCGT,CD4+ Memory T cell
L5_AAGCCATGTAGAATGT,MAIT cell
E2L1_CCGTTCAGTGTATTCG,Plasmacytoid dendritic cell
L4_TCTTCCTAGTTGTAGA,Conventional dendritic cell
L2_CCGGTAGTCAAGGCTT,MAIT cell
E2L3_TTCGCTGCATGCTGCG,CD4+ Naive T cell
L3_ACTCTCGGTCGTACAT,CD4+ Naive T cell
L5_TCTTAGTCACCCTATC,CD4+ Naive T cell
E2L8_GCGAGAATCACGGGCT,NK cell
E2L5_TCAGCCTAGTGTACCT,CD8+ Cytotoxic T cell
L4_GTAATCGCAGTTGTTG,CD4+ Naive T cell
E2L5_CGGAACCGTCCGGTCA,B cell
L2_GCAACCGTCCGTAGGC,Conventional dendritic cell
L4_TGCACGGGTCGCATGC,Platelet
E2L3_AATCGTGTCCGGACGT,CD14+ Monocyte
E2L4_TCATTACAGTTGCCCG,CD4+ T cell
L1_CTTCTCTCACTGAGTT,CD4+ Naive T cell
L5_GCTTCACGTGGCTCTG,CD4+ Naive T cell
L3_TCATGTTTCGCTGTTC,MAIT cell
L4_GCGGATCTCGAGTGGA,MAIT cell
E2L1_CGATGGCGTGTTGACT,gamma-delta T cell
L1_TGCTGAAGTCTCGGAC,CD4+ Naive T cell
E2L4_TTTAGTCGTCACTAGT,B cell
L2_CTCGAGGCAAACCGGA,CD4+ Naive T cell
L3_AGGGTCCCATGGACAG,Proliferating T cell
E2L6_TGAGCATAGTTCCAGT,Conventional dendritic cell
L3_CGAGTTATCAATCCAG,CD4+ Memory T cell
L2_ACTATCTGTTCGGCGT,Plasma cell
L5_AACAACCTCGTTGTGA,CD14+ Monocyte
L5_TATGTTCGTATTTCTC,FCGR3A+ Monocyte
E2L8_CCGGTAGTCCATTGGA,MAIT cell
L4_TGTTCATGTTTGTTGG,FCGR3A+ Monocyte
E2L5_TTTGGAGGTTGCTCAA,B cell
E2L7_AGGGTCCAGTTAGTAG,B cell
E2L7_TGGTTAGTCTGGGATT,Plasmacytoid dendritic cell
E2L4_GGGTATTTCCCAGGAC,CD8+ Cytotoxic T cell
L4_TGATGCAGTCCTCCAT,Hematopoietic progenitor cell
L2_CCGATGGAGAGCATAT,FCGR3A+ Monocyte
E2L6_ATTCGTTAGCCAAGTG,B cell
E2L5_CTCAAGATCGAACTCA,CD4+ Naive T cell
L1_ACTCTCGGTCATGCAT,NK cell
E2L5_CATGGTAGTCGCCACA,B cell
E2L7_GCACGTGAGACCCTTA,CD4+ Naive T cell
E2L2_GTAGAGGTCGGTGTTA,Platelet
E2L4_ATGGGTTGTACGTGTT,CD4+ Memory T cell
E2L4_ATCCCTGGTTAAACAG,CD4+ Memory T cell
L4_CATTCTACATGTGTCA,MAIT cell
L5_GTGAGCCGTGGTGATG,B cell
E2L5_CTGATCCGTTTCCATT,B cell
E2L6_CATCGCTCATGTGGCC,Proliferating T cell
E2L4_CATCAAGAGCGAACTG,FCGR3A+ Monocyte
L2_GTGAGCCGTATCACCA,MAIT cell
E2L8_ACGTAACCACATATCG,B cell
E2L8_AATGAAGAGCAAATCA,B cell
E2L4_CCGATGGAGGGTGAAA,Platelet
L5_ACTCTCGAGGTCCCGT,MAIT cell
L4_CCTTCAGAGCGATGAC,NK cell
L3_GTTCGCTCATCATTGG,CD4+ Memory T cell
E2L3_CATGAGTTCCTACCGT,FCGR3A+ Monocyte
E2L6_CGTTGGGCACTCCACT,Platelet
L4_ATTCACTGTACCTGTA,CD14+ Monocyte
L1_TAAGCGTCATATCTCT,NK cell
E2L1_GGGACTCTCCTGGGAC,CD8+ Cytotoxic T cell
E2L8_GTCAGCGCAGCCCACA,CD8+ Cytotoxic T cell
E2L4_GTATTGGTCCTCACTG,Plasmacytoid dendritic cell
E2L1_TTGGATGAGCATCAGG,CD4+ Memory T cell
L3_AGTCTCCGTGGAATGC,CD4+ Naive T cell
E2L8_GACTATGAGGAGCAAA,CD4+ Memory T cell
E2L3_TGAGGGACAACAGATA,B cell
E2L7_CTTGATTGTAACAGTA,Proliferating T cell
E2L8_TAAGCACCATAATGCC,FCGR3A+ Monocyte
L4_TTGGATGCATTGGGAG,CD8+ Cytotoxic T cell
E2L7_GCGGAAAGTAGAGGAA,Plasmacytoid dendritic cell
E2L2_AGGTCATTCGTTCTCG,NK cell
L1_CAACGGCAGCCTGAGA,B cell
E2L1_ATCGCCTTCCTTACCG,Plasma cell
L2_GTGAGCCTCAAGTCTG,CD4+ Memory T cell
L5_TACACCCTCATTGTTC,NK cell
L3_GTTCCGTGTTTCGTTT,CD4+ Naive T cell
E2L4_CGCATAAGTCCCGTGA,Conventional dendritic cell
L1_ATGAAAGTCAACACCA,B cell
E2L5_TTCAGGAGTGACCGAA,CD4+ Naive T cell
L5_TACGTCCAGTGATGGC,CD14+ Monocyte
E2L3_GTGCAGCGTGATATAG,B cell
E2L8_TCATGTTGTTGTAAAG,Conventional dendritic cell
L4_CACTTCGTCTCTATGT,Hematopoietic progenitor cell
E2L3_AAGTACCCATCCTGTC,CD4+ Naive T cell
E2L6_TCATGGATCATTTCCA,CD4+ Memory T cell
L2_TACAACGCAGCGTGAA,Hematopoietic progenitor cell
E2L3_TACAACGCATCGATGT,CD8+ Cytotoxic T cell
L2_GGTTCTCAGGCGCTCT,MAIT cell
L2_CATTTCAAGCGACATG,CD4+ Naive T cell
L2_TCATCCGTCTGATTCT,MAIT cell
E2L7_TCATACTTCGAACGGA,CD8+ Cytotoxic T cell
E2L6_TGAGGGATCTTCCCAG,CD4+ Naive T cell
E2L4_GATTGGTAGAGAGTGA,B cell
L5_TCATTTGTCACATTGG,NK cell
L4_ATGGAGGGTACCCAGC,Hematopoietic progenitor cell
L4_CCACCATCAGCTGTCG,CD4+ Naive T cell
E2L8_TGGATGTAGGCTGAAC,Proliferating T cell
L4_CAAGGGACATAACTCG,Hematopoietic progenitor cell
E2L3_GGGTTTACAGACGCTC,Proliferating T cell
L1_TCTCTGGTCTTTGCAT,Plasmacytoid dendritic cell
L5_GATGACTGTTAGTCGT,CD4+ Naive T cell
L3_TGAGCATCAACGTTAC,CD14+ Monocyte
E2L1_TTATTGCTCCCATAAG,CD8+ Cytotoxic T cell
E2L7_GTTGTCCCAACTCCAA,CD4+ Naive T cell
E2L6_GATAGAACAATGAGCG,CD4+ Memory T cell
E2L2_AGACCCGCAGCCGGTT,CD4+ Naive T cell
E2L1_GACAGCCCACTAGTAC,CD14+ Monocyte
L3_ATTACCTTCCAGCCTT,NK cell
E2L6_GTGGGAACAACGACAG,NK cell
L3_CTCCATGTCTTAGCCC,CD4+ Naive T cell
L3_CGATGCGTCCTTCTAA,NK cell
L5_CCCATTGCAAGGCTTT,CD4+ Naive T cell
L1_CCCATTGAGGGACCAT,NK cell
L3_AAAGGATGTATAGGGC,Proliferating T cell
E2L7_CATTGTTCACCGAATT,CD4+ Naive T cell
L1_TGATGGTAGCACCGAA,Hematopoietic progenitor cell
L3_GCGTGCAAGTAGGATT,CD14+ Monocyte
E2L8_CAAGAGGCACGGTGAA,CD14+ Monocyte
E2L5_GATGACTGTACGTACT,NK cell
L2_CTTACCGGTGAGCTCC,MAIT cell
E2L3_ACAAGCTCAGGTTTAC,B cell
E2L3_CGAGGCTAGGGTCAAC,B cell
L3_TTGCCTGAGATAGGGA,CD8+ Cytotoxic T cell
E2L5_CGTAATGCATTATGCG,B cell
L5_GTCAAGTAGGATTACA,CD8+ Cytotoxic T cell
L4_AAACGAAAGCCTGACC,Conventional dendritic cell
E2L1_CTACCTGGTTACGGAG,CD14+ Monocyte
L2_AGTAGTCCAACGATCT,CD4+ Naive T cell
E2L4_AGAACAACACTCGATA,CD4+ Naive T cell
L4_CTCATGCCATAAGCGG,CD8+ Cytotoxic T cell
L2_CCCTCAACACAGACGA,CD4+ Naive T cell
L5_GTCAGCGGTTTACGAC,CD8+ Cytotoxic T cell
L1_CACACAAAGCCTTCTC,CD4+ Naive T cell
E2L1_TGATCTTTCAAGAATG,B cell
E2L6_CTTTCAATCTCAGGCG,Plasma cell
L4_TTACGCCGTAGCGATG,CD14+ Monocyte
E2L2_TACAACGCATACAGGG,CD4+ T cell
E2L8_ACATCCCGTCTCCTGT,Platelet
E2L4_TATCCTACACTTCAGA,CD8+ Cytotoxic T cell
E2L4_CCCTAACCATTGACAC,CD4+ T cell
L5_AGAAGTATCCGTATGA,CD8+ Cytotoxic T cell
E2L5_TAGACCAGTAGGGAGG,MAIT cell
E2L4_ATTCCATTCTTTCCAA,Plasmacytoid dendritic cell
E2L2_CTCAAGACACGGCTAC,CD8+ Cytotoxic T cell
L5_AACAGGGGTCACATTG,CD8+ Cytotoxic T cell
L3_GACCCAGAGCCTCAGC,B cell
E2L5_CTAACTTTCAGTGATC,Plasmacytoid dendritic cell
L1_GTAGAAACATGGCCAC,CD4+ Naive T cell
L4_TGTCAGATCCGTCACT,CD4+ Memory T cell
E2L2_AATCGTGAGCAACAGC,FCGR3A+ Monocyte
E2L3_TGGGTTAAGAACCCGA,B cell
L4_CATGCTCTCCCATTCG,CD8+ Cytotoxic T cell
E2L7_ACCTGAAGTCCAGGTC,Plasma cell
E2L7_TTGCTGCCATACCACA,Plasmacytoid dendritic cell
E2L8_CTGCCTATCTGCTTTA,NK cell
E2L8_AGCTTCCAGGTCGCCT,Conventional dendritic cell
E2L4_GACTATGTCGACGACC,B cell
E2L2_TTGCTGCAGCCTCGTG,FCGR3A+ Monocyte
E2L1_GGCGTCAGTCGATTAC,B cell
E2L6_ATGGATCAGTAGCAAT,Conventional dendritic cell
E2L6_AGCTTCCGTCAACGCC,CD8+ Cytotoxic T cell
E2L6_AAGACTCTCAACGCTA,Platelet
L3_GGCGTCACAAATTGCC,Proliferating T cell
E2L7_GTAAGTCCAAATAGCA,Plasmacytoid dendritic cell
E2L5_TTGAGTGAGAGTGTGC,MAIT cell
E2L5_TACACCCAGTAGACAT,CD8+ Cytotoxic T cell
E2L8_TAGCACATCTAGTTCT,FCGR3A+ Monocyte
E2L3_GGTGTTAAGTGCACTT,Platelet
L2_GATGACTAGGACAGCT,CD4+ Naive T cell
L4_CGTGATAAGGTGCTTT,CD4+ Naive T cell
E2L4_GCAGCTGTCTCATTTG,MAIT cell
E2L6_TCGTCCAAGTGGCGAT,CD4+ Memory T cell
L3_ACTGCAAGTTAGAAGT,CD4+ Naive T cell
E2L8_ACCTGAAGTTCTTAGG,NK cell
E2L6_GTTCCGTGTTGTACGT,CD4+ Memory T cell
L2_TGCTCGTCAGCGACAA,MAIT cell
L5_CCACGTTCATGTAACC,CD4+ Memory T cell
L2_TTGTTCATCCCTATTA,CD4+ Memory T cell
L2_GATGACTCAGGTATGG,CD14+ Monocyte
E2L4_TAGGTACGTGCATTAC,Proliferating T cell
L3_TTTACTGAGATGTTCC,Hematopoietic progenitor cell
E2L1_ACGGAAGGTGGTAACG,CD8+ Cytotoxic T cell
E2L3_CCAAGCGGTGCAAGAC,NK cell
L2_AGTTCGATCACGGTCG,CD4+ Memory T cell
L5_GTATTTCGTTTGATCG,CD8+ Cytotoxic T cell
E2L6_AGGCTGCAGAGTCAAT,Proliferating T cell
E2L4_AGGGAGTGTCGCAGTC,B cell
E2L3_AGGAGGTGTTCGAAGG,Plasmacytoid dendritic cell
E2L7_TTAGGGTGTAGGTACG,B cell
L3_TCTAACTGTCGATTTG,Plasma cell
E2L1_TGAACGTAGTTGTCAC,B cell
L4_CGAGGCTAGCGTATAA,CD4+ Naive T cell
E2L3_CCCTCAACAGTAACCT,NK cell
E2L3_CTCAACCGTCATTGCA,CD8+ Cytotoxic T cell
L4_CAGAGCCCACAACGCC,Proliferating T cell
L1_CGTGCTTGTAGCACAG,CD4+ Memory T cell
L3_GTAGAAATCCGTTGAA,CD4+ Memory T cell
E2L7_AAGTGAAAGGCGTTGA,CD4+ Memory T cell
E2L4_CTCCAACTCGCTAAAC,CD8+ Cytotoxic T cell
E2L4_AGTCATGGTTTCGTGA,Platelet
E2L7_TCAATCTGTCTTAGTG,Conventional dendritic cell
L5_AGGACGATCATCGCTC,CD4+ Memory T cell
E2L8_GAGTGTTTCATTCATC,CD14+ Monocyte
L2_CACGAATTCCTGTTGC,CD8+ Cytotoxic T cell
E2L7_TTTCATGCAGTAACAA,CD4+ Naive T cell
E2L5_TCAAGTGAGTGCGCTC,B cell
E2L5_TCTTGCGCATGAGGGT,NK cell
E2L8_AAAGTGAAGCAGCCCT,Platelet
L3_TTGCGTCCACTCTAGA,MAIT cell
L2_CATCCACCATGGGTCC,MAIT cell
E2L1_TGTGTGATCAGACATC,FCGR3A+ Monocyte
L3_CCTTCAGGTGGATCGA,CD8+ Cytotoxic T cell
L1_CTTTCAAAGTAGATCA,B cell
E2L7_CCGTAGGCAACCGGAA,Plasmacytoid dendritic cell
L2_ATCCCTGGTTCGATTG,Plasma cell
L3_GTAATGCGTGGGCTTC,CD8+ Cytotoxic T cell
E2L4_TGACGCGGTGATGAAT,Plasmacytoid dendritic cell
E2L8_TATGTTCAGTAAAGCT,CD4+ Naive T cell
E2L1_CAGATTGCACAAGTGG,CD4+ Naive T cell
E2L6_CTCGAGGCACCTGCTT,B cell
E2L2_TGTCCTGTCGCCAGAC,CD8+ Cytotoxic T cell
E2L5_GTATTTCGTCTTTATC,CD8+ Cytotoxic T cell
E2L4_CACGTGGCAAACTAGA,Platelet
L3_GTAATGCAGACCAGCA,Conventional dendritic cell
E2L1_TCGAAGTAGCAATTAG,CD4+ Memory T cell
E2L2_AGCTCAACACTGGATT,B cell
E2L8_GGGACCTTCGGCTGTG,FCGR3A+ Monocyte
E2L8_TGCAGATAGCTCTGTA,B cell
E2L6_ATTCTACTCCGGCAAC,CD4+ Memory T cell
L1_CAGCCAGTCCGGTTCT,CD8+ Cytotoxic T cell
E2L1_TGTTCCGAGTAGCCAG,Proliferating T cell
L1_TGTGTGACACAATGAA,gamma-delta T cell
E2L2_TTACAGGGTGGTAATA,CD4+ Naive T cell
E2L5_TCTACATCACCGTCGA,Platelet
L5_GGTAGAGCAGGGAATC,CD14+ Monocyte
L1_AGCTCAATCATGAGTC,FCGR3A+ Monocyte
E2L6_ACGGTCGAGGTTTACC,CD8+ Cytotoxic T cell
L4_GTGTTAGTCATCAGTG,NK cell
L4_TGTTGAGTCTGAGAGG,CD14+ Monocyte
L5_TCGCAGGTCCGCAAAT,Conventional dendritic cell
L3_GTCCCATGTAGAGTTA,CD4+ T cell
L4_TAGGGTTTCTCATTTG,Platelet
E2L3_CTGTCGTGTGTAACGG,FCGR3A+ Monocyte
E2L8_CTGTACCGTGTAAATG,CD8+ Cytotoxic T cell
E2L1_CGGAATTCATGGCACC,CD4+ Naive T cell
E2L2_GTTGTAGCAGAGAAAG,CD8+ Cytotoxic T cell
L5_CTTAGGACAGCGTACC,Plasma cell
L1_TATATCCTCTCATAGG,NK cell
E2L2_AGCGCCATCACATTGG,CD8+ Cytotoxic T cell
L5_TCGGGCAAGTGTTCCA,Platelet
L2_CTCCCAATCCTTGACC,CD4+ Memory T cell
L5_ACGATGTTCTGCTCTG,CD8+ Cytotoxic T cell
L2_ACAGGGATCTTAGCCC,CD8+ Cytotoxic T cell
E2L3_CCATCACAGAGAGCCT,Platelet
E2L4_ATTTCTGGTGCACAAG,CD4+ Naive T cell
E2L5_ATACCGATCGACATCA,CD4+ Naive T cell
E2L4_CGCAGGTGTCGTCATA,B cell
E2L3_CTTCCGACACTTGAGT,CD8+ Cytotoxic T cell
L4_CATGAGTCATTGCAAC,Proliferating T cell
E2L4_GTCTGTCGTGGCACTC,Platelet
L2_TGTAAGCTCCTAACAG,CD4+ Memory T cell
E2L3_GTCCTCAAGAACAAGG,CD4+ Naive T cell
L4_CACCAAACACTGGACC,CD4+ Naive T cell
E2L5_AGAACCTTCTCGGTAA,gamma-delta T cell
E2L4_ATGGGAGAGTTTGTCG,Platelet
E2L5_TTCCTAATCACACGAT,B cell
E2L1_GTTCCGTTCTGAGCAT,Platelet
L1_ATTTACCCACGCAGTC,Hematopoietic progenitor cell
L4_AGAGCCCTCACAGAGG,Plasma cell
E2L8_TACGTCCGTTCTTGCC,CD4+ Naive T cell
E2L5_TCAATTCGTTGTGTTG,CD8+ Cytotoxic T cell
E2L2_TCCTCTTTCAGCCTCT,CD8+ Cytotoxic T cell
E2L2_GTAGCTACATCCGAAT,CD4+ Memory T cell
L5_GTGTGGCCAAACGAGC,CD4+ Naive T cell
E2L5_CGAGGAACAGCTGCCA,CD8+ Cytotoxic T cell
E2L1_AGTTCCCTCGCCAGAC,CD8+ Cytotoxic T cell
L4_TCTACATGTACCCACG,CD4+ Memory T cell
L3_GTGTTAGCAGATAAAC,CD14+ Monocyte
L2_CAGCACGGTATATGGA,CD14+ Monocyte
E2L2_TCGATTTAGCACACCC,CD14+ Monocyte
E2L3_AAGTGAAAGAGGACTC,Conventional dendritic cell
L1_TGGTTAGAGTCTGCAT,CD4+ Memory T cell
E2L7_TGTCCTGTCTCTCCGA,CD8+ Cytotoxic T cell
L3_CATTTCACAAGATGTA,CD8+ Cytotoxic T cell
L5_CTTCGGTTCGGATACT,Plasmacytoid dendritic cell
L4_TGCGATAGTTACTCAG,FCGR3A+ Monocyte
L3_GTGGTTAAGTTATGGA,MAIT cell
E2L5_GTGTTCCGTGCATTAC,B cell
E2L1_ATTCACTCAGGTCCGT,MAIT cell
E2L5_CTCCCAAGTACCAATC,MAIT cell
E2L1_GAGAAATCAAACTGCT,Platelet
L2_TTTCACAGTTTGACAC,CD4+ Naive T cell
E2L4_CCGTGAGAGATGAAGG,Platelet
E2L6_CAATACGCAGCGGTCT,Platelet
E2L1_GTTGTCCAGAATACAC,MAIT cell
E2L2_CTACCCACAGTTAGGG,Hematopoietic progenitor cell
L2_TTTATGCGTTAGTTCG,Plasmacytoid dendritic cell
E2L6_ACTCCCATCGTACACA,CD4+ Memory T cell
E2L3_TATTGCTCAGAAATTG,CD8+ Cytotoxic T cell
L2_TCCCATGGTATGCTAC,NK cell
E2L2_AACGGGAAGACGGATC,CD4+ Naive T cell
L1_CCACGTTCAGCTCGGT,CD14+ Monocyte
L3_CCGGACACACACAGAG,Conventional dendritic cell
E2L2_ATCGGATCAATTGGTC,Platelet
L3_CATCGTCGTCCCTGTT,gamma-delta T cell
L1_GGTGGCTCACTGAATC,NK cell
E2L7_CGCAGGTAGTGCCAGA,CD14+ Monocyte
L3_AAAGTCCGTCCAATCA,B cell
L3_TCGAAGTAGTGGTTGG,B cell
E2L1_TCATGTTTCAGTCATG,NK cell
L4_TACGGGCTCCTCCACA,gamma-delta T cell
E2L3_TTCTCTCAGCCTATTG,CD4+ Naive T cell
E2L2_TTTACTGAGTCATGCT,Conventional dendritic cell
L5_GGGATCCAGGAGGCAG,CD8+ Cytotoxic T cell
L3_TTCTAACGTAGCCCTG,Hematopoietic progenitor cell
L2_AGCTTCCTCGATCCAA,CD4+ Naive T cell
L5_AGGGAGTAGGCATCGA,CD8+ Cytotoxic T cell
L5_GTAGTACGTACCAGAG,Hematopoietic progenitor cell
E2L8_TGATTTCGTACTTGTG,Proliferating T cell
E2L8_AGGATAAAGGCACCAA,Conventional dendritic cell
E2L4_CGTGTCTAGACCCGCT,CD4+ Memory T cell
L2_GCCAGGTGTATACCTG,CD4+ Memory T cell
E2L8_ATTCCATGTTGTCCCT,CD8+ Cytotoxic T cell
E2L8_CTCCGATCATGGGTTT,CD8+ Cytotoxic T cell
L4_AAGCGAGTCTGTGCAA,Hematopoietic progenitor cell
E2L2_GGGTTATGTGACCGTC,CD4+ Naive T cell
E2L4_TGCGATACAGGTGGAT,Plasmacytoid dendritic cell
E2L5_GGTGTTACAACATCGT,CD4+ Naive T cell
L3_GTTAGACGTGTAACGG,CD4+ Memory T cell
L5_CCTCACAAGCACTCAT,FCGR3A+ Monocyte
E2L6_CAATACGGTCCGCAGT,Plasma cell
L5_AACAAGATCGTGCTCT,CD4+ Naive T cell
L3_CCGGACATCGATTTCT,Plasmacytoid dendritic cell
E2L8_CCTCACACAAGTTTGC,Conventional dendritic cell
L1_TAAGCGTCACTAAACC,CD4+ T cell
E2L1_CCGCAAGCAGAGTGAC,CD4+ Memory T cell
L5_CTTCGGTAGTCACGAG,Platelet
E2L6_TGCGGGTTCGAGTTGT,CD14+ Monocyte
E2L5_TCGGGACGTACTGGGA,CD4+ Naive T cell
L3_ATGCATGCACTCCTGT,CD4+ Naive T cell
L4_ATTGGGTAGCGAGGAG,MAIT cell
L2_TCGTCCACACGGATCC,CD4+ Memory T cell
E2L2_TTGGATGAGACCTCAT,CD8+ Cytotoxic T cell
E2L6_GAACACTTCTATGCCC,CD14+ Monocyte
L1_CGGCAGTCATACCAGT,Plasmacytoid dendritic cell
E2L4_TACTGCCCAGACGGAT,Proliferating T cell
E2L6_ATCCGTCGTGCTTCAA,Plasmacytoid dendritic cell
E2L6_ATCAGGTAGCGTCTGC,B cell
E2L3_GTTATGGCATGGCCAC,CD8+ Cytotoxic T cell
E2L6_CTTCAATAGACGAGCT,Hematopoietic progenitor cell
L3_TCAGGTATCCAACCAA,Hematopoietic progenitor cell
E2L5_AGTTCCCAGGAGATAG,Platelet
E2L1_CCTTCAGAGGTACTGG,CD4+ Naive T cell
E2L1_AGTAGTCCATAACTCG,Plasmacytoid dendritic cell
E2L6_TCCCAGTCAAATGGCG,CD8+ Cytotoxic T cell
E2L4_GTTTACTTCCAACCGG,B cell
E2L1_TGCTGAAAGAGTCAAT,CD4+ Memory T cell
E2L7_AGCCAATTCGGTCTAA,CD4+ Naive T cell
E2L5_ATGTCTTAGTCAAGCG,CD8+ Cytotoxic T cell
E2L4_CGTAGTACAAGCGAGT,CD8+ Cytotoxic T cell
E2L4_CCTCTAGGTTCAGCGC,Plasma cell
L3_AGAACAAGTACCCAGC,MAIT cell
E2L7_GTACAGTGTGCCTTCT,B cell
L4_TCGGGTGCATCACGGC,Proliferating T cell
E2L7_GGAGGATGTTTGGCTA,CD4+ Naive T cell
E2L6_TGGAGGAGTAATGCGG,B cell
E2L4_AGGGAGTTCTAGGCAT,CD14+ Monocyte
E2L2_TCCAGAAAGAGTTGAT,CD8+ Cytotoxic T cell
E2L8_CCACTTGTCATGAGTC,Plasmacytoid dendritic cell
E2L5_CAACGGCCACACTGGC,Plasma cell
L4_AGGCCACAGCCGAACA,Hematopoietic progenitor cell
E2L3_TACGGTACACATACGT,NK cell
E2L6_CACTGGGTCTGTTCAT,CD4+ Naive T cell
E2L4_GACTATGAGACCAAGC,B cell
E2L7_ACACTGAGTTACACAC,B cell
L2_TCATTGTTCAAGTCGT,Hematopoietic progenitor cell
E2L6_GCACTAAAGACTTCCA,Platelet
E2L5_TGGGTTACATGATCTG,B cell
L3_TCGGGCAAGTCACTCA,CD4+ Naive T cell
L1_AGGAGGTTCCTCTAAT,CD4+ Naive T cell
L5_AGAGAATCATGCTGCG,Plasmacytoid dendritic cell
L5_ATGGTTGCATCGGCCA,Hematopoietic progenitor cell
E2L1_TGCATGATCAGTCACA,Proliferating T cell
L1_CGCCAGATCCAATCTT,CD4+ Memory T cell
E2L4_TTCCACGAGGTTCAGG,CD8+ Cytotoxic T cell
E2L7_CACGTTCTCTCATGCC,Proliferating T cell
L1_CATCGTCAGATGCGAC,CD4+ T cell
L4_TGCAGATAGCACTCAT,gamma-delta T cell
L2_GCAGGCTAGACATACA,CD8+ Cytotoxic T cell
E2L5_AAGTTCGTCTACACTT,Proliferating T cell
E2L8_TTCCGTGAGCCAGTAG,Plasmacytoid dendritic cell
E2L3_GTCTCACTCGGCAGTC,Conventional dendritic cell
E2L4_GGGTAGACAGTCCGTG,Plasmacytoid dendritic cell
E2L2_TCTGTCGCAACTTGCA,B cell
E2L7_TCATGTTGTATTTCCT,FCGR3A+ Monocyte
L3_ATAGACCCAGTGGGTA,B cell
L2_AAGTCGTAGTCCTGTA,CD4+ Naive T cell
E2L5_CTGAGGCCAGCTACTA,Plasma cell
E2L4_TTAATCCCAAAGGCTG,CD8+ Cytotoxic T cell
L3_GAAGGGTCATAGGTAA,Hematopoietic progenitor cell
E2L8_TAGTGCACACGTAGAG,Conventional dendritic cell
E2L1_GTTGAACTCGCCGATG,CD4+ Memory T cell
L3_TCCACGTTCAAACGAA,MAIT cell
L5_TCACGCTAGCCATCCG,CD4+ Memory T cell
E2L7_CATCCCAAGATCCTAC,NK cell
L4_TGCCGAGTCCGGCTTT,CD4+ T cell
E2L4_GAAATGAGTACAGCGA,CD8+ Cytotoxic T cell
L4_ACATCGAGTGCAGGAT,CD4+ Naive T cell
E2L7_GAAGAATTCTATCGTT,Plasmacytoid dendritic cell
E2L7_CAGTGCGGTGGCGTAA,Platelet
E2L6_TCCTTCTTCGTAGCTA,CD4+ T cell
E2L4_TATCGCCCAGACAATA,NK cell
E2L7_ATCATTCTCCGTCACT,Plasmacytoid dendritic cell
L3_CATCCGTGTGTCCACG,CD4+ Naive T cell
E2L4_GAACGTTAGGTGCTTT,Proliferating T cell
L5_TGTGATGGTTAAGGGC,Conventional dendritic cell
L4_GCTTCACCACCCAATA,CD4+ Naive T cell
L4_CTAACCCAGGTATTGA,FCGR3A+ Monocyte
E2L8_TTGCCTGGTATACGGG,CD4+ Naive T cell
L3_TCTATACCACATACTG,Plasma cell
E2L8_CAGGCCATCGTTGCCT,CD8+ Cytotoxic T cell
L4_AGGACGATCATCTATC,CD4+ Memory T cell
E2L7_AGGCCACAGAGCAACC,CD4+ Memory T cell
E2L8_TTGTTGTGTAGTCACT,Plasmacytoid dendritic cell
L4_TCGTAGACAGCTATTG,Conventional dendritic cell
E2L6_CTGTGAACATTGGCAT,B cell
E2L7_ATCGGATCATTGCTTT,Platelet
L5_ATTGTTCCAGTTCACA,B cell
E2L8_TCCTTTCGTTGCATCA,B cell
E2L7_GGGCTCAAGGAGAATG,B cell
L1_CCGCAAGCAGGTGTGA,CD4+ Naive T cell
L1_AAGTGAACAGGACGAT,CD4+ Naive T cell
L4_TTGGGTATCCTCAGGG,Hematopoietic progenitor cell
E2L8_AGTTCCCGTGGTCAAG,Proliferating T cell
E2L8_ATTCCTAAGCGAGGAG,CD4+ Naive T cell
E2L8_TTTACCAAGTTTCGAC,CD4+ Naive T cell
L1_CCCTAACTCTGAGATC,CD14+ Monocyte
L5_TCAAGTGCACGACCTG,NK cell
E2L8_AGTGCCGGTCCAACGC,CD4+ Naive T cell
L1_TCAGTGAGTTCTCGTC,CD4+ T cell
L5_AAGTGAACATAACAGA,CD4+ Naive T cell
E2L6_TCAGTCCGTGACACGA,NK cell
E2L6_AAGGTAATCGACACCG,CD8+ Cytotoxic T cell
E2L8_GCCGTGAAGAAGTGTT,FCGR3A+ Monocyte
E2L6_TACTTCACAGCGTATT,Proliferating T cell
E2L5_ACCTGTCTCATCGCCT,CD8+ Cytotoxic T cell
L4_ATGACCAAGGTAGACC,FCGR3A+ Monocyte
E2L5_CTGAGGCCATTCTCCG,Plasmacytoid dendritic cell
L5_GTTAGACTCGTAGCTA,Hematopoietic progenitor cell
E2L4_AGCATCAAGAGGTTTA,B cell
E2L1_ACTATCTAGACGGAAA,CD4+ Memory T cell
L5_ATCACAGGTGTTAAAG,CD4+ Naive T cell
E2L7_ATATCCTCAGGTTCGC,Conventional dendritic cell
E2L8_ACATCGACACGCTTAA,gamma-delta T cell
L5_CTCCGATGTGGCTACC,CD4+ Naive T cell
L5_TGACTCCGTTCTAACG,Hematopoietic progenitor cell
E2L2_TCCAGAATCTCGACGG,Plasma cell
L1_TAGAGTCTCGATACAC,Plasmacytoid dendritic cell
E2L2_AGTGATCAGCCGATCC,Proliferating T cell
L2_GTGGCGTTCATTTCGT,B cell
E2L6_ACCTGTCAGCCGATAG,CD4+ Naive T cell
E2L4_GTCCACTGTCCCGCAA,MAIT cell
L4_CATACCCTCTTCGGAA,Plasmacytoid dendritic cell
E2L6_ACGATCAAGATGGTCG,MAIT cell
L1_CTCCCTCTCGTCTAAG,CD4+ Memory T cell
E2L7_TGTTCTATCTTGAGCA,CD14+ Monocyte
E2L1_AAGGAATTCCTCCACA,Platelet
E2L7_ACGGTCGTCGTCAGAT,B cell
L2_TAGGAGGCATGCACTA,CD4+ Naive T cell
E2L7_TAACTTCAGTTTGCTG,MAIT cell
E2L1_GAGGCCTAGCCACTCG,CD8+ Cytotoxic T cell
E2L4_TCAGTTTTCCAACTGA,CD14+ Monocyte
E2L2_ACACAGTCAGGTCCCA,B cell
L5_TGTCCCAGTCAAGTTC,CD4+ Memory T cell
L1_CATGAGTGTGCATTAC,CD14+ Monocyte
L5_AAAGGTACACGCGCTA,CD14+ Monocyte
E2L1_CGTGAATTCGCGGACT,B cell
L4_GAATCGTCAGATCATC,CD4+ Naive T cell
E2L1_GAGTCATTCCGAGAAG,MAIT cell
L1_TGTCCCACAGGATCTT,CD4+ Memory T cell
E2L2_GACTCAAGTGGACCTC,B cell
E2L1_CCACAAATCGGATTAC,NK cell
L1_GCTACCTGTTTGCCGG,CD4+ Naive T cell
L4_AATGACCGTACCAATC,Hematopoietic progenitor cell
E2L3_CCTGTTGTCGAGTCCG,CD4+ Naive T cell
E2L2_TCATTTGCACTGAATC,B cell
L5_TCCCACAAGAGGTCGT,Plasmacytoid dendritic cell
E2L7_TTTGGTTAGTATGTAG,CD8+ Cytotoxic T cell
L2_TCGTCCACACGGCACT,Proliferating T cell
E2L3_AGACAAAGTTGCTAGT,Conventional dendritic cell
E2L4_CTGCAGGGTTAACAGA,CD4+ Naive T cell
L4_ATTCAGGCACAGTACT,CD4+ Naive T cell
E2L6_TCGCAGGAGGCACCAA,CD4+ Memory T cell
E2L6_TATGTTCCAAGAGGCT,Platelet
L2_TTACGCCGTTACCCTC,Proliferating T cell
E2L8_ACCAAACTCCTGGGAC,CD14+ Monocyte
E2L3_GTCCCATGTGCTCCGA,B cell
E2L2_TGCGGGTTCCTGTAGA,CD4+ Naive T cell
E2L4_ATCGATGCAGCTGTTA,Proliferating T cell
L4_GCTGCAGTCACCTCTG,CD4+ Naive T cell
E2L4_CGTTAGAGTGATCATC,Conventional dendritic cell
E2L6_GGTGTTATCACCATCC,B cell
L1_CCACCATTCGAGAAAT,CD4+ Naive T cell
L2_GTAGTACTCGGACCAC,CD14+ Monocyte
E2L5_CCTGTTGCAGTCTCTC,CD4+ Naive T cell
L1_TCTCACGGTAGGACCA,Hematopoietic progenitor cell
L5_AGAAGTAGTGCGAGTA,CD4+ Memory T cell
E2L5_AGTTAGCTCGTAACTG,CD4+ Memory T cell
E2L8_CTCTCAGGTAAGATAC,B cell
L3_AGTCAACAGAATCGAT,NK cell
E2L1_GGGACCTGTTAGGGAC,Platelet
L4_TCCTGCAAGGATGAGA,B cell
L1_AGTGCCGTCCCGTAAA,CD8+ Cytotoxic T cell
L2_AGACCCGCACGGCGTT,CD8+ Cytotoxic T cell
E2L1_CCGATGGCATGAGAAT,CD4+ Memory T cell
L5_AGTACTGAGATGACAT,Plasmacytoid dendritic cell
L5_TACCTCGAGCCTCATA,CD4+ Memory T cell
L1_CAAAGAATCGAAGCAG,CD8+ Cytotoxic T cell
E2L3_TGAATGCGTCCTGTTC,Proliferating T cell
E2L8_CTCTCAGGTGCCCACA,CD4+ Naive T cell
E2L8_GCATCGGGTTTGGCTA,B cell
L4_CATCGGGGTCTTACTT,CD8+ Cytotoxic T cell
E2L3_GGTGAAGAGGACTTCT,CD4+ Memory T cell
E2L7_AGAACAATCTAAGGAA,B cell
L2_ATGCATGAGTTGTCGT,CD4+ T cell
E2L1_CCACGTTCAACATCGT,MAIT cell
L2_TACCTCGCAGGCACTC,Conventional dendritic cell
L5_AGATCCAGTTTGGGAG,Platelet
L1_CTGGACGCAACAAAGT,CD4+ Memory T cell
E2L5_TCACAAGTCCGCAAAT,CD4+ T cell
E2L4_GGATCTACAAGACCTT,B cell
E2L4_ACATTTCAGTACTGTC,B cell
E2L6_GCTACAAGTTGACTGT,Plasmacytoid dendritic cell
L1_ATGAGTCTCCAGCTCT,NK cell
L3_TGATGCAGTTGCTCCT,CD4+ Naive T cell
E2L5_CGTTAGACATCCAACA,Plasma cell
E2L2_ATTGGGTCACGCTGCA,B cell
E2L5_TTGACCCTCCACGAAT,CD4+ Memory T cell
E2L7_TGCGGCAGTAAGCGGT,CD4+ Memory T cell
E2L6_GACATCAAGACGAGCT,CD4+ Memory T cell
E2L5_AGAAATGCACTGGAAG,CD8+ Cytotoxic T cell
E2L7_GAGTGTTAGATGCTAA,Plasmacytoid dendritic cell
E2L4_AGGTGTTAGCTAGAGC,FCGR3A+ Monocyte
L2_GATGAGGAGAGTTCGG,Proliferating T cell
L1_GGGCTCACATTCACAG,Plasma cell
E2L2_GTTCGCTAGGAGGTTC,CD4+ Naive T cell
L4_AGGAGGTAGAGCATCG,CD14+ Monocyte
L1_AACCCAACACTTCCTG,CD4+ Memory T cell
L5_GTGTAACTCGGTTCAA,FCGR3A+ Monocyte
L1_GTAATCGAGCTAATGA,CD4+ Memory T cell
E2L5_AGAACCTTCAAAGCCT,CD8+ Cytotoxic T cell
E2L6_GAAGTAACACACGGAA,CD8+ Cytotoxic T cell
E2L1_CCAATTTAGGGCCCTT,Plasmacytoid dendritic cell
E2L7_TATATCCGTTTCCAAG,B cell
E2L1_TAGTGCAGTTGAGAGC,CD4+ Naive T cell
E2L3_GTTGTAGTCATCGGGC,CD8+ Cytotoxic T cell
E2L6_ACATCGAGTTGCCGCA,FCGR3A+ Monocyte
L4_CAGTGCGCAATAGGAT,CD4+ Naive T cell
L4_CGTAAGTCATGTGTCA,Hematopoietic progenitor cell
E2L8_CCGTTCAGTGTTGCCG,Plasma cell
E2L5_TCGAAGTGTATCCTTT,CD8+ Cytotoxic T cell
E2L3_GCTACAACAGGTACGA,CD14+ Monocyte
L5_TTCTTGATCCGAGAAG,CD14+ Monocyte
L5_CACAACAAGCAGATAT,CD4+ T cell
E2L6_TAATTCCTCGTTCCTG,CD14+ Monocyte
E2L6_CTGCATCTCCGATCTC,Plasmacytoid dendritic cell
L5_CTCAGGGGTCGTGCCA,CD4+ Memory T cell
L3_TCCAGAATCTCGGTCT,CD4+ Memory T cell
E2L3_TCGCTCAAGCTGGAGT,Plasma cell
E2L4_GTGGCGTCACATACTG,FCGR3A+ Monocyte
L4_TCAAGCAGTGGTTTGT,CD4+ Naive T cell
L4_TAACCAGTCCTTCTTC,CD4+ Naive T cell
L4_AAAGTGATCTCTAAGG,CD4+ Naive T cell
E2L6_TCTTCCTCACAAGGTG,CD14+ Monocyte
L3_TGAACGTCACTCGATA,Conventional dendritic cell
L5_TTGTTGTGTTGCATAC,Hematopoietic progenitor cell
L4_GAAGGACTCTTGTGCC,Plasma cell
E2L3_CGGAGAAGTTCCTTGC,CD4+ Memory T cell
E2L5_TTCCTAAAGCAGTAAT,NK cell
L2_TCCATCGGTTGTATGC,Hematopoietic progenitor cell
L4_TGCTTGCCACAAATAG,Conventional dendritic cell
E2L4_GGTGAAGAGACCATTC,CD4+ Memory T cell
E2L1_CTGTCGTGTCTGTGTA,CD8+ Cytotoxic T cell
L1_CTGTAGATCATCACTT,CD4+ Memory T cell
L4_TCCTAATAGCTCGCAC,CD8+ Cytotoxic T cell
E2L2_TGTTCCGAGTACCCTA,CD4+ Memory T cell
E2L4_GTTGTAGTCTAGTGAC,CD14+ Monocyte
E2L2_ACGGAAGAGGCATCGA,B cell
E2L8_CCTAACCCAAGCGCAA,CD4+ Naive T cell
L2_TATCCTACATTACTCT,FCGR3A+ Monocyte
L4_GGGTGTCGTCACAATC,MAIT cell
L3_CATAAGCCAAGGTCTT,B cell
L1_CACTGAAAGAATCGCG,CD4+ Memory T cell
L5_CGCCAGATCGCAGTCG,CD4+ Naive T cell
E2L7_GCTTTCGCAGGGATAC,Plasmacytoid dendritic cell
E2L5_CCCGGAACACATCCCT,NK cell
L4_GACGTTAGTAGACGTG,FCGR3A+ Monocyte
L3_TCAATTCAGCGCTGCT,CD4+ T cell
L1_GAAGCGACAACGAGGT,NK cell
E2L4_GATCGTATCCTTTAGT,Plasmacytoid dendritic cell
E2L5_CAATGACAGCCGAATG,CD8+ Cytotoxic T cell
E2L5_ACTATTCGTGAGCGAT,MAIT cell
E2L2_GTCGAATCAGCTCGGT,FCGR3A+ Monocyte
E2L5_TTCTAACTCCAGCACG,CD14+ Monocyte
E2L8_TCAGGTACAGGCACTC,Proliferating T cell
L3_GTTGCTCTCCGTCCTA,FCGR3A+ Monocyte
L1_GTTGCGGTCGTGTTCC,CD4+ Memory T cell
L4_GTGAGCCGTCTCGACG,CD4+ Naive T cell
L3_TGGTGATGTCTGCCTT,NK cell
L4_TAGGTACAGAGTCGAC,CD8+ Cytotoxic T cell
E2L6_TGGAGAGGTAAGATTG,CD8+ Cytotoxic T cell
L4_CGTTGGGAGCTTGTTG,NK cell
L3_TGTCCACAGGCGTTAG,CD4+ Naive T cell
E2L4_GACTATGAGGGTATAT,CD4+ Memory T cell
E2L3_GTCATGAAGGTGCAGT,Plasma cell
E2L5_TTGTTTGCAGAGTCAG,MAIT cell
L3_CCGTGAGAGTTCCTGA,CD4+ Naive T cell
E2L6_CTTACCGAGGCTCTAT,B cell
L4_TAGCACATCACCGGGT,CD8+ Cytotoxic T cell
E2L1_CCACACTTCCCGAGAC,CD4+ Naive T cell
L2_AGTGACTGTCTGTGCG,MAIT cell
L4_GGGCCATAGACAACTA,CD4+ Memory T cell
L5_GTGAGCCCAGTTTCAG,CD4+ Naive T cell
E2L7_AATGACCGTATTTCCT,NK cell
E2L3_AGGTGTTGTCCACTTC,Plasmacytoid dendritic cell
E2L1_GATCCCTCAAATGGCG,CD4+ T cell
L2_TAGACCATCACTTCTA,CD4+ Memory T cell
E2L1_GAATAGAGTTCTATCT,MAIT cell
L1_GAGTCATGTGCATGTT,CD14+ Monocyte
L5_TATTCCAAGTTCATCG,CD8+ Cytotoxic T cell
E2L3_GTAAGTCAGTCACTAC,CD4+ Memory T cell
E2L1_CCTACGTTCGTGTTCC,CD4+ Memory T cell
E2L2_CCACTTGTCTGTGTGA,B cell
E2L8_CTCTCGAGTGACACAG,CD14+ Monocyte
E2L8_AGTCATGTCATTGAGC,CD8+ Cytotoxic T cell
E2L5_ACACGCGGTATCCTTT,CD8+ Cytotoxic T cell
L5_TCTGCCATCAAACGTC,CD4+ Naive T cell
L4_TGGTAGTGTTAGAGTA,CD8+ Cytotoxic T cell
E2L2_CTCAGTCCACATATGC,CD4+ Memory T cell
L2_TCCATCGCATCGGAAG,Plasma cell
E2L4_AGCTACAGTTTAGACC,CD4+ Memory T cell
L2_GGAGATGGTACCTGTA,Conventional dendritic cell
L4_TCGGGACAGCCACCGT,Proliferating T cell
E2L7_GCAGCTGCAGAACTTC,Proliferating T cell
L5_AACGGGATCTCTCTAA,Conventional dendritic cell
L5_GACCGTGGTGCAGATG,Conventional dendritic cell
L4_AGCCAATAGCTCTGTA,NK cell
E2L7_GGTCTGGGTAGAATGT,B cell
E2L5_AGACTCAAGTTGCCCG,CD8+ Cytotoxic T cell
L1_CAAGCTACAAATCAGA,CD4+ Naive T cell
E2L4_CCTTGTGGTGGTTCTA,B cell
E2L2_AACAGGGTCCATTGGA,NK cell
L4_GTGCACGTCGTGTGGC,Proliferating T cell
L5_ACTTATCCAGAGTAAT,CD4+ Naive T cell
L2_ATTCCCGTCATCACAG,MAIT cell
L3_ATGCATGGTTCCAGGC,Conventional dendritic cell
E2L3_ACGCACGTCTCGAGTA,FCGR3A+ Monocyte
E2L3_GACCCTTAGGTAAAGG,CD4+ Naive T cell
L5_CCCTCAAGTGCGTTTA,CD4+ Naive T cell
L5_GTTTGGACAGTGGCTC,NK cell
L5_ACAAGCTAGAGCTGCA,CD4+ Naive T cell
L4_AGTCATGAGCGCCATC,FCGR3A+ Monocyte
L5_TGCTTGCCACGCGTCA,Plasmacytoid dendritic cell
L5_ACTGTCCAGTACAGAT,FCGR3A+ Monocyte
E2L7_ACCAAACCATGTGGTT,FCGR3A+ Monocyte
E2L7_CAACCAAAGTACGTCT,B cell
E2L5_CAATGACAGATTCGCT,B cell
E2L8_TCAGGGCAGACAGTCG,Conventional dendritic cell
L4_CACAGGCAGAGAAGGT,CD4+ Naive T cell
E2L7_GTATTGGCAGCTGTTA,B cell
L5_CTCAGGGGTTGACTAC,Hematopoietic progenitor cell
E2L1_CCCTTAGGTCCAAGAG,CD8+ Cytotoxic T cell
L1_CAGTGCGCACGACGCT,Plasmacytoid dendritic cell
E2L3_TCGGGCAAGGAGATAG,CD8+ Cytotoxic T cell
E2L5_GAAGGGTAGGGCAGTT,CD8+ Cytotoxic T cell
E2L7_CTGTACCGTGACAGGT,NK cell
E2L6_TCCGTGTCACGCAAAG,Plasmacytoid dendritic cell
L5_GCACGTGGTACAAAGT,CD4+ Naive T cell
L3_CTGAGGCAGGTAACTA,CD8+ Cytotoxic T cell
E2L5_TAGCACATCAGAGCGA,B cell
L3_GAGCCTGTCGCCAGAC,Plasma cell
L2_ATCCCTGCACAAATGA,CD4+ Naive T cell
L4_GTTGTAGCATGACCCG,CD4+ Naive T cell
L2_CCATAAGCATATGCGT,Hematopoietic progenitor cell
L3_AGGAGGTAGACTGTTC,NK cell
L1_AGGACTTGTCAGATTC,CD14+ Monocyte
L4_CGCGTGAAGGTGCCTC,FCGR3A+ Monocyte
E2L6_CCACGAGAGCAAGTGC,Platelet
E2L6_ACTTTGTCACGCCAGT,B cell
E2L5_CTCCAACCAGTTGTCA,CD8+ Cytotoxic T cell
E2L2_CAGTGCGGTATGAGCG,gamma-delta T cell
E2L6_TACTGCCAGCAGCGAT,B cell
L3_GTCATCCCAGGTAGTG,Plasma cell
L4_AGTCACACACAAGTTC,CD14+ Monocyte
E2L5_CGGAGAATCGTTCCCA,CD14+ Monocyte
E2L2_GTGGAAGGTGCGTTTA,Plasmacytoid dendritic cell
L2_CATCGCTTCTGCGTCT,Hematopoietic progenitor cell
E2L7_AGATGCTAGCCTCAAT,CD4+ Naive T cell
E2L5_GTAGATCAGGCGACAT,CD4+ Memory T cell
L5_TTCCGGTAGCAGGCTA,CD4+ Naive T cell
E2L8_TTTCACACACTGGCCA,Conventional dendritic cell
E2L8_CCCTGATGTCTACGTA,CD14+ Monocyte
E2L7_AAGACAAAGCCATGCC,Platelet
E2L6_ATATCCTCAATTTCCT,Platelet
L3_TGATTTCAGTGCACAG,FCGR3A+ Monocyte
E2L6_TCATTGTAGTCGGGAT,Plasmacytoid dendritic cell
E2L7_GGTTCTCGTCAATGGG,Plasmacytoid dendritic cell
E2L7_CGATGGCTCCCTTGTG,CD8+ Cytotoxic T cell
E2L2_ATCTTCACAAGTTGGG,Proliferating T cell
E2L3_GGGTGTCTCTATCGGA,CD8+ Cytotoxic T cell
E2L6_TTTCGATTCGCCACTT,Platelet
L2_ACATGCATCTGTCGCT,CD8+ Cytotoxic T cell
E2L4_CCTAACCAGAAATCCA,CD14+ Monocyte
L5_TTTGATCGTAACGCGA,CD8+ Cytotoxic T cell
E2L2_TTCCTAAAGTATGGCG,B cell
L2_ATCCCTGGTTCTGAGT,B cell
E2L4_TCATTGTCATCGGATT,CD4+ Memory T cell
E2L7_CATTCCGAGGGAGGCA,B cell
E2L4_AATGCCAAGATTAGCA,CD8+ Cytotoxic T cell
E2L7_TATCGCCCATACTTTC,Platelet
L4_CCTAAGAAGCGGTAAC,CD4+ Naive T cell
E2L8_ATCGGCGAGTATGACA,B cell
E2L2_CGAGTGCAGCGCATCC,Plasma cell
L3_CGGGTCAGTCATGACT,Conventional dendritic cell
E2L6_ATTCTACGTTCTCAGA,B cell
E2L8_GAAACCTAGCCTGAGA,CD4+ Naive T cell
E2L4_GTGGAAGTCCTCTGCA,Platelet
E2L2_TGGTACAGTTCTTGTT,Platelet
E2L7_CAGCGTGGTCGAGTTT,CD8+ Cytotoxic T cell
L3_TCGAACACAGCTGAAG,CD4+ Naive T cell
L5_TCAGTCCAGCATTGAA,B cell
E2L3_TCCTAATCAGAAGTGC,CD4+ Naive T cell
E2L4_AAGTTCGAGTTGAAAC,CD8+ Cytotoxic T cell
E2L8_CGTGCTTGTGAGATAT,CD4+ Naive T cell
L1_TCCTTTCTCGCCAACG,B cell
L5_TCGTGCTAGCCAGACA,CD4+ Naive T cell
L2_TGGGAGAGTGCATCTA,CD4+ Naive T cell
L2_CTCAACCGTGGTAATA,MAIT cell
L3_ATCCCTGAGGGCAGTT,Plasma cell
E2L8_AACGGGAGTACGCTAT,Conventional dendritic cell
L2_AGAGCAGAGGCCCGTT,MAIT cell
L4_GTCATGACACCAGCCA,B cell
L5_GCCAGGTTCATCACCC,CD4+ T cell
L3_GCTTCACAGGAAGAAC,CD4+ Naive T cell
E2L8_GTTCGCTGTATGGGAC,CD4+ Naive T cell
E2L7_GGTGAAGGTATCGGTT,CD8+ Cytotoxic T cell
L1_TCAAGCAGTCACTACA,Conventional dendritic cell
E2L1_CCACACTAGTCTGTAC,Proliferating T cell
L3_TCGCACTTCGCTGACG,CD8+ Cytotoxic T cell
E2L6_AAGCCATTCCGCAACG,CD8+ Cytotoxic T cell
L4_GGTTGTAGTCAGACTT,FCGR3A+ Monocyte
L1_TTCTTCCTCTTTGCGC,CD14+ Monocyte
E2L7_CCGTGAGGTCACAATC,CD8+ Cytotoxic T cell
E2L1_AGACCCGGTAGGCAGT,Conventional dendritic cell
E2L8_GTGGTTACATATTCGG,Proliferating T cell
E2L6_TCGCTCACACTTGGGC,B cell
E2L4_ATAGGCTTCGATAACC,Plasmacytoid dendritic cell
E2L4_GAACTGTAGGTACTGG,Conventional dendritic cell
E2L2_CTTCTAATCGCTTAAG,B cell
E2L2_AGGATAAAGAACTTCC,B cell
E2L5_TCATTACGTCTAGGTT,Proliferating T cell
L4_TCCGATCGTCGTACAT,Plasma cell
L5_AAACGAAGTTCTTCAT,CD8+ Cytotoxic T cell
E2L4_TCCATCGAGTATTAGG,CD4+ Naive T cell
L3_TACCTCGCAGGTGTTT,CD4+ Naive T cell
L4_GGAGGATTCCCATAGA,CD4+ Naive T cell
L4_TTACAGGCAACTCGAT,Hematopoietic progenitor cell
E2L6_ACTTAGGGTGTTACAC,FCGR3A+ Monocyte
L4_TGAATGCGTTGTAAAG,FCGR3A+ Monocyte
L5_GGAGGATAGCCATCCG,CD4+ T cell
L3_AGACTCAAGCCAAGTG,CD8+ Cytotoxic T cell
E2L6_ACGGTCGAGAGGGTAA,CD4+ Naive T cell
E2L3_ATTCTACAGACCACGA,CD14+ Monocyte
L1_CGTGAATTCTGGAAGG,MAIT cell
L4_TGACTCCAGGGCAAGG,B cell
L5_CACTGAAAGACATATG,Plasmacytoid dendritic cell
L3_TCATGGAGTCTAACTG,CD4+ Memory T cell
E2L1_GTCGAATCACAACGTT,Hematopoietic progenitor cell
L5_CGGAACCAGTGGCGAT,FCGR3A+ Monocyte
L5_TCGGGTGAGGGCATGT,CD14+ Monocyte
E2L7_TTGCATTCAGTTAGGG,Proliferating T cell
L1_TTTGGAGGTAGCACAG,Hematopoietic progenitor cell
L4_GGAATCTAGCCTTGAT,MAIT cell
E2L3_GTCACTCAGATAACAC,Plasmacytoid dendritic cell
E2L7_CTTACCGCACCGTGGT,B cell
L2_GTCGCGAAGATGGCGT,Hematopoietic progenitor cell
E2L7_AAGGTAACACGTCGTG,FCGR3A+ Monocyte
L1_GGGCTACCAGCTTTGA,Plasmacytoid dendritic cell
L2_GGTCTGGCAGGCCCTA,MAIT cell
L2_GAATCACCATACGCAT,MAIT cell
E2L7_GGTGTTACAATTGCGT,CD8+ Cytotoxic T cell
E2L7_GTAGAAATCGAGAACG,CD14+ Monocyte
E2L7_ACTTCCGGTTTAGACC,CD8+ Cytotoxic T cell
E2L4_ATTACCTCATTGTACG,B cell
L5_TCAGTTTTCACCGGTG,Proliferating T cell
L3_ATTCAGGAGTCGGGAT,CD4+ Naive T cell
E2L5_TTTGGTTTCGAGTTGT,Plasma cell
L3_TAACCAGAGGAAAGAC,CD14+ Monocyte
E2L2_AGTAGCTCAGCGAACA,Conventional dendritic cell
L5_CTTCTCTTCGTTCTCG,CD4+ Memory T cell
E2L1_TACTTCAAGAGAGAAC,CD4+ T cell
L3_GTCCCATGTGCGAGTA,Proliferating T cell
E2L4_GCGGAAAAGCATCAAA,B cell
L4_CGTCCATAGATACAGT,B cell
L1_AGTACTGTCGGATTAC,Hematopoietic progenitor cell
E2L4_ATGAGTCAGAAACTGT,CD4+ Naive T cell
L2_AATCACGTCGGCACTG,FCGR3A+ Monocyte
L5_TCCAGAACAGAGGACT,MAIT cell
L4_TGTAGACAGTAAAGCT,NK cell
L1_TGTCAGACAAGTGTCT,B cell
L3_TGCTGAACAACGCCCA,MAIT cell
E2L4_ATCCTATTCATTCATC,Conventional dendritic cell
L5_GCATCTCGTGCTATTG,Hematopoietic progenitor cell
L4_GAAGCCCGTTACAGCT,CD8+ Cytotoxic T cell
L1_ACCGTTCCAACCCGCA,Proliferating T cell
L3_TTCTCTCAGCTTGTTG,FCGR3A+ Monocyte
L5_ATCATTCGTACCCAGC,B cell
E2L5_CAGTTAGGTCTCACAA,Conventional dendritic cell
L4_GGTTAACAGCTATCCA,CD4+ Memory T cell
L5_CTCAGTCCACTGCTTC,CD4+ T cell
L5_GGATGTTGTATGGAGC,CD4+ Memory T cell
L2_TACGTCCGTGATGGCA,CD8+ Cytotoxic T cell
L2_CCAAGCGAGAAACACT,CD4+ Memory T cell
E2L3_GTCGTTCTCTCGTGAA,B cell
L1_CAACGGCGTCCACTCT,MAIT cell
E2L7_TAAGCCAGTAAGACCG,Conventional dendritic cell
E2L5_GCAGCCACACCTGAAT,CD4+ Memory T cell
E2L4_AACCCAAAGCAGGTCA,CD14+ Monocyte
L1_AGGATAATCGGTCACG,Conventional dendritic cell
E2L7_TAATTCCCATCTGTTT,CD4+ Naive T cell
L4_CTGATCCAGGTAAGGA,CD8+ Cytotoxic T cell
E2L3_CACTGAACATGAGAAT,CD8+ Cytotoxic T cell
E2L1_ATGGTTGTCGTTGTAG,CD8+ Cytotoxic T cell
E2L1_AAGGAATCAAGAGGCT,CD8+ Cytotoxic T cell
E2L6_GGGAGTAGTGACTATC,CD4+ Naive T cell
E2L7_AGGCCACAGATGATTG,B cell
E2L6_CCTGCATGTCGCCACA,CD8+ Cytotoxic T cell
L1_TCACATTCACACTGGC,Hematopoietic progenitor cell
L5_CGTCAAAAGCCATTTG,gamma-delta T cell
L1_TCATTTGAGTGATAGT,CD4+ T cell
E2L4_GTAGGTTTCTGAGTCA,B cell
L2_TGGTGATAGTACTGGG,CD4+ Naive T cell
L3_CAAGAGGAGGCTGAAC,CD4+ Naive T cell
E2L8_AAGAACACAGAGATTA,NK cell
L3_CGAGAAGTCATTGGTG,Proliferating T cell
L5_TGAATCGCACGTCTCT,CD8+ Cytotoxic T cell
E2L4_CGATGGCAGTCGCCCA,Conventional dendritic cell
E2L2_GCAGGCTCAACGTTAC,CD4+ Memory T cell
L4_AGGGTGAAGGATTCAA,Plasma cell
E2L8_ATAGAGAGTCACGCTG,CD4+ Naive T cell
E2L8_GCTTTCGTCCGGTTCT,Conventional dendritic cell
L4_TCCCATGCAAGTCCAT,CD4+ Memory T cell
L3_AGGGTTTAGTGGTGAC,FCGR3A+ Monocyte
L5_TCCGGGACAGTCCCGA,Proliferating T cell
E2L1_CTGCATCAGGTACCTT,NK cell
L3_GTCCTCACAGATGCGA,MAIT cell
L3_CCGCAAGAGTAATACG,B cell
E2L7_CTCAGTCGTAAGCTCT,Plasmacytoid dendritic cell
L4_TAATCTCGTGACATCT,CD8+ Cytotoxic T cell
E2L7_GGTTCTCAGCTGTTCA,NK cell
E2L5_CGAGTTAAGTAAGACT,CD4+ Memory T cell
L2_CTCTCAGCATTGCAAC,CD4+ Naive T cell
E2L2_GTAGTACCAAGTTCCA,gamma-delta T cell
E2L2_CAGATTGCACCCAAGC,B cell
E2L4_TATCCTATCATTATCC,B cell
L5_TGACAGTCAGATTCGT,CD4+ Naive T cell
L5_TGCTTCGGTAGCGCTC,CD4+ T cell
L2_CCTCACACACGCTGAC,Plasma cell
L5_CTGGACGGTTGTGCAT,CD4+ Naive T cell
L2_AGTACTGCATCGTCCT,Proliferating T cell
L5_TCGGGTGCATGCACTA,Proliferating T cell
L1_TCCCATGCACCAGCGT,CD8+ Cytotoxic T cell
E2L4_ACTGTGAAGTAAGACT,Plasmacytoid dendritic cell
L3_GGTGGCTGTAATCAGA,CD4+ Memory T cell
L5_GGGTAGATCGAAGAAT,CD4+ Memory T cell
L5_CTTCTCTCATCCCACT,CD4+ Memory T cell
L3_AGTCACACATGAGGGT,NK cell
L2_GACTGATCATCGATGT,CD4+ Naive T cell
E2L7_GTAGAGGTCGGATACT,CD4+ Memory T cell
E2L5_TTGCGTCCACAGTCAT,Conventional dendritic cell
E2L8_CGAGTGCGTTGCTCCT,Plasma cell
E2L4_GGAGGATAGTGCACCC,FCGR3A+ Monocyte
L1_ATTACCTCAACCCTCT,CD8+ Cytotoxic T cell
E2L3_TACATTCCAACAAGTA,Conventional dendritic cell
L2_TCGGATACATCCGTTC,B cell
L2_CTGATCCGTGAGTTGG,Plasma cell
E2L7_TGTTGAGCACAACGCC,B cell
L1_CCACGTTAGGGTGAGG,CD4+ Naive T cell
E2L4_CATGCCTCAACGGCCT,CD4+ Memory T cell
L4_TGAGCATCAGTTGGTT,NK cell
L3_TGCTCGTAGAATTCAG,CD4+ Memory T cell
L4_CAATCGATCGAACCTA,CD4+ Memory T cell
E2L2_ACAACCATCGCCTTGT,Plasmacytoid dendritic cell
L5_CCGAACGAGGACAGCT,CD4+ Memory T cell
E2L2_CAATGACGTACAAGTA,Platelet
E2L4_GTTCATTCACGCAGTC,CD8+ Cytotoxic T cell
E2L3_TGGTACATCTCCCAAC,CD4+ Memory T cell
L3_AAGATAGTCAGACCCG,CD8+ Cytotoxic T cell
E2L4_AGAACCTCAAGGATGC,CD8+ Cytotoxic T cell
L1_ATGGTTGAGTTTGTCG,B cell
E2L4_ACATCCCAGTAACAGT,CD14+ Monocyte
L1_GGAGGATCATTACGGT,FCGR3A+ Monocyte
L4_CAGCAATGTGGATCGA,B cell
E2L1_TCACTATAGCTAGCCC,Conventional dendritic cell
L2_AGGGCCTTCAAGCTTG,NK cell
L4_GCCGATGAGCCTATTG,CD4+ Memory T cell
L2_TCCTCGACACGGTGCT,NK cell
L5_AGCCAATGTTACAGCT,NK cell
L1_GTAAGTCCATCAGTGT,Proliferating T cell
E2L5_AACAACCCACTCTAGA,CD4+ Memory T cell
L3_CGTTAGAGTATAATGG,CD8+ Cytotoxic T cell
L3_GGTAGAGGTAGGGTAC,CD4+ Memory T cell
E2L6_CATTGAGTCGGACGTC,Conventional dendritic cell
E2L8_ATGCATGGTCTGATCA,gamma-delta T cell
L4_TTAATCCAGTAGGATT,B cell
L3_TAGTGCAAGGCAGGTT,NK cell
L1_ATTCAGGTCGACTCCT,MAIT cell
E2L6_GACTCAAAGGTAACTA,CD8+ Cytotoxic T cell
L3_CGTGATACAACATCGT,gamma-delta T cell
L5_ATCGTCCGTCGTAATC,CD8+ Cytotoxic T cell
E2L6_GCTTTCGGTACAAGTA,B cell
E2L6_GTACAGTGTGGACTAG,CD14+ Monocyte
L2_GAAGGACCACGCACCA,Proliferating T cell
E2L3_ATGGATCTCATGCGGC,Plasmacytoid dendritic cell
E2L5_CGCATGGCAGCTACCG,CD4+ Naive T cell
E2L5_TCGATTTTCCAACCGG,MAIT cell
L1_TTGTGGATCGAGAAAT,CD4+ Naive T cell
L3_GCCGATGCATGTGGCC,FCGR3A+ Monocyte
L4_TCTAACTAGACGATAT,CD4+ Naive T cell
E2L2_CACTGTCGTCAAGCGA,CD4+ Memory T cell
E2L3_CGCATGGAGATGGGCT,CD4+ Memory T cell
L5_AGGTGTTAGACCAGAC,B cell
E2L1_TAAGTCGAGCTTTCTT,Plasma cell
E2L3_TCCCACAAGTGAGCCA,Platelet
E2L7_TGGGATTGTTCGGCGT,CD4+ Memory T cell
L5_TCCCATGGTTGGAGAC,MAIT cell
E2L2_AACCACACAGGCGATA,Proliferating T cell
E2L6_ACCTGTCAGTGCGCTC,gamma-delta T cell
L4_TGAATCGCATCTAACG,Plasmacytoid dendritic cell
L4_ACAGGGAAGGCTGTAG,CD14+ Monocyte
L4_TCTCACGCACTGGCGT,CD14+ Monocyte
E2L1_GTACAACCAGTAACCT,CD14+ Monocyte
L5_GCCAGTGTCGGTAGAG,CD8+ Cytotoxic T cell
E2L2_CTGTGAATCCGGTTCT,Proliferating T cell
L4_TTACCGCTCGTAGGGA,Plasmacytoid dendritic cell
L4_ATCGGCGAGCCAAGCA,CD4+ Naive T cell
E2L6_ACTGTCCGTTATGACC,CD4+ Naive T cell
L2_TGAATGCGTCAAAGCG,CD4+ Naive T cell
L3_GGGCCATGTTGTCATG,CD4+ Naive T cell
L5_AACAGGGTCGATTCCC,CD8+ Cytotoxic T cell
L3_ACACCAATCATTGTTC,Proliferating T cell
E2L5_TGGAACTCAGCTCGGT,MAIT cell
E2L1_AGCGCCATCTTCGATT,CD8+ Cytotoxic T cell
E2L2_GCTACCTCAAGTGGAC,CD4+ Naive T cell
E2L7_AAACCCAAGTGGATTA,CD8+ Cytotoxic T cell
E2L1_GGAATGGCACTAGTAC,Plasma cell
E2L2_AACAGGGCAGGCGAAT,NK cell
L2_CATGGTATCAGCTGAT,Proliferating T cell
E2L3_TCATCCGGTAATACCC,B cell
E2L2_AAACGCTGTGATTAGA,CD4+ Naive T cell
E2L8_TGTTACTGTTGTACGT,NK cell
L1_CGTTGGGTCGACCAAT,FCGR3A+ Monocyte
E2L5_CGTGATATCAAGAGTA,B cell
L5_GATAGCTAGCAGCAGT,FCGR3A+ Monocyte
E2L4_ACCTACCTCCGAGGCT,B cell
E2L8_ATCCTATCACGGATCC,B cell
L3_TTCCGTGAGACCACGA,CD4+ Memory T cell
E2L7_GTTGCGGAGAGTCAAT,Platelet
L1_TCCATCGCACACCGCA,CD4+ Naive T cell
L3_TCGGTCTGTATATGGA,CD8+ Cytotoxic T cell
L3_TTTATGCGTGCCCACA,Plasma cell
E2L1_ATGATCGCAACTGAAA,FCGR3A+ Monocyte
L2_TCCAGAATCTGTAACG,CD4+ Naive T cell
E2L8_CCCTAACGTCTTAGTG,B cell
L3_CCTGCATTCCGTGGCA,Plasma cell
L3_AGGTAGGCAGTAGTTC,CD4+ Memory T cell
E2L8_TGGATGTTCCACGTCT,Plasma cell
E2L1_AAGTGAAAGCACCGAA,Plasma cell
E2L3_CACTGAATCCGCGATG,B cell
L2_TAGAGTCCATGCAGCC,B cell
L5_TGTTGGATCGGTCGAC,CD4+ Naive T cell
E2L7_TGGATGTCAGGCCCTA,MAIT cell
E2L7_GCTTCACGTACAACGG,CD4+ Memory T cell
L4_TCAAGCAGTTCCCAAA,Hematopoietic progenitor cell
L4_CAGGTATCACGGTGCT,MAIT cell
E2L5_ATCGGATCACAGCTTA,B cell
E2L8_AAGCGAGCAAATTGGA,MAIT cell
L3_ATCGTGATCTGCGTCT,Hematopoietic progenitor cell
L4_TCTCCGAAGAGCCCAA,CD4+ Naive T cell
E2L3_GGGCGTTCATATAGCC,FCGR3A+ Monocyte
L1_GCTTGGGTCACAGTGT,NK cell
E2L4_AGGTCATTCGGCTTGG,CD8+ Cytotoxic T cell
E2L1_GTTCCGTTCCCGTTCA,CD4+ Naive T cell
E2L3_AATTCCTAGGTCGTGA,CD4+ Naive T cell
L2_TGTGTGAGTGAACCGA,CD4+ Naive T cell
L3_AGAAGCGGTCGTACTA,B cell
E2L4_TGTTACTGTGCCTTTC,Proliferating T cell
L2_CATCCCAAGGTAAACT,MAIT cell
E2L3_GTGCTGGTCATCGCCT,CD4+ Naive T cell
L4_CAATGACAGTTGCCCG,CD4+ Naive T cell
E2L3_TGATGCAAGTAGGCCA,B cell
E2L2_GTGCTTCTCCGTGACG,Conventional dendritic cell
L5_TATCTGTTCACACCCT,CD4+ Naive T cell
E2L3_TGAGTCAAGACTTCCA,NK cell
E2L8_TAAGCACAGAGCATCG,NK cell
L5_AGGAAATGTTTAGAGA,Hematopoietic progenitor cell
E2L1_GTTACCCGTTTCCAAG,Plasmacytoid dendritic cell
L4_CAGCGTGGTTAGGACG,CD4+ Memory T cell
L4_CTAGGTAAGCGCAATG,CD4+ Naive T cell
L4_ATCACAGAGGCATCTT,CD4+ Naive T cell
E2L4_GATCATGCAGTTCTAG,Proliferating T cell
L3_TCTACCGAGTGTTGAA,CD14+ Monocyte
L2_AGGTTACCAGGGATAC,CD4+ Naive T cell
E2L8_ATGGATCCAATAACGA,FCGR3A+ Monocyte
E2L3_CGAGGCTCAGATTAAG,Plasmacytoid dendritic cell
E2L6_ACGTAGTAGGTGATCG,FCGR3A+ Monocyte
L2_TCCTGCAAGCACTTTG,CD4+ Naive T cell
L1_TACTTCAAGAGGTCGT,Plasmacytoid dendritic cell
E2L5_GCAGGCTGTTCTGAGT,gamma-delta T cell
E2L2_ATTCCATGTATCTCTT,B cell
E2L7_CTGAGGCCATAACTCG,CD8+ Cytotoxic T cell
E2L4_CTCATCGCAGAGTTGG,NK cell
E2L5_TACTTCACAAAGAGTT,Plasmacytoid dendritic cell
L1_TAGATCGAGGCGTTGA,CD4+ Naive T cell
E2L6_TAGGTACGTGGTAACG,CD4+ Naive T cell
E2L6_CACGTGGCAGAGGTAC,FCGR3A+ Monocyte
L4_ACAAAGAGTGCACATT,CD4+ T cell
E2L5_ACCACAATCAATGCAC,CD4+ Naive T cell
L4_CATGGTATCAATGCAC,Proliferating T cell
L2_CTAGGTACAAGGTCGA,B cell
L4_GCGATCGTCCGTGTGG,Conventional dendritic cell
L4_GATTTCTTCAGCTAGT,Hematopoietic progenitor cell
L3_TACTGCCGTTCACGAT,FCGR3A+ Monocyte
E2L1_CATCCCATCCGCACGA,Conventional dendritic cell
E2L5_GCCGTGACAGTCAGTT,Proliferating T cell
E2L5_TTTCAGTCAATAACCC,CD4+ Memory T cell
L5_AGGAGGTCATCCTTCG,Conventional dendritic cell
L4_TGGTGATGTCACTAGT,CD4+ Memory T cell
L3_GGGACCTAGTCAACAA,Plasmacytoid dendritic cell
E2L3_ACTGATGTCGTAGTCA,Platelet
E2L7_GTTACCCAGCCTAACT,B cell
E2L2_GGTCTGGGTGCATTAC,CD4+ Naive T cell
L1_ATATCCTCATGCCATA,CD4+ Naive T cell
L2_GGCTTTCCATGGCGCT,CD8+ Cytotoxic T cell
L5_TGTGAGTAGTACAGAT,MAIT cell
L4_GCAGCCATCCTGGCTT,CD4+ Memory T cell
L3_TACAACGCATGCCATA,Plasmacytoid dendritic cell
E2L4_TTCCAATAGGTAAGGA,Proliferating T cell
E2L7_TTGGATGCAATGTCTG,CD4+ Naive T cell
E2L4_AGCCAATCAAACTAAG,CD4+ Naive T cell
E2L8_GTGTGATAGTATGCAA,B cell
L1_AGGACTTGTCCTGTTC,CD4+ T cell
L2_TGGAACTGTTGTCTAG,CD4+ Naive T cell
E2L5_ATCGATGGTTCCTTGC,Conventional dendritic cell
E2L1_GATGTTGTCTCCGTGT,Proliferating T cell
E2L3_AGCCAGCCAGCACAAG,Plasmacytoid dendritic cell
L4_GATAGAAGTACAAACA,CD8+ Cytotoxic T cell
E2L5_TTAGGCATCTTCGTAT,Proliferating T cell
E2L6_ATCACAGTCAATGTCG,Proliferating T cell
E2L2_ACCCAAACATTGTAGC,Conventional dendritic cell
E2L3_CTGTAGAGTTTCGACA,Hematopoietic progenitor cell
E2L2_TCCATCGCAAACTCTG,CD8+ Cytotoxic T cell
L2_GAGGCAAAGTGGTCAG,Conventional dendritic cell
E2L6_GCAGCCATCGTGGGTC,Plasmacytoid dendritic cell
L2_TTAGGGTCACTCTAGA,CD14+ Monocyte
E2L5_CTAGGTACAAGTAGTA,NK cell
E2L2_ACAGCCGAGGACCCAA,MAIT cell
L3_TCCGGGATCCTCTAGC,CD4+ Naive T cell
E2L3_TGTAGACGTACCAGAG,Proliferating T cell
L1_GAGGCAAAGGTCTGGA,CD4+ Naive T cell
E2L4_AACAAAGCATAGGTTC,CD4+ Naive T cell
L1_CAGATTGAGAAACTCA,CD4+ Naive T cell
E2L4_TGACCCTCAGCGACAA,Proliferating T cell
E2L1_GTGTTAGAGTTACGAA,B cell
L1_GGTCTGGTCACTCACC,Proliferating T cell
E2L6_ACGGGTCCATACGCAT,Platelet
L3_TACTTGTAGTCACTCA,CD4+ Naive T cell
E2L8_GTAGGTTTCAGTGGGA,Conventional dendritic cell
L2_TTGTTTGAGTAATCCC,NK cell
L4_TTTGTTGTCGAATGCT,CD4+ Naive T cell
E2L8_TCCTCCCAGAGCCATG,FCGR3A+ Monocyte
E2L1_GCCGATGGTCAGTCTA,Proliferating T cell
E2L6_TGACGCGAGCAGTCTT,gamma-delta T cell
E2L6_TTTAGTCGTCAGTCCG,CD8+ Cytotoxic T cell
E2L1_CCTACGTCAGCGTATT,NK cell
L5_ATTCTTGAGAGAATCT,CD4+ Memory T cell
E2L4_CCACGAGAGACGCAGT,NK cell
E2L6_CCGTGAGAGCTTACGT,Plasmacytoid dendritic cell
E2L2_TGGTACACATAGACTC,CD14+ Monocyte
E2L4_GGTGATTAGGGAGGCA,Conventional dendritic cell
E2L3_GTTACAGCACAGCTGC,CD8+ Cytotoxic T cell
E2L5_TTCCAATAGAGGGTCT,CD14+ Monocyte
E2L1_TCTGTCGTCCTACCAC,CD4+ Naive T cell
L4_GTAACCACATTCGGGC,CD4+ Naive T cell
E2L7_GTACAGTAGAGGTCAC,CD4+ Naive T cell
L1_GTAATCGAGTCAATCC,CD4+ Naive T cell
E2L5_TTTGGTTTCGAACCTA,Plasmacytoid dendritic cell
L2_TTACCGCCATAACTCG,CD4+ T cell
E2L2_TCGTAGAAGATACATG,Plasmacytoid dendritic cell
L5_CACATGATCTGACGCG,CD8+ Cytotoxic T cell
E2L5_CCTCCAAGTTGATGTC,gamma-delta T cell
E2L5_GTGGAAGTCTCGTGAA,CD8+ Cytotoxic T cell
L5_TCCTAATCACCTTCCA,CD4+ Naive T cell
E2L8_TCAATCTCACACCTTC,B cell
L2_TCAGTGAAGTGAACAT,Hematopoietic progenitor cell
E2L6_CGATCGGGTAACATAG,CD4+ Naive T cell
L4_TGGAGAGAGCACGTCC,CD4+ Naive T cell
L3_TGCAGATCAGCCTACG,Conventional dendritic cell
L5_GTGGTTAGTACAGCGA,MAIT cell
E2L4_ACCTGAAAGGACTATA,CD4+ Naive T cell
L1_AAACGAAAGTTGAATG,MAIT cell
L5_CAGAGCCCACGAGGTA,CD14+ Monocyte
E2L5_CATTCATAGATGCGAC,Conventional dendritic cell
E2L6_ACTTCCGGTCTTAGTG,Conventional dendritic cell
L2_TATTGCTGTGTTCGAT,Plasma cell
E2L7_TAGCACACATTACGGT,CD8+ Cytotoxic T cell
L5_GACCCAGTCACTGTTT,CD4+ Naive T cell
L5_CGAATTGGTTTGTGGT,Proliferating T cell
E2L5_CATGCGGGTTTAGTCG,CD8+ Cytotoxic T cell
E2L7_GCATTAGTCGCAGTCG,Plasmacytoid dendritic cell
L1_CTTGATTAGGAAGTAG,CD4+ Naive T cell
L5_CATCCCAGTCATGGCC,Hematopoietic progenitor cell
L5_AAAGGGCGTCACTTCC,MAIT cell
L4_CTACCTGTCATTCACT,CD4+ Naive T cell
L5_CTGTGGGCACTGCACG,Proliferating T cell
E2L8_CATACCCCATCCTAAG,CD4+ Naive T cell
L4_TTTGTTGTCGTCCATC,CD8+ Cytotoxic T cell
L3_TGGAGGAGTTCTCTAT,FCGR3A+ Monocyte
E2L8_ACTTTCATCTCGTGGG,CD4+ Naive T cell
E2L8_TGTGTGAAGACCAGAC,B cell
E2L3_AGTCAACTCGGTCGGT,Conventional dendritic cell
E2L1_AAGACTCTCGCTAGCG,CD8+ Cytotoxic T cell
E2L1_CATGAGTAGCTTTGTG,B cell
L3_TTTACGTTCAAGGAGC,FCGR3A+ Monocyte
E2L3_GGTGAAGAGGACACTG,CD4+ Naive T cell
E2L1_CTTGAGATCCGGCAGT,CD14+ Monocyte
L1_GCCGTGAGTCGAGTGA,CD4+ Naive T cell
L1_GGCTTTCTCCTCACGT,FCGR3A+ Monocyte
L3_GAAACCTAGATGTTGA,Plasmacytoid dendritic cell
L4_AGTCATGCAAGGGCAT,CD4+ Naive T cell
E2L3_TGGTTAGCATTGCTTT,CD8+ Cytotoxic T cell
E2L3_GTTGTCCCAGTGCCTG,CD4+ Memory T cell
E2L8_CAATACGCACGGTGCT,CD8+ Cytotoxic T cell
E2L5_GCATCTCAGGAACGCT,Platelet
E2L6_CTCTGGTAGACGTCGA,CD14+ Monocyte
E2L3_TTGATGGGTATGCGGA,CD4+ Memory T cell
L5_TCGAAGTTCTATCGTT,Conventional dendritic cell
E2L8_TCGCACTTCCGCTGTT,CD8+ Cytotoxic T cell
E2L1_AGGGTTTTCCGCGGAT,CD8+ Cytotoxic T cell
E2L2_GGGTTTACACATGTTG,FCGR3A+ Monocyte
E2L4_GCAGCCAAGACATGCG,Conventional dendritic cell
L4_GCCAGGTGTTTACGTG,CD8+ Cytotoxic T cell
E2L1_ACACTGAAGTCATAGA,CD8+ Cytotoxic T cell
E2L5_TGTAGACGTACAAACA,NK cell
E2L6_AAACCCATCAACTGGT,CD4+ Naive T cell
L1_ATTCATCAGCCTGACC,CD4+ Naive T cell
E2L4_TTACTGTTCTACTGCC,Plasma cell
L3_ACGGTTATCAAGCCCG,Hematopoietic progenitor cell
E2L5_GTCTTTATCCTGGGTG,B cell
L1_CAGGGCTGTCTTCGAA,Proliferating T cell
E2L4_CAACAACGTCCCTGTT,CD8+ Cytotoxic T cell
L5_AATCACGAGAGCCCAA,Plasma cell
L1_AGATCGTGTGTCTTCC,CD4+ Memory T cell
E2L8_AATCGACCAACGGCCT,NK cell
E2L4_ACTGTCCGTCACCACG,CD4+ Memory T cell
L5_CTGAGCGAGGTGCAGT,CD4+ Naive T cell
L4_TATCTTGGTTACACTG,CD4+ Memory T cell
L3_TACAGGTGTAGTTACC,NK cell
E2L7_CGGGTCATCGTACACA,CD4+ Naive T cell
L4_ATTCATCTCCCATACC,Conventional dendritic cell
E2L6_ATTCACTGTTAAACAG,B cell
E2L8_AAGTTCGAGGATTTAG,CD4+ Naive T cell
L1_CGATGGCAGACCAACG,CD8+ Cytotoxic T cell
E2L4_TGAGGTTTCAAGTAAG,CD14+ Monocyte
E2L6_CCTCAACTCGACGTCG,CD8+ Cytotoxic T cell
L4_CTGTCGTCAAGAAACT,CD4+ T cell
L4_CATTCATAGTGATGGC,CD4+ Naive T cell
L1_GATCCCTGTTAAGGAT,CD8+ Cytotoxic T cell
E2L2_CAGCAGCAGTAGGGTC,CD8+ Cytotoxic T cell
L4_CCGGACACACCTCTAC,CD14+ Monocyte
L2_TTGGTTTGTTCAGCGC,Plasma cell
L1_TGTGGCGTCCACACCT,Plasmacytoid dendritic cell
L5_ATCACTTCAGAACCGA,CD4+ Naive T cell
E2L8_AGGGCTCGTGTCATCA,B cell
E2L3_TTCTAGTTCAAGATAG,NK cell
E2L5_CATTGAGGTAGCTTGT,CD4+ Memory T cell
L3_AAAGGGCTCGCTGTTC,FCGR3A+ Monocyte
L1_AAGAACATCAAAGCCT,Hematopoietic progenitor cell
E2L5_CATGCCTGTCGTATGT,Proliferating T cell
E2L3_CTTAGGATCCCTTTGG,Hematopoietic progenitor cell
L3_TCCACGTAGGTCACCC,CD8+ Cytotoxic T cell
E2L5_GCCAGTGTCACCTGTC,Plasmacytoid dendritic cell
E2L1_ATGACCAGTAGTATAG,Plasma cell
E2L1_TAAGCACGTAGTATAG,CD8+ Cytotoxic T cell
E2L6_TTTACCAGTTGAAGTA,Platelet
L2_GGGACTCTCGGCCCAA,FCGR3A+ Monocyte
L1_GGCTGTGCAACTGTGT,CD4+ Memory T cell
E2L2_GGGAGTAAGAGAGAAC,Plasmacytoid dendritic cell
E2L4_AGCCACGCAATGTGGG,CD4+ Memory T cell
L2_CTATAGGCATGCGGTC,CD4+ T cell
E2L1_AGTAGTCCAGTTCTAG,CD8+ Cytotoxic T cell
E2L6_TGTTGGACAGAAATCA,CD8+ Cytotoxic T cell
L3_AGGGCTCCAAAGCAAT,NK cell
L3_TCTGCCATCCACCTGT,CD4+ Naive T cell
E2L3_TGCATCCCACGACAGA,CD4+ Memory T cell
E2L3_TCAGTCCGTGCTGATT,gamma-delta T cell
E2L4_TGTTCATAGCAACAAT,CD4+ Naive T cell
L4_GGGCGTTAGCGGGTTA,CD4+ Naive T cell
L1_TGGTAGTAGGGTTAAT,CD4+ Naive T cell
E2L2_TGCCGAGAGAATACAC,CD4+ Memory T cell
E2L8_TACGTCCCAATCTCGA,B cell
L1_TGGATGTAGACGGAAA,Hematopoietic progenitor cell
E2L4_CTCTCAGGTGACTGAG,Proliferating T cell
E2L8_TTCTAGTTCACGGTCG,CD8+ Cytotoxic T cell
E2L6_GTCACTCCAAGCTACT,CD14+ Monocyte
E2L5_TCATACTGTTCGTTCC,CD4+ Naive T cell
L2_ACTTAGGAGTAAACGT,Conventional dendritic cell
E2L8_CATTGAGTCTCTATGT,CD4+ Naive T cell
E2L3_GGTGTCGGTATCAAGA,CD14+ Monocyte
E2L1_ATCTTCAAGTGGGAAA,Plasmacytoid dendritic cell
E2L8_TGAGGAGCATCTCCCA,NK cell
E2L4_ATGGTTGAGCCTCCAG,B cell
E2L4_TTTCCTCGTGGCAACA,CD4+ Memory T cell
L2_GAAGCGACAGAATCGG,CD8+ Cytotoxic T cell
E2L4_CTGTGGGGTCACTTAG,B cell
E2L4_CATGCGGGTATAATGG,CD14+ Monocyte
E2L6_TGTTCATGTCGTAATC,MAIT cell
E2L4_CATTCCGAGATGGCGT,Proliferating T cell
L1_ATTGTTCGTCTCAGAT,CD14+ Monocyte
E2L5_TGCGGGTGTACACGTT,NK cell
L3_TGACAGTCAGCGTGAA,B cell
L2_GTAAGTCAGCGCAATG,CD4+ Naive T cell
E2L1_AAGACAACACGATAGG,B cell
L4_GTAGGAGAGTGCTCGC,B cell
E2L5_AGGACGATCCATAGGT,Proliferating T cell
L3_CACACAACAGCAGACA,CD8+ Cytotoxic T cell
L1_CGGAGAAAGCAAACAT,CD4+ Naive T cell
E2L1_TGTTCCGGTATCTTCT,CD8+ Cytotoxic T cell
L1_ATCCATTTCTCGGTCT,Plasma cell
E2L6_TTGCTGCAGCACCGAA,B cell
E2L8_ATTCTTGCAAGGCGTA,CD8+ Cytotoxic T cell
E2L7_GAAGCGAGTACGTTCA,CD4+ Naive T cell
L3_CCGTTCAAGCGTTACT,CD4+ Memory T cell
L1_CTGTAGAGTGGCAGAT,CD4+ Naive T cell
L2_AGAGAGCCACGAGGAT,CD14+ Monocyte
L1_CAATGACGTCCTCAGG,CD4+ Memory T cell
L4_TTCCAATTCAGGTGTT,NK cell
E2L3_TCCACGTCACTAGGCC,Conventional dendritic cell
L1_AGAGCCCAGGCCATAG,CD4+ Memory T cell
E2L7_GGGTCACAGTAAGGGA,NK cell
E2L8_CCTGCATAGACTCGAG,CD4+ Naive T cell
L4_CGGGTGTAGGTCGTAG,CD4+ Naive T cell
E2L6_CACTTCGTCGTGTTCC,Conventional dendritic cell
L5_TGTACAGTCTGGCCGA,CD4+ Naive T cell
L5_GACACGCGTCCCTGTT,MAIT cell
L2_GTAGGTTAGCGGACAT,B cell
E2L3_GCCATGGAGAGGTTTA,CD8+ Cytotoxic T cell
E2L8_GATTCGACATTGCAAC,B cell
E2L1_TTAATCCTCTACACAG,FCGR3A+ Monocyte
L4_CCTCATGTCTCGGTCT,CD4+ Memory T cell
E2L7_CTCCTCCGTCGTTTCC,Plasma cell
E2L6_TGTAACGCAGACTCTA,CD4+ Naive T cell
E2L6_CCACTTGGTAACGGTG,CD4+ Memory T cell
L4_TGCAGATAGACCATAA,CD14+ Monocyte
E2L4_CATCGCTCAATAGGGC,CD4+ Memory T cell
E2L5_TGCCGAGAGGTCACCC,B cell
L1_ACCGTTCAGATGCTAA,Proliferating T cell
E2L2_CCGAACGGTTTCACTT,CD4+ Naive T cell
E2L8_CAACAGTCAGGATTCT,Conventional dendritic cell
E2L7_TCTCACGGTCTTACTT,CD4+ Memory T cell
L5_GCACGGTTCATTCACT,CD4+ Naive T cell
E2L8_GTGGAAGCAGTTTCGA,FCGR3A+ Monocyte
E2L3_TCCCACAGTGAGTAGC,MAIT cell
E2L5_ACAGCCGCACCCTCTA,CD4+ Naive T cell
L5_ATCGTGAGTTGGCCGT,B cell
E2L7_GGGTTTACATATAGCC,CD4+ Naive T cell
L1_GAATCGTCATACTGTG,Hematopoietic progenitor cell
E2L1_AGAAATGGTCTAGATC,Plasmacytoid dendritic cell
E2L1_AGCCACGCATCCGTGG,B cell
E2L6_TCCTCCCAGCAGTCTT,CD4+ T cell
E2L8_AACCCAACACCAGCCA,B cell
E2L1_ACTTAGGAGGGTACGT,Proliferating T cell
L5_AAAGTCCTCACGGGCT,CD4+ Memory T cell
E2L1_TCACGGGGTCGAGCTC,FCGR3A+ Monocyte
E2L5_GACGTTACAGCGGTTC,Proliferating T cell
E2L1_GTGAGCCCAAGTCCAT,B cell
E2L8_ACGTAGTCAAAGGCGT,CD8+ Cytotoxic T cell
L5_TTGGATGGTTAAAGTG,CD4+ Naive T cell
E2L3_AGCCAATCACCTCTAC,Proliferating T cell
E2L1_AGGGCTCGTGGGAGAG,B cell
L5_CGAAGTTAGGGAGGCA,CD4+ Naive T cell
L5_GGTGAAGTCGACACCG,NK cell
E2L8_AGTTCCCCAATTTCTC,Plasmacytoid dendritic cell
E2L4_TGAGTCAGTAAGATTG,NK cell
E2L7_GCACGGTTCCGCGGAT,Plasma cell
L4_GACTTCCAGGGTGGGA,Hematopoietic progenitor cell
E2L1_AACAACCTCGCGCTGA,CD8+ Cytotoxic T cell
E2L2_GAAGAATGTAATACCC,CD14+ Monocyte
L5_TCCGTGTCAATGTCTG,B cell
L3_CTACCTGGTACCTTCC,B cell
E2L4_GTAGGAGGTCGTGGAA,B cell
L1_CTGAATGAGTCTAACC,CD4+ Memory T cell
E2L6_CAGATACTCGCCTAGG,Plasmacytoid dendritic cell
L1_TCGCACTAGCAATTCC,CD4+ T cell
E2L6_TCTTCCTCAGACTCTA,B cell
L3_TATCAGGCAAGCTACT,CD4+ Memory T cell
E2L6_CAAGCTACAACGATTC,Platelet
E2L7_ATCACGACATGCCGCA,CD8+ Cytotoxic T cell
L2_TCCCACACACAAAGCG,CD4+ Naive T cell
E2L7_ATGAGTCAGCTTAGTC,B cell
L3_TCATCCGCACAGTCCG,CD4+ Memory T cell
L1_GTCACTCAGGACGCTA,CD4+ Naive T cell
L3_AGCTACAGTCAACGCC,CD4+ Memory T cell
E2L5_TGAGCATCAGATGCGA,NK cell
L5_AACAGGGCACCTTCGT,CD4+ Memory T cell
E2L2_ATATCCTCAACGTAAA,CD8+ Cytotoxic T cell
E2L8_TTACTGTCAGTGTACT,gamma-delta T cell
L4_ACATCCCGTTCATCGA,Plasmacytoid dendritic cell
E2L3_GCCAACGCATCTAGAC,CD8+ Cytotoxic T cell
E2L5_CAGAGCCAGAAGCGAA,Plasma cell
E2L7_AAAGAACAGCATTGTC,CD8+ Cytotoxic T cell
L4_TGGGTTACAGCTGGTC,CD4+ Memory T cell
E2L5_GCTACAAAGGGAGTGG,Platelet
L2_AGCGCTGGTGTCCAAT,CD4+ Memory T cell
L4_GAGTGAGTCCTTGGAA,Hematopoietic progenitor cell
E2L4_TTTATGCGTACAGGTG,CD4+ Naive T cell
L2_TCAGGGCCACGTACTA,CD4+ Naive T cell
L4_TGCTGAATCGACCTAA,CD8+ Cytotoxic T cell
L1_GTAACCAGTGCCGTTG,FCGR3A+ Monocyte
L1_CGGGTGTCATCGAGCC,CD8+ Cytotoxic T cell
E2L5_TACGTCCCAGGTTACT,NK cell
L4_GCACTAAAGGGTTGCA,CD4+ Naive T cell
L2_TCGAACAGTATCGTGT,CD4+ Naive T cell
E2L3_CTGTCGTAGCTTGTTG,NK cell
L3_GTAGGAGAGTGTTCCA,MAIT cell
L1_TGCGACGTCCATCTAT,CD4+ T cell
E2L5_TGTGATGAGCATGAAT,CD8+ Cytotoxic T cell
E2L2_ATGTCCCGTGGCATCC,CD4+ Naive T cell
E2L3_ATTACCTTCAAAGAAC,CD8+ Cytotoxic T cell
L5_CCACTTGGTGAGATTA,CD4+ Naive T cell
E2L8_AATTCCTAGTGCCGAA,CD4+ Naive T cell
E2L2_TCGGGTGGTGACAGGT,B cell
E2L2_ATATCCTAGCAATTCC,CD8+ Cytotoxic T cell
L3_GAGGCCTAGCCGATAG,FCGR3A+ Monocyte
E2L2_TAATTCCAGAAATGGG,B cell
E2L1_TTTCCTCAGTATGAAC,CD14+ Monocyte
L3_AACCAACGTAGGACCA,Hematopoietic progenitor cell
E2L2_GTCACGGGTCGGTACC,NK cell
E2L3_ATTCCCGCAGGTTCCG,B cell
L1_CTCAGTCCATCCGAAT,NK cell
E2L8_CCAATTTAGGATACGC,B cell
L2_GGTGTTATCCCGTTGT,Proliferating T cell
L3_GGGAGTAAGGTAGGCT,Conventional dendritic cell
E2L7_AGGAGGTCAATCCTAG,CD4+ Naive T cell
E2L5_TCACTATTCACCTCGT,B cell
L2_GATTCGAAGATACAGT,FCGR3A+ Monocyte
L3_CACGTGGCAGTCGCTG,Conventional dendritic cell
E2L6_GCTCAAAAGCATGCGA,CD8+ Cytotoxic T cell
L4_CTTCTCTAGCACGATG,CD4+ Naive T cell
E2L8_GCCATTCCAGAGCTAG,NK cell
E2L3_GTGCTTCGTCAAGTTC,NK cell
E2L1_AGGGCCTTCCGTTTCG,CD4+ Memory T cell
E2L2_GCAGTTAGTAGTGCGA,Plasmacytoid dendritic cell
L2_GACTCTCTCATCGTAG,CD8+ Cytotoxic T cell
E2L2_TTCTGTAAGCCTCAAT,CD4+ Memory T cell
E2L4_TCCACGTCACCAAATC,CD4+ Memory T cell
E2L7_AATGAAGCAGATCCTA,B cell
L4_CCTTGTGCAGATAAAC,CD4+ Naive T cell
L4_TATCAGGAGATCACCT,B cell
E2L6_TGCGGCACATGCAGGA,Plasma cell
E2L1_GGGATGACAGTTACCA,CD8+ Cytotoxic T cell
E2L4_AGAACCTCACACACGC,CD8+ Cytotoxic T cell
L2_GGATCTAGTGTATACC,NK cell
E2L2_CAATCGAGTTGGGTAG,Plasmacytoid dendritic cell
E2L4_TGTTGGACACTATCGA,CD8+ Cytotoxic T cell
L2_TACGCTCAGGACACTG,CD4+ T cell
E2L2_TTGCCTGTCCACCTGT,CD8+ Cytotoxic T cell
L1_TACTTGTCAGACCTAT,CD4+ Naive T cell
L1_GGAAGTGTCCGCGATG,gamma-delta T cell
L5_GGGTCACAGCGACTGA,CD8+ Cytotoxic T cell
E2L7_GTGCGTGTCTCCAAGA,Conventional dendritic cell
L3_TTGAGTGCACACACGC,CD4+ Naive T cell
E2L5_CTTCAATCACCTCTAC,CD4+ Naive T cell
L1_CGGGCATAGACTCAAA,NK cell
E2L5_AAGGAATCACATATGC,CD14+ Monocyte
L4_ATGACCACAACGAGGT,CD4+ Naive T cell
L1_AGTGATCAGCTGAAAT,MAIT cell
E2L5_AATTCCTTCGCTAATG,MAIT cell
E2L1_GATTTCTAGTTCCGGC,Proliferating T cell
E2L6_CATGGATCAACTTGCA,CD4+ Naive T cell
L4_AAGCATCTCGTTCAGA,CD4+ Memory T cell
E2L5_CATACCCTCCGTCACT,NK cell
L4_CACTGGGGTTTCGGCG,CD8+ Cytotoxic T cell
L3_GGTTCTCCAAGCTACT,Conventional dendritic cell
L4_CCAAGCGTCCCGAGAC,CD4+ Memory T cell
E2L2_GCAGGCTGTGTACAGG,CD4+ Naive T cell
E2L5_CACCAAAAGATTCGAA,NK cell
E2L2_TCCGATCGTTTGTGGT,Platelet
E2L4_TCGACGGTCGCCAATA,Plasmacytoid dendritic cell
E2L7_GATTGGTCAATACCTG,CD4+ Memory T cell
L1_ACACTGATCTGCATGA,CD4+ Naive T cell
L1_GTGTGATTCTAAGGAA,Hematopoietic progenitor cell
E2L4_CTCCTTTTCACGTCCT,Conventional dendritic cell
E2L3_AAAGTGATCTCGGTCT,CD14+ Monocyte
L1_TGTAGACCATTGAAAG,CD4+ Memory T cell
L5_TGTGATGAGTCACAGG,B cell
E2L1_TGGGTTACACAAGGTG,CD4+ Memory T cell
E2L4_GTGGTTAAGAGAGTTT,CD8+ Cytotoxic T cell
E2L4_CATGCAATCACTCACC,CD4+ T cell
L5_CGCCAGACAGATTTCG,CD8+ Cytotoxic T cell
E2L2_TCTTGCGGTGACATCT,CD14+ Monocyte
E2L6_AGGTTGTTCGCCTAGG,CD8+ Cytotoxic T cell
L2_AACAAAGTCGCCAATA,CD4+ Naive T cell
E2L6_ATCGATGCACGTGAGA,CD8+ Cytotoxic T cell
L4_TCTAACTGTGATTCTG,CD8+ Cytotoxic T cell
L1_GGGACAATCGTGAGAG,MAIT cell
E2L4_TGTCCCATCGAATCCA,CD4+ Naive T cell
E2L7_ATCGCCTGTTAAGTCC,NK cell
L4_GAGATGGGTCTTAGTG,CD4+ Naive T cell
L1_GATAGAATCGTAATGC,CD4+ Naive T cell
E2L3_GTAGAAAGTCGTCAGC,NK cell
E2L4_CACGGGTGTACTAGCT,CD4+ Memory T cell
E2L1_CACATGAGTGCTTATG,Proliferating T cell
E2L2_TTGCGTCTCCGGTAAT,CD4+ Memory T cell
E2L4_AATAGAGTCTGGTTGA,Proliferating T cell
E2L7_GTTACAGCATGCCGAC,Proliferating T cell
L5_GTCTGTCAGGCGTTAG,Plasma cell
E2L1_GAGACTTAGCCATCCG,FCGR3A+ Monocyte
E2L6_GAGACCCTCGGCTTGG,Conventional dendritic cell
L1_GTGATGTAGGTCATTC,Hematopoietic progenitor cell
E2L1_TACACCCAGCAGCGAT,MAIT cell
E2L7_AACACACCATGAGGGT,MAIT cell
E2L8_GTAGTACCACTGTTCC,FCGR3A+ Monocyte
L2_CCGAACGGTACCTAAC,CD4+ Naive T cell
L4_AGGCTGCGTAGGATAT,Conventional dendritic cell
L4_TCGGATATCCCATAAG,CD4+ T cell
L1_TTCTCTCGTGAGCAGT,CD4+ Naive T cell
E2L1_CATGGTAGTTTCGTGA,CD8+ Cytotoxic T cell
E2L6_TACGGTAAGAAATTGC,B cell
E2L2_TGTTACTGTCCACGCA,CD8+ Cytotoxic T cell
E2L8_CAAGCTAGTTATGACC,Platelet
E2L8_TTGAACGAGTTGGCGA,Conventional dendritic cell
L5_GTCTACCTCCAGTTCC,Conventional dendritic cell
L5_CCTGTTGGTACGGGAT,Plasmacytoid dendritic cell
E2L5_CATGGTACATTCAGCA,CD8+ Cytotoxic T cell
L1_TTCACCGCATTCATCT,CD4+ Naive T cell
E2L7_AATGCCATCGACGTCG,Plasmacytoid dendritic cell
E2L4_ACTATTCCACTATCCC,CD4+ Memory T cell
E2L3_GTAGCTAGTAAGATAC,MAIT cell
E2L5_ATTCTTGTCAATCGGT,NK cell
L4_CGCGTGAAGGGAGGAC,Plasmacytoid dendritic cell
E2L6_GTTGAACCAGTTTCAG,B cell
L3_CAGATTGTCGCAACAT,CD8+ Cytotoxic T cell
E2L6_AAAGTGATCCAGGACC,Plasma cell
L2_TTGAACGGTGAGAACC,FCGR3A+ Monocyte
L3_AGACTCAGTGTCTCCT,Hematopoietic progenitor cell
E2L8_TGTGGCGAGGTCTGGA,CD8+ Cytotoxic T cell
E2L5_CCGATGGTCGCCGAGT,CD14+ Monocyte
L4_GAGGGTATCCAATCCC,CD4+ Naive T cell
L5_GAGTGAGTCAACCTTT,CD4+ Naive T cell
L3_CTATCTATCAGGACGA,MAIT cell
E2L3_CTTACCGAGGAAGTAG,FCGR3A+ Monocyte
L2_AACAAAGGTCACTAGT,CD4+ Memory T cell
E2L1_GGGCTACCAAGCTGTT,B cell
L2_TCAGGTACAAGAAACT,CD4+ Naive T cell
L5_TCCTGCAAGTATCTGC,NK cell
L3_AAAGGGCGTATTCCTT,FCGR3A+ Monocyte
L1_ACTGCAAAGCGCAATG,Hematopoietic progenitor cell
L1_TGTGGCGCATGGCACC,CD4+ Memory T cell
L2_ATCGTAGCACTTGTCC,CD8+ Cytotoxic T cell
E2L7_GCTTTCGCAGGCACTC,B cell
E2L5_TTTCATGCACCTCGTT,CD4+ Memory T cell
L1_TTGGGCGAGACTCCGC,CD8+ Cytotoxic T cell
E2L5_CGATGCGTCGAACGGA,B cell
E2L3_TCCTAATTCATGCTAG,B cell
L3_CATGAGTCAAGAGGTC,MAIT cell
E2L1_GTCTGTCTCGATGCTA,B cell
E2L3_GAGGCAAAGAAAGTCT,Proliferating T cell
E2L5_GGGACAAAGAATGTTG,CD14+ Monocyte
E2L5_CTACAGACAGCAAGAC,Plasma cell
E2L1_CTACGGGAGTGCCGAA,NK cell
E2L4_TTGCTGCAGACGGATC,CD4+ Naive T cell
L1_CGGGACTGTAACGTTC,CD4+ Memory T cell
L3_CAGTTAGTCTCCCTAG,CD4+ Naive T cell
L2_ATCGGATCACTAGGCC,NK cell
E2L5_TCAGTTTTCCATAAGC,Conventional dendritic cell
E2L5_AAGATAGTCCCGATCT,CD8+ Cytotoxic T cell
E2L1_GATCATGTCCTATTTG,Conventional dendritic cell
L1_TCAGGTACACTGCTTC,CD4+ Memory T cell
L3_TCCGAAACACCGTGGT,CD14+ Monocyte
L3_TCCCAGTAGGACGGAG,Hematopoietic progenitor cell
L5_AAGCGAGGTTTCGGCG,MAIT cell
E2L3_CACTGAAAGTAACGTA,Proliferating T cell
L4_GCCTGTTTCCGATCTC,gamma-delta T cell
E2L2_TCCTGCATCGCTTACC,CD4+ Naive T cell
L1_AGGTAGGCATCCTAAG,Hematopoietic progenitor cell
L5_GAGGGATGTACCCGCA,CD4+ Memory T cell
E2L5_GCTGAATAGAGTCAGC,Conventional dendritic cell
L3_TTTCCTCCACGAGGTA,NK cell
E2L1_GAGGGTACACTGTTCC,B cell
L3_TGATCTTTCGGCCCAA,CD4+ Naive T cell
L2_CTAACTTTCACCATCC,CD4+ Memory T cell
E2L6_CCTTCAGGTAGCCAGA,Plasmacytoid dendritic cell
E2L7_TAGGAGGTCCAGTGCG,CD4+ Naive T cell
L3_GATCCCTGTTAGGACG,Plasma cell
L5_GATAGAATCACTGATG,CD4+ Memory T cell
E2L1_AACCTGACAAGGTCGA,CD8+ Cytotoxic T cell
E2L1_GATTGGTAGATTACCC,CD4+ Memory T cell
L4_CCACGTTGTTGGACTT,CD4+ Naive T cell
L3_ATCGTCCTCTCACGAA,Hematopoietic progenitor cell
L1_CAATACGCAAGACCTT,CD4+ Naive T cell
E2L8_TCTCAGCGTGTCCACG,MAIT cell
L2_TACGGTACACCTGCTT,NK cell
E2L4_CCACGAGTCGACGACC,Proliferating T cell
L1_AAATGGAGTAAGGTCG,MAIT cell
E2L6_GGGATCCAGGTATAGT,Platelet
E2L7_GTGCTTCTCCGGACGT,B cell
E2L2_TCATCCGCATCATTGG,CD8+ Cytotoxic T cell
L4_AGTTCCCCATCCAATG,CD8+ Cytotoxic T cell
L5_GGAGGTACAGATTCGT,Hematopoietic progenitor cell
E2L1_GAATCGTTCGAGGCAA,CD8+ Cytotoxic T cell
L4_CAACCTCAGTCTAACC,Plasma cell
E2L3_ATCACTTTCAAAGCCT,Plasma cell
E2L3_TCGGGCAGTTCCTTGC,Proliferating T cell
L4_TGCAGTATCACTCACC,FCGR3A+ Monocyte
L4_TGGTACAGTGCATGTT,CD4+ Naive T cell
L5_CTGATCCCAGCACGAA,CD4+ Naive T cell
E2L6_GGCAGTCCAACCCTAA,CD4+ Memory T cell
E2L6_CGCGTGACAGTTGTCA,CD4+ Memory T cell
E2L7_GTGTGGCAGGAGACCT,FCGR3A+ Monocyte
L3_CCACTTGCAACCCTCT,Conventional dendritic cell
L1_TGACGCGCAGTAGTTC,CD8+ Cytotoxic T cell
L4_TCCACCATCGTAACTG,Conventional dendritic cell
E2L7_CAGATACGTGTGCCTG,B cell
L5_GCAGCTGCAGCGGTCT,CD4+ Naive T cell
L5_TCTTGCGAGACTTCGT,CD4+ T cell
E2L6_GACACGCAGATGACCG,B cell
E2L3_TGATGGTGTGAACTAA,CD14+ Monocyte
L4_TGCGGCAAGACCATTC,Plasma cell
E2L7_AGATCGTGTCCTTAAG,CD8+ Cytotoxic T cell
E2L6_CGATGCGGTACTTCCC,CD4+ Naive T cell
E2L4_ACGGAAGGTATTGGCT,B cell
E2L1_CTACATTCAAGATTGA,CD4+ Naive T cell
L5_CAAAGAACACCCTATC,Proliferating T cell
L1_GAAATGAAGGCCATAG,CD8+ Cytotoxic T cell
L4_GTGTGGCTCGCTTGCT,CD4+ Naive T cell
L5_ATTGGGTGTGGCTACC,CD4+ Memory T cell
E2L5_ACCCTTGCAAGAGAGA,MAIT cell
E2L4_CTACCTGCATGCAGCC,Platelet
L5_CTAGACAAGGGTATAT,CD4+ Memory T cell
E2L8_AGAAGTAAGGCTAACG,B cell
E2L3_AGAAATGGTCCCGGTA,Plasmacytoid dendritic cell
E2L6_ACAAAGACAAGTGATA,CD4+ Naive T cell
E2L5_TCTAACTAGTGCACTT,Proliferating T cell
E2L4_AAGCATCGTGAGAACC,Plasmacytoid dendritic cell
E2L3_CGCATAACATAAGCAA,CD14+ Monocyte
L3_CCACCATGTCTTCCGT,Proliferating T cell
E2L2_AGATAGAAGTAGCATA,Conventional dendritic cell
L4_AGGTTACAGTCGTCTA,CD4+ Memory T cell
E2L7_TACAGGTTCACCATGA,CD4+ Memory T cell
L2_TTTAGTCGTTACAGCT,MAIT cell
E2L4_GGGAGATTCCATCACC,B cell
E2L6_GAGGGATGTCTGCGCA,CD4+ Naive T cell
E2L3_ATGAGGGCAAACCGGA,CD4+ Naive T cell
E2L4_TCCAGAATCGTTTACT,Platelet
E2L4_GTTTACTTCTCTGAGA,CD4+ Naive T cell
L2_AGTGATCCACGATAGG,CD8+ Cytotoxic T cell
E2L4_CCGATCTAGAGTCTTC,MAIT cell
L2_TGAATCGCAGCGTGCT,CD4+ Naive T cell
L1_CACCGTTAGTATTAGG,Proliferating T cell
E2L5_TCAGCCTTCAAGCCTA,Plasmacytoid dendritic cell
L2_GTACAACGTTATGTCG,CD4+ Naive T cell
L1_TCGGGCAAGCACCGAA,CD4+ Naive T cell
E2L2_TAGTGCAGTAGCTGAG,B cell
E2L3_GTGCTGGCAGGACTAG,Plasmacytoid dendritic cell
L4_TATATCCAGTAGATCA,CD4+ T cell
E2L4_TTGAGTGAGACATAGT,Proliferating T cell
L4_TCGCACTAGAGGTCAC,CD4+ Naive T cell
E2L1_GTGTTCCAGCCTCCAG,B cell
L5_TCTAACTTCCGCACGA,CD4+ Naive T cell
L5_ACGATGTAGAATAACC,CD4+ Naive T cell
E2L3_GGAGCAAAGAGACAAG,Conventional dendritic cell
E2L5_CAGGCCACATAACGGG,Plasmacytoid dendritic cell
E2L6_TAGACCATCAGTCATG,NK cell
E2L4_ATTCGTTAGGTGCATG,Proliferating T cell
E2L8_CTATCTACATGGGATG,CD4+ Naive T cell
E2L7_ATGGGAGTCACATCAG,CD14+ Monocyte
E2L2_TAAGCACAGCTTCTAG,Plasma cell
E2L2_CTGCCATGTTGCATGT,CD4+ T cell
E2L4_TCACTCGCAGAGGTTG,CD4+ Memory T cell
L4_TGCTCCACAAATCGTC,MAIT cell
E2L2_GCATCTCCAGAGAAAG,CD4+ Naive T cell
L4_GTTCTATCAAGGATGC,CD4+ Naive T cell
E2L4_CCTACGTAGCAAGGAA,Plasmacytoid dendritic cell
L5_CGGGCATAGCCTGGAA,NK cell
E2L2_TTCACGCAGGCTCACC,FCGR3A+ Monocyte
L5_CTGGCAGTCCGCACTT,CD4+ Naive T cell
L1_AAATGGAGTTCAGCGC,CD4+ Naive T cell
E2L4_CACTGGGGTTGTGCAT,B cell
L3_AGTTCCCTCGATGGAG,CD4+ Naive T cell
E2L2_GGGTGAAGTCCACTTC,NK cell
L5_AGGTCTAGTGAGAACC,CD14+ Monocyte
L1_AGATCGTGTTATGGTC,B cell
L2_CATGGATCAGGTCCCA,CD4+ Naive T cell
E2L4_GTTTACTGTCGATTCA,B cell
L2_AATTTCCGTGTCACAT,CD8+ Cytotoxic T cell
L2_GTCCTCAGTATAATGG,MAIT cell
E2L1_TGGAACTGTCGGTACC,Plasma cell
L2_TCCAGAATCCGATGTA,CD4+ Memory T cell
E2L8_GTGGCGTTCCGCAACG,Proliferating T cell
E2L6_TATGTTCAGTAAGGGA,NK cell
E2L6_GTTATGGGTGAGTAAT,CD4+ Memory T cell
L4_TATCAGGCATGTGTCA,Hematopoietic progenitor cell
L1_AATTCCTCACGGTGAA,CD4+ Memory T cell
E2L2_TACCCGTTCTTTGATC,NK cell
L1_CCAATGAAGCAAATCA,CD4+ Naive T cell
E2L1_GTTCGCTCATCTGGGC,Plasmacytoid dendritic cell
L1_AGGCCACAGGTAGGCT,Hematopoietic progenitor cell
L4_GTACAGTAGAACGCGT,B cell
E2L7_AGTACTGAGGCCTTGC,NK cell
L5_TATTGCTCACTAGAGG,CD14+ Monocyte
E2L6_GCTTGGGCAAGTGCAG,Plasmacytoid dendritic cell
L1_GTCTAGATCCGAGGCT,Plasmacytoid dendritic cell
L4_GCGGAAATCTATACTC,Plasmacytoid dendritic cell
L4_GATCAGTTCACCGGGT,CD14+ Monocyte
L4_AGGTAGGCACGGGCTT,CD4+ Naive T cell
L1_GACAGCCGTGCCGGTT,CD8+ Cytotoxic T cell
E2L8_AACAAAGGTTCGCGTG,CD8+ Cytotoxic T cell
E2L2_ATTACCTAGCACTGGA,NK cell
E2L3_ACGTTCCAGTCAACAA,CD14+ Monocyte
E2L4_TAACCAGAGGAACGCT,CD8+ Cytotoxic T cell
E2L1_GACTGATTCACCGACG,B cell
E2L8_AGTGTTGCAGCTCATA,NK cell
E2L6_GGAAGTGCACGCGTGT,Conventional dendritic cell
L2_TACAACGCAAGCGGAT,CD4+ T cell
L1_CGTGTCTCATTGACCA,CD4+ Memory T cell
E2L1_GTTGTGATCTTCTCAA,CD8+ Cytotoxic T cell
L4_GGTAATCTCGAACCTA,CD14+ Monocyte
E2L8_TTCGGTCAGCATGCAG,CD4+ Memory T cell
E2L4_TACCCGTAGGTTGCCC,CD4+ Naive T cell
E2L5_ATTCAGGGTCGCGTTG,FCGR3A+ Monocyte
L1_TGTAACGTCTTACGTT,CD8+ Cytotoxic T cell
E2L2_CCTCTAGGTGACTGAG,B cell
L1_GATTGGTCATCACCAA,Conventional dendritic cell
L4_TACCTGCGTTCCACAA,CD4+ Naive T cell
E2L7_CTCAATTGTCGAGCTC,CD4+ Memory T cell
E2L2_TCTGCCAGTCTAGTGT,CD14+ Monocyte
L3_GGGTAGACAAGTGATA,CD4+ Naive T cell
L3_TGCTCCAAGATGATTG,CD8+ Cytotoxic T cell
L1_CTCCAACGTGTGTGGA,CD4+ Naive T cell
E2L6_TTCTAACCAATTCGTG,CD4+ Naive T cell
L2_CTACTATCAAGTACCT,NK cell
E2L5_GGCTTGGCATATTCGG,Plasma cell
E2L2_GTAATGCCAGCCGGTT,CD8+ Cytotoxic T cell
E2L8_GTTGAACAGGGCTAAC,CD8+ Cytotoxic T cell
L2_TAAGTCGTCTCCTACG,CD4+ Naive T cell
E2L7_CATGAGTTCTGGTCAA,Platelet
L5_TAACACGAGCTCGCAC,B cell
E2L4_GTTGTAGAGGGCTGAT,CD4+ Memory T cell
L4_GCACGGTAGGTGGTTG,CD4+ Naive T cell
E2L8_CGTGTCTCAAGGCCTC,Platelet
E2L2_GAGTCATAGTAGTCAA,Platelet
E2L3_TGTTCTACAGGACGAT,B cell
L2_CAGCACGCAAGACCGA,MAIT cell
E2L7_GTAGTACTCTCTTGCG,MAIT cell
E2L5_ACTTTGTGTTCTATCT,Plasmacytoid dendritic cell
E2L3_CACCAAAAGAAGCCTG,Conventional dendritic cell
E2L5_CATCGTCCATAATGAG,B cell
E2L6_ATCCGTCCATCCGTTC,Conventional dendritic cell
L4_TAGATCGCACGCTATA,Hematopoietic progenitor cell
L4_ATCATTCTCTATTTCG,CD4+ Naive T cell
L2_GGGCGTTCAGGACATG,Platelet
L5_GATCCCTGTATGAGGC,CD4+ Memory T cell
L4_TATCTGTTCAGCGCAC,Proliferating T cell
E2L1_CCGGACAGTTGACTGT,NK cell
L2_CTCTCGAAGCAGGGAG,Proliferating T cell
E2L4_GTTGTCCAGTCATCCA,B cell
L2_GGTTAACGTCTTGTCC,Hematopoietic progenitor cell
E2L4_TCACATTCAACAACAA,Conventional dendritic cell
L5_GAAATGAGTAAGGCTG,Plasma cell
L5_CTCCCAAAGCAGATAT,CD4+ T cell
E2L6_AATGGAACAGCTTTGA,CD8+ Cytotoxic T cell
L3_TCCGGGAGTACCTAGT,Hematopoietic progenitor cell
L5_GTCCTCACAAGATCCT,CD4+ Naive T cell
E2L2_TGTCCTGGTCTAACTG,B cell
L1_ATCACTTGTCAACGCC,B cell
L2_CACCGTTTCGAAGTGG,Hematopoietic progenitor cell
E2L3_TATCAGGGTTGGTACT,CD4+ Naive T cell
L1_CGATCGGGTACTCGCG,CD4+ Naive T cell
L2_AAGACAATCGAGAGCA,B cell
L4_CAACGGCCAATAGTAG,CD4+ Naive T cell
L2_GGTCACGGTTAAGGAT,CD4+ Memory T cell
E2L5_CCACACTTCACCGGTG,CD4+ Naive T cell
E2L6_CCTTGTGAGCTCGGCT,CD4+ Memory T cell
E2L5_TCTATCAAGCTTTGTG,CD4+ Memory T cell
E2L3_GTCTAGAGTAGCTGTT,Proliferating T cell
E2L2_GCCATTCCAGAAATCA,Proliferating T cell
L2_CGCGTGACACGAAGAC,CD4+ Naive T cell
E2L8_GGGATGAGTGGCAGAT,CD8+ Cytotoxic T cell
L1_TCCCATGAGGAATGTT,Conventional dendritic cell
E2L8_GACTGATCAATGGGTG,Platelet
E2L7_TCAAGCAGTTCATCGA,Plasma cell
L4_TCTGCCATCGAGTACT,CD4+ Naive T cell
L1_CGGCAGTGTGCCAAGA,CD4+ T cell
E2L4_AGTAGCTTCGTCAAAC,Proliferating T cell
E2L8_CGCATGGGTAGCCCTG,CD14+ Monocyte
E2L5_TGAGCGCTCACTCCGT,Plasmacytoid dendritic cell
E2L5_ATGAGGGCAGGAAGTC,CD4+ Memory T cell
L3_TTTGGTTGTCTAGTGT,NK cell
L1_AGACAGGTCTTCCCGA,Hematopoietic progenitor cell
E2L6_GTTATGGCAAATACAG,CD8+ Cytotoxic T cell
E2L2_TTTCGATCAGCAGTGA,Plasma cell
L1_GAAGGACGTCAGACGA,CD4+ Naive T cell
L5_GAAGCGAGTCATACCA,MAIT cell
E2L3_GGCAGTCCAGATGCGA,CD4+ Memory T cell
L2_GCTGGGTGTGTTCAGT,Plasma cell
L5_ATGAGTCGTACGACTT,CD4+ T cell
E2L5_AAAGTGAGTAACCCTA,Plasmacytoid dendritic cell
L1_AAACGCTGTGCTCGTG,CD4+ T cell
L3_TCTCAGCGTAGGCTCC,CD8+ Cytotoxic T cell
E2L8_AGTCAACCAGGAATAT,Proliferating T cell
E2L1_CACTGTCTCTCGGGAC,CD4+ Naive T cell
L1_GAGCTGCGTTACAGCT,MAIT cell
E2L2_CATAGACCATGCTGCG,Platelet
L4_TAAGCGTTCTTCGTAT,CD4+ Naive T cell
E2L5_CAACCAAAGGGATGTC,NK cell
E2L7_CGGAATTTCGTTCTCG,CD8+ Cytotoxic T cell
L2_CACTAAGTCTATGTGG,Hematopoietic progenitor cell
E2L5_CATTTCAGTTCGTTCC,Plasma cell
E2L6_TAGGGTTAGCTAAACA,Conventional dendritic cell
L3_ACTGCAAGTAGCTGCC,CD4+ T cell
L2_TTCTTCCAGGTTACCT,B cell
L2_GTCTAGAGTTCGTTCC,CD4+ Naive T cell
L5_TCATCCGCACTAGGCC,B cell
E2L2_TAAGTCGAGTAGGGTC,Plasmacytoid dendritic cell
E2L1_TTCCACGCAGTAGAGC,Plasmacytoid dendritic cell
L1_CCGATGGCAACTTGCA,CD4+ Naive T cell
E2L2_GTCGTAACAAGGCGTA,CD4+ Naive T cell
L2_TGCGGCACAACCACAT,NK cell
E2L8_CCCGGAATCGGCTGTG,Platelet
L4_AACTTCTGTAGGACTG,CD8+ Cytotoxic T cell
E2L3_CCGGGTATCCGGCAGT,B cell
E2L4_CTAACCCTCTTACGGA,CD4+ Memory T cell
L1_TTGGTTTCAGTCACGC,CD4+ Memory T cell
E2L4_TTCCTAACAGTCGTTA,FCGR3A+ Monocyte
L1_TCAGCAAAGCTCCCTT,Hematopoietic progenitor cell
L3_CAATTTCGTGAGCTCC,Hematopoietic progenitor cell
E2L2_TTCATTGAGTAGAATC,Plasmacytoid dendritic cell
E2L3_GTTATGGTCTTTCAGT,CD8+ Cytotoxic T cell
E2L8_TGCTTCGGTGCATCTA,B cell
L4_TTTCCTCTCCGTGTGG,CD4+ Naive T cell
L1_TCAGTTTAGTCTAGAA,CD8+ Cytotoxic T cell
E2L7_GTGAGCCAGGCAGGGA,CD4+ Memory T cell
E2L1_GGGTCACGTAATCAAG,Platelet
L2_TCGGGTGCAGCACACC,MAIT cell
L4_GTGCTGGAGAATCGAT,CD4+ Naive T cell
E2L6_CAACCTCCACTGCGTG,Plasmacytoid dendritic cell
L2_GAGACTTAGTTGGAGC,Plasma cell
E2L3_TCTACATTCCTTTGAT,CD8+ Cytotoxic T cell
L1_GAGTTTGAGACGAAGA,CD4+ Memory T cell
E2L3_CCTGCATCAAGAAACT,CD4+ Memory T cell
L4_AACAAGAAGACTAAGT,CD8+ Cytotoxic T cell
L5_GGGCTCAGTTACGGAG,Proliferating T cell
L4_TCTTCCTTCTGGTGCG,MAIT cell
L5_AAACGCTGTCGTCATA,Conventional dendritic cell
E2L4_GTCGAATGTGGTCTCG,Plasmacytoid dendritic cell
L1_ACCTGTCGTATGAGCG,Platelet
L4_GTCCACTTCAATCTTC,CD4+ Naive T cell
L5_CAGGTATGTGAATTAG,CD8+ Cytotoxic T cell
L3_GCATGATTCGGTCTGG,MAIT cell
L2_CCTAAGATCTAACACG,Conventional dendritic cell
E2L5_TTTAGTCGTTAACCTG,CD4+ Memory T cell
L2_CATCCACCAATCCAGT,CD4+ Naive T cell
E2L5_GTCACTCTCCCAATAG,B cell
E2L6_AACACACTCCACTGAA,CD14+ Monocyte
L1_CGGGTGTGTAGTGTGG,CD4+ Naive T cell
L3_AGCTACAGTGGTTCTA,FCGR3A+ Monocyte
E2L4_GTTACCCGTATTCCGA,NK cell
E2L3_AACCATGCAACTGCTA,CD8+ Cytotoxic T cell
L5_TCTCAGCCACAGCCTG,Plasma cell
L5_TTTCACATCCTTATCA,CD4+ Naive T cell
E2L4_AAGATAGAGAGGTATT,CD14+ Monocyte
L2_TTTCATGTCCAACTAG,Proliferating T cell
L4_CTCCCTCTCGATTGAC,Plasmacytoid dendritic cell
E2L1_TCGGGCATCCTCTAGC,gamma-delta T cell
L1_AACAAAGAGGGAGAAT,Conventional dendritic cell
L1_CCCTGATGTGTCCGTG,CD4+ Memory T cell
L3_TGGGAGATCAAACCTG,CD14+ Monocyte
E2L8_AGGCCACCATTGACAC,CD8+ Cytotoxic T cell
E2L2_TCTGGCTTCGCAGTCG,B cell
E2L7_CCTATCGGTGAGAACC,B cell
E2L1_CGTTCTGGTCAAGTTC,CD8+ Cytotoxic T cell
L4_ACCCTCATCACTGTTT,Plasma cell
E2L5_TAGACTGTCTGCGGGT,CD8+ Cytotoxic T cell
L3_CGAGGCTCAGTGTATC,MAIT cell
E2L3_CACGGGTCACGGTAGA,CD4+ Naive T cell
E2L3_GTTGCTCTCCGTTGAA,CD4+ Memory T cell
L1_AATGCCAGTCTGCAAT,CD4+ T cell
E2L7_CTTCAATAGAAGTATC,CD8+ Cytotoxic T cell
L5_AGAGAATTCGAACCTA,NK cell
L5_CCCTTAGTCGCCAGTG,Plasma cell
L3_AGGACGAGTATCACCA,MAIT cell
L3_TTCCGGTTCTCATGCC,CD8+ Cytotoxic T cell
L1_CTAACCCTCGGCAGTC,CD4+ Naive T cell
E2L2_TGGAACTCACTTGGGC,Platelet
E2L2_GGGTGTCCACGAGGTA,CD4+ Memory T cell
L5_TGACAGTTCTCATGCC,NK cell
L4_GGAGAACCACCTGTCT,CD4+ Memory T cell
L3_CCACAAAGTGAGCAGT,CD4+ Naive T cell
E2L3_CCAATGATCTAATTCC,B cell
E2L1_CCGTGAGCACAAGCAG,CD4+ Memory T cell
E2L1_TCATTGTTCTGCATGA,Plasmacytoid dendritic cell
E2L7_TTTAGTCCAAAGAACT,B cell
L3_TGGGTTATCGACGAGA,B cell
E2L5_TCTAACTTCCTCGCAT,Hematopoietic progenitor cell
E2L2_CCGCAAGGTTCCGTTC,B cell
E2L2_GAGTGAGTCGAGTGGA,CD4+ Memory T cell
E2L2_AGTGACTGTCGACTTA,MAIT cell
E2L5_CAATGACTCTAGACCA,gamma-delta T cell
E2L2_ATTCCTAAGACAACTA,NK cell
L1_GGCAGTCTCACTGGGC,CD4+ Naive T cell
E2L4_AACCACAAGTACAGCG,Platelet
E2L1_AAGTGAACACATTCGA,B cell
L2_GTGAGTTCAGGTGAGT,Hematopoietic progenitor cell
E2L2_CTTCCTTAGGTTAAAC,Platelet
E2L2_CGAAGGAAGACCTCAT,CD8+ Cytotoxic T cell
E2L8_TGGGAGAAGGCACCAA,Platelet
E2L3_CAGCACGTCGACACCG,CD8+ Cytotoxic T cell
L5_GTAGAAATCCGCTTAC,FCGR3A+ Monocyte
E2L5_TACTTACGTGATGGCA,Proliferating T cell
E2L6_TCCACGTGTCTATGAC,B cell
L2_ATTTCACAGCATACTC,FCGR3A+ Monocyte
E2L5_CGTCAAAAGTTGGAAT,B cell
E2L3_ATGGAGGAGAGATTCA,Plasmacytoid dendritic cell
L2_CGTGCTTTCATCTGTT,NK cell
E2L4_CGAAGTTCACGGATCC,CD4+ Memory T cell
L1_CACGAATCAGAAATCA,Conventional dendritic cell
E2L4_ATTACCTCAGATGCGA,gamma-delta T cell
L2_GCACGGTGTCAGTTTG,Hematopoietic progenitor cell
L5_CTCCCTCCACATTCTT,Plasma cell
L5_TGAGCATTCCGAACGC,CD4+ Naive T cell
L2_ATGCATGAGTGGATAT,CD4+ Naive T cell
L5_GGTGATTGTTCAAGGG,Hematopoietic progenitor cell
L3_CAGCAATAGGAGACCT,CD4+ Memory T cell
L3_CCCTCTCTCCCTCATG,FCGR3A+ Monocyte
L4_GGACGTCCAGCGACAA,CD4+ Naive T cell
L5_TAACTTCTCAAGGCTT,MAIT cell
L4_GAAGTAATCGGATAAA,CD4+ Naive T cell
L4_TTCCAATAGGCAGGGA,FCGR3A+ Monocyte
E2L3_GAAGCGAAGCACTAAA,CD14+ Monocyte
E2L1_TCTAACTCACAACCGC,B cell
E2L4_GGTAACTCACCAGGTC,Platelet
E2L1_AGGGCTCGTAACATGA,B cell
L4_TCATTGTAGGTGTGAC,FCGR3A+ Monocyte
E2L3_CTTCAATGTAAGATAC,CD4+ Naive T cell
E2L5_AATGAAGGTAAGTTAG,Proliferating T cell
E2L8_CGATCGGTCAGCTAGT,CD8+ Cytotoxic T cell
E2L8_AAGTGAAAGAAACTGT,CD4+ Memory T cell
L4_TCTCTGGAGGAATGTT,CD8+ Cytotoxic T cell
E2L8_AGGGCTCTCTGTTCAT,Plasmacytoid dendritic cell
E2L4_TGGAGAGGTGGACTAG,CD8+ Cytotoxic T cell
E2L1_ACTTATCTCACACGAT,Platelet
E2L8_TCGTAGATCCGGTAGC,B cell
E2L5_CCGATGGAGACCAACG,CD8+ Cytotoxic T cell
L5_TATCTGTCAGTAACAA,Platelet
L3_GGGCGTTCACCCTAGG,CD4+ Naive T cell
L3_CGGGCATCATGGAACG,NK cell
E2L5_ACTGTGACAAAGGATT,B cell
L2_CCTCACAAGTATCCTG,NK cell
L4_GCAACCGGTACTGGGA,CD4+ Naive T cell
E2L3_TATACCTTCTGGCCGA,NK cell
E2L6_GAACTGTAGATGGCAC,CD4+ Naive T cell
E2L6_GAGCCTGTCCCGAAAT,B cell
E2L1_AAAGTGAAGATACAGT,NK cell
E2L7_ATTCACTCAATCGCGC,NK cell
L5_TAGACCAAGGTACATA,CD8+ Cytotoxic T cell
L2_CATGCTCTCTGTCTCG,MAIT cell
E2L1_GATGACTCATACGCAT,CD4+ Naive T cell
E2L2_AGAACCTAGTTCTCTT,B cell
L1_CATGCGGTCGTTAGAC,Plasma cell
E2L3_ATGGATCAGTTCTCTT,gamma-delta T cell
E2L4_GTGCTTCGTGTCATCA,Hematopoietic progenitor cell
L5_TGCTCGTTCTCACTCG,Hematopoietic progenitor cell
E2L6_GGAATGGGTTCAAAGA,CD8+ Cytotoxic T cell
E2L1_TCAGTCCCACAACGCC,MAIT cell
E2L6_TCGATTTGTACACGTT,FCGR3A+ Monocyte
E2L5_CCACTTGTCCCGAGAC,CD8+ Cytotoxic T cell
E2L3_ATCGTGACAGCACGAA,MAIT cell
E2L8_AGACACTCAAGTCCAT,Plasmacytoid dendritic cell
L4_AAGCGTTGTCGGCCTA,CD4+ Naive T cell
L4_GTGTGATTCAAGGCTT,CD4+ Naive T cell
E2L7_ACTTCCGAGGTTAAAC,B cell
L4_CTCAGTCGTCGGATTT,MAIT cell
E2L5_GCCATTCAGCTCAGAG,CD4+ Naive T cell
L1_TTGACCCGTATGGTTC,CD4+ Naive T cell
L5_ATTCGTTTCTGCTTTA,MAIT cell
L2_ATTATCCTCCCTCAAC,Plasma cell
L3_AATGGAATCGCAGTGC,Proliferating T cell
E2L5_CAGAGCCTCCTTATAC,CD8+ Cytotoxic T cell
L3_GGGATGACAGACACCC,CD4+ Naive T cell
L3_TGTGATGAGACAAGCC,MAIT cell
E2L7_GAATCACGTACCACGC,B cell
L3_TACCGGGAGAGCTGAC,CD4+ Naive T cell
E2L7_TCGCTTGAGTATGTAG,Proliferating T cell
E2L2_GCGGAAACAGCCCAGT,FCGR3A+ Monocyte
E2L1_CACATGAAGGTACATA,B cell
E2L6_TTTAGTCGTCTTCCGT,MAIT cell
L3_TATATCCCAGGGACTA,CD14+ Monocyte
E2L7_AGCTCAAGTAGGCTGA,CD14+ Monocyte
L5_AGAAGTACACTTGACA,CD4+ Naive T cell
E2L6_CAGCGTGAGTGGAATT,CD4+ Naive T cell
E2L8_TCCGTGTCATGGCACC,CD8+ Cytotoxic T cell
L2_TGGGATTCATGTGCTA,B cell
L2_GTTCCGTCAAAGCTAA,Proliferating T cell
E2L2_GGTTGTAGTTTCGTGA,Plasma cell
L5_AATTCCTAGAACGCGT,Proliferating T cell
E2L2_CAGCACGAGTTAGTGA,CD4+ Naive T cell
L4_CGAATTGGTCTTGTCC,NK cell
L1_CGGAATTAGGATATGT,CD4+ Memory T cell
L4_CCCTCAAGTAGATCGG,FCGR3A+ Monocyte
E2L6_TTGTGGACATGGCTAT,B cell
L5_GCCATTCTCTCTCTTC,B cell
E2L7_ACCAAACTCATAGACC,B cell
L3_CACCGTTTCACTTGTT,B cell
E2L1_CCACCATTCATTTACC,CD4+ Memory T cell
E2L4_GAATCGTAGGCTAGCA,CD4+ Naive T cell
E2L3_GTTGCGGGTGTTAACC,CD8+ Cytotoxic T cell
L5_GTGTCCTGTTACCCAA,CD4+ Naive T cell
L2_GCAGCCAGTAAGCTCT,FCGR3A+ Monocyte
L5_GCGGATCAGACGGAAA,CD4+ Naive T cell
L2_TTCCAATTCTGGACTA,FCGR3A+ Monocyte
L4_ATGGGTTTCTGCACCT,CD8+ Cytotoxic T cell
E2L1_CTCCATGCACTTACAG,CD8+ Cytotoxic T cell
E2L7_TCATGGAGTTGCTCAA,Plasma cell
L4_GCCAACGCATAATGCC,Hematopoietic progenitor cell
E2L7_TTCGCTGCAGCTTTCC,CD4+ Memory T cell
E2L2_TGATTTCCACTATCCC,MAIT cell
L3_CCACAAAAGAGGGCGA,CD14+ Monocyte
L2_CGGAACCAGCCTGGAA,Plasma cell
E2L4_CTAGGTATCATAAGGA,Platelet
E2L7_CTCATGCAGTCGTCTA,Conventional dendritic cell
E2L2_CTCTGGTCACGGCTAC,B cell
L3_TATTGGGCAAGCGGAT,CD4+ Memory T cell
E2L2_TTGTTCAGTTGATCGT,FCGR3A+ Monocyte
E2L2_ATAGAGACACGTTGGC,CD4+ Memory T cell
L1_AAAGGGCTCGTTACCC,Plasma cell
E2L2_CTCCTTTAGATAGGGA,B cell
E2L8_GCATCGGCACAAAGTA,Plasma cell
E2L5_GGAAGTGTCCTGCCAT,FCGR3A+ Monocyte
E2L2_GTGGCGTTCGACATAC,CD4+ Memory T cell
E2L2_GGGTGTCAGGCTGGAT,CD8+ Cytotoxic T cell
E2L7_TTTACCATCAGAGTTC,Platelet
L3_CCAAGCGTCTAAGGAA,Proliferating T cell
E2L2_CTCGAGGGTACAGTAA,CD4+ Naive T cell
E2L6_AAAGAACTCAGACCTA,B cell
E2L2_AGGGTCCGTCAGGAGT,FCGR3A+ Monocyte
E2L6_GGTGAAGCAGACCAGA,CD4+ Memory T cell
L5_GGACGTCCAGGACAGT,MAIT cell
E2L5_ACCAAACTCTTCTAAC,Plasmacytoid dendritic cell
L4_CATGCGGAGTTAGAAC,Proliferating T cell
E2L1_AATCGTGTCTGCGATA,CD4+ Memory T cell
E2L3_TCACGGGCACACCGCA,FCGR3A+ Monocyte
E2L7_ATTTCACCAGGCCTGT,NK cell
E2L1_AGAGCAGGTACTTCCC,Plasma cell
E2L2_TCCTAATCATGTCAGT,CD8+ Cytotoxic T cell
E2L7_CTCCTTTTCGTAACAC,CD8+ Cytotoxic T cell
L4_CCGTTCAGTAGCTTAC,CD8+ Cytotoxic T cell
L4_AGTCTCCAGCCACAAG,Hematopoietic progenitor cell
L1_TTGGATGGTAAGGTCG,CD4+ Memory T cell
L4_AGGACTTCAGTCTTCC,B cell
E2L4_CTCAATTCAGCGTACC,CD14+ Monocyte
E2L2_AAAGTGACATAGTCGT,Proliferating T cell
L4_AGACCCGCAGCTATTG,CD8+ Cytotoxic T cell
E2L6_ATAGACCAGCTGAGTG,CD4+ Memory T cell
L1_GGGTTTAAGGCAGTCA,CD8+ Cytotoxic T cell
L4_CGCAGGTTCACGATCA,Plasma cell
E2L4_TGCAGTATCTTCTAAC,CD4+ Memory T cell
L2_ATGCATGGTCGAGCAA,Conventional dendritic cell
E2L4_CGAAGTTGTTTCACAG,Platelet
E2L2_AAACGCTTCATGCCGG,Conventional dendritic cell
L4_ATCCCTGCAGACTCTA,CD4+ Naive T cell
E2L8_ATGCCTCAGCACGATG,Platelet
E2L3_CCGGTGAGTGTACATC,CD4+ Memory T cell
E2L7_GTCTGTCAGGACTATA,NK cell
L3_GGGTCTGGTGCCCACA,NK cell
L4_CTAACCCAGTGTTCAC,B cell
L3_CGGGCATGTTGTAAAG,CD4+ Naive T cell
L3_ACGTAGTCAGACAATA,Hematopoietic progenitor cell
E2L4_CACAGATAGGATTTGA,CD14+ Monocyte
L1_TGGATCAAGCTGGCCT,CD4+ Naive T cell
L3_TAAGCCATCGACCAAT,NK cell
L4_ACAGAAATCCATACAG,CD4+ Naive T cell
E2L2_CTACCTGAGCCATTTG,NK cell
L2_CATCGTCAGCCATATC,CD4+ Naive T cell
L3_CTGTACCCACAAATCC,CD4+ Naive T cell
L3_TTCTGTAAGGTCGAGT,B cell
E2L8_TCATTCACATGTGCTA,NK cell
E2L8_CTCTCAGCATGCCGGT,Proliferating T cell
E2L7_CTTCCGAGTGCTCTCT,Proliferating T cell
E2L8_TATCTGTTCTTGATTC,CD8+ Cytotoxic T cell
L4_ACCTGAACAGTAGAAT,Hematopoietic progenitor cell
E2L4_AGAACCTTCGATGCAT,NK cell
E2L2_CGATGCGAGTAGTCCT,NK cell
L1_TGCTTGCAGTAGCATA,Plasma cell
E2L6_CGCGTGATCTGCATAG,Conventional dendritic cell
E2L5_TTCTTCCAGTCGGGAT,Proliferating T cell
E2L2_CGAAGGAGTTCGGTTA,FCGR3A+ Monocyte
E2L1_CAGATCAAGAACCGCA,Platelet
E2L3_TCGAAGTAGATTGATG,B cell
E2L5_GGGCTCACAACTGCTA,CD4+ Naive T cell
E2L2_ACCCAAATCGAGAAGC,CD14+ Monocyte
E2L4_CCCTTAGGTGATAGTA,Proliferating T cell
E2L8_TAATTCCCACGGCTAC,Plasmacytoid dendritic cell
E2L7_ATTCAGGGTCACAATC,B cell
L1_AGGGTCCAGCATGTTC,CD4+ T cell
L1_ACAAAGATCACTCTTA,CD4+ Naive T cell
E2L8_CTGTACCGTCGTCATA,B cell
L1_TCACACCCACGTGTGC,CD4+ Memory T cell
L4_GGAGAACTCCTCGATC,CD4+ Naive T cell
E2L7_TACTTCAGTCTCTCAC,Conventional dendritic cell
L2_GTCAAGTAGCCTTCTC,CD8+ Cytotoxic T cell
E2L4_AGGTAGGGTAAGTTAG,CD8+ Cytotoxic T cell
E2L4_AAGTGAAGTCCAAAGG,B cell
L3_TGAATGCGTTGCATTG,Proliferating T cell
E2L4_ACATGCATCGTGGCGT,CD4+ Memory T cell
E2L3_CATAAGCAGATCACTC,B cell
L3_GGTTCTCTCATGAGAA,CD4+ Memory T cell
L1_GTCACGGAGCGCATCC,Platelet
E2L7_GTAGAGGGTAAGTTAG,B cell
E2L7_TCTATCAGTAGGAGTC,Platelet
E2L3_ATGATCGGTAACGCGA,B cell
L3_GTTAGACGTGATGAAT,B cell
E2L5_CATACTTAGCACTCAT,NK cell
E2L7_AATCGACCAATTGCCA,Platelet
L5_GCGATCGCAAACAGGC,CD4+ Naive T cell
L3_CCACGAGGTGGCCTCA,CD4+ Naive T cell
E2L1_AACAAAGAGGCACAAC,CD14+ Monocyte
E2L2_GTGGGAAGTCGAATGG,FCGR3A+ Monocyte
E2L2_CTGCGAGAGCCGTTAT,B cell
E2L3_TTTGGAGCACCAGGTC,Plasma cell
L1_TCAAGTGGTAGTGGCA,CD4+ Naive T cell
E2L8_GGGTTATAGCTGTACT,B cell
E2L5_AAAGGATGTCTACAGT,CD8+ Cytotoxic T cell
E2L8_GAATCGTAGTAGGGTC,CD8+ Cytotoxic T cell
L2_CAACGATCAAGCACAG,NK cell
E2L5_GATTGGTGTTTGTTCT,CD14+ Monocyte
L2_AGGCCACCAATGCAGG,FCGR3A+ Monocyte
E2L7_TATTTCGTCCCTAGGG,B cell
E2L2_CTCCCAATCTGCGAGC,CD4+ Memory T cell
L3_TTCAGGACATGCAGCC,CD4+ Memory T cell
L4_GGGCTCACACTCTGCT,CD4+ Naive T cell
L2_ACATCGACACAACATC,Hematopoietic progenitor cell
L4_TAACTTCAGGAGACCT,CD4+ Naive T cell
L4_GTGGCGTTCTGTAAGC,CD14+ Monocyte
E2L4_GATCGTATCTCAGTCC,Proliferating T cell
L1_AACGGGAGTTAAGGAT,Hematopoietic progenitor cell
L3_TATTCCATCCGACAGC,CD8+ Cytotoxic T cell
E2L7_TGTGATGGTAGAGACC,Proliferating T cell
E2L1_GGAGGTATCAACCCGG,B cell
E2L6_TTGGGTAAGAAGTCCG,CD4+ Memory T cell
E2L7_TGCAGATAGATGTTGA,B cell
E2L1_TACCGGGCATCACAGT,CD8+ Cytotoxic T cell
L5_AACCTGAGTCCACGCA,CD8+ Cytotoxic T cell
L5_AACCTGACATCCTGTC,CD4+ Naive T cell
E2L6_TTGGATGCATGGGTTT,CD4+ Memory T cell
E2L3_TTCACGCAGGTCGTAG,CD14+ Monocyte
E2L2_AAATGGAGTCTCTCCA,NK cell
L1_GGGACTCCAATAGTAG,Proliferating T cell
L2_GGAGATGTCCATGAGT,B cell
E2L2_ATGGAGGGTCTACTGA,B cell
E2L8_TCCCACACATGTTTGG,CD4+ Naive T cell
E2L4_GTACAGTAGTTCGCAT,gamma-delta T cell
E2L4_TATGTTCGTAGCTTGT,NK cell
E2L5_CCCTAACGTGATTAGA,CD8+ Cytotoxic T cell
E2L6_GAAGCCCTCGTCAAAC,CD4+ Memory T cell
L5_TCAGTTTTCGGTTAGT,Plasma cell
L2_AAACCCATCGTGCGAC,CD4+ Naive T cell
L3_TTTATGCCACCATATG,CD14+ Monocyte
E2L4_GTGCTGGGTTTACTTC,NK cell
E2L1_GATGAGGTCGGTCAGC,FCGR3A+ Monocyte
L4_ACGTTCCGTACCGTCG,CD4+ Naive T cell
L1_ATGTCTTGTAGAGGAA,CD8+ Cytotoxic T cell
L2_CATTGAGCATGTAACC,NK cell
L1_GACCTTCTCTGGAGAG,Hematopoietic progenitor cell
E2L5_TGCAGATCAGTGTGCC,CD4+ Naive T cell
L3_GGTAACTAGATGATTG,Plasmacytoid dendritic cell
L3_ATGAGTCGTCGTTATG,CD4+ T cell
E2L2_AGACCATGTTAGTCGT,CD4+ Naive T cell
L4_TGTTGAGAGTTTGCTG,CD4+ Naive T cell
L3_CCATCACCATAGTCGT,CD4+ T cell
L2_TTACCGCAGGGAGATA,B cell
E2L5_CTCAAGAGTGTTATCG,CD8+ Cytotoxic T cell
E2L6_CCCTGATAGCGCACAA,CD4+ Naive T cell
L1_GCCTGTTTCTCAACCC,gamma-delta T cell
E2L2_TCACGGGTCTTGCAGA,Proliferating T cell
L5_GTTCGCTAGTACAGAT,Proliferating T cell
L5_TTTGGAGGTGGTGATG,Hematopoietic progenitor cell
L2_CCGGACAAGTTGCGCC,Plasmacytoid dendritic cell
E2L4_CTGAGCGGTTTGGCTA,CD8+ Cytotoxic T cell
L5_AGACAAATCGAACACT,CD4+ Memory T cell
L2_TTCTTGAGTACGTTCA,CD4+ Naive T cell
E2L5_GATGAGGTCACCGACG,FCGR3A+ Monocyte
L5_TACATTCTCGTCGATA,CD4+ Memory T cell
L2_CGACAGCTCACGATCA,CD4+ Memory T cell
L4_CCACGTTCAAGATTGA,Hematopoietic progenitor cell
L2_GAAGAATAGCCTATCA,Plasma cell
E2L1_CATCGCTGTAGGATAT,B cell
L4_AATGCCATCAGCTGAT,B cell
L2_CGAGTGCAGCAAGTGC,CD8+ Cytotoxic T cell
E2L1_CATGGATAGGACACTG,CD8+ Cytotoxic T cell
E2L2_CTCAGGGGTTGGGATG,CD8+ Cytotoxic T cell
E2L5_CGGCAGTCAGACCAGA,B cell
L5_ATCATTCCACTTGTGA,B cell
E2L1_GTGCTTCTCTGTGCTC,B cell
L2_CATACTTTCGAATGCT,FCGR3A+ Monocyte
L5_CATTGCCCATGGTGGA,Platelet
E2L3_AAACGAATCTTGGTCC,Conventional dendritic cell
L3_TGGAACTCACCTGCGA,CD8+ Cytotoxic T cell
E2L6_TTGCGTCAGGGCGAGA,Plasmacytoid dendritic cell
L5_TGATTTCAGGTCGTCC,CD8+ Cytotoxic T cell
E2L8_CCGGTGAGTGTTAACC,CD8+ Cytotoxic T cell
E2L1_CAACCTCCAGTTAAAG,NK cell
E2L6_CCTCTAGCATCAACCA,Platelet
L2_GAATCGTCAGTTGCGC,NK cell
L5_TCGTGGGGTATTTCTC,B cell
E2L4_TGTTGAGTCGGAAGGT,Proliferating T cell
E2L1_AGTTCGAGTCGCACAC,CD8+ Cytotoxic T cell
E2L3_TACATTCGTAGGCTGA,B cell
E2L5_TCGCAGGTCACCCTCA,NK cell
L5_CGACAGCCAATCCTAG,CD4+ Naive T cell
E2L4_GGTGTCGCAAATTAGG,Plasmacytoid dendritic cell
L1_GTGGTTACAGTAACCT,Hematopoietic progenitor cell
L1_GGAGATGTCATGCCGG,CD4+ Naive T cell
L1_CCCGGAAAGCAGCAGT,MAIT cell
L5_CGTGTCTGTTCGGTAT,Conventional dendritic cell
L3_ATGCGATCAAGATTGA,NK cell
E2L6_TCAGGTACACGTTGGC,Plasmacytoid dendritic cell
L4_TAGGTACCACCTTCGT,B cell
E2L1_AGCGTATCATGGGTCC,gamma-delta T cell
E2L1_CACCAAAGTTAAGGAT,B cell
E2L8_CAGGTATCAAGGACAC,CD8+ Cytotoxic T cell
E2L4_GTGCTGGTCCGTGTAA,CD4+ Memory T cell
E2L1_GTTTGGATCCCTCGAT,CD4+ Naive T cell
L4_ACGTCCTTCATTGAGC,B cell
E2L3_CCACTTGCAGCTGTAT,Conventional dendritic cell
E2L1_AGAGAGCGTGACCGAA,CD4+ Memory T cell
E2L8_TCCCAGTCAAAGAGTT,Platelet
E2L6_GACTGATTCCTCTAGC,CD4+ Naive T cell
E2L1_ATCCACCTCCATTCGC,Proliferating T cell
L4_TTTCAGTGTCACTTCC,CD4+ Memory T cell
L1_TGATTCTGTCACAGTT,B cell
E2L5_TACAACGGTACAGGTG,CD4+ Memory T cell
L1_GTTTGGAGTCCCTAAA,CD4+ Memory T cell
L2_TCGATTTGTCAAGCGA,CD4+ Naive T cell
L2_ATCGATGCACAAAGTA,CD4+ Naive T cell
E2L2_AAGGTAAAGCTTCATG,Proliferating T cell
E2L7_AGTACCAGTGGCTGCT,B cell
E2L8_CTTGATTGTGTCTTAG,CD14+ Monocyte
E2L2_CATCGGGGTTGGACCC,CD8+ Cytotoxic T cell
L4_CACTGGGAGTCCCTAA,Plasma cell
L5_GGAGATGAGTTACGGG,CD4+ Memory T cell
E2L3_GTGTAACCAGCGATTT,CD4+ Memory T cell
L2_ATTTCTGAGACTCCGC,CD4+ Naive T cell
L1_ACGTACAGTCCAGGTC,CD4+ Naive T cell
L3_CGTGATATCTCATGGA,CD4+ Naive T cell
E2L8_TACACCCCAGTTCTAG,Proliferating T cell
L5_TCATTCACAGAGTCAG,Plasma cell
E2L3_CACCAAATCGGTAACT,CD8+ Cytotoxic T cell
E2L1_CTGTGAACAAGATGTA,CD4+ Naive T cell
E2L6_TATTGGGCATAGATCC,B cell
L4_TCTGGCTTCGAGATAA,CD4+ Memory T cell
L4_TCGAACACAGTTGTCA,CD8+ Cytotoxic T cell
L3_TATCTTGCATGACGGA,Plasma cell
L4_GGGAAGTGTGACCTGC,MAIT cell
L5_CAAGCTAGTCCGGTGT,CD4+ Memory T cell
E2L1_TGTTGGAAGCGTTGTT,Plasma cell
L4_TGCACGGGTGATACAA,CD4+ Memory T cell
E2L3_TACAACGAGTGAGGCT,CD8+ Cytotoxic T cell
L5_CCTGTTGTCAATGTCG,NK cell
L3_TGTGTGACATCTGGGC,Hematopoietic progenitor cell
E2L1_AGATCCAGTGTATTCG,Proliferating T cell
E2L6_CATAGACCAACCGACC,CD14+ Monocyte
E2L3_GTGTGGCTCATTGCCC,B cell
L1_GATGCTATCCTGTACC,Plasma cell
L2_ATCGTCCCAGATACTC,B cell
L2_TCGGTCTGTGGCACTC,CD4+ Naive T cell
E2L2_CGTCAAAGTTCTGAGT,Proliferating T cell
L1_GAAGTAATCAGTGATC,CD4+ Memory T cell
L5_CCACGTTCATTGCAAC,Hematopoietic progenitor cell
L1_AGTAGCTTCAATCCAG,B cell
L2_GGGTGTCAGAGTCTGG,Plasmacytoid dendritic cell
L3_CTGGTCTAGGCGAACT,Proliferating T cell
E2L1_TCATGTTTCATCGGGC,CD8+ Cytotoxic T cell
L2_ACATCGAGTTCTCTAT,B cell
L1_TTTCAGTTCCATACTT,Hematopoietic progenitor cell
E2L8_AGACTCATCCGTATGA,CD4+ Memory T cell
E2L5_CAAAGAAGTCTTCTAT,CD14+ Monocyte
E2L2_TGGGCTGCATCGCTGG,B cell
L5_TGAGCGCGTAAGTAGT,Plasmacytoid dendritic cell
L5_AGCGCCACAGGTCAAG,Conventional dendritic cell
E2L2_ATTCATCGTGTACGCC,Plasma cell
E2L8_TCAATTCCACCTGCTT,FCGR3A+ Monocyte
E2L1_CTTACCGGTGGGAGAG,NK cell
E2L8_CAATCGACACTCAAGT,CD4+ Memory T cell
L3_CAGATCATCACTTATC,Conventional dendritic cell
E2L7_GTGTTAGTCTATGCCC,CD4+ Naive T cell
L2_CTCCGATCAGGTCAAG,Hematopoietic progenitor cell
E2L1_TTCCTAAAGGCTGAAC,CD8+ Cytotoxic T cell
E2L2_AATGCCAAGTATCCTG,Plasma cell
L2_GCAGCCAGTTTGTTCT,Plasma cell
E2L8_ACTTCGCCATGGAACG,FCGR3A+ Monocyte
L2_CAAGAGGGTCGTGATT,B cell
E2L6_CCTACGTAGTATTGCC,CD4+ Naive T cell
L5_TATTCCACATAGATGA,CD14+ Monocyte
L5_TCATACTAGCGTATGG,Platelet
L3_GTGGAAGCACAATGCT,Conventional dendritic cell
L1_ACTCTCGGTATCGAGG,NK cell
E2L5_CATTGAGGTACCGCGT,Hematopoietic progenitor cell
E2L8_TCCTCCCCACTCCTGT,CD8+ Cytotoxic T cell
E2L5_CATGCGGGTGCGAGTA,B cell
E2L7_AACAACCTCATGAGGG,FCGR3A+ Monocyte
L2_GACGCTGAGACATACA,B cell
E2L8_CATGGTATCCTAAACG,Proliferating T cell
L1_TAGGTACCAGCTGAAG,CD4+ Naive T cell
E2L7_CAATTTCAGTCGGCCT,Plasmacytoid dendritic cell
L3_CTGCCTAAGTCCCGGT,B cell
E2L8_TCACTCGGTAGCACAG,CD14+ Monocyte
E2L5_GTGCTTCGTTTACGAC,B cell
E2L6_TTGGGTACATCAGTCA,Plasmacytoid dendritic cell
L5_ATCCATTTCTTCGTGC,CD4+ Naive T cell
E2L2_GATCACATCACGGACC,Platelet
E2L5_GATTCTTAGGAAAGTG,Proliferating T cell
E2L7_TCACGCTTCAGTGTTG,B cell
E2L1_AGACTCACATAGAAAC,B cell
E2L3_ACCTACCCATGCGTGC,CD4+ Naive T cell
E2L4_CTACTATCAGAAACCG,CD8+ Cytotoxic T cell
E2L4_TGAGCGCCATGTACGT,B cell
E2L5_TCTAACTTCTGAGCAT,CD4+ Naive T cell
E2L8_CAAGCTAAGCCTTGAT,NK cell
E2L7_CAATTTCGTACACGTT,CD14+ Monocyte
L4_CAAGCTATCGTCAAAC,CD4+ Naive T cell
E2L3_AGGAAATGTCCGACGT,Proliferating T cell
L4_AAGACAAAGCCATGCC,Plasmacytoid dendritic cell
E2L1_CTGCTCAGTCCTCATC,CD14+ Monocyte
L1_GTACAACCAATCGCAT,CD4+ Memory T cell
L5_AGGACGATCTGCATGA,CD14+ Monocyte
L3_TAACGACGTGCTCTTC,Proliferating T cell
L3_ATCACTTTCACGGGAA,B cell
L4_GAGGCAACAGCGTACC,CD4+ Memory T cell
L5_TACGCTCAGGTGCCTC,CD4+ Naive T cell
L4_CCACTTGCAACGGTAG,Hematopoietic progenitor cell
L2_TGTCCTGAGTCATCGT,Hematopoietic progenitor cell
L2_CAGTTAGTCAGTGTCA,B cell
E2L6_CACTTCGGTTCGGCGT,NK cell
L5_CGTAAGTTCCTTACCG,Hematopoietic progenitor cell
L3_TATACCTTCCGGCAAC,Hematopoietic progenitor cell
E2L3_CACTGTCCAGGATGAC,CD4+ Naive T cell
E2L3_GCCATGGAGGAAGTAG,CD4+ Naive T cell
E2L4_TGAGGGACAAAGGAGA,Proliferating T cell
L4_GAAGGACGTTATGACC,Hematopoietic progenitor cell
L5_CAAGAGGCAATAACCC,CD4+ Naive T cell
E2L2_TAGGGTTCAGCTGAGA,CD4+ Memory T cell
L1_TTCTCTCAGGATAATC,B cell
L5_TAGGGTTAGGCCCAAA,B cell
E2L8_ACCCTCATCGCTACAA,CD8+ Cytotoxic T cell
E2L8_CCGGACAAGAGAGGGC,FCGR3A+ Monocyte
E2L1_TTTGGAGCATGGGCAA,CD4+ Memory T cell
L1_CTGTACCAGTTCGCAT,Proliferating T cell
E2L4_TGGGATTCACTGATTG,CD8+ Cytotoxic T cell
E2L6_CCCATTGAGGATATAC,CD14+ Monocyte
E2L2_CTTTCGGTCGTGTGAT,Platelet
E2L6_CTACCTGTCATAAGGA,CD8+ Cytotoxic T cell
L5_GGAGATGCAATACCTG,CD4+ Naive T cell
L5_GTCCACTTCCGCAAAT,Hematopoietic progenitor cell
L4_AACCATGGTGTATTCG,NK cell
E2L1_GGGACCTTCCTCTAGC,CD8+ Cytotoxic T cell
L5_GTGGTTACATCGGATT,Hematopoietic progenitor cell
E2L8_TGTCCACCATATGAAG,CD4+ Naive T cell
E2L7_GAGTGTTGTCGGTACC,B cell
E2L2_GCATTAGCACGCAGTC,FCGR3A+ Monocyte
E2L7_ACATCCCTCTTCGATT,CD8+ Cytotoxic T cell
E2L1_CAAGAGGCAGGGTCTC,Plasmacytoid dendritic cell
L2_ACCAACAAGATTGGGC,B cell
E2L8_ATCGTAGAGCCACTCG,CD8+ Cytotoxic T cell
E2L2_TGTGGCGAGATCGGTG,B cell
E2L4_TTTGATCAGCCATTGT,CD14+ Monocyte
L4_CGTCAAACAATGTGGG,NK cell
E2L6_CTGGTCTCAGGTATGG,FCGR3A+ Monocyte
L2_TCCTTCTTCGCTGTTC,Hematopoietic progenitor cell
E2L4_CATTGTTAGAATTGCA,Plasmacytoid dendritic cell
L5_CAAGACTGTTTGAACC,MAIT cell
E2L7_GATTTCTCATTAGGAA,NK cell
E2L1_AAGCATCGTAGCGATG,B cell
E2L2_CGAGGAAAGGTAGCAC,Plasmacytoid dendritic cell
E2L1_TTTACGTGTGACTGAG,CD8+ Cytotoxic T cell
L5_TTACGTTTCTCCCTAG,MAIT cell
L2_CATCCGTTCCACAGCG,CD8+ Cytotoxic T cell
L3_TCGAAGTCATCCTAAG,CD4+ T cell
E2L4_CGAAGTTTCTAGATCG,CD8+ Cytotoxic T cell
E2L5_GCTGCAGGTGATAGAT,CD14+ Monocyte
E2L6_ACCAAACTCTTGGATG,NK cell
E2L2_TACACCCAGCTACAAA,CD4+ Memory T cell
L3_CTGAGCGCAGGTTCGC,Plasma cell
E2L3_TCTGTCGAGAGTCACG,Proliferating T cell
L5_TTGGTTTCACTCGATA,CD14+ Monocyte
E2L2_AGGATCTGTGGCTGAA,CD4+ Memory T cell
E2L5_TTTGGTTAGAACGTGC,Proliferating T cell
E2L4_TGAGTCACACCCTATC,B cell
L3_AGACTCATCCCAGTGG,CD4+ Naive T cell
L5_CGAGAAGGTGTGCCTG,MAIT cell
L3_AGTACCACATCTCGTC,CD4+ Memory T cell
E2L2_GACCCTTGTTTGAAAG,CD14+ Monocyte
E2L7_CTAGACAGTGGATCGA,CD14+ Monocyte
E2L4_CTCACTGAGAGTCTTC,B cell
E2L7_TTGGGATCACGCTTAA,FCGR3A+ Monocyte
E2L5_CATGAGTTCGCGTGCA,Proliferating T cell
L5_ACTTTCACAGGACTAG,MAIT cell
E2L7_TGACCCTCATTCATCT,NK cell
L1_GCTCAAACACTTCATT,NK cell
L2_CCTCAACAGAAGCGCT,Hematopoietic progenitor cell
E2L6_TGGGTTATCAATCAGC,CD4+ T cell
L1_GCGATCGCATGTGACT,CD4+ Naive T cell
L3_AGTGATCAGTTCCGGC,CD4+ Memory T cell
L3_TTCAGGACAGCGTGAA,CD4+ Memory T cell
E2L7_TCAGCAAAGAGCTTTC,CD8+ Cytotoxic T cell
L3_TCGGATATCTTCGCTG,MAIT cell
L4_TGGAACTAGTGAGTGC,MAIT cell
L4_ATTTCACCATACCACA,CD4+ Memory T cell
L1_GAATAGACACGGTGTC,CD4+ Naive T cell
L3_GTAGATCAGGACGCTA,CD4+ Memory T cell
E2L1_GGGACTCCAGATCCAT,Conventional dendritic cell
L1_AGTGACTAGTAACGTA,Proliferating T cell
L1_ATGTCCCTCCCTCTAG,CD4+ Naive T cell
E2L4_TGCACGGCATTGAGGG,Conventional dendritic cell
L4_GCTGCAGGTCCACACG,CD14+ Monocyte
E2L8_AACACACTCTTCCGTG,Plasma cell
E2L1_CGTAATGAGTCATGCT,B cell
E2L7_AGATGAAAGCCACTCG,CD4+ Naive T cell
E2L6_TCTACCGCAGTTAGAA,CD4+ Naive T cell
E2L6_ATGATCGGTGTGTCCG,CD8+ Cytotoxic T cell
L4_AATCACGGTCAGTTTG,CD4+ Naive T cell
E2L4_TCGGGACGTCCTTTGC,CD8+ Cytotoxic T cell
E2L6_TGACCCTGTGTGAATA,Plasmacytoid dendritic cell
L5_CTTCCGACAAGAATAC,CD8+ Cytotoxic T cell
E2L5_GAAACCTTCCTCTGCA,Plasma cell
L5_TCTATCAAGTCGGCAA,CD8+ Cytotoxic T cell
L4_CCGTTCACATTGAGCT,Conventional dendritic cell
L1_GGTGTCGCAAGAATGT,NK cell
E2L2_CCGATCTCAGAAGCTG,B cell
L4_ATTCATCCAGACTCTA,NK cell
E2L6_AGTCACATCCAATCTT,Plasma cell
L1_GAGTGTTTCCTCACTG,Proliferating T cell
E2L3_GATTGGTAGATGATTG,NK cell
E2L5_CGGGTGTGTGGGCTTC,CD4+ Naive T cell
E2L3_ACTATGGTCTAACGGT,CD4+ Memory T cell
E2L4_TACTTCACATCTAACG,Conventional dendritic cell
E2L5_GGGTATTTCCATACTT,CD4+ Naive T cell
L4_CCCGGAATCACAAGAA,B cell
E2L1_ATTTACCAGGAATCGC,CD8+ Cytotoxic T cell
E2L4_TACCCGTAGGAGTACC,Conventional dendritic cell
E2L4_GAGTGAGTCAGAGCGA,CD4+ Naive T cell
L2_ACATCCCCAGCTGAGA,CD14+ Monocyte
E2L8_ACAACCACATGCTGCG,CD4+ Naive T cell
L5_GGGACTCCACTCCACT,Plasma cell
E2L2_GGCGTCATCTAAGCGT,NK cell
E2L2_TCGAACAGTAACAGTA,CD8+ Cytotoxic T cell
L2_TACGGTAAGGATATGT,B cell
L4_CCTCATGTCGTCAGAT,Platelet
L1_ATCACTTCAGTTGCGC,CD4+ Memory T cell
E2L5_TCGTGCTAGAGTACCG,Conventional dendritic cell
L5_AATGGCTCACAACGTT,CD8+ Cytotoxic T cell
L3_GAATAGAAGGGCAGAG,CD4+ Naive T cell
E2L6_TGCATGATCTCCTACG,NK cell
E2L5_GAGTTTGCAGGATGAC,CD8+ Cytotoxic T cell
L5_TTCCTTCGTCCAAGAG,Proliferating T cell
E2L5_CCGGTGAGTATGTCCA,Proliferating T cell
E2L4_TATTGCTCACGCCAGT,Plasmacytoid dendritic cell
L3_CATGGTACATGAGGGT,Plasma cell
E2L6_CGTAAGTAGTTCACTG,NK cell
L1_TTGTGGATCCATCCGT,CD4+ Naive T cell
E2L6_GCCATGGGTGATACAA,B cell
L2_ATTATCCTCCTCAGGG,CD4+ Memory T cell
E2L5_ACTTTGTGTACCACGC,CD14+ Monocyte
E2L3_CTGATCCGTGGAGAAA,CD4+ Memory T cell
E2L7_GTGAGTTTCAGGAACG,Plasma cell
L4_CTCAGTCCAGAACTAA,gamma-delta T cell
E2L8_TCTATACCAGCATGCC,B cell
E2L5_GCCATGGGTGAGTAGC,B cell
L1_ATGCATGCATCTCAAG,CD4+ Naive T cell
E2L6_CATCCCATCTCCTGTG,FCGR3A+ Monocyte
L4_ATTGGGTAGCGATTCT,Hematopoietic progenitor cell
E2L5_TTAGGGTCATTGTAGC,Platelet
L2_CTAACCCAGCTGGCCT,Conventional dendritic cell
E2L5_TATTGCTCACCCGTAG,B cell
E2L6_CGGGTCAAGTTTCTTC,Plasmacytoid dendritic cell
E2L6_AGCTCAACAGGTGAGT,NK cell
E2L3_GAGTTACTCTGGGCGT,Plasmacytoid dendritic cell
E2L3_TCACGCTAGCCACTCG,B cell
E2L4_CATGCCTGTGGCTTAT,Platelet
E2L1_TTCCTCTCAGTCGAGA,Platelet
L5_TTTGGTTTCGTAGGGA,Proliferating T cell
E2L5_AGGGTTTTCGTGAGAG,FCGR3A+ Monocyte
L1_TCAGTTTTCGCCGATG,Conventional dendritic cell
L4_ACTATCTTCTCCAATT,CD8+ Cytotoxic T cell
E2L4_TACTTGTAGGATCATA,CD4+ Memory T cell
E2L5_CCTCAGTGTAACGCGA,MAIT cell
L5_TAATCTCTCTAGCATG,Hematopoietic progenitor cell
L5_GATTCGAAGTCACTAC,Plasma cell
E2L7_CCTCCTCAGGCCTGAA,NK cell
L3_GTATTTCCAAAGACGC,Proliferating T cell
L4_ACTGCAAGTATTGACC,CD4+ T cell
L1_GTAATGCAGAAGGGAT,Proliferating T cell
E2L7_TCAGCAAGTAGCTTGT,NK cell
L4_GTGCAGCTCGCCGAGT,Proliferating T cell
E2L1_CTGAGGCTCGGTTCAA,CD14+ Monocyte
E2L5_TCCACGTTCTCATTTG,Conventional dendritic cell
E2L6_GATCATGGTATGCTAC,CD8+ Cytotoxic T cell
E2L1_TCGTGGGCACGACCTG,B cell
E2L8_CTGGCAGGTATCCCAA,NK cell
E2L6_GTTTACTAGTAGTGCG,Platelet
E2L3_CATACCCCAGATACCT,CD4+ Memory T cell
L1_TGTGCGGAGCTCGCAC,CD14+ Monocyte
E2L3_GTTGCTCAGTACCATC,CD4+ Naive T cell
L1_CAGCGTGAGCGGGTAT,CD8+ Cytotoxic T cell
L5_CAAAGAATCCATCGTC,Platelet
E2L4_GTAGTACGTAGGAGTC,CD4+ Naive T cell
E2L7_CCACTTGAGCTGACTT,NK cell
E2L1_CTCAGGGCACATAACC,CD14+ Monocyte
E2L1_ATCACGATCGTGGAAG,FCGR3A+ Monocyte
E2L1_CCTCAGTGTGGAAATT,CD4+ T cell
E2L7_ATCCACCTCGCAGTGC,Proliferating T cell
L1_CCTTTGGAGGAGGGTG,CD4+ Naive T cell
L3_GGAACCCCACTAACCA,CD4+ Naive T cell
L3_AGGAAATCATATACCG,B cell
E2L4_ATACCTTTCAGATTGC,NK cell
L4_TTACGTTCACGCACCA,CD4+ Naive T cell
L1_TCAAGACAGGCACTAG,Hematopoietic progenitor cell
L2_AATTCCTCAGCGGTCT,CD4+ T cell
E2L3_CATGCAAAGCATCCCG,CD8+ Cytotoxic T cell
L3_GATGACTAGGGCATGT,Proliferating T cell
E2L3_AGGGAGTTCTGGAGAG,B cell
L3_GGTTAACAGGGAGGCA,B cell
E2L1_CGTAATGTCCGAAGGA,CD8+ Cytotoxic T cell
L5_GTCTACCTCGGATAAA,MAIT cell
E2L5_TCAGTCCCACTACCCT,Platelet
E2L8_TACCTCGTCAAGATAG,B cell
L3_GATTGGTTCATTGGTG,CD4+ Naive T cell
L1_GCCCGAACATCCTATT,CD14+ Monocyte
E2L8_CTCATGCAGCGTATAA,B cell
E2L3_CGGACACGTGTCTAAC,CD4+ Naive T cell
E2L4_TCCCACACATTCTCCG,CD8+ Cytotoxic T cell
L1_GAGTCATTCCCATGGG,CD4+ Naive T cell
E2L5_AGACCATGTCTTACAG,CD8+ Cytotoxic T cell
E2L5_CCACGAGCAATTCGTG,Platelet
L5_TTTGGTTTCCTCTAGC,CD4+ Naive T cell
E2L3_TCTATCATCGATACTG,Plasmacytoid dendritic cell
L1_AATGGAATCAGCAGAG,CD4+ Naive T cell
E2L6_TCATTTGGTTATGACC,NK cell
E2L1_CCTATCGCAGACCCGT,CD14+ Monocyte
L1_TCAAGTGAGGGATCGT,B cell
L5_TCGAACAGTTGCATAC,CD4+ Naive T cell
E2L1_TCACATTGTCGCTTGG,CD4+ Naive T cell
L2_AAGATAGGTGAGAGGG,FCGR3A+ Monocyte
E2L5_TACCGAATCACGGAGA,CD8+ Cytotoxic T cell
E2L6_GCCGATGGTTCTTAGG,FCGR3A+ Monocyte
E2L2_AGACAAAAGGAATGTT,Proliferating T cell
E2L6_AGGGAGTTCCGAGTGC,Proliferating T cell
E2L6_GGTAACTTCTGCGATA,FCGR3A+ Monocyte
L2_TTCCTCTAGCACGTCC,Proliferating T cell
E2L1_GTAGCTAGTAGGTAGC,MAIT cell
E2L6_CATGGATTCTGTCGTC,Plasmacytoid dendritic cell
E2L7_TGCTTGCTCGGACGTC,Conventional dendritic cell
L4_TGGTGATCAAAGGTTA,CD4+ Naive T cell
L1_GATCGTACAGCTTCGG,Hematopoietic progenitor cell
E2L6_TGATGCAGTGTGCTTA,Plasma cell
E2L2_CCTCTAGTCCTCAGGG,FCGR3A+ Monocyte
L2_ATGTCCCCAAAGGATT,Proliferating T cell
L3_CACTTCGCAGTGCGCT,CD4+ Naive T cell
E2L6_GTTAGTGAGGGAGGCA,Proliferating T cell
E2L6_AGGGCTCGTTCGTAAC,B cell
L2_TTGATGGCAAATAAGC,Hematopoietic progenitor cell
L1_ATCTCTAAGATGTTAG,NK cell
E2L1_TCGGATACAAGGATGC,B cell
E2L1_GATGTTGTCCTACACC,B cell
L1_CGTCCATCACAGTGAG,CD4+ Naive T cell
L1_ACCTACCTCTTGGAAC,CD4+ Naive T cell
E2L5_GACACGCAGGGTACAC,CD14+ Monocyte
L1_TCAAGTGCAGTTGGTT,CD4+ Naive T cell
E2L8_CACTGGGGTGTACGCC,CD4+ Naive T cell
E2L2_ATGCGATTCTTGGATG,B cell
E2L7_ATTCAGGGTAATGTGA,B cell
L1_ACCGTTCAGTAAATGC,CD4+ Naive T cell
E2L2_ACGGGTCAGTTCATGC,CD4+ Memory T cell
L1_CAACAGTCAGTCGTTA,B cell
E2L2_ACCCTCATCGAGCTGC,CD14+ Monocyte
L1_GGTGATTAGCTACAAA,B cell
L5_ATAGAGAAGGACTTCT,CD4+ Memory T cell
L2_TCGACCTTCAGCCTCT,CD4+ Naive T cell
L4_TACGGTAAGAGCTGAC,Conventional dendritic cell
E2L8_ACCAAACGTTTCACTT,CD4+ Naive T cell
E2L4_GACTATGAGAAGAACG,B cell
L3_GGTGTTATCGATACAC,CD4+ T cell
E2L7_GTTGTCCTCTTTGCAT,CD14+ Monocyte
L2_AGTTAGCTCTACTGAG,CD4+ T cell
L4_TTGAGTGTCGGCTTGG,Plasmacytoid dendritic cell
L4_TGCGGGTAGCGCCCAT,Hematopoietic progenitor cell
E2L8_GTGTAACCATCCGGCA,NK cell
E2L4_CTCCTTTTCATCCCGT,NK cell
E2L7_TCCTTCTAGAACTGAT,Conventional dendritic cell
E2L5_TGGAGGATCGCTGACG,MAIT cell
L4_CTGCAGGCAAACCACT,CD4+ Memory T cell
E2L2_CCTTCAGTCGGCGATC,B cell
L4_GGGCGTTAGACGCCCT,FCGR3A+ Monocyte
E2L4_TACGCTCAGTCCCAGC,B cell
E2L1_GGACGTCGTAAGAACT,FCGR3A+ Monocyte
L4_TCCCAGTCAATTAGGA,CD4+ T cell
L4_CGAAGTTCAGTTCACA,B cell
L5_TCACAAGTCGTAACAC,CD4+ Naive T cell
L4_CCTATCGCATACATCG,Hematopoietic progenitor cell
L1_TTTCAGTCAGAACATA,Hematopoietic progenitor cell
E2L5_CCACTTGCATTGCCGG,B cell
L4_GCGATCGGTGTTCCTC,CD4+ Naive T cell
L3_GAACGTTGTATCGAAA,CD4+ Memory T cell
E2L6_GGAGGTATCTCTGAGA,Conventional dendritic cell
E2L1_GTTCGCTTCCTTATAC,Platelet
L3_GCGAGAAGTCATCCGG,Proliferating T cell
L3_CATGGTATCATTTCGT,B cell
L3_ATCGCCTGTCTTTATC,Proliferating T cell
E2L2_GACTATGAGTTCTACG,CD4+ Naive T cell
L5_GCACGGTAGGTTCTTG,Proliferating T cell
L1_CGGACACCAATCAGCT,CD8+ Cytotoxic T cell
L2_CAGTTAGGTAGTGTGG,NK cell
L3_GGGATCCAGTACTGGG,CD4+ Naive T cell
L4_ATCGTAGAGCGTTGTT,CD4+ Naive T cell
L3_TCTTGCGGTATCGATC,Hematopoietic progenitor cell
L1_ACACTGAAGGTAAGGA,CD4+ T cell
L4_ATGCGATGTCACGACC,Plasma cell
E2L3_AGGGTCCGTTACCTGA,CD8+ Cytotoxic T cell
E2L3_GAGTTGTTCATCCCGT,Proliferating T cell
E2L4_CAACCTCGTATCACCA,B cell
E2L5_ATACCTTGTTAATGAG,CD4+ Naive T cell
L2_GTGTTAGGTGGTCTTA,B cell
E2L1_TCCTTCTTCTGCGGCA,B cell
E2L6_GAGTCATGTGTTTCTT,NK cell
L2_AAACGCTCAGTAGTGG,FCGR3A+ Monocyte
E2L6_CGCGTGAAGCTGTTAC,CD4+ Naive T cell
E2L8_GATGTTGGTTGCCGCA,B cell
E2L3_CAGCGTGTCAGGCGAA,Conventional dendritic cell
E2L6_CACTTCGTCCATCAGA,NK cell
E2L4_CTTCTCTCAGGACATG,CD4+ Naive T cell
L3_CCTATCGTCAACCTTT,CD4+ T cell
E2L3_GAGGCCTCATCCGATA,B cell
E2L2_GCGGAAAAGGGAGGGT,Conventional dendritic cell
L2_GATCCCTCAGAACATA,CD8+ Cytotoxic T cell
E2L8_TCACTATGTGACCGTC,NK cell
L5_TCAGGGCTCAGGTAAA,CD8+ Cytotoxic T cell
E2L8_CTGGTCTTCTCTGGTC,CD4+ Memory T cell
E2L2_CAGATCACAGGTCCCA,CD4+ Naive T cell
E2L5_GGTTAACTCAGACCTA,Platelet
E2L6_CGGAGAAGTACCCGAC,MAIT cell
E2L6_CATGAGTCAGACATCT,CD4+ Memory T cell
E2L8_AACGGGAAGCCATCCG,CD8+ Cytotoxic T cell
E2L6_TGTGCGGAGGAGACCT,CD8+ Cytotoxic T cell
E2L5_GGAACCCTCAATCTTC,CD4+ Naive T cell
L2_TGAATGCCAGCATACT,CD4+ Naive T cell
E2L3_TCCATCGCAGAGTAAT,MAIT cell
L1_GATGACTCAACCGTGC,CD4+ Naive T cell
E2L4_CTGTCGTCATGACAGG,CD14+ Monocyte
L1_CTCCTTTGTGTCATGT,MAIT cell
E2L6_GAGTCTACAGCTCCTT,Platelet
E2L8_CAACAGTGTAATCAAG,B cell
E2L8_GTTACGAGTCTGTCAA,CD4+ Memory T cell
L4_GGAAGTGGTGTCGCTG,CD4+ T cell
L3_GGGTGTCAGAATCGCG,gamma-delta T cell
L2_GTTTGGACACGGAAGT,CD4+ Naive T cell
E2L7_TCATTGTAGTTCCTGA,Platelet
L1_CGGAATTAGCTACTAC,NK cell
E2L1_GTAGAGGGTTAATCGC,MAIT cell
E2L8_CATGCGGCAATGTGGG,CD4+ Naive T cell
E2L5_CCCTGATGTGTCTTGA,NK cell
L4_ATGCGATAGCCGATTT,MAIT cell
L4_ATTCTTGAGGCCCACT,CD4+ Naive T cell
E2L7_TTTCCTCCAAGTTCGT,B cell
L5_TGGGCGTCAGTGGGTA,CD4+ Naive T cell
L2_AGGTAGGCATCTCCCA,CD4+ Memory T cell
E2L7_CCCGGAACAGCACAAG,CD4+ Naive T cell
L1_CAGTTCCTCTGTGCGG,CD8+ Cytotoxic T cell
L4_TCACGGGCACTGGAAG,B cell
L3_CCGGACATCTTCCACG,NK cell
E2L8_TATTGCTGTCTACGAT,NK cell
L5_GGTTGTACAAGACGAC,CD4+ Naive T cell
E2L2_TACATTCAGCTGTTCA,Hematopoietic progenitor cell
E2L6_ATCGTGAAGGTTGGTG,CD4+ Naive T cell
E2L6_CTATCCGGTAGAATGT,CD4+ Memory T cell
L5_ACTTATCGTGCAGTGA,CD4+ Naive T cell
L4_TCGGTCTAGGGAACAA,Plasmacytoid dendritic cell
E2L6_TGTGAGTTCCCTAGGG,CD4+ Naive T cell
E2L5_TTTACTGAGTAAATGC,CD4+ Memory T cell
L5_GATCATGCAAGAGGTC,CD4+ Memory T cell
E2L2_TGGGCGTAGAGTGTGC,CD4+ Memory T cell
E2L2_TTTACTGGTAGCGAGT,Proliferating T cell
L5_CCCTTAGGTAGTCTTG,Plasma cell
E2L3_TCAGCAAAGGGTAATT,CD4+ Naive T cell
E2L8_TGGATCATCCTTATAC,Conventional dendritic cell
L4_TGTTCTATCTTGGATG,B cell
E2L5_TGTGAGTCATTCTCTA,B cell
E2L4_AGGTGTTGTCAAGCCC,CD8+ Cytotoxic T cell
E2L4_TTCTTGAAGTGAACAT,Proliferating T cell
E2L6_AGGATAAAGACTACCT,CD8+ Cytotoxic T cell
L4_ACGATCATCGAGAACG,Plasma cell
L2_TTACCATGTTGCCGCA,MAIT cell
L1_GGTGTTAGTTAGCTAC,CD4+ Memory T cell
E2L6_GTCAAGTCATACCAGT,Conventional dendritic cell
L4_AGACCATCATAATCCG,Conventional dendritic cell
E2L7_GATCGTAGTGCATTAC,MAIT cell
E2L7_ATGATCGGTGGTTTAC,NK cell
E2L5_TCACAAGGTTGAGGAC,CD4+ Memory T cell
E2L7_GTCAAGTTCGTTCATT,Conventional dendritic cell
L2_CGAGTTACAACGTAAA,Conventional dendritic cell
E2L6_ATCGATGAGCTCCACG,CD4+ Naive T cell
E2L7_TATGTTCTCAAGCTGT,CD8+ Cytotoxic T cell
E2L6_AGACAAAGTCGCACAC,Plasmacytoid dendritic cell
E2L8_TGTGATGTCAAGCTGT,B cell
E2L7_TGATCTTTCAGCAATC,Proliferating T cell
E2L4_GCTGCAGAGATGGTCG,Plasmacytoid dendritic cell
L2_GTGAGTTGTAGTACGG,B cell
E2L1_CTGCGAGTCTTGATTC,MAIT cell
E2L5_GAAGCCCCACAGTCAT,Proliferating T cell
E2L6_TCATTGTTCTAGTTCT,Plasmacytoid dendritic cell
L2_GTCATGACAAACTCTG,Hematopoietic progenitor cell
E2L2_AAGACAACAACTCCAA,CD8+ Cytotoxic T cell
L5_ATGCGATGTCACGACC,Plasma cell
E2L5_ATTACTCAGCATCGAG,CD14+ Monocyte
L1_ATTATCCTCACTTTGT,NK cell
L3_TCCGAAAAGCACGTCC,Hematopoietic progenitor cell
E2L8_TGTTGGATCTATCGGA,CD8+ Cytotoxic T cell
E2L3_AATGACCCAGAGGTTG,MAIT cell
E2L2_CACACAACACTATCCC,Plasma cell
L4_CTCATGCAGCAGTACG,CD4+ T cell
L4_CTGGCAGCATCGTGGC,MAIT cell
L5_GGTCTGGCACATTACG,MAIT cell
E2L4_GGACGTCTCCTCGATC,CD4+ Memory T cell
E2L2_CTAACCCGTTGTGCAT,Platelet
E2L4_GAGTTTGGTAGGCTCC,Plasma cell
E2L3_ACACGCGTCGACGATT,B cell
E2L6_TTCCGGTAGTGTAGTA,Plasmacytoid dendritic cell
L3_GCACGGTTCTGTCGCT,CD4+ Naive T cell
L5_TAGGTTGAGCCAGAGT,CD4+ Naive T cell
L1_CCTGCATTCTGAGTCA,Proliferating T cell
L4_ACGTACATCGACGCGT,B cell
L2_CCTACGTGTGGCTCTG,CD4+ Memory T cell
E2L8_CAATCGAAGATTGAGT,Platelet
L2_CACGGGTGTCGCATTA,CD4+ Naive T cell
E2L4_GGTTCTCGTCGTAATC,Platelet
L5_AAGCCATGTATCATGC,B cell
E2L5_GTACAGTTCGAGTGGA,CD4+ Memory T cell
L2_CTACGGGAGAAGAACG,Conventional dendritic cell
L4_ATCATTCTCAGCTGAT,CD4+ Naive T cell
L3_GTGGAAGGTACAAGCG,FCGR3A+ Monocyte
L1_GGATCTAGTGTCATGT,NK cell
L1_CACTAAGCACTACCCT,CD4+ Memory T cell
L5_TGTGTGAGTCCACATA,Plasmacytoid dendritic cell
E2L6_GGGCTACCACCGTGCA,B cell
E2L4_CTGTATTCAGGCACTC,Plasma cell
E2L4_ACGATCATCGCGGTAC,Plasma cell
L2_ACTGCAATCGGAGTAG,CD4+ Naive T cell
E2L6_AAAGGGCAGTCGAATA,Platelet
L5_GATTGGTGTCGAGTGA,CD4+ Memory T cell
E2L7_TCAGCAATCCGATGCG,B cell
E2L2_CTGATCCGTCGTCATA,CD14+ Monocyte
E2L7_TCGAAGTGTGTTTACG,CD4+ Memory T cell
L2_TGATGGTAGCCTAGGA,CD4+ T cell
E2L1_CGAAGTTTCCTCACCA,CD4+ Memory T cell
E2L7_GTAAGTCTCTGTCTCG,B cell
E2L3_TTTCCTCTCCCTTTGG,Plasmacytoid dendritic cell
L3_ACTATTCAGGCCTGCT,NK cell
E2L3_GGCGTCACAGACATCT,B cell
E2L3_TGCGGGTTCTAGTTCT,Plasma cell
E2L6_CGACAGCAGCTTCATG,B cell
E2L4_ATTTACCTCAGCGCGT,Plasmacytoid dendritic cell
L2_TTCATGTTCCTAGAGT,Hematopoietic progenitor cell
E2L4_CGGAATTAGTGGAATT,B cell
L2_TGAATCGCAGTGGCTC,CD4+ Naive T cell
L4_GTGAGCCAGACTCGAG,CD4+ Memory T cell
L5_GAAGAATAGATGACCG,CD4+ Memory T cell
E2L6_GGCTTTCCAGGCGAAT,Proliferating T cell
E2L3_CTCCTTTTCGAACGCC,CD8+ Cytotoxic T cell
E2L2_GGCTTGGAGGGACAGG,CD8+ Cytotoxic T cell
E2L7_AGCATCAGTTTCGTTT,Plasma cell
E2L4_TATCAGGGTGCAAGAC,NK cell
L4_CTCCACAAGTGTAGTA,CD4+ Naive T cell
L3_GTGCTTCCAAGTGGCA,FCGR3A+ Monocyte
E2L3_TTGCCTGCATGTGCTA,MAIT cell
E2L3_AAACGCTAGGTCGTCC,NK cell
L1_GAGACCCTCGCGTGCA,CD4+ Memory T cell
L1_GTAATCGGTGGTAACG,B cell
E2L5_CAACCTCCAAACAGGC,CD14+ Monocyte
E2L8_TAACTTCAGTGCTACT,B cell
E2L3_TGATTTCAGCACCGAA,CD8+ Cytotoxic T cell
E2L8_GGATCTATCTGTCGTC,B cell
E2L7_TTCCAATGTTCTTCAT,NK cell
E2L3_CACGAATTCTGGCCTT,Platelet
L3_GTGGCGTAGTTGCCTA,Conventional dendritic cell
L3_CACTTCGAGCCTCAGC,Proliferating T cell
L5_GTCAAACGTCAACATC,CD4+ Naive T cell
E2L1_ATCAGGTTCACTGGTA,Platelet
E2L3_GAGGCAAGTCGTTTCC,B cell
E2L8_GATTGGTCAAAGGCTG,FCGR3A+ Monocyte
E2L3_GAGCCTGCAAAGCTCT,Platelet
L5_AGGTTGTAGCTTCATG,CD4+ Naive T cell
L2_ATACCGAAGAAACTCA,CD8+ Cytotoxic T cell
E2L8_TGAGGAGAGATCCAAA,CD4+ Memory T cell
L3_TTGTTTGTCTGGCCGA,CD4+ Memory T cell
E2L5_AGTACTGGTGTTCGAT,B cell
E2L8_CCTCACAAGCTTTCCC,Proliferating T cell
E2L6_AGAGAGCAGTCCTGTA,NK cell
E2L1_GCCATTCGTACGATGG,CD14+ Monocyte
E2L2_CGATGGCTCAGCTGAT,Conventional dendritic cell
L2_TCTGGCTGTGCATTTG,MAIT cell
E2L6_CAAGGGATCTAGAGCT,Proliferating T cell
E2L6_TACCTGCAGACATGCG,NK cell
L4_AGTCTCCCAGCAGACA,Plasma cell
E2L2_ACCAAACAGTCAACAA,B cell
E2L5_CAGATTGAGGCCTTGC,B cell
E2L3_CGGTCAGAGTGCAAAT,FCGR3A+ Monocyte
E2L3_GCCGTGATCGCCGAGT,NK cell
E2L4_TGAGGTTCAATCGTCA,MAIT cell
E2L2_GGAAGTGAGGCCGCTT,CD8+ Cytotoxic T cell
E2L7_GTCAAGTGTCCTACGG,CD4+ Naive T cell
E2L4_CATTCATCATGAGTAA,B cell
E2L1_CAGTTCCTCTCATGGA,CD4+ Memory T cell
E2L4_AAACCCAGTAGGTCAG,CD4+ Memory T cell
E2L2_CCTATCGCAGCTGAAG,Hematopoietic progenitor cell
L3_ACTGTGAGTGGAAATT,CD4+ T cell
E2L4_ACGGAAGAGGACTAAT,CD4+ Memory T cell
E2L6_ACGGAAGGTACCTTCC,Conventional dendritic cell
L1_CAGGGCTCACGCGTGT,NK cell
E2L4_AACAGGGAGTGGATTA,Proliferating T cell
E2L6_ACTTCGCAGGAGAGGC,Platelet
L2_GGGCTCATCAGTAGGG,CD4+ Memory T cell
E2L6_TCGTCCAAGGGAGAAT,CD4+ Memory T cell
E2L8_ACACCAAGTAGAATAC,CD14+ Monocyte
E2L1_TGGTTAGCACATACGT,B cell
E2L5_TCTGCCATCTCTATAC,NK cell
E2L5_TGGTGATCATTGCCGG,CD8+ Cytotoxic T cell
E2L6_TCAATCTGTTGCGAAG,B cell
E2L8_AGTCTCCGTCGATTAC,NK cell
E2L7_GGTTCTCCAAGTGCAG,NK cell
L4_TCGCAGGGTTGCTGAT,Plasma cell
E2L3_ATATCCTTCCCAGGCA,Conventional dendritic cell
L4_AGCGCTGTCACGAACT,CD4+ Naive T cell
L4_ACGATGTAGCTTGTTG,Plasma cell
E2L6_GCTGCAGCAGCGACAA,B cell
E2L4_AAGCCATCAATGCTCA,CD8+ Cytotoxic T cell
E2L3_CTTCTAAAGTTGGAGC,NK cell
E2L7_CTCAAGATCGTCACCT,Plasma cell
L2_CGGACACAGCTTCGTA,CD4+ Memory T cell
E2L5_TGGAACTCAGGAGACT,Proliferating T cell
E2L5_AAGAACAGTTACGATC,Plasma cell
L2_CCTTGTGTCTTCGATT,NK cell
E2L6_ATAGGCTGTCTGGTTA,CD14+ Monocyte
E2L4_TAAGCGTGTTCGTAAC,gamma-delta T cell
L3_GACTGATAGACTAAGT,CD8+ Cytotoxic T cell
E2L1_ACATCGAAGAGATCGC,Proliferating T cell
L4_GCACTAATCCGACGGT,NK cell
L2_TGCGACGTCCTTATAC,CD4+ Memory T cell
E2L6_TATCTTGCAGTCTTCC,B cell
E2L4_GGTTGTATCTCGTCAC,Plasma cell
L2_GTCCTCAAGCGTCTGC,CD4+ Memory T cell
E2L8_CCATAAGGTTAATGAG,CD4+ Naive T cell
E2L5_GTTCGCTTCGTAGTCA,Conventional dendritic cell
E2L3_AGGGCTCTCTCGAGTA,FCGR3A+ Monocyte
L1_GTGCACGAGACCCGCT,Hematopoietic progenitor cell
E2L6_GGGTGAACAAGGAGTC,Plasma cell
L4_CCTGTTGCAGATACTC,CD4+ Naive T cell
E2L5_TGGGAGAAGGATGTTA,Platelet
L2_GACTATGTCTCGAGTA,NK cell
L2_CAGCAGCGTTGTTGCA,CD4+ Naive T cell
E2L2_AGAGAGCTCGCTTGCT,Plasmacytoid dendritic cell
E2L2_CTGATCCCAAAGGGTC,CD4+ Memory T cell
L3_ACATGCATCCTCGCAT,CD4+ T cell
L3_CTCTGGTTCCTTTGAT,Proliferating T cell
E2L2_ATACCGACACAGCATT,FCGR3A+ Monocyte
L5_GGCACGTCAATAGTGA,Conventional dendritic cell
E2L7_CTCATGCAGTCTGCAT,CD4+ Memory T cell
E2L6_TCAAGCAAGTCAGCCC,NK cell
E2L5_TTGCGTCCATCATTTC,NK cell
L1_TCTTGCGTCGGAATTC,CD4+ Naive T cell
L2_GCCTGTTTCGGAGATG,MAIT cell
L3_ATGGATCAGACTTCGT,Proliferating T cell
L5_GATGTTGAGAGAGGTA,CD4+ Naive T cell
E2L8_GTTACCCGTTCCCACT,CD8+ Cytotoxic T cell
E2L7_CAGATCAAGATGTAGT,CD8+ Cytotoxic T cell
L1_GCCTGTTTCCACTTCG,MAIT cell
E2L2_TGTGCGGAGCTGCCTG,B cell
E2L7_CATGAGTGTGGTTCTA,Plasmacytoid dendritic cell
E2L6_GACCAATCAAGACGAC,B cell
E2L3_ATCTCTATCTTAATCC,Plasmacytoid dendritic cell
L4_CGTCCATCAAATCGGG,CD4+ Memory T cell
E2L7_TGCATCCGTCAGTCCG,Plasma cell
E2L4_GTTGCTCCAGCTGCCA,FCGR3A+ Monocyte
E2L4_GGTGAAGAGCAATAGT,Hematopoietic progenitor cell
E2L1_TTCCACGAGTAGGCCA,CD4+ Memory T cell
L2_TGTACAGAGGTCACAG,CD4+ Naive T cell
E2L5_CATTGAGAGAGGTCAC,Proliferating T cell
E2L3_CCAATTTGTTTAGTCG,B cell
E2L2_AGGAGGTAGCGTTACT,MAIT cell
E2L8_GGTGAAGTCTCAATCT,CD4+ Naive T cell
L4_TTTGACTGTTCTCTCG,Hematopoietic progenitor cell
E2L2_ATTCATCAGTGGCAGT,MAIT cell
E2L6_GCCAGTGAGGGCTTCC,CD8+ Cytotoxic T cell
L2_TCGGGTGTCCCAAGTA,Hematopoietic progenitor cell
E2L7_GCCGTGACACTCTCGT,Platelet
E2L4_CGGAACCTCTGAGTCA,Plasma cell
L1_GTCGAATCAATGGCCC,CD4+ Naive T cell
E2L5_TACTTACTCTCTGACC,B cell
L1_TGAATCGGTAAGAACT,CD4+ Naive T cell
L1_CGGAACCGTGTCCGGT,CD4+ Naive T cell
E2L1_CTCCTCCTCATTGTTC,CD14+ Monocyte
L4_TTCCGGTCATGAGAAT,Plasma cell
E2L4_TCGTAGATCGGAGCAA,CD4+ T cell
L3_GGGACCTGTCTAGATC,CD4+ Memory T cell
E2L1_GCCGATGTCTGGGAGA,Platelet
L1_CCAATGAAGCGTGTTT,B cell
L4_TCGGGACCAAGACTGG,CD4+ Naive T cell
L5_TGCGGCATCTTGAACG,CD4+ Naive T cell
E2L7_GGACGTCTCTTGCAAG,CD4+ Memory T cell
E2L5_GTGCTTCTCGACCTAA,Proliferating T cell
L5_CAATACGTCACGGACC,CD8+ Cytotoxic T cell
L3_ATAGAGATCGTAGGAG,CD4+ Memory T cell
E2L5_CGCCATTAGAGCAGTC,CD4+ Naive T cell
E2L3_TTCGATTTCTGCGGCA,CD8+ Cytotoxic T cell
E2L8_CTCAATTGTACTGCGC,Platelet
E2L7_GTTAGTGGTAGCTGAG,Proliferating T cell
E2L3_TGCTTCGCATTCTTCA,CD14+ Monocyte
E2L4_CTCAGGGTCGACTCCT,Conventional dendritic cell
E2L8_ACTATGGGTCTTACTT,B cell
E2L4_ACTGTGAAGCATCTTG,CD8+ Cytotoxic T cell
E2L7_GCCAGCAGTTAATGAG,MAIT cell
E2L7_ACCATTTCAGGAGACT,B cell
E2L2_TGGGCGTGTATGACAA,FCGR3A+ Monocyte
E2L6_GATTGGTGTCCATCTC,Platelet
L4_GATTGGTTCCTCACGT,B cell
E2L6_AACAAGACAGACAATA,NK cell
L4_TTTAGTCAGTCATAGA,CD4+ T cell
L1_AGACTCACATCGGTTA,Plasmacytoid dendritic cell
L4_CTGGACGCACCTCTGT,NK cell
E2L1_CTTCGGTCAACCGCTG,FCGR3A+ Monocyte
E2L5_GGAACCCAGCCGCTTG,Proliferating T cell
E2L6_GTGTGGCAGTTGGCTT,Plasmacytoid dendritic cell
E2L4_TAGGAGGCAGGACGAT,CD4+ Naive T cell
E2L6_GGGCTACGTGGAATGC,FCGR3A+ Monocyte
L1_GACCGTGGTTCTTCAT,Hematopoietic progenitor cell
L3_ATCTCTAGTTTCCAAG,CD14+ Monocyte
L1_CGGTCAGGTCGTGTTA,CD8+ Cytotoxic T cell
E2L3_ATCGTGACAGGCTACC,CD4+ Memory T cell
L5_GCAGTTAGTGTCTTGA,CD4+ Memory T cell
L2_GTAATGCGTACTCCGG,NK cell
L3_GACTTCCAGGAAACGA,FCGR3A+ Monocyte
L2_CAAGACTAGCATTTGC,Plasma cell
L5_TCAGTCCGTTGGGTAG,Proliferating T cell
L4_GTTTGGAAGTTAGTAG,CD4+ Naive T cell
L2_CATCAAGTCGCGGACT,Proliferating T cell
E2L6_GAGTTACCAGCTTTCC,Conventional dendritic cell
E2L8_TTTACTGGTATCGTAC,CD4+ Memory T cell
E2L7_GGCAGTCCACACCAGC,NK cell
E2L5_GTTGAACAGGAAGTAG,CD4+ Naive T cell
L3_AACGTCACATCGTTCC,MAIT cell
L3_TCACTATAGTGAATAC,MAIT cell
E2L3_AACGAAAAGATGCTAA,B cell
L2_AATGCCAGTCCGTTTC,CD14+ Monocyte
L1_TCCCATGAGAGCCCAA,CD4+ Memory T cell
E2L2_GTTGTCCAGATGAAGG,Platelet
E2L8_TACGGTAAGTTGCTCA,Plasma cell
L3_GCCGATGAGGTGGTTG,CD4+ Naive T cell
E2L7_TGTGGCGGTTCTCCAC,Plasma cell
E2L4_AGATCGTGTTCCGCTT,Proliferating T cell
L5_TGAACGTAGCGATCGA,CD8+ Cytotoxic T cell
E2L8_TCATTCATCGCGTGCA,CD4+ Naive T cell
E2L7_TTGTTCATCCTCTAGC,MAIT cell
E2L5_CACTGGGCAACCGGAA,MAIT cell
E2L3_CGGGTGTCAAGGAGTC,Platelet
L5_TGAGGGACAAGATCCT,CD4+ Naive T cell
E2L2_AACAAGAAGGCTTAGG,CD8+ Cytotoxic T cell
E2L6_TTACAGGTCCACGGAC,B cell
E2L8_ACCATTTTCTGAATCG,NK cell
E2L1_CTGATCCGTAGCGTCC,CD14+ Monocyte
L3_TTCCTCTAGATCACCT,CD8+ Cytotoxic T cell
E2L2_TTACCATGTCAAGCGA,Proliferating T cell
E2L7_TACAACGAGCAGGCAT,Plasmacytoid dendritic cell
L2_GGGTCTGCAGGTTCGC,NK cell
E2L2_ACGATGTAGCCTCATA,B cell
L2_AACGGGACAATGTTGC,B cell
L5_CATTGTTTCCCGAGTG,NK cell
L5_CGAGGAACATTCTCCG,CD4+ Naive T cell
L2_GGAATCTAGGCTAGCA,CD4+ Naive T cell
E2L3_GCGGAAACAATCGCAT,CD8+ Cytotoxic T cell
E2L7_ATGTCTTAGTTGCATC,Hematopoietic progenitor cell
E2L7_TGAACGTAGCTTTCCC,CD14+ Monocyte
E2L2_CTAACCCCAAATGGAT,CD8+ Cytotoxic T cell
L1_TTGTGGATCTCCATAT,CD4+ T cell
L1_ACCAACAAGGATGTTA,CD4+ T cell
L1_CTCAGGGTCGGCAGTC,B cell
L5_CTGCTCAAGAGTGACC,CD4+ Naive T cell
E2L1_TCAATTCCAGCAGATG,CD4+ Memory T cell
E2L7_GCATTAGAGTATGCAA,Plasmacytoid dendritic cell
E2L1_TGTTCCGGTCTGTTAG,Proliferating T cell
E2L4_GCTACCTTCGCCTATC,Conventional dendritic cell
E2L3_GTAGAAAAGCAGGCAT,CD4+ Memory T cell
L4_TACGTCCGTGGTCCCA,CD4+ T cell
L5_CTATAGGAGGCCTAGA,CD4+ Memory T cell
E2L6_AGGTTACTCCGTGCGA,Platelet
E2L2_TCTTTGATCTTTCGAT,Conventional dendritic cell
L5_GTGTAACAGTGCGCTC,CD4+ Naive T cell
L5_ACTATGGTCGACGTCG,CD4+ Naive T cell
E2L8_GGTGGCTCAAGAAACT,CD4+ Naive T cell
E2L8_TTAATCCGTGTCTTCC,CD4+ Naive T cell
E2L1_TTGGGCGGTAGTGCGA,MAIT cell
L5_AAGGTAATCTACTTCA,Hematopoietic progenitor cell
L1_CCTGCATCACGCCACA,CD4+ Naive T cell
E2L4_TCTAACTTCGAGTGGA,Conventional dendritic cell
L4_TCATTCAGTTCTTGTT,Plasmacytoid dendritic cell
E2L6_TCACTATAGGAACATT,CD8+ Cytotoxic T cell
L1_CTCAACCTCATGGCCG,CD4+ Naive T cell
L4_CGGAATTTCGTTCTCG,CD4+ Memory T cell
E2L5_AATCGACCACCAGCCA,Plasmacytoid dendritic cell
E2L6_TACGGGCAGGTGAGCT,Platelet
E2L5_TCCATCGAGCAGCCCT,CD4+ Naive T cell
L3_ATGGGAGGTCCAGCCA,Plasmacytoid dendritic cell
L5_TTCCGGTCAAACCATC,CD4+ T cell
E2L7_ACAGGGAGTAATGATG,Plasmacytoid dendritic cell
L4_ACTGCAAGTCCCTGTT,Platelet
E2L6_TTACGTTCAAGTTTGC,CD8+ Cytotoxic T cell
L5_AAAGTGACAGGTACGA,Plasmacytoid dendritic cell
L1_AGATCGTTCGTCGCTT,CD4+ Memory T cell
E2L3_AGCTTCCCACAATGTC,Proliferating T cell
L1_AAGGTAAGTACTGCGC,CD8+ Cytotoxic T cell
L2_TTCGATTAGTTGAAGT,NK cell
E2L2_GCATCGGCATACTTTC,NK cell
L3_ACCAAACAGGTAGTAT,Conventional dendritic cell
L2_GCAACCGCACGCCACA,CD4+ Naive T cell
E2L5_TTCCAATTCATAAGGA,B cell
L4_GGTAACTGTACTCGTA,CD8+ Cytotoxic T cell
E2L1_CAGAGCCTCTCCGCAT,Conventional dendritic cell
E2L1_TCCCAGTTCACCCTTG,FCGR3A+ Monocyte
E2L5_CGTTGGGGTCCGAAAG,CD4+ Memory T cell
E2L5_ACTTCCGAGTGATCGG,B cell
E2L4_GGTAATCTCCACAAGT,CD8+ Cytotoxic T cell
E2L4_TGCTCCACAGGGAATC,Plasmacytoid dendritic cell
L4_GCTGAATTCTATCGTT,CD14+ Monocyte
L4_ATTCAGGTCAGCTTGA,Conventional dendritic cell
E2L4_CCCTCTCTCTTCGCTG,NK cell
E2L1_GGAGGATGTCCCGTGA,CD4+ Memory T cell
L3_TCAGTCCCACGGCACT,Hematopoietic progenitor cell
E2L6_AGGACGACAACACAGG,CD14+ Monocyte
L1_TCGAACATCTGAGGTT,Plasma cell
E2L1_ACAAAGAGTATCGCTA,Plasmacytoid dendritic cell
E2L8_TGTGTGAAGGGACTGT,NK cell
L1_ATGAAAGTCGACGACC,CD8+ Cytotoxic T cell
E2L3_TCCTCGAGTATGAGCG,Platelet
L4_TGAGGGAAGCACAAAT,CD4+ Memory T cell
E2L4_ACCAAACCAGAGACTG,Proliferating T cell
E2L7_AAGACAATCCTGTTAT,CD14+ Monocyte
E2L4_AAGAACATCTCGCTTG,CD8+ Cytotoxic T cell
E2L2_CGTAATGCAGACCAAG,CD8+ Cytotoxic T cell
E2L3_GTAGTACCAACGTATC,CD4+ Naive T cell
L2_CATGAGTGTTTGCAGT,CD4+ T cell
L4_GATGTTGGTAAGTTAG,Proliferating T cell
E2L6_CCGAACGAGAGCCGAT,Conventional dendritic cell
L5_ACAGCCGCAAGATGGC,CD4+ Memory T cell
L2_GTATTGGCAGGAGGAG,Plasma cell
L2_TCTCTGGCAACAAAGT,CD4+ Naive T cell
E2L8_GATGTTGTCCGAAGGA,FCGR3A+ Monocyte
L2_TCTACATTCCTGTTGC,gamma-delta T cell
L2_TCACACCGTGGTGATG,Proliferating T cell
E2L6_GCCCAGAAGCAGGTCA,FCGR3A+ Monocyte
E2L2_TTCCACGTCCGCTTAC,CD8+ Cytotoxic T cell
E2L3_ATTCCATGTAGCTCGC,NK cell
L5_AGATAGAGTCTACAAC,Proliferating T cell
E2L8_CGTTCTGAGACCAGAC,B cell
L3_GTCCCATTCATACGGT,CD4+ Memory T cell
E2L5_TGTTTGTGTTTGCAGT,B cell
E2L5_ACGTAGTTCCGACGGT,gamma-delta T cell
E2L7_GATGACTTCGCTGTCT,gamma-delta T cell
L3_GGAGGTAAGCATGTTC,CD4+ Memory T cell
E2L7_TGGGTTAGTGCATGAG,CD14+ Monocyte
L5_AAGCATCAGCCTCTTC,Hematopoietic progenitor cell
L5_AAGTTCGCATGGGTTT,CD4+ Naive T cell
E2L7_GTAATCGTCAGACCGC,CD14+ Monocyte
L5_CCTCATGTCCATCCGT,Plasmacytoid dendritic cell
L1_CTACAGAGTGATTGGG,NK cell
L5_TTAGGGTCAGCCTTCT,CD4+ Naive T cell
E2L2_GAGTGAGGTTGCCGAC,Proliferating T cell
L1_TCAGTGATCCGCAAAT,CD14+ Monocyte
E2L8_GTAGAAACAGGTACGA,Plasmacytoid dendritic cell
L1_TCAAGTGGTCAACCTA,Platelet
L5_TAGACTGTCCCTTGTG,FCGR3A+ Monocyte
E2L2_CTCATTACAGATCATC,CD4+ Memory T cell
L2_AGTCACAGTTCGTAAC,B cell
L4_TTTCACACAATATCCG,CD4+ Naive T cell
L3_AAGGTAATCCACATAG,B cell
L2_GATAGCTTCATCCTAT,B cell
L3_ATCGTCCGTTCGGCGT,Platelet
L4_TGTGTGAGTTAAACCC,CD8+ Cytotoxic T cell
E2L1_TACCTGCTCAAGCCCG,NK cell
L3_CATCCCAAGACATGCG,CD4+ T cell
E2L2_CGGGTGTGTACTGTTG,Proliferating T cell
L2_TCTTAGTAGGCCATAG,CD4+ Naive T cell
E2L7_TCCTCTTAGTCGGCCT,Platelet
L1_TTTACTGGTTACCCAA,Hematopoietic progenitor cell
L2_GAAACCTTCGCATTAG,MAIT cell
E2L2_CTCATGCAGACGAGCT,CD8+ Cytotoxic T cell
E2L8_ACATTTCGTATACGGG,CD8+ Cytotoxic T cell
E2L1_GGGTAGATCATTGGTG,NK cell
L3_GCGATCGGTTTACGTG,CD14+ Monocyte
L5_GTCCTCAAGCGGCTCT,CD4+ Memory T cell
E2L4_TCCTCCCGTGTTAAAG,Plasmacytoid dendritic cell
E2L1_TCTCACGTCACGGACC,CD4+ T cell
E2L5_GGGTGTCCATGCTGCG,B cell
E2L2_GTGTAACTCCGCACTT,CD4+ Memory T cell
L2_TATATCCCAGCCGGTT,CD4+ Naive T cell
L3_AACACACTCCTCGATC,MAIT cell
L2_TCTCCGATCAGCGCGT,Plasma cell
L1_CGATGGCTCATGTCTT,FCGR3A+ Monocyte
L2_TGTGAGTCACAGTGAG,CD4+ Naive T cell
E2L5_CAGCCAGAGTGGCAGT,B cell
E2L6_CCCTCTCTCTTCCCGA,CD4+ Memory T cell
L1_ATGGATCAGTCTCCTC,B cell
E2L4_TGTTGGAGTCCTACAA,Plasma cell
L5_CCACACTTCCCGAGAC,Hematopoietic progenitor cell
L4_TATTGCTAGTTACGTC,FCGR3A+ Monocyte
E2L1_AGAAGCGGTGGACCAA,Platelet
L4_TTTGTTGAGTAACGAT,Proliferating T cell
L5_GAGGCAAGTTCAAGGG,Conventional dendritic cell
E2L7_TACGTCCGTGTCGCTG,Plasma cell
E2L3_TTTCATGAGAATCGAT,B cell
E2L7_GCATCTCTCCTCTTTC,CD4+ Memory T cell
L2_ATAGAGATCCTCGATC,CD4+ Naive T cell
L3_CGAAGTTCAGACCTGC,CD4+ Naive T cell
E2L5_TGACAGTGTCACAGAG,MAIT cell
L2_AACCTGACAGGAATAT,FCGR3A+ Monocyte
L4_GATCAGTAGAGCTTTC,CD4+ Memory T cell
L2_CCACCATGTGGCGCTT,FCGR3A+ Monocyte
E2L6_TACAACGGTAGAGATT,FCGR3A+ Monocyte
E2L5_GCCGTGACACCTGTCT,B cell
E2L8_TGTCCCACAGGGCTTC,CD4+ T cell
L4_AACGGGAAGACGCCAA,NK cell
L2_TACGGTAGTCACCCTT,NK cell
L4_CACATGACAAACAGGC,CD14+ Monocyte
L2_AACCATGTCCTCTCGA,Hematopoietic progenitor cell
E2L5_TGTCCACGTGGGATTG,CD4+ T cell
L2_TGCTTGCCATGTTCGA,CD4+ Memory T cell
E2L4_TACCTCGCACGCAAAG,CD4+ Memory T cell
E2L3_TGGATGTAGCAAATGT,CD4+ Memory T cell
E2L1_ATTCTACCATCTAACG,Plasmacytoid dendritic cell
E2L1_AAGTGAAGTGGATGAC,CD8+ Cytotoxic T cell
L2_TCAGTGATCAGCTTGA,CD4+ Naive T cell
E2L3_TCAATCTCACTGTCCT,CD4+ Memory T cell
L2_GACTCTCTCCCATTTA,CD4+ Naive T cell
E2L1_GTAGGAGGTTCTCAGA,CD4+ Naive T cell
E2L5_AATCGACTCCATCGTC,Proliferating T cell
L2_AGGATCTAGTGGACGT,Proliferating T cell
E2L6_GTTTGGAAGATGCTGG,CD14+ Monocyte
L1_TCTTAGTCATCAACCA,CD4+ Naive T cell
E2L8_TGAGCATGTGAAAGTT,Plasmacytoid dendritic cell
E2L5_CAGTTCCAGGTGTGAC,CD4+ T cell
E2L8_GTGCTTCTCCTCTCTT,CD4+ Naive T cell
E2L6_TCCTGCATCCAAACCA,CD8+ Cytotoxic T cell
L4_TCATATCAGGTAGGCT,CD4+ Naive T cell
L1_AGACACTGTGTTAGCT,Plasma cell
E2L1_AACCTGATCGTAGAGG,Platelet
E2L3_CTCCTTTCATCTCCCA,CD14+ Monocyte
L3_AGAACAAAGTGGCAGT,Proliferating T cell
L1_CATCGGGGTCTCCCTA,CD4+ Naive T cell
L5_CCAATTTCAAGAATGT,MAIT cell
E2L8_ACATCCCCATGTTACG,Plasmacytoid dendritic cell
E2L8_CTCAGTCAGTGCCCGT,Proliferating T cell
L4_TCCCACACATGCAGCC,Hematopoietic progenitor cell
E2L2_AGTAACCGTGGCTAGA,NK cell
E2L7_CCTAAGACAATAACCC,NK cell
E2L1_GATGACTCATGCGGTC,NK cell
L5_CGAGTTACATGCCGAC,CD4+ Memory T cell
L1_GTACAACGTAACCAGG,CD8+ Cytotoxic T cell
L1_TGGATGTGTAAGATTG,gamma-delta T cell
L1_CACAGATTCGATACTG,CD4+ Memory T cell
L4_GGGTCACGTCCTCCTA,Conventional dendritic cell
L5_GAAACCTGTGGTCCCA,MAIT cell
L3_GTAACACTCGCAGATT,CD4+ Memory T cell
E2L4_CATGCTCGTCCAGCCA,Conventional dendritic cell
L3_ATCACAGAGAAGTCAT,CD4+ Naive T cell
L2_TGTGGCGGTGAAAGTT,Hematopoietic progenitor cell
L3_TCATATCTCTCTCGCA,CD4+ Naive T cell
L5_CGAATTGAGCAGAAAG,CD8+ Cytotoxic T cell
E2L6_ATTGTTCGTGTCCGGT,Conventional dendritic cell
E2L7_ACGGTCGTCGTTGCCT,NK cell
L1_GCCAGCACAGCAGTTT,Conventional dendritic cell
L4_TACCCGTTCTACGCGG,CD14+ Monocyte
L5_TACATTCGTACCATAC,NK cell
L3_GCCTGTTGTCGAACAG,CD4+ Naive T cell
E2L6_GTCATGACATAACTCG,B cell
E2L3_GCACGGTAGATGTTCC,CD4+ Naive T cell
L5_TACTTGTTCTCTCTTC,NK cell
E2L6_ATCTTCAAGTCTACCA,Conventional dendritic cell
E2L3_AGTCTCCAGAACTGAT,CD4+ Naive T cell
L3_ACCTACCAGGTCACTT,CD4+ Naive T cell
L1_TACGTCCGTGTCCAAT,CD4+ Naive T cell
E2L3_AATTTCCCAATAGTGA,CD4+ Naive T cell
E2L7_CTTACCGAGGTGATCG,Proliferating T cell
L5_GCTGCAGCATGCCATA,Plasma cell
L5_ACATTTCAGGTTAGTA,CD4+ Memory T cell
L2_ACACCAAGTTTCACTT,CD4+ Naive T cell
L1_TTTAGTCCAGCAGTTT,gamma-delta T cell
E2L3_ACGTAGTAGTAGTCAA,B cell
L3_ACCTACCGTCACTCAA,CD4+ Memory T cell
L2_AACTTCTGTCGTCGGT,CD8+ Cytotoxic T cell
E2L5_TCATGCCCAAATGAGT,Proliferating T cell
E2L2_ACCCAAAGTGCGACAA,Conventional dendritic cell
E2L2_TCGCTTGTCGACGAGA,Proliferating T cell
E2L4_GGCTGTGTCCCGATCT,FCGR3A+ Monocyte
E2L3_CGGACACAGCGAACTG,CD8+ Cytotoxic T cell
E2L5_TCTTGCGAGTCTTGGT,CD4+ Naive T cell
L2_TGTCAGATCCATCTGC,CD14+ Monocyte
L4_ATGCCTCCATGGCCCA,FCGR3A+ Monocyte
E2L8_CATGAGTGTCGAATGG,CD4+ Memory T cell
E2L2_GTGAGCCTCACGAACT,CD4+ Memory T cell
L4_TGCATCCCAGACGCTC,Hematopoietic progenitor cell
E2L2_CTCGAGGAGACGCCCT,CD4+ Memory T cell
E2L7_TGCGATAAGTATTAGG,CD8+ Cytotoxic T cell
L1_AAAGTGAGTATCGTAC,CD14+ Monocyte
L2_CGGGTGTTCTCAGAAC,CD4+ Memory T cell
L3_ATCAGGTCATCAACCA,MAIT cell
E2L2_CTTGATTTCCGATCGG,Conventional dendritic cell
L3_TTGCTGCCACTACGGC,B cell
E2L7_ACTTCGCAGCGGCTCT,B cell
L4_TGCAGTAGTGGACTGA,gamma-delta T cell
L3_CGGAACCTCCAAGAGG,CD8+ Cytotoxic T cell
E2L2_CAATCGAAGATCCCAT,B cell
E2L2_ATGAAAGTCTTAGGAC,CD8+ Cytotoxic T cell
L4_AATGGCTTCTACCAGA,B cell
L4_CAGTGCGGTTATGGTC,Proliferating T cell
L5_CCGGGTATCGCTGACG,CD4+ Naive T cell
L2_CCCAACTGTTCAGGTT,CD14+ Monocyte
E2L8_CTCATTAGTGGGTATG,B cell
L2_CTGAATGTCAAGCCAT,B cell
E2L6_TCAATCTCACTGAATC,B cell
L2_TCATGCCAGACTTAAG,MAIT cell
E2L2_AAGCCATGTATCCCTC,Conventional dendritic cell
E2L4_TAACCAGCATCCTTGC,CD8+ Cytotoxic T cell
E2L2_CGTTGGGAGAACAAGG,Proliferating T cell
L1_GCGATCGCAAATGATG,CD4+ Naive T cell
E2L5_CTGCTCACAGTGACCC,CD8+ Cytotoxic T cell
E2L1_CGATGGCCATGAATAG,CD8+ Cytotoxic T cell
E2L5_AGTGTTGGTGTTGCCG,CD4+ Memory T cell
E2L1_ATGCGATCAACCCGCA,CD4+ Memory T cell
L1_GTTGCGGAGTATGTAG,CD4+ Naive T cell
L1_GGGTGAAGTTCGTAAC,MAIT cell
L4_TTACCATCAGCAGTGA,Plasma cell
L2_GATGTTGAGCCAAGCA,CD4+ T cell
L2_TCACATTCAATGGCAG,CD4+ Memory T cell
L2_TCATGTTAGTATGGAT,CD4+ Memory T cell
L2_TTCATGTAGGAAGAAC,Plasma cell
E2L8_GTCACTCTCACCCTCA,CD14+ Monocyte
E2L3_AAAGGGCTCGACATAC,Platelet
E2L7_GTGGGAAGTGAATATG,CD4+ Naive T cell
E2L3_AGCCAATTCCGTGGGT,CD4+ Naive T cell
E2L8_CTTTCAAAGGCACGAT,CD14+ Monocyte
L2_CATTGCCCAGATCACT,CD14+ Monocyte
L4_GATCACATCCAATCCC,Conventional dendritic cell
E2L2_AATGCCATCCTGTTAT,MAIT cell
E2L6_AACGGGATCCAACTGA,Conventional dendritic cell
E2L6_CTGCATCGTGTCTTGA,NK cell
E2L2_GATGGAGCATTCACAG,CD4+ Naive T cell
E2L3_CAGATACAGCCGGATA,Plasmacytoid dendritic cell
L3_TTACCGCAGCCAGTAG,CD4+ Memory T cell
L5_CCTACGTCAGCTACAT,Hematopoietic progenitor cell
E2L5_TGCCGAGTCTGGGTCG,CD4+ Naive T cell
E2L2_AGAGCAGCAGCATTGT,CD4+ Memory T cell
L3_TGCAGTATCGGCCCAA,Proliferating T cell
L1_GTTAGTGCACACGGAA,CD8+ Cytotoxic T cell
E2L7_TGCGGCAAGAGGACTC,MAIT cell
L4_GAGGGTAAGCGCAATG,Hematopoietic progenitor cell
E2L6_CACATGAGTCGAATGG,NK cell
L1_GAGTTGTTCATTCGTT,CD4+ Naive T cell
E2L4_GAGTGAGCAAACCATC,Proliferating T cell
L4_ATCCCTGGTATCAGCT,MAIT cell
L5_TGATGCAAGTCGCGAA,Conventional dendritic cell
E2L2_TGGGCTGGTCGCTTAA,FCGR3A+ Monocyte
L2_GGGACCTGTCCCACGA,Plasmacytoid dendritic cell
L3_GGCTTTCAGTAAGAGG,CD4+ Naive T cell
E2L1_GGAAGTGAGAGTGTTA,Platelet
E2L1_AGGTTACCAATTGAGA,B cell
E2L7_ACTCCCAGTTGGGCCT,CD8+ Cytotoxic T cell
E2L3_TGTAAGCCAATTCGTG,Conventional dendritic cell
L5_CACATGATCGCCGTGA,NK cell
E2L8_GGTGTCGCAAGCACCC,CD14+ Monocyte
E2L4_GGATCTAGTCGAGTGA,CD8+ Cytotoxic T cell
L5_CATGGTACAAGGTCTT,gamma-delta T cell
L5_GGAACCCGTTCTCAGA,Plasmacytoid dendritic cell
E2L2_AAATGGACATTGTGCA,Conventional dendritic cell
E2L1_CTTGAGACAAAGGCGT,CD4+ Memory T cell
E2L2_GCACGGTGTTGACTGT,NK cell
L4_CTATAGGTCCCGTTCA,NK cell
E2L8_CTGATCCTCCTCAGGG,CD8+ Cytotoxic T cell
E2L2_TGCTGAAGTCGTTGGC,B cell
E2L3_CGTTCTGGTAGAGCTG,MAIT cell
E2L6_ACGTAGTTCGATCCCT,Plasma cell
E2L7_GTGCTTCCACCAGCTG,Platelet
E2L4_TCGTAGACAACACGAG,B cell
E2L4_TTCACCGCACTTGTCC,Plasma cell
E2L2_ACGTAGTGTATTCCGA,B cell
E2L1_TTGTGTTCACCGGCTA,B cell
L5_CCTCATGCATGACGAG,NK cell
E2L4_TTTCAGTTCCTATTGT,MAIT cell
E2L5_TGTAACGCAACACAAA,gamma-delta T cell
E2L2_CGGGTCATCCAGCCTT,CD14+ Monocyte
L1_GTTAGACTCTAGTTCT,CD4+ Naive T cell
L1_GTACAACAGTTATGGA,Hematopoietic progenitor cell
L1_GAGTTTGTCGTAGAGG,CD8+ Cytotoxic T cell
L3_TCGCTTGCAACTCCAA,B cell
E2L4_TCGGATATCTTCCCGA,CD4+ Naive T cell
E2L7_TTACAGGAGCTCGGCT,NK cell
E2L6_GAGAAATCACGGCACT,Plasmacytoid dendritic cell
L1_GTTATGGTCTCACTCG,CD4+ Naive T cell
L3_CAGATACCACAAGGTG,NK cell
E2L6_CCTACGTTCGAATCCA,MAIT cell
E2L5_GTTTACTTCTGTTCAT,Plasma cell
L4_CCACGAGAGAGAGTTT,MAIT cell
E2L6_TAAGCACAGTACGAGC,Plasmacytoid dendritic cell
L5_GTACAACAGACAGCTG,CD4+ T cell
L4_ATGTCCCCATACAGGG,CD4+ Memory T cell
E2L4_ATTACCTAGATACAGT,Proliferating T cell
L1_GGGCTCAGTTCTTAGG,Hematopoietic progenitor cell
L1_CACTAAGCACGAAAGC,MAIT cell
E2L6_AGTTAGCTCTAAGCGT,Plasmacytoid dendritic cell
L4_CTCCCTCGTCCGAAGA,Plasmacytoid dendritic cell
L5_ACCCTCAGTGGATCAG,FCGR3A+ Monocyte
L2_GCCAGCATCGAGCCAC,NK cell
E2L8_TATCAGGCAAGTTGGG,Hematopoietic progenitor cell
L1_CCGGGTAGTTTACTGG,Plasma cell
E2L8_GGGACAATCTTGGTCC,NK cell
L1_CTCCATGCATCGGCCA,CD4+ T cell
L5_TTACCATAGATAACAC,CD8+ Cytotoxic T cell
E2L7_ATTCCTACAGGTCCCA,CD4+ Memory T cell
E2L2_CTTACCGTCTCCTGCA,CD8+ Cytotoxic T cell
L4_CCATCACAGACGCCCT,CD8+ Cytotoxic T cell
L1_AGGGTCCAGACTACCT,Plasmacytoid dendritic cell
E2L3_TTCACGCCAGCAGTTT,CD4+ T cell
L2_GAATCGTTCCACGTGG,B cell
L3_GTCGTAATCCGTGACG,CD14+ Monocyte
L2_GAGATGGTCGAATGCT,Hematopoietic progenitor cell
E2L8_TTTGATCCAATGTGGG,Platelet
E2L7_AACCATGAGCGGGTTA,Conventional dendritic cell
E2L6_GGGAGATGTGCATTTG,CD4+ Memory T cell
E2L4_CATGAGTCACGACGCT,Proliferating T cell
E2L6_TCAGTCCGTGTTACTG,Conventional dendritic cell
L1_GTATTTCCATGGCTGC,Hematopoietic progenitor cell
E2L1_CTTCTAACAGGCTCTG,Hematopoietic progenitor cell
E2L4_TACCCACCACCGCTGA,CD4+ Memory T cell
L5_TACATTCTCTTTGATC,CD8+ Cytotoxic T cell
E2L6_GCCGTGAGTAGACAGC,CD4+ Memory T cell
E2L7_GTGCAGCTCCGTGGGT,CD4+ Memory T cell
L5_CGCCAGACAAACCACT,CD8+ Cytotoxic T cell
L1_AGGCTGCTCTAGCCTC,Plasmacytoid dendritic cell
E2L2_CCACGTTGTGGGACAT,B cell
L4_GTAAGTCGTCGCATGC,Conventional dendritic cell
E2L1_AATAGAGTCCGGACGT,NK cell
L2_TTGTGGATCTGCCTCA,MAIT cell
E2L4_AGGTCTAAGCCTCAGC,NK cell
L2_GTGCAGCAGGTTGGTG,Proliferating T cell
L1_ATTGTTCAGCCACAAG,CD4+ Naive T cell
L3_GATCACACAGTTCCAA,Platelet
E2L6_CACTAAGTCGTTCTAT,FCGR3A+ Monocyte
L4_GGAATGGCAGAAGCGT,CD4+ Naive T cell
L2_CATGCTCAGTATGATG,CD4+ Naive T cell
L5_GTAGGTTCATCCTAAG,CD4+ Naive T cell
E2L4_ACGATCACAATAGAGT,Platelet
E2L2_AATCACGCATCCGATA,NK cell
E2L2_TCAGTGATCTAAGCCA,gamma-delta T cell
E2L2_CAAAGAAGTACCGGAA,CD8+ Cytotoxic T cell
E2L6_CCGGACAAGAGTTGTA,Plasmacytoid dendritic cell
E2L5_TTCGCTGGTCAGGAGT,B cell
E2L7_TTTACTGCAGCGTTGC,Conventional dendritic cell
L4_TACCTCGCACACACGC,CD8+ Cytotoxic T cell
L5_CGACAGCTCTCGTGAA,CD4+ Naive T cell
L5_CCCTGATGTCCCGGTA,Plasma cell
E2L3_TAGACCATCTTTGATC,CD4+ Memory T cell
L1_AGGCTGCTCTGCGGAC,CD4+ Naive T cell
E2L3_TAACGACAGCCTTTGA,Hematopoietic progenitor cell
E2L6_GTTCTATAGGAGGCAG,CD4+ Naive T cell
E2L3_ATATCCTTCTGCTTAT,CD4+ T cell
E2L1_AGTCAACAGCATGCAG,Conventional dendritic cell
L1_GTCTCACCATTGTCGA,CD4+ Memory T cell
L4_CGAGGAAGTTCAGCGC,CD4+ Naive T cell
L4_GTGCAGCCAAATAAGC,CD8+ Cytotoxic T cell
L3_ACGGTCGGTGCCGTTG,B cell
E2L3_TCATATCTCTGCGATA,CD4+ Memory T cell
E2L2_TGCAGATTCACGGTCG,CD8+ Cytotoxic T cell
E2L7_CCACACTCACGCGTGT,NK cell
E2L7_GTGCAGCCAAGATGTA,FCGR3A+ Monocyte
L5_TTACAGGGTTCTTGCC,FCGR3A+ Monocyte
E2L2_CCCTCAAAGTGGCAGT,CD8+ Cytotoxic T cell
E2L7_GAAGTAAGTATCAGCT,Platelet
L3_GGTCACGCACCGTCTT,CD4+ Naive T cell
L2_TCCTAATTCCAGTGCG,CD4+ Naive T cell
L2_TTCCTCTTCGGCTATA,CD4+ Naive T cell
L1_TGATCTTTCGCTGACG,CD4+ Memory T cell
E2L2_TTTACCAGTCAAGTTC,Proliferating T cell
E2L5_GATGGAGTCCGCGGAT,Platelet
E2L2_GCAACATGTATACCTG,Conventional dendritic cell
L2_CTTTCGGAGAGAGCCT,B cell
E2L8_TCCGGGAGTGTTGATC,CD8+ Cytotoxic T cell
E2L7_TCATGAGGTCTCAAGT,CD14+ Monocyte
L1_GTGAGCCAGATTCGCT,Conventional dendritic cell
E2L5_ATAGACCTCAATCCGA,CD4+ Memory T cell
E2L3_AGTCTCCAGTTGAAAC,B cell
L3_AGGGTTTGTGTGACCC,Platelet
E2L5_GAAATGATCGCGTGCA,CD4+ Naive T cell
L4_TCTACCGAGCGTTGTT,CD4+ Naive T cell
E2L5_AGGAGGTAGTGTTCAC,Proliferating T cell
E2L8_ACGTAGTTCATGAAAG,NK cell
L3_TCACACCCAAGTGGGT,CD4+ Naive T cell
E2L3_TACTTGTTCGAAGCCC,FCGR3A+ Monocyte
E2L5_CAAGAGGCATACTTTC,CD8+ Cytotoxic T cell
L5_GTAGAGGTCTTTACAC,CD8+ Cytotoxic T cell
E2L6_TGAGGAGTCGTACCTC,Plasmacytoid dendritic cell
L1_TAATCTCAGCGTGTTT,CD8+ Cytotoxic T cell
E2L1_ACCACAAAGAGCATAT,MAIT cell
E2L7_AACAAAGGTTCAGTAC,CD14+ Monocyte
L5_CGTTAGATCGGACAAG,CD4+ Memory T cell
L3_ACACCAAGTAACGCGA,B cell
E2L6_TACAGGTTCTGCCTGT,Proliferating T cell
E2L2_GTCATCCTCCTCGATC,CD8+ Cytotoxic T cell
L1_GCAACCGGTAGTGTGG,B cell
L5_CATCAAGCATTCATCT,Conventional dendritic cell
E2L7_TAACCAGGTGGCTACC,CD8+ Cytotoxic T cell
E2L1_AGGGTTTGTGCGGTAA,Hematopoietic progenitor cell
L5_TCAAGCATCCGAAATC,CD4+ Memory T cell
E2L1_GCGATCGAGTATGACA,Plasmacytoid dendritic cell
E2L3_AGACAAAAGATGACCG,Proliferating T cell
L3_GGCTTTCTCCTAAACG,CD4+ Memory T cell
E2L8_ATCCTATAGAGGGTGG,B cell
L2_TAGTGCACAATCTGCA,MAIT cell
E2L8_GTTGCTCTCGGTGTTA,CD8+ Cytotoxic T cell
L2_TTACAGGCAGACGGAT,Plasmacytoid dendritic cell
E2L7_CCGGTAGGTGTAGCAG,CD4+ Memory T cell
E2L4_ACAGGGATCGGTGTAT,CD4+ Naive T cell
L2_CCGATCTGTCGTGGTC,CD4+ Naive T cell
E2L8_TCTTGCGTCAGCTTGA,B cell
E2L2_ACGTTCCAGCTGGCTC,NK cell
E2L2_TTGAACGGTGTTTGCA,NK cell
E2L8_AAGACTCAGCGATCGA,CD8+ Cytotoxic T cell
E2L5_GCATTAGGTACAGTTC,Plasma cell
E2L4_GCCAGGTTCTGTCGTC,Proliferating T cell
L4_GCATCGGCATGGCTGC,MAIT cell
L4_ACCATTTAGCATCCCG,CD8+ Cytotoxic T cell
L3_TGCGACGGTGGTCCCA,Conventional dendritic cell
L2_TTAGTCTTCTGGCCAG,CD4+ Naive T cell
E2L8_TCATGTTGTGTTCAGT,NK cell
L4_GCGGATCCAACGGGTA,Plasma cell
E2L1_TCAAGACGTATCGGTT,CD4+ Naive T cell
L5_GAAGTAATCTTCGTGC,MAIT cell
E2L2_TTTGATCAGCCATTCA,NK cell
L3_TGGGAGAGTCCGCAGT,FCGR3A+ Monocyte
L5_CGGAGAATCAGCTCTC,Conventional dendritic cell
E2L6_TTCGCTGGTACGGTTT,NK cell
L1_GCTGAATCATGGAGAC,CD4+ Naive T cell
E2L8_ATCTCTAAGGCCATAG,B cell
L4_TACTTCAGTAAGATTG,B cell
E2L5_CTCCTTTTCACTTGGA,B cell
E2L3_CGGGCATGTCCAAGAG,CD8+ Cytotoxic T cell
E2L7_GTGATGTGTATGGGAC,CD14+ Monocyte
L3_TGTAGACTCACTGAAC,B cell
L2_TGAGCATCAATGACCT,CD4+ Memory T cell
L5_TGATCAGAGATGGTCG,NK cell
E2L6_TCCCACATCAAGGTGG,Conventional dendritic cell
L5_CGTAGTATCGACCACG,CD4+ Naive T cell
E2L4_ACTATCTTCGACACTA,B cell
E2L5_TACACCCTCTGTCCCA,CD4+ T cell
L3_TACTTCACAAGACGAC,gamma-delta T cell
L4_CTCTCAGAGACGCTCC,CD14+ Monocyte
L4_GGAAGTGAGGTGATCG,MAIT cell
L2_TTCCGTGCAATAGTAG,Plasma cell
L4_TGCGGGTAGCGTCAGA,B cell
E2L5_TCATGTTCAATCTCTT,CD4+ T cell
L1_TCGAAGTCAACCTAAC,Conventional dendritic cell
L3_AAACCCATCTGTCAGA,CD8+ Cytotoxic T cell
L5_GTAGGAGAGCTGGCTC,CD4+ Naive T cell
L4_AAAGAACTCCAACCGG,CD8+ Cytotoxic T cell
L2_AGAAATGGTGCCTTCT,B cell
L2_CTCCAACCAGCATCTA,Hematopoietic progenitor cell
E2L5_GGTGGCTGTGACTGAG,B cell
E2L7_GTAGAGGCAGGTCAGA,Plasmacytoid dendritic cell
E2L5_TGGAACTGTGCAGATG,CD8+ Cytotoxic T cell
L5_GGTTCTCCAGATAAAC,CD4+ Naive T cell
E2L5_GTCGAATTCCATCGTC,CD8+ Cytotoxic T cell
L2_GAGTCTACATATCGGT,Conventional dendritic cell
E2L5_CGCCATTCATGCCATA,CD8+ Cytotoxic T cell
L1_AACCTTTAGAGAGCCT,CD4+ Naive T cell
L3_TTGCATTAGGAGTATT,MAIT cell
E2L7_GTAGGTTTCCCAAGTA,CD4+ Memory T cell
E2L6_CGCATAAAGTCGTTAC,CD14+ Monocyte
E2L5_GCCAGGTCACGGATCC,CD8+ Cytotoxic T cell
L2_CTTGATTAGCCACCGT,CD4+ Naive T cell
E2L3_TCCTTTCTCTGGTTGA,CD8+ Cytotoxic T cell
E2L6_ATCACTTTCCCAAGTA,CD14+ Monocyte
L5_ACACCAACACCCAATA,CD8+ Cytotoxic T cell
E2L1_AGCGTATCATCCGGTG,CD4+ Naive T cell
E2L2_AGCCAGCAGGGCTAAC,Plasmacytoid dendritic cell
L3_CGCCATTTCCGTATAG,CD4+ Naive T cell
E2L4_CCATAAGAGGATGTTA,NK cell
E2L7_CTGGTCTAGCATTTGC,CD4+ Memory T cell
E2L6_GCGGATCTCCAATCTT,B cell
E2L4_TCTCTGGTCTAGTTCT,Platelet
E2L1_GATCATGGTAGAATAC,CD14+ Monocyte
E2L1_TCTATCATCTTCTAAC,CD8+ Cytotoxic T cell
L1_CTATCCGTCTCGCTTG,Proliferating T cell
L5_TCCTTCTCAGCGTTTA,Hematopoietic progenitor cell
E2L7_TACCGAAGTTGGGAAC,MAIT cell
E2L7_TGGTTAGTCTGGTGCG,Plasmacytoid dendritic cell
L4_AAAGTGATCGTTCTCG,Platelet
E2L5_GAGTCTACAGGTAGTG,Plasmacytoid dendritic cell
E2L6_TTTATGCCACCAGACC,CD8+ Cytotoxic T cell
L1_GTTAGACTCCTAACAG,CD4+ Memory T cell
E2L7_CTTCCGATCCTTGAAG,B cell
L1_ACTCTCGAGTCCTGCG,CD4+ Memory T cell
L2_TCACGGGGTTCCTTGC,B cell
L1_TGTCAGAGTCTCGGAC,CD4+ Naive T cell
E2L4_AACCCAACAATAGAGT,Plasma cell
L4_GCTACCTGTGCTATTG,B cell
L4_CGAGTGCAGCAGGTCA,CD4+ Memory T cell
L2_GTCAGCGGTTTGAAAG,CD14+ Monocyte
L4_CGAATTGGTTACGCCG,NK cell
E2L7_CATCGGGAGCGTGTTT,CD4+ Memory T cell
E2L8_TCATTCACATGTACGT,CD8+ Cytotoxic T cell
E2L7_TCCTCGAAGTGCCGAA,B cell
E2L3_ATCGTCCCACATAGCT,CD14+ Monocyte
L3_CGTTAGAAGGCCTTCG,MAIT cell
L2_GGGTCTGGTACACTCA,CD4+ Naive T cell
L5_CTAACTTTCCCGAACG,Platelet
E2L7_GTGCACGGTCGTGTTA,CD4+ Memory T cell
E2L2_CCATCACCACGAAAGC,B cell
E2L4_TGCTCGTCACAACGCC,CD4+ Memory T cell
E2L2_CGGAACCAGGTTCATC,Platelet
E2L8_TTGTTCATCCCGTTCA,Plasmacytoid dendritic cell
E2L8_GCCATTCTCCGTAGGC,B cell
E2L3_TTGGGCGGTCTGTGTA,Conventional dendritic cell
L2_TTGAACGAGCACTTTG,NK cell
E2L2_TGGAGAGCACTCCACT,FCGR3A+ Monocyte
L1_GATGTTGTCCTTACCG,FCGR3A+ Monocyte
L2_CTAACCCCAACCCGCA,CD4+ Naive T cell
L2_GAAATGAAGCCAGTAG,Plasma cell
E2L1_AACCACAGTAACGGTG,CD8+ Cytotoxic T cell
L5_GAGCCTGTCAAGCTTG,NK cell
E2L4_CATAGACTCGGTAGAG,B cell
E2L1_GTCTCACAGCTGTGCC,Conventional dendritic cell
E2L1_GGGCCATGTGCCTATA,CD4+ Memory T cell
E2L5_CATCGGGGTCCGTACG,B cell
E2L5_CCCATTGAGTGCAGGT,Plasma cell
L2_TTGTTGTGTCGGTGAA,Conventional dendritic cell
L5_ACTATTCCAGGCCCTA,CD4+ Naive T cell
L3_TTCAATCTCGGTGTTA,Hematopoietic progenitor cell
E2L4_CTCTCAGGTAACGATA,Proliferating T cell
E2L1_TCTTCCTGTACCGGCT,B cell
L5_GGATGTTCAAGAGGCT,CD4+ Naive T cell
L4_AACAACCTCAACCCGG,CD14+ Monocyte
E2L4_CCGAACGTCATAGGCT,CD4+ Memory T cell
L2_CTGATCCTCTCAAAGC,MAIT cell
L4_TCATCCGCATTGAAGA,Conventional dendritic cell
E2L4_TGGGCGTAGGTCCCTG,CD8+ Cytotoxic T cell
L4_CATTCCGAGGGTCACA,B cell
E2L5_CTCTCAGGTAGCTGCC,CD4+ Naive T cell
E2L8_TATCTTGAGATGACCG,FCGR3A+ Monocyte
L5_TCAATTCGTAGGAAAG,CD4+ Naive T cell
L5_AGGATAATCACTCCGT,CD4+ Naive T cell
E2L8_ACGGGTCTCGTAATGC,CD14+ Monocyte
L1_GAGGGATGTTGAATCC,Hematopoietic progenitor cell
E2L5_AGTGACTGTCCTACAA,Platelet
E2L4_CGAGGCTCAGCCGGTT,MAIT cell
L3_TCTACATGTCTGTGGC,MAIT cell
L5_CATTCTAAGTGGTTAA,Hematopoietic progenitor cell
E2L1_TTCCTAAAGTACTGGG,CD8+ Cytotoxic T cell
E2L2_GGAGGATGTTCGGGTC,NK cell
E2L7_GCGTGCACAGTTTCAG,CD4+ Memory T cell
E2L6_CCAATGAAGGCTGGAT,FCGR3A+ Monocyte
E2L8_TCCGATCCACCATATG,CD8+ Cytotoxic T cell
L1_TCGCACTTCCCGTGAG,CD4+ Naive T cell
E2L1_TCCTTTCCACCCTAGG,FCGR3A+ Monocyte
L1_TTCTAGTAGAGGTCAC,CD4+ Naive T cell
L3_AAACGAAGTCCTTGTC,Conventional dendritic cell
L2_CTCAGTCGTCGTAATC,Proliferating T cell
E2L3_TGATGCAGTGATACCT,NK cell
E2L5_AAGTTCGAGCACTCGC,CD4+ Memory T cell
L2_GAGTTACTCTTCGGAA,NK cell
L5_GGTTCTCGTTCCAGGC,Hematopoietic progenitor cell
E2L4_CGTAGTACACTATCGA,MAIT cell
E2L5_ATGATCGAGAATCGTA,Conventional dendritic cell
E2L6_GGTCTGGTCTCGGTAA,CD8+ Cytotoxic T cell
L2_CAAGGGAAGGCCATAG,CD8+ Cytotoxic T cell
L3_ACAACCAGTCTGTCAA,CD8+ Cytotoxic T cell
E2L1_TCACATTCATCTTAGG,CD4+ Memory T cell
E2L3_TTGGGTATCCCGTGTT,CD8+ Cytotoxic T cell
E2L5_ATGTCCCCAACCGATT,CD4+ Memory T cell
E2L4_CTCCTTTTCTCTGCTG,CD14+ Monocyte
L3_AGCGATTCAGCCTATA,CD14+ Monocyte
E2L3_ACCTGAAGTGAACGGT,CD4+ Naive T cell
E2L1_TGAGTCATCAGGAAAT,CD8+ Cytotoxic T cell
E2L2_TTTGACTTCCGCACTT,CD4+ Memory T cell
L2_GTGAGGAGTACAAGTA,MAIT cell
L1_GAATAGACACAAGCAG,Hematopoietic progenitor cell
E2L8_CACGGGTCAGTATACC,CD4+ Naive T cell
E2L3_TGGTTAGTCTTCGTAT,CD8+ Cytotoxic T cell
E2L5_CTTGATTAGAGATGCC,Platelet
E2L2_TCGTGGGAGAATCCCT,CD4+ Naive T cell
L4_GTTTGGAAGTTGGCTT,CD8+ Cytotoxic T cell
E2L6_ATCGGCGAGAAGTCCG,Plasmacytoid dendritic cell
E2L3_GTTACAGGTTAGGAGC,Plasmacytoid dendritic cell
L1_CGAGAAGTCCAATGCA,CD4+ Memory T cell
L1_ATCGGATAGACCAACG,CD4+ Naive T cell
E2L3_GCTTTCGTCGACGATT,Conventional dendritic cell
E2L5_CGCGTGACACACGGAA,B cell
E2L6_GGGCGTTTCACCTTGC,gamma-delta T cell
E2L7_TGGTGATGTTTGAAAG,Hematopoietic progenitor cell
E2L3_CCCTCAAGTAGCTGAG,B cell
E2L5_GACCGTGGTCGTCTCT,B cell
L2_TCGAAGTTCAAAGCCT,CD4+ Memory T cell
E2L5_CCGCAAGTCGTTCCTG,CD4+ Memory T cell
L4_AACCATGCATAACTCG,CD4+ T cell
E2L4_GTGTTCCCAATACGAA,CD4+ Memory T cell
L3_CTCATTAGTCATGGCC,CD8+ Cytotoxic T cell
L5_TCGACCTTCGCGTCGA,CD14+ Monocyte
E2L4_AAAGTGATCTTTACAC,NK cell
L1_ATTGTTCCAACAAAGT,CD4+ Naive T cell
E2L4_GTGGAAGCACAGTGAG,Platelet
E2L3_GTGCACGCATCTTAGG,NK cell
L1_GGTGATTGTCTTTATC,CD4+ Memory T cell
E2L2_CTTTCGGGTAGATTAG,CD14+ Monocyte
E2L5_TCGCTCACAATGGGTG,CD8+ Cytotoxic T cell
E2L2_TACCGAAGTTGACGGA,Conventional dendritic cell
E2L2_AGGGCTCTCCACTGGG,Plasmacytoid dendritic cell
E2L7_GTGTGATGTAATGATG,CD8+ Cytotoxic T cell
L3_TCGGGACGTCAAGTTC,Proliferating T cell
E2L7_TGAATGCTCAGTGTTG,B cell
L1_GTGCTTCAGTCATACC,NK cell
E2L5_CGGGTCACACATACTG,B cell
E2L6_GGATCTATCATCGCAA,Platelet
E2L5_GGAATCTCACTACCCT,CD8+ Cytotoxic T cell
E2L5_TTGGTTTGTGTTCCAA,Platelet
E2L5_TAACACGTCTGTCGTC,CD4+ Naive T cell
E2L3_AAAGTGACACCAGCCA,Proliferating T cell
L3_AAAGTGAGTGAGATTA,B cell
E2L8_GCACATAAGCTAGAGC,NK cell
E2L4_AGGACTTCACGAGGAT,Conventional dendritic cell
E2L8_CAATCGAAGTTGGAAT,CD14+ Monocyte
L1_TTCAATCTCTCTCCGA,NK cell
E2L2_CGGTCAGAGACATAAC,CD8+ Cytotoxic T cell
E2L1_GATGATCAGATACCAA,B cell
E2L8_CGTCAAAGTTCGGTCG,B cell
E2L6_TTGTTCACAGGCCCTA,Plasma cell
E2L3_ATCATTCTCGCGTAGC,B cell
E2L3_TAGACTGTCGTAGAGG,Platelet
L3_TTTGATCTCCAACACA,Plasmacytoid dendritic cell
L2_CATCCCATCGCAGATT,MAIT cell
L2_TCCTCGAAGTTACGTC,CD8+ Cytotoxic T cell
E2L6_CACAACACAATTCTCT,B cell
L2_CCCTGATTCCTTTGAT,CD8+ Cytotoxic T cell
L5_AACGAAATCCACTGGG,CD4+ Naive T cell
L4_ACCACAAGTTCGAACT,Plasmacytoid dendritic cell
L2_AGTACCATCTGTTCAT,B cell
E2L6_ATTATCCCACTCTGCT,B cell
E2L7_CATCCGTCATACGCAT,NK cell
E2L8_CCTTTGGTCCTTTAGT,NK cell
E2L6_CATAGACTCGGTCTGG,Proliferating T cell
L4_TTGCCTGCATACTGTG,B cell
E2L8_TCCATGCGTATAGGGC,CD8+ Cytotoxic T cell
L2_GACATCAGTCACCGCA,CD4+ T cell
L3_TTTACGTGTCTGATAC,Plasma cell
L4_AAGATAGTCGCGATCG,CD14+ Monocyte
E2L7_AATTCCTCATGCCGCA,CD4+ Naive T cell
L2_GATTCTTGTCCTTAAG,Plasma cell
E2L8_TCATCCGCAGTCAGTT,CD4+ Naive T cell
E2L5_AGTTAGCTCGCTAGCG,Proliferating T cell
E2L2_AGACACTGTTAAGACA,Proliferating T cell
L1_GTGAGCCAGGTCTTTG,CD4+ Naive T cell
E2L1_TATTGCTAGCCATTCA,MAIT cell
E2L2_GATAGAACATCAGTCA,CD4+ Memory T cell
E2L8_ACGGTCGAGGGTTTCT,gamma-delta T cell
E2L3_GTCGTTCTCGTCCATC,Conventional dendritic cell
L3_AGGAGGTCAGAGGGTT,Plasma cell
L1_AGACAGGGTGCATTAC,CD4+ Naive T cell
L1_TCACGCTGTACCAGAG,CD14+ Monocyte
E2L3_CATCCACGTAGTGGCA,Plasmacytoid dendritic cell
E2L2_GAGGGTAGTTTGAAAG,Proliferating T cell
E2L6_TAGACTGGTCGAAGCA,CD8+ Cytotoxic T cell
E2L8_CTTCTCTAGTATAGGT,CD14+ Monocyte
L5_ACCGTTCAGCATGTTC,Conventional dendritic cell
L4_AAGACTCAGGTGCCAA,CD4+ Naive T cell
E2L6_TTCCGGTCAACTCCCT,NK cell
L1_GCCATTCTCATCGGGC,CD4+ Naive T cell
E2L8_TGTCCTGTCAGACCGC,CD8+ Cytotoxic T cell
E2L8_CAACCTCGTAACCAGG,CD4+ Memory T cell
L5_CCGTGAGAGATGCTAA,Plasma cell
L1_TGTGCGGTCATTACGG,Proliferating T cell
E2L5_CGTAAGTGTCACAGAG,Plasmacytoid dendritic cell
E2L8_CTCCCAACAGTGGGTA,CD4+ T cell
L5_CGGACACGTGAGTCAG,FCGR3A+ Monocyte
E2L6_TCGGATAGTCGCATTA,CD4+ T cell
L3_GGAGGATGTGCGGATA,B cell
E2L7_GGAATCTAGGATTCCT,Proliferating T cell
L1_AGCGCTGTCAGCTGAT,Plasma cell
E2L1_GTATTTCTCTTACTGT,CD8+ Cytotoxic T cell
E2L4_GGCTTTCGTCGCTTAA,FCGR3A+ Monocyte
L1_TAAGCACCAGAGGCTA,Proliferating T cell
E2L8_AAGACTCGTTCTTGCC,CD8+ Cytotoxic T cell
L5_CGGGACTGTAACCCTA,Proliferating T cell
L2_GTCAAGTCACAATTCG,Hematopoietic progenitor cell
L1_GAAGTAAGTGCCCTTT,CD4+ Memory T cell
L4_CATGGTAGTCTACTGA,Proliferating T cell
L5_TAGGAGGCAGAGTCAG,FCGR3A+ Monocyte
L5_CAAAGAAAGAAAGCGA,B cell
E2L6_CAGGCCAAGCCTCATA,CD14+ Monocyte
E2L6_GCACATATCCATTGCC,CD4+ Naive T cell
E2L8_GACAGCCCATGTTCAG,CD4+ Memory T cell
E2L2_TGTTTGTGTTTACCAG,CD4+ Naive T cell
E2L4_GCACGTGCACTCATAG,CD14+ Monocyte
E2L1_TCTGCCAAGCAAGTCG,Conventional dendritic cell
E2L5_TGGGCTGCAACAGAGC,CD4+ Naive T cell
L2_GGGTCACCATTATGCG,CD4+ Naive T cell
L1_GATTGGTGTTTACTGG,CD8+ Cytotoxic T cell
L5_CTGTAGAGTATTCCTT,MAIT cell
L5_GGGTTATCACATGTTG,CD4+ Naive T cell
E2L8_TTGAACGAGGATCACG,NK cell
L4_GACCCTTGTAGTGTGG,FCGR3A+ Monocyte
L1_CATACCCGTTCCGCTT,CD4+ T cell
E2L4_ATCCACCGTAGCGCCT,CD8+ Cytotoxic T cell
L3_TGGAGGAGTGTTGATC,CD4+ Naive T cell
L2_CATGCAACACCCAAGC,B cell
E2L1_AGACACTGTGTCGCTG,CD14+ Monocyte
E2L6_GTAGAAACAAGACAAT,CD4+ Naive T cell
E2L7_TGATCTTAGACTGTTC,CD4+ Memory T cell
L3_CTGGACGGTGATTAGA,CD4+ Naive T cell
E2L3_GCCATGGTCGTTCTCG,CD8+ Cytotoxic T cell
L4_TTCGGTCCAAATTGCC,CD4+ Naive T cell
L1_CATACTTGTCATATGC,CD4+ Naive T cell
L2_AATCGACTCAATGCAC,FCGR3A+ Monocyte
L3_ACTCTCGAGACGACTG,CD4+ Memory T cell
E2L6_GGGTGTCAGATTCGCT,NK cell
E2L3_TTGACCCCACCATTCC,Plasmacytoid dendritic cell
E2L4_GTGATGTAGATGCTGG,NK cell
E2L7_AGATGCTTCCAAAGGG,Plasmacytoid dendritic cell
L3_TTTGATCAGTCGTCTA,CD4+ Naive T cell
E2L2_AGTTAGCTCTTCCGTG,CD4+ Naive T cell
L2_ATCACAGAGATGCTGG,CD14+ Monocyte
L4_CTCGAGGCAAATTGGA,CD4+ Naive T cell
E2L3_TTGCGTCTCTCATTTG,CD4+ Memory T cell
E2L3_AGACTCAAGTGAGTTA,B cell
L2_ACACCAAGTGTAGTGG,CD4+ Naive T cell
L3_TCGAACACACCAAAGG,Hematopoietic progenitor cell
E2L8_TTCCAATTCACCATGA,Plasma cell
L5_GTGGCGTAGACCAGCA,CD4+ Memory T cell
E2L2_AAGTTCGTCGGCAGTC,Plasma cell
L3_TACGTCCCACGAGGTA,CD8+ Cytotoxic T cell
L4_TGTTCCGCAAATCAGA,CD4+ Naive T cell
L1_GATCACAGTACAGTAA,CD4+ Memory T cell
L2_GTCACTCTCACGAGGA,B cell
L5_ACGATGTAGGAACGAA,MAIT cell
E2L5_ACTTCCGTCACATTGG,B cell
L1_AGTGTTGAGAAGTGTT,MAIT cell
L1_GCTGCAGTCCGTTTCG,Conventional dendritic cell
E2L3_CGCATAACACTACCCT,FCGR3A+ Monocyte
L1_CCCTCTCGTCATCTAG,CD4+ Memory T cell
E2L3_GACCTTCAGAGGGTAA,CD4+ Naive T cell
E2L4_AGGATAATCTAAACGC,B cell
E2L7_CATGGTATCGAGTGAG,CD14+ Monocyte
L4_GGAGGATGTACCGGCT,Hematopoietic progenitor cell
E2L1_AGTGCCGAGACCCGCT,CD4+ Memory T cell
E2L5_TCTCTGGTCCGGACTG,CD8+ Cytotoxic T cell
L5_GAGTCATAGATCGGTG,CD4+ Naive T cell
L4_GGAGGATTCGGATACT,CD8+ Cytotoxic T cell
E2L7_GGAAGTGAGCATACTC,CD4+ Naive T cell
L1_TCACAAGTCAACTGAC,CD4+ Naive T cell
L2_TAGATCGTCCCGAGGT,CD4+ Naive T cell
E2L5_CGTGTCTTCAGAACCT,Proliferating T cell
E2L5_AGCGTATTCACTACTT,CD8+ Cytotoxic T cell
E2L3_AAGATAGTCTGGTGCG,CD4+ Naive T cell
E2L3_ACGGAAGCATCGGTTA,Plasmacytoid dendritic cell
L2_GTGGCGTCACTGCTTC,FCGR3A+ Monocyte
L5_ACTATCTTCCGATGTA,MAIT cell
L2_GCAACATTCTAGGCCG,CD8+ Cytotoxic T cell
L5_TCACTATTCGAGTGAG,Hematopoietic progenitor cell
E2L2_TGGATGTCAGTCTCTC,CD4+ Naive T cell
E2L8_AGACAAAGTCTGTGTA,CD14+ Monocyte
E2L8_CTCAGAAAGAAGCTCG,Platelet
L2_AAAGAACAGATGGGCT,Hematopoietic progenitor cell
L2_CAATTTCGTAGGAGGG,B cell
L4_TTCAATCAGGCTTCCG,Plasma cell
E2L6_GACCCTTTCGAGCCAC,CD4+ Memory T cell
E2L5_TAGGGTTCATGATGCT,CD8+ Cytotoxic T cell
E2L1_CACACAAAGCGTACAG,FCGR3A+ Monocyte
L5_CCGGACAAGCTGGTGA,CD4+ Naive T cell
E2L5_CTGCATCGTCCACTCT,Proliferating T cell
L2_CTGTACCCAGGTCAAG,CD4+ Naive T cell
L2_CCTTGTGGTGGTGATG,CD4+ Naive T cell
E2L4_GATCAGTCACCCAACG,CD4+ Memory T cell
L3_GAGTCTAAGTCACAGG,FCGR3A+ Monocyte
E2L4_GGAGGATAGGAGAGTA,CD4+ Naive T cell
L2_TAACTTCCACAGGATG,MAIT cell
L2_CGTGATATCCTTACCG,NK cell
L1_GTCCTCACACTTTATC,NK cell
L4_TTTACGTCACGGTGTC,Hematopoietic progenitor cell
L3_ACGGTTACACCTCGTT,CD14+ Monocyte
E2L1_GGTGTCGGTCACTCTC,CD8+ Cytotoxic T cell
L3_ACATTTCAGCATCAAA,Plasma cell
E2L4_TACACCCAGAGTCCGA,CD4+ Naive T cell
E2L7_ATCCATTCACATGAAA,Plasmacytoid dendritic cell
E2L3_GTCGTTCCAGCTCTGG,B cell
L5_GAACACTCATTCACAG,Proliferating T cell
E2L5_TGTGTGATCCAACACA,Proliferating T cell
E2L8_TCGAAGTAGTTTCGAC,B cell
L5_CTTACCGGTCGTTGGC,Proliferating T cell
L3_CGGAACCAGCTTTCCC,B cell
L5_AAGCGAGTCTGGTGCG,FCGR3A+ Monocyte
E2L1_CTTCCTTAGTGTGTTC,CD4+ Memory T cell
E2L5_GACATCATCTGGCCAG,Platelet
E2L5_TGCAGGCCAGTCGGTC,NK cell
L5_CCCGAAGGTTGCATTG,FCGR3A+ Monocyte
E2L5_TGCATGACAGGCGAAT,CD4+ Memory T cell
E2L3_ACGTAGTCAATAGTAG,CD4+ Naive T cell
E2L5_GTCACGGAGGACCCAA,B cell
E2L7_CTCCCTCAGTCATAGA,CD14+ Monocyte
E2L6_CATTGAGCACAGCTTA,NK cell
E2L1_ATCTCTATCCCTAGGG,CD8+ Cytotoxic T cell
E2L6_GTTGAACCAGGAATCG,CD4+ Naive T cell
E2L8_TACCTCGGTTATGTGC,NK cell
L5_GTCATGAGTAGATGTA,CD4+ Naive T cell
L2_ATCTCTATCTGAACGT,Conventional dendritic cell
L1_ACGTAGTGTAATTAGG,Proliferating T cell
L4_GGGTATTGTAGGTAGC,CD4+ Naive T cell
E2L6_CAAGAGGAGGCGTTGA,B cell
L4_CTACTATCAATAGTCC,CD4+ Naive T cell
E2L5_AAACGCTGTGTCTCCT,Conventional dendritic cell
E2L5_GTTACGATCGGTAAGG,B cell
E2L1_GGGAGTACATGGTACT,B cell
E2L7_CAACGGCAGATGGTAT,CD4+ Naive T cell
L2_TAGACCATCGCACGAC,NK cell
E2L5_GAGACTTCAGGTCAGA,MAIT cell
L3_TACGGGCTCGCCTTGT,B cell
E2L5_CCCTTAGTCCCTATTA,Platelet
L3_AAACCCAAGCATGAAT,CD8+ Cytotoxic T cell
L4_ACAGGGACAGTAGAAT,Plasmacytoid dendritic cell
L4_GCAACCGCAGAGTTGG,CD4+ Naive T cell
E2L7_TCGGGACCATAGATCC,Platelet
E2L6_AACCATGAGTCACACT,CD8+ Cytotoxic T cell
E2L2_CGCAGGTAGTCATTGC,CD8+ Cytotoxic T cell
E2L5_TTAGTCTCAATCAGCT,Proliferating T cell
E2L3_TCAGTTTAGTGCGTCC,Plasma cell
L2_CTTCAATCAGCGTTGC,MAIT cell
E2L1_GTGTTAGTCACAAGAA,B cell
E2L2_GGCTTTCGTTGGACTT,CD4+ Memory T cell
L4_CAATACGGTACAAGCG,Plasma cell
E2L8_TTACCGCTCATCTATC,CD4+ Naive T cell
E2L8_CCTCTAGTCTACCAGA,CD4+ Naive T cell
E2L3_AGACACTAGGCTCTCG,Proliferating T cell
L4_ACGTTCCGTGCATACT,CD4+ Naive T cell
E2L4_CAGGGCTTCTCGCCTA,Plasmacytoid dendritic cell
L1_TTTGATCAGAAGTCTA,CD14+ Monocyte
E2L3_CGCGTGACAACTTGCA,B cell
E2L8_AAGGAATGTCGCATCG,Plasmacytoid dendritic cell
E2L8_ACATGCATCAACGAGG,CD4+ Naive T cell
L4_TACTTCAGTTAAAGTG,NK cell
E2L3_GACACGCCAAGCACAG,CD8+ Cytotoxic T cell
L2_GGTCTGGCATATAGCC,CD4+ Memory T cell
E2L5_CTCATTAGTCATCCCT,NK cell
L5_CTGCTCACACTTGAAC,Hematopoietic progenitor cell
E2L3_GGCTGTGCAAGTAGTA,B cell
L5_TGGCGTGTCGTGTCAA,B cell
E2L5_CTAACTTTCTAAGCCA,CD8+ Cytotoxic T cell
E2L7_CAAAGAACAGCGGTTC,Proliferating T cell
L4_TGCAGATCATGACGGA,CD4+ Naive T cell
E2L8_CAAGGGATCAACGTGT,B cell
L2_ACTATCTTCAGTCAGT,B cell
L1_TCCGGGAGTTAGAGAT,CD14+ Monocyte
L1_GAGTTGTGTCACTCGG,CD4+ Naive T cell
E2L8_ATGATCGTCACTTGTT,CD4+ Naive T cell
E2L1_ATCGTCCGTGTTTACG,CD4+ Naive T cell
E2L4_TCAATTCGTATTGCCA,NK cell
L4_TTACAGGTCTAGACCA,B cell
E2L1_CCGGACAGTGGACTGA,CD4+ T cell
E2L3_GTGAGCCTCCAAACCA,Proliferating T cell
E2L6_TCCTGCACAGCCCAGT,B cell
L4_CGTAAGTTCTAGTCAG,CD4+ Memory T cell
L4_AAGCATCAGGTTCTTG,FCGR3A+ Monocyte
E2L2_CTGTACCCAGTATTCG,B cell
E2L7_TCTGTCGAGGCTTCCG,CD8+ Cytotoxic T cell
L3_ATTACCTAGAGCCTGA,CD4+ Naive T cell
L2_GTAGTACCAAACACGG,Proliferating T cell
L3_GCGGAAACAGCTTCGG,CD4+ Memory T cell
L3_TGCTGAAGTGAGTTTC,CD8+ Cytotoxic T cell
E2L1_GTTGCGGTCCTTATGT,CD4+ T cell
L3_TGTCCACCATAGAGGC,NK cell
E2L8_TGAGCGCTCCTGTACC,Plasma cell
E2L3_AAACGCTAGTCGAAAT,MAIT cell
L4_ACTTCCGCAAAGCGTG,NK cell
L3_GAGACCCTCGCGCTGA,Plasma cell
L5_AAAGGGCGTAACACCT,CD4+ T cell
E2L1_TTCTCTCAGGCCGCTT,CD4+ Naive T cell
L3_CATGCAATCGCTCTCA,Plasma cell
E2L3_CACTTCGTCGCGCCAA,CD14+ Monocyte
E2L3_TGATCTTTCTTAGTTC,B cell
E2L5_GAACTGTGTACTCCCT,CD8+ Cytotoxic T cell
L5_GTTACAGTCCGAGATT,Plasmacytoid dendritic cell
L1_GTTGCTCCATTCTGTT,NK cell
E2L1_AGCTACAGTGCTTCAA,CD4+ Memory T cell
E2L7_CTCAATTGTCAAGCGA,FCGR3A+ Monocyte
L5_GATTCGACACACACTA,CD4+ Memory T cell
E2L4_GACTTCCTCCACCTCA,MAIT cell
L3_AATGGCTAGAAGCCAC,CD4+ T cell
L1_TAATTCCCAAACAGGC,CD8+ Cytotoxic T cell
L3_TGCATCCAGCGCCTCA,FCGR3A+ Monocyte
L5_ACAGCCGAGAATAGTC,Proliferating T cell
E2L5_CCCTTAGTCACTGAAC,CD4+ Naive T cell
E2L6_ATTACTCTCTTACCAT,FCGR3A+ Monocyte
L5_CTCATTACATAATCCG,MAIT cell
E2L7_TGCGACGTCGCCTTTG,Proliferating T cell
E2L1_CGGAGAAAGTCCTGTA,Platelet
L1_AACAACCTCCATCTAT,CD4+ Naive T cell
L5_GGGTTATAGGGCTTCC,FCGR3A+ Monocyte
E2L3_GCCATGGCATAAGCAA,CD8+ Cytotoxic T cell
L2_TACCCACGTTGCTTGA,CD4+ Memory T cell
E2L6_TAAGCGTAGTAGTCTC,CD4+ Naive T cell
E2L6_GAGTCTAGTACAGCGA,NK cell
L2_CATTCATCAAACTCTG,CD4+ Memory T cell
L2_TCACGCTTCAAAGACA,CD8+ Cytotoxic T cell
L1_CTGGACGGTGCTCCGA,CD4+ Naive T cell
L5_ACAGAAAGTTACACAC,CD4+ Naive T cell
L2_GTGCTTCAGTAAGAGG,CD4+ Memory T cell
L3_CTGGACGCACAGCCAC,B cell
E2L4_TCCTTTCCATCGAAGG,CD14+ Monocyte
L5_TATATCCGTGTGTGTT,Conventional dendritic cell
L4_ATTACTCCAACAAGTA,Platelet
E2L3_AGTTAGCTCCTTCAGC,CD4+ Naive T cell
E2L8_TCGTGCTTCAAGTAAG,B cell
L4_TCACACCGTGGACTGA,B cell
L5_TGGAGAGAGATCACCT,Proliferating T cell
E2L7_ATACCTTGTCTTTATC,CD4+ Memory T cell
L5_TGAGGTTCAGGCAATG,CD14+ Monocyte
E2L8_GGAGGTAGTACCACGC,B cell
L3_TCACTATGTGCGTCGT,CD4+ Naive T cell
L5_CTAGGTAGTTGTGGAG,Proliferating T cell
E2L8_CACTGGGTCCGGACGT,Proliferating T cell
E2L6_GTCACGGCACCAGCTG,Conventional dendritic cell
E2L2_ATTCTACTCAGGAACG,Platelet
E2L4_GATGCTATCGTTCATT,gamma-delta T cell
L5_AGATAGAAGCGACATG,CD14+ Monocyte
E2L1_CACGTGGAGCTAGATA,CD4+ Naive T cell
L4_TGATTTCGTACCGGCT,CD4+ T cell
E2L5_TGTAAGCCACTTACAG,B cell
E2L2_GTGAGGAAGAATACAC,NK cell
L2_CTCTGGTTCCATTCGC,Proliferating T cell
E2L5_GTTAGACTCAGCTTCC,B cell
L3_TTCGCTGTCGAACGGA,CD4+ Naive T cell
E2L8_TGTCCACAGTGAGTGC,B cell
L5_GTTTGGACAGGCATTT,CD8+ Cytotoxic T cell
L1_CATTGAGAGAGCCCAA,CD4+ Naive T cell
E2L8_GAGTTTGAGAGGGCGA,CD4+ Memory T cell
E2L5_TTGGGCGAGAAGCTCG,CD4+ Naive T cell
E2L1_CTGTATTAGCCTCTTC,CD8+ Cytotoxic T cell
E2L7_CACATGACATGATGCT,Plasmacytoid dendritic cell
L1_TTCGATTCATGTTCGA,MAIT cell
L4_GTCCACTAGCATGCGA,CD4+ Naive T cell
L4_CTGCCATCACCACTGG,CD4+ Naive T cell
L4_GTGCAGCTCGTGGGAA,Proliferating T cell
E2L8_CCGTAGGAGTTGGAAT,CD8+ Cytotoxic T cell
L3_TGCTCCAGTGGTGATG,CD4+ T cell
E2L2_GATTCGAAGGTCATCT,CD4+ Naive T cell
E2L3_TTCTTGAGTCTAGGTT,B cell
E2L7_GATGTTGCAAGCGCAA,Proliferating T cell
L4_TCGCACTCATAGCACT,Conventional dendritic cell
L1_ATCGTCCGTAACTAAG,MAIT cell
E2L5_TCGTCCATCATCGCCT,CD8+ Cytotoxic T cell
L4_AGGCTGCAGTGCCCGT,Hematopoietic progenitor cell
L2_CGACAGCAGACTCCGC,CD4+ Memory T cell
E2L7_CAACCTCGTACCCACG,CD4+ Naive T cell
E2L7_AGTCTCCCAGAACTCT,NK cell
L4_GTAATGCCAGAGTTGG,B cell
E2L4_AAGTCGTTCTGACAGT,Proliferating T cell
L2_GCTGGGTAGGTAGATT,CD4+ T cell
E2L2_TTCCACGGTGTTAGCT,B cell
E2L7_TCGAAGTTCCAACTGA,FCGR3A+ Monocyte
L5_GACGCTGAGAGTCAGC,B cell
E2L7_TCCCACAGTTGTCTAG,CD4+ Naive T cell
E2L2_ACTGTCCGTATTGAGA,FCGR3A+ Monocyte
E2L7_ACTTATCAGGCACGAT,B cell
E2L7_GGAGGTATCCGATAAC,Conventional dendritic cell
E2L5_GATCACAGTTTGTTCT,B cell
L5_AATCACGGTCGTACAT,CD4+ Memory T cell
E2L6_TTGTTCACAAGAAATC,Proliferating T cell
E2L3_CGAATTGCACGTAGTT,CD4+ Memory T cell
E2L7_CACGGGTAGCACCGTC,Plasmacytoid dendritic cell
E2L1_CTACAGAAGACGGAAA,CD4+ Memory T cell
L3_TTGTGTTGTTCGGCGT,MAIT cell
E2L4_GCAACATCATTCACCC,B cell
L1_GAGTGTTCAGAGAATT,Plasmacytoid dendritic cell
E2L4_AGAAGCGGTACGTGTT,B cell
E2L1_GTAAGTCTCCTTATCA,CD4+ Memory T cell
L4_TCCGAAAAGGAGAGGC,FCGR3A+ Monocyte
L5_TTTCATGAGAGCCGAT,CD8+ Cytotoxic T cell
E2L7_CGATGCGCAATCCTAG,CD4+ Memory T cell
L5_GGTGAAGCACTGCATA,MAIT cell
E2L7_AACGAAACACATCATG,CD4+ Memory T cell
L1_AGGACTTAGCCGGATA,CD8+ Cytotoxic T cell
L5_GTAACACGTTCTCCTG,CD8+ Cytotoxic T cell
L2_ACGATCATCATTCGGA,CD4+ Naive T cell
L1_GACACGCGTTGCTAGT,CD4+ Naive T cell
E2L4_ACATCCCGTGCCGAAA,CD4+ Memory T cell
L3_GCCAGCATCCTTATCA,MAIT cell
E2L6_TTTCCTCGTGATACAA,CD4+ Naive T cell
E2L7_GAATAGAAGTTGTCGT,Proliferating T cell
E2L3_ATGGATCGTGTTGATC,Proliferating T cell
E2L7_GTTAGTGAGTAGACCG,CD4+ Naive T cell
L2_TTCGCTGTCTTACGTT,Conventional dendritic cell
E2L1_AGAACCTAGCTAGATA,MAIT cell
E2L5_TTACCATAGAGAGTGA,Conventional dendritic cell
L2_CGCATGGTCTACTGCC,CD8+ Cytotoxic T cell
L2_AGCTCAAAGTAAACGT,NK cell
L4_TCAGTCCCATTGTACG,MAIT cell
E2L7_ATTGTTCAGACGTCGA,CD4+ Naive T cell
E2L1_ATCCCTGAGGGATGTC,Plasmacytoid dendritic cell
E2L2_CCCTGATAGTCATCCA,Platelet
L1_ACCCTCACAAATCAAG,CD4+ Memory T cell
E2L3_AATCACGTCTTAGCCC,CD4+ Naive T cell
E2L5_CCACACTCAGCAGTAG,CD4+ Memory T cell
E2L1_GTTCATTAGGGAGAAT,CD4+ Naive T cell
E2L4_TTGAACGCACTGTCCT,CD4+ Memory T cell
E2L2_CTGCTCACACTCCGAG,Conventional dendritic cell
E2L3_ATTTCACGTTCCACGG,CD8+ Cytotoxic T cell
L1_ACTCCCACAACAAGTA,CD4+ Naive T cell
L1_AGGATAACAACTCCAA,Hematopoietic progenitor cell
E2L2_TGTGATGTCCATTTAC,Platelet
L1_TGGAACTAGGGTCTTT,B cell
L2_ACCATTTGTCCCAAAT,Conventional dendritic cell
E2L2_CCACGAGGTAGCCAGA,Proliferating T cell
L2_CTCAGGGTCTCGGCTT,NK cell
L3_AGCATCAAGCTACGTT,CD4+ Naive T cell
L5_ATCACTTCAGCGATTT,Plasma cell
E2L8_CGAGTTAAGCTCCATA,Plasmacytoid dendritic cell
E2L7_GCAGCTGCATACCGTA,B cell
L4_TCCACGTTCCCAAGTA,NK cell
L2_CAACCTCCAATAACCC,CD14+ Monocyte
L1_ATCGTAGCACGCGCAT,CD8+ Cytotoxic T cell
E2L5_CTTGATTCAGCGTACC,Proliferating T cell
L4_TCCTTCTAGCCAACCC,Platelet
L3_CGAAGTTTCTCGGTCT,Proliferating T cell
E2L8_ACAGCCGTCTACTTCA,CD8+ Cytotoxic T cell
L1_TGGGCTGCAGAAGCGT,CD4+ Memory T cell
L4_AACCTGAGTACCGTCG,Plasmacytoid dendritic cell
E2L4_TCTTGCGAGTCCTGTA,B cell
L1_TGGAACTGTACCCGAC,CD8+ Cytotoxic T cell
E2L7_CATACCCAGATGGCAC,CD4+ Memory T cell
L2_GTCCACTGTAGCTCGC,CD4+ Naive T cell
E2L8_TCTACCGTCATACGAC,CD8+ Cytotoxic T cell
E2L5_TATCGCCAGAATTTGG,MAIT cell
L4_TCTGCCAGTAGCTGAG,CD8+ Cytotoxic T cell
E2L5_GAGAGGTCACGGCGTT,CD4+ Naive T cell
L5_CTACTATGTTGTGTAC,FCGR3A+ Monocyte
L5_TACATTCGTGCGAACA,CD14+ Monocyte
L4_GGTTGTAAGCGAGTAC,B cell
E2L8_GACTCTCCAATCTCGA,CD4+ Naive T cell
E2L6_CACTGGGCACAAAGCG,CD8+ Cytotoxic T cell
E2L6_ACCCTTGGTCTCCTGT,Proliferating T cell
L3_CTGTCGTGTTTGCAGT,Plasma cell
E2L2_GCCATGGTCTCGTTTA,CD8+ Cytotoxic T cell
E2L3_TTACCGCCAGCGGTTC,CD8+ Cytotoxic T cell
E2L4_GATTCTTCAGGGAGAG,B cell
L1_GTGGCGTGTGCTTCAA,MAIT cell
L1_CGCATGGAGGCATGCA,Platelet
L5_TCCTTCTAGTAAGACT,NK cell
E2L3_TGTCCCATCCAACTGA,Plasmacytoid dendritic cell
E2L1_GAGCTGCTCAATCAGC,B cell
L5_GCCATGGTCTCTCCGA,CD8+ Cytotoxic T cell
L2_GTGGCGTCAGGTATGG,Hematopoietic progenitor cell
L5_CAGTGCGGTATCAGCT,Proliferating T cell
E2L6_ATAGAGATCACGACTA,CD4+ Memory T cell
L4_TAAGCCAAGGTCACAG,CD8+ Cytotoxic T cell
E2L3_GTCTCACAGTCGGCAA,CD8+ Cytotoxic T cell
E2L3_CCTCTAGGTCGCATGC,Proliferating T cell
E2L3_CATAGACTCCTAAGTG,CD4+ Naive T cell
E2L6_CTCACTGTCTCGCTTG,CD8+ Cytotoxic T cell
E2L7_TTACGCCGTCCTTGTC,NK cell
L2_AGGATCTCAGAAACCG,CD4+ Memory T cell
E2L4_TCAATCTGTATCGAGG,Hematopoietic progenitor cell
L2_TTAGGGTTCGAACGCC,CD4+ Memory T cell
E2L8_TCGAACAGTGAAAGTT,B cell
E2L4_ATTTACCAGATCCCAT,CD8+ Cytotoxic T cell
E2L6_CTTCTCTGTGACACGA,NK cell
L2_ATAGAGAAGATAGTGT,CD4+ Memory T cell
E2L7_CAACAGTGTTCTCAGA,CD14+ Monocyte
E2L8_GACACGCTCGATCCAA,Plasmacytoid dendritic cell
E2L5_AAGCCATTCCGCTGTT,Proliferating T cell
E2L4_TCATGCCTCACGTAGT,CD14+ Monocyte
E2L8_TAACCAGCATCGTCCT,Platelet
E2L2_AGGTAGGGTGTAAACA,CD4+ Naive T cell
L1_ATTTCACGTTGACTGT,NK cell
E2L4_AACCCAAGTAGGTACG,B cell
E2L6_TCATCATAGACGGATC,CD4+ Memory T cell
E2L5_AAGTCGTTCGTAGTCA,CD8+ Cytotoxic T cell
E2L2_ACCATTTAGCCATTTG,Platelet
L3_CGACAGCAGTTACGAA,CD4+ Naive T cell
E2L6_CTATAGGAGGACGCTA,Platelet
E2L1_CAGATTGGTCAGGTAG,Conventional dendritic cell
L4_TATTCCACATGACGGA,Conventional dendritic cell
L5_AGACTCATCCCTAGGG,Proliferating T cell
L2_TGGAGGAAGCAACAAT,B cell
E2L5_ACCCAAAGTTCTCGTC,gamma-delta T cell
L1_GTGAGGACACGTCGGT,CD4+ Naive T cell
L5_CGGGTCAGTCTTGCGG,CD14+ Monocyte
E2L4_TCTGGCTAGGCGTCCT,CD4+ Memory T cell
E2L6_TGCGATAGTCCCAAAT,CD4+ Naive T cell
E2L4_CCTTCAGAGATAGCTA,CD4+ Memory T cell
L2_CACCGTTTCGATTGGT,NK cell
E2L6_TTACGTTAGAGCCGTA,Platelet
L1_TTGGGCGTCCCTGGTT,CD4+ Memory T cell
L1_TTGCGTCCAACTTGCA,Proliferating T cell
E2L7_CCCTGATGTAGGGAGG,CD4+ Memory T cell
E2L1_CAGTGCGTCTACGCAA,FCGR3A+ Monocyte
L4_CATTTCAAGGGATCTG,CD4+ Naive T cell
E2L6_TCCATGCTCGCCAGAC,CD8+ Cytotoxic T cell
L2_AAACCCACAGAGTCAG,CD4+ Naive T cell
E2L1_TTGCATTCATACTGAC,B cell
L2_CCCATTGGTGGGTATG,Platelet
L2_CAAGCTATCGAAATCC,CD4+ Naive T cell
L1_GAGGCCTCACCTTCCA,CD14+ Monocyte
E2L3_TACCGAATCCATCGTC,CD4+ Naive T cell
E2L8_TTCCTCTTCTTGGATG,NK cell
E2L5_CTGTACCTCAATCTTC,MAIT cell
E2L7_TTTGACTAGAGGTCAC,NK cell
E2L3_GTATTTCCAGTTCACA,Plasmacytoid dendritic cell
E2L4_AGCGTATTCCAGTTCC,NK cell
E2L1_TTACTGTAGTTTCTTC,CD4+ Naive T cell
E2L6_TCAGGTAAGAGAGGGC,Plasma cell
L5_CATAAGCTCCCGAGGT,CD4+ Naive T cell
L1_GTCAAGTCAGACCATT,CD4+ Memory T cell
L1_TCCGGGAGTCAGATTC,CD4+ T cell
L4_CGGGTGTTCTCATGCC,CD4+ Naive T cell
E2L7_ACTTAGGTCTCAGGCG,CD8+ Cytotoxic T cell
E2L6_TTCTGTACATACCATG,B cell
E2L3_GGGCGTTGTCCGCAGT,CD4+ Memory T cell
E2L1_TGCAGTACACTTACAG,CD4+ Naive T cell
L2_ACTATCTGTCGCAGTC,CD4+ Memory T cell
E2L8_TGTTGAGTCTACCAGA,Proliferating T cell
E2L8_TTCTTGACAAGAGCTG,CD4+ Memory T cell
E2L5_GATCGTATCAAGCCCG,CD8+ Cytotoxic T cell
E2L8_AAGCATCGTTTCGACA,Platelet
E2L2_TCTACATTCCCTCTAG,CD4+ Memory T cell
L1_TTCCAATCATTGACAC,CD4+ Memory T cell
L2_CACTTCGAGACTAAGT,Platelet
L3_AAAGGGCGTCAGACGA,Hematopoietic progenitor cell
L1_ATTACCTGTGCTCTTC,B cell
E2L8_CACCAAATCAGACATC,CD8+ Cytotoxic T cell
E2L4_CAGTTAGAGTAAGACT,CD4+ Naive T cell
E2L8_GTGAGTTGTAGTGTGG,B cell
L5_GCAACATTCGGTGCAC,Conventional dendritic cell
E2L4_GGGACTCCAGTAGTGG,Platelet
E2L7_TACTTACGTGCCGTAC,Proliferating T cell
E2L8_GTGGGAAAGGTAGTCG,B cell
E2L8_CACTGGGCATCTAGAC,CD4+ Memory T cell
E2L8_GCTGCAGGTGTAAACA,B cell
L4_AAGTTCGCAAGCACCC,Proliferating T cell
E2L2_TTGTTTGGTTGTTGTG,CD4+ Naive T cell
L5_CCTAAGAAGCACTAAA,B cell
L5_CCGAACGCACTTCAAG,CD4+ Naive T cell
E2L2_ATCACGACAGCCATTA,NK cell
E2L1_TCACACCCACAACCGC,MAIT cell
L1_CCCTGATTCAGTCAGT,CD14+ Monocyte
E2L8_TACTGCCCACTATCGA,CD8+ Cytotoxic T cell
E2L3_TACGTCCGTTGTTGTG,NK cell
L1_GGGTCACTCGATTTCT,Hematopoietic progenitor cell
E2L1_CGATGGCGTGTGCTTA,Conventional dendritic cell
E2L7_TTGGGTAGTTCATCGA,Proliferating T cell
L4_ATTGTTCTCGTAGCCG,CD4+ T cell
E2L5_TCATGAGTCTCCGATC,FCGR3A+ Monocyte
L4_CTTCAATAGCATGGGT,Conventional dendritic cell
E2L6_TGTTCATTCATGAGGG,Proliferating T cell
E2L2_GAGTGTTAGGTCACAG,NK cell
E2L5_TCAGTCCAGGCCATAG,B cell
L2_CCCAACTCAAGTCATC,CD8+ Cytotoxic T cell
E2L7_ACACTGATCACTGATG,B cell
E2L5_GAGCCTGGTTGCTCAA,CD4+ Memory T cell
L5_TTGACCCCAGTGTGCC,B cell
E2L4_ACTTTGTTCCACAGGC,B cell
E2L5_GGGTGAATCCAACCAA,CD8+ Cytotoxic T cell
L1_TGTAACGTCCACGAAT,CD4+ Naive T cell
L3_CATTTCAGTGCCTGAC,NK cell
E2L6_AGTACTGCAGCAGTTT,CD4+ Memory T cell
E2L2_GAGGGTAAGGCCTAAG,MAIT cell
E2L8_GGCTTGGTCACCCTTG,CD8+ Cytotoxic T cell
L5_ATTCCCGCATATACCG,CD8+ Cytotoxic T cell
L1_TGCAGATCAGTTCACA,CD8+ Cytotoxic T cell
E2L2_TATATCCTCTTCACAT,CD4+ Naive T cell
E2L6_CATGAGTTCTTGTGCC,CD8+ Cytotoxic T cell
E2L2_TACCGAAGTCAGGCAA,CD4+ T cell
E2L4_CGAGGCTCAGTGTGCC,NK cell
E2L7_GACACGCAGTGCACCC,B cell
E2L6_TTTCACACATCATTGG,CD14+ Monocyte
E2L2_CGTAAGTAGCGAACTG,B cell
L1_TGTTGGAAGTCGCGAA,Hematopoietic progenitor cell
E2L4_ACAAGCTGTGCCGAAA,Conventional dendritic cell
L5_CACAGATTCACTTGTT,B cell
L4_TATCTGTTCATCCTAT,CD4+ T cell
E2L5_ACGCACGAGTTTCAGC,B cell
E2L7_GTCGTAATCACTCCGT,CD4+ Memory T cell
L4_GACTTCCTCAGTCCGG,Hematopoietic progenitor cell
E2L2_AACCATGAGAGCTTTC,Proliferating T cell
E2L2_TGATTCTAGTGAGGTC,Conventional dendritic cell
L3_TTACAGGAGATAGCAT,Platelet
E2L5_TCATATCCAACCAATC,CD8+ Cytotoxic T cell
L2_CCTCATGGTCCACGCA,Conventional dendritic cell
E2L2_AACCATGGTCTAGGCC,CD4+ Memory T cell
E2L3_CGTTCTGCAATAGAGT,CD4+ Naive T cell
L3_TATTTCGAGTTGAAGT,NK cell
L5_AACCAACTCGGAAGGT,CD4+ Memory T cell
E2L2_GAGTTTGAGGAGATAG,B cell
E2L6_AGAAGTAGTCGGAAAC,CD4+ Naive T cell
L4_ATGGGAGTCGGTGTTA,NK cell
E2L4_GGGCGTTAGATTGTGA,CD8+ Cytotoxic T cell
E2L8_AGACACTAGTTTAGGA,CD4+ Naive T cell
L5_TTCACCGCACAGAGCA,MAIT cell
L2_ACAAGCTGTTCAATCG,CD4+ Naive T cell
E2L2_ATCGATGCAGATACTC,Proliferating T cell
L5_TGTAACGTCAGACCTA,CD4+ Naive T cell
L2_ACTTATCAGGTTAGTA,Conventional dendritic cell
L2_GCATGATCACTATCCC,CD4+ Naive T cell
L1_AAGTTCGCAGGTGTTT,CD4+ Memory T cell
L5_GACGCTGTCACCTGTC,CD4+ Naive T cell
E2L8_GCCATTCGTCCCGCAA,MAIT cell
L5_GCTACAACACCGTGGT,Conventional dendritic cell
L3_AGCCACGAGAGTCTTC,CD8+ Cytotoxic T cell
E2L1_ATTTCTGTCCAGTACA,FCGR3A+ Monocyte
E2L2_TCCCACAAGCTAGATA,CD8+ Cytotoxic T cell
L2_GCCATTCTCAACCGAT,CD8+ Cytotoxic T cell
E2L2_GATTTCTGTCTGTGAT,CD4+ T cell
E2L7_TCGCACTTCACTTCTA,Plasmacytoid dendritic cell
E2L2_CGGCAGTTCTTCCGTG,Plasmacytoid dendritic cell
E2L2_GTCATCCTCGTAGAGG,Conventional dendritic cell
L4_GTCATCCTCATTCCTA,CD4+ Naive T cell
L4_ATCGGATTCTTGGTGA,Proliferating T cell
E2L8_TTCTAGTTCAGTCATG,CD8+ Cytotoxic T cell
E2L1_TCTGCCATCAGGTGTT,CD8+ Cytotoxic T cell
L4_CTACTATAGCCTATTG,CD4+ T cell
E2L3_CCGTGAGCAACCAGAG,FCGR3A+ Monocyte
E2L5_TCAGCAATCGTTAGTG,Hematopoietic progenitor cell
E2L3_TTCTTGAGTTTCCCAC,CD8+ Cytotoxic T cell
E2L5_CTCCGATCAAATGGCG,B cell
E2L7_CGTTGGGCAGAAGTGC,CD14+ Monocyte
E2L4_ACCAAACGTCATCCCT,Conventional dendritic cell
L2_CCGAACGGTACTGCGC,MAIT cell
L1_AGACAAAGTTCCTAGA,CD4+ T cell
E2L6_TCAGCAAGTGACTGAG,Proliferating T cell
E2L3_GTTTGGACACGCTGAC,CD8+ Cytotoxic T cell
L3_CTAAGTGAGCGACCCT,CD4+ Naive T cell
L5_TGGGATTAGCTTCTAG,FCGR3A+ Monocyte
L5_CGGAACCCAAGTGGAC,CD4+ Naive T cell
E2L4_ACGGTCGTCGAGATAA,Platelet
L3_TACATTCTCCTTCGAC,Hematopoietic progenitor cell
L2_TTTATGCAGGGCTGAT,B cell
L3_GTGCTTCCACGGTAGA,Hematopoietic progenitor cell
E2L7_CCCATTGAGCTACGTT,Plasmacytoid dendritic cell
L1_GTCTAGATCTCAGTCC,Hematopoietic progenitor cell
E2L2_TCCCACAGTTGGTAGG,Proliferating T cell
L1_TAACTTCAGCTCAGAG,B cell
L1_TCTATCACATTCGATG,CD4+ T cell
E2L1_AAGTGAATCCGTGACG,CD8+ Cytotoxic T cell
L1_AATGACCAGTTGAAAC,Conventional dendritic cell
L1_CCACGTTTCATTGCTT,Hematopoietic progenitor cell
E2L5_CTGCAGGGTATTCTCT,Plasma cell
L2_TTCCGGTCATAATGCC,CD4+ Naive T cell
E2L7_TACGGGCGTAACATCC,B cell
E2L5_ACACCAATCTTAGTTC,Conventional dendritic cell
E2L1_ATCGCCTAGATAGCAT,FCGR3A+ Monocyte
E2L6_CGTCCATTCTAACGGT,CD4+ Naive T cell
E2L5_ATGCCTCAGGGATCTG,B cell
E2L7_GTTGTGATCCGTACGG,CD4+ Memory T cell
L4_GATCATGAGATACGAT,CD14+ Monocyte
L3_TCGAAGTTCAGTGCGC,MAIT cell
L3_TTGGGTAAGAAATGGG,CD4+ Naive T cell
E2L5_CTTCGGTTCTGACGCG,B cell
E2L2_CGGGTGTAGGGACACT,CD4+ Memory T cell
E2L6_GATCAGTTCGCCGAAC,NK cell
L1_GCGTTTCCAGCGTAGA,Platelet
L3_TACCTCGCACTCAGAT,CD4+ Naive T cell
E2L3_CCTCCAAAGGGACTGT,NK cell
E2L5_GAAGGACAGTATTAGG,CD8+ Cytotoxic T cell
L3_ATTCGTTAGTTCATCG,FCGR3A+ Monocyte
E2L3_GAGTCTAGTGTACGCC,Plasma cell
E2L7_GACTGATCAAACACCT,Plasmacytoid dendritic cell
L3_CCATCACAGACATAGT,B cell
L4_TCCTTTCAGCCTGTCG,MAIT cell
E2L2_GGTAGAGTCCTTTGAT,B cell
E2L8_TCATCATGTAGCCCTG,CD14+ Monocyte
E2L4_ACTATGGGTCAAAGTA,CD8+ Cytotoxic T cell
E2L2_GGAATGGTCACCGCTT,Proliferating T cell
E2L7_ACGATGTCACGCACCA,B cell
L4_GTAGAGGTCAACTACG,CD8+ Cytotoxic T cell
L2_CACTAAGAGAAGAGCA,CD4+ Memory T cell
E2L3_CTGCGAGGTCCGACGT,CD8+ Cytotoxic T cell
L3_ATTGTTCCATCGCCTT,CD4+ T cell
L1_TGCGACGAGTCTGCGC,CD4+ Memory T cell
E2L7_TGCAGGCCACCCAATA,Conventional dendritic cell
E2L2_TCGGGTGCATGCTGCG,CD4+ Naive T cell
L2_TGCGGGTCACCCTCTA,Plasmacytoid dendritic cell
L4_GGAGGTAAGTCCCAGC,Proliferating T cell
L3_AGTACCACAGTAGAGC,CD4+ T cell
L3_GTCTGTCCATGTCAGT,NK cell
E2L8_GTCAGCGAGCAGATAT,CD4+ Naive T cell
L2_AAACCCAAGCCTGGAA,NK cell
E2L3_CTATCCGTCATTGCTT,CD4+ Memory T cell
E2L5_ATTATCCCAGCGTAGA,CD8+ Cytotoxic T cell
L2_GGGACAACACAAAGTA,Proliferating T cell
L3_GTCTGTCCACATCATG,FCGR3A+ Monocyte
L3_AGGTTACAGGACAAGA,CD4+ Naive T cell
E2L1_TCCTTCTGTTCTCCCA,NK cell
L2_CCCTTAGCAACTGCCG,CD8+ Cytotoxic T cell
L5_CATACCCAGGCACGAT,CD8+ Cytotoxic T cell
L2_GAGAAATCAGTTCACA,Platelet
E2L7_GGTCACGCAGTTGAAA,CD4+ Memory T cell
L2_ACGGTTAAGAAGTCAT,Proliferating T cell
E2L1_TGTCCCACAGCTGAAG,CD8+ Cytotoxic T cell
E2L8_AGTCTCCTCAACGTGT,Platelet
E2L5_ACAAGCTTCCTACCGT,CD14+ Monocyte
L1_ACCTGAAAGCATCAAA,CD4+ Naive T cell
L1_TTATTGCAGTGGATTA,FCGR3A+ Monocyte
L2_CCACGTTGTCTACAAC,Proliferating T cell
L5_CTGCGAGCACCGCTGA,Plasmacytoid dendritic cell
E2L8_ACACGCGGTGGACTAG,B cell
L1_CGCGTGACAGCACCCA,CD4+ Naive T cell
E2L6_ACACTGAAGAAATTCG,CD4+ Naive T cell
L1_CACCAAACATAATCGC,Conventional dendritic cell
L4_GATGACTCAAGTTCGT,Proliferating T cell
E2L6_TGGGCGTTCGTCCATC,MAIT cell
L2_ACATTTCAGACTACCT,CD8+ Cytotoxic T cell
E2L3_AAACGAATCATTTGCT,Proliferating T cell
L2_ATTTCACTCGTTGTTT,B cell
E2L7_CATAGACAGGAACATT,NK cell
L5_TGCTCCACATCGCCTT,CD4+ Naive T cell
L2_TGCACGGTCTGCATGA,gamma-delta T cell
L2_TTTGGAGCAATCTCGA,NK cell
E2L8_TCCAGAACAACCGTAT,B cell
L1_TGCGACGCATCCGCGA,FCGR3A+ Monocyte
L4_CGGGCATCAGCGTTTA,Plasma cell
E2L4_TACCCGTGTGATATAG,CD4+ Naive T cell
E2L4_TACCCACTCGCGGTAC,Plasmacytoid dendritic cell
E2L1_TAGGTACCAGTCGAGA,CD8+ Cytotoxic T cell
L1_CTACATTGTGAGATAT,Plasma cell
L2_GCAGGCTCATCAGTGT,CD8+ Cytotoxic T cell
L5_GCCGATGCACAACCGC,CD14+ Monocyte
L4_TAGACTGTCAAACGTC,MAIT cell
L3_TACCCGTAGAACGCGT,Plasma cell
L3_GTACAGTGTGCTGTCG,B cell
E2L7_AAGCCATGTAACGATA,CD8+ Cytotoxic T cell
E2L3_ATCCACCCATCATCCC,NK cell
E2L1_ACGATCAAGGTTCTAC,CD4+ Naive T cell
E2L2_ACAAAGAAGTTCCGTA,Conventional dendritic cell
L2_TCGACCTCACAATGCT,B cell
L3_TGTAAGCAGCTGCGAA,CD4+ Naive T cell
E2L6_ATCGTGAGTTGAGGAC,CD14+ Monocyte
E2L6_ATGAGTCTCTGAGGCC,CD4+ Naive T cell
L1_AAACGCTAGGTCGTCC,CD8+ Cytotoxic T cell
L5_GGTGGCTCAATTGTGC,MAIT cell
E2L1_TCGCTCATCGGACAAG,Proliferating T cell
E2L6_TGTTCATTCTACCACC,CD8+ Cytotoxic T cell
L3_ACTACGACAGAGCGTA,B cell
E2L6_ATCCGTCTCGGATTAC,B cell
L3_GTCATGAGTGTTCAGT,CD4+ Naive T cell
L1_TAAGCACTCATCTGTT,Hematopoietic progenitor cell
E2L3_GTAGTACAGAAGAACG,B cell
E2L2_AGACAAACACTCAGAT,CD4+ Memory T cell
E2L5_ACCTGAAAGGTATCTC,CD4+ T cell
E2L8_GGGTGAATCCAGCTCT,Plasmacytoid dendritic cell
E2L4_TTGGATGCACTGCATA,MAIT cell
L2_AGACACTGTGTTAGCT,Plasma cell
E2L5_CCCATTGGTCGATGCC,CD8+ Cytotoxic T cell
L1_AACAAAGCATATCTGG,CD4+ T cell
E2L3_ATCACAGTCCTGCTAC,CD14+ Monocyte
L2_TGCATCCCACGTCTCT,CD14+ Monocyte
E2L5_CACGTTCCAGCGGATA,Proliferating T cell
E2L7_AGTGTTGTCGGCTGGT,Plasmacytoid dendritic cell
E2L6_GTAAGTCCATGACTTG,NK cell
E2L1_TGATGGTCAAGTTCGT,gamma-delta T cell
E2L4_TACTGCCTCCAATCCC,Conventional dendritic cell
E2L8_TGACGCGCATTCCTAT,CD14+ Monocyte
E2L1_CTACGGGCAAGACGAC,B cell
L4_GGGAAGTTCACCGGGT,Proliferating T cell
L3_CTAACTTGTTTAAGGA,CD14+ Monocyte
E2L7_TGACCCTGTACTGACT,CD8+ Cytotoxic T cell
E2L7_GTGTTCCCATCTGCGG,Conventional dendritic cell
E2L1_TGAGGTTAGTTGTCAC,CD4+ Memory T cell
E2L3_ATACTTCGTCGCACGT,CD4+ Naive T cell
L4_AGAAGTAAGTGCAGGT,Plasma cell
E2L4_AGGAATATCAGGAAGC,FCGR3A+ Monocyte
E2L2_TTTACGTGTGGACTAG,Plasmacytoid dendritic cell
L4_CGAAGTTCAATCCTAG,B cell
L4_TCATTACTCATAGGCT,CD8+ Cytotoxic T cell
E2L3_TTTGGAGAGACGAAGA,Conventional dendritic cell
L2_GAGGGTATCCAGCAAT,Hematopoietic progenitor cell
E2L4_AAGCGAGTCAGCATTG,CD8+ Cytotoxic T cell
L5_TTTCACAGTCCTGGGT,Plasmacytoid dendritic cell
L4_GCAACCGAGTTCCAGT,Hematopoietic progenitor cell
L5_GTTAGTGAGAGGCTGT,CD4+ Memory T cell
E2L6_TCACTCGCACTGCGAC,Proliferating T cell
E2L1_GATGAGGTCACTTTGT,Platelet
E2L5_CAACAACCACATACGT,B cell
L2_ACTTAGGGTCAGTCTA,CD4+ Memory T cell
L2_CCGGACAAGTAGGTTA,FCGR3A+ Monocyte
L1_ACTCTCGAGCATGCAG,CD4+ Memory T cell
L4_ACCCTCATCACCGGGT,CD4+ Memory T cell
L3_GGTAACTAGGATTCAA,CD14+ Monocyte
L4_GGACGTCCATGACCCG,CD4+ Memory T cell
E2L3_CGGAACCAGAGCGACT,MAIT cell
E2L6_TCCCACAAGACATACA,CD8+ Cytotoxic T cell
L1_TCATCCGAGTCGCGAA,CD14+ Monocyte
E2L8_CATGAGTGTTACTCAG,Conventional dendritic cell
L5_TCGACCTCATCACAGT,CD4+ Memory T cell
E2L8_ATCGATGTCCGACGGT,FCGR3A+ Monocyte
L5_AAATGGATCTAGTACG,CD14+ Monocyte
E2L6_AGGAGGTGTCTAATCG,Plasmacytoid dendritic cell
L5_ACCCTCAAGAGGCGTT,Hematopoietic progenitor cell
L4_ATCGTCCTCAGCACCG,CD4+ Naive T cell
E2L8_GTTGCTCCAGAACGCA,B cell
E2L2_ACCATTTGTATTCTCT,CD4+ Naive T cell
L5_TATTCCATCTTTCTAG,Conventional dendritic cell
E2L6_ACTGTGAAGAGTTCGG,Plasmacytoid dendritic cell
E2L7_GACGTTACAGCTTTCC,CD4+ Memory T cell
E2L5_TTTGTTGGTAGGCAGT,CD8+ Cytotoxic T cell
E2L8_GATCATGAGTAAACAC,CD8+ Cytotoxic T cell
L2_TCGGATACATACCGTA,CD4+ Naive T cell
E2L8_TCATGTTAGGAGGGTG,B cell
E2L1_CGTTGGGCATGGCCCA,CD8+ Cytotoxic T cell
L3_GTCAAACCAGGGAATC,CD4+ Naive T cell
L2_TATTGCTAGGTACTGG,CD4+ Naive T cell
E2L8_ACAAGCTTCTAAACGC,CD8+ Cytotoxic T cell
E2L7_ATACTTCGTCCCGTGA,Proliferating T cell
E2L8_TCGCTCAGTGTCTTAG,CD4+ Naive T cell
E2L6_ATCATTCTCTGGCCTT,CD8+ Cytotoxic T cell
E2L3_TTTACCAGTTGTGTTG,CD8+ Cytotoxic T cell
E2L7_GACCGTGAGAAGCCAC,Conventional dendritic cell
L2_TCCACCACAGACGGAT,Conventional dendritic cell
L2_TGGGAGACATCGGCCA,CD14+ Monocyte
L5_CCACCATCAATACCCA,Plasmacytoid dendritic cell
E2L3_TCATCCGGTTATGGTC,Plasmacytoid dendritic cell
L2_ATCGTCCTCTGGGAGA,CD4+ Memory T cell
L5_ACTTCGCGTGCCTTTC,CD4+ Memory T cell
E2L5_TCGAAGTCAGGATCTT,CD4+ Memory T cell
E2L5_ATTACCTAGGTTGCCC,B cell
E2L8_GTACAACAGAAATTGC,Proliferating T cell
E2L8_AAGGAATTCGGAATGG,B cell
L2_CGCATAATCCTGTAAG,Proliferating T cell
E2L8_TTCCTTCCAATTTCTC,B cell
E2L2_TCAAGTGGTCCTGGGT,Plasma cell
E2L1_TGCATGAAGGACCCAA,FCGR3A+ Monocyte
L5_GAACACTAGCACTGGA,Conventional dendritic cell
E2L4_TGCAGTATCGCGTGAC,CD14+ Monocyte
E2L3_ACAGGGATCTGCGGAC,Conventional dendritic cell
L3_ATAGGCTGTACCTAAC,CD4+ Memory T cell
L1_CAAGCTAAGTGCAGCA,CD14+ Monocyte
E2L7_GGCTGTGTCGAACACT,B cell
E2L8_ACTTCGCGTTAGGCTT,CD8+ Cytotoxic T cell
E2L2_CTGGACGGTTGGGATG,CD4+ Memory T cell
E2L8_CACCAAAGTGCGGTAA,CD4+ Memory T cell
E2L6_CGTGCTTGTGAATGAT,Plasma cell
E2L8_GGAAGTGGTCAGTCCG,Proliferating T cell
L3_TTCCACGTCTTCTAAC,CD4+ T cell
L4_GTTAGACGTATTTCCT,Hematopoietic progenitor cell
E2L6_GTGCACGGTATGGAGC,CD4+ T cell
L1_AGAAGCGAGATTAGTG,B cell
E2L1_TGTGTGAGTCGTGTTA,CD4+ Naive T cell
L4_TCACATTAGTTTCAGC,Conventional dendritic cell
E2L1_GACCGTGGTAAGATCA,Conventional dendritic cell
E2L7_GCATGATCACTACAGT,Conventional dendritic cell
E2L8_CTGAGGCTCAGGTAAA,Proliferating T cell
E2L5_GTGCGTGGTTCGGCTG,Conventional dendritic cell
E2L7_TTTAGTCTCTCCATAT,CD4+ T cell
L2_CCTTGTGGTTCATCGA,Hematopoietic progenitor cell
E2L6_ACAAAGAAGAAGAGCA,CD4+ T cell
L5_CTGCCTAGTGTTTACG,Plasma cell
E2L6_AAAGGATCACAAGTTC,CD4+ Memory T cell
E2L1_CCCTGATGTCAGGAGT,CD4+ Memory T cell
E2L7_GGTTGTACAACAAGAT,Plasmacytoid dendritic cell
E2L7_CCGGGTATCCTTCTGG,CD14+ Monocyte
E2L6_AGCGATTAGTGATTCC,B cell
L5_GCAGTTATCCGGACTG,FCGR3A+ Monocyte
L5_CCTCTCCAGCTTCGTA,NK cell
E2L5_AGAAGCGCAATGTGGG,MAIT cell
E2L3_TCTCAGCCAGCTGAGA,Proliferating T cell
E2L2_CGTCCATTCTGAGATC,CD14+ Monocyte
E2L1_GAATCGTGTTGTACGT,Plasma cell
E2L3_GAATCGTCAGAAACCG,Proliferating T cell
L5_GTTGTAGCACCCTTAC,Plasmacytoid dendritic cell
E2L8_AGTAACCTCGCTGTCT,B cell
L1_CACGGGTGTATCTCGA,Hematopoietic progenitor cell
L2_GCCAACGGTGGCTCTG,NK cell
E2L2_GTAGATCCACTTGACA,FCGR3A+ Monocyte
L2_GGGTGAAAGGTTTGAA,Proliferating T cell
L1_GTAAGTCCAAGTGCAG,Conventional dendritic cell
L1_GGTAACTAGGATGTTA,CD8+ Cytotoxic T cell
E2L5_TTGAGTGCAATTGCCA,B cell
E2L6_GAAGCGACACCGTCGA,B cell
L1_CGTTCTGAGGCAGGTT,Proliferating T cell
L2_GAGAAATTCTCTATGT,B cell
L4_GAAACCTTCCATGATG,CD8+ Cytotoxic T cell
L1_AAGCATCTCGCGTGAC,CD8+ Cytotoxic T cell
E2L7_CTGCATCCACAAGGTG,CD4+ Naive T cell
E2L6_CTATAGGTCCTACAAG,NK cell
E2L2_GGAATCTGTCCGAAAG,Conventional dendritic cell
L1_TTAGGCATCAGCCTCT,CD4+ Memory T cell
L2_CATTTCATCCAACCGG,CD4+ Naive T cell
E2L7_CGGGTCATCTCAAAGC,CD8+ Cytotoxic T cell
E2L6_GTGGAAGCACTCACTC,CD4+ Memory T cell
L2_TTCGATTCAATCGTCA,NK cell
E2L1_TCTTTGATCGTGGGTC,Conventional dendritic cell
L3_CTCCAACCACCGCTGA,CD4+ Naive T cell
L3_AGCGCCAGTGCTGCAC,Proliferating T cell
E2L7_GGGTGAATCTTCCAGC,Proliferating T cell
E2L1_AACTTCTAGACTCTAC,FCGR3A+ Monocyte
E2L4_GCTACCTTCCAAGCAT,NK cell
E2L3_AGTAGCTTCACGGAGA,CD8+ Cytotoxic T cell
E2L6_CGTGATACAGGTTCCG,Conventional dendritic cell
L4_CGATGCGAGTGGTTGG,B cell
L1_GACTATGGTGGTTTGT,gamma-delta T cell
E2L2_CATGAGTCACAAAGTA,B cell
L5_CTATCCGTCCTTGAAG,CD4+ Naive T cell
E2L3_CTCAATTCATAGGCGA,CD4+ Naive T cell
E2L4_AGCGATTAGATTGCGG,CD4+ T cell
L2_CCGATCTCACGAGGAT,CD4+ Memory T cell
E2L3_GCGTGCAAGCGGGTAT,Platelet
L4_ACCTACCTCCGGCAGT,CD4+ Naive T cell
L3_AGCATCACAACCCTAA,CD4+ Naive T cell
E2L7_GCCGTGAGTTTGGGTT,Proliferating T cell
L4_AACGTCAAGTATGAAC,CD4+ T cell
E2L6_AGCCAATCAGAAGCGT,B cell
E2L5_TCTTTGAAGGTTCCAT,Conventional dendritic cell
L3_AGTCACACACCAGCTG,NK cell
L1_ACGGTTAGTCAGTCGC,Plasma cell
L2_CACACAATCCTACACC,CD4+ T cell
E2L1_AGGGCTCTCAACCTCC,CD4+ Naive T cell
E2L1_CCCGAAGGTATTAAGG,B cell
L5_CCACAAACAGCCATTA,CD8+ Cytotoxic T cell
L1_ATCACTTGTTGAATCC,CD4+ Memory T cell
E2L3_TGCAGTAGTGTTTCTT,B cell
E2L6_TCAGGGCCAACAAGAT,Plasma cell
E2L3_AGCCAATGTATGAGCG,Platelet
E2L8_CATGCAATCGAGTACT,Plasmacytoid dendritic cell
E2L8_TTCCTAACAGTCGCAC,CD4+ Memory T cell
L4_GGGCGTTGTTACGATC,Conventional dendritic cell
L5_GTCGAATGTGCCTTCT,Hematopoietic progenitor cell
L3_GAAACCTGTTACAGCT,CD4+ Naive T cell
E2L2_AGGATAATCGACCACG,CD14+ Monocyte
E2L3_GCTACAATCCCGAACG,Plasma cell
L5_ATGTCCCGTTGCTGAT,Proliferating T cell
L2_ACGTTCCCAGGTCCGT,Plasmacytoid dendritic cell
L1_ACCCTCACAAGAGTGC,CD4+ Memory T cell
E2L3_AGATGCTAGTGCACAG,CD8+ Cytotoxic T cell
E2L8_GTTGTAGAGCGCATCC,CD14+ Monocyte
E2L8_GTGATGTGTCTAATCG,Proliferating T cell
L1_ACTTTGTCAAGCACAG,CD4+ T cell
E2L2_GGTCTGGCATAATCGC,CD4+ Naive T cell
E2L8_TTCCTCTGTCCATCTC,CD4+ Memory T cell
L5_AGGGTGAAGTTGCTCA,MAIT cell
E2L1_ACAAAGACAGAACTAA,CD4+ Memory T cell
E2L3_TCCCACAGTGGCCCAT,CD4+ Memory T cell
E2L6_GAATCACAGGGCGAAG,Conventional dendritic cell
E2L6_CCTCCAATCCCATACC,NK cell
L2_TAACCAGAGCCTTTCC,Proliferating T cell
E2L1_CCAAGCGGTTTCCCAC,Proliferating T cell
E2L4_GTGATGTCAATGACCT,Proliferating T cell
L3_AATGGAAAGTGGTCAG,CD14+ Monocyte
E2L7_CACTGGGCAGCGGTTC,CD4+ Naive T cell
L1_TGGAACTTCACGATCA,Conventional dendritic cell
L2_TTGACCCGTCTTGAGT,CD4+ Naive T cell
E2L3_GTGCTGGGTATGGAAT,Plasmacytoid dendritic cell
E2L1_ATAGACCTCGCCGAGT,NK cell
E2L8_GCGGAAACATGTGGTT,B cell
E2L5_TCCTCTTAGGGCAGAG,CD4+ T cell
E2L8_GGCAGTCAGAGGTATT,B cell
L1_ACCATTTAGCCTTTCC,MAIT cell
E2L2_CCTAAGAGTACCCACG,B cell
L3_ACGTCCTCATCCGTGG,Proliferating T cell
E2L2_CTTCCGATCGATTGAC,CD4+ Naive T cell
E2L5_CTCCATGTCCTCACCA,CD4+ Memory T cell
L1_GGTGTCGTCTCGGTAA,CD4+ Naive T cell
L5_GTGTCCTCAATAGTGA,CD4+ Naive T cell
L5_CCTCAGTCATCCTAAG,CD8+ Cytotoxic T cell
L1_TTCACCGTCAGCGCGT,CD4+ Naive T cell
E2L3_ATCGGCGTCACTTTGT,CD4+ Naive T cell
L5_GAGGCAAAGGTACATA,Hematopoietic progenitor cell
L2_TTCACCGGTGCGGATA,CD8+ Cytotoxic T cell
E2L7_GGATCTAAGATTGGGC,Conventional dendritic cell
L5_AGTAGTCTCATAAGGA,CD4+ Memory T cell
E2L3_AGACCATCAAGCCCAC,NK cell
L5_AATTTCCAGGCCTTGC,B cell
E2L8_CCATCACAGGCGACAT,Conventional dendritic cell
E2L6_GAATCGTCACTCCGGA,Plasmacytoid dendritic cell
E2L1_TACTTACGTGTTTCTT,CD8+ Cytotoxic T cell
E2L8_CTGATCCAGTCATGAA,Proliferating T cell
L1_TGGGAAGTCATGCTAG,Plasmacytoid dendritic cell
E2L2_CTCAACCAGATGTTAG,Conventional dendritic cell
E2L7_GAGTTTGTCGCCAACG,CD4+ Memory T cell
E2L4_GGGATGATCCGTCACT,MAIT cell
L5_GGTAACTGTGTATTCG,Conventional dendritic cell
E2L2_AGAAGCGGTTAAGAAC,CD4+ Naive T cell
E2L5_CTCATCGCACTTCAAG,CD4+ Naive T cell
E2L3_TTCATTGAGTTACGAA,CD4+ Memory T cell
E2L1_CCTCATGAGACGACGT,Plasmacytoid dendritic cell
E2L2_TCAGCCTTCTTGCAGA,B cell
E2L8_TGCATGAAGAGCAGCT,CD8+ Cytotoxic T cell
L1_AGATGAACAGTTACCA,CD4+ Naive T cell
E2L7_CTTGATTTCTTTGATC,CD8+ Cytotoxic T cell
L4_GTGCTTCTCAGGAAAT,B cell
L4_ATTCCTATCAGTAGGG,Proliferating T cell
L5_TGGATCAAGAGGCGGA,FCGR3A+ Monocyte
L5_GTCTAGAAGCAATTCC,CD8+ Cytotoxic T cell
L1_CTCAACCTCCAAATGC,CD4+ Naive T cell
E2L8_CTCATTATCGGAATTC,B cell
E2L7_GAATCGTTCTGTCGTC,Plasmacytoid dendritic cell
L4_CCTCATGAGCGTCAAG,NK cell
L2_TTCAATCAGCACTTTG,CD4+ T cell
L5_CTGCTCAAGGCGATAC,Proliferating T cell
E2L8_CGTTGGGTCCGCCTAT,CD4+ Naive T cell
E2L1_GCTGCAGTCCTACCGT,B cell
L2_CATAAGCGTATACCCA,CD4+ Memory T cell
L4_CCACTTGGTTGTACGT,MAIT cell
E2L1_GAGAAATAGTCAATCC,CD4+ Memory T cell
E2L3_CCAAGCGCACCCTAAA,gamma-delta T cell
E2L8_CCTATCGCAGAACATA,B cell
E2L2_CGCAGGTGTACTGAGG,Conventional dendritic cell
E2L4_TTTCACAGTGTATTGC,CD8+ Cytotoxic T cell
L2_CAACCTCGTGGCAGAT,CD4+ Naive T cell
L3_GCGGATCTCGGATAAA,CD8+ Cytotoxic T cell
E2L2_GGTAACTCATCATCTT,B cell
L2_ACGTCCTGTAATGTGA,MAIT cell
L2_TTTAGTCAGGCGAAGG,CD4+ Naive T cell
L3_AGTTCGACAGGGAATC,CD8+ Cytotoxic T cell
L1_GGAGGTACACCCAAGC,Plasma cell
E2L8_TACAGGTAGGATGTTA,Plasmacytoid dendritic cell
L4_CTCAGAATCGTTCGCT,Proliferating T cell
L3_ACATGCACAAGTGGCA,CD4+ Memory T cell
L4_CGGGTGTAGAGTGGCT,Conventional dendritic cell
L5_ACATCCCTCCTTCGAC,CD4+ Naive T cell
E2L5_CGAATTGAGGATTACA,Plasma cell
E2L2_GTGCTGGAGTACAGAT,CD8+ Cytotoxic T cell
L3_TTACAGGTCGTTCATT,CD4+ T cell
L4_ATGAAAGGTGTTTACG,CD4+ T cell
E2L5_TACCTGCAGTCTCCTC,CD4+ T cell
L1_TTTGACTTCGATTGGT,Plasmacytoid dendritic cell
E2L2_CACACAATCTTTGCGC,B cell
E2L2_GTTACGATCGTAGGAG,CD8+ Cytotoxic T cell
L2_GGTTAACGTCTTCGAA,B cell
E2L1_CCATAAGCACTGAGTT,Platelet
L1_TTGCCTGGTTGGCTAT,Hematopoietic progenitor cell
L3_TCCTCTTGTAGTTAGA,CD4+ Naive T cell
L3_TGATCTTGTTAGTTCG,B cell
E2L6_GACCCAGTCTGCTGAA,CD4+ Naive T cell
L4_AAGCATCGTAACTGCT,Plasmacytoid dendritic cell
E2L6_ACTATCTAGACTTAAG,CD8+ Cytotoxic T cell
L1_ACACTGAAGTCCCAAT,CD4+ Naive T cell
E2L3_GCAACCGCATCGATAC,Proliferating T cell
L2_AACAAAGGTGATTAGA,CD4+ Memory T cell
L5_ATTCATCAGAGCCCAA,Hematopoietic progenitor cell
L4_CTCAGAAAGTCGGCCT,CD4+ Naive T cell
L2_ATAGAGAGTGCCCTTT,CD4+ Naive T cell
E2L3_AGACAAACATTCCTCG,NK cell
L1_TGATCAGAGTAAACAC,Conventional dendritic cell
E2L6_TCTACCGAGAAGGCTC,CD4+ Memory T cell
L1_GCAGCTGGTAGTGGCA,CD14+ Monocyte
E2L1_GACAGCCGTGATGAAT,MAIT cell
L1_CGTCCATGTTCCTAAG,CD4+ Naive T cell
E2L7_TCGTAGAAGATCCGAG,CD4+ Memory T cell
L4_GTTGTGAGTTCGTAAC,Conventional dendritic cell
E2L7_TTGCATTGTTTCCCAC,CD4+ T cell
L2_TGCGGGTAGCAACAAT,CD8+ Cytotoxic T cell
E2L3_GAGTGTTAGAAGTCTA,CD4+ Naive T cell
E2L6_CCTAAGAGTTCCCACT,CD14+ Monocyte
L2_CGCGTGAGTGGTCCCA,CD8+ Cytotoxic T cell
E2L7_GATGACTAGGTAAACT,CD14+ Monocyte
L1_GAAACCTTCTACTGAG,CD4+ T cell
E2L7_CTCAGGGCATACAGGG,CD4+ Naive T cell
E2L8_GACTATGAGCGTTCAT,Conventional dendritic cell
E2L8_ACGTACAAGTGGTCAG,B cell
E2L3_TCAAGACAGCAAATGT,CD4+ T cell
L3_GCGTGCACAAGACAAT,CD14+ Monocyte
E2L1_TCTTAGTAGGACAGTC,MAIT cell
E2L8_CCTATCGAGTCGAGGT,Proliferating T cell
L4_ATCCATTTCCCTATTA,CD4+ Naive T cell
E2L8_GGCTTGGTCAAGTAAG,gamma-delta T cell
L2_TTGGGATCACAATTCG,CD4+ T cell
E2L6_ACTGCAATCATACGAC,B cell
E2L8_GTGTGATGTTGCGGCT,Plasmacytoid dendritic cell
E2L6_AGCGCTGGTGACACAG,CD4+ Memory T cell
L2_CGAAGGAGTCGCATGC,NK cell
L5_TAATTCCAGTCATCGT,B cell
E2L1_TATATCCAGCTAATCC,CD8+ Cytotoxic T cell
L1_CGCATAACAGAGTCAG,Hematopoietic progenitor cell
E2L2_TGTGCGGGTTCCCACT,CD8+ Cytotoxic T cell
E2L6_TCATTACAGTAATACG,CD4+ Naive T cell
L4_TACCGAAAGGCATCGA,CD4+ Memory T cell
E2L4_TCCTCCCAGCGTTAGG,Platelet
L3_CGTAAGTCAATAGTGA,Hematopoietic progenitor cell
L1_CACTGTCAGCTCCACG,B cell
E2L3_TCCTAATAGACTGTTC,CD4+ Memory T cell
L2_TTCATTGTCTAGCAAC,CD8+ Cytotoxic T cell
L4_TTGTTGTCAGGATCTT,Plasmacytoid dendritic cell
E2L5_CACAGATGTCTACACA,Plasma cell
L2_TGCAGTAGTTTGACAC,Hematopoietic progenitor cell
E2L1_TGTCCCAGTTGCGGCT,CD8+ Cytotoxic T cell
L3_GATGCTACAAGCGAAC,CD8+ Cytotoxic T cell
L2_ACCTGAAGTGCAACGA,Plasmacytoid dendritic cell
L2_ATTCGTTGTAGCTTAC,CD4+ Naive T cell
L3_TTCCGTGAGGAGCTGT,CD4+ Memory T cell
L4_GCACTAACAGTTGAAA,Plasma cell
L1_AGCCAGCTCATCGACA,Platelet
E2L7_GCAGGCTAGGAGGGTG,Plasmacytoid dendritic cell
E2L1_GAAACCTGTGCCGAAA,CD14+ Monocyte
L4_AGCGCTGAGGAGAATG,CD4+ Naive T cell
E2L4_TACTTACAGTGGTTAA,Conventional dendritic cell
E2L4_GAACGTTCAGACCAGA,CD4+ Naive T cell
E2L7_ATCTTCAAGCAGCCCT,CD14+ Monocyte
L3_TCACAAGAGTCACTCA,NK cell
E2L1_CTCCACACATGGCGCT,CD4+ Naive T cell
E2L4_GCTACAAAGCAGCCCT,Plasmacytoid dendritic cell
L4_ACGGTTACACTAGTAC,CD14+ Monocyte
L4_TTTAGTCAGGGATCTG,CD4+ Naive T cell
L3_GCCTGTTGTCACCGAC,CD4+ Memory T cell
L2_TTCTAGTAGAGTAACT,Hematopoietic progenitor cell
L5_CCTCATGCAGATCATC,Hematopoietic progenitor cell
E2L3_ATGAGTCTCTCCCTAG,Proliferating T cell
E2L4_AAAGGATTCGTGGGAA,B cell
L3_CTGAGGCTCCATAGAC,CD8+ Cytotoxic T cell
L2_TCTAACTAGTGGTGAC,NK cell
E2L3_GAAGGACTCCGAAGGA,CD14+ Monocyte
E2L5_TGCGACGCACGAAAGC,CD8+ Cytotoxic T cell
L5_GGAGCAAGTGTAGTGG,CD4+ Naive T cell
L2_AAGGTAAAGAGCAAGA,MAIT cell
E2L3_TGTAGACCAAACTAAG,Platelet
L2_TCACGGGTCACACCCT,CD4+ Naive T cell
L1_GCATCGGCATGGGTCC,CD4+ Naive T cell
E2L5_CTCATTATCTTTACAC,Platelet
E2L6_AGAACAAGTCGCCACA,Hematopoietic progenitor cell
E2L4_AGTTCCCAGGTTAGTA,CD8+ Cytotoxic T cell
L4_CTGAGCGTCAGACAAA,FCGR3A+ Monocyte
L3_AACGGGATCGTTAGAC,FCGR3A+ Monocyte
L2_TTGACCCTCCGACATA,Plasma cell
E2L1_GATTCGAGTGACACGA,NK cell
E2L4_GAACTGTTCCGACATA,Proliferating T cell
E2L1_CATCCCAGTCGAGATG,Plasmacytoid dendritic cell
E2L5_CTCCGATCAGTAGAAT,CD4+ Naive T cell
L5_CTAACTTAGCTAAACA,Proliferating T cell
L5_GAACACTCACATTACG,Conventional dendritic cell
E2L2_GTAAGTCAGCCTTCTC,CD8+ Cytotoxic T cell
E2L6_CCACCATAGTTTGAGA,B cell
L2_CCTTTGGTCTGGACCG,CD14+ Monocyte
L3_ACGCACGTCTTTCGAT,Platelet
L4_AGATCCAAGCATAGGC,NK cell
L5_CTCTGGTCACACTTAG,CD8+ Cytotoxic T cell
L3_CATCAAGAGCGGATCA,CD4+ Naive T cell
L4_TACGTCCAGGTGGGTT,CD4+ Naive T cell
E2L6_CTCCCTCGTGCACATT,CD8+ Cytotoxic T cell
E2L2_AGATGAATCGTGCACG,B cell
E2L4_ATTCATCTCCGTCAAA,CD4+ Naive T cell
L3_GACGTTAGTTCAAACC,Hematopoietic progenitor cell
E2L4_GTAGTACAGTATGAGT,Proliferating T cell
E2L8_TGGAGAGAGACTAAGT,CD8+ Cytotoxic T cell
L5_TTGCATTGTCGTCTCT,Conventional dendritic cell
L1_CTGCCATCAGAGCTAG,Hematopoietic progenitor cell
E2L2_TTCTAGTTCAACTTTC,Proliferating T cell
E2L1_TTGTTCAAGGTAGATT,Conventional dendritic cell
L4_GTCACTCCATCTCATT,Conventional dendritic cell
L4_TAAGTCGAGAGCATTA,MAIT cell
E2L8_TGCACGGTCCACCTGT,CD4+ T cell
E2L8_CTGGTCTTCACCTCGT,Plasmacytoid dendritic cell
L1_TCCTCCCTCAGTGTTG,CD4+ Naive T cell
E2L2_ATCGTCCTCCAGCTCT,CD8+ Cytotoxic T cell
E2L3_CAGATCACAGATCATC,CD14+ Monocyte
E2L8_GAGAGGTAGTAGAATC,CD4+ Memory T cell
E2L6_GTCACGGTCCTTGAAG,CD14+ Monocyte
E2L1_CGTTAGATCTAGGCCG,gamma-delta T cell
E2L7_ATCCCTGGTGCGGATA,Proliferating T cell
E2L8_GATCACATCTAGGAAA,B cell
E2L6_TAGGAGGAGATGTAGT,B cell
L4_TTTAGTCCACTATCGA,MAIT cell
E2L1_TACCTCGGTTGGCCTG,Platelet
L5_AGTCACATCCGTATAG,Platelet
L4_TCGGATAAGGGCGAGA,FCGR3A+ Monocyte
E2L6_AGGGTGAAGAGCACTG,CD4+ Naive T cell
E2L6_AGCGATTGTATGATCC,B cell
E2L6_CCACGAGAGAATCGCG,Platelet
E2L5_ATTTACCTCCCTGTTG,CD4+ Memory T cell
L4_CTGCTCAAGATAGTGT,CD8+ Cytotoxic T cell
E2L6_CTAGACACAGGCGTTC,NK cell
L4_GAGAAATGTTAGGACG,CD4+ Memory T cell
E2L4_GGCAGTCCATGAAGGC,CD14+ Monocyte
L5_ATCTTCATCTCATTGT,CD4+ Naive T cell
L4_GGGCTACAGACCAGAC,Plasmacytoid dendritic cell
L3_CGGGCATCACAATGCT,CD4+ Naive T cell
E2L5_ACGTCCTTCAACGTGT,Plasmacytoid dendritic cell
L1_AGTACCAGTCCGGACT,CD8+ Cytotoxic T cell
L3_GTGTAACCATAGATCC,Proliferating T cell
E2L5_TCGGGACCATGCCGAC,Plasmacytoid dendritic cell
L2_TTGCTGCAGAGCGACT,CD4+ Naive T cell
E2L7_TGCCGAGAGTGAATAC,B cell
L2_TTTACGTGTTCCTAGA,Plasma cell
L5_CATACTTGTAGGATAT,CD4+ Naive T cell
E2L8_TAGGTTGGTTCAGGTT,NK cell
L1_GCATCGGGTAACTTCG,Plasma cell
L4_TGGATGTTCTCAACGA,CD14+ Monocyte
E2L2_GGGACCTGTAGACAGC,Plasma cell
L2_CTCAATTTCAACGAGG,CD4+ Naive T cell
E2L2_GAGTCATTCTCGACGG,CD4+ Memory T cell
L5_AACCACACAAGATCCT,CD4+ Naive T cell
L5_CTATAGGAGATAGCAT,CD4+ Memory T cell
L5_CCATAAGCACGACTAT,CD4+ Naive T cell
E2L7_TTATTGCAGAGGCGTT,Proliferating T cell
E2L6_GTAGTACTCATTACGG,Proliferating T cell
E2L4_CTCTGGTAGGACGCAT,FCGR3A+ Monocyte
L2_GGGAGATCAGTCTACA,Hematopoietic progenitor cell
L2_GACCGTGAGCGTGTTT,CD4+ Memory T cell
E2L2_GTGAGGAGTGCTCTCT,CD4+ Memory T cell
E2L2_CGTGCTTAGATGCAGC,CD4+ Memory T cell
L5_AAACCCAAGGATGGCT,Plasma cell
L5_TCTTAGTCATACGCAT,Plasma cell
E2L4_ATCCATTCATGGTACT,Proliferating T cell
L2_AATGGAATCGTCGCTT,CD4+ Memory T cell
E2L6_AGTCACACACAGAAGC,CD14+ Monocyte
E2L1_TTGGGATTCGCTCTCA,Platelet
E2L7_AACGAAAAGTGCCTCG,CD4+ Memory T cell
E2L7_ACGGTTAGTCTACGAT,FCGR3A+ Monocyte
L4_GCCAACGGTAAGCGGT,NK cell
L5_ACTGATGTCGTGTTCC,Proliferating T cell
E2L7_CGTGCTTCAAATGGTA,B cell
E2L4_TGAGCGCTCGCCACTT,CD8+ Cytotoxic T cell
E2L5_TACGTCCAGAGTTGTA,Conventional dendritic cell
L2_TCCTTTCCATCTCATT,Proliferating T cell
E2L8_GAGTCATCAACTCATG,CD8+ Cytotoxic T cell
L4_GAACTGTCAAATACAG,Conventional dendritic cell
E2L8_TCGTGGGCACAAGGTG,CD4+ Memory T cell
L4_TCATTGTAGGTCGTCC,B cell
L4_TTCCGGTTCATCGGGC,Proliferating T cell
E2L3_CACGTTCCATCACCAA,FCGR3A+ Monocyte
L2_TGCTCCAGTGCGTTTA,CD4+ Naive T cell
L2_CGTAGTATCCATTGGA,CD4+ Naive T cell
L3_GTAGATCGTTTCGTGA,CD8+ Cytotoxic T cell
L1_CGTTGGGGTCATTCCC,Plasmacytoid dendritic cell
E2L7_GACTTCCCATGGCTGC,CD4+ Memory T cell
L5_CATCGTCCATGGGCAA,NK cell
E2L7_ATCGTGAGTGAATGTA,Hematopoietic progenitor cell
E2L7_AGGGTGACAAAGACGC,CD4+ Memory T cell
L5_ATGAGGGTCACTGGTA,CD4+ Naive T cell
E2L5_CAACCAACACATACTG,Plasma cell
L3_GAAGAATAGAGCCGTA,CD4+ Naive T cell
L5_CATTGCCTCTGCGATA,CD4+ Naive T cell
E2L7_GAAGAATGTGGCCTCA,Conventional dendritic cell
E2L4_GGTAGAGGTTGCATCA,CD4+ Memory T cell
E2L8_CTTCTCTCATCCGAAT,Proliferating T cell
L5_GTTCCGTCAGCGTATT,CD14+ Monocyte
L4_TCATTTGAGCGAAACC,MAIT cell
E2L1_GTCACTCGTGTTAAAG,Plasmacytoid dendritic cell
L4_ATGGATCCATAAGATG,Conventional dendritic cell
E2L7_CATTGAGAGGCACAAC,CD14+ Monocyte
L4_CATTCTAGTCCCAAAT,Plasmacytoid dendritic cell
L3_GGTTGTAAGTGTCATC,FCGR3A+ Monocyte
L5_CACGAATAGGATTCAA,Hematopoietic progenitor cell
E2L6_AGGGCCTCACACCTAA,CD8+ Cytotoxic T cell
L3_ATTATCCTCTACACTT,CD4+ Memory T cell
E2L5_CCCGAAGAGCCTGTGC,B cell
E2L7_CATACTTCATCTCAAG,CD4+ Memory T cell
E2L7_GGTGAAGAGCATGGGT,CD4+ Naive T cell
E2L3_TCATTGTCAGAGTGAC,CD8+ Cytotoxic T cell
L4_GATGACTTCGGACGTC,CD4+ Memory T cell
E2L6_CATACAGAGCTGTTCA,B cell
E2L2_TCCAGAACAGCGGTTC,CD4+ Naive T cell
E2L7_CTGAGGCTCCATTCAT,Hematopoietic progenitor cell
L2_TATCAGGTCGTCCTTG,Conventional dendritic cell
E2L2_ACGTAACTCAAAGACA,Plasma cell
L2_ACACCAAGTTATAGAG,CD4+ Memory T cell
L3_GACCCTTGTCGGTACC,NK cell
L4_AGCCAATGTACAGAAT,CD4+ Memory T cell
E2L1_CAGGGCTCATAGGTTC,Proliferating T cell
E2L7_GTGAGCCTCCCGGTAG,B cell
E2L4_AGCCAGCCAAGTGGAC,Plasma cell
E2L5_CATGCGGAGTCGCCAC,NK cell
L5_TGAGCATAGTCCCAAT,NK cell
E2L2_TTGACCCCACGGCTAC,Plasma cell
L5_ATTATCCTCAACTCTT,MAIT cell
E2L4_CTCCACACATGGCTGC,B cell
L5_TATTTCGAGCGGTAAC,CD4+ Naive T cell
E2L7_GTTTACTCATTGAAGA,Conventional dendritic cell
L4_TTTCCTCCACAGTCAT,FCGR3A+ Monocyte
L4_CATAGACTCTCTTGCG,CD14+ Monocyte
L4_AGCATCACAAATTGCC,CD4+ Naive T cell
E2L3_ACAAAGAGTCGTGATT,MAIT cell
L4_GCCGATGTCAACCGAT,Conventional dendritic cell
E2L7_CCTCTCCGTTACGTAC,CD4+ Memory T cell
E2L6_AGGGTCCGTACTGTTG,B cell
L5_ATTCAGGTCGCAGAGA,CD4+ Naive T cell
E2L6_TGCGGGTGTAAGGTCG,B cell
L1_TCCTTCTCAGTCTGGC,CD4+ Naive T cell
E2L5_TTACAGGGTCACTACA,CD4+ Naive T cell
E2L3_CGCCAGACAGGACGAT,gamma-delta T cell
E2L7_GCGTTTCGTGGCTTAT,Platelet
L4_CAACAACTCCTGGGAC,CD4+ Naive T cell
L2_AAGAACATCCGAGCTG,Hematopoietic progenitor cell
L3_ACGCACGAGTAGCATA,CD4+ Naive T cell
E2L3_TGCATCCTCGTCAAAC,CD14+ Monocyte
E2L1_CCTACGTTCCATTTGT,B cell
L2_ATCATTCCACGGTGAA,MAIT cell
L2_ATTTCACGTCACCGAC,NK cell
E2L4_CATAAGCCAACACTAC,Plasmacytoid dendritic cell
E2L1_TTTACGTCAGAGGGTT,NK cell
E2L1_GCTGAATAGGCATGGT,Plasmacytoid dendritic cell
E2L1_CCTAAGATCTAGACAC,CD8+ Cytotoxic T cell
E2L1_CACTTCGCAAATAGCA,CD8+ Cytotoxic T cell
L5_GCTTTCGCATTGAGCT,CD4+ Naive T cell
E2L1_CACAACATCTCGTGAA,Platelet
L4_GGAGATGAGATGTTCC,Platelet
L2_CCCAACTTCTATGTGG,MAIT cell
L5_AGGGAGTAGAAACTGT,CD4+ Naive T cell
E2L3_TCATACTGTTTACGAC,CD8+ Cytotoxic T cell
L5_TGATTTCTCAACTTTC,CD4+ T cell
E2L6_TCTTGCGGTCCGGTCA,B cell
E2L5_GGGTCTGCATCCGGTG,NK cell
L2_TTTCCTCCAAGTGCAG,CD4+ Naive T cell
E2L3_CCTCATGAGCCTGGAA,CD8+ Cytotoxic T cell
L3_TGCGGCATCCGATCGG,B cell
E2L1_AGGTTGTGTTCGGTTA,CD4+ Memory T cell
L2_TATCCTAAGACAAGCC,Plasma cell
L4_TCCACCAGTGACCGTC,CD4+ Memory T cell
E2L2_TTCAGGATCACTGATG,B cell
E2L6_GCCAGCAAGTAACCTC,B cell
L1_CGGAACCTCCGTGGGT,Plasma cell
L4_TTTGGAGAGTTGCCTA,MAIT cell
E2L4_GTCTTTAAGACCAAGC,CD8+ Cytotoxic T cell
L5_TATCTTGAGAGTTCGG,Plasmacytoid dendritic cell
E2L4_GTCATCCAGTTTCTTC,B cell
E2L5_AGAAGCGTCATTTGCT,NK cell
L4_TTAGTCTAGACATGCG,CD4+ Naive T cell
L5_TCACTATCAGTGCCTG,CD8+ Cytotoxic T cell
L5_TGCAGATTCACTTCTA,CD4+ Naive T cell
E2L5_TGCAGTAAGGGCTAAC,CD8+ Cytotoxic T cell
L5_CGTAGTAAGTAGGCCA,CD4+ Naive T cell
E2L8_TTGGATGCAACCGATT,FCGR3A+ Monocyte
E2L6_TTCCAATAGCAGCACA,CD14+ Monocyte
L3_TTCGGTCTCTCGCGTT,Proliferating T cell
E2L5_GTTGCTCGTGACTGAG,Platelet
E2L2_GCATGATAGGTGCATG,CD8+ Cytotoxic T cell
L5_CATGCGGTCATCTCTA,B cell
L1_TTACTGTCATCCGGCA,B cell
L4_AAGGTAACAGCTATTG,CD8+ Cytotoxic T cell
E2L8_AGTAGTCCACTCAGAT,Conventional dendritic cell
E2L4_AAGCATCAGTAGCATA,NK cell
L5_CTGATCCGTAGTTAGA,CD4+ Memory T cell
E2L7_TGAATCGCACTGGCCA,CD8+ Cytotoxic T cell
E2L4_CAATGACGTAATGATG,Conventional dendritic cell
E2L6_TCCGAAAAGACCTTTG,CD4+ Naive T cell
E2L8_CTTAGGAGTTAAACCC,FCGR3A+ Monocyte
L4_TGATCTTCAACGATTC,Hematopoietic progenitor cell
E2L8_TCAGTTTTCGTGGGTC,CD14+ Monocyte
E2L5_TCGCAGGCAGCATCTA,CD8+ Cytotoxic T cell
L5_GCACATACAGAAATTG,CD4+ Memory T cell
E2L7_CCAATTTTCCGATGTA,NK cell
E2L5_GGTAACTGTTAAGCAA,CD4+ Memory T cell
E2L8_CTAGGTACAGGACGAT,CD8+ Cytotoxic T cell
L4_CAACAACCAGGACATG,CD4+ T cell
E2L8_GTGCGTGGTACGAGTG,B cell
L5_AACCCAACAGGATTCT,CD8+ Cytotoxic T cell
L2_ATCGATGAGATGCAGC,CD4+ Naive T cell
L4_CTACAGACAACGGGTA,Conventional dendritic cell
L1_TGTCCTGCAACTGCCG,CD14+ Monocyte
L5_GCCATTCTCACGTCCT,CD4+ T cell
E2L1_ACGTTCCAGACATCAA,FCGR3A+ Monocyte
L2_CACGTGGGTGGTGATG,CD4+ Naive T cell
E2L4_AGAAGTAAGTCGAAAT,FCGR3A+ Monocyte
L3_CGGGTGTAGCCTAACT,CD4+ Memory T cell
E2L8_CTCCACATCAAGCCTA,B cell
E2L2_CATGGTAAGGATTTAG,Platelet
E2L1_CGAGTGCGTGGCCTCA,Proliferating T cell
E2L1_CTATCCGCAGAACATA,Plasmacytoid dendritic cell
L4_GTTAGTGGTACGTGTT,Plasma cell
L3_CGTAATGAGCTTGTTG,CD4+ Naive T cell
E2L3_GTTCCGTTCTCACGAA,Plasma cell
E2L3_CCCGAAGCAGTCTCTC,Plasmacytoid dendritic cell
L3_CTATCTAAGACGTCGA,CD4+ Memory T cell
E2L5_GGGTCTGAGATCCTAC,NK cell
E2L2_AGGGCCTAGCGTATAA,CD4+ Memory T cell
E2L2_AGCGCTGGTGGTAATA,Plasmacytoid dendritic cell
E2L5_TTCCGTGCAGCACAGA,Plasma cell
E2L7_TCTGCCAGTTTGACAC,MAIT cell
E2L3_CCCTTAGTCCAAGCAT,Plasmacytoid dendritic cell
L3_CAGAGCCGTTCTTGTT,Hematopoietic progenitor cell
E2L2_GCCAGGTAGCTAGTTC,CD14+ Monocyte
L5_GGGACAAGTGGCACTC,CD4+ Memory T cell
L3_ATGCCTCGTGGATGAC,NK cell
L5_TCCACGTAGAAATCCA,FCGR3A+ Monocyte
L4_GTAACCAAGAGATGCC,CD4+ Memory T cell
E2L7_TATTGGGTCATTCTTG,Conventional dendritic cell
E2L6_TGACGCGGTGAGTAAT,Proliferating T cell
L2_CATGGTATCTTTGCGC,B cell
L1_ACATCCCAGGTAGTAT,MAIT cell
E2L1_GTGTTAGCAGACACCC,NK cell
L3_TATTGCTCAATCGTCA,B cell
L2_CAACAGTGTTAAGGAT,CD4+ Memory T cell
E2L5_GAGTTTGCATAATCGC,B cell
E2L1_CTCCTCCTCCGCGAGT,CD4+ Memory T cell
E2L6_CAAGCTATCGTTTACT,CD8+ Cytotoxic T cell
L1_TTCTAACTCGTAGGAG,NK cell
L1_TAGGTACGTCGGCACT,CD4+ Naive T cell
E2L1_TCAGTTTCAACGGTAG,CD4+ Memory T cell
E2L2_TACCGAAAGCCGGATA,Proliferating T cell
L4_AACGGGATCGACGAGA,MAIT cell
L1_GCACTAACACTGTCGG,CD8+ Cytotoxic T cell
E2L4_GTTACGACACAAGTGG,B cell
L3_TGGAACTAGAATAGTC,CD14+ Monocyte
L3_CAACCTCGTGAATTGA,CD4+ Naive T cell
E2L4_TTCACCGAGGCTCCCA,CD4+ Memory T cell
L4_TGCTGAACAAGGTACG,CD4+ Naive T cell
L2_GACGCTGGTCACTCAA,NK cell
L5_TTTGTTGTCTCCGTGT,CD4+ Naive T cell
L1_AAGATAGAGCAGATAT,CD4+ Naive T cell
L4_TTAGTCTTCAGAGTGG,Hematopoietic progenitor cell
E2L7_AACAACCGTTCATCGA,CD8+ Cytotoxic T cell
L2_TCGCTCAAGCTAAACA,Conventional dendritic cell
E2L4_GATTCGACACGGTGAA,Plasma cell
L3_TATACCTAGAACTTCC,CD4+ Memory T cell
E2L7_GCAGCTGCAAGAATAC,CD8+ Cytotoxic T cell
E2L4_TTTGATCTCACGAGGA,CD4+ Memory T cell
E2L6_TCGCTCAAGGTTCAGG,B cell
L5_CTGGACGCAGTAACGG,MAIT cell
L5_ATTCAGGGTGGAAGTC,CD4+ Naive T cell
E2L5_GAGAAATCAACCGCTG,Proliferating T cell
E2L1_TGTGGCGTCCTCGATC,B cell
E2L7_GACCTTCTCGCAAGAG,Platelet
L2_TCTTCCTGTGGACCAA,CD8+ Cytotoxic T cell
L2_GAGTCATGTCGCATGC,CD4+ T cell
L5_GCCCGAAGTGGTTCTA,Hematopoietic progenitor cell
E2L3_AGGCATTGTGAACGGT,NK cell
L3_CAGCGTGCACTGTCCT,CD4+ Memory T cell
E2L2_GAGTTACCATTAGGAA,CD8+ Cytotoxic T cell
L2_AGTGCCGTCCGAGCTG,Hematopoietic progenitor cell
E2L3_GGATGTTTCGTAGAGG,gamma-delta T cell
E2L4_TATCTGTAGAGCCGTA,CD4+ Memory T cell
L1_AGCCAATTCGCGTCGA,Plasma cell
E2L7_AGTGCCGGTATAATGG,B cell
E2L4_CTCCTTTCAGTGGTGA,CD4+ Naive T cell
E2L4_GAAGAATCAGGTGTTT,MAIT cell
L5_ACGGTTACACTGTGTA,CD4+ Memory T cell
E2L8_TCTATACCATTAAAGG,Plasmacytoid dendritic cell
E2L5_TACTTGTTCTCATAGG,CD4+ Memory T cell
E2L6_GTCGAATTCGTAGAGG,CD14+ Monocyte
E2L7_CGTAATGTCGATCCCT,Plasmacytoid dendritic cell
E2L8_GGGAGATCAGTACTAC,Platelet
E2L1_CAGTTCCGTTATTCCT,Plasma cell
L4_AACGAAACAGCCCACA,Platelet
E2L3_AACACACCAGAGGCTA,FCGR3A+ Monocyte
E2L5_AACCTTTGTCACAGTT,CD4+ Naive T cell
L4_CTCATCGCAAAGCACG,B cell
E2L5_GAAGTAAGTTCTTGTT,Hematopoietic progenitor cell
E2L7_TACTTACGTAGGCTGA,CD4+ Naive T cell
E2L4_CTGCTCATCGTGCAGC,Plasmacytoid dendritic cell
L5_TCTCTGGTCCTTATAC,CD4+ Memory T cell
L2_CGGAATTAGGAGATAG,NK cell
L4_CCACGTTGTAGGATAT,CD4+ Naive T cell
E2L2_ATGAGGGAGCCATCCG,CD8+ Cytotoxic T cell
E2L2_GTCATTTAGACTACGG,CD8+ Cytotoxic T cell
E2L7_CCACGAGCACCATTCC,B cell
E2L5_GGAGGTACATTGGCAT,Proliferating T cell
L3_GGAACCCCATGACCCG,MAIT cell
L4_TCAGTTTGTAGCTTGT,Proliferating T cell
L3_ATGCGATCAGCTGAAG,Hematopoietic progenitor cell
L5_AGTGCCGTCGGAGTGA,MAIT cell
L4_AACAAGATCTAGACAC,CD8+ Cytotoxic T cell
L5_CTCCTTTCACGAGGAT,Proliferating T cell
E2L4_AGCGTATTCAGTGTCA,Plasmacytoid dendritic cell
E2L2_AGGGAGTTCGACCAAT,CD4+ Naive T cell
E2L6_TATCGCCGTCGGATTT,CD8+ Cytotoxic T cell
L4_TGGTGATCAATTTCGG,FCGR3A+ Monocyte
L1_AATAGAGCATGGGTTT,Plasma cell
L1_ACCCTTGGTACCGGCT,CD4+ Naive T cell
E2L1_ATGTCCCTCCCTCGAT,Conventional dendritic cell
L1_TAGACCAGTTGCGGCT,Platelet
L5_GCTCAAAGTTCGATTG,Hematopoietic progenitor cell
L5_GTTACAGTCTATTTCG,Plasma cell
E2L8_TGCTCGTCAACGATTC,B cell
E2L4_ACATTTCCAGCACAGA,FCGR3A+ Monocyte
L4_TTTCGATTCAGAGCAG,CD4+ Naive T cell
E2L1_AGCTACAGTCAGGCAA,CD4+ Memory T cell
E2L5_CTTTCAAGTCCCTGTT,MAIT cell
E2L7_CTCCATGGTCAGCGTC,Platelet
L5_GAATCACCAAGATCCT,CD4+ Memory T cell
L5_CTCCACAGTCCACAGC,CD4+ Naive T cell
E2L7_TGCCGAGCATTGCCGG,CD4+ Naive T cell
E2L2_TCGAACAGTAGAGCTG,CD4+ Memory T cell
L2_ATGGAGGAGAGCAACC,Plasma cell
E2L6_GGGTAGATCTGGCCAG,MAIT cell
E2L3_TCGCACTCATCTCCCA,FCGR3A+ Monocyte
E2L5_CGTGTCTCACGCCACA,CD8+ Cytotoxic T cell
L2_AATGCCAAGCCTGTCG,CD8+ Cytotoxic T cell
E2L5_GAGGCAACATGTTTGG,CD4+ Naive T cell
E2L6_GTACAGTCACGACGCT,CD4+ Memory T cell
L1_ATTCTTGAGTTGCTCA,CD4+ Memory T cell
E2L5_CTCCAACCAGGCATTT,CD4+ Memory T cell
E2L3_GTGTTCCAGTTGTAAG,Plasmacytoid dendritic cell
E2L7_CCAATGACACCTCGTT,FCGR3A+ Monocyte
L5_CCGTAGGCACAAAGCG,CD8+ Cytotoxic T cell
E2L6_AATTCCTTCGACTCCT,Conventional dendritic cell
L3_CTAAGTGAGCCATTGT,gamma-delta T cell
E2L2_CTTAGGAGTTAGGGAC,CD4+ Memory T cell
E2L4_CTACGGGCACAACGTT,CD4+ Naive T cell
E2L7_CATTGTTTCCACTTTA,Proliferating T cell
L3_TATACCTTCAAGTCTG,CD14+ Monocyte
E2L6_ATCGTCCAGTGGTGGT,B cell
L3_CACTTCGAGGTAGTCG,CD4+ Memory T cell
L5_AAAGTGATCTTCGACC,Hematopoietic progenitor cell
L4_ACAACCAAGGTCCTGC,Conventional dendritic cell
L1_AACAAAGGTTCGGCGT,Proliferating T cell
E2L5_TCGATTTCACATCATG,CD4+ T cell
E2L8_TTGCATTCAGTAACAA,CD4+ Memory T cell
E2L1_GTTAGTGAGGACTAAT,CD8+ Cytotoxic T cell
L2_AACCAACAGATGACCG,CD4+ Memory T cell
L3_CCTATCGTCTACTCAT,CD4+ Memory T cell
E2L7_AACCATGGTTGTGTTG,Conventional dendritic cell
E2L5_CGAGTGCCAGGCCTGT,CD8+ Cytotoxic T cell
L3_GACCAATCATATACCG,CD8+ Cytotoxic T cell
L3_CGCGTGAGTGTTGAGG,CD4+ Naive T cell
E2L7_CTACATTAGACGTCGA,FCGR3A+ Monocyte
L4_CTGAGCGCACCACTGG,CD4+ Memory T cell
E2L7_TCATGGATCAAATGCC,B cell
E2L4_ATCCGTCCATCCTAAG,Plasmacytoid dendritic cell
E2L7_ACTTAGGAGGAACTAT,CD4+ Memory T cell
E2L7_GTAGCTAGTACTGGGA,B cell
E2L4_TTCATTGGTCACGTGC,B cell
L1_AGAACCTAGACAGCGT,NK cell
L2_ACTCCCAAGCCACCGT,Proliferating T cell
L2_GTCTAGAGTCGAAGCA,Proliferating T cell
E2L6_TCATTACTCGACGAGA,CD4+ Naive T cell
E2L6_CACACAAGTAGCGCTC,Platelet
L1_TCGGGACCAGGGTTGA,CD4+ Naive T cell
E2L4_GTCAGCGCAAGTATAG,CD4+ Memory T cell
L3_CCGGGTATCTTGCAAG,Proliferating T cell
L4_TTAGTCTAGGTCACTT,NK cell
E2L2_CTGGCAGGTTGCCTAA,CD4+ Memory T cell
L5_TCCTTCTCAGACAATA,CD4+ Memory T cell
L4_TGGAGAGGTCGCACGT,CD4+ Naive T cell
L2_TTGTGTTTCCCATGGG,CD4+ Memory T cell
L3_AGTCACAGTGTTCGTA,CD8+ Cytotoxic T cell
E2L6_CTCTCGAAGCTCCCTT,FCGR3A+ Monocyte
E2L2_GGTCTGGTCTAGTTCT,CD4+ Naive T cell
E2L6_CATACCCCATCCTTGC,Conventional dendritic cell
E2L4_AGACCCGCAAACCATC,CD4+ Naive T cell
E2L3_CTCCCTCCAAGATTGA,gamma-delta T cell
E2L8_CTATAGGGTGAATATG,B cell
E2L4_AACCTTTTCCGCAAAT,CD8+ Cytotoxic T cell
L5_CACGTTCAGATGAAGG,Hematopoietic progenitor cell
E2L2_ACATTTCCATGCAGGA,CD4+ Naive T cell
L4_AGTCAACCAGTTGAAA,CD4+ Memory T cell
E2L7_GCGTGCATCGACGAGA,CD4+ Memory T cell
L5_ATTCCCGGTATCAGCT,MAIT cell
E2L5_GTCCTCAAGTAAAGCT,Platelet
E2L5_TTCTAACCAAAGAACT,CD8+ Cytotoxic T cell
L5_TGATTTCAGTCTAACC,Proliferating T cell
L5_GATCACAGTATCTCGA,CD4+ Naive T cell
L5_TCCTTCTTCCGTATAG,CD8+ Cytotoxic T cell
L1_GGTAGAGCACACCAGC,Hematopoietic progenitor cell
L4_GATGATCAGCATGTTC,B cell
E2L1_GATCACAAGGCTCTCG,CD8+ Cytotoxic T cell
L4_ACTTCCGAGGGAGTTC,Hematopoietic progenitor cell
L4_TTGGATGTCGTGAGAG,Conventional dendritic cell
L5_CTGAGGCCATTGCCTC,B cell
E2L5_CGGGTCAGTTTCTATC,Plasma cell
E2L7_CAATGACAGTGCGCTC,CD4+ Memory T cell
E2L8_TTGCCTGTCTAGGAAA,NK cell
E2L1_ACATCCCGTTCTCTCG,CD8+ Cytotoxic T cell
E2L6_GTGAGGATCACATTGG,Proliferating T cell
E2L8_GTGCAGCGTAGCTTTG,Conventional dendritic cell
E2L6_CTTGAGACATCATCCC,Platelet
E2L3_GGCGTCATCCCATACC,CD8+ Cytotoxic T cell
L5_CGAGTTACACCAGCCA,CD4+ Naive T cell
E2L1_ACGTCCTTCTAGAACC,B cell
L3_TCAGCCTGTGGATGAC,MAIT cell
L4_ACACAGTGTTCGTACA,MAIT cell
E2L8_AGCATCAAGGTCGTGA,Plasmacytoid dendritic cell
E2L3_TCACACCCAGGCTATT,Proliferating T cell
E2L1_AGCGTATCAATGTGGG,MAIT cell
E2L1_CCTATCGAGGTACATA,CD4+ Memory T cell
E2L5_TACGCTCCATTCTCCG,CD4+ Memory T cell
L4_TCACGCTAGCATTTCG,MAIT cell
L1_GCAACCGCAAGACCGA,NK cell
L1_TGGTTAGTCATGGGAG,Conventional dendritic cell
E2L7_CTGCTCAAGTCAGCCC,Platelet
E2L4_TTGGGCGCAGGACAGT,Plasmacytoid dendritic cell
E2L1_GGGAGATAGTTACTCG,CD4+ Memory T cell
L5_ATGTCTTCAGTCTACA,Plasmacytoid dendritic cell
L3_GGATCTATCTTCCAGC,CD4+ Naive T cell
L4_GGAAGTGTCGTCGGGT,CD4+ Naive T cell
L3_AATAGAGCAGCTGTCG,CD4+ Memory T cell
L3_GATGATCTCCACACCT,CD8+ Cytotoxic T cell
E2L7_TCACTATAGTGCGACA,Plasmacytoid dendritic cell
E2L2_CGTGAATTCGAGTGAG,MAIT cell
L1_CATTGTTGTCTTCAAG,CD4+ Naive T cell
E2L8_TGACGCGCATTACGGT,B cell
E2L6_TTTGGAGAGTTTGGCT,NK cell
E2L4_TCACAAGTCGAATCCA,CD8+ Cytotoxic T cell
L4_AGCGTATAGAACGCGT,Plasmacytoid dendritic cell
E2L5_TTGATGGCAGCAGACA,Platelet
L1_AAGTACCGTATTTCCT,CD4+ Memory T cell
L1_CGGTCAGGTGCAGGAT,Proliferating T cell
E2L7_CATCCGTCAAAGAGTT,Platelet
E2L2_GTTACCCAGACGACTG,CD4+ Naive T cell
L5_TCGAAGTCAGTGGCTC,CD4+ Naive T cell
L2_TACCCGTTCAGAGTTC,CD4+ T cell
L3_TATCTTGTCGATACAC,CD4+ Naive T cell
L3_AGGGAGTTCGCCTATC,Hematopoietic progenitor cell
L5_CGGACACCATATCTGG,Hematopoietic progenitor cell
E2L4_TCGGTCTCATTGCAAC,CD8+ Cytotoxic T cell
L5_GAGTTGTAGCGTTCAT,Plasma cell
E2L3_CACCAAACACGGGCTT,CD4+ Memory T cell
L1_GACGCTGCACTCCGGA,CD4+ Naive T cell
L2_TGTAAGCCATGCCGCA,Hematopoietic progenitor cell
E2L7_TCATGGACAGACCTGC,Platelet
L5_CGGAATTTCTGGGATT,CD8+ Cytotoxic T cell
E2L7_GTGCTGGGTACAGTCT,CD4+ Naive T cell
E2L3_TACAACGGTTGGGACA,Conventional dendritic cell
E2L6_AATGGAAAGGTAAGAG,B cell
E2L3_GTTAGTGGTCGCCACA,B cell
E2L5_AGCTTCCAGATAGTGT,Plasmacytoid dendritic cell
L2_CTGTGGGAGAGTCAAT,CD4+ Naive T cell
E2L6_TCATTCAGTCTCTCAC,Proliferating T cell
E2L2_TGGTGATAGTTTCAGC,CD4+ Naive T cell
E2L6_TGTAGACGTACAGAAT,B cell
L2_CATCCGTAGAGTTGAT,CD4+ Naive T cell
E2L5_AGGATCTTCTACGGTA,gamma-delta T cell
E2L6_GATGACTGTGGACTGA,Platelet
E2L8_AGGGCCTAGACCTCCG,Proliferating T cell
L1_ACCCTTGCAATCGCAT,Proliferating T cell
E2L7_ACAGAAACAAAGCACG,CD8+ Cytotoxic T cell
E2L2_ACATCCCTCTTCACAT,Conventional dendritic cell
E2L7_GGGTAGAGTACCTGTA,CD8+ Cytotoxic T cell
L1_GAGATGGTCAGATTGC,CD4+ Memory T cell
E2L6_CGGAACCGTGAGGAAA,B cell
L2_CCGATCTAGAAGGCTC,CD4+ Memory T cell
L3_TCTTCCTCAATTCACG,CD4+ Naive T cell
E2L2_AGAGAGCAGAGAAGGT,Platelet
E2L8_TTGCATTAGCTAGTTC,CD8+ Cytotoxic T cell
E2L1_ATCCACCGTGGTCCGT,NK cell
L2_GAGTCTATCAAGGACG,NK cell
L5_GAAGAATAGGGCGAAG,CD14+ Monocyte
L2_TTTACTGTCGACCTAA,CD4+ T cell
L2_TTCACCGAGTGCAAAT,CD4+ Naive T cell
L5_CGAAGGAAGTAGGAAG,CD4+ Memory T cell
L5_AACAAAGTCTTCCGTG,CD14+ Monocyte
L4_TAGGAGGCAAAGGAGA,B cell
L3_AGCCAGCGTTCCGTTC,Proliferating T cell
E2L6_CAATCGATCCTTCGAC,CD14+ Monocyte
E2L7_TAGGAGGGTCCGTACG,CD4+ Memory T cell
E2L8_GTAGATCGTATATGGA,FCGR3A+ Monocyte
E2L4_TCAATTCGTCATCCGG,NK cell
E2L3_ATAGAGAAGCCAAGCA,Platelet
L4_TTCGATTTCAGTGGGA,Plasmacytoid dendritic cell
E2L8_AGAAGTACACTTCCTG,gamma-delta T cell
L4_ACTGTCCTCTCATAGG,FCGR3A+ Monocyte
E2L1_TCATACTTCCAAGCAT,CD8+ Cytotoxic T cell
L5_GACTTCCTCATTGCGA,Conventional dendritic cell
E2L4_GTCATCCAGCTCGACC,CD4+ Memory T cell
E2L2_CTTCAATAGGATTCAA,Conventional dendritic cell
E2L7_TAATTCCCAGCTGTTA,CD8+ Cytotoxic T cell
E2L3_CCGGGTAAGCCGGATA,B cell
L3_GCGGAAAAGAAGATCT,Plasma cell
L5_CAGTGCGGTGTCGATT,CD4+ Naive T cell
E2L5_CTCAGTCGTACAGTTC,B cell
E2L6_ATCACGAGTTGCTCAA,NK cell
L5_GTATTTCTCGCTAATG,CD4+ Naive T cell
E2L8_CCTCAACAGTGTTGTC,Platelet
L4_ATTTCACGTCTTCCGT,B cell
L1_TGAGCGCTCCTGCCAT,CD8+ Cytotoxic T cell
L3_ACAAAGACAACACACT,Hematopoietic progenitor cell
E2L8_TGCTGAATCATCTATC,CD4+ Memory T cell
E2L8_GATTGGTGTAACGGTG,CD4+ Naive T cell
E2L1_GTTAGACAGCGCCTCA,Conventional dendritic cell
E2L1_ATGCCTCAGGGAGTGG,NK cell
E2L1_CAGCGTGGTCGAAGCA,B cell
E2L4_TGCTCCAAGGCATTTC,CD4+ Naive T cell
E2L1_GTATTGGAGAGCATTA,CD8+ Cytotoxic T cell
L5_ATTCCCGTCCCTTCCC,CD4+ Naive T cell
E2L3_GTGCTGGGTATCGAGG,Proliferating T cell
E2L1_CGCGTGAAGAGGATCC,Platelet
L4_GTTGAACGTCCAGCGT,CD4+ Memory T cell
E2L5_GAGTCTAGTGTCCATA,FCGR3A+ Monocyte
E2L2_TGTGTGAAGACTAAGT,Plasmacytoid dendritic cell
L1_TGATTTCGTTTAAGGA,CD8+ Cytotoxic T cell
L1_CTCCATGGTCTTGAAC,CD4+ Naive T cell
E2L6_TACCCACAGCTTTCTT,CD8+ Cytotoxic T cell
L4_CTATCCGCAAGACGAC,CD4+ Naive T cell
E2L3_GTAGGTTGTTTGATCG,B cell
E2L8_CGAAGTTCATTGACTG,Plasmacytoid dendritic cell
L1_GAACTGTAGTATAACG,FCGR3A+ Monocyte
E2L8_TAACACGAGTGTTCAC,CD4+ Memory T cell
E2L5_AACGAAACACGGAAGT,CD4+ Naive T cell
L1_TGGGAAGTCCTCTAAT,Hematopoietic progenitor cell
E2L7_ATACTTCCACTTTAGG,CD4+ Naive T cell
E2L3_TAACACGTCAGTCACA,B cell
E2L2_TTTACCACATAGGTAA,CD4+ Naive T cell
E2L3_GACTCAATCACTGGGC,Platelet
E2L4_GGACGTCTCTGACCCT,Plasmacytoid dendritic cell
L2_GCATCGGCAGTTTCAG,CD8+ Cytotoxic T cell
L4_GGAATCTTCCTGTAAG,CD4+ Naive T cell
L4_TAGACTGGTCCAGCAC,B cell
E2L7_GGCGTCAGTTAGAGAT,CD4+ Memory T cell
E2L8_CTTTCAAAGCCAAGCA,Proliferating T cell
E2L6_TTTCAGTGTCTGTGAT,CD8+ Cytotoxic T cell
E2L3_GTGTGATTCGATACAC,B cell
E2L6_CCAATTTAGCGCGTTC,NK cell
L2_TACAGGTGTCAAATCC,CD4+ Naive T cell
L3_TGAATCGGTACATTGC,B cell
E2L6_CCTATCGTCCACGGAC,Proliferating T cell
E2L5_GTTGTAGGTGGACAGT,CD4+ Memory T cell
E2L1_CTGTGAATCCCATAAG,B cell
L1_CACTAAGAGCAAGTGC,CD4+ Memory T cell
E2L2_TGGGATTCACGCGGTT,Conventional dendritic cell
E2L7_AGTCTCCCATGACCCG,Plasmacytoid dendritic cell
L2_GACTCTCCATAACTCG,CD4+ Naive T cell
E2L8_GCATGATCATGAATAG,FCGR3A+ Monocyte
E2L4_ATGGGAGGTCGTGGTC,CD14+ Monocyte
L1_CTAACCCTCCAAGGGA,Proliferating T cell
L4_CCTCCTCAGTAAACAC,CD4+ Naive T cell
L4_GACTCTCCAGCTCGGT,CD4+ Naive T cell
E2L1_GCCAACGTCCTACCAC,CD4+ Naive T cell
E2L5_GCGGAAATCCGTGGTG,B cell
E2L5_GTGTGGCAGCCTCAAT,CD4+ T cell
L2_TCCACGTGTATGGAGC,NK cell
E2L8_CTTGATTAGGACGCTA,CD14+ Monocyte
L3_GCATGATAGATGACAT,CD4+ Memory T cell
E2L4_TCTCAGCGTCATAAAG,CD8+ Cytotoxic T cell
E2L5_ATTTCACAGGCTGTAG,CD8+ Cytotoxic T cell
E2L2_GTTACAGAGTACCCTA,Conventional dendritic cell
L2_AACCATGTCGCCGAGT,CD4+ T cell
E2L5_TGCATCCTCTGCTTAT,Proliferating T cell
L5_CCTCCTCTCACCTTGC,CD14+ Monocyte
L3_TTCTAGTCAGGAAGTC,CD4+ T cell
E2L8_CTGCTCACAGTCTGGC,CD8+ Cytotoxic T cell
L2_TCAAGCACATCAGCAT,Proliferating T cell
L5_CATAGACAGCTACGTT,Proliferating T cell
L5_TTACCATTCTTTCAGT,CD4+ Naive T cell
L1_TGACTCCAGGGATCTG,MAIT cell
E2L4_TGCGATATCCAATCCC,Plasmacytoid dendritic cell
E2L5_GATTCGATCGGCAGTC,CD8+ Cytotoxic T cell
L2_GTTAGACGTGAGACGT,FCGR3A+ Monocyte
E2L5_GTGTTAGTCGGTCTAA,Plasma cell
E2L3_TCGTCCAAGCCTCATA,MAIT cell
E2L7_TGATGGTAGGTTCTTG,B cell
E2L7_ATGGTTGGTGGGACAT,CD4+ Memory T cell
E2L7_ACTCCCAGTTGCTGAT,Conventional dendritic cell
L3_TACAGGTAGTTGCATC,CD8+ Cytotoxic T cell
E2L7_TAGGTTGGTCTGTCAA,CD4+ Memory T cell
E2L2_GACCCTTAGGCACTAG,Conventional dendritic cell
L5_ATCTCTACAGTAACCT,CD4+ Naive T cell
L4_TGTTACTGTTTAAGGA,B cell
E2L6_CACATGAAGAGCTTTC,NK cell
L3_TTACCATCACTACACA,Plasma cell
E2L1_GTGTGGCAGGTTACAA,CD4+ T cell
E2L5_ATTGTTCCACTCTGCT,Plasmacytoid dendritic cell
L5_TTACGCCGTCGCGTTG,CD4+ Naive T cell
E2L1_CATTCCGGTGACCGTC,B cell
L3_TGCAGGCTCTAAGCCA,CD14+ Monocyte
E2L5_TCAGTCCCACTTCAAG,NK cell
E2L4_CGCATGGGTAGCGATG,CD8+ Cytotoxic T cell
E2L5_GTGGAAGAGAAGCCAC,Proliferating T cell
E2L5_GGGCTCAGTATTTCGG,CD14+ Monocyte
E2L6_GGAATGGCAGCCTACG,B cell
L3_TACTTGTAGTCAGCCC,Plasma cell
E2L7_GTTTACTCAGAGAATT,CD4+ Memory T cell
E2L4_GGAATCTCACGATTCA,Proliferating T cell
L1_TCATGTTGTCCTATAG,MAIT cell
E2L8_TGTACAGTCGGTTAGT,B cell
E2L8_AGGGAGTCAGTGTGGA,B cell
E2L6_CTCAGGGGTCTTACTT,CD4+ Naive T cell
E2L2_CCTTCAGAGGAGTATT,Plasmacytoid dendritic cell
E2L6_TCCTTCTCAAAGTGTA,CD8+ Cytotoxic T cell
L4_CATCGGGAGACTAGAT,CD4+ Memory T cell
E2L6_GAACGTTTCGGACTTA,B cell
E2L6_TTGTTTGAGCATCAGG,Conventional dendritic cell
E2L8_GTTTGGATCGAGAGAC,CD14+ Monocyte
E2L5_CCTGCATTCGTCGGGT,CD4+ Memory T cell
E2L3_CTCCACAAGACAACTA,CD8+ Cytotoxic T cell
E2L6_CCTTGTGTCTGTCTCG,CD14+ Monocyte
L1_TTGCGTCCATGTGACT,CD8+ Cytotoxic T cell
L5_GGGATGATCTTTCTAG,CD4+ Naive T cell
L4_GATGATCGTGCTAGCC,Conventional dendritic cell
L3_ACGTAGTCATGCGGTC,CD4+ Naive T cell
E2L4_CGAATTGCATCAGTCA,CD4+ Naive T cell
L3_TCACGCTTCGCAGTCG,Plasmacytoid dendritic cell
L3_TACGCTCTCGGACGTC,CD14+ Monocyte
E2L5_TTCGGTCGTGTGAGCA,B cell
L2_GAGGGTACAGACATCT,CD4+ Naive T cell
E2L5_TAACCAGCATGTGACT,B cell
L5_TGCATGATCAACGAGG,NK cell
E2L4_TCATACTTCTTACACT,CD4+ Memory T cell
L3_CTATAGGTCGTGCTCT,Conventional dendritic cell
E2L8_AAGACAACAGTAGAAT,Platelet
L4_AACGAAATCACTACTT,CD14+ Monocyte
L4_CTTCTCTCATGCACTA,CD8+ Cytotoxic T cell
L4_CTATCCGCACGGCCAT,Hematopoietic progenitor cell
E2L3_GAGACTTAGTTGAAAC,Plasmacytoid dendritic cell
E2L2_CAGCAGCAGCCGTCGT,Proliferating T cell
E2L7_GAGAGGTCATCAGCAT,CD4+ Naive T cell
L3_AAGATAGAGACTGAGC,CD4+ Naive T cell
L1_ATTGTTCAGATAGCAT,CD4+ Memory T cell
E2L5_GAATCGTTCTAGTGAC,CD8+ Cytotoxic T cell
L4_AATGACCAGCCTCTGG,Hematopoietic progenitor cell
E2L6_TTCAGGACATGCCGGT,CD8+ Cytotoxic T cell
L3_CGGTCAGCATAGCTGT,Plasma cell
E2L2_GTCAAACCAATTGCTG,Platelet
L4_CGAATTGGTCATGCAT,CD4+ Naive T cell
E2L4_CCCATTGGTTCCTAGA,B cell
E2L3_TTCCACGTCGTAACAC,Plasmacytoid dendritic cell
E2L6_TTGAACGGTTTAGACC,CD8+ Cytotoxic T cell
L5_TGGATCATCTCGCTCA,CD4+ Memory T cell
E2L4_TAAGCGTGTCACAGTT,Proliferating T cell
E2L1_AAACGCTTCGCCACTT,FCGR3A+ Monocyte
L1_TGTGCGGCAGTAGTTC,Proliferating T cell
E2L7_ATTCAGGCACGTAGTT,gamma-delta T cell
L5_TCTATCACAGGTCCCA,Platelet
E2L5_TCCACCATCGAGATAA,CD4+ Naive T cell
E2L5_GTTATGGCACGGCCAT,Plasma cell
L2_ATCGATGGTGGTGATG,Platelet
L3_CTATCCGTCCCGAGTG,CD4+ Memory T cell
E2L4_TGTTCCGAGCTGGCTC,B cell
L1_TGGGCTGAGGATATAC,CD4+ Memory T cell
L2_TGCGATAAGCATAGGC,FCGR3A+ Monocyte
L5_CCAATGAGTCCCACGA,Hematopoietic progenitor cell
E2L8_GTTCGCTTCGTGCTCT,CD4+ Memory T cell
L3_GATGGAGTCTCCGAAA,MAIT cell
L3_TGACGCGGTTCCGTTC,CD4+ Memory T cell
E2L5_GAAGAATAGAAATTCG,CD8+ Cytotoxic T cell
E2L8_CAACGGCAGAGAGAAC,CD4+ Naive T cell
L3_AGTCTCCAGTGTTCAC,CD4+ Naive T cell
L4_GACCAATCACATTACG,Conventional dendritic cell
E2L6_AGTGTTGTCGGCTGGT,B cell
E2L2_GTTGAACAGTTTAGGA,NK cell
L5_TTCACCGGTACCGTGC,CD4+ T cell
E2L8_TCTCACGGTACAGTAA,CD4+ Memory T cell
L1_CCTCCTCGTGGTCTCG,Plasmacytoid dendritic cell
E2L6_CCTCTCCCAGGCATTT,CD14+ Monocyte
E2L4_CACGTGGGTCTGTAGT,CD4+ Memory T cell
E2L3_CTGTCGTTCGGACTTA,CD4+ Memory T cell
E2L1_CGGAACCAGCGAATGC,Proliferating T cell
L3_CTCAAGAAGGCTAAAT,Proliferating T cell
E2L8_GTCACGGTCGTCCATC,CD14+ Monocyte
L1_TTGAGTGAGGTACAGC,CD4+ Naive T cell
E2L2_CTTGATTTCTATTGTC,CD4+ Naive T cell
L5_TCGAAGTTCTGGTTGA,MAIT cell
E2L8_TCAATTCTCCTACCGT,Proliferating T cell
E2L3_TGGTTAGTCAAGAGTA,Plasma cell
E2L8_GAGCCTGTCTCCACTG,CD4+ Naive T cell
E2L5_CTTGAGATCGGACCAC,NK cell
E2L3_AATTTCCCACAGCGCT,CD4+ Naive T cell
E2L1_TATTGCTCAATTCGTG,CD4+ Memory T cell
E2L7_GCCGTGATCGGTCGGT,NK cell
L4_GTAACACAGGTAGTAT,MAIT cell
L1_CATTCCGAGCAACTTC,Plasmacytoid dendritic cell
L2_TAGGTACAGAAACTGT,CD4+ Naive T cell
L5_CCTGCATGTTTCGTGA,CD4+ Naive T cell
E2L2_TCCGAAATCCTCTGCA,B cell
E2L5_TACATTCGTGACATCT,CD4+ Naive T cell
E2L8_ATTTCACAGGTCGTAG,B cell
E2L5_ATGGTTGAGTGAGGTC,Conventional dendritic cell
E2L8_TCTAACTCACAGCTGC,Conventional dendritic cell
E2L3_GGGCTCACAGGCTCTG,Platelet
E2L7_CAGTGCGTCGCTCATC,CD4+ Memory T cell
L3_GTAGAGGCAGGACATG,Hematopoietic progenitor cell
L2_ATGCATGCAAGCACAG,CD4+ Memory T cell
L2_ATGGGTTTCAGGCGAA,B cell
E2L2_CTCCAACAGCCGATAG,CD4+ T cell
L3_TTAGGGTAGATGTAGT,FCGR3A+ Monocyte
L4_TCCCATGAGTGTAGTA,Plasma cell
E2L3_TAACACGCACGACAGA,Plasmacytoid dendritic cell
L3_GGAATGGAGTTGTAAG,Conventional dendritic cell
L1_CATCCCATCCTCTAGC,CD4+ Naive T cell
L1_TGTCCTGGTCGCACAC,CD4+ Naive T cell
E2L5_ATTCCCGTCCGTATGA,Plasmacytoid dendritic cell
E2L5_GAACTGTTCGTACCTC,Platelet
E2L1_AACGGGAGTCATCTAG,Conventional dendritic cell
E2L6_CAGGGCTAGATTACCC,CD4+ T cell
E2L3_ATACCTTTCATTGCGA,B cell
E2L2_TGCAGATAGAGCAACC,NK cell
L5_GGGTCACGTATGTCCA,Plasmacytoid dendritic cell
E2L8_ATTCCTATCGGAAGGT,MAIT cell
L4_GTCTCACGTGATATAG,FCGR3A+ Monocyte
E2L3_ATGGGAGTCATTCTTG,Plasmacytoid dendritic cell
E2L5_TAAGCGTAGAATGTTG,FCGR3A+ Monocyte
E2L8_TATCTGTGTAACGTTC,CD8+ Cytotoxic T cell
E2L2_AGGCTGCGTTGGCTAT,CD4+ Naive T cell
E2L3_CTCCTTTCACGGTAGA,CD8+ Cytotoxic T cell
L1_ACGGTCGCATATCTGG,B cell
L5_TTGCCTGAGGAAGAAC,CD8+ Cytotoxic T cell
L4_TATCCTAGTCGTGGTC,CD4+ Naive T cell
L3_CATCGGGAGTCCCTAA,CD14+ Monocyte
E2L7_TCGAAGTGTGGTCTCG,Plasmacytoid dendritic cell
E2L1_CAGTTCCTCAACTGGT,B cell
L2_CTTCTCTGTCTGTGTA,Hematopoietic progenitor cell
E2L6_TCACAAGAGCGGGTAT,CD14+ Monocyte
E2L4_GACAGCCCATCACGGC,Proliferating T cell
E2L7_TCGTAGACAACCAATC,Proliferating T cell
L4_TACAGGTGTGATTCAC,Conventional dendritic cell
L2_TGGAACTAGTGGAATT,Hematopoietic progenitor cell
L2_CGAAGGAGTCACCGAC,CD8+ Cytotoxic T cell
E2L5_CGTAGTAGTCCCTAAA,Proliferating T cell
E2L2_TTCTTGAGTGTTCCTC,CD4+ Memory T cell
E2L5_TTGCGTCAGGTCACTT,Platelet
E2L5_GCTGAATTCTCTCGAC,MAIT cell
E2L1_TCCGGGAAGGTTCAGG,CD14+ Monocyte
E2L7_TTTCAGTCATGGAAGC,Plasmacytoid dendritic cell
L1_TCGAACATCCTCTAGC,Proliferating T cell
E2L2_GACCAATTCTGCTTTA,CD8+ Cytotoxic T cell
E2L5_TGAATCGCAAGTGGCA,CD4+ Memory T cell
L1_TTCTAACCAATGCAGG,CD4+ Naive T cell
L4_CTCAGGGGTACCTAAC,CD8+ Cytotoxic T cell
L2_CAGGGCTCATTGAGCT,CD4+ Memory T cell
E2L3_TGGTGATAGGGACACT,Platelet
E2L1_CACACAAAGGGAGGGT,CD8+ Cytotoxic T cell
E2L2_GAGCTGCGTGAACGGT,NK cell
E2L8_GGGATCCTCACCTTAT,CD14+ Monocyte
E2L6_TCGTCCAAGACTCTAC,CD4+ Naive T cell
E2L2_ATGCATGAGACGCCCT,B cell
E2L8_TGAGCATTCAGGTGTT,B cell
E2L3_ACGTACAAGCGTGTCC,B cell
L4_ATTACTCAGTAGAGTT,CD4+ Naive T cell
L3_TTAATCCAGCACTAAA,Conventional dendritic cell
E2L6_CCTGTTGCAATTGCAC,Proliferating T cell
E2L7_GCCCGAAAGTTTAGGA,gamma-delta T cell
L3_AGGGTCCAGTCGCCAC,MAIT cell
E2L7_AACAAAGCACCTCAGG,NK cell
E2L6_CATCCCAAGCGTCAGA,Plasmacytoid dendritic cell
E2L4_GCAGCTGCAAACTAAG,Conventional dendritic cell
L3_ATGTCCCTCGCTGTTC,Proliferating T cell
E2L1_GGGTTATGTTTCACAG,B cell
L3_GATGACTGTCGTGGAA,Proliferating T cell
E2L3_CATTGCCTCAAGAATG,CD4+ Memory T cell
E2L1_GAGACTTAGAGGCTGT,Conventional dendritic cell
L3_ACAGAAAGTCCAAATC,Plasma cell
E2L5_CAGCAGCCACACTTAG,CD4+ Naive T cell
L1_ACTGTCCAGTGCAGCA,CD4+ Naive T cell
L3_CCTAAGAGTCTCCTGT,CD4+ Naive T cell
L2_CATTGAGGTCAGGTAG,Plasma cell
L3_GGTGAAGTCTGCCTCA,CD4+ Memory T cell
E2L4_CATCGGGGTTGCTGAT,CD4+ Memory T cell
L5_ATGCGATTCCAGTGCG,Hematopoietic progenitor cell
E2L1_TGCACGGCAGTATGAA,Plasma cell
E2L2_TCCATCGAGTCTGCAT,B cell
L1_AGGAGGTTCCACTGGG,Plasmacytoid dendritic cell
L3_CCACGTTTCACGTAGT,Plasma cell
L5_AGCGTATAGTAACCGG,Conventional dendritic cell
E2L3_TACTGCCAGTGGTCAG,B cell
E2L3_TCCTAATCAGCTGTAT,CD8+ Cytotoxic T cell
E2L3_GCACATATCAAGTCGT,CD14+ Monocyte
L5_TAGGTACGTTCAGCGC,MAIT cell
E2L5_TGGTGATTCCAAGAGG,Platelet
E2L6_CCTTCAGTCACTTGGA,B cell
E2L4_AAGTACCCAGGCCCTA,Plasma cell
E2L1_GGCTGTGAGTTGGACG,Platelet
L1_CCTAAGAAGTTCTCTT,Plasma cell
E2L2_CCAAGCGTCGCAGATT,B cell
L4_GTCCCATCAAACTAGA,B cell
L2_CAGATACAGACGGATC,CD4+ Memory T cell
L5_ACTTCCGCAGATTCGT,Plasmacytoid dendritic cell
E2L1_ACCCTCACACGATTCA,Conventional dendritic cell
L4_GGGCTACAGAGGTCAC,MAIT cell
L5_TTACGCCGTGAGTAGC,FCGR3A+ Monocyte
E2L2_TAGCACAAGCTAATCC,CD4+ Memory T cell
L2_AGACAGGCAAATAAGC,CD14+ Monocyte
L3_CACTGTCTCCTGTAGA,CD4+ Memory T cell
L5_GACTTCCTCTCTCAAT,CD4+ T cell
L1_TTAATCCCAGGATCTT,CD8+ Cytotoxic T cell
L5_CAACGGCAGCTCACTA,MAIT cell
L1_GTGGTTAAGAGCTTTC,B cell
E2L3_TCAGTTTCACTCCTTG,NK cell
L3_TACCTGCTCTGAGTCA,CD14+ Monocyte
E2L2_TCAATCTCATCCTTGC,Proliferating T cell
E2L8_GAACTGTCAATAAGGT,CD4+ Memory T cell
E2L3_CGGGTGTTCTCCGAAA,FCGR3A+ Monocyte
L1_GGTGTTAAGATAGCTA,gamma-delta T cell
E2L6_GGAATCTGTGACTGTT,Platelet
L3_TCAATCTGTCCGGTCA,CD4+ Naive T cell
L4_CAAGAGGTCCGATTAG,Platelet
E2L7_TCAGTTTTCAAACCCA,Conventional dendritic cell
L1_CAATCGAGTCAAGGCA,CD8+ Cytotoxic T cell
E2L7_TCCCATGTCTTTGATC,CD14+ Monocyte
E2L8_AGCGCCAAGTCCCGGT,Proliferating T cell
L3_ATCATTCGTTGACGGA,Plasma cell
L1_GTCTGTCCAGTACTAC,CD4+ Naive T cell
E2L5_CGAAGGAGTGCATTAC,CD8+ Cytotoxic T cell
E2L2_CCCTCTCGTACAAGCG,CD4+ Memory T cell
L5_GAAGCGACAGGTTCAT,Hematopoietic progenitor cell
E2L2_GGCTGTGAGACTCTAC,CD4+ Memory T cell
L5_TGAGCATTCATTCGGA,Plasma cell
L4_TCCACCAGTACAGCGA,CD8+ Cytotoxic T cell
E2L8_CCACGTTCAGTAGTTC,CD8+ Cytotoxic T cell
E2L5_TGGAGGACAATACCTG,CD14+ Monocyte
E2L4_CGTCCATTCATTTCCA,Conventional dendritic cell
E2L8_TTGCATTGTACGGCAA,CD4+ Naive T cell
E2L8_GGCAGTCAGAATCGAT,Proliferating T cell
E2L4_ACTGCAAAGCCTTGAT,Conventional dendritic cell
L1_ATCGTCCTCCGCTGTT,CD4+ Naive T cell
L2_TCTATCATCGTCAACA,CD4+ Memory T cell
L1_GAATCGTTCGGAGATG,CD14+ Monocyte
E2L8_TCGCAGGTCGACACCG,Plasmacytoid dendritic cell
L4_GAATCGTAGCCGGAAT,B cell
L2_CGCAGGTTCATTCCTA,CD8+ Cytotoxic T cell
L5_CACAGGCCAGTTTCAG,CD4+ Naive T cell
E2L2_GTAGTACCAGGTCCGT,CD4+ Naive T cell
E2L5_GGATCTATCACGGGAA,CD4+ Naive T cell
L3_GGCGTCAAGTGCACCC,MAIT cell
E2L4_GTTTGGAGTGCCGTAC,Proliferating T cell
E2L8_AGAAGTAGTAGCTTGT,B cell
L2_ATTTCTGCAACTGCTA,Conventional dendritic cell
E2L5_AGAACCTTCGCTCCTA,Plasma cell
E2L7_GTAACACAGAGTTGCG,Plasma cell
L2_GCTACAAGTCTGATAC,FCGR3A+ Monocyte
E2L3_CTTCCTTGTTTGTGGT,CD8+ Cytotoxic T cell
E2L7_ATTACTCGTTGACGGA,CD14+ Monocyte
E2L8_TCATGTTCATCGTTCC,B cell
L2_GAATCGTCAGTTGGTT,Proliferating T cell
L2_CTACAGACACACTGGC,CD8+ Cytotoxic T cell
L2_ACTGTGAGTGATACTC,CD4+ T cell
L3_CTTCGGTGTAGGTCAG,CD4+ Naive T cell
L4_TACTGCCTCGAGGCAA,gamma-delta T cell
L3_TCGACCTAGGGTATAT,Proliferating T cell
E2L7_CGGGTCACAGGCACAA,B cell
L5_TCACGCTAGGCCTTGC,CD4+ Naive T cell
L2_TGTAGACTCGGCAGTC,NK cell
E2L7_ACACAGTTCTAAGCGT,CD4+ Naive T cell
L5_TACCGAATCATGCATG,NK cell
L1_AGGAGGTTCGCTGCGA,CD4+ Naive T cell
E2L4_GACCTTCTCCGCTAGG,B cell
E2L8_CTCAACCAGTAGGTTA,CD8+ Cytotoxic T cell
E2L3_GTGCTGGAGGTGAGCT,Conventional dendritic cell
E2L6_ACTGTGATCCACGGAC,Conventional dendritic cell
E2L8_AGGGTTTCAAATGATG,CD14+ Monocyte
L5_TACACCCAGACTTCGT,CD4+ Naive T cell
L1_GGGCTCAGTCTGTAGT,Hematopoietic progenitor cell
L3_GTGGCGTCAATCTCGA,MAIT cell
L4_TGGAACTAGTTGGCGA,CD4+ Naive T cell
L2_AGAGAGCAGGTAGTCG,MAIT cell
E2L8_TGGGTTAAGATAACAC,Platelet
L3_TTTCCTCGTCCAAAGG,CD4+ Naive T cell
E2L3_CCCTGATAGTGTCATC,FCGR3A+ Monocyte
E2L1_GAAGGACGTGTCACAT,B cell
E2L2_GAGAGGTGTCGTCATA,CD4+ Naive T cell
L3_GTCTTTACAAATGGTA,CD4+ Memory T cell
E2L2_TTGAACGTCAGCAGAG,Plasmacytoid dendritic cell
L1_CAGATCATCGCTTTAT,CD14+ Monocyte
E2L3_CTCCTTTAGGCCCACT,NK cell
L5_GACACGCGTTGCTTGA,CD4+ Naive T cell
E2L8_GACGTTACAAATCCCA,FCGR3A+ Monocyte
E2L7_ATGCGATGTAGTAAGT,NK cell
E2L3_GCCTGTTCAAGACGGT,B cell
E2L4_CCTGTTGAGCTCGTGC,Proliferating T cell
L1_ATCACAGCACGTCGGT,CD4+ Naive T cell
E2L3_CCTCCTCTCAAACGAA,CD4+ Naive T cell
L5_AGTTCGAAGCCATTGT,CD14+ Monocyte
E2L3_TGATTCTCAGGTCAGA,Proliferating T cell
E2L2_CACGTGGAGTCACGCC,Hematopoietic progenitor cell
L3_TCATTACCAGAAGTTA,Conventional dendritic cell
E2L6_ATCACTTTCCGTGGCA,Plasma cell
L3_TTACGCCTCACGGGAA,FCGR3A+ Monocyte
E2L7_AGCTCAATCGCCTATC,Conventional dendritic cell
L2_GTGCACGCATGTAACC,B cell
E2L6_TCGTGCTTCGCAGATT,MAIT cell
L5_CTGATCCGTGCAACGA,FCGR3A+ Monocyte
L5_TGATGCAAGCCGGATA,MAIT cell
L4_GTTACAGCATTGCTGA,B cell
E2L6_GTGTTAGAGTGCAAAT,B cell
E2L2_GTCAAACAGTTACGAA,CD14+ Monocyte
L3_TGGAGAGCATGAAGCG,CD4+ Naive T cell
L2_CGAAGTTTCACCTGGG,CD8+ Cytotoxic T cell
E2L7_ACCTGTCAGCATCGAG,NK cell
L1_TCCCACATCACGACTA,Platelet
E2L3_AAACGCTTCACCCTGT,CD8+ Cytotoxic T cell
E2L7_CAGTGCGGTGGAATGC,CD8+ Cytotoxic T cell
L5_GCTGCAGTCATTGCCC,CD4+ Naive T cell
E2L2_GTAGGAGAGGAGGGTG,B cell
E2L5_GCACTAAGTGACTATC,FCGR3A+ Monocyte
E2L1_ATTCAGGGTTGCGGCT,CD8+ Cytotoxic T cell
L3_TTCGATTCACGTACTA,Hematopoietic progenitor cell
E2L7_CGGGTCACAGTTCACA,CD8+ Cytotoxic T cell
L2_GGTTCTCGTTTACCTT,CD4+ Naive T cell
L1_TGGTGATGTTCTTGTT,B cell
E2L5_TCCACGTTCCGACATA,B cell
E2L3_CATCCCAAGGTAGGCT,Plasmacytoid dendritic cell
L5_TCTTAGTGTATGGTAA,NK cell
L4_ATCCATTGTAGCCAGA,CD4+ T cell
E2L3_AGAGAATCATGGGTCC,B cell
L5_GTTCGCTGTTACGGAG,Conventional dendritic cell
E2L2_TGTCAGAAGTTACTCG,B cell
L1_GCAGTTATCTCTCTAA,B cell
L1_AGCTACAGTATTCTCT,Hematopoietic progenitor cell
L5_CGAGGAACAGCTAACT,B cell
E2L5_TCTCACGAGAGTCGAC,CD4+ Naive T cell
E2L1_TCCTCGAAGAAGCGGG,CD8+ Cytotoxic T cell
E2L6_CAATGACAGCCTCCAG,CD4+ Memory T cell
L4_TTTGATCAGCGACATG,Proliferating T cell
L4_ATGTCTTCATCGAGCC,B cell
E2L6_TGACAGTCAACAGCCC,CD8+ Cytotoxic T cell
E2L8_ACTTTCAGTCTTCGAA,FCGR3A+ Monocyte
E2L4_ACTCTCGAGGTTGAGC,Proliferating T cell
L2_CGGAATTCACTGGCCA,CD4+ Memory T cell
L5_ACACAGTTCATGCCAA,FCGR3A+ Monocyte
E2L7_TTCCAATTCGGTAACT,CD8+ Cytotoxic T cell
L3_AAAGGATAGCGCCTAC,B cell
E2L2_TTGGGCGTCCCGATCT,CD8+ Cytotoxic T cell
L1_AGTACTGTCGAGAGAC,NK cell
E2L5_ACAGGGACAGTCAACT,Conventional dendritic cell
L5_TAAGTCGCAACACAGG,CD4+ Naive T cell
E2L2_ACATGCAAGATCCTAC,NK cell
L4_CATTCATAGGATGTTA,CD4+ Memory T cell
E2L4_TTCCGTGAGATAGGGA,CD4+ Naive T cell
E2L5_CTTGAGACAGGCAATG,CD8+ Cytotoxic T cell
E2L5_ACACGCGCAGAAGCTG,B cell
E2L3_ATGATCGCAGCTATTG,FCGR3A+ Monocyte
E2L5_GACTGATGTGACAGCA,Proliferating T cell
E2L2_CGGAATTCACGATTCA,Conventional dendritic cell
E2L7_GATGCTAAGAGTGGCT,Conventional dendritic cell
L2_GATGGAGGTCGCACAC,Platelet
E2L3_ATGATCGTCTCTTAAC,NK cell
L3_TGAGTCATCTATTCGT,CD4+ Naive T cell
L5_CATGGATCACTAGGTT,MAIT cell
L5_TGGAACTCATCCTAAG,Proliferating T cell
E2L8_CTTCAATTCTGCGGCA,CD4+ Memory T cell
L5_TGATGGTTCGAGATGG,CD4+ Naive T cell
L4_TCTTAGTCATGGAACG,CD4+ Naive T cell
L4_GGGAGATTCTTCGATT,CD14+ Monocyte
E2L7_GATCCCTTCTTCCACG,Proliferating T cell
E2L1_AACCTGAAGAGTGACC,CD4+ Memory T cell
E2L3_TTCGCTGGTCCTATAG,B cell
E2L2_GAATCACAGACTAGAT,CD4+ Naive T cell
L5_TTCTAGTCATTGCTGA,CD4+ Memory T cell
E2L8_TGCCGAGCATTGACAC,Platelet
L3_CTTACCGCAGCTACTA,CD4+ Naive T cell
E2L1_CAGGCCACAGACCAGA,CD8+ Cytotoxic T cell
E2L3_GCTTCACAGACCTCAT,B cell
E2L6_TCCATCGAGTCGGCAA,CD4+ Naive T cell
L4_TCGGGACAGAAGTCTA,Plasma cell
L1_CATGCTCAGCAGGCAT,Proliferating T cell
L1_TCATTGTAGGGATCAC,Conventional dendritic cell
E2L6_TTGCATTCAATGCAGG,FCGR3A+ Monocyte
E2L4_GTTAGTGCATGAGGGT,B cell
E2L8_TGATCAGTCGGTATGT,Plasmacytoid dendritic cell
E2L5_GTAACCACAAGAAATC,CD4+ Naive T cell
E2L4_CGGAACCAGACATATG,CD4+ Naive T cell
L1_CAACGATAGAAGCGGG,NK cell
E2L7_GTGGGAAGTTCGAAGG,NK cell
L1_TACTTGTAGTTTGGCT,CD4+ Naive T cell
L2_TTGACCCCAACGTTAC,MAIT cell
L1_TTAGGCACAGTCGAGA,CD8+ Cytotoxic T cell
L4_CCTTGTGTCTGCTTAT,MAIT cell
L4_CACAGGCCATGGCCAC,CD4+ Naive T cell
L3_TCTATACTCCCGATCT,B cell
E2L4_ATTTCACTCTATCGTT,gamma-delta T cell
L1_AGCCAGCAGAGAGTTT,NK cell
L2_CGAGTTAAGCGAGGAG,Plasma cell
E2L2_GTGCACGAGATTGATG,Plasmacytoid dendritic cell
E2L6_TTTGATCCAAGAGTTA,CD8+ Cytotoxic T cell
L1_CAAGGGATCTTTGATC,B cell
L4_AAGATAGTCAAGCTTG,Conventional dendritic cell
L1_TTTGTTGTCAGGAAAT,Plasma cell
E2L2_ATGGATCGTCAGTCTA,Plasmacytoid dendritic cell
E2L1_CAGTTAGTCCTCTTTC,Conventional dendritic cell
E2L8_AATCGTGGTCTTTATC,CD8+ Cytotoxic T cell
L4_GAATCGTCAGTTGCGC,CD4+ Memory T cell
E2L3_CCTAACCCAGAGCCCT,B cell
E2L2_CGATCGGAGAATTTGG,CD8+ Cytotoxic T cell
L3_GAATAGAAGTAGTCAA,Hematopoietic progenitor cell
E2L1_TTCTCTCTCTCACGAA,Plasmacytoid dendritic cell
L4_CTCATGCGTCGATTAC,CD4+ Memory T cell
E2L1_CATCGCTGTGTATCCA,Conventional dendritic cell
L4_TTTCCTCCACAGTACT,NK cell
L5_CTCCTTTAGGAGAATG,MAIT cell
L4_GGACGTCAGTAGCAAT,Proliferating T cell
E2L8_TTGACCCAGGCAGCTA,NK cell
L2_ATGTCTTGTCAGGAGT,CD4+ Naive T cell
E2L8_GGTGAAGAGACCAGAC,CD14+ Monocyte
E2L7_GGGACAATCATTCTTG,CD4+ Memory T cell
L2_TCGAAGTTCGACACCG,Hematopoietic progenitor cell
L3_ACCCAAAGTCGCGTCA,CD4+ Naive T cell
E2L5_CAACCAATCACAGTGT,Plasma cell
E2L4_GTGATGTCACTTCATT,CD4+ Memory T cell
L3_TCACGGGGTGACATCT,Hematopoietic progenitor cell
E2L6_TAGATCGGTTCAAGTC,Conventional dendritic cell
E2L7_ACATCGATCATAGAGA,CD8+ Cytotoxic T cell
L3_GGCAGTCGTTGGGACA,B cell
L3_TGTTGGAAGGCAGTCA,NK cell
E2L5_CCACAAAGTAATGCTC,Plasma cell
L5_GCACATATCGGAACTT,Hematopoietic progenitor cell
E2L5_ATGAAAGTCGACGAGA,CD14+ Monocyte
E2L3_TAGTGCAAGAGTGGCT,NK cell
E2L3_TCCTGCAAGACGCCCT,CD8+ Cytotoxic T cell
E2L3_AGGTAGGAGGAGAATG,Proliferating T cell
E2L2_TGAGCGCTCGATTGGT,NK cell
L4_ATAGACCGTCAAGTTC,Proliferating T cell
E2L4_GTTGCGGTCACCCTTG,CD8+ Cytotoxic T cell
L1_TCCCATGCACCGGTCA,CD14+ Monocyte
E2L3_CTGAGGCGTCGTCAGC,Conventional dendritic cell
E2L4_AGTAGTCGTGCAACAG,Conventional dendritic cell
E2L7_ACCAAACAGTGCACAG,Proliferating T cell
L4_CCATAAGCAATCAGCT,CD8+ Cytotoxic T cell
L5_TGTCCTGAGACAACAT,CD8+ Cytotoxic T cell
E2L3_TACGGTAAGCGTTACT,Plasma cell
E2L2_TGTACAGAGCGACTAG,Plasmacytoid dendritic cell
L4_TCCTCTTCATTGGATC,CD4+ Naive T cell
L3_CTCAGTCTCAGTGTGT,CD4+ Memory T cell
E2L2_TTTGTTGCATGAAGCG,CD4+ Memory T cell
L5_TTCTGTAAGTGCGTCC,CD4+ Naive T cell
E2L6_AATTCCTTCAGCTGTA,Proliferating T cell
E2L5_GGACGTCCAGAGAAAG,B cell
L5_TCTCAGCGTGAGCAGT,CD14+ Monocyte
L1_TGCGATAGTATCGCGC,B cell
E2L6_TGGGCTGTCTATTTCG,CD4+ Memory T cell
E2L8_GATAGAAGTGCGGCTT,CD4+ Naive T cell
E2L5_CATCGCTCACACGCCA,B cell
L4_AGCGTCGCATCAGCGC,CD4+ Memory T cell
E2L2_TGTCCACTCGGCTTCT,Plasma cell
L3_CGAGTGCTCTATCACT,MAIT cell
E2L5_CTCAACCCATAGGCGA,CD8+ Cytotoxic T cell
E2L6_TACTTGTTCGTCCATC,CD8+ Cytotoxic T cell
E2L1_ATTGTTCCATATACCG,CD8+ Cytotoxic T cell
L2_TTTGGAGTCTTCCCGA,CD4+ Naive T cell
E2L6_GGGCTCAAGGTTTACC,CD4+ Naive T cell
E2L7_TCCGGGATCAAGCTTG,B cell
E2L8_CATACAGTCCCGGTAG,CD4+ Naive T cell
E2L7_GGGACTCCAACGCCCA,Conventional dendritic cell
E2L6_TGCAGTAAGTTGTCAC,CD8+ Cytotoxic T cell
E2L2_CCCTGATTCGTGGCTG,Hematopoietic progenitor cell
L5_TTTACTGGTACACGTT,CD14+ Monocyte
E2L2_ACTACGAGTTTGGGAG,CD14+ Monocyte
L5_ATCACTTGTCGTTGCG,CD4+ Naive T cell
E2L8_AAGACTCAGCCTTCTC,CD14+ Monocyte
L2_CTCCTCCTCATTTGGG,CD14+ Monocyte
E2L8_AACAAAGGTACAAGTA,CD8+ Cytotoxic T cell
L4_CATACAGAGATAACAC,Proliferating T cell
L2_CTAACCCAGACTCATC,CD4+ Naive T cell
E2L3_TACGGGCCATCCTATT,Platelet
E2L8_GAAGTAAAGGGATCAC,CD4+ Memory T cell
L4_ATCGGATCAATGCAGG,Plasma cell
E2L6_GCGTGCAGTGCTAGCC,B cell
L3_GCATCTCTCAAATGAG,CD8+ Cytotoxic T cell
E2L6_GAAGCCCCACAATGCT,CD8+ Cytotoxic T cell
E2L3_ACCCTCAGTCAAGCCC,Conventional dendritic cell
E2L2_CGCGTGAAGCTTGTGT,CD4+ Memory T cell
E2L8_ATACCTTTCCTGTAAG,gamma-delta T cell
L5_GGAGGATGTTCAGGTT,Plasmacytoid dendritic cell
E2L5_CTCAGAATCCCTTGTG,CD4+ Memory T cell
E2L3_TTCAATCAGGCACGAT,Platelet
L2_CATTCCGTCTATGTGG,Hematopoietic progenitor cell
E2L1_CGGTCAGCACCGGCTA,Conventional dendritic cell
L1_TATATCCCACCGAATT,CD4+ Naive T cell
L4_TGTTCATTCATAGCAC,CD4+ Memory T cell
E2L6_AGTAACCAGCGGGTTA,Plasma cell
E2L8_GTGAGGAAGCCGTTAT,CD4+ Memory T cell
L1_GCAACATAGGTGCTAG,CD4+ Naive T cell
E2L8_TTCGATTTCGAAGCCC,NK cell
E2L8_GTTGCGGCAATTCACG,B cell
L2_CTTCCGAGTGTTAGCT,CD4+ T cell
E2L7_TTACAGGTCGGACGTC,Conventional dendritic cell
L1_CACAACACATCAACCA,Conventional dendritic cell
E2L8_ACCTGTCCATGGATCT,B cell
E2L8_GTGGAAGTCCATGATG,Conventional dendritic cell
L1_CCAATGATCGATTGGT,CD4+ Naive T cell
E2L4_CCTTGTGGTAACTAAG,CD4+ Naive T cell
L4_TGTCCACTCAGGAACG,CD8+ Cytotoxic T cell
L3_GTTACCCGTTTCGACA,Conventional dendritic cell
E2L5_AGGGCCTGTGACACGA,B cell
L4_AATCGTGCACACTGGC,Plasmacytoid dendritic cell
E2L4_GGAATGGAGACCTCAT,CD8+ Cytotoxic T cell
E2L2_GTAGGAGCAACTCCAA,NK cell
E2L7_ACTGTGACACAGCTGC,CD4+ Naive T cell
L3_CTTGATTCATTCAGCA,Conventional dendritic cell
E2L1_TGTGTGAAGGGTCAAC,B cell
E2L5_CGACAGCGTAAGGCTG,Proliferating T cell
L3_AGGGTGACACGACAGA,Plasmacytoid dendritic cell
E2L2_CTTCCGAGTCGACTTA,B cell
L4_CGATGGCAGGCGCTTC,Hematopoietic progenitor cell
L3_CGATGGCCAGAACTTC,Hematopoietic progenitor cell
L2_CGATGGCTCGCACTCT,CD4+ Naive T cell
E2L5_TGCGGGTCAAGACGAC,CD4+ Memory T cell
E2L8_CTGCAGGTCACTCGAA,Platelet
E2L5_GAAGGACGTGCGGCTT,Proliferating T cell
L4_GTAATCGAGCTAGAAT,B cell
E2L8_TCATCATAGTGGAATT,FCGR3A+ Monocyte
L3_TCATCATGTAGTAAGT,CD4+ Naive T cell
E2L4_GCAGGCTGTCCTACGG,Plasma cell
E2L1_GAGGCAAAGATGAAGG,NK cell
E2L1_CCGTTCAAGTGTAGTA,B cell
E2L6_GGGAGTACACCATAAC,B cell
L5_GTAGGAGGTAGAGACC,CD4+ Memory T cell
E2L2_CCCTGATTCAATGCAC,Proliferating T cell
E2L1_TGGTGATCAGACCTAT,CD8+ Cytotoxic T cell
L2_CTGTATTGTTGCTTGA,CD4+ Naive T cell
E2L1_TGATCAGCATGTTTGG,Conventional dendritic cell
E2L8_ATTTACCAGATAGCAT,CD4+ Memory T cell
E2L1_ATTGTTCGTAGATGTA,MAIT cell
L3_CTGGACGGTACAGGTG,Plasmacytoid dendritic cell
E2L6_TTTGACTGTTTCGGCG,CD8+ Cytotoxic T cell
E2L4_CGATGGCAGAGATGCC,CD8+ Cytotoxic T cell
E2L7_TCCTTCTCAACCCTCT,FCGR3A+ Monocyte
E2L2_TTCGATTTCTCAGTCC,Plasmacytoid dendritic cell
L2_GTGGTTAGTTCGGTAT,CD4+ Memory T cell
L3_CAGTTCCAGTAAGACT,CD8+ Cytotoxic T cell
E2L3_TTCCTTCGTGCGGCTT,B cell
L2_TGTCAGAGTCCTCAGG,CD4+ Naive T cell
E2L6_ACCATTTGTGGTACAG,CD4+ Memory T cell
E2L4_GTAGAAACATGATGCT,MAIT cell
E2L6_ACTTATCCAGTCCGTG,CD14+ Monocyte
L4_GCCATTCAGTACCGGA,CD4+ Naive T cell
E2L4_AGAACAAAGGTCGTCC,CD4+ Naive T cell
E2L7_ACTTCGCAGGCGAACT,Proliferating T cell
E2L3_TACTTCATCCACACAA,Plasmacytoid dendritic cell
L5_GGCGTCACATAGGTAA,CD4+ T cell
L4_CGAGAAGGTCCGAAAG,CD4+ Naive T cell
L5_ACCCTTGGTGGCAACA,CD4+ Memory T cell
E2L4_GTAACCAAGGCGATAC,CD4+ Naive T cell
L5_GAAGGACGTCATGACT,MAIT cell
L2_GAGGGATGTGAGTGAC,CD4+ Naive T cell
E2L1_AAGGTAAAGTACGTCT,CD8+ Cytotoxic T cell
E2L7_CACTGGGTCATTTACC,B cell
L3_GTTACCCTCCTAGCTC,gamma-delta T cell
E2L4_GACCGTGAGGATGGCT,FCGR3A+ Monocyte
E2L6_ATTCATCCAATAGTGA,CD8+ Cytotoxic T cell
E2L5_TTACGTTTCCCGTGTT,Plasma cell
L3_ACGGTCGAGGCCCAAA,Plasmacytoid dendritic cell
L1_GATTGGTTCTCTGCTG,CD4+ T cell
E2L2_GAGGGATTCGGCTGGT,CD4+ Memory T cell
L3_GGGCTACAGGTGCTTT,NK cell
E2L6_GTACAGTAGTAAACGT,CD4+ Memory T cell
L2_CCCATTGCAGCGTACC,CD8+ Cytotoxic T cell
L1_ATTTCACGTGAACTAA,Conventional dendritic cell
L5_GACGCTGTCGACGCTG,CD8+ Cytotoxic T cell
E2L3_CTGCCTACATTGACTG,MAIT cell
L4_TGAGGGAGTCGGAACA,Platelet
E2L8_TTGATGGCAGATTTCG,B cell
E2L1_CCGGTGAGTAAGATAC,B cell
E2L8_AGTGACTCAACGTTAC,Conventional dendritic cell
L1_AGGGCCTCACAACATC,CD4+ Naive T cell
L2_TCTTTGACATCCGAAT,CD4+ Naive T cell
E2L7_CTCAGTCGTGCGAACA,Plasmacytoid dendritic cell
E2L5_CATTGTTTCTCTCTTC,NK cell
E2L3_TTAGTCTTCTCGGTAA,FCGR3A+ Monocyte
E2L5_CATTGTTAGTGTTCAC,Plasmacytoid dendritic cell
E2L4_CAAGCTACAATCCTAG,CD8+ Cytotoxic T cell
L3_TTAATCCGTTGTATGC,CD8+ Cytotoxic T cell
L1_TTCTAGTTCCGATGCG,CD8+ Cytotoxic T cell
L3_TTCTGTAGTCCTGTCT,Plasmacytoid dendritic cell
L2_TGTCCACGTGAGAACC,MAIT cell
E2L5_GAGACCCAGTCACGAG,CD4+ Memory T cell
E2L2_AGACAAAGTGACATCT,B cell
E2L5_AGGGTCCAGGGTACAC,CD4+ Naive T cell
E2L4_AAAGGGCTCTGGACCG,MAIT cell
E2L8_ACTTCCGGTTAAACCC,Plasmacytoid dendritic cell
E2L5_ATAGAGATCAGTGCGC,Plasmacytoid dendritic cell
E2L4_ACATCCCGTACTCAAC,Platelet
L1_ACTATTCAGAGGCGGA,B cell
L1_TCGTGCTGTCTTTCTA,CD4+ Naive T cell
E2L1_CAGTTAGCAACATACC,Proliferating T cell
E2L7_CTGTCGTCATGGAGAC,Conventional dendritic cell
E2L3_TTTCATGAGAGGCTGT,Platelet
E2L3_TCTCTGGTCGCTGCGA,CD14+ Monocyte
E2L6_TCGGGCAGTGGCATCC,CD4+ Naive T cell
L1_CTCCCAAAGAGTCGAC,gamma-delta T cell
L1_CTTCTAAGTATCGATC,NK cell
E2L1_AGAGAGCAGCGGATCA,CD8+ Cytotoxic T cell
E2L2_TGAGTCAGTCCTTAAG,gamma-delta T cell
L5_GACCAATCACGTATAC,CD4+ T cell
E2L5_GTAGTACCAGGCACAA,Platelet
L5_ATGCGATAGGAACTCG,CD4+ Naive T cell
L2_AACCTTTAGAATAACC,Proliferating T cell
L5_TGAGTCAAGTTTCGAC,CD4+ Naive T cell
E2L1_TGGAACTTCGGACAAG,CD8+ Cytotoxic T cell
E2L3_CGTTCTGGTTACACTG,CD4+ Naive T cell
L1_TATTGGGGTTCCTAGA,Conventional dendritic cell
L3_TGCAGATTCGAAATCC,B cell
L5_AGACAAAGTGATTAGA,Proliferating T cell
L3_TCGGGCAGTGCCTATA,CD4+ Memory T cell
L1_CAATCGACAGGTTCCG,FCGR3A+ Monocyte
L3_CCTCTCCAGGTTGCCC,Hematopoietic progenitor cell
L4_TGCTCGTGTACAGTAA,CD4+ Memory T cell
E2L8_TTGATGGTCACACGAT,Conventional dendritic cell
E2L3_CGTAAGTGTAAGACCG,CD8+ Cytotoxic T cell
E2L6_CACCAAACACAGTGTT,CD8+ Cytotoxic T cell
E2L2_GTGTAACCACTCAAGT,FCGR3A+ Monocyte
E2L4_ATGCCTCTCGGCAGTC,CD4+ Memory T cell
L1_AGACCCGGTCTGATCA,CD8+ Cytotoxic T cell
L5_TCAGTTTCACGGCGTT,CD4+ Memory T cell
L4_GGTGTCGCAGCTACCG,CD4+ Naive T cell
E2L2_ACACTGAAGACTCCGC,FCGR3A+ Monocyte
L5_CGGGTCATCCTTGAAG,Proliferating T cell
E2L8_CTCACTGAGGTAACTA,NK cell
E2L7_GAGGGTACACGTCATA,B cell
L1_ACATTTCTCACGGGAA,CD14+ Monocyte
E2L8_GAGTGTTGTTAAGGAT,CD4+ Memory T cell
L3_AGTCACAAGTAATCCC,CD4+ Naive T cell
E2L7_GCCAGTGTCCTGCTAC,Platelet
E2L5_CTAAGTGCAAGACGGT,CD14+ Monocyte
E2L2_AGTACCATCTGGGCAC,NK cell
E2L5_GTGTCCTTCACTTTGT,CD8+ Cytotoxic T cell
L2_CTCAGTCCATCCGGCA,CD4+ Naive T cell
L5_TTTACTGGTCGTGCCA,CD14+ Monocyte
E2L4_AGCTCAAAGATGTAGT,Conventional dendritic cell
L5_TTCCTCTAGGTCATTC,MAIT cell
E2L3_CGGAGAAAGCCGATCC,CD4+ Naive T cell
L5_TGCTCGTTCGAGCCAC,gamma-delta T cell
E2L4_AGCCAATCAGAGAGGG,CD4+ Naive T cell
E2L3_AGGTTACTCTATACTC,Plasmacytoid dendritic cell
L1_TATATCCGTAGCGTTT,CD4+ Naive T cell
E2L8_GCCAGCATCCGATAGT,B cell
E2L7_ATCGCCTCAACGACAG,Platelet
E2L7_ATTATCCGTCTCTCAC,CD4+ Memory T cell
L1_AAGCGAGAGAAATTCG,CD4+ Naive T cell
L5_GGCTTGGTCGAGCCTG,CD8+ Cytotoxic T cell
L5_TCGAAGTAGACCATAA,CD4+ Naive T cell
E2L8_ACGTCCTAGGTGAGAA,CD8+ Cytotoxic T cell
E2L7_TCTTAGTTCGCATTGA,Conventional dendritic cell
E2L8_TTCTGTATCACTGGGC,CD14+ Monocyte
L1_ATTTACCAGGCCTGAA,CD4+ Memory T cell
E2L1_CCGGTAGAGACATAAC,B cell
L3_ACTTATCTCACGGACC,CD4+ Naive T cell
E2L3_AGTTCCCTCGACCATA,CD4+ Naive T cell
L3_GTAACCACAAAGACTA,CD8+ Cytotoxic T cell
L1_TCAGTTTAGCCTTGAT,CD4+ Naive T cell
E2L1_CGAGGCTCAAGGTCGA,CD4+ Naive T cell
L3_CCCGAAGCACGACGTC,CD4+ Memory T cell
E2L6_GTCATGAGTTGCACGC,CD8+ Cytotoxic T cell
E2L4_AACCATGTCTGCGATA,NK cell
L5_TACCGAAAGCCACTCG,Hematopoietic progenitor cell
L4_CTCCTTTTCAAATAGG,CD4+ Naive T cell
E2L4_GTGGTTACAGGGTTGA,Plasma cell
L2_AGGAATATCTCTGAGA,CD4+ Memory T cell
L3_TCATGGAGTCACAGTT,CD4+ Naive T cell
L3_TATTTCGGTCAACCTA,gamma-delta T cell
E2L5_TATCTTGTCCATTGTT,B cell
L2_AGTAACCTCTCTTCAA,Conventional dendritic cell
E2L6_TCGTCCAGTCAAATCC,CD8+ Cytotoxic T cell
E2L1_GCCATGGGTCCTACGG,Proliferating T cell
L2_CTAACCCCACAGTGAG,CD8+ Cytotoxic T cell
E2L4_GGTGGCTTCTCTAGGA,CD4+ T cell
E2L2_ATTCTACCACCTGCAG,Conventional dendritic cell
E2L7_AGACCATTCGTAGTCA,Proliferating T cell
E2L2_TTATTGCAGCCAAGGT,CD4+ Naive T cell
E2L8_ACCCAAACAGGTGGAT,B cell
E2L2_AGATCGTTCGTGTGAT,Proliferating T cell
E2L5_AAGGTAATCGACATAC,Conventional dendritic cell
L1_GAACTGTAGCAGGCAT,Plasma cell
L1_ATGGATCCAGTTAGAA,CD8+ Cytotoxic T cell
L3_GCGAGAAAGATCCAAA,CD4+ Memory T cell
L1_GATCACAAGCATTGTC,MAIT cell
L5_CCGTTCATCAACCTCC,Plasmacytoid dendritic cell
E2L4_GATGACTGTCAATGGG,FCGR3A+ Monocyte
L2_CGAATTGTCGTCACCT,Platelet
L5_GTCAGCGGTCACAATC,CD4+ T cell
E2L2_GACACGCTCCGCATAA,Proliferating T cell
L2_TTACCGCCATGGAATA,Proliferating T cell
E2L7_ACTTAGGTCCGTCCTA,NK cell
L1_TTAGTCTCACGCCAGT,gamma-delta T cell
E2L8_TCGGATAGTAGCGTCC,CD4+ Naive T cell
E2L2_CACTAAGAGTTCAACC,CD4+ Memory T cell
E2L7_GTTACAGGTGATCGTT,CD8+ Cytotoxic T cell
E2L1_TTACCATTCGGACTGC,CD14+ Monocyte
E2L6_CTAACCCTCACTTTGT,CD4+ Memory T cell
E2L6_TAACGACAGAGAAGGT,CD4+ Naive T cell
L2_AATGGAATCCCAGTGG,MAIT cell
L4_TCACTATGTGTGTCGC,CD4+ Naive T cell
L5_GTAGCTAAGCACACAG,Plasmacytoid dendritic cell
E2L6_GAAGCCCTCCAAACCA,CD14+ Monocyte
E2L2_ACGTAGTTCCATCTCG,B cell
E2L7_TGTCAGATCGCCGAGT,CD4+ Naive T cell
E2L2_CCTGCATCAAATTAGG,CD4+ Naive T cell
L1_TGACAGTTCTACTTCA,Proliferating T cell
L5_GTTGTAGAGTCATGGG,B cell
L4_CCCATTGTCAGCTGTA,Hematopoietic progenitor cell
E2L7_ACATTTCGTTGCTCCT,Conventional dendritic cell
L1_ACTCTCGCAGGTTCAT,CD4+ Naive T cell
L5_CTGAGGCAGCTGTTCA,CD4+ Naive T cell
L1_TTGTGTTCAATTGGTC,CD8+ Cytotoxic T cell
L5_AGTCTCCCATCCTTCG,CD4+ Naive T cell
E2L2_ACAGAAAGTCGATTTG,Plasmacytoid dendritic cell
E2L5_TGACAGTCATGTGCCG,CD8+ Cytotoxic T cell
L5_GCACGTGAGTCGCCAC,NK cell
L5_TGAATCGAGCTCCGAC,B cell
E2L7_GACAGCCTCGCCACTT,B cell
E2L8_GTTTGGACATGTTCAG,Plasma cell
L3_CCTACGTCAGTCTACA,CD4+ Naive T cell
L3_TTGCATTCATTGTCGA,CD4+ Naive T cell
E2L4_TCATGTTTCAAGGTGG,B cell
E2L5_CATCCACCACGCCACA,Platelet
E2L2_TTCGCTGAGGTCGTCC,B cell
E2L7_GAATAGACATGCAGGA,B cell
L4_CCCATTGTCGAGAACG,CD4+ T cell
E2L6_CCGTGAGGTAGACACG,B cell
L4_TCCCACAAGCACACCC,B cell
L2_TCACGGGCAAGCTGTT,MAIT cell
L1_CCCTGATTCGACCACG,CD4+ Naive T cell
E2L7_TGAATCGGTGGTGATG,Plasmacytoid dendritic cell
E2L6_ATTTACCCAACTGAAA,CD4+ Memory T cell
L2_CTCTCGAAGCAAATCA,Proliferating T cell
E2L8_AGATGAAAGTGGCGAT,CD8+ Cytotoxic T cell
E2L5_GTGGTTAAGCGACATG,Plasmacytoid dendritic cell
E2L5_CTCCAACGTCCACACG,CD4+ Naive T cell
L3_GTGTAACGTGCTCTTC,CD4+ Naive T cell
L2_GGTTGTATCAGAACCT,Proliferating T cell
L1_GCCGTGACAATACCTG,Hematopoietic progenitor cell
E2L1_CGGACACTCTTGGCTC,Plasmacytoid dendritic cell
E2L6_ATTACTCTCCCGGTAG,NK cell
E2L3_ATGACCAAGGATTTCC,CD4+ Naive T cell
E2L2_CGGAGAACACGGATCC,NK cell
E2L1_TTTGATCCAAAGACTA,FCGR3A+ Monocyte
L5_GCTTGGGGTGCATGAG,Proliferating T cell
E2L4_CAGTGCGCATGTCAGT,B cell
E2L3_ATCCCTGTCGTTGCCT,Plasma cell
E2L2_GAGTTACCATAACCCA,Conventional dendritic cell
L2_TGTGCGGGTACAAGTA,CD14+ Monocyte
E2L5_TTGGTTTTCCATTGGA,B cell
E2L3_ATCACGATCCCAACTC,Conventional dendritic cell
L2_TGCTCCATCGACGCTG,CD4+ Memory T cell
E2L8_ATGGAGGAGTCTAGAA,FCGR3A+ Monocyte
E2L8_TCATGTTTCTTGAGCA,CD4+ Naive T cell
E2L2_TCAGGTAGTTGCTCCT,Proliferating T cell
L4_CCTCATGAGGGTACGT,Proliferating T cell
L5_ACCACAATCCCTTCCC,Hematopoietic progenitor cell
E2L7_CATAGACCAATGTTGC,NK cell
L2_ATCGTGAAGTATAGAC,CD4+ Naive T cell
L5_TACAGGTCACTGGCGT,Plasma cell
L4_CACTAAGTCTACCCAC,B cell
L5_AAGATAGCATAGATCC,Hematopoietic progenitor cell
L4_CTGGCAGCACAGTCCG,CD4+ Memory T cell
L3_GTATTGGGTGATAGAT,CD4+ Naive T cell
E2L4_AGGTAGGAGGAAGTCC,CD4+ Naive T cell
L1_TCGTAGATCGGCTTCT,CD14+ Monocyte
L4_ACGATCACAAGTCATC,Conventional dendritic cell
E2L5_TCTTAGTGTCGTATGT,Plasma cell
E2L1_TATTGGGGTATGGAAT,B cell
E2L2_GACTGATGTACGTGAG,Plasmacytoid dendritic cell
L5_CAGATTGAGGTCCTGC,NK cell
L5_TGGGCTGCAGAGCCCT,CD4+ Naive T cell
E2L2_TAGACCAGTTAAGTCC,Conventional dendritic cell
L2_TCTATACAGTTGTCAC,MAIT cell
E2L1_ACGGAAGAGTAGTGCG,B cell
E2L7_ATCCGTCGTTCGAGCC,NK cell
L3_TGTTCATGTGTTTACG,CD4+ Naive T cell
L5_ATTTCTGCACAAACGG,B cell
E2L2_CTGTAGAGTCCAGCGT,NK cell
E2L3_TTTCAGTGTGTCCACG,Proliferating T cell
E2L7_ACGCACGTCGATACAC,gamma-delta T cell
L1_CGTAGTATCCAGCACG,Plasma cell
E2L7_ACCTACCCACCAGCTG,B cell
E2L8_AAGATAGCAAGAAACT,FCGR3A+ Monocyte
E2L7_CATTGCCTCGCAGAGA,B cell
E2L7_TCTTCCTAGACGCCAA,Plasmacytoid dendritic cell
E2L2_ACTCTCGAGCTAGCCC,Platelet
E2L2_TCCTCGACATTCATCT,Proliferating T cell
E2L1_ATCGATGTCAGAACCT,B cell
L5_TGAGGAGGTACTCCGG,Hematopoietic progenitor cell
L2_CTAGGTAGTATCAGCT,Hematopoietic progenitor cell
L2_CCTAAGAGTTGTTGCA,Plasmacytoid dendritic cell
E2L6_AATGGAACAAGCGAGT,Conventional dendritic cell
L4_CTAACTTGTTGTGGAG,CD14+ Monocyte
E2L8_GTTGCTCAGCTGTGCC,CD4+ T cell
E2L1_AGTAACCTCTCGAACA,NK cell
E2L8_ATGAGTCGTAACATAG,NK cell
L1_CTGTAGAAGACCGCCT,Conventional dendritic cell
E2L4_AAGGAATTCTGGGCCA,Conventional dendritic cell
L4_AGTAACCGTGGCTAGA,CD4+ Memory T cell
L3_AAGCGTTTCGGTCTGG,CD14+ Monocyte
E2L6_CGGTCAGTCACAACCA,CD8+ Cytotoxic T cell
L4_AACACACGTGCGCTCA,Hematopoietic progenitor cell
L2_AGGAAATCACTGCATA,CD4+ Naive T cell
E2L3_CCCGAAGGTAAGGCTG,Proliferating T cell
L1_ACCCTCAAGATGAATC,Hematopoietic progenitor cell
E2L7_TGTTGGAAGTAACCTC,B cell
E2L4_GCAGCTGGTGGAACAC,B cell
L5_GTTGTCCTCGTAGCTA,CD4+ Naive T cell
E2L7_TGTTCTATCAGGTAAA,CD4+ Naive T cell
L2_ACGTTCCTCTAGTGTG,CD4+ Naive T cell
E2L8_GAAACCTCATCGTCCT,Plasmacytoid dendritic cell
E2L8_AGAACAATCTATCGCC,FCGR3A+ Monocyte
E2L2_CAACGGCCAATTCTTC,B cell
E2L1_GCCAGGTGTACAGTCT,B cell
L5_CCCGGAAGTCGCAGTC,CD4+ Naive T cell
E2L6_AAACGCTCAAGTTTGC,CD14+ Monocyte
E2L5_TAGACTGTCCAGCAAT,Plasmacytoid dendritic cell
E2L6_TATACCTAGTGTGTTC,CD8+ Cytotoxic T cell
L5_ATCAGGTTCATAGGCT,CD8+ Cytotoxic T cell
E2L7_AACCCAAGTTAACCTG,CD4+ Naive T cell
E2L6_CAGAGCCAGAGCATAT,B cell
E2L4_TTTCATGCAAGGAGTC,FCGR3A+ Monocyte
E2L8_ACTGTCCTCATCGACA,B cell
L2_AACCTTTTCCCATACC,CD4+ Naive T cell
L3_GAGTTGTTCGGCTTGG,CD8+ Cytotoxic T cell
E2L7_CTCCCTCCATGGTACT,CD14+ Monocyte
E2L2_CCATAAGCATCAGCAT,FCGR3A+ Monocyte
L3_GGTGATTCAGTAACGG,CD4+ Naive T cell
E2L7_GCAGCCAAGACCTCCG,MAIT cell
E2L4_TAGGGTTCACGTAGTT,B cell
E2L7_GTACAGTTCCGTTGGG,gamma-delta T cell
E2L6_GAAGGGTAGGATGCGT,CD14+ Monocyte
L1_GCCAACGCAAGACCTT,CD14+ Monocyte
L1_TGTTGAGGTGTAAATG,CD4+ Naive T cell
L4_CCTTGTGCAGCAGAAC,Proliferating T cell
L1_AGTGACTCACCTGCAG,NK cell
E2L2_AAGACAAAGGTTACCT,CD14+ Monocyte
E2L4_TACTTCACATCCCGTT,B cell
L3_AGGGTCCAGGGCTAAC,CD4+ Memory T cell
E2L2_AGGTCATCATCCTCAC,MAIT cell
E2L2_AGGGAGTTCCATTGTT,Platelet
L1_TGGAACTGTGTTCATG,CD8+ Cytotoxic T cell
E2L4_ATTCTACTCTTACACT,B cell
E2L7_CCCGAAGAGGGCCAAT,Proliferating T cell
L2_GGGTCTGAGGGAACAA,CD4+ Naive T cell
L1_TGTTACTGTATGCGGA,Platelet
E2L8_TTCACCGGTCGCACAC,CD8+ Cytotoxic T cell
L4_CGTAATGCATAACGGG,CD4+ Memory T cell
L2_CTGCAGGGTTTATGCG,CD4+ Naive T cell
E2L4_GTTCTATTCGCATGAT,B cell
E2L5_CTGAATGGTGTACAGG,CD8+ Cytotoxic T cell
E2L5_ATTGGGTGTCGAACAG,CD4+ Memory T cell
E2L7_CCTAAGACATTGAAGA,Conventional dendritic cell
E2L4_GGGTCTGTCGTACACA,CD4+ Naive T cell
E2L6_AGAACCTCATACCACA,Conventional dendritic cell
E2L4_ATCGGATCAAGCACAG,B cell
E2L4_CGAGGAATCACGAACT,Proliferating T cell
E2L5_GTTATGGGTGACTGTT,CD4+ Naive T cell
E2L6_GATCCCTGTGCAATAA,gamma-delta T cell
E2L8_ATGGAGGTCAAGGCTT,Proliferating T cell
L5_TCTACCGGTTCTGACA,MAIT cell
E2L2_TCAGCCTCATTGCCGG,CD4+ Memory T cell
E2L5_GAAGTAAGTGCCGGTT,Conventional dendritic cell
L2_AACAAAGCAATAACCC,Platelet
L3_CAACGGCGTGCACAAG,CD4+ Naive T cell
L2_CTTCCTTAGTAGTCAA,CD4+ Naive T cell
L5_TCCTCTTGTCGGCCTA,MAIT cell
E2L7_GGAGCAACACACGTGC,Platelet
E2L6_GTGGAGACAGAACTAA,Platelet
E2L4_TTTCCTCCATTAAAGG,Conventional dendritic cell
L3_ACAAGCTCATAGGTTC,CD4+ Memory T cell
E2L7_ACATCCCGTATTTCCT,B cell
E2L1_TTCTAACGTGTACATC,NK cell
L5_GACATCAAGCTCTATG,CD4+ Naive T cell
L3_ATCGTCCCATCAGCAT,FCGR3A+ Monocyte
E2L1_TCGGATAAGACATCAA,CD14+ Monocyte
L2_TTAATCCGTAGTTACC,CD4+ Naive T cell
E2L6_GAAGAATCAGGGAGAG,NK cell
L2_AGAACCTTCCCTTTGG,Plasma cell
E2L5_TTAATCCCACTACACA,CD4+ Naive T cell
E2L5_CTCCCTCAGCCATATC,Proliferating T cell
E2L4_CACTGAACATGCCGCA,CD14+ Monocyte
L4_ACTTCCGAGTACTGTC,CD4+ Naive T cell
L1_CCCTGATTCGTGACTA,CD4+ Naive T cell
L2_GTAAGTCGTAGCACGA,Plasma cell
E2L4_GTCGAATCAAAGGGTC,CD8+ Cytotoxic T cell
E2L2_TATCCTACATTCTTCA,FCGR3A+ Monocyte
L3_GTCATCCGTGCACATT,Plasma cell
E2L5_TTTCATGAGAATAACC,MAIT cell
L3_ATGACCAAGTACTGGG,CD4+ Naive T cell
L1_GTATTTCTCGTCTCAC,B cell
E2L2_GAATCGTAGAATGTTG,CD4+ Naive T cell
L1_CACGTGGGTGTTACTG,CD4+ Naive T cell
E2L5_CACGTTCTCCCATTCG,CD4+ Memory T cell
L1_CGAGAAGAGCCAAGTG,CD4+ Naive T cell
E2L5_GTACAACAGGTTATAG,Proliferating T cell
E2L1_GGTTAACTCCATCAGA,NK cell
E2L3_TCATGAGTCTAGACCA,NK cell
L5_GCGGAAAAGAGCCCAA,CD8+ Cytotoxic T cell
E2L6_GTGGCGTAGGGATGTC,Proliferating T cell
E2L4_TCACGGGAGTGACCTT,CD14+ Monocyte
L3_AGAAATGTCTACTGCC,MAIT cell
L2_CACATGATCGGTTCAA,Hematopoietic progenitor cell
E2L1_ACTTATCGTTCCGCAG,Platelet
L5_AGTGATCTCCACTGGG,Plasma cell
L5_TGCGACGCATGTGCTA,Platelet
L4_GATAGAACAAGCAGGT,NK cell
E2L6_TATATCCTCCCGAGGT,NK cell
L4_ATCGATGCATCGGTTA,CD8+ Cytotoxic T cell
L2_GACACGCCAAATCAAG,CD4+ Naive T cell
L5_TAGCACAGTATGGAAT,CD4+ T cell
L1_ATCATTCAGAATCGAT,CD4+ Naive T cell
E2L1_ACAACCACACGCGCTA,CD8+ Cytotoxic T cell
E2L6_ATGACCAGTGAATGTA,Plasma cell
L4_TTGTGGAGTTCGCGTG,Hematopoietic progenitor cell
L1_TACGGGCCAAGGACAC,CD4+ Naive T cell
E2L2_TTCAATCAGAACTGAT,CD4+ Memory T cell
E2L3_TCAGTTTAGCTTTCTT,CD4+ Memory T cell
E2L7_AATCGTGGTAGGTACG,CD4+ Memory T cell
L3_CTTCGGTCAGACTGCC,Proliferating T cell
L3_CTGGTCTAGACATCAA,CD4+ Naive T cell
L3_GTCACGGAGAGAGAAC,CD4+ Naive T cell
L1_TGCACGGAGTATGCAA,Plasma cell
L4_TCAGCCTCAGGATTCT,CD14+ Monocyte
L3_GAAGAATTCTCAGGCG,CD4+ Memory T cell
E2L6_CAGCGTGTCCATTTGT,Conventional dendritic cell
E2L2_TGACGCGAGCCTTTCC,NK cell
E2L3_ATCGGCGCAGACCTGC,MAIT cell
E2L7_TTAGGCATCGTACACA,CD4+ Memory T cell
L5_AGGCCACAGAGCCCAA,Conventional dendritic cell
L5_CTAACTTGTACAGTAA,CD4+ T cell
E2L4_GGAACCCCAGAGAATT,B cell
L5_CTACAGATCCGTTGAA,NK cell
E2L1_TATCTTGCATCGGAAG,CD14+ Monocyte
L1_GATTCTTAGGCTCTAT,MAIT cell
L4_TCATTGTGTGAGACGT,Platelet
L2_ATTCACTCAACCGACC,Hematopoietic progenitor cell
E2L2_AGAGCAGTCTGCACCT,gamma-delta T cell
L2_TGTTACTAGGGACACT,Plasma cell
L4_CATTTCAGTTTCACTT,CD4+ Memory T cell
L5_CTGTACCGTTACCCAA,CD4+ Naive T cell
L1_ATGAAAGGTGTGCTTA,Conventional dendritic cell
L3_ACCACAACAACTCGTA,MAIT cell
E2L2_TTACGTTAGCACCGAA,Platelet
L3_ATCCACCCAGTAGGAC,B cell
E2L5_AAGTACCAGATAACAC,CD4+ Naive T cell
L1_TTTGACTAGTGTAGAT,CD8+ Cytotoxic T cell
L4_AGCGATTAGACGTCCC,CD4+ Memory T cell
L3_TCCACGTAGGAGAGTA,CD4+ Memory T cell
E2L1_AAGCCATCAGTTGTTG,CD4+ Naive T cell
L5_CACTAAGCACAAACGG,CD14+ Monocyte
L4_GTCTAGAGTATAATGG,CD4+ Naive T cell
L1_CTTGATTTCGGTGTAT,Proliferating T cell
L4_AACAAGATCCATCGTC,Proliferating T cell
L5_AAATGGAAGCGAGTCA,Conventional dendritic cell
E2L7_AGATCCATCTATTTCG,B cell
E2L2_ATCGGATGTTGGGACA,Plasmacytoid dendritic cell
L1_GGTAATCTCGTAGGGA,Plasma cell
E2L8_GAAGCGAGTCGAGATG,NK cell
E2L6_TAGACCATCCTGTAGA,Proliferating T cell
E2L6_TCCCAGTCAGTGCCTG,Plasmacytoid dendritic cell
E2L2_AGTCAACGTATCGTAC,CD4+ Memory T cell
E2L1_CTATAGGAGGGCATGT,CD4+ Naive T cell
E2L4_AGAGAATAGACCATTC,B cell
L5_CTGCTCACACTCCGGA,CD4+ T cell
L5_ATTCCTACACGCCACA,CD8+ Cytotoxic T cell
E2L1_GCCAGCATCGAAGCAG,CD4+ Memory T cell
L4_GAGTCATAGAGGGTCT,FCGR3A+ Monocyte
L4_TCCATGCGTACTGAGG,MAIT cell
E2L7_TAATTCCGTAACAGGC,CD8+ Cytotoxic T cell
E2L3_AAGACAACACGACGAA,Conventional dendritic cell
E2L7_ACACTGATCCCTCGTA,CD4+ Naive T cell
L1_TACGCTCAGTCGCTAT,CD4+ T cell
E2L5_AAGCATCGTAGTTACC,B cell
L1_CACAACAAGACAACTA,MAIT cell
L4_TATGTTCGTTTAGAGA,FCGR3A+ Monocyte
L5_CTGATCCGTCCAGAAG,Hematopoietic progenitor cell
E2L3_CAGGCCAAGTCTGCAT,CD8+ Cytotoxic T cell
E2L7_ACCACAACAACTTCTT,CD4+ Memory T cell
E2L6_GATCAGTTCATGCCAA,Platelet
L3_GTTGCGGAGACCGCCT,CD4+ T cell
L4_TCGTGCTGTAGAATAC,Proliferating T cell
L3_TAGAGTCTCTATTTCG,CD14+ Monocyte
L1_CTACTATGTTCCACGG,Conventional dendritic cell
E2L4_TAATCTCAGACGCCAA,Proliferating T cell
L5_TTACTGTTCGCCTTGT,B cell
E2L2_TATTTCGAGTTGTCAC,CD14+ Monocyte
E2L4_CCTTCAGCATCTTAGG,Proliferating T cell
E2L7_GTTGCGGAGCCTCGTG,B cell
L1_CTCTGGTCAGTAACCT,CD4+ Naive T cell
L2_TCTTCCTAGCAGGTCA,CD4+ Naive T cell
E2L4_AGTGCCGCACACTTAG,CD4+ Memory T cell
E2L3_ACACAGTTCGGAGCAA,MAIT cell
E2L6_CCGTTCATCGTTACCC,CD4+ Memory T cell
E2L6_AAGCATCCAGAACGCA,CD4+ Memory T cell
L1_CTACCTGGTCTGATCA,CD4+ Memory T cell
L5_CGTGCTTAGACAGCGT,CD14+ Monocyte
L2_TCTACCGGTTACACTG,B cell
L3_CACACAACATACAGCT,NK cell
L4_AGGTGTTGTAGCGCTC,Hematopoietic progenitor cell
E2L6_GGCAGTCAGCGATGAC,CD4+ Naive T cell
L2_CGTTGGGCACATGGTT,CD4+ Memory T cell
E2L5_CTCTCAGCAAGCCTGC,B cell
L4_CTATAGGTCGTCTACC,CD4+ Naive T cell
L2_TAGGTTGCACATGGTT,MAIT cell
L5_TATCAGGGTGACGTCC,MAIT cell
L1_TTGTTCAGTAGATCGG,CD4+ Naive T cell
L3_TCTACCGCATGCCGGT,CD4+ Naive T cell
L3_TGATTTCCATTCTGTT,B cell
E2L3_CTGTAGACATGATGCT,Conventional dendritic cell
E2L6_GAGATGGCAGTCACGC,Conventional dendritic cell
L2_ATCACGACACTGATTG,Plasma cell
E2L3_GACCCAGAGCCGGAAT,CD8+ Cytotoxic T cell
E2L4_ATCCACCGTGCTTCAA,Conventional dendritic cell
L2_GCAGCTGTCTCCCAAC,CD4+ Naive T cell
L1_CGAAGTTGTCGTGCCA,CD4+ Naive T cell
L4_AATCGTGCAGTCAGTT,CD4+ Memory T cell
E2L7_TCAGTGAGTACGATGG,CD8+ Cytotoxic T cell
E2L5_TCTCCGATCCGTACGG,CD8+ Cytotoxic T cell
L2_TATTGCTGTTAAACCC,CD14+ Monocyte
E2L2_CGGAATTGTTCGGACC,CD4+ Memory T cell
E2L5_AGGATAACATGACGGA,NK cell
L5_TCTGCCACAGGTGTTT,Proliferating T cell
E2L2_TCAGCAAAGAACAAGG,Plasmacytoid dendritic cell
E2L1_TCCTAATGTATCGTAC,Proliferating T cell
L2_TCACAAGTCCTCATAT,CD14+ Monocyte
L2_TTACCATCATCGTGGC,FCGR3A+ Monocyte
E2L2_TCAGGTAGTAGTCTTG,FCGR3A+ Monocyte
E2L2_GGAACCCCATTCTGTT,Proliferating T cell
L4_ACGTTCCTCAACGAGG,Proliferating T cell
L4_TCGTGGGCAGCTGAAG,NK cell
E2L8_CTCAGTCCAGACGATG,Plasma cell
L1_GGTAATCTCTCGAGTA,NK cell
E2L1_TGGGCTGAGCCAAGGT,CD8+ Cytotoxic T cell
L4_ATCTCTAAGTACTGGG,CD4+ Memory T cell
E2L6_ACCTACCAGCGCCTCA,CD4+ Naive T cell
E2L8_TGGGATTTCGCTCTAC,NK cell
E2L5_TGTGCGGTCCATTTAC,Plasmacytoid dendritic cell
L5_CATGCCTGTAACAGTA,CD4+ Naive T cell
L1_AATTTCCAGAGGCTGT,Hematopoietic progenitor cell
E2L1_GGCGTCATCCTAGAGT,CD4+ Naive T cell
E2L8_GTACAGTAGCCTGAAG,CD8+ Cytotoxic T cell
E2L1_ACTATCTTCATTGGTG,Conventional dendritic cell
E2L7_GAGGCAACAACGTATC,Plasma cell
L2_AGGCTGCAGAATAGTC,CD8+ Cytotoxic T cell
L5_CTCCTTTGTCAGTTTG,Proliferating T cell
L4_GGGTGAATCACAACCA,CD4+ Memory T cell
L1_TCTTAGTAGCCTTCTC,CD4+ Memory T cell
E2L7_GGGCCATCAAGTAGTA,Plasmacytoid dendritic cell
L4_CAACGATAGGTGCCAA,FCGR3A+ Monocyte
E2L5_TGGGAGAAGACTCGAG,CD4+ Naive T cell
E2L5_CTCTCAGAGTGTACCT,CD14+ Monocyte
L1_AATTCCTCACTCAGAT,Hematopoietic progenitor cell
E2L5_TACGTCCTCTAATTCC,Platelet
L5_GTTACGAAGGACTTCT,NK cell
L3_ATGAGTCCAAATACGA,B cell
E2L6_CATGCTCGTATCACCA,B cell
L5_CTAGGTAAGCGAGTAC,CD4+ Naive T cell
L4_GCTACCTAGCGGGTTA,CD4+ Naive T cell
E2L7_TAGACCACAGGAATCG,CD14+ Monocyte
E2L3_GTTGCTCGTCTCGCGA,NK cell
E2L3_CCTATCGCATTGCTGA,CD4+ Naive T cell
E2L5_ATCGGATCACAACATC,Plasma cell
E2L3_TCGATTTCACAGCCAC,CD4+ Naive T cell
L3_CATGCTCTCAGGAACG,CD4+ Naive T cell
E2L6_AGGCCACGTGGCTTAT,NK cell
E2L4_ATCGTCCAGCAAGCCA,B cell
E2L7_TGCAGTATCGTCTACC,Proliferating T cell
E2L5_GTCTGTCTCACCCTTG,NK cell
E2L6_AGTGTTGCAACCGGAA,CD4+ Memory T cell
E2L1_GCGGAAAGTGACATCT,MAIT cell
L5_CTCACTGTCGTGTGGC,Conventional dendritic cell
L2_TCGGGACTCGGCTATA,Hematopoietic progenitor cell
L1_GCTTGGGCATGACTCA,MAIT cell
E2L3_GACTCTCCATACTTTC,CD14+ Monocyte
E2L8_CACATGAAGTGGATAT,CD8+ Cytotoxic T cell
E2L1_CGGACACAGCGTGCTC,CD4+ Memory T cell
E2L8_GAGGCAACAGGCAATG,Proliferating T cell
L3_TACGTCCGTATCCTTT,FCGR3A+ Monocyte
L1_CGATCGGGTGATACCT,CD4+ T cell
L2_TGTAGACCACCTGCGA,CD4+ T cell
E2L1_ATGGTTGCAGCAAGAC,Conventional dendritic cell
L2_TTGGTTTAGCGTGTTT,Plasmacytoid dendritic cell
E2L4_GGTGTTAGTGCATACT,CD8+ Cytotoxic T cell
E2L5_CATCAAGTCTGGGCAC,CD8+ Cytotoxic T cell
L3_CATTGCCGTATGTCCA,CD14+ Monocyte
E2L2_CGTTCTGAGATTACCC,CD8+ Cytotoxic T cell
L1_TGTTCCGGTAGTCTTG,Conventional dendritic cell
E2L3_ATCACTTGTTGTACGT,NK cell
E2L3_CTATCTACAGCGTGCT,NK cell
E2L1_CGTTAGACACACGTGC,gamma-delta T cell
L3_CTGGTCTAGGTTATAG,CD4+ Naive T cell
E2L2_CATGCCTGTGTTTGCA,Conventional dendritic cell
L3_AGCTTCCTCGCTTGAA,MAIT cell
L3_CTTCGGTTCTGAGTCA,Plasma cell
L4_CTGTAGATCAACTCTT,CD4+ Naive T cell
E2L7_TCGCTTGAGGACAACC,Platelet
L4_TCAAGCATCTCACCCA,NK cell
L4_TCCGGGACACATATCG,Proliferating T cell
L5_CAAGACTGTCAGTCGC,CD4+ Memory T cell
E2L2_TCACTCGTCATTATCC,CD8+ Cytotoxic T cell
E2L4_TAGCACAAGACGCATG,B cell
E2L4_TTCGGTCAGCACCAGA,FCGR3A+ Monocyte
E2L4_TTTAGTCTCCTTCTTC,CD4+ Naive T cell
E2L5_GAGGGTATCGTAACCA,B cell
E2L1_TAAGCGTAGCACCGAA,CD8+ Cytotoxic T cell
E2L6_GCCCGAAAGGTTACCT,Conventional dendritic cell
L2_AGCTCAAAGTCCCGAC,Proliferating T cell
L2_CTACTATCAAGACCGA,Plasmacytoid dendritic cell
E2L2_TCGAACATCTTAAGGC,MAIT cell
L1_CCTAACCGTCCGGTCA,CD14+ Monocyte
L4_ACAACCATCAAAGACA,CD4+ Memory T cell
L3_CCCTAACAGCGTGCCT,NK cell
E2L7_TGCGACGCACAGTCCG,B cell
L1_GGCACGTAGAACAGGA,Conventional dendritic cell
E2L5_AGCTCAAAGCTATCTG,Plasmacytoid dendritic cell
E2L3_AGCGATTGTGATCATC,B cell
L2_TTAGGGTAGAGAGCGG,CD14+ Monocyte
L1_GCAGGCTCACAAATCC,Conventional dendritic cell
E2L7_TTTACGTAGACAACAT,CD4+ Memory T cell
L3_CCTATCGAGCTCTTCC,B cell
E2L3_GTTACGAAGCGGTAGT,FCGR3A+ Monocyte
E2L8_GATGTTGAGACGGATC,CD4+ Memory T cell
E2L8_ACTGTGAGTACTGACT,CD8+ Cytotoxic T cell
E2L3_TACCCGTTCATACAGC,Proliferating T cell
L4_CCACACTAGTGATGGC,Platelet
E2L3_GCATCGGCAGGGCTTC,CD4+ Naive T cell
E2L2_TTTGATCGTTAACAGA,FCGR3A+ Monocyte
L3_CATAGACAGCAGTACG,Conventional dendritic cell
E2L6_CGTCAAACATAGGTTC,CD4+ Naive T cell
E2L4_TCCATGCAGCTAGATA,CD14+ Monocyte
E2L7_CATCCCATCCATACTT,CD4+ Naive T cell
E2L8_TTGTTTGAGTACAACA,B cell
E2L4_GGGTGAAGTACAAGTA,CD4+ Memory T cell
L4_AACAACCTCCTGTTAT,FCGR3A+ Monocyte
L2_GTGTTCCTCGTTATCT,MAIT cell
E2L4_AACGGGAGTCTTACTT,B cell
E2L6_GCCGATGAGATGGGCT,B cell
L4_ATGAGGGAGTATAGAC,MAIT cell
L1_TATCTGTGTGACTGTT,CD4+ Naive T cell
E2L2_CGGAGAAGTCATCAGT,gamma-delta T cell
E2L4_CCCAACTTCTGTTGGA,FCGR3A+ Monocyte
L4_TCATGGAGTCCGCAGT,Plasma cell
L5_CACGGGTAGTCCCTAA,Plasmacytoid dendritic cell
E2L1_CGCATAAAGTAGACCG,CD8+ Cytotoxic T cell
L2_ACAGGGAGTATTGGCT,CD4+ Memory T cell
L3_AGTAGTCTCGATGGAG,CD4+ Naive T cell
E2L5_AGTGATCTCAAACGTC,Plasma cell
E2L8_TTCAGGAAGGCCCACT,CD4+ Naive T cell
E2L8_GAACACTTCTAGCCTC,Conventional dendritic cell
L4_CTCAACCGTACAGAAT,CD4+ Memory T cell
E2L5_ACCCAAAGTTAGCGGA,Conventional dendritic cell
E2L3_GCTGCAGAGCCTGAGA,CD8+ Cytotoxic T cell
E2L8_GTGTTAGTCCCTCGAT,B cell
L3_TGCATGAGTGGATCGA,FCGR3A+ Monocyte
E2L2_GCCATGGGTCCCAAAT,NK cell
L3_TTGTTTGTCTCTCGCA,CD4+ Memory T cell
L1_TGGTTAGGTACGTAGG,CD4+ Naive T cell
L3_TCGAAGTTCTGTCTCG,CD8+ Cytotoxic T cell
E2L2_CCACCATAGTACGAGC,CD8+ Cytotoxic T cell
L5_ATTCACTTCCTACGGG,Hematopoietic progenitor cell
E2L1_GTCAGCGAGCACTAAA,CD4+ Naive T cell
E2L5_ACAGAAAGTAACAGTA,NK cell
E2L6_GACCCAGTCATTTGCT,Conventional dendritic cell
E2L5_TTCGATTGTCTGATAC,Hematopoietic progenitor cell
E2L1_GTCAAACCAGATTTCG,gamma-delta T cell
E2L4_TGAGCATTCTTTGCTA,CD4+ Naive T cell
L3_GGTAATCGTTATAGAG,CD4+ Naive T cell
L1_TGTTCATTCACACCCT,CD4+ Naive T cell
E2L4_TTAGTCTGTTCACCGG,Conventional dendritic cell
E2L6_ACAGCCGAGTCACTCA,Platelet
L2_CGTGTCTAGAAATGGG,CD14+ Monocyte
L2_GAAATGACAGGTTCGC,MAIT cell
L2_TTGCCTGTCGCACGGT,CD4+ Memory T cell
E2L5_TACTTCAGTTAGGCTT,CD4+ Naive T cell
L5_CAACCTCCACCTGTCT,Conventional dendritic cell
L1_TGCGGGTCATCCAATG,MAIT cell
L4_AAAGGTAAGGAACGCT,Proliferating T cell
L3_AGGAAATTCTACGCGG,NK cell
E2L5_TGAGTCATCCCGAGAC,Platelet
E2L8_GTAATGCTCGCCAATA,Conventional dendritic cell
L4_AGAGCCCAGTGTCATC,CD4+ Memory T cell
E2L2_TGCTCGTAGATGAACT,Platelet
E2L8_CCTTGTGTCACTCACC,Conventional dendritic cell
L2_CACGTGGGTCCTCATC,B cell
L2_CTGGCAGGTGCATCTA,Proliferating T cell
L3_TTACGTTGTTGTGGCC,CD4+ Naive T cell
L5_GGTAACTTCGCAATTG,CD4+ T cell
L3_ATCCGTCCAAAGGCAC,Plasma cell
E2L6_GATGGAGAGACGATAT,Conventional dendritic cell
L1_GACTCTCAGACTCCGC,B cell
E2L8_GTAACCATCTGAATCG,B cell
L5_AGGAAATAGACCACGA,CD4+ Naive T cell
L2_ATAGGCTCAAGTATAG,Hematopoietic progenitor cell
L4_TTGTTGTCACAGACGA,NK cell
E2L1_TTGACCCCAGGAATCG,CD4+ Naive T cell
E2L6_AGGCTGCTCATCTATC,B cell
L1_TGTGGCGTCGAAGCCC,CD4+ Naive T cell
E2L3_AGATCCATCCCGAGGT,gamma-delta T cell
L4_GTGCAGCAGCGCCTTG,MAIT cell
E2L6_ACCGTTCTCCTAGCGG,CD8+ Cytotoxic T cell
L3_GTGCTGGGTAATCAGA,CD4+ Memory T cell
E2L1_GCCAGCAAGAGGCCAT,CD4+ Memory T cell
L2_AAAGGGCAGCAATAGT,CD4+ Naive T cell
L5_GTTTGGAAGGTCGACA,CD8+ Cytotoxic T cell
L1_TTGACCCAGATGGTAT,Conventional dendritic cell
L5_CTGTATTGTTTCTTAC,MAIT cell
L1_ATTTCTGGTAGCGTAG,CD4+ Naive T cell
L4_ACTTCCGAGCCTAGGA,Proliferating T cell
E2L7_TCCTTCTCACAGTATC,Plasmacytoid dendritic cell
E2L2_CTGTAGATCTTGAACG,B cell
E2L1_ATCACTTGTATCTTCT,CD4+ Naive T cell
E2L2_GGCACGTCAGAGAATT,B cell
E2L5_GCGAGAATCCTGTTGC,CD8+ Cytotoxic T cell
L1_TCGACCTCACTCTGCT,CD4+ Naive T cell
E2L2_CGGACACAGTAGACAT,NK cell
E2L2_AGATAGATCCCATTCG,B cell
L2_GGATGTTAGTATGTAG,CD4+ Memory T cell
L3_AGTGATCGTGTACAGG,CD8+ Cytotoxic T cell
E2L2_GCCAACGTCGAGTGAG,CD4+ Memory T cell
L2_ATGGGAGGTGACACAG,NK cell
L4_GTGCAGCCAGCATTGT,CD4+ Naive T cell
E2L5_GGGCGTTCAGACAATA,CD14+ Monocyte
L4_CTCCTTTCATTGGATC,CD4+ Naive T cell
L3_TGGAGAGCACCAACAT,B cell
L5_TGTACAGTCCTGGTCT,Hematopoietic progenitor cell
L4_GTTATGGCAAGACGGT,CD4+ Memory T cell
L1_CACAGATCATGGCACC,CD4+ Memory T cell
L2_GCAACATTCAGCGGAA,CD4+ Naive T cell
L4_AGTACTGTCTTGATTC,CD4+ Memory T cell
E2L6_TGTTCCGCACCGGCTA,Conventional dendritic cell
L3_TTGGATGGTCGTGGAA,CD4+ Naive T cell
L1_AGGTGTTAGCCTATCA,Proliferating T cell
E2L8_TGTAAGCCATGGAATA,Conventional dendritic cell
E2L7_GTTCTATTCAGATGCT,CD8+ Cytotoxic T cell
E2L3_TTGCCTGGTTCCTAAG,CD4+ Memory T cell
L3_CCTCATGTCCACATAG,CD4+ Naive T cell
L3_GTGGCGTAGCTGAGCA,Proliferating T cell
L5_ATTACTCCACTACTTT,Hematopoietic progenitor cell
L1_GCCGATGTCGATTGGT,CD4+ Naive T cell
E2L8_GTTCCGTTCGACCTAA,B cell
L5_CGTAAGTCAGTATTCG,NK cell
E2L3_ATGAAAGCAGCAGGAT,Proliferating T cell
E2L8_GAATAGATCCGAGGCT,B cell
E2L8_TGGCGTGAGGACGCAT,CD4+ Naive T cell
E2L5_CCTAACCCAGGGAATC,Platelet
L5_CCCAACTTCACCGGGT,NK cell
E2L2_ACTGATGGTTAGTTCG,Proliferating T cell
L5_CTACAGAAGGATATGT,CD4+ Naive T cell
L4_GACAGCCGTGATAGAT,CD4+ Naive T cell
E2L6_AACCTGAGTCTCCTGT,FCGR3A+ Monocyte
E2L6_ATGATCGAGAACAAGG,FCGR3A+ Monocyte
E2L5_TCTCCGACAGAGCCCT,CD4+ Naive T cell
L5_CTAGGTATCTACCTTA,CD4+ T cell
L3_TGTGAGTCATCACGGC,CD4+ Naive T cell
E2L3_GTGGAAGAGTCCTGTA,CD14+ Monocyte
L1_TCCTGCAAGACGGTCA,CD14+ Monocyte
L1_ACCGTTCGTTGTTGAC,MAIT cell
E2L1_AGAGCAGTCGACGACC,CD4+ Memory T cell
L4_TGACAGTTCTTCGTGC,CD4+ T cell
E2L4_CCTTTGGGTCGGCACT,CD8+ Cytotoxic T cell
E2L3_GCACGGTGTAGTCGTT,CD8+ Cytotoxic T cell
E2L4_TGTCCTGGTCGTCGGT,B cell
L3_GACCCAGCATCCCACT,Plasmacytoid dendritic cell
L2_TCACACCCAGTTAAAG,CD4+ Naive T cell
E2L7_CCTAAGAGTCAACCTA,Plasmacytoid dendritic cell
L2_TGTACAGGTCTTACTT,Conventional dendritic cell
E2L8_GCTACAATCTCTGCCA,CD4+ Memory T cell
L5_AAGACAATCCGGTAGC,CD4+ Naive T cell
L2_AGCCACGAGACATACA,Proliferating T cell
E2L3_GGTGTCGTCTGAGAGG,CD8+ Cytotoxic T cell
E2L3_AGGATCTTCTCATGCC,B cell
L4_TTGGGATCACTAGAGG,CD4+ Naive T cell
E2L3_CCGTAGGAGCCACTCG,CD4+ Naive T cell
L4_AAAGGATAGCCGAACA,Plasmacytoid dendritic cell
L3_ACCACAATCCTACGAA,B cell
L3_TGCTGAATCCGCAGTG,NK cell
L4_ACTCTCGTCCGATGTA,CD4+ Memory T cell
E2L2_TCTCCGAGTACGTACT,CD8+ Cytotoxic T cell
L2_TTACGTTGTGATTCAC,CD14+ Monocyte
L1_AAAGTCCTCCAACCGG,CD4+ Naive T cell
E2L2_TCACTATGTGATGAAT,CD4+ Naive T cell
L1_CGGGCATAGACTACCT,CD4+ Naive T cell
L2_CAGTGCGGTAGATTGA,CD4+ Memory T cell
L5_CAGGCCAGTCCCGCAA,CD4+ Memory T cell
L4_GTGCTTCGTTGTTGAC,Hematopoietic progenitor cell
E2L4_GTTACAGTCGCGAAGA,Proliferating T cell
E2L7_GTTTGGAGTGATGGCA,B cell
L2_GACATCAAGCATCAGG,CD4+ Memory T cell
E2L1_CATCCACGTCCGGACT,FCGR3A+ Monocyte
E2L1_TCCAGAAAGGCATCAG,Proliferating T cell
E2L5_CAGATCACAAAGGGCT,Platelet
E2L1_TTGACCCTCAACTTTC,MAIT cell
E2L5_CGGAACCTCAATCTTC,CD4+ Naive T cell
L1_CGGGCATGTAATGTGA,MAIT cell
E2L1_AACCACATCTATGTGG,NK cell
E2L4_TGACTCCCATAGGAGC,CD4+ Naive T cell
L4_AACCTGACACTCCGGA,NK cell
L3_GACGCTGCAGAGATTA,Hematopoietic progenitor cell
E2L7_CGCAGGTGTAAGGCCA,B cell
E2L8_CATTCTAGTGTCCTAA,Plasma cell
E2L7_AGTCATGGTGTCCAAT,FCGR3A+ Monocyte
L2_TATATCCTCTGGACTA,CD4+ Naive T cell
E2L8_ATGATCGTCTTACCAT,CD4+ Memory T cell
E2L2_TCATTGTGTTCCCACT,MAIT cell
E2L1_ATGGGAGCATGACACT,CD4+ T cell
E2L2_ATCAGGTAGGGTGGGA,CD4+ Naive T cell
E2L7_GTTGTGAAGTAACGAT,Plasma cell
L3_GGAGATGTCTCGGGAC,CD4+ Naive T cell
E2L5_GATGTTGGTAGAATGT,Hematopoietic progenitor cell
E2L1_AGGATCTAGAACAGGA,B cell
L1_TCAAGACGTTACGGAG,FCGR3A+ Monocyte
L4_CGGGTGTCACGGCTAC,Plasmacytoid dendritic cell
E2L5_AAAGGATTCGGTGTAT,CD4+ Naive T cell
L3_CGTTCTGGTAGCGTCC,CD8+ Cytotoxic T cell
L5_ATCGGCGAGAGAGTGA,CD4+ Memory T cell
E2L2_AGTCACACATAGAGGC,B cell
L2_GTAGAGGCACCGAATT,Hematopoietic progenitor cell
E2L6_AGGGCTCAGCTGACAG,CD4+ Memory T cell
L2_GGGAAGTTCCATTTCA,CD4+ Naive T cell
L3_CATCGCTCATTCACAG,CD4+ Memory T cell
L1_TAGAGTCCACATGGTT,B cell
L5_TACAACGCAACGTAAA,CD4+ Memory T cell
L1_GTTCTATCAGCGAGTA,CD4+ T cell
E2L2_TCATTCAGTGGAAATT,MAIT cell
L1_GGTGTCGGTTAAGAAC,B cell
E2L1_ACGGTTATCCGTGTAA,B cell
E2L4_CTCATCGAGATTTGCC,CD8+ Cytotoxic T cell
E2L1_TGGAGAGGTCCGGCAT,CD4+ Naive T cell
E2L6_TCCTTCTCATTGGGAG,B cell
E2L2_CATGGTAAGTCTAGAA,CD4+ Memory T cell
E2L1_CATCAAGAGGGCAGGA,FCGR3A+ Monocyte
E2L6_CATACCCCAGAGTTGG,CD4+ Naive T cell
E2L5_AACACACGTCTAGATC,Conventional dendritic cell
L1_TGACTCCCAGCTCTGG,CD14+ Monocyte
L3_GATCGTAAGGTTGACG,MAIT cell
E2L6_CAATTTCTCTGGGCCA,CD4+ Naive T cell
L2_GCAGTTATCTAACGCA,CD4+ Naive T cell
L1_TTGCTGCAGCCTCTGG,CD4+ Memory T cell
L3_TTGATGGTCAAACCCA,Conventional dendritic cell
E2L6_GATCATGGTCAGACTT,NK cell
E2L4_GCTCAAACATGTGGCC,CD8+ Cytotoxic T cell
E2L3_CTTCTAATCCGTACGG,CD14+ Monocyte
L4_TTCACGCGTTACAGCT,B cell
L3_AGAACCTAGCCTGTCG,CD4+ Naive T cell
E2L3_TCGGTCTCAATGAACA,CD14+ Monocyte
L5_CATCAAGCAGCGCTTG,CD4+ Memory T cell
E2L3_CATAAGCCACGAAAGC,Conventional dendritic cell
L1_CCGGACAGTTTCGATG,CD4+ Naive T cell
L2_TACCTCGTCCGTTGGG,CD4+ Naive T cell
L2_TACCGAAGTGTTGATC,Plasma cell
L5_AAGACAAGTGGACTGA,B cell
E2L4_CTGAATGAGGCGTTAG,CD4+ Naive T cell
L1_TCGTGCTAGATTGCGG,NK cell
L4_ACGTTCCTCAAAGCCT,Hematopoietic progenitor cell
E2L3_CAACCAAAGCTTCATG,CD14+ Monocyte
L1_TCTGGCTAGACCGCCT,CD4+ Naive T cell
L5_GGGAAGTCAGGGCTTC,CD4+ Memory T cell
L5_TTATTGCTCCTGGGAC,Platelet
L4_ACACGCGAGTCGTCTA,MAIT cell
E2L8_GACCGTGCAACTCATG,NK cell
E2L6_CTACCTGGTCGGATTT,B cell
E2L5_GCATCTCTCGAAGCAG,CD4+ Memory T cell
L1_GATTGGTTCGCCTTGT,Plasmacytoid dendritic cell
L2_ACTGCAATCTACGCGG,Proliferating T cell
E2L8_ATGAAAGTCCATTGGA,CD4+ Naive T cell
L1_AACTTCTCAGAGGCTA,CD4+ Naive T cell
E2L6_CCGTTCAAGGCATGGT,CD14+ Monocyte
E2L2_GTTGCGGTCTACTCAT,CD8+ Cytotoxic T cell
L4_TTACTGTCACTCAGAT,FCGR3A+ Monocyte
E2L4_GTCGCGACAGAAGTTA,B cell
L5_GGAAGTGAGTCCGCGT,CD4+ Naive T cell
L5_TCTACCGCAACTAGAA,Conventional dendritic cell
E2L6_GGCTTTCTCAAATGCC,CD4+ Naive T cell
L3_TACAGGTTCCTGGGTG,CD4+ Naive T cell
E2L5_CAGATCAAGAGTGTGC,CD4+ Memory T cell
L5_CTCAGAAGTCTTAGTG,MAIT cell
E2L8_AATCACGTCTCATGCC,CD8+ Cytotoxic T cell
E2L5_TTCCTTCCACTTGGCG,Platelet
L3_GTACAACAGTCACTCA,NK cell
E2L7_TGCGACGTCAAATGAG,CD4+ Naive T cell
E2L7_CTCAATTGTATGGGAC,Hematopoietic progenitor cell
E2L5_TCTCACGAGCTTAAGA,CD4+ Naive T cell
E2L7_GCTACAACATGGGCAA,CD8+ Cytotoxic T cell
L5_CTAAGTGAGCATGATA,CD4+ Naive T cell
E2L4_TGGGATTTCCAGTTCC,CD4+ Memory T cell
L2_TTCGATTTCCACGGAC,CD4+ Memory T cell
L1_AGGCCACTCAATCTCT,Hematopoietic progenitor cell
L4_CCGTAGGAGGGAGGGT,CD8+ Cytotoxic T cell
E2L5_TCCATCGCATGCCGGT,CD8+ Cytotoxic T cell
E2L1_AGACCCGGTTGTGCAT,Proliferating T cell
L2_CTCCATGCAATTGTGC,Platelet
E2L3_CCACGTTAGGCATTTC,B cell
E2L2_ATTCAGGTCCTCGCAT,Platelet
E2L6_GGTGATTTCTTCGGAA,NK cell
E2L4_GGGATGAGTGAGCGAT,Conventional dendritic cell
E2L6_TACACCCGTTTCGGCG,B cell
E2L1_GTCACTCGTGCGTTTA,CD4+ Naive T cell
E2L2_TGCTTGCGTCGAGATG,Conventional dendritic cell
L1_GAAACCTAGCAGCGAT,CD4+ Memory T cell
L4_CACCAAACAGGCACTC,CD4+ Naive T cell
L5_ATCGTGAGTCGAATTC,Proliferating T cell
E2L5_TCTACCGGTTCTCCTG,Conventional dendritic cell
E2L2_GTAGGAGCATGGGTCC,Plasmacytoid dendritic cell
E2L4_ATCCACCAGAAGTCTA,B cell
E2L6_GAGTTTGTCTGAGAAA,Plasma cell
E2L3_GAATAGAGTGGGCTCT,FCGR3A+ Monocyte
E2L8_TGCTTGCTCATTGAGC,CD14+ Monocyte
E2L2_GGAACCCCAAGGTCAG,CD4+ Memory T cell
E2L4_TCCCAGTCACAGTCAT,Proliferating T cell
L3_CTCTCAGGTACCCGCA,Plasmacytoid dendritic cell
L5_GTGATGTCACTTGGGC,CD4+ Naive T cell
L4_ACGGTCGAGGAACATT,CD8+ Cytotoxic T cell
E2L5_GCCGATGCATGTCTAG,CD4+ Naive T cell
E2L4_GATCCCTAGAGCAGTC,Platelet
E2L4_AATTTCCGTTGATCGT,Conventional dendritic cell
E2L2_CACTGAAAGAGGATGA,NK cell
E2L7_GTGTTAGCACGTTCGG,CD4+ Memory T cell
L1_GTTTACTAGTGGTGGT,Plasmacytoid dendritic cell
E2L6_GTGCTGGTCAATGCAC,Plasma cell
E2L1_CTGAATGAGCGGGTTA,Platelet
E2L4_TCGCTCATCGGCATCG,CD4+ Naive T cell
E2L8_CTGAGGCAGCGTATGG,B cell
E2L7_GGTGATTAGAGTAACT,CD4+ Memory T cell
L5_GCCGTGAGTTTCAGAC,CD4+ Naive T cell
L2_CACTGAAAGGTACAAT,FCGR3A+ Monocyte
L4_AACAAAGGTACGAAAT,Plasmacytoid dendritic cell
E2L6_AGTGACTAGCGTTCCG,CD8+ Cytotoxic T cell
E2L6_AAACGCTCATAATGCC,CD8+ Cytotoxic T cell
E2L1_GAACTGTCAAGCCATT,Proliferating T cell
E2L5_CCGTAGGCAGTTCCAA,B cell
E2L8_GCACGTGCACAACGAG,Platelet
L5_TTACCATTCTTACCGC,CD4+ Memory T cell
L2_TTCATGTTCGCGTTTC,Conventional dendritic cell
L4_GCAGTTAAGGCTTTCA,Plasma cell
E2L3_ATCGCCTAGTGGATTA,B cell
E2L4_CACTGGGAGTGCGTCC,CD4+ Naive T cell
L3_ATGAGGGGTTTGATCG,NK cell
E2L6_TCTCACGAGAACCGCA,CD8+ Cytotoxic T cell
L1_CGAATTGTCGTTCTCG,Plasmacytoid dendritic cell
E2L8_GTCATTTCACAGTATC,gamma-delta T cell
L1_TCTTAGTGTCACTTCC,Hematopoietic progenitor cell
L2_TCATGTTGTCTAGTGT,Hematopoietic progenitor cell
E2L3_CTATCCGGTACCGTGC,Proliferating T cell
L5_TCAAGCAGTGCATCTA,CD4+ Naive T cell
L1_GTCTTTAAGGACAGTC,B cell
E2L4_ACAGCCGGTACTCCCT,B cell
E2L7_AGCCAATAGACGTCCC,B cell
E2L6_TGTGATGCACAACGTT,NK cell
E2L6_TTGGGTATCATGGAGG,CD4+ Naive T cell
E2L2_GGAACCCGTATGTCTG,Proliferating T cell
L2_ATCCTATTCCCTATTA,Proliferating T cell
L3_CTTCGGTGTACGACAG,CD4+ Naive T cell
E2L7_TCAAGCATCATTTCGT,CD8+ Cytotoxic T cell
E2L1_CCGTTCATCTACCACC,CD14+ Monocyte
E2L7_GGAGGTACAATGAGCG,Plasmacytoid dendritic cell
L2_CCTCAGTGTCCCTAAA,Proliferating T cell
E2L2_CCCTCTCCAGTTACCA,FCGR3A+ Monocyte
E2L7_GTTAGTGTCTACTGCC,CD4+ Naive T cell
E2L8_GGCTGTGCATAAGCAA,CD4+ Naive T cell
L5_ATGCCTCTCGATTTCT,B cell
E2L6_GGTGTTAAGCAACTTC,Conventional dendritic cell
E2L1_AGCATCATCGATGGAG,CD4+ Naive T cell
L1_TCACATTTCTCGTCGT,CD4+ Naive T cell
E2L6_TGCTTCGCACGACGAA,B cell
E2L5_GGGTTTACAGGGTCTC,CD4+ Naive T cell
L1_GGGAGATGTTGGGCCT,CD4+ Naive T cell
E2L7_TGCGGGTGTTTGGCTA,CD4+ Naive T cell
E2L4_ATGCATGCAGCTTCCT,FCGR3A+ Monocyte
E2L4_TGTTCATGTCCGAAGA,CD4+ Memory T cell
E2L1_CTGGCAGCACAGTCAT,B cell
E2L2_CAAGCTATCCGTGCGA,CD4+ Memory T cell
E2L8_TTGTTGTTCTCTGCCA,FCGR3A+ Monocyte
E2L6_TTTCAGTTCCCGGTAG,B cell
E2L1_GGTTCTCAGGTATAGT,Platelet
L1_GGTAGAGAGCACCGAA,CD4+ Naive T cell
L1_TGAGGTTGTCGAGCAA,Hematopoietic progenitor cell
E2L7_TAGAGTCCACTAGGCC,CD14+ Monocyte
E2L1_CCAATTTCAAGAGATT,B cell
E2L6_CCAAGCGCACCTGCGA,Conventional dendritic cell
L2_CGGAGAATCTTAAGGC,MAIT cell
E2L2_ATTCATCCAAGGCCTC,Proliferating T cell
E2L3_CCGGTGATCCTTGACC,CD8+ Cytotoxic T cell
E2L7_TGAGGGAAGCGAGGAG,CD8+ Cytotoxic T cell
E2L2_TAGTGCACACGTGTGC,NK cell
L2_ACCTGAACAACTAGAA,NK cell
L5_AAAGAACCAGTGTGGA,gamma-delta T cell
E2L1_AGCCAGCAGCTGCCTG,CD4+ Memory T cell
L2_ATTACCTCAGCTACCG,CD4+ Naive T cell
L5_AACCTGAAGGATTTGA,CD4+ Naive T cell
L1_GGGAAGTAGGTCGTAG,CD4+ Naive T cell
E2L6_CAAGACTAGTGCGCTC,CD4+ Naive T cell
E2L1_GCTGCAGTCAAAGGAT,NK cell
L5_TGCGACGCAAGCGCAA,CD4+ Naive T cell
L1_CGGAACCTCCATACTT,NK cell
L5_GCAGCTGCAGCTTCCT,B cell
L4_AAGACAACACAGACGA,Conventional dendritic cell
E2L4_AGGACGACACGACTAT,CD8+ Cytotoxic T cell
L2_GTTGAACCAAGTGCTT,NK cell
L4_TCACTCGTCATACAGC,CD4+ Memory T cell
L5_AGAAGCGGTAGAATAC,NK cell
L1_GTTGAACAGCGTCTGC,Hematopoietic progenitor cell
L2_GGGTCACAGGAAGTCC,Hematopoietic progenitor cell
E2L1_TCGCAGGAGCGACTTT,MAIT cell
L1_ACGGTCGTCTCGTGAA,CD14+ Monocyte
E2L1_TCGACGGGTATGATCC,CD4+ Memory T cell
E2L5_ACCTACCAGTGAATAC,CD8+ Cytotoxic T cell
L2_TAAGCCATCGGTGAAG,FCGR3A+ Monocyte
L2_CCCTAACTCTCTTAAC,B cell
E2L1_TGGATGTGTTATAGCC,CD8+ Cytotoxic T cell
L1_GTAGAGGAGGACACTG,Hematopoietic progenitor cell
L4_GGGCGTTCAAATACGA,Plasma cell
E2L2_TGATTCTGTGACTGTT,Proliferating T cell
E2L5_TGTGGCGGTAATGATG,CD8+ Cytotoxic T cell
E2L5_CGAGAAGGTTGACTGT,Plasmacytoid dendritic cell
E2L5_GCTACCTTCCTTCACG,Proliferating T cell
L3_TGACAGTCATCAGCTA,CD4+ Naive T cell
L2_TCTTAGTAGGCTTAAA,FCGR3A+ Monocyte
E2L5_AGAGAGCCAGAGATTA,MAIT cell
E2L6_TTCGCTGGTCATTCCC,Platelet
L3_TGTAACGGTACGGGAT,CD4+ Naive T cell
L2_CTGCCTATCACGATCA,FCGR3A+ Monocyte
E2L6_CGAATTGCATTCTGTT,Conventional dendritic cell
E2L4_AACCCAAGTCTTCTAT,Proliferating T cell
E2L7_TACTTACAGATGCCGA,Conventional dendritic cell
L2_TTTGGTTCATCATGAC,B cell
L5_GGAGCAACATCGAGCC,CD4+ Memory T cell
L1_ATACCGACAACGAGGT,CD4+ Naive T cell
L3_GAGTGAGGTAATGATG,Proliferating T cell
L1_CAACCTCGTCGAGTGA,B cell
E2L4_TACCTCGGTACCTAAC,CD4+ Memory T cell
E2L4_GGGAAGTAGTCATTGC,CD14+ Monocyte
L1_ATTCACTAGACCTTTG,CD4+ Naive T cell
L2_TGCTCGTAGCACTCCG,CD4+ Naive T cell
E2L2_CTTCGGTAGGGTGAAA,CD8+ Cytotoxic T cell
L3_GTGCAGCTCGGCCCAA,Plasmacytoid dendritic cell
E2L3_AACCAACGTACAGGTG,NK cell
E2L4_CCCTCAACAAGCCTGC,B cell
L5_TGATTTCAGTCTGTAC,CD4+ Memory T cell
L1_TTCTTGACAATAACGA,CD14+ Monocyte
L1_AGTAGTCAGTTGTCAC,MAIT cell
E2L1_ACTTAGGGTTGTCTAG,FCGR3A+ Monocyte
L5_CACTGAACATGTTCGA,CD8+ Cytotoxic T cell
L4_CAGCCAGCAGAAATTG,FCGR3A+ Monocyte
L5_TTCTAGTGTGCTCTCT,CD4+ Naive T cell
E2L2_TTGCATTTCCGGTAAT,Proliferating T cell
L3_TCTTCCTAGACGGTCA,MAIT cell
L5_GGTAACTGTAACGATA,Proliferating T cell
L5_GAGTTGTCAAGGCCTC,CD4+ Naive T cell
E2L5_CACACAATCATATGGC,NK cell
L4_GTCGCGACAGAGACTG,B cell
E2L5_CAGGCCACAAGTGTCT,CD14+ Monocyte
E2L2_ATGGGAGGTATGGAAT,CD4+ Memory T cell
E2L3_CAACGGCAGTAATACG,NK cell
E2L5_TAAGCACCATTCGGGC,B cell
L3_GTCATTTAGTAGAGTT,CD4+ Naive T cell
E2L3_GAAGGACAGCCACCGT,Conventional dendritic cell
E2L6_CTCCCAACACACTTAG,CD8+ Cytotoxic T cell
E2L8_GAAACCTAGCTAATCC,B cell
L1_TCAGTGAGTCTTCCGT,Proliferating T cell
E2L3_CTATCTATCGCAACAT,CD4+ T cell
E2L3_TGAGGAGTCCGTGGGT,Plasmacytoid dendritic cell
E2L6_CGGGCATTCGCATAGT,NK cell
E2L8_TCCTCCCGTAGCTTGT,B cell
E2L8_TCAGTCCCAACCCGCA,B cell
L1_GAGATGGTCGTAACCA,CD4+ T cell
E2L7_GACCAATAGACTCAAA,gamma-delta T cell
E2L3_TTCTAGTCAACCACGC,gamma-delta T cell
L2_ATCGGATGTAGACGGT,CD4+ Naive T cell
E2L6_ACTATTCGTTGCTGAT,CD8+ Cytotoxic T cell
L2_GAAGCCCGTCTGCAAT,CD4+ Memory T cell
E2L8_CTCCATGAGGCTTAAA,B cell
L4_ACGCACGAGCGTGAGT,Conventional dendritic cell
E2L3_ACTGATGAGGATACGC,B cell
E2L4_AGGAATACAAGTATCC,Plasma cell
E2L6_CTGCTCAAGCTCTATG,Conventional dendritic cell
E2L2_GTTAGACGTTATGACC,CD4+ Naive T cell
E2L1_GTCCTCAAGTCCTGTA,NK cell
L2_GACTCTCTCCACAAGT,CD4+ T cell
E2L7_TGTACAGAGAGCGACT,MAIT cell
L4_GTAGAGGAGATTCGCT,B cell
E2L6_TCAATCTAGGTCTTTG,gamma-delta T cell
E2L8_TGAGGGACAATACAGA,CD8+ Cytotoxic T cell
L3_GATCAGTCAGTGTATC,Plasmacytoid dendritic cell
L1_TGGCGTGGTCCCACGA,CD14+ Monocyte
E2L6_TAAGCGTCACTCCTGT,CD4+ Memory T cell
L5_CAGCCAGCATAATCCG,CD4+ Memory T cell
E2L1_GTGGAAGAGGATATAC,Platelet
L1_CTAGGTATCGCCGAGT,MAIT cell
E2L3_CAGCAATTCGTAGGAG,CD8+ Cytotoxic T cell
L2_CTACTATGTGATCATC,NK cell
L2_TTCACGCTCCACACAA,CD8+ Cytotoxic T cell
E2L1_GCAGCCAAGACTCTTG,NK cell
E2L5_ACTTATCAGCTCTGTA,CD8+ Cytotoxic T cell
L2_CACGTTCCATCCGGTG,CD8+ Cytotoxic T cell
L4_CGAAGGACAAAGCACG,B cell
L1_AATGAAGTCGCAATTG,CD4+ Naive T cell
L2_GGTTCTCTCCGCCTAT,B cell
L5_GTGTGATAGAAATTGC,CD4+ Memory T cell
L5_AAACCCATCTTGGATG,Conventional dendritic cell
L1_CGTGATACACGACAGA,Conventional dendritic cell
L2_TTGTGGATCTCCAATT,CD4+ Naive T cell
E2L1_ACTATGGTCTGATGGT,CD4+ Memory T cell
L5_CATTCCGGTGAGATTA,MAIT cell
L5_TGTCCACGTTCTCTAT,B cell
E2L4_CTAGACAGTACTGGGA,B cell
E2L1_GGTAGAGTCCCATAAG,CD8+ Cytotoxic T cell
L4_AAGCGTTGTAGCGTCC,Conventional dendritic cell
L1_CACCAAAGTCAAAGAT,CD4+ Naive T cell
L1_TCAAGCATCGTAGTGT,CD4+ Memory T cell
L2_CTGCATCCAAGACCTT,CD14+ Monocyte
E2L6_CCGTGAGTCATCGCCT,CD8+ Cytotoxic T cell
E2L8_CTGAGGCAGATTAGTG,NK cell
L4_GAGCCTGGTCTAGGTT,CD4+ Naive T cell
L1_CGTAGTACAACGGCTC,CD4+ T cell
L4_GCAGGCTGTGCCGTAC,CD4+ Naive T cell
L4_GTGAGGACAGTTAGAA,CD4+ Naive T cell
E2L5_TCCCAGTCAAGACCTT,CD4+ T cell
E2L8_TCTGGCTCACAGAGCA,Conventional dendritic cell
L1_TGTAAGCCAGCTACTA,CD4+ Memory T cell
L2_TGTAACGGTGAAGCTG,NK cell
E2L3_TCCTAATCAACAAGAT,CD4+ Memory T cell
E2L8_AAGGTAATCATTTGGG,CD4+ Naive T cell
L2_CTCCCTCGTCCAAGAG,Plasma cell
L4_AGCGATTTCACGTCCT,B cell
L2_AATGGCTGTCGAATGG,B cell
E2L6_CTGCATCTCCGGACTG,B cell
E2L6_TGTAGACGTTCCGCTT,MAIT cell
E2L6_AACCATGAGGACATCG,MAIT cell
E2L1_TCAGCAACATGTCAGT,B cell
L4_GATGTTGTCGTTGTTT,CD4+ Naive T cell
E2L6_CATGGTAAGTCGAAGC,gamma-delta T cell
E2L8_GTTACCCCAGAACCGA,CD4+ Naive T cell
L5_GGATCTAAGTTCGCAT,Plasmacytoid dendritic cell
E2L2_GACTTCCTCGTTGTTT,B cell
E2L2_CAGAGCCCATGGGATG,NK cell
E2L2_GAAGCGACAATCTCTT,Proliferating T cell
L4_ACGGTTATCAATCCAG,CD4+ Naive T cell
E2L2_CTCTGGTGTCTCGCGA,MAIT cell
L5_CTCCCTCAGGAATCGC,NK cell
E2L5_TACCGGGAGGTCACTT,CD8+ Cytotoxic T cell
E2L1_GGAGATGGTACCATAC,B cell
E2L8_GTCAAACTCGAGAAAT,Plasmacytoid dendritic cell
E2L7_GAGATGGAGTGCACCC,CD8+ Cytotoxic T cell
L1_GACCAATTCTCGGCTT,NK cell
L4_TTGGGCGCATGATAGA,CD4+ Naive T cell
E2L1_GCCCAGATCGTGCTCT,Proliferating T cell
L2_GACTCTCGTCCGCAGT,CD4+ Naive T cell
E2L1_TTCCGGTCATGAATAG,FCGR3A+ Monocyte
L1_AAGTACCGTGAGGAAA,Plasma cell
E2L2_CGTGAATAGTCACTCA,Plasma cell
E2L6_GGGACTCTCCAGTGTA,CD8+ Cytotoxic T cell
E2L3_TTTCGATGTGGCGTAA,NK cell
E2L3_GTGAGTTCAGTTGTTG,CD4+ Naive T cell
L3_AGGGCTCTCCGTGCGA,B cell
L1_CTGGACGGTGACTATC,B cell
L1_TGGTACACATGACACT,CD4+ Naive T cell
E2L6_CCCGGAATCCTACCGT,CD4+ Memory T cell
E2L1_TCGACGGGTGCCGAAA,Hematopoietic progenitor cell
L3_AGGCTGCTCCAGCAAT,B cell
E2L2_TGTTCCGCAAAGAACT,CD4+ Memory T cell
E2L2_AAGCGTTGTAACATGA,CD8+ Cytotoxic T cell
E2L7_TGGGAGACAGAACTTC,CD4+ Naive T cell
E2L6_CTTACCGTCTCAGTCC,Proliferating T cell
L1_TTGACCCAGATTGCGG,CD4+ Naive T cell
E2L8_AATAGAGCAATTCTTC,B cell
E2L7_ATACCGACAACTTGCA,CD8+ Cytotoxic T cell
E2L7_ACTGCAATCAGGCGAA,Proliferating T cell
E2L1_ACATGCAAGACGCAGT,Plasmacytoid dendritic cell
L3_GGGTAGAGTTGTAGCT,Plasmacytoid dendritic cell
E2L1_GACTTCCGTCCATACA,CD14+ Monocyte
L1_CTAGACACAACTTGCA,Hematopoietic progenitor cell
E2L8_AAGACTCTCGCTCATC,Conventional dendritic cell
E2L5_GTAATCGCATGATGCT,MAIT cell
E2L8_CTATAGGTCCTTCTAA,FCGR3A+ Monocyte
L1_GGAATGGCATACCAGT,MAIT cell
L2_TTCCGGTGTACTCGTA,CD14+ Monocyte
L2_ACGATCAAGTGAGCCA,Hematopoietic progenitor cell
L5_ACTTATCAGAAGCGAA,CD4+ Naive T cell
L3_TGTAACGTCCTAAACG,MAIT cell
E2L4_TCGCTTGTCTGGGCCA,Platelet
E2L4_GAGTGAGCATCTTAGG,FCGR3A+ Monocyte
L2_GTCATCCGTGGCGCTT,Hematopoietic progenitor cell
L2_CATAGACTCCAGCTCT,CD4+ T cell
E2L5_GGCGTCACAGTCTTCC,CD8+ Cytotoxic T cell
E2L6_TCCCACAAGCCATTTG,NK cell
L2_CCGGTGAGTGCTGTCG,B cell
L4_ATCGTGACAAGCCTGC,Conventional dendritic cell
E2L8_TCCCACAAGGGTGGGA,Proliferating T cell
E2L6_ATCGGCGCAGTTCACA,Conventional dendritic cell
E2L2_AGAACCTGTTATCTGG,Plasmacytoid dendritic cell
L5_CCCTGATAGAGAGTGA,MAIT cell
E2L2_TCAGTTTCACAGCCTG,CD8+ Cytotoxic T cell
E2L6_CCTGTTGGTTAGGAGC,B cell
E2L8_CTACAGAGTGGATTTC,Plasma cell
E2L5_ATCCTATAGGCTGGAT,NK cell
L5_CTACGGGCACGACGAA,B cell
E2L6_AGGGTGAGTGATATAG,FCGR3A+ Monocyte
E2L3_CATCGTCCATTCACCC,CD4+ Naive T cell
E2L8_TCTACCGCAAGAGCTG,Plasma cell
L5_GTATTGGCAGACTCTA,CD4+ Naive T cell
E2L1_TGTTCATTCCACTTCG,CD8+ Cytotoxic T cell
E2L7_CAGCCAGGTATTCCGA,Plasmacytoid dendritic cell
E2L7_CCTACGTCAACACTAC,B cell
L5_CGGAGAACATCTCAAG,CD4+ Memory T cell
E2L3_AAAGTGAGTGACCTGC,B cell
E2L6_CGTTGGGGTATATGGA,CD4+ Memory T cell
L5_GTGTTCCAGAAACACT,MAIT cell
E2L5_AACGAAAGTTCTCTCG,CD4+ Memory T cell
E2L8_ATACTTCAGCACTCGC,Proliferating T cell
L5_AAACCCAGTTCTAAGC,Hematopoietic progenitor cell
L2_GCTCAAATCCCGGTAG,Plasmacytoid dendritic cell
L4_CATCGTCAGGTCCCTG,Conventional dendritic cell
L3_ACCATTTAGTCACTGT,CD4+ Memory T cell
E2L7_AATGCCAAGATGAAGG,CD4+ Naive T cell
L5_GTGTCCTAGCGGGTTA,CD4+ Naive T cell
L4_TTGCATTCATTAGGCT,CD4+ Memory T cell
E2L2_TGACCCTAGATTGGGC,FCGR3A+ Monocyte
L5_TAGATCGGTGCCGTTG,CD4+ T cell
E2L8_GTGATGTCACAGAGAC,Conventional dendritic cell
E2L4_TCCGTGTCAATACGCT,CD8+ Cytotoxic T cell
E2L1_TAACACGGTGCATTAC,CD4+ Memory T cell
E2L5_TTCTCTCCAAGTAGTA,CD8+ Cytotoxic T cell
E2L5_CGAAGTTGTCCTGGTG,Proliferating T cell
E2L5_CGTCCATGTTAGGGTG,MAIT cell
E2L1_TTCTCTCGTCTAGGTT,CD8+ Cytotoxic T cell
E2L4_AATTTCCGTTGTGCCG,CD4+ Naive T cell
E2L5_GACCCAGTCCCTCAAC,Conventional dendritic cell
E2L2_TGCTTGCCATGTACGT,NK cell
L5_TTCGCTGGTGCGGTAA,CD4+ Naive T cell
L3_CGAGGCTAGCAGAAAG,CD4+ Naive T cell
L4_GATTCTTTCCTCTCGA,B cell
E2L8_CTCATCGCATGTTTGG,NK cell
L1_TGAGGTTCATTGCTTT,Hematopoietic progenitor cell
L4_ACGTAGTTCGCCAATA,Conventional dendritic cell
L4_CGGCAGTGTACAACGG,CD8+ Cytotoxic T cell
E2L4_GACGCTGAGACTGTTC,B cell
L5_TTGCTGCAGACAGCTG,NK cell
E2L6_TCGTGGGCACTAGAGG,B cell
E2L4_AGATCGTAGCTTCTAG,CD8+ Cytotoxic T cell
E2L5_ACGTAGTCATCAGCAT,CD4+ Memory T cell
L2_TTACAGGGTTCGGTAT,CD14+ Monocyte
E2L4_AGACAGGAGGTAATCA,B cell
E2L6_CGAAGTTTCTGTAACG,CD8+ Cytotoxic T cell
E2L2_CTTTCAACAAAGACGC,FCGR3A+ Monocyte
L1_CCTCCTCGTCGGCACT,CD4+ Naive T cell
E2L3_TCCTAATTCAGCGCGT,Plasmacytoid dendritic cell
L1_TGAGCATCACATTACG,gamma-delta T cell
E2L5_CATTCTAGTACTCGCG,CD4+ T cell
L5_CCTCTAGGTGGATACG,CD14+ Monocyte
E2L3_CATTGAGCACGAGGTA,CD8+ Cytotoxic T cell
E2L3_GTGTGATAGACTCTTG,B cell
L5_GTCGTAAGTGCTCTTC,CD4+ Naive T cell
L3_GTGGGAATCATGAGGG,CD4+ Memory T cell
E2L5_ACAGAAAGTGAGCCAA,NK cell
E2L5_GGGTGTCAGCTTTCCC,CD14+ Monocyte
E2L6_CGAGTGCTCCACTGGG,CD14+ Monocyte
E2L7_GAGTTACGTCATAAAG,CD4+ Memory T cell
L2_TCCGAAAGTTTGAACC,B cell
E2L3_TCTGCCATCTTTCCAA,CD14+ Monocyte
E2L2_CACAACAGTGCAATAA,Plasmacytoid dendritic cell
L2_GTGACGCGTTGTGGCC,CD14+ Monocyte
L4_TCCACCAAGCTTACGT,CD8+ Cytotoxic T cell
E2L2_CCCTCAATCCTTCTAA,B cell
L2_GCTTTCGAGTTGGAGC,CD14+ Monocyte
E2L7_TGTGATGCATGGTGGA,CD8+ Cytotoxic T cell
E2L3_ATATCCTCAAATTGCC,MAIT cell
E2L1_TGGAGAGAGGTCACAG,B cell
E2L8_ATCGCCTCAAGTACCT,CD14+ Monocyte
L1_CAGATACTCTAACGGT,CD8+ Cytotoxic T cell
E2L8_TTGGGTATCTCATTTG,B cell
L1_ATCACAGGTGTGTTTG,FCGR3A+ Monocyte
E2L4_CGGAACCCACTGTGAT,Conventional dendritic cell
E2L8_GGGATGACATAGCTGT,CD4+ Memory T cell
L5_TCACTCGGTAGTTCCA,CD4+ T cell
E2L5_TACCTCGAGTCATACC,CD14+ Monocyte
E2L7_ACATTTCCAAAGGCTG,B cell
L5_CTCCCAAAGTACAGAT,MAIT cell
E2L1_AGACACTGTAACTGCT,Proliferating T cell
L5_CGGAGAAAGAATCCCT,Hematopoietic progenitor cell
L5_AACCTGATCTGATGGT,NK cell
E2L3_CGGACACTCACGGTCG,NK cell
E2L6_GTCCTCAAGAGGGTAA,CD4+ Memory T cell
L4_GACATCACAAACACCT,CD8+ Cytotoxic T cell
E2L4_GTACAACGTCAATCTG,CD8+ Cytotoxic T cell
L4_ATGTCCCTCCGCAAAT,CD4+ Naive T cell
E2L5_CTTACCGCAGGAGACT,Conventional dendritic cell
E2L7_CAATACGTCTACGGGC,B cell
E2L7_GTAAGTCGTGAGTAGC,CD8+ Cytotoxic T cell
E2L1_GGAGGATAGGTCCCTG,CD8+ Cytotoxic T cell
L3_CGTGAATTCTTGCGCT,CD4+ Naive T cell
E2L5_TTGAGTGTCGCTGACG,NK cell
E2L4_TAACTTCTCAAGCGTT,FCGR3A+ Monocyte
E2L7_CACTGGGAGACTTCGT,B cell
L5_CAGCGTGGTCTACTGA,CD4+ T cell
E2L5_GGCTGTGTCGAGAACG,CD4+ T cell
L2_GGGAAGTTCTCATTAC,Plasmacytoid dendritic cell
L3_AACGTCACAACATCGT,FCGR3A+ Monocyte
L2_AACAAGACAGAGCGTA,Plasma cell
L3_CGTCAAAAGTAGATCA,Plasma cell
E2L6_GTAGAGGGTGGATCGA,B cell
E2L3_GGGAAGTGTAATGCGG,NK cell
E2L7_GTAATCGCAGAGCTAG,NK cell
L2_GTTAGACAGACCTCCG,CD4+ Naive T cell
L5_GAGAGGTCACCAGCTG,CD4+ Naive T cell
L5_TCGGGTGCACCCTTAC,CD4+ Memory T cell
E2L4_AATTCCTCAACGACTT,CD8+ Cytotoxic T cell
E2L4_GTTGCTCCACACCAGC,NK cell
E2L3_CATAGACCACTGTGAT,NK cell
E2L4_CGGGTCAAGGAACTCG,B cell
E2L1_ACGTTCCGTCAAGCCC,NK cell
L5_ACAGAAACAGGACTTT,CD4+ Naive T cell
L3_ACCCTCAGTCCGTTTC,CD4+ Naive T cell
L5_GCTACCTTCGTTAGAC,CD4+ Naive T cell
L2_TTCGGTCCACAATTCG,CD4+ T cell
E2L3_AGTGACTGTGGCTAGA,NK cell
L1_TCTTAGTAGGGATGTC,FCGR3A+ Monocyte
E2L4_TGGCGTGTCGTTGTAG,B cell
L3_CCGCAAGCAAGGTCTT,CD4+ Naive T cell
E2L5_ACCAACAGTGGCTTGC,B cell
L1_TTCCGTGGTCGTCAGC,Hematopoietic progenitor cell
E2L7_GCCAGGTTCGTCCTCA,B cell
L5_AAGCATCAGCTTTGTG,Conventional dendritic cell
E2L1_GGAACCCCAAGGTCAG,CD4+ Memory T cell
L1_TGCCGAGGTCGGATTT,Hematopoietic progenitor cell
L3_CTGCAGGAGCTAAATG,CD4+ Memory T cell
E2L6_GAAATGAGTGGGCTTC,NK cell
L1_CAAGCTAGTGCATGTT,MAIT cell
L1_GGGCTCACACTACCCT,CD4+ Memory T cell
E2L4_GAGAGGTAGGTCCGAA,B cell
E2L7_TGACCCTGTGGACTGA,CD4+ Naive T cell
E2L7_TTACGCCTCTGGGTCG,MAIT cell
E2L5_TTCACCGAGGATTTCC,CD14+ Monocyte
E2L4_AGACACTCACAACGTT,Conventional dendritic cell
E2L2_CGGGTGTAGAACTGAT,Conventional dendritic cell
E2L8_CACCGTTAGACTCTAC,Proliferating T cell
E2L8_GGGAAGTCAGGTTTAC,NK cell
E2L7_TGTCAGATCACGACTA,FCGR3A+ Monocyte
E2L5_TATCTTGCACTGGAAG,CD4+ Memory T cell
L4_TATTGCTCAGACAAAT,CD4+ Naive T cell
L3_TAGGGTTTCATGCCCT,Hematopoietic progenitor cell
E2L5_CGGAATTTCCGTGTCT,B cell
L2_CGAGTTATCAGGAACG,CD4+ Naive T cell
L2_AGACAAACAGTGGGTA,Conventional dendritic cell
L2_TGAGTCAGTGATACCT,Hematopoietic progenitor cell
E2L2_CTCGAGGCAAAGCAAT,NK cell
L1_AGTTCCCAGCAGCCTC,CD4+ T cell
E2L6_TAGATCGAGACGCCCT,Plasmacytoid dendritic cell
L5_CTCTCAGCAGCTCGGT,CD4+ Naive T cell
E2L8_TATTTCGAGAGGGTGG,CD8+ Cytotoxic T cell
E2L5_CAGGCCAGTCCGTTTC,CD4+ Naive T cell
L1_CGAGTGCGTAGGCTCC,MAIT cell
E2L4_AGACCATAGACGCCAA,NK cell
L2_AAGCCATTCTCCCATG,CD4+ Naive T cell
L1_CTGCTCAAGCTTTCCC,CD4+ Naive T cell
L3_AGCGATTCAAGTGCTT,CD4+ Naive T cell
L1_ACACTGAAGCAGGGAG,CD4+ T cell
E2L6_CGTTCTGGTTCGGACC,Plasmacytoid dendritic cell
L5_GATGACTTCAAGTGGG,CD8+ Cytotoxic T cell
E2L3_TTCTAACAGTTTGGCT,CD8+ Cytotoxic T cell
E2L6_GGTAATCCACCGGAAA,B cell
L1_GAAGTAACACTAGTAC,Platelet
