barcode,cell_type
L3_ACCGTTCCACATATGC,Cycling lymphocyte
E2L7_GACCAATCAGAGCTAG,Non-classical monocyte
E2L2_TCCGAAAAGAAGCTGC,Platelet
E2L4_TAATCTCGTAGAGATT,Conventional dendritic cell
L5_TATTGCTTCGCTAATG,CD161+ memory T cell
E2L3_GTAGATCCAACCGACC,Non-classical monocyte
L3_TCCGATCGTGTTTACG,Erythrocyte
L3_TTAGGCACACACCTGG,Memory CD4 T cell
E2L4_TCGATTTTCTGCTTAT,Memory B cell
E2L5_CGGGTGTTCAACTGAC,Memory CD4 T cell
L2_CAGCACGTCGAGTCTA,Naive CD4 T cell
E2L6_GACTGATTCCGTAGGC,Cycling lymphocyte
L1_TTAGTCTCATCAGCTA,Memory CD4 T cell
L1_CTAGGTAGTAGATGTA,Plasmacytoid dendritic cell
E2L1_TGACGCGGTTAAGACA,Naive B cell
E2L5_CAGCAGCTCAAGTTGC,Naive CD4 T cell
L2_CGTAGTATCGCAGATT,Cycling lymphocyte
L5_CTTGATTTCAGCTAGT,Conventional dendritic cell 1
L1_AGAACAAAGGAACGCT,Naive CD8 T cell
E2L1_CGAGGCTTCTGCGGAC,CD161+ memory T cell
L4_GGGTCACTCGATAACC,Memory CD4 T cell
E2L6_GATTTCTGTGAATGAT,Memory B cell
L1_GTTCCGTGTACCGGAA,Cycling lymphocyte
L2_TGGGAGAGTTCGTGCG,CD34+ hematopoietic progenitor
E2L1_CTCATTAAGGTCATCT,Classical monocyte
E2L6_CCCTCTCTCGACCACG,Naive B cell
L5_TACGTCCAGAGAGCCT,Conventional dendritic cell 1
E2L5_AAAGGATCACTCCTGT,CD161+ memory T cell
L1_ACCCTCAAGGTCCAGA,Cytotoxic T cell
E2L1_GTAACCATCACGGACC,CD161+ memory T cell
L1_GTAGTACTCTTCTAAC,Naive CD8 T cell
L2_TATCCTATCCCTGGTT,Conventional dendritic cell 1
E2L1_ATTGTTCAGTATTCCG,Conventional dendritic cell
E2L6_ATCGCCTAGGCTCAAG,Platelet
L2_TCCTCCCTCCGCGATG,Cycling lymphocyte
E2L2_ACGGAAGAGATGTTGA,Naive CD4 T cell
L5_GATGTTGGTACGAGTG,Low-quality cell
L5_ATCCATTTCACAAGGG,Non-classical monocyte
L4_GATTCGAGTAGTCTGT,Naive CD8 T cell
E2L2_TATCTGTCACCGTGGT,Naive CD4 T cell
E2L6_AGGGTTTCACAGGATG,Cytotoxic T cell
L5_TCTTAGTCATATCTGG,CD161+ memory T cell
E2L5_CAGATACAGCCTGAGA,Naive CD4 T cell
E2L5_CAACAGTTCGGACTGC,Cycling lymphocyte
E2L8_GGCGTCAGTACCTTCC,Cytotoxic T cell
L2_AACAACCGTAGACGTG,Gamma delta T cell
L3_GCACGGTGTCGACTGC,Naive CD4 T cell
E2L5_AGGTCTATCAGTGTGT,Conventional dendritic cell
E2L4_CTGCCTAGTACCTAGT,Platelet
L2_GAGCTGCGTCGAGCAA,Cytotoxic T cell
L5_ATCATTCAGAAGGGAT,Naive CD8 T cell
E2L8_TAAGCCACACACCTGG,Plasmacytoid dendritic cell
E2L4_TAACGACCAAGCTCTA,Gamma delta T cell
E2L8_TCATTGTTCGTTGCCT,Gamma delta T cell
E2L7_CTACCTGAGTCGCGAA,Non-classical monocyte
E2L2_TAGGGTTAGCACTAAA,Classical monocyte
L2_TGGTACAGTGTATCCA,CD34+ hematopoietic progenitor
L4_GGAACCCAGCTCCACG,Natural killer cell
E2L6_CTCGAGGTCTAAGCCA,Non-classical monocyte
L5_TCGCTTGTCTTACCGC,Conventional dendritic cell
L3_CGTAATGAGTACTGTC,Natural killer cell
E2L4_TTGGTTTAGTATGGAT,Conventional dendritic cell 1
E2L3_AGGTCATAGCATCAAA,Naive CD8 T cell
L4_TCTGGCTCATAATGCC,Naive CD4 T cell
E2L1_TGACGCGTCCACACAA,Cytotoxic T cell
E2L3_CTCTCGAGTCCTTAAG,Cytotoxic T cell
E2L6_CCGTAGGAGGCAGGGA,CD161+ memory T cell
E2L2_AAAGTGAGTCTGTGAT,Cycling lymphocyte
L1_GATCACATCAAGGAGC,Naive CD4 T cell
E2L3_GAGTTACTCACATCAG,Plasma cell
E2L4_ATGCCTCGTTCGGCGT,Cytotoxic T cell
E2L8_GTACAGTGTAGCACAG,Cycling lymphocyte
E2L8_ACTGTCCAGCTATCTG,Cytotoxic T cell
L5_AGGATCTAGATCACTC,Cycling lymphocyte
L1_GGGATCCTCCCTCTCC,Naive CD4 T cell
E2L3_AGGATAAAGCGACTGA,Plasmacytoid dendritic cell
E2L4_GGAATCTGTCGTCTCT,Low-quality cell
L5_CACAACATCGTGCGAC,Conventional dendritic cell 1
L5_CTACCCAAGCGTGCTC,Naive B cell
E2L5_GTTTACTTCTCACTCG,Conventional dendritic cell
E2L7_ACCCTTGGTGCTTCAA,Cycling lymphocyte
L1_CGTTAGATCTGGTGGC,Naive CD8 T cell
E2L4_CGTCCATCATCCGGTG,Cytotoxic T cell
E2L1_TCCGGGAAGTCATGCT,Plasma cell
E2L4_TGAGACTAGAATTTGG,Naive B cell
E2L1_ATCTCTAAGCACACCC,Gamma delta T cell
L2_TGTTTGTTCACTTCTA,CD161+ memory T cell
E2L7_AGCTCAACACACAGAG,CD161+ memory T cell
L5_CTCCGATGTAGAGTTA,Erythrocyte
L5_GCTGAATCATGATGCT,CD161+ memory T cell
E2L2_CAGGCCATCTATTTCG,Memory CD4 T cell
E2L3_GTGCACGCAGTTTCAG,Cytotoxic T cell
E2L7_TCATTCAAGGACGGAG,Naive CD4 T cell
E2L2_TGAGGTTAGTGTTGTC,Non-classical monocyte
E2L3_GTAGCTACATCAGTCA,Low-quality cell
L1_AGGAAATTCCACGTCT,Naive CD4 T cell
L3_AATCGACTCCGATAAC,Naive CD4 T cell
E2L3_CTTCTAACACAATTCG,Cycling lymphocyte
L3_CATAAGCAGAGGGTGG,Naive CD4 T cell
L1_TCATCCGAGTATCTGC,Naive CD8 T cell
E2L7_CACGTGGTCTCTGGTC,Platelet
E2L1_TCTCACGTCATTTACC,Natural killer cell
L2_CCTATCGGTATCTCTT,Erythrocyte
E2L1_CGTGATAAGGATTCCT,Memory B cell
L4_TAAGCACAGGCAGGGA,Naive B cell
L5_CACTGAAGTTCGTTCC,Naive B cell
E2L3_TTTGACTCAAGAGGCT,Low-quality cell
L3_TCAATCTTCGTGGCGT,CD34+ hematopoietic progenitor
E2L2_GCATCGGCAGGGTCTC,Naive B cell
L5_AGGGTCCCAGACGGAT,Naive CD4 T cell
L2_CCAATGATCATCGCTC,Non-classical monocyte
L5_TCGATTTCAAATTAGG,Plasma cell
E2L4_TAAGCCACAAGAGATT,Memory B cell
L5_TGTAACGAGATGGGCT,GZMK+ memory T cell
E2L6_GCGATCGCAATACGCT,Natural killer cell
L4_CTACCCACAGAGAGGG,Cytotoxic T cell
E2L3_TCGGTCTGTCGCTCGA,Cycling lymphocyte
L4_ATGGGAGCATCTGGGC,Naive CD4 T cell
L4_AGTCACAGTGTTCGAT,Cycling lymphocyte
L4_ACTGATGGTAAGATCA,Naive B cell
L1_TGTAGACGTAGTGCGA,Naive CD8 T cell
E2L8_AGGTGTTCAACTACGT,Memory CD4 T cell
E2L2_ATGAGTCTCTTCGACC,Classical monocyte
E2L8_CTGTAGACAGATAAAC,Memory CD4 T cell
E2L2_GGGTCTGAGAATCGCG,Cytotoxic T cell
E2L6_GGTCTGGAGTAGTCTC,Naive CD4 T cell
E2L4_AGCTCAATCTGTCGTC,Memory CD4 T cell
E2L2_AGAGAATTCATGGATC,Memory B cell
E2L7_CTCAACCAGCCATGCC,Cycling lymphocyte
E2L3_CTCGAGGTCGCTAAAC,Cytotoxic T cell
E2L5_GAGGCAAGTACTCGCG,Low-quality cell
L5_ACACAGTTCACGGTCG,Cytotoxic T cell
L3_CTCCGATCAGGACGAT,Erythrocyte
E2L5_TGCTTCGCACAACGTT,Cytotoxic T cell
L3_ATCGTGAAGTCAAGCG,CD34+ hematopoietic progenitor
E2L4_ATTCGTTGTGGACTAG,Platelet
E2L7_AGGGTCCGTCACTTAG,Naive CD8 T cell
E2L2_GTTGAACCACCGTACG,Natural killer cell
E2L4_AGTAACCAGAGTCTTC,Memory B cell
L2_TACTGCCTCATAGACC,Conventional dendritic cell
L3_TGTCCACTCTGGGCCA,Plasma cell
E2L7_CACTGAATCCATAAGC,Naive CD4 T cell
L4_TGTTTGTCAGTCAACT,Memory B cell
E2L5_TACTTGTCATGGGATG,Non-classical monocyte
E2L6_ATTCGTTAGAACTCCT,Plasma cell
L2_GCAGGCTTCAGCCTCT,Naive CD4 T cell
L4_TCGATTTCATGACACT,Naive CD4 T cell
E2L2_GTCTGTCAGTTACGAA,Memory CD4 T cell
E2L7_CACACAACACTGGATT,Plasmacytoid dendritic cell
E2L7_TTTCACATCGCCTTTG,Natural killer cell
L5_AGGTTGTCATGCACTA,Naive CD4 T cell
E2L2_GGAACCCGTTCTCCCA,Natural killer cell
L1_ACTTATCTCGCCTTTG,Platelet
E2L3_CGTTGGGCAGCGTTGC,Low-quality cell
L1_TCGGATAAGGCTTAAA,Cycling lymphocyte
E2L6_TTGTTCAGTTATGTCG,Platelet
E2L3_GTAACACAGGGAACAA,Naive CD4 T cell
L2_GTTGTGAAGCATATGA,Naive CD8 T cell
E2L5_TTCATGTTCCGAGTGC,Non-classical monocyte
L4_ATAGAGACAGGAGGAG,Cytotoxic T cell
L1_ATTTCACTCACAAGGG,Cycling lymphocyte
E2L7_GCCCGAACACAGTATC,Natural killer cell
L4_TTGACCCCAAGTTTGC,Plasma cell
L1_CAGCCAGGTTGTGTTG,Naive CD8 T cell
E2L6_ACACCAATCTCAGTCC,Plasmacytoid dendritic cell
L4_CCGAACGAGTCATTGC,Plasma cell
L5_CTCCAACGTTATCTGG,Memory CD4 T cell
L1_GTTACCCTCAGGACGA,Conventional dendritic cell
E2L1_GCAGTTACAAGGCAAC,Memory B cell
L3_ATCACAGCATTGAGCT,Cycling lymphocyte
L4_CACATGAAGACATCAA,CD34+ hematopoietic progenitor
E2L8_TAGTGCAAGCGTACAG,Low-quality cell
E2L6_TCGGGTGTCCATATGG,Cytotoxic T cell
E2L8_TTTACCAAGTTTCAGC,Cytotoxic T cell
E2L3_GGAGAACTCTGAGATC,Memory B cell
E2L3_TGCGACGGTCTTCCGT,GZMK+ memory T cell
E2L4_TATGTTCCATTCCTAT,Memory B cell
E2L4_ACGATCAAGGCAGTCA,CD161+ memory T cell
L2_GTTTACTGTCTCGGAC,Cytotoxic T cell
E2L1_CGCGTGAGTCTCAGAT,Naive B cell
L1_GTGAGGAAGGAATCGC,Natural killer cell
E2L6_TGAGTCACACGTCATA,Memory B cell
E2L3_GCCCGAACAGGCCCTA,CD161+ memory T cell
L3_CGTGTCTTCGGTCATA,CD161+ memory T cell
L2_AGTAGTCAGTGCCCGT,GZMK+ memory T cell
E2L5_CCTCTCCGTACAGTCT,Classical monocyte
E2L2_CACTTCGGTTGCCGAC,Conventional dendritic cell 1
L3_CGTGAATAGTGGTGAC,Natural killer cell
E2L2_CTAACTTGTTGTGCAT,Low-quality cell
L1_AGCGCTGTCTAGTGTG,Cycling lymphocyte
E2L3_CAATGACAGGCATTTC,Cycling lymphocyte
L3_ACATCGAAGCATATGA,Natural killer cell
L1_TTCCGGTTCAAGAGTA,Cytotoxic T cell
L4_CAGTTAGAGCGCCATC,Naive CD4 T cell
L3_CTGGACGAGGTTGAGC,Naive CD4 T cell
L3_CACGGGTCAGCTGAGA,Naive CD4 T cell
E2L1_GTCGCGAAGTAATTGG,Plasma cell
E2L8_TGGTACACAAGCCTGC,Cycling lymphocyte
E2L1_CCACGTTCATTACTCT,Non-classical monocyte
E2L8_ACGGAAGTCCGTGTAA,Cytotoxic T cell
L2_TCAAGTGCATGCGGTC,Cytotoxic T cell
E2L5_GCTGCAGTCTTACCGC,Low-quality cell
E2L2_ATTCTTGGTTTACTTC,Low-quality cell
L1_AGGAGGTAGGGCCTCT,Memory B cell
E2L5_GTCTACCAGTGGTGAC,Naive CD4 T cell
L1_CTGCCTACAAGCGATG,Plasmacytoid dendritic cell
L4_TTGTGGACACGCGTCA,Naive CD4 T cell
E2L3_TTGGGATGTCATAGTC,CD161+ memory T cell
L4_TGAGCATGTATGGAGC,Naive CD4 T cell
E2L5_TCGGGCAAGCGACTAG,Naive B cell
E2L3_TAGGTTGCACATGGTT,Platelet
E2L5_GGGTCACCAGCAGACA,Plasmacytoid dendritic cell
E2L7_CCTTTGGGTCACCGAC,Naive CD4 T cell
E2L6_AAACGCTCAAATGATG,Non-classical monocyte
E2L8_CCCTCTCAGTGGCCTC,Natural killer cell
E2L2_AGGACTTAGCGCCTTG,Memory B cell
E2L2_AGGTTACAGGGTCACA,Natural killer cell
E2L4_TCATTGTGTCCTTTGC,Naive CD4 T cell
L1_CCCAACTTCATTGAGC,Cytotoxic T cell
E2L1_TATCGCCGTGATGAAT,Naive CD4 T cell
E2L3_AATGGAAGTCGAGATG,Cycling lymphocyte
E2L6_ACATGCACACTCTAGA,Memory B cell
E2L1_CTTACCGTCATATGGC,Naive CD4 T cell
E2L4_TCGTCCAAGCGATGGT,Conventional dendritic cell
E2L2_TCCACCAAGTGTTCCA,GZMK+ memory T cell
E2L2_ACACCAACATGACAGG,Platelet
L1_TAGTGCAGTGTCCAAT,Naive CD8 T cell
E2L8_ACTATCTAGAAACCCG,Memory CD4 T cell
L4_TGACAGTGTGATAGAT,Non-classical monocyte
L1_GCCAGGTGTCTTTCAT,Cytotoxic T cell
E2L7_AAATGGACAAATCAGA,Classical monocyte
L3_TCCACGTGTGGGAGAG,Plasma cell
E2L2_TGCACGGTCAGTCAGT,Memory CD4 T cell
E2L4_GTTATGGCAAGAAACT,Memory B cell
L1_AGACCCGTCCGTATAG,Cytotoxic T cell
L2_GTGGAAGGTGGATCAG,Memory CD4 T cell
L2_TATTTCGGTGCAGTGA,Memory B cell
E2L7_CCGCAAGAGTAAGACT,Cycling lymphocyte
L3_TGGTGATTCTCATGCC,Memory CD4 T cell
E2L6_TACAGGTTCCGCACTT,Classical monocyte
L5_TGAGGAGGTTCTCGCT,Natural killer cell
L1_TTAGGCACATCGTGCG,Plasmacytoid dendritic cell
L4_TGCACGGTCCTACGGG,Memory CD4 T cell
E2L5_CGCAGGTGTCTGCGCA,Non-classical monocyte
L1_ACTATTCTCTAAGGAA,Memory CD4 T cell
E2L8_ACATGCAGTCGAAACG,Natural killer cell
L1_CTGTATTGTATCCCAA,Conventional dendritic cell 1
L1_GTAGGTTAGGAAAGGT,Gamma delta T cell
L2_GGGCCATCATGGAGAC,Cytotoxic T cell
E2L3_AGGGAGTAGGTCGCCT,Natural killer cell
L5_GGGTGAACATATTCGG,Natural killer cell
E2L7_TGATGGTTCACGGTCG,Natural killer cell
E2L6_TAAGTCGAGGGCAATC,Natural killer cell
E2L4_GGCTGTGAGCAGGTCA,Naive B cell
E2L6_TACGGGCTCACGACTA,Classical monocyte
E2L4_CTACATTAGGGATCAC,Cycling lymphocyte
L1_GGGTCACCACCTGCTT,Memory CD4 T cell
E2L6_AGTGATCCAGGTCAGA,Non-classical monocyte
E2L7_GTCACGGCAGGGATAC,Plasmacytoid dendritic cell
E2L7_TCGATTTGTGCCTTCT,Conventional dendritic cell
L4_CACTGTCAGAGATGCC,Naive CD8 T cell
E2L5_CACGTGGAGGAAAGGT,Conventional dendritic cell 1
L1_ACCAAACCAACTGGTT,Cytotoxic T cell
L2_CCACGTTCAAGTATCC,Memory CD4 T cell
E2L3_AGGAAATAGACATCAA,Cytotoxic T cell
E2L1_GCCATTCCACCAACAT,Naive CD4 T cell
L3_CCTGTTGGTTCTCCCA,Plasma cell
L3_TCGCACTGTAGTCCTA,Memory CD4 T cell
L2_TGTCAGAGTGGGACAT,Naive CD4 T cell
E2L4_ACTATTCTCCGCCTAT,Plasmacytoid dendritic cell
E2L2_TCCCATGAGGCCCACT,Naive B cell
L2_TACTTCAAGCTGTTAC,CD34+ hematopoietic progenitor
E2L1_CCTCAGTGTCGTATTG,Classical monocyte
L1_GTTTACTGTTTACCTT,Non-classical monocyte
L3_CAAGAGGTCGACTCCT,Conventional dendritic cell
E2L3_TCGGTCTTCGCAGAGA,Naive CD8 T cell
E2L8_GTAGAGGAGTCATGGG,Naive B cell
E2L5_ATTCATCCAGGCGAAT,Conventional dendritic cell 1
E2L2_TTACCGCGTTCTAACG,Conventional dendritic cell
L5_TCATGGACAGTAACCT,Non-classical monocyte
L4_GATCACATCGCGTAGC,Naive B cell
E2L3_TTTGTTGAGGATACGC,Cycling lymphocyte
L1_GCGATCGAGGCACTAG,Plasma cell
L1_TCACGCTAGCATCGAG,CD34+ hematopoietic progenitor
E2L2_TTCCTCTTCGGACTGC,Naive CD8 T cell
L4_TCGAAGTAGACCATTC,Conventional dendritic cell
E2L6_TGCTGAAGTTGCCGAC,Memory CD4 T cell
E2L8_GGTAACTAGAGCCGTA,Memory CD4 T cell
E2L5_GTCCTCACAAGCGGAT,Memory CD4 T cell
E2L6_GGAGATGTCTGCACCT,CD161+ memory T cell
E2L5_AAGGAATTCTGAGCAT,Conventional dendritic cell 1
E2L8_GATGACTTCTAGTACG,Classical monocyte
L5_GGGAGATAGTGGAAAG,CD161+ memory T cell
L1_AGAAGTACATGTCTAG,Plasmacytoid dendritic cell
L2_TGATTTCAGTGAGGCT,Natural killer cell
E2L5_AATTTCCAGGAACGTC,Naive CD4 T cell
E2L6_GTGTGATTCGCTCCTA,Gamma delta T cell
E2L2_TGTCCACGTGAATATG,Memory B cell
L5_TGAGGTTGTGTTGAGG,Conventional dendritic cell
E2L8_GCACATAAGTCATCCA,Classical monocyte
L5_TCCTAATAGTAAGCAT,Plasma cell
L5_CTTACCGAGGAAGTCC,Naive CD4 T cell
E2L5_TCGATTTGTGTAACGG,Cytotoxic T cell
E2L7_CAACAGTAGTAAACAC,Low-quality cell
E2L1_TAGAGTCTCCTTCGAC,Natural killer cell
L4_CTGTGGGCACAACATC,Memory CD4 T cell
E2L1_CACAGGCCACGACTAT,Plasmacytoid dendritic cell
E2L7_TTACCATCAATGCTCA,Natural killer cell
L1_TCGACGGCACAGACGA,Naive CD4 T cell
E2L7_GGTTGTATCCGATTAG,Naive CD4 T cell
L3_AGCTTCCAGAAACCAT,Naive CD4 T cell
E2L2_CTCCATGCATTACGGT,Memory B cell
E2L7_ACCAACATCCATATGG,Plasma cell
E2L7_GTCTCACAGACGCCAA,CD161+ memory T cell
E2L3_CTCAGAATCGTTAGTG,Naive CD4 T cell
E2L4_GGATCTATCTCGCAGG,Memory B cell
E2L5_GCACATAAGCGGGTAT,Natural killer cell
L5_GATGCTAAGAGTCACG,Naive CD4 T cell
L4_CTCCCTCCAACTTCTT,Naive CD4 T cell
L4_CCTCTCCAGGTCATCT,Naive CD8 T cell
E2L7_GAGGCAACAAATTGCC,Plasma cell
E2L4_GACGCTGTCAGCCCAG,Cytotoxic T cell
E2L5_TTCCTAACATATCTGG,Non-classical monocyte
E2L6_ATAGAGAAGCCGTCGT,Memory CD4 T cell
L1_TGCAGTACATCCGCGA,Cycling lymphocyte
E2L2_CAACAACTCGTCAGAT,Conventional dendritic cell
E2L1_CCTGTTGTCCGTGGTG,Natural killer cell
L4_GTGTAACGTGTCTTCC,Conventional dendritic cell 1
E2L6_TCGTGGGAGTTTAGGA,Plasma cell
L3_ACAACCAGTTTCCCAC,Memory CD4 T cell
L3_TATCTTGAGGTTCAGG,Conventional dendritic cell
L5_CCGTTCAAGCATCAAA,CD161+ memory T cell
L4_GAAGGGTTCCGTGTAA,Memory CD4 T cell
E2L5_ATCCACCGTTCTCGTC,Plasma cell
E2L4_CGAAGTTGTCGGATTT,Conventional dendritic cell
E2L2_ACGGAAGAGACTCAAA,Naive CD4 T cell
E2L2_ACTATTCGTCAGTCCG,Naive B cell
L5_AACCCAATCTAGACCA,Plasma cell
L2_TGACTCCTCGACTCCT,Naive CD4 T cell
E2L4_TGCAGTAGTACCCAGC,Naive B cell
E2L4_CCGATGGAGGGATCTG,Natural killer cell
E2L8_TTACCATAGTCCCTAA,Memory B cell
E2L7_TGGTTAGAGCTAGAAT,Conventional dendritic cell 1
L2_GACCCTTGTGGAATGC,Classical monocyte
L3_ACACGCGCACGACAGA,Classical monocyte
L2_CCTGCATGTTCAGCGC,Non-classical monocyte
L3_ATCACTTAGCCGAACA,CD161+ memory T cell
L1_ACAACCATCAGATTGC,Naive CD4 T cell
E2L6_TGTTCATAGTCCCTAA,Non-classical monocyte
E2L4_CCAATGAGTTATCTTC,Conventional dendritic cell
L1_CTACATTGTATGCTAC,Non-classical monocyte
L4_AACCTTTTCAGCACCG,Naive B cell
E2L7_CATGCGGGTAGCACAG,Classical monocyte
L3_TCCTGCAAGGCCACCT,Plasma cell
L4_CGTGTCTCATTCACCC,Memory B cell
E2L3_GTTTACTAGGATACGC,Naive B cell
L2_CAAGACTTCTTCTGGC,Cycling lymphocyte
E2L7_GAAGCGACACTCCACT,Memory CD4 T cell
L4_AAATGGAGTTCAATCG,Naive CD4 T cell
E2L4_GATTCTTGTAACGGTG,Conventional dendritic cell
E2L8_TTGGGCGTCCGAAATC,Naive CD4 T cell
L1_ATACCGAGTCGACTGC,Non-classical monocyte
E2L3_AGAGAATCATACTGTG,Platelet
E2L8_CTCCCTCGTGCGACAA,Natural killer cell
L3_AGGAGGTCATGGCGCT,Cytotoxic T cell
L5_TCGCAGGCAAGCACCC,Plasma cell
E2L5_CCTCCAAGTAACACCT,Classical monocyte
E2L6_CACCAAATCCTCTAAT,Memory CD4 T cell
L2_GGAACCCAGGCAGGGA,Platelet
L5_AATGGAAAGTCATACC,Non-classical monocyte
E2L3_CACGTTCTCTGCTGAA,Gamma delta T cell
L5_ATCGGATAGTAGCATA,Cytotoxic T cell
E2L8_AGAGCAGAGTTGTCGT,Erythrocyte
E2L1_TACCTGCGTGAGCAGT,Plasma cell
E2L6_ATCGGATTCAGTCCGG,Memory B cell
E2L2_CCTACGTGTCAACACT,Memory CD4 T cell
E2L2_ATAGGCTTCCCTCATG,Cycling lymphocyte
E2L2_AATTCCTCACCTCTAC,CD161+ memory T cell
E2L1_GGGAAGTCACAGCCAC,Cycling lymphocyte
E2L4_CGAAGGACAGAACGCA,CD161+ memory T cell
E2L1_TTCTGTAGTAGTCGGA,Classical monocyte
L4_AGTACCACAAATGAAC,CD161+ memory T cell
E2L1_TGGGAGATCAGCAATC,Naive B cell
L1_CGGAATTCACAACGAG,Naive B cell
L2_ATAGGCTTCGGCAGTC,Naive B cell
L2_GATGAGGCAGGCGAAT,Naive CD8 T cell
E2L6_TCTCAGCGTCCAGAAG,Conventional dendritic cell
E2L3_CATGCAAGTACTGCGC,Classical monocyte
L5_CCCTCAAGTACAAAGT,CD34+ hematopoietic progenitor
E2L8_TTCCTCTTCCATCTGC,Plasmacytoid dendritic cell
E2L1_ATCACGACACGCGTCA,Memory CD4 T cell
L3_AGTACTGCACCAGCTG,Cycling lymphocyte
E2L3_GTCGTAATCATTTCCA,Classical monocyte
E2L2_GGCTTTCCAAGTTTGC,Platelet
E2L3_GGCGTCAAGCACCAGA,Memory CD4 T cell
E2L8_CACTGTCCATGTCTAG,CD34+ hematopoietic progenitor
L1_GAACGTTTCTGGTGGC,Classical monocyte
L3_AGCCACGCATTGACCA,Memory CD4 T cell
L3_GCCGATGTCCCATTCG,Naive CD4 T cell
L2_GTTTACTCAAATTGGA,Natural killer cell
L4_TATTTCGGTCCAGCAC,Naive CD4 T cell
L2_TCGGATAAGTTCGGTT,Naive CD4 T cell
E2L6_CGGGTCAAGAAGAGCA,Naive CD4 T cell
L5_AAGCATCGTTACCTGA,CD161+ memory T cell
E2L1_GCGTTTCAGTAGTCTC,Memory B cell
E2L6_TCATTGTAGCACCGAA,Cycling lymphocyte
L1_AACAGGGCATGCCATA,Conventional dendritic cell
E2L7_ACGGGTCGTACTCCCT,Memory CD4 T cell
E2L6_GGTTAACCAGTGGCTC,Cycling lymphocyte
E2L4_GTGAGTTAGGGATCAC,Memory B cell
L1_AGGGCTCAGGGCGAAG,Conventional dendritic cell 1
E2L7_AGGCATTGTGTACGCC,Naive CD4 T cell
L2_CGCAGGTGTGGACTAG,Cycling lymphocyte
E2L4_CAAGACTGTCTACGTA,Naive B cell
E2L6_TCAGCAATCAAGCTGT,Memory B cell
E2L4_GACTGATTCGCTGCGA,Cytotoxic T cell
E2L2_CGTAATGGTCTACGTA,CD34+ hematopoietic progenitor
L5_TTAATCCAGCCACAAG,CD161+ memory T cell
E2L4_GATGACTAGGCCTGCT,Non-classical monocyte
E2L4_CCTCCTCCACATGAAA,Classical monocyte
L4_GACCAATGTGCTGATT,Natural killer cell
E2L6_ATCGATGGTTCCTAAG,Conventional dendritic cell
L2_CTGGTCTAGATAGCAT,Memory CD4 T cell
E2L5_TGAGACTTCGGTAGGA,Low-quality cell
L1_TATCGCCGTTGGGTTT,Natural killer cell
L5_GTCCTCAAGCCTTTGA,Cytotoxic T cell
L1_TAGGAGGAGCTGTGCC,Naive CD4 T cell
L2_ATGAGGGGTTCTGAGT,Naive CD8 T cell
E2L5_TCCCAGTCAGGCTCTG,Classical monocyte
E2L2_CTCATCGCAGAGTCAG,GZMK+ memory T cell
E2L3_TTGGATGGTCCCGCAA,Natural killer cell
E2L1_ATAGAGACACAGTCAT,Platelet
L4_AAGGTAAAGGACAGCT,Non-classical monocyte
E2L3_CGCATAACAGTGGGTA,Memory B cell
E2L2_AGCGATTTCCTCACTG,Natural killer cell
E2L2_TGCCGAGTCGATCCCT,CD161+ memory T cell
E2L7_GGGTAGACAGCGTACC,Cytotoxic T cell
E2L7_TCATGGATCTATCCAT,Memory CD4 T cell
E2L8_ATGGATCCATGGGTCC,Cytotoxic T cell
L2_GGGCTCATCGTTATCT,Platelet
E2L1_GCACATATCCATTTGT,Naive B cell
L2_CTGTAGACACGACGCT,Natural killer cell
L1_TACCTGCTCCTGTAGA,Memory CD4 T cell
L1_GGGTGAATCTCATGGA,Naive CD4 T cell
E2L8_CTGAGCGGTTTACGTG,Gamma delta T cell
E2L7_AGGGCCTCATGGATCT,Naive B cell
L4_ATGAAAGAGGTCTTTG,Naive CD4 T cell
E2L6_CGCGTGACAATCACGT,Conventional dendritic cell
L5_CGAGTTACAGAGTGTG,Memory CD4 T cell
E2L8_ATGGTTGCAAGCGCTC,Low-quality cell
L3_CTCTCAGAGCTAAGTA,Memory CD4 T cell
L4_GTAACCAGTTCCACGG,Gamma delta T cell
L3_TACCCGTCAGTGGCTC,CD34+ hematopoietic progenitor
L5_GTTGTAGGTAGAGATT,Naive CD4 T cell
E2L3_TCGGTCTGTTGTGCCG,Cytotoxic T cell
L1_TGGAACTGTGGATGAC,Cytotoxic T cell
L5_CATCGCTTCAAACGAA,Naive CD4 T cell
E2L7_TGTACAGGTTGGCTAT,Gamma delta T cell
E2L7_CCAATTTAGCATGCGA,Classical monocyte
L5_GACTTCCTCTCGCCTA,CD34+ hematopoietic progenitor
L3_CCATCACCACAGTCAT,Erythrocyte
L5_TAGATCGCAGTATTCG,Naive CD8 T cell
L1_GGGTAGAAGAAGGATG,Memory CD4 T cell
L3_AACGGGACACTCTCGT,Non-classical monocyte
E2L5_CGTTAGAGTAGCACAG,Naive B cell
E2L7_GGCTTTCCATAAGATG,Naive CD4 T cell
E2L1_CCATAAGCAAATGAGT,Cytotoxic T cell
L3_ACAAAGATCGCAAGAG,CD34+ hematopoietic progenitor
L3_TAGAGTCTCCGCACGA,Cytotoxic T cell
E2L4_CTCCTTTTCACGGGAA,Plasmacytoid dendritic cell
E2L2_TTCCTCTAGGCACGAT,Cycling lymphocyte
E2L1_AATAGAGTCAGGACAG,Natural killer cell
E2L5_TGGGCTGTCATCGGGC,Memory B cell
E2L4_TACACCCTCTCGTCGT,Cytotoxic T cell
L2_AAACCCAAGTAACAGT,Cytotoxic T cell
L4_AGAGCCCAGGAAAGTG,Cycling lymphocyte
L4_CAATCGATCGCAACAT,Memory CD4 T cell
E2L2_TGGGCTGAGCCTAACT,Low-quality cell
L1_CAATACGGTTATGACC,Naive CD8 T cell
E2L7_ACACCAAAGACGCATG,Conventional dendritic cell 1
E2L3_TACATTCCATGGCGCT,Platelet
E2L6_AATTTCCTCGGAGTAG,Cytotoxic T cell
L1_TGATGCAGTTGTGTAC,Erythrocyte
E2L8_TGGGTTATCGTGGCGT,CD161+ memory T cell
L1_TTCCTAAGTTCCGCGA,Memory B cell
E2L3_GGAGGTAGTATAGGAT,Natural killer cell
L5_ACAAGCTTCCACCCTA,CD161+ memory T cell
L5_GAGATGGAGACAAGCC,Naive CD8 T cell
E2L8_GAGTCATGTCCGACGT,Cytotoxic T cell
E2L8_CTATAGGAGGCTTAGG,Naive CD8 T cell
L2_TGAGCGCTCTGCTAGA,Plasma cell
E2L2_CCTGTTGTCGGTATGT,Plasma cell
E2L2_AGTAGCTAGTAACGTA,Memory CD4 T cell
E2L6_TGTGAGTAGATTTGCC,CD161+ memory T cell
L5_CATTGTTAGACTACCT,Memory CD4 T cell
L2_TCCTTCTGTTCTCTAT,CD34+ hematopoietic progenitor
L5_TATATCCAGGTGCGAT,Naive CD4 T cell
L2_ACAGCCGGTGCCTACG,Naive CD4 T cell
E2L2_CTATCCGTCTTCCTAA,Naive CD8 T cell
L5_CATACTTAGAATGTTG,Cycling lymphocyte
E2L5_CCGGGTACAGCTTTCC,Cytotoxic T cell
E2L4_AAGACAAAGCGTGAAC,Naive B cell
E2L4_TTCCTCTGTCACCGCA,Memory CD4 T cell
E2L3_GGTAGAGGTACTTCCC,Conventional dendritic cell
E2L8_GAGACCCCATTGGATC,Memory CD4 T cell
L1_GGCTGTGAGGCTTCCG,GZMK+ memory T cell
E2L2_CTTTCAATCCTTTGAT,GZMK+ memory T cell
E2L1_TTCACCGGTGAACTAA,Plasmacytoid dendritic cell
L4_GTGTTAGTCCGGTTCT,CD161+ memory T cell
L4_ACTATGGGTCTGATCA,Naive CD4 T cell
L2_GTTTGGAGTAATACCC,Cycling lymphocyte
L4_TCAAGCATCAGTCATG,Erythrocyte
E2L2_AGAACCTCAGCTACAT,Natural killer cell
E2L6_ATGATCGTCTAGTGAC,Cycling lymphocyte
E2L6_GGTTGTATCGACCTAA,Memory B cell
E2L1_CACACAAGTTGCGAAG,Plasma cell
L5_TCCGAAAGTGCATGTT,Naive CD4 T cell
L3_TCATGCCAGACCAGAC,Naive CD8 T cell
L4_AGCTCAATCGAGGCAA,CD34+ hematopoietic progenitor
L3_TCCATCGTCCGTGGGT,Cytotoxic T cell
L3_CCCTCTCCAACCGTAT,Naive CD4 T cell
L4_ATCCATTTCTGGGCAC,Conventional dendritic cell
L5_AGACAGGTCATCGTAG,Naive CD4 T cell
E2L6_ACACTGATCATCCCGT,Cytotoxic T cell
L5_TGAGACTTCATGGGAG,CD34+ hematopoietic progenitor
E2L1_TCGGGTGCACGGTGAA,Naive CD8 T cell
L2_GCGGATCAGTGCGTCC,Cytotoxic T cell
E2L2_CTATCCGGTATGGTAA,Plasmacytoid dendritic cell
E2L1_GCCAGCACAGACAAGC,GZMK+ memory T cell
E2L6_ATCGATGAGCTAATGA,Conventional dendritic cell 1
L1_GTCCCATGTCTTTCTA,Conventional dendritic cell
E2L7_AGATGCTCAGCGTATT,Memory B cell
L2_AGACAAATCCATGAGT,Cycling lymphocyte
L4_GAGAGGTCAGAGGTTG,CD161+ memory T cell
E2L2_TCTGCCATCACCTCTG,Cytotoxic T cell
E2L2_GTGAGCCTCTTGGGCG,Cytotoxic T cell
E2L6_CTGAGGCTCTTACGTT,Memory CD4 T cell
E2L2_GTAACCAAGCATCAAA,Cytotoxic T cell
E2L7_AATGGAAGTTCGAAGG,Memory B cell
E2L6_TCCTAATGTGGTTTGT,Cytotoxic T cell
L1_AAGAACATCTTCTGTA,Memory CD4 T cell
E2L4_TCCACGTAGCCACAAG,Naive CD4 T cell
E2L3_CGAGGCTAGTTGCCTA,Natural killer cell
E2L3_AGGATAAGTTAGGCCC,Natural killer cell
E2L1_GGGTATTTCATTGCCC,Cycling lymphocyte
E2L6_GTAATGCTCAGTCCGG,Memory CD4 T cell
E2L2_CTATCCGAGGCATTTC,Plasma cell
E2L5_AACGGGAAGGGTCTTT,CD161+ memory T cell
E2L4_GGGAAGTGTGGGAGAG,Natural killer cell
L2_ATGATCGGTGCATTAC,Natural killer cell
E2L3_AGGAAATTCCCGTGAG,Cytotoxic T cell
L3_GGGCTCAAGAAGCGGG,Naive CD4 T cell
L1_GTTGTAGCACTGGATT,Conventional dendritic cell 1
L5_GTGCTGGGTTAGAGAT,Memory CD4 T cell
E2L5_CGAAGTTAGTACCCTA,Cytotoxic T cell
E2L5_GCCATTCGTGTAAACA,Memory CD4 T cell
E2L2_AGTACCAAGACCATTC,Conventional dendritic cell 1
E2L8_ACAGAAATCTATCACT,Cycling lymphocyte
L2_TCATCATGTCGATGCC,GZMK+ memory T cell
L4_ATGAGTCCAACATACC,Cycling lymphocyte
E2L8_GACTCTCCAATAGAGT,Naive B cell
L1_AAAGGATAGAGACAAG,Plasmacytoid dendritic cell
L4_GGCGTCAAGGCAGCTA,Memory B cell
L4_TAGGTACCAGGCGTTC,Conventional dendritic cell
E2L7_GTTGTAGTCAAGCCTA,Natural killer cell
L1_CAGTGCGCACGCGGTT,Naive CD8 T cell
L5_CTGTGAAAGGTTGCCC,Naive CD4 T cell
E2L2_AGAGAGCTCCGGTAGC,Plasmacytoid dendritic cell
L3_GGCAGTCGTCCAACGC,Conventional dendritic cell 1
E2L1_TTGAACGTCCACACAA,Cycling lymphocyte
L1_TTCACCGTCCCAATAG,CD161+ memory T cell
L2_TTGTTGTGTCTCACGG,Conventional dendritic cell
L5_TTCCTCTCATAGGTTC,CD34+ hematopoietic progenitor
E2L2_ACGGGTCGTCATCGCG,Naive CD4 T cell
E2L8_TGCGGCAAGAGTTGTA,Naive B cell
L1_GACTATGAGTGCACCC,Memory CD4 T cell
E2L6_TAACCAGTCAGTGTTG,Naive CD4 T cell
E2L8_CGAGGAAAGACTGTTC,Memory CD4 T cell
E2L8_ACAAAGACATCTCATT,Naive CD4 T cell
L1_GTCGAATAGCCTCCAG,Memory CD4 T cell
E2L5_TGTCCTGGTTGGAGAC,Erythrocyte
L4_TAACGACGTACCGTCG,Naive CD4 T cell
L3_GGTTCTCCATGGGCAA,CD34+ hematopoietic progenitor
E2L7_CAACAACAGTACAACA,Low-quality cell
L3_GGACGTCAGCTAAGTA,Conventional dendritic cell
E2L2_CGAGTGCTCTTGCAAG,Conventional dendritic cell
L4_CCGGTGACACACAGCC,CD34+ hematopoietic progenitor
L5_GCCCAGAAGTCCTGCG,Cytotoxic T cell
L2_CTAACTTAGGCACTAG,GZMK+ memory T cell
L4_ATCTCTATCTTGCAGA,Cytotoxic T cell
E2L8_CCTTTGGCAACGAGGT,Cycling lymphocyte
E2L7_GAGCTGCCAATGCAGG,Cycling lymphocyte
E2L3_CAACAGTTCGATTTCT,Natural killer cell
L4_GTGCTTCAGGGCGAGA,Naive CD8 T cell
E2L4_TATTCCACAACTGATC,Platelet
L2_GCTACAATCTCTAGGA,Naive CD4 T cell
E2L4_TTGCGTCTCACGATAC,Plasmacytoid dendritic cell
L1_CAGCAATCATGATGCT,Naive CD8 T cell
E2L7_CGGACACTCGTTGTGA,Cycling lymphocyte
L2_GCATTAGCAGCTACCG,Naive B cell
L2_CGAAGGACAGTTGAAA,Conventional dendritic cell
E2L2_TACTTGTGTACCTTCC,Memory B cell
E2L3_ATCACAGGTCAACACT,Memory CD4 T cell
E2L5_ACATCCCGTAGAATGT,Plasmacytoid dendritic cell
L4_CGCATGGCATCCGGCA,Naive CD4 T cell
L1_GTAATCGCAGACGCTC,CD161+ memory T cell
E2L4_GCCGTGATCCAAGCCG,Naive CD4 T cell
E2L3_GATGACTTCGTGGAAG,Cytotoxic T cell
E2L7_CCTCATGTCTATACTC,Cycling lymphocyte
E2L7_AAGCGAGTCTATGCCC,Cycling lymphocyte
E2L4_CAGCAATGTTTCGTAG,Memory B cell
E2L3_GAACGTTAGGTTCCGC,Classical monocyte
E2L2_GTATTTCAGAGTCCGA,Natural killer cell
E2L5_AGTGATCCAGAAATTG,Natural killer cell
L3_TTGCCTGTCGTTTACT,Naive CD4 T cell
L2_TTAATCCCATGACACT,Memory CD4 T cell
E2L5_TAGGTTGTCATTCTTG,Memory B cell
E2L5_ATCCATTTCTTTGATC,Plasma cell
E2L3_TCCGATCAGGCGAAGG,Memory B cell
L1_AAGACTCAGGCAGGGA,Naive CD4 T cell
E2L5_TTTGACTTCTTCTAAC,Memory CD4 T cell
E2L6_GTTACAGTCCATCACC,CD161+ memory T cell
L4_GGAGGTAGTCGTTTCC,Naive CD4 T cell
E2L6_TATCCTAGTTCGTTCC,Cytotoxic T cell
E2L6_TATTGGGCAGATACTC,Gamma delta T cell
E2L3_GCGTGCACAAACTAAG,Cytotoxic T cell
E2L8_GATTGGTCATAACGGG,Platelet
E2L1_CTTTCGGTCCATGCAA,Cytotoxic T cell
E2L3_GAGATGGGTCTGCCTT,Memory CD4 T cell
E2L8_GGTAACTGTGGCAACA,Natural killer cell
L1_TTACGTTTCCCATACC,Naive B cell
E2L4_TGTTACTGTTGCTCCT,Memory CD4 T cell
E2L6_CTCTGGTAGCTAATCC,Cycling lymphocyte
L3_CTGCGAGGTAGGTTTC,Memory B cell
L4_ATTTCTGTCTCCGTGT,Memory CD4 T cell
E2L2_AGATCCATCAGGACAG,Cytotoxic T cell
L1_GCAGCTGTCGAGAATA,Conventional dendritic cell
E2L4_GTGGAAGAGCCATCCG,Platelet
L1_AGGGTCCCAGCCCACA,Naive CD4 T cell
L5_GCAGTTAGTCTTTCAT,Cytotoxic T cell
E2L3_CTATCTACACCAGTTA,Memory B cell
L3_GTTAGTGCAGATTCGT,Conventional dendritic cell
E2L1_GTAACACCAACACGTT,Cycling lymphocyte
E2L3_TCTTCCTCAGCGGATA,Memory B cell
E2L6_GCATGATAGAGGCTGT,Cytotoxic T cell
L2_CCTACGTTCGCTGATA,Naive CD4 T cell
E2L4_CTCATCGAGCGTGAAC,Platelet
E2L7_ATGAAAGCAATCAAGA,Classical monocyte
L4_TGACTCCTCGTGCATA,Naive CD8 T cell
E2L7_TTACCGCGTCAAGTTC,Low-quality cell
L4_CTGAATGTCCGTGGCA,Naive CD8 T cell
L4_ACATGCAGTACCGTCG,Plasmacytoid dendritic cell
E2L6_TCCGATCCAATTCGTG,Cytotoxic T cell
E2L2_ACGTAACAGGTTGGTG,Memory B cell
L4_CACTGAAGTCGGTGAA,Cytotoxic T cell
L4_TGATTCTTCATCGTAG,Naive CD4 T cell
E2L8_GGGTATTCAATGACCT,Natural killer cell
L5_CGCATAAAGATACATG,Cycling lymphocyte
L5_CTGTATTTCTTGGATG,Memory CD4 T cell
L1_GAACACTCATAATGAG,Conventional dendritic cell
E2L2_AGGAGGTTCGGACAAG,Platelet
E2L7_AGGGCTCAGATACTGA,Gamma delta T cell
L5_GTATTTCAGTACAACA,Naive CD4 T cell
E2L6_ATTCGTTTCAACCGAT,Memory B cell
E2L8_TGGATGTTCATTGTGG,Conventional dendritic cell
L1_GAGAAATCATGTTTGG,Cycling lymphocyte
E2L5_CGGCAGTTCGATGCAT,Natural killer cell
E2L2_ATGTCTTAGAGAGCAA,Naive CD8 T cell
E2L4_GTCTGTCTCTCCTACG,Naive CD4 T cell
E2L8_ATGGAGGGTTCTCTCG,Naive B cell
L3_AAAGGGCGTGCAGATG,Naive CD4 T cell
L1_TTCCTAAAGGCAATGC,Naive CD4 T cell
L5_CTCCAACGTCACTAGT,Plasmacytoid dendritic cell
L1_CCTCTCCTCGCGATCG,Memory CD4 T cell
E2L3_ACGTCCTTCAACGCTA,Plasmacytoid dendritic cell
L1_AAAGGGCGTAGTAAGT,Cycling lymphocyte
L2_TTAGTCTTCACGGAGA,CD34+ hematopoietic progenitor
E2L8_TTGCGTCAGCTAATCC,Cytotoxic T cell
L2_ATCCACCGTGTAACGG,Erythrocyte
E2L5_TCGTAGAAGTCGAAAT,Gamma delta T cell
L5_TGTCCTGCACGGGCTT,GZMK+ memory T cell
E2L4_ATTGGGTGTCATAAAG,Cycling lymphocyte
E2L4_GACCCTTGTGCGTCGT,Memory B cell
E2L7_CGAGGAACAGCATTGT,Plasma cell
E2L7_CCTACGTTCGCTCTCA,GZMK+ memory T cell
E2L1_CACAACATCTTAATCC,Memory B cell
L1_CATAAGCTCACTTGTT,Naive CD4 T cell
E2L1_ATCCTATAGTCACTGT,Cytotoxic T cell
L5_TCCTCGAAGTCTACCA,CD34+ hematopoietic progenitor
L5_CGCCATTCAGCTAACT,Memory B cell
E2L6_ATGACCATCGCCAACG,Classical monocyte
E2L2_GCGTGCAGTCCAATCA,Cytotoxic T cell
L1_CGGTCAGCAGTATTCG,Cycling lymphocyte
E2L6_CTCAGGGCACGAGAAC,Memory B cell
E2L3_ACATGCAGTGAGCTCC,Memory CD4 T cell
L2_TAGCACAAGGCTAACG,Memory B cell
E2L1_CTCTCAGTCCAAGCTA,Plasma cell
E2L1_CTGTAGACACACCTAA,Cytotoxic T cell
E2L1_AGGCATTAGACGTCCC,Memory CD4 T cell
E2L5_TACGCTCGTGCAATAA,Gamma delta T cell
E2L8_ATCAGGTGTCTAGATC,Memory B cell
E2L1_GCCAACGGTCAAACGG,Memory B cell
L1_CAGCAATGTACCGCGT,Memory CD4 T cell
L5_AAGCCATGTAGAATGT,CD161+ memory T cell
E2L1_CCGTTCAGTGTATTCG,Plasmacytoid dendritic cell
L4_TCTTCCTAGTTGTAGA,Conventional dendritic cell
L2_CCGGTAGTCAAGGCTT,CD161+ memory T cell
E2L3_TTCGCTGCATGCTGCG,Naive CD4 T cell
L3_ACTCTCGGTCGTACAT,Naive CD4 T cell
L5_TCTTAGTCACCCTATC,Naive CD8 T cell
E2L8_GCGAGAATCACGGGCT,Natural killer cell
E2L5_TCAGCCTAGTGTACCT,Cytotoxic T cell
L4_GTAATCGCAGTTGTTG,Naive CD8 T cell
E2L5_CGGAACCGTCCGGTCA,Naive B cell
L2_GCAACCGTCCGTAGGC,Conventional dendritic cell
L4_TGCACGGGTCGCATGC,Platelet
E2L3_AATCGTGTCCGGACGT,Classical monocyte
E2L4_TCATTACAGTTGCCCG,Naive CD4 T cell
L1_CTTCTCTCACTGAGTT,Naive CD8 T cell
L5_GCTTCACGTGGCTCTG,Naive CD4 T cell
L3_TCATGTTTCGCTGTTC,CD161+ memory T cell
L4_GCGGATCTCGAGTGGA,Memory CD4 T cell
E2L1_CGATGGCGTGTTGACT,Gamma delta T cell
L1_TGCTGAAGTCTCGGAC,Naive CD4 T cell
E2L4_TTTAGTCGTCACTAGT,Memory B cell
L2_CTCGAGGCAAACCGGA,Naive CD8 T cell
L3_AGGGTCCCATGGACAG,Cycling lymphocyte
E2L6_TGAGCATAGTTCCAGT,Conventional dendritic cell
L3_CGAGTTATCAATCCAG,Memory CD4 T cell
L2_ACTATCTGTTCGGCGT,Plasma cell
L5_AACAACCTCGTTGTGA,Classical monocyte
L5_TATGTTCGTATTTCTC,Non-classical monocyte
E2L8_CCGGTAGTCCATTGGA,CD161+ memory T cell
L4_TGTTCATGTTTGTTGG,Non-classical monocyte
E2L5_TTTGGAGGTTGCTCAA,Memory B cell
E2L7_AGGGTCCAGTTAGTAG,Memory B cell
E2L7_TGGTTAGTCTGGGATT,Plasmacytoid dendritic cell
E2L4_GGGTATTTCCCAGGAC,Cytotoxic T cell
L4_TGATGCAGTCCTCCAT,CD34+ hematopoietic progenitor
L2_CCGATGGAGAGCATAT,Non-classical monocyte
E2L6_ATTCGTTAGCCAAGTG,Memory B cell
E2L5_CTCAAGATCGAACTCA,Naive CD4 T cell
L1_ACTCTCGGTCATGCAT,Natural killer cell
E2L5_CATGGTAGTCGCCACA,Memory B cell
E2L7_GCACGTGAGACCCTTA,Memory CD4 T cell
E2L2_GTAGAGGTCGGTGTTA,Platelet
E2L4_ATGGGTTGTACGTGTT,Memory CD4 T cell
E2L4_ATCCCTGGTTAAACAG,Memory CD4 T cell
L4_CATTCTACATGTGTCA,CD161+ memory T cell
L5_GTGAGCCGTGGTGATG,Naive B cell
E2L5_CTGATCCGTTTCCATT,Naive B cell
E2L6_CATCGCTCATGTGGCC,Cycling lymphocyte
E2L4_CATCAAGAGCGAACTG,Non-classical monocyte
L2_GTGAGCCGTATCACCA,CD161+ memory T cell
E2L8_ACGTAACCACATATCG,Memory B cell
E2L8_AATGAAGAGCAAATCA,Memory B cell
E2L4_CCGATGGAGGGTGAAA,Low-quality cell
L5_ACTCTCGAGGTCCCGT,CD161+ memory T cell
L4_CCTTCAGAGCGATGAC,Natural killer cell
L3_GTTCGCTCATCATTGG,Memory CD4 T cell
E2L3_CATGAGTTCCTACCGT,Non-classical monocyte
E2L6_CGTTGGGCACTCCACT,Platelet
L4_ATTCACTGTACCTGTA,Classical monocyte
L1_TAAGCGTCATATCTCT,Natural killer cell
E2L1_GGGACTCTCCTGGGAC,Cytotoxic T cell
E2L8_GTCAGCGCAGCCCACA,Cytotoxic T cell
E2L4_GTATTGGTCCTCACTG,Plasmacytoid dendritic cell
E2L1_TTGGATGAGCATCAGG,Memory CD4 T cell
L3_AGTCTCCGTGGAATGC,Naive CD4 T cell
E2L8_GACTATGAGGAGCAAA,Memory CD4 T cell
E2L3_TGAGGGACAACAGATA,Memory B cell
E2L7_CTTGATTGTAACAGTA,Cycling lymphocyte
E2L8_TAAGCACCATAATGCC,Non-classical monocyte
L4_TTGGATGCATTGGGAG,Cytotoxic T cell
E2L7_GCGGAAAGTAGAGGAA,Plasmacytoid dendritic cell
E2L2_AGGTCATTCGTTCTCG,Natural killer cell
L1_CAACGGCAGCCTGAGA,Memory B cell
E2L1_ATCGCCTTCCTTACCG,Plasma cell
L2_GTGAGCCTCAAGTCTG,Gamma delta T cell
L5_TACACCCTCATTGTTC,Natural killer cell
L3_GTTCCGTGTTTCGTTT,Naive CD4 T cell
E2L4_CGCATAAGTCCCGTGA,Conventional dendritic cell
L1_ATGAAAGTCAACACCA,Memory B cell
E2L5_TTCAGGAGTGACCGAA,Naive CD8 T cell
L5_TACGTCCAGTGATGGC,Classical monocyte
E2L3_GTGCAGCGTGATATAG,Memory B cell
E2L8_TCATGTTGTTGTAAAG,Conventional dendritic cell 1
L4_CACTTCGTCTCTATGT,CD34+ hematopoietic progenitor
E2L3_AAGTACCCATCCTGTC,Naive CD4 T cell
E2L6_TCATGGATCATTTCCA,Memory CD4 T cell
L2_TACAACGCAGCGTGAA,CD34+ hematopoietic progenitor
E2L3_TACAACGCATCGATGT,Cytotoxic T cell
L2_GGTTCTCAGGCGCTCT,CD161+ memory T cell
L2_CATTTCAAGCGACATG,Naive CD4 T cell
L2_TCATCCGTCTGATTCT,CD161+ memory T cell
E2L7_TCATACTTCGAACGGA,Cytotoxic T cell
E2L6_TGAGGGATCTTCCCAG,Naive CD4 T cell
E2L4_GATTGGTAGAGAGTGA,Naive B cell
L5_TCATTTGTCACATTGG,Natural killer cell
L4_ATGGAGGGTACCCAGC,CD34+ hematopoietic progenitor
L4_CCACCATCAGCTGTCG,Naive CD4 T cell
E2L8_TGGATGTAGGCTGAAC,Cycling lymphocyte
L4_CAAGGGACATAACTCG,CD34+ hematopoietic progenitor
E2L3_GGGTTTACAGACGCTC,Cycling lymphocyte
L1_TCTCTGGTCTTTGCAT,Plasmacytoid dendritic cell
L5_GATGACTGTTAGTCGT,Naive CD4 T cell
L3_TGAGCATCAACGTTAC,Classical monocyte
E2L1_TTATTGCTCCCATAAG,Cytotoxic T cell
E2L7_GTTGTCCCAACTCCAA,Naive CD4 T cell
E2L6_GATAGAACAATGAGCG,Memory CD4 T cell
E2L2_AGACCCGCAGCCGGTT,Naive CD4 T cell
E2L1_GACAGCCCACTAGTAC,Classical monocyte
L3_ATTACCTTCCAGCCTT,Natural killer cell
E2L6_GTGGGAACAACGACAG,Natural killer cell
L3_CTCCATGTCTTAGCCC,Naive CD4 T cell
L3_CGATGCGTCCTTCTAA,Natural killer cell
L5_CCCATTGCAAGGCTTT,Naive CD4 T cell
L1_CCCATTGAGGGACCAT,Natural killer cell
L3_AAAGGATGTATAGGGC,Cycling lymphocyte
E2L7_CATTGTTCACCGAATT,Naive CD4 T cell
L1_TGATGGTAGCACCGAA,CD34+ hematopoietic progenitor
L3_GCGTGCAAGTAGGATT,Low-quality cell
E2L8_CAAGAGGCACGGTGAA,Classical monocyte
E2L5_GATGACTGTACGTACT,Natural killer cell
L2_CTTACCGGTGAGCTCC,CD161+ memory T cell
E2L3_ACAAGCTCAGGTTTAC,Naive B cell
E2L3_CGAGGCTAGGGTCAAC,Naive B cell
L3_TTGCCTGAGATAGGGA,Cytotoxic T cell
E2L5_CGTAATGCATTATGCG,Naive B cell
L5_GTCAAGTAGGATTACA,Cytotoxic T cell
L4_AAACGAAAGCCTGACC,Conventional dendritic cell
E2L1_CTACCTGGTTACGGAG,Classical monocyte
L2_AGTAGTCCAACGATCT,Naive CD4 T cell
E2L4_AGAACAACACTCGATA,Naive CD4 T cell
L4_CTCATGCCATAAGCGG,Cytotoxic T cell
L2_CCCTCAACACAGACGA,Naive CD4 T cell
L5_GTCAGCGGTTTACGAC,Cytotoxic T cell
L1_CACACAAAGCCTTCTC,Naive CD4 T cell
E2L1_TGATCTTTCAAGAATG,Memory B cell
E2L6_CTTTCAATCTCAGGCG,Plasma cell
L4_TTACGCCGTAGCGATG,Classical monocyte
E2L2_TACAACGCATACAGGG,GZMK+ memory T cell
E2L8_ACATCCCGTCTCCTGT,Platelet
E2L4_TATCCTACACTTCAGA,Cytotoxic T cell
E2L4_CCCTAACCATTGACAC,GZMK+ memory T cell
L5_AGAAGTATCCGTATGA,CD161+ memory T cell
E2L5_TAGACCAGTAGGGAGG,CD161+ memory T cell
E2L4_ATTCCATTCTTTCCAA,Plasmacytoid dendritic cell
E2L2_CTCAAGACACGGCTAC,Cytotoxic T cell
L5_AACAGGGGTCACATTG,Cytotoxic T cell
L3_GACCCAGAGCCTCAGC,Naive B cell
E2L5_CTAACTTTCAGTGATC,Plasmacytoid dendritic cell
L1_GTAGAAACATGGCCAC,Naive CD4 T cell
L4_TGTCAGATCCGTCACT,Memory CD4 T cell
E2L2_AATCGTGAGCAACAGC,Non-classical monocyte
E2L3_TGGGTTAAGAACCCGA,Memory B cell
L4_CATGCTCTCCCATTCG,Cytotoxic T cell
E2L7_ACCTGAAGTCCAGGTC,Plasma cell
E2L7_TTGCTGCCATACCACA,Plasmacytoid dendritic cell
E2L8_CTGCCTATCTGCTTTA,Natural killer cell
E2L8_AGCTTCCAGGTCGCCT,Conventional dendritic cell 1
E2L4_GACTATGTCGACGACC,Memory B cell
E2L2_TTGCTGCAGCCTCGTG,Non-classical monocyte
E2L1_GGCGTCAGTCGATTAC,Naive B cell
E2L6_ATGGATCAGTAGCAAT,Conventional dendritic cell
E2L6_AGCTTCCGTCAACGCC,Cytotoxic T cell
E2L6_AAGACTCTCAACGCTA,Platelet
L3_GGCGTCACAAATTGCC,Cycling lymphocyte
E2L7_GTAAGTCCAAATAGCA,Plasmacytoid dendritic cell
E2L5_TTGAGTGAGAGTGTGC,CD161+ memory T cell
E2L5_TACACCCAGTAGACAT,Cytotoxic T cell
E2L8_TAGCACATCTAGTTCT,Non-classical monocyte
E2L3_GGTGTTAAGTGCACTT,Platelet
L2_GATGACTAGGACAGCT,Naive CD4 T cell
L4_CGTGATAAGGTGCTTT,Naive CD4 T cell
E2L4_GCAGCTGTCTCATTTG,CD161+ memory T cell
E2L6_TCGTCCAAGTGGCGAT,Memory CD4 T cell
L3_ACTGCAAGTTAGAAGT,Naive CD4 T cell
E2L8_ACCTGAAGTTCTTAGG,Natural killer cell
E2L6_GTTCCGTGTTGTACGT,Memory CD4 T cell
L2_TGCTCGTCAGCGACAA,CD161+ memory T cell
L5_CCACGTTCATGTAACC,Cytotoxic T cell
L2_TTGTTCATCCCTATTA,Memory CD4 T cell
L2_GATGACTCAGGTATGG,Erythrocyte
E2L4_TAGGTACGTGCATTAC,Cycling lymphocyte
L3_TTTACTGAGATGTTCC,CD34+ hematopoietic progenitor
E2L1_ACGGAAGGTGGTAACG,Cytotoxic T cell
E2L3_CCAAGCGGTGCAAGAC,Natural killer cell
L2_AGTTCGATCACGGTCG,CD161+ memory T cell
L5_GTATTTCGTTTGATCG,Cytotoxic T cell
E2L6_AGGCTGCAGAGTCAAT,Low-quality cell
E2L4_AGGGAGTGTCGCAGTC,Memory B cell
E2L3_AGGAGGTGTTCGAAGG,Plasmacytoid dendritic cell
E2L7_TTAGGGTGTAGGTACG,Naive B cell
L3_TCTAACTGTCGATTTG,Plasma cell
E2L1_TGAACGTAGTTGTCAC,Memory B cell
L4_CGAGGCTAGCGTATAA,Naive CD8 T cell
E2L3_CCCTCAACAGTAACCT,Natural killer cell
E2L3_CTCAACCGTCATTGCA,Cytotoxic T cell
L4_CAGAGCCCACAACGCC,Cycling lymphocyte
L1_CGTGCTTGTAGCACAG,Memory CD4 T cell
L3_GTAGAAATCCGTTGAA,Memory CD4 T cell
E2L7_AAGTGAAAGGCGTTGA,Naive CD4 T cell
E2L4_CTCCAACTCGCTAAAC,Cytotoxic T cell
E2L4_AGTCATGGTTTCGTGA,Low-quality cell
E2L7_TCAATCTGTCTTAGTG,Conventional dendritic cell
L5_AGGACGATCATCGCTC,Memory CD4 T cell
E2L8_GAGTGTTTCATTCATC,Classical monocyte
L2_CACGAATTCCTGTTGC,Cytotoxic T cell
E2L7_TTTCATGCAGTAACAA,Naive CD8 T cell
E2L5_TCAAGTGAGTGCGCTC,Memory B cell
E2L5_TCTTGCGCATGAGGGT,Natural killer cell
E2L8_AAAGTGAAGCAGCCCT,Platelet
L3_TTGCGTCCACTCTAGA,CD161+ memory T cell
L2_CATCCACCATGGGTCC,CD161+ memory T cell
E2L1_TGTGTGATCAGACATC,Non-classical monocyte
L3_CCTTCAGGTGGATCGA,Cytotoxic T cell
L1_CTTTCAAAGTAGATCA,Naive B cell
E2L7_CCGTAGGCAACCGGAA,Plasmacytoid dendritic cell
L2_ATCCCTGGTTCGATTG,Plasma cell
L3_GTAATGCGTGGGCTTC,Cytotoxic T cell
E2L4_TGACGCGGTGATGAAT,Plasmacytoid dendritic cell
E2L8_TATGTTCAGTAAAGCT,Naive CD8 T cell
E2L1_CAGATTGCACAAGTGG,Naive CD8 T cell
E2L6_CTCGAGGCACCTGCTT,Naive B cell
E2L2_TGTCCTGTCGCCAGAC,Cytotoxic T cell
E2L5_GTATTTCGTCTTTATC,Cytotoxic T cell
E2L4_CACGTGGCAAACTAGA,Low-quality cell
L3_GTAATGCAGACCAGCA,Conventional dendritic cell
E2L1_TCGAAGTAGCAATTAG,Memory CD4 T cell
E2L2_AGCTCAACACTGGATT,Memory B cell
E2L8_GGGACCTTCGGCTGTG,Non-classical monocyte
E2L8_TGCAGATAGCTCTGTA,Memory B cell
E2L6_ATTCTACTCCGGCAAC,Memory CD4 T cell
L1_CAGCCAGTCCGGTTCT,Cytotoxic T cell
E2L1_TGTTCCGAGTAGCCAG,Cycling lymphocyte
L1_TGTGTGACACAATGAA,Gamma delta T cell
E2L2_TTACAGGGTGGTAATA,Memory CD4 T cell
E2L5_TCTACATCACCGTCGA,Platelet
L5_GGTAGAGCAGGGAATC,Classical monocyte
L1_AGCTCAATCATGAGTC,Non-classical monocyte
E2L6_ACGGTCGAGGTTTACC,Cytotoxic T cell
L4_GTGTTAGTCATCAGTG,Natural killer cell
L4_TGTTGAGTCTGAGAGG,Erythrocyte
L5_TCGCAGGTCCGCAAAT,Conventional dendritic cell
L3_GTCCCATGTAGAGTTA,Naive CD4 T cell
L4_TAGGGTTTCTCATTTG,Platelet
E2L3_CTGTCGTGTGTAACGG,Non-classical monocyte
E2L8_CTGTACCGTGTAAATG,Cytotoxic T cell
E2L1_CGGAATTCATGGCACC,Naive CD4 T cell
E2L2_GTTGTAGCAGAGAAAG,Cytotoxic T cell
L5_CTTAGGACAGCGTACC,Plasma cell
L1_TATATCCTCTCATAGG,Natural killer cell
E2L2_AGCGCCATCACATTGG,Cytotoxic T cell
L5_TCGGGCAAGTGTTCCA,Low-quality cell
L2_CTCCCAATCCTTGACC,Memory CD4 T cell
L5_ACGATGTTCTGCTCTG,Cytotoxic T cell
L2_ACAGGGATCTTAGCCC,Cytotoxic T cell
E2L3_CCATCACAGAGAGCCT,Platelet
E2L4_ATTTCTGGTGCACAAG,Naive CD8 T cell
E2L5_ATACCGATCGACATCA,Naive CD4 T cell
E2L4_CGCAGGTGTCGTCATA,Memory B cell
E2L3_CTTCCGACACTTGAGT,Cytotoxic T cell
L4_CATGAGTCATTGCAAC,Cycling lymphocyte
E2L4_GTCTGTCGTGGCACTC,Platelet
L2_TGTAAGCTCCTAACAG,Memory CD4 T cell
E2L3_GTCCTCAAGAACAAGG,Naive CD4 T cell
L4_CACCAAACACTGGACC,Naive CD4 T cell
E2L5_AGAACCTTCTCGGTAA,Gamma delta T cell
E2L4_ATGGGAGAGTTTGTCG,Low-quality cell
E2L5_TTCCTAATCACACGAT,Naive B cell
E2L1_GTTCCGTTCTGAGCAT,Low-quality cell
L1_ATTTACCCACGCAGTC,CD34+ hematopoietic progenitor
L4_AGAGCCCTCACAGAGG,Plasma cell
E2L8_TACGTCCGTTCTTGCC,Memory CD4 T cell
E2L5_TCAATTCGTTGTGTTG,Cytotoxic T cell
E2L2_TCCTCTTTCAGCCTCT,Cytotoxic T cell
E2L2_GTAGCTACATCCGAAT,Memory CD4 T cell
L5_GTGTGGCCAAACGAGC,Naive CD4 T cell
E2L5_CGAGGAACAGCTGCCA,Cytotoxic T cell
E2L1_AGTTCCCTCGCCAGAC,Cytotoxic T cell
L4_TCTACATGTACCCACG,Memory CD4 T cell
L3_GTGTTAGCAGATAAAC,Non-classical monocyte
L2_CAGCACGGTATATGGA,Erythrocyte
E2L2_TCGATTTAGCACACCC,Classical monocyte
E2L3_AAGTGAAAGAGGACTC,Conventional dendritic cell
L1_TGGTTAGAGTCTGCAT,Memory CD4 T cell
E2L7_TGTCCTGTCTCTCCGA,Cytotoxic T cell
L3_CATTTCACAAGATGTA,Cytotoxic T cell
L5_CTTCGGTTCGGATACT,Conventional dendritic cell
L4_TGCGATAGTTACTCAG,Non-classical monocyte
L3_GTGGTTAAGTTATGGA,CD161+ memory T cell
E2L5_GTGTTCCGTGCATTAC,Naive B cell
E2L1_ATTCACTCAGGTCCGT,CD161+ memory T cell
E2L5_CTCCCAAGTACCAATC,CD161+ memory T cell
E2L1_GAGAAATCAAACTGCT,Platelet
L2_TTTCACAGTTTGACAC,Naive CD8 T cell
E2L4_CCGTGAGAGATGAAGG,Platelet
E2L6_CAATACGCAGCGGTCT,Low-quality cell
E2L1_GTTGTCCAGAATACAC,CD161+ memory T cell
E2L2_CTACCCACAGTTAGGG,CD34+ hematopoietic progenitor
L2_TTTATGCGTTAGTTCG,Plasmacytoid dendritic cell
E2L6_ACTCCCATCGTACACA,Memory CD4 T cell
E2L3_TATTGCTCAGAAATTG,Cytotoxic T cell
L2_TCCCATGGTATGCTAC,Natural killer cell
E2L2_AACGGGAAGACGGATC,Naive CD4 T cell
L1_CCACGTTCAGCTCGGT,Erythrocyte
L3_CCGGACACACACAGAG,Conventional dendritic cell
E2L2_ATCGGATCAATTGGTC,Low-quality cell
L3_CATCGTCGTCCCTGTT,Gamma delta T cell
L1_GGTGGCTCACTGAATC,Natural killer cell
E2L7_CGCAGGTAGTGCCAGA,Classical monocyte
L3_AAAGTCCGTCCAATCA,Memory B cell
L3_TCGAAGTAGTGGTTGG,Naive B cell
E2L1_TCATGTTTCAGTCATG,Natural killer cell
L4_TACGGGCTCCTCCACA,Gamma delta T cell
E2L3_TTCTCTCAGCCTATTG,Naive CD8 T cell
E2L2_TTTACTGAGTCATGCT,Conventional dendritic cell
L5_GGGATCCAGGAGGCAG,Cytotoxic T cell
L3_TTCTAACGTAGCCCTG,CD34+ hematopoietic progenitor
L2_AGCTTCCTCGATCCAA,Memory CD4 T cell
L5_AGGGAGTAGGCATCGA,Cytotoxic T cell
L5_GTAGTACGTACCAGAG,CD34+ hematopoietic progenitor
E2L8_TGATTTCGTACTTGTG,Cycling lymphocyte
E2L8_AGGATAAAGGCACCAA,Conventional dendritic cell
E2L4_CGTGTCTAGACCCGCT,Memory CD4 T cell
L2_GCCAGGTGTATACCTG,Memory CD4 T cell
E2L8_ATTCCATGTTGTCCCT,Cytotoxic T cell
E2L8_CTCCGATCATGGGTTT,Cytotoxic T cell
L4_AAGCGAGTCTGTGCAA,CD34+ hematopoietic progenitor
E2L2_GGGTTATGTGACCGTC,Naive CD4 T cell
E2L4_TGCGATACAGGTGGAT,Conventional dendritic cell
E2L5_GGTGTTACAACATCGT,Naive CD8 T cell
L3_GTTAGACGTGTAACGG,Memory CD4 T cell
L5_CCTCACAAGCACTCAT,Non-classical monocyte
E2L6_CAATACGGTCCGCAGT,Plasma cell
L5_AACAAGATCGTGCTCT,Naive CD4 T cell
L3_CCGGACATCGATTTCT,Plasmacytoid dendritic cell
E2L8_CCTCACACAAGTTTGC,Conventional dendritic cell 1
L1_TAAGCGTCACTAAACC,Naive CD4 T cell
E2L1_CCGCAAGCAGAGTGAC,Memory CD4 T cell
L5_CTTCGGTAGTCACGAG,Platelet
E2L6_TGCGGGTTCGAGTTGT,Erythrocyte
E2L5_TCGGGACGTACTGGGA,Memory CD4 T cell
L3_ATGCATGCACTCCTGT,Naive CD4 T cell
L4_ATTGGGTAGCGAGGAG,CD161+ memory T cell
L2_TCGTCCACACGGATCC,Memory CD4 T cell
E2L2_TTGGATGAGACCTCAT,Cytotoxic T cell
E2L6_GAACACTTCTATGCCC,Classical monocyte
L1_CGGCAGTCATACCAGT,Plasmacytoid dendritic cell
E2L4_TACTGCCCAGACGGAT,Cycling lymphocyte
E2L6_ATCCGTCGTGCTTCAA,Plasmacytoid dendritic cell
E2L6_ATCAGGTAGCGTCTGC,Memory B cell
E2L3_GTTATGGCATGGCCAC,Cytotoxic T cell
E2L6_CTTCAATAGACGAGCT,CD34+ hematopoietic progenitor
L3_TCAGGTATCCAACCAA,CD34+ hematopoietic progenitor
E2L5_AGTTCCCAGGAGATAG,Platelet
E2L1_CCTTCAGAGGTACTGG,Naive CD4 T cell
E2L1_AGTAGTCCATAACTCG,Plasmacytoid dendritic cell
E2L6_TCCCAGTCAAATGGCG,Cytotoxic T cell
E2L4_GTTTACTTCCAACCGG,Memory B cell
E2L1_TGCTGAAAGAGTCAAT,Memory CD4 T cell
E2L7_AGCCAATTCGGTCTAA,Naive CD4 T cell
E2L5_ATGTCTTAGTCAAGCG,Cytotoxic T cell
E2L4_CGTAGTACAAGCGAGT,Cytotoxic T cell
E2L4_CCTCTAGGTTCAGCGC,Plasma cell
L3_AGAACAAGTACCCAGC,CD161+ memory T cell
E2L7_GTACAGTGTGCCTTCT,Memory B cell
L4_TCGGGTGCATCACGGC,Cycling lymphocyte
E2L7_GGAGGATGTTTGGCTA,Naive CD4 T cell
E2L6_TGGAGGAGTAATGCGG,Naive B cell
E2L4_AGGGAGTTCTAGGCAT,Classical monocyte
E2L2_TCCAGAAAGAGTTGAT,Cytotoxic T cell
E2L8_CCACTTGTCATGAGTC,Plasmacytoid dendritic cell
E2L5_CAACGGCCACACTGGC,Plasma cell
L4_AGGCCACAGCCGAACA,CD34+ hematopoietic progenitor
E2L3_TACGGTACACATACGT,Natural killer cell
E2L6_CACTGGGTCTGTTCAT,Naive CD4 T cell
E2L4_GACTATGAGACCAAGC,Naive B cell
E2L7_ACACTGAGTTACACAC,Naive B cell
L2_TCATTGTTCAAGTCGT,CD34+ hematopoietic progenitor
E2L6_GCACTAAAGACTTCCA,Low-quality cell
E2L5_TGGGTTACATGATCTG,Memory B cell
L3_TCGGGCAAGTCACTCA,Naive CD4 T cell
L1_AGGAGGTTCCTCTAAT,Naive CD4 T cell
L5_AGAGAATCATGCTGCG,Plasmacytoid dendritic cell
L5_ATGGTTGCATCGGCCA,CD34+ hematopoietic progenitor
E2L1_TGCATGATCAGTCACA,Cycling lymphocyte
L1_CGCCAGATCCAATCTT,Memory CD4 T cell
E2L4_TTCCACGAGGTTCAGG,Cytotoxic T cell
E2L7_CACGTTCTCTCATGCC,Cycling lymphocyte
L1_CATCGTCAGATGCGAC,GZMK+ memory T cell
L4_TGCAGATAGCACTCAT,Gamma delta T cell
L2_GCAGGCTAGACATACA,Cytotoxic T cell
E2L5_AAGTTCGTCTACACTT,Cycling lymphocyte
E2L8_TTCCGTGAGCCAGTAG,Plasmacytoid dendritic cell
E2L3_GTCTCACTCGGCAGTC,Conventional dendritic cell 1
E2L4_GGGTAGACAGTCCGTG,Plasmacytoid dendritic cell
E2L2_TCTGTCGCAACTTGCA,Memory B cell
E2L7_TCATGTTGTATTTCCT,Non-classical monocyte
L3_ATAGACCCAGTGGGTA,Naive B cell
L2_AAGTCGTAGTCCTGTA,Naive CD8 T cell
E2L5_CTGAGGCCAGCTACTA,Plasma cell
E2L4_TTAATCCCAAAGGCTG,Cytotoxic T cell
L3_GAAGGGTCATAGGTAA,CD34+ hematopoietic progenitor
E2L8_TAGTGCACACGTAGAG,Conventional dendritic cell
E2L1_GTTGAACTCGCCGATG,Memory CD4 T cell
L3_TCCACGTTCAAACGAA,CD161+ memory T cell
L5_TCACGCTAGCCATCCG,Gamma delta T cell
E2L7_CATCCCAAGATCCTAC,Natural killer cell
L4_TGCCGAGTCCGGCTTT,GZMK+ memory T cell
E2L4_GAAATGAGTACAGCGA,Cytotoxic T cell
L4_ACATCGAGTGCAGGAT,Naive CD4 T cell
E2L7_GAAGAATTCTATCGTT,Conventional dendritic cell
E2L7_CAGTGCGGTGGCGTAA,Low-quality cell
E2L6_TCCTTCTTCGTAGCTA,GZMK+ memory T cell
E2L4_TATCGCCCAGACAATA,Cytotoxic T cell
E2L7_ATCATTCTCCGTCACT,Plasmacytoid dendritic cell
L3_CATCCGTGTGTCCACG,Naive CD8 T cell
E2L4_GAACGTTAGGTGCTTT,Cycling lymphocyte
L5_TGTGATGGTTAAGGGC,Conventional dendritic cell 1
L4_GCTTCACCACCCAATA,Memory CD4 T cell
L4_CTAACCCAGGTATTGA,Non-classical monocyte
E2L8_TTGCCTGGTATACGGG,Naive CD4 T cell
L3_TCTATACCACATACTG,Plasma cell
E2L8_CAGGCCATCGTTGCCT,Cytotoxic T cell
L4_AGGACGATCATCTATC,Memory CD4 T cell
E2L7_AGGCCACAGAGCAACC,Gamma delta T cell
E2L8_TTGTTGTGTAGTCACT,Plasmacytoid dendritic cell
L4_TCGTAGACAGCTATTG,Conventional dendritic cell 1
E2L6_CTGTGAACATTGGCAT,Memory B cell
E2L7_ATCGGATCATTGCTTT,Low-quality cell
L5_ATTGTTCCAGTTCACA,Memory B cell
E2L8_TCCTTTCGTTGCATCA,Memory B cell
E2L7_GGGCTCAAGGAGAATG,Memory B cell
L1_CCGCAAGCAGGTGTGA,Naive CD4 T cell
L1_AAGTGAACAGGACGAT,Naive CD4 T cell
L4_TTGGGTATCCTCAGGG,CD34+ hematopoietic progenitor
E2L8_AGTTCCCGTGGTCAAG,Cycling lymphocyte
E2L8_ATTCCTAAGCGAGGAG,Naive CD8 T cell
E2L8_TTTACCAAGTTTCGAC,Naive CD4 T cell
L1_CCCTAACTCTGAGATC,Classical monocyte
L5_TCAAGTGCACGACCTG,Natural killer cell
E2L8_AGTGCCGGTCCAACGC,Naive CD4 T cell
L1_TCAGTGAGTTCTCGTC,GZMK+ memory T cell
L5_AAGTGAACATAACAGA,Naive CD4 T cell
E2L6_TCAGTCCGTGACACGA,Natural killer cell
E2L6_AAGGTAATCGACACCG,Cytotoxic T cell
E2L8_GCCGTGAAGAAGTGTT,Non-classical monocyte
E2L6_TACTTCACAGCGTATT,Cycling lymphocyte
E2L5_ACCTGTCTCATCGCCT,Cytotoxic T cell
L4_ATGACCAAGGTAGACC,Non-classical monocyte
E2L5_CTGAGGCCATTCTCCG,Plasmacytoid dendritic cell
L5_GTTAGACTCGTAGCTA,CD34+ hematopoietic progenitor
E2L4_AGCATCAAGAGGTTTA,Memory B cell
E2L1_ACTATCTAGACGGAAA,Memory CD4 T cell
L5_ATCACAGGTGTTAAAG,Naive CD4 T cell
E2L7_ATATCCTCAGGTTCGC,Conventional dendritic cell
E2L8_ACATCGACACGCTTAA,Gamma delta T cell
L5_CTCCGATGTGGCTACC,Naive CD4 T cell
L5_TGACTCCGTTCTAACG,CD34+ hematopoietic progenitor
E2L2_TCCAGAATCTCGACGG,Plasma cell
L1_TAGAGTCTCGATACAC,Plasmacytoid dendritic cell
E2L2_AGTGATCAGCCGATCC,Cycling lymphocyte
L2_GTGGCGTTCATTTCGT,Memory B cell
E2L6_ACCTGTCAGCCGATAG,Naive CD8 T cell
E2L4_GTCCACTGTCCCGCAA,CD161+ memory T cell
L4_CATACCCTCTTCGGAA,Conventional dendritic cell
E2L6_ACGATCAAGATGGTCG,CD161+ memory T cell
L1_CTCCCTCTCGTCTAAG,Gamma delta T cell
E2L7_TGTTCTATCTTGAGCA,Classical monocyte
E2L1_AAGGAATTCCTCCACA,Low-quality cell
E2L7_ACGGTCGTCGTCAGAT,Naive B cell
L2_TAGGAGGCATGCACTA,Naive CD8 T cell
E2L7_TAACTTCAGTTTGCTG,CD161+ memory T cell
E2L1_GAGGCCTAGCCACTCG,Cytotoxic T cell
E2L4_TCAGTTTTCCAACTGA,Classical monocyte
E2L2_ACACAGTCAGGTCCCA,Naive B cell
L5_TGTCCCAGTCAAGTTC,Gamma delta T cell
L1_CATGAGTGTGCATTAC,Erythrocyte
L5_AAAGGTACACGCGCTA,Erythrocyte
E2L1_CGTGAATTCGCGGACT,Memory B cell
L4_GAATCGTCAGATCATC,Naive CD8 T cell
E2L1_GAGTCATTCCGAGAAG,CD161+ memory T cell
L1_TGTCCCACAGGATCTT,Memory CD4 T cell
E2L2_GACTCAAGTGGACCTC,Memory B cell
E2L1_CCACAAATCGGATTAC,Natural killer cell
L1_GCTACCTGTTTGCCGG,Naive CD4 T cell
L4_AATGACCGTACCAATC,CD34+ hematopoietic progenitor
E2L3_CCTGTTGTCGAGTCCG,Naive CD4 T cell
E2L2_TCATTTGCACTGAATC,Naive B cell
L5_TCCCACAAGAGGTCGT,Plasmacytoid dendritic cell
E2L7_TTTGGTTAGTATGTAG,Cytotoxic T cell
L2_TCGTCCACACGGCACT,Cycling lymphocyte
E2L3_AGACAAAGTTGCTAGT,Conventional dendritic cell
E2L4_CTGCAGGGTTAACAGA,Naive CD8 T cell
L4_ATTCAGGCACAGTACT,Naive CD4 T cell
E2L6_TCGCAGGAGGCACCAA,Gamma delta T cell
E2L6_TATGTTCCAAGAGGCT,Platelet
L2_TTACGCCGTTACCCTC,Cycling lymphocyte
E2L8_ACCAAACTCCTGGGAC,Classical monocyte
E2L3_GTCCCATGTGCTCCGA,Memory B cell
E2L2_TGCGGGTTCCTGTAGA,Naive CD8 T cell
E2L4_ATCGATGCAGCTGTTA,Cycling lymphocyte
L4_GCTGCAGTCACCTCTG,Naive CD4 T cell
E2L4_CGTTAGAGTGATCATC,Conventional dendritic cell 1
E2L6_GGTGTTATCACCATCC,Naive B cell
L1_CCACCATTCGAGAAAT,Naive CD4 T cell
L2_GTAGTACTCGGACCAC,Classical monocyte
E2L5_CCTGTTGCAGTCTCTC,Memory CD4 T cell
L1_TCTCACGGTAGGACCA,CD34+ hematopoietic progenitor
L5_AGAAGTAGTGCGAGTA,Memory CD4 T cell
E2L5_AGTTAGCTCGTAACTG,Naive CD4 T cell
E2L8_CTCTCAGGTAAGATAC,Memory B cell
L3_AGTCAACAGAATCGAT,Natural killer cell
E2L1_GGGACCTGTTAGGGAC,Platelet
L4_TCCTGCAAGGATGAGA,Memory B cell
L1_AGTGCCGTCCCGTAAA,Cytotoxic T cell
L2_AGACCCGCACGGCGTT,Cytotoxic T cell
E2L1_CCGATGGCATGAGAAT,Memory CD4 T cell
L5_AGTACTGAGATGACAT,Plasmacytoid dendritic cell
L5_TACCTCGAGCCTCATA,Memory CD4 T cell
L1_CAAAGAATCGAAGCAG,Cytotoxic T cell
E2L3_TGAATGCGTCCTGTTC,Cycling lymphocyte
E2L8_CTCTCAGGTGCCCACA,Naive CD4 T cell
E2L8_GCATCGGGTTTGGCTA,Memory B cell
L4_CATCGGGGTCTTACTT,Cytotoxic T cell
E2L3_GGTGAAGAGGACTTCT,CD161+ memory T cell
E2L7_AGAACAATCTAAGGAA,Memory B cell
L2_ATGCATGAGTTGTCGT,Naive CD4 T cell
E2L1_CCACGTTCAACATCGT,CD161+ memory T cell
L2_TACCTCGCAGGCACTC,Conventional dendritic cell
L5_AGATCCAGTTTGGGAG,Platelet
L1_CTGGACGCAACAAAGT,Memory CD4 T cell
E2L5_TCACAAGTCCGCAAAT,GZMK+ memory T cell
E2L4_GGATCTACAAGACCTT,Memory B cell
E2L4_ACATTTCAGTACTGTC,Memory B cell
E2L6_GCTACAAGTTGACTGT,Plasmacytoid dendritic cell
L1_ATGAGTCTCCAGCTCT,Natural killer cell
L3_TGATGCAGTTGCTCCT,Naive CD4 T cell
E2L5_CGTTAGACATCCAACA,Plasma cell
E2L2_ATTGGGTCACGCTGCA,Naive B cell
E2L5_TTGACCCTCCACGAAT,Memory CD4 T cell
E2L7_TGCGGCAGTAAGCGGT,Memory CD4 T cell
E2L6_GACATCAAGACGAGCT,Memory CD4 T cell
E2L5_AGAAATGCACTGGAAG,Cytotoxic T cell
E2L7_GAGTGTTAGATGCTAA,Plasmacytoid dendritic cell
E2L4_AGGTGTTAGCTAGAGC,Non-classical monocyte
L2_GATGAGGAGAGTTCGG,Cycling lymphocyte
L1_GGGCTCACATTCACAG,Plasma cell
E2L2_GTTCGCTAGGAGGTTC,Naive CD4 T cell
L4_AGGAGGTAGAGCATCG,Erythrocyte
L1_AACCCAACACTTCCTG,Memory CD4 T cell
L5_GTGTAACTCGGTTCAA,Non-classical monocyte
L1_GTAATCGAGCTAATGA,Memory CD4 T cell
E2L5_AGAACCTTCAAAGCCT,Cytotoxic T cell
E2L6_GAAGTAACACACGGAA,Cytotoxic T cell
E2L1_CCAATTTAGGGCCCTT,Plasmacytoid dendritic cell
E2L7_TATATCCGTTTCCAAG,Memory B cell
E2L1_TAGTGCAGTTGAGAGC,Naive CD4 T cell
E2L3_GTTGTAGTCATCGGGC,Cytotoxic T cell
E2L6_ACATCGAGTTGCCGCA,Non-classical monocyte
L4_CAGTGCGCAATAGGAT,Naive CD8 T cell
L4_CGTAAGTCATGTGTCA,CD34+ hematopoietic progenitor
E2L8_CCGTTCAGTGTTGCCG,Plasma cell
E2L5_TCGAAGTGTATCCTTT,Cytotoxic T cell
E2L3_GCTACAACAGGTACGA,Classical monocyte
L5_TTCTTGATCCGAGAAG,Non-classical monocyte
L5_CACAACAAGCAGATAT,GZMK+ memory T cell
E2L6_TAATTCCTCGTTCCTG,Classical monocyte
E2L6_CTGCATCTCCGATCTC,Conventional dendritic cell
L5_CTCAGGGGTCGTGCCA,Memory CD4 T cell
L3_TCCAGAATCTCGGTCT,Memory CD4 T cell
E2L3_TCGCTCAAGCTGGAGT,Plasma cell
E2L4_GTGGCGTCACATACTG,Non-classical monocyte
L4_TCAAGCAGTGGTTTGT,Naive CD8 T cell
L4_TAACCAGTCCTTCTTC,Naive CD4 T cell
L4_AAAGTGATCTCTAAGG,Naive CD8 T cell
E2L6_TCTTCCTCACAAGGTG,Classical monocyte
L3_TGAACGTCACTCGATA,Conventional dendritic cell 1
L5_TTGTTGTGTTGCATAC,CD34+ hematopoietic progenitor
L4_GAAGGACTCTTGTGCC,Plasma cell
E2L3_CGGAGAAGTTCCTTGC,Memory CD4 T cell
E2L5_TTCCTAAAGCAGTAAT,Natural killer cell
L2_TCCATCGGTTGTATGC,CD34+ hematopoietic progenitor
L4_TGCTTGCCACAAATAG,Conventional dendritic cell 1
E2L4_GGTGAAGAGACCATTC,Memory CD4 T cell
E2L1_CTGTCGTGTCTGTGTA,Cytotoxic T cell
L1_CTGTAGATCATCACTT,Memory CD4 T cell
L4_TCCTAATAGCTCGCAC,Cytotoxic T cell
E2L2_TGTTCCGAGTACCCTA,Memory CD4 T cell
E2L4_GTTGTAGTCTAGTGAC,Classical monocyte
E2L2_ACGGAAGAGGCATCGA,Memory B cell
E2L8_CCTAACCCAAGCGCAA,Naive CD4 T cell
L2_TATCCTACATTACTCT,Non-classical monocyte
L4_GGGTGTCGTCACAATC,CD161+ memory T cell
L3_CATAAGCCAAGGTCTT,Memory B cell
L1_CACTGAAAGAATCGCG,Memory CD4 T cell
L5_CGCCAGATCGCAGTCG,Naive CD8 T cell
E2L7_GCTTTCGCAGGGATAC,Plasmacytoid dendritic cell
E2L5_CCCGGAACACATCCCT,Natural killer cell
L4_GACGTTAGTAGACGTG,Non-classical monocyte
L3_TCAATTCAGCGCTGCT,GZMK+ memory T cell
L1_GAAGCGACAACGAGGT,Natural killer cell
E2L4_GATCGTATCCTTTAGT,Plasmacytoid dendritic cell
E2L5_CAATGACAGCCGAATG,Cytotoxic T cell
E2L5_ACTATTCGTGAGCGAT,CD161+ memory T cell
E2L2_GTCGAATCAGCTCGGT,Non-classical monocyte
E2L5_TTCTAACTCCAGCACG,Classical monocyte
E2L8_TCAGGTACAGGCACTC,Cycling lymphocyte
L3_GTTGCTCTCCGTCCTA,Non-classical monocyte
L1_GTTGCGGTCGTGTTCC,Memory CD4 T cell
L4_GTGAGCCGTCTCGACG,Naive CD4 T cell
L3_TGGTGATGTCTGCCTT,Natural killer cell
L4_TAGGTACAGAGTCGAC,Cytotoxic T cell
E2L6_TGGAGAGGTAAGATTG,Cytotoxic T cell
L4_CGTTGGGAGCTTGTTG,Natural killer cell
L3_TGTCCACAGGCGTTAG,Naive CD4 T cell
E2L4_GACTATGAGGGTATAT,Memory CD4 T cell
E2L3_GTCATGAAGGTGCAGT,Low-quality cell
E2L5_TTGTTTGCAGAGTCAG,CD161+ memory T cell
L3_CCGTGAGAGTTCCTGA,Naive CD8 T cell
E2L6_CTTACCGAGGCTCTAT,Memory B cell
L4_TAGCACATCACCGGGT,Cytotoxic T cell
E2L1_CCACACTTCCCGAGAC,Naive CD4 T cell
L2_AGTGACTGTCTGTGCG,CD161+ memory T cell
L4_GGGCCATAGACAACTA,Gamma delta T cell
L5_GTGAGCCCAGTTTCAG,Naive CD4 T cell
E2L7_AATGACCGTATTTCCT,Natural killer cell
E2L3_AGGTGTTGTCCACTTC,Plasmacytoid dendritic cell
E2L1_GATCCCTCAAATGGCG,Memory CD4 T cell
L2_TAGACCATCACTTCTA,Memory CD4 T cell
E2L1_GAATAGAGTTCTATCT,CD161+ memory T cell
L1_GAGTCATGTGCATGTT,Erythrocyte
L5_TATTCCAAGTTCATCG,Cytotoxic T cell
E2L3_GTAAGTCAGTCACTAC,Memory CD4 T cell
E2L1_CCTACGTTCGTGTTCC,Memory CD4 T cell
E2L2_CCACTTGTCTGTGTGA,Memory B cell
E2L8_CTCTCGAGTGACACAG,Classical monocyte
E2L8_AGTCATGTCATTGAGC,Cytotoxic T cell
E2L5_ACACGCGGTATCCTTT,Cytotoxic T cell
L5_TCTGCCATCAAACGTC,Naive CD8 T cell
L4_TGGTAGTGTTAGAGTA,Cytotoxic T cell
E2L2_CTCAGTCCACATATGC,Memory CD4 T cell
L2_TCCATCGCATCGGAAG,Plasma cell
E2L4_AGCTACAGTTTAGACC,CD161+ memory T cell
L2_GGAGATGGTACCTGTA,Conventional dendritic cell 1
L4_TCGGGACAGCCACCGT,Cycling lymphocyte
E2L7_GCAGCTGCAGAACTTC,Cycling lymphocyte
L5_AACGGGATCTCTCTAA,Conventional dendritic cell
L5_GACCGTGGTGCAGATG,Conventional dendritic cell 1
L4_AGCCAATAGCTCTGTA,Natural killer cell
E2L7_GGTCTGGGTAGAATGT,Memory B cell
E2L5_AGACTCAAGTTGCCCG,Cytotoxic T cell
L1_CAAGCTACAAATCAGA,Naive CD4 T cell
E2L4_CCTTGTGGTGGTTCTA,Memory B cell
E2L2_AACAGGGTCCATTGGA,Natural killer cell
L4_GTGCACGTCGTGTGGC,Cycling lymphocyte
L5_ACTTATCCAGAGTAAT,Naive CD4 T cell
L2_ATTCCCGTCATCACAG,CD161+ memory T cell
L3_ATGCATGGTTCCAGGC,Conventional dendritic cell
E2L3_ACGCACGTCTCGAGTA,Non-classical monocyte
E2L3_GACCCTTAGGTAAAGG,Naive CD8 T cell
L5_CCCTCAAGTGCGTTTA,Naive CD4 T cell
L5_GTTTGGACAGTGGCTC,Natural killer cell
L5_ACAAGCTAGAGCTGCA,Naive CD4 T cell
L4_AGTCATGAGCGCCATC,Non-classical monocyte
L5_TGCTTGCCACGCGTCA,Conventional dendritic cell
L5_ACTGTCCAGTACAGAT,Non-classical monocyte
E2L7_ACCAAACCATGTGGTT,Non-classical monocyte
E2L7_CAACCAAAGTACGTCT,Naive B cell
E2L5_CAATGACAGATTCGCT,Naive B cell
E2L8_TCAGGGCAGACAGTCG,Conventional dendritic cell
L4_CACAGGCAGAGAAGGT,Naive CD8 T cell
E2L7_GTATTGGCAGCTGTTA,Memory B cell
L5_CTCAGGGGTTGACTAC,CD34+ hematopoietic progenitor
E2L1_CCCTTAGGTCCAAGAG,Cytotoxic T cell
L1_CAGTGCGCACGACGCT,Conventional dendritic cell
E2L3_TCGGGCAAGGAGATAG,Cytotoxic T cell
E2L5_GAAGGGTAGGGCAGTT,Cytotoxic T cell
E2L7_CTGTACCGTGACAGGT,Natural killer cell
E2L6_TCCGTGTCACGCAAAG,Plasmacytoid dendritic cell
L5_GCACGTGGTACAAAGT,Naive CD8 T cell
L3_CTGAGGCAGGTAACTA,Cytotoxic T cell
E2L5_TAGCACATCAGAGCGA,Naive B cell
L3_GAGCCTGTCGCCAGAC,Plasma cell
L2_ATCCCTGCACAAATGA,Naive CD4 T cell
L4_GTTGTAGCATGACCCG,Naive CD4 T cell
L2_CCATAAGCATATGCGT,CD34+ hematopoietic progenitor
L3_AGGAGGTAGACTGTTC,Natural killer cell
L1_AGGACTTGTCAGATTC,Classical monocyte
L4_CGCGTGAAGGTGCCTC,Non-classical monocyte
E2L6_CCACGAGAGCAAGTGC,Platelet
E2L6_ACTTTGTCACGCCAGT,Naive B cell
E2L5_CTCCAACCAGTTGTCA,Natural killer cell
E2L2_CAGTGCGGTATGAGCG,Gamma delta T cell
E2L6_TACTGCCAGCAGCGAT,Naive B cell
L3_GTCATCCCAGGTAGTG,Plasma cell
L4_AGTCACACACAAGTTC,Classical monocyte
E2L5_CGGAGAATCGTTCCCA,Classical monocyte
E2L2_GTGGAAGGTGCGTTTA,Plasmacytoid dendritic cell
L2_CATCGCTTCTGCGTCT,CD34+ hematopoietic progenitor
E2L7_AGATGCTAGCCTCAAT,Naive CD4 T cell
E2L5_GTAGATCAGGCGACAT,Memory CD4 T cell
L5_TTCCGGTAGCAGGCTA,Naive CD4 T cell
E2L8_TTTCACACACTGGCCA,Conventional dendritic cell
E2L8_CCCTGATGTCTACGTA,Classical monocyte
E2L7_AAGACAAAGCCATGCC,Platelet
E2L6_ATATCCTCAATTTCCT,Platelet
L3_TGATTTCAGTGCACAG,Non-classical monocyte
E2L6_TCATTGTAGTCGGGAT,Conventional dendritic cell
E2L7_GGTTCTCGTCAATGGG,Plasmacytoid dendritic cell
E2L7_CGATGGCTCCCTTGTG,Cytotoxic T cell
E2L2_ATCTTCACAAGTTGGG,Cycling lymphocyte
E2L3_GGGTGTCTCTATCGGA,Cytotoxic T cell
E2L6_TTTCGATTCGCCACTT,Platelet
L2_ACATGCATCTGTCGCT,Cytotoxic T cell
E2L4_CCTAACCAGAAATCCA,Classical monocyte
L5_TTTGATCGTAACGCGA,Cytotoxic T cell
E2L2_TTCCTAAAGTATGGCG,Naive B cell
L2_ATCCCTGGTTCTGAGT,Naive B cell
E2L4_TCATTGTCATCGGATT,Memory CD4 T cell
E2L7_CATTCCGAGGGAGGCA,Memory B cell
E2L4_AATGCCAAGATTAGCA,Cytotoxic T cell
E2L7_TATCGCCCATACTTTC,Platelet
L4_CCTAAGAAGCGGTAAC,Memory CD4 T cell
E2L8_ATCGGCGAGTATGACA,Naive B cell
E2L2_CGAGTGCAGCGCATCC,Plasma cell
L3_CGGGTCAGTCATGACT,Conventional dendritic cell
E2L6_ATTCTACGTTCTCAGA,Naive B cell
E2L8_GAAACCTAGCCTGAGA,Naive CD4 T cell
E2L4_GTGGAAGTCCTCTGCA,Platelet
E2L2_TGGTACAGTTCTTGTT,Low-quality cell
E2L7_CAGCGTGGTCGAGTTT,Cytotoxic T cell
L3_TCGAACACAGCTGAAG,Naive CD8 T cell
L5_TCAGTCCAGCATTGAA,Naive B cell
E2L3_TCCTAATCAGAAGTGC,Naive CD8 T cell
E2L4_AAGTTCGAGTTGAAAC,Cytotoxic T cell
E2L8_CGTGCTTGTGAGATAT,Naive CD4 T cell
L1_TCCTTTCTCGCCAACG,Memory B cell
L5_TCGTGCTAGCCAGACA,Naive CD4 T cell
L2_TGGGAGAGTGCATCTA,Naive CD4 T cell
L2_CTCAACCGTGGTAATA,CD161+ memory T cell
L3_ATCCCTGAGGGCAGTT,Plasma cell
E2L8_AACGGGAGTACGCTAT,Conventional dendritic cell
L2_AGAGCAGAGGCCCGTT,CD161+ memory T cell
L4_GTCATGACACCAGCCA,Memory B cell
L5_GCCAGGTTCATCACCC,Naive CD4 T cell
L3_GCTTCACAGGAAGAAC,Naive CD8 T cell
E2L8_GTTCGCTGTATGGGAC,Memory CD4 T cell
E2L7_GGTGAAGGTATCGGTT,Cytotoxic T cell
L1_TCAAGCAGTCACTACA,Conventional dendritic cell
E2L1_CCACACTAGTCTGTAC,Cycling lymphocyte
L3_TCGCACTTCGCTGACG,Cytotoxic T cell
E2L6_AAGCCATTCCGCAACG,Cytotoxic T cell
L4_GGTTGTAGTCAGACTT,Non-classical monocyte
L1_TTCTTCCTCTTTGCGC,Low-quality cell
E2L7_CCGTGAGGTCACAATC,Cytotoxic T cell
E2L1_AGACCCGGTAGGCAGT,Conventional dendritic cell
E2L8_GTGGTTACATATTCGG,Cycling lymphocyte
E2L6_TCGCTCACACTTGGGC,Naive B cell
E2L4_ATAGGCTTCGATAACC,Plasmacytoid dendritic cell
E2L4_GAACTGTAGGTACTGG,Conventional dendritic cell 1
E2L2_CTTCTAATCGCTTAAG,Memory B cell
E2L2_AGGATAAAGAACTTCC,Memory B cell
E2L5_TCATTACGTCTAGGTT,Cycling lymphocyte
L4_TCCGATCGTCGTACAT,Plasma cell
L5_AAACGAAGTTCTTCAT,Cytotoxic T cell
E2L4_TCCATCGAGTATTAGG,Naive CD8 T cell
L3_TACCTCGCAGGTGTTT,Naive CD4 T cell
L4_GGAGGATTCCCATAGA,Naive CD8 T cell
L4_TTACAGGCAACTCGAT,CD34+ hematopoietic progenitor
E2L6_ACTTAGGGTGTTACAC,Non-classical monocyte
L4_TGAATGCGTTGTAAAG,Non-classical monocyte
L5_GGAGGATAGCCATCCG,GZMK+ memory T cell
L3_AGACTCAAGCCAAGTG,Cytotoxic T cell
E2L6_ACGGTCGAGAGGGTAA,Naive CD4 T cell
E2L3_ATTCTACAGACCACGA,Classical monocyte
L1_CGTGAATTCTGGAAGG,CD161+ memory T cell
L4_TGACTCCAGGGCAAGG,Memory B cell
L5_CACTGAAAGACATATG,Plasmacytoid dendritic cell
L3_TCATGGAGTCTAACTG,Memory CD4 T cell
E2L1_GTCGAATCACAACGTT,CD34+ hematopoietic progenitor
L5_CGGAACCAGTGGCGAT,Non-classical monocyte
L5_TCGGGTGAGGGCATGT,Erythrocyte
E2L7_TTGCATTCAGTTAGGG,Cycling lymphocyte
L1_TTTGGAGGTAGCACAG,CD34+ hematopoietic progenitor
L4_GGAATCTAGCCTTGAT,CD161+ memory T cell
E2L3_GTCACTCAGATAACAC,Plasmacytoid dendritic cell
E2L7_CTTACCGCACCGTGGT,Memory B cell
L2_GTCGCGAAGATGGCGT,CD34+ hematopoietic progenitor
E2L7_AAGGTAACACGTCGTG,Non-classical monocyte
L1_GGGCTACCAGCTTTGA,Plasmacytoid dendritic cell
L2_GGTCTGGCAGGCCCTA,CD161+ memory T cell
L2_GAATCACCATACGCAT,CD161+ memory T cell
E2L7_GGTGTTACAATTGCGT,Cytotoxic T cell
E2L7_GTAGAAATCGAGAACG,Classical monocyte
E2L7_ACTTCCGGTTTAGACC,Cytotoxic T cell
E2L4_ATTACCTCATTGTACG,Memory B cell
L5_TCAGTTTTCACCGGTG,Cycling lymphocyte
L3_ATTCAGGAGTCGGGAT,Memory CD4 T cell
E2L5_TTTGGTTTCGAGTTGT,Plasma cell
L3_TAACCAGAGGAAAGAC,Classical monocyte
E2L2_AGTAGCTCAGCGAACA,Conventional dendritic cell 1
L5_CTTCTCTTCGTTCTCG,Memory CD4 T cell
E2L1_TACTTCAAGAGAGAAC,Naive CD4 T cell
L3_GTCCCATGTGCGAGTA,Cycling lymphocyte
E2L4_GCGGAAAAGCATCAAA,Memory B cell
L4_CGTCCATAGATACAGT,Memory B cell
L1_AGTACTGTCGGATTAC,CD34+ hematopoietic progenitor
E2L4_ATGAGTCAGAAACTGT,Naive CD4 T cell
L2_AATCACGTCGGCACTG,Non-classical monocyte
L5_TCCAGAACAGAGGACT,CD161+ memory T cell
L4_TGTAGACAGTAAAGCT,Natural killer cell
L1_TGTCAGACAAGTGTCT,Naive B cell
L3_TGCTGAACAACGCCCA,CD161+ memory T cell
E2L4_ATCCTATTCATTCATC,Conventional dendritic cell 1
L5_GCATCTCGTGCTATTG,CD34+ hematopoietic progenitor
L4_GAAGCCCGTTACAGCT,Cytotoxic T cell
L1_ACCGTTCCAACCCGCA,Cycling lymphocyte
L3_TTCTCTCAGCTTGTTG,Non-classical monocyte
L5_ATCATTCGTACCCAGC,Memory B cell
E2L5_CAGTTAGGTCTCACAA,Conventional dendritic cell
L4_GGTTAACAGCTATCCA,Memory CD4 T cell
L5_CTCAGTCCACTGCTTC,Naive CD4 T cell
L5_GGATGTTGTATGGAGC,Memory CD4 T cell
L2_TACGTCCGTGATGGCA,Cytotoxic T cell
L2_CCAAGCGAGAAACACT,Memory CD4 T cell
E2L3_GTCGTTCTCTCGTGAA,Memory B cell
L1_CAACGGCGTCCACTCT,CD161+ memory T cell
E2L7_TAAGCCAGTAAGACCG,Conventional dendritic cell
E2L5_GCAGCCACACCTGAAT,Memory CD4 T cell
E2L4_AACCCAAAGCAGGTCA,Classical monocyte
L1_AGGATAATCGGTCACG,Conventional dendritic cell 1
E2L7_TAATTCCCATCTGTTT,Naive CD8 T cell
L4_CTGATCCAGGTAAGGA,Cytotoxic T cell
E2L3_CACTGAACATGAGAAT,Low-quality cell
E2L1_ATGGTTGTCGTTGTAG,Cytotoxic T cell
E2L1_AAGGAATCAAGAGGCT,Natural killer cell
E2L6_GGGAGTAGTGACTATC,Naive CD8 T cell
E2L7_AGGCCACAGATGATTG,Memory B cell
E2L6_CCTGCATGTCGCCACA,Cytotoxic T cell
L1_TCACATTCACACTGGC,CD34+ hematopoietic progenitor
L5_CGTCAAAAGCCATTTG,Gamma delta T cell
L1_TCATTTGAGTGATAGT,Naive CD4 T cell
E2L4_GTAGGTTTCTGAGTCA,Naive B cell
L2_TGGTGATAGTACTGGG,Naive CD4 T cell
L3_CAAGAGGAGGCTGAAC,Naive CD4 T cell
E2L8_AAGAACACAGAGATTA,Natural killer cell
L3_CGAGAAGTCATTGGTG,Cycling lymphocyte
L5_TGAATCGCACGTCTCT,Cytotoxic T cell
E2L4_CGATGGCAGTCGCCCA,Conventional dendritic cell
E2L2_GCAGGCTCAACGTTAC,Memory CD4 T cell
L4_AGGGTGAAGGATTCAA,Plasma cell
E2L8_ATAGAGAGTCACGCTG,Naive CD4 T cell
E2L8_GCTTTCGTCCGGTTCT,Conventional dendritic cell 1
L4_TCCCATGCAAGTCCAT,Cytotoxic T cell
L3_AGGGTTTAGTGGTGAC,Non-classical monocyte
L5_TCCGGGACAGTCCCGA,Cycling lymphocyte
E2L1_CTGCATCAGGTACCTT,Natural killer cell
L3_GTCCTCACAGATGCGA,CD161+ memory T cell
L3_CCGCAAGAGTAATACG,Memory B cell
E2L7_CTCAGTCGTAAGCTCT,Plasmacytoid dendritic cell
L4_TAATCTCGTGACATCT,Cytotoxic T cell
E2L7_GGTTCTCAGCTGTTCA,Natural killer cell
E2L5_CGAGTTAAGTAAGACT,Memory CD4 T cell
L2_CTCTCAGCATTGCAAC,Naive CD8 T cell
E2L2_GTAGTACCAAGTTCCA,Gamma delta T cell
E2L2_CAGATTGCACCCAAGC,Memory B cell
E2L4_TATCCTATCATTATCC,Memory B cell
L5_TGACAGTCAGATTCGT,Naive CD4 T cell
L5_TGCTTCGGTAGCGCTC,GZMK+ memory T cell
L2_CCTCACACACGCTGAC,Plasma cell
L5_CTGGACGGTTGTGCAT,Naive CD4 T cell
L2_AGTACTGCATCGTCCT,Cycling lymphocyte
L5_TCGGGTGCATGCACTA,Cycling lymphocyte
L1_TCCCATGCACCAGCGT,Cytotoxic T cell
E2L4_ACTGTGAAGTAAGACT,Plasmacytoid dendritic cell
L3_GGTGGCTGTAATCAGA,Memory CD4 T cell
L5_GGGTAGATCGAAGAAT,Memory CD4 T cell
L5_CTTCTCTCATCCCACT,Memory CD4 T cell
L3_AGTCACACATGAGGGT,Natural killer cell
L2_GACTGATCATCGATGT,Naive CD4 T cell
E2L7_GTAGAGGTCGGATACT,Memory CD4 T cell
E2L5_TTGCGTCCACAGTCAT,Conventional dendritic cell
E2L8_CGAGTGCGTTGCTCCT,Plasma cell
E2L4_GGAGGATAGTGCACCC,Non-classical monocyte
L1_ATTACCTCAACCCTCT,Cytotoxic T cell
E2L3_TACATTCCAACAAGTA,Conventional dendritic cell
L2_TCGGATACATCCGTTC,Memory B cell
L2_CTGATCCGTGAGTTGG,Plasma cell
E2L7_TGTTGAGCACAACGCC,Memory B cell
L1_CCACGTTAGGGTGAGG,Naive CD4 T cell
E2L4_CATGCCTCAACGGCCT,Memory CD4 T cell
L4_TGAGCATCAGTTGGTT,Natural killer cell
L3_TGCTCGTAGAATTCAG,Memory CD4 T cell
L4_CAATCGATCGAACCTA,Memory CD4 T cell
E2L2_ACAACCATCGCCTTGT,Conventional dendritic cell
L5_CCGAACGAGGACAGCT,Memory CD4 T cell
E2L2_CAATGACGTACAAGTA,Low-quality cell
E2L4_GTTCATTCACGCAGTC,Cytotoxic T cell
E2L3_TGGTACATCTCCCAAC,Memory CD4 T cell
L3_AAGATAGTCAGACCCG,Cytotoxic T cell
E2L4_AGAACCTCAAGGATGC,Cytotoxic T cell
L1_ATGGTTGAGTTTGTCG,Naive B cell
E2L4_ACATCCCAGTAACAGT,Classical monocyte
L1_GGAGGATCATTACGGT,Non-classical monocyte
L4_CAGCAATGTGGATCGA,Memory B cell
E2L1_TCACTATAGCTAGCCC,Conventional dendritic cell
L2_AGGGCCTTCAAGCTTG,Natural killer cell
L4_GCCGATGAGCCTATTG,Memory CD4 T cell
L2_TCCTCGACACGGTGCT,Natural killer cell
L5_AGCCAATGTTACAGCT,Natural killer cell
L1_GTAAGTCCATCAGTGT,Cycling lymphocyte
E2L5_AACAACCCACTCTAGA,Memory CD4 T cell
L3_CGTTAGAGTATAATGG,Cytotoxic T cell
L3_GGTAGAGGTAGGGTAC,Memory CD4 T cell
E2L6_CATTGAGTCGGACGTC,Conventional dendritic cell
E2L8_ATGCATGGTCTGATCA,Gamma delta T cell
L4_TTAATCCAGTAGGATT,Naive B cell
L3_TAGTGCAAGGCAGGTT,Natural killer cell
L1_ATTCAGGTCGACTCCT,CD161+ memory T cell
E2L6_GACTCAAAGGTAACTA,Cytotoxic T cell
L3_CGTGATACAACATCGT,Gamma delta T cell
L5_ATCGTCCGTCGTAATC,Cytotoxic T cell
E2L6_GCTTTCGGTACAAGTA,Naive B cell
E2L6_GTACAGTGTGGACTAG,Classical monocyte
L2_GAAGGACCACGCACCA,Cycling lymphocyte
E2L3_ATGGATCTCATGCGGC,Conventional dendritic cell
E2L5_CGCATGGCAGCTACCG,Memory CD4 T cell
E2L5_TCGATTTTCCAACCGG,CD161+ memory T cell
L1_TTGTGGATCGAGAAAT,Naive CD4 T cell
L3_GCCGATGCATGTGGCC,Non-classical monocyte
L4_TCTAACTAGACGATAT,Naive CD8 T cell
E2L2_CACTGTCGTCAAGCGA,Memory CD4 T cell
E2L3_CGCATGGAGATGGGCT,Memory CD4 T cell
L5_AGGTGTTAGACCAGAC,Memory B cell
E2L1_TAAGTCGAGCTTTCTT,Plasma cell
E2L3_TCCCACAAGTGAGCCA,Low-quality cell
E2L7_TGGGATTGTTCGGCGT,Memory CD4 T cell
L5_TCCCATGGTTGGAGAC,CD161+ memory T cell
E2L2_AACCACACAGGCGATA,Cycling lymphocyte
E2L6_ACCTGTCAGTGCGCTC,Gamma delta T cell
L4_TGAATCGCATCTAACG,Conventional dendritic cell
L4_ACAGGGAAGGCTGTAG,Classical monocyte
L4_TCTCACGCACTGGCGT,Classical monocyte
E2L1_GTACAACCAGTAACCT,Classical monocyte
L5_GCCAGTGTCGGTAGAG,Cytotoxic T cell
E2L2_CTGTGAATCCGGTTCT,Cycling lymphocyte
L4_TTACCGCTCGTAGGGA,Plasmacytoid dendritic cell
L4_ATCGGCGAGCCAAGCA,Naive CD4 T cell
E2L6_ACTGTCCGTTATGACC,Naive CD4 T cell
L2_TGAATGCGTCAAAGCG,Naive CD4 T cell
L3_GGGCCATGTTGTCATG,Naive CD4 T cell
L5_AACAGGGTCGATTCCC,Cytotoxic T cell
L3_ACACCAATCATTGTTC,Cycling lymphocyte
E2L5_TGGAACTCAGCTCGGT,CD161+ memory T cell
E2L1_AGCGCCATCTTCGATT,Cytotoxic T cell
E2L2_GCTACCTCAAGTGGAC,Naive CD4 T cell
E2L7_AAACCCAAGTGGATTA,Cytotoxic T cell
E2L1_GGAATGGCACTAGTAC,Plasma cell
E2L2_AACAGGGCAGGCGAAT,Natural killer cell
L2_CATGGTATCAGCTGAT,Cycling lymphocyte
E2L3_TCATCCGGTAATACCC,Memory B cell
E2L2_AAACGCTGTGATTAGA,Naive CD8 T cell
E2L8_TGTTACTGTTGTACGT,Natural killer cell
L1_CGTTGGGTCGACCAAT,Non-classical monocyte
E2L5_CGTGATATCAAGAGTA,Memory B cell
L5_GATAGCTAGCAGCAGT,Non-classical monocyte
E2L4_ACCTACCTCCGAGGCT,Memory B cell
E2L8_ATCCTATCACGGATCC,Memory B cell
L3_TTCCGTGAGACCACGA,Memory CD4 T cell
E2L7_GTTGCGGAGAGTCAAT,Platelet
L1_TCCATCGCACACCGCA,Naive CD4 T cell
L3_TCGGTCTGTATATGGA,Cytotoxic T cell
L3_TTTATGCGTGCCCACA,Plasma cell
E2L1_ATGATCGCAACTGAAA,Non-classical monocyte
L2_TCCAGAATCTGTAACG,Naive CD4 T cell
E2L8_CCCTAACGTCTTAGTG,Memory B cell
L3_CCTGCATTCCGTGGCA,Plasma cell
L3_AGGTAGGCAGTAGTTC,Memory CD4 T cell
E2L8_TGGATGTTCCACGTCT,Plasma cell
E2L1_AAGTGAAAGCACCGAA,Plasma cell
E2L3_CACTGAATCCGCGATG,Memory B cell
L2_TAGAGTCCATGCAGCC,Naive B cell
L5_TGTTGGATCGGTCGAC,Naive CD8 T cell
E2L7_TGGATGTCAGGCCCTA,CD161+ memory T cell
E2L7_GCTTCACGTACAACGG,CD161+ memory T cell
L4_TCAAGCAGTTCCCAAA,CD34+ hematopoietic progenitor
L4_CAGGTATCACGGTGCT,CD161+ memory T cell
E2L5_ATCGGATCACAGCTTA,Memory B cell
E2L8_AAGCGAGCAAATTGGA,CD161+ memory T cell
L3_ATCGTGATCTGCGTCT,CD34+ hematopoietic progenitor
L4_TCTCCGAAGAGCCCAA,Naive CD8 T cell
E2L3_GGGCGTTCATATAGCC,Non-classical monocyte
L1_GCTTGGGTCACAGTGT,Natural killer cell
E2L4_AGGTCATTCGGCTTGG,Cytotoxic T cell
E2L1_GTTCCGTTCCCGTTCA,Naive CD8 T cell
E2L3_AATTCCTAGGTCGTGA,Naive CD4 T cell
L2_TGTGTGAGTGAACCGA,Naive CD4 T cell
L3_AGAAGCGGTCGTACTA,Naive B cell
E2L4_TGTTACTGTGCCTTTC,Cycling lymphocyte
L2_CATCCCAAGGTAAACT,CD161+ memory T cell
E2L3_GTGCTGGTCATCGCCT,Naive CD4 T cell
L4_CAATGACAGTTGCCCG,Naive CD8 T cell
E2L3_TGATGCAAGTAGGCCA,Memory B cell
E2L2_GTGCTTCTCCGTGACG,Conventional dendritic cell 1
L5_TATCTGTTCACACCCT,Naive CD4 T cell
E2L3_TGAGTCAAGACTTCCA,Natural killer cell
E2L8_TAAGCACAGAGCATCG,Natural killer cell
L5_AGGAAATGTTTAGAGA,CD34+ hematopoietic progenitor
E2L1_GTTACCCGTTTCCAAG,Conventional dendritic cell
L4_CAGCGTGGTTAGGACG,Memory CD4 T cell
L4_CTAGGTAAGCGCAATG,Naive CD4 T cell
L4_ATCACAGAGGCATCTT,Naive CD4 T cell
E2L4_GATCATGCAGTTCTAG,Cycling lymphocyte
L3_TCTACCGAGTGTTGAA,Classical monocyte
L2_AGGTTACCAGGGATAC,Naive CD4 T cell
E2L8_ATGGATCCAATAACGA,Non-classical monocyte
E2L3_CGAGGCTCAGATTAAG,Plasmacytoid dendritic cell
E2L6_ACGTAGTAGGTGATCG,Non-classical monocyte
L2_TCCTGCAAGCACTTTG,Naive CD8 T cell
L1_TACTTCAAGAGGTCGT,Plasmacytoid dendritic cell
E2L5_GCAGGCTGTTCTGAGT,Gamma delta T cell
E2L2_ATTCCATGTATCTCTT,Memory B cell
E2L7_CTGAGGCCATAACTCG,Cytotoxic T cell
E2L4_CTCATCGCAGAGTTGG,Natural killer cell
E2L5_TACTTCACAAAGAGTT,Plasmacytoid dendritic cell
L1_TAGATCGAGGCGTTGA,Naive CD8 T cell
E2L6_TAGGTACGTGGTAACG,Naive CD4 T cell
E2L6_CACGTGGCAGAGGTAC,Non-classical monocyte
L4_ACAAAGAGTGCACATT,Naive CD4 T cell
E2L5_ACCACAATCAATGCAC,Naive CD4 T cell
L4_CATGGTATCAATGCAC,Cycling lymphocyte
L2_CTAGGTACAAGGTCGA,Naive B cell
L4_GCGATCGTCCGTGTGG,Conventional dendritic cell 1
L4_GATTTCTTCAGCTAGT,CD34+ hematopoietic progenitor
L3_TACTGCCGTTCACGAT,Non-classical monocyte
E2L1_CATCCCATCCGCACGA,Conventional dendritic cell 1
E2L5_GCCGTGACAGTCAGTT,Cycling lymphocyte
E2L5_TTTCAGTCAATAACCC,Memory CD4 T cell
L5_AGGAGGTCATCCTTCG,Conventional dendritic cell 1
L4_TGGTGATGTCACTAGT,Memory CD4 T cell
L3_GGGACCTAGTCAACAA,Plasmacytoid dendritic cell
E2L3_ACTGATGTCGTAGTCA,Platelet
E2L7_GTTACCCAGCCTAACT,Naive B cell
E2L2_GGTCTGGGTGCATTAC,Naive CD8 T cell
L1_ATATCCTCATGCCATA,Naive CD4 T cell
L2_GGCTTTCCATGGCGCT,Cytotoxic T cell
L5_TGTGAGTAGTACAGAT,CD161+ memory T cell
L4_GCAGCCATCCTGGCTT,Memory CD4 T cell
L3_TACAACGCATGCCATA,Plasmacytoid dendritic cell
E2L4_TTCCAATAGGTAAGGA,Cycling lymphocyte
E2L7_TTGGATGCAATGTCTG,Naive CD4 T cell
E2L4_AGCCAATCAAACTAAG,Naive CD4 T cell
E2L8_GTGTGATAGTATGCAA,Naive B cell
L1_AGGACTTGTCCTGTTC,GZMK+ memory T cell
L2_TGGAACTGTTGTCTAG,Naive CD8 T cell
E2L5_ATCGATGGTTCCTTGC,Conventional dendritic cell
E2L1_GATGTTGTCTCCGTGT,Low-quality cell
E2L3_AGCCAGCCAGCACAAG,Plasmacytoid dendritic cell
L4_GATAGAAGTACAAACA,Cytotoxic T cell
E2L5_TTAGGCATCTTCGTAT,Cycling lymphocyte
E2L6_ATCACAGTCAATGTCG,Cycling lymphocyte
E2L2_ACCCAAACATTGTAGC,Conventional dendritic cell 1
E2L3_CTGTAGAGTTTCGACA,Low-quality cell
E2L2_TCCATCGCAAACTCTG,Cytotoxic T cell
L2_GAGGCAAAGTGGTCAG,Conventional dendritic cell
E2L6_GCAGCCATCGTGGGTC,Plasmacytoid dendritic cell
L2_TTAGGGTCACTCTAGA,Classical monocyte
E2L5_CTAGGTACAAGTAGTA,Natural killer cell
E2L2_ACAGCCGAGGACCCAA,CD161+ memory T cell
L3_TCCGGGATCCTCTAGC,Naive CD8 T cell
E2L3_TGTAGACGTACCAGAG,Cycling lymphocyte
L1_GAGGCAAAGGTCTGGA,Naive CD4 T cell
E2L4_AACAAAGCATAGGTTC,Naive CD4 T cell
L1_CAGATTGAGAAACTCA,Naive CD4 T cell
E2L4_TGACCCTCAGCGACAA,Cycling lymphocyte
E2L1_GTGTTAGAGTTACGAA,Naive B cell
L1_GGTCTGGTCACTCACC,Cycling lymphocyte
E2L6_ACGGGTCCATACGCAT,Platelet
L3_TACTTGTAGTCACTCA,Naive CD8 T cell
E2L8_GTAGGTTTCAGTGGGA,Conventional dendritic cell 1
L2_TTGTTTGAGTAATCCC,Natural killer cell
L4_TTTGTTGTCGAATGCT,Naive CD4 T cell
E2L8_TCCTCCCAGAGCCATG,Non-classical monocyte
E2L1_GCCGATGGTCAGTCTA,Cycling lymphocyte
E2L6_TGACGCGAGCAGTCTT,Gamma delta T cell
E2L6_TTTAGTCGTCAGTCCG,Cytotoxic T cell
E2L1_CCTACGTCAGCGTATT,Natural killer cell
L5_ATTCTTGAGAGAATCT,Memory CD4 T cell
E2L4_CCACGAGAGACGCAGT,Natural killer cell
E2L6_CCGTGAGAGCTTACGT,Conventional dendritic cell
E2L2_TGGTACACATAGACTC,Classical monocyte
E2L4_GGTGATTAGGGAGGCA,Conventional dendritic cell 1
E2L3_GTTACAGCACAGCTGC,Cytotoxic T cell
E2L5_TTCCAATAGAGGGTCT,Classical monocyte
E2L1_TCTGTCGTCCTACCAC,Naive CD8 T cell
L4_GTAACCACATTCGGGC,Naive CD4 T cell
E2L7_GTACAGTAGAGGTCAC,Memory CD4 T cell
L1_GTAATCGAGTCAATCC,Naive CD4 T cell
E2L5_TTTGGTTTCGAACCTA,Plasmacytoid dendritic cell
L2_TTACCGCCATAACTCG,GZMK+ memory T cell
E2L2_TCGTAGAAGATACATG,Plasmacytoid dendritic cell
L5_CACATGATCTGACGCG,Cytotoxic T cell
E2L5_CCTCCAAGTTGATGTC,Gamma delta T cell
E2L5_GTGGAAGTCTCGTGAA,Cytotoxic T cell
L5_TCCTAATCACCTTCCA,Naive CD8 T cell
E2L8_TCAATCTCACACCTTC,Memory B cell
L2_TCAGTGAAGTGAACAT,CD34+ hematopoietic progenitor
E2L6_CGATCGGGTAACATAG,Naive CD4 T cell
L4_TGGAGAGAGCACGTCC,Naive CD4 T cell
L3_TGCAGATCAGCCTACG,Conventional dendritic cell
L5_GTGGTTAGTACAGCGA,CD161+ memory T cell
E2L4_ACCTGAAAGGACTATA,Naive CD4 T cell
L1_AAACGAAAGTTGAATG,CD161+ memory T cell
L5_CAGAGCCCACGAGGTA,Conventional dendritic cell
E2L5_CATTCATAGATGCGAC,Conventional dendritic cell
E2L6_ACTTCCGGTCTTAGTG,Conventional dendritic cell 1
L2_TATTGCTGTGTTCGAT,Plasma cell
E2L7_TAGCACACATTACGGT,Cytotoxic T cell
L5_GACCCAGTCACTGTTT,Naive CD4 T cell
L5_CGAATTGGTTTGTGGT,Cycling lymphocyte
E2L5_CATGCGGGTTTAGTCG,Cytotoxic T cell
E2L7_GCATTAGTCGCAGTCG,Conventional dendritic cell
L1_CTTGATTAGGAAGTAG,Naive CD4 T cell
L5_CATCCCAGTCATGGCC,CD34+ hematopoietic progenitor
L5_AAAGGGCGTCACTTCC,CD161+ memory T cell
L4_CTACCTGTCATTCACT,Naive CD4 T cell
L5_CTGTGGGCACTGCACG,Cycling lymphocyte
E2L8_CATACCCCATCCTAAG,Naive CD4 T cell
L4_TTTGTTGTCGTCCATC,Cytotoxic T cell
L3_TGGAGGAGTTCTCTAT,Non-classical monocyte
E2L8_ACTTTCATCTCGTGGG,Naive CD4 T cell
E2L8_TGTGTGAAGACCAGAC,Naive B cell
E2L3_AGTCAACTCGGTCGGT,Conventional dendritic cell
E2L1_AAGACTCTCGCTAGCG,Cytotoxic T cell
E2L1_CATGAGTAGCTTTGTG,Memory B cell
L3_TTTACGTTCAAGGAGC,Non-classical monocyte
E2L3_GGTGAAGAGGACACTG,Naive CD4 T cell
E2L1_CTTGAGATCCGGCAGT,Classical monocyte
L1_GCCGTGAGTCGAGTGA,Memory CD4 T cell
L1_GGCTTTCTCCTCACGT,Non-classical monocyte
L3_GAAACCTAGATGTTGA,Plasmacytoid dendritic cell
L4_AGTCATGCAAGGGCAT,Naive CD8 T cell
E2L3_TGGTTAGCATTGCTTT,Cytotoxic T cell
E2L3_GTTGTCCCAGTGCCTG,Memory CD4 T cell
E2L8_CAATACGCACGGTGCT,Cytotoxic T cell
E2L5_GCATCTCAGGAACGCT,Low-quality cell
E2L6_CTCTGGTAGACGTCGA,Classical monocyte
E2L3_TTGATGGGTATGCGGA,Gamma delta T cell
L5_TCGAAGTTCTATCGTT,Conventional dendritic cell
E2L8_TCGCACTTCCGCTGTT,Cytotoxic T cell
E2L1_AGGGTTTTCCGCGGAT,Cytotoxic T cell
E2L2_GGGTTTACACATGTTG,Non-classical monocyte
E2L4_GCAGCCAAGACATGCG,Conventional dendritic cell
L4_GCCAGGTGTTTACGTG,Cytotoxic T cell
E2L1_ACACTGAAGTCATAGA,Cytotoxic T cell
E2L5_TGTAGACGTACAAACA,Natural killer cell
E2L6_AAACCCATCAACTGGT,Naive CD4 T cell
L1_ATTCATCAGCCTGACC,Naive CD8 T cell
E2L4_TTACTGTTCTACTGCC,Plasma cell
L3_ACGGTTATCAAGCCCG,CD34+ hematopoietic progenitor
E2L5_GTCTTTATCCTGGGTG,Memory B cell
L1_CAGGGCTGTCTTCGAA,Cycling lymphocyte
E2L4_CAACAACGTCCCTGTT,Cytotoxic T cell
L5_AATCACGAGAGCCCAA,Plasma cell
L1_AGATCGTGTGTCTTCC,Memory CD4 T cell
E2L8_AATCGACCAACGGCCT,Natural killer cell
E2L4_ACTGTCCGTCACCACG,Memory CD4 T cell
L5_CTGAGCGAGGTGCAGT,Naive CD4 T cell
L4_TATCTTGGTTACACTG,Memory CD4 T cell
L3_TACAGGTGTAGTTACC,Natural killer cell
E2L7_CGGGTCATCGTACACA,Naive CD4 T cell
L4_ATTCATCTCCCATACC,Conventional dendritic cell 1
E2L6_ATTCACTGTTAAACAG,Memory B cell
E2L8_AAGTTCGAGGATTTAG,Naive CD8 T cell
L1_CGATGGCAGACCAACG,Cytotoxic T cell
E2L4_TGAGGTTTCAAGTAAG,Classical monocyte
E2L6_CCTCAACTCGACGTCG,Cytotoxic T cell
L4_CTGTCGTCAAGAAACT,Naive CD4 T cell
L4_CATTCATAGTGATGGC,Naive CD4 T cell
L1_GATCCCTGTTAAGGAT,Cytotoxic T cell
E2L2_CAGCAGCAGTAGGGTC,Cytotoxic T cell
L4_CCGGACACACCTCTAC,Classical monocyte
L2_TTGGTTTGTTCAGCGC,Plasma cell
L1_TGTGGCGTCCACACCT,Conventional dendritic cell
L5_ATCACTTCAGAACCGA,Naive CD8 T cell
E2L8_AGGGCTCGTGTCATCA,Naive B cell
E2L3_TTCTAGTTCAAGATAG,Natural killer cell
E2L5_CATTGAGGTAGCTTGT,Memory CD4 T cell
L3_AAAGGGCTCGCTGTTC,Non-classical monocyte
L1_AAGAACATCAAAGCCT,CD34+ hematopoietic progenitor
E2L5_CATGCCTGTCGTATGT,Cycling lymphocyte
E2L3_CTTAGGATCCCTTTGG,CD34+ hematopoietic progenitor
L3_TCCACGTAGGTCACCC,Cytotoxic T cell
E2L5_GCCAGTGTCACCTGTC,Plasmacytoid dendritic cell
E2L1_ATGACCAGTAGTATAG,Plasma cell
E2L1_TAAGCACGTAGTATAG,Cytotoxic T cell
E2L6_TTTACCAGTTGAAGTA,Platelet
L2_GGGACTCTCGGCCCAA,Non-classical monocyte
L1_GGCTGTGCAACTGTGT,Memory CD4 T cell
E2L2_GGGAGTAAGAGAGAAC,Plasmacytoid dendritic cell
E2L4_AGCCACGCAATGTGGG,Gamma delta T cell
L2_CTATAGGCATGCGGTC,GZMK+ memory T cell
E2L1_AGTAGTCCAGTTCTAG,Cytotoxic T cell
E2L6_TGTTGGACAGAAATCA,Cytotoxic T cell
L3_AGGGCTCCAAAGCAAT,Natural killer cell
L3_TCTGCCATCCACCTGT,Naive CD4 T cell
E2L3_TGCATCCCACGACAGA,Memory CD4 T cell
E2L3_TCAGTCCGTGCTGATT,Gamma delta T cell
E2L4_TGTTCATAGCAACAAT,Naive CD4 T cell
L4_GGGCGTTAGCGGGTTA,Naive CD4 T cell
L1_TGGTAGTAGGGTTAAT,Naive CD4 T cell
E2L2_TGCCGAGAGAATACAC,Memory CD4 T cell
E2L8_TACGTCCCAATCTCGA,Memory B cell
L1_TGGATGTAGACGGAAA,CD34+ hematopoietic progenitor
E2L4_CTCTCAGGTGACTGAG,Cycling lymphocyte
E2L8_TTCTAGTTCACGGTCG,Cytotoxic T cell
E2L6_GTCACTCCAAGCTACT,Classical monocyte
E2L5_TCATACTGTTCGTTCC,Naive CD4 T cell
L2_ACTTAGGAGTAAACGT,Conventional dendritic cell 1
E2L8_CATTGAGTCTCTATGT,Memory CD4 T cell
E2L3_GGTGTCGGTATCAAGA,Classical monocyte
E2L1_ATCTTCAAGTGGGAAA,Plasmacytoid dendritic cell
E2L8_TGAGGAGCATCTCCCA,Natural killer cell
E2L4_ATGGTTGAGCCTCCAG,Memory B cell
E2L4_TTTCCTCGTGGCAACA,Memory CD4 T cell
L2_GAAGCGACAGAATCGG,Cytotoxic T cell
E2L4_CTGTGGGGTCACTTAG,Naive B cell
E2L4_CATGCGGGTATAATGG,Conventional dendritic cell
E2L6_TGTTCATGTCGTAATC,CD161+ memory T cell
E2L4_CATTCCGAGATGGCGT,Cycling lymphocyte
L1_ATTGTTCGTCTCAGAT,Classical monocyte
E2L5_TGCGGGTGTACACGTT,Natural killer cell
L3_TGACAGTCAGCGTGAA,Naive B cell
L2_GTAAGTCAGCGCAATG,Naive CD4 T cell
E2L1_AAGACAACACGATAGG,Memory B cell
L4_GTAGGAGAGTGCTCGC,Memory B cell
E2L5_AGGACGATCCATAGGT,Cycling lymphocyte
L3_CACACAACAGCAGACA,Cytotoxic T cell
L1_CGGAGAAAGCAAACAT,Naive CD8 T cell
E2L1_TGTTCCGGTATCTTCT,Cytotoxic T cell
L1_ATCCATTTCTCGGTCT,Plasma cell
E2L6_TTGCTGCAGCACCGAA,Naive B cell
E2L8_ATTCTTGCAAGGCGTA,Cytotoxic T cell
E2L7_GAAGCGAGTACGTTCA,Naive CD4 T cell
L3_CCGTTCAAGCGTTACT,Memory CD4 T cell
L1_CTGTAGAGTGGCAGAT,Naive CD4 T cell
L2_AGAGAGCCACGAGGAT,Erythrocyte
L1_CAATGACGTCCTCAGG,Memory CD4 T cell
L4_TTCCAATTCAGGTGTT,Natural killer cell
E2L3_TCCACGTCACTAGGCC,Conventional dendritic cell 1
L1_AGAGCCCAGGCCATAG,Memory CD4 T cell
E2L7_GGGTCACAGTAAGGGA,Natural killer cell
E2L8_CCTGCATAGACTCGAG,Naive CD4 T cell
L4_CGGGTGTAGGTCGTAG,Naive CD8 T cell
E2L6_CACTTCGTCGTGTTCC,Conventional dendritic cell
L5_TGTACAGTCTGGCCGA,Naive CD4 T cell
L5_GACACGCGTCCCTGTT,CD161+ memory T cell
L2_GTAGGTTAGCGGACAT,Memory B cell
E2L3_GCCATGGAGAGGTTTA,Cytotoxic T cell
E2L8_GATTCGACATTGCAAC,Memory B cell
E2L1_TTAATCCTCTACACAG,Non-classical monocyte
L4_CCTCATGTCTCGGTCT,Memory CD4 T cell
E2L7_CTCCTCCGTCGTTTCC,Plasma cell
E2L6_TGTAACGCAGACTCTA,Naive CD8 T cell
E2L6_CCACTTGGTAACGGTG,Memory CD4 T cell
L4_TGCAGATAGACCATAA,Classical monocyte
E2L4_CATCGCTCAATAGGGC,Memory CD4 T cell
E2L5_TGCCGAGAGGTCACCC,Memory B cell
L1_ACCGTTCAGATGCTAA,Cycling lymphocyte
E2L2_CCGAACGGTTTCACTT,Naive CD8 T cell
E2L8_CAACAGTCAGGATTCT,Conventional dendritic cell 1
E2L7_TCTCACGGTCTTACTT,CD161+ memory T cell
L5_GCACGGTTCATTCACT,Naive CD4 T cell
E2L8_GTGGAAGCAGTTTCGA,Non-classical monocyte
E2L3_TCCCACAGTGAGTAGC,CD161+ memory T cell
E2L5_ACAGCCGCACCCTCTA,Naive CD4 T cell
L5_ATCGTGAGTTGGCCGT,Memory B cell
E2L7_GGGTTTACATATAGCC,Naive CD8 T cell
L1_GAATCGTCATACTGTG,CD34+ hematopoietic progenitor
E2L1_AGAAATGGTCTAGATC,Plasmacytoid dendritic cell
E2L1_AGCCACGCATCCGTGG,Naive B cell
E2L6_TCCTCCCAGCAGTCTT,GZMK+ memory T cell
E2L8_AACCCAACACCAGCCA,Memory B cell
E2L1_ACTTAGGAGGGTACGT,Cycling lymphocyte
L5_AAAGTCCTCACGGGCT,Memory CD4 T cell
E2L1_TCACGGGGTCGAGCTC,Non-classical monocyte
E2L5_GACGTTACAGCGGTTC,Cycling lymphocyte
E2L1_GTGAGCCCAAGTCCAT,Naive B cell
E2L8_ACGTAGTCAAAGGCGT,Cytotoxic T cell
L5_TTGGATGGTTAAAGTG,Naive CD4 T cell
E2L3_AGCCAATCACCTCTAC,Cycling lymphocyte
E2L1_AGGGCTCGTGGGAGAG,Naive B cell
L5_CGAAGTTAGGGAGGCA,Memory CD4 T cell
L5_GGTGAAGTCGACACCG,Natural killer cell
E2L8_AGTTCCCCAATTTCTC,Plasmacytoid dendritic cell
E2L4_TGAGTCAGTAAGATTG,Natural killer cell
E2L7_GCACGGTTCCGCGGAT,Plasma cell
L4_GACTTCCAGGGTGGGA,CD34+ hematopoietic progenitor
E2L1_AACAACCTCGCGCTGA,Cytotoxic T cell
E2L2_GAAGAATGTAATACCC,Classical monocyte
L5_TCCGTGTCAATGTCTG,Memory B cell
L3_CTACCTGGTACCTTCC,Naive B cell
E2L4_GTAGGAGGTCGTGGAA,Memory B cell
L1_CTGAATGAGTCTAACC,Cytotoxic T cell
E2L6_CAGATACTCGCCTAGG,Plasmacytoid dendritic cell
L1_TCGCACTAGCAATTCC,GZMK+ memory T cell
E2L6_TCTTCCTCAGACTCTA,Memory B cell
L3_TATCAGGCAAGCTACT,Memory CD4 T cell
E2L6_CAAGCTACAACGATTC,Platelet
E2L7_ATCACGACATGCCGCA,Cytotoxic T cell
L2_TCCCACACACAAAGCG,Naive CD8 T cell
E2L7_ATGAGTCAGCTTAGTC,Memory B cell
L3_TCATCCGCACAGTCCG,Memory CD4 T cell
L1_GTCACTCAGGACGCTA,Naive CD4 T cell
L3_AGCTACAGTCAACGCC,Memory CD4 T cell
E2L5_TGAGCATCAGATGCGA,Natural killer cell
L5_AACAGGGCACCTTCGT,Memory CD4 T cell
E2L2_ATATCCTCAACGTAAA,Cytotoxic T cell
E2L8_TTACTGTCAGTGTACT,Gamma delta T cell
L4_ACATCCCGTTCATCGA,Plasmacytoid dendritic cell
E2L3_GCCAACGCATCTAGAC,Cytotoxic T cell
E2L5_CAGAGCCAGAAGCGAA,Plasma cell
E2L7_AAAGAACAGCATTGTC,Cytotoxic T cell
L4_TGGGTTACAGCTGGTC,Memory CD4 T cell
E2L5_GCTACAAAGGGAGTGG,Low-quality cell
L2_AGCGCTGGTGTCCAAT,Memory CD4 T cell
L4_GAGTGAGTCCTTGGAA,CD34+ hematopoietic progenitor
E2L4_TTTATGCGTACAGGTG,Naive CD4 T cell
L2_TCAGGGCCACGTACTA,Naive CD4 T cell
L4_TGCTGAATCGACCTAA,Cytotoxic T cell
L1_GTAACCAGTGCCGTTG,Non-classical monocyte
L1_CGGGTGTCATCGAGCC,Cytotoxic T cell
E2L5_TACGTCCCAGGTTACT,Natural killer cell
L4_GCACTAAAGGGTTGCA,Naive CD8 T cell
L2_TCGAACAGTATCGTGT,Naive CD8 T cell
E2L3_CTGTCGTAGCTTGTTG,Natural killer cell
L3_GTAGGAGAGTGTTCCA,CD161+ memory T cell
L1_TGCGACGTCCATCTAT,GZMK+ memory T cell
E2L5_TGTGATGAGCATGAAT,Cytotoxic T cell
E2L2_ATGTCCCGTGGCATCC,Naive CD4 T cell
E2L3_ATTACCTTCAAAGAAC,Cytotoxic T cell
L5_CCACTTGGTGAGATTA,Naive CD4 T cell
E2L8_AATTCCTAGTGCCGAA,Naive CD4 T cell
E2L2_TCGGGTGGTGACAGGT,Memory B cell
E2L2_ATATCCTAGCAATTCC,Cytotoxic T cell
L3_GAGGCCTAGCCGATAG,Non-classical monocyte
E2L2_TAATTCCAGAAATGGG,Naive B cell
E2L1_TTTCCTCAGTATGAAC,Classical monocyte
L3_AACCAACGTAGGACCA,CD34+ hematopoietic progenitor
E2L2_GTCACGGGTCGGTACC,Natural killer cell
E2L3_ATTCCCGCAGGTTCCG,Memory B cell
L1_CTCAGTCCATCCGAAT,Natural killer cell
E2L8_CCAATTTAGGATACGC,Memory B cell
L2_GGTGTTATCCCGTTGT,Cycling lymphocyte
L3_GGGAGTAAGGTAGGCT,Conventional dendritic cell
E2L7_AGGAGGTCAATCCTAG,Memory CD4 T cell
E2L5_TCACTATTCACCTCGT,Memory B cell
L2_GATTCGAAGATACAGT,Non-classical monocyte
L3_CACGTGGCAGTCGCTG,Conventional dendritic cell
E2L6_GCTCAAAAGCATGCGA,Cytotoxic T cell
L4_CTTCTCTAGCACGATG,Naive CD4 T cell
E2L8_GCCATTCCAGAGCTAG,Natural killer cell
E2L3_GTGCTTCGTCAAGTTC,Natural killer cell
E2L1_AGGGCCTTCCGTTTCG,Memory CD4 T cell
E2L2_GCAGTTAGTAGTGCGA,Plasmacytoid dendritic cell
L2_GACTCTCTCATCGTAG,Cytotoxic T cell
E2L2_TTCTGTAAGCCTCAAT,Memory CD4 T cell
E2L4_TCCACGTCACCAAATC,Memory CD4 T cell
E2L7_AATGAAGCAGATCCTA,Naive B cell
L4_CCTTGTGCAGATAAAC,Naive CD4 T cell
L4_TATCAGGAGATCACCT,Naive B cell
E2L6_TGCGGCACATGCAGGA,Plasma cell
E2L1_GGGATGACAGTTACCA,Cytotoxic T cell
E2L4_AGAACCTCACACACGC,Cytotoxic T cell
L2_GGATCTAGTGTATACC,Natural killer cell
E2L2_CAATCGAGTTGGGTAG,Conventional dendritic cell
E2L4_TGTTGGACACTATCGA,Cytotoxic T cell
L2_TACGCTCAGGACACTG,Naive CD4 T cell
E2L2_TTGCCTGTCCACCTGT,Cytotoxic T cell
L1_TACTTGTCAGACCTAT,Naive CD4 T cell
L1_GGAAGTGTCCGCGATG,Gamma delta T cell
L5_GGGTCACAGCGACTGA,Cytotoxic T cell
E2L7_GTGCGTGTCTCCAAGA,Conventional dendritic cell
L3_TTGAGTGCACACACGC,Naive CD4 T cell
E2L5_CTTCAATCACCTCTAC,Naive CD4 T cell
L1_CGGGCATAGACTCAAA,Natural killer cell
E2L5_AAGGAATCACATATGC,Classical monocyte
L4_ATGACCACAACGAGGT,Naive CD4 T cell
L1_AGTGATCAGCTGAAAT,CD161+ memory T cell
E2L5_AATTCCTTCGCTAATG,CD161+ memory T cell
E2L1_GATTTCTAGTTCCGGC,Cycling lymphocyte
E2L6_CATGGATCAACTTGCA,Memory CD4 T cell
L4_AAGCATCTCGTTCAGA,Memory CD4 T cell
E2L5_CATACCCTCCGTCACT,Natural killer cell
L4_CACTGGGGTTTCGGCG,Cytotoxic T cell
L3_GGTTCTCCAAGCTACT,Conventional dendritic cell
L4_CCAAGCGTCCCGAGAC,Memory CD4 T cell
E2L2_GCAGGCTGTGTACAGG,Naive CD8 T cell
E2L5_CACCAAAAGATTCGAA,Natural killer cell
E2L2_TCCGATCGTTTGTGGT,Low-quality cell
E2L4_TCGACGGTCGCCAATA,Plasmacytoid dendritic cell
E2L7_GATTGGTCAATACCTG,Memory CD4 T cell
L1_ACACTGATCTGCATGA,Naive CD8 T cell
L1_GTGTGATTCTAAGGAA,CD34+ hematopoietic progenitor
E2L4_CTCCTTTTCACGTCCT,Conventional dendritic cell
E2L3_AAAGTGATCTCGGTCT,Classical monocyte
L1_TGTAGACCATTGAAAG,Memory CD4 T cell
L5_TGTGATGAGTCACAGG,Memory B cell
E2L1_TGGGTTACACAAGGTG,Memory CD4 T cell
E2L4_GTGGTTAAGAGAGTTT,Cytotoxic T cell
E2L4_CATGCAATCACTCACC,GZMK+ memory T cell
L5_CGCCAGACAGATTTCG,Cytotoxic T cell
E2L2_TCTTGCGGTGACATCT,Classical monocyte
E2L6_AGGTTGTTCGCCTAGG,Cytotoxic T cell
L2_AACAAAGTCGCCAATA,Naive CD4 T cell
E2L6_ATCGATGCACGTGAGA,Cytotoxic T cell
L4_TCTAACTGTGATTCTG,Cytotoxic T cell
L1_GGGACAATCGTGAGAG,CD161+ memory T cell
E2L4_TGTCCCATCGAATCCA,Naive CD4 T cell
E2L7_ATCGCCTGTTAAGTCC,Natural killer cell
L4_GAGATGGGTCTTAGTG,Memory CD4 T cell
L1_GATAGAATCGTAATGC,Naive CD8 T cell
E2L3_GTAGAAAGTCGTCAGC,Natural killer cell
E2L4_CACGGGTGTACTAGCT,Memory CD4 T cell
E2L1_CACATGAGTGCTTATG,Cycling lymphocyte
E2L2_TTGCGTCTCCGGTAAT,Memory CD4 T cell
E2L4_AATAGAGTCTGGTTGA,Cycling lymphocyte
E2L7_GTTACAGCATGCCGAC,Cycling lymphocyte
L5_GTCTGTCAGGCGTTAG,Plasma cell
E2L1_GAGACTTAGCCATCCG,Non-classical monocyte
E2L6_GAGACCCTCGGCTTGG,Conventional dendritic cell 1
L1_GTGATGTAGGTCATTC,CD34+ hematopoietic progenitor
E2L1_TACACCCAGCAGCGAT,CD161+ memory T cell
E2L7_AACACACCATGAGGGT,CD161+ memory T cell
E2L8_GTAGTACCACTGTTCC,Non-classical monocyte
L2_CCGAACGGTACCTAAC,Naive CD4 T cell
L4_AGGCTGCGTAGGATAT,Conventional dendritic cell
L4_TCGGATATCCCATAAG,Naive CD4 T cell
L1_TTCTCTCGTGAGCAGT,Naive CD4 T cell
E2L1_CATGGTAGTTTCGTGA,Cytotoxic T cell
E2L6_TACGGTAAGAAATTGC,Memory B cell
E2L2_TGTTACTGTCCACGCA,Cytotoxic T cell
E2L8_CAAGCTAGTTATGACC,Platelet
E2L8_TTGAACGAGTTGGCGA,Conventional dendritic cell 1
L5_GTCTACCTCCAGTTCC,Conventional dendritic cell
L5_CCTGTTGGTACGGGAT,Plasmacytoid dendritic cell
E2L5_CATGGTACATTCAGCA,Cytotoxic T cell
L1_TTCACCGCATTCATCT,Naive CD4 T cell
E2L7_AATGCCATCGACGTCG,Plasmacytoid dendritic cell
E2L4_ACTATTCCACTATCCC,CD161+ memory T cell
E2L3_GTAGCTAGTAAGATAC,CD161+ memory T cell
E2L5_ATTCTTGTCAATCGGT,Natural killer cell
L4_CGCGTGAAGGGAGGAC,Plasmacytoid dendritic cell
E2L6_GTTGAACCAGTTTCAG,Naive B cell
L3_CAGATTGTCGCAACAT,Cytotoxic T cell
E2L6_AAAGTGATCCAGGACC,Plasma cell
L2_TTGAACGGTGAGAACC,Non-classical monocyte
L3_AGACTCAGTGTCTCCT,CD34+ hematopoietic progenitor
E2L8_TGTGGCGAGGTCTGGA,Cytotoxic T cell
E2L5_CCGATGGTCGCCGAGT,Classical monocyte
L4_GAGGGTATCCAATCCC,Naive CD4 T cell
L5_GAGTGAGTCAACCTTT,Naive CD4 T cell
L3_CTATCTATCAGGACGA,CD161+ memory T cell
E2L3_CTTACCGAGGAAGTAG,Non-classical monocyte
L2_AACAAAGGTCACTAGT,Cytotoxic T cell
E2L1_GGGCTACCAAGCTGTT,Memory B cell
L2_TCAGGTACAAGAAACT,Naive CD8 T cell
L5_TCCTGCAAGTATCTGC,Natural killer cell
L3_AAAGGGCGTATTCCTT,Non-classical monocyte
L1_ACTGCAAAGCGCAATG,Gamma delta T cell
L1_TGTGGCGCATGGCACC,Memory CD4 T cell
L2_ATCGTAGCACTTGTCC,Cytotoxic T cell
E2L7_GCTTTCGCAGGCACTC,Memory B cell
E2L5_TTTCATGCACCTCGTT,Memory CD4 T cell
L1_TTGGGCGAGACTCCGC,Cytotoxic T cell
E2L5_CGATGCGTCGAACGGA,Memory B cell
E2L3_TCCTAATTCATGCTAG,Memory B cell
L3_CATGAGTCAAGAGGTC,CD161+ memory T cell
E2L1_GTCTGTCTCGATGCTA,Memory B cell
E2L3_GAGGCAAAGAAAGTCT,Cycling lymphocyte
E2L5_GGGACAAAGAATGTTG,Classical monocyte
E2L5_CTACAGACAGCAAGAC,Low-quality cell
E2L1_CTACGGGAGTGCCGAA,Natural killer cell
E2L4_TTGCTGCAGACGGATC,Naive CD8 T cell
L1_CGGGACTGTAACGTTC,Memory CD4 T cell
L3_CAGTTAGTCTCCCTAG,Naive CD4 T cell
L2_ATCGGATCACTAGGCC,Natural killer cell
E2L5_TCAGTTTTCCATAAGC,Conventional dendritic cell 1
E2L5_AAGATAGTCCCGATCT,Cytotoxic T cell
E2L1_GATCATGTCCTATTTG,Conventional dendritic cell
L1_TCAGGTACACTGCTTC,Memory CD4 T cell
L3_TCCGAAACACCGTGGT,Erythrocyte
L3_TCCCAGTAGGACGGAG,CD34+ hematopoietic progenitor
L5_AAGCGAGGTTTCGGCG,CD161+ memory T cell
E2L3_CACTGAAAGTAACGTA,Cycling lymphocyte
L4_GCCTGTTTCCGATCTC,Gamma delta T cell
E2L2_TCCTGCATCGCTTACC,Naive CD4 T cell
L1_AGGTAGGCATCCTAAG,CD34+ hematopoietic progenitor
L5_GAGGGATGTACCCGCA,Memory CD4 T cell
E2L5_GCTGAATAGAGTCAGC,Conventional dendritic cell
L3_TTTCCTCCACGAGGTA,Natural killer cell
E2L1_GAGGGTACACTGTTCC,Memory B cell
L3_TGATCTTTCGGCCCAA,Naive CD4 T cell
L2_CTAACTTTCACCATCC,Gamma delta T cell
E2L6_CCTTCAGGTAGCCAGA,Plasmacytoid dendritic cell
E2L7_TAGGAGGTCCAGTGCG,Naive CD8 T cell
L3_GATCCCTGTTAGGACG,Plasma cell
L5_GATAGAATCACTGATG,Memory CD4 T cell
E2L1_AACCTGACAAGGTCGA,Cytotoxic T cell
E2L1_GATTGGTAGATTACCC,Memory CD4 T cell
L4_CCACGTTGTTGGACTT,Naive CD8 T cell
L3_ATCGTCCTCTCACGAA,CD34+ hematopoietic progenitor
L1_CAATACGCAAGACCTT,Memory CD4 T cell
E2L8_TCTCAGCGTGTCCACG,CD161+ memory T cell
L2_TACGGTACACCTGCTT,Natural killer cell
E2L4_CCACGAGTCGACGACC,Cycling lymphocyte
L1_AAATGGAGTAAGGTCG,CD161+ memory T cell
E2L6_GGGATCCAGGTATAGT,Platelet
E2L7_GTGCTTCTCCGGACGT,Naive B cell
E2L2_TCATCCGCATCATTGG,Cytotoxic T cell
L4_AGTTCCCCATCCAATG,Cytotoxic T cell
L5_GGAGGTACAGATTCGT,CD34+ hematopoietic progenitor
E2L1_GAATCGTTCGAGGCAA,Cytotoxic T cell
L4_CAACCTCAGTCTAACC,Plasma cell
E2L3_ATCACTTTCAAAGCCT,Plasma cell
E2L3_TCGGGCAGTTCCTTGC,Cycling lymphocyte
L4_TGCAGTATCACTCACC,Non-classical monocyte
L4_TGGTACAGTGCATGTT,Naive CD4 T cell
L5_CTGATCCCAGCACGAA,Naive CD4 T cell
E2L6_GGCAGTCCAACCCTAA,Memory CD4 T cell
E2L6_CGCGTGACAGTTGTCA,Memory CD4 T cell
E2L7_GTGTGGCAGGAGACCT,Non-classical monocyte
L3_CCACTTGCAACCCTCT,Conventional dendritic cell 1
L1_TGACGCGCAGTAGTTC,Cytotoxic T cell
L4_TCCACCATCGTAACTG,Conventional dendritic cell
E2L7_CAGATACGTGTGCCTG,Memory B cell
L5_GCAGCTGCAGCGGTCT,Naive CD4 T cell
L5_TCTTGCGAGACTTCGT,GZMK+ memory T cell
E2L6_GACACGCAGATGACCG,Memory B cell
E2L3_TGATGGTGTGAACTAA,Classical monocyte
L4_TGCGGCAAGACCATTC,Plasma cell
E2L7_AGATCGTGTCCTTAAG,Cytotoxic T cell
E2L6_CGATGCGGTACTTCCC,Naive CD4 T cell
E2L4_ACGGAAGGTATTGGCT,Naive B cell
E2L1_CTACATTCAAGATTGA,Naive CD8 T cell
L5_CAAAGAACACCCTATC,Cycling lymphocyte
L1_GAAATGAAGGCCATAG,Cytotoxic T cell
L4_GTGTGGCTCGCTTGCT,Naive CD8 T cell
L5_ATTGGGTGTGGCTACC,Memory CD4 T cell
E2L5_ACCCTTGCAAGAGAGA,CD161+ memory T cell
E2L4_CTACCTGCATGCAGCC,Platelet
L5_CTAGACAAGGGTATAT,Memory CD4 T cell
E2L8_AGAAGTAAGGCTAACG,Memory B cell
E2L3_AGAAATGGTCCCGGTA,Conventional dendritic cell
E2L6_ACAAAGACAAGTGATA,Naive CD8 T cell
E2L5_TCTAACTAGTGCACTT,Cycling lymphocyte
E2L4_AAGCATCGTGAGAACC,Plasmacytoid dendritic cell
E2L3_CGCATAACATAAGCAA,Classical monocyte
L3_CCACCATGTCTTCCGT,Cycling lymphocyte
E2L2_AGATAGAAGTAGCATA,Conventional dendritic cell 1
L4_AGGTTACAGTCGTCTA,Memory CD4 T cell
E2L7_TACAGGTTCACCATGA,Memory CD4 T cell
L2_TTTAGTCGTTACAGCT,CD161+ memory T cell
E2L4_GGGAGATTCCATCACC,Memory B cell
E2L6_GAGGGATGTCTGCGCA,Naive CD8 T cell
E2L3_ATGAGGGCAAACCGGA,Memory CD4 T cell
E2L4_TCCAGAATCGTTTACT,Low-quality cell
E2L4_GTTTACTTCTCTGAGA,Naive CD4 T cell
L2_AGTGATCCACGATAGG,Cytotoxic T cell
E2L4_CCGATCTAGAGTCTTC,CD161+ memory T cell
L2_TGAATCGCAGCGTGCT,Naive CD8 T cell
L1_CACCGTTAGTATTAGG,Cycling lymphocyte
E2L5_TCAGCCTTCAAGCCTA,Plasmacytoid dendritic cell
L2_GTACAACGTTATGTCG,Naive CD8 T cell
L1_TCGGGCAAGCACCGAA,Naive CD8 T cell
E2L2_TAGTGCAGTAGCTGAG,Memory B cell
E2L3_GTGCTGGCAGGACTAG,Plasmacytoid dendritic cell
L4_TATATCCAGTAGATCA,GZMK+ memory T cell
E2L4_TTGAGTGAGACATAGT,Cycling lymphocyte
L4_TCGCACTAGAGGTCAC,Naive CD4 T cell
E2L1_GTGTTCCAGCCTCCAG,Naive B cell
L5_TCTAACTTCCGCACGA,Naive CD4 T cell
L5_ACGATGTAGAATAACC,Naive CD4 T cell
E2L3_GGAGCAAAGAGACAAG,Conventional dendritic cell
E2L5_CAGGCCACATAACGGG,Conventional dendritic cell
E2L6_TAGACCATCAGTCATG,Natural killer cell
E2L4_ATTCGTTAGGTGCATG,Cycling lymphocyte
E2L8_CTATCTACATGGGATG,Naive CD4 T cell
E2L7_ATGGGAGTCACATCAG,Classical monocyte
E2L2_TAAGCACAGCTTCTAG,Low-quality cell
E2L2_CTGCCATGTTGCATGT,GZMK+ memory T cell
E2L4_TCACTCGCAGAGGTTG,Memory CD4 T cell
L4_TGCTCCACAAATCGTC,CD161+ memory T cell
E2L2_GCATCTCCAGAGAAAG,Naive CD4 T cell
L4_GTTCTATCAAGGATGC,Naive CD4 T cell
E2L4_CCTACGTAGCAAGGAA,Conventional dendritic cell
L5_CGGGCATAGCCTGGAA,Natural killer cell
E2L2_TTCACGCAGGCTCACC,Non-classical monocyte
L5_CTGGCAGTCCGCACTT,Naive CD8 T cell
L1_AAATGGAGTTCAGCGC,Naive CD4 T cell
E2L4_CACTGGGGTTGTGCAT,Memory B cell
L3_AGTTCCCTCGATGGAG,Naive CD8 T cell
E2L2_GGGTGAAGTCCACTTC,Natural killer cell
L5_AGGTCTAGTGAGAACC,Classical monocyte
L1_AGATCGTGTTATGGTC,Memory B cell
L2_CATGGATCAGGTCCCA,Naive CD8 T cell
E2L4_GTTTACTGTCGATTCA,Naive B cell
L2_AATTTCCGTGTCACAT,Cytotoxic T cell
L2_GTCCTCAGTATAATGG,CD161+ memory T cell
E2L1_TGGAACTGTCGGTACC,Plasma cell
L2_TCCAGAATCCGATGTA,Memory CD4 T cell
E2L8_GTGGCGTTCCGCAACG,Cycling lymphocyte
E2L6_TATGTTCAGTAAGGGA,Natural killer cell
E2L6_GTTATGGGTGAGTAAT,Memory CD4 T cell
L4_TATCAGGCATGTGTCA,CD34+ hematopoietic progenitor
L1_AATTCCTCACGGTGAA,Memory CD4 T cell
E2L2_TACCCGTTCTTTGATC,Natural killer cell
L1_CCAATGAAGCAAATCA,Naive CD4 T cell
E2L1_GTTCGCTCATCTGGGC,Plasmacytoid dendritic cell
L1_AGGCCACAGGTAGGCT,CD34+ hematopoietic progenitor
L4_GTACAGTAGAACGCGT,Memory B cell
E2L7_AGTACTGAGGCCTTGC,Natural killer cell
L5_TATTGCTCACTAGAGG,Erythrocyte
E2L6_GCTTGGGCAAGTGCAG,Conventional dendritic cell
L1_GTCTAGATCCGAGGCT,Conventional dendritic cell
L4_GCGGAAATCTATACTC,Plasmacytoid dendritic cell
L4_GATCAGTTCACCGGGT,Erythrocyte
L4_AGGTAGGCACGGGCTT,Naive CD4 T cell
L1_GACAGCCGTGCCGGTT,Cytotoxic T cell
E2L8_AACAAAGGTTCGCGTG,Cytotoxic T cell
E2L2_ATTACCTAGCACTGGA,Natural killer cell
E2L3_ACGTTCCAGTCAACAA,Classical monocyte
E2L4_TAACCAGAGGAACGCT,Cytotoxic T cell
E2L1_GACTGATTCACCGACG,Naive B cell
E2L8_AGTGTTGCAGCTCATA,Natural killer cell
E2L6_GGAAGTGCACGCGTGT,Conventional dendritic cell
L2_TACAACGCAAGCGGAT,Naive CD4 T cell
L1_CGTGTCTCATTGACCA,Memory CD4 T cell
E2L1_GTTGTGATCTTCTCAA,Cytotoxic T cell
L4_GGTAATCTCGAACCTA,Erythrocyte
E2L8_TTCGGTCAGCATGCAG,Memory CD4 T cell
E2L4_TACCCGTAGGTTGCCC,Naive CD4 T cell
E2L5_ATTCAGGGTCGCGTTG,Non-classical monocyte
L1_TGTAACGTCTTACGTT,Cytotoxic T cell
E2L2_CCTCTAGGTGACTGAG,Memory B cell
L1_GATTGGTCATCACCAA,Conventional dendritic cell
L4_TACCTGCGTTCCACAA,Naive CD4 T cell
E2L7_CTCAATTGTCGAGCTC,Memory CD4 T cell
E2L2_TCTGCCAGTCTAGTGT,Classical monocyte
L3_GGGTAGACAAGTGATA,Naive CD4 T cell
L3_TGCTCCAAGATGATTG,Cytotoxic T cell
L1_CTCCAACGTGTGTGGA,Naive CD8 T cell
E2L6_TTCTAACCAATTCGTG,Naive CD8 T cell
L2_CTACTATCAAGTACCT,Natural killer cell
E2L5_GGCTTGGCATATTCGG,Plasma cell
E2L2_GTAATGCCAGCCGGTT,Cytotoxic T cell
E2L8_GTTGAACAGGGCTAAC,Cytotoxic T cell
L2_TAAGTCGTCTCCTACG,Naive CD8 T cell
E2L7_CATGAGTTCTGGTCAA,Platelet
L5_TAACACGAGCTCGCAC,Naive B cell
E2L4_GTTGTAGAGGGCTGAT,Memory CD4 T cell
L4_GCACGGTAGGTGGTTG,Naive CD4 T cell
E2L8_CGTGTCTCAAGGCCTC,Platelet
E2L2_GAGTCATAGTAGTCAA,Platelet
E2L3_TGTTCTACAGGACGAT,Memory B cell
L2_CAGCACGCAAGACCGA,CD161+ memory T cell
E2L7_GTAGTACTCTCTTGCG,CD161+ memory T cell
E2L5_ACTTTGTGTTCTATCT,Plasmacytoid dendritic cell
E2L3_CACCAAAAGAAGCCTG,Conventional dendritic cell 1
E2L5_CATCGTCCATAATGAG,Memory B cell
E2L6_ATCCGTCCATCCGTTC,Conventional dendritic cell
L4_TAGATCGCACGCTATA,CD34+ hematopoietic progenitor
L4_ATCATTCTCTATTTCG,Naive CD8 T cell
L2_GGGCGTTCAGGACATG,Platelet
L5_GATCCCTGTATGAGGC,Memory CD4 T cell
L4_TATCTGTTCAGCGCAC,Cycling lymphocyte
E2L1_CCGGACAGTTGACTGT,Natural killer cell
L2_CTCTCGAAGCAGGGAG,Cycling lymphocyte
E2L4_GTTGTCCAGTCATCCA,Memory B cell
L2_GGTTAACGTCTTGTCC,CD34+ hematopoietic progenitor
E2L4_TCACATTCAACAACAA,Conventional dendritic cell 1
L5_GAAATGAGTAAGGCTG,Plasma cell
L5_CTCCCAAAGCAGATAT,Naive CD4 T cell
E2L6_AATGGAACAGCTTTGA,Cytotoxic T cell
L3_TCCGGGAGTACCTAGT,CD34+ hematopoietic progenitor
L5_GTCCTCACAAGATCCT,Naive CD4 T cell
E2L2_TGTCCTGGTCTAACTG,Memory B cell
L1_ATCACTTGTCAACGCC,Memory B cell
L2_CACCGTTTCGAAGTGG,CD34+ hematopoietic progenitor
E2L3_TATCAGGGTTGGTACT,Naive CD4 T cell
L1_CGATCGGGTACTCGCG,Memory CD4 T cell
L2_AAGACAATCGAGAGCA,Memory B cell
L4_CAACGGCCAATAGTAG,Naive CD8 T cell
L2_GGTCACGGTTAAGGAT,Memory CD4 T cell
E2L5_CCACACTTCACCGGTG,Memory CD4 T cell
E2L6_CCTTGTGAGCTCGGCT,Memory CD4 T cell
E2L5_TCTATCAAGCTTTGTG,Memory CD4 T cell
E2L3_GTCTAGAGTAGCTGTT,Cycling lymphocyte
E2L2_GCCATTCCAGAAATCA,Cycling lymphocyte
L2_CGCGTGACACGAAGAC,Naive CD4 T cell
E2L8_GGGATGAGTGGCAGAT,Cytotoxic T cell
L1_TCCCATGAGGAATGTT,Conventional dendritic cell 1
E2L8_GACTGATCAATGGGTG,Platelet
E2L7_TCAAGCAGTTCATCGA,Plasma cell
L4_TCTGCCATCGAGTACT,Naive CD4 T cell
L1_CGGCAGTGTGCCAAGA,GZMK+ memory T cell
E2L4_AGTAGCTTCGTCAAAC,Cycling lymphocyte
E2L8_CGCATGGGTAGCCCTG,Erythrocyte
E2L5_TGAGCGCTCACTCCGT,Plasmacytoid dendritic cell
E2L5_ATGAGGGCAGGAAGTC,Memory CD4 T cell
L3_TTTGGTTGTCTAGTGT,Natural killer cell
L1_AGACAGGTCTTCCCGA,CD34+ hematopoietic progenitor
E2L6_GTTATGGCAAATACAG,Cytotoxic T cell
E2L2_TTTCGATCAGCAGTGA,Plasma cell
L1_GAAGGACGTCAGACGA,Naive CD4 T cell
L5_GAAGCGAGTCATACCA,CD161+ memory T cell
E2L3_GGCAGTCCAGATGCGA,Memory CD4 T cell
L2_GCTGGGTGTGTTCAGT,Plasma cell
L5_ATGAGTCGTACGACTT,Naive CD4 T cell
E2L5_AAAGTGAGTAACCCTA,Plasmacytoid dendritic cell
L1_AAACGCTGTGCTCGTG,Naive CD4 T cell
L3_TCTCAGCGTAGGCTCC,Cytotoxic T cell
E2L8_AGTCAACCAGGAATAT,Low-quality cell
E2L1_CACTGTCTCTCGGGAC,Naive CD4 T cell
L1_GAGCTGCGTTACAGCT,CD161+ memory T cell
E2L2_CATAGACCATGCTGCG,Platelet
L4_TAAGCGTTCTTCGTAT,Naive CD8 T cell
E2L5_CAACCAAAGGGATGTC,Natural killer cell
E2L7_CGGAATTTCGTTCTCG,Cytotoxic T cell
L2_CACTAAGTCTATGTGG,CD34+ hematopoietic progenitor
E2L5_CATTTCAGTTCGTTCC,Plasma cell
E2L6_TAGGGTTAGCTAAACA,Conventional dendritic cell
L3_ACTGCAAGTAGCTGCC,Naive CD4 T cell
L2_TTCTTCCAGGTTACCT,Naive B cell
L2_GTCTAGAGTTCGTTCC,Naive CD4 T cell
L5_TCATCCGCACTAGGCC,Memory B cell
E2L2_TAAGTCGAGTAGGGTC,Plasmacytoid dendritic cell
E2L1_TTCCACGCAGTAGAGC,Conventional dendritic cell
L1_CCGATGGCAACTTGCA,Naive CD4 T cell
E2L2_GTCGTAACAAGGCGTA,Memory CD4 T cell
L2_TGCGGCACAACCACAT,Natural killer cell
E2L8_CCCGGAATCGGCTGTG,Low-quality cell
L4_AACTTCTGTAGGACTG,Cytotoxic T cell
E2L3_CCGGGTATCCGGCAGT,Memory B cell
E2L4_CTAACCCTCTTACGGA,Memory CD4 T cell
L1_TTGGTTTCAGTCACGC,Memory CD4 T cell
E2L4_TTCCTAACAGTCGTTA,Non-classical monocyte
L1_TCAGCAAAGCTCCCTT,CD34+ hematopoietic progenitor
L3_CAATTTCGTGAGCTCC,CD34+ hematopoietic progenitor
E2L2_TTCATTGAGTAGAATC,Conventional dendritic cell
E2L3_GTTATGGTCTTTCAGT,Cytotoxic T cell
E2L8_TGCTTCGGTGCATCTA,Naive B cell
L4_TTTCCTCTCCGTGTGG,Naive CD8 T cell
L1_TCAGTTTAGTCTAGAA,Cytotoxic T cell
E2L7_GTGAGCCAGGCAGGGA,Gamma delta T cell
E2L1_GGGTCACGTAATCAAG,Low-quality cell
L2_TCGGGTGCAGCACACC,CD161+ memory T cell
L4_GTGCTGGAGAATCGAT,Naive CD4 T cell
E2L6_CAACCTCCACTGCGTG,Plasmacytoid dendritic cell
L2_GAGACTTAGTTGGAGC,Plasma cell
E2L3_TCTACATTCCTTTGAT,Cytotoxic T cell
L1_GAGTTTGAGACGAAGA,Cytotoxic T cell
E2L3_CCTGCATCAAGAAACT,CD161+ memory T cell
L4_AACAAGAAGACTAAGT,Cytotoxic T cell
L5_GGGCTCAGTTACGGAG,Cycling lymphocyte
L4_TCTTCCTTCTGGTGCG,CD161+ memory T cell
L5_AAACGCTGTCGTCATA,Conventional dendritic cell
E2L4_GTCGAATGTGGTCTCG,Conventional dendritic cell
L1_ACCTGTCGTATGAGCG,Platelet
L4_GTCCACTTCAATCTTC,Naive CD4 T cell
L5_CAGGTATGTGAATTAG,Cytotoxic T cell
L3_GCATGATTCGGTCTGG,CD161+ memory T cell
L2_CCTAAGATCTAACACG,Conventional dendritic cell 1
E2L5_TTTAGTCGTTAACCTG,Memory CD4 T cell
L2_CATCCACCAATCCAGT,Naive CD4 T cell
E2L5_GTCACTCTCCCAATAG,Memory B cell
E2L6_AACACACTCCACTGAA,Classical monocyte
L1_CGGGTGTGTAGTGTGG,Naive CD4 T cell
L3_AGCTACAGTGGTTCTA,Non-classical monocyte
E2L4_GTTACCCGTATTCCGA,Natural killer cell
E2L3_AACCATGCAACTGCTA,Cytotoxic T cell
L5_TCTCAGCCACAGCCTG,Plasma cell
L5_TTTCACATCCTTATCA,Naive CD4 T cell
E2L4_AAGATAGAGAGGTATT,Classical monocyte
L2_TTTCATGTCCAACTAG,Cycling lymphocyte
L4_CTCCCTCTCGATTGAC,Plasmacytoid dendritic cell
E2L1_TCGGGCATCCTCTAGC,Gamma delta T cell
L1_AACAAAGAGGGAGAAT,Conventional dendritic cell
L1_CCCTGATGTGTCCGTG,Naive CD4 T cell
L3_TGGGAGATCAAACCTG,Erythrocyte
E2L8_AGGCCACCATTGACAC,Cytotoxic T cell
E2L2_TCTGGCTTCGCAGTCG,Naive B cell
E2L7_CCTATCGGTGAGAACC,Memory B cell
E2L1_CGTTCTGGTCAAGTTC,Cytotoxic T cell
L4_ACCCTCATCACTGTTT,Plasma cell
E2L5_TAGACTGTCTGCGGGT,Cytotoxic T cell
L3_CGAGGCTCAGTGTATC,CD161+ memory T cell
E2L3_CACGGGTCACGGTAGA,Naive CD4 T cell
E2L3_GTTGCTCTCCGTTGAA,Memory CD4 T cell
L1_AATGCCAGTCTGCAAT,Naive CD4 T cell
E2L7_CTTCAATAGAAGTATC,Cytotoxic T cell
L5_AGAGAATTCGAACCTA,Natural killer cell
L5_CCCTTAGTCGCCAGTG,Plasma cell
L3_AGGACGAGTATCACCA,CD161+ memory T cell
L3_TTCCGGTTCTCATGCC,Cytotoxic T cell
L1_CTAACCCTCGGCAGTC,Naive CD4 T cell
E2L2_TGGAACTCACTTGGGC,Low-quality cell
E2L2_GGGTGTCCACGAGGTA,Memory CD4 T cell
L5_TGACAGTTCTCATGCC,Natural killer cell
L4_GGAGAACCACCTGTCT,Memory CD4 T cell
L3_CCACAAAGTGAGCAGT,Naive CD4 T cell
E2L3_CCAATGATCTAATTCC,Naive B cell
E2L1_CCGTGAGCACAAGCAG,Memory CD4 T cell
E2L1_TCATTGTTCTGCATGA,Plasmacytoid dendritic cell
E2L7_TTTAGTCCAAAGAACT,Naive B cell
L3_TGGGTTATCGACGAGA,Memory B cell
E2L5_TCTAACTTCCTCGCAT,CD34+ hematopoietic progenitor
E2L2_CCGCAAGGTTCCGTTC,Memory B cell
E2L2_GAGTGAGTCGAGTGGA,Memory CD4 T cell
E2L2_AGTGACTGTCGACTTA,CD161+ memory T cell
E2L5_CAATGACTCTAGACCA,Gamma delta T cell
E2L2_ATTCCTAAGACAACTA,Natural killer cell
L1_GGCAGTCTCACTGGGC,Naive CD4 T cell
E2L4_AACCACAAGTACAGCG,Platelet
E2L1_AAGTGAACACATTCGA,Memory B cell
L2_GTGAGTTCAGGTGAGT,CD34+ hematopoietic progenitor
E2L2_CTTCCTTAGGTTAAAC,Platelet
E2L2_CGAAGGAAGACCTCAT,Cytotoxic T cell
E2L8_TGGGAGAAGGCACCAA,Low-quality cell
E2L3_CAGCACGTCGACACCG,Cytotoxic T cell
L5_GTAGAAATCCGCTTAC,Non-classical monocyte
E2L5_TACTTACGTGATGGCA,Cycling lymphocyte
E2L6_TCCACGTGTCTATGAC,Memory B cell
L2_ATTTCACAGCATACTC,Non-classical monocyte
E2L5_CGTCAAAAGTTGGAAT,Memory B cell
E2L3_ATGGAGGAGAGATTCA,Conventional dendritic cell
L2_CGTGCTTTCATCTGTT,Natural killer cell
E2L4_CGAAGTTCACGGATCC,Memory CD4 T cell
L1_CACGAATCAGAAATCA,Conventional dendritic cell
E2L4_ATTACCTCAGATGCGA,Gamma delta T cell
L2_GCACGGTGTCAGTTTG,CD34+ hematopoietic progenitor
L5_CTCCCTCCACATTCTT,Low-quality cell
L5_TGAGCATTCCGAACGC,Naive CD4 T cell
L2_ATGCATGAGTGGATAT,Naive CD4 T cell
L5_GGTGATTGTTCAAGGG,CD34+ hematopoietic progenitor
L3_CAGCAATAGGAGACCT,Memory CD4 T cell
L3_CCCTCTCTCCCTCATG,Non-classical monocyte
L4_GGACGTCCAGCGACAA,Naive CD4 T cell
L5_TAACTTCTCAAGGCTT,CD161+ memory T cell
L4_GAAGTAATCGGATAAA,Naive CD4 T cell
L4_TTCCAATAGGCAGGGA,Non-classical monocyte
E2L3_GAAGCGAAGCACTAAA,Classical monocyte
E2L1_TCTAACTCACAACCGC,Naive B cell
E2L4_GGTAACTCACCAGGTC,Low-quality cell
E2L1_AGGGCTCGTAACATGA,Memory B cell
L4_TCATTGTAGGTGTGAC,Non-classical monocyte
E2L3_CTTCAATGTAAGATAC,Naive CD4 T cell
E2L5_AATGAAGGTAAGTTAG,Cycling lymphocyte
E2L8_CGATCGGTCAGCTAGT,Cytotoxic T cell
E2L8_AAGTGAAAGAAACTGT,Memory CD4 T cell
L4_TCTCTGGAGGAATGTT,Cytotoxic T cell
E2L8_AGGGCTCTCTGTTCAT,Plasmacytoid dendritic cell
E2L4_TGGAGAGGTGGACTAG,Cytotoxic T cell
E2L1_ACTTATCTCACACGAT,Platelet
E2L8_TCGTAGATCCGGTAGC,Memory B cell
E2L5_CCGATGGAGACCAACG,Cytotoxic T cell
L5_TATCTGTCAGTAACAA,Platelet
L3_GGGCGTTCACCCTAGG,Naive CD4 T cell
L3_CGGGCATCATGGAACG,Natural killer cell
E2L5_ACTGTGACAAAGGATT,Memory B cell
L2_CCTCACAAGTATCCTG,Natural killer cell
L4_GCAACCGGTACTGGGA,Naive CD8 T cell
E2L3_TATACCTTCTGGCCGA,Natural killer cell
E2L6_GAACTGTAGATGGCAC,Naive CD4 T cell
E2L6_GAGCCTGTCCCGAAAT,Memory B cell
E2L1_AAAGTGAAGATACAGT,Natural killer cell
E2L7_ATTCACTCAATCGCGC,Natural killer cell
L5_TAGACCAAGGTACATA,Cytotoxic T cell
L2_CATGCTCTCTGTCTCG,CD161+ memory T cell
E2L1_GATGACTCATACGCAT,Naive CD8 T cell
E2L2_AGAACCTAGTTCTCTT,Memory B cell
L1_CATGCGGTCGTTAGAC,Plasma cell
E2L3_ATGGATCAGTTCTCTT,Gamma delta T cell
E2L4_GTGCTTCGTGTCATCA,Gamma delta T cell
L5_TGCTCGTTCTCACTCG,CD34+ hematopoietic progenitor
E2L6_GGAATGGGTTCAAAGA,Cytotoxic T cell
E2L1_TCAGTCCCACAACGCC,CD161+ memory T cell
E2L6_TCGATTTGTACACGTT,Non-classical monocyte
E2L5_CCACTTGTCCCGAGAC,Cytotoxic T cell
E2L3_ATCGTGACAGCACGAA,CD161+ memory T cell
E2L8_AGACACTCAAGTCCAT,Conventional dendritic cell
L4_AAGCGTTGTCGGCCTA,Naive CD4 T cell
L4_GTGTGATTCAAGGCTT,Naive CD8 T cell
E2L7_ACTTCCGAGGTTAAAC,Naive B cell
L4_CTCAGTCGTCGGATTT,CD161+ memory T cell
E2L5_GCCATTCAGCTCAGAG,Naive CD8 T cell
L1_TTGACCCGTATGGTTC,Naive CD4 T cell
L5_ATTCGTTTCTGCTTTA,CD161+ memory T cell
L2_ATTATCCTCCCTCAAC,Plasma cell
L3_AATGGAATCGCAGTGC,Cycling lymphocyte
E2L5_CAGAGCCTCCTTATAC,Cytotoxic T cell
L3_GGGATGACAGACACCC,Naive CD4 T cell
L3_TGTGATGAGACAAGCC,CD161+ memory T cell
E2L7_GAATCACGTACCACGC,Naive B cell
L3_TACCGGGAGAGCTGAC,Memory CD4 T cell
E2L7_TCGCTTGAGTATGTAG,Cycling lymphocyte
E2L2_GCGGAAACAGCCCAGT,Non-classical monocyte
E2L1_CACATGAAGGTACATA,Naive B cell
E2L6_TTTAGTCGTCTTCCGT,CD161+ memory T cell
L3_TATATCCCAGGGACTA,Classical monocyte
E2L7_AGCTCAAGTAGGCTGA,Classical monocyte
L5_AGAAGTACACTTGACA,Naive CD4 T cell
E2L6_CAGCGTGAGTGGAATT,Naive CD8 T cell
E2L8_TCCGTGTCATGGCACC,Cytotoxic T cell
L2_TGGGATTCATGTGCTA,Memory B cell
L2_GTTCCGTCAAAGCTAA,Cycling lymphocyte
E2L2_GGTTGTAGTTTCGTGA,Plasma cell
L5_AATTCCTAGAACGCGT,Cycling lymphocyte
E2L2_CAGCACGAGTTAGTGA,Naive CD8 T cell
L4_CGAATTGGTCTTGTCC,Natural killer cell
L1_CGGAATTAGGATATGT,Memory CD4 T cell
L4_CCCTCAAGTAGATCGG,Non-classical monocyte
E2L6_TTGTGGACATGGCTAT,Naive B cell
L5_GCCATTCTCTCTCTTC,Memory B cell
E2L7_ACCAAACTCATAGACC,Naive B cell
L3_CACCGTTTCACTTGTT,Memory B cell
E2L1_CCACCATTCATTTACC,Memory CD4 T cell
E2L4_GAATCGTAGGCTAGCA,Naive CD4 T cell
E2L3_GTTGCGGGTGTTAACC,Cytotoxic T cell
L5_GTGTCCTGTTACCCAA,Naive CD8 T cell
L2_GCAGCCAGTAAGCTCT,Non-classical monocyte
L5_GCGGATCAGACGGAAA,Naive CD4 T cell
L2_TTCCAATTCTGGACTA,Non-classical monocyte
L4_ATGGGTTTCTGCACCT,Cytotoxic T cell
E2L1_CTCCATGCACTTACAG,Cytotoxic T cell
E2L7_TCATGGAGTTGCTCAA,Low-quality cell
L4_GCCAACGCATAATGCC,CD34+ hematopoietic progenitor
E2L7_TTCGCTGCAGCTTTCC,Memory CD4 T cell
E2L2_TGATTTCCACTATCCC,CD161+ memory T cell
L3_CCACAAAAGAGGGCGA,Erythrocyte
L2_CGGAACCAGCCTGGAA,Plasma cell
E2L4_CTAGGTATCATAAGGA,Low-quality cell
E2L7_CTCATGCAGTCGTCTA,Conventional dendritic cell 1
E2L2_CTCTGGTCACGGCTAC,Memory B cell
L3_TATTGGGCAAGCGGAT,Memory CD4 T cell
E2L2_TTGTTCAGTTGATCGT,Non-classical monocyte
E2L2_ATAGAGACACGTTGGC,Memory CD4 T cell
L1_AAAGGGCTCGTTACCC,Plasma cell
E2L2_CTCCTTTAGATAGGGA,Memory B cell
E2L8_GCATCGGCACAAAGTA,Plasma cell
E2L5_GGAAGTGTCCTGCCAT,Non-classical monocyte
E2L2_GTGGCGTTCGACATAC,Memory CD4 T cell
E2L2_GGGTGTCAGGCTGGAT,Cytotoxic T cell
E2L7_TTTACCATCAGAGTTC,Platelet
L3_CCAAGCGTCTAAGGAA,Cycling lymphocyte
E2L2_CTCGAGGGTACAGTAA,Naive CD8 T cell
E2L6_AAAGAACTCAGACCTA,Memory B cell
E2L2_AGGGTCCGTCAGGAGT,Non-classical monocyte
E2L6_GGTGAAGCAGACCAGA,Memory CD4 T cell
L5_GGACGTCCAGGACAGT,CD161+ memory T cell
E2L5_ACCAAACTCTTCTAAC,Plasmacytoid dendritic cell
L4_CATGCGGAGTTAGAAC,Cycling lymphocyte
E2L1_AATCGTGTCTGCGATA,Memory CD4 T cell
E2L3_TCACGGGCACACCGCA,Non-classical monocyte
E2L7_ATTTCACCAGGCCTGT,Natural killer cell
E2L1_AGAGCAGGTACTTCCC,Plasma cell
E2L2_TCCTAATCATGTCAGT,Cytotoxic T cell
E2L7_CTCCTTTTCGTAACAC,Cytotoxic T cell
L4_CCGTTCAGTAGCTTAC,Cytotoxic T cell
L4_AGTCTCCAGCCACAAG,CD34+ hematopoietic progenitor
L1_TTGGATGGTAAGGTCG,Memory CD4 T cell
L4_AGGACTTCAGTCTTCC,Naive B cell
E2L4_CTCAATTCAGCGTACC,Classical monocyte
E2L2_AAAGTGACATAGTCGT,Cycling lymphocyte
L4_AGACCCGCAGCTATTG,Cytotoxic T cell
E2L6_ATAGACCAGCTGAGTG,Memory CD4 T cell
L1_GGGTTTAAGGCAGTCA,Cytotoxic T cell
L4_CGCAGGTTCACGATCA,Plasma cell
E2L4_TGCAGTATCTTCTAAC,Memory CD4 T cell
L2_ATGCATGGTCGAGCAA,Conventional dendritic cell
E2L4_CGAAGTTGTTTCACAG,Platelet
E2L2_AAACGCTTCATGCCGG,Conventional dendritic cell 1
L4_ATCCCTGCAGACTCTA,Naive CD4 T cell
E2L8_ATGCCTCAGCACGATG,Low-quality cell
E2L3_CCGGTGAGTGTACATC,Memory CD4 T cell
E2L7_GTCTGTCAGGACTATA,Natural killer cell
L3_GGGTCTGGTGCCCACA,Natural killer cell
L4_CTAACCCAGTGTTCAC,Naive B cell
L3_CGGGCATGTTGTAAAG,Naive CD4 T cell
L3_ACGTAGTCAGACAATA,CD34+ hematopoietic progenitor
E2L4_CACAGATAGGATTTGA,Classical monocyte
L1_TGGATCAAGCTGGCCT,Naive CD4 T cell
L3_TAAGCCATCGACCAAT,Natural killer cell
L4_ACAGAAATCCATACAG,Naive CD4 T cell
E2L2_CTACCTGAGCCATTTG,Natural killer cell
L2_CATCGTCAGCCATATC,Naive CD4 T cell
L3_CTGTACCCACAAATCC,Naive CD4 T cell
L3_TTCTGTAAGGTCGAGT,Memory B cell
E2L8_TCATTCACATGTGCTA,Natural killer cell
E2L8_CTCTCAGCATGCCGGT,Cycling lymphocyte
E2L7_CTTCCGAGTGCTCTCT,Cycling lymphocyte
E2L8_TATCTGTTCTTGATTC,Cytotoxic T cell
L4_ACCTGAACAGTAGAAT,CD34+ hematopoietic progenitor
E2L4_AGAACCTTCGATGCAT,Natural killer cell
E2L2_CGATGCGAGTAGTCCT,Natural killer cell
L1_TGCTTGCAGTAGCATA,Plasma cell
E2L6_CGCGTGATCTGCATAG,Conventional dendritic cell
E2L5_TTCTTCCAGTCGGGAT,Cycling lymphocyte
E2L2_CGAAGGAGTTCGGTTA,Non-classical monocyte
E2L1_CAGATCAAGAACCGCA,Platelet
E2L3_TCGAAGTAGATTGATG,Memory B cell
E2L5_GGGCTCACAACTGCTA,Naive CD4 T cell
E2L2_ACCCAAATCGAGAAGC,Classical monocyte
E2L4_CCCTTAGGTGATAGTA,Cycling lymphocyte
E2L8_TAATTCCCACGGCTAC,Plasmacytoid dendritic cell
E2L7_ATTCAGGGTCACAATC,Memory B cell
L1_AGGGTCCAGCATGTTC,GZMK+ memory T cell
L1_ACAAAGATCACTCTTA,Naive CD4 T cell
E2L8_CTGTACCGTCGTCATA,Memory B cell
L1_TCACACCCACGTGTGC,Memory CD4 T cell
L4_GGAGAACTCCTCGATC,Naive CD4 T cell
E2L7_TACTTCAGTCTCTCAC,Conventional dendritic cell 1
L2_GTCAAGTAGCCTTCTC,Cytotoxic T cell
E2L4_AGGTAGGGTAAGTTAG,Cytotoxic T cell
E2L4_AAGTGAAGTCCAAAGG,Naive B cell
L3_TGAATGCGTTGCATTG,Cycling lymphocyte
E2L4_ACATGCATCGTGGCGT,Memory CD4 T cell
E2L3_CATAAGCAGATCACTC,Memory B cell
L3_GGTTCTCTCATGAGAA,Memory CD4 T cell
L1_GTCACGGAGCGCATCC,Low-quality cell
E2L7_GTAGAGGGTAAGTTAG,Memory B cell
E2L7_TCTATCAGTAGGAGTC,Platelet
E2L3_ATGATCGGTAACGCGA,Naive B cell
L3_GTTAGACGTGATGAAT,Memory B cell
E2L5_CATACTTAGCACTCAT,Natural killer cell
E2L7_AATCGACCAATTGCCA,Platelet
L5_GCGATCGCAAACAGGC,Naive CD4 T cell
L3_CCACGAGGTGGCCTCA,Naive CD4 T cell
E2L1_AACAAAGAGGCACAAC,Classical monocyte
E2L2_GTGGGAAGTCGAATGG,Non-classical monocyte
E2L2_CTGCGAGAGCCGTTAT,Memory B cell
E2L3_TTTGGAGCACCAGGTC,Plasma cell
L1_TCAAGTGGTAGTGGCA,Naive CD4 T cell
E2L8_GGGTTATAGCTGTACT,Naive B cell
E2L5_AAAGGATGTCTACAGT,Cytotoxic T cell
E2L8_GAATCGTAGTAGGGTC,Cytotoxic T cell
L2_CAACGATCAAGCACAG,Natural killer cell
E2L5_GATTGGTGTTTGTTCT,Classical monocyte
L2_AGGCCACCAATGCAGG,Non-classical monocyte
E2L7_TATTTCGTCCCTAGGG,Naive B cell
E2L2_CTCCCAATCTGCGAGC,Memory CD4 T cell
L3_TTCAGGACATGCAGCC,Memory CD4 T cell
L4_GGGCTCACACTCTGCT,Naive CD4 T cell
L2_ACATCGACACAACATC,CD34+ hematopoietic progenitor
L4_TAACTTCAGGAGACCT,Naive CD8 T cell
L4_GTGGCGTTCTGTAAGC,Erythrocyte
E2L4_GATCGTATCTCAGTCC,Cycling lymphocyte
L1_AACGGGAGTTAAGGAT,CD34+ hematopoietic progenitor
L3_TATTCCATCCGACAGC,Cytotoxic T cell
E2L7_TGTGATGGTAGAGACC,Cycling lymphocyte
E2L1_GGAGGTATCAACCCGG,Memory B cell
E2L6_TTGGGTAAGAAGTCCG,Memory CD4 T cell
E2L7_TGCAGATAGATGTTGA,Memory B cell
E2L1_TACCGGGCATCACAGT,Cytotoxic T cell
L5_AACCTGAGTCCACGCA,Cytotoxic T cell
L5_AACCTGACATCCTGTC,Naive CD8 T cell
E2L6_TTGGATGCATGGGTTT,Memory CD4 T cell
E2L3_TTCACGCAGGTCGTAG,Classical monocyte
E2L2_AAATGGAGTCTCTCCA,Natural killer cell
L1_GGGACTCCAATAGTAG,Cycling lymphocyte
L2_GGAGATGTCCATGAGT,Memory B cell
E2L2_ATGGAGGGTCTACTGA,Memory B cell
E2L8_TCCCACACATGTTTGG,Naive CD8 T cell
E2L4_GTACAGTAGTTCGCAT,Gamma delta T cell
E2L4_TATGTTCGTAGCTTGT,Natural killer cell
E2L5_CCCTAACGTGATTAGA,Cytotoxic T cell
E2L6_GAAGCCCTCGTCAAAC,Memory CD4 T cell
L5_TCAGTTTTCGGTTAGT,Plasma cell
L2_AAACCCATCGTGCGAC,Memory CD4 T cell
L3_TTTATGCCACCATATG,Classical monocyte
E2L4_GTGCTGGGTTTACTTC,Natural killer cell
E2L1_GATGAGGTCGGTCAGC,Non-classical monocyte
L4_ACGTTCCGTACCGTCG,Naive CD8 T cell
L1_ATGTCTTGTAGAGGAA,Cytotoxic T cell
L2_CATTGAGCATGTAACC,Natural killer cell
L1_GACCTTCTCTGGAGAG,CD34+ hematopoietic progenitor
E2L5_TGCAGATCAGTGTGCC,Naive CD8 T cell
L3_GGTAACTAGATGATTG,Plasmacytoid dendritic cell
L3_ATGAGTCGTCGTTATG,Naive CD4 T cell
E2L2_AGACCATGTTAGTCGT,Naive CD4 T cell
L4_TGTTGAGAGTTTGCTG,Naive CD4 T cell
L3_CCATCACCATAGTCGT,GZMK+ memory T cell
L2_TTACCGCAGGGAGATA,Memory B cell
E2L5_CTCAAGAGTGTTATCG,Cytotoxic T cell
E2L6_CCCTGATAGCGCACAA,Naive CD8 T cell
L1_GCCTGTTTCTCAACCC,Gamma delta T cell
E2L2_TCACGGGTCTTGCAGA,Cycling lymphocyte
L5_GTTCGCTAGTACAGAT,Cycling lymphocyte
L5_TTTGGAGGTGGTGATG,CD34+ hematopoietic progenitor
L2_CCGGACAAGTTGCGCC,Conventional dendritic cell
E2L4_CTGAGCGGTTTGGCTA,Cytotoxic T cell
L5_AGACAAATCGAACACT,Memory CD4 T cell
L2_TTCTTGAGTACGTTCA,Naive CD4 T cell
E2L5_GATGAGGTCACCGACG,Non-classical monocyte
L5_TACATTCTCGTCGATA,Memory CD4 T cell
L2_CGACAGCTCACGATCA,Memory CD4 T cell
L4_CCACGTTCAAGATTGA,CD34+ hematopoietic progenitor
L2_GAAGAATAGCCTATCA,Plasma cell
E2L1_CATCGCTGTAGGATAT,Memory B cell
L4_AATGCCATCAGCTGAT,Memory B cell
L2_CGAGTGCAGCAAGTGC,Cytotoxic T cell
E2L1_CATGGATAGGACACTG,Cytotoxic T cell
E2L2_CTCAGGGGTTGGGATG,Cytotoxic T cell
E2L5_CGGCAGTCAGACCAGA,Memory B cell
L5_ATCATTCCACTTGTGA,Naive B cell
E2L1_GTGCTTCTCTGTGCTC,Naive B cell
L2_CATACTTTCGAATGCT,Non-classical monocyte
L5_CATTGCCCATGGTGGA,Platelet
E2L3_AAACGAATCTTGGTCC,Conventional dendritic cell
L3_TGGAACTCACCTGCGA,Cytotoxic T cell
E2L6_TTGCGTCAGGGCGAGA,Plasmacytoid dendritic cell
L5_TGATTTCAGGTCGTCC,Cytotoxic T cell
E2L8_CCGGTGAGTGTTAACC,Cytotoxic T cell
E2L1_CAACCTCCAGTTAAAG,Natural killer cell
E2L6_CCTCTAGCATCAACCA,Platelet
L2_GAATCGTCAGTTGCGC,Natural killer cell
L5_TCGTGGGGTATTTCTC,Naive B cell
E2L4_TGTTGAGTCGGAAGGT,Cycling lymphocyte
E2L1_AGTTCGAGTCGCACAC,Cytotoxic T cell
E2L3_TACATTCGTAGGCTGA,Memory B cell
E2L5_TCGCAGGTCACCCTCA,Natural killer cell
L5_CGACAGCCAATCCTAG,Naive CD4 T cell
E2L4_GGTGTCGCAAATTAGG,Plasmacytoid dendritic cell
L1_GTGGTTACAGTAACCT,CD34+ hematopoietic progenitor
L1_GGAGATGTCATGCCGG,Naive CD4 T cell
L1_CCCGGAAAGCAGCAGT,CD161+ memory T cell
L5_CGTGTCTGTTCGGTAT,Conventional dendritic cell
L3_ATGCGATCAAGATTGA,Natural killer cell
E2L6_TCAGGTACACGTTGGC,Plasmacytoid dendritic cell
L4_TAGGTACCACCTTCGT,Memory B cell
E2L1_AGCGTATCATGGGTCC,Gamma delta T cell
E2L1_CACCAAAGTTAAGGAT,Memory B cell
E2L8_CAGGTATCAAGGACAC,Cytotoxic T cell
E2L4_GTGCTGGTCCGTGTAA,Naive CD4 T cell
E2L1_GTTTGGATCCCTCGAT,Naive CD8 T cell
L4_ACGTCCTTCATTGAGC,Naive B cell
E2L3_CCACTTGCAGCTGTAT,Conventional dendritic cell
E2L1_AGAGAGCGTGACCGAA,Memory CD4 T cell
E2L8_TCCCAGTCAAAGAGTT,Platelet
E2L6_GACTGATTCCTCTAGC,Memory CD4 T cell
E2L1_ATCCACCTCCATTCGC,Cycling lymphocyte
L4_TTTCAGTGTCACTTCC,Gamma delta T cell
L1_TGATTCTGTCACAGTT,Memory B cell
E2L5_TACAACGGTACAGGTG,Memory CD4 T cell
L1_GTTTGGAGTCCCTAAA,Memory CD4 T cell
L2_TCGATTTGTCAAGCGA,Naive CD4 T cell
L2_ATCGATGCACAAAGTA,Naive CD4 T cell
E2L2_AAGGTAAAGCTTCATG,Cycling lymphocyte
E2L7_AGTACCAGTGGCTGCT,Memory B cell
E2L8_CTTGATTGTGTCTTAG,Classical monocyte
E2L2_CATCGGGGTTGGACCC,Cytotoxic T cell
L4_CACTGGGAGTCCCTAA,Plasma cell
L5_GGAGATGAGTTACGGG,Memory CD4 T cell
E2L3_GTGTAACCAGCGATTT,Memory CD4 T cell
L2_ATTTCTGAGACTCCGC,Naive CD4 T cell
L1_ACGTACAGTCCAGGTC,Naive CD8 T cell
L3_CGTGATATCTCATGGA,Naive CD4 T cell
E2L8_TACACCCCAGTTCTAG,Cycling lymphocyte
L5_TCATTCACAGAGTCAG,Plasma cell
E2L3_CACCAAATCGGTAACT,Cytotoxic T cell
E2L1_CTGTGAACAAGATGTA,Naive CD4 T cell
E2L6_TATTGGGCATAGATCC,Memory B cell
L4_TCTGGCTTCGAGATAA,Memory CD4 T cell
L4_TCGAACACAGTTGTCA,Cytotoxic T cell
L3_TATCTTGCATGACGGA,Plasma cell
L4_GGGAAGTGTGACCTGC,CD161+ memory T cell
L5_CAAGCTAGTCCGGTGT,Memory CD4 T cell
E2L1_TGTTGGAAGCGTTGTT,Plasma cell
L4_TGCACGGGTGATACAA,Cytotoxic T cell
E2L3_TACAACGAGTGAGGCT,Cytotoxic T cell
L5_CCTGTTGTCAATGTCG,Natural killer cell
L3_TGTGTGACATCTGGGC,CD34+ hematopoietic progenitor
E2L1_AGATCCAGTGTATTCG,Cycling lymphocyte
E2L6_CATAGACCAACCGACC,Classical monocyte
E2L3_GTGTGGCTCATTGCCC,Memory B cell
L1_GATGCTATCCTGTACC,Plasma cell
L2_ATCGTCCCAGATACTC,Naive B cell
L2_TCGGTCTGTGGCACTC,Naive CD4 T cell
E2L2_CGTCAAAGTTCTGAGT,Cycling lymphocyte
L1_GAAGTAATCAGTGATC,Memory CD4 T cell
L5_CCACGTTCATTGCAAC,CD34+ hematopoietic progenitor
L1_AGTAGCTTCAATCCAG,Memory B cell
L2_GGGTGTCAGAGTCTGG,Plasmacytoid dendritic cell
L3_CTGGTCTAGGCGAACT,Cycling lymphocyte
E2L1_TCATGTTTCATCGGGC,Cytotoxic T cell
L2_ACATCGAGTTCTCTAT,Memory B cell
L1_TTTCAGTTCCATACTT,CD34+ hematopoietic progenitor
E2L8_AGACTCATCCGTATGA,CD161+ memory T cell
E2L5_CAAAGAAGTCTTCTAT,Classical monocyte
E2L2_TGGGCTGCATCGCTGG,Memory B cell
L5_TGAGCGCGTAAGTAGT,Plasmacytoid dendritic cell
L5_AGCGCCACAGGTCAAG,Conventional dendritic cell 1
E2L2_ATTCATCGTGTACGCC,Plasma cell
E2L8_TCAATTCCACCTGCTT,Non-classical monocyte
E2L1_CTTACCGGTGGGAGAG,Natural killer cell
E2L8_CAATCGACACTCAAGT,Memory CD4 T cell
L3_CAGATCATCACTTATC,Conventional dendritic cell 1
E2L7_GTGTTAGTCTATGCCC,Naive CD8 T cell
L2_CTCCGATCAGGTCAAG,CD34+ hematopoietic progenitor
E2L1_TTCCTAAAGGCTGAAC,Cytotoxic T cell
E2L2_AATGCCAAGTATCCTG,Plasma cell
L2_GCAGCCAGTTTGTTCT,Plasma cell
E2L8_ACTTCGCCATGGAACG,Non-classical monocyte
L2_CAAGAGGGTCGTGATT,Naive B cell
E2L6_CCTACGTAGTATTGCC,Naive CD4 T cell
L5_TATTCCACATAGATGA,Erythrocyte
L5_TCATACTAGCGTATGG,Low-quality cell
L3_GTGGAAGCACAATGCT,Conventional dendritic cell 1
L1_ACTCTCGGTATCGAGG,Natural killer cell
E2L5_CATTGAGGTACCGCGT,CD34+ hematopoietic progenitor
E2L8_TCCTCCCCACTCCTGT,Cytotoxic T cell
E2L5_CATGCGGGTGCGAGTA,Memory B cell
E2L7_AACAACCTCATGAGGG,Non-classical monocyte
L2_GACGCTGAGACATACA,Memory B cell
E2L8_CATGGTATCCTAAACG,Cycling lymphocyte
L1_TAGGTACCAGCTGAAG,Naive CD8 T cell
E2L7_CAATTTCAGTCGGCCT,Conventional dendritic cell
L3_CTGCCTAAGTCCCGGT,Memory B cell
E2L8_TCACTCGGTAGCACAG,Classical monocyte
E2L5_GTGCTTCGTTTACGAC,Memory B cell
E2L6_TTGGGTACATCAGTCA,Plasmacytoid dendritic cell
L5_ATCCATTTCTTCGTGC,Naive CD8 T cell
E2L2_GATCACATCACGGACC,Platelet
E2L5_GATTCTTAGGAAAGTG,Cycling lymphocyte
E2L7_TCACGCTTCAGTGTTG,Memory B cell
E2L1_AGACTCACATAGAAAC,Naive B cell
E2L3_ACCTACCCATGCGTGC,Naive CD8 T cell
E2L4_CTACTATCAGAAACCG,Cytotoxic T cell
E2L4_TGAGCGCCATGTACGT,Naive B cell
E2L5_TCTAACTTCTGAGCAT,Naive CD8 T cell
E2L8_CAAGCTAAGCCTTGAT,Natural killer cell
E2L7_CAATTTCGTACACGTT,Conventional dendritic cell
L4_CAAGCTATCGTCAAAC,Memory CD4 T cell
E2L3_AGGAAATGTCCGACGT,Cycling lymphocyte
L4_AAGACAAAGCCATGCC,Conventional dendritic cell
E2L1_CTGCTCAGTCCTCATC,Classical monocyte
L1_GTACAACCAATCGCAT,Gamma delta T cell
L5_AGGACGATCTGCATGA,Classical monocyte
L3_TAACGACGTGCTCTTC,Cycling lymphocyte
L3_ATCACTTTCACGGGAA,Memory B cell
L4_GAGGCAACAGCGTACC,Memory CD4 T cell
L5_TACGCTCAGGTGCCTC,Naive CD4 T cell
L4_CCACTTGCAACGGTAG,CD34+ hematopoietic progenitor
L2_TGTCCTGAGTCATCGT,CD34+ hematopoietic progenitor
L2_CAGTTAGTCAGTGTCA,Naive B cell
E2L6_CACTTCGGTTCGGCGT,Natural killer cell
L5_CGTAAGTTCCTTACCG,CD34+ hematopoietic progenitor
L3_TATACCTTCCGGCAAC,CD34+ hematopoietic progenitor
E2L3_CACTGTCCAGGATGAC,Naive CD4 T cell
E2L3_GCCATGGAGGAAGTAG,Naive CD8 T cell
E2L4_TGAGGGACAAAGGAGA,Cycling lymphocyte
L4_GAAGGACGTTATGACC,CD34+ hematopoietic progenitor
L5_CAAGAGGCAATAACCC,Naive CD4 T cell
E2L2_TAGGGTTCAGCTGAGA,Memory CD4 T cell
L1_TTCTCTCAGGATAATC,Memory B cell
L5_TAGGGTTAGGCCCAAA,Memory B cell
E2L8_ACCCTCATCGCTACAA,Cytotoxic T cell
E2L8_CCGGACAAGAGAGGGC,Non-classical monocyte
E2L1_TTTGGAGCATGGGCAA,Memory CD4 T cell
L1_CTGTACCAGTTCGCAT,Cycling lymphocyte
E2L4_TGGGATTCACTGATTG,Cytotoxic T cell
E2L6_CCCATTGAGGATATAC,Classical monocyte
E2L2_CTTTCGGTCGTGTGAT,Platelet
E2L6_CTACCTGTCATAAGGA,Cytotoxic T cell
L5_GGAGATGCAATACCTG,Naive CD8 T cell
L5_GTCCACTTCCGCAAAT,CD34+ hematopoietic progenitor
L4_AACCATGGTGTATTCG,Natural killer cell
E2L1_GGGACCTTCCTCTAGC,Cytotoxic T cell
L5_GTGGTTACATCGGATT,CD34+ hematopoietic progenitor
E2L8_TGTCCACCATATGAAG,Naive CD4 T cell
E2L7_GAGTGTTGTCGGTACC,Memory B cell
E2L2_GCATTAGCACGCAGTC,Non-classical monocyte
E2L7_ACATCCCTCTTCGATT,Cytotoxic T cell
E2L1_CAAGAGGCAGGGTCTC,Plasmacytoid dendritic cell
L2_ACCAACAAGATTGGGC,Memory B cell
E2L8_ATCGTAGAGCCACTCG,Cytotoxic T cell
E2L2_TGTGGCGAGATCGGTG,Naive B cell
E2L4_TTTGATCAGCCATTGT,Classical monocyte
L4_CGTCAAACAATGTGGG,Natural killer cell
E2L6_CTGGTCTCAGGTATGG,Non-classical monocyte
L2_TCCTTCTTCGCTGTTC,CD34+ hematopoietic progenitor
E2L4_CATTGTTAGAATTGCA,Plasmacytoid dendritic cell
L5_CAAGACTGTTTGAACC,CD161+ memory T cell
E2L7_GATTTCTCATTAGGAA,Natural killer cell
E2L1_AAGCATCGTAGCGATG,Memory B cell
E2L2_CGAGGAAAGGTAGCAC,Plasmacytoid dendritic cell
E2L1_TTTACGTGTGACTGAG,Cytotoxic T cell
L5_TTACGTTTCTCCCTAG,CD161+ memory T cell
L2_CATCCGTTCCACAGCG,Cytotoxic T cell
L3_TCGAAGTCATCCTAAG,GZMK+ memory T cell
E2L4_CGAAGTTTCTAGATCG,Cytotoxic T cell
E2L5_GCTGCAGGTGATAGAT,Classical monocyte
E2L6_ACCAAACTCTTGGATG,Natural killer cell
E2L2_TACACCCAGCTACAAA,Memory CD4 T cell
L3_CTGAGCGCAGGTTCGC,Plasma cell
E2L3_TCTGTCGAGAGTCACG,Cycling lymphocyte
L5_TTGGTTTCACTCGATA,Erythrocyte
E2L2_AGGATCTGTGGCTGAA,Memory CD4 T cell
E2L5_TTTGGTTAGAACGTGC,Cycling lymphocyte
E2L4_TGAGTCACACCCTATC,Memory B cell
L3_AGACTCATCCCAGTGG,Naive CD4 T cell
L5_CGAGAAGGTGTGCCTG,CD161+ memory T cell
L3_AGTACCACATCTCGTC,Memory CD4 T cell
E2L2_GACCCTTGTTTGAAAG,Classical monocyte
E2L7_CTAGACAGTGGATCGA,Classical monocyte
E2L4_CTCACTGAGAGTCTTC,Memory B cell
E2L7_TTGGGATCACGCTTAA,Non-classical monocyte
E2L5_CATGAGTTCGCGTGCA,Cycling lymphocyte
L5_ACTTTCACAGGACTAG,CD161+ memory T cell
E2L7_TGACCCTCATTCATCT,Natural killer cell
L1_GCTCAAACACTTCATT,Natural killer cell
L2_CCTCAACAGAAGCGCT,CD34+ hematopoietic progenitor
E2L6_TGGGTTATCAATCAGC,GZMK+ memory T cell
L1_GCGATCGCATGTGACT,Naive CD4 T cell
L3_AGTGATCAGTTCCGGC,Memory CD4 T cell
L3_TTCAGGACAGCGTGAA,Memory CD4 T cell
E2L7_TCAGCAAAGAGCTTTC,Cytotoxic T cell
L3_TCGGATATCTTCGCTG,CD161+ memory T cell
L4_TGGAACTAGTGAGTGC,CD161+ memory T cell
L4_ATTTCACCATACCACA,Memory CD4 T cell
L1_GAATAGACACGGTGTC,Memory CD4 T cell
L3_GTAGATCAGGACGCTA,Memory CD4 T cell
E2L1_GGGACTCCAGATCCAT,Conventional dendritic cell
L1_AGTGACTAGTAACGTA,Cycling lymphocyte
L1_ATGTCCCTCCCTCTAG,Naive CD4 T cell
E2L4_TGCACGGCATTGAGGG,Conventional dendritic cell 1
L4_GCTGCAGGTCCACACG,Classical monocyte
E2L8_AACACACTCTTCCGTG,Plasma cell
E2L1_CGTAATGAGTCATGCT,Naive B cell
E2L7_AGATGAAAGCCACTCG,Naive CD8 T cell
E2L6_TCTACCGCAGTTAGAA,Naive CD4 T cell
E2L6_ATGATCGGTGTGTCCG,Cytotoxic T cell
L4_AATCACGGTCAGTTTG,Naive CD4 T cell
E2L4_TCGGGACGTCCTTTGC,Cytotoxic T cell
E2L6_TGACCCTGTGTGAATA,Plasmacytoid dendritic cell
L5_CTTCCGACAAGAATAC,Cytotoxic T cell
E2L5_GAAACCTTCCTCTGCA,Plasma cell
L5_TCTATCAAGTCGGCAA,Cytotoxic T cell
L4_CCGTTCACATTGAGCT,Conventional dendritic cell
L1_GGTGTCGCAAGAATGT,Natural killer cell
E2L2_CCGATCTCAGAAGCTG,Memory B cell
L4_ATTCATCCAGACTCTA,Natural killer cell
E2L6_AGTCACATCCAATCTT,Plasma cell
L1_GAGTGTTTCCTCACTG,Cycling lymphocyte
E2L3_GATTGGTAGATGATTG,Natural killer cell
E2L5_CGGGTGTGTGGGCTTC,Naive CD4 T cell
E2L3_ACTATGGTCTAACGGT,Memory CD4 T cell
E2L4_TACTTCACATCTAACG,Conventional dendritic cell 1
E2L5_GGGTATTTCCATACTT,Naive CD4 T cell
L4_CCCGGAATCACAAGAA,Memory B cell
E2L1_ATTTACCAGGAATCGC,Cytotoxic T cell
E2L4_TACCCGTAGGAGTACC,Conventional dendritic cell 1
E2L4_GAGTGAGTCAGAGCGA,Naive CD8 T cell
L2_ACATCCCCAGCTGAGA,Erythrocyte
E2L8_ACAACCACATGCTGCG,Naive CD4 T cell
L5_GGGACTCCACTCCACT,Plasma cell
E2L2_GGCGTCATCTAAGCGT,Natural killer cell
E2L2_TCGAACAGTAACAGTA,Cytotoxic T cell
L2_TACGGTAAGGATATGT,Memory B cell
L4_CCTCATGTCGTCAGAT,Platelet
L1_ATCACTTCAGTTGCGC,Memory CD4 T cell
E2L5_TCGTGCTAGAGTACCG,Conventional dendritic cell
L5_AATGGCTCACAACGTT,Cytotoxic T cell
L3_GAATAGAAGGGCAGAG,Naive CD8 T cell
E2L6_TGCATGATCTCCTACG,Natural killer cell
E2L5_GAGTTTGCAGGATGAC,Cytotoxic T cell
L5_TTCCTTCGTCCAAGAG,Cycling lymphocyte
E2L5_CCGGTGAGTATGTCCA,Cycling lymphocyte
E2L4_TATTGCTCACGCCAGT,Plasmacytoid dendritic cell
L3_CATGGTACATGAGGGT,Low-quality cell
E2L6_CGTAAGTAGTTCACTG,Natural killer cell
L1_TTGTGGATCCATCCGT,Naive CD4 T cell
E2L6_GCCATGGGTGATACAA,Memory B cell
L2_ATTATCCTCCTCAGGG,Memory CD4 T cell
E2L5_ACTTTGTGTACCACGC,Classical monocyte
E2L3_CTGATCCGTGGAGAAA,Memory CD4 T cell
E2L7_GTGAGTTTCAGGAACG,Plasma cell
L4_CTCAGTCCAGAACTAA,Gamma delta T cell
E2L8_TCTATACCAGCATGCC,Memory B cell
E2L5_GCCATGGGTGAGTAGC,Naive B cell
L1_ATGCATGCATCTCAAG,Naive CD8 T cell
E2L6_CATCCCATCTCCTGTG,Non-classical monocyte
L4_ATTGGGTAGCGATTCT,CD34+ hematopoietic progenitor
E2L5_TTAGGGTCATTGTAGC,Low-quality cell
L2_CTAACCCAGCTGGCCT,Conventional dendritic cell 1
E2L5_TATTGCTCACCCGTAG,Memory B cell
E2L6_CGGGTCAAGTTTCTTC,Plasmacytoid dendritic cell
E2L6_AGCTCAACAGGTGAGT,Natural killer cell
E2L3_GAGTTACTCTGGGCGT,Plasmacytoid dendritic cell
E2L3_TCACGCTAGCCACTCG,Memory B cell
E2L4_CATGCCTGTGGCTTAT,Platelet
E2L1_TTCCTCTCAGTCGAGA,Low-quality cell
L5_TTTGGTTTCGTAGGGA,Cycling lymphocyte
E2L5_AGGGTTTTCGTGAGAG,Non-classical monocyte
L1_TCAGTTTTCGCCGATG,Conventional dendritic cell
L4_ACTATCTTCTCCAATT,Cytotoxic T cell
E2L4_TACTTGTAGGATCATA,Memory CD4 T cell
E2L5_CCTCAGTGTAACGCGA,CD161+ memory T cell
L5_TAATCTCTCTAGCATG,CD34+ hematopoietic progenitor
L5_GATTCGAAGTCACTAC,Plasma cell
E2L7_CCTCCTCAGGCCTGAA,Natural killer cell
L3_GTATTTCCAAAGACGC,Low-quality cell
L4_ACTGCAAGTATTGACC,Naive CD4 T cell
L1_GTAATGCAGAAGGGAT,Cycling lymphocyte
E2L7_TCAGCAAGTAGCTTGT,Natural killer cell
L4_GTGCAGCTCGCCGAGT,Low-quality cell
E2L1_CTGAGGCTCGGTTCAA,Classical monocyte
E2L5_TCCACGTTCTCATTTG,Conventional dendritic cell 1
E2L6_GATCATGGTATGCTAC,Cytotoxic T cell
E2L1_TCGTGGGCACGACCTG,Memory B cell
E2L8_CTGGCAGGTATCCCAA,Natural killer cell
E2L6_GTTTACTAGTAGTGCG,Low-quality cell
E2L3_CATACCCCAGATACCT,Memory CD4 T cell
L1_TGTGCGGAGCTCGCAC,Classical monocyte
E2L3_GTTGCTCAGTACCATC,Naive CD4 T cell
L1_CAGCGTGAGCGGGTAT,Cytotoxic T cell
L5_CAAAGAATCCATCGTC,Low-quality cell
E2L4_GTAGTACGTAGGAGTC,Naive CD4 T cell
E2L7_CCACTTGAGCTGACTT,Natural killer cell
E2L1_CTCAGGGCACATAACC,Classical monocyte
E2L1_ATCACGATCGTGGAAG,Non-classical monocyte
E2L1_CCTCAGTGTGGAAATT,GZMK+ memory T cell
E2L7_ATCCACCTCGCAGTGC,Cycling lymphocyte
L1_CCTTTGGAGGAGGGTG,Naive CD8 T cell
L3_GGAACCCCACTAACCA,Naive CD4 T cell
L3_AGGAAATCATATACCG,Memory B cell
E2L4_ATACCTTTCAGATTGC,Natural killer cell
L4_TTACGTTCACGCACCA,Naive CD4 T cell
L1_TCAAGACAGGCACTAG,CD34+ hematopoietic progenitor
L2_AATTCCTCAGCGGTCT,GZMK+ memory T cell
E2L3_CATGCAAAGCATCCCG,Cytotoxic T cell
L3_GATGACTAGGGCATGT,Cycling lymphocyte
E2L3_AGGGAGTTCTGGAGAG,Naive B cell
L3_GGTTAACAGGGAGGCA,Memory B cell
E2L1_CGTAATGTCCGAAGGA,Cytotoxic T cell
L5_GTCTACCTCGGATAAA,CD161+ memory T cell
E2L5_TCAGTCCCACTACCCT,Low-quality cell
E2L8_TACCTCGTCAAGATAG,Naive B cell
L3_GATTGGTTCATTGGTG,Naive CD8 T cell
L1_GCCCGAACATCCTATT,Erythrocyte
E2L8_CTCATGCAGCGTATAA,Memory B cell
E2L3_CGGACACGTGTCTAAC,Naive CD8 T cell
E2L4_TCCCACACATTCTCCG,Cytotoxic T cell
L1_GAGTCATTCCCATGGG,Naive CD4 T cell
E2L5_AGACCATGTCTTACAG,Cytotoxic T cell
E2L5_CCACGAGCAATTCGTG,Platelet
L5_TTTGGTTTCCTCTAGC,Naive CD4 T cell
E2L3_TCTATCATCGATACTG,Plasmacytoid dendritic cell
L1_AATGGAATCAGCAGAG,Naive CD4 T cell
E2L6_TCATTTGGTTATGACC,Natural killer cell
E2L1_CCTATCGCAGACCCGT,Classical monocyte
L1_TCAAGTGAGGGATCGT,Memory B cell
L5_TCGAACAGTTGCATAC,Naive CD4 T cell
E2L1_TCACATTGTCGCTTGG,Naive CD8 T cell
L2_AAGATAGGTGAGAGGG,Non-classical monocyte
E2L5_TACCGAATCACGGAGA,Cytotoxic T cell
E2L6_GCCGATGGTTCTTAGG,Non-classical monocyte
E2L2_AGACAAAAGGAATGTT,Cycling lymphocyte
E2L6_AGGGAGTTCCGAGTGC,Cycling lymphocyte
E2L6_GGTAACTTCTGCGATA,Non-classical monocyte
L2_TTCCTCTAGCACGTCC,Cycling lymphocyte
E2L1_GTAGCTAGTAGGTAGC,CD161+ memory T cell
E2L6_CATGGATTCTGTCGTC,Plasmacytoid dendritic cell
E2L7_TGCTTGCTCGGACGTC,Conventional dendritic cell
L4_TGGTGATCAAAGGTTA,Naive CD4 T cell
L1_GATCGTACAGCTTCGG,CD34+ hematopoietic progenitor
E2L6_TGATGCAGTGTGCTTA,Plasma cell
E2L2_CCTCTAGTCCTCAGGG,Non-classical monocyte
L2_ATGTCCCCAAAGGATT,Cycling lymphocyte
L3_CACTTCGCAGTGCGCT,Naive CD4 T cell
E2L6_GTTAGTGAGGGAGGCA,Cycling lymphocyte
E2L6_AGGGCTCGTTCGTAAC,Memory B cell
L2_TTGATGGCAAATAAGC,CD34+ hematopoietic progenitor
L1_ATCTCTAAGATGTTAG,Natural killer cell
E2L1_TCGGATACAAGGATGC,Memory B cell
E2L1_GATGTTGTCCTACACC,Memory B cell
L1_CGTCCATCACAGTGAG,Naive CD4 T cell
L1_ACCTACCTCTTGGAAC,Naive CD4 T cell
E2L5_GACACGCAGGGTACAC,Classical monocyte
L1_TCAAGTGCAGTTGGTT,Naive CD4 T cell
E2L8_CACTGGGGTGTACGCC,Naive CD4 T cell
E2L2_ATGCGATTCTTGGATG,Naive B cell
E2L7_ATTCAGGGTAATGTGA,Memory B cell
L1_ACCGTTCAGTAAATGC,Naive CD4 T cell
E2L2_ACGGGTCAGTTCATGC,Memory CD4 T cell
L1_CAACAGTCAGTCGTTA,Naive B cell
E2L2_ACCCTCATCGAGCTGC,Classical monocyte
L1_GGTGATTAGCTACAAA,Memory B cell
L5_ATAGAGAAGGACTTCT,Memory CD4 T cell
L2_TCGACCTTCAGCCTCT,Naive CD8 T cell
L4_TACGGTAAGAGCTGAC,Conventional dendritic cell
E2L8_ACCAAACGTTTCACTT,Naive CD4 T cell
E2L4_GACTATGAGAAGAACG,Memory B cell
L3_GGTGTTATCGATACAC,Naive CD4 T cell
E2L7_GTTGTCCTCTTTGCAT,Low-quality cell
L2_AGTTAGCTCTACTGAG,GZMK+ memory T cell
L4_TTGAGTGTCGGCTTGG,Plasmacytoid dendritic cell
L4_TGCGGGTAGCGCCCAT,CD34+ hematopoietic progenitor
E2L8_GTGTAACCATCCGGCA,Natural killer cell
E2L4_CTCCTTTTCATCCCGT,Natural killer cell
E2L7_TCCTTCTAGAACTGAT,Conventional dendritic cell 1
E2L5_TGGAGGATCGCTGACG,CD161+ memory T cell
L4_CTGCAGGCAAACCACT,Memory CD4 T cell
E2L2_CCTTCAGTCGGCGATC,Memory B cell
L4_GGGCGTTAGACGCCCT,Non-classical monocyte
E2L4_TACGCTCAGTCCCAGC,Memory B cell
E2L1_GGACGTCGTAAGAACT,Non-classical monocyte
L4_TCCCAGTCAATTAGGA,GZMK+ memory T cell
L4_CGAAGTTCAGTTCACA,Memory B cell
L5_TCACAAGTCGTAACAC,Naive CD4 T cell
L4_CCTATCGCATACATCG,CD34+ hematopoietic progenitor
L1_TTTCAGTCAGAACATA,CD34+ hematopoietic progenitor
E2L5_CCACTTGCATTGCCGG,Naive B cell
L4_GCGATCGGTGTTCCTC,Naive CD4 T cell
L3_GAACGTTGTATCGAAA,Memory CD4 T cell
E2L6_GGAGGTATCTCTGAGA,Conventional dendritic cell
E2L1_GTTCGCTTCCTTATAC,Platelet
L3_GCGAGAAGTCATCCGG,Cycling lymphocyte
L3_CATGGTATCATTTCGT,Naive B cell
L3_ATCGCCTGTCTTTATC,Cycling lymphocyte
E2L2_GACTATGAGTTCTACG,Naive CD4 T cell
L5_GCACGGTAGGTTCTTG,Cycling lymphocyte
L1_CGGACACCAATCAGCT,Cytotoxic T cell
L2_CAGTTAGGTAGTGTGG,Natural killer cell
L3_GGGATCCAGTACTGGG,Naive CD4 T cell
L4_ATCGTAGAGCGTTGTT,Naive CD4 T cell
L3_TCTTGCGGTATCGATC,CD34+ hematopoietic progenitor
L1_ACACTGAAGGTAAGGA,GZMK+ memory T cell
L4_ATGCGATGTCACGACC,Low-quality cell
E2L3_AGGGTCCGTTACCTGA,Cytotoxic T cell
E2L3_GAGTTGTTCATCCCGT,Cycling lymphocyte
E2L4_CAACCTCGTATCACCA,Memory B cell
E2L5_ATACCTTGTTAATGAG,Naive CD4 T cell
L2_GTGTTAGGTGGTCTTA,Naive B cell
E2L1_TCCTTCTTCTGCGGCA,Memory B cell
E2L6_GAGTCATGTGTTTCTT,Natural killer cell
L2_AAACGCTCAGTAGTGG,Non-classical monocyte
E2L6_CGCGTGAAGCTGTTAC,Naive CD8 T cell
E2L8_GATGTTGGTTGCCGCA,Naive B cell
E2L3_CAGCGTGTCAGGCGAA,Conventional dendritic cell
E2L6_CACTTCGTCCATCAGA,Natural killer cell
E2L4_CTTCTCTCAGGACATG,Naive CD4 T cell
L3_CCTATCGTCAACCTTT,GZMK+ memory T cell
E2L3_GAGGCCTCATCCGATA,Memory B cell
E2L2_GCGGAAAAGGGAGGGT,Conventional dendritic cell
L2_GATCCCTCAGAACATA,Cytotoxic T cell
E2L8_TCACTATGTGACCGTC,Natural killer cell
L5_TCAGGGCTCAGGTAAA,Cytotoxic T cell
E2L8_CTGGTCTTCTCTGGTC,Memory CD4 T cell
E2L2_CAGATCACAGGTCCCA,Naive CD4 T cell
E2L5_GGTTAACTCAGACCTA,Low-quality cell
E2L6_CGGAGAAGTACCCGAC,CD161+ memory T cell
E2L6_CATGAGTCAGACATCT,Memory CD4 T cell
E2L8_AACGGGAAGCCATCCG,Cytotoxic T cell
E2L6_TGTGCGGAGGAGACCT,Cytotoxic T cell
E2L5_GGAACCCTCAATCTTC,Naive CD8 T cell
L2_TGAATGCCAGCATACT,Naive CD4 T cell
E2L3_TCCATCGCAGAGTAAT,CD161+ memory T cell
L1_GATGACTCAACCGTGC,Naive CD4 T cell
E2L4_CTGTCGTCATGACAGG,Classical monocyte
L1_CTCCTTTGTGTCATGT,CD161+ memory T cell
E2L6_GAGTCTACAGCTCCTT,Low-quality cell
E2L8_CAACAGTGTAATCAAG,Memory B cell
E2L8_GTTACGAGTCTGTCAA,Memory CD4 T cell
L4_GGAAGTGGTGTCGCTG,GZMK+ memory T cell
L3_GGGTGTCAGAATCGCG,Gamma delta T cell
L2_GTTTGGACACGGAAGT,Naive CD8 T cell
E2L7_TCATTGTAGTTCCTGA,Low-quality cell
L1_CGGAATTAGCTACTAC,Natural killer cell
E2L1_GTAGAGGGTTAATCGC,CD161+ memory T cell
E2L8_CATGCGGCAATGTGGG,Naive CD4 T cell
E2L5_CCCTGATGTGTCTTGA,Natural killer cell
L4_ATGCGATAGCCGATTT,CD161+ memory T cell
L4_ATTCTTGAGGCCCACT,Naive CD4 T cell
E2L7_TTTCCTCCAAGTTCGT,Naive B cell
L5_TGGGCGTCAGTGGGTA,Naive CD4 T cell
L2_AGGTAGGCATCTCCCA,Memory CD4 T cell
E2L7_CCCGGAACAGCACAAG,Naive CD4 T cell
L1_CAGTTCCTCTGTGCGG,Cytotoxic T cell
L4_TCACGGGCACTGGAAG,Naive B cell
L3_CCGGACATCTTCCACG,Natural killer cell
E2L8_TATTGCTGTCTACGAT,Natural killer cell
L5_GGTTGTACAAGACGAC,Naive CD4 T cell
E2L2_TACATTCAGCTGTTCA,CD34+ hematopoietic progenitor
E2L6_ATCGTGAAGGTTGGTG,Naive CD4 T cell
E2L6_CTATCCGGTAGAATGT,Memory CD4 T cell
L5_ACTTATCGTGCAGTGA,Naive CD4 T cell
L4_TCGGTCTAGGGAACAA,Plasmacytoid dendritic cell
E2L6_TGTGAGTTCCCTAGGG,Memory CD4 T cell
E2L5_TTTACTGAGTAAATGC,CD161+ memory T cell
L5_GATCATGCAAGAGGTC,Memory CD4 T cell
E2L2_TGGGCGTAGAGTGTGC,Memory CD4 T cell
E2L2_TTTACTGGTAGCGAGT,Cycling lymphocyte
L5_CCCTTAGGTAGTCTTG,Plasma cell
E2L3_TCAGCAAAGGGTAATT,Naive CD4 T cell
E2L8_TGGATCATCCTTATAC,Conventional dendritic cell
L4_TGTTCTATCTTGGATG,Naive B cell
E2L5_TGTGAGTCATTCTCTA,Memory B cell
E2L4_AGGTGTTGTCAAGCCC,Cytotoxic T cell
E2L4_TTCTTGAAGTGAACAT,Cycling lymphocyte
E2L6_AGGATAAAGACTACCT,Cytotoxic T cell
L4_ACGATCATCGAGAACG,Plasma cell
L2_TTACCATGTTGCCGCA,CD161+ memory T cell
L1_GGTGTTAGTTAGCTAC,Memory CD4 T cell
E2L6_GTCAAGTCATACCAGT,Conventional dendritic cell
L4_AGACCATCATAATCCG,Conventional dendritic cell
E2L7_GATCGTAGTGCATTAC,CD161+ memory T cell
E2L7_ATGATCGGTGGTTTAC,Natural killer cell
E2L5_TCACAAGGTTGAGGAC,Memory CD4 T cell
E2L7_GTCAAGTTCGTTCATT,Conventional dendritic cell 1
L2_CGAGTTACAACGTAAA,Conventional dendritic cell
E2L6_ATCGATGAGCTCCACG,Naive CD4 T cell
E2L7_TATGTTCTCAAGCTGT,Cytotoxic T cell
E2L6_AGACAAAGTCGCACAC,Plasmacytoid dendritic cell
E2L8_TGTGATGTCAAGCTGT,Memory B cell
E2L7_TGATCTTTCAGCAATC,Cycling lymphocyte
E2L4_GCTGCAGAGATGGTCG,Plasmacytoid dendritic cell
L2_GTGAGTTGTAGTACGG,Naive B cell
E2L1_CTGCGAGTCTTGATTC,CD161+ memory T cell
E2L5_GAAGCCCCACAGTCAT,Cycling lymphocyte
E2L6_TCATTGTTCTAGTTCT,Plasmacytoid dendritic cell
L2_GTCATGACAAACTCTG,CD34+ hematopoietic progenitor
E2L2_AAGACAACAACTCCAA,Cytotoxic T cell
L5_ATGCGATGTCACGACC,Plasma cell
E2L5_ATTACTCAGCATCGAG,Erythrocyte
L1_ATTATCCTCACTTTGT,Natural killer cell
L3_TCCGAAAAGCACGTCC,CD34+ hematopoietic progenitor
E2L8_TGTTGGATCTATCGGA,Cytotoxic T cell
E2L3_AATGACCCAGAGGTTG,CD161+ memory T cell
E2L2_CACACAACACTATCCC,Plasma cell
L4_CTCATGCAGCAGTACG,GZMK+ memory T cell
L4_CTGGCAGCATCGTGGC,CD161+ memory T cell
L5_GGTCTGGCACATTACG,CD161+ memory T cell
E2L4_GGACGTCTCCTCGATC,Memory CD4 T cell
E2L2_CTAACCCGTTGTGCAT,Platelet
E2L4_GAGTTTGGTAGGCTCC,Plasma cell
E2L3_ACACGCGTCGACGATT,Naive B cell
E2L6_TTCCGGTAGTGTAGTA,Conventional dendritic cell
L3_GCACGGTTCTGTCGCT,Naive CD4 T cell
L5_TAGGTTGAGCCAGAGT,Naive CD4 T cell
L1_CCTGCATTCTGAGTCA,Cycling lymphocyte
L4_ACGTACATCGACGCGT,Memory B cell
L2_CCTACGTGTGGCTCTG,Memory CD4 T cell
E2L8_CAATCGAAGATTGAGT,Platelet
L2_CACGGGTGTCGCATTA,Naive CD8 T cell
E2L4_GGTTCTCGTCGTAATC,Platelet
L5_AAGCCATGTATCATGC,Naive B cell
E2L5_GTACAGTTCGAGTGGA,Memory CD4 T cell
L2_CTACGGGAGAAGAACG,Conventional dendritic cell
L4_ATCATTCTCAGCTGAT,Naive CD4 T cell
L3_GTGGAAGGTACAAGCG,Non-classical monocyte
L1_GGATCTAGTGTCATGT,Natural killer cell
L1_CACTAAGCACTACCCT,CD161+ memory T cell
L5_TGTGTGAGTCCACATA,Plasmacytoid dendritic cell
E2L6_GGGCTACCACCGTGCA,Memory B cell
E2L4_CTGTATTCAGGCACTC,Plasma cell
E2L4_ACGATCATCGCGGTAC,Plasma cell
L2_ACTGCAATCGGAGTAG,Naive CD8 T cell
E2L6_AAAGGGCAGTCGAATA,Platelet
L5_GATTGGTGTCGAGTGA,Memory CD4 T cell
E2L7_TCAGCAATCCGATGCG,Memory B cell
E2L2_CTGATCCGTCGTCATA,Classical monocyte
E2L7_TCGAAGTGTGTTTACG,Memory CD4 T cell
L2_TGATGGTAGCCTAGGA,Naive CD4 T cell
E2L1_CGAAGTTTCCTCACCA,Memory CD4 T cell
E2L7_GTAAGTCTCTGTCTCG,Memory B cell
E2L3_TTTCCTCTCCCTTTGG,Plasmacytoid dendritic cell
L3_ACTATTCAGGCCTGCT,Natural killer cell
E2L3_GGCGTCACAGACATCT,Memory B cell
E2L3_TGCGGGTTCTAGTTCT,Plasma cell
E2L6_CGACAGCAGCTTCATG,Memory B cell
E2L4_ATTTACCTCAGCGCGT,Plasmacytoid dendritic cell
L2_TTCATGTTCCTAGAGT,CD34+ hematopoietic progenitor
E2L4_CGGAATTAGTGGAATT,Memory B cell
L2_TGAATCGCAGTGGCTC,Naive CD4 T cell
L4_GTGAGCCAGACTCGAG,Memory CD4 T cell
L5_GAAGAATAGATGACCG,Memory CD4 T cell
E2L6_GGCTTTCCAGGCGAAT,Cycling lymphocyte
E2L3_CTCCTTTTCGAACGCC,Cytotoxic T cell
E2L2_GGCTTGGAGGGACAGG,Cytotoxic T cell
E2L7_AGCATCAGTTTCGTTT,Plasma cell
E2L4_TATCAGGGTGCAAGAC,Natural killer cell
L4_CTCCACAAGTGTAGTA,Naive CD8 T cell
L3_GTGCTTCCAAGTGGCA,Non-classical monocyte
E2L3_TTGCCTGCATGTGCTA,CD161+ memory T cell
E2L3_AAACGCTAGGTCGTCC,Natural killer cell
L1_GAGACCCTCGCGTGCA,Memory CD4 T cell
L1_GTAATCGGTGGTAACG,Naive B cell
E2L5_CAACCTCCAAACAGGC,Conventional dendritic cell
E2L8_TAACTTCAGTGCTACT,Memory B cell
E2L3_TGATTTCAGCACCGAA,Cytotoxic T cell
E2L8_GGATCTATCTGTCGTC,Memory B cell
E2L7_TTCCAATGTTCTTCAT,Natural killer cell
E2L3_CACGAATTCTGGCCTT,Platelet
L3_GTGGCGTAGTTGCCTA,Conventional dendritic cell 1
L3_CACTTCGAGCCTCAGC,Cycling lymphocyte
L5_GTCAAACGTCAACATC,Naive CD4 T cell
E2L1_ATCAGGTTCACTGGTA,Low-quality cell
E2L3_GAGGCAAGTCGTTTCC,Memory B cell
E2L8_GATTGGTCAAAGGCTG,Non-classical monocyte
E2L3_GAGCCTGCAAAGCTCT,Platelet
L5_AGGTTGTAGCTTCATG,Naive CD8 T cell
L2_ATACCGAAGAAACTCA,Cytotoxic T cell
E2L8_TGAGGAGAGATCCAAA,Gamma delta T cell
L3_TTGTTTGTCTGGCCGA,Gamma delta T cell
E2L5_AGTACTGGTGTTCGAT,Naive B cell
E2L8_CCTCACAAGCTTTCCC,Cycling lymphocyte
E2L6_AGAGAGCAGTCCTGTA,Natural killer cell
E2L1_GCCATTCGTACGATGG,Conventional dendritic cell
E2L2_CGATGGCTCAGCTGAT,Conventional dendritic cell
L2_TCTGGCTGTGCATTTG,CD161+ memory T cell
E2L6_CAAGGGATCTAGAGCT,Cycling lymphocyte
E2L6_TACCTGCAGACATGCG,Platelet
L4_AGTCTCCCAGCAGACA,Plasma cell
E2L2_ACCAAACAGTCAACAA,Memory B cell
E2L5_CAGATTGAGGCCTTGC,Memory B cell
E2L3_CGGTCAGAGTGCAAAT,Non-classical monocyte
E2L3_GCCGTGATCGCCGAGT,Natural killer cell
E2L4_TGAGGTTCAATCGTCA,CD161+ memory T cell
E2L2_GGAAGTGAGGCCGCTT,Cytotoxic T cell
E2L7_GTCAAGTGTCCTACGG,Naive CD4 T cell
E2L4_CATTCATCATGAGTAA,Memory B cell
E2L1_CAGTTCCTCTCATGGA,Memory CD4 T cell
E2L4_AAACCCAGTAGGTCAG,Memory CD4 T cell
E2L2_CCTATCGCAGCTGAAG,CD34+ hematopoietic progenitor
L3_ACTGTGAGTGGAAATT,GZMK+ memory T cell
E2L4_ACGGAAGAGGACTAAT,Memory CD4 T cell
E2L6_ACGGAAGGTACCTTCC,Conventional dendritic cell
L1_CAGGGCTCACGCGTGT,Natural killer cell
E2L4_AACAGGGAGTGGATTA,Cycling lymphocyte
E2L6_ACTTCGCAGGAGAGGC,Platelet
L2_GGGCTCATCAGTAGGG,Memory CD4 T cell
E2L6_TCGTCCAAGGGAGAAT,Memory CD4 T cell
E2L8_ACACCAAGTAGAATAC,Classical monocyte
E2L1_TGGTTAGCACATACGT,Naive B cell
E2L5_TCTGCCATCTCTATAC,Natural killer cell
E2L5_TGGTGATCATTGCCGG,Cytotoxic T cell
E2L6_TCAATCTGTTGCGAAG,Naive B cell
E2L8_AGTCTCCGTCGATTAC,Natural killer cell
E2L7_GGTTCTCCAAGTGCAG,Natural killer cell
L4_TCGCAGGGTTGCTGAT,Plasma cell
E2L3_ATATCCTTCCCAGGCA,Conventional dendritic cell
L4_AGCGCTGTCACGAACT,Naive CD4 T cell
L4_ACGATGTAGCTTGTTG,Plasma cell
E2L6_GCTGCAGCAGCGACAA,Memory B cell
E2L4_AAGCCATCAATGCTCA,Cytotoxic T cell
E2L3_CTTCTAAAGTTGGAGC,Natural killer cell
E2L7_CTCAAGATCGTCACCT,Plasma cell
L2_CGGACACAGCTTCGTA,Memory CD4 T cell
E2L5_TGGAACTCAGGAGACT,Cycling lymphocyte
E2L5_AAGAACAGTTACGATC,Plasma cell
L2_CCTTGTGTCTTCGATT,Natural killer cell
E2L6_ATAGGCTGTCTGGTTA,Classical monocyte
E2L4_TAAGCGTGTTCGTAAC,Gamma delta T cell
L3_GACTGATAGACTAAGT,Cytotoxic T cell
E2L1_ACATCGAAGAGATCGC,Cycling lymphocyte
L4_GCACTAATCCGACGGT,Natural killer cell
L2_TGCGACGTCCTTATAC,Memory CD4 T cell
E2L6_TATCTTGCAGTCTTCC,Memory B cell
E2L4_GGTTGTATCTCGTCAC,Plasma cell
L2_GTCCTCAAGCGTCTGC,Memory CD4 T cell
E2L8_CCATAAGGTTAATGAG,Naive CD4 T cell
E2L5_GTTCGCTTCGTAGTCA,Conventional dendritic cell
E2L3_AGGGCTCTCTCGAGTA,Non-classical monocyte
L1_GTGCACGAGACCCGCT,CD34+ hematopoietic progenitor
E2L6_GGGTGAACAAGGAGTC,Plasma cell
L4_CCTGTTGCAGATACTC,Naive CD4 T cell
E2L5_TGGGAGAAGGATGTTA,Low-quality cell
L2_GACTATGTCTCGAGTA,Natural killer cell
L2_CAGCAGCGTTGTTGCA,Naive CD4 T cell
E2L2_AGAGAGCTCGCTTGCT,Plasmacytoid dendritic cell
E2L2_CTGATCCCAAAGGGTC,Memory CD4 T cell
L3_ACATGCATCCTCGCAT,Naive CD4 T cell
L3_CTCTGGTTCCTTTGAT,Cycling lymphocyte
E2L2_ATACCGACACAGCATT,Non-classical monocyte
L5_GGCACGTCAATAGTGA,Conventional dendritic cell
E2L7_CTCATGCAGTCTGCAT,Memory CD4 T cell
E2L6_TCAAGCAAGTCAGCCC,Natural killer cell
E2L5_TTGCGTCCATCATTTC,Natural killer cell
L1_TCTTGCGTCGGAATTC,Naive CD4 T cell
L2_GCCTGTTTCGGAGATG,CD161+ memory T cell
L3_ATGGATCAGACTTCGT,Cycling lymphocyte
L5_GATGTTGAGAGAGGTA,Naive CD4 T cell
E2L8_GTTACCCGTTCCCACT,Cytotoxic T cell
E2L7_CAGATCAAGATGTAGT,Cytotoxic T cell
L1_GCCTGTTTCCACTTCG,CD161+ memory T cell
E2L2_TGTGCGGAGCTGCCTG,Memory B cell
E2L7_CATGAGTGTGGTTCTA,Plasmacytoid dendritic cell
E2L6_GACCAATCAAGACGAC,Memory B cell
E2L3_ATCTCTATCTTAATCC,Plasmacytoid dendritic cell
L4_CGTCCATCAAATCGGG,Memory CD4 T cell
E2L7_TGCATCCGTCAGTCCG,Plasma cell
E2L4_GTTGCTCCAGCTGCCA,Non-classical monocyte
E2L4_GGTGAAGAGCAATAGT,Gamma delta T cell
E2L1_TTCCACGAGTAGGCCA,Memory CD4 T cell
L2_TGTACAGAGGTCACAG,Naive CD8 T cell
E2L5_CATTGAGAGAGGTCAC,Cycling lymphocyte
E2L3_CCAATTTGTTTAGTCG,Memory B cell
E2L2_AGGAGGTAGCGTTACT,CD161+ memory T cell
E2L8_GGTGAAGTCTCAATCT,Naive CD4 T cell
L4_TTTGACTGTTCTCTCG,CD34+ hematopoietic progenitor
E2L2_ATTCATCAGTGGCAGT,CD161+ memory T cell
E2L6_GCCAGTGAGGGCTTCC,Cytotoxic T cell
L2_TCGGGTGTCCCAAGTA,CD34+ hematopoietic progenitor
E2L7_GCCGTGACACTCTCGT,Platelet
E2L4_CGGAACCTCTGAGTCA,Plasma cell
L1_GTCGAATCAATGGCCC,Naive CD4 T cell
E2L5_TACTTACTCTCTGACC,Memory B cell
L1_TGAATCGGTAAGAACT,Naive CD4 T cell
L1_CGGAACCGTGTCCGGT,Naive CD8 T cell
E2L1_CTCCTCCTCATTGTTC,Classical monocyte
L4_TTCCGGTCATGAGAAT,Plasma cell
E2L4_TCGTAGATCGGAGCAA,GZMK+ memory T cell
L3_GGGACCTGTCTAGATC,Memory CD4 T cell
E2L1_GCCGATGTCTGGGAGA,Low-quality cell
L1_CCAATGAAGCGTGTTT,Memory B cell
L4_TCGGGACCAAGACTGG,Naive CD4 T cell
L5_TGCGGCATCTTGAACG,Naive CD8 T cell
E2L7_GGACGTCTCTTGCAAG,Memory CD4 T cell
E2L5_GTGCTTCTCGACCTAA,Cycling lymphocyte
L5_CAATACGTCACGGACC,Cytotoxic T cell
L3_ATAGAGATCGTAGGAG,Memory CD4 T cell
E2L5_CGCCATTAGAGCAGTC,Naive CD4 T cell
E2L3_TTCGATTTCTGCGGCA,Cytotoxic T cell
E2L8_CTCAATTGTACTGCGC,Platelet
E2L7_GTTAGTGGTAGCTGAG,Cycling lymphocyte
E2L3_TGCTTCGCATTCTTCA,Classical monocyte
E2L4_CTCAGGGTCGACTCCT,Conventional dendritic cell
E2L8_ACTATGGGTCTTACTT,Memory B cell
E2L4_ACTGTGAAGCATCTTG,Cytotoxic T cell
E2L7_GCCAGCAGTTAATGAG,CD161+ memory T cell
E2L7_ACCATTTCAGGAGACT,Memory B cell
E2L2_TGGGCGTGTATGACAA,Non-classical monocyte
E2L6_GATTGGTGTCCATCTC,Platelet
L4_GATTGGTTCCTCACGT,Naive B cell
E2L6_AACAAGACAGACAATA,Natural killer cell
L4_TTTAGTCAGTCATAGA,GZMK+ memory T cell
L1_AGACTCACATCGGTTA,Plasmacytoid dendritic cell
L4_CTGGACGCACCTCTGT,Natural killer cell
E2L1_CTTCGGTCAACCGCTG,Non-classical monocyte
E2L5_GGAACCCAGCCGCTTG,Cycling lymphocyte
E2L6_GTGTGGCAGTTGGCTT,Plasmacytoid dendritic cell
E2L4_TAGGAGGCAGGACGAT,Naive CD4 T cell
E2L6_GGGCTACGTGGAATGC,Non-classical monocyte
L1_GACCGTGGTTCTTCAT,CD34+ hematopoietic progenitor
L3_ATCTCTAGTTTCCAAG,Classical monocyte
L1_CGGTCAGGTCGTGTTA,Cytotoxic T cell
E2L3_ATCGTGACAGGCTACC,Memory CD4 T cell
L5_GCAGTTAGTGTCTTGA,Memory CD4 T cell
L2_GTAATGCGTACTCCGG,Natural killer cell
L3_GACTTCCAGGAAACGA,Non-classical monocyte
L2_CAAGACTAGCATTTGC,Plasma cell
L5_TCAGTCCGTTGGGTAG,Cycling lymphocyte
L4_GTTTGGAAGTTAGTAG,Naive CD4 T cell
L2_CATCAAGTCGCGGACT,Cycling lymphocyte
E2L6_GAGTTACCAGCTTTCC,Conventional dendritic cell
E2L8_TTTACTGGTATCGTAC,Memory CD4 T cell
E2L7_GGCAGTCCACACCAGC,Natural killer cell
E2L5_GTTGAACAGGAAGTAG,Naive CD4 T cell
L3_AACGTCACATCGTTCC,CD161+ memory T cell
L3_TCACTATAGTGAATAC,CD161+ memory T cell
E2L3_AACGAAAAGATGCTAA,Memory B cell
L2_AATGCCAGTCCGTTTC,Classical monocyte
L1_TCCCATGAGAGCCCAA,Memory CD4 T cell
E2L2_GTTGTCCAGATGAAGG,Low-quality cell
E2L8_TACGGTAAGTTGCTCA,Plasma cell
L3_GCCGATGAGGTGGTTG,Naive CD4 T cell
E2L7_TGTGGCGGTTCTCCAC,Plasma cell
E2L4_AGATCGTGTTCCGCTT,Cycling lymphocyte
L5_TGAACGTAGCGATCGA,Cytotoxic T cell
E2L8_TCATTCATCGCGTGCA,Naive CD8 T cell
E2L7_TTGTTCATCCTCTAGC,CD161+ memory T cell
E2L5_CACTGGGCAACCGGAA,CD161+ memory T cell
E2L3_CGGGTGTCAAGGAGTC,Platelet
L5_TGAGGGACAAGATCCT,Naive CD8 T cell
E2L2_AACAAGAAGGCTTAGG,Cytotoxic T cell
E2L6_TTACAGGTCCACGGAC,Memory B cell
E2L8_ACCATTTTCTGAATCG,Natural killer cell
E2L1_CTGATCCGTAGCGTCC,Low-quality cell
L3_TTCCTCTAGATCACCT,Cytotoxic T cell
E2L2_TTACCATGTCAAGCGA,Cycling lymphocyte
E2L7_TACAACGAGCAGGCAT,Conventional dendritic cell
L2_GGGTCTGCAGGTTCGC,Natural killer cell
E2L2_ACGATGTAGCCTCATA,Memory B cell
L2_AACGGGACAATGTTGC,Memory B cell
L5_CATTGTTTCCCGAGTG,Natural killer cell
L5_CGAGGAACATTCTCCG,Naive CD4 T cell
L2_GGAATCTAGGCTAGCA,Naive CD4 T cell
E2L3_GCGGAAACAATCGCAT,Cytotoxic T cell
E2L7_ATGTCTTAGTTGCATC,CD34+ hematopoietic progenitor
E2L7_TGAACGTAGCTTTCCC,Classical monocyte
E2L2_CTAACCCCAAATGGAT,Cytotoxic T cell
L1_TTGTGGATCTCCATAT,Naive CD4 T cell
L1_ACCAACAAGGATGTTA,Naive CD4 T cell
L1_CTCAGGGTCGGCAGTC,Memory B cell
L5_CTGCTCAAGAGTGACC,Naive CD4 T cell
E2L1_TCAATTCCAGCAGATG,Memory CD4 T cell
E2L7_GCATTAGAGTATGCAA,Plasmacytoid dendritic cell
E2L1_TGTTCCGGTCTGTTAG,Cycling lymphocyte
E2L4_GCTACCTTCGCCTATC,Conventional dendritic cell 1
E2L3_GTAGAAAAGCAGGCAT,Memory CD4 T cell
L4_TACGTCCGTGGTCCCA,Naive CD4 T cell
L5_CTATAGGAGGCCTAGA,Memory CD4 T cell
E2L6_AGGTTACTCCGTGCGA,Low-quality cell
E2L2_TCTTTGATCTTTCGAT,Conventional dendritic cell
L5_GTGTAACAGTGCGCTC,Naive CD8 T cell
L5_ACTATGGTCGACGTCG,Naive CD8 T cell
E2L8_GGTGGCTCAAGAAACT,Naive CD8 T cell
E2L8_TTAATCCGTGTCTTCC,Naive CD8 T cell
E2L1_TTGGGCGGTAGTGCGA,CD161+ memory T cell
L5_AAGGTAATCTACTTCA,CD34+ hematopoietic progenitor
L1_CCTGCATCACGCCACA,Naive CD4 T cell
E2L4_TCTAACTTCGAGTGGA,Conventional dendritic cell 1
L4_TCATTCAGTTCTTGTT,Conventional dendritic cell
E2L6_TCACTATAGGAACATT,Cytotoxic T cell
L1_CTCAACCTCATGGCCG,Naive CD8 T cell
L4_CGGAATTTCGTTCTCG,Memory CD4 T cell
E2L5_AATCGACCACCAGCCA,Plasmacytoid dendritic cell
E2L6_TACGGGCAGGTGAGCT,Low-quality cell
E2L5_TCCATCGAGCAGCCCT,Naive CD4 T cell
L3_ATGGGAGGTCCAGCCA,Plasmacytoid dendritic cell
L5_TTCCGGTCAAACCATC,Naive CD4 T cell
E2L7_ACAGGGAGTAATGATG,Plasmacytoid dendritic cell
L4_ACTGCAAGTCCCTGTT,Platelet
E2L6_TTACGTTCAAGTTTGC,Cytotoxic T cell
L5_AAAGTGACAGGTACGA,Conventional dendritic cell
L1_AGATCGTTCGTCGCTT,Naive CD4 T cell
E2L3_AGCTTCCCACAATGTC,Low-quality cell
L1_AAGGTAAGTACTGCGC,Cytotoxic T cell
L2_TTCGATTAGTTGAAGT,Natural killer cell
E2L2_GCATCGGCATACTTTC,Natural killer cell
L3_ACCAAACAGGTAGTAT,Conventional dendritic cell 1
L2_GCAACCGCACGCCACA,Naive CD4 T cell
E2L5_TTCCAATTCATAAGGA,Memory B cell
L4_GGTAACTGTACTCGTA,Cytotoxic T cell
E2L1_CAGAGCCTCTCCGCAT,Conventional dendritic cell
E2L1_TCCCAGTTCACCCTTG,Non-classical monocyte
E2L5_CGTTGGGGTCCGAAAG,Memory CD4 T cell
E2L5_ACTTCCGAGTGATCGG,Memory B cell
E2L4_GGTAATCTCCACAAGT,Cytotoxic T cell
E2L4_TGCTCCACAGGGAATC,Plasmacytoid dendritic cell
L4_GCTGAATTCTATCGTT,Erythrocyte
L4_ATTCAGGTCAGCTTGA,Conventional dendritic cell
E2L4_CCCTCTCTCTTCGCTG,Natural killer cell
E2L1_GGAGGATGTCCCGTGA,Memory CD4 T cell
L3_TCAGTCCCACGGCACT,CD34+ hematopoietic progenitor
E2L6_AGGACGACAACACAGG,Classical monocyte
L1_TCGAACATCTGAGGTT,Plasma cell
E2L1_ACAAAGAGTATCGCTA,Plasmacytoid dendritic cell
E2L8_TGTGTGAAGGGACTGT,Natural killer cell
L1_ATGAAAGTCGACGACC,Cytotoxic T cell
E2L3_TCCTCGAGTATGAGCG,Platelet
L4_TGAGGGAAGCACAAAT,Memory CD4 T cell
E2L4_ACCAAACCAGAGACTG,Cycling lymphocyte
E2L7_AAGACAATCCTGTTAT,Classical monocyte
E2L4_AAGAACATCTCGCTTG,Cytotoxic T cell
E2L2_CGTAATGCAGACCAAG,Cytotoxic T cell
E2L3_GTAGTACCAACGTATC,Naive CD8 T cell
L2_CATGAGTGTTTGCAGT,GZMK+ memory T cell
L4_GATGTTGGTAAGTTAG,Cycling lymphocyte
E2L6_CCGAACGAGAGCCGAT,Conventional dendritic cell 1
L5_ACAGCCGCAAGATGGC,Memory CD4 T cell
L2_GTATTGGCAGGAGGAG,Plasma cell
L2_TCTCTGGCAACAAAGT,Naive CD4 T cell
E2L8_GATGTTGTCCGAAGGA,Non-classical monocyte
L2_TCTACATTCCTGTTGC,Gamma delta T cell
L2_TCACACCGTGGTGATG,Cycling lymphocyte
E2L6_GCCCAGAAGCAGGTCA,Non-classical monocyte
E2L2_TTCCACGTCCGCTTAC,Cytotoxic T cell
E2L3_ATTCCATGTAGCTCGC,Natural killer cell
L5_AGATAGAGTCTACAAC,Cycling lymphocyte
E2L8_CGTTCTGAGACCAGAC,Memory B cell
L3_GTCCCATTCATACGGT,Memory CD4 T cell
E2L5_TGTTTGTGTTTGCAGT,Memory B cell
E2L5_ACGTAGTTCCGACGGT,Gamma delta T cell
E2L7_GATGACTTCGCTGTCT,Gamma delta T cell
L3_GGAGGTAAGCATGTTC,Memory CD4 T cell
E2L7_TGGGTTAGTGCATGAG,Classical monocyte
L5_AAGCATCAGCCTCTTC,CD34+ hematopoietic progenitor
L5_AAGTTCGCATGGGTTT,Naive CD8 T cell
E2L7_GTAATCGTCAGACCGC,Low-quality cell
L5_CCTCATGTCCATCCGT,Plasmacytoid dendritic cell
L1_CTACAGAGTGATTGGG,Natural killer cell
L5_TTAGGGTCAGCCTTCT,Naive CD4 T cell
E2L2_GAGTGAGGTTGCCGAC,Cycling lymphocyte
L1_TCAGTGATCCGCAAAT,Erythrocyte
E2L8_GTAGAAACAGGTACGA,Plasmacytoid dendritic cell
L1_TCAAGTGGTCAACCTA,Platelet
L5_TAGACTGTCCCTTGTG,Non-classical monocyte
E2L2_CTCATTACAGATCATC,Memory CD4 T cell
L2_AGTCACAGTTCGTAAC,Memory B cell
L4_TTTCACACAATATCCG,Naive CD4 T cell
L3_AAGGTAATCCACATAG,Memory B cell
L2_GATAGCTTCATCCTAT,Memory B cell
L3_ATCGTCCGTTCGGCGT,Platelet
L4_TGTGTGAGTTAAACCC,Cytotoxic T cell
E2L1_TACCTGCTCAAGCCCG,Natural killer cell
L3_CATCCCAAGACATGCG,Naive CD4 T cell
E2L2_CGGGTGTGTACTGTTG,Cycling lymphocyte
L2_TCTTAGTAGGCCATAG,Naive CD8 T cell
E2L7_TCCTCTTAGTCGGCCT,Low-quality cell
L1_TTTACTGGTTACCCAA,CD34+ hematopoietic progenitor
L2_GAAACCTTCGCATTAG,CD161+ memory T cell
E2L2_CTCATGCAGACGAGCT,Cytotoxic T cell
E2L8_ACATTTCGTATACGGG,Cytotoxic T cell
E2L1_GGGTAGATCATTGGTG,Natural killer cell
L3_GCGATCGGTTTACGTG,Classical monocyte
L5_GTCCTCAAGCGGCTCT,Memory CD4 T cell
E2L4_TCCTCCCGTGTTAAAG,Plasmacytoid dendritic cell
E2L1_TCTCACGTCACGGACC,GZMK+ memory T cell
E2L5_GGGTGTCCATGCTGCG,Memory B cell
E2L2_GTGTAACTCCGCACTT,Memory CD4 T cell
L2_TATATCCCAGCCGGTT,Naive CD8 T cell
L3_AACACACTCCTCGATC,CD161+ memory T cell
L2_TCTCCGATCAGCGCGT,Plasma cell
L1_CGATGGCTCATGTCTT,Non-classical monocyte
L2_TGTGAGTCACAGTGAG,Naive CD4 T cell
E2L5_CAGCCAGAGTGGCAGT,Memory B cell
E2L6_CCCTCTCTCTTCCCGA,Memory CD4 T cell
L1_ATGGATCAGTCTCCTC,Naive B cell
E2L4_TGTTGGAGTCCTACAA,Plasma cell
L5_CCACACTTCCCGAGAC,CD34+ hematopoietic progenitor
L4_TATTGCTAGTTACGTC,Non-classical monocyte
E2L1_AGAAGCGGTGGACCAA,Platelet
L4_TTTGTTGAGTAACGAT,Cycling lymphocyte
L5_GAGGCAAGTTCAAGGG,Conventional dendritic cell
E2L7_TACGTCCGTGTCGCTG,Plasma cell
E2L3_TTTCATGAGAATCGAT,Memory B cell
E2L7_GCATCTCTCCTCTTTC,Memory CD4 T cell
L2_ATAGAGATCCTCGATC,Naive CD4 T cell
L3_CGAAGTTCAGACCTGC,Naive CD4 T cell
E2L5_TGACAGTGTCACAGAG,CD161+ memory T cell
L2_AACCTGACAGGAATAT,Non-classical monocyte
L4_GATCAGTAGAGCTTTC,Cytotoxic T cell
L2_CCACCATGTGGCGCTT,Non-classical monocyte
E2L6_TACAACGGTAGAGATT,Non-classical monocyte
E2L5_GCCGTGACACCTGTCT,Naive B cell
E2L8_TGTCCCACAGGGCTTC,Naive CD4 T cell
L4_AACGGGAAGACGCCAA,Natural killer cell
L2_TACGGTAGTCACCCTT,Natural killer cell
L4_CACATGACAAACAGGC,Erythrocyte
L2_AACCATGTCCTCTCGA,CD34+ hematopoietic progenitor
E2L5_TGTCCACGTGGGATTG,GZMK+ memory T cell
L2_TGCTTGCCATGTTCGA,Memory CD4 T cell
E2L4_TACCTCGCACGCAAAG,Memory CD4 T cell
E2L3_TGGATGTAGCAAATGT,Memory CD4 T cell
E2L1_ATTCTACCATCTAACG,Conventional dendritic cell
E2L1_AAGTGAAGTGGATGAC,Cytotoxic T cell
L2_TCAGTGATCAGCTTGA,Naive CD4 T cell
E2L3_TCAATCTCACTGTCCT,Memory CD4 T cell
L2_GACTCTCTCCCATTTA,Naive CD4 T cell
E2L1_GTAGGAGGTTCTCAGA,Naive CD4 T cell
E2L5_AATCGACTCCATCGTC,Cycling lymphocyte
L2_AGGATCTAGTGGACGT,Cycling lymphocyte
E2L6_GTTTGGAAGATGCTGG,Classical monocyte
L1_TCTTAGTCATCAACCA,Naive CD4 T cell
E2L8_TGAGCATGTGAAAGTT,Plasmacytoid dendritic cell
E2L5_CAGTTCCAGGTGTGAC,Memory CD4 T cell
E2L8_GTGCTTCTCCTCTCTT,Naive CD4 T cell
E2L6_TCCTGCATCCAAACCA,Cytotoxic T cell
L4_TCATATCAGGTAGGCT,Naive CD4 T cell
L1_AGACACTGTGTTAGCT,Plasma cell
E2L1_AACCTGATCGTAGAGG,Low-quality cell
E2L3_CTCCTTTCATCTCCCA,Classical monocyte
L3_AGAACAAAGTGGCAGT,Cycling lymphocyte
L1_CATCGGGGTCTCCCTA,Memory CD4 T cell
L5_CCAATTTCAAGAATGT,CD161+ memory T cell
E2L8_ACATCCCCATGTTACG,Plasmacytoid dendritic cell
E2L8_CTCAGTCAGTGCCCGT,Cycling lymphocyte
L4_TCCCACACATGCAGCC,CD34+ hematopoietic progenitor
E2L2_AGTAACCGTGGCTAGA,Cytotoxic T cell
E2L7_CCTAAGACAATAACCC,Natural killer cell
E2L1_GATGACTCATGCGGTC,Natural killer cell
L5_CGAGTTACATGCCGAC,Memory CD4 T cell
L1_GTACAACGTAACCAGG,Cytotoxic T cell
L1_TGGATGTGTAAGATTG,Gamma delta T cell
L1_CACAGATTCGATACTG,Memory CD4 T cell
L4_GGGTCACGTCCTCCTA,Conventional dendritic cell
L5_GAAACCTGTGGTCCCA,CD161+ memory T cell
L3_GTAACACTCGCAGATT,Memory CD4 T cell
E2L4_CATGCTCGTCCAGCCA,Conventional dendritic cell
L3_ATCACAGAGAAGTCAT,Naive CD4 T cell
L2_TGTGGCGGTGAAAGTT,CD34+ hematopoietic progenitor
L3_TCATATCTCTCTCGCA,Naive CD4 T cell
L5_CGAATTGAGCAGAAAG,Cytotoxic T cell
E2L6_ATTGTTCGTGTCCGGT,Conventional dendritic cell 1
E2L7_ACGGTCGTCGTTGCCT,Natural killer cell
L1_GCCAGCACAGCAGTTT,Conventional dendritic cell 1
L4_TACCCGTTCTACGCGG,Erythrocyte
L5_TACATTCGTACCATAC,Natural killer cell
L3_GCCTGTTGTCGAACAG,Naive CD4 T cell
E2L6_GTCATGACATAACTCG,Memory B cell
E2L3_GCACGGTAGATGTTCC,Naive CD4 T cell
L5_TACTTGTTCTCTCTTC,Natural killer cell
E2L6_ATCTTCAAGTCTACCA,Conventional dendritic cell
E2L3_AGTCTCCAGAACTGAT,Naive CD8 T cell
L3_ACCTACCAGGTCACTT,Naive CD4 T cell
L1_TACGTCCGTGTCCAAT,Naive CD4 T cell
E2L3_AATTTCCCAATAGTGA,Naive CD4 T cell
E2L7_CTTACCGAGGTGATCG,Cycling lymphocyte
L5_GCTGCAGCATGCCATA,Plasma cell
L5_ACATTTCAGGTTAGTA,Memory CD4 T cell
L2_ACACCAAGTTTCACTT,Naive CD4 T cell
L1_TTTAGTCCAGCAGTTT,Gamma delta T cell
E2L3_ACGTAGTAGTAGTCAA,Naive B cell
L3_ACCTACCGTCACTCAA,Memory CD4 T cell
L2_AACTTCTGTCGTCGGT,Cytotoxic T cell
E2L5_TCATGCCCAAATGAGT,Cycling lymphocyte
E2L2_ACCCAAAGTGCGACAA,Conventional dendritic cell
E2L2_TCGCTTGTCGACGAGA,Cycling lymphocyte
E2L4_GGCTGTGTCCCGATCT,Non-classical monocyte
E2L3_CGGACACAGCGAACTG,Cytotoxic T cell
E2L5_TCTTGCGAGTCTTGGT,Naive CD8 T cell
L2_TGTCAGATCCATCTGC,Classical monocyte
L4_ATGCCTCCATGGCCCA,Non-classical monocyte
E2L8_CATGAGTGTCGAATGG,Memory CD4 T cell
E2L2_GTGAGCCTCACGAACT,Memory CD4 T cell
L4_TGCATCCCAGACGCTC,CD34+ hematopoietic progenitor
E2L2_CTCGAGGAGACGCCCT,Memory CD4 T cell
E2L7_TGCGATAAGTATTAGG,Cytotoxic T cell
L1_AAAGTGAGTATCGTAC,Classical monocyte
L2_CGGGTGTTCTCAGAAC,Memory CD4 T cell
L3_ATCAGGTCATCAACCA,CD161+ memory T cell
E2L2_CTTGATTTCCGATCGG,Conventional dendritic cell
L3_TTGCTGCCACTACGGC,Memory B cell
E2L7_ACTTCGCAGCGGCTCT,Memory B cell
L4_TGCAGTAGTGGACTGA,Gamma delta T cell
L3_CGGAACCTCCAAGAGG,Cytotoxic T cell
E2L2_CAATCGAAGATCCCAT,Naive B cell
E2L2_ATGAAAGTCTTAGGAC,Cytotoxic T cell
L4_AATGGCTTCTACCAGA,Memory B cell
L4_CAGTGCGGTTATGGTC,Cycling lymphocyte
L5_CCGGGTATCGCTGACG,Memory CD4 T cell
L2_CCCAACTGTTCAGGTT,Classical monocyte
E2L8_CTCATTAGTGGGTATG,Memory B cell
L2_CTGAATGTCAAGCCAT,Memory B cell
E2L6_TCAATCTCACTGAATC,Memory B cell
L2_TCATGCCAGACTTAAG,Cytotoxic T cell
E2L2_AAGCCATGTATCCCTC,Conventional dendritic cell
E2L4_TAACCAGCATCCTTGC,Cytotoxic T cell
E2L2_CGTTGGGAGAACAAGG,Cycling lymphocyte
L1_GCGATCGCAAATGATG,Naive CD4 T cell
E2L5_CTGCTCACAGTGACCC,Cytotoxic T cell
E2L1_CGATGGCCATGAATAG,Cytotoxic T cell
E2L5_AGTGTTGGTGTTGCCG,Memory CD4 T cell
E2L1_ATGCGATCAACCCGCA,Memory CD4 T cell
L1_GTTGCGGAGTATGTAG,Naive CD4 T cell
L1_GGGTGAAGTTCGTAAC,CD161+ memory T cell
L4_TTACCATCAGCAGTGA,Plasma cell
L2_GATGTTGAGCCAAGCA,GZMK+ memory T cell
L2_TCACATTCAATGGCAG,CD161+ memory T cell
L2_TCATGTTAGTATGGAT,Memory CD4 T cell
L2_TTCATGTAGGAAGAAC,Plasma cell
E2L8_GTCACTCTCACCCTCA,Erythrocyte
E2L3_AAAGGGCTCGACATAC,Platelet
E2L7_GTGGGAAGTGAATATG,Naive CD8 T cell
E2L3_AGCCAATTCCGTGGGT,Naive CD4 T cell
E2L8_CTTTCAAAGGCACGAT,Erythrocyte
L2_CATTGCCCAGATCACT,Classical monocyte
L4_GATCACATCCAATCCC,Conventional dendritic cell 1
E2L2_AATGCCATCCTGTTAT,CD161+ memory T cell
E2L6_AACGGGATCCAACTGA,Conventional dendritic cell
E2L6_CTGCATCGTGTCTTGA,Natural killer cell
E2L2_GATGGAGCATTCACAG,Memory CD4 T cell
E2L3_CAGATACAGCCGGATA,Plasmacytoid dendritic cell
L3_TTACCGCAGCCAGTAG,Memory CD4 T cell
L5_CCTACGTCAGCTACAT,CD34+ hematopoietic progenitor
E2L5_TGCCGAGTCTGGGTCG,Naive CD4 T cell
E2L2_AGAGCAGCAGCATTGT,Memory CD4 T cell
L3_TGCAGTATCGGCCCAA,Cycling lymphocyte
L1_GTTAGTGCACACGGAA,Cytotoxic T cell
E2L7_TGCGGCAAGAGGACTC,CD161+ memory T cell
L4_GAGGGTAAGCGCAATG,CD34+ hematopoietic progenitor
E2L6_CACATGAGTCGAATGG,Natural killer cell
L1_GAGTTGTTCATTCGTT,Naive CD4 T cell
E2L4_GAGTGAGCAAACCATC,Low-quality cell
L4_ATCCCTGGTATCAGCT,CD161+ memory T cell
L5_TGATGCAAGTCGCGAA,Conventional dendritic cell 1
E2L2_TGGGCTGGTCGCTTAA,Non-classical monocyte
L2_GGGACCTGTCCCACGA,Plasmacytoid dendritic cell
L3_GGCTTTCAGTAAGAGG,Naive CD4 T cell
E2L1_GGAAGTGAGAGTGTTA,Platelet
E2L1_AGGTTACCAATTGAGA,Memory B cell
E2L7_ACTCCCAGTTGGGCCT,Cytotoxic T cell
E2L3_TGTAAGCCAATTCGTG,Conventional dendritic cell
L5_CACATGATCGCCGTGA,Natural killer cell
E2L8_GGTGTCGCAAGCACCC,Classical monocyte
E2L4_GGATCTAGTCGAGTGA,Cytotoxic T cell
L5_CATGGTACAAGGTCTT,Gamma delta T cell
L5_GGAACCCGTTCTCAGA,Plasmacytoid dendritic cell
E2L2_AAATGGACATTGTGCA,Conventional dendritic cell
E2L1_CTTGAGACAAAGGCGT,Gamma delta T cell
E2L2_GCACGGTGTTGACTGT,Natural killer cell
L4_CTATAGGTCCCGTTCA,Natural killer cell
E2L8_CTGATCCTCCTCAGGG,Cytotoxic T cell
E2L2_TGCTGAAGTCGTTGGC,Memory B cell
E2L3_CGTTCTGGTAGAGCTG,CD161+ memory T cell
E2L6_ACGTAGTTCGATCCCT,Plasma cell
E2L7_GTGCTTCCACCAGCTG,Platelet
E2L4_TCGTAGACAACACGAG,Naive B cell
E2L4_TTCACCGCACTTGTCC,Plasma cell
E2L2_ACGTAGTGTATTCCGA,Naive B cell
E2L1_TTGTGTTCACCGGCTA,Naive B cell
L5_CCTCATGCATGACGAG,Natural killer cell
E2L4_TTTCAGTTCCTATTGT,CD161+ memory T cell
E2L5_TGTAACGCAACACAAA,Gamma delta T cell
E2L2_CGGGTCATCCAGCCTT,Classical monocyte
L1_GTTAGACTCTAGTTCT,Naive CD4 T cell
L1_GTACAACAGTTATGGA,CD34+ hematopoietic progenitor
L1_GAGTTTGTCGTAGAGG,Cytotoxic T cell
L3_TCGCTTGCAACTCCAA,Naive B cell
E2L4_TCGGATATCTTCCCGA,Naive CD4 T cell
E2L7_TTACAGGAGCTCGGCT,Natural killer cell
E2L6_GAGAAATCACGGCACT,Plasmacytoid dendritic cell
L1_GTTATGGTCTCACTCG,Naive CD8 T cell
L3_CAGATACCACAAGGTG,Natural killer cell
E2L6_CCTACGTTCGAATCCA,CD161+ memory T cell
E2L5_GTTTACTTCTGTTCAT,Plasma cell
L4_CCACGAGAGAGAGTTT,CD161+ memory T cell
E2L6_TAAGCACAGTACGAGC,Plasmacytoid dendritic cell
L5_GTACAACAGACAGCTG,GZMK+ memory T cell
L4_ATGTCCCCATACAGGG,Memory CD4 T cell
E2L4_ATTACCTAGATACAGT,Low-quality cell
L1_GGGCTCAGTTCTTAGG,CD34+ hematopoietic progenitor
L1_CACTAAGCACGAAAGC,CD161+ memory T cell
E2L6_AGTTAGCTCTAAGCGT,Plasmacytoid dendritic cell
L4_CTCCCTCGTCCGAAGA,Plasmacytoid dendritic cell
L5_ACCCTCAGTGGATCAG,Non-classical monocyte
L2_GCCAGCATCGAGCCAC,Natural killer cell
E2L8_TATCAGGCAAGTTGGG,CD34+ hematopoietic progenitor
L1_CCGGGTAGTTTACTGG,Plasma cell
E2L8_GGGACAATCTTGGTCC,Natural killer cell
L1_CTCCATGCATCGGCCA,GZMK+ memory T cell
L5_TTACCATAGATAACAC,Cytotoxic T cell
E2L7_ATTCCTACAGGTCCCA,Memory CD4 T cell
E2L2_CTTACCGTCTCCTGCA,Cytotoxic T cell
L4_CCATCACAGACGCCCT,Cytotoxic T cell
L1_AGGGTCCAGACTACCT,Plasmacytoid dendritic cell
E2L3_TTCACGCCAGCAGTTT,GZMK+ memory T cell
L2_GAATCGTTCCACGTGG,Memory B cell
L3_GTCGTAATCCGTGACG,Classical monocyte
L2_GAGATGGTCGAATGCT,CD34+ hematopoietic progenitor
E2L8_TTTGATCCAATGTGGG,Low-quality cell
E2L7_AACCATGAGCGGGTTA,Conventional dendritic cell
E2L6_GGGAGATGTGCATTTG,Memory CD4 T cell
E2L4_CATGAGTCACGACGCT,Cycling lymphocyte
E2L6_TCAGTCCGTGTTACTG,Conventional dendritic cell
L1_GTATTTCCATGGCTGC,CD34+ hematopoietic progenitor
E2L1_CTTCTAACAGGCTCTG,Gamma delta T cell
E2L4_TACCCACCACCGCTGA,Memory CD4 T cell
L5_TACATTCTCTTTGATC,Cytotoxic T cell
E2L6_GCCGTGAGTAGACAGC,Memory CD4 T cell
E2L7_GTGCAGCTCCGTGGGT,Memory CD4 T cell
L5_CGCCAGACAAACCACT,Memory CD4 T cell
L1_AGGCTGCTCTAGCCTC,Plasmacytoid dendritic cell
E2L2_CCACGTTGTGGGACAT,Memory B cell
L4_GTAAGTCGTCGCATGC,Conventional dendritic cell 1
E2L1_AATAGAGTCCGGACGT,Natural killer cell
L2_TTGTGGATCTGCCTCA,CD161+ memory T cell
E2L4_AGGTCTAAGCCTCAGC,Natural killer cell
L2_GTGCAGCAGGTTGGTG,Cycling lymphocyte
L1_ATTGTTCAGCCACAAG,Naive CD8 T cell
L3_GATCACACAGTTCCAA,Low-quality cell
E2L6_CACTAAGTCGTTCTAT,Non-classical monocyte
L4_GGAATGGCAGAAGCGT,Naive CD8 T cell
L2_CATGCTCAGTATGATG,Naive CD4 T cell
L5_GTAGGTTCATCCTAAG,Naive CD8 T cell
E2L4_ACGATCACAATAGAGT,Low-quality cell
E2L2_AATCACGCATCCGATA,Natural killer cell
E2L2_TCAGTGATCTAAGCCA,Gamma delta T cell
E2L2_CAAAGAAGTACCGGAA,Cytotoxic T cell
E2L6_CCGGACAAGAGTTGTA,Plasmacytoid dendritic cell
E2L5_TTCGCTGGTCAGGAGT,Memory B cell
E2L7_TTTACTGCAGCGTTGC,Conventional dendritic cell
L4_TACCTCGCACACACGC,Cytotoxic T cell
L5_CGACAGCTCTCGTGAA,Naive CD4 T cell
L5_CCCTGATGTCCCGGTA,Plasma cell
E2L3_TAGACCATCTTTGATC,Memory CD4 T cell
L1_AGGCTGCTCTGCGGAC,Naive CD4 T cell
E2L3_TAACGACAGCCTTTGA,CD34+ hematopoietic progenitor
E2L6_GTTCTATAGGAGGCAG,Naive CD8 T cell
E2L3_ATATCCTTCTGCTTAT,Naive CD4 T cell
E2L1_AGTCAACAGCATGCAG,Conventional dendritic cell
L1_GTCTCACCATTGTCGA,Memory CD4 T cell
L4_CGAGGAAGTTCAGCGC,Naive CD8 T cell
L4_GTGCAGCCAAATAAGC,Cytotoxic T cell
L3_ACGGTCGGTGCCGTTG,Naive B cell
E2L3_TCATATCTCTGCGATA,Memory CD4 T cell
E2L2_TGCAGATTCACGGTCG,Cytotoxic T cell
E2L7_CCACACTCACGCGTGT,Natural killer cell
E2L7_GTGCAGCCAAGATGTA,Non-classical monocyte
L5_TTACAGGGTTCTTGCC,Non-classical monocyte
E2L2_CCCTCAAAGTGGCAGT,Cytotoxic T cell
E2L7_GAAGTAAGTATCAGCT,Platelet
L3_GGTCACGCACCGTCTT,Naive CD4 T cell
L2_TCCTAATTCCAGTGCG,Naive CD4 T cell
L2_TTCCTCTTCGGCTATA,Naive CD4 T cell
L1_TGATCTTTCGCTGACG,Memory CD4 T cell
E2L2_TTTACCAGTCAAGTTC,Cycling lymphocyte
E2L5_GATGGAGTCCGCGGAT,Platelet
E2L2_GCAACATGTATACCTG,Conventional dendritic cell
L2_CTTTCGGAGAGAGCCT,Memory B cell
E2L8_TCCGGGAGTGTTGATC,Cytotoxic T cell
E2L7_TCATGAGGTCTCAAGT,Erythrocyte
L1_GTGAGCCAGATTCGCT,Conventional dendritic cell
E2L5_ATAGACCTCAATCCGA,Memory CD4 T cell
E2L3_AGTCTCCAGTTGAAAC,Memory B cell
L3_AGGGTTTGTGTGACCC,Platelet
E2L5_GAAATGATCGCGTGCA,Memory CD4 T cell
L4_TCTACCGAGCGTTGTT,Naive CD4 T cell
E2L5_AGGAGGTAGTGTTCAC,Cycling lymphocyte
E2L8_ACGTAGTTCATGAAAG,Natural killer cell
L3_TCACACCCAAGTGGGT,Naive CD4 T cell
E2L3_TACTTGTTCGAAGCCC,Non-classical monocyte
E2L5_CAAGAGGCATACTTTC,Cytotoxic T cell
L5_GTAGAGGTCTTTACAC,Cytotoxic T cell
E2L6_TGAGGAGTCGTACCTC,Plasmacytoid dendritic cell
L1_TAATCTCAGCGTGTTT,Cytotoxic T cell
E2L1_ACCACAAAGAGCATAT,CD161+ memory T cell
E2L7_AACAAAGGTTCAGTAC,Classical monocyte
L5_CGTTAGATCGGACAAG,Cytotoxic T cell
L3_ACACCAAGTAACGCGA,Naive B cell
E2L6_TACAGGTTCTGCCTGT,Cycling lymphocyte
E2L2_GTCATCCTCCTCGATC,Cytotoxic T cell
L1_GCAACCGGTAGTGTGG,Memory B cell
L5_CATCAAGCATTCATCT,Conventional dendritic cell
E2L7_TAACCAGGTGGCTACC,Cytotoxic T cell
E2L1_AGGGTTTGTGCGGTAA,CD34+ hematopoietic progenitor
L5_TCAAGCATCCGAAATC,Memory CD4 T cell
E2L1_GCGATCGAGTATGACA,Plasmacytoid dendritic cell
E2L3_AGACAAAAGATGACCG,Cycling lymphocyte
L3_GGCTTTCTCCTAAACG,Memory CD4 T cell
E2L8_ATCCTATAGAGGGTGG,Memory B cell
L2_TAGTGCACAATCTGCA,CD161+ memory T cell
E2L8_GTTGCTCTCGGTGTTA,Cytotoxic T cell
L2_TTACAGGCAGACGGAT,Plasmacytoid dendritic cell
E2L7_CCGGTAGGTGTAGCAG,Memory CD4 T cell
E2L4_ACAGGGATCGGTGTAT,Naive CD4 T cell
L2_CCGATCTGTCGTGGTC,Naive CD4 T cell
E2L8_TCTTGCGTCAGCTTGA,Memory B cell
E2L2_ACGTTCCAGCTGGCTC,Natural killer cell
E2L2_TTGAACGGTGTTTGCA,Natural killer cell
E2L8_AAGACTCAGCGATCGA,Cytotoxic T cell
E2L5_GCATTAGGTACAGTTC,Plasma cell
E2L4_GCCAGGTTCTGTCGTC,Cycling lymphocyte
L4_GCATCGGCATGGCTGC,CD161+ memory T cell
L4_ACCATTTAGCATCCCG,Cytotoxic T cell
L3_TGCGACGGTGGTCCCA,Conventional dendritic cell
L2_TTAGTCTTCTGGCCAG,Naive CD4 T cell
E2L8_TCATGTTGTGTTCAGT,Natural killer cell
L4_GCGGATCCAACGGGTA,Plasma cell
E2L1_TCAAGACGTATCGGTT,Naive CD4 T cell
L5_GAAGTAATCTTCGTGC,CD161+ memory T cell
E2L2_TTTGATCAGCCATTCA,Natural killer cell
L3_TGGGAGAGTCCGCAGT,Non-classical monocyte
L5_CGGAGAATCAGCTCTC,Conventional dendritic cell 1
E2L6_TTCGCTGGTACGGTTT,Natural killer cell
L1_GCTGAATCATGGAGAC,Naive CD4 T cell
E2L8_ATCTCTAAGGCCATAG,Naive B cell
L4_TACTTCAGTAAGATTG,Memory B cell
E2L5_CTCCTTTTCACTTGGA,Naive B cell
E2L3_CGGGCATGTCCAAGAG,Cytotoxic T cell
E2L7_GTGATGTGTATGGGAC,Classical monocyte
L3_TGTAGACTCACTGAAC,Memory B cell
L2_TGAGCATCAATGACCT,Memory CD4 T cell
L5_TGATCAGAGATGGTCG,Natural killer cell
E2L6_TCCCACATCAAGGTGG,Conventional dendritic cell 1
L5_CGTAGTATCGACCACG,Naive CD8 T cell
E2L4_ACTATCTTCGACACTA,Memory B cell
E2L5_TACACCCTCTGTCCCA,Naive CD4 T cell
L3_TACTTCACAAGACGAC,Gamma delta T cell
L4_CTCTCAGAGACGCTCC,Classical monocyte
L4_GGAAGTGAGGTGATCG,CD161+ memory T cell
L2_TTCCGTGCAATAGTAG,Plasma cell
L4_TGCGGGTAGCGTCAGA,Naive B cell
E2L5_TCATGTTCAATCTCTT,GZMK+ memory T cell
L1_TCGAAGTCAACCTAAC,Conventional dendritic cell 1
L3_AAACCCATCTGTCAGA,Cytotoxic T cell
L5_GTAGGAGAGCTGGCTC,Naive CD4 T cell
L4_AAAGAACTCCAACCGG,Cytotoxic T cell
L2_AGAAATGGTGCCTTCT,Memory B cell
L2_CTCCAACCAGCATCTA,CD34+ hematopoietic progenitor
E2L5_GGTGGCTGTGACTGAG,Memory B cell
E2L7_GTAGAGGCAGGTCAGA,Plasmacytoid dendritic cell
E2L5_TGGAACTGTGCAGATG,Cytotoxic T cell
L5_GGTTCTCCAGATAAAC,Naive CD4 T cell
E2L5_GTCGAATTCCATCGTC,Cytotoxic T cell
L2_GAGTCTACATATCGGT,Conventional dendritic cell
E2L5_CGCCATTCATGCCATA,Cytotoxic T cell
L1_AACCTTTAGAGAGCCT,Naive CD4 T cell
L3_TTGCATTAGGAGTATT,CD161+ memory T cell
E2L7_GTAGGTTTCCCAAGTA,Memory CD4 T cell
E2L6_CGCATAAAGTCGTTAC,Classical monocyte
E2L5_GCCAGGTCACGGATCC,Cytotoxic T cell
L2_CTTGATTAGCCACCGT,Naive CD4 T cell
E2L3_TCCTTTCTCTGGTTGA,Cytotoxic T cell
E2L6_ATCACTTTCCCAAGTA,Classical monocyte
L5_ACACCAACACCCAATA,Cytotoxic T cell
E2L1_AGCGTATCATCCGGTG,Naive CD4 T cell
E2L2_AGCCAGCAGGGCTAAC,Plasmacytoid dendritic cell
L3_CGCCATTTCCGTATAG,Naive CD4 T cell
E2L4_CCATAAGAGGATGTTA,Natural killer cell
E2L7_CTGGTCTAGCATTTGC,Memory CD4 T cell
E2L6_GCGGATCTCCAATCTT,Memory B cell
E2L4_TCTCTGGTCTAGTTCT,Platelet
E2L1_GATCATGGTAGAATAC,Classical monocyte
E2L1_TCTATCATCTTCTAAC,Cytotoxic T cell
L1_CTATCCGTCTCGCTTG,Cycling lymphocyte
L5_TCCTTCTCAGCGTTTA,CD34+ hematopoietic progenitor
E2L7_TACCGAAGTTGGGAAC,CD161+ memory T cell
E2L7_TGGTTAGTCTGGTGCG,Plasmacytoid dendritic cell
L4_AAAGTGATCGTTCTCG,Platelet
E2L5_GAGTCTACAGGTAGTG,Plasmacytoid dendritic cell
E2L6_TTTATGCCACCAGACC,Cytotoxic T cell
L1_GTTAGACTCCTAACAG,Naive CD4 T cell
E2L7_CTTCCGATCCTTGAAG,Memory B cell
L1_ACTCTCGAGTCCTGCG,Memory CD4 T cell
L2_TCACGGGGTTCCTTGC,Memory B cell
L1_TGTCAGAGTCTCGGAC,Naive CD4 T cell
E2L4_AACCCAACAATAGAGT,Plasma cell
L4_GCTACCTGTGCTATTG,Memory B cell
L4_CGAGTGCAGCAGGTCA,Memory CD4 T cell
L2_GTCAGCGGTTTGAAAG,Classical monocyte
L4_CGAATTGGTTACGCCG,Natural killer cell
E2L7_CATCGGGAGCGTGTTT,Memory CD4 T cell
E2L8_TCATTCACATGTACGT,Cytotoxic T cell
E2L7_TCCTCGAAGTGCCGAA,Memory B cell
E2L3_ATCGTCCCACATAGCT,Classical monocyte
L3_CGTTAGAAGGCCTTCG,CD161+ memory T cell
L2_GGGTCTGGTACACTCA,Naive CD4 T cell
L5_CTAACTTTCCCGAACG,Low-quality cell
E2L7_GTGCACGGTCGTGTTA,Memory CD4 T cell
E2L2_CCATCACCACGAAAGC,Naive B cell
E2L4_TGCTCGTCACAACGCC,Memory CD4 T cell
E2L2_CGGAACCAGGTTCATC,Platelet
E2L8_TTGTTCATCCCGTTCA,Plasmacytoid dendritic cell
E2L8_GCCATTCTCCGTAGGC,Memory B cell
E2L3_TTGGGCGGTCTGTGTA,Conventional dendritic cell
L2_TTGAACGAGCACTTTG,Natural killer cell
E2L2_TGGAGAGCACTCCACT,Non-classical monocyte
L1_GATGTTGTCCTTACCG,Non-classical monocyte
L2_CTAACCCCAACCCGCA,Naive CD4 T cell
L2_GAAATGAAGCCAGTAG,Plasma cell
E2L1_AACCACAGTAACGGTG,Cytotoxic T cell
L5_GAGCCTGTCAAGCTTG,Natural killer cell
E2L4_CATAGACTCGGTAGAG,Naive B cell
E2L1_GTCTCACAGCTGTGCC,Conventional dendritic cell 1
E2L1_GGGCCATGTGCCTATA,Memory CD4 T cell
E2L5_CATCGGGGTCCGTACG,Memory B cell
E2L5_CCCATTGAGTGCAGGT,Plasma cell
L2_TTGTTGTGTCGGTGAA,Conventional dendritic cell
L5_ACTATTCCAGGCCCTA,Naive CD4 T cell
L3_TTCAATCTCGGTGTTA,CD34+ hematopoietic progenitor
E2L4_CTCTCAGGTAACGATA,Low-quality cell
E2L1_TCTTCCTGTACCGGCT,Naive B cell
L5_GGATGTTCAAGAGGCT,Naive CD4 T cell
L4_AACAACCTCAACCCGG,Erythrocyte
E2L4_CCGAACGTCATAGGCT,Memory CD4 T cell
L2_CTGATCCTCTCAAAGC,CD161+ memory T cell
L4_TCATCCGCATTGAAGA,Conventional dendritic cell
E2L4_TGGGCGTAGGTCCCTG,Cytotoxic T cell
L4_CATTCCGAGGGTCACA,Memory B cell
E2L5_CTCTCAGGTAGCTGCC,Naive CD4 T cell
E2L8_TATCTTGAGATGACCG,Non-classical monocyte
L5_TCAATTCGTAGGAAAG,Naive CD4 T cell
L5_AGGATAATCACTCCGT,Naive CD4 T cell
E2L8_ACGGGTCTCGTAATGC,Classical monocyte
L1_GAGGGATGTTGAATCC,CD34+ hematopoietic progenitor
E2L5_AGTGACTGTCCTACAA,Platelet
E2L4_CGAGGCTCAGCCGGTT,CD161+ memory T cell
L3_TCTACATGTCTGTGGC,CD161+ memory T cell
L5_CATTCTAAGTGGTTAA,CD34+ hematopoietic progenitor
E2L1_TTCCTAAAGTACTGGG,Cytotoxic T cell
E2L2_GGAGGATGTTCGGGTC,Natural killer cell
E2L7_GCGTGCACAGTTTCAG,Memory CD4 T cell
E2L6_CCAATGAAGGCTGGAT,Non-classical monocyte
E2L8_TCCGATCCACCATATG,Cytotoxic T cell
L1_TCGCACTTCCCGTGAG,Naive CD8 T cell
E2L1_TCCTTTCCACCCTAGG,Non-classical monocyte
L1_TTCTAGTAGAGGTCAC,Naive CD4 T cell
L3_AAACGAAGTCCTTGTC,Conventional dendritic cell
L2_CTCAGTCGTCGTAATC,Cycling lymphocyte
E2L3_TGATGCAGTGATACCT,Natural killer cell
E2L5_AAGTTCGAGCACTCGC,Memory CD4 T cell
L2_GAGTTACTCTTCGGAA,Natural killer cell
L5_GGTTCTCGTTCCAGGC,CD34+ hematopoietic progenitor
E2L4_CGTAGTACACTATCGA,CD161+ memory T cell
E2L5_ATGATCGAGAATCGTA,Conventional dendritic cell 1
E2L6_GGTCTGGTCTCGGTAA,Cytotoxic T cell
L2_CAAGGGAAGGCCATAG,Cytotoxic T cell
L3_ACAACCAGTCTGTCAA,Cytotoxic T cell
E2L1_TCACATTCATCTTAGG,Memory CD4 T cell
E2L3_TTGGGTATCCCGTGTT,Cytotoxic T cell
E2L5_ATGTCCCCAACCGATT,Memory CD4 T cell
E2L4_CTCCTTTTCTCTGCTG,Classical monocyte
L3_AGCGATTCAGCCTATA,Classical monocyte
E2L3_ACCTGAAGTGAACGGT,Memory CD4 T cell
E2L1_TGAGTCATCAGGAAAT,Cytotoxic T cell
E2L2_TTTGACTTCCGCACTT,Memory CD4 T cell
L2_GTGAGGAGTACAAGTA,CD161+ memory T cell
L1_GAATAGACACAAGCAG,CD34+ hematopoietic progenitor
E2L8_CACGGGTCAGTATACC,Naive CD4 T cell
E2L3_TGGTTAGTCTTCGTAT,Cytotoxic T cell
E2L5_CTTGATTAGAGATGCC,Platelet
E2L2_TCGTGGGAGAATCCCT,Naive CD8 T cell
L4_GTTTGGAAGTTGGCTT,Cytotoxic T cell
E2L6_ATCGGCGAGAAGTCCG,Plasmacytoid dendritic cell
E2L3_GTTACAGGTTAGGAGC,Conventional dendritic cell
L1_CGAGAAGTCCAATGCA,Memory CD4 T cell
L1_ATCGGATAGACCAACG,Naive CD4 T cell
E2L3_GCTTTCGTCGACGATT,Conventional dendritic cell
E2L5_CGCGTGACACACGGAA,Memory B cell
E2L6_GGGCGTTTCACCTTGC,Gamma delta T cell
E2L7_TGGTGATGTTTGAAAG,CD34+ hematopoietic progenitor
E2L3_CCCTCAAGTAGCTGAG,Memory B cell
E2L5_GACCGTGGTCGTCTCT,Memory B cell
L2_TCGAAGTTCAAAGCCT,Memory CD4 T cell
E2L5_CCGCAAGTCGTTCCTG,Memory CD4 T cell
L4_AACCATGCATAACTCG,GZMK+ memory T cell
E2L4_GTGTTCCCAATACGAA,Memory CD4 T cell
L3_CTCATTAGTCATGGCC,Memory CD4 T cell
L5_TCGACCTTCGCGTCGA,Classical monocyte
E2L4_AAAGTGATCTTTACAC,Natural killer cell
L1_ATTGTTCCAACAAAGT,Naive CD8 T cell
E2L4_GTGGAAGCACAGTGAG,Platelet
E2L3_GTGCACGCATCTTAGG,Natural killer cell
L1_GGTGATTGTCTTTATC,Memory CD4 T cell
E2L2_CTTTCGGGTAGATTAG,Classical monocyte
E2L5_TCGCTCACAATGGGTG,Cytotoxic T cell
E2L2_TACCGAAGTTGACGGA,Conventional dendritic cell
E2L2_AGGGCTCTCCACTGGG,Plasmacytoid dendritic cell
E2L7_GTGTGATGTAATGATG,Cytotoxic T cell
L3_TCGGGACGTCAAGTTC,Cycling lymphocyte
E2L7_TGAATGCTCAGTGTTG,Naive B cell
L1_GTGCTTCAGTCATACC,Natural killer cell
E2L5_CGGGTCACACATACTG,Naive B cell
E2L6_GGATCTATCATCGCAA,Platelet
E2L5_GGAATCTCACTACCCT,Cytotoxic T cell
E2L5_TTGGTTTGTGTTCCAA,Platelet
E2L5_TAACACGTCTGTCGTC,Naive CD4 T cell
E2L3_AAAGTGACACCAGCCA,Cycling lymphocyte
L3_AAAGTGAGTGAGATTA,Memory B cell
E2L8_GCACATAAGCTAGAGC,Natural killer cell
E2L4_AGGACTTCACGAGGAT,Conventional dendritic cell
E2L8_CAATCGAAGTTGGAAT,Classical monocyte
L1_TTCAATCTCTCTCCGA,Natural killer cell
E2L2_CGGTCAGAGACATAAC,Cytotoxic T cell
E2L1_GATGATCAGATACCAA,Memory B cell
E2L8_CGTCAAAGTTCGGTCG,Memory B cell
E2L6_TTGTTCACAGGCCCTA,Plasma cell
E2L3_ATCATTCTCGCGTAGC,Memory B cell
E2L3_TAGACTGTCGTAGAGG,Low-quality cell
L3_TTTGATCTCCAACACA,Plasmacytoid dendritic cell
L2_CATCCCATCGCAGATT,CD161+ memory T cell
L2_TCCTCGAAGTTACGTC,Cytotoxic T cell
E2L6_CACAACACAATTCTCT,Naive B cell
L2_CCCTGATTCCTTTGAT,Cytotoxic T cell
L5_AACGAAATCCACTGGG,Naive CD8 T cell
L4_ACCACAAGTTCGAACT,Plasmacytoid dendritic cell
L2_AGTACCATCTGTTCAT,Naive B cell
E2L6_ATTATCCCACTCTGCT,Naive B cell
E2L7_CATCCGTCATACGCAT,Natural killer cell
E2L8_CCTTTGGTCCTTTAGT,Natural killer cell
E2L6_CATAGACTCGGTCTGG,Cycling lymphocyte
L4_TTGCCTGCATACTGTG,Naive B cell
E2L8_TCCATGCGTATAGGGC,Cytotoxic T cell
L2_GACATCAGTCACCGCA,Naive CD4 T cell
L3_TTTACGTGTCTGATAC,Plasma cell
L4_AAGATAGTCGCGATCG,Erythrocyte
E2L7_AATTCCTCATGCCGCA,Memory CD4 T cell
L2_GATTCTTGTCCTTAAG,Plasma cell
E2L8_TCATCCGCAGTCAGTT,Naive CD8 T cell
E2L5_AGTTAGCTCGCTAGCG,Cycling lymphocyte
E2L2_AGACACTGTTAAGACA,Cycling lymphocyte
L1_GTGAGCCAGGTCTTTG,Naive CD4 T cell
E2L1_TATTGCTAGCCATTCA,CD161+ memory T cell
E2L2_GATAGAACATCAGTCA,Memory CD4 T cell
E2L8_ACGGTCGAGGGTTTCT,Gamma delta T cell
E2L3_GTCGTTCTCGTCCATC,Conventional dendritic cell
L3_AGGAGGTCAGAGGGTT,Plasma cell
L1_AGACAGGGTGCATTAC,Naive CD4 T cell
L1_TCACGCTGTACCAGAG,Erythrocyte
E2L3_CATCCACGTAGTGGCA,Plasmacytoid dendritic cell
E2L2_GAGGGTAGTTTGAAAG,Cycling lymphocyte
E2L6_TAGACTGGTCGAAGCA,Cytotoxic T cell
E2L8_CTTCTCTAGTATAGGT,Erythrocyte
L5_ACCGTTCAGCATGTTC,Conventional dendritic cell 1
L4_AAGACTCAGGTGCCAA,Naive CD4 T cell
E2L6_TTCCGGTCAACTCCCT,Natural killer cell
L1_GCCATTCTCATCGGGC,Naive CD8 T cell
E2L8_TGTCCTGTCAGACCGC,Cytotoxic T cell
E2L8_CAACCTCGTAACCAGG,Memory CD4 T cell
L5_CCGTGAGAGATGCTAA,Plasma cell
L1_TGTGCGGTCATTACGG,Low-quality cell
E2L5_CGTAAGTGTCACAGAG,Plasmacytoid dendritic cell
E2L8_CTCCCAACAGTGGGTA,Naive CD4 T cell
L5_CGGACACGTGAGTCAG,Non-classical monocyte
E2L6_TCGGATAGTCGCATTA,GZMK+ memory T cell
L3_GGAGGATGTGCGGATA,Naive B cell
E2L7_GGAATCTAGGATTCCT,Low-quality cell
L1_AGCGCTGTCAGCTGAT,Plasma cell
E2L1_GTATTTCTCTTACTGT,Cytotoxic T cell
E2L4_GGCTTTCGTCGCTTAA,Non-classical monocyte
L1_TAAGCACCAGAGGCTA,Cycling lymphocyte
E2L8_AAGACTCGTTCTTGCC,Cytotoxic T cell
L5_CGGGACTGTAACCCTA,Cycling lymphocyte
L2_GTCAAGTCACAATTCG,CD34+ hematopoietic progenitor
L1_GAAGTAAGTGCCCTTT,Memory CD4 T cell
L4_CATGGTAGTCTACTGA,Cycling lymphocyte
L5_TAGGAGGCAGAGTCAG,Non-classical monocyte
L5_CAAAGAAAGAAAGCGA,Naive B cell
E2L6_CAGGCCAAGCCTCATA,Classical monocyte
E2L6_GCACATATCCATTGCC,Naive CD4 T cell
E2L8_GACAGCCCATGTTCAG,Memory CD4 T cell
E2L2_TGTTTGTGTTTACCAG,Naive CD4 T cell
E2L4_GCACGTGCACTCATAG,Classical monocyte
E2L1_TCTGCCAAGCAAGTCG,Conventional dendritic cell 1
E2L5_TGGGCTGCAACAGAGC,Naive CD8 T cell
L2_GGGTCACCATTATGCG,Naive CD8 T cell
L1_GATTGGTGTTTACTGG,Cytotoxic T cell
L5_CTGTAGAGTATTCCTT,CD161+ memory T cell
L5_GGGTTATCACATGTTG,Naive CD4 T cell
E2L8_TTGAACGAGGATCACG,Natural killer cell
L4_GACCCTTGTAGTGTGG,Non-classical monocyte
L1_CATACCCGTTCCGCTT,Naive CD4 T cell
E2L4_ATCCACCGTAGCGCCT,Cytotoxic T cell
L3_TGGAGGAGTGTTGATC,Naive CD8 T cell
L2_CATGCAACACCCAAGC,Memory B cell
E2L1_AGACACTGTGTCGCTG,Classical monocyte
E2L6_GTAGAAACAAGACAAT,Memory CD4 T cell
E2L7_TGATCTTAGACTGTTC,Memory CD4 T cell
L3_CTGGACGGTGATTAGA,Naive CD4 T cell
E2L3_GCCATGGTCGTTCTCG,Cytotoxic T cell
L4_TTCGGTCCAAATTGCC,Naive CD8 T cell
L1_CATACTTGTCATATGC,Memory CD4 T cell
L2_AATCGACTCAATGCAC,Non-classical monocyte
L3_ACTCTCGAGACGACTG,Memory CD4 T cell
E2L6_GGGTGTCAGATTCGCT,Natural killer cell
E2L3_TTGACCCCACCATTCC,Plasmacytoid dendritic cell
E2L4_GTGATGTAGATGCTGG,Natural killer cell
E2L7_AGATGCTTCCAAAGGG,Plasmacytoid dendritic cell
L3_TTTGATCAGTCGTCTA,Naive CD8 T cell
E2L2_AGTTAGCTCTTCCGTG,Naive CD4 T cell
L2_ATCACAGAGATGCTGG,Erythrocyte
L4_CTCGAGGCAAATTGGA,Naive CD4 T cell
E2L3_TTGCGTCTCTCATTTG,Memory CD4 T cell
E2L3_AGACTCAAGTGAGTTA,Naive B cell
L2_ACACCAAGTGTAGTGG,Naive CD4 T cell
L3_TCGAACACACCAAAGG,CD34+ hematopoietic progenitor
E2L8_TTCCAATTCACCATGA,Plasma cell
L5_GTGGCGTAGACCAGCA,Memory CD4 T cell
E2L2_AAGTTCGTCGGCAGTC,Plasma cell
L3_TACGTCCCACGAGGTA,Cytotoxic T cell
L4_TGTTCCGCAAATCAGA,Naive CD8 T cell
L1_GATCACAGTACAGTAA,Memory CD4 T cell
L2_GTCACTCTCACGAGGA,Naive B cell
L5_ACGATGTAGGAACGAA,CD161+ memory T cell
E2L5_ACTTCCGTCACATTGG,Naive B cell
L1_AGTGTTGAGAAGTGTT,CD161+ memory T cell
L1_GCTGCAGTCCGTTTCG,Conventional dendritic cell
E2L3_CGCATAACACTACCCT,Non-classical monocyte
L1_CCCTCTCGTCATCTAG,Memory CD4 T cell
E2L3_GACCTTCAGAGGGTAA,Naive CD8 T cell
E2L4_AGGATAATCTAAACGC,Memory B cell
E2L7_CATGGTATCGAGTGAG,Classical monocyte
L4_GGAGGATGTACCGGCT,CD34+ hematopoietic progenitor
E2L1_AGTGCCGAGACCCGCT,Memory CD4 T cell
E2L5_TCTCTGGTCCGGACTG,Cytotoxic T cell
L5_GAGTCATAGATCGGTG,Memory CD4 T cell
L4_GGAGGATTCGGATACT,Cytotoxic T cell
E2L7_GGAAGTGAGCATACTC,Naive CD4 T cell
L1_TCACAAGTCAACTGAC,Naive CD4 T cell
L2_TAGATCGTCCCGAGGT,Naive CD4 T cell
E2L5_CGTGTCTTCAGAACCT,Cycling lymphocyte
E2L5_AGCGTATTCACTACTT,Cytotoxic T cell
E2L3_AAGATAGTCTGGTGCG,Naive CD4 T cell
E2L3_ACGGAAGCATCGGTTA,Plasmacytoid dendritic cell
L2_GTGGCGTCACTGCTTC,Non-classical monocyte
L5_ACTATCTTCCGATGTA,CD161+ memory T cell
L2_GCAACATTCTAGGCCG,Cytotoxic T cell
L5_TCACTATTCGAGTGAG,CD34+ hematopoietic progenitor
E2L2_TGGATGTCAGTCTCTC,Naive CD8 T cell
E2L8_AGACAAAGTCTGTGTA,Classical monocyte
E2L8_CTCAGAAAGAAGCTCG,Platelet
L2_AAAGAACAGATGGGCT,CD34+ hematopoietic progenitor
L2_CAATTTCGTAGGAGGG,Memory B cell
L4_TTCAATCAGGCTTCCG,Low-quality cell
E2L6_GACCCTTTCGAGCCAC,Memory CD4 T cell
E2L5_TAGGGTTCATGATGCT,Cytotoxic T cell
E2L1_CACACAAAGCGTACAG,Non-classical monocyte
L5_CCGGACAAGCTGGTGA,Naive CD4 T cell
E2L5_CTGCATCGTCCACTCT,Cycling lymphocyte
L2_CTGTACCCAGGTCAAG,Naive CD4 T cell
L2_CCTTGTGGTGGTGATG,Naive CD8 T cell
E2L4_GATCAGTCACCCAACG,Memory CD4 T cell
L3_GAGTCTAAGTCACAGG,Non-classical monocyte
E2L4_GGAGGATAGGAGAGTA,Naive CD4 T cell
L2_TAACTTCCACAGGATG,CD161+ memory T cell
L2_CGTGATATCCTTACCG,Natural killer cell
L1_GTCCTCACACTTTATC,Natural killer cell
L4_TTTACGTCACGGTGTC,CD34+ hematopoietic progenitor
L3_ACGGTTACACCTCGTT,Classical monocyte
E2L1_GGTGTCGGTCACTCTC,Cytotoxic T cell
L3_ACATTTCAGCATCAAA,Plasma cell
E2L4_TACACCCAGAGTCCGA,Naive CD4 T cell
E2L7_ATCCATTCACATGAAA,Plasmacytoid dendritic cell
E2L3_GTCGTTCCAGCTCTGG,Memory B cell
L5_GAACACTCATTCACAG,Cycling lymphocyte
E2L5_TGTGTGATCCAACACA,Cycling lymphocyte
E2L8_TCGAAGTAGTTTCGAC,Memory B cell
L5_CTTACCGGTCGTTGGC,Cycling lymphocyte
L3_CGGAACCAGCTTTCCC,Naive B cell
L5_AAGCGAGTCTGGTGCG,Non-classical monocyte
E2L1_CTTCCTTAGTGTGTTC,Memory CD4 T cell
E2L5_GACATCATCTGGCCAG,Platelet
E2L5_TGCAGGCCAGTCGGTC,Natural killer cell
L5_CCCGAAGGTTGCATTG,Non-classical monocyte
E2L5_TGCATGACAGGCGAAT,Memory CD4 T cell
E2L3_ACGTAGTCAATAGTAG,Naive CD4 T cell
E2L5_GTCACGGAGGACCCAA,Memory B cell
E2L7_CTCCCTCAGTCATAGA,Classical monocyte
E2L6_CATTGAGCACAGCTTA,Natural killer cell
E2L1_ATCTCTATCCCTAGGG,Cytotoxic T cell
E2L6_GTTGAACCAGGAATCG,Naive CD4 T cell
E2L8_TACCTCGGTTATGTGC,Natural killer cell
L5_GTCATGAGTAGATGTA,Memory CD4 T cell
L2_ATCTCTATCTGAACGT,Conventional dendritic cell
L1_ACGTAGTGTAATTAGG,Cycling lymphocyte
L4_GGGTATTGTAGGTAGC,Naive CD4 T cell
E2L6_CAAGAGGAGGCGTTGA,Naive B cell
L4_CTACTATCAATAGTCC,Naive CD4 T cell
E2L5_AAACGCTGTGTCTCCT,Conventional dendritic cell
E2L5_GTTACGATCGGTAAGG,Memory B cell
E2L1_GGGAGTACATGGTACT,Naive B cell
E2L7_CAACGGCAGATGGTAT,Naive CD8 T cell
L2_TAGACCATCGCACGAC,Natural killer cell
E2L5_GAGACTTCAGGTCAGA,CD161+ memory T cell
L3_TACGGGCTCGCCTTGT,Memory B cell
E2L5_CCCTTAGTCCCTATTA,Low-quality cell
L3_AAACCCAAGCATGAAT,Cytotoxic T cell
L4_ACAGGGACAGTAGAAT,Plasmacytoid dendritic cell
L4_GCAACCGCAGAGTTGG,Naive CD8 T cell
E2L7_TCGGGACCATAGATCC,Platelet
E2L6_AACCATGAGTCACACT,Cytotoxic T cell
E2L2_CGCAGGTAGTCATTGC,Cytotoxic T cell
E2L5_TTAGTCTCAATCAGCT,Cycling lymphocyte
E2L3_TCAGTTTAGTGCGTCC,Plasma cell
L2_CTTCAATCAGCGTTGC,CD161+ memory T cell
E2L1_GTGTTAGTCACAAGAA,Memory B cell
E2L2_GGCTTTCGTTGGACTT,Memory CD4 T cell
L4_CAATACGGTACAAGCG,Plasma cell
E2L8_TTACCGCTCATCTATC,Naive CD8 T cell
E2L8_CCTCTAGTCTACCAGA,Naive CD4 T cell
E2L3_AGACACTAGGCTCTCG,Cycling lymphocyte
L4_ACGTTCCGTGCATACT,Naive CD4 T cell
E2L4_CAGGGCTTCTCGCCTA,Plasmacytoid dendritic cell
L1_TTTGATCAGAAGTCTA,Erythrocyte
E2L3_CGCGTGACAACTTGCA,Memory B cell
E2L8_AAGGAATGTCGCATCG,Plasmacytoid dendritic cell
E2L8_ACATGCATCAACGAGG,Naive CD4 T cell
L4_TACTTCAGTTAAAGTG,Natural killer cell
E2L3_GACACGCCAAGCACAG,Cytotoxic T cell
L2_GGTCTGGCATATAGCC,Memory CD4 T cell
E2L5_CTCATTAGTCATCCCT,Natural killer cell
L5_CTGCTCACACTTGAAC,CD34+ hematopoietic progenitor
E2L3_GGCTGTGCAAGTAGTA,Naive B cell
L5_TGGCGTGTCGTGTCAA,Memory B cell
E2L5_CTAACTTTCTAAGCCA,Cytotoxic T cell
E2L7_CAAAGAACAGCGGTTC,Cycling lymphocyte
L4_TGCAGATCATGACGGA,Naive CD8 T cell
E2L8_CAAGGGATCAACGTGT,Memory B cell
L2_ACTATCTTCAGTCAGT,Memory B cell
L1_TCCGGGAGTTAGAGAT,Classical monocyte
L1_GAGTTGTGTCACTCGG,Naive CD4 T cell
E2L8_ATGATCGTCACTTGTT,Naive CD4 T cell
E2L1_ATCGTCCGTGTTTACG,Naive CD8 T cell
E2L4_TCAATTCGTATTGCCA,Natural killer cell
L4_TTACAGGTCTAGACCA,Memory B cell
E2L1_CCGGACAGTGGACTGA,Naive CD4 T cell
E2L3_GTGAGCCTCCAAACCA,Cycling lymphocyte
E2L6_TCCTGCACAGCCCAGT,Naive B cell
L4_CGTAAGTTCTAGTCAG,Memory CD4 T cell
L4_AAGCATCAGGTTCTTG,Non-classical monocyte
E2L2_CTGTACCCAGTATTCG,Memory B cell
E2L7_TCTGTCGAGGCTTCCG,Cytotoxic T cell
L3_ATTACCTAGAGCCTGA,Naive CD4 T cell
L2_GTAGTACCAAACACGG,Cycling lymphocyte
L3_GCGGAAACAGCTTCGG,Cytotoxic T cell
L3_TGCTGAAGTGAGTTTC,Cytotoxic T cell
E2L1_GTTGCGGTCCTTATGT,GZMK+ memory T cell
L3_TGTCCACCATAGAGGC,Natural killer cell
E2L8_TGAGCGCTCCTGTACC,Plasma cell
E2L3_AAACGCTAGTCGAAAT,CD161+ memory T cell
L4_ACTTCCGCAAAGCGTG,Natural killer cell
L3_GAGACCCTCGCGCTGA,Plasma cell
L5_AAAGGGCGTAACACCT,GZMK+ memory T cell
E2L1_TTCTCTCAGGCCGCTT,Naive CD8 T cell
L3_CATGCAATCGCTCTCA,Plasma cell
E2L3_CACTTCGTCGCGCCAA,Non-classical monocyte
E2L3_TGATCTTTCTTAGTTC,Memory B cell
E2L5_GAACTGTGTACTCCCT,Cytotoxic T cell
L5_GTTACAGTCCGAGATT,Conventional dendritic cell
L1_GTTGCTCCATTCTGTT,Natural killer cell
E2L1_AGCTACAGTGCTTCAA,Memory CD4 T cell
E2L7_CTCAATTGTCAAGCGA,Non-classical monocyte
L5_GATTCGACACACACTA,Memory CD4 T cell
E2L4_GACTTCCTCCACCTCA,CD161+ memory T cell
L3_AATGGCTAGAAGCCAC,Naive CD4 T cell
L1_TAATTCCCAAACAGGC,Cytotoxic T cell
L3_TGCATCCAGCGCCTCA,Non-classical monocyte
L5_ACAGCCGAGAATAGTC,Cycling lymphocyte
E2L5_CCCTTAGTCACTGAAC,Naive CD4 T cell
E2L6_ATTACTCTCTTACCAT,Non-classical monocyte
L5_CTCATTACATAATCCG,CD161+ memory T cell
E2L7_TGCGACGTCGCCTTTG,Cycling lymphocyte
E2L1_CGGAGAAAGTCCTGTA,Low-quality cell
L1_AACAACCTCCATCTAT,Naive CD4 T cell
L5_GGGTTATAGGGCTTCC,Non-classical monocyte
E2L3_GCCATGGCATAAGCAA,Cytotoxic T cell
L2_TACCCACGTTGCTTGA,Memory CD4 T cell
E2L6_TAAGCGTAGTAGTCTC,Naive CD4 T cell
E2L6_GAGTCTAGTACAGCGA,Natural killer cell
L2_CATTCATCAAACTCTG,Memory CD4 T cell
L2_TCACGCTTCAAAGACA,Cytotoxic T cell
L1_CTGGACGGTGCTCCGA,Naive CD4 T cell
L5_ACAGAAAGTTACACAC,Naive CD8 T cell
L2_GTGCTTCAGTAAGAGG,Memory CD4 T cell
L3_CTGGACGCACAGCCAC,Naive B cell
E2L4_TCCTTTCCATCGAAGG,Classical monocyte
L5_TATATCCGTGTGTGTT,Conventional dendritic cell
L4_ATTACTCCAACAAGTA,Platelet
E2L3_AGTTAGCTCCTTCAGC,Naive CD8 T cell
E2L8_TCGTGCTTCAAGTAAG,Memory B cell
L4_TCACACCGTGGACTGA,Memory B cell
L5_TGGAGAGAGATCACCT,Cycling lymphocyte
E2L7_ATACCTTGTCTTTATC,Memory CD4 T cell
L5_TGAGGTTCAGGCAATG,Classical monocyte
E2L8_GGAGGTAGTACCACGC,Memory B cell
L3_TCACTATGTGCGTCGT,Naive CD4 T cell
L5_CTAGGTAGTTGTGGAG,Cycling lymphocyte
E2L8_CACTGGGTCCGGACGT,Cycling lymphocyte
E2L6_GTCACGGCACCAGCTG,Conventional dendritic cell
E2L2_ATTCTACTCAGGAACG,Low-quality cell
E2L4_GATGCTATCGTTCATT,Gamma delta T cell
L5_AGATAGAAGCGACATG,Classical monocyte
E2L1_CACGTGGAGCTAGATA,Naive CD8 T cell
L4_TGATTTCGTACCGGCT,GZMK+ memory T cell
E2L5_TGTAAGCCACTTACAG,Memory B cell
E2L2_GTGAGGAAGAATACAC,Natural killer cell
L2_CTCTGGTTCCATTCGC,CD34+ hematopoietic progenitor
E2L5_GTTAGACTCAGCTTCC,Memory B cell
L3_TTCGCTGTCGAACGGA,Naive CD4 T cell
E2L8_TGTCCACAGTGAGTGC,Memory B cell
L5_GTTTGGACAGGCATTT,Cytotoxic T cell
L1_CATTGAGAGAGCCCAA,Naive CD8 T cell
E2L8_GAGTTTGAGAGGGCGA,Memory CD4 T cell
E2L5_TTGGGCGAGAAGCTCG,Naive CD8 T cell
E2L1_CTGTATTAGCCTCTTC,Cytotoxic T cell
E2L7_CACATGACATGATGCT,Plasmacytoid dendritic cell
L1_TTCGATTCATGTTCGA,CD161+ memory T cell
L4_GTCCACTAGCATGCGA,Memory CD4 T cell
L4_CTGCCATCACCACTGG,Naive CD4 T cell
L4_GTGCAGCTCGTGGGAA,Cycling lymphocyte
E2L8_CCGTAGGAGTTGGAAT,Cytotoxic T cell
L3_TGCTCCAGTGGTGATG,GZMK+ memory T cell
E2L2_GATTCGAAGGTCATCT,Naive CD4 T cell
E2L3_TTCTTGAGTCTAGGTT,Naive B cell
E2L7_GATGTTGCAAGCGCAA,Cycling lymphocyte
L4_TCGCACTCATAGCACT,Conventional dendritic cell
L1_ATCGTCCGTAACTAAG,CD161+ memory T cell
E2L5_TCGTCCATCATCGCCT,Cytotoxic T cell
L4_AGGCTGCAGTGCCCGT,CD34+ hematopoietic progenitor
L2_CGACAGCAGACTCCGC,Memory CD4 T cell
E2L7_CAACCTCGTACCCACG,Naive CD4 T cell
E2L7_AGTCTCCCAGAACTCT,Natural killer cell
L4_GTAATGCCAGAGTTGG,Memory B cell
E2L4_AAGTCGTTCTGACAGT,Cycling lymphocyte
L2_GCTGGGTAGGTAGATT,GZMK+ memory T cell
E2L2_TTCCACGGTGTTAGCT,Naive B cell
E2L7_TCGAAGTTCCAACTGA,Non-classical monocyte
L5_GACGCTGAGAGTCAGC,Memory B cell
E2L7_TCCCACAGTTGTCTAG,Naive CD4 T cell
E2L2_ACTGTCCGTATTGAGA,Non-classical monocyte
E2L7_ACTTATCAGGCACGAT,Naive B cell
E2L7_GGAGGTATCCGATAAC,Conventional dendritic cell
E2L5_GATCACAGTTTGTTCT,Memory B cell
L5_AATCACGGTCGTACAT,Memory CD4 T cell
E2L6_TTGTTCACAAGAAATC,Cycling lymphocyte
E2L3_CGAATTGCACGTAGTT,Memory CD4 T cell
E2L7_CACGGGTAGCACCGTC,Conventional dendritic cell
E2L1_CTACAGAAGACGGAAA,Memory CD4 T cell
L3_TTGTGTTGTTCGGCGT,CD161+ memory T cell
E2L4_GCAACATCATTCACCC,Memory B cell
L1_GAGTGTTCAGAGAATT,Plasmacytoid dendritic cell
E2L4_AGAAGCGGTACGTGTT,Naive B cell
E2L1_GTAAGTCTCCTTATCA,Memory CD4 T cell
L4_TCCGAAAAGGAGAGGC,Non-classical monocyte
L5_TTTCATGAGAGCCGAT,Cytotoxic T cell
E2L7_CGATGCGCAATCCTAG,Memory CD4 T cell
L5_GGTGAAGCACTGCATA,CD161+ memory T cell
E2L7_AACGAAACACATCATG,Memory CD4 T cell
L1_AGGACTTAGCCGGATA,Cytotoxic T cell
L5_GTAACACGTTCTCCTG,Cytotoxic T cell
L2_ACGATCATCATTCGGA,Naive CD4 T cell
L1_GACACGCGTTGCTAGT,Naive CD4 T cell
E2L4_ACATCCCGTGCCGAAA,Gamma delta T cell
L3_GCCAGCATCCTTATCA,CD161+ memory T cell
E2L6_TTTCCTCGTGATACAA,Naive CD4 T cell
E2L7_GAATAGAAGTTGTCGT,Cycling lymphocyte
E2L3_ATGGATCGTGTTGATC,Cycling lymphocyte
E2L7_GTTAGTGAGTAGACCG,Naive CD4 T cell
L2_TTCGCTGTCTTACGTT,Conventional dendritic cell
E2L1_AGAACCTAGCTAGATA,CD161+ memory T cell
E2L5_TTACCATAGAGAGTGA,Conventional dendritic cell
L2_CGCATGGTCTACTGCC,Cytotoxic T cell
L2_AGCTCAAAGTAAACGT,Natural killer cell
L4_TCAGTCCCATTGTACG,CD161+ memory T cell
E2L7_ATTGTTCAGACGTCGA,Naive CD4 T cell
E2L1_ATCCCTGAGGGATGTC,Plasmacytoid dendritic cell
E2L2_CCCTGATAGTCATCCA,Platelet
L1_ACCCTCACAAATCAAG,Memory CD4 T cell
E2L3_AATCACGTCTTAGCCC,Naive CD4 T cell
E2L5_CCACACTCAGCAGTAG,Memory CD4 T cell
E2L1_GTTCATTAGGGAGAAT,Naive CD4 T cell
E2L4_TTGAACGCACTGTCCT,Memory CD4 T cell
E2L2_CTGCTCACACTCCGAG,Conventional dendritic cell
E2L3_ATTTCACGTTCCACGG,Cytotoxic T cell
L1_ACTCCCACAACAAGTA,Naive CD8 T cell
L1_AGGATAACAACTCCAA,CD34+ hematopoietic progenitor
E2L2_TGTGATGTCCATTTAC,Platelet
L1_TGGAACTAGGGTCTTT,Memory B cell
L2_ACCATTTGTCCCAAAT,Conventional dendritic cell 1
E2L2_CCACGAGGTAGCCAGA,Cycling lymphocyte
L2_CTCAGGGTCTCGGCTT,Natural killer cell
L3_AGCATCAAGCTACGTT,Naive CD8 T cell
L5_ATCACTTCAGCGATTT,Plasma cell
E2L8_CGAGTTAAGCTCCATA,Conventional dendritic cell
E2L7_GCAGCTGCATACCGTA,Memory B cell
L4_TCCACGTTCCCAAGTA,Natural killer cell
L2_CAACCTCCAATAACCC,Classical monocyte
L1_ATCGTAGCACGCGCAT,Cytotoxic T cell
E2L5_CTTGATTCAGCGTACC,Cycling lymphocyte
L4_TCCTTCTAGCCAACCC,Platelet
L3_CGAAGTTTCTCGGTCT,Cycling lymphocyte
E2L8_ACAGCCGTCTACTTCA,Cytotoxic T cell
L1_TGGGCTGCAGAAGCGT,Memory CD4 T cell
L4_AACCTGAGTACCGTCG,Plasmacytoid dendritic cell
E2L4_TCTTGCGAGTCCTGTA,Memory B cell
L1_TGGAACTGTACCCGAC,Cytotoxic T cell
E2L7_CATACCCAGATGGCAC,Memory CD4 T cell
L2_GTCCACTGTAGCTCGC,Naive CD4 T cell
E2L8_TCTACCGTCATACGAC,Cytotoxic T cell
E2L5_TATCGCCAGAATTTGG,CD161+ memory T cell
L4_TCTGCCAGTAGCTGAG,Cytotoxic T cell
E2L5_GAGAGGTCACGGCGTT,Naive CD4 T cell
L5_CTACTATGTTGTGTAC,Non-classical monocyte
L5_TACATTCGTGCGAACA,Classical monocyte
L4_GGTTGTAAGCGAGTAC,Memory B cell
E2L8_GACTCTCCAATCTCGA,Naive CD8 T cell
E2L6_CACTGGGCACAAAGCG,Cytotoxic T cell
E2L6_ACCCTTGGTCTCCTGT,Cycling lymphocyte
L3_CTGTCGTGTTTGCAGT,Plasma cell
E2L2_GCCATGGTCTCGTTTA,Cytotoxic T cell
E2L3_TTACCGCCAGCGGTTC,Cytotoxic T cell
E2L4_GATTCTTCAGGGAGAG,Memory B cell
L1_GTGGCGTGTGCTTCAA,CD161+ memory T cell
L1_CGCATGGAGGCATGCA,Platelet
L5_TCCTTCTAGTAAGACT,Natural killer cell
E2L3_TGTCCCATCCAACTGA,Plasmacytoid dendritic cell
E2L1_GAGCTGCTCAATCAGC,Memory B cell
L5_GCCATGGTCTCTCCGA,Cytotoxic T cell
L2_GTGGCGTCAGGTATGG,CD34+ hematopoietic progenitor
L5_CAGTGCGGTATCAGCT,Cycling lymphocyte
E2L6_ATAGAGATCACGACTA,Memory CD4 T cell
L4_TAAGCCAAGGTCACAG,Cytotoxic T cell
E2L3_GTCTCACAGTCGGCAA,Cytotoxic T cell
E2L3_CCTCTAGGTCGCATGC,Cycling lymphocyte
E2L3_CATAGACTCCTAAGTG,Naive CD8 T cell
E2L6_CTCACTGTCTCGCTTG,Cytotoxic T cell
E2L7_TTACGCCGTCCTTGTC,Natural killer cell
L2_AGGATCTCAGAAACCG,Memory CD4 T cell
E2L4_TCAATCTGTATCGAGG,CD34+ hematopoietic progenitor
L2_TTAGGGTTCGAACGCC,Gamma delta T cell
E2L8_TCGAACAGTGAAAGTT,Memory B cell
E2L4_ATTTACCAGATCCCAT,Cytotoxic T cell
E2L6_CTTCTCTGTGACACGA,Natural killer cell
L2_ATAGAGAAGATAGTGT,Memory CD4 T cell
E2L7_CAACAGTGTTCTCAGA,Classical monocyte
E2L8_GACACGCTCGATCCAA,Plasmacytoid dendritic cell
E2L5_AAGCCATTCCGCTGTT,Cycling lymphocyte
E2L4_TCATGCCTCACGTAGT,Classical monocyte
E2L8_TAACCAGCATCGTCCT,Platelet
E2L2_AGGTAGGGTGTAAACA,Naive CD4 T cell
L1_ATTTCACGTTGACTGT,Natural killer cell
E2L4_AACCCAAGTAGGTACG,Memory B cell
E2L6_TCATCATAGACGGATC,Memory CD4 T cell
E2L5_AAGTCGTTCGTAGTCA,Cytotoxic T cell
E2L2_ACCATTTAGCCATTTG,Platelet
L3_CGACAGCAGTTACGAA,Naive CD4 T cell
E2L6_CTATAGGAGGACGCTA,Platelet
E2L1_CAGATTGGTCAGGTAG,Conventional dendritic cell
L4_TATTCCACATGACGGA,Conventional dendritic cell
L5_AGACTCATCCCTAGGG,Cycling lymphocyte
L2_TGGAGGAAGCAACAAT,Naive B cell
E2L5_ACCCAAAGTTCTCGTC,Gamma delta T cell
L1_GTGAGGACACGTCGGT,Naive CD4 T cell
L5_CGGGTCAGTCTTGCGG,Erythrocyte
E2L4_TCTGGCTAGGCGTCCT,Memory CD4 T cell
E2L6_TGCGATAGTCCCAAAT,Naive CD4 T cell
E2L4_CCTTCAGAGATAGCTA,Memory CD4 T cell
L2_CACCGTTTCGATTGGT,Natural killer cell
E2L6_TTACGTTAGAGCCGTA,Platelet
L1_TTGGGCGTCCCTGGTT,Memory CD4 T cell
L1_TTGCGTCCAACTTGCA,Cycling lymphocyte
E2L7_CCCTGATGTAGGGAGG,Memory CD4 T cell
E2L1_CAGTGCGTCTACGCAA,Non-classical monocyte
L4_CATTTCAAGGGATCTG,Naive CD4 T cell
E2L6_TCCATGCTCGCCAGAC,Cytotoxic T cell
L2_AAACCCACAGAGTCAG,Naive CD8 T cell
E2L1_TTGCATTCATACTGAC,Memory B cell
L2_CCCATTGGTGGGTATG,Low-quality cell
L2_CAAGCTATCGAAATCC,Naive CD4 T cell
L1_GAGGCCTCACCTTCCA,Classical monocyte
E2L3_TACCGAATCCATCGTC,Naive CD8 T cell
E2L8_TTCCTCTTCTTGGATG,Natural killer cell
E2L5_CTGTACCTCAATCTTC,CD161+ memory T cell
E2L7_TTTGACTAGAGGTCAC,Natural killer cell
E2L3_GTATTTCCAGTTCACA,Plasmacytoid dendritic cell
E2L4_AGCGTATTCCAGTTCC,Natural killer cell
E2L1_TTACTGTAGTTTCTTC,Naive CD4 T cell
E2L6_TCAGGTAAGAGAGGGC,Plasma cell
L5_CATAAGCTCCCGAGGT,Naive CD4 T cell
L1_GTCAAGTCAGACCATT,Memory CD4 T cell
L1_TCCGGGAGTCAGATTC,Naive CD4 T cell
L4_CGGGTGTTCTCATGCC,Naive CD4 T cell
E2L7_ACTTAGGTCTCAGGCG,Cytotoxic T cell
E2L6_TTCTGTACATACCATG,Memory B cell
E2L3_GGGCGTTGTCCGCAGT,Memory CD4 T cell
E2L1_TGCAGTACACTTACAG,Naive CD4 T cell
L2_ACTATCTGTCGCAGTC,Memory CD4 T cell
E2L8_TGTTGAGTCTACCAGA,Cycling lymphocyte
E2L8_TTCTTGACAAGAGCTG,CD161+ memory T cell
E2L5_GATCGTATCAAGCCCG,Cytotoxic T cell
E2L8_AAGCATCGTTTCGACA,Low-quality cell
E2L2_TCTACATTCCCTCTAG,Memory CD4 T cell
L1_TTCCAATCATTGACAC,Memory CD4 T cell
L2_CACTTCGAGACTAAGT,Low-quality cell
L3_AAAGGGCGTCAGACGA,CD34+ hematopoietic progenitor
L1_ATTACCTGTGCTCTTC,Memory B cell
E2L8_CACCAAATCAGACATC,Cytotoxic T cell
E2L4_CAGTTAGAGTAAGACT,Naive CD4 T cell
E2L8_GTGAGTTGTAGTGTGG,Memory B cell
L5_GCAACATTCGGTGCAC,Conventional dendritic cell
E2L4_GGGACTCCAGTAGTGG,Platelet
E2L7_TACTTACGTGCCGTAC,Cycling lymphocyte
E2L8_GTGGGAAAGGTAGTCG,Memory B cell
E2L8_CACTGGGCATCTAGAC,CD161+ memory T cell
E2L8_GCTGCAGGTGTAAACA,Memory B cell
L4_AAGTTCGCAAGCACCC,Cycling lymphocyte
E2L2_TTGTTTGGTTGTTGTG,Naive CD8 T cell
L5_CCTAAGAAGCACTAAA,Memory B cell
L5_CCGAACGCACTTCAAG,Naive CD8 T cell
E2L2_ATCACGACAGCCATTA,Natural killer cell
E2L1_TCACACCCACAACCGC,CD161+ memory T cell
L1_CCCTGATTCAGTCAGT,Erythrocyte
E2L8_TACTGCCCACTATCGA,Cytotoxic T cell
E2L3_TACGTCCGTTGTTGTG,Natural killer cell
L1_GGGTCACTCGATTTCT,CD34+ hematopoietic progenitor
E2L1_CGATGGCGTGTGCTTA,Conventional dendritic cell
E2L7_TTGGGTAGTTCATCGA,Cycling lymphocyte
L4_ATTGTTCTCGTAGCCG,GZMK+ memory T cell
E2L5_TCATGAGTCTCCGATC,Non-classical monocyte
L4_CTTCAATAGCATGGGT,Classical monocyte
E2L6_TGTTCATTCATGAGGG,Cycling lymphocyte
E2L2_GAGTGTTAGGTCACAG,Natural killer cell
E2L5_TCAGTCCAGGCCATAG,Naive B cell
L2_CCCAACTCAAGTCATC,Cytotoxic T cell
E2L7_ACACTGATCACTGATG,Naive B cell
E2L5_GAGCCTGGTTGCTCAA,Memory CD4 T cell
L5_TTGACCCCAGTGTGCC,Memory B cell
E2L4_ACTTTGTTCCACAGGC,Memory B cell
E2L5_GGGTGAATCCAACCAA,Cytotoxic T cell
L1_TGTAACGTCCACGAAT,Naive CD4 T cell
L3_CATTTCAGTGCCTGAC,Natural killer cell
E2L6_AGTACTGCAGCAGTTT,CD161+ memory T cell
E2L2_GAGGGTAAGGCCTAAG,CD161+ memory T cell
E2L8_GGCTTGGTCACCCTTG,Cytotoxic T cell
L5_ATTCCCGCATATACCG,Cytotoxic T cell
L1_TGCAGATCAGTTCACA,Cytotoxic T cell
E2L2_TATATCCTCTTCACAT,Naive CD4 T cell
E2L6_CATGAGTTCTTGTGCC,Cytotoxic T cell
E2L2_TACCGAAGTCAGGCAA,Naive CD4 T cell
E2L4_CGAGGCTCAGTGTGCC,Natural killer cell
E2L7_GACACGCAGTGCACCC,Memory B cell
E2L6_TTTCACACATCATTGG,Classical monocyte
E2L2_CGTAAGTAGCGAACTG,Memory B cell
L1_TGTTGGAAGTCGCGAA,CD34+ hematopoietic progenitor
E2L4_ACAAGCTGTGCCGAAA,Conventional dendritic cell
L5_CACAGATTCACTTGTT,Memory B cell
L4_TATCTGTTCATCCTAT,Naive CD4 T cell
E2L5_ACGCACGAGTTTCAGC,Naive B cell
E2L7_GTCGTAATCACTCCGT,Memory CD4 T cell
L4_GACTTCCTCAGTCCGG,Gamma delta T cell
E2L2_AACCATGAGAGCTTTC,Cycling lymphocyte
E2L2_TGATTCTAGTGAGGTC,Conventional dendritic cell
L3_TTACAGGAGATAGCAT,Platelet
E2L5_TCATATCCAACCAATC,Cytotoxic T cell
L2_CCTCATGGTCCACGCA,Conventional dendritic cell 1
E2L2_AACCATGGTCTAGGCC,Memory CD4 T cell
E2L3_CGTTCTGCAATAGAGT,Naive CD4 T cell
L3_TATTTCGAGTTGAAGT,Natural killer cell
L5_AACCAACTCGGAAGGT,Memory CD4 T cell
E2L2_GAGTTTGAGGAGATAG,Naive B cell
E2L6_AGAAGTAGTCGGAAAC,Naive CD4 T cell
L4_ATGGGAGTCGGTGTTA,Natural killer cell
E2L4_GGGCGTTAGATTGTGA,Cytotoxic T cell
E2L8_AGACACTAGTTTAGGA,Naive CD4 T cell
L5_TTCACCGCACAGAGCA,CD161+ memory T cell
L2_ACAAGCTGTTCAATCG,Naive CD4 T cell
E2L2_ATCGATGCAGATACTC,Low-quality cell
L5_TGTAACGTCAGACCTA,Naive CD8 T cell
L2_ACTTATCAGGTTAGTA,Conventional dendritic cell 1
L2_GCATGATCACTATCCC,Naive CD4 T cell
L1_AAGTTCGCAGGTGTTT,Memory CD4 T cell
L5_GACGCTGTCACCTGTC,Naive CD4 T cell
E2L8_GCCATTCGTCCCGCAA,CD161+ memory T cell
L5_GCTACAACACCGTGGT,Conventional dendritic cell
L3_AGCCACGAGAGTCTTC,Cytotoxic T cell
E2L1_ATTTCTGTCCAGTACA,Non-classical monocyte
E2L2_TCCCACAAGCTAGATA,Memory CD4 T cell
L2_GCCATTCTCAACCGAT,Cytotoxic T cell
E2L2_GATTTCTGTCTGTGAT,GZMK+ memory T cell
E2L7_TCGCACTTCACTTCTA,Conventional dendritic cell
E2L2_CGGCAGTTCTTCCGTG,Plasmacytoid dendritic cell
E2L2_GTCATCCTCGTAGAGG,Conventional dendritic cell
L4_GTCATCCTCATTCCTA,Naive CD4 T cell
L4_ATCGGATTCTTGGTGA,Cycling lymphocyte
E2L8_TTCTAGTTCAGTCATG,Cytotoxic T cell
E2L1_TCTGCCATCAGGTGTT,Cytotoxic T cell
L4_CTACTATAGCCTATTG,GZMK+ memory T cell
E2L3_CCGTGAGCAACCAGAG,Non-classical monocyte
E2L5_TCAGCAATCGTTAGTG,CD34+ hematopoietic progenitor
E2L3_TTCTTGAGTTTCCCAC,Cytotoxic T cell
E2L5_CTCCGATCAAATGGCG,Memory B cell
E2L7_CGTTGGGCAGAAGTGC,Low-quality cell
E2L4_ACCAAACGTCATCCCT,Conventional dendritic cell
L2_CCGAACGGTACTGCGC,CD161+ memory T cell
L1_AGACAAAGTTCCTAGA,Naive CD4 T cell
E2L6_TCAGCAAGTGACTGAG,Cycling lymphocyte
E2L3_GTTTGGACACGCTGAC,Cytotoxic T cell
L3_CTAAGTGAGCGACCCT,Naive CD4 T cell
L5_TGGGATTAGCTTCTAG,Non-classical monocyte
L5_CGGAACCCAAGTGGAC,Naive CD4 T cell
E2L4_ACGGTCGTCGAGATAA,Platelet
L3_TACATTCTCCTTCGAC,CD34+ hematopoietic progenitor
L2_TTTATGCAGGGCTGAT,Memory B cell
L3_GTGCTTCCACGGTAGA,CD34+ hematopoietic progenitor
E2L7_CCCATTGAGCTACGTT,Plasmacytoid dendritic cell
L1_GTCTAGATCTCAGTCC,CD34+ hematopoietic progenitor
E2L2_TCCCACAGTTGGTAGG,Cycling lymphocyte
L1_TAACTTCAGCTCAGAG,Memory B cell
L1_TCTATCACATTCGATG,GZMK+ memory T cell
E2L1_AAGTGAATCCGTGACG,Cytotoxic T cell
L1_AATGACCAGTTGAAAC,Conventional dendritic cell
L1_CCACGTTTCATTGCTT,CD34+ hematopoietic progenitor
E2L5_CTGCAGGGTATTCTCT,Low-quality cell
L2_TTCCGGTCATAATGCC,Naive CD4 T cell
E2L7_TACGGGCGTAACATCC,Memory B cell
E2L5_ACACCAATCTTAGTTC,Conventional dendritic cell 1
E2L1_ATCGCCTAGATAGCAT,Non-classical monocyte
E2L6_CGTCCATTCTAACGGT,Naive CD8 T cell
E2L5_ATGCCTCAGGGATCTG,Memory B cell
E2L7_GTTGTGATCCGTACGG,Memory CD4 T cell
L4_GATCATGAGATACGAT,Classical monocyte
L3_TCGAAGTTCAGTGCGC,CD161+ memory T cell
L3_TTGGGTAAGAAATGGG,Naive CD4 T cell
E2L5_CTTCGGTTCTGACGCG,Naive B cell
E2L2_CGGGTGTAGGGACACT,Memory CD4 T cell
E2L6_GATCAGTTCGCCGAAC,Natural killer cell
L1_GCGTTTCCAGCGTAGA,Low-quality cell
L3_TACCTCGCACTCAGAT,Naive CD4 T cell
E2L3_CCTCCAAAGGGACTGT,Natural killer cell
E2L5_GAAGGACAGTATTAGG,Cytotoxic T cell
L3_ATTCGTTAGTTCATCG,Non-classical monocyte
E2L3_GAGTCTAGTGTACGCC,Plasma cell
E2L7_GACTGATCAAACACCT,Plasmacytoid dendritic cell
L3_CCATCACAGACATAGT,Memory B cell
L4_TCCTTTCAGCCTGTCG,CD161+ memory T cell
E2L2_GGTAGAGTCCTTTGAT,Memory B cell
E2L8_TCATCATGTAGCCCTG,Classical monocyte
E2L4_ACTATGGGTCAAAGTA,Cytotoxic T cell
E2L2_GGAATGGTCACCGCTT,Cycling lymphocyte
E2L7_ACGATGTCACGCACCA,Naive B cell
L4_GTAGAGGTCAACTACG,Cytotoxic T cell
L2_CACTAAGAGAAGAGCA,Naive CD4 T cell
E2L3_CTGCGAGGTCCGACGT,Cytotoxic T cell
L3_ATTGTTCCATCGCCTT,GZMK+ memory T cell
L1_TGCGACGAGTCTGCGC,Memory CD4 T cell
E2L7_TGCAGGCCACCCAATA,Conventional dendritic cell
E2L2_TCGGGTGCATGCTGCG,Naive CD8 T cell
L2_TGCGGGTCACCCTCTA,Conventional dendritic cell
L4_GGAGGTAAGTCCCAGC,Cycling lymphocyte
L3_AGTACCACAGTAGAGC,GZMK+ memory T cell
L3_GTCTGTCCATGTCAGT,Natural killer cell
E2L8_GTCAGCGAGCAGATAT,Naive CD4 T cell
L2_AAACCCAAGCCTGGAA,Natural killer cell
E2L3_CTATCCGTCATTGCTT,Memory CD4 T cell
E2L5_ATTATCCCAGCGTAGA,Cytotoxic T cell
L2_GGGACAACACAAAGTA,Cycling lymphocyte
L3_GTCTGTCCACATCATG,Non-classical monocyte
L3_AGGTTACAGGACAAGA,Naive CD4 T cell
E2L1_TCCTTCTGTTCTCCCA,Natural killer cell
L2_CCCTTAGCAACTGCCG,Cytotoxic T cell
L5_CATACCCAGGCACGAT,Cytotoxic T cell
L2_GAGAAATCAGTTCACA,Platelet
E2L7_GGTCACGCAGTTGAAA,Gamma delta T cell
L2_ACGGTTAAGAAGTCAT,Cycling lymphocyte
E2L1_TGTCCCACAGCTGAAG,Cytotoxic T cell
E2L8_AGTCTCCTCAACGTGT,Low-quality cell
E2L5_ACAAGCTTCCTACCGT,Classical monocyte
L1_ACCTGAAAGCATCAAA,Naive CD8 T cell
L1_TTATTGCAGTGGATTA,Non-classical monocyte
L2_CCACGTTGTCTACAAC,Cycling lymphocyte
L5_CTGCGAGCACCGCTGA,Conventional dendritic cell
E2L8_ACACGCGGTGGACTAG,Naive B cell
L1_CGCGTGACAGCACCCA,Naive CD4 T cell
E2L6_ACACTGAAGAAATTCG,Naive CD4 T cell
L1_CACCAAACATAATCGC,Conventional dendritic cell
L4_GATGACTCAAGTTCGT,Cycling lymphocyte
E2L6_TGGGCGTTCGTCCATC,CD161+ memory T cell
L2_ACATTTCAGACTACCT,Cytotoxic T cell
E2L3_AAACGAATCATTTGCT,Cycling lymphocyte
L2_ATTTCACTCGTTGTTT,Memory B cell
E2L7_CATAGACAGGAACATT,Natural killer cell
L5_TGCTCCACATCGCCTT,Naive CD4 T cell
L2_TGCACGGTCTGCATGA,Gamma delta T cell
L2_TTTGGAGCAATCTCGA,Natural killer cell
E2L8_TCCAGAACAACCGTAT,Naive B cell
L1_TGCGACGCATCCGCGA,Non-classical monocyte
L4_CGGGCATCAGCGTTTA,Low-quality cell
E2L4_TACCCGTGTGATATAG,Naive CD4 T cell
E2L4_TACCCACTCGCGGTAC,Plasmacytoid dendritic cell
E2L1_TAGGTACCAGTCGAGA,Cytotoxic T cell
L1_CTACATTGTGAGATAT,Plasma cell
L2_GCAGGCTCATCAGTGT,Cytotoxic T cell
L5_GCCGATGCACAACCGC,Classical monocyte
L4_TAGACTGTCAAACGTC,CD161+ memory T cell
L3_TACCCGTAGAACGCGT,Plasma cell
L3_GTACAGTGTGCTGTCG,Naive B cell
E2L7_AAGCCATGTAACGATA,Cytotoxic T cell
E2L3_ATCCACCCATCATCCC,Natural killer cell
E2L1_ACGATCAAGGTTCTAC,Memory CD4 T cell
E2L2_ACAAAGAAGTTCCGTA,Conventional dendritic cell 1
L2_TCGACCTCACAATGCT,Naive B cell
L3_TGTAAGCAGCTGCGAA,Naive CD4 T cell
E2L6_ATCGTGAGTTGAGGAC,Classical monocyte
E2L6_ATGAGTCTCTGAGGCC,Naive CD8 T cell
L1_AAACGCTAGGTCGTCC,Cytotoxic T cell
L5_GGTGGCTCAATTGTGC,CD161+ memory T cell
E2L1_TCGCTCATCGGACAAG,Cycling lymphocyte
E2L6_TGTTCATTCTACCACC,Cytotoxic T cell
L3_ACTACGACAGAGCGTA,Memory B cell
E2L6_ATCCGTCTCGGATTAC,Memory B cell
L3_GTCATGAGTGTTCAGT,Naive CD4 T cell
L1_TAAGCACTCATCTGTT,CD34+ hematopoietic progenitor
E2L3_GTAGTACAGAAGAACG,Memory B cell
E2L2_AGACAAACACTCAGAT,Memory CD4 T cell
E2L5_ACCTGAAAGGTATCTC,GZMK+ memory T cell
E2L8_GGGTGAATCCAGCTCT,Plasmacytoid dendritic cell
E2L4_TTGGATGCACTGCATA,CD161+ memory T cell
L2_AGACACTGTGTTAGCT,Plasma cell
E2L5_CCCATTGGTCGATGCC,Cytotoxic T cell
L1_AACAAAGCATATCTGG,GZMK+ memory T cell
E2L3_ATCACAGTCCTGCTAC,Classical monocyte
L2_TGCATCCCACGTCTCT,Non-classical monocyte
E2L5_CACGTTCCAGCGGATA,Cycling lymphocyte
E2L7_AGTGTTGTCGGCTGGT,Plasmacytoid dendritic cell
E2L6_GTAAGTCCATGACTTG,Natural killer cell
E2L1_TGATGGTCAAGTTCGT,Gamma delta T cell
E2L4_TACTGCCTCCAATCCC,Conventional dendritic cell
E2L8_TGACGCGCATTCCTAT,Classical monocyte
E2L1_CTACGGGCAAGACGAC,Memory B cell
L4_GGGAAGTTCACCGGGT,CD34+ hematopoietic progenitor
L3_CTAACTTGTTTAAGGA,Classical monocyte
E2L7_TGACCCTGTACTGACT,Cytotoxic T cell
E2L7_GTGTTCCCATCTGCGG,Conventional dendritic cell 1
E2L1_TGAGGTTAGTTGTCAC,Memory CD4 T cell
E2L3_ATACTTCGTCGCACGT,Naive CD8 T cell
L4_AGAAGTAAGTGCAGGT,Plasma cell
E2L4_AGGAATATCAGGAAGC,Non-classical monocyte
E2L2_TTTACGTGTGGACTAG,Plasmacytoid dendritic cell
L4_CGAAGTTCAATCCTAG,Memory B cell
L4_TCATTACTCATAGGCT,Cytotoxic T cell
E2L3_TTTGGAGAGACGAAGA,Conventional dendritic cell
L2_GAGGGTATCCAGCAAT,CD34+ hematopoietic progenitor
E2L4_AAGCGAGTCAGCATTG,Cytotoxic T cell
L5_TTTCACAGTCCTGGGT,Plasmacytoid dendritic cell
L4_GCAACCGAGTTCCAGT,CD34+ hematopoietic progenitor
L5_GTTAGTGAGAGGCTGT,Memory CD4 T cell
E2L6_TCACTCGCACTGCGAC,Cycling lymphocyte
E2L1_GATGAGGTCACTTTGT,Platelet
E2L5_CAACAACCACATACGT,Memory B cell
L2_ACTTAGGGTCAGTCTA,Memory CD4 T cell
L2_CCGGACAAGTAGGTTA,Non-classical monocyte
L1_ACTCTCGAGCATGCAG,Memory CD4 T cell
L4_ACCCTCATCACCGGGT,Memory CD4 T cell
L3_GGTAACTAGGATTCAA,Classical monocyte
L4_GGACGTCCATGACCCG,Memory CD4 T cell
E2L3_CGGAACCAGAGCGACT,CD161+ memory T cell
E2L6_TCCCACAAGACATACA,Cytotoxic T cell
L1_TCATCCGAGTCGCGAA,Erythrocyte
E2L8_CATGAGTGTTACTCAG,Conventional dendritic cell
L5_TCGACCTCATCACAGT,Memory CD4 T cell
E2L8_ATCGATGTCCGACGGT,Non-classical monocyte
L5_AAATGGATCTAGTACG,Classical monocyte
E2L6_AGGAGGTGTCTAATCG,Plasmacytoid dendritic cell
L5_ACCCTCAAGAGGCGTT,CD34+ hematopoietic progenitor
L4_ATCGTCCTCAGCACCG,Naive CD4 T cell
E2L8_GTTGCTCCAGAACGCA,Memory B cell
E2L2_ACCATTTGTATTCTCT,Naive CD4 T cell
L5_TATTCCATCTTTCTAG,Conventional dendritic cell 1
E2L6_ACTGTGAAGAGTTCGG,Conventional dendritic cell
E2L7_GACGTTACAGCTTTCC,Memory CD4 T cell
E2L5_TTTGTTGGTAGGCAGT,Cytotoxic T cell
E2L8_GATCATGAGTAAACAC,Cytotoxic T cell
L2_TCGGATACATACCGTA,Memory CD4 T cell
E2L8_TCATGTTAGGAGGGTG,Memory B cell
E2L1_CGTTGGGCATGGCCCA,Cytotoxic T cell
L3_GTCAAACCAGGGAATC,Naive CD4 T cell
L2_TATTGCTAGGTACTGG,Naive CD8 T cell
E2L8_ACAAGCTTCTAAACGC,Cytotoxic T cell
E2L7_ATACTTCGTCCCGTGA,Cycling lymphocyte
E2L8_TCGCTCAGTGTCTTAG,Naive CD4 T cell
E2L6_ATCATTCTCTGGCCTT,Cytotoxic T cell
E2L3_TTTACCAGTTGTGTTG,Cytotoxic T cell
E2L7_GACCGTGAGAAGCCAC,Conventional dendritic cell
L2_TCCACCACAGACGGAT,Conventional dendritic cell 1
L2_TGGGAGACATCGGCCA,Classical monocyte
L5_CCACCATCAATACCCA,Plasmacytoid dendritic cell
E2L3_TCATCCGGTTATGGTC,Plasmacytoid dendritic cell
L2_ATCGTCCTCTGGGAGA,Memory CD4 T cell
L5_ACTTCGCGTGCCTTTC,Memory CD4 T cell
E2L5_TCGAAGTCAGGATCTT,Memory CD4 T cell
E2L5_ATTACCTAGGTTGCCC,Memory B cell
E2L8_GTACAACAGAAATTGC,Cycling lymphocyte
E2L8_AAGGAATTCGGAATGG,Memory B cell
L2_CGCATAATCCTGTAAG,Cycling lymphocyte
E2L8_TTCCTTCCAATTTCTC,Memory B cell
E2L2_TCAAGTGGTCCTGGGT,Plasma cell
E2L1_TGCATGAAGGACCCAA,Non-classical monocyte
L5_GAACACTAGCACTGGA,Conventional dendritic cell 1
E2L4_TGCAGTATCGCGTGAC,Erythrocyte
E2L3_ACAGGGATCTGCGGAC,Conventional dendritic cell
L3_ATAGGCTGTACCTAAC,Gamma delta T cell
L1_CAAGCTAAGTGCAGCA,Erythrocyte
E2L7_GGCTGTGTCGAACACT,Memory B cell
E2L8_ACTTCGCGTTAGGCTT,Cytotoxic T cell
E2L2_CTGGACGGTTGGGATG,Memory CD4 T cell
E2L8_CACCAAAGTGCGGTAA,Memory CD4 T cell
E2L6_CGTGCTTGTGAATGAT,Plasma cell
E2L8_GGAAGTGGTCAGTCCG,Cycling lymphocyte
L3_TTCCACGTCTTCTAAC,GZMK+ memory T cell
L4_GTTAGACGTATTTCCT,CD34+ hematopoietic progenitor
E2L6_GTGCACGGTATGGAGC,GZMK+ memory T cell
L1_AGAAGCGAGATTAGTG,Memory B cell
E2L1_TGTGTGAGTCGTGTTA,Naive CD4 T cell
L4_TCACATTAGTTTCAGC,Conventional dendritic cell
E2L1_GACCGTGGTAAGATCA,Conventional dendritic cell
E2L7_GCATGATCACTACAGT,Conventional dendritic cell
E2L8_CTGAGGCTCAGGTAAA,Cycling lymphocyte
E2L5_GTGCGTGGTTCGGCTG,Conventional dendritic cell
E2L7_TTTAGTCTCTCCATAT,GZMK+ memory T cell
L2_CCTTGTGGTTCATCGA,CD34+ hematopoietic progenitor
E2L6_ACAAAGAAGAAGAGCA,GZMK+ memory T cell
L5_CTGCCTAGTGTTTACG,Plasma cell
E2L6_AAAGGATCACAAGTTC,Memory CD4 T cell
E2L1_CCCTGATGTCAGGAGT,Memory CD4 T cell
E2L7_GGTTGTACAACAAGAT,Plasmacytoid dendritic cell
E2L7_CCGGGTATCCTTCTGG,Conventional dendritic cell
E2L6_AGCGATTAGTGATTCC,Memory B cell
L5_GCAGTTATCCGGACTG,Non-classical monocyte
L5_CCTCTCCAGCTTCGTA,Natural killer cell
E2L5_AGAAGCGCAATGTGGG,CD161+ memory T cell
E2L3_TCTCAGCCAGCTGAGA,Cycling lymphocyte
E2L2_CGTCCATTCTGAGATC,Classical monocyte
E2L1_GAATCGTGTTGTACGT,Plasma cell
E2L3_GAATCGTCAGAAACCG,Cycling lymphocyte
L5_GTTGTAGCACCCTTAC,Plasmacytoid dendritic cell
E2L8_AGTAACCTCGCTGTCT,Memory B cell
L1_CACGGGTGTATCTCGA,CD34+ hematopoietic progenitor
L2_GCCAACGGTGGCTCTG,Natural killer cell
E2L2_GTAGATCCACTTGACA,Non-classical monocyte
L2_GGGTGAAAGGTTTGAA,Cycling lymphocyte
L1_GTAAGTCCAAGTGCAG,Conventional dendritic cell
L1_GGTAACTAGGATGTTA,Cytotoxic T cell
E2L5_TTGAGTGCAATTGCCA,Naive B cell
E2L6_GAAGCGACACCGTCGA,Memory B cell
L1_CGTTCTGAGGCAGGTT,Cycling lymphocyte
L2_GAGAAATTCTCTATGT,Memory B cell
L4_GAAACCTTCCATGATG,Cytotoxic T cell
L1_AAGCATCTCGCGTGAC,Cytotoxic T cell
E2L7_CTGCATCCACAAGGTG,Naive CD4 T cell
E2L6_CTATAGGTCCTACAAG,Natural killer cell
E2L2_GGAATCTGTCCGAAAG,Conventional dendritic cell
L1_TTAGGCATCAGCCTCT,Memory CD4 T cell
L2_CATTTCATCCAACCGG,Naive CD4 T cell
E2L7_CGGGTCATCTCAAAGC,Cytotoxic T cell
E2L6_GTGGAAGCACTCACTC,Memory CD4 T cell
L2_TTCGATTCAATCGTCA,Natural killer cell
E2L1_TCTTTGATCGTGGGTC,Conventional dendritic cell 1
L3_CTCCAACCACCGCTGA,Naive CD4 T cell
L3_AGCGCCAGTGCTGCAC,Cycling lymphocyte
E2L7_GGGTGAATCTTCCAGC,Cycling lymphocyte
E2L1_AACTTCTAGACTCTAC,Non-classical monocyte
E2L4_GCTACCTTCCAAGCAT,Natural killer cell
E2L3_AGTAGCTTCACGGAGA,Cytotoxic T cell
E2L6_CGTGATACAGGTTCCG,Conventional dendritic cell
L4_CGATGCGAGTGGTTGG,Memory B cell
L1_GACTATGGTGGTTTGT,Gamma delta T cell
E2L2_CATGAGTCACAAAGTA,Memory B cell
L5_CTATCCGTCCTTGAAG,Naive CD8 T cell
E2L3_CTCAATTCATAGGCGA,Naive CD4 T cell
E2L4_AGCGATTAGATTGCGG,GZMK+ memory T cell
L2_CCGATCTCACGAGGAT,Memory CD4 T cell
E2L3_GCGTGCAAGCGGGTAT,Platelet
L4_ACCTACCTCCGGCAGT,Naive CD4 T cell
L3_AGCATCACAACCCTAA,Naive CD4 T cell
E2L7_GCCGTGAGTTTGGGTT,Cycling lymphocyte
L4_AACGTCAAGTATGAAC,GZMK+ memory T cell
E2L6_AGCCAATCAGAAGCGT,Memory B cell
E2L5_TCTTTGAAGGTTCCAT,Conventional dendritic cell 1
L3_AGTCACACACCAGCTG,Natural killer cell
L1_ACGGTTAGTCAGTCGC,Plasma cell
L2_CACACAATCCTACACC,Naive CD4 T cell
E2L1_AGGGCTCTCAACCTCC,Naive CD4 T cell
E2L1_CCCGAAGGTATTAAGG,Naive B cell
L5_CCACAAACAGCCATTA,Cytotoxic T cell
L1_ATCACTTGTTGAATCC,Memory CD4 T cell
E2L3_TGCAGTAGTGTTTCTT,Naive B cell
E2L6_TCAGGGCCAACAAGAT,Low-quality cell
E2L3_AGCCAATGTATGAGCG,Low-quality cell
E2L8_CATGCAATCGAGTACT,Plasmacytoid dendritic cell
E2L8_TTCCTAACAGTCGCAC,Memory CD4 T cell
L4_GGGCGTTGTTACGATC,Conventional dendritic cell
L5_GTCGAATGTGCCTTCT,CD34+ hematopoietic progenitor
L3_GAAACCTGTTACAGCT,Naive CD4 T cell
E2L2_AGGATAATCGACCACG,Classical monocyte
E2L3_GCTACAATCCCGAACG,Plasma cell
L5_ATGTCCCGTTGCTGAT,Cycling lymphocyte
L2_ACGTTCCCAGGTCCGT,Conventional dendritic cell
L1_ACCCTCACAAGAGTGC,Memory CD4 T cell
E2L3_AGATGCTAGTGCACAG,Cytotoxic T cell
E2L8_GTTGTAGAGCGCATCC,Classical monocyte
E2L8_GTGATGTGTCTAATCG,Low-quality cell
L1_ACTTTGTCAAGCACAG,Naive CD4 T cell
E2L2_GGTCTGGCATAATCGC,Naive CD4 T cell
E2L8_TTCCTCTGTCCATCTC,CD161+ memory T cell
L5_AGGGTGAAGTTGCTCA,CD161+ memory T cell
E2L1_ACAAAGACAGAACTAA,Memory CD4 T cell
E2L3_TCCCACAGTGGCCCAT,Memory CD4 T cell
E2L6_GAATCACAGGGCGAAG,Conventional dendritic cell
E2L6_CCTCCAATCCCATACC,Natural killer cell
L2_TAACCAGAGCCTTTCC,Cycling lymphocyte
E2L1_CCAAGCGGTTTCCCAC,Cycling lymphocyte
E2L4_GTGATGTCAATGACCT,Cycling lymphocyte
L3_AATGGAAAGTGGTCAG,Erythrocyte
E2L7_CACTGGGCAGCGGTTC,Naive CD4 T cell
L1_TGGAACTTCACGATCA,Conventional dendritic cell 1
L2_TTGACCCGTCTTGAGT,Naive CD4 T cell
E2L3_GTGCTGGGTATGGAAT,Plasmacytoid dendritic cell
E2L1_ATAGACCTCGCCGAGT,Natural killer cell
E2L8_GCGGAAACATGTGGTT,Memory B cell
E2L5_TCCTCTTAGGGCAGAG,Naive CD4 T cell
E2L8_GGCAGTCAGAGGTATT,Memory B cell
L1_ACCATTTAGCCTTTCC,CD161+ memory T cell
E2L2_CCTAAGAGTACCCACG,Memory B cell
L3_ACGTCCTCATCCGTGG,Cycling lymphocyte
E2L2_CTTCCGATCGATTGAC,Memory CD4 T cell
E2L5_CTCCATGTCCTCACCA,Memory CD4 T cell
L1_GGTGTCGTCTCGGTAA,Naive CD8 T cell
L5_GTGTCCTCAATAGTGA,Naive CD4 T cell
L5_CCTCAGTCATCCTAAG,Cytotoxic T cell
L1_TTCACCGTCAGCGCGT,Naive CD8 T cell
E2L3_ATCGGCGTCACTTTGT,Naive CD8 T cell
L5_GAGGCAAAGGTACATA,CD34+ hematopoietic progenitor
L2_TTCACCGGTGCGGATA,Cytotoxic T cell
E2L7_GGATCTAAGATTGGGC,Conventional dendritic cell
L5_AGTAGTCTCATAAGGA,Memory CD4 T cell
E2L3_AGACCATCAAGCCCAC,Natural killer cell
L5_AATTTCCAGGCCTTGC,Memory B cell
E2L8_CCATCACAGGCGACAT,Conventional dendritic cell
E2L6_GAATCGTCACTCCGGA,Plasmacytoid dendritic cell
E2L1_TACTTACGTGTTTCTT,Cytotoxic T cell
E2L8_CTGATCCAGTCATGAA,Cycling lymphocyte
L1_TGGGAAGTCATGCTAG,Plasmacytoid dendritic cell
E2L2_CTCAACCAGATGTTAG,Conventional dendritic cell
E2L7_GAGTTTGTCGCCAACG,Memory CD4 T cell
E2L4_GGGATGATCCGTCACT,CD161+ memory T cell
L5_GGTAACTGTGTATTCG,Conventional dendritic cell
E2L2_AGAAGCGGTTAAGAAC,Naive CD4 T cell
E2L5_CTCATCGCACTTCAAG,Naive CD4 T cell
E2L3_TTCATTGAGTTACGAA,Memory CD4 T cell
E2L1_CCTCATGAGACGACGT,Plasmacytoid dendritic cell
E2L2_TCAGCCTTCTTGCAGA,Memory B cell
E2L8_TGCATGAAGAGCAGCT,Cytotoxic T cell
L1_AGATGAACAGTTACCA,Naive CD4 T cell
E2L7_CTTGATTTCTTTGATC,Cytotoxic T cell
L4_GTGCTTCTCAGGAAAT,Naive B cell
L4_ATTCCTATCAGTAGGG,Cycling lymphocyte
L5_TGGATCAAGAGGCGGA,Non-classical monocyte
L5_GTCTAGAAGCAATTCC,Cytotoxic T cell
L1_CTCAACCTCCAAATGC,Naive CD8 T cell
E2L8_CTCATTATCGGAATTC,Memory B cell
E2L7_GAATCGTTCTGTCGTC,Plasmacytoid dendritic cell
L4_CCTCATGAGCGTCAAG,Natural killer cell
L2_TTCAATCAGCACTTTG,GZMK+ memory T cell
L5_CTGCTCAAGGCGATAC,Cycling lymphocyte
E2L8_CGTTGGGTCCGCCTAT,Naive CD8 T cell
E2L1_GCTGCAGTCCTACCGT,Memory B cell
L2_CATAAGCGTATACCCA,Naive CD8 T cell
L4_CCACTTGGTTGTACGT,CD161+ memory T cell
E2L1_GAGAAATAGTCAATCC,Memory CD4 T cell
E2L3_CCAAGCGCACCCTAAA,Gamma delta T cell
E2L8_CCTATCGCAGAACATA,Memory B cell
E2L2_CGCAGGTGTACTGAGG,Conventional dendritic cell 1
E2L4_TTTCACAGTGTATTGC,Cytotoxic T cell
L2_CAACCTCGTGGCAGAT,Naive CD4 T cell
L3_GCGGATCTCGGATAAA,Cytotoxic T cell
E2L2_GGTAACTCATCATCTT,Naive B cell
L2_ACGTCCTGTAATGTGA,CD161+ memory T cell
L2_TTTAGTCAGGCGAAGG,Naive CD4 T cell
L3_AGTTCGACAGGGAATC,Cytotoxic T cell
L1_GGAGGTACACCCAAGC,Plasma cell
E2L8_TACAGGTAGGATGTTA,Plasmacytoid dendritic cell
L4_CTCAGAATCGTTCGCT,Cycling lymphocyte
L3_ACATGCACAAGTGGCA,Memory CD4 T cell
L4_CGGGTGTAGAGTGGCT,Conventional dendritic cell
L5_ACATCCCTCCTTCGAC,Naive CD8 T cell
E2L5_CGAATTGAGGATTACA,Plasma cell
E2L2_GTGCTGGAGTACAGAT,Cytotoxic T cell
L3_TTACAGGTCGTTCATT,Naive CD4 T cell
L4_ATGAAAGGTGTTTACG,GZMK+ memory T cell
E2L5_TACCTGCAGTCTCCTC,Naive CD4 T cell
L1_TTTGACTTCGATTGGT,Plasmacytoid dendritic cell
E2L2_CACACAATCTTTGCGC,Naive B cell
E2L2_GTTACGATCGTAGGAG,CD161+ memory T cell
L2_GGTTAACGTCTTCGAA,Memory B cell
E2L1_CCATAAGCACTGAGTT,Platelet
L1_TTGCCTGGTTGGCTAT,CD34+ hematopoietic progenitor
L3_TCCTCTTGTAGTTAGA,Naive CD4 T cell
L3_TGATCTTGTTAGTTCG,Naive B cell
E2L6_GACCCAGTCTGCTGAA,Naive CD4 T cell
L4_AAGCATCGTAACTGCT,Conventional dendritic cell
E2L6_ACTATCTAGACTTAAG,Cytotoxic T cell
L1_ACACTGAAGTCCCAAT,Naive CD8 T cell
E2L3_GCAACCGCATCGATAC,Cycling lymphocyte
L2_AACAAAGGTGATTAGA,Gamma delta T cell
L5_ATTCATCAGAGCCCAA,CD34+ hematopoietic progenitor
L4_CTCAGAAAGTCGGCCT,Naive CD8 T cell
L2_ATAGAGAGTGCCCTTT,Naive CD4 T cell
E2L3_AGACAAACATTCCTCG,Natural killer cell
L1_TGATCAGAGTAAACAC,Conventional dendritic cell
E2L6_TCTACCGAGAAGGCTC,Memory CD4 T cell
L1_GCAGCTGGTAGTGGCA,Erythrocyte
E2L1_GACAGCCGTGATGAAT,CD161+ memory T cell
L1_CGTCCATGTTCCTAAG,Naive CD4 T cell
E2L7_TCGTAGAAGATCCGAG,Memory CD4 T cell
L4_GTTGTGAGTTCGTAAC,Conventional dendritic cell 1
E2L7_TTGCATTGTTTCCCAC,Naive CD4 T cell
L2_TGCGGGTAGCAACAAT,Cytotoxic T cell
E2L3_GAGTGTTAGAAGTCTA,Naive CD8 T cell
E2L6_CCTAAGAGTTCCCACT,Low-quality cell
L2_CGCGTGAGTGGTCCCA,Cytotoxic T cell
E2L7_GATGACTAGGTAAACT,Classical monocyte
L1_GAAACCTTCTACTGAG,GZMK+ memory T cell
E2L7_CTCAGGGCATACAGGG,Naive CD8 T cell
E2L8_GACTATGAGCGTTCAT,Conventional dendritic cell 1
E2L8_ACGTACAAGTGGTCAG,Naive B cell
E2L3_TCAAGACAGCAAATGT,GZMK+ memory T cell
L3_GCGTGCACAAGACAAT,Classical monocyte
E2L1_TCTTAGTAGGACAGTC,CD161+ memory T cell
E2L8_CCTATCGAGTCGAGGT,Cycling lymphocyte
L4_ATCCATTTCCCTATTA,Naive CD8 T cell
E2L8_GGCTTGGTCAAGTAAG,Gamma delta T cell
L2_TTGGGATCACAATTCG,GZMK+ memory T cell
E2L6_ACTGCAATCATACGAC,Memory B cell
E2L8_GTGTGATGTTGCGGCT,Plasmacytoid dendritic cell
E2L6_AGCGCTGGTGACACAG,Memory CD4 T cell
L2_CGAAGGAGTCGCATGC,Natural killer cell
L5_TAATTCCAGTCATCGT,Memory B cell
E2L1_TATATCCAGCTAATCC,Cytotoxic T cell
L1_CGCATAACAGAGTCAG,CD34+ hematopoietic progenitor
E2L2_TGTGCGGGTTCCCACT,Cytotoxic T cell
E2L6_TCATTACAGTAATACG,Naive CD4 T cell
L4_TACCGAAAGGCATCGA,Memory CD4 T cell
E2L4_TCCTCCCAGCGTTAGG,Low-quality cell
L3_CGTAAGTCAATAGTGA,CD34+ hematopoietic progenitor
L1_CACTGTCAGCTCCACG,Memory B cell
E2L3_TCCTAATAGACTGTTC,Memory CD4 T cell
L2_TTCATTGTCTAGCAAC,Cytotoxic T cell
L4_TTGTTGTCAGGATCTT,Plasmacytoid dendritic cell
E2L5_CACAGATGTCTACACA,Plasma cell
L2_TGCAGTAGTTTGACAC,CD34+ hematopoietic progenitor
E2L1_TGTCCCAGTTGCGGCT,Cytotoxic T cell
L3_GATGCTACAAGCGAAC,Cytotoxic T cell
L2_ACCTGAAGTGCAACGA,Plasmacytoid dendritic cell
L2_ATTCGTTGTAGCTTAC,Naive CD8 T cell
L3_TTCCGTGAGGAGCTGT,Memory CD4 T cell
L4_GCACTAACAGTTGAAA,Plasma cell
L1_AGCCAGCTCATCGACA,Platelet
E2L7_GCAGGCTAGGAGGGTG,Plasmacytoid dendritic cell
E2L1_GAAACCTGTGCCGAAA,Classical monocyte
L4_AGCGCTGAGGAGAATG,Naive CD8 T cell
E2L4_TACTTACAGTGGTTAA,Conventional dendritic cell
E2L4_GAACGTTCAGACCAGA,Naive CD4 T cell
E2L7_ATCTTCAAGCAGCCCT,Classical monocyte
L3_TCACAAGAGTCACTCA,Natural killer cell
E2L1_CTCCACACATGGCGCT,Naive CD8 T cell
E2L4_GCTACAAAGCAGCCCT,Plasmacytoid dendritic cell
L4_ACGGTTACACTAGTAC,Classical monocyte
L4_TTTAGTCAGGGATCTG,Naive CD4 T cell
L3_GCCTGTTGTCACCGAC,Memory CD4 T cell
L2_TTCTAGTAGAGTAACT,CD34+ hematopoietic progenitor
L5_CCTCATGCAGATCATC,CD34+ hematopoietic progenitor
E2L3_ATGAGTCTCTCCCTAG,Cycling lymphocyte
E2L4_AAAGGATTCGTGGGAA,Naive B cell
L3_CTGAGGCTCCATAGAC,Cytotoxic T cell
L2_TCTAACTAGTGGTGAC,Cytotoxic T cell
E2L3_GAAGGACTCCGAAGGA,Classical monocyte
E2L5_TGCGACGCACGAAAGC,Cytotoxic T cell
L5_GGAGCAAGTGTAGTGG,Naive CD8 T cell
L2_AAGGTAAAGAGCAAGA,CD161+ memory T cell
E2L3_TGTAGACCAAACTAAG,Platelet
L2_TCACGGGTCACACCCT,Naive CD4 T cell
L1_GCATCGGCATGGGTCC,Naive CD4 T cell
E2L5_CTCATTATCTTTACAC,Low-quality cell
E2L6_AGAACAAGTCGCCACA,CD34+ hematopoietic progenitor
E2L4_AGTTCCCAGGTTAGTA,Natural killer cell
L4_CTGAGCGTCAGACAAA,Non-classical monocyte
L3_AACGGGATCGTTAGAC,Non-classical monocyte
L2_TTGACCCTCCGACATA,Plasma cell
E2L1_GATTCGAGTGACACGA,Natural killer cell
E2L4_GAACTGTTCCGACATA,Cycling lymphocyte
E2L1_CATCCCAGTCGAGATG,Plasmacytoid dendritic cell
E2L5_CTCCGATCAGTAGAAT,Naive CD4 T cell
L5_CTAACTTAGCTAAACA,Cycling lymphocyte
L5_GAACACTCACATTACG,Conventional dendritic cell
E2L2_GTAAGTCAGCCTTCTC,Cytotoxic T cell
E2L6_CCACCATAGTTTGAGA,Memory B cell
L2_CCTTTGGTCTGGACCG,Erythrocyte
L3_ACGCACGTCTTTCGAT,Platelet
L4_AGATCCAAGCATAGGC,Natural killer cell
L5_CTCTGGTCACACTTAG,Cytotoxic T cell
L3_CATCAAGAGCGGATCA,Naive CD4 T cell
L4_TACGTCCAGGTGGGTT,Naive CD8 T cell
E2L6_CTCCCTCGTGCACATT,Cytotoxic T cell
E2L2_AGATGAATCGTGCACG,Memory B cell
E2L4_ATTCATCTCCGTCAAA,Naive CD4 T cell
L3_GACGTTAGTTCAAACC,CD34+ hematopoietic progenitor
E2L4_GTAGTACAGTATGAGT,Cycling lymphocyte
E2L8_TGGAGAGAGACTAAGT,Cytotoxic T cell
L5_TTGCATTGTCGTCTCT,Conventional dendritic cell
L1_CTGCCATCAGAGCTAG,CD34+ hematopoietic progenitor
E2L2_TTCTAGTTCAACTTTC,Cycling lymphocyte
E2L1_TTGTTCAAGGTAGATT,Conventional dendritic cell 1
L4_GTCACTCCATCTCATT,Conventional dendritic cell
L4_TAAGTCGAGAGCATTA,CD161+ memory T cell
E2L8_TGCACGGTCCACCTGT,Naive CD4 T cell
E2L8_CTGGTCTTCACCTCGT,Plasmacytoid dendritic cell
L1_TCCTCCCTCAGTGTTG,Naive CD4 T cell
E2L2_ATCGTCCTCCAGCTCT,Cytotoxic T cell
E2L3_CAGATCACAGATCATC,Classical monocyte
E2L8_GAGAGGTAGTAGAATC,Memory CD4 T cell
E2L6_GTCACGGTCCTTGAAG,Erythrocyte
E2L1_CGTTAGATCTAGGCCG,Gamma delta T cell
E2L7_ATCCCTGGTGCGGATA,Cycling lymphocyte
E2L8_GATCACATCTAGGAAA,Memory B cell
E2L6_TAGGAGGAGATGTAGT,Naive B cell
L4_TTTAGTCCACTATCGA,CD161+ memory T cell
E2L1_TACCTCGGTTGGCCTG,Low-quality cell
L5_AGTCACATCCGTATAG,Low-quality cell
L4_TCGGATAAGGGCGAGA,Non-classical monocyte
E2L6_AGGGTGAAGAGCACTG,Naive CD8 T cell
E2L6_AGCGATTGTATGATCC,Naive B cell
E2L6_CCACGAGAGAATCGCG,Platelet
E2L5_ATTTACCTCCCTGTTG,Memory CD4 T cell
L4_CTGCTCAAGATAGTGT,Cytotoxic T cell
E2L6_CTAGACACAGGCGTTC,Natural killer cell
L4_GAGAAATGTTAGGACG,Memory CD4 T cell
E2L4_GGCAGTCCATGAAGGC,Classical monocyte
L5_ATCTTCATCTCATTGT,Naive CD8 T cell
L4_GGGCTACAGACCAGAC,Plasmacytoid dendritic cell
L3_CGGGCATCACAATGCT,Naive CD4 T cell
E2L5_ACGTCCTTCAACGTGT,Conventional dendritic cell
L1_AGTACCAGTCCGGACT,Cytotoxic T cell
L3_GTGTAACCATAGATCC,Cycling lymphocyte
E2L5_TCGGGACCATGCCGAC,Plasmacytoid dendritic cell
L2_TTGCTGCAGAGCGACT,Naive CD4 T cell
E2L7_TGCCGAGAGTGAATAC,Naive B cell
L2_TTTACGTGTTCCTAGA,Plasma cell
L5_CATACTTGTAGGATAT,Naive CD4 T cell
E2L8_TAGGTTGGTTCAGGTT,Natural killer cell
L1_GCATCGGGTAACTTCG,Plasma cell
L4_TGGATGTTCTCAACGA,Erythrocyte
E2L2_GGGACCTGTAGACAGC,Plasma cell
L2_CTCAATTTCAACGAGG,Naive CD4 T cell
E2L2_GAGTCATTCTCGACGG,Memory CD4 T cell
L5_AACCACACAAGATCCT,Naive CD4 T cell
L5_CTATAGGAGATAGCAT,Memory CD4 T cell
L5_CCATAAGCACGACTAT,Naive CD4 T cell
E2L7_TTATTGCAGAGGCGTT,Cycling lymphocyte
E2L6_GTAGTACTCATTACGG,Cycling lymphocyte
E2L4_CTCTGGTAGGACGCAT,Non-classical monocyte
L2_GGGAGATCAGTCTACA,CD34+ hematopoietic progenitor
L2_GACCGTGAGCGTGTTT,Gamma delta T cell
E2L2_GTGAGGAGTGCTCTCT,Memory CD4 T cell
E2L2_CGTGCTTAGATGCAGC,Memory CD4 T cell
L5_AAACCCAAGGATGGCT,Plasma cell
L5_TCTTAGTCATACGCAT,Plasma cell
E2L4_ATCCATTCATGGTACT,Cycling lymphocyte
L2_AATGGAATCGTCGCTT,Memory CD4 T cell
E2L6_AGTCACACACAGAAGC,Classical monocyte
E2L1_TTGGGATTCGCTCTCA,Platelet
E2L7_AACGAAAAGTGCCTCG,Memory CD4 T cell
E2L7_ACGGTTAGTCTACGAT,Non-classical monocyte
L4_GCCAACGGTAAGCGGT,Natural killer cell
L5_ACTGATGTCGTGTTCC,Cycling lymphocyte
E2L7_CGTGCTTCAAATGGTA,Memory B cell
E2L4_TGAGCGCTCGCCACTT,Cytotoxic T cell
E2L5_TACGTCCAGAGTTGTA,Conventional dendritic cell
L2_TCCTTTCCATCTCATT,Cycling lymphocyte
E2L8_GAGTCATCAACTCATG,Cytotoxic T cell
L4_GAACTGTCAAATACAG,Conventional dendritic cell 1
E2L8_TCGTGGGCACAAGGTG,Memory CD4 T cell
L4_TCATTGTAGGTCGTCC,Naive B cell
L4_TTCCGGTTCATCGGGC,Cycling lymphocyte
E2L3_CACGTTCCATCACCAA,Non-classical monocyte
L2_TGCTCCAGTGCGTTTA,Naive CD8 T cell
L2_CGTAGTATCCATTGGA,Naive CD4 T cell
L3_GTAGATCGTTTCGTGA,Cytotoxic T cell
L1_CGTTGGGGTCATTCCC,Plasmacytoid dendritic cell
E2L7_GACTTCCCATGGCTGC,Memory CD4 T cell
L5_CATCGTCCATGGGCAA,Natural killer cell
E2L7_ATCGTGAGTGAATGTA,CD34+ hematopoietic progenitor
E2L7_AGGGTGACAAAGACGC,Memory CD4 T cell
L5_ATGAGGGTCACTGGTA,Naive CD8 T cell
E2L5_CAACCAACACATACTG,Low-quality cell
L3_GAAGAATAGAGCCGTA,Naive CD4 T cell
L5_CATTGCCTCTGCGATA,Naive CD4 T cell
E2L7_GAAGAATGTGGCCTCA,Conventional dendritic cell 1
E2L4_GGTAGAGGTTGCATCA,Memory CD4 T cell
E2L8_CTTCTCTCATCCGAAT,Cycling lymphocyte
L5_GTTCCGTCAGCGTATT,Erythrocyte
L4_TCATTTGAGCGAAACC,CD161+ memory T cell
E2L1_GTCACTCGTGTTAAAG,Plasmacytoid dendritic cell
L4_ATGGATCCATAAGATG,Conventional dendritic cell
E2L7_CATTGAGAGGCACAAC,Classical monocyte
L4_CATTCTAGTCCCAAAT,Plasmacytoid dendritic cell
L3_GGTTGTAAGTGTCATC,Non-classical monocyte
L5_CACGAATAGGATTCAA,CD34+ hematopoietic progenitor
E2L6_AGGGCCTCACACCTAA,Cytotoxic T cell
L3_ATTATCCTCTACACTT,Memory CD4 T cell
E2L5_CCCGAAGAGCCTGTGC,Memory B cell
E2L7_CATACTTCATCTCAAG,Memory CD4 T cell
E2L7_GGTGAAGAGCATGGGT,Naive CD8 T cell
E2L3_TCATTGTCAGAGTGAC,Cytotoxic T cell
L4_GATGACTTCGGACGTC,Memory CD4 T cell
E2L6_CATACAGAGCTGTTCA,Memory B cell
E2L2_TCCAGAACAGCGGTTC,Memory CD4 T cell
E2L7_CTGAGGCTCCATTCAT,CD34+ hematopoietic progenitor
L2_TATCAGGTCGTCCTTG,Conventional dendritic cell
E2L2_ACGTAACTCAAAGACA,Plasma cell
L2_ACACCAAGTTATAGAG,Memory CD4 T cell
L3_GACCCTTGTCGGTACC,Natural killer cell
L4_AGCCAATGTACAGAAT,Gamma delta T cell
E2L1_CAGGGCTCATAGGTTC,Low-quality cell
E2L7_GTGAGCCTCCCGGTAG,Naive B cell
E2L4_AGCCAGCCAAGTGGAC,Plasma cell
E2L5_CATGCGGAGTCGCCAC,Natural killer cell
L5_TGAGCATAGTCCCAAT,Natural killer cell
E2L2_TTGACCCCACGGCTAC,Plasma cell
L5_ATTATCCTCAACTCTT,CD161+ memory T cell
E2L4_CTCCACACATGGCTGC,Memory B cell
L5_TATTTCGAGCGGTAAC,Naive CD4 T cell
E2L7_GTTTACTCATTGAAGA,Conventional dendritic cell
L4_TTTCCTCCACAGTCAT,Non-classical monocyte
L4_CATAGACTCTCTTGCG,Erythrocyte
L4_AGCATCACAAATTGCC,Naive CD8 T cell
E2L3_ACAAAGAGTCGTGATT,CD161+ memory T cell
L4_GCCGATGTCAACCGAT,Conventional dendritic cell
E2L7_CCTCTCCGTTACGTAC,Memory CD4 T cell
E2L6_AGGGTCCGTACTGTTG,Memory B cell
L5_ATTCAGGTCGCAGAGA,Naive CD4 T cell
E2L6_TGCGGGTGTAAGGTCG,Naive B cell
L1_TCCTTCTCAGTCTGGC,Naive CD4 T cell
E2L5_TTACAGGGTCACTACA,Memory CD4 T cell
E2L3_CGCCAGACAGGACGAT,Gamma delta T cell
E2L7_GCGTTTCGTGGCTTAT,Platelet
L4_CAACAACTCCTGGGAC,Naive CD4 T cell
L2_AAGAACATCCGAGCTG,CD34+ hematopoietic progenitor
L3_ACGCACGAGTAGCATA,Naive CD8 T cell
E2L3_TGCATCCTCGTCAAAC,Conventional dendritic cell
E2L1_CCTACGTTCCATTTGT,Memory B cell
L2_ATCATTCCACGGTGAA,CD161+ memory T cell
L2_ATTTCACGTCACCGAC,Natural killer cell
E2L4_CATAAGCCAACACTAC,Conventional dendritic cell
E2L1_TTTACGTCAGAGGGTT,Natural killer cell
E2L1_GCTGAATAGGCATGGT,Conventional dendritic cell
E2L1_CCTAAGATCTAGACAC,Cytotoxic T cell
E2L1_CACTTCGCAAATAGCA,Cytotoxic T cell
L5_GCTTTCGCATTGAGCT,Naive CD8 T cell
E2L1_CACAACATCTCGTGAA,Low-quality cell
L4_GGAGATGAGATGTTCC,Platelet
L2_CCCAACTTCTATGTGG,CD161+ memory T cell
L5_AGGGAGTAGAAACTGT,Naive CD4 T cell
E2L3_TCATACTGTTTACGAC,Cytotoxic T cell
L5_TGATTTCTCAACTTTC,Naive CD4 T cell
E2L6_TCTTGCGGTCCGGTCA,Naive B cell
E2L5_GGGTCTGCATCCGGTG,Natural killer cell
L2_TTTCCTCCAAGTGCAG,Naive CD8 T cell
E2L3_CCTCATGAGCCTGGAA,Cytotoxic T cell
L3_TGCGGCATCCGATCGG,Naive B cell
E2L1_AGGTTGTGTTCGGTTA,Gamma delta T cell
L2_TATCCTAAGACAAGCC,Plasma cell
L4_TCCACCAGTGACCGTC,Memory CD4 T cell
E2L2_TTCAGGATCACTGATG,Memory B cell
E2L6_GCCAGCAAGTAACCTC,Memory B cell
L1_CGGAACCTCCGTGGGT,Plasma cell
L4_TTTGGAGAGTTGCCTA,CD161+ memory T cell
E2L4_GTCTTTAAGACCAAGC,Cytotoxic T cell
L5_TATCTTGAGAGTTCGG,Plasmacytoid dendritic cell
E2L4_GTCATCCAGTTTCTTC,Memory B cell
E2L5_AGAAGCGTCATTTGCT,Natural killer cell
L4_TTAGTCTAGACATGCG,Naive CD4 T cell
L5_TCACTATCAGTGCCTG,Memory CD4 T cell
L5_TGCAGATTCACTTCTA,Naive CD4 T cell
E2L5_TGCAGTAAGGGCTAAC,Cytotoxic T cell
L5_CGTAGTAAGTAGGCCA,Naive CD4 T cell
E2L8_TTGGATGCAACCGATT,Non-classical monocyte
E2L6_TTCCAATAGCAGCACA,Classical monocyte
L3_TTCGGTCTCTCGCGTT,Cycling lymphocyte
E2L5_GTTGCTCGTGACTGAG,Low-quality cell
E2L2_GCATGATAGGTGCATG,Cytotoxic T cell
L5_CATGCGGTCATCTCTA,Naive B cell
L1_TTACTGTCATCCGGCA,Memory B cell
L4_AAGGTAACAGCTATTG,Cytotoxic T cell
E2L8_AGTAGTCCACTCAGAT,Conventional dendritic cell
E2L4_AAGCATCAGTAGCATA,Natural killer cell
L5_CTGATCCGTAGTTAGA,Memory CD4 T cell
E2L7_TGAATCGCACTGGCCA,Cytotoxic T cell
E2L4_CAATGACGTAATGATG,Conventional dendritic cell
E2L6_TCCGAAAAGACCTTTG,Naive CD4 T cell
E2L8_CTTAGGAGTTAAACCC,Non-classical monocyte
L4_TGATCTTCAACGATTC,CD34+ hematopoietic progenitor
E2L8_TCAGTTTTCGTGGGTC,Erythrocyte
E2L5_TCGCAGGCAGCATCTA,Cytotoxic T cell
L5_GCACATACAGAAATTG,Memory CD4 T cell
E2L7_CCAATTTTCCGATGTA,Natural killer cell
E2L5_GGTAACTGTTAAGCAA,Memory CD4 T cell
E2L8_CTAGGTACAGGACGAT,Cytotoxic T cell
L4_CAACAACCAGGACATG,GZMK+ memory T cell
E2L8_GTGCGTGGTACGAGTG,Memory B cell
L5_AACCCAACAGGATTCT,Cytotoxic T cell
L2_ATCGATGAGATGCAGC,Naive CD8 T cell
L4_CTACAGACAACGGGTA,Conventional dendritic cell
L1_TGTCCTGCAACTGCCG,Erythrocyte
L5_GCCATTCTCACGTCCT,GZMK+ memory T cell
E2L1_ACGTTCCAGACATCAA,Non-classical monocyte
L2_CACGTGGGTGGTGATG,Naive CD4 T cell
E2L4_AGAAGTAAGTCGAAAT,Non-classical monocyte
L3_CGGGTGTAGCCTAACT,Memory CD4 T cell
E2L8_CTCCACATCAAGCCTA,Naive B cell
E2L2_CATGGTAAGGATTTAG,Platelet
E2L1_CGAGTGCGTGGCCTCA,Cycling lymphocyte
E2L1_CTATCCGCAGAACATA,Conventional dendritic cell
L4_GTTAGTGGTACGTGTT,Plasma cell
L3_CGTAATGAGCTTGTTG,Naive CD4 T cell
E2L3_GTTCCGTTCTCACGAA,Plasma cell
E2L3_CCCGAAGCAGTCTCTC,Plasmacytoid dendritic cell
L3_CTATCTAAGACGTCGA,Memory CD4 T cell
E2L5_GGGTCTGAGATCCTAC,Natural killer cell
E2L2_AGGGCCTAGCGTATAA,Memory CD4 T cell
E2L2_AGCGCTGGTGGTAATA,Plasmacytoid dendritic cell
E2L5_TTCCGTGCAGCACAGA,Plasma cell
E2L7_TCTGCCAGTTTGACAC,CD161+ memory T cell
E2L3_CCCTTAGTCCAAGCAT,Plasmacytoid dendritic cell
L3_CAGAGCCGTTCTTGTT,CD34+ hematopoietic progenitor
E2L2_GCCAGGTAGCTAGTTC,Classical monocyte
L5_GGGACAAGTGGCACTC,Memory CD4 T cell
L3_ATGCCTCGTGGATGAC,Natural killer cell
L5_TCCACGTAGAAATCCA,Non-classical monocyte
L4_GTAACCAAGAGATGCC,Memory CD4 T cell
E2L7_TATTGGGTCATTCTTG,Conventional dendritic cell 1
E2L6_TGACGCGGTGAGTAAT,Cycling lymphocyte
L2_CATGGTATCTTTGCGC,Memory B cell
L1_ACATCCCAGGTAGTAT,CD161+ memory T cell
E2L1_GTGTTAGCAGACACCC,Natural killer cell
L3_TATTGCTCAATCGTCA,Naive B cell
L2_CAACAGTGTTAAGGAT,Memory CD4 T cell
E2L5_GAGTTTGCATAATCGC,Memory B cell
E2L1_CTCCTCCTCCGCGAGT,Memory CD4 T cell
E2L6_CAAGCTATCGTTTACT,Cytotoxic T cell
L1_TTCTAACTCGTAGGAG,Natural killer cell
L1_TAGGTACGTCGGCACT,Naive CD4 T cell
E2L1_TCAGTTTCAACGGTAG,Memory CD4 T cell
E2L2_TACCGAAAGCCGGATA,Cycling lymphocyte
L4_AACGGGATCGACGAGA,CD161+ memory T cell
L1_GCACTAACACTGTCGG,Cytotoxic T cell
E2L4_GTTACGACACAAGTGG,Memory B cell
L3_TGGAACTAGAATAGTC,Classical monocyte
L3_CAACCTCGTGAATTGA,Naive CD4 T cell
E2L4_TTCACCGAGGCTCCCA,Memory CD4 T cell
L4_TGCTGAACAAGGTACG,Naive CD8 T cell
L2_GACGCTGGTCACTCAA,Natural killer cell
L5_TTTGTTGTCTCCGTGT,Naive CD4 T cell
L1_AAGATAGAGCAGATAT,Naive CD4 T cell
L4_TTAGTCTTCAGAGTGG,Gamma delta T cell
E2L7_AACAACCGTTCATCGA,Cytotoxic T cell
L2_TCGCTCAAGCTAAACA,Conventional dendritic cell 1
E2L4_GATTCGACACGGTGAA,Plasma cell
L3_TATACCTAGAACTTCC,Memory CD4 T cell
E2L7_GCAGCTGCAAGAATAC,Cytotoxic T cell
E2L4_TTTGATCTCACGAGGA,CD161+ memory T cell
E2L6_TCGCTCAAGGTTCAGG,Memory B cell
L5_CTGGACGCAGTAACGG,CD161+ memory T cell
L5_ATTCAGGGTGGAAGTC,Naive CD4 T cell
E2L5_GAGAAATCAACCGCTG,Cycling lymphocyte
E2L1_TGTGGCGTCCTCGATC,Memory B cell
E2L7_GACCTTCTCGCAAGAG,Platelet
L2_TCTTCCTGTGGACCAA,Cytotoxic T cell
L2_GAGTCATGTCGCATGC,GZMK+ memory T cell
L5_GCCCGAAGTGGTTCTA,CD34+ hematopoietic progenitor
E2L3_AGGCATTGTGAACGGT,Natural killer cell
L3_CAGCGTGCACTGTCCT,Memory CD4 T cell
E2L2_GAGTTACCATTAGGAA,Cytotoxic T cell
L2_AGTGCCGTCCGAGCTG,CD34+ hematopoietic progenitor
E2L3_GGATGTTTCGTAGAGG,Gamma delta T cell
E2L4_TATCTGTAGAGCCGTA,Memory CD4 T cell
L1_AGCCAATTCGCGTCGA,Plasma cell
E2L7_AGTGCCGGTATAATGG,Naive B cell
E2L4_CTCCTTTCAGTGGTGA,Naive CD4 T cell
E2L4_GAAGAATCAGGTGTTT,CD161+ memory T cell
L5_ACGGTTACACTGTGTA,Memory CD4 T cell
E2L8_TCTATACCATTAAAGG,Plasmacytoid dendritic cell
E2L5_TACTTGTTCTCATAGG,Memory CD4 T cell
E2L6_GTCGAATTCGTAGAGG,Conventional dendritic cell
E2L7_CGTAATGTCGATCCCT,Plasmacytoid dendritic cell
E2L8_GGGAGATCAGTACTAC,Platelet
E2L1_CAGTTCCGTTATTCCT,Plasma cell
L4_AACGAAACAGCCCACA,Low-quality cell
E2L3_AACACACCAGAGGCTA,Non-classical monocyte
E2L5_AACCTTTGTCACAGTT,Naive CD4 T cell
L4_CTCATCGCAAAGCACG,Naive B cell
E2L5_GAAGTAAGTTCTTGTT,CD34+ hematopoietic progenitor
E2L7_TACTTACGTAGGCTGA,Naive CD4 T cell
E2L4_CTGCTCATCGTGCAGC,Plasmacytoid dendritic cell
L5_TCTCTGGTCCTTATAC,CD161+ memory T cell
L2_CGGAATTAGGAGATAG,Natural killer cell
L4_CCACGTTGTAGGATAT,Naive CD4 T cell
E2L2_ATGAGGGAGCCATCCG,Cytotoxic T cell
E2L2_GTCATTTAGACTACGG,Cytotoxic T cell
E2L7_CCACGAGCACCATTCC,Naive B cell
E2L5_GGAGGTACATTGGCAT,Cycling lymphocyte
L3_GGAACCCCATGACCCG,CD161+ memory T cell
L4_TCAGTTTGTAGCTTGT,Cycling lymphocyte
L3_ATGCGATCAGCTGAAG,CD34+ hematopoietic progenitor
L5_AGTGCCGTCGGAGTGA,CD161+ memory T cell
L4_AACAAGATCTAGACAC,Cytotoxic T cell
L5_CTCCTTTCACGAGGAT,Cycling lymphocyte
E2L4_AGCGTATTCAGTGTCA,Plasmacytoid dendritic cell
E2L2_AGGGAGTTCGACCAAT,Naive CD4 T cell
E2L6_TATCGCCGTCGGATTT,Cytotoxic T cell
L4_TGGTGATCAATTTCGG,Non-classical monocyte
L1_AATAGAGCATGGGTTT,Plasma cell
L1_ACCCTTGGTACCGGCT,Naive CD4 T cell
E2L1_ATGTCCCTCCCTCGAT,Conventional dendritic cell
L1_TAGACCAGTTGCGGCT,Platelet
L5_GCTCAAAGTTCGATTG,CD34+ hematopoietic progenitor
L5_GTTACAGTCTATTTCG,Plasma cell
E2L8_TGCTCGTCAACGATTC,Naive B cell
E2L4_ACATTTCCAGCACAGA,Non-classical monocyte
L4_TTTCGATTCAGAGCAG,Naive CD4 T cell
E2L1_AGCTACAGTCAGGCAA,Memory CD4 T cell
E2L5_CTTTCAAGTCCCTGTT,CD161+ memory T cell
E2L7_CTCCATGGTCAGCGTC,Platelet
L5_GAATCACCAAGATCCT,Memory CD4 T cell
L5_CTCCACAGTCCACAGC,Naive CD4 T cell
E2L7_TGCCGAGCATTGCCGG,Naive CD8 T cell
E2L2_TCGAACAGTAGAGCTG,Memory CD4 T cell
L2_ATGGAGGAGAGCAACC,Plasma cell
E2L6_GGGTAGATCTGGCCAG,CD161+ memory T cell
E2L3_TCGCACTCATCTCCCA,Non-classical monocyte
E2L5_CGTGTCTCACGCCACA,Cytotoxic T cell
L2_AATGCCAAGCCTGTCG,Cytotoxic T cell
E2L5_GAGGCAACATGTTTGG,Memory CD4 T cell
E2L6_GTACAGTCACGACGCT,Memory CD4 T cell
L1_ATTCTTGAGTTGCTCA,Memory CD4 T cell
E2L5_CTCCAACCAGGCATTT,Memory CD4 T cell
E2L3_GTGTTCCAGTTGTAAG,Plasmacytoid dendritic cell
E2L7_CCAATGACACCTCGTT,Non-classical monocyte
L5_CCGTAGGCACAAAGCG,Cytotoxic T cell
E2L6_AATTCCTTCGACTCCT,Conventional dendritic cell 1
L3_CTAAGTGAGCCATTGT,Gamma delta T cell
E2L2_CTTAGGAGTTAGGGAC,Memory CD4 T cell
E2L4_CTACGGGCACAACGTT,Naive CD8 T cell
E2L7_CATTGTTTCCACTTTA,Cycling lymphocyte
L3_TATACCTTCAAGTCTG,Classical monocyte
E2L6_ATCGTCCAGTGGTGGT,Memory B cell
L3_CACTTCGAGGTAGTCG,Memory CD4 T cell
L5_AAAGTGATCTTCGACC,CD34+ hematopoietic progenitor
L4_ACAACCAAGGTCCTGC,Conventional dendritic cell
L1_AACAAAGGTTCGGCGT,Cycling lymphocyte
E2L5_TCGATTTCACATCATG,GZMK+ memory T cell
E2L8_TTGCATTCAGTAACAA,Memory CD4 T cell
E2L1_GTTAGTGAGGACTAAT,Cytotoxic T cell
L2_AACCAACAGATGACCG,Memory CD4 T cell
L3_CCTATCGTCTACTCAT,Memory CD4 T cell
E2L7_AACCATGGTTGTGTTG,Conventional dendritic cell 1
E2L5_CGAGTGCCAGGCCTGT,Cytotoxic T cell
L3_GACCAATCATATACCG,Cytotoxic T cell
L3_CGCGTGAGTGTTGAGG,Naive CD4 T cell
E2L7_CTACATTAGACGTCGA,Non-classical monocyte
L4_CTGAGCGCACCACTGG,Memory CD4 T cell
E2L7_TCATGGATCAAATGCC,Naive B cell
E2L4_ATCCGTCCATCCTAAG,Plasmacytoid dendritic cell
E2L7_ACTTAGGAGGAACTAT,Memory CD4 T cell
E2L7_GTAGCTAGTACTGGGA,Memory B cell
E2L4_TTCATTGGTCACGTGC,Memory B cell
L1_AGAACCTAGACAGCGT,Natural killer cell
L2_ACTCCCAAGCCACCGT,Cycling lymphocyte
L2_GTCTAGAGTCGAAGCA,Cycling lymphocyte
E2L6_TCATTACTCGACGAGA,Naive CD4 T cell
E2L6_CACACAAGTAGCGCTC,Platelet
L1_TCGGGACCAGGGTTGA,Naive CD8 T cell
E2L4_GTCAGCGCAAGTATAG,Memory CD4 T cell
L3_CCGGGTATCTTGCAAG,Cycling lymphocyte
L4_TTAGTCTAGGTCACTT,Natural killer cell
E2L2_CTGGCAGGTTGCCTAA,CD161+ memory T cell
L5_TCCTTCTCAGACAATA,Memory CD4 T cell
L4_TGGAGAGGTCGCACGT,Naive CD4 T cell
L2_TTGTGTTTCCCATGGG,Memory CD4 T cell
L3_AGTCACAGTGTTCGTA,Cytotoxic T cell
E2L6_CTCTCGAAGCTCCCTT,Non-classical monocyte
E2L2_GGTCTGGTCTAGTTCT,Naive CD4 T cell
E2L6_CATACCCCATCCTTGC,Conventional dendritic cell
E2L4_AGACCCGCAAACCATC,Naive CD8 T cell
E2L3_CTCCCTCCAAGATTGA,Gamma delta T cell
E2L8_CTATAGGGTGAATATG,Memory B cell
E2L4_AACCTTTTCCGCAAAT,Cytotoxic T cell
L5_CACGTTCAGATGAAGG,CD34+ hematopoietic progenitor
E2L2_ACATTTCCATGCAGGA,Naive CD4 T cell
L4_AGTCAACCAGTTGAAA,Memory CD4 T cell
E2L7_GCGTGCATCGACGAGA,Memory CD4 T cell
L5_ATTCCCGGTATCAGCT,CD161+ memory T cell
E2L5_GTCCTCAAGTAAAGCT,Low-quality cell
E2L5_TTCTAACCAAAGAACT,Cytotoxic T cell
L5_TGATTTCAGTCTAACC,Cycling lymphocyte
L5_GATCACAGTATCTCGA,Memory CD4 T cell
L5_TCCTTCTTCCGTATAG,Cytotoxic T cell
L1_GGTAGAGCACACCAGC,CD34+ hematopoietic progenitor
L4_GATGATCAGCATGTTC,Memory B cell
E2L1_GATCACAAGGCTCTCG,Cytotoxic T cell
L4_ACTTCCGAGGGAGTTC,CD34+ hematopoietic progenitor
L4_TTGGATGTCGTGAGAG,Conventional dendritic cell 1
L5_CTGAGGCCATTGCCTC,Naive B cell
E2L5_CGGGTCAGTTTCTATC,Plasma cell
E2L7_CAATGACAGTGCGCTC,Memory CD4 T cell
E2L8_TTGCCTGTCTAGGAAA,Natural killer cell
E2L1_ACATCCCGTTCTCTCG,Cytotoxic T cell
E2L6_GTGAGGATCACATTGG,Cycling lymphocyte
E2L8_GTGCAGCGTAGCTTTG,Conventional dendritic cell
E2L6_CTTGAGACATCATCCC,Platelet
E2L3_GGCGTCATCCCATACC,Cytotoxic T cell
L5_CGAGTTACACCAGCCA,Naive CD4 T cell
E2L1_ACGTCCTTCTAGAACC,Memory B cell
L3_TCAGCCTGTGGATGAC,CD161+ memory T cell
L4_ACACAGTGTTCGTACA,CD161+ memory T cell
E2L8_AGCATCAAGGTCGTGA,Plasmacytoid dendritic cell
E2L3_TCACACCCAGGCTATT,Cycling lymphocyte
E2L1_AGCGTATCAATGTGGG,CD161+ memory T cell
E2L1_CCTATCGAGGTACATA,Memory CD4 T cell
E2L5_TACGCTCCATTCTCCG,Memory CD4 T cell
L4_TCACGCTAGCATTTCG,CD161+ memory T cell
L1_GCAACCGCAAGACCGA,Natural killer cell
L1_TGGTTAGTCATGGGAG,Conventional dendritic cell
E2L7_CTGCTCAAGTCAGCCC,Platelet
E2L4_TTGGGCGCAGGACAGT,Plasmacytoid dendritic cell
E2L1_GGGAGATAGTTACTCG,Memory CD4 T cell
L5_ATGTCTTCAGTCTACA,Plasmacytoid dendritic cell
L3_GGATCTATCTTCCAGC,Naive CD4 T cell
L4_GGAAGTGTCGTCGGGT,Naive CD4 T cell
L3_AATAGAGCAGCTGTCG,Memory CD4 T cell
L3_GATGATCTCCACACCT,Cytotoxic T cell
E2L7_TCACTATAGTGCGACA,Plasmacytoid dendritic cell
E2L2_CGTGAATTCGAGTGAG,CD161+ memory T cell
L1_CATTGTTGTCTTCAAG,Naive CD4 T cell
E2L8_TGACGCGCATTACGGT,Memory B cell
E2L6_TTTGGAGAGTTTGGCT,Natural killer cell
E2L4_TCACAAGTCGAATCCA,Cytotoxic T cell
L4_AGCGTATAGAACGCGT,Plasmacytoid dendritic cell
E2L5_TTGATGGCAGCAGACA,Platelet
L1_AAGTACCGTATTTCCT,Memory CD4 T cell
L1_CGGTCAGGTGCAGGAT,Cycling lymphocyte
E2L7_CATCCGTCAAAGAGTT,Platelet
E2L2_GTTACCCAGACGACTG,Naive CD4 T cell
L5_TCGAAGTCAGTGGCTC,Naive CD4 T cell
L2_TACCCGTTCAGAGTTC,GZMK+ memory T cell
L3_TATCTTGTCGATACAC,Naive CD8 T cell
L3_AGGGAGTTCGCCTATC,CD34+ hematopoietic progenitor
L5_CGGACACCATATCTGG,CD34+ hematopoietic progenitor
E2L4_TCGGTCTCATTGCAAC,Cytotoxic T cell
L5_GAGTTGTAGCGTTCAT,Plasma cell
E2L3_CACCAAACACGGGCTT,Memory CD4 T cell
L1_GACGCTGCACTCCGGA,Naive CD4 T cell
L2_TGTAAGCCATGCCGCA,CD34+ hematopoietic progenitor
E2L7_TCATGGACAGACCTGC,Platelet
L5_CGGAATTTCTGGGATT,Cytotoxic T cell
E2L7_GTGCTGGGTACAGTCT,Naive CD8 T cell
E2L3_TACAACGGTTGGGACA,Conventional dendritic cell
E2L6_AATGGAAAGGTAAGAG,Memory B cell
E2L3_GTTAGTGGTCGCCACA,Naive B cell
E2L5_AGCTTCCAGATAGTGT,Plasmacytoid dendritic cell
L2_CTGTGGGAGAGTCAAT,Naive CD8 T cell
E2L6_TCATTCAGTCTCTCAC,Cycling lymphocyte
E2L2_TGGTGATAGTTTCAGC,Naive CD8 T cell
E2L6_TGTAGACGTACAGAAT,Memory B cell
L2_CATCCGTAGAGTTGAT,Naive CD4 T cell
E2L5_AGGATCTTCTACGGTA,Gamma delta T cell
E2L6_GATGACTGTGGACTGA,Platelet
E2L8_AGGGCCTAGACCTCCG,Cycling lymphocyte
L1_ACCCTTGCAATCGCAT,Cycling lymphocyte
E2L7_ACAGAAACAAAGCACG,Cytotoxic T cell
E2L2_ACATCCCTCTTCACAT,Conventional dendritic cell 1
E2L7_GGGTAGAGTACCTGTA,Cytotoxic T cell
L1_GAGATGGTCAGATTGC,Memory CD4 T cell
E2L6_CGGAACCGTGAGGAAA,Memory B cell
L2_CCGATCTAGAAGGCTC,Memory CD4 T cell
L3_TCTTCCTCAATTCACG,Naive CD4 T cell
E2L2_AGAGAGCAGAGAAGGT,Low-quality cell
E2L8_TTGCATTAGCTAGTTC,Cytotoxic T cell
E2L1_ATCCACCGTGGTCCGT,Natural killer cell
L2_GAGTCTATCAAGGACG,Natural killer cell
L5_GAAGAATAGGGCGAAG,Classical monocyte
L2_TTTACTGTCGACCTAA,GZMK+ memory T cell
L2_TTCACCGAGTGCAAAT,Naive CD4 T cell
L5_CGAAGGAAGTAGGAAG,Gamma delta T cell
L5_AACAAAGTCTTCCGTG,Classical monocyte
L4_TAGGAGGCAAAGGAGA,Memory B cell
L3_AGCCAGCGTTCCGTTC,Cycling lymphocyte
E2L6_CAATCGATCCTTCGAC,Classical monocyte
E2L7_TAGGAGGGTCCGTACG,Memory CD4 T cell
E2L8_GTAGATCGTATATGGA,Non-classical monocyte
E2L4_TCAATTCGTCATCCGG,Natural killer cell
E2L3_ATAGAGAAGCCAAGCA,Platelet
L4_TTCGATTTCAGTGGGA,Plasmacytoid dendritic cell
E2L8_AGAAGTACACTTCCTG,Gamma delta T cell
L4_ACTGTCCTCTCATAGG,Non-classical monocyte
E2L1_TCATACTTCCAAGCAT,Cytotoxic T cell
L5_GACTTCCTCATTGCGA,Conventional dendritic cell 1
E2L4_GTCATCCAGCTCGACC,Memory CD4 T cell
E2L2_CTTCAATAGGATTCAA,Conventional dendritic cell 1
E2L7_TAATTCCCAGCTGTTA,Cytotoxic T cell
E2L3_CCGGGTAAGCCGGATA,Memory B cell
L3_GCGGAAAAGAAGATCT,Plasma cell
L5_CAGTGCGGTGTCGATT,Naive CD4 T cell
E2L5_CTCAGTCGTACAGTTC,Memory B cell
E2L6_ATCACGAGTTGCTCAA,Natural killer cell
L5_GTATTTCTCGCTAATG,Naive CD8 T cell
E2L8_CCTCAACAGTGTTGTC,Platelet
L4_ATTTCACGTCTTCCGT,Memory B cell
L1_TGAGCGCTCCTGCCAT,Cytotoxic T cell
L3_ACAAAGACAACACACT,CD34+ hematopoietic progenitor
E2L8_TGCTGAATCATCTATC,Gamma delta T cell
E2L8_GATTGGTGTAACGGTG,Naive CD8 T cell
E2L1_GTTAGACAGCGCCTCA,Conventional dendritic cell
E2L1_ATGCCTCAGGGAGTGG,Natural killer cell
E2L1_CAGCGTGGTCGAAGCA,Memory B cell
E2L4_TGCTCCAAGGCATTTC,Naive CD4 T cell
E2L1_GTATTGGAGAGCATTA,Memory CD4 T cell
L5_ATTCCCGTCCCTTCCC,Memory CD4 T cell
E2L3_GTGCTGGGTATCGAGG,Cycling lymphocyte
E2L1_CGCGTGAAGAGGATCC,Low-quality cell
L4_GTTGAACGTCCAGCGT,Memory CD4 T cell
E2L5_GAGTCTAGTGTCCATA,Non-classical monocyte
E2L2_TGTGTGAAGACTAAGT,Plasmacytoid dendritic cell
L1_TGATTTCGTTTAAGGA,Cytotoxic T cell
L1_CTCCATGGTCTTGAAC,Naive CD4 T cell
E2L6_TACCCACAGCTTTCTT,Cytotoxic T cell
L4_CTATCCGCAAGACGAC,Naive CD4 T cell
E2L3_GTAGGTTGTTTGATCG,Memory B cell
E2L8_CGAAGTTCATTGACTG,Plasmacytoid dendritic cell
L1_GAACTGTAGTATAACG,Non-classical monocyte
E2L8_TAACACGAGTGTTCAC,Memory CD4 T cell
E2L5_AACGAAACACGGAAGT,Naive CD8 T cell
L1_TGGGAAGTCCTCTAAT,CD34+ hematopoietic progenitor
E2L7_ATACTTCCACTTTAGG,Naive CD4 T cell
E2L3_TAACACGTCAGTCACA,Memory B cell
E2L2_TTTACCACATAGGTAA,Naive CD4 T cell
E2L3_GACTCAATCACTGGGC,Platelet
E2L4_GGACGTCTCTGACCCT,Plasmacytoid dendritic cell
L2_GCATCGGCAGTTTCAG,Cytotoxic T cell
L4_GGAATCTTCCTGTAAG,Naive CD4 T cell
L4_TAGACTGGTCCAGCAC,Memory B cell
E2L7_GGCGTCAGTTAGAGAT,Memory CD4 T cell
E2L8_CTTTCAAAGCCAAGCA,Cycling lymphocyte
E2L6_TTTCAGTGTCTGTGAT,Cytotoxic T cell
E2L3_GTGTGATTCGATACAC,Naive B cell
E2L6_CCAATTTAGCGCGTTC,Natural killer cell
L2_TACAGGTGTCAAATCC,Naive CD4 T cell
L3_TGAATCGGTACATTGC,Memory B cell
E2L6_CCTATCGTCCACGGAC,Cycling lymphocyte
E2L5_GTTGTAGGTGGACAGT,Memory CD4 T cell
E2L1_CTGTGAATCCCATAAG,Naive B cell
L1_CACTAAGAGCAAGTGC,Memory CD4 T cell
E2L2_TGGGATTCACGCGGTT,Conventional dendritic cell
E2L7_AGTCTCCCATGACCCG,Plasmacytoid dendritic cell
L2_GACTCTCCATAACTCG,Naive CD8 T cell
E2L8_GCATGATCATGAATAG,Non-classical monocyte
E2L4_ATGGGAGGTCGTGGTC,Classical monocyte
L1_CTAACCCTCCAAGGGA,Cycling lymphocyte
L4_CCTCCTCAGTAAACAC,Naive CD4 T cell
L4_GACTCTCCAGCTCGGT,Naive CD8 T cell
E2L1_GCCAACGTCCTACCAC,Naive CD4 T cell
E2L5_GCGGAAATCCGTGGTG,Naive B cell
E2L5_GTGTGGCAGCCTCAAT,GZMK+ memory T cell
L2_TCCACGTGTATGGAGC,Natural killer cell
E2L8_CTTGATTAGGACGCTA,Erythrocyte
L3_GCATGATAGATGACAT,Memory CD4 T cell
E2L4_TCTCAGCGTCATAAAG,Cytotoxic T cell
E2L5_ATTTCACAGGCTGTAG,Cytotoxic T cell
E2L2_GTTACAGAGTACCCTA,Conventional dendritic cell
L2_AACCATGTCGCCGAGT,Low-quality cell
E2L5_TGCATCCTCTGCTTAT,Cycling lymphocyte
L5_CCTCCTCTCACCTTGC,Erythrocyte
L3_TTCTAGTCAGGAAGTC,GZMK+ memory T cell
E2L8_CTGCTCACAGTCTGGC,Cytotoxic T cell
L2_TCAAGCACATCAGCAT,Cycling lymphocyte
L5_CATAGACAGCTACGTT,Cycling lymphocyte
L5_TTACCATTCTTTCAGT,Naive CD4 T cell
L1_TGACTCCAGGGATCTG,CD161+ memory T cell
E2L4_TGCGATATCCAATCCC,Plasmacytoid dendritic cell
E2L5_GATTCGATCGGCAGTC,Cytotoxic T cell
L2_GTTAGACGTGAGACGT,Non-classical monocyte
E2L5_GTGTTAGTCGGTCTAA,Plasma cell
E2L3_TCGTCCAAGCCTCATA,CD161+ memory T cell
E2L7_TGATGGTAGGTTCTTG,Memory B cell
E2L7_ATGGTTGGTGGGACAT,Memory CD4 T cell
E2L7_ACTCCCAGTTGCTGAT,Conventional dendritic cell 1
L3_TACAGGTAGTTGCATC,Cytotoxic T cell
E2L7_TAGGTTGGTCTGTCAA,Memory CD4 T cell
E2L2_GACCCTTAGGCACTAG,Conventional dendritic cell 1
L5_ATCTCTACAGTAACCT,Naive CD4 T cell
L4_TGTTACTGTTTAAGGA,Naive B cell
E2L6_CACATGAAGAGCTTTC,Natural killer cell
L3_TTACCATCACTACACA,Plasma cell
E2L1_GTGTGGCAGGTTACAA,GZMK+ memory T cell
E2L5_ATTGTTCCACTCTGCT,Plasmacytoid dendritic cell
L5_TTACGCCGTCGCGTTG,Naive CD4 T cell
E2L1_CATTCCGGTGACCGTC,Memory B cell
L3_TGCAGGCTCTAAGCCA,Classical monocyte
E2L5_TCAGTCCCACTTCAAG,Natural killer cell
E2L4_CGCATGGGTAGCGATG,Cytotoxic T cell
E2L5_GTGGAAGAGAAGCCAC,Cycling lymphocyte
E2L5_GGGCTCAGTATTTCGG,Erythrocyte
E2L6_GGAATGGCAGCCTACG,Memory B cell
L3_TACTTGTAGTCAGCCC,Plasma cell
E2L7_GTTTACTCAGAGAATT,Memory CD4 T cell
E2L4_GGAATCTCACGATTCA,Cycling lymphocyte
L1_TCATGTTGTCCTATAG,CD161+ memory T cell
E2L8_TGTACAGTCGGTTAGT,Memory B cell
E2L8_AGGGAGTCAGTGTGGA,Memory B cell
E2L6_CTCAGGGGTCTTACTT,Naive CD4 T cell
E2L2_CCTTCAGAGGAGTATT,Plasmacytoid dendritic cell
E2L6_TCCTTCTCAAAGTGTA,Cytotoxic T cell
L4_CATCGGGAGACTAGAT,Memory CD4 T cell
E2L6_GAACGTTTCGGACTTA,Memory B cell
E2L6_TTGTTTGAGCATCAGG,Conventional dendritic cell
E2L8_GTTTGGATCGAGAGAC,Classical monocyte
E2L5_CCTGCATTCGTCGGGT,Gamma delta T cell
E2L3_CTCCACAAGACAACTA,Cytotoxic T cell
E2L6_CCTTGTGTCTGTCTCG,Classical monocyte
L1_TTGCGTCCATGTGACT,Cytotoxic T cell
L5_GGGATGATCTTTCTAG,Memory CD4 T cell
L4_GATGATCGTGCTAGCC,Conventional dendritic cell
L3_ACGTAGTCATGCGGTC,Naive CD8 T cell
E2L4_CGAATTGCATCAGTCA,Naive CD4 T cell
L3_TCACGCTTCGCAGTCG,Plasmacytoid dendritic cell
L3_TACGCTCTCGGACGTC,Classical monocyte
E2L5_TTCGGTCGTGTGAGCA,Naive B cell
L2_GAGGGTACAGACATCT,Naive CD8 T cell
E2L5_TAACCAGCATGTGACT,Memory B cell
L5_TGCATGATCAACGAGG,Natural killer cell
E2L4_TCATACTTCTTACACT,Memory CD4 T cell
L3_CTATAGGTCGTGCTCT,Conventional dendritic cell 1
E2L8_AAGACAACAGTAGAAT,Platelet
L4_AACGAAATCACTACTT,Classical monocyte
L4_CTTCTCTCATGCACTA,Cytotoxic T cell
L4_CTATCCGCACGGCCAT,CD34+ hematopoietic progenitor
E2L3_GAGACTTAGTTGAAAC,Plasmacytoid dendritic cell
E2L2_CAGCAGCAGCCGTCGT,Cycling lymphocyte
E2L7_GAGAGGTCATCAGCAT,Naive CD4 T cell
L3_AAGATAGAGACTGAGC,Naive CD8 T cell
L1_ATTGTTCAGATAGCAT,Memory CD4 T cell
E2L5_GAATCGTTCTAGTGAC,Cytotoxic T cell
L4_AATGACCAGCCTCTGG,Gamma delta T cell
E2L6_TTCAGGACATGCCGGT,Cytotoxic T cell
L3_CGGTCAGCATAGCTGT,Plasma cell
E2L2_GTCAAACCAATTGCTG,Low-quality cell
L4_CGAATTGGTCATGCAT,Naive CD8 T cell
E2L4_CCCATTGGTTCCTAGA,Memory B cell
E2L3_TTCCACGTCGTAACAC,Conventional dendritic cell
E2L6_TTGAACGGTTTAGACC,Cytotoxic T cell
L5_TGGATCATCTCGCTCA,Naive CD4 T cell
E2L4_TAAGCGTGTCACAGTT,Cycling lymphocyte
E2L1_AAACGCTTCGCCACTT,Non-classical monocyte
L1_TGTGCGGCAGTAGTTC,Cycling lymphocyte
E2L7_ATTCAGGCACGTAGTT,Gamma delta T cell
L5_TCTATCACAGGTCCCA,Platelet
E2L5_TCCACCATCGAGATAA,Naive CD4 T cell
E2L5_GTTATGGCACGGCCAT,Plasma cell
L2_ATCGATGGTGGTGATG,Platelet
L3_CTATCCGTCCCGAGTG,Memory CD4 T cell
E2L4_TGTTCCGAGCTGGCTC,Memory B cell
L1_TGGGCTGAGGATATAC,Memory CD4 T cell
L2_TGCGATAAGCATAGGC,Non-classical monocyte
L5_CCAATGAGTCCCACGA,CD34+ hematopoietic progenitor
E2L8_GTTCGCTTCGTGCTCT,Memory CD4 T cell
L3_GATGGAGTCTCCGAAA,CD161+ memory T cell
L3_TGACGCGGTTCCGTTC,Naive CD4 T cell
E2L5_GAAGAATAGAAATTCG,Cytotoxic T cell
E2L8_CAACGGCAGAGAGAAC,Naive CD4 T cell
L3_AGTCTCCAGTGTTCAC,Naive CD4 T cell
L4_GACCAATCACATTACG,Conventional dendritic cell
E2L6_AGTGTTGTCGGCTGGT,Naive B cell
E2L2_GTTGAACAGTTTAGGA,Natural killer cell
L5_TTCACCGGTACCGTGC,Naive CD4 T cell
E2L8_TCTCACGGTACAGTAA,Memory CD4 T cell
L1_CCTCCTCGTGGTCTCG,Plasmacytoid dendritic cell
E2L6_CCTCTCCCAGGCATTT,Classical monocyte
E2L4_CACGTGGGTCTGTAGT,Memory CD4 T cell
E2L3_CTGTCGTTCGGACTTA,Memory CD4 T cell
E2L1_CGGAACCAGCGAATGC,Cycling lymphocyte
L3_CTCAAGAAGGCTAAAT,Cycling lymphocyte
E2L8_GTCACGGTCGTCCATC,Classical monocyte
L1_TTGAGTGAGGTACAGC,Naive CD8 T cell
E2L2_CTTGATTTCTATTGTC,Naive CD4 T cell
L5_TCGAAGTTCTGGTTGA,CD161+ memory T cell
E2L8_TCAATTCTCCTACCGT,Cycling lymphocyte
E2L3_TGGTTAGTCAAGAGTA,Plasma cell
E2L8_GAGCCTGTCTCCACTG,Naive CD8 T cell
E2L5_CTTGAGATCGGACCAC,Natural killer cell
E2L3_AATTTCCCACAGCGCT,Naive CD4 T cell
E2L1_TATTGCTCAATTCGTG,Memory CD4 T cell
E2L7_GCCGTGATCGGTCGGT,Natural killer cell
L4_GTAACACAGGTAGTAT,CD161+ memory T cell
L1_CATTCCGAGCAACTTC,Plasmacytoid dendritic cell
L2_TAGGTACAGAAACTGT,Naive CD8 T cell
L5_CCTGCATGTTTCGTGA,Naive CD4 T cell
E2L2_TCCGAAATCCTCTGCA,Naive B cell
E2L5_TACATTCGTGACATCT,Naive CD8 T cell
E2L8_ATTTCACAGGTCGTAG,Memory B cell
E2L5_ATGGTTGAGTGAGGTC,Conventional dendritic cell
E2L8_TCTAACTCACAGCTGC,Conventional dendritic cell
E2L3_GGGCTCACAGGCTCTG,Low-quality cell
E2L7_CAGTGCGTCGCTCATC,Memory CD4 T cell
L3_GTAGAGGCAGGACATG,CD34+ hematopoietic progenitor
L2_ATGCATGCAAGCACAG,Memory CD4 T cell
L2_ATGGGTTTCAGGCGAA,Memory B cell
E2L2_CTCCAACAGCCGATAG,GZMK+ memory T cell
L3_TTAGGGTAGATGTAGT,Non-classical monocyte
L4_TCCCATGAGTGTAGTA,Plasma cell
E2L3_TAACACGCACGACAGA,Plasmacytoid dendritic cell
L3_GGAATGGAGTTGTAAG,Conventional dendritic cell
L1_CATCCCATCCTCTAGC,Naive CD8 T cell
L1_TGTCCTGGTCGCACAC,Naive CD4 T cell
E2L5_ATTCCCGTCCGTATGA,Plasmacytoid dendritic cell
E2L5_GAACTGTTCGTACCTC,Platelet
E2L1_AACGGGAGTCATCTAG,Conventional dendritic cell
E2L6_CAGGGCTAGATTACCC,GZMK+ memory T cell
E2L3_ATACCTTTCATTGCGA,Naive B cell
E2L2_TGCAGATAGAGCAACC,Natural killer cell
L5_GGGTCACGTATGTCCA,Conventional dendritic cell
E2L8_ATTCCTATCGGAAGGT,CD161+ memory T cell
L4_GTCTCACGTGATATAG,Non-classical monocyte
E2L3_ATGGGAGTCATTCTTG,Conventional dendritic cell
E2L5_TAAGCGTAGAATGTTG,Non-classical monocyte
E2L8_TATCTGTGTAACGTTC,Cytotoxic T cell
E2L2_AGGCTGCGTTGGCTAT,Naive CD4 T cell
E2L3_CTCCTTTCACGGTAGA,Cytotoxic T cell
L1_ACGGTCGCATATCTGG,Memory B cell
L5_TTGCCTGAGGAAGAAC,Cytotoxic T cell
L4_TATCCTAGTCGTGGTC,Naive CD4 T cell
L3_CATCGGGAGTCCCTAA,Classical monocyte
E2L7_TCGAAGTGTGGTCTCG,Plasmacytoid dendritic cell
E2L1_CAGTTCCTCAACTGGT,Naive B cell
L2_CTTCTCTGTCTGTGTA,CD34+ hematopoietic progenitor
E2L6_TCACAAGAGCGGGTAT,Classical monocyte
E2L4_GACAGCCCATCACGGC,Low-quality cell
E2L7_TCGTAGACAACCAATC,Cycling lymphocyte
L4_TACAGGTGTGATTCAC,Conventional dendritic cell
L2_TGGAACTAGTGGAATT,CD34+ hematopoietic progenitor
L2_CGAAGGAGTCACCGAC,Cytotoxic T cell
E2L5_CGTAGTAGTCCCTAAA,Cycling lymphocyte
E2L2_TTCTTGAGTGTTCCTC,Memory CD4 T cell
E2L5_TTGCGTCAGGTCACTT,Platelet
E2L5_GCTGAATTCTCTCGAC,CD161+ memory T cell
E2L1_TCCGGGAAGGTTCAGG,Classical monocyte
E2L7_TTTCAGTCATGGAAGC,Conventional dendritic cell
L1_TCGAACATCCTCTAGC,Cycling lymphocyte
E2L2_GACCAATTCTGCTTTA,Cytotoxic T cell
E2L5_TGAATCGCAAGTGGCA,Memory CD4 T cell
L1_TTCTAACCAATGCAGG,Naive CD4 T cell
L4_CTCAGGGGTACCTAAC,Cytotoxic T cell
L2_CAGGGCTCATTGAGCT,Memory CD4 T cell
E2L3_TGGTGATAGGGACACT,Platelet
E2L1_CACACAAAGGGAGGGT,Cytotoxic T cell
E2L2_GAGCTGCGTGAACGGT,Natural killer cell
E2L8_GGGATCCTCACCTTAT,Classical monocyte
E2L6_TCGTCCAAGACTCTAC,Naive CD8 T cell
E2L2_ATGCATGAGACGCCCT,Memory B cell
E2L8_TGAGCATTCAGGTGTT,Memory B cell
E2L3_ACGTACAAGCGTGTCC,Naive B cell
L4_ATTACTCAGTAGAGTT,Naive CD4 T cell
L3_TTAATCCAGCACTAAA,Conventional dendritic cell
E2L6_CCTGTTGCAATTGCAC,Cycling lymphocyte
E2L7_GCCCGAAAGTTTAGGA,Gamma delta T cell
L3_AGGGTCCAGTCGCCAC,CD161+ memory T cell
E2L7_AACAAAGCACCTCAGG,Natural killer cell
E2L6_CATCCCAAGCGTCAGA,Conventional dendritic cell
E2L4_GCAGCTGCAAACTAAG,Conventional dendritic cell
L3_ATGTCCCTCGCTGTTC,Cycling lymphocyte
E2L1_GGGTTATGTTTCACAG,Memory B cell
L3_GATGACTGTCGTGGAA,Low-quality cell
E2L3_CATTGCCTCAAGAATG,Memory CD4 T cell
E2L1_GAGACTTAGAGGCTGT,Conventional dendritic cell
L3_ACAGAAAGTCCAAATC,Plasma cell
E2L5_CAGCAGCCACACTTAG,Naive CD4 T cell
L1_ACTGTCCAGTGCAGCA,Naive CD4 T cell
L3_CCTAAGAGTCTCCTGT,Naive CD4 T cell
L2_CATTGAGGTCAGGTAG,Plasma cell
L3_GGTGAAGTCTGCCTCA,Memory CD4 T cell
E2L4_CATCGGGGTTGCTGAT,Memory CD4 T cell
L5_ATGCGATTCCAGTGCG,CD34+ hematopoietic progenitor
E2L1_TGCACGGCAGTATGAA,Plasma cell
E2L2_TCCATCGAGTCTGCAT,Memory B cell
L1_AGGAGGTTCCACTGGG,Plasmacytoid dendritic cell
L3_CCACGTTTCACGTAGT,Plasma cell
L5_AGCGTATAGTAACCGG,Conventional dendritic cell 1
E2L3_TACTGCCAGTGGTCAG,Memory B cell
E2L3_TCCTAATCAGCTGTAT,Cytotoxic T cell
E2L3_GCACATATCAAGTCGT,Classical monocyte
L5_TAGGTACGTTCAGCGC,CD161+ memory T cell
E2L5_TGGTGATTCCAAGAGG,Platelet
E2L6_CCTTCAGTCACTTGGA,Memory B cell
E2L4_AAGTACCCAGGCCCTA,Plasma cell
E2L1_GGCTGTGAGTTGGACG,Platelet
L1_CCTAAGAAGTTCTCTT,Plasma cell
E2L2_CCAAGCGTCGCAGATT,Naive B cell
L4_GTCCCATCAAACTAGA,Naive B cell
L2_CAGATACAGACGGATC,Memory CD4 T cell
L5_ACTTCCGCAGATTCGT,Conventional dendritic cell
E2L1_ACCCTCACACGATTCA,Conventional dendritic cell
L4_GGGCTACAGAGGTCAC,CD161+ memory T cell
L5_TTACGCCGTGAGTAGC,Non-classical monocyte
E2L2_TAGCACAAGCTAATCC,CD161+ memory T cell
L2_AGACAGGCAAATAAGC,Classical monocyte
L3_CACTGTCTCCTGTAGA,Memory CD4 T cell
L5_GACTTCCTCTCTCAAT,GZMK+ memory T cell
L1_TTAATCCCAGGATCTT,Cytotoxic T cell
L5_CAACGGCAGCTCACTA,CD161+ memory T cell
L1_GTGGTTAAGAGCTTTC,Memory B cell
E2L3_TCAGTTTCACTCCTTG,Natural killer cell
L3_TACCTGCTCTGAGTCA,Erythrocyte
E2L2_TCAATCTCATCCTTGC,Cycling lymphocyte
E2L8_GAACTGTCAATAAGGT,Memory CD4 T cell
E2L3_CGGGTGTTCTCCGAAA,Non-classical monocyte
L1_GGTGTTAAGATAGCTA,Gamma delta T cell
E2L6_GGAATCTGTGACTGTT,Platelet
L3_TCAATCTGTCCGGTCA,Naive CD4 T cell
L4_CAAGAGGTCCGATTAG,Platelet
E2L7_TCAGTTTTCAAACCCA,Conventional dendritic cell
L1_CAATCGAGTCAAGGCA,Cytotoxic T cell
E2L7_TCCCATGTCTTTGATC,Classical monocyte
E2L8_AGCGCCAAGTCCCGGT,Low-quality cell
L3_ATCATTCGTTGACGGA,Plasma cell
L1_GTCTGTCCAGTACTAC,Naive CD4 T cell
E2L5_CGAAGGAGTGCATTAC,Cytotoxic T cell
E2L2_CCCTCTCGTACAAGCG,Memory CD4 T cell
L5_GAAGCGACAGGTTCAT,CD34+ hematopoietic progenitor
E2L2_GGCTGTGAGACTCTAC,Memory CD4 T cell
L5_TGAGCATTCATTCGGA,Plasma cell
L4_TCCACCAGTACAGCGA,Cytotoxic T cell
E2L8_CCACGTTCAGTAGTTC,Cytotoxic T cell
E2L5_TGGAGGACAATACCTG,Classical monocyte
E2L4_CGTCCATTCATTTCCA,Conventional dendritic cell 1
E2L8_TTGCATTGTACGGCAA,Naive CD8 T cell
E2L8_GGCAGTCAGAATCGAT,Cycling lymphocyte
E2L4_ACTGCAAAGCCTTGAT,Conventional dendritic cell 1
L1_ATCGTCCTCCGCTGTT,Naive CD4 T cell
L2_TCTATCATCGTCAACA,Naive CD8 T cell
L1_GAATCGTTCGGAGATG,Erythrocyte
E2L8_TCGCAGGTCGACACCG,Conventional dendritic cell
L4_GAATCGTAGCCGGAAT,Naive B cell
L2_CGCAGGTTCATTCCTA,Cytotoxic T cell
L5_CACAGGCCAGTTTCAG,Memory CD4 T cell
E2L2_GTAGTACCAGGTCCGT,Naive CD4 T cell
E2L5_GGATCTATCACGGGAA,Naive CD4 T cell
L3_GGCGTCAAGTGCACCC,CD161+ memory T cell
E2L4_GTTTGGAGTGCCGTAC,Cycling lymphocyte
E2L8_AGAAGTAGTAGCTTGT,Memory B cell
L2_ATTTCTGCAACTGCTA,Conventional dendritic cell 1
E2L5_AGAACCTTCGCTCCTA,Plasma cell
E2L7_GTAACACAGAGTTGCG,Plasma cell
L2_GCTACAAGTCTGATAC,Non-classical monocyte
E2L3_CTTCCTTGTTTGTGGT,Cytotoxic T cell
E2L7_ATTACTCGTTGACGGA,Classical monocyte
E2L8_TCATGTTCATCGTTCC,Naive B cell
L2_GAATCGTCAGTTGGTT,Cycling lymphocyte
L2_CTACAGACACACTGGC,Cytotoxic T cell
L2_ACTGTGAGTGATACTC,GZMK+ memory T cell
L3_CTTCGGTGTAGGTCAG,Naive CD4 T cell
L4_TACTGCCTCGAGGCAA,Gamma delta T cell
L3_TCGACCTAGGGTATAT,Cycling lymphocyte
E2L7_CGGGTCACAGGCACAA,Naive B cell
L5_TCACGCTAGGCCTTGC,Naive CD4 T cell
L2_TGTAGACTCGGCAGTC,Natural killer cell
E2L7_ACACAGTTCTAAGCGT,Naive CD8 T cell
L5_TACCGAATCATGCATG,Natural killer cell
L1_AGGAGGTTCGCTGCGA,Naive CD8 T cell
E2L4_GACCTTCTCCGCTAGG,Memory B cell
E2L8_CTCAACCAGTAGGTTA,Cytotoxic T cell
E2L3_GTGCTGGAGGTGAGCT,Conventional dendritic cell
E2L6_ACTGTGATCCACGGAC,Conventional dendritic cell 1
E2L8_AGGGTTTCAAATGATG,Classical monocyte
L5_TACACCCAGACTTCGT,Naive CD8 T cell
L1_GGGCTCAGTCTGTAGT,CD34+ hematopoietic progenitor
L3_GTGGCGTCAATCTCGA,CD161+ memory T cell
L4_TGGAACTAGTTGGCGA,Naive CD4 T cell
L2_AGAGAGCAGGTAGTCG,CD161+ memory T cell
E2L8_TGGGTTAAGATAACAC,Low-quality cell
L3_TTTCCTCGTCCAAAGG,Naive CD4 T cell
E2L3_CCCTGATAGTGTCATC,Non-classical monocyte
E2L1_GAAGGACGTGTCACAT,Naive B cell
E2L2_GAGAGGTGTCGTCATA,Naive CD8 T cell
L3_GTCTTTACAAATGGTA,Memory CD4 T cell
E2L2_TTGAACGTCAGCAGAG,Plasmacytoid dendritic cell
L1_CAGATCATCGCTTTAT,Classical monocyte
E2L3_CTCCTTTAGGCCCACT,Natural killer cell
L5_GACACGCGTTGCTTGA,Naive CD4 T cell
E2L8_GACGTTACAAATCCCA,Low-quality cell
E2L7_ATGCGATGTAGTAAGT,Natural killer cell
E2L3_GCCTGTTCAAGACGGT,Memory B cell
E2L4_CCTGTTGAGCTCGTGC,Cycling lymphocyte
L1_ATCACAGCACGTCGGT,Naive CD8 T cell
E2L3_CCTCCTCTCAAACGAA,Naive CD4 T cell
L5_AGTTCGAAGCCATTGT,Erythrocyte
E2L3_TGATTCTCAGGTCAGA,Cycling lymphocyte
E2L2_CACGTGGAGTCACGCC,CD34+ hematopoietic progenitor
L3_TCATTACCAGAAGTTA,Conventional dendritic cell
E2L6_ATCACTTTCCGTGGCA,Plasma cell
L3_TTACGCCTCACGGGAA,Non-classical monocyte
E2L7_AGCTCAATCGCCTATC,Conventional dendritic cell
L2_GTGCACGCATGTAACC,Naive B cell
E2L6_TCGTGCTTCGCAGATT,CD161+ memory T cell
L5_CTGATCCGTGCAACGA,Non-classical monocyte
L5_TGATGCAAGCCGGATA,CD161+ memory T cell
L4_GTTACAGCATTGCTGA,Memory B cell
E2L6_GTGTTAGAGTGCAAAT,Naive B cell
E2L2_GTCAAACAGTTACGAA,Classical monocyte
L3_TGGAGAGCATGAAGCG,Naive CD4 T cell
L2_CGAAGTTTCACCTGGG,Cytotoxic T cell
E2L7_ACCTGTCAGCATCGAG,Natural killer cell
L1_TCCCACATCACGACTA,Platelet
E2L3_AAACGCTTCACCCTGT,Cytotoxic T cell
E2L7_CAGTGCGGTGGAATGC,Cytotoxic T cell
L5_GCTGCAGTCATTGCCC,Naive CD4 T cell
E2L2_GTAGGAGAGGAGGGTG,Memory B cell
E2L5_GCACTAAGTGACTATC,Non-classical monocyte
E2L1_ATTCAGGGTTGCGGCT,Cytotoxic T cell
L3_TTCGATTCACGTACTA,CD34+ hematopoietic progenitor
E2L7_CGGGTCACAGTTCACA,Cytotoxic T cell
L2_GGTTCTCGTTTACCTT,Memory CD4 T cell
L1_TGGTGATGTTCTTGTT,Naive B cell
E2L5_TCCACGTTCCGACATA,Memory B cell
E2L3_CATCCCAAGGTAGGCT,Plasmacytoid dendritic cell
L5_TCTTAGTGTATGGTAA,Natural killer cell
L4_ATCCATTGTAGCCAGA,GZMK+ memory T cell
E2L3_AGAGAATCATGGGTCC,Naive B cell
L5_GTTCGCTGTTACGGAG,Conventional dendritic cell 1
E2L2_TGTCAGAAGTTACTCG,Memory B cell
L1_GCAGTTATCTCTCTAA,Memory B cell
L1_AGCTACAGTATTCTCT,Gamma delta T cell
L5_CGAGGAACAGCTAACT,Naive B cell
E2L5_TCTCACGAGAGTCGAC,Naive CD4 T cell
E2L1_TCCTCGAAGAAGCGGG,Cytotoxic T cell
E2L6_CAATGACAGCCTCCAG,Memory CD4 T cell
L4_TTTGATCAGCGACATG,Cycling lymphocyte
L4_ATGTCTTCATCGAGCC,Naive B cell
E2L6_TGACAGTCAACAGCCC,Cytotoxic T cell
E2L8_ACTTTCAGTCTTCGAA,Non-classical monocyte
E2L4_ACTCTCGAGGTTGAGC,Cycling lymphocyte
L2_CGGAATTCACTGGCCA,CD161+ memory T cell
L5_ACACAGTTCATGCCAA,Non-classical monocyte
E2L7_TTCCAATTCGGTAACT,Cytotoxic T cell
L3_AAAGGATAGCGCCTAC,Naive B cell
E2L2_TTGGGCGTCCCGATCT,Cytotoxic T cell
L1_AGTACTGTCGAGAGAC,Natural killer cell
E2L5_ACAGGGACAGTCAACT,Conventional dendritic cell
L5_TAAGTCGCAACACAGG,Memory CD4 T cell
E2L2_ACATGCAAGATCCTAC,Natural killer cell
L4_CATTCATAGGATGTTA,Memory CD4 T cell
E2L4_TTCCGTGAGATAGGGA,Naive CD4 T cell
E2L5_CTTGAGACAGGCAATG,Cytotoxic T cell
E2L5_ACACGCGCAGAAGCTG,Memory B cell
E2L3_ATGATCGCAGCTATTG,Non-classical monocyte
E2L5_GACTGATGTGACAGCA,Cycling lymphocyte
E2L2_CGGAATTCACGATTCA,Conventional dendritic cell 1
E2L7_GATGCTAAGAGTGGCT,Conventional dendritic cell 1
L2_GATGGAGGTCGCACAC,Low-quality cell
E2L3_ATGATCGTCTCTTAAC,Natural killer cell
L3_TGAGTCATCTATTCGT,Naive CD8 T cell
L5_CATGGATCACTAGGTT,CD161+ memory T cell
L5_TGGAACTCATCCTAAG,Cycling lymphocyte
E2L8_CTTCAATTCTGCGGCA,Memory CD4 T cell
L5_TGATGGTTCGAGATGG,Naive CD4 T cell
L4_TCTTAGTCATGGAACG,Naive CD4 T cell
L4_GGGAGATTCTTCGATT,Classical monocyte
E2L7_GATCCCTTCTTCCACG,Low-quality cell
E2L1_AACCTGAAGAGTGACC,Memory CD4 T cell
E2L3_TTCGCTGGTCCTATAG,Memory B cell
E2L2_GAATCACAGACTAGAT,Naive CD8 T cell
L5_TTCTAGTCATTGCTGA,Memory CD4 T cell
E2L8_TGCCGAGCATTGACAC,Platelet
L3_CTTACCGCAGCTACTA,Naive CD4 T cell
E2L1_CAGGCCACAGACCAGA,Cytotoxic T cell
E2L3_GCTTCACAGACCTCAT,Memory B cell
E2L6_TCCATCGAGTCGGCAA,Naive CD4 T cell
L4_TCGGGACAGAAGTCTA,Plasma cell
L1_CATGCTCAGCAGGCAT,CD34+ hematopoietic progenitor
L1_TCATTGTAGGGATCAC,Conventional dendritic cell 1
E2L6_TTGCATTCAATGCAGG,Non-classical monocyte
E2L4_GTTAGTGCATGAGGGT,Memory B cell
E2L8_TGATCAGTCGGTATGT,Plasmacytoid dendritic cell
E2L5_GTAACCACAAGAAATC,Naive CD4 T cell
E2L4_CGGAACCAGACATATG,Naive CD8 T cell
L1_CAACGATAGAAGCGGG,Natural killer cell
E2L7_GTGGGAAGTTCGAAGG,Natural killer cell
L1_TACTTGTAGTTTGGCT,Naive CD8 T cell
L2_TTGACCCCAACGTTAC,CD161+ memory T cell
L1_TTAGGCACAGTCGAGA,Cytotoxic T cell
L4_CCTTGTGTCTGCTTAT,CD161+ memory T cell
L4_CACAGGCCATGGCCAC,Memory CD4 T cell
L3_TCTATACTCCCGATCT,Naive B cell
E2L4_ATTTCACTCTATCGTT,Gamma delta T cell
L1_AGCCAGCAGAGAGTTT,Natural killer cell
L2_CGAGTTAAGCGAGGAG,Plasma cell
E2L2_GTGCACGAGATTGATG,Conventional dendritic cell
E2L6_TTTGATCCAAGAGTTA,Cytotoxic T cell
L1_CAAGGGATCTTTGATC,Memory B cell
L4_AAGATAGTCAAGCTTG,Conventional dendritic cell 1
L1_TTTGTTGTCAGGAAAT,Plasma cell
E2L2_ATGGATCGTCAGTCTA,Plasmacytoid dendritic cell
E2L1_CAGTTAGTCCTCTTTC,Conventional dendritic cell
E2L8_AATCGTGGTCTTTATC,Cytotoxic T cell
L4_GAATCGTCAGTTGCGC,Memory CD4 T cell
E2L3_CCTAACCCAGAGCCCT,Memory B cell
E2L2_CGATCGGAGAATTTGG,Cytotoxic T cell
L3_GAATAGAAGTAGTCAA,CD34+ hematopoietic progenitor
E2L1_TTCTCTCTCTCACGAA,Plasmacytoid dendritic cell
L4_CTCATGCGTCGATTAC,Memory CD4 T cell
E2L1_CATCGCTGTGTATCCA,Conventional dendritic cell 1
L4_TTTCCTCCACAGTACT,Natural killer cell
L5_CTCCTTTAGGAGAATG,CD161+ memory T cell
L4_GGACGTCAGTAGCAAT,Cycling lymphocyte
E2L8_TTGACCCAGGCAGCTA,Natural killer cell
L2_ATGTCTTGTCAGGAGT,Naive CD8 T cell
E2L8_GGTGAAGAGACCAGAC,Classical monocyte
E2L7_GGGACAATCATTCTTG,Memory CD4 T cell
L2_TCGAAGTTCGACACCG,CD34+ hematopoietic progenitor
L3_ACCCAAAGTCGCGTCA,Naive CD4 T cell
E2L5_CAACCAATCACAGTGT,Plasma cell
E2L4_GTGATGTCACTTCATT,Memory CD4 T cell
L3_TCACGGGGTGACATCT,CD34+ hematopoietic progenitor
E2L6_TAGATCGGTTCAAGTC,Conventional dendritic cell
E2L7_ACATCGATCATAGAGA,Cytotoxic T cell
L3_GGCAGTCGTTGGGACA,Naive B cell
L3_TGTTGGAAGGCAGTCA,Natural killer cell
E2L5_CCACAAAGTAATGCTC,Plasma cell
L5_GCACATATCGGAACTT,CD34+ hematopoietic progenitor
E2L5_ATGAAAGTCGACGAGA,Classical monocyte
E2L3_TAGTGCAAGAGTGGCT,Natural killer cell
E2L3_TCCTGCAAGACGCCCT,Cytotoxic T cell
E2L3_AGGTAGGAGGAGAATG,Cycling lymphocyte
E2L2_TGAGCGCTCGATTGGT,Natural killer cell
L4_ATAGACCGTCAAGTTC,Cycling lymphocyte
E2L4_GTTGCGGTCACCCTTG,Cytotoxic T cell
L1_TCCCATGCACCGGTCA,Classical monocyte
E2L3_CTGAGGCGTCGTCAGC,Conventional dendritic cell
E2L4_AGTAGTCGTGCAACAG,Conventional dendritic cell 1
E2L7_ACCAAACAGTGCACAG,Cycling lymphocyte
L4_CCATAAGCAATCAGCT,Cytotoxic T cell
L5_TGTCCTGAGACAACAT,Cytotoxic T cell
E2L3_TACGGTAAGCGTTACT,Plasma cell
E2L2_TGTACAGAGCGACTAG,Conventional dendritic cell
L4_TCCTCTTCATTGGATC,Naive CD8 T cell
L3_CTCAGTCTCAGTGTGT,Memory CD4 T cell
E2L2_TTTGTTGCATGAAGCG,Memory CD4 T cell
L5_TTCTGTAAGTGCGTCC,Naive CD4 T cell
E2L6_AATTCCTTCAGCTGTA,Cycling lymphocyte
E2L5_GGACGTCCAGAGAAAG,Naive B cell
L5_TCTCAGCGTGAGCAGT,Classical monocyte
L1_TGCGATAGTATCGCGC,Naive B cell
E2L6_TGGGCTGTCTATTTCG,Memory CD4 T cell
E2L8_GATAGAAGTGCGGCTT,Naive CD8 T cell
E2L5_CATCGCTCACACGCCA,Memory B cell
L4_AGCGTCGCATCAGCGC,Memory CD4 T cell
E2L2_TGTCCACTCGGCTTCT,Plasma cell
L3_CGAGTGCTCTATCACT,CD161+ memory T cell
E2L5_CTCAACCCATAGGCGA,Cytotoxic T cell
E2L6_TACTTGTTCGTCCATC,Cytotoxic T cell
E2L1_ATTGTTCCATATACCG,Cytotoxic T cell
L2_TTTGGAGTCTTCCCGA,Naive CD8 T cell
E2L6_GGGCTCAAGGTTTACC,Naive CD8 T cell
E2L7_TCCGGGATCAAGCTTG,Memory B cell
E2L8_CATACAGTCCCGGTAG,Naive CD8 T cell
E2L7_GGGACTCCAACGCCCA,Conventional dendritic cell
E2L6_TGCAGTAAGTTGTCAC,Cytotoxic T cell
E2L2_CCCTGATTCGTGGCTG,CD34+ hematopoietic progenitor
L5_TTTACTGGTACACGTT,Classical monocyte
E2L2_ACTACGAGTTTGGGAG,Classical monocyte
L5_ATCACTTGTCGTTGCG,Naive CD8 T cell
E2L8_AAGACTCAGCCTTCTC,Classical monocyte
L2_CTCCTCCTCATTTGGG,Classical monocyte
E2L8_AACAAAGGTACAAGTA,Cytotoxic T cell
L4_CATACAGAGATAACAC,Cycling lymphocyte
L2_CTAACCCAGACTCATC,Naive CD4 T cell
E2L3_TACGGGCCATCCTATT,Platelet
E2L8_GAAGTAAAGGGATCAC,Memory CD4 T cell
L4_ATCGGATCAATGCAGG,Plasma cell
E2L6_GCGTGCAGTGCTAGCC,Naive B cell
L3_GCATCTCTCAAATGAG,Cytotoxic T cell
E2L6_GAAGCCCCACAATGCT,Cytotoxic T cell
E2L3_ACCCTCAGTCAAGCCC,Conventional dendritic cell
E2L2_CGCGTGAAGCTTGTGT,Memory CD4 T cell
E2L8_ATACCTTTCCTGTAAG,Gamma delta T cell
L5_GGAGGATGTTCAGGTT,Plasmacytoid dendritic cell
E2L5_CTCAGAATCCCTTGTG,Memory CD4 T cell
E2L3_TTCAATCAGGCACGAT,Platelet
L2_CATTCCGTCTATGTGG,CD34+ hematopoietic progenitor
E2L1_CGGTCAGCACCGGCTA,Conventional dendritic cell
L1_TATATCCCACCGAATT,Naive CD4 T cell
L4_TGTTCATTCATAGCAC,Memory CD4 T cell
E2L6_AGTAACCAGCGGGTTA,Plasma cell
E2L8_GTGAGGAAGCCGTTAT,Memory CD4 T cell
L1_GCAACATAGGTGCTAG,Naive CD4 T cell
E2L8_TTCGATTTCGAAGCCC,Natural killer cell
E2L8_GTTGCGGCAATTCACG,Naive B cell
L2_CTTCCGAGTGTTAGCT,GZMK+ memory T cell
E2L7_TTACAGGTCGGACGTC,Conventional dendritic cell 1
L1_CACAACACATCAACCA,Conventional dendritic cell
E2L8_ACCTGTCCATGGATCT,Memory B cell
E2L8_GTGGAAGTCCATGATG,Conventional dendritic cell
L1_CCAATGATCGATTGGT,Naive CD8 T cell
E2L4_CCTTGTGGTAACTAAG,Naive CD4 T cell
L4_TGTCCACTCAGGAACG,Cytotoxic T cell
L3_GTTACCCGTTTCGACA,Conventional dendritic cell
E2L5_AGGGCCTGTGACACGA,Memory B cell
L4_AATCGTGCACACTGGC,Plasmacytoid dendritic cell
E2L4_GGAATGGAGACCTCAT,Cytotoxic T cell
E2L2_GTAGGAGCAACTCCAA,Natural killer cell
E2L7_ACTGTGACACAGCTGC,Naive CD4 T cell
L3_CTTGATTCATTCAGCA,Conventional dendritic cell
E2L1_TGTGTGAAGGGTCAAC,Memory B cell
E2L5_CGACAGCGTAAGGCTG,Cycling lymphocyte
L3_AGGGTGACACGACAGA,Plasmacytoid dendritic cell
E2L2_CTTCCGAGTCGACTTA,Naive B cell
L4_CGATGGCAGGCGCTTC,CD34+ hematopoietic progenitor
L3_CGATGGCCAGAACTTC,CD34+ hematopoietic progenitor
L2_CGATGGCTCGCACTCT,Naive CD4 T cell
E2L5_TGCGGGTCAAGACGAC,Memory CD4 T cell
E2L8_CTGCAGGTCACTCGAA,Platelet
E2L5_GAAGGACGTGCGGCTT,Low-quality cell
L4_GTAATCGAGCTAGAAT,Naive B cell
E2L8_TCATCATAGTGGAATT,Non-classical monocyte
L3_TCATCATGTAGTAAGT,Naive CD8 T cell
E2L4_GCAGGCTGTCCTACGG,Plasma cell
E2L1_GAGGCAAAGATGAAGG,Natural killer cell
E2L1_CCGTTCAAGTGTAGTA,Naive B cell
E2L6_GGGAGTACACCATAAC,Memory B cell
L5_GTAGGAGGTAGAGACC,Memory CD4 T cell
E2L2_CCCTGATTCAATGCAC,Cycling lymphocyte
E2L1_TGGTGATCAGACCTAT,Cytotoxic T cell
L2_CTGTATTGTTGCTTGA,Naive CD4 T cell
E2L1_TGATCAGCATGTTTGG,Conventional dendritic cell 1
E2L8_ATTTACCAGATAGCAT,Memory CD4 T cell
E2L1_ATTGTTCGTAGATGTA,CD161+ memory T cell
L3_CTGGACGGTACAGGTG,Plasmacytoid dendritic cell
E2L6_TTTGACTGTTTCGGCG,Cytotoxic T cell
E2L4_CGATGGCAGAGATGCC,Cytotoxic T cell
E2L7_TCCTTCTCAACCCTCT,Non-classical monocyte
E2L2_TTCGATTTCTCAGTCC,Plasmacytoid dendritic cell
L2_GTGGTTAGTTCGGTAT,Memory CD4 T cell
L3_CAGTTCCAGTAAGACT,Cytotoxic T cell
E2L3_TTCCTTCGTGCGGCTT,Memory B cell
L2_TGTCAGAGTCCTCAGG,Naive CD8 T cell
E2L6_ACCATTTGTGGTACAG,Memory CD4 T cell
E2L4_GTAGAAACATGATGCT,CD161+ memory T cell
E2L6_ACTTATCCAGTCCGTG,Classical monocyte
L4_GCCATTCAGTACCGGA,Naive CD4 T cell
E2L4_AGAACAAAGGTCGTCC,Naive CD4 T cell
E2L7_ACTTCGCAGGCGAACT,Cycling lymphocyte
E2L3_TACTTCATCCACACAA,Plasmacytoid dendritic cell
L5_GGCGTCACATAGGTAA,Naive CD4 T cell
L4_CGAGAAGGTCCGAAAG,Naive CD4 T cell
L5_ACCCTTGGTGGCAACA,Memory CD4 T cell
E2L4_GTAACCAAGGCGATAC,Naive CD4 T cell
L5_GAAGGACGTCATGACT,CD161+ memory T cell
L2_GAGGGATGTGAGTGAC,Naive CD4 T cell
E2L1_AAGGTAAAGTACGTCT,Cytotoxic T cell
E2L7_CACTGGGTCATTTACC,Memory B cell
L3_GTTACCCTCCTAGCTC,Gamma delta T cell
E2L4_GACCGTGAGGATGGCT,Non-classical monocyte
E2L6_ATTCATCCAATAGTGA,Cytotoxic T cell
E2L5_TTACGTTTCCCGTGTT,Plasma cell
L3_ACGGTCGAGGCCCAAA,Plasmacytoid dendritic cell
L1_GATTGGTTCTCTGCTG,GZMK+ memory T cell
E2L2_GAGGGATTCGGCTGGT,Memory CD4 T cell
L3_GGGCTACAGGTGCTTT,Natural killer cell
E2L6_GTACAGTAGTAAACGT,Memory CD4 T cell
L2_CCCATTGCAGCGTACC,Cytotoxic T cell
L1_ATTTCACGTGAACTAA,Conventional dendritic cell 1
L5_GACGCTGTCGACGCTG,Cytotoxic T cell
E2L3_CTGCCTACATTGACTG,CD161+ memory T cell
L4_TGAGGGAGTCGGAACA,Platelet
E2L8_TTGATGGCAGATTTCG,Memory B cell
E2L1_CCGGTGAGTAAGATAC,Memory B cell
E2L8_AGTGACTCAACGTTAC,Conventional dendritic cell 1
L1_AGGGCCTCACAACATC,Naive CD4 T cell
L2_TCTTTGACATCCGAAT,Naive CD4 T cell
E2L7_CTCAGTCGTGCGAACA,Plasmacytoid dendritic cell
E2L5_CATTGTTTCTCTCTTC,Natural killer cell
E2L3_TTAGTCTTCTCGGTAA,Non-classical monocyte
E2L5_CATTGTTAGTGTTCAC,Plasmacytoid dendritic cell
E2L4_CAAGCTACAATCCTAG,Cytotoxic T cell
L3_TTAATCCGTTGTATGC,Cytotoxic T cell
L1_TTCTAGTTCCGATGCG,Cytotoxic T cell
L3_TTCTGTAGTCCTGTCT,Plasmacytoid dendritic cell
L2_TGTCCACGTGAGAACC,CD161+ memory T cell
E2L5_GAGACCCAGTCACGAG,Memory CD4 T cell
E2L2_AGACAAAGTGACATCT,Naive B cell
E2L5_AGGGTCCAGGGTACAC,Memory CD4 T cell
E2L4_AAAGGGCTCTGGACCG,CD161+ memory T cell
E2L8_ACTTCCGGTTAAACCC,Conventional dendritic cell
E2L5_ATAGAGATCAGTGCGC,Plasmacytoid dendritic cell
E2L4_ACATCCCGTACTCAAC,Platelet
L1_ACTATTCAGAGGCGGA,Memory B cell
L1_TCGTGCTGTCTTTCTA,Naive CD4 T cell
E2L1_CAGTTAGCAACATACC,Cycling lymphocyte
E2L7_CTGTCGTCATGGAGAC,Conventional dendritic cell
E2L3_TTTCATGAGAGGCTGT,Low-quality cell
E2L3_TCTCTGGTCGCTGCGA,Classical monocyte
E2L6_TCGGGCAGTGGCATCC,Naive CD4 T cell
L1_CTCCCAAAGAGTCGAC,Gamma delta T cell
L1_CTTCTAAGTATCGATC,Natural killer cell
E2L1_AGAGAGCAGCGGATCA,Cytotoxic T cell
E2L2_TGAGTCAGTCCTTAAG,Gamma delta T cell
L5_GACCAATCACGTATAC,GZMK+ memory T cell
E2L5_GTAGTACCAGGCACAA,Low-quality cell
L5_ATGCGATAGGAACTCG,Naive CD8 T cell
L2_AACCTTTAGAATAACC,Cycling lymphocyte
L5_TGAGTCAAGTTTCGAC,Naive CD4 T cell
E2L1_TGGAACTTCGGACAAG,Cytotoxic T cell
E2L3_CGTTCTGGTTACACTG,Naive CD8 T cell
L1_TATTGGGGTTCCTAGA,Conventional dendritic cell
L3_TGCAGATTCGAAATCC,Memory B cell
L5_AGACAAAGTGATTAGA,Cycling lymphocyte
L3_TCGGGCAGTGCCTATA,Memory CD4 T cell
L1_CAATCGACAGGTTCCG,Non-classical monocyte
L3_CCTCTCCAGGTTGCCC,Low-quality cell
L4_TGCTCGTGTACAGTAA,Memory CD4 T cell
E2L8_TTGATGGTCACACGAT,Conventional dendritic cell
E2L3_CGTAAGTGTAAGACCG,Cytotoxic T cell
E2L6_CACCAAACACAGTGTT,Cytotoxic T cell
E2L2_GTGTAACCACTCAAGT,Non-classical monocyte
E2L4_ATGCCTCTCGGCAGTC,Memory CD4 T cell
L1_AGACCCGGTCTGATCA,Cytotoxic T cell
L5_TCAGTTTCACGGCGTT,Naive CD4 T cell
L4_GGTGTCGCAGCTACCG,Naive CD8 T cell
E2L2_ACACTGAAGACTCCGC,Non-classical monocyte
L5_CGGGTCATCCTTGAAG,Cycling lymphocyte
E2L8_CTCACTGAGGTAACTA,Natural killer cell
E2L7_GAGGGTACACGTCATA,Memory B cell
L1_ACATTTCTCACGGGAA,Non-classical monocyte
E2L8_GAGTGTTGTTAAGGAT,Memory CD4 T cell
L3_AGTCACAAGTAATCCC,Naive CD4 T cell
E2L7_GCCAGTGTCCTGCTAC,Low-quality cell
E2L5_CTAAGTGCAAGACGGT,Classical monocyte
E2L2_AGTACCATCTGGGCAC,Natural killer cell
E2L5_GTGTCCTTCACTTTGT,Cytotoxic T cell
L2_CTCAGTCCATCCGGCA,Naive CD8 T cell
L5_TTTACTGGTCGTGCCA,Classical monocyte
E2L4_AGCTCAAAGATGTAGT,Conventional dendritic cell
L5_TTCCTCTAGGTCATTC,CD161+ memory T cell
E2L3_CGGAGAAAGCCGATCC,Naive CD4 T cell
L5_TGCTCGTTCGAGCCAC,Gamma delta T cell
E2L4_AGCCAATCAGAGAGGG,Naive CD8 T cell
E2L3_AGGTTACTCTATACTC,Plasmacytoid dendritic cell
L1_TATATCCGTAGCGTTT,Naive CD4 T cell
E2L8_GCCAGCATCCGATAGT,Memory B cell
E2L7_ATCGCCTCAACGACAG,Low-quality cell
E2L7_ATTATCCGTCTCTCAC,Memory CD4 T cell
L1_AAGCGAGAGAAATTCG,Naive CD4 T cell
L5_GGCTTGGTCGAGCCTG,Cytotoxic T cell
L5_TCGAAGTAGACCATAA,Naive CD4 T cell
E2L8_ACGTCCTAGGTGAGAA,Cytotoxic T cell
E2L7_TCTTAGTTCGCATTGA,Conventional dendritic cell 1
E2L8_TTCTGTATCACTGGGC,Classical monocyte
L1_ATTTACCAGGCCTGAA,Memory CD4 T cell
E2L1_CCGGTAGAGACATAAC,Memory B cell
L3_ACTTATCTCACGGACC,Naive CD8 T cell
E2L3_AGTTCCCTCGACCATA,Naive CD4 T cell
L3_GTAACCACAAAGACTA,Cytotoxic T cell
L1_TCAGTTTAGCCTTGAT,Naive CD8 T cell
E2L1_CGAGGCTCAAGGTCGA,Naive CD8 T cell
L3_CCCGAAGCACGACGTC,Memory CD4 T cell
E2L6_GTCATGAGTTGCACGC,Cytotoxic T cell
E2L4_AACCATGTCTGCGATA,Natural killer cell
L5_TACCGAAAGCCACTCG,CD34+ hematopoietic progenitor
L4_CTCCTTTTCAAATAGG,Naive CD4 T cell
E2L4_GTGGTTACAGGGTTGA,Plasma cell
L2_AGGAATATCTCTGAGA,Memory CD4 T cell
L3_TCATGGAGTCACAGTT,Naive CD8 T cell
L3_TATTTCGGTCAACCTA,Gamma delta T cell
E2L5_TATCTTGTCCATTGTT,Memory B cell
L2_AGTAACCTCTCTTCAA,Conventional dendritic cell
E2L6_TCGTCCAGTCAAATCC,Cytotoxic T cell
E2L1_GCCATGGGTCCTACGG,Cycling lymphocyte
L2_CTAACCCCACAGTGAG,Cytotoxic T cell
E2L4_GGTGGCTTCTCTAGGA,GZMK+ memory T cell
E2L2_ATTCTACCACCTGCAG,Conventional dendritic cell
E2L7_AGACCATTCGTAGTCA,Cycling lymphocyte
E2L2_TTATTGCAGCCAAGGT,Naive CD4 T cell
E2L8_ACCCAAACAGGTGGAT,Memory B cell
E2L2_AGATCGTTCGTGTGAT,Cycling lymphocyte
E2L5_AAGGTAATCGACATAC,Conventional dendritic cell
L1_GAACTGTAGCAGGCAT,Plasma cell
L1_ATGGATCCAGTTAGAA,Cytotoxic T cell
L3_GCGAGAAAGATCCAAA,Memory CD4 T cell
L1_GATCACAAGCATTGTC,CD161+ memory T cell
L5_CCGTTCATCAACCTCC,Conventional dendritic cell
E2L4_GATGACTGTCAATGGG,Non-classical monocyte
L2_CGAATTGTCGTCACCT,Platelet
L5_GTCAGCGGTCACAATC,GZMK+ memory T cell
E2L2_GACACGCTCCGCATAA,Cycling lymphocyte
L2_TTACCGCCATGGAATA,Cycling lymphocyte
E2L7_ACTTAGGTCCGTCCTA,Natural killer cell
L1_TTAGTCTCACGCCAGT,Gamma delta T cell
E2L8_TCGGATAGTAGCGTCC,Naive CD8 T cell
E2L2_CACTAAGAGTTCAACC,Gamma delta T cell
E2L7_GTTACAGGTGATCGTT,Cytotoxic T cell
E2L1_TTACCATTCGGACTGC,Classical monocyte
E2L6_CTAACCCTCACTTTGT,Memory CD4 T cell
E2L6_TAACGACAGAGAAGGT,Naive CD4 T cell
L2_AATGGAATCCCAGTGG,CD161+ memory T cell
L4_TCACTATGTGTGTCGC,Naive CD4 T cell
L5_GTAGCTAAGCACACAG,Plasmacytoid dendritic cell
E2L6_GAAGCCCTCCAAACCA,Classical monocyte
E2L2_ACGTAGTTCCATCTCG,Naive B cell
E2L7_TGTCAGATCGCCGAGT,Naive CD4 T cell
E2L2_CCTGCATCAAATTAGG,Naive CD4 T cell
L1_TGACAGTTCTACTTCA,Cycling lymphocyte
L5_GTTGTAGAGTCATGGG,Naive B cell
L4_CCCATTGTCAGCTGTA,CD34+ hematopoietic progenitor
E2L7_ACATTTCGTTGCTCCT,Conventional dendritic cell
L1_ACTCTCGCAGGTTCAT,Naive CD8 T cell
L5_CTGAGGCAGCTGTTCA,Naive CD8 T cell
L1_TTGTGTTCAATTGGTC,Cytotoxic T cell
L5_AGTCTCCCATCCTTCG,Naive CD4 T cell
E2L2_ACAGAAAGTCGATTTG,Plasmacytoid dendritic cell
E2L5_TGACAGTCATGTGCCG,Cytotoxic T cell
L5_GCACGTGAGTCGCCAC,Natural killer cell
L5_TGAATCGAGCTCCGAC,Memory B cell
E2L7_GACAGCCTCGCCACTT,Memory B cell
E2L8_GTTTGGACATGTTCAG,Plasma cell
L3_CCTACGTCAGTCTACA,Naive CD4 T cell
L3_TTGCATTCATTGTCGA,Memory CD4 T cell
E2L4_TCATGTTTCAAGGTGG,Memory B cell
E2L5_CATCCACCACGCCACA,Low-quality cell
E2L2_TTCGCTGAGGTCGTCC,Memory B cell
E2L7_GAATAGACATGCAGGA,Naive B cell
L4_CCCATTGTCGAGAACG,GZMK+ memory T cell
E2L6_CCGTGAGGTAGACACG,Memory B cell
L4_TCCCACAAGCACACCC,Memory B cell
L2_TCACGGGCAAGCTGTT,Cytotoxic T cell
L1_CCCTGATTCGACCACG,Naive CD4 T cell
E2L7_TGAATCGGTGGTGATG,Conventional dendritic cell
E2L6_ATTTACCCAACTGAAA,Memory CD4 T cell
L2_CTCTCGAAGCAAATCA,Cycling lymphocyte
E2L8_AGATGAAAGTGGCGAT,Cytotoxic T cell
E2L5_GTGGTTAAGCGACATG,Plasmacytoid dendritic cell
E2L5_CTCCAACGTCCACACG,Naive CD8 T cell
L3_GTGTAACGTGCTCTTC,Naive CD8 T cell
L2_GGTTGTATCAGAACCT,Cycling lymphocyte
L1_GCCGTGACAATACCTG,CD34+ hematopoietic progenitor
E2L1_CGGACACTCTTGGCTC,Plasmacytoid dendritic cell
E2L6_ATTACTCTCCCGGTAG,Natural killer cell
E2L3_ATGACCAAGGATTTCC,Naive CD8 T cell
E2L2_CGGAGAACACGGATCC,Natural killer cell
E2L1_TTTGATCCAAAGACTA,Non-classical monocyte
L5_GCTTGGGGTGCATGAG,Cycling lymphocyte
E2L4_CAGTGCGCATGTCAGT,Naive B cell
E2L3_ATCCCTGTCGTTGCCT,Plasma cell
E2L2_GAGTTACCATAACCCA,Conventional dendritic cell
L2_TGTGCGGGTACAAGTA,Erythrocyte
E2L5_TTGGTTTTCCATTGGA,Memory B cell
E2L3_ATCACGATCCCAACTC,Conventional dendritic cell 1
L2_TGCTCCATCGACGCTG,Memory CD4 T cell
E2L8_ATGGAGGAGTCTAGAA,Non-classical monocyte
E2L8_TCATGTTTCTTGAGCA,Naive CD8 T cell
E2L2_TCAGGTAGTTGCTCCT,Cycling lymphocyte
L4_CCTCATGAGGGTACGT,Cycling lymphocyte
L5_ACCACAATCCCTTCCC,CD34+ hematopoietic progenitor
E2L7_CATAGACCAATGTTGC,Natural killer cell
L2_ATCGTGAAGTATAGAC,Naive CD4 T cell
L5_TACAGGTCACTGGCGT,Plasma cell
L4_CACTAAGTCTACCCAC,Memory B cell
L5_AAGATAGCATAGATCC,CD34+ hematopoietic progenitor
L4_CTGGCAGCACAGTCCG,Memory CD4 T cell
L3_GTATTGGGTGATAGAT,Naive CD4 T cell
E2L4_AGGTAGGAGGAAGTCC,Naive CD4 T cell
L1_TCGTAGATCGGCTTCT,Low-quality cell
L4_ACGATCACAAGTCATC,Conventional dendritic cell
E2L5_TCTTAGTGTCGTATGT,Plasma cell
E2L1_TATTGGGGTATGGAAT,Memory B cell
E2L2_GACTGATGTACGTGAG,Plasmacytoid dendritic cell
L5_CAGATTGAGGTCCTGC,Natural killer cell
L5_TGGGCTGCAGAGCCCT,Naive CD4 T cell
E2L2_TAGACCAGTTAAGTCC,Conventional dendritic cell
L2_TCTATACAGTTGTCAC,CD161+ memory T cell
E2L1_ACGGAAGAGTAGTGCG,Naive B cell
E2L7_ATCCGTCGTTCGAGCC,Cytotoxic T cell
L3_TGTTCATGTGTTTACG,Naive CD8 T cell
L5_ATTTCTGCACAAACGG,Memory B cell
E2L2_CTGTAGAGTCCAGCGT,Natural killer cell
E2L3_TTTCAGTGTGTCCACG,Cycling lymphocyte
E2L7_ACGCACGTCGATACAC,Gamma delta T cell
L1_CGTAGTATCCAGCACG,Plasma cell
E2L7_ACCTACCCACCAGCTG,Naive B cell
E2L8_AAGATAGCAAGAAACT,Non-classical monocyte
E2L7_CATTGCCTCGCAGAGA,Memory B cell
E2L7_TCTTCCTAGACGCCAA,Plasmacytoid dendritic cell
E2L2_ACTCTCGAGCTAGCCC,Low-quality cell
E2L2_TCCTCGACATTCATCT,Cycling lymphocyte
E2L1_ATCGATGTCAGAACCT,Naive B cell
L5_TGAGGAGGTACTCCGG,CD34+ hematopoietic progenitor
L2_CTAGGTAGTATCAGCT,CD34+ hematopoietic progenitor
L2_CCTAAGAGTTGTTGCA,Plasmacytoid dendritic cell
E2L6_AATGGAACAAGCGAGT,Conventional dendritic cell
L4_CTAACTTGTTGTGGAG,Erythrocyte
E2L8_GTTGCTCAGCTGTGCC,GZMK+ memory T cell
E2L1_AGTAACCTCTCGAACA,Natural killer cell
E2L8_ATGAGTCGTAACATAG,Natural killer cell
L1_CTGTAGAAGACCGCCT,Conventional dendritic cell 1
E2L4_AAGGAATTCTGGGCCA,Conventional dendritic cell
L4_AGTAACCGTGGCTAGA,Memory CD4 T cell
L3_AAGCGTTTCGGTCTGG,Classical monocyte
E2L6_CGGTCAGTCACAACCA,Cytotoxic T cell
L4_AACACACGTGCGCTCA,CD34+ hematopoietic progenitor
L2_AGGAAATCACTGCATA,Naive CD4 T cell
E2L3_CCCGAAGGTAAGGCTG,Cycling lymphocyte
L1_ACCCTCAAGATGAATC,CD34+ hematopoietic progenitor
E2L7_TGTTGGAAGTAACCTC,Naive B cell
E2L4_GCAGCTGGTGGAACAC,Memory B cell
L5_GTTGTCCTCGTAGCTA,Naive CD4 T cell
E2L7_TGTTCTATCAGGTAAA,Naive CD8 T cell
L2_ACGTTCCTCTAGTGTG,Naive CD4 T cell
E2L8_GAAACCTCATCGTCCT,Plasmacytoid dendritic cell
E2L8_AGAACAATCTATCGCC,Non-classical monocyte
E2L2_CAACGGCCAATTCTTC,Memory B cell
E2L1_GCCAGGTGTACAGTCT,Memory B cell
L5_CCCGGAAGTCGCAGTC,Naive CD8 T cell
E2L6_AAACGCTCAAGTTTGC,Classical monocyte
E2L5_TAGACTGTCCAGCAAT,Conventional dendritic cell
E2L6_TATACCTAGTGTGTTC,Cytotoxic T cell
L5_ATCAGGTTCATAGGCT,Cytotoxic T cell
E2L7_AACCCAAGTTAACCTG,Naive CD4 T cell
E2L6_CAGAGCCAGAGCATAT,Memory B cell
E2L4_TTTCATGCAAGGAGTC,Non-classical monocyte
E2L8_ACTGTCCTCATCGACA,Naive B cell
L2_AACCTTTTCCCATACC,Naive CD8 T cell
L3_GAGTTGTTCGGCTTGG,Cytotoxic T cell
E2L7_CTCCCTCCATGGTACT,Conventional dendritic cell
E2L2_CCATAAGCATCAGCAT,Non-classical monocyte
L3_GGTGATTCAGTAACGG,Naive CD4 T cell
E2L7_GCAGCCAAGACCTCCG,CD161+ memory T cell
E2L4_TAGGGTTCACGTAGTT,Naive B cell
E2L7_GTACAGTTCCGTTGGG,Gamma delta T cell
E2L6_GAAGGGTAGGATGCGT,Classical monocyte
L1_GCCAACGCAAGACCTT,Classical monocyte
L1_TGTTGAGGTGTAAATG,Naive CD4 T cell
L4_CCTTGTGCAGCAGAAC,Cycling lymphocyte
L1_AGTGACTCACCTGCAG,Natural killer cell
E2L2_AAGACAAAGGTTACCT,Classical monocyte
E2L4_TACTTCACATCCCGTT,Memory B cell
L3_AGGGTCCAGGGCTAAC,Memory CD4 T cell
E2L2_AGGTCATCATCCTCAC,CD161+ memory T cell
E2L2_AGGGAGTTCCATTGTT,Platelet
L1_TGGAACTGTGTTCATG,Cytotoxic T cell
E2L4_ATTCTACTCTTACACT,Memory B cell
E2L7_CCCGAAGAGGGCCAAT,Cycling lymphocyte
L2_GGGTCTGAGGGAACAA,Naive CD8 T cell
L1_TGTTACTGTATGCGGA,Platelet
E2L8_TTCACCGGTCGCACAC,Cytotoxic T cell
L4_CGTAATGCATAACGGG,Memory CD4 T cell
L2_CTGCAGGGTTTATGCG,Naive CD4 T cell
E2L4_GTTCTATTCGCATGAT,Memory B cell
E2L5_CTGAATGGTGTACAGG,Cytotoxic T cell
E2L5_ATTGGGTGTCGAACAG,Memory CD4 T cell
E2L7_CCTAAGACATTGAAGA,Conventional dendritic cell
E2L4_GGGTCTGTCGTACACA,Naive CD4 T cell
E2L6_AGAACCTCATACCACA,Conventional dendritic cell
E2L4_ATCGGATCAAGCACAG,Naive B cell
E2L4_CGAGGAATCACGAACT,Cycling lymphocyte
E2L5_GTTATGGGTGACTGTT,Naive CD4 T cell
E2L6_GATCCCTGTGCAATAA,Gamma delta T cell
E2L8_ATGGAGGTCAAGGCTT,Cycling lymphocyte
L5_TCTACCGGTTCTGACA,CD161+ memory T cell
E2L2_TCAGCCTCATTGCCGG,Memory CD4 T cell
E2L5_GAAGTAAGTGCCGGTT,Conventional dendritic cell
L2_AACAAAGCAATAACCC,Platelet
L3_CAACGGCGTGCACAAG,Naive CD8 T cell
L2_CTTCCTTAGTAGTCAA,Naive CD4 T cell
L5_TCCTCTTGTCGGCCTA,CD161+ memory T cell
E2L7_GGAGCAACACACGTGC,Low-quality cell
E2L6_GTGGAGACAGAACTAA,Platelet
E2L4_TTTCCTCCATTAAAGG,Conventional dendritic cell
L3_ACAAGCTCATAGGTTC,Memory CD4 T cell
E2L7_ACATCCCGTATTTCCT,Memory B cell
E2L1_TTCTAACGTGTACATC,Natural killer cell
L5_GACATCAAGCTCTATG,Naive CD4 T cell
L3_ATCGTCCCATCAGCAT,Non-classical monocyte
E2L1_TCGGATAAGACATCAA,Classical monocyte
L2_TTAATCCGTAGTTACC,Naive CD4 T cell
E2L6_GAAGAATCAGGGAGAG,Natural killer cell
L2_AGAACCTTCCCTTTGG,Plasma cell
E2L5_TTAATCCCACTACACA,Naive CD4 T cell
E2L5_CTCCCTCAGCCATATC,Cycling lymphocyte
E2L4_CACTGAACATGCCGCA,Classical monocyte
L4_ACTTCCGAGTACTGTC,Naive CD4 T cell
L1_CCCTGATTCGTGACTA,Naive CD4 T cell
L2_GTAAGTCGTAGCACGA,Plasma cell
E2L4_GTCGAATCAAAGGGTC,Cytotoxic T cell
E2L2_TATCCTACATTCTTCA,Non-classical monocyte
L3_GTCATCCGTGCACATT,Plasma cell
E2L5_TTTCATGAGAATAACC,CD161+ memory T cell
L3_ATGACCAAGTACTGGG,Naive CD4 T cell
L1_GTATTTCTCGTCTCAC,Memory B cell
E2L2_GAATCGTAGAATGTTG,Naive CD4 T cell
L1_CACGTGGGTGTTACTG,Naive CD4 T cell
E2L5_CACGTTCTCCCATTCG,Memory CD4 T cell
L1_CGAGAAGAGCCAAGTG,Naive CD4 T cell
E2L5_GTACAACAGGTTATAG,Cycling lymphocyte
E2L1_GGTTAACTCCATCAGA,Natural killer cell
E2L3_TCATGAGTCTAGACCA,Natural killer cell
L5_GCGGAAAAGAGCCCAA,Cytotoxic T cell
E2L6_GTGGCGTAGGGATGTC,Cycling lymphocyte
E2L4_TCACGGGAGTGACCTT,Classical monocyte
L3_AGAAATGTCTACTGCC,CD161+ memory T cell
L2_CACATGATCGGTTCAA,CD34+ hematopoietic progenitor
E2L1_ACTTATCGTTCCGCAG,Platelet
L5_AGTGATCTCCACTGGG,Plasma cell
L5_TGCGACGCATGTGCTA,Low-quality cell
L4_GATAGAACAAGCAGGT,Natural killer cell
E2L6_TATATCCTCCCGAGGT,Natural killer cell
L4_ATCGATGCATCGGTTA,Cytotoxic T cell
L2_GACACGCCAAATCAAG,Naive CD4 T cell
L5_TAGCACAGTATGGAAT,Naive CD4 T cell
L1_ATCATTCAGAATCGAT,Naive CD4 T cell
E2L1_ACAACCACACGCGCTA,Cytotoxic T cell
E2L6_ATGACCAGTGAATGTA,Plasma cell
L4_TTGTGGAGTTCGCGTG,CD34+ hematopoietic progenitor
L1_TACGGGCCAAGGACAC,Naive CD8 T cell
E2L2_TTCAATCAGAACTGAT,Gamma delta T cell
E2L3_TCAGTTTAGCTTTCTT,Memory CD4 T cell
E2L7_AATCGTGGTAGGTACG,Memory CD4 T cell
L3_CTTCGGTCAGACTGCC,Cycling lymphocyte
L3_CTGGTCTAGACATCAA,Naive CD8 T cell
L3_GTCACGGAGAGAGAAC,Naive CD8 T cell
L1_TGCACGGAGTATGCAA,Plasma cell
L4_TCAGCCTCAGGATTCT,Classical monocyte
L3_GAAGAATTCTCAGGCG,Memory CD4 T cell
E2L6_CAGCGTGTCCATTTGT,Conventional dendritic cell 1
E2L2_TGACGCGAGCCTTTCC,Natural killer cell
E2L3_ATCGGCGCAGACCTGC,CD161+ memory T cell
E2L7_TTAGGCATCGTACACA,Memory CD4 T cell
L5_AGGCCACAGAGCCCAA,Conventional dendritic cell 1
L5_CTAACTTGTACAGTAA,GZMK+ memory T cell
E2L4_GGAACCCCAGAGAATT,Memory B cell
L5_CTACAGATCCGTTGAA,Natural killer cell
E2L1_TATCTTGCATCGGAAG,Classical monocyte
L1_GATTCTTAGGCTCTAT,CD161+ memory T cell
L4_TCATTGTGTGAGACGT,Platelet
L2_ATTCACTCAACCGACC,CD34+ hematopoietic progenitor
E2L2_AGAGCAGTCTGCACCT,Gamma delta T cell
L2_TGTTACTAGGGACACT,Plasma cell
L4_CATTTCAGTTTCACTT,Memory CD4 T cell
L5_CTGTACCGTTACCCAA,Naive CD4 T cell
L1_ATGAAAGGTGTGCTTA,Conventional dendritic cell
L3_ACCACAACAACTCGTA,CD161+ memory T cell
E2L2_TTACGTTAGCACCGAA,Platelet
L3_ATCCACCCAGTAGGAC,Naive B cell
E2L5_AAGTACCAGATAACAC,Naive CD8 T cell
L1_TTTGACTAGTGTAGAT,Cytotoxic T cell
L4_AGCGATTAGACGTCCC,Memory CD4 T cell
L3_TCCACGTAGGAGAGTA,Cytotoxic T cell
E2L1_AAGCCATCAGTTGTTG,Naive CD4 T cell
L5_CACTAAGCACAAACGG,Classical monocyte
L4_GTCTAGAGTATAATGG,Naive CD4 T cell
L1_CTTGATTTCGGTGTAT,Cycling lymphocyte
L4_AACAAGATCCATCGTC,Cycling lymphocyte
L5_AAATGGAAGCGAGTCA,Conventional dendritic cell
E2L7_AGATCCATCTATTTCG,Memory B cell
E2L2_ATCGGATGTTGGGACA,Plasmacytoid dendritic cell
L1_GGTAATCTCGTAGGGA,Plasma cell
E2L8_GAAGCGAGTCGAGATG,Natural killer cell
E2L6_TAGACCATCCTGTAGA,Cycling lymphocyte
E2L6_TCCCAGTCAGTGCCTG,Plasmacytoid dendritic cell
E2L2_AGTCAACGTATCGTAC,CD161+ memory T cell
E2L1_CTATAGGAGGGCATGT,Naive CD8 T cell
E2L4_AGAGAATAGACCATTC,Memory B cell
L5_CTGCTCACACTCCGGA,Naive CD4 T cell
L5_ATTCCTACACGCCACA,Cytotoxic T cell
E2L1_GCCAGCATCGAAGCAG,Memory CD4 T cell
L4_GAGTCATAGAGGGTCT,Non-classical monocyte
L4_TCCATGCGTACTGAGG,CD161+ memory T cell
E2L7_TAATTCCGTAACAGGC,Cytotoxic T cell
E2L3_AAGACAACACGACGAA,Conventional dendritic cell 1
E2L7_ACACTGATCCCTCGTA,Naive CD4 T cell
L1_TACGCTCAGTCGCTAT,Naive CD4 T cell
E2L5_AAGCATCGTAGTTACC,Memory B cell
L1_CACAACAAGACAACTA,CD161+ memory T cell
L4_TATGTTCGTTTAGAGA,Non-classical monocyte
L5_CTGATCCGTCCAGAAG,CD34+ hematopoietic progenitor
E2L3_CAGGCCAAGTCTGCAT,Cytotoxic T cell
E2L7_ACCACAACAACTTCTT,Memory CD4 T cell
E2L6_GATCAGTTCATGCCAA,Platelet
L3_GTTGCGGAGACCGCCT,GZMK+ memory T cell
L4_TCGTGCTGTAGAATAC,Cycling lymphocyte
L3_TAGAGTCTCTATTTCG,Classical monocyte
L1_CTACTATGTTCCACGG,Conventional dendritic cell 1
E2L4_TAATCTCAGACGCCAA,Cycling lymphocyte
L5_TTACTGTTCGCCTTGT,Memory B cell
E2L2_TATTTCGAGTTGTCAC,Erythrocyte
E2L4_CCTTCAGCATCTTAGG,Cycling lymphocyte
E2L7_GTTGCGGAGCCTCGTG,Memory B cell
L1_CTCTGGTCAGTAACCT,Naive CD4 T cell
L2_TCTTCCTAGCAGGTCA,Naive CD4 T cell
E2L4_AGTGCCGCACACTTAG,Memory CD4 T cell
E2L3_ACACAGTTCGGAGCAA,CD161+ memory T cell
E2L6_CCGTTCATCGTTACCC,Memory CD4 T cell
E2L6_AAGCATCCAGAACGCA,Memory CD4 T cell
L1_CTACCTGGTCTGATCA,Memory CD4 T cell
L5_CGTGCTTAGACAGCGT,Classical monocyte
L2_TCTACCGGTTACACTG,Memory B cell
L3_CACACAACATACAGCT,Natural killer cell
L4_AGGTGTTGTAGCGCTC,CD34+ hematopoietic progenitor
E2L6_GGCAGTCAGCGATGAC,Naive CD4 T cell
L2_CGTTGGGCACATGGTT,Gamma delta T cell
E2L5_CTCTCAGCAAGCCTGC,Memory B cell
L4_CTATAGGTCGTCTACC,Naive CD4 T cell
L2_TAGGTTGCACATGGTT,CD161+ memory T cell
L5_TATCAGGGTGACGTCC,CD161+ memory T cell
L1_TTGTTCAGTAGATCGG,Naive CD4 T cell
L3_TCTACCGCATGCCGGT,Naive CD4 T cell
L3_TGATTTCCATTCTGTT,Memory B cell
E2L3_CTGTAGACATGATGCT,Conventional dendritic cell
E2L6_GAGATGGCAGTCACGC,Conventional dendritic cell
L2_ATCACGACACTGATTG,Plasma cell
E2L3_GACCCAGAGCCGGAAT,Cytotoxic T cell
E2L4_ATCCACCGTGCTTCAA,Conventional dendritic cell
L2_GCAGCTGTCTCCCAAC,Naive CD8 T cell
L1_CGAAGTTGTCGTGCCA,Naive CD8 T cell
L4_AATCGTGCAGTCAGTT,Memory CD4 T cell
E2L7_TCAGTGAGTACGATGG,Cytotoxic T cell
E2L5_TCTCCGATCCGTACGG,Cytotoxic T cell
L2_TATTGCTGTTAAACCC,Erythrocyte
E2L2_CGGAATTGTTCGGACC,Memory CD4 T cell
E2L5_AGGATAACATGACGGA,Natural killer cell
L5_TCTGCCACAGGTGTTT,Cycling lymphocyte
E2L2_TCAGCAAAGAACAAGG,Conventional dendritic cell
E2L1_TCCTAATGTATCGTAC,Cycling lymphocyte
L2_TCACAAGTCCTCATAT,Erythrocyte
L2_TTACCATCATCGTGGC,Non-classical monocyte
E2L2_TCAGGTAGTAGTCTTG,Non-classical monocyte
E2L2_GGAACCCCATTCTGTT,Cycling lymphocyte
L4_ACGTTCCTCAACGAGG,Cycling lymphocyte
L4_TCGTGGGCAGCTGAAG,Natural killer cell
E2L8_CTCAGTCCAGACGATG,Plasma cell
L1_GGTAATCTCTCGAGTA,Natural killer cell
E2L1_TGGGCTGAGCCAAGGT,Cytotoxic T cell
L4_ATCTCTAAGTACTGGG,Memory CD4 T cell
E2L6_ACCTACCAGCGCCTCA,Naive CD4 T cell
E2L8_TGGGATTTCGCTCTAC,Natural killer cell
E2L5_TGTGCGGTCCATTTAC,Plasmacytoid dendritic cell
L5_CATGCCTGTAACAGTA,Naive CD8 T cell
L1_AATTTCCAGAGGCTGT,CD34+ hematopoietic progenitor
E2L1_GGCGTCATCCTAGAGT,Naive CD4 T cell
E2L8_GTACAGTAGCCTGAAG,Cytotoxic T cell
E2L1_ACTATCTTCATTGGTG,Conventional dendritic cell
E2L7_GAGGCAACAACGTATC,Plasma cell
L2_AGGCTGCAGAATAGTC,Cytotoxic T cell
L5_CTCCTTTGTCAGTTTG,Cycling lymphocyte
L4_GGGTGAATCACAACCA,Memory CD4 T cell
L1_TCTTAGTAGCCTTCTC,Memory CD4 T cell
E2L7_GGGCCATCAAGTAGTA,Plasmacytoid dendritic cell
L4_CAACGATAGGTGCCAA,Non-classical monocyte
E2L5_TGGGAGAAGACTCGAG,Naive CD8 T cell
E2L5_CTCTCAGAGTGTACCT,Classical monocyte
L1_AATTCCTCACTCAGAT,CD34+ hematopoietic progenitor
E2L5_TACGTCCTCTAATTCC,Platelet
L5_GTTACGAAGGACTTCT,Natural killer cell
L3_ATGAGTCCAAATACGA,Naive B cell
E2L6_CATGCTCGTATCACCA,Memory B cell
L5_CTAGGTAAGCGAGTAC,Naive CD8 T cell
L4_GCTACCTAGCGGGTTA,Naive CD4 T cell
E2L7_TAGACCACAGGAATCG,Classical monocyte
E2L3_GTTGCTCGTCTCGCGA,Natural killer cell
E2L3_CCTATCGCATTGCTGA,Naive CD4 T cell
E2L5_ATCGGATCACAACATC,Plasma cell
E2L3_TCGATTTCACAGCCAC,Naive CD4 T cell
L3_CATGCTCTCAGGAACG,Naive CD8 T cell
E2L6_AGGCCACGTGGCTTAT,Natural killer cell
E2L4_ATCGTCCAGCAAGCCA,Memory B cell
E2L7_TGCAGTATCGTCTACC,Cycling lymphocyte
E2L5_GTCTGTCTCACCCTTG,Natural killer cell
E2L6_AGTGTTGCAACCGGAA,Memory CD4 T cell
E2L1_GCGGAAAGTGACATCT,CD161+ memory T cell
L5_CTCACTGTCGTGTGGC,Conventional dendritic cell 1
L2_TCGGGACTCGGCTATA,CD34+ hematopoietic progenitor
L1_GCTTGGGCATGACTCA,CD161+ memory T cell
E2L3_GACTCTCCATACTTTC,Classical monocyte
E2L8_CACATGAAGTGGATAT,Cytotoxic T cell
E2L1_CGGACACAGCGTGCTC,Memory CD4 T cell
E2L8_GAGGCAACAGGCAATG,Cycling lymphocyte
L3_TACGTCCGTATCCTTT,Non-classical monocyte
L1_CGATCGGGTGATACCT,GZMK+ memory T cell
L2_TGTAGACCACCTGCGA,GZMK+ memory T cell
E2L1_ATGGTTGCAGCAAGAC,Conventional dendritic cell
L2_TTGGTTTAGCGTGTTT,Conventional dendritic cell
E2L4_GGTGTTAGTGCATACT,Cytotoxic T cell
E2L5_CATCAAGTCTGGGCAC,Cytotoxic T cell
L3_CATTGCCGTATGTCCA,Erythrocyte
E2L2_CGTTCTGAGATTACCC,Cytotoxic T cell
L1_TGTTCCGGTAGTCTTG,Conventional dendritic cell
E2L3_ATCACTTGTTGTACGT,Natural killer cell
E2L3_CTATCTACAGCGTGCT,Natural killer cell
E2L1_CGTTAGACACACGTGC,Gamma delta T cell
L3_CTGGTCTAGGTTATAG,Naive CD4 T cell
E2L2_CATGCCTGTGTTTGCA,Conventional dendritic cell
L3_AGCTTCCTCGCTTGAA,CD161+ memory T cell
L3_CTTCGGTTCTGAGTCA,Plasma cell
L4_CTGTAGATCAACTCTT,Naive CD4 T cell
E2L7_TCGCTTGAGGACAACC,Platelet
L4_TCAAGCATCTCACCCA,Natural killer cell
L4_TCCGGGACACATATCG,Cycling lymphocyte
L5_CAAGACTGTCAGTCGC,Memory CD4 T cell
E2L2_TCACTCGTCATTATCC,Cytotoxic T cell
E2L4_TAGCACAAGACGCATG,Naive B cell
E2L4_TTCGGTCAGCACCAGA,Non-classical monocyte
E2L4_TTTAGTCTCCTTCTTC,Naive CD4 T cell
E2L5_GAGGGTATCGTAACCA,Naive B cell
E2L1_TAAGCGTAGCACCGAA,Low-quality cell
E2L6_GCCCGAAAGGTTACCT,Conventional dendritic cell
L2_AGCTCAAAGTCCCGAC,Low-quality cell
L2_CTACTATCAAGACCGA,Conventional dendritic cell
E2L2_TCGAACATCTTAAGGC,CD161+ memory T cell
L1_CCTAACCGTCCGGTCA,Classical monocyte
L4_ACAACCATCAAAGACA,Memory CD4 T cell
L3_CCCTAACAGCGTGCCT,Natural killer cell
E2L7_TGCGACGCACAGTCCG,Memory B cell
L1_GGCACGTAGAACAGGA,Conventional dendritic cell
E2L5_AGCTCAAAGCTATCTG,Plasmacytoid dendritic cell
E2L3_AGCGATTGTGATCATC,Naive B cell
L2_TTAGGGTAGAGAGCGG,Erythrocyte
L1_GCAGGCTCACAAATCC,Conventional dendritic cell
E2L7_TTTACGTAGACAACAT,Memory CD4 T cell
L3_CCTATCGAGCTCTTCC,Memory B cell
E2L3_GTTACGAAGCGGTAGT,Non-classical monocyte
E2L8_GATGTTGAGACGGATC,Gamma delta T cell
E2L8_ACTGTGAGTACTGACT,Cytotoxic T cell
E2L3_TACCCGTTCATACAGC,Low-quality cell
L4_CCACACTAGTGATGGC,Platelet
E2L3_GCATCGGCAGGGCTTC,Naive CD4 T cell
E2L2_TTTGATCGTTAACAGA,Non-classical monocyte
L3_CATAGACAGCAGTACG,Conventional dendritic cell
E2L6_CGTCAAACATAGGTTC,Naive CD4 T cell
E2L4_TCCATGCAGCTAGATA,Classical monocyte
E2L7_CATCCCATCCATACTT,Memory CD4 T cell
E2L8_TTGTTTGAGTACAACA,Naive B cell
E2L4_GGGTGAAGTACAAGTA,Memory CD4 T cell
L4_AACAACCTCCTGTTAT,Non-classical monocyte
L2_GTGTTCCTCGTTATCT,CD161+ memory T cell
E2L4_AACGGGAGTCTTACTT,Memory B cell
E2L6_GCCGATGAGATGGGCT,Memory B cell
L4_ATGAGGGAGTATAGAC,CD161+ memory T cell
L1_TATCTGTGTGACTGTT,Naive CD4 T cell
E2L2_CGGAGAAGTCATCAGT,Gamma delta T cell
E2L4_CCCAACTTCTGTTGGA,Non-classical monocyte
L4_TCATGGAGTCCGCAGT,Plasma cell
L5_CACGGGTAGTCCCTAA,Plasmacytoid dendritic cell
E2L1_CGCATAAAGTAGACCG,Cytotoxic T cell
L2_ACAGGGAGTATTGGCT,Memory CD4 T cell
L3_AGTAGTCTCGATGGAG,Naive CD8 T cell
E2L5_AGTGATCTCAAACGTC,Plasma cell
E2L8_TTCAGGAAGGCCCACT,Naive CD4 T cell
E2L8_GAACACTTCTAGCCTC,Conventional dendritic cell 1
L4_CTCAACCGTACAGAAT,Memory CD4 T cell
E2L5_ACCCAAAGTTAGCGGA,Conventional dendritic cell
E2L3_GCTGCAGAGCCTGAGA,Cytotoxic T cell
E2L8_GTGTTAGTCCCTCGAT,Memory B cell
L3_TGCATGAGTGGATCGA,Non-classical monocyte
E2L2_GCCATGGGTCCCAAAT,Natural killer cell
L3_TTGTTTGTCTCTCGCA,Memory CD4 T cell
L1_TGGTTAGGTACGTAGG,Naive CD8 T cell
L3_TCGAAGTTCTGTCTCG,Cytotoxic T cell
E2L2_CCACCATAGTACGAGC,Cytotoxic T cell
L5_ATTCACTTCCTACGGG,CD34+ hematopoietic progenitor
E2L1_GTCAGCGAGCACTAAA,Naive CD4 T cell
E2L5_ACAGAAAGTAACAGTA,Natural killer cell
E2L6_GACCCAGTCATTTGCT,Conventional dendritic cell
E2L5_TTCGATTGTCTGATAC,CD34+ hematopoietic progenitor
E2L1_GTCAAACCAGATTTCG,Gamma delta T cell
E2L4_TGAGCATTCTTTGCTA,Naive CD8 T cell
L3_GGTAATCGTTATAGAG,Naive CD4 T cell
L1_TGTTCATTCACACCCT,Naive CD4 T cell
E2L4_TTAGTCTGTTCACCGG,Conventional dendritic cell
E2L6_ACAGCCGAGTCACTCA,Platelet
L2_CGTGTCTAGAAATGGG,Classical monocyte
L2_GAAATGACAGGTTCGC,CD161+ memory T cell
L2_TTGCCTGTCGCACGGT,Memory CD4 T cell
E2L5_TACTTCAGTTAGGCTT,Naive CD8 T cell
L5_CAACCTCCACCTGTCT,Conventional dendritic cell
L1_TGCGGGTCATCCAATG,CD161+ memory T cell
L4_AAAGGTAAGGAACGCT,Cycling lymphocyte
L3_AGGAAATTCTACGCGG,Natural killer cell
E2L5_TGAGTCATCCCGAGAC,Platelet
E2L8_GTAATGCTCGCCAATA,Conventional dendritic cell
L4_AGAGCCCAGTGTCATC,Memory CD4 T cell
E2L2_TGCTCGTAGATGAACT,Low-quality cell
E2L8_CCTTGTGTCACTCACC,Conventional dendritic cell
L2_CACGTGGGTCCTCATC,Memory B cell
L2_CTGGCAGGTGCATCTA,Cycling lymphocyte
L3_TTACGTTGTTGTGGCC,Naive CD4 T cell
L5_GGTAACTTCGCAATTG,GZMK+ memory T cell
L3_ATCCGTCCAAAGGCAC,Plasma cell
E2L6_GATGGAGAGACGATAT,Conventional dendritic cell 1
L1_GACTCTCAGACTCCGC,Naive B cell
E2L8_GTAACCATCTGAATCG,Naive B cell
L5_AGGAAATAGACCACGA,Naive CD8 T cell
L2_ATAGGCTCAAGTATAG,CD34+ hematopoietic progenitor
L4_TTGTTGTCACAGACGA,Natural killer cell
E2L1_TTGACCCCAGGAATCG,Naive CD4 T cell
E2L6_AGGCTGCTCATCTATC,Memory B cell
L1_TGTGGCGTCGAAGCCC,Naive CD4 T cell
E2L3_AGATCCATCCCGAGGT,Gamma delta T cell
L4_GTGCAGCAGCGCCTTG,Cytotoxic T cell
E2L6_ACCGTTCTCCTAGCGG,Cytotoxic T cell
L3_GTGCTGGGTAATCAGA,Cytotoxic T cell
E2L1_GCCAGCAAGAGGCCAT,Memory CD4 T cell
L2_AAAGGGCAGCAATAGT,Naive CD4 T cell
L5_GTTTGGAAGGTCGACA,Cytotoxic T cell
L1_TTGACCCAGATGGTAT,Conventional dendritic cell
L5_CTGTATTGTTTCTTAC,CD161+ memory T cell
L1_ATTTCTGGTAGCGTAG,Naive CD8 T cell
L4_ACTTCCGAGCCTAGGA,Cycling lymphocyte
E2L7_TCCTTCTCACAGTATC,Plasmacytoid dendritic cell
E2L2_CTGTAGATCTTGAACG,Naive B cell
E2L1_ATCACTTGTATCTTCT,Low-quality cell
E2L2_GGCACGTCAGAGAATT,Memory B cell
E2L5_GCGAGAATCCTGTTGC,Cytotoxic T cell
L1_TCGACCTCACTCTGCT,Naive CD4 T cell
E2L2_CGGACACAGTAGACAT,Natural killer cell
E2L2_AGATAGATCCCATTCG,Naive B cell
L2_GGATGTTAGTATGTAG,Memory CD4 T cell
L3_AGTGATCGTGTACAGG,Cytotoxic T cell
E2L2_GCCAACGTCGAGTGAG,Memory CD4 T cell
L2_ATGGGAGGTGACACAG,Natural killer cell
L4_GTGCAGCCAGCATTGT,Naive CD4 T cell
E2L5_GGGCGTTCAGACAATA,Classical monocyte
L4_CTCCTTTCATTGGATC,Naive CD4 T cell
L3_TGGAGAGCACCAACAT,Naive B cell
L5_TGTACAGTCCTGGTCT,CD34+ hematopoietic progenitor
L4_GTTATGGCAAGACGGT,Memory CD4 T cell
L1_CACAGATCATGGCACC,Naive CD4 T cell
L2_GCAACATTCAGCGGAA,Naive CD8 T cell
L4_AGTACTGTCTTGATTC,Memory CD4 T cell
E2L6_TGTTCCGCACCGGCTA,Conventional dendritic cell 1
L3_TTGGATGGTCGTGGAA,Naive CD4 T cell
L1_AGGTGTTAGCCTATCA,Cycling lymphocyte
E2L8_TGTAAGCCATGGAATA,Conventional dendritic cell
E2L7_GTTCTATTCAGATGCT,Cytotoxic T cell
E2L3_TTGCCTGGTTCCTAAG,Memory CD4 T cell
L3_CCTCATGTCCACATAG,Naive CD4 T cell
L3_GTGGCGTAGCTGAGCA,Cycling lymphocyte
L5_ATTACTCCACTACTTT,CD34+ hematopoietic progenitor
L1_GCCGATGTCGATTGGT,Naive CD8 T cell
E2L8_GTTCCGTTCGACCTAA,Memory B cell
L5_CGTAAGTCAGTATTCG,Natural killer cell
E2L3_ATGAAAGCAGCAGGAT,Cycling lymphocyte
E2L8_GAATAGATCCGAGGCT,Memory B cell
E2L8_TGGCGTGAGGACGCAT,Naive CD4 T cell
E2L5_CCTAACCCAGGGAATC,Platelet
L5_CCCAACTTCACCGGGT,Natural killer cell
E2L2_ACTGATGGTTAGTTCG,Cycling lymphocyte
L5_CTACAGAAGGATATGT,Naive CD8 T cell
L4_GACAGCCGTGATAGAT,Naive CD4 T cell
E2L6_AACCTGAGTCTCCTGT,Non-classical monocyte
E2L6_ATGATCGAGAACAAGG,Non-classical monocyte
E2L5_TCTCCGACAGAGCCCT,Naive CD8 T cell
L5_CTAGGTATCTACCTTA,GZMK+ memory T cell
L3_TGTGAGTCATCACGGC,Memory CD4 T cell
E2L3_GTGGAAGAGTCCTGTA,Classical monocyte
L1_TCCTGCAAGACGGTCA,Classical monocyte
L1_ACCGTTCGTTGTTGAC,CD161+ memory T cell
E2L1_AGAGCAGTCGACGACC,Memory CD4 T cell
L4_TGACAGTTCTTCGTGC,GZMK+ memory T cell
E2L4_CCTTTGGGTCGGCACT,Cytotoxic T cell
E2L3_GCACGGTGTAGTCGTT,Cytotoxic T cell
E2L4_TGTCCTGGTCGTCGGT,Memory B cell
L3_GACCCAGCATCCCACT,Plasmacytoid dendritic cell
L2_TCACACCCAGTTAAAG,Naive CD8 T cell
E2L7_CCTAAGAGTCAACCTA,Plasmacytoid dendritic cell
L2_TGTACAGGTCTTACTT,Conventional dendritic cell
E2L8_GCTACAATCTCTGCCA,Memory CD4 T cell
L5_AAGACAATCCGGTAGC,Naive CD4 T cell
L2_AGCCACGAGACATACA,Cycling lymphocyte
E2L3_GGTGTCGTCTGAGAGG,Cytotoxic T cell
E2L3_AGGATCTTCTCATGCC,Memory B cell
L4_TTGGGATCACTAGAGG,Naive CD4 T cell
E2L3_CCGTAGGAGCCACTCG,Naive CD4 T cell
L4_AAAGGATAGCCGAACA,Plasmacytoid dendritic cell
L3_ACCACAATCCTACGAA,Memory B cell
L3_TGCTGAATCCGCAGTG,Natural killer cell
L4_ACTCTCGTCCGATGTA,Memory CD4 T cell
E2L2_TCTCCGAGTACGTACT,Cytotoxic T cell
L2_TTACGTTGTGATTCAC,Classical monocyte
L1_AAAGTCCTCCAACCGG,Naive CD4 T cell
E2L2_TCACTATGTGATGAAT,Naive CD8 T cell
L1_CGGGCATAGACTACCT,Naive CD8 T cell
L2_CAGTGCGGTAGATTGA,Memory CD4 T cell
L5_CAGGCCAGTCCCGCAA,Memory CD4 T cell
L4_GTGCTTCGTTGTTGAC,CD34+ hematopoietic progenitor
E2L4_GTTACAGTCGCGAAGA,Cycling lymphocyte
E2L7_GTTTGGAGTGATGGCA,Naive B cell
L2_GACATCAAGCATCAGG,Memory CD4 T cell
E2L1_CATCCACGTCCGGACT,Non-classical monocyte
E2L1_TCCAGAAAGGCATCAG,Cycling lymphocyte
E2L5_CAGATCACAAAGGGCT,Platelet
E2L1_TTGACCCTCAACTTTC,CD161+ memory T cell
E2L5_CGGAACCTCAATCTTC,Naive CD4 T cell
L1_CGGGCATGTAATGTGA,CD161+ memory T cell
E2L1_AACCACATCTATGTGG,Natural killer cell
E2L4_TGACTCCCATAGGAGC,Naive CD8 T cell
L4_AACCTGACACTCCGGA,Natural killer cell
L3_GACGCTGCAGAGATTA,CD34+ hematopoietic progenitor
E2L7_CGCAGGTGTAAGGCCA,Naive B cell
E2L8_CATTCTAGTGTCCTAA,Plasma cell
E2L7_AGTCATGGTGTCCAAT,Non-classical monocyte
L2_TATATCCTCTGGACTA,Naive CD8 T cell
E2L8_ATGATCGTCTTACCAT,Memory CD4 T cell
E2L2_TCATTGTGTTCCCACT,CD161+ memory T cell
E2L1_ATGGGAGCATGACACT,GZMK+ memory T cell
E2L2_ATCAGGTAGGGTGGGA,Naive CD4 T cell
E2L7_GTTGTGAAGTAACGAT,Plasma cell
L3_GGAGATGTCTCGGGAC,Naive CD4 T cell
E2L5_GATGTTGGTAGAATGT,CD34+ hematopoietic progenitor
E2L1_AGGATCTAGAACAGGA,Memory B cell
L1_TCAAGACGTTACGGAG,Non-classical monocyte
L4_CGGGTGTCACGGCTAC,Plasmacytoid dendritic cell
E2L5_AAAGGATTCGGTGTAT,Naive CD4 T cell
L3_CGTTCTGGTAGCGTCC,Cytotoxic T cell
L5_ATCGGCGAGAGAGTGA,Gamma delta T cell
E2L2_AGTCACACATAGAGGC,Memory B cell
L2_GTAGAGGCACCGAATT,CD34+ hematopoietic progenitor
E2L6_AGGGCTCAGCTGACAG,Memory CD4 T cell
L2_GGGAAGTTCCATTTCA,Naive CD4 T cell
L3_CATCGCTCATTCACAG,Memory CD4 T cell
L1_TAGAGTCCACATGGTT,Memory B cell
L5_TACAACGCAACGTAAA,Memory CD4 T cell
L1_GTTCTATCAGCGAGTA,GZMK+ memory T cell
E2L2_TCATTCAGTGGAAATT,CD161+ memory T cell
L1_GGTGTCGGTTAAGAAC,Naive B cell
E2L1_ACGGTTATCCGTGTAA,Memory B cell
E2L4_CTCATCGAGATTTGCC,Cytotoxic T cell
E2L1_TGGAGAGGTCCGGCAT,Naive CD4 T cell
E2L6_TCCTTCTCATTGGGAG,Naive B cell
E2L2_CATGGTAAGTCTAGAA,Memory CD4 T cell
E2L1_CATCAAGAGGGCAGGA,Non-classical monocyte
E2L6_CATACCCCAGAGTTGG,Naive CD4 T cell
E2L5_AACACACGTCTAGATC,Conventional dendritic cell
L1_TGACTCCCAGCTCTGG,Classical monocyte
L3_GATCGTAAGGTTGACG,CD161+ memory T cell
E2L6_CAATTTCTCTGGGCCA,Naive CD4 T cell
L2_GCAGTTATCTAACGCA,Naive CD4 T cell
L1_TTGCTGCAGCCTCTGG,CD161+ memory T cell
L3_TTGATGGTCAAACCCA,Classical monocyte
E2L6_GATCATGGTCAGACTT,Natural killer cell
E2L4_GCTCAAACATGTGGCC,Cytotoxic T cell
E2L3_CTTCTAATCCGTACGG,Classical monocyte
L4_TTCACGCGTTACAGCT,Naive B cell
L3_AGAACCTAGCCTGTCG,Naive CD4 T cell
E2L3_TCGGTCTCAATGAACA,Classical monocyte
L5_CATCAAGCAGCGCTTG,Memory CD4 T cell
E2L3_CATAAGCCACGAAAGC,Conventional dendritic cell
L1_CCGGACAGTTTCGATG,Naive CD4 T cell
L2_TACCTCGTCCGTTGGG,Naive CD4 T cell
L2_TACCGAAGTGTTGATC,Plasma cell
L5_AAGACAAGTGGACTGA,Naive B cell
E2L4_CTGAATGAGGCGTTAG,Naive CD8 T cell
L1_TCGTGCTAGATTGCGG,Natural killer cell
L4_ACGTTCCTCAAAGCCT,CD34+ hematopoietic progenitor
E2L3_CAACCAAAGCTTCATG,Classical monocyte
L1_TCTGGCTAGACCGCCT,Naive CD4 T cell
L5_GGGAAGTCAGGGCTTC,Memory CD4 T cell
L5_TTATTGCTCCTGGGAC,Platelet
L4_ACACGCGAGTCGTCTA,CD161+ memory T cell
E2L8_GACCGTGCAACTCATG,Natural killer cell
E2L6_CTACCTGGTCGGATTT,Memory B cell
E2L5_GCATCTCTCGAAGCAG,Memory CD4 T cell
L1_GATTGGTTCGCCTTGT,Plasmacytoid dendritic cell
L2_ACTGCAATCTACGCGG,Cycling lymphocyte
E2L8_ATGAAAGTCCATTGGA,Naive CD8 T cell
L1_AACTTCTCAGAGGCTA,Naive CD4 T cell
E2L6_CCGTTCAAGGCATGGT,Classical monocyte
E2L2_GTTGCGGTCTACTCAT,Cytotoxic T cell
L4_TTACTGTCACTCAGAT,Non-classical monocyte
E2L4_GTCGCGACAGAAGTTA,Memory B cell
L5_GGAAGTGAGTCCGCGT,Naive CD4 T cell
L5_TCTACCGCAACTAGAA,Conventional dendritic cell 1
E2L6_GGCTTTCTCAAATGCC,Naive CD4 T cell
L3_TACAGGTTCCTGGGTG,Naive CD4 T cell
E2L5_CAGATCAAGAGTGTGC,Memory CD4 T cell
L5_CTCAGAAGTCTTAGTG,CD161+ memory T cell
E2L8_AATCACGTCTCATGCC,Cytotoxic T cell
E2L5_TTCCTTCCACTTGGCG,Platelet
L3_GTACAACAGTCACTCA,Natural killer cell
E2L7_TGCGACGTCAAATGAG,Naive CD4 T cell
E2L7_CTCAATTGTATGGGAC,CD34+ hematopoietic progenitor
E2L5_TCTCACGAGCTTAAGA,Naive CD4 T cell
E2L7_GCTACAACATGGGCAA,Cytotoxic T cell
L5_CTAAGTGAGCATGATA,Naive CD8 T cell
E2L4_TGGGATTTCCAGTTCC,Memory CD4 T cell
L2_TTCGATTTCCACGGAC,Memory CD4 T cell
L1_AGGCCACTCAATCTCT,CD34+ hematopoietic progenitor
L4_CCGTAGGAGGGAGGGT,Cytotoxic T cell
E2L5_TCCATCGCATGCCGGT,Cytotoxic T cell
E2L1_AGACCCGGTTGTGCAT,Cycling lymphocyte
L2_CTCCATGCAATTGTGC,Platelet
E2L3_CCACGTTAGGCATTTC,Memory B cell
E2L2_ATTCAGGTCCTCGCAT,Low-quality cell
E2L6_GGTGATTTCTTCGGAA,Natural killer cell
E2L4_GGGATGAGTGAGCGAT,Conventional dendritic cell
E2L6_TACACCCGTTTCGGCG,Naive B cell
E2L1_GTCACTCGTGCGTTTA,Naive CD8 T cell
E2L2_TGCTTGCGTCGAGATG,Conventional dendritic cell
L1_GAAACCTAGCAGCGAT,Memory CD4 T cell
L4_CACCAAACAGGCACTC,Naive CD4 T cell
L5_ATCGTGAGTCGAATTC,Cycling lymphocyte
E2L5_TCTACCGGTTCTCCTG,Conventional dendritic cell 1
E2L2_GTAGGAGCATGGGTCC,Plasmacytoid dendritic cell
E2L4_ATCCACCAGAAGTCTA,Memory B cell
E2L6_GAGTTTGTCTGAGAAA,Plasma cell
E2L3_GAATAGAGTGGGCTCT,Non-classical monocyte
E2L8_TGCTTGCTCATTGAGC,Classical monocyte
E2L2_GGAACCCCAAGGTCAG,Memory CD4 T cell
E2L4_TCCCAGTCACAGTCAT,Cycling lymphocyte
L3_CTCTCAGGTACCCGCA,Plasmacytoid dendritic cell
L5_GTGATGTCACTTGGGC,Naive CD4 T cell
L4_ACGGTCGAGGAACATT,Cytotoxic T cell
E2L5_GCCGATGCATGTCTAG,Naive CD4 T cell
E2L4_GATCCCTAGAGCAGTC,Platelet
E2L4_AATTTCCGTTGATCGT,Conventional dendritic cell 1
E2L2_CACTGAAAGAGGATGA,Natural killer cell
E2L7_GTGTTAGCACGTTCGG,Memory CD4 T cell
L1_GTTTACTAGTGGTGGT,Plasmacytoid dendritic cell
E2L6_GTGCTGGTCAATGCAC,Plasma cell
E2L1_CTGAATGAGCGGGTTA,Low-quality cell
E2L4_TCGCTCATCGGCATCG,Naive CD4 T cell
E2L8_CTGAGGCAGCGTATGG,Memory B cell
E2L7_GGTGATTAGAGTAACT,Memory CD4 T cell
L5_GCCGTGAGTTTCAGAC,Naive CD8 T cell
L2_CACTGAAAGGTACAAT,Non-classical monocyte
L4_AACAAAGGTACGAAAT,Conventional dendritic cell
E2L6_AGTGACTAGCGTTCCG,Cytotoxic T cell
E2L6_AAACGCTCATAATGCC,Cytotoxic T cell
E2L1_GAACTGTCAAGCCATT,Cycling lymphocyte
E2L5_CCGTAGGCAGTTCCAA,Naive B cell
E2L8_GCACGTGCACAACGAG,Platelet
L5_TTACCATTCTTACCGC,Memory CD4 T cell
L2_TTCATGTTCGCGTTTC,Conventional dendritic cell
L4_GCAGTTAAGGCTTTCA,Plasma cell
E2L3_ATCGCCTAGTGGATTA,Memory B cell
E2L4_CACTGGGAGTGCGTCC,Naive CD4 T cell
L3_ATGAGGGGTTTGATCG,Natural killer cell
E2L6_TCTCACGAGAACCGCA,Cytotoxic T cell
L1_CGAATTGTCGTTCTCG,Plasmacytoid dendritic cell
E2L8_GTCATTTCACAGTATC,Gamma delta T cell
L1_TCTTAGTGTCACTTCC,CD34+ hematopoietic progenitor
L2_TCATGTTGTCTAGTGT,CD34+ hematopoietic progenitor
E2L3_CTATCCGGTACCGTGC,Cycling lymphocyte
L5_TCAAGCAGTGCATCTA,Naive CD4 T cell
L1_GTCTTTAAGGACAGTC,Memory B cell
E2L4_ACAGCCGGTACTCCCT,Memory B cell
E2L7_AGCCAATAGACGTCCC,Memory B cell
E2L6_TGTGATGCACAACGTT,Natural killer cell
E2L6_TTGGGTATCATGGAGG,Naive CD4 T cell
E2L2_GGAACCCGTATGTCTG,Low-quality cell
L2_ATCCTATTCCCTATTA,Cycling lymphocyte
L3_CTTCGGTGTACGACAG,Naive CD4 T cell
E2L7_TCAAGCATCATTTCGT,Cytotoxic T cell
E2L1_CCGTTCATCTACCACC,Classical monocyte
E2L7_GGAGGTACAATGAGCG,Plasmacytoid dendritic cell
L2_CCTCAGTGTCCCTAAA,Cycling lymphocyte
E2L2_CCCTCTCCAGTTACCA,Non-classical monocyte
E2L7_GTTAGTGTCTACTGCC,Naive CD4 T cell
E2L8_GGCTGTGCATAAGCAA,Naive CD4 T cell
L5_ATGCCTCTCGATTTCT,Naive B cell
E2L6_GGTGTTAAGCAACTTC,Conventional dendritic cell
E2L1_AGCATCATCGATGGAG,Naive CD4 T cell
L1_TCACATTTCTCGTCGT,Naive CD8 T cell
E2L6_TGCTTCGCACGACGAA,Memory B cell
E2L5_GGGTTTACAGGGTCTC,Naive CD4 T cell
L1_GGGAGATGTTGGGCCT,Naive CD8 T cell
E2L7_TGCGGGTGTTTGGCTA,Naive CD8 T cell
E2L4_ATGCATGCAGCTTCCT,Non-classical monocyte
E2L4_TGTTCATGTCCGAAGA,Memory CD4 T cell
E2L1_CTGGCAGCACAGTCAT,Naive B cell
E2L2_CAAGCTATCCGTGCGA,Memory CD4 T cell
E2L8_TTGTTGTTCTCTGCCA,Non-classical monocyte
E2L6_TTTCAGTTCCCGGTAG,Memory B cell
E2L1_GGTTCTCAGGTATAGT,Platelet
L1_GGTAGAGAGCACCGAA,Naive CD8 T cell
L1_TGAGGTTGTCGAGCAA,CD34+ hematopoietic progenitor
E2L7_TAGAGTCCACTAGGCC,Classical monocyte
E2L1_CCAATTTCAAGAGATT,Memory B cell
E2L6_CCAAGCGCACCTGCGA,Conventional dendritic cell
L2_CGGAGAATCTTAAGGC,CD161+ memory T cell
E2L2_ATTCATCCAAGGCCTC,Cycling lymphocyte
E2L3_CCGGTGATCCTTGACC,Cytotoxic T cell
E2L7_TGAGGGAAGCGAGGAG,Cytotoxic T cell
E2L2_TAGTGCACACGTGTGC,Natural killer cell
L2_ACCTGAACAACTAGAA,Natural killer cell
L5_AAAGAACCAGTGTGGA,Gamma delta T cell
E2L1_AGCCAGCAGCTGCCTG,Memory CD4 T cell
L2_ATTACCTCAGCTACCG,Naive CD8 T cell
L5_AACCTGAAGGATTTGA,Naive CD4 T cell
L1_GGGAAGTAGGTCGTAG,Naive CD8 T cell
E2L6_CAAGACTAGTGCGCTC,Naive CD4 T cell
E2L1_GCTGCAGTCAAAGGAT,Natural killer cell
L5_TGCGACGCAAGCGCAA,Naive CD8 T cell
L1_CGGAACCTCCATACTT,Natural killer cell
L5_GCAGCTGCAGCTTCCT,Memory B cell
L4_AAGACAACACAGACGA,Conventional dendritic cell 1
E2L4_AGGACGACACGACTAT,Cytotoxic T cell
L2_GTTGAACCAAGTGCTT,Natural killer cell
L4_TCACTCGTCATACAGC,Memory CD4 T cell
L5_AGAAGCGGTAGAATAC,Natural killer cell
L1_GTTGAACAGCGTCTGC,CD34+ hematopoietic progenitor
L2_GGGTCACAGGAAGTCC,CD34+ hematopoietic progenitor
E2L1_TCGCAGGAGCGACTTT,CD161+ memory T cell
L1_ACGGTCGTCTCGTGAA,Erythrocyte
E2L1_TCGACGGGTATGATCC,Memory CD4 T cell
E2L5_ACCTACCAGTGAATAC,Cytotoxic T cell
L2_TAAGCCATCGGTGAAG,Non-classical monocyte
L2_CCCTAACTCTCTTAAC,Memory B cell
E2L1_TGGATGTGTTATAGCC,Cytotoxic T cell
L1_GTAGAGGAGGACACTG,CD34+ hematopoietic progenitor
L4_GGGCGTTCAAATACGA,Plasma cell
E2L2_TGATTCTGTGACTGTT,Cycling lymphocyte
E2L5_TGTGGCGGTAATGATG,Cytotoxic T cell
E2L5_CGAGAAGGTTGACTGT,Conventional dendritic cell
E2L5_GCTACCTTCCTTCACG,Cycling lymphocyte
L3_TGACAGTCATCAGCTA,Naive CD4 T cell
L2_TCTTAGTAGGCTTAAA,Non-classical monocyte
E2L5_AGAGAGCCAGAGATTA,CD161+ memory T cell
E2L6_TTCGCTGGTCATTCCC,Platelet
L3_TGTAACGGTACGGGAT,Naive CD8 T cell
L2_CTGCCTATCACGATCA,Non-classical monocyte
E2L6_CGAATTGCATTCTGTT,Conventional dendritic cell
E2L4_AACCCAAGTCTTCTAT,Cycling lymphocyte
E2L7_TACTTACAGATGCCGA,Conventional dendritic cell
L2_TTTGGTTCATCATGAC,Memory B cell
L5_GGAGCAACATCGAGCC,Memory CD4 T cell
L1_ATACCGACAACGAGGT,Naive CD8 T cell
L3_GAGTGAGGTAATGATG,Cycling lymphocyte
L1_CAACCTCGTCGAGTGA,Naive B cell
E2L4_TACCTCGGTACCTAAC,Memory CD4 T cell
E2L4_GGGAAGTAGTCATTGC,Classical monocyte
L1_ATTCACTAGACCTTTG,Naive CD4 T cell
L2_TGCTCGTAGCACTCCG,Naive CD4 T cell
E2L2_CTTCGGTAGGGTGAAA,Cytotoxic T cell
L3_GTGCAGCTCGGCCCAA,Plasmacytoid dendritic cell
E2L3_AACCAACGTACAGGTG,Natural killer cell
E2L4_CCCTCAACAAGCCTGC,Memory B cell
L5_TGATTTCAGTCTGTAC,Cytotoxic T cell
L1_TTCTTGACAATAACGA,Erythrocyte
L1_AGTAGTCAGTTGTCAC,CD161+ memory T cell
E2L1_ACTTAGGGTTGTCTAG,Non-classical monocyte
L5_CACTGAACATGTTCGA,Cytotoxic T cell
L4_CAGCCAGCAGAAATTG,Non-classical monocyte
L5_TTCTAGTGTGCTCTCT,Naive CD8 T cell
E2L2_TTGCATTTCCGGTAAT,Cycling lymphocyte
L3_TCTTCCTAGACGGTCA,CD161+ memory T cell
L5_GGTAACTGTAACGATA,Cycling lymphocyte
L5_GAGTTGTCAAGGCCTC,Naive CD4 T cell
E2L5_CACACAATCATATGGC,Natural killer cell
L4_GTCGCGACAGAGACTG,Memory B cell
E2L5_CAGGCCACAAGTGTCT,Classical monocyte
E2L2_ATGGGAGGTATGGAAT,Memory CD4 T cell
E2L3_CAACGGCAGTAATACG,Natural killer cell
E2L5_TAAGCACCATTCGGGC,Naive B cell
L3_GTCATTTAGTAGAGTT,Naive CD8 T cell
E2L3_GAAGGACAGCCACCGT,Conventional dendritic cell
E2L6_CTCCCAACACACTTAG,Cytotoxic T cell
E2L8_GAAACCTAGCTAATCC,Memory B cell
L1_TCAGTGAGTCTTCCGT,Cycling lymphocyte
E2L3_CTATCTATCGCAACAT,GZMK+ memory T cell
E2L3_TGAGGAGTCCGTGGGT,Plasmacytoid dendritic cell
E2L6_CGGGCATTCGCATAGT,Natural killer cell
E2L8_TCCTCCCGTAGCTTGT,Memory B cell
E2L8_TCAGTCCCAACCCGCA,Naive B cell
L1_GAGATGGTCGTAACCA,Naive CD4 T cell
E2L7_GACCAATAGACTCAAA,Gamma delta T cell
E2L3_TTCTAGTCAACCACGC,Gamma delta T cell
L2_ATCGGATGTAGACGGT,Naive CD4 T cell
E2L6_ACTATTCGTTGCTGAT,Cytotoxic T cell
L2_GAAGCCCGTCTGCAAT,Memory CD4 T cell
E2L8_CTCCATGAGGCTTAAA,Naive B cell
L4_ACGCACGAGCGTGAGT,Conventional dendritic cell
E2L3_ACTGATGAGGATACGC,Memory B cell
E2L4_AGGAATACAAGTATCC,Plasma cell
E2L6_CTGCTCAAGCTCTATG,Conventional dendritic cell
E2L2_GTTAGACGTTATGACC,Naive CD4 T cell
E2L1_GTCCTCAAGTCCTGTA,Natural killer cell
L2_GACTCTCTCCACAAGT,GZMK+ memory T cell
E2L7_TGTACAGAGAGCGACT,CD161+ memory T cell
L4_GTAGAGGAGATTCGCT,Naive B cell
E2L6_TCAATCTAGGTCTTTG,Gamma delta T cell
E2L8_TGAGGGACAATACAGA,Cytotoxic T cell
L3_GATCAGTCAGTGTATC,Conventional dendritic cell
L1_TGGCGTGGTCCCACGA,Classical monocyte
E2L6_TAAGCGTCACTCCTGT,Memory CD4 T cell
L5_CAGCCAGCATAATCCG,Memory CD4 T cell
E2L1_GTGGAAGAGGATATAC,Low-quality cell
L1_CTAGGTATCGCCGAGT,CD161+ memory T cell
E2L3_CAGCAATTCGTAGGAG,Natural killer cell
L2_CTACTATGTGATCATC,Natural killer cell
L2_TTCACGCTCCACACAA,Cytotoxic T cell
E2L1_GCAGCCAAGACTCTTG,Natural killer cell
E2L5_ACTTATCAGCTCTGTA,Cytotoxic T cell
L2_CACGTTCCATCCGGTG,Cytotoxic T cell
L4_CGAAGGACAAAGCACG,Memory B cell
L1_AATGAAGTCGCAATTG,Naive CD8 T cell
L2_GGTTCTCTCCGCCTAT,Memory B cell
L5_GTGTGATAGAAATTGC,Naive CD4 T cell
L5_AAACCCATCTTGGATG,Conventional dendritic cell
L1_CGTGATACACGACAGA,Conventional dendritic cell 1
L2_TTGTGGATCTCCAATT,Naive CD8 T cell
E2L1_ACTATGGTCTGATGGT,Gamma delta T cell
L5_CATTCCGGTGAGATTA,CD161+ memory T cell
L5_TGTCCACGTTCTCTAT,Naive B cell
E2L4_CTAGACAGTACTGGGA,Memory B cell
E2L1_GGTAGAGTCCCATAAG,Cytotoxic T cell
L4_AAGCGTTGTAGCGTCC,Conventional dendritic cell
L1_CACCAAAGTCAAAGAT,Naive CD8 T cell
L1_TCAAGCATCGTAGTGT,Memory CD4 T cell
L2_CTGCATCCAAGACCTT,Classical monocyte
E2L6_CCGTGAGTCATCGCCT,Cytotoxic T cell
E2L8_CTGAGGCAGATTAGTG,Natural killer cell
L4_GAGCCTGGTCTAGGTT,Naive CD8 T cell
L1_CGTAGTACAACGGCTC,Naive CD4 T cell
L4_GCAGGCTGTGCCGTAC,Naive CD8 T cell
L4_GTGAGGACAGTTAGAA,Naive CD4 T cell
E2L5_TCCCAGTCAAGACCTT,GZMK+ memory T cell
E2L8_TCTGGCTCACAGAGCA,Conventional dendritic cell
L1_TGTAAGCCAGCTACTA,Memory CD4 T cell
L2_TGTAACGGTGAAGCTG,Natural killer cell
E2L3_TCCTAATCAACAAGAT,Memory CD4 T cell
E2L8_AAGGTAATCATTTGGG,Naive CD4 T cell
L2_CTCCCTCGTCCAAGAG,Plasma cell
L4_AGCGATTTCACGTCCT,Naive B cell
L2_AATGGCTGTCGAATGG,Naive B cell
E2L6_CTGCATCTCCGGACTG,Memory B cell
E2L6_TGTAGACGTTCCGCTT,CD161+ memory T cell
E2L6_AACCATGAGGACATCG,CD161+ memory T cell
E2L1_TCAGCAACATGTCAGT,Memory B cell
L4_GATGTTGTCGTTGTTT,Naive CD4 T cell
E2L6_CATGGTAAGTCGAAGC,Gamma delta T cell
E2L8_GTTACCCCAGAACCGA,Naive CD4 T cell
L5_GGATCTAAGTTCGCAT,Plasmacytoid dendritic cell
E2L2_GACTTCCTCGTTGTTT,Memory B cell
E2L2_CAGAGCCCATGGGATG,Natural killer cell
E2L2_GAAGCGACAATCTCTT,Cycling lymphocyte
L4_ACGGTTATCAATCCAG,Naive CD4 T cell
E2L2_CTCTGGTGTCTCGCGA,CD161+ memory T cell
L5_CTCCCTCAGGAATCGC,Natural killer cell
E2L5_TACCGGGAGGTCACTT,Cytotoxic T cell
E2L1_GGAGATGGTACCATAC,Naive B cell
E2L8_GTCAAACTCGAGAAAT,Plasmacytoid dendritic cell
E2L7_GAGATGGAGTGCACCC,Cytotoxic T cell
L1_GACCAATTCTCGGCTT,Natural killer cell
L4_TTGGGCGCATGATAGA,Memory CD4 T cell
E2L1_GCCCAGATCGTGCTCT,Cycling lymphocyte
L2_GACTCTCGTCCGCAGT,Naive CD4 T cell
E2L1_TTCCGGTCATGAATAG,Non-classical monocyte
L1_AAGTACCGTGAGGAAA,Plasma cell
E2L2_CGTGAATAGTCACTCA,Plasma cell
E2L6_GGGACTCTCCAGTGTA,Cytotoxic T cell
E2L3_TTTCGATGTGGCGTAA,Natural killer cell
E2L3_GTGAGTTCAGTTGTTG,Naive CD8 T cell
L3_AGGGCTCTCCGTGCGA,Memory B cell
L1_CTGGACGGTGACTATC,Naive B cell
L1_TGGTACACATGACACT,Naive CD4 T cell
E2L6_CCCGGAATCCTACCGT,Memory CD4 T cell
E2L1_TCGACGGGTGCCGAAA,CD34+ hematopoietic progenitor
L3_AGGCTGCTCCAGCAAT,Memory B cell
E2L2_TGTTCCGCAAAGAACT,Memory CD4 T cell
E2L2_AAGCGTTGTAACATGA,Cytotoxic T cell
E2L7_TGGGAGACAGAACTTC,Naive CD4 T cell
E2L6_CTTACCGTCTCAGTCC,Cycling lymphocyte
L1_TTGACCCAGATTGCGG,Naive CD4 T cell
E2L8_AATAGAGCAATTCTTC,Naive B cell
E2L7_ATACCGACAACTTGCA,Cytotoxic T cell
E2L7_ACTGCAATCAGGCGAA,Cycling lymphocyte
E2L1_ACATGCAAGACGCAGT,Conventional dendritic cell
L3_GGGTAGAGTTGTAGCT,Plasmacytoid dendritic cell
E2L1_GACTTCCGTCCATACA,Classical monocyte
L1_CTAGACACAACTTGCA,CD34+ hematopoietic progenitor
E2L8_AAGACTCTCGCTCATC,Conventional dendritic cell
E2L5_GTAATCGCATGATGCT,CD161+ memory T cell
E2L8_CTATAGGTCCTTCTAA,Non-classical monocyte
L1_GGAATGGCATACCAGT,CD161+ memory T cell
L2_TTCCGGTGTACTCGTA,Classical monocyte
L2_ACGATCAAGTGAGCCA,CD34+ hematopoietic progenitor
L5_ACTTATCAGAAGCGAA,Naive CD8 T cell
L3_TGTAACGTCCTAAACG,CD161+ memory T cell
E2L4_TCGCTTGTCTGGGCCA,Platelet
E2L4_GAGTGAGCATCTTAGG,Non-classical monocyte
L2_GTCATCCGTGGCGCTT,CD34+ hematopoietic progenitor
L2_CATAGACTCCAGCTCT,GZMK+ memory T cell
E2L5_GGCGTCACAGTCTTCC,Cytotoxic T cell
E2L6_TCCCACAAGCCATTTG,Natural killer cell
L2_CCGGTGAGTGCTGTCG,Memory B cell
L4_ATCGTGACAAGCCTGC,Conventional dendritic cell 1
E2L8_TCCCACAAGGGTGGGA,Cycling lymphocyte
E2L6_ATCGGCGCAGTTCACA,Conventional dendritic cell
E2L2_AGAACCTGTTATCTGG,Plasmacytoid dendritic cell
L5_CCCTGATAGAGAGTGA,CD161+ memory T cell
E2L2_TCAGTTTCACAGCCTG,Cytotoxic T cell
E2L6_CCTGTTGGTTAGGAGC,Memory B cell
E2L8_CTACAGAGTGGATTTC,Low-quality cell
E2L5_ATCCTATAGGCTGGAT,Natural killer cell
L5_CTACGGGCACGACGAA,Naive B cell
E2L6_AGGGTGAGTGATATAG,Non-classical monocyte
E2L3_CATCGTCCATTCACCC,Naive CD8 T cell
E2L8_TCTACCGCAAGAGCTG,Low-quality cell
L5_GTATTGGCAGACTCTA,Naive CD8 T cell
E2L1_TGTTCATTCCACTTCG,Cytotoxic T cell
E2L7_CAGCCAGGTATTCCGA,Plasmacytoid dendritic cell
E2L7_CCTACGTCAACACTAC,Memory B cell
L5_CGGAGAACATCTCAAG,Gamma delta T cell
E2L3_AAAGTGAGTGACCTGC,Memory B cell
E2L6_CGTTGGGGTATATGGA,Memory CD4 T cell
L5_GTGTTCCAGAAACACT,CD161+ memory T cell
E2L5_AACGAAAGTTCTCTCG,Memory CD4 T cell
E2L8_ATACTTCAGCACTCGC,Cycling lymphocyte
L5_AAACCCAGTTCTAAGC,CD34+ hematopoietic progenitor
L2_GCTCAAATCCCGGTAG,Plasmacytoid dendritic cell
L4_CATCGTCAGGTCCCTG,Conventional dendritic cell
L3_ACCATTTAGTCACTGT,Cytotoxic T cell
E2L7_AATGCCAAGATGAAGG,Naive CD4 T cell
L5_GTGTCCTAGCGGGTTA,Naive CD4 T cell
L4_TTGCATTCATTAGGCT,Memory CD4 T cell
E2L2_TGACCCTAGATTGGGC,Non-classical monocyte
L5_TAGATCGGTGCCGTTG,Naive CD4 T cell
E2L8_GTGATGTCACAGAGAC,Conventional dendritic cell 1
E2L4_TCCGTGTCAATACGCT,Cytotoxic T cell
E2L1_TAACACGGTGCATTAC,Memory CD4 T cell
E2L5_TTCTCTCCAAGTAGTA,Cytotoxic T cell
E2L5_CGAAGTTGTCCTGGTG,Cycling lymphocyte
E2L5_CGTCCATGTTAGGGTG,CD161+ memory T cell
E2L1_TTCTCTCGTCTAGGTT,Cytotoxic T cell
E2L4_AATTTCCGTTGTGCCG,Naive CD4 T cell
E2L5_GACCCAGTCCCTCAAC,Conventional dendritic cell 1
E2L2_TGCTTGCCATGTACGT,Natural killer cell
L5_TTCGCTGGTGCGGTAA,Naive CD8 T cell
L3_CGAGGCTAGCAGAAAG,Naive CD8 T cell
L4_GATTCTTTCCTCTCGA,Naive B cell
E2L8_CTCATCGCATGTTTGG,Natural killer cell
L1_TGAGGTTCATTGCTTT,CD34+ hematopoietic progenitor
L4_ACGTAGTTCGCCAATA,Conventional dendritic cell
L4_CGGCAGTGTACAACGG,Cytotoxic T cell
E2L4_GACGCTGAGACTGTTC,Memory B cell
L5_TTGCTGCAGACAGCTG,Natural killer cell
E2L6_TCGTGGGCACTAGAGG,Naive B cell
E2L4_AGATCGTAGCTTCTAG,Cytotoxic T cell
E2L5_ACGTAGTCATCAGCAT,Gamma delta T cell
L2_TTACAGGGTTCGGTAT,Erythrocyte
E2L4_AGACAGGAGGTAATCA,Memory B cell
E2L6_CGAAGTTTCTGTAACG,Cytotoxic T cell
E2L2_CTTTCAACAAAGACGC,Non-classical monocyte
L1_CCTCCTCGTCGGCACT,Naive CD4 T cell
E2L3_TCCTAATTCAGCGCGT,Conventional dendritic cell
L1_TGAGCATCACATTACG,Gamma delta T cell
E2L5_CATTCTAGTACTCGCG,GZMK+ memory T cell
L5_CCTCTAGGTGGATACG,Classical monocyte
E2L3_CATTGAGCACGAGGTA,Cytotoxic T cell
E2L3_GTGTGATAGACTCTTG,Memory B cell
L5_GTCGTAAGTGCTCTTC,Naive CD4 T cell
L3_GTGGGAATCATGAGGG,Cytotoxic T cell
E2L5_ACAGAAAGTGAGCCAA,Natural killer cell
E2L5_GGGTGTCAGCTTTCCC,Classical monocyte
E2L6_CGAGTGCTCCACTGGG,Classical monocyte
E2L7_GAGTTACGTCATAAAG,Memory CD4 T cell
L2_TCCGAAAGTTTGAACC,Memory B cell
E2L3_TCTGCCATCTTTCCAA,Classical monocyte
E2L2_CACAACAGTGCAATAA,Conventional dendritic cell
L2_GTGACGCGTTGTGGCC,Classical monocyte
L4_TCCACCAAGCTTACGT,Cytotoxic T cell
E2L2_CCCTCAATCCTTCTAA,Memory B cell
L2_GCTTTCGAGTTGGAGC,Classical monocyte
E2L7_TGTGATGCATGGTGGA,Cytotoxic T cell
E2L3_ATATCCTCAAATTGCC,CD161+ memory T cell
E2L1_TGGAGAGAGGTCACAG,Memory B cell
E2L8_ATCGCCTCAAGTACCT,Classical monocyte
L1_CAGATACTCTAACGGT,Cytotoxic T cell
E2L8_TTGGGTATCTCATTTG,Naive B cell
L1_ATCACAGGTGTGTTTG,Non-classical monocyte
E2L4_CGGAACCCACTGTGAT,Conventional dendritic cell
E2L8_GGGATGACATAGCTGT,Memory CD4 T cell
L5_TCACTCGGTAGTTCCA,GZMK+ memory T cell
E2L5_TACCTCGAGTCATACC,Erythrocyte
E2L7_ACATTTCCAAAGGCTG,Memory B cell
L5_CTCCCAAAGTACAGAT,CD161+ memory T cell
E2L1_AGACACTGTAACTGCT,Cycling lymphocyte
L5_CGGAGAAAGAATCCCT,CD34+ hematopoietic progenitor
L5_AACCTGATCTGATGGT,Natural killer cell
E2L3_CGGACACTCACGGTCG,Natural killer cell
E2L6_GTCCTCAAGAGGGTAA,Memory CD4 T cell
L4_GACATCACAAACACCT,Cytotoxic T cell
E2L4_GTACAACGTCAATCTG,Cytotoxic T cell
L4_ATGTCCCTCCGCAAAT,Naive CD4 T cell
E2L5_CTTACCGCAGGAGACT,Conventional dendritic cell
E2L7_CAATACGTCTACGGGC,Memory B cell
E2L7_GTAAGTCGTGAGTAGC,Cytotoxic T cell
E2L1_GGAGGATAGGTCCCTG,Cytotoxic T cell
L3_CGTGAATTCTTGCGCT,Naive CD4 T cell
E2L5_TTGAGTGTCGCTGACG,Natural killer cell
E2L4_TAACTTCTCAAGCGTT,Non-classical monocyte
E2L7_CACTGGGAGACTTCGT,Memory B cell
L5_CAGCGTGGTCTACTGA,GZMK+ memory T cell
E2L5_GGCTGTGTCGAGAACG,GZMK+ memory T cell
L2_GGGAAGTTCTCATTAC,Conventional dendritic cell
L3_AACGTCACAACATCGT,Non-classical monocyte
L2_AACAAGACAGAGCGTA,Plasma cell
L3_CGTCAAAAGTAGATCA,Plasma cell
E2L6_GTAGAGGGTGGATCGA,Naive B cell
E2L3_GGGAAGTGTAATGCGG,Natural killer cell
E2L7_GTAATCGCAGAGCTAG,Natural killer cell
L2_GTTAGACAGACCTCCG,Naive CD8 T cell
L5_GAGAGGTCACCAGCTG,Naive CD4 T cell
L5_TCGGGTGCACCCTTAC,Memory CD4 T cell
E2L4_AATTCCTCAACGACTT,Cytotoxic T cell
E2L4_GTTGCTCCACACCAGC,Cytotoxic T cell
E2L3_CATAGACCACTGTGAT,Natural killer cell
E2L4_CGGGTCAAGGAACTCG,Naive B cell
E2L1_ACGTTCCGTCAAGCCC,Natural killer cell
L5_ACAGAAACAGGACTTT,Naive CD4 T cell
L3_ACCCTCAGTCCGTTTC,Naive CD4 T cell
L5_GCTACCTTCGTTAGAC,Memory CD4 T cell
L2_TTCGGTCCACAATTCG,Naive CD4 T cell
E2L3_AGTGACTGTGGCTAGA,Natural killer cell
L1_TCTTAGTAGGGATGTC,Non-classical monocyte
E2L4_TGGCGTGTCGTTGTAG,Memory B cell
L3_CCGCAAGCAAGGTCTT,Naive CD4 T cell
E2L5_ACCAACAGTGGCTTGC,Memory B cell
L1_TTCCGTGGTCGTCAGC,CD34+ hematopoietic progenitor
E2L7_GCCAGGTTCGTCCTCA,Memory B cell
L5_AAGCATCAGCTTTGTG,Conventional dendritic cell
E2L1_GGAACCCCAAGGTCAG,Memory CD4 T cell
L1_TGCCGAGGTCGGATTT,CD34+ hematopoietic progenitor
L3_CTGCAGGAGCTAAATG,Memory CD4 T cell
E2L6_GAAATGAGTGGGCTTC,Natural killer cell
L1_CAAGCTAGTGCATGTT,CD161+ memory T cell
L1_GGGCTCACACTACCCT,Memory CD4 T cell
E2L4_GAGAGGTAGGTCCGAA,Memory B cell
E2L7_TGACCCTGTGGACTGA,Naive CD8 T cell
E2L7_TTACGCCTCTGGGTCG,CD161+ memory T cell
E2L5_TTCACCGAGGATTTCC,Classical monocyte
E2L4_AGACACTCACAACGTT,Conventional dendritic cell
E2L2_CGGGTGTAGAACTGAT,Conventional dendritic cell
E2L8_CACCGTTAGACTCTAC,Cycling lymphocyte
E2L8_GGGAAGTCAGGTTTAC,Natural killer cell
E2L7_TGTCAGATCACGACTA,Non-classical monocyte
E2L5_TATCTTGCACTGGAAG,Memory CD4 T cell
L4_TATTGCTCAGACAAAT,Naive CD4 T cell
L3_TAGGGTTTCATGCCCT,CD34+ hematopoietic progenitor
E2L5_CGGAATTTCCGTGTCT,Memory B cell
L2_CGAGTTATCAGGAACG,Naive CD4 T cell
L2_AGACAAACAGTGGGTA,Conventional dendritic cell
L2_TGAGTCAGTGATACCT,CD34+ hematopoietic progenitor
E2L2_CTCGAGGCAAAGCAAT,Natural killer cell
L1_AGTTCCCAGCAGCCTC,Naive CD4 T cell
E2L6_TAGATCGAGACGCCCT,Plasmacytoid dendritic cell
L5_CTCTCAGCAGCTCGGT,Naive CD4 T cell
E2L8_TATTTCGAGAGGGTGG,Cytotoxic T cell
E2L5_CAGGCCAGTCCGTTTC,Naive CD4 T cell
L1_CGAGTGCGTAGGCTCC,CD161+ memory T cell
E2L4_AGACCATAGACGCCAA,Natural killer cell
L2_AAGCCATTCTCCCATG,Naive CD4 T cell
L1_CTGCTCAAGCTTTCCC,Naive CD4 T cell
L3_AGCGATTCAAGTGCTT,Naive CD4 T cell
L1_ACACTGAAGCAGGGAG,GZMK+ memory T cell
E2L6_CGTTCTGGTTCGGACC,Plasmacytoid dendritic cell
L5_GATGACTTCAAGTGGG,Cytotoxic T cell
E2L3_TTCTAACAGTTTGGCT,Cytotoxic T cell
E2L6_GGTAATCCACCGGAAA,Memory B cell
L1_GAAGTAACACTAGTAC,Platelet
