barcode,cell_type
L3_ACCGTTCCACATATGC,Proliferating T cell
E2L7_GACCAATCAGAGCTAG,CD16+ Monocyte
E2L2_TCCGAAAAGAAGCTGC,Platelet
E2L4_TAATCTCGTAGAGATT,cDC2
L5_TATTGCTTCGCTAATG,MAIT / Effector Memory T cell
E2L3_GTAGATCCAACCGACC,CD16+ Monocyte
L3_TCCGATCGTGTTTACG,Erythroid cell
L3_TTAGGCACACACCTGG,Memory CD4+ T cell
E2L4_TCGATTTTCTGCTTAT,Memory B cell
E2L5_CGGGTGTTCAACTGAC,Memory CD4+ T cell
L2_CAGCACGTCGAGTCTA,Naive CD4+ T cell
E2L6_GACTGATTCCGTAGGC,Proliferating T cell
L1_TTAGTCTCATCAGCTA,Memory CD4+ T cell
L1_CTAGGTAGTAGATGTA,Plasmacytoid Dendritic Cell
E2L1_TGACGCGGTTAAGACA,Naive B cell
E2L5_CAGCAGCTCAAGTTGC,Naive CD4+ T cell
L2_CGTAGTATCGCAGATT,Proliferating T cell
L5_CTTGATTTCAGCTAGT,cDC1
L1_AGAACAAAGGAACGCT,Naive CD4+ T cell
E2L1_CGAGGCTTCTGCGGAC,MAIT / Effector Memory T cell
L4_GGGTCACTCGATAACC,Memory CD4+ T cell
E2L6_GATTTCTGTGAATGAT,Memory B cell
L1_GTTCCGTGTACCGGAA,Proliferating T cell
L2_TGGGAGAGTTCGTGCG,HSPC
E2L1_CTCATTAAGGTCATCT,CD14+ Monocyte
E2L6_CCCTCTCTCGACCACG,Naive B cell
L5_TACGTCCAGAGAGCCT,cDC1
E2L5_AAAGGATCACTCCTGT,MAIT / Effector Memory T cell
L1_ACCCTCAAGGTCCAGA,CD8+ Effector T cell
E2L1_GTAACCATCACGGACC,MAIT / Effector Memory T cell
L1_GTAGTACTCTTCTAAC,Naive CD4+ T cell
L2_TATCCTATCCCTGGTT,cDC1
E2L1_ATTGTTCAGTATTCCG,cDC2
E2L6_ATCGCCTAGGCTCAAG,Platelet
L2_TCCTCCCTCCGCGATG,Proliferating T cell
E2L2_ACGGAAGAGATGTTGA,Naive CD4+ T cell
L5_GATGTTGGTACGAGTG,Naive CD4+ T cell
L5_ATCCATTTCACAAGGG,CD16+ Monocyte
L4_GATTCGAGTAGTCTGT,Naive CD4+ T cell
E2L2_TATCTGTCACCGTGGT,Naive CD4+ T cell
E2L6_AGGGTTTCACAGGATG,NK cell
L5_TCTTAGTCATATCTGG,MAIT / Effector Memory T cell
E2L5_CAGATACAGCCTGAGA,Naive CD4+ T cell
E2L5_CAACAGTTCGGACTGC,Proliferating T cell
E2L8_GGCGTCAGTACCTTCC,CD8+ Effector T cell
L2_AACAACCGTAGACGTG,Treg / Activated T cell
L3_GCACGGTGTCGACTGC,Naive CD4+ T cell
E2L5_AGGTCTATCAGTGTGT,CD14+ Monocyte
E2L4_CTGCCTAGTACCTAGT,Platelet
L2_GAGCTGCGTCGAGCAA,CD8+ Effector T cell
L5_ATCATTCAGAAGGGAT,Naive CD4+ T cell
E2L8_TAAGCCACACACCTGG,Plasmacytoid Dendritic Cell
E2L4_TAACGACCAAGCTCTA,Treg / Activated T cell
E2L8_TCATTGTTCGTTGCCT,Treg / Activated T cell
E2L7_CTACCTGAGTCGCGAA,CD16+ Monocyte
E2L2_TAGGGTTAGCACTAAA,CD14+ Monocyte
L2_TGGTACAGTGTATCCA,HSPC
L4_GGAACCCAGCTCCACG,NK cell
E2L6_CTCGAGGTCTAAGCCA,CD16+ Monocyte
L5_TCGCTTGTCTTACCGC,cDC2
L3_CGTAATGAGTACTGTC,NK cell
E2L4_TTGGTTTAGTATGGAT,cDC1
E2L3_AGGTCATAGCATCAAA,Naive CD4+ T cell
L4_TCTGGCTCATAATGCC,Naive CD4+ T cell
E2L1_TGACGCGTCCACACAA,CD8+ Effector T cell
E2L3_CTCTCGAGTCCTTAAG,CD8+ Effector T cell
E2L6_CCGTAGGAGGCAGGGA,MAIT / Effector Memory T cell
E2L2_AAAGTGAGTCTGTGAT,Proliferating T cell
L1_GATCACATCAAGGAGC,Naive CD4+ T cell
E2L3_GAGTTACTCACATCAG,Plasma cell
E2L4_ATGCCTCGTTCGGCGT,CD8+ Effector T cell
E2L8_GTACAGTGTAGCACAG,Proliferating T cell
E2L8_ACTGTCCAGCTATCTG,CD8+ Effector T cell
L5_AGGATCTAGATCACTC,Proliferating T cell
L1_GGGATCCTCCCTCTCC,Naive CD4+ T cell
E2L3_AGGATAAAGCGACTGA,Plasmacytoid Dendritic Cell
E2L4_GGAATCTGTCGTCTCT,Platelet
L5_CACAACATCGTGCGAC,cDC1
L5_CTACCCAAGCGTGCTC,Naive B cell
E2L5_GTTTACTTCTCACTCG,cDC2
E2L7_ACCCTTGGTGCTTCAA,Proliferating T cell
L1_CGTTAGATCTGGTGGC,Naive CD4+ T cell
E2L4_CGTCCATCATCCGGTG,CD8+ Effector T cell
E2L1_TCCGGGAAGTCATGCT,Plasma cell
E2L4_TGAGACTAGAATTTGG,Naive B cell
E2L1_ATCTCTAAGCACACCC,Treg / Activated T cell
L2_TGTTTGTTCACTTCTA,MAIT / Effector Memory T cell
E2L7_AGCTCAACACACAGAG,MAIT / Effector Memory T cell
L5_CTCCGATGTAGAGTTA,Erythroid cell
L5_GCTGAATCATGATGCT,MAIT / Effector Memory T cell
E2L2_CAGGCCATCTATTTCG,Memory CD4+ T cell
E2L3_GTGCACGCAGTTTCAG,CD8+ Effector T cell
E2L7_TCATTCAAGGACGGAG,Naive CD4+ T cell
E2L2_TGAGGTTAGTGTTGTC,CD16+ Monocyte
E2L3_GTAGCTACATCAGTCA,Proliferating T cell
L1_AGGAAATTCCACGTCT,Naive CD4+ T cell
L3_AATCGACTCCGATAAC,Naive CD4+ T cell
E2L3_CTTCTAACACAATTCG,Proliferating T cell
L3_CATAAGCAGAGGGTGG,Naive CD4+ T cell
L1_TCATCCGAGTATCTGC,Naive CD4+ T cell
E2L7_CACGTGGTCTCTGGTC,Platelet
E2L1_TCTCACGTCATTTACC,NK cell
L2_CCTATCGGTATCTCTT,Erythroid cell
E2L1_CGTGATAAGGATTCCT,Memory B cell
L4_TAAGCACAGGCAGGGA,Naive B cell
L5_CACTGAAGTTCGTTCC,Naive B cell
E2L3_TTTGACTCAAGAGGCT,cDC1
L3_TCAATCTTCGTGGCGT,HSPC
E2L2_GCATCGGCAGGGTCTC,Naive B cell
L5_AGGGTCCCAGACGGAT,Naive CD4+ T cell
L2_CCAATGATCATCGCTC,CD16+ Monocyte
L5_TCGATTTCAAATTAGG,Plasma cell
E2L4_TAAGCCACAAGAGATT,Memory B cell
L5_TGTAACGAGATGGGCT,CD8+ Central Memory T cell
E2L6_GCGATCGCAATACGCT,NK cell
L4_CTACCCACAGAGAGGG,CD8+ Effector T cell
E2L3_TCGGTCTGTCGCTCGA,Proliferating T cell
L4_ATGGGAGCATCTGGGC,Naive CD4+ T cell
L4_AGTCACAGTGTTCGAT,Proliferating T cell
L4_ACTGATGGTAAGATCA,Naive B cell
L1_TGTAGACGTAGTGCGA,Naive CD4+ T cell
E2L8_AGGTGTTCAACTACGT,Memory CD4+ T cell
E2L2_ATGAGTCTCTTCGACC,CD14+ Monocyte
E2L8_CTGTAGACAGATAAAC,Memory CD4+ T cell
E2L2_GGGTCTGAGAATCGCG,CD8+ Effector T cell
E2L6_GGTCTGGAGTAGTCTC,Naive CD4+ T cell
E2L4_AGCTCAATCTGTCGTC,Memory CD4+ T cell
E2L2_AGAGAATTCATGGATC,Memory B cell
E2L7_CTCAACCAGCCATGCC,Proliferating T cell
E2L3_CTCGAGGTCGCTAAAC,CD8+ Effector T cell
E2L5_GAGGCAAGTACTCGCG,Platelet
L5_ACACAGTTCACGGTCG,CD8+ Effector T cell
L3_CTCCGATCAGGACGAT,Erythroid cell
E2L5_TGCTTCGCACAACGTT,CD8+ Effector T cell
L3_ATCGTGAAGTCAAGCG,HSPC
E2L4_ATTCGTTGTGGACTAG,Platelet
E2L7_AGGGTCCGTCACTTAG,Naive CD4+ T cell
E2L2_GTTGAACCACCGTACG,NK cell
E2L4_AGTAACCAGAGTCTTC,Memory B cell
L2_TACTGCCTCATAGACC,cDC2
L3_TGTCCACTCTGGGCCA,Plasma cell
E2L7_CACTGAATCCATAAGC,Naive CD4+ T cell
L4_TGTTTGTCAGTCAACT,Memory B cell
E2L5_TACTTGTCATGGGATG,CD14+ Monocyte
E2L6_ATTCGTTAGAACTCCT,Plasma cell
L2_GCAGGCTTCAGCCTCT,Naive CD4+ T cell
L4_TCGATTTCATGACACT,Naive CD4+ T cell
E2L2_GTCTGTCAGTTACGAA,Memory CD4+ T cell
E2L7_CACACAACACTGGATT,Plasmacytoid Dendritic Cell
E2L7_TTTCACATCGCCTTTG,NK cell
L5_AGGTTGTCATGCACTA,Naive CD4+ T cell
E2L2_GGAACCCGTTCTCCCA,NK cell
L1_ACTTATCTCGCCTTTG,Platelet
E2L3_CGTTGGGCAGCGTTGC,Plasma cell
L1_TCGGATAAGGCTTAAA,Proliferating T cell
E2L6_TTGTTCAGTTATGTCG,Platelet
E2L3_GTAACACAGGGAACAA,Naive CD4+ T cell
L2_GTTGTGAAGCATATGA,Naive CD4+ T cell
E2L5_TTCATGTTCCGAGTGC,CD16+ Monocyte
L4_ATAGAGACAGGAGGAG,CD8+ Effector T cell
L1_ATTTCACTCACAAGGG,Proliferating T cell
E2L7_GCCCGAACACAGTATC,NK cell
L4_TTGACCCCAAGTTTGC,Plasma cell
L1_CAGCCAGGTTGTGTTG,Naive CD4+ T cell
E2L6_ACACCAATCTCAGTCC,Plasmacytoid Dendritic Cell
L4_CCGAACGAGTCATTGC,Plasma cell
L5_CTCCAACGTTATCTGG,Memory CD4+ T cell
L1_GTTACCCTCAGGACGA,cDC2
E2L1_GCAGTTACAAGGCAAC,Memory B cell
L3_ATCACAGCATTGAGCT,Proliferating T cell
L4_CACATGAAGACATCAA,HSPC
E2L8_TAGTGCAAGCGTACAG,Platelet
E2L6_TCGGGTGTCCATATGG,CD8+ Effector T cell
E2L8_TTTACCAAGTTTCAGC,NK cell
E2L3_GGAGAACTCTGAGATC,Memory B cell
E2L3_TGCGACGGTCTTCCGT,CD8+ Central Memory T cell
E2L4_TATGTTCCATTCCTAT,Memory B cell
E2L4_ACGATCAAGGCAGTCA,MAIT / Effector Memory T cell
L2_GTTTACTGTCTCGGAC,CD8+ Effector T cell
E2L1_CGCGTGAGTCTCAGAT,Naive B cell
L1_GTGAGGAAGGAATCGC,NK cell
E2L6_TGAGTCACACGTCATA,Memory B cell
E2L3_GCCCGAACAGGCCCTA,MAIT / Effector Memory T cell
L3_CGTGTCTTCGGTCATA,MAIT / Effector Memory T cell
L2_AGTAGTCAGTGCCCGT,CD8+ Central Memory T cell
E2L5_CCTCTCCGTACAGTCT,CD14+ Monocyte
E2L2_CACTTCGGTTGCCGAC,cDC1
L3_CGTGAATAGTGGTGAC,NK cell
E2L2_CTAACTTGTTGTGCAT,Platelet
L1_AGCGCTGTCTAGTGTG,Proliferating T cell
E2L3_CAATGACAGGCATTTC,Proliferating T cell
L3_ACATCGAAGCATATGA,NK cell
L1_TTCCGGTTCAAGAGTA,CD8+ Effector T cell
L4_CAGTTAGAGCGCCATC,Naive CD4+ T cell
L3_CTGGACGAGGTTGAGC,Naive CD4+ T cell
L3_CACGGGTCAGCTGAGA,Naive CD4+ T cell
E2L1_GTCGCGAAGTAATTGG,Plasma cell
E2L8_TGGTACACAAGCCTGC,Proliferating T cell
E2L1_CCACGTTCATTACTCT,CD16+ Monocyte
E2L8_ACGGAAGTCCGTGTAA,CD8+ Effector T cell
L2_TCAAGTGCATGCGGTC,CD8+ Effector T cell
E2L5_GCTGCAGTCTTACCGC,Erythroid cell
E2L2_ATTCTTGGTTTACTTC,CD14+ Monocyte
L1_AGGAGGTAGGGCCTCT,Memory B cell
E2L5_GTCTACCAGTGGTGAC,Naive CD4+ T cell
L1_CTGCCTACAAGCGATG,Plasmacytoid Dendritic Cell
L4_TTGTGGACACGCGTCA,Naive CD4+ T cell
E2L3_TTGGGATGTCATAGTC,MAIT / Effector Memory T cell
L4_TGAGCATGTATGGAGC,Naive CD4+ T cell
E2L5_TCGGGCAAGCGACTAG,Naive B cell
E2L3_TAGGTTGCACATGGTT,Platelet
E2L5_GGGTCACCAGCAGACA,Plasmacytoid Dendritic Cell
E2L7_CCTTTGGGTCACCGAC,Naive CD4+ T cell
E2L6_AAACGCTCAAATGATG,CD16+ Monocyte
E2L8_CCCTCTCAGTGGCCTC,NK cell
E2L2_AGGACTTAGCGCCTTG,Memory B cell
E2L2_AGGTTACAGGGTCACA,NK cell
E2L4_TCATTGTGTCCTTTGC,Naive CD4+ T cell
L1_CCCAACTTCATTGAGC,CD8+ Effector T cell
E2L1_TATCGCCGTGATGAAT,Naive CD4+ T cell
E2L3_AATGGAAGTCGAGATG,Proliferating T cell
E2L6_ACATGCACACTCTAGA,Memory B cell
E2L1_CTTACCGTCATATGGC,Naive CD4+ T cell
E2L4_TCGTCCAAGCGATGGT,cDC2
E2L2_TCCACCAAGTGTTCCA,CD8+ Central Memory T cell
E2L2_ACACCAACATGACAGG,Platelet
L1_TAGTGCAGTGTCCAAT,Naive CD4+ T cell
E2L8_ACTATCTAGAAACCCG,Treg / Activated T cell
L4_TGACAGTGTGATAGAT,CD16+ Monocyte
L1_GCCAGGTGTCTTTCAT,CD8+ Effector T cell
E2L7_AAATGGACAAATCAGA,CD14+ Monocyte
L3_TCCACGTGTGGGAGAG,Plasma cell
E2L2_TGCACGGTCAGTCAGT,Memory CD4+ T cell
E2L4_GTTATGGCAAGAAACT,Memory B cell
L1_AGACCCGTCCGTATAG,Memory CD4+ T cell
L2_GTGGAAGGTGGATCAG,Memory CD4+ T cell
L2_TATTTCGGTGCAGTGA,Memory B cell
E2L7_CCGCAAGAGTAAGACT,Proliferating T cell
L3_TGGTGATTCTCATGCC,Memory CD4+ T cell
E2L6_TACAGGTTCCGCACTT,CD14+ Monocyte
L5_TGAGGAGGTTCTCGCT,NK cell
L1_TTAGGCACATCGTGCG,Plasmacytoid Dendritic Cell
L4_TGCACGGTCCTACGGG,Memory CD4+ T cell
E2L5_CGCAGGTGTCTGCGCA,CD16+ Monocyte
L1_ACTATTCTCTAAGGAA,Memory CD4+ T cell
E2L8_ACATGCAGTCGAAACG,NK cell
L1_CTGTATTGTATCCCAA,cDC1
L1_GTAGGTTAGGAAAGGT,Treg / Activated T cell
L2_GGGCCATCATGGAGAC,CD8+ Effector T cell
E2L3_AGGGAGTAGGTCGCCT,NK cell
L5_GGGTGAACATATTCGG,NK cell
E2L7_TGATGGTTCACGGTCG,NK cell
E2L6_TAAGTCGAGGGCAATC,NK cell
E2L4_GGCTGTGAGCAGGTCA,Naive B cell
E2L6_TACGGGCTCACGACTA,CD14+ Monocyte
E2L4_CTACATTAGGGATCAC,Proliferating T cell
L1_GGGTCACCACCTGCTT,Memory CD4+ T cell
E2L6_AGTGATCCAGGTCAGA,CD16+ Monocyte
E2L7_GTCACGGCAGGGATAC,Plasmacytoid Dendritic Cell
E2L7_TCGATTTGTGCCTTCT,cDC2
L4_CACTGTCAGAGATGCC,Naive CD4+ T cell
E2L5_CACGTGGAGGAAAGGT,cDC1
L1_ACCAAACCAACTGGTT,CD8+ Effector T cell
L2_CCACGTTCAAGTATCC,Memory CD4+ T cell
E2L3_AGGAAATAGACATCAA,NK cell
E2L1_GCCATTCCACCAACAT,Naive CD4+ T cell
L3_CCTGTTGGTTCTCCCA,Plasma cell
L3_TCGCACTGTAGTCCTA,Memory CD4+ T cell
L2_TGTCAGAGTGGGACAT,Naive CD4+ T cell
E2L4_ACTATTCTCCGCCTAT,Plasmacytoid Dendritic Cell
E2L2_TCCCATGAGGCCCACT,Naive B cell
L2_TACTTCAAGCTGTTAC,HSPC
E2L1_CCTCAGTGTCGTATTG,CD14+ Monocyte
L1_GTTTACTGTTTACCTT,CD16+ Monocyte
L3_CAAGAGGTCGACTCCT,cDC2
E2L3_TCGGTCTTCGCAGAGA,Naive CD4+ T cell
E2L8_GTAGAGGAGTCATGGG,Naive B cell
E2L5_ATTCATCCAGGCGAAT,cDC1
E2L2_TTACCGCGTTCTAACG,cDC2
L5_TCATGGACAGTAACCT,CD16+ Monocyte
L4_GATCACATCGCGTAGC,Naive B cell
E2L3_TTTGTTGAGGATACGC,Proliferating T cell
L1_GCGATCGAGGCACTAG,Plasma cell
L1_TCACGCTAGCATCGAG,HSPC
E2L2_TTCCTCTTCGGACTGC,Naive CD4+ T cell
L4_TCGAAGTAGACCATTC,cDC2
E2L6_TGCTGAAGTTGCCGAC,Memory CD4+ T cell
E2L8_GGTAACTAGAGCCGTA,Memory CD4+ T cell
E2L5_GTCCTCACAAGCGGAT,Memory CD4+ T cell
E2L6_GGAGATGTCTGCACCT,MAIT / Effector Memory T cell
E2L5_AAGGAATTCTGAGCAT,cDC1
E2L8_GATGACTTCTAGTACG,CD14+ Monocyte
L5_GGGAGATAGTGGAAAG,MAIT / Effector Memory T cell
L1_AGAAGTACATGTCTAG,Plasmacytoid Dendritic Cell
L2_TGATTTCAGTGAGGCT,NK cell
E2L5_AATTTCCAGGAACGTC,Naive CD4+ T cell
E2L6_GTGTGATTCGCTCCTA,Treg / Activated T cell
E2L2_TGTCCACGTGAATATG,Naive CD4+ T cell
L5_TGAGGTTGTGTTGAGG,cDC2
E2L8_GCACATAAGTCATCCA,CD14+ Monocyte
L5_TCCTAATAGTAAGCAT,Plasma cell
L5_CTTACCGAGGAAGTCC,CD8+ Central Memory T cell
E2L5_TCGATTTGTGTAACGG,CD8+ Effector T cell
E2L7_CAACAGTAGTAAACAC,Platelet
E2L1_TAGAGTCTCCTTCGAC,NK cell
L4_CTGTGGGCACAACATC,Memory CD4+ T cell
E2L1_CACAGGCCACGACTAT,Plasmacytoid Dendritic Cell
E2L7_TTACCATCAATGCTCA,NK cell
L1_TCGACGGCACAGACGA,Naive CD4+ T cell
E2L7_GGTTGTATCCGATTAG,Naive CD4+ T cell
L3_AGCTTCCAGAAACCAT,Naive CD4+ T cell
E2L2_CTCCATGCATTACGGT,Memory B cell
E2L7_ACCAACATCCATATGG,Plasma cell
E2L7_GTCTCACAGACGCCAA,MAIT / Effector Memory T cell
E2L3_CTCAGAATCGTTAGTG,Naive CD4+ T cell
E2L4_GGATCTATCTCGCAGG,Memory B cell
E2L5_GCACATAAGCGGGTAT,NK cell
L5_GATGCTAAGAGTCACG,Naive CD4+ T cell
L4_CTCCCTCCAACTTCTT,Naive CD4+ T cell
L4_CCTCTCCAGGTCATCT,Naive CD4+ T cell
E2L7_GAGGCAACAAATTGCC,Plasma cell
E2L4_GACGCTGTCAGCCCAG,CD8+ Effector T cell
E2L5_TTCCTAACATATCTGG,CD16+ Monocyte
E2L6_ATAGAGAAGCCGTCGT,Memory CD4+ T cell
L1_TGCAGTACATCCGCGA,Proliferating T cell
E2L2_CAACAACTCGTCAGAT,cDC2
E2L1_CCTGTTGTCCGTGGTG,NK cell
L4_GTGTAACGTGTCTTCC,cDC1
E2L6_TCGTGGGAGTTTAGGA,Plasma cell
L3_ACAACCAGTTTCCCAC,Memory CD4+ T cell
L3_TATCTTGAGGTTCAGG,cDC2
L5_CCGTTCAAGCATCAAA,MAIT / Effector Memory T cell
L4_GAAGGGTTCCGTGTAA,Memory CD4+ T cell
E2L5_ATCCACCGTTCTCGTC,Plasma cell
E2L4_CGAAGTTGTCGGATTT,Plasmacytoid Dendritic Cell
E2L2_ACGGAAGAGACTCAAA,Naive CD4+ T cell
E2L2_ACTATTCGTCAGTCCG,Naive B cell
L5_AACCCAATCTAGACCA,Plasma cell
L2_TGACTCCTCGACTCCT,Naive CD4+ T cell
E2L4_TGCAGTAGTACCCAGC,Naive B cell
E2L4_CCGATGGAGGGATCTG,NK cell
E2L8_TTACCATAGTCCCTAA,Memory B cell
E2L7_TGGTTAGAGCTAGAAT,cDC1
L2_GACCCTTGTGGAATGC,CD14+ Monocyte
L3_ACACGCGCACGACAGA,CD14+ Monocyte
L2_CCTGCATGTTCAGCGC,CD16+ Monocyte
L3_ATCACTTAGCCGAACA,MAIT / Effector Memory T cell
L1_ACAACCATCAGATTGC,Naive CD4+ T cell
E2L6_TGTTCATAGTCCCTAA,CD16+ Monocyte
E2L4_CCAATGAGTTATCTTC,cDC2
L1_CTACATTGTATGCTAC,CD16+ Monocyte
L4_AACCTTTTCAGCACCG,Naive B cell
E2L7_CATGCGGGTAGCACAG,CD14+ Monocyte
L3_TCCTGCAAGGCCACCT,Plasma cell
L4_CGTGTCTCATTCACCC,Memory B cell
E2L3_GTTTACTAGGATACGC,Naive B cell
L2_CAAGACTTCTTCTGGC,Proliferating T cell
E2L7_GAAGCGACACTCCACT,Naive CD4+ T cell
L4_AAATGGAGTTCAATCG,Memory CD4+ T cell
E2L4_GATTCTTGTAACGGTG,cDC2
E2L8_TTGGGCGTCCGAAATC,Naive CD4+ T cell
L1_ATACCGAGTCGACTGC,CD16+ Monocyte
E2L3_AGAGAATCATACTGTG,Platelet
E2L8_CTCCCTCGTGCGACAA,NK cell
L3_AGGAGGTCATGGCGCT,CD8+ Effector T cell
L5_TCGCAGGCAAGCACCC,Plasma cell
E2L5_CCTCCAAGTAACACCT,CD14+ Monocyte
E2L6_CACCAAATCCTCTAAT,Naive CD4+ T cell
L2_GGAACCCAGGCAGGGA,Platelet
L5_AATGGAAAGTCATACC,CD16+ Monocyte
E2L3_CACGTTCTCTGCTGAA,Treg / Activated T cell
L5_ATCGGATAGTAGCATA,NK cell
E2L8_AGAGCAGAGTTGTCGT,Erythroid cell
E2L1_TACCTGCGTGAGCAGT,Plasma cell
E2L6_ATCGGATTCAGTCCGG,Memory B cell
E2L2_CCTACGTGTCAACACT,Naive CD4+ T cell
E2L2_ATAGGCTTCCCTCATG,Proliferating T cell
E2L2_AATTCCTCACCTCTAC,MAIT / Effector Memory T cell
E2L1_GGGAAGTCACAGCCAC,Proliferating T cell
E2L4_CGAAGGACAGAACGCA,MAIT / Effector Memory T cell
E2L1_TTCTGTAGTAGTCGGA,CD14+ Monocyte
L4_AGTACCACAAATGAAC,MAIT / Effector Memory T cell
E2L1_TGGGAGATCAGCAATC,Naive B cell
L1_CGGAATTCACAACGAG,Naive B cell
L2_ATAGGCTTCGGCAGTC,Naive B cell
L2_GATGAGGCAGGCGAAT,Naive CD4+ T cell
E2L6_TCTCAGCGTCCAGAAG,cDC2
E2L3_CATGCAAGTACTGCGC,CD14+ Monocyte
L5_CCCTCAAGTACAAAGT,HSPC
E2L8_TTCCTCTTCCATCTGC,Plasmacytoid Dendritic Cell
E2L1_ATCACGACACGCGTCA,Memory CD4+ T cell
L3_AGTACTGCACCAGCTG,Proliferating T cell
E2L3_GTCGTAATCATTTCCA,CD14+ Monocyte
E2L2_GGCTTTCCAAGTTTGC,Platelet
E2L3_GGCGTCAAGCACCAGA,Memory CD4+ T cell
E2L8_CACTGTCCATGTCTAG,HSPC
L1_GAACGTTTCTGGTGGC,CD14+ Monocyte
L3_AGCCACGCATTGACCA,Memory CD4+ T cell
L3_GCCGATGTCCCATTCG,Naive CD4+ T cell
L2_GTTTACTCAAATTGGA,NK cell
L4_TATTTCGGTCCAGCAC,Naive CD4+ T cell
L2_TCGGATAAGTTCGGTT,Naive CD4+ T cell
E2L6_CGGGTCAAGAAGAGCA,Naive CD4+ T cell
L5_AAGCATCGTTACCTGA,MAIT / Effector Memory T cell
E2L1_GCGTTTCAGTAGTCTC,Memory B cell
E2L6_TCATTGTAGCACCGAA,Proliferating T cell
L1_AACAGGGCATGCCATA,Plasmacytoid Dendritic Cell
E2L7_ACGGGTCGTACTCCCT,CD8+ Effector T cell
E2L6_GGTTAACCAGTGGCTC,Proliferating T cell
E2L4_GTGAGTTAGGGATCAC,Memory B cell
L1_AGGGCTCAGGGCGAAG,cDC1
E2L7_AGGCATTGTGTACGCC,Naive CD4+ T cell
L2_CGCAGGTGTGGACTAG,Proliferating T cell
E2L4_CAAGACTGTCTACGTA,Naive B cell
E2L6_TCAGCAATCAAGCTGT,Memory B cell
E2L4_GACTGATTCGCTGCGA,CD8+ Effector T cell
E2L2_CGTAATGGTCTACGTA,HSPC
L5_TTAATCCAGCCACAAG,MAIT / Effector Memory T cell
E2L4_GATGACTAGGCCTGCT,CD16+ Monocyte
E2L4_CCTCCTCCACATGAAA,CD14+ Monocyte
L4_GACCAATGTGCTGATT,NK cell
E2L6_ATCGATGGTTCCTAAG,CD14+ Monocyte
L2_CTGGTCTAGATAGCAT,Memory CD4+ T cell
E2L5_TGAGACTTCGGTAGGA,Platelet
L1_TATCGCCGTTGGGTTT,NK cell
L5_GTCCTCAAGCCTTTGA,CD8+ Effector T cell
L1_TAGGAGGAGCTGTGCC,Naive CD4+ T cell
L2_ATGAGGGGTTCTGAGT,Naive CD4+ T cell
E2L5_TCCCAGTCAGGCTCTG,CD14+ Monocyte
E2L2_CTCATCGCAGAGTCAG,CD8+ Central Memory T cell
E2L3_TTGGATGGTCCCGCAA,NK cell
E2L1_ATAGAGACACAGTCAT,Platelet
L4_AAGGTAAAGGACAGCT,CD16+ Monocyte
E2L3_CGCATAACAGTGGGTA,Memory B cell
E2L2_AGCGATTTCCTCACTG,NK cell
E2L2_TGCCGAGTCGATCCCT,MAIT / Effector Memory T cell
E2L7_GGGTAGACAGCGTACC,CD8+ Effector T cell
E2L7_TCATGGATCTATCCAT,Memory CD4+ T cell
E2L8_ATGGATCCATGGGTCC,CD8+ Effector T cell
L2_GGGCTCATCGTTATCT,Platelet
E2L1_GCACATATCCATTTGT,Naive B cell
L2_CTGTAGACACGACGCT,NK cell
L1_TACCTGCTCCTGTAGA,Memory CD4+ T cell
L1_GGGTGAATCTCATGGA,Naive CD4+ T cell
E2L8_CTGAGCGGTTTACGTG,Treg / Activated T cell
E2L7_AGGGCCTCATGGATCT,Naive B cell
L4_ATGAAAGAGGTCTTTG,Naive CD4+ T cell
E2L6_CGCGTGACAATCACGT,cDC2
L5_CGAGTTACAGAGTGTG,Memory CD4+ T cell
E2L8_ATGGTTGCAAGCGCTC,Proliferating T cell
L3_CTCTCAGAGCTAAGTA,Memory CD4+ T cell
L4_GTAACCAGTTCCACGG,Treg / Activated T cell
L3_TACCCGTCAGTGGCTC,HSPC
L5_GTTGTAGGTAGAGATT,Naive CD4+ T cell
E2L3_TCGGTCTGTTGTGCCG,CD8+ Effector T cell
L1_TGGAACTGTGGATGAC,CD8+ Effector T cell
L5_CATCGCTTCAAACGAA,Naive CD4+ T cell
E2L7_TGTACAGGTTGGCTAT,Treg / Activated T cell
E2L7_CCAATTTAGCATGCGA,CD14+ Monocyte
L5_GACTTCCTCTCGCCTA,HSPC
L3_CCATCACCACAGTCAT,Erythroid cell
L5_TAGATCGCAGTATTCG,Naive CD4+ T cell
L1_GGGTAGAAGAAGGATG,Memory CD4+ T cell
L3_AACGGGACACTCTCGT,CD14+ Monocyte
E2L5_CGTTAGAGTAGCACAG,Naive B cell
E2L7_GGCTTTCCATAAGATG,Naive CD4+ T cell
E2L1_CCATAAGCAAATGAGT,CD8+ Effector T cell
L3_ACAAAGATCGCAAGAG,HSPC
L3_TAGAGTCTCCGCACGA,CD8+ Effector T cell
E2L4_CTCCTTTTCACGGGAA,Plasmacytoid Dendritic Cell
E2L2_TTCCTCTAGGCACGAT,Proliferating T cell
E2L1_AATAGAGTCAGGACAG,NK cell
E2L5_TGGGCTGTCATCGGGC,Memory B cell
E2L4_TACACCCTCTCGTCGT,CD8+ Effector T cell
L2_AAACCCAAGTAACAGT,CD8+ Effector T cell
L4_AGAGCCCAGGAAAGTG,Proliferating T cell
L4_CAATCGATCGCAACAT,Memory CD4+ T cell
E2L2_TGGGCTGAGCCTAACT,Platelet
L1_CAATACGGTTATGACC,Naive CD4+ T cell
E2L7_ACACCAAAGACGCATG,cDC1
E2L3_TACATTCCATGGCGCT,Platelet
E2L6_AATTTCCTCGGAGTAG,CD8+ Effector T cell
L1_TGATGCAGTTGTGTAC,Erythroid cell
E2L8_TGGGTTATCGTGGCGT,MAIT / Effector Memory T cell
L1_TTCCTAAGTTCCGCGA,Memory B cell
E2L3_GGAGGTAGTATAGGAT,NK cell
L5_ACAAGCTTCCACCCTA,MAIT / Effector Memory T cell
L5_GAGATGGAGACAAGCC,Naive CD4+ T cell
E2L8_GAGTCATGTCCGACGT,CD8+ Effector T cell
E2L8_CTATAGGAGGCTTAGG,Naive CD4+ T cell
L2_TGAGCGCTCTGCTAGA,Plasma cell
E2L2_CCTGTTGTCGGTATGT,Plasma cell
E2L2_AGTAGCTAGTAACGTA,Memory CD4+ T cell
E2L6_TGTGAGTAGATTTGCC,MAIT / Effector Memory T cell
L5_CATTGTTAGACTACCT,Memory CD4+ T cell
L2_TCCTTCTGTTCTCTAT,HSPC
L5_TATATCCAGGTGCGAT,Naive CD4+ T cell
L2_ACAGCCGGTGCCTACG,Naive CD4+ T cell
E2L2_CTATCCGTCTTCCTAA,Naive CD4+ T cell
L5_CATACTTAGAATGTTG,Proliferating T cell
E2L5_CCGGGTACAGCTTTCC,CD8+ Effector T cell
E2L4_AAGACAAAGCGTGAAC,Naive B cell
E2L4_TTCCTCTGTCACCGCA,Memory CD4+ T cell
E2L3_GGTAGAGGTACTTCCC,cDC2
E2L8_GAGACCCCATTGGATC,Memory CD4+ T cell
L1_GGCTGTGAGGCTTCCG,CD8+ Central Memory T cell
E2L2_CTTTCAATCCTTTGAT,CD8+ Central Memory T cell
E2L1_TTCACCGGTGAACTAA,Plasmacytoid Dendritic Cell
L4_GTGTTAGTCCGGTTCT,MAIT / Effector Memory T cell
L4_ACTATGGGTCTGATCA,Naive CD4+ T cell
L2_GTTTGGAGTAATACCC,Proliferating T cell
L4_TCAAGCATCAGTCATG,Erythroid cell
E2L2_AGAACCTCAGCTACAT,NK cell
E2L6_ATGATCGTCTAGTGAC,Proliferating T cell
E2L6_GGTTGTATCGACCTAA,Memory B cell
E2L1_CACACAAGTTGCGAAG,Plasma cell
L5_TCCGAAAGTGCATGTT,Naive CD4+ T cell
L3_TCATGCCAGACCAGAC,Naive CD4+ T cell
L4_AGCTCAATCGAGGCAA,HSPC
L3_TCCATCGTCCGTGGGT,CD8+ Effector T cell
L3_CCCTCTCCAACCGTAT,Naive CD4+ T cell
L4_ATCCATTTCTGGGCAC,cDC2
L5_AGACAGGTCATCGTAG,Naive CD4+ T cell
E2L6_ACACTGATCATCCCGT,CD8+ Effector T cell
L5_TGAGACTTCATGGGAG,HSPC
E2L1_TCGGGTGCACGGTGAA,Naive CD4+ T cell
L2_GCGGATCAGTGCGTCC,CD8+ Effector T cell
E2L2_CTATCCGGTATGGTAA,Plasmacytoid Dendritic Cell
E2L1_GCCAGCACAGACAAGC,CD8+ Central Memory T cell
E2L6_ATCGATGAGCTAATGA,cDC1
L1_GTCCCATGTCTTTCTA,cDC2
E2L7_AGATGCTCAGCGTATT,Memory B cell
L2_AGACAAATCCATGAGT,Proliferating T cell
L4_GAGAGGTCAGAGGTTG,MAIT / Effector Memory T cell
E2L2_TCTGCCATCACCTCTG,CD8+ Effector T cell
E2L2_GTGAGCCTCTTGGGCG,CD8+ Effector T cell
E2L6_CTGAGGCTCTTACGTT,Memory CD4+ T cell
E2L2_GTAACCAAGCATCAAA,CD8+ Effector T cell
E2L7_AATGGAAGTTCGAAGG,Naive B cell
E2L6_TCCTAATGTGGTTTGT,CD8+ Effector T cell
L1_AAGAACATCTTCTGTA,Memory CD4+ T cell
E2L4_TCCACGTAGCCACAAG,Naive CD4+ T cell
E2L3_CGAGGCTAGTTGCCTA,NK cell
E2L3_AGGATAAGTTAGGCCC,NK cell
E2L1_GGGTATTTCATTGCCC,Proliferating T cell
E2L6_GTAATGCTCAGTCCGG,CD8+ Central Memory T cell
E2L2_CTATCCGAGGCATTTC,Plasma cell
E2L5_AACGGGAAGGGTCTTT,Memory CD4+ T cell
E2L4_GGGAAGTGTGGGAGAG,NK cell
L2_ATGATCGGTGCATTAC,NK cell
E2L3_AGGAAATTCCCGTGAG,CD8+ Effector T cell
L3_GGGCTCAAGAAGCGGG,CD8+ Central Memory T cell
L1_GTTGTAGCACTGGATT,cDC1
L5_GTGCTGGGTTAGAGAT,Memory CD4+ T cell
E2L5_CGAAGTTAGTACCCTA,CD8+ Effector T cell
E2L5_GCCATTCGTGTAAACA,Memory CD4+ T cell
E2L2_AGTACCAAGACCATTC,cDC1
E2L8_ACAGAAATCTATCACT,Proliferating T cell
L2_TCATCATGTCGATGCC,CD8+ Central Memory T cell
L4_ATGAGTCCAACATACC,Proliferating T cell
E2L8_GACTCTCCAATAGAGT,Naive B cell
L1_AAAGGATAGAGACAAG,Plasmacytoid Dendritic Cell
L4_GGCGTCAAGGCAGCTA,Memory B cell
L4_TAGGTACCAGGCGTTC,cDC2
E2L7_GTTGTAGTCAAGCCTA,NK cell
L1_CAGTGCGCACGCGGTT,Naive CD4+ T cell
L5_CTGTGAAAGGTTGCCC,Naive CD4+ T cell
E2L2_AGAGAGCTCCGGTAGC,Plasmacytoid Dendritic Cell
L3_GGCAGTCGTCCAACGC,cDC1
E2L1_TTGAACGTCCACACAA,Proliferating T cell
L1_TTCACCGTCCCAATAG,MAIT / Effector Memory T cell
L2_TTGTTGTGTCTCACGG,cDC2
L5_TTCCTCTCATAGGTTC,HSPC
E2L2_ACGGGTCGTCATCGCG,Naive CD4+ T cell
E2L8_TGCGGCAAGAGTTGTA,Naive B cell
L1_GACTATGAGTGCACCC,Memory CD4+ T cell
E2L6_TAACCAGTCAGTGTTG,Naive CD4+ T cell
E2L8_CGAGGAAAGACTGTTC,Memory CD4+ T cell
E2L8_ACAAAGACATCTCATT,Naive CD4+ T cell
L1_GTCGAATAGCCTCCAG,Memory CD4+ T cell
E2L5_TGTCCTGGTTGGAGAC,Erythroid cell
L4_TAACGACGTACCGTCG,Naive CD4+ T cell
L3_GGTTCTCCATGGGCAA,HSPC
E2L7_CAACAACAGTACAACA,Platelet
L3_GGACGTCAGCTAAGTA,cDC2
E2L2_CGAGTGCTCTTGCAAG,cDC2
L4_CCGGTGACACACAGCC,HSPC
L5_GCCCAGAAGTCCTGCG,CD8+ Effector T cell
L2_CTAACTTAGGCACTAG,CD8+ Central Memory T cell
L4_ATCTCTATCTTGCAGA,CD8+ Effector T cell
E2L8_CCTTTGGCAACGAGGT,Proliferating T cell
E2L7_GAGCTGCCAATGCAGG,Proliferating T cell
E2L3_CAACAGTTCGATTTCT,NK cell
L4_GTGCTTCAGGGCGAGA,Naive CD4+ T cell
E2L4_TATTCCACAACTGATC,Platelet
L2_GCTACAATCTCTAGGA,Naive CD4+ T cell
E2L4_TTGCGTCTCACGATAC,Plasmacytoid Dendritic Cell
L1_CAGCAATCATGATGCT,Naive CD4+ T cell
E2L7_CGGACACTCGTTGTGA,Proliferating T cell
L2_GCATTAGCAGCTACCG,Naive B cell
L2_CGAAGGACAGTTGAAA,cDC2
E2L2_TACTTGTGTACCTTCC,Memory B cell
E2L3_ATCACAGGTCAACACT,Memory CD4+ T cell
E2L5_ACATCCCGTAGAATGT,Plasmacytoid Dendritic Cell
L4_CGCATGGCATCCGGCA,CD8+ Central Memory T cell
L1_GTAATCGCAGACGCTC,MAIT / Effector Memory T cell
E2L4_GCCGTGATCCAAGCCG,Naive CD4+ T cell
E2L3_GATGACTTCGTGGAAG,NK cell
E2L7_CCTCATGTCTATACTC,Proliferating T cell
E2L7_AAGCGAGTCTATGCCC,Proliferating T cell
E2L4_CAGCAATGTTTCGTAG,Memory B cell
E2L3_GAACGTTAGGTTCCGC,CD14+ Monocyte
E2L2_GTATTTCAGAGTCCGA,NK cell
E2L5_AGTGATCCAGAAATTG,NK cell
L3_TTGCCTGTCGTTTACT,Naive CD4+ T cell
L2_TTAATCCCATGACACT,CD8+ Effector T cell
E2L5_TAGGTTGTCATTCTTG,Memory B cell
E2L5_ATCCATTTCTTTGATC,Plasma cell
E2L3_TCCGATCAGGCGAAGG,Memory B cell
L1_AAGACTCAGGCAGGGA,Naive CD4+ T cell
E2L5_TTTGACTTCTTCTAAC,Naive CD4+ T cell
E2L6_GTTACAGTCCATCACC,Memory CD4+ T cell
L4_GGAGGTAGTCGTTTCC,Naive CD4+ T cell
E2L6_TATCCTAGTTCGTTCC,CD8+ Effector T cell
E2L6_TATTGGGCAGATACTC,Treg / Activated T cell
E2L3_GCGTGCACAAACTAAG,CD8+ Effector T cell
E2L8_GATTGGTCATAACGGG,Platelet
E2L1_CTTTCGGTCCATGCAA,CD8+ Effector T cell
E2L3_GAGATGGGTCTGCCTT,Memory CD4+ T cell
E2L8_GGTAACTGTGGCAACA,NK cell
L1_TTACGTTTCCCATACC,Naive B cell
E2L4_TGTTACTGTTGCTCCT,CD8+ Central Memory T cell
E2L6_CTCTGGTAGCTAATCC,Proliferating T cell
L3_CTGCGAGGTAGGTTTC,Memory B cell
L4_ATTTCTGTCTCCGTGT,Memory CD4+ T cell
E2L2_AGATCCATCAGGACAG,NK cell
L1_GCAGCTGTCGAGAATA,Plasmacytoid Dendritic Cell
E2L4_GTGGAAGAGCCATCCG,Platelet
L1_AGGGTCCCAGCCCACA,Naive CD4+ T cell
L5_GCAGTTAGTCTTTCAT,CD8+ Effector T cell
E2L3_CTATCTACACCAGTTA,Memory B cell
L3_GTTAGTGCAGATTCGT,cDC2
E2L1_GTAACACCAACACGTT,Proliferating T cell
E2L3_TCTTCCTCAGCGGATA,Memory B cell
E2L6_GCATGATAGAGGCTGT,NK cell
L2_CCTACGTTCGCTGATA,Naive CD4+ T cell
E2L4_CTCATCGAGCGTGAAC,Platelet
E2L7_ATGAAAGCAATCAAGA,CD14+ Monocyte
L4_TGACTCCTCGTGCATA,Naive CD4+ T cell
E2L7_TTACCGCGTCAAGTTC,Plasma cell
L4_CTGAATGTCCGTGGCA,Naive CD4+ T cell
L4_ACATGCAGTACCGTCG,Plasmacytoid Dendritic Cell
E2L6_TCCGATCCAATTCGTG,CD8+ Effector T cell
E2L2_ACGTAACAGGTTGGTG,Memory B cell
L4_CACTGAAGTCGGTGAA,CD8+ Effector T cell
L4_TGATTCTTCATCGTAG,CD8+ Central Memory T cell
E2L8_GGGTATTCAATGACCT,NK cell
L5_CGCATAAAGATACATG,Proliferating T cell
L5_CTGTATTTCTTGGATG,Memory CD4+ T cell
L1_GAACACTCATAATGAG,cDC2
E2L2_AGGAGGTTCGGACAAG,Platelet
E2L7_AGGGCTCAGATACTGA,Treg / Activated T cell
L5_GTATTTCAGTACAACA,Naive CD4+ T cell
E2L6_ATTCGTTTCAACCGAT,Memory B cell
E2L8_TGGATGTTCATTGTGG,cDC2
L1_GAGAAATCATGTTTGG,Proliferating T cell
E2L5_CGGCAGTTCGATGCAT,NK cell
E2L2_ATGTCTTAGAGAGCAA,Naive CD4+ T cell
E2L4_GTCTGTCTCTCCTACG,Naive CD4+ T cell
E2L8_ATGGAGGGTTCTCTCG,Naive B cell
L3_AAAGGGCGTGCAGATG,Naive CD4+ T cell
L1_TTCCTAAAGGCAATGC,Naive CD4+ T cell
L5_CTCCAACGTCACTAGT,Plasmacytoid Dendritic Cell
L1_CCTCTCCTCGCGATCG,Memory CD4+ T cell
E2L3_ACGTCCTTCAACGCTA,Plasmacytoid Dendritic Cell
L1_AAAGGGCGTAGTAAGT,Proliferating T cell
L2_TTAGTCTTCACGGAGA,HSPC
E2L8_TTGCGTCAGCTAATCC,CD8+ Effector T cell
L2_ATCCACCGTGTAACGG,Erythroid cell
E2L5_TCGTAGAAGTCGAAAT,Treg / Activated T cell
L5_TGTCCTGCACGGGCTT,CD8+ Central Memory T cell
E2L4_ATTGGGTGTCATAAAG,Proliferating T cell
E2L4_GACCCTTGTGCGTCGT,Memory B cell
E2L7_CGAGGAACAGCATTGT,Plasma cell
E2L7_CCTACGTTCGCTCTCA,CD8+ Central Memory T cell
E2L1_CACAACATCTTAATCC,Memory B cell
L1_CATAAGCTCACTTGTT,Naive CD4+ T cell
E2L1_ATCCTATAGTCACTGT,NK cell
L5_TCCTCGAAGTCTACCA,HSPC
L5_CGCCATTCAGCTAACT,Memory B cell
E2L6_ATGACCATCGCCAACG,CD14+ Monocyte
E2L2_GCGTGCAGTCCAATCA,CD8+ Effector T cell
L1_CGGTCAGCAGTATTCG,Proliferating T cell
E2L6_CTCAGGGCACGAGAAC,Memory B cell
E2L3_ACATGCAGTGAGCTCC,Memory CD4+ T cell
L2_TAGCACAAGGCTAACG,Memory B cell
E2L1_CTCTCAGTCCAAGCTA,Plasma cell
E2L1_CTGTAGACACACCTAA,CD8+ Effector T cell
E2L1_AGGCATTAGACGTCCC,Memory CD4+ T cell
E2L5_TACGCTCGTGCAATAA,Treg / Activated T cell
E2L8_ATCAGGTGTCTAGATC,Memory B cell
E2L1_GCCAACGGTCAAACGG,Memory B cell
L1_CAGCAATGTACCGCGT,Memory CD4+ T cell
L5_AAGCCATGTAGAATGT,MAIT / Effector Memory T cell
E2L1_CCGTTCAGTGTATTCG,Plasmacytoid Dendritic Cell
L4_TCTTCCTAGTTGTAGA,cDC2
L2_CCGGTAGTCAAGGCTT,MAIT / Effector Memory T cell
E2L3_TTCGCTGCATGCTGCG,Naive CD4+ T cell
L3_ACTCTCGGTCGTACAT,Naive CD4+ T cell
L5_TCTTAGTCACCCTATC,Naive CD4+ T cell
E2L8_GCGAGAATCACGGGCT,NK cell
E2L5_TCAGCCTAGTGTACCT,CD8+ Effector T cell
L4_GTAATCGCAGTTGTTG,Naive CD4+ T cell
E2L5_CGGAACCGTCCGGTCA,Naive B cell
L2_GCAACCGTCCGTAGGC,cDC2
L4_TGCACGGGTCGCATGC,Platelet
E2L3_AATCGTGTCCGGACGT,CD14+ Monocyte
E2L4_TCATTACAGTTGCCCG,CD8+ Central Memory T cell
L1_CTTCTCTCACTGAGTT,Naive CD4+ T cell
L5_GCTTCACGTGGCTCTG,Naive CD4+ T cell
L3_TCATGTTTCGCTGTTC,MAIT / Effector Memory T cell
L4_GCGGATCTCGAGTGGA,Memory CD4+ T cell
E2L1_CGATGGCGTGTTGACT,Treg / Activated T cell
L1_TGCTGAAGTCTCGGAC,Naive CD4+ T cell
E2L4_TTTAGTCGTCACTAGT,Memory B cell
L2_CTCGAGGCAAACCGGA,Naive CD4+ T cell
L3_AGGGTCCCATGGACAG,Proliferating T cell
E2L6_TGAGCATAGTTCCAGT,cDC2
L3_CGAGTTATCAATCCAG,Memory CD4+ T cell
L2_ACTATCTGTTCGGCGT,Plasma cell
L5_AACAACCTCGTTGTGA,CD14+ Monocyte
L5_TATGTTCGTATTTCTC,CD16+ Monocyte
E2L8_CCGGTAGTCCATTGGA,MAIT / Effector Memory T cell
L4_TGTTCATGTTTGTTGG,CD16+ Monocyte
E2L5_TTTGGAGGTTGCTCAA,Memory B cell
E2L7_AGGGTCCAGTTAGTAG,Memory B cell
E2L7_TGGTTAGTCTGGGATT,Plasmacytoid Dendritic Cell
E2L4_GGGTATTTCCCAGGAC,CD8+ Effector T cell
L4_TGATGCAGTCCTCCAT,HSPC
L2_CCGATGGAGAGCATAT,CD16+ Monocyte
E2L6_ATTCGTTAGCCAAGTG,Memory B cell
E2L5_CTCAAGATCGAACTCA,Naive CD4+ T cell
L1_ACTCTCGGTCATGCAT,NK cell
E2L5_CATGGTAGTCGCCACA,Memory B cell
E2L7_GCACGTGAGACCCTTA,Memory CD4+ T cell
E2L2_GTAGAGGTCGGTGTTA,Platelet
E2L4_ATGGGTTGTACGTGTT,Memory CD4+ T cell
E2L4_ATCCCTGGTTAAACAG,Memory CD4+ T cell
L4_CATTCTACATGTGTCA,MAIT / Effector Memory T cell
L5_GTGAGCCGTGGTGATG,Naive B cell
E2L5_CTGATCCGTTTCCATT,Naive B cell
E2L6_CATCGCTCATGTGGCC,Proliferating T cell
E2L4_CATCAAGAGCGAACTG,CD16+ Monocyte
L2_GTGAGCCGTATCACCA,MAIT / Effector Memory T cell
E2L8_ACGTAACCACATATCG,Memory B cell
E2L8_AATGAAGAGCAAATCA,Memory B cell
E2L4_CCGATGGAGGGTGAAA,Platelet
L5_ACTCTCGAGGTCCCGT,MAIT / Effector Memory T cell
L4_CCTTCAGAGCGATGAC,NK cell
L3_GTTCGCTCATCATTGG,Memory CD4+ T cell
E2L3_CATGAGTTCCTACCGT,CD16+ Monocyte
E2L6_CGTTGGGCACTCCACT,Platelet
L4_ATTCACTGTACCTGTA,CD14+ Monocyte
L1_TAAGCGTCATATCTCT,NK cell
E2L1_GGGACTCTCCTGGGAC,CD8+ Effector T cell
E2L8_GTCAGCGCAGCCCACA,CD8+ Effector T cell
E2L4_GTATTGGTCCTCACTG,Plasmacytoid Dendritic Cell
E2L1_TTGGATGAGCATCAGG,Memory CD4+ T cell
L3_AGTCTCCGTGGAATGC,Naive CD4+ T cell
E2L8_GACTATGAGGAGCAAA,Memory CD4+ T cell
E2L3_TGAGGGACAACAGATA,Memory B cell
E2L7_CTTGATTGTAACAGTA,Proliferating T cell
E2L8_TAAGCACCATAATGCC,CD16+ Monocyte
L4_TTGGATGCATTGGGAG,CD8+ Effector T cell
E2L7_GCGGAAAGTAGAGGAA,Plasmacytoid Dendritic Cell
E2L2_AGGTCATTCGTTCTCG,NK cell
L1_CAACGGCAGCCTGAGA,Memory B cell
E2L1_ATCGCCTTCCTTACCG,Plasma cell
L2_GTGAGCCTCAAGTCTG,Treg / Activated T cell
L5_TACACCCTCATTGTTC,NK cell
L3_GTTCCGTGTTTCGTTT,Naive CD4+ T cell
E2L4_CGCATAAGTCCCGTGA,cDC2
L1_ATGAAAGTCAACACCA,Memory B cell
E2L5_TTCAGGAGTGACCGAA,Naive CD4+ T cell
L5_TACGTCCAGTGATGGC,CD14+ Monocyte
E2L3_GTGCAGCGTGATATAG,Memory B cell
E2L8_TCATGTTGTTGTAAAG,cDC1
L4_CACTTCGTCTCTATGT,HSPC
E2L3_AAGTACCCATCCTGTC,Naive CD4+ T cell
E2L6_TCATGGATCATTTCCA,Memory CD4+ T cell
L2_TACAACGCAGCGTGAA,HSPC
E2L3_TACAACGCATCGATGT,NK cell
L2_GGTTCTCAGGCGCTCT,MAIT / Effector Memory T cell
L2_CATTTCAAGCGACATG,Naive CD4+ T cell
L2_TCATCCGTCTGATTCT,MAIT / Effector Memory T cell
E2L7_TCATACTTCGAACGGA,CD8+ Effector T cell
E2L6_TGAGGGATCTTCCCAG,Naive CD4+ T cell
E2L4_GATTGGTAGAGAGTGA,Naive B cell
L5_TCATTTGTCACATTGG,NK cell
L4_ATGGAGGGTACCCAGC,HSPC
L4_CCACCATCAGCTGTCG,Naive CD4+ T cell
E2L8_TGGATGTAGGCTGAAC,Proliferating T cell
L4_CAAGGGACATAACTCG,HSPC
E2L3_GGGTTTACAGACGCTC,Proliferating T cell
L1_TCTCTGGTCTTTGCAT,Plasmacytoid Dendritic Cell
L5_GATGACTGTTAGTCGT,Naive CD4+ T cell
L3_TGAGCATCAACGTTAC,CD14+ Monocyte
E2L1_TTATTGCTCCCATAAG,CD8+ Effector T cell
E2L7_GTTGTCCCAACTCCAA,Naive CD4+ T cell
E2L6_GATAGAACAATGAGCG,Memory CD4+ T cell
E2L2_AGACCCGCAGCCGGTT,Naive CD4+ T cell
E2L1_GACAGCCCACTAGTAC,CD14+ Monocyte
L3_ATTACCTTCCAGCCTT,NK cell
E2L6_GTGGGAACAACGACAG,NK cell
L3_CTCCATGTCTTAGCCC,Naive CD4+ T cell
L3_CGATGCGTCCTTCTAA,NK cell
L5_CCCATTGCAAGGCTTT,Naive CD4+ T cell
L1_CCCATTGAGGGACCAT,NK cell
L3_AAAGGATGTATAGGGC,Proliferating T cell
E2L7_CATTGTTCACCGAATT,Naive CD4+ T cell
L1_TGATGGTAGCACCGAA,HSPC
L3_GCGTGCAAGTAGGATT,Erythroid cell
E2L8_CAAGAGGCACGGTGAA,CD14+ Monocyte
E2L5_GATGACTGTACGTACT,NK cell
L2_CTTACCGGTGAGCTCC,MAIT / Effector Memory T cell
E2L3_ACAAGCTCAGGTTTAC,Naive B cell
E2L3_CGAGGCTAGGGTCAAC,Naive B cell
L3_TTGCCTGAGATAGGGA,CD8+ Effector T cell
E2L5_CGTAATGCATTATGCG,Naive B cell
L5_GTCAAGTAGGATTACA,CD8+ Effector T cell
L4_AAACGAAAGCCTGACC,cDC2
E2L1_CTACCTGGTTACGGAG,CD14+ Monocyte
L2_AGTAGTCCAACGATCT,Naive CD4+ T cell
E2L4_AGAACAACACTCGATA,Naive CD4+ T cell
L4_CTCATGCCATAAGCGG,CD8+ Effector T cell
L2_CCCTCAACACAGACGA,Naive CD4+ T cell
L5_GTCAGCGGTTTACGAC,CD8+ Effector T cell
L1_CACACAAAGCCTTCTC,Naive CD4+ T cell
E2L1_TGATCTTTCAAGAATG,Memory B cell
E2L6_CTTTCAATCTCAGGCG,Plasma cell
L4_TTACGCCGTAGCGATG,CD14+ Monocyte
E2L2_TACAACGCATACAGGG,CD8+ Central Memory T cell
E2L8_ACATCCCGTCTCCTGT,Platelet
E2L4_TATCCTACACTTCAGA,CD8+ Effector T cell
E2L4_CCCTAACCATTGACAC,CD8+ Central Memory T cell
L5_AGAAGTATCCGTATGA,CD8+ Effector T cell
E2L5_TAGACCAGTAGGGAGG,MAIT / Effector Memory T cell
E2L4_ATTCCATTCTTTCCAA,Plasmacytoid Dendritic Cell
E2L2_CTCAAGACACGGCTAC,CD8+ Effector T cell
L5_AACAGGGGTCACATTG,CD8+ Effector T cell
L3_GACCCAGAGCCTCAGC,Naive B cell
E2L5_CTAACTTTCAGTGATC,Plasmacytoid Dendritic Cell
L1_GTAGAAACATGGCCAC,Naive CD4+ T cell
L4_TGTCAGATCCGTCACT,Memory CD4+ T cell
E2L2_AATCGTGAGCAACAGC,CD16+ Monocyte
E2L3_TGGGTTAAGAACCCGA,Memory B cell
L4_CATGCTCTCCCATTCG,CD8+ Effector T cell
E2L7_ACCTGAAGTCCAGGTC,Plasma cell
E2L7_TTGCTGCCATACCACA,Plasmacytoid Dendritic Cell
E2L8_CTGCCTATCTGCTTTA,NK cell
E2L8_AGCTTCCAGGTCGCCT,cDC1
E2L4_GACTATGTCGACGACC,Memory B cell
E2L2_TTGCTGCAGCCTCGTG,CD16+ Monocyte
E2L1_GGCGTCAGTCGATTAC,Naive B cell
E2L6_ATGGATCAGTAGCAAT,cDC2
E2L6_AGCTTCCGTCAACGCC,CD8+ Effector T cell
E2L6_AAGACTCTCAACGCTA,Platelet
L3_GGCGTCACAAATTGCC,Proliferating T cell
E2L7_GTAAGTCCAAATAGCA,Plasmacytoid Dendritic Cell
E2L5_TTGAGTGAGAGTGTGC,MAIT / Effector Memory T cell
E2L5_TACACCCAGTAGACAT,NK cell
E2L8_TAGCACATCTAGTTCT,CD16+ Monocyte
E2L3_GGTGTTAAGTGCACTT,Platelet
L2_GATGACTAGGACAGCT,Naive CD4+ T cell
L4_CGTGATAAGGTGCTTT,Naive CD4+ T cell
E2L4_GCAGCTGTCTCATTTG,MAIT / Effector Memory T cell
E2L6_TCGTCCAAGTGGCGAT,Memory CD4+ T cell
L3_ACTGCAAGTTAGAAGT,Naive CD4+ T cell
E2L8_ACCTGAAGTTCTTAGG,NK cell
E2L6_GTTCCGTGTTGTACGT,Memory CD4+ T cell
L2_TGCTCGTCAGCGACAA,MAIT / Effector Memory T cell
L5_CCACGTTCATGTAACC,Memory CD4+ T cell
L2_TTGTTCATCCCTATTA,Memory CD4+ T cell
L2_GATGACTCAGGTATGG,Erythroid cell
E2L4_TAGGTACGTGCATTAC,Proliferating T cell
L3_TTTACTGAGATGTTCC,HSPC
E2L1_ACGGAAGGTGGTAACG,NK cell
E2L3_CCAAGCGGTGCAAGAC,NK cell
L2_AGTTCGATCACGGTCG,MAIT / Effector Memory T cell
L5_GTATTTCGTTTGATCG,CD8+ Effector T cell
E2L6_AGGCTGCAGAGTCAAT,Proliferating T cell
E2L4_AGGGAGTGTCGCAGTC,Memory B cell
E2L3_AGGAGGTGTTCGAAGG,Plasmacytoid Dendritic Cell
E2L7_TTAGGGTGTAGGTACG,Naive B cell
L3_TCTAACTGTCGATTTG,Plasma cell
E2L1_TGAACGTAGTTGTCAC,Memory B cell
L4_CGAGGCTAGCGTATAA,Naive CD4+ T cell
E2L3_CCCTCAACAGTAACCT,NK cell
E2L3_CTCAACCGTCATTGCA,CD8+ Effector T cell
L4_CAGAGCCCACAACGCC,Proliferating T cell
L1_CGTGCTTGTAGCACAG,Memory CD4+ T cell
L3_GTAGAAATCCGTTGAA,Memory CD4+ T cell
E2L7_AAGTGAAAGGCGTTGA,Memory CD4+ T cell
E2L4_CTCCAACTCGCTAAAC,CD8+ Effector T cell
E2L4_AGTCATGGTTTCGTGA,Platelet
E2L7_TCAATCTGTCTTAGTG,cDC2
L5_AGGACGATCATCGCTC,Memory CD4+ T cell
E2L8_GAGTGTTTCATTCATC,CD14+ Monocyte
L2_CACGAATTCCTGTTGC,CD8+ Effector T cell
E2L7_TTTCATGCAGTAACAA,Naive CD4+ T cell
E2L5_TCAAGTGAGTGCGCTC,Memory B cell
E2L5_TCTTGCGCATGAGGGT,NK cell
E2L8_AAAGTGAAGCAGCCCT,Platelet
L3_TTGCGTCCACTCTAGA,MAIT / Effector Memory T cell
L2_CATCCACCATGGGTCC,MAIT / Effector Memory T cell
E2L1_TGTGTGATCAGACATC,CD16+ Monocyte
L3_CCTTCAGGTGGATCGA,CD8+ Effector T cell
L1_CTTTCAAAGTAGATCA,Memory B cell
E2L7_CCGTAGGCAACCGGAA,Plasmacytoid Dendritic Cell
L2_ATCCCTGGTTCGATTG,Plasma cell
L3_GTAATGCGTGGGCTTC,CD8+ Effector T cell
E2L4_TGACGCGGTGATGAAT,Plasmacytoid Dendritic Cell
E2L8_TATGTTCAGTAAAGCT,Naive CD4+ T cell
E2L1_CAGATTGCACAAGTGG,Naive CD4+ T cell
E2L6_CTCGAGGCACCTGCTT,Naive B cell
E2L2_TGTCCTGTCGCCAGAC,CD8+ Effector T cell
E2L5_GTATTTCGTCTTTATC,CD8+ Effector T cell
E2L4_CACGTGGCAAACTAGA,Platelet
L3_GTAATGCAGACCAGCA,cDC2
E2L1_TCGAAGTAGCAATTAG,Memory CD4+ T cell
E2L2_AGCTCAACACTGGATT,Memory B cell
E2L8_GGGACCTTCGGCTGTG,CD16+ Monocyte
E2L8_TGCAGATAGCTCTGTA,Memory B cell
E2L6_ATTCTACTCCGGCAAC,Memory CD4+ T cell
L1_CAGCCAGTCCGGTTCT,CD8+ Effector T cell
E2L1_TGTTCCGAGTAGCCAG,Proliferating T cell
L1_TGTGTGACACAATGAA,Treg / Activated T cell
E2L2_TTACAGGGTGGTAATA,Naive CD4+ T cell
E2L5_TCTACATCACCGTCGA,Platelet
L5_GGTAGAGCAGGGAATC,CD14+ Monocyte
L1_AGCTCAATCATGAGTC,CD16+ Monocyte
E2L6_ACGGTCGAGGTTTACC,CD8+ Effector T cell
L4_GTGTTAGTCATCAGTG,NK cell
L4_TGTTGAGTCTGAGAGG,Erythroid cell
L5_TCGCAGGTCCGCAAAT,cDC2
L3_GTCCCATGTAGAGTTA,CD8+ Central Memory T cell
L4_TAGGGTTTCTCATTTG,Platelet
E2L3_CTGTCGTGTGTAACGG,CD16+ Monocyte
E2L8_CTGTACCGTGTAAATG,CD8+ Effector T cell
E2L1_CGGAATTCATGGCACC,Naive CD4+ T cell
E2L2_GTTGTAGCAGAGAAAG,CD8+ Effector T cell
L5_CTTAGGACAGCGTACC,Plasma cell
L1_TATATCCTCTCATAGG,NK cell
E2L2_AGCGCCATCACATTGG,CD8+ Effector T cell
L5_TCGGGCAAGTGTTCCA,Platelet
L2_CTCCCAATCCTTGACC,Memory CD4+ T cell
L5_ACGATGTTCTGCTCTG,CD8+ Effector T cell
L2_ACAGGGATCTTAGCCC,CD8+ Effector T cell
E2L3_CCATCACAGAGAGCCT,Platelet
E2L4_ATTTCTGGTGCACAAG,Naive CD4+ T cell
E2L5_ATACCGATCGACATCA,Naive CD4+ T cell
E2L4_CGCAGGTGTCGTCATA,Memory B cell
E2L3_CTTCCGACACTTGAGT,NK cell
L4_CATGAGTCATTGCAAC,Proliferating T cell
E2L4_GTCTGTCGTGGCACTC,Platelet
L2_TGTAAGCTCCTAACAG,Memory CD4+ T cell
E2L3_GTCCTCAAGAACAAGG,Naive CD4+ T cell
L4_CACCAAACACTGGACC,Naive CD4+ T cell
E2L5_AGAACCTTCTCGGTAA,Treg / Activated T cell
E2L4_ATGGGAGAGTTTGTCG,Platelet
E2L5_TTCCTAATCACACGAT,Naive B cell
E2L1_GTTCCGTTCTGAGCAT,Platelet
L1_ATTTACCCACGCAGTC,HSPC
L4_AGAGCCCTCACAGAGG,Plasma cell
E2L8_TACGTCCGTTCTTGCC,Naive CD4+ T cell
E2L5_TCAATTCGTTGTGTTG,CD8+ Effector T cell
E2L2_TCCTCTTTCAGCCTCT,CD8+ Effector T cell
E2L2_GTAGCTACATCCGAAT,Memory CD4+ T cell
L5_GTGTGGCCAAACGAGC,Naive CD4+ T cell
E2L5_CGAGGAACAGCTGCCA,CD8+ Effector T cell
E2L1_AGTTCCCTCGCCAGAC,CD8+ Effector T cell
L4_TCTACATGTACCCACG,Memory CD4+ T cell
L3_GTGTTAGCAGATAAAC,CD14+ Monocyte
L2_CAGCACGGTATATGGA,Erythroid cell
E2L2_TCGATTTAGCACACCC,CD14+ Monocyte
E2L3_AAGTGAAAGAGGACTC,cDC2
L1_TGGTTAGAGTCTGCAT,Memory CD4+ T cell
E2L7_TGTCCTGTCTCTCCGA,NK cell
L3_CATTTCACAAGATGTA,CD8+ Effector T cell
L5_CTTCGGTTCGGATACT,Plasmacytoid Dendritic Cell
L4_TGCGATAGTTACTCAG,CD16+ Monocyte
L3_GTGGTTAAGTTATGGA,MAIT / Effector Memory T cell
E2L5_GTGTTCCGTGCATTAC,Naive B cell
E2L1_ATTCACTCAGGTCCGT,MAIT / Effector Memory T cell
E2L5_CTCCCAAGTACCAATC,MAIT / Effector Memory T cell
E2L1_GAGAAATCAAACTGCT,Platelet
L2_TTTCACAGTTTGACAC,Naive CD4+ T cell
E2L4_CCGTGAGAGATGAAGG,Platelet
E2L6_CAATACGCAGCGGTCT,Platelet
E2L1_GTTGTCCAGAATACAC,MAIT / Effector Memory T cell
E2L2_CTACCCACAGTTAGGG,HSPC
L2_TTTATGCGTTAGTTCG,Plasmacytoid Dendritic Cell
E2L6_ACTCCCATCGTACACA,Memory CD4+ T cell
E2L3_TATTGCTCAGAAATTG,CD8+ Effector T cell
L2_TCCCATGGTATGCTAC,NK cell
E2L2_AACGGGAAGACGGATC,Naive CD4+ T cell
L1_CCACGTTCAGCTCGGT,Erythroid cell
L3_CCGGACACACACAGAG,cDC2
E2L2_ATCGGATCAATTGGTC,Platelet
L3_CATCGTCGTCCCTGTT,Treg / Activated T cell
L1_GGTGGCTCACTGAATC,NK cell
E2L7_CGCAGGTAGTGCCAGA,CD14+ Monocyte
L3_AAAGTCCGTCCAATCA,Memory B cell
L3_TCGAAGTAGTGGTTGG,Naive B cell
E2L1_TCATGTTTCAGTCATG,NK cell
L4_TACGGGCTCCTCCACA,Treg / Activated T cell
E2L3_TTCTCTCAGCCTATTG,Naive CD4+ T cell
E2L2_TTTACTGAGTCATGCT,cDC2
L5_GGGATCCAGGAGGCAG,CD8+ Effector T cell
L3_TTCTAACGTAGCCCTG,HSPC
L2_AGCTTCCTCGATCCAA,Memory CD4+ T cell
L5_AGGGAGTAGGCATCGA,CD8+ Effector T cell
L5_GTAGTACGTACCAGAG,HSPC
E2L8_TGATTTCGTACTTGTG,Proliferating T cell
E2L8_AGGATAAAGGCACCAA,cDC2
E2L4_CGTGTCTAGACCCGCT,Memory CD4+ T cell
L2_GCCAGGTGTATACCTG,Memory CD4+ T cell
E2L8_ATTCCATGTTGTCCCT,NK cell
E2L8_CTCCGATCATGGGTTT,CD8+ Effector T cell
L4_AAGCGAGTCTGTGCAA,HSPC
E2L2_GGGTTATGTGACCGTC,Naive CD4+ T cell
E2L4_TGCGATACAGGTGGAT,Plasmacytoid Dendritic Cell
E2L5_GGTGTTACAACATCGT,Naive CD4+ T cell
L3_GTTAGACGTGTAACGG,Memory CD4+ T cell
L5_CCTCACAAGCACTCAT,CD16+ Monocyte
E2L6_CAATACGGTCCGCAGT,Plasma cell
L5_AACAAGATCGTGCTCT,Naive CD4+ T cell
L3_CCGGACATCGATTTCT,Plasmacytoid Dendritic Cell
E2L8_CCTCACACAAGTTTGC,cDC1
L1_TAAGCGTCACTAAACC,CD8+ Central Memory T cell
E2L1_CCGCAAGCAGAGTGAC,Memory CD4+ T cell
L5_CTTCGGTAGTCACGAG,Platelet
E2L6_TGCGGGTTCGAGTTGT,Erythroid cell
E2L5_TCGGGACGTACTGGGA,Naive CD4+ T cell
L3_ATGCATGCACTCCTGT,Naive CD4+ T cell
L4_ATTGGGTAGCGAGGAG,MAIT / Effector Memory T cell
L2_TCGTCCACACGGATCC,Memory CD4+ T cell
E2L2_TTGGATGAGACCTCAT,CD8+ Effector T cell
E2L6_GAACACTTCTATGCCC,CD14+ Monocyte
L1_CGGCAGTCATACCAGT,Plasmacytoid Dendritic Cell
E2L4_TACTGCCCAGACGGAT,Proliferating T cell
E2L6_ATCCGTCGTGCTTCAA,Plasmacytoid Dendritic Cell
E2L6_ATCAGGTAGCGTCTGC,Memory B cell
E2L3_GTTATGGCATGGCCAC,CD8+ Effector T cell
E2L6_CTTCAATAGACGAGCT,HSPC
L3_TCAGGTATCCAACCAA,HSPC
E2L5_AGTTCCCAGGAGATAG,Platelet
E2L1_CCTTCAGAGGTACTGG,Naive CD4+ T cell
E2L1_AGTAGTCCATAACTCG,Plasmacytoid Dendritic Cell
E2L6_TCCCAGTCAAATGGCG,NK cell
E2L4_GTTTACTTCCAACCGG,Memory B cell
E2L1_TGCTGAAAGAGTCAAT,Memory CD4+ T cell
E2L7_AGCCAATTCGGTCTAA,Naive CD4+ T cell
E2L5_ATGTCTTAGTCAAGCG,CD8+ Effector T cell
E2L4_CGTAGTACAAGCGAGT,CD8+ Effector T cell
E2L4_CCTCTAGGTTCAGCGC,Plasma cell
L3_AGAACAAGTACCCAGC,MAIT / Effector Memory T cell
E2L7_GTACAGTGTGCCTTCT,Memory B cell
L4_TCGGGTGCATCACGGC,Proliferating T cell
E2L7_GGAGGATGTTTGGCTA,Naive CD4+ T cell
E2L6_TGGAGGAGTAATGCGG,Naive B cell
E2L4_AGGGAGTTCTAGGCAT,CD14+ Monocyte
E2L2_TCCAGAAAGAGTTGAT,CD8+ Effector T cell
E2L8_CCACTTGTCATGAGTC,Plasmacytoid Dendritic Cell
E2L5_CAACGGCCACACTGGC,Plasma cell
L4_AGGCCACAGCCGAACA,HSPC
E2L3_TACGGTACACATACGT,NK cell
E2L6_CACTGGGTCTGTTCAT,Naive CD4+ T cell
E2L4_GACTATGAGACCAAGC,Naive B cell
E2L7_ACACTGAGTTACACAC,Naive B cell
L2_TCATTGTTCAAGTCGT,HSPC
E2L6_GCACTAAAGACTTCCA,Platelet
E2L5_TGGGTTACATGATCTG,Memory B cell
L3_TCGGGCAAGTCACTCA,Naive CD4+ T cell
L1_AGGAGGTTCCTCTAAT,Naive CD4+ T cell
L5_AGAGAATCATGCTGCG,Plasmacytoid Dendritic Cell
L5_ATGGTTGCATCGGCCA,HSPC
E2L1_TGCATGATCAGTCACA,Proliferating T cell
L1_CGCCAGATCCAATCTT,Memory CD4+ T cell
E2L4_TTCCACGAGGTTCAGG,CD8+ Effector T cell
E2L7_CACGTTCTCTCATGCC,Proliferating T cell
L1_CATCGTCAGATGCGAC,CD8+ Central Memory T cell
L4_TGCAGATAGCACTCAT,Treg / Activated T cell
L2_GCAGGCTAGACATACA,CD8+ Effector T cell
E2L5_AAGTTCGTCTACACTT,Proliferating T cell
E2L8_TTCCGTGAGCCAGTAG,Plasmacytoid Dendritic Cell
E2L3_GTCTCACTCGGCAGTC,cDC1
E2L4_GGGTAGACAGTCCGTG,Plasmacytoid Dendritic Cell
E2L2_TCTGTCGCAACTTGCA,Memory B cell
E2L7_TCATGTTGTATTTCCT,CD16+ Monocyte
L3_ATAGACCCAGTGGGTA,Naive B cell
L2_AAGTCGTAGTCCTGTA,Naive CD4+ T cell
E2L5_CTGAGGCCAGCTACTA,Plasma cell
E2L4_TTAATCCCAAAGGCTG,CD8+ Effector T cell
L3_GAAGGGTCATAGGTAA,HSPC
E2L8_TAGTGCACACGTAGAG,cDC2
E2L1_GTTGAACTCGCCGATG,Memory CD4+ T cell
L3_TCCACGTTCAAACGAA,MAIT / Effector Memory T cell
L5_TCACGCTAGCCATCCG,Treg / Activated T cell
E2L7_CATCCCAAGATCCTAC,NK cell
L4_TGCCGAGTCCGGCTTT,CD8+ Central Memory T cell
E2L4_GAAATGAGTACAGCGA,CD8+ Effector T cell
L4_ACATCGAGTGCAGGAT,Naive CD4+ T cell
E2L7_GAAGAATTCTATCGTT,Plasmacytoid Dendritic Cell
E2L7_CAGTGCGGTGGCGTAA,Platelet
E2L6_TCCTTCTTCGTAGCTA,CD8+ Central Memory T cell
E2L4_TATCGCCCAGACAATA,NK cell
E2L7_ATCATTCTCCGTCACT,Plasmacytoid Dendritic Cell
L3_CATCCGTGTGTCCACG,Naive CD4+ T cell
E2L4_GAACGTTAGGTGCTTT,Proliferating T cell
L5_TGTGATGGTTAAGGGC,cDC1
L4_GCTTCACCACCCAATA,Naive CD4+ T cell
L4_CTAACCCAGGTATTGA,CD16+ Monocyte
E2L8_TTGCCTGGTATACGGG,Naive CD4+ T cell
L3_TCTATACCACATACTG,Plasma cell
E2L8_CAGGCCATCGTTGCCT,CD8+ Effector T cell
L4_AGGACGATCATCTATC,Memory CD4+ T cell
E2L7_AGGCCACAGAGCAACC,Treg / Activated T cell
E2L8_TTGTTGTGTAGTCACT,Plasmacytoid Dendritic Cell
L4_TCGTAGACAGCTATTG,cDC1
E2L6_CTGTGAACATTGGCAT,Memory B cell
E2L7_ATCGGATCATTGCTTT,Platelet
L5_ATTGTTCCAGTTCACA,Memory B cell
E2L8_TCCTTTCGTTGCATCA,Memory B cell
E2L7_GGGCTCAAGGAGAATG,Memory B cell
L1_CCGCAAGCAGGTGTGA,Naive CD4+ T cell
L1_AAGTGAACAGGACGAT,Naive CD4+ T cell
L4_TTGGGTATCCTCAGGG,HSPC
E2L8_AGTTCCCGTGGTCAAG,Proliferating T cell
E2L8_ATTCCTAAGCGAGGAG,Naive CD4+ T cell
E2L8_TTTACCAAGTTTCGAC,Naive CD4+ T cell
L1_CCCTAACTCTGAGATC,CD14+ Monocyte
L5_TCAAGTGCACGACCTG,NK cell
E2L8_AGTGCCGGTCCAACGC,Naive CD4+ T cell
L1_TCAGTGAGTTCTCGTC,CD8+ Central Memory T cell
L5_AAGTGAACATAACAGA,Naive CD4+ T cell
E2L6_TCAGTCCGTGACACGA,NK cell
E2L6_AAGGTAATCGACACCG,NK cell
E2L8_GCCGTGAAGAAGTGTT,CD16+ Monocyte
E2L6_TACTTCACAGCGTATT,Proliferating T cell
E2L5_ACCTGTCTCATCGCCT,CD8+ Effector T cell
L4_ATGACCAAGGTAGACC,CD16+ Monocyte
E2L5_CTGAGGCCATTCTCCG,Plasmacytoid Dendritic Cell
L5_GTTAGACTCGTAGCTA,HSPC
E2L4_AGCATCAAGAGGTTTA,Memory B cell
E2L1_ACTATCTAGACGGAAA,Memory CD4+ T cell
L5_ATCACAGGTGTTAAAG,Naive CD4+ T cell
E2L7_ATATCCTCAGGTTCGC,cDC2
E2L8_ACATCGACACGCTTAA,Treg / Activated T cell
L5_CTCCGATGTGGCTACC,Naive CD4+ T cell
L5_TGACTCCGTTCTAACG,HSPC
E2L2_TCCAGAATCTCGACGG,Plasma cell
L1_TAGAGTCTCGATACAC,Plasmacytoid Dendritic Cell
E2L2_AGTGATCAGCCGATCC,Proliferating T cell
L2_GTGGCGTTCATTTCGT,Memory B cell
E2L6_ACCTGTCAGCCGATAG,Naive CD4+ T cell
E2L4_GTCCACTGTCCCGCAA,MAIT / Effector Memory T cell
L4_CATACCCTCTTCGGAA,Plasmacytoid Dendritic Cell
E2L6_ACGATCAAGATGGTCG,MAIT / Effector Memory T cell
L1_CTCCCTCTCGTCTAAG,Treg / Activated T cell
E2L7_TGTTCTATCTTGAGCA,CD14+ Monocyte
E2L1_AAGGAATTCCTCCACA,Platelet
E2L7_ACGGTCGTCGTCAGAT,Naive B cell
L2_TAGGAGGCATGCACTA,Naive CD4+ T cell
E2L7_TAACTTCAGTTTGCTG,MAIT / Effector Memory T cell
E2L1_GAGGCCTAGCCACTCG,CD8+ Effector T cell
E2L4_TCAGTTTTCCAACTGA,CD14+ Monocyte
E2L2_ACACAGTCAGGTCCCA,Naive B cell
L5_TGTCCCAGTCAAGTTC,Treg / Activated T cell
L1_CATGAGTGTGCATTAC,Erythroid cell
L5_AAAGGTACACGCGCTA,Erythroid cell
E2L1_CGTGAATTCGCGGACT,Memory B cell
L4_GAATCGTCAGATCATC,Naive CD4+ T cell
E2L1_GAGTCATTCCGAGAAG,MAIT / Effector Memory T cell
L1_TGTCCCACAGGATCTT,Memory CD4+ T cell
E2L2_GACTCAAGTGGACCTC,Memory B cell
E2L1_CCACAAATCGGATTAC,NK cell
L1_GCTACCTGTTTGCCGG,Naive CD4+ T cell
L4_AATGACCGTACCAATC,HSPC
E2L3_CCTGTTGTCGAGTCCG,Naive CD4+ T cell
E2L2_TCATTTGCACTGAATC,Naive B cell
L5_TCCCACAAGAGGTCGT,Plasmacytoid Dendritic Cell
E2L7_TTTGGTTAGTATGTAG,CD8+ Effector T cell
L2_TCGTCCACACGGCACT,Proliferating T cell
E2L3_AGACAAAGTTGCTAGT,cDC2
E2L4_CTGCAGGGTTAACAGA,Naive CD4+ T cell
L4_ATTCAGGCACAGTACT,Naive CD4+ T cell
E2L6_TCGCAGGAGGCACCAA,Treg / Activated T cell
E2L6_TATGTTCCAAGAGGCT,Platelet
L2_TTACGCCGTTACCCTC,Proliferating T cell
E2L8_ACCAAACTCCTGGGAC,CD14+ Monocyte
E2L3_GTCCCATGTGCTCCGA,Memory B cell
E2L2_TGCGGGTTCCTGTAGA,Naive CD4+ T cell
E2L4_ATCGATGCAGCTGTTA,Proliferating T cell
L4_GCTGCAGTCACCTCTG,Naive CD4+ T cell
E2L4_CGTTAGAGTGATCATC,cDC1
E2L6_GGTGTTATCACCATCC,Naive B cell
L1_CCACCATTCGAGAAAT,Naive CD4+ T cell
L2_GTAGTACTCGGACCAC,CD14+ Monocyte
E2L5_CCTGTTGCAGTCTCTC,Naive CD4+ T cell
L1_TCTCACGGTAGGACCA,HSPC
L5_AGAAGTAGTGCGAGTA,Memory CD4+ T cell
E2L5_AGTTAGCTCGTAACTG,Memory CD4+ T cell
E2L8_CTCTCAGGTAAGATAC,Memory B cell
L3_AGTCAACAGAATCGAT,NK cell
E2L1_GGGACCTGTTAGGGAC,Platelet
L4_TCCTGCAAGGATGAGA,Memory B cell
L1_AGTGCCGTCCCGTAAA,CD8+ Effector T cell
L2_AGACCCGCACGGCGTT,CD8+ Effector T cell
E2L1_CCGATGGCATGAGAAT,Memory CD4+ T cell
L5_AGTACTGAGATGACAT,Plasmacytoid Dendritic Cell
L5_TACCTCGAGCCTCATA,Memory CD4+ T cell
L1_CAAAGAATCGAAGCAG,CD8+ Effector T cell
E2L3_TGAATGCGTCCTGTTC,Proliferating T cell
E2L8_CTCTCAGGTGCCCACA,Naive CD4+ T cell
E2L8_GCATCGGGTTTGGCTA,Memory B cell
L4_CATCGGGGTCTTACTT,CD8+ Effector T cell
E2L3_GGTGAAGAGGACTTCT,MAIT / Effector Memory T cell
E2L7_AGAACAATCTAAGGAA,Memory B cell
L2_ATGCATGAGTTGTCGT,CD8+ Central Memory T cell
E2L1_CCACGTTCAACATCGT,MAIT / Effector Memory T cell
L2_TACCTCGCAGGCACTC,cDC2
L5_AGATCCAGTTTGGGAG,Platelet
L1_CTGGACGCAACAAAGT,Memory CD4+ T cell
E2L5_TCACAAGTCCGCAAAT,CD8+ Central Memory T cell
E2L4_GGATCTACAAGACCTT,Memory B cell
E2L4_ACATTTCAGTACTGTC,Memory B cell
E2L6_GCTACAAGTTGACTGT,Plasmacytoid Dendritic Cell
L1_ATGAGTCTCCAGCTCT,NK cell
L3_TGATGCAGTTGCTCCT,Naive CD4+ T cell
E2L5_CGTTAGACATCCAACA,Plasma cell
E2L2_ATTGGGTCACGCTGCA,Naive B cell
E2L5_TTGACCCTCCACGAAT,Memory CD4+ T cell
E2L7_TGCGGCAGTAAGCGGT,Memory CD4+ T cell
E2L6_GACATCAAGACGAGCT,Memory CD4+ T cell
E2L5_AGAAATGCACTGGAAG,CD8+ Effector T cell
E2L7_GAGTGTTAGATGCTAA,Plasmacytoid Dendritic Cell
E2L4_AGGTGTTAGCTAGAGC,CD16+ Monocyte
L2_GATGAGGAGAGTTCGG,Proliferating T cell
L1_GGGCTCACATTCACAG,Plasma cell
E2L2_GTTCGCTAGGAGGTTC,Naive CD4+ T cell
L4_AGGAGGTAGAGCATCG,Erythroid cell
L1_AACCCAACACTTCCTG,Memory CD4+ T cell
L5_GTGTAACTCGGTTCAA,CD16+ Monocyte
L1_GTAATCGAGCTAATGA,Memory CD4+ T cell
E2L5_AGAACCTTCAAAGCCT,CD8+ Effector T cell
E2L6_GAAGTAACACACGGAA,CD8+ Effector T cell
E2L1_CCAATTTAGGGCCCTT,Plasmacytoid Dendritic Cell
E2L7_TATATCCGTTTCCAAG,Memory B cell
E2L1_TAGTGCAGTTGAGAGC,Naive CD4+ T cell
E2L3_GTTGTAGTCATCGGGC,CD8+ Effector T cell
E2L6_ACATCGAGTTGCCGCA,CD16+ Monocyte
L4_CAGTGCGCAATAGGAT,Naive CD4+ T cell
L4_CGTAAGTCATGTGTCA,HSPC
E2L8_CCGTTCAGTGTTGCCG,Plasma cell
E2L5_TCGAAGTGTATCCTTT,NK cell
E2L3_GCTACAACAGGTACGA,CD14+ Monocyte
L5_TTCTTGATCCGAGAAG,CD14+ Monocyte
L5_CACAACAAGCAGATAT,CD8+ Central Memory T cell
E2L6_TAATTCCTCGTTCCTG,CD14+ Monocyte
E2L6_CTGCATCTCCGATCTC,Plasmacytoid Dendritic Cell
L5_CTCAGGGGTCGTGCCA,Memory CD4+ T cell
L3_TCCAGAATCTCGGTCT,Memory CD4+ T cell
E2L3_TCGCTCAAGCTGGAGT,Plasma cell
E2L4_GTGGCGTCACATACTG,CD16+ Monocyte
L4_TCAAGCAGTGGTTTGT,Naive CD4+ T cell
L4_TAACCAGTCCTTCTTC,Naive CD4+ T cell
L4_AAAGTGATCTCTAAGG,Naive CD4+ T cell
E2L6_TCTTCCTCACAAGGTG,CD14+ Monocyte
L3_TGAACGTCACTCGATA,cDC1
L5_TTGTTGTGTTGCATAC,HSPC
L4_GAAGGACTCTTGTGCC,Plasma cell
E2L3_CGGAGAAGTTCCTTGC,Naive CD4+ T cell
E2L5_TTCCTAAAGCAGTAAT,NK cell
L2_TCCATCGGTTGTATGC,HSPC
L4_TGCTTGCCACAAATAG,cDC1
E2L4_GGTGAAGAGACCATTC,Memory CD4+ T cell
E2L1_CTGTCGTGTCTGTGTA,CD8+ Effector T cell
L1_CTGTAGATCATCACTT,Memory CD4+ T cell
L4_TCCTAATAGCTCGCAC,CD8+ Effector T cell
E2L2_TGTTCCGAGTACCCTA,Memory CD4+ T cell
E2L4_GTTGTAGTCTAGTGAC,CD14+ Monocyte
E2L2_ACGGAAGAGGCATCGA,Memory B cell
E2L8_CCTAACCCAAGCGCAA,Naive CD4+ T cell
L2_TATCCTACATTACTCT,CD16+ Monocyte
L4_GGGTGTCGTCACAATC,MAIT / Effector Memory T cell
L3_CATAAGCCAAGGTCTT,Memory B cell
L1_CACTGAAAGAATCGCG,Memory CD4+ T cell
L5_CGCCAGATCGCAGTCG,Naive CD4+ T cell
E2L7_GCTTTCGCAGGGATAC,Plasmacytoid Dendritic Cell
E2L5_CCCGGAACACATCCCT,NK cell
L4_GACGTTAGTAGACGTG,CD16+ Monocyte
L3_TCAATTCAGCGCTGCT,CD8+ Central Memory T cell
L1_GAAGCGACAACGAGGT,NK cell
E2L4_GATCGTATCCTTTAGT,Plasmacytoid Dendritic Cell
E2L5_CAATGACAGCCGAATG,NK cell
E2L5_ACTATTCGTGAGCGAT,MAIT / Effector Memory T cell
E2L2_GTCGAATCAGCTCGGT,CD16+ Monocyte
E2L5_TTCTAACTCCAGCACG,CD14+ Monocyte
E2L8_TCAGGTACAGGCACTC,Proliferating T cell
L3_GTTGCTCTCCGTCCTA,CD16+ Monocyte
L1_GTTGCGGTCGTGTTCC,Memory CD4+ T cell
L4_GTGAGCCGTCTCGACG,Naive CD4+ T cell
L3_TGGTGATGTCTGCCTT,NK cell
L4_TAGGTACAGAGTCGAC,CD8+ Effector T cell
E2L6_TGGAGAGGTAAGATTG,CD8+ Effector T cell
L4_CGTTGGGAGCTTGTTG,NK cell
L3_TGTCCACAGGCGTTAG,Naive CD4+ T cell
E2L4_GACTATGAGGGTATAT,Memory CD4+ T cell
E2L3_GTCATGAAGGTGCAGT,Plasma cell
E2L5_TTGTTTGCAGAGTCAG,MAIT / Effector Memory T cell
L3_CCGTGAGAGTTCCTGA,Naive CD4+ T cell
E2L6_CTTACCGAGGCTCTAT,Memory B cell
L4_TAGCACATCACCGGGT,CD8+ Effector T cell
E2L1_CCACACTTCCCGAGAC,Naive CD4+ T cell
L2_AGTGACTGTCTGTGCG,MAIT / Effector Memory T cell
L4_GGGCCATAGACAACTA,Treg / Activated T cell
L5_GTGAGCCCAGTTTCAG,Naive CD4+ T cell
E2L7_AATGACCGTATTTCCT,NK cell
E2L3_AGGTGTTGTCCACTTC,Plasmacytoid Dendritic Cell
E2L1_GATCCCTCAAATGGCG,CD8+ Central Memory T cell
L2_TAGACCATCACTTCTA,Memory CD4+ T cell
E2L1_GAATAGAGTTCTATCT,MAIT / Effector Memory T cell
L1_GAGTCATGTGCATGTT,Erythroid cell
L5_TATTCCAAGTTCATCG,CD8+ Effector T cell
E2L3_GTAAGTCAGTCACTAC,Memory CD4+ T cell
E2L1_CCTACGTTCGTGTTCC,Memory CD4+ T cell
E2L2_CCACTTGTCTGTGTGA,Memory B cell
E2L8_CTCTCGAGTGACACAG,CD14+ Monocyte
E2L8_AGTCATGTCATTGAGC,NK cell
E2L5_ACACGCGGTATCCTTT,CD8+ Effector T cell
L5_TCTGCCATCAAACGTC,Naive CD4+ T cell
L4_TGGTAGTGTTAGAGTA,CD8+ Effector T cell
E2L2_CTCAGTCCACATATGC,Memory CD4+ T cell
L2_TCCATCGCATCGGAAG,Plasma cell
E2L4_AGCTACAGTTTAGACC,Memory CD4+ T cell
L2_GGAGATGGTACCTGTA,cDC1
L4_TCGGGACAGCCACCGT,Proliferating T cell
E2L7_GCAGCTGCAGAACTTC,Proliferating T cell
L5_AACGGGATCTCTCTAA,cDC2
L5_GACCGTGGTGCAGATG,cDC1
L4_AGCCAATAGCTCTGTA,NK cell
E2L7_GGTCTGGGTAGAATGT,Memory B cell
E2L5_AGACTCAAGTTGCCCG,CD8+ Effector T cell
L1_CAAGCTACAAATCAGA,Naive CD4+ T cell
E2L4_CCTTGTGGTGGTTCTA,Memory B cell
E2L2_AACAGGGTCCATTGGA,NK cell
L4_GTGCACGTCGTGTGGC,Proliferating T cell
L5_ACTTATCCAGAGTAAT,Naive CD4+ T cell
L2_ATTCCCGTCATCACAG,MAIT / Effector Memory T cell
L3_ATGCATGGTTCCAGGC,cDC2
E2L3_ACGCACGTCTCGAGTA,CD16+ Monocyte
E2L3_GACCCTTAGGTAAAGG,Naive CD4+ T cell
L5_CCCTCAAGTGCGTTTA,Naive CD4+ T cell
L5_GTTTGGACAGTGGCTC,NK cell
L5_ACAAGCTAGAGCTGCA,Naive CD4+ T cell
L4_AGTCATGAGCGCCATC,CD16+ Monocyte
L5_TGCTTGCCACGCGTCA,Plasmacytoid Dendritic Cell
L5_ACTGTCCAGTACAGAT,CD16+ Monocyte
E2L7_ACCAAACCATGTGGTT,CD16+ Monocyte
E2L7_CAACCAAAGTACGTCT,Naive B cell
E2L5_CAATGACAGATTCGCT,Naive B cell
E2L8_TCAGGGCAGACAGTCG,cDC2
L4_CACAGGCAGAGAAGGT,Naive CD4+ T cell
E2L7_GTATTGGCAGCTGTTA,Memory B cell
L5_CTCAGGGGTTGACTAC,HSPC
E2L1_CCCTTAGGTCCAAGAG,CD8+ Effector T cell
L1_CAGTGCGCACGACGCT,Plasmacytoid Dendritic Cell
E2L3_TCGGGCAAGGAGATAG,CD8+ Effector T cell
E2L5_GAAGGGTAGGGCAGTT,CD8+ Effector T cell
E2L7_CTGTACCGTGACAGGT,NK cell
E2L6_TCCGTGTCACGCAAAG,Plasmacytoid Dendritic Cell
L5_GCACGTGGTACAAAGT,Naive CD4+ T cell
L3_CTGAGGCAGGTAACTA,CD8+ Effector T cell
E2L5_TAGCACATCAGAGCGA,Naive B cell
L3_GAGCCTGTCGCCAGAC,Plasma cell
L2_ATCCCTGCACAAATGA,Naive CD4+ T cell
L4_GTTGTAGCATGACCCG,Naive CD4+ T cell
L2_CCATAAGCATATGCGT,HSPC
L3_AGGAGGTAGACTGTTC,NK cell
L1_AGGACTTGTCAGATTC,CD14+ Monocyte
L4_CGCGTGAAGGTGCCTC,CD16+ Monocyte
E2L6_CCACGAGAGCAAGTGC,Platelet
E2L6_ACTTTGTCACGCCAGT,Naive B cell
E2L5_CTCCAACCAGTTGTCA,CD8+ Effector T cell
E2L2_CAGTGCGGTATGAGCG,Treg / Activated T cell
E2L6_TACTGCCAGCAGCGAT,Naive B cell
L3_GTCATCCCAGGTAGTG,Plasma cell
L4_AGTCACACACAAGTTC,CD14+ Monocyte
E2L5_CGGAGAATCGTTCCCA,CD14+ Monocyte
E2L2_GTGGAAGGTGCGTTTA,Plasmacytoid Dendritic Cell
L2_CATCGCTTCTGCGTCT,HSPC
E2L7_AGATGCTAGCCTCAAT,Naive CD4+ T cell
E2L5_GTAGATCAGGCGACAT,Memory CD4+ T cell
L5_TTCCGGTAGCAGGCTA,Naive CD4+ T cell
E2L8_TTTCACACACTGGCCA,cDC2
E2L8_CCCTGATGTCTACGTA,CD14+ Monocyte
E2L7_AAGACAAAGCCATGCC,Platelet
E2L6_ATATCCTCAATTTCCT,Platelet
L3_TGATTTCAGTGCACAG,CD16+ Monocyte
E2L6_TCATTGTAGTCGGGAT,Plasmacytoid Dendritic Cell
E2L7_GGTTCTCGTCAATGGG,Plasmacytoid Dendritic Cell
E2L7_CGATGGCTCCCTTGTG,CD8+ Effector T cell
E2L2_ATCTTCACAAGTTGGG,Proliferating T cell
E2L3_GGGTGTCTCTATCGGA,CD8+ Effector T cell
E2L6_TTTCGATTCGCCACTT,Platelet
L2_ACATGCATCTGTCGCT,CD8+ Effector T cell
E2L4_CCTAACCAGAAATCCA,CD14+ Monocyte
L5_TTTGATCGTAACGCGA,CD8+ Effector T cell
E2L2_TTCCTAAAGTATGGCG,Naive B cell
L2_ATCCCTGGTTCTGAGT,Naive B cell
E2L4_TCATTGTCATCGGATT,Memory CD4+ T cell
E2L7_CATTCCGAGGGAGGCA,Memory B cell
E2L4_AATGCCAAGATTAGCA,CD8+ Effector T cell
E2L7_TATCGCCCATACTTTC,Platelet
L4_CCTAAGAAGCGGTAAC,Memory CD4+ T cell
E2L8_ATCGGCGAGTATGACA,Naive B cell
E2L2_CGAGTGCAGCGCATCC,Plasma cell
L3_CGGGTCAGTCATGACT,cDC2
E2L6_ATTCTACGTTCTCAGA,Naive B cell
E2L8_GAAACCTAGCCTGAGA,Naive CD4+ T cell
E2L4_GTGGAAGTCCTCTGCA,Platelet
E2L2_TGGTACAGTTCTTGTT,Platelet
E2L7_CAGCGTGGTCGAGTTT,CD8+ Effector T cell
L3_TCGAACACAGCTGAAG,Naive CD4+ T cell
L5_TCAGTCCAGCATTGAA,Naive B cell
E2L3_TCCTAATCAGAAGTGC,Naive CD4+ T cell
E2L4_AAGTTCGAGTTGAAAC,CD8+ Effector T cell
E2L8_CGTGCTTGTGAGATAT,Naive CD4+ T cell
L1_TCCTTTCTCGCCAACG,Memory B cell
L5_TCGTGCTAGCCAGACA,Naive CD4+ T cell
L2_TGGGAGAGTGCATCTA,Naive CD4+ T cell
L2_CTCAACCGTGGTAATA,MAIT / Effector Memory T cell
L3_ATCCCTGAGGGCAGTT,Plasma cell
E2L8_AACGGGAGTACGCTAT,cDC2
L2_AGAGCAGAGGCCCGTT,MAIT / Effector Memory T cell
L4_GTCATGACACCAGCCA,Memory B cell
L5_GCCAGGTTCATCACCC,CD8+ Central Memory T cell
L3_GCTTCACAGGAAGAAC,Naive CD4+ T cell
E2L8_GTTCGCTGTATGGGAC,Naive CD4+ T cell
E2L7_GGTGAAGGTATCGGTT,CD8+ Effector T cell
L1_TCAAGCAGTCACTACA,cDC2
E2L1_CCACACTAGTCTGTAC,Proliferating T cell
L3_TCGCACTTCGCTGACG,CD8+ Effector T cell
E2L6_AAGCCATTCCGCAACG,CD8+ Effector T cell
L4_GGTTGTAGTCAGACTT,CD16+ Monocyte
L1_TTCTTCCTCTTTGCGC,Erythroid cell
E2L7_CCGTGAGGTCACAATC,NK cell
E2L1_AGACCCGGTAGGCAGT,cDC2
E2L8_GTGGTTACATATTCGG,Proliferating T cell
E2L6_TCGCTCACACTTGGGC,Naive B cell
E2L4_ATAGGCTTCGATAACC,Plasmacytoid Dendritic Cell
E2L4_GAACTGTAGGTACTGG,cDC1
E2L2_CTTCTAATCGCTTAAG,Memory B cell
E2L2_AGGATAAAGAACTTCC,Memory B cell
E2L5_TCATTACGTCTAGGTT,Proliferating T cell
L4_TCCGATCGTCGTACAT,Plasma cell
L5_AAACGAAGTTCTTCAT,CD8+ Effector T cell
E2L4_TCCATCGAGTATTAGG,Naive CD4+ T cell
L3_TACCTCGCAGGTGTTT,Naive CD4+ T cell
L4_GGAGGATTCCCATAGA,Naive CD4+ T cell
L4_TTACAGGCAACTCGAT,HSPC
E2L6_ACTTAGGGTGTTACAC,CD16+ Monocyte
L4_TGAATGCGTTGTAAAG,CD16+ Monocyte
L5_GGAGGATAGCCATCCG,CD8+ Central Memory T cell
L3_AGACTCAAGCCAAGTG,CD8+ Effector T cell
E2L6_ACGGTCGAGAGGGTAA,Naive CD4+ T cell
E2L3_ATTCTACAGACCACGA,CD14+ Monocyte
L1_CGTGAATTCTGGAAGG,MAIT / Effector Memory T cell
L4_TGACTCCAGGGCAAGG,Memory B cell
L5_CACTGAAAGACATATG,Plasmacytoid Dendritic Cell
L3_TCATGGAGTCTAACTG,Memory CD4+ T cell
E2L1_GTCGAATCACAACGTT,HSPC
L5_CGGAACCAGTGGCGAT,CD16+ Monocyte
L5_TCGGGTGAGGGCATGT,Erythroid cell
E2L7_TTGCATTCAGTTAGGG,Proliferating T cell
L1_TTTGGAGGTAGCACAG,HSPC
L4_GGAATCTAGCCTTGAT,MAIT / Effector Memory T cell
E2L3_GTCACTCAGATAACAC,Plasmacytoid Dendritic Cell
E2L7_CTTACCGCACCGTGGT,Memory B cell
L2_GTCGCGAAGATGGCGT,HSPC
E2L7_AAGGTAACACGTCGTG,CD16+ Monocyte
L1_GGGCTACCAGCTTTGA,Plasmacytoid Dendritic Cell
L2_GGTCTGGCAGGCCCTA,MAIT / Effector Memory T cell
L2_GAATCACCATACGCAT,MAIT / Effector Memory T cell
E2L7_GGTGTTACAATTGCGT,CD8+ Effector T cell
E2L7_GTAGAAATCGAGAACG,CD14+ Monocyte
E2L7_ACTTCCGGTTTAGACC,NK cell
E2L4_ATTACCTCATTGTACG,Memory B cell
L5_TCAGTTTTCACCGGTG,Proliferating T cell
L3_ATTCAGGAGTCGGGAT,Memory CD4+ T cell
E2L5_TTTGGTTTCGAGTTGT,Plasma cell
L3_TAACCAGAGGAAAGAC,CD14+ Monocyte
E2L2_AGTAGCTCAGCGAACA,cDC1
L5_CTTCTCTTCGTTCTCG,Memory CD4+ T cell
E2L1_TACTTCAAGAGAGAAC,CD8+ Central Memory T cell
L3_GTCCCATGTGCGAGTA,Proliferating T cell
E2L4_GCGGAAAAGCATCAAA,Memory B cell
L4_CGTCCATAGATACAGT,Memory B cell
L1_AGTACTGTCGGATTAC,HSPC
E2L4_ATGAGTCAGAAACTGT,Naive CD4+ T cell
L2_AATCACGTCGGCACTG,CD16+ Monocyte
L5_TCCAGAACAGAGGACT,MAIT / Effector Memory T cell
L4_TGTAGACAGTAAAGCT,NK cell
L1_TGTCAGACAAGTGTCT,Naive B cell
L3_TGCTGAACAACGCCCA,MAIT / Effector Memory T cell
E2L4_ATCCTATTCATTCATC,cDC1
L5_GCATCTCGTGCTATTG,HSPC
L4_GAAGCCCGTTACAGCT,CD8+ Effector T cell
L1_ACCGTTCCAACCCGCA,Proliferating T cell
L3_TTCTCTCAGCTTGTTG,CD16+ Monocyte
L5_ATCATTCGTACCCAGC,Memory B cell
E2L5_CAGTTAGGTCTCACAA,cDC2
L4_GGTTAACAGCTATCCA,Memory CD4+ T cell
L5_CTCAGTCCACTGCTTC,CD8+ Central Memory T cell
L5_GGATGTTGTATGGAGC,Memory CD4+ T cell
L2_TACGTCCGTGATGGCA,CD8+ Effector T cell
L2_CCAAGCGAGAAACACT,Memory CD4+ T cell
E2L3_GTCGTTCTCTCGTGAA,Memory B cell
L1_CAACGGCGTCCACTCT,MAIT / Effector Memory T cell
E2L7_TAAGCCAGTAAGACCG,cDC2
E2L5_GCAGCCACACCTGAAT,Memory CD4+ T cell
E2L4_AACCCAAAGCAGGTCA,CD14+ Monocyte
L1_AGGATAATCGGTCACG,cDC1
E2L7_TAATTCCCATCTGTTT,Naive CD4+ T cell
L4_CTGATCCAGGTAAGGA,CD8+ Effector T cell
E2L3_CACTGAACATGAGAAT,CD8+ Effector T cell
E2L1_ATGGTTGTCGTTGTAG,CD8+ Effector T cell
E2L1_AAGGAATCAAGAGGCT,NK cell
E2L6_GGGAGTAGTGACTATC,Naive CD4+ T cell
E2L7_AGGCCACAGATGATTG,Memory B cell
E2L6_CCTGCATGTCGCCACA,CD8+ Effector T cell
L1_TCACATTCACACTGGC,HSPC
L5_CGTCAAAAGCCATTTG,Treg / Activated T cell
L1_TCATTTGAGTGATAGT,CD8+ Central Memory T cell
E2L4_GTAGGTTTCTGAGTCA,Naive B cell
L2_TGGTGATAGTACTGGG,Naive CD4+ T cell
L3_CAAGAGGAGGCTGAAC,Naive CD4+ T cell
E2L8_AAGAACACAGAGATTA,NK cell
L3_CGAGAAGTCATTGGTG,Proliferating T cell
L5_TGAATCGCACGTCTCT,CD8+ Effector T cell
E2L4_CGATGGCAGTCGCCCA,cDC2
E2L2_GCAGGCTCAACGTTAC,Memory CD4+ T cell
L4_AGGGTGAAGGATTCAA,Plasma cell
E2L8_ATAGAGAGTCACGCTG,Naive CD4+ T cell
E2L8_GCTTTCGTCCGGTTCT,cDC1
L4_TCCCATGCAAGTCCAT,CD8+ Effector T cell
L3_AGGGTTTAGTGGTGAC,CD16+ Monocyte
L5_TCCGGGACAGTCCCGA,Proliferating T cell
E2L1_CTGCATCAGGTACCTT,NK cell
L3_GTCCTCACAGATGCGA,MAIT / Effector Memory T cell
L3_CCGCAAGAGTAATACG,Memory B cell
E2L7_CTCAGTCGTAAGCTCT,Plasmacytoid Dendritic Cell
L4_TAATCTCGTGACATCT,CD8+ Effector T cell
E2L7_GGTTCTCAGCTGTTCA,NK cell
E2L5_CGAGTTAAGTAAGACT,Memory CD4+ T cell
L2_CTCTCAGCATTGCAAC,Naive CD4+ T cell
E2L2_GTAGTACCAAGTTCCA,Treg / Activated T cell
E2L2_CAGATTGCACCCAAGC,Memory B cell
E2L4_TATCCTATCATTATCC,Memory B cell
L5_TGACAGTCAGATTCGT,Naive CD4+ T cell
L5_TGCTTCGGTAGCGCTC,CD8+ Central Memory T cell
L2_CCTCACACACGCTGAC,Plasma cell
L5_CTGGACGGTTGTGCAT,Naive CD4+ T cell
L2_AGTACTGCATCGTCCT,Proliferating T cell
L5_TCGGGTGCATGCACTA,Proliferating T cell
L1_TCCCATGCACCAGCGT,CD8+ Effector T cell
E2L4_ACTGTGAAGTAAGACT,Plasmacytoid Dendritic Cell
L3_GGTGGCTGTAATCAGA,Memory CD4+ T cell
L5_GGGTAGATCGAAGAAT,Memory CD4+ T cell
L5_CTTCTCTCATCCCACT,Memory CD4+ T cell
L3_AGTCACACATGAGGGT,NK cell
L2_GACTGATCATCGATGT,Naive CD4+ T cell
E2L7_GTAGAGGTCGGATACT,Memory CD4+ T cell
E2L5_TTGCGTCCACAGTCAT,cDC2
E2L8_CGAGTGCGTTGCTCCT,Plasma cell
E2L4_GGAGGATAGTGCACCC,CD16+ Monocyte
L1_ATTACCTCAACCCTCT,CD8+ Effector T cell
E2L3_TACATTCCAACAAGTA,cDC2
L2_TCGGATACATCCGTTC,Memory B cell
L2_CTGATCCGTGAGTTGG,Plasma cell
E2L7_TGTTGAGCACAACGCC,Memory B cell
L1_CCACGTTAGGGTGAGG,Naive CD4+ T cell
E2L4_CATGCCTCAACGGCCT,Memory CD4+ T cell
L4_TGAGCATCAGTTGGTT,NK cell
L3_TGCTCGTAGAATTCAG,Memory CD4+ T cell
L4_CAATCGATCGAACCTA,Memory CD4+ T cell
E2L2_ACAACCATCGCCTTGT,Plasmacytoid Dendritic Cell
L5_CCGAACGAGGACAGCT,Memory CD4+ T cell
E2L2_CAATGACGTACAAGTA,Platelet
E2L4_GTTCATTCACGCAGTC,CD8+ Effector T cell
E2L3_TGGTACATCTCCCAAC,Memory CD4+ T cell
L3_AAGATAGTCAGACCCG,CD8+ Effector T cell
E2L4_AGAACCTCAAGGATGC,NK cell
L1_ATGGTTGAGTTTGTCG,Naive B cell
E2L4_ACATCCCAGTAACAGT,CD14+ Monocyte
L1_GGAGGATCATTACGGT,CD16+ Monocyte
L4_CAGCAATGTGGATCGA,Memory B cell
E2L1_TCACTATAGCTAGCCC,cDC2
L2_AGGGCCTTCAAGCTTG,NK cell
L4_GCCGATGAGCCTATTG,Memory CD4+ T cell
L2_TCCTCGACACGGTGCT,NK cell
L5_AGCCAATGTTACAGCT,NK cell
L1_GTAAGTCCATCAGTGT,Proliferating T cell
E2L5_AACAACCCACTCTAGA,Memory CD4+ T cell
L3_CGTTAGAGTATAATGG,CD8+ Effector T cell
L3_GGTAGAGGTAGGGTAC,Memory CD4+ T cell
E2L6_CATTGAGTCGGACGTC,cDC2
E2L8_ATGCATGGTCTGATCA,Treg / Activated T cell
L4_TTAATCCAGTAGGATT,Naive B cell
L3_TAGTGCAAGGCAGGTT,NK cell
L1_ATTCAGGTCGACTCCT,MAIT / Effector Memory T cell
E2L6_GACTCAAAGGTAACTA,NK cell
L3_CGTGATACAACATCGT,Treg / Activated T cell
L5_ATCGTCCGTCGTAATC,CD8+ Effector T cell
E2L6_GCTTTCGGTACAAGTA,Memory B cell
E2L6_GTACAGTGTGGACTAG,CD14+ Monocyte
L2_GAAGGACCACGCACCA,Proliferating T cell
E2L3_ATGGATCTCATGCGGC,Plasmacytoid Dendritic Cell
E2L5_CGCATGGCAGCTACCG,Naive CD4+ T cell
E2L5_TCGATTTTCCAACCGG,MAIT / Effector Memory T cell
L1_TTGTGGATCGAGAAAT,Naive CD4+ T cell
L3_GCCGATGCATGTGGCC,CD16+ Monocyte
L4_TCTAACTAGACGATAT,Naive CD4+ T cell
E2L2_CACTGTCGTCAAGCGA,Memory CD4+ T cell
E2L3_CGCATGGAGATGGGCT,Memory CD4+ T cell
L5_AGGTGTTAGACCAGAC,Memory B cell
E2L1_TAAGTCGAGCTTTCTT,Plasma cell
E2L3_TCCCACAAGTGAGCCA,Platelet
E2L7_TGGGATTGTTCGGCGT,Memory CD4+ T cell
L5_TCCCATGGTTGGAGAC,MAIT / Effector Memory T cell
E2L2_AACCACACAGGCGATA,Proliferating T cell
E2L6_ACCTGTCAGTGCGCTC,Treg / Activated T cell
L4_TGAATCGCATCTAACG,Plasmacytoid Dendritic Cell
L4_ACAGGGAAGGCTGTAG,CD14+ Monocyte
L4_TCTCACGCACTGGCGT,CD14+ Monocyte
E2L1_GTACAACCAGTAACCT,CD14+ Monocyte
L5_GCCAGTGTCGGTAGAG,CD8+ Effector T cell
E2L2_CTGTGAATCCGGTTCT,Proliferating T cell
L4_TTACCGCTCGTAGGGA,Plasmacytoid Dendritic Cell
L4_ATCGGCGAGCCAAGCA,Naive CD4+ T cell
E2L6_ACTGTCCGTTATGACC,Naive CD4+ T cell
L2_TGAATGCGTCAAAGCG,Naive CD4+ T cell
L3_GGGCCATGTTGTCATG,Naive CD4+ T cell
L5_AACAGGGTCGATTCCC,CD8+ Effector T cell
L3_ACACCAATCATTGTTC,Proliferating T cell
E2L5_TGGAACTCAGCTCGGT,MAIT / Effector Memory T cell
E2L1_AGCGCCATCTTCGATT,CD8+ Effector T cell
E2L2_GCTACCTCAAGTGGAC,Naive CD4+ T cell
E2L7_AAACCCAAGTGGATTA,CD8+ Effector T cell
E2L1_GGAATGGCACTAGTAC,Plasma cell
E2L2_AACAGGGCAGGCGAAT,NK cell
L2_CATGGTATCAGCTGAT,Proliferating T cell
E2L3_TCATCCGGTAATACCC,Memory B cell
E2L2_AAACGCTGTGATTAGA,Naive CD4+ T cell
E2L8_TGTTACTGTTGTACGT,NK cell
L1_CGTTGGGTCGACCAAT,CD16+ Monocyte
E2L5_CGTGATATCAAGAGTA,Memory B cell
L5_GATAGCTAGCAGCAGT,CD16+ Monocyte
E2L4_ACCTACCTCCGAGGCT,Memory B cell
E2L8_ATCCTATCACGGATCC,Memory B cell
L3_TTCCGTGAGACCACGA,Memory CD4+ T cell
E2L7_GTTGCGGAGAGTCAAT,Platelet
L1_TCCATCGCACACCGCA,Naive CD4+ T cell
L3_TCGGTCTGTATATGGA,CD8+ Effector T cell
L3_TTTATGCGTGCCCACA,Plasma cell
E2L1_ATGATCGCAACTGAAA,CD16+ Monocyte
L2_TCCAGAATCTGTAACG,Naive CD4+ T cell
E2L8_CCCTAACGTCTTAGTG,Memory B cell
L3_CCTGCATTCCGTGGCA,Plasma cell
L3_AGGTAGGCAGTAGTTC,Memory CD4+ T cell
E2L8_TGGATGTTCCACGTCT,Plasma cell
E2L1_AAGTGAAAGCACCGAA,Plasma cell
E2L3_CACTGAATCCGCGATG,Memory B cell
L2_TAGAGTCCATGCAGCC,Naive B cell
L5_TGTTGGATCGGTCGAC,Naive CD4+ T cell
E2L7_TGGATGTCAGGCCCTA,MAIT / Effector Memory T cell
E2L7_GCTTCACGTACAACGG,MAIT / Effector Memory T cell
L4_TCAAGCAGTTCCCAAA,HSPC
L4_CAGGTATCACGGTGCT,MAIT / Effector Memory T cell
E2L5_ATCGGATCACAGCTTA,Memory B cell
E2L8_AAGCGAGCAAATTGGA,MAIT / Effector Memory T cell
L3_ATCGTGATCTGCGTCT,HSPC
L4_TCTCCGAAGAGCCCAA,Naive CD4+ T cell
E2L3_GGGCGTTCATATAGCC,CD16+ Monocyte
L1_GCTTGGGTCACAGTGT,NK cell
E2L4_AGGTCATTCGGCTTGG,CD8+ Effector T cell
E2L1_GTTCCGTTCCCGTTCA,Naive CD4+ T cell
E2L3_AATTCCTAGGTCGTGA,Naive CD4+ T cell
L2_TGTGTGAGTGAACCGA,Naive CD4+ T cell
L3_AGAAGCGGTCGTACTA,Naive B cell
E2L4_TGTTACTGTGCCTTTC,Proliferating T cell
L2_CATCCCAAGGTAAACT,MAIT / Effector Memory T cell
E2L3_GTGCTGGTCATCGCCT,Naive CD4+ T cell
L4_CAATGACAGTTGCCCG,Naive CD4+ T cell
E2L3_TGATGCAAGTAGGCCA,Memory B cell
E2L2_GTGCTTCTCCGTGACG,cDC1
L5_TATCTGTTCACACCCT,Naive CD4+ T cell
E2L3_TGAGTCAAGACTTCCA,NK cell
E2L8_TAAGCACAGAGCATCG,NK cell
L5_AGGAAATGTTTAGAGA,HSPC
E2L1_GTTACCCGTTTCCAAG,Plasmacytoid Dendritic Cell
L4_CAGCGTGGTTAGGACG,Memory CD4+ T cell
L4_CTAGGTAAGCGCAATG,Naive CD4+ T cell
L4_ATCACAGAGGCATCTT,Naive CD4+ T cell
E2L4_GATCATGCAGTTCTAG,Proliferating T cell
L3_TCTACCGAGTGTTGAA,CD14+ Monocyte
L2_AGGTTACCAGGGATAC,Naive CD4+ T cell
E2L8_ATGGATCCAATAACGA,CD16+ Monocyte
E2L3_CGAGGCTCAGATTAAG,Plasmacytoid Dendritic Cell
E2L6_ACGTAGTAGGTGATCG,CD16+ Monocyte
L2_TCCTGCAAGCACTTTG,Naive CD4+ T cell
L1_TACTTCAAGAGGTCGT,Plasmacytoid Dendritic Cell
E2L5_GCAGGCTGTTCTGAGT,Treg / Activated T cell
E2L2_ATTCCATGTATCTCTT,Memory B cell
E2L7_CTGAGGCCATAACTCG,CD8+ Effector T cell
E2L4_CTCATCGCAGAGTTGG,NK cell
E2L5_TACTTCACAAAGAGTT,Plasmacytoid Dendritic Cell
L1_TAGATCGAGGCGTTGA,Naive CD4+ T cell
E2L6_TAGGTACGTGGTAACG,Naive CD4+ T cell
E2L6_CACGTGGCAGAGGTAC,CD16+ Monocyte
L4_ACAAAGAGTGCACATT,CD8+ Central Memory T cell
E2L5_ACCACAATCAATGCAC,Naive CD4+ T cell
L4_CATGGTATCAATGCAC,Proliferating T cell
L2_CTAGGTACAAGGTCGA,Naive B cell
L4_GCGATCGTCCGTGTGG,cDC1
L4_GATTTCTTCAGCTAGT,HSPC
L3_TACTGCCGTTCACGAT,CD16+ Monocyte
E2L1_CATCCCATCCGCACGA,cDC1
E2L5_GCCGTGACAGTCAGTT,Proliferating T cell
E2L5_TTTCAGTCAATAACCC,Memory CD4+ T cell
L5_AGGAGGTCATCCTTCG,cDC1
L4_TGGTGATGTCACTAGT,Memory CD4+ T cell
L3_GGGACCTAGTCAACAA,Plasmacytoid Dendritic Cell
E2L3_ACTGATGTCGTAGTCA,Platelet
E2L7_GTTACCCAGCCTAACT,Naive B cell
E2L2_GGTCTGGGTGCATTAC,Naive CD4+ T cell
L1_ATATCCTCATGCCATA,Naive CD4+ T cell
L2_GGCTTTCCATGGCGCT,CD8+ Effector T cell
L5_TGTGAGTAGTACAGAT,MAIT / Effector Memory T cell
L4_GCAGCCATCCTGGCTT,Memory CD4+ T cell
L3_TACAACGCATGCCATA,Plasmacytoid Dendritic Cell
E2L4_TTCCAATAGGTAAGGA,Proliferating T cell
E2L7_TTGGATGCAATGTCTG,Naive CD4+ T cell
E2L4_AGCCAATCAAACTAAG,Naive CD4+ T cell
E2L8_GTGTGATAGTATGCAA,Naive B cell
L1_AGGACTTGTCCTGTTC,CD8+ Central Memory T cell
L2_TGGAACTGTTGTCTAG,Naive CD4+ T cell
E2L5_ATCGATGGTTCCTTGC,cDC2
E2L1_GATGTTGTCTCCGTGT,Proliferating T cell
E2L3_AGCCAGCCAGCACAAG,Plasmacytoid Dendritic Cell
L4_GATAGAAGTACAAACA,CD8+ Effector T cell
E2L5_TTAGGCATCTTCGTAT,Proliferating T cell
E2L6_ATCACAGTCAATGTCG,Proliferating T cell
E2L2_ACCCAAACATTGTAGC,cDC1
E2L3_CTGTAGAGTTTCGACA,HSPC
E2L2_TCCATCGCAAACTCTG,CD8+ Effector T cell
L2_GAGGCAAAGTGGTCAG,cDC2
E2L6_GCAGCCATCGTGGGTC,Plasmacytoid Dendritic Cell
L2_TTAGGGTCACTCTAGA,CD14+ Monocyte
E2L5_CTAGGTACAAGTAGTA,NK cell
E2L2_ACAGCCGAGGACCCAA,MAIT / Effector Memory T cell
L3_TCCGGGATCCTCTAGC,Naive CD4+ T cell
E2L3_TGTAGACGTACCAGAG,Proliferating T cell
L1_GAGGCAAAGGTCTGGA,Naive CD4+ T cell
E2L4_AACAAAGCATAGGTTC,Naive CD4+ T cell
L1_CAGATTGAGAAACTCA,Naive CD4+ T cell
E2L4_TGACCCTCAGCGACAA,Proliferating T cell
E2L1_GTGTTAGAGTTACGAA,Naive B cell
L1_GGTCTGGTCACTCACC,Proliferating T cell
E2L6_ACGGGTCCATACGCAT,Platelet
L3_TACTTGTAGTCACTCA,Naive CD4+ T cell
E2L8_GTAGGTTTCAGTGGGA,cDC1
L2_TTGTTTGAGTAATCCC,NK cell
L4_TTTGTTGTCGAATGCT,Naive CD4+ T cell
E2L8_TCCTCCCAGAGCCATG,CD16+ Monocyte
E2L1_GCCGATGGTCAGTCTA,Proliferating T cell
E2L6_TGACGCGAGCAGTCTT,Treg / Activated T cell
E2L6_TTTAGTCGTCAGTCCG,CD8+ Effector T cell
E2L1_CCTACGTCAGCGTATT,NK cell
L5_ATTCTTGAGAGAATCT,Memory CD4+ T cell
E2L4_CCACGAGAGACGCAGT,NK cell
E2L6_CCGTGAGAGCTTACGT,Plasmacytoid Dendritic Cell
E2L2_TGGTACACATAGACTC,CD14+ Monocyte
E2L4_GGTGATTAGGGAGGCA,cDC1
E2L3_GTTACAGCACAGCTGC,NK cell
E2L5_TTCCAATAGAGGGTCT,CD14+ Monocyte
E2L1_TCTGTCGTCCTACCAC,Naive CD4+ T cell
L4_GTAACCACATTCGGGC,Naive CD4+ T cell
E2L7_GTACAGTAGAGGTCAC,Naive CD4+ T cell
L1_GTAATCGAGTCAATCC,Naive CD4+ T cell
E2L5_TTTGGTTTCGAACCTA,Plasmacytoid Dendritic Cell
L2_TTACCGCCATAACTCG,CD8+ Central Memory T cell
E2L2_TCGTAGAAGATACATG,Plasmacytoid Dendritic Cell
L5_CACATGATCTGACGCG,CD8+ Effector T cell
E2L5_CCTCCAAGTTGATGTC,Treg / Activated T cell
E2L5_GTGGAAGTCTCGTGAA,NK cell
L5_TCCTAATCACCTTCCA,Naive CD4+ T cell
E2L8_TCAATCTCACACCTTC,Memory B cell
L2_TCAGTGAAGTGAACAT,HSPC
E2L6_CGATCGGGTAACATAG,Naive CD4+ T cell
L4_TGGAGAGAGCACGTCC,Naive CD4+ T cell
L3_TGCAGATCAGCCTACG,CD14+ Monocyte
L5_GTGGTTAGTACAGCGA,MAIT / Effector Memory T cell
E2L4_ACCTGAAAGGACTATA,Naive CD4+ T cell
L1_AAACGAAAGTTGAATG,MAIT / Effector Memory T cell
L5_CAGAGCCCACGAGGTA,CD14+ Monocyte
E2L5_CATTCATAGATGCGAC,cDC2
E2L6_ACTTCCGGTCTTAGTG,cDC1
L2_TATTGCTGTGTTCGAT,Plasma cell
E2L7_TAGCACACATTACGGT,CD8+ Effector T cell
L5_GACCCAGTCACTGTTT,Naive CD4+ T cell
L5_CGAATTGGTTTGTGGT,Proliferating T cell
E2L5_CATGCGGGTTTAGTCG,NK cell
E2L7_GCATTAGTCGCAGTCG,Plasmacytoid Dendritic Cell
L1_CTTGATTAGGAAGTAG,Naive CD4+ T cell
L5_CATCCCAGTCATGGCC,HSPC
L5_AAAGGGCGTCACTTCC,MAIT / Effector Memory T cell
L4_CTACCTGTCATTCACT,Naive CD4+ T cell
L5_CTGTGGGCACTGCACG,Proliferating T cell
E2L8_CATACCCCATCCTAAG,Naive CD4+ T cell
L4_TTTGTTGTCGTCCATC,CD8+ Effector T cell
L3_TGGAGGAGTTCTCTAT,CD16+ Monocyte
E2L8_ACTTTCATCTCGTGGG,Naive CD4+ T cell
E2L8_TGTGTGAAGACCAGAC,Naive B cell
E2L3_AGTCAACTCGGTCGGT,cDC2
E2L1_AAGACTCTCGCTAGCG,CD8+ Effector T cell
E2L1_CATGAGTAGCTTTGTG,Memory B cell
L3_TTTACGTTCAAGGAGC,CD16+ Monocyte
E2L3_GGTGAAGAGGACACTG,Naive CD4+ T cell
E2L1_CTTGAGATCCGGCAGT,CD14+ Monocyte
L1_GCCGTGAGTCGAGTGA,Memory CD4+ T cell
L1_GGCTTTCTCCTCACGT,CD16+ Monocyte
L3_GAAACCTAGATGTTGA,Plasmacytoid Dendritic Cell
L4_AGTCATGCAAGGGCAT,Naive CD4+ T cell
E2L3_TGGTTAGCATTGCTTT,CD8+ Effector T cell
E2L3_GTTGTCCCAGTGCCTG,Memory CD4+ T cell
E2L8_CAATACGCACGGTGCT,CD8+ Effector T cell
E2L5_GCATCTCAGGAACGCT,Platelet
E2L6_CTCTGGTAGACGTCGA,CD14+ Monocyte
E2L3_TTGATGGGTATGCGGA,Treg / Activated T cell
L5_TCGAAGTTCTATCGTT,cDC2
E2L8_TCGCACTTCCGCTGTT,CD8+ Effector T cell
E2L1_AGGGTTTTCCGCGGAT,CD8+ Effector T cell
E2L2_GGGTTTACACATGTTG,CD16+ Monocyte
E2L4_GCAGCCAAGACATGCG,cDC2
L4_GCCAGGTGTTTACGTG,CD8+ Effector T cell
E2L1_ACACTGAAGTCATAGA,NK cell
E2L5_TGTAGACGTACAAACA,NK cell
E2L6_AAACCCATCAACTGGT,Naive CD4+ T cell
L1_ATTCATCAGCCTGACC,Naive CD4+ T cell
E2L4_TTACTGTTCTACTGCC,Plasma cell
L3_ACGGTTATCAAGCCCG,HSPC
E2L5_GTCTTTATCCTGGGTG,Memory B cell
L1_CAGGGCTGTCTTCGAA,Proliferating T cell
E2L4_CAACAACGTCCCTGTT,CD8+ Effector T cell
L5_AATCACGAGAGCCCAA,Plasma cell
L1_AGATCGTGTGTCTTCC,Memory CD4+ T cell
E2L8_AATCGACCAACGGCCT,NK cell
E2L4_ACTGTCCGTCACCACG,Memory CD4+ T cell
L5_CTGAGCGAGGTGCAGT,Naive CD4+ T cell
L4_TATCTTGGTTACACTG,Memory CD4+ T cell
L3_TACAGGTGTAGTTACC,NK cell
E2L7_CGGGTCATCGTACACA,Naive CD4+ T cell
L4_ATTCATCTCCCATACC,cDC1
E2L6_ATTCACTGTTAAACAG,Memory B cell
E2L8_AAGTTCGAGGATTTAG,Naive CD4+ T cell
L1_CGATGGCAGACCAACG,CD8+ Effector T cell
E2L4_TGAGGTTTCAAGTAAG,CD14+ Monocyte
E2L6_CCTCAACTCGACGTCG,CD8+ Effector T cell
L4_CTGTCGTCAAGAAACT,CD8+ Central Memory T cell
L4_CATTCATAGTGATGGC,Naive CD4+ T cell
L1_GATCCCTGTTAAGGAT,CD8+ Effector T cell
E2L2_CAGCAGCAGTAGGGTC,CD8+ Effector T cell
L4_CCGGACACACCTCTAC,CD14+ Monocyte
L2_TTGGTTTGTTCAGCGC,Plasma cell
L1_TGTGGCGTCCACACCT,Plasmacytoid Dendritic Cell
L5_ATCACTTCAGAACCGA,Naive CD4+ T cell
E2L8_AGGGCTCGTGTCATCA,Naive B cell
E2L3_TTCTAGTTCAAGATAG,NK cell
E2L5_CATTGAGGTAGCTTGT,Memory CD4+ T cell
L3_AAAGGGCTCGCTGTTC,CD16+ Monocyte
L1_AAGAACATCAAAGCCT,HSPC
E2L5_CATGCCTGTCGTATGT,Proliferating T cell
E2L3_CTTAGGATCCCTTTGG,HSPC
L3_TCCACGTAGGTCACCC,CD8+ Effector T cell
E2L5_GCCAGTGTCACCTGTC,Plasmacytoid Dendritic Cell
E2L1_ATGACCAGTAGTATAG,Plasma cell
E2L1_TAAGCACGTAGTATAG,NK cell
E2L6_TTTACCAGTTGAAGTA,Platelet
L2_GGGACTCTCGGCCCAA,CD16+ Monocyte
L1_GGCTGTGCAACTGTGT,Memory CD4+ T cell
E2L2_GGGAGTAAGAGAGAAC,Plasmacytoid Dendritic Cell
E2L4_AGCCACGCAATGTGGG,Treg / Activated T cell
L2_CTATAGGCATGCGGTC,CD8+ Central Memory T cell
E2L1_AGTAGTCCAGTTCTAG,CD8+ Effector T cell
E2L6_TGTTGGACAGAAATCA,NK cell
L3_AGGGCTCCAAAGCAAT,NK cell
L3_TCTGCCATCCACCTGT,Naive CD4+ T cell
E2L3_TGCATCCCACGACAGA,Memory CD4+ T cell
E2L3_TCAGTCCGTGCTGATT,Treg / Activated T cell
E2L4_TGTTCATAGCAACAAT,Naive CD4+ T cell
L4_GGGCGTTAGCGGGTTA,Naive CD4+ T cell
L1_TGGTAGTAGGGTTAAT,Naive CD4+ T cell
E2L2_TGCCGAGAGAATACAC,Memory CD4+ T cell
E2L8_TACGTCCCAATCTCGA,Memory B cell
L1_TGGATGTAGACGGAAA,HSPC
E2L4_CTCTCAGGTGACTGAG,Proliferating T cell
E2L8_TTCTAGTTCACGGTCG,CD8+ Effector T cell
E2L6_GTCACTCCAAGCTACT,CD14+ Monocyte
E2L5_TCATACTGTTCGTTCC,Naive CD4+ T cell
L2_ACTTAGGAGTAAACGT,cDC1
E2L8_CATTGAGTCTCTATGT,Naive CD4+ T cell
E2L3_GGTGTCGGTATCAAGA,CD14+ Monocyte
E2L1_ATCTTCAAGTGGGAAA,Plasmacytoid Dendritic Cell
E2L8_TGAGGAGCATCTCCCA,NK cell
E2L4_ATGGTTGAGCCTCCAG,Memory B cell
E2L4_TTTCCTCGTGGCAACA,Memory CD4+ T cell
L2_GAAGCGACAGAATCGG,CD8+ Effector T cell
E2L4_CTGTGGGGTCACTTAG,Naive B cell
E2L4_CATGCGGGTATAATGG,CD14+ Monocyte
E2L6_TGTTCATGTCGTAATC,MAIT / Effector Memory T cell
E2L4_CATTCCGAGATGGCGT,Proliferating T cell
L1_ATTGTTCGTCTCAGAT,CD14+ Monocyte
E2L5_TGCGGGTGTACACGTT,NK cell
L3_TGACAGTCAGCGTGAA,Naive B cell
L2_GTAAGTCAGCGCAATG,Naive CD4+ T cell
E2L1_AAGACAACACGATAGG,Memory B cell
L4_GTAGGAGAGTGCTCGC,Memory B cell
E2L5_AGGACGATCCATAGGT,Proliferating T cell
L3_CACACAACAGCAGACA,CD8+ Effector T cell
L1_CGGAGAAAGCAAACAT,Naive CD4+ T cell
E2L1_TGTTCCGGTATCTTCT,CD8+ Effector T cell
L1_ATCCATTTCTCGGTCT,Plasma cell
E2L6_TTGCTGCAGCACCGAA,Naive B cell
E2L8_ATTCTTGCAAGGCGTA,NK cell
E2L7_GAAGCGAGTACGTTCA,Naive CD4+ T cell
L3_CCGTTCAAGCGTTACT,Memory CD4+ T cell
L1_CTGTAGAGTGGCAGAT,Naive CD4+ T cell
L2_AGAGAGCCACGAGGAT,Erythroid cell
L1_CAATGACGTCCTCAGG,Memory CD4+ T cell
L4_TTCCAATTCAGGTGTT,NK cell
E2L3_TCCACGTCACTAGGCC,cDC1
L1_AGAGCCCAGGCCATAG,Memory CD4+ T cell
E2L7_GGGTCACAGTAAGGGA,NK cell
E2L8_CCTGCATAGACTCGAG,Naive CD4+ T cell
L4_CGGGTGTAGGTCGTAG,Naive CD4+ T cell
E2L6_CACTTCGTCGTGTTCC,cDC2
L5_TGTACAGTCTGGCCGA,Naive CD4+ T cell
L5_GACACGCGTCCCTGTT,MAIT / Effector Memory T cell
L2_GTAGGTTAGCGGACAT,Memory B cell
E2L3_GCCATGGAGAGGTTTA,CD8+ Effector T cell
E2L8_GATTCGACATTGCAAC,Memory B cell
E2L1_TTAATCCTCTACACAG,CD16+ Monocyte
L4_CCTCATGTCTCGGTCT,Memory CD4+ T cell
E2L7_CTCCTCCGTCGTTTCC,Plasma cell
E2L6_TGTAACGCAGACTCTA,Naive CD4+ T cell
E2L6_CCACTTGGTAACGGTG,Memory CD4+ T cell
L4_TGCAGATAGACCATAA,CD14+ Monocyte
E2L4_CATCGCTCAATAGGGC,Memory CD4+ T cell
E2L5_TGCCGAGAGGTCACCC,Memory B cell
L1_ACCGTTCAGATGCTAA,Proliferating T cell
E2L2_CCGAACGGTTTCACTT,Naive CD4+ T cell
E2L8_CAACAGTCAGGATTCT,cDC1
E2L7_TCTCACGGTCTTACTT,Memory CD4+ T cell
L5_GCACGGTTCATTCACT,Naive CD4+ T cell
E2L8_GTGGAAGCAGTTTCGA,CD16+ Monocyte
E2L3_TCCCACAGTGAGTAGC,MAIT / Effector Memory T cell
E2L5_ACAGCCGCACCCTCTA,Naive CD4+ T cell
L5_ATCGTGAGTTGGCCGT,Memory B cell
E2L7_GGGTTTACATATAGCC,Naive CD4+ T cell
L1_GAATCGTCATACTGTG,HSPC
E2L1_AGAAATGGTCTAGATC,Plasmacytoid Dendritic Cell
E2L1_AGCCACGCATCCGTGG,Naive B cell
E2L6_TCCTCCCAGCAGTCTT,CD8+ Central Memory T cell
E2L8_AACCCAACACCAGCCA,Memory B cell
E2L1_ACTTAGGAGGGTACGT,Proliferating T cell
L5_AAAGTCCTCACGGGCT,Memory CD4+ T cell
E2L1_TCACGGGGTCGAGCTC,CD16+ Monocyte
E2L5_GACGTTACAGCGGTTC,Proliferating T cell
E2L1_GTGAGCCCAAGTCCAT,Naive B cell
E2L8_ACGTAGTCAAAGGCGT,NK cell
L5_TTGGATGGTTAAAGTG,Naive CD4+ T cell
E2L3_AGCCAATCACCTCTAC,Proliferating T cell
E2L1_AGGGCTCGTGGGAGAG,Naive B cell
L5_CGAAGTTAGGGAGGCA,Memory CD4+ T cell
L5_GGTGAAGTCGACACCG,NK cell
E2L8_AGTTCCCCAATTTCTC,Plasmacytoid Dendritic Cell
E2L4_TGAGTCAGTAAGATTG,NK cell
E2L7_GCACGGTTCCGCGGAT,Plasma cell
L4_GACTTCCAGGGTGGGA,HSPC
E2L1_AACAACCTCGCGCTGA,CD8+ Effector T cell
E2L2_GAAGAATGTAATACCC,CD14+ Monocyte
L5_TCCGTGTCAATGTCTG,Memory B cell
L3_CTACCTGGTACCTTCC,Naive B cell
E2L4_GTAGGAGGTCGTGGAA,Memory B cell
L1_CTGAATGAGTCTAACC,Memory CD4+ T cell
E2L6_CAGATACTCGCCTAGG,Plasmacytoid Dendritic Cell
L1_TCGCACTAGCAATTCC,CD8+ Central Memory T cell
E2L6_TCTTCCTCAGACTCTA,Memory B cell
L3_TATCAGGCAAGCTACT,Memory CD4+ T cell
E2L6_CAAGCTACAACGATTC,Platelet
E2L7_ATCACGACATGCCGCA,CD8+ Effector T cell
L2_TCCCACACACAAAGCG,Naive CD4+ T cell
E2L7_ATGAGTCAGCTTAGTC,Memory B cell
L3_TCATCCGCACAGTCCG,Memory CD4+ T cell
L1_GTCACTCAGGACGCTA,Naive CD4+ T cell
L3_AGCTACAGTCAACGCC,Memory CD4+ T cell
E2L5_TGAGCATCAGATGCGA,NK cell
L5_AACAGGGCACCTTCGT,Memory CD4+ T cell
E2L2_ATATCCTCAACGTAAA,CD8+ Effector T cell
E2L8_TTACTGTCAGTGTACT,Treg / Activated T cell
L4_ACATCCCGTTCATCGA,Plasmacytoid Dendritic Cell
E2L3_GCCAACGCATCTAGAC,NK cell
E2L5_CAGAGCCAGAAGCGAA,Plasma cell
E2L7_AAAGAACAGCATTGTC,CD8+ Effector T cell
L4_TGGGTTACAGCTGGTC,Memory CD4+ T cell
E2L5_GCTACAAAGGGAGTGG,Platelet
L2_AGCGCTGGTGTCCAAT,Memory CD4+ T cell
L4_GAGTGAGTCCTTGGAA,HSPC
E2L4_TTTATGCGTACAGGTG,Naive CD4+ T cell
L2_TCAGGGCCACGTACTA,Naive CD4+ T cell
L4_TGCTGAATCGACCTAA,CD8+ Effector T cell
L1_GTAACCAGTGCCGTTG,CD16+ Monocyte
L1_CGGGTGTCATCGAGCC,CD8+ Effector T cell
E2L5_TACGTCCCAGGTTACT,NK cell
L4_GCACTAAAGGGTTGCA,Naive CD4+ T cell
L2_TCGAACAGTATCGTGT,Naive CD4+ T cell
E2L3_CTGTCGTAGCTTGTTG,NK cell
L3_GTAGGAGAGTGTTCCA,MAIT / Effector Memory T cell
L1_TGCGACGTCCATCTAT,CD8+ Central Memory T cell
E2L5_TGTGATGAGCATGAAT,CD8+ Effector T cell
E2L2_ATGTCCCGTGGCATCC,Naive CD4+ T cell
E2L3_ATTACCTTCAAAGAAC,CD8+ Effector T cell
L5_CCACTTGGTGAGATTA,Naive CD4+ T cell
E2L8_AATTCCTAGTGCCGAA,Naive CD4+ T cell
E2L2_TCGGGTGGTGACAGGT,Memory B cell
E2L2_ATATCCTAGCAATTCC,CD8+ Effector T cell
L3_GAGGCCTAGCCGATAG,CD16+ Monocyte
E2L2_TAATTCCAGAAATGGG,Naive B cell
E2L1_TTTCCTCAGTATGAAC,CD14+ Monocyte
L3_AACCAACGTAGGACCA,HSPC
E2L2_GTCACGGGTCGGTACC,NK cell
E2L3_ATTCCCGCAGGTTCCG,Memory B cell
L1_CTCAGTCCATCCGAAT,NK cell
E2L8_CCAATTTAGGATACGC,Memory B cell
L2_GGTGTTATCCCGTTGT,Proliferating T cell
L3_GGGAGTAAGGTAGGCT,cDC2
E2L7_AGGAGGTCAATCCTAG,Naive CD4+ T cell
E2L5_TCACTATTCACCTCGT,Memory B cell
L2_GATTCGAAGATACAGT,CD16+ Monocyte
L3_CACGTGGCAGTCGCTG,cDC2
E2L6_GCTCAAAAGCATGCGA,NK cell
L4_CTTCTCTAGCACGATG,Naive CD4+ T cell
E2L8_GCCATTCCAGAGCTAG,NK cell
E2L3_GTGCTTCGTCAAGTTC,NK cell
E2L1_AGGGCCTTCCGTTTCG,Memory CD4+ T cell
E2L2_GCAGTTAGTAGTGCGA,Plasmacytoid Dendritic Cell
L2_GACTCTCTCATCGTAG,CD8+ Effector T cell
E2L2_TTCTGTAAGCCTCAAT,Memory CD4+ T cell
E2L4_TCCACGTCACCAAATC,Memory CD4+ T cell
E2L7_AATGAAGCAGATCCTA,Naive B cell
L4_CCTTGTGCAGATAAAC,Naive CD4+ T cell
L4_TATCAGGAGATCACCT,Naive B cell
E2L6_TGCGGCACATGCAGGA,Plasma cell
E2L1_GGGATGACAGTTACCA,CD8+ Effector T cell
E2L4_AGAACCTCACACACGC,CD8+ Effector T cell
L2_GGATCTAGTGTATACC,NK cell
E2L2_CAATCGAGTTGGGTAG,Plasmacytoid Dendritic Cell
E2L4_TGTTGGACACTATCGA,CD8+ Effector T cell
L2_TACGCTCAGGACACTG,CD8+ Central Memory T cell
E2L2_TTGCCTGTCCACCTGT,NK cell
L1_TACTTGTCAGACCTAT,Naive CD4+ T cell
L1_GGAAGTGTCCGCGATG,Treg / Activated T cell
L5_GGGTCACAGCGACTGA,CD8+ Effector T cell
E2L7_GTGCGTGTCTCCAAGA,cDC2
L3_TTGAGTGCACACACGC,Naive CD4+ T cell
E2L5_CTTCAATCACCTCTAC,Naive CD4+ T cell
L1_CGGGCATAGACTCAAA,NK cell
E2L5_AAGGAATCACATATGC,CD14+ Monocyte
L4_ATGACCACAACGAGGT,Naive CD4+ T cell
L1_AGTGATCAGCTGAAAT,MAIT / Effector Memory T cell
E2L5_AATTCCTTCGCTAATG,MAIT / Effector Memory T cell
E2L1_GATTTCTAGTTCCGGC,Proliferating T cell
E2L6_CATGGATCAACTTGCA,Naive CD4+ T cell
L4_AAGCATCTCGTTCAGA,Memory CD4+ T cell
E2L5_CATACCCTCCGTCACT,NK cell
L4_CACTGGGGTTTCGGCG,CD8+ Effector T cell
L3_GGTTCTCCAAGCTACT,cDC2
L4_CCAAGCGTCCCGAGAC,Memory CD4+ T cell
E2L2_GCAGGCTGTGTACAGG,Naive CD4+ T cell
E2L5_CACCAAAAGATTCGAA,NK cell
E2L2_TCCGATCGTTTGTGGT,Platelet
E2L4_TCGACGGTCGCCAATA,Plasmacytoid Dendritic Cell
E2L7_GATTGGTCAATACCTG,Memory CD4+ T cell
L1_ACACTGATCTGCATGA,Naive CD4+ T cell
L1_GTGTGATTCTAAGGAA,HSPC
E2L4_CTCCTTTTCACGTCCT,cDC2
E2L3_AAAGTGATCTCGGTCT,CD14+ Monocyte
L1_TGTAGACCATTGAAAG,Memory CD4+ T cell
L5_TGTGATGAGTCACAGG,Memory B cell
E2L1_TGGGTTACACAAGGTG,Memory CD4+ T cell
E2L4_GTGGTTAAGAGAGTTT,CD8+ Effector T cell
E2L4_CATGCAATCACTCACC,CD8+ Central Memory T cell
L5_CGCCAGACAGATTTCG,CD8+ Effector T cell
E2L2_TCTTGCGGTGACATCT,CD14+ Monocyte
E2L6_AGGTTGTTCGCCTAGG,NK cell
L2_AACAAAGTCGCCAATA,Naive CD4+ T cell
E2L6_ATCGATGCACGTGAGA,CD8+ Effector T cell
L4_TCTAACTGTGATTCTG,CD8+ Effector T cell
L1_GGGACAATCGTGAGAG,MAIT / Effector Memory T cell
E2L4_TGTCCCATCGAATCCA,Naive CD4+ T cell
E2L7_ATCGCCTGTTAAGTCC,NK cell
L4_GAGATGGGTCTTAGTG,Memory CD4+ T cell
L1_GATAGAATCGTAATGC,Naive CD4+ T cell
E2L3_GTAGAAAGTCGTCAGC,NK cell
E2L4_CACGGGTGTACTAGCT,Memory CD4+ T cell
E2L1_CACATGAGTGCTTATG,Proliferating T cell
E2L2_TTGCGTCTCCGGTAAT,Memory CD4+ T cell
E2L4_AATAGAGTCTGGTTGA,Proliferating T cell
E2L7_GTTACAGCATGCCGAC,Proliferating T cell
L5_GTCTGTCAGGCGTTAG,Plasma cell
E2L1_GAGACTTAGCCATCCG,CD16+ Monocyte
E2L6_GAGACCCTCGGCTTGG,cDC1
L1_GTGATGTAGGTCATTC,HSPC
E2L1_TACACCCAGCAGCGAT,MAIT / Effector Memory T cell
E2L7_AACACACCATGAGGGT,MAIT / Effector Memory T cell
E2L8_GTAGTACCACTGTTCC,CD16+ Monocyte
L2_CCGAACGGTACCTAAC,Naive CD4+ T cell
L4_AGGCTGCGTAGGATAT,cDC2
L4_TCGGATATCCCATAAG,CD8+ Central Memory T cell
L1_TTCTCTCGTGAGCAGT,Naive CD4+ T cell
E2L1_CATGGTAGTTTCGTGA,CD8+ Effector T cell
E2L6_TACGGTAAGAAATTGC,Memory B cell
E2L2_TGTTACTGTCCACGCA,CD8+ Effector T cell
E2L8_CAAGCTAGTTATGACC,Platelet
E2L8_TTGAACGAGTTGGCGA,cDC1
L5_GTCTACCTCCAGTTCC,cDC2
L5_CCTGTTGGTACGGGAT,Plasmacytoid Dendritic Cell
E2L5_CATGGTACATTCAGCA,NK cell
L1_TTCACCGCATTCATCT,Naive CD4+ T cell
E2L7_AATGCCATCGACGTCG,Plasmacytoid Dendritic Cell
E2L4_ACTATTCCACTATCCC,MAIT / Effector Memory T cell
E2L3_GTAGCTAGTAAGATAC,MAIT / Effector Memory T cell
E2L5_ATTCTTGTCAATCGGT,NK cell
L4_CGCGTGAAGGGAGGAC,Plasmacytoid Dendritic Cell
E2L6_GTTGAACCAGTTTCAG,Naive B cell
L3_CAGATTGTCGCAACAT,CD8+ Effector T cell
E2L6_AAAGTGATCCAGGACC,Plasma cell
L2_TTGAACGGTGAGAACC,CD16+ Monocyte
L3_AGACTCAGTGTCTCCT,HSPC
E2L8_TGTGGCGAGGTCTGGA,CD8+ Effector T cell
E2L5_CCGATGGTCGCCGAGT,CD14+ Monocyte
L4_GAGGGTATCCAATCCC,Naive CD4+ T cell
L5_GAGTGAGTCAACCTTT,Naive CD4+ T cell
L3_CTATCTATCAGGACGA,MAIT / Effector Memory T cell
E2L3_CTTACCGAGGAAGTAG,CD16+ Monocyte
L2_AACAAAGGTCACTAGT,Memory CD4+ T cell
E2L1_GGGCTACCAAGCTGTT,Memory B cell
L2_TCAGGTACAAGAAACT,Naive CD4+ T cell
L5_TCCTGCAAGTATCTGC,NK cell
L3_AAAGGGCGTATTCCTT,CD16+ Monocyte
L1_ACTGCAAAGCGCAATG,HSPC
L1_TGTGGCGCATGGCACC,Memory CD4+ T cell
L2_ATCGTAGCACTTGTCC,CD8+ Effector T cell
E2L7_GCTTTCGCAGGCACTC,Memory B cell
E2L5_TTTCATGCACCTCGTT,Memory CD4+ T cell
L1_TTGGGCGAGACTCCGC,CD8+ Effector T cell
E2L5_CGATGCGTCGAACGGA,Memory B cell
E2L3_TCCTAATTCATGCTAG,Memory B cell
L3_CATGAGTCAAGAGGTC,MAIT / Effector Memory T cell
E2L1_GTCTGTCTCGATGCTA,Memory B cell
E2L3_GAGGCAAAGAAAGTCT,Proliferating T cell
E2L5_GGGACAAAGAATGTTG,CD14+ Monocyte
E2L5_CTACAGACAGCAAGAC,Plasma cell
E2L1_CTACGGGAGTGCCGAA,NK cell
E2L4_TTGCTGCAGACGGATC,Naive CD4+ T cell
L1_CGGGACTGTAACGTTC,Memory CD4+ T cell
L3_CAGTTAGTCTCCCTAG,Naive CD4+ T cell
L2_ATCGGATCACTAGGCC,NK cell
E2L5_TCAGTTTTCCATAAGC,cDC1
E2L5_AAGATAGTCCCGATCT,NK cell
E2L1_GATCATGTCCTATTTG,cDC2
L1_TCAGGTACACTGCTTC,Memory CD4+ T cell
L3_TCCGAAACACCGTGGT,Erythroid cell
L3_TCCCAGTAGGACGGAG,HSPC
L5_AAGCGAGGTTTCGGCG,MAIT / Effector Memory T cell
E2L3_CACTGAAAGTAACGTA,Proliferating T cell
L4_GCCTGTTTCCGATCTC,Treg / Activated T cell
E2L2_TCCTGCATCGCTTACC,Naive CD4+ T cell
L1_AGGTAGGCATCCTAAG,HSPC
L5_GAGGGATGTACCCGCA,Memory CD4+ T cell
E2L5_GCTGAATAGAGTCAGC,cDC2
L3_TTTCCTCCACGAGGTA,NK cell
E2L1_GAGGGTACACTGTTCC,Memory B cell
L3_TGATCTTTCGGCCCAA,Naive CD4+ T cell
L2_CTAACTTTCACCATCC,Treg / Activated T cell
E2L6_CCTTCAGGTAGCCAGA,Plasmacytoid Dendritic Cell
E2L7_TAGGAGGTCCAGTGCG,Naive CD4+ T cell
L3_GATCCCTGTTAGGACG,Plasma cell
L5_GATAGAATCACTGATG,Memory CD4+ T cell
E2L1_AACCTGACAAGGTCGA,CD8+ Effector T cell
E2L1_GATTGGTAGATTACCC,Memory CD4+ T cell
L4_CCACGTTGTTGGACTT,Naive CD4+ T cell
L3_ATCGTCCTCTCACGAA,HSPC
L1_CAATACGCAAGACCTT,Memory CD4+ T cell
E2L8_TCTCAGCGTGTCCACG,MAIT / Effector Memory T cell
L2_TACGGTACACCTGCTT,NK cell
E2L4_CCACGAGTCGACGACC,Proliferating T cell
L1_AAATGGAGTAAGGTCG,MAIT / Effector Memory T cell
E2L6_GGGATCCAGGTATAGT,Platelet
E2L7_GTGCTTCTCCGGACGT,Naive B cell
E2L2_TCATCCGCATCATTGG,NK cell
L4_AGTTCCCCATCCAATG,CD8+ Effector T cell
L5_GGAGGTACAGATTCGT,HSPC
E2L1_GAATCGTTCGAGGCAA,CD8+ Effector T cell
L4_CAACCTCAGTCTAACC,Plasma cell
E2L3_ATCACTTTCAAAGCCT,Plasma cell
E2L3_TCGGGCAGTTCCTTGC,Proliferating T cell
L4_TGCAGTATCACTCACC,CD16+ Monocyte
L4_TGGTACAGTGCATGTT,Naive CD4+ T cell
L5_CTGATCCCAGCACGAA,Naive CD4+ T cell
E2L6_GGCAGTCCAACCCTAA,Memory CD4+ T cell
E2L6_CGCGTGACAGTTGTCA,Memory CD4+ T cell
E2L7_GTGTGGCAGGAGACCT,CD16+ Monocyte
L3_CCACTTGCAACCCTCT,cDC1
L1_TGACGCGCAGTAGTTC,CD8+ Effector T cell
L4_TCCACCATCGTAACTG,CD14+ Monocyte
E2L7_CAGATACGTGTGCCTG,Memory B cell
L5_GCAGCTGCAGCGGTCT,Naive CD4+ T cell
L5_TCTTGCGAGACTTCGT,CD8+ Central Memory T cell
E2L6_GACACGCAGATGACCG,Memory B cell
E2L3_TGATGGTGTGAACTAA,CD14+ Monocyte
L4_TGCGGCAAGACCATTC,Plasma cell
E2L7_AGATCGTGTCCTTAAG,CD8+ Effector T cell
E2L6_CGATGCGGTACTTCCC,Naive CD4+ T cell
E2L4_ACGGAAGGTATTGGCT,Naive B cell
E2L1_CTACATTCAAGATTGA,Naive CD4+ T cell
L5_CAAAGAACACCCTATC,Proliferating T cell
L1_GAAATGAAGGCCATAG,CD8+ Effector T cell
L4_GTGTGGCTCGCTTGCT,Naive CD4+ T cell
L5_ATTGGGTGTGGCTACC,Memory CD4+ T cell
E2L5_ACCCTTGCAAGAGAGA,MAIT / Effector Memory T cell
E2L4_CTACCTGCATGCAGCC,Platelet
L5_CTAGACAAGGGTATAT,Memory CD4+ T cell
E2L8_AGAAGTAAGGCTAACG,Memory B cell
E2L3_AGAAATGGTCCCGGTA,Plasmacytoid Dendritic Cell
E2L6_ACAAAGACAAGTGATA,Naive CD4+ T cell
E2L5_TCTAACTAGTGCACTT,Proliferating T cell
E2L4_AAGCATCGTGAGAACC,Plasmacytoid Dendritic Cell
E2L3_CGCATAACATAAGCAA,CD14+ Monocyte
L3_CCACCATGTCTTCCGT,Proliferating T cell
E2L2_AGATAGAAGTAGCATA,cDC1
L4_AGGTTACAGTCGTCTA,Memory CD4+ T cell
E2L7_TACAGGTTCACCATGA,Memory CD4+ T cell
L2_TTTAGTCGTTACAGCT,MAIT / Effector Memory T cell
E2L4_GGGAGATTCCATCACC,Memory B cell
E2L6_GAGGGATGTCTGCGCA,Naive CD4+ T cell
E2L3_ATGAGGGCAAACCGGA,Naive CD4+ T cell
E2L4_TCCAGAATCGTTTACT,Platelet
E2L4_GTTTACTTCTCTGAGA,Naive CD4+ T cell
L2_AGTGATCCACGATAGG,CD8+ Effector T cell
E2L4_CCGATCTAGAGTCTTC,MAIT / Effector Memory T cell
L2_TGAATCGCAGCGTGCT,Naive CD4+ T cell
L1_CACCGTTAGTATTAGG,Proliferating T cell
E2L5_TCAGCCTTCAAGCCTA,Plasmacytoid Dendritic Cell
L2_GTACAACGTTATGTCG,Naive CD4+ T cell
L1_TCGGGCAAGCACCGAA,Naive CD4+ T cell
E2L2_TAGTGCAGTAGCTGAG,Memory B cell
E2L3_GTGCTGGCAGGACTAG,Plasmacytoid Dendritic Cell
L4_TATATCCAGTAGATCA,CD8+ Central Memory T cell
E2L4_TTGAGTGAGACATAGT,Proliferating T cell
L4_TCGCACTAGAGGTCAC,Naive CD4+ T cell
E2L1_GTGTTCCAGCCTCCAG,Naive B cell
L5_TCTAACTTCCGCACGA,Naive CD4+ T cell
L5_ACGATGTAGAATAACC,Naive CD4+ T cell
E2L3_GGAGCAAAGAGACAAG,cDC2
E2L5_CAGGCCACATAACGGG,Plasmacytoid Dendritic Cell
E2L6_TAGACCATCAGTCATG,NK cell
E2L4_ATTCGTTAGGTGCATG,Proliferating T cell
E2L8_CTATCTACATGGGATG,Naive CD4+ T cell
E2L7_ATGGGAGTCACATCAG,CD14+ Monocyte
E2L2_TAAGCACAGCTTCTAG,Plasma cell
E2L2_CTGCCATGTTGCATGT,CD8+ Central Memory T cell
E2L4_TCACTCGCAGAGGTTG,Memory CD4+ T cell
L4_TGCTCCACAAATCGTC,MAIT / Effector Memory T cell
E2L2_GCATCTCCAGAGAAAG,Naive CD4+ T cell
L4_GTTCTATCAAGGATGC,Naive CD4+ T cell
E2L4_CCTACGTAGCAAGGAA,Plasmacytoid Dendritic Cell
L5_CGGGCATAGCCTGGAA,NK cell
E2L2_TTCACGCAGGCTCACC,CD16+ Monocyte
L5_CTGGCAGTCCGCACTT,Naive CD4+ T cell
L1_AAATGGAGTTCAGCGC,Naive CD4+ T cell
E2L4_CACTGGGGTTGTGCAT,Memory B cell
L3_AGTTCCCTCGATGGAG,Naive CD4+ T cell
E2L2_GGGTGAAGTCCACTTC,NK cell
L5_AGGTCTAGTGAGAACC,CD14+ Monocyte
L1_AGATCGTGTTATGGTC,Memory B cell
L2_CATGGATCAGGTCCCA,Naive CD4+ T cell
E2L4_GTTTACTGTCGATTCA,Naive B cell
L2_AATTTCCGTGTCACAT,CD8+ Effector T cell
L2_GTCCTCAGTATAATGG,MAIT / Effector Memory T cell
E2L1_TGGAACTGTCGGTACC,Plasma cell
L2_TCCAGAATCCGATGTA,Memory CD4+ T cell
E2L8_GTGGCGTTCCGCAACG,Proliferating T cell
E2L6_TATGTTCAGTAAGGGA,NK cell
E2L6_GTTATGGGTGAGTAAT,Memory CD4+ T cell
L4_TATCAGGCATGTGTCA,HSPC
L1_AATTCCTCACGGTGAA,Memory CD4+ T cell
E2L2_TACCCGTTCTTTGATC,NK cell
L1_CCAATGAAGCAAATCA,Naive CD4+ T cell
E2L1_GTTCGCTCATCTGGGC,Plasmacytoid Dendritic Cell
L1_AGGCCACAGGTAGGCT,HSPC
L4_GTACAGTAGAACGCGT,Memory B cell
E2L7_AGTACTGAGGCCTTGC,NK cell
L5_TATTGCTCACTAGAGG,Erythroid cell
E2L6_GCTTGGGCAAGTGCAG,Plasmacytoid Dendritic Cell
L1_GTCTAGATCCGAGGCT,Plasmacytoid Dendritic Cell
L4_GCGGAAATCTATACTC,Plasmacytoid Dendritic Cell
L4_GATCAGTTCACCGGGT,Erythroid cell
L4_AGGTAGGCACGGGCTT,Naive CD4+ T cell
L1_GACAGCCGTGCCGGTT,CD8+ Effector T cell
E2L8_AACAAAGGTTCGCGTG,CD8+ Effector T cell
E2L2_ATTACCTAGCACTGGA,NK cell
E2L3_ACGTTCCAGTCAACAA,CD14+ Monocyte
E2L4_TAACCAGAGGAACGCT,CD8+ Effector T cell
E2L1_GACTGATTCACCGACG,Naive B cell
E2L8_AGTGTTGCAGCTCATA,NK cell
E2L6_GGAAGTGCACGCGTGT,cDC2
L2_TACAACGCAAGCGGAT,CD8+ Central Memory T cell
L1_CGTGTCTCATTGACCA,Memory CD4+ T cell
E2L1_GTTGTGATCTTCTCAA,CD8+ Effector T cell
L4_GGTAATCTCGAACCTA,Erythroid cell
E2L8_TTCGGTCAGCATGCAG,Memory CD4+ T cell
E2L4_TACCCGTAGGTTGCCC,Naive CD4+ T cell
E2L5_ATTCAGGGTCGCGTTG,CD16+ Monocyte
L1_TGTAACGTCTTACGTT,CD8+ Effector T cell
E2L2_CCTCTAGGTGACTGAG,Memory B cell
L1_GATTGGTCATCACCAA,cDC2
L4_TACCTGCGTTCCACAA,Memory CD4+ T cell
E2L7_CTCAATTGTCGAGCTC,Memory CD4+ T cell
E2L2_TCTGCCAGTCTAGTGT,CD14+ Monocyte
L3_GGGTAGACAAGTGATA,Naive CD4+ T cell
L3_TGCTCCAAGATGATTG,CD8+ Effector T cell
L1_CTCCAACGTGTGTGGA,Naive CD4+ T cell
E2L6_TTCTAACCAATTCGTG,Naive CD4+ T cell
L2_CTACTATCAAGTACCT,NK cell
E2L5_GGCTTGGCATATTCGG,Plasma cell
E2L2_GTAATGCCAGCCGGTT,CD8+ Effector T cell
E2L8_GTTGAACAGGGCTAAC,CD8+ Effector T cell
L2_TAAGTCGTCTCCTACG,Naive CD4+ T cell
E2L7_CATGAGTTCTGGTCAA,Platelet
L5_TAACACGAGCTCGCAC,Naive B cell
E2L4_GTTGTAGAGGGCTGAT,Memory CD4+ T cell
L4_GCACGGTAGGTGGTTG,Naive CD4+ T cell
E2L8_CGTGTCTCAAGGCCTC,Platelet
E2L2_GAGTCATAGTAGTCAA,Platelet
E2L3_TGTTCTACAGGACGAT,Memory B cell
L2_CAGCACGCAAGACCGA,MAIT / Effector Memory T cell
E2L7_GTAGTACTCTCTTGCG,MAIT / Effector Memory T cell
E2L5_ACTTTGTGTTCTATCT,Plasmacytoid Dendritic Cell
E2L3_CACCAAAAGAAGCCTG,cDC1
E2L5_CATCGTCCATAATGAG,Memory B cell
E2L6_ATCCGTCCATCCGTTC,cDC2
L4_TAGATCGCACGCTATA,HSPC
L4_ATCATTCTCTATTTCG,Naive CD4+ T cell
L2_GGGCGTTCAGGACATG,Platelet
L5_GATCCCTGTATGAGGC,Memory CD4+ T cell
L4_TATCTGTTCAGCGCAC,Proliferating T cell
E2L1_CCGGACAGTTGACTGT,NK cell
L2_CTCTCGAAGCAGGGAG,Proliferating T cell
E2L4_GTTGTCCAGTCATCCA,Memory B cell
L2_GGTTAACGTCTTGTCC,HSPC
E2L4_TCACATTCAACAACAA,cDC1
L5_GAAATGAGTAAGGCTG,Plasma cell
L5_CTCCCAAAGCAGATAT,CD8+ Central Memory T cell
E2L6_AATGGAACAGCTTTGA,CD8+ Effector T cell
L3_TCCGGGAGTACCTAGT,HSPC
L5_GTCCTCACAAGATCCT,Naive CD4+ T cell
E2L2_TGTCCTGGTCTAACTG,Memory B cell
L1_ATCACTTGTCAACGCC,Memory B cell
L2_CACCGTTTCGAAGTGG,HSPC
E2L3_TATCAGGGTTGGTACT,Naive CD4+ T cell
L1_CGATCGGGTACTCGCG,Memory CD4+ T cell
L2_AAGACAATCGAGAGCA,Memory B cell
L4_CAACGGCCAATAGTAG,Naive CD4+ T cell
L2_GGTCACGGTTAAGGAT,Memory CD4+ T cell
E2L5_CCACACTTCACCGGTG,Naive CD4+ T cell
E2L6_CCTTGTGAGCTCGGCT,Memory CD4+ T cell
E2L5_TCTATCAAGCTTTGTG,Memory CD4+ T cell
E2L3_GTCTAGAGTAGCTGTT,Proliferating T cell
E2L2_GCCATTCCAGAAATCA,Proliferating T cell
L2_CGCGTGACACGAAGAC,Naive CD4+ T cell
E2L8_GGGATGAGTGGCAGAT,CD8+ Effector T cell
L1_TCCCATGAGGAATGTT,cDC1
E2L8_GACTGATCAATGGGTG,Platelet
E2L7_TCAAGCAGTTCATCGA,Plasma cell
L4_TCTGCCATCGAGTACT,Naive CD4+ T cell
L1_CGGCAGTGTGCCAAGA,CD8+ Central Memory T cell
E2L4_AGTAGCTTCGTCAAAC,Proliferating T cell
E2L8_CGCATGGGTAGCCCTG,Erythroid cell
E2L5_TGAGCGCTCACTCCGT,Plasmacytoid Dendritic Cell
E2L5_ATGAGGGCAGGAAGTC,Memory CD4+ T cell
L3_TTTGGTTGTCTAGTGT,NK cell
L1_AGACAGGTCTTCCCGA,HSPC
E2L6_GTTATGGCAAATACAG,CD8+ Effector T cell
E2L2_TTTCGATCAGCAGTGA,Plasma cell
L1_GAAGGACGTCAGACGA,Naive CD4+ T cell
L5_GAAGCGAGTCATACCA,MAIT / Effector Memory T cell
E2L3_GGCAGTCCAGATGCGA,Memory CD4+ T cell
L2_GCTGGGTGTGTTCAGT,Plasma cell
L5_ATGAGTCGTACGACTT,CD8+ Central Memory T cell
E2L5_AAAGTGAGTAACCCTA,Plasmacytoid Dendritic Cell
L1_AAACGCTGTGCTCGTG,CD8+ Central Memory T cell
L3_TCTCAGCGTAGGCTCC,CD8+ Effector T cell
E2L8_AGTCAACCAGGAATAT,Proliferating T cell
E2L1_CACTGTCTCTCGGGAC,Naive CD4+ T cell
L1_GAGCTGCGTTACAGCT,MAIT / Effector Memory T cell
E2L2_CATAGACCATGCTGCG,Platelet
L4_TAAGCGTTCTTCGTAT,Naive CD4+ T cell
E2L5_CAACCAAAGGGATGTC,NK cell
E2L7_CGGAATTTCGTTCTCG,CD8+ Effector T cell
L2_CACTAAGTCTATGTGG,HSPC
E2L5_CATTTCAGTTCGTTCC,Plasma cell
E2L6_TAGGGTTAGCTAAACA,cDC2
L3_ACTGCAAGTAGCTGCC,CD8+ Central Memory T cell
L2_TTCTTCCAGGTTACCT,Naive B cell
L2_GTCTAGAGTTCGTTCC,Naive CD4+ T cell
L5_TCATCCGCACTAGGCC,Memory B cell
E2L2_TAAGTCGAGTAGGGTC,Plasmacytoid Dendritic Cell
E2L1_TTCCACGCAGTAGAGC,Plasmacytoid Dendritic Cell
L1_CCGATGGCAACTTGCA,Naive CD4+ T cell
E2L2_GTCGTAACAAGGCGTA,Naive CD4+ T cell
L2_TGCGGCACAACCACAT,NK cell
E2L8_CCCGGAATCGGCTGTG,Platelet
L4_AACTTCTGTAGGACTG,CD8+ Effector T cell
E2L3_CCGGGTATCCGGCAGT,Memory B cell
E2L4_CTAACCCTCTTACGGA,Memory CD4+ T cell
L1_TTGGTTTCAGTCACGC,Memory CD4+ T cell
E2L4_TTCCTAACAGTCGTTA,CD16+ Monocyte
L1_TCAGCAAAGCTCCCTT,HSPC
L3_CAATTTCGTGAGCTCC,HSPC
E2L2_TTCATTGAGTAGAATC,Plasmacytoid Dendritic Cell
E2L3_GTTATGGTCTTTCAGT,CD8+ Effector T cell
E2L8_TGCTTCGGTGCATCTA,Naive B cell
L4_TTTCCTCTCCGTGTGG,Naive CD4+ T cell
L1_TCAGTTTAGTCTAGAA,CD8+ Effector T cell
E2L7_GTGAGCCAGGCAGGGA,Treg / Activated T cell
E2L1_GGGTCACGTAATCAAG,Platelet
L2_TCGGGTGCAGCACACC,MAIT / Effector Memory T cell
L4_GTGCTGGAGAATCGAT,Naive CD4+ T cell
E2L6_CAACCTCCACTGCGTG,Plasmacytoid Dendritic Cell
L2_GAGACTTAGTTGGAGC,Plasma cell
E2L3_TCTACATTCCTTTGAT,CD8+ Effector T cell
L1_GAGTTTGAGACGAAGA,Memory CD4+ T cell
E2L3_CCTGCATCAAGAAACT,Memory CD4+ T cell
L4_AACAAGAAGACTAAGT,CD8+ Effector T cell
L5_GGGCTCAGTTACGGAG,Proliferating T cell
L4_TCTTCCTTCTGGTGCG,MAIT / Effector Memory T cell
L5_AAACGCTGTCGTCATA,cDC2
E2L4_GTCGAATGTGGTCTCG,Plasmacytoid Dendritic Cell
L1_ACCTGTCGTATGAGCG,Platelet
L4_GTCCACTTCAATCTTC,Naive CD4+ T cell
L5_CAGGTATGTGAATTAG,CD8+ Effector T cell
L3_GCATGATTCGGTCTGG,MAIT / Effector Memory T cell
L2_CCTAAGATCTAACACG,cDC1
E2L5_TTTAGTCGTTAACCTG,Memory CD4+ T cell
L2_CATCCACCAATCCAGT,Naive CD4+ T cell
E2L5_GTCACTCTCCCAATAG,Memory B cell
E2L6_AACACACTCCACTGAA,CD14+ Monocyte
L1_CGGGTGTGTAGTGTGG,Naive CD4+ T cell
L3_AGCTACAGTGGTTCTA,CD16+ Monocyte
E2L4_GTTACCCGTATTCCGA,NK cell
E2L3_AACCATGCAACTGCTA,CD8+ Effector T cell
L5_TCTCAGCCACAGCCTG,Plasma cell
L5_TTTCACATCCTTATCA,Naive CD4+ T cell
E2L4_AAGATAGAGAGGTATT,CD14+ Monocyte
L2_TTTCATGTCCAACTAG,Proliferating T cell
L4_CTCCCTCTCGATTGAC,Plasmacytoid Dendritic Cell
E2L1_TCGGGCATCCTCTAGC,Treg / Activated T cell
L1_AACAAAGAGGGAGAAT,cDC2
L1_CCCTGATGTGTCCGTG,Memory CD4+ T cell
L3_TGGGAGATCAAACCTG,Erythroid cell
E2L8_AGGCCACCATTGACAC,CD8+ Effector T cell
E2L2_TCTGGCTTCGCAGTCG,Naive B cell
E2L7_CCTATCGGTGAGAACC,Memory B cell
E2L1_CGTTCTGGTCAAGTTC,CD8+ Effector T cell
L4_ACCCTCATCACTGTTT,Plasma cell
E2L5_TAGACTGTCTGCGGGT,CD8+ Effector T cell
L3_CGAGGCTCAGTGTATC,MAIT / Effector Memory T cell
E2L3_CACGGGTCACGGTAGA,Naive CD4+ T cell
E2L3_GTTGCTCTCCGTTGAA,Memory CD4+ T cell
L1_AATGCCAGTCTGCAAT,CD8+ Central Memory T cell
E2L7_CTTCAATAGAAGTATC,CD8+ Effector T cell
L5_AGAGAATTCGAACCTA,NK cell
L5_CCCTTAGTCGCCAGTG,Plasma cell
L3_AGGACGAGTATCACCA,MAIT / Effector Memory T cell
L3_TTCCGGTTCTCATGCC,CD8+ Effector T cell
L1_CTAACCCTCGGCAGTC,Naive CD4+ T cell
E2L2_TGGAACTCACTTGGGC,Platelet
E2L2_GGGTGTCCACGAGGTA,Memory CD4+ T cell
L5_TGACAGTTCTCATGCC,NK cell
L4_GGAGAACCACCTGTCT,Memory CD4+ T cell
L3_CCACAAAGTGAGCAGT,Naive CD4+ T cell
E2L3_CCAATGATCTAATTCC,Naive B cell
E2L1_CCGTGAGCACAAGCAG,Memory CD4+ T cell
E2L1_TCATTGTTCTGCATGA,Plasmacytoid Dendritic Cell
E2L7_TTTAGTCCAAAGAACT,Naive B cell
L3_TGGGTTATCGACGAGA,Memory B cell
E2L5_TCTAACTTCCTCGCAT,HSPC
E2L2_CCGCAAGGTTCCGTTC,Memory B cell
E2L2_GAGTGAGTCGAGTGGA,Memory CD4+ T cell
E2L2_AGTGACTGTCGACTTA,MAIT / Effector Memory T cell
E2L5_CAATGACTCTAGACCA,Treg / Activated T cell
E2L2_ATTCCTAAGACAACTA,NK cell
L1_GGCAGTCTCACTGGGC,Naive CD4+ T cell
E2L4_AACCACAAGTACAGCG,Platelet
E2L1_AAGTGAACACATTCGA,Memory B cell
L2_GTGAGTTCAGGTGAGT,HSPC
E2L2_CTTCCTTAGGTTAAAC,Platelet
E2L2_CGAAGGAAGACCTCAT,CD8+ Effector T cell
E2L8_TGGGAGAAGGCACCAA,Platelet
E2L3_CAGCACGTCGACACCG,CD8+ Effector T cell
L5_GTAGAAATCCGCTTAC,CD16+ Monocyte
E2L5_TACTTACGTGATGGCA,Proliferating T cell
E2L6_TCCACGTGTCTATGAC,Memory B cell
L2_ATTTCACAGCATACTC,CD16+ Monocyte
E2L5_CGTCAAAAGTTGGAAT,Memory B cell
E2L3_ATGGAGGAGAGATTCA,Plasmacytoid Dendritic Cell
L2_CGTGCTTTCATCTGTT,NK cell
E2L4_CGAAGTTCACGGATCC,Memory CD4+ T cell
L1_CACGAATCAGAAATCA,cDC2
E2L4_ATTACCTCAGATGCGA,Treg / Activated T cell
L2_GCACGGTGTCAGTTTG,HSPC
L5_CTCCCTCCACATTCTT,Plasma cell
L5_TGAGCATTCCGAACGC,Naive CD4+ T cell
L2_ATGCATGAGTGGATAT,Naive CD4+ T cell
L5_GGTGATTGTTCAAGGG,HSPC
L3_CAGCAATAGGAGACCT,Memory CD4+ T cell
L3_CCCTCTCTCCCTCATG,CD16+ Monocyte
L4_GGACGTCCAGCGACAA,Naive CD4+ T cell
L5_TAACTTCTCAAGGCTT,MAIT / Effector Memory T cell
L4_GAAGTAATCGGATAAA,Naive CD4+ T cell
L4_TTCCAATAGGCAGGGA,CD16+ Monocyte
E2L3_GAAGCGAAGCACTAAA,CD14+ Monocyte
E2L1_TCTAACTCACAACCGC,Naive B cell
E2L4_GGTAACTCACCAGGTC,Platelet
E2L1_AGGGCTCGTAACATGA,Memory B cell
L4_TCATTGTAGGTGTGAC,CD16+ Monocyte
E2L3_CTTCAATGTAAGATAC,Naive CD4+ T cell
E2L5_AATGAAGGTAAGTTAG,Proliferating T cell
E2L8_CGATCGGTCAGCTAGT,NK cell
E2L8_AAGTGAAAGAAACTGT,Memory CD4+ T cell
L4_TCTCTGGAGGAATGTT,CD8+ Effector T cell
E2L8_AGGGCTCTCTGTTCAT,Plasmacytoid Dendritic Cell
E2L4_TGGAGAGGTGGACTAG,NK cell
E2L1_ACTTATCTCACACGAT,Platelet
E2L8_TCGTAGATCCGGTAGC,Memory B cell
E2L5_CCGATGGAGACCAACG,CD8+ Effector T cell
L5_TATCTGTCAGTAACAA,Platelet
L3_GGGCGTTCACCCTAGG,Naive CD4+ T cell
L3_CGGGCATCATGGAACG,NK cell
E2L5_ACTGTGACAAAGGATT,Memory B cell
L2_CCTCACAAGTATCCTG,NK cell
L4_GCAACCGGTACTGGGA,Naive CD4+ T cell
E2L3_TATACCTTCTGGCCGA,NK cell
E2L6_GAACTGTAGATGGCAC,Naive CD4+ T cell
E2L6_GAGCCTGTCCCGAAAT,Memory B cell
E2L1_AAAGTGAAGATACAGT,NK cell
E2L7_ATTCACTCAATCGCGC,NK cell
L5_TAGACCAAGGTACATA,CD8+ Effector T cell
L2_CATGCTCTCTGTCTCG,MAIT / Effector Memory T cell
E2L1_GATGACTCATACGCAT,Naive CD4+ T cell
E2L2_AGAACCTAGTTCTCTT,Memory B cell
L1_CATGCGGTCGTTAGAC,Plasma cell
E2L3_ATGGATCAGTTCTCTT,Treg / Activated T cell
E2L4_GTGCTTCGTGTCATCA,HSPC
L5_TGCTCGTTCTCACTCG,HSPC
E2L6_GGAATGGGTTCAAAGA,CD8+ Effector T cell
E2L1_TCAGTCCCACAACGCC,MAIT / Effector Memory T cell
E2L6_TCGATTTGTACACGTT,CD16+ Monocyte
E2L5_CCACTTGTCCCGAGAC,CD8+ Effector T cell
E2L3_ATCGTGACAGCACGAA,MAIT / Effector Memory T cell
E2L8_AGACACTCAAGTCCAT,Plasmacytoid Dendritic Cell
L4_AAGCGTTGTCGGCCTA,Memory CD4+ T cell
L4_GTGTGATTCAAGGCTT,Naive CD4+ T cell
E2L7_ACTTCCGAGGTTAAAC,Naive B cell
L4_CTCAGTCGTCGGATTT,MAIT / Effector Memory T cell
E2L5_GCCATTCAGCTCAGAG,Naive CD4+ T cell
L1_TTGACCCGTATGGTTC,Naive CD4+ T cell
L5_ATTCGTTTCTGCTTTA,MAIT / Effector Memory T cell
L2_ATTATCCTCCCTCAAC,Plasma cell
L3_AATGGAATCGCAGTGC,Proliferating T cell
E2L5_CAGAGCCTCCTTATAC,CD8+ Effector T cell
L3_GGGATGACAGACACCC,Naive CD4+ T cell
L3_TGTGATGAGACAAGCC,MAIT / Effector Memory T cell
E2L7_GAATCACGTACCACGC,Naive B cell
L3_TACCGGGAGAGCTGAC,Memory CD4+ T cell
E2L7_TCGCTTGAGTATGTAG,Proliferating T cell
E2L2_GCGGAAACAGCCCAGT,CD16+ Monocyte
E2L1_CACATGAAGGTACATA,Naive B cell
E2L6_TTTAGTCGTCTTCCGT,MAIT / Effector Memory T cell
L3_TATATCCCAGGGACTA,CD14+ Monocyte
E2L7_AGCTCAAGTAGGCTGA,CD14+ Monocyte
L5_AGAAGTACACTTGACA,Naive CD4+ T cell
E2L6_CAGCGTGAGTGGAATT,Naive CD4+ T cell
E2L8_TCCGTGTCATGGCACC,CD8+ Effector T cell
L2_TGGGATTCATGTGCTA,Memory B cell
L2_GTTCCGTCAAAGCTAA,Proliferating T cell
E2L2_GGTTGTAGTTTCGTGA,Plasma cell
L5_AATTCCTAGAACGCGT,Proliferating T cell
E2L2_CAGCACGAGTTAGTGA,Naive CD4+ T cell
L4_CGAATTGGTCTTGTCC,NK cell
L1_CGGAATTAGGATATGT,Memory CD4+ T cell
L4_CCCTCAAGTAGATCGG,CD16+ Monocyte
E2L6_TTGTGGACATGGCTAT,Naive B cell
L5_GCCATTCTCTCTCTTC,Memory B cell
E2L7_ACCAAACTCATAGACC,Naive B cell
L3_CACCGTTTCACTTGTT,Memory B cell
E2L1_CCACCATTCATTTACC,Memory CD4+ T cell
E2L4_GAATCGTAGGCTAGCA,Naive CD4+ T cell
E2L3_GTTGCGGGTGTTAACC,CD8+ Effector T cell
L5_GTGTCCTGTTACCCAA,Naive CD4+ T cell
L2_GCAGCCAGTAAGCTCT,CD16+ Monocyte
L5_GCGGATCAGACGGAAA,Naive CD4+ T cell
L2_TTCCAATTCTGGACTA,CD16+ Monocyte
L4_ATGGGTTTCTGCACCT,CD8+ Effector T cell
E2L1_CTCCATGCACTTACAG,CD8+ Effector T cell
E2L7_TCATGGAGTTGCTCAA,Plasma cell
L4_GCCAACGCATAATGCC,HSPC
E2L7_TTCGCTGCAGCTTTCC,Memory CD4+ T cell
E2L2_TGATTTCCACTATCCC,MAIT / Effector Memory T cell
L3_CCACAAAAGAGGGCGA,Erythroid cell
L2_CGGAACCAGCCTGGAA,Plasma cell
E2L4_CTAGGTATCATAAGGA,Platelet
E2L7_CTCATGCAGTCGTCTA,cDC1
E2L2_CTCTGGTCACGGCTAC,Memory B cell
L3_TATTGGGCAAGCGGAT,Memory CD4+ T cell
E2L2_TTGTTCAGTTGATCGT,CD16+ Monocyte
E2L2_ATAGAGACACGTTGGC,Memory CD4+ T cell
L1_AAAGGGCTCGTTACCC,Plasma cell
E2L2_CTCCTTTAGATAGGGA,Memory B cell
E2L8_GCATCGGCACAAAGTA,Plasma cell
E2L5_GGAAGTGTCCTGCCAT,CD16+ Monocyte
E2L2_GTGGCGTTCGACATAC,Memory CD4+ T cell
E2L2_GGGTGTCAGGCTGGAT,CD8+ Effector T cell
E2L7_TTTACCATCAGAGTTC,Platelet
L3_CCAAGCGTCTAAGGAA,Proliferating T cell
E2L2_CTCGAGGGTACAGTAA,Naive CD4+ T cell
E2L6_AAAGAACTCAGACCTA,Memory B cell
E2L2_AGGGTCCGTCAGGAGT,CD16+ Monocyte
E2L6_GGTGAAGCAGACCAGA,Memory CD4+ T cell
L5_GGACGTCCAGGACAGT,MAIT / Effector Memory T cell
E2L5_ACCAAACTCTTCTAAC,Plasmacytoid Dendritic Cell
L4_CATGCGGAGTTAGAAC,Proliferating T cell
E2L1_AATCGTGTCTGCGATA,CD8+ Central Memory T cell
E2L3_TCACGGGCACACCGCA,CD16+ Monocyte
E2L7_ATTTCACCAGGCCTGT,NK cell
E2L1_AGAGCAGGTACTTCCC,Plasma cell
E2L2_TCCTAATCATGTCAGT,NK cell
E2L7_CTCCTTTTCGTAACAC,NK cell
L4_CCGTTCAGTAGCTTAC,CD8+ Effector T cell
L4_AGTCTCCAGCCACAAG,HSPC
L1_TTGGATGGTAAGGTCG,Memory CD4+ T cell
L4_AGGACTTCAGTCTTCC,Naive B cell
E2L4_CTCAATTCAGCGTACC,CD14+ Monocyte
E2L2_AAAGTGACATAGTCGT,Proliferating T cell
L4_AGACCCGCAGCTATTG,CD8+ Effector T cell
E2L6_ATAGACCAGCTGAGTG,Memory CD4+ T cell
L1_GGGTTTAAGGCAGTCA,CD8+ Effector T cell
L4_CGCAGGTTCACGATCA,Plasma cell
E2L4_TGCAGTATCTTCTAAC,Memory CD4+ T cell
L2_ATGCATGGTCGAGCAA,cDC2
E2L4_CGAAGTTGTTTCACAG,Platelet
E2L2_AAACGCTTCATGCCGG,cDC1
L4_ATCCCTGCAGACTCTA,Naive CD4+ T cell
E2L8_ATGCCTCAGCACGATG,Platelet
E2L3_CCGGTGAGTGTACATC,Memory CD4+ T cell
E2L7_GTCTGTCAGGACTATA,NK cell
L3_GGGTCTGGTGCCCACA,NK cell
L4_CTAACCCAGTGTTCAC,Naive B cell
L3_CGGGCATGTTGTAAAG,Naive CD4+ T cell
L3_ACGTAGTCAGACAATA,HSPC
E2L4_CACAGATAGGATTTGA,CD14+ Monocyte
L1_TGGATCAAGCTGGCCT,Naive CD4+ T cell
L3_TAAGCCATCGACCAAT,NK cell
L4_ACAGAAATCCATACAG,Naive CD4+ T cell
E2L2_CTACCTGAGCCATTTG,NK cell
L2_CATCGTCAGCCATATC,Naive CD4+ T cell
L3_CTGTACCCACAAATCC,Naive CD4+ T cell
L3_TTCTGTAAGGTCGAGT,Memory B cell
E2L8_TCATTCACATGTGCTA,NK cell
E2L8_CTCTCAGCATGCCGGT,Proliferating T cell
E2L7_CTTCCGAGTGCTCTCT,Proliferating T cell
E2L8_TATCTGTTCTTGATTC,CD8+ Effector T cell
L4_ACCTGAACAGTAGAAT,HSPC
E2L4_AGAACCTTCGATGCAT,NK cell
E2L2_CGATGCGAGTAGTCCT,NK cell
L1_TGCTTGCAGTAGCATA,Plasma cell
E2L6_CGCGTGATCTGCATAG,cDC2
E2L5_TTCTTCCAGTCGGGAT,Proliferating T cell
E2L2_CGAAGGAGTTCGGTTA,CD16+ Monocyte
E2L1_CAGATCAAGAACCGCA,Platelet
E2L3_TCGAAGTAGATTGATG,Memory B cell
E2L5_GGGCTCACAACTGCTA,Naive CD4+ T cell
E2L2_ACCCAAATCGAGAAGC,CD14+ Monocyte
E2L4_CCCTTAGGTGATAGTA,Proliferating T cell
E2L8_TAATTCCCACGGCTAC,Plasmacytoid Dendritic Cell
E2L7_ATTCAGGGTCACAATC,Memory B cell
L1_AGGGTCCAGCATGTTC,CD8+ Central Memory T cell
L1_ACAAAGATCACTCTTA,Naive CD4+ T cell
E2L8_CTGTACCGTCGTCATA,Memory B cell
L1_TCACACCCACGTGTGC,Memory CD4+ T cell
L4_GGAGAACTCCTCGATC,Naive CD4+ T cell
E2L7_TACTTCAGTCTCTCAC,cDC1
L2_GTCAAGTAGCCTTCTC,CD8+ Effector T cell
E2L4_AGGTAGGGTAAGTTAG,NK cell
E2L4_AAGTGAAGTCCAAAGG,Naive B cell
L3_TGAATGCGTTGCATTG,Proliferating T cell
E2L4_ACATGCATCGTGGCGT,Memory CD4+ T cell
E2L3_CATAAGCAGATCACTC,Memory B cell
L3_GGTTCTCTCATGAGAA,Memory CD4+ T cell
L1_GTCACGGAGCGCATCC,Platelet
E2L7_GTAGAGGGTAAGTTAG,Memory B cell
E2L7_TCTATCAGTAGGAGTC,Platelet
E2L3_ATGATCGGTAACGCGA,Naive B cell
L3_GTTAGACGTGATGAAT,Memory B cell
E2L5_CATACTTAGCACTCAT,NK cell
E2L7_AATCGACCAATTGCCA,Platelet
L5_GCGATCGCAAACAGGC,Naive CD4+ T cell
L3_CCACGAGGTGGCCTCA,Naive CD4+ T cell
E2L1_AACAAAGAGGCACAAC,CD14+ Monocyte
E2L2_GTGGGAAGTCGAATGG,CD16+ Monocyte
E2L2_CTGCGAGAGCCGTTAT,Memory B cell
E2L3_TTTGGAGCACCAGGTC,Plasma cell
L1_TCAAGTGGTAGTGGCA,Naive CD4+ T cell
E2L8_GGGTTATAGCTGTACT,Naive B cell
E2L5_AAAGGATGTCTACAGT,CD8+ Effector T cell
E2L8_GAATCGTAGTAGGGTC,NK cell
L2_CAACGATCAAGCACAG,NK cell
E2L5_GATTGGTGTTTGTTCT,CD14+ Monocyte
L2_AGGCCACCAATGCAGG,CD16+ Monocyte
E2L7_TATTTCGTCCCTAGGG,Naive B cell
E2L2_CTCCCAATCTGCGAGC,Memory CD4+ T cell
L3_TTCAGGACATGCAGCC,Memory CD4+ T cell
L4_GGGCTCACACTCTGCT,Naive CD4+ T cell
L2_ACATCGACACAACATC,HSPC
L4_TAACTTCAGGAGACCT,Naive CD4+ T cell
L4_GTGGCGTTCTGTAAGC,Erythroid cell
E2L4_GATCGTATCTCAGTCC,Proliferating T cell
L1_AACGGGAGTTAAGGAT,HSPC
L3_TATTCCATCCGACAGC,CD8+ Effector T cell
E2L7_TGTGATGGTAGAGACC,Proliferating T cell
E2L1_GGAGGTATCAACCCGG,Memory B cell
E2L6_TTGGGTAAGAAGTCCG,Memory CD4+ T cell
E2L7_TGCAGATAGATGTTGA,Memory B cell
E2L1_TACCGGGCATCACAGT,CD8+ Effector T cell
L5_AACCTGAGTCCACGCA,CD8+ Effector T cell
L5_AACCTGACATCCTGTC,Naive CD4+ T cell
E2L6_TTGGATGCATGGGTTT,Memory CD4+ T cell
E2L3_TTCACGCAGGTCGTAG,CD14+ Monocyte
E2L2_AAATGGAGTCTCTCCA,NK cell
L1_GGGACTCCAATAGTAG,Proliferating T cell
L2_GGAGATGTCCATGAGT,Memory B cell
E2L2_ATGGAGGGTCTACTGA,Memory B cell
E2L8_TCCCACACATGTTTGG,Naive CD4+ T cell
E2L4_GTACAGTAGTTCGCAT,Treg / Activated T cell
E2L4_TATGTTCGTAGCTTGT,NK cell
E2L5_CCCTAACGTGATTAGA,CD8+ Effector T cell
E2L6_GAAGCCCTCGTCAAAC,Memory CD4+ T cell
L5_TCAGTTTTCGGTTAGT,Plasma cell
L2_AAACCCATCGTGCGAC,Memory CD4+ T cell
L3_TTTATGCCACCATATG,CD14+ Monocyte
E2L4_GTGCTGGGTTTACTTC,NK cell
E2L1_GATGAGGTCGGTCAGC,CD16+ Monocyte
L4_ACGTTCCGTACCGTCG,Naive CD4+ T cell
L1_ATGTCTTGTAGAGGAA,CD8+ Effector T cell
L2_CATTGAGCATGTAACC,NK cell
L1_GACCTTCTCTGGAGAG,HSPC
E2L5_TGCAGATCAGTGTGCC,Naive CD4+ T cell
L3_GGTAACTAGATGATTG,Plasmacytoid Dendritic Cell
L3_ATGAGTCGTCGTTATG,CD8+ Central Memory T cell
E2L2_AGACCATGTTAGTCGT,Naive CD4+ T cell
L4_TGTTGAGAGTTTGCTG,Naive CD4+ T cell
L3_CCATCACCATAGTCGT,CD8+ Central Memory T cell
L2_TTACCGCAGGGAGATA,Memory B cell
E2L5_CTCAAGAGTGTTATCG,CD8+ Effector T cell
E2L6_CCCTGATAGCGCACAA,Naive CD4+ T cell
L1_GCCTGTTTCTCAACCC,Treg / Activated T cell
E2L2_TCACGGGTCTTGCAGA,Proliferating T cell
L5_GTTCGCTAGTACAGAT,Proliferating T cell
L5_TTTGGAGGTGGTGATG,HSPC
L2_CCGGACAAGTTGCGCC,Plasmacytoid Dendritic Cell
E2L4_CTGAGCGGTTTGGCTA,CD8+ Effector T cell
L5_AGACAAATCGAACACT,Memory CD4+ T cell
L2_TTCTTGAGTACGTTCA,Naive CD4+ T cell
E2L5_GATGAGGTCACCGACG,CD16+ Monocyte
L5_TACATTCTCGTCGATA,Memory CD4+ T cell
L2_CGACAGCTCACGATCA,Memory CD4+ T cell
L4_CCACGTTCAAGATTGA,HSPC
L2_GAAGAATAGCCTATCA,Plasma cell
E2L1_CATCGCTGTAGGATAT,Naive B cell
L4_AATGCCATCAGCTGAT,Memory B cell
L2_CGAGTGCAGCAAGTGC,CD8+ Effector T cell
E2L1_CATGGATAGGACACTG,CD8+ Effector T cell
E2L2_CTCAGGGGTTGGGATG,CD8+ Effector T cell
E2L5_CGGCAGTCAGACCAGA,Memory B cell
L5_ATCATTCCACTTGTGA,Memory B cell
E2L1_GTGCTTCTCTGTGCTC,Naive B cell
L2_CATACTTTCGAATGCT,CD16+ Monocyte
L5_CATTGCCCATGGTGGA,Platelet
E2L3_AAACGAATCTTGGTCC,CD14+ Monocyte
L3_TGGAACTCACCTGCGA,CD8+ Effector T cell
E2L6_TTGCGTCAGGGCGAGA,Plasmacytoid Dendritic Cell
L5_TGATTTCAGGTCGTCC,CD8+ Effector T cell
E2L8_CCGGTGAGTGTTAACC,CD8+ Effector T cell
E2L1_CAACCTCCAGTTAAAG,NK cell
E2L6_CCTCTAGCATCAACCA,Platelet
L2_GAATCGTCAGTTGCGC,NK cell
L5_TCGTGGGGTATTTCTC,Naive B cell
E2L4_TGTTGAGTCGGAAGGT,Proliferating T cell
E2L1_AGTTCGAGTCGCACAC,CD8+ Effector T cell
E2L3_TACATTCGTAGGCTGA,Memory B cell
E2L5_TCGCAGGTCACCCTCA,NK cell
L5_CGACAGCCAATCCTAG,Naive CD4+ T cell
E2L4_GGTGTCGCAAATTAGG,Plasmacytoid Dendritic Cell
L1_GTGGTTACAGTAACCT,HSPC
L1_GGAGATGTCATGCCGG,Naive CD4+ T cell
L1_CCCGGAAAGCAGCAGT,MAIT / Effector Memory T cell
L5_CGTGTCTGTTCGGTAT,cDC2
L3_ATGCGATCAAGATTGA,NK cell
E2L6_TCAGGTACACGTTGGC,Plasmacytoid Dendritic Cell
L4_TAGGTACCACCTTCGT,Memory B cell
E2L1_AGCGTATCATGGGTCC,Treg / Activated T cell
E2L1_CACCAAAGTTAAGGAT,Memory B cell
E2L8_CAGGTATCAAGGACAC,CD8+ Effector T cell
E2L4_GTGCTGGTCCGTGTAA,Naive CD4+ T cell
E2L1_GTTTGGATCCCTCGAT,Naive CD4+ T cell
L4_ACGTCCTTCATTGAGC,Naive B cell
E2L3_CCACTTGCAGCTGTAT,cDC2
E2L1_AGAGAGCGTGACCGAA,Memory CD4+ T cell
E2L8_TCCCAGTCAAAGAGTT,Platelet
E2L6_GACTGATTCCTCTAGC,Naive CD4+ T cell
E2L1_ATCCACCTCCATTCGC,Proliferating T cell
L4_TTTCAGTGTCACTTCC,Treg / Activated T cell
L1_TGATTCTGTCACAGTT,Memory B cell
E2L5_TACAACGGTACAGGTG,Memory CD4+ T cell
L1_GTTTGGAGTCCCTAAA,Memory CD4+ T cell
L2_TCGATTTGTCAAGCGA,Naive CD4+ T cell
L2_ATCGATGCACAAAGTA,Naive CD4+ T cell
E2L2_AAGGTAAAGCTTCATG,Proliferating T cell
E2L7_AGTACCAGTGGCTGCT,Memory B cell
E2L8_CTTGATTGTGTCTTAG,CD14+ Monocyte
E2L2_CATCGGGGTTGGACCC,CD8+ Effector T cell
L4_CACTGGGAGTCCCTAA,Plasma cell
L5_GGAGATGAGTTACGGG,Memory CD4+ T cell
E2L3_GTGTAACCAGCGATTT,Memory CD4+ T cell
L2_ATTTCTGAGACTCCGC,Naive CD4+ T cell
L1_ACGTACAGTCCAGGTC,Naive CD4+ T cell
L3_CGTGATATCTCATGGA,Naive CD4+ T cell
E2L8_TACACCCCAGTTCTAG,Proliferating T cell
L5_TCATTCACAGAGTCAG,Plasma cell
E2L3_CACCAAATCGGTAACT,CD8+ Effector T cell
E2L1_CTGTGAACAAGATGTA,Naive CD4+ T cell
E2L6_TATTGGGCATAGATCC,Memory B cell
L4_TCTGGCTTCGAGATAA,Memory CD4+ T cell
L4_TCGAACACAGTTGTCA,CD8+ Effector T cell
L3_TATCTTGCATGACGGA,Plasma cell
L4_GGGAAGTGTGACCTGC,MAIT / Effector Memory T cell
L5_CAAGCTAGTCCGGTGT,Memory CD4+ T cell
E2L1_TGTTGGAAGCGTTGTT,Plasma cell
L4_TGCACGGGTGATACAA,Memory CD4+ T cell
E2L3_TACAACGAGTGAGGCT,CD8+ Effector T cell
L5_CCTGTTGTCAATGTCG,NK cell
L3_TGTGTGACATCTGGGC,HSPC
E2L1_AGATCCAGTGTATTCG,Proliferating T cell
E2L6_CATAGACCAACCGACC,CD14+ Monocyte
E2L3_GTGTGGCTCATTGCCC,Memory B cell
L1_GATGCTATCCTGTACC,Plasma cell
L2_ATCGTCCCAGATACTC,Naive B cell
L2_TCGGTCTGTGGCACTC,Naive CD4+ T cell
E2L2_CGTCAAAGTTCTGAGT,Proliferating T cell
L1_GAAGTAATCAGTGATC,Memory CD4+ T cell
L5_CCACGTTCATTGCAAC,HSPC
L1_AGTAGCTTCAATCCAG,Memory B cell
L2_GGGTGTCAGAGTCTGG,Plasmacytoid Dendritic Cell
L3_CTGGTCTAGGCGAACT,Proliferating T cell
E2L1_TCATGTTTCATCGGGC,CD8+ Effector T cell
L2_ACATCGAGTTCTCTAT,Memory B cell
L1_TTTCAGTTCCATACTT,HSPC
E2L8_AGACTCATCCGTATGA,MAIT / Effector Memory T cell
E2L5_CAAAGAAGTCTTCTAT,CD14+ Monocyte
E2L2_TGGGCTGCATCGCTGG,Memory B cell
L5_TGAGCGCGTAAGTAGT,Plasmacytoid Dendritic Cell
L5_AGCGCCACAGGTCAAG,cDC1
E2L2_ATTCATCGTGTACGCC,Plasma cell
E2L8_TCAATTCCACCTGCTT,CD16+ Monocyte
E2L1_CTTACCGGTGGGAGAG,NK cell
E2L8_CAATCGACACTCAAGT,Memory CD4+ T cell
L3_CAGATCATCACTTATC,cDC1
E2L7_GTGTTAGTCTATGCCC,Naive CD4+ T cell
L2_CTCCGATCAGGTCAAG,HSPC
E2L1_TTCCTAAAGGCTGAAC,NK cell
E2L2_AATGCCAAGTATCCTG,Plasma cell
L2_GCAGCCAGTTTGTTCT,Plasma cell
E2L8_ACTTCGCCATGGAACG,CD16+ Monocyte
L2_CAAGAGGGTCGTGATT,Naive B cell
E2L6_CCTACGTAGTATTGCC,Naive CD4+ T cell
L5_TATTCCACATAGATGA,Erythroid cell
L5_TCATACTAGCGTATGG,Platelet
L3_GTGGAAGCACAATGCT,cDC1
L1_ACTCTCGGTATCGAGG,NK cell
E2L5_CATTGAGGTACCGCGT,HSPC
E2L8_TCCTCCCCACTCCTGT,NK cell
E2L5_CATGCGGGTGCGAGTA,Memory B cell
E2L7_AACAACCTCATGAGGG,CD16+ Monocyte
L2_GACGCTGAGACATACA,Memory B cell
E2L8_CATGGTATCCTAAACG,Proliferating T cell
L1_TAGGTACCAGCTGAAG,Naive CD4+ T cell
E2L7_CAATTTCAGTCGGCCT,Plasmacytoid Dendritic Cell
L3_CTGCCTAAGTCCCGGT,Memory B cell
E2L8_TCACTCGGTAGCACAG,CD14+ Monocyte
E2L5_GTGCTTCGTTTACGAC,Memory B cell
E2L6_TTGGGTACATCAGTCA,Plasmacytoid Dendritic Cell
L5_ATCCATTTCTTCGTGC,Naive CD4+ T cell
E2L2_GATCACATCACGGACC,Platelet
E2L5_GATTCTTAGGAAAGTG,Proliferating T cell
E2L7_TCACGCTTCAGTGTTG,Memory B cell
E2L1_AGACTCACATAGAAAC,Naive B cell
E2L3_ACCTACCCATGCGTGC,Naive CD4+ T cell
E2L4_CTACTATCAGAAACCG,CD8+ Effector T cell
E2L4_TGAGCGCCATGTACGT,Naive B cell
E2L5_TCTAACTTCTGAGCAT,Naive CD4+ T cell
E2L8_CAAGCTAAGCCTTGAT,NK cell
E2L7_CAATTTCGTACACGTT,CD14+ Monocyte
L4_CAAGCTATCGTCAAAC,Memory CD4+ T cell
E2L3_AGGAAATGTCCGACGT,Proliferating T cell
L4_AAGACAAAGCCATGCC,Plasmacytoid Dendritic Cell
E2L1_CTGCTCAGTCCTCATC,CD14+ Monocyte
L1_GTACAACCAATCGCAT,Treg / Activated T cell
L5_AGGACGATCTGCATGA,CD14+ Monocyte
L3_TAACGACGTGCTCTTC,Proliferating T cell
L3_ATCACTTTCACGGGAA,Memory B cell
L4_GAGGCAACAGCGTACC,Memory CD4+ T cell
L5_TACGCTCAGGTGCCTC,Naive CD4+ T cell
L4_CCACTTGCAACGGTAG,HSPC
L2_TGTCCTGAGTCATCGT,HSPC
L2_CAGTTAGTCAGTGTCA,Naive B cell
E2L6_CACTTCGGTTCGGCGT,NK cell
L5_CGTAAGTTCCTTACCG,HSPC
L3_TATACCTTCCGGCAAC,HSPC
E2L3_CACTGTCCAGGATGAC,Naive CD4+ T cell
E2L3_GCCATGGAGGAAGTAG,Naive CD4+ T cell
E2L4_TGAGGGACAAAGGAGA,Proliferating T cell
L4_GAAGGACGTTATGACC,HSPC
L5_CAAGAGGCAATAACCC,Naive CD4+ T cell
E2L2_TAGGGTTCAGCTGAGA,Memory CD4+ T cell
L1_TTCTCTCAGGATAATC,Memory B cell
L5_TAGGGTTAGGCCCAAA,Memory B cell
E2L8_ACCCTCATCGCTACAA,CD8+ Effector T cell
E2L8_CCGGACAAGAGAGGGC,CD16+ Monocyte
E2L1_TTTGGAGCATGGGCAA,Memory CD4+ T cell
L1_CTGTACCAGTTCGCAT,Proliferating T cell
E2L4_TGGGATTCACTGATTG,CD8+ Effector T cell
E2L6_CCCATTGAGGATATAC,CD14+ Monocyte
E2L2_CTTTCGGTCGTGTGAT,Platelet
E2L6_CTACCTGTCATAAGGA,NK cell
L5_GGAGATGCAATACCTG,Naive CD4+ T cell
L5_GTCCACTTCCGCAAAT,HSPC
L4_AACCATGGTGTATTCG,NK cell
E2L1_GGGACCTTCCTCTAGC,CD8+ Effector T cell
L5_GTGGTTACATCGGATT,HSPC
E2L8_TGTCCACCATATGAAG,Naive CD4+ T cell
E2L7_GAGTGTTGTCGGTACC,Memory B cell
E2L2_GCATTAGCACGCAGTC,CD16+ Monocyte
E2L7_ACATCCCTCTTCGATT,CD8+ Effector T cell
E2L1_CAAGAGGCAGGGTCTC,Plasmacytoid Dendritic Cell
L2_ACCAACAAGATTGGGC,Memory B cell
E2L8_ATCGTAGAGCCACTCG,NK cell
E2L2_TGTGGCGAGATCGGTG,Naive B cell
E2L4_TTTGATCAGCCATTGT,CD14+ Monocyte
L4_CGTCAAACAATGTGGG,NK cell
E2L6_CTGGTCTCAGGTATGG,CD16+ Monocyte
L2_TCCTTCTTCGCTGTTC,HSPC
E2L4_CATTGTTAGAATTGCA,Plasmacytoid Dendritic Cell
L5_CAAGACTGTTTGAACC,MAIT / Effector Memory T cell
E2L7_GATTTCTCATTAGGAA,NK cell
E2L1_AAGCATCGTAGCGATG,Memory B cell
E2L2_CGAGGAAAGGTAGCAC,Plasmacytoid Dendritic Cell
E2L1_TTTACGTGTGACTGAG,CD8+ Effector T cell
L5_TTACGTTTCTCCCTAG,MAIT / Effector Memory T cell
L2_CATCCGTTCCACAGCG,CD8+ Effector T cell
L3_TCGAAGTCATCCTAAG,CD8+ Central Memory T cell
E2L4_CGAAGTTTCTAGATCG,CD8+ Effector T cell
E2L5_GCTGCAGGTGATAGAT,CD14+ Monocyte
E2L6_ACCAAACTCTTGGATG,NK cell
E2L2_TACACCCAGCTACAAA,Memory CD4+ T cell
L3_CTGAGCGCAGGTTCGC,Plasma cell
E2L3_TCTGTCGAGAGTCACG,Proliferating T cell
L5_TTGGTTTCACTCGATA,Erythroid cell
E2L2_AGGATCTGTGGCTGAA,Memory CD4+ T cell
E2L5_TTTGGTTAGAACGTGC,Proliferating T cell
E2L4_TGAGTCACACCCTATC,Memory B cell
L3_AGACTCATCCCAGTGG,Naive CD4+ T cell
L5_CGAGAAGGTGTGCCTG,MAIT / Effector Memory T cell
L3_AGTACCACATCTCGTC,Memory CD4+ T cell
E2L2_GACCCTTGTTTGAAAG,CD14+ Monocyte
E2L7_CTAGACAGTGGATCGA,CD14+ Monocyte
E2L4_CTCACTGAGAGTCTTC,Memory B cell
E2L7_TTGGGATCACGCTTAA,CD16+ Monocyte
E2L5_CATGAGTTCGCGTGCA,Proliferating T cell
L5_ACTTTCACAGGACTAG,MAIT / Effector Memory T cell
E2L7_TGACCCTCATTCATCT,NK cell
L1_GCTCAAACACTTCATT,NK cell
L2_CCTCAACAGAAGCGCT,HSPC
E2L6_TGGGTTATCAATCAGC,CD8+ Central Memory T cell
L1_GCGATCGCATGTGACT,Naive CD4+ T cell
L3_AGTGATCAGTTCCGGC,Memory CD4+ T cell
L3_TTCAGGACAGCGTGAA,Memory CD4+ T cell
E2L7_TCAGCAAAGAGCTTTC,NK cell
L3_TCGGATATCTTCGCTG,MAIT / Effector Memory T cell
L4_TGGAACTAGTGAGTGC,MAIT / Effector Memory T cell
L4_ATTTCACCATACCACA,Memory CD4+ T cell
L1_GAATAGACACGGTGTC,Naive CD4+ T cell
L3_GTAGATCAGGACGCTA,Memory CD4+ T cell
E2L1_GGGACTCCAGATCCAT,cDC2
L1_AGTGACTAGTAACGTA,Proliferating T cell
L1_ATGTCCCTCCCTCTAG,Naive CD4+ T cell
E2L4_TGCACGGCATTGAGGG,cDC1
L4_GCTGCAGGTCCACACG,CD14+ Monocyte
E2L8_AACACACTCTTCCGTG,Plasma cell
E2L1_CGTAATGAGTCATGCT,Naive B cell
E2L7_AGATGAAAGCCACTCG,Naive CD4+ T cell
E2L6_TCTACCGCAGTTAGAA,Naive CD4+ T cell
E2L6_ATGATCGGTGTGTCCG,CD8+ Effector T cell
L4_AATCACGGTCAGTTTG,Naive CD4+ T cell
E2L4_TCGGGACGTCCTTTGC,CD8+ Effector T cell
E2L6_TGACCCTGTGTGAATA,Plasmacytoid Dendritic Cell
L5_CTTCCGACAAGAATAC,Memory CD4+ T cell
E2L5_GAAACCTTCCTCTGCA,Plasma cell
L5_TCTATCAAGTCGGCAA,CD8+ Effector T cell
L4_CCGTTCACATTGAGCT,cDC2
L1_GGTGTCGCAAGAATGT,NK cell
E2L2_CCGATCTCAGAAGCTG,Memory B cell
L4_ATTCATCCAGACTCTA,NK cell
E2L6_AGTCACATCCAATCTT,Plasma cell
L1_GAGTGTTTCCTCACTG,Proliferating T cell
E2L3_GATTGGTAGATGATTG,NK cell
E2L5_CGGGTGTGTGGGCTTC,Naive CD4+ T cell
E2L3_ACTATGGTCTAACGGT,Memory CD4+ T cell
E2L4_TACTTCACATCTAACG,cDC1
E2L5_GGGTATTTCCATACTT,Naive CD4+ T cell
L4_CCCGGAATCACAAGAA,Memory B cell
E2L1_ATTTACCAGGAATCGC,CD8+ Effector T cell
E2L4_TACCCGTAGGAGTACC,cDC1
E2L4_GAGTGAGTCAGAGCGA,Naive CD4+ T cell
L2_ACATCCCCAGCTGAGA,Erythroid cell
E2L8_ACAACCACATGCTGCG,Naive CD4+ T cell
L5_GGGACTCCACTCCACT,Plasma cell
E2L2_GGCGTCATCTAAGCGT,NK cell
E2L2_TCGAACAGTAACAGTA,CD8+ Effector T cell
L2_TACGGTAAGGATATGT,Memory B cell
L4_CCTCATGTCGTCAGAT,Platelet
L1_ATCACTTCAGTTGCGC,Memory CD4+ T cell
E2L5_TCGTGCTAGAGTACCG,cDC2
L5_AATGGCTCACAACGTT,CD8+ Effector T cell
L3_GAATAGAAGGGCAGAG,Naive CD4+ T cell
E2L6_TGCATGATCTCCTACG,NK cell
E2L5_GAGTTTGCAGGATGAC,NK cell
L5_TTCCTTCGTCCAAGAG,Proliferating T cell
E2L5_CCGGTGAGTATGTCCA,Proliferating T cell
E2L4_TATTGCTCACGCCAGT,Plasmacytoid Dendritic Cell
L3_CATGGTACATGAGGGT,Plasma cell
E2L6_CGTAAGTAGTTCACTG,NK cell
L1_TTGTGGATCCATCCGT,Naive CD4+ T cell
E2L6_GCCATGGGTGATACAA,Memory B cell
L2_ATTATCCTCCTCAGGG,Memory CD4+ T cell
E2L5_ACTTTGTGTACCACGC,CD14+ Monocyte
E2L3_CTGATCCGTGGAGAAA,Memory CD4+ T cell
E2L7_GTGAGTTTCAGGAACG,Plasma cell
L4_CTCAGTCCAGAACTAA,Treg / Activated T cell
E2L8_TCTATACCAGCATGCC,Memory B cell
E2L5_GCCATGGGTGAGTAGC,Naive B cell
L1_ATGCATGCATCTCAAG,Naive CD4+ T cell
E2L6_CATCCCATCTCCTGTG,CD16+ Monocyte
L4_ATTGGGTAGCGATTCT,HSPC
E2L5_TTAGGGTCATTGTAGC,Platelet
L2_CTAACCCAGCTGGCCT,cDC1
E2L5_TATTGCTCACCCGTAG,Memory B cell
E2L6_CGGGTCAAGTTTCTTC,Plasmacytoid Dendritic Cell
E2L6_AGCTCAACAGGTGAGT,NK cell
E2L3_GAGTTACTCTGGGCGT,Plasmacytoid Dendritic Cell
E2L3_TCACGCTAGCCACTCG,Memory B cell
E2L4_CATGCCTGTGGCTTAT,Platelet
E2L1_TTCCTCTCAGTCGAGA,Platelet
L5_TTTGGTTTCGTAGGGA,Proliferating T cell
E2L5_AGGGTTTTCGTGAGAG,CD16+ Monocyte
L1_TCAGTTTTCGCCGATG,cDC2
L4_ACTATCTTCTCCAATT,CD8+ Effector T cell
E2L4_TACTTGTAGGATCATA,Memory CD4+ T cell
E2L5_CCTCAGTGTAACGCGA,MAIT / Effector Memory T cell
L5_TAATCTCTCTAGCATG,HSPC
L5_GATTCGAAGTCACTAC,Plasma cell
E2L7_CCTCCTCAGGCCTGAA,NK cell
L3_GTATTTCCAAAGACGC,Proliferating T cell
L4_ACTGCAAGTATTGACC,Naive CD4+ T cell
L1_GTAATGCAGAAGGGAT,Proliferating T cell
E2L7_TCAGCAAGTAGCTTGT,NK cell
L4_GTGCAGCTCGCCGAGT,Proliferating T cell
E2L1_CTGAGGCTCGGTTCAA,CD14+ Monocyte
E2L5_TCCACGTTCTCATTTG,cDC1
E2L6_GATCATGGTATGCTAC,CD8+ Effector T cell
E2L1_TCGTGGGCACGACCTG,Memory B cell
E2L8_CTGGCAGGTATCCCAA,NK cell
E2L6_GTTTACTAGTAGTGCG,Platelet
E2L3_CATACCCCAGATACCT,Memory CD4+ T cell
L1_TGTGCGGAGCTCGCAC,CD14+ Monocyte
E2L3_GTTGCTCAGTACCATC,Naive CD4+ T cell
L1_CAGCGTGAGCGGGTAT,CD8+ Effector T cell
L5_CAAAGAATCCATCGTC,Platelet
E2L4_GTAGTACGTAGGAGTC,Naive CD4+ T cell
E2L7_CCACTTGAGCTGACTT,NK cell
E2L1_CTCAGGGCACATAACC,CD14+ Monocyte
E2L1_ATCACGATCGTGGAAG,CD16+ Monocyte
E2L1_CCTCAGTGTGGAAATT,CD8+ Central Memory T cell
E2L7_ATCCACCTCGCAGTGC,Proliferating T cell
L1_CCTTTGGAGGAGGGTG,Naive CD4+ T cell
L3_GGAACCCCACTAACCA,Naive CD4+ T cell
L3_AGGAAATCATATACCG,Memory B cell
E2L4_ATACCTTTCAGATTGC,NK cell
L4_TTACGTTCACGCACCA,Naive CD4+ T cell
L1_TCAAGACAGGCACTAG,HSPC
L2_AATTCCTCAGCGGTCT,CD8+ Central Memory T cell
E2L3_CATGCAAAGCATCCCG,NK cell
L3_GATGACTAGGGCATGT,Proliferating T cell
E2L3_AGGGAGTTCTGGAGAG,Naive B cell
L3_GGTTAACAGGGAGGCA,Memory B cell
E2L1_CGTAATGTCCGAAGGA,CD8+ Effector T cell
L5_GTCTACCTCGGATAAA,MAIT / Effector Memory T cell
E2L5_TCAGTCCCACTACCCT,Platelet
E2L8_TACCTCGTCAAGATAG,Naive B cell
L3_GATTGGTTCATTGGTG,Naive CD4+ T cell
L1_GCCCGAACATCCTATT,Erythroid cell
E2L8_CTCATGCAGCGTATAA,Memory B cell
E2L3_CGGACACGTGTCTAAC,Naive CD4+ T cell
E2L4_TCCCACACATTCTCCG,CD8+ Effector T cell
L1_GAGTCATTCCCATGGG,Naive CD4+ T cell
E2L5_AGACCATGTCTTACAG,CD8+ Effector T cell
E2L5_CCACGAGCAATTCGTG,Platelet
L5_TTTGGTTTCCTCTAGC,Naive CD4+ T cell
E2L3_TCTATCATCGATACTG,Plasmacytoid Dendritic Cell
L1_AATGGAATCAGCAGAG,Naive CD4+ T cell
E2L6_TCATTTGGTTATGACC,NK cell
E2L1_CCTATCGCAGACCCGT,CD14+ Monocyte
L1_TCAAGTGAGGGATCGT,Memory B cell
L5_TCGAACAGTTGCATAC,Naive CD4+ T cell
E2L1_TCACATTGTCGCTTGG,Naive CD4+ T cell
L2_AAGATAGGTGAGAGGG,CD16+ Monocyte
E2L5_TACCGAATCACGGAGA,CD8+ Effector T cell
E2L6_GCCGATGGTTCTTAGG,CD16+ Monocyte
E2L2_AGACAAAAGGAATGTT,Proliferating T cell
E2L6_AGGGAGTTCCGAGTGC,Proliferating T cell
E2L6_GGTAACTTCTGCGATA,CD16+ Monocyte
L2_TTCCTCTAGCACGTCC,Proliferating T cell
E2L1_GTAGCTAGTAGGTAGC,MAIT / Effector Memory T cell
E2L6_CATGGATTCTGTCGTC,Plasmacytoid Dendritic Cell
E2L7_TGCTTGCTCGGACGTC,cDC2
L4_TGGTGATCAAAGGTTA,Memory CD4+ T cell
L1_GATCGTACAGCTTCGG,HSPC
E2L6_TGATGCAGTGTGCTTA,Plasma cell
E2L2_CCTCTAGTCCTCAGGG,CD16+ Monocyte
L2_ATGTCCCCAAAGGATT,Proliferating T cell
L3_CACTTCGCAGTGCGCT,Naive CD4+ T cell
E2L6_GTTAGTGAGGGAGGCA,Proliferating T cell
E2L6_AGGGCTCGTTCGTAAC,Memory B cell
L2_TTGATGGCAAATAAGC,HSPC
L1_ATCTCTAAGATGTTAG,NK cell
E2L1_TCGGATACAAGGATGC,Memory B cell
E2L1_GATGTTGTCCTACACC,Memory B cell
L1_CGTCCATCACAGTGAG,Naive CD4+ T cell
L1_ACCTACCTCTTGGAAC,Naive CD4+ T cell
E2L5_GACACGCAGGGTACAC,CD14+ Monocyte
L1_TCAAGTGCAGTTGGTT,Naive CD4+ T cell
E2L8_CACTGGGGTGTACGCC,Naive CD4+ T cell
E2L2_ATGCGATTCTTGGATG,Naive B cell
E2L7_ATTCAGGGTAATGTGA,Naive B cell
L1_ACCGTTCAGTAAATGC,Naive CD4+ T cell
E2L2_ACGGGTCAGTTCATGC,Memory CD4+ T cell
L1_CAACAGTCAGTCGTTA,Naive B cell
E2L2_ACCCTCATCGAGCTGC,CD14+ Monocyte
L1_GGTGATTAGCTACAAA,Memory B cell
L5_ATAGAGAAGGACTTCT,Memory CD4+ T cell
L2_TCGACCTTCAGCCTCT,Naive CD4+ T cell
L4_TACGGTAAGAGCTGAC,cDC2
E2L8_ACCAAACGTTTCACTT,Naive CD4+ T cell
E2L4_GACTATGAGAAGAACG,Memory B cell
L3_GGTGTTATCGATACAC,CD8+ Central Memory T cell
E2L7_GTTGTCCTCTTTGCAT,CD14+ Monocyte
L2_AGTTAGCTCTACTGAG,CD8+ Central Memory T cell
L4_TTGAGTGTCGGCTTGG,Plasmacytoid Dendritic Cell
L4_TGCGGGTAGCGCCCAT,HSPC
E2L8_GTGTAACCATCCGGCA,NK cell
E2L4_CTCCTTTTCATCCCGT,NK cell
E2L7_TCCTTCTAGAACTGAT,cDC1
E2L5_TGGAGGATCGCTGACG,MAIT / Effector Memory T cell
L4_CTGCAGGCAAACCACT,Memory CD4+ T cell
E2L2_CCTTCAGTCGGCGATC,Memory B cell
L4_GGGCGTTAGACGCCCT,CD16+ Monocyte
E2L4_TACGCTCAGTCCCAGC,Memory B cell
E2L1_GGACGTCGTAAGAACT,CD16+ Monocyte
L4_TCCCAGTCAATTAGGA,CD8+ Central Memory T cell
L4_CGAAGTTCAGTTCACA,Memory B cell
L5_TCACAAGTCGTAACAC,Naive CD4+ T cell
L4_CCTATCGCATACATCG,HSPC
L1_TTTCAGTCAGAACATA,HSPC
E2L5_CCACTTGCATTGCCGG,Naive B cell
L4_GCGATCGGTGTTCCTC,Naive CD4+ T cell
L3_GAACGTTGTATCGAAA,Memory CD4+ T cell
E2L6_GGAGGTATCTCTGAGA,cDC2
E2L1_GTTCGCTTCCTTATAC,Platelet
L3_GCGAGAAGTCATCCGG,Proliferating T cell
L3_CATGGTATCATTTCGT,Naive B cell
L3_ATCGCCTGTCTTTATC,Proliferating T cell
E2L2_GACTATGAGTTCTACG,Naive CD4+ T cell
L5_GCACGGTAGGTTCTTG,Proliferating T cell
L1_CGGACACCAATCAGCT,CD8+ Effector T cell
L2_CAGTTAGGTAGTGTGG,NK cell
L3_GGGATCCAGTACTGGG,Naive CD4+ T cell
L4_ATCGTAGAGCGTTGTT,Memory CD4+ T cell
L3_TCTTGCGGTATCGATC,HSPC
L1_ACACTGAAGGTAAGGA,CD8+ Central Memory T cell
L4_ATGCGATGTCACGACC,Plasma cell
E2L3_AGGGTCCGTTACCTGA,CD8+ Effector T cell
E2L3_GAGTTGTTCATCCCGT,Proliferating T cell
E2L4_CAACCTCGTATCACCA,Memory B cell
E2L5_ATACCTTGTTAATGAG,Naive CD4+ T cell
L2_GTGTTAGGTGGTCTTA,Naive B cell
E2L1_TCCTTCTTCTGCGGCA,Memory B cell
E2L6_GAGTCATGTGTTTCTT,NK cell
L2_AAACGCTCAGTAGTGG,CD16+ Monocyte
E2L6_CGCGTGAAGCTGTTAC,Naive CD4+ T cell
E2L8_GATGTTGGTTGCCGCA,Naive B cell
E2L3_CAGCGTGTCAGGCGAA,cDC2
E2L6_CACTTCGTCCATCAGA,NK cell
E2L4_CTTCTCTCAGGACATG,Naive CD4+ T cell
L3_CCTATCGTCAACCTTT,CD8+ Central Memory T cell
E2L3_GAGGCCTCATCCGATA,Memory B cell
E2L2_GCGGAAAAGGGAGGGT,cDC2
L2_GATCCCTCAGAACATA,CD8+ Effector T cell
E2L8_TCACTATGTGACCGTC,NK cell
L5_TCAGGGCTCAGGTAAA,CD8+ Effector T cell
E2L8_CTGGTCTTCTCTGGTC,Memory CD4+ T cell
E2L2_CAGATCACAGGTCCCA,Naive CD4+ T cell
E2L5_GGTTAACTCAGACCTA,Platelet
E2L6_CGGAGAAGTACCCGAC,MAIT / Effector Memory T cell
E2L6_CATGAGTCAGACATCT,Memory CD4+ T cell
E2L8_AACGGGAAGCCATCCG,NK cell
E2L6_TGTGCGGAGGAGACCT,NK cell
E2L5_GGAACCCTCAATCTTC,Naive CD4+ T cell
L2_TGAATGCCAGCATACT,Naive CD4+ T cell
E2L3_TCCATCGCAGAGTAAT,MAIT / Effector Memory T cell
L1_GATGACTCAACCGTGC,Naive CD4+ T cell
E2L4_CTGTCGTCATGACAGG,CD14+ Monocyte
L1_CTCCTTTGTGTCATGT,MAIT / Effector Memory T cell
E2L6_GAGTCTACAGCTCCTT,Platelet
E2L8_CAACAGTGTAATCAAG,Memory B cell
E2L8_GTTACGAGTCTGTCAA,Memory CD4+ T cell
L4_GGAAGTGGTGTCGCTG,CD8+ Central Memory T cell
L3_GGGTGTCAGAATCGCG,Treg / Activated T cell
L2_GTTTGGACACGGAAGT,Naive CD4+ T cell
E2L7_TCATTGTAGTTCCTGA,Platelet
L1_CGGAATTAGCTACTAC,NK cell
E2L1_GTAGAGGGTTAATCGC,MAIT / Effector Memory T cell
E2L8_CATGCGGCAATGTGGG,Naive CD4+ T cell
E2L5_CCCTGATGTGTCTTGA,NK cell
L4_ATGCGATAGCCGATTT,MAIT / Effector Memory T cell
L4_ATTCTTGAGGCCCACT,Naive CD4+ T cell
E2L7_TTTCCTCCAAGTTCGT,Naive B cell
L5_TGGGCGTCAGTGGGTA,Memory CD4+ T cell
L2_AGGTAGGCATCTCCCA,Memory CD4+ T cell
E2L7_CCCGGAACAGCACAAG,Naive CD4+ T cell
L1_CAGTTCCTCTGTGCGG,CD8+ Effector T cell
L4_TCACGGGCACTGGAAG,Naive B cell
L3_CCGGACATCTTCCACG,NK cell
E2L8_TATTGCTGTCTACGAT,NK cell
L5_GGTTGTACAAGACGAC,Naive CD4+ T cell
E2L2_TACATTCAGCTGTTCA,HSPC
E2L6_ATCGTGAAGGTTGGTG,Naive CD4+ T cell
E2L6_CTATCCGGTAGAATGT,Memory CD4+ T cell
L5_ACTTATCGTGCAGTGA,Naive CD4+ T cell
L4_TCGGTCTAGGGAACAA,Plasmacytoid Dendritic Cell
E2L6_TGTGAGTTCCCTAGGG,Naive CD4+ T cell
E2L5_TTTACTGAGTAAATGC,Memory CD4+ T cell
L5_GATCATGCAAGAGGTC,Memory CD4+ T cell
E2L2_TGGGCGTAGAGTGTGC,Memory CD4+ T cell
E2L2_TTTACTGGTAGCGAGT,Proliferating T cell
L5_CCCTTAGGTAGTCTTG,Plasma cell
E2L3_TCAGCAAAGGGTAATT,Naive CD4+ T cell
E2L8_TGGATCATCCTTATAC,cDC2
L4_TGTTCTATCTTGGATG,Naive B cell
E2L5_TGTGAGTCATTCTCTA,Memory B cell
E2L4_AGGTGTTGTCAAGCCC,CD8+ Effector T cell
E2L4_TTCTTGAAGTGAACAT,Proliferating T cell
E2L6_AGGATAAAGACTACCT,CD8+ Effector T cell
L4_ACGATCATCGAGAACG,Plasma cell
L2_TTACCATGTTGCCGCA,MAIT / Effector Memory T cell
L1_GGTGTTAGTTAGCTAC,Memory CD4+ T cell
E2L6_GTCAAGTCATACCAGT,cDC2
L4_AGACCATCATAATCCG,cDC2
E2L7_GATCGTAGTGCATTAC,MAIT / Effector Memory T cell
E2L7_ATGATCGGTGGTTTAC,NK cell
E2L5_TCACAAGGTTGAGGAC,Memory CD4+ T cell
E2L7_GTCAAGTTCGTTCATT,cDC1
L2_CGAGTTACAACGTAAA,cDC2
E2L6_ATCGATGAGCTCCACG,Naive CD4+ T cell
E2L7_TATGTTCTCAAGCTGT,CD8+ Effector T cell
E2L6_AGACAAAGTCGCACAC,Plasmacytoid Dendritic Cell
E2L8_TGTGATGTCAAGCTGT,Memory B cell
E2L7_TGATCTTTCAGCAATC,Proliferating T cell
E2L4_GCTGCAGAGATGGTCG,Plasmacytoid Dendritic Cell
L2_GTGAGTTGTAGTACGG,Naive B cell
E2L1_CTGCGAGTCTTGATTC,MAIT / Effector Memory T cell
E2L5_GAAGCCCCACAGTCAT,Proliferating T cell
E2L6_TCATTGTTCTAGTTCT,Plasmacytoid Dendritic Cell
L2_GTCATGACAAACTCTG,HSPC
E2L2_AAGACAACAACTCCAA,CD8+ Effector T cell
L5_ATGCGATGTCACGACC,Plasma cell
E2L5_ATTACTCAGCATCGAG,Erythroid cell
L1_ATTATCCTCACTTTGT,NK cell
L3_TCCGAAAAGCACGTCC,HSPC
E2L8_TGTTGGATCTATCGGA,NK cell
E2L3_AATGACCCAGAGGTTG,MAIT / Effector Memory T cell
E2L2_CACACAACACTATCCC,Plasma cell
L4_CTCATGCAGCAGTACG,CD8+ Central Memory T cell
L4_CTGGCAGCATCGTGGC,MAIT / Effector Memory T cell
L5_GGTCTGGCACATTACG,MAIT / Effector Memory T cell
E2L4_GGACGTCTCCTCGATC,Memory CD4+ T cell
E2L2_CTAACCCGTTGTGCAT,Platelet
E2L4_GAGTTTGGTAGGCTCC,Plasma cell
E2L3_ACACGCGTCGACGATT,Naive B cell
E2L6_TTCCGGTAGTGTAGTA,Plasmacytoid Dendritic Cell
L3_GCACGGTTCTGTCGCT,Naive CD4+ T cell
L5_TAGGTTGAGCCAGAGT,Naive CD4+ T cell
L1_CCTGCATTCTGAGTCA,Proliferating T cell
L4_ACGTACATCGACGCGT,Memory B cell
L2_CCTACGTGTGGCTCTG,Memory CD4+ T cell
E2L8_CAATCGAAGATTGAGT,Platelet
L2_CACGGGTGTCGCATTA,Naive CD4+ T cell
E2L4_GGTTCTCGTCGTAATC,Platelet
L5_AAGCCATGTATCATGC,Naive B cell
E2L5_GTACAGTTCGAGTGGA,Memory CD4+ T cell
L2_CTACGGGAGAAGAACG,cDC2
L4_ATCATTCTCAGCTGAT,Naive CD4+ T cell
L3_GTGGAAGGTACAAGCG,CD16+ Monocyte
L1_GGATCTAGTGTCATGT,NK cell
L1_CACTAAGCACTACCCT,MAIT / Effector Memory T cell
L5_TGTGTGAGTCCACATA,Plasmacytoid Dendritic Cell
E2L6_GGGCTACCACCGTGCA,Memory B cell
E2L4_CTGTATTCAGGCACTC,Plasma cell
E2L4_ACGATCATCGCGGTAC,Plasma cell
L2_ACTGCAATCGGAGTAG,Naive CD4+ T cell
E2L6_AAAGGGCAGTCGAATA,Platelet
L5_GATTGGTGTCGAGTGA,Memory CD4+ T cell
E2L7_TCAGCAATCCGATGCG,Memory B cell
E2L2_CTGATCCGTCGTCATA,CD14+ Monocyte
E2L7_TCGAAGTGTGTTTACG,Memory CD4+ T cell
L2_TGATGGTAGCCTAGGA,CD8+ Central Memory T cell
E2L1_CGAAGTTTCCTCACCA,Memory CD4+ T cell
E2L7_GTAAGTCTCTGTCTCG,Memory B cell
E2L3_TTTCCTCTCCCTTTGG,Plasmacytoid Dendritic Cell
L3_ACTATTCAGGCCTGCT,NK cell
E2L3_GGCGTCACAGACATCT,Memory B cell
E2L3_TGCGGGTTCTAGTTCT,Plasma cell
E2L6_CGACAGCAGCTTCATG,Memory B cell
E2L4_ATTTACCTCAGCGCGT,Plasmacytoid Dendritic Cell
L2_TTCATGTTCCTAGAGT,HSPC
E2L4_CGGAATTAGTGGAATT,Memory B cell
L2_TGAATCGCAGTGGCTC,Naive CD4+ T cell
L4_GTGAGCCAGACTCGAG,Memory CD4+ T cell
L5_GAAGAATAGATGACCG,Memory CD4+ T cell
E2L6_GGCTTTCCAGGCGAAT,Proliferating T cell
E2L3_CTCCTTTTCGAACGCC,CD8+ Effector T cell
E2L2_GGCTTGGAGGGACAGG,CD8+ Effector T cell
E2L7_AGCATCAGTTTCGTTT,Plasma cell
E2L4_TATCAGGGTGCAAGAC,NK cell
L4_CTCCACAAGTGTAGTA,Naive CD4+ T cell
L3_GTGCTTCCAAGTGGCA,CD16+ Monocyte
E2L3_TTGCCTGCATGTGCTA,MAIT / Effector Memory T cell
E2L3_AAACGCTAGGTCGTCC,NK cell
L1_GAGACCCTCGCGTGCA,Memory CD4+ T cell
L1_GTAATCGGTGGTAACG,Naive B cell
E2L5_CAACCTCCAAACAGGC,CD14+ Monocyte
E2L8_TAACTTCAGTGCTACT,Memory B cell
E2L3_TGATTTCAGCACCGAA,CD8+ Effector T cell
E2L8_GGATCTATCTGTCGTC,Memory B cell
E2L7_TTCCAATGTTCTTCAT,NK cell
E2L3_CACGAATTCTGGCCTT,Platelet
L3_GTGGCGTAGTTGCCTA,cDC1
L3_CACTTCGAGCCTCAGC,Proliferating T cell
L5_GTCAAACGTCAACATC,Naive CD4+ T cell
E2L1_ATCAGGTTCACTGGTA,Platelet
E2L3_GAGGCAAGTCGTTTCC,Memory B cell
E2L8_GATTGGTCAAAGGCTG,CD16+ Monocyte
E2L3_GAGCCTGCAAAGCTCT,Platelet
L5_AGGTTGTAGCTTCATG,Naive CD4+ T cell
L2_ATACCGAAGAAACTCA,CD8+ Effector T cell
E2L8_TGAGGAGAGATCCAAA,Treg / Activated T cell
L3_TTGTTTGTCTGGCCGA,Treg / Activated T cell
E2L5_AGTACTGGTGTTCGAT,Naive B cell
E2L8_CCTCACAAGCTTTCCC,Proliferating T cell
E2L6_AGAGAGCAGTCCTGTA,NK cell
E2L1_GCCATTCGTACGATGG,CD14+ Monocyte
E2L2_CGATGGCTCAGCTGAT,CD14+ Monocyte
L2_TCTGGCTGTGCATTTG,MAIT / Effector Memory T cell
E2L6_CAAGGGATCTAGAGCT,Proliferating T cell
E2L6_TACCTGCAGACATGCG,NK cell
L4_AGTCTCCCAGCAGACA,Plasma cell
E2L2_ACCAAACAGTCAACAA,Memory B cell
E2L5_CAGATTGAGGCCTTGC,Memory B cell
E2L3_CGGTCAGAGTGCAAAT,CD16+ Monocyte
E2L3_GCCGTGATCGCCGAGT,NK cell
E2L4_TGAGGTTCAATCGTCA,MAIT / Effector Memory T cell
E2L2_GGAAGTGAGGCCGCTT,CD8+ Effector T cell
E2L7_GTCAAGTGTCCTACGG,Naive CD4+ T cell
E2L4_CATTCATCATGAGTAA,Memory B cell
E2L1_CAGTTCCTCTCATGGA,Memory CD4+ T cell
E2L4_AAACCCAGTAGGTCAG,Memory CD4+ T cell
E2L2_CCTATCGCAGCTGAAG,HSPC
L3_ACTGTGAGTGGAAATT,CD8+ Central Memory T cell
E2L4_ACGGAAGAGGACTAAT,Memory CD4+ T cell
E2L6_ACGGAAGGTACCTTCC,cDC2
L1_CAGGGCTCACGCGTGT,NK cell
E2L4_AACAGGGAGTGGATTA,Proliferating T cell
E2L6_ACTTCGCAGGAGAGGC,Platelet
L2_GGGCTCATCAGTAGGG,Memory CD4+ T cell
E2L6_TCGTCCAAGGGAGAAT,Memory CD4+ T cell
E2L8_ACACCAAGTAGAATAC,CD14+ Monocyte
E2L1_TGGTTAGCACATACGT,Naive B cell
E2L5_TCTGCCATCTCTATAC,NK cell
E2L5_TGGTGATCATTGCCGG,CD8+ Effector T cell
E2L6_TCAATCTGTTGCGAAG,Memory B cell
E2L8_AGTCTCCGTCGATTAC,NK cell
E2L7_GGTTCTCCAAGTGCAG,NK cell
L4_TCGCAGGGTTGCTGAT,Plasma cell
E2L3_ATATCCTTCCCAGGCA,cDC2
L4_AGCGCTGTCACGAACT,Naive CD4+ T cell
L4_ACGATGTAGCTTGTTG,Plasma cell
E2L6_GCTGCAGCAGCGACAA,Memory B cell
E2L4_AAGCCATCAATGCTCA,CD8+ Effector T cell
E2L3_CTTCTAAAGTTGGAGC,NK cell
E2L7_CTCAAGATCGTCACCT,Plasma cell
L2_CGGACACAGCTTCGTA,Memory CD4+ T cell
E2L5_TGGAACTCAGGAGACT,Proliferating T cell
E2L5_AAGAACAGTTACGATC,Plasma cell
L2_CCTTGTGTCTTCGATT,NK cell
E2L6_ATAGGCTGTCTGGTTA,CD14+ Monocyte
E2L4_TAAGCGTGTTCGTAAC,Treg / Activated T cell
L3_GACTGATAGACTAAGT,CD8+ Effector T cell
E2L1_ACATCGAAGAGATCGC,Proliferating T cell
L4_GCACTAATCCGACGGT,NK cell
L2_TGCGACGTCCTTATAC,Memory CD4+ T cell
E2L6_TATCTTGCAGTCTTCC,Memory B cell
E2L4_GGTTGTATCTCGTCAC,Plasma cell
L2_GTCCTCAAGCGTCTGC,Memory CD4+ T cell
E2L8_CCATAAGGTTAATGAG,Naive CD4+ T cell
E2L5_GTTCGCTTCGTAGTCA,cDC2
E2L3_AGGGCTCTCTCGAGTA,CD16+ Monocyte
L1_GTGCACGAGACCCGCT,HSPC
E2L6_GGGTGAACAAGGAGTC,Plasma cell
L4_CCTGTTGCAGATACTC,Naive CD4+ T cell
E2L5_TGGGAGAAGGATGTTA,Platelet
L2_GACTATGTCTCGAGTA,NK cell
L2_CAGCAGCGTTGTTGCA,Naive CD4+ T cell
E2L2_AGAGAGCTCGCTTGCT,Plasmacytoid Dendritic Cell
E2L2_CTGATCCCAAAGGGTC,Memory CD4+ T cell
L3_ACATGCATCCTCGCAT,CD8+ Central Memory T cell
L3_CTCTGGTTCCTTTGAT,Proliferating T cell
E2L2_ATACCGACACAGCATT,CD16+ Monocyte
L5_GGCACGTCAATAGTGA,cDC2
E2L7_CTCATGCAGTCTGCAT,Memory CD4+ T cell
E2L6_TCAAGCAAGTCAGCCC,NK cell
E2L5_TTGCGTCCATCATTTC,NK cell
L1_TCTTGCGTCGGAATTC,Naive CD4+ T cell
L2_GCCTGTTTCGGAGATG,MAIT / Effector Memory T cell
L3_ATGGATCAGACTTCGT,Proliferating T cell
L5_GATGTTGAGAGAGGTA,Naive CD4+ T cell
E2L8_GTTACCCGTTCCCACT,CD8+ Effector T cell
E2L7_CAGATCAAGATGTAGT,CD8+ Effector T cell
L1_GCCTGTTTCCACTTCG,MAIT / Effector Memory T cell
E2L2_TGTGCGGAGCTGCCTG,Memory B cell
E2L7_CATGAGTGTGGTTCTA,Plasmacytoid Dendritic Cell
E2L6_GACCAATCAAGACGAC,Memory B cell
E2L3_ATCTCTATCTTAATCC,Plasmacytoid Dendritic Cell
L4_CGTCCATCAAATCGGG,Memory CD4+ T cell
E2L7_TGCATCCGTCAGTCCG,Plasma cell
E2L4_GTTGCTCCAGCTGCCA,CD16+ Monocyte
E2L4_GGTGAAGAGCAATAGT,HSPC
E2L1_TTCCACGAGTAGGCCA,Memory CD4+ T cell
L2_TGTACAGAGGTCACAG,Naive CD4+ T cell
E2L5_CATTGAGAGAGGTCAC,Proliferating T cell
E2L3_CCAATTTGTTTAGTCG,Memory B cell
E2L2_AGGAGGTAGCGTTACT,MAIT / Effector Memory T cell
E2L8_GGTGAAGTCTCAATCT,Naive CD4+ T cell
L4_TTTGACTGTTCTCTCG,HSPC
E2L2_ATTCATCAGTGGCAGT,MAIT / Effector Memory T cell
E2L6_GCCAGTGAGGGCTTCC,NK cell
L2_TCGGGTGTCCCAAGTA,HSPC
E2L7_GCCGTGACACTCTCGT,Platelet
E2L4_CGGAACCTCTGAGTCA,Plasma cell
L1_GTCGAATCAATGGCCC,Naive CD4+ T cell
E2L5_TACTTACTCTCTGACC,Memory B cell
L1_TGAATCGGTAAGAACT,Naive CD4+ T cell
L1_CGGAACCGTGTCCGGT,Naive CD4+ T cell
E2L1_CTCCTCCTCATTGTTC,CD14+ Monocyte
L4_TTCCGGTCATGAGAAT,Plasma cell
E2L4_TCGTAGATCGGAGCAA,CD8+ Central Memory T cell
L3_GGGACCTGTCTAGATC,Memory CD4+ T cell
E2L1_GCCGATGTCTGGGAGA,Platelet
L1_CCAATGAAGCGTGTTT,Memory B cell
L4_TCGGGACCAAGACTGG,Naive CD4+ T cell
L5_TGCGGCATCTTGAACG,Naive CD4+ T cell
E2L7_GGACGTCTCTTGCAAG,Memory CD4+ T cell
E2L5_GTGCTTCTCGACCTAA,Proliferating T cell
L5_CAATACGTCACGGACC,CD8+ Effector T cell
L3_ATAGAGATCGTAGGAG,Memory CD4+ T cell
E2L5_CGCCATTAGAGCAGTC,Naive CD4+ T cell
E2L3_TTCGATTTCTGCGGCA,CD8+ Effector T cell
E2L8_CTCAATTGTACTGCGC,Platelet
E2L7_GTTAGTGGTAGCTGAG,Proliferating T cell
E2L3_TGCTTCGCATTCTTCA,CD14+ Monocyte
E2L4_CTCAGGGTCGACTCCT,cDC2
E2L8_ACTATGGGTCTTACTT,Memory B cell
E2L4_ACTGTGAAGCATCTTG,CD8+ Effector T cell
E2L7_GCCAGCAGTTAATGAG,MAIT / Effector Memory T cell
E2L7_ACCATTTCAGGAGACT,Memory B cell
E2L2_TGGGCGTGTATGACAA,CD16+ Monocyte
E2L6_GATTGGTGTCCATCTC,Platelet
L4_GATTGGTTCCTCACGT,Memory B cell
E2L6_AACAAGACAGACAATA,NK cell
L4_TTTAGTCAGTCATAGA,CD8+ Central Memory T cell
L1_AGACTCACATCGGTTA,Plasmacytoid Dendritic Cell
L4_CTGGACGCACCTCTGT,NK cell
E2L1_CTTCGGTCAACCGCTG,CD16+ Monocyte
E2L5_GGAACCCAGCCGCTTG,Proliferating T cell
E2L6_GTGTGGCAGTTGGCTT,Plasmacytoid Dendritic Cell
E2L4_TAGGAGGCAGGACGAT,Naive CD4+ T cell
E2L6_GGGCTACGTGGAATGC,CD16+ Monocyte
L1_GACCGTGGTTCTTCAT,HSPC
L3_ATCTCTAGTTTCCAAG,CD14+ Monocyte
L1_CGGTCAGGTCGTGTTA,NK cell
E2L3_ATCGTGACAGGCTACC,Memory CD4+ T cell
L5_GCAGTTAGTGTCTTGA,Memory CD4+ T cell
L2_GTAATGCGTACTCCGG,NK cell
L3_GACTTCCAGGAAACGA,CD16+ Monocyte
L2_CAAGACTAGCATTTGC,Plasma cell
L5_TCAGTCCGTTGGGTAG,Proliferating T cell
L4_GTTTGGAAGTTAGTAG,Naive CD4+ T cell
L2_CATCAAGTCGCGGACT,Proliferating T cell
E2L6_GAGTTACCAGCTTTCC,cDC2
E2L8_TTTACTGGTATCGTAC,Memory CD4+ T cell
E2L7_GGCAGTCCACACCAGC,NK cell
E2L5_GTTGAACAGGAAGTAG,Naive CD4+ T cell
L3_AACGTCACATCGTTCC,MAIT / Effector Memory T cell
L3_TCACTATAGTGAATAC,MAIT / Effector Memory T cell
E2L3_AACGAAAAGATGCTAA,Memory B cell
L2_AATGCCAGTCCGTTTC,CD14+ Monocyte
L1_TCCCATGAGAGCCCAA,Memory CD4+ T cell
E2L2_GTTGTCCAGATGAAGG,Platelet
E2L8_TACGGTAAGTTGCTCA,Plasma cell
L3_GCCGATGAGGTGGTTG,Naive CD4+ T cell
E2L7_TGTGGCGGTTCTCCAC,Plasma cell
E2L4_AGATCGTGTTCCGCTT,Proliferating T cell
L5_TGAACGTAGCGATCGA,CD8+ Effector T cell
E2L8_TCATTCATCGCGTGCA,Naive CD4+ T cell
E2L7_TTGTTCATCCTCTAGC,MAIT / Effector Memory T cell
E2L5_CACTGGGCAACCGGAA,MAIT / Effector Memory T cell
E2L3_CGGGTGTCAAGGAGTC,Platelet
L5_TGAGGGACAAGATCCT,Naive CD4+ T cell
E2L2_AACAAGAAGGCTTAGG,NK cell
E2L6_TTACAGGTCCACGGAC,Memory B cell
E2L8_ACCATTTTCTGAATCG,NK cell
E2L1_CTGATCCGTAGCGTCC,Erythroid cell
L3_TTCCTCTAGATCACCT,CD8+ Effector T cell
E2L2_TTACCATGTCAAGCGA,Proliferating T cell
E2L7_TACAACGAGCAGGCAT,Plasmacytoid Dendritic Cell
L2_GGGTCTGCAGGTTCGC,NK cell
E2L2_ACGATGTAGCCTCATA,Memory B cell
L2_AACGGGACAATGTTGC,Memory B cell
L5_CATTGTTTCCCGAGTG,NK cell
L5_CGAGGAACATTCTCCG,Naive CD4+ T cell
L2_GGAATCTAGGCTAGCA,Naive CD4+ T cell
E2L3_GCGGAAACAATCGCAT,CD8+ Effector T cell
E2L7_ATGTCTTAGTTGCATC,HSPC
E2L7_TGAACGTAGCTTTCCC,CD14+ Monocyte
E2L2_CTAACCCCAAATGGAT,CD8+ Effector T cell
L1_TTGTGGATCTCCATAT,CD8+ Central Memory T cell
L1_ACCAACAAGGATGTTA,CD8+ Central Memory T cell
L1_CTCAGGGTCGGCAGTC,Memory B cell
L5_CTGCTCAAGAGTGACC,Naive CD4+ T cell
E2L1_TCAATTCCAGCAGATG,Memory CD4+ T cell
E2L7_GCATTAGAGTATGCAA,Plasmacytoid Dendritic Cell
E2L1_TGTTCCGGTCTGTTAG,Proliferating T cell
E2L4_GCTACCTTCGCCTATC,cDC1
E2L3_GTAGAAAAGCAGGCAT,Memory CD4+ T cell
L4_TACGTCCGTGGTCCCA,CD8+ Central Memory T cell
L5_CTATAGGAGGCCTAGA,Memory CD4+ T cell
E2L6_AGGTTACTCCGTGCGA,Platelet
E2L2_TCTTTGATCTTTCGAT,cDC2
L5_GTGTAACAGTGCGCTC,Naive CD4+ T cell
L5_ACTATGGTCGACGTCG,Naive CD4+ T cell
E2L8_GGTGGCTCAAGAAACT,Naive CD4+ T cell
E2L8_TTAATCCGTGTCTTCC,Naive CD4+ T cell
E2L1_TTGGGCGGTAGTGCGA,MAIT / Effector Memory T cell
L5_AAGGTAATCTACTTCA,HSPC
L1_CCTGCATCACGCCACA,Naive CD4+ T cell
E2L4_TCTAACTTCGAGTGGA,cDC1
L4_TCATTCAGTTCTTGTT,Plasmacytoid Dendritic Cell
E2L6_TCACTATAGGAACATT,NK cell
L1_CTCAACCTCATGGCCG,Naive CD4+ T cell
L4_CGGAATTTCGTTCTCG,Memory CD4+ T cell
E2L5_AATCGACCACCAGCCA,Plasmacytoid Dendritic Cell
E2L6_TACGGGCAGGTGAGCT,Platelet
E2L5_TCCATCGAGCAGCCCT,Naive CD4+ T cell
L3_ATGGGAGGTCCAGCCA,Plasmacytoid Dendritic Cell
L5_TTCCGGTCAAACCATC,CD8+ Central Memory T cell
E2L7_ACAGGGAGTAATGATG,Plasmacytoid Dendritic Cell
L4_ACTGCAAGTCCCTGTT,Platelet
E2L6_TTACGTTCAAGTTTGC,CD8+ Effector T cell
L5_AAAGTGACAGGTACGA,Plasmacytoid Dendritic Cell
L1_AGATCGTTCGTCGCTT,Memory CD4+ T cell
E2L3_AGCTTCCCACAATGTC,Proliferating T cell
L1_AAGGTAAGTACTGCGC,CD8+ Effector T cell
L2_TTCGATTAGTTGAAGT,NK cell
E2L2_GCATCGGCATACTTTC,NK cell
L3_ACCAAACAGGTAGTAT,cDC1
L2_GCAACCGCACGCCACA,Memory CD4+ T cell
E2L5_TTCCAATTCATAAGGA,Memory B cell
L4_GGTAACTGTACTCGTA,CD8+ Effector T cell
E2L1_CAGAGCCTCTCCGCAT,cDC2
E2L1_TCCCAGTTCACCCTTG,CD16+ Monocyte
E2L5_CGTTGGGGTCCGAAAG,Memory CD4+ T cell
E2L5_ACTTCCGAGTGATCGG,Memory B cell
E2L4_GGTAATCTCCACAAGT,CD8+ Effector T cell
E2L4_TGCTCCACAGGGAATC,Plasmacytoid Dendritic Cell
L4_GCTGAATTCTATCGTT,Erythroid cell
L4_ATTCAGGTCAGCTTGA,cDC2
E2L4_CCCTCTCTCTTCGCTG,NK cell
E2L1_GGAGGATGTCCCGTGA,Memory CD4+ T cell
L3_TCAGTCCCACGGCACT,HSPC
E2L6_AGGACGACAACACAGG,CD14+ Monocyte
L1_TCGAACATCTGAGGTT,Plasma cell
E2L1_ACAAAGAGTATCGCTA,Plasmacytoid Dendritic Cell
E2L8_TGTGTGAAGGGACTGT,NK cell
L1_ATGAAAGTCGACGACC,CD8+ Effector T cell
E2L3_TCCTCGAGTATGAGCG,Platelet
L4_TGAGGGAAGCACAAAT,Memory CD4+ T cell
E2L4_ACCAAACCAGAGACTG,Proliferating T cell
E2L7_AAGACAATCCTGTTAT,CD14+ Monocyte
E2L4_AAGAACATCTCGCTTG,NK cell
E2L2_CGTAATGCAGACCAAG,CD8+ Effector T cell
E2L3_GTAGTACCAACGTATC,Naive CD4+ T cell
L2_CATGAGTGTTTGCAGT,CD8+ Central Memory T cell
L4_GATGTTGGTAAGTTAG,Proliferating T cell
E2L6_CCGAACGAGAGCCGAT,cDC1
L5_ACAGCCGCAAGATGGC,Memory CD4+ T cell
L2_GTATTGGCAGGAGGAG,Plasma cell
L2_TCTCTGGCAACAAAGT,Naive CD4+ T cell
E2L8_GATGTTGTCCGAAGGA,CD16+ Monocyte
L2_TCTACATTCCTGTTGC,Treg / Activated T cell
L2_TCACACCGTGGTGATG,Proliferating T cell
E2L6_GCCCAGAAGCAGGTCA,CD16+ Monocyte
E2L2_TTCCACGTCCGCTTAC,CD8+ Effector T cell
E2L3_ATTCCATGTAGCTCGC,NK cell
L5_AGATAGAGTCTACAAC,Proliferating T cell
E2L8_CGTTCTGAGACCAGAC,Memory B cell
L3_GTCCCATTCATACGGT,Memory CD4+ T cell
E2L5_TGTTTGTGTTTGCAGT,Memory B cell
E2L5_ACGTAGTTCCGACGGT,Treg / Activated T cell
E2L7_GATGACTTCGCTGTCT,Treg / Activated T cell
L3_GGAGGTAAGCATGTTC,Memory CD4+ T cell
E2L7_TGGGTTAGTGCATGAG,CD14+ Monocyte
L5_AAGCATCAGCCTCTTC,HSPC
L5_AAGTTCGCATGGGTTT,Naive CD4+ T cell
E2L7_GTAATCGTCAGACCGC,Erythroid cell
L5_CCTCATGTCCATCCGT,Plasmacytoid Dendritic Cell
L1_CTACAGAGTGATTGGG,NK cell
L5_TTAGGGTCAGCCTTCT,Naive CD4+ T cell
E2L2_GAGTGAGGTTGCCGAC,Proliferating T cell
L1_TCAGTGATCCGCAAAT,Erythroid cell
E2L8_GTAGAAACAGGTACGA,Plasmacytoid Dendritic Cell
L1_TCAAGTGGTCAACCTA,Platelet
L5_TAGACTGTCCCTTGTG,CD16+ Monocyte
E2L2_CTCATTACAGATCATC,Memory CD4+ T cell
L2_AGTCACAGTTCGTAAC,Memory B cell
L4_TTTCACACAATATCCG,Naive CD4+ T cell
L3_AAGGTAATCCACATAG,Memory B cell
L2_GATAGCTTCATCCTAT,Memory B cell
L3_ATCGTCCGTTCGGCGT,Platelet
L4_TGTGTGAGTTAAACCC,CD8+ Effector T cell
E2L1_TACCTGCTCAAGCCCG,NK cell
L3_CATCCCAAGACATGCG,CD8+ Central Memory T cell
E2L2_CGGGTGTGTACTGTTG,Proliferating T cell
L2_TCTTAGTAGGCCATAG,Naive CD4+ T cell
E2L7_TCCTCTTAGTCGGCCT,Platelet
L1_TTTACTGGTTACCCAA,HSPC
L2_GAAACCTTCGCATTAG,MAIT / Effector Memory T cell
E2L2_CTCATGCAGACGAGCT,CD8+ Effector T cell
E2L8_ACATTTCGTATACGGG,CD8+ Effector T cell
E2L1_GGGTAGATCATTGGTG,NK cell
L3_GCGATCGGTTTACGTG,CD14+ Monocyte
L5_GTCCTCAAGCGGCTCT,Memory CD4+ T cell
E2L4_TCCTCCCGTGTTAAAG,Plasmacytoid Dendritic Cell
E2L1_TCTCACGTCACGGACC,CD8+ Central Memory T cell
E2L5_GGGTGTCCATGCTGCG,Memory B cell
E2L2_GTGTAACTCCGCACTT,Memory CD4+ T cell
L2_TATATCCCAGCCGGTT,Naive CD4+ T cell
L3_AACACACTCCTCGATC,MAIT / Effector Memory T cell
L2_TCTCCGATCAGCGCGT,Plasma cell
L1_CGATGGCTCATGTCTT,CD16+ Monocyte
L2_TGTGAGTCACAGTGAG,Naive CD4+ T cell
E2L5_CAGCCAGAGTGGCAGT,Memory B cell
E2L6_CCCTCTCTCTTCCCGA,Memory CD4+ T cell
L1_ATGGATCAGTCTCCTC,Naive B cell
E2L4_TGTTGGAGTCCTACAA,Plasma cell
L5_CCACACTTCCCGAGAC,HSPC
L4_TATTGCTAGTTACGTC,CD16+ Monocyte
E2L1_AGAAGCGGTGGACCAA,Platelet
L4_TTTGTTGAGTAACGAT,Proliferating T cell
L5_GAGGCAAGTTCAAGGG,cDC2
E2L7_TACGTCCGTGTCGCTG,Plasma cell
E2L3_TTTCATGAGAATCGAT,Memory B cell
E2L7_GCATCTCTCCTCTTTC,Memory CD4+ T cell
L2_ATAGAGATCCTCGATC,Naive CD4+ T cell
L3_CGAAGTTCAGACCTGC,Naive CD4+ T cell
E2L5_TGACAGTGTCACAGAG,MAIT / Effector Memory T cell
L2_AACCTGACAGGAATAT,CD16+ Monocyte
L4_GATCAGTAGAGCTTTC,Memory CD4+ T cell
L2_CCACCATGTGGCGCTT,CD16+ Monocyte
E2L6_TACAACGGTAGAGATT,CD16+ Monocyte
E2L5_GCCGTGACACCTGTCT,Naive B cell
E2L8_TGTCCCACAGGGCTTC,CD8+ Central Memory T cell
L4_AACGGGAAGACGCCAA,NK cell
L2_TACGGTAGTCACCCTT,NK cell
L4_CACATGACAAACAGGC,Erythroid cell
L2_AACCATGTCCTCTCGA,HSPC
E2L5_TGTCCACGTGGGATTG,CD8+ Central Memory T cell
L2_TGCTTGCCATGTTCGA,Memory CD4+ T cell
E2L4_TACCTCGCACGCAAAG,Memory CD4+ T cell
E2L3_TGGATGTAGCAAATGT,Memory CD4+ T cell
E2L1_ATTCTACCATCTAACG,Plasmacytoid Dendritic Cell
E2L1_AAGTGAAGTGGATGAC,CD8+ Effector T cell
L2_TCAGTGATCAGCTTGA,Naive CD4+ T cell
E2L3_TCAATCTCACTGTCCT,Memory CD4+ T cell
L2_GACTCTCTCCCATTTA,Naive CD4+ T cell
E2L1_GTAGGAGGTTCTCAGA,Naive CD4+ T cell
E2L5_AATCGACTCCATCGTC,Proliferating T cell
L2_AGGATCTAGTGGACGT,Proliferating T cell
E2L6_GTTTGGAAGATGCTGG,CD14+ Monocyte
L1_TCTTAGTCATCAACCA,Naive CD4+ T cell
E2L8_TGAGCATGTGAAAGTT,Plasmacytoid Dendritic Cell
E2L5_CAGTTCCAGGTGTGAC,CD8+ Central Memory T cell
E2L8_GTGCTTCTCCTCTCTT,Naive CD4+ T cell
E2L6_TCCTGCATCCAAACCA,CD8+ Effector T cell
L4_TCATATCAGGTAGGCT,Naive CD4+ T cell
L1_AGACACTGTGTTAGCT,Plasma cell
E2L1_AACCTGATCGTAGAGG,Platelet
E2L3_CTCCTTTCATCTCCCA,CD14+ Monocyte
L3_AGAACAAAGTGGCAGT,Proliferating T cell
L1_CATCGGGGTCTCCCTA,Naive CD4+ T cell
L5_CCAATTTCAAGAATGT,MAIT / Effector Memory T cell
E2L8_ACATCCCCATGTTACG,Plasmacytoid Dendritic Cell
E2L8_CTCAGTCAGTGCCCGT,Proliferating T cell
L4_TCCCACACATGCAGCC,HSPC
E2L2_AGTAACCGTGGCTAGA,NK cell
E2L7_CCTAAGACAATAACCC,NK cell
E2L1_GATGACTCATGCGGTC,NK cell
L5_CGAGTTACATGCCGAC,Memory CD4+ T cell
L1_GTACAACGTAACCAGG,CD8+ Effector T cell
L1_TGGATGTGTAAGATTG,Treg / Activated T cell
L1_CACAGATTCGATACTG,Memory CD4+ T cell
L4_GGGTCACGTCCTCCTA,cDC2
L5_GAAACCTGTGGTCCCA,MAIT / Effector Memory T cell
L3_GTAACACTCGCAGATT,Memory CD4+ T cell
E2L4_CATGCTCGTCCAGCCA,cDC2
L3_ATCACAGAGAAGTCAT,Naive CD4+ T cell
L2_TGTGGCGGTGAAAGTT,HSPC
L3_TCATATCTCTCTCGCA,Naive CD4+ T cell
L5_CGAATTGAGCAGAAAG,CD8+ Effector T cell
E2L6_ATTGTTCGTGTCCGGT,cDC1
E2L7_ACGGTCGTCGTTGCCT,NK cell
L1_GCCAGCACAGCAGTTT,cDC1
L4_TACCCGTTCTACGCGG,Erythroid cell
L5_TACATTCGTACCATAC,NK cell
L3_GCCTGTTGTCGAACAG,Naive CD4+ T cell
E2L6_GTCATGACATAACTCG,Memory B cell
E2L3_GCACGGTAGATGTTCC,Naive CD4+ T cell
L5_TACTTGTTCTCTCTTC,NK cell
E2L6_ATCTTCAAGTCTACCA,cDC2
E2L3_AGTCTCCAGAACTGAT,Naive CD4+ T cell
L3_ACCTACCAGGTCACTT,Naive CD4+ T cell
L1_TACGTCCGTGTCCAAT,Naive CD4+ T cell
E2L3_AATTTCCCAATAGTGA,Naive CD4+ T cell
E2L7_CTTACCGAGGTGATCG,Proliferating T cell
L5_GCTGCAGCATGCCATA,Plasma cell
L5_ACATTTCAGGTTAGTA,Memory CD4+ T cell
L2_ACACCAAGTTTCACTT,Naive CD4+ T cell
L1_TTTAGTCCAGCAGTTT,Treg / Activated T cell
E2L3_ACGTAGTAGTAGTCAA,Naive B cell
L3_ACCTACCGTCACTCAA,Memory CD4+ T cell
L2_AACTTCTGTCGTCGGT,CD8+ Effector T cell
E2L5_TCATGCCCAAATGAGT,Proliferating T cell
E2L2_ACCCAAAGTGCGACAA,CD14+ Monocyte
E2L2_TCGCTTGTCGACGAGA,Proliferating T cell
E2L4_GGCTGTGTCCCGATCT,CD16+ Monocyte
E2L3_CGGACACAGCGAACTG,CD8+ Effector T cell
E2L5_TCTTGCGAGTCTTGGT,Naive CD4+ T cell
L2_TGTCAGATCCATCTGC,CD14+ Monocyte
L4_ATGCCTCCATGGCCCA,CD16+ Monocyte
E2L8_CATGAGTGTCGAATGG,Memory CD4+ T cell
E2L2_GTGAGCCTCACGAACT,Memory CD4+ T cell
L4_TGCATCCCAGACGCTC,HSPC
E2L2_CTCGAGGAGACGCCCT,Memory CD4+ T cell
E2L7_TGCGATAAGTATTAGG,CD8+ Effector T cell
L1_AAAGTGAGTATCGTAC,CD14+ Monocyte
L2_CGGGTGTTCTCAGAAC,Memory CD4+ T cell
L3_ATCAGGTCATCAACCA,MAIT / Effector Memory T cell
E2L2_CTTGATTTCCGATCGG,cDC2
L3_TTGCTGCCACTACGGC,Memory B cell
E2L7_ACTTCGCAGCGGCTCT,Memory B cell
L4_TGCAGTAGTGGACTGA,Treg / Activated T cell
L3_CGGAACCTCCAAGAGG,CD8+ Effector T cell
E2L2_CAATCGAAGATCCCAT,Naive B cell
E2L2_ATGAAAGTCTTAGGAC,CD8+ Effector T cell
L4_AATGGCTTCTACCAGA,Memory B cell
L4_CAGTGCGGTTATGGTC,Proliferating T cell
L5_CCGGGTATCGCTGACG,Naive CD4+ T cell
L2_CCCAACTGTTCAGGTT,CD14+ Monocyte
E2L8_CTCATTAGTGGGTATG,Memory B cell
L2_CTGAATGTCAAGCCAT,Memory B cell
E2L6_TCAATCTCACTGAATC,Memory B cell
L2_TCATGCCAGACTTAAG,MAIT / Effector Memory T cell
E2L2_AAGCCATGTATCCCTC,cDC2
E2L4_TAACCAGCATCCTTGC,CD8+ Effector T cell
E2L2_CGTTGGGAGAACAAGG,Proliferating T cell
L1_GCGATCGCAAATGATG,Naive CD4+ T cell
E2L5_CTGCTCACAGTGACCC,CD8+ Effector T cell
E2L1_CGATGGCCATGAATAG,CD8+ Effector T cell
E2L5_AGTGTTGGTGTTGCCG,Memory CD4+ T cell
E2L1_ATGCGATCAACCCGCA,Memory CD4+ T cell
L1_GTTGCGGAGTATGTAG,Naive CD4+ T cell
L1_GGGTGAAGTTCGTAAC,MAIT / Effector Memory T cell
L4_TTACCATCAGCAGTGA,Plasma cell
L2_GATGTTGAGCCAAGCA,CD8+ Central Memory T cell
L2_TCACATTCAATGGCAG,Memory CD4+ T cell
L2_TCATGTTAGTATGGAT,Memory CD4+ T cell
L2_TTCATGTAGGAAGAAC,Plasma cell
E2L8_GTCACTCTCACCCTCA,Erythroid cell
E2L3_AAAGGGCTCGACATAC,Platelet
E2L7_GTGGGAAGTGAATATG,Naive CD4+ T cell
E2L3_AGCCAATTCCGTGGGT,Naive CD4+ T cell
E2L8_CTTTCAAAGGCACGAT,Erythroid cell
L2_CATTGCCCAGATCACT,CD14+ Monocyte
L4_GATCACATCCAATCCC,cDC1
E2L2_AATGCCATCCTGTTAT,MAIT / Effector Memory T cell
E2L6_AACGGGATCCAACTGA,cDC2
E2L6_CTGCATCGTGTCTTGA,NK cell
E2L2_GATGGAGCATTCACAG,Naive CD4+ T cell
E2L3_CAGATACAGCCGGATA,Plasmacytoid Dendritic Cell
L3_TTACCGCAGCCAGTAG,Memory CD4+ T cell
L5_CCTACGTCAGCTACAT,HSPC
E2L5_TGCCGAGTCTGGGTCG,Naive CD4+ T cell
E2L2_AGAGCAGCAGCATTGT,Memory CD4+ T cell
L3_TGCAGTATCGGCCCAA,Proliferating T cell
L1_GTTAGTGCACACGGAA,CD8+ Effector T cell
E2L7_TGCGGCAAGAGGACTC,MAIT / Effector Memory T cell
L4_GAGGGTAAGCGCAATG,HSPC
E2L6_CACATGAGTCGAATGG,NK cell
L1_GAGTTGTTCATTCGTT,Naive CD4+ T cell
E2L4_GAGTGAGCAAACCATC,Proliferating T cell
L4_ATCCCTGGTATCAGCT,MAIT / Effector Memory T cell
L5_TGATGCAAGTCGCGAA,cDC1
E2L2_TGGGCTGGTCGCTTAA,CD16+ Monocyte
L2_GGGACCTGTCCCACGA,Plasmacytoid Dendritic Cell
L3_GGCTTTCAGTAAGAGG,Naive CD4+ T cell
E2L1_GGAAGTGAGAGTGTTA,Platelet
E2L1_AGGTTACCAATTGAGA,Memory B cell
E2L7_ACTCCCAGTTGGGCCT,CD8+ Effector T cell
E2L3_TGTAAGCCAATTCGTG,cDC2
L5_CACATGATCGCCGTGA,NK cell
E2L8_GGTGTCGCAAGCACCC,CD14+ Monocyte
E2L4_GGATCTAGTCGAGTGA,CD8+ Effector T cell
L5_CATGGTACAAGGTCTT,Treg / Activated T cell
L5_GGAACCCGTTCTCAGA,Plasmacytoid Dendritic Cell
E2L2_AAATGGACATTGTGCA,cDC2
E2L1_CTTGAGACAAAGGCGT,Treg / Activated T cell
E2L2_GCACGGTGTTGACTGT,NK cell
L4_CTATAGGTCCCGTTCA,NK cell
E2L8_CTGATCCTCCTCAGGG,CD8+ Effector T cell
E2L2_TGCTGAAGTCGTTGGC,Memory B cell
E2L3_CGTTCTGGTAGAGCTG,MAIT / Effector Memory T cell
E2L6_ACGTAGTTCGATCCCT,Plasma cell
E2L7_GTGCTTCCACCAGCTG,Platelet
E2L4_TCGTAGACAACACGAG,Naive B cell
E2L4_TTCACCGCACTTGTCC,Plasma cell
E2L2_ACGTAGTGTATTCCGA,Naive B cell
E2L1_TTGTGTTCACCGGCTA,Naive B cell
L5_CCTCATGCATGACGAG,NK cell
E2L4_TTTCAGTTCCTATTGT,MAIT / Effector Memory T cell
E2L5_TGTAACGCAACACAAA,Treg / Activated T cell
E2L2_CGGGTCATCCAGCCTT,CD14+ Monocyte
L1_GTTAGACTCTAGTTCT,Naive CD4+ T cell
L1_GTACAACAGTTATGGA,HSPC
L1_GAGTTTGTCGTAGAGG,CD8+ Effector T cell
L3_TCGCTTGCAACTCCAA,Naive B cell
E2L4_TCGGATATCTTCCCGA,Naive CD4+ T cell
E2L7_TTACAGGAGCTCGGCT,NK cell
E2L6_GAGAAATCACGGCACT,Plasmacytoid Dendritic Cell
L1_GTTATGGTCTCACTCG,Naive CD4+ T cell
L3_CAGATACCACAAGGTG,NK cell
E2L6_CCTACGTTCGAATCCA,MAIT / Effector Memory T cell
E2L5_GTTTACTTCTGTTCAT,Plasma cell
L4_CCACGAGAGAGAGTTT,MAIT / Effector Memory T cell
E2L6_TAAGCACAGTACGAGC,Plasmacytoid Dendritic Cell
L5_GTACAACAGACAGCTG,CD8+ Central Memory T cell
L4_ATGTCCCCATACAGGG,Memory CD4+ T cell
E2L4_ATTACCTAGATACAGT,Proliferating T cell
L1_GGGCTCAGTTCTTAGG,HSPC
L1_CACTAAGCACGAAAGC,MAIT / Effector Memory T cell
E2L6_AGTTAGCTCTAAGCGT,Plasmacytoid Dendritic Cell
L4_CTCCCTCGTCCGAAGA,Plasmacytoid Dendritic Cell
L5_ACCCTCAGTGGATCAG,CD16+ Monocyte
L2_GCCAGCATCGAGCCAC,NK cell
E2L8_TATCAGGCAAGTTGGG,HSPC
L1_CCGGGTAGTTTACTGG,Plasma cell
E2L8_GGGACAATCTTGGTCC,NK cell
L1_CTCCATGCATCGGCCA,CD8+ Central Memory T cell
L5_TTACCATAGATAACAC,CD8+ Effector T cell
E2L7_ATTCCTACAGGTCCCA,Memory CD4+ T cell
E2L2_CTTACCGTCTCCTGCA,CD8+ Effector T cell
L4_CCATCACAGACGCCCT,CD8+ Effector T cell
L1_AGGGTCCAGACTACCT,Plasmacytoid Dendritic Cell
E2L3_TTCACGCCAGCAGTTT,CD8+ Central Memory T cell
L2_GAATCGTTCCACGTGG,Memory B cell
L3_GTCGTAATCCGTGACG,CD14+ Monocyte
L2_GAGATGGTCGAATGCT,HSPC
E2L8_TTTGATCCAATGTGGG,Platelet
E2L7_AACCATGAGCGGGTTA,cDC2
E2L6_GGGAGATGTGCATTTG,Memory CD4+ T cell
E2L4_CATGAGTCACGACGCT,Proliferating T cell
E2L6_TCAGTCCGTGTTACTG,cDC2
L1_GTATTTCCATGGCTGC,HSPC
E2L1_CTTCTAACAGGCTCTG,HSPC
E2L4_TACCCACCACCGCTGA,Memory CD4+ T cell
L5_TACATTCTCTTTGATC,CD8+ Effector T cell
E2L6_GCCGTGAGTAGACAGC,Memory CD4+ T cell
E2L7_GTGCAGCTCCGTGGGT,Memory CD4+ T cell
L5_CGCCAGACAAACCACT,CD8+ Effector T cell
L1_AGGCTGCTCTAGCCTC,Plasmacytoid Dendritic Cell
E2L2_CCACGTTGTGGGACAT,Memory B cell
L4_GTAAGTCGTCGCATGC,cDC1
E2L1_AATAGAGTCCGGACGT,NK cell
L2_TTGTGGATCTGCCTCA,MAIT / Effector Memory T cell
E2L4_AGGTCTAAGCCTCAGC,NK cell
L2_GTGCAGCAGGTTGGTG,Proliferating T cell
L1_ATTGTTCAGCCACAAG,Naive CD4+ T cell
L3_GATCACACAGTTCCAA,Platelet
E2L6_CACTAAGTCGTTCTAT,CD16+ Monocyte
L4_GGAATGGCAGAAGCGT,Naive CD4+ T cell
L2_CATGCTCAGTATGATG,Naive CD4+ T cell
L5_GTAGGTTCATCCTAAG,Naive CD4+ T cell
E2L4_ACGATCACAATAGAGT,Platelet
E2L2_AATCACGCATCCGATA,NK cell
E2L2_TCAGTGATCTAAGCCA,Treg / Activated T cell
E2L2_CAAAGAAGTACCGGAA,CD8+ Effector T cell
E2L6_CCGGACAAGAGTTGTA,Plasmacytoid Dendritic Cell
E2L5_TTCGCTGGTCAGGAGT,Memory B cell
E2L7_TTTACTGCAGCGTTGC,cDC2
L4_TACCTCGCACACACGC,CD8+ Effector T cell
L5_CGACAGCTCTCGTGAA,Naive CD4+ T cell
L5_CCCTGATGTCCCGGTA,Plasma cell
E2L3_TAGACCATCTTTGATC,Memory CD4+ T cell
L1_AGGCTGCTCTGCGGAC,Naive CD4+ T cell
E2L3_TAACGACAGCCTTTGA,HSPC
E2L6_GTTCTATAGGAGGCAG,Naive CD4+ T cell
E2L3_ATATCCTTCTGCTTAT,CD8+ Central Memory T cell
E2L1_AGTCAACAGCATGCAG,cDC2
L1_GTCTCACCATTGTCGA,Memory CD4+ T cell
L4_CGAGGAAGTTCAGCGC,Naive CD4+ T cell
L4_GTGCAGCCAAATAAGC,CD8+ Effector T cell
L3_ACGGTCGGTGCCGTTG,Naive B cell
E2L3_TCATATCTCTGCGATA,Memory CD4+ T cell
E2L2_TGCAGATTCACGGTCG,CD8+ Effector T cell
E2L7_CCACACTCACGCGTGT,NK cell
E2L7_GTGCAGCCAAGATGTA,CD16+ Monocyte
L5_TTACAGGGTTCTTGCC,CD16+ Monocyte
E2L2_CCCTCAAAGTGGCAGT,CD8+ Effector T cell
E2L7_GAAGTAAGTATCAGCT,Platelet
L3_GGTCACGCACCGTCTT,Naive CD4+ T cell
L2_TCCTAATTCCAGTGCG,Naive CD4+ T cell
L2_TTCCTCTTCGGCTATA,Naive CD4+ T cell
L1_TGATCTTTCGCTGACG,Memory CD4+ T cell
E2L2_TTTACCAGTCAAGTTC,Proliferating T cell
E2L5_GATGGAGTCCGCGGAT,Platelet
E2L2_GCAACATGTATACCTG,cDC2
L2_CTTTCGGAGAGAGCCT,Memory B cell
E2L8_TCCGGGAGTGTTGATC,CD8+ Effector T cell
E2L7_TCATGAGGTCTCAAGT,Erythroid cell
L1_GTGAGCCAGATTCGCT,cDC2
E2L5_ATAGACCTCAATCCGA,Memory CD4+ T cell
E2L3_AGTCTCCAGTTGAAAC,Memory B cell
L3_AGGGTTTGTGTGACCC,Platelet
E2L5_GAAATGATCGCGTGCA,Memory CD4+ T cell
L4_TCTACCGAGCGTTGTT,Naive CD4+ T cell
E2L5_AGGAGGTAGTGTTCAC,Proliferating T cell
E2L8_ACGTAGTTCATGAAAG,NK cell
L3_TCACACCCAAGTGGGT,Naive CD4+ T cell
E2L3_TACTTGTTCGAAGCCC,CD16+ Monocyte
E2L5_CAAGAGGCATACTTTC,NK cell
L5_GTAGAGGTCTTTACAC,CD8+ Effector T cell
E2L6_TGAGGAGTCGTACCTC,Plasmacytoid Dendritic Cell
L1_TAATCTCAGCGTGTTT,CD8+ Effector T cell
E2L1_ACCACAAAGAGCATAT,MAIT / Effector Memory T cell
E2L7_AACAAAGGTTCAGTAC,CD14+ Monocyte
L5_CGTTAGATCGGACAAG,Memory CD4+ T cell
L3_ACACCAAGTAACGCGA,Naive B cell
E2L6_TACAGGTTCTGCCTGT,Proliferating T cell
E2L2_GTCATCCTCCTCGATC,CD8+ Effector T cell
L1_GCAACCGGTAGTGTGG,Memory B cell
L5_CATCAAGCATTCATCT,cDC2
E2L7_TAACCAGGTGGCTACC,CD8+ Effector T cell
E2L1_AGGGTTTGTGCGGTAA,HSPC
L5_TCAAGCATCCGAAATC,Memory CD4+ T cell
E2L1_GCGATCGAGTATGACA,Plasmacytoid Dendritic Cell
E2L3_AGACAAAAGATGACCG,Proliferating T cell
L3_GGCTTTCTCCTAAACG,Memory CD4+ T cell
E2L8_ATCCTATAGAGGGTGG,Memory B cell
L2_TAGTGCACAATCTGCA,MAIT / Effector Memory T cell
E2L8_GTTGCTCTCGGTGTTA,CD8+ Effector T cell
L2_TTACAGGCAGACGGAT,Plasmacytoid Dendritic Cell
E2L7_CCGGTAGGTGTAGCAG,Memory CD4+ T cell
E2L4_ACAGGGATCGGTGTAT,Naive CD4+ T cell
L2_CCGATCTGTCGTGGTC,Naive CD4+ T cell
E2L8_TCTTGCGTCAGCTTGA,Memory B cell
E2L2_ACGTTCCAGCTGGCTC,NK cell
E2L2_TTGAACGGTGTTTGCA,NK cell
E2L8_AAGACTCAGCGATCGA,CD8+ Effector T cell
E2L5_GCATTAGGTACAGTTC,Plasma cell
E2L4_GCCAGGTTCTGTCGTC,Proliferating T cell
L4_GCATCGGCATGGCTGC,MAIT / Effector Memory T cell
L4_ACCATTTAGCATCCCG,CD8+ Effector T cell
L3_TGCGACGGTGGTCCCA,cDC2
L2_TTAGTCTTCTGGCCAG,Naive CD4+ T cell
E2L8_TCATGTTGTGTTCAGT,NK cell
L4_GCGGATCCAACGGGTA,Plasma cell
E2L1_TCAAGACGTATCGGTT,Naive CD4+ T cell
L5_GAAGTAATCTTCGTGC,MAIT / Effector Memory T cell
E2L2_TTTGATCAGCCATTCA,NK cell
L3_TGGGAGAGTCCGCAGT,CD16+ Monocyte
L5_CGGAGAATCAGCTCTC,cDC1
E2L6_TTCGCTGGTACGGTTT,NK cell
L1_GCTGAATCATGGAGAC,Naive CD4+ T cell
E2L8_ATCTCTAAGGCCATAG,Naive B cell
L4_TACTTCAGTAAGATTG,Memory B cell
E2L5_CTCCTTTTCACTTGGA,Naive B cell
E2L3_CGGGCATGTCCAAGAG,CD8+ Effector T cell
E2L7_GTGATGTGTATGGGAC,CD14+ Monocyte
L3_TGTAGACTCACTGAAC,Memory B cell
L2_TGAGCATCAATGACCT,Memory CD4+ T cell
L5_TGATCAGAGATGGTCG,NK cell
E2L6_TCCCACATCAAGGTGG,cDC1
L5_CGTAGTATCGACCACG,Naive CD4+ T cell
E2L4_ACTATCTTCGACACTA,Memory B cell
E2L5_TACACCCTCTGTCCCA,CD8+ Central Memory T cell
L3_TACTTCACAAGACGAC,Treg / Activated T cell
L4_CTCTCAGAGACGCTCC,CD14+ Monocyte
L4_GGAAGTGAGGTGATCG,MAIT / Effector Memory T cell
L2_TTCCGTGCAATAGTAG,Plasma cell
L4_TGCGGGTAGCGTCAGA,Naive B cell
E2L5_TCATGTTCAATCTCTT,CD8+ Central Memory T cell
L1_TCGAAGTCAACCTAAC,cDC1
L3_AAACCCATCTGTCAGA,CD8+ Effector T cell
L5_GTAGGAGAGCTGGCTC,Naive CD4+ T cell
L4_AAAGAACTCCAACCGG,CD8+ Effector T cell
L2_AGAAATGGTGCCTTCT,Memory B cell
L2_CTCCAACCAGCATCTA,HSPC
E2L5_GGTGGCTGTGACTGAG,Memory B cell
E2L7_GTAGAGGCAGGTCAGA,Plasmacytoid Dendritic Cell
E2L5_TGGAACTGTGCAGATG,CD8+ Effector T cell
L5_GGTTCTCCAGATAAAC,Naive CD4+ T cell
E2L5_GTCGAATTCCATCGTC,CD8+ Effector T cell
L2_GAGTCTACATATCGGT,cDC2
E2L5_CGCCATTCATGCCATA,NK cell
L1_AACCTTTAGAGAGCCT,Naive CD4+ T cell
L3_TTGCATTAGGAGTATT,MAIT / Effector Memory T cell
E2L7_GTAGGTTTCCCAAGTA,Memory CD4+ T cell
E2L6_CGCATAAAGTCGTTAC,CD14+ Monocyte
E2L5_GCCAGGTCACGGATCC,CD8+ Effector T cell
L2_CTTGATTAGCCACCGT,Naive CD4+ T cell
E2L3_TCCTTTCTCTGGTTGA,CD8+ Effector T cell
E2L6_ATCACTTTCCCAAGTA,CD14+ Monocyte
L5_ACACCAACACCCAATA,CD8+ Effector T cell
E2L1_AGCGTATCATCCGGTG,Naive CD4+ T cell
E2L2_AGCCAGCAGGGCTAAC,Plasmacytoid Dendritic Cell
L3_CGCCATTTCCGTATAG,Naive CD4+ T cell
E2L4_CCATAAGAGGATGTTA,NK cell
E2L7_CTGGTCTAGCATTTGC,Memory CD4+ T cell
E2L6_GCGGATCTCCAATCTT,Memory B cell
E2L4_TCTCTGGTCTAGTTCT,Platelet
E2L1_GATCATGGTAGAATAC,CD14+ Monocyte
E2L1_TCTATCATCTTCTAAC,CD8+ Effector T cell
L1_CTATCCGTCTCGCTTG,Proliferating T cell
L5_TCCTTCTCAGCGTTTA,HSPC
E2L7_TACCGAAGTTGGGAAC,MAIT / Effector Memory T cell
E2L7_TGGTTAGTCTGGTGCG,Plasmacytoid Dendritic Cell
L4_AAAGTGATCGTTCTCG,Platelet
E2L5_GAGTCTACAGGTAGTG,Plasmacytoid Dendritic Cell
E2L6_TTTATGCCACCAGACC,CD8+ Effector T cell
L1_GTTAGACTCCTAACAG,Naive CD4+ T cell
E2L7_CTTCCGATCCTTGAAG,Memory B cell
L1_ACTCTCGAGTCCTGCG,Memory CD4+ T cell
L2_TCACGGGGTTCCTTGC,Memory B cell
L1_TGTCAGAGTCTCGGAC,Naive CD4+ T cell
E2L4_AACCCAACAATAGAGT,Plasma cell
L4_GCTACCTGTGCTATTG,Memory B cell
L4_CGAGTGCAGCAGGTCA,Memory CD4+ T cell
L2_GTCAGCGGTTTGAAAG,CD14+ Monocyte
L4_CGAATTGGTTACGCCG,NK cell
E2L7_CATCGGGAGCGTGTTT,Memory CD4+ T cell
E2L8_TCATTCACATGTACGT,CD8+ Effector T cell
E2L7_TCCTCGAAGTGCCGAA,Memory B cell
E2L3_ATCGTCCCACATAGCT,CD14+ Monocyte
L3_CGTTAGAAGGCCTTCG,MAIT / Effector Memory T cell
L2_GGGTCTGGTACACTCA,Naive CD4+ T cell
L5_CTAACTTTCCCGAACG,Platelet
E2L7_GTGCACGGTCGTGTTA,Memory CD4+ T cell
E2L2_CCATCACCACGAAAGC,Naive B cell
E2L4_TGCTCGTCACAACGCC,Memory CD4+ T cell
E2L2_CGGAACCAGGTTCATC,Platelet
E2L8_TTGTTCATCCCGTTCA,Plasmacytoid Dendritic Cell
E2L8_GCCATTCTCCGTAGGC,Memory B cell
E2L3_TTGGGCGGTCTGTGTA,CD14+ Monocyte
L2_TTGAACGAGCACTTTG,NK cell
E2L2_TGGAGAGCACTCCACT,CD16+ Monocyte
L1_GATGTTGTCCTTACCG,CD16+ Monocyte
L2_CTAACCCCAACCCGCA,Naive CD4+ T cell
L2_GAAATGAAGCCAGTAG,Plasma cell
E2L1_AACCACAGTAACGGTG,CD8+ Effector T cell
L5_GAGCCTGTCAAGCTTG,NK cell
E2L4_CATAGACTCGGTAGAG,Naive B cell
E2L1_GTCTCACAGCTGTGCC,cDC1
E2L1_GGGCCATGTGCCTATA,Memory CD4+ T cell
E2L5_CATCGGGGTCCGTACG,Memory B cell
E2L5_CCCATTGAGTGCAGGT,Plasma cell
L2_TTGTTGTGTCGGTGAA,cDC2
L5_ACTATTCCAGGCCCTA,Naive CD4+ T cell
L3_TTCAATCTCGGTGTTA,HSPC
E2L4_CTCTCAGGTAACGATA,Proliferating T cell
E2L1_TCTTCCTGTACCGGCT,Naive B cell
L5_GGATGTTCAAGAGGCT,Naive CD4+ T cell
L4_AACAACCTCAACCCGG,Erythroid cell
E2L4_CCGAACGTCATAGGCT,Memory CD4+ T cell
L2_CTGATCCTCTCAAAGC,MAIT / Effector Memory T cell
L4_TCATCCGCATTGAAGA,cDC2
E2L4_TGGGCGTAGGTCCCTG,CD8+ Effector T cell
L4_CATTCCGAGGGTCACA,Memory B cell
E2L5_CTCTCAGGTAGCTGCC,Naive CD4+ T cell
E2L8_TATCTTGAGATGACCG,CD16+ Monocyte
L5_TCAATTCGTAGGAAAG,Naive CD4+ T cell
L5_AGGATAATCACTCCGT,CD8+ Central Memory T cell
E2L8_ACGGGTCTCGTAATGC,CD14+ Monocyte
L1_GAGGGATGTTGAATCC,HSPC
E2L5_AGTGACTGTCCTACAA,Platelet
E2L4_CGAGGCTCAGCCGGTT,MAIT / Effector Memory T cell
L3_TCTACATGTCTGTGGC,MAIT / Effector Memory T cell
L5_CATTCTAAGTGGTTAA,HSPC
E2L1_TTCCTAAAGTACTGGG,CD8+ Effector T cell
E2L2_GGAGGATGTTCGGGTC,NK cell
E2L7_GCGTGCACAGTTTCAG,Memory CD4+ T cell
E2L6_CCAATGAAGGCTGGAT,CD16+ Monocyte
E2L8_TCCGATCCACCATATG,CD8+ Effector T cell
L1_TCGCACTTCCCGTGAG,Naive CD4+ T cell
E2L1_TCCTTTCCACCCTAGG,CD16+ Monocyte
L1_TTCTAGTAGAGGTCAC,Naive CD4+ T cell
L3_AAACGAAGTCCTTGTC,cDC2
L2_CTCAGTCGTCGTAATC,Proliferating T cell
E2L3_TGATGCAGTGATACCT,NK cell
E2L5_AAGTTCGAGCACTCGC,Memory CD4+ T cell
L2_GAGTTACTCTTCGGAA,NK cell
L5_GGTTCTCGTTCCAGGC,HSPC
E2L4_CGTAGTACACTATCGA,MAIT / Effector Memory T cell
E2L5_ATGATCGAGAATCGTA,cDC1
E2L6_GGTCTGGTCTCGGTAA,NK cell
L2_CAAGGGAAGGCCATAG,CD8+ Effector T cell
L3_ACAACCAGTCTGTCAA,CD8+ Effector T cell
E2L1_TCACATTCATCTTAGG,Memory CD4+ T cell
E2L3_TTGGGTATCCCGTGTT,CD8+ Effector T cell
E2L5_ATGTCCCCAACCGATT,Memory CD4+ T cell
E2L4_CTCCTTTTCTCTGCTG,CD14+ Monocyte
L3_AGCGATTCAGCCTATA,CD14+ Monocyte
E2L3_ACCTGAAGTGAACGGT,Naive CD4+ T cell
E2L1_TGAGTCATCAGGAAAT,CD8+ Effector T cell
E2L2_TTTGACTTCCGCACTT,Memory CD4+ T cell
L2_GTGAGGAGTACAAGTA,MAIT / Effector Memory T cell
L1_GAATAGACACAAGCAG,HSPC
E2L8_CACGGGTCAGTATACC,Naive CD4+ T cell
E2L3_TGGTTAGTCTTCGTAT,CD8+ Effector T cell
E2L5_CTTGATTAGAGATGCC,Platelet
E2L2_TCGTGGGAGAATCCCT,Naive CD4+ T cell
L4_GTTTGGAAGTTGGCTT,CD8+ Effector T cell
E2L6_ATCGGCGAGAAGTCCG,Plasmacytoid Dendritic Cell
E2L3_GTTACAGGTTAGGAGC,Plasmacytoid Dendritic Cell
L1_CGAGAAGTCCAATGCA,Memory CD4+ T cell
L1_ATCGGATAGACCAACG,Naive CD4+ T cell
E2L3_GCTTTCGTCGACGATT,CD14+ Monocyte
E2L5_CGCGTGACACACGGAA,Memory B cell
E2L6_GGGCGTTTCACCTTGC,Treg / Activated T cell
E2L7_TGGTGATGTTTGAAAG,HSPC
E2L3_CCCTCAAGTAGCTGAG,Memory B cell
E2L5_GACCGTGGTCGTCTCT,Memory B cell
L2_TCGAAGTTCAAAGCCT,Memory CD4+ T cell
E2L5_CCGCAAGTCGTTCCTG,Memory CD4+ T cell
L4_AACCATGCATAACTCG,CD8+ Central Memory T cell
E2L4_GTGTTCCCAATACGAA,Memory CD4+ T cell
L3_CTCATTAGTCATGGCC,CD8+ Effector T cell
L5_TCGACCTTCGCGTCGA,CD14+ Monocyte
E2L4_AAAGTGATCTTTACAC,NK cell
L1_ATTGTTCCAACAAAGT,Naive CD4+ T cell
E2L4_GTGGAAGCACAGTGAG,Platelet
E2L3_GTGCACGCATCTTAGG,NK cell
L1_GGTGATTGTCTTTATC,Memory CD4+ T cell
E2L2_CTTTCGGGTAGATTAG,CD14+ Monocyte
E2L5_TCGCTCACAATGGGTG,NK cell
E2L2_TACCGAAGTTGACGGA,cDC2
E2L2_AGGGCTCTCCACTGGG,Plasmacytoid Dendritic Cell
E2L7_GTGTGATGTAATGATG,NK cell
L3_TCGGGACGTCAAGTTC,Proliferating T cell
E2L7_TGAATGCTCAGTGTTG,Naive B cell
L1_GTGCTTCAGTCATACC,NK cell
E2L5_CGGGTCACACATACTG,Naive B cell
E2L6_GGATCTATCATCGCAA,Platelet
E2L5_GGAATCTCACTACCCT,CD8+ Effector T cell
E2L5_TTGGTTTGTGTTCCAA,Platelet
E2L5_TAACACGTCTGTCGTC,Naive CD4+ T cell
E2L3_AAAGTGACACCAGCCA,Proliferating T cell
L3_AAAGTGAGTGAGATTA,Memory B cell
E2L8_GCACATAAGCTAGAGC,NK cell
E2L4_AGGACTTCACGAGGAT,CD14+ Monocyte
E2L8_CAATCGAAGTTGGAAT,CD14+ Monocyte
L1_TTCAATCTCTCTCCGA,NK cell
E2L2_CGGTCAGAGACATAAC,CD8+ Effector T cell
E2L1_GATGATCAGATACCAA,Memory B cell
E2L8_CGTCAAAGTTCGGTCG,Memory B cell
E2L6_TTGTTCACAGGCCCTA,Plasma cell
E2L3_ATCATTCTCGCGTAGC,Memory B cell
E2L3_TAGACTGTCGTAGAGG,Platelet
L3_TTTGATCTCCAACACA,Plasmacytoid Dendritic Cell
L2_CATCCCATCGCAGATT,MAIT / Effector Memory T cell
L2_TCCTCGAAGTTACGTC,CD8+ Effector T cell
E2L6_CACAACACAATTCTCT,Naive B cell
L2_CCCTGATTCCTTTGAT,CD8+ Effector T cell
L5_AACGAAATCCACTGGG,Naive CD4+ T cell
L4_ACCACAAGTTCGAACT,Plasmacytoid Dendritic Cell
L2_AGTACCATCTGTTCAT,Naive B cell
E2L6_ATTATCCCACTCTGCT,Naive B cell
E2L7_CATCCGTCATACGCAT,NK cell
E2L8_CCTTTGGTCCTTTAGT,NK cell
E2L6_CATAGACTCGGTCTGG,Proliferating T cell
L4_TTGCCTGCATACTGTG,Naive B cell
E2L8_TCCATGCGTATAGGGC,CD8+ Effector T cell
L2_GACATCAGTCACCGCA,CD8+ Central Memory T cell
L3_TTTACGTGTCTGATAC,Plasma cell
L4_AAGATAGTCGCGATCG,Erythroid cell
E2L7_AATTCCTCATGCCGCA,Naive CD4+ T cell
L2_GATTCTTGTCCTTAAG,Plasma cell
E2L8_TCATCCGCAGTCAGTT,Naive CD4+ T cell
E2L5_AGTTAGCTCGCTAGCG,Proliferating T cell
E2L2_AGACACTGTTAAGACA,Proliferating T cell
L1_GTGAGCCAGGTCTTTG,Memory CD4+ T cell
E2L1_TATTGCTAGCCATTCA,MAIT / Effector Memory T cell
E2L2_GATAGAACATCAGTCA,Memory CD4+ T cell
E2L8_ACGGTCGAGGGTTTCT,Treg / Activated T cell
E2L3_GTCGTTCTCGTCCATC,cDC2
L3_AGGAGGTCAGAGGGTT,Plasma cell
L1_AGACAGGGTGCATTAC,Naive CD4+ T cell
L1_TCACGCTGTACCAGAG,Erythroid cell
E2L3_CATCCACGTAGTGGCA,Plasmacytoid Dendritic Cell
E2L2_GAGGGTAGTTTGAAAG,Proliferating T cell
E2L6_TAGACTGGTCGAAGCA,CD8+ Effector T cell
E2L8_CTTCTCTAGTATAGGT,Erythroid cell
L5_ACCGTTCAGCATGTTC,cDC1
L4_AAGACTCAGGTGCCAA,Naive CD4+ T cell
E2L6_TTCCGGTCAACTCCCT,NK cell
L1_GCCATTCTCATCGGGC,Naive CD4+ T cell
E2L8_TGTCCTGTCAGACCGC,NK cell
E2L8_CAACCTCGTAACCAGG,Memory CD4+ T cell
L5_CCGTGAGAGATGCTAA,Plasma cell
L1_TGTGCGGTCATTACGG,Proliferating T cell
E2L5_CGTAAGTGTCACAGAG,Plasmacytoid Dendritic Cell
E2L8_CTCCCAACAGTGGGTA,CD8+ Central Memory T cell
L5_CGGACACGTGAGTCAG,CD16+ Monocyte
E2L6_TCGGATAGTCGCATTA,CD8+ Central Memory T cell
L3_GGAGGATGTGCGGATA,Naive B cell
E2L7_GGAATCTAGGATTCCT,Proliferating T cell
L1_AGCGCTGTCAGCTGAT,Plasma cell
E2L1_GTATTTCTCTTACTGT,CD8+ Effector T cell
E2L4_GGCTTTCGTCGCTTAA,CD16+ Monocyte
L1_TAAGCACCAGAGGCTA,Proliferating T cell
E2L8_AAGACTCGTTCTTGCC,CD8+ Effector T cell
L5_CGGGACTGTAACCCTA,Proliferating T cell
L2_GTCAAGTCACAATTCG,HSPC
L1_GAAGTAAGTGCCCTTT,Memory CD4+ T cell
L4_CATGGTAGTCTACTGA,Proliferating T cell
L5_TAGGAGGCAGAGTCAG,CD16+ Monocyte
L5_CAAAGAAAGAAAGCGA,Naive B cell
E2L6_CAGGCCAAGCCTCATA,CD14+ Monocyte
E2L6_GCACATATCCATTGCC,Naive CD4+ T cell
E2L8_GACAGCCCATGTTCAG,Memory CD4+ T cell
E2L2_TGTTTGTGTTTACCAG,Naive CD4+ T cell
E2L4_GCACGTGCACTCATAG,CD14+ Monocyte
E2L1_TCTGCCAAGCAAGTCG,cDC1
E2L5_TGGGCTGCAACAGAGC,Naive CD4+ T cell
L2_GGGTCACCATTATGCG,Naive CD4+ T cell
L1_GATTGGTGTTTACTGG,NK cell
L5_CTGTAGAGTATTCCTT,MAIT / Effector Memory T cell
L5_GGGTTATCACATGTTG,Naive CD4+ T cell
E2L8_TTGAACGAGGATCACG,NK cell
L4_GACCCTTGTAGTGTGG,CD16+ Monocyte
L1_CATACCCGTTCCGCTT,CD8+ Central Memory T cell
E2L4_ATCCACCGTAGCGCCT,CD8+ Effector T cell
L3_TGGAGGAGTGTTGATC,Naive CD4+ T cell
L2_CATGCAACACCCAAGC,Memory B cell
E2L1_AGACACTGTGTCGCTG,CD14+ Monocyte
E2L6_GTAGAAACAAGACAAT,Naive CD4+ T cell
E2L7_TGATCTTAGACTGTTC,Memory CD4+ T cell
L3_CTGGACGGTGATTAGA,Naive CD4+ T cell
E2L3_GCCATGGTCGTTCTCG,CD8+ Effector T cell
L4_TTCGGTCCAAATTGCC,Naive CD4+ T cell
L1_CATACTTGTCATATGC,Memory CD4+ T cell
L2_AATCGACTCAATGCAC,CD16+ Monocyte
L3_ACTCTCGAGACGACTG,Memory CD4+ T cell
E2L6_GGGTGTCAGATTCGCT,NK cell
E2L3_TTGACCCCACCATTCC,Plasmacytoid Dendritic Cell
E2L4_GTGATGTAGATGCTGG,NK cell
E2L7_AGATGCTTCCAAAGGG,Plasmacytoid Dendritic Cell
L3_TTTGATCAGTCGTCTA,Naive CD4+ T cell
E2L2_AGTTAGCTCTTCCGTG,Naive CD4+ T cell
L2_ATCACAGAGATGCTGG,Erythroid cell
L4_CTCGAGGCAAATTGGA,Naive CD4+ T cell
E2L3_TTGCGTCTCTCATTTG,Memory CD4+ T cell
E2L3_AGACTCAAGTGAGTTA,Naive B cell
L2_ACACCAAGTGTAGTGG,Naive CD4+ T cell
L3_TCGAACACACCAAAGG,HSPC
E2L8_TTCCAATTCACCATGA,Plasma cell
L5_GTGGCGTAGACCAGCA,Memory CD4+ T cell
E2L2_AAGTTCGTCGGCAGTC,Plasma cell
L3_TACGTCCCACGAGGTA,CD8+ Effector T cell
L4_TGTTCCGCAAATCAGA,Naive CD4+ T cell
L1_GATCACAGTACAGTAA,Memory CD4+ T cell
L2_GTCACTCTCACGAGGA,Naive B cell
L5_ACGATGTAGGAACGAA,MAIT / Effector Memory T cell
E2L5_ACTTCCGTCACATTGG,Naive B cell
L1_AGTGTTGAGAAGTGTT,MAIT / Effector Memory T cell
L1_GCTGCAGTCCGTTTCG,cDC2
E2L3_CGCATAACACTACCCT,CD16+ Monocyte
L1_CCCTCTCGTCATCTAG,Memory CD4+ T cell
E2L3_GACCTTCAGAGGGTAA,Naive CD4+ T cell
E2L4_AGGATAATCTAAACGC,Memory B cell
E2L7_CATGGTATCGAGTGAG,CD14+ Monocyte
L4_GGAGGATGTACCGGCT,HSPC
E2L1_AGTGCCGAGACCCGCT,Memory CD4+ T cell
E2L5_TCTCTGGTCCGGACTG,CD8+ Effector T cell
L5_GAGTCATAGATCGGTG,Naive CD4+ T cell
L4_GGAGGATTCGGATACT,CD8+ Effector T cell
E2L7_GGAAGTGAGCATACTC,Naive CD4+ T cell
L1_TCACAAGTCAACTGAC,Naive CD4+ T cell
L2_TAGATCGTCCCGAGGT,Memory CD4+ T cell
E2L5_CGTGTCTTCAGAACCT,Proliferating T cell
E2L5_AGCGTATTCACTACTT,CD8+ Effector T cell
E2L3_AAGATAGTCTGGTGCG,Naive CD4+ T cell
E2L3_ACGGAAGCATCGGTTA,Plasmacytoid Dendritic Cell
L2_GTGGCGTCACTGCTTC,CD16+ Monocyte
L5_ACTATCTTCCGATGTA,MAIT / Effector Memory T cell
L2_GCAACATTCTAGGCCG,CD8+ Effector T cell
L5_TCACTATTCGAGTGAG,HSPC
E2L2_TGGATGTCAGTCTCTC,Naive CD4+ T cell
E2L8_AGACAAAGTCTGTGTA,CD14+ Monocyte
E2L8_CTCAGAAAGAAGCTCG,Platelet
L2_AAAGAACAGATGGGCT,HSPC
L2_CAATTTCGTAGGAGGG,Memory B cell
L4_TTCAATCAGGCTTCCG,Plasma cell
E2L6_GACCCTTTCGAGCCAC,Memory CD4+ T cell
E2L5_TAGGGTTCATGATGCT,CD8+ Effector T cell
E2L1_CACACAAAGCGTACAG,CD16+ Monocyte
L5_CCGGACAAGCTGGTGA,Naive CD4+ T cell
E2L5_CTGCATCGTCCACTCT,Proliferating T cell
L2_CTGTACCCAGGTCAAG,Naive CD4+ T cell
L2_CCTTGTGGTGGTGATG,Naive CD4+ T cell
E2L4_GATCAGTCACCCAACG,Memory CD4+ T cell
L3_GAGTCTAAGTCACAGG,CD16+ Monocyte
E2L4_GGAGGATAGGAGAGTA,Naive CD4+ T cell
L2_TAACTTCCACAGGATG,MAIT / Effector Memory T cell
L2_CGTGATATCCTTACCG,NK cell
L1_GTCCTCACACTTTATC,NK cell
L4_TTTACGTCACGGTGTC,HSPC
L3_ACGGTTACACCTCGTT,CD14+ Monocyte
E2L1_GGTGTCGGTCACTCTC,CD8+ Effector T cell
L3_ACATTTCAGCATCAAA,Plasma cell
E2L4_TACACCCAGAGTCCGA,Naive CD4+ T cell
E2L7_ATCCATTCACATGAAA,Plasmacytoid Dendritic Cell
E2L3_GTCGTTCCAGCTCTGG,Memory B cell
L5_GAACACTCATTCACAG,Proliferating T cell
E2L5_TGTGTGATCCAACACA,Proliferating T cell
E2L8_TCGAAGTAGTTTCGAC,Memory B cell
L5_CTTACCGGTCGTTGGC,Proliferating T cell
L3_CGGAACCAGCTTTCCC,Naive B cell
L5_AAGCGAGTCTGGTGCG,CD16+ Monocyte
E2L1_CTTCCTTAGTGTGTTC,Memory CD4+ T cell
E2L5_GACATCATCTGGCCAG,Platelet
E2L5_TGCAGGCCAGTCGGTC,NK cell
L5_CCCGAAGGTTGCATTG,CD16+ Monocyte
E2L5_TGCATGACAGGCGAAT,Memory CD4+ T cell
E2L3_ACGTAGTCAATAGTAG,Naive CD4+ T cell
E2L5_GTCACGGAGGACCCAA,Memory B cell
E2L7_CTCCCTCAGTCATAGA,CD14+ Monocyte
E2L6_CATTGAGCACAGCTTA,NK cell
E2L1_ATCTCTATCCCTAGGG,CD8+ Effector T cell
E2L6_GTTGAACCAGGAATCG,Naive CD4+ T cell
E2L8_TACCTCGGTTATGTGC,NK cell
L5_GTCATGAGTAGATGTA,Memory CD4+ T cell
L2_ATCTCTATCTGAACGT,cDC2
L1_ACGTAGTGTAATTAGG,Proliferating T cell
L4_GGGTATTGTAGGTAGC,Naive CD4+ T cell
E2L6_CAAGAGGAGGCGTTGA,Naive B cell
L4_CTACTATCAATAGTCC,Naive CD4+ T cell
E2L5_AAACGCTGTGTCTCCT,cDC2
E2L5_GTTACGATCGGTAAGG,Memory B cell
E2L1_GGGAGTACATGGTACT,Naive B cell
E2L7_CAACGGCAGATGGTAT,Naive CD4+ T cell
L2_TAGACCATCGCACGAC,NK cell
E2L5_GAGACTTCAGGTCAGA,MAIT / Effector Memory T cell
L3_TACGGGCTCGCCTTGT,Memory B cell
E2L5_CCCTTAGTCCCTATTA,Platelet
L3_AAACCCAAGCATGAAT,CD8+ Effector T cell
L4_ACAGGGACAGTAGAAT,Plasmacytoid Dendritic Cell
L4_GCAACCGCAGAGTTGG,Naive CD4+ T cell
E2L7_TCGGGACCATAGATCC,Platelet
E2L6_AACCATGAGTCACACT,NK cell
E2L2_CGCAGGTAGTCATTGC,CD8+ Effector T cell
E2L5_TTAGTCTCAATCAGCT,Proliferating T cell
E2L3_TCAGTTTAGTGCGTCC,Plasma cell
L2_CTTCAATCAGCGTTGC,MAIT / Effector Memory T cell
E2L1_GTGTTAGTCACAAGAA,Memory B cell
E2L2_GGCTTTCGTTGGACTT,Memory CD4+ T cell
L4_CAATACGGTACAAGCG,Plasma cell
E2L8_TTACCGCTCATCTATC,Naive CD4+ T cell
E2L8_CCTCTAGTCTACCAGA,Naive CD4+ T cell
E2L3_AGACACTAGGCTCTCG,Proliferating T cell
L4_ACGTTCCGTGCATACT,Naive CD4+ T cell
E2L4_CAGGGCTTCTCGCCTA,Plasmacytoid Dendritic Cell
L1_TTTGATCAGAAGTCTA,Erythroid cell
E2L3_CGCGTGACAACTTGCA,Memory B cell
E2L8_AAGGAATGTCGCATCG,Plasmacytoid Dendritic Cell
E2L8_ACATGCATCAACGAGG,Naive CD4+ T cell
L4_TACTTCAGTTAAAGTG,NK cell
E2L3_GACACGCCAAGCACAG,CD8+ Effector T cell
L2_GGTCTGGCATATAGCC,Memory CD4+ T cell
E2L5_CTCATTAGTCATCCCT,NK cell
L5_CTGCTCACACTTGAAC,HSPC
E2L3_GGCTGTGCAAGTAGTA,Naive B cell
L5_TGGCGTGTCGTGTCAA,Memory B cell
E2L5_CTAACTTTCTAAGCCA,NK cell
E2L7_CAAAGAACAGCGGTTC,Proliferating T cell
L4_TGCAGATCATGACGGA,Naive CD4+ T cell
E2L8_CAAGGGATCAACGTGT,Memory B cell
L2_ACTATCTTCAGTCAGT,Memory B cell
L1_TCCGGGAGTTAGAGAT,CD14+ Monocyte
L1_GAGTTGTGTCACTCGG,Naive CD4+ T cell
E2L8_ATGATCGTCACTTGTT,Naive CD4+ T cell
E2L1_ATCGTCCGTGTTTACG,Naive CD4+ T cell
E2L4_TCAATTCGTATTGCCA,NK cell
L4_TTACAGGTCTAGACCA,Memory B cell
E2L1_CCGGACAGTGGACTGA,CD8+ Central Memory T cell
E2L3_GTGAGCCTCCAAACCA,Proliferating T cell
E2L6_TCCTGCACAGCCCAGT,Naive B cell
L4_CGTAAGTTCTAGTCAG,Memory CD4+ T cell
L4_AAGCATCAGGTTCTTG,CD16+ Monocyte
E2L2_CTGTACCCAGTATTCG,Memory B cell
E2L7_TCTGTCGAGGCTTCCG,CD8+ Effector T cell
L3_ATTACCTAGAGCCTGA,Naive CD4+ T cell
L2_GTAGTACCAAACACGG,Proliferating T cell
L3_GCGGAAACAGCTTCGG,CD8+ Effector T cell
L3_TGCTGAAGTGAGTTTC,CD8+ Effector T cell
E2L1_GTTGCGGTCCTTATGT,CD8+ Central Memory T cell
L3_TGTCCACCATAGAGGC,NK cell
E2L8_TGAGCGCTCCTGTACC,Plasma cell
E2L3_AAACGCTAGTCGAAAT,MAIT / Effector Memory T cell
L4_ACTTCCGCAAAGCGTG,NK cell
L3_GAGACCCTCGCGCTGA,Plasma cell
L5_AAAGGGCGTAACACCT,CD8+ Central Memory T cell
E2L1_TTCTCTCAGGCCGCTT,Naive CD4+ T cell
L3_CATGCAATCGCTCTCA,Plasma cell
E2L3_CACTTCGTCGCGCCAA,CD14+ Monocyte
E2L3_TGATCTTTCTTAGTTC,Memory B cell
E2L5_GAACTGTGTACTCCCT,CD8+ Effector T cell
L5_GTTACAGTCCGAGATT,Plasmacytoid Dendritic Cell
L1_GTTGCTCCATTCTGTT,NK cell
E2L1_AGCTACAGTGCTTCAA,Memory CD4+ T cell
E2L7_CTCAATTGTCAAGCGA,CD16+ Monocyte
L5_GATTCGACACACACTA,Memory CD4+ T cell
E2L4_GACTTCCTCCACCTCA,MAIT / Effector Memory T cell
L3_AATGGCTAGAAGCCAC,CD8+ Central Memory T cell
L1_TAATTCCCAAACAGGC,CD8+ Effector T cell
L3_TGCATCCAGCGCCTCA,CD16+ Monocyte
L5_ACAGCCGAGAATAGTC,Proliferating T cell
E2L5_CCCTTAGTCACTGAAC,Naive CD4+ T cell
E2L6_ATTACTCTCTTACCAT,CD16+ Monocyte
L5_CTCATTACATAATCCG,MAIT / Effector Memory T cell
E2L7_TGCGACGTCGCCTTTG,Proliferating T cell
E2L1_CGGAGAAAGTCCTGTA,Platelet
L1_AACAACCTCCATCTAT,Naive CD4+ T cell
L5_GGGTTATAGGGCTTCC,CD16+ Monocyte
E2L3_GCCATGGCATAAGCAA,CD8+ Effector T cell
L2_TACCCACGTTGCTTGA,Memory CD4+ T cell
E2L6_TAAGCGTAGTAGTCTC,Naive CD4+ T cell
E2L6_GAGTCTAGTACAGCGA,NK cell
L2_CATTCATCAAACTCTG,Memory CD4+ T cell
L2_TCACGCTTCAAAGACA,CD8+ Effector T cell
L1_CTGGACGGTGCTCCGA,Naive CD4+ T cell
L5_ACAGAAAGTTACACAC,Naive CD4+ T cell
L2_GTGCTTCAGTAAGAGG,Memory CD4+ T cell
L3_CTGGACGCACAGCCAC,Naive B cell
E2L4_TCCTTTCCATCGAAGG,CD14+ Monocyte
L5_TATATCCGTGTGTGTT,cDC2
L4_ATTACTCCAACAAGTA,Platelet
E2L3_AGTTAGCTCCTTCAGC,Naive CD4+ T cell
E2L8_TCGTGCTTCAAGTAAG,Memory B cell
L4_TCACACCGTGGACTGA,Memory B cell
L5_TGGAGAGAGATCACCT,Proliferating T cell
E2L7_ATACCTTGTCTTTATC,Memory CD4+ T cell
L5_TGAGGTTCAGGCAATG,CD14+ Monocyte
E2L8_GGAGGTAGTACCACGC,Memory B cell
L3_TCACTATGTGCGTCGT,Naive CD4+ T cell
L5_CTAGGTAGTTGTGGAG,Proliferating T cell
E2L8_CACTGGGTCCGGACGT,Proliferating T cell
E2L6_GTCACGGCACCAGCTG,cDC2
E2L2_ATTCTACTCAGGAACG,Platelet
E2L4_GATGCTATCGTTCATT,Treg / Activated T cell
L5_AGATAGAAGCGACATG,CD14+ Monocyte
E2L1_CACGTGGAGCTAGATA,Naive CD4+ T cell
L4_TGATTTCGTACCGGCT,CD8+ Central Memory T cell
E2L5_TGTAAGCCACTTACAG,Memory B cell
E2L2_GTGAGGAAGAATACAC,NK cell
L2_CTCTGGTTCCATTCGC,Proliferating T cell
E2L5_GTTAGACTCAGCTTCC,Memory B cell
L3_TTCGCTGTCGAACGGA,Naive CD4+ T cell
E2L8_TGTCCACAGTGAGTGC,Memory B cell
L5_GTTTGGACAGGCATTT,CD8+ Effector T cell
L1_CATTGAGAGAGCCCAA,Naive CD4+ T cell
E2L8_GAGTTTGAGAGGGCGA,Memory CD4+ T cell
E2L5_TTGGGCGAGAAGCTCG,Naive CD4+ T cell
E2L1_CTGTATTAGCCTCTTC,CD8+ Effector T cell
E2L7_CACATGACATGATGCT,Plasmacytoid Dendritic Cell
L1_TTCGATTCATGTTCGA,MAIT / Effector Memory T cell
L4_GTCCACTAGCATGCGA,Naive CD4+ T cell
L4_CTGCCATCACCACTGG,Memory CD4+ T cell
L4_GTGCAGCTCGTGGGAA,Proliferating T cell
E2L8_CCGTAGGAGTTGGAAT,CD8+ Effector T cell
L3_TGCTCCAGTGGTGATG,CD8+ Central Memory T cell
E2L2_GATTCGAAGGTCATCT,Naive CD4+ T cell
E2L3_TTCTTGAGTCTAGGTT,Naive B cell
E2L7_GATGTTGCAAGCGCAA,Proliferating T cell
L4_TCGCACTCATAGCACT,cDC2
L1_ATCGTCCGTAACTAAG,MAIT / Effector Memory T cell
E2L5_TCGTCCATCATCGCCT,CD8+ Effector T cell
L4_AGGCTGCAGTGCCCGT,HSPC
L2_CGACAGCAGACTCCGC,Memory CD4+ T cell
E2L7_CAACCTCGTACCCACG,Naive CD4+ T cell
E2L7_AGTCTCCCAGAACTCT,NK cell
L4_GTAATGCCAGAGTTGG,Memory B cell
E2L4_AAGTCGTTCTGACAGT,Proliferating T cell
L2_GCTGGGTAGGTAGATT,CD8+ Central Memory T cell
E2L2_TTCCACGGTGTTAGCT,Naive B cell
E2L7_TCGAAGTTCCAACTGA,CD16+ Monocyte
L5_GACGCTGAGAGTCAGC,Memory B cell
E2L7_TCCCACAGTTGTCTAG,Naive CD4+ T cell
E2L2_ACTGTCCGTATTGAGA,CD16+ Monocyte
E2L7_ACTTATCAGGCACGAT,Naive B cell
E2L7_GGAGGTATCCGATAAC,cDC2
E2L5_GATCACAGTTTGTTCT,Memory B cell
L5_AATCACGGTCGTACAT,Memory CD4+ T cell
E2L6_TTGTTCACAAGAAATC,Proliferating T cell
E2L3_CGAATTGCACGTAGTT,Memory CD4+ T cell
E2L7_CACGGGTAGCACCGTC,Plasmacytoid Dendritic Cell
E2L1_CTACAGAAGACGGAAA,Memory CD4+ T cell
L3_TTGTGTTGTTCGGCGT,MAIT / Effector Memory T cell
E2L4_GCAACATCATTCACCC,Memory B cell
L1_GAGTGTTCAGAGAATT,Plasmacytoid Dendritic Cell
E2L4_AGAAGCGGTACGTGTT,Naive B cell
E2L1_GTAAGTCTCCTTATCA,Memory CD4+ T cell
L4_TCCGAAAAGGAGAGGC,CD16+ Monocyte
L5_TTTCATGAGAGCCGAT,CD8+ Effector T cell
E2L7_CGATGCGCAATCCTAG,Memory CD4+ T cell
L5_GGTGAAGCACTGCATA,MAIT / Effector Memory T cell
E2L7_AACGAAACACATCATG,Memory CD4+ T cell
L1_AGGACTTAGCCGGATA,CD8+ Effector T cell
L5_GTAACACGTTCTCCTG,CD8+ Effector T cell
L2_ACGATCATCATTCGGA,Naive CD4+ T cell
L1_GACACGCGTTGCTAGT,Naive CD4+ T cell
E2L4_ACATCCCGTGCCGAAA,Treg / Activated T cell
L3_GCCAGCATCCTTATCA,MAIT / Effector Memory T cell
E2L6_TTTCCTCGTGATACAA,Naive CD4+ T cell
E2L7_GAATAGAAGTTGTCGT,Proliferating T cell
E2L3_ATGGATCGTGTTGATC,Proliferating T cell
E2L7_GTTAGTGAGTAGACCG,Naive CD4+ T cell
L2_TTCGCTGTCTTACGTT,cDC2
E2L1_AGAACCTAGCTAGATA,MAIT / Effector Memory T cell
E2L5_TTACCATAGAGAGTGA,cDC2
L2_CGCATGGTCTACTGCC,CD8+ Effector T cell
L2_AGCTCAAAGTAAACGT,NK cell
L4_TCAGTCCCATTGTACG,MAIT / Effector Memory T cell
E2L7_ATTGTTCAGACGTCGA,Naive CD4+ T cell
E2L1_ATCCCTGAGGGATGTC,Plasmacytoid Dendritic Cell
E2L2_CCCTGATAGTCATCCA,Platelet
L1_ACCCTCACAAATCAAG,Memory CD4+ T cell
E2L3_AATCACGTCTTAGCCC,Naive CD4+ T cell
E2L5_CCACACTCAGCAGTAG,Memory CD4+ T cell
E2L1_GTTCATTAGGGAGAAT,Naive CD4+ T cell
E2L4_TTGAACGCACTGTCCT,Memory CD4+ T cell
E2L2_CTGCTCACACTCCGAG,cDC2
E2L3_ATTTCACGTTCCACGG,CD8+ Effector T cell
L1_ACTCCCACAACAAGTA,Naive CD4+ T cell
L1_AGGATAACAACTCCAA,HSPC
E2L2_TGTGATGTCCATTTAC,Platelet
L1_TGGAACTAGGGTCTTT,Memory B cell
L2_ACCATTTGTCCCAAAT,cDC1
E2L2_CCACGAGGTAGCCAGA,Proliferating T cell
L2_CTCAGGGTCTCGGCTT,NK cell
L3_AGCATCAAGCTACGTT,Naive CD4+ T cell
L5_ATCACTTCAGCGATTT,Plasma cell
E2L8_CGAGTTAAGCTCCATA,Plasmacytoid Dendritic Cell
E2L7_GCAGCTGCATACCGTA,Memory B cell
L4_TCCACGTTCCCAAGTA,NK cell
L2_CAACCTCCAATAACCC,CD14+ Monocyte
L1_ATCGTAGCACGCGCAT,CD8+ Effector T cell
E2L5_CTTGATTCAGCGTACC,Proliferating T cell
L4_TCCTTCTAGCCAACCC,Platelet
L3_CGAAGTTTCTCGGTCT,Proliferating T cell
E2L8_ACAGCCGTCTACTTCA,CD8+ Effector T cell
L1_TGGGCTGCAGAAGCGT,Memory CD4+ T cell
L4_AACCTGAGTACCGTCG,Plasmacytoid Dendritic Cell
E2L4_TCTTGCGAGTCCTGTA,Memory B cell
L1_TGGAACTGTACCCGAC,CD8+ Effector T cell
E2L7_CATACCCAGATGGCAC,Memory CD4+ T cell
L2_GTCCACTGTAGCTCGC,Naive CD4+ T cell
E2L8_TCTACCGTCATACGAC,CD8+ Effector T cell
E2L5_TATCGCCAGAATTTGG,MAIT / Effector Memory T cell
L4_TCTGCCAGTAGCTGAG,CD8+ Effector T cell
E2L5_GAGAGGTCACGGCGTT,Naive CD4+ T cell
L5_CTACTATGTTGTGTAC,CD16+ Monocyte
L5_TACATTCGTGCGAACA,CD14+ Monocyte
L4_GGTTGTAAGCGAGTAC,Memory B cell
E2L8_GACTCTCCAATCTCGA,Naive CD4+ T cell
E2L6_CACTGGGCACAAAGCG,CD8+ Effector T cell
E2L6_ACCCTTGGTCTCCTGT,Proliferating T cell
L3_CTGTCGTGTTTGCAGT,Plasma cell
E2L2_GCCATGGTCTCGTTTA,CD8+ Effector T cell
E2L3_TTACCGCCAGCGGTTC,CD8+ Effector T cell
E2L4_GATTCTTCAGGGAGAG,Memory B cell
L1_GTGGCGTGTGCTTCAA,MAIT / Effector Memory T cell
L1_CGCATGGAGGCATGCA,Platelet
L5_TCCTTCTAGTAAGACT,NK cell
E2L3_TGTCCCATCCAACTGA,Plasmacytoid Dendritic Cell
E2L1_GAGCTGCTCAATCAGC,Memory B cell
L5_GCCATGGTCTCTCCGA,CD8+ Effector T cell
L2_GTGGCGTCAGGTATGG,HSPC
L5_CAGTGCGGTATCAGCT,Proliferating T cell
E2L6_ATAGAGATCACGACTA,Memory CD4+ T cell
L4_TAAGCCAAGGTCACAG,CD8+ Effector T cell
E2L3_GTCTCACAGTCGGCAA,NK cell
E2L3_CCTCTAGGTCGCATGC,Proliferating T cell
E2L3_CATAGACTCCTAAGTG,Naive CD4+ T cell
E2L6_CTCACTGTCTCGCTTG,CD8+ Effector T cell
E2L7_TTACGCCGTCCTTGTC,NK cell
L2_AGGATCTCAGAAACCG,Memory CD4+ T cell
E2L4_TCAATCTGTATCGAGG,HSPC
L2_TTAGGGTTCGAACGCC,Treg / Activated T cell
E2L8_TCGAACAGTGAAAGTT,Memory B cell
E2L4_ATTTACCAGATCCCAT,CD8+ Effector T cell
E2L6_CTTCTCTGTGACACGA,NK cell
L2_ATAGAGAAGATAGTGT,Memory CD4+ T cell
E2L7_CAACAGTGTTCTCAGA,CD14+ Monocyte
E2L8_GACACGCTCGATCCAA,Plasmacytoid Dendritic Cell
E2L5_AAGCCATTCCGCTGTT,Proliferating T cell
E2L4_TCATGCCTCACGTAGT,CD14+ Monocyte
E2L8_TAACCAGCATCGTCCT,Platelet
E2L2_AGGTAGGGTGTAAACA,Naive CD4+ T cell
L1_ATTTCACGTTGACTGT,NK cell
E2L4_AACCCAAGTAGGTACG,Memory B cell
E2L6_TCATCATAGACGGATC,Memory CD4+ T cell
E2L5_AAGTCGTTCGTAGTCA,CD8+ Effector T cell
E2L2_ACCATTTAGCCATTTG,Platelet
L3_CGACAGCAGTTACGAA,Naive CD4+ T cell
E2L6_CTATAGGAGGACGCTA,Platelet
E2L1_CAGATTGGTCAGGTAG,cDC2
L4_TATTCCACATGACGGA,cDC2
L5_AGACTCATCCCTAGGG,Proliferating T cell
L2_TGGAGGAAGCAACAAT,Naive B cell
E2L5_ACCCAAAGTTCTCGTC,Treg / Activated T cell
L1_GTGAGGACACGTCGGT,Naive CD4+ T cell
L5_CGGGTCAGTCTTGCGG,Erythroid cell
E2L4_TCTGGCTAGGCGTCCT,Memory CD4+ T cell
E2L6_TGCGATAGTCCCAAAT,Naive CD4+ T cell
E2L4_CCTTCAGAGATAGCTA,Memory CD4+ T cell
L2_CACCGTTTCGATTGGT,NK cell
E2L6_TTACGTTAGAGCCGTA,Platelet
L1_TTGGGCGTCCCTGGTT,Memory CD4+ T cell
L1_TTGCGTCCAACTTGCA,Proliferating T cell
E2L7_CCCTGATGTAGGGAGG,Memory CD4+ T cell
E2L1_CAGTGCGTCTACGCAA,CD16+ Monocyte
L4_CATTTCAAGGGATCTG,Naive CD4+ T cell
E2L6_TCCATGCTCGCCAGAC,CD8+ Effector T cell
L2_AAACCCACAGAGTCAG,Naive CD4+ T cell
E2L1_TTGCATTCATACTGAC,Memory B cell
L2_CCCATTGGTGGGTATG,Platelet
L2_CAAGCTATCGAAATCC,Naive CD4+ T cell
L1_GAGGCCTCACCTTCCA,CD14+ Monocyte
E2L3_TACCGAATCCATCGTC,Naive CD4+ T cell
E2L8_TTCCTCTTCTTGGATG,NK cell
E2L5_CTGTACCTCAATCTTC,MAIT / Effector Memory T cell
E2L7_TTTGACTAGAGGTCAC,NK cell
E2L3_GTATTTCCAGTTCACA,Plasmacytoid Dendritic Cell
E2L4_AGCGTATTCCAGTTCC,NK cell
E2L1_TTACTGTAGTTTCTTC,Naive CD4+ T cell
E2L6_TCAGGTAAGAGAGGGC,Plasma cell
L5_CATAAGCTCCCGAGGT,Naive CD4+ T cell
L1_GTCAAGTCAGACCATT,Memory CD4+ T cell
L1_TCCGGGAGTCAGATTC,CD8+ Central Memory T cell
L4_CGGGTGTTCTCATGCC,Naive CD4+ T cell
E2L7_ACTTAGGTCTCAGGCG,NK cell
E2L6_TTCTGTACATACCATG,Memory B cell
E2L3_GGGCGTTGTCCGCAGT,Memory CD4+ T cell
E2L1_TGCAGTACACTTACAG,Naive CD4+ T cell
L2_ACTATCTGTCGCAGTC,Memory CD4+ T cell
E2L8_TGTTGAGTCTACCAGA,Proliferating T cell
E2L8_TTCTTGACAAGAGCTG,Memory CD4+ T cell
E2L5_GATCGTATCAAGCCCG,CD8+ Effector T cell
E2L8_AAGCATCGTTTCGACA,Platelet
E2L2_TCTACATTCCCTCTAG,Memory CD4+ T cell
L1_TTCCAATCATTGACAC,Memory CD4+ T cell
L2_CACTTCGAGACTAAGT,Platelet
L3_AAAGGGCGTCAGACGA,HSPC
L1_ATTACCTGTGCTCTTC,Memory B cell
E2L8_CACCAAATCAGACATC,NK cell
E2L4_CAGTTAGAGTAAGACT,Naive CD4+ T cell
E2L8_GTGAGTTGTAGTGTGG,Memory B cell
L5_GCAACATTCGGTGCAC,cDC2
E2L4_GGGACTCCAGTAGTGG,Platelet
E2L7_TACTTACGTGCCGTAC,Proliferating T cell
E2L8_GTGGGAAAGGTAGTCG,Memory B cell
E2L8_CACTGGGCATCTAGAC,Memory CD4+ T cell
E2L8_GCTGCAGGTGTAAACA,Memory B cell
L4_AAGTTCGCAAGCACCC,Proliferating T cell
E2L2_TTGTTTGGTTGTTGTG,Naive CD4+ T cell
L5_CCTAAGAAGCACTAAA,Memory B cell
L5_CCGAACGCACTTCAAG,Naive CD4+ T cell
E2L2_ATCACGACAGCCATTA,NK cell
E2L1_TCACACCCACAACCGC,MAIT / Effector Memory T cell
L1_CCCTGATTCAGTCAGT,Erythroid cell
E2L8_TACTGCCCACTATCGA,NK cell
E2L3_TACGTCCGTTGTTGTG,NK cell
L1_GGGTCACTCGATTTCT,HSPC
E2L1_CGATGGCGTGTGCTTA,cDC2
E2L7_TTGGGTAGTTCATCGA,Proliferating T cell
L4_ATTGTTCTCGTAGCCG,CD8+ Central Memory T cell
E2L5_TCATGAGTCTCCGATC,CD16+ Monocyte
L4_CTTCAATAGCATGGGT,CD14+ Monocyte
E2L6_TGTTCATTCATGAGGG,Proliferating T cell
E2L2_GAGTGTTAGGTCACAG,NK cell
E2L5_TCAGTCCAGGCCATAG,Naive B cell
L2_CCCAACTCAAGTCATC,CD8+ Effector T cell
E2L7_ACACTGATCACTGATG,Naive B cell
E2L5_GAGCCTGGTTGCTCAA,Memory CD4+ T cell
L5_TTGACCCCAGTGTGCC,Memory B cell
E2L4_ACTTTGTTCCACAGGC,Memory B cell
E2L5_GGGTGAATCCAACCAA,CD8+ Effector T cell
L1_TGTAACGTCCACGAAT,Naive CD4+ T cell
L3_CATTTCAGTGCCTGAC,NK cell
E2L6_AGTACTGCAGCAGTTT,Memory CD4+ T cell
E2L2_GAGGGTAAGGCCTAAG,MAIT / Effector Memory T cell
E2L8_GGCTTGGTCACCCTTG,CD8+ Effector T cell
L5_ATTCCCGCATATACCG,CD8+ Effector T cell
L1_TGCAGATCAGTTCACA,CD8+ Effector T cell
E2L2_TATATCCTCTTCACAT,Naive CD4+ T cell
E2L6_CATGAGTTCTTGTGCC,CD8+ Effector T cell
E2L2_TACCGAAGTCAGGCAA,CD8+ Central Memory T cell
E2L4_CGAGGCTCAGTGTGCC,NK cell
E2L7_GACACGCAGTGCACCC,Memory B cell
E2L6_TTTCACACATCATTGG,CD14+ Monocyte
E2L2_CGTAAGTAGCGAACTG,Memory B cell
L1_TGTTGGAAGTCGCGAA,HSPC
E2L4_ACAAGCTGTGCCGAAA,cDC2
L5_CACAGATTCACTTGTT,Memory B cell
L4_TATCTGTTCATCCTAT,CD8+ Central Memory T cell
E2L5_ACGCACGAGTTTCAGC,Naive B cell
E2L7_GTCGTAATCACTCCGT,Memory CD4+ T cell
L4_GACTTCCTCAGTCCGG,HSPC
E2L2_AACCATGAGAGCTTTC,Proliferating T cell
E2L2_TGATTCTAGTGAGGTC,cDC2
L3_TTACAGGAGATAGCAT,Platelet
E2L5_TCATATCCAACCAATC,CD8+ Effector T cell
L2_CCTCATGGTCCACGCA,cDC1
E2L2_AACCATGGTCTAGGCC,Memory CD4+ T cell
E2L3_CGTTCTGCAATAGAGT,Naive CD4+ T cell
L3_TATTTCGAGTTGAAGT,NK cell
L5_AACCAACTCGGAAGGT,Memory CD4+ T cell
E2L2_GAGTTTGAGGAGATAG,Naive B cell
E2L6_AGAAGTAGTCGGAAAC,Naive CD4+ T cell
L4_ATGGGAGTCGGTGTTA,NK cell
E2L4_GGGCGTTAGATTGTGA,CD8+ Effector T cell
E2L8_AGACACTAGTTTAGGA,Memory CD4+ T cell
L5_TTCACCGCACAGAGCA,MAIT / Effector Memory T cell
L2_ACAAGCTGTTCAATCG,Naive CD4+ T cell
E2L2_ATCGATGCAGATACTC,Proliferating T cell
L5_TGTAACGTCAGACCTA,Naive CD4+ T cell
L2_ACTTATCAGGTTAGTA,cDC1
L2_GCATGATCACTATCCC,Naive CD4+ T cell
L1_AAGTTCGCAGGTGTTT,Memory CD4+ T cell
L5_GACGCTGTCACCTGTC,Naive CD4+ T cell
E2L8_GCCATTCGTCCCGCAA,MAIT / Effector Memory T cell
L5_GCTACAACACCGTGGT,cDC2
L3_AGCCACGAGAGTCTTC,CD8+ Effector T cell
E2L1_ATTTCTGTCCAGTACA,CD16+ Monocyte
E2L2_TCCCACAAGCTAGATA,Memory CD4+ T cell
L2_GCCATTCTCAACCGAT,CD8+ Effector T cell
E2L2_GATTTCTGTCTGTGAT,CD8+ Central Memory T cell
E2L7_TCGCACTTCACTTCTA,Plasmacytoid Dendritic Cell
E2L2_CGGCAGTTCTTCCGTG,Plasmacytoid Dendritic Cell
E2L2_GTCATCCTCGTAGAGG,cDC2
L4_GTCATCCTCATTCCTA,Naive CD4+ T cell
L4_ATCGGATTCTTGGTGA,Proliferating T cell
E2L8_TTCTAGTTCAGTCATG,CD8+ Effector T cell
E2L1_TCTGCCATCAGGTGTT,CD8+ Effector T cell
L4_CTACTATAGCCTATTG,CD8+ Central Memory T cell
E2L3_CCGTGAGCAACCAGAG,CD16+ Monocyte
E2L5_TCAGCAATCGTTAGTG,HSPC
E2L3_TTCTTGAGTTTCCCAC,CD8+ Effector T cell
E2L5_CTCCGATCAAATGGCG,Memory B cell
E2L7_CGTTGGGCAGAAGTGC,Erythroid cell
E2L4_ACCAAACGTCATCCCT,cDC2
L2_CCGAACGGTACTGCGC,MAIT / Effector Memory T cell
L1_AGACAAAGTTCCTAGA,CD8+ Central Memory T cell
E2L6_TCAGCAAGTGACTGAG,Proliferating T cell
E2L3_GTTTGGACACGCTGAC,CD8+ Effector T cell
L3_CTAAGTGAGCGACCCT,Naive CD4+ T cell
L5_TGGGATTAGCTTCTAG,CD16+ Monocyte
L5_CGGAACCCAAGTGGAC,Naive CD4+ T cell
E2L4_ACGGTCGTCGAGATAA,Platelet
L3_TACATTCTCCTTCGAC,HSPC
L2_TTTATGCAGGGCTGAT,Memory B cell
L3_GTGCTTCCACGGTAGA,HSPC
E2L7_CCCATTGAGCTACGTT,Plasmacytoid Dendritic Cell
L1_GTCTAGATCTCAGTCC,HSPC
E2L2_TCCCACAGTTGGTAGG,Proliferating T cell
L1_TAACTTCAGCTCAGAG,Memory B cell
L1_TCTATCACATTCGATG,CD8+ Central Memory T cell
E2L1_AAGTGAATCCGTGACG,NK cell
L1_AATGACCAGTTGAAAC,cDC2
L1_CCACGTTTCATTGCTT,HSPC
E2L5_CTGCAGGGTATTCTCT,Plasma cell
L2_TTCCGGTCATAATGCC,Naive CD4+ T cell
E2L7_TACGGGCGTAACATCC,Memory B cell
E2L5_ACACCAATCTTAGTTC,cDC1
E2L1_ATCGCCTAGATAGCAT,CD16+ Monocyte
E2L6_CGTCCATTCTAACGGT,Naive CD4+ T cell
E2L5_ATGCCTCAGGGATCTG,Memory B cell
E2L7_GTTGTGATCCGTACGG,Memory CD4+ T cell
L4_GATCATGAGATACGAT,CD14+ Monocyte
L3_TCGAAGTTCAGTGCGC,MAIT / Effector Memory T cell
L3_TTGGGTAAGAAATGGG,Naive CD4+ T cell
E2L5_CTTCGGTTCTGACGCG,Naive B cell
E2L2_CGGGTGTAGGGACACT,Memory CD4+ T cell
E2L6_GATCAGTTCGCCGAAC,NK cell
L1_GCGTTTCCAGCGTAGA,Platelet
L3_TACCTCGCACTCAGAT,Naive CD4+ T cell
E2L3_CCTCCAAAGGGACTGT,NK cell
E2L5_GAAGGACAGTATTAGG,CD8+ Effector T cell
L3_ATTCGTTAGTTCATCG,CD16+ Monocyte
E2L3_GAGTCTAGTGTACGCC,Plasma cell
E2L7_GACTGATCAAACACCT,Plasmacytoid Dendritic Cell
L3_CCATCACAGACATAGT,Memory B cell
L4_TCCTTTCAGCCTGTCG,MAIT / Effector Memory T cell
E2L2_GGTAGAGTCCTTTGAT,Memory B cell
E2L8_TCATCATGTAGCCCTG,CD14+ Monocyte
E2L4_ACTATGGGTCAAAGTA,CD8+ Effector T cell
E2L2_GGAATGGTCACCGCTT,Proliferating T cell
E2L7_ACGATGTCACGCACCA,Naive B cell
L4_GTAGAGGTCAACTACG,NK cell
L2_CACTAAGAGAAGAGCA,Memory CD4+ T cell
E2L3_CTGCGAGGTCCGACGT,CD8+ Effector T cell
L3_ATTGTTCCATCGCCTT,CD8+ Central Memory T cell
L1_TGCGACGAGTCTGCGC,Memory CD4+ T cell
E2L7_TGCAGGCCACCCAATA,CD14+ Monocyte
E2L2_TCGGGTGCATGCTGCG,Naive CD4+ T cell
L2_TGCGGGTCACCCTCTA,Plasmacytoid Dendritic Cell
L4_GGAGGTAAGTCCCAGC,Proliferating T cell
L3_AGTACCACAGTAGAGC,CD8+ Central Memory T cell
L3_GTCTGTCCATGTCAGT,NK cell
E2L8_GTCAGCGAGCAGATAT,Naive CD4+ T cell
L2_AAACCCAAGCCTGGAA,NK cell
E2L3_CTATCCGTCATTGCTT,Naive CD4+ T cell
E2L5_ATTATCCCAGCGTAGA,CD8+ Effector T cell
L2_GGGACAACACAAAGTA,Proliferating T cell
L3_GTCTGTCCACATCATG,CD16+ Monocyte
L3_AGGTTACAGGACAAGA,Naive CD4+ T cell
E2L1_TCCTTCTGTTCTCCCA,NK cell
L2_CCCTTAGCAACTGCCG,CD8+ Effector T cell
L5_CATACCCAGGCACGAT,CD8+ Effector T cell
L2_GAGAAATCAGTTCACA,Platelet
E2L7_GGTCACGCAGTTGAAA,Treg / Activated T cell
L2_ACGGTTAAGAAGTCAT,Proliferating T cell
E2L1_TGTCCCACAGCTGAAG,CD8+ Effector T cell
E2L8_AGTCTCCTCAACGTGT,Platelet
E2L5_ACAAGCTTCCTACCGT,CD14+ Monocyte
L1_ACCTGAAAGCATCAAA,Naive CD4+ T cell
L1_TTATTGCAGTGGATTA,CD16+ Monocyte
L2_CCACGTTGTCTACAAC,Proliferating T cell
L5_CTGCGAGCACCGCTGA,Plasmacytoid Dendritic Cell
E2L8_ACACGCGGTGGACTAG,Naive B cell
L1_CGCGTGACAGCACCCA,Naive CD4+ T cell
E2L6_ACACTGAAGAAATTCG,Naive CD4+ T cell
L1_CACCAAACATAATCGC,cDC2
L4_GATGACTCAAGTTCGT,Proliferating T cell
E2L6_TGGGCGTTCGTCCATC,MAIT / Effector Memory T cell
L2_ACATTTCAGACTACCT,CD8+ Effector T cell
E2L3_AAACGAATCATTTGCT,Proliferating T cell
L2_ATTTCACTCGTTGTTT,Memory B cell
E2L7_CATAGACAGGAACATT,NK cell
L5_TGCTCCACATCGCCTT,Naive CD4+ T cell
L2_TGCACGGTCTGCATGA,Treg / Activated T cell
L2_TTTGGAGCAATCTCGA,NK cell
E2L8_TCCAGAACAACCGTAT,Naive B cell
L1_TGCGACGCATCCGCGA,CD16+ Monocyte
L4_CGGGCATCAGCGTTTA,Plasma cell
E2L4_TACCCGTGTGATATAG,Naive CD4+ T cell
E2L4_TACCCACTCGCGGTAC,Plasmacytoid Dendritic Cell
E2L1_TAGGTACCAGTCGAGA,CD8+ Effector T cell
L1_CTACATTGTGAGATAT,Plasma cell
L2_GCAGGCTCATCAGTGT,CD8+ Effector T cell
L5_GCCGATGCACAACCGC,CD14+ Monocyte
L4_TAGACTGTCAAACGTC,MAIT / Effector Memory T cell
L3_TACCCGTAGAACGCGT,Plasma cell
L3_GTACAGTGTGCTGTCG,Naive B cell
E2L7_AAGCCATGTAACGATA,CD8+ Effector T cell
E2L3_ATCCACCCATCATCCC,NK cell
E2L1_ACGATCAAGGTTCTAC,Naive CD4+ T cell
E2L2_ACAAAGAAGTTCCGTA,cDC1
L2_TCGACCTCACAATGCT,Naive B cell
L3_TGTAAGCAGCTGCGAA,Naive CD4+ T cell
E2L6_ATCGTGAGTTGAGGAC,CD14+ Monocyte
E2L6_ATGAGTCTCTGAGGCC,Naive CD4+ T cell
L1_AAACGCTAGGTCGTCC,CD8+ Effector T cell
L5_GGTGGCTCAATTGTGC,MAIT / Effector Memory T cell
E2L1_TCGCTCATCGGACAAG,Proliferating T cell
E2L6_TGTTCATTCTACCACC,CD8+ Effector T cell
L3_ACTACGACAGAGCGTA,Memory B cell
E2L6_ATCCGTCTCGGATTAC,Memory B cell
L3_GTCATGAGTGTTCAGT,Naive CD4+ T cell
L1_TAAGCACTCATCTGTT,HSPC
E2L3_GTAGTACAGAAGAACG,Memory B cell
E2L2_AGACAAACACTCAGAT,Memory CD4+ T cell
E2L5_ACCTGAAAGGTATCTC,CD8+ Central Memory T cell
E2L8_GGGTGAATCCAGCTCT,Plasmacytoid Dendritic Cell
E2L4_TTGGATGCACTGCATA,MAIT / Effector Memory T cell
L2_AGACACTGTGTTAGCT,Plasma cell
E2L5_CCCATTGGTCGATGCC,CD8+ Effector T cell
L1_AACAAAGCATATCTGG,CD8+ Central Memory T cell
E2L3_ATCACAGTCCTGCTAC,CD14+ Monocyte
L2_TGCATCCCACGTCTCT,CD14+ Monocyte
E2L5_CACGTTCCAGCGGATA,Proliferating T cell
E2L7_AGTGTTGTCGGCTGGT,Plasmacytoid Dendritic Cell
E2L6_GTAAGTCCATGACTTG,NK cell
E2L1_TGATGGTCAAGTTCGT,Treg / Activated T cell
E2L4_TACTGCCTCCAATCCC,cDC2
E2L8_TGACGCGCATTCCTAT,CD14+ Monocyte
E2L1_CTACGGGCAAGACGAC,Memory B cell
L4_GGGAAGTTCACCGGGT,Proliferating T cell
L3_CTAACTTGTTTAAGGA,CD14+ Monocyte
E2L7_TGACCCTGTACTGACT,CD8+ Effector T cell
E2L7_GTGTTCCCATCTGCGG,cDC1
E2L1_TGAGGTTAGTTGTCAC,Memory CD4+ T cell
E2L3_ATACTTCGTCGCACGT,Naive CD4+ T cell
L4_AGAAGTAAGTGCAGGT,Plasma cell
E2L4_AGGAATATCAGGAAGC,CD16+ Monocyte
E2L2_TTTACGTGTGGACTAG,Plasmacytoid Dendritic Cell
L4_CGAAGTTCAATCCTAG,Memory B cell
L4_TCATTACTCATAGGCT,CD8+ Effector T cell
E2L3_TTTGGAGAGACGAAGA,cDC2
L2_GAGGGTATCCAGCAAT,HSPC
E2L4_AAGCGAGTCAGCATTG,NK cell
L5_TTTCACAGTCCTGGGT,Plasmacytoid Dendritic Cell
L4_GCAACCGAGTTCCAGT,HSPC
L5_GTTAGTGAGAGGCTGT,Memory CD4+ T cell
E2L6_TCACTCGCACTGCGAC,Proliferating T cell
E2L1_GATGAGGTCACTTTGT,Platelet
E2L5_CAACAACCACATACGT,Memory B cell
L2_ACTTAGGGTCAGTCTA,Memory CD4+ T cell
L2_CCGGACAAGTAGGTTA,CD16+ Monocyte
L1_ACTCTCGAGCATGCAG,Memory CD4+ T cell
L4_ACCCTCATCACCGGGT,Memory CD4+ T cell
L3_GGTAACTAGGATTCAA,CD14+ Monocyte
L4_GGACGTCCATGACCCG,Memory CD4+ T cell
E2L3_CGGAACCAGAGCGACT,MAIT / Effector Memory T cell
E2L6_TCCCACAAGACATACA,CD8+ Effector T cell
L1_TCATCCGAGTCGCGAA,CD14+ Monocyte
E2L8_CATGAGTGTTACTCAG,cDC2
L5_TCGACCTCATCACAGT,Memory CD4+ T cell
E2L8_ATCGATGTCCGACGGT,CD16+ Monocyte
L5_AAATGGATCTAGTACG,CD14+ Monocyte
E2L6_AGGAGGTGTCTAATCG,Plasmacytoid Dendritic Cell
L5_ACCCTCAAGAGGCGTT,HSPC
L4_ATCGTCCTCAGCACCG,Naive CD4+ T cell
E2L8_GTTGCTCCAGAACGCA,Memory B cell
E2L2_ACCATTTGTATTCTCT,Naive CD4+ T cell
L5_TATTCCATCTTTCTAG,cDC1
E2L6_ACTGTGAAGAGTTCGG,Plasmacytoid Dendritic Cell
E2L7_GACGTTACAGCTTTCC,Memory CD4+ T cell
E2L5_TTTGTTGGTAGGCAGT,CD8+ Effector T cell
E2L8_GATCATGAGTAAACAC,CD8+ Effector T cell
L2_TCGGATACATACCGTA,Naive CD4+ T cell
E2L8_TCATGTTAGGAGGGTG,Memory B cell
E2L1_CGTTGGGCATGGCCCA,CD8+ Effector T cell
L3_GTCAAACCAGGGAATC,Naive CD4+ T cell
L2_TATTGCTAGGTACTGG,Naive CD4+ T cell
E2L8_ACAAGCTTCTAAACGC,CD8+ Effector T cell
E2L7_ATACTTCGTCCCGTGA,Proliferating T cell
E2L8_TCGCTCAGTGTCTTAG,Naive CD4+ T cell
E2L6_ATCATTCTCTGGCCTT,CD8+ Effector T cell
E2L3_TTTACCAGTTGTGTTG,CD8+ Effector T cell
E2L7_GACCGTGAGAAGCCAC,cDC2
L2_TCCACCACAGACGGAT,cDC1
L2_TGGGAGACATCGGCCA,CD14+ Monocyte
L5_CCACCATCAATACCCA,Plasmacytoid Dendritic Cell
E2L3_TCATCCGGTTATGGTC,Plasmacytoid Dendritic Cell
L2_ATCGTCCTCTGGGAGA,Memory CD4+ T cell
L5_ACTTCGCGTGCCTTTC,Memory CD4+ T cell
E2L5_TCGAAGTCAGGATCTT,Memory CD4+ T cell
E2L5_ATTACCTAGGTTGCCC,Memory B cell
E2L8_GTACAACAGAAATTGC,Proliferating T cell
E2L8_AAGGAATTCGGAATGG,Memory B cell
L2_CGCATAATCCTGTAAG,Proliferating T cell
E2L8_TTCCTTCCAATTTCTC,Memory B cell
E2L2_TCAAGTGGTCCTGGGT,Plasma cell
E2L1_TGCATGAAGGACCCAA,CD16+ Monocyte
L5_GAACACTAGCACTGGA,cDC1
E2L4_TGCAGTATCGCGTGAC,Erythroid cell
E2L3_ACAGGGATCTGCGGAC,cDC2
L3_ATAGGCTGTACCTAAC,Treg / Activated T cell
L1_CAAGCTAAGTGCAGCA,Erythroid cell
E2L7_GGCTGTGTCGAACACT,Memory B cell
E2L8_ACTTCGCGTTAGGCTT,CD8+ Effector T cell
E2L2_CTGGACGGTTGGGATG,Memory CD4+ T cell
E2L8_CACCAAAGTGCGGTAA,Memory CD4+ T cell
E2L6_CGTGCTTGTGAATGAT,Plasma cell
E2L8_GGAAGTGGTCAGTCCG,Proliferating T cell
L3_TTCCACGTCTTCTAAC,CD8+ Central Memory T cell
L4_GTTAGACGTATTTCCT,HSPC
E2L6_GTGCACGGTATGGAGC,CD8+ Central Memory T cell
L1_AGAAGCGAGATTAGTG,Memory B cell
E2L1_TGTGTGAGTCGTGTTA,Naive CD4+ T cell
L4_TCACATTAGTTTCAGC,cDC2
E2L1_GACCGTGGTAAGATCA,cDC2
E2L7_GCATGATCACTACAGT,cDC2
E2L8_CTGAGGCTCAGGTAAA,Proliferating T cell
E2L5_GTGCGTGGTTCGGCTG,CD14+ Monocyte
E2L7_TTTAGTCTCTCCATAT,CD8+ Central Memory T cell
L2_CCTTGTGGTTCATCGA,HSPC
E2L6_ACAAAGAAGAAGAGCA,CD8+ Central Memory T cell
L5_CTGCCTAGTGTTTACG,Plasma cell
E2L6_AAAGGATCACAAGTTC,CD8+ Central Memory T cell
E2L1_CCCTGATGTCAGGAGT,Memory CD4+ T cell
E2L7_GGTTGTACAACAAGAT,Plasmacytoid Dendritic Cell
E2L7_CCGGGTATCCTTCTGG,CD14+ Monocyte
E2L6_AGCGATTAGTGATTCC,Memory B cell
L5_GCAGTTATCCGGACTG,CD16+ Monocyte
L5_CCTCTCCAGCTTCGTA,NK cell
E2L5_AGAAGCGCAATGTGGG,MAIT / Effector Memory T cell
E2L3_TCTCAGCCAGCTGAGA,Proliferating T cell
E2L2_CGTCCATTCTGAGATC,CD14+ Monocyte
E2L1_GAATCGTGTTGTACGT,Plasma cell
E2L3_GAATCGTCAGAAACCG,Proliferating T cell
L5_GTTGTAGCACCCTTAC,Plasmacytoid Dendritic Cell
E2L8_AGTAACCTCGCTGTCT,Memory B cell
L1_CACGGGTGTATCTCGA,HSPC
L2_GCCAACGGTGGCTCTG,NK cell
E2L2_GTAGATCCACTTGACA,CD16+ Monocyte
L2_GGGTGAAAGGTTTGAA,Proliferating T cell
L1_GTAAGTCCAAGTGCAG,cDC2
L1_GGTAACTAGGATGTTA,CD8+ Effector T cell
E2L5_TTGAGTGCAATTGCCA,Naive B cell
E2L6_GAAGCGACACCGTCGA,Memory B cell
L1_CGTTCTGAGGCAGGTT,Proliferating T cell
L2_GAGAAATTCTCTATGT,Memory B cell
L4_GAAACCTTCCATGATG,CD8+ Effector T cell
L1_AAGCATCTCGCGTGAC,CD8+ Effector T cell
E2L7_CTGCATCCACAAGGTG,Naive CD4+ T cell
E2L6_CTATAGGTCCTACAAG,NK cell
E2L2_GGAATCTGTCCGAAAG,CD14+ Monocyte
L1_TTAGGCATCAGCCTCT,Memory CD4+ T cell
L2_CATTTCATCCAACCGG,Naive CD4+ T cell
E2L7_CGGGTCATCTCAAAGC,NK cell
E2L6_GTGGAAGCACTCACTC,Memory CD4+ T cell
L2_TTCGATTCAATCGTCA,NK cell
E2L1_TCTTTGATCGTGGGTC,cDC1
L3_CTCCAACCACCGCTGA,Naive CD4+ T cell
L3_AGCGCCAGTGCTGCAC,Proliferating T cell
E2L7_GGGTGAATCTTCCAGC,Proliferating T cell
E2L1_AACTTCTAGACTCTAC,CD16+ Monocyte
E2L4_GCTACCTTCCAAGCAT,NK cell
E2L3_AGTAGCTTCACGGAGA,NK cell
E2L6_CGTGATACAGGTTCCG,cDC2
L4_CGATGCGAGTGGTTGG,Memory B cell
L1_GACTATGGTGGTTTGT,Treg / Activated T cell
E2L2_CATGAGTCACAAAGTA,Memory B cell
L5_CTATCCGTCCTTGAAG,Naive CD4+ T cell
E2L3_CTCAATTCATAGGCGA,Naive CD4+ T cell
E2L4_AGCGATTAGATTGCGG,CD8+ Central Memory T cell
L2_CCGATCTCACGAGGAT,Memory CD4+ T cell
E2L3_GCGTGCAAGCGGGTAT,Platelet
L4_ACCTACCTCCGGCAGT,Naive CD4+ T cell
L3_AGCATCACAACCCTAA,Naive CD4+ T cell
E2L7_GCCGTGAGTTTGGGTT,Proliferating T cell
L4_AACGTCAAGTATGAAC,CD8+ Central Memory T cell
E2L6_AGCCAATCAGAAGCGT,Memory B cell
E2L5_TCTTTGAAGGTTCCAT,cDC1
L3_AGTCACACACCAGCTG,NK cell
L1_ACGGTTAGTCAGTCGC,Plasma cell
L2_CACACAATCCTACACC,CD8+ Central Memory T cell
E2L1_AGGGCTCTCAACCTCC,Naive CD4+ T cell
E2L1_CCCGAAGGTATTAAGG,Naive B cell
L5_CCACAAACAGCCATTA,CD8+ Effector T cell
L1_ATCACTTGTTGAATCC,Memory CD4+ T cell
E2L3_TGCAGTAGTGTTTCTT,Naive B cell
E2L6_TCAGGGCCAACAAGAT,Plasma cell
E2L3_AGCCAATGTATGAGCG,Platelet
E2L8_CATGCAATCGAGTACT,Plasmacytoid Dendritic Cell
E2L8_TTCCTAACAGTCGCAC,Memory CD4+ T cell
L4_GGGCGTTGTTACGATC,CD14+ Monocyte
L5_GTCGAATGTGCCTTCT,HSPC
L3_GAAACCTGTTACAGCT,Naive CD4+ T cell
E2L2_AGGATAATCGACCACG,CD14+ Monocyte
E2L3_GCTACAATCCCGAACG,Plasma cell
L5_ATGTCCCGTTGCTGAT,Proliferating T cell
L2_ACGTTCCCAGGTCCGT,Plasmacytoid Dendritic Cell
L1_ACCCTCACAAGAGTGC,Memory CD4+ T cell
E2L3_AGATGCTAGTGCACAG,CD8+ Effector T cell
E2L8_GTTGTAGAGCGCATCC,CD14+ Monocyte
E2L8_GTGATGTGTCTAATCG,Proliferating T cell
L1_ACTTTGTCAAGCACAG,CD8+ Central Memory T cell
E2L2_GGTCTGGCATAATCGC,Naive CD4+ T cell
E2L8_TTCCTCTGTCCATCTC,Memory CD4+ T cell
L5_AGGGTGAAGTTGCTCA,MAIT / Effector Memory T cell
E2L1_ACAAAGACAGAACTAA,Memory CD4+ T cell
E2L3_TCCCACAGTGGCCCAT,Memory CD4+ T cell
E2L6_GAATCACAGGGCGAAG,cDC2
E2L6_CCTCCAATCCCATACC,NK cell
L2_TAACCAGAGCCTTTCC,Proliferating T cell
E2L1_CCAAGCGGTTTCCCAC,Proliferating T cell
E2L4_GTGATGTCAATGACCT,Proliferating T cell
L3_AATGGAAAGTGGTCAG,Erythroid cell
E2L7_CACTGGGCAGCGGTTC,Naive CD4+ T cell
L1_TGGAACTTCACGATCA,cDC1
L2_TTGACCCGTCTTGAGT,Naive CD4+ T cell
E2L3_GTGCTGGGTATGGAAT,Plasmacytoid Dendritic Cell
E2L1_ATAGACCTCGCCGAGT,NK cell
E2L8_GCGGAAACATGTGGTT,Memory B cell
E2L5_TCCTCTTAGGGCAGAG,CD8+ Central Memory T cell
E2L8_GGCAGTCAGAGGTATT,Memory B cell
L1_ACCATTTAGCCTTTCC,MAIT / Effector Memory T cell
E2L2_CCTAAGAGTACCCACG,Memory B cell
L3_ACGTCCTCATCCGTGG,Proliferating T cell
E2L2_CTTCCGATCGATTGAC,Naive CD4+ T cell
E2L5_CTCCATGTCCTCACCA,Memory CD4+ T cell
L1_GGTGTCGTCTCGGTAA,Naive CD4+ T cell
L5_GTGTCCTCAATAGTGA,Naive CD4+ T cell
L5_CCTCAGTCATCCTAAG,CD8+ Effector T cell
L1_TTCACCGTCAGCGCGT,Naive CD4+ T cell
E2L3_ATCGGCGTCACTTTGT,Naive CD4+ T cell
L5_GAGGCAAAGGTACATA,HSPC
L2_TTCACCGGTGCGGATA,CD8+ Effector T cell
E2L7_GGATCTAAGATTGGGC,cDC2
L5_AGTAGTCTCATAAGGA,Memory CD4+ T cell
E2L3_AGACCATCAAGCCCAC,NK cell
L5_AATTTCCAGGCCTTGC,Memory B cell
E2L8_CCATCACAGGCGACAT,cDC2
E2L6_GAATCGTCACTCCGGA,Plasmacytoid Dendritic Cell
E2L1_TACTTACGTGTTTCTT,CD8+ Effector T cell
E2L8_CTGATCCAGTCATGAA,Proliferating T cell
L1_TGGGAAGTCATGCTAG,Plasmacytoid Dendritic Cell
E2L2_CTCAACCAGATGTTAG,cDC2
E2L7_GAGTTTGTCGCCAACG,Memory CD4+ T cell
E2L4_GGGATGATCCGTCACT,MAIT / Effector Memory T cell
L5_GGTAACTGTGTATTCG,cDC2
E2L2_AGAAGCGGTTAAGAAC,Naive CD4+ T cell
E2L5_CTCATCGCACTTCAAG,Naive CD4+ T cell
E2L3_TTCATTGAGTTACGAA,Memory CD4+ T cell
E2L1_CCTCATGAGACGACGT,Plasmacytoid Dendritic Cell
E2L2_TCAGCCTTCTTGCAGA,Memory B cell
E2L8_TGCATGAAGAGCAGCT,CD8+ Effector T cell
L1_AGATGAACAGTTACCA,Naive CD4+ T cell
E2L7_CTTGATTTCTTTGATC,CD8+ Effector T cell
L4_GTGCTTCTCAGGAAAT,Naive B cell
L4_ATTCCTATCAGTAGGG,Proliferating T cell
L5_TGGATCAAGAGGCGGA,CD16+ Monocyte
L5_GTCTAGAAGCAATTCC,CD8+ Effector T cell
L1_CTCAACCTCCAAATGC,Naive CD4+ T cell
E2L8_CTCATTATCGGAATTC,Memory B cell
E2L7_GAATCGTTCTGTCGTC,Plasmacytoid Dendritic Cell
L4_CCTCATGAGCGTCAAG,NK cell
L2_TTCAATCAGCACTTTG,CD8+ Central Memory T cell
L5_CTGCTCAAGGCGATAC,Proliferating T cell
E2L8_CGTTGGGTCCGCCTAT,Naive CD4+ T cell
E2L1_GCTGCAGTCCTACCGT,Memory B cell
L2_CATAAGCGTATACCCA,Memory CD4+ T cell
L4_CCACTTGGTTGTACGT,MAIT / Effector Memory T cell
E2L1_GAGAAATAGTCAATCC,Memory CD4+ T cell
E2L3_CCAAGCGCACCCTAAA,Treg / Activated T cell
E2L8_CCTATCGCAGAACATA,Memory B cell
E2L2_CGCAGGTGTACTGAGG,cDC1
E2L4_TTTCACAGTGTATTGC,NK cell
L2_CAACCTCGTGGCAGAT,Naive CD4+ T cell
L3_GCGGATCTCGGATAAA,CD8+ Effector T cell
E2L2_GGTAACTCATCATCTT,Naive B cell
L2_ACGTCCTGTAATGTGA,MAIT / Effector Memory T cell
L2_TTTAGTCAGGCGAAGG,Naive CD4+ T cell
L3_AGTTCGACAGGGAATC,CD8+ Effector T cell
L1_GGAGGTACACCCAAGC,Plasma cell
E2L8_TACAGGTAGGATGTTA,Plasmacytoid Dendritic Cell
L4_CTCAGAATCGTTCGCT,Proliferating T cell
L3_ACATGCACAAGTGGCA,Memory CD4+ T cell
L4_CGGGTGTAGAGTGGCT,cDC2
L5_ACATCCCTCCTTCGAC,Naive CD4+ T cell
E2L5_CGAATTGAGGATTACA,Plasma cell
E2L2_GTGCTGGAGTACAGAT,CD8+ Effector T cell
L3_TTACAGGTCGTTCATT,CD8+ Central Memory T cell
L4_ATGAAAGGTGTTTACG,CD8+ Central Memory T cell
E2L5_TACCTGCAGTCTCCTC,CD8+ Central Memory T cell
L1_TTTGACTTCGATTGGT,Plasmacytoid Dendritic Cell
E2L2_CACACAATCTTTGCGC,Naive B cell
E2L2_GTTACGATCGTAGGAG,MAIT / Effector Memory T cell
L2_GGTTAACGTCTTCGAA,Memory B cell
E2L1_CCATAAGCACTGAGTT,Platelet
L1_TTGCCTGGTTGGCTAT,HSPC
L3_TCCTCTTGTAGTTAGA,Naive CD4+ T cell
L3_TGATCTTGTTAGTTCG,Naive B cell
E2L6_GACCCAGTCTGCTGAA,Naive CD4+ T cell
L4_AAGCATCGTAACTGCT,Plasmacytoid Dendritic Cell
E2L6_ACTATCTAGACTTAAG,CD8+ Effector T cell
L1_ACACTGAAGTCCCAAT,Naive CD4+ T cell
E2L3_GCAACCGCATCGATAC,Proliferating T cell
L2_AACAAAGGTGATTAGA,Treg / Activated T cell
L5_ATTCATCAGAGCCCAA,HSPC
L4_CTCAGAAAGTCGGCCT,Naive CD4+ T cell
L2_ATAGAGAGTGCCCTTT,Naive CD4+ T cell
E2L3_AGACAAACATTCCTCG,NK cell
L1_TGATCAGAGTAAACAC,cDC2
E2L6_TCTACCGAGAAGGCTC,Memory CD4+ T cell
L1_GCAGCTGGTAGTGGCA,Erythroid cell
E2L1_GACAGCCGTGATGAAT,MAIT / Effector Memory T cell
L1_CGTCCATGTTCCTAAG,Naive CD4+ T cell
E2L7_TCGTAGAAGATCCGAG,Memory CD4+ T cell
L4_GTTGTGAGTTCGTAAC,cDC1
E2L7_TTGCATTGTTTCCCAC,CD8+ Central Memory T cell
L2_TGCGGGTAGCAACAAT,CD8+ Effector T cell
E2L3_GAGTGTTAGAAGTCTA,Naive CD4+ T cell
E2L6_CCTAAGAGTTCCCACT,CD14+ Monocyte
L2_CGCGTGAGTGGTCCCA,CD8+ Effector T cell
E2L7_GATGACTAGGTAAACT,CD14+ Monocyte
L1_GAAACCTTCTACTGAG,CD8+ Central Memory T cell
E2L7_CTCAGGGCATACAGGG,Naive CD4+ T cell
E2L8_GACTATGAGCGTTCAT,cDC1
E2L8_ACGTACAAGTGGTCAG,Naive B cell
E2L3_TCAAGACAGCAAATGT,CD8+ Central Memory T cell
L3_GCGTGCACAAGACAAT,CD14+ Monocyte
E2L1_TCTTAGTAGGACAGTC,MAIT / Effector Memory T cell
E2L8_CCTATCGAGTCGAGGT,Proliferating T cell
L4_ATCCATTTCCCTATTA,Naive CD4+ T cell
E2L8_GGCTTGGTCAAGTAAG,Treg / Activated T cell
L2_TTGGGATCACAATTCG,CD8+ Central Memory T cell
E2L6_ACTGCAATCATACGAC,Memory B cell
E2L8_GTGTGATGTTGCGGCT,Plasmacytoid Dendritic Cell
E2L6_AGCGCTGGTGACACAG,Memory CD4+ T cell
L2_CGAAGGAGTCGCATGC,NK cell
L5_TAATTCCAGTCATCGT,Memory B cell
E2L1_TATATCCAGCTAATCC,CD8+ Effector T cell
L1_CGCATAACAGAGTCAG,HSPC
E2L2_TGTGCGGGTTCCCACT,CD8+ Effector T cell
E2L6_TCATTACAGTAATACG,Naive CD4+ T cell
L4_TACCGAAAGGCATCGA,Memory CD4+ T cell
E2L4_TCCTCCCAGCGTTAGG,Platelet
L3_CGTAAGTCAATAGTGA,HSPC
L1_CACTGTCAGCTCCACG,Memory B cell
E2L3_TCCTAATAGACTGTTC,Memory CD4+ T cell
L2_TTCATTGTCTAGCAAC,CD8+ Effector T cell
L4_TTGTTGTCAGGATCTT,Plasmacytoid Dendritic Cell
E2L5_CACAGATGTCTACACA,Plasma cell
L2_TGCAGTAGTTTGACAC,HSPC
E2L1_TGTCCCAGTTGCGGCT,CD8+ Effector T cell
L3_GATGCTACAAGCGAAC,CD8+ Effector T cell
L2_ACCTGAAGTGCAACGA,Plasmacytoid Dendritic Cell
L2_ATTCGTTGTAGCTTAC,Naive CD4+ T cell
L3_TTCCGTGAGGAGCTGT,Memory CD4+ T cell
L4_GCACTAACAGTTGAAA,Plasma cell
L1_AGCCAGCTCATCGACA,Platelet
E2L7_GCAGGCTAGGAGGGTG,Plasmacytoid Dendritic Cell
E2L1_GAAACCTGTGCCGAAA,CD14+ Monocyte
L4_AGCGCTGAGGAGAATG,Naive CD4+ T cell
E2L4_TACTTACAGTGGTTAA,cDC2
E2L4_GAACGTTCAGACCAGA,Naive CD4+ T cell
E2L7_ATCTTCAAGCAGCCCT,CD14+ Monocyte
L3_TCACAAGAGTCACTCA,NK cell
E2L1_CTCCACACATGGCGCT,Naive CD4+ T cell
E2L4_GCTACAAAGCAGCCCT,Plasmacytoid Dendritic Cell
L4_ACGGTTACACTAGTAC,CD14+ Monocyte
L4_TTTAGTCAGGGATCTG,Naive CD4+ T cell
L3_GCCTGTTGTCACCGAC,Memory CD4+ T cell
L2_TTCTAGTAGAGTAACT,HSPC
L5_CCTCATGCAGATCATC,HSPC
E2L3_ATGAGTCTCTCCCTAG,Proliferating T cell
E2L4_AAAGGATTCGTGGGAA,Naive B cell
L3_CTGAGGCTCCATAGAC,CD8+ Effector T cell
L2_TCTAACTAGTGGTGAC,NK cell
E2L3_GAAGGACTCCGAAGGA,CD14+ Monocyte
E2L5_TGCGACGCACGAAAGC,CD8+ Effector T cell
L5_GGAGCAAGTGTAGTGG,Naive CD4+ T cell
L2_AAGGTAAAGAGCAAGA,MAIT / Effector Memory T cell
E2L3_TGTAGACCAAACTAAG,Platelet
L2_TCACGGGTCACACCCT,Naive CD4+ T cell
L1_GCATCGGCATGGGTCC,Memory CD4+ T cell
E2L5_CTCATTATCTTTACAC,Platelet
E2L6_AGAACAAGTCGCCACA,HSPC
E2L4_AGTTCCCAGGTTAGTA,NK cell
L4_CTGAGCGTCAGACAAA,CD16+ Monocyte
L3_AACGGGATCGTTAGAC,CD16+ Monocyte
L2_TTGACCCTCCGACATA,Plasma cell
E2L1_GATTCGAGTGACACGA,NK cell
E2L4_GAACTGTTCCGACATA,Proliferating T cell
E2L1_CATCCCAGTCGAGATG,Plasmacytoid Dendritic Cell
E2L5_CTCCGATCAGTAGAAT,Naive CD4+ T cell
L5_CTAACTTAGCTAAACA,Proliferating T cell
L5_GAACACTCACATTACG,cDC2
E2L2_GTAAGTCAGCCTTCTC,CD8+ Effector T cell
E2L6_CCACCATAGTTTGAGA,Memory B cell
L2_CCTTTGGTCTGGACCG,Erythroid cell
L3_ACGCACGTCTTTCGAT,Platelet
L4_AGATCCAAGCATAGGC,NK cell
L5_CTCTGGTCACACTTAG,CD8+ Effector T cell
L3_CATCAAGAGCGGATCA,Naive CD4+ T cell
L4_TACGTCCAGGTGGGTT,Naive CD4+ T cell
E2L6_CTCCCTCGTGCACATT,CD8+ Effector T cell
E2L2_AGATGAATCGTGCACG,Memory B cell
E2L4_ATTCATCTCCGTCAAA,Naive CD4+ T cell
L3_GACGTTAGTTCAAACC,HSPC
E2L4_GTAGTACAGTATGAGT,Proliferating T cell
E2L8_TGGAGAGAGACTAAGT,CD8+ Effector T cell
L5_TTGCATTGTCGTCTCT,cDC2
L1_CTGCCATCAGAGCTAG,HSPC
E2L2_TTCTAGTTCAACTTTC,Proliferating T cell
E2L1_TTGTTCAAGGTAGATT,cDC1
L4_GTCACTCCATCTCATT,cDC2
L4_TAAGTCGAGAGCATTA,MAIT / Effector Memory T cell
E2L8_TGCACGGTCCACCTGT,CD8+ Central Memory T cell
E2L8_CTGGTCTTCACCTCGT,Plasmacytoid Dendritic Cell
L1_TCCTCCCTCAGTGTTG,Naive CD4+ T cell
E2L2_ATCGTCCTCCAGCTCT,CD8+ Effector T cell
E2L3_CAGATCACAGATCATC,CD14+ Monocyte
E2L8_GAGAGGTAGTAGAATC,CD8+ Central Memory T cell
E2L6_GTCACGGTCCTTGAAG,Erythroid cell
E2L1_CGTTAGATCTAGGCCG,Treg / Activated T cell
E2L7_ATCCCTGGTGCGGATA,Proliferating T cell
E2L8_GATCACATCTAGGAAA,Memory B cell
E2L6_TAGGAGGAGATGTAGT,Naive B cell
L4_TTTAGTCCACTATCGA,MAIT / Effector Memory T cell
E2L1_TACCTCGGTTGGCCTG,Platelet
L5_AGTCACATCCGTATAG,Platelet
L4_TCGGATAAGGGCGAGA,CD16+ Monocyte
E2L6_AGGGTGAAGAGCACTG,Naive CD4+ T cell
E2L6_AGCGATTGTATGATCC,Naive B cell
E2L6_CCACGAGAGAATCGCG,Platelet
E2L5_ATTTACCTCCCTGTTG,Memory CD4+ T cell
L4_CTGCTCAAGATAGTGT,CD8+ Effector T cell
E2L6_CTAGACACAGGCGTTC,NK cell
L4_GAGAAATGTTAGGACG,Memory CD4+ T cell
E2L4_GGCAGTCCATGAAGGC,CD14+ Monocyte
L5_ATCTTCATCTCATTGT,Naive CD4+ T cell
L4_GGGCTACAGACCAGAC,Plasmacytoid Dendritic Cell
L3_CGGGCATCACAATGCT,Naive CD4+ T cell
E2L5_ACGTCCTTCAACGTGT,Plasmacytoid Dendritic Cell
L1_AGTACCAGTCCGGACT,CD8+ Effector T cell
L3_GTGTAACCATAGATCC,Proliferating T cell
E2L5_TCGGGACCATGCCGAC,Plasmacytoid Dendritic Cell
L2_TTGCTGCAGAGCGACT,Naive CD4+ T cell
E2L7_TGCCGAGAGTGAATAC,Naive B cell
L2_TTTACGTGTTCCTAGA,Plasma cell
L5_CATACTTGTAGGATAT,Naive CD4+ T cell
E2L8_TAGGTTGGTTCAGGTT,NK cell
L1_GCATCGGGTAACTTCG,Plasma cell
L4_TGGATGTTCTCAACGA,Erythroid cell
E2L2_GGGACCTGTAGACAGC,Plasma cell
L2_CTCAATTTCAACGAGG,Naive CD4+ T cell
E2L2_GAGTCATTCTCGACGG,Memory CD4+ T cell
L5_AACCACACAAGATCCT,Naive CD4+ T cell
L5_CTATAGGAGATAGCAT,Memory CD4+ T cell
L5_CCATAAGCACGACTAT,Naive CD4+ T cell
E2L7_TTATTGCAGAGGCGTT,Proliferating T cell
E2L6_GTAGTACTCATTACGG,Proliferating T cell
E2L4_CTCTGGTAGGACGCAT,CD16+ Monocyte
L2_GGGAGATCAGTCTACA,HSPC
L2_GACCGTGAGCGTGTTT,Treg / Activated T cell
E2L2_GTGAGGAGTGCTCTCT,Memory CD4+ T cell
E2L2_CGTGCTTAGATGCAGC,Memory CD4+ T cell
L5_AAACCCAAGGATGGCT,Plasma cell
L5_TCTTAGTCATACGCAT,Plasma cell
E2L4_ATCCATTCATGGTACT,Proliferating T cell
L2_AATGGAATCGTCGCTT,Memory CD4+ T cell
E2L6_AGTCACACACAGAAGC,CD14+ Monocyte
E2L1_TTGGGATTCGCTCTCA,Platelet
E2L7_AACGAAAAGTGCCTCG,Memory CD4+ T cell
E2L7_ACGGTTAGTCTACGAT,CD16+ Monocyte
L4_GCCAACGGTAAGCGGT,NK cell
L5_ACTGATGTCGTGTTCC,Proliferating T cell
E2L7_CGTGCTTCAAATGGTA,Memory B cell
E2L4_TGAGCGCTCGCCACTT,NK cell
E2L5_TACGTCCAGAGTTGTA,cDC2
L2_TCCTTTCCATCTCATT,Proliferating T cell
E2L8_GAGTCATCAACTCATG,CD8+ Effector T cell
L4_GAACTGTCAAATACAG,cDC1
E2L8_TCGTGGGCACAAGGTG,Memory CD4+ T cell
L4_TCATTGTAGGTCGTCC,Naive B cell
L4_TTCCGGTTCATCGGGC,Proliferating T cell
E2L3_CACGTTCCATCACCAA,CD16+ Monocyte
L2_TGCTCCAGTGCGTTTA,Naive CD4+ T cell
L2_CGTAGTATCCATTGGA,Naive CD4+ T cell
L3_GTAGATCGTTTCGTGA,CD8+ Effector T cell
L1_CGTTGGGGTCATTCCC,Plasmacytoid Dendritic Cell
E2L7_GACTTCCCATGGCTGC,Memory CD4+ T cell
L5_CATCGTCCATGGGCAA,NK cell
E2L7_ATCGTGAGTGAATGTA,HSPC
E2L7_AGGGTGACAAAGACGC,Memory CD4+ T cell
L5_ATGAGGGTCACTGGTA,Naive CD4+ T cell
E2L5_CAACCAACACATACTG,Plasma cell
L3_GAAGAATAGAGCCGTA,Naive CD4+ T cell
L5_CATTGCCTCTGCGATA,Naive CD4+ T cell
E2L7_GAAGAATGTGGCCTCA,cDC1
E2L4_GGTAGAGGTTGCATCA,Memory CD4+ T cell
E2L8_CTTCTCTCATCCGAAT,Proliferating T cell
L5_GTTCCGTCAGCGTATT,Erythroid cell
L4_TCATTTGAGCGAAACC,MAIT / Effector Memory T cell
E2L1_GTCACTCGTGTTAAAG,Plasmacytoid Dendritic Cell
L4_ATGGATCCATAAGATG,cDC2
E2L7_CATTGAGAGGCACAAC,CD14+ Monocyte
L4_CATTCTAGTCCCAAAT,Plasmacytoid Dendritic Cell
L3_GGTTGTAAGTGTCATC,CD16+ Monocyte
L5_CACGAATAGGATTCAA,HSPC
E2L6_AGGGCCTCACACCTAA,NK cell
L3_ATTATCCTCTACACTT,Memory CD4+ T cell
E2L5_CCCGAAGAGCCTGTGC,Memory B cell
E2L7_CATACTTCATCTCAAG,Naive CD4+ T cell
E2L7_GGTGAAGAGCATGGGT,Naive CD4+ T cell
E2L3_TCATTGTCAGAGTGAC,CD8+ Effector T cell
L4_GATGACTTCGGACGTC,Memory CD4+ T cell
E2L6_CATACAGAGCTGTTCA,Memory B cell
E2L2_TCCAGAACAGCGGTTC,Naive CD4+ T cell
E2L7_CTGAGGCTCCATTCAT,HSPC
L2_TATCAGGTCGTCCTTG,cDC2
E2L2_ACGTAACTCAAAGACA,Plasma cell
L2_ACACCAAGTTATAGAG,Memory CD4+ T cell
L3_GACCCTTGTCGGTACC,NK cell
L4_AGCCAATGTACAGAAT,Treg / Activated T cell
E2L1_CAGGGCTCATAGGTTC,Proliferating T cell
E2L7_GTGAGCCTCCCGGTAG,Naive B cell
E2L4_AGCCAGCCAAGTGGAC,Plasma cell
E2L5_CATGCGGAGTCGCCAC,NK cell
L5_TGAGCATAGTCCCAAT,NK cell
E2L2_TTGACCCCACGGCTAC,Plasma cell
L5_ATTATCCTCAACTCTT,MAIT / Effector Memory T cell
E2L4_CTCCACACATGGCTGC,Memory B cell
L5_TATTTCGAGCGGTAAC,Naive CD4+ T cell
E2L7_GTTTACTCATTGAAGA,cDC2
L4_TTTCCTCCACAGTCAT,CD16+ Monocyte
L4_CATAGACTCTCTTGCG,Erythroid cell
L4_AGCATCACAAATTGCC,Naive CD4+ T cell
E2L3_ACAAAGAGTCGTGATT,MAIT / Effector Memory T cell
L4_GCCGATGTCAACCGAT,cDC2
E2L7_CCTCTCCGTTACGTAC,Memory CD4+ T cell
E2L6_AGGGTCCGTACTGTTG,Memory B cell
L5_ATTCAGGTCGCAGAGA,Naive CD4+ T cell
E2L6_TGCGGGTGTAAGGTCG,Naive B cell
L1_TCCTTCTCAGTCTGGC,Naive CD4+ T cell
E2L5_TTACAGGGTCACTACA,Naive CD4+ T cell
E2L3_CGCCAGACAGGACGAT,Treg / Activated T cell
E2L7_GCGTTTCGTGGCTTAT,Platelet
L4_CAACAACTCCTGGGAC,Naive CD4+ T cell
L2_AAGAACATCCGAGCTG,HSPC
L3_ACGCACGAGTAGCATA,Naive CD4+ T cell
E2L3_TGCATCCTCGTCAAAC,CD14+ Monocyte
E2L1_CCTACGTTCCATTTGT,Memory B cell
L2_ATCATTCCACGGTGAA,MAIT / Effector Memory T cell
L2_ATTTCACGTCACCGAC,NK cell
E2L4_CATAAGCCAACACTAC,Plasmacytoid Dendritic Cell
E2L1_TTTACGTCAGAGGGTT,NK cell
E2L1_GCTGAATAGGCATGGT,Plasmacytoid Dendritic Cell
E2L1_CCTAAGATCTAGACAC,CD8+ Effector T cell
E2L1_CACTTCGCAAATAGCA,CD8+ Effector T cell
L5_GCTTTCGCATTGAGCT,Naive CD4+ T cell
E2L1_CACAACATCTCGTGAA,Platelet
L4_GGAGATGAGATGTTCC,Platelet
L2_CCCAACTTCTATGTGG,MAIT / Effector Memory T cell
L5_AGGGAGTAGAAACTGT,Naive CD4+ T cell
E2L3_TCATACTGTTTACGAC,CD8+ Effector T cell
L5_TGATTTCTCAACTTTC,CD8+ Central Memory T cell
E2L6_TCTTGCGGTCCGGTCA,Naive B cell
E2L5_GGGTCTGCATCCGGTG,NK cell
L2_TTTCCTCCAAGTGCAG,Naive CD4+ T cell
E2L3_CCTCATGAGCCTGGAA,NK cell
L3_TGCGGCATCCGATCGG,Naive B cell
E2L1_AGGTTGTGTTCGGTTA,Treg / Activated T cell
L2_TATCCTAAGACAAGCC,Plasma cell
L4_TCCACCAGTGACCGTC,Memory CD4+ T cell
E2L2_TTCAGGATCACTGATG,Memory B cell
E2L6_GCCAGCAAGTAACCTC,Memory B cell
L1_CGGAACCTCCGTGGGT,Plasma cell
L4_TTTGGAGAGTTGCCTA,MAIT / Effector Memory T cell
E2L4_GTCTTTAAGACCAAGC,CD8+ Effector T cell
L5_TATCTTGAGAGTTCGG,Plasmacytoid Dendritic Cell
E2L4_GTCATCCAGTTTCTTC,Memory B cell
E2L5_AGAAGCGTCATTTGCT,NK cell
L4_TTAGTCTAGACATGCG,Naive CD4+ T cell
L5_TCACTATCAGTGCCTG,CD8+ Effector T cell
L5_TGCAGATTCACTTCTA,Naive CD4+ T cell
E2L5_TGCAGTAAGGGCTAAC,CD8+ Effector T cell
L5_CGTAGTAAGTAGGCCA,Naive CD4+ T cell
E2L8_TTGGATGCAACCGATT,CD16+ Monocyte
E2L6_TTCCAATAGCAGCACA,CD14+ Monocyte
L3_TTCGGTCTCTCGCGTT,Proliferating T cell
E2L5_GTTGCTCGTGACTGAG,Platelet
E2L2_GCATGATAGGTGCATG,CD8+ Effector T cell
L5_CATGCGGTCATCTCTA,Naive B cell
L1_TTACTGTCATCCGGCA,Memory B cell
L4_AAGGTAACAGCTATTG,CD8+ Effector T cell
E2L8_AGTAGTCCACTCAGAT,cDC2
E2L4_AAGCATCAGTAGCATA,NK cell
L5_CTGATCCGTAGTTAGA,Memory CD4+ T cell
E2L7_TGAATCGCACTGGCCA,NK cell
E2L4_CAATGACGTAATGATG,cDC2
E2L6_TCCGAAAAGACCTTTG,Naive CD4+ T cell
E2L8_CTTAGGAGTTAAACCC,CD16+ Monocyte
L4_TGATCTTCAACGATTC,HSPC
E2L8_TCAGTTTTCGTGGGTC,Erythroid cell
E2L5_TCGCAGGCAGCATCTA,CD8+ Effector T cell
L5_GCACATACAGAAATTG,Memory CD4+ T cell
E2L7_CCAATTTTCCGATGTA,NK cell
E2L5_GGTAACTGTTAAGCAA,Memory CD4+ T cell
E2L8_CTAGGTACAGGACGAT,NK cell
L4_CAACAACCAGGACATG,CD8+ Central Memory T cell
E2L8_GTGCGTGGTACGAGTG,Memory B cell
L5_AACCCAACAGGATTCT,CD8+ Effector T cell
L2_ATCGATGAGATGCAGC,Naive CD4+ T cell
L4_CTACAGACAACGGGTA,cDC2
L1_TGTCCTGCAACTGCCG,Erythroid cell
L5_GCCATTCTCACGTCCT,CD8+ Central Memory T cell
E2L1_ACGTTCCAGACATCAA,CD16+ Monocyte
L2_CACGTGGGTGGTGATG,Naive CD4+ T cell
E2L4_AGAAGTAAGTCGAAAT,CD16+ Monocyte
L3_CGGGTGTAGCCTAACT,Memory CD4+ T cell
E2L8_CTCCACATCAAGCCTA,Naive B cell
E2L2_CATGGTAAGGATTTAG,Platelet
E2L1_CGAGTGCGTGGCCTCA,Proliferating T cell
E2L1_CTATCCGCAGAACATA,Plasmacytoid Dendritic Cell
L4_GTTAGTGGTACGTGTT,Plasma cell
L3_CGTAATGAGCTTGTTG,Naive CD4+ T cell
E2L3_GTTCCGTTCTCACGAA,Plasma cell
E2L3_CCCGAAGCAGTCTCTC,Plasmacytoid Dendritic Cell
L3_CTATCTAAGACGTCGA,Memory CD4+ T cell
E2L5_GGGTCTGAGATCCTAC,NK cell
E2L2_AGGGCCTAGCGTATAA,Memory CD4+ T cell
E2L2_AGCGCTGGTGGTAATA,Plasmacytoid Dendritic Cell
E2L5_TTCCGTGCAGCACAGA,Plasma cell
E2L7_TCTGCCAGTTTGACAC,MAIT / Effector Memory T cell
E2L3_CCCTTAGTCCAAGCAT,Plasmacytoid Dendritic Cell
L3_CAGAGCCGTTCTTGTT,HSPC
E2L2_GCCAGGTAGCTAGTTC,CD14+ Monocyte
L5_GGGACAAGTGGCACTC,Memory CD4+ T cell
L3_ATGCCTCGTGGATGAC,NK cell
L5_TCCACGTAGAAATCCA,CD16+ Monocyte
L4_GTAACCAAGAGATGCC,Memory CD4+ T cell
E2L7_TATTGGGTCATTCTTG,cDC1
E2L6_TGACGCGGTGAGTAAT,Proliferating T cell
L2_CATGGTATCTTTGCGC,Memory B cell
L1_ACATCCCAGGTAGTAT,MAIT / Effector Memory T cell
E2L1_GTGTTAGCAGACACCC,NK cell
L3_TATTGCTCAATCGTCA,Naive B cell
L2_CAACAGTGTTAAGGAT,Memory CD4+ T cell
E2L5_GAGTTTGCATAATCGC,Memory B cell
E2L1_CTCCTCCTCCGCGAGT,Memory CD4+ T cell
E2L6_CAAGCTATCGTTTACT,CD8+ Effector T cell
L1_TTCTAACTCGTAGGAG,NK cell
L1_TAGGTACGTCGGCACT,Naive CD4+ T cell
E2L1_TCAGTTTCAACGGTAG,Memory CD4+ T cell
E2L2_TACCGAAAGCCGGATA,Proliferating T cell
L4_AACGGGATCGACGAGA,MAIT / Effector Memory T cell
L1_GCACTAACACTGTCGG,CD8+ Effector T cell
E2L4_GTTACGACACAAGTGG,Memory B cell
L3_TGGAACTAGAATAGTC,CD14+ Monocyte
L3_CAACCTCGTGAATTGA,Naive CD4+ T cell
E2L4_TTCACCGAGGCTCCCA,Memory CD4+ T cell
L4_TGCTGAACAAGGTACG,Naive CD4+ T cell
L2_GACGCTGGTCACTCAA,NK cell
L5_TTTGTTGTCTCCGTGT,Memory CD4+ T cell
L1_AAGATAGAGCAGATAT,Naive CD4+ T cell
L4_TTAGTCTTCAGAGTGG,HSPC
E2L7_AACAACCGTTCATCGA,CD8+ Effector T cell
L2_TCGCTCAAGCTAAACA,cDC1
E2L4_GATTCGACACGGTGAA,Plasma cell
L3_TATACCTAGAACTTCC,Memory CD4+ T cell
E2L7_GCAGCTGCAAGAATAC,CD8+ Effector T cell
E2L4_TTTGATCTCACGAGGA,Memory CD4+ T cell
E2L6_TCGCTCAAGGTTCAGG,Memory B cell
L5_CTGGACGCAGTAACGG,MAIT / Effector Memory T cell
L5_ATTCAGGGTGGAAGTC,Naive CD4+ T cell
E2L5_GAGAAATCAACCGCTG,Proliferating T cell
E2L1_TGTGGCGTCCTCGATC,Memory B cell
E2L7_GACCTTCTCGCAAGAG,Platelet
L2_TCTTCCTGTGGACCAA,CD8+ Effector T cell
L2_GAGTCATGTCGCATGC,CD8+ Central Memory T cell
L5_GCCCGAAGTGGTTCTA,HSPC
E2L3_AGGCATTGTGAACGGT,NK cell
L3_CAGCGTGCACTGTCCT,Memory CD4+ T cell
E2L2_GAGTTACCATTAGGAA,CD8+ Effector T cell
L2_AGTGCCGTCCGAGCTG,HSPC
E2L3_GGATGTTTCGTAGAGG,Treg / Activated T cell
E2L4_TATCTGTAGAGCCGTA,Memory CD4+ T cell
L1_AGCCAATTCGCGTCGA,Plasma cell
E2L7_AGTGCCGGTATAATGG,Naive B cell
E2L4_CTCCTTTCAGTGGTGA,Naive CD4+ T cell
E2L4_GAAGAATCAGGTGTTT,MAIT / Effector Memory T cell
L5_ACGGTTACACTGTGTA,Memory CD4+ T cell
E2L8_TCTATACCATTAAAGG,Plasmacytoid Dendritic Cell
E2L5_TACTTGTTCTCATAGG,Memory CD4+ T cell
E2L6_GTCGAATTCGTAGAGG,CD14+ Monocyte
E2L7_CGTAATGTCGATCCCT,Plasmacytoid Dendritic Cell
E2L8_GGGAGATCAGTACTAC,Platelet
E2L1_CAGTTCCGTTATTCCT,Plasma cell
L4_AACGAAACAGCCCACA,Platelet
E2L3_AACACACCAGAGGCTA,CD16+ Monocyte
E2L5_AACCTTTGTCACAGTT,Naive CD4+ T cell
L4_CTCATCGCAAAGCACG,Naive B cell
E2L5_GAAGTAAGTTCTTGTT,HSPC
E2L7_TACTTACGTAGGCTGA,Naive CD4+ T cell
E2L4_CTGCTCATCGTGCAGC,Plasmacytoid Dendritic Cell
L5_TCTCTGGTCCTTATAC,Memory CD4+ T cell
L2_CGGAATTAGGAGATAG,NK cell
L4_CCACGTTGTAGGATAT,Naive CD4+ T cell
E2L2_ATGAGGGAGCCATCCG,CD8+ Effector T cell
E2L2_GTCATTTAGACTACGG,CD8+ Effector T cell
E2L7_CCACGAGCACCATTCC,Naive B cell
E2L5_GGAGGTACATTGGCAT,Proliferating T cell
L3_GGAACCCCATGACCCG,MAIT / Effector Memory T cell
L4_TCAGTTTGTAGCTTGT,Proliferating T cell
L3_ATGCGATCAGCTGAAG,HSPC
L5_AGTGCCGTCGGAGTGA,MAIT / Effector Memory T cell
L4_AACAAGATCTAGACAC,CD8+ Effector T cell
L5_CTCCTTTCACGAGGAT,Proliferating T cell
E2L4_AGCGTATTCAGTGTCA,Plasmacytoid Dendritic Cell
E2L2_AGGGAGTTCGACCAAT,Naive CD4+ T cell
E2L6_TATCGCCGTCGGATTT,CD8+ Effector T cell
L4_TGGTGATCAATTTCGG,CD16+ Monocyte
L1_AATAGAGCATGGGTTT,Plasma cell
L1_ACCCTTGGTACCGGCT,Naive CD4+ T cell
E2L1_ATGTCCCTCCCTCGAT,cDC2
L1_TAGACCAGTTGCGGCT,Platelet
L5_GCTCAAAGTTCGATTG,HSPC
L5_GTTACAGTCTATTTCG,Plasma cell
E2L8_TGCTCGTCAACGATTC,Naive B cell
E2L4_ACATTTCCAGCACAGA,CD16+ Monocyte
L4_TTTCGATTCAGAGCAG,Naive CD4+ T cell
E2L1_AGCTACAGTCAGGCAA,Memory CD4+ T cell
E2L5_CTTTCAAGTCCCTGTT,MAIT / Effector Memory T cell
E2L7_CTCCATGGTCAGCGTC,Platelet
L5_GAATCACCAAGATCCT,Memory CD4+ T cell
L5_CTCCACAGTCCACAGC,Naive CD4+ T cell
E2L7_TGCCGAGCATTGCCGG,Naive CD4+ T cell
E2L2_TCGAACAGTAGAGCTG,Memory CD4+ T cell
L2_ATGGAGGAGAGCAACC,Plasma cell
E2L6_GGGTAGATCTGGCCAG,MAIT / Effector Memory T cell
E2L3_TCGCACTCATCTCCCA,CD16+ Monocyte
E2L5_CGTGTCTCACGCCACA,NK cell
L2_AATGCCAAGCCTGTCG,CD8+ Effector T cell
E2L5_GAGGCAACATGTTTGG,Memory CD4+ T cell
E2L6_GTACAGTCACGACGCT,Memory CD4+ T cell
L1_ATTCTTGAGTTGCTCA,Memory CD4+ T cell
E2L5_CTCCAACCAGGCATTT,Memory CD4+ T cell
E2L3_GTGTTCCAGTTGTAAG,Plasmacytoid Dendritic Cell
E2L7_CCAATGACACCTCGTT,CD16+ Monocyte
L5_CCGTAGGCACAAAGCG,CD8+ Effector T cell
E2L6_AATTCCTTCGACTCCT,cDC1
L3_CTAAGTGAGCCATTGT,Treg / Activated T cell
E2L2_CTTAGGAGTTAGGGAC,Memory CD4+ T cell
E2L4_CTACGGGCACAACGTT,Naive CD4+ T cell
E2L7_CATTGTTTCCACTTTA,Proliferating T cell
L3_TATACCTTCAAGTCTG,CD14+ Monocyte
E2L6_ATCGTCCAGTGGTGGT,Memory B cell
L3_CACTTCGAGGTAGTCG,Memory CD4+ T cell
L5_AAAGTGATCTTCGACC,HSPC
L4_ACAACCAAGGTCCTGC,cDC2
L1_AACAAAGGTTCGGCGT,Proliferating T cell
E2L5_TCGATTTCACATCATG,CD8+ Central Memory T cell
E2L8_TTGCATTCAGTAACAA,Memory CD4+ T cell
E2L1_GTTAGTGAGGACTAAT,CD8+ Effector T cell
L2_AACCAACAGATGACCG,Memory CD4+ T cell
L3_CCTATCGTCTACTCAT,Memory CD4+ T cell
E2L7_AACCATGGTTGTGTTG,cDC1
E2L5_CGAGTGCCAGGCCTGT,CD8+ Effector T cell
L3_GACCAATCATATACCG,CD8+ Effector T cell
L3_CGCGTGAGTGTTGAGG,Naive CD4+ T cell
E2L7_CTACATTAGACGTCGA,CD16+ Monocyte
L4_CTGAGCGCACCACTGG,Memory CD4+ T cell
E2L7_TCATGGATCAAATGCC,Naive B cell
E2L4_ATCCGTCCATCCTAAG,Plasmacytoid Dendritic Cell
E2L7_ACTTAGGAGGAACTAT,Memory CD4+ T cell
E2L7_GTAGCTAGTACTGGGA,Memory B cell
E2L4_TTCATTGGTCACGTGC,Memory B cell
L1_AGAACCTAGACAGCGT,NK cell
L2_ACTCCCAAGCCACCGT,Proliferating T cell
L2_GTCTAGAGTCGAAGCA,Proliferating T cell
E2L6_TCATTACTCGACGAGA,Naive CD4+ T cell
E2L6_CACACAAGTAGCGCTC,Platelet
L1_TCGGGACCAGGGTTGA,Naive CD4+ T cell
E2L4_GTCAGCGCAAGTATAG,Memory CD4+ T cell
L3_CCGGGTATCTTGCAAG,Proliferating T cell
L4_TTAGTCTAGGTCACTT,NK cell
E2L2_CTGGCAGGTTGCCTAA,MAIT / Effector Memory T cell
L5_TCCTTCTCAGACAATA,Memory CD4+ T cell
L4_TGGAGAGGTCGCACGT,Naive CD4+ T cell
L2_TTGTGTTTCCCATGGG,Memory CD4+ T cell
L3_AGTCACAGTGTTCGTA,CD8+ Effector T cell
E2L6_CTCTCGAAGCTCCCTT,CD16+ Monocyte
E2L2_GGTCTGGTCTAGTTCT,Naive CD4+ T cell
E2L6_CATACCCCATCCTTGC,cDC2
E2L4_AGACCCGCAAACCATC,Naive CD4+ T cell
E2L3_CTCCCTCCAAGATTGA,Treg / Activated T cell
E2L8_CTATAGGGTGAATATG,Memory B cell
E2L4_AACCTTTTCCGCAAAT,CD8+ Effector T cell
L5_CACGTTCAGATGAAGG,HSPC
E2L2_ACATTTCCATGCAGGA,Naive CD4+ T cell
L4_AGTCAACCAGTTGAAA,Memory CD4+ T cell
E2L7_GCGTGCATCGACGAGA,Memory CD4+ T cell
L5_ATTCCCGGTATCAGCT,MAIT / Effector Memory T cell
E2L5_GTCCTCAAGTAAAGCT,Platelet
E2L5_TTCTAACCAAAGAACT,CD8+ Effector T cell
L5_TGATTTCAGTCTAACC,Proliferating T cell
L5_GATCACAGTATCTCGA,Memory CD4+ T cell
L5_TCCTTCTTCCGTATAG,CD8+ Effector T cell
L1_GGTAGAGCACACCAGC,HSPC
L4_GATGATCAGCATGTTC,Memory B cell
E2L1_GATCACAAGGCTCTCG,CD8+ Effector T cell
L4_ACTTCCGAGGGAGTTC,HSPC
L4_TTGGATGTCGTGAGAG,cDC1
L5_CTGAGGCCATTGCCTC,Naive B cell
E2L5_CGGGTCAGTTTCTATC,Plasma cell
E2L7_CAATGACAGTGCGCTC,Memory CD4+ T cell
E2L8_TTGCCTGTCTAGGAAA,NK cell
E2L1_ACATCCCGTTCTCTCG,CD8+ Effector T cell
E2L6_GTGAGGATCACATTGG,Proliferating T cell
E2L8_GTGCAGCGTAGCTTTG,cDC2
E2L6_CTTGAGACATCATCCC,Platelet
E2L3_GGCGTCATCCCATACC,CD8+ Effector T cell
L5_CGAGTTACACCAGCCA,Naive CD4+ T cell
E2L1_ACGTCCTTCTAGAACC,Memory B cell
L3_TCAGCCTGTGGATGAC,MAIT / Effector Memory T cell
L4_ACACAGTGTTCGTACA,MAIT / Effector Memory T cell
E2L8_AGCATCAAGGTCGTGA,Plasmacytoid Dendritic Cell
E2L3_TCACACCCAGGCTATT,Proliferating T cell
E2L1_AGCGTATCAATGTGGG,MAIT / Effector Memory T cell
E2L1_CCTATCGAGGTACATA,Memory CD4+ T cell
E2L5_TACGCTCCATTCTCCG,Memory CD4+ T cell
L4_TCACGCTAGCATTTCG,MAIT / Effector Memory T cell
L1_GCAACCGCAAGACCGA,NK cell
L1_TGGTTAGTCATGGGAG,cDC2
E2L7_CTGCTCAAGTCAGCCC,Platelet
E2L4_TTGGGCGCAGGACAGT,Plasmacytoid Dendritic Cell
E2L1_GGGAGATAGTTACTCG,Memory CD4+ T cell
L5_ATGTCTTCAGTCTACA,Plasmacytoid Dendritic Cell
L3_GGATCTATCTTCCAGC,Naive CD4+ T cell
L4_GGAAGTGTCGTCGGGT,Naive CD4+ T cell
L3_AATAGAGCAGCTGTCG,Memory CD4+ T cell
L3_GATGATCTCCACACCT,CD8+ Effector T cell
E2L7_TCACTATAGTGCGACA,Plasmacytoid Dendritic Cell
E2L2_CGTGAATTCGAGTGAG,MAIT / Effector Memory T cell
L1_CATTGTTGTCTTCAAG,Naive CD4+ T cell
E2L8_TGACGCGCATTACGGT,Memory B cell
E2L6_TTTGGAGAGTTTGGCT,NK cell
E2L4_TCACAAGTCGAATCCA,CD8+ Effector T cell
L4_AGCGTATAGAACGCGT,Plasmacytoid Dendritic Cell
E2L5_TTGATGGCAGCAGACA,Platelet
L1_AAGTACCGTATTTCCT,Memory CD4+ T cell
L1_CGGTCAGGTGCAGGAT,Proliferating T cell
E2L7_CATCCGTCAAAGAGTT,Platelet
E2L2_GTTACCCAGACGACTG,Naive CD4+ T cell
L5_TCGAAGTCAGTGGCTC,Naive CD4+ T cell
L2_TACCCGTTCAGAGTTC,CD8+ Central Memory T cell
L3_TATCTTGTCGATACAC,Naive CD4+ T cell
L3_AGGGAGTTCGCCTATC,HSPC
L5_CGGACACCATATCTGG,HSPC
E2L4_TCGGTCTCATTGCAAC,CD8+ Effector T cell
L5_GAGTTGTAGCGTTCAT,Plasma cell
E2L3_CACCAAACACGGGCTT,Memory CD4+ T cell
L1_GACGCTGCACTCCGGA,Naive CD4+ T cell
L2_TGTAAGCCATGCCGCA,HSPC
E2L7_TCATGGACAGACCTGC,Platelet
L5_CGGAATTTCTGGGATT,CD8+ Effector T cell
E2L7_GTGCTGGGTACAGTCT,Naive CD4+ T cell
E2L3_TACAACGGTTGGGACA,cDC2
E2L6_AATGGAAAGGTAAGAG,Memory B cell
E2L3_GTTAGTGGTCGCCACA,Naive B cell
E2L5_AGCTTCCAGATAGTGT,Plasmacytoid Dendritic Cell
L2_CTGTGGGAGAGTCAAT,Naive CD4+ T cell
E2L6_TCATTCAGTCTCTCAC,Proliferating T cell
E2L2_TGGTGATAGTTTCAGC,Naive CD4+ T cell
E2L6_TGTAGACGTACAGAAT,Memory B cell
L2_CATCCGTAGAGTTGAT,Naive CD4+ T cell
E2L5_AGGATCTTCTACGGTA,Treg / Activated T cell
E2L6_GATGACTGTGGACTGA,Platelet
E2L8_AGGGCCTAGACCTCCG,Proliferating T cell
L1_ACCCTTGCAATCGCAT,Proliferating T cell
E2L7_ACAGAAACAAAGCACG,CD8+ Effector T cell
E2L2_ACATCCCTCTTCACAT,cDC1
E2L7_GGGTAGAGTACCTGTA,CD8+ Effector T cell
L1_GAGATGGTCAGATTGC,Memory CD4+ T cell
E2L6_CGGAACCGTGAGGAAA,Memory B cell
L2_CCGATCTAGAAGGCTC,Memory CD4+ T cell
L3_TCTTCCTCAATTCACG,Naive CD4+ T cell
E2L2_AGAGAGCAGAGAAGGT,Platelet
E2L8_TTGCATTAGCTAGTTC,CD8+ Effector T cell
E2L1_ATCCACCGTGGTCCGT,NK cell
L2_GAGTCTATCAAGGACG,NK cell
L5_GAAGAATAGGGCGAAG,CD14+ Monocyte
L2_TTTACTGTCGACCTAA,CD8+ Central Memory T cell
L2_TTCACCGAGTGCAAAT,Naive CD4+ T cell
L5_CGAAGGAAGTAGGAAG,Treg / Activated T cell
L5_AACAAAGTCTTCCGTG,CD14+ Monocyte
L4_TAGGAGGCAAAGGAGA,Memory B cell
L3_AGCCAGCGTTCCGTTC,Proliferating T cell
E2L6_CAATCGATCCTTCGAC,CD14+ Monocyte
E2L7_TAGGAGGGTCCGTACG,Memory CD4+ T cell
E2L8_GTAGATCGTATATGGA,CD16+ Monocyte
E2L4_TCAATTCGTCATCCGG,NK cell
E2L3_ATAGAGAAGCCAAGCA,Platelet
L4_TTCGATTTCAGTGGGA,Plasmacytoid Dendritic Cell
E2L8_AGAAGTACACTTCCTG,Treg / Activated T cell
L4_ACTGTCCTCTCATAGG,CD16+ Monocyte
E2L1_TCATACTTCCAAGCAT,CD8+ Effector T cell
L5_GACTTCCTCATTGCGA,cDC1
E2L4_GTCATCCAGCTCGACC,Memory CD4+ T cell
E2L2_CTTCAATAGGATTCAA,cDC1
E2L7_TAATTCCCAGCTGTTA,CD8+ Effector T cell
E2L3_CCGGGTAAGCCGGATA,Memory B cell
L3_GCGGAAAAGAAGATCT,Plasma cell
L5_CAGTGCGGTGTCGATT,Naive CD4+ T cell
E2L5_CTCAGTCGTACAGTTC,Memory B cell
E2L6_ATCACGAGTTGCTCAA,NK cell
L5_GTATTTCTCGCTAATG,Naive CD4+ T cell
E2L8_CCTCAACAGTGTTGTC,Platelet
L4_ATTTCACGTCTTCCGT,Memory B cell
L1_TGAGCGCTCCTGCCAT,CD8+ Effector T cell
L3_ACAAAGACAACACACT,HSPC
E2L8_TGCTGAATCATCTATC,Treg / Activated T cell
E2L8_GATTGGTGTAACGGTG,Naive CD4+ T cell
E2L1_GTTAGACAGCGCCTCA,cDC2
E2L1_ATGCCTCAGGGAGTGG,NK cell
E2L1_CAGCGTGGTCGAAGCA,Memory B cell
E2L4_TGCTCCAAGGCATTTC,Naive CD4+ T cell
E2L1_GTATTGGAGAGCATTA,CD8+ Effector T cell
L5_ATTCCCGTCCCTTCCC,Naive CD4+ T cell
E2L3_GTGCTGGGTATCGAGG,Proliferating T cell
E2L1_CGCGTGAAGAGGATCC,Platelet
L4_GTTGAACGTCCAGCGT,Memory CD4+ T cell
E2L5_GAGTCTAGTGTCCATA,CD16+ Monocyte
E2L2_TGTGTGAAGACTAAGT,Plasmacytoid Dendritic Cell
L1_TGATTTCGTTTAAGGA,CD8+ Effector T cell
L1_CTCCATGGTCTTGAAC,Naive CD4+ T cell
E2L6_TACCCACAGCTTTCTT,CD8+ Effector T cell
L4_CTATCCGCAAGACGAC,Naive CD4+ T cell
E2L3_GTAGGTTGTTTGATCG,Memory B cell
E2L8_CGAAGTTCATTGACTG,Plasmacytoid Dendritic Cell
L1_GAACTGTAGTATAACG,CD16+ Monocyte
E2L8_TAACACGAGTGTTCAC,Memory CD4+ T cell
E2L5_AACGAAACACGGAAGT,Naive CD4+ T cell
L1_TGGGAAGTCCTCTAAT,HSPC
E2L7_ATACTTCCACTTTAGG,Naive CD4+ T cell
E2L3_TAACACGTCAGTCACA,Memory B cell
E2L2_TTTACCACATAGGTAA,Naive CD4+ T cell
E2L3_GACTCAATCACTGGGC,Platelet
E2L4_GGACGTCTCTGACCCT,Plasmacytoid Dendritic Cell
L2_GCATCGGCAGTTTCAG,CD8+ Effector T cell
L4_GGAATCTTCCTGTAAG,Naive CD4+ T cell
L4_TAGACTGGTCCAGCAC,Memory B cell
E2L7_GGCGTCAGTTAGAGAT,Memory CD4+ T cell
E2L8_CTTTCAAAGCCAAGCA,Proliferating T cell
E2L6_TTTCAGTGTCTGTGAT,CD8+ Effector T cell
E2L3_GTGTGATTCGATACAC,Naive B cell
E2L6_CCAATTTAGCGCGTTC,NK cell
L2_TACAGGTGTCAAATCC,Naive CD4+ T cell
L3_TGAATCGGTACATTGC,Memory B cell
E2L6_CCTATCGTCCACGGAC,Proliferating T cell
E2L5_GTTGTAGGTGGACAGT,Memory CD4+ T cell
E2L1_CTGTGAATCCCATAAG,Naive B cell
L1_CACTAAGAGCAAGTGC,Memory CD4+ T cell
E2L2_TGGGATTCACGCGGTT,cDC2
E2L7_AGTCTCCCATGACCCG,Plasmacytoid Dendritic Cell
L2_GACTCTCCATAACTCG,Naive CD4+ T cell
E2L8_GCATGATCATGAATAG,CD16+ Monocyte
E2L4_ATGGGAGGTCGTGGTC,CD14+ Monocyte
L1_CTAACCCTCCAAGGGA,Proliferating T cell
L4_CCTCCTCAGTAAACAC,Naive CD4+ T cell
L4_GACTCTCCAGCTCGGT,Naive CD4+ T cell
E2L1_GCCAACGTCCTACCAC,Naive CD4+ T cell
E2L5_GCGGAAATCCGTGGTG,Naive B cell
E2L5_GTGTGGCAGCCTCAAT,CD8+ Central Memory T cell
L2_TCCACGTGTATGGAGC,NK cell
E2L8_CTTGATTAGGACGCTA,Erythroid cell
L3_GCATGATAGATGACAT,Memory CD4+ T cell
E2L4_TCTCAGCGTCATAAAG,CD8+ Effector T cell
E2L5_ATTTCACAGGCTGTAG,CD8+ Effector T cell
E2L2_GTTACAGAGTACCCTA,cDC2
L2_AACCATGTCGCCGAGT,CD8+ Central Memory T cell
E2L5_TGCATCCTCTGCTTAT,Proliferating T cell
L5_CCTCCTCTCACCTTGC,Erythroid cell
L3_TTCTAGTCAGGAAGTC,CD8+ Central Memory T cell
E2L8_CTGCTCACAGTCTGGC,CD8+ Effector T cell
L2_TCAAGCACATCAGCAT,Proliferating T cell
L5_CATAGACAGCTACGTT,Proliferating T cell
L5_TTACCATTCTTTCAGT,Naive CD4+ T cell
L1_TGACTCCAGGGATCTG,MAIT / Effector Memory T cell
E2L4_TGCGATATCCAATCCC,Plasmacytoid Dendritic Cell
E2L5_GATTCGATCGGCAGTC,CD8+ Effector T cell
L2_GTTAGACGTGAGACGT,CD16+ Monocyte
E2L5_GTGTTAGTCGGTCTAA,Plasma cell
E2L3_TCGTCCAAGCCTCATA,MAIT / Effector Memory T cell
E2L7_TGATGGTAGGTTCTTG,Memory B cell
E2L7_ATGGTTGGTGGGACAT,Memory CD4+ T cell
E2L7_ACTCCCAGTTGCTGAT,cDC1
L3_TACAGGTAGTTGCATC,CD8+ Effector T cell
E2L7_TAGGTTGGTCTGTCAA,Memory CD4+ T cell
E2L2_GACCCTTAGGCACTAG,cDC1
L5_ATCTCTACAGTAACCT,Naive CD4+ T cell
L4_TGTTACTGTTTAAGGA,Naive B cell
E2L6_CACATGAAGAGCTTTC,NK cell
L3_TTACCATCACTACACA,Plasma cell
E2L1_GTGTGGCAGGTTACAA,CD8+ Central Memory T cell
E2L5_ATTGTTCCACTCTGCT,Plasmacytoid Dendritic Cell
L5_TTACGCCGTCGCGTTG,Naive CD4+ T cell
E2L1_CATTCCGGTGACCGTC,Memory B cell
L3_TGCAGGCTCTAAGCCA,CD14+ Monocyte
E2L5_TCAGTCCCACTTCAAG,NK cell
E2L4_CGCATGGGTAGCGATG,CD8+ Effector T cell
E2L5_GTGGAAGAGAAGCCAC,Proliferating T cell
E2L5_GGGCTCAGTATTTCGG,Erythroid cell
E2L6_GGAATGGCAGCCTACG,Memory B cell
L3_TACTTGTAGTCAGCCC,Plasma cell
E2L7_GTTTACTCAGAGAATT,Memory CD4+ T cell
E2L4_GGAATCTCACGATTCA,Proliferating T cell
L1_TCATGTTGTCCTATAG,MAIT / Effector Memory T cell
E2L8_TGTACAGTCGGTTAGT,Memory B cell
E2L8_AGGGAGTCAGTGTGGA,Memory B cell
E2L6_CTCAGGGGTCTTACTT,Naive CD4+ T cell
E2L2_CCTTCAGAGGAGTATT,Plasmacytoid Dendritic Cell
E2L6_TCCTTCTCAAAGTGTA,CD8+ Effector T cell
L4_CATCGGGAGACTAGAT,Memory CD4+ T cell
E2L6_GAACGTTTCGGACTTA,Memory B cell
E2L6_TTGTTTGAGCATCAGG,cDC2
E2L8_GTTTGGATCGAGAGAC,CD14+ Monocyte
E2L5_CCTGCATTCGTCGGGT,Treg / Activated T cell
E2L3_CTCCACAAGACAACTA,CD8+ Effector T cell
E2L6_CCTTGTGTCTGTCTCG,CD14+ Monocyte
L1_TTGCGTCCATGTGACT,CD8+ Effector T cell
L5_GGGATGATCTTTCTAG,Memory CD4+ T cell
L4_GATGATCGTGCTAGCC,cDC2
L3_ACGTAGTCATGCGGTC,Naive CD4+ T cell
E2L4_CGAATTGCATCAGTCA,Naive CD4+ T cell
L3_TCACGCTTCGCAGTCG,Plasmacytoid Dendritic Cell
L3_TACGCTCTCGGACGTC,CD14+ Monocyte
E2L5_TTCGGTCGTGTGAGCA,Naive B cell
L2_GAGGGTACAGACATCT,Naive CD4+ T cell
E2L5_TAACCAGCATGTGACT,Memory B cell
L5_TGCATGATCAACGAGG,NK cell
E2L4_TCATACTTCTTACACT,Memory CD4+ T cell
L3_CTATAGGTCGTGCTCT,cDC1
E2L8_AAGACAACAGTAGAAT,Platelet
L4_AACGAAATCACTACTT,CD14+ Monocyte
L4_CTTCTCTCATGCACTA,NK cell
L4_CTATCCGCACGGCCAT,HSPC
E2L3_GAGACTTAGTTGAAAC,Plasmacytoid Dendritic Cell
E2L2_CAGCAGCAGCCGTCGT,Proliferating T cell
E2L7_GAGAGGTCATCAGCAT,Naive CD4+ T cell
L3_AAGATAGAGACTGAGC,Naive CD4+ T cell
L1_ATTGTTCAGATAGCAT,Memory CD4+ T cell
E2L5_GAATCGTTCTAGTGAC,NK cell
L4_AATGACCAGCCTCTGG,HSPC
E2L6_TTCAGGACATGCCGGT,CD8+ Effector T cell
L3_CGGTCAGCATAGCTGT,Plasma cell
E2L2_GTCAAACCAATTGCTG,Platelet
L4_CGAATTGGTCATGCAT,Naive CD4+ T cell
E2L4_CCCATTGGTTCCTAGA,Memory B cell
E2L3_TTCCACGTCGTAACAC,Plasmacytoid Dendritic Cell
E2L6_TTGAACGGTTTAGACC,CD8+ Effector T cell
L5_TGGATCATCTCGCTCA,Memory CD4+ T cell
E2L4_TAAGCGTGTCACAGTT,Proliferating T cell
E2L1_AAACGCTTCGCCACTT,CD16+ Monocyte
L1_TGTGCGGCAGTAGTTC,Proliferating T cell
E2L7_ATTCAGGCACGTAGTT,Treg / Activated T cell
L5_TCTATCACAGGTCCCA,Platelet
E2L5_TCCACCATCGAGATAA,Naive CD4+ T cell
E2L5_GTTATGGCACGGCCAT,Plasma cell
L2_ATCGATGGTGGTGATG,Platelet
L3_CTATCCGTCCCGAGTG,Memory CD4+ T cell
E2L4_TGTTCCGAGCTGGCTC,Memory B cell
L1_TGGGCTGAGGATATAC,Memory CD4+ T cell
L2_TGCGATAAGCATAGGC,CD16+ Monocyte
L5_CCAATGAGTCCCACGA,HSPC
E2L8_GTTCGCTTCGTGCTCT,Memory CD4+ T cell
L3_GATGGAGTCTCCGAAA,MAIT / Effector Memory T cell
L3_TGACGCGGTTCCGTTC,Naive CD4+ T cell
E2L5_GAAGAATAGAAATTCG,CD8+ Effector T cell
E2L8_CAACGGCAGAGAGAAC,Naive CD4+ T cell
L3_AGTCTCCAGTGTTCAC,Naive CD4+ T cell
L4_GACCAATCACATTACG,cDC2
E2L6_AGTGTTGTCGGCTGGT,Naive B cell
E2L2_GTTGAACAGTTTAGGA,NK cell
L5_TTCACCGGTACCGTGC,Naive CD4+ T cell
E2L8_TCTCACGGTACAGTAA,Memory CD4+ T cell
L1_CCTCCTCGTGGTCTCG,Plasmacytoid Dendritic Cell
E2L6_CCTCTCCCAGGCATTT,CD14+ Monocyte
E2L4_CACGTGGGTCTGTAGT,Memory CD4+ T cell
E2L3_CTGTCGTTCGGACTTA,Memory CD4+ T cell
E2L1_CGGAACCAGCGAATGC,Proliferating T cell
L3_CTCAAGAAGGCTAAAT,Proliferating T cell
E2L8_GTCACGGTCGTCCATC,CD14+ Monocyte
L1_TTGAGTGAGGTACAGC,Naive CD4+ T cell
E2L2_CTTGATTTCTATTGTC,Naive CD4+ T cell
L5_TCGAAGTTCTGGTTGA,MAIT / Effector Memory T cell
E2L8_TCAATTCTCCTACCGT,Proliferating T cell
E2L3_TGGTTAGTCAAGAGTA,Plasma cell
E2L8_GAGCCTGTCTCCACTG,Naive CD4+ T cell
E2L5_CTTGAGATCGGACCAC,NK cell
E2L3_AATTTCCCACAGCGCT,Naive CD4+ T cell
E2L1_TATTGCTCAATTCGTG,Memory CD4+ T cell
E2L7_GCCGTGATCGGTCGGT,NK cell
L4_GTAACACAGGTAGTAT,MAIT / Effector Memory T cell
L1_CATTCCGAGCAACTTC,Plasmacytoid Dendritic Cell
L2_TAGGTACAGAAACTGT,Naive CD4+ T cell
L5_CCTGCATGTTTCGTGA,Naive CD4+ T cell
E2L2_TCCGAAATCCTCTGCA,Naive B cell
E2L5_TACATTCGTGACATCT,Naive CD4+ T cell
E2L8_ATTTCACAGGTCGTAG,Memory B cell
E2L5_ATGGTTGAGTGAGGTC,cDC2
E2L8_TCTAACTCACAGCTGC,cDC2
E2L3_GGGCTCACAGGCTCTG,Platelet
E2L7_CAGTGCGTCGCTCATC,Memory CD4+ T cell
L3_GTAGAGGCAGGACATG,HSPC
L2_ATGCATGCAAGCACAG,Memory CD4+ T cell
L2_ATGGGTTTCAGGCGAA,Memory B cell
E2L2_CTCCAACAGCCGATAG,CD8+ Central Memory T cell
L3_TTAGGGTAGATGTAGT,CD16+ Monocyte
L4_TCCCATGAGTGTAGTA,Plasma cell
E2L3_TAACACGCACGACAGA,Plasmacytoid Dendritic Cell
L3_GGAATGGAGTTGTAAG,cDC2
L1_CATCCCATCCTCTAGC,Naive CD4+ T cell
L1_TGTCCTGGTCGCACAC,Memory CD4+ T cell
E2L5_ATTCCCGTCCGTATGA,Plasmacytoid Dendritic Cell
E2L5_GAACTGTTCGTACCTC,Platelet
E2L1_AACGGGAGTCATCTAG,cDC2
E2L6_CAGGGCTAGATTACCC,CD8+ Central Memory T cell
E2L3_ATACCTTTCATTGCGA,Naive B cell
E2L2_TGCAGATAGAGCAACC,NK cell
L5_GGGTCACGTATGTCCA,Plasmacytoid Dendritic Cell
E2L8_ATTCCTATCGGAAGGT,MAIT / Effector Memory T cell
L4_GTCTCACGTGATATAG,CD16+ Monocyte
E2L3_ATGGGAGTCATTCTTG,Plasmacytoid Dendritic Cell
E2L5_TAAGCGTAGAATGTTG,CD16+ Monocyte
E2L8_TATCTGTGTAACGTTC,CD8+ Effector T cell
E2L2_AGGCTGCGTTGGCTAT,Naive CD4+ T cell
E2L3_CTCCTTTCACGGTAGA,CD8+ Effector T cell
L1_ACGGTCGCATATCTGG,Memory B cell
L5_TTGCCTGAGGAAGAAC,CD8+ Effector T cell
L4_TATCCTAGTCGTGGTC,Naive CD4+ T cell
L3_CATCGGGAGTCCCTAA,CD14+ Monocyte
E2L7_TCGAAGTGTGGTCTCG,Plasmacytoid Dendritic Cell
E2L1_CAGTTCCTCAACTGGT,Naive B cell
L2_CTTCTCTGTCTGTGTA,HSPC
E2L6_TCACAAGAGCGGGTAT,CD14+ Monocyte
E2L4_GACAGCCCATCACGGC,Proliferating T cell
E2L7_TCGTAGACAACCAATC,Proliferating T cell
L4_TACAGGTGTGATTCAC,cDC2
L2_TGGAACTAGTGGAATT,HSPC
L2_CGAAGGAGTCACCGAC,CD8+ Effector T cell
E2L5_CGTAGTAGTCCCTAAA,Proliferating T cell
E2L2_TTCTTGAGTGTTCCTC,Memory CD4+ T cell
E2L5_TTGCGTCAGGTCACTT,Platelet
E2L5_GCTGAATTCTCTCGAC,MAIT / Effector Memory T cell
E2L1_TCCGGGAAGGTTCAGG,CD14+ Monocyte
E2L7_TTTCAGTCATGGAAGC,Plasmacytoid Dendritic Cell
L1_TCGAACATCCTCTAGC,Proliferating T cell
E2L2_GACCAATTCTGCTTTA,CD8+ Effector T cell
E2L5_TGAATCGCAAGTGGCA,Memory CD4+ T cell
L1_TTCTAACCAATGCAGG,Naive CD4+ T cell
L4_CTCAGGGGTACCTAAC,CD8+ Effector T cell
L2_CAGGGCTCATTGAGCT,Memory CD4+ T cell
E2L3_TGGTGATAGGGACACT,Platelet
E2L1_CACACAAAGGGAGGGT,CD8+ Effector T cell
E2L2_GAGCTGCGTGAACGGT,NK cell
E2L8_GGGATCCTCACCTTAT,CD14+ Monocyte
E2L6_TCGTCCAAGACTCTAC,Naive CD4+ T cell
E2L2_ATGCATGAGACGCCCT,Memory B cell
E2L8_TGAGCATTCAGGTGTT,Memory B cell
E2L3_ACGTACAAGCGTGTCC,Naive B cell
L4_ATTACTCAGTAGAGTT,Naive CD4+ T cell
L3_TTAATCCAGCACTAAA,cDC2
E2L6_CCTGTTGCAATTGCAC,Proliferating T cell
E2L7_GCCCGAAAGTTTAGGA,Treg / Activated T cell
L3_AGGGTCCAGTCGCCAC,MAIT / Effector Memory T cell
E2L7_AACAAAGCACCTCAGG,NK cell
E2L6_CATCCCAAGCGTCAGA,Plasmacytoid Dendritic Cell
E2L4_GCAGCTGCAAACTAAG,cDC2
L3_ATGTCCCTCGCTGTTC,Proliferating T cell
E2L1_GGGTTATGTTTCACAG,Memory B cell
L3_GATGACTGTCGTGGAA,Proliferating T cell
E2L3_CATTGCCTCAAGAATG,Memory CD4+ T cell
E2L1_GAGACTTAGAGGCTGT,cDC2
L3_ACAGAAAGTCCAAATC,Plasma cell
E2L5_CAGCAGCCACACTTAG,Naive CD4+ T cell
L1_ACTGTCCAGTGCAGCA,Naive CD4+ T cell
L3_CCTAAGAGTCTCCTGT,Naive CD4+ T cell
L2_CATTGAGGTCAGGTAG,Plasma cell
L3_GGTGAAGTCTGCCTCA,Memory CD4+ T cell
E2L4_CATCGGGGTTGCTGAT,Memory CD4+ T cell
L5_ATGCGATTCCAGTGCG,HSPC
E2L1_TGCACGGCAGTATGAA,Plasma cell
E2L2_TCCATCGAGTCTGCAT,Memory B cell
L1_AGGAGGTTCCACTGGG,Plasmacytoid Dendritic Cell
L3_CCACGTTTCACGTAGT,Plasma cell
L5_AGCGTATAGTAACCGG,cDC1
E2L3_TACTGCCAGTGGTCAG,Memory B cell
E2L3_TCCTAATCAGCTGTAT,NK cell
E2L3_GCACATATCAAGTCGT,CD14+ Monocyte
L5_TAGGTACGTTCAGCGC,MAIT / Effector Memory T cell
E2L5_TGGTGATTCCAAGAGG,Platelet
E2L6_CCTTCAGTCACTTGGA,Memory B cell
E2L4_AAGTACCCAGGCCCTA,Plasma cell
E2L1_GGCTGTGAGTTGGACG,Platelet
L1_CCTAAGAAGTTCTCTT,Plasma cell
E2L2_CCAAGCGTCGCAGATT,Naive B cell
L4_GTCCCATCAAACTAGA,Naive B cell
L2_CAGATACAGACGGATC,Memory CD4+ T cell
L5_ACTTCCGCAGATTCGT,Plasmacytoid Dendritic Cell
E2L1_ACCCTCACACGATTCA,cDC2
L4_GGGCTACAGAGGTCAC,Memory CD4+ T cell
L5_TTACGCCGTGAGTAGC,CD16+ Monocyte
E2L2_TAGCACAAGCTAATCC,Memory CD4+ T cell
L2_AGACAGGCAAATAAGC,CD14+ Monocyte
L3_CACTGTCTCCTGTAGA,Memory CD4+ T cell
L5_GACTTCCTCTCTCAAT,CD8+ Central Memory T cell
L1_TTAATCCCAGGATCTT,CD8+ Effector T cell
L5_CAACGGCAGCTCACTA,MAIT / Effector Memory T cell
L1_GTGGTTAAGAGCTTTC,Memory B cell
E2L3_TCAGTTTCACTCCTTG,NK cell
L3_TACCTGCTCTGAGTCA,Erythroid cell
E2L2_TCAATCTCATCCTTGC,Proliferating T cell
E2L8_GAACTGTCAATAAGGT,Memory CD4+ T cell
E2L3_CGGGTGTTCTCCGAAA,CD16+ Monocyte
L1_GGTGTTAAGATAGCTA,Treg / Activated T cell
E2L6_GGAATCTGTGACTGTT,Platelet
L3_TCAATCTGTCCGGTCA,Naive CD4+ T cell
L4_CAAGAGGTCCGATTAG,Platelet
E2L7_TCAGTTTTCAAACCCA,cDC2
L1_CAATCGAGTCAAGGCA,CD8+ Effector T cell
E2L7_TCCCATGTCTTTGATC,CD14+ Monocyte
E2L8_AGCGCCAAGTCCCGGT,Proliferating T cell
L3_ATCATTCGTTGACGGA,Plasma cell
L1_GTCTGTCCAGTACTAC,Naive CD4+ T cell
E2L5_CGAAGGAGTGCATTAC,NK cell
E2L2_CCCTCTCGTACAAGCG,Memory CD4+ T cell
L5_GAAGCGACAGGTTCAT,HSPC
E2L2_GGCTGTGAGACTCTAC,Memory CD4+ T cell
L5_TGAGCATTCATTCGGA,Plasma cell
L4_TCCACCAGTACAGCGA,CD8+ Effector T cell
E2L8_CCACGTTCAGTAGTTC,NK cell
E2L5_TGGAGGACAATACCTG,CD14+ Monocyte
E2L4_CGTCCATTCATTTCCA,cDC1
E2L8_TTGCATTGTACGGCAA,Naive CD4+ T cell
E2L8_GGCAGTCAGAATCGAT,Proliferating T cell
E2L4_ACTGCAAAGCCTTGAT,cDC1
L1_ATCGTCCTCCGCTGTT,Naive CD4+ T cell
L2_TCTATCATCGTCAACA,Memory CD4+ T cell
L1_GAATCGTTCGGAGATG,Erythroid cell
E2L8_TCGCAGGTCGACACCG,Plasmacytoid Dendritic Cell
L4_GAATCGTAGCCGGAAT,Naive B cell
L2_CGCAGGTTCATTCCTA,CD8+ Effector T cell
L5_CACAGGCCAGTTTCAG,Naive CD4+ T cell
E2L2_GTAGTACCAGGTCCGT,Naive CD4+ T cell
E2L5_GGATCTATCACGGGAA,Naive CD4+ T cell
L3_GGCGTCAAGTGCACCC,MAIT / Effector Memory T cell
E2L4_GTTTGGAGTGCCGTAC,Proliferating T cell
E2L8_AGAAGTAGTAGCTTGT,Memory B cell
L2_ATTTCTGCAACTGCTA,cDC1
E2L5_AGAACCTTCGCTCCTA,Plasma cell
E2L7_GTAACACAGAGTTGCG,Plasma cell
L2_GCTACAAGTCTGATAC,CD16+ Monocyte
E2L3_CTTCCTTGTTTGTGGT,NK cell
E2L7_ATTACTCGTTGACGGA,CD14+ Monocyte
E2L8_TCATGTTCATCGTTCC,Naive B cell
L2_GAATCGTCAGTTGGTT,Proliferating T cell
L2_CTACAGACACACTGGC,CD8+ Effector T cell
L2_ACTGTGAGTGATACTC,CD8+ Central Memory T cell
L3_CTTCGGTGTAGGTCAG,Naive CD4+ T cell
L4_TACTGCCTCGAGGCAA,Treg / Activated T cell
L3_TCGACCTAGGGTATAT,Proliferating T cell
E2L7_CGGGTCACAGGCACAA,Naive B cell
L5_TCACGCTAGGCCTTGC,Naive CD4+ T cell
L2_TGTAGACTCGGCAGTC,NK cell
E2L7_ACACAGTTCTAAGCGT,Naive CD4+ T cell
L5_TACCGAATCATGCATG,NK cell
L1_AGGAGGTTCGCTGCGA,Naive CD4+ T cell
E2L4_GACCTTCTCCGCTAGG,Memory B cell
E2L8_CTCAACCAGTAGGTTA,CD8+ Effector T cell
E2L3_GTGCTGGAGGTGAGCT,CD14+ Monocyte
E2L6_ACTGTGATCCACGGAC,cDC1
E2L8_AGGGTTTCAAATGATG,CD14+ Monocyte
L5_TACACCCAGACTTCGT,Naive CD4+ T cell
L1_GGGCTCAGTCTGTAGT,HSPC
L3_GTGGCGTCAATCTCGA,MAIT / Effector Memory T cell
L4_TGGAACTAGTTGGCGA,Naive CD4+ T cell
L2_AGAGAGCAGGTAGTCG,MAIT / Effector Memory T cell
E2L8_TGGGTTAAGATAACAC,Platelet
L3_TTTCCTCGTCCAAAGG,Naive CD4+ T cell
E2L3_CCCTGATAGTGTCATC,CD16+ Monocyte
E2L1_GAAGGACGTGTCACAT,Naive B cell
E2L2_GAGAGGTGTCGTCATA,Naive CD4+ T cell
L3_GTCTTTACAAATGGTA,Memory CD4+ T cell
E2L2_TTGAACGTCAGCAGAG,Plasmacytoid Dendritic Cell
L1_CAGATCATCGCTTTAT,CD14+ Monocyte
E2L3_CTCCTTTAGGCCCACT,NK cell
L5_GACACGCGTTGCTTGA,Naive CD4+ T cell
E2L8_GACGTTACAAATCCCA,CD16+ Monocyte
E2L7_ATGCGATGTAGTAAGT,NK cell
E2L3_GCCTGTTCAAGACGGT,Memory B cell
E2L4_CCTGTTGAGCTCGTGC,Proliferating T cell
L1_ATCACAGCACGTCGGT,Naive CD4+ T cell
E2L3_CCTCCTCTCAAACGAA,Naive CD4+ T cell
L5_AGTTCGAAGCCATTGT,Erythroid cell
E2L3_TGATTCTCAGGTCAGA,Proliferating T cell
E2L2_CACGTGGAGTCACGCC,HSPC
L3_TCATTACCAGAAGTTA,cDC2
E2L6_ATCACTTTCCGTGGCA,Plasma cell
L3_TTACGCCTCACGGGAA,CD16+ Monocyte
E2L7_AGCTCAATCGCCTATC,cDC2
L2_GTGCACGCATGTAACC,Naive B cell
E2L6_TCGTGCTTCGCAGATT,MAIT / Effector Memory T cell
L5_CTGATCCGTGCAACGA,CD16+ Monocyte
L5_TGATGCAAGCCGGATA,MAIT / Effector Memory T cell
L4_GTTACAGCATTGCTGA,Memory B cell
E2L6_GTGTTAGAGTGCAAAT,Naive B cell
E2L2_GTCAAACAGTTACGAA,CD14+ Monocyte
L3_TGGAGAGCATGAAGCG,Naive CD4+ T cell
L2_CGAAGTTTCACCTGGG,CD8+ Effector T cell
E2L7_ACCTGTCAGCATCGAG,NK cell
L1_TCCCACATCACGACTA,Platelet
E2L3_AAACGCTTCACCCTGT,CD8+ Effector T cell
E2L7_CAGTGCGGTGGAATGC,NK cell
L5_GCTGCAGTCATTGCCC,Memory CD4+ T cell
E2L2_GTAGGAGAGGAGGGTG,Memory B cell
E2L5_GCACTAAGTGACTATC,CD16+ Monocyte
E2L1_ATTCAGGGTTGCGGCT,CD8+ Effector T cell
L3_TTCGATTCACGTACTA,HSPC
E2L7_CGGGTCACAGTTCACA,CD8+ Effector T cell
L2_GGTTCTCGTTTACCTT,Memory CD4+ T cell
L1_TGGTGATGTTCTTGTT,Naive B cell
E2L5_TCCACGTTCCGACATA,Memory B cell
E2L3_CATCCCAAGGTAGGCT,Plasmacytoid Dendritic Cell
L5_TCTTAGTGTATGGTAA,NK cell
L4_ATCCATTGTAGCCAGA,CD8+ Central Memory T cell
E2L3_AGAGAATCATGGGTCC,Naive B cell
L5_GTTCGCTGTTACGGAG,cDC1
E2L2_TGTCAGAAGTTACTCG,Memory B cell
L1_GCAGTTATCTCTCTAA,Memory B cell
L1_AGCTACAGTATTCTCT,HSPC
L5_CGAGGAACAGCTAACT,Naive B cell
E2L5_TCTCACGAGAGTCGAC,Naive CD4+ T cell
E2L1_TCCTCGAAGAAGCGGG,CD8+ Effector T cell
E2L6_CAATGACAGCCTCCAG,Memory CD4+ T cell
L4_TTTGATCAGCGACATG,Proliferating T cell
L4_ATGTCTTCATCGAGCC,Naive B cell
E2L6_TGACAGTCAACAGCCC,CD8+ Effector T cell
E2L8_ACTTTCAGTCTTCGAA,CD16+ Monocyte
E2L4_ACTCTCGAGGTTGAGC,Proliferating T cell
L2_CGGAATTCACTGGCCA,Memory CD4+ T cell
L5_ACACAGTTCATGCCAA,CD16+ Monocyte
E2L7_TTCCAATTCGGTAACT,CD8+ Effector T cell
L3_AAAGGATAGCGCCTAC,Naive B cell
E2L2_TTGGGCGTCCCGATCT,CD8+ Effector T cell
L1_AGTACTGTCGAGAGAC,NK cell
E2L5_ACAGGGACAGTCAACT,cDC2
L5_TAAGTCGCAACACAGG,Memory CD4+ T cell
E2L2_ACATGCAAGATCCTAC,NK cell
L4_CATTCATAGGATGTTA,Memory CD4+ T cell
E2L4_TTCCGTGAGATAGGGA,Naive CD4+ T cell
E2L5_CTTGAGACAGGCAATG,CD8+ Effector T cell
E2L5_ACACGCGCAGAAGCTG,Memory B cell
E2L3_ATGATCGCAGCTATTG,CD16+ Monocyte
E2L5_GACTGATGTGACAGCA,Proliferating T cell
E2L2_CGGAATTCACGATTCA,cDC1
E2L7_GATGCTAAGAGTGGCT,cDC1
L2_GATGGAGGTCGCACAC,Platelet
E2L3_ATGATCGTCTCTTAAC,NK cell
L3_TGAGTCATCTATTCGT,Naive CD4+ T cell
L5_CATGGATCACTAGGTT,Memory CD4+ T cell
L5_TGGAACTCATCCTAAG,Proliferating T cell
E2L8_CTTCAATTCTGCGGCA,Memory CD4+ T cell
L5_TGATGGTTCGAGATGG,Naive CD4+ T cell
L4_TCTTAGTCATGGAACG,Memory CD4+ T cell
L4_GGGAGATTCTTCGATT,CD14+ Monocyte
E2L7_GATCCCTTCTTCCACG,Proliferating T cell
E2L1_AACCTGAAGAGTGACC,Memory CD4+ T cell
E2L3_TTCGCTGGTCCTATAG,Memory B cell
E2L2_GAATCACAGACTAGAT,Naive CD4+ T cell
L5_TTCTAGTCATTGCTGA,Memory CD4+ T cell
E2L8_TGCCGAGCATTGACAC,Platelet
L3_CTTACCGCAGCTACTA,Naive CD4+ T cell
E2L1_CAGGCCACAGACCAGA,CD8+ Effector T cell
E2L3_GCTTCACAGACCTCAT,Memory B cell
E2L6_TCCATCGAGTCGGCAA,Naive CD4+ T cell
L4_TCGGGACAGAAGTCTA,Plasma cell
L1_CATGCTCAGCAGGCAT,HSPC
L1_TCATTGTAGGGATCAC,cDC1
E2L6_TTGCATTCAATGCAGG,CD16+ Monocyte
E2L4_GTTAGTGCATGAGGGT,Memory B cell
E2L8_TGATCAGTCGGTATGT,Plasmacytoid Dendritic Cell
E2L5_GTAACCACAAGAAATC,Naive CD4+ T cell
E2L4_CGGAACCAGACATATG,Naive CD4+ T cell
L1_CAACGATAGAAGCGGG,NK cell
E2L7_GTGGGAAGTTCGAAGG,NK cell
L1_TACTTGTAGTTTGGCT,Naive CD4+ T cell
L2_TTGACCCCAACGTTAC,MAIT / Effector Memory T cell
L1_TTAGGCACAGTCGAGA,CD8+ Effector T cell
L4_CCTTGTGTCTGCTTAT,MAIT / Effector Memory T cell
L4_CACAGGCCATGGCCAC,Memory CD4+ T cell
L3_TCTATACTCCCGATCT,Naive B cell
E2L4_ATTTCACTCTATCGTT,Treg / Activated T cell
L1_AGCCAGCAGAGAGTTT,NK cell
L2_CGAGTTAAGCGAGGAG,Plasma cell
E2L2_GTGCACGAGATTGATG,Plasmacytoid Dendritic Cell
E2L6_TTTGATCCAAGAGTTA,CD8+ Effector T cell
L1_CAAGGGATCTTTGATC,Memory B cell
L4_AAGATAGTCAAGCTTG,cDC1
L1_TTTGTTGTCAGGAAAT,Plasma cell
E2L2_ATGGATCGTCAGTCTA,Plasmacytoid Dendritic Cell
E2L1_CAGTTAGTCCTCTTTC,CD14+ Monocyte
E2L8_AATCGTGGTCTTTATC,CD8+ Effector T cell
L4_GAATCGTCAGTTGCGC,Memory CD4+ T cell
E2L3_CCTAACCCAGAGCCCT,Memory B cell
E2L2_CGATCGGAGAATTTGG,CD8+ Effector T cell
L3_GAATAGAAGTAGTCAA,HSPC
E2L1_TTCTCTCTCTCACGAA,Plasmacytoid Dendritic Cell
L4_CTCATGCGTCGATTAC,Memory CD4+ T cell
E2L1_CATCGCTGTGTATCCA,cDC1
L4_TTTCCTCCACAGTACT,NK cell
L5_CTCCTTTAGGAGAATG,MAIT / Effector Memory T cell
L4_GGACGTCAGTAGCAAT,Proliferating T cell
E2L8_TTGACCCAGGCAGCTA,NK cell
L2_ATGTCTTGTCAGGAGT,Naive CD4+ T cell
E2L8_GGTGAAGAGACCAGAC,CD14+ Monocyte
E2L7_GGGACAATCATTCTTG,Memory CD4+ T cell
L2_TCGAAGTTCGACACCG,HSPC
L3_ACCCAAAGTCGCGTCA,Naive CD4+ T cell
E2L5_CAACCAATCACAGTGT,Plasma cell
E2L4_GTGATGTCACTTCATT,Memory CD4+ T cell
L3_TCACGGGGTGACATCT,HSPC
E2L6_TAGATCGGTTCAAGTC,cDC2
E2L7_ACATCGATCATAGAGA,CD8+ Effector T cell
L3_GGCAGTCGTTGGGACA,Naive B cell
L3_TGTTGGAAGGCAGTCA,NK cell
E2L5_CCACAAAGTAATGCTC,Plasma cell
L5_GCACATATCGGAACTT,HSPC
E2L5_ATGAAAGTCGACGAGA,CD14+ Monocyte
E2L3_TAGTGCAAGAGTGGCT,NK cell
E2L3_TCCTGCAAGACGCCCT,NK cell
E2L3_AGGTAGGAGGAGAATG,Proliferating T cell
E2L2_TGAGCGCTCGATTGGT,NK cell
L4_ATAGACCGTCAAGTTC,Proliferating T cell
E2L4_GTTGCGGTCACCCTTG,NK cell
L1_TCCCATGCACCGGTCA,CD14+ Monocyte
E2L3_CTGAGGCGTCGTCAGC,cDC2
E2L4_AGTAGTCGTGCAACAG,cDC1
E2L7_ACCAAACAGTGCACAG,Proliferating T cell
L4_CCATAAGCAATCAGCT,CD8+ Effector T cell
L5_TGTCCTGAGACAACAT,CD8+ Effector T cell
E2L3_TACGGTAAGCGTTACT,Plasma cell
E2L2_TGTACAGAGCGACTAG,Plasmacytoid Dendritic Cell
L4_TCCTCTTCATTGGATC,Naive CD4+ T cell
L3_CTCAGTCTCAGTGTGT,Memory CD4+ T cell
E2L2_TTTGTTGCATGAAGCG,Memory CD4+ T cell
L5_TTCTGTAAGTGCGTCC,Naive CD4+ T cell
E2L6_AATTCCTTCAGCTGTA,Proliferating T cell
E2L5_GGACGTCCAGAGAAAG,Naive B cell
L5_TCTCAGCGTGAGCAGT,CD14+ Monocyte
L1_TGCGATAGTATCGCGC,Naive B cell
E2L6_TGGGCTGTCTATTTCG,Memory CD4+ T cell
E2L8_GATAGAAGTGCGGCTT,Naive CD4+ T cell
E2L5_CATCGCTCACACGCCA,Memory B cell
L4_AGCGTCGCATCAGCGC,Memory CD4+ T cell
E2L2_TGTCCACTCGGCTTCT,Plasma cell
L3_CGAGTGCTCTATCACT,MAIT / Effector Memory T cell
E2L5_CTCAACCCATAGGCGA,CD8+ Effector T cell
E2L6_TACTTGTTCGTCCATC,CD8+ Effector T cell
E2L1_ATTGTTCCATATACCG,CD8+ Effector T cell
L2_TTTGGAGTCTTCCCGA,Naive CD4+ T cell
E2L6_GGGCTCAAGGTTTACC,Naive CD4+ T cell
E2L7_TCCGGGATCAAGCTTG,Memory B cell
E2L8_CATACAGTCCCGGTAG,Naive CD4+ T cell
E2L7_GGGACTCCAACGCCCA,cDC2
E2L6_TGCAGTAAGTTGTCAC,NK cell
E2L2_CCCTGATTCGTGGCTG,HSPC
L5_TTTACTGGTACACGTT,CD14+ Monocyte
E2L2_ACTACGAGTTTGGGAG,CD14+ Monocyte
L5_ATCACTTGTCGTTGCG,Naive CD4+ T cell
E2L8_AAGACTCAGCCTTCTC,CD14+ Monocyte
L2_CTCCTCCTCATTTGGG,CD14+ Monocyte
E2L8_AACAAAGGTACAAGTA,NK cell
L4_CATACAGAGATAACAC,Proliferating T cell
L2_CTAACCCAGACTCATC,Naive CD4+ T cell
E2L3_TACGGGCCATCCTATT,Platelet
E2L8_GAAGTAAAGGGATCAC,Memory CD4+ T cell
L4_ATCGGATCAATGCAGG,Plasma cell
E2L6_GCGTGCAGTGCTAGCC,Naive B cell
L3_GCATCTCTCAAATGAG,CD8+ Effector T cell
E2L6_GAAGCCCCACAATGCT,CD8+ Effector T cell
E2L3_ACCCTCAGTCAAGCCC,cDC2
E2L2_CGCGTGAAGCTTGTGT,Memory CD4+ T cell
E2L8_ATACCTTTCCTGTAAG,Treg / Activated T cell
L5_GGAGGATGTTCAGGTT,Plasmacytoid Dendritic Cell
E2L5_CTCAGAATCCCTTGTG,Memory CD4+ T cell
E2L3_TTCAATCAGGCACGAT,Platelet
L2_CATTCCGTCTATGTGG,HSPC
E2L1_CGGTCAGCACCGGCTA,cDC2
L1_TATATCCCACCGAATT,Naive CD4+ T cell
L4_TGTTCATTCATAGCAC,Memory CD4+ T cell
E2L6_AGTAACCAGCGGGTTA,Plasma cell
E2L8_GTGAGGAAGCCGTTAT,Memory CD4+ T cell
L1_GCAACATAGGTGCTAG,Naive CD4+ T cell
E2L8_TTCGATTTCGAAGCCC,NK cell
E2L8_GTTGCGGCAATTCACG,Naive B cell
L2_CTTCCGAGTGTTAGCT,CD8+ Central Memory T cell
E2L7_TTACAGGTCGGACGTC,cDC1
L1_CACAACACATCAACCA,cDC2
E2L8_ACCTGTCCATGGATCT,Memory B cell
E2L8_GTGGAAGTCCATGATG,cDC2
L1_CCAATGATCGATTGGT,Naive CD4+ T cell
E2L4_CCTTGTGGTAACTAAG,Naive CD4+ T cell
L4_TGTCCACTCAGGAACG,CD8+ Effector T cell
L3_GTTACCCGTTTCGACA,cDC2
E2L5_AGGGCCTGTGACACGA,Memory B cell
L4_AATCGTGCACACTGGC,Plasmacytoid Dendritic Cell
E2L4_GGAATGGAGACCTCAT,CD8+ Effector T cell
E2L2_GTAGGAGCAACTCCAA,NK cell
E2L7_ACTGTGACACAGCTGC,Naive CD4+ T cell
L3_CTTGATTCATTCAGCA,cDC2
E2L1_TGTGTGAAGGGTCAAC,Memory B cell
E2L5_CGACAGCGTAAGGCTG,Proliferating T cell
L3_AGGGTGACACGACAGA,Plasmacytoid Dendritic Cell
E2L2_CTTCCGAGTCGACTTA,Naive B cell
L4_CGATGGCAGGCGCTTC,HSPC
L3_CGATGGCCAGAACTTC,HSPC
L2_CGATGGCTCGCACTCT,Naive CD4+ T cell
E2L5_TGCGGGTCAAGACGAC,Memory CD4+ T cell
E2L8_CTGCAGGTCACTCGAA,Platelet
E2L5_GAAGGACGTGCGGCTT,Proliferating T cell
L4_GTAATCGAGCTAGAAT,Naive B cell
E2L8_TCATCATAGTGGAATT,CD16+ Monocyte
L3_TCATCATGTAGTAAGT,Naive CD4+ T cell
E2L4_GCAGGCTGTCCTACGG,Plasma cell
E2L1_GAGGCAAAGATGAAGG,NK cell
E2L1_CCGTTCAAGTGTAGTA,Naive B cell
E2L6_GGGAGTACACCATAAC,Memory B cell
L5_GTAGGAGGTAGAGACC,Memory CD4+ T cell
E2L2_CCCTGATTCAATGCAC,Proliferating T cell
E2L1_TGGTGATCAGACCTAT,CD8+ Effector T cell
L2_CTGTATTGTTGCTTGA,Naive CD4+ T cell
E2L1_TGATCAGCATGTTTGG,cDC1
E2L8_ATTTACCAGATAGCAT,Memory CD4+ T cell
E2L1_ATTGTTCGTAGATGTA,MAIT / Effector Memory T cell
L3_CTGGACGGTACAGGTG,Plasmacytoid Dendritic Cell
E2L6_TTTGACTGTTTCGGCG,NK cell
E2L4_CGATGGCAGAGATGCC,CD8+ Effector T cell
E2L7_TCCTTCTCAACCCTCT,CD16+ Monocyte
E2L2_TTCGATTTCTCAGTCC,Plasmacytoid Dendritic Cell
L2_GTGGTTAGTTCGGTAT,Memory CD4+ T cell
L3_CAGTTCCAGTAAGACT,CD8+ Effector T cell
E2L3_TTCCTTCGTGCGGCTT,Memory B cell
L2_TGTCAGAGTCCTCAGG,Naive CD4+ T cell
E2L6_ACCATTTGTGGTACAG,Memory CD4+ T cell
E2L4_GTAGAAACATGATGCT,MAIT / Effector Memory T cell
E2L6_ACTTATCCAGTCCGTG,CD14+ Monocyte
L4_GCCATTCAGTACCGGA,Naive CD4+ T cell
E2L4_AGAACAAAGGTCGTCC,Naive CD4+ T cell
E2L7_ACTTCGCAGGCGAACT,Proliferating T cell
E2L3_TACTTCATCCACACAA,Plasmacytoid Dendritic Cell
L5_GGCGTCACATAGGTAA,CD8+ Central Memory T cell
L4_CGAGAAGGTCCGAAAG,Naive CD4+ T cell
L5_ACCCTTGGTGGCAACA,Memory CD4+ T cell
E2L4_GTAACCAAGGCGATAC,Naive CD4+ T cell
L5_GAAGGACGTCATGACT,MAIT / Effector Memory T cell
L2_GAGGGATGTGAGTGAC,Naive CD4+ T cell
E2L1_AAGGTAAAGTACGTCT,CD8+ Effector T cell
E2L7_CACTGGGTCATTTACC,Memory B cell
L3_GTTACCCTCCTAGCTC,Treg / Activated T cell
E2L4_GACCGTGAGGATGGCT,CD16+ Monocyte
E2L6_ATTCATCCAATAGTGA,CD8+ Effector T cell
E2L5_TTACGTTTCCCGTGTT,Plasma cell
L3_ACGGTCGAGGCCCAAA,Plasmacytoid Dendritic Cell
L1_GATTGGTTCTCTGCTG,CD8+ Central Memory T cell
E2L2_GAGGGATTCGGCTGGT,Memory CD4+ T cell
L3_GGGCTACAGGTGCTTT,NK cell
E2L6_GTACAGTAGTAAACGT,Memory CD4+ T cell
L2_CCCATTGCAGCGTACC,CD8+ Effector T cell
L1_ATTTCACGTGAACTAA,cDC1
L5_GACGCTGTCGACGCTG,CD8+ Effector T cell
E2L3_CTGCCTACATTGACTG,MAIT / Effector Memory T cell
L4_TGAGGGAGTCGGAACA,Platelet
E2L8_TTGATGGCAGATTTCG,Memory B cell
E2L1_CCGGTGAGTAAGATAC,Memory B cell
E2L8_AGTGACTCAACGTTAC,cDC1
L1_AGGGCCTCACAACATC,Naive CD4+ T cell
L2_TCTTTGACATCCGAAT,Naive CD4+ T cell
E2L7_CTCAGTCGTGCGAACA,Plasmacytoid Dendritic Cell
E2L5_CATTGTTTCTCTCTTC,NK cell
E2L3_TTAGTCTTCTCGGTAA,CD16+ Monocyte
E2L5_CATTGTTAGTGTTCAC,Plasmacytoid Dendritic Cell
E2L4_CAAGCTACAATCCTAG,CD8+ Effector T cell
L3_TTAATCCGTTGTATGC,CD8+ Effector T cell
L1_TTCTAGTTCCGATGCG,CD8+ Effector T cell
L3_TTCTGTAGTCCTGTCT,Plasmacytoid Dendritic Cell
L2_TGTCCACGTGAGAACC,MAIT / Effector Memory T cell
E2L5_GAGACCCAGTCACGAG,Memory CD4+ T cell
E2L2_AGACAAAGTGACATCT,Naive B cell
E2L5_AGGGTCCAGGGTACAC,Memory CD4+ T cell
E2L4_AAAGGGCTCTGGACCG,MAIT / Effector Memory T cell
E2L8_ACTTCCGGTTAAACCC,Plasmacytoid Dendritic Cell
E2L5_ATAGAGATCAGTGCGC,Plasmacytoid Dendritic Cell
E2L4_ACATCCCGTACTCAAC,Platelet
L1_ACTATTCAGAGGCGGA,Memory B cell
L1_TCGTGCTGTCTTTCTA,Naive CD4+ T cell
E2L1_CAGTTAGCAACATACC,Proliferating T cell
E2L7_CTGTCGTCATGGAGAC,cDC2
E2L3_TTTCATGAGAGGCTGT,Platelet
E2L3_TCTCTGGTCGCTGCGA,CD14+ Monocyte
E2L6_TCGGGCAGTGGCATCC,Naive CD4+ T cell
L1_CTCCCAAAGAGTCGAC,Treg / Activated T cell
L1_CTTCTAAGTATCGATC,NK cell
E2L1_AGAGAGCAGCGGATCA,CD8+ Effector T cell
E2L2_TGAGTCAGTCCTTAAG,Treg / Activated T cell
L5_GACCAATCACGTATAC,CD8+ Central Memory T cell
E2L5_GTAGTACCAGGCACAA,Platelet
L5_ATGCGATAGGAACTCG,Naive CD4+ T cell
L2_AACCTTTAGAATAACC,Proliferating T cell
L5_TGAGTCAAGTTTCGAC,Naive CD4+ T cell
E2L1_TGGAACTTCGGACAAG,CD8+ Effector T cell
E2L3_CGTTCTGGTTACACTG,Naive CD4+ T cell
L1_TATTGGGGTTCCTAGA,cDC2
L3_TGCAGATTCGAAATCC,Memory B cell
L5_AGACAAAGTGATTAGA,Proliferating T cell
L3_TCGGGCAGTGCCTATA,Memory CD4+ T cell
L1_CAATCGACAGGTTCCG,CD14+ Monocyte
L3_CCTCTCCAGGTTGCCC,HSPC
L4_TGCTCGTGTACAGTAA,Memory CD4+ T cell
E2L8_TTGATGGTCACACGAT,CD14+ Monocyte
E2L3_CGTAAGTGTAAGACCG,CD8+ Effector T cell
E2L6_CACCAAACACAGTGTT,CD8+ Effector T cell
E2L2_GTGTAACCACTCAAGT,CD16+ Monocyte
E2L4_ATGCCTCTCGGCAGTC,Memory CD4+ T cell
L1_AGACCCGGTCTGATCA,CD8+ Effector T cell
L5_TCAGTTTCACGGCGTT,Memory CD4+ T cell
L4_GGTGTCGCAGCTACCG,Naive CD4+ T cell
E2L2_ACACTGAAGACTCCGC,CD16+ Monocyte
L5_CGGGTCATCCTTGAAG,Proliferating T cell
E2L8_CTCACTGAGGTAACTA,NK cell
E2L7_GAGGGTACACGTCATA,Memory B cell
L1_ACATTTCTCACGGGAA,CD14+ Monocyte
E2L8_GAGTGTTGTTAAGGAT,Memory CD4+ T cell
L3_AGTCACAAGTAATCCC,Naive CD4+ T cell
E2L7_GCCAGTGTCCTGCTAC,Platelet
E2L5_CTAAGTGCAAGACGGT,CD14+ Monocyte
E2L2_AGTACCATCTGGGCAC,NK cell
E2L5_GTGTCCTTCACTTTGT,NK cell
L2_CTCAGTCCATCCGGCA,Naive CD4+ T cell
L5_TTTACTGGTCGTGCCA,CD14+ Monocyte
E2L4_AGCTCAAAGATGTAGT,CD14+ Monocyte
L5_TTCCTCTAGGTCATTC,MAIT / Effector Memory T cell
E2L3_CGGAGAAAGCCGATCC,Naive CD4+ T cell
L5_TGCTCGTTCGAGCCAC,Treg / Activated T cell
E2L4_AGCCAATCAGAGAGGG,Naive CD4+ T cell
E2L3_AGGTTACTCTATACTC,Plasmacytoid Dendritic Cell
L1_TATATCCGTAGCGTTT,Naive CD4+ T cell
E2L8_GCCAGCATCCGATAGT,Memory B cell
E2L7_ATCGCCTCAACGACAG,Platelet
E2L7_ATTATCCGTCTCTCAC,Memory CD4+ T cell
L1_AAGCGAGAGAAATTCG,Naive CD4+ T cell
L5_GGCTTGGTCGAGCCTG,CD8+ Effector T cell
L5_TCGAAGTAGACCATAA,Naive CD4+ T cell
E2L8_ACGTCCTAGGTGAGAA,CD8+ Effector T cell
E2L7_TCTTAGTTCGCATTGA,cDC1
E2L8_TTCTGTATCACTGGGC,CD14+ Monocyte
L1_ATTTACCAGGCCTGAA,Memory CD4+ T cell
E2L1_CCGGTAGAGACATAAC,Memory B cell
L3_ACTTATCTCACGGACC,Memory CD4+ T cell
E2L3_AGTTCCCTCGACCATA,Naive CD4+ T cell
L3_GTAACCACAAAGACTA,NK cell
L1_TCAGTTTAGCCTTGAT,Naive CD4+ T cell
E2L1_CGAGGCTCAAGGTCGA,Naive CD4+ T cell
L3_CCCGAAGCACGACGTC,Memory CD4+ T cell
E2L6_GTCATGAGTTGCACGC,CD8+ Effector T cell
E2L4_AACCATGTCTGCGATA,NK cell
L5_TACCGAAAGCCACTCG,HSPC
L4_CTCCTTTTCAAATAGG,Naive CD4+ T cell
E2L4_GTGGTTACAGGGTTGA,Plasma cell
L2_AGGAATATCTCTGAGA,Memory CD4+ T cell
L3_TCATGGAGTCACAGTT,Memory CD4+ T cell
L3_TATTTCGGTCAACCTA,Treg / Activated T cell
E2L5_TATCTTGTCCATTGTT,Memory B cell
L2_AGTAACCTCTCTTCAA,cDC2
E2L6_TCGTCCAGTCAAATCC,CD8+ Effector T cell
E2L1_GCCATGGGTCCTACGG,Proliferating T cell
L2_CTAACCCCACAGTGAG,CD8+ Effector T cell
E2L4_GGTGGCTTCTCTAGGA,CD8+ Central Memory T cell
E2L2_ATTCTACCACCTGCAG,CD14+ Monocyte
E2L7_AGACCATTCGTAGTCA,Proliferating T cell
E2L2_TTATTGCAGCCAAGGT,Naive CD4+ T cell
E2L8_ACCCAAACAGGTGGAT,Memory B cell
E2L2_AGATCGTTCGTGTGAT,Proliferating T cell
E2L5_AAGGTAATCGACATAC,cDC2
L1_GAACTGTAGCAGGCAT,Plasma cell
L1_ATGGATCCAGTTAGAA,CD8+ Effector T cell
L3_GCGAGAAAGATCCAAA,Memory CD4+ T cell
L1_GATCACAAGCATTGTC,MAIT / Effector Memory T cell
L5_CCGTTCATCAACCTCC,Plasmacytoid Dendritic Cell
E2L4_GATGACTGTCAATGGG,CD16+ Monocyte
L2_CGAATTGTCGTCACCT,Platelet
L5_GTCAGCGGTCACAATC,CD8+ Central Memory T cell
E2L2_GACACGCTCCGCATAA,Proliferating T cell
L2_TTACCGCCATGGAATA,Proliferating T cell
E2L7_ACTTAGGTCCGTCCTA,NK cell
L1_TTAGTCTCACGCCAGT,Treg / Activated T cell
E2L8_TCGGATAGTAGCGTCC,Naive CD4+ T cell
E2L2_CACTAAGAGTTCAACC,Treg / Activated T cell
E2L7_GTTACAGGTGATCGTT,CD8+ Effector T cell
E2L1_TTACCATTCGGACTGC,CD14+ Monocyte
E2L6_CTAACCCTCACTTTGT,Memory CD4+ T cell
E2L6_TAACGACAGAGAAGGT,Naive CD4+ T cell
L2_AATGGAATCCCAGTGG,MAIT / Effector Memory T cell
L4_TCACTATGTGTGTCGC,Naive CD4+ T cell
L5_GTAGCTAAGCACACAG,Plasmacytoid Dendritic Cell
E2L6_GAAGCCCTCCAAACCA,CD14+ Monocyte
E2L2_ACGTAGTTCCATCTCG,Naive B cell
E2L7_TGTCAGATCGCCGAGT,Naive CD4+ T cell
E2L2_CCTGCATCAAATTAGG,Naive CD4+ T cell
L1_TGACAGTTCTACTTCA,Proliferating T cell
L5_GTTGTAGAGTCATGGG,Naive B cell
L4_CCCATTGTCAGCTGTA,HSPC
E2L7_ACATTTCGTTGCTCCT,cDC2
L1_ACTCTCGCAGGTTCAT,Naive CD4+ T cell
L5_CTGAGGCAGCTGTTCA,Naive CD4+ T cell
L1_TTGTGTTCAATTGGTC,CD8+ Effector T cell
L5_AGTCTCCCATCCTTCG,Naive CD4+ T cell
E2L2_ACAGAAAGTCGATTTG,Plasmacytoid Dendritic Cell
E2L5_TGACAGTCATGTGCCG,CD8+ Effector T cell
L5_GCACGTGAGTCGCCAC,NK cell
L5_TGAATCGAGCTCCGAC,Memory B cell
E2L7_GACAGCCTCGCCACTT,Memory B cell
E2L8_GTTTGGACATGTTCAG,Plasma cell
L3_CCTACGTCAGTCTACA,Naive CD4+ T cell
L3_TTGCATTCATTGTCGA,Memory CD4+ T cell
E2L4_TCATGTTTCAAGGTGG,Memory B cell
E2L5_CATCCACCACGCCACA,Platelet
E2L2_TTCGCTGAGGTCGTCC,Memory B cell
E2L7_GAATAGACATGCAGGA,Naive B cell
L4_CCCATTGTCGAGAACG,CD8+ Central Memory T cell
E2L6_CCGTGAGGTAGACACG,Memory B cell
L4_TCCCACAAGCACACCC,Memory B cell
L2_TCACGGGCAAGCTGTT,MAIT / Effector Memory T cell
L1_CCCTGATTCGACCACG,Naive CD4+ T cell
E2L7_TGAATCGGTGGTGATG,Plasmacytoid Dendritic Cell
E2L6_ATTTACCCAACTGAAA,Memory CD4+ T cell
L2_CTCTCGAAGCAAATCA,Proliferating T cell
E2L8_AGATGAAAGTGGCGAT,NK cell
E2L5_GTGGTTAAGCGACATG,Plasmacytoid Dendritic Cell
E2L5_CTCCAACGTCCACACG,Naive CD4+ T cell
L3_GTGTAACGTGCTCTTC,Naive CD4+ T cell
L2_GGTTGTATCAGAACCT,Proliferating T cell
L1_GCCGTGACAATACCTG,HSPC
E2L1_CGGACACTCTTGGCTC,Plasmacytoid Dendritic Cell
E2L6_ATTACTCTCCCGGTAG,NK cell
E2L3_ATGACCAAGGATTTCC,Naive CD4+ T cell
E2L2_CGGAGAACACGGATCC,NK cell
E2L1_TTTGATCCAAAGACTA,CD16+ Monocyte
L5_GCTTGGGGTGCATGAG,Proliferating T cell
E2L4_CAGTGCGCATGTCAGT,Naive B cell
E2L3_ATCCCTGTCGTTGCCT,Plasma cell
E2L2_GAGTTACCATAACCCA,cDC2
L2_TGTGCGGGTACAAGTA,Erythroid cell
E2L5_TTGGTTTTCCATTGGA,Memory B cell
E2L3_ATCACGATCCCAACTC,cDC1
L2_TGCTCCATCGACGCTG,Memory CD4+ T cell
E2L8_ATGGAGGAGTCTAGAA,CD16+ Monocyte
E2L8_TCATGTTTCTTGAGCA,Naive CD4+ T cell
E2L2_TCAGGTAGTTGCTCCT,Proliferating T cell
L4_CCTCATGAGGGTACGT,Proliferating T cell
L5_ACCACAATCCCTTCCC,HSPC
E2L7_CATAGACCAATGTTGC,NK cell
L2_ATCGTGAAGTATAGAC,Naive CD4+ T cell
L5_TACAGGTCACTGGCGT,Plasma cell
L4_CACTAAGTCTACCCAC,Memory B cell
L5_AAGATAGCATAGATCC,HSPC
L4_CTGGCAGCACAGTCCG,Memory CD4+ T cell
L3_GTATTGGGTGATAGAT,Naive CD4+ T cell
E2L4_AGGTAGGAGGAAGTCC,Naive CD4+ T cell
L1_TCGTAGATCGGCTTCT,Erythroid cell
L4_ACGATCACAAGTCATC,cDC2
E2L5_TCTTAGTGTCGTATGT,Plasma cell
E2L1_TATTGGGGTATGGAAT,Memory B cell
E2L2_GACTGATGTACGTGAG,Plasmacytoid Dendritic Cell
L5_CAGATTGAGGTCCTGC,NK cell
L5_TGGGCTGCAGAGCCCT,Naive CD4+ T cell
E2L2_TAGACCAGTTAAGTCC,cDC2
L2_TCTATACAGTTGTCAC,MAIT / Effector Memory T cell
E2L1_ACGGAAGAGTAGTGCG,Naive B cell
E2L7_ATCCGTCGTTCGAGCC,NK cell
L3_TGTTCATGTGTTTACG,Naive CD4+ T cell
L5_ATTTCTGCACAAACGG,Memory B cell
E2L2_CTGTAGAGTCCAGCGT,NK cell
E2L3_TTTCAGTGTGTCCACG,Proliferating T cell
E2L7_ACGCACGTCGATACAC,Treg / Activated T cell
L1_CGTAGTATCCAGCACG,Plasma cell
E2L7_ACCTACCCACCAGCTG,Naive B cell
E2L8_AAGATAGCAAGAAACT,CD16+ Monocyte
E2L7_CATTGCCTCGCAGAGA,Memory B cell
E2L7_TCTTCCTAGACGCCAA,Plasmacytoid Dendritic Cell
E2L2_ACTCTCGAGCTAGCCC,Platelet
E2L2_TCCTCGACATTCATCT,Proliferating T cell
E2L1_ATCGATGTCAGAACCT,Naive B cell
L5_TGAGGAGGTACTCCGG,HSPC
L2_CTAGGTAGTATCAGCT,HSPC
L2_CCTAAGAGTTGTTGCA,Plasmacytoid Dendritic Cell
E2L6_AATGGAACAAGCGAGT,cDC2
L4_CTAACTTGTTGTGGAG,Erythroid cell
E2L8_GTTGCTCAGCTGTGCC,CD8+ Central Memory T cell
E2L1_AGTAACCTCTCGAACA,NK cell
E2L8_ATGAGTCGTAACATAG,NK cell
L1_CTGTAGAAGACCGCCT,cDC1
E2L4_AAGGAATTCTGGGCCA,cDC2
L4_AGTAACCGTGGCTAGA,Memory CD4+ T cell
L3_AAGCGTTTCGGTCTGG,CD14+ Monocyte
E2L6_CGGTCAGTCACAACCA,CD8+ Effector T cell
L4_AACACACGTGCGCTCA,HSPC
L2_AGGAAATCACTGCATA,Naive CD4+ T cell
E2L3_CCCGAAGGTAAGGCTG,Proliferating T cell
L1_ACCCTCAAGATGAATC,HSPC
E2L7_TGTTGGAAGTAACCTC,Naive B cell
E2L4_GCAGCTGGTGGAACAC,Memory B cell
L5_GTTGTCCTCGTAGCTA,Naive CD4+ T cell
E2L7_TGTTCTATCAGGTAAA,Naive CD4+ T cell
L2_ACGTTCCTCTAGTGTG,Naive CD4+ T cell
E2L8_GAAACCTCATCGTCCT,Plasmacytoid Dendritic Cell
E2L8_AGAACAATCTATCGCC,CD16+ Monocyte
E2L2_CAACGGCCAATTCTTC,Memory B cell
E2L1_GCCAGGTGTACAGTCT,Memory B cell
L5_CCCGGAAGTCGCAGTC,Naive CD4+ T cell
E2L6_AAACGCTCAAGTTTGC,CD14+ Monocyte
E2L5_TAGACTGTCCAGCAAT,Plasmacytoid Dendritic Cell
E2L6_TATACCTAGTGTGTTC,CD8+ Effector T cell
L5_ATCAGGTTCATAGGCT,CD8+ Effector T cell
E2L7_AACCCAAGTTAACCTG,Naive CD4+ T cell
E2L6_CAGAGCCAGAGCATAT,Memory B cell
E2L4_TTTCATGCAAGGAGTC,CD16+ Monocyte
E2L8_ACTGTCCTCATCGACA,Naive B cell
L2_AACCTTTTCCCATACC,Naive CD4+ T cell
L3_GAGTTGTTCGGCTTGG,CD8+ Effector T cell
E2L7_CTCCCTCCATGGTACT,CD14+ Monocyte
E2L2_CCATAAGCATCAGCAT,CD16+ Monocyte
L3_GGTGATTCAGTAACGG,Naive CD4+ T cell
E2L7_GCAGCCAAGACCTCCG,MAIT / Effector Memory T cell
E2L4_TAGGGTTCACGTAGTT,Naive B cell
E2L7_GTACAGTTCCGTTGGG,Treg / Activated T cell
E2L6_GAAGGGTAGGATGCGT,CD14+ Monocyte
L1_GCCAACGCAAGACCTT,CD14+ Monocyte
L1_TGTTGAGGTGTAAATG,Naive CD4+ T cell
L4_CCTTGTGCAGCAGAAC,Proliferating T cell
L1_AGTGACTCACCTGCAG,NK cell
E2L2_AAGACAAAGGTTACCT,CD14+ Monocyte
E2L4_TACTTCACATCCCGTT,Memory B cell
L3_AGGGTCCAGGGCTAAC,Memory CD4+ T cell
E2L2_AGGTCATCATCCTCAC,MAIT / Effector Memory T cell
E2L2_AGGGAGTTCCATTGTT,Platelet
L1_TGGAACTGTGTTCATG,CD8+ Effector T cell
E2L4_ATTCTACTCTTACACT,Memory B cell
E2L7_CCCGAAGAGGGCCAAT,Proliferating T cell
L2_GGGTCTGAGGGAACAA,Naive CD4+ T cell
L1_TGTTACTGTATGCGGA,Platelet
E2L8_TTCACCGGTCGCACAC,CD8+ Effector T cell
L4_CGTAATGCATAACGGG,Memory CD4+ T cell
L2_CTGCAGGGTTTATGCG,Naive CD4+ T cell
E2L4_GTTCTATTCGCATGAT,Memory B cell
E2L5_CTGAATGGTGTACAGG,CD8+ Effector T cell
E2L5_ATTGGGTGTCGAACAG,Memory CD4+ T cell
E2L7_CCTAAGACATTGAAGA,cDC2
E2L4_GGGTCTGTCGTACACA,Naive CD4+ T cell
E2L6_AGAACCTCATACCACA,cDC2
E2L4_ATCGGATCAAGCACAG,Naive B cell
E2L4_CGAGGAATCACGAACT,Proliferating T cell
E2L5_GTTATGGGTGACTGTT,Naive CD4+ T cell
E2L6_GATCCCTGTGCAATAA,Treg / Activated T cell
E2L8_ATGGAGGTCAAGGCTT,Proliferating T cell
L5_TCTACCGGTTCTGACA,MAIT / Effector Memory T cell
E2L2_TCAGCCTCATTGCCGG,Memory CD4+ T cell
E2L5_GAAGTAAGTGCCGGTT,cDC2
L2_AACAAAGCAATAACCC,Platelet
L3_CAACGGCGTGCACAAG,Naive CD4+ T cell
L2_CTTCCTTAGTAGTCAA,Naive CD4+ T cell
L5_TCCTCTTGTCGGCCTA,MAIT / Effector Memory T cell
E2L7_GGAGCAACACACGTGC,Platelet
E2L6_GTGGAGACAGAACTAA,Platelet
E2L4_TTTCCTCCATTAAAGG,cDC2
L3_ACAAGCTCATAGGTTC,Memory CD4+ T cell
E2L7_ACATCCCGTATTTCCT,Memory B cell
E2L1_TTCTAACGTGTACATC,NK cell
L5_GACATCAAGCTCTATG,Naive CD4+ T cell
L3_ATCGTCCCATCAGCAT,CD16+ Monocyte
E2L1_TCGGATAAGACATCAA,CD14+ Monocyte
L2_TTAATCCGTAGTTACC,Naive CD4+ T cell
E2L6_GAAGAATCAGGGAGAG,NK cell
L2_AGAACCTTCCCTTTGG,Plasma cell
E2L5_TTAATCCCACTACACA,Naive CD4+ T cell
E2L5_CTCCCTCAGCCATATC,Proliferating T cell
E2L4_CACTGAACATGCCGCA,CD14+ Monocyte
L4_ACTTCCGAGTACTGTC,Naive CD4+ T cell
L1_CCCTGATTCGTGACTA,Naive CD4+ T cell
L2_GTAAGTCGTAGCACGA,Plasma cell
E2L4_GTCGAATCAAAGGGTC,CD8+ Effector T cell
E2L2_TATCCTACATTCTTCA,CD16+ Monocyte
L3_GTCATCCGTGCACATT,Plasma cell
E2L5_TTTCATGAGAATAACC,MAIT / Effector Memory T cell
L3_ATGACCAAGTACTGGG,Naive CD4+ T cell
L1_GTATTTCTCGTCTCAC,Memory B cell
E2L2_GAATCGTAGAATGTTG,Naive CD4+ T cell
L1_CACGTGGGTGTTACTG,Naive CD4+ T cell
E2L5_CACGTTCTCCCATTCG,Memory CD4+ T cell
L1_CGAGAAGAGCCAAGTG,Naive CD4+ T cell
E2L5_GTACAACAGGTTATAG,Proliferating T cell
E2L1_GGTTAACTCCATCAGA,NK cell
E2L3_TCATGAGTCTAGACCA,NK cell
L5_GCGGAAAAGAGCCCAA,CD8+ Effector T cell
E2L6_GTGGCGTAGGGATGTC,Proliferating T cell
E2L4_TCACGGGAGTGACCTT,CD14+ Monocyte
L3_AGAAATGTCTACTGCC,MAIT / Effector Memory T cell
L2_CACATGATCGGTTCAA,HSPC
E2L1_ACTTATCGTTCCGCAG,Platelet
L5_AGTGATCTCCACTGGG,Plasma cell
L5_TGCGACGCATGTGCTA,Platelet
L4_GATAGAACAAGCAGGT,NK cell
E2L6_TATATCCTCCCGAGGT,NK cell
L4_ATCGATGCATCGGTTA,CD8+ Effector T cell
L2_GACACGCCAAATCAAG,Naive CD4+ T cell
L5_TAGCACAGTATGGAAT,CD8+ Central Memory T cell
L1_ATCATTCAGAATCGAT,Naive CD4+ T cell
E2L1_ACAACCACACGCGCTA,CD8+ Effector T cell
E2L6_ATGACCAGTGAATGTA,Plasma cell
L4_TTGTGGAGTTCGCGTG,HSPC
L1_TACGGGCCAAGGACAC,Naive CD4+ T cell
E2L2_TTCAATCAGAACTGAT,Treg / Activated T cell
E2L3_TCAGTTTAGCTTTCTT,CD8+ Central Memory T cell
E2L7_AATCGTGGTAGGTACG,Memory CD4+ T cell
L3_CTTCGGTCAGACTGCC,Proliferating T cell
L3_CTGGTCTAGACATCAA,Naive CD4+ T cell
L3_GTCACGGAGAGAGAAC,Naive CD4+ T cell
L1_TGCACGGAGTATGCAA,Plasma cell
L4_TCAGCCTCAGGATTCT,CD14+ Monocyte
L3_GAAGAATTCTCAGGCG,Memory CD4+ T cell
E2L6_CAGCGTGTCCATTTGT,cDC1
E2L2_TGACGCGAGCCTTTCC,NK cell
E2L3_ATCGGCGCAGACCTGC,MAIT / Effector Memory T cell
E2L7_TTAGGCATCGTACACA,Memory CD4+ T cell
L5_AGGCCACAGAGCCCAA,cDC1
L5_CTAACTTGTACAGTAA,CD8+ Central Memory T cell
E2L4_GGAACCCCAGAGAATT,Memory B cell
L5_CTACAGATCCGTTGAA,NK cell
E2L1_TATCTTGCATCGGAAG,CD14+ Monocyte
L1_GATTCTTAGGCTCTAT,MAIT / Effector Memory T cell
L4_TCATTGTGTGAGACGT,Platelet
L2_ATTCACTCAACCGACC,HSPC
E2L2_AGAGCAGTCTGCACCT,Treg / Activated T cell
L2_TGTTACTAGGGACACT,Plasma cell
L4_CATTTCAGTTTCACTT,Memory CD4+ T cell
L5_CTGTACCGTTACCCAA,Naive CD4+ T cell
L1_ATGAAAGGTGTGCTTA,cDC2
L3_ACCACAACAACTCGTA,MAIT / Effector Memory T cell
E2L2_TTACGTTAGCACCGAA,Platelet
L3_ATCCACCCAGTAGGAC,Naive B cell
E2L5_AAGTACCAGATAACAC,Naive CD4+ T cell
L1_TTTGACTAGTGTAGAT,CD8+ Effector T cell
L4_AGCGATTAGACGTCCC,Memory CD4+ T cell
L3_TCCACGTAGGAGAGTA,Memory CD4+ T cell
E2L1_AAGCCATCAGTTGTTG,Naive CD4+ T cell
L5_CACTAAGCACAAACGG,CD14+ Monocyte
L4_GTCTAGAGTATAATGG,Naive CD4+ T cell
L1_CTTGATTTCGGTGTAT,Proliferating T cell
L4_AACAAGATCCATCGTC,Proliferating T cell
L5_AAATGGAAGCGAGTCA,cDC2
E2L7_AGATCCATCTATTTCG,Memory B cell
E2L2_ATCGGATGTTGGGACA,Plasmacytoid Dendritic Cell
L1_GGTAATCTCGTAGGGA,Plasma cell
E2L8_GAAGCGAGTCGAGATG,NK cell
E2L6_TAGACCATCCTGTAGA,Proliferating T cell
E2L6_TCCCAGTCAGTGCCTG,Plasmacytoid Dendritic Cell
E2L2_AGTCAACGTATCGTAC,Memory CD4+ T cell
E2L1_CTATAGGAGGGCATGT,Naive CD4+ T cell
E2L4_AGAGAATAGACCATTC,Memory B cell
L5_CTGCTCACACTCCGGA,CD8+ Central Memory T cell
L5_ATTCCTACACGCCACA,CD8+ Effector T cell
E2L1_GCCAGCATCGAAGCAG,Memory CD4+ T cell
L4_GAGTCATAGAGGGTCT,CD16+ Monocyte
L4_TCCATGCGTACTGAGG,MAIT / Effector Memory T cell
E2L7_TAATTCCGTAACAGGC,NK cell
E2L3_AAGACAACACGACGAA,cDC1
E2L7_ACACTGATCCCTCGTA,Naive CD4+ T cell
L1_TACGCTCAGTCGCTAT,CD8+ Central Memory T cell
E2L5_AAGCATCGTAGTTACC,Memory B cell
L1_CACAACAAGACAACTA,MAIT / Effector Memory T cell
L4_TATGTTCGTTTAGAGA,CD16+ Monocyte
L5_CTGATCCGTCCAGAAG,HSPC
E2L3_CAGGCCAAGTCTGCAT,NK cell
E2L7_ACCACAACAACTTCTT,Memory CD4+ T cell
E2L6_GATCAGTTCATGCCAA,Platelet
L3_GTTGCGGAGACCGCCT,CD8+ Central Memory T cell
L4_TCGTGCTGTAGAATAC,Proliferating T cell
L3_TAGAGTCTCTATTTCG,CD14+ Monocyte
L1_CTACTATGTTCCACGG,cDC1
E2L4_TAATCTCAGACGCCAA,Proliferating T cell
L5_TTACTGTTCGCCTTGT,Memory B cell
E2L2_TATTTCGAGTTGTCAC,Erythroid cell
E2L4_CCTTCAGCATCTTAGG,Proliferating T cell
E2L7_GTTGCGGAGCCTCGTG,Memory B cell
L1_CTCTGGTCAGTAACCT,Naive CD4+ T cell
L2_TCTTCCTAGCAGGTCA,Naive CD4+ T cell
E2L4_AGTGCCGCACACTTAG,Memory CD4+ T cell
E2L3_ACACAGTTCGGAGCAA,MAIT / Effector Memory T cell
E2L6_CCGTTCATCGTTACCC,Memory CD4+ T cell
E2L6_AAGCATCCAGAACGCA,Memory CD4+ T cell
L1_CTACCTGGTCTGATCA,Memory CD4+ T cell
L5_CGTGCTTAGACAGCGT,CD14+ Monocyte
L2_TCTACCGGTTACACTG,Memory B cell
L3_CACACAACATACAGCT,NK cell
L4_AGGTGTTGTAGCGCTC,HSPC
E2L6_GGCAGTCAGCGATGAC,Naive CD4+ T cell
L2_CGTTGGGCACATGGTT,Treg / Activated T cell
E2L5_CTCTCAGCAAGCCTGC,Memory B cell
L4_CTATAGGTCGTCTACC,Naive CD4+ T cell
L2_TAGGTTGCACATGGTT,MAIT / Effector Memory T cell
L5_TATCAGGGTGACGTCC,MAIT / Effector Memory T cell
L1_TTGTTCAGTAGATCGG,Naive CD4+ T cell
L3_TCTACCGCATGCCGGT,Naive CD4+ T cell
L3_TGATTTCCATTCTGTT,Memory B cell
E2L3_CTGTAGACATGATGCT,cDC2
E2L6_GAGATGGCAGTCACGC,cDC2
L2_ATCACGACACTGATTG,Plasma cell
E2L3_GACCCAGAGCCGGAAT,CD8+ Effector T cell
E2L4_ATCCACCGTGCTTCAA,cDC2
L2_GCAGCTGTCTCCCAAC,Naive CD4+ T cell
L1_CGAAGTTGTCGTGCCA,Naive CD4+ T cell
L4_AATCGTGCAGTCAGTT,Memory CD4+ T cell
E2L7_TCAGTGAGTACGATGG,CD8+ Effector T cell
E2L5_TCTCCGATCCGTACGG,CD8+ Effector T cell
L2_TATTGCTGTTAAACCC,Erythroid cell
E2L2_CGGAATTGTTCGGACC,Memory CD4+ T cell
E2L5_AGGATAACATGACGGA,NK cell
L5_TCTGCCACAGGTGTTT,Proliferating T cell
E2L2_TCAGCAAAGAACAAGG,Plasmacytoid Dendritic Cell
E2L1_TCCTAATGTATCGTAC,Proliferating T cell
L2_TCACAAGTCCTCATAT,Erythroid cell
L2_TTACCATCATCGTGGC,CD16+ Monocyte
E2L2_TCAGGTAGTAGTCTTG,CD16+ Monocyte
E2L2_GGAACCCCATTCTGTT,Proliferating T cell
L4_ACGTTCCTCAACGAGG,Proliferating T cell
L4_TCGTGGGCAGCTGAAG,NK cell
E2L8_CTCAGTCCAGACGATG,Plasma cell
L1_GGTAATCTCTCGAGTA,NK cell
E2L1_TGGGCTGAGCCAAGGT,CD8+ Effector T cell
L4_ATCTCTAAGTACTGGG,Memory CD4+ T cell
E2L6_ACCTACCAGCGCCTCA,Naive CD4+ T cell
E2L8_TGGGATTTCGCTCTAC,NK cell
E2L5_TGTGCGGTCCATTTAC,Plasmacytoid Dendritic Cell
L5_CATGCCTGTAACAGTA,Naive CD4+ T cell
L1_AATTTCCAGAGGCTGT,HSPC
E2L1_GGCGTCATCCTAGAGT,Naive CD4+ T cell
E2L8_GTACAGTAGCCTGAAG,CD8+ Effector T cell
E2L1_ACTATCTTCATTGGTG,cDC2
E2L7_GAGGCAACAACGTATC,Plasma cell
L2_AGGCTGCAGAATAGTC,CD8+ Effector T cell
L5_CTCCTTTGTCAGTTTG,Proliferating T cell
L4_GGGTGAATCACAACCA,Memory CD4+ T cell
L1_TCTTAGTAGCCTTCTC,Memory CD4+ T cell
E2L7_GGGCCATCAAGTAGTA,Plasmacytoid Dendritic Cell
L4_CAACGATAGGTGCCAA,CD16+ Monocyte
E2L5_TGGGAGAAGACTCGAG,Naive CD4+ T cell
E2L5_CTCTCAGAGTGTACCT,CD14+ Monocyte
L1_AATTCCTCACTCAGAT,HSPC
E2L5_TACGTCCTCTAATTCC,Platelet
L5_GTTACGAAGGACTTCT,NK cell
L3_ATGAGTCCAAATACGA,Naive B cell
E2L6_CATGCTCGTATCACCA,Memory B cell
L5_CTAGGTAAGCGAGTAC,Naive CD4+ T cell
L4_GCTACCTAGCGGGTTA,Naive CD4+ T cell
E2L7_TAGACCACAGGAATCG,CD14+ Monocyte
E2L3_GTTGCTCGTCTCGCGA,NK cell
E2L3_CCTATCGCATTGCTGA,Naive CD4+ T cell
E2L5_ATCGGATCACAACATC,Plasma cell
E2L3_TCGATTTCACAGCCAC,Naive CD4+ T cell
L3_CATGCTCTCAGGAACG,Naive CD4+ T cell
E2L6_AGGCCACGTGGCTTAT,NK cell
E2L4_ATCGTCCAGCAAGCCA,Memory B cell
E2L7_TGCAGTATCGTCTACC,Proliferating T cell
E2L5_GTCTGTCTCACCCTTG,NK cell
E2L6_AGTGTTGCAACCGGAA,Memory CD4+ T cell
E2L1_GCGGAAAGTGACATCT,MAIT / Effector Memory T cell
L5_CTCACTGTCGTGTGGC,cDC1
L2_TCGGGACTCGGCTATA,HSPC
L1_GCTTGGGCATGACTCA,MAIT / Effector Memory T cell
E2L3_GACTCTCCATACTTTC,CD14+ Monocyte
E2L8_CACATGAAGTGGATAT,CD8+ Effector T cell
E2L1_CGGACACAGCGTGCTC,Memory CD4+ T cell
E2L8_GAGGCAACAGGCAATG,Proliferating T cell
L3_TACGTCCGTATCCTTT,CD16+ Monocyte
L1_CGATCGGGTGATACCT,CD8+ Central Memory T cell
L2_TGTAGACCACCTGCGA,CD8+ Central Memory T cell
E2L1_ATGGTTGCAGCAAGAC,cDC2
L2_TTGGTTTAGCGTGTTT,Plasmacytoid Dendritic Cell
E2L4_GGTGTTAGTGCATACT,CD8+ Effector T cell
E2L5_CATCAAGTCTGGGCAC,CD8+ Effector T cell
L3_CATTGCCGTATGTCCA,Erythroid cell
E2L2_CGTTCTGAGATTACCC,NK cell
L1_TGTTCCGGTAGTCTTG,cDC2
E2L3_ATCACTTGTTGTACGT,NK cell
E2L3_CTATCTACAGCGTGCT,NK cell
E2L1_CGTTAGACACACGTGC,Treg / Activated T cell
L3_CTGGTCTAGGTTATAG,Naive CD4+ T cell
E2L2_CATGCCTGTGTTTGCA,cDC2
L3_AGCTTCCTCGCTTGAA,MAIT / Effector Memory T cell
L3_CTTCGGTTCTGAGTCA,Plasma cell
L4_CTGTAGATCAACTCTT,Naive CD4+ T cell
E2L7_TCGCTTGAGGACAACC,Platelet
L4_TCAAGCATCTCACCCA,NK cell
L4_TCCGGGACACATATCG,Proliferating T cell
L5_CAAGACTGTCAGTCGC,Memory CD4+ T cell
E2L2_TCACTCGTCATTATCC,CD8+ Effector T cell
E2L4_TAGCACAAGACGCATG,Naive B cell
E2L4_TTCGGTCAGCACCAGA,CD16+ Monocyte
E2L4_TTTAGTCTCCTTCTTC,Naive CD4+ T cell
E2L5_GAGGGTATCGTAACCA,Naive B cell
E2L1_TAAGCGTAGCACCGAA,CD8+ Effector T cell
E2L6_GCCCGAAAGGTTACCT,cDC2
L2_AGCTCAAAGTCCCGAC,Proliferating T cell
L2_CTACTATCAAGACCGA,Plasmacytoid Dendritic Cell
E2L2_TCGAACATCTTAAGGC,MAIT / Effector Memory T cell
L1_CCTAACCGTCCGGTCA,CD14+ Monocyte
L4_ACAACCATCAAAGACA,Memory CD4+ T cell
L3_CCCTAACAGCGTGCCT,NK cell
E2L7_TGCGACGCACAGTCCG,Memory B cell
L1_GGCACGTAGAACAGGA,cDC2
E2L5_AGCTCAAAGCTATCTG,Plasmacytoid Dendritic Cell
E2L3_AGCGATTGTGATCATC,Naive B cell
L2_TTAGGGTAGAGAGCGG,Erythroid cell
L1_GCAGGCTCACAAATCC,cDC2
E2L7_TTTACGTAGACAACAT,Memory CD4+ T cell
L3_CCTATCGAGCTCTTCC,Memory B cell
E2L3_GTTACGAAGCGGTAGT,CD16+ Monocyte
E2L8_GATGTTGAGACGGATC,Treg / Activated T cell
E2L8_ACTGTGAGTACTGACT,CD8+ Effector T cell
E2L3_TACCCGTTCATACAGC,Proliferating T cell
L4_CCACACTAGTGATGGC,Platelet
E2L3_GCATCGGCAGGGCTTC,Naive CD4+ T cell
E2L2_TTTGATCGTTAACAGA,CD16+ Monocyte
L3_CATAGACAGCAGTACG,cDC2
E2L6_CGTCAAACATAGGTTC,Naive CD4+ T cell
E2L4_TCCATGCAGCTAGATA,CD14+ Monocyte
E2L7_CATCCCATCCATACTT,Naive CD4+ T cell
E2L8_TTGTTTGAGTACAACA,Naive B cell
E2L4_GGGTGAAGTACAAGTA,Memory CD4+ T cell
L4_AACAACCTCCTGTTAT,CD16+ Monocyte
L2_GTGTTCCTCGTTATCT,MAIT / Effector Memory T cell
E2L4_AACGGGAGTCTTACTT,Memory B cell
E2L6_GCCGATGAGATGGGCT,Memory B cell
L4_ATGAGGGAGTATAGAC,MAIT / Effector Memory T cell
L1_TATCTGTGTGACTGTT,Naive CD4+ T cell
E2L2_CGGAGAAGTCATCAGT,Treg / Activated T cell
E2L4_CCCAACTTCTGTTGGA,CD16+ Monocyte
L4_TCATGGAGTCCGCAGT,Plasma cell
L5_CACGGGTAGTCCCTAA,Plasmacytoid Dendritic Cell
E2L1_CGCATAAAGTAGACCG,CD8+ Effector T cell
L2_ACAGGGAGTATTGGCT,Memory CD4+ T cell
L3_AGTAGTCTCGATGGAG,Naive CD4+ T cell
E2L5_AGTGATCTCAAACGTC,Plasma cell
E2L8_TTCAGGAAGGCCCACT,Naive CD4+ T cell
E2L8_GAACACTTCTAGCCTC,cDC1
L4_CTCAACCGTACAGAAT,Memory CD4+ T cell
E2L5_ACCCAAAGTTAGCGGA,cDC2
E2L3_GCTGCAGAGCCTGAGA,NK cell
E2L8_GTGTTAGTCCCTCGAT,Memory B cell
L3_TGCATGAGTGGATCGA,CD16+ Monocyte
E2L2_GCCATGGGTCCCAAAT,NK cell
L3_TTGTTTGTCTCTCGCA,Memory CD4+ T cell
L1_TGGTTAGGTACGTAGG,Naive CD4+ T cell
L3_TCGAAGTTCTGTCTCG,CD8+ Effector T cell
E2L2_CCACCATAGTACGAGC,NK cell
L5_ATTCACTTCCTACGGG,HSPC
E2L1_GTCAGCGAGCACTAAA,Naive CD4+ T cell
E2L5_ACAGAAAGTAACAGTA,NK cell
E2L6_GACCCAGTCATTTGCT,cDC2
E2L5_TTCGATTGTCTGATAC,HSPC
E2L1_GTCAAACCAGATTTCG,Treg / Activated T cell
E2L4_TGAGCATTCTTTGCTA,Naive CD4+ T cell
L3_GGTAATCGTTATAGAG,Naive CD4+ T cell
L1_TGTTCATTCACACCCT,Naive CD4+ T cell
E2L4_TTAGTCTGTTCACCGG,cDC2
E2L6_ACAGCCGAGTCACTCA,Platelet
L2_CGTGTCTAGAAATGGG,CD14+ Monocyte
L2_GAAATGACAGGTTCGC,MAIT / Effector Memory T cell
L2_TTGCCTGTCGCACGGT,Memory CD4+ T cell
E2L5_TACTTCAGTTAGGCTT,Naive CD4+ T cell
L5_CAACCTCCACCTGTCT,cDC2
L1_TGCGGGTCATCCAATG,MAIT / Effector Memory T cell
L4_AAAGGTAAGGAACGCT,Proliferating T cell
L3_AGGAAATTCTACGCGG,NK cell
E2L5_TGAGTCATCCCGAGAC,Platelet
E2L8_GTAATGCTCGCCAATA,cDC2
L4_AGAGCCCAGTGTCATC,Memory CD4+ T cell
E2L2_TGCTCGTAGATGAACT,Platelet
E2L8_CCTTGTGTCACTCACC,CD14+ Monocyte
L2_CACGTGGGTCCTCATC,Memory B cell
L2_CTGGCAGGTGCATCTA,Proliferating T cell
L3_TTACGTTGTTGTGGCC,Naive CD4+ T cell
L5_GGTAACTTCGCAATTG,CD8+ Central Memory T cell
L3_ATCCGTCCAAAGGCAC,Plasma cell
E2L6_GATGGAGAGACGATAT,cDC1
L1_GACTCTCAGACTCCGC,Naive B cell
E2L8_GTAACCATCTGAATCG,Naive B cell
L5_AGGAAATAGACCACGA,Naive CD4+ T cell
L2_ATAGGCTCAAGTATAG,HSPC
L4_TTGTTGTCACAGACGA,NK cell
E2L1_TTGACCCCAGGAATCG,Naive CD4+ T cell
E2L6_AGGCTGCTCATCTATC,Memory B cell
L1_TGTGGCGTCGAAGCCC,Naive CD4+ T cell
E2L3_AGATCCATCCCGAGGT,Treg / Activated T cell
L4_GTGCAGCAGCGCCTTG,MAIT / Effector Memory T cell
E2L6_ACCGTTCTCCTAGCGG,CD8+ Effector T cell
L3_GTGCTGGGTAATCAGA,Memory CD4+ T cell
E2L1_GCCAGCAAGAGGCCAT,Memory CD4+ T cell
L2_AAAGGGCAGCAATAGT,Naive CD4+ T cell
L5_GTTTGGAAGGTCGACA,NK cell
L1_TTGACCCAGATGGTAT,cDC2
L5_CTGTATTGTTTCTTAC,MAIT / Effector Memory T cell
L1_ATTTCTGGTAGCGTAG,Naive CD4+ T cell
L4_ACTTCCGAGCCTAGGA,Proliferating T cell
E2L7_TCCTTCTCACAGTATC,Plasmacytoid Dendritic Cell
E2L2_CTGTAGATCTTGAACG,Naive B cell
E2L1_ATCACTTGTATCTTCT,CD8+ Central Memory T cell
E2L2_GGCACGTCAGAGAATT,Memory B cell
E2L5_GCGAGAATCCTGTTGC,CD8+ Effector T cell
L1_TCGACCTCACTCTGCT,Naive CD4+ T cell
E2L2_CGGACACAGTAGACAT,NK cell
E2L2_AGATAGATCCCATTCG,Naive B cell
L2_GGATGTTAGTATGTAG,Memory CD4+ T cell
L3_AGTGATCGTGTACAGG,CD8+ Effector T cell
E2L2_GCCAACGTCGAGTGAG,Memory CD4+ T cell
L2_ATGGGAGGTGACACAG,NK cell
L4_GTGCAGCCAGCATTGT,Naive CD4+ T cell
E2L5_GGGCGTTCAGACAATA,CD14+ Monocyte
L4_CTCCTTTCATTGGATC,Naive CD4+ T cell
L3_TGGAGAGCACCAACAT,Naive B cell
L5_TGTACAGTCCTGGTCT,HSPC
L4_GTTATGGCAAGACGGT,Memory CD4+ T cell
L1_CACAGATCATGGCACC,Naive CD4+ T cell
L2_GCAACATTCAGCGGAA,Naive CD4+ T cell
L4_AGTACTGTCTTGATTC,Memory CD4+ T cell
E2L6_TGTTCCGCACCGGCTA,cDC1
L3_TTGGATGGTCGTGGAA,CD8+ Central Memory T cell
L1_AGGTGTTAGCCTATCA,Proliferating T cell
E2L8_TGTAAGCCATGGAATA,cDC2
E2L7_GTTCTATTCAGATGCT,CD8+ Effector T cell
E2L3_TTGCCTGGTTCCTAAG,Memory CD4+ T cell
L3_CCTCATGTCCACATAG,Naive CD4+ T cell
L3_GTGGCGTAGCTGAGCA,Proliferating T cell
L5_ATTACTCCACTACTTT,HSPC
L1_GCCGATGTCGATTGGT,Naive CD4+ T cell
E2L8_GTTCCGTTCGACCTAA,Memory B cell
L5_CGTAAGTCAGTATTCG,NK cell
E2L3_ATGAAAGCAGCAGGAT,Proliferating T cell
E2L8_GAATAGATCCGAGGCT,Memory B cell
E2L8_TGGCGTGAGGACGCAT,Naive CD4+ T cell
E2L5_CCTAACCCAGGGAATC,Platelet
L5_CCCAACTTCACCGGGT,NK cell
E2L2_ACTGATGGTTAGTTCG,Proliferating T cell
L5_CTACAGAAGGATATGT,Naive CD4+ T cell
L4_GACAGCCGTGATAGAT,Naive CD4+ T cell
E2L6_AACCTGAGTCTCCTGT,CD16+ Monocyte
E2L6_ATGATCGAGAACAAGG,CD16+ Monocyte
E2L5_TCTCCGACAGAGCCCT,Naive CD4+ T cell
L5_CTAGGTATCTACCTTA,CD8+ Central Memory T cell
L3_TGTGAGTCATCACGGC,Naive CD4+ T cell
E2L3_GTGGAAGAGTCCTGTA,CD14+ Monocyte
L1_TCCTGCAAGACGGTCA,CD14+ Monocyte
L1_ACCGTTCGTTGTTGAC,MAIT / Effector Memory T cell
E2L1_AGAGCAGTCGACGACC,Memory CD4+ T cell
L4_TGACAGTTCTTCGTGC,CD8+ Central Memory T cell
E2L4_CCTTTGGGTCGGCACT,CD8+ Effector T cell
E2L3_GCACGGTGTAGTCGTT,CD8+ Effector T cell
E2L4_TGTCCTGGTCGTCGGT,Memory B cell
L3_GACCCAGCATCCCACT,Plasmacytoid Dendritic Cell
L2_TCACACCCAGTTAAAG,Naive CD4+ T cell
E2L7_CCTAAGAGTCAACCTA,Plasmacytoid Dendritic Cell
L2_TGTACAGGTCTTACTT,cDC2
E2L8_GCTACAATCTCTGCCA,Memory CD4+ T cell
L5_AAGACAATCCGGTAGC,Naive CD4+ T cell
L2_AGCCACGAGACATACA,Proliferating T cell
E2L3_GGTGTCGTCTGAGAGG,CD8+ Effector T cell
E2L3_AGGATCTTCTCATGCC,Memory B cell
L4_TTGGGATCACTAGAGG,Naive CD4+ T cell
E2L3_CCGTAGGAGCCACTCG,Naive CD4+ T cell
L4_AAAGGATAGCCGAACA,Plasmacytoid Dendritic Cell
L3_ACCACAATCCTACGAA,Memory B cell
L3_TGCTGAATCCGCAGTG,NK cell
L4_ACTCTCGTCCGATGTA,Memory CD4+ T cell
E2L2_TCTCCGAGTACGTACT,CD8+ Effector T cell
L2_TTACGTTGTGATTCAC,CD14+ Monocyte
L1_AAAGTCCTCCAACCGG,Naive CD4+ T cell
E2L2_TCACTATGTGATGAAT,Naive CD4+ T cell
L1_CGGGCATAGACTACCT,Naive CD4+ T cell
L2_CAGTGCGGTAGATTGA,Memory CD4+ T cell
L5_CAGGCCAGTCCCGCAA,Memory CD4+ T cell
L4_GTGCTTCGTTGTTGAC,HSPC
E2L4_GTTACAGTCGCGAAGA,Proliferating T cell
E2L7_GTTTGGAGTGATGGCA,Naive B cell
L2_GACATCAAGCATCAGG,Memory CD4+ T cell
E2L1_CATCCACGTCCGGACT,CD16+ Monocyte
E2L1_TCCAGAAAGGCATCAG,Proliferating T cell
E2L5_CAGATCACAAAGGGCT,Platelet
E2L1_TTGACCCTCAACTTTC,MAIT / Effector Memory T cell
E2L5_CGGAACCTCAATCTTC,Naive CD4+ T cell
L1_CGGGCATGTAATGTGA,MAIT / Effector Memory T cell
E2L1_AACCACATCTATGTGG,NK cell
E2L4_TGACTCCCATAGGAGC,Naive CD4+ T cell
L4_AACCTGACACTCCGGA,NK cell
L3_GACGCTGCAGAGATTA,HSPC
E2L7_CGCAGGTGTAAGGCCA,Naive B cell
E2L8_CATTCTAGTGTCCTAA,Plasma cell
E2L7_AGTCATGGTGTCCAAT,CD16+ Monocyte
L2_TATATCCTCTGGACTA,Naive CD4+ T cell
E2L8_ATGATCGTCTTACCAT,Memory CD4+ T cell
E2L2_TCATTGTGTTCCCACT,MAIT / Effector Memory T cell
E2L1_ATGGGAGCATGACACT,CD8+ Central Memory T cell
E2L2_ATCAGGTAGGGTGGGA,Naive CD4+ T cell
E2L7_GTTGTGAAGTAACGAT,Plasma cell
L3_GGAGATGTCTCGGGAC,Naive CD4+ T cell
E2L5_GATGTTGGTAGAATGT,HSPC
E2L1_AGGATCTAGAACAGGA,Memory B cell
L1_TCAAGACGTTACGGAG,CD16+ Monocyte
L4_CGGGTGTCACGGCTAC,Plasmacytoid Dendritic Cell
E2L5_AAAGGATTCGGTGTAT,Naive CD4+ T cell
L3_CGTTCTGGTAGCGTCC,CD8+ Effector T cell
L5_ATCGGCGAGAGAGTGA,Treg / Activated T cell
E2L2_AGTCACACATAGAGGC,Memory B cell
L2_GTAGAGGCACCGAATT,HSPC
E2L6_AGGGCTCAGCTGACAG,Memory CD4+ T cell
L2_GGGAAGTTCCATTTCA,Naive CD4+ T cell
L3_CATCGCTCATTCACAG,Memory CD4+ T cell
L1_TAGAGTCCACATGGTT,Memory B cell
L5_TACAACGCAACGTAAA,Memory CD4+ T cell
L1_GTTCTATCAGCGAGTA,CD8+ Central Memory T cell
E2L2_TCATTCAGTGGAAATT,MAIT / Effector Memory T cell
L1_GGTGTCGGTTAAGAAC,Naive B cell
E2L1_ACGGTTATCCGTGTAA,Memory B cell
E2L4_CTCATCGAGATTTGCC,NK cell
E2L1_TGGAGAGGTCCGGCAT,Naive CD4+ T cell
E2L6_TCCTTCTCATTGGGAG,Naive B cell
E2L2_CATGGTAAGTCTAGAA,Memory CD4+ T cell
E2L1_CATCAAGAGGGCAGGA,CD16+ Monocyte
E2L6_CATACCCCAGAGTTGG,Naive CD4+ T cell
E2L5_AACACACGTCTAGATC,cDC2
L1_TGACTCCCAGCTCTGG,CD14+ Monocyte
L3_GATCGTAAGGTTGACG,MAIT / Effector Memory T cell
E2L6_CAATTTCTCTGGGCCA,Naive CD4+ T cell
L2_GCAGTTATCTAACGCA,Naive CD4+ T cell
L1_TTGCTGCAGCCTCTGG,Memory CD4+ T cell
L3_TTGATGGTCAAACCCA,CD14+ Monocyte
E2L6_GATCATGGTCAGACTT,NK cell
E2L4_GCTCAAACATGTGGCC,CD8+ Effector T cell
E2L3_CTTCTAATCCGTACGG,CD14+ Monocyte
L4_TTCACGCGTTACAGCT,Naive B cell
L3_AGAACCTAGCCTGTCG,Naive CD4+ T cell
E2L3_TCGGTCTCAATGAACA,CD14+ Monocyte
L5_CATCAAGCAGCGCTTG,Memory CD4+ T cell
E2L3_CATAAGCCACGAAAGC,cDC2
L1_CCGGACAGTTTCGATG,Naive CD4+ T cell
L2_TACCTCGTCCGTTGGG,Naive CD4+ T cell
L2_TACCGAAGTGTTGATC,Plasma cell
L5_AAGACAAGTGGACTGA,Naive B cell
E2L4_CTGAATGAGGCGTTAG,Naive CD4+ T cell
L1_TCGTGCTAGATTGCGG,NK cell
L4_ACGTTCCTCAAAGCCT,HSPC
E2L3_CAACCAAAGCTTCATG,CD14+ Monocyte
L1_TCTGGCTAGACCGCCT,Naive CD4+ T cell
L5_GGGAAGTCAGGGCTTC,Memory CD4+ T cell
L5_TTATTGCTCCTGGGAC,Platelet
L4_ACACGCGAGTCGTCTA,MAIT / Effector Memory T cell
E2L8_GACCGTGCAACTCATG,NK cell
E2L6_CTACCTGGTCGGATTT,Memory B cell
E2L5_GCATCTCTCGAAGCAG,Memory CD4+ T cell
L1_GATTGGTTCGCCTTGT,Plasmacytoid Dendritic Cell
L2_ACTGCAATCTACGCGG,Proliferating T cell
E2L8_ATGAAAGTCCATTGGA,Naive CD4+ T cell
L1_AACTTCTCAGAGGCTA,Naive CD4+ T cell
E2L6_CCGTTCAAGGCATGGT,CD14+ Monocyte
E2L2_GTTGCGGTCTACTCAT,CD8+ Effector T cell
L4_TTACTGTCACTCAGAT,CD16+ Monocyte
E2L4_GTCGCGACAGAAGTTA,Memory B cell
L5_GGAAGTGAGTCCGCGT,Naive CD4+ T cell
L5_TCTACCGCAACTAGAA,cDC1
E2L6_GGCTTTCTCAAATGCC,Naive CD4+ T cell
L3_TACAGGTTCCTGGGTG,Naive CD4+ T cell
E2L5_CAGATCAAGAGTGTGC,Memory CD4+ T cell
L5_CTCAGAAGTCTTAGTG,MAIT / Effector Memory T cell
E2L8_AATCACGTCTCATGCC,CD8+ Effector T cell
E2L5_TTCCTTCCACTTGGCG,Platelet
L3_GTACAACAGTCACTCA,NK cell
E2L7_TGCGACGTCAAATGAG,Naive CD4+ T cell
E2L7_CTCAATTGTATGGGAC,HSPC
E2L5_TCTCACGAGCTTAAGA,Naive CD4+ T cell
E2L7_GCTACAACATGGGCAA,CD8+ Effector T cell
L5_CTAAGTGAGCATGATA,Naive CD4+ T cell
E2L4_TGGGATTTCCAGTTCC,Memory CD4+ T cell
L2_TTCGATTTCCACGGAC,Memory CD4+ T cell
L1_AGGCCACTCAATCTCT,HSPC
L4_CCGTAGGAGGGAGGGT,CD8+ Effector T cell
E2L5_TCCATCGCATGCCGGT,NK cell
E2L1_AGACCCGGTTGTGCAT,Proliferating T cell
L2_CTCCATGCAATTGTGC,Platelet
E2L3_CCACGTTAGGCATTTC,Memory B cell
E2L2_ATTCAGGTCCTCGCAT,Platelet
E2L6_GGTGATTTCTTCGGAA,NK cell
E2L4_GGGATGAGTGAGCGAT,cDC2
E2L6_TACACCCGTTTCGGCG,Naive B cell
E2L1_GTCACTCGTGCGTTTA,Naive CD4+ T cell
E2L2_TGCTTGCGTCGAGATG,cDC2
L1_GAAACCTAGCAGCGAT,Memory CD4+ T cell
L4_CACCAAACAGGCACTC,Naive CD4+ T cell
L5_ATCGTGAGTCGAATTC,Proliferating T cell
E2L5_TCTACCGGTTCTCCTG,cDC1
E2L2_GTAGGAGCATGGGTCC,Plasmacytoid Dendritic Cell
E2L4_ATCCACCAGAAGTCTA,Memory B cell
E2L6_GAGTTTGTCTGAGAAA,Plasma cell
E2L3_GAATAGAGTGGGCTCT,CD16+ Monocyte
E2L8_TGCTTGCTCATTGAGC,CD14+ Monocyte
E2L2_GGAACCCCAAGGTCAG,Memory CD4+ T cell
E2L4_TCCCAGTCACAGTCAT,Proliferating T cell
L3_CTCTCAGGTACCCGCA,Plasmacytoid Dendritic Cell
L5_GTGATGTCACTTGGGC,Naive CD4+ T cell
L4_ACGGTCGAGGAACATT,CD8+ Effector T cell
E2L5_GCCGATGCATGTCTAG,Naive CD4+ T cell
E2L4_GATCCCTAGAGCAGTC,Platelet
E2L4_AATTTCCGTTGATCGT,cDC1
E2L2_CACTGAAAGAGGATGA,NK cell
E2L7_GTGTTAGCACGTTCGG,Memory CD4+ T cell
L1_GTTTACTAGTGGTGGT,Plasmacytoid Dendritic Cell
E2L6_GTGCTGGTCAATGCAC,Plasma cell
E2L1_CTGAATGAGCGGGTTA,Platelet
E2L4_TCGCTCATCGGCATCG,Naive CD4+ T cell
E2L8_CTGAGGCAGCGTATGG,Memory B cell
E2L7_GGTGATTAGAGTAACT,Memory CD4+ T cell
L5_GCCGTGAGTTTCAGAC,Naive CD4+ T cell
L2_CACTGAAAGGTACAAT,CD16+ Monocyte
L4_AACAAAGGTACGAAAT,Plasmacytoid Dendritic Cell
E2L6_AGTGACTAGCGTTCCG,CD8+ Effector T cell
E2L6_AAACGCTCATAATGCC,NK cell
E2L1_GAACTGTCAAGCCATT,Proliferating T cell
E2L5_CCGTAGGCAGTTCCAA,Naive B cell
E2L8_GCACGTGCACAACGAG,Platelet
L5_TTACCATTCTTACCGC,Naive CD4+ T cell
L2_TTCATGTTCGCGTTTC,cDC2
L4_GCAGTTAAGGCTTTCA,Plasma cell
E2L3_ATCGCCTAGTGGATTA,Memory B cell
E2L4_CACTGGGAGTGCGTCC,Naive CD4+ T cell
L3_ATGAGGGGTTTGATCG,NK cell
E2L6_TCTCACGAGAACCGCA,CD8+ Effector T cell
L1_CGAATTGTCGTTCTCG,Plasmacytoid Dendritic Cell
E2L8_GTCATTTCACAGTATC,Treg / Activated T cell
L1_TCTTAGTGTCACTTCC,HSPC
L2_TCATGTTGTCTAGTGT,HSPC
E2L3_CTATCCGGTACCGTGC,Proliferating T cell
L5_TCAAGCAGTGCATCTA,Naive CD4+ T cell
L1_GTCTTTAAGGACAGTC,Memory B cell
E2L4_ACAGCCGGTACTCCCT,Memory B cell
E2L7_AGCCAATAGACGTCCC,Memory B cell
E2L6_TGTGATGCACAACGTT,NK cell
E2L6_TTGGGTATCATGGAGG,Naive CD4+ T cell
E2L2_GGAACCCGTATGTCTG,Proliferating T cell
L2_ATCCTATTCCCTATTA,Proliferating T cell
L3_CTTCGGTGTACGACAG,Naive CD4+ T cell
E2L7_TCAAGCATCATTTCGT,CD8+ Effector T cell
E2L1_CCGTTCATCTACCACC,CD14+ Monocyte
E2L7_GGAGGTACAATGAGCG,Plasmacytoid Dendritic Cell
L2_CCTCAGTGTCCCTAAA,Proliferating T cell
E2L2_CCCTCTCCAGTTACCA,CD16+ Monocyte
E2L7_GTTAGTGTCTACTGCC,Naive CD4+ T cell
E2L8_GGCTGTGCATAAGCAA,Naive CD4+ T cell
L5_ATGCCTCTCGATTTCT,Naive B cell
E2L6_GGTGTTAAGCAACTTC,cDC2
E2L1_AGCATCATCGATGGAG,Naive CD4+ T cell
L1_TCACATTTCTCGTCGT,Naive CD4+ T cell
E2L6_TGCTTCGCACGACGAA,Memory B cell
E2L5_GGGTTTACAGGGTCTC,Naive CD4+ T cell
L1_GGGAGATGTTGGGCCT,Naive CD4+ T cell
E2L7_TGCGGGTGTTTGGCTA,Naive CD4+ T cell
E2L4_ATGCATGCAGCTTCCT,CD16+ Monocyte
E2L4_TGTTCATGTCCGAAGA,Memory CD4+ T cell
E2L1_CTGGCAGCACAGTCAT,Naive B cell
E2L2_CAAGCTATCCGTGCGA,Memory CD4+ T cell
E2L8_TTGTTGTTCTCTGCCA,CD16+ Monocyte
E2L6_TTTCAGTTCCCGGTAG,Memory B cell
E2L1_GGTTCTCAGGTATAGT,Platelet
L1_GGTAGAGAGCACCGAA,Naive CD4+ T cell
L1_TGAGGTTGTCGAGCAA,HSPC
E2L7_TAGAGTCCACTAGGCC,CD14+ Monocyte
E2L1_CCAATTTCAAGAGATT,Memory B cell
E2L6_CCAAGCGCACCTGCGA,cDC2
L2_CGGAGAATCTTAAGGC,MAIT / Effector Memory T cell
E2L2_ATTCATCCAAGGCCTC,Proliferating T cell
E2L3_CCGGTGATCCTTGACC,CD8+ Effector T cell
E2L7_TGAGGGAAGCGAGGAG,CD8+ Effector T cell
E2L2_TAGTGCACACGTGTGC,NK cell
L2_ACCTGAACAACTAGAA,NK cell
L5_AAAGAACCAGTGTGGA,Treg / Activated T cell
E2L1_AGCCAGCAGCTGCCTG,Memory CD4+ T cell
L2_ATTACCTCAGCTACCG,Naive CD4+ T cell
L5_AACCTGAAGGATTTGA,Naive CD4+ T cell
L1_GGGAAGTAGGTCGTAG,Naive CD4+ T cell
E2L6_CAAGACTAGTGCGCTC,Naive CD4+ T cell
E2L1_GCTGCAGTCAAAGGAT,NK cell
L5_TGCGACGCAAGCGCAA,Naive CD4+ T cell
L1_CGGAACCTCCATACTT,NK cell
L5_GCAGCTGCAGCTTCCT,Memory B cell
L4_AAGACAACACAGACGA,cDC1
E2L4_AGGACGACACGACTAT,CD8+ Effector T cell
L2_GTTGAACCAAGTGCTT,NK cell
L4_TCACTCGTCATACAGC,Memory CD4+ T cell
L5_AGAAGCGGTAGAATAC,NK cell
L1_GTTGAACAGCGTCTGC,HSPC
L2_GGGTCACAGGAAGTCC,HSPC
E2L1_TCGCAGGAGCGACTTT,MAIT / Effector Memory T cell
L1_ACGGTCGTCTCGTGAA,Erythroid cell
E2L1_TCGACGGGTATGATCC,Memory CD4+ T cell
E2L5_ACCTACCAGTGAATAC,NK cell
L2_TAAGCCATCGGTGAAG,CD16+ Monocyte
L2_CCCTAACTCTCTTAAC,Memory B cell
E2L1_TGGATGTGTTATAGCC,CD8+ Effector T cell
L1_GTAGAGGAGGACACTG,HSPC
L4_GGGCGTTCAAATACGA,Plasma cell
E2L2_TGATTCTGTGACTGTT,Proliferating T cell
E2L5_TGTGGCGGTAATGATG,CD8+ Effector T cell
E2L5_CGAGAAGGTTGACTGT,Plasmacytoid Dendritic Cell
E2L5_GCTACCTTCCTTCACG,Proliferating T cell
L3_TGACAGTCATCAGCTA,Naive CD4+ T cell
L2_TCTTAGTAGGCTTAAA,CD16+ Monocyte
E2L5_AGAGAGCCAGAGATTA,MAIT / Effector Memory T cell
E2L6_TTCGCTGGTCATTCCC,Platelet
L3_TGTAACGGTACGGGAT,Naive CD4+ T cell
L2_CTGCCTATCACGATCA,CD16+ Monocyte
E2L6_CGAATTGCATTCTGTT,cDC2
E2L4_AACCCAAGTCTTCTAT,Proliferating T cell
E2L7_TACTTACAGATGCCGA,cDC2
L2_TTTGGTTCATCATGAC,Memory B cell
L5_GGAGCAACATCGAGCC,Memory CD4+ T cell
L1_ATACCGACAACGAGGT,Naive CD4+ T cell
L3_GAGTGAGGTAATGATG,Proliferating T cell
L1_CAACCTCGTCGAGTGA,Naive B cell
E2L4_TACCTCGGTACCTAAC,Memory CD4+ T cell
E2L4_GGGAAGTAGTCATTGC,CD14+ Monocyte
L1_ATTCACTAGACCTTTG,Naive CD4+ T cell
L2_TGCTCGTAGCACTCCG,Naive CD4+ T cell
E2L2_CTTCGGTAGGGTGAAA,CD8+ Effector T cell
L3_GTGCAGCTCGGCCCAA,Plasmacytoid Dendritic Cell
E2L3_AACCAACGTACAGGTG,NK cell
E2L4_CCCTCAACAAGCCTGC,Memory B cell
L5_TGATTTCAGTCTGTAC,CD8+ Effector T cell
L1_TTCTTGACAATAACGA,Erythroid cell
L1_AGTAGTCAGTTGTCAC,MAIT / Effector Memory T cell
E2L1_ACTTAGGGTTGTCTAG,CD16+ Monocyte
L5_CACTGAACATGTTCGA,CD8+ Effector T cell
L4_CAGCCAGCAGAAATTG,CD16+ Monocyte
L5_TTCTAGTGTGCTCTCT,Naive CD4+ T cell
E2L2_TTGCATTTCCGGTAAT,Proliferating T cell
L3_TCTTCCTAGACGGTCA,Memory CD4+ T cell
L5_GGTAACTGTAACGATA,Proliferating T cell
L5_GAGTTGTCAAGGCCTC,Naive CD4+ T cell
E2L5_CACACAATCATATGGC,NK cell
L4_GTCGCGACAGAGACTG,Memory B cell
E2L5_CAGGCCACAAGTGTCT,CD14+ Monocyte
E2L2_ATGGGAGGTATGGAAT,Memory CD4+ T cell
E2L3_CAACGGCAGTAATACG,NK cell
E2L5_TAAGCACCATTCGGGC,Naive B cell
L3_GTCATTTAGTAGAGTT,Naive CD4+ T cell
E2L3_GAAGGACAGCCACCGT,cDC2
E2L6_CTCCCAACACACTTAG,NK cell
E2L8_GAAACCTAGCTAATCC,Memory B cell
L1_TCAGTGAGTCTTCCGT,Proliferating T cell
E2L3_CTATCTATCGCAACAT,CD8+ Central Memory T cell
E2L3_TGAGGAGTCCGTGGGT,Plasmacytoid Dendritic Cell
E2L6_CGGGCATTCGCATAGT,NK cell
E2L8_TCCTCCCGTAGCTTGT,Memory B cell
E2L8_TCAGTCCCAACCCGCA,Naive B cell
L1_GAGATGGTCGTAACCA,CD8+ Central Memory T cell
E2L7_GACCAATAGACTCAAA,Treg / Activated T cell
E2L3_TTCTAGTCAACCACGC,Treg / Activated T cell
L2_ATCGGATGTAGACGGT,Naive CD4+ T cell
E2L6_ACTATTCGTTGCTGAT,CD8+ Effector T cell
L2_GAAGCCCGTCTGCAAT,Memory CD4+ T cell
E2L8_CTCCATGAGGCTTAAA,Naive B cell
L4_ACGCACGAGCGTGAGT,cDC2
E2L3_ACTGATGAGGATACGC,Memory B cell
E2L4_AGGAATACAAGTATCC,Plasma cell
E2L6_CTGCTCAAGCTCTATG,CD14+ Monocyte
E2L2_GTTAGACGTTATGACC,Naive CD4+ T cell
E2L1_GTCCTCAAGTCCTGTA,NK cell
L2_GACTCTCTCCACAAGT,CD8+ Central Memory T cell
E2L7_TGTACAGAGAGCGACT,MAIT / Effector Memory T cell
L4_GTAGAGGAGATTCGCT,Naive B cell
E2L6_TCAATCTAGGTCTTTG,Treg / Activated T cell
E2L8_TGAGGGACAATACAGA,NK cell
L3_GATCAGTCAGTGTATC,Plasmacytoid Dendritic Cell
L1_TGGCGTGGTCCCACGA,CD14+ Monocyte
E2L6_TAAGCGTCACTCCTGT,Memory CD4+ T cell
L5_CAGCCAGCATAATCCG,Memory CD4+ T cell
E2L1_GTGGAAGAGGATATAC,Platelet
L1_CTAGGTATCGCCGAGT,MAIT / Effector Memory T cell
E2L3_CAGCAATTCGTAGGAG,NK cell
L2_CTACTATGTGATCATC,NK cell
L2_TTCACGCTCCACACAA,CD8+ Effector T cell
E2L1_GCAGCCAAGACTCTTG,NK cell
E2L5_ACTTATCAGCTCTGTA,CD8+ Effector T cell
L2_CACGTTCCATCCGGTG,CD8+ Effector T cell
L4_CGAAGGACAAAGCACG,Memory B cell
L1_AATGAAGTCGCAATTG,Naive CD4+ T cell
L2_GGTTCTCTCCGCCTAT,Memory B cell
L5_GTGTGATAGAAATTGC,Memory CD4+ T cell
L5_AAACCCATCTTGGATG,cDC2
L1_CGTGATACACGACAGA,cDC1
L2_TTGTGGATCTCCAATT,Naive CD4+ T cell
E2L1_ACTATGGTCTGATGGT,Treg / Activated T cell
L5_CATTCCGGTGAGATTA,MAIT / Effector Memory T cell
L5_TGTCCACGTTCTCTAT,Naive B cell
E2L4_CTAGACAGTACTGGGA,Memory B cell
E2L1_GGTAGAGTCCCATAAG,CD8+ Effector T cell
L4_AAGCGTTGTAGCGTCC,cDC2
L1_CACCAAAGTCAAAGAT,Naive CD4+ T cell
L1_TCAAGCATCGTAGTGT,Memory CD4+ T cell
L2_CTGCATCCAAGACCTT,CD14+ Monocyte
E2L6_CCGTGAGTCATCGCCT,CD8+ Effector T cell
E2L8_CTGAGGCAGATTAGTG,NK cell
L4_GAGCCTGGTCTAGGTT,Naive CD4+ T cell
L1_CGTAGTACAACGGCTC,CD8+ Central Memory T cell
L4_GCAGGCTGTGCCGTAC,Naive CD4+ T cell
L4_GTGAGGACAGTTAGAA,Naive CD4+ T cell
E2L5_TCCCAGTCAAGACCTT,CD8+ Central Memory T cell
E2L8_TCTGGCTCACAGAGCA,cDC2
L1_TGTAAGCCAGCTACTA,Memory CD4+ T cell
L2_TGTAACGGTGAAGCTG,NK cell
E2L3_TCCTAATCAACAAGAT,Memory CD4+ T cell
E2L8_AAGGTAATCATTTGGG,Naive CD4+ T cell
L2_CTCCCTCGTCCAAGAG,Plasma cell
L4_AGCGATTTCACGTCCT,Naive B cell
L2_AATGGCTGTCGAATGG,Naive B cell
E2L6_CTGCATCTCCGGACTG,Memory B cell
E2L6_TGTAGACGTTCCGCTT,MAIT / Effector Memory T cell
E2L6_AACCATGAGGACATCG,MAIT / Effector Memory T cell
E2L1_TCAGCAACATGTCAGT,Memory B cell
L4_GATGTTGTCGTTGTTT,Naive CD4+ T cell
E2L6_CATGGTAAGTCGAAGC,Treg / Activated T cell
E2L8_GTTACCCCAGAACCGA,Naive CD4+ T cell
L5_GGATCTAAGTTCGCAT,Plasmacytoid Dendritic Cell
E2L2_GACTTCCTCGTTGTTT,Memory B cell
E2L2_CAGAGCCCATGGGATG,NK cell
E2L2_GAAGCGACAATCTCTT,Proliferating T cell
L4_ACGGTTATCAATCCAG,Naive CD4+ T cell
E2L2_CTCTGGTGTCTCGCGA,MAIT / Effector Memory T cell
L5_CTCCCTCAGGAATCGC,NK cell
E2L5_TACCGGGAGGTCACTT,CD8+ Effector T cell
E2L1_GGAGATGGTACCATAC,Naive B cell
E2L8_GTCAAACTCGAGAAAT,Plasmacytoid Dendritic Cell
E2L7_GAGATGGAGTGCACCC,CD8+ Effector T cell
L1_GACCAATTCTCGGCTT,NK cell
L4_TTGGGCGCATGATAGA,Memory CD4+ T cell
E2L1_GCCCAGATCGTGCTCT,Proliferating T cell
L2_GACTCTCGTCCGCAGT,Naive CD4+ T cell
E2L1_TTCCGGTCATGAATAG,CD16+ Monocyte
L1_AAGTACCGTGAGGAAA,Plasma cell
E2L2_CGTGAATAGTCACTCA,Plasma cell
E2L6_GGGACTCTCCAGTGTA,CD8+ Effector T cell
E2L3_TTTCGATGTGGCGTAA,NK cell
E2L3_GTGAGTTCAGTTGTTG,Naive CD4+ T cell
L3_AGGGCTCTCCGTGCGA,Memory B cell
L1_CTGGACGGTGACTATC,Naive B cell
L1_TGGTACACATGACACT,Naive CD4+ T cell
E2L6_CCCGGAATCCTACCGT,Memory CD4+ T cell
E2L1_TCGACGGGTGCCGAAA,HSPC
L3_AGGCTGCTCCAGCAAT,Memory B cell
E2L2_TGTTCCGCAAAGAACT,Memory CD4+ T cell
E2L2_AAGCGTTGTAACATGA,CD8+ Effector T cell
E2L7_TGGGAGACAGAACTTC,Naive CD4+ T cell
E2L6_CTTACCGTCTCAGTCC,Proliferating T cell
L1_TTGACCCAGATTGCGG,Naive CD4+ T cell
E2L8_AATAGAGCAATTCTTC,Naive B cell
E2L7_ATACCGACAACTTGCA,CD8+ Effector T cell
E2L7_ACTGCAATCAGGCGAA,Proliferating T cell
E2L1_ACATGCAAGACGCAGT,Plasmacytoid Dendritic Cell
L3_GGGTAGAGTTGTAGCT,Plasmacytoid Dendritic Cell
E2L1_GACTTCCGTCCATACA,CD14+ Monocyte
L1_CTAGACACAACTTGCA,HSPC
E2L8_AAGACTCTCGCTCATC,cDC2
E2L5_GTAATCGCATGATGCT,MAIT / Effector Memory T cell
E2L8_CTATAGGTCCTTCTAA,CD16+ Monocyte
L1_GGAATGGCATACCAGT,MAIT / Effector Memory T cell
L2_TTCCGGTGTACTCGTA,CD14+ Monocyte
L2_ACGATCAAGTGAGCCA,HSPC
L5_ACTTATCAGAAGCGAA,Naive CD4+ T cell
L3_TGTAACGTCCTAAACG,MAIT / Effector Memory T cell
E2L4_TCGCTTGTCTGGGCCA,Platelet
E2L4_GAGTGAGCATCTTAGG,CD16+ Monocyte
L2_GTCATCCGTGGCGCTT,HSPC
L2_CATAGACTCCAGCTCT,CD8+ Central Memory T cell
E2L5_GGCGTCACAGTCTTCC,CD8+ Effector T cell
E2L6_TCCCACAAGCCATTTG,NK cell
L2_CCGGTGAGTGCTGTCG,Memory B cell
L4_ATCGTGACAAGCCTGC,cDC1
E2L8_TCCCACAAGGGTGGGA,Proliferating T cell
E2L6_ATCGGCGCAGTTCACA,cDC2
E2L2_AGAACCTGTTATCTGG,Plasmacytoid Dendritic Cell
L5_CCCTGATAGAGAGTGA,MAIT / Effector Memory T cell
E2L2_TCAGTTTCACAGCCTG,CD8+ Effector T cell
E2L6_CCTGTTGGTTAGGAGC,Memory B cell
E2L8_CTACAGAGTGGATTTC,Plasma cell
E2L5_ATCCTATAGGCTGGAT,NK cell
L5_CTACGGGCACGACGAA,Memory B cell
E2L6_AGGGTGAGTGATATAG,CD16+ Monocyte
E2L3_CATCGTCCATTCACCC,Naive CD4+ T cell
E2L8_TCTACCGCAAGAGCTG,Plasma cell
L5_GTATTGGCAGACTCTA,Naive CD4+ T cell
E2L1_TGTTCATTCCACTTCG,CD8+ Effector T cell
E2L7_CAGCCAGGTATTCCGA,Plasmacytoid Dendritic Cell
E2L7_CCTACGTCAACACTAC,Memory B cell
L5_CGGAGAACATCTCAAG,Treg / Activated T cell
E2L3_AAAGTGAGTGACCTGC,Memory B cell
E2L6_CGTTGGGGTATATGGA,Memory CD4+ T cell
L5_GTGTTCCAGAAACACT,MAIT / Effector Memory T cell
E2L5_AACGAAAGTTCTCTCG,Memory CD4+ T cell
E2L8_ATACTTCAGCACTCGC,Proliferating T cell
L5_AAACCCAGTTCTAAGC,HSPC
L2_GCTCAAATCCCGGTAG,Plasmacytoid Dendritic Cell
L4_CATCGTCAGGTCCCTG,cDC2
L3_ACCATTTAGTCACTGT,Memory CD4+ T cell
E2L7_AATGCCAAGATGAAGG,Naive CD4+ T cell
L5_GTGTCCTAGCGGGTTA,Naive CD4+ T cell
L4_TTGCATTCATTAGGCT,Memory CD4+ T cell
E2L2_TGACCCTAGATTGGGC,CD16+ Monocyte
L5_TAGATCGGTGCCGTTG,CD8+ Central Memory T cell
E2L8_GTGATGTCACAGAGAC,cDC1
E2L4_TCCGTGTCAATACGCT,CD8+ Effector T cell
E2L1_TAACACGGTGCATTAC,Memory CD4+ T cell
E2L5_TTCTCTCCAAGTAGTA,NK cell
E2L5_CGAAGTTGTCCTGGTG,Proliferating T cell
E2L5_CGTCCATGTTAGGGTG,MAIT / Effector Memory T cell
E2L1_TTCTCTCGTCTAGGTT,CD8+ Effector T cell
E2L4_AATTTCCGTTGTGCCG,Naive CD4+ T cell
E2L5_GACCCAGTCCCTCAAC,cDC1
E2L2_TGCTTGCCATGTACGT,NK cell
L5_TTCGCTGGTGCGGTAA,Naive CD4+ T cell
L3_CGAGGCTAGCAGAAAG,Naive CD4+ T cell
L4_GATTCTTTCCTCTCGA,Naive B cell
E2L8_CTCATCGCATGTTTGG,NK cell
L1_TGAGGTTCATTGCTTT,HSPC
L4_ACGTAGTTCGCCAATA,cDC2
L4_CGGCAGTGTACAACGG,CD8+ Effector T cell
E2L4_GACGCTGAGACTGTTC,Memory B cell
L5_TTGCTGCAGACAGCTG,NK cell
E2L6_TCGTGGGCACTAGAGG,Naive B cell
E2L4_AGATCGTAGCTTCTAG,CD8+ Effector T cell
E2L5_ACGTAGTCATCAGCAT,Treg / Activated T cell
L2_TTACAGGGTTCGGTAT,Erythroid cell
E2L4_AGACAGGAGGTAATCA,Memory B cell
E2L6_CGAAGTTTCTGTAACG,CD8+ Effector T cell
E2L2_CTTTCAACAAAGACGC,CD16+ Monocyte
L1_CCTCCTCGTCGGCACT,Naive CD4+ T cell
E2L3_TCCTAATTCAGCGCGT,Plasmacytoid Dendritic Cell
L1_TGAGCATCACATTACG,Treg / Activated T cell
E2L5_CATTCTAGTACTCGCG,CD8+ Central Memory T cell
L5_CCTCTAGGTGGATACG,CD14+ Monocyte
E2L3_CATTGAGCACGAGGTA,CD8+ Effector T cell
E2L3_GTGTGATAGACTCTTG,Memory B cell
L5_GTCGTAAGTGCTCTTC,Naive CD4+ T cell
L3_GTGGGAATCATGAGGG,Memory CD4+ T cell
E2L5_ACAGAAAGTGAGCCAA,NK cell
E2L5_GGGTGTCAGCTTTCCC,CD14+ Monocyte
E2L6_CGAGTGCTCCACTGGG,CD14+ Monocyte
E2L7_GAGTTACGTCATAAAG,Memory CD4+ T cell
L2_TCCGAAAGTTTGAACC,Memory B cell
E2L3_TCTGCCATCTTTCCAA,CD14+ Monocyte
E2L2_CACAACAGTGCAATAA,Plasmacytoid Dendritic Cell
L2_GTGACGCGTTGTGGCC,CD14+ Monocyte
L4_TCCACCAAGCTTACGT,CD8+ Effector T cell
E2L2_CCCTCAATCCTTCTAA,Memory B cell
L2_GCTTTCGAGTTGGAGC,CD14+ Monocyte
E2L7_TGTGATGCATGGTGGA,CD8+ Effector T cell
E2L3_ATATCCTCAAATTGCC,MAIT / Effector Memory T cell
E2L1_TGGAGAGAGGTCACAG,Memory B cell
E2L8_ATCGCCTCAAGTACCT,CD14+ Monocyte
L1_CAGATACTCTAACGGT,CD8+ Effector T cell
E2L8_TTGGGTATCTCATTTG,Naive B cell
L1_ATCACAGGTGTGTTTG,CD16+ Monocyte
E2L4_CGGAACCCACTGTGAT,cDC2
E2L8_GGGATGACATAGCTGT,Memory CD4+ T cell
L5_TCACTCGGTAGTTCCA,CD8+ Central Memory T cell
E2L5_TACCTCGAGTCATACC,Erythroid cell
E2L7_ACATTTCCAAAGGCTG,Memory B cell
L5_CTCCCAAAGTACAGAT,MAIT / Effector Memory T cell
E2L1_AGACACTGTAACTGCT,Proliferating T cell
L5_CGGAGAAAGAATCCCT,HSPC
L5_AACCTGATCTGATGGT,NK cell
E2L3_CGGACACTCACGGTCG,NK cell
E2L6_GTCCTCAAGAGGGTAA,Memory CD4+ T cell
L4_GACATCACAAACACCT,CD8+ Effector T cell
E2L4_GTACAACGTCAATCTG,CD8+ Effector T cell
L4_ATGTCCCTCCGCAAAT,Naive CD4+ T cell
E2L5_CTTACCGCAGGAGACT,cDC2
E2L7_CAATACGTCTACGGGC,Memory B cell
E2L7_GTAAGTCGTGAGTAGC,CD8+ Effector T cell
E2L1_GGAGGATAGGTCCCTG,CD8+ Effector T cell
L3_CGTGAATTCTTGCGCT,Naive CD4+ T cell
E2L5_TTGAGTGTCGCTGACG,NK cell
E2L4_TAACTTCTCAAGCGTT,CD16+ Monocyte
E2L7_CACTGGGAGACTTCGT,Memory B cell
L5_CAGCGTGGTCTACTGA,CD8+ Central Memory T cell
E2L5_GGCTGTGTCGAGAACG,CD8+ Central Memory T cell
L2_GGGAAGTTCTCATTAC,Plasmacytoid Dendritic Cell
L3_AACGTCACAACATCGT,CD16+ Monocyte
L2_AACAAGACAGAGCGTA,Plasma cell
L3_CGTCAAAAGTAGATCA,Plasma cell
E2L6_GTAGAGGGTGGATCGA,Naive B cell
E2L3_GGGAAGTGTAATGCGG,NK cell
E2L7_GTAATCGCAGAGCTAG,NK cell
L2_GTTAGACAGACCTCCG,Naive CD4+ T cell
L5_GAGAGGTCACCAGCTG,Naive CD4+ T cell
L5_TCGGGTGCACCCTTAC,Memory CD4+ T cell
E2L4_AATTCCTCAACGACTT,CD8+ Effector T cell
E2L4_GTTGCTCCACACCAGC,NK cell
E2L3_CATAGACCACTGTGAT,NK cell
E2L4_CGGGTCAAGGAACTCG,Naive B cell
E2L1_ACGTTCCGTCAAGCCC,NK cell
L5_ACAGAAACAGGACTTT,Naive CD4+ T cell
L3_ACCCTCAGTCCGTTTC,Naive CD4+ T cell
L5_GCTACCTTCGTTAGAC,Naive CD4+ T cell
L2_TTCGGTCCACAATTCG,CD8+ Central Memory T cell
E2L3_AGTGACTGTGGCTAGA,NK cell
L1_TCTTAGTAGGGATGTC,CD16+ Monocyte
E2L4_TGGCGTGTCGTTGTAG,Memory B cell
L3_CCGCAAGCAAGGTCTT,Naive CD4+ T cell
E2L5_ACCAACAGTGGCTTGC,Memory B cell
L1_TTCCGTGGTCGTCAGC,HSPC
E2L7_GCCAGGTTCGTCCTCA,Memory B cell
L5_AAGCATCAGCTTTGTG,cDC2
E2L1_GGAACCCCAAGGTCAG,Memory CD4+ T cell
L1_TGCCGAGGTCGGATTT,HSPC
L3_CTGCAGGAGCTAAATG,Memory CD4+ T cell
E2L6_GAAATGAGTGGGCTTC,NK cell
L1_CAAGCTAGTGCATGTT,MAIT / Effector Memory T cell
L1_GGGCTCACACTACCCT,Memory CD4+ T cell
E2L4_GAGAGGTAGGTCCGAA,Memory B cell
E2L7_TGACCCTGTGGACTGA,Naive CD4+ T cell
E2L7_TTACGCCTCTGGGTCG,MAIT / Effector Memory T cell
E2L5_TTCACCGAGGATTTCC,CD14+ Monocyte
E2L4_AGACACTCACAACGTT,cDC2
E2L2_CGGGTGTAGAACTGAT,cDC2
E2L8_CACCGTTAGACTCTAC,Proliferating T cell
E2L8_GGGAAGTCAGGTTTAC,NK cell
E2L7_TGTCAGATCACGACTA,CD16+ Monocyte
E2L5_TATCTTGCACTGGAAG,Memory CD4+ T cell
L4_TATTGCTCAGACAAAT,Naive CD4+ T cell
L3_TAGGGTTTCATGCCCT,HSPC
E2L5_CGGAATTTCCGTGTCT,Memory B cell
L2_CGAGTTATCAGGAACG,Naive CD4+ T cell
L2_AGACAAACAGTGGGTA,cDC2
L2_TGAGTCAGTGATACCT,HSPC
E2L2_CTCGAGGCAAAGCAAT,NK cell
L1_AGTTCCCAGCAGCCTC,CD8+ Central Memory T cell
E2L6_TAGATCGAGACGCCCT,Plasmacytoid Dendritic Cell
L5_CTCTCAGCAGCTCGGT,Naive CD4+ T cell
E2L8_TATTTCGAGAGGGTGG,NK cell
E2L5_CAGGCCAGTCCGTTTC,Naive CD4+ T cell
L1_CGAGTGCGTAGGCTCC,MAIT / Effector Memory T cell
E2L4_AGACCATAGACGCCAA,NK cell
L2_AAGCCATTCTCCCATG,Naive CD4+ T cell
L1_CTGCTCAAGCTTTCCC,Naive CD4+ T cell
L3_AGCGATTCAAGTGCTT,Memory CD4+ T cell
L1_ACACTGAAGCAGGGAG,CD8+ Central Memory T cell
E2L6_CGTTCTGGTTCGGACC,Plasmacytoid Dendritic Cell
L5_GATGACTTCAAGTGGG,CD8+ Effector T cell
E2L3_TTCTAACAGTTTGGCT,NK cell
E2L6_GGTAATCCACCGGAAA,Memory B cell
L1_GAAGTAACACTAGTAC,Platelet
