barcode,cell_type
L3_ACCGTTCCACATATGC,Proliferating T cells
E2L7_GACCAATCAGAGCTAG,Non-classical monocytes
E2L2_TCCGAAAAGAAGCTGC,Platelets
E2L4_TAATCTCGTAGAGATT,cDC2
L5_TATTGCTTCGCTAATG,Effector Memory CD8+ T cells
E2L3_GTAGATCCAACCGACC,Non-classical monocytes
L3_TCCGATCGTGTTTACG,Erythrocytes
L3_TTAGGCACACACCTGG,CD4+ T cells
E2L4_TCGATTTTCTGCTTAT,B cells
E2L5_CGGGTGTTCAACTGAC,CD4+ T cells
L2_CAGCACGTCGAGTCTA,CD4+ T cells
E2L6_GACTGATTCCGTAGGC,Proliferating T cells
L1_TTAGTCTCATCAGCTA,CD4+ T cells
L1_CTAGGTAGTAGATGTA,Plasmacytoid dendritic cells
E2L1_TGACGCGGTTAAGACA,B cells
E2L5_CAGCAGCTCAAGTTGC,CD4+ T cells
L2_CGTAGTATCGCAGATT,Proliferating T cells
L5_CTTGATTTCAGCTAGT,cDC1
L1_AGAACAAAGGAACGCT,CD4+ T cells
E2L1_CGAGGCTTCTGCGGAC,Effector Memory CD8+ T cells
L4_GGGTCACTCGATAACC,CD4+ T cells
E2L6_GATTTCTGTGAATGAT,B cells
L1_GTTCCGTGTACCGGAA,Proliferating T cells
L2_TGGGAGAGTTCGTGCG,HSPCs
E2L1_CTCATTAAGGTCATCT,Classical monocytes
E2L6_CCCTCTCTCGACCACG,B cells
L5_TACGTCCAGAGAGCCT,cDC1
E2L5_AAAGGATCACTCCTGT,Effector Memory CD8+ T cells
L1_ACCCTCAAGGTCCAGA,Cytotoxic CD8+ T cells
E2L1_GTAACCATCACGGACC,Effector Memory CD8+ T cells
L1_GTAGTACTCTTCTAAC,CD4+ T cells
L2_TATCCTATCCCTGGTT,cDC1
E2L1_ATTGTTCAGTATTCCG,cDC2
E2L6_ATCGCCTAGGCTCAAG,Platelets
L2_TCCTCCCTCCGCGATG,Proliferating NK cells
E2L2_ACGGAAGAGATGTTGA,CD4+ T cells
L5_GATGTTGGTACGAGTG,CD4+ T cells
L5_ATCCATTTCACAAGGG,Non-classical monocytes
L4_GATTCGAGTAGTCTGT,CD4+ T cells
E2L2_TATCTGTCACCGTGGT,CD4+ T cells
E2L6_AGGGTTTCACAGGATG,Cytotoxic CD8+ T cells
L5_TCTTAGTCATATCTGG,Effector Memory CD8+ T cells
E2L5_CAGATACAGCCTGAGA,CD4+ T cells
E2L5_CAACAGTTCGGACTGC,Proliferating T cells
E2L8_GGCGTCAGTACCTTCC,Cytotoxic CD8+ T cells
L2_AACAACCGTAGACGTG,Activated CD4+ T cells
L3_GCACGGTGTCGACTGC,CD4+ T cells
E2L5_AGGTCTATCAGTGTGT,cDC2
E2L4_CTGCCTAGTACCTAGT,Platelets
L2_GAGCTGCGTCGAGCAA,Cytotoxic CD8+ T cells
L5_ATCATTCAGAAGGGAT,CD4+ T cells
E2L8_TAAGCCACACACCTGG,Plasmacytoid dendritic cells
E2L4_TAACGACCAAGCTCTA,Activated CD4+ T cells
E2L8_TCATTGTTCGTTGCCT,Activated CD4+ T cells
E2L7_CTACCTGAGTCGCGAA,Non-classical monocytes
E2L2_TAGGGTTAGCACTAAA,Classical monocytes
L2_TGGTACAGTGTATCCA,HSPCs
L4_GGAACCCAGCTCCACG,NK cells
E2L6_CTCGAGGTCTAAGCCA,Non-classical monocytes
L5_TCGCTTGTCTTACCGC,cDC2
L3_CGTAATGAGTACTGTC,NK cells
E2L4_TTGGTTTAGTATGGAT,cDC1
E2L3_AGGTCATAGCATCAAA,CD4+ T cells
L4_TCTGGCTCATAATGCC,CD4+ T cells
E2L1_TGACGCGTCCACACAA,Effector Memory CD8+ T cells
E2L3_CTCTCGAGTCCTTAAG,Cytotoxic CD8+ T cells
E2L6_CCGTAGGAGGCAGGGA,Effector Memory CD8+ T cells
E2L2_AAAGTGAGTCTGTGAT,Proliferating T cells
L1_GATCACATCAAGGAGC,CD4+ T cells
E2L3_GAGTTACTCACATCAG,Plasma cells
E2L4_ATGCCTCGTTCGGCGT,Effector Memory CD8+ T cells
E2L8_GTACAGTGTAGCACAG,Proliferating T cells
E2L8_ACTGTCCAGCTATCTG,Effector Memory CD8+ T cells
L5_AGGATCTAGATCACTC,Proliferating T cells
L1_GGGATCCTCCCTCTCC,CD4+ T cells
E2L3_AGGATAAAGCGACTGA,Plasmacytoid dendritic cells
E2L4_GGAATCTGTCGTCTCT,Platelets
L5_CACAACATCGTGCGAC,cDC1
L5_CTACCCAAGCGTGCTC,B cells
E2L5_GTTTACTTCTCACTCG,cDC2
E2L7_ACCCTTGGTGCTTCAA,Proliferating T cells
L1_CGTTAGATCTGGTGGC,CD4+ T cells
E2L4_CGTCCATCATCCGGTG,Cytotoxic CD8+ T cells
E2L1_TCCGGGAAGTCATGCT,Plasma cells
E2L4_TGAGACTAGAATTTGG,B cells
E2L1_ATCTCTAAGCACACCC,Activated CD4+ T cells
L2_TGTTTGTTCACTTCTA,Effector Memory CD8+ T cells
E2L7_AGCTCAACACACAGAG,Effector Memory CD8+ T cells
L5_CTCCGATGTAGAGTTA,Erythrocytes
L5_GCTGAATCATGATGCT,Effector Memory CD8+ T cells
E2L2_CAGGCCATCTATTTCG,Activated CD4+ T cells
E2L3_GTGCACGCAGTTTCAG,Effector Memory CD8+ T cells
E2L7_TCATTCAAGGACGGAG,CD4+ T cells
E2L2_TGAGGTTAGTGTTGTC,Non-classical monocytes
E2L3_GTAGCTACATCAGTCA,Proliferating T cells
L1_AGGAAATTCCACGTCT,CD4+ T cells
L3_AATCGACTCCGATAAC,CD4+ T cells
E2L3_CTTCTAACACAATTCG,Proliferating T cells
L3_CATAAGCAGAGGGTGG,CD4+ T cells
L1_TCATCCGAGTATCTGC,CD4+ T cells
E2L7_CACGTGGTCTCTGGTC,Platelets
E2L1_TCTCACGTCATTTACC,Cytotoxic CD8+ T cells
L2_CCTATCGGTATCTCTT,Erythrocytes
E2L1_CGTGATAAGGATTCCT,B cells
L4_TAAGCACAGGCAGGGA,B cells
L5_CACTGAAGTTCGTTCC,B cells
E2L3_TTTGACTCAAGAGGCT,cDC1
L3_TCAATCTTCGTGGCGT,HSPCs
E2L2_GCATCGGCAGGGTCTC,B cells
L5_AGGGTCCCAGACGGAT,CD4+ T cells
L2_CCAATGATCATCGCTC,Non-classical monocytes
L5_TCGATTTCAAATTAGG,Plasma cells
E2L4_TAAGCCACAAGAGATT,B cells
L5_TGTAACGAGATGGGCT,Memory CD8+ T cells
E2L6_GCGATCGCAATACGCT,Cytotoxic CD8+ T cells
L4_CTACCCACAGAGAGGG,Cytotoxic CD8+ T cells
E2L3_TCGGTCTGTCGCTCGA,Proliferating T cells
L4_ATGGGAGCATCTGGGC,CD4+ T cells
L4_AGTCACAGTGTTCGAT,Proliferating T cells
L4_ACTGATGGTAAGATCA,B cells
L1_TGTAGACGTAGTGCGA,CD4+ T cells
E2L8_AGGTGTTCAACTACGT,CD4+ T cells
E2L2_ATGAGTCTCTTCGACC,Classical monocytes
E2L8_CTGTAGACAGATAAAC,CD4+ T cells
E2L2_GGGTCTGAGAATCGCG,Cytotoxic CD8+ T cells
E2L6_GGTCTGGAGTAGTCTC,CD4+ T cells
E2L4_AGCTCAATCTGTCGTC,CD4+ T cells
E2L2_AGAGAATTCATGGATC,B cells
E2L7_CTCAACCAGCCATGCC,Proliferating T cells
E2L3_CTCGAGGTCGCTAAAC,Cytotoxic CD8+ T cells
E2L5_GAGGCAAGTACTCGCG,Platelets
L5_ACACAGTTCACGGTCG,Effector Memory CD8+ T cells
L3_CTCCGATCAGGACGAT,Erythrocytes
E2L5_TGCTTCGCACAACGTT,Cytotoxic CD8+ T cells
L3_ATCGTGAAGTCAAGCG,HSPCs
E2L4_ATTCGTTGTGGACTAG,Platelets
E2L7_AGGGTCCGTCACTTAG,CD4+ T cells
E2L2_GTTGAACCACCGTACG,NK cells
E2L4_AGTAACCAGAGTCTTC,B cells
L2_TACTGCCTCATAGACC,cDC2
L3_TGTCCACTCTGGGCCA,Plasma cells
E2L7_CACTGAATCCATAAGC,CD4+ T cells
L4_TGTTTGTCAGTCAACT,B cells
E2L5_TACTTGTCATGGGATG,Classical monocytes
E2L6_ATTCGTTAGAACTCCT,Plasma cells
L2_GCAGGCTTCAGCCTCT,CD4+ T cells
L4_TCGATTTCATGACACT,CD4+ T cells
E2L2_GTCTGTCAGTTACGAA,Activated CD4+ T cells
E2L7_CACACAACACTGGATT,Plasmacytoid dendritic cells
E2L7_TTTCACATCGCCTTTG,NK cells
L5_AGGTTGTCATGCACTA,CD4+ T cells
E2L2_GGAACCCGTTCTCCCA,NK cells
L1_ACTTATCTCGCCTTTG,Platelets
E2L3_CGTTGGGCAGCGTTGC,Plasma cells
L1_TCGGATAAGGCTTAAA,Proliferating T cells
E2L6_TTGTTCAGTTATGTCG,Platelets
E2L3_GTAACACAGGGAACAA,CD4+ T cells
L2_GTTGTGAAGCATATGA,CD4+ T cells
E2L5_TTCATGTTCCGAGTGC,Non-classical monocytes
L4_ATAGAGACAGGAGGAG,Cytotoxic CD8+ T cells
L1_ATTTCACTCACAAGGG,Proliferating NK cells
E2L7_GCCCGAACACAGTATC,Cytotoxic CD8+ T cells
L4_TTGACCCCAAGTTTGC,Plasma cells
L1_CAGCCAGGTTGTGTTG,CD4+ T cells
E2L6_ACACCAATCTCAGTCC,Plasmacytoid dendritic cells
L4_CCGAACGAGTCATTGC,Plasma cells
L5_CTCCAACGTTATCTGG,CD4+ T cells
L1_GTTACCCTCAGGACGA,cDC2
E2L1_GCAGTTACAAGGCAAC,B cells
L3_ATCACAGCATTGAGCT,Proliferating T cells
L4_CACATGAAGACATCAA,HSPCs
E2L8_TAGTGCAAGCGTACAG,Platelets
E2L6_TCGGGTGTCCATATGG,Cytotoxic CD8+ T cells
E2L8_TTTACCAAGTTTCAGC,Cytotoxic CD8+ T cells
E2L3_GGAGAACTCTGAGATC,B cells
E2L3_TGCGACGGTCTTCCGT,Memory CD8+ T cells
E2L4_TATGTTCCATTCCTAT,B cells
E2L4_ACGATCAAGGCAGTCA,Effector Memory CD8+ T cells
L2_GTTTACTGTCTCGGAC,Cytotoxic CD8+ T cells
E2L1_CGCGTGAGTCTCAGAT,B cells
L1_GTGAGGAAGGAATCGC,NK cells
E2L6_TGAGTCACACGTCATA,B cells
E2L3_GCCCGAACAGGCCCTA,Effector Memory CD8+ T cells
L3_CGTGTCTTCGGTCATA,Effector Memory CD8+ T cells
L2_AGTAGTCAGTGCCCGT,Memory CD8+ T cells
E2L5_CCTCTCCGTACAGTCT,Classical monocytes
E2L2_CACTTCGGTTGCCGAC,cDC1
L3_CGTGAATAGTGGTGAC,Cytotoxic CD8+ T cells
E2L2_CTAACTTGTTGTGCAT,Platelets
L1_AGCGCTGTCTAGTGTG,Proliferating T cells
E2L3_CAATGACAGGCATTTC,Proliferating T cells
L3_ACATCGAAGCATATGA,Cytotoxic CD8+ T cells
L1_TTCCGGTTCAAGAGTA,Effector Memory CD8+ T cells
L4_CAGTTAGAGCGCCATC,CD4+ T cells
L3_CTGGACGAGGTTGAGC,CD4+ T cells
L3_CACGGGTCAGCTGAGA,CD4+ T cells
E2L1_GTCGCGAAGTAATTGG,Plasma cells
E2L8_TGGTACACAAGCCTGC,Proliferating T cells
E2L1_CCACGTTCATTACTCT,Non-classical monocytes
E2L8_ACGGAAGTCCGTGTAA,Cytotoxic CD8+ T cells
L2_TCAAGTGCATGCGGTC,Cytotoxic CD8+ T cells
E2L5_GCTGCAGTCTTACCGC,Erythrocytes
E2L2_ATTCTTGGTTTACTTC,Classical monocytes
L1_AGGAGGTAGGGCCTCT,B cells
E2L5_GTCTACCAGTGGTGAC,CD4+ T cells
L1_CTGCCTACAAGCGATG,Plasmacytoid dendritic cells
L4_TTGTGGACACGCGTCA,CD4+ T cells
E2L3_TTGGGATGTCATAGTC,Effector Memory CD8+ T cells
L4_TGAGCATGTATGGAGC,CD4+ T cells
E2L5_TCGGGCAAGCGACTAG,B cells
E2L3_TAGGTTGCACATGGTT,Platelets
E2L5_GGGTCACCAGCAGACA,Plasmacytoid dendritic cells
E2L7_CCTTTGGGTCACCGAC,CD4+ T cells
E2L6_AAACGCTCAAATGATG,Non-classical monocytes
E2L8_CCCTCTCAGTGGCCTC,Cytotoxic CD8+ T cells
E2L2_AGGACTTAGCGCCTTG,B cells
E2L2_AGGTTACAGGGTCACA,Cytotoxic CD8+ T cells
E2L4_TCATTGTGTCCTTTGC,CD4+ T cells
L1_CCCAACTTCATTGAGC,Effector Memory CD8+ T cells
E2L1_TATCGCCGTGATGAAT,CD4+ T cells
E2L3_AATGGAAGTCGAGATG,Proliferating T cells
E2L6_ACATGCACACTCTAGA,B cells
E2L1_CTTACCGTCATATGGC,CD4+ T cells
E2L4_TCGTCCAAGCGATGGT,cDC2
E2L2_TCCACCAAGTGTTCCA,CD4+ T cells
E2L2_ACACCAACATGACAGG,Platelets
L1_TAGTGCAGTGTCCAAT,CD4+ T cells
E2L8_ACTATCTAGAAACCCG,Activated CD4+ T cells
L4_TGACAGTGTGATAGAT,Non-classical monocytes
L1_GCCAGGTGTCTTTCAT,Cytotoxic CD8+ T cells
E2L7_AAATGGACAAATCAGA,Classical monocytes
L3_TCCACGTGTGGGAGAG,Plasma cells
E2L2_TGCACGGTCAGTCAGT,CD4+ T cells
E2L4_GTTATGGCAAGAAACT,B cells
L1_AGACCCGTCCGTATAG,Effector Memory CD8+ T cells
L2_GTGGAAGGTGGATCAG,CD4+ T cells
L2_TATTTCGGTGCAGTGA,B cells
E2L7_CCGCAAGAGTAAGACT,Proliferating T cells
L3_TGGTGATTCTCATGCC,CD4+ T cells
E2L6_TACAGGTTCCGCACTT,Classical monocytes
L5_TGAGGAGGTTCTCGCT,Cytotoxic CD8+ T cells
L1_TTAGGCACATCGTGCG,Plasmacytoid dendritic cells
L4_TGCACGGTCCTACGGG,CD4+ T cells
E2L5_CGCAGGTGTCTGCGCA,Non-classical monocytes
L1_ACTATTCTCTAAGGAA,Effector Memory CD8+ T cells
E2L8_ACATGCAGTCGAAACG,NK cells
L1_CTGTATTGTATCCCAA,cDC1
L1_GTAGGTTAGGAAAGGT,Activated CD4+ T cells
L2_GGGCCATCATGGAGAC,Cytotoxic CD8+ T cells
E2L3_AGGGAGTAGGTCGCCT,NK cells
L5_GGGTGAACATATTCGG,Cytotoxic CD8+ T cells
E2L7_TGATGGTTCACGGTCG,NK cells
E2L6_TAAGTCGAGGGCAATC,Cytotoxic CD8+ T cells
E2L4_GGCTGTGAGCAGGTCA,B cells
E2L6_TACGGGCTCACGACTA,Classical monocytes
E2L4_CTACATTAGGGATCAC,Proliferating T cells
L1_GGGTCACCACCTGCTT,CD4+ T cells
E2L6_AGTGATCCAGGTCAGA,Non-classical monocytes
E2L7_GTCACGGCAGGGATAC,Plasmacytoid dendritic cells
E2L7_TCGATTTGTGCCTTCT,cDC2
L4_CACTGTCAGAGATGCC,CD4+ T cells
E2L5_CACGTGGAGGAAAGGT,cDC1
L1_ACCAAACCAACTGGTT,Cytotoxic CD8+ T cells
L2_CCACGTTCAAGTATCC,CD4+ T cells
E2L3_AGGAAATAGACATCAA,Cytotoxic CD8+ T cells
E2L1_GCCATTCCACCAACAT,CD4+ T cells
L3_CCTGTTGGTTCTCCCA,Plasma cells
L3_TCGCACTGTAGTCCTA,CD4+ T cells
L2_TGTCAGAGTGGGACAT,CD4+ T cells
E2L4_ACTATTCTCCGCCTAT,Plasmacytoid dendritic cells
E2L2_TCCCATGAGGCCCACT,B cells
L2_TACTTCAAGCTGTTAC,HSPCs
E2L1_CCTCAGTGTCGTATTG,Classical monocytes
L1_GTTTACTGTTTACCTT,Non-classical monocytes
L3_CAAGAGGTCGACTCCT,cDC2
E2L3_TCGGTCTTCGCAGAGA,CD4+ T cells
E2L8_GTAGAGGAGTCATGGG,B cells
E2L5_ATTCATCCAGGCGAAT,cDC1
E2L2_TTACCGCGTTCTAACG,cDC2
L5_TCATGGACAGTAACCT,Non-classical monocytes
L4_GATCACATCGCGTAGC,B cells
E2L3_TTTGTTGAGGATACGC,Proliferating T cells
L1_GCGATCGAGGCACTAG,Plasma cells
L1_TCACGCTAGCATCGAG,HSPCs
E2L2_TTCCTCTTCGGACTGC,CD4+ T cells
L4_TCGAAGTAGACCATTC,cDC2
E2L6_TGCTGAAGTTGCCGAC,Activated CD4+ T cells
E2L8_GGTAACTAGAGCCGTA,CD4+ T cells
E2L5_GTCCTCACAAGCGGAT,CD4+ T cells
E2L6_GGAGATGTCTGCACCT,Effector Memory CD8+ T cells
E2L5_AAGGAATTCTGAGCAT,cDC1
E2L8_GATGACTTCTAGTACG,Classical monocytes
L5_GGGAGATAGTGGAAAG,Effector Memory CD8+ T cells
L1_AGAAGTACATGTCTAG,Plasmacytoid dendritic cells
L2_TGATTTCAGTGAGGCT,Cytotoxic CD8+ T cells
E2L5_AATTTCCAGGAACGTC,CD4+ T cells
E2L6_GTGTGATTCGCTCCTA,Activated CD4+ T cells
E2L2_TGTCCACGTGAATATG,B cells
L5_TGAGGTTGTGTTGAGG,cDC2
E2L8_GCACATAAGTCATCCA,Classical monocytes
L5_TCCTAATAGTAAGCAT,Plasma cells
L5_CTTACCGAGGAAGTCC,Memory CD8+ T cells
E2L5_TCGATTTGTGTAACGG,Effector Memory CD8+ T cells
E2L7_CAACAGTAGTAAACAC,Platelets
E2L1_TAGAGTCTCCTTCGAC,Cytotoxic CD8+ T cells
L4_CTGTGGGCACAACATC,CD4+ T cells
E2L1_CACAGGCCACGACTAT,Plasmacytoid dendritic cells
E2L7_TTACCATCAATGCTCA,Cytotoxic CD8+ T cells
L1_TCGACGGCACAGACGA,CD4+ T cells
E2L7_GGTTGTATCCGATTAG,CD4+ T cells
L3_AGCTTCCAGAAACCAT,CD4+ T cells
E2L2_CTCCATGCATTACGGT,B cells
E2L7_ACCAACATCCATATGG,Plasma cells
E2L7_GTCTCACAGACGCCAA,Effector Memory CD8+ T cells
E2L3_CTCAGAATCGTTAGTG,CD4+ T cells
E2L4_GGATCTATCTCGCAGG,B cells
E2L5_GCACATAAGCGGGTAT,NK cells
L5_GATGCTAAGAGTCACG,CD4+ T cells
L4_CTCCCTCCAACTTCTT,CD4+ T cells
L4_CCTCTCCAGGTCATCT,CD4+ T cells
E2L7_GAGGCAACAAATTGCC,Plasma cells
E2L4_GACGCTGTCAGCCCAG,Effector Memory CD8+ T cells
E2L5_TTCCTAACATATCTGG,Non-classical monocytes
E2L6_ATAGAGAAGCCGTCGT,CD4+ T cells
L1_TGCAGTACATCCGCGA,Proliferating T cells
E2L2_CAACAACTCGTCAGAT,cDC2
E2L1_CCTGTTGTCCGTGGTG,NK cells
L4_GTGTAACGTGTCTTCC,cDC1
E2L6_TCGTGGGAGTTTAGGA,Plasma cells
L3_ACAACCAGTTTCCCAC,CD4+ T cells
L3_TATCTTGAGGTTCAGG,cDC2
L5_CCGTTCAAGCATCAAA,Effector Memory CD8+ T cells
L4_GAAGGGTTCCGTGTAA,CD4+ T cells
E2L5_ATCCACCGTTCTCGTC,Plasma cells
E2L4_CGAAGTTGTCGGATTT,cDC2
E2L2_ACGGAAGAGACTCAAA,CD4+ T cells
E2L2_ACTATTCGTCAGTCCG,B cells
L5_AACCCAATCTAGACCA,Plasma cells
L2_TGACTCCTCGACTCCT,CD4+ T cells
E2L4_TGCAGTAGTACCCAGC,B cells
E2L4_CCGATGGAGGGATCTG,NK cells
E2L8_TTACCATAGTCCCTAA,B cells
E2L7_TGGTTAGAGCTAGAAT,cDC1
L2_GACCCTTGTGGAATGC,Classical monocytes
L3_ACACGCGCACGACAGA,Classical monocytes
L2_CCTGCATGTTCAGCGC,Non-classical monocytes
L3_ATCACTTAGCCGAACA,Effector Memory CD8+ T cells
L1_ACAACCATCAGATTGC,CD4+ T cells
E2L6_TGTTCATAGTCCCTAA,Non-classical monocytes
E2L4_CCAATGAGTTATCTTC,cDC2
L1_CTACATTGTATGCTAC,Non-classical monocytes
L4_AACCTTTTCAGCACCG,B cells
E2L7_CATGCGGGTAGCACAG,Classical monocytes
L3_TCCTGCAAGGCCACCT,Plasma cells
L4_CGTGTCTCATTCACCC,B cells
E2L3_GTTTACTAGGATACGC,B cells
L2_CAAGACTTCTTCTGGC,Proliferating T cells
E2L7_GAAGCGACACTCCACT,CD4+ T cells
L4_AAATGGAGTTCAATCG,CD4+ T cells
E2L4_GATTCTTGTAACGGTG,cDC2
E2L8_TTGGGCGTCCGAAATC,CD4+ T cells
L1_ATACCGAGTCGACTGC,Non-classical monocytes
E2L3_AGAGAATCATACTGTG,Platelets
E2L8_CTCCCTCGTGCGACAA,Cytotoxic CD8+ T cells
L3_AGGAGGTCATGGCGCT,Effector Memory CD8+ T cells
L5_TCGCAGGCAAGCACCC,Plasma cells
E2L5_CCTCCAAGTAACACCT,Classical monocytes
E2L6_CACCAAATCCTCTAAT,CD4+ T cells
L2_GGAACCCAGGCAGGGA,Platelets
L5_AATGGAAAGTCATACC,Non-classical monocytes
E2L3_CACGTTCTCTGCTGAA,Activated CD4+ T cells
L5_ATCGGATAGTAGCATA,Cytotoxic CD8+ T cells
E2L8_AGAGCAGAGTTGTCGT,Erythrocytes
E2L1_TACCTGCGTGAGCAGT,Plasma cells
E2L6_ATCGGATTCAGTCCGG,B cells
E2L2_CCTACGTGTCAACACT,CD4+ T cells
E2L2_ATAGGCTTCCCTCATG,Proliferating T cells
E2L2_AATTCCTCACCTCTAC,Effector Memory CD8+ T cells
E2L1_GGGAAGTCACAGCCAC,Proliferating T cells
E2L4_CGAAGGACAGAACGCA,Effector Memory CD8+ T cells
E2L1_TTCTGTAGTAGTCGGA,Classical monocytes
L4_AGTACCACAAATGAAC,Effector Memory CD8+ T cells
E2L1_TGGGAGATCAGCAATC,B cells
L1_CGGAATTCACAACGAG,B cells
L2_ATAGGCTTCGGCAGTC,B cells
L2_GATGAGGCAGGCGAAT,CD4+ T cells
E2L6_TCTCAGCGTCCAGAAG,cDC2
E2L3_CATGCAAGTACTGCGC,Classical monocytes
L5_CCCTCAAGTACAAAGT,HSPCs
E2L8_TTCCTCTTCCATCTGC,Plasmacytoid dendritic cells
E2L1_ATCACGACACGCGTCA,Activated CD4+ T cells
L3_AGTACTGCACCAGCTG,Proliferating NK cells
E2L3_GTCGTAATCATTTCCA,Classical monocytes
E2L2_GGCTTTCCAAGTTTGC,Platelets
E2L3_GGCGTCAAGCACCAGA,CD4+ T cells
E2L8_CACTGTCCATGTCTAG,HSPCs
L1_GAACGTTTCTGGTGGC,Classical monocytes
L3_AGCCACGCATTGACCA,CD4+ T cells
L3_GCCGATGTCCCATTCG,CD4+ T cells
L2_GTTTACTCAAATTGGA,Cytotoxic CD8+ T cells
L4_TATTTCGGTCCAGCAC,CD4+ T cells
L2_TCGGATAAGTTCGGTT,CD4+ T cells
E2L6_CGGGTCAAGAAGAGCA,CD4+ T cells
L5_AAGCATCGTTACCTGA,Effector Memory CD8+ T cells
E2L1_GCGTTTCAGTAGTCTC,B cells
E2L6_TCATTGTAGCACCGAA,Proliferating T cells
L1_AACAGGGCATGCCATA,Plasmacytoid dendritic cells
E2L7_ACGGGTCGTACTCCCT,Effector Memory CD8+ T cells
E2L6_GGTTAACCAGTGGCTC,Proliferating T cells
E2L4_GTGAGTTAGGGATCAC,B cells
L1_AGGGCTCAGGGCGAAG,cDC1
E2L7_AGGCATTGTGTACGCC,CD4+ T cells
L2_CGCAGGTGTGGACTAG,Proliferating T cells
E2L4_CAAGACTGTCTACGTA,B cells
E2L6_TCAGCAATCAAGCTGT,B cells
E2L4_GACTGATTCGCTGCGA,Cytotoxic CD8+ T cells
E2L2_CGTAATGGTCTACGTA,HSPCs
L5_TTAATCCAGCCACAAG,Effector Memory CD8+ T cells
E2L4_GATGACTAGGCCTGCT,Non-classical monocytes
E2L4_CCTCCTCCACATGAAA,Classical monocytes
L4_GACCAATGTGCTGATT,Cytotoxic CD8+ T cells
E2L6_ATCGATGGTTCCTAAG,cDC2
L2_CTGGTCTAGATAGCAT,Effector Memory CD8+ T cells
E2L5_TGAGACTTCGGTAGGA,Platelets
L1_TATCGCCGTTGGGTTT,NK cells
L5_GTCCTCAAGCCTTTGA,Cytotoxic CD8+ T cells
L1_TAGGAGGAGCTGTGCC,CD4+ T cells
L2_ATGAGGGGTTCTGAGT,CD4+ T cells
E2L5_TCCCAGTCAGGCTCTG,Classical monocytes
E2L2_CTCATCGCAGAGTCAG,Memory CD8+ T cells
E2L3_TTGGATGGTCCCGCAA,NK cells
E2L1_ATAGAGACACAGTCAT,Platelets
L4_AAGGTAAAGGACAGCT,Non-classical monocytes
E2L3_CGCATAACAGTGGGTA,B cells
E2L2_AGCGATTTCCTCACTG,NK cells
E2L2_TGCCGAGTCGATCCCT,Effector Memory CD8+ T cells
E2L7_GGGTAGACAGCGTACC,Cytotoxic CD8+ T cells
E2L7_TCATGGATCTATCCAT,Activated CD4+ T cells
E2L8_ATGGATCCATGGGTCC,Cytotoxic CD8+ T cells
L2_GGGCTCATCGTTATCT,Platelets
E2L1_GCACATATCCATTTGT,B cells
L2_CTGTAGACACGACGCT,Cytotoxic CD8+ T cells
L1_TACCTGCTCCTGTAGA,CD4+ T cells
L1_GGGTGAATCTCATGGA,CD4+ T cells
E2L8_CTGAGCGGTTTACGTG,Activated CD4+ T cells
E2L7_AGGGCCTCATGGATCT,B cells
L4_ATGAAAGAGGTCTTTG,CD4+ T cells
E2L6_CGCGTGACAATCACGT,cDC2
L5_CGAGTTACAGAGTGTG,CD4+ T cells
E2L8_ATGGTTGCAAGCGCTC,Proliferating T cells
L3_CTCTCAGAGCTAAGTA,Effector Memory CD8+ T cells
L4_GTAACCAGTTCCACGG,Activated CD4+ T cells
L3_TACCCGTCAGTGGCTC,HSPCs
L5_GTTGTAGGTAGAGATT,CD4+ T cells
E2L3_TCGGTCTGTTGTGCCG,Cytotoxic CD8+ T cells
L1_TGGAACTGTGGATGAC,Cytotoxic CD8+ T cells
L5_CATCGCTTCAAACGAA,CD4+ T cells
E2L7_TGTACAGGTTGGCTAT,Activated CD4+ T cells
E2L7_CCAATTTAGCATGCGA,Classical monocytes
L5_GACTTCCTCTCGCCTA,HSPCs
L3_CCATCACCACAGTCAT,Erythrocytes
L5_TAGATCGCAGTATTCG,CD4+ T cells
L1_GGGTAGAAGAAGGATG,CD4+ T cells
L3_AACGGGACACTCTCGT,Non-classical monocytes
E2L5_CGTTAGAGTAGCACAG,B cells
E2L7_GGCTTTCCATAAGATG,CD4+ T cells
E2L1_CCATAAGCAAATGAGT,Cytotoxic CD8+ T cells
L3_ACAAAGATCGCAAGAG,HSPCs
L3_TAGAGTCTCCGCACGA,Cytotoxic CD8+ T cells
E2L4_CTCCTTTTCACGGGAA,Plasmacytoid dendritic cells
E2L2_TTCCTCTAGGCACGAT,Proliferating T cells
E2L1_AATAGAGTCAGGACAG,Cytotoxic CD8+ T cells
E2L5_TGGGCTGTCATCGGGC,B cells
E2L4_TACACCCTCTCGTCGT,Cytotoxic CD8+ T cells
L2_AAACCCAAGTAACAGT,Cytotoxic CD8+ T cells
L4_AGAGCCCAGGAAAGTG,Proliferating T cells
L4_CAATCGATCGCAACAT,CD4+ T cells
E2L2_TGGGCTGAGCCTAACT,Platelets
L1_CAATACGGTTATGACC,CD4+ T cells
E2L7_ACACCAAAGACGCATG,cDC1
E2L3_TACATTCCATGGCGCT,Platelets
E2L6_AATTTCCTCGGAGTAG,Cytotoxic CD8+ T cells
L1_TGATGCAGTTGTGTAC,Erythrocytes
E2L8_TGGGTTATCGTGGCGT,Effector Memory CD8+ T cells
L1_TTCCTAAGTTCCGCGA,B cells
E2L3_GGAGGTAGTATAGGAT,NK cells
L5_ACAAGCTTCCACCCTA,Effector Memory CD8+ T cells
L5_GAGATGGAGACAAGCC,CD4+ T cells
E2L8_GAGTCATGTCCGACGT,Cytotoxic CD8+ T cells
E2L8_CTATAGGAGGCTTAGG,CD4+ T cells
L2_TGAGCGCTCTGCTAGA,Plasma cells
E2L2_CCTGTTGTCGGTATGT,Plasma cells
E2L2_AGTAGCTAGTAACGTA,CD4+ T cells
E2L6_TGTGAGTAGATTTGCC,Effector Memory CD8+ T cells
L5_CATTGTTAGACTACCT,Effector Memory CD8+ T cells
L2_TCCTTCTGTTCTCTAT,HSPCs
L5_TATATCCAGGTGCGAT,CD4+ T cells
L2_ACAGCCGGTGCCTACG,CD4+ T cells
E2L2_CTATCCGTCTTCCTAA,CD4+ T cells
L5_CATACTTAGAATGTTG,Proliferating T cells
E2L5_CCGGGTACAGCTTTCC,Effector Memory CD8+ T cells
E2L4_AAGACAAAGCGTGAAC,B cells
E2L4_TTCCTCTGTCACCGCA,Activated CD4+ T cells
E2L3_GGTAGAGGTACTTCCC,cDC2
E2L8_GAGACCCCATTGGATC,CD4+ T cells
L1_GGCTGTGAGGCTTCCG,Memory CD8+ T cells
E2L2_CTTTCAATCCTTTGAT,Memory CD8+ T cells
E2L1_TTCACCGGTGAACTAA,Plasmacytoid dendritic cells
L4_GTGTTAGTCCGGTTCT,Effector Memory CD8+ T cells
L4_ACTATGGGTCTGATCA,CD4+ T cells
L2_GTTTGGAGTAATACCC,Proliferating T cells
L4_TCAAGCATCAGTCATG,Erythrocytes
E2L2_AGAACCTCAGCTACAT,NK cells
E2L6_ATGATCGTCTAGTGAC,Proliferating T cells
E2L6_GGTTGTATCGACCTAA,B cells
E2L1_CACACAAGTTGCGAAG,Plasma cells
L5_TCCGAAAGTGCATGTT,CD4+ T cells
L3_TCATGCCAGACCAGAC,CD4+ T cells
L4_AGCTCAATCGAGGCAA,HSPCs
L3_TCCATCGTCCGTGGGT,Effector Memory CD8+ T cells
L3_CCCTCTCCAACCGTAT,CD4+ T cells
L4_ATCCATTTCTGGGCAC,cDC2
L5_AGACAGGTCATCGTAG,CD4+ T cells
E2L6_ACACTGATCATCCCGT,Cytotoxic CD8+ T cells
L5_TGAGACTTCATGGGAG,HSPCs
E2L1_TCGGGTGCACGGTGAA,CD4+ T cells
L2_GCGGATCAGTGCGTCC,Cytotoxic CD8+ T cells
E2L2_CTATCCGGTATGGTAA,Plasmacytoid dendritic cells
E2L1_GCCAGCACAGACAAGC,Memory CD8+ T cells
E2L6_ATCGATGAGCTAATGA,cDC1
L1_GTCCCATGTCTTTCTA,cDC2
E2L7_AGATGCTCAGCGTATT,B cells
L2_AGACAAATCCATGAGT,Proliferating T cells
L4_GAGAGGTCAGAGGTTG,Effector Memory CD8+ T cells
E2L2_TCTGCCATCACCTCTG,Cytotoxic CD8+ T cells
E2L2_GTGAGCCTCTTGGGCG,Effector Memory CD8+ T cells
E2L6_CTGAGGCTCTTACGTT,Activated CD4+ T cells
E2L2_GTAACCAAGCATCAAA,Cytotoxic CD8+ T cells
E2L7_AATGGAAGTTCGAAGG,B cells
E2L6_TCCTAATGTGGTTTGT,Cytotoxic CD8+ T cells
L1_AAGAACATCTTCTGTA,CD4+ T cells
E2L4_TCCACGTAGCCACAAG,CD4+ T cells
E2L3_CGAGGCTAGTTGCCTA,Cytotoxic CD8+ T cells
E2L3_AGGATAAGTTAGGCCC,NK cells
E2L1_GGGTATTTCATTGCCC,Proliferating T cells
E2L6_GTAATGCTCAGTCCGG,Effector Memory CD8+ T cells
E2L2_CTATCCGAGGCATTTC,Plasma cells
E2L5_AACGGGAAGGGTCTTT,Effector Memory CD8+ T cells
E2L4_GGGAAGTGTGGGAGAG,NK cells
L2_ATGATCGGTGCATTAC,Cytotoxic CD8+ T cells
E2L3_AGGAAATTCCCGTGAG,Effector Memory CD8+ T cells
L3_GGGCTCAAGAAGCGGG,CD4+ T cells
L1_GTTGTAGCACTGGATT,cDC1
L5_GTGCTGGGTTAGAGAT,Activated CD4+ T cells
E2L5_CGAAGTTAGTACCCTA,Cytotoxic CD8+ T cells
E2L5_GCCATTCGTGTAAACA,CD4+ T cells
E2L2_AGTACCAAGACCATTC,cDC1
E2L8_ACAGAAATCTATCACT,Proliferating T cells
L2_TCATCATGTCGATGCC,Memory CD8+ T cells
L4_ATGAGTCCAACATACC,Proliferating T cells
E2L8_GACTCTCCAATAGAGT,B cells
L1_AAAGGATAGAGACAAG,Plasmacytoid dendritic cells
L4_GGCGTCAAGGCAGCTA,B cells
L4_TAGGTACCAGGCGTTC,cDC2
E2L7_GTTGTAGTCAAGCCTA,NK cells
L1_CAGTGCGCACGCGGTT,CD4+ T cells
L5_CTGTGAAAGGTTGCCC,CD4+ T cells
E2L2_AGAGAGCTCCGGTAGC,Plasmacytoid dendritic cells
L3_GGCAGTCGTCCAACGC,cDC1
E2L1_TTGAACGTCCACACAA,Proliferating NK cells
L1_TTCACCGTCCCAATAG,Effector Memory CD8+ T cells
L2_TTGTTGTGTCTCACGG,cDC2
L5_TTCCTCTCATAGGTTC,HSPCs
E2L2_ACGGGTCGTCATCGCG,CD4+ T cells
E2L8_TGCGGCAAGAGTTGTA,B cells
L1_GACTATGAGTGCACCC,CD4+ T cells
E2L6_TAACCAGTCAGTGTTG,CD4+ T cells
E2L8_CGAGGAAAGACTGTTC,CD4+ T cells
E2L8_ACAAAGACATCTCATT,CD4+ T cells
L1_GTCGAATAGCCTCCAG,CD4+ T cells
E2L5_TGTCCTGGTTGGAGAC,Erythrocytes
L4_TAACGACGTACCGTCG,CD4+ T cells
L3_GGTTCTCCATGGGCAA,HSPCs
E2L7_CAACAACAGTACAACA,Platelets
L3_GGACGTCAGCTAAGTA,cDC2
E2L2_CGAGTGCTCTTGCAAG,cDC2
L4_CCGGTGACACACAGCC,HSPCs
L5_GCCCAGAAGTCCTGCG,Cytotoxic CD8+ T cells
L2_CTAACTTAGGCACTAG,Memory CD8+ T cells
L4_ATCTCTATCTTGCAGA,Cytotoxic CD8+ T cells
E2L8_CCTTTGGCAACGAGGT,Proliferating T cells
E2L7_GAGCTGCCAATGCAGG,Proliferating T cells
E2L3_CAACAGTTCGATTTCT,NK cells
L4_GTGCTTCAGGGCGAGA,CD4+ T cells
E2L4_TATTCCACAACTGATC,Platelets
L2_GCTACAATCTCTAGGA,CD4+ T cells
E2L4_TTGCGTCTCACGATAC,Plasmacytoid dendritic cells
L1_CAGCAATCATGATGCT,CD4+ T cells
E2L7_CGGACACTCGTTGTGA,Proliferating NK cells
L2_GCATTAGCAGCTACCG,B cells
L2_CGAAGGACAGTTGAAA,cDC2
E2L2_TACTTGTGTACCTTCC,B cells
E2L3_ATCACAGGTCAACACT,CD4+ T cells
E2L5_ACATCCCGTAGAATGT,Plasmacytoid dendritic cells
L4_CGCATGGCATCCGGCA,CD4+ T cells
L1_GTAATCGCAGACGCTC,Effector Memory CD8+ T cells
E2L4_GCCGTGATCCAAGCCG,CD4+ T cells
E2L3_GATGACTTCGTGGAAG,Cytotoxic CD8+ T cells
E2L7_CCTCATGTCTATACTC,Proliferating T cells
E2L7_AAGCGAGTCTATGCCC,Proliferating NK cells
E2L4_CAGCAATGTTTCGTAG,B cells
E2L3_GAACGTTAGGTTCCGC,Classical monocytes
E2L2_GTATTTCAGAGTCCGA,NK cells
E2L5_AGTGATCCAGAAATTG,NK cells
L3_TTGCCTGTCGTTTACT,CD4+ T cells
L2_TTAATCCCATGACACT,Effector Memory CD8+ T cells
E2L5_TAGGTTGTCATTCTTG,B cells
E2L5_ATCCATTTCTTTGATC,Plasma cells
E2L3_TCCGATCAGGCGAAGG,B cells
L1_AAGACTCAGGCAGGGA,CD4+ T cells
E2L5_TTTGACTTCTTCTAAC,CD4+ T cells
E2L6_GTTACAGTCCATCACC,Effector Memory CD8+ T cells
L4_GGAGGTAGTCGTTTCC,CD4+ T cells
E2L6_TATCCTAGTTCGTTCC,Cytotoxic CD8+ T cells
E2L6_TATTGGGCAGATACTC,Activated CD4+ T cells
E2L3_GCGTGCACAAACTAAG,Cytotoxic CD8+ T cells
E2L8_GATTGGTCATAACGGG,Platelets
E2L1_CTTTCGGTCCATGCAA,Effector Memory CD8+ T cells
E2L3_GAGATGGGTCTGCCTT,CD4+ T cells
E2L8_GGTAACTGTGGCAACA,NK cells
L1_TTACGTTTCCCATACC,B cells
E2L4_TGTTACTGTTGCTCCT,CD4+ T cells
E2L6_CTCTGGTAGCTAATCC,Proliferating NK cells
L3_CTGCGAGGTAGGTTTC,B cells
L4_ATTTCTGTCTCCGTGT,Activated CD4+ T cells
E2L2_AGATCCATCAGGACAG,Cytotoxic CD8+ T cells
L1_GCAGCTGTCGAGAATA,cDC2
E2L4_GTGGAAGAGCCATCCG,Platelets
L1_AGGGTCCCAGCCCACA,CD4+ T cells
L5_GCAGTTAGTCTTTCAT,Cytotoxic CD8+ T cells
E2L3_CTATCTACACCAGTTA,B cells
L3_GTTAGTGCAGATTCGT,cDC2
E2L1_GTAACACCAACACGTT,Proliferating T cells
E2L3_TCTTCCTCAGCGGATA,B cells
E2L6_GCATGATAGAGGCTGT,Cytotoxic CD8+ T cells
L2_CCTACGTTCGCTGATA,CD4+ T cells
E2L4_CTCATCGAGCGTGAAC,Platelets
E2L7_ATGAAAGCAATCAAGA,Classical monocytes
L4_TGACTCCTCGTGCATA,CD4+ T cells
E2L7_TTACCGCGTCAAGTTC,Plasma cells
L4_CTGAATGTCCGTGGCA,CD4+ T cells
L4_ACATGCAGTACCGTCG,Plasmacytoid dendritic cells
E2L6_TCCGATCCAATTCGTG,Effector Memory CD8+ T cells
E2L2_ACGTAACAGGTTGGTG,B cells
L4_CACTGAAGTCGGTGAA,Cytotoxic CD8+ T cells
L4_TGATTCTTCATCGTAG,Memory CD8+ T cells
E2L8_GGGTATTCAATGACCT,NK cells
L5_CGCATAAAGATACATG,Proliferating T cells
L5_CTGTATTTCTTGGATG,CD4+ T cells
L1_GAACACTCATAATGAG,cDC2
E2L2_AGGAGGTTCGGACAAG,Platelets
E2L7_AGGGCTCAGATACTGA,Activated CD4+ T cells
L5_GTATTTCAGTACAACA,CD4+ T cells
E2L6_ATTCGTTTCAACCGAT,B cells
E2L8_TGGATGTTCATTGTGG,cDC2
L1_GAGAAATCATGTTTGG,Proliferating NK cells
E2L5_CGGCAGTTCGATGCAT,NK cells
E2L2_ATGTCTTAGAGAGCAA,CD4+ T cells
E2L4_GTCTGTCTCTCCTACG,CD4+ T cells
E2L8_ATGGAGGGTTCTCTCG,B cells
L3_AAAGGGCGTGCAGATG,CD4+ T cells
L1_TTCCTAAAGGCAATGC,CD4+ T cells
L5_CTCCAACGTCACTAGT,Plasmacytoid dendritic cells
L1_CCTCTCCTCGCGATCG,CD4+ T cells
E2L3_ACGTCCTTCAACGCTA,Plasmacytoid dendritic cells
L1_AAAGGGCGTAGTAAGT,Proliferating T cells
L2_TTAGTCTTCACGGAGA,HSPCs
E2L8_TTGCGTCAGCTAATCC,Cytotoxic CD8+ T cells
L2_ATCCACCGTGTAACGG,Erythrocytes
E2L5_TCGTAGAAGTCGAAAT,Activated CD4+ T cells
L5_TGTCCTGCACGGGCTT,Memory CD8+ T cells
E2L4_ATTGGGTGTCATAAAG,Proliferating T cells
E2L4_GACCCTTGTGCGTCGT,B cells
E2L7_CGAGGAACAGCATTGT,Plasma cells
E2L7_CCTACGTTCGCTCTCA,Memory CD8+ T cells
E2L1_CACAACATCTTAATCC,B cells
L1_CATAAGCTCACTTGTT,CD4+ T cells
E2L1_ATCCTATAGTCACTGT,Cytotoxic CD8+ T cells
L5_TCCTCGAAGTCTACCA,HSPCs
L5_CGCCATTCAGCTAACT,B cells
E2L6_ATGACCATCGCCAACG,Classical monocytes
E2L2_GCGTGCAGTCCAATCA,Effector Memory CD8+ T cells
L1_CGGTCAGCAGTATTCG,Proliferating T cells
E2L6_CTCAGGGCACGAGAAC,B cells
E2L3_ACATGCAGTGAGCTCC,CD4+ T cells
L2_TAGCACAAGGCTAACG,B cells
E2L1_CTCTCAGTCCAAGCTA,Plasma cells
E2L1_CTGTAGACACACCTAA,Cytotoxic CD8+ T cells
E2L1_AGGCATTAGACGTCCC,CD4+ T cells
E2L5_TACGCTCGTGCAATAA,Activated CD4+ T cells
E2L8_ATCAGGTGTCTAGATC,B cells
E2L1_GCCAACGGTCAAACGG,B cells
L1_CAGCAATGTACCGCGT,CD4+ T cells
L5_AAGCCATGTAGAATGT,Effector Memory CD8+ T cells
E2L1_CCGTTCAGTGTATTCG,Plasmacytoid dendritic cells
L4_TCTTCCTAGTTGTAGA,cDC2
L2_CCGGTAGTCAAGGCTT,Effector Memory CD8+ T cells
E2L3_TTCGCTGCATGCTGCG,CD4+ T cells
L3_ACTCTCGGTCGTACAT,CD4+ T cells
L5_TCTTAGTCACCCTATC,Erythrocytes
E2L8_GCGAGAATCACGGGCT,NK cells
E2L5_TCAGCCTAGTGTACCT,Effector Memory CD8+ T cells
L4_GTAATCGCAGTTGTTG,CD4+ T cells
E2L5_CGGAACCGTCCGGTCA,B cells
L2_GCAACCGTCCGTAGGC,cDC2
L4_TGCACGGGTCGCATGC,Platelets
E2L3_AATCGTGTCCGGACGT,Classical monocytes
E2L4_TCATTACAGTTGCCCG,Effector Memory CD8+ T cells
L1_CTTCTCTCACTGAGTT,CD4+ T cells
L5_GCTTCACGTGGCTCTG,CD4+ T cells
L3_TCATGTTTCGCTGTTC,Effector Memory CD8+ T cells
L4_GCGGATCTCGAGTGGA,Effector Memory CD8+ T cells
E2L1_CGATGGCGTGTTGACT,Activated CD4+ T cells
L1_TGCTGAAGTCTCGGAC,CD4+ T cells
E2L4_TTTAGTCGTCACTAGT,B cells
L2_CTCGAGGCAAACCGGA,CD4+ T cells
L3_AGGGTCCCATGGACAG,Proliferating T cells
E2L6_TGAGCATAGTTCCAGT,cDC2
L3_CGAGTTATCAATCCAG,CD4+ T cells
L2_ACTATCTGTTCGGCGT,Plasma cells
L5_AACAACCTCGTTGTGA,Classical monocytes
L5_TATGTTCGTATTTCTC,Non-classical monocytes
E2L8_CCGGTAGTCCATTGGA,Effector Memory CD8+ T cells
L4_TGTTCATGTTTGTTGG,Non-classical monocytes
E2L5_TTTGGAGGTTGCTCAA,B cells
E2L7_AGGGTCCAGTTAGTAG,B cells
E2L7_TGGTTAGTCTGGGATT,Plasmacytoid dendritic cells
E2L4_GGGTATTTCCCAGGAC,Effector Memory CD8+ T cells
L4_TGATGCAGTCCTCCAT,HSPCs
L2_CCGATGGAGAGCATAT,Non-classical monocytes
E2L6_ATTCGTTAGCCAAGTG,B cells
E2L5_CTCAAGATCGAACTCA,CD4+ T cells
L1_ACTCTCGGTCATGCAT,NK cells
E2L5_CATGGTAGTCGCCACA,B cells
E2L7_GCACGTGAGACCCTTA,CD4+ T cells
E2L2_GTAGAGGTCGGTGTTA,Platelets
E2L4_ATGGGTTGTACGTGTT,CD4+ T cells
E2L4_ATCCCTGGTTAAACAG,CD4+ T cells
L4_CATTCTACATGTGTCA,Effector Memory CD8+ T cells
L5_GTGAGCCGTGGTGATG,B cells
E2L5_CTGATCCGTTTCCATT,B cells
E2L6_CATCGCTCATGTGGCC,Proliferating T cells
E2L4_CATCAAGAGCGAACTG,Non-classical monocytes
L2_GTGAGCCGTATCACCA,Effector Memory CD8+ T cells
E2L8_ACGTAACCACATATCG,B cells
E2L8_AATGAAGAGCAAATCA,B cells
E2L4_CCGATGGAGGGTGAAA,Platelets
L5_ACTCTCGAGGTCCCGT,Effector Memory CD8+ T cells
L4_CCTTCAGAGCGATGAC,NK cells
L3_GTTCGCTCATCATTGG,CD4+ T cells
E2L3_CATGAGTTCCTACCGT,Non-classical monocytes
E2L6_CGTTGGGCACTCCACT,Platelets
L4_ATTCACTGTACCTGTA,Classical monocytes
L1_TAAGCGTCATATCTCT,Cytotoxic CD8+ T cells
E2L1_GGGACTCTCCTGGGAC,Effector Memory CD8+ T cells
E2L8_GTCAGCGCAGCCCACA,Cytotoxic CD8+ T cells
E2L4_GTATTGGTCCTCACTG,Plasmacytoid dendritic cells
E2L1_TTGGATGAGCATCAGG,CD4+ T cells
L3_AGTCTCCGTGGAATGC,CD4+ T cells
E2L8_GACTATGAGGAGCAAA,CD4+ T cells
E2L3_TGAGGGACAACAGATA,B cells
E2L7_CTTGATTGTAACAGTA,Proliferating T cells
E2L8_TAAGCACCATAATGCC,Non-classical monocytes
L4_TTGGATGCATTGGGAG,Cytotoxic CD8+ T cells
E2L7_GCGGAAAGTAGAGGAA,Plasmacytoid dendritic cells
E2L2_AGGTCATTCGTTCTCG,NK cells
L1_CAACGGCAGCCTGAGA,B cells
E2L1_ATCGCCTTCCTTACCG,Plasma cells
L2_GTGAGCCTCAAGTCTG,CD4+ T cells
L5_TACACCCTCATTGTTC,NK cells
L3_GTTCCGTGTTTCGTTT,CD4+ T cells
E2L4_CGCATAAGTCCCGTGA,cDC2
L1_ATGAAAGTCAACACCA,B cells
E2L5_TTCAGGAGTGACCGAA,CD4+ T cells
L5_TACGTCCAGTGATGGC,Classical monocytes
E2L3_GTGCAGCGTGATATAG,B cells
E2L8_TCATGTTGTTGTAAAG,cDC1
L4_CACTTCGTCTCTATGT,HSPCs
E2L3_AAGTACCCATCCTGTC,CD4+ T cells
E2L6_TCATGGATCATTTCCA,Effector Memory CD8+ T cells
L2_TACAACGCAGCGTGAA,HSPCs
E2L3_TACAACGCATCGATGT,Cytotoxic CD8+ T cells
L2_GGTTCTCAGGCGCTCT,Effector Memory CD8+ T cells
L2_CATTTCAAGCGACATG,CD4+ T cells
L2_TCATCCGTCTGATTCT,Effector Memory CD8+ T cells
E2L7_TCATACTTCGAACGGA,Effector Memory CD8+ T cells
E2L6_TGAGGGATCTTCCCAG,CD4+ T cells
E2L4_GATTGGTAGAGAGTGA,B cells
L5_TCATTTGTCACATTGG,NK cells
L4_ATGGAGGGTACCCAGC,HSPCs
L4_CCACCATCAGCTGTCG,CD4+ T cells
E2L8_TGGATGTAGGCTGAAC,Proliferating T cells
L4_CAAGGGACATAACTCG,HSPCs
E2L3_GGGTTTACAGACGCTC,Proliferating T cells
L1_TCTCTGGTCTTTGCAT,Plasmacytoid dendritic cells
L5_GATGACTGTTAGTCGT,CD4+ T cells
L3_TGAGCATCAACGTTAC,Classical monocytes
E2L1_TTATTGCTCCCATAAG,Cytotoxic CD8+ T cells
E2L7_GTTGTCCCAACTCCAA,CD4+ T cells
E2L6_GATAGAACAATGAGCG,CD4+ T cells
E2L2_AGACCCGCAGCCGGTT,CD4+ T cells
E2L1_GACAGCCCACTAGTAC,Classical monocytes
L3_ATTACCTTCCAGCCTT,Cytotoxic CD8+ T cells
E2L6_GTGGGAACAACGACAG,NK cells
L3_CTCCATGTCTTAGCCC,CD4+ T cells
L3_CGATGCGTCCTTCTAA,NK cells
L5_CCCATTGCAAGGCTTT,CD4+ T cells
L1_CCCATTGAGGGACCAT,NK cells
L3_AAAGGATGTATAGGGC,Proliferating NK cells
E2L7_CATTGTTCACCGAATT,CD4+ T cells
L1_TGATGGTAGCACCGAA,HSPCs
L3_GCGTGCAAGTAGGATT,Erythrocytes
E2L8_CAAGAGGCACGGTGAA,Classical monocytes
E2L5_GATGACTGTACGTACT,Cytotoxic CD8+ T cells
L2_CTTACCGGTGAGCTCC,Effector Memory CD8+ T cells
E2L3_ACAAGCTCAGGTTTAC,B cells
E2L3_CGAGGCTAGGGTCAAC,B cells
L3_TTGCCTGAGATAGGGA,Cytotoxic CD8+ T cells
E2L5_CGTAATGCATTATGCG,B cells
L5_GTCAAGTAGGATTACA,Cytotoxic CD8+ T cells
L4_AAACGAAAGCCTGACC,cDC2
E2L1_CTACCTGGTTACGGAG,Classical monocytes
L2_AGTAGTCCAACGATCT,CD4+ T cells
E2L4_AGAACAACACTCGATA,CD4+ T cells
L4_CTCATGCCATAAGCGG,Effector Memory CD8+ T cells
L2_CCCTCAACACAGACGA,CD4+ T cells
L5_GTCAGCGGTTTACGAC,Cytotoxic CD8+ T cells
L1_CACACAAAGCCTTCTC,CD4+ T cells
E2L1_TGATCTTTCAAGAATG,B cells
E2L6_CTTTCAATCTCAGGCG,Plasma cells
L4_TTACGCCGTAGCGATG,Classical monocytes
E2L2_TACAACGCATACAGGG,Effector Memory CD8+ T cells
E2L8_ACATCCCGTCTCCTGT,Platelets
E2L4_TATCCTACACTTCAGA,Cytotoxic CD8+ T cells
E2L4_CCCTAACCATTGACAC,Memory CD8+ T cells
L5_AGAAGTATCCGTATGA,Effector Memory CD8+ T cells
E2L5_TAGACCAGTAGGGAGG,Effector Memory CD8+ T cells
E2L4_ATTCCATTCTTTCCAA,Plasmacytoid dendritic cells
E2L2_CTCAAGACACGGCTAC,Effector Memory CD8+ T cells
L5_AACAGGGGTCACATTG,Cytotoxic CD8+ T cells
L3_GACCCAGAGCCTCAGC,B cells
E2L5_CTAACTTTCAGTGATC,Plasmacytoid dendritic cells
L1_GTAGAAACATGGCCAC,CD4+ T cells
L4_TGTCAGATCCGTCACT,CD4+ T cells
E2L2_AATCGTGAGCAACAGC,Non-classical monocytes
E2L3_TGGGTTAAGAACCCGA,B cells
L4_CATGCTCTCCCATTCG,Cytotoxic CD8+ T cells
E2L7_ACCTGAAGTCCAGGTC,Plasma cells
E2L7_TTGCTGCCATACCACA,Plasmacytoid dendritic cells
E2L8_CTGCCTATCTGCTTTA,NK cells
E2L8_AGCTTCCAGGTCGCCT,cDC1
E2L4_GACTATGTCGACGACC,B cells
E2L2_TTGCTGCAGCCTCGTG,Non-classical monocytes
E2L1_GGCGTCAGTCGATTAC,B cells
E2L6_ATGGATCAGTAGCAAT,cDC2
E2L6_AGCTTCCGTCAACGCC,Cytotoxic CD8+ T cells
E2L6_AAGACTCTCAACGCTA,Platelets
L3_GGCGTCACAAATTGCC,Proliferating T cells
E2L7_GTAAGTCCAAATAGCA,Plasmacytoid dendritic cells
E2L5_TTGAGTGAGAGTGTGC,Effector Memory CD8+ T cells
E2L5_TACACCCAGTAGACAT,Cytotoxic CD8+ T cells
E2L8_TAGCACATCTAGTTCT,Non-classical monocytes
E2L3_GGTGTTAAGTGCACTT,Platelets
L2_GATGACTAGGACAGCT,CD4+ T cells
L4_CGTGATAAGGTGCTTT,CD4+ T cells
E2L4_GCAGCTGTCTCATTTG,Effector Memory CD8+ T cells
E2L6_TCGTCCAAGTGGCGAT,Effector Memory CD8+ T cells
L3_ACTGCAAGTTAGAAGT,CD4+ T cells
E2L8_ACCTGAAGTTCTTAGG,NK cells
E2L6_GTTCCGTGTTGTACGT,Effector Memory CD8+ T cells
L2_TGCTCGTCAGCGACAA,Effector Memory CD8+ T cells
L5_CCACGTTCATGTAACC,Effector Memory CD8+ T cells
L2_TTGTTCATCCCTATTA,CD4+ T cells
L2_GATGACTCAGGTATGG,Erythrocytes
E2L4_TAGGTACGTGCATTAC,Proliferating T cells
L3_TTTACTGAGATGTTCC,HSPCs
E2L1_ACGGAAGGTGGTAACG,Cytotoxic CD8+ T cells
E2L3_CCAAGCGGTGCAAGAC,NK cells
L2_AGTTCGATCACGGTCG,CD4+ T cells
L5_GTATTTCGTTTGATCG,Cytotoxic CD8+ T cells
E2L6_AGGCTGCAGAGTCAAT,Proliferating T cells
E2L4_AGGGAGTGTCGCAGTC,B cells
E2L3_AGGAGGTGTTCGAAGG,Plasmacytoid dendritic cells
E2L7_TTAGGGTGTAGGTACG,B cells
L3_TCTAACTGTCGATTTG,Plasma cells
E2L1_TGAACGTAGTTGTCAC,B cells
L4_CGAGGCTAGCGTATAA,CD4+ T cells
E2L3_CCCTCAACAGTAACCT,Cytotoxic CD8+ T cells
E2L3_CTCAACCGTCATTGCA,Effector Memory CD8+ T cells
L4_CAGAGCCCACAACGCC,Proliferating T cells
L1_CGTGCTTGTAGCACAG,Effector Memory CD8+ T cells
L3_GTAGAAATCCGTTGAA,CD4+ T cells
E2L7_AAGTGAAAGGCGTTGA,Activated CD4+ T cells
E2L4_CTCCAACTCGCTAAAC,Effector Memory CD8+ T cells
E2L4_AGTCATGGTTTCGTGA,Platelets
E2L7_TCAATCTGTCTTAGTG,cDC2
L5_AGGACGATCATCGCTC,CD4+ T cells
E2L8_GAGTGTTTCATTCATC,Classical monocytes
L2_CACGAATTCCTGTTGC,Effector Memory CD8+ T cells
E2L7_TTTCATGCAGTAACAA,CD4+ T cells
E2L5_TCAAGTGAGTGCGCTC,B cells
E2L5_TCTTGCGCATGAGGGT,NK cells
E2L8_AAAGTGAAGCAGCCCT,Platelets
L3_TTGCGTCCACTCTAGA,Effector Memory CD8+ T cells
L2_CATCCACCATGGGTCC,Effector Memory CD8+ T cells
E2L1_TGTGTGATCAGACATC,Non-classical monocytes
L3_CCTTCAGGTGGATCGA,Effector Memory CD8+ T cells
L1_CTTTCAAAGTAGATCA,B cells
E2L7_CCGTAGGCAACCGGAA,Plasmacytoid dendritic cells
L2_ATCCCTGGTTCGATTG,Plasma cells
L3_GTAATGCGTGGGCTTC,Cytotoxic CD8+ T cells
E2L4_TGACGCGGTGATGAAT,Plasmacytoid dendritic cells
E2L8_TATGTTCAGTAAAGCT,CD4+ T cells
E2L1_CAGATTGCACAAGTGG,CD4+ T cells
E2L6_CTCGAGGCACCTGCTT,B cells
E2L2_TGTCCTGTCGCCAGAC,Cytotoxic CD8+ T cells
E2L5_GTATTTCGTCTTTATC,Cytotoxic CD8+ T cells
E2L4_CACGTGGCAAACTAGA,Platelets
L3_GTAATGCAGACCAGCA,cDC2
E2L1_TCGAAGTAGCAATTAG,CD4+ T cells
E2L2_AGCTCAACACTGGATT,B cells
E2L8_GGGACCTTCGGCTGTG,Non-classical monocytes
E2L8_TGCAGATAGCTCTGTA,B cells
E2L6_ATTCTACTCCGGCAAC,CD4+ T cells
L1_CAGCCAGTCCGGTTCT,Cytotoxic CD8+ T cells
E2L1_TGTTCCGAGTAGCCAG,Proliferating T cells
L1_TGTGTGACACAATGAA,NK cells
E2L2_TTACAGGGTGGTAATA,CD4+ T cells
E2L5_TCTACATCACCGTCGA,Platelets
L5_GGTAGAGCAGGGAATC,Classical monocytes
L1_AGCTCAATCATGAGTC,Non-classical monocytes
E2L6_ACGGTCGAGGTTTACC,Cytotoxic CD8+ T cells
L4_GTGTTAGTCATCAGTG,Cytotoxic CD8+ T cells
L4_TGTTGAGTCTGAGAGG,Erythrocytes
L5_TCGCAGGTCCGCAAAT,cDC2
L3_GTCCCATGTAGAGTTA,Memory CD8+ T cells
L4_TAGGGTTTCTCATTTG,Platelets
E2L3_CTGTCGTGTGTAACGG,Non-classical monocytes
E2L8_CTGTACCGTGTAAATG,Effector Memory CD8+ T cells
E2L1_CGGAATTCATGGCACC,CD4+ T cells
E2L2_GTTGTAGCAGAGAAAG,Cytotoxic CD8+ T cells
L5_CTTAGGACAGCGTACC,Plasma cells
L1_TATATCCTCTCATAGG,Cytotoxic CD8+ T cells
E2L2_AGCGCCATCACATTGG,Cytotoxic CD8+ T cells
L5_TCGGGCAAGTGTTCCA,Platelets
L2_CTCCCAATCCTTGACC,CD4+ T cells
L5_ACGATGTTCTGCTCTG,Effector Memory CD8+ T cells
L2_ACAGGGATCTTAGCCC,Effector Memory CD8+ T cells
E2L3_CCATCACAGAGAGCCT,Platelets
E2L4_ATTTCTGGTGCACAAG,CD4+ T cells
E2L5_ATACCGATCGACATCA,CD4+ T cells
E2L4_CGCAGGTGTCGTCATA,B cells
E2L3_CTTCCGACACTTGAGT,Cytotoxic CD8+ T cells
L4_CATGAGTCATTGCAAC,Proliferating T cells
E2L4_GTCTGTCGTGGCACTC,Platelets
L2_TGTAAGCTCCTAACAG,CD4+ T cells
E2L3_GTCCTCAAGAACAAGG,CD4+ T cells
L4_CACCAAACACTGGACC,CD4+ T cells
E2L5_AGAACCTTCTCGGTAA,Activated CD4+ T cells
E2L4_ATGGGAGAGTTTGTCG,Platelets
E2L5_TTCCTAATCACACGAT,B cells
E2L1_GTTCCGTTCTGAGCAT,Platelets
L1_ATTTACCCACGCAGTC,HSPCs
L4_AGAGCCCTCACAGAGG,Plasma cells
E2L8_TACGTCCGTTCTTGCC,CD4+ T cells
E2L5_TCAATTCGTTGTGTTG,Cytotoxic CD8+ T cells
E2L2_TCCTCTTTCAGCCTCT,Effector Memory CD8+ T cells
E2L2_GTAGCTACATCCGAAT,CD4+ T cells
L5_GTGTGGCCAAACGAGC,CD4+ T cells
E2L5_CGAGGAACAGCTGCCA,Effector Memory CD8+ T cells
E2L1_AGTTCCCTCGCCAGAC,Cytotoxic CD8+ T cells
L4_TCTACATGTACCCACG,CD4+ T cells
L3_GTGTTAGCAGATAAAC,Non-classical monocytes
L2_CAGCACGGTATATGGA,Erythrocytes
E2L2_TCGATTTAGCACACCC,Classical monocytes
E2L3_AAGTGAAAGAGGACTC,cDC2
L1_TGGTTAGAGTCTGCAT,CD4+ T cells
E2L7_TGTCCTGTCTCTCCGA,Cytotoxic CD8+ T cells
L3_CATTTCACAAGATGTA,Effector Memory CD8+ T cells
L5_CTTCGGTTCGGATACT,cDC2
L4_TGCGATAGTTACTCAG,Non-classical monocytes
L3_GTGGTTAAGTTATGGA,Effector Memory CD8+ T cells
E2L5_GTGTTCCGTGCATTAC,B cells
E2L1_ATTCACTCAGGTCCGT,Effector Memory CD8+ T cells
E2L5_CTCCCAAGTACCAATC,Effector Memory CD8+ T cells
E2L1_GAGAAATCAAACTGCT,Platelets
L2_TTTCACAGTTTGACAC,CD4+ T cells
E2L4_CCGTGAGAGATGAAGG,Platelets
E2L6_CAATACGCAGCGGTCT,Platelets
E2L1_GTTGTCCAGAATACAC,Effector Memory CD8+ T cells
E2L2_CTACCCACAGTTAGGG,HSPCs
L2_TTTATGCGTTAGTTCG,Plasmacytoid dendritic cells
E2L6_ACTCCCATCGTACACA,Effector Memory CD8+ T cells
E2L3_TATTGCTCAGAAATTG,Cytotoxic CD8+ T cells
L2_TCCCATGGTATGCTAC,Cytotoxic CD8+ T cells
E2L2_AACGGGAAGACGGATC,CD4+ T cells
L1_CCACGTTCAGCTCGGT,Erythrocytes
L3_CCGGACACACACAGAG,cDC2
E2L2_ATCGGATCAATTGGTC,Platelets
L3_CATCGTCGTCCCTGTT,Activated CD4+ T cells
L1_GGTGGCTCACTGAATC,Cytotoxic CD8+ T cells
E2L7_CGCAGGTAGTGCCAGA,Classical monocytes
L3_AAAGTCCGTCCAATCA,B cells
L3_TCGAAGTAGTGGTTGG,B cells
E2L1_TCATGTTTCAGTCATG,NK cells
L4_TACGGGCTCCTCCACA,Activated CD4+ T cells
E2L3_TTCTCTCAGCCTATTG,CD4+ T cells
E2L2_TTTACTGAGTCATGCT,cDC2
L5_GGGATCCAGGAGGCAG,Cytotoxic CD8+ T cells
L3_TTCTAACGTAGCCCTG,HSPCs
L2_AGCTTCCTCGATCCAA,CD4+ T cells
L5_AGGGAGTAGGCATCGA,Cytotoxic CD8+ T cells
L5_GTAGTACGTACCAGAG,HSPCs
E2L8_TGATTTCGTACTTGTG,Proliferating NK cells
E2L8_AGGATAAAGGCACCAA,cDC2
E2L4_CGTGTCTAGACCCGCT,Effector Memory CD8+ T cells
L2_GCCAGGTGTATACCTG,CD4+ T cells
E2L8_ATTCCATGTTGTCCCT,Cytotoxic CD8+ T cells
E2L8_CTCCGATCATGGGTTT,Cytotoxic CD8+ T cells
L4_AAGCGAGTCTGTGCAA,HSPCs
E2L2_GGGTTATGTGACCGTC,CD4+ T cells
E2L4_TGCGATACAGGTGGAT,cDC2
E2L5_GGTGTTACAACATCGT,CD4+ T cells
L3_GTTAGACGTGTAACGG,CD4+ T cells
L5_CCTCACAAGCACTCAT,Non-classical monocytes
E2L6_CAATACGGTCCGCAGT,Plasma cells
L5_AACAAGATCGTGCTCT,CD4+ T cells
L3_CCGGACATCGATTTCT,Plasmacytoid dendritic cells
E2L8_CCTCACACAAGTTTGC,cDC1
L1_TAAGCGTCACTAAACC,CD4+ T cells
E2L1_CCGCAAGCAGAGTGAC,CD4+ T cells
L5_CTTCGGTAGTCACGAG,Platelets
E2L6_TGCGGGTTCGAGTTGT,Erythrocytes
E2L5_TCGGGACGTACTGGGA,CD4+ T cells
L3_ATGCATGCACTCCTGT,CD4+ T cells
L4_ATTGGGTAGCGAGGAG,Effector Memory CD8+ T cells
L2_TCGTCCACACGGATCC,CD4+ T cells
E2L2_TTGGATGAGACCTCAT,Cytotoxic CD8+ T cells
E2L6_GAACACTTCTATGCCC,Classical monocytes
L1_CGGCAGTCATACCAGT,Plasmacytoid dendritic cells
E2L4_TACTGCCCAGACGGAT,Proliferating NK cells
E2L6_ATCCGTCGTGCTTCAA,Plasmacytoid dendritic cells
E2L6_ATCAGGTAGCGTCTGC,B cells
E2L3_GTTATGGCATGGCCAC,Cytotoxic CD8+ T cells
E2L6_CTTCAATAGACGAGCT,HSPCs
L3_TCAGGTATCCAACCAA,HSPCs
E2L5_AGTTCCCAGGAGATAG,Platelets
E2L1_CCTTCAGAGGTACTGG,CD4+ T cells
E2L1_AGTAGTCCATAACTCG,Plasmacytoid dendritic cells
E2L6_TCCCAGTCAAATGGCG,Cytotoxic CD8+ T cells
E2L4_GTTTACTTCCAACCGG,B cells
E2L1_TGCTGAAAGAGTCAAT,Activated CD4+ T cells
E2L7_AGCCAATTCGGTCTAA,CD4+ T cells
E2L5_ATGTCTTAGTCAAGCG,Cytotoxic CD8+ T cells
E2L4_CGTAGTACAAGCGAGT,Cytotoxic CD8+ T cells
E2L4_CCTCTAGGTTCAGCGC,Plasma cells
L3_AGAACAAGTACCCAGC,Effector Memory CD8+ T cells
E2L7_GTACAGTGTGCCTTCT,B cells
L4_TCGGGTGCATCACGGC,Proliferating T cells
E2L7_GGAGGATGTTTGGCTA,CD4+ T cells
E2L6_TGGAGGAGTAATGCGG,B cells
E2L4_AGGGAGTTCTAGGCAT,Classical monocytes
E2L2_TCCAGAAAGAGTTGAT,Effector Memory CD8+ T cells
E2L8_CCACTTGTCATGAGTC,Plasmacytoid dendritic cells
E2L5_CAACGGCCACACTGGC,Plasma cells
L4_AGGCCACAGCCGAACA,HSPCs
E2L3_TACGGTACACATACGT,Cytotoxic CD8+ T cells
E2L6_CACTGGGTCTGTTCAT,CD4+ T cells
E2L4_GACTATGAGACCAAGC,B cells
E2L7_ACACTGAGTTACACAC,B cells
L2_TCATTGTTCAAGTCGT,HSPCs
E2L6_GCACTAAAGACTTCCA,Platelets
E2L5_TGGGTTACATGATCTG,B cells
L3_TCGGGCAAGTCACTCA,CD4+ T cells
L1_AGGAGGTTCCTCTAAT,CD4+ T cells
L5_AGAGAATCATGCTGCG,Plasmacytoid dendritic cells
L5_ATGGTTGCATCGGCCA,HSPCs
E2L1_TGCATGATCAGTCACA,Cytotoxic CD8+ T cells
L1_CGCCAGATCCAATCTT,Effector Memory CD8+ T cells
E2L4_TTCCACGAGGTTCAGG,Cytotoxic CD8+ T cells
E2L7_CACGTTCTCTCATGCC,Proliferating T cells
L1_CATCGTCAGATGCGAC,Memory CD8+ T cells
L4_TGCAGATAGCACTCAT,Activated CD4+ T cells
L2_GCAGGCTAGACATACA,Effector Memory CD8+ T cells
E2L5_AAGTTCGTCTACACTT,Proliferating T cells
E2L8_TTCCGTGAGCCAGTAG,Plasmacytoid dendritic cells
E2L3_GTCTCACTCGGCAGTC,cDC1
E2L4_GGGTAGACAGTCCGTG,Plasmacytoid dendritic cells
E2L2_TCTGTCGCAACTTGCA,B cells
E2L7_TCATGTTGTATTTCCT,Non-classical monocytes
L3_ATAGACCCAGTGGGTA,B cells
L2_AAGTCGTAGTCCTGTA,CD4+ T cells
E2L5_CTGAGGCCAGCTACTA,Plasma cells
E2L4_TTAATCCCAAAGGCTG,Cytotoxic CD8+ T cells
L3_GAAGGGTCATAGGTAA,HSPCs
E2L8_TAGTGCACACGTAGAG,cDC2
E2L1_GTTGAACTCGCCGATG,Effector Memory CD8+ T cells
L3_TCCACGTTCAAACGAA,Effector Memory CD8+ T cells
L5_TCACGCTAGCCATCCG,Activated CD4+ T cells
E2L7_CATCCCAAGATCCTAC,Cytotoxic CD8+ T cells
L4_TGCCGAGTCCGGCTTT,Memory CD8+ T cells
E2L4_GAAATGAGTACAGCGA,Cytotoxic CD8+ T cells
L4_ACATCGAGTGCAGGAT,CD4+ T cells
E2L7_GAAGAATTCTATCGTT,cDC2
E2L7_CAGTGCGGTGGCGTAA,Platelets
E2L6_TCCTTCTTCGTAGCTA,Memory CD8+ T cells
E2L4_TATCGCCCAGACAATA,Cytotoxic CD8+ T cells
E2L7_ATCATTCTCCGTCACT,Plasmacytoid dendritic cells
L3_CATCCGTGTGTCCACG,CD4+ T cells
E2L4_GAACGTTAGGTGCTTT,Proliferating T cells
L5_TGTGATGGTTAAGGGC,cDC1
L4_GCTTCACCACCCAATA,CD4+ T cells
L4_CTAACCCAGGTATTGA,Non-classical monocytes
E2L8_TTGCCTGGTATACGGG,CD4+ T cells
L3_TCTATACCACATACTG,Plasma cells
E2L8_CAGGCCATCGTTGCCT,Effector Memory CD8+ T cells
L4_AGGACGATCATCTATC,Activated CD4+ T cells
E2L7_AGGCCACAGAGCAACC,Activated CD4+ T cells
E2L8_TTGTTGTGTAGTCACT,Plasmacytoid dendritic cells
L4_TCGTAGACAGCTATTG,cDC1
E2L6_CTGTGAACATTGGCAT,B cells
E2L7_ATCGGATCATTGCTTT,Platelets
L5_ATTGTTCCAGTTCACA,B cells
E2L8_TCCTTTCGTTGCATCA,B cells
E2L7_GGGCTCAAGGAGAATG,B cells
L1_CCGCAAGCAGGTGTGA,CD4+ T cells
L1_AAGTGAACAGGACGAT,CD4+ T cells
L4_TTGGGTATCCTCAGGG,HSPCs
E2L8_AGTTCCCGTGGTCAAG,Cytotoxic CD8+ T cells
E2L8_ATTCCTAAGCGAGGAG,CD4+ T cells
E2L8_TTTACCAAGTTTCGAC,CD4+ T cells
L1_CCCTAACTCTGAGATC,Classical monocytes
L5_TCAAGTGCACGACCTG,Cytotoxic CD8+ T cells
E2L8_AGTGCCGGTCCAACGC,CD4+ T cells
L1_TCAGTGAGTTCTCGTC,Memory CD8+ T cells
L5_AAGTGAACATAACAGA,CD4+ T cells
E2L6_TCAGTCCGTGACACGA,NK cells
E2L6_AAGGTAATCGACACCG,Cytotoxic CD8+ T cells
E2L8_GCCGTGAAGAAGTGTT,Non-classical monocytes
E2L6_TACTTCACAGCGTATT,Proliferating T cells
E2L5_ACCTGTCTCATCGCCT,Cytotoxic CD8+ T cells
L4_ATGACCAAGGTAGACC,Non-classical monocytes
E2L5_CTGAGGCCATTCTCCG,Plasmacytoid dendritic cells
L5_GTTAGACTCGTAGCTA,HSPCs
E2L4_AGCATCAAGAGGTTTA,B cells
E2L1_ACTATCTAGACGGAAA,CD4+ T cells
L5_ATCACAGGTGTTAAAG,CD4+ T cells
E2L7_ATATCCTCAGGTTCGC,cDC2
E2L8_ACATCGACACGCTTAA,Activated CD4+ T cells
L5_CTCCGATGTGGCTACC,CD4+ T cells
L5_TGACTCCGTTCTAACG,HSPCs
E2L2_TCCAGAATCTCGACGG,Plasma cells
L1_TAGAGTCTCGATACAC,Plasmacytoid dendritic cells
E2L2_AGTGATCAGCCGATCC,Proliferating T cells
L2_GTGGCGTTCATTTCGT,B cells
E2L6_ACCTGTCAGCCGATAG,CD4+ T cells
E2L4_GTCCACTGTCCCGCAA,Effector Memory CD8+ T cells
L4_CATACCCTCTTCGGAA,cDC2
E2L6_ACGATCAAGATGGTCG,Effector Memory CD8+ T cells
L1_CTCCCTCTCGTCTAAG,CD4+ T cells
E2L7_TGTTCTATCTTGAGCA,Classical monocytes
E2L1_AAGGAATTCCTCCACA,Platelets
E2L7_ACGGTCGTCGTCAGAT,B cells
L2_TAGGAGGCATGCACTA,CD4+ T cells
E2L7_TAACTTCAGTTTGCTG,Effector Memory CD8+ T cells
E2L1_GAGGCCTAGCCACTCG,Cytotoxic CD8+ T cells
E2L4_TCAGTTTTCCAACTGA,Classical monocytes
E2L2_ACACAGTCAGGTCCCA,B cells
L5_TGTCCCAGTCAAGTTC,Activated CD4+ T cells
L1_CATGAGTGTGCATTAC,Erythrocytes
L5_AAAGGTACACGCGCTA,Erythrocytes
E2L1_CGTGAATTCGCGGACT,B cells
L4_GAATCGTCAGATCATC,CD4+ T cells
E2L1_GAGTCATTCCGAGAAG,Effector Memory CD8+ T cells
L1_TGTCCCACAGGATCTT,CD4+ T cells
E2L2_GACTCAAGTGGACCTC,B cells
E2L1_CCACAAATCGGATTAC,NK cells
L1_GCTACCTGTTTGCCGG,CD4+ T cells
L4_AATGACCGTACCAATC,HSPCs
E2L3_CCTGTTGTCGAGTCCG,CD4+ T cells
E2L2_TCATTTGCACTGAATC,B cells
L5_TCCCACAAGAGGTCGT,Plasmacytoid dendritic cells
E2L7_TTTGGTTAGTATGTAG,Effector Memory CD8+ T cells
L2_TCGTCCACACGGCACT,Proliferating T cells
E2L3_AGACAAAGTTGCTAGT,cDC2
E2L4_CTGCAGGGTTAACAGA,CD4+ T cells
L4_ATTCAGGCACAGTACT,CD4+ T cells
E2L6_TCGCAGGAGGCACCAA,Activated CD4+ T cells
E2L6_TATGTTCCAAGAGGCT,Platelets
L2_TTACGCCGTTACCCTC,Proliferating T cells
E2L8_ACCAAACTCCTGGGAC,Classical monocytes
E2L3_GTCCCATGTGCTCCGA,B cells
E2L2_TGCGGGTTCCTGTAGA,CD4+ T cells
E2L4_ATCGATGCAGCTGTTA,Proliferating T cells
L4_GCTGCAGTCACCTCTG,CD4+ T cells
E2L4_CGTTAGAGTGATCATC,cDC1
E2L6_GGTGTTATCACCATCC,B cells
L1_CCACCATTCGAGAAAT,CD4+ T cells
L2_GTAGTACTCGGACCAC,Classical monocytes
E2L5_CCTGTTGCAGTCTCTC,CD4+ T cells
L1_TCTCACGGTAGGACCA,HSPCs
L5_AGAAGTAGTGCGAGTA,CD4+ T cells
E2L5_AGTTAGCTCGTAACTG,CD4+ T cells
E2L8_CTCTCAGGTAAGATAC,B cells
L3_AGTCAACAGAATCGAT,NK cells
E2L1_GGGACCTGTTAGGGAC,Platelets
L4_TCCTGCAAGGATGAGA,B cells
L1_AGTGCCGTCCCGTAAA,Effector Memory CD8+ T cells
L2_AGACCCGCACGGCGTT,Effector Memory CD8+ T cells
E2L1_CCGATGGCATGAGAAT,CD4+ T cells
L5_AGTACTGAGATGACAT,Plasmacytoid dendritic cells
L5_TACCTCGAGCCTCATA,Effector Memory CD8+ T cells
L1_CAAAGAATCGAAGCAG,Cytotoxic CD8+ T cells
E2L3_TGAATGCGTCCTGTTC,Proliferating T cells
E2L8_CTCTCAGGTGCCCACA,CD4+ T cells
E2L8_GCATCGGGTTTGGCTA,B cells
L4_CATCGGGGTCTTACTT,Cytotoxic CD8+ T cells
E2L3_GGTGAAGAGGACTTCT,Effector Memory CD8+ T cells
E2L7_AGAACAATCTAAGGAA,B cells
L2_ATGCATGAGTTGTCGT,CD4+ T cells
E2L1_CCACGTTCAACATCGT,Activated CD4+ T cells
L2_TACCTCGCAGGCACTC,cDC2
L5_AGATCCAGTTTGGGAG,Platelets
L1_CTGGACGCAACAAAGT,CD4+ T cells
E2L5_TCACAAGTCCGCAAAT,Memory CD8+ T cells
E2L4_GGATCTACAAGACCTT,B cells
E2L4_ACATTTCAGTACTGTC,B cells
E2L6_GCTACAAGTTGACTGT,Plasmacytoid dendritic cells
L1_ATGAGTCTCCAGCTCT,NK cells
L3_TGATGCAGTTGCTCCT,CD4+ T cells
E2L5_CGTTAGACATCCAACA,Plasma cells
E2L2_ATTGGGTCACGCTGCA,B cells
E2L5_TTGACCCTCCACGAAT,Effector Memory CD8+ T cells
E2L7_TGCGGCAGTAAGCGGT,CD4+ T cells
E2L6_GACATCAAGACGAGCT,CD4+ T cells
E2L5_AGAAATGCACTGGAAG,Effector Memory CD8+ T cells
E2L7_GAGTGTTAGATGCTAA,Plasmacytoid dendritic cells
E2L4_AGGTGTTAGCTAGAGC,Non-classical monocytes
L2_GATGAGGAGAGTTCGG,Proliferating T cells
L1_GGGCTCACATTCACAG,Plasma cells
E2L2_GTTCGCTAGGAGGTTC,CD4+ T cells
L4_AGGAGGTAGAGCATCG,Erythrocytes
L1_AACCCAACACTTCCTG,Effector Memory CD8+ T cells
L5_GTGTAACTCGGTTCAA,Non-classical monocytes
L1_GTAATCGAGCTAATGA,CD4+ T cells
E2L5_AGAACCTTCAAAGCCT,Effector Memory CD8+ T cells
E2L6_GAAGTAACACACGGAA,Cytotoxic CD8+ T cells
E2L1_CCAATTTAGGGCCCTT,Plasmacytoid dendritic cells
E2L7_TATATCCGTTTCCAAG,B cells
E2L1_TAGTGCAGTTGAGAGC,CD4+ T cells
E2L3_GTTGTAGTCATCGGGC,Cytotoxic CD8+ T cells
E2L6_ACATCGAGTTGCCGCA,Non-classical monocytes
L4_CAGTGCGCAATAGGAT,CD4+ T cells
L4_CGTAAGTCATGTGTCA,HSPCs
E2L8_CCGTTCAGTGTTGCCG,Plasma cells
E2L5_TCGAAGTGTATCCTTT,Cytotoxic CD8+ T cells
E2L3_GCTACAACAGGTACGA,Classical monocytes
L5_TTCTTGATCCGAGAAG,Non-classical monocytes
L5_CACAACAAGCAGATAT,Memory CD8+ T cells
E2L6_TAATTCCTCGTTCCTG,Classical monocytes
E2L6_CTGCATCTCCGATCTC,cDC2
L5_CTCAGGGGTCGTGCCA,CD4+ T cells
L3_TCCAGAATCTCGGTCT,Activated CD4+ T cells
E2L3_TCGCTCAAGCTGGAGT,Plasma cells
E2L4_GTGGCGTCACATACTG,Non-classical monocytes
L4_TCAAGCAGTGGTTTGT,CD4+ T cells
L4_TAACCAGTCCTTCTTC,CD4+ T cells
L4_AAAGTGATCTCTAAGG,CD4+ T cells
E2L6_TCTTCCTCACAAGGTG,Classical monocytes
L3_TGAACGTCACTCGATA,cDC1
L5_TTGTTGTGTTGCATAC,HSPCs
L4_GAAGGACTCTTGTGCC,Plasma cells
E2L3_CGGAGAAGTTCCTTGC,CD4+ T cells
E2L5_TTCCTAAAGCAGTAAT,Cytotoxic CD8+ T cells
L2_TCCATCGGTTGTATGC,HSPCs
L4_TGCTTGCCACAAATAG,cDC1
E2L4_GGTGAAGAGACCATTC,Effector Memory CD8+ T cells
E2L1_CTGTCGTGTCTGTGTA,Cytotoxic CD8+ T cells
L1_CTGTAGATCATCACTT,CD4+ T cells
L4_TCCTAATAGCTCGCAC,Cytotoxic CD8+ T cells
E2L2_TGTTCCGAGTACCCTA,Activated CD4+ T cells
E2L4_GTTGTAGTCTAGTGAC,Classical monocytes
E2L2_ACGGAAGAGGCATCGA,B cells
E2L8_CCTAACCCAAGCGCAA,CD4+ T cells
L2_TATCCTACATTACTCT,Non-classical monocytes
L4_GGGTGTCGTCACAATC,Effector Memory CD8+ T cells
L3_CATAAGCCAAGGTCTT,B cells
L1_CACTGAAAGAATCGCG,CD4+ T cells
L5_CGCCAGATCGCAGTCG,CD4+ T cells
E2L7_GCTTTCGCAGGGATAC,Plasmacytoid dendritic cells
E2L5_CCCGGAACACATCCCT,Cytotoxic CD8+ T cells
L4_GACGTTAGTAGACGTG,Non-classical monocytes
L3_TCAATTCAGCGCTGCT,Memory CD8+ T cells
L1_GAAGCGACAACGAGGT,Cytotoxic CD8+ T cells
E2L4_GATCGTATCCTTTAGT,Plasmacytoid dendritic cells
E2L5_CAATGACAGCCGAATG,Cytotoxic CD8+ T cells
E2L5_ACTATTCGTGAGCGAT,Effector Memory CD8+ T cells
E2L2_GTCGAATCAGCTCGGT,Non-classical monocytes
E2L5_TTCTAACTCCAGCACG,Classical monocytes
E2L8_TCAGGTACAGGCACTC,Proliferating T cells
L3_GTTGCTCTCCGTCCTA,Non-classical monocytes
L1_GTTGCGGTCGTGTTCC,Activated CD4+ T cells
L4_GTGAGCCGTCTCGACG,CD4+ T cells
L3_TGGTGATGTCTGCCTT,Cytotoxic CD8+ T cells
L4_TAGGTACAGAGTCGAC,Cytotoxic CD8+ T cells
E2L6_TGGAGAGGTAAGATTG,CD4+ T cells
L4_CGTTGGGAGCTTGTTG,NK cells
L3_TGTCCACAGGCGTTAG,CD4+ T cells
E2L4_GACTATGAGGGTATAT,Activated CD4+ T cells
E2L3_GTCATGAAGGTGCAGT,Plasma cells
E2L5_TTGTTTGCAGAGTCAG,Effector Memory CD8+ T cells
L3_CCGTGAGAGTTCCTGA,CD4+ T cells
E2L6_CTTACCGAGGCTCTAT,B cells
L4_TAGCACATCACCGGGT,Cytotoxic CD8+ T cells
E2L1_CCACACTTCCCGAGAC,CD4+ T cells
L2_AGTGACTGTCTGTGCG,Effector Memory CD8+ T cells
L4_GGGCCATAGACAACTA,Activated CD4+ T cells
L5_GTGAGCCCAGTTTCAG,CD4+ T cells
E2L7_AATGACCGTATTTCCT,NK cells
E2L3_AGGTGTTGTCCACTTC,Plasmacytoid dendritic cells
E2L1_GATCCCTCAAATGGCG,Effector Memory CD8+ T cells
L2_TAGACCATCACTTCTA,CD4+ T cells
E2L1_GAATAGAGTTCTATCT,Effector Memory CD8+ T cells
L1_GAGTCATGTGCATGTT,Erythrocytes
L5_TATTCCAAGTTCATCG,Cytotoxic CD8+ T cells
E2L3_GTAAGTCAGTCACTAC,CD4+ T cells
E2L1_CCTACGTTCGTGTTCC,Effector Memory CD8+ T cells
E2L2_CCACTTGTCTGTGTGA,B cells
E2L8_CTCTCGAGTGACACAG,Classical monocytes
E2L8_AGTCATGTCATTGAGC,Cytotoxic CD8+ T cells
E2L5_ACACGCGGTATCCTTT,Cytotoxic CD8+ T cells
L5_TCTGCCATCAAACGTC,CD4+ T cells
L4_TGGTAGTGTTAGAGTA,Effector Memory CD8+ T cells
E2L2_CTCAGTCCACATATGC,CD4+ T cells
L2_TCCATCGCATCGGAAG,Plasma cells
E2L4_AGCTACAGTTTAGACC,Effector Memory CD8+ T cells
L2_GGAGATGGTACCTGTA,cDC1
L4_TCGGGACAGCCACCGT,Proliferating T cells
E2L7_GCAGCTGCAGAACTTC,Proliferating T cells
L5_AACGGGATCTCTCTAA,cDC2
L5_GACCGTGGTGCAGATG,cDC1
L4_AGCCAATAGCTCTGTA,Cytotoxic CD8+ T cells
E2L7_GGTCTGGGTAGAATGT,B cells
E2L5_AGACTCAAGTTGCCCG,Cytotoxic CD8+ T cells
L1_CAAGCTACAAATCAGA,CD4+ T cells
E2L4_CCTTGTGGTGGTTCTA,B cells
E2L2_AACAGGGTCCATTGGA,NK cells
L4_GTGCACGTCGTGTGGC,Proliferating T cells
L5_ACTTATCCAGAGTAAT,CD4+ T cells
L2_ATTCCCGTCATCACAG,Effector Memory CD8+ T cells
L3_ATGCATGGTTCCAGGC,cDC2
E2L3_ACGCACGTCTCGAGTA,Non-classical monocytes
E2L3_GACCCTTAGGTAAAGG,CD4+ T cells
L5_CCCTCAAGTGCGTTTA,CD4+ T cells
L5_GTTTGGACAGTGGCTC,Cytotoxic CD8+ T cells
L5_ACAAGCTAGAGCTGCA,CD4+ T cells
L4_AGTCATGAGCGCCATC,Non-classical monocytes
L5_TGCTTGCCACGCGTCA,cDC2
L5_ACTGTCCAGTACAGAT,Non-classical monocytes
E2L7_ACCAAACCATGTGGTT,Non-classical monocytes
E2L7_CAACCAAAGTACGTCT,B cells
E2L5_CAATGACAGATTCGCT,B cells
E2L8_TCAGGGCAGACAGTCG,cDC2
L4_CACAGGCAGAGAAGGT,CD4+ T cells
E2L7_GTATTGGCAGCTGTTA,B cells
L5_CTCAGGGGTTGACTAC,HSPCs
E2L1_CCCTTAGGTCCAAGAG,Cytotoxic CD8+ T cells
L1_CAGTGCGCACGACGCT,cDC2
E2L3_TCGGGCAAGGAGATAG,Cytotoxic CD8+ T cells
E2L5_GAAGGGTAGGGCAGTT,Cytotoxic CD8+ T cells
E2L7_CTGTACCGTGACAGGT,NK cells
E2L6_TCCGTGTCACGCAAAG,Plasmacytoid dendritic cells
L5_GCACGTGGTACAAAGT,CD4+ T cells
L3_CTGAGGCAGGTAACTA,Cytotoxic CD8+ T cells
E2L5_TAGCACATCAGAGCGA,B cells
L3_GAGCCTGTCGCCAGAC,Plasma cells
L2_ATCCCTGCACAAATGA,CD4+ T cells
L4_GTTGTAGCATGACCCG,CD4+ T cells
L2_CCATAAGCATATGCGT,HSPCs
L3_AGGAGGTAGACTGTTC,NK cells
L1_AGGACTTGTCAGATTC,Classical monocytes
L4_CGCGTGAAGGTGCCTC,Non-classical monocytes
E2L6_CCACGAGAGCAAGTGC,Platelets
E2L6_ACTTTGTCACGCCAGT,B cells
E2L5_CTCCAACCAGTTGTCA,NK cells
E2L2_CAGTGCGGTATGAGCG,Activated CD4+ T cells
E2L6_TACTGCCAGCAGCGAT,B cells
L3_GTCATCCCAGGTAGTG,Plasma cells
L4_AGTCACACACAAGTTC,Classical monocytes
E2L5_CGGAGAATCGTTCCCA,Classical monocytes
E2L2_GTGGAAGGTGCGTTTA,Plasmacytoid dendritic cells
L2_CATCGCTTCTGCGTCT,HSPCs
E2L7_AGATGCTAGCCTCAAT,CD4+ T cells
E2L5_GTAGATCAGGCGACAT,Activated CD4+ T cells
L5_TTCCGGTAGCAGGCTA,CD4+ T cells
E2L8_TTTCACACACTGGCCA,cDC2
E2L8_CCCTGATGTCTACGTA,Classical monocytes
E2L7_AAGACAAAGCCATGCC,Platelets
E2L6_ATATCCTCAATTTCCT,Platelets
L3_TGATTTCAGTGCACAG,Non-classical monocytes
E2L6_TCATTGTAGTCGGGAT,cDC2
E2L7_GGTTCTCGTCAATGGG,Plasmacytoid dendritic cells
E2L7_CGATGGCTCCCTTGTG,Cytotoxic CD8+ T cells
E2L2_ATCTTCACAAGTTGGG,Proliferating T cells
E2L3_GGGTGTCTCTATCGGA,Cytotoxic CD8+ T cells
E2L6_TTTCGATTCGCCACTT,Platelets
L2_ACATGCATCTGTCGCT,Cytotoxic CD8+ T cells
E2L4_CCTAACCAGAAATCCA,Classical monocytes
L5_TTTGATCGTAACGCGA,Cytotoxic CD8+ T cells
E2L2_TTCCTAAAGTATGGCG,B cells
L2_ATCCCTGGTTCTGAGT,B cells
E2L4_TCATTGTCATCGGATT,Activated CD4+ T cells
E2L7_CATTCCGAGGGAGGCA,B cells
E2L4_AATGCCAAGATTAGCA,Cytotoxic CD8+ T cells
E2L7_TATCGCCCATACTTTC,Platelets
L4_CCTAAGAAGCGGTAAC,CD4+ T cells
E2L8_ATCGGCGAGTATGACA,B cells
E2L2_CGAGTGCAGCGCATCC,Plasma cells
L3_CGGGTCAGTCATGACT,cDC2
E2L6_ATTCTACGTTCTCAGA,B cells
E2L8_GAAACCTAGCCTGAGA,CD4+ T cells
E2L4_GTGGAAGTCCTCTGCA,Platelets
E2L2_TGGTACAGTTCTTGTT,Platelets
E2L7_CAGCGTGGTCGAGTTT,Cytotoxic CD8+ T cells
L3_TCGAACACAGCTGAAG,CD4+ T cells
L5_TCAGTCCAGCATTGAA,B cells
E2L3_TCCTAATCAGAAGTGC,CD4+ T cells
E2L4_AAGTTCGAGTTGAAAC,Cytotoxic CD8+ T cells
E2L8_CGTGCTTGTGAGATAT,CD4+ T cells
L1_TCCTTTCTCGCCAACG,B cells
L5_TCGTGCTAGCCAGACA,CD4+ T cells
L2_TGGGAGAGTGCATCTA,CD4+ T cells
L2_CTCAACCGTGGTAATA,Effector Memory CD8+ T cells
L3_ATCCCTGAGGGCAGTT,Plasma cells
E2L8_AACGGGAGTACGCTAT,cDC2
L2_AGAGCAGAGGCCCGTT,Effector Memory CD8+ T cells
L4_GTCATGACACCAGCCA,B cells
L5_GCCAGGTTCATCACCC,CD4+ T cells
L3_GCTTCACAGGAAGAAC,CD4+ T cells
E2L8_GTTCGCTGTATGGGAC,CD4+ T cells
E2L7_GGTGAAGGTATCGGTT,Effector Memory CD8+ T cells
L1_TCAAGCAGTCACTACA,cDC2
E2L1_CCACACTAGTCTGTAC,Proliferating NK cells
L3_TCGCACTTCGCTGACG,Effector Memory CD8+ T cells
E2L6_AAGCCATTCCGCAACG,Cytotoxic CD8+ T cells
L4_GGTTGTAGTCAGACTT,Non-classical monocytes
L1_TTCTTCCTCTTTGCGC,Erythrocytes
E2L7_CCGTGAGGTCACAATC,Cytotoxic CD8+ T cells
E2L1_AGACCCGGTAGGCAGT,cDC2
E2L8_GTGGTTACATATTCGG,Proliferating T cells
E2L6_TCGCTCACACTTGGGC,B cells
E2L4_ATAGGCTTCGATAACC,Plasmacytoid dendritic cells
E2L4_GAACTGTAGGTACTGG,cDC1
E2L2_CTTCTAATCGCTTAAG,B cells
E2L2_AGGATAAAGAACTTCC,B cells
E2L5_TCATTACGTCTAGGTT,Proliferating T cells
L4_TCCGATCGTCGTACAT,Plasma cells
L5_AAACGAAGTTCTTCAT,Cytotoxic CD8+ T cells
E2L4_TCCATCGAGTATTAGG,CD4+ T cells
L3_TACCTCGCAGGTGTTT,CD4+ T cells
L4_GGAGGATTCCCATAGA,CD4+ T cells
L4_TTACAGGCAACTCGAT,HSPCs
E2L6_ACTTAGGGTGTTACAC,Non-classical monocytes
L4_TGAATGCGTTGTAAAG,Non-classical monocytes
L5_GGAGGATAGCCATCCG,Memory CD8+ T cells
L3_AGACTCAAGCCAAGTG,Cytotoxic CD8+ T cells
E2L6_ACGGTCGAGAGGGTAA,CD4+ T cells
E2L3_ATTCTACAGACCACGA,Classical monocytes
L1_CGTGAATTCTGGAAGG,Effector Memory CD8+ T cells
L4_TGACTCCAGGGCAAGG,B cells
L5_CACTGAAAGACATATG,Plasmacytoid dendritic cells
L3_TCATGGAGTCTAACTG,CD4+ T cells
E2L1_GTCGAATCACAACGTT,HSPCs
L5_CGGAACCAGTGGCGAT,Plasma cells
L5_TCGGGTGAGGGCATGT,Erythrocytes
E2L7_TTGCATTCAGTTAGGG,Proliferating T cells
L1_TTTGGAGGTAGCACAG,HSPCs
L4_GGAATCTAGCCTTGAT,Effector Memory CD8+ T cells
E2L3_GTCACTCAGATAACAC,Plasmacytoid dendritic cells
E2L7_CTTACCGCACCGTGGT,B cells
L2_GTCGCGAAGATGGCGT,HSPCs
E2L7_AAGGTAACACGTCGTG,Non-classical monocytes
L1_GGGCTACCAGCTTTGA,Plasmacytoid dendritic cells
L2_GGTCTGGCAGGCCCTA,Effector Memory CD8+ T cells
L2_GAATCACCATACGCAT,Effector Memory CD8+ T cells
E2L7_GGTGTTACAATTGCGT,Cytotoxic CD8+ T cells
E2L7_GTAGAAATCGAGAACG,Classical monocytes
E2L7_ACTTCCGGTTTAGACC,Cytotoxic CD8+ T cells
E2L4_ATTACCTCATTGTACG,B cells
L5_TCAGTTTTCACCGGTG,Proliferating T cells
L3_ATTCAGGAGTCGGGAT,CD4+ T cells
E2L5_TTTGGTTTCGAGTTGT,Plasma cells
L3_TAACCAGAGGAAAGAC,Classical monocytes
E2L2_AGTAGCTCAGCGAACA,cDC1
L5_CTTCTCTTCGTTCTCG,CD4+ T cells
E2L1_TACTTCAAGAGAGAAC,CD4+ T cells
L3_GTCCCATGTGCGAGTA,Proliferating T cells
E2L4_GCGGAAAAGCATCAAA,B cells
L4_CGTCCATAGATACAGT,B cells
L1_AGTACTGTCGGATTAC,HSPCs
E2L4_ATGAGTCAGAAACTGT,CD4+ T cells
L2_AATCACGTCGGCACTG,Non-classical monocytes
L5_TCCAGAACAGAGGACT,Effector Memory CD8+ T cells
L4_TGTAGACAGTAAAGCT,NK cells
L1_TGTCAGACAAGTGTCT,B cells
L3_TGCTGAACAACGCCCA,Effector Memory CD8+ T cells
E2L4_ATCCTATTCATTCATC,cDC1
L5_GCATCTCGTGCTATTG,HSPCs
L4_GAAGCCCGTTACAGCT,Effector Memory CD8+ T cells
L1_ACCGTTCCAACCCGCA,Proliferating T cells
L3_TTCTCTCAGCTTGTTG,Non-classical monocytes
L5_ATCATTCGTACCCAGC,B cells
E2L5_CAGTTAGGTCTCACAA,cDC2
L4_GGTTAACAGCTATCCA,CD4+ T cells
L5_CTCAGTCCACTGCTTC,CD4+ T cells
L5_GGATGTTGTATGGAGC,CD4+ T cells
L2_TACGTCCGTGATGGCA,Cytotoxic CD8+ T cells
L2_CCAAGCGAGAAACACT,CD4+ T cells
E2L3_GTCGTTCTCTCGTGAA,B cells
L1_CAACGGCGTCCACTCT,Effector Memory CD8+ T cells
E2L7_TAAGCCAGTAAGACCG,cDC2
E2L5_GCAGCCACACCTGAAT,CD4+ T cells
E2L4_AACCCAAAGCAGGTCA,Classical monocytes
L1_AGGATAATCGGTCACG,cDC1
E2L7_TAATTCCCATCTGTTT,CD4+ T cells
L4_CTGATCCAGGTAAGGA,Cytotoxic CD8+ T cells
E2L3_CACTGAACATGAGAAT,CD4+ T cells
E2L1_ATGGTTGTCGTTGTAG,Cytotoxic CD8+ T cells
E2L1_AAGGAATCAAGAGGCT,Cytotoxic CD8+ T cells
E2L6_GGGAGTAGTGACTATC,CD4+ T cells
E2L7_AGGCCACAGATGATTG,B cells
E2L6_CCTGCATGTCGCCACA,Cytotoxic CD8+ T cells
L1_TCACATTCACACTGGC,HSPCs
L5_CGTCAAAAGCCATTTG,Activated CD4+ T cells
L1_TCATTTGAGTGATAGT,Memory CD8+ T cells
E2L4_GTAGGTTTCTGAGTCA,B cells
L2_TGGTGATAGTACTGGG,CD4+ T cells
L3_CAAGAGGAGGCTGAAC,CD4+ T cells
E2L8_AAGAACACAGAGATTA,NK cells
L3_CGAGAAGTCATTGGTG,Proliferating T cells
L5_TGAATCGCACGTCTCT,Cytotoxic CD8+ T cells
E2L4_CGATGGCAGTCGCCCA,cDC2
E2L2_GCAGGCTCAACGTTAC,Effector Memory CD8+ T cells
L4_AGGGTGAAGGATTCAA,Plasma cells
E2L8_ATAGAGAGTCACGCTG,CD4+ T cells
E2L8_GCTTTCGTCCGGTTCT,cDC1
L4_TCCCATGCAAGTCCAT,Effector Memory CD8+ T cells
L3_AGGGTTTAGTGGTGAC,Non-classical monocytes
L5_TCCGGGACAGTCCCGA,Proliferating T cells
E2L1_CTGCATCAGGTACCTT,NK cells
L3_GTCCTCACAGATGCGA,Effector Memory CD8+ T cells
L3_CCGCAAGAGTAATACG,B cells
E2L7_CTCAGTCGTAAGCTCT,Plasmacytoid dendritic cells
L4_TAATCTCGTGACATCT,Cytotoxic CD8+ T cells
E2L7_GGTTCTCAGCTGTTCA,NK cells
E2L5_CGAGTTAAGTAAGACT,CD4+ T cells
L2_CTCTCAGCATTGCAAC,CD4+ T cells
E2L2_GTAGTACCAAGTTCCA,Activated CD4+ T cells
E2L2_CAGATTGCACCCAAGC,B cells
E2L4_TATCCTATCATTATCC,B cells
L5_TGACAGTCAGATTCGT,CD4+ T cells
L5_TGCTTCGGTAGCGCTC,Memory CD8+ T cells
L2_CCTCACACACGCTGAC,Plasma cells
L5_CTGGACGGTTGTGCAT,CD4+ T cells
L2_AGTACTGCATCGTCCT,Proliferating T cells
L5_TCGGGTGCATGCACTA,Proliferating T cells
L1_TCCCATGCACCAGCGT,Effector Memory CD8+ T cells
E2L4_ACTGTGAAGTAAGACT,Plasmacytoid dendritic cells
L3_GGTGGCTGTAATCAGA,CD4+ T cells
L5_GGGTAGATCGAAGAAT,Effector Memory CD8+ T cells
L5_CTTCTCTCATCCCACT,CD4+ T cells
L3_AGTCACACATGAGGGT,NK cells
L2_GACTGATCATCGATGT,CD4+ T cells
E2L7_GTAGAGGTCGGATACT,CD4+ T cells
E2L5_TTGCGTCCACAGTCAT,cDC2
E2L8_CGAGTGCGTTGCTCCT,Plasma cells
E2L4_GGAGGATAGTGCACCC,Non-classical monocytes
L1_ATTACCTCAACCCTCT,Cytotoxic CD8+ T cells
E2L3_TACATTCCAACAAGTA,cDC2
L2_TCGGATACATCCGTTC,B cells
L2_CTGATCCGTGAGTTGG,Plasma cells
E2L7_TGTTGAGCACAACGCC,B cells
L1_CCACGTTAGGGTGAGG,CD4+ T cells
E2L4_CATGCCTCAACGGCCT,CD4+ T cells
L4_TGAGCATCAGTTGGTT,NK cells
L3_TGCTCGTAGAATTCAG,Effector Memory CD8+ T cells
L4_CAATCGATCGAACCTA,Effector Memory CD8+ T cells
E2L2_ACAACCATCGCCTTGT,cDC2
L5_CCGAACGAGGACAGCT,CD4+ T cells
E2L2_CAATGACGTACAAGTA,Platelets
E2L4_GTTCATTCACGCAGTC,Cytotoxic CD8+ T cells
E2L3_TGGTACATCTCCCAAC,Activated CD4+ T cells
L3_AAGATAGTCAGACCCG,Cytotoxic CD8+ T cells
E2L4_AGAACCTCAAGGATGC,Cytotoxic CD8+ T cells
L1_ATGGTTGAGTTTGTCG,B cells
E2L4_ACATCCCAGTAACAGT,Classical monocytes
L1_GGAGGATCATTACGGT,Non-classical monocytes
L4_CAGCAATGTGGATCGA,B cells
E2L1_TCACTATAGCTAGCCC,cDC2
L2_AGGGCCTTCAAGCTTG,NK cells
L4_GCCGATGAGCCTATTG,CD4+ T cells
L2_TCCTCGACACGGTGCT,NK cells
L5_AGCCAATGTTACAGCT,NK cells
L1_GTAAGTCCATCAGTGT,Proliferating T cells
E2L5_AACAACCCACTCTAGA,Effector Memory CD8+ T cells
L3_CGTTAGAGTATAATGG,Cytotoxic CD8+ T cells
L3_GGTAGAGGTAGGGTAC,CD4+ T cells
E2L6_CATTGAGTCGGACGTC,cDC2
E2L8_ATGCATGGTCTGATCA,Activated CD4+ T cells
L4_TTAATCCAGTAGGATT,B cells
L3_TAGTGCAAGGCAGGTT,Cytotoxic CD8+ T cells
L1_ATTCAGGTCGACTCCT,Effector Memory CD8+ T cells
E2L6_GACTCAAAGGTAACTA,Cytotoxic CD8+ T cells
L3_CGTGATACAACATCGT,Activated CD4+ T cells
L5_ATCGTCCGTCGTAATC,Cytotoxic CD8+ T cells
E2L6_GCTTTCGGTACAAGTA,B cells
E2L6_GTACAGTGTGGACTAG,Classical monocytes
L2_GAAGGACCACGCACCA,Proliferating T cells
E2L3_ATGGATCTCATGCGGC,cDC2
E2L5_CGCATGGCAGCTACCG,CD4+ T cells
E2L5_TCGATTTTCCAACCGG,Effector Memory CD8+ T cells
L1_TTGTGGATCGAGAAAT,CD4+ T cells
L3_GCCGATGCATGTGGCC,Non-classical monocytes
L4_TCTAACTAGACGATAT,CD4+ T cells
E2L2_CACTGTCGTCAAGCGA,CD4+ T cells
E2L3_CGCATGGAGATGGGCT,CD4+ T cells
L5_AGGTGTTAGACCAGAC,B cells
E2L1_TAAGTCGAGCTTTCTT,Plasma cells
E2L3_TCCCACAAGTGAGCCA,Platelets
E2L7_TGGGATTGTTCGGCGT,Effector Memory CD8+ T cells
L5_TCCCATGGTTGGAGAC,Effector Memory CD8+ T cells
E2L2_AACCACACAGGCGATA,Proliferating T cells
E2L6_ACCTGTCAGTGCGCTC,Activated CD4+ T cells
L4_TGAATCGCATCTAACG,cDC2
L4_ACAGGGAAGGCTGTAG,Classical monocytes
L4_TCTCACGCACTGGCGT,Classical monocytes
E2L1_GTACAACCAGTAACCT,Classical monocytes
L5_GCCAGTGTCGGTAGAG,Cytotoxic CD8+ T cells
E2L2_CTGTGAATCCGGTTCT,Proliferating T cells
L4_TTACCGCTCGTAGGGA,Plasmacytoid dendritic cells
L4_ATCGGCGAGCCAAGCA,CD4+ T cells
E2L6_ACTGTCCGTTATGACC,CD4+ T cells
L2_TGAATGCGTCAAAGCG,CD4+ T cells
L3_GGGCCATGTTGTCATG,CD4+ T cells
L5_AACAGGGTCGATTCCC,Cytotoxic CD8+ T cells
L3_ACACCAATCATTGTTC,Proliferating T cells
E2L5_TGGAACTCAGCTCGGT,Effector Memory CD8+ T cells
E2L1_AGCGCCATCTTCGATT,Cytotoxic CD8+ T cells
E2L2_GCTACCTCAAGTGGAC,CD4+ T cells
E2L7_AAACCCAAGTGGATTA,Effector Memory CD8+ T cells
E2L1_GGAATGGCACTAGTAC,Plasma cells
E2L2_AACAGGGCAGGCGAAT,NK cells
L2_CATGGTATCAGCTGAT,Proliferating T cells
E2L3_TCATCCGGTAATACCC,B cells
E2L2_AAACGCTGTGATTAGA,CD4+ T cells
E2L8_TGTTACTGTTGTACGT,NK cells
L1_CGTTGGGTCGACCAAT,Non-classical monocytes
E2L5_CGTGATATCAAGAGTA,B cells
L5_GATAGCTAGCAGCAGT,Non-classical monocytes
E2L4_ACCTACCTCCGAGGCT,B cells
E2L8_ATCCTATCACGGATCC,B cells
L3_TTCCGTGAGACCACGA,CD4+ T cells
E2L7_GTTGCGGAGAGTCAAT,Platelets
L1_TCCATCGCACACCGCA,CD4+ T cells
L3_TCGGTCTGTATATGGA,Cytotoxic CD8+ T cells
L3_TTTATGCGTGCCCACA,Plasma cells
E2L1_ATGATCGCAACTGAAA,Non-classical monocytes
L2_TCCAGAATCTGTAACG,CD4+ T cells
E2L8_CCCTAACGTCTTAGTG,B cells
L3_CCTGCATTCCGTGGCA,Plasma cells
L3_AGGTAGGCAGTAGTTC,CD4+ T cells
E2L8_TGGATGTTCCACGTCT,Plasma cells
E2L1_AAGTGAAAGCACCGAA,Plasma cells
E2L3_CACTGAATCCGCGATG,B cells
L2_TAGAGTCCATGCAGCC,B cells
L5_TGTTGGATCGGTCGAC,CD4+ T cells
E2L7_TGGATGTCAGGCCCTA,Effector Memory CD8+ T cells
E2L7_GCTTCACGTACAACGG,Activated CD4+ T cells
L4_TCAAGCAGTTCCCAAA,HSPCs
L4_CAGGTATCACGGTGCT,Effector Memory CD8+ T cells
E2L5_ATCGGATCACAGCTTA,B cells
E2L8_AAGCGAGCAAATTGGA,Activated CD4+ T cells
L3_ATCGTGATCTGCGTCT,HSPCs
L4_TCTCCGAAGAGCCCAA,CD4+ T cells
E2L3_GGGCGTTCATATAGCC,Non-classical monocytes
L1_GCTTGGGTCACAGTGT,Cytotoxic CD8+ T cells
E2L4_AGGTCATTCGGCTTGG,Effector Memory CD8+ T cells
E2L1_GTTCCGTTCCCGTTCA,CD4+ T cells
E2L3_AATTCCTAGGTCGTGA,CD4+ T cells
L2_TGTGTGAGTGAACCGA,CD4+ T cells
L3_AGAAGCGGTCGTACTA,B cells
E2L4_TGTTACTGTGCCTTTC,Proliferating T cells
L2_CATCCCAAGGTAAACT,Effector Memory CD8+ T cells
E2L3_GTGCTGGTCATCGCCT,CD4+ T cells
L4_CAATGACAGTTGCCCG,CD4+ T cells
E2L3_TGATGCAAGTAGGCCA,B cells
E2L2_GTGCTTCTCCGTGACG,cDC1
L5_TATCTGTTCACACCCT,CD4+ T cells
E2L3_TGAGTCAAGACTTCCA,NK cells
E2L8_TAAGCACAGAGCATCG,NK cells
L5_AGGAAATGTTTAGAGA,HSPCs
E2L1_GTTACCCGTTTCCAAG,cDC2
L4_CAGCGTGGTTAGGACG,CD4+ T cells
L4_CTAGGTAAGCGCAATG,CD4+ T cells
L4_ATCACAGAGGCATCTT,CD4+ T cells
E2L4_GATCATGCAGTTCTAG,Proliferating T cells
L3_TCTACCGAGTGTTGAA,Classical monocytes
L2_AGGTTACCAGGGATAC,CD4+ T cells
E2L8_ATGGATCCAATAACGA,Non-classical monocytes
E2L3_CGAGGCTCAGATTAAG,Plasmacytoid dendritic cells
E2L6_ACGTAGTAGGTGATCG,Non-classical monocytes
L2_TCCTGCAAGCACTTTG,CD4+ T cells
L1_TACTTCAAGAGGTCGT,Plasmacytoid dendritic cells
E2L5_GCAGGCTGTTCTGAGT,Activated CD4+ T cells
E2L2_ATTCCATGTATCTCTT,B cells
E2L7_CTGAGGCCATAACTCG,Cytotoxic CD8+ T cells
E2L4_CTCATCGCAGAGTTGG,NK cells
E2L5_TACTTCACAAAGAGTT,Plasmacytoid dendritic cells
L1_TAGATCGAGGCGTTGA,CD4+ T cells
E2L6_TAGGTACGTGGTAACG,CD4+ T cells
E2L6_CACGTGGCAGAGGTAC,Non-classical monocytes
L4_ACAAAGAGTGCACATT,CD4+ T cells
E2L5_ACCACAATCAATGCAC,CD4+ T cells
L4_CATGGTATCAATGCAC,Proliferating T cells
L2_CTAGGTACAAGGTCGA,B cells
L4_GCGATCGTCCGTGTGG,cDC1
L4_GATTTCTTCAGCTAGT,HSPCs
L3_TACTGCCGTTCACGAT,Non-classical monocytes
E2L1_CATCCCATCCGCACGA,cDC1
E2L5_GCCGTGACAGTCAGTT,Proliferating T cells
E2L5_TTTCAGTCAATAACCC,Activated CD4+ T cells
L5_AGGAGGTCATCCTTCG,cDC1
L4_TGGTGATGTCACTAGT,CD4+ T cells
L3_GGGACCTAGTCAACAA,Plasmacytoid dendritic cells
E2L3_ACTGATGTCGTAGTCA,Platelets
E2L7_GTTACCCAGCCTAACT,B cells
E2L2_GGTCTGGGTGCATTAC,CD4+ T cells
L1_ATATCCTCATGCCATA,CD4+ T cells
L2_GGCTTTCCATGGCGCT,Cytotoxic CD8+ T cells
L5_TGTGAGTAGTACAGAT,Effector Memory CD8+ T cells
L4_GCAGCCATCCTGGCTT,CD4+ T cells
L3_TACAACGCATGCCATA,Plasmacytoid dendritic cells
E2L4_TTCCAATAGGTAAGGA,Proliferating T cells
E2L7_TTGGATGCAATGTCTG,CD4+ T cells
E2L4_AGCCAATCAAACTAAG,CD4+ T cells
E2L8_GTGTGATAGTATGCAA,B cells
L1_AGGACTTGTCCTGTTC,Memory CD8+ T cells
L2_TGGAACTGTTGTCTAG,CD4+ T cells
E2L5_ATCGATGGTTCCTTGC,cDC2
E2L1_GATGTTGTCTCCGTGT,Proliferating T cells
E2L3_AGCCAGCCAGCACAAG,Plasmacytoid dendritic cells
L4_GATAGAAGTACAAACA,Cytotoxic CD8+ T cells
E2L5_TTAGGCATCTTCGTAT,Proliferating T cells
E2L6_ATCACAGTCAATGTCG,Proliferating T cells
E2L2_ACCCAAACATTGTAGC,cDC1
E2L3_CTGTAGAGTTTCGACA,HSPCs
E2L2_TCCATCGCAAACTCTG,Cytotoxic CD8+ T cells
L2_GAGGCAAAGTGGTCAG,cDC2
E2L6_GCAGCCATCGTGGGTC,Plasmacytoid dendritic cells
L2_TTAGGGTCACTCTAGA,Classical monocytes
E2L5_CTAGGTACAAGTAGTA,NK cells
E2L2_ACAGCCGAGGACCCAA,Effector Memory CD8+ T cells
L3_TCCGGGATCCTCTAGC,CD4+ T cells
E2L3_TGTAGACGTACCAGAG,Proliferating T cells
L1_GAGGCAAAGGTCTGGA,CD4+ T cells
E2L4_AACAAAGCATAGGTTC,CD4+ T cells
L1_CAGATTGAGAAACTCA,CD4+ T cells
E2L4_TGACCCTCAGCGACAA,Proliferating T cells
E2L1_GTGTTAGAGTTACGAA,B cells
L1_GGTCTGGTCACTCACC,Proliferating T cells
E2L6_ACGGGTCCATACGCAT,Platelets
L3_TACTTGTAGTCACTCA,CD4+ T cells
E2L8_GTAGGTTTCAGTGGGA,cDC1
L2_TTGTTTGAGTAATCCC,Cytotoxic CD8+ T cells
L4_TTTGTTGTCGAATGCT,CD4+ T cells
E2L8_TCCTCCCAGAGCCATG,Non-classical monocytes
E2L1_GCCGATGGTCAGTCTA,Proliferating T cells
E2L6_TGACGCGAGCAGTCTT,Activated CD4+ T cells
E2L6_TTTAGTCGTCAGTCCG,Effector Memory CD8+ T cells
E2L1_CCTACGTCAGCGTATT,Cytotoxic CD8+ T cells
L5_ATTCTTGAGAGAATCT,CD4+ T cells
E2L4_CCACGAGAGACGCAGT,NK cells
E2L6_CCGTGAGAGCTTACGT,cDC2
E2L2_TGGTACACATAGACTC,Classical monocytes
E2L4_GGTGATTAGGGAGGCA,cDC1
E2L3_GTTACAGCACAGCTGC,Cytotoxic CD8+ T cells
E2L5_TTCCAATAGAGGGTCT,Classical monocytes
E2L1_TCTGTCGTCCTACCAC,CD4+ T cells
L4_GTAACCACATTCGGGC,CD4+ T cells
E2L7_GTACAGTAGAGGTCAC,CD4+ T cells
L1_GTAATCGAGTCAATCC,CD4+ T cells
E2L5_TTTGGTTTCGAACCTA,Plasmacytoid dendritic cells
L2_TTACCGCCATAACTCG,Memory CD8+ T cells
E2L2_TCGTAGAAGATACATG,Plasmacytoid dendritic cells
L5_CACATGATCTGACGCG,Cytotoxic CD8+ T cells
E2L5_CCTCCAAGTTGATGTC,Activated CD4+ T cells
E2L5_GTGGAAGTCTCGTGAA,Cytotoxic CD8+ T cells
L5_TCCTAATCACCTTCCA,CD4+ T cells
E2L8_TCAATCTCACACCTTC,B cells
L2_TCAGTGAAGTGAACAT,HSPCs
E2L6_CGATCGGGTAACATAG,CD4+ T cells
L4_TGGAGAGAGCACGTCC,CD4+ T cells
L3_TGCAGATCAGCCTACG,cDC2
L5_GTGGTTAGTACAGCGA,Effector Memory CD8+ T cells
E2L4_ACCTGAAAGGACTATA,CD4+ T cells
L1_AAACGAAAGTTGAATG,Effector Memory CD8+ T cells
L5_CAGAGCCCACGAGGTA,Classical monocytes
E2L5_CATTCATAGATGCGAC,cDC2
E2L6_ACTTCCGGTCTTAGTG,cDC1
L2_TATTGCTGTGTTCGAT,Plasma cells
E2L7_TAGCACACATTACGGT,Effector Memory CD8+ T cells
L5_GACCCAGTCACTGTTT,CD4+ T cells
L5_CGAATTGGTTTGTGGT,Proliferating T cells
E2L5_CATGCGGGTTTAGTCG,Cytotoxic CD8+ T cells
E2L7_GCATTAGTCGCAGTCG,cDC2
L1_CTTGATTAGGAAGTAG,CD4+ T cells
L5_CATCCCAGTCATGGCC,HSPCs
L5_AAAGGGCGTCACTTCC,Effector Memory CD8+ T cells
L4_CTACCTGTCATTCACT,CD4+ T cells
L5_CTGTGGGCACTGCACG,Proliferating T cells
E2L8_CATACCCCATCCTAAG,CD4+ T cells
L4_TTTGTTGTCGTCCATC,Effector Memory CD8+ T cells
L3_TGGAGGAGTTCTCTAT,Non-classical monocytes
E2L8_ACTTTCATCTCGTGGG,CD4+ T cells
E2L8_TGTGTGAAGACCAGAC,B cells
E2L3_AGTCAACTCGGTCGGT,cDC2
E2L1_AAGACTCTCGCTAGCG,Cytotoxic CD8+ T cells
E2L1_CATGAGTAGCTTTGTG,B cells
L3_TTTACGTTCAAGGAGC,Non-classical monocytes
E2L3_GGTGAAGAGGACACTG,CD4+ T cells
E2L1_CTTGAGATCCGGCAGT,Classical monocytes
L1_GCCGTGAGTCGAGTGA,CD4+ T cells
L1_GGCTTTCTCCTCACGT,Non-classical monocytes
L3_GAAACCTAGATGTTGA,Plasmacytoid dendritic cells
L4_AGTCATGCAAGGGCAT,CD4+ T cells
E2L3_TGGTTAGCATTGCTTT,Cytotoxic CD8+ T cells
E2L3_GTTGTCCCAGTGCCTG,CD4+ T cells
E2L8_CAATACGCACGGTGCT,Cytotoxic CD8+ T cells
E2L5_GCATCTCAGGAACGCT,Platelets
E2L6_CTCTGGTAGACGTCGA,Classical monocytes
E2L3_TTGATGGGTATGCGGA,Activated CD4+ T cells
L5_TCGAAGTTCTATCGTT,cDC2
E2L8_TCGCACTTCCGCTGTT,Effector Memory CD8+ T cells
E2L1_AGGGTTTTCCGCGGAT,Cytotoxic CD8+ T cells
E2L2_GGGTTTACACATGTTG,Non-classical monocytes
E2L4_GCAGCCAAGACATGCG,cDC2
L4_GCCAGGTGTTTACGTG,Cytotoxic CD8+ T cells
E2L1_ACACTGAAGTCATAGA,Cytotoxic CD8+ T cells
E2L5_TGTAGACGTACAAACA,NK cells
E2L6_AAACCCATCAACTGGT,CD4+ T cells
L1_ATTCATCAGCCTGACC,CD4+ T cells
E2L4_TTACTGTTCTACTGCC,Plasma cells
L3_ACGGTTATCAAGCCCG,HSPCs
E2L5_GTCTTTATCCTGGGTG,B cells
L1_CAGGGCTGTCTTCGAA,Proliferating T cells
E2L4_CAACAACGTCCCTGTT,Cytotoxic CD8+ T cells
L5_AATCACGAGAGCCCAA,Plasma cells
L1_AGATCGTGTGTCTTCC,CD4+ T cells
E2L8_AATCGACCAACGGCCT,Cytotoxic CD8+ T cells
E2L4_ACTGTCCGTCACCACG,Activated CD4+ T cells
L5_CTGAGCGAGGTGCAGT,CD4+ T cells
L4_TATCTTGGTTACACTG,CD4+ T cells
L3_TACAGGTGTAGTTACC,NK cells
E2L7_CGGGTCATCGTACACA,CD4+ T cells
L4_ATTCATCTCCCATACC,cDC1
E2L6_ATTCACTGTTAAACAG,B cells
E2L8_AAGTTCGAGGATTTAG,CD4+ T cells
L1_CGATGGCAGACCAACG,Cytotoxic CD8+ T cells
E2L4_TGAGGTTTCAAGTAAG,Classical monocytes
E2L6_CCTCAACTCGACGTCG,Cytotoxic CD8+ T cells
L4_CTGTCGTCAAGAAACT,CD4+ T cells
L4_CATTCATAGTGATGGC,CD4+ T cells
L1_GATCCCTGTTAAGGAT,Effector Memory CD8+ T cells
E2L2_CAGCAGCAGTAGGGTC,Cytotoxic CD8+ T cells
L4_CCGGACACACCTCTAC,cDC2
L2_TTGGTTTGTTCAGCGC,Plasma cells
L1_TGTGGCGTCCACACCT,cDC2
L5_ATCACTTCAGAACCGA,CD4+ T cells
E2L8_AGGGCTCGTGTCATCA,B cells
E2L3_TTCTAGTTCAAGATAG,Cytotoxic CD8+ T cells
E2L5_CATTGAGGTAGCTTGT,CD4+ T cells
L3_AAAGGGCTCGCTGTTC,Non-classical monocytes
L1_AAGAACATCAAAGCCT,HSPCs
E2L5_CATGCCTGTCGTATGT,Proliferating T cells
E2L3_CTTAGGATCCCTTTGG,HSPCs
L3_TCCACGTAGGTCACCC,Cytotoxic CD8+ T cells
E2L5_GCCAGTGTCACCTGTC,Plasmacytoid dendritic cells
E2L1_ATGACCAGTAGTATAG,Plasma cells
E2L1_TAAGCACGTAGTATAG,Cytotoxic CD8+ T cells
E2L6_TTTACCAGTTGAAGTA,Platelets
L2_GGGACTCTCGGCCCAA,Non-classical monocytes
L1_GGCTGTGCAACTGTGT,CD4+ T cells
E2L2_GGGAGTAAGAGAGAAC,Plasmacytoid dendritic cells
E2L4_AGCCACGCAATGTGGG,Activated CD4+ T cells
L2_CTATAGGCATGCGGTC,Memory CD8+ T cells
E2L1_AGTAGTCCAGTTCTAG,Cytotoxic CD8+ T cells
E2L6_TGTTGGACAGAAATCA,Cytotoxic CD8+ T cells
L3_AGGGCTCCAAAGCAAT,NK cells
L3_TCTGCCATCCACCTGT,CD4+ T cells
E2L3_TGCATCCCACGACAGA,CD4+ T cells
E2L3_TCAGTCCGTGCTGATT,Activated CD4+ T cells
E2L4_TGTTCATAGCAACAAT,CD4+ T cells
L4_GGGCGTTAGCGGGTTA,CD4+ T cells
L1_TGGTAGTAGGGTTAAT,CD4+ T cells
E2L2_TGCCGAGAGAATACAC,CD4+ T cells
E2L8_TACGTCCCAATCTCGA,B cells
L1_TGGATGTAGACGGAAA,HSPCs
E2L4_CTCTCAGGTGACTGAG,Proliferating T cells
E2L8_TTCTAGTTCACGGTCG,Effector Memory CD8+ T cells
E2L6_GTCACTCCAAGCTACT,Classical monocytes
E2L5_TCATACTGTTCGTTCC,CD4+ T cells
L2_ACTTAGGAGTAAACGT,cDC1
E2L8_CATTGAGTCTCTATGT,CD4+ T cells
E2L3_GGTGTCGGTATCAAGA,Classical monocytes
E2L1_ATCTTCAAGTGGGAAA,Plasmacytoid dendritic cells
E2L8_TGAGGAGCATCTCCCA,Cytotoxic CD8+ T cells
E2L4_ATGGTTGAGCCTCCAG,B cells
E2L4_TTTCCTCGTGGCAACA,Activated CD4+ T cells
L2_GAAGCGACAGAATCGG,Effector Memory CD8+ T cells
E2L4_CTGTGGGGTCACTTAG,B cells
E2L4_CATGCGGGTATAATGG,cDC2
E2L6_TGTTCATGTCGTAATC,Effector Memory CD8+ T cells
E2L4_CATTCCGAGATGGCGT,Proliferating T cells
L1_ATTGTTCGTCTCAGAT,Classical monocytes
E2L5_TGCGGGTGTACACGTT,NK cells
L3_TGACAGTCAGCGTGAA,B cells
L2_GTAAGTCAGCGCAATG,CD4+ T cells
E2L1_AAGACAACACGATAGG,B cells
L4_GTAGGAGAGTGCTCGC,B cells
E2L5_AGGACGATCCATAGGT,Proliferating T cells
L3_CACACAACAGCAGACA,Cytotoxic CD8+ T cells
L1_CGGAGAAAGCAAACAT,CD4+ T cells
E2L1_TGTTCCGGTATCTTCT,Cytotoxic CD8+ T cells
L1_ATCCATTTCTCGGTCT,Plasma cells
E2L6_TTGCTGCAGCACCGAA,B cells
E2L8_ATTCTTGCAAGGCGTA,Cytotoxic CD8+ T cells
E2L7_GAAGCGAGTACGTTCA,CD4+ T cells
L3_CCGTTCAAGCGTTACT,Effector Memory CD8+ T cells
L1_CTGTAGAGTGGCAGAT,CD4+ T cells
L2_AGAGAGCCACGAGGAT,Erythrocytes
L1_CAATGACGTCCTCAGG,CD4+ T cells
L4_TTCCAATTCAGGTGTT,Cytotoxic CD8+ T cells
E2L3_TCCACGTCACTAGGCC,cDC1
L1_AGAGCCCAGGCCATAG,CD4+ T cells
E2L7_GGGTCACAGTAAGGGA,Cytotoxic CD8+ T cells
E2L8_CCTGCATAGACTCGAG,CD4+ T cells
L4_CGGGTGTAGGTCGTAG,CD4+ T cells
E2L6_CACTTCGTCGTGTTCC,cDC2
L5_TGTACAGTCTGGCCGA,CD4+ T cells
L5_GACACGCGTCCCTGTT,Effector Memory CD8+ T cells
L2_GTAGGTTAGCGGACAT,B cells
E2L3_GCCATGGAGAGGTTTA,Cytotoxic CD8+ T cells
E2L8_GATTCGACATTGCAAC,B cells
E2L1_TTAATCCTCTACACAG,Non-classical monocytes
L4_CCTCATGTCTCGGTCT,CD4+ T cells
E2L7_CTCCTCCGTCGTTTCC,Plasma cells
E2L6_TGTAACGCAGACTCTA,CD4+ T cells
E2L6_CCACTTGGTAACGGTG,Effector Memory CD8+ T cells
L4_TGCAGATAGACCATAA,Classical monocytes
E2L4_CATCGCTCAATAGGGC,Effector Memory CD8+ T cells
E2L5_TGCCGAGAGGTCACCC,B cells
L1_ACCGTTCAGATGCTAA,Proliferating T cells
E2L2_CCGAACGGTTTCACTT,CD4+ T cells
E2L8_CAACAGTCAGGATTCT,cDC1
E2L7_TCTCACGGTCTTACTT,Effector Memory CD8+ T cells
L5_GCACGGTTCATTCACT,CD4+ T cells
E2L8_GTGGAAGCAGTTTCGA,Non-classical monocytes
E2L3_TCCCACAGTGAGTAGC,Effector Memory CD8+ T cells
E2L5_ACAGCCGCACCCTCTA,CD4+ T cells
L5_ATCGTGAGTTGGCCGT,B cells
E2L7_GGGTTTACATATAGCC,CD4+ T cells
L1_GAATCGTCATACTGTG,HSPCs
E2L1_AGAAATGGTCTAGATC,Plasmacytoid dendritic cells
E2L1_AGCCACGCATCCGTGG,B cells
E2L6_TCCTCCCAGCAGTCTT,Memory CD8+ T cells
E2L8_AACCCAACACCAGCCA,B cells
E2L1_ACTTAGGAGGGTACGT,Proliferating T cells
L5_AAAGTCCTCACGGGCT,Effector Memory CD8+ T cells
E2L1_TCACGGGGTCGAGCTC,Non-classical monocytes
E2L5_GACGTTACAGCGGTTC,Proliferating NK cells
E2L1_GTGAGCCCAAGTCCAT,B cells
E2L8_ACGTAGTCAAAGGCGT,Cytotoxic CD8+ T cells
L5_TTGGATGGTTAAAGTG,CD4+ T cells
E2L3_AGCCAATCACCTCTAC,Proliferating NK cells
E2L1_AGGGCTCGTGGGAGAG,B cells
L5_CGAAGTTAGGGAGGCA,CD4+ T cells
L5_GGTGAAGTCGACACCG,NK cells
E2L8_AGTTCCCCAATTTCTC,Plasmacytoid dendritic cells
E2L4_TGAGTCAGTAAGATTG,NK cells
E2L7_GCACGGTTCCGCGGAT,Plasma cells
L4_GACTTCCAGGGTGGGA,HSPCs
E2L1_AACAACCTCGCGCTGA,Effector Memory CD8+ T cells
E2L2_GAAGAATGTAATACCC,Classical monocytes
L5_TCCGTGTCAATGTCTG,B cells
L3_CTACCTGGTACCTTCC,B cells
E2L4_GTAGGAGGTCGTGGAA,B cells
L1_CTGAATGAGTCTAACC,Effector Memory CD8+ T cells
E2L6_CAGATACTCGCCTAGG,Plasmacytoid dendritic cells
L1_TCGCACTAGCAATTCC,Memory CD8+ T cells
E2L6_TCTTCCTCAGACTCTA,B cells
L3_TATCAGGCAAGCTACT,CD4+ T cells
E2L6_CAAGCTACAACGATTC,Platelets
E2L7_ATCACGACATGCCGCA,Cytotoxic CD8+ T cells
L2_TCCCACACACAAAGCG,CD4+ T cells
E2L7_ATGAGTCAGCTTAGTC,B cells
L3_TCATCCGCACAGTCCG,CD4+ T cells
L1_GTCACTCAGGACGCTA,CD4+ T cells
L3_AGCTACAGTCAACGCC,CD4+ T cells
E2L5_TGAGCATCAGATGCGA,Cytotoxic CD8+ T cells
L5_AACAGGGCACCTTCGT,CD4+ T cells
E2L2_ATATCCTCAACGTAAA,Cytotoxic CD8+ T cells
E2L8_TTACTGTCAGTGTACT,Activated CD4+ T cells
L4_ACATCCCGTTCATCGA,Plasmacytoid dendritic cells
E2L3_GCCAACGCATCTAGAC,Cytotoxic CD8+ T cells
E2L5_CAGAGCCAGAAGCGAA,Plasma cells
E2L7_AAAGAACAGCATTGTC,Effector Memory CD8+ T cells
L4_TGGGTTACAGCTGGTC,CD4+ T cells
E2L5_GCTACAAAGGGAGTGG,Platelets
L2_AGCGCTGGTGTCCAAT,Effector Memory CD8+ T cells
L4_GAGTGAGTCCTTGGAA,HSPCs
E2L4_TTTATGCGTACAGGTG,CD4+ T cells
L2_TCAGGGCCACGTACTA,CD4+ T cells
L4_TGCTGAATCGACCTAA,Cytotoxic CD8+ T cells
L1_GTAACCAGTGCCGTTG,Non-classical monocytes
L1_CGGGTGTCATCGAGCC,Cytotoxic CD8+ T cells
E2L5_TACGTCCCAGGTTACT,NK cells
L4_GCACTAAAGGGTTGCA,CD4+ T cells
L2_TCGAACAGTATCGTGT,CD4+ T cells
E2L3_CTGTCGTAGCTTGTTG,NK cells
L3_GTAGGAGAGTGTTCCA,Effector Memory CD8+ T cells
L1_TGCGACGTCCATCTAT,Memory CD8+ T cells
E2L5_TGTGATGAGCATGAAT,Effector Memory CD8+ T cells
E2L2_ATGTCCCGTGGCATCC,CD4+ T cells
E2L3_ATTACCTTCAAAGAAC,Cytotoxic CD8+ T cells
L5_CCACTTGGTGAGATTA,CD4+ T cells
E2L8_AATTCCTAGTGCCGAA,CD4+ T cells
E2L2_TCGGGTGGTGACAGGT,B cells
E2L2_ATATCCTAGCAATTCC,Cytotoxic CD8+ T cells
L3_GAGGCCTAGCCGATAG,Non-classical monocytes
E2L2_TAATTCCAGAAATGGG,B cells
E2L1_TTTCCTCAGTATGAAC,Classical monocytes
L3_AACCAACGTAGGACCA,HSPCs
E2L2_GTCACGGGTCGGTACC,NK cells
E2L3_ATTCCCGCAGGTTCCG,B cells
L1_CTCAGTCCATCCGAAT,NK cells
E2L8_CCAATTTAGGATACGC,B cells
L2_GGTGTTATCCCGTTGT,Proliferating NK cells
L3_GGGAGTAAGGTAGGCT,cDC2
E2L7_AGGAGGTCAATCCTAG,CD4+ T cells
E2L5_TCACTATTCACCTCGT,B cells
L2_GATTCGAAGATACAGT,Non-classical monocytes
L3_CACGTGGCAGTCGCTG,cDC2
E2L6_GCTCAAAAGCATGCGA,Cytotoxic CD8+ T cells
L4_CTTCTCTAGCACGATG,CD4+ T cells
E2L8_GCCATTCCAGAGCTAG,NK cells
E2L3_GTGCTTCGTCAAGTTC,Cytotoxic CD8+ T cells
E2L1_AGGGCCTTCCGTTTCG,CD4+ T cells
E2L2_GCAGTTAGTAGTGCGA,Plasmacytoid dendritic cells
L2_GACTCTCTCATCGTAG,Cytotoxic CD8+ T cells
E2L2_TTCTGTAAGCCTCAAT,Activated CD4+ T cells
E2L4_TCCACGTCACCAAATC,Activated CD4+ T cells
E2L7_AATGAAGCAGATCCTA,B cells
L4_CCTTGTGCAGATAAAC,CD4+ T cells
L4_TATCAGGAGATCACCT,B cells
E2L6_TGCGGCACATGCAGGA,Plasma cells
E2L1_GGGATGACAGTTACCA,Cytotoxic CD8+ T cells
E2L4_AGAACCTCACACACGC,Cytotoxic CD8+ T cells
L2_GGATCTAGTGTATACC,NK cells
E2L2_CAATCGAGTTGGGTAG,cDC2
E2L4_TGTTGGACACTATCGA,Cytotoxic CD8+ T cells
L2_TACGCTCAGGACACTG,CD4+ T cells
E2L2_TTGCCTGTCCACCTGT,Cytotoxic CD8+ T cells
L1_TACTTGTCAGACCTAT,CD4+ T cells
L1_GGAAGTGTCCGCGATG,Activated CD4+ T cells
L5_GGGTCACAGCGACTGA,Effector Memory CD8+ T cells
E2L7_GTGCGTGTCTCCAAGA,cDC2
L3_TTGAGTGCACACACGC,CD4+ T cells
E2L5_CTTCAATCACCTCTAC,CD4+ T cells
L1_CGGGCATAGACTCAAA,NK cells
E2L5_AAGGAATCACATATGC,Classical monocytes
L4_ATGACCACAACGAGGT,CD4+ T cells
L1_AGTGATCAGCTGAAAT,Effector Memory CD8+ T cells
E2L5_AATTCCTTCGCTAATG,Effector Memory CD8+ T cells
E2L1_GATTTCTAGTTCCGGC,Proliferating T cells
E2L6_CATGGATCAACTTGCA,CD4+ T cells
L4_AAGCATCTCGTTCAGA,CD4+ T cells
E2L5_CATACCCTCCGTCACT,Cytotoxic CD8+ T cells
L4_CACTGGGGTTTCGGCG,Cytotoxic CD8+ T cells
L3_GGTTCTCCAAGCTACT,cDC2
L4_CCAAGCGTCCCGAGAC,Activated CD4+ T cells
E2L2_GCAGGCTGTGTACAGG,CD4+ T cells
E2L5_CACCAAAAGATTCGAA,Cytotoxic CD8+ T cells
E2L2_TCCGATCGTTTGTGGT,Platelets
E2L4_TCGACGGTCGCCAATA,Plasmacytoid dendritic cells
E2L7_GATTGGTCAATACCTG,Effector Memory CD8+ T cells
L1_ACACTGATCTGCATGA,CD4+ T cells
L1_GTGTGATTCTAAGGAA,HSPCs
E2L4_CTCCTTTTCACGTCCT,cDC2
E2L3_AAAGTGATCTCGGTCT,Classical monocytes
L1_TGTAGACCATTGAAAG,CD4+ T cells
L5_TGTGATGAGTCACAGG,B cells
E2L1_TGGGTTACACAAGGTG,CD4+ T cells
E2L4_GTGGTTAAGAGAGTTT,Cytotoxic CD8+ T cells
E2L4_CATGCAATCACTCACC,Memory CD8+ T cells
L5_CGCCAGACAGATTTCG,Cytotoxic CD8+ T cells
E2L2_TCTTGCGGTGACATCT,Classical monocytes
E2L6_AGGTTGTTCGCCTAGG,Cytotoxic CD8+ T cells
L2_AACAAAGTCGCCAATA,CD4+ T cells
E2L6_ATCGATGCACGTGAGA,Cytotoxic CD8+ T cells
L4_TCTAACTGTGATTCTG,Cytotoxic CD8+ T cells
L1_GGGACAATCGTGAGAG,CD4+ T cells
E2L4_TGTCCCATCGAATCCA,CD4+ T cells
E2L7_ATCGCCTGTTAAGTCC,Cytotoxic CD8+ T cells
L4_GAGATGGGTCTTAGTG,CD4+ T cells
L1_GATAGAATCGTAATGC,CD4+ T cells
E2L3_GTAGAAAGTCGTCAGC,NK cells
E2L4_CACGGGTGTACTAGCT,CD4+ T cells
E2L1_CACATGAGTGCTTATG,Proliferating T cells
E2L2_TTGCGTCTCCGGTAAT,CD4+ T cells
E2L4_AATAGAGTCTGGTTGA,Proliferating T cells
E2L7_GTTACAGCATGCCGAC,Proliferating T cells
L5_GTCTGTCAGGCGTTAG,Plasma cells
E2L1_GAGACTTAGCCATCCG,Non-classical monocytes
E2L6_GAGACCCTCGGCTTGG,cDC1
L1_GTGATGTAGGTCATTC,HSPCs
E2L1_TACACCCAGCAGCGAT,Effector Memory CD8+ T cells
E2L7_AACACACCATGAGGGT,Effector Memory CD8+ T cells
E2L8_GTAGTACCACTGTTCC,Non-classical monocytes
L2_CCGAACGGTACCTAAC,CD4+ T cells
L4_AGGCTGCGTAGGATAT,cDC2
L4_TCGGATATCCCATAAG,CD4+ T cells
L1_TTCTCTCGTGAGCAGT,CD4+ T cells
E2L1_CATGGTAGTTTCGTGA,Cytotoxic CD8+ T cells
E2L6_TACGGTAAGAAATTGC,B cells
E2L2_TGTTACTGTCCACGCA,Effector Memory CD8+ T cells
E2L8_CAAGCTAGTTATGACC,Platelets
E2L8_TTGAACGAGTTGGCGA,cDC1
L5_GTCTACCTCCAGTTCC,cDC2
L5_CCTGTTGGTACGGGAT,Plasmacytoid dendritic cells
E2L5_CATGGTACATTCAGCA,Cytotoxic CD8+ T cells
L1_TTCACCGCATTCATCT,CD4+ T cells
E2L7_AATGCCATCGACGTCG,Plasmacytoid dendritic cells
E2L4_ACTATTCCACTATCCC,Effector Memory CD8+ T cells
E2L3_GTAGCTAGTAAGATAC,Effector Memory CD8+ T cells
E2L5_ATTCTTGTCAATCGGT,NK cells
L4_CGCGTGAAGGGAGGAC,Plasmacytoid dendritic cells
E2L6_GTTGAACCAGTTTCAG,B cells
L3_CAGATTGTCGCAACAT,Cytotoxic CD8+ T cells
E2L6_AAAGTGATCCAGGACC,Plasma cells
L2_TTGAACGGTGAGAACC,Non-classical monocytes
L3_AGACTCAGTGTCTCCT,HSPCs
E2L8_TGTGGCGAGGTCTGGA,Cytotoxic CD8+ T cells
E2L5_CCGATGGTCGCCGAGT,Classical monocytes
L4_GAGGGTATCCAATCCC,CD4+ T cells
L5_GAGTGAGTCAACCTTT,CD4+ T cells
L3_CTATCTATCAGGACGA,Effector Memory CD8+ T cells
E2L3_CTTACCGAGGAAGTAG,Non-classical monocytes
L2_AACAAAGGTCACTAGT,Effector Memory CD8+ T cells
E2L1_GGGCTACCAAGCTGTT,B cells
L2_TCAGGTACAAGAAACT,CD4+ T cells
L5_TCCTGCAAGTATCTGC,NK cells
L3_AAAGGGCGTATTCCTT,Non-classical monocytes
L1_ACTGCAAAGCGCAATG,HSPCs
L1_TGTGGCGCATGGCACC,CD4+ T cells
L2_ATCGTAGCACTTGTCC,Effector Memory CD8+ T cells
E2L7_GCTTTCGCAGGCACTC,B cells
E2L5_TTTCATGCACCTCGTT,Effector Memory CD8+ T cells
L1_TTGGGCGAGACTCCGC,Effector Memory CD8+ T cells
E2L5_CGATGCGTCGAACGGA,B cells
E2L3_TCCTAATTCATGCTAG,B cells
L3_CATGAGTCAAGAGGTC,Effector Memory CD8+ T cells
E2L1_GTCTGTCTCGATGCTA,B cells
E2L3_GAGGCAAAGAAAGTCT,Proliferating T cells
E2L5_GGGACAAAGAATGTTG,Classical monocytes
E2L5_CTACAGACAGCAAGAC,Plasma cells
E2L1_CTACGGGAGTGCCGAA,NK cells
E2L4_TTGCTGCAGACGGATC,CD4+ T cells
L1_CGGGACTGTAACGTTC,CD4+ T cells
L3_CAGTTAGTCTCCCTAG,CD4+ T cells
L2_ATCGGATCACTAGGCC,Cytotoxic CD8+ T cells
E2L5_TCAGTTTTCCATAAGC,cDC1
E2L5_AAGATAGTCCCGATCT,Cytotoxic CD8+ T cells
E2L1_GATCATGTCCTATTTG,cDC2
L1_TCAGGTACACTGCTTC,CD4+ T cells
L3_TCCGAAACACCGTGGT,Erythrocytes
L3_TCCCAGTAGGACGGAG,HSPCs
L5_AAGCGAGGTTTCGGCG,Effector Memory CD8+ T cells
E2L3_CACTGAAAGTAACGTA,Proliferating T cells
L4_GCCTGTTTCCGATCTC,Activated CD4+ T cells
E2L2_TCCTGCATCGCTTACC,CD4+ T cells
L1_AGGTAGGCATCCTAAG,HSPCs
L5_GAGGGATGTACCCGCA,CD4+ T cells
E2L5_GCTGAATAGAGTCAGC,cDC2
L3_TTTCCTCCACGAGGTA,Cytotoxic CD8+ T cells
E2L1_GAGGGTACACTGTTCC,B cells
L3_TGATCTTTCGGCCCAA,CD4+ T cells
L2_CTAACTTTCACCATCC,Activated CD4+ T cells
E2L6_CCTTCAGGTAGCCAGA,Plasmacytoid dendritic cells
E2L7_TAGGAGGTCCAGTGCG,CD4+ T cells
L3_GATCCCTGTTAGGACG,Plasma cells
L5_GATAGAATCACTGATG,CD4+ T cells
E2L1_AACCTGACAAGGTCGA,Cytotoxic CD8+ T cells
E2L1_GATTGGTAGATTACCC,CD4+ T cells
L4_CCACGTTGTTGGACTT,CD4+ T cells
L3_ATCGTCCTCTCACGAA,HSPCs
L1_CAATACGCAAGACCTT,CD4+ T cells
E2L8_TCTCAGCGTGTCCACG,Effector Memory CD8+ T cells
L2_TACGGTACACCTGCTT,NK cells
E2L4_CCACGAGTCGACGACC,Proliferating T cells
L1_AAATGGAGTAAGGTCG,Effector Memory CD8+ T cells
E2L6_GGGATCCAGGTATAGT,Platelets
E2L7_GTGCTTCTCCGGACGT,B cells
E2L2_TCATCCGCATCATTGG,Cytotoxic CD8+ T cells
L4_AGTTCCCCATCCAATG,Cytotoxic CD8+ T cells
L5_GGAGGTACAGATTCGT,HSPCs
E2L1_GAATCGTTCGAGGCAA,Cytotoxic CD8+ T cells
L4_CAACCTCAGTCTAACC,Plasma cells
E2L3_ATCACTTTCAAAGCCT,Plasma cells
E2L3_TCGGGCAGTTCCTTGC,Proliferating T cells
L4_TGCAGTATCACTCACC,Non-classical monocytes
L4_TGGTACAGTGCATGTT,CD4+ T cells
L5_CTGATCCCAGCACGAA,CD4+ T cells
E2L6_GGCAGTCCAACCCTAA,CD4+ T cells
E2L6_CGCGTGACAGTTGTCA,CD4+ T cells
E2L7_GTGTGGCAGGAGACCT,Non-classical monocytes
L3_CCACTTGCAACCCTCT,cDC1
L1_TGACGCGCAGTAGTTC,Cytotoxic CD8+ T cells
L4_TCCACCATCGTAACTG,cDC2
E2L7_CAGATACGTGTGCCTG,B cells
L5_GCAGCTGCAGCGGTCT,CD4+ T cells
L5_TCTTGCGAGACTTCGT,Memory CD8+ T cells
E2L6_GACACGCAGATGACCG,B cells
E2L3_TGATGGTGTGAACTAA,cDC2
L4_TGCGGCAAGACCATTC,Plasma cells
E2L7_AGATCGTGTCCTTAAG,Cytotoxic CD8+ T cells
E2L6_CGATGCGGTACTTCCC,CD4+ T cells
E2L4_ACGGAAGGTATTGGCT,B cells
E2L1_CTACATTCAAGATTGA,CD4+ T cells
L5_CAAAGAACACCCTATC,Proliferating T cells
L1_GAAATGAAGGCCATAG,Cytotoxic CD8+ T cells
L4_GTGTGGCTCGCTTGCT,CD4+ T cells
L5_ATTGGGTGTGGCTACC,CD4+ T cells
E2L5_ACCCTTGCAAGAGAGA,Effector Memory CD8+ T cells
E2L4_CTACCTGCATGCAGCC,Platelets
L5_CTAGACAAGGGTATAT,CD4+ T cells
E2L8_AGAAGTAAGGCTAACG,B cells
E2L3_AGAAATGGTCCCGGTA,cDC2
E2L6_ACAAAGACAAGTGATA,CD4+ T cells
E2L5_TCTAACTAGTGCACTT,Proliferating T cells
E2L4_AAGCATCGTGAGAACC,Plasmacytoid dendritic cells
E2L3_CGCATAACATAAGCAA,Classical monocytes
L3_CCACCATGTCTTCCGT,Proliferating T cells
E2L2_AGATAGAAGTAGCATA,cDC1
L4_AGGTTACAGTCGTCTA,Effector Memory CD8+ T cells
E2L7_TACAGGTTCACCATGA,Activated CD4+ T cells
L2_TTTAGTCGTTACAGCT,Effector Memory CD8+ T cells
E2L4_GGGAGATTCCATCACC,B cells
E2L6_GAGGGATGTCTGCGCA,CD4+ T cells
E2L3_ATGAGGGCAAACCGGA,CD4+ T cells
E2L4_TCCAGAATCGTTTACT,Platelets
E2L4_GTTTACTTCTCTGAGA,CD4+ T cells
L2_AGTGATCCACGATAGG,Cytotoxic CD8+ T cells
E2L4_CCGATCTAGAGTCTTC,Effector Memory CD8+ T cells
L2_TGAATCGCAGCGTGCT,CD4+ T cells
L1_CACCGTTAGTATTAGG,Proliferating NK cells
E2L5_TCAGCCTTCAAGCCTA,Plasmacytoid dendritic cells
L2_GTACAACGTTATGTCG,CD4+ T cells
L1_TCGGGCAAGCACCGAA,CD4+ T cells
E2L2_TAGTGCAGTAGCTGAG,B cells
E2L3_GTGCTGGCAGGACTAG,Plasmacytoid dendritic cells
L4_TATATCCAGTAGATCA,Memory CD8+ T cells
E2L4_TTGAGTGAGACATAGT,Proliferating T cells
L4_TCGCACTAGAGGTCAC,CD4+ T cells
E2L1_GTGTTCCAGCCTCCAG,B cells
L5_TCTAACTTCCGCACGA,CD4+ T cells
L5_ACGATGTAGAATAACC,CD4+ T cells
E2L3_GGAGCAAAGAGACAAG,cDC2
E2L5_CAGGCCACATAACGGG,cDC2
E2L6_TAGACCATCAGTCATG,Cytotoxic CD8+ T cells
E2L4_ATTCGTTAGGTGCATG,Proliferating T cells
E2L8_CTATCTACATGGGATG,CD4+ T cells
E2L7_ATGGGAGTCACATCAG,Classical monocytes
E2L2_TAAGCACAGCTTCTAG,Plasma cells
E2L2_CTGCCATGTTGCATGT,Memory CD8+ T cells
E2L4_TCACTCGCAGAGGTTG,CD4+ T cells
L4_TGCTCCACAAATCGTC,Effector Memory CD8+ T cells
E2L2_GCATCTCCAGAGAAAG,CD4+ T cells
L4_GTTCTATCAAGGATGC,CD4+ T cells
E2L4_CCTACGTAGCAAGGAA,cDC2
L5_CGGGCATAGCCTGGAA,Cytotoxic CD8+ T cells
E2L2_TTCACGCAGGCTCACC,Non-classical monocytes
L5_CTGGCAGTCCGCACTT,CD4+ T cells
L1_AAATGGAGTTCAGCGC,CD4+ T cells
E2L4_CACTGGGGTTGTGCAT,B cells
L3_AGTTCCCTCGATGGAG,CD4+ T cells
E2L2_GGGTGAAGTCCACTTC,NK cells
L5_AGGTCTAGTGAGAACC,Classical monocytes
L1_AGATCGTGTTATGGTC,B cells
L2_CATGGATCAGGTCCCA,CD4+ T cells
E2L4_GTTTACTGTCGATTCA,B cells
L2_AATTTCCGTGTCACAT,Cytotoxic CD8+ T cells
L2_GTCCTCAGTATAATGG,Effector Memory CD8+ T cells
E2L1_TGGAACTGTCGGTACC,Plasma cells
L2_TCCAGAATCCGATGTA,CD4+ T cells
E2L8_GTGGCGTTCCGCAACG,Proliferating T cells
E2L6_TATGTTCAGTAAGGGA,NK cells
E2L6_GTTATGGGTGAGTAAT,CD4+ T cells
L4_TATCAGGCATGTGTCA,HSPCs
L1_AATTCCTCACGGTGAA,CD4+ T cells
E2L2_TACCCGTTCTTTGATC,Cytotoxic CD8+ T cells
L1_CCAATGAAGCAAATCA,CD4+ T cells
E2L1_GTTCGCTCATCTGGGC,Plasmacytoid dendritic cells
L1_AGGCCACAGGTAGGCT,HSPCs
L4_GTACAGTAGAACGCGT,B cells
E2L7_AGTACTGAGGCCTTGC,NK cells
L5_TATTGCTCACTAGAGG,Erythrocytes
E2L6_GCTTGGGCAAGTGCAG,cDC2
L1_GTCTAGATCCGAGGCT,cDC2
L4_GCGGAAATCTATACTC,Plasmacytoid dendritic cells
L4_GATCAGTTCACCGGGT,Erythrocytes
L4_AGGTAGGCACGGGCTT,CD4+ T cells
L1_GACAGCCGTGCCGGTT,Cytotoxic CD8+ T cells
E2L8_AACAAAGGTTCGCGTG,Cytotoxic CD8+ T cells
E2L2_ATTACCTAGCACTGGA,Cytotoxic CD8+ T cells
E2L3_ACGTTCCAGTCAACAA,Classical monocytes
E2L4_TAACCAGAGGAACGCT,Effector Memory CD8+ T cells
E2L1_GACTGATTCACCGACG,B cells
E2L8_AGTGTTGCAGCTCATA,NK cells
E2L6_GGAAGTGCACGCGTGT,cDC2
L2_TACAACGCAAGCGGAT,Memory CD8+ T cells
L1_CGTGTCTCATTGACCA,CD4+ T cells
E2L1_GTTGTGATCTTCTCAA,Effector Memory CD8+ T cells
L4_GGTAATCTCGAACCTA,Erythrocytes
E2L8_TTCGGTCAGCATGCAG,CD4+ T cells
E2L4_TACCCGTAGGTTGCCC,CD4+ T cells
E2L5_ATTCAGGGTCGCGTTG,Non-classical monocytes
L1_TGTAACGTCTTACGTT,Cytotoxic CD8+ T cells
E2L2_CCTCTAGGTGACTGAG,B cells
L1_GATTGGTCATCACCAA,cDC2
L4_TACCTGCGTTCCACAA,CD4+ T cells
E2L7_CTCAATTGTCGAGCTC,CD4+ T cells
E2L2_TCTGCCAGTCTAGTGT,Classical monocytes
L3_GGGTAGACAAGTGATA,CD4+ T cells
L3_TGCTCCAAGATGATTG,Cytotoxic CD8+ T cells
L1_CTCCAACGTGTGTGGA,CD4+ T cells
E2L6_TTCTAACCAATTCGTG,CD4+ T cells
L2_CTACTATCAAGTACCT,Cytotoxic CD8+ T cells
E2L5_GGCTTGGCATATTCGG,Plasma cells
E2L2_GTAATGCCAGCCGGTT,Effector Memory CD8+ T cells
E2L8_GTTGAACAGGGCTAAC,Cytotoxic CD8+ T cells
L2_TAAGTCGTCTCCTACG,CD4+ T cells
E2L7_CATGAGTTCTGGTCAA,Platelets
L5_TAACACGAGCTCGCAC,B cells
E2L4_GTTGTAGAGGGCTGAT,CD4+ T cells
L4_GCACGGTAGGTGGTTG,CD4+ T cells
E2L8_CGTGTCTCAAGGCCTC,Platelets
E2L2_GAGTCATAGTAGTCAA,Platelets
E2L3_TGTTCTACAGGACGAT,B cells
L2_CAGCACGCAAGACCGA,Effector Memory CD8+ T cells
E2L7_GTAGTACTCTCTTGCG,Effector Memory CD8+ T cells
E2L5_ACTTTGTGTTCTATCT,Plasmacytoid dendritic cells
E2L3_CACCAAAAGAAGCCTG,cDC1
E2L5_CATCGTCCATAATGAG,B cells
E2L6_ATCCGTCCATCCGTTC,cDC2
L4_TAGATCGCACGCTATA,HSPCs
L4_ATCATTCTCTATTTCG,CD4+ T cells
L2_GGGCGTTCAGGACATG,Platelets
L5_GATCCCTGTATGAGGC,CD4+ T cells
L4_TATCTGTTCAGCGCAC,Proliferating T cells
E2L1_CCGGACAGTTGACTGT,NK cells
L2_CTCTCGAAGCAGGGAG,Proliferating T cells
E2L4_GTTGTCCAGTCATCCA,B cells
L2_GGTTAACGTCTTGTCC,HSPCs
E2L4_TCACATTCAACAACAA,cDC1
L5_GAAATGAGTAAGGCTG,Plasma cells
L5_CTCCCAAAGCAGATAT,CD4+ T cells
E2L6_AATGGAACAGCTTTGA,Cytotoxic CD8+ T cells
L3_TCCGGGAGTACCTAGT,HSPCs
L5_GTCCTCACAAGATCCT,CD4+ T cells
E2L2_TGTCCTGGTCTAACTG,B cells
L1_ATCACTTGTCAACGCC,B cells
L2_CACCGTTTCGAAGTGG,HSPCs
E2L3_TATCAGGGTTGGTACT,CD4+ T cells
L1_CGATCGGGTACTCGCG,CD4+ T cells
L2_AAGACAATCGAGAGCA,B cells
L4_CAACGGCCAATAGTAG,CD4+ T cells
L2_GGTCACGGTTAAGGAT,Effector Memory CD8+ T cells
E2L5_CCACACTTCACCGGTG,CD4+ T cells
E2L6_CCTTGTGAGCTCGGCT,CD4+ T cells
E2L5_TCTATCAAGCTTTGTG,CD4+ T cells
E2L3_GTCTAGAGTAGCTGTT,Proliferating NK cells
E2L2_GCCATTCCAGAAATCA,Proliferating T cells
L2_CGCGTGACACGAAGAC,CD4+ T cells
E2L8_GGGATGAGTGGCAGAT,Cytotoxic CD8+ T cells
L1_TCCCATGAGGAATGTT,cDC1
E2L8_GACTGATCAATGGGTG,Platelets
E2L7_TCAAGCAGTTCATCGA,Plasma cells
L4_TCTGCCATCGAGTACT,CD4+ T cells
L1_CGGCAGTGTGCCAAGA,Memory CD8+ T cells
E2L4_AGTAGCTTCGTCAAAC,Proliferating T cells
E2L8_CGCATGGGTAGCCCTG,Erythrocytes
E2L5_TGAGCGCTCACTCCGT,Plasmacytoid dendritic cells
E2L5_ATGAGGGCAGGAAGTC,CD4+ T cells
L3_TTTGGTTGTCTAGTGT,NK cells
L1_AGACAGGTCTTCCCGA,HSPCs
E2L6_GTTATGGCAAATACAG,Cytotoxic CD8+ T cells
E2L2_TTTCGATCAGCAGTGA,Plasma cells
L1_GAAGGACGTCAGACGA,CD4+ T cells
L5_GAAGCGAGTCATACCA,Effector Memory CD8+ T cells
E2L3_GGCAGTCCAGATGCGA,CD4+ T cells
L2_GCTGGGTGTGTTCAGT,Plasma cells
L5_ATGAGTCGTACGACTT,CD4+ T cells
E2L5_AAAGTGAGTAACCCTA,Plasmacytoid dendritic cells
L1_AAACGCTGTGCTCGTG,Memory CD8+ T cells
L3_TCTCAGCGTAGGCTCC,Cytotoxic CD8+ T cells
E2L8_AGTCAACCAGGAATAT,Proliferating T cells
E2L1_CACTGTCTCTCGGGAC,CD4+ T cells
L1_GAGCTGCGTTACAGCT,Effector Memory CD8+ T cells
E2L2_CATAGACCATGCTGCG,Platelets
L4_TAAGCGTTCTTCGTAT,CD4+ T cells
E2L5_CAACCAAAGGGATGTC,NK cells
E2L7_CGGAATTTCGTTCTCG,Cytotoxic CD8+ T cells
L2_CACTAAGTCTATGTGG,HSPCs
E2L5_CATTTCAGTTCGTTCC,Plasma cells
E2L6_TAGGGTTAGCTAAACA,cDC2
L3_ACTGCAAGTAGCTGCC,Memory CD8+ T cells
L2_TTCTTCCAGGTTACCT,B cells
L2_GTCTAGAGTTCGTTCC,CD4+ T cells
L5_TCATCCGCACTAGGCC,B cells
E2L2_TAAGTCGAGTAGGGTC,Plasmacytoid dendritic cells
E2L1_TTCCACGCAGTAGAGC,cDC2
L1_CCGATGGCAACTTGCA,CD4+ T cells
E2L2_GTCGTAACAAGGCGTA,CD4+ T cells
L2_TGCGGCACAACCACAT,NK cells
E2L8_CCCGGAATCGGCTGTG,Platelets
L4_AACTTCTGTAGGACTG,Cytotoxic CD8+ T cells
E2L3_CCGGGTATCCGGCAGT,B cells
E2L4_CTAACCCTCTTACGGA,CD4+ T cells
L1_TTGGTTTCAGTCACGC,CD4+ T cells
E2L4_TTCCTAACAGTCGTTA,Non-classical monocytes
L1_TCAGCAAAGCTCCCTT,HSPCs
L3_CAATTTCGTGAGCTCC,HSPCs
E2L2_TTCATTGAGTAGAATC,cDC2
E2L3_GTTATGGTCTTTCAGT,Cytotoxic CD8+ T cells
E2L8_TGCTTCGGTGCATCTA,B cells
L4_TTTCCTCTCCGTGTGG,CD4+ T cells
L1_TCAGTTTAGTCTAGAA,Cytotoxic CD8+ T cells
E2L7_GTGAGCCAGGCAGGGA,Activated CD4+ T cells
E2L1_GGGTCACGTAATCAAG,Platelets
L2_TCGGGTGCAGCACACC,Effector Memory CD8+ T cells
L4_GTGCTGGAGAATCGAT,CD4+ T cells
E2L6_CAACCTCCACTGCGTG,Plasmacytoid dendritic cells
L2_GAGACTTAGTTGGAGC,Plasma cells
E2L3_TCTACATTCCTTTGAT,Effector Memory CD8+ T cells
L1_GAGTTTGAGACGAAGA,CD4+ T cells
E2L3_CCTGCATCAAGAAACT,Effector Memory CD8+ T cells
L4_AACAAGAAGACTAAGT,Cytotoxic CD8+ T cells
L5_GGGCTCAGTTACGGAG,Proliferating T cells
L4_TCTTCCTTCTGGTGCG,Effector Memory CD8+ T cells
L5_AAACGCTGTCGTCATA,cDC2
E2L4_GTCGAATGTGGTCTCG,cDC2
L1_ACCTGTCGTATGAGCG,Platelets
L4_GTCCACTTCAATCTTC,CD4+ T cells
L5_CAGGTATGTGAATTAG,Cytotoxic CD8+ T cells
L3_GCATGATTCGGTCTGG,Effector Memory CD8+ T cells
L2_CCTAAGATCTAACACG,cDC1
E2L5_TTTAGTCGTTAACCTG,CD4+ T cells
L2_CATCCACCAATCCAGT,CD4+ T cells
E2L5_GTCACTCTCCCAATAG,B cells
E2L6_AACACACTCCACTGAA,Classical monocytes
L1_CGGGTGTGTAGTGTGG,CD4+ T cells
L3_AGCTACAGTGGTTCTA,Non-classical monocytes
E2L4_GTTACCCGTATTCCGA,NK cells
E2L3_AACCATGCAACTGCTA,Effector Memory CD8+ T cells
L5_TCTCAGCCACAGCCTG,Plasma cells
L5_TTTCACATCCTTATCA,CD4+ T cells
E2L4_AAGATAGAGAGGTATT,Classical monocytes
L2_TTTCATGTCCAACTAG,Proliferating T cells
L4_CTCCCTCTCGATTGAC,Plasmacytoid dendritic cells
E2L1_TCGGGCATCCTCTAGC,Activated CD4+ T cells
L1_AACAAAGAGGGAGAAT,cDC2
L1_CCCTGATGTGTCCGTG,Effector Memory CD8+ T cells
L3_TGGGAGATCAAACCTG,Erythrocytes
E2L8_AGGCCACCATTGACAC,Cytotoxic CD8+ T cells
E2L2_TCTGGCTTCGCAGTCG,B cells
E2L7_CCTATCGGTGAGAACC,B cells
E2L1_CGTTCTGGTCAAGTTC,Cytotoxic CD8+ T cells
L4_ACCCTCATCACTGTTT,Plasma cells
E2L5_TAGACTGTCTGCGGGT,Cytotoxic CD8+ T cells
L3_CGAGGCTCAGTGTATC,Effector Memory CD8+ T cells
E2L3_CACGGGTCACGGTAGA,CD4+ T cells
E2L3_GTTGCTCTCCGTTGAA,CD4+ T cells
L1_AATGCCAGTCTGCAAT,CD4+ T cells
E2L7_CTTCAATAGAAGTATC,Effector Memory CD8+ T cells
L5_AGAGAATTCGAACCTA,NK cells
L5_CCCTTAGTCGCCAGTG,Plasma cells
L3_AGGACGAGTATCACCA,Effector Memory CD8+ T cells
L3_TTCCGGTTCTCATGCC,Cytotoxic CD8+ T cells
L1_CTAACCCTCGGCAGTC,CD4+ T cells
E2L2_TGGAACTCACTTGGGC,Platelets
E2L2_GGGTGTCCACGAGGTA,Activated CD4+ T cells
L5_TGACAGTTCTCATGCC,Cytotoxic CD8+ T cells
L4_GGAGAACCACCTGTCT,CD4+ T cells
L3_CCACAAAGTGAGCAGT,CD4+ T cells
E2L3_CCAATGATCTAATTCC,B cells
E2L1_CCGTGAGCACAAGCAG,CD4+ T cells
E2L1_TCATTGTTCTGCATGA,Plasmacytoid dendritic cells
E2L7_TTTAGTCCAAAGAACT,B cells
L3_TGGGTTATCGACGAGA,B cells
E2L5_TCTAACTTCCTCGCAT,HSPCs
E2L2_CCGCAAGGTTCCGTTC,B cells
E2L2_GAGTGAGTCGAGTGGA,Activated CD4+ T cells
E2L2_AGTGACTGTCGACTTA,Effector Memory CD8+ T cells
E2L5_CAATGACTCTAGACCA,Activated CD4+ T cells
E2L2_ATTCCTAAGACAACTA,Cytotoxic CD8+ T cells
L1_GGCAGTCTCACTGGGC,CD4+ T cells
E2L4_AACCACAAGTACAGCG,Platelets
E2L1_AAGTGAACACATTCGA,B cells
L2_GTGAGTTCAGGTGAGT,HSPCs
E2L2_CTTCCTTAGGTTAAAC,Platelets
E2L2_CGAAGGAAGACCTCAT,Cytotoxic CD8+ T cells
E2L8_TGGGAGAAGGCACCAA,Platelets
E2L3_CAGCACGTCGACACCG,Cytotoxic CD8+ T cells
L5_GTAGAAATCCGCTTAC,Non-classical monocytes
E2L5_TACTTACGTGATGGCA,Proliferating T cells
E2L6_TCCACGTGTCTATGAC,B cells
L2_ATTTCACAGCATACTC,Non-classical monocytes
E2L5_CGTCAAAAGTTGGAAT,B cells
E2L3_ATGGAGGAGAGATTCA,cDC2
L2_CGTGCTTTCATCTGTT,Cytotoxic CD8+ T cells
E2L4_CGAAGTTCACGGATCC,Activated CD4+ T cells
L1_CACGAATCAGAAATCA,cDC2
E2L4_ATTACCTCAGATGCGA,Activated CD4+ T cells
L2_GCACGGTGTCAGTTTG,HSPCs
L5_CTCCCTCCACATTCTT,Plasma cells
L5_TGAGCATTCCGAACGC,CD4+ T cells
L2_ATGCATGAGTGGATAT,CD4+ T cells
L5_GGTGATTGTTCAAGGG,HSPCs
L3_CAGCAATAGGAGACCT,CD4+ T cells
L3_CCCTCTCTCCCTCATG,Non-classical monocytes
L4_GGACGTCCAGCGACAA,CD4+ T cells
L5_TAACTTCTCAAGGCTT,Effector Memory CD8+ T cells
L4_GAAGTAATCGGATAAA,CD4+ T cells
L4_TTCCAATAGGCAGGGA,Non-classical monocytes
E2L3_GAAGCGAAGCACTAAA,Classical monocytes
E2L1_TCTAACTCACAACCGC,B cells
E2L4_GGTAACTCACCAGGTC,Platelets
E2L1_AGGGCTCGTAACATGA,B cells
L4_TCATTGTAGGTGTGAC,Non-classical monocytes
E2L3_CTTCAATGTAAGATAC,CD4+ T cells
E2L5_AATGAAGGTAAGTTAG,Proliferating T cells
E2L8_CGATCGGTCAGCTAGT,Cytotoxic CD8+ T cells
E2L8_AAGTGAAAGAAACTGT,Activated CD4+ T cells
L4_TCTCTGGAGGAATGTT,Cytotoxic CD8+ T cells
E2L8_AGGGCTCTCTGTTCAT,Plasmacytoid dendritic cells
E2L4_TGGAGAGGTGGACTAG,Cytotoxic CD8+ T cells
E2L1_ACTTATCTCACACGAT,Platelets
E2L8_TCGTAGATCCGGTAGC,B cells
E2L5_CCGATGGAGACCAACG,Cytotoxic CD8+ T cells
L5_TATCTGTCAGTAACAA,Platelets
L3_GGGCGTTCACCCTAGG,CD4+ T cells
L3_CGGGCATCATGGAACG,Cytotoxic CD8+ T cells
E2L5_ACTGTGACAAAGGATT,B cells
L2_CCTCACAAGTATCCTG,Cytotoxic CD8+ T cells
L4_GCAACCGGTACTGGGA,CD4+ T cells
E2L3_TATACCTTCTGGCCGA,NK cells
E2L6_GAACTGTAGATGGCAC,CD4+ T cells
E2L6_GAGCCTGTCCCGAAAT,B cells
E2L1_AAAGTGAAGATACAGT,NK cells
E2L7_ATTCACTCAATCGCGC,NK cells
L5_TAGACCAAGGTACATA,Cytotoxic CD8+ T cells
L2_CATGCTCTCTGTCTCG,Effector Memory CD8+ T cells
E2L1_GATGACTCATACGCAT,CD4+ T cells
E2L2_AGAACCTAGTTCTCTT,B cells
L1_CATGCGGTCGTTAGAC,Plasma cells
E2L3_ATGGATCAGTTCTCTT,Activated CD4+ T cells
E2L4_GTGCTTCGTGTCATCA,HSPCs
L5_TGCTCGTTCTCACTCG,HSPCs
E2L6_GGAATGGGTTCAAAGA,Cytotoxic CD8+ T cells
E2L1_TCAGTCCCACAACGCC,Effector Memory CD8+ T cells
E2L6_TCGATTTGTACACGTT,Non-classical monocytes
E2L5_CCACTTGTCCCGAGAC,Cytotoxic CD8+ T cells
E2L3_ATCGTGACAGCACGAA,Effector Memory CD8+ T cells
E2L8_AGACACTCAAGTCCAT,cDC2
L4_AAGCGTTGTCGGCCTA,CD4+ T cells
L4_GTGTGATTCAAGGCTT,CD4+ T cells
E2L7_ACTTCCGAGGTTAAAC,B cells
L4_CTCAGTCGTCGGATTT,Effector Memory CD8+ T cells
E2L5_GCCATTCAGCTCAGAG,CD4+ T cells
L1_TTGACCCGTATGGTTC,CD4+ T cells
L5_ATTCGTTTCTGCTTTA,Effector Memory CD8+ T cells
L2_ATTATCCTCCCTCAAC,Plasma cells
L3_AATGGAATCGCAGTGC,Proliferating T cells
E2L5_CAGAGCCTCCTTATAC,Cytotoxic CD8+ T cells
L3_GGGATGACAGACACCC,CD4+ T cells
L3_TGTGATGAGACAAGCC,Effector Memory CD8+ T cells
E2L7_GAATCACGTACCACGC,B cells
L3_TACCGGGAGAGCTGAC,CD4+ T cells
E2L7_TCGCTTGAGTATGTAG,Proliferating T cells
E2L2_GCGGAAACAGCCCAGT,Non-classical monocytes
E2L1_CACATGAAGGTACATA,B cells
E2L6_TTTAGTCGTCTTCCGT,Effector Memory CD8+ T cells
L3_TATATCCCAGGGACTA,Classical monocytes
E2L7_AGCTCAAGTAGGCTGA,Classical monocytes
L5_AGAAGTACACTTGACA,CD4+ T cells
E2L6_CAGCGTGAGTGGAATT,CD4+ T cells
E2L8_TCCGTGTCATGGCACC,Cytotoxic CD8+ T cells
L2_TGGGATTCATGTGCTA,B cells
L2_GTTCCGTCAAAGCTAA,Proliferating T cells
E2L2_GGTTGTAGTTTCGTGA,Plasma cells
L5_AATTCCTAGAACGCGT,Proliferating T cells
E2L2_CAGCACGAGTTAGTGA,CD4+ T cells
L4_CGAATTGGTCTTGTCC,NK cells
L1_CGGAATTAGGATATGT,CD4+ T cells
L4_CCCTCAAGTAGATCGG,Non-classical monocytes
E2L6_TTGTGGACATGGCTAT,B cells
L5_GCCATTCTCTCTCTTC,B cells
E2L7_ACCAAACTCATAGACC,B cells
L3_CACCGTTTCACTTGTT,B cells
E2L1_CCACCATTCATTTACC,Activated CD4+ T cells
E2L4_GAATCGTAGGCTAGCA,CD4+ T cells
E2L3_GTTGCGGGTGTTAACC,Effector Memory CD8+ T cells
L5_GTGTCCTGTTACCCAA,CD4+ T cells
L2_GCAGCCAGTAAGCTCT,Non-classical monocytes
L5_GCGGATCAGACGGAAA,CD4+ T cells
L2_TTCCAATTCTGGACTA,Non-classical monocytes
L4_ATGGGTTTCTGCACCT,Effector Memory CD8+ T cells
E2L1_CTCCATGCACTTACAG,Cytotoxic CD8+ T cells
E2L7_TCATGGAGTTGCTCAA,Plasma cells
L4_GCCAACGCATAATGCC,HSPCs
E2L7_TTCGCTGCAGCTTTCC,CD4+ T cells
E2L2_TGATTTCCACTATCCC,Effector Memory CD8+ T cells
L3_CCACAAAAGAGGGCGA,Erythrocytes
L2_CGGAACCAGCCTGGAA,Plasma cells
E2L4_CTAGGTATCATAAGGA,Platelets
E2L7_CTCATGCAGTCGTCTA,cDC1
E2L2_CTCTGGTCACGGCTAC,B cells
L3_TATTGGGCAAGCGGAT,CD4+ T cells
E2L2_TTGTTCAGTTGATCGT,Non-classical monocytes
E2L2_ATAGAGACACGTTGGC,Effector Memory CD8+ T cells
L1_AAAGGGCTCGTTACCC,Plasma cells
E2L2_CTCCTTTAGATAGGGA,B cells
E2L8_GCATCGGCACAAAGTA,Plasma cells
E2L5_GGAAGTGTCCTGCCAT,Non-classical monocytes
E2L2_GTGGCGTTCGACATAC,CD4+ T cells
E2L2_GGGTGTCAGGCTGGAT,Cytotoxic CD8+ T cells
E2L7_TTTACCATCAGAGTTC,Platelets
L3_CCAAGCGTCTAAGGAA,Proliferating T cells
E2L2_CTCGAGGGTACAGTAA,CD4+ T cells
E2L6_AAAGAACTCAGACCTA,B cells
E2L2_AGGGTCCGTCAGGAGT,Non-classical monocytes
E2L6_GGTGAAGCAGACCAGA,Activated CD4+ T cells
L5_GGACGTCCAGGACAGT,Effector Memory CD8+ T cells
E2L5_ACCAAACTCTTCTAAC,Plasmacytoid dendritic cells
L4_CATGCGGAGTTAGAAC,Proliferating T cells
E2L1_AATCGTGTCTGCGATA,Memory CD8+ T cells
E2L3_TCACGGGCACACCGCA,Non-classical monocytes
E2L7_ATTTCACCAGGCCTGT,NK cells
E2L1_AGAGCAGGTACTTCCC,Plasma cells
E2L2_TCCTAATCATGTCAGT,Cytotoxic CD8+ T cells
E2L7_CTCCTTTTCGTAACAC,Cytotoxic CD8+ T cells
L4_CCGTTCAGTAGCTTAC,NK cells
L4_AGTCTCCAGCCACAAG,HSPCs
L1_TTGGATGGTAAGGTCG,CD4+ T cells
L4_AGGACTTCAGTCTTCC,B cells
E2L4_CTCAATTCAGCGTACC,Classical monocytes
E2L2_AAAGTGACATAGTCGT,Proliferating T cells
L4_AGACCCGCAGCTATTG,Cytotoxic CD8+ T cells
E2L6_ATAGACCAGCTGAGTG,CD4+ T cells
L1_GGGTTTAAGGCAGTCA,Cytotoxic CD8+ T cells
L4_CGCAGGTTCACGATCA,Plasma cells
E2L4_TGCAGTATCTTCTAAC,CD4+ T cells
L2_ATGCATGGTCGAGCAA,cDC2
E2L4_CGAAGTTGTTTCACAG,Platelets
E2L2_AAACGCTTCATGCCGG,cDC1
L4_ATCCCTGCAGACTCTA,CD4+ T cells
E2L8_ATGCCTCAGCACGATG,Platelets
E2L3_CCGGTGAGTGTACATC,Activated CD4+ T cells
E2L7_GTCTGTCAGGACTATA,Cytotoxic CD8+ T cells
L3_GGGTCTGGTGCCCACA,NK cells
L4_CTAACCCAGTGTTCAC,B cells
L3_CGGGCATGTTGTAAAG,CD4+ T cells
L3_ACGTAGTCAGACAATA,HSPCs
E2L4_CACAGATAGGATTTGA,Classical monocytes
L1_TGGATCAAGCTGGCCT,CD4+ T cells
L3_TAAGCCATCGACCAAT,NK cells
L4_ACAGAAATCCATACAG,CD4+ T cells
E2L2_CTACCTGAGCCATTTG,NK cells
L2_CATCGTCAGCCATATC,CD4+ T cells
L3_CTGTACCCACAAATCC,CD4+ T cells
L3_TTCTGTAAGGTCGAGT,B cells
E2L8_TCATTCACATGTGCTA,Cytotoxic CD8+ T cells
E2L8_CTCTCAGCATGCCGGT,Proliferating T cells
E2L7_CTTCCGAGTGCTCTCT,Proliferating T cells
E2L8_TATCTGTTCTTGATTC,Effector Memory CD8+ T cells
L4_ACCTGAACAGTAGAAT,HSPCs
E2L4_AGAACCTTCGATGCAT,NK cells
E2L2_CGATGCGAGTAGTCCT,NK cells
L1_TGCTTGCAGTAGCATA,Plasma cells
E2L6_CGCGTGATCTGCATAG,cDC2
E2L5_TTCTTCCAGTCGGGAT,Proliferating T cells
E2L2_CGAAGGAGTTCGGTTA,Non-classical monocytes
E2L1_CAGATCAAGAACCGCA,Platelets
E2L3_TCGAAGTAGATTGATG,B cells
E2L5_GGGCTCACAACTGCTA,CD4+ T cells
E2L2_ACCCAAATCGAGAAGC,Classical monocytes
E2L4_CCCTTAGGTGATAGTA,Proliferating T cells
E2L8_TAATTCCCACGGCTAC,Plasmacytoid dendritic cells
E2L7_ATTCAGGGTCACAATC,B cells
L1_AGGGTCCAGCATGTTC,Memory CD8+ T cells
L1_ACAAAGATCACTCTTA,CD4+ T cells
E2L8_CTGTACCGTCGTCATA,B cells
L1_TCACACCCACGTGTGC,CD4+ T cells
L4_GGAGAACTCCTCGATC,CD4+ T cells
E2L7_TACTTCAGTCTCTCAC,cDC1
L2_GTCAAGTAGCCTTCTC,Cytotoxic CD8+ T cells
E2L4_AGGTAGGGTAAGTTAG,Cytotoxic CD8+ T cells
E2L4_AAGTGAAGTCCAAAGG,B cells
L3_TGAATGCGTTGCATTG,Proliferating T cells
E2L4_ACATGCATCGTGGCGT,CD4+ T cells
E2L3_CATAAGCAGATCACTC,B cells
L3_GGTTCTCTCATGAGAA,CD4+ T cells
L1_GTCACGGAGCGCATCC,Platelets
E2L7_GTAGAGGGTAAGTTAG,B cells
E2L7_TCTATCAGTAGGAGTC,Platelets
E2L3_ATGATCGGTAACGCGA,B cells
L3_GTTAGACGTGATGAAT,B cells
E2L5_CATACTTAGCACTCAT,NK cells
E2L7_AATCGACCAATTGCCA,Platelets
L5_GCGATCGCAAACAGGC,CD4+ T cells
L3_CCACGAGGTGGCCTCA,CD4+ T cells
E2L1_AACAAAGAGGCACAAC,Classical monocytes
E2L2_GTGGGAAGTCGAATGG,Non-classical monocytes
E2L2_CTGCGAGAGCCGTTAT,B cells
E2L3_TTTGGAGCACCAGGTC,Plasma cells
L1_TCAAGTGGTAGTGGCA,CD4+ T cells
E2L8_GGGTTATAGCTGTACT,B cells
E2L5_AAAGGATGTCTACAGT,Cytotoxic CD8+ T cells
E2L8_GAATCGTAGTAGGGTC,Cytotoxic CD8+ T cells
L2_CAACGATCAAGCACAG,Cytotoxic CD8+ T cells
E2L5_GATTGGTGTTTGTTCT,Classical monocytes
L2_AGGCCACCAATGCAGG,Non-classical monocytes
E2L7_TATTTCGTCCCTAGGG,B cells
E2L2_CTCCCAATCTGCGAGC,CD4+ T cells
L3_TTCAGGACATGCAGCC,CD4+ T cells
L4_GGGCTCACACTCTGCT,CD4+ T cells
L2_ACATCGACACAACATC,HSPCs
L4_TAACTTCAGGAGACCT,CD4+ T cells
L4_GTGGCGTTCTGTAAGC,Erythrocytes
E2L4_GATCGTATCTCAGTCC,Proliferating T cells
L1_AACGGGAGTTAAGGAT,HSPCs
L3_TATTCCATCCGACAGC,Cytotoxic CD8+ T cells
E2L7_TGTGATGGTAGAGACC,Proliferating T cells
E2L1_GGAGGTATCAACCCGG,B cells
E2L6_TTGGGTAAGAAGTCCG,Effector Memory CD8+ T cells
E2L7_TGCAGATAGATGTTGA,B cells
E2L1_TACCGGGCATCACAGT,Cytotoxic CD8+ T cells
L5_AACCTGAGTCCACGCA,Cytotoxic CD8+ T cells
L5_AACCTGACATCCTGTC,CD4+ T cells
E2L6_TTGGATGCATGGGTTT,Activated CD4+ T cells
E2L3_TTCACGCAGGTCGTAG,Classical monocytes
E2L2_AAATGGAGTCTCTCCA,NK cells
L1_GGGACTCCAATAGTAG,Proliferating T cells
L2_GGAGATGTCCATGAGT,B cells
E2L2_ATGGAGGGTCTACTGA,B cells
E2L8_TCCCACACATGTTTGG,CD4+ T cells
E2L4_GTACAGTAGTTCGCAT,Activated CD4+ T cells
E2L4_TATGTTCGTAGCTTGT,NK cells
E2L5_CCCTAACGTGATTAGA,Cytotoxic CD8+ T cells
E2L6_GAAGCCCTCGTCAAAC,CD4+ T cells
L5_TCAGTTTTCGGTTAGT,Plasma cells
L2_AAACCCATCGTGCGAC,CD4+ T cells
L3_TTTATGCCACCATATG,Classical monocytes
E2L4_GTGCTGGGTTTACTTC,NK cells
E2L1_GATGAGGTCGGTCAGC,Non-classical monocytes
L4_ACGTTCCGTACCGTCG,CD4+ T cells
L1_ATGTCTTGTAGAGGAA,Cytotoxic CD8+ T cells
L2_CATTGAGCATGTAACC,Cytotoxic CD8+ T cells
L1_GACCTTCTCTGGAGAG,HSPCs
E2L5_TGCAGATCAGTGTGCC,CD4+ T cells
L3_GGTAACTAGATGATTG,Plasmacytoid dendritic cells
L3_ATGAGTCGTCGTTATG,CD4+ T cells
E2L2_AGACCATGTTAGTCGT,CD4+ T cells
L4_TGTTGAGAGTTTGCTG,CD4+ T cells
L3_CCATCACCATAGTCGT,Memory CD8+ T cells
L2_TTACCGCAGGGAGATA,B cells
E2L5_CTCAAGAGTGTTATCG,Effector Memory CD8+ T cells
E2L6_CCCTGATAGCGCACAA,CD4+ T cells
L1_GCCTGTTTCTCAACCC,Activated CD4+ T cells
E2L2_TCACGGGTCTTGCAGA,Proliferating T cells
L5_GTTCGCTAGTACAGAT,Proliferating T cells
L5_TTTGGAGGTGGTGATG,HSPCs
L2_CCGGACAAGTTGCGCC,cDC2
E2L4_CTGAGCGGTTTGGCTA,Cytotoxic CD8+ T cells
L5_AGACAAATCGAACACT,CD4+ T cells
L2_TTCTTGAGTACGTTCA,CD4+ T cells
E2L5_GATGAGGTCACCGACG,Non-classical monocytes
L5_TACATTCTCGTCGATA,CD4+ T cells
L2_CGACAGCTCACGATCA,Effector Memory CD8+ T cells
L4_CCACGTTCAAGATTGA,HSPCs
L2_GAAGAATAGCCTATCA,Plasma cells
E2L1_CATCGCTGTAGGATAT,B cells
L4_AATGCCATCAGCTGAT,B cells
L2_CGAGTGCAGCAAGTGC,Cytotoxic CD8+ T cells
E2L1_CATGGATAGGACACTG,Effector Memory CD8+ T cells
E2L2_CTCAGGGGTTGGGATG,Cytotoxic CD8+ T cells
E2L5_CGGCAGTCAGACCAGA,B cells
L5_ATCATTCCACTTGTGA,B cells
E2L1_GTGCTTCTCTGTGCTC,B cells
L2_CATACTTTCGAATGCT,Non-classical monocytes
L5_CATTGCCCATGGTGGA,Platelets
E2L3_AAACGAATCTTGGTCC,cDC2
L3_TGGAACTCACCTGCGA,Cytotoxic CD8+ T cells
E2L6_TTGCGTCAGGGCGAGA,Plasmacytoid dendritic cells
L5_TGATTTCAGGTCGTCC,Cytotoxic CD8+ T cells
E2L8_CCGGTGAGTGTTAACC,Cytotoxic CD8+ T cells
E2L1_CAACCTCCAGTTAAAG,Cytotoxic CD8+ T cells
E2L6_CCTCTAGCATCAACCA,Platelets
L2_GAATCGTCAGTTGCGC,Cytotoxic CD8+ T cells
L5_TCGTGGGGTATTTCTC,B cells
E2L4_TGTTGAGTCGGAAGGT,Proliferating T cells
E2L1_AGTTCGAGTCGCACAC,Cytotoxic CD8+ T cells
E2L3_TACATTCGTAGGCTGA,B cells
E2L5_TCGCAGGTCACCCTCA,NK cells
L5_CGACAGCCAATCCTAG,CD4+ T cells
E2L4_GGTGTCGCAAATTAGG,Plasmacytoid dendritic cells
L1_GTGGTTACAGTAACCT,HSPCs
L1_GGAGATGTCATGCCGG,CD4+ T cells
L1_CCCGGAAAGCAGCAGT,Effector Memory CD8+ T cells
L5_CGTGTCTGTTCGGTAT,cDC2
L3_ATGCGATCAAGATTGA,Cytotoxic CD8+ T cells
E2L6_TCAGGTACACGTTGGC,Plasmacytoid dendritic cells
L4_TAGGTACCACCTTCGT,B cells
E2L1_AGCGTATCATGGGTCC,Activated CD4+ T cells
E2L1_CACCAAAGTTAAGGAT,B cells
E2L8_CAGGTATCAAGGACAC,Effector Memory CD8+ T cells
E2L4_GTGCTGGTCCGTGTAA,CD4+ T cells
E2L1_GTTTGGATCCCTCGAT,CD4+ T cells
L4_ACGTCCTTCATTGAGC,B cells
E2L3_CCACTTGCAGCTGTAT,cDC2
E2L1_AGAGAGCGTGACCGAA,Activated CD4+ T cells
E2L8_TCCCAGTCAAAGAGTT,Platelets
E2L6_GACTGATTCCTCTAGC,CD4+ T cells
E2L1_ATCCACCTCCATTCGC,Proliferating T cells
L4_TTTCAGTGTCACTTCC,Activated CD4+ T cells
L1_TGATTCTGTCACAGTT,B cells
E2L5_TACAACGGTACAGGTG,CD4+ T cells
L1_GTTTGGAGTCCCTAAA,CD4+ T cells
L2_TCGATTTGTCAAGCGA,CD4+ T cells
L2_ATCGATGCACAAAGTA,CD4+ T cells
E2L2_AAGGTAAAGCTTCATG,Proliferating T cells
E2L7_AGTACCAGTGGCTGCT,B cells
E2L8_CTTGATTGTGTCTTAG,Classical monocytes
E2L2_CATCGGGGTTGGACCC,Cytotoxic CD8+ T cells
L4_CACTGGGAGTCCCTAA,Plasma cells
L5_GGAGATGAGTTACGGG,Effector Memory CD8+ T cells
E2L3_GTGTAACCAGCGATTT,Activated CD4+ T cells
L2_ATTTCTGAGACTCCGC,CD4+ T cells
L1_ACGTACAGTCCAGGTC,CD4+ T cells
L3_CGTGATATCTCATGGA,CD4+ T cells
E2L8_TACACCCCAGTTCTAG,Proliferating T cells
L5_TCATTCACAGAGTCAG,Plasma cells
E2L3_CACCAAATCGGTAACT,Cytotoxic CD8+ T cells
E2L1_CTGTGAACAAGATGTA,CD4+ T cells
E2L6_TATTGGGCATAGATCC,B cells
L4_TCTGGCTTCGAGATAA,CD4+ T cells
L4_TCGAACACAGTTGTCA,Cytotoxic CD8+ T cells
L3_TATCTTGCATGACGGA,Plasma cells
L4_GGGAAGTGTGACCTGC,Effector Memory CD8+ T cells
L5_CAAGCTAGTCCGGTGT,CD4+ T cells
E2L1_TGTTGGAAGCGTTGTT,Plasma cells
L4_TGCACGGGTGATACAA,Memory CD8+ T cells
E2L3_TACAACGAGTGAGGCT,Cytotoxic CD8+ T cells
L5_CCTGTTGTCAATGTCG,NK cells
L3_TGTGTGACATCTGGGC,HSPCs
E2L1_AGATCCAGTGTATTCG,Proliferating T cells
E2L6_CATAGACCAACCGACC,Classical monocytes
E2L3_GTGTGGCTCATTGCCC,B cells
L1_GATGCTATCCTGTACC,Plasma cells
L2_ATCGTCCCAGATACTC,B cells
L2_TCGGTCTGTGGCACTC,CD4+ T cells
E2L2_CGTCAAAGTTCTGAGT,Proliferating T cells
L1_GAAGTAATCAGTGATC,Activated CD4+ T cells
L5_CCACGTTCATTGCAAC,HSPCs
L1_AGTAGCTTCAATCCAG,B cells
L2_GGGTGTCAGAGTCTGG,Plasmacytoid dendritic cells
L3_CTGGTCTAGGCGAACT,Proliferating T cells
E2L1_TCATGTTTCATCGGGC,Effector Memory CD8+ T cells
L2_ACATCGAGTTCTCTAT,B cells
L1_TTTCAGTTCCATACTT,HSPCs
E2L8_AGACTCATCCGTATGA,Effector Memory CD8+ T cells
E2L5_CAAAGAAGTCTTCTAT,Classical monocytes
E2L2_TGGGCTGCATCGCTGG,B cells
L5_TGAGCGCGTAAGTAGT,Plasmacytoid dendritic cells
L5_AGCGCCACAGGTCAAG,cDC1
E2L2_ATTCATCGTGTACGCC,Plasma cells
E2L8_TCAATTCCACCTGCTT,Non-classical monocytes
E2L1_CTTACCGGTGGGAGAG,NK cells
E2L8_CAATCGACACTCAAGT,CD4+ T cells
L3_CAGATCATCACTTATC,cDC1
E2L7_GTGTTAGTCTATGCCC,CD4+ T cells
L2_CTCCGATCAGGTCAAG,HSPCs
E2L1_TTCCTAAAGGCTGAAC,Cytotoxic CD8+ T cells
E2L2_AATGCCAAGTATCCTG,Plasma cells
L2_GCAGCCAGTTTGTTCT,Plasma cells
E2L8_ACTTCGCCATGGAACG,Non-classical monocytes
L2_CAAGAGGGTCGTGATT,B cells
E2L6_CCTACGTAGTATTGCC,CD4+ T cells
L5_TATTCCACATAGATGA,Erythrocytes
L5_TCATACTAGCGTATGG,Platelets
L3_GTGGAAGCACAATGCT,cDC1
L1_ACTCTCGGTATCGAGG,NK cells
E2L5_CATTGAGGTACCGCGT,HSPCs
E2L8_TCCTCCCCACTCCTGT,Cytotoxic CD8+ T cells
E2L5_CATGCGGGTGCGAGTA,B cells
E2L7_AACAACCTCATGAGGG,Non-classical monocytes
L2_GACGCTGAGACATACA,B cells
E2L8_CATGGTATCCTAAACG,Proliferating T cells
L1_TAGGTACCAGCTGAAG,CD4+ T cells
E2L7_CAATTTCAGTCGGCCT,Plasmacytoid dendritic cells
L3_CTGCCTAAGTCCCGGT,B cells
E2L8_TCACTCGGTAGCACAG,Classical monocytes
E2L5_GTGCTTCGTTTACGAC,B cells
E2L6_TTGGGTACATCAGTCA,Plasmacytoid dendritic cells
L5_ATCCATTTCTTCGTGC,CD4+ T cells
E2L2_GATCACATCACGGACC,Platelets
E2L5_GATTCTTAGGAAAGTG,Proliferating T cells
E2L7_TCACGCTTCAGTGTTG,B cells
E2L1_AGACTCACATAGAAAC,B cells
E2L3_ACCTACCCATGCGTGC,CD4+ T cells
E2L4_CTACTATCAGAAACCG,Effector Memory CD8+ T cells
E2L4_TGAGCGCCATGTACGT,B cells
E2L5_TCTAACTTCTGAGCAT,CD4+ T cells
E2L8_CAAGCTAAGCCTTGAT,Cytotoxic CD8+ T cells
E2L7_CAATTTCGTACACGTT,cDC2
L4_CAAGCTATCGTCAAAC,CD4+ T cells
E2L3_AGGAAATGTCCGACGT,Proliferating T cells
L4_AAGACAAAGCCATGCC,cDC2
E2L1_CTGCTCAGTCCTCATC,Classical monocytes
L1_GTACAACCAATCGCAT,Activated CD4+ T cells
L5_AGGACGATCTGCATGA,Classical monocytes
L3_TAACGACGTGCTCTTC,Proliferating T cells
L3_ATCACTTTCACGGGAA,B cells
L4_GAGGCAACAGCGTACC,CD4+ T cells
L5_TACGCTCAGGTGCCTC,CD4+ T cells
L4_CCACTTGCAACGGTAG,HSPCs
L2_TGTCCTGAGTCATCGT,HSPCs
L2_CAGTTAGTCAGTGTCA,B cells
E2L6_CACTTCGGTTCGGCGT,Cytotoxic CD8+ T cells
L5_CGTAAGTTCCTTACCG,HSPCs
L3_TATACCTTCCGGCAAC,HSPCs
E2L3_CACTGTCCAGGATGAC,CD4+ T cells
E2L3_GCCATGGAGGAAGTAG,CD4+ T cells
E2L4_TGAGGGACAAAGGAGA,Proliferating T cells
L4_GAAGGACGTTATGACC,HSPCs
L5_CAAGAGGCAATAACCC,CD4+ T cells
E2L2_TAGGGTTCAGCTGAGA,Activated CD4+ T cells
L1_TTCTCTCAGGATAATC,B cells
L5_TAGGGTTAGGCCCAAA,B cells
E2L8_ACCCTCATCGCTACAA,Effector Memory CD8+ T cells
E2L8_CCGGACAAGAGAGGGC,Non-classical monocytes
E2L1_TTTGGAGCATGGGCAA,CD4+ T cells
L1_CTGTACCAGTTCGCAT,Proliferating T cells
E2L4_TGGGATTCACTGATTG,Cytotoxic CD8+ T cells
E2L6_CCCATTGAGGATATAC,Classical monocytes
E2L2_CTTTCGGTCGTGTGAT,Platelets
E2L6_CTACCTGTCATAAGGA,Cytotoxic CD8+ T cells
L5_GGAGATGCAATACCTG,CD4+ T cells
L5_GTCCACTTCCGCAAAT,HSPCs
L4_AACCATGGTGTATTCG,NK cells
E2L1_GGGACCTTCCTCTAGC,Cytotoxic CD8+ T cells
L5_GTGGTTACATCGGATT,HSPCs
E2L8_TGTCCACCATATGAAG,CD4+ T cells
E2L7_GAGTGTTGTCGGTACC,B cells
E2L2_GCATTAGCACGCAGTC,Non-classical monocytes
E2L7_ACATCCCTCTTCGATT,Cytotoxic CD8+ T cells
E2L1_CAAGAGGCAGGGTCTC,Plasmacytoid dendritic cells
L2_ACCAACAAGATTGGGC,B cells
E2L8_ATCGTAGAGCCACTCG,Cytotoxic CD8+ T cells
E2L2_TGTGGCGAGATCGGTG,B cells
E2L4_TTTGATCAGCCATTGT,Classical monocytes
L4_CGTCAAACAATGTGGG,Cytotoxic CD8+ T cells
E2L6_CTGGTCTCAGGTATGG,Non-classical monocytes
L2_TCCTTCTTCGCTGTTC,HSPCs
E2L4_CATTGTTAGAATTGCA,Plasmacytoid dendritic cells
L5_CAAGACTGTTTGAACC,Effector Memory CD8+ T cells
E2L7_GATTTCTCATTAGGAA,NK cells
E2L1_AAGCATCGTAGCGATG,B cells
E2L2_CGAGGAAAGGTAGCAC,Plasmacytoid dendritic cells
E2L1_TTTACGTGTGACTGAG,Cytotoxic CD8+ T cells
L5_TTACGTTTCTCCCTAG,Effector Memory CD8+ T cells
L2_CATCCGTTCCACAGCG,Cytotoxic CD8+ T cells
L3_TCGAAGTCATCCTAAG,Memory CD8+ T cells
E2L4_CGAAGTTTCTAGATCG,Effector Memory CD8+ T cells
E2L5_GCTGCAGGTGATAGAT,Classical monocytes
E2L6_ACCAAACTCTTGGATG,NK cells
E2L2_TACACCCAGCTACAAA,Effector Memory CD8+ T cells
L3_CTGAGCGCAGGTTCGC,Plasma cells
E2L3_TCTGTCGAGAGTCACG,Proliferating T cells
L5_TTGGTTTCACTCGATA,Erythrocytes
E2L2_AGGATCTGTGGCTGAA,CD4+ T cells
E2L5_TTTGGTTAGAACGTGC,Proliferating T cells
E2L4_TGAGTCACACCCTATC,B cells
L3_AGACTCATCCCAGTGG,CD4+ T cells
L5_CGAGAAGGTGTGCCTG,Effector Memory CD8+ T cells
L3_AGTACCACATCTCGTC,CD4+ T cells
E2L2_GACCCTTGTTTGAAAG,Classical monocytes
E2L7_CTAGACAGTGGATCGA,Classical monocytes
E2L4_CTCACTGAGAGTCTTC,B cells
E2L7_TTGGGATCACGCTTAA,Non-classical monocytes
E2L5_CATGAGTTCGCGTGCA,Proliferating T cells
L5_ACTTTCACAGGACTAG,Effector Memory CD8+ T cells
E2L7_TGACCCTCATTCATCT,NK cells
L1_GCTCAAACACTTCATT,NK cells
L2_CCTCAACAGAAGCGCT,HSPCs
E2L6_TGGGTTATCAATCAGC,Memory CD8+ T cells
L1_GCGATCGCATGTGACT,CD4+ T cells
L3_AGTGATCAGTTCCGGC,CD4+ T cells
L3_TTCAGGACAGCGTGAA,CD4+ T cells
E2L7_TCAGCAAAGAGCTTTC,Cytotoxic CD8+ T cells
L3_TCGGATATCTTCGCTG,Effector Memory CD8+ T cells
L4_TGGAACTAGTGAGTGC,Effector Memory CD8+ T cells
L4_ATTTCACCATACCACA,CD4+ T cells
L1_GAATAGACACGGTGTC,CD4+ T cells
L3_GTAGATCAGGACGCTA,CD4+ T cells
E2L1_GGGACTCCAGATCCAT,cDC2
L1_AGTGACTAGTAACGTA,Proliferating T cells
L1_ATGTCCCTCCCTCTAG,CD4+ T cells
E2L4_TGCACGGCATTGAGGG,cDC1
L4_GCTGCAGGTCCACACG,Classical monocytes
E2L8_AACACACTCTTCCGTG,Plasma cells
E2L1_CGTAATGAGTCATGCT,B cells
E2L7_AGATGAAAGCCACTCG,CD4+ T cells
E2L6_TCTACCGCAGTTAGAA,CD4+ T cells
E2L6_ATGATCGGTGTGTCCG,Effector Memory CD8+ T cells
L4_AATCACGGTCAGTTTG,CD4+ T cells
E2L4_TCGGGACGTCCTTTGC,Cytotoxic CD8+ T cells
E2L6_TGACCCTGTGTGAATA,Plasmacytoid dendritic cells
L5_CTTCCGACAAGAATAC,Cytotoxic CD8+ T cells
E2L5_GAAACCTTCCTCTGCA,Plasma cells
L5_TCTATCAAGTCGGCAA,Cytotoxic CD8+ T cells
L4_CCGTTCACATTGAGCT,cDC2
L1_GGTGTCGCAAGAATGT,Cytotoxic CD8+ T cells
E2L2_CCGATCTCAGAAGCTG,B cells
L4_ATTCATCCAGACTCTA,Cytotoxic CD8+ T cells
E2L6_AGTCACATCCAATCTT,Plasma cells
L1_GAGTGTTTCCTCACTG,Cytotoxic CD8+ T cells
E2L3_GATTGGTAGATGATTG,NK cells
E2L5_CGGGTGTGTGGGCTTC,CD4+ T cells
E2L3_ACTATGGTCTAACGGT,CD4+ T cells
E2L4_TACTTCACATCTAACG,cDC1
E2L5_GGGTATTTCCATACTT,CD4+ T cells
L4_CCCGGAATCACAAGAA,B cells
E2L1_ATTTACCAGGAATCGC,Effector Memory CD8+ T cells
E2L4_TACCCGTAGGAGTACC,cDC1
E2L4_GAGTGAGTCAGAGCGA,CD4+ T cells
L2_ACATCCCCAGCTGAGA,Erythrocytes
E2L8_ACAACCACATGCTGCG,CD4+ T cells
L5_GGGACTCCACTCCACT,Plasma cells
E2L2_GGCGTCATCTAAGCGT,NK cells
E2L2_TCGAACAGTAACAGTA,Cytotoxic CD8+ T cells
L2_TACGGTAAGGATATGT,B cells
L4_CCTCATGTCGTCAGAT,Platelets
L1_ATCACTTCAGTTGCGC,CD4+ T cells
E2L5_TCGTGCTAGAGTACCG,cDC2
L5_AATGGCTCACAACGTT,Cytotoxic CD8+ T cells
L3_GAATAGAAGGGCAGAG,CD4+ T cells
E2L6_TGCATGATCTCCTACG,Cytotoxic CD8+ T cells
E2L5_GAGTTTGCAGGATGAC,Cytotoxic CD8+ T cells
L5_TTCCTTCGTCCAAGAG,Proliferating T cells
E2L5_CCGGTGAGTATGTCCA,Proliferating T cells
E2L4_TATTGCTCACGCCAGT,Plasmacytoid dendritic cells
L3_CATGGTACATGAGGGT,Plasma cells
E2L6_CGTAAGTAGTTCACTG,NK cells
L1_TTGTGGATCCATCCGT,CD4+ T cells
E2L6_GCCATGGGTGATACAA,B cells
L2_ATTATCCTCCTCAGGG,CD4+ T cells
E2L5_ACTTTGTGTACCACGC,Classical monocytes
E2L3_CTGATCCGTGGAGAAA,CD4+ T cells
E2L7_GTGAGTTTCAGGAACG,Plasma cells
L4_CTCAGTCCAGAACTAA,Activated CD4+ T cells
E2L8_TCTATACCAGCATGCC,B cells
E2L5_GCCATGGGTGAGTAGC,B cells
L1_ATGCATGCATCTCAAG,CD4+ T cells
E2L6_CATCCCATCTCCTGTG,Non-classical monocytes
L4_ATTGGGTAGCGATTCT,HSPCs
E2L5_TTAGGGTCATTGTAGC,Platelets
L2_CTAACCCAGCTGGCCT,cDC1
E2L5_TATTGCTCACCCGTAG,B cells
E2L6_CGGGTCAAGTTTCTTC,Plasmacytoid dendritic cells
E2L6_AGCTCAACAGGTGAGT,NK cells
E2L3_GAGTTACTCTGGGCGT,Plasmacytoid dendritic cells
E2L3_TCACGCTAGCCACTCG,B cells
E2L4_CATGCCTGTGGCTTAT,Platelets
E2L1_TTCCTCTCAGTCGAGA,Platelets
L5_TTTGGTTTCGTAGGGA,Proliferating T cells
E2L5_AGGGTTTTCGTGAGAG,Non-classical monocytes
L1_TCAGTTTTCGCCGATG,cDC2
L4_ACTATCTTCTCCAATT,Cytotoxic CD8+ T cells
E2L4_TACTTGTAGGATCATA,Effector Memory CD8+ T cells
E2L5_CCTCAGTGTAACGCGA,Effector Memory CD8+ T cells
L5_TAATCTCTCTAGCATG,HSPCs
L5_GATTCGAAGTCACTAC,Plasma cells
E2L7_CCTCCTCAGGCCTGAA,Cytotoxic CD8+ T cells
L3_GTATTTCCAAAGACGC,Proliferating T cells
L4_ACTGCAAGTATTGACC,CD4+ T cells
L1_GTAATGCAGAAGGGAT,Cytotoxic CD8+ T cells
E2L7_TCAGCAAGTAGCTTGT,NK cells
L4_GTGCAGCTCGCCGAGT,Proliferating T cells
E2L1_CTGAGGCTCGGTTCAA,Classical monocytes
E2L5_TCCACGTTCTCATTTG,cDC1
E2L6_GATCATGGTATGCTAC,Cytotoxic CD8+ T cells
E2L1_TCGTGGGCACGACCTG,B cells
E2L8_CTGGCAGGTATCCCAA,Cytotoxic CD8+ T cells
E2L6_GTTTACTAGTAGTGCG,Platelets
E2L3_CATACCCCAGATACCT,CD4+ T cells
L1_TGTGCGGAGCTCGCAC,Classical monocytes
E2L3_GTTGCTCAGTACCATC,CD4+ T cells
L1_CAGCGTGAGCGGGTAT,Cytotoxic CD8+ T cells
L5_CAAAGAATCCATCGTC,Platelets
E2L4_GTAGTACGTAGGAGTC,CD4+ T cells
E2L7_CCACTTGAGCTGACTT,NK cells
E2L1_CTCAGGGCACATAACC,Classical monocytes
E2L1_ATCACGATCGTGGAAG,Non-classical monocytes
E2L1_CCTCAGTGTGGAAATT,Memory CD8+ T cells
E2L7_ATCCACCTCGCAGTGC,Proliferating T cells
L1_CCTTTGGAGGAGGGTG,CD4+ T cells
L3_GGAACCCCACTAACCA,CD4+ T cells
L3_AGGAAATCATATACCG,B cells
E2L4_ATACCTTTCAGATTGC,Cytotoxic CD8+ T cells
L4_TTACGTTCACGCACCA,CD4+ T cells
L1_TCAAGACAGGCACTAG,HSPCs
L2_AATTCCTCAGCGGTCT,Memory CD8+ T cells
E2L3_CATGCAAAGCATCCCG,Cytotoxic CD8+ T cells
L3_GATGACTAGGGCATGT,Proliferating T cells
E2L3_AGGGAGTTCTGGAGAG,B cells
L3_GGTTAACAGGGAGGCA,B cells
E2L1_CGTAATGTCCGAAGGA,Effector Memory CD8+ T cells
L5_GTCTACCTCGGATAAA,Effector Memory CD8+ T cells
E2L5_TCAGTCCCACTACCCT,Platelets
E2L8_TACCTCGTCAAGATAG,B cells
L3_GATTGGTTCATTGGTG,CD4+ T cells
L1_GCCCGAACATCCTATT,Erythrocytes
E2L8_CTCATGCAGCGTATAA,B cells
E2L3_CGGACACGTGTCTAAC,CD4+ T cells
E2L4_TCCCACACATTCTCCG,Cytotoxic CD8+ T cells
L1_GAGTCATTCCCATGGG,CD4+ T cells
E2L5_AGACCATGTCTTACAG,Cytotoxic CD8+ T cells
E2L5_CCACGAGCAATTCGTG,Platelets
L5_TTTGGTTTCCTCTAGC,CD4+ T cells
E2L3_TCTATCATCGATACTG,Plasmacytoid dendritic cells
L1_AATGGAATCAGCAGAG,CD4+ T cells
E2L6_TCATTTGGTTATGACC,Cytotoxic CD8+ T cells
E2L1_CCTATCGCAGACCCGT,Classical monocytes
L1_TCAAGTGAGGGATCGT,B cells
L5_TCGAACAGTTGCATAC,CD4+ T cells
E2L1_TCACATTGTCGCTTGG,CD4+ T cells
L2_AAGATAGGTGAGAGGG,Non-classical monocytes
E2L5_TACCGAATCACGGAGA,Cytotoxic CD8+ T cells
E2L6_GCCGATGGTTCTTAGG,Non-classical monocytes
E2L2_AGACAAAAGGAATGTT,Proliferating T cells
E2L6_AGGGAGTTCCGAGTGC,Proliferating T cells
E2L6_GGTAACTTCTGCGATA,Non-classical monocytes
L2_TTCCTCTAGCACGTCC,Proliferating T cells
E2L1_GTAGCTAGTAGGTAGC,Effector Memory CD8+ T cells
E2L6_CATGGATTCTGTCGTC,Plasmacytoid dendritic cells
E2L7_TGCTTGCTCGGACGTC,cDC2
L4_TGGTGATCAAAGGTTA,CD4+ T cells
L1_GATCGTACAGCTTCGG,HSPCs
E2L6_TGATGCAGTGTGCTTA,Plasma cells
E2L2_CCTCTAGTCCTCAGGG,Non-classical monocytes
L2_ATGTCCCCAAAGGATT,Proliferating T cells
L3_CACTTCGCAGTGCGCT,CD4+ T cells
E2L6_GTTAGTGAGGGAGGCA,Proliferating T cells
E2L6_AGGGCTCGTTCGTAAC,B cells
L2_TTGATGGCAAATAAGC,HSPCs
L1_ATCTCTAAGATGTTAG,Cytotoxic CD8+ T cells
E2L1_TCGGATACAAGGATGC,B cells
E2L1_GATGTTGTCCTACACC,B cells
L1_CGTCCATCACAGTGAG,CD4+ T cells
L1_ACCTACCTCTTGGAAC,CD4+ T cells
E2L5_GACACGCAGGGTACAC,Classical monocytes
L1_TCAAGTGCAGTTGGTT,CD4+ T cells
E2L8_CACTGGGGTGTACGCC,CD4+ T cells
E2L2_ATGCGATTCTTGGATG,B cells
E2L7_ATTCAGGGTAATGTGA,B cells
L1_ACCGTTCAGTAAATGC,CD4+ T cells
E2L2_ACGGGTCAGTTCATGC,CD4+ T cells
L1_CAACAGTCAGTCGTTA,B cells
E2L2_ACCCTCATCGAGCTGC,Classical monocytes
L1_GGTGATTAGCTACAAA,B cells
L5_ATAGAGAAGGACTTCT,CD4+ T cells
L2_TCGACCTTCAGCCTCT,CD4+ T cells
L4_TACGGTAAGAGCTGAC,cDC2
E2L8_ACCAAACGTTTCACTT,CD4+ T cells
E2L4_GACTATGAGAAGAACG,B cells
L3_GGTGTTATCGATACAC,CD4+ T cells
E2L7_GTTGTCCTCTTTGCAT,cDC2
L2_AGTTAGCTCTACTGAG,Memory CD8+ T cells
L4_TTGAGTGTCGGCTTGG,Plasmacytoid dendritic cells
L4_TGCGGGTAGCGCCCAT,HSPCs
E2L8_GTGTAACCATCCGGCA,Cytotoxic CD8+ T cells
E2L4_CTCCTTTTCATCCCGT,Cytotoxic CD8+ T cells
E2L7_TCCTTCTAGAACTGAT,cDC1
E2L5_TGGAGGATCGCTGACG,Effector Memory CD8+ T cells
L4_CTGCAGGCAAACCACT,Effector Memory CD8+ T cells
E2L2_CCTTCAGTCGGCGATC,B cells
L4_GGGCGTTAGACGCCCT,Non-classical monocytes
E2L4_TACGCTCAGTCCCAGC,B cells
E2L1_GGACGTCGTAAGAACT,Non-classical monocytes
L4_TCCCAGTCAATTAGGA,Memory CD8+ T cells
L4_CGAAGTTCAGTTCACA,B cells
L5_TCACAAGTCGTAACAC,CD4+ T cells
L4_CCTATCGCATACATCG,HSPCs
L1_TTTCAGTCAGAACATA,HSPCs
E2L5_CCACTTGCATTGCCGG,B cells
L4_GCGATCGGTGTTCCTC,CD4+ T cells
L3_GAACGTTGTATCGAAA,CD4+ T cells
E2L6_GGAGGTATCTCTGAGA,cDC2
E2L1_GTTCGCTTCCTTATAC,Platelets
L3_GCGAGAAGTCATCCGG,Proliferating T cells
L3_CATGGTATCATTTCGT,B cells
L3_ATCGCCTGTCTTTATC,Proliferating T cells
E2L2_GACTATGAGTTCTACG,CD4+ T cells
L5_GCACGGTAGGTTCTTG,Proliferating NK cells
L1_CGGACACCAATCAGCT,Effector Memory CD8+ T cells
L2_CAGTTAGGTAGTGTGG,NK cells
L3_GGGATCCAGTACTGGG,CD4+ T cells
L4_ATCGTAGAGCGTTGTT,CD4+ T cells
L3_TCTTGCGGTATCGATC,HSPCs
L1_ACACTGAAGGTAAGGA,Memory CD8+ T cells
L4_ATGCGATGTCACGACC,Plasma cells
E2L3_AGGGTCCGTTACCTGA,Cytotoxic CD8+ T cells
E2L3_GAGTTGTTCATCCCGT,Proliferating T cells
E2L4_CAACCTCGTATCACCA,B cells
E2L5_ATACCTTGTTAATGAG,CD4+ T cells
L2_GTGTTAGGTGGTCTTA,B cells
E2L1_TCCTTCTTCTGCGGCA,B cells
E2L6_GAGTCATGTGTTTCTT,NK cells
L2_AAACGCTCAGTAGTGG,Non-classical monocytes
E2L6_CGCGTGAAGCTGTTAC,CD4+ T cells
E2L8_GATGTTGGTTGCCGCA,B cells
E2L3_CAGCGTGTCAGGCGAA,cDC2
E2L6_CACTTCGTCCATCAGA,NK cells
E2L4_CTTCTCTCAGGACATG,CD4+ T cells
L3_CCTATCGTCAACCTTT,Memory CD8+ T cells
E2L3_GAGGCCTCATCCGATA,B cells
E2L2_GCGGAAAAGGGAGGGT,cDC2
L2_GATCCCTCAGAACATA,Cytotoxic CD8+ T cells
E2L8_TCACTATGTGACCGTC,NK cells
L5_TCAGGGCTCAGGTAAA,Cytotoxic CD8+ T cells
E2L8_CTGGTCTTCTCTGGTC,CD4+ T cells
E2L2_CAGATCACAGGTCCCA,CD4+ T cells
E2L5_GGTTAACTCAGACCTA,Platelets
E2L6_CGGAGAAGTACCCGAC,Effector Memory CD8+ T cells
E2L6_CATGAGTCAGACATCT,CD4+ T cells
E2L8_AACGGGAAGCCATCCG,Cytotoxic CD8+ T cells
E2L6_TGTGCGGAGGAGACCT,Cytotoxic CD8+ T cells
E2L5_GGAACCCTCAATCTTC,CD4+ T cells
L2_TGAATGCCAGCATACT,CD4+ T cells
E2L3_TCCATCGCAGAGTAAT,Effector Memory CD8+ T cells
L1_GATGACTCAACCGTGC,CD4+ T cells
E2L4_CTGTCGTCATGACAGG,Classical monocytes
L1_CTCCTTTGTGTCATGT,Effector Memory CD8+ T cells
E2L6_GAGTCTACAGCTCCTT,Platelets
E2L8_CAACAGTGTAATCAAG,B cells
E2L8_GTTACGAGTCTGTCAA,Effector Memory CD8+ T cells
L4_GGAAGTGGTGTCGCTG,Memory CD8+ T cells
L3_GGGTGTCAGAATCGCG,Activated CD4+ T cells
L2_GTTTGGACACGGAAGT,CD4+ T cells
E2L7_TCATTGTAGTTCCTGA,Platelets
L1_CGGAATTAGCTACTAC,NK cells
E2L1_GTAGAGGGTTAATCGC,Effector Memory CD8+ T cells
E2L8_CATGCGGCAATGTGGG,CD4+ T cells
E2L5_CCCTGATGTGTCTTGA,NK cells
L4_ATGCGATAGCCGATTT,Effector Memory CD8+ T cells
L4_ATTCTTGAGGCCCACT,CD4+ T cells
E2L7_TTTCCTCCAAGTTCGT,B cells
L5_TGGGCGTCAGTGGGTA,CD4+ T cells
L2_AGGTAGGCATCTCCCA,Effector Memory CD8+ T cells
E2L7_CCCGGAACAGCACAAG,CD4+ T cells
L1_CAGTTCCTCTGTGCGG,Cytotoxic CD8+ T cells
L4_TCACGGGCACTGGAAG,B cells
L3_CCGGACATCTTCCACG,Cytotoxic CD8+ T cells
E2L8_TATTGCTGTCTACGAT,Cytotoxic CD8+ T cells
L5_GGTTGTACAAGACGAC,CD4+ T cells
E2L2_TACATTCAGCTGTTCA,HSPCs
E2L6_ATCGTGAAGGTTGGTG,CD4+ T cells
E2L6_CTATCCGGTAGAATGT,CD4+ T cells
L5_ACTTATCGTGCAGTGA,CD4+ T cells
L4_TCGGTCTAGGGAACAA,Plasmacytoid dendritic cells
E2L6_TGTGAGTTCCCTAGGG,CD4+ T cells
E2L5_TTTACTGAGTAAATGC,Effector Memory CD8+ T cells
L5_GATCATGCAAGAGGTC,CD4+ T cells
E2L2_TGGGCGTAGAGTGTGC,CD4+ T cells
E2L2_TTTACTGGTAGCGAGT,Proliferating T cells
L5_CCCTTAGGTAGTCTTG,Plasma cells
E2L3_TCAGCAAAGGGTAATT,CD4+ T cells
E2L8_TGGATCATCCTTATAC,cDC2
L4_TGTTCTATCTTGGATG,B cells
E2L5_TGTGAGTCATTCTCTA,B cells
E2L4_AGGTGTTGTCAAGCCC,Cytotoxic CD8+ T cells
E2L4_TTCTTGAAGTGAACAT,Proliferating NK cells
E2L6_AGGATAAAGACTACCT,Cytotoxic CD8+ T cells
L4_ACGATCATCGAGAACG,Plasma cells
L2_TTACCATGTTGCCGCA,Effector Memory CD8+ T cells
L1_GGTGTTAGTTAGCTAC,CD4+ T cells
E2L6_GTCAAGTCATACCAGT,cDC2
L4_AGACCATCATAATCCG,cDC2
E2L7_GATCGTAGTGCATTAC,Effector Memory CD8+ T cells
E2L7_ATGATCGGTGGTTTAC,NK cells
E2L5_TCACAAGGTTGAGGAC,CD4+ T cells
E2L7_GTCAAGTTCGTTCATT,cDC1
L2_CGAGTTACAACGTAAA,cDC2
E2L6_ATCGATGAGCTCCACG,CD4+ T cells
E2L7_TATGTTCTCAAGCTGT,Effector Memory CD8+ T cells
E2L6_AGACAAAGTCGCACAC,Plasmacytoid dendritic cells
E2L8_TGTGATGTCAAGCTGT,B cells
E2L7_TGATCTTTCAGCAATC,Proliferating T cells
E2L4_GCTGCAGAGATGGTCG,Plasmacytoid dendritic cells
L2_GTGAGTTGTAGTACGG,B cells
E2L1_CTGCGAGTCTTGATTC,Effector Memory CD8+ T cells
E2L5_GAAGCCCCACAGTCAT,Proliferating T cells
E2L6_TCATTGTTCTAGTTCT,Plasmacytoid dendritic cells
L2_GTCATGACAAACTCTG,HSPCs
E2L2_AAGACAACAACTCCAA,Cytotoxic CD8+ T cells
L5_ATGCGATGTCACGACC,Plasma cells
E2L5_ATTACTCAGCATCGAG,Erythrocytes
L1_ATTATCCTCACTTTGT,Cytotoxic CD8+ T cells
L3_TCCGAAAAGCACGTCC,HSPCs
E2L8_TGTTGGATCTATCGGA,Cytotoxic CD8+ T cells
E2L3_AATGACCCAGAGGTTG,Effector Memory CD8+ T cells
E2L2_CACACAACACTATCCC,Plasma cells
L4_CTCATGCAGCAGTACG,Memory CD8+ T cells
L4_CTGGCAGCATCGTGGC,Effector Memory CD8+ T cells
L5_GGTCTGGCACATTACG,Effector Memory CD8+ T cells
E2L4_GGACGTCTCCTCGATC,Activated CD4+ T cells
E2L2_CTAACCCGTTGTGCAT,Platelets
E2L4_GAGTTTGGTAGGCTCC,Plasma cells
E2L3_ACACGCGTCGACGATT,B cells
E2L6_TTCCGGTAGTGTAGTA,cDC2
L3_GCACGGTTCTGTCGCT,CD4+ T cells
L5_TAGGTTGAGCCAGAGT,CD4+ T cells
L1_CCTGCATTCTGAGTCA,Proliferating T cells
L4_ACGTACATCGACGCGT,B cells
L2_CCTACGTGTGGCTCTG,Effector Memory CD8+ T cells
E2L8_CAATCGAAGATTGAGT,Platelets
L2_CACGGGTGTCGCATTA,CD4+ T cells
E2L4_GGTTCTCGTCGTAATC,Platelets
L5_AAGCCATGTATCATGC,B cells
E2L5_GTACAGTTCGAGTGGA,Activated CD4+ T cells
L2_CTACGGGAGAAGAACG,cDC2
L4_ATCATTCTCAGCTGAT,CD4+ T cells
L3_GTGGAAGGTACAAGCG,Non-classical monocytes
L1_GGATCTAGTGTCATGT,NK cells
L1_CACTAAGCACTACCCT,Effector Memory CD8+ T cells
L5_TGTGTGAGTCCACATA,Plasmacytoid dendritic cells
E2L6_GGGCTACCACCGTGCA,B cells
E2L4_CTGTATTCAGGCACTC,Plasma cells
E2L4_ACGATCATCGCGGTAC,Plasma cells
L2_ACTGCAATCGGAGTAG,CD4+ T cells
E2L6_AAAGGGCAGTCGAATA,Platelets
L5_GATTGGTGTCGAGTGA,CD4+ T cells
E2L7_TCAGCAATCCGATGCG,B cells
E2L2_CTGATCCGTCGTCATA,Classical monocytes
E2L7_TCGAAGTGTGTTTACG,Activated CD4+ T cells
L2_TGATGGTAGCCTAGGA,Memory CD8+ T cells
E2L1_CGAAGTTTCCTCACCA,Activated CD4+ T cells
E2L7_GTAAGTCTCTGTCTCG,B cells
E2L3_TTTCCTCTCCCTTTGG,Plasmacytoid dendritic cells
L3_ACTATTCAGGCCTGCT,NK cells
E2L3_GGCGTCACAGACATCT,B cells
E2L3_TGCGGGTTCTAGTTCT,Plasma cells
E2L6_CGACAGCAGCTTCATG,B cells
E2L4_ATTTACCTCAGCGCGT,Plasmacytoid dendritic cells
L2_TTCATGTTCCTAGAGT,HSPCs
E2L4_CGGAATTAGTGGAATT,B cells
L2_TGAATCGCAGTGGCTC,CD4+ T cells
L4_GTGAGCCAGACTCGAG,CD4+ T cells
L5_GAAGAATAGATGACCG,CD4+ T cells
E2L6_GGCTTTCCAGGCGAAT,Proliferating NK cells
E2L3_CTCCTTTTCGAACGCC,Cytotoxic CD8+ T cells
E2L2_GGCTTGGAGGGACAGG,Cytotoxic CD8+ T cells
E2L7_AGCATCAGTTTCGTTT,Plasma cells
E2L4_TATCAGGGTGCAAGAC,NK cells
L4_CTCCACAAGTGTAGTA,CD4+ T cells
L3_GTGCTTCCAAGTGGCA,Non-classical monocytes
E2L3_TTGCCTGCATGTGCTA,Effector Memory CD8+ T cells
E2L3_AAACGCTAGGTCGTCC,NK cells
L1_GAGACCCTCGCGTGCA,CD4+ T cells
L1_GTAATCGGTGGTAACG,B cells
E2L5_CAACCTCCAAACAGGC,cDC2
E2L8_TAACTTCAGTGCTACT,B cells
E2L3_TGATTTCAGCACCGAA,Cytotoxic CD8+ T cells
E2L8_GGATCTATCTGTCGTC,B cells
E2L7_TTCCAATGTTCTTCAT,NK cells
E2L3_CACGAATTCTGGCCTT,Platelets
L3_GTGGCGTAGTTGCCTA,cDC1
L3_CACTTCGAGCCTCAGC,Proliferating T cells
L5_GTCAAACGTCAACATC,CD4+ T cells
E2L1_ATCAGGTTCACTGGTA,Platelets
E2L3_GAGGCAAGTCGTTTCC,B cells
E2L8_GATTGGTCAAAGGCTG,Non-classical monocytes
E2L3_GAGCCTGCAAAGCTCT,Platelets
L5_AGGTTGTAGCTTCATG,CD4+ T cells
L2_ATACCGAAGAAACTCA,Cytotoxic CD8+ T cells
E2L8_TGAGGAGAGATCCAAA,Activated CD4+ T cells
L3_TTGTTTGTCTGGCCGA,Activated CD4+ T cells
E2L5_AGTACTGGTGTTCGAT,B cells
E2L8_CCTCACAAGCTTTCCC,Cytotoxic CD8+ T cells
E2L6_AGAGAGCAGTCCTGTA,NK cells
E2L1_GCCATTCGTACGATGG,cDC2
E2L2_CGATGGCTCAGCTGAT,cDC2
L2_TCTGGCTGTGCATTTG,Effector Memory CD8+ T cells
E2L6_CAAGGGATCTAGAGCT,Proliferating NK cells
E2L6_TACCTGCAGACATGCG,Platelets
L4_AGTCTCCCAGCAGACA,Plasma cells
E2L2_ACCAAACAGTCAACAA,B cells
E2L5_CAGATTGAGGCCTTGC,B cells
E2L3_CGGTCAGAGTGCAAAT,Non-classical monocytes
E2L3_GCCGTGATCGCCGAGT,NK cells
E2L4_TGAGGTTCAATCGTCA,Effector Memory CD8+ T cells
E2L2_GGAAGTGAGGCCGCTT,Cytotoxic CD8+ T cells
E2L7_GTCAAGTGTCCTACGG,CD4+ T cells
E2L4_CATTCATCATGAGTAA,B cells
E2L1_CAGTTCCTCTCATGGA,Effector Memory CD8+ T cells
E2L4_AAACCCAGTAGGTCAG,Activated CD4+ T cells
E2L2_CCTATCGCAGCTGAAG,HSPCs
L3_ACTGTGAGTGGAAATT,Memory CD8+ T cells
E2L4_ACGGAAGAGGACTAAT,Effector Memory CD8+ T cells
E2L6_ACGGAAGGTACCTTCC,cDC2
L1_CAGGGCTCACGCGTGT,NK cells
E2L4_AACAGGGAGTGGATTA,Proliferating NK cells
E2L6_ACTTCGCAGGAGAGGC,Platelets
L2_GGGCTCATCAGTAGGG,CD4+ T cells
E2L6_TCGTCCAAGGGAGAAT,CD4+ T cells
E2L8_ACACCAAGTAGAATAC,Classical monocytes
E2L1_TGGTTAGCACATACGT,B cells
E2L5_TCTGCCATCTCTATAC,Cytotoxic CD8+ T cells
E2L5_TGGTGATCATTGCCGG,Effector Memory CD8+ T cells
E2L6_TCAATCTGTTGCGAAG,B cells
E2L8_AGTCTCCGTCGATTAC,Cytotoxic CD8+ T cells
E2L7_GGTTCTCCAAGTGCAG,NK cells
L4_TCGCAGGGTTGCTGAT,Plasma cells
E2L3_ATATCCTTCCCAGGCA,cDC2
L4_AGCGCTGTCACGAACT,CD4+ T cells
L4_ACGATGTAGCTTGTTG,Plasma cells
E2L6_GCTGCAGCAGCGACAA,B cells
E2L4_AAGCCATCAATGCTCA,Cytotoxic CD8+ T cells
E2L3_CTTCTAAAGTTGGAGC,NK cells
E2L7_CTCAAGATCGTCACCT,Plasma cells
L2_CGGACACAGCTTCGTA,CD4+ T cells
E2L5_TGGAACTCAGGAGACT,Proliferating T cells
E2L5_AAGAACAGTTACGATC,Plasma cells
L2_CCTTGTGTCTTCGATT,NK cells
E2L6_ATAGGCTGTCTGGTTA,Classical monocytes
E2L4_TAAGCGTGTTCGTAAC,Activated CD4+ T cells
L3_GACTGATAGACTAAGT,Cytotoxic CD8+ T cells
E2L1_ACATCGAAGAGATCGC,Proliferating T cells
L4_GCACTAATCCGACGGT,NK cells
L2_TGCGACGTCCTTATAC,Effector Memory CD8+ T cells
E2L6_TATCTTGCAGTCTTCC,B cells
E2L4_GGTTGTATCTCGTCAC,Plasma cells
L2_GTCCTCAAGCGTCTGC,CD4+ T cells
E2L8_CCATAAGGTTAATGAG,CD4+ T cells
E2L5_GTTCGCTTCGTAGTCA,cDC2
E2L3_AGGGCTCTCTCGAGTA,Non-classical monocytes
L1_GTGCACGAGACCCGCT,HSPCs
E2L6_GGGTGAACAAGGAGTC,Plasma cells
L4_CCTGTTGCAGATACTC,CD4+ T cells
E2L5_TGGGAGAAGGATGTTA,Platelets
L2_GACTATGTCTCGAGTA,Cytotoxic CD8+ T cells
L2_CAGCAGCGTTGTTGCA,CD4+ T cells
E2L2_AGAGAGCTCGCTTGCT,Plasmacytoid dendritic cells
E2L2_CTGATCCCAAAGGGTC,Activated CD4+ T cells
L3_ACATGCATCCTCGCAT,CD4+ T cells
L3_CTCTGGTTCCTTTGAT,Proliferating T cells
E2L2_ATACCGACACAGCATT,Non-classical monocytes
L5_GGCACGTCAATAGTGA,cDC2
E2L7_CTCATGCAGTCTGCAT,Activated CD4+ T cells
E2L6_TCAAGCAAGTCAGCCC,NK cells
E2L5_TTGCGTCCATCATTTC,NK cells
L1_TCTTGCGTCGGAATTC,CD4+ T cells
L2_GCCTGTTTCGGAGATG,CD4+ T cells
L3_ATGGATCAGACTTCGT,Proliferating T cells
L5_GATGTTGAGAGAGGTA,CD4+ T cells
E2L8_GTTACCCGTTCCCACT,Effector Memory CD8+ T cells
E2L7_CAGATCAAGATGTAGT,Cytotoxic CD8+ T cells
L1_GCCTGTTTCCACTTCG,Effector Memory CD8+ T cells
E2L2_TGTGCGGAGCTGCCTG,B cells
E2L7_CATGAGTGTGGTTCTA,Plasmacytoid dendritic cells
E2L6_GACCAATCAAGACGAC,B cells
E2L3_ATCTCTATCTTAATCC,Plasmacytoid dendritic cells
L4_CGTCCATCAAATCGGG,CD4+ T cells
E2L7_TGCATCCGTCAGTCCG,Plasma cells
E2L4_GTTGCTCCAGCTGCCA,Non-classical monocytes
E2L4_GGTGAAGAGCAATAGT,Activated CD4+ T cells
E2L1_TTCCACGAGTAGGCCA,CD4+ T cells
L2_TGTACAGAGGTCACAG,CD4+ T cells
E2L5_CATTGAGAGAGGTCAC,Proliferating T cells
E2L3_CCAATTTGTTTAGTCG,B cells
E2L2_AGGAGGTAGCGTTACT,Effector Memory CD8+ T cells
E2L8_GGTGAAGTCTCAATCT,CD4+ T cells
L4_TTTGACTGTTCTCTCG,HSPCs
E2L2_ATTCATCAGTGGCAGT,Effector Memory CD8+ T cells
E2L6_GCCAGTGAGGGCTTCC,Cytotoxic CD8+ T cells
L2_TCGGGTGTCCCAAGTA,HSPCs
E2L7_GCCGTGACACTCTCGT,Platelets
E2L4_CGGAACCTCTGAGTCA,Plasma cells
L1_GTCGAATCAATGGCCC,CD4+ T cells
E2L5_TACTTACTCTCTGACC,B cells
L1_TGAATCGGTAAGAACT,CD4+ T cells
L1_CGGAACCGTGTCCGGT,CD4+ T cells
E2L1_CTCCTCCTCATTGTTC,Classical monocytes
L4_TTCCGGTCATGAGAAT,Plasma cells
E2L4_TCGTAGATCGGAGCAA,Memory CD8+ T cells
L3_GGGACCTGTCTAGATC,CD4+ T cells
E2L1_GCCGATGTCTGGGAGA,Platelets
L1_CCAATGAAGCGTGTTT,B cells
L4_TCGGGACCAAGACTGG,CD4+ T cells
L5_TGCGGCATCTTGAACG,CD4+ T cells
E2L7_GGACGTCTCTTGCAAG,CD4+ T cells
E2L5_GTGCTTCTCGACCTAA,Proliferating T cells
L5_CAATACGTCACGGACC,Cytotoxic CD8+ T cells
L3_ATAGAGATCGTAGGAG,CD4+ T cells
E2L5_CGCCATTAGAGCAGTC,CD4+ T cells
E2L3_TTCGATTTCTGCGGCA,Cytotoxic CD8+ T cells
E2L8_CTCAATTGTACTGCGC,Platelets
E2L7_GTTAGTGGTAGCTGAG,Proliferating T cells
E2L3_TGCTTCGCATTCTTCA,Classical monocytes
E2L4_CTCAGGGTCGACTCCT,cDC2
E2L8_ACTATGGGTCTTACTT,B cells
E2L4_ACTGTGAAGCATCTTG,Cytotoxic CD8+ T cells
E2L7_GCCAGCAGTTAATGAG,Effector Memory CD8+ T cells
E2L7_ACCATTTCAGGAGACT,B cells
E2L2_TGGGCGTGTATGACAA,Non-classical monocytes
E2L6_GATTGGTGTCCATCTC,Platelets
L4_GATTGGTTCCTCACGT,B cells
E2L6_AACAAGACAGACAATA,Cytotoxic CD8+ T cells
L4_TTTAGTCAGTCATAGA,Memory CD8+ T cells
L1_AGACTCACATCGGTTA,Plasmacytoid dendritic cells
L4_CTGGACGCACCTCTGT,Cytotoxic CD8+ T cells
E2L1_CTTCGGTCAACCGCTG,Non-classical monocytes
E2L5_GGAACCCAGCCGCTTG,Proliferating NK cells
E2L6_GTGTGGCAGTTGGCTT,Plasmacytoid dendritic cells
E2L4_TAGGAGGCAGGACGAT,CD4+ T cells
E2L6_GGGCTACGTGGAATGC,Non-classical monocytes
L1_GACCGTGGTTCTTCAT,HSPCs
L3_ATCTCTAGTTTCCAAG,Classical monocytes
L1_CGGTCAGGTCGTGTTA,Cytotoxic CD8+ T cells
E2L3_ATCGTGACAGGCTACC,CD4+ T cells
L5_GCAGTTAGTGTCTTGA,CD4+ T cells
L2_GTAATGCGTACTCCGG,NK cells
L3_GACTTCCAGGAAACGA,Non-classical monocytes
L2_CAAGACTAGCATTTGC,Plasma cells
L5_TCAGTCCGTTGGGTAG,Proliferating T cells
L4_GTTTGGAAGTTAGTAG,CD4+ T cells
L2_CATCAAGTCGCGGACT,Proliferating T cells
E2L6_GAGTTACCAGCTTTCC,cDC2
E2L8_TTTACTGGTATCGTAC,CD4+ T cells
E2L7_GGCAGTCCACACCAGC,Cytotoxic CD8+ T cells
E2L5_GTTGAACAGGAAGTAG,CD4+ T cells
L3_AACGTCACATCGTTCC,Effector Memory CD8+ T cells
L3_TCACTATAGTGAATAC,Effector Memory CD8+ T cells
E2L3_AACGAAAAGATGCTAA,B cells
L2_AATGCCAGTCCGTTTC,Classical monocytes
L1_TCCCATGAGAGCCCAA,CD4+ T cells
E2L2_GTTGTCCAGATGAAGG,Platelets
E2L8_TACGGTAAGTTGCTCA,Plasma cells
L3_GCCGATGAGGTGGTTG,CD4+ T cells
E2L7_TGTGGCGGTTCTCCAC,Plasma cells
E2L4_AGATCGTGTTCCGCTT,Proliferating T cells
L5_TGAACGTAGCGATCGA,Cytotoxic CD8+ T cells
E2L8_TCATTCATCGCGTGCA,CD4+ T cells
E2L7_TTGTTCATCCTCTAGC,Effector Memory CD8+ T cells
E2L5_CACTGGGCAACCGGAA,Effector Memory CD8+ T cells
E2L3_CGGGTGTCAAGGAGTC,Platelets
L5_TGAGGGACAAGATCCT,CD4+ T cells
E2L2_AACAAGAAGGCTTAGG,Cytotoxic CD8+ T cells
E2L6_TTACAGGTCCACGGAC,B cells
E2L8_ACCATTTTCTGAATCG,Cytotoxic CD8+ T cells
E2L1_CTGATCCGTAGCGTCC,Erythrocytes
L3_TTCCTCTAGATCACCT,Cytotoxic CD8+ T cells
E2L2_TTACCATGTCAAGCGA,Proliferating T cells
E2L7_TACAACGAGCAGGCAT,cDC2
L2_GGGTCTGCAGGTTCGC,Cytotoxic CD8+ T cells
E2L2_ACGATGTAGCCTCATA,B cells
L2_AACGGGACAATGTTGC,B cells
L5_CATTGTTTCCCGAGTG,Cytotoxic CD8+ T cells
L5_CGAGGAACATTCTCCG,CD4+ T cells
L2_GGAATCTAGGCTAGCA,CD4+ T cells
E2L3_GCGGAAACAATCGCAT,Effector Memory CD8+ T cells
E2L7_ATGTCTTAGTTGCATC,HSPCs
E2L7_TGAACGTAGCTTTCCC,Classical monocytes
E2L2_CTAACCCCAAATGGAT,Cytotoxic CD8+ T cells
L1_TTGTGGATCTCCATAT,CD4+ T cells
L1_ACCAACAAGGATGTTA,CD4+ T cells
L1_CTCAGGGTCGGCAGTC,B cells
L5_CTGCTCAAGAGTGACC,CD4+ T cells
E2L1_TCAATTCCAGCAGATG,CD4+ T cells
E2L7_GCATTAGAGTATGCAA,Plasmacytoid dendritic cells
E2L1_TGTTCCGGTCTGTTAG,Proliferating T cells
E2L4_GCTACCTTCGCCTATC,cDC1
E2L3_GTAGAAAAGCAGGCAT,Effector Memory CD8+ T cells
L4_TACGTCCGTGGTCCCA,Memory CD8+ T cells
L5_CTATAGGAGGCCTAGA,CD4+ T cells
E2L6_AGGTTACTCCGTGCGA,Platelets
E2L2_TCTTTGATCTTTCGAT,cDC2
L5_GTGTAACAGTGCGCTC,CD4+ T cells
L5_ACTATGGTCGACGTCG,CD4+ T cells
E2L8_GGTGGCTCAAGAAACT,CD4+ T cells
E2L8_TTAATCCGTGTCTTCC,CD4+ T cells
E2L1_TTGGGCGGTAGTGCGA,Effector Memory CD8+ T cells
L5_AAGGTAATCTACTTCA,HSPCs
L1_CCTGCATCACGCCACA,CD4+ T cells
E2L4_TCTAACTTCGAGTGGA,cDC1
L4_TCATTCAGTTCTTGTT,Plasmacytoid dendritic cells
E2L6_TCACTATAGGAACATT,Cytotoxic CD8+ T cells
L1_CTCAACCTCATGGCCG,CD4+ T cells
L4_CGGAATTTCGTTCTCG,CD4+ T cells
E2L5_AATCGACCACCAGCCA,Plasmacytoid dendritic cells
E2L6_TACGGGCAGGTGAGCT,Platelets
E2L5_TCCATCGAGCAGCCCT,CD4+ T cells
L3_ATGGGAGGTCCAGCCA,Plasmacytoid dendritic cells
L5_TTCCGGTCAAACCATC,Memory CD8+ T cells
E2L7_ACAGGGAGTAATGATG,Plasmacytoid dendritic cells
L4_ACTGCAAGTCCCTGTT,Platelets
E2L6_TTACGTTCAAGTTTGC,Effector Memory CD8+ T cells
L5_AAAGTGACAGGTACGA,Plasmacytoid dendritic cells
L1_AGATCGTTCGTCGCTT,CD4+ T cells
E2L3_AGCTTCCCACAATGTC,Proliferating T cells
L1_AAGGTAAGTACTGCGC,Cytotoxic CD8+ T cells
L2_TTCGATTAGTTGAAGT,NK cells
E2L2_GCATCGGCATACTTTC,NK cells
L3_ACCAAACAGGTAGTAT,cDC1
L2_GCAACCGCACGCCACA,CD4+ T cells
E2L5_TTCCAATTCATAAGGA,B cells
L4_GGTAACTGTACTCGTA,Cytotoxic CD8+ T cells
E2L1_CAGAGCCTCTCCGCAT,cDC2
E2L1_TCCCAGTTCACCCTTG,Non-classical monocytes
E2L5_CGTTGGGGTCCGAAAG,CD4+ T cells
E2L5_ACTTCCGAGTGATCGG,B cells
E2L4_GGTAATCTCCACAAGT,Cytotoxic CD8+ T cells
E2L4_TGCTCCACAGGGAATC,Plasmacytoid dendritic cells
L4_GCTGAATTCTATCGTT,Erythrocytes
L4_ATTCAGGTCAGCTTGA,cDC2
E2L4_CCCTCTCTCTTCGCTG,Cytotoxic CD8+ T cells
E2L1_GGAGGATGTCCCGTGA,CD4+ T cells
L3_TCAGTCCCACGGCACT,HSPCs
E2L6_AGGACGACAACACAGG,Classical monocytes
L1_TCGAACATCTGAGGTT,Plasma cells
E2L1_ACAAAGAGTATCGCTA,Plasmacytoid dendritic cells
E2L8_TGTGTGAAGGGACTGT,NK cells
L1_ATGAAAGTCGACGACC,Cytotoxic CD8+ T cells
E2L3_TCCTCGAGTATGAGCG,Platelets
L4_TGAGGGAAGCACAAAT,CD4+ T cells
E2L4_ACCAAACCAGAGACTG,Proliferating T cells
E2L7_AAGACAATCCTGTTAT,Classical monocytes
E2L4_AAGAACATCTCGCTTG,Cytotoxic CD8+ T cells
E2L2_CGTAATGCAGACCAAG,Cytotoxic CD8+ T cells
E2L3_GTAGTACCAACGTATC,CD4+ T cells
L2_CATGAGTGTTTGCAGT,Memory CD8+ T cells
L4_GATGTTGGTAAGTTAG,Proliferating T cells
E2L6_CCGAACGAGAGCCGAT,cDC1
L5_ACAGCCGCAAGATGGC,CD4+ T cells
L2_GTATTGGCAGGAGGAG,Plasma cells
L2_TCTCTGGCAACAAAGT,CD4+ T cells
E2L8_GATGTTGTCCGAAGGA,Non-classical monocytes
L2_TCTACATTCCTGTTGC,Activated CD4+ T cells
L2_TCACACCGTGGTGATG,Proliferating T cells
E2L6_GCCCAGAAGCAGGTCA,Non-classical monocytes
E2L2_TTCCACGTCCGCTTAC,Cytotoxic CD8+ T cells
E2L3_ATTCCATGTAGCTCGC,NK cells
L5_AGATAGAGTCTACAAC,Proliferating T cells
E2L8_CGTTCTGAGACCAGAC,B cells
L3_GTCCCATTCATACGGT,CD4+ T cells
E2L5_TGTTTGTGTTTGCAGT,B cells
E2L5_ACGTAGTTCCGACGGT,Activated CD4+ T cells
E2L7_GATGACTTCGCTGTCT,Activated CD4+ T cells
L3_GGAGGTAAGCATGTTC,Effector Memory CD8+ T cells
E2L7_TGGGTTAGTGCATGAG,Classical monocytes
L5_AAGCATCAGCCTCTTC,HSPCs
L5_AAGTTCGCATGGGTTT,CD4+ T cells
E2L7_GTAATCGTCAGACCGC,Erythrocytes
L5_CCTCATGTCCATCCGT,Plasmacytoid dendritic cells
L1_CTACAGAGTGATTGGG,NK cells
L5_TTAGGGTCAGCCTTCT,CD4+ T cells
E2L2_GAGTGAGGTTGCCGAC,Proliferating T cells
L1_TCAGTGATCCGCAAAT,Erythrocytes
E2L8_GTAGAAACAGGTACGA,Plasmacytoid dendritic cells
L1_TCAAGTGGTCAACCTA,Platelets
L5_TAGACTGTCCCTTGTG,Non-classical monocytes
E2L2_CTCATTACAGATCATC,Effector Memory CD8+ T cells
L2_AGTCACAGTTCGTAAC,B cells
L4_TTTCACACAATATCCG,CD4+ T cells
L3_AAGGTAATCCACATAG,B cells
L2_GATAGCTTCATCCTAT,B cells
L3_ATCGTCCGTTCGGCGT,Platelets
L4_TGTGTGAGTTAAACCC,Cytotoxic CD8+ T cells
E2L1_TACCTGCTCAAGCCCG,Cytotoxic CD8+ T cells
L3_CATCCCAAGACATGCG,CD4+ T cells
E2L2_CGGGTGTGTACTGTTG,Proliferating T cells
L2_TCTTAGTAGGCCATAG,CD4+ T cells
E2L7_TCCTCTTAGTCGGCCT,Platelets
L1_TTTACTGGTTACCCAA,HSPCs
L2_GAAACCTTCGCATTAG,Effector Memory CD8+ T cells
E2L2_CTCATGCAGACGAGCT,Cytotoxic CD8+ T cells
E2L8_ACATTTCGTATACGGG,Effector Memory CD8+ T cells
E2L1_GGGTAGATCATTGGTG,NK cells
L3_GCGATCGGTTTACGTG,Classical monocytes
L5_GTCCTCAAGCGGCTCT,Effector Memory CD8+ T cells
E2L4_TCCTCCCGTGTTAAAG,Plasmacytoid dendritic cells
E2L1_TCTCACGTCACGGACC,Memory CD8+ T cells
E2L5_GGGTGTCCATGCTGCG,B cells
E2L2_GTGTAACTCCGCACTT,Effector Memory CD8+ T cells
L2_TATATCCCAGCCGGTT,CD4+ T cells
L3_AACACACTCCTCGATC,Effector Memory CD8+ T cells
L2_TCTCCGATCAGCGCGT,Plasma cells
L1_CGATGGCTCATGTCTT,Non-classical monocytes
L2_TGTGAGTCACAGTGAG,CD4+ T cells
E2L5_CAGCCAGAGTGGCAGT,B cells
E2L6_CCCTCTCTCTTCCCGA,Activated CD4+ T cells
L1_ATGGATCAGTCTCCTC,B cells
E2L4_TGTTGGAGTCCTACAA,Plasma cells
L5_CCACACTTCCCGAGAC,HSPCs
L4_TATTGCTAGTTACGTC,Non-classical monocytes
E2L1_AGAAGCGGTGGACCAA,Platelets
L4_TTTGTTGAGTAACGAT,Proliferating T cells
L5_GAGGCAAGTTCAAGGG,cDC2
E2L7_TACGTCCGTGTCGCTG,Plasma cells
E2L3_TTTCATGAGAATCGAT,B cells
E2L7_GCATCTCTCCTCTTTC,CD4+ T cells
L2_ATAGAGATCCTCGATC,CD4+ T cells
L3_CGAAGTTCAGACCTGC,CD4+ T cells
E2L5_TGACAGTGTCACAGAG,Effector Memory CD8+ T cells
L2_AACCTGACAGGAATAT,Non-classical monocytes
L4_GATCAGTAGAGCTTTC,Effector Memory CD8+ T cells
L2_CCACCATGTGGCGCTT,Non-classical monocytes
E2L6_TACAACGGTAGAGATT,Non-classical monocytes
E2L5_GCCGTGACACCTGTCT,B cells
E2L8_TGTCCCACAGGGCTTC,CD4+ T cells
L4_AACGGGAAGACGCCAA,Cytotoxic CD8+ T cells
L2_TACGGTAGTCACCCTT,NK cells
L4_CACATGACAAACAGGC,Erythrocytes
L2_AACCATGTCCTCTCGA,HSPCs
E2L5_TGTCCACGTGGGATTG,Cytotoxic CD8+ T cells
L2_TGCTTGCCATGTTCGA,CD4+ T cells
E2L4_TACCTCGCACGCAAAG,CD4+ T cells
E2L3_TGGATGTAGCAAATGT,Activated CD4+ T cells
E2L1_ATTCTACCATCTAACG,Plasmacytoid dendritic cells
E2L1_AAGTGAAGTGGATGAC,Cytotoxic CD8+ T cells
L2_TCAGTGATCAGCTTGA,CD4+ T cells
E2L3_TCAATCTCACTGTCCT,Effector Memory CD8+ T cells
L2_GACTCTCTCCCATTTA,CD4+ T cells
E2L1_GTAGGAGGTTCTCAGA,CD4+ T cells
E2L5_AATCGACTCCATCGTC,Proliferating T cells
L2_AGGATCTAGTGGACGT,Proliferating T cells
E2L6_GTTTGGAAGATGCTGG,Classical monocytes
L1_TCTTAGTCATCAACCA,CD4+ T cells
E2L8_TGAGCATGTGAAAGTT,Plasmacytoid dendritic cells
E2L5_CAGTTCCAGGTGTGAC,CD4+ T cells
E2L8_GTGCTTCTCCTCTCTT,CD4+ T cells
E2L6_TCCTGCATCCAAACCA,Cytotoxic CD8+ T cells
L4_TCATATCAGGTAGGCT,CD4+ T cells
L1_AGACACTGTGTTAGCT,Plasma cells
E2L1_AACCTGATCGTAGAGG,Platelets
E2L3_CTCCTTTCATCTCCCA,Classical monocytes
L3_AGAACAAAGTGGCAGT,Proliferating T cells
L1_CATCGGGGTCTCCCTA,CD4+ T cells
L5_CCAATTTCAAGAATGT,Effector Memory CD8+ T cells
E2L8_ACATCCCCATGTTACG,Plasmacytoid dendritic cells
E2L8_CTCAGTCAGTGCCCGT,Proliferating T cells
L4_TCCCACACATGCAGCC,HSPCs
E2L2_AGTAACCGTGGCTAGA,Cytotoxic CD8+ T cells
E2L7_CCTAAGACAATAACCC,Cytotoxic CD8+ T cells
E2L1_GATGACTCATGCGGTC,NK cells
L5_CGAGTTACATGCCGAC,CD4+ T cells
L1_GTACAACGTAACCAGG,Effector Memory CD8+ T cells
L1_TGGATGTGTAAGATTG,Activated CD4+ T cells
L1_CACAGATTCGATACTG,CD4+ T cells
L4_GGGTCACGTCCTCCTA,cDC2
L5_GAAACCTGTGGTCCCA,Effector Memory CD8+ T cells
L3_GTAACACTCGCAGATT,CD4+ T cells
E2L4_CATGCTCGTCCAGCCA,cDC2
L3_ATCACAGAGAAGTCAT,CD4+ T cells
L2_TGTGGCGGTGAAAGTT,HSPCs
L3_TCATATCTCTCTCGCA,CD4+ T cells
L5_CGAATTGAGCAGAAAG,Effector Memory CD8+ T cells
E2L6_ATTGTTCGTGTCCGGT,cDC1
E2L7_ACGGTCGTCGTTGCCT,NK cells
L1_GCCAGCACAGCAGTTT,cDC1
L4_TACCCGTTCTACGCGG,Erythrocytes
L5_TACATTCGTACCATAC,NK cells
L3_GCCTGTTGTCGAACAG,CD4+ T cells
E2L6_GTCATGACATAACTCG,B cells
E2L3_GCACGGTAGATGTTCC,CD4+ T cells
L5_TACTTGTTCTCTCTTC,Cytotoxic CD8+ T cells
E2L6_ATCTTCAAGTCTACCA,cDC2
E2L3_AGTCTCCAGAACTGAT,CD4+ T cells
L3_ACCTACCAGGTCACTT,CD4+ T cells
L1_TACGTCCGTGTCCAAT,CD4+ T cells
E2L3_AATTTCCCAATAGTGA,CD4+ T cells
E2L7_CTTACCGAGGTGATCG,Proliferating T cells
L5_GCTGCAGCATGCCATA,Plasma cells
L5_ACATTTCAGGTTAGTA,CD4+ T cells
L2_ACACCAAGTTTCACTT,CD4+ T cells
L1_TTTAGTCCAGCAGTTT,Activated CD4+ T cells
E2L3_ACGTAGTAGTAGTCAA,B cells
L3_ACCTACCGTCACTCAA,CD4+ T cells
L2_AACTTCTGTCGTCGGT,Effector Memory CD8+ T cells
E2L5_TCATGCCCAAATGAGT,Proliferating T cells
E2L2_ACCCAAAGTGCGACAA,cDC2
E2L2_TCGCTTGTCGACGAGA,Proliferating T cells
E2L4_GGCTGTGTCCCGATCT,Non-classical monocytes
E2L3_CGGACACAGCGAACTG,Cytotoxic CD8+ T cells
E2L5_TCTTGCGAGTCTTGGT,CD4+ T cells
L2_TGTCAGATCCATCTGC,Classical monocytes
L4_ATGCCTCCATGGCCCA,Non-classical monocytes
E2L8_CATGAGTGTCGAATGG,Activated CD4+ T cells
E2L2_GTGAGCCTCACGAACT,CD4+ T cells
L4_TGCATCCCAGACGCTC,HSPCs
E2L2_CTCGAGGAGACGCCCT,Activated CD4+ T cells
E2L7_TGCGATAAGTATTAGG,Effector Memory CD8+ T cells
L1_AAAGTGAGTATCGTAC,Classical monocytes
L2_CGGGTGTTCTCAGAAC,CD4+ T cells
L3_ATCAGGTCATCAACCA,Effector Memory CD8+ T cells
E2L2_CTTGATTTCCGATCGG,cDC2
L3_TTGCTGCCACTACGGC,B cells
E2L7_ACTTCGCAGCGGCTCT,B cells
L4_TGCAGTAGTGGACTGA,Activated CD4+ T cells
L3_CGGAACCTCCAAGAGG,Cytotoxic CD8+ T cells
E2L2_CAATCGAAGATCCCAT,B cells
E2L2_ATGAAAGTCTTAGGAC,Effector Memory CD8+ T cells
L4_AATGGCTTCTACCAGA,B cells
L4_CAGTGCGGTTATGGTC,Proliferating T cells
L5_CCGGGTATCGCTGACG,CD4+ T cells
L2_CCCAACTGTTCAGGTT,Classical monocytes
E2L8_CTCATTAGTGGGTATG,B cells
L2_CTGAATGTCAAGCCAT,B cells
E2L6_TCAATCTCACTGAATC,B cells
L2_TCATGCCAGACTTAAG,Effector Memory CD8+ T cells
E2L2_AAGCCATGTATCCCTC,cDC2
E2L4_TAACCAGCATCCTTGC,Cytotoxic CD8+ T cells
E2L2_CGTTGGGAGAACAAGG,Proliferating T cells
L1_GCGATCGCAAATGATG,CD4+ T cells
E2L5_CTGCTCACAGTGACCC,Cytotoxic CD8+ T cells
E2L1_CGATGGCCATGAATAG,Cytotoxic CD8+ T cells
E2L5_AGTGTTGGTGTTGCCG,Activated CD4+ T cells
E2L1_ATGCGATCAACCCGCA,CD4+ T cells
L1_GTTGCGGAGTATGTAG,CD4+ T cells
L1_GGGTGAAGTTCGTAAC,Effector Memory CD8+ T cells
L4_TTACCATCAGCAGTGA,Plasma cells
L2_GATGTTGAGCCAAGCA,Memory CD8+ T cells
L2_TCACATTCAATGGCAG,Effector Memory CD8+ T cells
L2_TCATGTTAGTATGGAT,Effector Memory CD8+ T cells
L2_TTCATGTAGGAAGAAC,Plasma cells
E2L8_GTCACTCTCACCCTCA,Erythrocytes
E2L3_AAAGGGCTCGACATAC,Platelets
E2L7_GTGGGAAGTGAATATG,CD4+ T cells
E2L3_AGCCAATTCCGTGGGT,CD4+ T cells
E2L8_CTTTCAAAGGCACGAT,Erythrocytes
L2_CATTGCCCAGATCACT,Classical monocytes
L4_GATCACATCCAATCCC,cDC1
E2L2_AATGCCATCCTGTTAT,Effector Memory CD8+ T cells
E2L6_AACGGGATCCAACTGA,cDC2
E2L6_CTGCATCGTGTCTTGA,NK cells
E2L2_GATGGAGCATTCACAG,CD4+ T cells
E2L3_CAGATACAGCCGGATA,Plasmacytoid dendritic cells
L3_TTACCGCAGCCAGTAG,CD4+ T cells
L5_CCTACGTCAGCTACAT,HSPCs
E2L5_TGCCGAGTCTGGGTCG,CD4+ T cells
E2L2_AGAGCAGCAGCATTGT,Effector Memory CD8+ T cells
L3_TGCAGTATCGGCCCAA,Proliferating T cells
L1_GTTAGTGCACACGGAA,Cytotoxic CD8+ T cells
E2L7_TGCGGCAAGAGGACTC,Effector Memory CD8+ T cells
L4_GAGGGTAAGCGCAATG,HSPCs
E2L6_CACATGAGTCGAATGG,NK cells
L1_GAGTTGTTCATTCGTT,CD4+ T cells
E2L4_GAGTGAGCAAACCATC,Cytotoxic CD8+ T cells
L4_ATCCCTGGTATCAGCT,Effector Memory CD8+ T cells
L5_TGATGCAAGTCGCGAA,cDC1
E2L2_TGGGCTGGTCGCTTAA,Non-classical monocytes
L2_GGGACCTGTCCCACGA,Plasmacytoid dendritic cells
L3_GGCTTTCAGTAAGAGG,CD4+ T cells
E2L1_GGAAGTGAGAGTGTTA,Platelets
E2L1_AGGTTACCAATTGAGA,B cells
E2L7_ACTCCCAGTTGGGCCT,Cytotoxic CD8+ T cells
E2L3_TGTAAGCCAATTCGTG,cDC2
L5_CACATGATCGCCGTGA,Cytotoxic CD8+ T cells
E2L8_GGTGTCGCAAGCACCC,Classical monocytes
E2L4_GGATCTAGTCGAGTGA,Effector Memory CD8+ T cells
L5_CATGGTACAAGGTCTT,Activated CD4+ T cells
L5_GGAACCCGTTCTCAGA,Plasmacytoid dendritic cells
E2L2_AAATGGACATTGTGCA,cDC2
E2L1_CTTGAGACAAAGGCGT,Activated CD4+ T cells
E2L2_GCACGGTGTTGACTGT,Cytotoxic CD8+ T cells
L4_CTATAGGTCCCGTTCA,Cytotoxic CD8+ T cells
E2L8_CTGATCCTCCTCAGGG,Cytotoxic CD8+ T cells
E2L2_TGCTGAAGTCGTTGGC,B cells
E2L3_CGTTCTGGTAGAGCTG,Effector Memory CD8+ T cells
E2L6_ACGTAGTTCGATCCCT,Plasma cells
E2L7_GTGCTTCCACCAGCTG,Platelets
E2L4_TCGTAGACAACACGAG,B cells
E2L4_TTCACCGCACTTGTCC,Plasma cells
E2L2_ACGTAGTGTATTCCGA,B cells
E2L1_TTGTGTTCACCGGCTA,B cells
L5_CCTCATGCATGACGAG,Cytotoxic CD8+ T cells
E2L4_TTTCAGTTCCTATTGT,Effector Memory CD8+ T cells
E2L5_TGTAACGCAACACAAA,Activated CD4+ T cells
E2L2_CGGGTCATCCAGCCTT,Classical monocytes
L1_GTTAGACTCTAGTTCT,CD4+ T cells
L1_GTACAACAGTTATGGA,HSPCs
L1_GAGTTTGTCGTAGAGG,Cytotoxic CD8+ T cells
L3_TCGCTTGCAACTCCAA,B cells
E2L4_TCGGATATCTTCCCGA,CD4+ T cells
E2L7_TTACAGGAGCTCGGCT,Cytotoxic CD8+ T cells
E2L6_GAGAAATCACGGCACT,Plasmacytoid dendritic cells
L1_GTTATGGTCTCACTCG,CD4+ T cells
L3_CAGATACCACAAGGTG,NK cells
E2L6_CCTACGTTCGAATCCA,Effector Memory CD8+ T cells
E2L5_GTTTACTTCTGTTCAT,Plasma cells
L4_CCACGAGAGAGAGTTT,Effector Memory CD8+ T cells
E2L6_TAAGCACAGTACGAGC,Plasmacytoid dendritic cells
L5_GTACAACAGACAGCTG,Memory CD8+ T cells
L4_ATGTCCCCATACAGGG,Cytotoxic CD8+ T cells
E2L4_ATTACCTAGATACAGT,Proliferating T cells
L1_GGGCTCAGTTCTTAGG,HSPCs
L1_CACTAAGCACGAAAGC,Effector Memory CD8+ T cells
E2L6_AGTTAGCTCTAAGCGT,Plasmacytoid dendritic cells
L4_CTCCCTCGTCCGAAGA,Plasmacytoid dendritic cells
L5_ACCCTCAGTGGATCAG,Non-classical monocytes
L2_GCCAGCATCGAGCCAC,NK cells
E2L8_TATCAGGCAAGTTGGG,HSPCs
L1_CCGGGTAGTTTACTGG,Plasma cells
E2L8_GGGACAATCTTGGTCC,Cytotoxic CD8+ T cells
L1_CTCCATGCATCGGCCA,Memory CD8+ T cells
L5_TTACCATAGATAACAC,Cytotoxic CD8+ T cells
E2L7_ATTCCTACAGGTCCCA,CD4+ T cells
E2L2_CTTACCGTCTCCTGCA,Cytotoxic CD8+ T cells
L4_CCATCACAGACGCCCT,Cytotoxic CD8+ T cells
L1_AGGGTCCAGACTACCT,Plasmacytoid dendritic cells
E2L3_TTCACGCCAGCAGTTT,Memory CD8+ T cells
L2_GAATCGTTCCACGTGG,B cells
L3_GTCGTAATCCGTGACG,Classical monocytes
L2_GAGATGGTCGAATGCT,HSPCs
E2L8_TTTGATCCAATGTGGG,Platelets
E2L7_AACCATGAGCGGGTTA,cDC2
E2L6_GGGAGATGTGCATTTG,CD4+ T cells
E2L4_CATGAGTCACGACGCT,Proliferating T cells
E2L6_TCAGTCCGTGTTACTG,cDC2
L1_GTATTTCCATGGCTGC,HSPCs
E2L1_CTTCTAACAGGCTCTG,HSPCs
E2L4_TACCCACCACCGCTGA,CD4+ T cells
L5_TACATTCTCTTTGATC,Effector Memory CD8+ T cells
E2L6_GCCGTGAGTAGACAGC,Effector Memory CD8+ T cells
E2L7_GTGCAGCTCCGTGGGT,Activated CD4+ T cells
L5_CGCCAGACAAACCACT,Effector Memory CD8+ T cells
L1_AGGCTGCTCTAGCCTC,Plasmacytoid dendritic cells
E2L2_CCACGTTGTGGGACAT,B cells
L4_GTAAGTCGTCGCATGC,cDC1
E2L1_AATAGAGTCCGGACGT,NK cells
L2_TTGTGGATCTGCCTCA,Effector Memory CD8+ T cells
E2L4_AGGTCTAAGCCTCAGC,NK cells
L2_GTGCAGCAGGTTGGTG,Proliferating T cells
L1_ATTGTTCAGCCACAAG,CD4+ T cells
L3_GATCACACAGTTCCAA,Platelets
E2L6_CACTAAGTCGTTCTAT,Non-classical monocytes
L4_GGAATGGCAGAAGCGT,CD4+ T cells
L2_CATGCTCAGTATGATG,CD4+ T cells
L5_GTAGGTTCATCCTAAG,CD4+ T cells
E2L4_ACGATCACAATAGAGT,Platelets
E2L2_AATCACGCATCCGATA,NK cells
E2L2_TCAGTGATCTAAGCCA,Activated CD4+ T cells
E2L2_CAAAGAAGTACCGGAA,Cytotoxic CD8+ T cells
E2L6_CCGGACAAGAGTTGTA,Plasmacytoid dendritic cells
E2L5_TTCGCTGGTCAGGAGT,B cells
E2L7_TTTACTGCAGCGTTGC,cDC2
L4_TACCTCGCACACACGC,Effector Memory CD8+ T cells
L5_CGACAGCTCTCGTGAA,CD4+ T cells
L5_CCCTGATGTCCCGGTA,Plasma cells
E2L3_TAGACCATCTTTGATC,Activated CD4+ T cells
L1_AGGCTGCTCTGCGGAC,CD4+ T cells
E2L3_TAACGACAGCCTTTGA,HSPCs
E2L6_GTTCTATAGGAGGCAG,CD4+ T cells
E2L3_ATATCCTTCTGCTTAT,Memory CD8+ T cells
E2L1_AGTCAACAGCATGCAG,cDC2
L1_GTCTCACCATTGTCGA,CD4+ T cells
L4_CGAGGAAGTTCAGCGC,CD4+ T cells
L4_GTGCAGCCAAATAAGC,Effector Memory CD8+ T cells
L3_ACGGTCGGTGCCGTTG,B cells
E2L3_TCATATCTCTGCGATA,Effector Memory CD8+ T cells
E2L2_TGCAGATTCACGGTCG,Cytotoxic CD8+ T cells
E2L7_CCACACTCACGCGTGT,Cytotoxic CD8+ T cells
E2L7_GTGCAGCCAAGATGTA,Non-classical monocytes
L5_TTACAGGGTTCTTGCC,Non-classical monocytes
E2L2_CCCTCAAAGTGGCAGT,Cytotoxic CD8+ T cells
E2L7_GAAGTAAGTATCAGCT,Platelets
L3_GGTCACGCACCGTCTT,CD4+ T cells
L2_TCCTAATTCCAGTGCG,CD4+ T cells
L2_TTCCTCTTCGGCTATA,CD4+ T cells
L1_TGATCTTTCGCTGACG,CD4+ T cells
E2L2_TTTACCAGTCAAGTTC,Proliferating T cells
E2L5_GATGGAGTCCGCGGAT,Platelets
E2L2_GCAACATGTATACCTG,cDC2
L2_CTTTCGGAGAGAGCCT,B cells
E2L8_TCCGGGAGTGTTGATC,Effector Memory CD8+ T cells
E2L7_TCATGAGGTCTCAAGT,Erythrocytes
L1_GTGAGCCAGATTCGCT,cDC2
E2L5_ATAGACCTCAATCCGA,Activated CD4+ T cells
E2L3_AGTCTCCAGTTGAAAC,B cells
L3_AGGGTTTGTGTGACCC,Platelets
E2L5_GAAATGATCGCGTGCA,CD4+ T cells
L4_TCTACCGAGCGTTGTT,CD4+ T cells
E2L5_AGGAGGTAGTGTTCAC,Proliferating T cells
E2L8_ACGTAGTTCATGAAAG,NK cells
L3_TCACACCCAAGTGGGT,CD4+ T cells
E2L3_TACTTGTTCGAAGCCC,Non-classical monocytes
E2L5_CAAGAGGCATACTTTC,Cytotoxic CD8+ T cells
L5_GTAGAGGTCTTTACAC,Effector Memory CD8+ T cells
E2L6_TGAGGAGTCGTACCTC,Plasmacytoid dendritic cells
L1_TAATCTCAGCGTGTTT,Cytotoxic CD8+ T cells
E2L1_ACCACAAAGAGCATAT,Effector Memory CD8+ T cells
E2L7_AACAAAGGTTCAGTAC,Classical monocytes
L5_CGTTAGATCGGACAAG,Effector Memory CD8+ T cells
L3_ACACCAAGTAACGCGA,B cells
E2L6_TACAGGTTCTGCCTGT,Proliferating T cells
E2L2_GTCATCCTCCTCGATC,Cytotoxic CD8+ T cells
L1_GCAACCGGTAGTGTGG,B cells
L5_CATCAAGCATTCATCT,cDC2
E2L7_TAACCAGGTGGCTACC,Cytotoxic CD8+ T cells
E2L1_AGGGTTTGTGCGGTAA,HSPCs
L5_TCAAGCATCCGAAATC,CD4+ T cells
E2L1_GCGATCGAGTATGACA,Plasmacytoid dendritic cells
E2L3_AGACAAAAGATGACCG,Proliferating T cells
L3_GGCTTTCTCCTAAACG,CD4+ T cells
E2L8_ATCCTATAGAGGGTGG,B cells
L2_TAGTGCACAATCTGCA,Effector Memory CD8+ T cells
E2L8_GTTGCTCTCGGTGTTA,Cytotoxic CD8+ T cells
L2_TTACAGGCAGACGGAT,Plasmacytoid dendritic cells
E2L7_CCGGTAGGTGTAGCAG,CD4+ T cells
E2L4_ACAGGGATCGGTGTAT,CD4+ T cells
L2_CCGATCTGTCGTGGTC,CD4+ T cells
E2L8_TCTTGCGTCAGCTTGA,B cells
E2L2_ACGTTCCAGCTGGCTC,NK cells
E2L2_TTGAACGGTGTTTGCA,Cytotoxic CD8+ T cells
E2L8_AAGACTCAGCGATCGA,Cytotoxic CD8+ T cells
E2L5_GCATTAGGTACAGTTC,Plasma cells
E2L4_GCCAGGTTCTGTCGTC,Proliferating T cells
L4_GCATCGGCATGGCTGC,Effector Memory CD8+ T cells
L4_ACCATTTAGCATCCCG,Effector Memory CD8+ T cells
L3_TGCGACGGTGGTCCCA,cDC2
L2_TTAGTCTTCTGGCCAG,CD4+ T cells
E2L8_TCATGTTGTGTTCAGT,NK cells
L4_GCGGATCCAACGGGTA,Plasma cells
E2L1_TCAAGACGTATCGGTT,CD4+ T cells
L5_GAAGTAATCTTCGTGC,Effector Memory CD8+ T cells
E2L2_TTTGATCAGCCATTCA,Cytotoxic CD8+ T cells
L3_TGGGAGAGTCCGCAGT,Non-classical monocytes
L5_CGGAGAATCAGCTCTC,cDC1
E2L6_TTCGCTGGTACGGTTT,NK cells
L1_GCTGAATCATGGAGAC,CD4+ T cells
E2L8_ATCTCTAAGGCCATAG,B cells
L4_TACTTCAGTAAGATTG,B cells
E2L5_CTCCTTTTCACTTGGA,B cells
E2L3_CGGGCATGTCCAAGAG,Cytotoxic CD8+ T cells
E2L7_GTGATGTGTATGGGAC,Classical monocytes
L3_TGTAGACTCACTGAAC,B cells
L2_TGAGCATCAATGACCT,CD4+ T cells
L5_TGATCAGAGATGGTCG,NK cells
E2L6_TCCCACATCAAGGTGG,cDC1
L5_CGTAGTATCGACCACG,CD4+ T cells
E2L4_ACTATCTTCGACACTA,B cells
E2L5_TACACCCTCTGTCCCA,CD4+ T cells
L3_TACTTCACAAGACGAC,Activated CD4+ T cells
L4_CTCTCAGAGACGCTCC,Classical monocytes
L4_GGAAGTGAGGTGATCG,Effector Memory CD8+ T cells
L2_TTCCGTGCAATAGTAG,Plasma cells
L4_TGCGGGTAGCGTCAGA,B cells
E2L5_TCATGTTCAATCTCTT,Memory CD8+ T cells
L1_TCGAAGTCAACCTAAC,cDC1
L3_AAACCCATCTGTCAGA,Cytotoxic CD8+ T cells
L5_GTAGGAGAGCTGGCTC,CD4+ T cells
L4_AAAGAACTCCAACCGG,Cytotoxic CD8+ T cells
L2_AGAAATGGTGCCTTCT,B cells
L2_CTCCAACCAGCATCTA,HSPCs
E2L5_GGTGGCTGTGACTGAG,B cells
E2L7_GTAGAGGCAGGTCAGA,Plasmacytoid dendritic cells
E2L5_TGGAACTGTGCAGATG,Cytotoxic CD8+ T cells
L5_GGTTCTCCAGATAAAC,CD4+ T cells
E2L5_GTCGAATTCCATCGTC,Cytotoxic CD8+ T cells
L2_GAGTCTACATATCGGT,cDC2
E2L5_CGCCATTCATGCCATA,Cytotoxic CD8+ T cells
L1_AACCTTTAGAGAGCCT,CD4+ T cells
L3_TTGCATTAGGAGTATT,Effector Memory CD8+ T cells
E2L7_GTAGGTTTCCCAAGTA,Activated CD4+ T cells
E2L6_CGCATAAAGTCGTTAC,Classical monocytes
E2L5_GCCAGGTCACGGATCC,Cytotoxic CD8+ T cells
L2_CTTGATTAGCCACCGT,CD4+ T cells
E2L3_TCCTTTCTCTGGTTGA,Effector Memory CD8+ T cells
E2L6_ATCACTTTCCCAAGTA,Classical monocytes
L5_ACACCAACACCCAATA,Effector Memory CD8+ T cells
E2L1_AGCGTATCATCCGGTG,CD4+ T cells
E2L2_AGCCAGCAGGGCTAAC,Plasmacytoid dendritic cells
L3_CGCCATTTCCGTATAG,CD4+ T cells
E2L4_CCATAAGAGGATGTTA,Cytotoxic CD8+ T cells
E2L7_CTGGTCTAGCATTTGC,Activated CD4+ T cells
E2L6_GCGGATCTCCAATCTT,B cells
E2L4_TCTCTGGTCTAGTTCT,Platelets
E2L1_GATCATGGTAGAATAC,Classical monocytes
E2L1_TCTATCATCTTCTAAC,Effector Memory CD8+ T cells
L1_CTATCCGTCTCGCTTG,Proliferating T cells
L5_TCCTTCTCAGCGTTTA,HSPCs
E2L7_TACCGAAGTTGGGAAC,Effector Memory CD8+ T cells
E2L7_TGGTTAGTCTGGTGCG,Plasmacytoid dendritic cells
L4_AAAGTGATCGTTCTCG,Platelets
E2L5_GAGTCTACAGGTAGTG,Plasmacytoid dendritic cells
E2L6_TTTATGCCACCAGACC,Cytotoxic CD8+ T cells
L1_GTTAGACTCCTAACAG,CD4+ T cells
E2L7_CTTCCGATCCTTGAAG,B cells
L1_ACTCTCGAGTCCTGCG,CD4+ T cells
L2_TCACGGGGTTCCTTGC,B cells
L1_TGTCAGAGTCTCGGAC,CD4+ T cells
E2L4_AACCCAACAATAGAGT,Plasma cells
L4_GCTACCTGTGCTATTG,B cells
L4_CGAGTGCAGCAGGTCA,Effector Memory CD8+ T cells
L2_GTCAGCGGTTTGAAAG,Classical monocytes
L4_CGAATTGGTTACGCCG,NK cells
E2L7_CATCGGGAGCGTGTTT,CD4+ T cells
E2L8_TCATTCACATGTACGT,Cytotoxic CD8+ T cells
E2L7_TCCTCGAAGTGCCGAA,B cells
E2L3_ATCGTCCCACATAGCT,Classical monocytes
L3_CGTTAGAAGGCCTTCG,Effector Memory CD8+ T cells
L2_GGGTCTGGTACACTCA,CD4+ T cells
L5_CTAACTTTCCCGAACG,Platelets
E2L7_GTGCACGGTCGTGTTA,CD4+ T cells
E2L2_CCATCACCACGAAAGC,B cells
E2L4_TGCTCGTCACAACGCC,CD4+ T cells
E2L2_CGGAACCAGGTTCATC,Platelets
E2L8_TTGTTCATCCCGTTCA,Plasmacytoid dendritic cells
E2L8_GCCATTCTCCGTAGGC,B cells
E2L3_TTGGGCGGTCTGTGTA,cDC2
L2_TTGAACGAGCACTTTG,Cytotoxic CD8+ T cells
E2L2_TGGAGAGCACTCCACT,Non-classical monocytes
L1_GATGTTGTCCTTACCG,Non-classical monocytes
L2_CTAACCCCAACCCGCA,CD4+ T cells
L2_GAAATGAAGCCAGTAG,Plasma cells
E2L1_AACCACAGTAACGGTG,Effector Memory CD8+ T cells
L5_GAGCCTGTCAAGCTTG,Cytotoxic CD8+ T cells
E2L4_CATAGACTCGGTAGAG,B cells
E2L1_GTCTCACAGCTGTGCC,cDC1
E2L1_GGGCCATGTGCCTATA,CD4+ T cells
E2L5_CATCGGGGTCCGTACG,B cells
E2L5_CCCATTGAGTGCAGGT,Plasma cells
L2_TTGTTGTGTCGGTGAA,Classical monocytes
L5_ACTATTCCAGGCCCTA,CD4+ T cells
L3_TTCAATCTCGGTGTTA,HSPCs
E2L4_CTCTCAGGTAACGATA,Proliferating T cells
E2L1_TCTTCCTGTACCGGCT,B cells
L5_GGATGTTCAAGAGGCT,CD4+ T cells
L4_AACAACCTCAACCCGG,Erythrocytes
E2L4_CCGAACGTCATAGGCT,Activated CD4+ T cells
L2_CTGATCCTCTCAAAGC,Effector Memory CD8+ T cells
L4_TCATCCGCATTGAAGA,cDC2
E2L4_TGGGCGTAGGTCCCTG,Cytotoxic CD8+ T cells
L4_CATTCCGAGGGTCACA,B cells
E2L5_CTCTCAGGTAGCTGCC,CD4+ T cells
E2L8_TATCTTGAGATGACCG,Non-classical monocytes
L5_TCAATTCGTAGGAAAG,CD4+ T cells
L5_AGGATAATCACTCCGT,CD4+ T cells
E2L8_ACGGGTCTCGTAATGC,Classical monocytes
L1_GAGGGATGTTGAATCC,HSPCs
E2L5_AGTGACTGTCCTACAA,Platelets
E2L4_CGAGGCTCAGCCGGTT,Effector Memory CD8+ T cells
L3_TCTACATGTCTGTGGC,Effector Memory CD8+ T cells
L5_CATTCTAAGTGGTTAA,HSPCs
E2L1_TTCCTAAAGTACTGGG,Cytotoxic CD8+ T cells
E2L2_GGAGGATGTTCGGGTC,NK cells
E2L7_GCGTGCACAGTTTCAG,Activated CD4+ T cells
E2L6_CCAATGAAGGCTGGAT,Non-classical monocytes
E2L8_TCCGATCCACCATATG,Cytotoxic CD8+ T cells
L1_TCGCACTTCCCGTGAG,CD4+ T cells
E2L1_TCCTTTCCACCCTAGG,Non-classical monocytes
L1_TTCTAGTAGAGGTCAC,CD4+ T cells
L3_AAACGAAGTCCTTGTC,cDC2
L2_CTCAGTCGTCGTAATC,Proliferating T cells
E2L3_TGATGCAGTGATACCT,Cytotoxic CD8+ T cells
E2L5_AAGTTCGAGCACTCGC,Effector Memory CD8+ T cells
L2_GAGTTACTCTTCGGAA,NK cells
L5_GGTTCTCGTTCCAGGC,HSPCs
E2L4_CGTAGTACACTATCGA,Effector Memory CD8+ T cells
E2L5_ATGATCGAGAATCGTA,cDC1
E2L6_GGTCTGGTCTCGGTAA,Cytotoxic CD8+ T cells
L2_CAAGGGAAGGCCATAG,Cytotoxic CD8+ T cells
L3_ACAACCAGTCTGTCAA,Cytotoxic CD8+ T cells
E2L1_TCACATTCATCTTAGG,CD4+ T cells
E2L3_TTGGGTATCCCGTGTT,Cytotoxic CD8+ T cells
E2L5_ATGTCCCCAACCGATT,CD4+ T cells
E2L4_CTCCTTTTCTCTGCTG,Classical monocytes
L3_AGCGATTCAGCCTATA,Classical monocytes
E2L3_ACCTGAAGTGAACGGT,CD4+ T cells
E2L1_TGAGTCATCAGGAAAT,Cytotoxic CD8+ T cells
E2L2_TTTGACTTCCGCACTT,CD4+ T cells
L2_GTGAGGAGTACAAGTA,Effector Memory CD8+ T cells
L1_GAATAGACACAAGCAG,HSPCs
E2L8_CACGGGTCAGTATACC,CD4+ T cells
E2L3_TGGTTAGTCTTCGTAT,Effector Memory CD8+ T cells
E2L5_CTTGATTAGAGATGCC,Platelets
E2L2_TCGTGGGAGAATCCCT,CD4+ T cells
L4_GTTTGGAAGTTGGCTT,Cytotoxic CD8+ T cells
E2L6_ATCGGCGAGAAGTCCG,Plasmacytoid dendritic cells
E2L3_GTTACAGGTTAGGAGC,cDC2
L1_CGAGAAGTCCAATGCA,CD4+ T cells
L1_ATCGGATAGACCAACG,CD4+ T cells
E2L3_GCTTTCGTCGACGATT,cDC2
E2L5_CGCGTGACACACGGAA,B cells
E2L6_GGGCGTTTCACCTTGC,Activated CD4+ T cells
E2L7_TGGTGATGTTTGAAAG,HSPCs
E2L3_CCCTCAAGTAGCTGAG,B cells
E2L5_GACCGTGGTCGTCTCT,B cells
L2_TCGAAGTTCAAAGCCT,CD4+ T cells
E2L5_CCGCAAGTCGTTCCTG,CD4+ T cells
L4_AACCATGCATAACTCG,Memory CD8+ T cells
E2L4_GTGTTCCCAATACGAA,CD4+ T cells
L3_CTCATTAGTCATGGCC,Effector Memory CD8+ T cells
L5_TCGACCTTCGCGTCGA,cDC2
E2L4_AAAGTGATCTTTACAC,NK cells
L1_ATTGTTCCAACAAAGT,CD4+ T cells
E2L4_GTGGAAGCACAGTGAG,Platelets
E2L3_GTGCACGCATCTTAGG,NK cells
L1_GGTGATTGTCTTTATC,CD4+ T cells
E2L2_CTTTCGGGTAGATTAG,Classical monocytes
E2L5_TCGCTCACAATGGGTG,Cytotoxic CD8+ T cells
E2L2_TACCGAAGTTGACGGA,cDC2
E2L2_AGGGCTCTCCACTGGG,Plasmacytoid dendritic cells
E2L7_GTGTGATGTAATGATG,Cytotoxic CD8+ T cells
L3_TCGGGACGTCAAGTTC,Proliferating T cells
E2L7_TGAATGCTCAGTGTTG,B cells
L1_GTGCTTCAGTCATACC,NK cells
E2L5_CGGGTCACACATACTG,B cells
E2L6_GGATCTATCATCGCAA,Platelets
E2L5_GGAATCTCACTACCCT,Cytotoxic CD8+ T cells
E2L5_TTGGTTTGTGTTCCAA,Platelets
E2L5_TAACACGTCTGTCGTC,CD4+ T cells
E2L3_AAAGTGACACCAGCCA,Proliferating T cells
L3_AAAGTGAGTGAGATTA,B cells
E2L8_GCACATAAGCTAGAGC,NK cells
E2L4_AGGACTTCACGAGGAT,cDC2
E2L8_CAATCGAAGTTGGAAT,Classical monocytes
L1_TTCAATCTCTCTCCGA,NK cells
E2L2_CGGTCAGAGACATAAC,Cytotoxic CD8+ T cells
E2L1_GATGATCAGATACCAA,B cells
E2L8_CGTCAAAGTTCGGTCG,B cells
E2L6_TTGTTCACAGGCCCTA,Plasma cells
E2L3_ATCATTCTCGCGTAGC,B cells
E2L3_TAGACTGTCGTAGAGG,Platelets
L3_TTTGATCTCCAACACA,Plasmacytoid dendritic cells
L2_CATCCCATCGCAGATT,Effector Memory CD8+ T cells
L2_TCCTCGAAGTTACGTC,Cytotoxic CD8+ T cells
E2L6_CACAACACAATTCTCT,B cells
L2_CCCTGATTCCTTTGAT,Cytotoxic CD8+ T cells
L5_AACGAAATCCACTGGG,CD4+ T cells
L4_ACCACAAGTTCGAACT,Plasmacytoid dendritic cells
L2_AGTACCATCTGTTCAT,B cells
E2L6_ATTATCCCACTCTGCT,B cells
E2L7_CATCCGTCATACGCAT,NK cells
E2L8_CCTTTGGTCCTTTAGT,NK cells
E2L6_CATAGACTCGGTCTGG,Proliferating T cells
L4_TTGCCTGCATACTGTG,B cells
E2L8_TCCATGCGTATAGGGC,Cytotoxic CD8+ T cells
L2_GACATCAGTCACCGCA,CD4+ T cells
L3_TTTACGTGTCTGATAC,Plasma cells
L4_AAGATAGTCGCGATCG,Erythrocytes
E2L7_AATTCCTCATGCCGCA,CD4+ T cells
L2_GATTCTTGTCCTTAAG,Plasma cells
E2L8_TCATCCGCAGTCAGTT,CD4+ T cells
E2L5_AGTTAGCTCGCTAGCG,Proliferating T cells
E2L2_AGACACTGTTAAGACA,Proliferating T cells
L1_GTGAGCCAGGTCTTTG,CD4+ T cells
E2L1_TATTGCTAGCCATTCA,Effector Memory CD8+ T cells
E2L2_GATAGAACATCAGTCA,CD4+ T cells
E2L8_ACGGTCGAGGGTTTCT,Activated CD4+ T cells
E2L3_GTCGTTCTCGTCCATC,cDC2
L3_AGGAGGTCAGAGGGTT,Plasma cells
L1_AGACAGGGTGCATTAC,CD4+ T cells
L1_TCACGCTGTACCAGAG,Erythrocytes
E2L3_CATCCACGTAGTGGCA,Plasmacytoid dendritic cells
E2L2_GAGGGTAGTTTGAAAG,Proliferating T cells
E2L6_TAGACTGGTCGAAGCA,Cytotoxic CD8+ T cells
E2L8_CTTCTCTAGTATAGGT,Erythrocytes
L5_ACCGTTCAGCATGTTC,cDC1
L4_AAGACTCAGGTGCCAA,CD4+ T cells
E2L6_TTCCGGTCAACTCCCT,NK cells
L1_GCCATTCTCATCGGGC,CD4+ T cells
E2L8_TGTCCTGTCAGACCGC,Cytotoxic CD8+ T cells
E2L8_CAACCTCGTAACCAGG,Activated CD4+ T cells
L5_CCGTGAGAGATGCTAA,Plasma cells
L1_TGTGCGGTCATTACGG,Proliferating T cells
E2L5_CGTAAGTGTCACAGAG,Plasmacytoid dendritic cells
E2L8_CTCCCAACAGTGGGTA,Memory CD8+ T cells
L5_CGGACACGTGAGTCAG,Non-classical monocytes
E2L6_TCGGATAGTCGCATTA,Memory CD8+ T cells
L3_GGAGGATGTGCGGATA,B cells
E2L7_GGAATCTAGGATTCCT,Proliferating T cells
L1_AGCGCTGTCAGCTGAT,Plasma cells
E2L1_GTATTTCTCTTACTGT,Effector Memory CD8+ T cells
E2L4_GGCTTTCGTCGCTTAA,Non-classical monocytes
L1_TAAGCACCAGAGGCTA,Proliferating T cells
E2L8_AAGACTCGTTCTTGCC,Cytotoxic CD8+ T cells
L5_CGGGACTGTAACCCTA,Proliferating T cells
L2_GTCAAGTCACAATTCG,HSPCs
L1_GAAGTAAGTGCCCTTT,CD4+ T cells
L4_CATGGTAGTCTACTGA,Proliferating T cells
L5_TAGGAGGCAGAGTCAG,Non-classical monocytes
L5_CAAAGAAAGAAAGCGA,B cells
E2L6_CAGGCCAAGCCTCATA,Classical monocytes
E2L6_GCACATATCCATTGCC,CD4+ T cells
E2L8_GACAGCCCATGTTCAG,CD4+ T cells
E2L2_TGTTTGTGTTTACCAG,CD4+ T cells
E2L4_GCACGTGCACTCATAG,Erythrocytes
E2L1_TCTGCCAAGCAAGTCG,cDC1
E2L5_TGGGCTGCAACAGAGC,CD4+ T cells
L2_GGGTCACCATTATGCG,CD4+ T cells
L1_GATTGGTGTTTACTGG,Cytotoxic CD8+ T cells
L5_CTGTAGAGTATTCCTT,Effector Memory CD8+ T cells
L5_GGGTTATCACATGTTG,CD4+ T cells
E2L8_TTGAACGAGGATCACG,NK cells
L4_GACCCTTGTAGTGTGG,Non-classical monocytes
L1_CATACCCGTTCCGCTT,CD4+ T cells
E2L4_ATCCACCGTAGCGCCT,Effector Memory CD8+ T cells
L3_TGGAGGAGTGTTGATC,CD4+ T cells
L2_CATGCAACACCCAAGC,B cells
E2L1_AGACACTGTGTCGCTG,Classical monocytes
E2L6_GTAGAAACAAGACAAT,CD4+ T cells
E2L7_TGATCTTAGACTGTTC,CD4+ T cells
L3_CTGGACGGTGATTAGA,CD4+ T cells
E2L3_GCCATGGTCGTTCTCG,Cytotoxic CD8+ T cells
L4_TTCGGTCCAAATTGCC,CD4+ T cells
L1_CATACTTGTCATATGC,CD4+ T cells
L2_AATCGACTCAATGCAC,Non-classical monocytes
L3_ACTCTCGAGACGACTG,Effector Memory CD8+ T cells
E2L6_GGGTGTCAGATTCGCT,NK cells
E2L3_TTGACCCCACCATTCC,Plasmacytoid dendritic cells
E2L4_GTGATGTAGATGCTGG,NK cells
E2L7_AGATGCTTCCAAAGGG,Plasmacytoid dendritic cells
L3_TTTGATCAGTCGTCTA,CD4+ T cells
E2L2_AGTTAGCTCTTCCGTG,CD4+ T cells
L2_ATCACAGAGATGCTGG,Erythrocytes
L4_CTCGAGGCAAATTGGA,CD4+ T cells
E2L3_TTGCGTCTCTCATTTG,CD4+ T cells
E2L3_AGACTCAAGTGAGTTA,B cells
L2_ACACCAAGTGTAGTGG,CD4+ T cells
L3_TCGAACACACCAAAGG,HSPCs
E2L8_TTCCAATTCACCATGA,Plasma cells
L5_GTGGCGTAGACCAGCA,CD4+ T cells
E2L2_AAGTTCGTCGGCAGTC,Plasma cells
L3_TACGTCCCACGAGGTA,Cytotoxic CD8+ T cells
L4_TGTTCCGCAAATCAGA,CD4+ T cells
L1_GATCACAGTACAGTAA,CD4+ T cells
L2_GTCACTCTCACGAGGA,B cells
L5_ACGATGTAGGAACGAA,Effector Memory CD8+ T cells
E2L5_ACTTCCGTCACATTGG,B cells
L1_AGTGTTGAGAAGTGTT,Effector Memory CD8+ T cells
L1_GCTGCAGTCCGTTTCG,cDC2
E2L3_CGCATAACACTACCCT,Non-classical monocytes
L1_CCCTCTCGTCATCTAG,CD4+ T cells
E2L3_GACCTTCAGAGGGTAA,CD4+ T cells
E2L4_AGGATAATCTAAACGC,B cells
E2L7_CATGGTATCGAGTGAG,Classical monocytes
L4_GGAGGATGTACCGGCT,HSPCs
E2L1_AGTGCCGAGACCCGCT,Activated CD4+ T cells
E2L5_TCTCTGGTCCGGACTG,Cytotoxic CD8+ T cells
L5_GAGTCATAGATCGGTG,CD4+ T cells
L4_GGAGGATTCGGATACT,Effector Memory CD8+ T cells
E2L7_GGAAGTGAGCATACTC,CD4+ T cells
L1_TCACAAGTCAACTGAC,CD4+ T cells
L2_TAGATCGTCCCGAGGT,CD4+ T cells
E2L5_CGTGTCTTCAGAACCT,Proliferating T cells
E2L5_AGCGTATTCACTACTT,Cytotoxic CD8+ T cells
E2L3_AAGATAGTCTGGTGCG,CD4+ T cells
E2L3_ACGGAAGCATCGGTTA,Plasmacytoid dendritic cells
L2_GTGGCGTCACTGCTTC,Non-classical monocytes
L5_ACTATCTTCCGATGTA,Effector Memory CD8+ T cells
L2_GCAACATTCTAGGCCG,Cytotoxic CD8+ T cells
L5_TCACTATTCGAGTGAG,HSPCs
E2L2_TGGATGTCAGTCTCTC,CD4+ T cells
E2L8_AGACAAAGTCTGTGTA,Classical monocytes
E2L8_CTCAGAAAGAAGCTCG,Platelets
L2_AAAGAACAGATGGGCT,HSPCs
L2_CAATTTCGTAGGAGGG,B cells
L4_TTCAATCAGGCTTCCG,Plasma cells
E2L6_GACCCTTTCGAGCCAC,CD4+ T cells
E2L5_TAGGGTTCATGATGCT,Cytotoxic CD8+ T cells
E2L1_CACACAAAGCGTACAG,Non-classical monocytes
L5_CCGGACAAGCTGGTGA,CD4+ T cells
E2L5_CTGCATCGTCCACTCT,Proliferating T cells
L2_CTGTACCCAGGTCAAG,CD4+ T cells
L2_CCTTGTGGTGGTGATG,CD4+ T cells
E2L4_GATCAGTCACCCAACG,CD4+ T cells
L3_GAGTCTAAGTCACAGG,Non-classical monocytes
E2L4_GGAGGATAGGAGAGTA,CD4+ T cells
L2_TAACTTCCACAGGATG,Effector Memory CD8+ T cells
L2_CGTGATATCCTTACCG,Cytotoxic CD8+ T cells
L1_GTCCTCACACTTTATC,Cytotoxic CD8+ T cells
L4_TTTACGTCACGGTGTC,HSPCs
L3_ACGGTTACACCTCGTT,Classical monocytes
E2L1_GGTGTCGGTCACTCTC,Effector Memory CD8+ T cells
L3_ACATTTCAGCATCAAA,Plasma cells
E2L4_TACACCCAGAGTCCGA,CD4+ T cells
E2L7_ATCCATTCACATGAAA,Plasmacytoid dendritic cells
E2L3_GTCGTTCCAGCTCTGG,B cells
L5_GAACACTCATTCACAG,Proliferating T cells
E2L5_TGTGTGATCCAACACA,Proliferating T cells
E2L8_TCGAAGTAGTTTCGAC,B cells
L5_CTTACCGGTCGTTGGC,Proliferating T cells
L3_CGGAACCAGCTTTCCC,B cells
L5_AAGCGAGTCTGGTGCG,Non-classical monocytes
E2L1_CTTCCTTAGTGTGTTC,CD4+ T cells
E2L5_GACATCATCTGGCCAG,Platelets
E2L5_TGCAGGCCAGTCGGTC,NK cells
L5_CCCGAAGGTTGCATTG,Non-classical monocytes
E2L5_TGCATGACAGGCGAAT,CD4+ T cells
E2L3_ACGTAGTCAATAGTAG,CD4+ T cells
E2L5_GTCACGGAGGACCCAA,B cells
E2L7_CTCCCTCAGTCATAGA,Classical monocytes
E2L6_CATTGAGCACAGCTTA,Cytotoxic CD8+ T cells
E2L1_ATCTCTATCCCTAGGG,Effector Memory CD8+ T cells
E2L6_GTTGAACCAGGAATCG,CD4+ T cells
E2L8_TACCTCGGTTATGTGC,Cytotoxic CD8+ T cells
L5_GTCATGAGTAGATGTA,CD4+ T cells
L2_ATCTCTATCTGAACGT,cDC2
L1_ACGTAGTGTAATTAGG,Proliferating T cells
L4_GGGTATTGTAGGTAGC,CD4+ T cells
E2L6_CAAGAGGAGGCGTTGA,B cells
L4_CTACTATCAATAGTCC,CD4+ T cells
E2L5_AAACGCTGTGTCTCCT,cDC2
E2L5_GTTACGATCGGTAAGG,B cells
E2L1_GGGAGTACATGGTACT,B cells
E2L7_CAACGGCAGATGGTAT,CD4+ T cells
L2_TAGACCATCGCACGAC,Cytotoxic CD8+ T cells
E2L5_GAGACTTCAGGTCAGA,Effector Memory CD8+ T cells
L3_TACGGGCTCGCCTTGT,B cells
E2L5_CCCTTAGTCCCTATTA,Platelets
L3_AAACCCAAGCATGAAT,Cytotoxic CD8+ T cells
L4_ACAGGGACAGTAGAAT,Plasmacytoid dendritic cells
L4_GCAACCGCAGAGTTGG,CD4+ T cells
E2L7_TCGGGACCATAGATCC,Platelets
E2L6_AACCATGAGTCACACT,Cytotoxic CD8+ T cells
E2L2_CGCAGGTAGTCATTGC,Cytotoxic CD8+ T cells
E2L5_TTAGTCTCAATCAGCT,Proliferating T cells
E2L3_TCAGTTTAGTGCGTCC,Plasma cells
L2_CTTCAATCAGCGTTGC,Effector Memory CD8+ T cells
E2L1_GTGTTAGTCACAAGAA,B cells
E2L2_GGCTTTCGTTGGACTT,Activated CD4+ T cells
L4_CAATACGGTACAAGCG,Plasma cells
E2L8_TTACCGCTCATCTATC,CD4+ T cells
E2L8_CCTCTAGTCTACCAGA,CD4+ T cells
E2L3_AGACACTAGGCTCTCG,Proliferating T cells
L4_ACGTTCCGTGCATACT,CD4+ T cells
E2L4_CAGGGCTTCTCGCCTA,Plasmacytoid dendritic cells
L1_TTTGATCAGAAGTCTA,Erythrocytes
E2L3_CGCGTGACAACTTGCA,B cells
E2L8_AAGGAATGTCGCATCG,Plasmacytoid dendritic cells
E2L8_ACATGCATCAACGAGG,CD4+ T cells
L4_TACTTCAGTTAAAGTG,Cytotoxic CD8+ T cells
E2L3_GACACGCCAAGCACAG,Cytotoxic CD8+ T cells
L2_GGTCTGGCATATAGCC,CD4+ T cells
E2L5_CTCATTAGTCATCCCT,NK cells
L5_CTGCTCACACTTGAAC,HSPCs
E2L3_GGCTGTGCAAGTAGTA,B cells
L5_TGGCGTGTCGTGTCAA,B cells
E2L5_CTAACTTTCTAAGCCA,Cytotoxic CD8+ T cells
E2L7_CAAAGAACAGCGGTTC,Proliferating T cells
L4_TGCAGATCATGACGGA,CD4+ T cells
E2L8_CAAGGGATCAACGTGT,B cells
L2_ACTATCTTCAGTCAGT,B cells
L1_TCCGGGAGTTAGAGAT,Classical monocytes
L1_GAGTTGTGTCACTCGG,CD4+ T cells
E2L8_ATGATCGTCACTTGTT,CD4+ T cells
E2L1_ATCGTCCGTGTTTACG,CD4+ T cells
E2L4_TCAATTCGTATTGCCA,Cytotoxic CD8+ T cells
L4_TTACAGGTCTAGACCA,B cells
E2L1_CCGGACAGTGGACTGA,CD4+ T cells
E2L3_GTGAGCCTCCAAACCA,Proliferating T cells
E2L6_TCCTGCACAGCCCAGT,B cells
L4_CGTAAGTTCTAGTCAG,CD4+ T cells
L4_AAGCATCAGGTTCTTG,Non-classical monocytes
E2L2_CTGTACCCAGTATTCG,B cells
E2L7_TCTGTCGAGGCTTCCG,Cytotoxic CD8+ T cells
L3_ATTACCTAGAGCCTGA,CD4+ T cells
L2_GTAGTACCAAACACGG,Proliferating T cells
L3_GCGGAAACAGCTTCGG,Effector Memory CD8+ T cells
L3_TGCTGAAGTGAGTTTC,Cytotoxic CD8+ T cells
E2L1_GTTGCGGTCCTTATGT,Memory CD8+ T cells
L3_TGTCCACCATAGAGGC,Cytotoxic CD8+ T cells
E2L8_TGAGCGCTCCTGTACC,Plasma cells
E2L3_AAACGCTAGTCGAAAT,Effector Memory CD8+ T cells
L4_ACTTCCGCAAAGCGTG,NK cells
L3_GAGACCCTCGCGCTGA,Plasma cells
L5_AAAGGGCGTAACACCT,Erythrocytes
E2L1_TTCTCTCAGGCCGCTT,CD4+ T cells
L3_CATGCAATCGCTCTCA,Plasma cells
E2L3_CACTTCGTCGCGCCAA,Non-classical monocytes
E2L3_TGATCTTTCTTAGTTC,B cells
E2L5_GAACTGTGTACTCCCT,Cytotoxic CD8+ T cells
L5_GTTACAGTCCGAGATT,cDC2
L1_GTTGCTCCATTCTGTT,NK cells
E2L1_AGCTACAGTGCTTCAA,CD4+ T cells
E2L7_CTCAATTGTCAAGCGA,Non-classical monocytes
L5_GATTCGACACACACTA,Effector Memory CD8+ T cells
E2L4_GACTTCCTCCACCTCA,Effector Memory CD8+ T cells
L3_AATGGCTAGAAGCCAC,CD4+ T cells
L1_TAATTCCCAAACAGGC,Cytotoxic CD8+ T cells
L3_TGCATCCAGCGCCTCA,Non-classical monocytes
L5_ACAGCCGAGAATAGTC,Proliferating T cells
E2L5_CCCTTAGTCACTGAAC,CD4+ T cells
E2L6_ATTACTCTCTTACCAT,Non-classical monocytes
L5_CTCATTACATAATCCG,Effector Memory CD8+ T cells
E2L7_TGCGACGTCGCCTTTG,Proliferating T cells
E2L1_CGGAGAAAGTCCTGTA,CD4+ T cells
L1_AACAACCTCCATCTAT,CD4+ T cells
L5_GGGTTATAGGGCTTCC,Non-classical monocytes
E2L3_GCCATGGCATAAGCAA,Cytotoxic CD8+ T cells
L2_TACCCACGTTGCTTGA,CD4+ T cells
E2L6_TAAGCGTAGTAGTCTC,CD4+ T cells
E2L6_GAGTCTAGTACAGCGA,Cytotoxic CD8+ T cells
L2_CATTCATCAAACTCTG,Effector Memory CD8+ T cells
L2_TCACGCTTCAAAGACA,Cytotoxic CD8+ T cells
L1_CTGGACGGTGCTCCGA,CD4+ T cells
L5_ACAGAAAGTTACACAC,CD4+ T cells
L2_GTGCTTCAGTAAGAGG,CD4+ T cells
L3_CTGGACGCACAGCCAC,B cells
E2L4_TCCTTTCCATCGAAGG,Classical monocytes
L5_TATATCCGTGTGTGTT,cDC2
L4_ATTACTCCAACAAGTA,Platelets
E2L3_AGTTAGCTCCTTCAGC,CD4+ T cells
E2L8_TCGTGCTTCAAGTAAG,B cells
L4_TCACACCGTGGACTGA,B cells
L5_TGGAGAGAGATCACCT,Proliferating NK cells
E2L7_ATACCTTGTCTTTATC,CD4+ T cells
L5_TGAGGTTCAGGCAATG,Classical monocytes
E2L8_GGAGGTAGTACCACGC,B cells
L3_TCACTATGTGCGTCGT,CD4+ T cells
L5_CTAGGTAGTTGTGGAG,Proliferating T cells
E2L8_CACTGGGTCCGGACGT,Proliferating T cells
E2L6_GTCACGGCACCAGCTG,cDC2
E2L2_ATTCTACTCAGGAACG,Platelets
E2L4_GATGCTATCGTTCATT,Activated CD4+ T cells
L5_AGATAGAAGCGACATG,Classical monocytes
E2L1_CACGTGGAGCTAGATA,CD4+ T cells
L4_TGATTTCGTACCGGCT,Memory CD8+ T cells
E2L5_TGTAAGCCACTTACAG,B cells
E2L2_GTGAGGAAGAATACAC,NK cells
L2_CTCTGGTTCCATTCGC,HSPCs
E2L5_GTTAGACTCAGCTTCC,B cells
L3_TTCGCTGTCGAACGGA,CD4+ T cells
E2L8_TGTCCACAGTGAGTGC,B cells
L5_GTTTGGACAGGCATTT,Effector Memory CD8+ T cells
L1_CATTGAGAGAGCCCAA,CD4+ T cells
E2L8_GAGTTTGAGAGGGCGA,Effector Memory CD8+ T cells
E2L5_TTGGGCGAGAAGCTCG,CD4+ T cells
E2L1_CTGTATTAGCCTCTTC,Cytotoxic CD8+ T cells
E2L7_CACATGACATGATGCT,Plasmacytoid dendritic cells
L1_TTCGATTCATGTTCGA,Effector Memory CD8+ T cells
L4_GTCCACTAGCATGCGA,CD4+ T cells
L4_CTGCCATCACCACTGG,CD4+ T cells
L4_GTGCAGCTCGTGGGAA,Proliferating T cells
E2L8_CCGTAGGAGTTGGAAT,Effector Memory CD8+ T cells
L3_TGCTCCAGTGGTGATG,Memory CD8+ T cells
E2L2_GATTCGAAGGTCATCT,CD4+ T cells
E2L3_TTCTTGAGTCTAGGTT,B cells
E2L7_GATGTTGCAAGCGCAA,Proliferating T cells
L4_TCGCACTCATAGCACT,cDC2
L1_ATCGTCCGTAACTAAG,Effector Memory CD8+ T cells
E2L5_TCGTCCATCATCGCCT,Cytotoxic CD8+ T cells
L4_AGGCTGCAGTGCCCGT,HSPCs
L2_CGACAGCAGACTCCGC,CD4+ T cells
E2L7_CAACCTCGTACCCACG,CD4+ T cells
E2L7_AGTCTCCCAGAACTCT,Cytotoxic CD8+ T cells
L4_GTAATGCCAGAGTTGG,B cells
E2L4_AAGTCGTTCTGACAGT,Proliferating T cells
L2_GCTGGGTAGGTAGATT,Memory CD8+ T cells
E2L2_TTCCACGGTGTTAGCT,B cells
E2L7_TCGAAGTTCCAACTGA,Non-classical monocytes
L5_GACGCTGAGAGTCAGC,B cells
E2L7_TCCCACAGTTGTCTAG,CD4+ T cells
E2L2_ACTGTCCGTATTGAGA,Non-classical monocytes
E2L7_ACTTATCAGGCACGAT,B cells
E2L7_GGAGGTATCCGATAAC,cDC2
E2L5_GATCACAGTTTGTTCT,B cells
L5_AATCACGGTCGTACAT,CD4+ T cells
E2L6_TTGTTCACAAGAAATC,Proliferating T cells
E2L3_CGAATTGCACGTAGTT,Effector Memory CD8+ T cells
E2L7_CACGGGTAGCACCGTC,cDC2
E2L1_CTACAGAAGACGGAAA,Effector Memory CD8+ T cells
L3_TTGTGTTGTTCGGCGT,Effector Memory CD8+ T cells
E2L4_GCAACATCATTCACCC,B cells
L1_GAGTGTTCAGAGAATT,Plasmacytoid dendritic cells
E2L4_AGAAGCGGTACGTGTT,B cells
E2L1_GTAAGTCTCCTTATCA,CD4+ T cells
L4_TCCGAAAAGGAGAGGC,Non-classical monocytes
L5_TTTCATGAGAGCCGAT,Cytotoxic CD8+ T cells
E2L7_CGATGCGCAATCCTAG,Activated CD4+ T cells
L5_GGTGAAGCACTGCATA,Effector Memory CD8+ T cells
E2L7_AACGAAACACATCATG,Activated CD4+ T cells
L1_AGGACTTAGCCGGATA,Cytotoxic CD8+ T cells
L5_GTAACACGTTCTCCTG,Effector Memory CD8+ T cells
L2_ACGATCATCATTCGGA,CD4+ T cells
L1_GACACGCGTTGCTAGT,CD4+ T cells
E2L4_ACATCCCGTGCCGAAA,Activated CD4+ T cells
L3_GCCAGCATCCTTATCA,Effector Memory CD8+ T cells
E2L6_TTTCCTCGTGATACAA,CD4+ T cells
E2L7_GAATAGAAGTTGTCGT,Proliferating T cells
E2L3_ATGGATCGTGTTGATC,Cytotoxic CD8+ T cells
E2L7_GTTAGTGAGTAGACCG,CD4+ T cells
L2_TTCGCTGTCTTACGTT,cDC2
E2L1_AGAACCTAGCTAGATA,Effector Memory CD8+ T cells
E2L5_TTACCATAGAGAGTGA,cDC2
L2_CGCATGGTCTACTGCC,Effector Memory CD8+ T cells
L2_AGCTCAAAGTAAACGT,Cytotoxic CD8+ T cells
L4_TCAGTCCCATTGTACG,Effector Memory CD8+ T cells
E2L7_ATTGTTCAGACGTCGA,CD4+ T cells
E2L1_ATCCCTGAGGGATGTC,Plasmacytoid dendritic cells
E2L2_CCCTGATAGTCATCCA,Platelets
L1_ACCCTCACAAATCAAG,CD4+ T cells
E2L3_AATCACGTCTTAGCCC,CD4+ T cells
E2L5_CCACACTCAGCAGTAG,Activated CD4+ T cells
E2L1_GTTCATTAGGGAGAAT,CD4+ T cells
E2L4_TTGAACGCACTGTCCT,Activated CD4+ T cells
E2L2_CTGCTCACACTCCGAG,cDC2
E2L3_ATTTCACGTTCCACGG,Cytotoxic CD8+ T cells
L1_ACTCCCACAACAAGTA,CD4+ T cells
L1_AGGATAACAACTCCAA,HSPCs
E2L2_TGTGATGTCCATTTAC,Platelets
L1_TGGAACTAGGGTCTTT,B cells
L2_ACCATTTGTCCCAAAT,cDC1
E2L2_CCACGAGGTAGCCAGA,Proliferating T cells
L2_CTCAGGGTCTCGGCTT,NK cells
L3_AGCATCAAGCTACGTT,CD4+ T cells
L5_ATCACTTCAGCGATTT,Plasma cells
E2L8_CGAGTTAAGCTCCATA,cDC2
E2L7_GCAGCTGCATACCGTA,B cells
L4_TCCACGTTCCCAAGTA,Cytotoxic CD8+ T cells
L2_CAACCTCCAATAACCC,Classical monocytes
L1_ATCGTAGCACGCGCAT,Cytotoxic CD8+ T cells
E2L5_CTTGATTCAGCGTACC,Proliferating NK cells
L4_TCCTTCTAGCCAACCC,Platelets
L3_CGAAGTTTCTCGGTCT,Proliferating T cells
E2L8_ACAGCCGTCTACTTCA,Cytotoxic CD8+ T cells
L1_TGGGCTGCAGAAGCGT,CD4+ T cells
L4_AACCTGAGTACCGTCG,Plasmacytoid dendritic cells
E2L4_TCTTGCGAGTCCTGTA,B cells
L1_TGGAACTGTACCCGAC,Cytotoxic CD8+ T cells
E2L7_CATACCCAGATGGCAC,CD4+ T cells
L2_GTCCACTGTAGCTCGC,CD4+ T cells
E2L8_TCTACCGTCATACGAC,Cytotoxic CD8+ T cells
E2L5_TATCGCCAGAATTTGG,Effector Memory CD8+ T cells
L4_TCTGCCAGTAGCTGAG,Cytotoxic CD8+ T cells
E2L5_GAGAGGTCACGGCGTT,CD4+ T cells
L5_CTACTATGTTGTGTAC,Non-classical monocytes
L5_TACATTCGTGCGAACA,Classical monocytes
L4_GGTTGTAAGCGAGTAC,B cells
E2L8_GACTCTCCAATCTCGA,CD4+ T cells
E2L6_CACTGGGCACAAAGCG,Cytotoxic CD8+ T cells
E2L6_ACCCTTGGTCTCCTGT,Proliferating T cells
L3_CTGTCGTGTTTGCAGT,Plasma cells
E2L2_GCCATGGTCTCGTTTA,Effector Memory CD8+ T cells
E2L3_TTACCGCCAGCGGTTC,Effector Memory CD8+ T cells
E2L4_GATTCTTCAGGGAGAG,B cells
L1_GTGGCGTGTGCTTCAA,Effector Memory CD8+ T cells
L1_CGCATGGAGGCATGCA,Platelets
L5_TCCTTCTAGTAAGACT,Cytotoxic CD8+ T cells
E2L3_TGTCCCATCCAACTGA,Plasmacytoid dendritic cells
E2L1_GAGCTGCTCAATCAGC,B cells
L5_GCCATGGTCTCTCCGA,Cytotoxic CD8+ T cells
L2_GTGGCGTCAGGTATGG,HSPCs
L5_CAGTGCGGTATCAGCT,Proliferating NK cells
E2L6_ATAGAGATCACGACTA,Activated CD4+ T cells
L4_TAAGCCAAGGTCACAG,Effector Memory CD8+ T cells
E2L3_GTCTCACAGTCGGCAA,Cytotoxic CD8+ T cells
E2L3_CCTCTAGGTCGCATGC,Proliferating T cells
E2L3_CATAGACTCCTAAGTG,CD4+ T cells
E2L6_CTCACTGTCTCGCTTG,Effector Memory CD8+ T cells
E2L7_TTACGCCGTCCTTGTC,NK cells
L2_AGGATCTCAGAAACCG,CD4+ T cells
E2L4_TCAATCTGTATCGAGG,HSPCs
L2_TTAGGGTTCGAACGCC,Activated CD4+ T cells
E2L8_TCGAACAGTGAAAGTT,B cells
E2L4_ATTTACCAGATCCCAT,Cytotoxic CD8+ T cells
E2L6_CTTCTCTGTGACACGA,NK cells
L2_ATAGAGAAGATAGTGT,Effector Memory CD8+ T cells
E2L7_CAACAGTGTTCTCAGA,Classical monocytes
E2L8_GACACGCTCGATCCAA,Plasmacytoid dendritic cells
E2L5_AAGCCATTCCGCTGTT,Proliferating T cells
E2L4_TCATGCCTCACGTAGT,Classical monocytes
E2L8_TAACCAGCATCGTCCT,Platelets
E2L2_AGGTAGGGTGTAAACA,CD4+ T cells
L1_ATTTCACGTTGACTGT,NK cells
E2L4_AACCCAAGTAGGTACG,B cells
E2L6_TCATCATAGACGGATC,CD4+ T cells
E2L5_AAGTCGTTCGTAGTCA,Cytotoxic CD8+ T cells
E2L2_ACCATTTAGCCATTTG,Platelets
L3_CGACAGCAGTTACGAA,CD4+ T cells
E2L6_CTATAGGAGGACGCTA,Platelets
E2L1_CAGATTGGTCAGGTAG,cDC2
L4_TATTCCACATGACGGA,cDC2
L5_AGACTCATCCCTAGGG,Proliferating T cells
L2_TGGAGGAAGCAACAAT,B cells
E2L5_ACCCAAAGTTCTCGTC,Activated CD4+ T cells
L1_GTGAGGACACGTCGGT,CD4+ T cells
L5_CGGGTCAGTCTTGCGG,Erythrocytes
E2L4_TCTGGCTAGGCGTCCT,CD4+ T cells
E2L6_TGCGATAGTCCCAAAT,CD4+ T cells
E2L4_CCTTCAGAGATAGCTA,Activated CD4+ T cells
L2_CACCGTTTCGATTGGT,NK cells
E2L6_TTACGTTAGAGCCGTA,Platelets
L1_TTGGGCGTCCCTGGTT,Effector Memory CD8+ T cells
L1_TTGCGTCCAACTTGCA,Proliferating T cells
E2L7_CCCTGATGTAGGGAGG,Activated CD4+ T cells
E2L1_CAGTGCGTCTACGCAA,Non-classical monocytes
L4_CATTTCAAGGGATCTG,CD4+ T cells
E2L6_TCCATGCTCGCCAGAC,Cytotoxic CD8+ T cells
L2_AAACCCACAGAGTCAG,CD4+ T cells
E2L1_TTGCATTCATACTGAC,B cells
L2_CCCATTGGTGGGTATG,Platelets
L2_CAAGCTATCGAAATCC,CD4+ T cells
L1_GAGGCCTCACCTTCCA,Classical monocytes
E2L3_TACCGAATCCATCGTC,CD4+ T cells
E2L8_TTCCTCTTCTTGGATG,NK cells
E2L5_CTGTACCTCAATCTTC,Effector Memory CD8+ T cells
E2L7_TTTGACTAGAGGTCAC,NK cells
E2L3_GTATTTCCAGTTCACA,Plasmacytoid dendritic cells
E2L4_AGCGTATTCCAGTTCC,NK cells
E2L1_TTACTGTAGTTTCTTC,CD4+ T cells
E2L6_TCAGGTAAGAGAGGGC,Plasma cells
L5_CATAAGCTCCCGAGGT,CD4+ T cells
L1_GTCAAGTCAGACCATT,CD4+ T cells
L1_TCCGGGAGTCAGATTC,CD4+ T cells
L4_CGGGTGTTCTCATGCC,CD4+ T cells
E2L7_ACTTAGGTCTCAGGCG,Cytotoxic CD8+ T cells
E2L6_TTCTGTACATACCATG,B cells
E2L3_GGGCGTTGTCCGCAGT,Activated CD4+ T cells
E2L1_TGCAGTACACTTACAG,CD4+ T cells
L2_ACTATCTGTCGCAGTC,CD4+ T cells
E2L8_TGTTGAGTCTACCAGA,Proliferating T cells
E2L8_TTCTTGACAAGAGCTG,Effector Memory CD8+ T cells
E2L5_GATCGTATCAAGCCCG,Cytotoxic CD8+ T cells
E2L8_AAGCATCGTTTCGACA,Platelets
E2L2_TCTACATTCCCTCTAG,CD4+ T cells
L1_TTCCAATCATTGACAC,CD4+ T cells
L2_CACTTCGAGACTAAGT,Platelets
L3_AAAGGGCGTCAGACGA,HSPCs
L1_ATTACCTGTGCTCTTC,B cells
E2L8_CACCAAATCAGACATC,Cytotoxic CD8+ T cells
E2L4_CAGTTAGAGTAAGACT,CD4+ T cells
E2L8_GTGAGTTGTAGTGTGG,B cells
L5_GCAACATTCGGTGCAC,Classical monocytes
E2L4_GGGACTCCAGTAGTGG,Platelets
E2L7_TACTTACGTGCCGTAC,Proliferating T cells
E2L8_GTGGGAAAGGTAGTCG,B cells
E2L8_CACTGGGCATCTAGAC,Effector Memory CD8+ T cells
E2L8_GCTGCAGGTGTAAACA,B cells
L4_AAGTTCGCAAGCACCC,Proliferating T cells
E2L2_TTGTTTGGTTGTTGTG,CD4+ T cells
L5_CCTAAGAAGCACTAAA,B cells
L5_CCGAACGCACTTCAAG,CD4+ T cells
E2L2_ATCACGACAGCCATTA,NK cells
E2L1_TCACACCCACAACCGC,Effector Memory CD8+ T cells
L1_CCCTGATTCAGTCAGT,Erythrocytes
E2L8_TACTGCCCACTATCGA,Cytotoxic CD8+ T cells
E2L3_TACGTCCGTTGTTGTG,NK cells
L1_GGGTCACTCGATTTCT,HSPCs
E2L1_CGATGGCGTGTGCTTA,cDC2
E2L7_TTGGGTAGTTCATCGA,Proliferating T cells
L4_ATTGTTCTCGTAGCCG,Memory CD8+ T cells
E2L5_TCATGAGTCTCCGATC,Non-classical monocytes
L4_CTTCAATAGCATGGGT,Classical monocytes
E2L6_TGTTCATTCATGAGGG,Proliferating T cells
E2L2_GAGTGTTAGGTCACAG,NK cells
E2L5_TCAGTCCAGGCCATAG,B cells
L2_CCCAACTCAAGTCATC,Cytotoxic CD8+ T cells
E2L7_ACACTGATCACTGATG,B cells
E2L5_GAGCCTGGTTGCTCAA,Effector Memory CD8+ T cells
L5_TTGACCCCAGTGTGCC,B cells
E2L4_ACTTTGTTCCACAGGC,B cells
E2L5_GGGTGAATCCAACCAA,Cytotoxic CD8+ T cells
L1_TGTAACGTCCACGAAT,CD4+ T cells
L3_CATTTCAGTGCCTGAC,NK cells
E2L6_AGTACTGCAGCAGTTT,Activated CD4+ T cells
E2L2_GAGGGTAAGGCCTAAG,Effector Memory CD8+ T cells
E2L8_GGCTTGGTCACCCTTG,Cytotoxic CD8+ T cells
L5_ATTCCCGCATATACCG,Cytotoxic CD8+ T cells
L1_TGCAGATCAGTTCACA,Cytotoxic CD8+ T cells
E2L2_TATATCCTCTTCACAT,CD4+ T cells
E2L6_CATGAGTTCTTGTGCC,Effector Memory CD8+ T cells
E2L2_TACCGAAGTCAGGCAA,CD4+ T cells
E2L4_CGAGGCTCAGTGTGCC,NK cells
E2L7_GACACGCAGTGCACCC,B cells
E2L6_TTTCACACATCATTGG,Classical monocytes
E2L2_CGTAAGTAGCGAACTG,B cells
L1_TGTTGGAAGTCGCGAA,HSPCs
E2L4_ACAAGCTGTGCCGAAA,cDC2
L5_CACAGATTCACTTGTT,B cells
L4_TATCTGTTCATCCTAT,CD4+ T cells
E2L5_ACGCACGAGTTTCAGC,B cells
E2L7_GTCGTAATCACTCCGT,CD4+ T cells
L4_GACTTCCTCAGTCCGG,HSPCs
E2L2_AACCATGAGAGCTTTC,Proliferating NK cells
E2L2_TGATTCTAGTGAGGTC,cDC2
L3_TTACAGGAGATAGCAT,Platelets
E2L5_TCATATCCAACCAATC,Cytotoxic CD8+ T cells
L2_CCTCATGGTCCACGCA,cDC1
E2L2_AACCATGGTCTAGGCC,CD4+ T cells
E2L3_CGTTCTGCAATAGAGT,CD4+ T cells
L3_TATTTCGAGTTGAAGT,Cytotoxic CD8+ T cells
L5_AACCAACTCGGAAGGT,CD4+ T cells
E2L2_GAGTTTGAGGAGATAG,B cells
E2L6_AGAAGTAGTCGGAAAC,CD4+ T cells
L4_ATGGGAGTCGGTGTTA,NK cells
E2L4_GGGCGTTAGATTGTGA,Cytotoxic CD8+ T cells
E2L8_AGACACTAGTTTAGGA,CD4+ T cells
L5_TTCACCGCACAGAGCA,Effector Memory CD8+ T cells
L2_ACAAGCTGTTCAATCG,CD4+ T cells
E2L2_ATCGATGCAGATACTC,Proliferating T cells
L5_TGTAACGTCAGACCTA,CD4+ T cells
L2_ACTTATCAGGTTAGTA,cDC1
L2_GCATGATCACTATCCC,CD4+ T cells
L1_AAGTTCGCAGGTGTTT,CD4+ T cells
L5_GACGCTGTCACCTGTC,CD4+ T cells
E2L8_GCCATTCGTCCCGCAA,Effector Memory CD8+ T cells
L5_GCTACAACACCGTGGT,cDC2
L3_AGCCACGAGAGTCTTC,Cytotoxic CD8+ T cells
E2L1_ATTTCTGTCCAGTACA,Non-classical monocytes
E2L2_TCCCACAAGCTAGATA,Effector Memory CD8+ T cells
L2_GCCATTCTCAACCGAT,Cytotoxic CD8+ T cells
E2L2_GATTTCTGTCTGTGAT,Memory CD8+ T cells
E2L7_TCGCACTTCACTTCTA,cDC2
E2L2_CGGCAGTTCTTCCGTG,Plasmacytoid dendritic cells
E2L2_GTCATCCTCGTAGAGG,cDC2
L4_GTCATCCTCATTCCTA,CD4+ T cells
L4_ATCGGATTCTTGGTGA,Proliferating T cells
E2L8_TTCTAGTTCAGTCATG,Cytotoxic CD8+ T cells
E2L1_TCTGCCATCAGGTGTT,Cytotoxic CD8+ T cells
L4_CTACTATAGCCTATTG,Memory CD8+ T cells
E2L3_CCGTGAGCAACCAGAG,Non-classical monocytes
E2L5_TCAGCAATCGTTAGTG,Classical monocytes
E2L3_TTCTTGAGTTTCCCAC,Effector Memory CD8+ T cells
E2L5_CTCCGATCAAATGGCG,B cells
E2L7_CGTTGGGCAGAAGTGC,Erythrocytes
E2L4_ACCAAACGTCATCCCT,cDC2
L2_CCGAACGGTACTGCGC,Effector Memory CD8+ T cells
L1_AGACAAAGTTCCTAGA,CD4+ T cells
E2L6_TCAGCAAGTGACTGAG,Proliferating T cells
E2L3_GTTTGGACACGCTGAC,Cytotoxic CD8+ T cells
L3_CTAAGTGAGCGACCCT,CD4+ T cells
L5_TGGGATTAGCTTCTAG,Non-classical monocytes
L5_CGGAACCCAAGTGGAC,CD4+ T cells
E2L4_ACGGTCGTCGAGATAA,Platelets
L3_TACATTCTCCTTCGAC,HSPCs
L2_TTTATGCAGGGCTGAT,B cells
L3_GTGCTTCCACGGTAGA,HSPCs
E2L7_CCCATTGAGCTACGTT,Plasmacytoid dendritic cells
L1_GTCTAGATCTCAGTCC,HSPCs
E2L2_TCCCACAGTTGGTAGG,Proliferating T cells
L1_TAACTTCAGCTCAGAG,B cells
L1_TCTATCACATTCGATG,Memory CD8+ T cells
E2L1_AAGTGAATCCGTGACG,Cytotoxic CD8+ T cells
L1_AATGACCAGTTGAAAC,cDC2
L1_CCACGTTTCATTGCTT,HSPCs
E2L5_CTGCAGGGTATTCTCT,Plasma cells
L2_TTCCGGTCATAATGCC,CD4+ T cells
E2L7_TACGGGCGTAACATCC,B cells
E2L5_ACACCAATCTTAGTTC,cDC1
E2L1_ATCGCCTAGATAGCAT,Non-classical monocytes
E2L6_CGTCCATTCTAACGGT,CD4+ T cells
E2L5_ATGCCTCAGGGATCTG,B cells
E2L7_GTTGTGATCCGTACGG,Activated CD4+ T cells
L4_GATCATGAGATACGAT,Classical monocytes
L3_TCGAAGTTCAGTGCGC,Effector Memory CD8+ T cells
L3_TTGGGTAAGAAATGGG,CD4+ T cells
E2L5_CTTCGGTTCTGACGCG,B cells
E2L2_CGGGTGTAGGGACACT,Effector Memory CD8+ T cells
E2L6_GATCAGTTCGCCGAAC,Cytotoxic CD8+ T cells
L1_GCGTTTCCAGCGTAGA,Platelets
L3_TACCTCGCACTCAGAT,CD4+ T cells
E2L3_CCTCCAAAGGGACTGT,NK cells
E2L5_GAAGGACAGTATTAGG,Cytotoxic CD8+ T cells
L3_ATTCGTTAGTTCATCG,Non-classical monocytes
E2L3_GAGTCTAGTGTACGCC,Plasma cells
E2L7_GACTGATCAAACACCT,Plasmacytoid dendritic cells
L3_CCATCACAGACATAGT,B cells
L4_TCCTTTCAGCCTGTCG,Effector Memory CD8+ T cells
E2L2_GGTAGAGTCCTTTGAT,B cells
E2L8_TCATCATGTAGCCCTG,Classical monocytes
E2L4_ACTATGGGTCAAAGTA,Cytotoxic CD8+ T cells
E2L2_GGAATGGTCACCGCTT,Proliferating T cells
E2L7_ACGATGTCACGCACCA,B cells
L4_GTAGAGGTCAACTACG,Cytotoxic CD8+ T cells
L2_CACTAAGAGAAGAGCA,Memory CD8+ T cells
E2L3_CTGCGAGGTCCGACGT,Cytotoxic CD8+ T cells
L3_ATTGTTCCATCGCCTT,CD4+ T cells
L1_TGCGACGAGTCTGCGC,CD4+ T cells
E2L7_TGCAGGCCACCCAATA,cDC2
E2L2_TCGGGTGCATGCTGCG,CD4+ T cells
L2_TGCGGGTCACCCTCTA,cDC2
L4_GGAGGTAAGTCCCAGC,Proliferating T cells
L3_AGTACCACAGTAGAGC,Memory CD8+ T cells
L3_GTCTGTCCATGTCAGT,Cytotoxic CD8+ T cells
E2L8_GTCAGCGAGCAGATAT,CD4+ T cells
L2_AAACCCAAGCCTGGAA,NK cells
E2L3_CTATCCGTCATTGCTT,CD4+ T cells
E2L5_ATTATCCCAGCGTAGA,Effector Memory CD8+ T cells
L2_GGGACAACACAAAGTA,Proliferating T cells
L3_GTCTGTCCACATCATG,Non-classical monocytes
L3_AGGTTACAGGACAAGA,CD4+ T cells
E2L1_TCCTTCTGTTCTCCCA,Cytotoxic CD8+ T cells
L2_CCCTTAGCAACTGCCG,Effector Memory CD8+ T cells
L5_CATACCCAGGCACGAT,Cytotoxic CD8+ T cells
L2_GAGAAATCAGTTCACA,Platelets
E2L7_GGTCACGCAGTTGAAA,Activated CD4+ T cells
L2_ACGGTTAAGAAGTCAT,Proliferating NK cells
E2L1_TGTCCCACAGCTGAAG,Cytotoxic CD8+ T cells
E2L8_AGTCTCCTCAACGTGT,Platelets
E2L5_ACAAGCTTCCTACCGT,Classical monocytes
L1_ACCTGAAAGCATCAAA,CD4+ T cells
L1_TTATTGCAGTGGATTA,Non-classical monocytes
L2_CCACGTTGTCTACAAC,Proliferating T cells
L5_CTGCGAGCACCGCTGA,cDC2
E2L8_ACACGCGGTGGACTAG,B cells
L1_CGCGTGACAGCACCCA,CD4+ T cells
E2L6_ACACTGAAGAAATTCG,CD4+ T cells
L1_CACCAAACATAATCGC,cDC2
L4_GATGACTCAAGTTCGT,Proliferating T cells
E2L6_TGGGCGTTCGTCCATC,Effector Memory CD8+ T cells
L2_ACATTTCAGACTACCT,Cytotoxic CD8+ T cells
E2L3_AAACGAATCATTTGCT,Proliferating T cells
L2_ATTTCACTCGTTGTTT,B cells
E2L7_CATAGACAGGAACATT,Cytotoxic CD8+ T cells
L5_TGCTCCACATCGCCTT,CD4+ T cells
L2_TGCACGGTCTGCATGA,Activated CD4+ T cells
L2_TTTGGAGCAATCTCGA,NK cells
E2L8_TCCAGAACAACCGTAT,B cells
L1_TGCGACGCATCCGCGA,Non-classical monocytes
L4_CGGGCATCAGCGTTTA,Plasma cells
E2L4_TACCCGTGTGATATAG,CD4+ T cells
E2L4_TACCCACTCGCGGTAC,Plasmacytoid dendritic cells
E2L1_TAGGTACCAGTCGAGA,Cytotoxic CD8+ T cells
L1_CTACATTGTGAGATAT,Plasma cells
L2_GCAGGCTCATCAGTGT,Cytotoxic CD8+ T cells
L5_GCCGATGCACAACCGC,Classical monocytes
L4_TAGACTGTCAAACGTC,Effector Memory CD8+ T cells
L3_TACCCGTAGAACGCGT,Plasma cells
L3_GTACAGTGTGCTGTCG,B cells
E2L7_AAGCCATGTAACGATA,Effector Memory CD8+ T cells
E2L3_ATCCACCCATCATCCC,NK cells
E2L1_ACGATCAAGGTTCTAC,CD4+ T cells
E2L2_ACAAAGAAGTTCCGTA,cDC1
L2_TCGACCTCACAATGCT,B cells
L3_TGTAAGCAGCTGCGAA,CD4+ T cells
E2L6_ATCGTGAGTTGAGGAC,Classical monocytes
E2L6_ATGAGTCTCTGAGGCC,CD4+ T cells
L1_AAACGCTAGGTCGTCC,Effector Memory CD8+ T cells
L5_GGTGGCTCAATTGTGC,Effector Memory CD8+ T cells
E2L1_TCGCTCATCGGACAAG,Proliferating T cells
E2L6_TGTTCATTCTACCACC,CD4+ T cells
L3_ACTACGACAGAGCGTA,B cells
E2L6_ATCCGTCTCGGATTAC,B cells
L3_GTCATGAGTGTTCAGT,CD4+ T cells
L1_TAAGCACTCATCTGTT,HSPCs
E2L3_GTAGTACAGAAGAACG,B cells
E2L2_AGACAAACACTCAGAT,Activated CD4+ T cells
E2L5_ACCTGAAAGGTATCTC,Memory CD8+ T cells
E2L8_GGGTGAATCCAGCTCT,Plasmacytoid dendritic cells
E2L4_TTGGATGCACTGCATA,Effector Memory CD8+ T cells
L2_AGACACTGTGTTAGCT,Plasma cells
E2L5_CCCATTGGTCGATGCC,Effector Memory CD8+ T cells
L1_AACAAAGCATATCTGG,Memory CD8+ T cells
E2L3_ATCACAGTCCTGCTAC,Classical monocytes
L2_TGCATCCCACGTCTCT,Non-classical monocytes
E2L5_CACGTTCCAGCGGATA,Proliferating T cells
E2L7_AGTGTTGTCGGCTGGT,Plasmacytoid dendritic cells
E2L6_GTAAGTCCATGACTTG,NK cells
E2L1_TGATGGTCAAGTTCGT,Activated CD4+ T cells
E2L4_TACTGCCTCCAATCCC,cDC2
E2L8_TGACGCGCATTCCTAT,Classical monocytes
E2L1_CTACGGGCAAGACGAC,B cells
L4_GGGAAGTTCACCGGGT,HSPCs
L3_CTAACTTGTTTAAGGA,Classical monocytes
E2L7_TGACCCTGTACTGACT,Effector Memory CD8+ T cells
E2L7_GTGTTCCCATCTGCGG,cDC1
E2L1_TGAGGTTAGTTGTCAC,Effector Memory CD8+ T cells
E2L3_ATACTTCGTCGCACGT,CD4+ T cells
L4_AGAAGTAAGTGCAGGT,Plasma cells
E2L4_AGGAATATCAGGAAGC,Non-classical monocytes
E2L2_TTTACGTGTGGACTAG,Plasmacytoid dendritic cells
L4_CGAAGTTCAATCCTAG,B cells
L4_TCATTACTCATAGGCT,Cytotoxic CD8+ T cells
E2L3_TTTGGAGAGACGAAGA,cDC2
L2_GAGGGTATCCAGCAAT,HSPCs
E2L4_AAGCGAGTCAGCATTG,Cytotoxic CD8+ T cells
L5_TTTCACAGTCCTGGGT,Plasmacytoid dendritic cells
L4_GCAACCGAGTTCCAGT,HSPCs
L5_GTTAGTGAGAGGCTGT,CD4+ T cells
E2L6_TCACTCGCACTGCGAC,Proliferating T cells
E2L1_GATGAGGTCACTTTGT,Platelets
E2L5_CAACAACCACATACGT,B cells
L2_ACTTAGGGTCAGTCTA,CD4+ T cells
L2_CCGGACAAGTAGGTTA,Non-classical monocytes
L1_ACTCTCGAGCATGCAG,CD4+ T cells
L4_ACCCTCATCACCGGGT,CD4+ T cells
L3_GGTAACTAGGATTCAA,Classical monocytes
L4_GGACGTCCATGACCCG,Memory CD8+ T cells
E2L3_CGGAACCAGAGCGACT,Effector Memory CD8+ T cells
E2L6_TCCCACAAGACATACA,Cytotoxic CD8+ T cells
L1_TCATCCGAGTCGCGAA,Erythrocytes
E2L8_CATGAGTGTTACTCAG,cDC2
L5_TCGACCTCATCACAGT,Effector Memory CD8+ T cells
E2L8_ATCGATGTCCGACGGT,Non-classical monocytes
L5_AAATGGATCTAGTACG,Classical monocytes
E2L6_AGGAGGTGTCTAATCG,Plasmacytoid dendritic cells
L5_ACCCTCAAGAGGCGTT,HSPCs
L4_ATCGTCCTCAGCACCG,CD4+ T cells
E2L8_GTTGCTCCAGAACGCA,B cells
E2L2_ACCATTTGTATTCTCT,CD4+ T cells
L5_TATTCCATCTTTCTAG,cDC1
E2L6_ACTGTGAAGAGTTCGG,cDC2
E2L7_GACGTTACAGCTTTCC,CD4+ T cells
E2L5_TTTGTTGGTAGGCAGT,Cytotoxic CD8+ T cells
E2L8_GATCATGAGTAAACAC,Effector Memory CD8+ T cells
L2_TCGGATACATACCGTA,CD4+ T cells
E2L8_TCATGTTAGGAGGGTG,B cells
E2L1_CGTTGGGCATGGCCCA,Cytotoxic CD8+ T cells
L3_GTCAAACCAGGGAATC,CD4+ T cells
L2_TATTGCTAGGTACTGG,CD4+ T cells
E2L8_ACAAGCTTCTAAACGC,Cytotoxic CD8+ T cells
E2L7_ATACTTCGTCCCGTGA,Proliferating T cells
E2L8_TCGCTCAGTGTCTTAG,Activated CD4+ T cells
E2L6_ATCATTCTCTGGCCTT,Cytotoxic CD8+ T cells
E2L3_TTTACCAGTTGTGTTG,Cytotoxic CD8+ T cells
E2L7_GACCGTGAGAAGCCAC,cDC2
L2_TCCACCACAGACGGAT,cDC1
L2_TGGGAGACATCGGCCA,Classical monocytes
L5_CCACCATCAATACCCA,Plasmacytoid dendritic cells
E2L3_TCATCCGGTTATGGTC,Plasmacytoid dendritic cells
L2_ATCGTCCTCTGGGAGA,CD4+ T cells
L5_ACTTCGCGTGCCTTTC,Effector Memory CD8+ T cells
E2L5_TCGAAGTCAGGATCTT,Activated CD4+ T cells
E2L5_ATTACCTAGGTTGCCC,B cells
E2L8_GTACAACAGAAATTGC,Proliferating T cells
E2L8_AAGGAATTCGGAATGG,B cells
L2_CGCATAATCCTGTAAG,Proliferating NK cells
E2L8_TTCCTTCCAATTTCTC,B cells
E2L2_TCAAGTGGTCCTGGGT,Plasma cells
E2L1_TGCATGAAGGACCCAA,Non-classical monocytes
L5_GAACACTAGCACTGGA,cDC1
E2L4_TGCAGTATCGCGTGAC,Erythrocytes
E2L3_ACAGGGATCTGCGGAC,cDC2
L3_ATAGGCTGTACCTAAC,Activated CD4+ T cells
L1_CAAGCTAAGTGCAGCA,Erythrocytes
E2L7_GGCTGTGTCGAACACT,B cells
E2L8_ACTTCGCGTTAGGCTT,Effector Memory CD8+ T cells
E2L2_CTGGACGGTTGGGATG,CD4+ T cells
E2L8_CACCAAAGTGCGGTAA,Activated CD4+ T cells
E2L6_CGTGCTTGTGAATGAT,Plasma cells
E2L8_GGAAGTGGTCAGTCCG,Proliferating NK cells
L3_TTCCACGTCTTCTAAC,Memory CD8+ T cells
L4_GTTAGACGTATTTCCT,HSPCs
E2L6_GTGCACGGTATGGAGC,Memory CD8+ T cells
L1_AGAAGCGAGATTAGTG,B cells
E2L1_TGTGTGAGTCGTGTTA,CD4+ T cells
L4_TCACATTAGTTTCAGC,cDC2
E2L1_GACCGTGGTAAGATCA,cDC2
E2L7_GCATGATCACTACAGT,cDC2
E2L8_CTGAGGCTCAGGTAAA,Cytotoxic CD8+ T cells
E2L5_GTGCGTGGTTCGGCTG,cDC2
E2L7_TTTAGTCTCTCCATAT,Memory CD8+ T cells
L2_CCTTGTGGTTCATCGA,HSPCs
E2L6_ACAAAGAAGAAGAGCA,Memory CD8+ T cells
L5_CTGCCTAGTGTTTACG,Plasma cells
E2L6_AAAGGATCACAAGTTC,Memory CD8+ T cells
E2L1_CCCTGATGTCAGGAGT,Activated CD4+ T cells
E2L7_GGTTGTACAACAAGAT,Plasmacytoid dendritic cells
E2L7_CCGGGTATCCTTCTGG,cDC2
E2L6_AGCGATTAGTGATTCC,B cells
L5_GCAGTTATCCGGACTG,Non-classical monocytes
L5_CCTCTCCAGCTTCGTA,Cytotoxic CD8+ T cells
E2L5_AGAAGCGCAATGTGGG,Effector Memory CD8+ T cells
E2L3_TCTCAGCCAGCTGAGA,Proliferating T cells
E2L2_CGTCCATTCTGAGATC,Classical monocytes
E2L1_GAATCGTGTTGTACGT,Plasma cells
E2L3_GAATCGTCAGAAACCG,Proliferating T cells
L5_GTTGTAGCACCCTTAC,Plasmacytoid dendritic cells
E2L8_AGTAACCTCGCTGTCT,B cells
L1_CACGGGTGTATCTCGA,HSPCs
L2_GCCAACGGTGGCTCTG,NK cells
E2L2_GTAGATCCACTTGACA,Non-classical monocytes
L2_GGGTGAAAGGTTTGAA,Proliferating T cells
L1_GTAAGTCCAAGTGCAG,cDC2
L1_GGTAACTAGGATGTTA,Cytotoxic CD8+ T cells
E2L5_TTGAGTGCAATTGCCA,B cells
E2L6_GAAGCGACACCGTCGA,B cells
L1_CGTTCTGAGGCAGGTT,Proliferating T cells
L2_GAGAAATTCTCTATGT,B cells
L4_GAAACCTTCCATGATG,Effector Memory CD8+ T cells
L1_AAGCATCTCGCGTGAC,Cytotoxic CD8+ T cells
E2L7_CTGCATCCACAAGGTG,CD4+ T cells
E2L6_CTATAGGTCCTACAAG,NK cells
E2L2_GGAATCTGTCCGAAAG,cDC2
L1_TTAGGCATCAGCCTCT,CD4+ T cells
L2_CATTTCATCCAACCGG,CD4+ T cells
E2L7_CGGGTCATCTCAAAGC,Cytotoxic CD8+ T cells
E2L6_GTGGAAGCACTCACTC,CD4+ T cells
L2_TTCGATTCAATCGTCA,NK cells
E2L1_TCTTTGATCGTGGGTC,cDC1
L3_CTCCAACCACCGCTGA,CD4+ T cells
L3_AGCGCCAGTGCTGCAC,Proliferating T cells
E2L7_GGGTGAATCTTCCAGC,Proliferating T cells
E2L1_AACTTCTAGACTCTAC,Non-classical monocytes
E2L4_GCTACCTTCCAAGCAT,NK cells
E2L3_AGTAGCTTCACGGAGA,Cytotoxic CD8+ T cells
E2L6_CGTGATACAGGTTCCG,cDC2
L4_CGATGCGAGTGGTTGG,B cells
L1_GACTATGGTGGTTTGT,CD4+ T cells
E2L2_CATGAGTCACAAAGTA,B cells
L5_CTATCCGTCCTTGAAG,CD4+ T cells
E2L3_CTCAATTCATAGGCGA,CD4+ T cells
E2L4_AGCGATTAGATTGCGG,Memory CD8+ T cells
L2_CCGATCTCACGAGGAT,CD4+ T cells
E2L3_GCGTGCAAGCGGGTAT,Platelets
L4_ACCTACCTCCGGCAGT,CD4+ T cells
L3_AGCATCACAACCCTAA,CD4+ T cells
E2L7_GCCGTGAGTTTGGGTT,Proliferating T cells
L4_AACGTCAAGTATGAAC,Memory CD8+ T cells
E2L6_AGCCAATCAGAAGCGT,B cells
E2L5_TCTTTGAAGGTTCCAT,cDC1
L3_AGTCACACACCAGCTG,NK cells
L1_ACGGTTAGTCAGTCGC,Plasma cells
L2_CACACAATCCTACACC,Memory CD8+ T cells
E2L1_AGGGCTCTCAACCTCC,CD4+ T cells
E2L1_CCCGAAGGTATTAAGG,B cells
L5_CCACAAACAGCCATTA,Cytotoxic CD8+ T cells
L1_ATCACTTGTTGAATCC,CD4+ T cells
E2L3_TGCAGTAGTGTTTCTT,B cells
E2L6_TCAGGGCCAACAAGAT,Plasma cells
E2L3_AGCCAATGTATGAGCG,Platelets
E2L8_CATGCAATCGAGTACT,Plasmacytoid dendritic cells
E2L8_TTCCTAACAGTCGCAC,Effector Memory CD8+ T cells
L4_GGGCGTTGTTACGATC,cDC2
L5_GTCGAATGTGCCTTCT,HSPCs
L3_GAAACCTGTTACAGCT,CD4+ T cells
E2L2_AGGATAATCGACCACG,Classical monocytes
E2L3_GCTACAATCCCGAACG,Plasma cells
L5_ATGTCCCGTTGCTGAT,Proliferating T cells
L2_ACGTTCCCAGGTCCGT,cDC2
L1_ACCCTCACAAGAGTGC,CD4+ T cells
E2L3_AGATGCTAGTGCACAG,Cytotoxic CD8+ T cells
E2L8_GTTGTAGAGCGCATCC,Classical monocytes
E2L8_GTGATGTGTCTAATCG,Proliferating T cells
L1_ACTTTGTCAAGCACAG,Memory CD8+ T cells
E2L2_GGTCTGGCATAATCGC,CD4+ T cells
E2L8_TTCCTCTGTCCATCTC,Effector Memory CD8+ T cells
L5_AGGGTGAAGTTGCTCA,Effector Memory CD8+ T cells
E2L1_ACAAAGACAGAACTAA,Activated CD4+ T cells
E2L3_TCCCACAGTGGCCCAT,Activated CD4+ T cells
E2L6_GAATCACAGGGCGAAG,cDC2
E2L6_CCTCCAATCCCATACC,Cytotoxic CD8+ T cells
L2_TAACCAGAGCCTTTCC,Proliferating T cells
E2L1_CCAAGCGGTTTCCCAC,Proliferating T cells
E2L4_GTGATGTCAATGACCT,Proliferating T cells
L3_AATGGAAAGTGGTCAG,Erythrocytes
E2L7_CACTGGGCAGCGGTTC,CD4+ T cells
L1_TGGAACTTCACGATCA,cDC1
L2_TTGACCCGTCTTGAGT,CD4+ T cells
E2L3_GTGCTGGGTATGGAAT,Plasmacytoid dendritic cells
E2L1_ATAGACCTCGCCGAGT,Cytotoxic CD8+ T cells
E2L8_GCGGAAACATGTGGTT,B cells
E2L5_TCCTCTTAGGGCAGAG,CD4+ T cells
E2L8_GGCAGTCAGAGGTATT,B cells
L1_ACCATTTAGCCTTTCC,Effector Memory CD8+ T cells
E2L2_CCTAAGAGTACCCACG,B cells
L3_ACGTCCTCATCCGTGG,CD4+ T cells
E2L2_CTTCCGATCGATTGAC,CD4+ T cells
E2L5_CTCCATGTCCTCACCA,CD4+ T cells
L1_GGTGTCGTCTCGGTAA,CD4+ T cells
L5_GTGTCCTCAATAGTGA,CD4+ T cells
L5_CCTCAGTCATCCTAAG,Cytotoxic CD8+ T cells
L1_TTCACCGTCAGCGCGT,CD4+ T cells
E2L3_ATCGGCGTCACTTTGT,CD4+ T cells
L5_GAGGCAAAGGTACATA,HSPCs
L2_TTCACCGGTGCGGATA,Cytotoxic CD8+ T cells
E2L7_GGATCTAAGATTGGGC,cDC2
L5_AGTAGTCTCATAAGGA,Effector Memory CD8+ T cells
E2L3_AGACCATCAAGCCCAC,NK cells
L5_AATTTCCAGGCCTTGC,B cells
E2L8_CCATCACAGGCGACAT,cDC2
E2L6_GAATCGTCACTCCGGA,Plasmacytoid dendritic cells
E2L1_TACTTACGTGTTTCTT,Cytotoxic CD8+ T cells
E2L8_CTGATCCAGTCATGAA,Proliferating T cells
L1_TGGGAAGTCATGCTAG,Plasmacytoid dendritic cells
E2L2_CTCAACCAGATGTTAG,cDC2
E2L7_GAGTTTGTCGCCAACG,CD4+ T cells
E2L4_GGGATGATCCGTCACT,Effector Memory CD8+ T cells
L5_GGTAACTGTGTATTCG,cDC2
E2L2_AGAAGCGGTTAAGAAC,CD4+ T cells
E2L5_CTCATCGCACTTCAAG,CD4+ T cells
E2L3_TTCATTGAGTTACGAA,CD4+ T cells
E2L1_CCTCATGAGACGACGT,Plasmacytoid dendritic cells
E2L2_TCAGCCTTCTTGCAGA,B cells
E2L8_TGCATGAAGAGCAGCT,Cytotoxic CD8+ T cells
L1_AGATGAACAGTTACCA,CD4+ T cells
E2L7_CTTGATTTCTTTGATC,Effector Memory CD8+ T cells
L4_GTGCTTCTCAGGAAAT,B cells
L4_ATTCCTATCAGTAGGG,Proliferating T cells
L5_TGGATCAAGAGGCGGA,Non-classical monocytes
L5_GTCTAGAAGCAATTCC,Cytotoxic CD8+ T cells
L1_CTCAACCTCCAAATGC,CD4+ T cells
E2L8_CTCATTATCGGAATTC,B cells
E2L7_GAATCGTTCTGTCGTC,Plasmacytoid dendritic cells
L4_CCTCATGAGCGTCAAG,NK cells
L2_TTCAATCAGCACTTTG,Memory CD8+ T cells
L5_CTGCTCAAGGCGATAC,Proliferating T cells
E2L8_CGTTGGGTCCGCCTAT,CD4+ T cells
E2L1_GCTGCAGTCCTACCGT,B cells
L2_CATAAGCGTATACCCA,CD4+ T cells
L4_CCACTTGGTTGTACGT,Effector Memory CD8+ T cells
E2L1_GAGAAATAGTCAATCC,CD4+ T cells
E2L3_CCAAGCGCACCCTAAA,Activated CD4+ T cells
E2L8_CCTATCGCAGAACATA,B cells
E2L2_CGCAGGTGTACTGAGG,cDC1
E2L4_TTTCACAGTGTATTGC,Cytotoxic CD8+ T cells
L2_CAACCTCGTGGCAGAT,CD4+ T cells
L3_GCGGATCTCGGATAAA,Cytotoxic CD8+ T cells
E2L2_GGTAACTCATCATCTT,B cells
L2_ACGTCCTGTAATGTGA,Effector Memory CD8+ T cells
L2_TTTAGTCAGGCGAAGG,CD4+ T cells
L3_AGTTCGACAGGGAATC,Cytotoxic CD8+ T cells
L1_GGAGGTACACCCAAGC,Plasma cells
E2L8_TACAGGTAGGATGTTA,Plasmacytoid dendritic cells
L4_CTCAGAATCGTTCGCT,Proliferating T cells
L3_ACATGCACAAGTGGCA,CD4+ T cells
L4_CGGGTGTAGAGTGGCT,cDC2
L5_ACATCCCTCCTTCGAC,CD4+ T cells
E2L5_CGAATTGAGGATTACA,Plasma cells
E2L2_GTGCTGGAGTACAGAT,Cytotoxic CD8+ T cells
L3_TTACAGGTCGTTCATT,CD4+ T cells
L4_ATGAAAGGTGTTTACG,Memory CD8+ T cells
E2L5_TACCTGCAGTCTCCTC,CD4+ T cells
L1_TTTGACTTCGATTGGT,Plasmacytoid dendritic cells
E2L2_CACACAATCTTTGCGC,B cells
E2L2_GTTACGATCGTAGGAG,Effector Memory CD8+ T cells
L2_GGTTAACGTCTTCGAA,B cells
E2L1_CCATAAGCACTGAGTT,Platelets
L1_TTGCCTGGTTGGCTAT,HSPCs
L3_TCCTCTTGTAGTTAGA,CD4+ T cells
L3_TGATCTTGTTAGTTCG,B cells
E2L6_GACCCAGTCTGCTGAA,CD4+ T cells
L4_AAGCATCGTAACTGCT,cDC2
E2L6_ACTATCTAGACTTAAG,Cytotoxic CD8+ T cells
L1_ACACTGAAGTCCCAAT,CD4+ T cells
E2L3_GCAACCGCATCGATAC,Proliferating T cells
L2_AACAAAGGTGATTAGA,Activated CD4+ T cells
L5_ATTCATCAGAGCCCAA,HSPCs
L4_CTCAGAAAGTCGGCCT,CD4+ T cells
L2_ATAGAGAGTGCCCTTT,CD4+ T cells
E2L3_AGACAAACATTCCTCG,NK cells
L1_TGATCAGAGTAAACAC,cDC2
E2L6_TCTACCGAGAAGGCTC,CD4+ T cells
L1_GCAGCTGGTAGTGGCA,Erythrocytes
E2L1_GACAGCCGTGATGAAT,Activated CD4+ T cells
L1_CGTCCATGTTCCTAAG,CD4+ T cells
E2L7_TCGTAGAAGATCCGAG,Activated CD4+ T cells
L4_GTTGTGAGTTCGTAAC,cDC1
E2L7_TTGCATTGTTTCCCAC,CD4+ T cells
L2_TGCGGGTAGCAACAAT,Cytotoxic CD8+ T cells
E2L3_GAGTGTTAGAAGTCTA,CD4+ T cells
E2L6_CCTAAGAGTTCCCACT,Plasma cells
L2_CGCGTGAGTGGTCCCA,Cytotoxic CD8+ T cells
E2L7_GATGACTAGGTAAACT,Classical monocytes
L1_GAAACCTTCTACTGAG,Memory CD8+ T cells
E2L7_CTCAGGGCATACAGGG,CD4+ T cells
E2L8_GACTATGAGCGTTCAT,cDC1
E2L8_ACGTACAAGTGGTCAG,B cells
E2L3_TCAAGACAGCAAATGT,Memory CD8+ T cells
L3_GCGTGCACAAGACAAT,Classical monocytes
E2L1_TCTTAGTAGGACAGTC,Effector Memory CD8+ T cells
E2L8_CCTATCGAGTCGAGGT,Proliferating T cells
L4_ATCCATTTCCCTATTA,CD4+ T cells
E2L8_GGCTTGGTCAAGTAAG,Activated CD4+ T cells
L2_TTGGGATCACAATTCG,Memory CD8+ T cells
E2L6_ACTGCAATCATACGAC,B cells
E2L8_GTGTGATGTTGCGGCT,Plasmacytoid dendritic cells
E2L6_AGCGCTGGTGACACAG,Effector Memory CD8+ T cells
L2_CGAAGGAGTCGCATGC,Cytotoxic CD8+ T cells
L5_TAATTCCAGTCATCGT,B cells
E2L1_TATATCCAGCTAATCC,Cytotoxic CD8+ T cells
L1_CGCATAACAGAGTCAG,HSPCs
E2L2_TGTGCGGGTTCCCACT,Cytotoxic CD8+ T cells
E2L6_TCATTACAGTAATACG,CD4+ T cells
L4_TACCGAAAGGCATCGA,CD4+ T cells
E2L4_TCCTCCCAGCGTTAGG,Platelets
L3_CGTAAGTCAATAGTGA,HSPCs
L1_CACTGTCAGCTCCACG,B cells
E2L3_TCCTAATAGACTGTTC,CD4+ T cells
L2_TTCATTGTCTAGCAAC,Cytotoxic CD8+ T cells
L4_TTGTTGTCAGGATCTT,Plasmacytoid dendritic cells
E2L5_CACAGATGTCTACACA,Plasma cells
L2_TGCAGTAGTTTGACAC,HSPCs
E2L1_TGTCCCAGTTGCGGCT,Effector Memory CD8+ T cells
L3_GATGCTACAAGCGAAC,Cytotoxic CD8+ T cells
L2_ACCTGAAGTGCAACGA,Plasmacytoid dendritic cells
L2_ATTCGTTGTAGCTTAC,CD4+ T cells
L3_TTCCGTGAGGAGCTGT,Activated CD4+ T cells
L4_GCACTAACAGTTGAAA,Plasma cells
L1_AGCCAGCTCATCGACA,Platelets
E2L7_GCAGGCTAGGAGGGTG,Plasmacytoid dendritic cells
E2L1_GAAACCTGTGCCGAAA,Classical monocytes
L4_AGCGCTGAGGAGAATG,CD4+ T cells
E2L4_TACTTACAGTGGTTAA,cDC2
E2L4_GAACGTTCAGACCAGA,CD4+ T cells
E2L7_ATCTTCAAGCAGCCCT,Classical monocytes
L3_TCACAAGAGTCACTCA,Cytotoxic CD8+ T cells
E2L1_CTCCACACATGGCGCT,CD4+ T cells
E2L4_GCTACAAAGCAGCCCT,Plasmacytoid dendritic cells
L4_ACGGTTACACTAGTAC,Classical monocytes
L4_TTTAGTCAGGGATCTG,CD4+ T cells
L3_GCCTGTTGTCACCGAC,CD4+ T cells
L2_TTCTAGTAGAGTAACT,HSPCs
L5_CCTCATGCAGATCATC,HSPCs
E2L3_ATGAGTCTCTCCCTAG,Proliferating T cells
E2L4_AAAGGATTCGTGGGAA,B cells
L3_CTGAGGCTCCATAGAC,Cytotoxic CD8+ T cells
L2_TCTAACTAGTGGTGAC,NK cells
E2L3_GAAGGACTCCGAAGGA,Classical monocytes
E2L5_TGCGACGCACGAAAGC,Cytotoxic CD8+ T cells
L5_GGAGCAAGTGTAGTGG,CD4+ T cells
L2_AAGGTAAAGAGCAAGA,Effector Memory CD8+ T cells
E2L3_TGTAGACCAAACTAAG,Platelets
L2_TCACGGGTCACACCCT,CD4+ T cells
L1_GCATCGGCATGGGTCC,CD4+ T cells
E2L5_CTCATTATCTTTACAC,Platelets
E2L6_AGAACAAGTCGCCACA,HSPCs
E2L4_AGTTCCCAGGTTAGTA,Cytotoxic CD8+ T cells
L4_CTGAGCGTCAGACAAA,Non-classical monocytes
L3_AACGGGATCGTTAGAC,Non-classical monocytes
L2_TTGACCCTCCGACATA,Plasma cells
E2L1_GATTCGAGTGACACGA,NK cells
E2L4_GAACTGTTCCGACATA,Proliferating T cells
E2L1_CATCCCAGTCGAGATG,Plasmacytoid dendritic cells
E2L5_CTCCGATCAGTAGAAT,CD4+ T cells
L5_CTAACTTAGCTAAACA,Proliferating T cells
L5_GAACACTCACATTACG,cDC2
E2L2_GTAAGTCAGCCTTCTC,Effector Memory CD8+ T cells
E2L6_CCACCATAGTTTGAGA,B cells
L2_CCTTTGGTCTGGACCG,Erythrocytes
L3_ACGCACGTCTTTCGAT,Platelets
L4_AGATCCAAGCATAGGC,Cytotoxic CD8+ T cells
L5_CTCTGGTCACACTTAG,Cytotoxic CD8+ T cells
L3_CATCAAGAGCGGATCA,CD4+ T cells
L4_TACGTCCAGGTGGGTT,CD4+ T cells
E2L6_CTCCCTCGTGCACATT,Cytotoxic CD8+ T cells
E2L2_AGATGAATCGTGCACG,B cells
E2L4_ATTCATCTCCGTCAAA,CD4+ T cells
L3_GACGTTAGTTCAAACC,HSPCs
E2L4_GTAGTACAGTATGAGT,Proliferating T cells
E2L8_TGGAGAGAGACTAAGT,Cytotoxic CD8+ T cells
L5_TTGCATTGTCGTCTCT,cDC2
L1_CTGCCATCAGAGCTAG,HSPCs
E2L2_TTCTAGTTCAACTTTC,Proliferating T cells
E2L1_TTGTTCAAGGTAGATT,cDC1
L4_GTCACTCCATCTCATT,cDC2
L4_TAAGTCGAGAGCATTA,Effector Memory CD8+ T cells
E2L8_TGCACGGTCCACCTGT,CD4+ T cells
E2L8_CTGGTCTTCACCTCGT,Plasmacytoid dendritic cells
L1_TCCTCCCTCAGTGTTG,CD4+ T cells
E2L2_ATCGTCCTCCAGCTCT,Cytotoxic CD8+ T cells
E2L3_CAGATCACAGATCATC,Classical monocytes
E2L8_GAGAGGTAGTAGAATC,CD4+ T cells
E2L6_GTCACGGTCCTTGAAG,Erythrocytes
E2L1_CGTTAGATCTAGGCCG,Activated CD4+ T cells
E2L7_ATCCCTGGTGCGGATA,Proliferating T cells
E2L8_GATCACATCTAGGAAA,B cells
E2L6_TAGGAGGAGATGTAGT,B cells
L4_TTTAGTCCACTATCGA,Effector Memory CD8+ T cells
E2L1_TACCTCGGTTGGCCTG,Platelets
L5_AGTCACATCCGTATAG,Platelets
L4_TCGGATAAGGGCGAGA,Non-classical monocytes
E2L6_AGGGTGAAGAGCACTG,CD4+ T cells
E2L6_AGCGATTGTATGATCC,B cells
E2L6_CCACGAGAGAATCGCG,Platelets
E2L5_ATTTACCTCCCTGTTG,CD4+ T cells
L4_CTGCTCAAGATAGTGT,Cytotoxic CD8+ T cells
E2L6_CTAGACACAGGCGTTC,NK cells
L4_GAGAAATGTTAGGACG,Activated CD4+ T cells
E2L4_GGCAGTCCATGAAGGC,Classical monocytes
L5_ATCTTCATCTCATTGT,CD4+ T cells
L4_GGGCTACAGACCAGAC,Plasmacytoid dendritic cells
L3_CGGGCATCACAATGCT,CD4+ T cells
E2L5_ACGTCCTTCAACGTGT,cDC2
L1_AGTACCAGTCCGGACT,Cytotoxic CD8+ T cells
L3_GTGTAACCATAGATCC,Proliferating T cells
E2L5_TCGGGACCATGCCGAC,Plasmacytoid dendritic cells
L2_TTGCTGCAGAGCGACT,CD4+ T cells
E2L7_TGCCGAGAGTGAATAC,B cells
L2_TTTACGTGTTCCTAGA,Plasma cells
L5_CATACTTGTAGGATAT,CD4+ T cells
E2L8_TAGGTTGGTTCAGGTT,Cytotoxic CD8+ T cells
L1_GCATCGGGTAACTTCG,Plasma cells
L4_TGGATGTTCTCAACGA,Erythrocytes
E2L2_GGGACCTGTAGACAGC,Plasma cells
L2_CTCAATTTCAACGAGG,CD4+ T cells
E2L2_GAGTCATTCTCGACGG,CD4+ T cells
L5_AACCACACAAGATCCT,CD4+ T cells
L5_CTATAGGAGATAGCAT,Cytotoxic CD8+ T cells
L5_CCATAAGCACGACTAT,CD4+ T cells
E2L7_TTATTGCAGAGGCGTT,Proliferating T cells
E2L6_GTAGTACTCATTACGG,Proliferating NK cells
E2L4_CTCTGGTAGGACGCAT,Non-classical monocytes
L2_GGGAGATCAGTCTACA,HSPCs
L2_GACCGTGAGCGTGTTT,Activated CD4+ T cells
E2L2_GTGAGGAGTGCTCTCT,Activated CD4+ T cells
E2L2_CGTGCTTAGATGCAGC,Effector Memory CD8+ T cells
L5_AAACCCAAGGATGGCT,Plasma cells
L5_TCTTAGTCATACGCAT,Plasma cells
E2L4_ATCCATTCATGGTACT,Proliferating T cells
L2_AATGGAATCGTCGCTT,CD4+ T cells
E2L6_AGTCACACACAGAAGC,Classical monocytes
E2L1_TTGGGATTCGCTCTCA,Platelets
E2L7_AACGAAAAGTGCCTCG,Activated CD4+ T cells
E2L7_ACGGTTAGTCTACGAT,Non-classical monocytes
L4_GCCAACGGTAAGCGGT,Cytotoxic CD8+ T cells
L5_ACTGATGTCGTGTTCC,Proliferating T cells
E2L7_CGTGCTTCAAATGGTA,B cells
E2L4_TGAGCGCTCGCCACTT,Cytotoxic CD8+ T cells
E2L5_TACGTCCAGAGTTGTA,cDC2
L2_TCCTTTCCATCTCATT,Proliferating T cells
E2L8_GAGTCATCAACTCATG,Cytotoxic CD8+ T cells
L4_GAACTGTCAAATACAG,cDC1
E2L8_TCGTGGGCACAAGGTG,CD4+ T cells
L4_TCATTGTAGGTCGTCC,B cells
L4_TTCCGGTTCATCGGGC,Proliferating T cells
E2L3_CACGTTCCATCACCAA,Non-classical monocytes
L2_TGCTCCAGTGCGTTTA,CD4+ T cells
L2_CGTAGTATCCATTGGA,CD4+ T cells
L3_GTAGATCGTTTCGTGA,Cytotoxic CD8+ T cells
L1_CGTTGGGGTCATTCCC,Plasmacytoid dendritic cells
E2L7_GACTTCCCATGGCTGC,Effector Memory CD8+ T cells
L5_CATCGTCCATGGGCAA,Cytotoxic CD8+ T cells
E2L7_ATCGTGAGTGAATGTA,HSPCs
E2L7_AGGGTGACAAAGACGC,Effector Memory CD8+ T cells
L5_ATGAGGGTCACTGGTA,CD4+ T cells
E2L5_CAACCAACACATACTG,Plasma cells
L3_GAAGAATAGAGCCGTA,CD4+ T cells
L5_CATTGCCTCTGCGATA,CD4+ T cells
E2L7_GAAGAATGTGGCCTCA,cDC1
E2L4_GGTAGAGGTTGCATCA,CD4+ T cells
E2L8_CTTCTCTCATCCGAAT,Proliferating NK cells
L5_GTTCCGTCAGCGTATT,Erythrocytes
L4_TCATTTGAGCGAAACC,Effector Memory CD8+ T cells
E2L1_GTCACTCGTGTTAAAG,Plasmacytoid dendritic cells
L4_ATGGATCCATAAGATG,cDC2
E2L7_CATTGAGAGGCACAAC,Classical monocytes
L4_CATTCTAGTCCCAAAT,Plasmacytoid dendritic cells
L3_GGTTGTAAGTGTCATC,Non-classical monocytes
L5_CACGAATAGGATTCAA,HSPCs
E2L6_AGGGCCTCACACCTAA,Cytotoxic CD8+ T cells
L3_ATTATCCTCTACACTT,CD4+ T cells
E2L5_CCCGAAGAGCCTGTGC,B cells
E2L7_CATACTTCATCTCAAG,CD4+ T cells
E2L7_GGTGAAGAGCATGGGT,CD4+ T cells
E2L3_TCATTGTCAGAGTGAC,Effector Memory CD8+ T cells
L4_GATGACTTCGGACGTC,CD4+ T cells
E2L6_CATACAGAGCTGTTCA,B cells
E2L2_TCCAGAACAGCGGTTC,CD4+ T cells
E2L7_CTGAGGCTCCATTCAT,HSPCs
L2_TATCAGGTCGTCCTTG,cDC2
E2L2_ACGTAACTCAAAGACA,Plasma cells
L2_ACACCAAGTTATAGAG,CD4+ T cells
L3_GACCCTTGTCGGTACC,Cytotoxic CD8+ T cells
L4_AGCCAATGTACAGAAT,Activated CD4+ T cells
E2L1_CAGGGCTCATAGGTTC,Proliferating T cells
E2L7_GTGAGCCTCCCGGTAG,B cells
E2L4_AGCCAGCCAAGTGGAC,Plasma cells
E2L5_CATGCGGAGTCGCCAC,Cytotoxic CD8+ T cells
L5_TGAGCATAGTCCCAAT,Cytotoxic CD8+ T cells
E2L2_TTGACCCCACGGCTAC,Plasma cells
L5_ATTATCCTCAACTCTT,Effector Memory CD8+ T cells
E2L4_CTCCACACATGGCTGC,B cells
L5_TATTTCGAGCGGTAAC,CD4+ T cells
E2L7_GTTTACTCATTGAAGA,cDC2
L4_TTTCCTCCACAGTCAT,Non-classical monocytes
L4_CATAGACTCTCTTGCG,Erythrocytes
L4_AGCATCACAAATTGCC,CD4+ T cells
E2L3_ACAAAGAGTCGTGATT,Effector Memory CD8+ T cells
L4_GCCGATGTCAACCGAT,cDC2
E2L7_CCTCTCCGTTACGTAC,CD4+ T cells
E2L6_AGGGTCCGTACTGTTG,B cells
L5_ATTCAGGTCGCAGAGA,CD4+ T cells
E2L6_TGCGGGTGTAAGGTCG,B cells
L1_TCCTTCTCAGTCTGGC,CD4+ T cells
E2L5_TTACAGGGTCACTACA,CD4+ T cells
E2L3_CGCCAGACAGGACGAT,Activated CD4+ T cells
E2L7_GCGTTTCGTGGCTTAT,Platelets
L4_CAACAACTCCTGGGAC,CD4+ T cells
L2_AAGAACATCCGAGCTG,HSPCs
L3_ACGCACGAGTAGCATA,CD4+ T cells
E2L3_TGCATCCTCGTCAAAC,cDC2
E2L1_CCTACGTTCCATTTGT,B cells
L2_ATCATTCCACGGTGAA,Effector Memory CD8+ T cells
L2_ATTTCACGTCACCGAC,NK cells
E2L4_CATAAGCCAACACTAC,Plasmacytoid dendritic cells
E2L1_TTTACGTCAGAGGGTT,NK cells
E2L1_GCTGAATAGGCATGGT,cDC2
E2L1_CCTAAGATCTAGACAC,Cytotoxic CD8+ T cells
E2L1_CACTTCGCAAATAGCA,Cytotoxic CD8+ T cells
L5_GCTTTCGCATTGAGCT,CD4+ T cells
E2L1_CACAACATCTCGTGAA,Platelets
L4_GGAGATGAGATGTTCC,Platelets
L2_CCCAACTTCTATGTGG,Effector Memory CD8+ T cells
L5_AGGGAGTAGAAACTGT,CD4+ T cells
E2L3_TCATACTGTTTACGAC,Effector Memory CD8+ T cells
L5_TGATTTCTCAACTTTC,CD4+ T cells
E2L6_TCTTGCGGTCCGGTCA,B cells
E2L5_GGGTCTGCATCCGGTG,NK cells
L2_TTTCCTCCAAGTGCAG,CD4+ T cells
E2L3_CCTCATGAGCCTGGAA,Cytotoxic CD8+ T cells
L3_TGCGGCATCCGATCGG,B cells
E2L1_AGGTTGTGTTCGGTTA,Activated CD4+ T cells
L2_TATCCTAAGACAAGCC,Plasma cells
L4_TCCACCAGTGACCGTC,CD4+ T cells
E2L2_TTCAGGATCACTGATG,B cells
E2L6_GCCAGCAAGTAACCTC,B cells
L1_CGGAACCTCCGTGGGT,Plasma cells
L4_TTTGGAGAGTTGCCTA,Effector Memory CD8+ T cells
E2L4_GTCTTTAAGACCAAGC,Cytotoxic CD8+ T cells
L5_TATCTTGAGAGTTCGG,Plasmacytoid dendritic cells
E2L4_GTCATCCAGTTTCTTC,B cells
E2L5_AGAAGCGTCATTTGCT,NK cells
L4_TTAGTCTAGACATGCG,CD4+ T cells
L5_TCACTATCAGTGCCTG,Effector Memory CD8+ T cells
L5_TGCAGATTCACTTCTA,CD4+ T cells
E2L5_TGCAGTAAGGGCTAAC,Cytotoxic CD8+ T cells
L5_CGTAGTAAGTAGGCCA,CD4+ T cells
E2L8_TTGGATGCAACCGATT,Non-classical monocytes
E2L6_TTCCAATAGCAGCACA,Classical monocytes
L3_TTCGGTCTCTCGCGTT,Proliferating NK cells
E2L5_GTTGCTCGTGACTGAG,Platelets
E2L2_GCATGATAGGTGCATG,Cytotoxic CD8+ T cells
L5_CATGCGGTCATCTCTA,B cells
L1_TTACTGTCATCCGGCA,B cells
L4_AAGGTAACAGCTATTG,Cytotoxic CD8+ T cells
E2L8_AGTAGTCCACTCAGAT,cDC2
E2L4_AAGCATCAGTAGCATA,Cytotoxic CD8+ T cells
L5_CTGATCCGTAGTTAGA,CD4+ T cells
E2L7_TGAATCGCACTGGCCA,Cytotoxic CD8+ T cells
E2L4_CAATGACGTAATGATG,cDC2
E2L6_TCCGAAAAGACCTTTG,CD4+ T cells
E2L8_CTTAGGAGTTAAACCC,Non-classical monocytes
L4_TGATCTTCAACGATTC,HSPCs
E2L8_TCAGTTTTCGTGGGTC,Erythrocytes
E2L5_TCGCAGGCAGCATCTA,Cytotoxic CD8+ T cells
L5_GCACATACAGAAATTG,CD4+ T cells
E2L7_CCAATTTTCCGATGTA,Cytotoxic CD8+ T cells
E2L5_GGTAACTGTTAAGCAA,Effector Memory CD8+ T cells
E2L8_CTAGGTACAGGACGAT,Cytotoxic CD8+ T cells
L4_CAACAACCAGGACATG,Memory CD8+ T cells
E2L8_GTGCGTGGTACGAGTG,B cells
L5_AACCCAACAGGATTCT,Effector Memory CD8+ T cells
L2_ATCGATGAGATGCAGC,CD4+ T cells
L4_CTACAGACAACGGGTA,cDC2
L1_TGTCCTGCAACTGCCG,Erythrocytes
L5_GCCATTCTCACGTCCT,Memory CD8+ T cells
E2L1_ACGTTCCAGACATCAA,Non-classical monocytes
L2_CACGTGGGTGGTGATG,CD4+ T cells
E2L4_AGAAGTAAGTCGAAAT,Non-classical monocytes
L3_CGGGTGTAGCCTAACT,CD4+ T cells
E2L8_CTCCACATCAAGCCTA,B cells
E2L2_CATGGTAAGGATTTAG,Platelets
E2L1_CGAGTGCGTGGCCTCA,Proliferating T cells
E2L1_CTATCCGCAGAACATA,cDC2
L4_GTTAGTGGTACGTGTT,Plasma cells
L3_CGTAATGAGCTTGTTG,CD4+ T cells
E2L3_GTTCCGTTCTCACGAA,Plasma cells
E2L3_CCCGAAGCAGTCTCTC,Plasmacytoid dendritic cells
L3_CTATCTAAGACGTCGA,Effector Memory CD8+ T cells
E2L5_GGGTCTGAGATCCTAC,Cytotoxic CD8+ T cells
E2L2_AGGGCCTAGCGTATAA,CD4+ T cells
E2L2_AGCGCTGGTGGTAATA,Plasmacytoid dendritic cells
E2L5_TTCCGTGCAGCACAGA,Plasma cells
E2L7_TCTGCCAGTTTGACAC,Effector Memory CD8+ T cells
E2L3_CCCTTAGTCCAAGCAT,Plasmacytoid dendritic cells
L3_CAGAGCCGTTCTTGTT,HSPCs
E2L2_GCCAGGTAGCTAGTTC,Classical monocytes
L5_GGGACAAGTGGCACTC,CD4+ T cells
L3_ATGCCTCGTGGATGAC,Cytotoxic CD8+ T cells
L5_TCCACGTAGAAATCCA,Non-classical monocytes
L4_GTAACCAAGAGATGCC,Activated CD4+ T cells
E2L7_TATTGGGTCATTCTTG,cDC1
E2L6_TGACGCGGTGAGTAAT,Proliferating T cells
L2_CATGGTATCTTTGCGC,B cells
L1_ACATCCCAGGTAGTAT,Effector Memory CD8+ T cells
E2L1_GTGTTAGCAGACACCC,NK cells
L3_TATTGCTCAATCGTCA,B cells
L2_CAACAGTGTTAAGGAT,CD4+ T cells
E2L5_GAGTTTGCATAATCGC,B cells
E2L1_CTCCTCCTCCGCGAGT,CD4+ T cells
E2L6_CAAGCTATCGTTTACT,Effector Memory CD8+ T cells
L1_TTCTAACTCGTAGGAG,NK cells
L1_TAGGTACGTCGGCACT,CD4+ T cells
E2L1_TCAGTTTCAACGGTAG,Activated CD4+ T cells
E2L2_TACCGAAAGCCGGATA,Proliferating T cells
L4_AACGGGATCGACGAGA,Effector Memory CD8+ T cells
L1_GCACTAACACTGTCGG,Cytotoxic CD8+ T cells
E2L4_GTTACGACACAAGTGG,B cells
L3_TGGAACTAGAATAGTC,Classical monocytes
L3_CAACCTCGTGAATTGA,CD4+ T cells
E2L4_TTCACCGAGGCTCCCA,CD4+ T cells
L4_TGCTGAACAAGGTACG,CD4+ T cells
L2_GACGCTGGTCACTCAA,Cytotoxic CD8+ T cells
L5_TTTGTTGTCTCCGTGT,CD4+ T cells
L1_AAGATAGAGCAGATAT,CD4+ T cells
L4_TTAGTCTTCAGAGTGG,HSPCs
E2L7_AACAACCGTTCATCGA,Cytotoxic CD8+ T cells
L2_TCGCTCAAGCTAAACA,cDC1
E2L4_GATTCGACACGGTGAA,Plasma cells
L3_TATACCTAGAACTTCC,CD4+ T cells
E2L7_GCAGCTGCAAGAATAC,Cytotoxic CD8+ T cells
E2L4_TTTGATCTCACGAGGA,Effector Memory CD8+ T cells
E2L6_TCGCTCAAGGTTCAGG,B cells
L5_CTGGACGCAGTAACGG,Effector Memory CD8+ T cells
L5_ATTCAGGGTGGAAGTC,CD4+ T cells
E2L5_GAGAAATCAACCGCTG,Proliferating T cells
E2L1_TGTGGCGTCCTCGATC,B cells
E2L7_GACCTTCTCGCAAGAG,Platelets
L2_TCTTCCTGTGGACCAA,Cytotoxic CD8+ T cells
L2_GAGTCATGTCGCATGC,Memory CD8+ T cells
L5_GCCCGAAGTGGTTCTA,Non-classical monocytes
E2L3_AGGCATTGTGAACGGT,NK cells
L3_CAGCGTGCACTGTCCT,CD4+ T cells
E2L2_GAGTTACCATTAGGAA,Cytotoxic CD8+ T cells
L2_AGTGCCGTCCGAGCTG,HSPCs
E2L3_GGATGTTTCGTAGAGG,Activated CD4+ T cells
E2L4_TATCTGTAGAGCCGTA,Activated CD4+ T cells
L1_AGCCAATTCGCGTCGA,Plasma cells
E2L7_AGTGCCGGTATAATGG,B cells
E2L4_CTCCTTTCAGTGGTGA,CD4+ T cells
E2L4_GAAGAATCAGGTGTTT,Effector Memory CD8+ T cells
L5_ACGGTTACACTGTGTA,CD4+ T cells
E2L8_TCTATACCATTAAAGG,Plasmacytoid dendritic cells
E2L5_TACTTGTTCTCATAGG,CD4+ T cells
E2L6_GTCGAATTCGTAGAGG,cDC2
E2L7_CGTAATGTCGATCCCT,Plasmacytoid dendritic cells
E2L8_GGGAGATCAGTACTAC,Platelets
E2L1_CAGTTCCGTTATTCCT,Plasma cells
L4_AACGAAACAGCCCACA,Platelets
E2L3_AACACACCAGAGGCTA,Non-classical monocytes
E2L5_AACCTTTGTCACAGTT,CD4+ T cells
L4_CTCATCGCAAAGCACG,B cells
E2L5_GAAGTAAGTTCTTGTT,HSPCs
E2L7_TACTTACGTAGGCTGA,CD4+ T cells
E2L4_CTGCTCATCGTGCAGC,Plasmacytoid dendritic cells
L5_TCTCTGGTCCTTATAC,Effector Memory CD8+ T cells
L2_CGGAATTAGGAGATAG,NK cells
L4_CCACGTTGTAGGATAT,CD4+ T cells
E2L2_ATGAGGGAGCCATCCG,Cytotoxic CD8+ T cells
E2L2_GTCATTTAGACTACGG,Effector Memory CD8+ T cells
E2L7_CCACGAGCACCATTCC,B cells
E2L5_GGAGGTACATTGGCAT,Proliferating T cells
L3_GGAACCCCATGACCCG,Effector Memory CD8+ T cells
L4_TCAGTTTGTAGCTTGT,Proliferating NK cells
L3_ATGCGATCAGCTGAAG,HSPCs
L5_AGTGCCGTCGGAGTGA,Effector Memory CD8+ T cells
L4_AACAAGATCTAGACAC,Cytotoxic CD8+ T cells
L5_CTCCTTTCACGAGGAT,Proliferating NK cells
E2L4_AGCGTATTCAGTGTCA,Plasmacytoid dendritic cells
E2L2_AGGGAGTTCGACCAAT,CD4+ T cells
E2L6_TATCGCCGTCGGATTT,Cytotoxic CD8+ T cells
L4_TGGTGATCAATTTCGG,Non-classical monocytes
L1_AATAGAGCATGGGTTT,Plasma cells
L1_ACCCTTGGTACCGGCT,CD4+ T cells
E2L1_ATGTCCCTCCCTCGAT,cDC2
L1_TAGACCAGTTGCGGCT,Platelets
L5_GCTCAAAGTTCGATTG,HSPCs
L5_GTTACAGTCTATTTCG,Plasma cells
E2L8_TGCTCGTCAACGATTC,B cells
E2L4_ACATTTCCAGCACAGA,Non-classical monocytes
L4_TTTCGATTCAGAGCAG,CD4+ T cells
E2L1_AGCTACAGTCAGGCAA,CD4+ T cells
E2L5_CTTTCAAGTCCCTGTT,Effector Memory CD8+ T cells
E2L7_CTCCATGGTCAGCGTC,Platelets
L5_GAATCACCAAGATCCT,CD4+ T cells
L5_CTCCACAGTCCACAGC,CD4+ T cells
E2L7_TGCCGAGCATTGCCGG,CD4+ T cells
E2L2_TCGAACAGTAGAGCTG,Activated CD4+ T cells
L2_ATGGAGGAGAGCAACC,Plasma cells
E2L6_GGGTAGATCTGGCCAG,Effector Memory CD8+ T cells
E2L3_TCGCACTCATCTCCCA,Non-classical monocytes
E2L5_CGTGTCTCACGCCACA,Cytotoxic CD8+ T cells
L2_AATGCCAAGCCTGTCG,Cytotoxic CD8+ T cells
E2L5_GAGGCAACATGTTTGG,CD4+ T cells
E2L6_GTACAGTCACGACGCT,CD4+ T cells
L1_ATTCTTGAGTTGCTCA,CD4+ T cells
E2L5_CTCCAACCAGGCATTT,CD4+ T cells
E2L3_GTGTTCCAGTTGTAAG,Plasmacytoid dendritic cells
E2L7_CCAATGACACCTCGTT,Non-classical monocytes
L5_CCGTAGGCACAAAGCG,Cytotoxic CD8+ T cells
E2L6_AATTCCTTCGACTCCT,cDC1
L3_CTAAGTGAGCCATTGT,Activated CD4+ T cells
E2L2_CTTAGGAGTTAGGGAC,CD4+ T cells
E2L4_CTACGGGCACAACGTT,CD4+ T cells
E2L7_CATTGTTTCCACTTTA,Proliferating T cells
L3_TATACCTTCAAGTCTG,Classical monocytes
E2L6_ATCGTCCAGTGGTGGT,B cells
L3_CACTTCGAGGTAGTCG,CD4+ T cells
L5_AAAGTGATCTTCGACC,HSPCs
L4_ACAACCAAGGTCCTGC,cDC2
L1_AACAAAGGTTCGGCGT,Proliferating T cells
E2L5_TCGATTTCACATCATG,Memory CD8+ T cells
E2L8_TTGCATTCAGTAACAA,CD4+ T cells
E2L1_GTTAGTGAGGACTAAT,Cytotoxic CD8+ T cells
L2_AACCAACAGATGACCG,CD4+ T cells
L3_CCTATCGTCTACTCAT,CD4+ T cells
E2L7_AACCATGGTTGTGTTG,cDC1
E2L5_CGAGTGCCAGGCCTGT,Cytotoxic CD8+ T cells
L3_GACCAATCATATACCG,Cytotoxic CD8+ T cells
L3_CGCGTGAGTGTTGAGG,CD4+ T cells
E2L7_CTACATTAGACGTCGA,Non-classical monocytes
L4_CTGAGCGCACCACTGG,CD4+ T cells
E2L7_TCATGGATCAAATGCC,B cells
E2L4_ATCCGTCCATCCTAAG,Plasmacytoid dendritic cells
E2L7_ACTTAGGAGGAACTAT,CD4+ T cells
E2L7_GTAGCTAGTACTGGGA,B cells
E2L4_TTCATTGGTCACGTGC,B cells
L1_AGAACCTAGACAGCGT,Cytotoxic CD8+ T cells
L2_ACTCCCAAGCCACCGT,Proliferating T cells
L2_GTCTAGAGTCGAAGCA,Proliferating T cells
E2L6_TCATTACTCGACGAGA,CD4+ T cells
E2L6_CACACAAGTAGCGCTC,Platelets
L1_TCGGGACCAGGGTTGA,CD4+ T cells
E2L4_GTCAGCGCAAGTATAG,CD4+ T cells
L3_CCGGGTATCTTGCAAG,Proliferating NK cells
L4_TTAGTCTAGGTCACTT,NK cells
E2L2_CTGGCAGGTTGCCTAA,Effector Memory CD8+ T cells
L5_TCCTTCTCAGACAATA,CD4+ T cells
L4_TGGAGAGGTCGCACGT,CD4+ T cells
L2_TTGTGTTTCCCATGGG,Activated CD4+ T cells
L3_AGTCACAGTGTTCGTA,Cytotoxic CD8+ T cells
E2L6_CTCTCGAAGCTCCCTT,Non-classical monocytes
E2L2_GGTCTGGTCTAGTTCT,CD4+ T cells
E2L6_CATACCCCATCCTTGC,cDC2
E2L4_AGACCCGCAAACCATC,CD4+ T cells
E2L3_CTCCCTCCAAGATTGA,Activated CD4+ T cells
E2L8_CTATAGGGTGAATATG,B cells
E2L4_AACCTTTTCCGCAAAT,Cytotoxic CD8+ T cells
L5_CACGTTCAGATGAAGG,HSPCs
E2L2_ACATTTCCATGCAGGA,CD4+ T cells
L4_AGTCAACCAGTTGAAA,CD4+ T cells
E2L7_GCGTGCATCGACGAGA,CD4+ T cells
L5_ATTCCCGGTATCAGCT,Effector Memory CD8+ T cells
E2L5_GTCCTCAAGTAAAGCT,Platelets
E2L5_TTCTAACCAAAGAACT,Cytotoxic CD8+ T cells
L5_TGATTTCAGTCTAACC,Proliferating T cells
L5_GATCACAGTATCTCGA,CD4+ T cells
L5_TCCTTCTTCCGTATAG,Cytotoxic CD8+ T cells
L1_GGTAGAGCACACCAGC,HSPCs
L4_GATGATCAGCATGTTC,B cells
E2L1_GATCACAAGGCTCTCG,Cytotoxic CD8+ T cells
L4_ACTTCCGAGGGAGTTC,HSPCs
L4_TTGGATGTCGTGAGAG,cDC1
L5_CTGAGGCCATTGCCTC,B cells
E2L5_CGGGTCAGTTTCTATC,Plasma cells
E2L7_CAATGACAGTGCGCTC,CD4+ T cells
E2L8_TTGCCTGTCTAGGAAA,NK cells
E2L1_ACATCCCGTTCTCTCG,Effector Memory CD8+ T cells
E2L6_GTGAGGATCACATTGG,Cytotoxic CD8+ T cells
E2L8_GTGCAGCGTAGCTTTG,cDC2
E2L6_CTTGAGACATCATCCC,Platelets
E2L3_GGCGTCATCCCATACC,Cytotoxic CD8+ T cells
L5_CGAGTTACACCAGCCA,CD4+ T cells
E2L1_ACGTCCTTCTAGAACC,B cells
L3_TCAGCCTGTGGATGAC,Effector Memory CD8+ T cells
L4_ACACAGTGTTCGTACA,Effector Memory CD8+ T cells
E2L8_AGCATCAAGGTCGTGA,Plasmacytoid dendritic cells
E2L3_TCACACCCAGGCTATT,Proliferating T cells
E2L1_AGCGTATCAATGTGGG,Effector Memory CD8+ T cells
E2L1_CCTATCGAGGTACATA,CD4+ T cells
E2L5_TACGCTCCATTCTCCG,CD4+ T cells
L4_TCACGCTAGCATTTCG,Effector Memory CD8+ T cells
L1_GCAACCGCAAGACCGA,NK cells
L1_TGGTTAGTCATGGGAG,cDC2
E2L7_CTGCTCAAGTCAGCCC,Platelets
E2L4_TTGGGCGCAGGACAGT,Plasmacytoid dendritic cells
E2L1_GGGAGATAGTTACTCG,CD4+ T cells
L5_ATGTCTTCAGTCTACA,Plasmacytoid dendritic cells
L3_GGATCTATCTTCCAGC,CD4+ T cells
L4_GGAAGTGTCGTCGGGT,CD4+ T cells
L3_AATAGAGCAGCTGTCG,CD4+ T cells
L3_GATGATCTCCACACCT,Cytotoxic CD8+ T cells
E2L7_TCACTATAGTGCGACA,Plasmacytoid dendritic cells
E2L2_CGTGAATTCGAGTGAG,Effector Memory CD8+ T cells
L1_CATTGTTGTCTTCAAG,CD4+ T cells
E2L8_TGACGCGCATTACGGT,B cells
E2L6_TTTGGAGAGTTTGGCT,Cytotoxic CD8+ T cells
E2L4_TCACAAGTCGAATCCA,Cytotoxic CD8+ T cells
L4_AGCGTATAGAACGCGT,Plasmacytoid dendritic cells
E2L5_TTGATGGCAGCAGACA,Platelets
L1_AAGTACCGTATTTCCT,CD4+ T cells
L1_CGGTCAGGTGCAGGAT,Proliferating T cells
E2L7_CATCCGTCAAAGAGTT,Platelets
E2L2_GTTACCCAGACGACTG,CD4+ T cells
L5_TCGAAGTCAGTGGCTC,CD4+ T cells
L2_TACCCGTTCAGAGTTC,Memory CD8+ T cells
L3_TATCTTGTCGATACAC,CD4+ T cells
L3_AGGGAGTTCGCCTATC,HSPCs
L5_CGGACACCATATCTGG,HSPCs
E2L4_TCGGTCTCATTGCAAC,Cytotoxic CD8+ T cells
L5_GAGTTGTAGCGTTCAT,Plasma cells
E2L3_CACCAAACACGGGCTT,Effector Memory CD8+ T cells
L1_GACGCTGCACTCCGGA,CD4+ T cells
L2_TGTAAGCCATGCCGCA,HSPCs
E2L7_TCATGGACAGACCTGC,Platelets
L5_CGGAATTTCTGGGATT,Cytotoxic CD8+ T cells
E2L7_GTGCTGGGTACAGTCT,CD4+ T cells
E2L3_TACAACGGTTGGGACA,cDC2
E2L6_AATGGAAAGGTAAGAG,B cells
E2L3_GTTAGTGGTCGCCACA,B cells
E2L5_AGCTTCCAGATAGTGT,Plasmacytoid dendritic cells
L2_CTGTGGGAGAGTCAAT,CD4+ T cells
E2L6_TCATTCAGTCTCTCAC,Proliferating T cells
E2L2_TGGTGATAGTTTCAGC,CD4+ T cells
E2L6_TGTAGACGTACAGAAT,B cells
L2_CATCCGTAGAGTTGAT,CD4+ T cells
E2L5_AGGATCTTCTACGGTA,Activated CD4+ T cells
E2L6_GATGACTGTGGACTGA,Platelets
E2L8_AGGGCCTAGACCTCCG,Proliferating T cells
L1_ACCCTTGCAATCGCAT,Proliferating T cells
E2L7_ACAGAAACAAAGCACG,Effector Memory CD8+ T cells
E2L2_ACATCCCTCTTCACAT,cDC1
E2L7_GGGTAGAGTACCTGTA,Cytotoxic CD8+ T cells
L1_GAGATGGTCAGATTGC,CD4+ T cells
E2L6_CGGAACCGTGAGGAAA,B cells
L2_CCGATCTAGAAGGCTC,Cytotoxic CD8+ T cells
L3_TCTTCCTCAATTCACG,CD4+ T cells
E2L2_AGAGAGCAGAGAAGGT,Platelets
E2L8_TTGCATTAGCTAGTTC,Cytotoxic CD8+ T cells
E2L1_ATCCACCGTGGTCCGT,NK cells
L2_GAGTCTATCAAGGACG,Cytotoxic CD8+ T cells
L5_GAAGAATAGGGCGAAG,Classical monocytes
L2_TTTACTGTCGACCTAA,Memory CD8+ T cells
L2_TTCACCGAGTGCAAAT,CD4+ T cells
L5_CGAAGGAAGTAGGAAG,Activated CD4+ T cells
L5_AACAAAGTCTTCCGTG,Classical monocytes
L4_TAGGAGGCAAAGGAGA,B cells
L3_AGCCAGCGTTCCGTTC,Proliferating T cells
E2L6_CAATCGATCCTTCGAC,Classical monocytes
E2L7_TAGGAGGGTCCGTACG,CD4+ T cells
E2L8_GTAGATCGTATATGGA,Non-classical monocytes
E2L4_TCAATTCGTCATCCGG,NK cells
E2L3_ATAGAGAAGCCAAGCA,Platelets
L4_TTCGATTTCAGTGGGA,Plasmacytoid dendritic cells
E2L8_AGAAGTACACTTCCTG,Activated CD4+ T cells
L4_ACTGTCCTCTCATAGG,Non-classical monocytes
E2L1_TCATACTTCCAAGCAT,Cytotoxic CD8+ T cells
L5_GACTTCCTCATTGCGA,cDC1
E2L4_GTCATCCAGCTCGACC,CD4+ T cells
E2L2_CTTCAATAGGATTCAA,cDC1
E2L7_TAATTCCCAGCTGTTA,Cytotoxic CD8+ T cells
E2L3_CCGGGTAAGCCGGATA,B cells
L3_GCGGAAAAGAAGATCT,Plasma cells
L5_CAGTGCGGTGTCGATT,CD4+ T cells
E2L5_CTCAGTCGTACAGTTC,B cells
E2L6_ATCACGAGTTGCTCAA,NK cells
L5_GTATTTCTCGCTAATG,CD4+ T cells
E2L8_CCTCAACAGTGTTGTC,Platelets
L4_ATTTCACGTCTTCCGT,B cells
L1_TGAGCGCTCCTGCCAT,Effector Memory CD8+ T cells
L3_ACAAAGACAACACACT,HSPCs
E2L8_TGCTGAATCATCTATC,Activated CD4+ T cells
E2L8_GATTGGTGTAACGGTG,CD4+ T cells
E2L1_GTTAGACAGCGCCTCA,cDC2
E2L1_ATGCCTCAGGGAGTGG,NK cells
E2L1_CAGCGTGGTCGAAGCA,B cells
E2L4_TGCTCCAAGGCATTTC,CD4+ T cells
E2L1_GTATTGGAGAGCATTA,Effector Memory CD8+ T cells
L5_ATTCCCGTCCCTTCCC,CD4+ T cells
E2L3_GTGCTGGGTATCGAGG,Proliferating T cells
E2L1_CGCGTGAAGAGGATCC,Platelets
L4_GTTGAACGTCCAGCGT,Activated CD4+ T cells
E2L5_GAGTCTAGTGTCCATA,Non-classical monocytes
E2L2_TGTGTGAAGACTAAGT,Plasmacytoid dendritic cells
L1_TGATTTCGTTTAAGGA,Cytotoxic CD8+ T cells
L1_CTCCATGGTCTTGAAC,CD4+ T cells
E2L6_TACCCACAGCTTTCTT,Cytotoxic CD8+ T cells
L4_CTATCCGCAAGACGAC,CD4+ T cells
E2L3_GTAGGTTGTTTGATCG,B cells
E2L8_CGAAGTTCATTGACTG,Plasmacytoid dendritic cells
L1_GAACTGTAGTATAACG,Non-classical monocytes
E2L8_TAACACGAGTGTTCAC,Activated CD4+ T cells
E2L5_AACGAAACACGGAAGT,CD4+ T cells
L1_TGGGAAGTCCTCTAAT,HSPCs
E2L7_ATACTTCCACTTTAGG,CD4+ T cells
E2L3_TAACACGTCAGTCACA,B cells
E2L2_TTTACCACATAGGTAA,CD4+ T cells
E2L3_GACTCAATCACTGGGC,Platelets
E2L4_GGACGTCTCTGACCCT,Plasmacytoid dendritic cells
L2_GCATCGGCAGTTTCAG,Cytotoxic CD8+ T cells
L4_GGAATCTTCCTGTAAG,CD4+ T cells
L4_TAGACTGGTCCAGCAC,B cells
E2L7_GGCGTCAGTTAGAGAT,Activated CD4+ T cells
E2L8_CTTTCAAAGCCAAGCA,Proliferating T cells
E2L6_TTTCAGTGTCTGTGAT,Effector Memory CD8+ T cells
E2L3_GTGTGATTCGATACAC,B cells
E2L6_CCAATTTAGCGCGTTC,NK cells
L2_TACAGGTGTCAAATCC,CD4+ T cells
L3_TGAATCGGTACATTGC,B cells
E2L6_CCTATCGTCCACGGAC,Proliferating T cells
E2L5_GTTGTAGGTGGACAGT,CD4+ T cells
E2L1_CTGTGAATCCCATAAG,B cells
L1_CACTAAGAGCAAGTGC,CD4+ T cells
E2L2_TGGGATTCACGCGGTT,cDC2
E2L7_AGTCTCCCATGACCCG,Plasmacytoid dendritic cells
L2_GACTCTCCATAACTCG,CD4+ T cells
E2L8_GCATGATCATGAATAG,Non-classical monocytes
E2L4_ATGGGAGGTCGTGGTC,Classical monocytes
L1_CTAACCCTCCAAGGGA,Proliferating T cells
L4_CCTCCTCAGTAAACAC,CD4+ T cells
L4_GACTCTCCAGCTCGGT,CD4+ T cells
E2L1_GCCAACGTCCTACCAC,CD4+ T cells
E2L5_GCGGAAATCCGTGGTG,B cells
E2L5_GTGTGGCAGCCTCAAT,Memory CD8+ T cells
L2_TCCACGTGTATGGAGC,NK cells
E2L8_CTTGATTAGGACGCTA,Erythrocytes
L3_GCATGATAGATGACAT,CD4+ T cells
E2L4_TCTCAGCGTCATAAAG,Effector Memory CD8+ T cells
E2L5_ATTTCACAGGCTGTAG,Effector Memory CD8+ T cells
E2L2_GTTACAGAGTACCCTA,cDC2
L2_AACCATGTCGCCGAGT,Memory CD8+ T cells
E2L5_TGCATCCTCTGCTTAT,Cytotoxic CD8+ T cells
L5_CCTCCTCTCACCTTGC,Erythrocytes
L3_TTCTAGTCAGGAAGTC,Memory CD8+ T cells
E2L8_CTGCTCACAGTCTGGC,Cytotoxic CD8+ T cells
L2_TCAAGCACATCAGCAT,Proliferating T cells
L5_CATAGACAGCTACGTT,Proliferating T cells
L5_TTACCATTCTTTCAGT,CD4+ T cells
L1_TGACTCCAGGGATCTG,Effector Memory CD8+ T cells
E2L4_TGCGATATCCAATCCC,Plasmacytoid dendritic cells
E2L5_GATTCGATCGGCAGTC,Cytotoxic CD8+ T cells
L2_GTTAGACGTGAGACGT,Non-classical monocytes
E2L5_GTGTTAGTCGGTCTAA,Plasma cells
E2L3_TCGTCCAAGCCTCATA,Effector Memory CD8+ T cells
E2L7_TGATGGTAGGTTCTTG,B cells
E2L7_ATGGTTGGTGGGACAT,Activated CD4+ T cells
E2L7_ACTCCCAGTTGCTGAT,cDC1
L3_TACAGGTAGTTGCATC,Cytotoxic CD8+ T cells
E2L7_TAGGTTGGTCTGTCAA,CD4+ T cells
E2L2_GACCCTTAGGCACTAG,cDC1
L5_ATCTCTACAGTAACCT,CD4+ T cells
L4_TGTTACTGTTTAAGGA,B cells
E2L6_CACATGAAGAGCTTTC,Cytotoxic CD8+ T cells
L3_TTACCATCACTACACA,Plasma cells
E2L1_GTGTGGCAGGTTACAA,Memory CD8+ T cells
E2L5_ATTGTTCCACTCTGCT,Plasmacytoid dendritic cells
L5_TTACGCCGTCGCGTTG,CD4+ T cells
E2L1_CATTCCGGTGACCGTC,B cells
L3_TGCAGGCTCTAAGCCA,Classical monocytes
E2L5_TCAGTCCCACTTCAAG,NK cells
E2L4_CGCATGGGTAGCGATG,Cytotoxic CD8+ T cells
E2L5_GTGGAAGAGAAGCCAC,Proliferating NK cells
E2L5_GGGCTCAGTATTTCGG,Erythrocytes
E2L6_GGAATGGCAGCCTACG,B cells
L3_TACTTGTAGTCAGCCC,Plasma cells
E2L7_GTTTACTCAGAGAATT,CD4+ T cells
E2L4_GGAATCTCACGATTCA,Proliferating T cells
L1_TCATGTTGTCCTATAG,Effector Memory CD8+ T cells
E2L8_TGTACAGTCGGTTAGT,B cells
E2L8_AGGGAGTCAGTGTGGA,B cells
E2L6_CTCAGGGGTCTTACTT,CD4+ T cells
E2L2_CCTTCAGAGGAGTATT,Plasmacytoid dendritic cells
E2L6_TCCTTCTCAAAGTGTA,Cytotoxic CD8+ T cells
L4_CATCGGGAGACTAGAT,CD4+ T cells
E2L6_GAACGTTTCGGACTTA,B cells
E2L6_TTGTTTGAGCATCAGG,cDC2
E2L8_GTTTGGATCGAGAGAC,Classical monocytes
E2L5_CCTGCATTCGTCGGGT,Activated CD4+ T cells
E2L3_CTCCACAAGACAACTA,Effector Memory CD8+ T cells
E2L6_CCTTGTGTCTGTCTCG,Classical monocytes
L1_TTGCGTCCATGTGACT,Cytotoxic CD8+ T cells
L5_GGGATGATCTTTCTAG,CD4+ T cells
L4_GATGATCGTGCTAGCC,cDC2
L3_ACGTAGTCATGCGGTC,CD4+ T cells
E2L4_CGAATTGCATCAGTCA,CD4+ T cells
L3_TCACGCTTCGCAGTCG,Plasmacytoid dendritic cells
L3_TACGCTCTCGGACGTC,Classical monocytes
E2L5_TTCGGTCGTGTGAGCA,B cells
L2_GAGGGTACAGACATCT,CD4+ T cells
E2L5_TAACCAGCATGTGACT,B cells
L5_TGCATGATCAACGAGG,NK cells
E2L4_TCATACTTCTTACACT,CD4+ T cells
L3_CTATAGGTCGTGCTCT,cDC1
E2L8_AAGACAACAGTAGAAT,Platelets
L4_AACGAAATCACTACTT,Classical monocytes
L4_CTTCTCTCATGCACTA,Cytotoxic CD8+ T cells
L4_CTATCCGCACGGCCAT,HSPCs
E2L3_GAGACTTAGTTGAAAC,Plasmacytoid dendritic cells
E2L2_CAGCAGCAGCCGTCGT,Proliferating T cells
E2L7_GAGAGGTCATCAGCAT,CD4+ T cells
L3_AAGATAGAGACTGAGC,CD4+ T cells
L1_ATTGTTCAGATAGCAT,CD4+ T cells
E2L5_GAATCGTTCTAGTGAC,Cytotoxic CD8+ T cells
L4_AATGACCAGCCTCTGG,HSPCs
E2L6_TTCAGGACATGCCGGT,Cytotoxic CD8+ T cells
L3_CGGTCAGCATAGCTGT,Plasma cells
E2L2_GTCAAACCAATTGCTG,Platelets
L4_CGAATTGGTCATGCAT,CD4+ T cells
E2L4_CCCATTGGTTCCTAGA,B cells
E2L3_TTCCACGTCGTAACAC,cDC2
E2L6_TTGAACGGTTTAGACC,Effector Memory CD8+ T cells
L5_TGGATCATCTCGCTCA,CD4+ T cells
E2L4_TAAGCGTGTCACAGTT,Proliferating T cells
E2L1_AAACGCTTCGCCACTT,Non-classical monocytes
L1_TGTGCGGCAGTAGTTC,Proliferating T cells
E2L7_ATTCAGGCACGTAGTT,Activated CD4+ T cells
L5_TCTATCACAGGTCCCA,Platelets
E2L5_TCCACCATCGAGATAA,CD4+ T cells
E2L5_GTTATGGCACGGCCAT,Plasma cells
L2_ATCGATGGTGGTGATG,Platelets
L3_CTATCCGTCCCGAGTG,CD4+ T cells
E2L4_TGTTCCGAGCTGGCTC,B cells
L1_TGGGCTGAGGATATAC,Effector Memory CD8+ T cells
L2_TGCGATAAGCATAGGC,Non-classical monocytes
L5_CCAATGAGTCCCACGA,HSPCs
E2L8_GTTCGCTTCGTGCTCT,Activated CD4+ T cells
L3_GATGGAGTCTCCGAAA,Effector Memory CD8+ T cells
L3_TGACGCGGTTCCGTTC,CD4+ T cells
E2L5_GAAGAATAGAAATTCG,Cytotoxic CD8+ T cells
E2L8_CAACGGCAGAGAGAAC,CD4+ T cells
L3_AGTCTCCAGTGTTCAC,CD4+ T cells
L4_GACCAATCACATTACG,cDC2
E2L6_AGTGTTGTCGGCTGGT,B cells
E2L2_GTTGAACAGTTTAGGA,NK cells
L5_TTCACCGGTACCGTGC,CD4+ T cells
E2L8_TCTCACGGTACAGTAA,Activated CD4+ T cells
L1_CCTCCTCGTGGTCTCG,Plasmacytoid dendritic cells
E2L6_CCTCTCCCAGGCATTT,Classical monocytes
E2L4_CACGTGGGTCTGTAGT,CD4+ T cells
E2L3_CTGTCGTTCGGACTTA,CD4+ T cells
E2L1_CGGAACCAGCGAATGC,Proliferating T cells
L3_CTCAAGAAGGCTAAAT,Proliferating T cells
E2L8_GTCACGGTCGTCCATC,Classical monocytes
L1_TTGAGTGAGGTACAGC,CD4+ T cells
E2L2_CTTGATTTCTATTGTC,CD4+ T cells
L5_TCGAAGTTCTGGTTGA,Effector Memory CD8+ T cells
E2L8_TCAATTCTCCTACCGT,Proliferating T cells
E2L3_TGGTTAGTCAAGAGTA,Plasma cells
E2L8_GAGCCTGTCTCCACTG,CD4+ T cells
E2L5_CTTGAGATCGGACCAC,NK cells
E2L3_AATTTCCCACAGCGCT,Activated CD4+ T cells
E2L1_TATTGCTCAATTCGTG,CD4+ T cells
E2L7_GCCGTGATCGGTCGGT,NK cells
L4_GTAACACAGGTAGTAT,Effector Memory CD8+ T cells
L1_CATTCCGAGCAACTTC,Plasmacytoid dendritic cells
L2_TAGGTACAGAAACTGT,CD4+ T cells
L5_CCTGCATGTTTCGTGA,CD4+ T cells
E2L2_TCCGAAATCCTCTGCA,B cells
E2L5_TACATTCGTGACATCT,CD4+ T cells
E2L8_ATTTCACAGGTCGTAG,B cells
E2L5_ATGGTTGAGTGAGGTC,cDC2
E2L8_TCTAACTCACAGCTGC,cDC2
E2L3_GGGCTCACAGGCTCTG,Platelets
E2L7_CAGTGCGTCGCTCATC,CD4+ T cells
L3_GTAGAGGCAGGACATG,HSPCs
L2_ATGCATGCAAGCACAG,CD4+ T cells
L2_ATGGGTTTCAGGCGAA,B cells
E2L2_CTCCAACAGCCGATAG,Memory CD8+ T cells
L3_TTAGGGTAGATGTAGT,Non-classical monocytes
L4_TCCCATGAGTGTAGTA,Plasma cells
E2L3_TAACACGCACGACAGA,Plasmacytoid dendritic cells
L3_GGAATGGAGTTGTAAG,cDC2
L1_CATCCCATCCTCTAGC,CD4+ T cells
L1_TGTCCTGGTCGCACAC,CD4+ T cells
E2L5_ATTCCCGTCCGTATGA,Plasmacytoid dendritic cells
E2L5_GAACTGTTCGTACCTC,Platelets
E2L1_AACGGGAGTCATCTAG,cDC2
E2L6_CAGGGCTAGATTACCC,Memory CD8+ T cells
E2L3_ATACCTTTCATTGCGA,B cells
E2L2_TGCAGATAGAGCAACC,Cytotoxic CD8+ T cells
L5_GGGTCACGTATGTCCA,Plasmacytoid dendritic cells
E2L8_ATTCCTATCGGAAGGT,Effector Memory CD8+ T cells
L4_GTCTCACGTGATATAG,Non-classical monocytes
E2L3_ATGGGAGTCATTCTTG,cDC2
E2L5_TAAGCGTAGAATGTTG,Non-classical monocytes
E2L8_TATCTGTGTAACGTTC,Cytotoxic CD8+ T cells
E2L2_AGGCTGCGTTGGCTAT,CD4+ T cells
E2L3_CTCCTTTCACGGTAGA,Cytotoxic CD8+ T cells
L1_ACGGTCGCATATCTGG,B cells
L5_TTGCCTGAGGAAGAAC,Effector Memory CD8+ T cells
L4_TATCCTAGTCGTGGTC,CD4+ T cells
L3_CATCGGGAGTCCCTAA,Classical monocytes
E2L7_TCGAAGTGTGGTCTCG,Plasmacytoid dendritic cells
E2L1_CAGTTCCTCAACTGGT,B cells
L2_CTTCTCTGTCTGTGTA,HSPCs
E2L6_TCACAAGAGCGGGTAT,Classical monocytes
E2L4_GACAGCCCATCACGGC,Proliferating T cells
E2L7_TCGTAGACAACCAATC,Proliferating T cells
L4_TACAGGTGTGATTCAC,cDC2
L2_TGGAACTAGTGGAATT,HSPCs
L2_CGAAGGAGTCACCGAC,Cytotoxic CD8+ T cells
E2L5_CGTAGTAGTCCCTAAA,Proliferating T cells
E2L2_TTCTTGAGTGTTCCTC,Activated CD4+ T cells
E2L5_TTGCGTCAGGTCACTT,Platelets
E2L5_GCTGAATTCTCTCGAC,Effector Memory CD8+ T cells
E2L1_TCCGGGAAGGTTCAGG,Classical monocytes
E2L7_TTTCAGTCATGGAAGC,cDC2
L1_TCGAACATCCTCTAGC,Proliferating T cells
E2L2_GACCAATTCTGCTTTA,Cytotoxic CD8+ T cells
E2L5_TGAATCGCAAGTGGCA,CD4+ T cells
L1_TTCTAACCAATGCAGG,CD4+ T cells
L4_CTCAGGGGTACCTAAC,Cytotoxic CD8+ T cells
L2_CAGGGCTCATTGAGCT,Effector Memory CD8+ T cells
E2L3_TGGTGATAGGGACACT,Platelets
E2L1_CACACAAAGGGAGGGT,Cytotoxic CD8+ T cells
E2L2_GAGCTGCGTGAACGGT,NK cells
E2L8_GGGATCCTCACCTTAT,Classical monocytes
E2L6_TCGTCCAAGACTCTAC,CD4+ T cells
E2L2_ATGCATGAGACGCCCT,B cells
E2L8_TGAGCATTCAGGTGTT,B cells
E2L3_ACGTACAAGCGTGTCC,B cells
L4_ATTACTCAGTAGAGTT,CD4+ T cells
L3_TTAATCCAGCACTAAA,cDC2
E2L6_CCTGTTGCAATTGCAC,Proliferating T cells
E2L7_GCCCGAAAGTTTAGGA,Activated CD4+ T cells
L3_AGGGTCCAGTCGCCAC,Effector Memory CD8+ T cells
E2L7_AACAAAGCACCTCAGG,NK cells
E2L6_CATCCCAAGCGTCAGA,cDC2
E2L4_GCAGCTGCAAACTAAG,cDC2
L3_ATGTCCCTCGCTGTTC,Proliferating T cells
E2L1_GGGTTATGTTTCACAG,B cells
L3_GATGACTGTCGTGGAA,Proliferating T cells
E2L3_CATTGCCTCAAGAATG,CD4+ T cells
E2L1_GAGACTTAGAGGCTGT,cDC2
L3_ACAGAAAGTCCAAATC,Plasma cells
E2L5_CAGCAGCCACACTTAG,CD4+ T cells
L1_ACTGTCCAGTGCAGCA,CD4+ T cells
L3_CCTAAGAGTCTCCTGT,CD4+ T cells
L2_CATTGAGGTCAGGTAG,Plasma cells
L3_GGTGAAGTCTGCCTCA,CD4+ T cells
E2L4_CATCGGGGTTGCTGAT,Effector Memory CD8+ T cells
L5_ATGCGATTCCAGTGCG,HSPCs
E2L1_TGCACGGCAGTATGAA,Plasma cells
E2L2_TCCATCGAGTCTGCAT,B cells
L1_AGGAGGTTCCACTGGG,Plasmacytoid dendritic cells
L3_CCACGTTTCACGTAGT,Plasma cells
L5_AGCGTATAGTAACCGG,cDC1
E2L3_TACTGCCAGTGGTCAG,B cells
E2L3_TCCTAATCAGCTGTAT,Cytotoxic CD8+ T cells
E2L3_GCACATATCAAGTCGT,Classical monocytes
L5_TAGGTACGTTCAGCGC,Effector Memory CD8+ T cells
E2L5_TGGTGATTCCAAGAGG,Platelets
E2L6_CCTTCAGTCACTTGGA,B cells
E2L4_AAGTACCCAGGCCCTA,Plasma cells
E2L1_GGCTGTGAGTTGGACG,Platelets
L1_CCTAAGAAGTTCTCTT,Plasma cells
E2L2_CCAAGCGTCGCAGATT,B cells
L4_GTCCCATCAAACTAGA,B cells
L2_CAGATACAGACGGATC,Memory CD8+ T cells
L5_ACTTCCGCAGATTCGT,cDC2
E2L1_ACCCTCACACGATTCA,cDC2
L4_GGGCTACAGAGGTCAC,Effector Memory CD8+ T cells
L5_TTACGCCGTGAGTAGC,Non-classical monocytes
E2L2_TAGCACAAGCTAATCC,Effector Memory CD8+ T cells
L2_AGACAGGCAAATAAGC,Classical monocytes
L3_CACTGTCTCCTGTAGA,CD4+ T cells
L5_GACTTCCTCTCTCAAT,Memory CD8+ T cells
L1_TTAATCCCAGGATCTT,Effector Memory CD8+ T cells
L5_CAACGGCAGCTCACTA,Effector Memory CD8+ T cells
L1_GTGGTTAAGAGCTTTC,B cells
E2L3_TCAGTTTCACTCCTTG,Cytotoxic CD8+ T cells
L3_TACCTGCTCTGAGTCA,Erythrocytes
E2L2_TCAATCTCATCCTTGC,Proliferating NK cells
E2L8_GAACTGTCAATAAGGT,CD4+ T cells
E2L3_CGGGTGTTCTCCGAAA,Non-classical monocytes
L1_GGTGTTAAGATAGCTA,Activated CD4+ T cells
E2L6_GGAATCTGTGACTGTT,Platelets
L3_TCAATCTGTCCGGTCA,CD4+ T cells
L4_CAAGAGGTCCGATTAG,Platelets
E2L7_TCAGTTTTCAAACCCA,cDC2
L1_CAATCGAGTCAAGGCA,Cytotoxic CD8+ T cells
E2L7_TCCCATGTCTTTGATC,Classical monocytes
E2L8_AGCGCCAAGTCCCGGT,Proliferating T cells
L3_ATCATTCGTTGACGGA,Plasma cells
L1_GTCTGTCCAGTACTAC,CD4+ T cells
E2L5_CGAAGGAGTGCATTAC,Cytotoxic CD8+ T cells
E2L2_CCCTCTCGTACAAGCG,Activated CD4+ T cells
L5_GAAGCGACAGGTTCAT,HSPCs
E2L2_GGCTGTGAGACTCTAC,CD4+ T cells
L5_TGAGCATTCATTCGGA,Plasma cells
L4_TCCACCAGTACAGCGA,Cytotoxic CD8+ T cells
E2L8_CCACGTTCAGTAGTTC,Cytotoxic CD8+ T cells
E2L5_TGGAGGACAATACCTG,Classical monocytes
E2L4_CGTCCATTCATTTCCA,cDC1
E2L8_TTGCATTGTACGGCAA,CD4+ T cells
E2L8_GGCAGTCAGAATCGAT,Proliferating T cells
E2L4_ACTGCAAAGCCTTGAT,cDC1
L1_ATCGTCCTCCGCTGTT,CD4+ T cells
L2_TCTATCATCGTCAACA,CD4+ T cells
L1_GAATCGTTCGGAGATG,Erythrocytes
E2L8_TCGCAGGTCGACACCG,cDC2
L4_GAATCGTAGCCGGAAT,B cells
L2_CGCAGGTTCATTCCTA,Effector Memory CD8+ T cells
L5_CACAGGCCAGTTTCAG,CD4+ T cells
E2L2_GTAGTACCAGGTCCGT,CD4+ T cells
E2L5_GGATCTATCACGGGAA,CD4+ T cells
L3_GGCGTCAAGTGCACCC,Effector Memory CD8+ T cells
E2L4_GTTTGGAGTGCCGTAC,Proliferating T cells
E2L8_AGAAGTAGTAGCTTGT,B cells
L2_ATTTCTGCAACTGCTA,cDC1
E2L5_AGAACCTTCGCTCCTA,Plasma cells
E2L7_GTAACACAGAGTTGCG,Plasma cells
L2_GCTACAAGTCTGATAC,Non-classical monocytes
E2L3_CTTCCTTGTTTGTGGT,Cytotoxic CD8+ T cells
E2L7_ATTACTCGTTGACGGA,Classical monocytes
E2L8_TCATGTTCATCGTTCC,B cells
L2_GAATCGTCAGTTGGTT,Proliferating T cells
L2_CTACAGACACACTGGC,Effector Memory CD8+ T cells
L2_ACTGTGAGTGATACTC,Memory CD8+ T cells
L3_CTTCGGTGTAGGTCAG,CD4+ T cells
L4_TACTGCCTCGAGGCAA,Activated CD4+ T cells
L3_TCGACCTAGGGTATAT,Proliferating T cells
E2L7_CGGGTCACAGGCACAA,B cells
L5_TCACGCTAGGCCTTGC,CD4+ T cells
L2_TGTAGACTCGGCAGTC,NK cells
E2L7_ACACAGTTCTAAGCGT,CD4+ T cells
L5_TACCGAATCATGCATG,Cytotoxic CD8+ T cells
L1_AGGAGGTTCGCTGCGA,CD4+ T cells
E2L4_GACCTTCTCCGCTAGG,B cells
E2L8_CTCAACCAGTAGGTTA,Cytotoxic CD8+ T cells
E2L3_GTGCTGGAGGTGAGCT,cDC2
E2L6_ACTGTGATCCACGGAC,cDC1
E2L8_AGGGTTTCAAATGATG,Classical monocytes
L5_TACACCCAGACTTCGT,CD4+ T cells
L1_GGGCTCAGTCTGTAGT,HSPCs
L3_GTGGCGTCAATCTCGA,Cytotoxic CD8+ T cells
L4_TGGAACTAGTTGGCGA,CD4+ T cells
L2_AGAGAGCAGGTAGTCG,Effector Memory CD8+ T cells
E2L8_TGGGTTAAGATAACAC,Platelets
L3_TTTCCTCGTCCAAAGG,CD4+ T cells
E2L3_CCCTGATAGTGTCATC,Non-classical monocytes
E2L1_GAAGGACGTGTCACAT,B cells
E2L2_GAGAGGTGTCGTCATA,CD4+ T cells
L3_GTCTTTACAAATGGTA,CD4+ T cells
E2L2_TTGAACGTCAGCAGAG,Plasmacytoid dendritic cells
L1_CAGATCATCGCTTTAT,Classical monocytes
E2L3_CTCCTTTAGGCCCACT,NK cells
L5_GACACGCGTTGCTTGA,CD4+ T cells
E2L8_GACGTTACAAATCCCA,Non-classical monocytes
E2L7_ATGCGATGTAGTAAGT,NK cells
E2L3_GCCTGTTCAAGACGGT,B cells
E2L4_CCTGTTGAGCTCGTGC,Proliferating T cells
L1_ATCACAGCACGTCGGT,CD4+ T cells
E2L3_CCTCCTCTCAAACGAA,CD4+ T cells
L5_AGTTCGAAGCCATTGT,Erythrocytes
E2L3_TGATTCTCAGGTCAGA,Proliferating T cells
E2L2_CACGTGGAGTCACGCC,HSPCs
L3_TCATTACCAGAAGTTA,cDC2
E2L6_ATCACTTTCCGTGGCA,Plasma cells
L3_TTACGCCTCACGGGAA,Non-classical monocytes
E2L7_AGCTCAATCGCCTATC,cDC2
L2_GTGCACGCATGTAACC,B cells
E2L6_TCGTGCTTCGCAGATT,Effector Memory CD8+ T cells
L5_CTGATCCGTGCAACGA,Non-classical monocytes
L5_TGATGCAAGCCGGATA,Effector Memory CD8+ T cells
L4_GTTACAGCATTGCTGA,B cells
E2L6_GTGTTAGAGTGCAAAT,B cells
E2L2_GTCAAACAGTTACGAA,Classical monocytes
L3_TGGAGAGCATGAAGCG,CD4+ T cells
L2_CGAAGTTTCACCTGGG,Cytotoxic CD8+ T cells
E2L7_ACCTGTCAGCATCGAG,NK cells
L1_TCCCACATCACGACTA,Platelets
E2L3_AAACGCTTCACCCTGT,Effector Memory CD8+ T cells
E2L7_CAGTGCGGTGGAATGC,Cytotoxic CD8+ T cells
L5_GCTGCAGTCATTGCCC,CD4+ T cells
E2L2_GTAGGAGAGGAGGGTG,B cells
E2L5_GCACTAAGTGACTATC,Non-classical monocytes
E2L1_ATTCAGGGTTGCGGCT,Cytotoxic CD8+ T cells
L3_TTCGATTCACGTACTA,HSPCs
E2L7_CGGGTCACAGTTCACA,Cytotoxic CD8+ T cells
L2_GGTTCTCGTTTACCTT,CD4+ T cells
L1_TGGTGATGTTCTTGTT,B cells
E2L5_TCCACGTTCCGACATA,B cells
E2L3_CATCCCAAGGTAGGCT,Plasmacytoid dendritic cells
L5_TCTTAGTGTATGGTAA,Cytotoxic CD8+ T cells
L4_ATCCATTGTAGCCAGA,Memory CD8+ T cells
E2L3_AGAGAATCATGGGTCC,B cells
L5_GTTCGCTGTTACGGAG,cDC1
E2L2_TGTCAGAAGTTACTCG,B cells
L1_GCAGTTATCTCTCTAA,B cells
L1_AGCTACAGTATTCTCT,HSPCs
L5_CGAGGAACAGCTAACT,B cells
E2L5_TCTCACGAGAGTCGAC,CD4+ T cells
E2L1_TCCTCGAAGAAGCGGG,Effector Memory CD8+ T cells
E2L6_CAATGACAGCCTCCAG,CD4+ T cells
L4_TTTGATCAGCGACATG,Proliferating T cells
L4_ATGTCTTCATCGAGCC,B cells
E2L6_TGACAGTCAACAGCCC,Effector Memory CD8+ T cells
E2L8_ACTTTCAGTCTTCGAA,Non-classical monocytes
E2L4_ACTCTCGAGGTTGAGC,Proliferating T cells
L2_CGGAATTCACTGGCCA,Effector Memory CD8+ T cells
L5_ACACAGTTCATGCCAA,Non-classical monocytes
E2L7_TTCCAATTCGGTAACT,Cytotoxic CD8+ T cells
L3_AAAGGATAGCGCCTAC,B cells
E2L2_TTGGGCGTCCCGATCT,Cytotoxic CD8+ T cells
L1_AGTACTGTCGAGAGAC,Cytotoxic CD8+ T cells
E2L5_ACAGGGACAGTCAACT,cDC2
L5_TAAGTCGCAACACAGG,CD4+ T cells
E2L2_ACATGCAAGATCCTAC,NK cells
L4_CATTCATAGGATGTTA,Effector Memory CD8+ T cells
E2L4_TTCCGTGAGATAGGGA,CD4+ T cells
E2L5_CTTGAGACAGGCAATG,Effector Memory CD8+ T cells
E2L5_ACACGCGCAGAAGCTG,B cells
E2L3_ATGATCGCAGCTATTG,Non-classical monocytes
E2L5_GACTGATGTGACAGCA,Proliferating T cells
E2L2_CGGAATTCACGATTCA,cDC1
E2L7_GATGCTAAGAGTGGCT,cDC1
L2_GATGGAGGTCGCACAC,Platelets
E2L3_ATGATCGTCTCTTAAC,Cytotoxic CD8+ T cells
L3_TGAGTCATCTATTCGT,CD4+ T cells
L5_CATGGATCACTAGGTT,Effector Memory CD8+ T cells
L5_TGGAACTCATCCTAAG,Proliferating T cells
E2L8_CTTCAATTCTGCGGCA,CD4+ T cells
L5_TGATGGTTCGAGATGG,CD4+ T cells
L4_TCTTAGTCATGGAACG,CD4+ T cells
L4_GGGAGATTCTTCGATT,Classical monocytes
E2L7_GATCCCTTCTTCCACG,Proliferating T cells
E2L1_AACCTGAAGAGTGACC,Activated CD4+ T cells
E2L3_TTCGCTGGTCCTATAG,B cells
E2L2_GAATCACAGACTAGAT,CD4+ T cells
L5_TTCTAGTCATTGCTGA,CD4+ T cells
E2L8_TGCCGAGCATTGACAC,Platelets
L3_CTTACCGCAGCTACTA,CD4+ T cells
E2L1_CAGGCCACAGACCAGA,Cytotoxic CD8+ T cells
E2L3_GCTTCACAGACCTCAT,B cells
E2L6_TCCATCGAGTCGGCAA,CD4+ T cells
L4_TCGGGACAGAAGTCTA,Plasma cells
L1_CATGCTCAGCAGGCAT,HSPCs
L1_TCATTGTAGGGATCAC,cDC1
E2L6_TTGCATTCAATGCAGG,Non-classical monocytes
E2L4_GTTAGTGCATGAGGGT,B cells
E2L8_TGATCAGTCGGTATGT,Plasmacytoid dendritic cells
E2L5_GTAACCACAAGAAATC,CD4+ T cells
E2L4_CGGAACCAGACATATG,CD4+ T cells
L1_CAACGATAGAAGCGGG,NK cells
E2L7_GTGGGAAGTTCGAAGG,Cytotoxic CD8+ T cells
L1_TACTTGTAGTTTGGCT,CD4+ T cells
L2_TTGACCCCAACGTTAC,Effector Memory CD8+ T cells
L1_TTAGGCACAGTCGAGA,Effector Memory CD8+ T cells
L4_CCTTGTGTCTGCTTAT,Effector Memory CD8+ T cells
L4_CACAGGCCATGGCCAC,CD4+ T cells
L3_TCTATACTCCCGATCT,B cells
E2L4_ATTTCACTCTATCGTT,Activated CD4+ T cells
L1_AGCCAGCAGAGAGTTT,NK cells
L2_CGAGTTAAGCGAGGAG,Plasma cells
E2L2_GTGCACGAGATTGATG,cDC2
E2L6_TTTGATCCAAGAGTTA,Cytotoxic CD8+ T cells
L1_CAAGGGATCTTTGATC,B cells
L4_AAGATAGTCAAGCTTG,cDC1
L1_TTTGTTGTCAGGAAAT,Plasma cells
E2L2_ATGGATCGTCAGTCTA,Plasmacytoid dendritic cells
E2L1_CAGTTAGTCCTCTTTC,cDC2
E2L8_AATCGTGGTCTTTATC,Cytotoxic CD8+ T cells
L4_GAATCGTCAGTTGCGC,CD4+ T cells
E2L3_CCTAACCCAGAGCCCT,B cells
E2L2_CGATCGGAGAATTTGG,Cytotoxic CD8+ T cells
L3_GAATAGAAGTAGTCAA,HSPCs
E2L1_TTCTCTCTCTCACGAA,Plasmacytoid dendritic cells
L4_CTCATGCGTCGATTAC,CD4+ T cells
E2L1_CATCGCTGTGTATCCA,cDC1
L4_TTTCCTCCACAGTACT,NK cells
L5_CTCCTTTAGGAGAATG,Effector Memory CD8+ T cells
L4_GGACGTCAGTAGCAAT,Proliferating T cells
E2L8_TTGACCCAGGCAGCTA,NK cells
L2_ATGTCTTGTCAGGAGT,CD4+ T cells
E2L8_GGTGAAGAGACCAGAC,Classical monocytes
E2L7_GGGACAATCATTCTTG,Effector Memory CD8+ T cells
L2_TCGAAGTTCGACACCG,HSPCs
L3_ACCCAAAGTCGCGTCA,CD4+ T cells
E2L5_CAACCAATCACAGTGT,Plasma cells
E2L4_GTGATGTCACTTCATT,CD4+ T cells
L3_TCACGGGGTGACATCT,HSPCs
E2L6_TAGATCGGTTCAAGTC,cDC2
E2L7_ACATCGATCATAGAGA,Cytotoxic CD8+ T cells
L3_GGCAGTCGTTGGGACA,B cells
L3_TGTTGGAAGGCAGTCA,Cytotoxic CD8+ T cells
E2L5_CCACAAAGTAATGCTC,Plasma cells
L5_GCACATATCGGAACTT,HSPCs
E2L5_ATGAAAGTCGACGAGA,Classical monocytes
E2L3_TAGTGCAAGAGTGGCT,NK cells
E2L3_TCCTGCAAGACGCCCT,Cytotoxic CD8+ T cells
E2L3_AGGTAGGAGGAGAATG,Proliferating T cells
E2L2_TGAGCGCTCGATTGGT,NK cells
L4_ATAGACCGTCAAGTTC,Proliferating T cells
E2L4_GTTGCGGTCACCCTTG,Cytotoxic CD8+ T cells
L1_TCCCATGCACCGGTCA,Classical monocytes
E2L3_CTGAGGCGTCGTCAGC,cDC2
E2L4_AGTAGTCGTGCAACAG,cDC1
E2L7_ACCAAACAGTGCACAG,Proliferating T cells
L4_CCATAAGCAATCAGCT,Cytotoxic CD8+ T cells
L5_TGTCCTGAGACAACAT,Cytotoxic CD8+ T cells
E2L3_TACGGTAAGCGTTACT,Plasma cells
E2L2_TGTACAGAGCGACTAG,cDC2
L4_TCCTCTTCATTGGATC,CD4+ T cells
L3_CTCAGTCTCAGTGTGT,CD4+ T cells
E2L2_TTTGTTGCATGAAGCG,CD4+ T cells
L5_TTCTGTAAGTGCGTCC,CD4+ T cells
E2L6_AATTCCTTCAGCTGTA,Proliferating T cells
E2L5_GGACGTCCAGAGAAAG,B cells
L5_TCTCAGCGTGAGCAGT,Classical monocytes
L1_TGCGATAGTATCGCGC,B cells
E2L6_TGGGCTGTCTATTTCG,Activated CD4+ T cells
E2L8_GATAGAAGTGCGGCTT,CD4+ T cells
E2L5_CATCGCTCACACGCCA,B cells
L4_AGCGTCGCATCAGCGC,CD4+ T cells
E2L2_TGTCCACTCGGCTTCT,Plasma cells
L3_CGAGTGCTCTATCACT,Effector Memory CD8+ T cells
E2L5_CTCAACCCATAGGCGA,Cytotoxic CD8+ T cells
E2L6_TACTTGTTCGTCCATC,Cytotoxic CD8+ T cells
E2L1_ATTGTTCCATATACCG,Effector Memory CD8+ T cells
L2_TTTGGAGTCTTCCCGA,CD4+ T cells
E2L6_GGGCTCAAGGTTTACC,CD4+ T cells
E2L7_TCCGGGATCAAGCTTG,B cells
E2L8_CATACAGTCCCGGTAG,CD4+ T cells
E2L7_GGGACTCCAACGCCCA,cDC2
E2L6_TGCAGTAAGTTGTCAC,Cytotoxic CD8+ T cells
E2L2_CCCTGATTCGTGGCTG,HSPCs
L5_TTTACTGGTACACGTT,Classical monocytes
E2L2_ACTACGAGTTTGGGAG,Classical monocytes
L5_ATCACTTGTCGTTGCG,CD4+ T cells
E2L8_AAGACTCAGCCTTCTC,Classical monocytes
L2_CTCCTCCTCATTTGGG,Classical monocytes
E2L8_AACAAAGGTACAAGTA,Cytotoxic CD8+ T cells
L4_CATACAGAGATAACAC,Proliferating T cells
L2_CTAACCCAGACTCATC,CD4+ T cells
E2L3_TACGGGCCATCCTATT,Platelets
E2L8_GAAGTAAAGGGATCAC,Activated CD4+ T cells
L4_ATCGGATCAATGCAGG,Plasma cells
E2L6_GCGTGCAGTGCTAGCC,B cells
L3_GCATCTCTCAAATGAG,Cytotoxic CD8+ T cells
E2L6_GAAGCCCCACAATGCT,Cytotoxic CD8+ T cells
E2L3_ACCCTCAGTCAAGCCC,cDC2
E2L2_CGCGTGAAGCTTGTGT,Effector Memory CD8+ T cells
E2L8_ATACCTTTCCTGTAAG,Activated CD4+ T cells
L5_GGAGGATGTTCAGGTT,Plasmacytoid dendritic cells
E2L5_CTCAGAATCCCTTGTG,Activated CD4+ T cells
E2L3_TTCAATCAGGCACGAT,Platelets
L2_CATTCCGTCTATGTGG,HSPCs
E2L1_CGGTCAGCACCGGCTA,cDC2
L1_TATATCCCACCGAATT,CD4+ T cells
L4_TGTTCATTCATAGCAC,CD4+ T cells
E2L6_AGTAACCAGCGGGTTA,Plasma cells
E2L8_GTGAGGAAGCCGTTAT,Effector Memory CD8+ T cells
L1_GCAACATAGGTGCTAG,CD4+ T cells
E2L8_TTCGATTTCGAAGCCC,Cytotoxic CD8+ T cells
E2L8_GTTGCGGCAATTCACG,B cells
L2_CTTCCGAGTGTTAGCT,Memory CD8+ T cells
E2L7_TTACAGGTCGGACGTC,cDC1
L1_CACAACACATCAACCA,cDC2
E2L8_ACCTGTCCATGGATCT,B cells
E2L8_GTGGAAGTCCATGATG,cDC2
L1_CCAATGATCGATTGGT,CD4+ T cells
E2L4_CCTTGTGGTAACTAAG,CD4+ T cells
L4_TGTCCACTCAGGAACG,Cytotoxic CD8+ T cells
L3_GTTACCCGTTTCGACA,cDC2
E2L5_AGGGCCTGTGACACGA,B cells
L4_AATCGTGCACACTGGC,Plasmacytoid dendritic cells
E2L4_GGAATGGAGACCTCAT,Effector Memory CD8+ T cells
E2L2_GTAGGAGCAACTCCAA,NK cells
E2L7_ACTGTGACACAGCTGC,CD4+ T cells
L3_CTTGATTCATTCAGCA,cDC2
E2L1_TGTGTGAAGGGTCAAC,B cells
E2L5_CGACAGCGTAAGGCTG,Proliferating T cells
L3_AGGGTGACACGACAGA,Plasmacytoid dendritic cells
E2L2_CTTCCGAGTCGACTTA,B cells
L4_CGATGGCAGGCGCTTC,HSPCs
L3_CGATGGCCAGAACTTC,HSPCs
L2_CGATGGCTCGCACTCT,CD4+ T cells
E2L5_TGCGGGTCAAGACGAC,CD4+ T cells
E2L8_CTGCAGGTCACTCGAA,Platelets
E2L5_GAAGGACGTGCGGCTT,Proliferating T cells
L4_GTAATCGAGCTAGAAT,B cells
E2L8_TCATCATAGTGGAATT,Non-classical monocytes
L3_TCATCATGTAGTAAGT,CD4+ T cells
E2L4_GCAGGCTGTCCTACGG,Plasma cells
E2L1_GAGGCAAAGATGAAGG,Cytotoxic CD8+ T cells
E2L1_CCGTTCAAGTGTAGTA,B cells
E2L6_GGGAGTACACCATAAC,B cells
L5_GTAGGAGGTAGAGACC,Effector Memory CD8+ T cells
E2L2_CCCTGATTCAATGCAC,Proliferating T cells
E2L1_TGGTGATCAGACCTAT,Cytotoxic CD8+ T cells
L2_CTGTATTGTTGCTTGA,CD4+ T cells
E2L1_TGATCAGCATGTTTGG,cDC1
E2L8_ATTTACCAGATAGCAT,CD4+ T cells
E2L1_ATTGTTCGTAGATGTA,Effector Memory CD8+ T cells
L3_CTGGACGGTACAGGTG,Plasmacytoid dendritic cells
E2L6_TTTGACTGTTTCGGCG,Cytotoxic CD8+ T cells
E2L4_CGATGGCAGAGATGCC,Effector Memory CD8+ T cells
E2L7_TCCTTCTCAACCCTCT,Non-classical monocytes
E2L2_TTCGATTTCTCAGTCC,Plasmacytoid dendritic cells
L2_GTGGTTAGTTCGGTAT,CD4+ T cells
L3_CAGTTCCAGTAAGACT,Effector Memory CD8+ T cells
E2L3_TTCCTTCGTGCGGCTT,B cells
L2_TGTCAGAGTCCTCAGG,CD4+ T cells
E2L6_ACCATTTGTGGTACAG,Activated CD4+ T cells
E2L4_GTAGAAACATGATGCT,Effector Memory CD8+ T cells
E2L6_ACTTATCCAGTCCGTG,Classical monocytes
L4_GCCATTCAGTACCGGA,CD4+ T cells
E2L4_AGAACAAAGGTCGTCC,CD4+ T cells
E2L7_ACTTCGCAGGCGAACT,Proliferating NK cells
E2L3_TACTTCATCCACACAA,Plasmacytoid dendritic cells
L5_GGCGTCACATAGGTAA,CD4+ T cells
L4_CGAGAAGGTCCGAAAG,CD4+ T cells
L5_ACCCTTGGTGGCAACA,CD4+ T cells
E2L4_GTAACCAAGGCGATAC,CD4+ T cells
L5_GAAGGACGTCATGACT,CD4+ T cells
L2_GAGGGATGTGAGTGAC,CD4+ T cells
E2L1_AAGGTAAAGTACGTCT,Effector Memory CD8+ T cells
E2L7_CACTGGGTCATTTACC,B cells
L3_GTTACCCTCCTAGCTC,Activated CD4+ T cells
E2L4_GACCGTGAGGATGGCT,Non-classical monocytes
E2L6_ATTCATCCAATAGTGA,Effector Memory CD8+ T cells
E2L5_TTACGTTTCCCGTGTT,Plasma cells
L3_ACGGTCGAGGCCCAAA,Plasmacytoid dendritic cells
L1_GATTGGTTCTCTGCTG,Memory CD8+ T cells
E2L2_GAGGGATTCGGCTGGT,CD4+ T cells
L3_GGGCTACAGGTGCTTT,Cytotoxic CD8+ T cells
E2L6_GTACAGTAGTAAACGT,CD4+ T cells
L2_CCCATTGCAGCGTACC,Cytotoxic CD8+ T cells
L1_ATTTCACGTGAACTAA,cDC1
L5_GACGCTGTCGACGCTG,Cytotoxic CD8+ T cells
E2L3_CTGCCTACATTGACTG,Effector Memory CD8+ T cells
L4_TGAGGGAGTCGGAACA,Platelets
E2L8_TTGATGGCAGATTTCG,B cells
E2L1_CCGGTGAGTAAGATAC,B cells
E2L8_AGTGACTCAACGTTAC,cDC1
L1_AGGGCCTCACAACATC,CD4+ T cells
L2_TCTTTGACATCCGAAT,CD4+ T cells
E2L7_CTCAGTCGTGCGAACA,Plasmacytoid dendritic cells
E2L5_CATTGTTTCTCTCTTC,Cytotoxic CD8+ T cells
E2L3_TTAGTCTTCTCGGTAA,Non-classical monocytes
E2L5_CATTGTTAGTGTTCAC,Plasmacytoid dendritic cells
E2L4_CAAGCTACAATCCTAG,Effector Memory CD8+ T cells
L3_TTAATCCGTTGTATGC,Cytotoxic CD8+ T cells
L1_TTCTAGTTCCGATGCG,Cytotoxic CD8+ T cells
L3_TTCTGTAGTCCTGTCT,Plasmacytoid dendritic cells
L2_TGTCCACGTGAGAACC,Effector Memory CD8+ T cells
E2L5_GAGACCCAGTCACGAG,Activated CD4+ T cells
E2L2_AGACAAAGTGACATCT,B cells
E2L5_AGGGTCCAGGGTACAC,CD4+ T cells
E2L4_AAAGGGCTCTGGACCG,Effector Memory CD8+ T cells
E2L8_ACTTCCGGTTAAACCC,cDC2
E2L5_ATAGAGATCAGTGCGC,Plasmacytoid dendritic cells
E2L4_ACATCCCGTACTCAAC,Platelets
L1_ACTATTCAGAGGCGGA,B cells
L1_TCGTGCTGTCTTTCTA,CD4+ T cells
E2L1_CAGTTAGCAACATACC,Proliferating T cells
E2L7_CTGTCGTCATGGAGAC,cDC2
E2L3_TTTCATGAGAGGCTGT,Platelets
E2L3_TCTCTGGTCGCTGCGA,Classical monocytes
E2L6_TCGGGCAGTGGCATCC,CD4+ T cells
L1_CTCCCAAAGAGTCGAC,Activated CD4+ T cells
L1_CTTCTAAGTATCGATC,Cytotoxic CD8+ T cells
E2L1_AGAGAGCAGCGGATCA,Cytotoxic CD8+ T cells
E2L2_TGAGTCAGTCCTTAAG,Activated CD4+ T cells
L5_GACCAATCACGTATAC,Memory CD8+ T cells
E2L5_GTAGTACCAGGCACAA,Platelets
L5_ATGCGATAGGAACTCG,CD4+ T cells
L2_AACCTTTAGAATAACC,Proliferating T cells
L5_TGAGTCAAGTTTCGAC,CD4+ T cells
E2L1_TGGAACTTCGGACAAG,Cytotoxic CD8+ T cells
E2L3_CGTTCTGGTTACACTG,CD4+ T cells
L1_TATTGGGGTTCCTAGA,cDC2
L3_TGCAGATTCGAAATCC,B cells
L5_AGACAAAGTGATTAGA,Proliferating T cells
L3_TCGGGCAGTGCCTATA,CD4+ T cells
L1_CAATCGACAGGTTCCG,Non-classical monocytes
L3_CCTCTCCAGGTTGCCC,HSPCs
L4_TGCTCGTGTACAGTAA,CD4+ T cells
E2L8_TTGATGGTCACACGAT,cDC2
E2L3_CGTAAGTGTAAGACCG,Cytotoxic CD8+ T cells
E2L6_CACCAAACACAGTGTT,Cytotoxic CD8+ T cells
E2L2_GTGTAACCACTCAAGT,Non-classical monocytes
E2L4_ATGCCTCTCGGCAGTC,Effector Memory CD8+ T cells
L1_AGACCCGGTCTGATCA,Effector Memory CD8+ T cells
L5_TCAGTTTCACGGCGTT,CD4+ T cells
L4_GGTGTCGCAGCTACCG,CD4+ T cells
E2L2_ACACTGAAGACTCCGC,Non-classical monocytes
L5_CGGGTCATCCTTGAAG,Proliferating T cells
E2L8_CTCACTGAGGTAACTA,NK cells
E2L7_GAGGGTACACGTCATA,B cells
L1_ACATTTCTCACGGGAA,Non-classical monocytes
E2L8_GAGTGTTGTTAAGGAT,Activated CD4+ T cells
L3_AGTCACAAGTAATCCC,CD4+ T cells
E2L7_GCCAGTGTCCTGCTAC,Platelets
E2L5_CTAAGTGCAAGACGGT,Classical monocytes
E2L2_AGTACCATCTGGGCAC,NK cells
E2L5_GTGTCCTTCACTTTGT,Cytotoxic CD8+ T cells
L2_CTCAGTCCATCCGGCA,CD4+ T cells
L5_TTTACTGGTCGTGCCA,Classical monocytes
E2L4_AGCTCAAAGATGTAGT,cDC2
L5_TTCCTCTAGGTCATTC,Effector Memory CD8+ T cells
E2L3_CGGAGAAAGCCGATCC,CD4+ T cells
L5_TGCTCGTTCGAGCCAC,Activated CD4+ T cells
E2L4_AGCCAATCAGAGAGGG,CD4+ T cells
E2L3_AGGTTACTCTATACTC,Plasmacytoid dendritic cells
L1_TATATCCGTAGCGTTT,CD4+ T cells
E2L8_GCCAGCATCCGATAGT,B cells
E2L7_ATCGCCTCAACGACAG,Platelets
E2L7_ATTATCCGTCTCTCAC,Activated CD4+ T cells
L1_AAGCGAGAGAAATTCG,CD4+ T cells
L5_GGCTTGGTCGAGCCTG,Cytotoxic CD8+ T cells
L5_TCGAAGTAGACCATAA,CD4+ T cells
E2L8_ACGTCCTAGGTGAGAA,Effector Memory CD8+ T cells
E2L7_TCTTAGTTCGCATTGA,cDC1
E2L8_TTCTGTATCACTGGGC,Classical monocytes
L1_ATTTACCAGGCCTGAA,CD4+ T cells
E2L1_CCGGTAGAGACATAAC,B cells
L3_ACTTATCTCACGGACC,CD4+ T cells
E2L3_AGTTCCCTCGACCATA,CD4+ T cells
L3_GTAACCACAAAGACTA,Cytotoxic CD8+ T cells
L1_TCAGTTTAGCCTTGAT,CD4+ T cells
E2L1_CGAGGCTCAAGGTCGA,CD4+ T cells
L3_CCCGAAGCACGACGTC,CD4+ T cells
E2L6_GTCATGAGTTGCACGC,Cytotoxic CD8+ T cells
E2L4_AACCATGTCTGCGATA,Cytotoxic CD8+ T cells
L5_TACCGAAAGCCACTCG,HSPCs
L4_CTCCTTTTCAAATAGG,CD4+ T cells
E2L4_GTGGTTACAGGGTTGA,Plasma cells
L2_AGGAATATCTCTGAGA,CD4+ T cells
L3_TCATGGAGTCACAGTT,CD4+ T cells
L3_TATTTCGGTCAACCTA,Activated CD4+ T cells
E2L5_TATCTTGTCCATTGTT,B cells
L2_AGTAACCTCTCTTCAA,cDC2
E2L6_TCGTCCAGTCAAATCC,Cytotoxic CD8+ T cells
E2L1_GCCATGGGTCCTACGG,Proliferating T cells
L2_CTAACCCCACAGTGAG,Effector Memory CD8+ T cells
E2L4_GGTGGCTTCTCTAGGA,Memory CD8+ T cells
E2L2_ATTCTACCACCTGCAG,cDC2
E2L7_AGACCATTCGTAGTCA,Proliferating T cells
E2L2_TTATTGCAGCCAAGGT,CD4+ T cells
E2L8_ACCCAAACAGGTGGAT,B cells
E2L2_AGATCGTTCGTGTGAT,Proliferating T cells
E2L5_AAGGTAATCGACATAC,cDC2
L1_GAACTGTAGCAGGCAT,Plasma cells
L1_ATGGATCCAGTTAGAA,Cytotoxic CD8+ T cells
L3_GCGAGAAAGATCCAAA,CD4+ T cells
L1_GATCACAAGCATTGTC,Effector Memory CD8+ T cells
L5_CCGTTCATCAACCTCC,cDC2
E2L4_GATGACTGTCAATGGG,Non-classical monocytes
L2_CGAATTGTCGTCACCT,Platelets
L5_GTCAGCGGTCACAATC,Memory CD8+ T cells
E2L2_GACACGCTCCGCATAA,Proliferating T cells
L2_TTACCGCCATGGAATA,Proliferating T cells
E2L7_ACTTAGGTCCGTCCTA,Cytotoxic CD8+ T cells
L1_TTAGTCTCACGCCAGT,Activated CD4+ T cells
E2L8_TCGGATAGTAGCGTCC,CD4+ T cells
E2L2_CACTAAGAGTTCAACC,Activated CD4+ T cells
E2L7_GTTACAGGTGATCGTT,Cytotoxic CD8+ T cells
E2L1_TTACCATTCGGACTGC,Classical monocytes
E2L6_CTAACCCTCACTTTGT,Activated CD4+ T cells
E2L6_TAACGACAGAGAAGGT,CD4+ T cells
L2_AATGGAATCCCAGTGG,Effector Memory CD8+ T cells
L4_TCACTATGTGTGTCGC,CD4+ T cells
L5_GTAGCTAAGCACACAG,Plasmacytoid dendritic cells
E2L6_GAAGCCCTCCAAACCA,Classical monocytes
E2L2_ACGTAGTTCCATCTCG,B cells
E2L7_TGTCAGATCGCCGAGT,CD4+ T cells
E2L2_CCTGCATCAAATTAGG,CD4+ T cells
L1_TGACAGTTCTACTTCA,Proliferating T cells
L5_GTTGTAGAGTCATGGG,B cells
L4_CCCATTGTCAGCTGTA,HSPCs
E2L7_ACATTTCGTTGCTCCT,cDC2
L1_ACTCTCGCAGGTTCAT,CD4+ T cells
L5_CTGAGGCAGCTGTTCA,CD4+ T cells
L1_TTGTGTTCAATTGGTC,Cytotoxic CD8+ T cells
L5_AGTCTCCCATCCTTCG,CD4+ T cells
E2L2_ACAGAAAGTCGATTTG,Plasmacytoid dendritic cells
E2L5_TGACAGTCATGTGCCG,Cytotoxic CD8+ T cells
L5_GCACGTGAGTCGCCAC,NK cells
L5_TGAATCGAGCTCCGAC,B cells
E2L7_GACAGCCTCGCCACTT,B cells
E2L8_GTTTGGACATGTTCAG,Plasma cells
L3_CCTACGTCAGTCTACA,CD4+ T cells
L3_TTGCATTCATTGTCGA,CD4+ T cells
E2L4_TCATGTTTCAAGGTGG,B cells
E2L5_CATCCACCACGCCACA,Platelets
E2L2_TTCGCTGAGGTCGTCC,B cells
E2L7_GAATAGACATGCAGGA,B cells
L4_CCCATTGTCGAGAACG,Memory CD8+ T cells
E2L6_CCGTGAGGTAGACACG,B cells
L4_TCCCACAAGCACACCC,B cells
L2_TCACGGGCAAGCTGTT,Cytotoxic CD8+ T cells
L1_CCCTGATTCGACCACG,CD4+ T cells
E2L7_TGAATCGGTGGTGATG,cDC2
E2L6_ATTTACCCAACTGAAA,Activated CD4+ T cells
L2_CTCTCGAAGCAAATCA,Proliferating T cells
E2L8_AGATGAAAGTGGCGAT,Cytotoxic CD8+ T cells
E2L5_GTGGTTAAGCGACATG,Plasmacytoid dendritic cells
E2L5_CTCCAACGTCCACACG,CD4+ T cells
L3_GTGTAACGTGCTCTTC,CD4+ T cells
L2_GGTTGTATCAGAACCT,Proliferating T cells
L1_GCCGTGACAATACCTG,HSPCs
E2L1_CGGACACTCTTGGCTC,Plasmacytoid dendritic cells
E2L6_ATTACTCTCCCGGTAG,Cytotoxic CD8+ T cells
E2L3_ATGACCAAGGATTTCC,CD4+ T cells
E2L2_CGGAGAACACGGATCC,NK cells
E2L1_TTTGATCCAAAGACTA,Non-classical monocytes
L5_GCTTGGGGTGCATGAG,Proliferating T cells
E2L4_CAGTGCGCATGTCAGT,B cells
E2L3_ATCCCTGTCGTTGCCT,Plasma cells
E2L2_GAGTTACCATAACCCA,cDC2
L2_TGTGCGGGTACAAGTA,Erythrocytes
E2L5_TTGGTTTTCCATTGGA,B cells
E2L3_ATCACGATCCCAACTC,cDC1
L2_TGCTCCATCGACGCTG,CD4+ T cells
E2L8_ATGGAGGAGTCTAGAA,Non-classical monocytes
E2L8_TCATGTTTCTTGAGCA,CD4+ T cells
E2L2_TCAGGTAGTTGCTCCT,Proliferating T cells
L4_CCTCATGAGGGTACGT,Proliferating T cells
L5_ACCACAATCCCTTCCC,HSPCs
E2L7_CATAGACCAATGTTGC,Cytotoxic CD8+ T cells
L2_ATCGTGAAGTATAGAC,CD4+ T cells
L5_TACAGGTCACTGGCGT,Plasma cells
L4_CACTAAGTCTACCCAC,B cells
L5_AAGATAGCATAGATCC,HSPCs
L4_CTGGCAGCACAGTCCG,CD4+ T cells
L3_GTATTGGGTGATAGAT,CD4+ T cells
E2L4_AGGTAGGAGGAAGTCC,CD4+ T cells
L1_TCGTAGATCGGCTTCT,Erythrocytes
L4_ACGATCACAAGTCATC,cDC2
E2L5_TCTTAGTGTCGTATGT,Plasma cells
E2L1_TATTGGGGTATGGAAT,B cells
E2L2_GACTGATGTACGTGAG,Plasmacytoid dendritic cells
L5_CAGATTGAGGTCCTGC,NK cells
L5_TGGGCTGCAGAGCCCT,CD4+ T cells
E2L2_TAGACCAGTTAAGTCC,cDC2
L2_TCTATACAGTTGTCAC,Effector Memory CD8+ T cells
E2L1_ACGGAAGAGTAGTGCG,B cells
E2L7_ATCCGTCGTTCGAGCC,Cytotoxic CD8+ T cells
L3_TGTTCATGTGTTTACG,CD4+ T cells
L5_ATTTCTGCACAAACGG,B cells
E2L2_CTGTAGAGTCCAGCGT,NK cells
E2L3_TTTCAGTGTGTCCACG,Proliferating T cells
E2L7_ACGCACGTCGATACAC,Activated CD4+ T cells
L1_CGTAGTATCCAGCACG,Plasma cells
E2L7_ACCTACCCACCAGCTG,B cells
E2L8_AAGATAGCAAGAAACT,Non-classical monocytes
E2L7_CATTGCCTCGCAGAGA,B cells
E2L7_TCTTCCTAGACGCCAA,Plasmacytoid dendritic cells
E2L2_ACTCTCGAGCTAGCCC,Platelets
E2L2_TCCTCGACATTCATCT,Proliferating T cells
E2L1_ATCGATGTCAGAACCT,B cells
L5_TGAGGAGGTACTCCGG,HSPCs
L2_CTAGGTAGTATCAGCT,HSPCs
L2_CCTAAGAGTTGTTGCA,Plasmacytoid dendritic cells
E2L6_AATGGAACAAGCGAGT,cDC2
L4_CTAACTTGTTGTGGAG,Erythrocytes
E2L8_GTTGCTCAGCTGTGCC,Memory CD8+ T cells
E2L1_AGTAACCTCTCGAACA,Cytotoxic CD8+ T cells
E2L8_ATGAGTCGTAACATAG,Cytotoxic CD8+ T cells
L1_CTGTAGAAGACCGCCT,cDC1
E2L4_AAGGAATTCTGGGCCA,cDC2
L4_AGTAACCGTGGCTAGA,CD4+ T cells
L3_AAGCGTTTCGGTCTGG,Classical monocytes
E2L6_CGGTCAGTCACAACCA,Cytotoxic CD8+ T cells
L4_AACACACGTGCGCTCA,HSPCs
L2_AGGAAATCACTGCATA,CD4+ T cells
E2L3_CCCGAAGGTAAGGCTG,Proliferating T cells
L1_ACCCTCAAGATGAATC,HSPCs
E2L7_TGTTGGAAGTAACCTC,B cells
E2L4_GCAGCTGGTGGAACAC,B cells
L5_GTTGTCCTCGTAGCTA,CD4+ T cells
E2L7_TGTTCTATCAGGTAAA,CD4+ T cells
L2_ACGTTCCTCTAGTGTG,CD4+ T cells
E2L8_GAAACCTCATCGTCCT,Plasmacytoid dendritic cells
E2L8_AGAACAATCTATCGCC,Non-classical monocytes
E2L2_CAACGGCCAATTCTTC,B cells
E2L1_GCCAGGTGTACAGTCT,B cells
L5_CCCGGAAGTCGCAGTC,CD4+ T cells
E2L6_AAACGCTCAAGTTTGC,Classical monocytes
E2L5_TAGACTGTCCAGCAAT,cDC2
E2L6_TATACCTAGTGTGTTC,Cytotoxic CD8+ T cells
L5_ATCAGGTTCATAGGCT,Cytotoxic CD8+ T cells
E2L7_AACCCAAGTTAACCTG,CD4+ T cells
E2L6_CAGAGCCAGAGCATAT,B cells
E2L4_TTTCATGCAAGGAGTC,Non-classical monocytes
E2L8_ACTGTCCTCATCGACA,B cells
L2_AACCTTTTCCCATACC,CD4+ T cells
L3_GAGTTGTTCGGCTTGG,Cytotoxic CD8+ T cells
E2L7_CTCCCTCCATGGTACT,cDC2
E2L2_CCATAAGCATCAGCAT,Non-classical monocytes
L3_GGTGATTCAGTAACGG,CD4+ T cells
E2L7_GCAGCCAAGACCTCCG,Effector Memory CD8+ T cells
E2L4_TAGGGTTCACGTAGTT,B cells
E2L7_GTACAGTTCCGTTGGG,Activated CD4+ T cells
E2L6_GAAGGGTAGGATGCGT,Classical monocytes
L1_GCCAACGCAAGACCTT,Classical monocytes
L1_TGTTGAGGTGTAAATG,CD4+ T cells
L4_CCTTGTGCAGCAGAAC,Proliferating T cells
L1_AGTGACTCACCTGCAG,NK cells
E2L2_AAGACAAAGGTTACCT,Classical monocytes
E2L4_TACTTCACATCCCGTT,B cells
L3_AGGGTCCAGGGCTAAC,CD4+ T cells
E2L2_AGGTCATCATCCTCAC,Effector Memory CD8+ T cells
E2L2_AGGGAGTTCCATTGTT,Platelets
L1_TGGAACTGTGTTCATG,Cytotoxic CD8+ T cells
E2L4_ATTCTACTCTTACACT,B cells
E2L7_CCCGAAGAGGGCCAAT,Proliferating T cells
L2_GGGTCTGAGGGAACAA,CD4+ T cells
L1_TGTTACTGTATGCGGA,Platelets
E2L8_TTCACCGGTCGCACAC,Effector Memory CD8+ T cells
L4_CGTAATGCATAACGGG,CD4+ T cells
L2_CTGCAGGGTTTATGCG,CD4+ T cells
E2L4_GTTCTATTCGCATGAT,B cells
E2L5_CTGAATGGTGTACAGG,Cytotoxic CD8+ T cells
E2L5_ATTGGGTGTCGAACAG,CD4+ T cells
E2L7_CCTAAGACATTGAAGA,cDC2
E2L4_GGGTCTGTCGTACACA,CD4+ T cells
E2L6_AGAACCTCATACCACA,cDC2
E2L4_ATCGGATCAAGCACAG,B cells
E2L4_CGAGGAATCACGAACT,Proliferating T cells
E2L5_GTTATGGGTGACTGTT,CD4+ T cells
E2L6_GATCCCTGTGCAATAA,Activated CD4+ T cells
E2L8_ATGGAGGTCAAGGCTT,Proliferating T cells
L5_TCTACCGGTTCTGACA,Effector Memory CD8+ T cells
E2L2_TCAGCCTCATTGCCGG,Activated CD4+ T cells
E2L5_GAAGTAAGTGCCGGTT,cDC2
L2_AACAAAGCAATAACCC,Platelets
L3_CAACGGCGTGCACAAG,CD4+ T cells
L2_CTTCCTTAGTAGTCAA,CD4+ T cells
L5_TCCTCTTGTCGGCCTA,Effector Memory CD8+ T cells
E2L7_GGAGCAACACACGTGC,Platelets
E2L6_GTGGAGACAGAACTAA,Platelets
E2L4_TTTCCTCCATTAAAGG,cDC2
L3_ACAAGCTCATAGGTTC,Effector Memory CD8+ T cells
E2L7_ACATCCCGTATTTCCT,B cells
E2L1_TTCTAACGTGTACATC,NK cells
L5_GACATCAAGCTCTATG,CD4+ T cells
L3_ATCGTCCCATCAGCAT,Non-classical monocytes
E2L1_TCGGATAAGACATCAA,Classical monocytes
L2_TTAATCCGTAGTTACC,CD4+ T cells
E2L6_GAAGAATCAGGGAGAG,NK cells
L2_AGAACCTTCCCTTTGG,Plasma cells
E2L5_TTAATCCCACTACACA,CD4+ T cells
E2L5_CTCCCTCAGCCATATC,Proliferating NK cells
E2L4_CACTGAACATGCCGCA,Classical monocytes
L4_ACTTCCGAGTACTGTC,CD4+ T cells
L1_CCCTGATTCGTGACTA,CD4+ T cells
L2_GTAAGTCGTAGCACGA,Plasma cells
E2L4_GTCGAATCAAAGGGTC,Cytotoxic CD8+ T cells
E2L2_TATCCTACATTCTTCA,Non-classical monocytes
L3_GTCATCCGTGCACATT,Plasma cells
E2L5_TTTCATGAGAATAACC,Effector Memory CD8+ T cells
L3_ATGACCAAGTACTGGG,CD4+ T cells
L1_GTATTTCTCGTCTCAC,B cells
E2L2_GAATCGTAGAATGTTG,CD4+ T cells
L1_CACGTGGGTGTTACTG,CD4+ T cells
E2L5_CACGTTCTCCCATTCG,CD4+ T cells
L1_CGAGAAGAGCCAAGTG,CD4+ T cells
E2L5_GTACAACAGGTTATAG,Proliferating T cells
E2L1_GGTTAACTCCATCAGA,Cytotoxic CD8+ T cells
E2L3_TCATGAGTCTAGACCA,NK cells
L5_GCGGAAAAGAGCCCAA,Cytotoxic CD8+ T cells
E2L6_GTGGCGTAGGGATGTC,Proliferating T cells
E2L4_TCACGGGAGTGACCTT,Classical monocytes
L3_AGAAATGTCTACTGCC,Effector Memory CD8+ T cells
L2_CACATGATCGGTTCAA,HSPCs
E2L1_ACTTATCGTTCCGCAG,Platelets
L5_AGTGATCTCCACTGGG,Plasma cells
L5_TGCGACGCATGTGCTA,Platelets
L4_GATAGAACAAGCAGGT,Cytotoxic CD8+ T cells
E2L6_TATATCCTCCCGAGGT,Cytotoxic CD8+ T cells
L4_ATCGATGCATCGGTTA,Cytotoxic CD8+ T cells
L2_GACACGCCAAATCAAG,CD4+ T cells
L5_TAGCACAGTATGGAAT,CD4+ T cells
L1_ATCATTCAGAATCGAT,CD4+ T cells
E2L1_ACAACCACACGCGCTA,Cytotoxic CD8+ T cells
E2L6_ATGACCAGTGAATGTA,Plasma cells
L4_TTGTGGAGTTCGCGTG,HSPCs
L1_TACGGGCCAAGGACAC,CD4+ T cells
E2L2_TTCAATCAGAACTGAT,Activated CD4+ T cells
E2L3_TCAGTTTAGCTTTCTT,Memory CD8+ T cells
E2L7_AATCGTGGTAGGTACG,CD4+ T cells
L3_CTTCGGTCAGACTGCC,Proliferating T cells
L3_CTGGTCTAGACATCAA,CD4+ T cells
L3_GTCACGGAGAGAGAAC,CD4+ T cells
L1_TGCACGGAGTATGCAA,Plasma cells
L4_TCAGCCTCAGGATTCT,Classical monocytes
L3_GAAGAATTCTCAGGCG,CD4+ T cells
E2L6_CAGCGTGTCCATTTGT,cDC1
E2L2_TGACGCGAGCCTTTCC,NK cells
E2L3_ATCGGCGCAGACCTGC,Effector Memory CD8+ T cells
E2L7_TTAGGCATCGTACACA,Activated CD4+ T cells
L5_AGGCCACAGAGCCCAA,cDC1
L5_CTAACTTGTACAGTAA,Memory CD8+ T cells
E2L4_GGAACCCCAGAGAATT,B cells
L5_CTACAGATCCGTTGAA,Cytotoxic CD8+ T cells
E2L1_TATCTTGCATCGGAAG,Classical monocytes
L1_GATTCTTAGGCTCTAT,Effector Memory CD8+ T cells
L4_TCATTGTGTGAGACGT,Platelets
L2_ATTCACTCAACCGACC,HSPCs
E2L2_AGAGCAGTCTGCACCT,Activated CD4+ T cells
L2_TGTTACTAGGGACACT,Plasma cells
L4_CATTTCAGTTTCACTT,CD4+ T cells
L5_CTGTACCGTTACCCAA,CD4+ T cells
L1_ATGAAAGGTGTGCTTA,cDC2
L3_ACCACAACAACTCGTA,Effector Memory CD8+ T cells
E2L2_TTACGTTAGCACCGAA,Platelets
L3_ATCCACCCAGTAGGAC,B cells
E2L5_AAGTACCAGATAACAC,CD4+ T cells
L1_TTTGACTAGTGTAGAT,Effector Memory CD8+ T cells
L4_AGCGATTAGACGTCCC,CD4+ T cells
L3_TCCACGTAGGAGAGTA,Effector Memory CD8+ T cells
E2L1_AAGCCATCAGTTGTTG,CD4+ T cells
L5_CACTAAGCACAAACGG,Classical monocytes
L4_GTCTAGAGTATAATGG,CD4+ T cells
L1_CTTGATTTCGGTGTAT,Proliferating T cells
L4_AACAAGATCCATCGTC,Proliferating T cells
L5_AAATGGAAGCGAGTCA,cDC2
E2L7_AGATCCATCTATTTCG,B cells
E2L2_ATCGGATGTTGGGACA,Plasmacytoid dendritic cells
L1_GGTAATCTCGTAGGGA,Plasma cells
E2L8_GAAGCGAGTCGAGATG,NK cells
E2L6_TAGACCATCCTGTAGA,Proliferating T cells
E2L6_TCCCAGTCAGTGCCTG,Plasmacytoid dendritic cells
E2L2_AGTCAACGTATCGTAC,Effector Memory CD8+ T cells
E2L1_CTATAGGAGGGCATGT,CD4+ T cells
E2L4_AGAGAATAGACCATTC,B cells
L5_CTGCTCACACTCCGGA,Memory CD8+ T cells
L5_ATTCCTACACGCCACA,Effector Memory CD8+ T cells
E2L1_GCCAGCATCGAAGCAG,Activated CD4+ T cells
L4_GAGTCATAGAGGGTCT,Non-classical monocytes
L4_TCCATGCGTACTGAGG,Effector Memory CD8+ T cells
E2L7_TAATTCCGTAACAGGC,Cytotoxic CD8+ T cells
E2L3_AAGACAACACGACGAA,cDC1
E2L7_ACACTGATCCCTCGTA,CD4+ T cells
L1_TACGCTCAGTCGCTAT,CD4+ T cells
E2L5_AAGCATCGTAGTTACC,B cells
L1_CACAACAAGACAACTA,Effector Memory CD8+ T cells
L4_TATGTTCGTTTAGAGA,Non-classical monocytes
L5_CTGATCCGTCCAGAAG,HSPCs
E2L3_CAGGCCAAGTCTGCAT,Cytotoxic CD8+ T cells
E2L7_ACCACAACAACTTCTT,CD4+ T cells
E2L6_GATCAGTTCATGCCAA,Platelets
L3_GTTGCGGAGACCGCCT,Memory CD8+ T cells
L4_TCGTGCTGTAGAATAC,Proliferating T cells
L3_TAGAGTCTCTATTTCG,Classical monocytes
L1_CTACTATGTTCCACGG,cDC1
E2L4_TAATCTCAGACGCCAA,Proliferating T cells
L5_TTACTGTTCGCCTTGT,B cells
E2L2_TATTTCGAGTTGTCAC,Erythrocytes
E2L4_CCTTCAGCATCTTAGG,Proliferating T cells
E2L7_GTTGCGGAGCCTCGTG,B cells
L1_CTCTGGTCAGTAACCT,CD4+ T cells
L2_TCTTCCTAGCAGGTCA,CD4+ T cells
E2L4_AGTGCCGCACACTTAG,Activated CD4+ T cells
E2L3_ACACAGTTCGGAGCAA,Effector Memory CD8+ T cells
E2L6_CCGTTCATCGTTACCC,CD4+ T cells
E2L6_AAGCATCCAGAACGCA,CD4+ T cells
L1_CTACCTGGTCTGATCA,CD4+ T cells
L5_CGTGCTTAGACAGCGT,Classical monocytes
L2_TCTACCGGTTACACTG,B cells
L3_CACACAACATACAGCT,NK cells
L4_AGGTGTTGTAGCGCTC,HSPCs
E2L6_GGCAGTCAGCGATGAC,CD4+ T cells
L2_CGTTGGGCACATGGTT,Activated CD4+ T cells
E2L5_CTCTCAGCAAGCCTGC,B cells
L4_CTATAGGTCGTCTACC,CD4+ T cells
L2_TAGGTTGCACATGGTT,Effector Memory CD8+ T cells
L5_TATCAGGGTGACGTCC,Effector Memory CD8+ T cells
L1_TTGTTCAGTAGATCGG,CD4+ T cells
L3_TCTACCGCATGCCGGT,CD4+ T cells
L3_TGATTTCCATTCTGTT,B cells
E2L3_CTGTAGACATGATGCT,cDC2
E2L6_GAGATGGCAGTCACGC,cDC2
L2_ATCACGACACTGATTG,Plasma cells
E2L3_GACCCAGAGCCGGAAT,Cytotoxic CD8+ T cells
E2L4_ATCCACCGTGCTTCAA,cDC2
L2_GCAGCTGTCTCCCAAC,CD4+ T cells
L1_CGAAGTTGTCGTGCCA,CD4+ T cells
L4_AATCGTGCAGTCAGTT,CD4+ T cells
E2L7_TCAGTGAGTACGATGG,Cytotoxic CD8+ T cells
E2L5_TCTCCGATCCGTACGG,Cytotoxic CD8+ T cells
L2_TATTGCTGTTAAACCC,Erythrocytes
E2L2_CGGAATTGTTCGGACC,CD4+ T cells
E2L5_AGGATAACATGACGGA,NK cells
L5_TCTGCCACAGGTGTTT,Proliferating T cells
E2L2_TCAGCAAAGAACAAGG,cDC2
E2L1_TCCTAATGTATCGTAC,Proliferating T cells
L2_TCACAAGTCCTCATAT,Erythrocytes
L2_TTACCATCATCGTGGC,Non-classical monocytes
E2L2_TCAGGTAGTAGTCTTG,Non-classical monocytes
E2L2_GGAACCCCATTCTGTT,Proliferating NK cells
L4_ACGTTCCTCAACGAGG,Proliferating NK cells
L4_TCGTGGGCAGCTGAAG,NK cells
E2L8_CTCAGTCCAGACGATG,Plasma cells
L1_GGTAATCTCTCGAGTA,NK cells
E2L1_TGGGCTGAGCCAAGGT,Cytotoxic CD8+ T cells
L4_ATCTCTAAGTACTGGG,CD4+ T cells
E2L6_ACCTACCAGCGCCTCA,CD4+ T cells
E2L8_TGGGATTTCGCTCTAC,Cytotoxic CD8+ T cells
E2L5_TGTGCGGTCCATTTAC,Plasmacytoid dendritic cells
L5_CATGCCTGTAACAGTA,CD4+ T cells
L1_AATTTCCAGAGGCTGT,HSPCs
E2L1_GGCGTCATCCTAGAGT,CD4+ T cells
E2L8_GTACAGTAGCCTGAAG,Cytotoxic CD8+ T cells
E2L1_ACTATCTTCATTGGTG,cDC2
E2L7_GAGGCAACAACGTATC,Plasma cells
L2_AGGCTGCAGAATAGTC,Cytotoxic CD8+ T cells
L5_CTCCTTTGTCAGTTTG,Proliferating T cells
L4_GGGTGAATCACAACCA,CD4+ T cells
L1_TCTTAGTAGCCTTCTC,CD4+ T cells
E2L7_GGGCCATCAAGTAGTA,Plasmacytoid dendritic cells
L4_CAACGATAGGTGCCAA,Non-classical monocytes
E2L5_TGGGAGAAGACTCGAG,CD4+ T cells
E2L5_CTCTCAGAGTGTACCT,Classical monocytes
L1_AATTCCTCACTCAGAT,HSPCs
E2L5_TACGTCCTCTAATTCC,Platelets
L5_GTTACGAAGGACTTCT,NK cells
L3_ATGAGTCCAAATACGA,B cells
E2L6_CATGCTCGTATCACCA,B cells
L5_CTAGGTAAGCGAGTAC,CD4+ T cells
L4_GCTACCTAGCGGGTTA,CD4+ T cells
E2L7_TAGACCACAGGAATCG,Classical monocytes
E2L3_GTTGCTCGTCTCGCGA,Cytotoxic CD8+ T cells
E2L3_CCTATCGCATTGCTGA,CD4+ T cells
E2L5_ATCGGATCACAACATC,Plasma cells
E2L3_TCGATTTCACAGCCAC,CD4+ T cells
L3_CATGCTCTCAGGAACG,CD4+ T cells
E2L6_AGGCCACGTGGCTTAT,NK cells
E2L4_ATCGTCCAGCAAGCCA,B cells
E2L7_TGCAGTATCGTCTACC,Proliferating T cells
E2L5_GTCTGTCTCACCCTTG,Cytotoxic CD8+ T cells
E2L6_AGTGTTGCAACCGGAA,CD4+ T cells
E2L1_GCGGAAAGTGACATCT,Effector Memory CD8+ T cells
L5_CTCACTGTCGTGTGGC,cDC1
L2_TCGGGACTCGGCTATA,HSPCs
L1_GCTTGGGCATGACTCA,Effector Memory CD8+ T cells
E2L3_GACTCTCCATACTTTC,Classical monocytes
E2L8_CACATGAAGTGGATAT,Cytotoxic CD8+ T cells
E2L1_CGGACACAGCGTGCTC,Activated CD4+ T cells
E2L8_GAGGCAACAGGCAATG,Proliferating NK cells
L3_TACGTCCGTATCCTTT,Non-classical monocytes
L1_CGATCGGGTGATACCT,Memory CD8+ T cells
L2_TGTAGACCACCTGCGA,Memory CD8+ T cells
E2L1_ATGGTTGCAGCAAGAC,cDC2
L2_TTGGTTTAGCGTGTTT,cDC2
E2L4_GGTGTTAGTGCATACT,Cytotoxic CD8+ T cells
E2L5_CATCAAGTCTGGGCAC,Cytotoxic CD8+ T cells
L3_CATTGCCGTATGTCCA,Erythrocytes
E2L2_CGTTCTGAGATTACCC,Cytotoxic CD8+ T cells
L1_TGTTCCGGTAGTCTTG,cDC2
E2L3_ATCACTTGTTGTACGT,Cytotoxic CD8+ T cells
E2L3_CTATCTACAGCGTGCT,NK cells
E2L1_CGTTAGACACACGTGC,Activated CD4+ T cells
L3_CTGGTCTAGGTTATAG,CD4+ T cells
E2L2_CATGCCTGTGTTTGCA,cDC2
L3_AGCTTCCTCGCTTGAA,Effector Memory CD8+ T cells
L3_CTTCGGTTCTGAGTCA,Plasma cells
L4_CTGTAGATCAACTCTT,CD4+ T cells
E2L7_TCGCTTGAGGACAACC,Platelets
L4_TCAAGCATCTCACCCA,Cytotoxic CD8+ T cells
L4_TCCGGGACACATATCG,Proliferating NK cells
L5_CAAGACTGTCAGTCGC,Effector Memory CD8+ T cells
E2L2_TCACTCGTCATTATCC,Effector Memory CD8+ T cells
E2L4_TAGCACAAGACGCATG,B cells
E2L4_TTCGGTCAGCACCAGA,Non-classical monocytes
E2L4_TTTAGTCTCCTTCTTC,CD4+ T cells
E2L5_GAGGGTATCGTAACCA,B cells
E2L1_TAAGCGTAGCACCGAA,Plasma cells
E2L6_GCCCGAAAGGTTACCT,cDC2
L2_AGCTCAAAGTCCCGAC,Proliferating T cells
L2_CTACTATCAAGACCGA,cDC2
E2L2_TCGAACATCTTAAGGC,Effector Memory CD8+ T cells
L1_CCTAACCGTCCGGTCA,Classical monocytes
L4_ACAACCATCAAAGACA,CD4+ T cells
L3_CCCTAACAGCGTGCCT,NK cells
E2L7_TGCGACGCACAGTCCG,B cells
L1_GGCACGTAGAACAGGA,cDC2
E2L5_AGCTCAAAGCTATCTG,Plasmacytoid dendritic cells
E2L3_AGCGATTGTGATCATC,B cells
L2_TTAGGGTAGAGAGCGG,Erythrocytes
L1_GCAGGCTCACAAATCC,cDC2
E2L7_TTTACGTAGACAACAT,CD4+ T cells
L3_CCTATCGAGCTCTTCC,B cells
E2L3_GTTACGAAGCGGTAGT,Non-classical monocytes
E2L8_GATGTTGAGACGGATC,Activated CD4+ T cells
E2L8_ACTGTGAGTACTGACT,Effector Memory CD8+ T cells
E2L3_TACCCGTTCATACAGC,Proliferating T cells
L4_CCACACTAGTGATGGC,Platelets
E2L3_GCATCGGCAGGGCTTC,CD4+ T cells
E2L2_TTTGATCGTTAACAGA,Non-classical monocytes
L3_CATAGACAGCAGTACG,cDC2
E2L6_CGTCAAACATAGGTTC,CD4+ T cells
E2L4_TCCATGCAGCTAGATA,Classical monocytes
E2L7_CATCCCATCCATACTT,CD4+ T cells
E2L8_TTGTTTGAGTACAACA,B cells
E2L4_GGGTGAAGTACAAGTA,Effector Memory CD8+ T cells
L4_AACAACCTCCTGTTAT,Non-classical monocytes
L2_GTGTTCCTCGTTATCT,Effector Memory CD8+ T cells
E2L4_AACGGGAGTCTTACTT,B cells
E2L6_GCCGATGAGATGGGCT,B cells
L4_ATGAGGGAGTATAGAC,Effector Memory CD8+ T cells
L1_TATCTGTGTGACTGTT,CD4+ T cells
E2L2_CGGAGAAGTCATCAGT,Activated CD4+ T cells
E2L4_CCCAACTTCTGTTGGA,Non-classical monocytes
L4_TCATGGAGTCCGCAGT,Plasma cells
L5_CACGGGTAGTCCCTAA,Plasmacytoid dendritic cells
E2L1_CGCATAAAGTAGACCG,Cytotoxic CD8+ T cells
L2_ACAGGGAGTATTGGCT,CD4+ T cells
L3_AGTAGTCTCGATGGAG,CD4+ T cells
E2L5_AGTGATCTCAAACGTC,Plasma cells
E2L8_TTCAGGAAGGCCCACT,CD4+ T cells
E2L8_GAACACTTCTAGCCTC,cDC1
L4_CTCAACCGTACAGAAT,Effector Memory CD8+ T cells
E2L5_ACCCAAAGTTAGCGGA,cDC2
E2L3_GCTGCAGAGCCTGAGA,Cytotoxic CD8+ T cells
E2L8_GTGTTAGTCCCTCGAT,B cells
L3_TGCATGAGTGGATCGA,Non-classical monocytes
E2L2_GCCATGGGTCCCAAAT,Cytotoxic CD8+ T cells
L3_TTGTTTGTCTCTCGCA,CD4+ T cells
L1_TGGTTAGGTACGTAGG,CD4+ T cells
L3_TCGAAGTTCTGTCTCG,Cytotoxic CD8+ T cells
E2L2_CCACCATAGTACGAGC,Cytotoxic CD8+ T cells
L5_ATTCACTTCCTACGGG,HSPCs
E2L1_GTCAGCGAGCACTAAA,CD4+ T cells
E2L5_ACAGAAAGTAACAGTA,NK cells
E2L6_GACCCAGTCATTTGCT,cDC2
E2L5_TTCGATTGTCTGATAC,HSPCs
E2L1_GTCAAACCAGATTTCG,Activated CD4+ T cells
E2L4_TGAGCATTCTTTGCTA,CD4+ T cells
L3_GGTAATCGTTATAGAG,CD4+ T cells
L1_TGTTCATTCACACCCT,CD4+ T cells
E2L4_TTAGTCTGTTCACCGG,cDC2
E2L6_ACAGCCGAGTCACTCA,Platelets
L2_CGTGTCTAGAAATGGG,Classical monocytes
L2_GAAATGACAGGTTCGC,Effector Memory CD8+ T cells
L2_TTGCCTGTCGCACGGT,Activated CD4+ T cells
E2L5_TACTTCAGTTAGGCTT,CD4+ T cells
L5_CAACCTCCACCTGTCT,cDC2
L1_TGCGGGTCATCCAATG,Effector Memory CD8+ T cells
L4_AAAGGTAAGGAACGCT,Proliferating T cells
L3_AGGAAATTCTACGCGG,NK cells
E2L5_TGAGTCATCCCGAGAC,Platelets
E2L8_GTAATGCTCGCCAATA,cDC2
L4_AGAGCCCAGTGTCATC,CD4+ T cells
E2L2_TGCTCGTAGATGAACT,Platelets
E2L8_CCTTGTGTCACTCACC,cDC2
L2_CACGTGGGTCCTCATC,B cells
L2_CTGGCAGGTGCATCTA,Proliferating T cells
L3_TTACGTTGTTGTGGCC,CD4+ T cells
L5_GGTAACTTCGCAATTG,Memory CD8+ T cells
L3_ATCCGTCCAAAGGCAC,Plasma cells
E2L6_GATGGAGAGACGATAT,cDC1
L1_GACTCTCAGACTCCGC,B cells
E2L8_GTAACCATCTGAATCG,B cells
L5_AGGAAATAGACCACGA,CD4+ T cells
L2_ATAGGCTCAAGTATAG,HSPCs
L4_TTGTTGTCACAGACGA,NK cells
E2L1_TTGACCCCAGGAATCG,CD4+ T cells
E2L6_AGGCTGCTCATCTATC,B cells
L1_TGTGGCGTCGAAGCCC,CD4+ T cells
E2L3_AGATCCATCCCGAGGT,Activated CD4+ T cells
L4_GTGCAGCAGCGCCTTG,Effector Memory CD8+ T cells
E2L6_ACCGTTCTCCTAGCGG,Effector Memory CD8+ T cells
L3_GTGCTGGGTAATCAGA,Cytotoxic CD8+ T cells
E2L1_GCCAGCAAGAGGCCAT,CD4+ T cells
L2_AAAGGGCAGCAATAGT,CD4+ T cells
L5_GTTTGGAAGGTCGACA,Cytotoxic CD8+ T cells
L1_TTGACCCAGATGGTAT,cDC2
L5_CTGTATTGTTTCTTAC,Effector Memory CD8+ T cells
L1_ATTTCTGGTAGCGTAG,CD4+ T cells
L4_ACTTCCGAGCCTAGGA,Proliferating T cells
E2L7_TCCTTCTCACAGTATC,Plasmacytoid dendritic cells
E2L2_CTGTAGATCTTGAACG,B cells
E2L1_ATCACTTGTATCTTCT,CD4+ T cells
E2L2_GGCACGTCAGAGAATT,B cells
E2L5_GCGAGAATCCTGTTGC,Effector Memory CD8+ T cells
L1_TCGACCTCACTCTGCT,CD4+ T cells
E2L2_CGGACACAGTAGACAT,NK cells
E2L2_AGATAGATCCCATTCG,B cells
L2_GGATGTTAGTATGTAG,CD4+ T cells
L3_AGTGATCGTGTACAGG,Effector Memory CD8+ T cells
E2L2_GCCAACGTCGAGTGAG,CD4+ T cells
L2_ATGGGAGGTGACACAG,NK cells
L4_GTGCAGCCAGCATTGT,CD4+ T cells
E2L5_GGGCGTTCAGACAATA,Classical monocytes
L4_CTCCTTTCATTGGATC,CD4+ T cells
L3_TGGAGAGCACCAACAT,B cells
L5_TGTACAGTCCTGGTCT,HSPCs
L4_GTTATGGCAAGACGGT,CD4+ T cells
L1_CACAGATCATGGCACC,CD4+ T cells
L2_GCAACATTCAGCGGAA,CD4+ T cells
L4_AGTACTGTCTTGATTC,CD4+ T cells
E2L6_TGTTCCGCACCGGCTA,cDC1
L3_TTGGATGGTCGTGGAA,CD4+ T cells
L1_AGGTGTTAGCCTATCA,Proliferating T cells
E2L8_TGTAAGCCATGGAATA,cDC2
E2L7_GTTCTATTCAGATGCT,Effector Memory CD8+ T cells
E2L3_TTGCCTGGTTCCTAAG,CD4+ T cells
L3_CCTCATGTCCACATAG,CD4+ T cells
L3_GTGGCGTAGCTGAGCA,Proliferating T cells
L5_ATTACTCCACTACTTT,HSPCs
L1_GCCGATGTCGATTGGT,CD4+ T cells
E2L8_GTTCCGTTCGACCTAA,B cells
L5_CGTAAGTCAGTATTCG,Cytotoxic CD8+ T cells
E2L3_ATGAAAGCAGCAGGAT,Proliferating T cells
E2L8_GAATAGATCCGAGGCT,B cells
E2L8_TGGCGTGAGGACGCAT,CD4+ T cells
E2L5_CCTAACCCAGGGAATC,Platelets
L5_CCCAACTTCACCGGGT,Cytotoxic CD8+ T cells
E2L2_ACTGATGGTTAGTTCG,Proliferating T cells
L5_CTACAGAAGGATATGT,CD4+ T cells
L4_GACAGCCGTGATAGAT,CD4+ T cells
E2L6_AACCTGAGTCTCCTGT,Non-classical monocytes
E2L6_ATGATCGAGAACAAGG,Non-classical monocytes
E2L5_TCTCCGACAGAGCCCT,CD4+ T cells
L5_CTAGGTATCTACCTTA,Memory CD8+ T cells
L3_TGTGAGTCATCACGGC,CD4+ T cells
E2L3_GTGGAAGAGTCCTGTA,Classical monocytes
L1_TCCTGCAAGACGGTCA,Classical monocytes
L1_ACCGTTCGTTGTTGAC,Effector Memory CD8+ T cells
E2L1_AGAGCAGTCGACGACC,Activated CD4+ T cells
L4_TGACAGTTCTTCGTGC,Memory CD8+ T cells
E2L4_CCTTTGGGTCGGCACT,Cytotoxic CD8+ T cells
E2L3_GCACGGTGTAGTCGTT,Effector Memory CD8+ T cells
E2L4_TGTCCTGGTCGTCGGT,B cells
L3_GACCCAGCATCCCACT,Plasmacytoid dendritic cells
L2_TCACACCCAGTTAAAG,CD4+ T cells
E2L7_CCTAAGAGTCAACCTA,Plasmacytoid dendritic cells
L2_TGTACAGGTCTTACTT,cDC2
E2L8_GCTACAATCTCTGCCA,Activated CD4+ T cells
L5_AAGACAATCCGGTAGC,CD4+ T cells
L2_AGCCACGAGACATACA,cDC2
E2L3_GGTGTCGTCTGAGAGG,Cytotoxic CD8+ T cells
E2L3_AGGATCTTCTCATGCC,B cells
L4_TTGGGATCACTAGAGG,CD4+ T cells
E2L3_CCGTAGGAGCCACTCG,CD4+ T cells
L4_AAAGGATAGCCGAACA,Plasmacytoid dendritic cells
L3_ACCACAATCCTACGAA,B cells
L3_TGCTGAATCCGCAGTG,NK cells
L4_ACTCTCGTCCGATGTA,CD4+ T cells
E2L2_TCTCCGAGTACGTACT,Effector Memory CD8+ T cells
L2_TTACGTTGTGATTCAC,Classical monocytes
L1_AAAGTCCTCCAACCGG,CD4+ T cells
E2L2_TCACTATGTGATGAAT,CD4+ T cells
L1_CGGGCATAGACTACCT,CD4+ T cells
L2_CAGTGCGGTAGATTGA,CD4+ T cells
L5_CAGGCCAGTCCCGCAA,CD4+ T cells
L4_GTGCTTCGTTGTTGAC,HSPCs
E2L4_GTTACAGTCGCGAAGA,Proliferating NK cells
E2L7_GTTTGGAGTGATGGCA,B cells
L2_GACATCAAGCATCAGG,CD4+ T cells
E2L1_CATCCACGTCCGGACT,Non-classical monocytes
E2L1_TCCAGAAAGGCATCAG,Cytotoxic CD8+ T cells
E2L5_CAGATCACAAAGGGCT,Platelets
E2L1_TTGACCCTCAACTTTC,Effector Memory CD8+ T cells
E2L5_CGGAACCTCAATCTTC,CD4+ T cells
L1_CGGGCATGTAATGTGA,Effector Memory CD8+ T cells
E2L1_AACCACATCTATGTGG,NK cells
E2L4_TGACTCCCATAGGAGC,CD4+ T cells
L4_AACCTGACACTCCGGA,Cytotoxic CD8+ T cells
L3_GACGCTGCAGAGATTA,HSPCs
E2L7_CGCAGGTGTAAGGCCA,B cells
E2L8_CATTCTAGTGTCCTAA,Plasma cells
E2L7_AGTCATGGTGTCCAAT,Non-classical monocytes
L2_TATATCCTCTGGACTA,CD4+ T cells
E2L8_ATGATCGTCTTACCAT,Activated CD4+ T cells
E2L2_TCATTGTGTTCCCACT,Effector Memory CD8+ T cells
E2L1_ATGGGAGCATGACACT,Memory CD8+ T cells
E2L2_ATCAGGTAGGGTGGGA,CD4+ T cells
E2L7_GTTGTGAAGTAACGAT,Plasma cells
L3_GGAGATGTCTCGGGAC,Memory CD8+ T cells
E2L5_GATGTTGGTAGAATGT,HSPCs
E2L1_AGGATCTAGAACAGGA,B cells
L1_TCAAGACGTTACGGAG,Non-classical monocytes
L4_CGGGTGTCACGGCTAC,Plasmacytoid dendritic cells
E2L5_AAAGGATTCGGTGTAT,CD4+ T cells
L3_CGTTCTGGTAGCGTCC,Cytotoxic CD8+ T cells
L5_ATCGGCGAGAGAGTGA,Activated CD4+ T cells
E2L2_AGTCACACATAGAGGC,B cells
L2_GTAGAGGCACCGAATT,HSPCs
E2L6_AGGGCTCAGCTGACAG,Activated CD4+ T cells
L2_GGGAAGTTCCATTTCA,CD4+ T cells
L3_CATCGCTCATTCACAG,CD4+ T cells
L1_TAGAGTCCACATGGTT,B cells
L5_TACAACGCAACGTAAA,Effector Memory CD8+ T cells
L1_GTTCTATCAGCGAGTA,Memory CD8+ T cells
E2L2_TCATTCAGTGGAAATT,Effector Memory CD8+ T cells
L1_GGTGTCGGTTAAGAAC,B cells
E2L1_ACGGTTATCCGTGTAA,B cells
E2L4_CTCATCGAGATTTGCC,Cytotoxic CD8+ T cells
E2L1_TGGAGAGGTCCGGCAT,CD4+ T cells
E2L6_TCCTTCTCATTGGGAG,B cells
E2L2_CATGGTAAGTCTAGAA,CD4+ T cells
E2L1_CATCAAGAGGGCAGGA,Non-classical monocytes
E2L6_CATACCCCAGAGTTGG,CD4+ T cells
E2L5_AACACACGTCTAGATC,cDC2
L1_TGACTCCCAGCTCTGG,Classical monocytes
L3_GATCGTAAGGTTGACG,Effector Memory CD8+ T cells
E2L6_CAATTTCTCTGGGCCA,CD4+ T cells
L2_GCAGTTATCTAACGCA,CD4+ T cells
L1_TTGCTGCAGCCTCTGG,Effector Memory CD8+ T cells
L3_TTGATGGTCAAACCCA,Classical monocytes
E2L6_GATCATGGTCAGACTT,NK cells
E2L4_GCTCAAACATGTGGCC,Cytotoxic CD8+ T cells
E2L3_CTTCTAATCCGTACGG,Classical monocytes
L4_TTCACGCGTTACAGCT,B cells
L3_AGAACCTAGCCTGTCG,CD4+ T cells
E2L3_TCGGTCTCAATGAACA,Classical monocytes
L5_CATCAAGCAGCGCTTG,CD4+ T cells
E2L3_CATAAGCCACGAAAGC,cDC2
L1_CCGGACAGTTTCGATG,CD4+ T cells
L2_TACCTCGTCCGTTGGG,CD4+ T cells
L2_TACCGAAGTGTTGATC,Plasma cells
L5_AAGACAAGTGGACTGA,B cells
E2L4_CTGAATGAGGCGTTAG,CD4+ T cells
L1_TCGTGCTAGATTGCGG,Cytotoxic CD8+ T cells
L4_ACGTTCCTCAAAGCCT,HSPCs
E2L3_CAACCAAAGCTTCATG,Classical monocytes
L1_TCTGGCTAGACCGCCT,CD4+ T cells
L5_GGGAAGTCAGGGCTTC,CD4+ T cells
L5_TTATTGCTCCTGGGAC,Platelets
L4_ACACGCGAGTCGTCTA,Effector Memory CD8+ T cells
E2L8_GACCGTGCAACTCATG,NK cells
E2L6_CTACCTGGTCGGATTT,B cells
E2L5_GCATCTCTCGAAGCAG,CD4+ T cells
L1_GATTGGTTCGCCTTGT,Plasmacytoid dendritic cells
L2_ACTGCAATCTACGCGG,Proliferating NK cells
E2L8_ATGAAAGTCCATTGGA,CD4+ T cells
L1_AACTTCTCAGAGGCTA,CD4+ T cells
E2L6_CCGTTCAAGGCATGGT,Classical monocytes
E2L2_GTTGCGGTCTACTCAT,Cytotoxic CD8+ T cells
L4_TTACTGTCACTCAGAT,Non-classical monocytes
E2L4_GTCGCGACAGAAGTTA,B cells
L5_GGAAGTGAGTCCGCGT,CD4+ T cells
L5_TCTACCGCAACTAGAA,cDC1
E2L6_GGCTTTCTCAAATGCC,CD4+ T cells
L3_TACAGGTTCCTGGGTG,CD4+ T cells
E2L5_CAGATCAAGAGTGTGC,Cytotoxic CD8+ T cells
L5_CTCAGAAGTCTTAGTG,Effector Memory CD8+ T cells
E2L8_AATCACGTCTCATGCC,Effector Memory CD8+ T cells
E2L5_TTCCTTCCACTTGGCG,Platelets
L3_GTACAACAGTCACTCA,Cytotoxic CD8+ T cells
E2L7_TGCGACGTCAAATGAG,CD4+ T cells
E2L7_CTCAATTGTATGGGAC,HSPCs
E2L5_TCTCACGAGCTTAAGA,CD4+ T cells
E2L7_GCTACAACATGGGCAA,Cytotoxic CD8+ T cells
L5_CTAAGTGAGCATGATA,CD4+ T cells
E2L4_TGGGATTTCCAGTTCC,Activated CD4+ T cells
L2_TTCGATTTCCACGGAC,CD4+ T cells
L1_AGGCCACTCAATCTCT,HSPCs
L4_CCGTAGGAGGGAGGGT,Effector Memory CD8+ T cells
E2L5_TCCATCGCATGCCGGT,Cytotoxic CD8+ T cells
E2L1_AGACCCGGTTGTGCAT,Proliferating T cells
L2_CTCCATGCAATTGTGC,Platelets
E2L3_CCACGTTAGGCATTTC,B cells
E2L2_ATTCAGGTCCTCGCAT,Platelets
E2L6_GGTGATTTCTTCGGAA,NK cells
E2L4_GGGATGAGTGAGCGAT,cDC2
E2L6_TACACCCGTTTCGGCG,B cells
E2L1_GTCACTCGTGCGTTTA,CD4+ T cells
E2L2_TGCTTGCGTCGAGATG,cDC2
L1_GAAACCTAGCAGCGAT,CD4+ T cells
L4_CACCAAACAGGCACTC,CD4+ T cells
L5_ATCGTGAGTCGAATTC,Proliferating T cells
E2L5_TCTACCGGTTCTCCTG,cDC1
E2L2_GTAGGAGCATGGGTCC,Plasmacytoid dendritic cells
E2L4_ATCCACCAGAAGTCTA,B cells
E2L6_GAGTTTGTCTGAGAAA,Plasma cells
E2L3_GAATAGAGTGGGCTCT,Non-classical monocytes
E2L8_TGCTTGCTCATTGAGC,Classical monocytes
E2L2_GGAACCCCAAGGTCAG,CD4+ T cells
E2L4_TCCCAGTCACAGTCAT,Proliferating T cells
L3_CTCTCAGGTACCCGCA,Plasmacytoid dendritic cells
L5_GTGATGTCACTTGGGC,CD4+ T cells
L4_ACGGTCGAGGAACATT,Effector Memory CD8+ T cells
E2L5_GCCGATGCATGTCTAG,CD4+ T cells
E2L4_GATCCCTAGAGCAGTC,Platelets
E2L4_AATTTCCGTTGATCGT,cDC1
E2L2_CACTGAAAGAGGATGA,NK cells
E2L7_GTGTTAGCACGTTCGG,CD4+ T cells
L1_GTTTACTAGTGGTGGT,Plasmacytoid dendritic cells
E2L6_GTGCTGGTCAATGCAC,Plasma cells
E2L1_CTGAATGAGCGGGTTA,Platelets
E2L4_TCGCTCATCGGCATCG,CD4+ T cells
E2L8_CTGAGGCAGCGTATGG,B cells
E2L7_GGTGATTAGAGTAACT,Effector Memory CD8+ T cells
L5_GCCGTGAGTTTCAGAC,CD4+ T cells
L2_CACTGAAAGGTACAAT,Non-classical monocytes
L4_AACAAAGGTACGAAAT,cDC2
E2L6_AGTGACTAGCGTTCCG,Cytotoxic CD8+ T cells
E2L6_AAACGCTCATAATGCC,Cytotoxic CD8+ T cells
E2L1_GAACTGTCAAGCCATT,Proliferating NK cells
E2L5_CCGTAGGCAGTTCCAA,B cells
E2L8_GCACGTGCACAACGAG,Platelets
L5_TTACCATTCTTACCGC,Activated CD4+ T cells
L2_TTCATGTTCGCGTTTC,cDC2
L4_GCAGTTAAGGCTTTCA,Plasma cells
E2L3_ATCGCCTAGTGGATTA,B cells
E2L4_CACTGGGAGTGCGTCC,CD4+ T cells
L3_ATGAGGGGTTTGATCG,NK cells
E2L6_TCTCACGAGAACCGCA,Cytotoxic CD8+ T cells
L1_CGAATTGTCGTTCTCG,Plasmacytoid dendritic cells
E2L8_GTCATTTCACAGTATC,Activated CD4+ T cells
L1_TCTTAGTGTCACTTCC,HSPCs
L2_TCATGTTGTCTAGTGT,HSPCs
E2L3_CTATCCGGTACCGTGC,Proliferating T cells
L5_TCAAGCAGTGCATCTA,CD4+ T cells
L1_GTCTTTAAGGACAGTC,B cells
E2L4_ACAGCCGGTACTCCCT,B cells
E2L7_AGCCAATAGACGTCCC,B cells
E2L6_TGTGATGCACAACGTT,NK cells
E2L6_TTGGGTATCATGGAGG,CD4+ T cells
E2L2_GGAACCCGTATGTCTG,Proliferating T cells
L2_ATCCTATTCCCTATTA,Proliferating NK cells
L3_CTTCGGTGTACGACAG,CD4+ T cells
E2L7_TCAAGCATCATTTCGT,Cytotoxic CD8+ T cells
E2L1_CCGTTCATCTACCACC,Classical monocytes
E2L7_GGAGGTACAATGAGCG,Plasmacytoid dendritic cells
L2_CCTCAGTGTCCCTAAA,Proliferating T cells
E2L2_CCCTCTCCAGTTACCA,Non-classical monocytes
E2L7_GTTAGTGTCTACTGCC,CD4+ T cells
E2L8_GGCTGTGCATAAGCAA,CD4+ T cells
L5_ATGCCTCTCGATTTCT,B cells
E2L6_GGTGTTAAGCAACTTC,cDC2
E2L1_AGCATCATCGATGGAG,CD4+ T cells
L1_TCACATTTCTCGTCGT,CD4+ T cells
E2L6_TGCTTCGCACGACGAA,B cells
E2L5_GGGTTTACAGGGTCTC,CD4+ T cells
L1_GGGAGATGTTGGGCCT,CD4+ T cells
E2L7_TGCGGGTGTTTGGCTA,CD4+ T cells
E2L4_ATGCATGCAGCTTCCT,Non-classical monocytes
E2L4_TGTTCATGTCCGAAGA,CD4+ T cells
E2L1_CTGGCAGCACAGTCAT,B cells
E2L2_CAAGCTATCCGTGCGA,Activated CD4+ T cells
E2L8_TTGTTGTTCTCTGCCA,Non-classical monocytes
E2L6_TTTCAGTTCCCGGTAG,B cells
E2L1_GGTTCTCAGGTATAGT,Platelets
L1_GGTAGAGAGCACCGAA,CD4+ T cells
L1_TGAGGTTGTCGAGCAA,HSPCs
E2L7_TAGAGTCCACTAGGCC,Classical monocytes
E2L1_CCAATTTCAAGAGATT,B cells
E2L6_CCAAGCGCACCTGCGA,cDC2
L2_CGGAGAATCTTAAGGC,Effector Memory CD8+ T cells
E2L2_ATTCATCCAAGGCCTC,Proliferating T cells
E2L3_CCGGTGATCCTTGACC,Effector Memory CD8+ T cells
E2L7_TGAGGGAAGCGAGGAG,Cytotoxic CD8+ T cells
E2L2_TAGTGCACACGTGTGC,NK cells
L2_ACCTGAACAACTAGAA,Cytotoxic CD8+ T cells
L5_AAAGAACCAGTGTGGA,CD4+ T cells
E2L1_AGCCAGCAGCTGCCTG,Effector Memory CD8+ T cells
L2_ATTACCTCAGCTACCG,CD4+ T cells
L5_AACCTGAAGGATTTGA,CD4+ T cells
L1_GGGAAGTAGGTCGTAG,CD4+ T cells
E2L6_CAAGACTAGTGCGCTC,CD4+ T cells
E2L1_GCTGCAGTCAAAGGAT,NK cells
L5_TGCGACGCAAGCGCAA,CD4+ T cells
L1_CGGAACCTCCATACTT,NK cells
L5_GCAGCTGCAGCTTCCT,B cells
L4_AAGACAACACAGACGA,cDC1
E2L4_AGGACGACACGACTAT,Cytotoxic CD8+ T cells
L2_GTTGAACCAAGTGCTT,NK cells
L4_TCACTCGTCATACAGC,CD4+ T cells
L5_AGAAGCGGTAGAATAC,NK cells
L1_GTTGAACAGCGTCTGC,HSPCs
L2_GGGTCACAGGAAGTCC,HSPCs
E2L1_TCGCAGGAGCGACTTT,Effector Memory CD8+ T cells
L1_ACGGTCGTCTCGTGAA,Erythrocytes
E2L1_TCGACGGGTATGATCC,NK cells
E2L5_ACCTACCAGTGAATAC,Cytotoxic CD8+ T cells
L2_TAAGCCATCGGTGAAG,Non-classical monocytes
L2_CCCTAACTCTCTTAAC,B cells
E2L1_TGGATGTGTTATAGCC,Cytotoxic CD8+ T cells
L1_GTAGAGGAGGACACTG,HSPCs
L4_GGGCGTTCAAATACGA,Plasma cells
E2L2_TGATTCTGTGACTGTT,Proliferating T cells
E2L5_TGTGGCGGTAATGATG,Cytotoxic CD8+ T cells
E2L5_CGAGAAGGTTGACTGT,cDC2
E2L5_GCTACCTTCCTTCACG,Proliferating T cells
L3_TGACAGTCATCAGCTA,CD4+ T cells
L2_TCTTAGTAGGCTTAAA,Non-classical monocytes
E2L5_AGAGAGCCAGAGATTA,Effector Memory CD8+ T cells
E2L6_TTCGCTGGTCATTCCC,Platelets
L3_TGTAACGGTACGGGAT,CD4+ T cells
L2_CTGCCTATCACGATCA,Non-classical monocytes
E2L6_CGAATTGCATTCTGTT,cDC2
E2L4_AACCCAAGTCTTCTAT,Proliferating T cells
E2L7_TACTTACAGATGCCGA,cDC2
L2_TTTGGTTCATCATGAC,B cells
L5_GGAGCAACATCGAGCC,CD4+ T cells
L1_ATACCGACAACGAGGT,CD4+ T cells
L3_GAGTGAGGTAATGATG,Proliferating T cells
L1_CAACCTCGTCGAGTGA,B cells
E2L4_TACCTCGGTACCTAAC,Activated CD4+ T cells
E2L4_GGGAAGTAGTCATTGC,Classical monocytes
L1_ATTCACTAGACCTTTG,CD4+ T cells
L2_TGCTCGTAGCACTCCG,CD4+ T cells
E2L2_CTTCGGTAGGGTGAAA,Cytotoxic CD8+ T cells
L3_GTGCAGCTCGGCCCAA,Plasmacytoid dendritic cells
E2L3_AACCAACGTACAGGTG,Cytotoxic CD8+ T cells
E2L4_CCCTCAACAAGCCTGC,B cells
L5_TGATTTCAGTCTGTAC,Effector Memory CD8+ T cells
L1_TTCTTGACAATAACGA,Erythrocytes
L1_AGTAGTCAGTTGTCAC,Effector Memory CD8+ T cells
E2L1_ACTTAGGGTTGTCTAG,Non-classical monocytes
L5_CACTGAACATGTTCGA,Cytotoxic CD8+ T cells
L4_CAGCCAGCAGAAATTG,Non-classical monocytes
L5_TTCTAGTGTGCTCTCT,CD4+ T cells
E2L2_TTGCATTTCCGGTAAT,Proliferating T cells
L3_TCTTCCTAGACGGTCA,Effector Memory CD8+ T cells
L5_GGTAACTGTAACGATA,Proliferating T cells
L5_GAGTTGTCAAGGCCTC,CD4+ T cells
E2L5_CACACAATCATATGGC,NK cells
L4_GTCGCGACAGAGACTG,B cells
E2L5_CAGGCCACAAGTGTCT,Classical monocytes
E2L2_ATGGGAGGTATGGAAT,CD4+ T cells
E2L3_CAACGGCAGTAATACG,NK cells
E2L5_TAAGCACCATTCGGGC,B cells
L3_GTCATTTAGTAGAGTT,CD4+ T cells
E2L3_GAAGGACAGCCACCGT,cDC2
E2L6_CTCCCAACACACTTAG,Cytotoxic CD8+ T cells
E2L8_GAAACCTAGCTAATCC,B cells
L1_TCAGTGAGTCTTCCGT,Proliferating T cells
E2L3_CTATCTATCGCAACAT,Memory CD8+ T cells
E2L3_TGAGGAGTCCGTGGGT,Plasmacytoid dendritic cells
E2L6_CGGGCATTCGCATAGT,Cytotoxic CD8+ T cells
E2L8_TCCTCCCGTAGCTTGT,B cells
E2L8_TCAGTCCCAACCCGCA,B cells
L1_GAGATGGTCGTAACCA,CD4+ T cells
E2L7_GACCAATAGACTCAAA,Activated CD4+ T cells
E2L3_TTCTAGTCAACCACGC,Activated CD4+ T cells
L2_ATCGGATGTAGACGGT,CD4+ T cells
E2L6_ACTATTCGTTGCTGAT,Cytotoxic CD8+ T cells
L2_GAAGCCCGTCTGCAAT,CD4+ T cells
E2L8_CTCCATGAGGCTTAAA,B cells
L4_ACGCACGAGCGTGAGT,cDC2
E2L3_ACTGATGAGGATACGC,B cells
E2L4_AGGAATACAAGTATCC,Plasma cells
E2L6_CTGCTCAAGCTCTATG,cDC2
E2L2_GTTAGACGTTATGACC,CD4+ T cells
E2L1_GTCCTCAAGTCCTGTA,NK cells
L2_GACTCTCTCCACAAGT,Memory CD8+ T cells
E2L7_TGTACAGAGAGCGACT,Effector Memory CD8+ T cells
L4_GTAGAGGAGATTCGCT,B cells
E2L6_TCAATCTAGGTCTTTG,Activated CD4+ T cells
E2L8_TGAGGGACAATACAGA,Cytotoxic CD8+ T cells
L3_GATCAGTCAGTGTATC,cDC2
L1_TGGCGTGGTCCCACGA,Classical monocytes
E2L6_TAAGCGTCACTCCTGT,Activated CD4+ T cells
L5_CAGCCAGCATAATCCG,CD4+ T cells
E2L1_GTGGAAGAGGATATAC,Platelets
L1_CTAGGTATCGCCGAGT,Effector Memory CD8+ T cells
E2L3_CAGCAATTCGTAGGAG,Cytotoxic CD8+ T cells
L2_CTACTATGTGATCATC,NK cells
L2_TTCACGCTCCACACAA,Effector Memory CD8+ T cells
E2L1_GCAGCCAAGACTCTTG,Cytotoxic CD8+ T cells
E2L5_ACTTATCAGCTCTGTA,Effector Memory CD8+ T cells
L2_CACGTTCCATCCGGTG,Cytotoxic CD8+ T cells
L4_CGAAGGACAAAGCACG,B cells
L1_AATGAAGTCGCAATTG,CD4+ T cells
L2_GGTTCTCTCCGCCTAT,B cells
L5_GTGTGATAGAAATTGC,CD4+ T cells
L5_AAACCCATCTTGGATG,cDC2
L1_CGTGATACACGACAGA,cDC1
L2_TTGTGGATCTCCAATT,CD4+ T cells
E2L1_ACTATGGTCTGATGGT,Activated CD4+ T cells
L5_CATTCCGGTGAGATTA,Effector Memory CD8+ T cells
L5_TGTCCACGTTCTCTAT,B cells
E2L4_CTAGACAGTACTGGGA,B cells
E2L1_GGTAGAGTCCCATAAG,Cytotoxic CD8+ T cells
L4_AAGCGTTGTAGCGTCC,cDC2
L1_CACCAAAGTCAAAGAT,CD4+ T cells
L1_TCAAGCATCGTAGTGT,CD4+ T cells
L2_CTGCATCCAAGACCTT,Classical monocytes
E2L6_CCGTGAGTCATCGCCT,Cytotoxic CD8+ T cells
E2L8_CTGAGGCAGATTAGTG,Cytotoxic CD8+ T cells
L4_GAGCCTGGTCTAGGTT,CD4+ T cells
L1_CGTAGTACAACGGCTC,CD4+ T cells
L4_GCAGGCTGTGCCGTAC,CD4+ T cells
L4_GTGAGGACAGTTAGAA,CD4+ T cells
E2L5_TCCCAGTCAAGACCTT,Memory CD8+ T cells
E2L8_TCTGGCTCACAGAGCA,cDC2
L1_TGTAAGCCAGCTACTA,Effector Memory CD8+ T cells
L2_TGTAACGGTGAAGCTG,NK cells
E2L3_TCCTAATCAACAAGAT,CD4+ T cells
E2L8_AAGGTAATCATTTGGG,CD4+ T cells
L2_CTCCCTCGTCCAAGAG,Plasma cells
L4_AGCGATTTCACGTCCT,B cells
L2_AATGGCTGTCGAATGG,B cells
E2L6_CTGCATCTCCGGACTG,B cells
E2L6_TGTAGACGTTCCGCTT,Effector Memory CD8+ T cells
E2L6_AACCATGAGGACATCG,Effector Memory CD8+ T cells
E2L1_TCAGCAACATGTCAGT,B cells
L4_GATGTTGTCGTTGTTT,CD4+ T cells
E2L6_CATGGTAAGTCGAAGC,Activated CD4+ T cells
E2L8_GTTACCCCAGAACCGA,CD4+ T cells
L5_GGATCTAAGTTCGCAT,Plasmacytoid dendritic cells
E2L2_GACTTCCTCGTTGTTT,B cells
E2L2_CAGAGCCCATGGGATG,NK cells
E2L2_GAAGCGACAATCTCTT,Proliferating T cells
L4_ACGGTTATCAATCCAG,CD4+ T cells
E2L2_CTCTGGTGTCTCGCGA,Effector Memory CD8+ T cells
L5_CTCCCTCAGGAATCGC,Cytotoxic CD8+ T cells
E2L5_TACCGGGAGGTCACTT,Cytotoxic CD8+ T cells
E2L1_GGAGATGGTACCATAC,B cells
E2L8_GTCAAACTCGAGAAAT,Plasmacytoid dendritic cells
E2L7_GAGATGGAGTGCACCC,Cytotoxic CD8+ T cells
L1_GACCAATTCTCGGCTT,NK cells
L4_TTGGGCGCATGATAGA,CD4+ T cells
E2L1_GCCCAGATCGTGCTCT,Proliferating T cells
L2_GACTCTCGTCCGCAGT,CD4+ T cells
E2L1_TTCCGGTCATGAATAG,Non-classical monocytes
L1_AAGTACCGTGAGGAAA,Plasma cells
E2L2_CGTGAATAGTCACTCA,Plasma cells
E2L6_GGGACTCTCCAGTGTA,Cytotoxic CD8+ T cells
E2L3_TTTCGATGTGGCGTAA,NK cells
E2L3_GTGAGTTCAGTTGTTG,CD4+ T cells
L3_AGGGCTCTCCGTGCGA,B cells
L1_CTGGACGGTGACTATC,B cells
L1_TGGTACACATGACACT,CD4+ T cells
E2L6_CCCGGAATCCTACCGT,Effector Memory CD8+ T cells
E2L1_TCGACGGGTGCCGAAA,HSPCs
L3_AGGCTGCTCCAGCAAT,B cells
E2L2_TGTTCCGCAAAGAACT,CD4+ T cells
E2L2_AAGCGTTGTAACATGA,Effector Memory CD8+ T cells
E2L7_TGGGAGACAGAACTTC,CD4+ T cells
E2L6_CTTACCGTCTCAGTCC,Proliferating T cells
L1_TTGACCCAGATTGCGG,CD4+ T cells
E2L8_AATAGAGCAATTCTTC,B cells
E2L7_ATACCGACAACTTGCA,Cytotoxic CD8+ T cells
E2L7_ACTGCAATCAGGCGAA,Proliferating T cells
E2L1_ACATGCAAGACGCAGT,cDC2
L3_GGGTAGAGTTGTAGCT,Plasmacytoid dendritic cells
E2L1_GACTTCCGTCCATACA,Classical monocytes
L1_CTAGACACAACTTGCA,HSPCs
E2L8_AAGACTCTCGCTCATC,cDC2
E2L5_GTAATCGCATGATGCT,Effector Memory CD8+ T cells
E2L8_CTATAGGTCCTTCTAA,Non-classical monocytes
L1_GGAATGGCATACCAGT,Effector Memory CD8+ T cells
L2_TTCCGGTGTACTCGTA,Classical monocytes
L2_ACGATCAAGTGAGCCA,HSPCs
L5_ACTTATCAGAAGCGAA,CD4+ T cells
L3_TGTAACGTCCTAAACG,Effector Memory CD8+ T cells
E2L4_TCGCTTGTCTGGGCCA,Platelets
E2L4_GAGTGAGCATCTTAGG,Non-classical monocytes
L2_GTCATCCGTGGCGCTT,HSPCs
L2_CATAGACTCCAGCTCT,Memory CD8+ T cells
E2L5_GGCGTCACAGTCTTCC,Effector Memory CD8+ T cells
E2L6_TCCCACAAGCCATTTG,Cytotoxic CD8+ T cells
L2_CCGGTGAGTGCTGTCG,B cells
L4_ATCGTGACAAGCCTGC,cDC1
E2L8_TCCCACAAGGGTGGGA,Proliferating T cells
E2L6_ATCGGCGCAGTTCACA,cDC2
E2L2_AGAACCTGTTATCTGG,Plasmacytoid dendritic cells
L5_CCCTGATAGAGAGTGA,Effector Memory CD8+ T cells
E2L2_TCAGTTTCACAGCCTG,Cytotoxic CD8+ T cells
E2L6_CCTGTTGGTTAGGAGC,B cells
E2L8_CTACAGAGTGGATTTC,Plasma cells
E2L5_ATCCTATAGGCTGGAT,Cytotoxic CD8+ T cells
L5_CTACGGGCACGACGAA,B cells
E2L6_AGGGTGAGTGATATAG,Non-classical monocytes
E2L3_CATCGTCCATTCACCC,CD4+ T cells
E2L8_TCTACCGCAAGAGCTG,Plasma cells
L5_GTATTGGCAGACTCTA,CD4+ T cells
E2L1_TGTTCATTCCACTTCG,Effector Memory CD8+ T cells
E2L7_CAGCCAGGTATTCCGA,Plasmacytoid dendritic cells
E2L7_CCTACGTCAACACTAC,B cells
L5_CGGAGAACATCTCAAG,Activated CD4+ T cells
E2L3_AAAGTGAGTGACCTGC,B cells
E2L6_CGTTGGGGTATATGGA,CD4+ T cells
L5_GTGTTCCAGAAACACT,Effector Memory CD8+ T cells
E2L5_AACGAAAGTTCTCTCG,Activated CD4+ T cells
E2L8_ATACTTCAGCACTCGC,Proliferating T cells
L5_AAACCCAGTTCTAAGC,HSPCs
L2_GCTCAAATCCCGGTAG,Plasmacytoid dendritic cells
L4_CATCGTCAGGTCCCTG,cDC2
L3_ACCATTTAGTCACTGT,Effector Memory CD8+ T cells
E2L7_AATGCCAAGATGAAGG,CD4+ T cells
L5_GTGTCCTAGCGGGTTA,CD4+ T cells
L4_TTGCATTCATTAGGCT,Effector Memory CD8+ T cells
E2L2_TGACCCTAGATTGGGC,Non-classical monocytes
L5_TAGATCGGTGCCGTTG,Memory CD8+ T cells
E2L8_GTGATGTCACAGAGAC,cDC1
E2L4_TCCGTGTCAATACGCT,Effector Memory CD8+ T cells
E2L1_TAACACGGTGCATTAC,Effector Memory CD8+ T cells
E2L5_TTCTCTCCAAGTAGTA,Cytotoxic CD8+ T cells
E2L5_CGAAGTTGTCCTGGTG,Proliferating T cells
E2L5_CGTCCATGTTAGGGTG,Effector Memory CD8+ T cells
E2L1_TTCTCTCGTCTAGGTT,Cytotoxic CD8+ T cells
E2L4_AATTTCCGTTGTGCCG,CD4+ T cells
E2L5_GACCCAGTCCCTCAAC,cDC1
E2L2_TGCTTGCCATGTACGT,NK cells
L5_TTCGCTGGTGCGGTAA,CD4+ T cells
L3_CGAGGCTAGCAGAAAG,CD4+ T cells
L4_GATTCTTTCCTCTCGA,B cells
E2L8_CTCATCGCATGTTTGG,Cytotoxic CD8+ T cells
L1_TGAGGTTCATTGCTTT,HSPCs
L4_ACGTAGTTCGCCAATA,cDC2
L4_CGGCAGTGTACAACGG,NK cells
E2L4_GACGCTGAGACTGTTC,B cells
L5_TTGCTGCAGACAGCTG,Cytotoxic CD8+ T cells
E2L6_TCGTGGGCACTAGAGG,B cells
E2L4_AGATCGTAGCTTCTAG,Cytotoxic CD8+ T cells
E2L5_ACGTAGTCATCAGCAT,Activated CD4+ T cells
L2_TTACAGGGTTCGGTAT,Erythrocytes
E2L4_AGACAGGAGGTAATCA,B cells
E2L6_CGAAGTTTCTGTAACG,Cytotoxic CD8+ T cells
E2L2_CTTTCAACAAAGACGC,Non-classical monocytes
L1_CCTCCTCGTCGGCACT,CD4+ T cells
E2L3_TCCTAATTCAGCGCGT,cDC2
L1_TGAGCATCACATTACG,Activated CD4+ T cells
E2L5_CATTCTAGTACTCGCG,Memory CD8+ T cells
L5_CCTCTAGGTGGATACG,Classical monocytes
E2L3_CATTGAGCACGAGGTA,Effector Memory CD8+ T cells
E2L3_GTGTGATAGACTCTTG,B cells
L5_GTCGTAAGTGCTCTTC,CD4+ T cells
L3_GTGGGAATCATGAGGG,Effector Memory CD8+ T cells
E2L5_ACAGAAAGTGAGCCAA,NK cells
E2L5_GGGTGTCAGCTTTCCC,Classical monocytes
E2L6_CGAGTGCTCCACTGGG,Classical monocytes
E2L7_GAGTTACGTCATAAAG,Activated CD4+ T cells
L2_TCCGAAAGTTTGAACC,B cells
E2L3_TCTGCCATCTTTCCAA,Classical monocytes
E2L2_CACAACAGTGCAATAA,cDC2
L2_GTGACGCGTTGTGGCC,Classical monocytes
L4_TCCACCAAGCTTACGT,Effector Memory CD8+ T cells
E2L2_CCCTCAATCCTTCTAA,B cells
L2_GCTTTCGAGTTGGAGC,Classical monocytes
E2L7_TGTGATGCATGGTGGA,Cytotoxic CD8+ T cells
E2L3_ATATCCTCAAATTGCC,Effector Memory CD8+ T cells
E2L1_TGGAGAGAGGTCACAG,B cells
E2L8_ATCGCCTCAAGTACCT,Classical monocytes
L1_CAGATACTCTAACGGT,Effector Memory CD8+ T cells
E2L8_TTGGGTATCTCATTTG,B cells
L1_ATCACAGGTGTGTTTG,Non-classical monocytes
E2L4_CGGAACCCACTGTGAT,cDC2
E2L8_GGGATGACATAGCTGT,Effector Memory CD8+ T cells
L5_TCACTCGGTAGTTCCA,Memory CD8+ T cells
E2L5_TACCTCGAGTCATACC,Erythrocytes
E2L7_ACATTTCCAAAGGCTG,B cells
L5_CTCCCAAAGTACAGAT,Effector Memory CD8+ T cells
E2L1_AGACACTGTAACTGCT,Proliferating T cells
L5_CGGAGAAAGAATCCCT,HSPCs
L5_AACCTGATCTGATGGT,NK cells
E2L3_CGGACACTCACGGTCG,Cytotoxic CD8+ T cells
E2L6_GTCCTCAAGAGGGTAA,Effector Memory CD8+ T cells
L4_GACATCACAAACACCT,Cytotoxic CD8+ T cells
E2L4_GTACAACGTCAATCTG,Effector Memory CD8+ T cells
L4_ATGTCCCTCCGCAAAT,CD4+ T cells
E2L5_CTTACCGCAGGAGACT,cDC2
E2L7_CAATACGTCTACGGGC,B cells
E2L7_GTAAGTCGTGAGTAGC,Effector Memory CD8+ T cells
E2L1_GGAGGATAGGTCCCTG,Effector Memory CD8+ T cells
L3_CGTGAATTCTTGCGCT,CD4+ T cells
E2L5_TTGAGTGTCGCTGACG,Cytotoxic CD8+ T cells
E2L4_TAACTTCTCAAGCGTT,Non-classical monocytes
E2L7_CACTGGGAGACTTCGT,B cells
L5_CAGCGTGGTCTACTGA,Memory CD8+ T cells
E2L5_GGCTGTGTCGAGAACG,Memory CD8+ T cells
L2_GGGAAGTTCTCATTAC,cDC2
L3_AACGTCACAACATCGT,Non-classical monocytes
L2_AACAAGACAGAGCGTA,Plasma cells
L3_CGTCAAAAGTAGATCA,Plasma cells
E2L6_GTAGAGGGTGGATCGA,B cells
E2L3_GGGAAGTGTAATGCGG,NK cells
E2L7_GTAATCGCAGAGCTAG,Cytotoxic CD8+ T cells
L2_GTTAGACAGACCTCCG,CD4+ T cells
L5_GAGAGGTCACCAGCTG,CD4+ T cells
L5_TCGGGTGCACCCTTAC,CD4+ T cells
E2L4_AATTCCTCAACGACTT,Cytotoxic CD8+ T cells
E2L4_GTTGCTCCACACCAGC,Cytotoxic CD8+ T cells
E2L3_CATAGACCACTGTGAT,NK cells
E2L4_CGGGTCAAGGAACTCG,B cells
E2L1_ACGTTCCGTCAAGCCC,NK cells
L5_ACAGAAACAGGACTTT,CD4+ T cells
L3_ACCCTCAGTCCGTTTC,CD4+ T cells
L5_GCTACCTTCGTTAGAC,CD4+ T cells
L2_TTCGGTCCACAATTCG,CD4+ T cells
E2L3_AGTGACTGTGGCTAGA,NK cells
L1_TCTTAGTAGGGATGTC,Non-classical monocytes
E2L4_TGGCGTGTCGTTGTAG,B cells
L3_CCGCAAGCAAGGTCTT,CD4+ T cells
E2L5_ACCAACAGTGGCTTGC,B cells
L1_TTCCGTGGTCGTCAGC,HSPCs
E2L7_GCCAGGTTCGTCCTCA,B cells
L5_AAGCATCAGCTTTGTG,cDC2
E2L1_GGAACCCCAAGGTCAG,CD4+ T cells
L1_TGCCGAGGTCGGATTT,HSPCs
L3_CTGCAGGAGCTAAATG,CD4+ T cells
E2L6_GAAATGAGTGGGCTTC,Cytotoxic CD8+ T cells
L1_CAAGCTAGTGCATGTT,Effector Memory CD8+ T cells
L1_GGGCTCACACTACCCT,CD4+ T cells
E2L4_GAGAGGTAGGTCCGAA,B cells
E2L7_TGACCCTGTGGACTGA,CD4+ T cells
E2L7_TTACGCCTCTGGGTCG,Effector Memory CD8+ T cells
E2L5_TTCACCGAGGATTTCC,cDC2
E2L4_AGACACTCACAACGTT,cDC2
E2L2_CGGGTGTAGAACTGAT,cDC2
E2L8_CACCGTTAGACTCTAC,Proliferating T cells
E2L8_GGGAAGTCAGGTTTAC,NK cells
E2L7_TGTCAGATCACGACTA,Non-classical monocytes
E2L5_TATCTTGCACTGGAAG,Effector Memory CD8+ T cells
L4_TATTGCTCAGACAAAT,CD4+ T cells
L3_TAGGGTTTCATGCCCT,HSPCs
E2L5_CGGAATTTCCGTGTCT,B cells
L2_CGAGTTATCAGGAACG,CD4+ T cells
L2_AGACAAACAGTGGGTA,cDC2
L2_TGAGTCAGTGATACCT,HSPCs
E2L2_CTCGAGGCAAAGCAAT,NK cells
L1_AGTTCCCAGCAGCCTC,CD4+ T cells
E2L6_TAGATCGAGACGCCCT,Plasmacytoid dendritic cells
L5_CTCTCAGCAGCTCGGT,CD4+ T cells
E2L8_TATTTCGAGAGGGTGG,Cytotoxic CD8+ T cells
E2L5_CAGGCCAGTCCGTTTC,CD4+ T cells
L1_CGAGTGCGTAGGCTCC,Effector Memory CD8+ T cells
E2L4_AGACCATAGACGCCAA,NK cells
L2_AAGCCATTCTCCCATG,CD4+ T cells
L1_CTGCTCAAGCTTTCCC,CD4+ T cells
L3_AGCGATTCAAGTGCTT,CD4+ T cells
L1_ACACTGAAGCAGGGAG,Memory CD8+ T cells
E2L6_CGTTCTGGTTCGGACC,Plasmacytoid dendritic cells
L5_GATGACTTCAAGTGGG,Effector Memory CD8+ T cells
E2L3_TTCTAACAGTTTGGCT,Cytotoxic CD8+ T cells
E2L6_GGTAATCCACCGGAAA,B cells
L1_GAAGTAACACTAGTAC,Platelets
