barcode,cell_type
L3_ACCGTTCCACATATGC,Proliferating NK cell
E2L7_GACCAATCAGAGCTAG,FCGR3A monocyte
E2L2_TCCGAAAAGAAGCTGC,Platelet
E2L4_TAATCTCGTAGAGATT,CD1C dendritic cell
L5_TATTGCTTCGCTAATG,Memory CD4 T cell
E2L3_GTAGATCCAACCGACC,FCGR3A monocyte
L3_TCCGATCGTGTTTACG,Erythroid cell
L3_TTAGGCACACACCTGG,Memory CD4 T cell
E2L4_TCGATTTTCTGCTTAT,B cell
E2L5_CGGGTGTTCAACTGAC,Memory CD4 T cell
L2_CAGCACGTCGAGTCTA,Naive CD4 T cell
E2L6_GACTGATTCCGTAGGC,Proliferating NK cell
L1_TTAGTCTCATCAGCTA,Memory CD4 T cell
L1_CTAGGTAGTAGATGTA,Plasmacytoid dendritic cell
E2L1_TGACGCGGTTAAGACA,B cell
E2L5_CAGCAGCTCAAGTTGC,Naive CD4 T cell
L2_CGTAGTATCGCAGATT,Proliferating NK cell
L5_CTTGATTTCAGCTAGT,CLEC9A dendritic cell
L1_AGAACAAAGGAACGCT,Naive CD4 T cell
E2L1_CGAGGCTTCTGCGGAC,CD161+ memory T cell
L4_GGGTCACTCGATAACC,Memory CD4 T cell
E2L6_GATTTCTGTGAATGAT,B cell
L1_GTTCCGTGTACCGGAA,Proliferating NK cell
L2_TGGGAGAGTTCGTGCG,Hematopoietic progenitor cell
E2L1_CTCATTAAGGTCATCT,CD14 monocyte
E2L6_CCCTCTCTCGACCACG,B cell
L5_TACGTCCAGAGAGCCT,CLEC9A dendritic cell
E2L5_AAAGGATCACTCCTGT,CD161+ memory T cell
L1_ACCCTCAAGGTCCAGA,Cytotoxic CD8 T cell
E2L1_GTAACCATCACGGACC,CD161+ memory T cell
L1_GTAGTACTCTTCTAAC,Naive CD4 T cell
L2_TATCCTATCCCTGGTT,CLEC9A dendritic cell
E2L1_ATTGTTCAGTATTCCG,CD1C dendritic cell
E2L6_ATCGCCTAGGCTCAAG,Platelet
L2_TCCTCCCTCCGCGATG,Proliferating NK cell
E2L2_ACGGAAGAGATGTTGA,Naive CD4 T cell
L5_GATGTTGGTACGAGTG,Naive CD4 T cell
L5_ATCCATTTCACAAGGG,FCGR3A monocyte
L4_GATTCGAGTAGTCTGT,Naive CD4 T cell
E2L2_TATCTGTCACCGTGGT,Naive CD4 T cell
E2L6_AGGGTTTCACAGGATG,Cytotoxic CD8 T cell
L5_TCTTAGTCATATCTGG,CD161+ memory T cell
E2L5_CAGATACAGCCTGAGA,Naive CD4 T cell
E2L5_CAACAGTTCGGACTGC,Proliferating NK cell
E2L8_GGCGTCAGTACCTTCC,Cytotoxic CD8 T cell
L2_AACAACCGTAGACGTG,Memory CD4 T cell
L3_GCACGGTGTCGACTGC,Naive CD4 T cell
E2L5_AGGTCTATCAGTGTGT,CD14 monocyte
E2L4_CTGCCTAGTACCTAGT,Platelet
L2_GAGCTGCGTCGAGCAA,Cytotoxic CD8 T cell
L5_ATCATTCAGAAGGGAT,Naive CD4 T cell
E2L8_TAAGCCACACACCTGG,Plasmacytoid dendritic cell
E2L4_TAACGACCAAGCTCTA,Gamma delta T cell
E2L8_TCATTGTTCGTTGCCT,Gamma delta T cell
E2L7_CTACCTGAGTCGCGAA,FCGR3A monocyte
E2L2_TAGGGTTAGCACTAAA,CD14 monocyte
L2_TGGTACAGTGTATCCA,Hematopoietic progenitor cell
L4_GGAACCCAGCTCCACG,NK cell
E2L6_CTCGAGGTCTAAGCCA,FCGR3A monocyte
L5_TCGCTTGTCTTACCGC,CD1C dendritic cell
L3_CGTAATGAGTACTGTC,NK cell
E2L4_TTGGTTTAGTATGGAT,CLEC9A dendritic cell
E2L3_AGGTCATAGCATCAAA,Naive CD4 T cell
L4_TCTGGCTCATAATGCC,Naive CD4 T cell
E2L1_TGACGCGTCCACACAA,Cytotoxic CD8 T cell
E2L3_CTCTCGAGTCCTTAAG,Cytotoxic CD8 T cell
E2L6_CCGTAGGAGGCAGGGA,CD161+ memory T cell
E2L2_AAAGTGAGTCTGTGAT,Proliferating NK cell
L1_GATCACATCAAGGAGC,Naive CD4 T cell
E2L3_GAGTTACTCACATCAG,Plasma cell
E2L4_ATGCCTCGTTCGGCGT,Cytotoxic CD8 T cell
E2L8_GTACAGTGTAGCACAG,Proliferating NK cell
E2L8_ACTGTCCAGCTATCTG,Cytotoxic CD8 T cell
L5_AGGATCTAGATCACTC,Proliferating NK cell
L1_GGGATCCTCCCTCTCC,Naive CD4 T cell
E2L3_AGGATAAAGCGACTGA,Plasmacytoid dendritic cell
E2L4_GGAATCTGTCGTCTCT,Platelet
L5_CACAACATCGTGCGAC,CLEC9A dendritic cell
L5_CTACCCAAGCGTGCTC,B cell
E2L5_GTTTACTTCTCACTCG,CD1C dendritic cell
E2L7_ACCCTTGGTGCTTCAA,Proliferating NK cell
L1_CGTTAGATCTGGTGGC,Naive CD4 T cell
E2L4_CGTCCATCATCCGGTG,Cytotoxic CD8 T cell
E2L1_TCCGGGAAGTCATGCT,Plasma cell
E2L4_TGAGACTAGAATTTGG,B cell
E2L1_ATCTCTAAGCACACCC,Gamma delta T cell
L2_TGTTTGTTCACTTCTA,CD161+ memory T cell
E2L7_AGCTCAACACACAGAG,CD161+ memory T cell
L5_CTCCGATGTAGAGTTA,Erythroid cell
L5_GCTGAATCATGATGCT,Memory CD4 T cell
E2L2_CAGGCCATCTATTTCG,Memory CD4 T cell
E2L3_GTGCACGCAGTTTCAG,Cytotoxic CD8 T cell
E2L7_TCATTCAAGGACGGAG,Naive CD4 T cell
E2L2_TGAGGTTAGTGTTGTC,FCGR3A monocyte
E2L3_GTAGCTACATCAGTCA,Proliferating NK cell
L1_AGGAAATTCCACGTCT,Naive CD4 T cell
L3_AATCGACTCCGATAAC,Naive CD4 T cell
E2L3_CTTCTAACACAATTCG,Proliferating NK cell
L3_CATAAGCAGAGGGTGG,Naive CD4 T cell
L1_TCATCCGAGTATCTGC,Naive CD4 T cell
E2L7_CACGTGGTCTCTGGTC,Platelet
E2L1_TCTCACGTCATTTACC,Cytotoxic NK cell
L2_CCTATCGGTATCTCTT,Erythroid cell
E2L1_CGTGATAAGGATTCCT,B cell
L4_TAAGCACAGGCAGGGA,B cell
L5_CACTGAAGTTCGTTCC,B cell
E2L3_TTTGACTCAAGAGGCT,CLEC9A dendritic cell
L3_TCAATCTTCGTGGCGT,Hematopoietic progenitor cell
E2L2_GCATCGGCAGGGTCTC,B cell
L5_AGGGTCCCAGACGGAT,Naive CD4 T cell
L2_CCAATGATCATCGCTC,FCGR3A monocyte
L5_TCGATTTCAAATTAGG,Plasma cell
E2L4_TAAGCCACAAGAGATT,B cell
L5_TGTAACGAGATGGGCT,GZMK+ CD8 T cell
E2L6_GCGATCGCAATACGCT,Cytotoxic NK cell
L4_CTACCCACAGAGAGGG,Cytotoxic CD8 T cell
E2L3_TCGGTCTGTCGCTCGA,Proliferating NK cell
L4_ATGGGAGCATCTGGGC,Naive CD4 T cell
L4_AGTCACAGTGTTCGAT,Proliferating NK cell
L4_ACTGATGGTAAGATCA,B cell
L1_TGTAGACGTAGTGCGA,Naive CD4 T cell
E2L8_AGGTGTTCAACTACGT,Memory CD4 T cell
E2L2_ATGAGTCTCTTCGACC,CD14 monocyte
E2L8_CTGTAGACAGATAAAC,Memory CD4 T cell
E2L2_GGGTCTGAGAATCGCG,Cytotoxic CD8 T cell
E2L6_GGTCTGGAGTAGTCTC,Naive CD4 T cell
E2L4_AGCTCAATCTGTCGTC,Memory CD4 T cell
E2L2_AGAGAATTCATGGATC,B cell
E2L7_CTCAACCAGCCATGCC,Proliferating NK cell
E2L3_CTCGAGGTCGCTAAAC,Cytotoxic CD8 T cell
E2L5_GAGGCAAGTACTCGCG,Platelet
L5_ACACAGTTCACGGTCG,Cytotoxic CD8 T cell
L3_CTCCGATCAGGACGAT,Erythroid cell
E2L5_TGCTTCGCACAACGTT,Cytotoxic CD8 T cell
L3_ATCGTGAAGTCAAGCG,Hematopoietic progenitor cell
E2L4_ATTCGTTGTGGACTAG,Platelet
E2L7_AGGGTCCGTCACTTAG,Naive CD4 T cell
E2L2_GTTGAACCACCGTACG,NK cell
E2L4_AGTAACCAGAGTCTTC,B cell
L2_TACTGCCTCATAGACC,CD1C dendritic cell
L3_TGTCCACTCTGGGCCA,Plasma cell
E2L7_CACTGAATCCATAAGC,Naive CD4 T cell
L4_TGTTTGTCAGTCAACT,B cell
E2L5_TACTTGTCATGGGATG,FCGR3A monocyte
E2L6_ATTCGTTAGAACTCCT,Plasma cell
L2_GCAGGCTTCAGCCTCT,Memory CD4 T cell
L4_TCGATTTCATGACACT,Naive CD4 T cell
E2L2_GTCTGTCAGTTACGAA,Memory CD4 T cell
E2L7_CACACAACACTGGATT,Plasmacytoid dendritic cell
E2L7_TTTCACATCGCCTTTG,NK cell
L5_AGGTTGTCATGCACTA,Naive CD4 T cell
E2L2_GGAACCCGTTCTCCCA,NK cell
L1_ACTTATCTCGCCTTTG,Platelet
E2L3_CGTTGGGCAGCGTTGC,Plasma cell
L1_TCGGATAAGGCTTAAA,Proliferating NK cell
E2L6_TTGTTCAGTTATGTCG,Platelet
E2L3_GTAACACAGGGAACAA,Naive CD4 T cell
L2_GTTGTGAAGCATATGA,Naive CD4 T cell
E2L5_TTCATGTTCCGAGTGC,FCGR3A monocyte
L4_ATAGAGACAGGAGGAG,Cytotoxic CD8 T cell
L1_ATTTCACTCACAAGGG,Proliferating NK cell
E2L7_GCCCGAACACAGTATC,Cytotoxic NK cell
L4_TTGACCCCAAGTTTGC,Plasma cell
L1_CAGCCAGGTTGTGTTG,Naive CD4 T cell
E2L6_ACACCAATCTCAGTCC,Plasmacytoid dendritic cell
L4_CCGAACGAGTCATTGC,Plasma cell
L5_CTCCAACGTTATCTGG,Memory CD4 T cell
L1_GTTACCCTCAGGACGA,CD1C dendritic cell
E2L1_GCAGTTACAAGGCAAC,B cell
L3_ATCACAGCATTGAGCT,Proliferating NK cell
L4_CACATGAAGACATCAA,Hematopoietic progenitor cell
E2L8_TAGTGCAAGCGTACAG,Platelet
E2L6_TCGGGTGTCCATATGG,Cytotoxic CD8 T cell
E2L8_TTTACCAAGTTTCAGC,Cytotoxic CD8 T cell
E2L3_GGAGAACTCTGAGATC,B cell
E2L3_TGCGACGGTCTTCCGT,GZMK+ CD8 T cell
E2L4_TATGTTCCATTCCTAT,B cell
E2L4_ACGATCAAGGCAGTCA,CD161+ memory T cell
L2_GTTTACTGTCTCGGAC,Cytotoxic CD8 T cell
E2L1_CGCGTGAGTCTCAGAT,B cell
L1_GTGAGGAAGGAATCGC,NK cell
E2L6_TGAGTCACACGTCATA,B cell
E2L3_GCCCGAACAGGCCCTA,Memory CD4 T cell
L3_CGTGTCTTCGGTCATA,CD161+ memory T cell
L2_AGTAGTCAGTGCCCGT,GZMK+ CD8 T cell
E2L5_CCTCTCCGTACAGTCT,CD14 monocyte
E2L2_CACTTCGGTTGCCGAC,CLEC9A dendritic cell
L3_CGTGAATAGTGGTGAC,Cytotoxic NK cell
E2L2_CTAACTTGTTGTGCAT,Platelet
L1_AGCGCTGTCTAGTGTG,Proliferating NK cell
E2L3_CAATGACAGGCATTTC,Proliferating NK cell
L3_ACATCGAAGCATATGA,Cytotoxic NK cell
L1_TTCCGGTTCAAGAGTA,Cytotoxic CD8 T cell
L4_CAGTTAGAGCGCCATC,Memory CD4 T cell
L3_CTGGACGAGGTTGAGC,Naive CD4 T cell
L3_CACGGGTCAGCTGAGA,Naive CD4 T cell
E2L1_GTCGCGAAGTAATTGG,Plasma cell
E2L8_TGGTACACAAGCCTGC,Proliferating NK cell
E2L1_CCACGTTCATTACTCT,FCGR3A monocyte
E2L8_ACGGAAGTCCGTGTAA,Cytotoxic CD8 T cell
L2_TCAAGTGCATGCGGTC,Cytotoxic CD8 T cell
E2L5_GCTGCAGTCTTACCGC,Erythroid cell
E2L2_ATTCTTGGTTTACTTC,CD14 monocyte
L1_AGGAGGTAGGGCCTCT,B cell
E2L5_GTCTACCAGTGGTGAC,Naive CD4 T cell
L1_CTGCCTACAAGCGATG,Plasmacytoid dendritic cell
L4_TTGTGGACACGCGTCA,Naive CD4 T cell
E2L3_TTGGGATGTCATAGTC,CD161+ memory T cell
L4_TGAGCATGTATGGAGC,Naive CD4 T cell
E2L5_TCGGGCAAGCGACTAG,B cell
E2L3_TAGGTTGCACATGGTT,Platelet
E2L5_GGGTCACCAGCAGACA,Plasmacytoid dendritic cell
E2L7_CCTTTGGGTCACCGAC,Naive CD4 T cell
E2L6_AAACGCTCAAATGATG,FCGR3A monocyte
E2L8_CCCTCTCAGTGGCCTC,Cytotoxic NK cell
E2L2_AGGACTTAGCGCCTTG,B cell
E2L2_AGGTTACAGGGTCACA,Cytotoxic NK cell
E2L4_TCATTGTGTCCTTTGC,Naive CD4 T cell
L1_CCCAACTTCATTGAGC,Cytotoxic CD8 T cell
E2L1_TATCGCCGTGATGAAT,Naive CD4 T cell
E2L3_AATGGAAGTCGAGATG,Proliferating NK cell
E2L6_ACATGCACACTCTAGA,B cell
E2L1_CTTACCGTCATATGGC,Naive CD4 T cell
E2L4_TCGTCCAAGCGATGGT,CD1C dendritic cell
E2L2_TCCACCAAGTGTTCCA,GZMK+ CD8 T cell
E2L2_ACACCAACATGACAGG,Platelet
L1_TAGTGCAGTGTCCAAT,Naive CD4 T cell
E2L8_ACTATCTAGAAACCCG,Memory CD4 T cell
L4_TGACAGTGTGATAGAT,FCGR3A monocyte
L1_GCCAGGTGTCTTTCAT,Cytotoxic CD8 T cell
E2L7_AAATGGACAAATCAGA,CD14 monocyte
L3_TCCACGTGTGGGAGAG,Plasma cell
E2L2_TGCACGGTCAGTCAGT,Memory CD4 T cell
E2L4_GTTATGGCAAGAAACT,B cell
L1_AGACCCGTCCGTATAG,Cytotoxic CD8 T cell
L2_GTGGAAGGTGGATCAG,Memory CD4 T cell
L2_TATTTCGGTGCAGTGA,B cell
E2L7_CCGCAAGAGTAAGACT,Proliferating NK cell
L3_TGGTGATTCTCATGCC,Memory CD4 T cell
E2L6_TACAGGTTCCGCACTT,CD14 monocyte
L5_TGAGGAGGTTCTCGCT,Cytotoxic NK cell
L1_TTAGGCACATCGTGCG,Plasmacytoid dendritic cell
L4_TGCACGGTCCTACGGG,Memory CD4 T cell
E2L5_CGCAGGTGTCTGCGCA,FCGR3A monocyte
L1_ACTATTCTCTAAGGAA,Memory CD4 T cell
E2L8_ACATGCAGTCGAAACG,NK cell
L1_CTGTATTGTATCCCAA,CLEC9A dendritic cell
L1_GTAGGTTAGGAAAGGT,Memory CD4 T cell
L2_GGGCCATCATGGAGAC,Cytotoxic CD8 T cell
E2L3_AGGGAGTAGGTCGCCT,NK cell
L5_GGGTGAACATATTCGG,Cytotoxic NK cell
E2L7_TGATGGTTCACGGTCG,NK cell
E2L6_TAAGTCGAGGGCAATC,Cytotoxic NK cell
E2L4_GGCTGTGAGCAGGTCA,B cell
E2L6_TACGGGCTCACGACTA,CD14 monocyte
E2L4_CTACATTAGGGATCAC,Proliferating NK cell
L1_GGGTCACCACCTGCTT,Memory CD4 T cell
E2L6_AGTGATCCAGGTCAGA,FCGR3A monocyte
E2L7_GTCACGGCAGGGATAC,Plasmacytoid dendritic cell
E2L7_TCGATTTGTGCCTTCT,CD1C dendritic cell
L4_CACTGTCAGAGATGCC,Naive CD4 T cell
E2L5_CACGTGGAGGAAAGGT,CLEC9A dendritic cell
L1_ACCAAACCAACTGGTT,Cytotoxic CD8 T cell
L2_CCACGTTCAAGTATCC,Memory CD4 T cell
E2L3_AGGAAATAGACATCAA,Cytotoxic CD8 T cell
E2L1_GCCATTCCACCAACAT,Naive CD4 T cell
L3_CCTGTTGGTTCTCCCA,Plasma cell
L3_TCGCACTGTAGTCCTA,Memory CD4 T cell
L2_TGTCAGAGTGGGACAT,Naive CD4 T cell
E2L4_ACTATTCTCCGCCTAT,Plasmacytoid dendritic cell
E2L2_TCCCATGAGGCCCACT,B cell
L2_TACTTCAAGCTGTTAC,Hematopoietic progenitor cell
E2L1_CCTCAGTGTCGTATTG,CD14 monocyte
L1_GTTTACTGTTTACCTT,FCGR3A monocyte
L3_CAAGAGGTCGACTCCT,CD1C dendritic cell
E2L3_TCGGTCTTCGCAGAGA,Naive CD4 T cell
E2L8_GTAGAGGAGTCATGGG,B cell
E2L5_ATTCATCCAGGCGAAT,CLEC9A dendritic cell
E2L2_TTACCGCGTTCTAACG,CD1C dendritic cell
L5_TCATGGACAGTAACCT,FCGR3A monocyte
L4_GATCACATCGCGTAGC,B cell
E2L3_TTTGTTGAGGATACGC,Proliferating NK cell
L1_GCGATCGAGGCACTAG,Plasma cell
L1_TCACGCTAGCATCGAG,Hematopoietic progenitor cell
E2L2_TTCCTCTTCGGACTGC,Naive CD4 T cell
L4_TCGAAGTAGACCATTC,CD1C dendritic cell
E2L6_TGCTGAAGTTGCCGAC,Memory CD4 T cell
E2L8_GGTAACTAGAGCCGTA,Memory CD4 T cell
E2L5_GTCCTCACAAGCGGAT,Memory CD4 T cell
E2L6_GGAGATGTCTGCACCT,CD161+ memory T cell
E2L5_AAGGAATTCTGAGCAT,CLEC9A dendritic cell
E2L8_GATGACTTCTAGTACG,CD14 monocyte
L5_GGGAGATAGTGGAAAG,CD161+ memory T cell
L1_AGAAGTACATGTCTAG,Plasmacytoid dendritic cell
L2_TGATTTCAGTGAGGCT,Cytotoxic NK cell
E2L5_AATTTCCAGGAACGTC,Naive CD4 T cell
E2L6_GTGTGATTCGCTCCTA,Gamma delta T cell
E2L2_TGTCCACGTGAATATG,B cell
L5_TGAGGTTGTGTTGAGG,CD1C dendritic cell
E2L8_GCACATAAGTCATCCA,CD14 monocyte
L5_TCCTAATAGTAAGCAT,Plasma cell
L5_CTTACCGAGGAAGTCC,Naive CD4 T cell
E2L5_TCGATTTGTGTAACGG,Cytotoxic CD8 T cell
E2L7_CAACAGTAGTAAACAC,Platelet
E2L1_TAGAGTCTCCTTCGAC,Cytotoxic NK cell
L4_CTGTGGGCACAACATC,Memory CD4 T cell
E2L1_CACAGGCCACGACTAT,Plasmacytoid dendritic cell
E2L7_TTACCATCAATGCTCA,Cytotoxic NK cell
L1_TCGACGGCACAGACGA,Naive CD4 T cell
E2L7_GGTTGTATCCGATTAG,Naive CD4 T cell
L3_AGCTTCCAGAAACCAT,Naive CD4 T cell
E2L2_CTCCATGCATTACGGT,B cell
E2L7_ACCAACATCCATATGG,Plasma cell
E2L7_GTCTCACAGACGCCAA,CD161+ memory T cell
E2L3_CTCAGAATCGTTAGTG,Naive CD4 T cell
E2L4_GGATCTATCTCGCAGG,B cell
E2L5_GCACATAAGCGGGTAT,NK cell
L5_GATGCTAAGAGTCACG,Naive CD4 T cell
L4_CTCCCTCCAACTTCTT,Naive CD4 T cell
L4_CCTCTCCAGGTCATCT,Naive CD4 T cell
E2L7_GAGGCAACAAATTGCC,Plasma cell
E2L4_GACGCTGTCAGCCCAG,Cytotoxic CD8 T cell
E2L5_TTCCTAACATATCTGG,FCGR3A monocyte
E2L6_ATAGAGAAGCCGTCGT,Memory CD4 T cell
L1_TGCAGTACATCCGCGA,Proliferating NK cell
E2L2_CAACAACTCGTCAGAT,CD1C dendritic cell
E2L1_CCTGTTGTCCGTGGTG,NK cell
L4_GTGTAACGTGTCTTCC,CLEC9A dendritic cell
E2L6_TCGTGGGAGTTTAGGA,Plasma cell
L3_ACAACCAGTTTCCCAC,Memory CD4 T cell
L3_TATCTTGAGGTTCAGG,CD1C dendritic cell
L5_CCGTTCAAGCATCAAA,CD161+ memory T cell
L4_GAAGGGTTCCGTGTAA,Memory CD4 T cell
E2L5_ATCCACCGTTCTCGTC,Plasma cell
E2L4_CGAAGTTGTCGGATTT,Plasmacytoid dendritic cell
E2L2_ACGGAAGAGACTCAAA,Naive CD4 T cell
E2L2_ACTATTCGTCAGTCCG,B cell
L5_AACCCAATCTAGACCA,Plasma cell
L2_TGACTCCTCGACTCCT,Naive CD4 T cell
E2L4_TGCAGTAGTACCCAGC,B cell
E2L4_CCGATGGAGGGATCTG,NK cell
E2L8_TTACCATAGTCCCTAA,B cell
E2L7_TGGTTAGAGCTAGAAT,CLEC9A dendritic cell
L2_GACCCTTGTGGAATGC,CD14 monocyte
L3_ACACGCGCACGACAGA,CD14 monocyte
L2_CCTGCATGTTCAGCGC,FCGR3A monocyte
L3_ATCACTTAGCCGAACA,CD161+ memory T cell
L1_ACAACCATCAGATTGC,Naive CD4 T cell
E2L6_TGTTCATAGTCCCTAA,FCGR3A monocyte
E2L4_CCAATGAGTTATCTTC,CD1C dendritic cell
L1_CTACATTGTATGCTAC,FCGR3A monocyte
L4_AACCTTTTCAGCACCG,B cell
E2L7_CATGCGGGTAGCACAG,CD14 monocyte
L3_TCCTGCAAGGCCACCT,Plasma cell
L4_CGTGTCTCATTCACCC,B cell
E2L3_GTTTACTAGGATACGC,B cell
L2_CAAGACTTCTTCTGGC,Proliferating NK cell
E2L7_GAAGCGACACTCCACT,Naive CD4 T cell
L4_AAATGGAGTTCAATCG,Memory CD4 T cell
E2L4_GATTCTTGTAACGGTG,CD1C dendritic cell
E2L8_TTGGGCGTCCGAAATC,Naive CD4 T cell
L1_ATACCGAGTCGACTGC,FCGR3A monocyte
E2L3_AGAGAATCATACTGTG,Platelet
E2L8_CTCCCTCGTGCGACAA,Cytotoxic NK cell
L3_AGGAGGTCATGGCGCT,Cytotoxic CD8 T cell
L5_TCGCAGGCAAGCACCC,Plasma cell
E2L5_CCTCCAAGTAACACCT,CD14 monocyte
E2L6_CACCAAATCCTCTAAT,Naive CD4 T cell
L2_GGAACCCAGGCAGGGA,Platelet
L5_AATGGAAAGTCATACC,FCGR3A monocyte
E2L3_CACGTTCTCTGCTGAA,Gamma delta T cell
L5_ATCGGATAGTAGCATA,Cytotoxic NK cell
E2L8_AGAGCAGAGTTGTCGT,Erythroid cell
E2L1_TACCTGCGTGAGCAGT,Plasma cell
E2L6_ATCGGATTCAGTCCGG,B cell
E2L2_CCTACGTGTCAACACT,Naive CD4 T cell
E2L2_ATAGGCTTCCCTCATG,Proliferating NK cell
E2L2_AATTCCTCACCTCTAC,CD161+ memory T cell
E2L1_GGGAAGTCACAGCCAC,Proliferating NK cell
E2L4_CGAAGGACAGAACGCA,CD161+ memory T cell
E2L1_TTCTGTAGTAGTCGGA,CD14 monocyte
L4_AGTACCACAAATGAAC,CD161+ memory T cell
E2L1_TGGGAGATCAGCAATC,B cell
L1_CGGAATTCACAACGAG,B cell
L2_ATAGGCTTCGGCAGTC,B cell
L2_GATGAGGCAGGCGAAT,Naive CD4 T cell
E2L6_TCTCAGCGTCCAGAAG,CD1C dendritic cell
E2L3_CATGCAAGTACTGCGC,CD14 monocyte
L5_CCCTCAAGTACAAAGT,Hematopoietic progenitor cell
E2L8_TTCCTCTTCCATCTGC,Plasmacytoid dendritic cell
E2L1_ATCACGACACGCGTCA,Memory CD4 T cell
L3_AGTACTGCACCAGCTG,Proliferating NK cell
E2L3_GTCGTAATCATTTCCA,CD14 monocyte
E2L2_GGCTTTCCAAGTTTGC,Platelet
E2L3_GGCGTCAAGCACCAGA,Memory CD4 T cell
E2L8_CACTGTCCATGTCTAG,Hematopoietic progenitor cell
L1_GAACGTTTCTGGTGGC,CD14 monocyte
L3_AGCCACGCATTGACCA,Memory CD4 T cell
L3_GCCGATGTCCCATTCG,Naive CD4 T cell
L2_GTTTACTCAAATTGGA,Cytotoxic NK cell
L4_TATTTCGGTCCAGCAC,Naive CD4 T cell
L2_TCGGATAAGTTCGGTT,Naive CD4 T cell
E2L6_CGGGTCAAGAAGAGCA,Naive CD4 T cell
L5_AAGCATCGTTACCTGA,CD161+ memory T cell
E2L1_GCGTTTCAGTAGTCTC,B cell
E2L6_TCATTGTAGCACCGAA,Proliferating NK cell
L1_AACAGGGCATGCCATA,Plasmacytoid dendritic cell
E2L7_ACGGGTCGTACTCCCT,Cytotoxic CD8 T cell
E2L6_GGTTAACCAGTGGCTC,Proliferating NK cell
E2L4_GTGAGTTAGGGATCAC,B cell
L1_AGGGCTCAGGGCGAAG,CLEC9A dendritic cell
E2L7_AGGCATTGTGTACGCC,Naive CD4 T cell
L2_CGCAGGTGTGGACTAG,Proliferating NK cell
E2L4_CAAGACTGTCTACGTA,B cell
E2L6_TCAGCAATCAAGCTGT,B cell
E2L4_GACTGATTCGCTGCGA,Cytotoxic CD8 T cell
E2L2_CGTAATGGTCTACGTA,Hematopoietic progenitor cell
L5_TTAATCCAGCCACAAG,CD161+ memory T cell
E2L4_GATGACTAGGCCTGCT,FCGR3A monocyte
E2L4_CCTCCTCCACATGAAA,CD14 monocyte
L4_GACCAATGTGCTGATT,Cytotoxic NK cell
E2L6_ATCGATGGTTCCTAAG,CD14 monocyte
L2_CTGGTCTAGATAGCAT,Memory CD4 T cell
E2L5_TGAGACTTCGGTAGGA,Platelet
L1_TATCGCCGTTGGGTTT,NK cell
L5_GTCCTCAAGCCTTTGA,Cytotoxic CD8 T cell
L1_TAGGAGGAGCTGTGCC,Naive CD4 T cell
L2_ATGAGGGGTTCTGAGT,Naive CD4 T cell
E2L5_TCCCAGTCAGGCTCTG,CD14 monocyte
E2L2_CTCATCGCAGAGTCAG,GZMK+ CD8 T cell
E2L3_TTGGATGGTCCCGCAA,NK cell
E2L1_ATAGAGACACAGTCAT,Platelet
L4_AAGGTAAAGGACAGCT,FCGR3A monocyte
E2L3_CGCATAACAGTGGGTA,B cell
E2L2_AGCGATTTCCTCACTG,NK cell
E2L2_TGCCGAGTCGATCCCT,CD161+ memory T cell
E2L7_GGGTAGACAGCGTACC,Cytotoxic CD8 T cell
E2L7_TCATGGATCTATCCAT,Memory CD4 T cell
E2L8_ATGGATCCATGGGTCC,Cytotoxic CD8 T cell
L2_GGGCTCATCGTTATCT,Platelet
E2L1_GCACATATCCATTTGT,B cell
L2_CTGTAGACACGACGCT,Cytotoxic NK cell
L1_TACCTGCTCCTGTAGA,Memory CD4 T cell
L1_GGGTGAATCTCATGGA,Naive CD4 T cell
E2L8_CTGAGCGGTTTACGTG,Memory CD4 T cell
E2L7_AGGGCCTCATGGATCT,B cell
L4_ATGAAAGAGGTCTTTG,Naive CD4 T cell
E2L6_CGCGTGACAATCACGT,CD1C dendritic cell
L5_CGAGTTACAGAGTGTG,Memory CD4 T cell
E2L8_ATGGTTGCAAGCGCTC,Proliferating NK cell
L3_CTCTCAGAGCTAAGTA,Memory CD4 T cell
L4_GTAACCAGTTCCACGG,Gamma delta T cell
L3_TACCCGTCAGTGGCTC,Hematopoietic progenitor cell
L5_GTTGTAGGTAGAGATT,Naive CD4 T cell
E2L3_TCGGTCTGTTGTGCCG,Cytotoxic CD8 T cell
L1_TGGAACTGTGGATGAC,Cytotoxic CD8 T cell
L5_CATCGCTTCAAACGAA,Naive CD4 T cell
E2L7_TGTACAGGTTGGCTAT,Memory CD4 T cell
E2L7_CCAATTTAGCATGCGA,CD14 monocyte
L5_GACTTCCTCTCGCCTA,Hematopoietic progenitor cell
L3_CCATCACCACAGTCAT,Erythroid cell
L5_TAGATCGCAGTATTCG,Naive CD4 T cell
L1_GGGTAGAAGAAGGATG,Memory CD4 T cell
L3_AACGGGACACTCTCGT,FCGR3A monocyte
E2L5_CGTTAGAGTAGCACAG,B cell
E2L7_GGCTTTCCATAAGATG,Naive CD4 T cell
E2L1_CCATAAGCAAATGAGT,Cytotoxic CD8 T cell
L3_ACAAAGATCGCAAGAG,Hematopoietic progenitor cell
L3_TAGAGTCTCCGCACGA,Cytotoxic CD8 T cell
E2L4_CTCCTTTTCACGGGAA,Plasmacytoid dendritic cell
E2L2_TTCCTCTAGGCACGAT,Proliferating NK cell
E2L1_AATAGAGTCAGGACAG,Cytotoxic NK cell
E2L5_TGGGCTGTCATCGGGC,B cell
E2L4_TACACCCTCTCGTCGT,Cytotoxic CD8 T cell
L2_AAACCCAAGTAACAGT,Cytotoxic CD8 T cell
L4_AGAGCCCAGGAAAGTG,Proliferating NK cell
L4_CAATCGATCGCAACAT,Memory CD4 T cell
E2L2_TGGGCTGAGCCTAACT,Platelet
L1_CAATACGGTTATGACC,Naive CD4 T cell
E2L7_ACACCAAAGACGCATG,CLEC9A dendritic cell
E2L3_TACATTCCATGGCGCT,Platelet
E2L6_AATTTCCTCGGAGTAG,Cytotoxic CD8 T cell
L1_TGATGCAGTTGTGTAC,Erythroid cell
E2L8_TGGGTTATCGTGGCGT,CD161+ memory T cell
L1_TTCCTAAGTTCCGCGA,B cell
E2L3_GGAGGTAGTATAGGAT,NK cell
L5_ACAAGCTTCCACCCTA,CD161+ memory T cell
L5_GAGATGGAGACAAGCC,Naive CD4 T cell
E2L8_GAGTCATGTCCGACGT,Cytotoxic CD8 T cell
E2L8_CTATAGGAGGCTTAGG,Naive CD4 T cell
L2_TGAGCGCTCTGCTAGA,Plasma cell
E2L2_CCTGTTGTCGGTATGT,Plasma cell
E2L2_AGTAGCTAGTAACGTA,Memory CD4 T cell
E2L6_TGTGAGTAGATTTGCC,CD161+ memory T cell
L5_CATTGTTAGACTACCT,Cytotoxic CD8 T cell
L2_TCCTTCTGTTCTCTAT,Hematopoietic progenitor cell
L5_TATATCCAGGTGCGAT,Naive CD4 T cell
L2_ACAGCCGGTGCCTACG,Naive CD4 T cell
E2L2_CTATCCGTCTTCCTAA,Naive CD4 T cell
L5_CATACTTAGAATGTTG,Proliferating NK cell
E2L5_CCGGGTACAGCTTTCC,Cytotoxic CD8 T cell
E2L4_AAGACAAAGCGTGAAC,B cell
E2L4_TTCCTCTGTCACCGCA,Memory CD4 T cell
E2L3_GGTAGAGGTACTTCCC,CD1C dendritic cell
E2L8_GAGACCCCATTGGATC,Memory CD4 T cell
L1_GGCTGTGAGGCTTCCG,GZMK+ CD8 T cell
E2L2_CTTTCAATCCTTTGAT,GZMK+ CD8 T cell
E2L1_TTCACCGGTGAACTAA,Plasmacytoid dendritic cell
L4_GTGTTAGTCCGGTTCT,CD161+ memory T cell
L4_ACTATGGGTCTGATCA,Naive CD4 T cell
L2_GTTTGGAGTAATACCC,Proliferating NK cell
L4_TCAAGCATCAGTCATG,Erythroid cell
E2L2_AGAACCTCAGCTACAT,NK cell
E2L6_ATGATCGTCTAGTGAC,Proliferating NK cell
E2L6_GGTTGTATCGACCTAA,B cell
E2L1_CACACAAGTTGCGAAG,Plasma cell
L5_TCCGAAAGTGCATGTT,Naive CD4 T cell
L3_TCATGCCAGACCAGAC,Naive CD4 T cell
L4_AGCTCAATCGAGGCAA,Hematopoietic progenitor cell
L3_TCCATCGTCCGTGGGT,Cytotoxic CD8 T cell
L3_CCCTCTCCAACCGTAT,Naive CD4 T cell
L4_ATCCATTTCTGGGCAC,CD1C dendritic cell
L5_AGACAGGTCATCGTAG,Naive CD4 T cell
E2L6_ACACTGATCATCCCGT,Cytotoxic CD8 T cell
L5_TGAGACTTCATGGGAG,Hematopoietic progenitor cell
E2L1_TCGGGTGCACGGTGAA,Naive CD4 T cell
L2_GCGGATCAGTGCGTCC,Cytotoxic CD8 T cell
E2L2_CTATCCGGTATGGTAA,Plasmacytoid dendritic cell
E2L1_GCCAGCACAGACAAGC,GZMK+ CD8 T cell
E2L6_ATCGATGAGCTAATGA,CLEC9A dendritic cell
L1_GTCCCATGTCTTTCTA,CD1C dendritic cell
E2L7_AGATGCTCAGCGTATT,B cell
L2_AGACAAATCCATGAGT,Proliferating NK cell
L4_GAGAGGTCAGAGGTTG,CD161+ memory T cell
E2L2_TCTGCCATCACCTCTG,Cytotoxic CD8 T cell
E2L2_GTGAGCCTCTTGGGCG,Cytotoxic CD8 T cell
E2L6_CTGAGGCTCTTACGTT,Memory CD4 T cell
E2L2_GTAACCAAGCATCAAA,Cytotoxic CD8 T cell
E2L7_AATGGAAGTTCGAAGG,B cell
E2L6_TCCTAATGTGGTTTGT,Cytotoxic CD8 T cell
L1_AAGAACATCTTCTGTA,Memory CD4 T cell
E2L4_TCCACGTAGCCACAAG,Naive CD4 T cell
E2L3_CGAGGCTAGTTGCCTA,Cytotoxic NK cell
E2L3_AGGATAAGTTAGGCCC,NK cell
E2L1_GGGTATTTCATTGCCC,Proliferating NK cell
E2L6_GTAATGCTCAGTCCGG,Memory CD4 T cell
E2L2_CTATCCGAGGCATTTC,Plasma cell
E2L5_AACGGGAAGGGTCTTT,Memory CD4 T cell
E2L4_GGGAAGTGTGGGAGAG,NK cell
L2_ATGATCGGTGCATTAC,Cytotoxic NK cell
E2L3_AGGAAATTCCCGTGAG,Cytotoxic CD8 T cell
L3_GGGCTCAAGAAGCGGG,Naive CD4 T cell
L1_GTTGTAGCACTGGATT,CLEC9A dendritic cell
L5_GTGCTGGGTTAGAGAT,Memory CD4 T cell
E2L5_CGAAGTTAGTACCCTA,Cytotoxic CD8 T cell
E2L5_GCCATTCGTGTAAACA,Memory CD4 T cell
E2L2_AGTACCAAGACCATTC,CLEC9A dendritic cell
E2L8_ACAGAAATCTATCACT,Proliferating NK cell
L2_TCATCATGTCGATGCC,GZMK+ CD8 T cell
L4_ATGAGTCCAACATACC,Proliferating NK cell
E2L8_GACTCTCCAATAGAGT,B cell
L1_AAAGGATAGAGACAAG,Plasmacytoid dendritic cell
L4_GGCGTCAAGGCAGCTA,B cell
L4_TAGGTACCAGGCGTTC,CD1C dendritic cell
E2L7_GTTGTAGTCAAGCCTA,NK cell
L1_CAGTGCGCACGCGGTT,Naive CD4 T cell
L5_CTGTGAAAGGTTGCCC,Naive CD4 T cell
E2L2_AGAGAGCTCCGGTAGC,Plasmacytoid dendritic cell
L3_GGCAGTCGTCCAACGC,CLEC9A dendritic cell
E2L1_TTGAACGTCCACACAA,Proliferating NK cell
L1_TTCACCGTCCCAATAG,CD161+ memory T cell
L2_TTGTTGTGTCTCACGG,CD1C dendritic cell
L5_TTCCTCTCATAGGTTC,Hematopoietic progenitor cell
E2L2_ACGGGTCGTCATCGCG,Naive CD4 T cell
E2L8_TGCGGCAAGAGTTGTA,B cell
L1_GACTATGAGTGCACCC,Memory CD4 T cell
E2L6_TAACCAGTCAGTGTTG,Naive CD4 T cell
E2L8_CGAGGAAAGACTGTTC,Memory CD4 T cell
E2L8_ACAAAGACATCTCATT,Naive CD4 T cell
L1_GTCGAATAGCCTCCAG,Memory CD4 T cell
E2L5_TGTCCTGGTTGGAGAC,Erythroid cell
L4_TAACGACGTACCGTCG,Naive CD4 T cell
L3_GGTTCTCCATGGGCAA,Hematopoietic progenitor cell
E2L7_CAACAACAGTACAACA,Platelet
L3_GGACGTCAGCTAAGTA,CD1C dendritic cell
E2L2_CGAGTGCTCTTGCAAG,CD1C dendritic cell
L4_CCGGTGACACACAGCC,Hematopoietic progenitor cell
L5_GCCCAGAAGTCCTGCG,Cytotoxic CD8 T cell
L2_CTAACTTAGGCACTAG,GZMK+ CD8 T cell
L4_ATCTCTATCTTGCAGA,Cytotoxic CD8 T cell
E2L8_CCTTTGGCAACGAGGT,Proliferating NK cell
E2L7_GAGCTGCCAATGCAGG,Proliferating NK cell
E2L3_CAACAGTTCGATTTCT,NK cell
L4_GTGCTTCAGGGCGAGA,Naive CD4 T cell
E2L4_TATTCCACAACTGATC,Platelet
L2_GCTACAATCTCTAGGA,Naive CD4 T cell
E2L4_TTGCGTCTCACGATAC,Plasmacytoid dendritic cell
L1_CAGCAATCATGATGCT,Naive CD4 T cell
E2L7_CGGACACTCGTTGTGA,Proliferating NK cell
L2_GCATTAGCAGCTACCG,B cell
L2_CGAAGGACAGTTGAAA,CD1C dendritic cell
E2L2_TACTTGTGTACCTTCC,B cell
E2L3_ATCACAGGTCAACACT,Memory CD4 T cell
E2L5_ACATCCCGTAGAATGT,Plasmacytoid dendritic cell
L4_CGCATGGCATCCGGCA,Naive CD4 T cell
L1_GTAATCGCAGACGCTC,CD161+ memory T cell
E2L4_GCCGTGATCCAAGCCG,Naive CD4 T cell
E2L3_GATGACTTCGTGGAAG,Cytotoxic CD8 T cell
E2L7_CCTCATGTCTATACTC,Proliferating NK cell
E2L7_AAGCGAGTCTATGCCC,Proliferating NK cell
E2L4_CAGCAATGTTTCGTAG,B cell
E2L3_GAACGTTAGGTTCCGC,CD14 monocyte
E2L2_GTATTTCAGAGTCCGA,NK cell
E2L5_AGTGATCCAGAAATTG,NK cell
L3_TTGCCTGTCGTTTACT,Naive CD4 T cell
L2_TTAATCCCATGACACT,Cytotoxic CD8 T cell
E2L5_TAGGTTGTCATTCTTG,B cell
E2L5_ATCCATTTCTTTGATC,Plasma cell
E2L3_TCCGATCAGGCGAAGG,B cell
L1_AAGACTCAGGCAGGGA,Naive CD4 T cell
E2L5_TTTGACTTCTTCTAAC,Naive CD4 T cell
E2L6_GTTACAGTCCATCACC,Memory CD4 T cell
L4_GGAGGTAGTCGTTTCC,Naive CD4 T cell
E2L6_TATCCTAGTTCGTTCC,Cytotoxic CD8 T cell
E2L6_TATTGGGCAGATACTC,Gamma delta T cell
E2L3_GCGTGCACAAACTAAG,Cytotoxic CD8 T cell
E2L8_GATTGGTCATAACGGG,Platelet
E2L1_CTTTCGGTCCATGCAA,Cytotoxic CD8 T cell
E2L3_GAGATGGGTCTGCCTT,Memory CD4 T cell
E2L8_GGTAACTGTGGCAACA,NK cell
L1_TTACGTTTCCCATACC,B cell
E2L4_TGTTACTGTTGCTCCT,Naive CD4 T cell
E2L6_CTCTGGTAGCTAATCC,Proliferating NK cell
L3_CTGCGAGGTAGGTTTC,B cell
L4_ATTTCTGTCTCCGTGT,Memory CD4 T cell
E2L2_AGATCCATCAGGACAG,Cytotoxic CD8 T cell
L1_GCAGCTGTCGAGAATA,Plasmacytoid dendritic cell
E2L4_GTGGAAGAGCCATCCG,Platelet
L1_AGGGTCCCAGCCCACA,Memory CD4 T cell
L5_GCAGTTAGTCTTTCAT,Cytotoxic CD8 T cell
E2L3_CTATCTACACCAGTTA,B cell
L3_GTTAGTGCAGATTCGT,CD1C dendritic cell
E2L1_GTAACACCAACACGTT,Proliferating NK cell
E2L3_TCTTCCTCAGCGGATA,B cell
E2L6_GCATGATAGAGGCTGT,Cytotoxic CD8 T cell
L2_CCTACGTTCGCTGATA,Naive CD4 T cell
E2L4_CTCATCGAGCGTGAAC,Platelet
E2L7_ATGAAAGCAATCAAGA,CD14 monocyte
L4_TGACTCCTCGTGCATA,Naive CD4 T cell
E2L7_TTACCGCGTCAAGTTC,Plasma cell
L4_CTGAATGTCCGTGGCA,Naive CD4 T cell
L4_ACATGCAGTACCGTCG,Plasmacytoid dendritic cell
E2L6_TCCGATCCAATTCGTG,Cytotoxic CD8 T cell
E2L2_ACGTAACAGGTTGGTG,B cell
L4_CACTGAAGTCGGTGAA,Cytotoxic CD8 T cell
L4_TGATTCTTCATCGTAG,Naive CD4 T cell
E2L8_GGGTATTCAATGACCT,NK cell
L5_CGCATAAAGATACATG,Proliferating NK cell
L5_CTGTATTTCTTGGATG,Memory CD4 T cell
L1_GAACACTCATAATGAG,CD1C dendritic cell
E2L2_AGGAGGTTCGGACAAG,Platelet
E2L7_AGGGCTCAGATACTGA,Gamma delta T cell
L5_GTATTTCAGTACAACA,Naive CD4 T cell
E2L6_ATTCGTTTCAACCGAT,B cell
E2L8_TGGATGTTCATTGTGG,CD1C dendritic cell
L1_GAGAAATCATGTTTGG,Proliferating NK cell
E2L5_CGGCAGTTCGATGCAT,NK cell
E2L2_ATGTCTTAGAGAGCAA,Naive CD4 T cell
E2L4_GTCTGTCTCTCCTACG,Naive CD4 T cell
E2L8_ATGGAGGGTTCTCTCG,B cell
L3_AAAGGGCGTGCAGATG,Naive CD4 T cell
L1_TTCCTAAAGGCAATGC,Naive CD4 T cell
L5_CTCCAACGTCACTAGT,Plasmacytoid dendritic cell
L1_CCTCTCCTCGCGATCG,Memory CD4 T cell
E2L3_ACGTCCTTCAACGCTA,Plasmacytoid dendritic cell
L1_AAAGGGCGTAGTAAGT,Proliferating NK cell
L2_TTAGTCTTCACGGAGA,Hematopoietic progenitor cell
E2L8_TTGCGTCAGCTAATCC,Cytotoxic CD8 T cell
L2_ATCCACCGTGTAACGG,Erythroid cell
E2L5_TCGTAGAAGTCGAAAT,Gamma delta T cell
L5_TGTCCTGCACGGGCTT,GZMK+ CD8 T cell
E2L4_ATTGGGTGTCATAAAG,Proliferating NK cell
E2L4_GACCCTTGTGCGTCGT,B cell
E2L7_CGAGGAACAGCATTGT,Plasma cell
E2L7_CCTACGTTCGCTCTCA,GZMK+ CD8 T cell
E2L1_CACAACATCTTAATCC,B cell
L1_CATAAGCTCACTTGTT,Naive CD4 T cell
E2L1_ATCCTATAGTCACTGT,Cytotoxic CD8 T cell
L5_TCCTCGAAGTCTACCA,Hematopoietic progenitor cell
L5_CGCCATTCAGCTAACT,B cell
E2L6_ATGACCATCGCCAACG,CD14 monocyte
E2L2_GCGTGCAGTCCAATCA,Cytotoxic CD8 T cell
L1_CGGTCAGCAGTATTCG,Proliferating NK cell
E2L6_CTCAGGGCACGAGAAC,B cell
E2L3_ACATGCAGTGAGCTCC,Memory CD4 T cell
L2_TAGCACAAGGCTAACG,B cell
E2L1_CTCTCAGTCCAAGCTA,Plasma cell
E2L1_CTGTAGACACACCTAA,Cytotoxic CD8 T cell
E2L1_AGGCATTAGACGTCCC,Memory CD4 T cell
E2L5_TACGCTCGTGCAATAA,Memory CD4 T cell
E2L8_ATCAGGTGTCTAGATC,B cell
E2L1_GCCAACGGTCAAACGG,B cell
L1_CAGCAATGTACCGCGT,Memory CD4 T cell
L5_AAGCCATGTAGAATGT,CD161+ memory T cell
E2L1_CCGTTCAGTGTATTCG,Plasmacytoid dendritic cell
L4_TCTTCCTAGTTGTAGA,CD1C dendritic cell
L2_CCGGTAGTCAAGGCTT,CD161+ memory T cell
E2L3_TTCGCTGCATGCTGCG,Naive CD4 T cell
L3_ACTCTCGGTCGTACAT,Memory CD4 T cell
L5_TCTTAGTCACCCTATC,Naive CD4 T cell
E2L8_GCGAGAATCACGGGCT,NK cell
E2L5_TCAGCCTAGTGTACCT,Cytotoxic CD8 T cell
L4_GTAATCGCAGTTGTTG,Naive CD4 T cell
E2L5_CGGAACCGTCCGGTCA,B cell
L2_GCAACCGTCCGTAGGC,CD1C dendritic cell
L4_TGCACGGGTCGCATGC,Platelet
E2L3_AATCGTGTCCGGACGT,CD14 monocyte
E2L4_TCATTACAGTTGCCCG,Naive CD4 T cell
L1_CTTCTCTCACTGAGTT,Naive CD4 T cell
L5_GCTTCACGTGGCTCTG,Naive CD4 T cell
L3_TCATGTTTCGCTGTTC,CD161+ memory T cell
L4_GCGGATCTCGAGTGGA,CD161+ memory T cell
E2L1_CGATGGCGTGTTGACT,Gamma delta T cell
L1_TGCTGAAGTCTCGGAC,Naive CD4 T cell
E2L4_TTTAGTCGTCACTAGT,B cell
L2_CTCGAGGCAAACCGGA,Naive CD4 T cell
L3_AGGGTCCCATGGACAG,Proliferating NK cell
E2L6_TGAGCATAGTTCCAGT,CD1C dendritic cell
L3_CGAGTTATCAATCCAG,Memory CD4 T cell
L2_ACTATCTGTTCGGCGT,Plasma cell
L5_AACAACCTCGTTGTGA,CD14 monocyte
L5_TATGTTCGTATTTCTC,FCGR3A monocyte
E2L8_CCGGTAGTCCATTGGA,CD161+ memory T cell
L4_TGTTCATGTTTGTTGG,FCGR3A monocyte
E2L5_TTTGGAGGTTGCTCAA,B cell
E2L7_AGGGTCCAGTTAGTAG,B cell
E2L7_TGGTTAGTCTGGGATT,Plasmacytoid dendritic cell
E2L4_GGGTATTTCCCAGGAC,Cytotoxic CD8 T cell
L4_TGATGCAGTCCTCCAT,Hematopoietic progenitor cell
L2_CCGATGGAGAGCATAT,FCGR3A monocyte
E2L6_ATTCGTTAGCCAAGTG,B cell
E2L5_CTCAAGATCGAACTCA,Naive CD4 T cell
L1_ACTCTCGGTCATGCAT,NK cell
E2L5_CATGGTAGTCGCCACA,B cell
E2L7_GCACGTGAGACCCTTA,Memory CD4 T cell
E2L2_GTAGAGGTCGGTGTTA,Platelet
E2L4_ATGGGTTGTACGTGTT,Memory CD4 T cell
E2L4_ATCCCTGGTTAAACAG,Memory CD4 T cell
L4_CATTCTACATGTGTCA,CD161+ memory T cell
L5_GTGAGCCGTGGTGATG,B cell
E2L5_CTGATCCGTTTCCATT,B cell
E2L6_CATCGCTCATGTGGCC,Proliferating NK cell
E2L4_CATCAAGAGCGAACTG,FCGR3A monocyte
L2_GTGAGCCGTATCACCA,CD161+ memory T cell
E2L8_ACGTAACCACATATCG,B cell
E2L8_AATGAAGAGCAAATCA,B cell
E2L4_CCGATGGAGGGTGAAA,Platelet
L5_ACTCTCGAGGTCCCGT,CD161+ memory T cell
L4_CCTTCAGAGCGATGAC,NK cell
L3_GTTCGCTCATCATTGG,Memory CD4 T cell
E2L3_CATGAGTTCCTACCGT,FCGR3A monocyte
E2L6_CGTTGGGCACTCCACT,Platelet
L4_ATTCACTGTACCTGTA,CD14 monocyte
L1_TAAGCGTCATATCTCT,Cytotoxic NK cell
E2L1_GGGACTCTCCTGGGAC,Cytotoxic CD8 T cell
E2L8_GTCAGCGCAGCCCACA,Cytotoxic CD8 T cell
E2L4_GTATTGGTCCTCACTG,Plasmacytoid dendritic cell
E2L1_TTGGATGAGCATCAGG,Memory CD4 T cell
L3_AGTCTCCGTGGAATGC,Naive CD4 T cell
E2L8_GACTATGAGGAGCAAA,Memory CD4 T cell
E2L3_TGAGGGACAACAGATA,B cell
E2L7_CTTGATTGTAACAGTA,Proliferating NK cell
E2L8_TAAGCACCATAATGCC,FCGR3A monocyte
L4_TTGGATGCATTGGGAG,Cytotoxic CD8 T cell
E2L7_GCGGAAAGTAGAGGAA,Plasmacytoid dendritic cell
E2L2_AGGTCATTCGTTCTCG,NK cell
L1_CAACGGCAGCCTGAGA,B cell
E2L1_ATCGCCTTCCTTACCG,Plasma cell
L2_GTGAGCCTCAAGTCTG,Memory CD4 T cell
L5_TACACCCTCATTGTTC,NK cell
L3_GTTCCGTGTTTCGTTT,Naive CD4 T cell
E2L4_CGCATAAGTCCCGTGA,CD1C dendritic cell
L1_ATGAAAGTCAACACCA,B cell
E2L5_TTCAGGAGTGACCGAA,Naive CD4 T cell
L5_TACGTCCAGTGATGGC,CD14 monocyte
E2L3_GTGCAGCGTGATATAG,B cell
E2L8_TCATGTTGTTGTAAAG,CLEC9A dendritic cell
L4_CACTTCGTCTCTATGT,Hematopoietic progenitor cell
E2L3_AAGTACCCATCCTGTC,Naive CD4 T cell
E2L6_TCATGGATCATTTCCA,Memory CD4 T cell
L2_TACAACGCAGCGTGAA,Hematopoietic progenitor cell
E2L3_TACAACGCATCGATGT,Cytotoxic CD8 T cell
L2_GGTTCTCAGGCGCTCT,CD161+ memory T cell
L2_CATTTCAAGCGACATG,Naive CD4 T cell
L2_TCATCCGTCTGATTCT,CD161+ memory T cell
E2L7_TCATACTTCGAACGGA,Cytotoxic CD8 T cell
E2L6_TGAGGGATCTTCCCAG,Naive CD4 T cell
E2L4_GATTGGTAGAGAGTGA,B cell
L5_TCATTTGTCACATTGG,NK cell
L4_ATGGAGGGTACCCAGC,Hematopoietic progenitor cell
L4_CCACCATCAGCTGTCG,Naive CD4 T cell
E2L8_TGGATGTAGGCTGAAC,Proliferating NK cell
L4_CAAGGGACATAACTCG,Hematopoietic progenitor cell
E2L3_GGGTTTACAGACGCTC,Proliferating NK cell
L1_TCTCTGGTCTTTGCAT,Plasmacytoid dendritic cell
L5_GATGACTGTTAGTCGT,Naive CD4 T cell
L3_TGAGCATCAACGTTAC,CD14 monocyte
E2L1_TTATTGCTCCCATAAG,Cytotoxic CD8 T cell
E2L7_GTTGTCCCAACTCCAA,Naive CD4 T cell
E2L6_GATAGAACAATGAGCG,Memory CD4 T cell
E2L2_AGACCCGCAGCCGGTT,Naive CD4 T cell
E2L1_GACAGCCCACTAGTAC,CD14 monocyte
L3_ATTACCTTCCAGCCTT,Cytotoxic NK cell
E2L6_GTGGGAACAACGACAG,NK cell
L3_CTCCATGTCTTAGCCC,Naive CD4 T cell
L3_CGATGCGTCCTTCTAA,NK cell
L5_CCCATTGCAAGGCTTT,Naive CD4 T cell
L1_CCCATTGAGGGACCAT,NK cell
L3_AAAGGATGTATAGGGC,Proliferating NK cell
E2L7_CATTGTTCACCGAATT,Naive CD4 T cell
L1_TGATGGTAGCACCGAA,Hematopoietic progenitor cell
L3_GCGTGCAAGTAGGATT,Erythroid cell
E2L8_CAAGAGGCACGGTGAA,CD14 monocyte
E2L5_GATGACTGTACGTACT,Cytotoxic NK cell
L2_CTTACCGGTGAGCTCC,CD161+ memory T cell
E2L3_ACAAGCTCAGGTTTAC,B cell
E2L3_CGAGGCTAGGGTCAAC,B cell
L3_TTGCCTGAGATAGGGA,Cytotoxic CD8 T cell
E2L5_CGTAATGCATTATGCG,B cell
L5_GTCAAGTAGGATTACA,Cytotoxic CD8 T cell
L4_AAACGAAAGCCTGACC,CD1C dendritic cell
E2L1_CTACCTGGTTACGGAG,CD14 monocyte
L2_AGTAGTCCAACGATCT,Naive CD4 T cell
E2L4_AGAACAACACTCGATA,Naive CD4 T cell
L4_CTCATGCCATAAGCGG,Cytotoxic CD8 T cell
L2_CCCTCAACACAGACGA,Naive CD4 T cell
L5_GTCAGCGGTTTACGAC,Cytotoxic CD8 T cell
L1_CACACAAAGCCTTCTC,Naive CD4 T cell
E2L1_TGATCTTTCAAGAATG,B cell
E2L6_CTTTCAATCTCAGGCG,Plasma cell
L4_TTACGCCGTAGCGATG,CD14 monocyte
E2L2_TACAACGCATACAGGG,GZMK+ CD8 T cell
E2L8_ACATCCCGTCTCCTGT,Platelet
E2L4_TATCCTACACTTCAGA,Cytotoxic CD8 T cell
E2L4_CCCTAACCATTGACAC,GZMK+ CD8 T cell
L5_AGAAGTATCCGTATGA,Cytotoxic CD8 T cell
E2L5_TAGACCAGTAGGGAGG,CD161+ memory T cell
E2L4_ATTCCATTCTTTCCAA,Plasmacytoid dendritic cell
E2L2_CTCAAGACACGGCTAC,Cytotoxic CD8 T cell
L5_AACAGGGGTCACATTG,Cytotoxic CD8 T cell
L3_GACCCAGAGCCTCAGC,B cell
E2L5_CTAACTTTCAGTGATC,Plasmacytoid dendritic cell
L1_GTAGAAACATGGCCAC,Naive CD4 T cell
L4_TGTCAGATCCGTCACT,Memory CD4 T cell
E2L2_AATCGTGAGCAACAGC,FCGR3A monocyte
E2L3_TGGGTTAAGAACCCGA,B cell
L4_CATGCTCTCCCATTCG,Cytotoxic CD8 T cell
E2L7_ACCTGAAGTCCAGGTC,Plasma cell
E2L7_TTGCTGCCATACCACA,Plasmacytoid dendritic cell
E2L8_CTGCCTATCTGCTTTA,NK cell
E2L8_AGCTTCCAGGTCGCCT,CLEC9A dendritic cell
E2L4_GACTATGTCGACGACC,B cell
E2L2_TTGCTGCAGCCTCGTG,FCGR3A monocyte
E2L1_GGCGTCAGTCGATTAC,B cell
E2L6_ATGGATCAGTAGCAAT,CD1C dendritic cell
E2L6_AGCTTCCGTCAACGCC,Cytotoxic CD8 T cell
E2L6_AAGACTCTCAACGCTA,Platelet
L3_GGCGTCACAAATTGCC,Proliferating NK cell
E2L7_GTAAGTCCAAATAGCA,Plasmacytoid dendritic cell
E2L5_TTGAGTGAGAGTGTGC,CD161+ memory T cell
E2L5_TACACCCAGTAGACAT,Cytotoxic CD8 T cell
E2L8_TAGCACATCTAGTTCT,FCGR3A monocyte
E2L3_GGTGTTAAGTGCACTT,Platelet
L2_GATGACTAGGACAGCT,Naive CD4 T cell
L4_CGTGATAAGGTGCTTT,Naive CD4 T cell
E2L4_GCAGCTGTCTCATTTG,CD161+ memory T cell
E2L6_TCGTCCAAGTGGCGAT,Memory CD4 T cell
L3_ACTGCAAGTTAGAAGT,Naive CD4 T cell
E2L8_ACCTGAAGTTCTTAGG,NK cell
E2L6_GTTCCGTGTTGTACGT,Memory CD4 T cell
L2_TGCTCGTCAGCGACAA,CD161+ memory T cell
L5_CCACGTTCATGTAACC,Cytotoxic CD8 T cell
L2_TTGTTCATCCCTATTA,Memory CD4 T cell
L2_GATGACTCAGGTATGG,Erythroid cell
E2L4_TAGGTACGTGCATTAC,Proliferating NK cell
L3_TTTACTGAGATGTTCC,Hematopoietic progenitor cell
E2L1_ACGGAAGGTGGTAACG,Cytotoxic CD8 T cell
E2L3_CCAAGCGGTGCAAGAC,NK cell
L2_AGTTCGATCACGGTCG,Memory CD4 T cell
L5_GTATTTCGTTTGATCG,Cytotoxic CD8 T cell
E2L6_AGGCTGCAGAGTCAAT,Proliferating NK cell
E2L4_AGGGAGTGTCGCAGTC,B cell
E2L3_AGGAGGTGTTCGAAGG,Plasmacytoid dendritic cell
E2L7_TTAGGGTGTAGGTACG,B cell
L3_TCTAACTGTCGATTTG,Plasma cell
E2L1_TGAACGTAGTTGTCAC,B cell
L4_CGAGGCTAGCGTATAA,Naive CD4 T cell
E2L3_CCCTCAACAGTAACCT,Cytotoxic NK cell
E2L3_CTCAACCGTCATTGCA,Cytotoxic CD8 T cell
L4_CAGAGCCCACAACGCC,Proliferating NK cell
L1_CGTGCTTGTAGCACAG,Memory CD4 T cell
L3_GTAGAAATCCGTTGAA,Memory CD4 T cell
E2L7_AAGTGAAAGGCGTTGA,Naive CD4 T cell
E2L4_CTCCAACTCGCTAAAC,Cytotoxic CD8 T cell
E2L4_AGTCATGGTTTCGTGA,Platelet
E2L7_TCAATCTGTCTTAGTG,CD1C dendritic cell
L5_AGGACGATCATCGCTC,Memory CD4 T cell
E2L8_GAGTGTTTCATTCATC,CD14 monocyte
L2_CACGAATTCCTGTTGC,Cytotoxic CD8 T cell
E2L7_TTTCATGCAGTAACAA,Naive CD4 T cell
E2L5_TCAAGTGAGTGCGCTC,B cell
E2L5_TCTTGCGCATGAGGGT,NK cell
E2L8_AAAGTGAAGCAGCCCT,Platelet
L3_TTGCGTCCACTCTAGA,CD161+ memory T cell
L2_CATCCACCATGGGTCC,CD161+ memory T cell
E2L1_TGTGTGATCAGACATC,FCGR3A monocyte
L3_CCTTCAGGTGGATCGA,Cytotoxic CD8 T cell
L1_CTTTCAAAGTAGATCA,B cell
E2L7_CCGTAGGCAACCGGAA,Plasmacytoid dendritic cell
L2_ATCCCTGGTTCGATTG,Plasma cell
L3_GTAATGCGTGGGCTTC,Cytotoxic CD8 T cell
E2L4_TGACGCGGTGATGAAT,Plasmacytoid dendritic cell
E2L8_TATGTTCAGTAAAGCT,Naive CD4 T cell
E2L1_CAGATTGCACAAGTGG,Naive CD4 T cell
E2L6_CTCGAGGCACCTGCTT,B cell
E2L2_TGTCCTGTCGCCAGAC,Cytotoxic CD8 T cell
E2L5_GTATTTCGTCTTTATC,Cytotoxic CD8 T cell
E2L4_CACGTGGCAAACTAGA,Platelet
L3_GTAATGCAGACCAGCA,CD1C dendritic cell
E2L1_TCGAAGTAGCAATTAG,Memory CD4 T cell
E2L2_AGCTCAACACTGGATT,B cell
E2L8_GGGACCTTCGGCTGTG,FCGR3A monocyte
E2L8_TGCAGATAGCTCTGTA,B cell
E2L6_ATTCTACTCCGGCAAC,Memory CD4 T cell
L1_CAGCCAGTCCGGTTCT,Cytotoxic CD8 T cell
E2L1_TGTTCCGAGTAGCCAG,Proliferating NK cell
L1_TGTGTGACACAATGAA,Gamma delta T cell
E2L2_TTACAGGGTGGTAATA,Naive CD4 T cell
E2L5_TCTACATCACCGTCGA,Platelet
L5_GGTAGAGCAGGGAATC,CD14 monocyte
L1_AGCTCAATCATGAGTC,FCGR3A monocyte
E2L6_ACGGTCGAGGTTTACC,Cytotoxic CD8 T cell
L4_GTGTTAGTCATCAGTG,Cytotoxic NK cell
L4_TGTTGAGTCTGAGAGG,Erythroid cell
L5_TCGCAGGTCCGCAAAT,CD1C dendritic cell
L3_GTCCCATGTAGAGTTA,Naive CD4 T cell
L4_TAGGGTTTCTCATTTG,Platelet
E2L3_CTGTCGTGTGTAACGG,FCGR3A monocyte
E2L8_CTGTACCGTGTAAATG,Cytotoxic CD8 T cell
E2L1_CGGAATTCATGGCACC,Naive CD4 T cell
E2L2_GTTGTAGCAGAGAAAG,Cytotoxic CD8 T cell
L5_CTTAGGACAGCGTACC,Plasma cell
L1_TATATCCTCTCATAGG,Cytotoxic NK cell
E2L2_AGCGCCATCACATTGG,Cytotoxic CD8 T cell
L5_TCGGGCAAGTGTTCCA,Platelet
L2_CTCCCAATCCTTGACC,Memory CD4 T cell
L5_ACGATGTTCTGCTCTG,Cytotoxic CD8 T cell
L2_ACAGGGATCTTAGCCC,Cytotoxic CD8 T cell
E2L3_CCATCACAGAGAGCCT,Platelet
E2L4_ATTTCTGGTGCACAAG,Naive CD4 T cell
E2L5_ATACCGATCGACATCA,Naive CD4 T cell
E2L4_CGCAGGTGTCGTCATA,B cell
E2L3_CTTCCGACACTTGAGT,Cytotoxic CD8 T cell
L4_CATGAGTCATTGCAAC,Proliferating NK cell
E2L4_GTCTGTCGTGGCACTC,Platelet
L2_TGTAAGCTCCTAACAG,Memory CD4 T cell
E2L3_GTCCTCAAGAACAAGG,Naive CD4 T cell
L4_CACCAAACACTGGACC,Naive CD4 T cell
E2L5_AGAACCTTCTCGGTAA,Gamma delta T cell
E2L4_ATGGGAGAGTTTGTCG,Platelet
E2L5_TTCCTAATCACACGAT,B cell
E2L1_GTTCCGTTCTGAGCAT,Platelet
L1_ATTTACCCACGCAGTC,Hematopoietic progenitor cell
L4_AGAGCCCTCACAGAGG,Plasma cell
E2L8_TACGTCCGTTCTTGCC,Naive CD4 T cell
E2L5_TCAATTCGTTGTGTTG,Cytotoxic CD8 T cell
E2L2_TCCTCTTTCAGCCTCT,Cytotoxic CD8 T cell
E2L2_GTAGCTACATCCGAAT,Memory CD4 T cell
L5_GTGTGGCCAAACGAGC,Naive CD4 T cell
E2L5_CGAGGAACAGCTGCCA,Cytotoxic CD8 T cell
E2L1_AGTTCCCTCGCCAGAC,Cytotoxic CD8 T cell
L4_TCTACATGTACCCACG,Memory CD4 T cell
L3_GTGTTAGCAGATAAAC,CD14 monocyte
L2_CAGCACGGTATATGGA,Erythroid cell
E2L2_TCGATTTAGCACACCC,CD14 monocyte
E2L3_AAGTGAAAGAGGACTC,CD1C dendritic cell
L1_TGGTTAGAGTCTGCAT,Memory CD4 T cell
E2L7_TGTCCTGTCTCTCCGA,Cytotoxic CD8 T cell
L3_CATTTCACAAGATGTA,Cytotoxic CD8 T cell
L5_CTTCGGTTCGGATACT,Plasmacytoid dendritic cell
L4_TGCGATAGTTACTCAG,FCGR3A monocyte
L3_GTGGTTAAGTTATGGA,CD161+ memory T cell
E2L5_GTGTTCCGTGCATTAC,B cell
E2L1_ATTCACTCAGGTCCGT,CD161+ memory T cell
E2L5_CTCCCAAGTACCAATC,CD161+ memory T cell
E2L1_GAGAAATCAAACTGCT,Platelet
L2_TTTCACAGTTTGACAC,Naive CD4 T cell
E2L4_CCGTGAGAGATGAAGG,Platelet
E2L6_CAATACGCAGCGGTCT,Platelet
E2L1_GTTGTCCAGAATACAC,CD161+ memory T cell
E2L2_CTACCCACAGTTAGGG,Hematopoietic progenitor cell
L2_TTTATGCGTTAGTTCG,Plasmacytoid dendritic cell
E2L6_ACTCCCATCGTACACA,Memory CD4 T cell
E2L3_TATTGCTCAGAAATTG,Cytotoxic CD8 T cell
L2_TCCCATGGTATGCTAC,Cytotoxic NK cell
E2L2_AACGGGAAGACGGATC,Naive CD4 T cell
L1_CCACGTTCAGCTCGGT,Erythroid cell
L3_CCGGACACACACAGAG,CD1C dendritic cell
E2L2_ATCGGATCAATTGGTC,Platelet
L3_CATCGTCGTCCCTGTT,Gamma delta T cell
L1_GGTGGCTCACTGAATC,Cytotoxic NK cell
E2L7_CGCAGGTAGTGCCAGA,CD14 monocyte
L3_AAAGTCCGTCCAATCA,B cell
L3_TCGAAGTAGTGGTTGG,B cell
E2L1_TCATGTTTCAGTCATG,NK cell
L4_TACGGGCTCCTCCACA,Gamma delta T cell
E2L3_TTCTCTCAGCCTATTG,Naive CD4 T cell
E2L2_TTTACTGAGTCATGCT,CD1C dendritic cell
L5_GGGATCCAGGAGGCAG,Cytotoxic CD8 T cell
L3_TTCTAACGTAGCCCTG,Hematopoietic progenitor cell
L2_AGCTTCCTCGATCCAA,Naive CD4 T cell
L5_AGGGAGTAGGCATCGA,Cytotoxic CD8 T cell
L5_GTAGTACGTACCAGAG,Hematopoietic progenitor cell
E2L8_TGATTTCGTACTTGTG,Proliferating NK cell
E2L8_AGGATAAAGGCACCAA,CD1C dendritic cell
E2L4_CGTGTCTAGACCCGCT,Memory CD4 T cell
L2_GCCAGGTGTATACCTG,Memory CD4 T cell
E2L8_ATTCCATGTTGTCCCT,Cytotoxic CD8 T cell
E2L8_CTCCGATCATGGGTTT,Cytotoxic CD8 T cell
L4_AAGCGAGTCTGTGCAA,Hematopoietic progenitor cell
E2L2_GGGTTATGTGACCGTC,Naive CD4 T cell
E2L4_TGCGATACAGGTGGAT,Plasmacytoid dendritic cell
E2L5_GGTGTTACAACATCGT,Naive CD4 T cell
L3_GTTAGACGTGTAACGG,Memory CD4 T cell
L5_CCTCACAAGCACTCAT,FCGR3A monocyte
E2L6_CAATACGGTCCGCAGT,Plasma cell
L5_AACAAGATCGTGCTCT,Naive CD4 T cell
L3_CCGGACATCGATTTCT,Plasmacytoid dendritic cell
E2L8_CCTCACACAAGTTTGC,CLEC9A dendritic cell
L1_TAAGCGTCACTAAACC,Naive CD4 T cell
E2L1_CCGCAAGCAGAGTGAC,Memory CD4 T cell
L5_CTTCGGTAGTCACGAG,Platelet
E2L6_TGCGGGTTCGAGTTGT,Erythroid cell
E2L5_TCGGGACGTACTGGGA,Naive CD4 T cell
L3_ATGCATGCACTCCTGT,Naive CD4 T cell
L4_ATTGGGTAGCGAGGAG,CD161+ memory T cell
L2_TCGTCCACACGGATCC,Memory CD4 T cell
E2L2_TTGGATGAGACCTCAT,Cytotoxic CD8 T cell
E2L6_GAACACTTCTATGCCC,CD14 monocyte
L1_CGGCAGTCATACCAGT,Plasmacytoid dendritic cell
E2L4_TACTGCCCAGACGGAT,Proliferating NK cell
E2L6_ATCCGTCGTGCTTCAA,Plasmacytoid dendritic cell
E2L6_ATCAGGTAGCGTCTGC,B cell
E2L3_GTTATGGCATGGCCAC,Cytotoxic CD8 T cell
E2L6_CTTCAATAGACGAGCT,Hematopoietic progenitor cell
L3_TCAGGTATCCAACCAA,Hematopoietic progenitor cell
E2L5_AGTTCCCAGGAGATAG,Platelet
E2L1_CCTTCAGAGGTACTGG,Naive CD4 T cell
E2L1_AGTAGTCCATAACTCG,Plasmacytoid dendritic cell
E2L6_TCCCAGTCAAATGGCG,Cytotoxic CD8 T cell
E2L4_GTTTACTTCCAACCGG,B cell
E2L1_TGCTGAAAGAGTCAAT,Memory CD4 T cell
E2L7_AGCCAATTCGGTCTAA,Naive CD4 T cell
E2L5_ATGTCTTAGTCAAGCG,Cytotoxic CD8 T cell
E2L4_CGTAGTACAAGCGAGT,Cytotoxic CD8 T cell
E2L4_CCTCTAGGTTCAGCGC,Plasma cell
L3_AGAACAAGTACCCAGC,CD161+ memory T cell
E2L7_GTACAGTGTGCCTTCT,B cell
L4_TCGGGTGCATCACGGC,Proliferating NK cell
E2L7_GGAGGATGTTTGGCTA,Naive CD4 T cell
E2L6_TGGAGGAGTAATGCGG,B cell
E2L4_AGGGAGTTCTAGGCAT,CD14 monocyte
E2L2_TCCAGAAAGAGTTGAT,Cytotoxic CD8 T cell
E2L8_CCACTTGTCATGAGTC,Plasmacytoid dendritic cell
E2L5_CAACGGCCACACTGGC,Plasma cell
L4_AGGCCACAGCCGAACA,Hematopoietic progenitor cell
E2L3_TACGGTACACATACGT,Cytotoxic NK cell
E2L6_CACTGGGTCTGTTCAT,Naive CD4 T cell
E2L4_GACTATGAGACCAAGC,B cell
E2L7_ACACTGAGTTACACAC,B cell
L2_TCATTGTTCAAGTCGT,Hematopoietic progenitor cell
E2L6_GCACTAAAGACTTCCA,Platelet
E2L5_TGGGTTACATGATCTG,B cell
L3_TCGGGCAAGTCACTCA,Naive CD4 T cell
L1_AGGAGGTTCCTCTAAT,Naive CD4 T cell
L5_AGAGAATCATGCTGCG,Plasmacytoid dendritic cell
L5_ATGGTTGCATCGGCCA,Hematopoietic progenitor cell
E2L1_TGCATGATCAGTCACA,Proliferating NK cell
L1_CGCCAGATCCAATCTT,Memory CD4 T cell
E2L4_TTCCACGAGGTTCAGG,Cytotoxic CD8 T cell
E2L7_CACGTTCTCTCATGCC,Proliferating NK cell
L1_CATCGTCAGATGCGAC,GZMK+ CD8 T cell
L4_TGCAGATAGCACTCAT,Gamma delta T cell
L2_GCAGGCTAGACATACA,Cytotoxic CD8 T cell
E2L5_AAGTTCGTCTACACTT,Proliferating NK cell
E2L8_TTCCGTGAGCCAGTAG,Plasmacytoid dendritic cell
E2L3_GTCTCACTCGGCAGTC,CLEC9A dendritic cell
E2L4_GGGTAGACAGTCCGTG,Plasmacytoid dendritic cell
E2L2_TCTGTCGCAACTTGCA,B cell
E2L7_TCATGTTGTATTTCCT,FCGR3A monocyte
L3_ATAGACCCAGTGGGTA,B cell
L2_AAGTCGTAGTCCTGTA,Naive CD4 T cell
E2L5_CTGAGGCCAGCTACTA,Plasma cell
E2L4_TTAATCCCAAAGGCTG,Cytotoxic CD8 T cell
L3_GAAGGGTCATAGGTAA,Hematopoietic progenitor cell
E2L8_TAGTGCACACGTAGAG,CD1C dendritic cell
E2L1_GTTGAACTCGCCGATG,Memory CD4 T cell
L3_TCCACGTTCAAACGAA,CD161+ memory T cell
L5_TCACGCTAGCCATCCG,Memory CD4 T cell
E2L7_CATCCCAAGATCCTAC,Cytotoxic NK cell
L4_TGCCGAGTCCGGCTTT,GZMK+ CD8 T cell
E2L4_GAAATGAGTACAGCGA,Cytotoxic CD8 T cell
L4_ACATCGAGTGCAGGAT,Naive CD4 T cell
E2L7_GAAGAATTCTATCGTT,Plasmacytoid dendritic cell
E2L7_CAGTGCGGTGGCGTAA,Platelet
E2L6_TCCTTCTTCGTAGCTA,GZMK+ CD8 T cell
E2L4_TATCGCCCAGACAATA,Cytotoxic NK cell
E2L7_ATCATTCTCCGTCACT,Plasmacytoid dendritic cell
L3_CATCCGTGTGTCCACG,Naive CD4 T cell
E2L4_GAACGTTAGGTGCTTT,Proliferating NK cell
L5_TGTGATGGTTAAGGGC,CLEC9A dendritic cell
L4_GCTTCACCACCCAATA,Naive CD4 T cell
L4_CTAACCCAGGTATTGA,FCGR3A monocyte
E2L8_TTGCCTGGTATACGGG,Naive CD4 T cell
L3_TCTATACCACATACTG,Plasma cell
E2L8_CAGGCCATCGTTGCCT,Cytotoxic CD8 T cell
L4_AGGACGATCATCTATC,Memory CD4 T cell
E2L7_AGGCCACAGAGCAACC,Memory CD4 T cell
E2L8_TTGTTGTGTAGTCACT,Plasmacytoid dendritic cell
L4_TCGTAGACAGCTATTG,CLEC9A dendritic cell
E2L6_CTGTGAACATTGGCAT,B cell
E2L7_ATCGGATCATTGCTTT,Platelet
L5_ATTGTTCCAGTTCACA,B cell
E2L8_TCCTTTCGTTGCATCA,B cell
E2L7_GGGCTCAAGGAGAATG,B cell
L1_CCGCAAGCAGGTGTGA,Naive CD4 T cell
L1_AAGTGAACAGGACGAT,Naive CD4 T cell
L4_TTGGGTATCCTCAGGG,Hematopoietic progenitor cell
E2L8_AGTTCCCGTGGTCAAG,Cytotoxic NK cell
E2L8_ATTCCTAAGCGAGGAG,Naive CD4 T cell
E2L8_TTTACCAAGTTTCGAC,Naive CD4 T cell
L1_CCCTAACTCTGAGATC,CD14 monocyte
L5_TCAAGTGCACGACCTG,Cytotoxic NK cell
E2L8_AGTGCCGGTCCAACGC,Naive CD4 T cell
L1_TCAGTGAGTTCTCGTC,GZMK+ CD8 T cell
L5_AAGTGAACATAACAGA,Naive CD4 T cell
E2L6_TCAGTCCGTGACACGA,NK cell
E2L6_AAGGTAATCGACACCG,Cytotoxic CD8 T cell
E2L8_GCCGTGAAGAAGTGTT,FCGR3A monocyte
E2L6_TACTTCACAGCGTATT,Proliferating NK cell
E2L5_ACCTGTCTCATCGCCT,Cytotoxic CD8 T cell
L4_ATGACCAAGGTAGACC,FCGR3A monocyte
E2L5_CTGAGGCCATTCTCCG,Plasmacytoid dendritic cell
L5_GTTAGACTCGTAGCTA,Hematopoietic progenitor cell
E2L4_AGCATCAAGAGGTTTA,B cell
E2L1_ACTATCTAGACGGAAA,Memory CD4 T cell
L5_ATCACAGGTGTTAAAG,Naive CD4 T cell
E2L7_ATATCCTCAGGTTCGC,CD1C dendritic cell
E2L8_ACATCGACACGCTTAA,Gamma delta T cell
L5_CTCCGATGTGGCTACC,Naive CD4 T cell
L5_TGACTCCGTTCTAACG,Hematopoietic progenitor cell
E2L2_TCCAGAATCTCGACGG,Plasma cell
L1_TAGAGTCTCGATACAC,Plasmacytoid dendritic cell
E2L2_AGTGATCAGCCGATCC,Proliferating NK cell
L2_GTGGCGTTCATTTCGT,B cell
E2L6_ACCTGTCAGCCGATAG,Naive CD4 T cell
E2L4_GTCCACTGTCCCGCAA,CD161+ memory T cell
L4_CATACCCTCTTCGGAA,Plasmacytoid dendritic cell
E2L6_ACGATCAAGATGGTCG,CD161+ memory T cell
L1_CTCCCTCTCGTCTAAG,Memory CD4 T cell
E2L7_TGTTCTATCTTGAGCA,CD14 monocyte
E2L1_AAGGAATTCCTCCACA,Platelet
E2L7_ACGGTCGTCGTCAGAT,B cell
L2_TAGGAGGCATGCACTA,Naive CD4 T cell
E2L7_TAACTTCAGTTTGCTG,CD161+ memory T cell
E2L1_GAGGCCTAGCCACTCG,Cytotoxic CD8 T cell
E2L4_TCAGTTTTCCAACTGA,CD14 monocyte
E2L2_ACACAGTCAGGTCCCA,B cell
L5_TGTCCCAGTCAAGTTC,Memory CD4 T cell
L1_CATGAGTGTGCATTAC,Erythroid cell
L5_AAAGGTACACGCGCTA,Erythroid cell
E2L1_CGTGAATTCGCGGACT,B cell
L4_GAATCGTCAGATCATC,Naive CD4 T cell
E2L1_GAGTCATTCCGAGAAG,CD161+ memory T cell
L1_TGTCCCACAGGATCTT,Memory CD4 T cell
E2L2_GACTCAAGTGGACCTC,B cell
E2L1_CCACAAATCGGATTAC,NK cell
L1_GCTACCTGTTTGCCGG,Naive CD4 T cell
L4_AATGACCGTACCAATC,Hematopoietic progenitor cell
E2L3_CCTGTTGTCGAGTCCG,Naive CD4 T cell
E2L2_TCATTTGCACTGAATC,B cell
L5_TCCCACAAGAGGTCGT,Plasmacytoid dendritic cell
E2L7_TTTGGTTAGTATGTAG,Cytotoxic CD8 T cell
L2_TCGTCCACACGGCACT,Proliferating NK cell
E2L3_AGACAAAGTTGCTAGT,CD1C dendritic cell
E2L4_CTGCAGGGTTAACAGA,Naive CD4 T cell
L4_ATTCAGGCACAGTACT,Naive CD4 T cell
E2L6_TCGCAGGAGGCACCAA,Memory CD4 T cell
E2L6_TATGTTCCAAGAGGCT,Platelet
L2_TTACGCCGTTACCCTC,Proliferating NK cell
E2L8_ACCAAACTCCTGGGAC,CD14 monocyte
E2L3_GTCCCATGTGCTCCGA,B cell
E2L2_TGCGGGTTCCTGTAGA,Naive CD4 T cell
E2L4_ATCGATGCAGCTGTTA,Proliferating NK cell
L4_GCTGCAGTCACCTCTG,Naive CD4 T cell
E2L4_CGTTAGAGTGATCATC,CLEC9A dendritic cell
E2L6_GGTGTTATCACCATCC,B cell
L1_CCACCATTCGAGAAAT,Naive CD4 T cell
L2_GTAGTACTCGGACCAC,CD14 monocyte
E2L5_CCTGTTGCAGTCTCTC,Naive CD4 T cell
L1_TCTCACGGTAGGACCA,Hematopoietic progenitor cell
L5_AGAAGTAGTGCGAGTA,Memory CD4 T cell
E2L5_AGTTAGCTCGTAACTG,Memory CD4 T cell
E2L8_CTCTCAGGTAAGATAC,B cell
L3_AGTCAACAGAATCGAT,NK cell
E2L1_GGGACCTGTTAGGGAC,Platelet
L4_TCCTGCAAGGATGAGA,B cell
L1_AGTGCCGTCCCGTAAA,Cytotoxic CD8 T cell
L2_AGACCCGCACGGCGTT,Cytotoxic CD8 T cell
E2L1_CCGATGGCATGAGAAT,Memory CD4 T cell
L5_AGTACTGAGATGACAT,Plasmacytoid dendritic cell
L5_TACCTCGAGCCTCATA,Memory CD4 T cell
L1_CAAAGAATCGAAGCAG,Cytotoxic CD8 T cell
E2L3_TGAATGCGTCCTGTTC,Proliferating NK cell
E2L8_CTCTCAGGTGCCCACA,Naive CD4 T cell
E2L8_GCATCGGGTTTGGCTA,B cell
L4_CATCGGGGTCTTACTT,Cytotoxic CD8 T cell
E2L3_GGTGAAGAGGACTTCT,CD161+ memory T cell
E2L7_AGAACAATCTAAGGAA,B cell
L2_ATGCATGAGTTGTCGT,Naive CD4 T cell
E2L1_CCACGTTCAACATCGT,CD161+ memory T cell
L2_TACCTCGCAGGCACTC,CD1C dendritic cell
L5_AGATCCAGTTTGGGAG,Platelet
L1_CTGGACGCAACAAAGT,Memory CD4 T cell
E2L5_TCACAAGTCCGCAAAT,GZMK+ CD8 T cell
E2L4_GGATCTACAAGACCTT,B cell
E2L4_ACATTTCAGTACTGTC,B cell
E2L6_GCTACAAGTTGACTGT,Plasmacytoid dendritic cell
L1_ATGAGTCTCCAGCTCT,NK cell
L3_TGATGCAGTTGCTCCT,Naive CD4 T cell
E2L5_CGTTAGACATCCAACA,Plasma cell
E2L2_ATTGGGTCACGCTGCA,B cell
E2L5_TTGACCCTCCACGAAT,Memory CD4 T cell
E2L7_TGCGGCAGTAAGCGGT,Memory CD4 T cell
E2L6_GACATCAAGACGAGCT,Memory CD4 T cell
E2L5_AGAAATGCACTGGAAG,Cytotoxic CD8 T cell
E2L7_GAGTGTTAGATGCTAA,Plasmacytoid dendritic cell
E2L4_AGGTGTTAGCTAGAGC,FCGR3A monocyte
L2_GATGAGGAGAGTTCGG,Proliferating NK cell
L1_GGGCTCACATTCACAG,Plasma cell
E2L2_GTTCGCTAGGAGGTTC,Naive CD4 T cell
L4_AGGAGGTAGAGCATCG,Erythroid cell
L1_AACCCAACACTTCCTG,Memory CD4 T cell
L5_GTGTAACTCGGTTCAA,FCGR3A monocyte
L1_GTAATCGAGCTAATGA,Memory CD4 T cell
E2L5_AGAACCTTCAAAGCCT,Cytotoxic CD8 T cell
E2L6_GAAGTAACACACGGAA,Cytotoxic CD8 T cell
E2L1_CCAATTTAGGGCCCTT,Plasmacytoid dendritic cell
E2L7_TATATCCGTTTCCAAG,B cell
E2L1_TAGTGCAGTTGAGAGC,Naive CD4 T cell
E2L3_GTTGTAGTCATCGGGC,Cytotoxic CD8 T cell
E2L6_ACATCGAGTTGCCGCA,FCGR3A monocyte
L4_CAGTGCGCAATAGGAT,Naive CD4 T cell
L4_CGTAAGTCATGTGTCA,Hematopoietic progenitor cell
E2L8_CCGTTCAGTGTTGCCG,Plasma cell
E2L5_TCGAAGTGTATCCTTT,Cytotoxic CD8 T cell
E2L3_GCTACAACAGGTACGA,CD14 monocyte
L5_TTCTTGATCCGAGAAG,FCGR3A monocyte
L5_CACAACAAGCAGATAT,GZMK+ CD8 T cell
E2L6_TAATTCCTCGTTCCTG,CD14 monocyte
E2L6_CTGCATCTCCGATCTC,Plasmacytoid dendritic cell
L5_CTCAGGGGTCGTGCCA,Memory CD4 T cell
L3_TCCAGAATCTCGGTCT,Memory CD4 T cell
E2L3_TCGCTCAAGCTGGAGT,Plasma cell
E2L4_GTGGCGTCACATACTG,FCGR3A monocyte
L4_TCAAGCAGTGGTTTGT,Naive CD4 T cell
L4_TAACCAGTCCTTCTTC,Naive CD4 T cell
L4_AAAGTGATCTCTAAGG,Naive CD4 T cell
E2L6_TCTTCCTCACAAGGTG,CD14 monocyte
L3_TGAACGTCACTCGATA,CLEC9A dendritic cell
L5_TTGTTGTGTTGCATAC,Hematopoietic progenitor cell
L4_GAAGGACTCTTGTGCC,Plasma cell
E2L3_CGGAGAAGTTCCTTGC,Memory CD4 T cell
E2L5_TTCCTAAAGCAGTAAT,Cytotoxic NK cell
L2_TCCATCGGTTGTATGC,Hematopoietic progenitor cell
L4_TGCTTGCCACAAATAG,CLEC9A dendritic cell
E2L4_GGTGAAGAGACCATTC,Memory CD4 T cell
E2L1_CTGTCGTGTCTGTGTA,Cytotoxic CD8 T cell
L1_CTGTAGATCATCACTT,Memory CD4 T cell
L4_TCCTAATAGCTCGCAC,Cytotoxic CD8 T cell
E2L2_TGTTCCGAGTACCCTA,Memory CD4 T cell
E2L4_GTTGTAGTCTAGTGAC,CD14 monocyte
E2L2_ACGGAAGAGGCATCGA,B cell
E2L8_CCTAACCCAAGCGCAA,Naive CD4 T cell
L2_TATCCTACATTACTCT,FCGR3A monocyte
L4_GGGTGTCGTCACAATC,CD161+ memory T cell
L3_CATAAGCCAAGGTCTT,B cell
L1_CACTGAAAGAATCGCG,Memory CD4 T cell
L5_CGCCAGATCGCAGTCG,Naive CD4 T cell
E2L7_GCTTTCGCAGGGATAC,Plasmacytoid dendritic cell
E2L5_CCCGGAACACATCCCT,Cytotoxic NK cell
L4_GACGTTAGTAGACGTG,FCGR3A monocyte
L3_TCAATTCAGCGCTGCT,GZMK+ CD8 T cell
L1_GAAGCGACAACGAGGT,Cytotoxic NK cell
E2L4_GATCGTATCCTTTAGT,Plasmacytoid dendritic cell
E2L5_CAATGACAGCCGAATG,Cytotoxic CD8 T cell
E2L5_ACTATTCGTGAGCGAT,CD161+ memory T cell
E2L2_GTCGAATCAGCTCGGT,FCGR3A monocyte
E2L5_TTCTAACTCCAGCACG,CD14 monocyte
E2L8_TCAGGTACAGGCACTC,Proliferating NK cell
L3_GTTGCTCTCCGTCCTA,FCGR3A monocyte
L1_GTTGCGGTCGTGTTCC,Memory CD4 T cell
L4_GTGAGCCGTCTCGACG,Naive CD4 T cell
L3_TGGTGATGTCTGCCTT,Cytotoxic NK cell
L4_TAGGTACAGAGTCGAC,Cytotoxic CD8 T cell
E2L6_TGGAGAGGTAAGATTG,Memory CD4 T cell
L4_CGTTGGGAGCTTGTTG,NK cell
L3_TGTCCACAGGCGTTAG,Naive CD4 T cell
E2L4_GACTATGAGGGTATAT,Memory CD4 T cell
E2L3_GTCATGAAGGTGCAGT,Plasma cell
E2L5_TTGTTTGCAGAGTCAG,CD161+ memory T cell
L3_CCGTGAGAGTTCCTGA,Naive CD4 T cell
E2L6_CTTACCGAGGCTCTAT,B cell
L4_TAGCACATCACCGGGT,Cytotoxic CD8 T cell
E2L1_CCACACTTCCCGAGAC,Naive CD4 T cell
L2_AGTGACTGTCTGTGCG,CD161+ memory T cell
L4_GGGCCATAGACAACTA,Memory CD4 T cell
L5_GTGAGCCCAGTTTCAG,Naive CD4 T cell
E2L7_AATGACCGTATTTCCT,NK cell
E2L3_AGGTGTTGTCCACTTC,Plasmacytoid dendritic cell
E2L1_GATCCCTCAAATGGCG,Memory CD4 T cell
L2_TAGACCATCACTTCTA,Memory CD4 T cell
E2L1_GAATAGAGTTCTATCT,CD161+ memory T cell
L1_GAGTCATGTGCATGTT,Erythroid cell
L5_TATTCCAAGTTCATCG,Cytotoxic CD8 T cell
E2L3_GTAAGTCAGTCACTAC,Memory CD4 T cell
E2L1_CCTACGTTCGTGTTCC,Memory CD4 T cell
E2L2_CCACTTGTCTGTGTGA,B cell
E2L8_CTCTCGAGTGACACAG,CD14 monocyte
E2L8_AGTCATGTCATTGAGC,Cytotoxic CD8 T cell
E2L5_ACACGCGGTATCCTTT,Cytotoxic CD8 T cell
L5_TCTGCCATCAAACGTC,Naive CD4 T cell
L4_TGGTAGTGTTAGAGTA,Cytotoxic CD8 T cell
E2L2_CTCAGTCCACATATGC,Memory CD4 T cell
L2_TCCATCGCATCGGAAG,Plasma cell
E2L4_AGCTACAGTTTAGACC,Memory CD4 T cell
L2_GGAGATGGTACCTGTA,CLEC9A dendritic cell
L4_TCGGGACAGCCACCGT,Proliferating NK cell
E2L7_GCAGCTGCAGAACTTC,Proliferating NK cell
L5_AACGGGATCTCTCTAA,CD1C dendritic cell
L5_GACCGTGGTGCAGATG,CLEC9A dendritic cell
L4_AGCCAATAGCTCTGTA,Cytotoxic NK cell
E2L7_GGTCTGGGTAGAATGT,B cell
E2L5_AGACTCAAGTTGCCCG,Cytotoxic CD8 T cell
L1_CAAGCTACAAATCAGA,Naive CD4 T cell
E2L4_CCTTGTGGTGGTTCTA,B cell
E2L2_AACAGGGTCCATTGGA,NK cell
L4_GTGCACGTCGTGTGGC,Proliferating NK cell
L5_ACTTATCCAGAGTAAT,Naive CD4 T cell
L2_ATTCCCGTCATCACAG,CD161+ memory T cell
L3_ATGCATGGTTCCAGGC,CD1C dendritic cell
E2L3_ACGCACGTCTCGAGTA,FCGR3A monocyte
E2L3_GACCCTTAGGTAAAGG,Naive CD4 T cell
L5_CCCTCAAGTGCGTTTA,Naive CD4 T cell
L5_GTTTGGACAGTGGCTC,Cytotoxic NK cell
L5_ACAAGCTAGAGCTGCA,Naive CD4 T cell
L4_AGTCATGAGCGCCATC,FCGR3A monocyte
L5_TGCTTGCCACGCGTCA,Plasmacytoid dendritic cell
L5_ACTGTCCAGTACAGAT,FCGR3A monocyte
E2L7_ACCAAACCATGTGGTT,FCGR3A monocyte
E2L7_CAACCAAAGTACGTCT,B cell
E2L5_CAATGACAGATTCGCT,B cell
E2L8_TCAGGGCAGACAGTCG,CD1C dendritic cell
L4_CACAGGCAGAGAAGGT,Naive CD4 T cell
E2L7_GTATTGGCAGCTGTTA,B cell
L5_CTCAGGGGTTGACTAC,Hematopoietic progenitor cell
E2L1_CCCTTAGGTCCAAGAG,Cytotoxic CD8 T cell
L1_CAGTGCGCACGACGCT,Plasmacytoid dendritic cell
E2L3_TCGGGCAAGGAGATAG,Cytotoxic CD8 T cell
E2L5_GAAGGGTAGGGCAGTT,Cytotoxic CD8 T cell
E2L7_CTGTACCGTGACAGGT,NK cell
E2L6_TCCGTGTCACGCAAAG,Plasmacytoid dendritic cell
L5_GCACGTGGTACAAAGT,Naive CD4 T cell
L3_CTGAGGCAGGTAACTA,Cytotoxic CD8 T cell
E2L5_TAGCACATCAGAGCGA,B cell
L3_GAGCCTGTCGCCAGAC,Plasma cell
L2_ATCCCTGCACAAATGA,Naive CD4 T cell
L4_GTTGTAGCATGACCCG,Naive CD4 T cell
L2_CCATAAGCATATGCGT,Hematopoietic progenitor cell
L3_AGGAGGTAGACTGTTC,NK cell
L1_AGGACTTGTCAGATTC,CD14 monocyte
L4_CGCGTGAAGGTGCCTC,FCGR3A monocyte
E2L6_CCACGAGAGCAAGTGC,Platelet
E2L6_ACTTTGTCACGCCAGT,B cell
E2L5_CTCCAACCAGTTGTCA,Cytotoxic CD8 T cell
E2L2_CAGTGCGGTATGAGCG,Gamma delta T cell
E2L6_TACTGCCAGCAGCGAT,B cell
L3_GTCATCCCAGGTAGTG,Plasma cell
L4_AGTCACACACAAGTTC,CD14 monocyte
E2L5_CGGAGAATCGTTCCCA,CD14 monocyte
E2L2_GTGGAAGGTGCGTTTA,Plasmacytoid dendritic cell
L2_CATCGCTTCTGCGTCT,Hematopoietic progenitor cell
E2L7_AGATGCTAGCCTCAAT,Naive CD4 T cell
E2L5_GTAGATCAGGCGACAT,Memory CD4 T cell
L5_TTCCGGTAGCAGGCTA,Naive CD4 T cell
E2L8_TTTCACACACTGGCCA,CD1C dendritic cell
E2L8_CCCTGATGTCTACGTA,CD14 monocyte
E2L7_AAGACAAAGCCATGCC,Platelet
E2L6_ATATCCTCAATTTCCT,Platelet
L3_TGATTTCAGTGCACAG,FCGR3A monocyte
E2L6_TCATTGTAGTCGGGAT,Plasmacytoid dendritic cell
E2L7_GGTTCTCGTCAATGGG,Plasmacytoid dendritic cell
E2L7_CGATGGCTCCCTTGTG,Cytotoxic CD8 T cell
E2L2_ATCTTCACAAGTTGGG,Proliferating NK cell
E2L3_GGGTGTCTCTATCGGA,Cytotoxic CD8 T cell
E2L6_TTTCGATTCGCCACTT,Platelet
L2_ACATGCATCTGTCGCT,Cytotoxic CD8 T cell
E2L4_CCTAACCAGAAATCCA,CD14 monocyte
L5_TTTGATCGTAACGCGA,Cytotoxic CD8 T cell
E2L2_TTCCTAAAGTATGGCG,B cell
L2_ATCCCTGGTTCTGAGT,B cell
E2L4_TCATTGTCATCGGATT,Memory CD4 T cell
E2L7_CATTCCGAGGGAGGCA,B cell
E2L4_AATGCCAAGATTAGCA,Cytotoxic CD8 T cell
E2L7_TATCGCCCATACTTTC,Platelet
L4_CCTAAGAAGCGGTAAC,Memory CD4 T cell
E2L8_ATCGGCGAGTATGACA,B cell
E2L2_CGAGTGCAGCGCATCC,Plasma cell
L3_CGGGTCAGTCATGACT,CD1C dendritic cell
E2L6_ATTCTACGTTCTCAGA,B cell
E2L8_GAAACCTAGCCTGAGA,Naive CD4 T cell
E2L4_GTGGAAGTCCTCTGCA,Platelet
E2L2_TGGTACAGTTCTTGTT,Platelet
E2L7_CAGCGTGGTCGAGTTT,Cytotoxic CD8 T cell
L3_TCGAACACAGCTGAAG,Naive CD4 T cell
L5_TCAGTCCAGCATTGAA,B cell
E2L3_TCCTAATCAGAAGTGC,Naive CD4 T cell
E2L4_AAGTTCGAGTTGAAAC,Cytotoxic CD8 T cell
E2L8_CGTGCTTGTGAGATAT,Naive CD4 T cell
L1_TCCTTTCTCGCCAACG,B cell
L5_TCGTGCTAGCCAGACA,Naive CD4 T cell
L2_TGGGAGAGTGCATCTA,Naive CD4 T cell
L2_CTCAACCGTGGTAATA,CD161+ memory T cell
L3_ATCCCTGAGGGCAGTT,Plasma cell
E2L8_AACGGGAGTACGCTAT,CD1C dendritic cell
L2_AGAGCAGAGGCCCGTT,CD161+ memory T cell
L4_GTCATGACACCAGCCA,B cell
L5_GCCAGGTTCATCACCC,Naive CD4 T cell
L3_GCTTCACAGGAAGAAC,Naive CD4 T cell
E2L8_GTTCGCTGTATGGGAC,Naive CD4 T cell
E2L7_GGTGAAGGTATCGGTT,Cytotoxic CD8 T cell
L1_TCAAGCAGTCACTACA,CD1C dendritic cell
E2L1_CCACACTAGTCTGTAC,Proliferating NK cell
L3_TCGCACTTCGCTGACG,Cytotoxic CD8 T cell
E2L6_AAGCCATTCCGCAACG,Cytotoxic CD8 T cell
L4_GGTTGTAGTCAGACTT,FCGR3A monocyte
L1_TTCTTCCTCTTTGCGC,Erythroid cell
E2L7_CCGTGAGGTCACAATC,Cytotoxic CD8 T cell
E2L1_AGACCCGGTAGGCAGT,CD1C dendritic cell
E2L8_GTGGTTACATATTCGG,Proliferating NK cell
E2L6_TCGCTCACACTTGGGC,B cell
E2L4_ATAGGCTTCGATAACC,Plasmacytoid dendritic cell
E2L4_GAACTGTAGGTACTGG,CLEC9A dendritic cell
E2L2_CTTCTAATCGCTTAAG,B cell
E2L2_AGGATAAAGAACTTCC,B cell
E2L5_TCATTACGTCTAGGTT,Proliferating NK cell
L4_TCCGATCGTCGTACAT,Plasma cell
L5_AAACGAAGTTCTTCAT,Cytotoxic CD8 T cell
E2L4_TCCATCGAGTATTAGG,Naive CD4 T cell
L3_TACCTCGCAGGTGTTT,Memory CD4 T cell
L4_GGAGGATTCCCATAGA,Naive CD4 T cell
L4_TTACAGGCAACTCGAT,Hematopoietic progenitor cell
E2L6_ACTTAGGGTGTTACAC,FCGR3A monocyte
L4_TGAATGCGTTGTAAAG,FCGR3A monocyte
L5_GGAGGATAGCCATCCG,GZMK+ CD8 T cell
L3_AGACTCAAGCCAAGTG,Cytotoxic CD8 T cell
E2L6_ACGGTCGAGAGGGTAA,Naive CD4 T cell
E2L3_ATTCTACAGACCACGA,CD14 monocyte
L1_CGTGAATTCTGGAAGG,CD161+ memory T cell
L4_TGACTCCAGGGCAAGG,B cell
L5_CACTGAAAGACATATG,Plasmacytoid dendritic cell
L3_TCATGGAGTCTAACTG,Memory CD4 T cell
E2L1_GTCGAATCACAACGTT,Hematopoietic progenitor cell
L5_CGGAACCAGTGGCGAT,FCGR3A monocyte
L5_TCGGGTGAGGGCATGT,Erythroid cell
E2L7_TTGCATTCAGTTAGGG,Proliferating NK cell
L1_TTTGGAGGTAGCACAG,Hematopoietic progenitor cell
L4_GGAATCTAGCCTTGAT,CD161+ memory T cell
E2L3_GTCACTCAGATAACAC,Plasmacytoid dendritic cell
E2L7_CTTACCGCACCGTGGT,B cell
L2_GTCGCGAAGATGGCGT,Hematopoietic progenitor cell
E2L7_AAGGTAACACGTCGTG,FCGR3A monocyte
L1_GGGCTACCAGCTTTGA,Plasmacytoid dendritic cell
L2_GGTCTGGCAGGCCCTA,CD161+ memory T cell
L2_GAATCACCATACGCAT,CD161+ memory T cell
E2L7_GGTGTTACAATTGCGT,Cytotoxic CD8 T cell
E2L7_GTAGAAATCGAGAACG,CD14 monocyte
E2L7_ACTTCCGGTTTAGACC,Cytotoxic CD8 T cell
E2L4_ATTACCTCATTGTACG,B cell
L5_TCAGTTTTCACCGGTG,Proliferating NK cell
L3_ATTCAGGAGTCGGGAT,Memory CD4 T cell
E2L5_TTTGGTTTCGAGTTGT,Plasma cell
L3_TAACCAGAGGAAAGAC,CD14 monocyte
E2L2_AGTAGCTCAGCGAACA,CLEC9A dendritic cell
L5_CTTCTCTTCGTTCTCG,Memory CD4 T cell
E2L1_TACTTCAAGAGAGAAC,Naive CD4 T cell
L3_GTCCCATGTGCGAGTA,Proliferating NK cell
E2L4_GCGGAAAAGCATCAAA,B cell
L4_CGTCCATAGATACAGT,B cell
L1_AGTACTGTCGGATTAC,Hematopoietic progenitor cell
E2L4_ATGAGTCAGAAACTGT,Naive CD4 T cell
L2_AATCACGTCGGCACTG,FCGR3A monocyte
L5_TCCAGAACAGAGGACT,CD161+ memory T cell
L4_TGTAGACAGTAAAGCT,NK cell
L1_TGTCAGACAAGTGTCT,B cell
L3_TGCTGAACAACGCCCA,CD161+ memory T cell
E2L4_ATCCTATTCATTCATC,CLEC9A dendritic cell
L5_GCATCTCGTGCTATTG,Hematopoietic progenitor cell
L4_GAAGCCCGTTACAGCT,Cytotoxic CD8 T cell
L1_ACCGTTCCAACCCGCA,Proliferating NK cell
L3_TTCTCTCAGCTTGTTG,FCGR3A monocyte
L5_ATCATTCGTACCCAGC,B cell
E2L5_CAGTTAGGTCTCACAA,CD1C dendritic cell
L4_GGTTAACAGCTATCCA,Memory CD4 T cell
L5_CTCAGTCCACTGCTTC,Naive CD4 T cell
L5_GGATGTTGTATGGAGC,Memory CD4 T cell
L2_TACGTCCGTGATGGCA,Cytotoxic CD8 T cell
L2_CCAAGCGAGAAACACT,Memory CD4 T cell
E2L3_GTCGTTCTCTCGTGAA,B cell
L1_CAACGGCGTCCACTCT,Cytotoxic CD8 T cell
E2L7_TAAGCCAGTAAGACCG,CD1C dendritic cell
E2L5_GCAGCCACACCTGAAT,Memory CD4 T cell
E2L4_AACCCAAAGCAGGTCA,CD14 monocyte
L1_AGGATAATCGGTCACG,CLEC9A dendritic cell
E2L7_TAATTCCCATCTGTTT,Naive CD4 T cell
L4_CTGATCCAGGTAAGGA,Cytotoxic CD8 T cell
E2L3_CACTGAACATGAGAAT,Memory CD4 T cell
E2L1_ATGGTTGTCGTTGTAG,Cytotoxic CD8 T cell
E2L1_AAGGAATCAAGAGGCT,Cytotoxic NK cell
E2L6_GGGAGTAGTGACTATC,Naive CD4 T cell
E2L7_AGGCCACAGATGATTG,B cell
E2L6_CCTGCATGTCGCCACA,Cytotoxic CD8 T cell
L1_TCACATTCACACTGGC,Hematopoietic progenitor cell
L5_CGTCAAAAGCCATTTG,Gamma delta T cell
L1_TCATTTGAGTGATAGT,Naive CD4 T cell
E2L4_GTAGGTTTCTGAGTCA,B cell
L2_TGGTGATAGTACTGGG,Naive CD4 T cell
L3_CAAGAGGAGGCTGAAC,Naive CD4 T cell
E2L8_AAGAACACAGAGATTA,NK cell
L3_CGAGAAGTCATTGGTG,Proliferating NK cell
L5_TGAATCGCACGTCTCT,Cytotoxic CD8 T cell
E2L4_CGATGGCAGTCGCCCA,CD1C dendritic cell
E2L2_GCAGGCTCAACGTTAC,Memory CD4 T cell
L4_AGGGTGAAGGATTCAA,Plasma cell
E2L8_ATAGAGAGTCACGCTG,Naive CD4 T cell
E2L8_GCTTTCGTCCGGTTCT,CLEC9A dendritic cell
L4_TCCCATGCAAGTCCAT,Cytotoxic CD8 T cell
L3_AGGGTTTAGTGGTGAC,FCGR3A monocyte
L5_TCCGGGACAGTCCCGA,Proliferating NK cell
E2L1_CTGCATCAGGTACCTT,NK cell
L3_GTCCTCACAGATGCGA,CD161+ memory T cell
L3_CCGCAAGAGTAATACG,B cell
E2L7_CTCAGTCGTAAGCTCT,Plasmacytoid dendritic cell
L4_TAATCTCGTGACATCT,Cytotoxic CD8 T cell
E2L7_GGTTCTCAGCTGTTCA,NK cell
E2L5_CGAGTTAAGTAAGACT,Memory CD4 T cell
L2_CTCTCAGCATTGCAAC,Naive CD4 T cell
E2L2_GTAGTACCAAGTTCCA,Memory CD4 T cell
E2L2_CAGATTGCACCCAAGC,B cell
E2L4_TATCCTATCATTATCC,B cell
L5_TGACAGTCAGATTCGT,Naive CD4 T cell
L5_TGCTTCGGTAGCGCTC,GZMK+ CD8 T cell
L2_CCTCACACACGCTGAC,Plasma cell
L5_CTGGACGGTTGTGCAT,Naive CD4 T cell
L2_AGTACTGCATCGTCCT,Proliferating NK cell
L5_TCGGGTGCATGCACTA,Proliferating NK cell
L1_TCCCATGCACCAGCGT,Cytotoxic CD8 T cell
E2L4_ACTGTGAAGTAAGACT,Plasmacytoid dendritic cell
L3_GGTGGCTGTAATCAGA,Memory CD4 T cell
L5_GGGTAGATCGAAGAAT,Memory CD4 T cell
L5_CTTCTCTCATCCCACT,Memory CD4 T cell
L3_AGTCACACATGAGGGT,NK cell
L2_GACTGATCATCGATGT,Memory CD4 T cell
E2L7_GTAGAGGTCGGATACT,Memory CD4 T cell
E2L5_TTGCGTCCACAGTCAT,CD1C dendritic cell
E2L8_CGAGTGCGTTGCTCCT,Plasma cell
E2L4_GGAGGATAGTGCACCC,FCGR3A monocyte
L1_ATTACCTCAACCCTCT,Cytotoxic CD8 T cell
E2L3_TACATTCCAACAAGTA,CD1C dendritic cell
L2_TCGGATACATCCGTTC,B cell
L2_CTGATCCGTGAGTTGG,Plasma cell
E2L7_TGTTGAGCACAACGCC,B cell
L1_CCACGTTAGGGTGAGG,Naive CD4 T cell
E2L4_CATGCCTCAACGGCCT,Memory CD4 T cell
L4_TGAGCATCAGTTGGTT,NK cell
L3_TGCTCGTAGAATTCAG,Cytotoxic CD8 T cell
L4_CAATCGATCGAACCTA,Memory CD4 T cell
E2L2_ACAACCATCGCCTTGT,Plasmacytoid dendritic cell
L5_CCGAACGAGGACAGCT,Memory CD4 T cell
E2L2_CAATGACGTACAAGTA,Platelet
E2L4_GTTCATTCACGCAGTC,Cytotoxic CD8 T cell
E2L3_TGGTACATCTCCCAAC,Memory CD4 T cell
L3_AAGATAGTCAGACCCG,Cytotoxic CD8 T cell
E2L4_AGAACCTCAAGGATGC,Cytotoxic CD8 T cell
L1_ATGGTTGAGTTTGTCG,B cell
E2L4_ACATCCCAGTAACAGT,CD14 monocyte
L1_GGAGGATCATTACGGT,FCGR3A monocyte
L4_CAGCAATGTGGATCGA,B cell
E2L1_TCACTATAGCTAGCCC,CD1C dendritic cell
L2_AGGGCCTTCAAGCTTG,NK cell
L4_GCCGATGAGCCTATTG,Memory CD4 T cell
L2_TCCTCGACACGGTGCT,NK cell
L5_AGCCAATGTTACAGCT,NK cell
L1_GTAAGTCCATCAGTGT,Proliferating NK cell
E2L5_AACAACCCACTCTAGA,Memory CD4 T cell
L3_CGTTAGAGTATAATGG,Cytotoxic CD8 T cell
L3_GGTAGAGGTAGGGTAC,Memory CD4 T cell
E2L6_CATTGAGTCGGACGTC,CD1C dendritic cell
E2L8_ATGCATGGTCTGATCA,Gamma delta T cell
L4_TTAATCCAGTAGGATT,B cell
L3_TAGTGCAAGGCAGGTT,Cytotoxic NK cell
L1_ATTCAGGTCGACTCCT,CD161+ memory T cell
E2L6_GACTCAAAGGTAACTA,Cytotoxic CD8 T cell
L3_CGTGATACAACATCGT,Gamma delta T cell
L5_ATCGTCCGTCGTAATC,Cytotoxic CD8 T cell
E2L6_GCTTTCGGTACAAGTA,B cell
E2L6_GTACAGTGTGGACTAG,CD14 monocyte
L2_GAAGGACCACGCACCA,Proliferating NK cell
E2L3_ATGGATCTCATGCGGC,Plasmacytoid dendritic cell
E2L5_CGCATGGCAGCTACCG,Memory CD4 T cell
E2L5_TCGATTTTCCAACCGG,CD161+ memory T cell
L1_TTGTGGATCGAGAAAT,Naive CD4 T cell
L3_GCCGATGCATGTGGCC,FCGR3A monocyte
L4_TCTAACTAGACGATAT,Naive CD4 T cell
E2L2_CACTGTCGTCAAGCGA,Memory CD4 T cell
E2L3_CGCATGGAGATGGGCT,Memory CD4 T cell
L5_AGGTGTTAGACCAGAC,B cell
E2L1_TAAGTCGAGCTTTCTT,Plasma cell
E2L3_TCCCACAAGTGAGCCA,Platelet
E2L7_TGGGATTGTTCGGCGT,Memory CD4 T cell
L5_TCCCATGGTTGGAGAC,CD161+ memory T cell
E2L2_AACCACACAGGCGATA,Proliferating NK cell
E2L6_ACCTGTCAGTGCGCTC,Gamma delta T cell
L4_TGAATCGCATCTAACG,Plasmacytoid dendritic cell
L4_ACAGGGAAGGCTGTAG,CD14 monocyte
L4_TCTCACGCACTGGCGT,CD14 monocyte
E2L1_GTACAACCAGTAACCT,CD14 monocyte
L5_GCCAGTGTCGGTAGAG,Cytotoxic CD8 T cell
E2L2_CTGTGAATCCGGTTCT,Proliferating NK cell
L4_TTACCGCTCGTAGGGA,Plasmacytoid dendritic cell
L4_ATCGGCGAGCCAAGCA,Naive CD4 T cell
E2L6_ACTGTCCGTTATGACC,Naive CD4 T cell
L2_TGAATGCGTCAAAGCG,Naive CD4 T cell
L3_GGGCCATGTTGTCATG,Naive CD4 T cell
L5_AACAGGGTCGATTCCC,Cytotoxic CD8 T cell
L3_ACACCAATCATTGTTC,Proliferating NK cell
E2L5_TGGAACTCAGCTCGGT,CD161+ memory T cell
E2L1_AGCGCCATCTTCGATT,Cytotoxic CD8 T cell
E2L2_GCTACCTCAAGTGGAC,Naive CD4 T cell
E2L7_AAACCCAAGTGGATTA,Cytotoxic CD8 T cell
E2L1_GGAATGGCACTAGTAC,Plasma cell
E2L2_AACAGGGCAGGCGAAT,NK cell
L2_CATGGTATCAGCTGAT,Proliferating NK cell
E2L3_TCATCCGGTAATACCC,B cell
E2L2_AAACGCTGTGATTAGA,Naive CD4 T cell
E2L8_TGTTACTGTTGTACGT,NK cell
L1_CGTTGGGTCGACCAAT,FCGR3A monocyte
E2L5_CGTGATATCAAGAGTA,B cell
L5_GATAGCTAGCAGCAGT,FCGR3A monocyte
E2L4_ACCTACCTCCGAGGCT,B cell
E2L8_ATCCTATCACGGATCC,B cell
L3_TTCCGTGAGACCACGA,Memory CD4 T cell
E2L7_GTTGCGGAGAGTCAAT,Platelet
L1_TCCATCGCACACCGCA,Naive CD4 T cell
L3_TCGGTCTGTATATGGA,Cytotoxic CD8 T cell
L3_TTTATGCGTGCCCACA,Plasma cell
E2L1_ATGATCGCAACTGAAA,FCGR3A monocyte
L2_TCCAGAATCTGTAACG,Naive CD4 T cell
E2L8_CCCTAACGTCTTAGTG,B cell
L3_CCTGCATTCCGTGGCA,Plasma cell
L3_AGGTAGGCAGTAGTTC,Memory CD4 T cell
E2L8_TGGATGTTCCACGTCT,Plasma cell
E2L1_AAGTGAAAGCACCGAA,Plasma cell
E2L3_CACTGAATCCGCGATG,B cell
L2_TAGAGTCCATGCAGCC,B cell
L5_TGTTGGATCGGTCGAC,Naive CD4 T cell
E2L7_TGGATGTCAGGCCCTA,CD161+ memory T cell
E2L7_GCTTCACGTACAACGG,CD161+ memory T cell
L4_TCAAGCAGTTCCCAAA,Hematopoietic progenitor cell
L4_CAGGTATCACGGTGCT,CD161+ memory T cell
E2L5_ATCGGATCACAGCTTA,B cell
E2L8_AAGCGAGCAAATTGGA,CD161+ memory T cell
L3_ATCGTGATCTGCGTCT,Hematopoietic progenitor cell
L4_TCTCCGAAGAGCCCAA,Naive CD4 T cell
E2L3_GGGCGTTCATATAGCC,FCGR3A monocyte
L1_GCTTGGGTCACAGTGT,Cytotoxic NK cell
E2L4_AGGTCATTCGGCTTGG,Cytotoxic CD8 T cell
E2L1_GTTCCGTTCCCGTTCA,Naive CD4 T cell
E2L3_AATTCCTAGGTCGTGA,Naive CD4 T cell
L2_TGTGTGAGTGAACCGA,Naive CD4 T cell
L3_AGAAGCGGTCGTACTA,B cell
E2L4_TGTTACTGTGCCTTTC,Proliferating NK cell
L2_CATCCCAAGGTAAACT,CD161+ memory T cell
E2L3_GTGCTGGTCATCGCCT,Naive CD4 T cell
L4_CAATGACAGTTGCCCG,Naive CD4 T cell
E2L3_TGATGCAAGTAGGCCA,B cell
E2L2_GTGCTTCTCCGTGACG,CLEC9A dendritic cell
L5_TATCTGTTCACACCCT,Naive CD4 T cell
E2L3_TGAGTCAAGACTTCCA,NK cell
E2L8_TAAGCACAGAGCATCG,NK cell
L5_AGGAAATGTTTAGAGA,Hematopoietic progenitor cell
E2L1_GTTACCCGTTTCCAAG,Plasmacytoid dendritic cell
L4_CAGCGTGGTTAGGACG,Memory CD4 T cell
L4_CTAGGTAAGCGCAATG,Naive CD4 T cell
L4_ATCACAGAGGCATCTT,Naive CD4 T cell
E2L4_GATCATGCAGTTCTAG,Proliferating NK cell
L3_TCTACCGAGTGTTGAA,CD14 monocyte
L2_AGGTTACCAGGGATAC,Naive CD4 T cell
E2L8_ATGGATCCAATAACGA,FCGR3A monocyte
E2L3_CGAGGCTCAGATTAAG,Plasmacytoid dendritic cell
E2L6_ACGTAGTAGGTGATCG,FCGR3A monocyte
L2_TCCTGCAAGCACTTTG,Naive CD4 T cell
L1_TACTTCAAGAGGTCGT,Plasmacytoid dendritic cell
E2L5_GCAGGCTGTTCTGAGT,Gamma delta T cell
E2L2_ATTCCATGTATCTCTT,B cell
E2L7_CTGAGGCCATAACTCG,Cytotoxic CD8 T cell
E2L4_CTCATCGCAGAGTTGG,NK cell
E2L5_TACTTCACAAAGAGTT,Plasmacytoid dendritic cell
L1_TAGATCGAGGCGTTGA,Naive CD4 T cell
E2L6_TAGGTACGTGGTAACG,Naive CD4 T cell
E2L6_CACGTGGCAGAGGTAC,FCGR3A monocyte
L4_ACAAAGAGTGCACATT,Naive CD4 T cell
E2L5_ACCACAATCAATGCAC,Naive CD4 T cell
L4_CATGGTATCAATGCAC,Proliferating NK cell
L2_CTAGGTACAAGGTCGA,B cell
L4_GCGATCGTCCGTGTGG,CLEC9A dendritic cell
L4_GATTTCTTCAGCTAGT,Hematopoietic progenitor cell
L3_TACTGCCGTTCACGAT,FCGR3A monocyte
E2L1_CATCCCATCCGCACGA,CLEC9A dendritic cell
E2L5_GCCGTGACAGTCAGTT,Proliferating NK cell
E2L5_TTTCAGTCAATAACCC,Memory CD4 T cell
L5_AGGAGGTCATCCTTCG,CLEC9A dendritic cell
L4_TGGTGATGTCACTAGT,Memory CD4 T cell
L3_GGGACCTAGTCAACAA,Plasmacytoid dendritic cell
E2L3_ACTGATGTCGTAGTCA,Platelet
E2L7_GTTACCCAGCCTAACT,B cell
E2L2_GGTCTGGGTGCATTAC,Naive CD4 T cell
L1_ATATCCTCATGCCATA,Naive CD4 T cell
L2_GGCTTTCCATGGCGCT,Cytotoxic CD8 T cell
L5_TGTGAGTAGTACAGAT,CD161+ memory T cell
L4_GCAGCCATCCTGGCTT,Memory CD4 T cell
L3_TACAACGCATGCCATA,Plasmacytoid dendritic cell
E2L4_TTCCAATAGGTAAGGA,Proliferating NK cell
E2L7_TTGGATGCAATGTCTG,Naive CD4 T cell
E2L4_AGCCAATCAAACTAAG,Naive CD4 T cell
E2L8_GTGTGATAGTATGCAA,B cell
L1_AGGACTTGTCCTGTTC,GZMK+ CD8 T cell
L2_TGGAACTGTTGTCTAG,Naive CD4 T cell
E2L5_ATCGATGGTTCCTTGC,CD1C dendritic cell
E2L1_GATGTTGTCTCCGTGT,Proliferating NK cell
E2L3_AGCCAGCCAGCACAAG,Plasmacytoid dendritic cell
L4_GATAGAAGTACAAACA,Cytotoxic CD8 T cell
E2L5_TTAGGCATCTTCGTAT,Proliferating NK cell
E2L6_ATCACAGTCAATGTCG,Proliferating NK cell
E2L2_ACCCAAACATTGTAGC,CLEC9A dendritic cell
E2L3_CTGTAGAGTTTCGACA,Hematopoietic progenitor cell
E2L2_TCCATCGCAAACTCTG,Cytotoxic CD8 T cell
L2_GAGGCAAAGTGGTCAG,CD1C dendritic cell
E2L6_GCAGCCATCGTGGGTC,Plasmacytoid dendritic cell
L2_TTAGGGTCACTCTAGA,CD14 monocyte
E2L5_CTAGGTACAAGTAGTA,NK cell
E2L2_ACAGCCGAGGACCCAA,CD161+ memory T cell
L3_TCCGGGATCCTCTAGC,Naive CD4 T cell
E2L3_TGTAGACGTACCAGAG,Proliferating NK cell
L1_GAGGCAAAGGTCTGGA,Naive CD4 T cell
E2L4_AACAAAGCATAGGTTC,Naive CD4 T cell
L1_CAGATTGAGAAACTCA,Naive CD4 T cell
E2L4_TGACCCTCAGCGACAA,Proliferating NK cell
E2L1_GTGTTAGAGTTACGAA,B cell
L1_GGTCTGGTCACTCACC,Proliferating NK cell
E2L6_ACGGGTCCATACGCAT,Platelet
L3_TACTTGTAGTCACTCA,Naive CD4 T cell
E2L8_GTAGGTTTCAGTGGGA,CLEC9A dendritic cell
L2_TTGTTTGAGTAATCCC,Cytotoxic NK cell
L4_TTTGTTGTCGAATGCT,Naive CD4 T cell
E2L8_TCCTCCCAGAGCCATG,FCGR3A monocyte
E2L1_GCCGATGGTCAGTCTA,Proliferating NK cell
E2L6_TGACGCGAGCAGTCTT,Gamma delta T cell
E2L6_TTTAGTCGTCAGTCCG,Cytotoxic CD8 T cell
E2L1_CCTACGTCAGCGTATT,Cytotoxic NK cell
L5_ATTCTTGAGAGAATCT,Memory CD4 T cell
E2L4_CCACGAGAGACGCAGT,NK cell
E2L6_CCGTGAGAGCTTACGT,Plasmacytoid dendritic cell
E2L2_TGGTACACATAGACTC,CD14 monocyte
E2L4_GGTGATTAGGGAGGCA,CLEC9A dendritic cell
E2L3_GTTACAGCACAGCTGC,Cytotoxic CD8 T cell
E2L5_TTCCAATAGAGGGTCT,CD14 monocyte
E2L1_TCTGTCGTCCTACCAC,Naive CD4 T cell
L4_GTAACCACATTCGGGC,Naive CD4 T cell
E2L7_GTACAGTAGAGGTCAC,Naive CD4 T cell
L1_GTAATCGAGTCAATCC,Naive CD4 T cell
E2L5_TTTGGTTTCGAACCTA,Plasmacytoid dendritic cell
L2_TTACCGCCATAACTCG,GZMK+ CD8 T cell
E2L2_TCGTAGAAGATACATG,Plasmacytoid dendritic cell
L5_CACATGATCTGACGCG,Cytotoxic CD8 T cell
E2L5_CCTCCAAGTTGATGTC,Gamma delta T cell
E2L5_GTGGAAGTCTCGTGAA,Cytotoxic CD8 T cell
L5_TCCTAATCACCTTCCA,Naive CD4 T cell
E2L8_TCAATCTCACACCTTC,B cell
L2_TCAGTGAAGTGAACAT,Hematopoietic progenitor cell
E2L6_CGATCGGGTAACATAG,Naive CD4 T cell
L4_TGGAGAGAGCACGTCC,Naive CD4 T cell
L3_TGCAGATCAGCCTACG,CD14 monocyte
L5_GTGGTTAGTACAGCGA,CD161+ memory T cell
E2L4_ACCTGAAAGGACTATA,Naive CD4 T cell
L1_AAACGAAAGTTGAATG,CD161+ memory T cell
L5_CAGAGCCCACGAGGTA,CD14 monocyte
E2L5_CATTCATAGATGCGAC,CD1C dendritic cell
E2L6_ACTTCCGGTCTTAGTG,CLEC9A dendritic cell
L2_TATTGCTGTGTTCGAT,Plasma cell
E2L7_TAGCACACATTACGGT,Cytotoxic CD8 T cell
L5_GACCCAGTCACTGTTT,Memory CD4 T cell
L5_CGAATTGGTTTGTGGT,Proliferating NK cell
E2L5_CATGCGGGTTTAGTCG,Cytotoxic CD8 T cell
E2L7_GCATTAGTCGCAGTCG,Plasmacytoid dendritic cell
L1_CTTGATTAGGAAGTAG,Naive CD4 T cell
L5_CATCCCAGTCATGGCC,Hematopoietic progenitor cell
L5_AAAGGGCGTCACTTCC,CD161+ memory T cell
L4_CTACCTGTCATTCACT,Naive CD4 T cell
L5_CTGTGGGCACTGCACG,Proliferating NK cell
E2L8_CATACCCCATCCTAAG,Naive CD4 T cell
L4_TTTGTTGTCGTCCATC,Cytotoxic CD8 T cell
L3_TGGAGGAGTTCTCTAT,FCGR3A monocyte
E2L8_ACTTTCATCTCGTGGG,Naive CD4 T cell
E2L8_TGTGTGAAGACCAGAC,B cell
E2L3_AGTCAACTCGGTCGGT,CD1C dendritic cell
E2L1_AAGACTCTCGCTAGCG,Cytotoxic CD8 T cell
E2L1_CATGAGTAGCTTTGTG,B cell
L3_TTTACGTTCAAGGAGC,FCGR3A monocyte
E2L3_GGTGAAGAGGACACTG,Naive CD4 T cell
E2L1_CTTGAGATCCGGCAGT,CD14 monocyte
L1_GCCGTGAGTCGAGTGA,Memory CD4 T cell
L1_GGCTTTCTCCTCACGT,FCGR3A monocyte
L3_GAAACCTAGATGTTGA,Plasmacytoid dendritic cell
L4_AGTCATGCAAGGGCAT,Naive CD4 T cell
E2L3_TGGTTAGCATTGCTTT,Cytotoxic CD8 T cell
E2L3_GTTGTCCCAGTGCCTG,Memory CD4 T cell
E2L8_CAATACGCACGGTGCT,Cytotoxic CD8 T cell
E2L5_GCATCTCAGGAACGCT,Platelet
E2L6_CTCTGGTAGACGTCGA,CD14 monocyte
E2L3_TTGATGGGTATGCGGA,Memory CD4 T cell
L5_TCGAAGTTCTATCGTT,CD1C dendritic cell
E2L8_TCGCACTTCCGCTGTT,Cytotoxic CD8 T cell
E2L1_AGGGTTTTCCGCGGAT,Cytotoxic CD8 T cell
E2L2_GGGTTTACACATGTTG,FCGR3A monocyte
E2L4_GCAGCCAAGACATGCG,CD1C dendritic cell
L4_GCCAGGTGTTTACGTG,Cytotoxic CD8 T cell
E2L1_ACACTGAAGTCATAGA,Cytotoxic CD8 T cell
E2L5_TGTAGACGTACAAACA,NK cell
E2L6_AAACCCATCAACTGGT,Naive CD4 T cell
L1_ATTCATCAGCCTGACC,Naive CD4 T cell
E2L4_TTACTGTTCTACTGCC,Plasma cell
L3_ACGGTTATCAAGCCCG,Hematopoietic progenitor cell
E2L5_GTCTTTATCCTGGGTG,B cell
L1_CAGGGCTGTCTTCGAA,Proliferating NK cell
E2L4_CAACAACGTCCCTGTT,Cytotoxic CD8 T cell
L5_AATCACGAGAGCCCAA,Plasma cell
L1_AGATCGTGTGTCTTCC,Memory CD4 T cell
E2L8_AATCGACCAACGGCCT,Cytotoxic NK cell
E2L4_ACTGTCCGTCACCACG,Memory CD4 T cell
L5_CTGAGCGAGGTGCAGT,Naive CD4 T cell
L4_TATCTTGGTTACACTG,Memory CD4 T cell
L3_TACAGGTGTAGTTACC,NK cell
E2L7_CGGGTCATCGTACACA,Naive CD4 T cell
L4_ATTCATCTCCCATACC,CLEC9A dendritic cell
E2L6_ATTCACTGTTAAACAG,B cell
E2L8_AAGTTCGAGGATTTAG,Naive CD4 T cell
L1_CGATGGCAGACCAACG,Cytotoxic CD8 T cell
E2L4_TGAGGTTTCAAGTAAG,CD14 monocyte
E2L6_CCTCAACTCGACGTCG,Cytotoxic CD8 T cell
L4_CTGTCGTCAAGAAACT,Naive CD4 T cell
L4_CATTCATAGTGATGGC,Naive CD4 T cell
L1_GATCCCTGTTAAGGAT,Cytotoxic CD8 T cell
E2L2_CAGCAGCAGTAGGGTC,Cytotoxic CD8 T cell
L4_CCGGACACACCTCTAC,CD14 monocyte
L2_TTGGTTTGTTCAGCGC,Plasma cell
L1_TGTGGCGTCCACACCT,Plasmacytoid dendritic cell
L5_ATCACTTCAGAACCGA,Naive CD4 T cell
E2L8_AGGGCTCGTGTCATCA,B cell
E2L3_TTCTAGTTCAAGATAG,Cytotoxic NK cell
E2L5_CATTGAGGTAGCTTGT,Memory CD4 T cell
L3_AAAGGGCTCGCTGTTC,FCGR3A monocyte
L1_AAGAACATCAAAGCCT,Hematopoietic progenitor cell
E2L5_CATGCCTGTCGTATGT,Proliferating NK cell
E2L3_CTTAGGATCCCTTTGG,Hematopoietic progenitor cell
L3_TCCACGTAGGTCACCC,Cytotoxic CD8 T cell
E2L5_GCCAGTGTCACCTGTC,Plasmacytoid dendritic cell
E2L1_ATGACCAGTAGTATAG,Plasma cell
E2L1_TAAGCACGTAGTATAG,Cytotoxic CD8 T cell
E2L6_TTTACCAGTTGAAGTA,Platelet
L2_GGGACTCTCGGCCCAA,FCGR3A monocyte
L1_GGCTGTGCAACTGTGT,Memory CD4 T cell
E2L2_GGGAGTAAGAGAGAAC,Plasmacytoid dendritic cell
E2L4_AGCCACGCAATGTGGG,Memory CD4 T cell
L2_CTATAGGCATGCGGTC,GZMK+ CD8 T cell
E2L1_AGTAGTCCAGTTCTAG,Cytotoxic CD8 T cell
E2L6_TGTTGGACAGAAATCA,Cytotoxic CD8 T cell
L3_AGGGCTCCAAAGCAAT,NK cell
L3_TCTGCCATCCACCTGT,Naive CD4 T cell
E2L3_TGCATCCCACGACAGA,Memory CD4 T cell
E2L3_TCAGTCCGTGCTGATT,Gamma delta T cell
E2L4_TGTTCATAGCAACAAT,Naive CD4 T cell
L4_GGGCGTTAGCGGGTTA,Naive CD4 T cell
L1_TGGTAGTAGGGTTAAT,Naive CD4 T cell
E2L2_TGCCGAGAGAATACAC,Memory CD4 T cell
E2L8_TACGTCCCAATCTCGA,B cell
L1_TGGATGTAGACGGAAA,Hematopoietic progenitor cell
E2L4_CTCTCAGGTGACTGAG,Proliferating NK cell
E2L8_TTCTAGTTCACGGTCG,Cytotoxic CD8 T cell
E2L6_GTCACTCCAAGCTACT,CD14 monocyte
E2L5_TCATACTGTTCGTTCC,Naive CD4 T cell
L2_ACTTAGGAGTAAACGT,CLEC9A dendritic cell
E2L8_CATTGAGTCTCTATGT,Naive CD4 T cell
E2L3_GGTGTCGGTATCAAGA,CD14 monocyte
E2L1_ATCTTCAAGTGGGAAA,Plasmacytoid dendritic cell
E2L8_TGAGGAGCATCTCCCA,Cytotoxic NK cell
E2L4_ATGGTTGAGCCTCCAG,B cell
E2L4_TTTCCTCGTGGCAACA,Memory CD4 T cell
L2_GAAGCGACAGAATCGG,Cytotoxic CD8 T cell
E2L4_CTGTGGGGTCACTTAG,B cell
E2L4_CATGCGGGTATAATGG,CD14 monocyte
E2L6_TGTTCATGTCGTAATC,CD161+ memory T cell
E2L4_CATTCCGAGATGGCGT,Proliferating NK cell
L1_ATTGTTCGTCTCAGAT,CD14 monocyte
E2L5_TGCGGGTGTACACGTT,NK cell
L3_TGACAGTCAGCGTGAA,B cell
L2_GTAAGTCAGCGCAATG,Naive CD4 T cell
E2L1_AAGACAACACGATAGG,B cell
L4_GTAGGAGAGTGCTCGC,B cell
E2L5_AGGACGATCCATAGGT,Proliferating NK cell
L3_CACACAACAGCAGACA,Cytotoxic CD8 T cell
L1_CGGAGAAAGCAAACAT,Naive CD4 T cell
E2L1_TGTTCCGGTATCTTCT,Cytotoxic CD8 T cell
L1_ATCCATTTCTCGGTCT,Plasma cell
E2L6_TTGCTGCAGCACCGAA,B cell
E2L8_ATTCTTGCAAGGCGTA,Cytotoxic CD8 T cell
E2L7_GAAGCGAGTACGTTCA,Naive CD4 T cell
L3_CCGTTCAAGCGTTACT,Memory CD4 T cell
L1_CTGTAGAGTGGCAGAT,Naive CD4 T cell
L2_AGAGAGCCACGAGGAT,Erythroid cell
L1_CAATGACGTCCTCAGG,Memory CD4 T cell
L4_TTCCAATTCAGGTGTT,Cytotoxic NK cell
E2L3_TCCACGTCACTAGGCC,CLEC9A dendritic cell
L1_AGAGCCCAGGCCATAG,Memory CD4 T cell
E2L7_GGGTCACAGTAAGGGA,Cytotoxic NK cell
E2L8_CCTGCATAGACTCGAG,Naive CD4 T cell
L4_CGGGTGTAGGTCGTAG,Naive CD4 T cell
E2L6_CACTTCGTCGTGTTCC,CD1C dendritic cell
L5_TGTACAGTCTGGCCGA,Naive CD4 T cell
L5_GACACGCGTCCCTGTT,CD161+ memory T cell
L2_GTAGGTTAGCGGACAT,B cell
E2L3_GCCATGGAGAGGTTTA,Cytotoxic CD8 T cell
E2L8_GATTCGACATTGCAAC,B cell
E2L1_TTAATCCTCTACACAG,FCGR3A monocyte
L4_CCTCATGTCTCGGTCT,Memory CD4 T cell
E2L7_CTCCTCCGTCGTTTCC,Plasma cell
E2L6_TGTAACGCAGACTCTA,Naive CD4 T cell
E2L6_CCACTTGGTAACGGTG,Memory CD4 T cell
L4_TGCAGATAGACCATAA,CD14 monocyte
E2L4_CATCGCTCAATAGGGC,Memory CD4 T cell
E2L5_TGCCGAGAGGTCACCC,B cell
L1_ACCGTTCAGATGCTAA,Proliferating NK cell
E2L2_CCGAACGGTTTCACTT,Naive CD4 T cell
E2L8_CAACAGTCAGGATTCT,CLEC9A dendritic cell
E2L7_TCTCACGGTCTTACTT,Memory CD4 T cell
L5_GCACGGTTCATTCACT,Naive CD4 T cell
E2L8_GTGGAAGCAGTTTCGA,FCGR3A monocyte
E2L3_TCCCACAGTGAGTAGC,CD161+ memory T cell
E2L5_ACAGCCGCACCCTCTA,Naive CD4 T cell
L5_ATCGTGAGTTGGCCGT,B cell
E2L7_GGGTTTACATATAGCC,Naive CD4 T cell
L1_GAATCGTCATACTGTG,Hematopoietic progenitor cell
E2L1_AGAAATGGTCTAGATC,Plasmacytoid dendritic cell
E2L1_AGCCACGCATCCGTGG,B cell
E2L6_TCCTCCCAGCAGTCTT,GZMK+ CD8 T cell
E2L8_AACCCAACACCAGCCA,B cell
E2L1_ACTTAGGAGGGTACGT,Proliferating NK cell
L5_AAAGTCCTCACGGGCT,Cytotoxic CD8 T cell
E2L1_TCACGGGGTCGAGCTC,FCGR3A monocyte
E2L5_GACGTTACAGCGGTTC,Proliferating NK cell
E2L1_GTGAGCCCAAGTCCAT,B cell
E2L8_ACGTAGTCAAAGGCGT,Cytotoxic CD8 T cell
L5_TTGGATGGTTAAAGTG,Naive CD4 T cell
E2L3_AGCCAATCACCTCTAC,Proliferating NK cell
E2L1_AGGGCTCGTGGGAGAG,B cell
L5_CGAAGTTAGGGAGGCA,Memory CD4 T cell
L5_GGTGAAGTCGACACCG,NK cell
E2L8_AGTTCCCCAATTTCTC,Plasmacytoid dendritic cell
E2L4_TGAGTCAGTAAGATTG,NK cell
E2L7_GCACGGTTCCGCGGAT,Plasma cell
L4_GACTTCCAGGGTGGGA,Hematopoietic progenitor cell
E2L1_AACAACCTCGCGCTGA,Cytotoxic CD8 T cell
E2L2_GAAGAATGTAATACCC,CD14 monocyte
L5_TCCGTGTCAATGTCTG,B cell
L3_CTACCTGGTACCTTCC,B cell
E2L4_GTAGGAGGTCGTGGAA,B cell
L1_CTGAATGAGTCTAACC,Cytotoxic CD8 T cell
E2L6_CAGATACTCGCCTAGG,Plasmacytoid dendritic cell
L1_TCGCACTAGCAATTCC,GZMK+ CD8 T cell
E2L6_TCTTCCTCAGACTCTA,B cell
L3_TATCAGGCAAGCTACT,Memory CD4 T cell
E2L6_CAAGCTACAACGATTC,Platelet
E2L7_ATCACGACATGCCGCA,Cytotoxic CD8 T cell
L2_TCCCACACACAAAGCG,Naive CD4 T cell
E2L7_ATGAGTCAGCTTAGTC,B cell
L3_TCATCCGCACAGTCCG,Memory CD4 T cell
L1_GTCACTCAGGACGCTA,Naive CD4 T cell
L3_AGCTACAGTCAACGCC,Memory CD4 T cell
E2L5_TGAGCATCAGATGCGA,Cytotoxic NK cell
L5_AACAGGGCACCTTCGT,Memory CD4 T cell
E2L2_ATATCCTCAACGTAAA,Cytotoxic CD8 T cell
E2L8_TTACTGTCAGTGTACT,Gamma delta T cell
L4_ACATCCCGTTCATCGA,Plasmacytoid dendritic cell
E2L3_GCCAACGCATCTAGAC,Cytotoxic CD8 T cell
E2L5_CAGAGCCAGAAGCGAA,Plasma cell
E2L7_AAAGAACAGCATTGTC,Cytotoxic CD8 T cell
L4_TGGGTTACAGCTGGTC,Memory CD4 T cell
E2L5_GCTACAAAGGGAGTGG,Platelet
L2_AGCGCTGGTGTCCAAT,Cytotoxic CD8 T cell
L4_GAGTGAGTCCTTGGAA,Hematopoietic progenitor cell
E2L4_TTTATGCGTACAGGTG,Naive CD4 T cell
L2_TCAGGGCCACGTACTA,Naive CD4 T cell
L4_TGCTGAATCGACCTAA,Cytotoxic CD8 T cell
L1_GTAACCAGTGCCGTTG,FCGR3A monocyte
L1_CGGGTGTCATCGAGCC,Cytotoxic CD8 T cell
E2L5_TACGTCCCAGGTTACT,NK cell
L4_GCACTAAAGGGTTGCA,Naive CD4 T cell
L2_TCGAACAGTATCGTGT,Naive CD4 T cell
E2L3_CTGTCGTAGCTTGTTG,NK cell
L3_GTAGGAGAGTGTTCCA,CD161+ memory T cell
L1_TGCGACGTCCATCTAT,GZMK+ CD8 T cell
E2L5_TGTGATGAGCATGAAT,Cytotoxic CD8 T cell
E2L2_ATGTCCCGTGGCATCC,Naive CD4 T cell
E2L3_ATTACCTTCAAAGAAC,Cytotoxic CD8 T cell
L5_CCACTTGGTGAGATTA,Memory CD4 T cell
E2L8_AATTCCTAGTGCCGAA,Naive CD4 T cell
E2L2_TCGGGTGGTGACAGGT,B cell
E2L2_ATATCCTAGCAATTCC,Cytotoxic CD8 T cell
L3_GAGGCCTAGCCGATAG,FCGR3A monocyte
E2L2_TAATTCCAGAAATGGG,B cell
E2L1_TTTCCTCAGTATGAAC,CD14 monocyte
L3_AACCAACGTAGGACCA,Hematopoietic progenitor cell
E2L2_GTCACGGGTCGGTACC,NK cell
E2L3_ATTCCCGCAGGTTCCG,B cell
L1_CTCAGTCCATCCGAAT,NK cell
E2L8_CCAATTTAGGATACGC,B cell
L2_GGTGTTATCCCGTTGT,Proliferating NK cell
L3_GGGAGTAAGGTAGGCT,CD1C dendritic cell
E2L7_AGGAGGTCAATCCTAG,Naive CD4 T cell
E2L5_TCACTATTCACCTCGT,B cell
L2_GATTCGAAGATACAGT,FCGR3A monocyte
L3_CACGTGGCAGTCGCTG,CD1C dendritic cell
E2L6_GCTCAAAAGCATGCGA,Cytotoxic CD8 T cell
L4_CTTCTCTAGCACGATG,Naive CD4 T cell
E2L8_GCCATTCCAGAGCTAG,NK cell
E2L3_GTGCTTCGTCAAGTTC,Cytotoxic NK cell
E2L1_AGGGCCTTCCGTTTCG,Memory CD4 T cell
E2L2_GCAGTTAGTAGTGCGA,Plasmacytoid dendritic cell
L2_GACTCTCTCATCGTAG,Cytotoxic CD8 T cell
E2L2_TTCTGTAAGCCTCAAT,Memory CD4 T cell
E2L4_TCCACGTCACCAAATC,Memory CD4 T cell
E2L7_AATGAAGCAGATCCTA,B cell
L4_CCTTGTGCAGATAAAC,Memory CD4 T cell
L4_TATCAGGAGATCACCT,B cell
E2L6_TGCGGCACATGCAGGA,Plasma cell
E2L1_GGGATGACAGTTACCA,Cytotoxic CD8 T cell
E2L4_AGAACCTCACACACGC,Cytotoxic CD8 T cell
L2_GGATCTAGTGTATACC,NK cell
E2L2_CAATCGAGTTGGGTAG,Plasmacytoid dendritic cell
E2L4_TGTTGGACACTATCGA,Cytotoxic CD8 T cell
L2_TACGCTCAGGACACTG,Naive CD4 T cell
E2L2_TTGCCTGTCCACCTGT,Cytotoxic CD8 T cell
L1_TACTTGTCAGACCTAT,Naive CD4 T cell
L1_GGAAGTGTCCGCGATG,Gamma delta T cell
L5_GGGTCACAGCGACTGA,Cytotoxic CD8 T cell
E2L7_GTGCGTGTCTCCAAGA,CD1C dendritic cell
L3_TTGAGTGCACACACGC,Naive CD4 T cell
E2L5_CTTCAATCACCTCTAC,Naive CD4 T cell
L1_CGGGCATAGACTCAAA,NK cell
E2L5_AAGGAATCACATATGC,CD14 monocyte
L4_ATGACCACAACGAGGT,Memory CD4 T cell
L1_AGTGATCAGCTGAAAT,CD161+ memory T cell
E2L5_AATTCCTTCGCTAATG,CD161+ memory T cell
E2L1_GATTTCTAGTTCCGGC,Proliferating NK cell
E2L6_CATGGATCAACTTGCA,Naive CD4 T cell
L4_AAGCATCTCGTTCAGA,Memory CD4 T cell
E2L5_CATACCCTCCGTCACT,Cytotoxic NK cell
L4_CACTGGGGTTTCGGCG,Cytotoxic CD8 T cell
L3_GGTTCTCCAAGCTACT,CD1C dendritic cell
L4_CCAAGCGTCCCGAGAC,Memory CD4 T cell
E2L2_GCAGGCTGTGTACAGG,Naive CD4 T cell
E2L5_CACCAAAAGATTCGAA,Cytotoxic NK cell
E2L2_TCCGATCGTTTGTGGT,Platelet
E2L4_TCGACGGTCGCCAATA,Plasmacytoid dendritic cell
E2L7_GATTGGTCAATACCTG,Memory CD4 T cell
L1_ACACTGATCTGCATGA,Naive CD4 T cell
L1_GTGTGATTCTAAGGAA,Hematopoietic progenitor cell
E2L4_CTCCTTTTCACGTCCT,CD1C dendritic cell
E2L3_AAAGTGATCTCGGTCT,CD14 monocyte
L1_TGTAGACCATTGAAAG,Memory CD4 T cell
L5_TGTGATGAGTCACAGG,B cell
E2L1_TGGGTTACACAAGGTG,Memory CD4 T cell
E2L4_GTGGTTAAGAGAGTTT,Cytotoxic CD8 T cell
E2L4_CATGCAATCACTCACC,GZMK+ CD8 T cell
L5_CGCCAGACAGATTTCG,Cytotoxic CD8 T cell
E2L2_TCTTGCGGTGACATCT,CD14 monocyte
E2L6_AGGTTGTTCGCCTAGG,Cytotoxic CD8 T cell
L2_AACAAAGTCGCCAATA,Naive CD4 T cell
E2L6_ATCGATGCACGTGAGA,Cytotoxic CD8 T cell
L4_TCTAACTGTGATTCTG,Cytotoxic CD8 T cell
L1_GGGACAATCGTGAGAG,CD161+ memory T cell
E2L4_TGTCCCATCGAATCCA,Naive CD4 T cell
E2L7_ATCGCCTGTTAAGTCC,Cytotoxic NK cell
L4_GAGATGGGTCTTAGTG,Memory CD4 T cell
L1_GATAGAATCGTAATGC,Naive CD4 T cell
E2L3_GTAGAAAGTCGTCAGC,NK cell
E2L4_CACGGGTGTACTAGCT,Memory CD4 T cell
E2L1_CACATGAGTGCTTATG,Proliferating NK cell
E2L2_TTGCGTCTCCGGTAAT,Memory CD4 T cell
E2L4_AATAGAGTCTGGTTGA,Proliferating NK cell
E2L7_GTTACAGCATGCCGAC,Proliferating NK cell
L5_GTCTGTCAGGCGTTAG,Plasma cell
E2L1_GAGACTTAGCCATCCG,FCGR3A monocyte
E2L6_GAGACCCTCGGCTTGG,CLEC9A dendritic cell
L1_GTGATGTAGGTCATTC,Hematopoietic progenitor cell
E2L1_TACACCCAGCAGCGAT,CD161+ memory T cell
E2L7_AACACACCATGAGGGT,CD161+ memory T cell
E2L8_GTAGTACCACTGTTCC,FCGR3A monocyte
L2_CCGAACGGTACCTAAC,Naive CD4 T cell
L4_AGGCTGCGTAGGATAT,CD1C dendritic cell
L4_TCGGATATCCCATAAG,Naive CD4 T cell
L1_TTCTCTCGTGAGCAGT,Naive CD4 T cell
E2L1_CATGGTAGTTTCGTGA,Cytotoxic CD8 T cell
E2L6_TACGGTAAGAAATTGC,B cell
E2L2_TGTTACTGTCCACGCA,Cytotoxic CD8 T cell
E2L8_CAAGCTAGTTATGACC,Platelet
E2L8_TTGAACGAGTTGGCGA,CLEC9A dendritic cell
L5_GTCTACCTCCAGTTCC,CD1C dendritic cell
L5_CCTGTTGGTACGGGAT,Plasmacytoid dendritic cell
E2L5_CATGGTACATTCAGCA,Cytotoxic CD8 T cell
L1_TTCACCGCATTCATCT,Naive CD4 T cell
E2L7_AATGCCATCGACGTCG,Plasmacytoid dendritic cell
E2L4_ACTATTCCACTATCCC,CD161+ memory T cell
E2L3_GTAGCTAGTAAGATAC,CD161+ memory T cell
E2L5_ATTCTTGTCAATCGGT,NK cell
L4_CGCGTGAAGGGAGGAC,Plasmacytoid dendritic cell
E2L6_GTTGAACCAGTTTCAG,B cell
L3_CAGATTGTCGCAACAT,Cytotoxic CD8 T cell
E2L6_AAAGTGATCCAGGACC,Plasma cell
L2_TTGAACGGTGAGAACC,FCGR3A monocyte
L3_AGACTCAGTGTCTCCT,Hematopoietic progenitor cell
E2L8_TGTGGCGAGGTCTGGA,Cytotoxic CD8 T cell
E2L5_CCGATGGTCGCCGAGT,CD14 monocyte
L4_GAGGGTATCCAATCCC,Naive CD4 T cell
L5_GAGTGAGTCAACCTTT,Naive CD4 T cell
L3_CTATCTATCAGGACGA,CD161+ memory T cell
E2L3_CTTACCGAGGAAGTAG,FCGR3A monocyte
L2_AACAAAGGTCACTAGT,Cytotoxic CD8 T cell
E2L1_GGGCTACCAAGCTGTT,B cell
L2_TCAGGTACAAGAAACT,Naive CD4 T cell
L5_TCCTGCAAGTATCTGC,NK cell
L3_AAAGGGCGTATTCCTT,FCGR3A monocyte
L1_ACTGCAAAGCGCAATG,Gamma delta T cell
L1_TGTGGCGCATGGCACC,Memory CD4 T cell
L2_ATCGTAGCACTTGTCC,Cytotoxic CD8 T cell
E2L7_GCTTTCGCAGGCACTC,B cell
E2L5_TTTCATGCACCTCGTT,Memory CD4 T cell
L1_TTGGGCGAGACTCCGC,Cytotoxic CD8 T cell
E2L5_CGATGCGTCGAACGGA,B cell
E2L3_TCCTAATTCATGCTAG,B cell
L3_CATGAGTCAAGAGGTC,CD161+ memory T cell
E2L1_GTCTGTCTCGATGCTA,B cell
E2L3_GAGGCAAAGAAAGTCT,Proliferating NK cell
E2L5_GGGACAAAGAATGTTG,CD14 monocyte
E2L5_CTACAGACAGCAAGAC,Plasma cell
E2L1_CTACGGGAGTGCCGAA,NK cell
E2L4_TTGCTGCAGACGGATC,Naive CD4 T cell
L1_CGGGACTGTAACGTTC,Memory CD4 T cell
L3_CAGTTAGTCTCCCTAG,Naive CD4 T cell
L2_ATCGGATCACTAGGCC,Cytotoxic NK cell
E2L5_TCAGTTTTCCATAAGC,CLEC9A dendritic cell
E2L5_AAGATAGTCCCGATCT,Cytotoxic CD8 T cell
E2L1_GATCATGTCCTATTTG,CD1C dendritic cell
L1_TCAGGTACACTGCTTC,Memory CD4 T cell
L3_TCCGAAACACCGTGGT,Erythroid cell
L3_TCCCAGTAGGACGGAG,Hematopoietic progenitor cell
L5_AAGCGAGGTTTCGGCG,CD161+ memory T cell
E2L3_CACTGAAAGTAACGTA,Proliferating NK cell
L4_GCCTGTTTCCGATCTC,Gamma delta T cell
E2L2_TCCTGCATCGCTTACC,Naive CD4 T cell
L1_AGGTAGGCATCCTAAG,Hematopoietic progenitor cell
L5_GAGGGATGTACCCGCA,Memory CD4 T cell
E2L5_GCTGAATAGAGTCAGC,CD1C dendritic cell
L3_TTTCCTCCACGAGGTA,Cytotoxic NK cell
E2L1_GAGGGTACACTGTTCC,B cell
L3_TGATCTTTCGGCCCAA,Naive CD4 T cell
L2_CTAACTTTCACCATCC,Memory CD4 T cell
E2L6_CCTTCAGGTAGCCAGA,Plasmacytoid dendritic cell
E2L7_TAGGAGGTCCAGTGCG,Naive CD4 T cell
L3_GATCCCTGTTAGGACG,Plasma cell
L5_GATAGAATCACTGATG,Memory CD4 T cell
E2L1_AACCTGACAAGGTCGA,Cytotoxic CD8 T cell
E2L1_GATTGGTAGATTACCC,Naive CD4 T cell
L4_CCACGTTGTTGGACTT,Naive CD4 T cell
L3_ATCGTCCTCTCACGAA,Hematopoietic progenitor cell
L1_CAATACGCAAGACCTT,Memory CD4 T cell
E2L8_TCTCAGCGTGTCCACG,CD161+ memory T cell
L2_TACGGTACACCTGCTT,NK cell
E2L4_CCACGAGTCGACGACC,Proliferating NK cell
L1_AAATGGAGTAAGGTCG,CD161+ memory T cell
E2L6_GGGATCCAGGTATAGT,Platelet
E2L7_GTGCTTCTCCGGACGT,B cell
E2L2_TCATCCGCATCATTGG,Cytotoxic NK cell
L4_AGTTCCCCATCCAATG,Cytotoxic CD8 T cell
L5_GGAGGTACAGATTCGT,Hematopoietic progenitor cell
E2L1_GAATCGTTCGAGGCAA,Cytotoxic CD8 T cell
L4_CAACCTCAGTCTAACC,Plasma cell
E2L3_ATCACTTTCAAAGCCT,Plasma cell
E2L3_TCGGGCAGTTCCTTGC,Proliferating NK cell
L4_TGCAGTATCACTCACC,FCGR3A monocyte
L4_TGGTACAGTGCATGTT,Naive CD4 T cell
L5_CTGATCCCAGCACGAA,Naive CD4 T cell
E2L6_GGCAGTCCAACCCTAA,Memory CD4 T cell
E2L6_CGCGTGACAGTTGTCA,Memory CD4 T cell
E2L7_GTGTGGCAGGAGACCT,FCGR3A monocyte
L3_CCACTTGCAACCCTCT,CLEC9A dendritic cell
L1_TGACGCGCAGTAGTTC,Cytotoxic CD8 T cell
L4_TCCACCATCGTAACTG,CD14 monocyte
E2L7_CAGATACGTGTGCCTG,B cell
L5_GCAGCTGCAGCGGTCT,Naive CD4 T cell
L5_TCTTGCGAGACTTCGT,GZMK+ CD8 T cell
E2L6_GACACGCAGATGACCG,B cell
E2L3_TGATGGTGTGAACTAA,CD14 monocyte
L4_TGCGGCAAGACCATTC,Plasma cell
E2L7_AGATCGTGTCCTTAAG,Cytotoxic CD8 T cell
E2L6_CGATGCGGTACTTCCC,Naive CD4 T cell
E2L4_ACGGAAGGTATTGGCT,B cell
E2L1_CTACATTCAAGATTGA,Naive CD4 T cell
L5_CAAAGAACACCCTATC,Proliferating NK cell
L1_GAAATGAAGGCCATAG,Cytotoxic CD8 T cell
L4_GTGTGGCTCGCTTGCT,Naive CD4 T cell
L5_ATTGGGTGTGGCTACC,Memory CD4 T cell
E2L5_ACCCTTGCAAGAGAGA,CD161+ memory T cell
E2L4_CTACCTGCATGCAGCC,Platelet
L5_CTAGACAAGGGTATAT,Memory CD4 T cell
E2L8_AGAAGTAAGGCTAACG,B cell
E2L3_AGAAATGGTCCCGGTA,Plasmacytoid dendritic cell
E2L6_ACAAAGACAAGTGATA,Naive CD4 T cell
E2L5_TCTAACTAGTGCACTT,Proliferating NK cell
E2L4_AAGCATCGTGAGAACC,Plasmacytoid dendritic cell
E2L3_CGCATAACATAAGCAA,CD14 monocyte
L3_CCACCATGTCTTCCGT,Proliferating NK cell
E2L2_AGATAGAAGTAGCATA,CLEC9A dendritic cell
L4_AGGTTACAGTCGTCTA,Cytotoxic CD8 T cell
E2L7_TACAGGTTCACCATGA,Memory CD4 T cell
L2_TTTAGTCGTTACAGCT,CD161+ memory T cell
E2L4_GGGAGATTCCATCACC,B cell
E2L6_GAGGGATGTCTGCGCA,Memory CD4 T cell
E2L3_ATGAGGGCAAACCGGA,Naive CD4 T cell
E2L4_TCCAGAATCGTTTACT,Platelet
E2L4_GTTTACTTCTCTGAGA,Naive CD4 T cell
L2_AGTGATCCACGATAGG,Cytotoxic CD8 T cell
E2L4_CCGATCTAGAGTCTTC,CD161+ memory T cell
L2_TGAATCGCAGCGTGCT,Naive CD4 T cell
L1_CACCGTTAGTATTAGG,Proliferating NK cell
E2L5_TCAGCCTTCAAGCCTA,Plasmacytoid dendritic cell
L2_GTACAACGTTATGTCG,Naive CD4 T cell
L1_TCGGGCAAGCACCGAA,Naive CD4 T cell
E2L2_TAGTGCAGTAGCTGAG,B cell
E2L3_GTGCTGGCAGGACTAG,Plasmacytoid dendritic cell
L4_TATATCCAGTAGATCA,GZMK+ CD8 T cell
E2L4_TTGAGTGAGACATAGT,Proliferating NK cell
L4_TCGCACTAGAGGTCAC,Naive CD4 T cell
E2L1_GTGTTCCAGCCTCCAG,B cell
L5_TCTAACTTCCGCACGA,Naive CD4 T cell
L5_ACGATGTAGAATAACC,Naive CD4 T cell
E2L3_GGAGCAAAGAGACAAG,CD1C dendritic cell
E2L5_CAGGCCACATAACGGG,Plasmacytoid dendritic cell
E2L6_TAGACCATCAGTCATG,Cytotoxic NK cell
E2L4_ATTCGTTAGGTGCATG,Proliferating NK cell
E2L8_CTATCTACATGGGATG,Naive CD4 T cell
E2L7_ATGGGAGTCACATCAG,CD14 monocyte
E2L2_TAAGCACAGCTTCTAG,Plasma cell
E2L2_CTGCCATGTTGCATGT,GZMK+ CD8 T cell
E2L4_TCACTCGCAGAGGTTG,Memory CD4 T cell
L4_TGCTCCACAAATCGTC,CD161+ memory T cell
E2L2_GCATCTCCAGAGAAAG,Naive CD4 T cell
L4_GTTCTATCAAGGATGC,Naive CD4 T cell
E2L4_CCTACGTAGCAAGGAA,Plasmacytoid dendritic cell
L5_CGGGCATAGCCTGGAA,Cytotoxic NK cell
E2L2_TTCACGCAGGCTCACC,FCGR3A monocyte
L5_CTGGCAGTCCGCACTT,Naive CD4 T cell
L1_AAATGGAGTTCAGCGC,Naive CD4 T cell
E2L4_CACTGGGGTTGTGCAT,B cell
L3_AGTTCCCTCGATGGAG,Naive CD4 T cell
E2L2_GGGTGAAGTCCACTTC,NK cell
L5_AGGTCTAGTGAGAACC,CD14 monocyte
L1_AGATCGTGTTATGGTC,B cell
L2_CATGGATCAGGTCCCA,Naive CD4 T cell
E2L4_GTTTACTGTCGATTCA,B cell
L2_AATTTCCGTGTCACAT,Cytotoxic CD8 T cell
L2_GTCCTCAGTATAATGG,CD161+ memory T cell
E2L1_TGGAACTGTCGGTACC,Plasma cell
L2_TCCAGAATCCGATGTA,Memory CD4 T cell
E2L8_GTGGCGTTCCGCAACG,Proliferating NK cell
E2L6_TATGTTCAGTAAGGGA,NK cell
E2L6_GTTATGGGTGAGTAAT,Memory CD4 T cell
L4_TATCAGGCATGTGTCA,Hematopoietic progenitor cell
L1_AATTCCTCACGGTGAA,Memory CD4 T cell
E2L2_TACCCGTTCTTTGATC,Cytotoxic NK cell
L1_CCAATGAAGCAAATCA,Naive CD4 T cell
E2L1_GTTCGCTCATCTGGGC,Plasmacytoid dendritic cell
L1_AGGCCACAGGTAGGCT,Hematopoietic progenitor cell
L4_GTACAGTAGAACGCGT,B cell
E2L7_AGTACTGAGGCCTTGC,NK cell
L5_TATTGCTCACTAGAGG,Erythroid cell
E2L6_GCTTGGGCAAGTGCAG,Plasmacytoid dendritic cell
L1_GTCTAGATCCGAGGCT,Plasmacytoid dendritic cell
L4_GCGGAAATCTATACTC,Plasmacytoid dendritic cell
L4_GATCAGTTCACCGGGT,Erythroid cell
L4_AGGTAGGCACGGGCTT,Naive CD4 T cell
L1_GACAGCCGTGCCGGTT,Cytotoxic CD8 T cell
E2L8_AACAAAGGTTCGCGTG,Cytotoxic CD8 T cell
E2L2_ATTACCTAGCACTGGA,Cytotoxic NK cell
E2L3_ACGTTCCAGTCAACAA,CD14 monocyte
E2L4_TAACCAGAGGAACGCT,Cytotoxic CD8 T cell
E2L1_GACTGATTCACCGACG,B cell
E2L8_AGTGTTGCAGCTCATA,NK cell
E2L6_GGAAGTGCACGCGTGT,CD1C dendritic cell
L2_TACAACGCAAGCGGAT,Naive CD4 T cell
L1_CGTGTCTCATTGACCA,Memory CD4 T cell
E2L1_GTTGTGATCTTCTCAA,Cytotoxic CD8 T cell
L4_GGTAATCTCGAACCTA,Erythroid cell
E2L8_TTCGGTCAGCATGCAG,Memory CD4 T cell
E2L4_TACCCGTAGGTTGCCC,Naive CD4 T cell
E2L5_ATTCAGGGTCGCGTTG,FCGR3A monocyte
L1_TGTAACGTCTTACGTT,Cytotoxic CD8 T cell
E2L2_CCTCTAGGTGACTGAG,B cell
L1_GATTGGTCATCACCAA,CD1C dendritic cell
L4_TACCTGCGTTCCACAA,Naive CD4 T cell
E2L7_CTCAATTGTCGAGCTC,Memory CD4 T cell
E2L2_TCTGCCAGTCTAGTGT,CD14 monocyte
L3_GGGTAGACAAGTGATA,Naive CD4 T cell
L3_TGCTCCAAGATGATTG,Cytotoxic CD8 T cell
L1_CTCCAACGTGTGTGGA,Naive CD4 T cell
E2L6_TTCTAACCAATTCGTG,Naive CD4 T cell
L2_CTACTATCAAGTACCT,Cytotoxic NK cell
E2L5_GGCTTGGCATATTCGG,Plasma cell
E2L2_GTAATGCCAGCCGGTT,Cytotoxic CD8 T cell
E2L8_GTTGAACAGGGCTAAC,Cytotoxic CD8 T cell
L2_TAAGTCGTCTCCTACG,Naive CD4 T cell
E2L7_CATGAGTTCTGGTCAA,Platelet
L5_TAACACGAGCTCGCAC,B cell
E2L4_GTTGTAGAGGGCTGAT,Memory CD4 T cell
L4_GCACGGTAGGTGGTTG,Naive CD4 T cell
E2L8_CGTGTCTCAAGGCCTC,Platelet
E2L2_GAGTCATAGTAGTCAA,Platelet
E2L3_TGTTCTACAGGACGAT,B cell
L2_CAGCACGCAAGACCGA,CD161+ memory T cell
E2L7_GTAGTACTCTCTTGCG,CD161+ memory T cell
E2L5_ACTTTGTGTTCTATCT,Plasmacytoid dendritic cell
E2L3_CACCAAAAGAAGCCTG,CLEC9A dendritic cell
E2L5_CATCGTCCATAATGAG,B cell
E2L6_ATCCGTCCATCCGTTC,CD1C dendritic cell
L4_TAGATCGCACGCTATA,Hematopoietic progenitor cell
L4_ATCATTCTCTATTTCG,Naive CD4 T cell
L2_GGGCGTTCAGGACATG,Platelet
L5_GATCCCTGTATGAGGC,Memory CD4 T cell
L4_TATCTGTTCAGCGCAC,Proliferating NK cell
E2L1_CCGGACAGTTGACTGT,NK cell
L2_CTCTCGAAGCAGGGAG,Proliferating NK cell
E2L4_GTTGTCCAGTCATCCA,B cell
L2_GGTTAACGTCTTGTCC,Hematopoietic progenitor cell
E2L4_TCACATTCAACAACAA,CLEC9A dendritic cell
L5_GAAATGAGTAAGGCTG,Plasma cell
L5_CTCCCAAAGCAGATAT,Naive CD4 T cell
E2L6_AATGGAACAGCTTTGA,Cytotoxic CD8 T cell
L3_TCCGGGAGTACCTAGT,Hematopoietic progenitor cell
L5_GTCCTCACAAGATCCT,Naive CD4 T cell
E2L2_TGTCCTGGTCTAACTG,B cell
L1_ATCACTTGTCAACGCC,B cell
L2_CACCGTTTCGAAGTGG,Hematopoietic progenitor cell
E2L3_TATCAGGGTTGGTACT,Naive CD4 T cell
L1_CGATCGGGTACTCGCG,Memory CD4 T cell
L2_AAGACAATCGAGAGCA,B cell
L4_CAACGGCCAATAGTAG,Naive CD4 T cell
L2_GGTCACGGTTAAGGAT,Memory CD4 T cell
E2L5_CCACACTTCACCGGTG,Naive CD4 T cell
E2L6_CCTTGTGAGCTCGGCT,Memory CD4 T cell
E2L5_TCTATCAAGCTTTGTG,Memory CD4 T cell
E2L3_GTCTAGAGTAGCTGTT,Proliferating NK cell
E2L2_GCCATTCCAGAAATCA,Proliferating NK cell
L2_CGCGTGACACGAAGAC,Naive CD4 T cell
E2L8_GGGATGAGTGGCAGAT,Cytotoxic CD8 T cell
L1_TCCCATGAGGAATGTT,CLEC9A dendritic cell
E2L8_GACTGATCAATGGGTG,Platelet
E2L7_TCAAGCAGTTCATCGA,Plasma cell
L4_TCTGCCATCGAGTACT,Naive CD4 T cell
L1_CGGCAGTGTGCCAAGA,GZMK+ CD8 T cell
E2L4_AGTAGCTTCGTCAAAC,Proliferating NK cell
E2L8_CGCATGGGTAGCCCTG,Erythroid cell
E2L5_TGAGCGCTCACTCCGT,Plasmacytoid dendritic cell
E2L5_ATGAGGGCAGGAAGTC,Memory CD4 T cell
L3_TTTGGTTGTCTAGTGT,NK cell
L1_AGACAGGTCTTCCCGA,Hematopoietic progenitor cell
E2L6_GTTATGGCAAATACAG,Cytotoxic CD8 T cell
E2L2_TTTCGATCAGCAGTGA,Plasma cell
L1_GAAGGACGTCAGACGA,Naive CD4 T cell
L5_GAAGCGAGTCATACCA,CD161+ memory T cell
E2L3_GGCAGTCCAGATGCGA,Memory CD4 T cell
L2_GCTGGGTGTGTTCAGT,Plasma cell
L5_ATGAGTCGTACGACTT,Naive CD4 T cell
E2L5_AAAGTGAGTAACCCTA,Plasmacytoid dendritic cell
L1_AAACGCTGTGCTCGTG,Naive CD4 T cell
L3_TCTCAGCGTAGGCTCC,Cytotoxic CD8 T cell
E2L8_AGTCAACCAGGAATAT,Proliferating NK cell
E2L1_CACTGTCTCTCGGGAC,Naive CD4 T cell
L1_GAGCTGCGTTACAGCT,CD161+ memory T cell
E2L2_CATAGACCATGCTGCG,Platelet
L4_TAAGCGTTCTTCGTAT,Naive CD4 T cell
E2L5_CAACCAAAGGGATGTC,NK cell
E2L7_CGGAATTTCGTTCTCG,Cytotoxic CD8 T cell
L2_CACTAAGTCTATGTGG,Hematopoietic progenitor cell
E2L5_CATTTCAGTTCGTTCC,Plasma cell
E2L6_TAGGGTTAGCTAAACA,CD1C dendritic cell
L3_ACTGCAAGTAGCTGCC,Naive CD4 T cell
L2_TTCTTCCAGGTTACCT,B cell
L2_GTCTAGAGTTCGTTCC,Naive CD4 T cell
L5_TCATCCGCACTAGGCC,B cell
E2L2_TAAGTCGAGTAGGGTC,Plasmacytoid dendritic cell
E2L1_TTCCACGCAGTAGAGC,Plasmacytoid dendritic cell
L1_CCGATGGCAACTTGCA,Naive CD4 T cell
E2L2_GTCGTAACAAGGCGTA,Naive CD4 T cell
L2_TGCGGCACAACCACAT,NK cell
E2L8_CCCGGAATCGGCTGTG,Low-quality cell
L4_AACTTCTGTAGGACTG,Cytotoxic CD8 T cell
E2L3_CCGGGTATCCGGCAGT,B cell
E2L4_CTAACCCTCTTACGGA,Memory CD4 T cell
L1_TTGGTTTCAGTCACGC,Memory CD4 T cell
E2L4_TTCCTAACAGTCGTTA,FCGR3A monocyte
L1_TCAGCAAAGCTCCCTT,Hematopoietic progenitor cell
L3_CAATTTCGTGAGCTCC,Hematopoietic progenitor cell
E2L2_TTCATTGAGTAGAATC,Plasmacytoid dendritic cell
E2L3_GTTATGGTCTTTCAGT,Cytotoxic CD8 T cell
E2L8_TGCTTCGGTGCATCTA,B cell
L4_TTTCCTCTCCGTGTGG,Naive CD4 T cell
L1_TCAGTTTAGTCTAGAA,Cytotoxic CD8 T cell
E2L7_GTGAGCCAGGCAGGGA,Memory CD4 T cell
E2L1_GGGTCACGTAATCAAG,Platelet
L2_TCGGGTGCAGCACACC,CD161+ memory T cell
L4_GTGCTGGAGAATCGAT,Naive CD4 T cell
E2L6_CAACCTCCACTGCGTG,Plasmacytoid dendritic cell
L2_GAGACTTAGTTGGAGC,Plasma cell
E2L3_TCTACATTCCTTTGAT,Cytotoxic CD8 T cell
L1_GAGTTTGAGACGAAGA,Memory CD4 T cell
E2L3_CCTGCATCAAGAAACT,Memory CD4 T cell
L4_AACAAGAAGACTAAGT,Cytotoxic CD8 T cell
L5_GGGCTCAGTTACGGAG,Proliferating NK cell
L4_TCTTCCTTCTGGTGCG,CD161+ memory T cell
L5_AAACGCTGTCGTCATA,CD1C dendritic cell
E2L4_GTCGAATGTGGTCTCG,Plasmacytoid dendritic cell
L1_ACCTGTCGTATGAGCG,Platelet
L4_GTCCACTTCAATCTTC,Naive CD4 T cell
L5_CAGGTATGTGAATTAG,Cytotoxic CD8 T cell
L3_GCATGATTCGGTCTGG,CD161+ memory T cell
L2_CCTAAGATCTAACACG,CLEC9A dendritic cell
E2L5_TTTAGTCGTTAACCTG,Memory CD4 T cell
L2_CATCCACCAATCCAGT,Naive CD4 T cell
E2L5_GTCACTCTCCCAATAG,B cell
E2L6_AACACACTCCACTGAA,CD14 monocyte
L1_CGGGTGTGTAGTGTGG,Naive CD4 T cell
L3_AGCTACAGTGGTTCTA,FCGR3A monocyte
E2L4_GTTACCCGTATTCCGA,NK cell
E2L3_AACCATGCAACTGCTA,Cytotoxic CD8 T cell
L5_TCTCAGCCACAGCCTG,Plasma cell
L5_TTTCACATCCTTATCA,Naive CD4 T cell
E2L4_AAGATAGAGAGGTATT,CD14 monocyte
L2_TTTCATGTCCAACTAG,Proliferating NK cell
L4_CTCCCTCTCGATTGAC,Plasmacytoid dendritic cell
E2L1_TCGGGCATCCTCTAGC,Gamma delta T cell
L1_AACAAAGAGGGAGAAT,CD1C dendritic cell
L1_CCCTGATGTGTCCGTG,Memory CD4 T cell
L3_TGGGAGATCAAACCTG,Erythroid cell
E2L8_AGGCCACCATTGACAC,Cytotoxic CD8 T cell
E2L2_TCTGGCTTCGCAGTCG,B cell
E2L7_CCTATCGGTGAGAACC,B cell
E2L1_CGTTCTGGTCAAGTTC,Cytotoxic CD8 T cell
L4_ACCCTCATCACTGTTT,Plasma cell
E2L5_TAGACTGTCTGCGGGT,Cytotoxic CD8 T cell
L3_CGAGGCTCAGTGTATC,CD161+ memory T cell
E2L3_CACGGGTCACGGTAGA,Naive CD4 T cell
E2L3_GTTGCTCTCCGTTGAA,Memory CD4 T cell
L1_AATGCCAGTCTGCAAT,Naive CD4 T cell
E2L7_CTTCAATAGAAGTATC,Cytotoxic CD8 T cell
L5_AGAGAATTCGAACCTA,NK cell
L5_CCCTTAGTCGCCAGTG,Plasma cell
L3_AGGACGAGTATCACCA,CD161+ memory T cell
L3_TTCCGGTTCTCATGCC,Cytotoxic CD8 T cell
L1_CTAACCCTCGGCAGTC,Naive CD4 T cell
E2L2_TGGAACTCACTTGGGC,Platelet
E2L2_GGGTGTCCACGAGGTA,Memory CD4 T cell
L5_TGACAGTTCTCATGCC,Cytotoxic NK cell
L4_GGAGAACCACCTGTCT,Memory CD4 T cell
L3_CCACAAAGTGAGCAGT,Naive CD4 T cell
E2L3_CCAATGATCTAATTCC,B cell
E2L1_CCGTGAGCACAAGCAG,Memory CD4 T cell
E2L1_TCATTGTTCTGCATGA,Plasmacytoid dendritic cell
E2L7_TTTAGTCCAAAGAACT,B cell
L3_TGGGTTATCGACGAGA,B cell
E2L5_TCTAACTTCCTCGCAT,Hematopoietic progenitor cell
E2L2_CCGCAAGGTTCCGTTC,B cell
E2L2_GAGTGAGTCGAGTGGA,Memory CD4 T cell
E2L2_AGTGACTGTCGACTTA,CD161+ memory T cell
E2L5_CAATGACTCTAGACCA,Gamma delta T cell
E2L2_ATTCCTAAGACAACTA,Cytotoxic NK cell
L1_GGCAGTCTCACTGGGC,Naive CD4 T cell
E2L4_AACCACAAGTACAGCG,Platelet
E2L1_AAGTGAACACATTCGA,B cell
L2_GTGAGTTCAGGTGAGT,Hematopoietic progenitor cell
E2L2_CTTCCTTAGGTTAAAC,Platelet
E2L2_CGAAGGAAGACCTCAT,Cytotoxic CD8 T cell
E2L8_TGGGAGAAGGCACCAA,Platelet
E2L3_CAGCACGTCGACACCG,Cytotoxic CD8 T cell
L5_GTAGAAATCCGCTTAC,FCGR3A monocyte
E2L5_TACTTACGTGATGGCA,Proliferating NK cell
E2L6_TCCACGTGTCTATGAC,B cell
L2_ATTTCACAGCATACTC,FCGR3A monocyte
E2L5_CGTCAAAAGTTGGAAT,B cell
E2L3_ATGGAGGAGAGATTCA,Plasmacytoid dendritic cell
L2_CGTGCTTTCATCTGTT,Cytotoxic NK cell
E2L4_CGAAGTTCACGGATCC,Memory CD4 T cell
L1_CACGAATCAGAAATCA,CD1C dendritic cell
E2L4_ATTACCTCAGATGCGA,Gamma delta T cell
L2_GCACGGTGTCAGTTTG,Hematopoietic progenitor cell
L5_CTCCCTCCACATTCTT,Plasma cell
L5_TGAGCATTCCGAACGC,Naive CD4 T cell
L2_ATGCATGAGTGGATAT,Naive CD4 T cell
L5_GGTGATTGTTCAAGGG,Hematopoietic progenitor cell
L3_CAGCAATAGGAGACCT,Memory CD4 T cell
L3_CCCTCTCTCCCTCATG,FCGR3A monocyte
L4_GGACGTCCAGCGACAA,Naive CD4 T cell
L5_TAACTTCTCAAGGCTT,CD161+ memory T cell
L4_GAAGTAATCGGATAAA,Naive CD4 T cell
L4_TTCCAATAGGCAGGGA,FCGR3A monocyte
E2L3_GAAGCGAAGCACTAAA,CD14 monocyte
E2L1_TCTAACTCACAACCGC,B cell
E2L4_GGTAACTCACCAGGTC,Platelet
E2L1_AGGGCTCGTAACATGA,B cell
L4_TCATTGTAGGTGTGAC,FCGR3A monocyte
E2L3_CTTCAATGTAAGATAC,Naive CD4 T cell
E2L5_AATGAAGGTAAGTTAG,Proliferating NK cell
E2L8_CGATCGGTCAGCTAGT,Cytotoxic CD8 T cell
E2L8_AAGTGAAAGAAACTGT,Memory CD4 T cell
L4_TCTCTGGAGGAATGTT,Cytotoxic CD8 T cell
E2L8_AGGGCTCTCTGTTCAT,Plasmacytoid dendritic cell
E2L4_TGGAGAGGTGGACTAG,Cytotoxic CD8 T cell
E2L1_ACTTATCTCACACGAT,Platelet
E2L8_TCGTAGATCCGGTAGC,B cell
E2L5_CCGATGGAGACCAACG,Cytotoxic CD8 T cell
L5_TATCTGTCAGTAACAA,Platelet
L3_GGGCGTTCACCCTAGG,Naive CD4 T cell
L3_CGGGCATCATGGAACG,Cytotoxic NK cell
E2L5_ACTGTGACAAAGGATT,B cell
L2_CCTCACAAGTATCCTG,Cytotoxic NK cell
L4_GCAACCGGTACTGGGA,Naive CD4 T cell
E2L3_TATACCTTCTGGCCGA,NK cell
E2L6_GAACTGTAGATGGCAC,Naive CD4 T cell
E2L6_GAGCCTGTCCCGAAAT,B cell
E2L1_AAAGTGAAGATACAGT,NK cell
E2L7_ATTCACTCAATCGCGC,NK cell
L5_TAGACCAAGGTACATA,Cytotoxic CD8 T cell
L2_CATGCTCTCTGTCTCG,CD161+ memory T cell
E2L1_GATGACTCATACGCAT,Naive CD4 T cell
E2L2_AGAACCTAGTTCTCTT,B cell
L1_CATGCGGTCGTTAGAC,Plasma cell
E2L3_ATGGATCAGTTCTCTT,Gamma delta T cell
E2L4_GTGCTTCGTGTCATCA,Gamma delta T cell
L5_TGCTCGTTCTCACTCG,Hematopoietic progenitor cell
E2L6_GGAATGGGTTCAAAGA,Cytotoxic CD8 T cell
E2L1_TCAGTCCCACAACGCC,CD161+ memory T cell
E2L6_TCGATTTGTACACGTT,FCGR3A monocyte
E2L5_CCACTTGTCCCGAGAC,Cytotoxic CD8 T cell
E2L3_ATCGTGACAGCACGAA,Cytotoxic CD8 T cell
E2L8_AGACACTCAAGTCCAT,Plasmacytoid dendritic cell
L4_AAGCGTTGTCGGCCTA,Memory CD4 T cell
L4_GTGTGATTCAAGGCTT,Naive CD4 T cell
E2L7_ACTTCCGAGGTTAAAC,B cell
L4_CTCAGTCGTCGGATTT,CD161+ memory T cell
E2L5_GCCATTCAGCTCAGAG,Naive CD4 T cell
L1_TTGACCCGTATGGTTC,Naive CD4 T cell
L5_ATTCGTTTCTGCTTTA,CD161+ memory T cell
L2_ATTATCCTCCCTCAAC,Plasma cell
L3_AATGGAATCGCAGTGC,Proliferating NK cell
E2L5_CAGAGCCTCCTTATAC,Cytotoxic CD8 T cell
L3_GGGATGACAGACACCC,Naive CD4 T cell
L3_TGTGATGAGACAAGCC,CD161+ memory T cell
E2L7_GAATCACGTACCACGC,B cell
L3_TACCGGGAGAGCTGAC,Memory CD4 T cell
E2L7_TCGCTTGAGTATGTAG,Proliferating NK cell
E2L2_GCGGAAACAGCCCAGT,FCGR3A monocyte
E2L1_CACATGAAGGTACATA,B cell
E2L6_TTTAGTCGTCTTCCGT,CD161+ memory T cell
L3_TATATCCCAGGGACTA,CD14 monocyte
E2L7_AGCTCAAGTAGGCTGA,CD14 monocyte
L5_AGAAGTACACTTGACA,Naive CD4 T cell
E2L6_CAGCGTGAGTGGAATT,Naive CD4 T cell
E2L8_TCCGTGTCATGGCACC,Cytotoxic CD8 T cell
L2_TGGGATTCATGTGCTA,B cell
L2_GTTCCGTCAAAGCTAA,Proliferating NK cell
E2L2_GGTTGTAGTTTCGTGA,Plasma cell
L5_AATTCCTAGAACGCGT,Proliferating NK cell
E2L2_CAGCACGAGTTAGTGA,Naive CD4 T cell
L4_CGAATTGGTCTTGTCC,NK cell
L1_CGGAATTAGGATATGT,Memory CD4 T cell
L4_CCCTCAAGTAGATCGG,FCGR3A monocyte
E2L6_TTGTGGACATGGCTAT,B cell
L5_GCCATTCTCTCTCTTC,B cell
E2L7_ACCAAACTCATAGACC,B cell
L3_CACCGTTTCACTTGTT,B cell
E2L1_CCACCATTCATTTACC,Memory CD4 T cell
E2L4_GAATCGTAGGCTAGCA,Naive CD4 T cell
E2L3_GTTGCGGGTGTTAACC,Cytotoxic CD8 T cell
L5_GTGTCCTGTTACCCAA,Naive CD4 T cell
L2_GCAGCCAGTAAGCTCT,FCGR3A monocyte
L5_GCGGATCAGACGGAAA,Memory CD4 T cell
L2_TTCCAATTCTGGACTA,FCGR3A monocyte
L4_ATGGGTTTCTGCACCT,Cytotoxic CD8 T cell
E2L1_CTCCATGCACTTACAG,Cytotoxic CD8 T cell
E2L7_TCATGGAGTTGCTCAA,Plasma cell
L4_GCCAACGCATAATGCC,Hematopoietic progenitor cell
E2L7_TTCGCTGCAGCTTTCC,Memory CD4 T cell
E2L2_TGATTTCCACTATCCC,CD161+ memory T cell
L3_CCACAAAAGAGGGCGA,Erythroid cell
L2_CGGAACCAGCCTGGAA,Plasma cell
E2L4_CTAGGTATCATAAGGA,Platelet
E2L7_CTCATGCAGTCGTCTA,CLEC9A dendritic cell
E2L2_CTCTGGTCACGGCTAC,B cell
L3_TATTGGGCAAGCGGAT,Memory CD4 T cell
E2L2_TTGTTCAGTTGATCGT,FCGR3A monocyte
E2L2_ATAGAGACACGTTGGC,Memory CD4 T cell
L1_AAAGGGCTCGTTACCC,Plasma cell
E2L2_CTCCTTTAGATAGGGA,B cell
E2L8_GCATCGGCACAAAGTA,Plasma cell
E2L5_GGAAGTGTCCTGCCAT,FCGR3A monocyte
E2L2_GTGGCGTTCGACATAC,Memory CD4 T cell
E2L2_GGGTGTCAGGCTGGAT,Cytotoxic CD8 T cell
E2L7_TTTACCATCAGAGTTC,Platelet
L3_CCAAGCGTCTAAGGAA,Proliferating NK cell
E2L2_CTCGAGGGTACAGTAA,Naive CD4 T cell
E2L6_AAAGAACTCAGACCTA,B cell
E2L2_AGGGTCCGTCAGGAGT,FCGR3A monocyte
E2L6_GGTGAAGCAGACCAGA,Memory CD4 T cell
L5_GGACGTCCAGGACAGT,CD161+ memory T cell
E2L5_ACCAAACTCTTCTAAC,Plasmacytoid dendritic cell
L4_CATGCGGAGTTAGAAC,Proliferating NK cell
E2L1_AATCGTGTCTGCGATA,Memory CD4 T cell
E2L3_TCACGGGCACACCGCA,FCGR3A monocyte
E2L7_ATTTCACCAGGCCTGT,NK cell
E2L1_AGAGCAGGTACTTCCC,Plasma cell
E2L2_TCCTAATCATGTCAGT,Cytotoxic CD8 T cell
E2L7_CTCCTTTTCGTAACAC,Cytotoxic CD8 T cell
L4_CCGTTCAGTAGCTTAC,Cytotoxic CD8 T cell
L4_AGTCTCCAGCCACAAG,Hematopoietic progenitor cell
L1_TTGGATGGTAAGGTCG,Memory CD4 T cell
L4_AGGACTTCAGTCTTCC,B cell
E2L4_CTCAATTCAGCGTACC,CD14 monocyte
E2L2_AAAGTGACATAGTCGT,Proliferating NK cell
L4_AGACCCGCAGCTATTG,Cytotoxic CD8 T cell
E2L6_ATAGACCAGCTGAGTG,Memory CD4 T cell
L1_GGGTTTAAGGCAGTCA,Cytotoxic CD8 T cell
L4_CGCAGGTTCACGATCA,Plasma cell
E2L4_TGCAGTATCTTCTAAC,Memory CD4 T cell
L2_ATGCATGGTCGAGCAA,CD1C dendritic cell
E2L4_CGAAGTTGTTTCACAG,Platelet
E2L2_AAACGCTTCATGCCGG,CLEC9A dendritic cell
L4_ATCCCTGCAGACTCTA,Naive CD4 T cell
E2L8_ATGCCTCAGCACGATG,Platelet
E2L3_CCGGTGAGTGTACATC,Memory CD4 T cell
E2L7_GTCTGTCAGGACTATA,Cytotoxic NK cell
L3_GGGTCTGGTGCCCACA,NK cell
L4_CTAACCCAGTGTTCAC,B cell
L3_CGGGCATGTTGTAAAG,Naive CD4 T cell
L3_ACGTAGTCAGACAATA,Hematopoietic progenitor cell
E2L4_CACAGATAGGATTTGA,CD14 monocyte
L1_TGGATCAAGCTGGCCT,Naive CD4 T cell
L3_TAAGCCATCGACCAAT,NK cell
L4_ACAGAAATCCATACAG,Naive CD4 T cell
E2L2_CTACCTGAGCCATTTG,NK cell
L2_CATCGTCAGCCATATC,Naive CD4 T cell
L3_CTGTACCCACAAATCC,Naive CD4 T cell
L3_TTCTGTAAGGTCGAGT,B cell
E2L8_TCATTCACATGTGCTA,Cytotoxic NK cell
E2L8_CTCTCAGCATGCCGGT,Proliferating NK cell
E2L7_CTTCCGAGTGCTCTCT,Proliferating NK cell
E2L8_TATCTGTTCTTGATTC,Cytotoxic CD8 T cell
L4_ACCTGAACAGTAGAAT,Hematopoietic progenitor cell
E2L4_AGAACCTTCGATGCAT,NK cell
E2L2_CGATGCGAGTAGTCCT,NK cell
L1_TGCTTGCAGTAGCATA,Plasma cell
E2L6_CGCGTGATCTGCATAG,CD1C dendritic cell
E2L5_TTCTTCCAGTCGGGAT,Proliferating NK cell
E2L2_CGAAGGAGTTCGGTTA,FCGR3A monocyte
E2L1_CAGATCAAGAACCGCA,Platelet
E2L3_TCGAAGTAGATTGATG,B cell
E2L5_GGGCTCACAACTGCTA,Naive CD4 T cell
E2L2_ACCCAAATCGAGAAGC,CD14 monocyte
E2L4_CCCTTAGGTGATAGTA,Proliferating NK cell
E2L8_TAATTCCCACGGCTAC,Plasmacytoid dendritic cell
E2L7_ATTCAGGGTCACAATC,B cell
L1_AGGGTCCAGCATGTTC,GZMK+ CD8 T cell
L1_ACAAAGATCACTCTTA,Naive CD4 T cell
E2L8_CTGTACCGTCGTCATA,B cell
L1_TCACACCCACGTGTGC,Memory CD4 T cell
L4_GGAGAACTCCTCGATC,Naive CD4 T cell
E2L7_TACTTCAGTCTCTCAC,CLEC9A dendritic cell
L2_GTCAAGTAGCCTTCTC,Cytotoxic CD8 T cell
E2L4_AGGTAGGGTAAGTTAG,Cytotoxic CD8 T cell
E2L4_AAGTGAAGTCCAAAGG,B cell
L3_TGAATGCGTTGCATTG,Proliferating NK cell
E2L4_ACATGCATCGTGGCGT,Memory CD4 T cell
E2L3_CATAAGCAGATCACTC,B cell
L3_GGTTCTCTCATGAGAA,Memory CD4 T cell
L1_GTCACGGAGCGCATCC,Platelet
E2L7_GTAGAGGGTAAGTTAG,B cell
E2L7_TCTATCAGTAGGAGTC,Platelet
E2L3_ATGATCGGTAACGCGA,B cell
L3_GTTAGACGTGATGAAT,B cell
E2L5_CATACTTAGCACTCAT,NK cell
E2L7_AATCGACCAATTGCCA,Platelet
L5_GCGATCGCAAACAGGC,Naive CD4 T cell
L3_CCACGAGGTGGCCTCA,Naive CD4 T cell
E2L1_AACAAAGAGGCACAAC,CD14 monocyte
E2L2_GTGGGAAGTCGAATGG,FCGR3A monocyte
E2L2_CTGCGAGAGCCGTTAT,B cell
E2L3_TTTGGAGCACCAGGTC,Plasma cell
L1_TCAAGTGGTAGTGGCA,Naive CD4 T cell
E2L8_GGGTTATAGCTGTACT,B cell
E2L5_AAAGGATGTCTACAGT,Cytotoxic CD8 T cell
E2L8_GAATCGTAGTAGGGTC,Cytotoxic CD8 T cell
L2_CAACGATCAAGCACAG,Cytotoxic NK cell
E2L5_GATTGGTGTTTGTTCT,CD14 monocyte
L2_AGGCCACCAATGCAGG,FCGR3A monocyte
E2L7_TATTTCGTCCCTAGGG,B cell
E2L2_CTCCCAATCTGCGAGC,Memory CD4 T cell
L3_TTCAGGACATGCAGCC,Memory CD4 T cell
L4_GGGCTCACACTCTGCT,Naive CD4 T cell
L2_ACATCGACACAACATC,Hematopoietic progenitor cell
L4_TAACTTCAGGAGACCT,Naive CD4 T cell
L4_GTGGCGTTCTGTAAGC,Erythroid cell
E2L4_GATCGTATCTCAGTCC,Proliferating NK cell
L1_AACGGGAGTTAAGGAT,Hematopoietic progenitor cell
L3_TATTCCATCCGACAGC,Cytotoxic CD8 T cell
E2L7_TGTGATGGTAGAGACC,Proliferating NK cell
E2L1_GGAGGTATCAACCCGG,B cell
E2L6_TTGGGTAAGAAGTCCG,Memory CD4 T cell
E2L7_TGCAGATAGATGTTGA,B cell
E2L1_TACCGGGCATCACAGT,Cytotoxic CD8 T cell
L5_AACCTGAGTCCACGCA,Cytotoxic CD8 T cell
L5_AACCTGACATCCTGTC,Naive CD4 T cell
E2L6_TTGGATGCATGGGTTT,Memory CD4 T cell
E2L3_TTCACGCAGGTCGTAG,CD14 monocyte
E2L2_AAATGGAGTCTCTCCA,NK cell
L1_GGGACTCCAATAGTAG,Proliferating NK cell
L2_GGAGATGTCCATGAGT,B cell
E2L2_ATGGAGGGTCTACTGA,B cell
E2L8_TCCCACACATGTTTGG,Naive CD4 T cell
E2L4_GTACAGTAGTTCGCAT,Gamma delta T cell
E2L4_TATGTTCGTAGCTTGT,NK cell
E2L5_CCCTAACGTGATTAGA,Cytotoxic CD8 T cell
E2L6_GAAGCCCTCGTCAAAC,Memory CD4 T cell
L5_TCAGTTTTCGGTTAGT,Plasma cell
L2_AAACCCATCGTGCGAC,Memory CD4 T cell
L3_TTTATGCCACCATATG,CD14 monocyte
E2L4_GTGCTGGGTTTACTTC,NK cell
E2L1_GATGAGGTCGGTCAGC,FCGR3A monocyte
L4_ACGTTCCGTACCGTCG,Naive CD4 T cell
L1_ATGTCTTGTAGAGGAA,Cytotoxic CD8 T cell
L2_CATTGAGCATGTAACC,Cytotoxic NK cell
L1_GACCTTCTCTGGAGAG,Hematopoietic progenitor cell
E2L5_TGCAGATCAGTGTGCC,Naive CD4 T cell
L3_GGTAACTAGATGATTG,Plasmacytoid dendritic cell
L3_ATGAGTCGTCGTTATG,Naive CD4 T cell
E2L2_AGACCATGTTAGTCGT,Naive CD4 T cell
L4_TGTTGAGAGTTTGCTG,Naive CD4 T cell
L3_CCATCACCATAGTCGT,GZMK+ CD8 T cell
L2_TTACCGCAGGGAGATA,B cell
E2L5_CTCAAGAGTGTTATCG,Cytotoxic CD8 T cell
E2L6_CCCTGATAGCGCACAA,Naive CD4 T cell
L1_GCCTGTTTCTCAACCC,Gamma delta T cell
E2L2_TCACGGGTCTTGCAGA,Proliferating NK cell
L5_GTTCGCTAGTACAGAT,Proliferating NK cell
L5_TTTGGAGGTGGTGATG,Hematopoietic progenitor cell
L2_CCGGACAAGTTGCGCC,Plasmacytoid dendritic cell
E2L4_CTGAGCGGTTTGGCTA,Cytotoxic CD8 T cell
L5_AGACAAATCGAACACT,Memory CD4 T cell
L2_TTCTTGAGTACGTTCA,Naive CD4 T cell
E2L5_GATGAGGTCACCGACG,FCGR3A monocyte
L5_TACATTCTCGTCGATA,Memory CD4 T cell
L2_CGACAGCTCACGATCA,Memory CD4 T cell
L4_CCACGTTCAAGATTGA,Hematopoietic progenitor cell
L2_GAAGAATAGCCTATCA,Plasma cell
E2L1_CATCGCTGTAGGATAT,B cell
L4_AATGCCATCAGCTGAT,B cell
L2_CGAGTGCAGCAAGTGC,Cytotoxic CD8 T cell
E2L1_CATGGATAGGACACTG,Cytotoxic CD8 T cell
E2L2_CTCAGGGGTTGGGATG,Cytotoxic CD8 T cell
E2L5_CGGCAGTCAGACCAGA,B cell
L5_ATCATTCCACTTGTGA,B cell
E2L1_GTGCTTCTCTGTGCTC,B cell
L2_CATACTTTCGAATGCT,FCGR3A monocyte
L5_CATTGCCCATGGTGGA,Platelet
E2L3_AAACGAATCTTGGTCC,CD14 monocyte
L3_TGGAACTCACCTGCGA,Cytotoxic CD8 T cell
E2L6_TTGCGTCAGGGCGAGA,Plasmacytoid dendritic cell
L5_TGATTTCAGGTCGTCC,Cytotoxic CD8 T cell
E2L8_CCGGTGAGTGTTAACC,Cytotoxic CD8 T cell
E2L1_CAACCTCCAGTTAAAG,Cytotoxic NK cell
E2L6_CCTCTAGCATCAACCA,Platelet
L2_GAATCGTCAGTTGCGC,Cytotoxic NK cell
L5_TCGTGGGGTATTTCTC,B cell
E2L4_TGTTGAGTCGGAAGGT,Proliferating NK cell
E2L1_AGTTCGAGTCGCACAC,Cytotoxic CD8 T cell
E2L3_TACATTCGTAGGCTGA,B cell
E2L5_TCGCAGGTCACCCTCA,NK cell
L5_CGACAGCCAATCCTAG,Memory CD4 T cell
E2L4_GGTGTCGCAAATTAGG,Plasmacytoid dendritic cell
L1_GTGGTTACAGTAACCT,Hematopoietic progenitor cell
L1_GGAGATGTCATGCCGG,Naive CD4 T cell
L1_CCCGGAAAGCAGCAGT,CD161+ memory T cell
L5_CGTGTCTGTTCGGTAT,CD1C dendritic cell
L3_ATGCGATCAAGATTGA,Cytotoxic NK cell
E2L6_TCAGGTACACGTTGGC,Plasmacytoid dendritic cell
L4_TAGGTACCACCTTCGT,B cell
E2L1_AGCGTATCATGGGTCC,Gamma delta T cell
E2L1_CACCAAAGTTAAGGAT,B cell
E2L8_CAGGTATCAAGGACAC,Cytotoxic CD8 T cell
E2L4_GTGCTGGTCCGTGTAA,Memory CD4 T cell
E2L1_GTTTGGATCCCTCGAT,Naive CD4 T cell
L4_ACGTCCTTCATTGAGC,B cell
E2L3_CCACTTGCAGCTGTAT,CD1C dendritic cell
E2L1_AGAGAGCGTGACCGAA,Memory CD4 T cell
E2L8_TCCCAGTCAAAGAGTT,Platelet
E2L6_GACTGATTCCTCTAGC,Naive CD4 T cell
E2L1_ATCCACCTCCATTCGC,Proliferating NK cell
L4_TTTCAGTGTCACTTCC,Memory CD4 T cell
L1_TGATTCTGTCACAGTT,B cell
E2L5_TACAACGGTACAGGTG,Memory CD4 T cell
L1_GTTTGGAGTCCCTAAA,Memory CD4 T cell
L2_TCGATTTGTCAAGCGA,Naive CD4 T cell
L2_ATCGATGCACAAAGTA,Naive CD4 T cell
E2L2_AAGGTAAAGCTTCATG,Proliferating NK cell
E2L7_AGTACCAGTGGCTGCT,B cell
E2L8_CTTGATTGTGTCTTAG,CD14 monocyte
E2L2_CATCGGGGTTGGACCC,Cytotoxic CD8 T cell
L4_CACTGGGAGTCCCTAA,Plasma cell
L5_GGAGATGAGTTACGGG,Memory CD4 T cell
E2L3_GTGTAACCAGCGATTT,Memory CD4 T cell
L2_ATTTCTGAGACTCCGC,Memory CD4 T cell
L1_ACGTACAGTCCAGGTC,Naive CD4 T cell
L3_CGTGATATCTCATGGA,Naive CD4 T cell
E2L8_TACACCCCAGTTCTAG,Proliferating NK cell
L5_TCATTCACAGAGTCAG,Plasma cell
E2L3_CACCAAATCGGTAACT,Cytotoxic CD8 T cell
E2L1_CTGTGAACAAGATGTA,Naive CD4 T cell
E2L6_TATTGGGCATAGATCC,B cell
L4_TCTGGCTTCGAGATAA,Memory CD4 T cell
L4_TCGAACACAGTTGTCA,Cytotoxic CD8 T cell
L3_TATCTTGCATGACGGA,Plasma cell
L4_GGGAAGTGTGACCTGC,CD161+ memory T cell
L5_CAAGCTAGTCCGGTGT,Memory CD4 T cell
E2L1_TGTTGGAAGCGTTGTT,Plasma cell
L4_TGCACGGGTGATACAA,Cytotoxic CD8 T cell
E2L3_TACAACGAGTGAGGCT,Cytotoxic CD8 T cell
L5_CCTGTTGTCAATGTCG,NK cell
L3_TGTGTGACATCTGGGC,Hematopoietic progenitor cell
E2L1_AGATCCAGTGTATTCG,Proliferating NK cell
E2L6_CATAGACCAACCGACC,CD14 monocyte
E2L3_GTGTGGCTCATTGCCC,B cell
L1_GATGCTATCCTGTACC,Plasma cell
L2_ATCGTCCCAGATACTC,B cell
L2_TCGGTCTGTGGCACTC,Naive CD4 T cell
E2L2_CGTCAAAGTTCTGAGT,Proliferating NK cell
L1_GAAGTAATCAGTGATC,Memory CD4 T cell
L5_CCACGTTCATTGCAAC,Hematopoietic progenitor cell
L1_AGTAGCTTCAATCCAG,B cell
L2_GGGTGTCAGAGTCTGG,Plasmacytoid dendritic cell
L3_CTGGTCTAGGCGAACT,Proliferating NK cell
E2L1_TCATGTTTCATCGGGC,Cytotoxic CD8 T cell
L2_ACATCGAGTTCTCTAT,B cell
L1_TTTCAGTTCCATACTT,Hematopoietic progenitor cell
E2L8_AGACTCATCCGTATGA,CD161+ memory T cell
E2L5_CAAAGAAGTCTTCTAT,CD14 monocyte
E2L2_TGGGCTGCATCGCTGG,B cell
L5_TGAGCGCGTAAGTAGT,Plasmacytoid dendritic cell
L5_AGCGCCACAGGTCAAG,CLEC9A dendritic cell
E2L2_ATTCATCGTGTACGCC,Plasma cell
E2L8_TCAATTCCACCTGCTT,FCGR3A monocyte
E2L1_CTTACCGGTGGGAGAG,NK cell
E2L8_CAATCGACACTCAAGT,Memory CD4 T cell
L3_CAGATCATCACTTATC,CLEC9A dendritic cell
E2L7_GTGTTAGTCTATGCCC,Naive CD4 T cell
L2_CTCCGATCAGGTCAAG,Hematopoietic progenitor cell
E2L1_TTCCTAAAGGCTGAAC,Cytotoxic CD8 T cell
E2L2_AATGCCAAGTATCCTG,Plasma cell
L2_GCAGCCAGTTTGTTCT,Plasma cell
E2L8_ACTTCGCCATGGAACG,FCGR3A monocyte
L2_CAAGAGGGTCGTGATT,B cell
E2L6_CCTACGTAGTATTGCC,Naive CD4 T cell
L5_TATTCCACATAGATGA,Erythroid cell
L5_TCATACTAGCGTATGG,Platelet
L3_GTGGAAGCACAATGCT,CLEC9A dendritic cell
L1_ACTCTCGGTATCGAGG,NK cell
E2L5_CATTGAGGTACCGCGT,Hematopoietic progenitor cell
E2L8_TCCTCCCCACTCCTGT,Cytotoxic CD8 T cell
E2L5_CATGCGGGTGCGAGTA,B cell
E2L7_AACAACCTCATGAGGG,FCGR3A monocyte
L2_GACGCTGAGACATACA,B cell
E2L8_CATGGTATCCTAAACG,Proliferating NK cell
L1_TAGGTACCAGCTGAAG,Naive CD4 T cell
E2L7_CAATTTCAGTCGGCCT,Plasmacytoid dendritic cell
L3_CTGCCTAAGTCCCGGT,B cell
E2L8_TCACTCGGTAGCACAG,CD14 monocyte
E2L5_GTGCTTCGTTTACGAC,B cell
E2L6_TTGGGTACATCAGTCA,Plasmacytoid dendritic cell
L5_ATCCATTTCTTCGTGC,Naive CD4 T cell
E2L2_GATCACATCACGGACC,Platelet
E2L5_GATTCTTAGGAAAGTG,Proliferating NK cell
E2L7_TCACGCTTCAGTGTTG,B cell
E2L1_AGACTCACATAGAAAC,B cell
E2L3_ACCTACCCATGCGTGC,Naive CD4 T cell
E2L4_CTACTATCAGAAACCG,Cytotoxic CD8 T cell
E2L4_TGAGCGCCATGTACGT,B cell
E2L5_TCTAACTTCTGAGCAT,Naive CD4 T cell
E2L8_CAAGCTAAGCCTTGAT,Cytotoxic NK cell
E2L7_CAATTTCGTACACGTT,CD14 monocyte
L4_CAAGCTATCGTCAAAC,Memory CD4 T cell
E2L3_AGGAAATGTCCGACGT,Proliferating NK cell
L4_AAGACAAAGCCATGCC,Plasmacytoid dendritic cell
E2L1_CTGCTCAGTCCTCATC,CD14 monocyte
L1_GTACAACCAATCGCAT,Memory CD4 T cell
L5_AGGACGATCTGCATGA,CD14 monocyte
L3_TAACGACGTGCTCTTC,Proliferating NK cell
L3_ATCACTTTCACGGGAA,B cell
L4_GAGGCAACAGCGTACC,Memory CD4 T cell
L5_TACGCTCAGGTGCCTC,Naive CD4 T cell
L4_CCACTTGCAACGGTAG,Hematopoietic progenitor cell
L2_TGTCCTGAGTCATCGT,Hematopoietic progenitor cell
L2_CAGTTAGTCAGTGTCA,B cell
E2L6_CACTTCGGTTCGGCGT,Cytotoxic NK cell
L5_CGTAAGTTCCTTACCG,Hematopoietic progenitor cell
L3_TATACCTTCCGGCAAC,Hematopoietic progenitor cell
E2L3_CACTGTCCAGGATGAC,Naive CD4 T cell
E2L3_GCCATGGAGGAAGTAG,Naive CD4 T cell
E2L4_TGAGGGACAAAGGAGA,Proliferating NK cell
L4_GAAGGACGTTATGACC,Hematopoietic progenitor cell
L5_CAAGAGGCAATAACCC,Naive CD4 T cell
E2L2_TAGGGTTCAGCTGAGA,Memory CD4 T cell
L1_TTCTCTCAGGATAATC,B cell
L5_TAGGGTTAGGCCCAAA,B cell
E2L8_ACCCTCATCGCTACAA,Cytotoxic CD8 T cell
E2L8_CCGGACAAGAGAGGGC,FCGR3A monocyte
E2L1_TTTGGAGCATGGGCAA,Memory CD4 T cell
L1_CTGTACCAGTTCGCAT,Proliferating NK cell
E2L4_TGGGATTCACTGATTG,Cytotoxic CD8 T cell
E2L6_CCCATTGAGGATATAC,CD14 monocyte
E2L2_CTTTCGGTCGTGTGAT,Platelet
E2L6_CTACCTGTCATAAGGA,Cytotoxic CD8 T cell
L5_GGAGATGCAATACCTG,Naive CD4 T cell
L5_GTCCACTTCCGCAAAT,Hematopoietic progenitor cell
L4_AACCATGGTGTATTCG,NK cell
E2L1_GGGACCTTCCTCTAGC,Cytotoxic CD8 T cell
L5_GTGGTTACATCGGATT,Hematopoietic progenitor cell
E2L8_TGTCCACCATATGAAG,Naive CD4 T cell
E2L7_GAGTGTTGTCGGTACC,B cell
E2L2_GCATTAGCACGCAGTC,FCGR3A monocyte
E2L7_ACATCCCTCTTCGATT,Cytotoxic CD8 T cell
E2L1_CAAGAGGCAGGGTCTC,Plasmacytoid dendritic cell
L2_ACCAACAAGATTGGGC,B cell
E2L8_ATCGTAGAGCCACTCG,Cytotoxic CD8 T cell
E2L2_TGTGGCGAGATCGGTG,B cell
E2L4_TTTGATCAGCCATTGT,CD14 monocyte
L4_CGTCAAACAATGTGGG,Cytotoxic NK cell
E2L6_CTGGTCTCAGGTATGG,FCGR3A monocyte
L2_TCCTTCTTCGCTGTTC,Hematopoietic progenitor cell
E2L4_CATTGTTAGAATTGCA,Plasmacytoid dendritic cell
L5_CAAGACTGTTTGAACC,CD161+ memory T cell
E2L7_GATTTCTCATTAGGAA,NK cell
E2L1_AAGCATCGTAGCGATG,B cell
E2L2_CGAGGAAAGGTAGCAC,Plasmacytoid dendritic cell
E2L1_TTTACGTGTGACTGAG,Cytotoxic CD8 T cell
L5_TTACGTTTCTCCCTAG,CD161+ memory T cell
L2_CATCCGTTCCACAGCG,Cytotoxic CD8 T cell
L3_TCGAAGTCATCCTAAG,GZMK+ CD8 T cell
E2L4_CGAAGTTTCTAGATCG,Cytotoxic CD8 T cell
E2L5_GCTGCAGGTGATAGAT,CD14 monocyte
E2L6_ACCAAACTCTTGGATG,NK cell
E2L2_TACACCCAGCTACAAA,Memory CD4 T cell
L3_CTGAGCGCAGGTTCGC,Plasma cell
E2L3_TCTGTCGAGAGTCACG,Proliferating NK cell
L5_TTGGTTTCACTCGATA,Erythroid cell
E2L2_AGGATCTGTGGCTGAA,Memory CD4 T cell
E2L5_TTTGGTTAGAACGTGC,Proliferating NK cell
E2L4_TGAGTCACACCCTATC,B cell
L3_AGACTCATCCCAGTGG,Naive CD4 T cell
L5_CGAGAAGGTGTGCCTG,CD161+ memory T cell
L3_AGTACCACATCTCGTC,Memory CD4 T cell
E2L2_GACCCTTGTTTGAAAG,CD14 monocyte
E2L7_CTAGACAGTGGATCGA,CD14 monocyte
E2L4_CTCACTGAGAGTCTTC,B cell
E2L7_TTGGGATCACGCTTAA,FCGR3A monocyte
E2L5_CATGAGTTCGCGTGCA,Proliferating NK cell
L5_ACTTTCACAGGACTAG,CD161+ memory T cell
E2L7_TGACCCTCATTCATCT,NK cell
L1_GCTCAAACACTTCATT,NK cell
L2_CCTCAACAGAAGCGCT,Hematopoietic progenitor cell
E2L6_TGGGTTATCAATCAGC,GZMK+ CD8 T cell
L1_GCGATCGCATGTGACT,Naive CD4 T cell
L3_AGTGATCAGTTCCGGC,Memory CD4 T cell
L3_TTCAGGACAGCGTGAA,Memory CD4 T cell
E2L7_TCAGCAAAGAGCTTTC,Cytotoxic CD8 T cell
L3_TCGGATATCTTCGCTG,CD161+ memory T cell
L4_TGGAACTAGTGAGTGC,CD161+ memory T cell
L4_ATTTCACCATACCACA,Memory CD4 T cell
L1_GAATAGACACGGTGTC,Naive CD4 T cell
L3_GTAGATCAGGACGCTA,Memory CD4 T cell
E2L1_GGGACTCCAGATCCAT,CD1C dendritic cell
L1_AGTGACTAGTAACGTA,Proliferating NK cell
L1_ATGTCCCTCCCTCTAG,Naive CD4 T cell
E2L4_TGCACGGCATTGAGGG,CLEC9A dendritic cell
L4_GCTGCAGGTCCACACG,CD14 monocyte
E2L8_AACACACTCTTCCGTG,Plasma cell
E2L1_CGTAATGAGTCATGCT,B cell
E2L7_AGATGAAAGCCACTCG,Naive CD4 T cell
E2L6_TCTACCGCAGTTAGAA,Naive CD4 T cell
E2L6_ATGATCGGTGTGTCCG,Cytotoxic CD8 T cell
L4_AATCACGGTCAGTTTG,Naive CD4 T cell
E2L4_TCGGGACGTCCTTTGC,Cytotoxic CD8 T cell
E2L6_TGACCCTGTGTGAATA,Plasmacytoid dendritic cell
L5_CTTCCGACAAGAATAC,Cytotoxic CD8 T cell
E2L5_GAAACCTTCCTCTGCA,Plasma cell
L5_TCTATCAAGTCGGCAA,Cytotoxic CD8 T cell
L4_CCGTTCACATTGAGCT,CD1C dendritic cell
L1_GGTGTCGCAAGAATGT,Cytotoxic NK cell
E2L2_CCGATCTCAGAAGCTG,B cell
L4_ATTCATCCAGACTCTA,Cytotoxic NK cell
E2L6_AGTCACATCCAATCTT,Plasma cell
L1_GAGTGTTTCCTCACTG,Proliferating NK cell
E2L3_GATTGGTAGATGATTG,NK cell
E2L5_CGGGTGTGTGGGCTTC,Naive CD4 T cell
E2L3_ACTATGGTCTAACGGT,Memory CD4 T cell
E2L4_TACTTCACATCTAACG,CLEC9A dendritic cell
E2L5_GGGTATTTCCATACTT,Naive CD4 T cell
L4_CCCGGAATCACAAGAA,B cell
E2L1_ATTTACCAGGAATCGC,Cytotoxic CD8 T cell
E2L4_TACCCGTAGGAGTACC,CLEC9A dendritic cell
E2L4_GAGTGAGTCAGAGCGA,Naive CD4 T cell
L2_ACATCCCCAGCTGAGA,Erythroid cell
E2L8_ACAACCACATGCTGCG,Naive CD4 T cell
L5_GGGACTCCACTCCACT,Plasma cell
E2L2_GGCGTCATCTAAGCGT,NK cell
E2L2_TCGAACAGTAACAGTA,Cytotoxic CD8 T cell
L2_TACGGTAAGGATATGT,B cell
L4_CCTCATGTCGTCAGAT,Platelet
L1_ATCACTTCAGTTGCGC,Memory CD4 T cell
E2L5_TCGTGCTAGAGTACCG,CD1C dendritic cell
L5_AATGGCTCACAACGTT,Cytotoxic CD8 T cell
L3_GAATAGAAGGGCAGAG,Naive CD4 T cell
E2L6_TGCATGATCTCCTACG,Cytotoxic NK cell
E2L5_GAGTTTGCAGGATGAC,Cytotoxic CD8 T cell
L5_TTCCTTCGTCCAAGAG,Proliferating NK cell
E2L5_CCGGTGAGTATGTCCA,Proliferating NK cell
E2L4_TATTGCTCACGCCAGT,Plasmacytoid dendritic cell
L3_CATGGTACATGAGGGT,Plasma cell
E2L6_CGTAAGTAGTTCACTG,NK cell
L1_TTGTGGATCCATCCGT,Memory CD4 T cell
E2L6_GCCATGGGTGATACAA,B cell
L2_ATTATCCTCCTCAGGG,Memory CD4 T cell
E2L5_ACTTTGTGTACCACGC,CD14 monocyte
E2L3_CTGATCCGTGGAGAAA,Memory CD4 T cell
E2L7_GTGAGTTTCAGGAACG,Plasma cell
L4_CTCAGTCCAGAACTAA,Gamma delta T cell
E2L8_TCTATACCAGCATGCC,B cell
E2L5_GCCATGGGTGAGTAGC,B cell
L1_ATGCATGCATCTCAAG,Naive CD4 T cell
E2L6_CATCCCATCTCCTGTG,FCGR3A monocyte
L4_ATTGGGTAGCGATTCT,Hematopoietic progenitor cell
E2L5_TTAGGGTCATTGTAGC,Platelet
L2_CTAACCCAGCTGGCCT,CLEC9A dendritic cell
E2L5_TATTGCTCACCCGTAG,B cell
E2L6_CGGGTCAAGTTTCTTC,Plasmacytoid dendritic cell
E2L6_AGCTCAACAGGTGAGT,NK cell
E2L3_GAGTTACTCTGGGCGT,Plasmacytoid dendritic cell
E2L3_TCACGCTAGCCACTCG,B cell
E2L4_CATGCCTGTGGCTTAT,Platelet
E2L1_TTCCTCTCAGTCGAGA,Platelet
L5_TTTGGTTTCGTAGGGA,Proliferating NK cell
E2L5_AGGGTTTTCGTGAGAG,FCGR3A monocyte
L1_TCAGTTTTCGCCGATG,CD1C dendritic cell
L4_ACTATCTTCTCCAATT,Cytotoxic CD8 T cell
E2L4_TACTTGTAGGATCATA,Memory CD4 T cell
E2L5_CCTCAGTGTAACGCGA,CD161+ memory T cell
L5_TAATCTCTCTAGCATG,Hematopoietic progenitor cell
L5_GATTCGAAGTCACTAC,Plasma cell
E2L7_CCTCCTCAGGCCTGAA,Cytotoxic NK cell
L3_GTATTTCCAAAGACGC,Proliferating NK cell
L4_ACTGCAAGTATTGACC,Naive CD4 T cell
L1_GTAATGCAGAAGGGAT,Proliferating NK cell
E2L7_TCAGCAAGTAGCTTGT,NK cell
L4_GTGCAGCTCGCCGAGT,Proliferating NK cell
E2L1_CTGAGGCTCGGTTCAA,CD14 monocyte
E2L5_TCCACGTTCTCATTTG,CLEC9A dendritic cell
E2L6_GATCATGGTATGCTAC,Cytotoxic CD8 T cell
E2L1_TCGTGGGCACGACCTG,B cell
E2L8_CTGGCAGGTATCCCAA,Cytotoxic NK cell
E2L6_GTTTACTAGTAGTGCG,Platelet
E2L3_CATACCCCAGATACCT,Memory CD4 T cell
L1_TGTGCGGAGCTCGCAC,CD14 monocyte
E2L3_GTTGCTCAGTACCATC,Naive CD4 T cell
L1_CAGCGTGAGCGGGTAT,Cytotoxic CD8 T cell
L5_CAAAGAATCCATCGTC,Platelet
E2L4_GTAGTACGTAGGAGTC,Naive CD4 T cell
E2L7_CCACTTGAGCTGACTT,NK cell
E2L1_CTCAGGGCACATAACC,CD14 monocyte
E2L1_ATCACGATCGTGGAAG,FCGR3A monocyte
E2L1_CCTCAGTGTGGAAATT,GZMK+ CD8 T cell
E2L7_ATCCACCTCGCAGTGC,Proliferating NK cell
L1_CCTTTGGAGGAGGGTG,Naive CD4 T cell
L3_GGAACCCCACTAACCA,Naive CD4 T cell
L3_AGGAAATCATATACCG,B cell
E2L4_ATACCTTTCAGATTGC,Cytotoxic NK cell
L4_TTACGTTCACGCACCA,Naive CD4 T cell
L1_TCAAGACAGGCACTAG,Hematopoietic progenitor cell
L2_AATTCCTCAGCGGTCT,GZMK+ CD8 T cell
E2L3_CATGCAAAGCATCCCG,Cytotoxic CD8 T cell
L3_GATGACTAGGGCATGT,Proliferating NK cell
E2L3_AGGGAGTTCTGGAGAG,B cell
L3_GGTTAACAGGGAGGCA,B cell
E2L1_CGTAATGTCCGAAGGA,Cytotoxic CD8 T cell
L5_GTCTACCTCGGATAAA,CD161+ memory T cell
E2L5_TCAGTCCCACTACCCT,Platelet
E2L8_TACCTCGTCAAGATAG,B cell
L3_GATTGGTTCATTGGTG,Naive CD4 T cell
L1_GCCCGAACATCCTATT,Erythroid cell
E2L8_CTCATGCAGCGTATAA,B cell
E2L3_CGGACACGTGTCTAAC,Naive CD4 T cell
E2L4_TCCCACACATTCTCCG,Cytotoxic CD8 T cell
L1_GAGTCATTCCCATGGG,Naive CD4 T cell
E2L5_AGACCATGTCTTACAG,Cytotoxic CD8 T cell
E2L5_CCACGAGCAATTCGTG,Platelet
L5_TTTGGTTTCCTCTAGC,Naive CD4 T cell
E2L3_TCTATCATCGATACTG,Plasmacytoid dendritic cell
L1_AATGGAATCAGCAGAG,Naive CD4 T cell
E2L6_TCATTTGGTTATGACC,Cytotoxic NK cell
E2L1_CCTATCGCAGACCCGT,CD14 monocyte
L1_TCAAGTGAGGGATCGT,B cell
L5_TCGAACAGTTGCATAC,Naive CD4 T cell
E2L1_TCACATTGTCGCTTGG,Naive CD4 T cell
L2_AAGATAGGTGAGAGGG,FCGR3A monocyte
E2L5_TACCGAATCACGGAGA,Cytotoxic CD8 T cell
E2L6_GCCGATGGTTCTTAGG,FCGR3A monocyte
E2L2_AGACAAAAGGAATGTT,Proliferating NK cell
E2L6_AGGGAGTTCCGAGTGC,Proliferating NK cell
E2L6_GGTAACTTCTGCGATA,FCGR3A monocyte
L2_TTCCTCTAGCACGTCC,Proliferating NK cell
E2L1_GTAGCTAGTAGGTAGC,CD161+ memory T cell
E2L6_CATGGATTCTGTCGTC,Plasmacytoid dendritic cell
E2L7_TGCTTGCTCGGACGTC,CD1C dendritic cell
L4_TGGTGATCAAAGGTTA,Memory CD4 T cell
L1_GATCGTACAGCTTCGG,Hematopoietic progenitor cell
E2L6_TGATGCAGTGTGCTTA,Plasma cell
E2L2_CCTCTAGTCCTCAGGG,FCGR3A monocyte
L2_ATGTCCCCAAAGGATT,Proliferating NK cell
L3_CACTTCGCAGTGCGCT,Naive CD4 T cell
E2L6_GTTAGTGAGGGAGGCA,Proliferating NK cell
E2L6_AGGGCTCGTTCGTAAC,B cell
L2_TTGATGGCAAATAAGC,Hematopoietic progenitor cell
L1_ATCTCTAAGATGTTAG,Cytotoxic NK cell
E2L1_TCGGATACAAGGATGC,B cell
E2L1_GATGTTGTCCTACACC,B cell
L1_CGTCCATCACAGTGAG,Naive CD4 T cell
L1_ACCTACCTCTTGGAAC,Naive CD4 T cell
E2L5_GACACGCAGGGTACAC,CD14 monocyte
L1_TCAAGTGCAGTTGGTT,Naive CD4 T cell
E2L8_CACTGGGGTGTACGCC,Naive CD4 T cell
E2L2_ATGCGATTCTTGGATG,B cell
E2L7_ATTCAGGGTAATGTGA,B cell
L1_ACCGTTCAGTAAATGC,Naive CD4 T cell
E2L2_ACGGGTCAGTTCATGC,Memory CD4 T cell
L1_CAACAGTCAGTCGTTA,B cell
E2L2_ACCCTCATCGAGCTGC,CD14 monocyte
L1_GGTGATTAGCTACAAA,B cell
L5_ATAGAGAAGGACTTCT,Memory CD4 T cell
L2_TCGACCTTCAGCCTCT,Naive CD4 T cell
L4_TACGGTAAGAGCTGAC,CD1C dendritic cell
E2L8_ACCAAACGTTTCACTT,Memory CD4 T cell
E2L4_GACTATGAGAAGAACG,B cell
L3_GGTGTTATCGATACAC,Naive CD4 T cell
E2L7_GTTGTCCTCTTTGCAT,CD14 monocyte
L2_AGTTAGCTCTACTGAG,GZMK+ CD8 T cell
L4_TTGAGTGTCGGCTTGG,Plasmacytoid dendritic cell
L4_TGCGGGTAGCGCCCAT,Hematopoietic progenitor cell
E2L8_GTGTAACCATCCGGCA,Cytotoxic NK cell
E2L4_CTCCTTTTCATCCCGT,Cytotoxic NK cell
E2L7_TCCTTCTAGAACTGAT,CLEC9A dendritic cell
E2L5_TGGAGGATCGCTGACG,CD161+ memory T cell
L4_CTGCAGGCAAACCACT,Memory CD4 T cell
E2L2_CCTTCAGTCGGCGATC,B cell
L4_GGGCGTTAGACGCCCT,FCGR3A monocyte
E2L4_TACGCTCAGTCCCAGC,B cell
E2L1_GGACGTCGTAAGAACT,FCGR3A monocyte
L4_TCCCAGTCAATTAGGA,GZMK+ CD8 T cell
L4_CGAAGTTCAGTTCACA,B cell
L5_TCACAAGTCGTAACAC,Naive CD4 T cell
L4_CCTATCGCATACATCG,Hematopoietic progenitor cell
L1_TTTCAGTCAGAACATA,Hematopoietic progenitor cell
E2L5_CCACTTGCATTGCCGG,B cell
L4_GCGATCGGTGTTCCTC,Naive CD4 T cell
L3_GAACGTTGTATCGAAA,Memory CD4 T cell
E2L6_GGAGGTATCTCTGAGA,CD1C dendritic cell
E2L1_GTTCGCTTCCTTATAC,Platelet
L3_GCGAGAAGTCATCCGG,Proliferating NK cell
L3_CATGGTATCATTTCGT,B cell
L3_ATCGCCTGTCTTTATC,Proliferating NK cell
E2L2_GACTATGAGTTCTACG,Naive CD4 T cell
L5_GCACGGTAGGTTCTTG,Proliferating NK cell
L1_CGGACACCAATCAGCT,Cytotoxic CD8 T cell
L2_CAGTTAGGTAGTGTGG,NK cell
L3_GGGATCCAGTACTGGG,Naive CD4 T cell
L4_ATCGTAGAGCGTTGTT,Memory CD4 T cell
L3_TCTTGCGGTATCGATC,Hematopoietic progenitor cell
L1_ACACTGAAGGTAAGGA,GZMK+ CD8 T cell
L4_ATGCGATGTCACGACC,Plasma cell
E2L3_AGGGTCCGTTACCTGA,Cytotoxic CD8 T cell
E2L3_GAGTTGTTCATCCCGT,Proliferating NK cell
E2L4_CAACCTCGTATCACCA,B cell
E2L5_ATACCTTGTTAATGAG,Naive CD4 T cell
L2_GTGTTAGGTGGTCTTA,B cell
E2L1_TCCTTCTTCTGCGGCA,B cell
E2L6_GAGTCATGTGTTTCTT,NK cell
L2_AAACGCTCAGTAGTGG,FCGR3A monocyte
E2L6_CGCGTGAAGCTGTTAC,Naive CD4 T cell
E2L8_GATGTTGGTTGCCGCA,B cell
E2L3_CAGCGTGTCAGGCGAA,CD1C dendritic cell
E2L6_CACTTCGTCCATCAGA,NK cell
E2L4_CTTCTCTCAGGACATG,Naive CD4 T cell
L3_CCTATCGTCAACCTTT,GZMK+ CD8 T cell
E2L3_GAGGCCTCATCCGATA,B cell
E2L2_GCGGAAAAGGGAGGGT,CD1C dendritic cell
L2_GATCCCTCAGAACATA,Cytotoxic CD8 T cell
E2L8_TCACTATGTGACCGTC,NK cell
L5_TCAGGGCTCAGGTAAA,Cytotoxic CD8 T cell
E2L8_CTGGTCTTCTCTGGTC,Memory CD4 T cell
E2L2_CAGATCACAGGTCCCA,Naive CD4 T cell
E2L5_GGTTAACTCAGACCTA,Platelet
E2L6_CGGAGAAGTACCCGAC,CD161+ memory T cell
E2L6_CATGAGTCAGACATCT,Memory CD4 T cell
E2L8_AACGGGAAGCCATCCG,Cytotoxic CD8 T cell
E2L6_TGTGCGGAGGAGACCT,Cytotoxic CD8 T cell
E2L5_GGAACCCTCAATCTTC,Naive CD4 T cell
L2_TGAATGCCAGCATACT,Naive CD4 T cell
E2L3_TCCATCGCAGAGTAAT,CD161+ memory T cell
L1_GATGACTCAACCGTGC,Naive CD4 T cell
E2L4_CTGTCGTCATGACAGG,CD14 monocyte
L1_CTCCTTTGTGTCATGT,CD161+ memory T cell
E2L6_GAGTCTACAGCTCCTT,Platelet
E2L8_CAACAGTGTAATCAAG,B cell
E2L8_GTTACGAGTCTGTCAA,Memory CD4 T cell
L4_GGAAGTGGTGTCGCTG,GZMK+ CD8 T cell
L3_GGGTGTCAGAATCGCG,Gamma delta T cell
L2_GTTTGGACACGGAAGT,Naive CD4 T cell
E2L7_TCATTGTAGTTCCTGA,Platelet
L1_CGGAATTAGCTACTAC,NK cell
E2L1_GTAGAGGGTTAATCGC,CD161+ memory T cell
E2L8_CATGCGGCAATGTGGG,Naive CD4 T cell
E2L5_CCCTGATGTGTCTTGA,NK cell
L4_ATGCGATAGCCGATTT,CD161+ memory T cell
L4_ATTCTTGAGGCCCACT,Naive CD4 T cell
E2L7_TTTCCTCCAAGTTCGT,B cell
L5_TGGGCGTCAGTGGGTA,Memory CD4 T cell
L2_AGGTAGGCATCTCCCA,Cytotoxic CD8 T cell
E2L7_CCCGGAACAGCACAAG,Naive CD4 T cell
L1_CAGTTCCTCTGTGCGG,Cytotoxic CD8 T cell
L4_TCACGGGCACTGGAAG,B cell
L3_CCGGACATCTTCCACG,Cytotoxic NK cell
E2L8_TATTGCTGTCTACGAT,Cytotoxic NK cell
L5_GGTTGTACAAGACGAC,Naive CD4 T cell
E2L2_TACATTCAGCTGTTCA,Hematopoietic progenitor cell
E2L6_ATCGTGAAGGTTGGTG,Naive CD4 T cell
E2L6_CTATCCGGTAGAATGT,Memory CD4 T cell
L5_ACTTATCGTGCAGTGA,Naive CD4 T cell
L4_TCGGTCTAGGGAACAA,Plasmacytoid dendritic cell
E2L6_TGTGAGTTCCCTAGGG,Naive CD4 T cell
E2L5_TTTACTGAGTAAATGC,Memory CD4 T cell
L5_GATCATGCAAGAGGTC,Memory CD4 T cell
E2L2_TGGGCGTAGAGTGTGC,Memory CD4 T cell
E2L2_TTTACTGGTAGCGAGT,Proliferating NK cell
L5_CCCTTAGGTAGTCTTG,Plasma cell
E2L3_TCAGCAAAGGGTAATT,Naive CD4 T cell
E2L8_TGGATCATCCTTATAC,CD1C dendritic cell
L4_TGTTCTATCTTGGATG,B cell
E2L5_TGTGAGTCATTCTCTA,B cell
E2L4_AGGTGTTGTCAAGCCC,Cytotoxic CD8 T cell
E2L4_TTCTTGAAGTGAACAT,Proliferating NK cell
E2L6_AGGATAAAGACTACCT,Cytotoxic CD8 T cell
L4_ACGATCATCGAGAACG,Plasma cell
L2_TTACCATGTTGCCGCA,CD161+ memory T cell
L1_GGTGTTAGTTAGCTAC,Memory CD4 T cell
E2L6_GTCAAGTCATACCAGT,CD1C dendritic cell
L4_AGACCATCATAATCCG,CD1C dendritic cell
E2L7_GATCGTAGTGCATTAC,CD161+ memory T cell
E2L7_ATGATCGGTGGTTTAC,NK cell
E2L5_TCACAAGGTTGAGGAC,Memory CD4 T cell
E2L7_GTCAAGTTCGTTCATT,CLEC9A dendritic cell
L2_CGAGTTACAACGTAAA,CD1C dendritic cell
E2L6_ATCGATGAGCTCCACG,Naive CD4 T cell
E2L7_TATGTTCTCAAGCTGT,Cytotoxic CD8 T cell
E2L6_AGACAAAGTCGCACAC,Plasmacytoid dendritic cell
E2L8_TGTGATGTCAAGCTGT,B cell
E2L7_TGATCTTTCAGCAATC,Proliferating NK cell
E2L4_GCTGCAGAGATGGTCG,Plasmacytoid dendritic cell
L2_GTGAGTTGTAGTACGG,B cell
E2L1_CTGCGAGTCTTGATTC,CD161+ memory T cell
E2L5_GAAGCCCCACAGTCAT,Proliferating NK cell
E2L6_TCATTGTTCTAGTTCT,Plasmacytoid dendritic cell
L2_GTCATGACAAACTCTG,Hematopoietic progenitor cell
E2L2_AAGACAACAACTCCAA,Cytotoxic CD8 T cell
L5_ATGCGATGTCACGACC,Plasma cell
E2L5_ATTACTCAGCATCGAG,Erythroid cell
L1_ATTATCCTCACTTTGT,Cytotoxic NK cell
L3_TCCGAAAAGCACGTCC,Hematopoietic progenitor cell
E2L8_TGTTGGATCTATCGGA,Cytotoxic CD8 T cell
E2L3_AATGACCCAGAGGTTG,CD161+ memory T cell
E2L2_CACACAACACTATCCC,Plasma cell
L4_CTCATGCAGCAGTACG,GZMK+ CD8 T cell
L4_CTGGCAGCATCGTGGC,CD161+ memory T cell
L5_GGTCTGGCACATTACG,CD161+ memory T cell
E2L4_GGACGTCTCCTCGATC,Memory CD4 T cell
E2L2_CTAACCCGTTGTGCAT,Platelet
E2L4_GAGTTTGGTAGGCTCC,Plasma cell
E2L3_ACACGCGTCGACGATT,B cell
E2L6_TTCCGGTAGTGTAGTA,Plasmacytoid dendritic cell
L3_GCACGGTTCTGTCGCT,Naive CD4 T cell
L5_TAGGTTGAGCCAGAGT,Naive CD4 T cell
L1_CCTGCATTCTGAGTCA,Proliferating NK cell
L4_ACGTACATCGACGCGT,B cell
L2_CCTACGTGTGGCTCTG,Memory CD4 T cell
E2L8_CAATCGAAGATTGAGT,Platelet
L2_CACGGGTGTCGCATTA,Naive CD4 T cell
E2L4_GGTTCTCGTCGTAATC,Platelet
L5_AAGCCATGTATCATGC,B cell
E2L5_GTACAGTTCGAGTGGA,Memory CD4 T cell
L2_CTACGGGAGAAGAACG,CD1C dendritic cell
L4_ATCATTCTCAGCTGAT,Naive CD4 T cell
L3_GTGGAAGGTACAAGCG,FCGR3A monocyte
L1_GGATCTAGTGTCATGT,NK cell
L1_CACTAAGCACTACCCT,Memory CD4 T cell
L5_TGTGTGAGTCCACATA,Plasmacytoid dendritic cell
E2L6_GGGCTACCACCGTGCA,B cell
E2L4_CTGTATTCAGGCACTC,Plasma cell
E2L4_ACGATCATCGCGGTAC,Plasma cell
L2_ACTGCAATCGGAGTAG,Naive CD4 T cell
E2L6_AAAGGGCAGTCGAATA,Platelet
L5_GATTGGTGTCGAGTGA,Memory CD4 T cell
E2L7_TCAGCAATCCGATGCG,B cell
E2L2_CTGATCCGTCGTCATA,CD14 monocyte
E2L7_TCGAAGTGTGTTTACG,Memory CD4 T cell
L2_TGATGGTAGCCTAGGA,Naive CD4 T cell
E2L1_CGAAGTTTCCTCACCA,Memory CD4 T cell
E2L7_GTAAGTCTCTGTCTCG,B cell
E2L3_TTTCCTCTCCCTTTGG,Plasmacytoid dendritic cell
L3_ACTATTCAGGCCTGCT,NK cell
E2L3_GGCGTCACAGACATCT,B cell
E2L3_TGCGGGTTCTAGTTCT,Plasma cell
E2L6_CGACAGCAGCTTCATG,B cell
E2L4_ATTTACCTCAGCGCGT,Plasmacytoid dendritic cell
L2_TTCATGTTCCTAGAGT,Hematopoietic progenitor cell
E2L4_CGGAATTAGTGGAATT,B cell
L2_TGAATCGCAGTGGCTC,Naive CD4 T cell
L4_GTGAGCCAGACTCGAG,Memory CD4 T cell
L5_GAAGAATAGATGACCG,Memory CD4 T cell
E2L6_GGCTTTCCAGGCGAAT,Proliferating NK cell
E2L3_CTCCTTTTCGAACGCC,Cytotoxic CD8 T cell
E2L2_GGCTTGGAGGGACAGG,Cytotoxic CD8 T cell
E2L7_AGCATCAGTTTCGTTT,Plasma cell
E2L4_TATCAGGGTGCAAGAC,NK cell
L4_CTCCACAAGTGTAGTA,Naive CD4 T cell
L3_GTGCTTCCAAGTGGCA,FCGR3A monocyte
E2L3_TTGCCTGCATGTGCTA,CD161+ memory T cell
E2L3_AAACGCTAGGTCGTCC,NK cell
L1_GAGACCCTCGCGTGCA,Memory CD4 T cell
L1_GTAATCGGTGGTAACG,B cell
E2L5_CAACCTCCAAACAGGC,CD14 monocyte
E2L8_TAACTTCAGTGCTACT,B cell
E2L3_TGATTTCAGCACCGAA,Cytotoxic CD8 T cell
E2L8_GGATCTATCTGTCGTC,B cell
E2L7_TTCCAATGTTCTTCAT,NK cell
E2L3_CACGAATTCTGGCCTT,Platelet
L3_GTGGCGTAGTTGCCTA,CLEC9A dendritic cell
L3_CACTTCGAGCCTCAGC,Proliferating NK cell
L5_GTCAAACGTCAACATC,Naive CD4 T cell
E2L1_ATCAGGTTCACTGGTA,Platelet
E2L3_GAGGCAAGTCGTTTCC,B cell
E2L8_GATTGGTCAAAGGCTG,FCGR3A monocyte
E2L3_GAGCCTGCAAAGCTCT,Platelet
L5_AGGTTGTAGCTTCATG,Naive CD4 T cell
L2_ATACCGAAGAAACTCA,Cytotoxic CD8 T cell
E2L8_TGAGGAGAGATCCAAA,Memory CD4 T cell
L3_TTGTTTGTCTGGCCGA,Memory CD4 T cell
E2L5_AGTACTGGTGTTCGAT,B cell
E2L8_CCTCACAAGCTTTCCC,Proliferating NK cell
E2L6_AGAGAGCAGTCCTGTA,NK cell
E2L1_GCCATTCGTACGATGG,CD14 monocyte
E2L2_CGATGGCTCAGCTGAT,CD14 monocyte
L2_TCTGGCTGTGCATTTG,CD161+ memory T cell
E2L6_CAAGGGATCTAGAGCT,Proliferating NK cell
E2L6_TACCTGCAGACATGCG,Cytotoxic NK cell
L4_AGTCTCCCAGCAGACA,Plasma cell
E2L2_ACCAAACAGTCAACAA,B cell
E2L5_CAGATTGAGGCCTTGC,B cell
E2L3_CGGTCAGAGTGCAAAT,FCGR3A monocyte
E2L3_GCCGTGATCGCCGAGT,NK cell
E2L4_TGAGGTTCAATCGTCA,CD161+ memory T cell
E2L2_GGAAGTGAGGCCGCTT,Cytotoxic CD8 T cell
E2L7_GTCAAGTGTCCTACGG,Naive CD4 T cell
E2L4_CATTCATCATGAGTAA,B cell
E2L1_CAGTTCCTCTCATGGA,Memory CD4 T cell
E2L4_AAACCCAGTAGGTCAG,Memory CD4 T cell
E2L2_CCTATCGCAGCTGAAG,Hematopoietic progenitor cell
L3_ACTGTGAGTGGAAATT,GZMK+ CD8 T cell
E2L4_ACGGAAGAGGACTAAT,Memory CD4 T cell
E2L6_ACGGAAGGTACCTTCC,CD1C dendritic cell
L1_CAGGGCTCACGCGTGT,NK cell
E2L4_AACAGGGAGTGGATTA,Proliferating NK cell
E2L6_ACTTCGCAGGAGAGGC,Platelet
L2_GGGCTCATCAGTAGGG,Memory CD4 T cell
E2L6_TCGTCCAAGGGAGAAT,Memory CD4 T cell
E2L8_ACACCAAGTAGAATAC,CD14 monocyte
E2L1_TGGTTAGCACATACGT,B cell
E2L5_TCTGCCATCTCTATAC,Cytotoxic NK cell
E2L5_TGGTGATCATTGCCGG,Cytotoxic CD8 T cell
E2L6_TCAATCTGTTGCGAAG,B cell
E2L8_AGTCTCCGTCGATTAC,Cytotoxic NK cell
E2L7_GGTTCTCCAAGTGCAG,NK cell
L4_TCGCAGGGTTGCTGAT,Plasma cell
E2L3_ATATCCTTCCCAGGCA,CD1C dendritic cell
L4_AGCGCTGTCACGAACT,Naive CD4 T cell
L4_ACGATGTAGCTTGTTG,Plasma cell
E2L6_GCTGCAGCAGCGACAA,B cell
E2L4_AAGCCATCAATGCTCA,Cytotoxic CD8 T cell
E2L3_CTTCTAAAGTTGGAGC,NK cell
E2L7_CTCAAGATCGTCACCT,Plasma cell
L2_CGGACACAGCTTCGTA,Memory CD4 T cell
E2L5_TGGAACTCAGGAGACT,Proliferating NK cell
E2L5_AAGAACAGTTACGATC,Plasma cell
L2_CCTTGTGTCTTCGATT,NK cell
E2L6_ATAGGCTGTCTGGTTA,CD14 monocyte
E2L4_TAAGCGTGTTCGTAAC,Gamma delta T cell
L3_GACTGATAGACTAAGT,Cytotoxic CD8 T cell
E2L1_ACATCGAAGAGATCGC,Proliferating NK cell
L4_GCACTAATCCGACGGT,NK cell
L2_TGCGACGTCCTTATAC,Memory CD4 T cell
E2L6_TATCTTGCAGTCTTCC,B cell
E2L4_GGTTGTATCTCGTCAC,Plasma cell
L2_GTCCTCAAGCGTCTGC,Memory CD4 T cell
E2L8_CCATAAGGTTAATGAG,Naive CD4 T cell
E2L5_GTTCGCTTCGTAGTCA,CD1C dendritic cell
E2L3_AGGGCTCTCTCGAGTA,FCGR3A monocyte
L1_GTGCACGAGACCCGCT,Hematopoietic progenitor cell
E2L6_GGGTGAACAAGGAGTC,Plasma cell
L4_CCTGTTGCAGATACTC,Naive CD4 T cell
E2L5_TGGGAGAAGGATGTTA,Platelet
L2_GACTATGTCTCGAGTA,Cytotoxic NK cell
L2_CAGCAGCGTTGTTGCA,Naive CD4 T cell
E2L2_AGAGAGCTCGCTTGCT,Plasmacytoid dendritic cell
E2L2_CTGATCCCAAAGGGTC,Memory CD4 T cell
L3_ACATGCATCCTCGCAT,Naive CD4 T cell
L3_CTCTGGTTCCTTTGAT,Proliferating NK cell
E2L2_ATACCGACACAGCATT,FCGR3A monocyte
L5_GGCACGTCAATAGTGA,CD1C dendritic cell
E2L7_CTCATGCAGTCTGCAT,Memory CD4 T cell
E2L6_TCAAGCAAGTCAGCCC,NK cell
E2L5_TTGCGTCCATCATTTC,NK cell
L1_TCTTGCGTCGGAATTC,Naive CD4 T cell
L2_GCCTGTTTCGGAGATG,CD161+ memory T cell
L3_ATGGATCAGACTTCGT,Proliferating NK cell
L5_GATGTTGAGAGAGGTA,Naive CD4 T cell
E2L8_GTTACCCGTTCCCACT,Cytotoxic CD8 T cell
E2L7_CAGATCAAGATGTAGT,Cytotoxic CD8 T cell
L1_GCCTGTTTCCACTTCG,CD161+ memory T cell
E2L2_TGTGCGGAGCTGCCTG,B cell
E2L7_CATGAGTGTGGTTCTA,Plasmacytoid dendritic cell
E2L6_GACCAATCAAGACGAC,B cell
E2L3_ATCTCTATCTTAATCC,Plasmacytoid dendritic cell
L4_CGTCCATCAAATCGGG,Memory CD4 T cell
E2L7_TGCATCCGTCAGTCCG,Plasma cell
E2L4_GTTGCTCCAGCTGCCA,FCGR3A monocyte
E2L4_GGTGAAGAGCAATAGT,Gamma delta T cell
E2L1_TTCCACGAGTAGGCCA,Memory CD4 T cell
L2_TGTACAGAGGTCACAG,Naive CD4 T cell
E2L5_CATTGAGAGAGGTCAC,Proliferating NK cell
E2L3_CCAATTTGTTTAGTCG,B cell
E2L2_AGGAGGTAGCGTTACT,CD161+ memory T cell
E2L8_GGTGAAGTCTCAATCT,Naive CD4 T cell
L4_TTTGACTGTTCTCTCG,Hematopoietic progenitor cell
E2L2_ATTCATCAGTGGCAGT,CD161+ memory T cell
E2L6_GCCAGTGAGGGCTTCC,Cytotoxic CD8 T cell
L2_TCGGGTGTCCCAAGTA,Hematopoietic progenitor cell
E2L7_GCCGTGACACTCTCGT,Platelet
E2L4_CGGAACCTCTGAGTCA,Plasma cell
L1_GTCGAATCAATGGCCC,Memory CD4 T cell
E2L5_TACTTACTCTCTGACC,B cell
L1_TGAATCGGTAAGAACT,Naive CD4 T cell
L1_CGGAACCGTGTCCGGT,Naive CD4 T cell
E2L1_CTCCTCCTCATTGTTC,CD14 monocyte
L4_TTCCGGTCATGAGAAT,Plasma cell
E2L4_TCGTAGATCGGAGCAA,GZMK+ CD8 T cell
L3_GGGACCTGTCTAGATC,Memory CD4 T cell
E2L1_GCCGATGTCTGGGAGA,Platelet
L1_CCAATGAAGCGTGTTT,B cell
L4_TCGGGACCAAGACTGG,Naive CD4 T cell
L5_TGCGGCATCTTGAACG,Naive CD4 T cell
E2L7_GGACGTCTCTTGCAAG,Memory CD4 T cell
E2L5_GTGCTTCTCGACCTAA,Proliferating NK cell
L5_CAATACGTCACGGACC,Cytotoxic CD8 T cell
L3_ATAGAGATCGTAGGAG,Memory CD4 T cell
E2L5_CGCCATTAGAGCAGTC,Naive CD4 T cell
E2L3_TTCGATTTCTGCGGCA,Cytotoxic CD8 T cell
E2L8_CTCAATTGTACTGCGC,Platelet
E2L7_GTTAGTGGTAGCTGAG,Proliferating NK cell
E2L3_TGCTTCGCATTCTTCA,CD14 monocyte
E2L4_CTCAGGGTCGACTCCT,CD1C dendritic cell
E2L8_ACTATGGGTCTTACTT,B cell
E2L4_ACTGTGAAGCATCTTG,Cytotoxic CD8 T cell
E2L7_GCCAGCAGTTAATGAG,CD161+ memory T cell
E2L7_ACCATTTCAGGAGACT,B cell
E2L2_TGGGCGTGTATGACAA,FCGR3A monocyte
E2L6_GATTGGTGTCCATCTC,Platelet
L4_GATTGGTTCCTCACGT,B cell
E2L6_AACAAGACAGACAATA,Cytotoxic NK cell
L4_TTTAGTCAGTCATAGA,GZMK+ CD8 T cell
L1_AGACTCACATCGGTTA,Plasmacytoid dendritic cell
L4_CTGGACGCACCTCTGT,Cytotoxic NK cell
E2L1_CTTCGGTCAACCGCTG,FCGR3A monocyte
E2L5_GGAACCCAGCCGCTTG,Proliferating NK cell
E2L6_GTGTGGCAGTTGGCTT,Plasmacytoid dendritic cell
E2L4_TAGGAGGCAGGACGAT,Naive CD4 T cell
E2L6_GGGCTACGTGGAATGC,FCGR3A monocyte
L1_GACCGTGGTTCTTCAT,Hematopoietic progenitor cell
L3_ATCTCTAGTTTCCAAG,CD14 monocyte
L1_CGGTCAGGTCGTGTTA,Cytotoxic CD8 T cell
E2L3_ATCGTGACAGGCTACC,Memory CD4 T cell
L5_GCAGTTAGTGTCTTGA,Memory CD4 T cell
L2_GTAATGCGTACTCCGG,NK cell
L3_GACTTCCAGGAAACGA,FCGR3A monocyte
L2_CAAGACTAGCATTTGC,Plasma cell
L5_TCAGTCCGTTGGGTAG,Proliferating NK cell
L4_GTTTGGAAGTTAGTAG,Naive CD4 T cell
L2_CATCAAGTCGCGGACT,Proliferating NK cell
E2L6_GAGTTACCAGCTTTCC,CD1C dendritic cell
E2L8_TTTACTGGTATCGTAC,Memory CD4 T cell
E2L7_GGCAGTCCACACCAGC,Cytotoxic NK cell
E2L5_GTTGAACAGGAAGTAG,Naive CD4 T cell
L3_AACGTCACATCGTTCC,CD161+ memory T cell
L3_TCACTATAGTGAATAC,CD161+ memory T cell
E2L3_AACGAAAAGATGCTAA,B cell
L2_AATGCCAGTCCGTTTC,CD14 monocyte
L1_TCCCATGAGAGCCCAA,Memory CD4 T cell
E2L2_GTTGTCCAGATGAAGG,Platelet
E2L8_TACGGTAAGTTGCTCA,Plasma cell
L3_GCCGATGAGGTGGTTG,Naive CD4 T cell
E2L7_TGTGGCGGTTCTCCAC,Plasma cell
E2L4_AGATCGTGTTCCGCTT,Proliferating NK cell
L5_TGAACGTAGCGATCGA,Cytotoxic CD8 T cell
E2L8_TCATTCATCGCGTGCA,Naive CD4 T cell
E2L7_TTGTTCATCCTCTAGC,CD161+ memory T cell
E2L5_CACTGGGCAACCGGAA,CD161+ memory T cell
E2L3_CGGGTGTCAAGGAGTC,Platelet
L5_TGAGGGACAAGATCCT,Naive CD4 T cell
E2L2_AACAAGAAGGCTTAGG,Cytotoxic CD8 T cell
E2L6_TTACAGGTCCACGGAC,B cell
E2L8_ACCATTTTCTGAATCG,Cytotoxic NK cell
E2L1_CTGATCCGTAGCGTCC,Erythroid cell
L3_TTCCTCTAGATCACCT,Cytotoxic CD8 T cell
E2L2_TTACCATGTCAAGCGA,Proliferating NK cell
E2L7_TACAACGAGCAGGCAT,Plasmacytoid dendritic cell
L2_GGGTCTGCAGGTTCGC,Cytotoxic NK cell
E2L2_ACGATGTAGCCTCATA,B cell
L2_AACGGGACAATGTTGC,B cell
L5_CATTGTTTCCCGAGTG,Cytotoxic NK cell
L5_CGAGGAACATTCTCCG,Naive CD4 T cell
L2_GGAATCTAGGCTAGCA,Naive CD4 T cell
E2L3_GCGGAAACAATCGCAT,Cytotoxic CD8 T cell
E2L7_ATGTCTTAGTTGCATC,Hematopoietic progenitor cell
E2L7_TGAACGTAGCTTTCCC,CD14 monocyte
E2L2_CTAACCCCAAATGGAT,Cytotoxic CD8 T cell
L1_TTGTGGATCTCCATAT,Naive CD4 T cell
L1_ACCAACAAGGATGTTA,Naive CD4 T cell
L1_CTCAGGGTCGGCAGTC,B cell
L5_CTGCTCAAGAGTGACC,Naive CD4 T cell
E2L1_TCAATTCCAGCAGATG,Memory CD4 T cell
E2L7_GCATTAGAGTATGCAA,Plasmacytoid dendritic cell
E2L1_TGTTCCGGTCTGTTAG,Proliferating NK cell
E2L4_GCTACCTTCGCCTATC,CLEC9A dendritic cell
E2L3_GTAGAAAAGCAGGCAT,Memory CD4 T cell
L4_TACGTCCGTGGTCCCA,Naive CD4 T cell
L5_CTATAGGAGGCCTAGA,Memory CD4 T cell
E2L6_AGGTTACTCCGTGCGA,Platelet
E2L2_TCTTTGATCTTTCGAT,CD1C dendritic cell
L5_GTGTAACAGTGCGCTC,Naive CD4 T cell
L5_ACTATGGTCGACGTCG,Naive CD4 T cell
E2L8_GGTGGCTCAAGAAACT,Naive CD4 T cell
E2L8_TTAATCCGTGTCTTCC,Naive CD4 T cell
E2L1_TTGGGCGGTAGTGCGA,CD161+ memory T cell
L5_AAGGTAATCTACTTCA,Hematopoietic progenitor cell
L1_CCTGCATCACGCCACA,Naive CD4 T cell
E2L4_TCTAACTTCGAGTGGA,CLEC9A dendritic cell
L4_TCATTCAGTTCTTGTT,Plasmacytoid dendritic cell
E2L6_TCACTATAGGAACATT,Cytotoxic CD8 T cell
L1_CTCAACCTCATGGCCG,Naive CD4 T cell
L4_CGGAATTTCGTTCTCG,Memory CD4 T cell
E2L5_AATCGACCACCAGCCA,Plasmacytoid dendritic cell
E2L6_TACGGGCAGGTGAGCT,Platelet
E2L5_TCCATCGAGCAGCCCT,Naive CD4 T cell
L3_ATGGGAGGTCCAGCCA,Plasmacytoid dendritic cell
L5_TTCCGGTCAAACCATC,Naive CD4 T cell
E2L7_ACAGGGAGTAATGATG,Plasmacytoid dendritic cell
L4_ACTGCAAGTCCCTGTT,Platelet
E2L6_TTACGTTCAAGTTTGC,Cytotoxic CD8 T cell
L5_AAAGTGACAGGTACGA,Plasmacytoid dendritic cell
L1_AGATCGTTCGTCGCTT,Memory CD4 T cell
E2L3_AGCTTCCCACAATGTC,Proliferating NK cell
L1_AAGGTAAGTACTGCGC,Cytotoxic CD8 T cell
L2_TTCGATTAGTTGAAGT,NK cell
E2L2_GCATCGGCATACTTTC,NK cell
L3_ACCAAACAGGTAGTAT,CLEC9A dendritic cell
L2_GCAACCGCACGCCACA,Memory CD4 T cell
E2L5_TTCCAATTCATAAGGA,B cell
L4_GGTAACTGTACTCGTA,Cytotoxic CD8 T cell
E2L1_CAGAGCCTCTCCGCAT,CD1C dendritic cell
E2L1_TCCCAGTTCACCCTTG,FCGR3A monocyte
E2L5_CGTTGGGGTCCGAAAG,Memory CD4 T cell
E2L5_ACTTCCGAGTGATCGG,B cell
E2L4_GGTAATCTCCACAAGT,Cytotoxic CD8 T cell
E2L4_TGCTCCACAGGGAATC,Plasmacytoid dendritic cell
L4_GCTGAATTCTATCGTT,Erythroid cell
L4_ATTCAGGTCAGCTTGA,CD1C dendritic cell
E2L4_CCCTCTCTCTTCGCTG,Cytotoxic NK cell
E2L1_GGAGGATGTCCCGTGA,Memory CD4 T cell
L3_TCAGTCCCACGGCACT,Hematopoietic progenitor cell
E2L6_AGGACGACAACACAGG,CD14 monocyte
L1_TCGAACATCTGAGGTT,Plasma cell
E2L1_ACAAAGAGTATCGCTA,Plasmacytoid dendritic cell
E2L8_TGTGTGAAGGGACTGT,NK cell
L1_ATGAAAGTCGACGACC,Cytotoxic CD8 T cell
E2L3_TCCTCGAGTATGAGCG,Platelet
L4_TGAGGGAAGCACAAAT,Memory CD4 T cell
E2L4_ACCAAACCAGAGACTG,Proliferating NK cell
E2L7_AAGACAATCCTGTTAT,CD14 monocyte
E2L4_AAGAACATCTCGCTTG,Cytotoxic CD8 T cell
E2L2_CGTAATGCAGACCAAG,Cytotoxic CD8 T cell
E2L3_GTAGTACCAACGTATC,Naive CD4 T cell
L2_CATGAGTGTTTGCAGT,GZMK+ CD8 T cell
L4_GATGTTGGTAAGTTAG,Proliferating NK cell
E2L6_CCGAACGAGAGCCGAT,CLEC9A dendritic cell
L5_ACAGCCGCAAGATGGC,Memory CD4 T cell
L2_GTATTGGCAGGAGGAG,Plasma cell
L2_TCTCTGGCAACAAAGT,Naive CD4 T cell
E2L8_GATGTTGTCCGAAGGA,FCGR3A monocyte
L2_TCTACATTCCTGTTGC,Gamma delta T cell
L2_TCACACCGTGGTGATG,Proliferating NK cell
E2L6_GCCCAGAAGCAGGTCA,FCGR3A monocyte
E2L2_TTCCACGTCCGCTTAC,Cytotoxic CD8 T cell
E2L3_ATTCCATGTAGCTCGC,NK cell
L5_AGATAGAGTCTACAAC,Proliferating NK cell
E2L8_CGTTCTGAGACCAGAC,B cell
L3_GTCCCATTCATACGGT,Memory CD4 T cell
E2L5_TGTTTGTGTTTGCAGT,B cell
E2L5_ACGTAGTTCCGACGGT,Gamma delta T cell
E2L7_GATGACTTCGCTGTCT,Gamma delta T cell
L3_GGAGGTAAGCATGTTC,Memory CD4 T cell
E2L7_TGGGTTAGTGCATGAG,CD14 monocyte
L5_AAGCATCAGCCTCTTC,Hematopoietic progenitor cell
L5_AAGTTCGCATGGGTTT,Naive CD4 T cell
E2L7_GTAATCGTCAGACCGC,Erythroid cell
L5_CCTCATGTCCATCCGT,Plasmacytoid dendritic cell
L1_CTACAGAGTGATTGGG,NK cell
L5_TTAGGGTCAGCCTTCT,Naive CD4 T cell
E2L2_GAGTGAGGTTGCCGAC,Proliferating NK cell
L1_TCAGTGATCCGCAAAT,Erythroid cell
E2L8_GTAGAAACAGGTACGA,Plasmacytoid dendritic cell
L1_TCAAGTGGTCAACCTA,Platelet
L5_TAGACTGTCCCTTGTG,FCGR3A monocyte
E2L2_CTCATTACAGATCATC,Memory CD4 T cell
L2_AGTCACAGTTCGTAAC,B cell
L4_TTTCACACAATATCCG,Naive CD4 T cell
L3_AAGGTAATCCACATAG,B cell
L2_GATAGCTTCATCCTAT,B cell
L3_ATCGTCCGTTCGGCGT,Platelet
L4_TGTGTGAGTTAAACCC,Cytotoxic CD8 T cell
E2L1_TACCTGCTCAAGCCCG,Cytotoxic NK cell
L3_CATCCCAAGACATGCG,Naive CD4 T cell
E2L2_CGGGTGTGTACTGTTG,Proliferating NK cell
L2_TCTTAGTAGGCCATAG,Naive CD4 T cell
E2L7_TCCTCTTAGTCGGCCT,Platelet
L1_TTTACTGGTTACCCAA,Hematopoietic progenitor cell
L2_GAAACCTTCGCATTAG,CD161+ memory T cell
E2L2_CTCATGCAGACGAGCT,Cytotoxic CD8 T cell
E2L8_ACATTTCGTATACGGG,Cytotoxic CD8 T cell
E2L1_GGGTAGATCATTGGTG,NK cell
L3_GCGATCGGTTTACGTG,CD14 monocyte
L5_GTCCTCAAGCGGCTCT,Cytotoxic CD8 T cell
E2L4_TCCTCCCGTGTTAAAG,Plasmacytoid dendritic cell
E2L1_TCTCACGTCACGGACC,GZMK+ CD8 T cell
E2L5_GGGTGTCCATGCTGCG,B cell
E2L2_GTGTAACTCCGCACTT,Memory CD4 T cell
L2_TATATCCCAGCCGGTT,Naive CD4 T cell
L3_AACACACTCCTCGATC,CD161+ memory T cell
L2_TCTCCGATCAGCGCGT,Plasma cell
L1_CGATGGCTCATGTCTT,FCGR3A monocyte
L2_TGTGAGTCACAGTGAG,Naive CD4 T cell
E2L5_CAGCCAGAGTGGCAGT,B cell
E2L6_CCCTCTCTCTTCCCGA,Memory CD4 T cell
L1_ATGGATCAGTCTCCTC,B cell
E2L4_TGTTGGAGTCCTACAA,Plasma cell
L5_CCACACTTCCCGAGAC,Hematopoietic progenitor cell
L4_TATTGCTAGTTACGTC,FCGR3A monocyte
E2L1_AGAAGCGGTGGACCAA,Platelet
L4_TTTGTTGAGTAACGAT,Proliferating NK cell
L5_GAGGCAAGTTCAAGGG,CD1C dendritic cell
E2L7_TACGTCCGTGTCGCTG,Plasma cell
E2L3_TTTCATGAGAATCGAT,B cell
E2L7_GCATCTCTCCTCTTTC,Memory CD4 T cell
L2_ATAGAGATCCTCGATC,Naive CD4 T cell
L3_CGAAGTTCAGACCTGC,Naive CD4 T cell
E2L5_TGACAGTGTCACAGAG,CD161+ memory T cell
L2_AACCTGACAGGAATAT,FCGR3A monocyte
L4_GATCAGTAGAGCTTTC,Cytotoxic CD8 T cell
L2_CCACCATGTGGCGCTT,FCGR3A monocyte
E2L6_TACAACGGTAGAGATT,FCGR3A monocyte
E2L5_GCCGTGACACCTGTCT,B cell
E2L8_TGTCCCACAGGGCTTC,Naive CD4 T cell
L4_AACGGGAAGACGCCAA,Cytotoxic NK cell
L2_TACGGTAGTCACCCTT,NK cell
L4_CACATGACAAACAGGC,Erythroid cell
L2_AACCATGTCCTCTCGA,Hematopoietic progenitor cell
E2L5_TGTCCACGTGGGATTG,GZMK+ CD8 T cell
L2_TGCTTGCCATGTTCGA,Memory CD4 T cell
E2L4_TACCTCGCACGCAAAG,Memory CD4 T cell
E2L3_TGGATGTAGCAAATGT,Memory CD4 T cell
E2L1_ATTCTACCATCTAACG,Plasmacytoid dendritic cell
E2L1_AAGTGAAGTGGATGAC,Cytotoxic CD8 T cell
L2_TCAGTGATCAGCTTGA,Naive CD4 T cell
E2L3_TCAATCTCACTGTCCT,Memory CD4 T cell
L2_GACTCTCTCCCATTTA,Naive CD4 T cell
E2L1_GTAGGAGGTTCTCAGA,Naive CD4 T cell
E2L5_AATCGACTCCATCGTC,Proliferating NK cell
L2_AGGATCTAGTGGACGT,Proliferating NK cell
E2L6_GTTTGGAAGATGCTGG,CD14 monocyte
L1_TCTTAGTCATCAACCA,Naive CD4 T cell
E2L8_TGAGCATGTGAAAGTT,Plasmacytoid dendritic cell
E2L5_CAGTTCCAGGTGTGAC,Memory CD4 T cell
E2L8_GTGCTTCTCCTCTCTT,Naive CD4 T cell
E2L6_TCCTGCATCCAAACCA,Cytotoxic CD8 T cell
L4_TCATATCAGGTAGGCT,Naive CD4 T cell
L1_AGACACTGTGTTAGCT,Plasma cell
E2L1_AACCTGATCGTAGAGG,Platelet
E2L3_CTCCTTTCATCTCCCA,CD14 monocyte
L3_AGAACAAAGTGGCAGT,Proliferating NK cell
L1_CATCGGGGTCTCCCTA,Memory CD4 T cell
L5_CCAATTTCAAGAATGT,CD161+ memory T cell
E2L8_ACATCCCCATGTTACG,Plasmacytoid dendritic cell
E2L8_CTCAGTCAGTGCCCGT,Proliferating NK cell
L4_TCCCACACATGCAGCC,Hematopoietic progenitor cell
E2L2_AGTAACCGTGGCTAGA,Cytotoxic NK cell
E2L7_CCTAAGACAATAACCC,Cytotoxic NK cell
E2L1_GATGACTCATGCGGTC,NK cell
L5_CGAGTTACATGCCGAC,Memory CD4 T cell
L1_GTACAACGTAACCAGG,Cytotoxic CD8 T cell
L1_TGGATGTGTAAGATTG,Gamma delta T cell
L1_CACAGATTCGATACTG,Memory CD4 T cell
L4_GGGTCACGTCCTCCTA,CD1C dendritic cell
L5_GAAACCTGTGGTCCCA,CD161+ memory T cell
L3_GTAACACTCGCAGATT,Memory CD4 T cell
E2L4_CATGCTCGTCCAGCCA,CD1C dendritic cell
L3_ATCACAGAGAAGTCAT,Naive CD4 T cell
L2_TGTGGCGGTGAAAGTT,Hematopoietic progenitor cell
L3_TCATATCTCTCTCGCA,Naive CD4 T cell
L5_CGAATTGAGCAGAAAG,Cytotoxic CD8 T cell
E2L6_ATTGTTCGTGTCCGGT,CLEC9A dendritic cell
E2L7_ACGGTCGTCGTTGCCT,NK cell
L1_GCCAGCACAGCAGTTT,CLEC9A dendritic cell
L4_TACCCGTTCTACGCGG,Erythroid cell
L5_TACATTCGTACCATAC,NK cell
L3_GCCTGTTGTCGAACAG,Naive CD4 T cell
E2L6_GTCATGACATAACTCG,B cell
E2L3_GCACGGTAGATGTTCC,Naive CD4 T cell
L5_TACTTGTTCTCTCTTC,Cytotoxic NK cell
E2L6_ATCTTCAAGTCTACCA,CD1C dendritic cell
E2L3_AGTCTCCAGAACTGAT,Naive CD4 T cell
L3_ACCTACCAGGTCACTT,Naive CD4 T cell
L1_TACGTCCGTGTCCAAT,Naive CD4 T cell
E2L3_AATTTCCCAATAGTGA,Naive CD4 T cell
E2L7_CTTACCGAGGTGATCG,Proliferating NK cell
L5_GCTGCAGCATGCCATA,Plasma cell
L5_ACATTTCAGGTTAGTA,Memory CD4 T cell
L2_ACACCAAGTTTCACTT,Naive CD4 T cell
L1_TTTAGTCCAGCAGTTT,Gamma delta T cell
E2L3_ACGTAGTAGTAGTCAA,B cell
L3_ACCTACCGTCACTCAA,Memory CD4 T cell
L2_AACTTCTGTCGTCGGT,Cytotoxic CD8 T cell
E2L5_TCATGCCCAAATGAGT,Proliferating NK cell
E2L2_ACCCAAAGTGCGACAA,CD14 monocyte
E2L2_TCGCTTGTCGACGAGA,Proliferating NK cell
E2L4_GGCTGTGTCCCGATCT,FCGR3A monocyte
E2L3_CGGACACAGCGAACTG,Cytotoxic CD8 T cell
E2L5_TCTTGCGAGTCTTGGT,Naive CD4 T cell
L2_TGTCAGATCCATCTGC,CD14 monocyte
L4_ATGCCTCCATGGCCCA,FCGR3A monocyte
E2L8_CATGAGTGTCGAATGG,Memory CD4 T cell
E2L2_GTGAGCCTCACGAACT,Memory CD4 T cell
L4_TGCATCCCAGACGCTC,Hematopoietic progenitor cell
E2L2_CTCGAGGAGACGCCCT,Memory CD4 T cell
E2L7_TGCGATAAGTATTAGG,Cytotoxic CD8 T cell
L1_AAAGTGAGTATCGTAC,CD14 monocyte
L2_CGGGTGTTCTCAGAAC,Memory CD4 T cell
L3_ATCAGGTCATCAACCA,CD161+ memory T cell
E2L2_CTTGATTTCCGATCGG,CD1C dendritic cell
L3_TTGCTGCCACTACGGC,B cell
E2L7_ACTTCGCAGCGGCTCT,B cell
L4_TGCAGTAGTGGACTGA,Gamma delta T cell
L3_CGGAACCTCCAAGAGG,Cytotoxic CD8 T cell
E2L2_CAATCGAAGATCCCAT,B cell
E2L2_ATGAAAGTCTTAGGAC,Cytotoxic CD8 T cell
L4_AATGGCTTCTACCAGA,B cell
L4_CAGTGCGGTTATGGTC,Proliferating NK cell
L5_CCGGGTATCGCTGACG,Memory CD4 T cell
L2_CCCAACTGTTCAGGTT,CD14 monocyte
E2L8_CTCATTAGTGGGTATG,B cell
L2_CTGAATGTCAAGCCAT,B cell
E2L6_TCAATCTCACTGAATC,B cell
L2_TCATGCCAGACTTAAG,Cytotoxic CD8 T cell
E2L2_AAGCCATGTATCCCTC,CD1C dendritic cell
E2L4_TAACCAGCATCCTTGC,Cytotoxic CD8 T cell
E2L2_CGTTGGGAGAACAAGG,Proliferating NK cell
L1_GCGATCGCAAATGATG,Naive CD4 T cell
E2L5_CTGCTCACAGTGACCC,Cytotoxic CD8 T cell
E2L1_CGATGGCCATGAATAG,Cytotoxic CD8 T cell
E2L5_AGTGTTGGTGTTGCCG,Memory CD4 T cell
E2L1_ATGCGATCAACCCGCA,Memory CD4 T cell
L1_GTTGCGGAGTATGTAG,Naive CD4 T cell
L1_GGGTGAAGTTCGTAAC,CD161+ memory T cell
L4_TTACCATCAGCAGTGA,Plasma cell
L2_GATGTTGAGCCAAGCA,GZMK+ CD8 T cell
L2_TCACATTCAATGGCAG,Memory CD4 T cell
L2_TCATGTTAGTATGGAT,Memory CD4 T cell
L2_TTCATGTAGGAAGAAC,Plasma cell
E2L8_GTCACTCTCACCCTCA,Erythroid cell
E2L3_AAAGGGCTCGACATAC,Platelet
E2L7_GTGGGAAGTGAATATG,Naive CD4 T cell
E2L3_AGCCAATTCCGTGGGT,Naive CD4 T cell
E2L8_CTTTCAAAGGCACGAT,Erythroid cell
L2_CATTGCCCAGATCACT,CD14 monocyte
L4_GATCACATCCAATCCC,CLEC9A dendritic cell
E2L2_AATGCCATCCTGTTAT,CD161+ memory T cell
E2L6_AACGGGATCCAACTGA,CD1C dendritic cell
E2L6_CTGCATCGTGTCTTGA,NK cell
E2L2_GATGGAGCATTCACAG,Naive CD4 T cell
E2L3_CAGATACAGCCGGATA,Plasmacytoid dendritic cell
L3_TTACCGCAGCCAGTAG,Memory CD4 T cell
L5_CCTACGTCAGCTACAT,Hematopoietic progenitor cell
E2L5_TGCCGAGTCTGGGTCG,Naive CD4 T cell
E2L2_AGAGCAGCAGCATTGT,Memory CD4 T cell
L3_TGCAGTATCGGCCCAA,Proliferating NK cell
L1_GTTAGTGCACACGGAA,Cytotoxic CD8 T cell
E2L7_TGCGGCAAGAGGACTC,CD161+ memory T cell
L4_GAGGGTAAGCGCAATG,Hematopoietic progenitor cell
E2L6_CACATGAGTCGAATGG,NK cell
L1_GAGTTGTTCATTCGTT,Naive CD4 T cell
E2L4_GAGTGAGCAAACCATC,Low-quality cell
L4_ATCCCTGGTATCAGCT,CD161+ memory T cell
L5_TGATGCAAGTCGCGAA,CLEC9A dendritic cell
E2L2_TGGGCTGGTCGCTTAA,FCGR3A monocyte
L2_GGGACCTGTCCCACGA,Plasmacytoid dendritic cell
L3_GGCTTTCAGTAAGAGG,Naive CD4 T cell
E2L1_GGAAGTGAGAGTGTTA,Platelet
E2L1_AGGTTACCAATTGAGA,B cell
E2L7_ACTCCCAGTTGGGCCT,Cytotoxic CD8 T cell
E2L3_TGTAAGCCAATTCGTG,CD1C dendritic cell
L5_CACATGATCGCCGTGA,Cytotoxic NK cell
E2L8_GGTGTCGCAAGCACCC,CD14 monocyte
E2L4_GGATCTAGTCGAGTGA,Cytotoxic CD8 T cell
L5_CATGGTACAAGGTCTT,Gamma delta T cell
L5_GGAACCCGTTCTCAGA,Plasmacytoid dendritic cell
E2L2_AAATGGACATTGTGCA,CD1C dendritic cell
E2L1_CTTGAGACAAAGGCGT,Memory CD4 T cell
E2L2_GCACGGTGTTGACTGT,Cytotoxic NK cell
L4_CTATAGGTCCCGTTCA,Cytotoxic NK cell
E2L8_CTGATCCTCCTCAGGG,Cytotoxic CD8 T cell
E2L2_TGCTGAAGTCGTTGGC,B cell
E2L3_CGTTCTGGTAGAGCTG,CD161+ memory T cell
E2L6_ACGTAGTTCGATCCCT,Plasma cell
E2L7_GTGCTTCCACCAGCTG,Platelet
E2L4_TCGTAGACAACACGAG,B cell
E2L4_TTCACCGCACTTGTCC,Plasma cell
E2L2_ACGTAGTGTATTCCGA,B cell
E2L1_TTGTGTTCACCGGCTA,B cell
L5_CCTCATGCATGACGAG,Cytotoxic NK cell
E2L4_TTTCAGTTCCTATTGT,CD161+ memory T cell
E2L5_TGTAACGCAACACAAA,Gamma delta T cell
E2L2_CGGGTCATCCAGCCTT,CD14 monocyte
L1_GTTAGACTCTAGTTCT,Naive CD4 T cell
L1_GTACAACAGTTATGGA,Hematopoietic progenitor cell
L1_GAGTTTGTCGTAGAGG,Cytotoxic CD8 T cell
L3_TCGCTTGCAACTCCAA,B cell
E2L4_TCGGATATCTTCCCGA,Naive CD4 T cell
E2L7_TTACAGGAGCTCGGCT,Cytotoxic NK cell
E2L6_GAGAAATCACGGCACT,Plasmacytoid dendritic cell
L1_GTTATGGTCTCACTCG,Naive CD4 T cell
L3_CAGATACCACAAGGTG,NK cell
E2L6_CCTACGTTCGAATCCA,CD161+ memory T cell
E2L5_GTTTACTTCTGTTCAT,Plasma cell
L4_CCACGAGAGAGAGTTT,CD161+ memory T cell
E2L6_TAAGCACAGTACGAGC,Plasmacytoid dendritic cell
L5_GTACAACAGACAGCTG,GZMK+ CD8 T cell
L4_ATGTCCCCATACAGGG,Memory CD4 T cell
E2L4_ATTACCTAGATACAGT,Proliferating NK cell
L1_GGGCTCAGTTCTTAGG,Hematopoietic progenitor cell
L1_CACTAAGCACGAAAGC,CD161+ memory T cell
E2L6_AGTTAGCTCTAAGCGT,Plasmacytoid dendritic cell
L4_CTCCCTCGTCCGAAGA,Plasmacytoid dendritic cell
L5_ACCCTCAGTGGATCAG,FCGR3A monocyte
L2_GCCAGCATCGAGCCAC,NK cell
E2L8_TATCAGGCAAGTTGGG,Hematopoietic progenitor cell
L1_CCGGGTAGTTTACTGG,Plasma cell
E2L8_GGGACAATCTTGGTCC,Cytotoxic NK cell
L1_CTCCATGCATCGGCCA,GZMK+ CD8 T cell
L5_TTACCATAGATAACAC,Cytotoxic CD8 T cell
E2L7_ATTCCTACAGGTCCCA,Memory CD4 T cell
E2L2_CTTACCGTCTCCTGCA,Cytotoxic CD8 T cell
L4_CCATCACAGACGCCCT,Cytotoxic CD8 T cell
L1_AGGGTCCAGACTACCT,Plasmacytoid dendritic cell
E2L3_TTCACGCCAGCAGTTT,GZMK+ CD8 T cell
L2_GAATCGTTCCACGTGG,B cell
L3_GTCGTAATCCGTGACG,CD14 monocyte
L2_GAGATGGTCGAATGCT,Hematopoietic progenitor cell
E2L8_TTTGATCCAATGTGGG,Platelet
E2L7_AACCATGAGCGGGTTA,CD1C dendritic cell
E2L6_GGGAGATGTGCATTTG,Memory CD4 T cell
E2L4_CATGAGTCACGACGCT,Proliferating NK cell
E2L6_TCAGTCCGTGTTACTG,CD1C dendritic cell
L1_GTATTTCCATGGCTGC,Hematopoietic progenitor cell
E2L1_CTTCTAACAGGCTCTG,Gamma delta T cell
E2L4_TACCCACCACCGCTGA,Memory CD4 T cell
L5_TACATTCTCTTTGATC,Cytotoxic CD8 T cell
E2L6_GCCGTGAGTAGACAGC,Memory CD4 T cell
E2L7_GTGCAGCTCCGTGGGT,Memory CD4 T cell
L5_CGCCAGACAAACCACT,Cytotoxic CD8 T cell
L1_AGGCTGCTCTAGCCTC,Plasmacytoid dendritic cell
E2L2_CCACGTTGTGGGACAT,B cell
L4_GTAAGTCGTCGCATGC,CLEC9A dendritic cell
E2L1_AATAGAGTCCGGACGT,NK cell
L2_TTGTGGATCTGCCTCA,CD161+ memory T cell
E2L4_AGGTCTAAGCCTCAGC,NK cell
L2_GTGCAGCAGGTTGGTG,Proliferating NK cell
L1_ATTGTTCAGCCACAAG,Naive CD4 T cell
L3_GATCACACAGTTCCAA,Platelet
E2L6_CACTAAGTCGTTCTAT,FCGR3A monocyte
L4_GGAATGGCAGAAGCGT,Naive CD4 T cell
L2_CATGCTCAGTATGATG,Naive CD4 T cell
L5_GTAGGTTCATCCTAAG,Naive CD4 T cell
E2L4_ACGATCACAATAGAGT,Platelet
E2L2_AATCACGCATCCGATA,NK cell
E2L2_TCAGTGATCTAAGCCA,Gamma delta T cell
E2L2_CAAAGAAGTACCGGAA,Cytotoxic CD8 T cell
E2L6_CCGGACAAGAGTTGTA,Plasmacytoid dendritic cell
E2L5_TTCGCTGGTCAGGAGT,B cell
E2L7_TTTACTGCAGCGTTGC,CD1C dendritic cell
L4_TACCTCGCACACACGC,Cytotoxic CD8 T cell
L5_CGACAGCTCTCGTGAA,Naive CD4 T cell
L5_CCCTGATGTCCCGGTA,Plasma cell
E2L3_TAGACCATCTTTGATC,Memory CD4 T cell
L1_AGGCTGCTCTGCGGAC,Naive CD4 T cell
E2L3_TAACGACAGCCTTTGA,Hematopoietic progenitor cell
E2L6_GTTCTATAGGAGGCAG,Naive CD4 T cell
E2L3_ATATCCTTCTGCTTAT,Naive CD4 T cell
E2L1_AGTCAACAGCATGCAG,CD1C dendritic cell
L1_GTCTCACCATTGTCGA,Memory CD4 T cell
L4_CGAGGAAGTTCAGCGC,Naive CD4 T cell
L4_GTGCAGCCAAATAAGC,Cytotoxic CD8 T cell
L3_ACGGTCGGTGCCGTTG,B cell
E2L3_TCATATCTCTGCGATA,Memory CD4 T cell
E2L2_TGCAGATTCACGGTCG,Cytotoxic CD8 T cell
E2L7_CCACACTCACGCGTGT,Cytotoxic NK cell
E2L7_GTGCAGCCAAGATGTA,FCGR3A monocyte
L5_TTACAGGGTTCTTGCC,FCGR3A monocyte
E2L2_CCCTCAAAGTGGCAGT,Cytotoxic CD8 T cell
E2L7_GAAGTAAGTATCAGCT,Platelet
L3_GGTCACGCACCGTCTT,Naive CD4 T cell
L2_TCCTAATTCCAGTGCG,Naive CD4 T cell
L2_TTCCTCTTCGGCTATA,Naive CD4 T cell
L1_TGATCTTTCGCTGACG,Memory CD4 T cell
E2L2_TTTACCAGTCAAGTTC,Proliferating NK cell
E2L5_GATGGAGTCCGCGGAT,Platelet
E2L2_GCAACATGTATACCTG,CD1C dendritic cell
L2_CTTTCGGAGAGAGCCT,B cell
E2L8_TCCGGGAGTGTTGATC,Cytotoxic CD8 T cell
E2L7_TCATGAGGTCTCAAGT,Erythroid cell
L1_GTGAGCCAGATTCGCT,CD1C dendritic cell
E2L5_ATAGACCTCAATCCGA,Memory CD4 T cell
E2L3_AGTCTCCAGTTGAAAC,B cell
L3_AGGGTTTGTGTGACCC,Platelet
E2L5_GAAATGATCGCGTGCA,Naive CD4 T cell
L4_TCTACCGAGCGTTGTT,Naive CD4 T cell
E2L5_AGGAGGTAGTGTTCAC,Proliferating NK cell
E2L8_ACGTAGTTCATGAAAG,NK cell
L3_TCACACCCAAGTGGGT,Naive CD4 T cell
E2L3_TACTTGTTCGAAGCCC,FCGR3A monocyte
E2L5_CAAGAGGCATACTTTC,Cytotoxic CD8 T cell
L5_GTAGAGGTCTTTACAC,Cytotoxic CD8 T cell
E2L6_TGAGGAGTCGTACCTC,Plasmacytoid dendritic cell
L1_TAATCTCAGCGTGTTT,Cytotoxic CD8 T cell
E2L1_ACCACAAAGAGCATAT,CD161+ memory T cell
E2L7_AACAAAGGTTCAGTAC,CD14 monocyte
L5_CGTTAGATCGGACAAG,Cytotoxic CD8 T cell
L3_ACACCAAGTAACGCGA,B cell
E2L6_TACAGGTTCTGCCTGT,Proliferating NK cell
E2L2_GTCATCCTCCTCGATC,Cytotoxic CD8 T cell
L1_GCAACCGGTAGTGTGG,B cell
L5_CATCAAGCATTCATCT,CD1C dendritic cell
E2L7_TAACCAGGTGGCTACC,Cytotoxic CD8 T cell
E2L1_AGGGTTTGTGCGGTAA,Hematopoietic progenitor cell
L5_TCAAGCATCCGAAATC,Memory CD4 T cell
E2L1_GCGATCGAGTATGACA,Plasmacytoid dendritic cell
E2L3_AGACAAAAGATGACCG,Proliferating NK cell
L3_GGCTTTCTCCTAAACG,Memory CD4 T cell
E2L8_ATCCTATAGAGGGTGG,B cell
L2_TAGTGCACAATCTGCA,CD161+ memory T cell
E2L8_GTTGCTCTCGGTGTTA,Cytotoxic CD8 T cell
L2_TTACAGGCAGACGGAT,Plasmacytoid dendritic cell
E2L7_CCGGTAGGTGTAGCAG,Memory CD4 T cell
E2L4_ACAGGGATCGGTGTAT,Naive CD4 T cell
L2_CCGATCTGTCGTGGTC,Memory CD4 T cell
E2L8_TCTTGCGTCAGCTTGA,B cell
E2L2_ACGTTCCAGCTGGCTC,NK cell
E2L2_TTGAACGGTGTTTGCA,Cytotoxic NK cell
E2L8_AAGACTCAGCGATCGA,Cytotoxic CD8 T cell
E2L5_GCATTAGGTACAGTTC,Plasma cell
E2L4_GCCAGGTTCTGTCGTC,Proliferating NK cell
L4_GCATCGGCATGGCTGC,CD161+ memory T cell
L4_ACCATTTAGCATCCCG,Cytotoxic CD8 T cell
L3_TGCGACGGTGGTCCCA,CD1C dendritic cell
L2_TTAGTCTTCTGGCCAG,Naive CD4 T cell
E2L8_TCATGTTGTGTTCAGT,NK cell
L4_GCGGATCCAACGGGTA,Plasma cell
E2L1_TCAAGACGTATCGGTT,Naive CD4 T cell
L5_GAAGTAATCTTCGTGC,CD161+ memory T cell
E2L2_TTTGATCAGCCATTCA,Cytotoxic NK cell
L3_TGGGAGAGTCCGCAGT,FCGR3A monocyte
L5_CGGAGAATCAGCTCTC,CLEC9A dendritic cell
E2L6_TTCGCTGGTACGGTTT,NK cell
L1_GCTGAATCATGGAGAC,Naive CD4 T cell
E2L8_ATCTCTAAGGCCATAG,B cell
L4_TACTTCAGTAAGATTG,B cell
E2L5_CTCCTTTTCACTTGGA,B cell
E2L3_CGGGCATGTCCAAGAG,Cytotoxic CD8 T cell
E2L7_GTGATGTGTATGGGAC,CD14 monocyte
L3_TGTAGACTCACTGAAC,B cell
L2_TGAGCATCAATGACCT,Memory CD4 T cell
L5_TGATCAGAGATGGTCG,NK cell
E2L6_TCCCACATCAAGGTGG,CLEC9A dendritic cell
L5_CGTAGTATCGACCACG,Naive CD4 T cell
E2L4_ACTATCTTCGACACTA,B cell
E2L5_TACACCCTCTGTCCCA,Naive CD4 T cell
L3_TACTTCACAAGACGAC,Gamma delta T cell
L4_CTCTCAGAGACGCTCC,CD14 monocyte
L4_GGAAGTGAGGTGATCG,CD161+ memory T cell
L2_TTCCGTGCAATAGTAG,Plasma cell
L4_TGCGGGTAGCGTCAGA,B cell
E2L5_TCATGTTCAATCTCTT,GZMK+ CD8 T cell
L1_TCGAAGTCAACCTAAC,CLEC9A dendritic cell
L3_AAACCCATCTGTCAGA,Cytotoxic CD8 T cell
L5_GTAGGAGAGCTGGCTC,Naive CD4 T cell
L4_AAAGAACTCCAACCGG,Cytotoxic CD8 T cell
L2_AGAAATGGTGCCTTCT,B cell
L2_CTCCAACCAGCATCTA,Hematopoietic progenitor cell
E2L5_GGTGGCTGTGACTGAG,B cell
E2L7_GTAGAGGCAGGTCAGA,Plasmacytoid dendritic cell
E2L5_TGGAACTGTGCAGATG,Cytotoxic CD8 T cell
L5_GGTTCTCCAGATAAAC,Naive CD4 T cell
E2L5_GTCGAATTCCATCGTC,Cytotoxic CD8 T cell
L2_GAGTCTACATATCGGT,CD1C dendritic cell
E2L5_CGCCATTCATGCCATA,Cytotoxic CD8 T cell
L1_AACCTTTAGAGAGCCT,Naive CD4 T cell
L3_TTGCATTAGGAGTATT,CD161+ memory T cell
E2L7_GTAGGTTTCCCAAGTA,Memory CD4 T cell
E2L6_CGCATAAAGTCGTTAC,CD14 monocyte
E2L5_GCCAGGTCACGGATCC,Cytotoxic CD8 T cell
L2_CTTGATTAGCCACCGT,Naive CD4 T cell
E2L3_TCCTTTCTCTGGTTGA,Cytotoxic CD8 T cell
E2L6_ATCACTTTCCCAAGTA,CD14 monocyte
L5_ACACCAACACCCAATA,Cytotoxic CD8 T cell
E2L1_AGCGTATCATCCGGTG,Naive CD4 T cell
E2L2_AGCCAGCAGGGCTAAC,Plasmacytoid dendritic cell
L3_CGCCATTTCCGTATAG,Naive CD4 T cell
E2L4_CCATAAGAGGATGTTA,Cytotoxic NK cell
E2L7_CTGGTCTAGCATTTGC,Memory CD4 T cell
E2L6_GCGGATCTCCAATCTT,B cell
E2L4_TCTCTGGTCTAGTTCT,Platelet
E2L1_GATCATGGTAGAATAC,CD14 monocyte
E2L1_TCTATCATCTTCTAAC,Cytotoxic CD8 T cell
L1_CTATCCGTCTCGCTTG,Proliferating NK cell
L5_TCCTTCTCAGCGTTTA,Hematopoietic progenitor cell
E2L7_TACCGAAGTTGGGAAC,CD161+ memory T cell
E2L7_TGGTTAGTCTGGTGCG,Plasmacytoid dendritic cell
L4_AAAGTGATCGTTCTCG,Platelet
E2L5_GAGTCTACAGGTAGTG,Plasmacytoid dendritic cell
E2L6_TTTATGCCACCAGACC,Cytotoxic CD8 T cell
L1_GTTAGACTCCTAACAG,Memory CD4 T cell
E2L7_CTTCCGATCCTTGAAG,B cell
L1_ACTCTCGAGTCCTGCG,Memory CD4 T cell
L2_TCACGGGGTTCCTTGC,B cell
L1_TGTCAGAGTCTCGGAC,Naive CD4 T cell
E2L4_AACCCAACAATAGAGT,Plasma cell
L4_GCTACCTGTGCTATTG,B cell
L4_CGAGTGCAGCAGGTCA,Cytotoxic CD8 T cell
L2_GTCAGCGGTTTGAAAG,CD14 monocyte
L4_CGAATTGGTTACGCCG,NK cell
E2L7_CATCGGGAGCGTGTTT,Memory CD4 T cell
E2L8_TCATTCACATGTACGT,Cytotoxic CD8 T cell
E2L7_TCCTCGAAGTGCCGAA,B cell
E2L3_ATCGTCCCACATAGCT,CD14 monocyte
L3_CGTTAGAAGGCCTTCG,CD161+ memory T cell
L2_GGGTCTGGTACACTCA,Naive CD4 T cell
L5_CTAACTTTCCCGAACG,Platelet
E2L7_GTGCACGGTCGTGTTA,Memory CD4 T cell
E2L2_CCATCACCACGAAAGC,B cell
E2L4_TGCTCGTCACAACGCC,Memory CD4 T cell
E2L2_CGGAACCAGGTTCATC,Platelet
E2L8_TTGTTCATCCCGTTCA,Plasmacytoid dendritic cell
E2L8_GCCATTCTCCGTAGGC,B cell
E2L3_TTGGGCGGTCTGTGTA,CD14 monocyte
L2_TTGAACGAGCACTTTG,Cytotoxic NK cell
E2L2_TGGAGAGCACTCCACT,FCGR3A monocyte
L1_GATGTTGTCCTTACCG,FCGR3A monocyte
L2_CTAACCCCAACCCGCA,Naive CD4 T cell
L2_GAAATGAAGCCAGTAG,Plasma cell
E2L1_AACCACAGTAACGGTG,Cytotoxic CD8 T cell
L5_GAGCCTGTCAAGCTTG,Cytotoxic NK cell
E2L4_CATAGACTCGGTAGAG,B cell
E2L1_GTCTCACAGCTGTGCC,CLEC9A dendritic cell
E2L1_GGGCCATGTGCCTATA,Memory CD4 T cell
E2L5_CATCGGGGTCCGTACG,B cell
E2L5_CCCATTGAGTGCAGGT,Plasma cell
L2_TTGTTGTGTCGGTGAA,CD1C dendritic cell
L5_ACTATTCCAGGCCCTA,Naive CD4 T cell
L3_TTCAATCTCGGTGTTA,Hematopoietic progenitor cell
E2L4_CTCTCAGGTAACGATA,Proliferating NK cell
E2L1_TCTTCCTGTACCGGCT,B cell
L5_GGATGTTCAAGAGGCT,Naive CD4 T cell
L4_AACAACCTCAACCCGG,Erythroid cell
E2L4_CCGAACGTCATAGGCT,Memory CD4 T cell
L2_CTGATCCTCTCAAAGC,CD161+ memory T cell
L4_TCATCCGCATTGAAGA,CD1C dendritic cell
E2L4_TGGGCGTAGGTCCCTG,Cytotoxic CD8 T cell
L4_CATTCCGAGGGTCACA,B cell
E2L5_CTCTCAGGTAGCTGCC,Naive CD4 T cell
E2L8_TATCTTGAGATGACCG,FCGR3A monocyte
L5_TCAATTCGTAGGAAAG,Naive CD4 T cell
L5_AGGATAATCACTCCGT,Naive CD4 T cell
E2L8_ACGGGTCTCGTAATGC,CD14 monocyte
L1_GAGGGATGTTGAATCC,Hematopoietic progenitor cell
E2L5_AGTGACTGTCCTACAA,Platelet
E2L4_CGAGGCTCAGCCGGTT,CD161+ memory T cell
L3_TCTACATGTCTGTGGC,CD161+ memory T cell
L5_CATTCTAAGTGGTTAA,Hematopoietic progenitor cell
E2L1_TTCCTAAAGTACTGGG,Cytotoxic CD8 T cell
E2L2_GGAGGATGTTCGGGTC,NK cell
E2L7_GCGTGCACAGTTTCAG,Memory CD4 T cell
E2L6_CCAATGAAGGCTGGAT,FCGR3A monocyte
E2L8_TCCGATCCACCATATG,Cytotoxic CD8 T cell
L1_TCGCACTTCCCGTGAG,Naive CD4 T cell
E2L1_TCCTTTCCACCCTAGG,FCGR3A monocyte
L1_TTCTAGTAGAGGTCAC,Naive CD4 T cell
L3_AAACGAAGTCCTTGTC,CD1C dendritic cell
L2_CTCAGTCGTCGTAATC,Proliferating NK cell
E2L3_TGATGCAGTGATACCT,Cytotoxic NK cell
E2L5_AAGTTCGAGCACTCGC,Cytotoxic CD8 T cell
L2_GAGTTACTCTTCGGAA,NK cell
L5_GGTTCTCGTTCCAGGC,Hematopoietic progenitor cell
E2L4_CGTAGTACACTATCGA,CD161+ memory T cell
E2L5_ATGATCGAGAATCGTA,CLEC9A dendritic cell
E2L6_GGTCTGGTCTCGGTAA,Cytotoxic CD8 T cell
L2_CAAGGGAAGGCCATAG,Cytotoxic CD8 T cell
L3_ACAACCAGTCTGTCAA,Cytotoxic CD8 T cell
E2L1_TCACATTCATCTTAGG,Memory CD4 T cell
E2L3_TTGGGTATCCCGTGTT,Cytotoxic CD8 T cell
E2L5_ATGTCCCCAACCGATT,Memory CD4 T cell
E2L4_CTCCTTTTCTCTGCTG,CD14 monocyte
L3_AGCGATTCAGCCTATA,CD14 monocyte
E2L3_ACCTGAAGTGAACGGT,Naive CD4 T cell
E2L1_TGAGTCATCAGGAAAT,Cytotoxic CD8 T cell
E2L2_TTTGACTTCCGCACTT,Memory CD4 T cell
L2_GTGAGGAGTACAAGTA,CD161+ memory T cell
L1_GAATAGACACAAGCAG,Hematopoietic progenitor cell
E2L8_CACGGGTCAGTATACC,Naive CD4 T cell
E2L3_TGGTTAGTCTTCGTAT,Cytotoxic CD8 T cell
E2L5_CTTGATTAGAGATGCC,Platelet
E2L2_TCGTGGGAGAATCCCT,Naive CD4 T cell
L4_GTTTGGAAGTTGGCTT,Cytotoxic CD8 T cell
E2L6_ATCGGCGAGAAGTCCG,Plasmacytoid dendritic cell
E2L3_GTTACAGGTTAGGAGC,Plasmacytoid dendritic cell
L1_CGAGAAGTCCAATGCA,Memory CD4 T cell
L1_ATCGGATAGACCAACG,Naive CD4 T cell
E2L3_GCTTTCGTCGACGATT,CD14 monocyte
E2L5_CGCGTGACACACGGAA,B cell
E2L6_GGGCGTTTCACCTTGC,Gamma delta T cell
E2L7_TGGTGATGTTTGAAAG,Hematopoietic progenitor cell
E2L3_CCCTCAAGTAGCTGAG,B cell
E2L5_GACCGTGGTCGTCTCT,B cell
L2_TCGAAGTTCAAAGCCT,Memory CD4 T cell
E2L5_CCGCAAGTCGTTCCTG,Memory CD4 T cell
L4_AACCATGCATAACTCG,GZMK+ CD8 T cell
E2L4_GTGTTCCCAATACGAA,Memory CD4 T cell
L3_CTCATTAGTCATGGCC,Cytotoxic CD8 T cell
L5_TCGACCTTCGCGTCGA,CD14 monocyte
E2L4_AAAGTGATCTTTACAC,NK cell
L1_ATTGTTCCAACAAAGT,Naive CD4 T cell
E2L4_GTGGAAGCACAGTGAG,Platelet
E2L3_GTGCACGCATCTTAGG,NK cell
L1_GGTGATTGTCTTTATC,Memory CD4 T cell
E2L2_CTTTCGGGTAGATTAG,CD14 monocyte
E2L5_TCGCTCACAATGGGTG,Cytotoxic CD8 T cell
E2L2_TACCGAAGTTGACGGA,CD1C dendritic cell
E2L2_AGGGCTCTCCACTGGG,Plasmacytoid dendritic cell
E2L7_GTGTGATGTAATGATG,Cytotoxic CD8 T cell
L3_TCGGGACGTCAAGTTC,Proliferating NK cell
E2L7_TGAATGCTCAGTGTTG,B cell
L1_GTGCTTCAGTCATACC,NK cell
E2L5_CGGGTCACACATACTG,B cell
E2L6_GGATCTATCATCGCAA,Platelet
E2L5_GGAATCTCACTACCCT,Cytotoxic CD8 T cell
E2L5_TTGGTTTGTGTTCCAA,Platelet
E2L5_TAACACGTCTGTCGTC,Naive CD4 T cell
E2L3_AAAGTGACACCAGCCA,Proliferating NK cell
L3_AAAGTGAGTGAGATTA,B cell
E2L8_GCACATAAGCTAGAGC,NK cell
E2L4_AGGACTTCACGAGGAT,CD14 monocyte
E2L8_CAATCGAAGTTGGAAT,CD14 monocyte
L1_TTCAATCTCTCTCCGA,NK cell
E2L2_CGGTCAGAGACATAAC,Cytotoxic CD8 T cell
E2L1_GATGATCAGATACCAA,B cell
E2L8_CGTCAAAGTTCGGTCG,B cell
E2L6_TTGTTCACAGGCCCTA,Plasma cell
E2L3_ATCATTCTCGCGTAGC,B cell
E2L3_TAGACTGTCGTAGAGG,Platelet
L3_TTTGATCTCCAACACA,Plasmacytoid dendritic cell
L2_CATCCCATCGCAGATT,CD161+ memory T cell
L2_TCCTCGAAGTTACGTC,Cytotoxic CD8 T cell
E2L6_CACAACACAATTCTCT,B cell
L2_CCCTGATTCCTTTGAT,Cytotoxic CD8 T cell
L5_AACGAAATCCACTGGG,Naive CD4 T cell
L4_ACCACAAGTTCGAACT,Plasmacytoid dendritic cell
L2_AGTACCATCTGTTCAT,B cell
E2L6_ATTATCCCACTCTGCT,B cell
E2L7_CATCCGTCATACGCAT,NK cell
E2L8_CCTTTGGTCCTTTAGT,NK cell
E2L6_CATAGACTCGGTCTGG,Proliferating NK cell
L4_TTGCCTGCATACTGTG,B cell
E2L8_TCCATGCGTATAGGGC,Cytotoxic CD8 T cell
L2_GACATCAGTCACCGCA,Naive CD4 T cell
L3_TTTACGTGTCTGATAC,Plasma cell
L4_AAGATAGTCGCGATCG,Erythroid cell
E2L7_AATTCCTCATGCCGCA,Naive CD4 T cell
L2_GATTCTTGTCCTTAAG,Plasma cell
E2L8_TCATCCGCAGTCAGTT,Naive CD4 T cell
E2L5_AGTTAGCTCGCTAGCG,Proliferating NK cell
E2L2_AGACACTGTTAAGACA,Proliferating NK cell
L1_GTGAGCCAGGTCTTTG,Memory CD4 T cell
E2L1_TATTGCTAGCCATTCA,CD161+ memory T cell
E2L2_GATAGAACATCAGTCA,Memory CD4 T cell
E2L8_ACGGTCGAGGGTTTCT,Gamma delta T cell
E2L3_GTCGTTCTCGTCCATC,CD1C dendritic cell
L3_AGGAGGTCAGAGGGTT,Plasma cell
L1_AGACAGGGTGCATTAC,Naive CD4 T cell
L1_TCACGCTGTACCAGAG,Erythroid cell
E2L3_CATCCACGTAGTGGCA,Plasmacytoid dendritic cell
E2L2_GAGGGTAGTTTGAAAG,Proliferating NK cell
E2L6_TAGACTGGTCGAAGCA,Cytotoxic CD8 T cell
E2L8_CTTCTCTAGTATAGGT,Erythroid cell
L5_ACCGTTCAGCATGTTC,CLEC9A dendritic cell
L4_AAGACTCAGGTGCCAA,Memory CD4 T cell
E2L6_TTCCGGTCAACTCCCT,NK cell
L1_GCCATTCTCATCGGGC,Naive CD4 T cell
E2L8_TGTCCTGTCAGACCGC,Cytotoxic CD8 T cell
E2L8_CAACCTCGTAACCAGG,Memory CD4 T cell
L5_CCGTGAGAGATGCTAA,Plasma cell
L1_TGTGCGGTCATTACGG,Proliferating NK cell
E2L5_CGTAAGTGTCACAGAG,Plasmacytoid dendritic cell
E2L8_CTCCCAACAGTGGGTA,Naive CD4 T cell
L5_CGGACACGTGAGTCAG,FCGR3A monocyte
E2L6_TCGGATAGTCGCATTA,GZMK+ CD8 T cell
L3_GGAGGATGTGCGGATA,B cell
E2L7_GGAATCTAGGATTCCT,Proliferating NK cell
L1_AGCGCTGTCAGCTGAT,Plasma cell
E2L1_GTATTTCTCTTACTGT,Cytotoxic CD8 T cell
E2L4_GGCTTTCGTCGCTTAA,FCGR3A monocyte
L1_TAAGCACCAGAGGCTA,Proliferating NK cell
E2L8_AAGACTCGTTCTTGCC,Cytotoxic CD8 T cell
L5_CGGGACTGTAACCCTA,Proliferating NK cell
L2_GTCAAGTCACAATTCG,Hematopoietic progenitor cell
L1_GAAGTAAGTGCCCTTT,Memory CD4 T cell
L4_CATGGTAGTCTACTGA,Proliferating NK cell
L5_TAGGAGGCAGAGTCAG,FCGR3A monocyte
L5_CAAAGAAAGAAAGCGA,B cell
E2L6_CAGGCCAAGCCTCATA,CD14 monocyte
E2L6_GCACATATCCATTGCC,Naive CD4 T cell
E2L8_GACAGCCCATGTTCAG,Memory CD4 T cell
E2L2_TGTTTGTGTTTACCAG,Naive CD4 T cell
E2L4_GCACGTGCACTCATAG,CD14 monocyte
E2L1_TCTGCCAAGCAAGTCG,CLEC9A dendritic cell
E2L5_TGGGCTGCAACAGAGC,Naive CD4 T cell
L2_GGGTCACCATTATGCG,Naive CD4 T cell
L1_GATTGGTGTTTACTGG,Cytotoxic CD8 T cell
L5_CTGTAGAGTATTCCTT,CD161+ memory T cell
L5_GGGTTATCACATGTTG,Naive CD4 T cell
E2L8_TTGAACGAGGATCACG,NK cell
L4_GACCCTTGTAGTGTGG,FCGR3A monocyte
L1_CATACCCGTTCCGCTT,Naive CD4 T cell
E2L4_ATCCACCGTAGCGCCT,Cytotoxic CD8 T cell
L3_TGGAGGAGTGTTGATC,Naive CD4 T cell
L2_CATGCAACACCCAAGC,B cell
E2L1_AGACACTGTGTCGCTG,CD14 monocyte
E2L6_GTAGAAACAAGACAAT,Memory CD4 T cell
E2L7_TGATCTTAGACTGTTC,Memory CD4 T cell
L3_CTGGACGGTGATTAGA,Naive CD4 T cell
E2L3_GCCATGGTCGTTCTCG,Cytotoxic CD8 T cell
L4_TTCGGTCCAAATTGCC,Naive CD4 T cell
L1_CATACTTGTCATATGC,Memory CD4 T cell
L2_AATCGACTCAATGCAC,FCGR3A monocyte
L3_ACTCTCGAGACGACTG,Memory CD4 T cell
E2L6_GGGTGTCAGATTCGCT,NK cell
E2L3_TTGACCCCACCATTCC,Plasmacytoid dendritic cell
E2L4_GTGATGTAGATGCTGG,NK cell
E2L7_AGATGCTTCCAAAGGG,Plasmacytoid dendritic cell
L3_TTTGATCAGTCGTCTA,Naive CD4 T cell
E2L2_AGTTAGCTCTTCCGTG,Naive CD4 T cell
L2_ATCACAGAGATGCTGG,Erythroid cell
L4_CTCGAGGCAAATTGGA,Naive CD4 T cell
E2L3_TTGCGTCTCTCATTTG,Memory CD4 T cell
E2L3_AGACTCAAGTGAGTTA,B cell
L2_ACACCAAGTGTAGTGG,Naive CD4 T cell
L3_TCGAACACACCAAAGG,Hematopoietic progenitor cell
E2L8_TTCCAATTCACCATGA,Plasma cell
L5_GTGGCGTAGACCAGCA,Memory CD4 T cell
E2L2_AAGTTCGTCGGCAGTC,Plasma cell
L3_TACGTCCCACGAGGTA,Cytotoxic CD8 T cell
L4_TGTTCCGCAAATCAGA,Memory CD4 T cell
L1_GATCACAGTACAGTAA,Memory CD4 T cell
L2_GTCACTCTCACGAGGA,B cell
L5_ACGATGTAGGAACGAA,CD161+ memory T cell
E2L5_ACTTCCGTCACATTGG,B cell
L1_AGTGTTGAGAAGTGTT,CD161+ memory T cell
L1_GCTGCAGTCCGTTTCG,CD1C dendritic cell
E2L3_CGCATAACACTACCCT,FCGR3A monocyte
L1_CCCTCTCGTCATCTAG,Memory CD4 T cell
E2L3_GACCTTCAGAGGGTAA,Naive CD4 T cell
E2L4_AGGATAATCTAAACGC,B cell
E2L7_CATGGTATCGAGTGAG,CD14 monocyte
L4_GGAGGATGTACCGGCT,Hematopoietic progenitor cell
E2L1_AGTGCCGAGACCCGCT,Memory CD4 T cell
E2L5_TCTCTGGTCCGGACTG,Cytotoxic CD8 T cell
L5_GAGTCATAGATCGGTG,Naive CD4 T cell
L4_GGAGGATTCGGATACT,CD161+ memory T cell
E2L7_GGAAGTGAGCATACTC,Naive CD4 T cell
L1_TCACAAGTCAACTGAC,Naive CD4 T cell
L2_TAGATCGTCCCGAGGT,Memory CD4 T cell
E2L5_CGTGTCTTCAGAACCT,Proliferating NK cell
E2L5_AGCGTATTCACTACTT,Cytotoxic CD8 T cell
E2L3_AAGATAGTCTGGTGCG,Memory CD4 T cell
E2L3_ACGGAAGCATCGGTTA,Plasmacytoid dendritic cell
L2_GTGGCGTCACTGCTTC,FCGR3A monocyte
L5_ACTATCTTCCGATGTA,CD161+ memory T cell
L2_GCAACATTCTAGGCCG,Cytotoxic CD8 T cell
L5_TCACTATTCGAGTGAG,Hematopoietic progenitor cell
E2L2_TGGATGTCAGTCTCTC,Naive CD4 T cell
E2L8_AGACAAAGTCTGTGTA,CD14 monocyte
E2L8_CTCAGAAAGAAGCTCG,Platelet
L2_AAAGAACAGATGGGCT,Hematopoietic progenitor cell
L2_CAATTTCGTAGGAGGG,B cell
L4_TTCAATCAGGCTTCCG,Plasma cell
E2L6_GACCCTTTCGAGCCAC,Memory CD4 T cell
E2L5_TAGGGTTCATGATGCT,Cytotoxic CD8 T cell
E2L1_CACACAAAGCGTACAG,FCGR3A monocyte
L5_CCGGACAAGCTGGTGA,Naive CD4 T cell
E2L5_CTGCATCGTCCACTCT,Proliferating NK cell
L2_CTGTACCCAGGTCAAG,Memory CD4 T cell
L2_CCTTGTGGTGGTGATG,Naive CD4 T cell
E2L4_GATCAGTCACCCAACG,Memory CD4 T cell
L3_GAGTCTAAGTCACAGG,FCGR3A monocyte
E2L4_GGAGGATAGGAGAGTA,Naive CD4 T cell
L2_TAACTTCCACAGGATG,CD161+ memory T cell
L2_CGTGATATCCTTACCG,Cytotoxic NK cell
L1_GTCCTCACACTTTATC,Cytotoxic NK cell
L4_TTTACGTCACGGTGTC,Hematopoietic progenitor cell
L3_ACGGTTACACCTCGTT,CD14 monocyte
E2L1_GGTGTCGGTCACTCTC,Cytotoxic CD8 T cell
L3_ACATTTCAGCATCAAA,Plasma cell
E2L4_TACACCCAGAGTCCGA,Naive CD4 T cell
E2L7_ATCCATTCACATGAAA,Plasmacytoid dendritic cell
E2L3_GTCGTTCCAGCTCTGG,B cell
L5_GAACACTCATTCACAG,Proliferating NK cell
E2L5_TGTGTGATCCAACACA,Proliferating NK cell
E2L8_TCGAAGTAGTTTCGAC,B cell
L5_CTTACCGGTCGTTGGC,Proliferating NK cell
L3_CGGAACCAGCTTTCCC,B cell
L5_AAGCGAGTCTGGTGCG,FCGR3A monocyte
E2L1_CTTCCTTAGTGTGTTC,Memory CD4 T cell
E2L5_GACATCATCTGGCCAG,Platelet
E2L5_TGCAGGCCAGTCGGTC,NK cell
L5_CCCGAAGGTTGCATTG,FCGR3A monocyte
E2L5_TGCATGACAGGCGAAT,Memory CD4 T cell
E2L3_ACGTAGTCAATAGTAG,Naive CD4 T cell
E2L5_GTCACGGAGGACCCAA,B cell
E2L7_CTCCCTCAGTCATAGA,CD14 monocyte
E2L6_CATTGAGCACAGCTTA,Cytotoxic NK cell
E2L1_ATCTCTATCCCTAGGG,Cytotoxic CD8 T cell
E2L6_GTTGAACCAGGAATCG,Naive CD4 T cell
E2L8_TACCTCGGTTATGTGC,Cytotoxic NK cell
L5_GTCATGAGTAGATGTA,Memory CD4 T cell
L2_ATCTCTATCTGAACGT,CD1C dendritic cell
L1_ACGTAGTGTAATTAGG,Proliferating NK cell
L4_GGGTATTGTAGGTAGC,Naive CD4 T cell
E2L6_CAAGAGGAGGCGTTGA,B cell
L4_CTACTATCAATAGTCC,Naive CD4 T cell
E2L5_AAACGCTGTGTCTCCT,CD1C dendritic cell
E2L5_GTTACGATCGGTAAGG,B cell
E2L1_GGGAGTACATGGTACT,B cell
E2L7_CAACGGCAGATGGTAT,Naive CD4 T cell
L2_TAGACCATCGCACGAC,Cytotoxic NK cell
E2L5_GAGACTTCAGGTCAGA,CD161+ memory T cell
L3_TACGGGCTCGCCTTGT,B cell
E2L5_CCCTTAGTCCCTATTA,Platelet
L3_AAACCCAAGCATGAAT,Cytotoxic CD8 T cell
L4_ACAGGGACAGTAGAAT,Plasmacytoid dendritic cell
L4_GCAACCGCAGAGTTGG,Naive CD4 T cell
E2L7_TCGGGACCATAGATCC,Platelet
E2L6_AACCATGAGTCACACT,Cytotoxic CD8 T cell
E2L2_CGCAGGTAGTCATTGC,Cytotoxic CD8 T cell
E2L5_TTAGTCTCAATCAGCT,Proliferating NK cell
E2L3_TCAGTTTAGTGCGTCC,Plasma cell
L2_CTTCAATCAGCGTTGC,CD161+ memory T cell
E2L1_GTGTTAGTCACAAGAA,B cell
E2L2_GGCTTTCGTTGGACTT,Memory CD4 T cell
L4_CAATACGGTACAAGCG,Plasma cell
E2L8_TTACCGCTCATCTATC,Naive CD4 T cell
E2L8_CCTCTAGTCTACCAGA,Memory CD4 T cell
E2L3_AGACACTAGGCTCTCG,Proliferating NK cell
L4_ACGTTCCGTGCATACT,Naive CD4 T cell
E2L4_CAGGGCTTCTCGCCTA,Plasmacytoid dendritic cell
L1_TTTGATCAGAAGTCTA,Erythroid cell
E2L3_CGCGTGACAACTTGCA,B cell
E2L8_AAGGAATGTCGCATCG,Plasmacytoid dendritic cell
E2L8_ACATGCATCAACGAGG,Naive CD4 T cell
L4_TACTTCAGTTAAAGTG,Cytotoxic NK cell
E2L3_GACACGCCAAGCACAG,Cytotoxic CD8 T cell
L2_GGTCTGGCATATAGCC,Memory CD4 T cell
E2L5_CTCATTAGTCATCCCT,NK cell
L5_CTGCTCACACTTGAAC,Hematopoietic progenitor cell
E2L3_GGCTGTGCAAGTAGTA,B cell
L5_TGGCGTGTCGTGTCAA,B cell
E2L5_CTAACTTTCTAAGCCA,Cytotoxic CD8 T cell
E2L7_CAAAGAACAGCGGTTC,Proliferating NK cell
L4_TGCAGATCATGACGGA,Naive CD4 T cell
E2L8_CAAGGGATCAACGTGT,B cell
L2_ACTATCTTCAGTCAGT,B cell
L1_TCCGGGAGTTAGAGAT,CD14 monocyte
L1_GAGTTGTGTCACTCGG,Naive CD4 T cell
E2L8_ATGATCGTCACTTGTT,Naive CD4 T cell
E2L1_ATCGTCCGTGTTTACG,Naive CD4 T cell
E2L4_TCAATTCGTATTGCCA,Cytotoxic NK cell
L4_TTACAGGTCTAGACCA,B cell
E2L1_CCGGACAGTGGACTGA,Naive CD4 T cell
E2L3_GTGAGCCTCCAAACCA,Proliferating NK cell
E2L6_TCCTGCACAGCCCAGT,B cell
L4_CGTAAGTTCTAGTCAG,Memory CD4 T cell
L4_AAGCATCAGGTTCTTG,FCGR3A monocyte
E2L2_CTGTACCCAGTATTCG,B cell
E2L7_TCTGTCGAGGCTTCCG,Cytotoxic CD8 T cell
L3_ATTACCTAGAGCCTGA,Naive CD4 T cell
L2_GTAGTACCAAACACGG,Proliferating NK cell
L3_GCGGAAACAGCTTCGG,Cytotoxic CD8 T cell
L3_TGCTGAAGTGAGTTTC,Cytotoxic CD8 T cell
E2L1_GTTGCGGTCCTTATGT,GZMK+ CD8 T cell
L3_TGTCCACCATAGAGGC,Cytotoxic NK cell
E2L8_TGAGCGCTCCTGTACC,Plasma cell
E2L3_AAACGCTAGTCGAAAT,CD161+ memory T cell
L4_ACTTCCGCAAAGCGTG,NK cell
L3_GAGACCCTCGCGCTGA,Plasma cell
L5_AAAGGGCGTAACACCT,GZMK+ CD8 T cell
E2L1_TTCTCTCAGGCCGCTT,Naive CD4 T cell
L3_CATGCAATCGCTCTCA,Plasma cell
E2L3_CACTTCGTCGCGCCAA,CD14 monocyte
E2L3_TGATCTTTCTTAGTTC,B cell
E2L5_GAACTGTGTACTCCCT,Cytotoxic CD8 T cell
L5_GTTACAGTCCGAGATT,Plasmacytoid dendritic cell
L1_GTTGCTCCATTCTGTT,NK cell
E2L1_AGCTACAGTGCTTCAA,Memory CD4 T cell
E2L7_CTCAATTGTCAAGCGA,FCGR3A monocyte
L5_GATTCGACACACACTA,Memory CD4 T cell
E2L4_GACTTCCTCCACCTCA,CD161+ memory T cell
L3_AATGGCTAGAAGCCAC,Naive CD4 T cell
L1_TAATTCCCAAACAGGC,Cytotoxic CD8 T cell
L3_TGCATCCAGCGCCTCA,FCGR3A monocyte
L5_ACAGCCGAGAATAGTC,Proliferating NK cell
E2L5_CCCTTAGTCACTGAAC,Naive CD4 T cell
E2L6_ATTACTCTCTTACCAT,FCGR3A monocyte
L5_CTCATTACATAATCCG,CD161+ memory T cell
E2L7_TGCGACGTCGCCTTTG,Proliferating NK cell
E2L1_CGGAGAAAGTCCTGTA,Platelet
L1_AACAACCTCCATCTAT,Naive CD4 T cell
L5_GGGTTATAGGGCTTCC,FCGR3A monocyte
E2L3_GCCATGGCATAAGCAA,Cytotoxic CD8 T cell
L2_TACCCACGTTGCTTGA,Memory CD4 T cell
E2L6_TAAGCGTAGTAGTCTC,Naive CD4 T cell
E2L6_GAGTCTAGTACAGCGA,Cytotoxic NK cell
L2_CATTCATCAAACTCTG,Memory CD4 T cell
L2_TCACGCTTCAAAGACA,Cytotoxic CD8 T cell
L1_CTGGACGGTGCTCCGA,Naive CD4 T cell
L5_ACAGAAAGTTACACAC,Naive CD4 T cell
L2_GTGCTTCAGTAAGAGG,Memory CD4 T cell
L3_CTGGACGCACAGCCAC,B cell
E2L4_TCCTTTCCATCGAAGG,CD14 monocyte
L5_TATATCCGTGTGTGTT,CD1C dendritic cell
L4_ATTACTCCAACAAGTA,Platelet
E2L3_AGTTAGCTCCTTCAGC,Naive CD4 T cell
E2L8_TCGTGCTTCAAGTAAG,B cell
L4_TCACACCGTGGACTGA,B cell
L5_TGGAGAGAGATCACCT,Proliferating NK cell
E2L7_ATACCTTGTCTTTATC,Memory CD4 T cell
L5_TGAGGTTCAGGCAATG,CD14 monocyte
E2L8_GGAGGTAGTACCACGC,B cell
L3_TCACTATGTGCGTCGT,Naive CD4 T cell
L5_CTAGGTAGTTGTGGAG,Proliferating NK cell
E2L8_CACTGGGTCCGGACGT,Proliferating NK cell
E2L6_GTCACGGCACCAGCTG,CD1C dendritic cell
E2L2_ATTCTACTCAGGAACG,Platelet
E2L4_GATGCTATCGTTCATT,Gamma delta T cell
L5_AGATAGAAGCGACATG,CD14 monocyte
E2L1_CACGTGGAGCTAGATA,Naive CD4 T cell
L4_TGATTTCGTACCGGCT,GZMK+ CD8 T cell
E2L5_TGTAAGCCACTTACAG,B cell
E2L2_GTGAGGAAGAATACAC,NK cell
L2_CTCTGGTTCCATTCGC,Hematopoietic progenitor cell
E2L5_GTTAGACTCAGCTTCC,B cell
L3_TTCGCTGTCGAACGGA,Naive CD4 T cell
E2L8_TGTCCACAGTGAGTGC,B cell
L5_GTTTGGACAGGCATTT,Cytotoxic CD8 T cell
L1_CATTGAGAGAGCCCAA,Naive CD4 T cell
E2L8_GAGTTTGAGAGGGCGA,Memory CD4 T cell
E2L5_TTGGGCGAGAAGCTCG,Naive CD4 T cell
E2L1_CTGTATTAGCCTCTTC,Cytotoxic CD8 T cell
E2L7_CACATGACATGATGCT,Plasmacytoid dendritic cell
L1_TTCGATTCATGTTCGA,CD161+ memory T cell
L4_GTCCACTAGCATGCGA,Naive CD4 T cell
L4_CTGCCATCACCACTGG,Memory CD4 T cell
L4_GTGCAGCTCGTGGGAA,Proliferating NK cell
E2L8_CCGTAGGAGTTGGAAT,Cytotoxic CD8 T cell
L3_TGCTCCAGTGGTGATG,GZMK+ CD8 T cell
E2L2_GATTCGAAGGTCATCT,Naive CD4 T cell
E2L3_TTCTTGAGTCTAGGTT,B cell
E2L7_GATGTTGCAAGCGCAA,Proliferating NK cell
L4_TCGCACTCATAGCACT,CD1C dendritic cell
L1_ATCGTCCGTAACTAAG,CD161+ memory T cell
E2L5_TCGTCCATCATCGCCT,Cytotoxic CD8 T cell
L4_AGGCTGCAGTGCCCGT,Hematopoietic progenitor cell
L2_CGACAGCAGACTCCGC,Memory CD4 T cell
E2L7_CAACCTCGTACCCACG,Naive CD4 T cell
E2L7_AGTCTCCCAGAACTCT,Cytotoxic NK cell
L4_GTAATGCCAGAGTTGG,B cell
E2L4_AAGTCGTTCTGACAGT,Proliferating NK cell
L2_GCTGGGTAGGTAGATT,GZMK+ CD8 T cell
E2L2_TTCCACGGTGTTAGCT,B cell
E2L7_TCGAAGTTCCAACTGA,FCGR3A monocyte
L5_GACGCTGAGAGTCAGC,B cell
E2L7_TCCCACAGTTGTCTAG,Naive CD4 T cell
E2L2_ACTGTCCGTATTGAGA,FCGR3A monocyte
E2L7_ACTTATCAGGCACGAT,B cell
E2L7_GGAGGTATCCGATAAC,CD1C dendritic cell
E2L5_GATCACAGTTTGTTCT,B cell
L5_AATCACGGTCGTACAT,Memory CD4 T cell
E2L6_TTGTTCACAAGAAATC,Proliferating NK cell
E2L3_CGAATTGCACGTAGTT,Memory CD4 T cell
E2L7_CACGGGTAGCACCGTC,Plasmacytoid dendritic cell
E2L1_CTACAGAAGACGGAAA,Memory CD4 T cell
L3_TTGTGTTGTTCGGCGT,CD161+ memory T cell
E2L4_GCAACATCATTCACCC,B cell
L1_GAGTGTTCAGAGAATT,Plasmacytoid dendritic cell
E2L4_AGAAGCGGTACGTGTT,B cell
E2L1_GTAAGTCTCCTTATCA,Memory CD4 T cell
L4_TCCGAAAAGGAGAGGC,FCGR3A monocyte
L5_TTTCATGAGAGCCGAT,Cytotoxic CD8 T cell
E2L7_CGATGCGCAATCCTAG,Memory CD4 T cell
L5_GGTGAAGCACTGCATA,CD161+ memory T cell
E2L7_AACGAAACACATCATG,Memory CD4 T cell
L1_AGGACTTAGCCGGATA,Cytotoxic CD8 T cell
L5_GTAACACGTTCTCCTG,Cytotoxic CD8 T cell
L2_ACGATCATCATTCGGA,Naive CD4 T cell
L1_GACACGCGTTGCTAGT,Naive CD4 T cell
E2L4_ACATCCCGTGCCGAAA,Memory CD4 T cell
L3_GCCAGCATCCTTATCA,CD161+ memory T cell
E2L6_TTTCCTCGTGATACAA,Naive CD4 T cell
E2L7_GAATAGAAGTTGTCGT,Proliferating NK cell
E2L3_ATGGATCGTGTTGATC,Proliferating NK cell
E2L7_GTTAGTGAGTAGACCG,Naive CD4 T cell
L2_TTCGCTGTCTTACGTT,CD1C dendritic cell
E2L1_AGAACCTAGCTAGATA,CD161+ memory T cell
E2L5_TTACCATAGAGAGTGA,CD1C dendritic cell
L2_CGCATGGTCTACTGCC,Cytotoxic CD8 T cell
L2_AGCTCAAAGTAAACGT,Cytotoxic NK cell
L4_TCAGTCCCATTGTACG,CD161+ memory T cell
E2L7_ATTGTTCAGACGTCGA,Naive CD4 T cell
E2L1_ATCCCTGAGGGATGTC,Plasmacytoid dendritic cell
E2L2_CCCTGATAGTCATCCA,Platelet
L1_ACCCTCACAAATCAAG,Memory CD4 T cell
E2L3_AATCACGTCTTAGCCC,Naive CD4 T cell
E2L5_CCACACTCAGCAGTAG,Memory CD4 T cell
E2L1_GTTCATTAGGGAGAAT,Naive CD4 T cell
E2L4_TTGAACGCACTGTCCT,Memory CD4 T cell
E2L2_CTGCTCACACTCCGAG,CD1C dendritic cell
E2L3_ATTTCACGTTCCACGG,Cytotoxic CD8 T cell
L1_ACTCCCACAACAAGTA,Naive CD4 T cell
L1_AGGATAACAACTCCAA,Hematopoietic progenitor cell
E2L2_TGTGATGTCCATTTAC,Platelet
L1_TGGAACTAGGGTCTTT,B cell
L2_ACCATTTGTCCCAAAT,CLEC9A dendritic cell
E2L2_CCACGAGGTAGCCAGA,Proliferating NK cell
L2_CTCAGGGTCTCGGCTT,NK cell
L3_AGCATCAAGCTACGTT,Naive CD4 T cell
L5_ATCACTTCAGCGATTT,Plasma cell
E2L8_CGAGTTAAGCTCCATA,Plasmacytoid dendritic cell
E2L7_GCAGCTGCATACCGTA,B cell
L4_TCCACGTTCCCAAGTA,Cytotoxic NK cell
L2_CAACCTCCAATAACCC,CD14 monocyte
L1_ATCGTAGCACGCGCAT,Cytotoxic CD8 T cell
E2L5_CTTGATTCAGCGTACC,Proliferating NK cell
L4_TCCTTCTAGCCAACCC,Platelet
L3_CGAAGTTTCTCGGTCT,Proliferating NK cell
E2L8_ACAGCCGTCTACTTCA,Cytotoxic CD8 T cell
L1_TGGGCTGCAGAAGCGT,Memory CD4 T cell
L4_AACCTGAGTACCGTCG,Plasmacytoid dendritic cell
E2L4_TCTTGCGAGTCCTGTA,B cell
L1_TGGAACTGTACCCGAC,Cytotoxic CD8 T cell
E2L7_CATACCCAGATGGCAC,Memory CD4 T cell
L2_GTCCACTGTAGCTCGC,Naive CD4 T cell
E2L8_TCTACCGTCATACGAC,Cytotoxic CD8 T cell
E2L5_TATCGCCAGAATTTGG,CD161+ memory T cell
L4_TCTGCCAGTAGCTGAG,Cytotoxic CD8 T cell
E2L5_GAGAGGTCACGGCGTT,Naive CD4 T cell
L5_CTACTATGTTGTGTAC,FCGR3A monocyte
L5_TACATTCGTGCGAACA,CD14 monocyte
L4_GGTTGTAAGCGAGTAC,B cell
E2L8_GACTCTCCAATCTCGA,Naive CD4 T cell
E2L6_CACTGGGCACAAAGCG,Cytotoxic CD8 T cell
E2L6_ACCCTTGGTCTCCTGT,Proliferating NK cell
L3_CTGTCGTGTTTGCAGT,Plasma cell
E2L2_GCCATGGTCTCGTTTA,Cytotoxic CD8 T cell
E2L3_TTACCGCCAGCGGTTC,Cytotoxic CD8 T cell
E2L4_GATTCTTCAGGGAGAG,B cell
L1_GTGGCGTGTGCTTCAA,CD161+ memory T cell
L1_CGCATGGAGGCATGCA,Platelet
L5_TCCTTCTAGTAAGACT,Cytotoxic NK cell
E2L3_TGTCCCATCCAACTGA,Plasmacytoid dendritic cell
E2L1_GAGCTGCTCAATCAGC,B cell
L5_GCCATGGTCTCTCCGA,Cytotoxic CD8 T cell
L2_GTGGCGTCAGGTATGG,Hematopoietic progenitor cell
L5_CAGTGCGGTATCAGCT,Proliferating NK cell
E2L6_ATAGAGATCACGACTA,Memory CD4 T cell
L4_TAAGCCAAGGTCACAG,Cytotoxic CD8 T cell
E2L3_GTCTCACAGTCGGCAA,Cytotoxic CD8 T cell
E2L3_CCTCTAGGTCGCATGC,Proliferating NK cell
E2L3_CATAGACTCCTAAGTG,Naive CD4 T cell
E2L6_CTCACTGTCTCGCTTG,Cytotoxic CD8 T cell
E2L7_TTACGCCGTCCTTGTC,NK cell
L2_AGGATCTCAGAAACCG,Memory CD4 T cell
E2L4_TCAATCTGTATCGAGG,Hematopoietic progenitor cell
L2_TTAGGGTTCGAACGCC,Memory CD4 T cell
E2L8_TCGAACAGTGAAAGTT,B cell
E2L4_ATTTACCAGATCCCAT,Cytotoxic CD8 T cell
E2L6_CTTCTCTGTGACACGA,NK cell
L2_ATAGAGAAGATAGTGT,Memory CD4 T cell
E2L7_CAACAGTGTTCTCAGA,CD14 monocyte
E2L8_GACACGCTCGATCCAA,Plasmacytoid dendritic cell
E2L5_AAGCCATTCCGCTGTT,Proliferating NK cell
E2L4_TCATGCCTCACGTAGT,CD14 monocyte
E2L8_TAACCAGCATCGTCCT,Platelet
E2L2_AGGTAGGGTGTAAACA,Naive CD4 T cell
L1_ATTTCACGTTGACTGT,NK cell
E2L4_AACCCAAGTAGGTACG,B cell
E2L6_TCATCATAGACGGATC,Memory CD4 T cell
E2L5_AAGTCGTTCGTAGTCA,Cytotoxic CD8 T cell
E2L2_ACCATTTAGCCATTTG,Platelet
L3_CGACAGCAGTTACGAA,Naive CD4 T cell
E2L6_CTATAGGAGGACGCTA,Platelet
E2L1_CAGATTGGTCAGGTAG,CD1C dendritic cell
L4_TATTCCACATGACGGA,CD1C dendritic cell
L5_AGACTCATCCCTAGGG,Proliferating NK cell
L2_TGGAGGAAGCAACAAT,B cell
E2L5_ACCCAAAGTTCTCGTC,Gamma delta T cell
L1_GTGAGGACACGTCGGT,Naive CD4 T cell
L5_CGGGTCAGTCTTGCGG,Erythroid cell
E2L4_TCTGGCTAGGCGTCCT,Memory CD4 T cell
E2L6_TGCGATAGTCCCAAAT,Naive CD4 T cell
E2L4_CCTTCAGAGATAGCTA,Memory CD4 T cell
L2_CACCGTTTCGATTGGT,NK cell
E2L6_TTACGTTAGAGCCGTA,Platelet
L1_TTGGGCGTCCCTGGTT,Memory CD4 T cell
L1_TTGCGTCCAACTTGCA,Proliferating NK cell
E2L7_CCCTGATGTAGGGAGG,Memory CD4 T cell
E2L1_CAGTGCGTCTACGCAA,FCGR3A monocyte
L4_CATTTCAAGGGATCTG,Naive CD4 T cell
E2L6_TCCATGCTCGCCAGAC,Cytotoxic CD8 T cell
L2_AAACCCACAGAGTCAG,Naive CD4 T cell
E2L1_TTGCATTCATACTGAC,B cell
L2_CCCATTGGTGGGTATG,Platelet
L2_CAAGCTATCGAAATCC,Naive CD4 T cell
L1_GAGGCCTCACCTTCCA,CD14 monocyte
E2L3_TACCGAATCCATCGTC,Naive CD4 T cell
E2L8_TTCCTCTTCTTGGATG,NK cell
E2L5_CTGTACCTCAATCTTC,CD161+ memory T cell
E2L7_TTTGACTAGAGGTCAC,NK cell
E2L3_GTATTTCCAGTTCACA,Plasmacytoid dendritic cell
E2L4_AGCGTATTCCAGTTCC,NK cell
E2L1_TTACTGTAGTTTCTTC,Naive CD4 T cell
E2L6_TCAGGTAAGAGAGGGC,Plasma cell
L5_CATAAGCTCCCGAGGT,Naive CD4 T cell
L1_GTCAAGTCAGACCATT,Memory CD4 T cell
L1_TCCGGGAGTCAGATTC,Naive CD4 T cell
L4_CGGGTGTTCTCATGCC,Naive CD4 T cell
E2L7_ACTTAGGTCTCAGGCG,Cytotoxic CD8 T cell
E2L6_TTCTGTACATACCATG,B cell
E2L3_GGGCGTTGTCCGCAGT,Memory CD4 T cell
E2L1_TGCAGTACACTTACAG,Naive CD4 T cell
L2_ACTATCTGTCGCAGTC,Memory CD4 T cell
E2L8_TGTTGAGTCTACCAGA,Proliferating NK cell
E2L8_TTCTTGACAAGAGCTG,Memory CD4 T cell
E2L5_GATCGTATCAAGCCCG,Cytotoxic CD8 T cell
E2L8_AAGCATCGTTTCGACA,Platelet
E2L2_TCTACATTCCCTCTAG,Memory CD4 T cell
L1_TTCCAATCATTGACAC,Memory CD4 T cell
L2_CACTTCGAGACTAAGT,Platelet
L3_AAAGGGCGTCAGACGA,Hematopoietic progenitor cell
L1_ATTACCTGTGCTCTTC,B cell
E2L8_CACCAAATCAGACATC,Cytotoxic CD8 T cell
E2L4_CAGTTAGAGTAAGACT,Naive CD4 T cell
E2L8_GTGAGTTGTAGTGTGG,B cell
L5_GCAACATTCGGTGCAC,CD1C dendritic cell
E2L4_GGGACTCCAGTAGTGG,Platelet
E2L7_TACTTACGTGCCGTAC,Proliferating NK cell
E2L8_GTGGGAAAGGTAGTCG,B cell
E2L8_CACTGGGCATCTAGAC,Memory CD4 T cell
E2L8_GCTGCAGGTGTAAACA,B cell
L4_AAGTTCGCAAGCACCC,Proliferating NK cell
E2L2_TTGTTTGGTTGTTGTG,Naive CD4 T cell
L5_CCTAAGAAGCACTAAA,B cell
L5_CCGAACGCACTTCAAG,Naive CD4 T cell
E2L2_ATCACGACAGCCATTA,NK cell
E2L1_TCACACCCACAACCGC,CD161+ memory T cell
L1_CCCTGATTCAGTCAGT,Erythroid cell
E2L8_TACTGCCCACTATCGA,Cytotoxic CD8 T cell
E2L3_TACGTCCGTTGTTGTG,NK cell
L1_GGGTCACTCGATTTCT,Hematopoietic progenitor cell
E2L1_CGATGGCGTGTGCTTA,CD1C dendritic cell
E2L7_TTGGGTAGTTCATCGA,Proliferating NK cell
L4_ATTGTTCTCGTAGCCG,GZMK+ CD8 T cell
E2L5_TCATGAGTCTCCGATC,FCGR3A monocyte
L4_CTTCAATAGCATGGGT,CD1C dendritic cell
E2L6_TGTTCATTCATGAGGG,Proliferating NK cell
E2L2_GAGTGTTAGGTCACAG,NK cell
E2L5_TCAGTCCAGGCCATAG,B cell
L2_CCCAACTCAAGTCATC,Cytotoxic CD8 T cell
E2L7_ACACTGATCACTGATG,B cell
E2L5_GAGCCTGGTTGCTCAA,Memory CD4 T cell
L5_TTGACCCCAGTGTGCC,B cell
E2L4_ACTTTGTTCCACAGGC,B cell
E2L5_GGGTGAATCCAACCAA,Cytotoxic CD8 T cell
L1_TGTAACGTCCACGAAT,Naive CD4 T cell
L3_CATTTCAGTGCCTGAC,NK cell
E2L6_AGTACTGCAGCAGTTT,Memory CD4 T cell
E2L2_GAGGGTAAGGCCTAAG,CD161+ memory T cell
E2L8_GGCTTGGTCACCCTTG,Cytotoxic CD8 T cell
L5_ATTCCCGCATATACCG,Cytotoxic CD8 T cell
L1_TGCAGATCAGTTCACA,Cytotoxic CD8 T cell
E2L2_TATATCCTCTTCACAT,Naive CD4 T cell
E2L6_CATGAGTTCTTGTGCC,Cytotoxic CD8 T cell
E2L2_TACCGAAGTCAGGCAA,Naive CD4 T cell
E2L4_CGAGGCTCAGTGTGCC,NK cell
E2L7_GACACGCAGTGCACCC,B cell
E2L6_TTTCACACATCATTGG,CD14 monocyte
E2L2_CGTAAGTAGCGAACTG,B cell
L1_TGTTGGAAGTCGCGAA,Hematopoietic progenitor cell
E2L4_ACAAGCTGTGCCGAAA,CD1C dendritic cell
L5_CACAGATTCACTTGTT,B cell
L4_TATCTGTTCATCCTAT,Naive CD4 T cell
E2L5_ACGCACGAGTTTCAGC,B cell
E2L7_GTCGTAATCACTCCGT,Memory CD4 T cell
L4_GACTTCCTCAGTCCGG,Gamma delta T cell
E2L2_AACCATGAGAGCTTTC,Proliferating NK cell
E2L2_TGATTCTAGTGAGGTC,CD1C dendritic cell
L3_TTACAGGAGATAGCAT,Platelet
E2L5_TCATATCCAACCAATC,Cytotoxic CD8 T cell
L2_CCTCATGGTCCACGCA,CLEC9A dendritic cell
E2L2_AACCATGGTCTAGGCC,Memory CD4 T cell
E2L3_CGTTCTGCAATAGAGT,Naive CD4 T cell
L3_TATTTCGAGTTGAAGT,Cytotoxic NK cell
L5_AACCAACTCGGAAGGT,Memory CD4 T cell
E2L2_GAGTTTGAGGAGATAG,B cell
E2L6_AGAAGTAGTCGGAAAC,Naive CD4 T cell
L4_ATGGGAGTCGGTGTTA,NK cell
E2L4_GGGCGTTAGATTGTGA,Cytotoxic CD8 T cell
E2L8_AGACACTAGTTTAGGA,Memory CD4 T cell
L5_TTCACCGCACAGAGCA,CD161+ memory T cell
L2_ACAAGCTGTTCAATCG,Naive CD4 T cell
E2L2_ATCGATGCAGATACTC,Proliferating NK cell
L5_TGTAACGTCAGACCTA,Naive CD4 T cell
L2_ACTTATCAGGTTAGTA,CLEC9A dendritic cell
L2_GCATGATCACTATCCC,Naive CD4 T cell
L1_AAGTTCGCAGGTGTTT,Memory CD4 T cell
L5_GACGCTGTCACCTGTC,Naive CD4 T cell
E2L8_GCCATTCGTCCCGCAA,CD161+ memory T cell
L5_GCTACAACACCGTGGT,CD1C dendritic cell
L3_AGCCACGAGAGTCTTC,Cytotoxic CD8 T cell
E2L1_ATTTCTGTCCAGTACA,FCGR3A monocyte
E2L2_TCCCACAAGCTAGATA,Cytotoxic CD8 T cell
L2_GCCATTCTCAACCGAT,Cytotoxic CD8 T cell
E2L2_GATTTCTGTCTGTGAT,GZMK+ CD8 T cell
E2L7_TCGCACTTCACTTCTA,Plasmacytoid dendritic cell
E2L2_CGGCAGTTCTTCCGTG,Plasmacytoid dendritic cell
E2L2_GTCATCCTCGTAGAGG,CD1C dendritic cell
L4_GTCATCCTCATTCCTA,Naive CD4 T cell
L4_ATCGGATTCTTGGTGA,Proliferating NK cell
E2L8_TTCTAGTTCAGTCATG,Cytotoxic CD8 T cell
E2L1_TCTGCCATCAGGTGTT,Cytotoxic CD8 T cell
L4_CTACTATAGCCTATTG,GZMK+ CD8 T cell
E2L3_CCGTGAGCAACCAGAG,FCGR3A monocyte
E2L5_TCAGCAATCGTTAGTG,Hematopoietic progenitor cell
E2L3_TTCTTGAGTTTCCCAC,Cytotoxic CD8 T cell
E2L5_CTCCGATCAAATGGCG,B cell
E2L7_CGTTGGGCAGAAGTGC,Erythroid cell
E2L4_ACCAAACGTCATCCCT,CD1C dendritic cell
L2_CCGAACGGTACTGCGC,CD161+ memory T cell
L1_AGACAAAGTTCCTAGA,Naive CD4 T cell
E2L6_TCAGCAAGTGACTGAG,Proliferating NK cell
E2L3_GTTTGGACACGCTGAC,Cytotoxic CD8 T cell
L3_CTAAGTGAGCGACCCT,Naive CD4 T cell
L5_TGGGATTAGCTTCTAG,FCGR3A monocyte
L5_CGGAACCCAAGTGGAC,Naive CD4 T cell
E2L4_ACGGTCGTCGAGATAA,Platelet
L3_TACATTCTCCTTCGAC,Hematopoietic progenitor cell
L2_TTTATGCAGGGCTGAT,B cell
L3_GTGCTTCCACGGTAGA,Hematopoietic progenitor cell
E2L7_CCCATTGAGCTACGTT,Plasmacytoid dendritic cell
L1_GTCTAGATCTCAGTCC,Hematopoietic progenitor cell
E2L2_TCCCACAGTTGGTAGG,Proliferating NK cell
L1_TAACTTCAGCTCAGAG,B cell
L1_TCTATCACATTCGATG,GZMK+ CD8 T cell
E2L1_AAGTGAATCCGTGACG,Cytotoxic CD8 T cell
L1_AATGACCAGTTGAAAC,CD1C dendritic cell
L1_CCACGTTTCATTGCTT,Hematopoietic progenitor cell
E2L5_CTGCAGGGTATTCTCT,Plasma cell
L2_TTCCGGTCATAATGCC,Naive CD4 T cell
E2L7_TACGGGCGTAACATCC,B cell
E2L5_ACACCAATCTTAGTTC,CLEC9A dendritic cell
E2L1_ATCGCCTAGATAGCAT,FCGR3A monocyte
E2L6_CGTCCATTCTAACGGT,Naive CD4 T cell
E2L5_ATGCCTCAGGGATCTG,B cell
E2L7_GTTGTGATCCGTACGG,Memory CD4 T cell
L4_GATCATGAGATACGAT,CD14 monocyte
L3_TCGAAGTTCAGTGCGC,CD161+ memory T cell
L3_TTGGGTAAGAAATGGG,Naive CD4 T cell
E2L5_CTTCGGTTCTGACGCG,B cell
E2L2_CGGGTGTAGGGACACT,Memory CD4 T cell
E2L6_GATCAGTTCGCCGAAC,Cytotoxic NK cell
L1_GCGTTTCCAGCGTAGA,Platelet
L3_TACCTCGCACTCAGAT,Naive CD4 T cell
E2L3_CCTCCAAAGGGACTGT,NK cell
E2L5_GAAGGACAGTATTAGG,Cytotoxic CD8 T cell
L3_ATTCGTTAGTTCATCG,FCGR3A monocyte
E2L3_GAGTCTAGTGTACGCC,Plasma cell
E2L7_GACTGATCAAACACCT,Plasmacytoid dendritic cell
L3_CCATCACAGACATAGT,B cell
L4_TCCTTTCAGCCTGTCG,CD161+ memory T cell
E2L2_GGTAGAGTCCTTTGAT,B cell
E2L8_TCATCATGTAGCCCTG,CD14 monocyte
E2L4_ACTATGGGTCAAAGTA,Cytotoxic CD8 T cell
E2L2_GGAATGGTCACCGCTT,Proliferating NK cell
E2L7_ACGATGTCACGCACCA,B cell
L4_GTAGAGGTCAACTACG,Cytotoxic CD8 T cell
L2_CACTAAGAGAAGAGCA,Memory CD4 T cell
E2L3_CTGCGAGGTCCGACGT,Cytotoxic CD8 T cell
L3_ATTGTTCCATCGCCTT,GZMK+ CD8 T cell
L1_TGCGACGAGTCTGCGC,Memory CD4 T cell
E2L7_TGCAGGCCACCCAATA,CD14 monocyte
E2L2_TCGGGTGCATGCTGCG,Naive CD4 T cell
L2_TGCGGGTCACCCTCTA,Plasmacytoid dendritic cell
L4_GGAGGTAAGTCCCAGC,Proliferating NK cell
L3_AGTACCACAGTAGAGC,GZMK+ CD8 T cell
L3_GTCTGTCCATGTCAGT,Cytotoxic NK cell
E2L8_GTCAGCGAGCAGATAT,Naive CD4 T cell
L2_AAACCCAAGCCTGGAA,NK cell
E2L3_CTATCCGTCATTGCTT,Naive CD4 T cell
E2L5_ATTATCCCAGCGTAGA,Cytotoxic CD8 T cell
L2_GGGACAACACAAAGTA,Proliferating NK cell
L3_GTCTGTCCACATCATG,FCGR3A monocyte
L3_AGGTTACAGGACAAGA,Naive CD4 T cell
E2L1_TCCTTCTGTTCTCCCA,Cytotoxic NK cell
L2_CCCTTAGCAACTGCCG,Cytotoxic CD8 T cell
L5_CATACCCAGGCACGAT,Cytotoxic CD8 T cell
L2_GAGAAATCAGTTCACA,Platelet
E2L7_GGTCACGCAGTTGAAA,Memory CD4 T cell
L2_ACGGTTAAGAAGTCAT,Proliferating NK cell
E2L1_TGTCCCACAGCTGAAG,Cytotoxic CD8 T cell
E2L8_AGTCTCCTCAACGTGT,Platelet
E2L5_ACAAGCTTCCTACCGT,CD14 monocyte
L1_ACCTGAAAGCATCAAA,Naive CD4 T cell
L1_TTATTGCAGTGGATTA,FCGR3A monocyte
L2_CCACGTTGTCTACAAC,Proliferating NK cell
L5_CTGCGAGCACCGCTGA,Plasmacytoid dendritic cell
E2L8_ACACGCGGTGGACTAG,B cell
L1_CGCGTGACAGCACCCA,Naive CD4 T cell
E2L6_ACACTGAAGAAATTCG,Naive CD4 T cell
L1_CACCAAACATAATCGC,CD1C dendritic cell
L4_GATGACTCAAGTTCGT,Proliferating NK cell
E2L6_TGGGCGTTCGTCCATC,CD161+ memory T cell
L2_ACATTTCAGACTACCT,Cytotoxic CD8 T cell
E2L3_AAACGAATCATTTGCT,Proliferating NK cell
L2_ATTTCACTCGTTGTTT,B cell
E2L7_CATAGACAGGAACATT,Cytotoxic NK cell
L5_TGCTCCACATCGCCTT,Naive CD4 T cell
L2_TGCACGGTCTGCATGA,Gamma delta T cell
L2_TTTGGAGCAATCTCGA,NK cell
E2L8_TCCAGAACAACCGTAT,B cell
L1_TGCGACGCATCCGCGA,FCGR3A monocyte
L4_CGGGCATCAGCGTTTA,Plasma cell
E2L4_TACCCGTGTGATATAG,Naive CD4 T cell
E2L4_TACCCACTCGCGGTAC,Plasmacytoid dendritic cell
E2L1_TAGGTACCAGTCGAGA,Cytotoxic CD8 T cell
L1_CTACATTGTGAGATAT,Plasma cell
L2_GCAGGCTCATCAGTGT,Cytotoxic CD8 T cell
L5_GCCGATGCACAACCGC,CD14 monocyte
L4_TAGACTGTCAAACGTC,CD161+ memory T cell
L3_TACCCGTAGAACGCGT,Plasma cell
L3_GTACAGTGTGCTGTCG,B cell
E2L7_AAGCCATGTAACGATA,Cytotoxic CD8 T cell
E2L3_ATCCACCCATCATCCC,NK cell
E2L1_ACGATCAAGGTTCTAC,Naive CD4 T cell
E2L2_ACAAAGAAGTTCCGTA,CLEC9A dendritic cell
L2_TCGACCTCACAATGCT,B cell
L3_TGTAAGCAGCTGCGAA,Naive CD4 T cell
E2L6_ATCGTGAGTTGAGGAC,CD14 monocyte
E2L6_ATGAGTCTCTGAGGCC,Naive CD4 T cell
L1_AAACGCTAGGTCGTCC,Cytotoxic CD8 T cell
L5_GGTGGCTCAATTGTGC,CD161+ memory T cell
E2L1_TCGCTCATCGGACAAG,Proliferating NK cell
E2L6_TGTTCATTCTACCACC,Cytotoxic CD8 T cell
L3_ACTACGACAGAGCGTA,B cell
E2L6_ATCCGTCTCGGATTAC,B cell
L3_GTCATGAGTGTTCAGT,Naive CD4 T cell
L1_TAAGCACTCATCTGTT,Hematopoietic progenitor cell
E2L3_GTAGTACAGAAGAACG,B cell
E2L2_AGACAAACACTCAGAT,Memory CD4 T cell
E2L5_ACCTGAAAGGTATCTC,GZMK+ CD8 T cell
E2L8_GGGTGAATCCAGCTCT,Plasmacytoid dendritic cell
E2L4_TTGGATGCACTGCATA,CD161+ memory T cell
L2_AGACACTGTGTTAGCT,Plasma cell
E2L5_CCCATTGGTCGATGCC,CD161+ memory T cell
L1_AACAAAGCATATCTGG,GZMK+ CD8 T cell
E2L3_ATCACAGTCCTGCTAC,CD14 monocyte
L2_TGCATCCCACGTCTCT,FCGR3A monocyte
E2L5_CACGTTCCAGCGGATA,Proliferating NK cell
E2L7_AGTGTTGTCGGCTGGT,Plasmacytoid dendritic cell
E2L6_GTAAGTCCATGACTTG,NK cell
E2L1_TGATGGTCAAGTTCGT,Gamma delta T cell
E2L4_TACTGCCTCCAATCCC,CD1C dendritic cell
E2L8_TGACGCGCATTCCTAT,CD14 monocyte
E2L1_CTACGGGCAAGACGAC,B cell
L4_GGGAAGTTCACCGGGT,Hematopoietic progenitor cell
L3_CTAACTTGTTTAAGGA,CD14 monocyte
E2L7_TGACCCTGTACTGACT,Cytotoxic CD8 T cell
E2L7_GTGTTCCCATCTGCGG,CLEC9A dendritic cell
E2L1_TGAGGTTAGTTGTCAC,Memory CD4 T cell
E2L3_ATACTTCGTCGCACGT,Naive CD4 T cell
L4_AGAAGTAAGTGCAGGT,Plasma cell
E2L4_AGGAATATCAGGAAGC,FCGR3A monocyte
E2L2_TTTACGTGTGGACTAG,Plasmacytoid dendritic cell
L4_CGAAGTTCAATCCTAG,B cell
L4_TCATTACTCATAGGCT,Cytotoxic CD8 T cell
E2L3_TTTGGAGAGACGAAGA,CD1C dendritic cell
L2_GAGGGTATCCAGCAAT,Hematopoietic progenitor cell
E2L4_AAGCGAGTCAGCATTG,Cytotoxic CD8 T cell
L5_TTTCACAGTCCTGGGT,Plasmacytoid dendritic cell
L4_GCAACCGAGTTCCAGT,Hematopoietic progenitor cell
L5_GTTAGTGAGAGGCTGT,Memory CD4 T cell
E2L6_TCACTCGCACTGCGAC,Proliferating NK cell
E2L1_GATGAGGTCACTTTGT,Platelet
E2L5_CAACAACCACATACGT,B cell
L2_ACTTAGGGTCAGTCTA,Memory CD4 T cell
L2_CCGGACAAGTAGGTTA,FCGR3A monocyte
L1_ACTCTCGAGCATGCAG,Memory CD4 T cell
L4_ACCCTCATCACCGGGT,Memory CD4 T cell
L3_GGTAACTAGGATTCAA,CD14 monocyte
L4_GGACGTCCATGACCCG,Memory CD4 T cell
E2L3_CGGAACCAGAGCGACT,CD161+ memory T cell
E2L6_TCCCACAAGACATACA,Cytotoxic CD8 T cell
L1_TCATCCGAGTCGCGAA,Erythroid cell
E2L8_CATGAGTGTTACTCAG,CD1C dendritic cell
L5_TCGACCTCATCACAGT,Cytotoxic CD8 T cell
E2L8_ATCGATGTCCGACGGT,FCGR3A monocyte
L5_AAATGGATCTAGTACG,CD14 monocyte
E2L6_AGGAGGTGTCTAATCG,Plasmacytoid dendritic cell
L5_ACCCTCAAGAGGCGTT,Hematopoietic progenitor cell
L4_ATCGTCCTCAGCACCG,Naive CD4 T cell
E2L8_GTTGCTCCAGAACGCA,B cell
E2L2_ACCATTTGTATTCTCT,Naive CD4 T cell
L5_TATTCCATCTTTCTAG,CLEC9A dendritic cell
E2L6_ACTGTGAAGAGTTCGG,Plasmacytoid dendritic cell
E2L7_GACGTTACAGCTTTCC,Memory CD4 T cell
E2L5_TTTGTTGGTAGGCAGT,Cytotoxic CD8 T cell
E2L8_GATCATGAGTAAACAC,Cytotoxic CD8 T cell
L2_TCGGATACATACCGTA,Naive CD4 T cell
E2L8_TCATGTTAGGAGGGTG,B cell
E2L1_CGTTGGGCATGGCCCA,Cytotoxic CD8 T cell
L3_GTCAAACCAGGGAATC,Naive CD4 T cell
L2_TATTGCTAGGTACTGG,Naive CD4 T cell
E2L8_ACAAGCTTCTAAACGC,Cytotoxic CD8 T cell
E2L7_ATACTTCGTCCCGTGA,Proliferating NK cell
E2L8_TCGCTCAGTGTCTTAG,Naive CD4 T cell
E2L6_ATCATTCTCTGGCCTT,Cytotoxic CD8 T cell
E2L3_TTTACCAGTTGTGTTG,Cytotoxic CD8 T cell
E2L7_GACCGTGAGAAGCCAC,CD1C dendritic cell
L2_TCCACCACAGACGGAT,CLEC9A dendritic cell
L2_TGGGAGACATCGGCCA,CD14 monocyte
L5_CCACCATCAATACCCA,Plasmacytoid dendritic cell
E2L3_TCATCCGGTTATGGTC,Plasmacytoid dendritic cell
L2_ATCGTCCTCTGGGAGA,Memory CD4 T cell
L5_ACTTCGCGTGCCTTTC,Memory CD4 T cell
E2L5_TCGAAGTCAGGATCTT,Memory CD4 T cell
E2L5_ATTACCTAGGTTGCCC,B cell
E2L8_GTACAACAGAAATTGC,Proliferating NK cell
E2L8_AAGGAATTCGGAATGG,B cell
L2_CGCATAATCCTGTAAG,Proliferating NK cell
E2L8_TTCCTTCCAATTTCTC,B cell
E2L2_TCAAGTGGTCCTGGGT,Plasma cell
E2L1_TGCATGAAGGACCCAA,FCGR3A monocyte
L5_GAACACTAGCACTGGA,CLEC9A dendritic cell
E2L4_TGCAGTATCGCGTGAC,Erythroid cell
E2L3_ACAGGGATCTGCGGAC,CD1C dendritic cell
L3_ATAGGCTGTACCTAAC,Memory CD4 T cell
L1_CAAGCTAAGTGCAGCA,Erythroid cell
E2L7_GGCTGTGTCGAACACT,B cell
E2L8_ACTTCGCGTTAGGCTT,Cytotoxic CD8 T cell
E2L2_CTGGACGGTTGGGATG,Memory CD4 T cell
E2L8_CACCAAAGTGCGGTAA,Memory CD4 T cell
E2L6_CGTGCTTGTGAATGAT,Plasma cell
E2L8_GGAAGTGGTCAGTCCG,Proliferating NK cell
L3_TTCCACGTCTTCTAAC,GZMK+ CD8 T cell
L4_GTTAGACGTATTTCCT,Hematopoietic progenitor cell
E2L6_GTGCACGGTATGGAGC,GZMK+ CD8 T cell
L1_AGAAGCGAGATTAGTG,B cell
E2L1_TGTGTGAGTCGTGTTA,Naive CD4 T cell
L4_TCACATTAGTTTCAGC,CD1C dendritic cell
E2L1_GACCGTGGTAAGATCA,CD1C dendritic cell
E2L7_GCATGATCACTACAGT,CD1C dendritic cell
E2L8_CTGAGGCTCAGGTAAA,Proliferating NK cell
E2L5_GTGCGTGGTTCGGCTG,CD14 monocyte
E2L7_TTTAGTCTCTCCATAT,GZMK+ CD8 T cell
L2_CCTTGTGGTTCATCGA,Hematopoietic progenitor cell
E2L6_ACAAAGAAGAAGAGCA,GZMK+ CD8 T cell
L5_CTGCCTAGTGTTTACG,Plasma cell
E2L6_AAAGGATCACAAGTTC,Memory CD4 T cell
E2L1_CCCTGATGTCAGGAGT,Memory CD4 T cell
E2L7_GGTTGTACAACAAGAT,Plasmacytoid dendritic cell
E2L7_CCGGGTATCCTTCTGG,CD14 monocyte
E2L6_AGCGATTAGTGATTCC,B cell
L5_GCAGTTATCCGGACTG,FCGR3A monocyte
L5_CCTCTCCAGCTTCGTA,Cytotoxic NK cell
E2L5_AGAAGCGCAATGTGGG,CD161+ memory T cell
E2L3_TCTCAGCCAGCTGAGA,Proliferating NK cell
E2L2_CGTCCATTCTGAGATC,CD14 monocyte
E2L1_GAATCGTGTTGTACGT,Plasma cell
E2L3_GAATCGTCAGAAACCG,Proliferating NK cell
L5_GTTGTAGCACCCTTAC,Plasmacytoid dendritic cell
E2L8_AGTAACCTCGCTGTCT,B cell
L1_CACGGGTGTATCTCGA,Hematopoietic progenitor cell
L2_GCCAACGGTGGCTCTG,NK cell
E2L2_GTAGATCCACTTGACA,FCGR3A monocyte
L2_GGGTGAAAGGTTTGAA,Proliferating NK cell
L1_GTAAGTCCAAGTGCAG,CD1C dendritic cell
L1_GGTAACTAGGATGTTA,Cytotoxic CD8 T cell
E2L5_TTGAGTGCAATTGCCA,B cell
E2L6_GAAGCGACACCGTCGA,B cell
L1_CGTTCTGAGGCAGGTT,Proliferating NK cell
L2_GAGAAATTCTCTATGT,B cell
L4_GAAACCTTCCATGATG,Cytotoxic CD8 T cell
L1_AAGCATCTCGCGTGAC,Cytotoxic CD8 T cell
E2L7_CTGCATCCACAAGGTG,Naive CD4 T cell
E2L6_CTATAGGTCCTACAAG,NK cell
E2L2_GGAATCTGTCCGAAAG,CD14 monocyte
L1_TTAGGCATCAGCCTCT,Memory CD4 T cell
L2_CATTTCATCCAACCGG,Naive CD4 T cell
E2L7_CGGGTCATCTCAAAGC,Cytotoxic CD8 T cell
E2L6_GTGGAAGCACTCACTC,Memory CD4 T cell
L2_TTCGATTCAATCGTCA,NK cell
E2L1_TCTTTGATCGTGGGTC,CLEC9A dendritic cell
L3_CTCCAACCACCGCTGA,Naive CD4 T cell
L3_AGCGCCAGTGCTGCAC,Proliferating NK cell
E2L7_GGGTGAATCTTCCAGC,Proliferating NK cell
E2L1_AACTTCTAGACTCTAC,FCGR3A monocyte
E2L4_GCTACCTTCCAAGCAT,NK cell
E2L3_AGTAGCTTCACGGAGA,Cytotoxic CD8 T cell
E2L6_CGTGATACAGGTTCCG,CD1C dendritic cell
L4_CGATGCGAGTGGTTGG,B cell
L1_GACTATGGTGGTTTGT,Gamma delta T cell
E2L2_CATGAGTCACAAAGTA,B cell
L5_CTATCCGTCCTTGAAG,Naive CD4 T cell
E2L3_CTCAATTCATAGGCGA,Naive CD4 T cell
E2L4_AGCGATTAGATTGCGG,GZMK+ CD8 T cell
L2_CCGATCTCACGAGGAT,Memory CD4 T cell
E2L3_GCGTGCAAGCGGGTAT,Platelet
L4_ACCTACCTCCGGCAGT,Naive CD4 T cell
L3_AGCATCACAACCCTAA,Naive CD4 T cell
E2L7_GCCGTGAGTTTGGGTT,Proliferating NK cell
L4_AACGTCAAGTATGAAC,GZMK+ CD8 T cell
E2L6_AGCCAATCAGAAGCGT,B cell
E2L5_TCTTTGAAGGTTCCAT,CLEC9A dendritic cell
L3_AGTCACACACCAGCTG,NK cell
L1_ACGGTTAGTCAGTCGC,Plasma cell
L2_CACACAATCCTACACC,Naive CD4 T cell
E2L1_AGGGCTCTCAACCTCC,Naive CD4 T cell
E2L1_CCCGAAGGTATTAAGG,B cell
L5_CCACAAACAGCCATTA,Cytotoxic CD8 T cell
L1_ATCACTTGTTGAATCC,Memory CD4 T cell
E2L3_TGCAGTAGTGTTTCTT,B cell
E2L6_TCAGGGCCAACAAGAT,Plasma cell
E2L3_AGCCAATGTATGAGCG,Platelet
E2L8_CATGCAATCGAGTACT,Plasmacytoid dendritic cell
E2L8_TTCCTAACAGTCGCAC,Memory CD4 T cell
L4_GGGCGTTGTTACGATC,CD14 monocyte
L5_GTCGAATGTGCCTTCT,Hematopoietic progenitor cell
L3_GAAACCTGTTACAGCT,Naive CD4 T cell
E2L2_AGGATAATCGACCACG,CD14 monocyte
E2L3_GCTACAATCCCGAACG,Plasma cell
L5_ATGTCCCGTTGCTGAT,Proliferating NK cell
L2_ACGTTCCCAGGTCCGT,Plasmacytoid dendritic cell
L1_ACCCTCACAAGAGTGC,Memory CD4 T cell
E2L3_AGATGCTAGTGCACAG,Cytotoxic CD8 T cell
E2L8_GTTGTAGAGCGCATCC,CD14 monocyte
E2L8_GTGATGTGTCTAATCG,Proliferating NK cell
L1_ACTTTGTCAAGCACAG,Naive CD4 T cell
E2L2_GGTCTGGCATAATCGC,Naive CD4 T cell
E2L8_TTCCTCTGTCCATCTC,Memory CD4 T cell
L5_AGGGTGAAGTTGCTCA,CD161+ memory T cell
E2L1_ACAAAGACAGAACTAA,Memory CD4 T cell
E2L3_TCCCACAGTGGCCCAT,Memory CD4 T cell
E2L6_GAATCACAGGGCGAAG,CD1C dendritic cell
E2L6_CCTCCAATCCCATACC,Cytotoxic NK cell
L2_TAACCAGAGCCTTTCC,Proliferating NK cell
E2L1_CCAAGCGGTTTCCCAC,Proliferating NK cell
E2L4_GTGATGTCAATGACCT,Proliferating NK cell
L3_AATGGAAAGTGGTCAG,Erythroid cell
E2L7_CACTGGGCAGCGGTTC,Naive CD4 T cell
L1_TGGAACTTCACGATCA,CLEC9A dendritic cell
L2_TTGACCCGTCTTGAGT,Memory CD4 T cell
E2L3_GTGCTGGGTATGGAAT,Plasmacytoid dendritic cell
E2L1_ATAGACCTCGCCGAGT,Cytotoxic NK cell
E2L8_GCGGAAACATGTGGTT,B cell
E2L5_TCCTCTTAGGGCAGAG,Naive CD4 T cell
E2L8_GGCAGTCAGAGGTATT,B cell
L1_ACCATTTAGCCTTTCC,CD161+ memory T cell
E2L2_CCTAAGAGTACCCACG,B cell
L3_ACGTCCTCATCCGTGG,Proliferating NK cell
E2L2_CTTCCGATCGATTGAC,Naive CD4 T cell
E2L5_CTCCATGTCCTCACCA,Memory CD4 T cell
L1_GGTGTCGTCTCGGTAA,Naive CD4 T cell
L5_GTGTCCTCAATAGTGA,Naive CD4 T cell
L5_CCTCAGTCATCCTAAG,Cytotoxic CD8 T cell
L1_TTCACCGTCAGCGCGT,Naive CD4 T cell
E2L3_ATCGGCGTCACTTTGT,Naive CD4 T cell
L5_GAGGCAAAGGTACATA,Hematopoietic progenitor cell
L2_TTCACCGGTGCGGATA,Cytotoxic CD8 T cell
E2L7_GGATCTAAGATTGGGC,CD1C dendritic cell
L5_AGTAGTCTCATAAGGA,Memory CD4 T cell
E2L3_AGACCATCAAGCCCAC,NK cell
L5_AATTTCCAGGCCTTGC,B cell
E2L8_CCATCACAGGCGACAT,CD1C dendritic cell
E2L6_GAATCGTCACTCCGGA,Plasmacytoid dendritic cell
E2L1_TACTTACGTGTTTCTT,Cytotoxic CD8 T cell
E2L8_CTGATCCAGTCATGAA,Proliferating NK cell
L1_TGGGAAGTCATGCTAG,Plasmacytoid dendritic cell
E2L2_CTCAACCAGATGTTAG,CD1C dendritic cell
E2L7_GAGTTTGTCGCCAACG,Memory CD4 T cell
E2L4_GGGATGATCCGTCACT,CD161+ memory T cell
L5_GGTAACTGTGTATTCG,CD1C dendritic cell
E2L2_AGAAGCGGTTAAGAAC,Naive CD4 T cell
E2L5_CTCATCGCACTTCAAG,Naive CD4 T cell
E2L3_TTCATTGAGTTACGAA,Naive CD4 T cell
E2L1_CCTCATGAGACGACGT,Plasmacytoid dendritic cell
E2L2_TCAGCCTTCTTGCAGA,B cell
E2L8_TGCATGAAGAGCAGCT,Cytotoxic CD8 T cell
L1_AGATGAACAGTTACCA,Naive CD4 T cell
E2L7_CTTGATTTCTTTGATC,Cytotoxic CD8 T cell
L4_GTGCTTCTCAGGAAAT,B cell
L4_ATTCCTATCAGTAGGG,Proliferating NK cell
L5_TGGATCAAGAGGCGGA,FCGR3A monocyte
L5_GTCTAGAAGCAATTCC,Cytotoxic CD8 T cell
L1_CTCAACCTCCAAATGC,Naive CD4 T cell
E2L8_CTCATTATCGGAATTC,B cell
E2L7_GAATCGTTCTGTCGTC,Plasmacytoid dendritic cell
L4_CCTCATGAGCGTCAAG,NK cell
L2_TTCAATCAGCACTTTG,GZMK+ CD8 T cell
L5_CTGCTCAAGGCGATAC,Proliferating NK cell
E2L8_CGTTGGGTCCGCCTAT,Naive CD4 T cell
E2L1_GCTGCAGTCCTACCGT,B cell
L2_CATAAGCGTATACCCA,Memory CD4 T cell
L4_CCACTTGGTTGTACGT,CD161+ memory T cell
E2L1_GAGAAATAGTCAATCC,Memory CD4 T cell
E2L3_CCAAGCGCACCCTAAA,Gamma delta T cell
E2L8_CCTATCGCAGAACATA,B cell
E2L2_CGCAGGTGTACTGAGG,CLEC9A dendritic cell
E2L4_TTTCACAGTGTATTGC,Cytotoxic CD8 T cell
L2_CAACCTCGTGGCAGAT,Naive CD4 T cell
L3_GCGGATCTCGGATAAA,Cytotoxic CD8 T cell
E2L2_GGTAACTCATCATCTT,B cell
L2_ACGTCCTGTAATGTGA,CD161+ memory T cell
L2_TTTAGTCAGGCGAAGG,Naive CD4 T cell
L3_AGTTCGACAGGGAATC,Cytotoxic CD8 T cell
L1_GGAGGTACACCCAAGC,Plasma cell
E2L8_TACAGGTAGGATGTTA,Plasmacytoid dendritic cell
L4_CTCAGAATCGTTCGCT,Proliferating NK cell
L3_ACATGCACAAGTGGCA,Memory CD4 T cell
L4_CGGGTGTAGAGTGGCT,CD1C dendritic cell
L5_ACATCCCTCCTTCGAC,Naive CD4 T cell
E2L5_CGAATTGAGGATTACA,Plasma cell
E2L2_GTGCTGGAGTACAGAT,Cytotoxic CD8 T cell
L3_TTACAGGTCGTTCATT,Naive CD4 T cell
L4_ATGAAAGGTGTTTACG,GZMK+ CD8 T cell
E2L5_TACCTGCAGTCTCCTC,Naive CD4 T cell
L1_TTTGACTTCGATTGGT,Plasmacytoid dendritic cell
E2L2_CACACAATCTTTGCGC,B cell
E2L2_GTTACGATCGTAGGAG,Cytotoxic CD8 T cell
L2_GGTTAACGTCTTCGAA,B cell
E2L1_CCATAAGCACTGAGTT,Platelet
L1_TTGCCTGGTTGGCTAT,Hematopoietic progenitor cell
L3_TCCTCTTGTAGTTAGA,Naive CD4 T cell
L3_TGATCTTGTTAGTTCG,B cell
E2L6_GACCCAGTCTGCTGAA,Naive CD4 T cell
L4_AAGCATCGTAACTGCT,Plasmacytoid dendritic cell
E2L6_ACTATCTAGACTTAAG,Cytotoxic CD8 T cell
L1_ACACTGAAGTCCCAAT,Naive CD4 T cell
E2L3_GCAACCGCATCGATAC,Proliferating NK cell
L2_AACAAAGGTGATTAGA,Memory CD4 T cell
L5_ATTCATCAGAGCCCAA,Hematopoietic progenitor cell
L4_CTCAGAAAGTCGGCCT,Naive CD4 T cell
L2_ATAGAGAGTGCCCTTT,Naive CD4 T cell
E2L3_AGACAAACATTCCTCG,NK cell
L1_TGATCAGAGTAAACAC,CD1C dendritic cell
E2L6_TCTACCGAGAAGGCTC,Memory CD4 T cell
L1_GCAGCTGGTAGTGGCA,Erythroid cell
E2L1_GACAGCCGTGATGAAT,CD161+ memory T cell
L1_CGTCCATGTTCCTAAG,Naive CD4 T cell
E2L7_TCGTAGAAGATCCGAG,Memory CD4 T cell
L4_GTTGTGAGTTCGTAAC,CLEC9A dendritic cell
E2L7_TTGCATTGTTTCCCAC,Naive CD4 T cell
L2_TGCGGGTAGCAACAAT,Cytotoxic CD8 T cell
E2L3_GAGTGTTAGAAGTCTA,Naive CD4 T cell
E2L6_CCTAAGAGTTCCCACT,CD14 monocyte
L2_CGCGTGAGTGGTCCCA,Cytotoxic CD8 T cell
E2L7_GATGACTAGGTAAACT,CD14 monocyte
L1_GAAACCTTCTACTGAG,GZMK+ CD8 T cell
E2L7_CTCAGGGCATACAGGG,Naive CD4 T cell
E2L8_GACTATGAGCGTTCAT,CLEC9A dendritic cell
E2L8_ACGTACAAGTGGTCAG,B cell
E2L3_TCAAGACAGCAAATGT,GZMK+ CD8 T cell
L3_GCGTGCACAAGACAAT,CD14 monocyte
E2L1_TCTTAGTAGGACAGTC,CD161+ memory T cell
E2L8_CCTATCGAGTCGAGGT,Proliferating NK cell
L4_ATCCATTTCCCTATTA,Naive CD4 T cell
E2L8_GGCTTGGTCAAGTAAG,Gamma delta T cell
L2_TTGGGATCACAATTCG,GZMK+ CD8 T cell
E2L6_ACTGCAATCATACGAC,B cell
E2L8_GTGTGATGTTGCGGCT,Plasmacytoid dendritic cell
E2L6_AGCGCTGGTGACACAG,Memory CD4 T cell
L2_CGAAGGAGTCGCATGC,Cytotoxic NK cell
L5_TAATTCCAGTCATCGT,B cell
E2L1_TATATCCAGCTAATCC,Cytotoxic CD8 T cell
L1_CGCATAACAGAGTCAG,Hematopoietic progenitor cell
E2L2_TGTGCGGGTTCCCACT,Cytotoxic CD8 T cell
E2L6_TCATTACAGTAATACG,Naive CD4 T cell
L4_TACCGAAAGGCATCGA,Memory CD4 T cell
E2L4_TCCTCCCAGCGTTAGG,Platelet
L3_CGTAAGTCAATAGTGA,Hematopoietic progenitor cell
L1_CACTGTCAGCTCCACG,B cell
E2L3_TCCTAATAGACTGTTC,Memory CD4 T cell
L2_TTCATTGTCTAGCAAC,Cytotoxic CD8 T cell
L4_TTGTTGTCAGGATCTT,Plasmacytoid dendritic cell
E2L5_CACAGATGTCTACACA,Plasma cell
L2_TGCAGTAGTTTGACAC,Hematopoietic progenitor cell
E2L1_TGTCCCAGTTGCGGCT,Cytotoxic CD8 T cell
L3_GATGCTACAAGCGAAC,Cytotoxic CD8 T cell
L2_ACCTGAAGTGCAACGA,Plasmacytoid dendritic cell
L2_ATTCGTTGTAGCTTAC,Naive CD4 T cell
L3_TTCCGTGAGGAGCTGT,Memory CD4 T cell
L4_GCACTAACAGTTGAAA,Plasma cell
L1_AGCCAGCTCATCGACA,Platelet
E2L7_GCAGGCTAGGAGGGTG,Plasmacytoid dendritic cell
E2L1_GAAACCTGTGCCGAAA,CD14 monocyte
L4_AGCGCTGAGGAGAATG,Naive CD4 T cell
E2L4_TACTTACAGTGGTTAA,CD1C dendritic cell
E2L4_GAACGTTCAGACCAGA,Naive CD4 T cell
E2L7_ATCTTCAAGCAGCCCT,CD14 monocyte
L3_TCACAAGAGTCACTCA,Cytotoxic NK cell
E2L1_CTCCACACATGGCGCT,Naive CD4 T cell
E2L4_GCTACAAAGCAGCCCT,Plasmacytoid dendritic cell
L4_ACGGTTACACTAGTAC,CD14 monocyte
L4_TTTAGTCAGGGATCTG,Naive CD4 T cell
L3_GCCTGTTGTCACCGAC,Memory CD4 T cell
L2_TTCTAGTAGAGTAACT,Hematopoietic progenitor cell
L5_CCTCATGCAGATCATC,Hematopoietic progenitor cell
E2L3_ATGAGTCTCTCCCTAG,Proliferating NK cell
E2L4_AAAGGATTCGTGGGAA,B cell
L3_CTGAGGCTCCATAGAC,Cytotoxic CD8 T cell
L2_TCTAACTAGTGGTGAC,Cytotoxic CD8 T cell
E2L3_GAAGGACTCCGAAGGA,CD14 monocyte
E2L5_TGCGACGCACGAAAGC,Cytotoxic CD8 T cell
L5_GGAGCAAGTGTAGTGG,Naive CD4 T cell
L2_AAGGTAAAGAGCAAGA,CD161+ memory T cell
E2L3_TGTAGACCAAACTAAG,Platelet
L2_TCACGGGTCACACCCT,Naive CD4 T cell
L1_GCATCGGCATGGGTCC,Memory CD4 T cell
E2L5_CTCATTATCTTTACAC,Platelet
E2L6_AGAACAAGTCGCCACA,Hematopoietic progenitor cell
E2L4_AGTTCCCAGGTTAGTA,Cytotoxic NK cell
L4_CTGAGCGTCAGACAAA,FCGR3A monocyte
L3_AACGGGATCGTTAGAC,FCGR3A monocyte
L2_TTGACCCTCCGACATA,Plasma cell
E2L1_GATTCGAGTGACACGA,NK cell
E2L4_GAACTGTTCCGACATA,Proliferating NK cell
E2L1_CATCCCAGTCGAGATG,Plasmacytoid dendritic cell
E2L5_CTCCGATCAGTAGAAT,Naive CD4 T cell
L5_CTAACTTAGCTAAACA,Proliferating NK cell
L5_GAACACTCACATTACG,CD1C dendritic cell
E2L2_GTAAGTCAGCCTTCTC,Cytotoxic CD8 T cell
E2L6_CCACCATAGTTTGAGA,B cell
L2_CCTTTGGTCTGGACCG,Erythroid cell
L3_ACGCACGTCTTTCGAT,Platelet
L4_AGATCCAAGCATAGGC,Cytotoxic NK cell
L5_CTCTGGTCACACTTAG,Cytotoxic CD8 T cell
L3_CATCAAGAGCGGATCA,Naive CD4 T cell
L4_TACGTCCAGGTGGGTT,Naive CD4 T cell
E2L6_CTCCCTCGTGCACATT,Cytotoxic CD8 T cell
E2L2_AGATGAATCGTGCACG,B cell
E2L4_ATTCATCTCCGTCAAA,Naive CD4 T cell
L3_GACGTTAGTTCAAACC,Hematopoietic progenitor cell
E2L4_GTAGTACAGTATGAGT,Proliferating NK cell
E2L8_TGGAGAGAGACTAAGT,Cytotoxic CD8 T cell
L5_TTGCATTGTCGTCTCT,CD1C dendritic cell
L1_CTGCCATCAGAGCTAG,Hematopoietic progenitor cell
E2L2_TTCTAGTTCAACTTTC,Proliferating NK cell
E2L1_TTGTTCAAGGTAGATT,CLEC9A dendritic cell
L4_GTCACTCCATCTCATT,CD1C dendritic cell
L4_TAAGTCGAGAGCATTA,CD161+ memory T cell
E2L8_TGCACGGTCCACCTGT,Naive CD4 T cell
E2L8_CTGGTCTTCACCTCGT,Plasmacytoid dendritic cell
L1_TCCTCCCTCAGTGTTG,Naive CD4 T cell
E2L2_ATCGTCCTCCAGCTCT,Cytotoxic CD8 T cell
E2L3_CAGATCACAGATCATC,CD14 monocyte
E2L8_GAGAGGTAGTAGAATC,Memory CD4 T cell
E2L6_GTCACGGTCCTTGAAG,Erythroid cell
E2L1_CGTTAGATCTAGGCCG,Gamma delta T cell
E2L7_ATCCCTGGTGCGGATA,Proliferating NK cell
E2L8_GATCACATCTAGGAAA,B cell
E2L6_TAGGAGGAGATGTAGT,B cell
L4_TTTAGTCCACTATCGA,CD161+ memory T cell
E2L1_TACCTCGGTTGGCCTG,Platelet
L5_AGTCACATCCGTATAG,Platelet
L4_TCGGATAAGGGCGAGA,FCGR3A monocyte
E2L6_AGGGTGAAGAGCACTG,Naive CD4 T cell
E2L6_AGCGATTGTATGATCC,B cell
E2L6_CCACGAGAGAATCGCG,Platelet
E2L5_ATTTACCTCCCTGTTG,Memory CD4 T cell
L4_CTGCTCAAGATAGTGT,Cytotoxic CD8 T cell
E2L6_CTAGACACAGGCGTTC,NK cell
L4_GAGAAATGTTAGGACG,Memory CD4 T cell
E2L4_GGCAGTCCATGAAGGC,CD14 monocyte
L5_ATCTTCATCTCATTGT,Naive CD4 T cell
L4_GGGCTACAGACCAGAC,Plasmacytoid dendritic cell
L3_CGGGCATCACAATGCT,Naive CD4 T cell
E2L5_ACGTCCTTCAACGTGT,Plasmacytoid dendritic cell
L1_AGTACCAGTCCGGACT,Cytotoxic CD8 T cell
L3_GTGTAACCATAGATCC,Proliferating NK cell
E2L5_TCGGGACCATGCCGAC,Plasmacytoid dendritic cell
L2_TTGCTGCAGAGCGACT,Naive CD4 T cell
E2L7_TGCCGAGAGTGAATAC,B cell
L2_TTTACGTGTTCCTAGA,Plasma cell
L5_CATACTTGTAGGATAT,Naive CD4 T cell
E2L8_TAGGTTGGTTCAGGTT,Cytotoxic NK cell
L1_GCATCGGGTAACTTCG,Plasma cell
L4_TGGATGTTCTCAACGA,Erythroid cell
E2L2_GGGACCTGTAGACAGC,Plasma cell
L2_CTCAATTTCAACGAGG,Naive CD4 T cell
E2L2_GAGTCATTCTCGACGG,Naive CD4 T cell
L5_AACCACACAAGATCCT,Naive CD4 T cell
L5_CTATAGGAGATAGCAT,Memory CD4 T cell
L5_CCATAAGCACGACTAT,Naive CD4 T cell
E2L7_TTATTGCAGAGGCGTT,Proliferating NK cell
E2L6_GTAGTACTCATTACGG,Proliferating NK cell
E2L4_CTCTGGTAGGACGCAT,FCGR3A monocyte
L2_GGGAGATCAGTCTACA,Hematopoietic progenitor cell
L2_GACCGTGAGCGTGTTT,Memory CD4 T cell
E2L2_GTGAGGAGTGCTCTCT,Memory CD4 T cell
E2L2_CGTGCTTAGATGCAGC,Memory CD4 T cell
L5_AAACCCAAGGATGGCT,Plasma cell
L5_TCTTAGTCATACGCAT,Plasma cell
E2L4_ATCCATTCATGGTACT,Proliferating NK cell
L2_AATGGAATCGTCGCTT,Memory CD4 T cell
E2L6_AGTCACACACAGAAGC,CD14 monocyte
E2L1_TTGGGATTCGCTCTCA,Platelet
E2L7_AACGAAAAGTGCCTCG,Memory CD4 T cell
E2L7_ACGGTTAGTCTACGAT,FCGR3A monocyte
L4_GCCAACGGTAAGCGGT,Cytotoxic NK cell
L5_ACTGATGTCGTGTTCC,Proliferating NK cell
E2L7_CGTGCTTCAAATGGTA,B cell
E2L4_TGAGCGCTCGCCACTT,Cytotoxic CD8 T cell
E2L5_TACGTCCAGAGTTGTA,CD1C dendritic cell
L2_TCCTTTCCATCTCATT,Proliferating NK cell
E2L8_GAGTCATCAACTCATG,Cytotoxic CD8 T cell
L4_GAACTGTCAAATACAG,CLEC9A dendritic cell
E2L8_TCGTGGGCACAAGGTG,Memory CD4 T cell
L4_TCATTGTAGGTCGTCC,B cell
L4_TTCCGGTTCATCGGGC,Proliferating NK cell
E2L3_CACGTTCCATCACCAA,FCGR3A monocyte
L2_TGCTCCAGTGCGTTTA,Naive CD4 T cell
L2_CGTAGTATCCATTGGA,Naive CD4 T cell
L3_GTAGATCGTTTCGTGA,Cytotoxic CD8 T cell
L1_CGTTGGGGTCATTCCC,Plasmacytoid dendritic cell
E2L7_GACTTCCCATGGCTGC,Memory CD4 T cell
L5_CATCGTCCATGGGCAA,Cytotoxic NK cell
E2L7_ATCGTGAGTGAATGTA,Hematopoietic progenitor cell
E2L7_AGGGTGACAAAGACGC,Memory CD4 T cell
L5_ATGAGGGTCACTGGTA,Naive CD4 T cell
E2L5_CAACCAACACATACTG,Plasma cell
L3_GAAGAATAGAGCCGTA,Naive CD4 T cell
L5_CATTGCCTCTGCGATA,Naive CD4 T cell
E2L7_GAAGAATGTGGCCTCA,CLEC9A dendritic cell
E2L4_GGTAGAGGTTGCATCA,Memory CD4 T cell
E2L8_CTTCTCTCATCCGAAT,Proliferating NK cell
L5_GTTCCGTCAGCGTATT,Erythroid cell
L4_TCATTTGAGCGAAACC,CD161+ memory T cell
E2L1_GTCACTCGTGTTAAAG,Plasmacytoid dendritic cell
L4_ATGGATCCATAAGATG,CD1C dendritic cell
E2L7_CATTGAGAGGCACAAC,CD14 monocyte
L4_CATTCTAGTCCCAAAT,Plasmacytoid dendritic cell
L3_GGTTGTAAGTGTCATC,FCGR3A monocyte
L5_CACGAATAGGATTCAA,Hematopoietic progenitor cell
E2L6_AGGGCCTCACACCTAA,Cytotoxic CD8 T cell
L3_ATTATCCTCTACACTT,Memory CD4 T cell
E2L5_CCCGAAGAGCCTGTGC,B cell
E2L7_CATACTTCATCTCAAG,Memory CD4 T cell
E2L7_GGTGAAGAGCATGGGT,Naive CD4 T cell
E2L3_TCATTGTCAGAGTGAC,Cytotoxic CD8 T cell
L4_GATGACTTCGGACGTC,Memory CD4 T cell
E2L6_CATACAGAGCTGTTCA,B cell
E2L2_TCCAGAACAGCGGTTC,Naive CD4 T cell
E2L7_CTGAGGCTCCATTCAT,Hematopoietic progenitor cell
L2_TATCAGGTCGTCCTTG,CD1C dendritic cell
E2L2_ACGTAACTCAAAGACA,Plasma cell
L2_ACACCAAGTTATAGAG,Memory CD4 T cell
L3_GACCCTTGTCGGTACC,Cytotoxic NK cell
L4_AGCCAATGTACAGAAT,Memory CD4 T cell
E2L1_CAGGGCTCATAGGTTC,Proliferating NK cell
E2L7_GTGAGCCTCCCGGTAG,B cell
E2L4_AGCCAGCCAAGTGGAC,Plasma cell
E2L5_CATGCGGAGTCGCCAC,Cytotoxic NK cell
L5_TGAGCATAGTCCCAAT,Cytotoxic NK cell
E2L2_TTGACCCCACGGCTAC,Plasma cell
L5_ATTATCCTCAACTCTT,CD161+ memory T cell
E2L4_CTCCACACATGGCTGC,B cell
L5_TATTTCGAGCGGTAAC,Naive CD4 T cell
E2L7_GTTTACTCATTGAAGA,CD1C dendritic cell
L4_TTTCCTCCACAGTCAT,FCGR3A monocyte
L4_CATAGACTCTCTTGCG,Erythroid cell
L4_AGCATCACAAATTGCC,Naive CD4 T cell
E2L3_ACAAAGAGTCGTGATT,CD161+ memory T cell
L4_GCCGATGTCAACCGAT,CD1C dendritic cell
E2L7_CCTCTCCGTTACGTAC,Memory CD4 T cell
E2L6_AGGGTCCGTACTGTTG,B cell
L5_ATTCAGGTCGCAGAGA,Naive CD4 T cell
E2L6_TGCGGGTGTAAGGTCG,B cell
L1_TCCTTCTCAGTCTGGC,Naive CD4 T cell
E2L5_TTACAGGGTCACTACA,Naive CD4 T cell
E2L3_CGCCAGACAGGACGAT,Gamma delta T cell
E2L7_GCGTTTCGTGGCTTAT,Platelet
L4_CAACAACTCCTGGGAC,Naive CD4 T cell
L2_AAGAACATCCGAGCTG,Hematopoietic progenitor cell
L3_ACGCACGAGTAGCATA,Naive CD4 T cell
E2L3_TGCATCCTCGTCAAAC,CD14 monocyte
E2L1_CCTACGTTCCATTTGT,B cell
L2_ATCATTCCACGGTGAA,CD161+ memory T cell
L2_ATTTCACGTCACCGAC,NK cell
E2L4_CATAAGCCAACACTAC,Plasmacytoid dendritic cell
E2L1_TTTACGTCAGAGGGTT,NK cell
E2L1_GCTGAATAGGCATGGT,Plasmacytoid dendritic cell
E2L1_CCTAAGATCTAGACAC,Cytotoxic CD8 T cell
E2L1_CACTTCGCAAATAGCA,Cytotoxic CD8 T cell
L5_GCTTTCGCATTGAGCT,Naive CD4 T cell
E2L1_CACAACATCTCGTGAA,Platelet
L4_GGAGATGAGATGTTCC,Platelet
L2_CCCAACTTCTATGTGG,CD161+ memory T cell
L5_AGGGAGTAGAAACTGT,Naive CD4 T cell
E2L3_TCATACTGTTTACGAC,Cytotoxic CD8 T cell
L5_TGATTTCTCAACTTTC,Naive CD4 T cell
E2L6_TCTTGCGGTCCGGTCA,B cell
E2L5_GGGTCTGCATCCGGTG,NK cell
L2_TTTCCTCCAAGTGCAG,Naive CD4 T cell
E2L3_CCTCATGAGCCTGGAA,Cytotoxic CD8 T cell
L3_TGCGGCATCCGATCGG,B cell
E2L1_AGGTTGTGTTCGGTTA,Memory CD4 T cell
L2_TATCCTAAGACAAGCC,Plasma cell
L4_TCCACCAGTGACCGTC,Memory CD4 T cell
E2L2_TTCAGGATCACTGATG,B cell
E2L6_GCCAGCAAGTAACCTC,B cell
L1_CGGAACCTCCGTGGGT,Plasma cell
L4_TTTGGAGAGTTGCCTA,CD161+ memory T cell
E2L4_GTCTTTAAGACCAAGC,Cytotoxic CD8 T cell
L5_TATCTTGAGAGTTCGG,Plasmacytoid dendritic cell
E2L4_GTCATCCAGTTTCTTC,B cell
E2L5_AGAAGCGTCATTTGCT,NK cell
L4_TTAGTCTAGACATGCG,Naive CD4 T cell
L5_TCACTATCAGTGCCTG,Cytotoxic CD8 T cell
L5_TGCAGATTCACTTCTA,Naive CD4 T cell
E2L5_TGCAGTAAGGGCTAAC,Cytotoxic CD8 T cell
L5_CGTAGTAAGTAGGCCA,Naive CD4 T cell
E2L8_TTGGATGCAACCGATT,FCGR3A monocyte
E2L6_TTCCAATAGCAGCACA,CD14 monocyte
L3_TTCGGTCTCTCGCGTT,Proliferating NK cell
E2L5_GTTGCTCGTGACTGAG,Platelet
E2L2_GCATGATAGGTGCATG,Cytotoxic CD8 T cell
L5_CATGCGGTCATCTCTA,B cell
L1_TTACTGTCATCCGGCA,B cell
L4_AAGGTAACAGCTATTG,Cytotoxic CD8 T cell
E2L8_AGTAGTCCACTCAGAT,CD1C dendritic cell
E2L4_AAGCATCAGTAGCATA,Cytotoxic NK cell
L5_CTGATCCGTAGTTAGA,Memory CD4 T cell
E2L7_TGAATCGCACTGGCCA,Cytotoxic CD8 T cell
E2L4_CAATGACGTAATGATG,CD1C dendritic cell
E2L6_TCCGAAAAGACCTTTG,Naive CD4 T cell
E2L8_CTTAGGAGTTAAACCC,FCGR3A monocyte
L4_TGATCTTCAACGATTC,Hematopoietic progenitor cell
E2L8_TCAGTTTTCGTGGGTC,Erythroid cell
E2L5_TCGCAGGCAGCATCTA,Cytotoxic CD8 T cell
L5_GCACATACAGAAATTG,Memory CD4 T cell
E2L7_CCAATTTTCCGATGTA,Cytotoxic NK cell
E2L5_GGTAACTGTTAAGCAA,Memory CD4 T cell
E2L8_CTAGGTACAGGACGAT,Cytotoxic CD8 T cell
L4_CAACAACCAGGACATG,GZMK+ CD8 T cell
E2L8_GTGCGTGGTACGAGTG,B cell
L5_AACCCAACAGGATTCT,Cytotoxic CD8 T cell
L2_ATCGATGAGATGCAGC,Naive CD4 T cell
L4_CTACAGACAACGGGTA,CD1C dendritic cell
L1_TGTCCTGCAACTGCCG,Erythroid cell
L5_GCCATTCTCACGTCCT,GZMK+ CD8 T cell
E2L1_ACGTTCCAGACATCAA,FCGR3A monocyte
L2_CACGTGGGTGGTGATG,Naive CD4 T cell
E2L4_AGAAGTAAGTCGAAAT,FCGR3A monocyte
L3_CGGGTGTAGCCTAACT,Memory CD4 T cell
E2L8_CTCCACATCAAGCCTA,B cell
E2L2_CATGGTAAGGATTTAG,Platelet
E2L1_CGAGTGCGTGGCCTCA,Proliferating NK cell
E2L1_CTATCCGCAGAACATA,Plasmacytoid dendritic cell
L4_GTTAGTGGTACGTGTT,Plasma cell
L3_CGTAATGAGCTTGTTG,Naive CD4 T cell
E2L3_GTTCCGTTCTCACGAA,Plasma cell
E2L3_CCCGAAGCAGTCTCTC,Plasmacytoid dendritic cell
L3_CTATCTAAGACGTCGA,Cytotoxic CD8 T cell
E2L5_GGGTCTGAGATCCTAC,Cytotoxic NK cell
E2L2_AGGGCCTAGCGTATAA,Memory CD4 T cell
E2L2_AGCGCTGGTGGTAATA,Plasmacytoid dendritic cell
E2L5_TTCCGTGCAGCACAGA,Plasma cell
E2L7_TCTGCCAGTTTGACAC,CD161+ memory T cell
E2L3_CCCTTAGTCCAAGCAT,Plasmacytoid dendritic cell
L3_CAGAGCCGTTCTTGTT,Hematopoietic progenitor cell
E2L2_GCCAGGTAGCTAGTTC,CD14 monocyte
L5_GGGACAAGTGGCACTC,Memory CD4 T cell
L3_ATGCCTCGTGGATGAC,Cytotoxic NK cell
L5_TCCACGTAGAAATCCA,FCGR3A monocyte
L4_GTAACCAAGAGATGCC,Memory CD4 T cell
E2L7_TATTGGGTCATTCTTG,CLEC9A dendritic cell
E2L6_TGACGCGGTGAGTAAT,Proliferating NK cell
L2_CATGGTATCTTTGCGC,B cell
L1_ACATCCCAGGTAGTAT,CD161+ memory T cell
E2L1_GTGTTAGCAGACACCC,NK cell
L3_TATTGCTCAATCGTCA,B cell
L2_CAACAGTGTTAAGGAT,Memory CD4 T cell
E2L5_GAGTTTGCATAATCGC,B cell
E2L1_CTCCTCCTCCGCGAGT,Memory CD4 T cell
E2L6_CAAGCTATCGTTTACT,Cytotoxic CD8 T cell
L1_TTCTAACTCGTAGGAG,NK cell
L1_TAGGTACGTCGGCACT,Naive CD4 T cell
E2L1_TCAGTTTCAACGGTAG,Memory CD4 T cell
E2L2_TACCGAAAGCCGGATA,Proliferating NK cell
L4_AACGGGATCGACGAGA,CD161+ memory T cell
L1_GCACTAACACTGTCGG,Cytotoxic CD8 T cell
E2L4_GTTACGACACAAGTGG,B cell
L3_TGGAACTAGAATAGTC,CD14 monocyte
L3_CAACCTCGTGAATTGA,Naive CD4 T cell
E2L4_TTCACCGAGGCTCCCA,Memory CD4 T cell
L4_TGCTGAACAAGGTACG,Naive CD4 T cell
L2_GACGCTGGTCACTCAA,Cytotoxic NK cell
L5_TTTGTTGTCTCCGTGT,Memory CD4 T cell
L1_AAGATAGAGCAGATAT,Naive CD4 T cell
L4_TTAGTCTTCAGAGTGG,Gamma delta T cell
E2L7_AACAACCGTTCATCGA,Cytotoxic CD8 T cell
L2_TCGCTCAAGCTAAACA,CLEC9A dendritic cell
E2L4_GATTCGACACGGTGAA,Plasma cell
L3_TATACCTAGAACTTCC,Memory CD4 T cell
E2L7_GCAGCTGCAAGAATAC,Cytotoxic CD8 T cell
E2L4_TTTGATCTCACGAGGA,Memory CD4 T cell
E2L6_TCGCTCAAGGTTCAGG,B cell
L5_CTGGACGCAGTAACGG,CD161+ memory T cell
L5_ATTCAGGGTGGAAGTC,Naive CD4 T cell
E2L5_GAGAAATCAACCGCTG,Proliferating NK cell
E2L1_TGTGGCGTCCTCGATC,B cell
E2L7_GACCTTCTCGCAAGAG,Platelet
L2_TCTTCCTGTGGACCAA,Cytotoxic CD8 T cell
L2_GAGTCATGTCGCATGC,GZMK+ CD8 T cell
L5_GCCCGAAGTGGTTCTA,FCGR3A monocyte
E2L3_AGGCATTGTGAACGGT,NK cell
L3_CAGCGTGCACTGTCCT,Memory CD4 T cell
E2L2_GAGTTACCATTAGGAA,Cytotoxic CD8 T cell
L2_AGTGCCGTCCGAGCTG,Hematopoietic progenitor cell
E2L3_GGATGTTTCGTAGAGG,Gamma delta T cell
E2L4_TATCTGTAGAGCCGTA,Memory CD4 T cell
L1_AGCCAATTCGCGTCGA,Plasma cell
E2L7_AGTGCCGGTATAATGG,B cell
E2L4_CTCCTTTCAGTGGTGA,Naive CD4 T cell
E2L4_GAAGAATCAGGTGTTT,CD161+ memory T cell
L5_ACGGTTACACTGTGTA,Memory CD4 T cell
E2L8_TCTATACCATTAAAGG,Plasmacytoid dendritic cell
E2L5_TACTTGTTCTCATAGG,Memory CD4 T cell
E2L6_GTCGAATTCGTAGAGG,CD14 monocyte
E2L7_CGTAATGTCGATCCCT,Plasmacytoid dendritic cell
E2L8_GGGAGATCAGTACTAC,Platelet
E2L1_CAGTTCCGTTATTCCT,Plasma cell
L4_AACGAAACAGCCCACA,Platelet
E2L3_AACACACCAGAGGCTA,FCGR3A monocyte
E2L5_AACCTTTGTCACAGTT,Naive CD4 T cell
L4_CTCATCGCAAAGCACG,B cell
E2L5_GAAGTAAGTTCTTGTT,Hematopoietic progenitor cell
E2L7_TACTTACGTAGGCTGA,Naive CD4 T cell
E2L4_CTGCTCATCGTGCAGC,Plasmacytoid dendritic cell
L5_TCTCTGGTCCTTATAC,Memory CD4 T cell
L2_CGGAATTAGGAGATAG,NK cell
L4_CCACGTTGTAGGATAT,Naive CD4 T cell
E2L2_ATGAGGGAGCCATCCG,Cytotoxic CD8 T cell
E2L2_GTCATTTAGACTACGG,Cytotoxic CD8 T cell
E2L7_CCACGAGCACCATTCC,B cell
E2L5_GGAGGTACATTGGCAT,Proliferating NK cell
L3_GGAACCCCATGACCCG,CD161+ memory T cell
L4_TCAGTTTGTAGCTTGT,Proliferating NK cell
L3_ATGCGATCAGCTGAAG,Hematopoietic progenitor cell
L5_AGTGCCGTCGGAGTGA,CD161+ memory T cell
L4_AACAAGATCTAGACAC,Cytotoxic CD8 T cell
L5_CTCCTTTCACGAGGAT,Proliferating NK cell
E2L4_AGCGTATTCAGTGTCA,Plasmacytoid dendritic cell
E2L2_AGGGAGTTCGACCAAT,Naive CD4 T cell
E2L6_TATCGCCGTCGGATTT,Cytotoxic CD8 T cell
L4_TGGTGATCAATTTCGG,FCGR3A monocyte
L1_AATAGAGCATGGGTTT,Plasma cell
L1_ACCCTTGGTACCGGCT,Naive CD4 T cell
E2L1_ATGTCCCTCCCTCGAT,CD1C dendritic cell
L1_TAGACCAGTTGCGGCT,Platelet
L5_GCTCAAAGTTCGATTG,Hematopoietic progenitor cell
L5_GTTACAGTCTATTTCG,Plasma cell
E2L8_TGCTCGTCAACGATTC,B cell
E2L4_ACATTTCCAGCACAGA,FCGR3A monocyte
L4_TTTCGATTCAGAGCAG,Naive CD4 T cell
E2L1_AGCTACAGTCAGGCAA,Memory CD4 T cell
E2L5_CTTTCAAGTCCCTGTT,CD161+ memory T cell
E2L7_CTCCATGGTCAGCGTC,Platelet
L5_GAATCACCAAGATCCT,Memory CD4 T cell
L5_CTCCACAGTCCACAGC,Naive CD4 T cell
E2L7_TGCCGAGCATTGCCGG,Naive CD4 T cell
E2L2_TCGAACAGTAGAGCTG,Memory CD4 T cell
L2_ATGGAGGAGAGCAACC,Plasma cell
E2L6_GGGTAGATCTGGCCAG,CD161+ memory T cell
E2L3_TCGCACTCATCTCCCA,FCGR3A monocyte
E2L5_CGTGTCTCACGCCACA,Cytotoxic CD8 T cell
L2_AATGCCAAGCCTGTCG,Cytotoxic CD8 T cell
E2L5_GAGGCAACATGTTTGG,Memory CD4 T cell
E2L6_GTACAGTCACGACGCT,Memory CD4 T cell
L1_ATTCTTGAGTTGCTCA,Memory CD4 T cell
E2L5_CTCCAACCAGGCATTT,Memory CD4 T cell
E2L3_GTGTTCCAGTTGTAAG,Plasmacytoid dendritic cell
E2L7_CCAATGACACCTCGTT,FCGR3A monocyte
L5_CCGTAGGCACAAAGCG,Cytotoxic CD8 T cell
E2L6_AATTCCTTCGACTCCT,CLEC9A dendritic cell
L3_CTAAGTGAGCCATTGT,Gamma delta T cell
E2L2_CTTAGGAGTTAGGGAC,Memory CD4 T cell
E2L4_CTACGGGCACAACGTT,Naive CD4 T cell
E2L7_CATTGTTTCCACTTTA,Proliferating NK cell
L3_TATACCTTCAAGTCTG,CD14 monocyte
E2L6_ATCGTCCAGTGGTGGT,B cell
L3_CACTTCGAGGTAGTCG,Memory CD4 T cell
L5_AAAGTGATCTTCGACC,Hematopoietic progenitor cell
L4_ACAACCAAGGTCCTGC,CD1C dendritic cell
L1_AACAAAGGTTCGGCGT,Proliferating NK cell
E2L5_TCGATTTCACATCATG,GZMK+ CD8 T cell
E2L8_TTGCATTCAGTAACAA,Memory CD4 T cell
E2L1_GTTAGTGAGGACTAAT,Cytotoxic CD8 T cell
L2_AACCAACAGATGACCG,Memory CD4 T cell
L3_CCTATCGTCTACTCAT,Memory CD4 T cell
E2L7_AACCATGGTTGTGTTG,CLEC9A dendritic cell
E2L5_CGAGTGCCAGGCCTGT,Cytotoxic CD8 T cell
L3_GACCAATCATATACCG,Cytotoxic CD8 T cell
L3_CGCGTGAGTGTTGAGG,Naive CD4 T cell
E2L7_CTACATTAGACGTCGA,FCGR3A monocyte
L4_CTGAGCGCACCACTGG,Memory CD4 T cell
E2L7_TCATGGATCAAATGCC,B cell
E2L4_ATCCGTCCATCCTAAG,Plasmacytoid dendritic cell
E2L7_ACTTAGGAGGAACTAT,Memory CD4 T cell
E2L7_GTAGCTAGTACTGGGA,B cell
E2L4_TTCATTGGTCACGTGC,B cell
L1_AGAACCTAGACAGCGT,Cytotoxic NK cell
L2_ACTCCCAAGCCACCGT,Proliferating NK cell
L2_GTCTAGAGTCGAAGCA,Proliferating NK cell
E2L6_TCATTACTCGACGAGA,Naive CD4 T cell
E2L6_CACACAAGTAGCGCTC,Platelet
L1_TCGGGACCAGGGTTGA,Naive CD4 T cell
E2L4_GTCAGCGCAAGTATAG,Memory CD4 T cell
L3_CCGGGTATCTTGCAAG,Proliferating NK cell
L4_TTAGTCTAGGTCACTT,NK cell
E2L2_CTGGCAGGTTGCCTAA,Memory CD4 T cell
L5_TCCTTCTCAGACAATA,Memory CD4 T cell
L4_TGGAGAGGTCGCACGT,Naive CD4 T cell
L2_TTGTGTTTCCCATGGG,Memory CD4 T cell
L3_AGTCACAGTGTTCGTA,Cytotoxic CD8 T cell
E2L6_CTCTCGAAGCTCCCTT,FCGR3A monocyte
E2L2_GGTCTGGTCTAGTTCT,Naive CD4 T cell
E2L6_CATACCCCATCCTTGC,CD1C dendritic cell
E2L4_AGACCCGCAAACCATC,Naive CD4 T cell
E2L3_CTCCCTCCAAGATTGA,Gamma delta T cell
E2L8_CTATAGGGTGAATATG,B cell
E2L4_AACCTTTTCCGCAAAT,Cytotoxic CD8 T cell
L5_CACGTTCAGATGAAGG,Hematopoietic progenitor cell
E2L2_ACATTTCCATGCAGGA,Naive CD4 T cell
L4_AGTCAACCAGTTGAAA,Memory CD4 T cell
E2L7_GCGTGCATCGACGAGA,Memory CD4 T cell
L5_ATTCCCGGTATCAGCT,CD161+ memory T cell
E2L5_GTCCTCAAGTAAAGCT,Platelet
E2L5_TTCTAACCAAAGAACT,Cytotoxic CD8 T cell
L5_TGATTTCAGTCTAACC,Proliferating NK cell
L5_GATCACAGTATCTCGA,Memory CD4 T cell
L5_TCCTTCTTCCGTATAG,Cytotoxic CD8 T cell
L1_GGTAGAGCACACCAGC,Hematopoietic progenitor cell
L4_GATGATCAGCATGTTC,B cell
E2L1_GATCACAAGGCTCTCG,Cytotoxic CD8 T cell
L4_ACTTCCGAGGGAGTTC,Hematopoietic progenitor cell
L4_TTGGATGTCGTGAGAG,CLEC9A dendritic cell
L5_CTGAGGCCATTGCCTC,B cell
E2L5_CGGGTCAGTTTCTATC,Plasma cell
E2L7_CAATGACAGTGCGCTC,Memory CD4 T cell
E2L8_TTGCCTGTCTAGGAAA,NK cell
E2L1_ACATCCCGTTCTCTCG,Cytotoxic CD8 T cell
E2L6_GTGAGGATCACATTGG,Proliferating NK cell
E2L8_GTGCAGCGTAGCTTTG,CD1C dendritic cell
E2L6_CTTGAGACATCATCCC,Platelet
E2L3_GGCGTCATCCCATACC,Cytotoxic CD8 T cell
L5_CGAGTTACACCAGCCA,Naive CD4 T cell
E2L1_ACGTCCTTCTAGAACC,B cell
L3_TCAGCCTGTGGATGAC,CD161+ memory T cell
L4_ACACAGTGTTCGTACA,CD161+ memory T cell
E2L8_AGCATCAAGGTCGTGA,Plasmacytoid dendritic cell
E2L3_TCACACCCAGGCTATT,Proliferating NK cell
E2L1_AGCGTATCAATGTGGG,CD161+ memory T cell
E2L1_CCTATCGAGGTACATA,Memory CD4 T cell
E2L5_TACGCTCCATTCTCCG,Memory CD4 T cell
L4_TCACGCTAGCATTTCG,CD161+ memory T cell
L1_GCAACCGCAAGACCGA,NK cell
L1_TGGTTAGTCATGGGAG,CD1C dendritic cell
E2L7_CTGCTCAAGTCAGCCC,Platelet
E2L4_TTGGGCGCAGGACAGT,Plasmacytoid dendritic cell
E2L1_GGGAGATAGTTACTCG,Memory CD4 T cell
L5_ATGTCTTCAGTCTACA,Plasmacytoid dendritic cell
L3_GGATCTATCTTCCAGC,Naive CD4 T cell
L4_GGAAGTGTCGTCGGGT,Naive CD4 T cell
L3_AATAGAGCAGCTGTCG,Memory CD4 T cell
L3_GATGATCTCCACACCT,Cytotoxic CD8 T cell
E2L7_TCACTATAGTGCGACA,Plasmacytoid dendritic cell
E2L2_CGTGAATTCGAGTGAG,CD161+ memory T cell
L1_CATTGTTGTCTTCAAG,Naive CD4 T cell
E2L8_TGACGCGCATTACGGT,B cell
E2L6_TTTGGAGAGTTTGGCT,Cytotoxic NK cell
E2L4_TCACAAGTCGAATCCA,Cytotoxic CD8 T cell
L4_AGCGTATAGAACGCGT,Plasmacytoid dendritic cell
E2L5_TTGATGGCAGCAGACA,Platelet
L1_AAGTACCGTATTTCCT,Memory CD4 T cell
L1_CGGTCAGGTGCAGGAT,Proliferating NK cell
E2L7_CATCCGTCAAAGAGTT,Platelet
E2L2_GTTACCCAGACGACTG,Naive CD4 T cell
L5_TCGAAGTCAGTGGCTC,Naive CD4 T cell
L2_TACCCGTTCAGAGTTC,GZMK+ CD8 T cell
L3_TATCTTGTCGATACAC,Naive CD4 T cell
L3_AGGGAGTTCGCCTATC,Hematopoietic progenitor cell
L5_CGGACACCATATCTGG,Hematopoietic progenitor cell
E2L4_TCGGTCTCATTGCAAC,Cytotoxic CD8 T cell
L5_GAGTTGTAGCGTTCAT,Plasma cell
E2L3_CACCAAACACGGGCTT,Memory CD4 T cell
L1_GACGCTGCACTCCGGA,Naive CD4 T cell
L2_TGTAAGCCATGCCGCA,Hematopoietic progenitor cell
E2L7_TCATGGACAGACCTGC,Platelet
L5_CGGAATTTCTGGGATT,Cytotoxic CD8 T cell
E2L7_GTGCTGGGTACAGTCT,Naive CD4 T cell
E2L3_TACAACGGTTGGGACA,CD1C dendritic cell
E2L6_AATGGAAAGGTAAGAG,B cell
E2L3_GTTAGTGGTCGCCACA,B cell
E2L5_AGCTTCCAGATAGTGT,Plasmacytoid dendritic cell
L2_CTGTGGGAGAGTCAAT,Naive CD4 T cell
E2L6_TCATTCAGTCTCTCAC,Proliferating NK cell
E2L2_TGGTGATAGTTTCAGC,Naive CD4 T cell
E2L6_TGTAGACGTACAGAAT,B cell
L2_CATCCGTAGAGTTGAT,Naive CD4 T cell
E2L5_AGGATCTTCTACGGTA,Gamma delta T cell
E2L6_GATGACTGTGGACTGA,Platelet
E2L8_AGGGCCTAGACCTCCG,Proliferating NK cell
L1_ACCCTTGCAATCGCAT,Proliferating NK cell
E2L7_ACAGAAACAAAGCACG,Cytotoxic CD8 T cell
E2L2_ACATCCCTCTTCACAT,CLEC9A dendritic cell
E2L7_GGGTAGAGTACCTGTA,Cytotoxic CD8 T cell
L1_GAGATGGTCAGATTGC,Memory CD4 T cell
E2L6_CGGAACCGTGAGGAAA,B cell
L2_CCGATCTAGAAGGCTC,Memory CD4 T cell
L3_TCTTCCTCAATTCACG,Naive CD4 T cell
E2L2_AGAGAGCAGAGAAGGT,Platelet
E2L8_TTGCATTAGCTAGTTC,Cytotoxic CD8 T cell
E2L1_ATCCACCGTGGTCCGT,NK cell
L2_GAGTCTATCAAGGACG,Cytotoxic NK cell
L5_GAAGAATAGGGCGAAG,CD14 monocyte
L2_TTTACTGTCGACCTAA,GZMK+ CD8 T cell
L2_TTCACCGAGTGCAAAT,Naive CD4 T cell
L5_CGAAGGAAGTAGGAAG,Memory CD4 T cell
L5_AACAAAGTCTTCCGTG,CD14 monocyte
L4_TAGGAGGCAAAGGAGA,B cell
L3_AGCCAGCGTTCCGTTC,Proliferating NK cell
E2L6_CAATCGATCCTTCGAC,CD14 monocyte
E2L7_TAGGAGGGTCCGTACG,Memory CD4 T cell
E2L8_GTAGATCGTATATGGA,FCGR3A monocyte
E2L4_TCAATTCGTCATCCGG,NK cell
E2L3_ATAGAGAAGCCAAGCA,Platelet
L4_TTCGATTTCAGTGGGA,Plasmacytoid dendritic cell
E2L8_AGAAGTACACTTCCTG,Gamma delta T cell
L4_ACTGTCCTCTCATAGG,FCGR3A monocyte
E2L1_TCATACTTCCAAGCAT,Cytotoxic CD8 T cell
L5_GACTTCCTCATTGCGA,CLEC9A dendritic cell
E2L4_GTCATCCAGCTCGACC,Memory CD4 T cell
E2L2_CTTCAATAGGATTCAA,CLEC9A dendritic cell
E2L7_TAATTCCCAGCTGTTA,Cytotoxic CD8 T cell
E2L3_CCGGGTAAGCCGGATA,B cell
L3_GCGGAAAAGAAGATCT,Plasma cell
L5_CAGTGCGGTGTCGATT,Naive CD4 T cell
E2L5_CTCAGTCGTACAGTTC,B cell
E2L6_ATCACGAGTTGCTCAA,NK cell
L5_GTATTTCTCGCTAATG,Naive CD4 T cell
E2L8_CCTCAACAGTGTTGTC,Platelet
L4_ATTTCACGTCTTCCGT,B cell
L1_TGAGCGCTCCTGCCAT,Cytotoxic CD8 T cell
L3_ACAAAGACAACACACT,Hematopoietic progenitor cell
E2L8_TGCTGAATCATCTATC,Memory CD4 T cell
E2L8_GATTGGTGTAACGGTG,Naive CD4 T cell
E2L1_GTTAGACAGCGCCTCA,CD1C dendritic cell
E2L1_ATGCCTCAGGGAGTGG,NK cell
E2L1_CAGCGTGGTCGAAGCA,B cell
E2L4_TGCTCCAAGGCATTTC,Naive CD4 T cell
E2L1_GTATTGGAGAGCATTA,Cytotoxic CD8 T cell
L5_ATTCCCGTCCCTTCCC,Memory CD4 T cell
E2L3_GTGCTGGGTATCGAGG,Proliferating NK cell
E2L1_CGCGTGAAGAGGATCC,Platelet
L4_GTTGAACGTCCAGCGT,Memory CD4 T cell
E2L5_GAGTCTAGTGTCCATA,FCGR3A monocyte
E2L2_TGTGTGAAGACTAAGT,Plasmacytoid dendritic cell
L1_TGATTTCGTTTAAGGA,Cytotoxic CD8 T cell
L1_CTCCATGGTCTTGAAC,Naive CD4 T cell
E2L6_TACCCACAGCTTTCTT,Cytotoxic CD8 T cell
L4_CTATCCGCAAGACGAC,Naive CD4 T cell
E2L3_GTAGGTTGTTTGATCG,B cell
E2L8_CGAAGTTCATTGACTG,Plasmacytoid dendritic cell
L1_GAACTGTAGTATAACG,FCGR3A monocyte
E2L8_TAACACGAGTGTTCAC,Memory CD4 T cell
E2L5_AACGAAACACGGAAGT,Naive CD4 T cell
L1_TGGGAAGTCCTCTAAT,Hematopoietic progenitor cell
E2L7_ATACTTCCACTTTAGG,Naive CD4 T cell
E2L3_TAACACGTCAGTCACA,B cell
E2L2_TTTACCACATAGGTAA,Naive CD4 T cell
E2L3_GACTCAATCACTGGGC,Platelet
E2L4_GGACGTCTCTGACCCT,Plasmacytoid dendritic cell
L2_GCATCGGCAGTTTCAG,Cytotoxic CD8 T cell
L4_GGAATCTTCCTGTAAG,Naive CD4 T cell
L4_TAGACTGGTCCAGCAC,B cell
E2L7_GGCGTCAGTTAGAGAT,Memory CD4 T cell
E2L8_CTTTCAAAGCCAAGCA,Proliferating NK cell
E2L6_TTTCAGTGTCTGTGAT,Cytotoxic CD8 T cell
E2L3_GTGTGATTCGATACAC,B cell
E2L6_CCAATTTAGCGCGTTC,NK cell
L2_TACAGGTGTCAAATCC,Naive CD4 T cell
L3_TGAATCGGTACATTGC,B cell
E2L6_CCTATCGTCCACGGAC,Proliferating NK cell
E2L5_GTTGTAGGTGGACAGT,Memory CD4 T cell
E2L1_CTGTGAATCCCATAAG,B cell
L1_CACTAAGAGCAAGTGC,Memory CD4 T cell
E2L2_TGGGATTCACGCGGTT,CD1C dendritic cell
E2L7_AGTCTCCCATGACCCG,Plasmacytoid dendritic cell
L2_GACTCTCCATAACTCG,Naive CD4 T cell
E2L8_GCATGATCATGAATAG,FCGR3A monocyte
E2L4_ATGGGAGGTCGTGGTC,CD14 monocyte
L1_CTAACCCTCCAAGGGA,Proliferating NK cell
L4_CCTCCTCAGTAAACAC,Naive CD4 T cell
L4_GACTCTCCAGCTCGGT,Naive CD4 T cell
E2L1_GCCAACGTCCTACCAC,Naive CD4 T cell
E2L5_GCGGAAATCCGTGGTG,B cell
E2L5_GTGTGGCAGCCTCAAT,GZMK+ CD8 T cell
L2_TCCACGTGTATGGAGC,NK cell
E2L8_CTTGATTAGGACGCTA,Erythroid cell
L3_GCATGATAGATGACAT,Memory CD4 T cell
E2L4_TCTCAGCGTCATAAAG,Cytotoxic CD8 T cell
E2L5_ATTTCACAGGCTGTAG,Cytotoxic CD8 T cell
E2L2_GTTACAGAGTACCCTA,CD1C dendritic cell
L2_AACCATGTCGCCGAGT,Naive CD4 T cell
E2L5_TGCATCCTCTGCTTAT,Proliferating NK cell
L5_CCTCCTCTCACCTTGC,Erythroid cell
L3_TTCTAGTCAGGAAGTC,GZMK+ CD8 T cell
E2L8_CTGCTCACAGTCTGGC,Cytotoxic CD8 T cell
L2_TCAAGCACATCAGCAT,Proliferating NK cell
L5_CATAGACAGCTACGTT,Proliferating NK cell
L5_TTACCATTCTTTCAGT,Naive CD4 T cell
L1_TGACTCCAGGGATCTG,CD161+ memory T cell
E2L4_TGCGATATCCAATCCC,Plasmacytoid dendritic cell
E2L5_GATTCGATCGGCAGTC,Cytotoxic CD8 T cell
L2_GTTAGACGTGAGACGT,FCGR3A monocyte
E2L5_GTGTTAGTCGGTCTAA,Plasma cell
E2L3_TCGTCCAAGCCTCATA,CD161+ memory T cell
E2L7_TGATGGTAGGTTCTTG,B cell
E2L7_ATGGTTGGTGGGACAT,Memory CD4 T cell
E2L7_ACTCCCAGTTGCTGAT,CLEC9A dendritic cell
L3_TACAGGTAGTTGCATC,Cytotoxic CD8 T cell
E2L7_TAGGTTGGTCTGTCAA,Memory CD4 T cell
E2L2_GACCCTTAGGCACTAG,CLEC9A dendritic cell
L5_ATCTCTACAGTAACCT,Naive CD4 T cell
L4_TGTTACTGTTTAAGGA,B cell
E2L6_CACATGAAGAGCTTTC,Cytotoxic NK cell
L3_TTACCATCACTACACA,Plasma cell
E2L1_GTGTGGCAGGTTACAA,GZMK+ CD8 T cell
E2L5_ATTGTTCCACTCTGCT,Plasmacytoid dendritic cell
L5_TTACGCCGTCGCGTTG,Naive CD4 T cell
E2L1_CATTCCGGTGACCGTC,B cell
L3_TGCAGGCTCTAAGCCA,CD14 monocyte
E2L5_TCAGTCCCACTTCAAG,NK cell
E2L4_CGCATGGGTAGCGATG,Cytotoxic CD8 T cell
E2L5_GTGGAAGAGAAGCCAC,Proliferating NK cell
E2L5_GGGCTCAGTATTTCGG,Erythroid cell
E2L6_GGAATGGCAGCCTACG,B cell
L3_TACTTGTAGTCAGCCC,Plasma cell
E2L7_GTTTACTCAGAGAATT,Memory CD4 T cell
E2L4_GGAATCTCACGATTCA,Proliferating NK cell
L1_TCATGTTGTCCTATAG,CD161+ memory T cell
E2L8_TGTACAGTCGGTTAGT,B cell
E2L8_AGGGAGTCAGTGTGGA,B cell
E2L6_CTCAGGGGTCTTACTT,Naive CD4 T cell
E2L2_CCTTCAGAGGAGTATT,Plasmacytoid dendritic cell
E2L6_TCCTTCTCAAAGTGTA,Cytotoxic CD8 T cell
L4_CATCGGGAGACTAGAT,Memory CD4 T cell
E2L6_GAACGTTTCGGACTTA,B cell
E2L6_TTGTTTGAGCATCAGG,CD1C dendritic cell
E2L8_GTTTGGATCGAGAGAC,CD14 monocyte
E2L5_CCTGCATTCGTCGGGT,Memory CD4 T cell
E2L3_CTCCACAAGACAACTA,Cytotoxic CD8 T cell
E2L6_CCTTGTGTCTGTCTCG,CD14 monocyte
L1_TTGCGTCCATGTGACT,Cytotoxic CD8 T cell
L5_GGGATGATCTTTCTAG,Memory CD4 T cell
L4_GATGATCGTGCTAGCC,CD1C dendritic cell
L3_ACGTAGTCATGCGGTC,Naive CD4 T cell
E2L4_CGAATTGCATCAGTCA,Naive CD4 T cell
L3_TCACGCTTCGCAGTCG,Plasmacytoid dendritic cell
L3_TACGCTCTCGGACGTC,CD14 monocyte
E2L5_TTCGGTCGTGTGAGCA,B cell
L2_GAGGGTACAGACATCT,Naive CD4 T cell
E2L5_TAACCAGCATGTGACT,B cell
L5_TGCATGATCAACGAGG,NK cell
E2L4_TCATACTTCTTACACT,Memory CD4 T cell
L3_CTATAGGTCGTGCTCT,CLEC9A dendritic cell
E2L8_AAGACAACAGTAGAAT,Platelet
L4_AACGAAATCACTACTT,CD14 monocyte
L4_CTTCTCTCATGCACTA,Cytotoxic CD8 T cell
L4_CTATCCGCACGGCCAT,Hematopoietic progenitor cell
E2L3_GAGACTTAGTTGAAAC,Plasmacytoid dendritic cell
E2L2_CAGCAGCAGCCGTCGT,Proliferating NK cell
E2L7_GAGAGGTCATCAGCAT,Naive CD4 T cell
L3_AAGATAGAGACTGAGC,Naive CD4 T cell
L1_ATTGTTCAGATAGCAT,Memory CD4 T cell
E2L5_GAATCGTTCTAGTGAC,Cytotoxic CD8 T cell
L4_AATGACCAGCCTCTGG,Gamma delta T cell
E2L6_TTCAGGACATGCCGGT,Cytotoxic CD8 T cell
L3_CGGTCAGCATAGCTGT,Plasma cell
E2L2_GTCAAACCAATTGCTG,Platelet
L4_CGAATTGGTCATGCAT,Naive CD4 T cell
E2L4_CCCATTGGTTCCTAGA,B cell
E2L3_TTCCACGTCGTAACAC,Plasmacytoid dendritic cell
E2L6_TTGAACGGTTTAGACC,Cytotoxic CD8 T cell
L5_TGGATCATCTCGCTCA,Memory CD4 T cell
E2L4_TAAGCGTGTCACAGTT,Proliferating NK cell
E2L1_AAACGCTTCGCCACTT,FCGR3A monocyte
L1_TGTGCGGCAGTAGTTC,Proliferating NK cell
E2L7_ATTCAGGCACGTAGTT,Gamma delta T cell
L5_TCTATCACAGGTCCCA,Platelet
E2L5_TCCACCATCGAGATAA,Naive CD4 T cell
E2L5_GTTATGGCACGGCCAT,Plasma cell
L2_ATCGATGGTGGTGATG,Platelet
L3_CTATCCGTCCCGAGTG,Memory CD4 T cell
E2L4_TGTTCCGAGCTGGCTC,B cell
L1_TGGGCTGAGGATATAC,Memory CD4 T cell
L2_TGCGATAAGCATAGGC,FCGR3A monocyte
L5_CCAATGAGTCCCACGA,Hematopoietic progenitor cell
E2L8_GTTCGCTTCGTGCTCT,Memory CD4 T cell
L3_GATGGAGTCTCCGAAA,CD161+ memory T cell
L3_TGACGCGGTTCCGTTC,Naive CD4 T cell
E2L5_GAAGAATAGAAATTCG,Cytotoxic CD8 T cell
E2L8_CAACGGCAGAGAGAAC,Naive CD4 T cell
L3_AGTCTCCAGTGTTCAC,Memory CD4 T cell
L4_GACCAATCACATTACG,CD1C dendritic cell
E2L6_AGTGTTGTCGGCTGGT,B cell
E2L2_GTTGAACAGTTTAGGA,NK cell
L5_TTCACCGGTACCGTGC,Naive CD4 T cell
E2L8_TCTCACGGTACAGTAA,Memory CD4 T cell
L1_CCTCCTCGTGGTCTCG,Plasmacytoid dendritic cell
E2L6_CCTCTCCCAGGCATTT,CD14 monocyte
E2L4_CACGTGGGTCTGTAGT,Memory CD4 T cell
E2L3_CTGTCGTTCGGACTTA,Memory CD4 T cell
E2L1_CGGAACCAGCGAATGC,Proliferating NK cell
L3_CTCAAGAAGGCTAAAT,Proliferating NK cell
E2L8_GTCACGGTCGTCCATC,CD14 monocyte
L1_TTGAGTGAGGTACAGC,Naive CD4 T cell
E2L2_CTTGATTTCTATTGTC,Naive CD4 T cell
L5_TCGAAGTTCTGGTTGA,CD161+ memory T cell
E2L8_TCAATTCTCCTACCGT,Proliferating NK cell
E2L3_TGGTTAGTCAAGAGTA,Plasma cell
E2L8_GAGCCTGTCTCCACTG,Naive CD4 T cell
E2L5_CTTGAGATCGGACCAC,NK cell
E2L3_AATTTCCCACAGCGCT,Naive CD4 T cell
E2L1_TATTGCTCAATTCGTG,Memory CD4 T cell
E2L7_GCCGTGATCGGTCGGT,NK cell
L4_GTAACACAGGTAGTAT,CD161+ memory T cell
L1_CATTCCGAGCAACTTC,Plasmacytoid dendritic cell
L2_TAGGTACAGAAACTGT,Naive CD4 T cell
L5_CCTGCATGTTTCGTGA,Naive CD4 T cell
E2L2_TCCGAAATCCTCTGCA,B cell
E2L5_TACATTCGTGACATCT,Naive CD4 T cell
E2L8_ATTTCACAGGTCGTAG,B cell
E2L5_ATGGTTGAGTGAGGTC,CD1C dendritic cell
E2L8_TCTAACTCACAGCTGC,CD1C dendritic cell
E2L3_GGGCTCACAGGCTCTG,Platelet
E2L7_CAGTGCGTCGCTCATC,Memory CD4 T cell
L3_GTAGAGGCAGGACATG,Hematopoietic progenitor cell
L2_ATGCATGCAAGCACAG,Memory CD4 T cell
L2_ATGGGTTTCAGGCGAA,B cell
E2L2_CTCCAACAGCCGATAG,GZMK+ CD8 T cell
L3_TTAGGGTAGATGTAGT,FCGR3A monocyte
L4_TCCCATGAGTGTAGTA,Plasma cell
E2L3_TAACACGCACGACAGA,Plasmacytoid dendritic cell
L3_GGAATGGAGTTGTAAG,CD1C dendritic cell
L1_CATCCCATCCTCTAGC,Naive CD4 T cell
L1_TGTCCTGGTCGCACAC,Memory CD4 T cell
E2L5_ATTCCCGTCCGTATGA,Plasmacytoid dendritic cell
E2L5_GAACTGTTCGTACCTC,Platelet
E2L1_AACGGGAGTCATCTAG,CD1C dendritic cell
E2L6_CAGGGCTAGATTACCC,GZMK+ CD8 T cell
E2L3_ATACCTTTCATTGCGA,B cell
E2L2_TGCAGATAGAGCAACC,Cytotoxic NK cell
L5_GGGTCACGTATGTCCA,Plasmacytoid dendritic cell
E2L8_ATTCCTATCGGAAGGT,CD161+ memory T cell
L4_GTCTCACGTGATATAG,FCGR3A monocyte
E2L3_ATGGGAGTCATTCTTG,Plasmacytoid dendritic cell
E2L5_TAAGCGTAGAATGTTG,FCGR3A monocyte
E2L8_TATCTGTGTAACGTTC,Cytotoxic CD8 T cell
E2L2_AGGCTGCGTTGGCTAT,Naive CD4 T cell
E2L3_CTCCTTTCACGGTAGA,Cytotoxic CD8 T cell
L1_ACGGTCGCATATCTGG,B cell
L5_TTGCCTGAGGAAGAAC,Cytotoxic CD8 T cell
L4_TATCCTAGTCGTGGTC,Naive CD4 T cell
L3_CATCGGGAGTCCCTAA,CD14 monocyte
E2L7_TCGAAGTGTGGTCTCG,Plasmacytoid dendritic cell
E2L1_CAGTTCCTCAACTGGT,B cell
L2_CTTCTCTGTCTGTGTA,Hematopoietic progenitor cell
E2L6_TCACAAGAGCGGGTAT,CD14 monocyte
E2L4_GACAGCCCATCACGGC,Proliferating NK cell
E2L7_TCGTAGACAACCAATC,Proliferating NK cell
L4_TACAGGTGTGATTCAC,CD1C dendritic cell
L2_TGGAACTAGTGGAATT,Hematopoietic progenitor cell
L2_CGAAGGAGTCACCGAC,Cytotoxic CD8 T cell
E2L5_CGTAGTAGTCCCTAAA,Proliferating NK cell
E2L2_TTCTTGAGTGTTCCTC,Memory CD4 T cell
E2L5_TTGCGTCAGGTCACTT,Platelet
E2L5_GCTGAATTCTCTCGAC,CD161+ memory T cell
E2L1_TCCGGGAAGGTTCAGG,CD14 monocyte
E2L7_TTTCAGTCATGGAAGC,Plasmacytoid dendritic cell
L1_TCGAACATCCTCTAGC,Proliferating NK cell
E2L2_GACCAATTCTGCTTTA,Cytotoxic CD8 T cell
E2L5_TGAATCGCAAGTGGCA,Memory CD4 T cell
L1_TTCTAACCAATGCAGG,Memory CD4 T cell
L4_CTCAGGGGTACCTAAC,Cytotoxic CD8 T cell
L2_CAGGGCTCATTGAGCT,Cytotoxic CD8 T cell
E2L3_TGGTGATAGGGACACT,Platelet
E2L1_CACACAAAGGGAGGGT,Cytotoxic CD8 T cell
E2L2_GAGCTGCGTGAACGGT,NK cell
E2L8_GGGATCCTCACCTTAT,CD14 monocyte
E2L6_TCGTCCAAGACTCTAC,Naive CD4 T cell
E2L2_ATGCATGAGACGCCCT,B cell
E2L8_TGAGCATTCAGGTGTT,B cell
E2L3_ACGTACAAGCGTGTCC,B cell
L4_ATTACTCAGTAGAGTT,Naive CD4 T cell
L3_TTAATCCAGCACTAAA,CD1C dendritic cell
E2L6_CCTGTTGCAATTGCAC,Proliferating NK cell
E2L7_GCCCGAAAGTTTAGGA,Gamma delta T cell
L3_AGGGTCCAGTCGCCAC,CD161+ memory T cell
E2L7_AACAAAGCACCTCAGG,NK cell
E2L6_CATCCCAAGCGTCAGA,Plasmacytoid dendritic cell
E2L4_GCAGCTGCAAACTAAG,CD1C dendritic cell
L3_ATGTCCCTCGCTGTTC,Proliferating NK cell
E2L1_GGGTTATGTTTCACAG,B cell
L3_GATGACTGTCGTGGAA,Proliferating NK cell
E2L3_CATTGCCTCAAGAATG,Memory CD4 T cell
E2L1_GAGACTTAGAGGCTGT,CD1C dendritic cell
L3_ACAGAAAGTCCAAATC,Plasma cell
E2L5_CAGCAGCCACACTTAG,Naive CD4 T cell
L1_ACTGTCCAGTGCAGCA,Naive CD4 T cell
L3_CCTAAGAGTCTCCTGT,Naive CD4 T cell
L2_CATTGAGGTCAGGTAG,Plasma cell
L3_GGTGAAGTCTGCCTCA,Memory CD4 T cell
E2L4_CATCGGGGTTGCTGAT,Memory CD4 T cell
L5_ATGCGATTCCAGTGCG,Hematopoietic progenitor cell
E2L1_TGCACGGCAGTATGAA,Plasma cell
E2L2_TCCATCGAGTCTGCAT,B cell
L1_AGGAGGTTCCACTGGG,Plasmacytoid dendritic cell
L3_CCACGTTTCACGTAGT,Plasma cell
L5_AGCGTATAGTAACCGG,CLEC9A dendritic cell
E2L3_TACTGCCAGTGGTCAG,B cell
E2L3_TCCTAATCAGCTGTAT,Cytotoxic CD8 T cell
E2L3_GCACATATCAAGTCGT,CD14 monocyte
L5_TAGGTACGTTCAGCGC,CD161+ memory T cell
E2L5_TGGTGATTCCAAGAGG,Platelet
E2L6_CCTTCAGTCACTTGGA,B cell
E2L4_AAGTACCCAGGCCCTA,Plasma cell
E2L1_GGCTGTGAGTTGGACG,Platelet
L1_CCTAAGAAGTTCTCTT,Plasma cell
E2L2_CCAAGCGTCGCAGATT,B cell
L4_GTCCCATCAAACTAGA,B cell
L2_CAGATACAGACGGATC,Memory CD4 T cell
L5_ACTTCCGCAGATTCGT,Plasmacytoid dendritic cell
E2L1_ACCCTCACACGATTCA,CD1C dendritic cell
L4_GGGCTACAGAGGTCAC,CD161+ memory T cell
L5_TTACGCCGTGAGTAGC,FCGR3A monocyte
E2L2_TAGCACAAGCTAATCC,Memory CD4 T cell
L2_AGACAGGCAAATAAGC,CD14 monocyte
L3_CACTGTCTCCTGTAGA,Memory CD4 T cell
L5_GACTTCCTCTCTCAAT,GZMK+ CD8 T cell
L1_TTAATCCCAGGATCTT,Cytotoxic CD8 T cell
L5_CAACGGCAGCTCACTA,CD161+ memory T cell
L1_GTGGTTAAGAGCTTTC,B cell
E2L3_TCAGTTTCACTCCTTG,Cytotoxic NK cell
L3_TACCTGCTCTGAGTCA,Erythroid cell
E2L2_TCAATCTCATCCTTGC,Proliferating NK cell
E2L8_GAACTGTCAATAAGGT,Memory CD4 T cell
E2L3_CGGGTGTTCTCCGAAA,FCGR3A monocyte
L1_GGTGTTAAGATAGCTA,Gamma delta T cell
E2L6_GGAATCTGTGACTGTT,Platelet
L3_TCAATCTGTCCGGTCA,Naive CD4 T cell
L4_CAAGAGGTCCGATTAG,Platelet
E2L7_TCAGTTTTCAAACCCA,CD1C dendritic cell
L1_CAATCGAGTCAAGGCA,Cytotoxic CD8 T cell
E2L7_TCCCATGTCTTTGATC,CD14 monocyte
E2L8_AGCGCCAAGTCCCGGT,Proliferating NK cell
L3_ATCATTCGTTGACGGA,Plasma cell
L1_GTCTGTCCAGTACTAC,Naive CD4 T cell
E2L5_CGAAGGAGTGCATTAC,Cytotoxic CD8 T cell
E2L2_CCCTCTCGTACAAGCG,Memory CD4 T cell
L5_GAAGCGACAGGTTCAT,Hematopoietic progenitor cell
E2L2_GGCTGTGAGACTCTAC,Memory CD4 T cell
L5_TGAGCATTCATTCGGA,Plasma cell
L4_TCCACCAGTACAGCGA,Cytotoxic CD8 T cell
E2L8_CCACGTTCAGTAGTTC,Cytotoxic CD8 T cell
E2L5_TGGAGGACAATACCTG,CD14 monocyte
E2L4_CGTCCATTCATTTCCA,CLEC9A dendritic cell
E2L8_TTGCATTGTACGGCAA,Naive CD4 T cell
E2L8_GGCAGTCAGAATCGAT,Proliferating NK cell
E2L4_ACTGCAAAGCCTTGAT,CLEC9A dendritic cell
L1_ATCGTCCTCCGCTGTT,Naive CD4 T cell
L2_TCTATCATCGTCAACA,Memory CD4 T cell
L1_GAATCGTTCGGAGATG,Erythroid cell
E2L8_TCGCAGGTCGACACCG,Plasmacytoid dendritic cell
L4_GAATCGTAGCCGGAAT,B cell
L2_CGCAGGTTCATTCCTA,Cytotoxic CD8 T cell
L5_CACAGGCCAGTTTCAG,Memory CD4 T cell
E2L2_GTAGTACCAGGTCCGT,Naive CD4 T cell
E2L5_GGATCTATCACGGGAA,Naive CD4 T cell
L3_GGCGTCAAGTGCACCC,CD161+ memory T cell
E2L4_GTTTGGAGTGCCGTAC,Proliferating NK cell
E2L8_AGAAGTAGTAGCTTGT,B cell
L2_ATTTCTGCAACTGCTA,CLEC9A dendritic cell
E2L5_AGAACCTTCGCTCCTA,Plasma cell
E2L7_GTAACACAGAGTTGCG,Plasma cell
L2_GCTACAAGTCTGATAC,FCGR3A monocyte
E2L3_CTTCCTTGTTTGTGGT,Cytotoxic CD8 T cell
E2L7_ATTACTCGTTGACGGA,CD14 monocyte
E2L8_TCATGTTCATCGTTCC,B cell
L2_GAATCGTCAGTTGGTT,Proliferating NK cell
L2_CTACAGACACACTGGC,Cytotoxic CD8 T cell
L2_ACTGTGAGTGATACTC,Naive CD4 T cell
L3_CTTCGGTGTAGGTCAG,Naive CD4 T cell
L4_TACTGCCTCGAGGCAA,Gamma delta T cell
L3_TCGACCTAGGGTATAT,Proliferating NK cell
E2L7_CGGGTCACAGGCACAA,B cell
L5_TCACGCTAGGCCTTGC,Naive CD4 T cell
L2_TGTAGACTCGGCAGTC,NK cell
E2L7_ACACAGTTCTAAGCGT,Naive CD4 T cell
L5_TACCGAATCATGCATG,Cytotoxic NK cell
L1_AGGAGGTTCGCTGCGA,Naive CD4 T cell
E2L4_GACCTTCTCCGCTAGG,B cell
E2L8_CTCAACCAGTAGGTTA,Cytotoxic CD8 T cell
E2L3_GTGCTGGAGGTGAGCT,CD14 monocyte
E2L6_ACTGTGATCCACGGAC,CLEC9A dendritic cell
E2L8_AGGGTTTCAAATGATG,CD14 monocyte
L5_TACACCCAGACTTCGT,Naive CD4 T cell
L1_GGGCTCAGTCTGTAGT,Hematopoietic progenitor cell
L3_GTGGCGTCAATCTCGA,Cytotoxic CD8 T cell
L4_TGGAACTAGTTGGCGA,Naive CD4 T cell
L2_AGAGAGCAGGTAGTCG,CD161+ memory T cell
E2L8_TGGGTTAAGATAACAC,Platelet
L3_TTTCCTCGTCCAAAGG,Naive CD4 T cell
E2L3_CCCTGATAGTGTCATC,FCGR3A monocyte
E2L1_GAAGGACGTGTCACAT,B cell
E2L2_GAGAGGTGTCGTCATA,Naive CD4 T cell
L3_GTCTTTACAAATGGTA,Memory CD4 T cell
E2L2_TTGAACGTCAGCAGAG,Plasmacytoid dendritic cell
L1_CAGATCATCGCTTTAT,CD14 monocyte
E2L3_CTCCTTTAGGCCCACT,NK cell
L5_GACACGCGTTGCTTGA,Naive CD4 T cell
E2L8_GACGTTACAAATCCCA,FCGR3A monocyte
E2L7_ATGCGATGTAGTAAGT,NK cell
E2L3_GCCTGTTCAAGACGGT,B cell
E2L4_CCTGTTGAGCTCGTGC,Proliferating NK cell
L1_ATCACAGCACGTCGGT,Naive CD4 T cell
E2L3_CCTCCTCTCAAACGAA,Naive CD4 T cell
L5_AGTTCGAAGCCATTGT,Erythroid cell
E2L3_TGATTCTCAGGTCAGA,Proliferating NK cell
E2L2_CACGTGGAGTCACGCC,Hematopoietic progenitor cell
L3_TCATTACCAGAAGTTA,CD1C dendritic cell
E2L6_ATCACTTTCCGTGGCA,Plasma cell
L3_TTACGCCTCACGGGAA,FCGR3A monocyte
E2L7_AGCTCAATCGCCTATC,CD1C dendritic cell
L2_GTGCACGCATGTAACC,B cell
E2L6_TCGTGCTTCGCAGATT,CD161+ memory T cell
L5_CTGATCCGTGCAACGA,FCGR3A monocyte
L5_TGATGCAAGCCGGATA,CD161+ memory T cell
L4_GTTACAGCATTGCTGA,B cell
E2L6_GTGTTAGAGTGCAAAT,B cell
E2L2_GTCAAACAGTTACGAA,CD14 monocyte
L3_TGGAGAGCATGAAGCG,Naive CD4 T cell
L2_CGAAGTTTCACCTGGG,Cytotoxic CD8 T cell
E2L7_ACCTGTCAGCATCGAG,NK cell
L1_TCCCACATCACGACTA,Platelet
E2L3_AAACGCTTCACCCTGT,Cytotoxic CD8 T cell
E2L7_CAGTGCGGTGGAATGC,Cytotoxic CD8 T cell
L5_GCTGCAGTCATTGCCC,Memory CD4 T cell
E2L2_GTAGGAGAGGAGGGTG,B cell
E2L5_GCACTAAGTGACTATC,FCGR3A monocyte
E2L1_ATTCAGGGTTGCGGCT,Cytotoxic CD8 T cell
L3_TTCGATTCACGTACTA,Hematopoietic progenitor cell
E2L7_CGGGTCACAGTTCACA,Cytotoxic CD8 T cell
L2_GGTTCTCGTTTACCTT,Memory CD4 T cell
L1_TGGTGATGTTCTTGTT,B cell
E2L5_TCCACGTTCCGACATA,B cell
E2L3_CATCCCAAGGTAGGCT,Plasmacytoid dendritic cell
L5_TCTTAGTGTATGGTAA,Cytotoxic NK cell
L4_ATCCATTGTAGCCAGA,GZMK+ CD8 T cell
E2L3_AGAGAATCATGGGTCC,B cell
L5_GTTCGCTGTTACGGAG,CLEC9A dendritic cell
E2L2_TGTCAGAAGTTACTCG,B cell
L1_GCAGTTATCTCTCTAA,B cell
L1_AGCTACAGTATTCTCT,Gamma delta T cell
L5_CGAGGAACAGCTAACT,B cell
E2L5_TCTCACGAGAGTCGAC,Naive CD4 T cell
E2L1_TCCTCGAAGAAGCGGG,Cytotoxic CD8 T cell
E2L6_CAATGACAGCCTCCAG,Memory CD4 T cell
L4_TTTGATCAGCGACATG,Proliferating NK cell
L4_ATGTCTTCATCGAGCC,B cell
E2L6_TGACAGTCAACAGCCC,Cytotoxic CD8 T cell
E2L8_ACTTTCAGTCTTCGAA,FCGR3A monocyte
E2L4_ACTCTCGAGGTTGAGC,Proliferating NK cell
L2_CGGAATTCACTGGCCA,Memory CD4 T cell
L5_ACACAGTTCATGCCAA,FCGR3A monocyte
E2L7_TTCCAATTCGGTAACT,Cytotoxic CD8 T cell
L3_AAAGGATAGCGCCTAC,B cell
E2L2_TTGGGCGTCCCGATCT,Cytotoxic CD8 T cell
L1_AGTACTGTCGAGAGAC,Cytotoxic NK cell
E2L5_ACAGGGACAGTCAACT,CD1C dendritic cell
L5_TAAGTCGCAACACAGG,Memory CD4 T cell
E2L2_ACATGCAAGATCCTAC,NK cell
L4_CATTCATAGGATGTTA,Memory CD4 T cell
E2L4_TTCCGTGAGATAGGGA,Naive CD4 T cell
E2L5_CTTGAGACAGGCAATG,Cytotoxic CD8 T cell
E2L5_ACACGCGCAGAAGCTG,B cell
E2L3_ATGATCGCAGCTATTG,FCGR3A monocyte
E2L5_GACTGATGTGACAGCA,Proliferating NK cell
E2L2_CGGAATTCACGATTCA,CLEC9A dendritic cell
E2L7_GATGCTAAGAGTGGCT,CLEC9A dendritic cell
L2_GATGGAGGTCGCACAC,Platelet
E2L3_ATGATCGTCTCTTAAC,Cytotoxic NK cell
L3_TGAGTCATCTATTCGT,Naive CD4 T cell
L5_CATGGATCACTAGGTT,CD161+ memory T cell
L5_TGGAACTCATCCTAAG,Proliferating NK cell
E2L8_CTTCAATTCTGCGGCA,Memory CD4 T cell
L5_TGATGGTTCGAGATGG,Naive CD4 T cell
L4_TCTTAGTCATGGAACG,Memory CD4 T cell
L4_GGGAGATTCTTCGATT,CD14 monocyte
E2L7_GATCCCTTCTTCCACG,Proliferating NK cell
E2L1_AACCTGAAGAGTGACC,Memory CD4 T cell
E2L3_TTCGCTGGTCCTATAG,B cell
E2L2_GAATCACAGACTAGAT,Naive CD4 T cell
L5_TTCTAGTCATTGCTGA,Memory CD4 T cell
E2L8_TGCCGAGCATTGACAC,Platelet
L3_CTTACCGCAGCTACTA,Naive CD4 T cell
E2L1_CAGGCCACAGACCAGA,Cytotoxic CD8 T cell
E2L3_GCTTCACAGACCTCAT,B cell
E2L6_TCCATCGAGTCGGCAA,Naive CD4 T cell
L4_TCGGGACAGAAGTCTA,Plasma cell
L1_CATGCTCAGCAGGCAT,Hematopoietic progenitor cell
L1_TCATTGTAGGGATCAC,CLEC9A dendritic cell
E2L6_TTGCATTCAATGCAGG,FCGR3A monocyte
E2L4_GTTAGTGCATGAGGGT,B cell
E2L8_TGATCAGTCGGTATGT,Plasmacytoid dendritic cell
E2L5_GTAACCACAAGAAATC,Naive CD4 T cell
E2L4_CGGAACCAGACATATG,Naive CD4 T cell
L1_CAACGATAGAAGCGGG,NK cell
E2L7_GTGGGAAGTTCGAAGG,Cytotoxic NK cell
L1_TACTTGTAGTTTGGCT,Naive CD4 T cell
L2_TTGACCCCAACGTTAC,CD161+ memory T cell
L1_TTAGGCACAGTCGAGA,Cytotoxic CD8 T cell
L4_CCTTGTGTCTGCTTAT,CD161+ memory T cell
L4_CACAGGCCATGGCCAC,Memory CD4 T cell
L3_TCTATACTCCCGATCT,B cell
E2L4_ATTTCACTCTATCGTT,Gamma delta T cell
L1_AGCCAGCAGAGAGTTT,NK cell
L2_CGAGTTAAGCGAGGAG,Plasma cell
E2L2_GTGCACGAGATTGATG,Plasmacytoid dendritic cell
E2L6_TTTGATCCAAGAGTTA,Cytotoxic CD8 T cell
L1_CAAGGGATCTTTGATC,B cell
L4_AAGATAGTCAAGCTTG,CLEC9A dendritic cell
L1_TTTGTTGTCAGGAAAT,Plasma cell
E2L2_ATGGATCGTCAGTCTA,Plasmacytoid dendritic cell
E2L1_CAGTTAGTCCTCTTTC,CD14 monocyte
E2L8_AATCGTGGTCTTTATC,Cytotoxic CD8 T cell
L4_GAATCGTCAGTTGCGC,Memory CD4 T cell
E2L3_CCTAACCCAGAGCCCT,B cell
E2L2_CGATCGGAGAATTTGG,Cytotoxic CD8 T cell
L3_GAATAGAAGTAGTCAA,Hematopoietic progenitor cell
E2L1_TTCTCTCTCTCACGAA,Plasmacytoid dendritic cell
L4_CTCATGCGTCGATTAC,Memory CD4 T cell
E2L1_CATCGCTGTGTATCCA,CLEC9A dendritic cell
L4_TTTCCTCCACAGTACT,NK cell
L5_CTCCTTTAGGAGAATG,CD161+ memory T cell
L4_GGACGTCAGTAGCAAT,Proliferating NK cell
E2L8_TTGACCCAGGCAGCTA,NK cell
L2_ATGTCTTGTCAGGAGT,Naive CD4 T cell
E2L8_GGTGAAGAGACCAGAC,CD14 monocyte
E2L7_GGGACAATCATTCTTG,Memory CD4 T cell
L2_TCGAAGTTCGACACCG,Hematopoietic progenitor cell
L3_ACCCAAAGTCGCGTCA,Naive CD4 T cell
E2L5_CAACCAATCACAGTGT,Plasma cell
E2L4_GTGATGTCACTTCATT,Memory CD4 T cell
L3_TCACGGGGTGACATCT,Hematopoietic progenitor cell
E2L6_TAGATCGGTTCAAGTC,CD1C dendritic cell
E2L7_ACATCGATCATAGAGA,Cytotoxic CD8 T cell
L3_GGCAGTCGTTGGGACA,B cell
L3_TGTTGGAAGGCAGTCA,Cytotoxic NK cell
E2L5_CCACAAAGTAATGCTC,Plasma cell
L5_GCACATATCGGAACTT,Hematopoietic progenitor cell
E2L5_ATGAAAGTCGACGAGA,CD14 monocyte
E2L3_TAGTGCAAGAGTGGCT,NK cell
E2L3_TCCTGCAAGACGCCCT,Cytotoxic CD8 T cell
E2L3_AGGTAGGAGGAGAATG,Proliferating NK cell
E2L2_TGAGCGCTCGATTGGT,NK cell
L4_ATAGACCGTCAAGTTC,Proliferating NK cell
E2L4_GTTGCGGTCACCCTTG,Cytotoxic CD8 T cell
L1_TCCCATGCACCGGTCA,CD14 monocyte
E2L3_CTGAGGCGTCGTCAGC,CD1C dendritic cell
E2L4_AGTAGTCGTGCAACAG,CLEC9A dendritic cell
E2L7_ACCAAACAGTGCACAG,Proliferating NK cell
L4_CCATAAGCAATCAGCT,Cytotoxic CD8 T cell
L5_TGTCCTGAGACAACAT,Cytotoxic CD8 T cell
E2L3_TACGGTAAGCGTTACT,Plasma cell
E2L2_TGTACAGAGCGACTAG,Plasmacytoid dendritic cell
L4_TCCTCTTCATTGGATC,Naive CD4 T cell
L3_CTCAGTCTCAGTGTGT,Memory CD4 T cell
E2L2_TTTGTTGCATGAAGCG,Memory CD4 T cell
L5_TTCTGTAAGTGCGTCC,Naive CD4 T cell
E2L6_AATTCCTTCAGCTGTA,Proliferating NK cell
E2L5_GGACGTCCAGAGAAAG,B cell
L5_TCTCAGCGTGAGCAGT,CD14 monocyte
L1_TGCGATAGTATCGCGC,B cell
E2L6_TGGGCTGTCTATTTCG,Memory CD4 T cell
E2L8_GATAGAAGTGCGGCTT,Naive CD4 T cell
E2L5_CATCGCTCACACGCCA,B cell
L4_AGCGTCGCATCAGCGC,Memory CD4 T cell
E2L2_TGTCCACTCGGCTTCT,Plasma cell
L3_CGAGTGCTCTATCACT,CD161+ memory T cell
E2L5_CTCAACCCATAGGCGA,Cytotoxic CD8 T cell
E2L6_TACTTGTTCGTCCATC,Cytotoxic CD8 T cell
E2L1_ATTGTTCCATATACCG,Cytotoxic CD8 T cell
L2_TTTGGAGTCTTCCCGA,Naive CD4 T cell
E2L6_GGGCTCAAGGTTTACC,Naive CD4 T cell
E2L7_TCCGGGATCAAGCTTG,B cell
E2L8_CATACAGTCCCGGTAG,Naive CD4 T cell
E2L7_GGGACTCCAACGCCCA,CD1C dendritic cell
E2L6_TGCAGTAAGTTGTCAC,Cytotoxic CD8 T cell
E2L2_CCCTGATTCGTGGCTG,Hematopoietic progenitor cell
L5_TTTACTGGTACACGTT,CD14 monocyte
E2L2_ACTACGAGTTTGGGAG,CD14 monocyte
L5_ATCACTTGTCGTTGCG,Naive CD4 T cell
E2L8_AAGACTCAGCCTTCTC,CD14 monocyte
L2_CTCCTCCTCATTTGGG,CD14 monocyte
E2L8_AACAAAGGTACAAGTA,Cytotoxic CD8 T cell
L4_CATACAGAGATAACAC,Proliferating NK cell
L2_CTAACCCAGACTCATC,Naive CD4 T cell
E2L3_TACGGGCCATCCTATT,Platelet
E2L8_GAAGTAAAGGGATCAC,Memory CD4 T cell
L4_ATCGGATCAATGCAGG,Plasma cell
E2L6_GCGTGCAGTGCTAGCC,B cell
L3_GCATCTCTCAAATGAG,Cytotoxic CD8 T cell
E2L6_GAAGCCCCACAATGCT,Cytotoxic CD8 T cell
E2L3_ACCCTCAGTCAAGCCC,CD1C dendritic cell
E2L2_CGCGTGAAGCTTGTGT,Memory CD4 T cell
E2L8_ATACCTTTCCTGTAAG,Gamma delta T cell
L5_GGAGGATGTTCAGGTT,Plasmacytoid dendritic cell
E2L5_CTCAGAATCCCTTGTG,Memory CD4 T cell
E2L3_TTCAATCAGGCACGAT,Platelet
L2_CATTCCGTCTATGTGG,Hematopoietic progenitor cell
E2L1_CGGTCAGCACCGGCTA,CD1C dendritic cell
L1_TATATCCCACCGAATT,Naive CD4 T cell
L4_TGTTCATTCATAGCAC,Memory CD4 T cell
E2L6_AGTAACCAGCGGGTTA,Plasma cell
E2L8_GTGAGGAAGCCGTTAT,Memory CD4 T cell
L1_GCAACATAGGTGCTAG,Naive CD4 T cell
E2L8_TTCGATTTCGAAGCCC,Cytotoxic NK cell
E2L8_GTTGCGGCAATTCACG,B cell
L2_CTTCCGAGTGTTAGCT,GZMK+ CD8 T cell
E2L7_TTACAGGTCGGACGTC,CLEC9A dendritic cell
L1_CACAACACATCAACCA,CD1C dendritic cell
E2L8_ACCTGTCCATGGATCT,B cell
E2L8_GTGGAAGTCCATGATG,CD1C dendritic cell
L1_CCAATGATCGATTGGT,Naive CD4 T cell
E2L4_CCTTGTGGTAACTAAG,Naive CD4 T cell
L4_TGTCCACTCAGGAACG,Cytotoxic CD8 T cell
L3_GTTACCCGTTTCGACA,CD1C dendritic cell
E2L5_AGGGCCTGTGACACGA,B cell
L4_AATCGTGCACACTGGC,Plasmacytoid dendritic cell
E2L4_GGAATGGAGACCTCAT,Cytotoxic CD8 T cell
E2L2_GTAGGAGCAACTCCAA,NK cell
E2L7_ACTGTGACACAGCTGC,Naive CD4 T cell
L3_CTTGATTCATTCAGCA,CD1C dendritic cell
E2L1_TGTGTGAAGGGTCAAC,B cell
E2L5_CGACAGCGTAAGGCTG,Proliferating NK cell
L3_AGGGTGACACGACAGA,Plasmacytoid dendritic cell
E2L2_CTTCCGAGTCGACTTA,B cell
L4_CGATGGCAGGCGCTTC,Hematopoietic progenitor cell
L3_CGATGGCCAGAACTTC,Hematopoietic progenitor cell
L2_CGATGGCTCGCACTCT,Naive CD4 T cell
E2L5_TGCGGGTCAAGACGAC,Memory CD4 T cell
E2L8_CTGCAGGTCACTCGAA,Platelet
E2L5_GAAGGACGTGCGGCTT,Proliferating NK cell
L4_GTAATCGAGCTAGAAT,B cell
E2L8_TCATCATAGTGGAATT,FCGR3A monocyte
L3_TCATCATGTAGTAAGT,Naive CD4 T cell
E2L4_GCAGGCTGTCCTACGG,Plasma cell
E2L1_GAGGCAAAGATGAAGG,Cytotoxic NK cell
E2L1_CCGTTCAAGTGTAGTA,B cell
E2L6_GGGAGTACACCATAAC,B cell
L5_GTAGGAGGTAGAGACC,Cytotoxic CD8 T cell
E2L2_CCCTGATTCAATGCAC,Proliferating NK cell
E2L1_TGGTGATCAGACCTAT,Cytotoxic CD8 T cell
L2_CTGTATTGTTGCTTGA,Naive CD4 T cell
E2L1_TGATCAGCATGTTTGG,CLEC9A dendritic cell
E2L8_ATTTACCAGATAGCAT,Memory CD4 T cell
E2L1_ATTGTTCGTAGATGTA,CD161+ memory T cell
L3_CTGGACGGTACAGGTG,Plasmacytoid dendritic cell
E2L6_TTTGACTGTTTCGGCG,Cytotoxic CD8 T cell
E2L4_CGATGGCAGAGATGCC,Cytotoxic CD8 T cell
E2L7_TCCTTCTCAACCCTCT,FCGR3A monocyte
E2L2_TTCGATTTCTCAGTCC,Plasmacytoid dendritic cell
L2_GTGGTTAGTTCGGTAT,Memory CD4 T cell
L3_CAGTTCCAGTAAGACT,Cytotoxic CD8 T cell
E2L3_TTCCTTCGTGCGGCTT,B cell
L2_TGTCAGAGTCCTCAGG,Naive CD4 T cell
E2L6_ACCATTTGTGGTACAG,Memory CD4 T cell
E2L4_GTAGAAACATGATGCT,CD161+ memory T cell
E2L6_ACTTATCCAGTCCGTG,CD14 monocyte
L4_GCCATTCAGTACCGGA,Naive CD4 T cell
E2L4_AGAACAAAGGTCGTCC,Naive CD4 T cell
E2L7_ACTTCGCAGGCGAACT,Proliferating NK cell
E2L3_TACTTCATCCACACAA,Plasmacytoid dendritic cell
L5_GGCGTCACATAGGTAA,Naive CD4 T cell
L4_CGAGAAGGTCCGAAAG,Naive CD4 T cell
L5_ACCCTTGGTGGCAACA,Memory CD4 T cell
E2L4_GTAACCAAGGCGATAC,Naive CD4 T cell
L5_GAAGGACGTCATGACT,CD161+ memory T cell
L2_GAGGGATGTGAGTGAC,Naive CD4 T cell
E2L1_AAGGTAAAGTACGTCT,Cytotoxic CD8 T cell
E2L7_CACTGGGTCATTTACC,B cell
L3_GTTACCCTCCTAGCTC,Gamma delta T cell
E2L4_GACCGTGAGGATGGCT,FCGR3A monocyte
E2L6_ATTCATCCAATAGTGA,Cytotoxic CD8 T cell
E2L5_TTACGTTTCCCGTGTT,Plasma cell
L3_ACGGTCGAGGCCCAAA,Plasmacytoid dendritic cell
L1_GATTGGTTCTCTGCTG,GZMK+ CD8 T cell
E2L2_GAGGGATTCGGCTGGT,Memory CD4 T cell
L3_GGGCTACAGGTGCTTT,Cytotoxic NK cell
E2L6_GTACAGTAGTAAACGT,Memory CD4 T cell
L2_CCCATTGCAGCGTACC,Cytotoxic CD8 T cell
L1_ATTTCACGTGAACTAA,CLEC9A dendritic cell
L5_GACGCTGTCGACGCTG,Cytotoxic CD8 T cell
E2L3_CTGCCTACATTGACTG,CD161+ memory T cell
L4_TGAGGGAGTCGGAACA,Platelet
E2L8_TTGATGGCAGATTTCG,B cell
E2L1_CCGGTGAGTAAGATAC,B cell
E2L8_AGTGACTCAACGTTAC,CLEC9A dendritic cell
L1_AGGGCCTCACAACATC,Naive CD4 T cell
L2_TCTTTGACATCCGAAT,Naive CD4 T cell
E2L7_CTCAGTCGTGCGAACA,Plasmacytoid dendritic cell
E2L5_CATTGTTTCTCTCTTC,Cytotoxic NK cell
E2L3_TTAGTCTTCTCGGTAA,FCGR3A monocyte
E2L5_CATTGTTAGTGTTCAC,Plasmacytoid dendritic cell
E2L4_CAAGCTACAATCCTAG,Cytotoxic CD8 T cell
L3_TTAATCCGTTGTATGC,Cytotoxic CD8 T cell
L1_TTCTAGTTCCGATGCG,Cytotoxic CD8 T cell
L3_TTCTGTAGTCCTGTCT,Plasmacytoid dendritic cell
L2_TGTCCACGTGAGAACC,CD161+ memory T cell
E2L5_GAGACCCAGTCACGAG,Memory CD4 T cell
E2L2_AGACAAAGTGACATCT,B cell
E2L5_AGGGTCCAGGGTACAC,Naive CD4 T cell
E2L4_AAAGGGCTCTGGACCG,CD161+ memory T cell
E2L8_ACTTCCGGTTAAACCC,Plasmacytoid dendritic cell
E2L5_ATAGAGATCAGTGCGC,Plasmacytoid dendritic cell
E2L4_ACATCCCGTACTCAAC,Platelet
L1_ACTATTCAGAGGCGGA,B cell
L1_TCGTGCTGTCTTTCTA,Naive CD4 T cell
E2L1_CAGTTAGCAACATACC,Proliferating NK cell
E2L7_CTGTCGTCATGGAGAC,CD1C dendritic cell
E2L3_TTTCATGAGAGGCTGT,Platelet
E2L3_TCTCTGGTCGCTGCGA,CD14 monocyte
E2L6_TCGGGCAGTGGCATCC,Naive CD4 T cell
L1_CTCCCAAAGAGTCGAC,Gamma delta T cell
L1_CTTCTAAGTATCGATC,Cytotoxic NK cell
E2L1_AGAGAGCAGCGGATCA,Cytotoxic CD8 T cell
E2L2_TGAGTCAGTCCTTAAG,Gamma delta T cell
L5_GACCAATCACGTATAC,GZMK+ CD8 T cell
E2L5_GTAGTACCAGGCACAA,Platelet
L5_ATGCGATAGGAACTCG,Naive CD4 T cell
L2_AACCTTTAGAATAACC,Proliferating NK cell
L5_TGAGTCAAGTTTCGAC,Naive CD4 T cell
E2L1_TGGAACTTCGGACAAG,Cytotoxic CD8 T cell
E2L3_CGTTCTGGTTACACTG,Naive CD4 T cell
L1_TATTGGGGTTCCTAGA,CD1C dendritic cell
L3_TGCAGATTCGAAATCC,B cell
L5_AGACAAAGTGATTAGA,Proliferating NK cell
L3_TCGGGCAGTGCCTATA,Memory CD4 T cell
L1_CAATCGACAGGTTCCG,FCGR3A monocyte
L3_CCTCTCCAGGTTGCCC,Hematopoietic progenitor cell
L4_TGCTCGTGTACAGTAA,Memory CD4 T cell
E2L8_TTGATGGTCACACGAT,CD14 monocyte
E2L3_CGTAAGTGTAAGACCG,Cytotoxic CD8 T cell
E2L6_CACCAAACACAGTGTT,Cytotoxic CD8 T cell
E2L2_GTGTAACCACTCAAGT,FCGR3A monocyte
E2L4_ATGCCTCTCGGCAGTC,Memory CD4 T cell
L1_AGACCCGGTCTGATCA,Cytotoxic CD8 T cell
L5_TCAGTTTCACGGCGTT,Memory CD4 T cell
L4_GGTGTCGCAGCTACCG,Naive CD4 T cell
E2L2_ACACTGAAGACTCCGC,FCGR3A monocyte
L5_CGGGTCATCCTTGAAG,Proliferating NK cell
E2L8_CTCACTGAGGTAACTA,NK cell
E2L7_GAGGGTACACGTCATA,B cell
L1_ACATTTCTCACGGGAA,CD14 monocyte
E2L8_GAGTGTTGTTAAGGAT,Memory CD4 T cell
L3_AGTCACAAGTAATCCC,Naive CD4 T cell
E2L7_GCCAGTGTCCTGCTAC,Platelet
E2L5_CTAAGTGCAAGACGGT,CD14 monocyte
E2L2_AGTACCATCTGGGCAC,NK cell
E2L5_GTGTCCTTCACTTTGT,Cytotoxic CD8 T cell
L2_CTCAGTCCATCCGGCA,Naive CD4 T cell
L5_TTTACTGGTCGTGCCA,CD14 monocyte
E2L4_AGCTCAAAGATGTAGT,CD14 monocyte
L5_TTCCTCTAGGTCATTC,CD161+ memory T cell
E2L3_CGGAGAAAGCCGATCC,Naive CD4 T cell
L5_TGCTCGTTCGAGCCAC,Gamma delta T cell
E2L4_AGCCAATCAGAGAGGG,Naive CD4 T cell
E2L3_AGGTTACTCTATACTC,Plasmacytoid dendritic cell
L1_TATATCCGTAGCGTTT,Naive CD4 T cell
E2L8_GCCAGCATCCGATAGT,B cell
E2L7_ATCGCCTCAACGACAG,Platelet
E2L7_ATTATCCGTCTCTCAC,Memory CD4 T cell
L1_AAGCGAGAGAAATTCG,Naive CD4 T cell
L5_GGCTTGGTCGAGCCTG,Cytotoxic CD8 T cell
L5_TCGAAGTAGACCATAA,Naive CD4 T cell
E2L8_ACGTCCTAGGTGAGAA,Cytotoxic CD8 T cell
E2L7_TCTTAGTTCGCATTGA,CLEC9A dendritic cell
E2L8_TTCTGTATCACTGGGC,CD14 monocyte
L1_ATTTACCAGGCCTGAA,Memory CD4 T cell
E2L1_CCGGTAGAGACATAAC,B cell
L3_ACTTATCTCACGGACC,Naive CD4 T cell
E2L3_AGTTCCCTCGACCATA,Naive CD4 T cell
L3_GTAACCACAAAGACTA,Cytotoxic CD8 T cell
L1_TCAGTTTAGCCTTGAT,Naive CD4 T cell
E2L1_CGAGGCTCAAGGTCGA,Naive CD4 T cell
L3_CCCGAAGCACGACGTC,Memory CD4 T cell
E2L6_GTCATGAGTTGCACGC,Cytotoxic CD8 T cell
E2L4_AACCATGTCTGCGATA,Cytotoxic NK cell
L5_TACCGAAAGCCACTCG,Hematopoietic progenitor cell
L4_CTCCTTTTCAAATAGG,Memory CD4 T cell
E2L4_GTGGTTACAGGGTTGA,Plasma cell
L2_AGGAATATCTCTGAGA,Memory CD4 T cell
L3_TCATGGAGTCACAGTT,Naive CD4 T cell
L3_TATTTCGGTCAACCTA,Gamma delta T cell
E2L5_TATCTTGTCCATTGTT,B cell
L2_AGTAACCTCTCTTCAA,CD1C dendritic cell
E2L6_TCGTCCAGTCAAATCC,Cytotoxic CD8 T cell
E2L1_GCCATGGGTCCTACGG,Proliferating NK cell
L2_CTAACCCCACAGTGAG,Cytotoxic CD8 T cell
E2L4_GGTGGCTTCTCTAGGA,GZMK+ CD8 T cell
E2L2_ATTCTACCACCTGCAG,CD14 monocyte
E2L7_AGACCATTCGTAGTCA,Proliferating NK cell
E2L2_TTATTGCAGCCAAGGT,Naive CD4 T cell
E2L8_ACCCAAACAGGTGGAT,B cell
E2L2_AGATCGTTCGTGTGAT,Proliferating NK cell
E2L5_AAGGTAATCGACATAC,CD1C dendritic cell
L1_GAACTGTAGCAGGCAT,Plasma cell
L1_ATGGATCCAGTTAGAA,Cytotoxic CD8 T cell
L3_GCGAGAAAGATCCAAA,Memory CD4 T cell
L1_GATCACAAGCATTGTC,CD161+ memory T cell
L5_CCGTTCATCAACCTCC,Plasmacytoid dendritic cell
E2L4_GATGACTGTCAATGGG,FCGR3A monocyte
L2_CGAATTGTCGTCACCT,Platelet
L5_GTCAGCGGTCACAATC,GZMK+ CD8 T cell
E2L2_GACACGCTCCGCATAA,Proliferating NK cell
L2_TTACCGCCATGGAATA,Proliferating NK cell
E2L7_ACTTAGGTCCGTCCTA,Cytotoxic NK cell
L1_TTAGTCTCACGCCAGT,Gamma delta T cell
E2L8_TCGGATAGTAGCGTCC,Naive CD4 T cell
E2L2_CACTAAGAGTTCAACC,Memory CD4 T cell
E2L7_GTTACAGGTGATCGTT,Cytotoxic CD8 T cell
E2L1_TTACCATTCGGACTGC,CD14 monocyte
E2L6_CTAACCCTCACTTTGT,Memory CD4 T cell
E2L6_TAACGACAGAGAAGGT,Naive CD4 T cell
L2_AATGGAATCCCAGTGG,CD161+ memory T cell
L4_TCACTATGTGTGTCGC,Naive CD4 T cell
L5_GTAGCTAAGCACACAG,Plasmacytoid dendritic cell
E2L6_GAAGCCCTCCAAACCA,CD14 monocyte
E2L2_ACGTAGTTCCATCTCG,B cell
E2L7_TGTCAGATCGCCGAGT,Naive CD4 T cell
E2L2_CCTGCATCAAATTAGG,Naive CD4 T cell
L1_TGACAGTTCTACTTCA,Proliferating NK cell
L5_GTTGTAGAGTCATGGG,B cell
L4_CCCATTGTCAGCTGTA,Hematopoietic progenitor cell
E2L7_ACATTTCGTTGCTCCT,CD1C dendritic cell
L1_ACTCTCGCAGGTTCAT,Naive CD4 T cell
L5_CTGAGGCAGCTGTTCA,Naive CD4 T cell
L1_TTGTGTTCAATTGGTC,Cytotoxic CD8 T cell
L5_AGTCTCCCATCCTTCG,Naive CD4 T cell
E2L2_ACAGAAAGTCGATTTG,Plasmacytoid dendritic cell
E2L5_TGACAGTCATGTGCCG,Cytotoxic CD8 T cell
L5_GCACGTGAGTCGCCAC,NK cell
L5_TGAATCGAGCTCCGAC,B cell
E2L7_GACAGCCTCGCCACTT,B cell
E2L8_GTTTGGACATGTTCAG,Plasma cell
L3_CCTACGTCAGTCTACA,Naive CD4 T cell
L3_TTGCATTCATTGTCGA,Memory CD4 T cell
E2L4_TCATGTTTCAAGGTGG,B cell
E2L5_CATCCACCACGCCACA,Platelet
E2L2_TTCGCTGAGGTCGTCC,B cell
E2L7_GAATAGACATGCAGGA,B cell
L4_CCCATTGTCGAGAACG,GZMK+ CD8 T cell
E2L6_CCGTGAGGTAGACACG,B cell
L4_TCCCACAAGCACACCC,B cell
L2_TCACGGGCAAGCTGTT,CD161+ memory T cell
L1_CCCTGATTCGACCACG,Naive CD4 T cell
E2L7_TGAATCGGTGGTGATG,Plasmacytoid dendritic cell
E2L6_ATTTACCCAACTGAAA,Memory CD4 T cell
L2_CTCTCGAAGCAAATCA,Proliferating NK cell
E2L8_AGATGAAAGTGGCGAT,Cytotoxic CD8 T cell
E2L5_GTGGTTAAGCGACATG,Plasmacytoid dendritic cell
E2L5_CTCCAACGTCCACACG,Naive CD4 T cell
L3_GTGTAACGTGCTCTTC,Naive CD4 T cell
L2_GGTTGTATCAGAACCT,Proliferating NK cell
L1_GCCGTGACAATACCTG,Hematopoietic progenitor cell
E2L1_CGGACACTCTTGGCTC,Plasmacytoid dendritic cell
E2L6_ATTACTCTCCCGGTAG,Cytotoxic NK cell
E2L3_ATGACCAAGGATTTCC,Naive CD4 T cell
E2L2_CGGAGAACACGGATCC,NK cell
E2L1_TTTGATCCAAAGACTA,FCGR3A monocyte
L5_GCTTGGGGTGCATGAG,Proliferating NK cell
E2L4_CAGTGCGCATGTCAGT,B cell
E2L3_ATCCCTGTCGTTGCCT,Plasma cell
E2L2_GAGTTACCATAACCCA,CD1C dendritic cell
L2_TGTGCGGGTACAAGTA,Erythroid cell
E2L5_TTGGTTTTCCATTGGA,B cell
E2L3_ATCACGATCCCAACTC,CLEC9A dendritic cell
L2_TGCTCCATCGACGCTG,Memory CD4 T cell
E2L8_ATGGAGGAGTCTAGAA,FCGR3A monocyte
E2L8_TCATGTTTCTTGAGCA,Naive CD4 T cell
E2L2_TCAGGTAGTTGCTCCT,Proliferating NK cell
L4_CCTCATGAGGGTACGT,Proliferating NK cell
L5_ACCACAATCCCTTCCC,Hematopoietic progenitor cell
E2L7_CATAGACCAATGTTGC,Cytotoxic NK cell
L2_ATCGTGAAGTATAGAC,Naive CD4 T cell
L5_TACAGGTCACTGGCGT,Plasma cell
L4_CACTAAGTCTACCCAC,B cell
L5_AAGATAGCATAGATCC,Hematopoietic progenitor cell
L4_CTGGCAGCACAGTCCG,Memory CD4 T cell
L3_GTATTGGGTGATAGAT,Naive CD4 T cell
E2L4_AGGTAGGAGGAAGTCC,Memory CD4 T cell
L1_TCGTAGATCGGCTTCT,Erythroid cell
L4_ACGATCACAAGTCATC,CD1C dendritic cell
E2L5_TCTTAGTGTCGTATGT,Plasma cell
E2L1_TATTGGGGTATGGAAT,B cell
E2L2_GACTGATGTACGTGAG,Plasmacytoid dendritic cell
L5_CAGATTGAGGTCCTGC,NK cell
L5_TGGGCTGCAGAGCCCT,Naive CD4 T cell
E2L2_TAGACCAGTTAAGTCC,CD1C dendritic cell
L2_TCTATACAGTTGTCAC,CD161+ memory T cell
E2L1_ACGGAAGAGTAGTGCG,B cell
E2L7_ATCCGTCGTTCGAGCC,Cytotoxic NK cell
L3_TGTTCATGTGTTTACG,Naive CD4 T cell
L5_ATTTCTGCACAAACGG,B cell
E2L2_CTGTAGAGTCCAGCGT,NK cell
E2L3_TTTCAGTGTGTCCACG,Proliferating NK cell
E2L7_ACGCACGTCGATACAC,Gamma delta T cell
L1_CGTAGTATCCAGCACG,Plasma cell
E2L7_ACCTACCCACCAGCTG,B cell
E2L8_AAGATAGCAAGAAACT,FCGR3A monocyte
E2L7_CATTGCCTCGCAGAGA,B cell
E2L7_TCTTCCTAGACGCCAA,Plasmacytoid dendritic cell
E2L2_ACTCTCGAGCTAGCCC,Platelet
E2L2_TCCTCGACATTCATCT,Proliferating NK cell
E2L1_ATCGATGTCAGAACCT,B cell
L5_TGAGGAGGTACTCCGG,Hematopoietic progenitor cell
L2_CTAGGTAGTATCAGCT,Hematopoietic progenitor cell
L2_CCTAAGAGTTGTTGCA,Plasmacytoid dendritic cell
E2L6_AATGGAACAAGCGAGT,CD1C dendritic cell
L4_CTAACTTGTTGTGGAG,Erythroid cell
E2L8_GTTGCTCAGCTGTGCC,GZMK+ CD8 T cell
E2L1_AGTAACCTCTCGAACA,Cytotoxic NK cell
E2L8_ATGAGTCGTAACATAG,Cytotoxic NK cell
L1_CTGTAGAAGACCGCCT,CLEC9A dendritic cell
E2L4_AAGGAATTCTGGGCCA,CD1C dendritic cell
L4_AGTAACCGTGGCTAGA,Memory CD4 T cell
L3_AAGCGTTTCGGTCTGG,CD14 monocyte
E2L6_CGGTCAGTCACAACCA,Cytotoxic CD8 T cell
L4_AACACACGTGCGCTCA,Hematopoietic progenitor cell
L2_AGGAAATCACTGCATA,Naive CD4 T cell
E2L3_CCCGAAGGTAAGGCTG,Proliferating NK cell
L1_ACCCTCAAGATGAATC,Hematopoietic progenitor cell
E2L7_TGTTGGAAGTAACCTC,B cell
E2L4_GCAGCTGGTGGAACAC,B cell
L5_GTTGTCCTCGTAGCTA,Memory CD4 T cell
E2L7_TGTTCTATCAGGTAAA,Naive CD4 T cell
L2_ACGTTCCTCTAGTGTG,Naive CD4 T cell
E2L8_GAAACCTCATCGTCCT,Plasmacytoid dendritic cell
E2L8_AGAACAATCTATCGCC,FCGR3A monocyte
E2L2_CAACGGCCAATTCTTC,B cell
E2L1_GCCAGGTGTACAGTCT,B cell
L5_CCCGGAAGTCGCAGTC,Naive CD4 T cell
E2L6_AAACGCTCAAGTTTGC,CD14 monocyte
E2L5_TAGACTGTCCAGCAAT,Plasmacytoid dendritic cell
E2L6_TATACCTAGTGTGTTC,Cytotoxic CD8 T cell
L5_ATCAGGTTCATAGGCT,Cytotoxic CD8 T cell
E2L7_AACCCAAGTTAACCTG,Naive CD4 T cell
E2L6_CAGAGCCAGAGCATAT,B cell
E2L4_TTTCATGCAAGGAGTC,FCGR3A monocyte
E2L8_ACTGTCCTCATCGACA,B cell
L2_AACCTTTTCCCATACC,Naive CD4 T cell
L3_GAGTTGTTCGGCTTGG,Cytotoxic CD8 T cell
E2L7_CTCCCTCCATGGTACT,CD14 monocyte
E2L2_CCATAAGCATCAGCAT,FCGR3A monocyte
L3_GGTGATTCAGTAACGG,Naive CD4 T cell
E2L7_GCAGCCAAGACCTCCG,CD161+ memory T cell
E2L4_TAGGGTTCACGTAGTT,B cell
E2L7_GTACAGTTCCGTTGGG,Gamma delta T cell
E2L6_GAAGGGTAGGATGCGT,CD14 monocyte
L1_GCCAACGCAAGACCTT,CD14 monocyte
L1_TGTTGAGGTGTAAATG,Naive CD4 T cell
L4_CCTTGTGCAGCAGAAC,Proliferating NK cell
L1_AGTGACTCACCTGCAG,NK cell
E2L2_AAGACAAAGGTTACCT,CD14 monocyte
E2L4_TACTTCACATCCCGTT,B cell
L3_AGGGTCCAGGGCTAAC,Memory CD4 T cell
E2L2_AGGTCATCATCCTCAC,CD161+ memory T cell
E2L2_AGGGAGTTCCATTGTT,Platelet
L1_TGGAACTGTGTTCATG,Cytotoxic CD8 T cell
E2L4_ATTCTACTCTTACACT,B cell
E2L7_CCCGAAGAGGGCCAAT,Proliferating NK cell
L2_GGGTCTGAGGGAACAA,Naive CD4 T cell
L1_TGTTACTGTATGCGGA,Platelet
E2L8_TTCACCGGTCGCACAC,Cytotoxic CD8 T cell
L4_CGTAATGCATAACGGG,Memory CD4 T cell
L2_CTGCAGGGTTTATGCG,Naive CD4 T cell
E2L4_GTTCTATTCGCATGAT,B cell
E2L5_CTGAATGGTGTACAGG,Cytotoxic CD8 T cell
E2L5_ATTGGGTGTCGAACAG,Memory CD4 T cell
E2L7_CCTAAGACATTGAAGA,CD1C dendritic cell
E2L4_GGGTCTGTCGTACACA,Naive CD4 T cell
E2L6_AGAACCTCATACCACA,CD1C dendritic cell
E2L4_ATCGGATCAAGCACAG,B cell
E2L4_CGAGGAATCACGAACT,Proliferating NK cell
E2L5_GTTATGGGTGACTGTT,Naive CD4 T cell
E2L6_GATCCCTGTGCAATAA,Gamma delta T cell
E2L8_ATGGAGGTCAAGGCTT,Proliferating NK cell
L5_TCTACCGGTTCTGACA,CD161+ memory T cell
E2L2_TCAGCCTCATTGCCGG,Memory CD4 T cell
E2L5_GAAGTAAGTGCCGGTT,CD1C dendritic cell
L2_AACAAAGCAATAACCC,Platelet
L3_CAACGGCGTGCACAAG,Naive CD4 T cell
L2_CTTCCTTAGTAGTCAA,Naive CD4 T cell
L5_TCCTCTTGTCGGCCTA,CD161+ memory T cell
E2L7_GGAGCAACACACGTGC,Platelet
E2L6_GTGGAGACAGAACTAA,Platelet
E2L4_TTTCCTCCATTAAAGG,CD1C dendritic cell
L3_ACAAGCTCATAGGTTC,Cytotoxic CD8 T cell
E2L7_ACATCCCGTATTTCCT,B cell
E2L1_TTCTAACGTGTACATC,NK cell
L5_GACATCAAGCTCTATG,Naive CD4 T cell
L3_ATCGTCCCATCAGCAT,FCGR3A monocyte
E2L1_TCGGATAAGACATCAA,CD14 monocyte
L2_TTAATCCGTAGTTACC,Naive CD4 T cell
E2L6_GAAGAATCAGGGAGAG,NK cell
L2_AGAACCTTCCCTTTGG,Plasma cell
E2L5_TTAATCCCACTACACA,Naive CD4 T cell
E2L5_CTCCCTCAGCCATATC,Proliferating NK cell
E2L4_CACTGAACATGCCGCA,CD14 monocyte
L4_ACTTCCGAGTACTGTC,Naive CD4 T cell
L1_CCCTGATTCGTGACTA,Naive CD4 T cell
L2_GTAAGTCGTAGCACGA,Plasma cell
E2L4_GTCGAATCAAAGGGTC,Cytotoxic CD8 T cell
E2L2_TATCCTACATTCTTCA,FCGR3A monocyte
L3_GTCATCCGTGCACATT,Plasma cell
E2L5_TTTCATGAGAATAACC,CD161+ memory T cell
L3_ATGACCAAGTACTGGG,Naive CD4 T cell
L1_GTATTTCTCGTCTCAC,B cell
E2L2_GAATCGTAGAATGTTG,Naive CD4 T cell
L1_CACGTGGGTGTTACTG,Naive CD4 T cell
E2L5_CACGTTCTCCCATTCG,Memory CD4 T cell
L1_CGAGAAGAGCCAAGTG,Naive CD4 T cell
E2L5_GTACAACAGGTTATAG,Proliferating NK cell
E2L1_GGTTAACTCCATCAGA,Cytotoxic NK cell
E2L3_TCATGAGTCTAGACCA,NK cell
L5_GCGGAAAAGAGCCCAA,Cytotoxic CD8 T cell
E2L6_GTGGCGTAGGGATGTC,Proliferating NK cell
E2L4_TCACGGGAGTGACCTT,CD14 monocyte
L3_AGAAATGTCTACTGCC,CD161+ memory T cell
L2_CACATGATCGGTTCAA,Hematopoietic progenitor cell
E2L1_ACTTATCGTTCCGCAG,Platelet
L5_AGTGATCTCCACTGGG,Plasma cell
L5_TGCGACGCATGTGCTA,Platelet
L4_GATAGAACAAGCAGGT,Cytotoxic NK cell
E2L6_TATATCCTCCCGAGGT,Cytotoxic NK cell
L4_ATCGATGCATCGGTTA,Cytotoxic CD8 T cell
L2_GACACGCCAAATCAAG,Naive CD4 T cell
L5_TAGCACAGTATGGAAT,Naive CD4 T cell
L1_ATCATTCAGAATCGAT,Naive CD4 T cell
E2L1_ACAACCACACGCGCTA,Cytotoxic CD8 T cell
E2L6_ATGACCAGTGAATGTA,Plasma cell
L4_TTGTGGAGTTCGCGTG,Hematopoietic progenitor cell
L1_TACGGGCCAAGGACAC,Naive CD4 T cell
E2L2_TTCAATCAGAACTGAT,Memory CD4 T cell
E2L3_TCAGTTTAGCTTTCTT,Proliferating NK cell
E2L7_AATCGTGGTAGGTACG,Memory CD4 T cell
L3_CTTCGGTCAGACTGCC,Proliferating NK cell
L3_CTGGTCTAGACATCAA,Naive CD4 T cell
L3_GTCACGGAGAGAGAAC,Naive CD4 T cell
L1_TGCACGGAGTATGCAA,Plasma cell
L4_TCAGCCTCAGGATTCT,CD14 monocyte
L3_GAAGAATTCTCAGGCG,Memory CD4 T cell
E2L6_CAGCGTGTCCATTTGT,CLEC9A dendritic cell
E2L2_TGACGCGAGCCTTTCC,NK cell
E2L3_ATCGGCGCAGACCTGC,CD161+ memory T cell
E2L7_TTAGGCATCGTACACA,Memory CD4 T cell
L5_AGGCCACAGAGCCCAA,CLEC9A dendritic cell
L5_CTAACTTGTACAGTAA,GZMK+ CD8 T cell
E2L4_GGAACCCCAGAGAATT,B cell
L5_CTACAGATCCGTTGAA,Cytotoxic NK cell
E2L1_TATCTTGCATCGGAAG,CD14 monocyte
L1_GATTCTTAGGCTCTAT,CD161+ memory T cell
L4_TCATTGTGTGAGACGT,Platelet
L2_ATTCACTCAACCGACC,Hematopoietic progenitor cell
E2L2_AGAGCAGTCTGCACCT,Gamma delta T cell
L2_TGTTACTAGGGACACT,Plasma cell
L4_CATTTCAGTTTCACTT,Memory CD4 T cell
L5_CTGTACCGTTACCCAA,Naive CD4 T cell
L1_ATGAAAGGTGTGCTTA,CD1C dendritic cell
L3_ACCACAACAACTCGTA,CD161+ memory T cell
E2L2_TTACGTTAGCACCGAA,Platelet
L3_ATCCACCCAGTAGGAC,B cell
E2L5_AAGTACCAGATAACAC,Naive CD4 T cell
L1_TTTGACTAGTGTAGAT,Cytotoxic CD8 T cell
L4_AGCGATTAGACGTCCC,Memory CD4 T cell
L3_TCCACGTAGGAGAGTA,Cytotoxic CD8 T cell
E2L1_AAGCCATCAGTTGTTG,Naive CD4 T cell
L5_CACTAAGCACAAACGG,CD14 monocyte
L4_GTCTAGAGTATAATGG,Naive CD4 T cell
L1_CTTGATTTCGGTGTAT,Proliferating NK cell
L4_AACAAGATCCATCGTC,Proliferating NK cell
L5_AAATGGAAGCGAGTCA,CD1C dendritic cell
E2L7_AGATCCATCTATTTCG,B cell
E2L2_ATCGGATGTTGGGACA,Plasmacytoid dendritic cell
L1_GGTAATCTCGTAGGGA,Plasma cell
E2L8_GAAGCGAGTCGAGATG,NK cell
E2L6_TAGACCATCCTGTAGA,Proliferating NK cell
E2L6_TCCCAGTCAGTGCCTG,Plasmacytoid dendritic cell
E2L2_AGTCAACGTATCGTAC,Memory CD4 T cell
E2L1_CTATAGGAGGGCATGT,Naive CD4 T cell
E2L4_AGAGAATAGACCATTC,B cell
L5_CTGCTCACACTCCGGA,Naive CD4 T cell
L5_ATTCCTACACGCCACA,Cytotoxic CD8 T cell
E2L1_GCCAGCATCGAAGCAG,Memory CD4 T cell
L4_GAGTCATAGAGGGTCT,FCGR3A monocyte
L4_TCCATGCGTACTGAGG,CD161+ memory T cell
E2L7_TAATTCCGTAACAGGC,Cytotoxic CD8 T cell
E2L3_AAGACAACACGACGAA,CLEC9A dendritic cell
E2L7_ACACTGATCCCTCGTA,Naive CD4 T cell
L1_TACGCTCAGTCGCTAT,Naive CD4 T cell
E2L5_AAGCATCGTAGTTACC,B cell
L1_CACAACAAGACAACTA,CD161+ memory T cell
L4_TATGTTCGTTTAGAGA,FCGR3A monocyte
L5_CTGATCCGTCCAGAAG,Hematopoietic progenitor cell
E2L3_CAGGCCAAGTCTGCAT,Cytotoxic CD8 T cell
E2L7_ACCACAACAACTTCTT,Memory CD4 T cell
E2L6_GATCAGTTCATGCCAA,Platelet
L3_GTTGCGGAGACCGCCT,GZMK+ CD8 T cell
L4_TCGTGCTGTAGAATAC,Proliferating NK cell
L3_TAGAGTCTCTATTTCG,CD14 monocyte
L1_CTACTATGTTCCACGG,CLEC9A dendritic cell
E2L4_TAATCTCAGACGCCAA,Proliferating NK cell
L5_TTACTGTTCGCCTTGT,B cell
E2L2_TATTTCGAGTTGTCAC,Erythroid cell
E2L4_CCTTCAGCATCTTAGG,Proliferating NK cell
E2L7_GTTGCGGAGCCTCGTG,B cell
L1_CTCTGGTCAGTAACCT,Naive CD4 T cell
L2_TCTTCCTAGCAGGTCA,Naive CD4 T cell
E2L4_AGTGCCGCACACTTAG,Memory CD4 T cell
E2L3_ACACAGTTCGGAGCAA,CD161+ memory T cell
E2L6_CCGTTCATCGTTACCC,Memory CD4 T cell
E2L6_AAGCATCCAGAACGCA,Memory CD4 T cell
L1_CTACCTGGTCTGATCA,Memory CD4 T cell
L5_CGTGCTTAGACAGCGT,CD14 monocyte
L2_TCTACCGGTTACACTG,B cell
L3_CACACAACATACAGCT,NK cell
L4_AGGTGTTGTAGCGCTC,Hematopoietic progenitor cell
E2L6_GGCAGTCAGCGATGAC,Naive CD4 T cell
L2_CGTTGGGCACATGGTT,Memory CD4 T cell
E2L5_CTCTCAGCAAGCCTGC,B cell
L4_CTATAGGTCGTCTACC,Naive CD4 T cell
L2_TAGGTTGCACATGGTT,CD161+ memory T cell
L5_TATCAGGGTGACGTCC,CD161+ memory T cell
L1_TTGTTCAGTAGATCGG,Naive CD4 T cell
L3_TCTACCGCATGCCGGT,Naive CD4 T cell
L3_TGATTTCCATTCTGTT,B cell
E2L3_CTGTAGACATGATGCT,CD1C dendritic cell
E2L6_GAGATGGCAGTCACGC,CD1C dendritic cell
L2_ATCACGACACTGATTG,Plasma cell
E2L3_GACCCAGAGCCGGAAT,Cytotoxic CD8 T cell
E2L4_ATCCACCGTGCTTCAA,CD1C dendritic cell
L2_GCAGCTGTCTCCCAAC,Naive CD4 T cell
L1_CGAAGTTGTCGTGCCA,Naive CD4 T cell
L4_AATCGTGCAGTCAGTT,Memory CD4 T cell
E2L7_TCAGTGAGTACGATGG,Cytotoxic CD8 T cell
E2L5_TCTCCGATCCGTACGG,Cytotoxic CD8 T cell
L2_TATTGCTGTTAAACCC,Erythroid cell
E2L2_CGGAATTGTTCGGACC,Memory CD4 T cell
E2L5_AGGATAACATGACGGA,Cytotoxic NK cell
L5_TCTGCCACAGGTGTTT,Proliferating NK cell
E2L2_TCAGCAAAGAACAAGG,Plasmacytoid dendritic cell
E2L1_TCCTAATGTATCGTAC,Proliferating NK cell
L2_TCACAAGTCCTCATAT,Erythroid cell
L2_TTACCATCATCGTGGC,FCGR3A monocyte
E2L2_TCAGGTAGTAGTCTTG,FCGR3A monocyte
E2L2_GGAACCCCATTCTGTT,Proliferating NK cell
L4_ACGTTCCTCAACGAGG,Cytotoxic NK cell
L4_TCGTGGGCAGCTGAAG,NK cell
E2L8_CTCAGTCCAGACGATG,Plasma cell
L1_GGTAATCTCTCGAGTA,NK cell
E2L1_TGGGCTGAGCCAAGGT,Cytotoxic CD8 T cell
L4_ATCTCTAAGTACTGGG,Memory CD4 T cell
E2L6_ACCTACCAGCGCCTCA,Naive CD4 T cell
E2L8_TGGGATTTCGCTCTAC,Cytotoxic NK cell
E2L5_TGTGCGGTCCATTTAC,Plasmacytoid dendritic cell
L5_CATGCCTGTAACAGTA,Naive CD4 T cell
L1_AATTTCCAGAGGCTGT,Hematopoietic progenitor cell
E2L1_GGCGTCATCCTAGAGT,Naive CD4 T cell
E2L8_GTACAGTAGCCTGAAG,Cytotoxic CD8 T cell
E2L1_ACTATCTTCATTGGTG,CD1C dendritic cell
E2L7_GAGGCAACAACGTATC,Plasma cell
L2_AGGCTGCAGAATAGTC,Cytotoxic CD8 T cell
L5_CTCCTTTGTCAGTTTG,Proliferating NK cell
L4_GGGTGAATCACAACCA,Memory CD4 T cell
L1_TCTTAGTAGCCTTCTC,Memory CD4 T cell
E2L7_GGGCCATCAAGTAGTA,Plasmacytoid dendritic cell
L4_CAACGATAGGTGCCAA,FCGR3A monocyte
E2L5_TGGGAGAAGACTCGAG,Naive CD4 T cell
E2L5_CTCTCAGAGTGTACCT,CD14 monocyte
L1_AATTCCTCACTCAGAT,Hematopoietic progenitor cell
E2L5_TACGTCCTCTAATTCC,Platelet
L5_GTTACGAAGGACTTCT,NK cell
L3_ATGAGTCCAAATACGA,B cell
E2L6_CATGCTCGTATCACCA,B cell
L5_CTAGGTAAGCGAGTAC,Naive CD4 T cell
L4_GCTACCTAGCGGGTTA,Naive CD4 T cell
E2L7_TAGACCACAGGAATCG,CD14 monocyte
E2L3_GTTGCTCGTCTCGCGA,Cytotoxic NK cell
E2L3_CCTATCGCATTGCTGA,Naive CD4 T cell
E2L5_ATCGGATCACAACATC,Plasma cell
E2L3_TCGATTTCACAGCCAC,Memory CD4 T cell
L3_CATGCTCTCAGGAACG,Naive CD4 T cell
E2L6_AGGCCACGTGGCTTAT,NK cell
E2L4_ATCGTCCAGCAAGCCA,B cell
E2L7_TGCAGTATCGTCTACC,Proliferating NK cell
E2L5_GTCTGTCTCACCCTTG,Cytotoxic NK cell
E2L6_AGTGTTGCAACCGGAA,Memory CD4 T cell
E2L1_GCGGAAAGTGACATCT,CD161+ memory T cell
L5_CTCACTGTCGTGTGGC,CLEC9A dendritic cell
L2_TCGGGACTCGGCTATA,Hematopoietic progenitor cell
L1_GCTTGGGCATGACTCA,CD161+ memory T cell
E2L3_GACTCTCCATACTTTC,CD14 monocyte
E2L8_CACATGAAGTGGATAT,Cytotoxic CD8 T cell
E2L1_CGGACACAGCGTGCTC,Memory CD4 T cell
E2L8_GAGGCAACAGGCAATG,Proliferating NK cell
L3_TACGTCCGTATCCTTT,FCGR3A monocyte
L1_CGATCGGGTGATACCT,GZMK+ CD8 T cell
L2_TGTAGACCACCTGCGA,GZMK+ CD8 T cell
E2L1_ATGGTTGCAGCAAGAC,CD1C dendritic cell
L2_TTGGTTTAGCGTGTTT,Plasmacytoid dendritic cell
E2L4_GGTGTTAGTGCATACT,Cytotoxic CD8 T cell
E2L5_CATCAAGTCTGGGCAC,Cytotoxic CD8 T cell
L3_CATTGCCGTATGTCCA,Erythroid cell
E2L2_CGTTCTGAGATTACCC,Cytotoxic CD8 T cell
L1_TGTTCCGGTAGTCTTG,CD1C dendritic cell
E2L3_ATCACTTGTTGTACGT,Cytotoxic NK cell
E2L3_CTATCTACAGCGTGCT,NK cell
E2L1_CGTTAGACACACGTGC,Gamma delta T cell
L3_CTGGTCTAGGTTATAG,Naive CD4 T cell
E2L2_CATGCCTGTGTTTGCA,CD1C dendritic cell
L3_AGCTTCCTCGCTTGAA,CD161+ memory T cell
L3_CTTCGGTTCTGAGTCA,Plasma cell
L4_CTGTAGATCAACTCTT,Naive CD4 T cell
E2L7_TCGCTTGAGGACAACC,Platelet
L4_TCAAGCATCTCACCCA,Cytotoxic NK cell
L4_TCCGGGACACATATCG,Proliferating NK cell
L5_CAAGACTGTCAGTCGC,Memory CD4 T cell
E2L2_TCACTCGTCATTATCC,Cytotoxic CD8 T cell
E2L4_TAGCACAAGACGCATG,B cell
E2L4_TTCGGTCAGCACCAGA,FCGR3A monocyte
E2L4_TTTAGTCTCCTTCTTC,Naive CD4 T cell
E2L5_GAGGGTATCGTAACCA,B cell
E2L1_TAAGCGTAGCACCGAA,Memory CD4 T cell
E2L6_GCCCGAAAGGTTACCT,CD1C dendritic cell
L2_AGCTCAAAGTCCCGAC,Proliferating NK cell
L2_CTACTATCAAGACCGA,Plasmacytoid dendritic cell
E2L2_TCGAACATCTTAAGGC,CD161+ memory T cell
L1_CCTAACCGTCCGGTCA,CD14 monocyte
L4_ACAACCATCAAAGACA,Memory CD4 T cell
L3_CCCTAACAGCGTGCCT,NK cell
E2L7_TGCGACGCACAGTCCG,B cell
L1_GGCACGTAGAACAGGA,CD1C dendritic cell
E2L5_AGCTCAAAGCTATCTG,Plasmacytoid dendritic cell
E2L3_AGCGATTGTGATCATC,B cell
L2_TTAGGGTAGAGAGCGG,Erythroid cell
L1_GCAGGCTCACAAATCC,CD1C dendritic cell
E2L7_TTTACGTAGACAACAT,Memory CD4 T cell
L3_CCTATCGAGCTCTTCC,B cell
E2L3_GTTACGAAGCGGTAGT,FCGR3A monocyte
E2L8_GATGTTGAGACGGATC,Memory CD4 T cell
E2L8_ACTGTGAGTACTGACT,Cytotoxic CD8 T cell
E2L3_TACCCGTTCATACAGC,Proliferating NK cell
L4_CCACACTAGTGATGGC,Platelet
E2L3_GCATCGGCAGGGCTTC,Naive CD4 T cell
E2L2_TTTGATCGTTAACAGA,FCGR3A monocyte
L3_CATAGACAGCAGTACG,CD1C dendritic cell
E2L6_CGTCAAACATAGGTTC,Naive CD4 T cell
E2L4_TCCATGCAGCTAGATA,CD14 monocyte
E2L7_CATCCCATCCATACTT,Naive CD4 T cell
E2L8_TTGTTTGAGTACAACA,B cell
E2L4_GGGTGAAGTACAAGTA,Memory CD4 T cell
L4_AACAACCTCCTGTTAT,FCGR3A monocyte
L2_GTGTTCCTCGTTATCT,CD161+ memory T cell
E2L4_AACGGGAGTCTTACTT,B cell
E2L6_GCCGATGAGATGGGCT,B cell
L4_ATGAGGGAGTATAGAC,CD161+ memory T cell
L1_TATCTGTGTGACTGTT,Memory CD4 T cell
E2L2_CGGAGAAGTCATCAGT,Gamma delta T cell
E2L4_CCCAACTTCTGTTGGA,FCGR3A monocyte
L4_TCATGGAGTCCGCAGT,Plasma cell
L5_CACGGGTAGTCCCTAA,Plasmacytoid dendritic cell
E2L1_CGCATAAAGTAGACCG,Cytotoxic CD8 T cell
L2_ACAGGGAGTATTGGCT,Memory CD4 T cell
L3_AGTAGTCTCGATGGAG,Naive CD4 T cell
E2L5_AGTGATCTCAAACGTC,Plasma cell
E2L8_TTCAGGAAGGCCCACT,Naive CD4 T cell
E2L8_GAACACTTCTAGCCTC,CLEC9A dendritic cell
L4_CTCAACCGTACAGAAT,Memory CD4 T cell
E2L5_ACCCAAAGTTAGCGGA,CD1C dendritic cell
E2L3_GCTGCAGAGCCTGAGA,Cytotoxic CD8 T cell
E2L8_GTGTTAGTCCCTCGAT,B cell
L3_TGCATGAGTGGATCGA,FCGR3A monocyte
E2L2_GCCATGGGTCCCAAAT,Cytotoxic NK cell
L3_TTGTTTGTCTCTCGCA,Memory CD4 T cell
L1_TGGTTAGGTACGTAGG,Naive CD4 T cell
L3_TCGAAGTTCTGTCTCG,Cytotoxic CD8 T cell
E2L2_CCACCATAGTACGAGC,Cytotoxic CD8 T cell
L5_ATTCACTTCCTACGGG,Hematopoietic progenitor cell
E2L1_GTCAGCGAGCACTAAA,Naive CD4 T cell
E2L5_ACAGAAAGTAACAGTA,NK cell
E2L6_GACCCAGTCATTTGCT,CD1C dendritic cell
E2L5_TTCGATTGTCTGATAC,Hematopoietic progenitor cell
E2L1_GTCAAACCAGATTTCG,Gamma delta T cell
E2L4_TGAGCATTCTTTGCTA,Naive CD4 T cell
L3_GGTAATCGTTATAGAG,Naive CD4 T cell
L1_TGTTCATTCACACCCT,Naive CD4 T cell
E2L4_TTAGTCTGTTCACCGG,CD1C dendritic cell
E2L6_ACAGCCGAGTCACTCA,Platelet
L2_CGTGTCTAGAAATGGG,CD14 monocyte
L2_GAAATGACAGGTTCGC,CD161+ memory T cell
L2_TTGCCTGTCGCACGGT,Memory CD4 T cell
E2L5_TACTTCAGTTAGGCTT,Naive CD4 T cell
L5_CAACCTCCACCTGTCT,CD1C dendritic cell
L1_TGCGGGTCATCCAATG,CD161+ memory T cell
L4_AAAGGTAAGGAACGCT,Proliferating NK cell
L3_AGGAAATTCTACGCGG,NK cell
E2L5_TGAGTCATCCCGAGAC,Platelet
E2L8_GTAATGCTCGCCAATA,CD1C dendritic cell
L4_AGAGCCCAGTGTCATC,Memory CD4 T cell
E2L2_TGCTCGTAGATGAACT,Platelet
E2L8_CCTTGTGTCACTCACC,CD14 monocyte
L2_CACGTGGGTCCTCATC,B cell
L2_CTGGCAGGTGCATCTA,Proliferating NK cell
L3_TTACGTTGTTGTGGCC,Naive CD4 T cell
L5_GGTAACTTCGCAATTG,GZMK+ CD8 T cell
L3_ATCCGTCCAAAGGCAC,Plasma cell
E2L6_GATGGAGAGACGATAT,CLEC9A dendritic cell
L1_GACTCTCAGACTCCGC,B cell
E2L8_GTAACCATCTGAATCG,B cell
L5_AGGAAATAGACCACGA,Naive CD4 T cell
L2_ATAGGCTCAAGTATAG,Hematopoietic progenitor cell
L4_TTGTTGTCACAGACGA,NK cell
E2L1_TTGACCCCAGGAATCG,Naive CD4 T cell
E2L6_AGGCTGCTCATCTATC,B cell
L1_TGTGGCGTCGAAGCCC,Naive CD4 T cell
E2L3_AGATCCATCCCGAGGT,Gamma delta T cell
L4_GTGCAGCAGCGCCTTG,CD161+ memory T cell
E2L6_ACCGTTCTCCTAGCGG,Cytotoxic CD8 T cell
L3_GTGCTGGGTAATCAGA,Cytotoxic CD8 T cell
E2L1_GCCAGCAAGAGGCCAT,Memory CD4 T cell
L2_AAAGGGCAGCAATAGT,Memory CD4 T cell
L5_GTTTGGAAGGTCGACA,Cytotoxic CD8 T cell
L1_TTGACCCAGATGGTAT,CD1C dendritic cell
L5_CTGTATTGTTTCTTAC,CD161+ memory T cell
L1_ATTTCTGGTAGCGTAG,Naive CD4 T cell
L4_ACTTCCGAGCCTAGGA,Proliferating NK cell
E2L7_TCCTTCTCACAGTATC,Plasmacytoid dendritic cell
E2L2_CTGTAGATCTTGAACG,B cell
E2L1_ATCACTTGTATCTTCT,Naive CD4 T cell
E2L2_GGCACGTCAGAGAATT,B cell
E2L5_GCGAGAATCCTGTTGC,Cytotoxic CD8 T cell
L1_TCGACCTCACTCTGCT,Naive CD4 T cell
E2L2_CGGACACAGTAGACAT,NK cell
E2L2_AGATAGATCCCATTCG,B cell
L2_GGATGTTAGTATGTAG,Memory CD4 T cell
L3_AGTGATCGTGTACAGG,Cytotoxic CD8 T cell
E2L2_GCCAACGTCGAGTGAG,Memory CD4 T cell
L2_ATGGGAGGTGACACAG,NK cell
L4_GTGCAGCCAGCATTGT,Naive CD4 T cell
E2L5_GGGCGTTCAGACAATA,CD14 monocyte
L4_CTCCTTTCATTGGATC,Naive CD4 T cell
L3_TGGAGAGCACCAACAT,B cell
L5_TGTACAGTCCTGGTCT,Hematopoietic progenitor cell
L4_GTTATGGCAAGACGGT,Memory CD4 T cell
L1_CACAGATCATGGCACC,Memory CD4 T cell
L2_GCAACATTCAGCGGAA,Naive CD4 T cell
L4_AGTACTGTCTTGATTC,Memory CD4 T cell
E2L6_TGTTCCGCACCGGCTA,CLEC9A dendritic cell
L3_TTGGATGGTCGTGGAA,Memory CD4 T cell
L1_AGGTGTTAGCCTATCA,Proliferating NK cell
E2L8_TGTAAGCCATGGAATA,CD1C dendritic cell
E2L7_GTTCTATTCAGATGCT,Cytotoxic CD8 T cell
E2L3_TTGCCTGGTTCCTAAG,Memory CD4 T cell
L3_CCTCATGTCCACATAG,Naive CD4 T cell
L3_GTGGCGTAGCTGAGCA,Proliferating NK cell
L5_ATTACTCCACTACTTT,Hematopoietic progenitor cell
L1_GCCGATGTCGATTGGT,Naive CD4 T cell
E2L8_GTTCCGTTCGACCTAA,B cell
L5_CGTAAGTCAGTATTCG,Cytotoxic NK cell
E2L3_ATGAAAGCAGCAGGAT,Proliferating NK cell
E2L8_GAATAGATCCGAGGCT,B cell
E2L8_TGGCGTGAGGACGCAT,Naive CD4 T cell
E2L5_CCTAACCCAGGGAATC,Platelet
L5_CCCAACTTCACCGGGT,Cytotoxic NK cell
E2L2_ACTGATGGTTAGTTCG,Proliferating NK cell
L5_CTACAGAAGGATATGT,Naive CD4 T cell
L4_GACAGCCGTGATAGAT,Naive CD4 T cell
E2L6_AACCTGAGTCTCCTGT,FCGR3A monocyte
E2L6_ATGATCGAGAACAAGG,FCGR3A monocyte
E2L5_TCTCCGACAGAGCCCT,Naive CD4 T cell
L5_CTAGGTATCTACCTTA,GZMK+ CD8 T cell
L3_TGTGAGTCATCACGGC,Memory CD4 T cell
E2L3_GTGGAAGAGTCCTGTA,CD14 monocyte
L1_TCCTGCAAGACGGTCA,CD14 monocyte
L1_ACCGTTCGTTGTTGAC,CD161+ memory T cell
E2L1_AGAGCAGTCGACGACC,Memory CD4 T cell
L4_TGACAGTTCTTCGTGC,GZMK+ CD8 T cell
E2L4_CCTTTGGGTCGGCACT,Cytotoxic CD8 T cell
E2L3_GCACGGTGTAGTCGTT,Cytotoxic CD8 T cell
E2L4_TGTCCTGGTCGTCGGT,B cell
L3_GACCCAGCATCCCACT,Plasmacytoid dendritic cell
L2_TCACACCCAGTTAAAG,Naive CD4 T cell
E2L7_CCTAAGAGTCAACCTA,Plasmacytoid dendritic cell
L2_TGTACAGGTCTTACTT,CD1C dendritic cell
E2L8_GCTACAATCTCTGCCA,Memory CD4 T cell
L5_AAGACAATCCGGTAGC,Naive CD4 T cell
L2_AGCCACGAGACATACA,Proliferating NK cell
E2L3_GGTGTCGTCTGAGAGG,Cytotoxic CD8 T cell
E2L3_AGGATCTTCTCATGCC,B cell
L4_TTGGGATCACTAGAGG,Naive CD4 T cell
E2L3_CCGTAGGAGCCACTCG,Naive CD4 T cell
L4_AAAGGATAGCCGAACA,Plasmacytoid dendritic cell
L3_ACCACAATCCTACGAA,B cell
L3_TGCTGAATCCGCAGTG,Proliferating NK cell
L4_ACTCTCGTCCGATGTA,Memory CD4 T cell
E2L2_TCTCCGAGTACGTACT,Cytotoxic CD8 T cell
L2_TTACGTTGTGATTCAC,CD14 monocyte
L1_AAAGTCCTCCAACCGG,Naive CD4 T cell
E2L2_TCACTATGTGATGAAT,Naive CD4 T cell
L1_CGGGCATAGACTACCT,Naive CD4 T cell
L2_CAGTGCGGTAGATTGA,Memory CD4 T cell
L5_CAGGCCAGTCCCGCAA,Memory CD4 T cell
L4_GTGCTTCGTTGTTGAC,Hematopoietic progenitor cell
E2L4_GTTACAGTCGCGAAGA,Proliferating NK cell
E2L7_GTTTGGAGTGATGGCA,B cell
L2_GACATCAAGCATCAGG,Memory CD4 T cell
E2L1_CATCCACGTCCGGACT,FCGR3A monocyte
E2L1_TCCAGAAAGGCATCAG,Proliferating NK cell
E2L5_CAGATCACAAAGGGCT,Platelet
E2L1_TTGACCCTCAACTTTC,CD161+ memory T cell
E2L5_CGGAACCTCAATCTTC,Naive CD4 T cell
L1_CGGGCATGTAATGTGA,CD161+ memory T cell
E2L1_AACCACATCTATGTGG,NK cell
E2L4_TGACTCCCATAGGAGC,Naive CD4 T cell
L4_AACCTGACACTCCGGA,Cytotoxic NK cell
L3_GACGCTGCAGAGATTA,Hematopoietic progenitor cell
E2L7_CGCAGGTGTAAGGCCA,B cell
E2L8_CATTCTAGTGTCCTAA,Plasma cell
E2L7_AGTCATGGTGTCCAAT,FCGR3A monocyte
L2_TATATCCTCTGGACTA,Naive CD4 T cell
E2L8_ATGATCGTCTTACCAT,Memory CD4 T cell
E2L2_TCATTGTGTTCCCACT,CD161+ memory T cell
E2L1_ATGGGAGCATGACACT,GZMK+ CD8 T cell
E2L2_ATCAGGTAGGGTGGGA,Naive CD4 T cell
E2L7_GTTGTGAAGTAACGAT,Plasma cell
L3_GGAGATGTCTCGGGAC,Naive CD4 T cell
E2L5_GATGTTGGTAGAATGT,Hematopoietic progenitor cell
E2L1_AGGATCTAGAACAGGA,B cell
L1_TCAAGACGTTACGGAG,FCGR3A monocyte
L4_CGGGTGTCACGGCTAC,Plasmacytoid dendritic cell
E2L5_AAAGGATTCGGTGTAT,Naive CD4 T cell
L3_CGTTCTGGTAGCGTCC,Cytotoxic CD8 T cell
L5_ATCGGCGAGAGAGTGA,Memory CD4 T cell
E2L2_AGTCACACATAGAGGC,B cell
L2_GTAGAGGCACCGAATT,Hematopoietic progenitor cell
E2L6_AGGGCTCAGCTGACAG,Memory CD4 T cell
L2_GGGAAGTTCCATTTCA,Naive CD4 T cell
L3_CATCGCTCATTCACAG,Memory CD4 T cell
L1_TAGAGTCCACATGGTT,B cell
L5_TACAACGCAACGTAAA,Memory CD4 T cell
L1_GTTCTATCAGCGAGTA,GZMK+ CD8 T cell
E2L2_TCATTCAGTGGAAATT,CD161+ memory T cell
L1_GGTGTCGGTTAAGAAC,B cell
E2L1_ACGGTTATCCGTGTAA,B cell
E2L4_CTCATCGAGATTTGCC,Cytotoxic CD8 T cell
E2L1_TGGAGAGGTCCGGCAT,Naive CD4 T cell
E2L6_TCCTTCTCATTGGGAG,B cell
E2L2_CATGGTAAGTCTAGAA,Memory CD4 T cell
E2L1_CATCAAGAGGGCAGGA,FCGR3A monocyte
E2L6_CATACCCCAGAGTTGG,Naive CD4 T cell
E2L5_AACACACGTCTAGATC,CD1C dendritic cell
L1_TGACTCCCAGCTCTGG,CD14 monocyte
L3_GATCGTAAGGTTGACG,CD161+ memory T cell
E2L6_CAATTTCTCTGGGCCA,Naive CD4 T cell
L2_GCAGTTATCTAACGCA,Naive CD4 T cell
L1_TTGCTGCAGCCTCTGG,Memory CD4 T cell
L3_TTGATGGTCAAACCCA,CD1C dendritic cell
E2L6_GATCATGGTCAGACTT,NK cell
E2L4_GCTCAAACATGTGGCC,Cytotoxic CD8 T cell
E2L3_CTTCTAATCCGTACGG,CD14 monocyte
L4_TTCACGCGTTACAGCT,B cell
L3_AGAACCTAGCCTGTCG,Naive CD4 T cell
E2L3_TCGGTCTCAATGAACA,CD14 monocyte
L5_CATCAAGCAGCGCTTG,Memory CD4 T cell
E2L3_CATAAGCCACGAAAGC,CD1C dendritic cell
L1_CCGGACAGTTTCGATG,Naive CD4 T cell
L2_TACCTCGTCCGTTGGG,Naive CD4 T cell
L2_TACCGAAGTGTTGATC,Plasma cell
L5_AAGACAAGTGGACTGA,B cell
E2L4_CTGAATGAGGCGTTAG,Naive CD4 T cell
L1_TCGTGCTAGATTGCGG,Cytotoxic NK cell
L4_ACGTTCCTCAAAGCCT,Hematopoietic progenitor cell
E2L3_CAACCAAAGCTTCATG,CD14 monocyte
L1_TCTGGCTAGACCGCCT,Naive CD4 T cell
L5_GGGAAGTCAGGGCTTC,Memory CD4 T cell
L5_TTATTGCTCCTGGGAC,Platelet
L4_ACACGCGAGTCGTCTA,CD161+ memory T cell
E2L8_GACCGTGCAACTCATG,NK cell
E2L6_CTACCTGGTCGGATTT,B cell
E2L5_GCATCTCTCGAAGCAG,Memory CD4 T cell
L1_GATTGGTTCGCCTTGT,Plasmacytoid dendritic cell
L2_ACTGCAATCTACGCGG,Proliferating NK cell
E2L8_ATGAAAGTCCATTGGA,Naive CD4 T cell
L1_AACTTCTCAGAGGCTA,Naive CD4 T cell
E2L6_CCGTTCAAGGCATGGT,CD14 monocyte
E2L2_GTTGCGGTCTACTCAT,Cytotoxic CD8 T cell
L4_TTACTGTCACTCAGAT,FCGR3A monocyte
E2L4_GTCGCGACAGAAGTTA,B cell
L5_GGAAGTGAGTCCGCGT,Naive CD4 T cell
L5_TCTACCGCAACTAGAA,CLEC9A dendritic cell
E2L6_GGCTTTCTCAAATGCC,Naive CD4 T cell
L3_TACAGGTTCCTGGGTG,Naive CD4 T cell
E2L5_CAGATCAAGAGTGTGC,Memory CD4 T cell
L5_CTCAGAAGTCTTAGTG,CD161+ memory T cell
E2L8_AATCACGTCTCATGCC,Cytotoxic CD8 T cell
E2L5_TTCCTTCCACTTGGCG,Platelet
L3_GTACAACAGTCACTCA,Cytotoxic NK cell
E2L7_TGCGACGTCAAATGAG,Naive CD4 T cell
E2L7_CTCAATTGTATGGGAC,Hematopoietic progenitor cell
E2L5_TCTCACGAGCTTAAGA,Naive CD4 T cell
E2L7_GCTACAACATGGGCAA,Cytotoxic CD8 T cell
L5_CTAAGTGAGCATGATA,Naive CD4 T cell
E2L4_TGGGATTTCCAGTTCC,Memory CD4 T cell
L2_TTCGATTTCCACGGAC,Memory CD4 T cell
L1_AGGCCACTCAATCTCT,Hematopoietic progenitor cell
L4_CCGTAGGAGGGAGGGT,Cytotoxic CD8 T cell
E2L5_TCCATCGCATGCCGGT,Cytotoxic CD8 T cell
E2L1_AGACCCGGTTGTGCAT,Proliferating NK cell
L2_CTCCATGCAATTGTGC,Platelet
E2L3_CCACGTTAGGCATTTC,B cell
E2L2_ATTCAGGTCCTCGCAT,Platelet
E2L6_GGTGATTTCTTCGGAA,NK cell
E2L4_GGGATGAGTGAGCGAT,CD1C dendritic cell
E2L6_TACACCCGTTTCGGCG,B cell
E2L1_GTCACTCGTGCGTTTA,Naive CD4 T cell
E2L2_TGCTTGCGTCGAGATG,CD1C dendritic cell
L1_GAAACCTAGCAGCGAT,Memory CD4 T cell
L4_CACCAAACAGGCACTC,Naive CD4 T cell
L5_ATCGTGAGTCGAATTC,Proliferating NK cell
E2L5_TCTACCGGTTCTCCTG,CLEC9A dendritic cell
E2L2_GTAGGAGCATGGGTCC,Plasmacytoid dendritic cell
E2L4_ATCCACCAGAAGTCTA,B cell
E2L6_GAGTTTGTCTGAGAAA,Plasma cell
E2L3_GAATAGAGTGGGCTCT,FCGR3A monocyte
E2L8_TGCTTGCTCATTGAGC,CD14 monocyte
E2L2_GGAACCCCAAGGTCAG,Memory CD4 T cell
E2L4_TCCCAGTCACAGTCAT,Proliferating NK cell
L3_CTCTCAGGTACCCGCA,Plasmacytoid dendritic cell
L5_GTGATGTCACTTGGGC,Memory CD4 T cell
L4_ACGGTCGAGGAACATT,Cytotoxic CD8 T cell
E2L5_GCCGATGCATGTCTAG,Naive CD4 T cell
E2L4_GATCCCTAGAGCAGTC,Platelet
E2L4_AATTTCCGTTGATCGT,CLEC9A dendritic cell
E2L2_CACTGAAAGAGGATGA,NK cell
E2L7_GTGTTAGCACGTTCGG,Memory CD4 T cell
L1_GTTTACTAGTGGTGGT,Plasmacytoid dendritic cell
E2L6_GTGCTGGTCAATGCAC,Plasma cell
E2L1_CTGAATGAGCGGGTTA,Platelet
E2L4_TCGCTCATCGGCATCG,Naive CD4 T cell
E2L8_CTGAGGCAGCGTATGG,B cell
E2L7_GGTGATTAGAGTAACT,Memory CD4 T cell
L5_GCCGTGAGTTTCAGAC,Naive CD4 T cell
L2_CACTGAAAGGTACAAT,FCGR3A monocyte
L4_AACAAAGGTACGAAAT,Plasmacytoid dendritic cell
E2L6_AGTGACTAGCGTTCCG,Cytotoxic CD8 T cell
E2L6_AAACGCTCATAATGCC,Cytotoxic CD8 T cell
E2L1_GAACTGTCAAGCCATT,Proliferating NK cell
E2L5_CCGTAGGCAGTTCCAA,B cell
E2L8_GCACGTGCACAACGAG,Platelet
L5_TTACCATTCTTACCGC,Memory CD4 T cell
L2_TTCATGTTCGCGTTTC,CD1C dendritic cell
L4_GCAGTTAAGGCTTTCA,Plasma cell
E2L3_ATCGCCTAGTGGATTA,B cell
E2L4_CACTGGGAGTGCGTCC,Naive CD4 T cell
L3_ATGAGGGGTTTGATCG,NK cell
E2L6_TCTCACGAGAACCGCA,Cytotoxic CD8 T cell
L1_CGAATTGTCGTTCTCG,Plasmacytoid dendritic cell
E2L8_GTCATTTCACAGTATC,Gamma delta T cell
L1_TCTTAGTGTCACTTCC,Hematopoietic progenitor cell
L2_TCATGTTGTCTAGTGT,Hematopoietic progenitor cell
E2L3_CTATCCGGTACCGTGC,Proliferating NK cell
L5_TCAAGCAGTGCATCTA,Naive CD4 T cell
L1_GTCTTTAAGGACAGTC,B cell
E2L4_ACAGCCGGTACTCCCT,B cell
E2L7_AGCCAATAGACGTCCC,B cell
E2L6_TGTGATGCACAACGTT,NK cell
E2L6_TTGGGTATCATGGAGG,Naive CD4 T cell
E2L2_GGAACCCGTATGTCTG,Low-quality cell
L2_ATCCTATTCCCTATTA,Proliferating NK cell
L3_CTTCGGTGTACGACAG,Naive CD4 T cell
E2L7_TCAAGCATCATTTCGT,Cytotoxic CD8 T cell
E2L1_CCGTTCATCTACCACC,CD14 monocyte
E2L7_GGAGGTACAATGAGCG,Plasmacytoid dendritic cell
L2_CCTCAGTGTCCCTAAA,Proliferating NK cell
E2L2_CCCTCTCCAGTTACCA,FCGR3A monocyte
E2L7_GTTAGTGTCTACTGCC,Naive CD4 T cell
E2L8_GGCTGTGCATAAGCAA,Naive CD4 T cell
L5_ATGCCTCTCGATTTCT,B cell
E2L6_GGTGTTAAGCAACTTC,CD1C dendritic cell
E2L1_AGCATCATCGATGGAG,Naive CD4 T cell
L1_TCACATTTCTCGTCGT,Naive CD4 T cell
E2L6_TGCTTCGCACGACGAA,B cell
E2L5_GGGTTTACAGGGTCTC,Naive CD4 T cell
L1_GGGAGATGTTGGGCCT,Naive CD4 T cell
E2L7_TGCGGGTGTTTGGCTA,Naive CD4 T cell
E2L4_ATGCATGCAGCTTCCT,FCGR3A monocyte
E2L4_TGTTCATGTCCGAAGA,Memory CD4 T cell
E2L1_CTGGCAGCACAGTCAT,B cell
E2L2_CAAGCTATCCGTGCGA,Memory CD4 T cell
E2L8_TTGTTGTTCTCTGCCA,FCGR3A monocyte
E2L6_TTTCAGTTCCCGGTAG,B cell
E2L1_GGTTCTCAGGTATAGT,Platelet
L1_GGTAGAGAGCACCGAA,Naive CD4 T cell
L1_TGAGGTTGTCGAGCAA,Hematopoietic progenitor cell
E2L7_TAGAGTCCACTAGGCC,CD14 monocyte
E2L1_CCAATTTCAAGAGATT,B cell
E2L6_CCAAGCGCACCTGCGA,CD1C dendritic cell
L2_CGGAGAATCTTAAGGC,CD161+ memory T cell
E2L2_ATTCATCCAAGGCCTC,Proliferating NK cell
E2L3_CCGGTGATCCTTGACC,Cytotoxic CD8 T cell
E2L7_TGAGGGAAGCGAGGAG,Cytotoxic CD8 T cell
E2L2_TAGTGCACACGTGTGC,NK cell
L2_ACCTGAACAACTAGAA,Cytotoxic NK cell
L5_AAAGAACCAGTGTGGA,Gamma delta T cell
E2L1_AGCCAGCAGCTGCCTG,Memory CD4 T cell
L2_ATTACCTCAGCTACCG,Naive CD4 T cell
L5_AACCTGAAGGATTTGA,Naive CD4 T cell
L1_GGGAAGTAGGTCGTAG,Naive CD4 T cell
E2L6_CAAGACTAGTGCGCTC,Naive CD4 T cell
E2L1_GCTGCAGTCAAAGGAT,NK cell
L5_TGCGACGCAAGCGCAA,Naive CD4 T cell
L1_CGGAACCTCCATACTT,NK cell
L5_GCAGCTGCAGCTTCCT,B cell
L4_AAGACAACACAGACGA,CLEC9A dendritic cell
E2L4_AGGACGACACGACTAT,Cytotoxic CD8 T cell
L2_GTTGAACCAAGTGCTT,NK cell
L4_TCACTCGTCATACAGC,Memory CD4 T cell
L5_AGAAGCGGTAGAATAC,NK cell
L1_GTTGAACAGCGTCTGC,Hematopoietic progenitor cell
L2_GGGTCACAGGAAGTCC,Hematopoietic progenitor cell
E2L1_TCGCAGGAGCGACTTT,CD161+ memory T cell
L1_ACGGTCGTCTCGTGAA,Erythroid cell
E2L1_TCGACGGGTATGATCC,Memory CD4 T cell
E2L5_ACCTACCAGTGAATAC,Cytotoxic CD8 T cell
L2_TAAGCCATCGGTGAAG,FCGR3A monocyte
L2_CCCTAACTCTCTTAAC,B cell
E2L1_TGGATGTGTTATAGCC,Cytotoxic CD8 T cell
L1_GTAGAGGAGGACACTG,Hematopoietic progenitor cell
L4_GGGCGTTCAAATACGA,Plasma cell
E2L2_TGATTCTGTGACTGTT,Proliferating NK cell
E2L5_TGTGGCGGTAATGATG,Cytotoxic CD8 T cell
E2L5_CGAGAAGGTTGACTGT,Plasmacytoid dendritic cell
E2L5_GCTACCTTCCTTCACG,Proliferating NK cell
L3_TGACAGTCATCAGCTA,Naive CD4 T cell
L2_TCTTAGTAGGCTTAAA,FCGR3A monocyte
E2L5_AGAGAGCCAGAGATTA,CD161+ memory T cell
E2L6_TTCGCTGGTCATTCCC,Platelet
L3_TGTAACGGTACGGGAT,Naive CD4 T cell
L2_CTGCCTATCACGATCA,FCGR3A monocyte
E2L6_CGAATTGCATTCTGTT,CD1C dendritic cell
E2L4_AACCCAAGTCTTCTAT,Proliferating NK cell
E2L7_TACTTACAGATGCCGA,CD1C dendritic cell
L2_TTTGGTTCATCATGAC,B cell
L5_GGAGCAACATCGAGCC,Memory CD4 T cell
L1_ATACCGACAACGAGGT,Naive CD4 T cell
L3_GAGTGAGGTAATGATG,Proliferating NK cell
L1_CAACCTCGTCGAGTGA,B cell
E2L4_TACCTCGGTACCTAAC,Memory CD4 T cell
E2L4_GGGAAGTAGTCATTGC,CD14 monocyte
L1_ATTCACTAGACCTTTG,Naive CD4 T cell
L2_TGCTCGTAGCACTCCG,Naive CD4 T cell
E2L2_CTTCGGTAGGGTGAAA,Cytotoxic CD8 T cell
L3_GTGCAGCTCGGCCCAA,Plasmacytoid dendritic cell
E2L3_AACCAACGTACAGGTG,Cytotoxic NK cell
E2L4_CCCTCAACAAGCCTGC,B cell
L5_TGATTTCAGTCTGTAC,Cytotoxic CD8 T cell
L1_TTCTTGACAATAACGA,Erythroid cell
L1_AGTAGTCAGTTGTCAC,CD161+ memory T cell
E2L1_ACTTAGGGTTGTCTAG,FCGR3A monocyte
L5_CACTGAACATGTTCGA,Cytotoxic CD8 T cell
L4_CAGCCAGCAGAAATTG,FCGR3A monocyte
L5_TTCTAGTGTGCTCTCT,Naive CD4 T cell
E2L2_TTGCATTTCCGGTAAT,Proliferating NK cell
L3_TCTTCCTAGACGGTCA,CD161+ memory T cell
L5_GGTAACTGTAACGATA,Proliferating NK cell
L5_GAGTTGTCAAGGCCTC,Naive CD4 T cell
E2L5_CACACAATCATATGGC,NK cell
L4_GTCGCGACAGAGACTG,B cell
E2L5_CAGGCCACAAGTGTCT,CD14 monocyte
E2L2_ATGGGAGGTATGGAAT,Memory CD4 T cell
E2L3_CAACGGCAGTAATACG,NK cell
E2L5_TAAGCACCATTCGGGC,B cell
L3_GTCATTTAGTAGAGTT,Naive CD4 T cell
E2L3_GAAGGACAGCCACCGT,CD1C dendritic cell
E2L6_CTCCCAACACACTTAG,Cytotoxic CD8 T cell
E2L8_GAAACCTAGCTAATCC,B cell
L1_TCAGTGAGTCTTCCGT,Proliferating NK cell
E2L3_CTATCTATCGCAACAT,GZMK+ CD8 T cell
E2L3_TGAGGAGTCCGTGGGT,Plasmacytoid dendritic cell
E2L6_CGGGCATTCGCATAGT,Cytotoxic NK cell
E2L8_TCCTCCCGTAGCTTGT,B cell
E2L8_TCAGTCCCAACCCGCA,B cell
L1_GAGATGGTCGTAACCA,Naive CD4 T cell
E2L7_GACCAATAGACTCAAA,Gamma delta T cell
E2L3_TTCTAGTCAACCACGC,Gamma delta T cell
L2_ATCGGATGTAGACGGT,Naive CD4 T cell
E2L6_ACTATTCGTTGCTGAT,Cytotoxic CD8 T cell
L2_GAAGCCCGTCTGCAAT,Memory CD4 T cell
E2L8_CTCCATGAGGCTTAAA,B cell
L4_ACGCACGAGCGTGAGT,CD1C dendritic cell
E2L3_ACTGATGAGGATACGC,B cell
E2L4_AGGAATACAAGTATCC,Plasma cell
E2L6_CTGCTCAAGCTCTATG,CD14 monocyte
E2L2_GTTAGACGTTATGACC,Naive CD4 T cell
E2L1_GTCCTCAAGTCCTGTA,NK cell
L2_GACTCTCTCCACAAGT,GZMK+ CD8 T cell
E2L7_TGTACAGAGAGCGACT,CD161+ memory T cell
L4_GTAGAGGAGATTCGCT,B cell
E2L6_TCAATCTAGGTCTTTG,Gamma delta T cell
E2L8_TGAGGGACAATACAGA,Cytotoxic CD8 T cell
L3_GATCAGTCAGTGTATC,Plasmacytoid dendritic cell
L1_TGGCGTGGTCCCACGA,CD14 monocyte
E2L6_TAAGCGTCACTCCTGT,Memory CD4 T cell
L5_CAGCCAGCATAATCCG,Memory CD4 T cell
E2L1_GTGGAAGAGGATATAC,Platelet
L1_CTAGGTATCGCCGAGT,CD161+ memory T cell
E2L3_CAGCAATTCGTAGGAG,Cytotoxic NK cell
L2_CTACTATGTGATCATC,NK cell
L2_TTCACGCTCCACACAA,Cytotoxic CD8 T cell
E2L1_GCAGCCAAGACTCTTG,Cytotoxic NK cell
E2L5_ACTTATCAGCTCTGTA,Cytotoxic CD8 T cell
L2_CACGTTCCATCCGGTG,Cytotoxic CD8 T cell
L4_CGAAGGACAAAGCACG,B cell
L1_AATGAAGTCGCAATTG,Naive CD4 T cell
L2_GGTTCTCTCCGCCTAT,B cell
L5_GTGTGATAGAAATTGC,Memory CD4 T cell
L5_AAACCCATCTTGGATG,CD1C dendritic cell
L1_CGTGATACACGACAGA,CLEC9A dendritic cell
L2_TTGTGGATCTCCAATT,Naive CD4 T cell
E2L1_ACTATGGTCTGATGGT,Memory CD4 T cell
L5_CATTCCGGTGAGATTA,CD161+ memory T cell
L5_TGTCCACGTTCTCTAT,B cell
E2L4_CTAGACAGTACTGGGA,B cell
E2L1_GGTAGAGTCCCATAAG,Cytotoxic CD8 T cell
L4_AAGCGTTGTAGCGTCC,CD1C dendritic cell
L1_CACCAAAGTCAAAGAT,Naive CD4 T cell
L1_TCAAGCATCGTAGTGT,Memory CD4 T cell
L2_CTGCATCCAAGACCTT,CD14 monocyte
E2L6_CCGTGAGTCATCGCCT,Cytotoxic CD8 T cell
E2L8_CTGAGGCAGATTAGTG,Cytotoxic NK cell
L4_GAGCCTGGTCTAGGTT,Naive CD4 T cell
L1_CGTAGTACAACGGCTC,Naive CD4 T cell
L4_GCAGGCTGTGCCGTAC,Naive CD4 T cell
L4_GTGAGGACAGTTAGAA,Naive CD4 T cell
E2L5_TCCCAGTCAAGACCTT,GZMK+ CD8 T cell
E2L8_TCTGGCTCACAGAGCA,CD1C dendritic cell
L1_TGTAAGCCAGCTACTA,Cytotoxic CD8 T cell
L2_TGTAACGGTGAAGCTG,NK cell
E2L3_TCCTAATCAACAAGAT,Memory CD4 T cell
E2L8_AAGGTAATCATTTGGG,Naive CD4 T cell
L2_CTCCCTCGTCCAAGAG,Plasma cell
L4_AGCGATTTCACGTCCT,B cell
L2_AATGGCTGTCGAATGG,B cell
E2L6_CTGCATCTCCGGACTG,B cell
E2L6_TGTAGACGTTCCGCTT,CD161+ memory T cell
E2L6_AACCATGAGGACATCG,CD161+ memory T cell
E2L1_TCAGCAACATGTCAGT,B cell
L4_GATGTTGTCGTTGTTT,Naive CD4 T cell
E2L6_CATGGTAAGTCGAAGC,Gamma delta T cell
E2L8_GTTACCCCAGAACCGA,Naive CD4 T cell
L5_GGATCTAAGTTCGCAT,Plasmacytoid dendritic cell
E2L2_GACTTCCTCGTTGTTT,B cell
E2L2_CAGAGCCCATGGGATG,NK cell
E2L2_GAAGCGACAATCTCTT,Proliferating NK cell
L4_ACGGTTATCAATCCAG,Naive CD4 T cell
E2L2_CTCTGGTGTCTCGCGA,CD161+ memory T cell
L5_CTCCCTCAGGAATCGC,Cytotoxic NK cell
E2L5_TACCGGGAGGTCACTT,Cytotoxic CD8 T cell
E2L1_GGAGATGGTACCATAC,B cell
E2L8_GTCAAACTCGAGAAAT,Plasmacytoid dendritic cell
E2L7_GAGATGGAGTGCACCC,Cytotoxic CD8 T cell
L1_GACCAATTCTCGGCTT,NK cell
L4_TTGGGCGCATGATAGA,Memory CD4 T cell
E2L1_GCCCAGATCGTGCTCT,Proliferating NK cell
L2_GACTCTCGTCCGCAGT,Naive CD4 T cell
E2L1_TTCCGGTCATGAATAG,FCGR3A monocyte
L1_AAGTACCGTGAGGAAA,Plasma cell
E2L2_CGTGAATAGTCACTCA,Plasma cell
E2L6_GGGACTCTCCAGTGTA,Cytotoxic CD8 T cell
E2L3_TTTCGATGTGGCGTAA,NK cell
E2L3_GTGAGTTCAGTTGTTG,Naive CD4 T cell
L3_AGGGCTCTCCGTGCGA,B cell
L1_CTGGACGGTGACTATC,B cell
L1_TGGTACACATGACACT,Naive CD4 T cell
E2L6_CCCGGAATCCTACCGT,Memory CD4 T cell
E2L1_TCGACGGGTGCCGAAA,Hematopoietic progenitor cell
L3_AGGCTGCTCCAGCAAT,B cell
E2L2_TGTTCCGCAAAGAACT,Memory CD4 T cell
E2L2_AAGCGTTGTAACATGA,Cytotoxic CD8 T cell
E2L7_TGGGAGACAGAACTTC,Naive CD4 T cell
E2L6_CTTACCGTCTCAGTCC,Proliferating NK cell
L1_TTGACCCAGATTGCGG,Naive CD4 T cell
E2L8_AATAGAGCAATTCTTC,B cell
E2L7_ATACCGACAACTTGCA,Cytotoxic CD8 T cell
E2L7_ACTGCAATCAGGCGAA,Proliferating NK cell
E2L1_ACATGCAAGACGCAGT,Plasmacytoid dendritic cell
L3_GGGTAGAGTTGTAGCT,Plasmacytoid dendritic cell
E2L1_GACTTCCGTCCATACA,CD14 monocyte
L1_CTAGACACAACTTGCA,Hematopoietic progenitor cell
E2L8_AAGACTCTCGCTCATC,CD1C dendritic cell
E2L5_GTAATCGCATGATGCT,CD161+ memory T cell
E2L8_CTATAGGTCCTTCTAA,FCGR3A monocyte
L1_GGAATGGCATACCAGT,CD161+ memory T cell
L2_TTCCGGTGTACTCGTA,CD14 monocyte
L2_ACGATCAAGTGAGCCA,Hematopoietic progenitor cell
L5_ACTTATCAGAAGCGAA,Naive CD4 T cell
L3_TGTAACGTCCTAAACG,CD161+ memory T cell
E2L4_TCGCTTGTCTGGGCCA,Platelet
E2L4_GAGTGAGCATCTTAGG,FCGR3A monocyte
L2_GTCATCCGTGGCGCTT,Hematopoietic progenitor cell
L2_CATAGACTCCAGCTCT,GZMK+ CD8 T cell
E2L5_GGCGTCACAGTCTTCC,Cytotoxic CD8 T cell
E2L6_TCCCACAAGCCATTTG,Cytotoxic NK cell
L2_CCGGTGAGTGCTGTCG,B cell
L4_ATCGTGACAAGCCTGC,CLEC9A dendritic cell
E2L8_TCCCACAAGGGTGGGA,Proliferating NK cell
E2L6_ATCGGCGCAGTTCACA,CD1C dendritic cell
E2L2_AGAACCTGTTATCTGG,Plasmacytoid dendritic cell
L5_CCCTGATAGAGAGTGA,CD161+ memory T cell
E2L2_TCAGTTTCACAGCCTG,Cytotoxic CD8 T cell
E2L6_CCTGTTGGTTAGGAGC,B cell
E2L8_CTACAGAGTGGATTTC,Plasma cell
E2L5_ATCCTATAGGCTGGAT,Cytotoxic NK cell
L5_CTACGGGCACGACGAA,B cell
E2L6_AGGGTGAGTGATATAG,FCGR3A monocyte
E2L3_CATCGTCCATTCACCC,Naive CD4 T cell
E2L8_TCTACCGCAAGAGCTG,Plasma cell
L5_GTATTGGCAGACTCTA,Naive CD4 T cell
E2L1_TGTTCATTCCACTTCG,Cytotoxic CD8 T cell
E2L7_CAGCCAGGTATTCCGA,Plasmacytoid dendritic cell
E2L7_CCTACGTCAACACTAC,B cell
L5_CGGAGAACATCTCAAG,Memory CD4 T cell
E2L3_AAAGTGAGTGACCTGC,B cell
E2L6_CGTTGGGGTATATGGA,Memory CD4 T cell
L5_GTGTTCCAGAAACACT,CD161+ memory T cell
E2L5_AACGAAAGTTCTCTCG,Memory CD4 T cell
E2L8_ATACTTCAGCACTCGC,Proliferating NK cell
L5_AAACCCAGTTCTAAGC,Hematopoietic progenitor cell
L2_GCTCAAATCCCGGTAG,Plasmacytoid dendritic cell
L4_CATCGTCAGGTCCCTG,CD1C dendritic cell
L3_ACCATTTAGTCACTGT,Cytotoxic CD8 T cell
E2L7_AATGCCAAGATGAAGG,Naive CD4 T cell
L5_GTGTCCTAGCGGGTTA,Naive CD4 T cell
L4_TTGCATTCATTAGGCT,Memory CD4 T cell
E2L2_TGACCCTAGATTGGGC,FCGR3A monocyte
L5_TAGATCGGTGCCGTTG,Naive CD4 T cell
E2L8_GTGATGTCACAGAGAC,CLEC9A dendritic cell
E2L4_TCCGTGTCAATACGCT,Cytotoxic CD8 T cell
E2L1_TAACACGGTGCATTAC,Memory CD4 T cell
E2L5_TTCTCTCCAAGTAGTA,Cytotoxic CD8 T cell
E2L5_CGAAGTTGTCCTGGTG,Proliferating NK cell
E2L5_CGTCCATGTTAGGGTG,CD161+ memory T cell
E2L1_TTCTCTCGTCTAGGTT,Cytotoxic CD8 T cell
E2L4_AATTTCCGTTGTGCCG,Naive CD4 T cell
E2L5_GACCCAGTCCCTCAAC,CLEC9A dendritic cell
E2L2_TGCTTGCCATGTACGT,NK cell
L5_TTCGCTGGTGCGGTAA,Naive CD4 T cell
L3_CGAGGCTAGCAGAAAG,Naive CD4 T cell
L4_GATTCTTTCCTCTCGA,B cell
E2L8_CTCATCGCATGTTTGG,Cytotoxic NK cell
L1_TGAGGTTCATTGCTTT,Hematopoietic progenitor cell
L4_ACGTAGTTCGCCAATA,CD1C dendritic cell
L4_CGGCAGTGTACAACGG,Cytotoxic CD8 T cell
E2L4_GACGCTGAGACTGTTC,B cell
L5_TTGCTGCAGACAGCTG,Cytotoxic NK cell
E2L6_TCGTGGGCACTAGAGG,B cell
E2L4_AGATCGTAGCTTCTAG,Cytotoxic CD8 T cell
E2L5_ACGTAGTCATCAGCAT,Memory CD4 T cell
L2_TTACAGGGTTCGGTAT,Erythroid cell
E2L4_AGACAGGAGGTAATCA,B cell
E2L6_CGAAGTTTCTGTAACG,Cytotoxic CD8 T cell
E2L2_CTTTCAACAAAGACGC,FCGR3A monocyte
L1_CCTCCTCGTCGGCACT,Naive CD4 T cell
E2L3_TCCTAATTCAGCGCGT,Plasmacytoid dendritic cell
L1_TGAGCATCACATTACG,Gamma delta T cell
E2L5_CATTCTAGTACTCGCG,GZMK+ CD8 T cell
L5_CCTCTAGGTGGATACG,CD14 monocyte
E2L3_CATTGAGCACGAGGTA,Cytotoxic CD8 T cell
E2L3_GTGTGATAGACTCTTG,B cell
L5_GTCGTAAGTGCTCTTC,Naive CD4 T cell
L3_GTGGGAATCATGAGGG,Cytotoxic CD8 T cell
E2L5_ACAGAAAGTGAGCCAA,NK cell
E2L5_GGGTGTCAGCTTTCCC,CD14 monocyte
E2L6_CGAGTGCTCCACTGGG,CD14 monocyte
E2L7_GAGTTACGTCATAAAG,Memory CD4 T cell
L2_TCCGAAAGTTTGAACC,B cell
E2L3_TCTGCCATCTTTCCAA,CD14 monocyte
E2L2_CACAACAGTGCAATAA,Plasmacytoid dendritic cell
L2_GTGACGCGTTGTGGCC,CD14 monocyte
L4_TCCACCAAGCTTACGT,Cytotoxic CD8 T cell
E2L2_CCCTCAATCCTTCTAA,B cell
L2_GCTTTCGAGTTGGAGC,CD14 monocyte
E2L7_TGTGATGCATGGTGGA,Cytotoxic CD8 T cell
E2L3_ATATCCTCAAATTGCC,CD161+ memory T cell
E2L1_TGGAGAGAGGTCACAG,B cell
E2L8_ATCGCCTCAAGTACCT,CD14 monocyte
L1_CAGATACTCTAACGGT,Cytotoxic CD8 T cell
E2L8_TTGGGTATCTCATTTG,B cell
L1_ATCACAGGTGTGTTTG,FCGR3A monocyte
E2L4_CGGAACCCACTGTGAT,CD1C dendritic cell
E2L8_GGGATGACATAGCTGT,Memory CD4 T cell
L5_TCACTCGGTAGTTCCA,GZMK+ CD8 T cell
E2L5_TACCTCGAGTCATACC,Erythroid cell
E2L7_ACATTTCCAAAGGCTG,B cell
L5_CTCCCAAAGTACAGAT,CD161+ memory T cell
E2L1_AGACACTGTAACTGCT,Proliferating NK cell
L5_CGGAGAAAGAATCCCT,Hematopoietic progenitor cell
L5_AACCTGATCTGATGGT,NK cell
E2L3_CGGACACTCACGGTCG,Cytotoxic NK cell
E2L6_GTCCTCAAGAGGGTAA,Memory CD4 T cell
L4_GACATCACAAACACCT,Cytotoxic CD8 T cell
E2L4_GTACAACGTCAATCTG,Cytotoxic CD8 T cell
L4_ATGTCCCTCCGCAAAT,Memory CD4 T cell
E2L5_CTTACCGCAGGAGACT,CD1C dendritic cell
E2L7_CAATACGTCTACGGGC,B cell
E2L7_GTAAGTCGTGAGTAGC,Cytotoxic CD8 T cell
E2L1_GGAGGATAGGTCCCTG,Cytotoxic CD8 T cell
L3_CGTGAATTCTTGCGCT,Naive CD4 T cell
E2L5_TTGAGTGTCGCTGACG,Cytotoxic NK cell
E2L4_TAACTTCTCAAGCGTT,FCGR3A monocyte
E2L7_CACTGGGAGACTTCGT,B cell
L5_CAGCGTGGTCTACTGA,GZMK+ CD8 T cell
E2L5_GGCTGTGTCGAGAACG,GZMK+ CD8 T cell
L2_GGGAAGTTCTCATTAC,Plasmacytoid dendritic cell
L3_AACGTCACAACATCGT,FCGR3A monocyte
L2_AACAAGACAGAGCGTA,Plasma cell
L3_CGTCAAAAGTAGATCA,Plasma cell
E2L6_GTAGAGGGTGGATCGA,B cell
E2L3_GGGAAGTGTAATGCGG,NK cell
E2L7_GTAATCGCAGAGCTAG,Cytotoxic NK cell
L2_GTTAGACAGACCTCCG,Naive CD4 T cell
L5_GAGAGGTCACCAGCTG,Naive CD4 T cell
L5_TCGGGTGCACCCTTAC,Memory CD4 T cell
E2L4_AATTCCTCAACGACTT,Cytotoxic CD8 T cell
E2L4_GTTGCTCCACACCAGC,Cytotoxic NK cell
E2L3_CATAGACCACTGTGAT,NK cell
E2L4_CGGGTCAAGGAACTCG,B cell
E2L1_ACGTTCCGTCAAGCCC,NK cell
L5_ACAGAAACAGGACTTT,Memory CD4 T cell
L3_ACCCTCAGTCCGTTTC,Naive CD4 T cell
L5_GCTACCTTCGTTAGAC,Memory CD4 T cell
L2_TTCGGTCCACAATTCG,Naive CD4 T cell
E2L3_AGTGACTGTGGCTAGA,NK cell
L1_TCTTAGTAGGGATGTC,FCGR3A monocyte
E2L4_TGGCGTGTCGTTGTAG,B cell
L3_CCGCAAGCAAGGTCTT,Naive CD4 T cell
E2L5_ACCAACAGTGGCTTGC,B cell
L1_TTCCGTGGTCGTCAGC,Hematopoietic progenitor cell
E2L7_GCCAGGTTCGTCCTCA,B cell
L5_AAGCATCAGCTTTGTG,CD1C dendritic cell
E2L1_GGAACCCCAAGGTCAG,Memory CD4 T cell
L1_TGCCGAGGTCGGATTT,Hematopoietic progenitor cell
L3_CTGCAGGAGCTAAATG,Memory CD4 T cell
E2L6_GAAATGAGTGGGCTTC,Cytotoxic NK cell
L1_CAAGCTAGTGCATGTT,CD161+ memory T cell
L1_GGGCTCACACTACCCT,Memory CD4 T cell
E2L4_GAGAGGTAGGTCCGAA,B cell
E2L7_TGACCCTGTGGACTGA,Naive CD4 T cell
E2L7_TTACGCCTCTGGGTCG,CD161+ memory T cell
E2L5_TTCACCGAGGATTTCC,CD14 monocyte
E2L4_AGACACTCACAACGTT,CD1C dendritic cell
E2L2_CGGGTGTAGAACTGAT,CD1C dendritic cell
E2L8_CACCGTTAGACTCTAC,Proliferating NK cell
E2L8_GGGAAGTCAGGTTTAC,NK cell
E2L7_TGTCAGATCACGACTA,FCGR3A monocyte
E2L5_TATCTTGCACTGGAAG,Memory CD4 T cell
L4_TATTGCTCAGACAAAT,Naive CD4 T cell
L3_TAGGGTTTCATGCCCT,Hematopoietic progenitor cell
E2L5_CGGAATTTCCGTGTCT,B cell
L2_CGAGTTATCAGGAACG,Naive CD4 T cell
L2_AGACAAACAGTGGGTA,CD1C dendritic cell
L2_TGAGTCAGTGATACCT,Hematopoietic progenitor cell
E2L2_CTCGAGGCAAAGCAAT,NK cell
L1_AGTTCCCAGCAGCCTC,Naive CD4 T cell
E2L6_TAGATCGAGACGCCCT,Plasmacytoid dendritic cell
L5_CTCTCAGCAGCTCGGT,Naive CD4 T cell
E2L8_TATTTCGAGAGGGTGG,Cytotoxic CD8 T cell
E2L5_CAGGCCAGTCCGTTTC,Naive CD4 T cell
L1_CGAGTGCGTAGGCTCC,CD161+ memory T cell
E2L4_AGACCATAGACGCCAA,NK cell
L2_AAGCCATTCTCCCATG,Naive CD4 T cell
L1_CTGCTCAAGCTTTCCC,Naive CD4 T cell
L3_AGCGATTCAAGTGCTT,Memory CD4 T cell
L1_ACACTGAAGCAGGGAG,GZMK+ CD8 T cell
E2L6_CGTTCTGGTTCGGACC,Plasmacytoid dendritic cell
L5_GATGACTTCAAGTGGG,Cytotoxic CD8 T cell
E2L3_TTCTAACAGTTTGGCT,Cytotoxic CD8 T cell
E2L6_GGTAATCCACCGGAAA,B cell
L1_GAAGTAACACTAGTAC,Platelet
