barcode,cell_type
L3_ACCGTTCCACATATGC,Proliferating cells
E2L7_GACCAATCAGAGCTAG,FCGR3A+ Monocytes
E2L2_TCCGAAAAGAAGCTGC,Platelets
E2L4_TAATCTCGTAGAGATT,CD14+ Monocytes
L5_TATTGCTTCGCTAATG,CD4+ T cells
E2L3_GTAGATCCAACCGACC,FCGR3A+ Monocytes
L3_TCCGATCGTGTTTACG,Erythrocytes
L3_TTAGGCACACACCTGG,CD4+ Naive T cells
E2L4_TCGATTTTCTGCTTAT,B cells
E2L5_CGGGTGTTCAACTGAC,CD4+ Naive T cells
L2_CAGCACGTCGAGTCTA,CD4+ Naive T cells
E2L6_GACTGATTCCGTAGGC,Proliferating cells
L1_TTAGTCTCATCAGCTA,CD4+ Naive T cells
L1_CTAGGTAGTAGATGTA,Plasmacytoid Dendritic Cells
E2L1_TGACGCGGTTAAGACA,B cells
E2L5_CAGCAGCTCAAGTTGC,CD4+ Memory T cells
L2_CGTAGTATCGCAGATT,Proliferating cells
L5_CTTGATTTCAGCTAGT,Conventional Dendritic Cells
L1_AGAACAAAGGAACGCT,CD4+ Naive T cells
E2L1_CGAGGCTTCTGCGGAC,CD4+ T cells
L4_GGGTCACTCGATAACC,CD4+ Naive T cells
E2L6_GATTTCTGTGAATGAT,B cells
L1_GTTCCGTGTACCGGAA,Proliferating cells
L2_TGGGAGAGTTCGTGCG,HSPCs
E2L1_CTCATTAAGGTCATCT,CD14+ Monocytes
E2L6_CCCTCTCTCGACCACG,B cells
L5_TACGTCCAGAGAGCCT,Conventional Dendritic Cells
E2L5_AAAGGATCACTCCTGT,CD4+ T cells
L1_ACCCTCAAGGTCCAGA,CD8+ T cells
E2L1_GTAACCATCACGGACC,CD4+ T cells
L1_GTAGTACTCTTCTAAC,CD4+ Naive T cells
L2_TATCCTATCCCTGGTT,Conventional Dendritic Cells
E2L1_ATTGTTCAGTATTCCG,CD14+ Monocytes
E2L6_ATCGCCTAGGCTCAAG,Platelets
L2_TCCTCCCTCCGCGATG,Proliferating cells
E2L2_ACGGAAGAGATGTTGA,CD4+ Memory T cells
L5_GATGTTGGTACGAGTG,CD4+ Naive T cells
L5_ATCCATTTCACAAGGG,FCGR3A+ Monocytes
L4_GATTCGAGTAGTCTGT,CD4+ Naive T cells
E2L2_TATCTGTCACCGTGGT,CD4+ Memory T cells
E2L6_AGGGTTTCACAGGATG,NK cells
L5_TCTTAGTCATATCTGG,CD4+ T cells
E2L5_CAGATACAGCCTGAGA,CD4+ Memory T cells
E2L5_CAACAGTTCGGACTGC,Proliferating cells
E2L8_GGCGTCAGTACCTTCC,CD8+ T cells
L2_AACAACCGTAGACGTG,T cells
L3_GCACGGTGTCGACTGC,CD4+ Naive T cells
E2L5_AGGTCTATCAGTGTGT,CD14+ Monocytes
E2L4_CTGCCTAGTACCTAGT,Platelets
L2_GAGCTGCGTCGAGCAA,CD8+ T cells
L5_ATCATTCAGAAGGGAT,CD4+ Naive T cells
E2L8_TAAGCCACACACCTGG,Plasmacytoid Dendritic Cells
E2L4_TAACGACCAAGCTCTA,T cells
E2L8_TCATTGTTCGTTGCCT,T cells
E2L7_CTACCTGAGTCGCGAA,FCGR3A+ Monocytes
E2L2_TAGGGTTAGCACTAAA,CD14+ Monocytes
L2_TGGTACAGTGTATCCA,HSPCs
L4_GGAACCCAGCTCCACG,NK cells
E2L6_CTCGAGGTCTAAGCCA,FCGR3A+ Monocytes
L5_TCGCTTGTCTTACCGC,CD14+ Monocytes
L3_CGTAATGAGTACTGTC,NK cells
E2L4_TTGGTTTAGTATGGAT,Conventional Dendritic Cells
E2L3_AGGTCATAGCATCAAA,CD4+ Memory T cells
L4_TCTGGCTCATAATGCC,CD4+ Naive T cells
E2L1_TGACGCGTCCACACAA,CD8+ T cells
E2L3_CTCTCGAGTCCTTAAG,CD8+ T cells
E2L6_CCGTAGGAGGCAGGGA,CD4+ T cells
E2L2_AAAGTGAGTCTGTGAT,Proliferating cells
L1_GATCACATCAAGGAGC,CD4+ Naive T cells
E2L3_GAGTTACTCACATCAG,Plasma cells
E2L4_ATGCCTCGTTCGGCGT,CD8+ T cells
E2L8_GTACAGTGTAGCACAG,Proliferating cells
E2L8_ACTGTCCAGCTATCTG,CD8+ T cells
L5_AGGATCTAGATCACTC,Proliferating cells
L1_GGGATCCTCCCTCTCC,CD4+ Naive T cells
E2L3_AGGATAAAGCGACTGA,Plasmacytoid Dendritic Cells
E2L4_GGAATCTGTCGTCTCT,Platelets
L5_CACAACATCGTGCGAC,Conventional Dendritic Cells
L5_CTACCCAAGCGTGCTC,B cells
E2L5_GTTTACTTCTCACTCG,CD14+ Monocytes
E2L7_ACCCTTGGTGCTTCAA,Proliferating cells
L1_CGTTAGATCTGGTGGC,CD4+ Naive T cells
E2L4_CGTCCATCATCCGGTG,CD8+ T cells
E2L1_TCCGGGAAGTCATGCT,Plasma cells
E2L4_TGAGACTAGAATTTGG,B cells
E2L1_ATCTCTAAGCACACCC,T cells
L2_TGTTTGTTCACTTCTA,CD4+ T cells
E2L7_AGCTCAACACACAGAG,CD4+ T cells
L5_CTCCGATGTAGAGTTA,Erythrocytes
L5_GCTGAATCATGATGCT,CD4+ T cells
E2L2_CAGGCCATCTATTTCG,CD4+ Memory T cells
E2L3_GTGCACGCAGTTTCAG,CD8+ T cells
E2L7_TCATTCAAGGACGGAG,CD4+ Memory T cells
E2L2_TGAGGTTAGTGTTGTC,FCGR3A+ Monocytes
E2L3_GTAGCTACATCAGTCA,Proliferating cells
L1_AGGAAATTCCACGTCT,CD4+ Naive T cells
L3_AATCGACTCCGATAAC,CD4+ Naive T cells
E2L3_CTTCTAACACAATTCG,Proliferating cells
L3_CATAAGCAGAGGGTGG,CD4+ Naive T cells
L1_TCATCCGAGTATCTGC,CD4+ Naive T cells
E2L7_CACGTGGTCTCTGGTC,Platelets
E2L1_TCTCACGTCATTTACC,NK cells
L2_CCTATCGGTATCTCTT,Erythrocytes
E2L1_CGTGATAAGGATTCCT,B cells
L4_TAAGCACAGGCAGGGA,B cells
L5_CACTGAAGTTCGTTCC,B cells
E2L3_TTTGACTCAAGAGGCT,Conventional Dendritic Cells
L3_TCAATCTTCGTGGCGT,HSPCs
E2L2_GCATCGGCAGGGTCTC,B cells
L5_AGGGTCCCAGACGGAT,CD4+ Naive T cells
L2_CCAATGATCATCGCTC,FCGR3A+ Monocytes
L5_TCGATTTCAAATTAGG,Plasma cells
E2L4_TAAGCCACAAGAGATT,B cells
L5_TGTAACGAGATGGGCT,CD8+ T cells
E2L6_GCGATCGCAATACGCT,NK cells
L4_CTACCCACAGAGAGGG,CD8+ T cells
E2L3_TCGGTCTGTCGCTCGA,Proliferating cells
L4_ATGGGAGCATCTGGGC,CD4+ Naive T cells
L4_AGTCACAGTGTTCGAT,Proliferating cells
L4_ACTGATGGTAAGATCA,B cells
L1_TGTAGACGTAGTGCGA,CD4+ Naive T cells
E2L8_AGGTGTTCAACTACGT,CD4+ Memory T cells
E2L2_ATGAGTCTCTTCGACC,CD14+ Monocytes
E2L8_CTGTAGACAGATAAAC,CD4+ Memory T cells
E2L2_GGGTCTGAGAATCGCG,CD8+ T cells
E2L6_GGTCTGGAGTAGTCTC,CD4+ Memory T cells
E2L4_AGCTCAATCTGTCGTC,CD4+ Memory T cells
E2L2_AGAGAATTCATGGATC,B cells
E2L7_CTCAACCAGCCATGCC,Proliferating cells
E2L3_CTCGAGGTCGCTAAAC,CD8+ T cells
E2L5_GAGGCAAGTACTCGCG,Platelets
L5_ACACAGTTCACGGTCG,CD8+ T cells
L3_CTCCGATCAGGACGAT,Erythrocytes
E2L5_TGCTTCGCACAACGTT,CD8+ T cells
L3_ATCGTGAAGTCAAGCG,HSPCs
E2L4_ATTCGTTGTGGACTAG,Platelets
E2L7_AGGGTCCGTCACTTAG,CD4+ Memory T cells
E2L2_GTTGAACCACCGTACG,NK cells
E2L4_AGTAACCAGAGTCTTC,B cells
L2_TACTGCCTCATAGACC,CD14+ Monocytes
L3_TGTCCACTCTGGGCCA,Plasma cells
E2L7_CACTGAATCCATAAGC,CD4+ Memory T cells
L4_TGTTTGTCAGTCAACT,B cells
E2L5_TACTTGTCATGGGATG,FCGR3A+ Monocytes
E2L6_ATTCGTTAGAACTCCT,Plasma cells
L2_GCAGGCTTCAGCCTCT,CD4+ Naive T cells
L4_TCGATTTCATGACACT,CD4+ Memory T cells
E2L2_GTCTGTCAGTTACGAA,CD4+ Memory T cells
E2L7_CACACAACACTGGATT,Plasmacytoid Dendritic Cells
E2L7_TTTCACATCGCCTTTG,NK cells
L5_AGGTTGTCATGCACTA,CD4+ Naive T cells
E2L2_GGAACCCGTTCTCCCA,NK cells
L1_ACTTATCTCGCCTTTG,Platelets
E2L3_CGTTGGGCAGCGTTGC,Plasma cells
L1_TCGGATAAGGCTTAAA,Proliferating cells
E2L6_TTGTTCAGTTATGTCG,Platelets
E2L3_GTAACACAGGGAACAA,CD4+ Memory T cells
L2_GTTGTGAAGCATATGA,CD4+ Naive T cells
E2L5_TTCATGTTCCGAGTGC,FCGR3A+ Monocytes
L4_ATAGAGACAGGAGGAG,CD8+ T cells
L1_ATTTCACTCACAAGGG,Proliferating cells
E2L7_GCCCGAACACAGTATC,NK cells
L4_TTGACCCCAAGTTTGC,Plasma cells
L1_CAGCCAGGTTGTGTTG,CD4+ Naive T cells
E2L6_ACACCAATCTCAGTCC,Plasmacytoid Dendritic Cells
L4_CCGAACGAGTCATTGC,Plasma cells
L5_CTCCAACGTTATCTGG,CD4+ Naive T cells
L1_GTTACCCTCAGGACGA,CD14+ Monocytes
E2L1_GCAGTTACAAGGCAAC,B cells
L3_ATCACAGCATTGAGCT,Proliferating cells
L4_CACATGAAGACATCAA,HSPCs
E2L8_TAGTGCAAGCGTACAG,Platelets
E2L6_TCGGGTGTCCATATGG,CD8+ T cells
E2L8_TTTACCAAGTTTCAGC,NK cells
E2L3_GGAGAACTCTGAGATC,B cells
E2L3_TGCGACGGTCTTCCGT,CD8+ T cells
E2L4_TATGTTCCATTCCTAT,B cells
E2L4_ACGATCAAGGCAGTCA,CD4+ T cells
L2_GTTTACTGTCTCGGAC,CD8+ T cells
E2L1_CGCGTGAGTCTCAGAT,B cells
L1_GTGAGGAAGGAATCGC,NK cells
E2L6_TGAGTCACACGTCATA,B cells
E2L3_GCCCGAACAGGCCCTA,CD4+ Memory T cells
L3_CGTGTCTTCGGTCATA,CD4+ T cells
L2_AGTAGTCAGTGCCCGT,CD8+ T cells
E2L5_CCTCTCCGTACAGTCT,CD14+ Monocytes
E2L2_CACTTCGGTTGCCGAC,Conventional Dendritic Cells
L3_CGTGAATAGTGGTGAC,NK cells
E2L2_CTAACTTGTTGTGCAT,Platelets
L1_AGCGCTGTCTAGTGTG,Proliferating cells
E2L3_CAATGACAGGCATTTC,Proliferating cells
L3_ACATCGAAGCATATGA,NK cells
L1_TTCCGGTTCAAGAGTA,CD8+ T cells
L4_CAGTTAGAGCGCCATC,CD4+ Naive T cells
L3_CTGGACGAGGTTGAGC,CD4+ Naive T cells
L3_CACGGGTCAGCTGAGA,CD4+ Naive T cells
E2L1_GTCGCGAAGTAATTGG,Plasma cells
E2L8_TGGTACACAAGCCTGC,Proliferating cells
E2L1_CCACGTTCATTACTCT,FCGR3A+ Monocytes
E2L8_ACGGAAGTCCGTGTAA,CD8+ T cells
L2_TCAAGTGCATGCGGTC,CD8+ T cells
E2L5_GCTGCAGTCTTACCGC,Erythrocytes
E2L2_ATTCTTGGTTTACTTC,CD14+ Monocytes
L1_AGGAGGTAGGGCCTCT,B cells
E2L5_GTCTACCAGTGGTGAC,CD4+ Memory T cells
L1_CTGCCTACAAGCGATG,Plasmacytoid Dendritic Cells
L4_TTGTGGACACGCGTCA,CD4+ Naive T cells
E2L3_TTGGGATGTCATAGTC,CD4+ T cells
L4_TGAGCATGTATGGAGC,CD4+ Naive T cells
E2L5_TCGGGCAAGCGACTAG,B cells
E2L3_TAGGTTGCACATGGTT,Platelets
E2L5_GGGTCACCAGCAGACA,Plasmacytoid Dendritic Cells
E2L7_CCTTTGGGTCACCGAC,CD4+ Memory T cells
E2L6_AAACGCTCAAATGATG,FCGR3A+ Monocytes
E2L8_CCCTCTCAGTGGCCTC,NK cells
E2L2_AGGACTTAGCGCCTTG,B cells
E2L2_AGGTTACAGGGTCACA,NK cells
E2L4_TCATTGTGTCCTTTGC,CD4+ Memory T cells
L1_CCCAACTTCATTGAGC,CD8+ T cells
E2L1_TATCGCCGTGATGAAT,CD4+ Memory T cells
E2L3_AATGGAAGTCGAGATG,Proliferating cells
E2L6_ACATGCACACTCTAGA,B cells
E2L1_CTTACCGTCATATGGC,CD4+ Memory T cells
E2L4_TCGTCCAAGCGATGGT,CD14+ Monocytes
E2L2_TCCACCAAGTGTTCCA,CD4+ Naive T cells
E2L2_ACACCAACATGACAGG,Platelets
L1_TAGTGCAGTGTCCAAT,CD4+ Naive T cells
E2L8_ACTATCTAGAAACCCG,CD4+ Memory T cells
L4_TGACAGTGTGATAGAT,FCGR3A+ Monocytes
L1_GCCAGGTGTCTTTCAT,CD8+ T cells
E2L7_AAATGGACAAATCAGA,CD14+ Monocytes
L3_TCCACGTGTGGGAGAG,Plasma cells
E2L2_TGCACGGTCAGTCAGT,CD4+ Memory T cells
E2L4_GTTATGGCAAGAAACT,B cells
L1_AGACCCGTCCGTATAG,CD8+ T cells
L2_GTGGAAGGTGGATCAG,CD4+ Naive T cells
L2_TATTTCGGTGCAGTGA,B cells
E2L7_CCGCAAGAGTAAGACT,Proliferating cells
L3_TGGTGATTCTCATGCC,CD4+ Naive T cells
E2L6_TACAGGTTCCGCACTT,CD14+ Monocytes
L5_TGAGGAGGTTCTCGCT,NK cells
L1_TTAGGCACATCGTGCG,Plasmacytoid Dendritic Cells
L4_TGCACGGTCCTACGGG,CD4+ Memory T cells
E2L5_CGCAGGTGTCTGCGCA,FCGR3A+ Monocytes
L1_ACTATTCTCTAAGGAA,CD4+ T cells
E2L8_ACATGCAGTCGAAACG,NK cells
L1_CTGTATTGTATCCCAA,Conventional Dendritic Cells
L1_GTAGGTTAGGAAAGGT,T cells
L2_GGGCCATCATGGAGAC,CD8+ T cells
E2L3_AGGGAGTAGGTCGCCT,NK cells
L5_GGGTGAACATATTCGG,NK cells
E2L7_TGATGGTTCACGGTCG,NK cells
E2L6_TAAGTCGAGGGCAATC,NK cells
E2L4_GGCTGTGAGCAGGTCA,B cells
E2L6_TACGGGCTCACGACTA,CD14+ Monocytes
E2L4_CTACATTAGGGATCAC,Proliferating cells
L1_GGGTCACCACCTGCTT,CD4+ Naive T cells
E2L6_AGTGATCCAGGTCAGA,FCGR3A+ Monocytes
E2L7_GTCACGGCAGGGATAC,Plasmacytoid Dendritic Cells
E2L7_TCGATTTGTGCCTTCT,CD14+ Monocytes
L4_CACTGTCAGAGATGCC,CD4+ Naive T cells
E2L5_CACGTGGAGGAAAGGT,Conventional Dendritic Cells
L1_ACCAAACCAACTGGTT,CD8+ T cells
L2_CCACGTTCAAGTATCC,CD4+ Naive T cells
E2L3_AGGAAATAGACATCAA,NK cells
E2L1_GCCATTCCACCAACAT,CD4+ Memory T cells
L3_CCTGTTGGTTCTCCCA,Plasma cells
L3_TCGCACTGTAGTCCTA,CD4+ Naive T cells
L2_TGTCAGAGTGGGACAT,CD4+ Naive T cells
E2L4_ACTATTCTCCGCCTAT,Plasmacytoid Dendritic Cells
E2L2_TCCCATGAGGCCCACT,B cells
L2_TACTTCAAGCTGTTAC,HSPCs
E2L1_CCTCAGTGTCGTATTG,CD14+ Monocytes
L1_GTTTACTGTTTACCTT,FCGR3A+ Monocytes
L3_CAAGAGGTCGACTCCT,CD14+ Monocytes
E2L3_TCGGTCTTCGCAGAGA,CD4+ Memory T cells
E2L8_GTAGAGGAGTCATGGG,B cells
E2L5_ATTCATCCAGGCGAAT,Conventional Dendritic Cells
E2L2_TTACCGCGTTCTAACG,CD14+ Monocytes
L5_TCATGGACAGTAACCT,FCGR3A+ Monocytes
L4_GATCACATCGCGTAGC,B cells
E2L3_TTTGTTGAGGATACGC,Proliferating cells
L1_GCGATCGAGGCACTAG,Plasma cells
L1_TCACGCTAGCATCGAG,HSPCs
E2L2_TTCCTCTTCGGACTGC,CD4+ Memory T cells
L4_TCGAAGTAGACCATTC,CD14+ Monocytes
E2L6_TGCTGAAGTTGCCGAC,CD4+ Memory T cells
E2L8_GGTAACTAGAGCCGTA,CD4+ Memory T cells
E2L5_GTCCTCACAAGCGGAT,CD4+ Memory T cells
E2L6_GGAGATGTCTGCACCT,CD4+ T cells
E2L5_AAGGAATTCTGAGCAT,Conventional Dendritic Cells
E2L8_GATGACTTCTAGTACG,CD14+ Monocytes
L5_GGGAGATAGTGGAAAG,CD4+ T cells
L1_AGAAGTACATGTCTAG,Plasmacytoid Dendritic Cells
L2_TGATTTCAGTGAGGCT,NK cells
E2L5_AATTTCCAGGAACGTC,CD4+ Memory T cells
E2L6_GTGTGATTCGCTCCTA,T cells
E2L2_TGTCCACGTGAATATG,CD4+ Memory T cells
L5_TGAGGTTGTGTTGAGG,CD14+ Monocytes
E2L8_GCACATAAGTCATCCA,CD14+ Monocytes
L5_TCCTAATAGTAAGCAT,Plasma cells
L5_CTTACCGAGGAAGTCC,CD4+ Naive T cells
E2L5_TCGATTTGTGTAACGG,CD8+ T cells
E2L7_CAACAGTAGTAAACAC,Platelets
E2L1_TAGAGTCTCCTTCGAC,NK cells
L4_CTGTGGGCACAACATC,CD4+ Naive T cells
E2L1_CACAGGCCACGACTAT,Plasmacytoid Dendritic Cells
E2L7_TTACCATCAATGCTCA,NK cells
L1_TCGACGGCACAGACGA,CD4+ Naive T cells
E2L7_GGTTGTATCCGATTAG,CD4+ Memory T cells
L3_AGCTTCCAGAAACCAT,CD4+ Naive T cells
E2L2_CTCCATGCATTACGGT,B cells
E2L7_ACCAACATCCATATGG,Plasma cells
E2L7_GTCTCACAGACGCCAA,CD4+ T cells
E2L3_CTCAGAATCGTTAGTG,CD4+ Memory T cells
E2L4_GGATCTATCTCGCAGG,B cells
E2L5_GCACATAAGCGGGTAT,NK cells
L5_GATGCTAAGAGTCACG,CD4+ Naive T cells
L4_CTCCCTCCAACTTCTT,CD4+ Naive T cells
L4_CCTCTCCAGGTCATCT,CD4+ Naive T cells
E2L7_GAGGCAACAAATTGCC,Plasma cells
E2L4_GACGCTGTCAGCCCAG,CD8+ T cells
E2L5_TTCCTAACATATCTGG,FCGR3A+ Monocytes
E2L6_ATAGAGAAGCCGTCGT,CD4+ Memory T cells
L1_TGCAGTACATCCGCGA,Proliferating cells
E2L2_CAACAACTCGTCAGAT,CD14+ Monocytes
E2L1_CCTGTTGTCCGTGGTG,NK cells
L4_GTGTAACGTGTCTTCC,Conventional Dendritic Cells
E2L6_TCGTGGGAGTTTAGGA,Plasma cells
L3_ACAACCAGTTTCCCAC,CD4+ Naive T cells
L3_TATCTTGAGGTTCAGG,CD14+ Monocytes
L5_CCGTTCAAGCATCAAA,NK cells
L4_GAAGGGTTCCGTGTAA,CD4+ Naive T cells
E2L5_ATCCACCGTTCTCGTC,Plasma cells
E2L4_CGAAGTTGTCGGATTT,CD14+ Monocytes
E2L2_ACGGAAGAGACTCAAA,CD4+ Memory T cells
E2L2_ACTATTCGTCAGTCCG,B cells
L5_AACCCAATCTAGACCA,Plasma cells
L2_TGACTCCTCGACTCCT,CD4+ Naive T cells
E2L4_TGCAGTAGTACCCAGC,B cells
E2L4_CCGATGGAGGGATCTG,NK cells
E2L8_TTACCATAGTCCCTAA,B cells
E2L7_TGGTTAGAGCTAGAAT,Conventional Dendritic Cells
L2_GACCCTTGTGGAATGC,CD14+ Monocytes
L3_ACACGCGCACGACAGA,CD14+ Monocytes
L2_CCTGCATGTTCAGCGC,FCGR3A+ Monocytes
L3_ATCACTTAGCCGAACA,CD4+ T cells
L1_ACAACCATCAGATTGC,CD4+ Naive T cells
E2L6_TGTTCATAGTCCCTAA,FCGR3A+ Monocytes
E2L4_CCAATGAGTTATCTTC,CD14+ Monocytes
L1_CTACATTGTATGCTAC,FCGR3A+ Monocytes
L4_AACCTTTTCAGCACCG,B cells
E2L7_CATGCGGGTAGCACAG,CD14+ Monocytes
L3_TCCTGCAAGGCCACCT,Plasma cells
L4_CGTGTCTCATTCACCC,B cells
E2L3_GTTTACTAGGATACGC,B cells
L2_CAAGACTTCTTCTGGC,Proliferating cells
E2L7_GAAGCGACACTCCACT,CD4+ Memory T cells
L4_AAATGGAGTTCAATCG,CD4+ Naive T cells
E2L4_GATTCTTGTAACGGTG,CD14+ Monocytes
E2L8_TTGGGCGTCCGAAATC,CD4+ Memory T cells
L1_ATACCGAGTCGACTGC,FCGR3A+ Monocytes
E2L3_AGAGAATCATACTGTG,Platelets
E2L8_CTCCCTCGTGCGACAA,NK cells
L3_AGGAGGTCATGGCGCT,CD8+ T cells
L5_TCGCAGGCAAGCACCC,Plasma cells
E2L5_CCTCCAAGTAACACCT,CD14+ Monocytes
E2L6_CACCAAATCCTCTAAT,CD4+ Memory T cells
L2_GGAACCCAGGCAGGGA,Platelets
L5_AATGGAAAGTCATACC,FCGR3A+ Monocytes
E2L3_CACGTTCTCTGCTGAA,T cells
L5_ATCGGATAGTAGCATA,NK cells
E2L8_AGAGCAGAGTTGTCGT,Erythrocytes
E2L1_TACCTGCGTGAGCAGT,Plasma cells
E2L6_ATCGGATTCAGTCCGG,B cells
E2L2_CCTACGTGTCAACACT,CD4+ Memory T cells
E2L2_ATAGGCTTCCCTCATG,Proliferating cells
E2L2_AATTCCTCACCTCTAC,CD4+ T cells
E2L1_GGGAAGTCACAGCCAC,Proliferating cells
E2L4_CGAAGGACAGAACGCA,CD4+ T cells
E2L1_TTCTGTAGTAGTCGGA,CD14+ Monocytes
L4_AGTACCACAAATGAAC,CD4+ T cells
E2L1_TGGGAGATCAGCAATC,B cells
L1_CGGAATTCACAACGAG,B cells
L2_ATAGGCTTCGGCAGTC,B cells
L2_GATGAGGCAGGCGAAT,CD4+ Naive T cells
E2L6_TCTCAGCGTCCAGAAG,CD14+ Monocytes
E2L3_CATGCAAGTACTGCGC,CD14+ Monocytes
L5_CCCTCAAGTACAAAGT,HSPCs
E2L8_TTCCTCTTCCATCTGC,Plasmacytoid Dendritic Cells
E2L1_ATCACGACACGCGTCA,CD4+ Memory T cells
L3_AGTACTGCACCAGCTG,Proliferating cells
E2L3_GTCGTAATCATTTCCA,CD14+ Monocytes
E2L2_GGCTTTCCAAGTTTGC,Platelets
E2L3_GGCGTCAAGCACCAGA,CD4+ Memory T cells
E2L8_CACTGTCCATGTCTAG,HSPCs
L1_GAACGTTTCTGGTGGC,CD14+ Monocytes
L3_AGCCACGCATTGACCA,CD4+ Naive T cells
L3_GCCGATGTCCCATTCG,CD4+ Naive T cells
L2_GTTTACTCAAATTGGA,NK cells
L4_TATTTCGGTCCAGCAC,CD4+ Naive T cells
L2_TCGGATAAGTTCGGTT,CD4+ Naive T cells
E2L6_CGGGTCAAGAAGAGCA,CD4+ Memory T cells
L5_AAGCATCGTTACCTGA,CD4+ T cells
E2L1_GCGTTTCAGTAGTCTC,B cells
E2L6_TCATTGTAGCACCGAA,Proliferating cells
L1_AACAGGGCATGCCATA,Plasmacytoid Dendritic Cells
E2L7_ACGGGTCGTACTCCCT,CD8+ T cells
E2L6_GGTTAACCAGTGGCTC,Proliferating cells
E2L4_GTGAGTTAGGGATCAC,B cells
L1_AGGGCTCAGGGCGAAG,Conventional Dendritic Cells
E2L7_AGGCATTGTGTACGCC,CD4+ Memory T cells
L2_CGCAGGTGTGGACTAG,Proliferating cells
E2L4_CAAGACTGTCTACGTA,B cells
E2L6_TCAGCAATCAAGCTGT,B cells
E2L4_GACTGATTCGCTGCGA,CD8+ T cells
E2L2_CGTAATGGTCTACGTA,HSPCs
L5_TTAATCCAGCCACAAG,CD4+ T cells
E2L4_GATGACTAGGCCTGCT,FCGR3A+ Monocytes
E2L4_CCTCCTCCACATGAAA,CD14+ Monocytes
L4_GACCAATGTGCTGATT,NK cells
E2L6_ATCGATGGTTCCTAAG,CD14+ Monocytes
L2_CTGGTCTAGATAGCAT,CD4+ Naive T cells
E2L5_TGAGACTTCGGTAGGA,Platelets
L1_TATCGCCGTTGGGTTT,NK cells
L5_GTCCTCAAGCCTTTGA,CD8+ T cells
L1_TAGGAGGAGCTGTGCC,CD4+ Naive T cells
L2_ATGAGGGGTTCTGAGT,CD4+ Naive T cells
E2L5_TCCCAGTCAGGCTCTG,CD14+ Monocytes
E2L2_CTCATCGCAGAGTCAG,CD8+ T cells
E2L3_TTGGATGGTCCCGCAA,NK cells
E2L1_ATAGAGACACAGTCAT,Platelets
L4_AAGGTAAAGGACAGCT,FCGR3A+ Monocytes
E2L3_CGCATAACAGTGGGTA,B cells
E2L2_AGCGATTTCCTCACTG,NK cells
E2L2_TGCCGAGTCGATCCCT,CD4+ T cells
E2L7_GGGTAGACAGCGTACC,CD8+ T cells
E2L7_TCATGGATCTATCCAT,CD4+ Memory T cells
E2L8_ATGGATCCATGGGTCC,CD8+ T cells
L2_GGGCTCATCGTTATCT,Platelets
E2L1_GCACATATCCATTTGT,B cells
L2_CTGTAGACACGACGCT,NK cells
L1_TACCTGCTCCTGTAGA,CD4+ Naive T cells
L1_GGGTGAATCTCATGGA,CD4+ Naive T cells
E2L8_CTGAGCGGTTTACGTG,T cells
E2L7_AGGGCCTCATGGATCT,B cells
L4_ATGAAAGAGGTCTTTG,CD4+ Naive T cells
E2L6_CGCGTGACAATCACGT,CD14+ Monocytes
L5_CGAGTTACAGAGTGTG,CD4+ Naive T cells
E2L8_ATGGTTGCAAGCGCTC,Proliferating cells
L3_CTCTCAGAGCTAAGTA,CD4+ Naive T cells
L4_GTAACCAGTTCCACGG,T cells
L3_TACCCGTCAGTGGCTC,HSPCs
L5_GTTGTAGGTAGAGATT,CD4+ Naive T cells
E2L3_TCGGTCTGTTGTGCCG,CD8+ T cells
L1_TGGAACTGTGGATGAC,CD8+ T cells
L5_CATCGCTTCAAACGAA,CD4+ Naive T cells
E2L7_TGTACAGGTTGGCTAT,T cells
E2L7_CCAATTTAGCATGCGA,CD14+ Monocytes
L5_GACTTCCTCTCGCCTA,HSPCs
L3_CCATCACCACAGTCAT,Erythrocytes
L5_TAGATCGCAGTATTCG,CD4+ Naive T cells
L1_GGGTAGAAGAAGGATG,CD8+ T cells
L3_AACGGGACACTCTCGT,FCGR3A+ Monocytes
E2L5_CGTTAGAGTAGCACAG,B cells
E2L7_GGCTTTCCATAAGATG,CD4+ Naive T cells
E2L1_CCATAAGCAAATGAGT,CD8+ T cells
L3_ACAAAGATCGCAAGAG,HSPCs
L3_TAGAGTCTCCGCACGA,CD8+ T cells
E2L4_CTCCTTTTCACGGGAA,Plasmacytoid Dendritic Cells
E2L2_TTCCTCTAGGCACGAT,Proliferating cells
E2L1_AATAGAGTCAGGACAG,NK cells
E2L5_TGGGCTGTCATCGGGC,B cells
E2L4_TACACCCTCTCGTCGT,CD8+ T cells
L2_AAACCCAAGTAACAGT,CD8+ T cells
L4_AGAGCCCAGGAAAGTG,Proliferating cells
L4_CAATCGATCGCAACAT,CD4+ Naive T cells
E2L2_TGGGCTGAGCCTAACT,Platelets
L1_CAATACGGTTATGACC,CD4+ Naive T cells
E2L7_ACACCAAAGACGCATG,Conventional Dendritic Cells
E2L3_TACATTCCATGGCGCT,Platelets
E2L6_AATTTCCTCGGAGTAG,CD8+ T cells
L1_TGATGCAGTTGTGTAC,Erythrocytes
E2L8_TGGGTTATCGTGGCGT,CD4+ T cells
L1_TTCCTAAGTTCCGCGA,B cells
E2L3_GGAGGTAGTATAGGAT,NK cells
L5_ACAAGCTTCCACCCTA,CD4+ T cells
L5_GAGATGGAGACAAGCC,CD4+ Naive T cells
E2L8_GAGTCATGTCCGACGT,CD8+ T cells
E2L8_CTATAGGAGGCTTAGG,CD8+ T cells
L2_TGAGCGCTCTGCTAGA,Plasma cells
E2L2_CCTGTTGTCGGTATGT,Plasma cells
E2L2_AGTAGCTAGTAACGTA,CD4+ Memory T cells
E2L6_TGTGAGTAGATTTGCC,CD4+ T cells
L5_CATTGTTAGACTACCT,CD8+ T cells
L2_TCCTTCTGTTCTCTAT,HSPCs
L5_TATATCCAGGTGCGAT,CD4+ Naive T cells
L2_ACAGCCGGTGCCTACG,CD4+ Naive T cells
E2L2_CTATCCGTCTTCCTAA,CD4+ Memory T cells
L5_CATACTTAGAATGTTG,Proliferating cells
E2L5_CCGGGTACAGCTTTCC,CD8+ T cells
E2L4_AAGACAAAGCGTGAAC,B cells
E2L4_TTCCTCTGTCACCGCA,CD4+ Memory T cells
E2L3_GGTAGAGGTACTTCCC,CD14+ Monocytes
E2L8_GAGACCCCATTGGATC,CD4+ Memory T cells
L1_GGCTGTGAGGCTTCCG,CD8+ T cells
E2L2_CTTTCAATCCTTTGAT,CD8+ T cells
E2L1_TTCACCGGTGAACTAA,Plasmacytoid Dendritic Cells
L4_GTGTTAGTCCGGTTCT,CD4+ T cells
L4_ACTATGGGTCTGATCA,CD4+ Naive T cells
L2_GTTTGGAGTAATACCC,Proliferating cells
L4_TCAAGCATCAGTCATG,Erythrocytes
E2L2_AGAACCTCAGCTACAT,NK cells
E2L6_ATGATCGTCTAGTGAC,Proliferating cells
E2L6_GGTTGTATCGACCTAA,B cells
E2L1_CACACAAGTTGCGAAG,Plasma cells
L5_TCCGAAAGTGCATGTT,CD4+ Naive T cells
L3_TCATGCCAGACCAGAC,CD4+ Naive T cells
L4_AGCTCAATCGAGGCAA,HSPCs
L3_TCCATCGTCCGTGGGT,CD8+ T cells
L3_CCCTCTCCAACCGTAT,CD4+ Naive T cells
L4_ATCCATTTCTGGGCAC,CD14+ Monocytes
L5_AGACAGGTCATCGTAG,CD4+ Naive T cells
E2L6_ACACTGATCATCCCGT,CD8+ T cells
L5_TGAGACTTCATGGGAG,HSPCs
E2L1_TCGGGTGCACGGTGAA,CD4+ Naive T cells
L2_GCGGATCAGTGCGTCC,CD8+ T cells
E2L2_CTATCCGGTATGGTAA,Plasmacytoid Dendritic Cells
E2L1_GCCAGCACAGACAAGC,CD8+ T cells
E2L6_ATCGATGAGCTAATGA,Conventional Dendritic Cells
L1_GTCCCATGTCTTTCTA,CD14+ Monocytes
E2L7_AGATGCTCAGCGTATT,B cells
L2_AGACAAATCCATGAGT,Proliferating cells
L4_GAGAGGTCAGAGGTTG,CD4+ T cells
E2L2_TCTGCCATCACCTCTG,CD8+ T cells
E2L2_GTGAGCCTCTTGGGCG,CD8+ T cells
E2L6_CTGAGGCTCTTACGTT,CD4+ Memory T cells
E2L2_GTAACCAAGCATCAAA,CD8+ T cells
E2L7_AATGGAAGTTCGAAGG,B cells
E2L6_TCCTAATGTGGTTTGT,CD8+ T cells
L1_AAGAACATCTTCTGTA,CD4+ Naive T cells
E2L4_TCCACGTAGCCACAAG,CD4+ Memory T cells
E2L3_CGAGGCTAGTTGCCTA,NK cells
E2L3_AGGATAAGTTAGGCCC,NK cells
E2L1_GGGTATTTCATTGCCC,Proliferating cells
E2L6_GTAATGCTCAGTCCGG,CD4+ Memory T cells
E2L2_CTATCCGAGGCATTTC,Plasma cells
E2L5_AACGGGAAGGGTCTTT,CD4+ Memory T cells
E2L4_GGGAAGTGTGGGAGAG,NK cells
L2_ATGATCGGTGCATTAC,NK cells
E2L3_AGGAAATTCCCGTGAG,CD8+ T cells
L3_GGGCTCAAGAAGCGGG,CD4+ Naive T cells
L1_GTTGTAGCACTGGATT,Conventional Dendritic Cells
L5_GTGCTGGGTTAGAGAT,CD4+ Naive T cells
E2L5_CGAAGTTAGTACCCTA,CD8+ T cells
E2L5_GCCATTCGTGTAAACA,CD4+ Memory T cells
E2L2_AGTACCAAGACCATTC,Conventional Dendritic Cells
E2L8_ACAGAAATCTATCACT,Proliferating cells
L2_TCATCATGTCGATGCC,CD8+ T cells
L4_ATGAGTCCAACATACC,Proliferating cells
E2L8_GACTCTCCAATAGAGT,B cells
L1_AAAGGATAGAGACAAG,Plasmacytoid Dendritic Cells
L4_GGCGTCAAGGCAGCTA,B cells
L4_TAGGTACCAGGCGTTC,CD14+ Monocytes
E2L7_GTTGTAGTCAAGCCTA,NK cells
L1_CAGTGCGCACGCGGTT,CD4+ Naive T cells
L5_CTGTGAAAGGTTGCCC,CD4+ Naive T cells
E2L2_AGAGAGCTCCGGTAGC,Plasmacytoid Dendritic Cells
L3_GGCAGTCGTCCAACGC,Conventional Dendritic Cells
E2L1_TTGAACGTCCACACAA,Proliferating cells
L1_TTCACCGTCCCAATAG,CD4+ T cells
L2_TTGTTGTGTCTCACGG,CD14+ Monocytes
L5_TTCCTCTCATAGGTTC,HSPCs
E2L2_ACGGGTCGTCATCGCG,CD4+ Memory T cells
E2L8_TGCGGCAAGAGTTGTA,B cells
L1_GACTATGAGTGCACCC,CD4+ Naive T cells
E2L6_TAACCAGTCAGTGTTG,CD4+ Memory T cells
E2L8_CGAGGAAAGACTGTTC,CD4+ Memory T cells
E2L8_ACAAAGACATCTCATT,CD4+ Memory T cells
L1_GTCGAATAGCCTCCAG,CD4+ Naive T cells
E2L5_TGTCCTGGTTGGAGAC,Erythrocytes
L4_TAACGACGTACCGTCG,CD4+ Naive T cells
L3_GGTTCTCCATGGGCAA,HSPCs
E2L7_CAACAACAGTACAACA,Platelets
L3_GGACGTCAGCTAAGTA,CD14+ Monocytes
E2L2_CGAGTGCTCTTGCAAG,CD14+ Monocytes
L4_CCGGTGACACACAGCC,HSPCs
L5_GCCCAGAAGTCCTGCG,CD8+ T cells
L2_CTAACTTAGGCACTAG,CD8+ T cells
L4_ATCTCTATCTTGCAGA,CD8+ T cells
E2L8_CCTTTGGCAACGAGGT,Proliferating cells
E2L7_GAGCTGCCAATGCAGG,Proliferating cells
E2L3_CAACAGTTCGATTTCT,NK cells
L4_GTGCTTCAGGGCGAGA,CD4+ Naive T cells
E2L4_TATTCCACAACTGATC,Platelets
L2_GCTACAATCTCTAGGA,CD4+ Naive T cells
E2L4_TTGCGTCTCACGATAC,Plasmacytoid Dendritic Cells
L1_CAGCAATCATGATGCT,CD4+ Naive T cells
E2L7_CGGACACTCGTTGTGA,Proliferating cells
L2_GCATTAGCAGCTACCG,B cells
L2_CGAAGGACAGTTGAAA,CD14+ Monocytes
E2L2_TACTTGTGTACCTTCC,B cells
E2L3_ATCACAGGTCAACACT,CD4+ Memory T cells
E2L5_ACATCCCGTAGAATGT,Plasmacytoid Dendritic Cells
L4_CGCATGGCATCCGGCA,CD4+ Naive T cells
L1_GTAATCGCAGACGCTC,CD4+ T cells
E2L4_GCCGTGATCCAAGCCG,CD4+ Memory T cells
E2L3_GATGACTTCGTGGAAG,CD8+ T cells
E2L7_CCTCATGTCTATACTC,Proliferating cells
E2L7_AAGCGAGTCTATGCCC,Proliferating cells
E2L4_CAGCAATGTTTCGTAG,B cells
E2L3_GAACGTTAGGTTCCGC,CD14+ Monocytes
E2L2_GTATTTCAGAGTCCGA,NK cells
E2L5_AGTGATCCAGAAATTG,NK cells
L3_TTGCCTGTCGTTTACT,CD4+ Naive T cells
L2_TTAATCCCATGACACT,CD8+ T cells
E2L5_TAGGTTGTCATTCTTG,B cells
E2L5_ATCCATTTCTTTGATC,Plasma cells
E2L3_TCCGATCAGGCGAAGG,B cells
L1_AAGACTCAGGCAGGGA,CD4+ Naive T cells
E2L5_TTTGACTTCTTCTAAC,CD4+ Memory T cells
E2L6_GTTACAGTCCATCACC,CD4+ T cells
L4_GGAGGTAGTCGTTTCC,CD4+ Naive T cells
E2L6_TATCCTAGTTCGTTCC,CD8+ T cells
E2L6_TATTGGGCAGATACTC,T cells
E2L3_GCGTGCACAAACTAAG,CD8+ T cells
E2L8_GATTGGTCATAACGGG,Platelets
E2L1_CTTTCGGTCCATGCAA,CD8+ T cells
E2L3_GAGATGGGTCTGCCTT,CD4+ Memory T cells
E2L8_GGTAACTGTGGCAACA,NK cells
L1_TTACGTTTCCCATACC,B cells
E2L4_TGTTACTGTTGCTCCT,CD4+ Memory T cells
E2L6_CTCTGGTAGCTAATCC,Proliferating cells
L3_CTGCGAGGTAGGTTTC,B cells
L4_ATTTCTGTCTCCGTGT,CD4+ Naive T cells
E2L2_AGATCCATCAGGACAG,NK cells
L1_GCAGCTGTCGAGAATA,CD14+ Monocytes
E2L4_GTGGAAGAGCCATCCG,Platelets
L1_AGGGTCCCAGCCCACA,CD4+ Naive T cells
L5_GCAGTTAGTCTTTCAT,CD8+ T cells
E2L3_CTATCTACACCAGTTA,B cells
L3_GTTAGTGCAGATTCGT,CD14+ Monocytes
E2L1_GTAACACCAACACGTT,Proliferating cells
E2L3_TCTTCCTCAGCGGATA,B cells
E2L6_GCATGATAGAGGCTGT,NK cells
L2_CCTACGTTCGCTGATA,CD4+ Naive T cells
E2L4_CTCATCGAGCGTGAAC,Platelets
E2L7_ATGAAAGCAATCAAGA,CD14+ Monocytes
L4_TGACTCCTCGTGCATA,CD4+ Naive T cells
E2L7_TTACCGCGTCAAGTTC,Plasma cells
L4_CTGAATGTCCGTGGCA,CD4+ Naive T cells
L4_ACATGCAGTACCGTCG,Plasmacytoid Dendritic Cells
E2L6_TCCGATCCAATTCGTG,CD8+ T cells
E2L2_ACGTAACAGGTTGGTG,B cells
L4_CACTGAAGTCGGTGAA,CD8+ T cells
L4_TGATTCTTCATCGTAG,CD4+ Naive T cells
E2L8_GGGTATTCAATGACCT,NK cells
L5_CGCATAAAGATACATG,Proliferating cells
L5_CTGTATTTCTTGGATG,CD4+ Naive T cells
L1_GAACACTCATAATGAG,CD14+ Monocytes
E2L2_AGGAGGTTCGGACAAG,Platelets
E2L7_AGGGCTCAGATACTGA,T cells
L5_GTATTTCAGTACAACA,CD4+ Naive T cells
E2L6_ATTCGTTTCAACCGAT,B cells
E2L8_TGGATGTTCATTGTGG,CD14+ Monocytes
L1_GAGAAATCATGTTTGG,Proliferating cells
E2L5_CGGCAGTTCGATGCAT,NK cells
E2L2_ATGTCTTAGAGAGCAA,CD4+ Memory T cells
E2L4_GTCTGTCTCTCCTACG,CD4+ Memory T cells
E2L8_ATGGAGGGTTCTCTCG,B cells
L3_AAAGGGCGTGCAGATG,CD4+ Naive T cells
L1_TTCCTAAAGGCAATGC,CD4+ Naive T cells
L5_CTCCAACGTCACTAGT,Plasmacytoid Dendritic Cells
L1_CCTCTCCTCGCGATCG,CD4+ Naive T cells
E2L3_ACGTCCTTCAACGCTA,Plasmacytoid Dendritic Cells
L1_AAAGGGCGTAGTAAGT,Proliferating cells
L2_TTAGTCTTCACGGAGA,HSPCs
E2L8_TTGCGTCAGCTAATCC,CD8+ T cells
L2_ATCCACCGTGTAACGG,Erythrocytes
E2L5_TCGTAGAAGTCGAAAT,T cells
L5_TGTCCTGCACGGGCTT,CD8+ T cells
E2L4_ATTGGGTGTCATAAAG,Proliferating cells
E2L4_GACCCTTGTGCGTCGT,B cells
E2L7_CGAGGAACAGCATTGT,Plasma cells
E2L7_CCTACGTTCGCTCTCA,CD8+ T cells
E2L1_CACAACATCTTAATCC,B cells
L1_CATAAGCTCACTTGTT,CD4+ Naive T cells
E2L1_ATCCTATAGTCACTGT,CD8+ T cells
L5_TCCTCGAAGTCTACCA,HSPCs
L5_CGCCATTCAGCTAACT,B cells
E2L6_ATGACCATCGCCAACG,CD14+ Monocytes
E2L2_GCGTGCAGTCCAATCA,CD8+ T cells
L1_CGGTCAGCAGTATTCG,Proliferating cells
E2L6_CTCAGGGCACGAGAAC,B cells
E2L3_ACATGCAGTGAGCTCC,CD4+ Memory T cells
L2_TAGCACAAGGCTAACG,B cells
E2L1_CTCTCAGTCCAAGCTA,Plasma cells
E2L1_CTGTAGACACACCTAA,CD8+ T cells
E2L1_AGGCATTAGACGTCCC,CD4+ Memory T cells
E2L5_TACGCTCGTGCAATAA,T cells
E2L8_ATCAGGTGTCTAGATC,B cells
E2L1_GCCAACGGTCAAACGG,B cells
L1_CAGCAATGTACCGCGT,CD4+ Naive T cells
L5_AAGCCATGTAGAATGT,CD4+ T cells
E2L1_CCGTTCAGTGTATTCG,Plasmacytoid Dendritic Cells
L4_TCTTCCTAGTTGTAGA,CD14+ Monocytes
L2_CCGGTAGTCAAGGCTT,CD4+ T cells
E2L3_TTCGCTGCATGCTGCG,CD4+ Memory T cells
L3_ACTCTCGGTCGTACAT,CD4+ Naive T cells
L5_TCTTAGTCACCCTATC,Erythrocytes
E2L8_GCGAGAATCACGGGCT,NK cells
E2L5_TCAGCCTAGTGTACCT,CD8+ T cells
L4_GTAATCGCAGTTGTTG,CD4+ Naive T cells
E2L5_CGGAACCGTCCGGTCA,B cells
L2_GCAACCGTCCGTAGGC,CD14+ Monocytes
L4_TGCACGGGTCGCATGC,Platelets
E2L3_AATCGTGTCCGGACGT,CD14+ Monocytes
E2L4_TCATTACAGTTGCCCG,CD4+ Memory T cells
L1_CTTCTCTCACTGAGTT,CD4+ Naive T cells
L5_GCTTCACGTGGCTCTG,CD4+ Naive T cells
L3_TCATGTTTCGCTGTTC,CD4+ T cells
L4_GCGGATCTCGAGTGGA,CD4+ T cells
E2L1_CGATGGCGTGTTGACT,T cells
L1_TGCTGAAGTCTCGGAC,CD4+ Naive T cells
E2L4_TTTAGTCGTCACTAGT,B cells
L2_CTCGAGGCAAACCGGA,CD4+ Naive T cells
L3_AGGGTCCCATGGACAG,Proliferating cells
E2L6_TGAGCATAGTTCCAGT,CD14+ Monocytes
L3_CGAGTTATCAATCCAG,CD4+ Naive T cells
L2_ACTATCTGTTCGGCGT,Plasma cells
L5_AACAACCTCGTTGTGA,CD14+ Monocytes
L5_TATGTTCGTATTTCTC,FCGR3A+ Monocytes
E2L8_CCGGTAGTCCATTGGA,CD4+ T cells
L4_TGTTCATGTTTGTTGG,FCGR3A+ Monocytes
E2L5_TTTGGAGGTTGCTCAA,B cells
E2L7_AGGGTCCAGTTAGTAG,B cells
E2L7_TGGTTAGTCTGGGATT,Plasmacytoid Dendritic Cells
E2L4_GGGTATTTCCCAGGAC,CD8+ T cells
L4_TGATGCAGTCCTCCAT,HSPCs
L2_CCGATGGAGAGCATAT,FCGR3A+ Monocytes
E2L6_ATTCGTTAGCCAAGTG,B cells
E2L5_CTCAAGATCGAACTCA,CD4+ Memory T cells
L1_ACTCTCGGTCATGCAT,NK cells
E2L5_CATGGTAGTCGCCACA,B cells
E2L7_GCACGTGAGACCCTTA,CD4+ Memory T cells
E2L2_GTAGAGGTCGGTGTTA,Platelets
E2L4_ATGGGTTGTACGTGTT,CD4+ Naive T cells
E2L4_ATCCCTGGTTAAACAG,CD4+ Memory T cells
L4_CATTCTACATGTGTCA,CD4+ T cells
L5_GTGAGCCGTGGTGATG,B cells
E2L5_CTGATCCGTTTCCATT,B cells
E2L6_CATCGCTCATGTGGCC,Proliferating cells
E2L4_CATCAAGAGCGAACTG,FCGR3A+ Monocytes
L2_GTGAGCCGTATCACCA,CD4+ T cells
E2L8_ACGTAACCACATATCG,B cells
E2L8_AATGAAGAGCAAATCA,B cells
E2L4_CCGATGGAGGGTGAAA,Platelets
L5_ACTCTCGAGGTCCCGT,CD4+ T cells
L4_CCTTCAGAGCGATGAC,NK cells
L3_GTTCGCTCATCATTGG,CD4+ Naive T cells
E2L3_CATGAGTTCCTACCGT,FCGR3A+ Monocytes
E2L6_CGTTGGGCACTCCACT,Platelets
L4_ATTCACTGTACCTGTA,CD14+ Monocytes
L1_TAAGCGTCATATCTCT,NK cells
E2L1_GGGACTCTCCTGGGAC,CD8+ T cells
E2L8_GTCAGCGCAGCCCACA,CD8+ T cells
E2L4_GTATTGGTCCTCACTG,Plasmacytoid Dendritic Cells
E2L1_TTGGATGAGCATCAGG,CD4+ Memory T cells
L3_AGTCTCCGTGGAATGC,CD4+ Naive T cells
E2L8_GACTATGAGGAGCAAA,CD4+ Naive T cells
E2L3_TGAGGGACAACAGATA,B cells
E2L7_CTTGATTGTAACAGTA,Proliferating cells
E2L8_TAAGCACCATAATGCC,FCGR3A+ Monocytes
L4_TTGGATGCATTGGGAG,CD8+ T cells
E2L7_GCGGAAAGTAGAGGAA,Plasmacytoid Dendritic Cells
E2L2_AGGTCATTCGTTCTCG,NK cells
L1_CAACGGCAGCCTGAGA,B cells
E2L1_ATCGCCTTCCTTACCG,Plasma cells
L2_GTGAGCCTCAAGTCTG,T cells
L5_TACACCCTCATTGTTC,NK cells
L3_GTTCCGTGTTTCGTTT,CD4+ Naive T cells
E2L4_CGCATAAGTCCCGTGA,CD14+ Monocytes
L1_ATGAAAGTCAACACCA,B cells
E2L5_TTCAGGAGTGACCGAA,CD4+ Memory T cells
L5_TACGTCCAGTGATGGC,CD14+ Monocytes
E2L3_GTGCAGCGTGATATAG,B cells
E2L8_TCATGTTGTTGTAAAG,Conventional Dendritic Cells
L4_CACTTCGTCTCTATGT,HSPCs
E2L3_AAGTACCCATCCTGTC,CD4+ Memory T cells
E2L6_TCATGGATCATTTCCA,CD4+ T cells
L2_TACAACGCAGCGTGAA,HSPCs
E2L3_TACAACGCATCGATGT,NK cells
L2_GGTTCTCAGGCGCTCT,CD4+ T cells
L2_CATTTCAAGCGACATG,CD4+ Naive T cells
L2_TCATCCGTCTGATTCT,CD4+ T cells
E2L7_TCATACTTCGAACGGA,CD8+ T cells
E2L6_TGAGGGATCTTCCCAG,CD4+ Memory T cells
E2L4_GATTGGTAGAGAGTGA,B cells
L5_TCATTTGTCACATTGG,NK cells
L4_ATGGAGGGTACCCAGC,HSPCs
L4_CCACCATCAGCTGTCG,CD4+ Naive T cells
E2L8_TGGATGTAGGCTGAAC,Proliferating cells
L4_CAAGGGACATAACTCG,HSPCs
E2L3_GGGTTTACAGACGCTC,Proliferating cells
L1_TCTCTGGTCTTTGCAT,Plasmacytoid Dendritic Cells
L5_GATGACTGTTAGTCGT,CD4+ Naive T cells
L3_TGAGCATCAACGTTAC,CD14+ Monocytes
E2L1_TTATTGCTCCCATAAG,CD8+ T cells
E2L7_GTTGTCCCAACTCCAA,CD4+ Memory T cells
E2L6_GATAGAACAATGAGCG,CD4+ Memory T cells
E2L2_AGACCCGCAGCCGGTT,CD4+ Memory T cells
E2L1_GACAGCCCACTAGTAC,CD14+ Monocytes
L3_ATTACCTTCCAGCCTT,NK cells
E2L6_GTGGGAACAACGACAG,NK cells
L3_CTCCATGTCTTAGCCC,CD4+ Naive T cells
L3_CGATGCGTCCTTCTAA,NK cells
L5_CCCATTGCAAGGCTTT,CD4+ Naive T cells
L1_CCCATTGAGGGACCAT,NK cells
L3_AAAGGATGTATAGGGC,Proliferating cells
E2L7_CATTGTTCACCGAATT,CD4+ Memory T cells
L1_TGATGGTAGCACCGAA,HSPCs
L3_GCGTGCAAGTAGGATT,Erythrocytes
E2L8_CAAGAGGCACGGTGAA,CD14+ Monocytes
E2L5_GATGACTGTACGTACT,NK cells
L2_CTTACCGGTGAGCTCC,CD4+ T cells
E2L3_ACAAGCTCAGGTTTAC,B cells
E2L3_CGAGGCTAGGGTCAAC,B cells
L3_TTGCCTGAGATAGGGA,CD8+ T cells
E2L5_CGTAATGCATTATGCG,B cells
L5_GTCAAGTAGGATTACA,CD8+ T cells
L4_AAACGAAAGCCTGACC,CD14+ Monocytes
E2L1_CTACCTGGTTACGGAG,CD14+ Monocytes
L2_AGTAGTCCAACGATCT,CD4+ Naive T cells
E2L4_AGAACAACACTCGATA,CD4+ Memory T cells
L4_CTCATGCCATAAGCGG,CD8+ T cells
L2_CCCTCAACACAGACGA,CD4+ Naive T cells
L5_GTCAGCGGTTTACGAC,CD8+ T cells
L1_CACACAAAGCCTTCTC,CD4+ Naive T cells
E2L1_TGATCTTTCAAGAATG,B cells
E2L6_CTTTCAATCTCAGGCG,Plasma cells
L4_TTACGCCGTAGCGATG,CD14+ Monocytes
E2L2_TACAACGCATACAGGG,CD8+ T cells
E2L8_ACATCCCGTCTCCTGT,Platelets
E2L4_TATCCTACACTTCAGA,CD8+ T cells
E2L4_CCCTAACCATTGACAC,CD8+ T cells
L5_AGAAGTATCCGTATGA,CD4+ T cells
E2L5_TAGACCAGTAGGGAGG,CD4+ T cells
E2L4_ATTCCATTCTTTCCAA,Plasmacytoid Dendritic Cells
E2L2_CTCAAGACACGGCTAC,CD8+ T cells
L5_AACAGGGGTCACATTG,CD8+ T cells
L3_GACCCAGAGCCTCAGC,B cells
E2L5_CTAACTTTCAGTGATC,Plasmacytoid Dendritic Cells
L1_GTAGAAACATGGCCAC,CD4+ Naive T cells
L4_TGTCAGATCCGTCACT,CD4+ Naive T cells
E2L2_AATCGTGAGCAACAGC,FCGR3A+ Monocytes
E2L3_TGGGTTAAGAACCCGA,B cells
L4_CATGCTCTCCCATTCG,CD8+ T cells
E2L7_ACCTGAAGTCCAGGTC,Plasma cells
E2L7_TTGCTGCCATACCACA,Plasmacytoid Dendritic Cells
E2L8_CTGCCTATCTGCTTTA,NK cells
E2L8_AGCTTCCAGGTCGCCT,Conventional Dendritic Cells
E2L4_GACTATGTCGACGACC,B cells
E2L2_TTGCTGCAGCCTCGTG,FCGR3A+ Monocytes
E2L1_GGCGTCAGTCGATTAC,B cells
E2L6_ATGGATCAGTAGCAAT,CD14+ Monocytes
E2L6_AGCTTCCGTCAACGCC,CD8+ T cells
E2L6_AAGACTCTCAACGCTA,Platelets
L3_GGCGTCACAAATTGCC,Proliferating cells
E2L7_GTAAGTCCAAATAGCA,Plasmacytoid Dendritic Cells
E2L5_TTGAGTGAGAGTGTGC,CD4+ T cells
E2L5_TACACCCAGTAGACAT,CD8+ T cells
E2L8_TAGCACATCTAGTTCT,FCGR3A+ Monocytes
E2L3_GGTGTTAAGTGCACTT,Platelets
L2_GATGACTAGGACAGCT,CD4+ Naive T cells
L4_CGTGATAAGGTGCTTT,CD4+ Naive T cells
E2L4_GCAGCTGTCTCATTTG,CD4+ T cells
E2L6_TCGTCCAAGTGGCGAT,CD4+ T cells
L3_ACTGCAAGTTAGAAGT,CD4+ Naive T cells
E2L8_ACCTGAAGTTCTTAGG,NK cells
E2L6_GTTCCGTGTTGTACGT,CD4+ Memory T cells
L2_TGCTCGTCAGCGACAA,CD4+ T cells
L5_CCACGTTCATGTAACC,CD4+ T cells
L2_TTGTTCATCCCTATTA,CD4+ Naive T cells
L2_GATGACTCAGGTATGG,Erythrocytes
E2L4_TAGGTACGTGCATTAC,Proliferating cells
L3_TTTACTGAGATGTTCC,HSPCs
E2L1_ACGGAAGGTGGTAACG,CD8+ T cells
E2L3_CCAAGCGGTGCAAGAC,NK cells
L2_AGTTCGATCACGGTCG,CD4+ Naive T cells
L5_GTATTTCGTTTGATCG,CD8+ T cells
E2L6_AGGCTGCAGAGTCAAT,Proliferating cells
E2L4_AGGGAGTGTCGCAGTC,B cells
E2L3_AGGAGGTGTTCGAAGG,Plasmacytoid Dendritic Cells
E2L7_TTAGGGTGTAGGTACG,B cells
L3_TCTAACTGTCGATTTG,Plasma cells
E2L1_TGAACGTAGTTGTCAC,B cells
L4_CGAGGCTAGCGTATAA,CD4+ Naive T cells
E2L3_CCCTCAACAGTAACCT,NK cells
E2L3_CTCAACCGTCATTGCA,CD8+ T cells
L4_CAGAGCCCACAACGCC,Proliferating cells
L1_CGTGCTTGTAGCACAG,CD4+ Naive T cells
L3_GTAGAAATCCGTTGAA,CD4+ Naive T cells
E2L7_AAGTGAAAGGCGTTGA,CD4+ Memory T cells
E2L4_CTCCAACTCGCTAAAC,CD8+ T cells
E2L4_AGTCATGGTTTCGTGA,Platelets
E2L7_TCAATCTGTCTTAGTG,CD14+ Monocytes
L5_AGGACGATCATCGCTC,CD4+ Naive T cells
E2L8_GAGTGTTTCATTCATC,CD14+ Monocytes
L2_CACGAATTCCTGTTGC,CD8+ T cells
E2L7_TTTCATGCAGTAACAA,CD4+ Memory T cells
E2L5_TCAAGTGAGTGCGCTC,B cells
E2L5_TCTTGCGCATGAGGGT,NK cells
E2L8_AAAGTGAAGCAGCCCT,Platelets
L3_TTGCGTCCACTCTAGA,CD4+ T cells
L2_CATCCACCATGGGTCC,CD4+ T cells
E2L1_TGTGTGATCAGACATC,FCGR3A+ Monocytes
L3_CCTTCAGGTGGATCGA,CD8+ T cells
L1_CTTTCAAAGTAGATCA,B cells
E2L7_CCGTAGGCAACCGGAA,Plasmacytoid Dendritic Cells
L2_ATCCCTGGTTCGATTG,Plasma cells
L3_GTAATGCGTGGGCTTC,CD8+ T cells
E2L4_TGACGCGGTGATGAAT,Plasmacytoid Dendritic Cells
E2L8_TATGTTCAGTAAAGCT,CD4+ Memory T cells
E2L1_CAGATTGCACAAGTGG,CD4+ Memory T cells
E2L6_CTCGAGGCACCTGCTT,B cells
E2L2_TGTCCTGTCGCCAGAC,CD8+ T cells
E2L5_GTATTTCGTCTTTATC,CD8+ T cells
E2L4_CACGTGGCAAACTAGA,Platelets
L3_GTAATGCAGACCAGCA,CD14+ Monocytes
E2L1_TCGAAGTAGCAATTAG,CD4+ Memory T cells
E2L2_AGCTCAACACTGGATT,B cells
E2L8_GGGACCTTCGGCTGTG,FCGR3A+ Monocytes
E2L8_TGCAGATAGCTCTGTA,B cells
E2L6_ATTCTACTCCGGCAAC,CD4+ Memory T cells
L1_CAGCCAGTCCGGTTCT,CD8+ T cells
E2L1_TGTTCCGAGTAGCCAG,Proliferating cells
L1_TGTGTGACACAATGAA,NK cells
E2L2_TTACAGGGTGGTAATA,CD4+ Memory T cells
E2L5_TCTACATCACCGTCGA,Platelets
L5_GGTAGAGCAGGGAATC,CD14+ Monocytes
L1_AGCTCAATCATGAGTC,FCGR3A+ Monocytes
E2L6_ACGGTCGAGGTTTACC,CD8+ T cells
L4_GTGTTAGTCATCAGTG,NK cells
L4_TGTTGAGTCTGAGAGG,Erythrocytes
L5_TCGCAGGTCCGCAAAT,CD14+ Monocytes
L3_GTCCCATGTAGAGTTA,CD8+ T cells
L4_TAGGGTTTCTCATTTG,Platelets
E2L3_CTGTCGTGTGTAACGG,FCGR3A+ Monocytes
E2L8_CTGTACCGTGTAAATG,CD8+ T cells
E2L1_CGGAATTCATGGCACC,CD4+ Memory T cells
E2L2_GTTGTAGCAGAGAAAG,CD8+ T cells
L5_CTTAGGACAGCGTACC,Plasma cells
L1_TATATCCTCTCATAGG,NK cells
E2L2_AGCGCCATCACATTGG,CD8+ T cells
L5_TCGGGCAAGTGTTCCA,Platelets
L2_CTCCCAATCCTTGACC,CD4+ Naive T cells
L5_ACGATGTTCTGCTCTG,CD4+ T cells
L2_ACAGGGATCTTAGCCC,CD8+ T cells
E2L3_CCATCACAGAGAGCCT,Platelets
E2L4_ATTTCTGGTGCACAAG,CD4+ Memory T cells
E2L5_ATACCGATCGACATCA,CD4+ Memory T cells
E2L4_CGCAGGTGTCGTCATA,B cells
E2L3_CTTCCGACACTTGAGT,CD8+ T cells
L4_CATGAGTCATTGCAAC,Proliferating cells
E2L4_GTCTGTCGTGGCACTC,Platelets
L2_TGTAAGCTCCTAACAG,CD4+ Naive T cells
E2L3_GTCCTCAAGAACAAGG,CD4+ Memory T cells
L4_CACCAAACACTGGACC,CD4+ Naive T cells
E2L5_AGAACCTTCTCGGTAA,T cells
E2L4_ATGGGAGAGTTTGTCG,Platelets
E2L5_TTCCTAATCACACGAT,B cells
E2L1_GTTCCGTTCTGAGCAT,Platelets
L1_ATTTACCCACGCAGTC,HSPCs
L4_AGAGCCCTCACAGAGG,Plasma cells
E2L8_TACGTCCGTTCTTGCC,CD4+ Memory T cells
E2L5_TCAATTCGTTGTGTTG,CD8+ T cells
E2L2_TCCTCTTTCAGCCTCT,CD8+ T cells
E2L2_GTAGCTACATCCGAAT,CD4+ Memory T cells
L5_GTGTGGCCAAACGAGC,CD4+ Naive T cells
E2L5_CGAGGAACAGCTGCCA,CD8+ T cells
E2L1_AGTTCCCTCGCCAGAC,CD8+ T cells
L4_TCTACATGTACCCACG,CD4+ Naive T cells
L3_GTGTTAGCAGATAAAC,FCGR3A+ Monocytes
L2_CAGCACGGTATATGGA,Erythrocytes
E2L2_TCGATTTAGCACACCC,CD14+ Monocytes
E2L3_AAGTGAAAGAGGACTC,CD14+ Monocytes
L1_TGGTTAGAGTCTGCAT,CD4+ Naive T cells
E2L7_TGTCCTGTCTCTCCGA,CD8+ T cells
L3_CATTTCACAAGATGTA,CD8+ T cells
L5_CTTCGGTTCGGATACT,CD14+ Monocytes
L4_TGCGATAGTTACTCAG,FCGR3A+ Monocytes
L3_GTGGTTAAGTTATGGA,CD4+ T cells
E2L5_GTGTTCCGTGCATTAC,B cells
E2L1_ATTCACTCAGGTCCGT,CD4+ T cells
E2L5_CTCCCAAGTACCAATC,CD4+ T cells
E2L1_GAGAAATCAAACTGCT,Platelets
L2_TTTCACAGTTTGACAC,CD4+ Naive T cells
E2L4_CCGTGAGAGATGAAGG,Platelets
E2L6_CAATACGCAGCGGTCT,Platelets
E2L1_GTTGTCCAGAATACAC,CD4+ T cells
E2L2_CTACCCACAGTTAGGG,HSPCs
L2_TTTATGCGTTAGTTCG,Plasmacytoid Dendritic Cells
E2L6_ACTCCCATCGTACACA,CD4+ Memory T cells
E2L3_TATTGCTCAGAAATTG,CD8+ T cells
L2_TCCCATGGTATGCTAC,NK cells
E2L2_AACGGGAAGACGGATC,CD4+ Memory T cells
L1_CCACGTTCAGCTCGGT,Erythrocytes
L3_CCGGACACACACAGAG,CD14+ Monocytes
E2L2_ATCGGATCAATTGGTC,Platelets
L3_CATCGTCGTCCCTGTT,T cells
L1_GGTGGCTCACTGAATC,NK cells
E2L7_CGCAGGTAGTGCCAGA,CD14+ Monocytes
L3_AAAGTCCGTCCAATCA,B cells
L3_TCGAAGTAGTGGTTGG,B cells
E2L1_TCATGTTTCAGTCATG,NK cells
L4_TACGGGCTCCTCCACA,T cells
E2L3_TTCTCTCAGCCTATTG,CD4+ Memory T cells
E2L2_TTTACTGAGTCATGCT,CD14+ Monocytes
L5_GGGATCCAGGAGGCAG,CD8+ T cells
L3_TTCTAACGTAGCCCTG,HSPCs
L2_AGCTTCCTCGATCCAA,CD4+ Naive T cells
L5_AGGGAGTAGGCATCGA,CD8+ T cells
L5_GTAGTACGTACCAGAG,HSPCs
E2L8_TGATTTCGTACTTGTG,Proliferating cells
E2L8_AGGATAAAGGCACCAA,CD14+ Monocytes
E2L4_CGTGTCTAGACCCGCT,CD4+ T cells
L2_GCCAGGTGTATACCTG,CD4+ Naive T cells
E2L8_ATTCCATGTTGTCCCT,NK cells
E2L8_CTCCGATCATGGGTTT,CD8+ T cells
L4_AAGCGAGTCTGTGCAA,HSPCs
E2L2_GGGTTATGTGACCGTC,CD4+ Memory T cells
E2L4_TGCGATACAGGTGGAT,CD14+ Monocytes
E2L5_GGTGTTACAACATCGT,CD4+ Memory T cells
L3_GTTAGACGTGTAACGG,CD4+ Naive T cells
L5_CCTCACAAGCACTCAT,FCGR3A+ Monocytes
E2L6_CAATACGGTCCGCAGT,Plasma cells
L5_AACAAGATCGTGCTCT,CD4+ Naive T cells
L3_CCGGACATCGATTTCT,Plasmacytoid Dendritic Cells
E2L8_CCTCACACAAGTTTGC,Conventional Dendritic Cells
L1_TAAGCGTCACTAAACC,CD4+ Naive T cells
E2L1_CCGCAAGCAGAGTGAC,CD4+ Memory T cells
L5_CTTCGGTAGTCACGAG,Platelets
E2L6_TGCGGGTTCGAGTTGT,Erythrocytes
E2L5_TCGGGACGTACTGGGA,CD4+ Memory T cells
L3_ATGCATGCACTCCTGT,CD4+ Naive T cells
L4_ATTGGGTAGCGAGGAG,CD4+ T cells
L2_TCGTCCACACGGATCC,CD4+ Naive T cells
E2L2_TTGGATGAGACCTCAT,CD8+ T cells
E2L6_GAACACTTCTATGCCC,CD14+ Monocytes
L1_CGGCAGTCATACCAGT,Plasmacytoid Dendritic Cells
E2L4_TACTGCCCAGACGGAT,Proliferating cells
E2L6_ATCCGTCGTGCTTCAA,Plasmacytoid Dendritic Cells
E2L6_ATCAGGTAGCGTCTGC,B cells
E2L3_GTTATGGCATGGCCAC,CD8+ T cells
E2L6_CTTCAATAGACGAGCT,HSPCs
L3_TCAGGTATCCAACCAA,HSPCs
E2L5_AGTTCCCAGGAGATAG,Platelets
E2L1_CCTTCAGAGGTACTGG,CD4+ Memory T cells
E2L1_AGTAGTCCATAACTCG,Plasmacytoid Dendritic Cells
E2L6_TCCCAGTCAAATGGCG,CD8+ T cells
E2L4_GTTTACTTCCAACCGG,B cells
E2L1_TGCTGAAAGAGTCAAT,CD4+ Memory T cells
E2L7_AGCCAATTCGGTCTAA,CD4+ Memory T cells
E2L5_ATGTCTTAGTCAAGCG,CD8+ T cells
E2L4_CGTAGTACAAGCGAGT,CD8+ T cells
E2L4_CCTCTAGGTTCAGCGC,Plasma cells
L3_AGAACAAGTACCCAGC,CD4+ T cells
E2L7_GTACAGTGTGCCTTCT,B cells
L4_TCGGGTGCATCACGGC,Proliferating cells
E2L7_GGAGGATGTTTGGCTA,CD4+ Memory T cells
E2L6_TGGAGGAGTAATGCGG,B cells
E2L4_AGGGAGTTCTAGGCAT,CD14+ Monocytes
E2L2_TCCAGAAAGAGTTGAT,CD8+ T cells
E2L8_CCACTTGTCATGAGTC,Plasmacytoid Dendritic Cells
E2L5_CAACGGCCACACTGGC,Plasma cells
L4_AGGCCACAGCCGAACA,HSPCs
E2L3_TACGGTACACATACGT,NK cells
E2L6_CACTGGGTCTGTTCAT,CD4+ Memory T cells
E2L4_GACTATGAGACCAAGC,B cells
E2L7_ACACTGAGTTACACAC,B cells
L2_TCATTGTTCAAGTCGT,HSPCs
E2L6_GCACTAAAGACTTCCA,Platelets
E2L5_TGGGTTACATGATCTG,B cells
L3_TCGGGCAAGTCACTCA,CD4+ Naive T cells
L1_AGGAGGTTCCTCTAAT,CD4+ Naive T cells
L5_AGAGAATCATGCTGCG,Plasmacytoid Dendritic Cells
L5_ATGGTTGCATCGGCCA,HSPCs
E2L1_TGCATGATCAGTCACA,NK cells
L1_CGCCAGATCCAATCTT,CD4+ Naive T cells
E2L4_TTCCACGAGGTTCAGG,CD8+ T cells
E2L7_CACGTTCTCTCATGCC,Proliferating cells
L1_CATCGTCAGATGCGAC,CD8+ T cells
L4_TGCAGATAGCACTCAT,T cells
L2_GCAGGCTAGACATACA,CD8+ T cells
E2L5_AAGTTCGTCTACACTT,Proliferating cells
E2L8_TTCCGTGAGCCAGTAG,Plasmacytoid Dendritic Cells
E2L3_GTCTCACTCGGCAGTC,Conventional Dendritic Cells
E2L4_GGGTAGACAGTCCGTG,Plasmacytoid Dendritic Cells
E2L2_TCTGTCGCAACTTGCA,B cells
E2L7_TCATGTTGTATTTCCT,FCGR3A+ Monocytes
L3_ATAGACCCAGTGGGTA,B cells
L2_AAGTCGTAGTCCTGTA,CD4+ Naive T cells
E2L5_CTGAGGCCAGCTACTA,Plasma cells
E2L4_TTAATCCCAAAGGCTG,CD8+ T cells
L3_GAAGGGTCATAGGTAA,HSPCs
E2L8_TAGTGCACACGTAGAG,CD14+ Monocytes
E2L1_GTTGAACTCGCCGATG,CD4+ T cells
L3_TCCACGTTCAAACGAA,CD4+ T cells
L5_TCACGCTAGCCATCCG,T cells
E2L7_CATCCCAAGATCCTAC,NK cells
L4_TGCCGAGTCCGGCTTT,CD8+ T cells
E2L4_GAAATGAGTACAGCGA,CD8+ T cells
L4_ACATCGAGTGCAGGAT,CD4+ Naive T cells
E2L7_GAAGAATTCTATCGTT,CD14+ Monocytes
E2L7_CAGTGCGGTGGCGTAA,Platelets
E2L6_TCCTTCTTCGTAGCTA,CD8+ T cells
E2L4_TATCGCCCAGACAATA,NK cells
E2L7_ATCATTCTCCGTCACT,Plasmacytoid Dendritic Cells
L3_CATCCGTGTGTCCACG,CD4+ Naive T cells
E2L4_GAACGTTAGGTGCTTT,Proliferating cells
L5_TGTGATGGTTAAGGGC,Conventional Dendritic Cells
L4_GCTTCACCACCCAATA,CD4+ Naive T cells
L4_CTAACCCAGGTATTGA,FCGR3A+ Monocytes
E2L8_TTGCCTGGTATACGGG,CD4+ Memory T cells
L3_TCTATACCACATACTG,Plasma cells
E2L8_CAGGCCATCGTTGCCT,CD8+ T cells
L4_AGGACGATCATCTATC,CD4+ Memory T cells
E2L7_AGGCCACAGAGCAACC,T cells
E2L8_TTGTTGTGTAGTCACT,Plasmacytoid Dendritic Cells
L4_TCGTAGACAGCTATTG,Conventional Dendritic Cells
E2L6_CTGTGAACATTGGCAT,B cells
E2L7_ATCGGATCATTGCTTT,Platelets
L5_ATTGTTCCAGTTCACA,B cells
E2L8_TCCTTTCGTTGCATCA,B cells
E2L7_GGGCTCAAGGAGAATG,B cells
L1_CCGCAAGCAGGTGTGA,CD4+ Naive T cells
L1_AAGTGAACAGGACGAT,CD4+ Naive T cells
L4_TTGGGTATCCTCAGGG,HSPCs
E2L8_AGTTCCCGTGGTCAAG,Proliferating cells
E2L8_ATTCCTAAGCGAGGAG,CD4+ Naive T cells
E2L8_TTTACCAAGTTTCGAC,CD4+ Memory T cells
L1_CCCTAACTCTGAGATC,CD14+ Monocytes
L5_TCAAGTGCACGACCTG,NK cells
E2L8_AGTGCCGGTCCAACGC,CD4+ Memory T cells
L1_TCAGTGAGTTCTCGTC,CD8+ T cells
L5_AAGTGAACATAACAGA,CD4+ Naive T cells
E2L6_TCAGTCCGTGACACGA,NK cells
E2L6_AAGGTAATCGACACCG,CD8+ T cells
E2L8_GCCGTGAAGAAGTGTT,FCGR3A+ Monocytes
E2L6_TACTTCACAGCGTATT,Proliferating cells
E2L5_ACCTGTCTCATCGCCT,CD8+ T cells
L4_ATGACCAAGGTAGACC,FCGR3A+ Monocytes
E2L5_CTGAGGCCATTCTCCG,Plasmacytoid Dendritic Cells
L5_GTTAGACTCGTAGCTA,HSPCs
E2L4_AGCATCAAGAGGTTTA,B cells
E2L1_ACTATCTAGACGGAAA,CD4+ Memory T cells
L5_ATCACAGGTGTTAAAG,CD4+ Naive T cells
E2L7_ATATCCTCAGGTTCGC,CD14+ Monocytes
E2L8_ACATCGACACGCTTAA,T cells
L5_CTCCGATGTGGCTACC,CD4+ Naive T cells
L5_TGACTCCGTTCTAACG,HSPCs
E2L2_TCCAGAATCTCGACGG,Plasma cells
L1_TAGAGTCTCGATACAC,Plasmacytoid Dendritic Cells
E2L2_AGTGATCAGCCGATCC,Proliferating cells
L2_GTGGCGTTCATTTCGT,B cells
E2L6_ACCTGTCAGCCGATAG,CD4+ Memory T cells
E2L4_GTCCACTGTCCCGCAA,CD4+ T cells
L4_CATACCCTCTTCGGAA,CD14+ Monocytes
E2L6_ACGATCAAGATGGTCG,CD4+ T cells
L1_CTCCCTCTCGTCTAAG,T cells
E2L7_TGTTCTATCTTGAGCA,CD14+ Monocytes
E2L1_AAGGAATTCCTCCACA,Platelets
E2L7_ACGGTCGTCGTCAGAT,B cells
L2_TAGGAGGCATGCACTA,CD4+ Naive T cells
E2L7_TAACTTCAGTTTGCTG,CD4+ T cells
E2L1_GAGGCCTAGCCACTCG,CD8+ T cells
E2L4_TCAGTTTTCCAACTGA,CD14+ Monocytes
E2L2_ACACAGTCAGGTCCCA,B cells
L5_TGTCCCAGTCAAGTTC,T cells
L1_CATGAGTGTGCATTAC,Erythrocytes
L5_AAAGGTACACGCGCTA,Erythrocytes
E2L1_CGTGAATTCGCGGACT,B cells
L4_GAATCGTCAGATCATC,CD4+ Naive T cells
E2L1_GAGTCATTCCGAGAAG,CD4+ T cells
L1_TGTCCCACAGGATCTT,CD4+ Naive T cells
E2L2_GACTCAAGTGGACCTC,B cells
E2L1_CCACAAATCGGATTAC,NK cells
L1_GCTACCTGTTTGCCGG,CD4+ Naive T cells
L4_AATGACCGTACCAATC,HSPCs
E2L3_CCTGTTGTCGAGTCCG,CD4+ Memory T cells
E2L2_TCATTTGCACTGAATC,B cells
L5_TCCCACAAGAGGTCGT,Plasmacytoid Dendritic Cells
E2L7_TTTGGTTAGTATGTAG,CD8+ T cells
L2_TCGTCCACACGGCACT,Proliferating cells
E2L3_AGACAAAGTTGCTAGT,CD14+ Monocytes
E2L4_CTGCAGGGTTAACAGA,CD4+ Memory T cells
L4_ATTCAGGCACAGTACT,CD4+ Naive T cells
E2L6_TCGCAGGAGGCACCAA,T cells
E2L6_TATGTTCCAAGAGGCT,Platelets
L2_TTACGCCGTTACCCTC,Proliferating cells
E2L8_ACCAAACTCCTGGGAC,CD14+ Monocytes
E2L3_GTCCCATGTGCTCCGA,B cells
E2L2_TGCGGGTTCCTGTAGA,CD4+ Memory T cells
E2L4_ATCGATGCAGCTGTTA,Proliferating cells
L4_GCTGCAGTCACCTCTG,CD4+ Naive T cells
E2L4_CGTTAGAGTGATCATC,Conventional Dendritic Cells
E2L6_GGTGTTATCACCATCC,B cells
L1_CCACCATTCGAGAAAT,CD4+ Naive T cells
L2_GTAGTACTCGGACCAC,CD14+ Monocytes
E2L5_CCTGTTGCAGTCTCTC,CD4+ Memory T cells
L1_TCTCACGGTAGGACCA,HSPCs
L5_AGAAGTAGTGCGAGTA,CD4+ Naive T cells
E2L5_AGTTAGCTCGTAACTG,CD4+ Memory T cells
E2L8_CTCTCAGGTAAGATAC,B cells
L3_AGTCAACAGAATCGAT,NK cells
E2L1_GGGACCTGTTAGGGAC,Platelets
L4_TCCTGCAAGGATGAGA,B cells
L1_AGTGCCGTCCCGTAAA,CD4+ T cells
L2_AGACCCGCACGGCGTT,CD8+ T cells
E2L1_CCGATGGCATGAGAAT,CD4+ Memory T cells
L5_AGTACTGAGATGACAT,Plasmacytoid Dendritic Cells
L5_TACCTCGAGCCTCATA,CD4+ Naive T cells
L1_CAAAGAATCGAAGCAG,CD8+ T cells
E2L3_TGAATGCGTCCTGTTC,Proliferating cells
E2L8_CTCTCAGGTGCCCACA,CD4+ Memory T cells
E2L8_GCATCGGGTTTGGCTA,B cells
L4_CATCGGGGTCTTACTT,CD8+ T cells
E2L3_GGTGAAGAGGACTTCT,CD4+ T cells
E2L7_AGAACAATCTAAGGAA,B cells
L2_ATGCATGAGTTGTCGT,CD4+ Naive T cells
E2L1_CCACGTTCAACATCGT,CD4+ Memory T cells
L2_TACCTCGCAGGCACTC,CD14+ Monocytes
L5_AGATCCAGTTTGGGAG,Platelets
L1_CTGGACGCAACAAAGT,CD4+ Naive T cells
E2L5_TCACAAGTCCGCAAAT,CD8+ T cells
E2L4_GGATCTACAAGACCTT,B cells
E2L4_ACATTTCAGTACTGTC,B cells
E2L6_GCTACAAGTTGACTGT,Plasmacytoid Dendritic Cells
L1_ATGAGTCTCCAGCTCT,NK cells
L3_TGATGCAGTTGCTCCT,CD4+ Naive T cells
E2L5_CGTTAGACATCCAACA,Plasma cells
E2L2_ATTGGGTCACGCTGCA,B cells
E2L5_TTGACCCTCCACGAAT,CD4+ Memory T cells
E2L7_TGCGGCAGTAAGCGGT,CD4+ Memory T cells
E2L6_GACATCAAGACGAGCT,CD4+ Memory T cells
E2L5_AGAAATGCACTGGAAG,CD8+ T cells
E2L7_GAGTGTTAGATGCTAA,Plasmacytoid Dendritic Cells
E2L4_AGGTGTTAGCTAGAGC,FCGR3A+ Monocytes
L2_GATGAGGAGAGTTCGG,Proliferating cells
L1_GGGCTCACATTCACAG,Plasma cells
E2L2_GTTCGCTAGGAGGTTC,CD4+ Memory T cells
L4_AGGAGGTAGAGCATCG,Erythrocytes
L1_AACCCAACACTTCCTG,CD8+ T cells
L5_GTGTAACTCGGTTCAA,FCGR3A+ Monocytes
L1_GTAATCGAGCTAATGA,CD4+ Naive T cells
E2L5_AGAACCTTCAAAGCCT,CD8+ T cells
E2L6_GAAGTAACACACGGAA,CD8+ T cells
E2L1_CCAATTTAGGGCCCTT,Plasmacytoid Dendritic Cells
E2L7_TATATCCGTTTCCAAG,B cells
E2L1_TAGTGCAGTTGAGAGC,CD4+ Memory T cells
E2L3_GTTGTAGTCATCGGGC,CD8+ T cells
E2L6_ACATCGAGTTGCCGCA,FCGR3A+ Monocytes
L4_CAGTGCGCAATAGGAT,CD4+ Naive T cells
L4_CGTAAGTCATGTGTCA,HSPCs
E2L8_CCGTTCAGTGTTGCCG,Plasma cells
E2L5_TCGAAGTGTATCCTTT,NK cells
E2L3_GCTACAACAGGTACGA,CD14+ Monocytes
L5_TTCTTGATCCGAGAAG,FCGR3A+ Monocytes
L5_CACAACAAGCAGATAT,CD8+ T cells
E2L6_TAATTCCTCGTTCCTG,CD14+ Monocytes
E2L6_CTGCATCTCCGATCTC,CD14+ Monocytes
L5_CTCAGGGGTCGTGCCA,CD4+ Naive T cells
L3_TCCAGAATCTCGGTCT,CD4+ Naive T cells
E2L3_TCGCTCAAGCTGGAGT,Plasma cells
E2L4_GTGGCGTCACATACTG,FCGR3A+ Monocytes
L4_TCAAGCAGTGGTTTGT,CD4+ Naive T cells
L4_TAACCAGTCCTTCTTC,CD4+ Naive T cells
L4_AAAGTGATCTCTAAGG,CD4+ Naive T cells
E2L6_TCTTCCTCACAAGGTG,CD14+ Monocytes
L3_TGAACGTCACTCGATA,Conventional Dendritic Cells
L5_TTGTTGTGTTGCATAC,HSPCs
L4_GAAGGACTCTTGTGCC,Plasma cells
E2L3_CGGAGAAGTTCCTTGC,CD4+ Memory T cells
E2L5_TTCCTAAAGCAGTAAT,NK cells
L2_TCCATCGGTTGTATGC,HSPCs
L4_TGCTTGCCACAAATAG,Conventional Dendritic Cells
E2L4_GGTGAAGAGACCATTC,CD4+ Memory T cells
E2L1_CTGTCGTGTCTGTGTA,CD8+ T cells
L1_CTGTAGATCATCACTT,CD4+ Naive T cells
L4_TCCTAATAGCTCGCAC,CD8+ T cells
E2L2_TGTTCCGAGTACCCTA,CD4+ Memory T cells
E2L4_GTTGTAGTCTAGTGAC,CD14+ Monocytes
E2L2_ACGGAAGAGGCATCGA,B cells
E2L8_CCTAACCCAAGCGCAA,CD4+ Memory T cells
L2_TATCCTACATTACTCT,FCGR3A+ Monocytes
L4_GGGTGTCGTCACAATC,NK cells
L3_CATAAGCCAAGGTCTT,B cells
L1_CACTGAAAGAATCGCG,CD4+ Naive T cells
L5_CGCCAGATCGCAGTCG,CD4+ Naive T cells
E2L7_GCTTTCGCAGGGATAC,Plasmacytoid Dendritic Cells
E2L5_CCCGGAACACATCCCT,NK cells
L4_GACGTTAGTAGACGTG,FCGR3A+ Monocytes
L3_TCAATTCAGCGCTGCT,CD8+ T cells
L1_GAAGCGACAACGAGGT,NK cells
E2L4_GATCGTATCCTTTAGT,Plasmacytoid Dendritic Cells
E2L5_CAATGACAGCCGAATG,NK cells
E2L5_ACTATTCGTGAGCGAT,CD4+ T cells
E2L2_GTCGAATCAGCTCGGT,FCGR3A+ Monocytes
E2L5_TTCTAACTCCAGCACG,CD14+ Monocytes
E2L8_TCAGGTACAGGCACTC,Proliferating cells
L3_GTTGCTCTCCGTCCTA,FCGR3A+ Monocytes
L1_GTTGCGGTCGTGTTCC,CD4+ Memory T cells
L4_GTGAGCCGTCTCGACG,CD4+ Naive T cells
L3_TGGTGATGTCTGCCTT,NK cells
L4_TAGGTACAGAGTCGAC,CD8+ T cells
E2L6_TGGAGAGGTAAGATTG,CD8+ T cells
L4_CGTTGGGAGCTTGTTG,NK cells
L3_TGTCCACAGGCGTTAG,CD4+ Naive T cells
E2L4_GACTATGAGGGTATAT,CD4+ Memory T cells
E2L3_GTCATGAAGGTGCAGT,Plasma cells
E2L5_TTGTTTGCAGAGTCAG,CD4+ T cells
L3_CCGTGAGAGTTCCTGA,CD4+ Naive T cells
E2L6_CTTACCGAGGCTCTAT,B cells
L4_TAGCACATCACCGGGT,CD8+ T cells
E2L1_CCACACTTCCCGAGAC,CD4+ Memory T cells
L2_AGTGACTGTCTGTGCG,CD4+ T cells
L4_GGGCCATAGACAACTA,T cells
L5_GTGAGCCCAGTTTCAG,CD4+ Memory T cells
E2L7_AATGACCGTATTTCCT,NK cells
E2L3_AGGTGTTGTCCACTTC,Plasmacytoid Dendritic Cells
E2L1_GATCCCTCAAATGGCG,CD4+ Memory T cells
L2_TAGACCATCACTTCTA,CD4+ Naive T cells
E2L1_GAATAGAGTTCTATCT,CD4+ T cells
L1_GAGTCATGTGCATGTT,Erythrocytes
L5_TATTCCAAGTTCATCG,CD8+ T cells
E2L3_GTAAGTCAGTCACTAC,CD4+ Memory T cells
E2L1_CCTACGTTCGTGTTCC,CD4+ Memory T cells
E2L2_CCACTTGTCTGTGTGA,B cells
E2L8_CTCTCGAGTGACACAG,CD14+ Monocytes
E2L8_AGTCATGTCATTGAGC,NK cells
E2L5_ACACGCGGTATCCTTT,CD8+ T cells
L5_TCTGCCATCAAACGTC,CD4+ Naive T cells
L4_TGGTAGTGTTAGAGTA,CD8+ T cells
E2L2_CTCAGTCCACATATGC,CD4+ Memory T cells
L2_TCCATCGCATCGGAAG,Plasma cells
E2L4_AGCTACAGTTTAGACC,CD4+ T cells
L2_GGAGATGGTACCTGTA,Conventional Dendritic Cells
L4_TCGGGACAGCCACCGT,Proliferating cells
E2L7_GCAGCTGCAGAACTTC,Proliferating cells
L5_AACGGGATCTCTCTAA,CD14+ Monocytes
L5_GACCGTGGTGCAGATG,Conventional Dendritic Cells
L4_AGCCAATAGCTCTGTA,NK cells
E2L7_GGTCTGGGTAGAATGT,B cells
E2L5_AGACTCAAGTTGCCCG,CD8+ T cells
L1_CAAGCTACAAATCAGA,CD4+ Naive T cells
E2L4_CCTTGTGGTGGTTCTA,B cells
E2L2_AACAGGGTCCATTGGA,NK cells
L4_GTGCACGTCGTGTGGC,Proliferating cells
L5_ACTTATCCAGAGTAAT,CD4+ Naive T cells
L2_ATTCCCGTCATCACAG,CD4+ T cells
L3_ATGCATGGTTCCAGGC,CD14+ Monocytes
E2L3_ACGCACGTCTCGAGTA,FCGR3A+ Monocytes
E2L3_GACCCTTAGGTAAAGG,CD4+ Memory T cells
L5_CCCTCAAGTGCGTTTA,CD4+ Naive T cells
L5_GTTTGGACAGTGGCTC,NK cells
L5_ACAAGCTAGAGCTGCA,CD4+ Naive T cells
L4_AGTCATGAGCGCCATC,FCGR3A+ Monocytes
L5_TGCTTGCCACGCGTCA,CD14+ Monocytes
L5_ACTGTCCAGTACAGAT,FCGR3A+ Monocytes
E2L7_ACCAAACCATGTGGTT,FCGR3A+ Monocytes
E2L7_CAACCAAAGTACGTCT,B cells
E2L5_CAATGACAGATTCGCT,B cells
E2L8_TCAGGGCAGACAGTCG,CD14+ Monocytes
L4_CACAGGCAGAGAAGGT,CD4+ Naive T cells
E2L7_GTATTGGCAGCTGTTA,B cells
L5_CTCAGGGGTTGACTAC,HSPCs
E2L1_CCCTTAGGTCCAAGAG,CD8+ T cells
L1_CAGTGCGCACGACGCT,CD14+ Monocytes
E2L3_TCGGGCAAGGAGATAG,CD8+ T cells
E2L5_GAAGGGTAGGGCAGTT,CD8+ T cells
E2L7_CTGTACCGTGACAGGT,NK cells
E2L6_TCCGTGTCACGCAAAG,Plasmacytoid Dendritic Cells
L5_GCACGTGGTACAAAGT,CD4+ Naive T cells
L3_CTGAGGCAGGTAACTA,CD8+ T cells
E2L5_TAGCACATCAGAGCGA,B cells
L3_GAGCCTGTCGCCAGAC,Plasma cells
L2_ATCCCTGCACAAATGA,CD4+ Naive T cells
L4_GTTGTAGCATGACCCG,CD4+ Naive T cells
L2_CCATAAGCATATGCGT,HSPCs
L3_AGGAGGTAGACTGTTC,NK cells
L1_AGGACTTGTCAGATTC,CD14+ Monocytes
L4_CGCGTGAAGGTGCCTC,FCGR3A+ Monocytes
E2L6_CCACGAGAGCAAGTGC,Platelets
E2L6_ACTTTGTCACGCCAGT,B cells
E2L5_CTCCAACCAGTTGTCA,NK cells
E2L2_CAGTGCGGTATGAGCG,T cells
E2L6_TACTGCCAGCAGCGAT,B cells
L3_GTCATCCCAGGTAGTG,Plasma cells
L4_AGTCACACACAAGTTC,CD14+ Monocytes
E2L5_CGGAGAATCGTTCCCA,CD14+ Monocytes
E2L2_GTGGAAGGTGCGTTTA,Plasmacytoid Dendritic Cells
L2_CATCGCTTCTGCGTCT,HSPCs
E2L7_AGATGCTAGCCTCAAT,CD4+ Memory T cells
E2L5_GTAGATCAGGCGACAT,CD4+ Naive T cells
L5_TTCCGGTAGCAGGCTA,CD4+ Naive T cells
E2L8_TTTCACACACTGGCCA,CD14+ Monocytes
E2L8_CCCTGATGTCTACGTA,CD14+ Monocytes
E2L7_AAGACAAAGCCATGCC,Platelets
E2L6_ATATCCTCAATTTCCT,Platelets
L3_TGATTTCAGTGCACAG,FCGR3A+ Monocytes
E2L6_TCATTGTAGTCGGGAT,CD14+ Monocytes
E2L7_GGTTCTCGTCAATGGG,Plasmacytoid Dendritic Cells
E2L7_CGATGGCTCCCTTGTG,CD8+ T cells
E2L2_ATCTTCACAAGTTGGG,Proliferating cells
E2L3_GGGTGTCTCTATCGGA,CD8+ T cells
E2L6_TTTCGATTCGCCACTT,Platelets
L2_ACATGCATCTGTCGCT,CD8+ T cells
E2L4_CCTAACCAGAAATCCA,CD14+ Monocytes
L5_TTTGATCGTAACGCGA,CD8+ T cells
E2L2_TTCCTAAAGTATGGCG,B cells
L2_ATCCCTGGTTCTGAGT,B cells
E2L4_TCATTGTCATCGGATT,CD4+ Memory T cells
E2L7_CATTCCGAGGGAGGCA,B cells
E2L4_AATGCCAAGATTAGCA,CD8+ T cells
E2L7_TATCGCCCATACTTTC,Platelets
L4_CCTAAGAAGCGGTAAC,CD4+ Naive T cells
E2L8_ATCGGCGAGTATGACA,B cells
E2L2_CGAGTGCAGCGCATCC,Plasma cells
L3_CGGGTCAGTCATGACT,CD14+ Monocytes
E2L6_ATTCTACGTTCTCAGA,B cells
E2L8_GAAACCTAGCCTGAGA,CD4+ Memory T cells
E2L4_GTGGAAGTCCTCTGCA,Platelets
E2L2_TGGTACAGTTCTTGTT,Platelets
E2L7_CAGCGTGGTCGAGTTT,CD8+ T cells
L3_TCGAACACAGCTGAAG,CD4+ Naive T cells
L5_TCAGTCCAGCATTGAA,B cells
E2L3_TCCTAATCAGAAGTGC,CD4+ Memory T cells
E2L4_AAGTTCGAGTTGAAAC,CD8+ T cells
E2L8_CGTGCTTGTGAGATAT,CD4+ Memory T cells
L1_TCCTTTCTCGCCAACG,B cells
L5_TCGTGCTAGCCAGACA,CD4+ Naive T cells
L2_TGGGAGAGTGCATCTA,CD4+ Naive T cells
L2_CTCAACCGTGGTAATA,CD4+ T cells
L3_ATCCCTGAGGGCAGTT,Plasma cells
E2L8_AACGGGAGTACGCTAT,CD14+ Monocytes
L2_AGAGCAGAGGCCCGTT,CD4+ T cells
L4_GTCATGACACCAGCCA,B cells
L5_GCCAGGTTCATCACCC,CD4+ Naive T cells
L3_GCTTCACAGGAAGAAC,CD4+ Naive T cells
E2L8_GTTCGCTGTATGGGAC,CD4+ Memory T cells
E2L7_GGTGAAGGTATCGGTT,CD8+ T cells
L1_TCAAGCAGTCACTACA,CD14+ Monocytes
E2L1_CCACACTAGTCTGTAC,Proliferating cells
L3_TCGCACTTCGCTGACG,CD8+ T cells
E2L6_AAGCCATTCCGCAACG,CD8+ T cells
L4_GGTTGTAGTCAGACTT,FCGR3A+ Monocytes
L1_TTCTTCCTCTTTGCGC,Erythrocytes
E2L7_CCGTGAGGTCACAATC,CD8+ T cells
E2L1_AGACCCGGTAGGCAGT,CD14+ Monocytes
E2L8_GTGGTTACATATTCGG,Proliferating cells
E2L6_TCGCTCACACTTGGGC,B cells
E2L4_ATAGGCTTCGATAACC,Plasmacytoid Dendritic Cells
E2L4_GAACTGTAGGTACTGG,Conventional Dendritic Cells
E2L2_CTTCTAATCGCTTAAG,B cells
E2L2_AGGATAAAGAACTTCC,B cells
E2L5_TCATTACGTCTAGGTT,Proliferating cells
L4_TCCGATCGTCGTACAT,Plasma cells
L5_AAACGAAGTTCTTCAT,CD8+ T cells
E2L4_TCCATCGAGTATTAGG,CD4+ Memory T cells
L3_TACCTCGCAGGTGTTT,CD4+ Naive T cells
L4_GGAGGATTCCCATAGA,CD4+ Naive T cells
L4_TTACAGGCAACTCGAT,HSPCs
E2L6_ACTTAGGGTGTTACAC,FCGR3A+ Monocytes
L4_TGAATGCGTTGTAAAG,FCGR3A+ Monocytes
L5_GGAGGATAGCCATCCG,CD8+ T cells
L3_AGACTCAAGCCAAGTG,CD8+ T cells
E2L6_ACGGTCGAGAGGGTAA,CD4+ Naive T cells
E2L3_ATTCTACAGACCACGA,CD14+ Monocytes
L1_CGTGAATTCTGGAAGG,CD4+ T cells
L4_TGACTCCAGGGCAAGG,B cells
L5_CACTGAAAGACATATG,Plasmacytoid Dendritic Cells
L3_TCATGGAGTCTAACTG,CD4+ Naive T cells
E2L1_GTCGAATCACAACGTT,HSPCs
L5_CGGAACCAGTGGCGAT,Plasma cells
L5_TCGGGTGAGGGCATGT,Erythrocytes
E2L7_TTGCATTCAGTTAGGG,Proliferating cells
L1_TTTGGAGGTAGCACAG,HSPCs
L4_GGAATCTAGCCTTGAT,CD4+ T cells
E2L3_GTCACTCAGATAACAC,Plasmacytoid Dendritic Cells
E2L7_CTTACCGCACCGTGGT,B cells
L2_GTCGCGAAGATGGCGT,HSPCs
E2L7_AAGGTAACACGTCGTG,FCGR3A+ Monocytes
L1_GGGCTACCAGCTTTGA,Plasmacytoid Dendritic Cells
L2_GGTCTGGCAGGCCCTA,CD4+ T cells
L2_GAATCACCATACGCAT,CD4+ T cells
E2L7_GGTGTTACAATTGCGT,CD8+ T cells
E2L7_GTAGAAATCGAGAACG,CD14+ Monocytes
E2L7_ACTTCCGGTTTAGACC,CD8+ T cells
E2L4_ATTACCTCATTGTACG,B cells
L5_TCAGTTTTCACCGGTG,Proliferating cells
L3_ATTCAGGAGTCGGGAT,CD4+ Naive T cells
E2L5_TTTGGTTTCGAGTTGT,Plasma cells
L3_TAACCAGAGGAAAGAC,CD14+ Monocytes
E2L2_AGTAGCTCAGCGAACA,Conventional Dendritic Cells
L5_CTTCTCTTCGTTCTCG,CD4+ Naive T cells
E2L1_TACTTCAAGAGAGAAC,CD4+ Naive T cells
L3_GTCCCATGTGCGAGTA,Proliferating cells
E2L4_GCGGAAAAGCATCAAA,B cells
L4_CGTCCATAGATACAGT,B cells
L1_AGTACTGTCGGATTAC,HSPCs
E2L4_ATGAGTCAGAAACTGT,CD4+ Memory T cells
L2_AATCACGTCGGCACTG,FCGR3A+ Monocytes
L5_TCCAGAACAGAGGACT,CD4+ T cells
L4_TGTAGACAGTAAAGCT,NK cells
L1_TGTCAGACAAGTGTCT,B cells
L3_TGCTGAACAACGCCCA,CD4+ T cells
E2L4_ATCCTATTCATTCATC,Conventional Dendritic Cells
L5_GCATCTCGTGCTATTG,HSPCs
L4_GAAGCCCGTTACAGCT,CD8+ T cells
L1_ACCGTTCCAACCCGCA,Proliferating cells
L3_TTCTCTCAGCTTGTTG,FCGR3A+ Monocytes
L5_ATCATTCGTACCCAGC,B cells
E2L5_CAGTTAGGTCTCACAA,CD14+ Monocytes
L4_GGTTAACAGCTATCCA,CD4+ Naive T cells
L5_CTCAGTCCACTGCTTC,CD4+ Naive T cells
L5_GGATGTTGTATGGAGC,CD4+ Naive T cells
L2_TACGTCCGTGATGGCA,CD8+ T cells
L2_CCAAGCGAGAAACACT,CD4+ Naive T cells
E2L3_GTCGTTCTCTCGTGAA,B cells
L1_CAACGGCGTCCACTCT,CD4+ T cells
E2L7_TAAGCCAGTAAGACCG,CD14+ Monocytes
E2L5_GCAGCCACACCTGAAT,CD4+ Memory T cells
E2L4_AACCCAAAGCAGGTCA,CD14+ Monocytes
L1_AGGATAATCGGTCACG,Conventional Dendritic Cells
E2L7_TAATTCCCATCTGTTT,CD4+ Memory T cells
L4_CTGATCCAGGTAAGGA,CD8+ T cells
E2L3_CACTGAACATGAGAAT,CD4+ Memory T cells
E2L1_ATGGTTGTCGTTGTAG,CD8+ T cells
E2L1_AAGGAATCAAGAGGCT,NK cells
E2L6_GGGAGTAGTGACTATC,CD4+ Memory T cells
E2L7_AGGCCACAGATGATTG,B cells
E2L6_CCTGCATGTCGCCACA,CD8+ T cells
L1_TCACATTCACACTGGC,HSPCs
L5_CGTCAAAAGCCATTTG,T cells
L1_TCATTTGAGTGATAGT,CD4+ Naive T cells
E2L4_GTAGGTTTCTGAGTCA,B cells
L2_TGGTGATAGTACTGGG,CD4+ Naive T cells
L3_CAAGAGGAGGCTGAAC,CD4+ Naive T cells
E2L8_AAGAACACAGAGATTA,NK cells
L3_CGAGAAGTCATTGGTG,Proliferating cells
L5_TGAATCGCACGTCTCT,CD8+ T cells
E2L4_CGATGGCAGTCGCCCA,CD14+ Monocytes
E2L2_GCAGGCTCAACGTTAC,CD4+ Memory T cells
L4_AGGGTGAAGGATTCAA,Plasma cells
E2L8_ATAGAGAGTCACGCTG,CD4+ Memory T cells
E2L8_GCTTTCGTCCGGTTCT,Conventional Dendritic Cells
L4_TCCCATGCAAGTCCAT,CD4+ Naive T cells
L3_AGGGTTTAGTGGTGAC,FCGR3A+ Monocytes
L5_TCCGGGACAGTCCCGA,Proliferating cells
E2L1_CTGCATCAGGTACCTT,NK cells
L3_GTCCTCACAGATGCGA,CD4+ T cells
L3_CCGCAAGAGTAATACG,B cells
E2L7_CTCAGTCGTAAGCTCT,Plasmacytoid Dendritic Cells
L4_TAATCTCGTGACATCT,CD8+ T cells
E2L7_GGTTCTCAGCTGTTCA,NK cells
E2L5_CGAGTTAAGTAAGACT,CD4+ Memory T cells
L2_CTCTCAGCATTGCAAC,CD4+ Naive T cells
E2L2_GTAGTACCAAGTTCCA,T cells
E2L2_CAGATTGCACCCAAGC,B cells
E2L4_TATCCTATCATTATCC,B cells
L5_TGACAGTCAGATTCGT,CD4+ Naive T cells
L5_TGCTTCGGTAGCGCTC,CD8+ T cells
L2_CCTCACACACGCTGAC,Plasma cells
L5_CTGGACGGTTGTGCAT,CD4+ Naive T cells
L2_AGTACTGCATCGTCCT,Proliferating cells
L5_TCGGGTGCATGCACTA,Proliferating cells
L1_TCCCATGCACCAGCGT,CD8+ T cells
E2L4_ACTGTGAAGTAAGACT,Plasmacytoid Dendritic Cells
L3_GGTGGCTGTAATCAGA,CD4+ Naive T cells
L5_GGGTAGATCGAAGAAT,CD4+ Naive T cells
L5_CTTCTCTCATCCCACT,CD4+ Naive T cells
L3_AGTCACACATGAGGGT,NK cells
L2_GACTGATCATCGATGT,CD4+ Naive T cells
E2L7_GTAGAGGTCGGATACT,CD4+ Memory T cells
E2L5_TTGCGTCCACAGTCAT,CD14+ Monocytes
E2L8_CGAGTGCGTTGCTCCT,Plasma cells
E2L4_GGAGGATAGTGCACCC,FCGR3A+ Monocytes
L1_ATTACCTCAACCCTCT,CD8+ T cells
E2L3_TACATTCCAACAAGTA,CD14+ Monocytes
L2_TCGGATACATCCGTTC,B cells
L2_CTGATCCGTGAGTTGG,Plasma cells
E2L7_TGTTGAGCACAACGCC,B cells
L1_CCACGTTAGGGTGAGG,CD4+ Naive T cells
E2L4_CATGCCTCAACGGCCT,CD4+ Memory T cells
L4_TGAGCATCAGTTGGTT,NK cells
L3_TGCTCGTAGAATTCAG,CD4+ Naive T cells
L4_CAATCGATCGAACCTA,CD4+ Naive T cells
E2L2_ACAACCATCGCCTTGT,CD14+ Monocytes
L5_CCGAACGAGGACAGCT,CD4+ Naive T cells
E2L2_CAATGACGTACAAGTA,Platelets
E2L4_GTTCATTCACGCAGTC,CD8+ T cells
E2L3_TGGTACATCTCCCAAC,CD4+ Memory T cells
L3_AAGATAGTCAGACCCG,CD8+ T cells
E2L4_AGAACCTCAAGGATGC,NK cells
L1_ATGGTTGAGTTTGTCG,B cells
E2L4_ACATCCCAGTAACAGT,CD14+ Monocytes
L1_GGAGGATCATTACGGT,FCGR3A+ Monocytes
L4_CAGCAATGTGGATCGA,B cells
E2L1_TCACTATAGCTAGCCC,CD14+ Monocytes
L2_AGGGCCTTCAAGCTTG,NK cells
L4_GCCGATGAGCCTATTG,CD4+ Naive T cells
L2_TCCTCGACACGGTGCT,NK cells
L5_AGCCAATGTTACAGCT,NK cells
L1_GTAAGTCCATCAGTGT,Proliferating cells
E2L5_AACAACCCACTCTAGA,CD4+ Memory T cells
L3_CGTTAGAGTATAATGG,CD8+ T cells
L3_GGTAGAGGTAGGGTAC,CD4+ Naive T cells
E2L6_CATTGAGTCGGACGTC,CD14+ Monocytes
E2L8_ATGCATGGTCTGATCA,T cells
L4_TTAATCCAGTAGGATT,B cells
L3_TAGTGCAAGGCAGGTT,NK cells
L1_ATTCAGGTCGACTCCT,CD4+ T cells
E2L6_GACTCAAAGGTAACTA,CD8+ T cells
L3_CGTGATACAACATCGT,T cells
L5_ATCGTCCGTCGTAATC,CD8+ T cells
E2L6_GCTTTCGGTACAAGTA,B cells
E2L6_GTACAGTGTGGACTAG,CD14+ Monocytes
L2_GAAGGACCACGCACCA,Proliferating cells
E2L3_ATGGATCTCATGCGGC,CD14+ Monocytes
E2L5_CGCATGGCAGCTACCG,CD4+ Memory T cells
E2L5_TCGATTTTCCAACCGG,CD4+ T cells
L1_TTGTGGATCGAGAAAT,CD4+ Naive T cells
L3_GCCGATGCATGTGGCC,FCGR3A+ Monocytes
L4_TCTAACTAGACGATAT,CD4+ Naive T cells
E2L2_CACTGTCGTCAAGCGA,CD4+ Memory T cells
E2L3_CGCATGGAGATGGGCT,CD4+ Memory T cells
L5_AGGTGTTAGACCAGAC,B cells
E2L1_TAAGTCGAGCTTTCTT,Plasma cells
E2L3_TCCCACAAGTGAGCCA,Platelets
E2L7_TGGGATTGTTCGGCGT,CD8+ T cells
L5_TCCCATGGTTGGAGAC,CD4+ T cells
E2L2_AACCACACAGGCGATA,Proliferating cells
E2L6_ACCTGTCAGTGCGCTC,T cells
L4_TGAATCGCATCTAACG,CD14+ Monocytes
L4_ACAGGGAAGGCTGTAG,CD14+ Monocytes
L4_TCTCACGCACTGGCGT,CD14+ Monocytes
E2L1_GTACAACCAGTAACCT,CD14+ Monocytes
L5_GCCAGTGTCGGTAGAG,CD8+ T cells
E2L2_CTGTGAATCCGGTTCT,Proliferating cells
L4_TTACCGCTCGTAGGGA,Plasmacytoid Dendritic Cells
L4_ATCGGCGAGCCAAGCA,CD4+ Naive T cells
E2L6_ACTGTCCGTTATGACC,CD4+ Memory T cells
L2_TGAATGCGTCAAAGCG,CD4+ Naive T cells
L3_GGGCCATGTTGTCATG,CD4+ Naive T cells
L5_AACAGGGTCGATTCCC,CD8+ T cells
L3_ACACCAATCATTGTTC,Proliferating cells
E2L5_TGGAACTCAGCTCGGT,CD4+ T cells
E2L1_AGCGCCATCTTCGATT,CD8+ T cells
E2L2_GCTACCTCAAGTGGAC,CD4+ Memory T cells
E2L7_AAACCCAAGTGGATTA,CD8+ T cells
E2L1_GGAATGGCACTAGTAC,Plasma cells
E2L2_AACAGGGCAGGCGAAT,NK cells
L2_CATGGTATCAGCTGAT,Proliferating cells
E2L3_TCATCCGGTAATACCC,B cells
E2L2_AAACGCTGTGATTAGA,CD4+ Memory T cells
E2L8_TGTTACTGTTGTACGT,NK cells
L1_CGTTGGGTCGACCAAT,FCGR3A+ Monocytes
E2L5_CGTGATATCAAGAGTA,B cells
L5_GATAGCTAGCAGCAGT,FCGR3A+ Monocytes
E2L4_ACCTACCTCCGAGGCT,B cells
E2L8_ATCCTATCACGGATCC,B cells
L3_TTCCGTGAGACCACGA,CD4+ Naive T cells
E2L7_GTTGCGGAGAGTCAAT,Platelets
L1_TCCATCGCACACCGCA,CD4+ Naive T cells
L3_TCGGTCTGTATATGGA,CD8+ T cells
L3_TTTATGCGTGCCCACA,Plasma cells
E2L1_ATGATCGCAACTGAAA,FCGR3A+ Monocytes
L2_TCCAGAATCTGTAACG,CD4+ Memory T cells
E2L8_CCCTAACGTCTTAGTG,B cells
L3_CCTGCATTCCGTGGCA,Plasma cells
L3_AGGTAGGCAGTAGTTC,CD4+ Naive T cells
E2L8_TGGATGTTCCACGTCT,Plasma cells
E2L1_AAGTGAAAGCACCGAA,Plasma cells
E2L3_CACTGAATCCGCGATG,B cells
L2_TAGAGTCCATGCAGCC,B cells
L5_TGTTGGATCGGTCGAC,CD4+ Naive T cells
E2L7_TGGATGTCAGGCCCTA,CD4+ T cells
E2L7_GCTTCACGTACAACGG,CD4+ T cells
L4_TCAAGCAGTTCCCAAA,HSPCs
L4_CAGGTATCACGGTGCT,CD4+ T cells
E2L5_ATCGGATCACAGCTTA,B cells
E2L8_AAGCGAGCAAATTGGA,CD4+ T cells
L3_ATCGTGATCTGCGTCT,HSPCs
L4_TCTCCGAAGAGCCCAA,CD4+ Naive T cells
E2L3_GGGCGTTCATATAGCC,FCGR3A+ Monocytes
L1_GCTTGGGTCACAGTGT,NK cells
E2L4_AGGTCATTCGGCTTGG,CD8+ T cells
E2L1_GTTCCGTTCCCGTTCA,CD4+ Memory T cells
E2L3_AATTCCTAGGTCGTGA,CD4+ Memory T cells
L2_TGTGTGAGTGAACCGA,CD4+ Naive T cells
L3_AGAAGCGGTCGTACTA,B cells
E2L4_TGTTACTGTGCCTTTC,Proliferating cells
L2_CATCCCAAGGTAAACT,CD4+ T cells
E2L3_GTGCTGGTCATCGCCT,CD4+ Memory T cells
L4_CAATGACAGTTGCCCG,CD4+ Naive T cells
E2L3_TGATGCAAGTAGGCCA,B cells
E2L2_GTGCTTCTCCGTGACG,Conventional Dendritic Cells
L5_TATCTGTTCACACCCT,CD4+ Naive T cells
E2L3_TGAGTCAAGACTTCCA,NK cells
E2L8_TAAGCACAGAGCATCG,NK cells
L5_AGGAAATGTTTAGAGA,HSPCs
E2L1_GTTACCCGTTTCCAAG,CD14+ Monocytes
L4_CAGCGTGGTTAGGACG,CD4+ Naive T cells
L4_CTAGGTAAGCGCAATG,CD4+ Naive T cells
L4_ATCACAGAGGCATCTT,CD4+ Naive T cells
E2L4_GATCATGCAGTTCTAG,Proliferating cells
L3_TCTACCGAGTGTTGAA,CD14+ Monocytes
L2_AGGTTACCAGGGATAC,CD4+ Naive T cells
E2L8_ATGGATCCAATAACGA,FCGR3A+ Monocytes
E2L3_CGAGGCTCAGATTAAG,Plasmacytoid Dendritic Cells
E2L6_ACGTAGTAGGTGATCG,FCGR3A+ Monocytes
L2_TCCTGCAAGCACTTTG,CD4+ Naive T cells
L1_TACTTCAAGAGGTCGT,Plasmacytoid Dendritic Cells
E2L5_GCAGGCTGTTCTGAGT,T cells
E2L2_ATTCCATGTATCTCTT,B cells
E2L7_CTGAGGCCATAACTCG,CD8+ T cells
E2L4_CTCATCGCAGAGTTGG,NK cells
E2L5_TACTTCACAAAGAGTT,Plasmacytoid Dendritic Cells
L1_TAGATCGAGGCGTTGA,CD4+ Naive T cells
E2L6_TAGGTACGTGGTAACG,CD4+ Memory T cells
E2L6_CACGTGGCAGAGGTAC,FCGR3A+ Monocytes
L4_ACAAAGAGTGCACATT,CD4+ Naive T cells
E2L5_ACCACAATCAATGCAC,CD4+ Memory T cells
L4_CATGGTATCAATGCAC,Proliferating cells
L2_CTAGGTACAAGGTCGA,B cells
L4_GCGATCGTCCGTGTGG,Conventional Dendritic Cells
L4_GATTTCTTCAGCTAGT,HSPCs
L3_TACTGCCGTTCACGAT,FCGR3A+ Monocytes
E2L1_CATCCCATCCGCACGA,Conventional Dendritic Cells
E2L5_GCCGTGACAGTCAGTT,Proliferating cells
E2L5_TTTCAGTCAATAACCC,CD4+ Memory T cells
L5_AGGAGGTCATCCTTCG,Conventional Dendritic Cells
L4_TGGTGATGTCACTAGT,CD4+ Naive T cells
L3_GGGACCTAGTCAACAA,Plasmacytoid Dendritic Cells
E2L3_ACTGATGTCGTAGTCA,Platelets
E2L7_GTTACCCAGCCTAACT,B cells
E2L2_GGTCTGGGTGCATTAC,CD4+ Memory T cells
L1_ATATCCTCATGCCATA,CD4+ Naive T cells
L2_GGCTTTCCATGGCGCT,CD8+ T cells
L5_TGTGAGTAGTACAGAT,CD4+ T cells
L4_GCAGCCATCCTGGCTT,CD4+ Naive T cells
L3_TACAACGCATGCCATA,Plasmacytoid Dendritic Cells
E2L4_TTCCAATAGGTAAGGA,Proliferating cells
E2L7_TTGGATGCAATGTCTG,CD4+ Memory T cells
E2L4_AGCCAATCAAACTAAG,CD4+ Naive T cells
E2L8_GTGTGATAGTATGCAA,B cells
L1_AGGACTTGTCCTGTTC,CD8+ T cells
L2_TGGAACTGTTGTCTAG,CD4+ Naive T cells
E2L5_ATCGATGGTTCCTTGC,CD14+ Monocytes
E2L1_GATGTTGTCTCCGTGT,Proliferating cells
E2L3_AGCCAGCCAGCACAAG,Plasmacytoid Dendritic Cells
L4_GATAGAAGTACAAACA,CD8+ T cells
E2L5_TTAGGCATCTTCGTAT,Proliferating cells
E2L6_ATCACAGTCAATGTCG,Proliferating cells
E2L2_ACCCAAACATTGTAGC,Conventional Dendritic Cells
E2L3_CTGTAGAGTTTCGACA,HSPCs
E2L2_TCCATCGCAAACTCTG,CD8+ T cells
L2_GAGGCAAAGTGGTCAG,CD14+ Monocytes
E2L6_GCAGCCATCGTGGGTC,Plasmacytoid Dendritic Cells
L2_TTAGGGTCACTCTAGA,CD14+ Monocytes
E2L5_CTAGGTACAAGTAGTA,NK cells
E2L2_ACAGCCGAGGACCCAA,CD4+ T cells
L3_TCCGGGATCCTCTAGC,CD4+ Naive T cells
E2L3_TGTAGACGTACCAGAG,Proliferating cells
L1_GAGGCAAAGGTCTGGA,CD4+ Naive T cells
E2L4_AACAAAGCATAGGTTC,CD4+ Memory T cells
L1_CAGATTGAGAAACTCA,CD4+ Naive T cells
E2L4_TGACCCTCAGCGACAA,Proliferating cells
E2L1_GTGTTAGAGTTACGAA,B cells
L1_GGTCTGGTCACTCACC,Proliferating cells
E2L6_ACGGGTCCATACGCAT,Platelets
L3_TACTTGTAGTCACTCA,CD4+ Naive T cells
E2L8_GTAGGTTTCAGTGGGA,Conventional Dendritic Cells
L2_TTGTTTGAGTAATCCC,NK cells
L4_TTTGTTGTCGAATGCT,CD4+ Naive T cells
E2L8_TCCTCCCAGAGCCATG,FCGR3A+ Monocytes
E2L1_GCCGATGGTCAGTCTA,Proliferating cells
E2L6_TGACGCGAGCAGTCTT,T cells
E2L6_TTTAGTCGTCAGTCCG,CD8+ T cells
E2L1_CCTACGTCAGCGTATT,NK cells
L5_ATTCTTGAGAGAATCT,CD4+ Naive T cells
E2L4_CCACGAGAGACGCAGT,NK cells
E2L6_CCGTGAGAGCTTACGT,CD14+ Monocytes
E2L2_TGGTACACATAGACTC,CD14+ Monocytes
E2L4_GGTGATTAGGGAGGCA,Conventional Dendritic Cells
E2L3_GTTACAGCACAGCTGC,CD8+ T cells
E2L5_TTCCAATAGAGGGTCT,CD14+ Monocytes
E2L1_TCTGTCGTCCTACCAC,CD4+ Memory T cells
L4_GTAACCACATTCGGGC,CD4+ Naive T cells
E2L7_GTACAGTAGAGGTCAC,CD4+ Memory T cells
L1_GTAATCGAGTCAATCC,CD4+ Naive T cells
E2L5_TTTGGTTTCGAACCTA,Plasmacytoid Dendritic Cells
L2_TTACCGCCATAACTCG,CD4+ Naive T cells
E2L2_TCGTAGAAGATACATG,Plasmacytoid Dendritic Cells
L5_CACATGATCTGACGCG,CD8+ T cells
E2L5_CCTCCAAGTTGATGTC,T cells
E2L5_GTGGAAGTCTCGTGAA,NK cells
L5_TCCTAATCACCTTCCA,CD4+ Naive T cells
E2L8_TCAATCTCACACCTTC,B cells
L2_TCAGTGAAGTGAACAT,HSPCs
E2L6_CGATCGGGTAACATAG,CD4+ Memory T cells
L4_TGGAGAGAGCACGTCC,CD4+ Naive T cells
L3_TGCAGATCAGCCTACG,CD14+ Monocytes
L5_GTGGTTAGTACAGCGA,CD4+ T cells
E2L4_ACCTGAAAGGACTATA,CD4+ Memory T cells
L1_AAACGAAAGTTGAATG,CD4+ T cells
L5_CAGAGCCCACGAGGTA,CD14+ Monocytes
E2L5_CATTCATAGATGCGAC,CD14+ Monocytes
E2L6_ACTTCCGGTCTTAGTG,Conventional Dendritic Cells
L2_TATTGCTGTGTTCGAT,Plasma cells
E2L7_TAGCACACATTACGGT,CD8+ T cells
L5_GACCCAGTCACTGTTT,CD4+ Naive T cells
L5_CGAATTGGTTTGTGGT,Proliferating cells
E2L5_CATGCGGGTTTAGTCG,NK cells
E2L7_GCATTAGTCGCAGTCG,CD14+ Monocytes
L1_CTTGATTAGGAAGTAG,CD4+ Naive T cells
L5_CATCCCAGTCATGGCC,HSPCs
L5_AAAGGGCGTCACTTCC,CD4+ T cells
L4_CTACCTGTCATTCACT,CD4+ Naive T cells
L5_CTGTGGGCACTGCACG,Proliferating cells
E2L8_CATACCCCATCCTAAG,CD4+ Memory T cells
L4_TTTGTTGTCGTCCATC,CD8+ T cells
L3_TGGAGGAGTTCTCTAT,FCGR3A+ Monocytes
E2L8_ACTTTCATCTCGTGGG,CD4+ Memory T cells
E2L8_TGTGTGAAGACCAGAC,B cells
E2L3_AGTCAACTCGGTCGGT,CD14+ Monocytes
E2L1_AAGACTCTCGCTAGCG,CD8+ T cells
E2L1_CATGAGTAGCTTTGTG,B cells
L3_TTTACGTTCAAGGAGC,FCGR3A+ Monocytes
E2L3_GGTGAAGAGGACACTG,CD4+ Memory T cells
E2L1_CTTGAGATCCGGCAGT,CD14+ Monocytes
L1_GCCGTGAGTCGAGTGA,CD4+ Naive T cells
L1_GGCTTTCTCCTCACGT,FCGR3A+ Monocytes
L3_GAAACCTAGATGTTGA,Plasmacytoid Dendritic Cells
L4_AGTCATGCAAGGGCAT,CD4+ Naive T cells
E2L3_TGGTTAGCATTGCTTT,CD8+ T cells
E2L3_GTTGTCCCAGTGCCTG,CD4+ Memory T cells
E2L8_CAATACGCACGGTGCT,CD8+ T cells
E2L5_GCATCTCAGGAACGCT,Platelets
E2L6_CTCTGGTAGACGTCGA,CD14+ Monocytes
E2L3_TTGATGGGTATGCGGA,T cells
L5_TCGAAGTTCTATCGTT,CD14+ Monocytes
E2L8_TCGCACTTCCGCTGTT,CD8+ T cells
E2L1_AGGGTTTTCCGCGGAT,CD8+ T cells
E2L2_GGGTTTACACATGTTG,FCGR3A+ Monocytes
E2L4_GCAGCCAAGACATGCG,CD14+ Monocytes
L4_GCCAGGTGTTTACGTG,CD8+ T cells
E2L1_ACACTGAAGTCATAGA,CD8+ T cells
E2L5_TGTAGACGTACAAACA,NK cells
E2L6_AAACCCATCAACTGGT,CD4+ Memory T cells
L1_ATTCATCAGCCTGACC,CD4+ Memory T cells
E2L4_TTACTGTTCTACTGCC,Plasma cells
L3_ACGGTTATCAAGCCCG,HSPCs
E2L5_GTCTTTATCCTGGGTG,B cells
L1_CAGGGCTGTCTTCGAA,Proliferating cells
E2L4_CAACAACGTCCCTGTT,CD8+ T cells
L5_AATCACGAGAGCCCAA,Plasma cells
L1_AGATCGTGTGTCTTCC,CD4+ Naive T cells
E2L8_AATCGACCAACGGCCT,NK cells
E2L4_ACTGTCCGTCACCACG,CD4+ Memory T cells
L5_CTGAGCGAGGTGCAGT,CD4+ Naive T cells
L4_TATCTTGGTTACACTG,CD4+ Naive T cells
L3_TACAGGTGTAGTTACC,NK cells
E2L7_CGGGTCATCGTACACA,CD4+ Memory T cells
L4_ATTCATCTCCCATACC,Conventional Dendritic Cells
E2L6_ATTCACTGTTAAACAG,B cells
E2L8_AAGTTCGAGGATTTAG,CD4+ Memory T cells
L1_CGATGGCAGACCAACG,CD8+ T cells
E2L4_TGAGGTTTCAAGTAAG,CD14+ Monocytes
E2L6_CCTCAACTCGACGTCG,CD8+ T cells
L4_CTGTCGTCAAGAAACT,CD4+ Naive T cells
L4_CATTCATAGTGATGGC,CD4+ Naive T cells
L1_GATCCCTGTTAAGGAT,CD8+ T cells
E2L2_CAGCAGCAGTAGGGTC,CD8+ T cells
L4_CCGGACACACCTCTAC,CD14+ Monocytes
L2_TTGGTTTGTTCAGCGC,Plasma cells
L1_TGTGGCGTCCACACCT,CD14+ Monocytes
L5_ATCACTTCAGAACCGA,CD4+ Naive T cells
E2L8_AGGGCTCGTGTCATCA,B cells
E2L3_TTCTAGTTCAAGATAG,NK cells
E2L5_CATTGAGGTAGCTTGT,CD4+ Memory T cells
L3_AAAGGGCTCGCTGTTC,FCGR3A+ Monocytes
L1_AAGAACATCAAAGCCT,HSPCs
E2L5_CATGCCTGTCGTATGT,Proliferating cells
E2L3_CTTAGGATCCCTTTGG,HSPCs
L3_TCCACGTAGGTCACCC,CD8+ T cells
E2L5_GCCAGTGTCACCTGTC,Plasmacytoid Dendritic Cells
E2L1_ATGACCAGTAGTATAG,Plasma cells
E2L1_TAAGCACGTAGTATAG,CD8+ T cells
E2L6_TTTACCAGTTGAAGTA,Platelets
L2_GGGACTCTCGGCCCAA,FCGR3A+ Monocytes
L1_GGCTGTGCAACTGTGT,CD4+ Naive T cells
E2L2_GGGAGTAAGAGAGAAC,Plasmacytoid Dendritic Cells
E2L4_AGCCACGCAATGTGGG,T cells
L2_CTATAGGCATGCGGTC,CD8+ T cells
E2L1_AGTAGTCCAGTTCTAG,CD8+ T cells
E2L6_TGTTGGACAGAAATCA,NK cells
L3_AGGGCTCCAAAGCAAT,NK cells
L3_TCTGCCATCCACCTGT,CD4+ Naive T cells
E2L3_TGCATCCCACGACAGA,CD4+ Memory T cells
E2L3_TCAGTCCGTGCTGATT,T cells
E2L4_TGTTCATAGCAACAAT,CD4+ Memory T cells
L4_GGGCGTTAGCGGGTTA,CD4+ Naive T cells
L1_TGGTAGTAGGGTTAAT,CD4+ Naive T cells
E2L2_TGCCGAGAGAATACAC,CD4+ Memory T cells
E2L8_TACGTCCCAATCTCGA,B cells
L1_TGGATGTAGACGGAAA,HSPCs
E2L4_CTCTCAGGTGACTGAG,Proliferating cells
E2L8_TTCTAGTTCACGGTCG,CD8+ T cells
E2L6_GTCACTCCAAGCTACT,CD14+ Monocytes
E2L5_TCATACTGTTCGTTCC,CD4+ Memory T cells
L2_ACTTAGGAGTAAACGT,Conventional Dendritic Cells
E2L8_CATTGAGTCTCTATGT,CD4+ Memory T cells
E2L3_GGTGTCGGTATCAAGA,CD14+ Monocytes
E2L1_ATCTTCAAGTGGGAAA,Plasmacytoid Dendritic Cells
E2L8_TGAGGAGCATCTCCCA,NK cells
E2L4_ATGGTTGAGCCTCCAG,B cells
E2L4_TTTCCTCGTGGCAACA,CD4+ Memory T cells
L2_GAAGCGACAGAATCGG,CD8+ T cells
E2L4_CTGTGGGGTCACTTAG,B cells
E2L4_CATGCGGGTATAATGG,CD14+ Monocytes
E2L6_TGTTCATGTCGTAATC,CD4+ T cells
E2L4_CATTCCGAGATGGCGT,Proliferating cells
L1_ATTGTTCGTCTCAGAT,CD14+ Monocytes
E2L5_TGCGGGTGTACACGTT,NK cells
L3_TGACAGTCAGCGTGAA,B cells
L2_GTAAGTCAGCGCAATG,CD4+ Naive T cells
E2L1_AAGACAACACGATAGG,B cells
L4_GTAGGAGAGTGCTCGC,B cells
E2L5_AGGACGATCCATAGGT,Proliferating cells
L3_CACACAACAGCAGACA,CD8+ T cells
L1_CGGAGAAAGCAAACAT,CD4+ Naive T cells
E2L1_TGTTCCGGTATCTTCT,CD8+ T cells
L1_ATCCATTTCTCGGTCT,Plasma cells
E2L6_TTGCTGCAGCACCGAA,B cells
E2L8_ATTCTTGCAAGGCGTA,CD8+ T cells
E2L7_GAAGCGAGTACGTTCA,CD4+ Memory T cells
L3_CCGTTCAAGCGTTACT,CD4+ T cells
L1_CTGTAGAGTGGCAGAT,CD4+ Naive T cells
L2_AGAGAGCCACGAGGAT,Erythrocytes
L1_CAATGACGTCCTCAGG,CD4+ Naive T cells
L4_TTCCAATTCAGGTGTT,NK cells
E2L3_TCCACGTCACTAGGCC,Conventional Dendritic Cells
L1_AGAGCCCAGGCCATAG,CD4+ Naive T cells
E2L7_GGGTCACAGTAAGGGA,NK cells
E2L8_CCTGCATAGACTCGAG,CD4+ Memory T cells
L4_CGGGTGTAGGTCGTAG,CD4+ Naive T cells
E2L6_CACTTCGTCGTGTTCC,CD14+ Monocytes
L5_TGTACAGTCTGGCCGA,CD4+ Naive T cells
L5_GACACGCGTCCCTGTT,CD4+ T cells
L2_GTAGGTTAGCGGACAT,B cells
E2L3_GCCATGGAGAGGTTTA,CD8+ T cells
E2L8_GATTCGACATTGCAAC,B cells
E2L1_TTAATCCTCTACACAG,FCGR3A+ Monocytes
L4_CCTCATGTCTCGGTCT,CD4+ Naive T cells
E2L7_CTCCTCCGTCGTTTCC,Plasma cells
E2L6_TGTAACGCAGACTCTA,CD4+ Memory T cells
E2L6_CCACTTGGTAACGGTG,CD4+ Memory T cells
L4_TGCAGATAGACCATAA,CD14+ Monocytes
E2L4_CATCGCTCAATAGGGC,CD4+ T cells
E2L5_TGCCGAGAGGTCACCC,B cells
L1_ACCGTTCAGATGCTAA,Proliferating cells
E2L2_CCGAACGGTTTCACTT,CD4+ Memory T cells
E2L8_CAACAGTCAGGATTCT,Conventional Dendritic Cells
E2L7_TCTCACGGTCTTACTT,CD4+ T cells
L5_GCACGGTTCATTCACT,CD4+ Memory T cells
E2L8_GTGGAAGCAGTTTCGA,FCGR3A+ Monocytes
E2L3_TCCCACAGTGAGTAGC,CD4+ T cells
E2L5_ACAGCCGCACCCTCTA,CD4+ Memory T cells
L5_ATCGTGAGTTGGCCGT,B cells
E2L7_GGGTTTACATATAGCC,CD4+ Memory T cells
L1_GAATCGTCATACTGTG,HSPCs
E2L1_AGAAATGGTCTAGATC,Plasmacytoid Dendritic Cells
E2L1_AGCCACGCATCCGTGG,B cells
E2L6_TCCTCCCAGCAGTCTT,CD8+ T cells
E2L8_AACCCAACACCAGCCA,B cells
E2L1_ACTTAGGAGGGTACGT,Proliferating cells
L5_AAAGTCCTCACGGGCT,CD8+ T cells
E2L1_TCACGGGGTCGAGCTC,FCGR3A+ Monocytes
E2L5_GACGTTACAGCGGTTC,Proliferating cells
E2L1_GTGAGCCCAAGTCCAT,B cells
E2L8_ACGTAGTCAAAGGCGT,NK cells
L5_TTGGATGGTTAAAGTG,CD4+ Naive T cells
E2L3_AGCCAATCACCTCTAC,Proliferating cells
E2L1_AGGGCTCGTGGGAGAG,B cells
L5_CGAAGTTAGGGAGGCA,CD4+ Naive T cells
L5_GGTGAAGTCGACACCG,NK cells
E2L8_AGTTCCCCAATTTCTC,Plasmacytoid Dendritic Cells
E2L4_TGAGTCAGTAAGATTG,NK cells
E2L7_GCACGGTTCCGCGGAT,Plasma cells
L4_GACTTCCAGGGTGGGA,HSPCs
E2L1_AACAACCTCGCGCTGA,CD8+ T cells
E2L2_GAAGAATGTAATACCC,CD14+ Monocytes
L5_TCCGTGTCAATGTCTG,B cells
L3_CTACCTGGTACCTTCC,B cells
E2L4_GTAGGAGGTCGTGGAA,B cells
L1_CTGAATGAGTCTAACC,CD4+ Naive T cells
E2L6_CAGATACTCGCCTAGG,Plasmacytoid Dendritic Cells
L1_TCGCACTAGCAATTCC,CD8+ T cells
E2L6_TCTTCCTCAGACTCTA,B cells
L3_TATCAGGCAAGCTACT,CD4+ T cells
E2L6_CAAGCTACAACGATTC,Platelets
E2L7_ATCACGACATGCCGCA,CD8+ T cells
L2_TCCCACACACAAAGCG,CD4+ Naive T cells
E2L7_ATGAGTCAGCTTAGTC,B cells
L3_TCATCCGCACAGTCCG,CD4+ Naive T cells
L1_GTCACTCAGGACGCTA,CD4+ Naive T cells
L3_AGCTACAGTCAACGCC,CD4+ Naive T cells
E2L5_TGAGCATCAGATGCGA,NK cells
L5_AACAGGGCACCTTCGT,CD4+ Naive T cells
E2L2_ATATCCTCAACGTAAA,CD8+ T cells
E2L8_TTACTGTCAGTGTACT,T cells
L4_ACATCCCGTTCATCGA,Plasmacytoid Dendritic Cells
E2L3_GCCAACGCATCTAGAC,NK cells
E2L5_CAGAGCCAGAAGCGAA,Plasma cells
E2L7_AAAGAACAGCATTGTC,CD8+ T cells
L4_TGGGTTACAGCTGGTC,CD4+ Memory T cells
E2L5_GCTACAAAGGGAGTGG,Platelets
L2_AGCGCTGGTGTCCAAT,CD8+ T cells
L4_GAGTGAGTCCTTGGAA,HSPCs
E2L4_TTTATGCGTACAGGTG,CD4+ Memory T cells
L2_TCAGGGCCACGTACTA,CD4+ Naive T cells
L4_TGCTGAATCGACCTAA,CD8+ T cells
L1_GTAACCAGTGCCGTTG,FCGR3A+ Monocytes
L1_CGGGTGTCATCGAGCC,CD8+ T cells
E2L5_TACGTCCCAGGTTACT,NK cells
L4_GCACTAAAGGGTTGCA,CD4+ Naive T cells
L2_TCGAACAGTATCGTGT,CD4+ Naive T cells
E2L3_CTGTCGTAGCTTGTTG,NK cells
L3_GTAGGAGAGTGTTCCA,CD4+ T cells
L1_TGCGACGTCCATCTAT,CD8+ T cells
E2L5_TGTGATGAGCATGAAT,CD8+ T cells
E2L2_ATGTCCCGTGGCATCC,CD4+ Memory T cells
E2L3_ATTACCTTCAAAGAAC,CD8+ T cells
L5_CCACTTGGTGAGATTA,CD4+ Naive T cells
E2L8_AATTCCTAGTGCCGAA,CD4+ Memory T cells
E2L2_TCGGGTGGTGACAGGT,B cells
E2L2_ATATCCTAGCAATTCC,CD8+ T cells
L3_GAGGCCTAGCCGATAG,FCGR3A+ Monocytes
E2L2_TAATTCCAGAAATGGG,B cells
E2L1_TTTCCTCAGTATGAAC,CD14+ Monocytes
L3_AACCAACGTAGGACCA,HSPCs
E2L2_GTCACGGGTCGGTACC,NK cells
E2L3_ATTCCCGCAGGTTCCG,B cells
L1_CTCAGTCCATCCGAAT,NK cells
E2L8_CCAATTTAGGATACGC,B cells
L2_GGTGTTATCCCGTTGT,Proliferating cells
L3_GGGAGTAAGGTAGGCT,CD14+ Monocytes
E2L7_AGGAGGTCAATCCTAG,CD4+ Memory T cells
E2L5_TCACTATTCACCTCGT,B cells
L2_GATTCGAAGATACAGT,FCGR3A+ Monocytes
L3_CACGTGGCAGTCGCTG,CD14+ Monocytes
E2L6_GCTCAAAAGCATGCGA,CD8+ T cells
L4_CTTCTCTAGCACGATG,CD4+ Naive T cells
E2L8_GCCATTCCAGAGCTAG,NK cells
E2L3_GTGCTTCGTCAAGTTC,NK cells
E2L1_AGGGCCTTCCGTTTCG,CD4+ Memory T cells
E2L2_GCAGTTAGTAGTGCGA,Plasmacytoid Dendritic Cells
L2_GACTCTCTCATCGTAG,CD8+ T cells
E2L2_TTCTGTAAGCCTCAAT,CD4+ Memory T cells
E2L4_TCCACGTCACCAAATC,CD4+ Memory T cells
E2L7_AATGAAGCAGATCCTA,B cells
L4_CCTTGTGCAGATAAAC,CD4+ Naive T cells
L4_TATCAGGAGATCACCT,B cells
E2L6_TGCGGCACATGCAGGA,Plasma cells
E2L1_GGGATGACAGTTACCA,CD8+ T cells
E2L4_AGAACCTCACACACGC,CD8+ T cells
L2_GGATCTAGTGTATACC,NK cells
E2L2_CAATCGAGTTGGGTAG,CD14+ Monocytes
E2L4_TGTTGGACACTATCGA,CD8+ T cells
L2_TACGCTCAGGACACTG,CD4+ Naive T cells
E2L2_TTGCCTGTCCACCTGT,CD8+ T cells
L1_TACTTGTCAGACCTAT,CD4+ Naive T cells
L1_GGAAGTGTCCGCGATG,T cells
L5_GGGTCACAGCGACTGA,CD8+ T cells
E2L7_GTGCGTGTCTCCAAGA,CD14+ Monocytes
L3_TTGAGTGCACACACGC,CD4+ Naive T cells
E2L5_CTTCAATCACCTCTAC,CD4+ Memory T cells
L1_CGGGCATAGACTCAAA,NK cells
E2L5_AAGGAATCACATATGC,CD14+ Monocytes
L4_ATGACCACAACGAGGT,CD4+ Naive T cells
L1_AGTGATCAGCTGAAAT,CD4+ T cells
E2L5_AATTCCTTCGCTAATG,CD4+ T cells
E2L1_GATTTCTAGTTCCGGC,Proliferating cells
E2L6_CATGGATCAACTTGCA,CD4+ Memory T cells
L4_AAGCATCTCGTTCAGA,CD4+ Naive T cells
E2L5_CATACCCTCCGTCACT,NK cells
L4_CACTGGGGTTTCGGCG,CD8+ T cells
L3_GGTTCTCCAAGCTACT,CD14+ Monocytes
L4_CCAAGCGTCCCGAGAC,CD4+ Naive T cells
E2L2_GCAGGCTGTGTACAGG,CD4+ Memory T cells
E2L5_CACCAAAAGATTCGAA,NK cells
E2L2_TCCGATCGTTTGTGGT,Platelets
E2L4_TCGACGGTCGCCAATA,Plasmacytoid Dendritic Cells
E2L7_GATTGGTCAATACCTG,CD4+ Memory T cells
L1_ACACTGATCTGCATGA,CD4+ Naive T cells
L1_GTGTGATTCTAAGGAA,HSPCs
E2L4_CTCCTTTTCACGTCCT,CD14+ Monocytes
E2L3_AAAGTGATCTCGGTCT,CD14+ Monocytes
L1_TGTAGACCATTGAAAG,CD4+ Naive T cells
L5_TGTGATGAGTCACAGG,B cells
E2L1_TGGGTTACACAAGGTG,CD4+ Memory T cells
E2L4_GTGGTTAAGAGAGTTT,CD8+ T cells
E2L4_CATGCAATCACTCACC,CD8+ T cells
L5_CGCCAGACAGATTTCG,CD8+ T cells
E2L2_TCTTGCGGTGACATCT,CD14+ Monocytes
E2L6_AGGTTGTTCGCCTAGG,NK cells
L2_AACAAAGTCGCCAATA,CD4+ Naive T cells
E2L6_ATCGATGCACGTGAGA,CD8+ T cells
L4_TCTAACTGTGATTCTG,CD8+ T cells
L1_GGGACAATCGTGAGAG,CD4+ Naive T cells
E2L4_TGTCCCATCGAATCCA,CD4+ Memory T cells
E2L7_ATCGCCTGTTAAGTCC,NK cells
L4_GAGATGGGTCTTAGTG,CD4+ Naive T cells
L1_GATAGAATCGTAATGC,CD4+ Naive T cells
E2L3_GTAGAAAGTCGTCAGC,NK cells
E2L4_CACGGGTGTACTAGCT,CD4+ Memory T cells
E2L1_CACATGAGTGCTTATG,Proliferating cells
E2L2_TTGCGTCTCCGGTAAT,CD4+ Memory T cells
E2L4_AATAGAGTCTGGTTGA,Proliferating cells
E2L7_GTTACAGCATGCCGAC,Proliferating cells
L5_GTCTGTCAGGCGTTAG,Plasma cells
E2L1_GAGACTTAGCCATCCG,FCGR3A+ Monocytes
E2L6_GAGACCCTCGGCTTGG,Conventional Dendritic Cells
L1_GTGATGTAGGTCATTC,HSPCs
E2L1_TACACCCAGCAGCGAT,CD4+ T cells
E2L7_AACACACCATGAGGGT,CD4+ T cells
E2L8_GTAGTACCACTGTTCC,FCGR3A+ Monocytes
L2_CCGAACGGTACCTAAC,CD4+ Naive T cells
L4_AGGCTGCGTAGGATAT,CD14+ Monocytes
L4_TCGGATATCCCATAAG,CD4+ Naive T cells
L1_TTCTCTCGTGAGCAGT,CD4+ Naive T cells
E2L1_CATGGTAGTTTCGTGA,CD8+ T cells
E2L6_TACGGTAAGAAATTGC,B cells
E2L2_TGTTACTGTCCACGCA,CD8+ T cells
E2L8_CAAGCTAGTTATGACC,Platelets
E2L8_TTGAACGAGTTGGCGA,Conventional Dendritic Cells
L5_GTCTACCTCCAGTTCC,CD14+ Monocytes
L5_CCTGTTGGTACGGGAT,Plasmacytoid Dendritic Cells
E2L5_CATGGTACATTCAGCA,CD8+ T cells
L1_TTCACCGCATTCATCT,CD4+ Naive T cells
E2L7_AATGCCATCGACGTCG,Plasmacytoid Dendritic Cells
E2L4_ACTATTCCACTATCCC,CD4+ T cells
E2L3_GTAGCTAGTAAGATAC,CD4+ T cells
E2L5_ATTCTTGTCAATCGGT,NK cells
L4_CGCGTGAAGGGAGGAC,Plasmacytoid Dendritic Cells
E2L6_GTTGAACCAGTTTCAG,B cells
L3_CAGATTGTCGCAACAT,CD8+ T cells
E2L6_AAAGTGATCCAGGACC,Plasma cells
L2_TTGAACGGTGAGAACC,FCGR3A+ Monocytes
L3_AGACTCAGTGTCTCCT,HSPCs
E2L8_TGTGGCGAGGTCTGGA,CD8+ T cells
E2L5_CCGATGGTCGCCGAGT,CD14+ Monocytes
L4_GAGGGTATCCAATCCC,CD4+ Naive T cells
L5_GAGTGAGTCAACCTTT,CD4+ Memory T cells
L3_CTATCTATCAGGACGA,CD4+ T cells
E2L3_CTTACCGAGGAAGTAG,FCGR3A+ Monocytes
L2_AACAAAGGTCACTAGT,CD8+ T cells
E2L1_GGGCTACCAAGCTGTT,B cells
L2_TCAGGTACAAGAAACT,CD4+ Naive T cells
L5_TCCTGCAAGTATCTGC,NK cells
L3_AAAGGGCGTATTCCTT,FCGR3A+ Monocytes
L1_ACTGCAAAGCGCAATG,HSPCs
L1_TGTGGCGCATGGCACC,CD4+ Naive T cells
L2_ATCGTAGCACTTGTCC,CD8+ T cells
E2L7_GCTTTCGCAGGCACTC,B cells
E2L5_TTTCATGCACCTCGTT,CD4+ Memory T cells
L1_TTGGGCGAGACTCCGC,CD8+ T cells
E2L5_CGATGCGTCGAACGGA,B cells
E2L3_TCCTAATTCATGCTAG,B cells
L3_CATGAGTCAAGAGGTC,CD4+ T cells
E2L1_GTCTGTCTCGATGCTA,B cells
E2L3_GAGGCAAAGAAAGTCT,Proliferating cells
E2L5_GGGACAAAGAATGTTG,CD14+ Monocytes
E2L5_CTACAGACAGCAAGAC,Plasma cells
E2L1_CTACGGGAGTGCCGAA,NK cells
E2L4_TTGCTGCAGACGGATC,CD4+ Memory T cells
L1_CGGGACTGTAACGTTC,CD4+ Naive T cells
L3_CAGTTAGTCTCCCTAG,CD4+ Naive T cells
L2_ATCGGATCACTAGGCC,NK cells
E2L5_TCAGTTTTCCATAAGC,Conventional Dendritic Cells
E2L5_AAGATAGTCCCGATCT,CD8+ T cells
E2L1_GATCATGTCCTATTTG,CD14+ Monocytes
L1_TCAGGTACACTGCTTC,CD4+ Naive T cells
L3_TCCGAAACACCGTGGT,Erythrocytes
L3_TCCCAGTAGGACGGAG,HSPCs
L5_AAGCGAGGTTTCGGCG,CD4+ T cells
E2L3_CACTGAAAGTAACGTA,Proliferating cells
L4_GCCTGTTTCCGATCTC,T cells
E2L2_TCCTGCATCGCTTACC,CD4+ Memory T cells
L1_AGGTAGGCATCCTAAG,HSPCs
L5_GAGGGATGTACCCGCA,CD4+ Naive T cells
E2L5_GCTGAATAGAGTCAGC,CD14+ Monocytes
L3_TTTCCTCCACGAGGTA,NK cells
E2L1_GAGGGTACACTGTTCC,B cells
L3_TGATCTTTCGGCCCAA,CD4+ Naive T cells
L2_CTAACTTTCACCATCC,T cells
E2L6_CCTTCAGGTAGCCAGA,Plasmacytoid Dendritic Cells
E2L7_TAGGAGGTCCAGTGCG,CD4+ Memory T cells
L3_GATCCCTGTTAGGACG,Plasma cells
L5_GATAGAATCACTGATG,CD4+ Naive T cells
E2L1_AACCTGACAAGGTCGA,CD8+ T cells
E2L1_GATTGGTAGATTACCC,CD4+ Memory T cells
L4_CCACGTTGTTGGACTT,CD4+ Naive T cells
L3_ATCGTCCTCTCACGAA,HSPCs
L1_CAATACGCAAGACCTT,CD4+ Naive T cells
E2L8_TCTCAGCGTGTCCACG,CD4+ T cells
L2_TACGGTACACCTGCTT,NK cells
E2L4_CCACGAGTCGACGACC,Proliferating cells
L1_AAATGGAGTAAGGTCG,CD4+ T cells
E2L6_GGGATCCAGGTATAGT,Platelets
E2L7_GTGCTTCTCCGGACGT,B cells
E2L2_TCATCCGCATCATTGG,NK cells
L4_AGTTCCCCATCCAATG,CD8+ T cells
L5_GGAGGTACAGATTCGT,HSPCs
E2L1_GAATCGTTCGAGGCAA,CD8+ T cells
L4_CAACCTCAGTCTAACC,Plasma cells
E2L3_ATCACTTTCAAAGCCT,Plasma cells
E2L3_TCGGGCAGTTCCTTGC,Proliferating cells
L4_TGCAGTATCACTCACC,FCGR3A+ Monocytes
L4_TGGTACAGTGCATGTT,CD4+ Naive T cells
L5_CTGATCCCAGCACGAA,CD4+ Naive T cells
E2L6_GGCAGTCCAACCCTAA,CD4+ Memory T cells
E2L6_CGCGTGACAGTTGTCA,CD4+ Memory T cells
E2L7_GTGTGGCAGGAGACCT,FCGR3A+ Monocytes
L3_CCACTTGCAACCCTCT,Conventional Dendritic Cells
L1_TGACGCGCAGTAGTTC,CD8+ T cells
L4_TCCACCATCGTAACTG,CD14+ Monocytes
E2L7_CAGATACGTGTGCCTG,B cells
L5_GCAGCTGCAGCGGTCT,CD4+ Naive T cells
L5_TCTTGCGAGACTTCGT,CD8+ T cells
E2L6_GACACGCAGATGACCG,B cells
E2L3_TGATGGTGTGAACTAA,CD14+ Monocytes
L4_TGCGGCAAGACCATTC,Plasma cells
E2L7_AGATCGTGTCCTTAAG,CD8+ T cells
E2L6_CGATGCGGTACTTCCC,CD4+ Memory T cells
E2L4_ACGGAAGGTATTGGCT,B cells
E2L1_CTACATTCAAGATTGA,CD4+ Memory T cells
L5_CAAAGAACACCCTATC,Proliferating cells
L1_GAAATGAAGGCCATAG,CD8+ T cells
L4_GTGTGGCTCGCTTGCT,CD4+ Naive T cells
L5_ATTGGGTGTGGCTACC,CD4+ Naive T cells
E2L5_ACCCTTGCAAGAGAGA,CD4+ T cells
E2L4_CTACCTGCATGCAGCC,Platelets
L5_CTAGACAAGGGTATAT,CD4+ Naive T cells
E2L8_AGAAGTAAGGCTAACG,B cells
E2L3_AGAAATGGTCCCGGTA,CD14+ Monocytes
E2L6_ACAAAGACAAGTGATA,CD4+ Memory T cells
E2L5_TCTAACTAGTGCACTT,Proliferating cells
E2L4_AAGCATCGTGAGAACC,Plasmacytoid Dendritic Cells
E2L3_CGCATAACATAAGCAA,CD14+ Monocytes
L3_CCACCATGTCTTCCGT,Proliferating cells
E2L2_AGATAGAAGTAGCATA,Conventional Dendritic Cells
L4_AGGTTACAGTCGTCTA,CD8+ T cells
E2L7_TACAGGTTCACCATGA,CD4+ Memory T cells
L2_TTTAGTCGTTACAGCT,CD4+ T cells
E2L4_GGGAGATTCCATCACC,B cells
E2L6_GAGGGATGTCTGCGCA,CD4+ Memory T cells
E2L3_ATGAGGGCAAACCGGA,CD4+ Memory T cells
E2L4_TCCAGAATCGTTTACT,Platelets
E2L4_GTTTACTTCTCTGAGA,CD4+ Memory T cells
L2_AGTGATCCACGATAGG,CD8+ T cells
E2L4_CCGATCTAGAGTCTTC,CD4+ T cells
L2_TGAATCGCAGCGTGCT,CD4+ Naive T cells
L1_CACCGTTAGTATTAGG,Proliferating cells
E2L5_TCAGCCTTCAAGCCTA,Plasmacytoid Dendritic Cells
L2_GTACAACGTTATGTCG,CD4+ Naive T cells
L1_TCGGGCAAGCACCGAA,CD4+ Naive T cells
E2L2_TAGTGCAGTAGCTGAG,B cells
E2L3_GTGCTGGCAGGACTAG,Plasmacytoid Dendritic Cells
L4_TATATCCAGTAGATCA,CD8+ T cells
E2L4_TTGAGTGAGACATAGT,Proliferating cells
L4_TCGCACTAGAGGTCAC,CD4+ Naive T cells
E2L1_GTGTTCCAGCCTCCAG,B cells
L5_TCTAACTTCCGCACGA,CD4+ Naive T cells
L5_ACGATGTAGAATAACC,CD4+ Naive T cells
E2L3_GGAGCAAAGAGACAAG,CD14+ Monocytes
E2L5_CAGGCCACATAACGGG,CD14+ Monocytes
E2L6_TAGACCATCAGTCATG,NK cells
E2L4_ATTCGTTAGGTGCATG,Proliferating cells
E2L8_CTATCTACATGGGATG,CD4+ Memory T cells
E2L7_ATGGGAGTCACATCAG,CD14+ Monocytes
E2L2_TAAGCACAGCTTCTAG,Plasma cells
E2L2_CTGCCATGTTGCATGT,CD8+ T cells
E2L4_TCACTCGCAGAGGTTG,CD4+ Memory T cells
L4_TGCTCCACAAATCGTC,CD4+ T cells
E2L2_GCATCTCCAGAGAAAG,CD4+ Memory T cells
L4_GTTCTATCAAGGATGC,CD4+ Naive T cells
E2L4_CCTACGTAGCAAGGAA,CD14+ Monocytes
L5_CGGGCATAGCCTGGAA,NK cells
E2L2_TTCACGCAGGCTCACC,FCGR3A+ Monocytes
L5_CTGGCAGTCCGCACTT,CD4+ Naive T cells
L1_AAATGGAGTTCAGCGC,CD4+ Naive T cells
E2L4_CACTGGGGTTGTGCAT,B cells
L3_AGTTCCCTCGATGGAG,CD4+ Naive T cells
E2L2_GGGTGAAGTCCACTTC,NK cells
L5_AGGTCTAGTGAGAACC,CD14+ Monocytes
L1_AGATCGTGTTATGGTC,B cells
L2_CATGGATCAGGTCCCA,CD4+ Naive T cells
E2L4_GTTTACTGTCGATTCA,B cells
L2_AATTTCCGTGTCACAT,CD8+ T cells
L2_GTCCTCAGTATAATGG,CD4+ T cells
E2L1_TGGAACTGTCGGTACC,Plasma cells
L2_TCCAGAATCCGATGTA,CD4+ Naive T cells
E2L8_GTGGCGTTCCGCAACG,Proliferating cells
E2L6_TATGTTCAGTAAGGGA,NK cells
E2L6_GTTATGGGTGAGTAAT,CD4+ Memory T cells
L4_TATCAGGCATGTGTCA,HSPCs
L1_AATTCCTCACGGTGAA,CD4+ Memory T cells
E2L2_TACCCGTTCTTTGATC,NK cells
L1_CCAATGAAGCAAATCA,CD4+ Naive T cells
E2L1_GTTCGCTCATCTGGGC,Plasmacytoid Dendritic Cells
L1_AGGCCACAGGTAGGCT,HSPCs
L4_GTACAGTAGAACGCGT,B cells
E2L7_AGTACTGAGGCCTTGC,NK cells
L5_TATTGCTCACTAGAGG,Erythrocytes
E2L6_GCTTGGGCAAGTGCAG,CD14+ Monocytes
L1_GTCTAGATCCGAGGCT,CD14+ Monocytes
L4_GCGGAAATCTATACTC,Plasmacytoid Dendritic Cells
L4_GATCAGTTCACCGGGT,Erythrocytes
L4_AGGTAGGCACGGGCTT,CD4+ Naive T cells
L1_GACAGCCGTGCCGGTT,CD8+ T cells
E2L8_AACAAAGGTTCGCGTG,CD8+ T cells
E2L2_ATTACCTAGCACTGGA,NK cells
E2L3_ACGTTCCAGTCAACAA,CD14+ Monocytes
E2L4_TAACCAGAGGAACGCT,CD8+ T cells
E2L1_GACTGATTCACCGACG,B cells
E2L8_AGTGTTGCAGCTCATA,NK cells
E2L6_GGAAGTGCACGCGTGT,CD14+ Monocytes
L2_TACAACGCAAGCGGAT,CD8+ T cells
L1_CGTGTCTCATTGACCA,CD4+ Naive T cells
E2L1_GTTGTGATCTTCTCAA,CD8+ T cells
L4_GGTAATCTCGAACCTA,Erythrocytes
E2L8_TTCGGTCAGCATGCAG,CD4+ Memory T cells
E2L4_TACCCGTAGGTTGCCC,CD4+ Memory T cells
E2L5_ATTCAGGGTCGCGTTG,FCGR3A+ Monocytes
L1_TGTAACGTCTTACGTT,CD8+ T cells
E2L2_CCTCTAGGTGACTGAG,B cells
L1_GATTGGTCATCACCAA,CD14+ Monocytes
L4_TACCTGCGTTCCACAA,CD4+ Naive T cells
E2L7_CTCAATTGTCGAGCTC,CD4+ Memory T cells
E2L2_TCTGCCAGTCTAGTGT,CD14+ Monocytes
L3_GGGTAGACAAGTGATA,CD4+ Naive T cells
L3_TGCTCCAAGATGATTG,CD8+ T cells
L1_CTCCAACGTGTGTGGA,CD4+ Naive T cells
E2L6_TTCTAACCAATTCGTG,CD4+ Memory T cells
L2_CTACTATCAAGTACCT,NK cells
E2L5_GGCTTGGCATATTCGG,Plasma cells
E2L2_GTAATGCCAGCCGGTT,CD8+ T cells
E2L8_GTTGAACAGGGCTAAC,CD8+ T cells
L2_TAAGTCGTCTCCTACG,CD4+ Memory T cells
E2L7_CATGAGTTCTGGTCAA,Platelets
L5_TAACACGAGCTCGCAC,B cells
E2L4_GTTGTAGAGGGCTGAT,CD4+ Memory T cells
L4_GCACGGTAGGTGGTTG,CD4+ Naive T cells
E2L8_CGTGTCTCAAGGCCTC,Platelets
E2L2_GAGTCATAGTAGTCAA,Platelets
E2L3_TGTTCTACAGGACGAT,B cells
L2_CAGCACGCAAGACCGA,CD4+ T cells
E2L7_GTAGTACTCTCTTGCG,CD4+ T cells
E2L5_ACTTTGTGTTCTATCT,Plasmacytoid Dendritic Cells
E2L3_CACCAAAAGAAGCCTG,Conventional Dendritic Cells
E2L5_CATCGTCCATAATGAG,B cells
E2L6_ATCCGTCCATCCGTTC,CD14+ Monocytes
L4_TAGATCGCACGCTATA,HSPCs
L4_ATCATTCTCTATTTCG,CD4+ Naive T cells
L2_GGGCGTTCAGGACATG,Platelets
L5_GATCCCTGTATGAGGC,CD4+ Naive T cells
L4_TATCTGTTCAGCGCAC,Proliferating cells
E2L1_CCGGACAGTTGACTGT,NK cells
L2_CTCTCGAAGCAGGGAG,Proliferating cells
E2L4_GTTGTCCAGTCATCCA,B cells
L2_GGTTAACGTCTTGTCC,HSPCs
E2L4_TCACATTCAACAACAA,Conventional Dendritic Cells
L5_GAAATGAGTAAGGCTG,Plasma cells
L5_CTCCCAAAGCAGATAT,CD4+ Naive T cells
E2L6_AATGGAACAGCTTTGA,CD8+ T cells
L3_TCCGGGAGTACCTAGT,HSPCs
L5_GTCCTCACAAGATCCT,CD4+ Naive T cells
E2L2_TGTCCTGGTCTAACTG,B cells
L1_ATCACTTGTCAACGCC,B cells
L2_CACCGTTTCGAAGTGG,HSPCs
E2L3_TATCAGGGTTGGTACT,CD4+ Memory T cells
L1_CGATCGGGTACTCGCG,CD4+ Naive T cells
L2_AAGACAATCGAGAGCA,B cells
L4_CAACGGCCAATAGTAG,CD4+ Naive T cells
L2_GGTCACGGTTAAGGAT,CD4+ Naive T cells
E2L5_CCACACTTCACCGGTG,CD4+ Memory T cells
E2L6_CCTTGTGAGCTCGGCT,CD4+ Naive T cells
E2L5_TCTATCAAGCTTTGTG,CD4+ Memory T cells
E2L3_GTCTAGAGTAGCTGTT,Proliferating cells
E2L2_GCCATTCCAGAAATCA,Proliferating cells
L2_CGCGTGACACGAAGAC,CD4+ Naive T cells
E2L8_GGGATGAGTGGCAGAT,CD8+ T cells
L1_TCCCATGAGGAATGTT,Conventional Dendritic Cells
E2L8_GACTGATCAATGGGTG,Platelets
E2L7_TCAAGCAGTTCATCGA,Plasma cells
L4_TCTGCCATCGAGTACT,CD4+ Naive T cells
L1_CGGCAGTGTGCCAAGA,CD8+ T cells
E2L4_AGTAGCTTCGTCAAAC,Proliferating cells
E2L8_CGCATGGGTAGCCCTG,Erythrocytes
E2L5_TGAGCGCTCACTCCGT,Plasmacytoid Dendritic Cells
E2L5_ATGAGGGCAGGAAGTC,CD4+ Memory T cells
L3_TTTGGTTGTCTAGTGT,NK cells
L1_AGACAGGTCTTCCCGA,HSPCs
E2L6_GTTATGGCAAATACAG,CD8+ T cells
E2L2_TTTCGATCAGCAGTGA,Plasma cells
L1_GAAGGACGTCAGACGA,CD4+ Naive T cells
L5_GAAGCGAGTCATACCA,CD4+ T cells
E2L3_GGCAGTCCAGATGCGA,CD4+ Memory T cells
L2_GCTGGGTGTGTTCAGT,Plasma cells
L5_ATGAGTCGTACGACTT,CD4+ Naive T cells
E2L5_AAAGTGAGTAACCCTA,Plasmacytoid Dendritic Cells
L1_AAACGCTGTGCTCGTG,CD8+ T cells
L3_TCTCAGCGTAGGCTCC,CD8+ T cells
E2L8_AGTCAACCAGGAATAT,Proliferating cells
E2L1_CACTGTCTCTCGGGAC,CD4+ Memory T cells
L1_GAGCTGCGTTACAGCT,CD4+ T cells
E2L2_CATAGACCATGCTGCG,Platelets
L4_TAAGCGTTCTTCGTAT,CD4+ Naive T cells
E2L5_CAACCAAAGGGATGTC,NK cells
E2L7_CGGAATTTCGTTCTCG,CD8+ T cells
L2_CACTAAGTCTATGTGG,HSPCs
E2L5_CATTTCAGTTCGTTCC,Plasma cells
E2L6_TAGGGTTAGCTAAACA,CD14+ Monocytes
L3_ACTGCAAGTAGCTGCC,CD4+ Naive T cells
L2_TTCTTCCAGGTTACCT,B cells
L2_GTCTAGAGTTCGTTCC,CD4+ Naive T cells
L5_TCATCCGCACTAGGCC,B cells
E2L2_TAAGTCGAGTAGGGTC,Plasmacytoid Dendritic Cells
E2L1_TTCCACGCAGTAGAGC,CD14+ Monocytes
L1_CCGATGGCAACTTGCA,CD4+ Naive T cells
E2L2_GTCGTAACAAGGCGTA,CD4+ Memory T cells
L2_TGCGGCACAACCACAT,NK cells
E2L8_CCCGGAATCGGCTGTG,Platelets
L4_AACTTCTGTAGGACTG,CD8+ T cells
E2L3_CCGGGTATCCGGCAGT,B cells
E2L4_CTAACCCTCTTACGGA,CD4+ Memory T cells
L1_TTGGTTTCAGTCACGC,CD4+ Naive T cells
E2L4_TTCCTAACAGTCGTTA,FCGR3A+ Monocytes
L1_TCAGCAAAGCTCCCTT,HSPCs
L3_CAATTTCGTGAGCTCC,HSPCs
E2L2_TTCATTGAGTAGAATC,CD14+ Monocytes
E2L3_GTTATGGTCTTTCAGT,CD8+ T cells
E2L8_TGCTTCGGTGCATCTA,B cells
L4_TTTCCTCTCCGTGTGG,CD4+ Naive T cells
L1_TCAGTTTAGTCTAGAA,CD8+ T cells
E2L7_GTGAGCCAGGCAGGGA,T cells
E2L1_GGGTCACGTAATCAAG,Platelets
L2_TCGGGTGCAGCACACC,CD4+ T cells
L4_GTGCTGGAGAATCGAT,CD4+ Naive T cells
E2L6_CAACCTCCACTGCGTG,Plasmacytoid Dendritic Cells
L2_GAGACTTAGTTGGAGC,Plasma cells
E2L3_TCTACATTCCTTTGAT,CD8+ T cells
L1_GAGTTTGAGACGAAGA,CD4+ Naive T cells
E2L3_CCTGCATCAAGAAACT,CD4+ T cells
L4_AACAAGAAGACTAAGT,CD8+ T cells
L5_GGGCTCAGTTACGGAG,Proliferating cells
L4_TCTTCCTTCTGGTGCG,CD4+ T cells
L5_AAACGCTGTCGTCATA,CD14+ Monocytes
E2L4_GTCGAATGTGGTCTCG,CD14+ Monocytes
L1_ACCTGTCGTATGAGCG,Platelets
L4_GTCCACTTCAATCTTC,CD4+ Naive T cells
L5_CAGGTATGTGAATTAG,CD8+ T cells
L3_GCATGATTCGGTCTGG,CD4+ T cells
L2_CCTAAGATCTAACACG,Conventional Dendritic Cells
E2L5_TTTAGTCGTTAACCTG,CD4+ Memory T cells
L2_CATCCACCAATCCAGT,CD4+ Naive T cells
E2L5_GTCACTCTCCCAATAG,B cells
E2L6_AACACACTCCACTGAA,CD14+ Monocytes
L1_CGGGTGTGTAGTGTGG,CD4+ Naive T cells
L3_AGCTACAGTGGTTCTA,FCGR3A+ Monocytes
E2L4_GTTACCCGTATTCCGA,NK cells
E2L3_AACCATGCAACTGCTA,CD8+ T cells
L5_TCTCAGCCACAGCCTG,Plasma cells
L5_TTTCACATCCTTATCA,CD4+ Naive T cells
E2L4_AAGATAGAGAGGTATT,CD14+ Monocytes
L2_TTTCATGTCCAACTAG,Proliferating cells
L4_CTCCCTCTCGATTGAC,Plasmacytoid Dendritic Cells
E2L1_TCGGGCATCCTCTAGC,T cells
L1_AACAAAGAGGGAGAAT,CD14+ Monocytes
L1_CCCTGATGTGTCCGTG,CD4+ Naive T cells
L3_TGGGAGATCAAACCTG,Erythrocytes
E2L8_AGGCCACCATTGACAC,CD8+ T cells
E2L2_TCTGGCTTCGCAGTCG,B cells
E2L7_CCTATCGGTGAGAACC,B cells
E2L1_CGTTCTGGTCAAGTTC,CD8+ T cells
L4_ACCCTCATCACTGTTT,Plasma cells
E2L5_TAGACTGTCTGCGGGT,CD8+ T cells
L3_CGAGGCTCAGTGTATC,CD4+ T cells
E2L3_CACGGGTCACGGTAGA,CD4+ Memory T cells
E2L3_GTTGCTCTCCGTTGAA,CD4+ Memory T cells
L1_AATGCCAGTCTGCAAT,CD4+ Naive T cells
E2L7_CTTCAATAGAAGTATC,CD8+ T cells
L5_AGAGAATTCGAACCTA,NK cells
L5_CCCTTAGTCGCCAGTG,Plasma cells
L3_AGGACGAGTATCACCA,CD4+ T cells
L3_TTCCGGTTCTCATGCC,CD8+ T cells
L1_CTAACCCTCGGCAGTC,CD4+ Naive T cells
E2L2_TGGAACTCACTTGGGC,Platelets
E2L2_GGGTGTCCACGAGGTA,CD4+ Memory T cells
L5_TGACAGTTCTCATGCC,NK cells
L4_GGAGAACCACCTGTCT,CD4+ Naive T cells
L3_CCACAAAGTGAGCAGT,CD4+ Naive T cells
E2L3_CCAATGATCTAATTCC,B cells
E2L1_CCGTGAGCACAAGCAG,CD4+ Memory T cells
E2L1_TCATTGTTCTGCATGA,Plasmacytoid Dendritic Cells
E2L7_TTTAGTCCAAAGAACT,B cells
L3_TGGGTTATCGACGAGA,B cells
E2L5_TCTAACTTCCTCGCAT,HSPCs
E2L2_CCGCAAGGTTCCGTTC,B cells
E2L2_GAGTGAGTCGAGTGGA,CD4+ Memory T cells
E2L2_AGTGACTGTCGACTTA,CD4+ T cells
E2L5_CAATGACTCTAGACCA,T cells
E2L2_ATTCCTAAGACAACTA,NK cells
L1_GGCAGTCTCACTGGGC,CD4+ Naive T cells
E2L4_AACCACAAGTACAGCG,Platelets
E2L1_AAGTGAACACATTCGA,B cells
L2_GTGAGTTCAGGTGAGT,HSPCs
E2L2_CTTCCTTAGGTTAAAC,Platelets
E2L2_CGAAGGAAGACCTCAT,CD8+ T cells
E2L8_TGGGAGAAGGCACCAA,Platelets
E2L3_CAGCACGTCGACACCG,CD8+ T cells
L5_GTAGAAATCCGCTTAC,FCGR3A+ Monocytes
E2L5_TACTTACGTGATGGCA,Proliferating cells
E2L6_TCCACGTGTCTATGAC,B cells
L2_ATTTCACAGCATACTC,FCGR3A+ Monocytes
E2L5_CGTCAAAAGTTGGAAT,B cells
E2L3_ATGGAGGAGAGATTCA,CD14+ Monocytes
L2_CGTGCTTTCATCTGTT,NK cells
E2L4_CGAAGTTCACGGATCC,CD4+ Memory T cells
L1_CACGAATCAGAAATCA,CD14+ Monocytes
E2L4_ATTACCTCAGATGCGA,T cells
L2_GCACGGTGTCAGTTTG,HSPCs
L5_CTCCCTCCACATTCTT,Plasma cells
L5_TGAGCATTCCGAACGC,CD4+ Naive T cells
L2_ATGCATGAGTGGATAT,CD4+ Naive T cells
L5_GGTGATTGTTCAAGGG,HSPCs
L3_CAGCAATAGGAGACCT,CD4+ Naive T cells
L3_CCCTCTCTCCCTCATG,FCGR3A+ Monocytes
L4_GGACGTCCAGCGACAA,CD4+ Naive T cells
L5_TAACTTCTCAAGGCTT,CD4+ T cells
L4_GAAGTAATCGGATAAA,CD4+ Naive T cells
L4_TTCCAATAGGCAGGGA,FCGR3A+ Monocytes
E2L3_GAAGCGAAGCACTAAA,CD14+ Monocytes
E2L1_TCTAACTCACAACCGC,B cells
E2L4_GGTAACTCACCAGGTC,Platelets
E2L1_AGGGCTCGTAACATGA,B cells
L4_TCATTGTAGGTGTGAC,FCGR3A+ Monocytes
E2L3_CTTCAATGTAAGATAC,CD4+ Memory T cells
E2L5_AATGAAGGTAAGTTAG,Proliferating cells
E2L8_CGATCGGTCAGCTAGT,NK cells
E2L8_AAGTGAAAGAAACTGT,CD4+ Memory T cells
L4_TCTCTGGAGGAATGTT,CD8+ T cells
E2L8_AGGGCTCTCTGTTCAT,Plasmacytoid Dendritic Cells
E2L4_TGGAGAGGTGGACTAG,NK cells
E2L1_ACTTATCTCACACGAT,Platelets
E2L8_TCGTAGATCCGGTAGC,B cells
E2L5_CCGATGGAGACCAACG,CD8+ T cells
L5_TATCTGTCAGTAACAA,Platelets
L3_GGGCGTTCACCCTAGG,CD4+ Naive T cells
L3_CGGGCATCATGGAACG,NK cells
E2L5_ACTGTGACAAAGGATT,B cells
L2_CCTCACAAGTATCCTG,NK cells
L4_GCAACCGGTACTGGGA,CD4+ Naive T cells
E2L3_TATACCTTCTGGCCGA,NK cells
E2L6_GAACTGTAGATGGCAC,CD4+ Memory T cells
E2L6_GAGCCTGTCCCGAAAT,B cells
E2L1_AAAGTGAAGATACAGT,NK cells
E2L7_ATTCACTCAATCGCGC,NK cells
L5_TAGACCAAGGTACATA,CD8+ T cells
L2_CATGCTCTCTGTCTCG,CD4+ T cells
E2L1_GATGACTCATACGCAT,CD4+ Memory T cells
E2L2_AGAACCTAGTTCTCTT,B cells
L1_CATGCGGTCGTTAGAC,Plasma cells
E2L3_ATGGATCAGTTCTCTT,T cells
E2L4_GTGCTTCGTGTCATCA,HSPCs
L5_TGCTCGTTCTCACTCG,HSPCs
E2L6_GGAATGGGTTCAAAGA,CD8+ T cells
E2L1_TCAGTCCCACAACGCC,CD4+ T cells
E2L6_TCGATTTGTACACGTT,FCGR3A+ Monocytes
E2L5_CCACTTGTCCCGAGAC,CD8+ T cells
E2L3_ATCGTGACAGCACGAA,CD8+ T cells
E2L8_AGACACTCAAGTCCAT,CD14+ Monocytes
L4_AAGCGTTGTCGGCCTA,CD4+ Naive T cells
L4_GTGTGATTCAAGGCTT,CD4+ Naive T cells
E2L7_ACTTCCGAGGTTAAAC,B cells
L4_CTCAGTCGTCGGATTT,CD4+ T cells
E2L5_GCCATTCAGCTCAGAG,CD4+ Memory T cells
L1_TTGACCCGTATGGTTC,CD4+ Naive T cells
L5_ATTCGTTTCTGCTTTA,CD4+ T cells
L2_ATTATCCTCCCTCAAC,Plasma cells
L3_AATGGAATCGCAGTGC,Proliferating cells
E2L5_CAGAGCCTCCTTATAC,CD8+ T cells
L3_GGGATGACAGACACCC,CD4+ Naive T cells
L3_TGTGATGAGACAAGCC,CD4+ T cells
E2L7_GAATCACGTACCACGC,B cells
L3_TACCGGGAGAGCTGAC,CD4+ Naive T cells
E2L7_TCGCTTGAGTATGTAG,Proliferating cells
E2L2_GCGGAAACAGCCCAGT,FCGR3A+ Monocytes
E2L1_CACATGAAGGTACATA,B cells
E2L6_TTTAGTCGTCTTCCGT,CD4+ T cells
L3_TATATCCCAGGGACTA,CD14+ Monocytes
E2L7_AGCTCAAGTAGGCTGA,CD14+ Monocytes
L5_AGAAGTACACTTGACA,CD4+ Naive T cells
E2L6_CAGCGTGAGTGGAATT,CD4+ Naive T cells
E2L8_TCCGTGTCATGGCACC,CD8+ T cells
L2_TGGGATTCATGTGCTA,B cells
L2_GTTCCGTCAAAGCTAA,Proliferating cells
E2L2_GGTTGTAGTTTCGTGA,Plasma cells
L5_AATTCCTAGAACGCGT,Proliferating cells
E2L2_CAGCACGAGTTAGTGA,CD4+ Memory T cells
L4_CGAATTGGTCTTGTCC,NK cells
L1_CGGAATTAGGATATGT,CD4+ Memory T cells
L4_CCCTCAAGTAGATCGG,FCGR3A+ Monocytes
E2L6_TTGTGGACATGGCTAT,B cells
L5_GCCATTCTCTCTCTTC,B cells
E2L7_ACCAAACTCATAGACC,B cells
L3_CACCGTTTCACTTGTT,B cells
E2L1_CCACCATTCATTTACC,CD4+ Memory T cells
E2L4_GAATCGTAGGCTAGCA,CD4+ Memory T cells
E2L3_GTTGCGGGTGTTAACC,CD8+ T cells
L5_GTGTCCTGTTACCCAA,CD4+ Naive T cells
L2_GCAGCCAGTAAGCTCT,FCGR3A+ Monocytes
L5_GCGGATCAGACGGAAA,CD4+ Naive T cells
L2_TTCCAATTCTGGACTA,FCGR3A+ Monocytes
L4_ATGGGTTTCTGCACCT,CD8+ T cells
E2L1_CTCCATGCACTTACAG,CD8+ T cells
E2L7_TCATGGAGTTGCTCAA,Plasma cells
L4_GCCAACGCATAATGCC,HSPCs
E2L7_TTCGCTGCAGCTTTCC,CD4+ Memory T cells
E2L2_TGATTTCCACTATCCC,CD4+ T cells
L3_CCACAAAAGAGGGCGA,Erythrocytes
L2_CGGAACCAGCCTGGAA,Plasma cells
E2L4_CTAGGTATCATAAGGA,Platelets
E2L7_CTCATGCAGTCGTCTA,Conventional Dendritic Cells
E2L2_CTCTGGTCACGGCTAC,B cells
L3_TATTGGGCAAGCGGAT,CD4+ Naive T cells
E2L2_TTGTTCAGTTGATCGT,FCGR3A+ Monocytes
E2L2_ATAGAGACACGTTGGC,CD4+ Memory T cells
L1_AAAGGGCTCGTTACCC,Plasma cells
E2L2_CTCCTTTAGATAGGGA,B cells
E2L8_GCATCGGCACAAAGTA,Plasma cells
E2L5_GGAAGTGTCCTGCCAT,FCGR3A+ Monocytes
E2L2_GTGGCGTTCGACATAC,CD4+ Memory T cells
E2L2_GGGTGTCAGGCTGGAT,CD8+ T cells
E2L7_TTTACCATCAGAGTTC,Platelets
L3_CCAAGCGTCTAAGGAA,Proliferating cells
E2L2_CTCGAGGGTACAGTAA,CD4+ Memory T cells
E2L6_AAAGAACTCAGACCTA,B cells
E2L2_AGGGTCCGTCAGGAGT,FCGR3A+ Monocytes
E2L6_GGTGAAGCAGACCAGA,CD4+ Memory T cells
L5_GGACGTCCAGGACAGT,CD4+ T cells
E2L5_ACCAAACTCTTCTAAC,Plasmacytoid Dendritic Cells
L4_CATGCGGAGTTAGAAC,Proliferating cells
E2L1_AATCGTGTCTGCGATA,CD4+ Memory T cells
E2L3_TCACGGGCACACCGCA,FCGR3A+ Monocytes
E2L7_ATTTCACCAGGCCTGT,NK cells
E2L1_AGAGCAGGTACTTCCC,Plasma cells
E2L2_TCCTAATCATGTCAGT,CD8+ T cells
E2L7_CTCCTTTTCGTAACAC,CD8+ T cells
L4_CCGTTCAGTAGCTTAC,CD8+ T cells
L4_AGTCTCCAGCCACAAG,HSPCs
L1_TTGGATGGTAAGGTCG,CD4+ Naive T cells
L4_AGGACTTCAGTCTTCC,B cells
E2L4_CTCAATTCAGCGTACC,CD14+ Monocytes
E2L2_AAAGTGACATAGTCGT,Proliferating cells
L4_AGACCCGCAGCTATTG,CD8+ T cells
E2L6_ATAGACCAGCTGAGTG,CD4+ Naive T cells
L1_GGGTTTAAGGCAGTCA,CD8+ T cells
L4_CGCAGGTTCACGATCA,Plasma cells
E2L4_TGCAGTATCTTCTAAC,CD4+ Memory T cells
L2_ATGCATGGTCGAGCAA,CD14+ Monocytes
E2L4_CGAAGTTGTTTCACAG,Platelets
E2L2_AAACGCTTCATGCCGG,Conventional Dendritic Cells
L4_ATCCCTGCAGACTCTA,CD4+ Naive T cells
E2L8_ATGCCTCAGCACGATG,Platelets
E2L3_CCGGTGAGTGTACATC,CD4+ Memory T cells
E2L7_GTCTGTCAGGACTATA,NK cells
L3_GGGTCTGGTGCCCACA,NK cells
L4_CTAACCCAGTGTTCAC,B cells
L3_CGGGCATGTTGTAAAG,CD4+ Naive T cells
L3_ACGTAGTCAGACAATA,HSPCs
E2L4_CACAGATAGGATTTGA,CD14+ Monocytes
L1_TGGATCAAGCTGGCCT,CD4+ Naive T cells
L3_TAAGCCATCGACCAAT,NK cells
L4_ACAGAAATCCATACAG,CD4+ Naive T cells
E2L2_CTACCTGAGCCATTTG,NK cells
L2_CATCGTCAGCCATATC,CD4+ Naive T cells
L3_CTGTACCCACAAATCC,CD4+ Naive T cells
L3_TTCTGTAAGGTCGAGT,B cells
E2L8_TCATTCACATGTGCTA,NK cells
E2L8_CTCTCAGCATGCCGGT,Proliferating cells
E2L7_CTTCCGAGTGCTCTCT,Proliferating cells
E2L8_TATCTGTTCTTGATTC,CD8+ T cells
L4_ACCTGAACAGTAGAAT,HSPCs
E2L4_AGAACCTTCGATGCAT,NK cells
E2L2_CGATGCGAGTAGTCCT,NK cells
L1_TGCTTGCAGTAGCATA,Plasma cells
E2L6_CGCGTGATCTGCATAG,CD14+ Monocytes
E2L5_TTCTTCCAGTCGGGAT,Proliferating cells
E2L2_CGAAGGAGTTCGGTTA,FCGR3A+ Monocytes
E2L1_CAGATCAAGAACCGCA,Platelets
E2L3_TCGAAGTAGATTGATG,B cells
E2L5_GGGCTCACAACTGCTA,CD4+ Memory T cells
E2L2_ACCCAAATCGAGAAGC,CD14+ Monocytes
E2L4_CCCTTAGGTGATAGTA,Proliferating cells
E2L8_TAATTCCCACGGCTAC,Plasmacytoid Dendritic Cells
E2L7_ATTCAGGGTCACAATC,B cells
L1_AGGGTCCAGCATGTTC,CD8+ T cells
L1_ACAAAGATCACTCTTA,CD4+ Naive T cells
E2L8_CTGTACCGTCGTCATA,B cells
L1_TCACACCCACGTGTGC,CD4+ Naive T cells
L4_GGAGAACTCCTCGATC,CD4+ Naive T cells
E2L7_TACTTCAGTCTCTCAC,Conventional Dendritic Cells
L2_GTCAAGTAGCCTTCTC,CD8+ T cells
E2L4_AGGTAGGGTAAGTTAG,NK cells
E2L4_AAGTGAAGTCCAAAGG,B cells
L3_TGAATGCGTTGCATTG,Proliferating cells
E2L4_ACATGCATCGTGGCGT,CD4+ Memory T cells
E2L3_CATAAGCAGATCACTC,B cells
L3_GGTTCTCTCATGAGAA,CD4+ Naive T cells
L1_GTCACGGAGCGCATCC,Platelets
E2L7_GTAGAGGGTAAGTTAG,B cells
E2L7_TCTATCAGTAGGAGTC,Platelets
E2L3_ATGATCGGTAACGCGA,B cells
L3_GTTAGACGTGATGAAT,B cells
E2L5_CATACTTAGCACTCAT,NK cells
E2L7_AATCGACCAATTGCCA,Platelets
L5_GCGATCGCAAACAGGC,CD4+ Naive T cells
L3_CCACGAGGTGGCCTCA,CD4+ Naive T cells
E2L1_AACAAAGAGGCACAAC,CD14+ Monocytes
E2L2_GTGGGAAGTCGAATGG,FCGR3A+ Monocytes
E2L2_CTGCGAGAGCCGTTAT,B cells
E2L3_TTTGGAGCACCAGGTC,Plasma cells
L1_TCAAGTGGTAGTGGCA,CD4+ Naive T cells
E2L8_GGGTTATAGCTGTACT,B cells
E2L5_AAAGGATGTCTACAGT,CD8+ T cells
E2L8_GAATCGTAGTAGGGTC,CD8+ T cells
L2_CAACGATCAAGCACAG,NK cells
E2L5_GATTGGTGTTTGTTCT,CD14+ Monocytes
L2_AGGCCACCAATGCAGG,FCGR3A+ Monocytes
E2L7_TATTTCGTCCCTAGGG,B cells
E2L2_CTCCCAATCTGCGAGC,CD4+ Memory T cells
L3_TTCAGGACATGCAGCC,CD4+ Naive T cells
L4_GGGCTCACACTCTGCT,CD4+ Naive T cells
L2_ACATCGACACAACATC,HSPCs
L4_TAACTTCAGGAGACCT,CD4+ Naive T cells
L4_GTGGCGTTCTGTAAGC,Erythrocytes
E2L4_GATCGTATCTCAGTCC,Proliferating cells
L1_AACGGGAGTTAAGGAT,HSPCs
L3_TATTCCATCCGACAGC,CD8+ T cells
E2L7_TGTGATGGTAGAGACC,Proliferating cells
E2L1_GGAGGTATCAACCCGG,B cells
E2L6_TTGGGTAAGAAGTCCG,CD4+ Memory T cells
E2L7_TGCAGATAGATGTTGA,B cells
E2L1_TACCGGGCATCACAGT,CD8+ T cells
L5_AACCTGAGTCCACGCA,CD8+ T cells
L5_AACCTGACATCCTGTC,CD4+ Naive T cells
E2L6_TTGGATGCATGGGTTT,CD4+ Memory T cells
E2L3_TTCACGCAGGTCGTAG,CD14+ Monocytes
E2L2_AAATGGAGTCTCTCCA,NK cells
L1_GGGACTCCAATAGTAG,Proliferating cells
L2_GGAGATGTCCATGAGT,B cells
E2L2_ATGGAGGGTCTACTGA,B cells
E2L8_TCCCACACATGTTTGG,CD4+ Memory T cells
E2L4_GTACAGTAGTTCGCAT,T cells
E2L4_TATGTTCGTAGCTTGT,NK cells
E2L5_CCCTAACGTGATTAGA,CD8+ T cells
E2L6_GAAGCCCTCGTCAAAC,CD4+ Memory T cells
L5_TCAGTTTTCGGTTAGT,Plasma cells
L2_AAACCCATCGTGCGAC,CD4+ Naive T cells
L3_TTTATGCCACCATATG,CD14+ Monocytes
E2L4_GTGCTGGGTTTACTTC,NK cells
E2L1_GATGAGGTCGGTCAGC,FCGR3A+ Monocytes
L4_ACGTTCCGTACCGTCG,CD4+ Naive T cells
L1_ATGTCTTGTAGAGGAA,CD8+ T cells
L2_CATTGAGCATGTAACC,NK cells
L1_GACCTTCTCTGGAGAG,HSPCs
E2L5_TGCAGATCAGTGTGCC,CD4+ Memory T cells
L3_GGTAACTAGATGATTG,Plasmacytoid Dendritic Cells
L3_ATGAGTCGTCGTTATG,CD4+ Naive T cells
E2L2_AGACCATGTTAGTCGT,CD4+ Memory T cells
L4_TGTTGAGAGTTTGCTG,CD4+ Naive T cells
L3_CCATCACCATAGTCGT,CD8+ T cells
L2_TTACCGCAGGGAGATA,B cells
E2L5_CTCAAGAGTGTTATCG,CD8+ T cells
E2L6_CCCTGATAGCGCACAA,CD4+ Memory T cells
L1_GCCTGTTTCTCAACCC,T cells
E2L2_TCACGGGTCTTGCAGA,Proliferating cells
L5_GTTCGCTAGTACAGAT,Proliferating cells
L5_TTTGGAGGTGGTGATG,HSPCs
L2_CCGGACAAGTTGCGCC,CD14+ Monocytes
E2L4_CTGAGCGGTTTGGCTA,CD8+ T cells
L5_AGACAAATCGAACACT,CD4+ Naive T cells
L2_TTCTTGAGTACGTTCA,CD4+ Naive T cells
E2L5_GATGAGGTCACCGACG,FCGR3A+ Monocytes
L5_TACATTCTCGTCGATA,CD4+ Naive T cells
L2_CGACAGCTCACGATCA,CD4+ Naive T cells
L4_CCACGTTCAAGATTGA,HSPCs
L2_GAAGAATAGCCTATCA,Plasma cells
E2L1_CATCGCTGTAGGATAT,B cells
L4_AATGCCATCAGCTGAT,B cells
L2_CGAGTGCAGCAAGTGC,CD8+ T cells
E2L1_CATGGATAGGACACTG,CD8+ T cells
E2L2_CTCAGGGGTTGGGATG,CD8+ T cells
E2L5_CGGCAGTCAGACCAGA,B cells
L5_ATCATTCCACTTGTGA,B cells
E2L1_GTGCTTCTCTGTGCTC,B cells
L2_CATACTTTCGAATGCT,FCGR3A+ Monocytes
L5_CATTGCCCATGGTGGA,Platelets
E2L3_AAACGAATCTTGGTCC,CD14+ Monocytes
L3_TGGAACTCACCTGCGA,CD8+ T cells
E2L6_TTGCGTCAGGGCGAGA,Plasmacytoid Dendritic Cells
L5_TGATTTCAGGTCGTCC,CD8+ T cells
E2L8_CCGGTGAGTGTTAACC,CD8+ T cells
E2L1_CAACCTCCAGTTAAAG,NK cells
E2L6_CCTCTAGCATCAACCA,Platelets
L2_GAATCGTCAGTTGCGC,NK cells
L5_TCGTGGGGTATTTCTC,B cells
E2L4_TGTTGAGTCGGAAGGT,Proliferating cells
E2L1_AGTTCGAGTCGCACAC,CD8+ T cells
E2L3_TACATTCGTAGGCTGA,B cells
E2L5_TCGCAGGTCACCCTCA,NK cells
L5_CGACAGCCAATCCTAG,CD4+ Memory T cells
E2L4_GGTGTCGCAAATTAGG,Plasmacytoid Dendritic Cells
L1_GTGGTTACAGTAACCT,HSPCs
L1_GGAGATGTCATGCCGG,CD4+ Naive T cells
L1_CCCGGAAAGCAGCAGT,CD4+ T cells
L5_CGTGTCTGTTCGGTAT,CD14+ Monocytes
L3_ATGCGATCAAGATTGA,NK cells
E2L6_TCAGGTACACGTTGGC,Plasmacytoid Dendritic Cells
L4_TAGGTACCACCTTCGT,B cells
E2L1_AGCGTATCATGGGTCC,T cells
E2L1_CACCAAAGTTAAGGAT,B cells
E2L8_CAGGTATCAAGGACAC,CD8+ T cells
E2L4_GTGCTGGTCCGTGTAA,CD4+ Memory T cells
E2L1_GTTTGGATCCCTCGAT,CD4+ Memory T cells
L4_ACGTCCTTCATTGAGC,B cells
E2L3_CCACTTGCAGCTGTAT,CD14+ Monocytes
E2L1_AGAGAGCGTGACCGAA,CD4+ Memory T cells
E2L8_TCCCAGTCAAAGAGTT,Platelets
E2L6_GACTGATTCCTCTAGC,CD4+ Memory T cells
E2L1_ATCCACCTCCATTCGC,Proliferating cells
L4_TTTCAGTGTCACTTCC,T cells
L1_TGATTCTGTCACAGTT,B cells
E2L5_TACAACGGTACAGGTG,CD4+ Memory T cells
L1_GTTTGGAGTCCCTAAA,CD4+ Naive T cells
L2_TCGATTTGTCAAGCGA,CD4+ Naive T cells
L2_ATCGATGCACAAAGTA,CD4+ Naive T cells
E2L2_AAGGTAAAGCTTCATG,Proliferating cells
E2L7_AGTACCAGTGGCTGCT,B cells
E2L8_CTTGATTGTGTCTTAG,CD14+ Monocytes
E2L2_CATCGGGGTTGGACCC,CD8+ T cells
L4_CACTGGGAGTCCCTAA,Plasma cells
L5_GGAGATGAGTTACGGG,CD8+ T cells
E2L3_GTGTAACCAGCGATTT,CD4+ Memory T cells
L2_ATTTCTGAGACTCCGC,CD4+ Naive T cells
L1_ACGTACAGTCCAGGTC,CD4+ Naive T cells
L3_CGTGATATCTCATGGA,CD4+ Naive T cells
E2L8_TACACCCCAGTTCTAG,Proliferating cells
L5_TCATTCACAGAGTCAG,Plasma cells
E2L3_CACCAAATCGGTAACT,CD8+ T cells
E2L1_CTGTGAACAAGATGTA,CD4+ Memory T cells
E2L6_TATTGGGCATAGATCC,B cells
L4_TCTGGCTTCGAGATAA,CD4+ Naive T cells
L4_TCGAACACAGTTGTCA,CD8+ T cells
L3_TATCTTGCATGACGGA,Plasma cells
L4_GGGAAGTGTGACCTGC,CD4+ T cells
L5_CAAGCTAGTCCGGTGT,CD4+ Naive T cells
E2L1_TGTTGGAAGCGTTGTT,Plasma cells
L4_TGCACGGGTGATACAA,CD8+ T cells
E2L3_TACAACGAGTGAGGCT,CD8+ T cells
L5_CCTGTTGTCAATGTCG,NK cells
L3_TGTGTGACATCTGGGC,HSPCs
E2L1_AGATCCAGTGTATTCG,Proliferating cells
E2L6_CATAGACCAACCGACC,CD14+ Monocytes
E2L3_GTGTGGCTCATTGCCC,B cells
L1_GATGCTATCCTGTACC,Plasma cells
L2_ATCGTCCCAGATACTC,B cells
L2_TCGGTCTGTGGCACTC,CD4+ Naive T cells
E2L2_CGTCAAAGTTCTGAGT,Proliferating cells
L1_GAAGTAATCAGTGATC,CD4+ Naive T cells
L5_CCACGTTCATTGCAAC,HSPCs
L1_AGTAGCTTCAATCCAG,B cells
L2_GGGTGTCAGAGTCTGG,Plasmacytoid Dendritic Cells
L3_CTGGTCTAGGCGAACT,Proliferating cells
E2L1_TCATGTTTCATCGGGC,CD8+ T cells
L2_ACATCGAGTTCTCTAT,B cells
L1_TTTCAGTTCCATACTT,HSPCs
E2L8_AGACTCATCCGTATGA,CD4+ Memory T cells
E2L5_CAAAGAAGTCTTCTAT,CD14+ Monocytes
E2L2_TGGGCTGCATCGCTGG,B cells
L5_TGAGCGCGTAAGTAGT,Plasmacytoid Dendritic Cells
L5_AGCGCCACAGGTCAAG,Conventional Dendritic Cells
E2L2_ATTCATCGTGTACGCC,Plasma cells
E2L8_TCAATTCCACCTGCTT,FCGR3A+ Monocytes
E2L1_CTTACCGGTGGGAGAG,NK cells
E2L8_CAATCGACACTCAAGT,CD4+ Memory T cells
L3_CAGATCATCACTTATC,Conventional Dendritic Cells
E2L7_GTGTTAGTCTATGCCC,CD4+ Memory T cells
L2_CTCCGATCAGGTCAAG,HSPCs
E2L1_TTCCTAAAGGCTGAAC,NK cells
E2L2_AATGCCAAGTATCCTG,Plasma cells
L2_GCAGCCAGTTTGTTCT,Plasma cells
E2L8_ACTTCGCCATGGAACG,FCGR3A+ Monocytes
L2_CAAGAGGGTCGTGATT,B cells
E2L6_CCTACGTAGTATTGCC,CD4+ Memory T cells
L5_TATTCCACATAGATGA,Erythrocytes
L5_TCATACTAGCGTATGG,Platelets
L3_GTGGAAGCACAATGCT,Conventional Dendritic Cells
L1_ACTCTCGGTATCGAGG,NK cells
E2L5_CATTGAGGTACCGCGT,HSPCs
E2L8_TCCTCCCCACTCCTGT,CD8+ T cells
E2L5_CATGCGGGTGCGAGTA,B cells
E2L7_AACAACCTCATGAGGG,FCGR3A+ Monocytes
L2_GACGCTGAGACATACA,B cells
E2L8_CATGGTATCCTAAACG,Proliferating cells
L1_TAGGTACCAGCTGAAG,CD4+ Naive T cells
E2L7_CAATTTCAGTCGGCCT,Plasmacytoid Dendritic Cells
L3_CTGCCTAAGTCCCGGT,B cells
E2L8_TCACTCGGTAGCACAG,CD14+ Monocytes
E2L5_GTGCTTCGTTTACGAC,B cells
E2L6_TTGGGTACATCAGTCA,Plasmacytoid Dendritic Cells
L5_ATCCATTTCTTCGTGC,CD4+ Naive T cells
E2L2_GATCACATCACGGACC,Platelets
E2L5_GATTCTTAGGAAAGTG,Proliferating cells
E2L7_TCACGCTTCAGTGTTG,B cells
E2L1_AGACTCACATAGAAAC,B cells
E2L3_ACCTACCCATGCGTGC,CD4+ Memory T cells
E2L4_CTACTATCAGAAACCG,CD4+ T cells
E2L4_TGAGCGCCATGTACGT,B cells
E2L5_TCTAACTTCTGAGCAT,CD4+ Memory T cells
E2L8_CAAGCTAAGCCTTGAT,NK cells
E2L7_CAATTTCGTACACGTT,CD14+ Monocytes
L4_CAAGCTATCGTCAAAC,CD4+ Naive T cells
E2L3_AGGAAATGTCCGACGT,Proliferating cells
L4_AAGACAAAGCCATGCC,CD14+ Monocytes
E2L1_CTGCTCAGTCCTCATC,CD14+ Monocytes
L1_GTACAACCAATCGCAT,T cells
L5_AGGACGATCTGCATGA,CD14+ Monocytes
L3_TAACGACGTGCTCTTC,Proliferating cells
L3_ATCACTTTCACGGGAA,B cells
L4_GAGGCAACAGCGTACC,CD4+ Naive T cells
L5_TACGCTCAGGTGCCTC,CD4+ Naive T cells
L4_CCACTTGCAACGGTAG,HSPCs
L2_TGTCCTGAGTCATCGT,HSPCs
L2_CAGTTAGTCAGTGTCA,B cells
E2L6_CACTTCGGTTCGGCGT,NK cells
L5_CGTAAGTTCCTTACCG,HSPCs
L3_TATACCTTCCGGCAAC,HSPCs
E2L3_CACTGTCCAGGATGAC,CD4+ Memory T cells
E2L3_GCCATGGAGGAAGTAG,CD4+ Memory T cells
E2L4_TGAGGGACAAAGGAGA,Proliferating cells
L4_GAAGGACGTTATGACC,HSPCs
L5_CAAGAGGCAATAACCC,CD4+ Naive T cells
E2L2_TAGGGTTCAGCTGAGA,CD4+ Memory T cells
L1_TTCTCTCAGGATAATC,B cells
L5_TAGGGTTAGGCCCAAA,B cells
E2L8_ACCCTCATCGCTACAA,CD8+ T cells
E2L8_CCGGACAAGAGAGGGC,FCGR3A+ Monocytes
E2L1_TTTGGAGCATGGGCAA,CD4+ Memory T cells
L1_CTGTACCAGTTCGCAT,Proliferating cells
E2L4_TGGGATTCACTGATTG,CD8+ T cells
E2L6_CCCATTGAGGATATAC,CD14+ Monocytes
E2L2_CTTTCGGTCGTGTGAT,Platelets
E2L6_CTACCTGTCATAAGGA,CD8+ T cells
L5_GGAGATGCAATACCTG,CD4+ Naive T cells
L5_GTCCACTTCCGCAAAT,HSPCs
L4_AACCATGGTGTATTCG,NK cells
E2L1_GGGACCTTCCTCTAGC,CD8+ T cells
L5_GTGGTTACATCGGATT,HSPCs
E2L8_TGTCCACCATATGAAG,CD4+ Memory T cells
E2L7_GAGTGTTGTCGGTACC,B cells
E2L2_GCATTAGCACGCAGTC,FCGR3A+ Monocytes
E2L7_ACATCCCTCTTCGATT,CD8+ T cells
E2L1_CAAGAGGCAGGGTCTC,Plasmacytoid Dendritic Cells
L2_ACCAACAAGATTGGGC,B cells
E2L8_ATCGTAGAGCCACTCG,NK cells
E2L2_TGTGGCGAGATCGGTG,B cells
E2L4_TTTGATCAGCCATTGT,CD14+ Monocytes
L4_CGTCAAACAATGTGGG,NK cells
E2L6_CTGGTCTCAGGTATGG,FCGR3A+ Monocytes
L2_TCCTTCTTCGCTGTTC,HSPCs
E2L4_CATTGTTAGAATTGCA,Plasmacytoid Dendritic Cells
L5_CAAGACTGTTTGAACC,CD4+ T cells
E2L7_GATTTCTCATTAGGAA,NK cells
E2L1_AAGCATCGTAGCGATG,B cells
E2L2_CGAGGAAAGGTAGCAC,Plasmacytoid Dendritic Cells
E2L1_TTTACGTGTGACTGAG,CD8+ T cells
L5_TTACGTTTCTCCCTAG,CD4+ T cells
L2_CATCCGTTCCACAGCG,CD8+ T cells
L3_TCGAAGTCATCCTAAG,CD8+ T cells
E2L4_CGAAGTTTCTAGATCG,CD8+ T cells
E2L5_GCTGCAGGTGATAGAT,CD14+ Monocytes
E2L6_ACCAAACTCTTGGATG,NK cells
E2L2_TACACCCAGCTACAAA,CD8+ T cells
L3_CTGAGCGCAGGTTCGC,Plasma cells
E2L3_TCTGTCGAGAGTCACG,Proliferating cells
L5_TTGGTTTCACTCGATA,Erythrocytes
E2L2_AGGATCTGTGGCTGAA,CD4+ Memory T cells
E2L5_TTTGGTTAGAACGTGC,Proliferating cells
E2L4_TGAGTCACACCCTATC,B cells
L3_AGACTCATCCCAGTGG,CD4+ Naive T cells
L5_CGAGAAGGTGTGCCTG,CD4+ T cells
L3_AGTACCACATCTCGTC,CD4+ Naive T cells
E2L2_GACCCTTGTTTGAAAG,CD14+ Monocytes
E2L7_CTAGACAGTGGATCGA,CD14+ Monocytes
E2L4_CTCACTGAGAGTCTTC,B cells
E2L7_TTGGGATCACGCTTAA,FCGR3A+ Monocytes
E2L5_CATGAGTTCGCGTGCA,Proliferating cells
L5_ACTTTCACAGGACTAG,CD4+ T cells
E2L7_TGACCCTCATTCATCT,NK cells
L1_GCTCAAACACTTCATT,NK cells
L2_CCTCAACAGAAGCGCT,HSPCs
E2L6_TGGGTTATCAATCAGC,CD8+ T cells
L1_GCGATCGCATGTGACT,CD4+ Naive T cells
L3_AGTGATCAGTTCCGGC,CD4+ Naive T cells
L3_TTCAGGACAGCGTGAA,CD4+ Naive T cells
E2L7_TCAGCAAAGAGCTTTC,NK cells
L3_TCGGATATCTTCGCTG,CD4+ T cells
L4_TGGAACTAGTGAGTGC,CD4+ T cells
L4_ATTTCACCATACCACA,CD4+ Naive T cells
L1_GAATAGACACGGTGTC,CD4+ Naive T cells
L3_GTAGATCAGGACGCTA,CD4+ Naive T cells
E2L1_GGGACTCCAGATCCAT,CD14+ Monocytes
L1_AGTGACTAGTAACGTA,Proliferating cells
L1_ATGTCCCTCCCTCTAG,CD4+ Naive T cells
E2L4_TGCACGGCATTGAGGG,Conventional Dendritic Cells
L4_GCTGCAGGTCCACACG,CD14+ Monocytes
E2L8_AACACACTCTTCCGTG,Plasma cells
E2L1_CGTAATGAGTCATGCT,B cells
E2L7_AGATGAAAGCCACTCG,CD4+ Memory T cells
E2L6_TCTACCGCAGTTAGAA,CD4+ Memory T cells
E2L6_ATGATCGGTGTGTCCG,CD8+ T cells
L4_AATCACGGTCAGTTTG,CD4+ Naive T cells
E2L4_TCGGGACGTCCTTTGC,CD8+ T cells
E2L6_TGACCCTGTGTGAATA,Plasmacytoid Dendritic Cells
L5_CTTCCGACAAGAATAC,CD8+ T cells
E2L5_GAAACCTTCCTCTGCA,Plasma cells
L5_TCTATCAAGTCGGCAA,CD8+ T cells
L4_CCGTTCACATTGAGCT,CD14+ Monocytes
L1_GGTGTCGCAAGAATGT,NK cells
E2L2_CCGATCTCAGAAGCTG,B cells
L4_ATTCATCCAGACTCTA,NK cells
E2L6_AGTCACATCCAATCTT,Plasma cells
L1_GAGTGTTTCCTCACTG,NK cells
E2L3_GATTGGTAGATGATTG,NK cells
E2L5_CGGGTGTGTGGGCTTC,CD4+ Memory T cells
E2L3_ACTATGGTCTAACGGT,CD4+ Memory T cells
E2L4_TACTTCACATCTAACG,Conventional Dendritic Cells
E2L5_GGGTATTTCCATACTT,CD4+ Memory T cells
L4_CCCGGAATCACAAGAA,B cells
E2L1_ATTTACCAGGAATCGC,CD4+ T cells
E2L4_TACCCGTAGGAGTACC,Conventional Dendritic Cells
E2L4_GAGTGAGTCAGAGCGA,CD4+ Memory T cells
L2_ACATCCCCAGCTGAGA,Erythrocytes
E2L8_ACAACCACATGCTGCG,CD4+ Memory T cells
L5_GGGACTCCACTCCACT,Plasma cells
E2L2_GGCGTCATCTAAGCGT,NK cells
E2L2_TCGAACAGTAACAGTA,CD8+ T cells
L2_TACGGTAAGGATATGT,B cells
L4_CCTCATGTCGTCAGAT,Platelets
L1_ATCACTTCAGTTGCGC,CD4+ Naive T cells
E2L5_TCGTGCTAGAGTACCG,CD14+ Monocytes
L5_AATGGCTCACAACGTT,CD8+ T cells
L3_GAATAGAAGGGCAGAG,CD4+ Naive T cells
E2L6_TGCATGATCTCCTACG,NK cells
E2L5_GAGTTTGCAGGATGAC,NK cells
L5_TTCCTTCGTCCAAGAG,Proliferating cells
E2L5_CCGGTGAGTATGTCCA,Proliferating cells
E2L4_TATTGCTCACGCCAGT,Plasmacytoid Dendritic Cells
L3_CATGGTACATGAGGGT,Plasma cells
E2L6_CGTAAGTAGTTCACTG,NK cells
L1_TTGTGGATCCATCCGT,CD4+ Naive T cells
E2L6_GCCATGGGTGATACAA,B cells
L2_ATTATCCTCCTCAGGG,CD4+ Naive T cells
E2L5_ACTTTGTGTACCACGC,CD14+ Monocytes
E2L3_CTGATCCGTGGAGAAA,CD4+ Memory T cells
E2L7_GTGAGTTTCAGGAACG,Plasma cells
L4_CTCAGTCCAGAACTAA,T cells
E2L8_TCTATACCAGCATGCC,B cells
E2L5_GCCATGGGTGAGTAGC,B cells
L1_ATGCATGCATCTCAAG,CD4+ Naive T cells
E2L6_CATCCCATCTCCTGTG,FCGR3A+ Monocytes
L4_ATTGGGTAGCGATTCT,HSPCs
E2L5_TTAGGGTCATTGTAGC,Platelets
L2_CTAACCCAGCTGGCCT,Conventional Dendritic Cells
E2L5_TATTGCTCACCCGTAG,B cells
E2L6_CGGGTCAAGTTTCTTC,Plasmacytoid Dendritic Cells
E2L6_AGCTCAACAGGTGAGT,NK cells
E2L3_GAGTTACTCTGGGCGT,Plasmacytoid Dendritic Cells
E2L3_TCACGCTAGCCACTCG,B cells
E2L4_CATGCCTGTGGCTTAT,Platelets
E2L1_TTCCTCTCAGTCGAGA,Platelets
L5_TTTGGTTTCGTAGGGA,Proliferating cells
E2L5_AGGGTTTTCGTGAGAG,FCGR3A+ Monocytes
L1_TCAGTTTTCGCCGATG,CD14+ Monocytes
L4_ACTATCTTCTCCAATT,CD8+ T cells
E2L4_TACTTGTAGGATCATA,CD4+ Memory T cells
E2L5_CCTCAGTGTAACGCGA,CD4+ T cells
L5_TAATCTCTCTAGCATG,HSPCs
L5_GATTCGAAGTCACTAC,Plasma cells
E2L7_CCTCCTCAGGCCTGAA,NK cells
L3_GTATTTCCAAAGACGC,Proliferating cells
L4_ACTGCAAGTATTGACC,CD4+ Naive T cells
L1_GTAATGCAGAAGGGAT,Proliferating cells
E2L7_TCAGCAAGTAGCTTGT,NK cells
L4_GTGCAGCTCGCCGAGT,Proliferating cells
E2L1_CTGAGGCTCGGTTCAA,CD14+ Monocytes
E2L5_TCCACGTTCTCATTTG,Conventional Dendritic Cells
E2L6_GATCATGGTATGCTAC,CD8+ T cells
E2L1_TCGTGGGCACGACCTG,B cells
E2L8_CTGGCAGGTATCCCAA,NK cells
E2L6_GTTTACTAGTAGTGCG,Platelets
E2L3_CATACCCCAGATACCT,CD4+ Memory T cells
L1_TGTGCGGAGCTCGCAC,CD14+ Monocytes
E2L3_GTTGCTCAGTACCATC,CD4+ Naive T cells
L1_CAGCGTGAGCGGGTAT,CD8+ T cells
L5_CAAAGAATCCATCGTC,Platelets
E2L4_GTAGTACGTAGGAGTC,CD4+ Memory T cells
E2L7_CCACTTGAGCTGACTT,NK cells
E2L1_CTCAGGGCACATAACC,CD14+ Monocytes
E2L1_ATCACGATCGTGGAAG,FCGR3A+ Monocytes
E2L1_CCTCAGTGTGGAAATT,CD8+ T cells
E2L7_ATCCACCTCGCAGTGC,Proliferating cells
L1_CCTTTGGAGGAGGGTG,CD4+ Naive T cells
L3_GGAACCCCACTAACCA,CD4+ Naive T cells
L3_AGGAAATCATATACCG,B cells
E2L4_ATACCTTTCAGATTGC,NK cells
L4_TTACGTTCACGCACCA,CD4+ Naive T cells
L1_TCAAGACAGGCACTAG,HSPCs
L2_AATTCCTCAGCGGTCT,CD8+ T cells
E2L3_CATGCAAAGCATCCCG,NK cells
L3_GATGACTAGGGCATGT,Proliferating cells
E2L3_AGGGAGTTCTGGAGAG,B cells
L3_GGTTAACAGGGAGGCA,B cells
E2L1_CGTAATGTCCGAAGGA,CD8+ T cells
L5_GTCTACCTCGGATAAA,CD4+ T cells
E2L5_TCAGTCCCACTACCCT,Platelets
E2L8_TACCTCGTCAAGATAG,B cells
L3_GATTGGTTCATTGGTG,CD4+ Naive T cells
L1_GCCCGAACATCCTATT,Erythrocytes
E2L8_CTCATGCAGCGTATAA,B cells
E2L3_CGGACACGTGTCTAAC,CD4+ Memory T cells
E2L4_TCCCACACATTCTCCG,CD8+ T cells
L1_GAGTCATTCCCATGGG,CD4+ Naive T cells
E2L5_AGACCATGTCTTACAG,CD8+ T cells
E2L5_CCACGAGCAATTCGTG,Platelets
L5_TTTGGTTTCCTCTAGC,CD4+ Naive T cells
E2L3_TCTATCATCGATACTG,Plasmacytoid Dendritic Cells
L1_AATGGAATCAGCAGAG,CD4+ Naive T cells
E2L6_TCATTTGGTTATGACC,NK cells
E2L1_CCTATCGCAGACCCGT,CD14+ Monocytes
L1_TCAAGTGAGGGATCGT,B cells
L5_TCGAACAGTTGCATAC,CD4+ Naive T cells
E2L1_TCACATTGTCGCTTGG,CD4+ Memory T cells
L2_AAGATAGGTGAGAGGG,FCGR3A+ Monocytes
E2L5_TACCGAATCACGGAGA,CD8+ T cells
E2L6_GCCGATGGTTCTTAGG,FCGR3A+ Monocytes
E2L2_AGACAAAAGGAATGTT,Proliferating cells
E2L6_AGGGAGTTCCGAGTGC,Proliferating cells
E2L6_GGTAACTTCTGCGATA,FCGR3A+ Monocytes
L2_TTCCTCTAGCACGTCC,Proliferating cells
E2L1_GTAGCTAGTAGGTAGC,CD4+ T cells
E2L6_CATGGATTCTGTCGTC,Plasmacytoid Dendritic Cells
E2L7_TGCTTGCTCGGACGTC,CD14+ Monocytes
L4_TGGTGATCAAAGGTTA,CD4+ Naive T cells
L1_GATCGTACAGCTTCGG,HSPCs
E2L6_TGATGCAGTGTGCTTA,Plasma cells
E2L2_CCTCTAGTCCTCAGGG,FCGR3A+ Monocytes
L2_ATGTCCCCAAAGGATT,Proliferating cells
L3_CACTTCGCAGTGCGCT,CD4+ Naive T cells
E2L6_GTTAGTGAGGGAGGCA,Proliferating cells
E2L6_AGGGCTCGTTCGTAAC,B cells
L2_TTGATGGCAAATAAGC,HSPCs
L1_ATCTCTAAGATGTTAG,NK cells
E2L1_TCGGATACAAGGATGC,B cells
E2L1_GATGTTGTCCTACACC,B cells
L1_CGTCCATCACAGTGAG,CD4+ Naive T cells
L1_ACCTACCTCTTGGAAC,CD4+ Naive T cells
E2L5_GACACGCAGGGTACAC,CD14+ Monocytes
L1_TCAAGTGCAGTTGGTT,CD4+ Naive T cells
E2L8_CACTGGGGTGTACGCC,CD4+ Memory T cells
E2L2_ATGCGATTCTTGGATG,B cells
E2L7_ATTCAGGGTAATGTGA,B cells
L1_ACCGTTCAGTAAATGC,CD4+ Naive T cells
E2L2_ACGGGTCAGTTCATGC,CD4+ Memory T cells
L1_CAACAGTCAGTCGTTA,B cells
E2L2_ACCCTCATCGAGCTGC,CD14+ Monocytes
L1_GGTGATTAGCTACAAA,B cells
L5_ATAGAGAAGGACTTCT,CD4+ Naive T cells
L2_TCGACCTTCAGCCTCT,CD4+ Memory T cells
L4_TACGGTAAGAGCTGAC,CD14+ Monocytes
E2L8_ACCAAACGTTTCACTT,CD4+ Memory T cells
E2L4_GACTATGAGAAGAACG,B cells
L3_GGTGTTATCGATACAC,CD4+ Naive T cells
E2L7_GTTGTCCTCTTTGCAT,CD14+ Monocytes
L2_AGTTAGCTCTACTGAG,CD8+ T cells
L4_TTGAGTGTCGGCTTGG,Plasmacytoid Dendritic Cells
L4_TGCGGGTAGCGCCCAT,HSPCs
E2L8_GTGTAACCATCCGGCA,NK cells
E2L4_CTCCTTTTCATCCCGT,NK cells
E2L7_TCCTTCTAGAACTGAT,Conventional Dendritic Cells
E2L5_TGGAGGATCGCTGACG,CD4+ T cells
L4_CTGCAGGCAAACCACT,CD4+ T cells
E2L2_CCTTCAGTCGGCGATC,B cells
L4_GGGCGTTAGACGCCCT,FCGR3A+ Monocytes
E2L4_TACGCTCAGTCCCAGC,B cells
E2L1_GGACGTCGTAAGAACT,FCGR3A+ Monocytes
L4_TCCCAGTCAATTAGGA,CD8+ T cells
L4_CGAAGTTCAGTTCACA,B cells
L5_TCACAAGTCGTAACAC,CD4+ Naive T cells
L4_CCTATCGCATACATCG,HSPCs
L1_TTTCAGTCAGAACATA,HSPCs
E2L5_CCACTTGCATTGCCGG,B cells
L4_GCGATCGGTGTTCCTC,CD4+ Naive T cells
L3_GAACGTTGTATCGAAA,CD4+ Naive T cells
E2L6_GGAGGTATCTCTGAGA,CD14+ Monocytes
E2L1_GTTCGCTTCCTTATAC,Platelets
L3_GCGAGAAGTCATCCGG,Proliferating cells
L3_CATGGTATCATTTCGT,B cells
L3_ATCGCCTGTCTTTATC,Proliferating cells
E2L2_GACTATGAGTTCTACG,CD4+ Memory T cells
L5_GCACGGTAGGTTCTTG,Proliferating cells
L1_CGGACACCAATCAGCT,CD8+ T cells
L2_CAGTTAGGTAGTGTGG,NK cells
L3_GGGATCCAGTACTGGG,CD4+ Naive T cells
L4_ATCGTAGAGCGTTGTT,CD4+ Naive T cells
L3_TCTTGCGGTATCGATC,HSPCs
L1_ACACTGAAGGTAAGGA,CD8+ T cells
L4_ATGCGATGTCACGACC,Plasma cells
E2L3_AGGGTCCGTTACCTGA,CD8+ T cells
E2L3_GAGTTGTTCATCCCGT,Proliferating cells
E2L4_CAACCTCGTATCACCA,B cells
E2L5_ATACCTTGTTAATGAG,CD4+ Memory T cells
L2_GTGTTAGGTGGTCTTA,B cells
E2L1_TCCTTCTTCTGCGGCA,B cells
E2L6_GAGTCATGTGTTTCTT,NK cells
L2_AAACGCTCAGTAGTGG,FCGR3A+ Monocytes
E2L6_CGCGTGAAGCTGTTAC,CD4+ Memory T cells
E2L8_GATGTTGGTTGCCGCA,B cells
E2L3_CAGCGTGTCAGGCGAA,CD14+ Monocytes
E2L6_CACTTCGTCCATCAGA,NK cells
E2L4_CTTCTCTCAGGACATG,CD4+ Memory T cells
L3_CCTATCGTCAACCTTT,CD8+ T cells
E2L3_GAGGCCTCATCCGATA,B cells
E2L2_GCGGAAAAGGGAGGGT,CD14+ Monocytes
L2_GATCCCTCAGAACATA,CD8+ T cells
E2L8_TCACTATGTGACCGTC,NK cells
L5_TCAGGGCTCAGGTAAA,CD8+ T cells
E2L8_CTGGTCTTCTCTGGTC,CD4+ Memory T cells
E2L2_CAGATCACAGGTCCCA,CD4+ Memory T cells
E2L5_GGTTAACTCAGACCTA,Platelets
E2L6_CGGAGAAGTACCCGAC,CD4+ T cells
E2L6_CATGAGTCAGACATCT,CD4+ Memory T cells
E2L8_AACGGGAAGCCATCCG,CD8+ T cells
E2L6_TGTGCGGAGGAGACCT,NK cells
E2L5_GGAACCCTCAATCTTC,CD4+ Memory T cells
L2_TGAATGCCAGCATACT,CD4+ Naive T cells
E2L3_TCCATCGCAGAGTAAT,CD4+ T cells
L1_GATGACTCAACCGTGC,CD4+ Naive T cells
E2L4_CTGTCGTCATGACAGG,CD14+ Monocytes
L1_CTCCTTTGTGTCATGT,CD4+ T cells
E2L6_GAGTCTACAGCTCCTT,Platelets
E2L8_CAACAGTGTAATCAAG,B cells
E2L8_GTTACGAGTCTGTCAA,CD4+ Memory T cells
L4_GGAAGTGGTGTCGCTG,CD8+ T cells
L3_GGGTGTCAGAATCGCG,T cells
L2_GTTTGGACACGGAAGT,CD4+ Naive T cells
E2L7_TCATTGTAGTTCCTGA,Platelets
L1_CGGAATTAGCTACTAC,NK cells
E2L1_GTAGAGGGTTAATCGC,CD4+ T cells
E2L8_CATGCGGCAATGTGGG,CD4+ Memory T cells
E2L5_CCCTGATGTGTCTTGA,NK cells
L4_ATGCGATAGCCGATTT,CD4+ T cells
L4_ATTCTTGAGGCCCACT,CD4+ Naive T cells
E2L7_TTTCCTCCAAGTTCGT,B cells
L5_TGGGCGTCAGTGGGTA,CD4+ Naive T cells
L2_AGGTAGGCATCTCCCA,CD8+ T cells
E2L7_CCCGGAACAGCACAAG,CD4+ Memory T cells
L1_CAGTTCCTCTGTGCGG,CD8+ T cells
L4_TCACGGGCACTGGAAG,B cells
L3_CCGGACATCTTCCACG,NK cells
E2L8_TATTGCTGTCTACGAT,NK cells
L5_GGTTGTACAAGACGAC,CD4+ Naive T cells
E2L2_TACATTCAGCTGTTCA,HSPCs
E2L6_ATCGTGAAGGTTGGTG,CD4+ Memory T cells
E2L6_CTATCCGGTAGAATGT,CD4+ Memory T cells
L5_ACTTATCGTGCAGTGA,CD4+ Naive T cells
L4_TCGGTCTAGGGAACAA,Plasmacytoid Dendritic Cells
E2L6_TGTGAGTTCCCTAGGG,CD4+ Memory T cells
E2L5_TTTACTGAGTAAATGC,CD4+ T cells
L5_GATCATGCAAGAGGTC,CD4+ Naive T cells
E2L2_TGGGCGTAGAGTGTGC,CD4+ Memory T cells
E2L2_TTTACTGGTAGCGAGT,Proliferating cells
L5_CCCTTAGGTAGTCTTG,Plasma cells
E2L3_TCAGCAAAGGGTAATT,CD4+ Memory T cells
E2L8_TGGATCATCCTTATAC,CD14+ Monocytes
L4_TGTTCTATCTTGGATG,B cells
E2L5_TGTGAGTCATTCTCTA,B cells
E2L4_AGGTGTTGTCAAGCCC,CD8+ T cells
E2L4_TTCTTGAAGTGAACAT,Proliferating cells
E2L6_AGGATAAAGACTACCT,CD8+ T cells
L4_ACGATCATCGAGAACG,Plasma cells
L2_TTACCATGTTGCCGCA,CD4+ T cells
L1_GGTGTTAGTTAGCTAC,CD4+ Naive T cells
E2L6_GTCAAGTCATACCAGT,CD14+ Monocytes
L4_AGACCATCATAATCCG,CD14+ Monocytes
E2L7_GATCGTAGTGCATTAC,CD4+ T cells
E2L7_ATGATCGGTGGTTTAC,NK cells
E2L5_TCACAAGGTTGAGGAC,CD4+ Memory T cells
E2L7_GTCAAGTTCGTTCATT,Conventional Dendritic Cells
L2_CGAGTTACAACGTAAA,CD14+ Monocytes
E2L6_ATCGATGAGCTCCACG,CD4+ Memory T cells
E2L7_TATGTTCTCAAGCTGT,CD8+ T cells
E2L6_AGACAAAGTCGCACAC,Plasmacytoid Dendritic Cells
E2L8_TGTGATGTCAAGCTGT,B cells
E2L7_TGATCTTTCAGCAATC,Proliferating cells
E2L4_GCTGCAGAGATGGTCG,Plasmacytoid Dendritic Cells
L2_GTGAGTTGTAGTACGG,B cells
E2L1_CTGCGAGTCTTGATTC,CD4+ T cells
E2L5_GAAGCCCCACAGTCAT,Proliferating cells
E2L6_TCATTGTTCTAGTTCT,Plasmacytoid Dendritic Cells
L2_GTCATGACAAACTCTG,HSPCs
E2L2_AAGACAACAACTCCAA,CD8+ T cells
L5_ATGCGATGTCACGACC,Plasma cells
E2L5_ATTACTCAGCATCGAG,Erythrocytes
L1_ATTATCCTCACTTTGT,NK cells
L3_TCCGAAAAGCACGTCC,HSPCs
E2L8_TGTTGGATCTATCGGA,CD8+ T cells
E2L3_AATGACCCAGAGGTTG,CD4+ T cells
E2L2_CACACAACACTATCCC,Plasma cells
L4_CTCATGCAGCAGTACG,CD8+ T cells
L4_CTGGCAGCATCGTGGC,CD4+ T cells
L5_GGTCTGGCACATTACG,CD4+ T cells
E2L4_GGACGTCTCCTCGATC,CD4+ Memory T cells
E2L2_CTAACCCGTTGTGCAT,Platelets
E2L4_GAGTTTGGTAGGCTCC,Plasma cells
E2L3_ACACGCGTCGACGATT,B cells
E2L6_TTCCGGTAGTGTAGTA,CD14+ Monocytes
L3_GCACGGTTCTGTCGCT,CD4+ Naive T cells
L5_TAGGTTGAGCCAGAGT,CD4+ Memory T cells
L1_CCTGCATTCTGAGTCA,Proliferating cells
L4_ACGTACATCGACGCGT,B cells
L2_CCTACGTGTGGCTCTG,CD4+ Memory T cells
E2L8_CAATCGAAGATTGAGT,Platelets
L2_CACGGGTGTCGCATTA,CD4+ Naive T cells
E2L4_GGTTCTCGTCGTAATC,Platelets
L5_AAGCCATGTATCATGC,B cells
E2L5_GTACAGTTCGAGTGGA,CD4+ Memory T cells
L2_CTACGGGAGAAGAACG,CD14+ Monocytes
L4_ATCATTCTCAGCTGAT,CD4+ Naive T cells
L3_GTGGAAGGTACAAGCG,FCGR3A+ Monocytes
L1_GGATCTAGTGTCATGT,NK cells
L1_CACTAAGCACTACCCT,CD4+ T cells
L5_TGTGTGAGTCCACATA,Plasmacytoid Dendritic Cells
E2L6_GGGCTACCACCGTGCA,B cells
E2L4_CTGTATTCAGGCACTC,Plasma cells
E2L4_ACGATCATCGCGGTAC,Plasma cells
L2_ACTGCAATCGGAGTAG,CD4+ Naive T cells
E2L6_AAAGGGCAGTCGAATA,Platelets
L5_GATTGGTGTCGAGTGA,CD4+ Naive T cells
E2L7_TCAGCAATCCGATGCG,B cells
E2L2_CTGATCCGTCGTCATA,CD14+ Monocytes
E2L7_TCGAAGTGTGTTTACG,CD4+ Memory T cells
L2_TGATGGTAGCCTAGGA,CD4+ Naive T cells
E2L1_CGAAGTTTCCTCACCA,CD4+ Memory T cells
E2L7_GTAAGTCTCTGTCTCG,B cells
E2L3_TTTCCTCTCCCTTTGG,Plasmacytoid Dendritic Cells
L3_ACTATTCAGGCCTGCT,NK cells
E2L3_GGCGTCACAGACATCT,B cells
E2L3_TGCGGGTTCTAGTTCT,Plasma cells
E2L6_CGACAGCAGCTTCATG,B cells
E2L4_ATTTACCTCAGCGCGT,Plasmacytoid Dendritic Cells
L2_TTCATGTTCCTAGAGT,HSPCs
E2L4_CGGAATTAGTGGAATT,B cells
L2_TGAATCGCAGTGGCTC,CD4+ Naive T cells
L4_GTGAGCCAGACTCGAG,CD4+ Naive T cells
L5_GAAGAATAGATGACCG,CD4+ Naive T cells
E2L6_GGCTTTCCAGGCGAAT,Proliferating cells
E2L3_CTCCTTTTCGAACGCC,CD8+ T cells
E2L2_GGCTTGGAGGGACAGG,CD8+ T cells
E2L7_AGCATCAGTTTCGTTT,Plasma cells
E2L4_TATCAGGGTGCAAGAC,NK cells
L4_CTCCACAAGTGTAGTA,CD4+ Naive T cells
L3_GTGCTTCCAAGTGGCA,FCGR3A+ Monocytes
E2L3_TTGCCTGCATGTGCTA,CD4+ T cells
E2L3_AAACGCTAGGTCGTCC,NK cells
L1_GAGACCCTCGCGTGCA,CD4+ Memory T cells
L1_GTAATCGGTGGTAACG,B cells
E2L5_CAACCTCCAAACAGGC,CD14+ Monocytes
E2L8_TAACTTCAGTGCTACT,B cells
E2L3_TGATTTCAGCACCGAA,CD8+ T cells
E2L8_GGATCTATCTGTCGTC,B cells
E2L7_TTCCAATGTTCTTCAT,NK cells
E2L3_CACGAATTCTGGCCTT,Platelets
L3_GTGGCGTAGTTGCCTA,Conventional Dendritic Cells
L3_CACTTCGAGCCTCAGC,Proliferating cells
L5_GTCAAACGTCAACATC,CD4+ Naive T cells
E2L1_ATCAGGTTCACTGGTA,Platelets
E2L3_GAGGCAAGTCGTTTCC,B cells
E2L8_GATTGGTCAAAGGCTG,FCGR3A+ Monocytes
E2L3_GAGCCTGCAAAGCTCT,Platelets
L5_AGGTTGTAGCTTCATG,CD4+ Naive T cells
L2_ATACCGAAGAAACTCA,CD8+ T cells
E2L8_TGAGGAGAGATCCAAA,T cells
L3_TTGTTTGTCTGGCCGA,T cells
E2L5_AGTACTGGTGTTCGAT,B cells
E2L8_CCTCACAAGCTTTCCC,Proliferating cells
E2L6_AGAGAGCAGTCCTGTA,NK cells
E2L1_GCCATTCGTACGATGG,CD14+ Monocytes
E2L2_CGATGGCTCAGCTGAT,CD14+ Monocytes
L2_TCTGGCTGTGCATTTG,CD4+ T cells
E2L6_CAAGGGATCTAGAGCT,Proliferating cells
E2L6_TACCTGCAGACATGCG,Platelets
L4_AGTCTCCCAGCAGACA,Plasma cells
E2L2_ACCAAACAGTCAACAA,B cells
E2L5_CAGATTGAGGCCTTGC,B cells
E2L3_CGGTCAGAGTGCAAAT,FCGR3A+ Monocytes
E2L3_GCCGTGATCGCCGAGT,NK cells
E2L4_TGAGGTTCAATCGTCA,CD4+ T cells
E2L2_GGAAGTGAGGCCGCTT,CD8+ T cells
E2L7_GTCAAGTGTCCTACGG,CD4+ Memory T cells
E2L4_CATTCATCATGAGTAA,B cells
E2L1_CAGTTCCTCTCATGGA,CD4+ Memory T cells
E2L4_AAACCCAGTAGGTCAG,CD4+ Memory T cells
E2L2_CCTATCGCAGCTGAAG,HSPCs
L3_ACTGTGAGTGGAAATT,CD8+ T cells
E2L4_ACGGAAGAGGACTAAT,CD4+ Memory T cells
E2L6_ACGGAAGGTACCTTCC,CD14+ Monocytes
L1_CAGGGCTCACGCGTGT,NK cells
E2L4_AACAGGGAGTGGATTA,Proliferating cells
E2L6_ACTTCGCAGGAGAGGC,Platelets
L2_GGGCTCATCAGTAGGG,CD4+ Naive T cells
E2L6_TCGTCCAAGGGAGAAT,CD4+ Memory T cells
E2L8_ACACCAAGTAGAATAC,CD14+ Monocytes
E2L1_TGGTTAGCACATACGT,B cells
E2L5_TCTGCCATCTCTATAC,NK cells
E2L5_TGGTGATCATTGCCGG,CD8+ T cells
E2L6_TCAATCTGTTGCGAAG,B cells
E2L8_AGTCTCCGTCGATTAC,NK cells
E2L7_GGTTCTCCAAGTGCAG,NK cells
L4_TCGCAGGGTTGCTGAT,Plasma cells
E2L3_ATATCCTTCCCAGGCA,CD14+ Monocytes
L4_AGCGCTGTCACGAACT,CD4+ Naive T cells
L4_ACGATGTAGCTTGTTG,Plasma cells
E2L6_GCTGCAGCAGCGACAA,B cells
E2L4_AAGCCATCAATGCTCA,CD8+ T cells
E2L3_CTTCTAAAGTTGGAGC,NK cells
E2L7_CTCAAGATCGTCACCT,Plasma cells
L2_CGGACACAGCTTCGTA,CD4+ Naive T cells
E2L5_TGGAACTCAGGAGACT,Proliferating cells
E2L5_AAGAACAGTTACGATC,Plasma cells
L2_CCTTGTGTCTTCGATT,NK cells
E2L6_ATAGGCTGTCTGGTTA,CD14+ Monocytes
E2L4_TAAGCGTGTTCGTAAC,T cells
L3_GACTGATAGACTAAGT,CD8+ T cells
E2L1_ACATCGAAGAGATCGC,Proliferating cells
L4_GCACTAATCCGACGGT,NK cells
L2_TGCGACGTCCTTATAC,CD8+ T cells
E2L6_TATCTTGCAGTCTTCC,B cells
E2L4_GGTTGTATCTCGTCAC,Plasma cells
L2_GTCCTCAAGCGTCTGC,CD4+ Naive T cells
E2L8_CCATAAGGTTAATGAG,CD4+ Memory T cells
E2L5_GTTCGCTTCGTAGTCA,CD14+ Monocytes
E2L3_AGGGCTCTCTCGAGTA,FCGR3A+ Monocytes
L1_GTGCACGAGACCCGCT,HSPCs
E2L6_GGGTGAACAAGGAGTC,Plasma cells
L4_CCTGTTGCAGATACTC,CD4+ Naive T cells
E2L5_TGGGAGAAGGATGTTA,Platelets
L2_GACTATGTCTCGAGTA,NK cells
L2_CAGCAGCGTTGTTGCA,CD4+ Naive T cells
E2L2_AGAGAGCTCGCTTGCT,Plasmacytoid Dendritic Cells
E2L2_CTGATCCCAAAGGGTC,CD4+ Memory T cells
L3_ACATGCATCCTCGCAT,CD4+ Naive T cells
L3_CTCTGGTTCCTTTGAT,Proliferating cells
E2L2_ATACCGACACAGCATT,FCGR3A+ Monocytes
L5_GGCACGTCAATAGTGA,CD14+ Monocytes
E2L7_CTCATGCAGTCTGCAT,CD4+ Memory T cells
E2L6_TCAAGCAAGTCAGCCC,NK cells
E2L5_TTGCGTCCATCATTTC,NK cells
L1_TCTTGCGTCGGAATTC,CD4+ Naive T cells
L2_GCCTGTTTCGGAGATG,CD4+ Naive T cells
L3_ATGGATCAGACTTCGT,Proliferating cells
L5_GATGTTGAGAGAGGTA,CD4+ Naive T cells
E2L8_GTTACCCGTTCCCACT,CD8+ T cells
E2L7_CAGATCAAGATGTAGT,CD8+ T cells
L1_GCCTGTTTCCACTTCG,CD4+ T cells
E2L2_TGTGCGGAGCTGCCTG,B cells
E2L7_CATGAGTGTGGTTCTA,Plasmacytoid Dendritic Cells
E2L6_GACCAATCAAGACGAC,B cells
E2L3_ATCTCTATCTTAATCC,Plasmacytoid Dendritic Cells
L4_CGTCCATCAAATCGGG,CD4+ Naive T cells
E2L7_TGCATCCGTCAGTCCG,Plasma cells
E2L4_GTTGCTCCAGCTGCCA,FCGR3A+ Monocytes
E2L4_GGTGAAGAGCAATAGT,T cells
E2L1_TTCCACGAGTAGGCCA,CD4+ Memory T cells
L2_TGTACAGAGGTCACAG,CD4+ Naive T cells
E2L5_CATTGAGAGAGGTCAC,Proliferating cells
E2L3_CCAATTTGTTTAGTCG,B cells
E2L2_AGGAGGTAGCGTTACT,CD4+ T cells
E2L8_GGTGAAGTCTCAATCT,CD4+ Memory T cells
L4_TTTGACTGTTCTCTCG,HSPCs
E2L2_ATTCATCAGTGGCAGT,CD4+ T cells
E2L6_GCCAGTGAGGGCTTCC,CD8+ T cells
L2_TCGGGTGTCCCAAGTA,HSPCs
E2L7_GCCGTGACACTCTCGT,Platelets
E2L4_CGGAACCTCTGAGTCA,Plasma cells
L1_GTCGAATCAATGGCCC,CD4+ Naive T cells
E2L5_TACTTACTCTCTGACC,B cells
L1_TGAATCGGTAAGAACT,CD4+ Naive T cells
L1_CGGAACCGTGTCCGGT,CD4+ Naive T cells
E2L1_CTCCTCCTCATTGTTC,CD14+ Monocytes
L4_TTCCGGTCATGAGAAT,Plasma cells
E2L4_TCGTAGATCGGAGCAA,CD8+ T cells
L3_GGGACCTGTCTAGATC,CD4+ Naive T cells
E2L1_GCCGATGTCTGGGAGA,Platelets
L1_CCAATGAAGCGTGTTT,B cells
L4_TCGGGACCAAGACTGG,CD4+ Naive T cells
L5_TGCGGCATCTTGAACG,CD4+ Naive T cells
E2L7_GGACGTCTCTTGCAAG,CD4+ Memory T cells
E2L5_GTGCTTCTCGACCTAA,Proliferating cells
L5_CAATACGTCACGGACC,CD8+ T cells
L3_ATAGAGATCGTAGGAG,CD4+ Naive T cells
E2L5_CGCCATTAGAGCAGTC,CD4+ Memory T cells
E2L3_TTCGATTTCTGCGGCA,CD8+ T cells
E2L8_CTCAATTGTACTGCGC,Platelets
E2L7_GTTAGTGGTAGCTGAG,Proliferating cells
E2L3_TGCTTCGCATTCTTCA,CD14+ Monocytes
E2L4_CTCAGGGTCGACTCCT,CD14+ Monocytes
E2L8_ACTATGGGTCTTACTT,B cells
E2L4_ACTGTGAAGCATCTTG,CD8+ T cells
E2L7_GCCAGCAGTTAATGAG,CD4+ T cells
E2L7_ACCATTTCAGGAGACT,B cells
E2L2_TGGGCGTGTATGACAA,FCGR3A+ Monocytes
E2L6_GATTGGTGTCCATCTC,Platelets
L4_GATTGGTTCCTCACGT,B cells
E2L6_AACAAGACAGACAATA,NK cells
L4_TTTAGTCAGTCATAGA,CD8+ T cells
L1_AGACTCACATCGGTTA,Plasmacytoid Dendritic Cells
L4_CTGGACGCACCTCTGT,NK cells
E2L1_CTTCGGTCAACCGCTG,FCGR3A+ Monocytes
E2L5_GGAACCCAGCCGCTTG,Proliferating cells
E2L6_GTGTGGCAGTTGGCTT,Plasmacytoid Dendritic Cells
E2L4_TAGGAGGCAGGACGAT,CD4+ Memory T cells
E2L6_GGGCTACGTGGAATGC,FCGR3A+ Monocytes
L1_GACCGTGGTTCTTCAT,HSPCs
L3_ATCTCTAGTTTCCAAG,CD14+ Monocytes
L1_CGGTCAGGTCGTGTTA,CD8+ T cells
E2L3_ATCGTGACAGGCTACC,CD4+ Naive T cells
L5_GCAGTTAGTGTCTTGA,CD4+ Naive T cells
L2_GTAATGCGTACTCCGG,NK cells
L3_GACTTCCAGGAAACGA,FCGR3A+ Monocytes
L2_CAAGACTAGCATTTGC,Plasma cells
L5_TCAGTCCGTTGGGTAG,Proliferating cells
L4_GTTTGGAAGTTAGTAG,CD4+ Naive T cells
L2_CATCAAGTCGCGGACT,Proliferating cells
E2L6_GAGTTACCAGCTTTCC,CD14+ Monocytes
E2L8_TTTACTGGTATCGTAC,CD4+ Memory T cells
E2L7_GGCAGTCCACACCAGC,NK cells
E2L5_GTTGAACAGGAAGTAG,CD4+ Naive T cells
L3_AACGTCACATCGTTCC,CD4+ T cells
L3_TCACTATAGTGAATAC,CD4+ T cells
E2L3_AACGAAAAGATGCTAA,B cells
L2_AATGCCAGTCCGTTTC,CD14+ Monocytes
L1_TCCCATGAGAGCCCAA,CD4+ Naive T cells
E2L2_GTTGTCCAGATGAAGG,Platelets
E2L8_TACGGTAAGTTGCTCA,Plasma cells
L3_GCCGATGAGGTGGTTG,CD4+ Naive T cells
E2L7_TGTGGCGGTTCTCCAC,Plasma cells
E2L4_AGATCGTGTTCCGCTT,Proliferating cells
L5_TGAACGTAGCGATCGA,CD8+ T cells
E2L8_TCATTCATCGCGTGCA,CD4+ Memory T cells
E2L7_TTGTTCATCCTCTAGC,CD4+ T cells
E2L5_CACTGGGCAACCGGAA,CD4+ T cells
E2L3_CGGGTGTCAAGGAGTC,Platelets
L5_TGAGGGACAAGATCCT,CD4+ Naive T cells
E2L2_AACAAGAAGGCTTAGG,CD8+ T cells
E2L6_TTACAGGTCCACGGAC,B cells
E2L8_ACCATTTTCTGAATCG,NK cells
E2L1_CTGATCCGTAGCGTCC,Erythrocytes
L3_TTCCTCTAGATCACCT,CD8+ T cells
E2L2_TTACCATGTCAAGCGA,Proliferating cells
E2L7_TACAACGAGCAGGCAT,CD14+ Monocytes
L2_GGGTCTGCAGGTTCGC,NK cells
E2L2_ACGATGTAGCCTCATA,B cells
L2_AACGGGACAATGTTGC,B cells
L5_CATTGTTTCCCGAGTG,NK cells
L5_CGAGGAACATTCTCCG,CD4+ Naive T cells
L2_GGAATCTAGGCTAGCA,CD4+ Naive T cells
E2L3_GCGGAAACAATCGCAT,CD8+ T cells
E2L7_ATGTCTTAGTTGCATC,HSPCs
E2L7_TGAACGTAGCTTTCCC,CD14+ Monocytes
E2L2_CTAACCCCAAATGGAT,CD8+ T cells
L1_TTGTGGATCTCCATAT,CD4+ Naive T cells
L1_ACCAACAAGGATGTTA,CD4+ Naive T cells
L1_CTCAGGGTCGGCAGTC,B cells
L5_CTGCTCAAGAGTGACC,CD4+ Naive T cells
E2L1_TCAATTCCAGCAGATG,CD4+ Memory T cells
E2L7_GCATTAGAGTATGCAA,Plasmacytoid Dendritic Cells
E2L1_TGTTCCGGTCTGTTAG,Proliferating cells
E2L4_GCTACCTTCGCCTATC,Conventional Dendritic Cells
E2L3_GTAGAAAAGCAGGCAT,CD4+ T cells
L4_TACGTCCGTGGTCCCA,CD8+ T cells
L5_CTATAGGAGGCCTAGA,CD4+ Naive T cells
E2L6_AGGTTACTCCGTGCGA,Platelets
E2L2_TCTTTGATCTTTCGAT,CD14+ Monocytes
L5_GTGTAACAGTGCGCTC,CD4+ Naive T cells
L5_ACTATGGTCGACGTCG,CD4+ Naive T cells
E2L8_GGTGGCTCAAGAAACT,CD4+ Naive T cells
E2L8_TTAATCCGTGTCTTCC,CD4+ Memory T cells
E2L1_TTGGGCGGTAGTGCGA,CD4+ T cells
L5_AAGGTAATCTACTTCA,HSPCs
L1_CCTGCATCACGCCACA,CD4+ Naive T cells
E2L4_TCTAACTTCGAGTGGA,Conventional Dendritic Cells
L4_TCATTCAGTTCTTGTT,Plasmacytoid Dendritic Cells
E2L6_TCACTATAGGAACATT,CD8+ T cells
L1_CTCAACCTCATGGCCG,CD4+ Naive T cells
L4_CGGAATTTCGTTCTCG,CD4+ Naive T cells
E2L5_AATCGACCACCAGCCA,Plasmacytoid Dendritic Cells
E2L6_TACGGGCAGGTGAGCT,Platelets
E2L5_TCCATCGAGCAGCCCT,CD4+ Memory T cells
L3_ATGGGAGGTCCAGCCA,Plasmacytoid Dendritic Cells
L5_TTCCGGTCAAACCATC,CD4+ Naive T cells
E2L7_ACAGGGAGTAATGATG,Plasmacytoid Dendritic Cells
L4_ACTGCAAGTCCCTGTT,Platelets
E2L6_TTACGTTCAAGTTTGC,CD8+ T cells
L5_AAAGTGACAGGTACGA,Plasmacytoid Dendritic Cells
L1_AGATCGTTCGTCGCTT,CD4+ Naive T cells
E2L3_AGCTTCCCACAATGTC,Proliferating cells
L1_AAGGTAAGTACTGCGC,CD8+ T cells
L2_TTCGATTAGTTGAAGT,NK cells
E2L2_GCATCGGCATACTTTC,NK cells
L3_ACCAAACAGGTAGTAT,Conventional Dendritic Cells
L2_GCAACCGCACGCCACA,CD4+ Naive T cells
E2L5_TTCCAATTCATAAGGA,B cells
L4_GGTAACTGTACTCGTA,CD8+ T cells
E2L1_CAGAGCCTCTCCGCAT,CD14+ Monocytes
E2L1_TCCCAGTTCACCCTTG,FCGR3A+ Monocytes
E2L5_CGTTGGGGTCCGAAAG,CD4+ Memory T cells
E2L5_ACTTCCGAGTGATCGG,B cells
E2L4_GGTAATCTCCACAAGT,CD8+ T cells
E2L4_TGCTCCACAGGGAATC,Plasmacytoid Dendritic Cells
L4_GCTGAATTCTATCGTT,Erythrocytes
L4_ATTCAGGTCAGCTTGA,CD14+ Monocytes
E2L4_CCCTCTCTCTTCGCTG,NK cells
E2L1_GGAGGATGTCCCGTGA,CD4+ Memory T cells
L3_TCAGTCCCACGGCACT,HSPCs
E2L6_AGGACGACAACACAGG,CD14+ Monocytes
L1_TCGAACATCTGAGGTT,Plasma cells
E2L1_ACAAAGAGTATCGCTA,Plasmacytoid Dendritic Cells
E2L8_TGTGTGAAGGGACTGT,NK cells
L1_ATGAAAGTCGACGACC,CD8+ T cells
E2L3_TCCTCGAGTATGAGCG,Platelets
L4_TGAGGGAAGCACAAAT,CD4+ Naive T cells
E2L4_ACCAAACCAGAGACTG,Proliferating cells
E2L7_AAGACAATCCTGTTAT,CD14+ Monocytes
E2L4_AAGAACATCTCGCTTG,NK cells
E2L2_CGTAATGCAGACCAAG,CD8+ T cells
E2L3_GTAGTACCAACGTATC,CD4+ Memory T cells
L2_CATGAGTGTTTGCAGT,CD8+ T cells
L4_GATGTTGGTAAGTTAG,Proliferating cells
E2L6_CCGAACGAGAGCCGAT,Conventional Dendritic Cells
L5_ACAGCCGCAAGATGGC,CD4+ Naive T cells
L2_GTATTGGCAGGAGGAG,Plasma cells
L2_TCTCTGGCAACAAAGT,CD4+ Naive T cells
E2L8_GATGTTGTCCGAAGGA,FCGR3A+ Monocytes
L2_TCTACATTCCTGTTGC,T cells
L2_TCACACCGTGGTGATG,Proliferating cells
E2L6_GCCCAGAAGCAGGTCA,FCGR3A+ Monocytes
E2L2_TTCCACGTCCGCTTAC,CD8+ T cells
E2L3_ATTCCATGTAGCTCGC,NK cells
L5_AGATAGAGTCTACAAC,Proliferating cells
E2L8_CGTTCTGAGACCAGAC,B cells
L3_GTCCCATTCATACGGT,CD4+ Naive T cells
E2L5_TGTTTGTGTTTGCAGT,B cells
E2L5_ACGTAGTTCCGACGGT,T cells
E2L7_GATGACTTCGCTGTCT,T cells
L3_GGAGGTAAGCATGTTC,CD4+ T cells
E2L7_TGGGTTAGTGCATGAG,CD14+ Monocytes
L5_AAGCATCAGCCTCTTC,HSPCs
L5_AAGTTCGCATGGGTTT,CD4+ Naive T cells
E2L7_GTAATCGTCAGACCGC,Erythrocytes
L5_CCTCATGTCCATCCGT,Plasmacytoid Dendritic Cells
L1_CTACAGAGTGATTGGG,NK cells
L5_TTAGGGTCAGCCTTCT,CD4+ Naive T cells
E2L2_GAGTGAGGTTGCCGAC,Proliferating cells
L1_TCAGTGATCCGCAAAT,Erythrocytes
E2L8_GTAGAAACAGGTACGA,Plasmacytoid Dendritic Cells
L1_TCAAGTGGTCAACCTA,Platelets
L5_TAGACTGTCCCTTGTG,FCGR3A+ Monocytes
E2L2_CTCATTACAGATCATC,CD4+ Memory T cells
L2_AGTCACAGTTCGTAAC,B cells
L4_TTTCACACAATATCCG,CD4+ Naive T cells
L3_AAGGTAATCCACATAG,B cells
L2_GATAGCTTCATCCTAT,B cells
L3_ATCGTCCGTTCGGCGT,Platelets
L4_TGTGTGAGTTAAACCC,CD8+ T cells
E2L1_TACCTGCTCAAGCCCG,NK cells
L3_CATCCCAAGACATGCG,CD4+ Naive T cells
E2L2_CGGGTGTGTACTGTTG,Proliferating cells
L2_TCTTAGTAGGCCATAG,CD4+ Naive T cells
E2L7_TCCTCTTAGTCGGCCT,Platelets
L1_TTTACTGGTTACCCAA,HSPCs
L2_GAAACCTTCGCATTAG,CD4+ T cells
E2L2_CTCATGCAGACGAGCT,CD8+ T cells
E2L8_ACATTTCGTATACGGG,CD8+ T cells
E2L1_GGGTAGATCATTGGTG,NK cells
L3_GCGATCGGTTTACGTG,CD14+ Monocytes
L5_GTCCTCAAGCGGCTCT,CD4+ T cells
E2L4_TCCTCCCGTGTTAAAG,Plasmacytoid Dendritic Cells
E2L1_TCTCACGTCACGGACC,CD8+ T cells
E2L5_GGGTGTCCATGCTGCG,B cells
E2L2_GTGTAACTCCGCACTT,CD8+ T cells
L2_TATATCCCAGCCGGTT,CD4+ Naive T cells
L3_AACACACTCCTCGATC,CD4+ T cells
L2_TCTCCGATCAGCGCGT,Plasma cells
L1_CGATGGCTCATGTCTT,FCGR3A+ Monocytes
L2_TGTGAGTCACAGTGAG,CD4+ Naive T cells
E2L5_CAGCCAGAGTGGCAGT,B cells
E2L6_CCCTCTCTCTTCCCGA,CD4+ Memory T cells
L1_ATGGATCAGTCTCCTC,B cells
E2L4_TGTTGGAGTCCTACAA,Plasma cells
L5_CCACACTTCCCGAGAC,HSPCs
L4_TATTGCTAGTTACGTC,FCGR3A+ Monocytes
E2L1_AGAAGCGGTGGACCAA,Platelets
L4_TTTGTTGAGTAACGAT,Proliferating cells
L5_GAGGCAAGTTCAAGGG,CD14+ Monocytes
E2L7_TACGTCCGTGTCGCTG,Plasma cells
E2L3_TTTCATGAGAATCGAT,B cells
E2L7_GCATCTCTCCTCTTTC,CD4+ Memory T cells
L2_ATAGAGATCCTCGATC,CD4+ Naive T cells
L3_CGAAGTTCAGACCTGC,CD4+ Naive T cells
E2L5_TGACAGTGTCACAGAG,CD4+ T cells
L2_AACCTGACAGGAATAT,FCGR3A+ Monocytes
L4_GATCAGTAGAGCTTTC,CD8+ T cells
L2_CCACCATGTGGCGCTT,FCGR3A+ Monocytes
E2L6_TACAACGGTAGAGATT,FCGR3A+ Monocytes
E2L5_GCCGTGACACCTGTCT,B cells
E2L8_TGTCCCACAGGGCTTC,CD4+ Memory T cells
L4_AACGGGAAGACGCCAA,NK cells
L2_TACGGTAGTCACCCTT,NK cells
L4_CACATGACAAACAGGC,Erythrocytes
L2_AACCATGTCCTCTCGA,HSPCs
E2L5_TGTCCACGTGGGATTG,CD8+ T cells
L2_TGCTTGCCATGTTCGA,CD4+ Naive T cells
E2L4_TACCTCGCACGCAAAG,CD4+ Memory T cells
E2L3_TGGATGTAGCAAATGT,CD4+ Memory T cells
E2L1_ATTCTACCATCTAACG,Plasmacytoid Dendritic Cells
E2L1_AAGTGAAGTGGATGAC,CD8+ T cells
L2_TCAGTGATCAGCTTGA,CD4+ Naive T cells
E2L3_TCAATCTCACTGTCCT,CD8+ T cells
L2_GACTCTCTCCCATTTA,CD4+ Naive T cells
E2L1_GTAGGAGGTTCTCAGA,CD4+ Memory T cells
E2L5_AATCGACTCCATCGTC,Proliferating cells
L2_AGGATCTAGTGGACGT,Proliferating cells
E2L6_GTTTGGAAGATGCTGG,CD14+ Monocytes
L1_TCTTAGTCATCAACCA,CD4+ Naive T cells
E2L8_TGAGCATGTGAAAGTT,Plasmacytoid Dendritic Cells
E2L5_CAGTTCCAGGTGTGAC,CD4+ Memory T cells
E2L8_GTGCTTCTCCTCTCTT,CD4+ Memory T cells
E2L6_TCCTGCATCCAAACCA,CD8+ T cells
L4_TCATATCAGGTAGGCT,CD4+ Naive T cells
L1_AGACACTGTGTTAGCT,Plasma cells
E2L1_AACCTGATCGTAGAGG,Platelets
E2L3_CTCCTTTCATCTCCCA,CD14+ Monocytes
L3_AGAACAAAGTGGCAGT,Proliferating cells
L1_CATCGGGGTCTCCCTA,CD4+ Naive T cells
L5_CCAATTTCAAGAATGT,CD4+ T cells
E2L8_ACATCCCCATGTTACG,Plasmacytoid Dendritic Cells
E2L8_CTCAGTCAGTGCCCGT,Proliferating cells
L4_TCCCACACATGCAGCC,HSPCs
E2L2_AGTAACCGTGGCTAGA,NK cells
E2L7_CCTAAGACAATAACCC,NK cells
E2L1_GATGACTCATGCGGTC,NK cells
L5_CGAGTTACATGCCGAC,CD4+ Naive T cells
L1_GTACAACGTAACCAGG,CD8+ T cells
L1_TGGATGTGTAAGATTG,T cells
L1_CACAGATTCGATACTG,CD4+ Naive T cells
L4_GGGTCACGTCCTCCTA,CD14+ Monocytes
L5_GAAACCTGTGGTCCCA,CD4+ T cells
L3_GTAACACTCGCAGATT,CD4+ Naive T cells
E2L4_CATGCTCGTCCAGCCA,CD14+ Monocytes
L3_ATCACAGAGAAGTCAT,CD4+ Naive T cells
L2_TGTGGCGGTGAAAGTT,HSPCs
L3_TCATATCTCTCTCGCA,CD4+ Naive T cells
L5_CGAATTGAGCAGAAAG,CD8+ T cells
E2L6_ATTGTTCGTGTCCGGT,Conventional Dendritic Cells
E2L7_ACGGTCGTCGTTGCCT,NK cells
L1_GCCAGCACAGCAGTTT,Conventional Dendritic Cells
L4_TACCCGTTCTACGCGG,Erythrocytes
L5_TACATTCGTACCATAC,NK cells
L3_GCCTGTTGTCGAACAG,CD4+ Naive T cells
E2L6_GTCATGACATAACTCG,B cells
E2L3_GCACGGTAGATGTTCC,CD4+ Memory T cells
L5_TACTTGTTCTCTCTTC,NK cells
E2L6_ATCTTCAAGTCTACCA,CD14+ Monocytes
E2L3_AGTCTCCAGAACTGAT,CD4+ Memory T cells
L3_ACCTACCAGGTCACTT,CD4+ Naive T cells
L1_TACGTCCGTGTCCAAT,CD4+ Naive T cells
E2L3_AATTTCCCAATAGTGA,CD4+ Memory T cells
E2L7_CTTACCGAGGTGATCG,Proliferating cells
L5_GCTGCAGCATGCCATA,Plasma cells
L5_ACATTTCAGGTTAGTA,CD4+ Naive T cells
L2_ACACCAAGTTTCACTT,CD4+ Naive T cells
L1_TTTAGTCCAGCAGTTT,T cells
E2L3_ACGTAGTAGTAGTCAA,B cells
L3_ACCTACCGTCACTCAA,CD4+ Memory T cells
L2_AACTTCTGTCGTCGGT,CD8+ T cells
E2L5_TCATGCCCAAATGAGT,Proliferating cells
E2L2_ACCCAAAGTGCGACAA,CD14+ Monocytes
E2L2_TCGCTTGTCGACGAGA,Proliferating cells
E2L4_GGCTGTGTCCCGATCT,FCGR3A+ Monocytes
E2L3_CGGACACAGCGAACTG,CD8+ T cells
E2L5_TCTTGCGAGTCTTGGT,CD4+ Memory T cells
L2_TGTCAGATCCATCTGC,CD14+ Monocytes
L4_ATGCCTCCATGGCCCA,FCGR3A+ Monocytes
E2L8_CATGAGTGTCGAATGG,CD4+ Memory T cells
E2L2_GTGAGCCTCACGAACT,CD4+ Memory T cells
L4_TGCATCCCAGACGCTC,HSPCs
E2L2_CTCGAGGAGACGCCCT,CD4+ Memory T cells
E2L7_TGCGATAAGTATTAGG,CD8+ T cells
L1_AAAGTGAGTATCGTAC,CD14+ Monocytes
L2_CGGGTGTTCTCAGAAC,CD4+ Memory T cells
L3_ATCAGGTCATCAACCA,CD4+ T cells
E2L2_CTTGATTTCCGATCGG,CD14+ Monocytes
L3_TTGCTGCCACTACGGC,B cells
E2L7_ACTTCGCAGCGGCTCT,B cells
L4_TGCAGTAGTGGACTGA,T cells
L3_CGGAACCTCCAAGAGG,CD8+ T cells
E2L2_CAATCGAAGATCCCAT,B cells
E2L2_ATGAAAGTCTTAGGAC,CD8+ T cells
L4_AATGGCTTCTACCAGA,B cells
L4_CAGTGCGGTTATGGTC,Proliferating cells
L5_CCGGGTATCGCTGACG,CD4+ Naive T cells
L2_CCCAACTGTTCAGGTT,CD14+ Monocytes
E2L8_CTCATTAGTGGGTATG,B cells
L2_CTGAATGTCAAGCCAT,B cells
E2L6_TCAATCTCACTGAATC,B cells
L2_TCATGCCAGACTTAAG,CD8+ T cells
E2L2_AAGCCATGTATCCCTC,CD14+ Monocytes
E2L4_TAACCAGCATCCTTGC,CD8+ T cells
E2L2_CGTTGGGAGAACAAGG,Proliferating cells
L1_GCGATCGCAAATGATG,CD4+ Naive T cells
E2L5_CTGCTCACAGTGACCC,CD8+ T cells
E2L1_CGATGGCCATGAATAG,CD8+ T cells
E2L5_AGTGTTGGTGTTGCCG,CD4+ Memory T cells
E2L1_ATGCGATCAACCCGCA,CD4+ Memory T cells
L1_GTTGCGGAGTATGTAG,CD4+ Naive T cells
L1_GGGTGAAGTTCGTAAC,CD4+ T cells
L4_TTACCATCAGCAGTGA,Plasma cells
L2_GATGTTGAGCCAAGCA,CD8+ T cells
L2_TCACATTCAATGGCAG,CD4+ Memory T cells
L2_TCATGTTAGTATGGAT,CD4+ T cells
L2_TTCATGTAGGAAGAAC,Plasma cells
E2L8_GTCACTCTCACCCTCA,Erythrocytes
E2L3_AAAGGGCTCGACATAC,Platelets
E2L7_GTGGGAAGTGAATATG,CD4+ Memory T cells
E2L3_AGCCAATTCCGTGGGT,CD4+ Memory T cells
E2L8_CTTTCAAAGGCACGAT,Erythrocytes
L2_CATTGCCCAGATCACT,CD14+ Monocytes
L4_GATCACATCCAATCCC,Conventional Dendritic Cells
E2L2_AATGCCATCCTGTTAT,CD4+ T cells
E2L6_AACGGGATCCAACTGA,CD14+ Monocytes
E2L6_CTGCATCGTGTCTTGA,NK cells
E2L2_GATGGAGCATTCACAG,CD4+ Memory T cells
E2L3_CAGATACAGCCGGATA,Plasmacytoid Dendritic Cells
L3_TTACCGCAGCCAGTAG,CD4+ Memory T cells
L5_CCTACGTCAGCTACAT,HSPCs
E2L5_TGCCGAGTCTGGGTCG,CD4+ Memory T cells
E2L2_AGAGCAGCAGCATTGT,CD4+ Memory T cells
L3_TGCAGTATCGGCCCAA,Proliferating cells
L1_GTTAGTGCACACGGAA,CD8+ T cells
E2L7_TGCGGCAAGAGGACTC,CD4+ T cells
L4_GAGGGTAAGCGCAATG,HSPCs
E2L6_CACATGAGTCGAATGG,NK cells
L1_GAGTTGTTCATTCGTT,CD4+ Naive T cells
E2L4_GAGTGAGCAAACCATC,CD8+ T cells
L4_ATCCCTGGTATCAGCT,CD4+ T cells
L5_TGATGCAAGTCGCGAA,Conventional Dendritic Cells
E2L2_TGGGCTGGTCGCTTAA,FCGR3A+ Monocytes
L2_GGGACCTGTCCCACGA,Plasmacytoid Dendritic Cells
L3_GGCTTTCAGTAAGAGG,CD4+ Naive T cells
E2L1_GGAAGTGAGAGTGTTA,Platelets
E2L1_AGGTTACCAATTGAGA,B cells
E2L7_ACTCCCAGTTGGGCCT,CD8+ T cells
E2L3_TGTAAGCCAATTCGTG,CD14+ Monocytes
L5_CACATGATCGCCGTGA,NK cells
E2L8_GGTGTCGCAAGCACCC,CD14+ Monocytes
E2L4_GGATCTAGTCGAGTGA,CD8+ T cells
L5_CATGGTACAAGGTCTT,T cells
L5_GGAACCCGTTCTCAGA,Plasmacytoid Dendritic Cells
E2L2_AAATGGACATTGTGCA,CD14+ Monocytes
E2L1_CTTGAGACAAAGGCGT,T cells
E2L2_GCACGGTGTTGACTGT,NK cells
L4_CTATAGGTCCCGTTCA,NK cells
E2L8_CTGATCCTCCTCAGGG,CD8+ T cells
E2L2_TGCTGAAGTCGTTGGC,B cells
E2L3_CGTTCTGGTAGAGCTG,CD4+ T cells
E2L6_ACGTAGTTCGATCCCT,Plasma cells
E2L7_GTGCTTCCACCAGCTG,Platelets
E2L4_TCGTAGACAACACGAG,B cells
E2L4_TTCACCGCACTTGTCC,Plasma cells
E2L2_ACGTAGTGTATTCCGA,B cells
E2L1_TTGTGTTCACCGGCTA,B cells
L5_CCTCATGCATGACGAG,NK cells
E2L4_TTTCAGTTCCTATTGT,CD4+ T cells
E2L5_TGTAACGCAACACAAA,T cells
E2L2_CGGGTCATCCAGCCTT,CD14+ Monocytes
L1_GTTAGACTCTAGTTCT,CD4+ Naive T cells
L1_GTACAACAGTTATGGA,HSPCs
L1_GAGTTTGTCGTAGAGG,CD8+ T cells
L3_TCGCTTGCAACTCCAA,B cells
E2L4_TCGGATATCTTCCCGA,CD4+ Memory T cells
E2L7_TTACAGGAGCTCGGCT,NK cells
E2L6_GAGAAATCACGGCACT,Plasmacytoid Dendritic Cells
L1_GTTATGGTCTCACTCG,CD4+ Naive T cells
L3_CAGATACCACAAGGTG,NK cells
E2L6_CCTACGTTCGAATCCA,CD4+ T cells
E2L5_GTTTACTTCTGTTCAT,Plasma cells
L4_CCACGAGAGAGAGTTT,CD4+ T cells
E2L6_TAAGCACAGTACGAGC,Plasmacytoid Dendritic Cells
L5_GTACAACAGACAGCTG,CD8+ T cells
L4_ATGTCCCCATACAGGG,CD4+ Naive T cells
E2L4_ATTACCTAGATACAGT,Proliferating cells
L1_GGGCTCAGTTCTTAGG,HSPCs
L1_CACTAAGCACGAAAGC,CD4+ T cells
E2L6_AGTTAGCTCTAAGCGT,Plasmacytoid Dendritic Cells
L4_CTCCCTCGTCCGAAGA,Plasmacytoid Dendritic Cells
L5_ACCCTCAGTGGATCAG,FCGR3A+ Monocytes
L2_GCCAGCATCGAGCCAC,NK cells
E2L8_TATCAGGCAAGTTGGG,HSPCs
L1_CCGGGTAGTTTACTGG,Plasma cells
E2L8_GGGACAATCTTGGTCC,NK cells
L1_CTCCATGCATCGGCCA,CD8+ T cells
L5_TTACCATAGATAACAC,CD8+ T cells
E2L7_ATTCCTACAGGTCCCA,CD4+ Memory T cells
E2L2_CTTACCGTCTCCTGCA,NK cells
L4_CCATCACAGACGCCCT,CD8+ T cells
L1_AGGGTCCAGACTACCT,Plasmacytoid Dendritic Cells
E2L3_TTCACGCCAGCAGTTT,CD8+ T cells
L2_GAATCGTTCCACGTGG,B cells
L3_GTCGTAATCCGTGACG,CD14+ Monocytes
L2_GAGATGGTCGAATGCT,HSPCs
E2L8_TTTGATCCAATGTGGG,Platelets
E2L7_AACCATGAGCGGGTTA,CD14+ Monocytes
E2L6_GGGAGATGTGCATTTG,CD4+ Memory T cells
E2L4_CATGAGTCACGACGCT,Proliferating cells
E2L6_TCAGTCCGTGTTACTG,CD14+ Monocytes
L1_GTATTTCCATGGCTGC,HSPCs
E2L1_CTTCTAACAGGCTCTG,HSPCs
E2L4_TACCCACCACCGCTGA,CD4+ Memory T cells
L5_TACATTCTCTTTGATC,CD8+ T cells
E2L6_GCCGTGAGTAGACAGC,CD4+ Naive T cells
E2L7_GTGCAGCTCCGTGGGT,CD4+ Memory T cells
L5_CGCCAGACAAACCACT,CD8+ T cells
L1_AGGCTGCTCTAGCCTC,Plasmacytoid Dendritic Cells
E2L2_CCACGTTGTGGGACAT,B cells
L4_GTAAGTCGTCGCATGC,Conventional Dendritic Cells
E2L1_AATAGAGTCCGGACGT,NK cells
L2_TTGTGGATCTGCCTCA,CD4+ T cells
E2L4_AGGTCTAAGCCTCAGC,NK cells
L2_GTGCAGCAGGTTGGTG,Proliferating cells
L1_ATTGTTCAGCCACAAG,CD4+ Naive T cells
L3_GATCACACAGTTCCAA,Platelets
E2L6_CACTAAGTCGTTCTAT,FCGR3A+ Monocytes
L4_GGAATGGCAGAAGCGT,CD4+ Naive T cells
L2_CATGCTCAGTATGATG,CD4+ Naive T cells
L5_GTAGGTTCATCCTAAG,CD4+ Naive T cells
E2L4_ACGATCACAATAGAGT,Platelets
E2L2_AATCACGCATCCGATA,NK cells
E2L2_TCAGTGATCTAAGCCA,T cells
E2L2_CAAAGAAGTACCGGAA,CD8+ T cells
E2L6_CCGGACAAGAGTTGTA,Plasmacytoid Dendritic Cells
E2L5_TTCGCTGGTCAGGAGT,B cells
E2L7_TTTACTGCAGCGTTGC,CD14+ Monocytes
L4_TACCTCGCACACACGC,CD8+ T cells
L5_CGACAGCTCTCGTGAA,CD4+ Naive T cells
L5_CCCTGATGTCCCGGTA,Plasma cells
E2L3_TAGACCATCTTTGATC,CD4+ Memory T cells
L1_AGGCTGCTCTGCGGAC,CD4+ Naive T cells
E2L3_TAACGACAGCCTTTGA,HSPCs
E2L6_GTTCTATAGGAGGCAG,CD4+ Memory T cells
E2L3_ATATCCTTCTGCTTAT,CD4+ Memory T cells
E2L1_AGTCAACAGCATGCAG,CD14+ Monocytes
L1_GTCTCACCATTGTCGA,CD4+ Naive T cells
L4_CGAGGAAGTTCAGCGC,CD4+ Naive T cells
L4_GTGCAGCCAAATAAGC,CD8+ T cells
L3_ACGGTCGGTGCCGTTG,B cells
E2L3_TCATATCTCTGCGATA,CD4+ Memory T cells
E2L2_TGCAGATTCACGGTCG,CD8+ T cells
E2L7_CCACACTCACGCGTGT,NK cells
E2L7_GTGCAGCCAAGATGTA,FCGR3A+ Monocytes
L5_TTACAGGGTTCTTGCC,FCGR3A+ Monocytes
E2L2_CCCTCAAAGTGGCAGT,CD8+ T cells
E2L7_GAAGTAAGTATCAGCT,Platelets
L3_GGTCACGCACCGTCTT,CD4+ Naive T cells
L2_TCCTAATTCCAGTGCG,CD4+ Naive T cells
L2_TTCCTCTTCGGCTATA,CD4+ Naive T cells
L1_TGATCTTTCGCTGACG,CD4+ Naive T cells
E2L2_TTTACCAGTCAAGTTC,Proliferating cells
E2L5_GATGGAGTCCGCGGAT,Platelets
E2L2_GCAACATGTATACCTG,CD14+ Monocytes
L2_CTTTCGGAGAGAGCCT,B cells
E2L8_TCCGGGAGTGTTGATC,CD8+ T cells
E2L7_TCATGAGGTCTCAAGT,Erythrocytes
L1_GTGAGCCAGATTCGCT,CD14+ Monocytes
E2L5_ATAGACCTCAATCCGA,CD4+ Memory T cells
E2L3_AGTCTCCAGTTGAAAC,B cells
L3_AGGGTTTGTGTGACCC,Platelets
E2L5_GAAATGATCGCGTGCA,CD4+ Naive T cells
L4_TCTACCGAGCGTTGTT,CD4+ Naive T cells
E2L5_AGGAGGTAGTGTTCAC,Proliferating cells
E2L8_ACGTAGTTCATGAAAG,NK cells
L3_TCACACCCAAGTGGGT,CD4+ Naive T cells
E2L3_TACTTGTTCGAAGCCC,FCGR3A+ Monocytes
E2L5_CAAGAGGCATACTTTC,NK cells
L5_GTAGAGGTCTTTACAC,CD8+ T cells
E2L6_TGAGGAGTCGTACCTC,Plasmacytoid Dendritic Cells
L1_TAATCTCAGCGTGTTT,CD8+ T cells
E2L1_ACCACAAAGAGCATAT,CD4+ T cells
E2L7_AACAAAGGTTCAGTAC,CD14+ Monocytes
L5_CGTTAGATCGGACAAG,CD8+ T cells
L3_ACACCAAGTAACGCGA,B cells
E2L6_TACAGGTTCTGCCTGT,Proliferating cells
E2L2_GTCATCCTCCTCGATC,CD8+ T cells
L1_GCAACCGGTAGTGTGG,B cells
L5_CATCAAGCATTCATCT,CD14+ Monocytes
E2L7_TAACCAGGTGGCTACC,CD8+ T cells
E2L1_AGGGTTTGTGCGGTAA,HSPCs
L5_TCAAGCATCCGAAATC,CD4+ Naive T cells
E2L1_GCGATCGAGTATGACA,Plasmacytoid Dendritic Cells
E2L3_AGACAAAAGATGACCG,Proliferating cells
L3_GGCTTTCTCCTAAACG,CD4+ Naive T cells
E2L8_ATCCTATAGAGGGTGG,B cells
L2_TAGTGCACAATCTGCA,CD4+ T cells
E2L8_GTTGCTCTCGGTGTTA,CD8+ T cells
L2_TTACAGGCAGACGGAT,Plasmacytoid Dendritic Cells
E2L7_CCGGTAGGTGTAGCAG,CD4+ Memory T cells
E2L4_ACAGGGATCGGTGTAT,CD4+ Naive T cells
L2_CCGATCTGTCGTGGTC,CD4+ Memory T cells
E2L8_TCTTGCGTCAGCTTGA,B cells
E2L2_ACGTTCCAGCTGGCTC,NK cells
E2L2_TTGAACGGTGTTTGCA,NK cells
E2L8_AAGACTCAGCGATCGA,CD8+ T cells
E2L5_GCATTAGGTACAGTTC,Plasma cells
E2L4_GCCAGGTTCTGTCGTC,Proliferating cells
L4_GCATCGGCATGGCTGC,CD4+ T cells
L4_ACCATTTAGCATCCCG,CD8+ T cells
L3_TGCGACGGTGGTCCCA,CD14+ Monocytes
L2_TTAGTCTTCTGGCCAG,CD4+ Naive T cells
E2L8_TCATGTTGTGTTCAGT,NK cells
L4_GCGGATCCAACGGGTA,Plasma cells
E2L1_TCAAGACGTATCGGTT,CD4+ Memory T cells
L5_GAAGTAATCTTCGTGC,CD4+ T cells
E2L2_TTTGATCAGCCATTCA,NK cells
L3_TGGGAGAGTCCGCAGT,FCGR3A+ Monocytes
L5_CGGAGAATCAGCTCTC,Conventional Dendritic Cells
E2L6_TTCGCTGGTACGGTTT,NK cells
L1_GCTGAATCATGGAGAC,CD4+ Naive T cells
E2L8_ATCTCTAAGGCCATAG,B cells
L4_TACTTCAGTAAGATTG,B cells
E2L5_CTCCTTTTCACTTGGA,B cells
E2L3_CGGGCATGTCCAAGAG,CD8+ T cells
E2L7_GTGATGTGTATGGGAC,CD14+ Monocytes
L3_TGTAGACTCACTGAAC,B cells
L2_TGAGCATCAATGACCT,CD4+ Naive T cells
L5_TGATCAGAGATGGTCG,NK cells
E2L6_TCCCACATCAAGGTGG,Conventional Dendritic Cells
L5_CGTAGTATCGACCACG,CD4+ Naive T cells
E2L4_ACTATCTTCGACACTA,B cells
E2L5_TACACCCTCTGTCCCA,CD4+ Memory T cells
L3_TACTTCACAAGACGAC,T cells
L4_CTCTCAGAGACGCTCC,CD14+ Monocytes
L4_GGAAGTGAGGTGATCG,CD4+ T cells
L2_TTCCGTGCAATAGTAG,Plasma cells
L4_TGCGGGTAGCGTCAGA,B cells
E2L5_TCATGTTCAATCTCTT,CD8+ T cells
L1_TCGAAGTCAACCTAAC,Conventional Dendritic Cells
L3_AAACCCATCTGTCAGA,CD8+ T cells
L5_GTAGGAGAGCTGGCTC,CD4+ Naive T cells
L4_AAAGAACTCCAACCGG,CD8+ T cells
L2_AGAAATGGTGCCTTCT,B cells
L2_CTCCAACCAGCATCTA,HSPCs
E2L5_GGTGGCTGTGACTGAG,B cells
E2L7_GTAGAGGCAGGTCAGA,Plasmacytoid Dendritic Cells
E2L5_TGGAACTGTGCAGATG,CD8+ T cells
L5_GGTTCTCCAGATAAAC,CD4+ Naive T cells
E2L5_GTCGAATTCCATCGTC,CD8+ T cells
L2_GAGTCTACATATCGGT,CD14+ Monocytes
E2L5_CGCCATTCATGCCATA,NK cells
L1_AACCTTTAGAGAGCCT,CD4+ Naive T cells
L3_TTGCATTAGGAGTATT,CD4+ T cells
E2L7_GTAGGTTTCCCAAGTA,CD4+ Memory T cells
E2L6_CGCATAAAGTCGTTAC,CD14+ Monocytes
E2L5_GCCAGGTCACGGATCC,CD8+ T cells
L2_CTTGATTAGCCACCGT,CD4+ Naive T cells
E2L3_TCCTTTCTCTGGTTGA,CD4+ T cells
E2L6_ATCACTTTCCCAAGTA,CD14+ Monocytes
L5_ACACCAACACCCAATA,CD8+ T cells
E2L1_AGCGTATCATCCGGTG,CD4+ Memory T cells
E2L2_AGCCAGCAGGGCTAAC,Plasmacytoid Dendritic Cells
L3_CGCCATTTCCGTATAG,CD4+ Naive T cells
E2L4_CCATAAGAGGATGTTA,NK cells
E2L7_CTGGTCTAGCATTTGC,CD4+ Memory T cells
E2L6_GCGGATCTCCAATCTT,B cells
E2L4_TCTCTGGTCTAGTTCT,Platelets
E2L1_GATCATGGTAGAATAC,CD14+ Monocytes
E2L1_TCTATCATCTTCTAAC,CD8+ T cells
L1_CTATCCGTCTCGCTTG,Proliferating cells
L5_TCCTTCTCAGCGTTTA,HSPCs
E2L7_TACCGAAGTTGGGAAC,CD4+ T cells
E2L7_TGGTTAGTCTGGTGCG,Plasmacytoid Dendritic Cells
L4_AAAGTGATCGTTCTCG,Platelets
E2L5_GAGTCTACAGGTAGTG,Plasmacytoid Dendritic Cells
E2L6_TTTATGCCACCAGACC,CD8+ T cells
L1_GTTAGACTCCTAACAG,CD4+ Naive T cells
E2L7_CTTCCGATCCTTGAAG,B cells
L1_ACTCTCGAGTCCTGCG,CD4+ Naive T cells
L2_TCACGGGGTTCCTTGC,B cells
L1_TGTCAGAGTCTCGGAC,CD4+ Naive T cells
E2L4_AACCCAACAATAGAGT,Plasma cells
L4_GCTACCTGTGCTATTG,B cells
L4_CGAGTGCAGCAGGTCA,CD8+ T cells
L2_GTCAGCGGTTTGAAAG,CD14+ Monocytes
L4_CGAATTGGTTACGCCG,NK cells
E2L7_CATCGGGAGCGTGTTT,CD4+ Naive T cells
E2L8_TCATTCACATGTACGT,CD8+ T cells
E2L7_TCCTCGAAGTGCCGAA,B cells
E2L3_ATCGTCCCACATAGCT,CD14+ Monocytes
L3_CGTTAGAAGGCCTTCG,CD4+ T cells
L2_GGGTCTGGTACACTCA,CD4+ Naive T cells
L5_CTAACTTTCCCGAACG,Platelets
E2L7_GTGCACGGTCGTGTTA,CD4+ Memory T cells
E2L2_CCATCACCACGAAAGC,B cells
E2L4_TGCTCGTCACAACGCC,CD4+ Memory T cells
E2L2_CGGAACCAGGTTCATC,Platelets
E2L8_TTGTTCATCCCGTTCA,Plasmacytoid Dendritic Cells
E2L8_GCCATTCTCCGTAGGC,B cells
E2L3_TTGGGCGGTCTGTGTA,CD14+ Monocytes
L2_TTGAACGAGCACTTTG,NK cells
E2L2_TGGAGAGCACTCCACT,FCGR3A+ Monocytes
L1_GATGTTGTCCTTACCG,FCGR3A+ Monocytes
L2_CTAACCCCAACCCGCA,CD4+ Naive T cells
L2_GAAATGAAGCCAGTAG,Plasma cells
E2L1_AACCACAGTAACGGTG,CD8+ T cells
L5_GAGCCTGTCAAGCTTG,NK cells
E2L4_CATAGACTCGGTAGAG,B cells
E2L1_GTCTCACAGCTGTGCC,Conventional Dendritic Cells
E2L1_GGGCCATGTGCCTATA,CD4+ Memory T cells
E2L5_CATCGGGGTCCGTACG,B cells
E2L5_CCCATTGAGTGCAGGT,Plasma cells
L2_TTGTTGTGTCGGTGAA,CD14+ Monocytes
L5_ACTATTCCAGGCCCTA,CD4+ Naive T cells
L3_TTCAATCTCGGTGTTA,HSPCs
E2L4_CTCTCAGGTAACGATA,CD4+ Memory T cells
E2L1_TCTTCCTGTACCGGCT,B cells
L5_GGATGTTCAAGAGGCT,CD4+ Naive T cells
L4_AACAACCTCAACCCGG,Erythrocytes
E2L4_CCGAACGTCATAGGCT,CD4+ Memory T cells
L2_CTGATCCTCTCAAAGC,CD4+ T cells
L4_TCATCCGCATTGAAGA,CD14+ Monocytes
E2L4_TGGGCGTAGGTCCCTG,CD8+ T cells
L4_CATTCCGAGGGTCACA,B cells
E2L5_CTCTCAGGTAGCTGCC,CD4+ Memory T cells
E2L8_TATCTTGAGATGACCG,FCGR3A+ Monocytes
L5_TCAATTCGTAGGAAAG,CD4+ Naive T cells
L5_AGGATAATCACTCCGT,CD4+ Naive T cells
E2L8_ACGGGTCTCGTAATGC,CD14+ Monocytes
L1_GAGGGATGTTGAATCC,HSPCs
E2L5_AGTGACTGTCCTACAA,Platelets
E2L4_CGAGGCTCAGCCGGTT,CD4+ T cells
L3_TCTACATGTCTGTGGC,CD4+ T cells
L5_CATTCTAAGTGGTTAA,HSPCs
E2L1_TTCCTAAAGTACTGGG,CD8+ T cells
E2L2_GGAGGATGTTCGGGTC,NK cells
E2L7_GCGTGCACAGTTTCAG,CD4+ Memory T cells
E2L6_CCAATGAAGGCTGGAT,FCGR3A+ Monocytes
E2L8_TCCGATCCACCATATG,CD8+ T cells
L1_TCGCACTTCCCGTGAG,CD4+ Naive T cells
E2L1_TCCTTTCCACCCTAGG,FCGR3A+ Monocytes
L1_TTCTAGTAGAGGTCAC,CD4+ Naive T cells
L3_AAACGAAGTCCTTGTC,CD14+ Monocytes
L2_CTCAGTCGTCGTAATC,Proliferating cells
E2L3_TGATGCAGTGATACCT,NK cells
E2L5_AAGTTCGAGCACTCGC,CD4+ Memory T cells
L2_GAGTTACTCTTCGGAA,NK cells
L5_GGTTCTCGTTCCAGGC,HSPCs
E2L4_CGTAGTACACTATCGA,CD4+ T cells
E2L5_ATGATCGAGAATCGTA,Conventional Dendritic Cells
E2L6_GGTCTGGTCTCGGTAA,NK cells
L2_CAAGGGAAGGCCATAG,CD8+ T cells
L3_ACAACCAGTCTGTCAA,CD8+ T cells
E2L1_TCACATTCATCTTAGG,CD4+ Memory T cells
E2L3_TTGGGTATCCCGTGTT,CD8+ T cells
E2L5_ATGTCCCCAACCGATT,CD4+ Memory T cells
E2L4_CTCCTTTTCTCTGCTG,CD14+ Monocytes
L3_AGCGATTCAGCCTATA,CD14+ Monocytes
E2L3_ACCTGAAGTGAACGGT,CD4+ Memory T cells
E2L1_TGAGTCATCAGGAAAT,CD8+ T cells
E2L2_TTTGACTTCCGCACTT,CD4+ Memory T cells
L2_GTGAGGAGTACAAGTA,CD4+ T cells
L1_GAATAGACACAAGCAG,HSPCs
E2L8_CACGGGTCAGTATACC,CD4+ Memory T cells
E2L3_TGGTTAGTCTTCGTAT,CD8+ T cells
E2L5_CTTGATTAGAGATGCC,Platelets
E2L2_TCGTGGGAGAATCCCT,CD4+ Memory T cells
L4_GTTTGGAAGTTGGCTT,CD8+ T cells
E2L6_ATCGGCGAGAAGTCCG,Plasmacytoid Dendritic Cells
E2L3_GTTACAGGTTAGGAGC,CD14+ Monocytes
L1_CGAGAAGTCCAATGCA,CD4+ Naive T cells
L1_ATCGGATAGACCAACG,CD4+ Naive T cells
E2L3_GCTTTCGTCGACGATT,CD14+ Monocytes
E2L5_CGCGTGACACACGGAA,B cells
E2L6_GGGCGTTTCACCTTGC,T cells
E2L7_TGGTGATGTTTGAAAG,HSPCs
E2L3_CCCTCAAGTAGCTGAG,B cells
E2L5_GACCGTGGTCGTCTCT,B cells
L2_TCGAAGTTCAAAGCCT,CD4+ Naive T cells
E2L5_CCGCAAGTCGTTCCTG,CD4+ Memory T cells
L4_AACCATGCATAACTCG,CD8+ T cells
E2L4_GTGTTCCCAATACGAA,CD4+ Naive T cells
L3_CTCATTAGTCATGGCC,CD4+ T cells
L5_TCGACCTTCGCGTCGA,CD14+ Monocytes
E2L4_AAAGTGATCTTTACAC,NK cells
L1_ATTGTTCCAACAAAGT,CD4+ Naive T cells
E2L4_GTGGAAGCACAGTGAG,Platelets
E2L3_GTGCACGCATCTTAGG,NK cells
L1_GGTGATTGTCTTTATC,CD4+ Naive T cells
E2L2_CTTTCGGGTAGATTAG,CD14+ Monocytes
E2L5_TCGCTCACAATGGGTG,NK cells
E2L2_TACCGAAGTTGACGGA,CD14+ Monocytes
E2L2_AGGGCTCTCCACTGGG,Plasmacytoid Dendritic Cells
E2L7_GTGTGATGTAATGATG,NK cells
L3_TCGGGACGTCAAGTTC,Proliferating cells
E2L7_TGAATGCTCAGTGTTG,B cells
L1_GTGCTTCAGTCATACC,NK cells
E2L5_CGGGTCACACATACTG,B cells
E2L6_GGATCTATCATCGCAA,Platelets
E2L5_GGAATCTCACTACCCT,CD8+ T cells
E2L5_TTGGTTTGTGTTCCAA,Platelets
E2L5_TAACACGTCTGTCGTC,CD4+ Memory T cells
E2L3_AAAGTGACACCAGCCA,Proliferating cells
L3_AAAGTGAGTGAGATTA,B cells
E2L8_GCACATAAGCTAGAGC,NK cells
E2L4_AGGACTTCACGAGGAT,CD14+ Monocytes
E2L8_CAATCGAAGTTGGAAT,CD14+ Monocytes
L1_TTCAATCTCTCTCCGA,NK cells
E2L2_CGGTCAGAGACATAAC,CD8+ T cells
E2L1_GATGATCAGATACCAA,B cells
E2L8_CGTCAAAGTTCGGTCG,B cells
E2L6_TTGTTCACAGGCCCTA,Plasma cells
E2L3_ATCATTCTCGCGTAGC,B cells
E2L3_TAGACTGTCGTAGAGG,Platelets
L3_TTTGATCTCCAACACA,Plasmacytoid Dendritic Cells
L2_CATCCCATCGCAGATT,CD4+ T cells
L2_TCCTCGAAGTTACGTC,CD8+ T cells
E2L6_CACAACACAATTCTCT,B cells
L2_CCCTGATTCCTTTGAT,CD8+ T cells
L5_AACGAAATCCACTGGG,CD4+ Naive T cells
L4_ACCACAAGTTCGAACT,Plasmacytoid Dendritic Cells
L2_AGTACCATCTGTTCAT,B cells
E2L6_ATTATCCCACTCTGCT,B cells
E2L7_CATCCGTCATACGCAT,NK cells
E2L8_CCTTTGGTCCTTTAGT,NK cells
E2L6_CATAGACTCGGTCTGG,Proliferating cells
L4_TTGCCTGCATACTGTG,B cells
E2L8_TCCATGCGTATAGGGC,CD8+ T cells
L2_GACATCAGTCACCGCA,CD4+ Naive T cells
L3_TTTACGTGTCTGATAC,Plasma cells
L4_AAGATAGTCGCGATCG,Erythrocytes
E2L7_AATTCCTCATGCCGCA,CD4+ Memory T cells
L2_GATTCTTGTCCTTAAG,Plasma cells
E2L8_TCATCCGCAGTCAGTT,CD4+ Memory T cells
E2L5_AGTTAGCTCGCTAGCG,Proliferating cells
E2L2_AGACACTGTTAAGACA,Proliferating cells
L1_GTGAGCCAGGTCTTTG,CD4+ Naive T cells
E2L1_TATTGCTAGCCATTCA,CD4+ T cells
E2L2_GATAGAACATCAGTCA,CD4+ Memory T cells
E2L8_ACGGTCGAGGGTTTCT,T cells
E2L3_GTCGTTCTCGTCCATC,CD14+ Monocytes
L3_AGGAGGTCAGAGGGTT,Plasma cells
L1_AGACAGGGTGCATTAC,CD4+ Naive T cells
L1_TCACGCTGTACCAGAG,Erythrocytes
E2L3_CATCCACGTAGTGGCA,Plasmacytoid Dendritic Cells
E2L2_GAGGGTAGTTTGAAAG,Proliferating cells
E2L6_TAGACTGGTCGAAGCA,CD8+ T cells
E2L8_CTTCTCTAGTATAGGT,Erythrocytes
L5_ACCGTTCAGCATGTTC,Conventional Dendritic Cells
L4_AAGACTCAGGTGCCAA,CD4+ Naive T cells
E2L6_TTCCGGTCAACTCCCT,NK cells
L1_GCCATTCTCATCGGGC,CD4+ Naive T cells
E2L8_TGTCCTGTCAGACCGC,NK cells
E2L8_CAACCTCGTAACCAGG,CD4+ Memory T cells
L5_CCGTGAGAGATGCTAA,Plasma cells
L1_TGTGCGGTCATTACGG,Proliferating cells
E2L5_CGTAAGTGTCACAGAG,Plasmacytoid Dendritic Cells
E2L8_CTCCCAACAGTGGGTA,CD8+ T cells
L5_CGGACACGTGAGTCAG,FCGR3A+ Monocytes
E2L6_TCGGATAGTCGCATTA,CD8+ T cells
L3_GGAGGATGTGCGGATA,B cells
E2L7_GGAATCTAGGATTCCT,Proliferating cells
L1_AGCGCTGTCAGCTGAT,Plasma cells
E2L1_GTATTTCTCTTACTGT,CD8+ T cells
E2L4_GGCTTTCGTCGCTTAA,FCGR3A+ Monocytes
L1_TAAGCACCAGAGGCTA,Proliferating cells
E2L8_AAGACTCGTTCTTGCC,CD8+ T cells
L5_CGGGACTGTAACCCTA,Proliferating cells
L2_GTCAAGTCACAATTCG,HSPCs
L1_GAAGTAAGTGCCCTTT,CD4+ Naive T cells
L4_CATGGTAGTCTACTGA,Proliferating cells
L5_TAGGAGGCAGAGTCAG,FCGR3A+ Monocytes
L5_CAAAGAAAGAAAGCGA,B cells
E2L6_CAGGCCAAGCCTCATA,CD14+ Monocytes
E2L6_GCACATATCCATTGCC,CD4+ Memory T cells
E2L8_GACAGCCCATGTTCAG,CD4+ Naive T cells
E2L2_TGTTTGTGTTTACCAG,CD4+ Memory T cells
E2L4_GCACGTGCACTCATAG,CD14+ Monocytes
E2L1_TCTGCCAAGCAAGTCG,Conventional Dendritic Cells
E2L5_TGGGCTGCAACAGAGC,CD4+ Memory T cells
L2_GGGTCACCATTATGCG,CD4+ Memory T cells
L1_GATTGGTGTTTACTGG,NK cells
L5_CTGTAGAGTATTCCTT,CD4+ T cells
L5_GGGTTATCACATGTTG,CD4+ Naive T cells
E2L8_TTGAACGAGGATCACG,NK cells
L4_GACCCTTGTAGTGTGG,FCGR3A+ Monocytes
L1_CATACCCGTTCCGCTT,CD4+ Naive T cells
E2L4_ATCCACCGTAGCGCCT,CD8+ T cells
L3_TGGAGGAGTGTTGATC,CD4+ Naive T cells
L2_CATGCAACACCCAAGC,B cells
E2L1_AGACACTGTGTCGCTG,CD14+ Monocytes
E2L6_GTAGAAACAAGACAAT,CD4+ Memory T cells
E2L7_TGATCTTAGACTGTTC,CD4+ Memory T cells
L3_CTGGACGGTGATTAGA,CD4+ Naive T cells
E2L3_GCCATGGTCGTTCTCG,CD8+ T cells
L4_TTCGGTCCAAATTGCC,CD4+ Naive T cells
L1_CATACTTGTCATATGC,CD4+ Naive T cells
L2_AATCGACTCAATGCAC,FCGR3A+ Monocytes
L3_ACTCTCGAGACGACTG,CD4+ Naive T cells
E2L6_GGGTGTCAGATTCGCT,NK cells
E2L3_TTGACCCCACCATTCC,Plasmacytoid Dendritic Cells
E2L4_GTGATGTAGATGCTGG,NK cells
E2L7_AGATGCTTCCAAAGGG,Plasmacytoid Dendritic Cells
L3_TTTGATCAGTCGTCTA,CD4+ Naive T cells
E2L2_AGTTAGCTCTTCCGTG,CD4+ Memory T cells
L2_ATCACAGAGATGCTGG,Erythrocytes
L4_CTCGAGGCAAATTGGA,CD4+ Naive T cells
E2L3_TTGCGTCTCTCATTTG,CD4+ Memory T cells
E2L3_AGACTCAAGTGAGTTA,B cells
L2_ACACCAAGTGTAGTGG,CD4+ Naive T cells
L3_TCGAACACACCAAAGG,HSPCs
E2L8_TTCCAATTCACCATGA,Plasma cells
L5_GTGGCGTAGACCAGCA,CD4+ Naive T cells
E2L2_AAGTTCGTCGGCAGTC,Plasma cells
L3_TACGTCCCACGAGGTA,CD8+ T cells
L4_TGTTCCGCAAATCAGA,CD4+ Naive T cells
L1_GATCACAGTACAGTAA,CD4+ Naive T cells
L2_GTCACTCTCACGAGGA,B cells
L5_ACGATGTAGGAACGAA,CD4+ T cells
E2L5_ACTTCCGTCACATTGG,B cells
L1_AGTGTTGAGAAGTGTT,CD4+ T cells
L1_GCTGCAGTCCGTTTCG,CD14+ Monocytes
E2L3_CGCATAACACTACCCT,FCGR3A+ Monocytes
L1_CCCTCTCGTCATCTAG,CD4+ Naive T cells
E2L3_GACCTTCAGAGGGTAA,CD4+ Memory T cells
E2L4_AGGATAATCTAAACGC,B cells
E2L7_CATGGTATCGAGTGAG,CD14+ Monocytes
L4_GGAGGATGTACCGGCT,HSPCs
E2L1_AGTGCCGAGACCCGCT,CD4+ Memory T cells
E2L5_TCTCTGGTCCGGACTG,CD8+ T cells
L5_GAGTCATAGATCGGTG,CD4+ Naive T cells
L4_GGAGGATTCGGATACT,CD4+ T cells
E2L7_GGAAGTGAGCATACTC,CD4+ Memory T cells
L1_TCACAAGTCAACTGAC,CD4+ Naive T cells
L2_TAGATCGTCCCGAGGT,CD4+ Naive T cells
E2L5_CGTGTCTTCAGAACCT,Proliferating cells
E2L5_AGCGTATTCACTACTT,CD8+ T cells
E2L3_AAGATAGTCTGGTGCG,CD4+ Naive T cells
E2L3_ACGGAAGCATCGGTTA,Plasmacytoid Dendritic Cells
L2_GTGGCGTCACTGCTTC,FCGR3A+ Monocytes
L5_ACTATCTTCCGATGTA,CD4+ T cells
L2_GCAACATTCTAGGCCG,CD8+ T cells
L5_TCACTATTCGAGTGAG,HSPCs
E2L2_TGGATGTCAGTCTCTC,CD4+ Memory T cells
E2L8_AGACAAAGTCTGTGTA,CD14+ Monocytes
E2L8_CTCAGAAAGAAGCTCG,Platelets
L2_AAAGAACAGATGGGCT,HSPCs
L2_CAATTTCGTAGGAGGG,B cells
L4_TTCAATCAGGCTTCCG,Plasma cells
E2L6_GACCCTTTCGAGCCAC,CD4+ Memory T cells
E2L5_TAGGGTTCATGATGCT,CD8+ T cells
E2L1_CACACAAAGCGTACAG,FCGR3A+ Monocytes
L5_CCGGACAAGCTGGTGA,CD4+ Naive T cells
E2L5_CTGCATCGTCCACTCT,Proliferating cells
L2_CTGTACCCAGGTCAAG,CD4+ Naive T cells
L2_CCTTGTGGTGGTGATG,CD4+ Naive T cells
E2L4_GATCAGTCACCCAACG,CD4+ Memory T cells
L3_GAGTCTAAGTCACAGG,FCGR3A+ Monocytes
E2L4_GGAGGATAGGAGAGTA,CD4+ Memory T cells
L2_TAACTTCCACAGGATG,CD4+ T cells
L2_CGTGATATCCTTACCG,NK cells
L1_GTCCTCACACTTTATC,NK cells
L4_TTTACGTCACGGTGTC,HSPCs
L3_ACGGTTACACCTCGTT,CD14+ Monocytes
E2L1_GGTGTCGGTCACTCTC,CD8+ T cells
L3_ACATTTCAGCATCAAA,Plasma cells
E2L4_TACACCCAGAGTCCGA,CD4+ Memory T cells
E2L7_ATCCATTCACATGAAA,Plasmacytoid Dendritic Cells
E2L3_GTCGTTCCAGCTCTGG,B cells
L5_GAACACTCATTCACAG,Proliferating cells
E2L5_TGTGTGATCCAACACA,Proliferating cells
E2L8_TCGAAGTAGTTTCGAC,B cells
L5_CTTACCGGTCGTTGGC,Proliferating cells
L3_CGGAACCAGCTTTCCC,B cells
L5_AAGCGAGTCTGGTGCG,FCGR3A+ Monocytes
E2L1_CTTCCTTAGTGTGTTC,CD4+ Memory T cells
E2L5_GACATCATCTGGCCAG,Platelets
E2L5_TGCAGGCCAGTCGGTC,NK cells
L5_CCCGAAGGTTGCATTG,FCGR3A+ Monocytes
E2L5_TGCATGACAGGCGAAT,CD4+ Memory T cells
E2L3_ACGTAGTCAATAGTAG,CD4+ Memory T cells
E2L5_GTCACGGAGGACCCAA,B cells
E2L7_CTCCCTCAGTCATAGA,CD14+ Monocytes
E2L6_CATTGAGCACAGCTTA,NK cells
E2L1_ATCTCTATCCCTAGGG,CD8+ T cells
E2L6_GTTGAACCAGGAATCG,CD4+ Memory T cells
E2L8_TACCTCGGTTATGTGC,NK cells
L5_GTCATGAGTAGATGTA,CD4+ Naive T cells
L2_ATCTCTATCTGAACGT,CD14+ Monocytes
L1_ACGTAGTGTAATTAGG,Proliferating cells
L4_GGGTATTGTAGGTAGC,CD4+ Naive T cells
E2L6_CAAGAGGAGGCGTTGA,B cells
L4_CTACTATCAATAGTCC,CD4+ Naive T cells
E2L5_AAACGCTGTGTCTCCT,CD14+ Monocytes
E2L5_GTTACGATCGGTAAGG,B cells
E2L1_GGGAGTACATGGTACT,B cells
E2L7_CAACGGCAGATGGTAT,CD4+ Memory T cells
L2_TAGACCATCGCACGAC,NK cells
E2L5_GAGACTTCAGGTCAGA,CD4+ T cells
L3_TACGGGCTCGCCTTGT,B cells
E2L5_CCCTTAGTCCCTATTA,Platelets
L3_AAACCCAAGCATGAAT,CD8+ T cells
L4_ACAGGGACAGTAGAAT,Plasmacytoid Dendritic Cells
L4_GCAACCGCAGAGTTGG,CD4+ Naive T cells
E2L7_TCGGGACCATAGATCC,Platelets
E2L6_AACCATGAGTCACACT,CD8+ T cells
E2L2_CGCAGGTAGTCATTGC,CD8+ T cells
E2L5_TTAGTCTCAATCAGCT,Proliferating cells
E2L3_TCAGTTTAGTGCGTCC,Plasma cells
L2_CTTCAATCAGCGTTGC,CD4+ T cells
E2L1_GTGTTAGTCACAAGAA,B cells
E2L2_GGCTTTCGTTGGACTT,CD4+ Memory T cells
L4_CAATACGGTACAAGCG,Plasma cells
E2L8_TTACCGCTCATCTATC,CD4+ Memory T cells
E2L8_CCTCTAGTCTACCAGA,CD4+ Memory T cells
E2L3_AGACACTAGGCTCTCG,Proliferating cells
L4_ACGTTCCGTGCATACT,CD4+ Memory T cells
E2L4_CAGGGCTTCTCGCCTA,Plasmacytoid Dendritic Cells
L1_TTTGATCAGAAGTCTA,Erythrocytes
E2L3_CGCGTGACAACTTGCA,B cells
E2L8_AAGGAATGTCGCATCG,Plasmacytoid Dendritic Cells
E2L8_ACATGCATCAACGAGG,CD4+ Memory T cells
L4_TACTTCAGTTAAAGTG,NK cells
E2L3_GACACGCCAAGCACAG,CD8+ T cells
L2_GGTCTGGCATATAGCC,CD4+ Naive T cells
E2L5_CTCATTAGTCATCCCT,NK cells
L5_CTGCTCACACTTGAAC,HSPCs
E2L3_GGCTGTGCAAGTAGTA,B cells
L5_TGGCGTGTCGTGTCAA,B cells
E2L5_CTAACTTTCTAAGCCA,NK cells
E2L7_CAAAGAACAGCGGTTC,Proliferating cells
L4_TGCAGATCATGACGGA,CD4+ Naive T cells
E2L8_CAAGGGATCAACGTGT,B cells
L2_ACTATCTTCAGTCAGT,B cells
L1_TCCGGGAGTTAGAGAT,CD14+ Monocytes
L1_GAGTTGTGTCACTCGG,CD4+ Naive T cells
E2L8_ATGATCGTCACTTGTT,CD4+ Memory T cells
E2L1_ATCGTCCGTGTTTACG,CD4+ Memory T cells
E2L4_TCAATTCGTATTGCCA,NK cells
L4_TTACAGGTCTAGACCA,B cells
E2L1_CCGGACAGTGGACTGA,CD4+ Naive T cells
E2L3_GTGAGCCTCCAAACCA,Proliferating cells
E2L6_TCCTGCACAGCCCAGT,B cells
L4_CGTAAGTTCTAGTCAG,CD4+ Naive T cells
L4_AAGCATCAGGTTCTTG,FCGR3A+ Monocytes
E2L2_CTGTACCCAGTATTCG,B cells
E2L7_TCTGTCGAGGCTTCCG,CD8+ T cells
L3_ATTACCTAGAGCCTGA,CD4+ Naive T cells
L2_GTAGTACCAAACACGG,Proliferating cells
L3_GCGGAAACAGCTTCGG,CD8+ T cells
L3_TGCTGAAGTGAGTTTC,NK cells
E2L1_GTTGCGGTCCTTATGT,CD8+ T cells
L3_TGTCCACCATAGAGGC,NK cells
E2L8_TGAGCGCTCCTGTACC,Plasma cells
E2L3_AAACGCTAGTCGAAAT,CD4+ T cells
L4_ACTTCCGCAAAGCGTG,NK cells
L3_GAGACCCTCGCGCTGA,Plasma cells
L5_AAAGGGCGTAACACCT,Erythrocytes
E2L1_TTCTCTCAGGCCGCTT,CD4+ Memory T cells
L3_CATGCAATCGCTCTCA,Plasma cells
E2L3_CACTTCGTCGCGCCAA,FCGR3A+ Monocytes
E2L3_TGATCTTTCTTAGTTC,B cells
E2L5_GAACTGTGTACTCCCT,CD8+ T cells
L5_GTTACAGTCCGAGATT,CD14+ Monocytes
L1_GTTGCTCCATTCTGTT,NK cells
E2L1_AGCTACAGTGCTTCAA,CD4+ Memory T cells
E2L7_CTCAATTGTCAAGCGA,FCGR3A+ Monocytes
L5_GATTCGACACACACTA,CD4+ T cells
E2L4_GACTTCCTCCACCTCA,CD4+ T cells
L3_AATGGCTAGAAGCCAC,CD4+ Naive T cells
L1_TAATTCCCAAACAGGC,CD8+ T cells
L3_TGCATCCAGCGCCTCA,FCGR3A+ Monocytes
L5_ACAGCCGAGAATAGTC,Proliferating cells
E2L5_CCCTTAGTCACTGAAC,CD4+ Memory T cells
E2L6_ATTACTCTCTTACCAT,FCGR3A+ Monocytes
L5_CTCATTACATAATCCG,CD4+ T cells
E2L7_TGCGACGTCGCCTTTG,Proliferating cells
E2L1_CGGAGAAAGTCCTGTA,CD4+ Naive T cells
L1_AACAACCTCCATCTAT,CD4+ Naive T cells
L5_GGGTTATAGGGCTTCC,FCGR3A+ Monocytes
E2L3_GCCATGGCATAAGCAA,CD8+ T cells
L2_TACCCACGTTGCTTGA,CD4+ Naive T cells
E2L6_TAAGCGTAGTAGTCTC,CD4+ Memory T cells
E2L6_GAGTCTAGTACAGCGA,NK cells
L2_CATTCATCAAACTCTG,CD4+ Naive T cells
L2_TCACGCTTCAAAGACA,CD8+ T cells
L1_CTGGACGGTGCTCCGA,CD4+ Naive T cells
L5_ACAGAAAGTTACACAC,CD4+ Naive T cells
L2_GTGCTTCAGTAAGAGG,CD4+ Naive T cells
L3_CTGGACGCACAGCCAC,B cells
E2L4_TCCTTTCCATCGAAGG,CD14+ Monocytes
L5_TATATCCGTGTGTGTT,CD14+ Monocytes
L4_ATTACTCCAACAAGTA,Platelets
E2L3_AGTTAGCTCCTTCAGC,CD4+ Memory T cells
E2L8_TCGTGCTTCAAGTAAG,B cells
L4_TCACACCGTGGACTGA,B cells
L5_TGGAGAGAGATCACCT,Proliferating cells
E2L7_ATACCTTGTCTTTATC,CD4+ Memory T cells
L5_TGAGGTTCAGGCAATG,CD14+ Monocytes
E2L8_GGAGGTAGTACCACGC,B cells
L3_TCACTATGTGCGTCGT,CD4+ Naive T cells
L5_CTAGGTAGTTGTGGAG,Proliferating cells
E2L8_CACTGGGTCCGGACGT,Proliferating cells
E2L6_GTCACGGCACCAGCTG,CD14+ Monocytes
E2L2_ATTCTACTCAGGAACG,Platelets
E2L4_GATGCTATCGTTCATT,T cells
L5_AGATAGAAGCGACATG,CD14+ Monocytes
E2L1_CACGTGGAGCTAGATA,CD4+ Memory T cells
L4_TGATTTCGTACCGGCT,CD4+ Naive T cells
E2L5_TGTAAGCCACTTACAG,B cells
E2L2_GTGAGGAAGAATACAC,NK cells
L2_CTCTGGTTCCATTCGC,HSPCs
E2L5_GTTAGACTCAGCTTCC,B cells
L3_TTCGCTGTCGAACGGA,CD4+ Naive T cells
E2L8_TGTCCACAGTGAGTGC,B cells
L5_GTTTGGACAGGCATTT,CD8+ T cells
L1_CATTGAGAGAGCCCAA,CD4+ Naive T cells
E2L8_GAGTTTGAGAGGGCGA,CD4+ Memory T cells
E2L5_TTGGGCGAGAAGCTCG,CD4+ Memory T cells
E2L1_CTGTATTAGCCTCTTC,CD8+ T cells
E2L7_CACATGACATGATGCT,Plasmacytoid Dendritic Cells
L1_TTCGATTCATGTTCGA,CD4+ T cells
L4_GTCCACTAGCATGCGA,CD4+ Naive T cells
L4_CTGCCATCACCACTGG,CD4+ Naive T cells
L4_GTGCAGCTCGTGGGAA,Proliferating cells
E2L8_CCGTAGGAGTTGGAAT,CD8+ T cells
L3_TGCTCCAGTGGTGATG,CD8+ T cells
E2L2_GATTCGAAGGTCATCT,CD4+ Memory T cells
E2L3_TTCTTGAGTCTAGGTT,B cells
E2L7_GATGTTGCAAGCGCAA,Proliferating cells
L4_TCGCACTCATAGCACT,CD14+ Monocytes
L1_ATCGTCCGTAACTAAG,CD4+ T cells
E2L5_TCGTCCATCATCGCCT,CD8+ T cells
L4_AGGCTGCAGTGCCCGT,HSPCs
L2_CGACAGCAGACTCCGC,CD4+ Memory T cells
E2L7_CAACCTCGTACCCACG,CD4+ Memory T cells
E2L7_AGTCTCCCAGAACTCT,NK cells
L4_GTAATGCCAGAGTTGG,B cells
E2L4_AAGTCGTTCTGACAGT,Proliferating cells
L2_GCTGGGTAGGTAGATT,CD4+ Naive T cells
E2L2_TTCCACGGTGTTAGCT,B cells
E2L7_TCGAAGTTCCAACTGA,FCGR3A+ Monocytes
L5_GACGCTGAGAGTCAGC,B cells
E2L7_TCCCACAGTTGTCTAG,CD4+ Memory T cells
E2L2_ACTGTCCGTATTGAGA,FCGR3A+ Monocytes
E2L7_ACTTATCAGGCACGAT,B cells
E2L7_GGAGGTATCCGATAAC,CD14+ Monocytes
E2L5_GATCACAGTTTGTTCT,B cells
L5_AATCACGGTCGTACAT,CD4+ Naive T cells
E2L6_TTGTTCACAAGAAATC,Proliferating cells
E2L3_CGAATTGCACGTAGTT,CD8+ T cells
E2L7_CACGGGTAGCACCGTC,CD14+ Monocytes
E2L1_CTACAGAAGACGGAAA,CD4+ Memory T cells
L3_TTGTGTTGTTCGGCGT,CD4+ T cells
E2L4_GCAACATCATTCACCC,B cells
L1_GAGTGTTCAGAGAATT,Plasmacytoid Dendritic Cells
E2L4_AGAAGCGGTACGTGTT,B cells
E2L1_GTAAGTCTCCTTATCA,CD4+ Memory T cells
L4_TCCGAAAAGGAGAGGC,FCGR3A+ Monocytes
L5_TTTCATGAGAGCCGAT,CD8+ T cells
E2L7_CGATGCGCAATCCTAG,CD4+ Memory T cells
L5_GGTGAAGCACTGCATA,CD4+ T cells
E2L7_AACGAAACACATCATG,CD4+ Memory T cells
L1_AGGACTTAGCCGGATA,CD8+ T cells
L5_GTAACACGTTCTCCTG,CD4+ T cells
L2_ACGATCATCATTCGGA,CD4+ Naive T cells
L1_GACACGCGTTGCTAGT,CD4+ Naive T cells
E2L4_ACATCCCGTGCCGAAA,T cells
L3_GCCAGCATCCTTATCA,CD4+ T cells
E2L6_TTTCCTCGTGATACAA,CD4+ Memory T cells
E2L7_GAATAGAAGTTGTCGT,Proliferating cells
E2L3_ATGGATCGTGTTGATC,NK cells
E2L7_GTTAGTGAGTAGACCG,CD4+ Memory T cells
L2_TTCGCTGTCTTACGTT,CD14+ Monocytes
E2L1_AGAACCTAGCTAGATA,CD4+ T cells
E2L5_TTACCATAGAGAGTGA,CD14+ Monocytes
L2_CGCATGGTCTACTGCC,CD8+ T cells
L2_AGCTCAAAGTAAACGT,NK cells
L4_TCAGTCCCATTGTACG,CD4+ T cells
E2L7_ATTGTTCAGACGTCGA,CD4+ Memory T cells
E2L1_ATCCCTGAGGGATGTC,Plasmacytoid Dendritic Cells
E2L2_CCCTGATAGTCATCCA,Platelets
L1_ACCCTCACAAATCAAG,CD4+ Naive T cells
E2L3_AATCACGTCTTAGCCC,CD4+ Memory T cells
E2L5_CCACACTCAGCAGTAG,CD4+ Memory T cells
E2L1_GTTCATTAGGGAGAAT,CD4+ Memory T cells
E2L4_TTGAACGCACTGTCCT,CD4+ Naive T cells
E2L2_CTGCTCACACTCCGAG,CD14+ Monocytes
E2L3_ATTTCACGTTCCACGG,CD8+ T cells
L1_ACTCCCACAACAAGTA,CD4+ Naive T cells
L1_AGGATAACAACTCCAA,HSPCs
E2L2_TGTGATGTCCATTTAC,Platelets
L1_TGGAACTAGGGTCTTT,B cells
L2_ACCATTTGTCCCAAAT,Conventional Dendritic Cells
E2L2_CCACGAGGTAGCCAGA,Proliferating cells
L2_CTCAGGGTCTCGGCTT,NK cells
L3_AGCATCAAGCTACGTT,CD4+ Naive T cells
L5_ATCACTTCAGCGATTT,Plasma cells
E2L8_CGAGTTAAGCTCCATA,CD14+ Monocytes
E2L7_GCAGCTGCATACCGTA,B cells
L4_TCCACGTTCCCAAGTA,NK cells
L2_CAACCTCCAATAACCC,CD14+ Monocytes
L1_ATCGTAGCACGCGCAT,CD8+ T cells
E2L5_CTTGATTCAGCGTACC,Proliferating cells
L4_TCCTTCTAGCCAACCC,Platelets
L3_CGAAGTTTCTCGGTCT,Proliferating cells
E2L8_ACAGCCGTCTACTTCA,CD8+ T cells
L1_TGGGCTGCAGAAGCGT,CD4+ Naive T cells
L4_AACCTGAGTACCGTCG,Plasmacytoid Dendritic Cells
E2L4_TCTTGCGAGTCCTGTA,B cells
L1_TGGAACTGTACCCGAC,CD8+ T cells
E2L7_CATACCCAGATGGCAC,CD4+ Memory T cells
L2_GTCCACTGTAGCTCGC,CD4+ Naive T cells
E2L8_TCTACCGTCATACGAC,CD8+ T cells
E2L5_TATCGCCAGAATTTGG,CD4+ T cells
L4_TCTGCCAGTAGCTGAG,CD8+ T cells
E2L5_GAGAGGTCACGGCGTT,CD4+ Memory T cells
L5_CTACTATGTTGTGTAC,FCGR3A+ Monocytes
L5_TACATTCGTGCGAACA,CD14+ Monocytes
L4_GGTTGTAAGCGAGTAC,B cells
E2L8_GACTCTCCAATCTCGA,CD4+ Memory T cells
E2L6_CACTGGGCACAAAGCG,CD8+ T cells
E2L6_ACCCTTGGTCTCCTGT,Proliferating cells
L3_CTGTCGTGTTTGCAGT,Plasma cells
E2L2_GCCATGGTCTCGTTTA,CD8+ T cells
E2L3_TTACCGCCAGCGGTTC,CD8+ T cells
E2L4_GATTCTTCAGGGAGAG,B cells
L1_GTGGCGTGTGCTTCAA,CD4+ T cells
L1_CGCATGGAGGCATGCA,Platelets
L5_TCCTTCTAGTAAGACT,NK cells
E2L3_TGTCCCATCCAACTGA,Plasmacytoid Dendritic Cells
E2L1_GAGCTGCTCAATCAGC,B cells
L5_GCCATGGTCTCTCCGA,CD8+ T cells
L2_GTGGCGTCAGGTATGG,HSPCs
L5_CAGTGCGGTATCAGCT,Proliferating cells
E2L6_ATAGAGATCACGACTA,CD4+ Memory T cells
L4_TAAGCCAAGGTCACAG,CD8+ T cells
E2L3_GTCTCACAGTCGGCAA,CD8+ T cells
E2L3_CCTCTAGGTCGCATGC,Proliferating cells
E2L3_CATAGACTCCTAAGTG,CD4+ Memory T cells
E2L6_CTCACTGTCTCGCTTG,CD8+ T cells
E2L7_TTACGCCGTCCTTGTC,NK cells
L2_AGGATCTCAGAAACCG,CD4+ Naive T cells
E2L4_TCAATCTGTATCGAGG,HSPCs
L2_TTAGGGTTCGAACGCC,T cells
E2L8_TCGAACAGTGAAAGTT,B cells
E2L4_ATTTACCAGATCCCAT,CD8+ T cells
E2L6_CTTCTCTGTGACACGA,NK cells
L2_ATAGAGAAGATAGTGT,CD4+ T cells
E2L7_CAACAGTGTTCTCAGA,CD14+ Monocytes
E2L8_GACACGCTCGATCCAA,Plasmacytoid Dendritic Cells
E2L5_AAGCCATTCCGCTGTT,Proliferating cells
E2L4_TCATGCCTCACGTAGT,CD14+ Monocytes
E2L8_TAACCAGCATCGTCCT,Platelets
E2L2_AGGTAGGGTGTAAACA,CD4+ Memory T cells
L1_ATTTCACGTTGACTGT,NK cells
E2L4_AACCCAAGTAGGTACG,B cells
E2L6_TCATCATAGACGGATC,CD4+ Memory T cells
E2L5_AAGTCGTTCGTAGTCA,CD8+ T cells
E2L2_ACCATTTAGCCATTTG,Platelets
L3_CGACAGCAGTTACGAA,CD4+ Naive T cells
E2L6_CTATAGGAGGACGCTA,Platelets
E2L1_CAGATTGGTCAGGTAG,CD14+ Monocytes
L4_TATTCCACATGACGGA,CD14+ Monocytes
L5_AGACTCATCCCTAGGG,Proliferating cells
L2_TGGAGGAAGCAACAAT,B cells
E2L5_ACCCAAAGTTCTCGTC,T cells
L1_GTGAGGACACGTCGGT,CD4+ Naive T cells
L5_CGGGTCAGTCTTGCGG,Erythrocytes
E2L4_TCTGGCTAGGCGTCCT,CD4+ Memory T cells
E2L6_TGCGATAGTCCCAAAT,CD4+ Memory T cells
E2L4_CCTTCAGAGATAGCTA,CD4+ Memory T cells
L2_CACCGTTTCGATTGGT,NK cells
E2L6_TTACGTTAGAGCCGTA,Platelets
L1_TTGGGCGTCCCTGGTT,CD4+ Naive T cells
L1_TTGCGTCCAACTTGCA,Proliferating cells
E2L7_CCCTGATGTAGGGAGG,CD4+ Memory T cells
E2L1_CAGTGCGTCTACGCAA,FCGR3A+ Monocytes
L4_CATTTCAAGGGATCTG,CD4+ Naive T cells
E2L6_TCCATGCTCGCCAGAC,CD8+ T cells
L2_AAACCCACAGAGTCAG,CD4+ Naive T cells
E2L1_TTGCATTCATACTGAC,B cells
L2_CCCATTGGTGGGTATG,Platelets
L2_CAAGCTATCGAAATCC,CD4+ Naive T cells
L1_GAGGCCTCACCTTCCA,CD14+ Monocytes
E2L3_TACCGAATCCATCGTC,CD4+ Memory T cells
E2L8_TTCCTCTTCTTGGATG,NK cells
E2L5_CTGTACCTCAATCTTC,CD4+ T cells
E2L7_TTTGACTAGAGGTCAC,NK cells
E2L3_GTATTTCCAGTTCACA,Plasmacytoid Dendritic Cells
E2L4_AGCGTATTCCAGTTCC,NK cells
E2L1_TTACTGTAGTTTCTTC,CD4+ Memory T cells
E2L6_TCAGGTAAGAGAGGGC,Plasma cells
L5_CATAAGCTCCCGAGGT,CD4+ Naive T cells
L1_GTCAAGTCAGACCATT,CD4+ Naive T cells
L1_TCCGGGAGTCAGATTC,CD4+ Naive T cells
L4_CGGGTGTTCTCATGCC,CD4+ Naive T cells
E2L7_ACTTAGGTCTCAGGCG,CD8+ T cells
E2L6_TTCTGTACATACCATG,B cells
E2L3_GGGCGTTGTCCGCAGT,CD4+ Memory T cells
E2L1_TGCAGTACACTTACAG,CD4+ Memory T cells
L2_ACTATCTGTCGCAGTC,CD4+ Naive T cells
E2L8_TGTTGAGTCTACCAGA,Proliferating cells
E2L8_TTCTTGACAAGAGCTG,CD4+ Memory T cells
E2L5_GATCGTATCAAGCCCG,CD8+ T cells
E2L8_AAGCATCGTTTCGACA,Platelets
E2L2_TCTACATTCCCTCTAG,CD4+ Memory T cells
L1_TTCCAATCATTGACAC,CD4+ Naive T cells
L2_CACTTCGAGACTAAGT,Platelets
L3_AAAGGGCGTCAGACGA,HSPCs
L1_ATTACCTGTGCTCTTC,B cells
E2L8_CACCAAATCAGACATC,NK cells
E2L4_CAGTTAGAGTAAGACT,CD4+ Memory T cells
E2L8_GTGAGTTGTAGTGTGG,B cells
L5_GCAACATTCGGTGCAC,CD14+ Monocytes
E2L4_GGGACTCCAGTAGTGG,Platelets
E2L7_TACTTACGTGCCGTAC,Proliferating cells
E2L8_GTGGGAAAGGTAGTCG,B cells
E2L8_CACTGGGCATCTAGAC,CD4+ Memory T cells
E2L8_GCTGCAGGTGTAAACA,B cells
L4_AAGTTCGCAAGCACCC,Proliferating cells
E2L2_TTGTTTGGTTGTTGTG,CD4+ Memory T cells
L5_CCTAAGAAGCACTAAA,B cells
L5_CCGAACGCACTTCAAG,CD4+ Naive T cells
E2L2_ATCACGACAGCCATTA,NK cells
E2L1_TCACACCCACAACCGC,CD4+ T cells
L1_CCCTGATTCAGTCAGT,Erythrocytes
E2L8_TACTGCCCACTATCGA,CD8+ T cells
E2L3_TACGTCCGTTGTTGTG,NK cells
L1_GGGTCACTCGATTTCT,HSPCs
E2L1_CGATGGCGTGTGCTTA,CD14+ Monocytes
E2L7_TTGGGTAGTTCATCGA,Proliferating cells
L4_ATTGTTCTCGTAGCCG,CD8+ T cells
E2L5_TCATGAGTCTCCGATC,FCGR3A+ Monocytes
L4_CTTCAATAGCATGGGT,CD14+ Monocytes
E2L6_TGTTCATTCATGAGGG,Proliferating cells
E2L2_GAGTGTTAGGTCACAG,NK cells
E2L5_TCAGTCCAGGCCATAG,B cells
L2_CCCAACTCAAGTCATC,CD8+ T cells
E2L7_ACACTGATCACTGATG,B cells
E2L5_GAGCCTGGTTGCTCAA,CD4+ Memory T cells
L5_TTGACCCCAGTGTGCC,B cells
E2L4_ACTTTGTTCCACAGGC,B cells
E2L5_GGGTGAATCCAACCAA,CD8+ T cells
L1_TGTAACGTCCACGAAT,CD4+ Naive T cells
L3_CATTTCAGTGCCTGAC,NK cells
E2L6_AGTACTGCAGCAGTTT,CD4+ Memory T cells
E2L2_GAGGGTAAGGCCTAAG,CD4+ T cells
E2L8_GGCTTGGTCACCCTTG,CD8+ T cells
L5_ATTCCCGCATATACCG,CD8+ T cells
L1_TGCAGATCAGTTCACA,CD8+ T cells
E2L2_TATATCCTCTTCACAT,CD4+ Memory T cells
E2L6_CATGAGTTCTTGTGCC,CD8+ T cells
E2L2_TACCGAAGTCAGGCAA,CD4+ Memory T cells
E2L4_CGAGGCTCAGTGTGCC,NK cells
E2L7_GACACGCAGTGCACCC,B cells
E2L6_TTTCACACATCATTGG,CD14+ Monocytes
E2L2_CGTAAGTAGCGAACTG,B cells
L1_TGTTGGAAGTCGCGAA,HSPCs
E2L4_ACAAGCTGTGCCGAAA,CD14+ Monocytes
L5_CACAGATTCACTTGTT,B cells
L4_TATCTGTTCATCCTAT,CD4+ Naive T cells
E2L5_ACGCACGAGTTTCAGC,B cells
E2L7_GTCGTAATCACTCCGT,CD4+ Memory T cells
L4_GACTTCCTCAGTCCGG,HSPCs
E2L2_AACCATGAGAGCTTTC,Proliferating cells
E2L2_TGATTCTAGTGAGGTC,CD14+ Monocytes
L3_TTACAGGAGATAGCAT,FCGR3A+ Monocytes
E2L5_TCATATCCAACCAATC,CD8+ T cells
L2_CCTCATGGTCCACGCA,Conventional Dendritic Cells
E2L2_AACCATGGTCTAGGCC,CD4+ Memory T cells
E2L3_CGTTCTGCAATAGAGT,CD4+ Memory T cells
L3_TATTTCGAGTTGAAGT,NK cells
L5_AACCAACTCGGAAGGT,CD4+ Naive T cells
E2L2_GAGTTTGAGGAGATAG,B cells
E2L6_AGAAGTAGTCGGAAAC,CD4+ Memory T cells
L4_ATGGGAGTCGGTGTTA,NK cells
E2L4_GGGCGTTAGATTGTGA,CD8+ T cells
E2L8_AGACACTAGTTTAGGA,CD4+ Memory T cells
L5_TTCACCGCACAGAGCA,CD4+ T cells
L2_ACAAGCTGTTCAATCG,CD4+ Naive T cells
E2L2_ATCGATGCAGATACTC,Proliferating cells
L5_TGTAACGTCAGACCTA,CD4+ Naive T cells
L2_ACTTATCAGGTTAGTA,Conventional Dendritic Cells
L2_GCATGATCACTATCCC,CD4+ Naive T cells
L1_AAGTTCGCAGGTGTTT,CD4+ Naive T cells
L5_GACGCTGTCACCTGTC,CD4+ Naive T cells
E2L8_GCCATTCGTCCCGCAA,CD4+ T cells
L5_GCTACAACACCGTGGT,CD14+ Monocytes
L3_AGCCACGAGAGTCTTC,CD8+ T cells
E2L1_ATTTCTGTCCAGTACA,FCGR3A+ Monocytes
E2L2_TCCCACAAGCTAGATA,CD8+ T cells
L2_GCCATTCTCAACCGAT,CD8+ T cells
E2L2_GATTTCTGTCTGTGAT,CD8+ T cells
E2L7_TCGCACTTCACTTCTA,CD14+ Monocytes
E2L2_CGGCAGTTCTTCCGTG,Plasmacytoid Dendritic Cells
E2L2_GTCATCCTCGTAGAGG,CD14+ Monocytes
L4_GTCATCCTCATTCCTA,CD4+ Naive T cells
L4_ATCGGATTCTTGGTGA,Proliferating cells
E2L8_TTCTAGTTCAGTCATG,CD8+ T cells
E2L1_TCTGCCATCAGGTGTT,CD8+ T cells
L4_CTACTATAGCCTATTG,CD8+ T cells
E2L3_CCGTGAGCAACCAGAG,FCGR3A+ Monocytes
E2L5_TCAGCAATCGTTAGTG,CD14+ Monocytes
E2L3_TTCTTGAGTTTCCCAC,CD8+ T cells
E2L5_CTCCGATCAAATGGCG,B cells
E2L7_CGTTGGGCAGAAGTGC,Erythrocytes
E2L4_ACCAAACGTCATCCCT,CD14+ Monocytes
L2_CCGAACGGTACTGCGC,CD4+ T cells
L1_AGACAAAGTTCCTAGA,CD4+ Naive T cells
E2L6_TCAGCAAGTGACTGAG,Proliferating cells
E2L3_GTTTGGACACGCTGAC,CD8+ T cells
L3_CTAAGTGAGCGACCCT,CD4+ Naive T cells
L5_TGGGATTAGCTTCTAG,FCGR3A+ Monocytes
L5_CGGAACCCAAGTGGAC,CD4+ Naive T cells
E2L4_ACGGTCGTCGAGATAA,Platelets
L3_TACATTCTCCTTCGAC,HSPCs
L2_TTTATGCAGGGCTGAT,B cells
L3_GTGCTTCCACGGTAGA,HSPCs
E2L7_CCCATTGAGCTACGTT,Plasmacytoid Dendritic Cells
L1_GTCTAGATCTCAGTCC,HSPCs
E2L2_TCCCACAGTTGGTAGG,Proliferating cells
L1_TAACTTCAGCTCAGAG,B cells
L1_TCTATCACATTCGATG,CD4+ Naive T cells
E2L1_AAGTGAATCCGTGACG,CD8+ T cells
L1_AATGACCAGTTGAAAC,CD14+ Monocytes
L1_CCACGTTTCATTGCTT,HSPCs
E2L5_CTGCAGGGTATTCTCT,Plasma cells
L2_TTCCGGTCATAATGCC,CD4+ Naive T cells
E2L7_TACGGGCGTAACATCC,B cells
E2L5_ACACCAATCTTAGTTC,Conventional Dendritic Cells
E2L1_ATCGCCTAGATAGCAT,FCGR3A+ Monocytes
E2L6_CGTCCATTCTAACGGT,CD4+ Memory T cells
E2L5_ATGCCTCAGGGATCTG,B cells
E2L7_GTTGTGATCCGTACGG,CD4+ Memory T cells
L4_GATCATGAGATACGAT,CD14+ Monocytes
L3_TCGAAGTTCAGTGCGC,CD4+ T cells
L3_TTGGGTAAGAAATGGG,CD4+ Naive T cells
E2L5_CTTCGGTTCTGACGCG,B cells
E2L2_CGGGTGTAGGGACACT,CD4+ Memory T cells
E2L6_GATCAGTTCGCCGAAC,NK cells
L1_GCGTTTCCAGCGTAGA,Platelets
L3_TACCTCGCACTCAGAT,CD4+ Naive T cells
E2L3_CCTCCAAAGGGACTGT,NK cells
E2L5_GAAGGACAGTATTAGG,CD8+ T cells
L3_ATTCGTTAGTTCATCG,FCGR3A+ Monocytes
E2L3_GAGTCTAGTGTACGCC,Plasma cells
E2L7_GACTGATCAAACACCT,Plasmacytoid Dendritic Cells
L3_CCATCACAGACATAGT,B cells
L4_TCCTTTCAGCCTGTCG,CD4+ T cells
E2L2_GGTAGAGTCCTTTGAT,B cells
E2L8_TCATCATGTAGCCCTG,CD14+ Monocytes
E2L4_ACTATGGGTCAAAGTA,CD8+ T cells
E2L2_GGAATGGTCACCGCTT,Proliferating cells
E2L7_ACGATGTCACGCACCA,B cells
L4_GTAGAGGTCAACTACG,NK cells
L2_CACTAAGAGAAGAGCA,CD4+ Naive T cells
E2L3_CTGCGAGGTCCGACGT,CD8+ T cells
L3_ATTGTTCCATCGCCTT,CD8+ T cells
L1_TGCGACGAGTCTGCGC,CD4+ Naive T cells
E2L7_TGCAGGCCACCCAATA,CD14+ Monocytes
E2L2_TCGGGTGCATGCTGCG,CD4+ Memory T cells
L2_TGCGGGTCACCCTCTA,CD14+ Monocytes
L4_GGAGGTAAGTCCCAGC,Proliferating cells
L3_AGTACCACAGTAGAGC,CD8+ T cells
L3_GTCTGTCCATGTCAGT,NK cells
E2L8_GTCAGCGAGCAGATAT,CD4+ Memory T cells
L2_AAACCCAAGCCTGGAA,NK cells
E2L3_CTATCCGTCATTGCTT,CD4+ Memory T cells
E2L5_ATTATCCCAGCGTAGA,CD8+ T cells
L2_GGGACAACACAAAGTA,Proliferating cells
L3_GTCTGTCCACATCATG,FCGR3A+ Monocytes
L3_AGGTTACAGGACAAGA,CD4+ Naive T cells
E2L1_TCCTTCTGTTCTCCCA,NK cells
L2_CCCTTAGCAACTGCCG,CD8+ T cells
L5_CATACCCAGGCACGAT,CD8+ T cells
L2_GAGAAATCAGTTCACA,Platelets
E2L7_GGTCACGCAGTTGAAA,T cells
L2_ACGGTTAAGAAGTCAT,Proliferating cells
E2L1_TGTCCCACAGCTGAAG,CD8+ T cells
E2L8_AGTCTCCTCAACGTGT,Platelets
E2L5_ACAAGCTTCCTACCGT,CD14+ Monocytes
L1_ACCTGAAAGCATCAAA,CD4+ Naive T cells
L1_TTATTGCAGTGGATTA,FCGR3A+ Monocytes
L2_CCACGTTGTCTACAAC,Proliferating cells
L5_CTGCGAGCACCGCTGA,CD14+ Monocytes
E2L8_ACACGCGGTGGACTAG,B cells
L1_CGCGTGACAGCACCCA,CD4+ Naive T cells
E2L6_ACACTGAAGAAATTCG,CD4+ Naive T cells
L1_CACCAAACATAATCGC,CD14+ Monocytes
L4_GATGACTCAAGTTCGT,Proliferating cells
E2L6_TGGGCGTTCGTCCATC,CD4+ T cells
L2_ACATTTCAGACTACCT,CD8+ T cells
E2L3_AAACGAATCATTTGCT,Proliferating cells
L2_ATTTCACTCGTTGTTT,B cells
E2L7_CATAGACAGGAACATT,NK cells
L5_TGCTCCACATCGCCTT,CD4+ Naive T cells
L2_TGCACGGTCTGCATGA,T cells
L2_TTTGGAGCAATCTCGA,NK cells
E2L8_TCCAGAACAACCGTAT,B cells
L1_TGCGACGCATCCGCGA,FCGR3A+ Monocytes
L4_CGGGCATCAGCGTTTA,Plasma cells
E2L4_TACCCGTGTGATATAG,CD4+ Memory T cells
E2L4_TACCCACTCGCGGTAC,Plasmacytoid Dendritic Cells
E2L1_TAGGTACCAGTCGAGA,CD8+ T cells
L1_CTACATTGTGAGATAT,Plasma cells
L2_GCAGGCTCATCAGTGT,CD8+ T cells
L5_GCCGATGCACAACCGC,CD14+ Monocytes
L4_TAGACTGTCAAACGTC,CD4+ T cells
L3_TACCCGTAGAACGCGT,Plasma cells
L3_GTACAGTGTGCTGTCG,B cells
E2L7_AAGCCATGTAACGATA,CD8+ T cells
E2L3_ATCCACCCATCATCCC,NK cells
E2L1_ACGATCAAGGTTCTAC,CD4+ Memory T cells
E2L2_ACAAAGAAGTTCCGTA,Conventional Dendritic Cells
L2_TCGACCTCACAATGCT,B cells
L3_TGTAAGCAGCTGCGAA,CD4+ Naive T cells
E2L6_ATCGTGAGTTGAGGAC,CD14+ Monocytes
E2L6_ATGAGTCTCTGAGGCC,CD4+ Memory T cells
L1_AAACGCTAGGTCGTCC,CD8+ T cells
L5_GGTGGCTCAATTGTGC,CD4+ T cells
E2L1_TCGCTCATCGGACAAG,Proliferating cells
E2L6_TGTTCATTCTACCACC,CD4+ Memory T cells
L3_ACTACGACAGAGCGTA,B cells
E2L6_ATCCGTCTCGGATTAC,B cells
L3_GTCATGAGTGTTCAGT,CD4+ Naive T cells
L1_TAAGCACTCATCTGTT,HSPCs
E2L3_GTAGTACAGAAGAACG,B cells
E2L2_AGACAAACACTCAGAT,CD4+ Memory T cells
E2L5_ACCTGAAAGGTATCTC,CD8+ T cells
E2L8_GGGTGAATCCAGCTCT,Plasmacytoid Dendritic Cells
E2L4_TTGGATGCACTGCATA,CD4+ T cells
L2_AGACACTGTGTTAGCT,Plasma cells
E2L5_CCCATTGGTCGATGCC,CD8+ T cells
L1_AACAAAGCATATCTGG,CD8+ T cells
E2L3_ATCACAGTCCTGCTAC,CD14+ Monocytes
L2_TGCATCCCACGTCTCT,FCGR3A+ Monocytes
E2L5_CACGTTCCAGCGGATA,CD4+ Memory T cells
E2L7_AGTGTTGTCGGCTGGT,Plasmacytoid Dendritic Cells
E2L6_GTAAGTCCATGACTTG,NK cells
E2L1_TGATGGTCAAGTTCGT,T cells
E2L4_TACTGCCTCCAATCCC,CD14+ Monocytes
E2L8_TGACGCGCATTCCTAT,CD14+ Monocytes
E2L1_CTACGGGCAAGACGAC,B cells
L4_GGGAAGTTCACCGGGT,HSPCs
L3_CTAACTTGTTTAAGGA,CD14+ Monocytes
E2L7_TGACCCTGTACTGACT,CD8+ T cells
E2L7_GTGTTCCCATCTGCGG,Conventional Dendritic Cells
E2L1_TGAGGTTAGTTGTCAC,CD4+ T cells
E2L3_ATACTTCGTCGCACGT,CD4+ Memory T cells
L4_AGAAGTAAGTGCAGGT,Plasma cells
E2L4_AGGAATATCAGGAAGC,FCGR3A+ Monocytes
E2L2_TTTACGTGTGGACTAG,Plasmacytoid Dendritic Cells
L4_CGAAGTTCAATCCTAG,B cells
L4_TCATTACTCATAGGCT,CD8+ T cells
E2L3_TTTGGAGAGACGAAGA,CD14+ Monocytes
L2_GAGGGTATCCAGCAAT,HSPCs
E2L4_AAGCGAGTCAGCATTG,NK cells
L5_TTTCACAGTCCTGGGT,Plasmacytoid Dendritic Cells
L4_GCAACCGAGTTCCAGT,HSPCs
L5_GTTAGTGAGAGGCTGT,CD4+ Naive T cells
E2L6_TCACTCGCACTGCGAC,Proliferating cells
E2L1_GATGAGGTCACTTTGT,Platelets
E2L5_CAACAACCACATACGT,B cells
L2_ACTTAGGGTCAGTCTA,CD4+ Naive T cells
L2_CCGGACAAGTAGGTTA,FCGR3A+ Monocytes
L1_ACTCTCGAGCATGCAG,CD4+ Naive T cells
L4_ACCCTCATCACCGGGT,CD4+ Naive T cells
L3_GGTAACTAGGATTCAA,CD14+ Monocytes
L4_GGACGTCCATGACCCG,CD4+ Naive T cells
E2L3_CGGAACCAGAGCGACT,CD4+ T cells
E2L6_TCCCACAAGACATACA,CD8+ T cells
L1_TCATCCGAGTCGCGAA,Erythrocytes
E2L8_CATGAGTGTTACTCAG,CD14+ Monocytes
L5_TCGACCTCATCACAGT,CD8+ T cells
E2L8_ATCGATGTCCGACGGT,FCGR3A+ Monocytes
L5_AAATGGATCTAGTACG,CD14+ Monocytes
E2L6_AGGAGGTGTCTAATCG,Plasmacytoid Dendritic Cells
L5_ACCCTCAAGAGGCGTT,HSPCs
L4_ATCGTCCTCAGCACCG,CD4+ Naive T cells
E2L8_GTTGCTCCAGAACGCA,B cells
E2L2_ACCATTTGTATTCTCT,CD4+ Memory T cells
L5_TATTCCATCTTTCTAG,Conventional Dendritic Cells
E2L6_ACTGTGAAGAGTTCGG,CD14+ Monocytes
E2L7_GACGTTACAGCTTTCC,CD4+ Memory T cells
E2L5_TTTGTTGGTAGGCAGT,CD8+ T cells
E2L8_GATCATGAGTAAACAC,CD8+ T cells
L2_TCGGATACATACCGTA,CD4+ Naive T cells
E2L8_TCATGTTAGGAGGGTG,B cells
E2L1_CGTTGGGCATGGCCCA,CD8+ T cells
L3_GTCAAACCAGGGAATC,CD4+ Naive T cells
L2_TATTGCTAGGTACTGG,CD4+ Naive T cells
E2L8_ACAAGCTTCTAAACGC,CD8+ T cells
E2L7_ATACTTCGTCCCGTGA,Proliferating cells
E2L8_TCGCTCAGTGTCTTAG,CD4+ Memory T cells
E2L6_ATCATTCTCTGGCCTT,CD8+ T cells
E2L3_TTTACCAGTTGTGTTG,CD8+ T cells
E2L7_GACCGTGAGAAGCCAC,CD14+ Monocytes
L2_TCCACCACAGACGGAT,Conventional Dendritic Cells
L2_TGGGAGACATCGGCCA,CD14+ Monocytes
L5_CCACCATCAATACCCA,Plasmacytoid Dendritic Cells
E2L3_TCATCCGGTTATGGTC,Plasmacytoid Dendritic Cells
L2_ATCGTCCTCTGGGAGA,CD4+ Memory T cells
L5_ACTTCGCGTGCCTTTC,CD4+ Naive T cells
E2L5_TCGAAGTCAGGATCTT,CD4+ Naive T cells
E2L5_ATTACCTAGGTTGCCC,B cells
E2L8_GTACAACAGAAATTGC,Proliferating cells
E2L8_AAGGAATTCGGAATGG,B cells
L2_CGCATAATCCTGTAAG,Proliferating cells
E2L8_TTCCTTCCAATTTCTC,B cells
E2L2_TCAAGTGGTCCTGGGT,Plasma cells
E2L1_TGCATGAAGGACCCAA,FCGR3A+ Monocytes
L5_GAACACTAGCACTGGA,Conventional Dendritic Cells
E2L4_TGCAGTATCGCGTGAC,Erythrocytes
E2L3_ACAGGGATCTGCGGAC,CD14+ Monocytes
L3_ATAGGCTGTACCTAAC,T cells
L1_CAAGCTAAGTGCAGCA,Erythrocytes
E2L7_GGCTGTGTCGAACACT,B cells
E2L8_ACTTCGCGTTAGGCTT,CD8+ T cells
E2L2_CTGGACGGTTGGGATG,CD4+ Memory T cells
E2L8_CACCAAAGTGCGGTAA,CD4+ Memory T cells
E2L6_CGTGCTTGTGAATGAT,Plasma cells
E2L8_GGAAGTGGTCAGTCCG,Proliferating cells
L3_TTCCACGTCTTCTAAC,CD8+ T cells
L4_GTTAGACGTATTTCCT,HSPCs
E2L6_GTGCACGGTATGGAGC,CD8+ T cells
L1_AGAAGCGAGATTAGTG,B cells
E2L1_TGTGTGAGTCGTGTTA,CD4+ Memory T cells
L4_TCACATTAGTTTCAGC,CD14+ Monocytes
E2L1_GACCGTGGTAAGATCA,CD14+ Monocytes
E2L7_GCATGATCACTACAGT,CD14+ Monocytes
E2L8_CTGAGGCTCAGGTAAA,CD8+ T cells
E2L5_GTGCGTGGTTCGGCTG,CD14+ Monocytes
E2L7_TTTAGTCTCTCCATAT,CD8+ T cells
L2_CCTTGTGGTTCATCGA,HSPCs
E2L6_ACAAAGAAGAAGAGCA,CD8+ T cells
L5_CTGCCTAGTGTTTACG,Plasma cells
E2L6_AAAGGATCACAAGTTC,CD4+ Memory T cells
E2L1_CCCTGATGTCAGGAGT,CD4+ Memory T cells
E2L7_GGTTGTACAACAAGAT,Plasmacytoid Dendritic Cells
E2L7_CCGGGTATCCTTCTGG,CD14+ Monocytes
E2L6_AGCGATTAGTGATTCC,B cells
L5_GCAGTTATCCGGACTG,FCGR3A+ Monocytes
L5_CCTCTCCAGCTTCGTA,NK cells
E2L5_AGAAGCGCAATGTGGG,CD4+ T cells
E2L3_TCTCAGCCAGCTGAGA,Proliferating cells
E2L2_CGTCCATTCTGAGATC,CD14+ Monocytes
E2L1_GAATCGTGTTGTACGT,Plasma cells
E2L3_GAATCGTCAGAAACCG,Proliferating cells
L5_GTTGTAGCACCCTTAC,Plasmacytoid Dendritic Cells
E2L8_AGTAACCTCGCTGTCT,B cells
L1_CACGGGTGTATCTCGA,HSPCs
L2_GCCAACGGTGGCTCTG,NK cells
E2L2_GTAGATCCACTTGACA,FCGR3A+ Monocytes
L2_GGGTGAAAGGTTTGAA,Proliferating cells
L1_GTAAGTCCAAGTGCAG,CD14+ Monocytes
L1_GGTAACTAGGATGTTA,CD8+ T cells
E2L5_TTGAGTGCAATTGCCA,B cells
E2L6_GAAGCGACACCGTCGA,B cells
L1_CGTTCTGAGGCAGGTT,Proliferating cells
L2_GAGAAATTCTCTATGT,B cells
L4_GAAACCTTCCATGATG,CD8+ T cells
L1_AAGCATCTCGCGTGAC,CD8+ T cells
E2L7_CTGCATCCACAAGGTG,CD4+ Memory T cells
E2L6_CTATAGGTCCTACAAG,NK cells
E2L2_GGAATCTGTCCGAAAG,CD14+ Monocytes
L1_TTAGGCATCAGCCTCT,CD4+ Naive T cells
L2_CATTTCATCCAACCGG,CD4+ Naive T cells
E2L7_CGGGTCATCTCAAAGC,CD8+ T cells
E2L6_GTGGAAGCACTCACTC,CD4+ Memory T cells
L2_TTCGATTCAATCGTCA,NK cells
E2L1_TCTTTGATCGTGGGTC,Conventional Dendritic Cells
L3_CTCCAACCACCGCTGA,CD4+ Naive T cells
L3_AGCGCCAGTGCTGCAC,Proliferating cells
E2L7_GGGTGAATCTTCCAGC,Proliferating cells
E2L1_AACTTCTAGACTCTAC,FCGR3A+ Monocytes
E2L4_GCTACCTTCCAAGCAT,NK cells
E2L3_AGTAGCTTCACGGAGA,CD8+ T cells
E2L6_CGTGATACAGGTTCCG,CD14+ Monocytes
L4_CGATGCGAGTGGTTGG,B cells
L1_GACTATGGTGGTTTGT,T cells
E2L2_CATGAGTCACAAAGTA,B cells
L5_CTATCCGTCCTTGAAG,CD4+ Naive T cells
E2L3_CTCAATTCATAGGCGA,CD4+ Memory T cells
E2L4_AGCGATTAGATTGCGG,CD8+ T cells
L2_CCGATCTCACGAGGAT,CD4+ Naive T cells
E2L3_GCGTGCAAGCGGGTAT,Platelets
L4_ACCTACCTCCGGCAGT,CD4+ Naive T cells
L3_AGCATCACAACCCTAA,CD4+ Naive T cells
E2L7_GCCGTGAGTTTGGGTT,Proliferating cells
L4_AACGTCAAGTATGAAC,CD8+ T cells
E2L6_AGCCAATCAGAAGCGT,B cells
E2L5_TCTTTGAAGGTTCCAT,Conventional Dendritic Cells
L3_AGTCACACACCAGCTG,NK cells
L1_ACGGTTAGTCAGTCGC,Plasma cells
L2_CACACAATCCTACACC,CD4+ Naive T cells
E2L1_AGGGCTCTCAACCTCC,CD4+ Memory T cells
E2L1_CCCGAAGGTATTAAGG,B cells
L5_CCACAAACAGCCATTA,CD8+ T cells
L1_ATCACTTGTTGAATCC,CD4+ Naive T cells
E2L3_TGCAGTAGTGTTTCTT,B cells
E2L6_TCAGGGCCAACAAGAT,Plasma cells
E2L3_AGCCAATGTATGAGCG,Platelets
E2L8_CATGCAATCGAGTACT,Plasmacytoid Dendritic Cells
E2L8_TTCCTAACAGTCGCAC,CD4+ Memory T cells
L4_GGGCGTTGTTACGATC,CD14+ Monocytes
L5_GTCGAATGTGCCTTCT,HSPCs
L3_GAAACCTGTTACAGCT,CD4+ Naive T cells
E2L2_AGGATAATCGACCACG,CD14+ Monocytes
E2L3_GCTACAATCCCGAACG,Plasma cells
L5_ATGTCCCGTTGCTGAT,Proliferating cells
L2_ACGTTCCCAGGTCCGT,CD14+ Monocytes
L1_ACCCTCACAAGAGTGC,CD4+ Naive T cells
E2L3_AGATGCTAGTGCACAG,CD8+ T cells
E2L8_GTTGTAGAGCGCATCC,CD14+ Monocytes
E2L8_GTGATGTGTCTAATCG,Proliferating cells
L1_ACTTTGTCAAGCACAG,CD8+ T cells
E2L2_GGTCTGGCATAATCGC,CD4+ Memory T cells
E2L8_TTCCTCTGTCCATCTC,CD4+ T cells
L5_AGGGTGAAGTTGCTCA,CD4+ T cells
E2L1_ACAAAGACAGAACTAA,CD4+ Memory T cells
E2L3_TCCCACAGTGGCCCAT,CD4+ Memory T cells
E2L6_GAATCACAGGGCGAAG,CD14+ Monocytes
E2L6_CCTCCAATCCCATACC,NK cells
L2_TAACCAGAGCCTTTCC,Proliferating cells
E2L1_CCAAGCGGTTTCCCAC,Proliferating cells
E2L4_GTGATGTCAATGACCT,Proliferating cells
L3_AATGGAAAGTGGTCAG,Erythrocytes
E2L7_CACTGGGCAGCGGTTC,CD4+ Memory T cells
L1_TGGAACTTCACGATCA,Conventional Dendritic Cells
L2_TTGACCCGTCTTGAGT,CD4+ Naive T cells
E2L3_GTGCTGGGTATGGAAT,Plasmacytoid Dendritic Cells
E2L1_ATAGACCTCGCCGAGT,NK cells
E2L8_GCGGAAACATGTGGTT,B cells
E2L5_TCCTCTTAGGGCAGAG,CD4+ Naive T cells
E2L8_GGCAGTCAGAGGTATT,B cells
L1_ACCATTTAGCCTTTCC,CD4+ T cells
E2L2_CCTAAGAGTACCCACG,B cells
L3_ACGTCCTCATCCGTGG,CD4+ Memory T cells
E2L2_CTTCCGATCGATTGAC,CD4+ Memory T cells
E2L5_CTCCATGTCCTCACCA,CD4+ Memory T cells
L1_GGTGTCGTCTCGGTAA,CD4+ Naive T cells
L5_GTGTCCTCAATAGTGA,CD4+ Naive T cells
L5_CCTCAGTCATCCTAAG,CD8+ T cells
L1_TTCACCGTCAGCGCGT,CD4+ Naive T cells
E2L3_ATCGGCGTCACTTTGT,CD4+ Memory T cells
L5_GAGGCAAAGGTACATA,HSPCs
L2_TTCACCGGTGCGGATA,CD8+ T cells
E2L7_GGATCTAAGATTGGGC,CD14+ Monocytes
L5_AGTAGTCTCATAAGGA,CD4+ T cells
E2L3_AGACCATCAAGCCCAC,NK cells
L5_AATTTCCAGGCCTTGC,B cells
E2L8_CCATCACAGGCGACAT,CD14+ Monocytes
E2L6_GAATCGTCACTCCGGA,Plasmacytoid Dendritic Cells
E2L1_TACTTACGTGTTTCTT,CD8+ T cells
E2L8_CTGATCCAGTCATGAA,Proliferating cells
L1_TGGGAAGTCATGCTAG,Plasmacytoid Dendritic Cells
E2L2_CTCAACCAGATGTTAG,CD14+ Monocytes
E2L7_GAGTTTGTCGCCAACG,CD4+ Memory T cells
E2L4_GGGATGATCCGTCACT,CD4+ T cells
L5_GGTAACTGTGTATTCG,CD14+ Monocytes
E2L2_AGAAGCGGTTAAGAAC,CD4+ Memory T cells
E2L5_CTCATCGCACTTCAAG,CD4+ Memory T cells
E2L3_TTCATTGAGTTACGAA,CD4+ Memory T cells
E2L1_CCTCATGAGACGACGT,Plasmacytoid Dendritic Cells
E2L2_TCAGCCTTCTTGCAGA,B cells
E2L8_TGCATGAAGAGCAGCT,CD8+ T cells
L1_AGATGAACAGTTACCA,CD4+ Naive T cells
E2L7_CTTGATTTCTTTGATC,CD8+ T cells
L4_GTGCTTCTCAGGAAAT,B cells
L4_ATTCCTATCAGTAGGG,Proliferating cells
L5_TGGATCAAGAGGCGGA,FCGR3A+ Monocytes
L5_GTCTAGAAGCAATTCC,CD8+ T cells
L1_CTCAACCTCCAAATGC,CD4+ Naive T cells
E2L8_CTCATTATCGGAATTC,B cells
E2L7_GAATCGTTCTGTCGTC,Plasmacytoid Dendritic Cells
L4_CCTCATGAGCGTCAAG,NK cells
L2_TTCAATCAGCACTTTG,CD8+ T cells
L5_CTGCTCAAGGCGATAC,Proliferating cells
E2L8_CGTTGGGTCCGCCTAT,CD4+ Naive T cells
E2L1_GCTGCAGTCCTACCGT,B cells
L2_CATAAGCGTATACCCA,CD4+ Memory T cells
L4_CCACTTGGTTGTACGT,CD4+ T cells
E2L1_GAGAAATAGTCAATCC,CD4+ Memory T cells
E2L3_CCAAGCGCACCCTAAA,T cells
E2L8_CCTATCGCAGAACATA,B cells
E2L2_CGCAGGTGTACTGAGG,Conventional Dendritic Cells
E2L4_TTTCACAGTGTATTGC,NK cells
L2_CAACCTCGTGGCAGAT,CD4+ Naive T cells
L3_GCGGATCTCGGATAAA,CD8+ T cells
E2L2_GGTAACTCATCATCTT,B cells
L2_ACGTCCTGTAATGTGA,CD4+ T cells
L2_TTTAGTCAGGCGAAGG,CD4+ Naive T cells
L3_AGTTCGACAGGGAATC,CD8+ T cells
L1_GGAGGTACACCCAAGC,Plasma cells
E2L8_TACAGGTAGGATGTTA,Plasmacytoid Dendritic Cells
L4_CTCAGAATCGTTCGCT,Proliferating cells
L3_ACATGCACAAGTGGCA,CD4+ Naive T cells
L4_CGGGTGTAGAGTGGCT,CD14+ Monocytes
L5_ACATCCCTCCTTCGAC,CD4+ Naive T cells
E2L5_CGAATTGAGGATTACA,Plasma cells
E2L2_GTGCTGGAGTACAGAT,CD8+ T cells
L3_TTACAGGTCGTTCATT,CD4+ Naive T cells
L4_ATGAAAGGTGTTTACG,CD4+ Naive T cells
E2L5_TACCTGCAGTCTCCTC,CD4+ Memory T cells
L1_TTTGACTTCGATTGGT,Plasmacytoid Dendritic Cells
E2L2_CACACAATCTTTGCGC,B cells
E2L2_GTTACGATCGTAGGAG,CD4+ T cells
L2_GGTTAACGTCTTCGAA,B cells
E2L1_CCATAAGCACTGAGTT,Platelets
L1_TTGCCTGGTTGGCTAT,HSPCs
L3_TCCTCTTGTAGTTAGA,CD4+ Naive T cells
L3_TGATCTTGTTAGTTCG,B cells
E2L6_GACCCAGTCTGCTGAA,CD4+ Memory T cells
L4_AAGCATCGTAACTGCT,CD14+ Monocytes
E2L6_ACTATCTAGACTTAAG,CD8+ T cells
L1_ACACTGAAGTCCCAAT,CD4+ Naive T cells
E2L3_GCAACCGCATCGATAC,Proliferating cells
L2_AACAAAGGTGATTAGA,T cells
L5_ATTCATCAGAGCCCAA,HSPCs
L4_CTCAGAAAGTCGGCCT,CD4+ Naive T cells
L2_ATAGAGAGTGCCCTTT,CD4+ Naive T cells
E2L3_AGACAAACATTCCTCG,NK cells
L1_TGATCAGAGTAAACAC,CD14+ Monocytes
E2L6_TCTACCGAGAAGGCTC,CD4+ Memory T cells
L1_GCAGCTGGTAGTGGCA,Erythrocytes
E2L1_GACAGCCGTGATGAAT,CD4+ T cells
L1_CGTCCATGTTCCTAAG,CD4+ Naive T cells
E2L7_TCGTAGAAGATCCGAG,CD4+ Naive T cells
L4_GTTGTGAGTTCGTAAC,Conventional Dendritic Cells
E2L7_TTGCATTGTTTCCCAC,CD4+ Memory T cells
L2_TGCGGGTAGCAACAAT,CD8+ T cells
E2L3_GAGTGTTAGAAGTCTA,CD4+ Memory T cells
E2L6_CCTAAGAGTTCCCACT,CD14+ Monocytes
L2_CGCGTGAGTGGTCCCA,CD8+ T cells
E2L7_GATGACTAGGTAAACT,CD14+ Monocytes
L1_GAAACCTTCTACTGAG,CD8+ T cells
E2L7_CTCAGGGCATACAGGG,CD4+ Memory T cells
E2L8_GACTATGAGCGTTCAT,Conventional Dendritic Cells
E2L8_ACGTACAAGTGGTCAG,B cells
E2L3_TCAAGACAGCAAATGT,CD8+ T cells
L3_GCGTGCACAAGACAAT,CD14+ Monocytes
E2L1_TCTTAGTAGGACAGTC,CD4+ T cells
E2L8_CCTATCGAGTCGAGGT,Proliferating cells
L4_ATCCATTTCCCTATTA,CD4+ Naive T cells
E2L8_GGCTTGGTCAAGTAAG,T cells
L2_TTGGGATCACAATTCG,CD8+ T cells
E2L6_ACTGCAATCATACGAC,B cells
E2L8_GTGTGATGTTGCGGCT,Plasmacytoid Dendritic Cells
E2L6_AGCGCTGGTGACACAG,CD4+ Memory T cells
L2_CGAAGGAGTCGCATGC,NK cells
L5_TAATTCCAGTCATCGT,B cells
E2L1_TATATCCAGCTAATCC,CD8+ T cells
L1_CGCATAACAGAGTCAG,HSPCs
E2L2_TGTGCGGGTTCCCACT,CD8+ T cells
E2L6_TCATTACAGTAATACG,CD4+ Naive T cells
L4_TACCGAAAGGCATCGA,CD4+ Naive T cells
E2L4_TCCTCCCAGCGTTAGG,Platelets
L3_CGTAAGTCAATAGTGA,HSPCs
L1_CACTGTCAGCTCCACG,B cells
E2L3_TCCTAATAGACTGTTC,CD4+ Memory T cells
L2_TTCATTGTCTAGCAAC,CD8+ T cells
L4_TTGTTGTCAGGATCTT,Plasmacytoid Dendritic Cells
E2L5_CACAGATGTCTACACA,Plasma cells
L2_TGCAGTAGTTTGACAC,HSPCs
E2L1_TGTCCCAGTTGCGGCT,CD8+ T cells
L3_GATGCTACAAGCGAAC,CD8+ T cells
L2_ACCTGAAGTGCAACGA,Plasmacytoid Dendritic Cells
L2_ATTCGTTGTAGCTTAC,CD4+ Naive T cells
L3_TTCCGTGAGGAGCTGT,CD4+ Naive T cells
L4_GCACTAACAGTTGAAA,Plasma cells
L1_AGCCAGCTCATCGACA,Platelets
E2L7_GCAGGCTAGGAGGGTG,Plasmacytoid Dendritic Cells
E2L1_GAAACCTGTGCCGAAA,CD14+ Monocytes
L4_AGCGCTGAGGAGAATG,CD4+ Naive T cells
E2L4_TACTTACAGTGGTTAA,CD14+ Monocytes
E2L4_GAACGTTCAGACCAGA,CD4+ Memory T cells
E2L7_ATCTTCAAGCAGCCCT,CD14+ Monocytes
L3_TCACAAGAGTCACTCA,NK cells
E2L1_CTCCACACATGGCGCT,CD4+ Memory T cells
E2L4_GCTACAAAGCAGCCCT,Plasmacytoid Dendritic Cells
L4_ACGGTTACACTAGTAC,CD14+ Monocytes
L4_TTTAGTCAGGGATCTG,CD4+ Naive T cells
L3_GCCTGTTGTCACCGAC,CD4+ Naive T cells
L2_TTCTAGTAGAGTAACT,HSPCs
L5_CCTCATGCAGATCATC,HSPCs
E2L3_ATGAGTCTCTCCCTAG,Proliferating cells
E2L4_AAAGGATTCGTGGGAA,B cells
L3_CTGAGGCTCCATAGAC,CD8+ T cells
L2_TCTAACTAGTGGTGAC,CD8+ T cells
E2L3_GAAGGACTCCGAAGGA,CD14+ Monocytes
E2L5_TGCGACGCACGAAAGC,CD8+ T cells
L5_GGAGCAAGTGTAGTGG,CD4+ Naive T cells
L2_AAGGTAAAGAGCAAGA,CD4+ T cells
E2L3_TGTAGACCAAACTAAG,Platelets
L2_TCACGGGTCACACCCT,CD4+ Naive T cells
L1_GCATCGGCATGGGTCC,CD4+ Naive T cells
E2L5_CTCATTATCTTTACAC,Platelets
E2L6_AGAACAAGTCGCCACA,HSPCs
E2L4_AGTTCCCAGGTTAGTA,NK cells
L4_CTGAGCGTCAGACAAA,FCGR3A+ Monocytes
L3_AACGGGATCGTTAGAC,FCGR3A+ Monocytes
L2_TTGACCCTCCGACATA,Plasma cells
E2L1_GATTCGAGTGACACGA,NK cells
E2L4_GAACTGTTCCGACATA,Proliferating cells
E2L1_CATCCCAGTCGAGATG,Plasmacytoid Dendritic Cells
E2L5_CTCCGATCAGTAGAAT,CD4+ Memory T cells
L5_CTAACTTAGCTAAACA,Proliferating cells
L5_GAACACTCACATTACG,CD14+ Monocytes
E2L2_GTAAGTCAGCCTTCTC,CD8+ T cells
E2L6_CCACCATAGTTTGAGA,B cells
L2_CCTTTGGTCTGGACCG,Erythrocytes
L3_ACGCACGTCTTTCGAT,Platelets
L4_AGATCCAAGCATAGGC,NK cells
L5_CTCTGGTCACACTTAG,CD8+ T cells
L3_CATCAAGAGCGGATCA,CD4+ Naive T cells
L4_TACGTCCAGGTGGGTT,CD4+ Naive T cells
E2L6_CTCCCTCGTGCACATT,CD8+ T cells
E2L2_AGATGAATCGTGCACG,B cells
E2L4_ATTCATCTCCGTCAAA,CD4+ Memory T cells
L3_GACGTTAGTTCAAACC,HSPCs
E2L4_GTAGTACAGTATGAGT,Proliferating cells
E2L8_TGGAGAGAGACTAAGT,CD8+ T cells
L5_TTGCATTGTCGTCTCT,CD14+ Monocytes
L1_CTGCCATCAGAGCTAG,HSPCs
E2L2_TTCTAGTTCAACTTTC,Proliferating cells
E2L1_TTGTTCAAGGTAGATT,Conventional Dendritic Cells
L4_GTCACTCCATCTCATT,CD14+ Monocytes
L4_TAAGTCGAGAGCATTA,CD4+ T cells
E2L8_TGCACGGTCCACCTGT,CD4+ Naive T cells
E2L8_CTGGTCTTCACCTCGT,Plasmacytoid Dendritic Cells
L1_TCCTCCCTCAGTGTTG,CD4+ Naive T cells
E2L2_ATCGTCCTCCAGCTCT,CD8+ T cells
E2L3_CAGATCACAGATCATC,CD14+ Monocytes
E2L8_GAGAGGTAGTAGAATC,CD4+ Memory T cells
E2L6_GTCACGGTCCTTGAAG,Erythrocytes
E2L1_CGTTAGATCTAGGCCG,T cells
E2L7_ATCCCTGGTGCGGATA,Proliferating cells
E2L8_GATCACATCTAGGAAA,B cells
E2L6_TAGGAGGAGATGTAGT,B cells
L4_TTTAGTCCACTATCGA,CD4+ T cells
E2L1_TACCTCGGTTGGCCTG,Platelets
L5_AGTCACATCCGTATAG,Platelets
L4_TCGGATAAGGGCGAGA,FCGR3A+ Monocytes
E2L6_AGGGTGAAGAGCACTG,CD4+ Memory T cells
E2L6_AGCGATTGTATGATCC,B cells
E2L6_CCACGAGAGAATCGCG,Platelets
E2L5_ATTTACCTCCCTGTTG,CD4+ Memory T cells
L4_CTGCTCAAGATAGTGT,CD8+ T cells
E2L6_CTAGACACAGGCGTTC,NK cells
L4_GAGAAATGTTAGGACG,CD4+ Naive T cells
E2L4_GGCAGTCCATGAAGGC,CD14+ Monocytes
L5_ATCTTCATCTCATTGT,CD4+ Naive T cells
L4_GGGCTACAGACCAGAC,Plasmacytoid Dendritic Cells
L3_CGGGCATCACAATGCT,CD4+ Naive T cells
E2L5_ACGTCCTTCAACGTGT,CD14+ Monocytes
L1_AGTACCAGTCCGGACT,CD8+ T cells
L3_GTGTAACCATAGATCC,Proliferating cells
E2L5_TCGGGACCATGCCGAC,Plasmacytoid Dendritic Cells
L2_TTGCTGCAGAGCGACT,CD4+ Naive T cells
E2L7_TGCCGAGAGTGAATAC,B cells
L2_TTTACGTGTTCCTAGA,Plasma cells
L5_CATACTTGTAGGATAT,CD4+ Naive T cells
E2L8_TAGGTTGGTTCAGGTT,NK cells
L1_GCATCGGGTAACTTCG,Plasma cells
L4_TGGATGTTCTCAACGA,Erythrocytes
E2L2_GGGACCTGTAGACAGC,Plasma cells
L2_CTCAATTTCAACGAGG,CD4+ Naive T cells
E2L2_GAGTCATTCTCGACGG,CD4+ Memory T cells
L5_AACCACACAAGATCCT,CD4+ Naive T cells
L5_CTATAGGAGATAGCAT,CD8+ T cells
L5_CCATAAGCACGACTAT,CD4+ Naive T cells
E2L7_TTATTGCAGAGGCGTT,Proliferating cells
E2L6_GTAGTACTCATTACGG,Proliferating cells
E2L4_CTCTGGTAGGACGCAT,FCGR3A+ Monocytes
L2_GGGAGATCAGTCTACA,HSPCs
L2_GACCGTGAGCGTGTTT,T cells
E2L2_GTGAGGAGTGCTCTCT,CD4+ Memory T cells
E2L2_CGTGCTTAGATGCAGC,CD4+ Memory T cells
L5_AAACCCAAGGATGGCT,Plasma cells
L5_TCTTAGTCATACGCAT,Plasma cells
E2L4_ATCCATTCATGGTACT,Proliferating cells
L2_AATGGAATCGTCGCTT,CD4+ Naive T cells
E2L6_AGTCACACACAGAAGC,CD14+ Monocytes
E2L1_TTGGGATTCGCTCTCA,Platelets
E2L7_AACGAAAAGTGCCTCG,CD4+ Memory T cells
E2L7_ACGGTTAGTCTACGAT,FCGR3A+ Monocytes
L4_GCCAACGGTAAGCGGT,NK cells
L5_ACTGATGTCGTGTTCC,Proliferating cells
E2L7_CGTGCTTCAAATGGTA,B cells
E2L4_TGAGCGCTCGCCACTT,NK cells
E2L5_TACGTCCAGAGTTGTA,CD14+ Monocytes
L2_TCCTTTCCATCTCATT,Proliferating cells
E2L8_GAGTCATCAACTCATG,CD8+ T cells
L4_GAACTGTCAAATACAG,Conventional Dendritic Cells
E2L8_TCGTGGGCACAAGGTG,CD4+ Naive T cells
L4_TCATTGTAGGTCGTCC,B cells
L4_TTCCGGTTCATCGGGC,Proliferating cells
E2L3_CACGTTCCATCACCAA,FCGR3A+ Monocytes
L2_TGCTCCAGTGCGTTTA,CD4+ Naive T cells
L2_CGTAGTATCCATTGGA,CD4+ Naive T cells
L3_GTAGATCGTTTCGTGA,CD8+ T cells
L1_CGTTGGGGTCATTCCC,Plasmacytoid Dendritic Cells
E2L7_GACTTCCCATGGCTGC,CD4+ Memory T cells
L5_CATCGTCCATGGGCAA,NK cells
E2L7_ATCGTGAGTGAATGTA,HSPCs
E2L7_AGGGTGACAAAGACGC,CD4+ Memory T cells
L5_ATGAGGGTCACTGGTA,CD4+ Naive T cells
E2L5_CAACCAACACATACTG,Plasma cells
L3_GAAGAATAGAGCCGTA,CD4+ Naive T cells
L5_CATTGCCTCTGCGATA,CD4+ Memory T cells
E2L7_GAAGAATGTGGCCTCA,Conventional Dendritic Cells
E2L4_GGTAGAGGTTGCATCA,CD4+ Memory T cells
E2L8_CTTCTCTCATCCGAAT,Proliferating cells
L5_GTTCCGTCAGCGTATT,Erythrocytes
L4_TCATTTGAGCGAAACC,CD4+ T cells
E2L1_GTCACTCGTGTTAAAG,Plasmacytoid Dendritic Cells
L4_ATGGATCCATAAGATG,CD14+ Monocytes
E2L7_CATTGAGAGGCACAAC,CD14+ Monocytes
L4_CATTCTAGTCCCAAAT,Plasmacytoid Dendritic Cells
L3_GGTTGTAAGTGTCATC,FCGR3A+ Monocytes
L5_CACGAATAGGATTCAA,HSPCs
E2L6_AGGGCCTCACACCTAA,NK cells
L3_ATTATCCTCTACACTT,CD4+ Memory T cells
E2L5_CCCGAAGAGCCTGTGC,B cells
E2L7_CATACTTCATCTCAAG,CD4+ Memory T cells
E2L7_GGTGAAGAGCATGGGT,CD4+ Memory T cells
E2L3_TCATTGTCAGAGTGAC,CD8+ T cells
L4_GATGACTTCGGACGTC,CD4+ Naive T cells
E2L6_CATACAGAGCTGTTCA,B cells
E2L2_TCCAGAACAGCGGTTC,CD4+ Memory T cells
E2L7_CTGAGGCTCCATTCAT,HSPCs
L2_TATCAGGTCGTCCTTG,CD14+ Monocytes
E2L2_ACGTAACTCAAAGACA,Plasma cells
L2_ACACCAAGTTATAGAG,CD4+ Naive T cells
L3_GACCCTTGTCGGTACC,NK cells
L4_AGCCAATGTACAGAAT,T cells
E2L1_CAGGGCTCATAGGTTC,Proliferating cells
E2L7_GTGAGCCTCCCGGTAG,B cells
E2L4_AGCCAGCCAAGTGGAC,Plasma cells
E2L5_CATGCGGAGTCGCCAC,NK cells
L5_TGAGCATAGTCCCAAT,NK cells
E2L2_TTGACCCCACGGCTAC,Plasma cells
L5_ATTATCCTCAACTCTT,CD4+ T cells
E2L4_CTCCACACATGGCTGC,B cells
L5_TATTTCGAGCGGTAAC,CD4+ Naive T cells
E2L7_GTTTACTCATTGAAGA,CD14+ Monocytes
L4_TTTCCTCCACAGTCAT,FCGR3A+ Monocytes
L4_CATAGACTCTCTTGCG,Erythrocytes
L4_AGCATCACAAATTGCC,CD4+ Naive T cells
E2L3_ACAAAGAGTCGTGATT,CD4+ T cells
L4_GCCGATGTCAACCGAT,CD14+ Monocytes
E2L7_CCTCTCCGTTACGTAC,CD4+ Memory T cells
E2L6_AGGGTCCGTACTGTTG,B cells
L5_ATTCAGGTCGCAGAGA,CD4+ Naive T cells
E2L6_TGCGGGTGTAAGGTCG,B cells
L1_TCCTTCTCAGTCTGGC,CD4+ Naive T cells
E2L5_TTACAGGGTCACTACA,CD4+ Memory T cells
E2L3_CGCCAGACAGGACGAT,T cells
E2L7_GCGTTTCGTGGCTTAT,Platelets
L4_CAACAACTCCTGGGAC,CD4+ Naive T cells
L2_AAGAACATCCGAGCTG,HSPCs
L3_ACGCACGAGTAGCATA,CD4+ Naive T cells
E2L3_TGCATCCTCGTCAAAC,CD14+ Monocytes
E2L1_CCTACGTTCCATTTGT,B cells
L2_ATCATTCCACGGTGAA,CD4+ T cells
L2_ATTTCACGTCACCGAC,NK cells
E2L4_CATAAGCCAACACTAC,Plasmacytoid Dendritic Cells
E2L1_TTTACGTCAGAGGGTT,NK cells
E2L1_GCTGAATAGGCATGGT,CD14+ Monocytes
E2L1_CCTAAGATCTAGACAC,CD8+ T cells
E2L1_CACTTCGCAAATAGCA,CD8+ T cells
L5_GCTTTCGCATTGAGCT,CD4+ Naive T cells
E2L1_CACAACATCTCGTGAA,Platelets
L4_GGAGATGAGATGTTCC,Platelets
L2_CCCAACTTCTATGTGG,CD4+ T cells
L5_AGGGAGTAGAAACTGT,CD4+ Naive T cells
E2L3_TCATACTGTTTACGAC,CD8+ T cells
L5_TGATTTCTCAACTTTC,CD4+ Naive T cells
E2L6_TCTTGCGGTCCGGTCA,B cells
E2L5_GGGTCTGCATCCGGTG,NK cells
L2_TTTCCTCCAAGTGCAG,CD4+ Memory T cells
E2L3_CCTCATGAGCCTGGAA,CD8+ T cells
L3_TGCGGCATCCGATCGG,B cells
E2L1_AGGTTGTGTTCGGTTA,T cells
L2_TATCCTAAGACAAGCC,Plasma cells
L4_TCCACCAGTGACCGTC,CD4+ Naive T cells
E2L2_TTCAGGATCACTGATG,B cells
E2L6_GCCAGCAAGTAACCTC,B cells
L1_CGGAACCTCCGTGGGT,Plasma cells
L4_TTTGGAGAGTTGCCTA,CD4+ T cells
E2L4_GTCTTTAAGACCAAGC,CD8+ T cells
L5_TATCTTGAGAGTTCGG,Plasmacytoid Dendritic Cells
E2L4_GTCATCCAGTTTCTTC,B cells
E2L5_AGAAGCGTCATTTGCT,NK cells
L4_TTAGTCTAGACATGCG,CD4+ Naive T cells
L5_TCACTATCAGTGCCTG,CD4+ T cells
L5_TGCAGATTCACTTCTA,CD4+ Naive T cells
E2L5_TGCAGTAAGGGCTAAC,CD8+ T cells
L5_CGTAGTAAGTAGGCCA,CD4+ Naive T cells
E2L8_TTGGATGCAACCGATT,FCGR3A+ Monocytes
E2L6_TTCCAATAGCAGCACA,CD14+ Monocytes
L3_TTCGGTCTCTCGCGTT,Proliferating cells
E2L5_GTTGCTCGTGACTGAG,Platelets
E2L2_GCATGATAGGTGCATG,CD8+ T cells
L5_CATGCGGTCATCTCTA,B cells
L1_TTACTGTCATCCGGCA,B cells
L4_AAGGTAACAGCTATTG,CD8+ T cells
E2L8_AGTAGTCCACTCAGAT,CD14+ Monocytes
E2L4_AAGCATCAGTAGCATA,NK cells
L5_CTGATCCGTAGTTAGA,CD4+ Naive T cells
E2L7_TGAATCGCACTGGCCA,CD8+ T cells
E2L4_CAATGACGTAATGATG,CD14+ Monocytes
E2L6_TCCGAAAAGACCTTTG,CD4+ Memory T cells
E2L8_CTTAGGAGTTAAACCC,FCGR3A+ Monocytes
L4_TGATCTTCAACGATTC,HSPCs
E2L8_TCAGTTTTCGTGGGTC,Erythrocytes
E2L5_TCGCAGGCAGCATCTA,CD8+ T cells
L5_GCACATACAGAAATTG,CD4+ Naive T cells
E2L7_CCAATTTTCCGATGTA,NK cells
E2L5_GGTAACTGTTAAGCAA,CD4+ Memory T cells
E2L8_CTAGGTACAGGACGAT,CD8+ T cells
L4_CAACAACCAGGACATG,CD8+ T cells
E2L8_GTGCGTGGTACGAGTG,B cells
L5_AACCCAACAGGATTCT,CD8+ T cells
L2_ATCGATGAGATGCAGC,CD4+ Naive T cells
L4_CTACAGACAACGGGTA,CD14+ Monocytes
L1_TGTCCTGCAACTGCCG,Erythrocytes
L5_GCCATTCTCACGTCCT,CD8+ T cells
E2L1_ACGTTCCAGACATCAA,FCGR3A+ Monocytes
L2_CACGTGGGTGGTGATG,CD4+ Naive T cells
E2L4_AGAAGTAAGTCGAAAT,FCGR3A+ Monocytes
L3_CGGGTGTAGCCTAACT,CD4+ Naive T cells
E2L8_CTCCACATCAAGCCTA,B cells
E2L2_CATGGTAAGGATTTAG,Platelets
E2L1_CGAGTGCGTGGCCTCA,Proliferating cells
E2L1_CTATCCGCAGAACATA,CD14+ Monocytes
L4_GTTAGTGGTACGTGTT,Plasma cells
L3_CGTAATGAGCTTGTTG,CD4+ Naive T cells
E2L3_GTTCCGTTCTCACGAA,Plasma cells
E2L3_CCCGAAGCAGTCTCTC,Plasmacytoid Dendritic Cells
L3_CTATCTAAGACGTCGA,CD8+ T cells
E2L5_GGGTCTGAGATCCTAC,NK cells
E2L2_AGGGCCTAGCGTATAA,CD4+ Memory T cells
E2L2_AGCGCTGGTGGTAATA,Plasmacytoid Dendritic Cells
E2L5_TTCCGTGCAGCACAGA,Plasma cells
E2L7_TCTGCCAGTTTGACAC,CD4+ T cells
E2L3_CCCTTAGTCCAAGCAT,Plasmacytoid Dendritic Cells
L3_CAGAGCCGTTCTTGTT,HSPCs
E2L2_GCCAGGTAGCTAGTTC,CD14+ Monocytes
L5_GGGACAAGTGGCACTC,CD4+ Naive T cells
L3_ATGCCTCGTGGATGAC,NK cells
L5_TCCACGTAGAAATCCA,FCGR3A+ Monocytes
L4_GTAACCAAGAGATGCC,CD4+ Naive T cells
E2L7_TATTGGGTCATTCTTG,Conventional Dendritic Cells
E2L6_TGACGCGGTGAGTAAT,Proliferating cells
L2_CATGGTATCTTTGCGC,B cells
L1_ACATCCCAGGTAGTAT,CD4+ T cells
E2L1_GTGTTAGCAGACACCC,NK cells
L3_TATTGCTCAATCGTCA,B cells
L2_CAACAGTGTTAAGGAT,CD4+ Naive T cells
E2L5_GAGTTTGCATAATCGC,B cells
E2L1_CTCCTCCTCCGCGAGT,CD4+ Memory T cells
E2L6_CAAGCTATCGTTTACT,CD8+ T cells
L1_TTCTAACTCGTAGGAG,NK cells
L1_TAGGTACGTCGGCACT,CD4+ Naive T cells
E2L1_TCAGTTTCAACGGTAG,CD4+ Memory T cells
E2L2_TACCGAAAGCCGGATA,Proliferating cells
L4_AACGGGATCGACGAGA,CD4+ T cells
L1_GCACTAACACTGTCGG,CD8+ T cells
E2L4_GTTACGACACAAGTGG,B cells
L3_TGGAACTAGAATAGTC,CD14+ Monocytes
L3_CAACCTCGTGAATTGA,CD4+ Naive T cells
E2L4_TTCACCGAGGCTCCCA,CD4+ Memory T cells
L4_TGCTGAACAAGGTACG,CD4+ Naive T cells
L2_GACGCTGGTCACTCAA,NK cells
L5_TTTGTTGTCTCCGTGT,CD4+ Naive T cells
L1_AAGATAGAGCAGATAT,CD4+ Naive T cells
L4_TTAGTCTTCAGAGTGG,HSPCs
E2L7_AACAACCGTTCATCGA,CD8+ T cells
L2_TCGCTCAAGCTAAACA,Conventional Dendritic Cells
E2L4_GATTCGACACGGTGAA,Plasma cells
L3_TATACCTAGAACTTCC,CD4+ Naive T cells
E2L7_GCAGCTGCAAGAATAC,CD8+ T cells
E2L4_TTTGATCTCACGAGGA,CD4+ T cells
E2L6_TCGCTCAAGGTTCAGG,B cells
L5_CTGGACGCAGTAACGG,CD4+ T cells
L5_ATTCAGGGTGGAAGTC,CD4+ Naive T cells
E2L5_GAGAAATCAACCGCTG,Proliferating cells
E2L1_TGTGGCGTCCTCGATC,B cells
E2L7_GACCTTCTCGCAAGAG,Platelets
L2_TCTTCCTGTGGACCAA,CD8+ T cells
L2_GAGTCATGTCGCATGC,CD8+ T cells
L5_GCCCGAAGTGGTTCTA,FCGR3A+ Monocytes
E2L3_AGGCATTGTGAACGGT,NK cells
L3_CAGCGTGCACTGTCCT,CD4+ Naive T cells
E2L2_GAGTTACCATTAGGAA,CD8+ T cells
L2_AGTGCCGTCCGAGCTG,HSPCs
E2L3_GGATGTTTCGTAGAGG,T cells
E2L4_TATCTGTAGAGCCGTA,CD4+ Memory T cells
L1_AGCCAATTCGCGTCGA,Plasma cells
E2L7_AGTGCCGGTATAATGG,B cells
E2L4_CTCCTTTCAGTGGTGA,CD4+ Memory T cells
E2L4_GAAGAATCAGGTGTTT,CD4+ T cells
L5_ACGGTTACACTGTGTA,CD4+ Naive T cells
E2L8_TCTATACCATTAAAGG,Plasmacytoid Dendritic Cells
E2L5_TACTTGTTCTCATAGG,CD4+ Memory T cells
E2L6_GTCGAATTCGTAGAGG,CD14+ Monocytes
E2L7_CGTAATGTCGATCCCT,Plasmacytoid Dendritic Cells
E2L8_GGGAGATCAGTACTAC,Platelets
E2L1_CAGTTCCGTTATTCCT,Plasma cells
L4_AACGAAACAGCCCACA,Platelets
E2L3_AACACACCAGAGGCTA,FCGR3A+ Monocytes
E2L5_AACCTTTGTCACAGTT,CD4+ Memory T cells
L4_CTCATCGCAAAGCACG,B cells
E2L5_GAAGTAAGTTCTTGTT,HSPCs
E2L7_TACTTACGTAGGCTGA,CD4+ Memory T cells
E2L4_CTGCTCATCGTGCAGC,Plasmacytoid Dendritic Cells
L5_TCTCTGGTCCTTATAC,CD4+ T cells
L2_CGGAATTAGGAGATAG,NK cells
L4_CCACGTTGTAGGATAT,CD4+ Naive T cells
E2L2_ATGAGGGAGCCATCCG,CD8+ T cells
E2L2_GTCATTTAGACTACGG,CD8+ T cells
E2L7_CCACGAGCACCATTCC,B cells
E2L5_GGAGGTACATTGGCAT,Proliferating cells
L3_GGAACCCCATGACCCG,CD4+ T cells
L4_TCAGTTTGTAGCTTGT,Proliferating cells
L3_ATGCGATCAGCTGAAG,HSPCs
L5_AGTGCCGTCGGAGTGA,CD4+ T cells
L4_AACAAGATCTAGACAC,CD8+ T cells
L5_CTCCTTTCACGAGGAT,Proliferating cells
E2L4_AGCGTATTCAGTGTCA,Plasmacytoid Dendritic Cells
E2L2_AGGGAGTTCGACCAAT,CD4+ Memory T cells
E2L6_TATCGCCGTCGGATTT,CD8+ T cells
L4_TGGTGATCAATTTCGG,FCGR3A+ Monocytes
L1_AATAGAGCATGGGTTT,Plasma cells
L1_ACCCTTGGTACCGGCT,CD4+ Naive T cells
E2L1_ATGTCCCTCCCTCGAT,CD14+ Monocytes
L1_TAGACCAGTTGCGGCT,FCGR3A+ Monocytes
L5_GCTCAAAGTTCGATTG,HSPCs
L5_GTTACAGTCTATTTCG,Plasma cells
E2L8_TGCTCGTCAACGATTC,B cells
E2L4_ACATTTCCAGCACAGA,FCGR3A+ Monocytes
L4_TTTCGATTCAGAGCAG,CD4+ Naive T cells
E2L1_AGCTACAGTCAGGCAA,CD4+ Memory T cells
E2L5_CTTTCAAGTCCCTGTT,CD4+ T cells
E2L7_CTCCATGGTCAGCGTC,Platelets
L5_GAATCACCAAGATCCT,CD4+ Naive T cells
L5_CTCCACAGTCCACAGC,CD4+ Naive T cells
E2L7_TGCCGAGCATTGCCGG,CD4+ Memory T cells
E2L2_TCGAACAGTAGAGCTG,CD4+ Naive T cells
L2_ATGGAGGAGAGCAACC,Plasma cells
E2L6_GGGTAGATCTGGCCAG,CD4+ T cells
E2L3_TCGCACTCATCTCCCA,FCGR3A+ Monocytes
E2L5_CGTGTCTCACGCCACA,CD8+ T cells
L2_AATGCCAAGCCTGTCG,CD8+ T cells
E2L5_GAGGCAACATGTTTGG,CD4+ Memory T cells
E2L6_GTACAGTCACGACGCT,CD4+ Memory T cells
L1_ATTCTTGAGTTGCTCA,CD4+ Naive T cells
E2L5_CTCCAACCAGGCATTT,CD4+ Memory T cells
E2L3_GTGTTCCAGTTGTAAG,Plasmacytoid Dendritic Cells
E2L7_CCAATGACACCTCGTT,FCGR3A+ Monocytes
L5_CCGTAGGCACAAAGCG,CD8+ T cells
E2L6_AATTCCTTCGACTCCT,Conventional Dendritic Cells
L3_CTAAGTGAGCCATTGT,T cells
E2L2_CTTAGGAGTTAGGGAC,CD4+ Memory T cells
E2L4_CTACGGGCACAACGTT,CD4+ Memory T cells
E2L7_CATTGTTTCCACTTTA,Proliferating cells
L3_TATACCTTCAAGTCTG,CD14+ Monocytes
E2L6_ATCGTCCAGTGGTGGT,B cells
L3_CACTTCGAGGTAGTCG,CD4+ Naive T cells
L5_AAAGTGATCTTCGACC,HSPCs
L4_ACAACCAAGGTCCTGC,CD14+ Monocytes
L1_AACAAAGGTTCGGCGT,Proliferating cells
E2L5_TCGATTTCACATCATG,CD8+ T cells
E2L8_TTGCATTCAGTAACAA,CD4+ Memory T cells
E2L1_GTTAGTGAGGACTAAT,CD8+ T cells
L2_AACCAACAGATGACCG,CD4+ Naive T cells
L3_CCTATCGTCTACTCAT,CD4+ Naive T cells
E2L7_AACCATGGTTGTGTTG,Conventional Dendritic Cells
E2L5_CGAGTGCCAGGCCTGT,CD8+ T cells
L3_GACCAATCATATACCG,CD8+ T cells
L3_CGCGTGAGTGTTGAGG,CD4+ Naive T cells
E2L7_CTACATTAGACGTCGA,FCGR3A+ Monocytes
L4_CTGAGCGCACCACTGG,CD4+ Naive T cells
E2L7_TCATGGATCAAATGCC,B cells
E2L4_ATCCGTCCATCCTAAG,Plasmacytoid Dendritic Cells
E2L7_ACTTAGGAGGAACTAT,CD4+ Memory T cells
E2L7_GTAGCTAGTACTGGGA,B cells
E2L4_TTCATTGGTCACGTGC,B cells
L1_AGAACCTAGACAGCGT,NK cells
L2_ACTCCCAAGCCACCGT,Proliferating cells
L2_GTCTAGAGTCGAAGCA,Proliferating cells
E2L6_TCATTACTCGACGAGA,CD4+ Memory T cells
E2L6_CACACAAGTAGCGCTC,Platelets
L1_TCGGGACCAGGGTTGA,CD4+ Naive T cells
E2L4_GTCAGCGCAAGTATAG,CD4+ Memory T cells
L3_CCGGGTATCTTGCAAG,Proliferating cells
L4_TTAGTCTAGGTCACTT,NK cells
E2L2_CTGGCAGGTTGCCTAA,CD4+ T cells
L5_TCCTTCTCAGACAATA,CD4+ Memory T cells
L4_TGGAGAGGTCGCACGT,CD4+ Naive T cells
L2_TTGTGTTTCCCATGGG,CD4+ Naive T cells
L3_AGTCACAGTGTTCGTA,CD8+ T cells
E2L6_CTCTCGAAGCTCCCTT,FCGR3A+ Monocytes
E2L2_GGTCTGGTCTAGTTCT,CD4+ Memory T cells
E2L6_CATACCCCATCCTTGC,CD14+ Monocytes
E2L4_AGACCCGCAAACCATC,CD4+ Memory T cells
E2L3_CTCCCTCCAAGATTGA,T cells
E2L8_CTATAGGGTGAATATG,B cells
E2L4_AACCTTTTCCGCAAAT,CD8+ T cells
L5_CACGTTCAGATGAAGG,HSPCs
E2L2_ACATTTCCATGCAGGA,CD4+ Memory T cells
L4_AGTCAACCAGTTGAAA,CD4+ Naive T cells
E2L7_GCGTGCATCGACGAGA,CD4+ Memory T cells
L5_ATTCCCGGTATCAGCT,CD4+ T cells
E2L5_GTCCTCAAGTAAAGCT,Platelets
E2L5_TTCTAACCAAAGAACT,CD8+ T cells
L5_TGATTTCAGTCTAACC,Proliferating cells
L5_GATCACAGTATCTCGA,CD4+ Naive T cells
L5_TCCTTCTTCCGTATAG,CD8+ T cells
L1_GGTAGAGCACACCAGC,HSPCs
L4_GATGATCAGCATGTTC,B cells
E2L1_GATCACAAGGCTCTCG,CD8+ T cells
L4_ACTTCCGAGGGAGTTC,HSPCs
L4_TTGGATGTCGTGAGAG,Conventional Dendritic Cells
L5_CTGAGGCCATTGCCTC,B cells
E2L5_CGGGTCAGTTTCTATC,Plasma cells
E2L7_CAATGACAGTGCGCTC,CD4+ Memory T cells
E2L8_TTGCCTGTCTAGGAAA,NK cells
E2L1_ACATCCCGTTCTCTCG,CD8+ T cells
E2L6_GTGAGGATCACATTGG,Proliferating cells
E2L8_GTGCAGCGTAGCTTTG,CD14+ Monocytes
E2L6_CTTGAGACATCATCCC,Platelets
E2L3_GGCGTCATCCCATACC,CD8+ T cells
L5_CGAGTTACACCAGCCA,CD4+ Naive T cells
E2L1_ACGTCCTTCTAGAACC,B cells
L3_TCAGCCTGTGGATGAC,CD4+ T cells
L4_ACACAGTGTTCGTACA,CD4+ T cells
E2L8_AGCATCAAGGTCGTGA,Plasmacytoid Dendritic Cells
E2L3_TCACACCCAGGCTATT,Proliferating cells
E2L1_AGCGTATCAATGTGGG,CD4+ T cells
E2L1_CCTATCGAGGTACATA,CD4+ Memory T cells
E2L5_TACGCTCCATTCTCCG,CD4+ Memory T cells
L4_TCACGCTAGCATTTCG,CD4+ T cells
L1_GCAACCGCAAGACCGA,NK cells
L1_TGGTTAGTCATGGGAG,CD14+ Monocytes
E2L7_CTGCTCAAGTCAGCCC,Platelets
E2L4_TTGGGCGCAGGACAGT,Plasmacytoid Dendritic Cells
E2L1_GGGAGATAGTTACTCG,CD4+ Memory T cells
L5_ATGTCTTCAGTCTACA,Plasmacytoid Dendritic Cells
L3_GGATCTATCTTCCAGC,CD4+ Naive T cells
L4_GGAAGTGTCGTCGGGT,CD4+ Naive T cells
L3_AATAGAGCAGCTGTCG,CD4+ Naive T cells
L3_GATGATCTCCACACCT,CD8+ T cells
E2L7_TCACTATAGTGCGACA,Plasmacytoid Dendritic Cells
E2L2_CGTGAATTCGAGTGAG,CD4+ T cells
L1_CATTGTTGTCTTCAAG,CD4+ Naive T cells
E2L8_TGACGCGCATTACGGT,B cells
E2L6_TTTGGAGAGTTTGGCT,NK cells
E2L4_TCACAAGTCGAATCCA,CD8+ T cells
L4_AGCGTATAGAACGCGT,Plasmacytoid Dendritic Cells
E2L5_TTGATGGCAGCAGACA,Platelets
L1_AAGTACCGTATTTCCT,CD4+ Naive T cells
L1_CGGTCAGGTGCAGGAT,Proliferating cells
E2L7_CATCCGTCAAAGAGTT,Platelets
E2L2_GTTACCCAGACGACTG,CD4+ Memory T cells
L5_TCGAAGTCAGTGGCTC,CD4+ Naive T cells
L2_TACCCGTTCAGAGTTC,CD8+ T cells
L3_TATCTTGTCGATACAC,CD4+ Naive T cells
L3_AGGGAGTTCGCCTATC,HSPCs
L5_CGGACACCATATCTGG,HSPCs
E2L4_TCGGTCTCATTGCAAC,CD8+ T cells
L5_GAGTTGTAGCGTTCAT,Plasma cells
E2L3_CACCAAACACGGGCTT,CD4+ Memory T cells
L1_GACGCTGCACTCCGGA,CD4+ Naive T cells
L2_TGTAAGCCATGCCGCA,HSPCs
E2L7_TCATGGACAGACCTGC,Platelets
L5_CGGAATTTCTGGGATT,CD8+ T cells
E2L7_GTGCTGGGTACAGTCT,CD4+ Memory T cells
E2L3_TACAACGGTTGGGACA,CD14+ Monocytes
E2L6_AATGGAAAGGTAAGAG,B cells
E2L3_GTTAGTGGTCGCCACA,B cells
E2L5_AGCTTCCAGATAGTGT,Plasmacytoid Dendritic Cells
L2_CTGTGGGAGAGTCAAT,CD4+ Naive T cells
E2L6_TCATTCAGTCTCTCAC,Proliferating cells
E2L2_TGGTGATAGTTTCAGC,CD4+ Memory T cells
E2L6_TGTAGACGTACAGAAT,B cells
L2_CATCCGTAGAGTTGAT,CD4+ Naive T cells
E2L5_AGGATCTTCTACGGTA,T cells
E2L6_GATGACTGTGGACTGA,Platelets
E2L8_AGGGCCTAGACCTCCG,Proliferating cells
L1_ACCCTTGCAATCGCAT,Proliferating cells
E2L7_ACAGAAACAAAGCACG,CD8+ T cells
E2L2_ACATCCCTCTTCACAT,Conventional Dendritic Cells
E2L7_GGGTAGAGTACCTGTA,CD8+ T cells
L1_GAGATGGTCAGATTGC,CD4+ Naive T cells
E2L6_CGGAACCGTGAGGAAA,B cells
L2_CCGATCTAGAAGGCTC,CD8+ T cells
L3_TCTTCCTCAATTCACG,CD4+ Naive T cells
E2L2_AGAGAGCAGAGAAGGT,Platelets
E2L8_TTGCATTAGCTAGTTC,CD8+ T cells
E2L1_ATCCACCGTGGTCCGT,NK cells
L2_GAGTCTATCAAGGACG,NK cells
L5_GAAGAATAGGGCGAAG,CD14+ Monocytes
L2_TTTACTGTCGACCTAA,CD8+ T cells
L2_TTCACCGAGTGCAAAT,CD4+ Naive T cells
L5_CGAAGGAAGTAGGAAG,T cells
L5_AACAAAGTCTTCCGTG,CD14+ Monocytes
L4_TAGGAGGCAAAGGAGA,B cells
L3_AGCCAGCGTTCCGTTC,Proliferating cells
E2L6_CAATCGATCCTTCGAC,CD14+ Monocytes
E2L7_TAGGAGGGTCCGTACG,CD4+ Memory T cells
E2L8_GTAGATCGTATATGGA,FCGR3A+ Monocytes
E2L4_TCAATTCGTCATCCGG,NK cells
E2L3_ATAGAGAAGCCAAGCA,Platelets
L4_TTCGATTTCAGTGGGA,Plasmacytoid Dendritic Cells
E2L8_AGAAGTACACTTCCTG,T cells
L4_ACTGTCCTCTCATAGG,FCGR3A+ Monocytes
E2L1_TCATACTTCCAAGCAT,CD8+ T cells
L5_GACTTCCTCATTGCGA,Conventional Dendritic Cells
E2L4_GTCATCCAGCTCGACC,CD4+ Memory T cells
E2L2_CTTCAATAGGATTCAA,Conventional Dendritic Cells
E2L7_TAATTCCCAGCTGTTA,CD8+ T cells
E2L3_CCGGGTAAGCCGGATA,B cells
L3_GCGGAAAAGAAGATCT,Plasma cells
L5_CAGTGCGGTGTCGATT,CD4+ Naive T cells
E2L5_CTCAGTCGTACAGTTC,B cells
E2L6_ATCACGAGTTGCTCAA,NK cells
L5_GTATTTCTCGCTAATG,CD4+ Naive T cells
E2L8_CCTCAACAGTGTTGTC,Platelets
L4_ATTTCACGTCTTCCGT,B cells
L1_TGAGCGCTCCTGCCAT,CD8+ T cells
L3_ACAAAGACAACACACT,HSPCs
E2L8_TGCTGAATCATCTATC,T cells
E2L8_GATTGGTGTAACGGTG,CD4+ Memory T cells
E2L1_GTTAGACAGCGCCTCA,CD14+ Monocytes
E2L1_ATGCCTCAGGGAGTGG,NK cells
E2L1_CAGCGTGGTCGAAGCA,B cells
E2L4_TGCTCCAAGGCATTTC,CD4+ Memory T cells
E2L1_GTATTGGAGAGCATTA,CD4+ T cells
L5_ATTCCCGTCCCTTCCC,CD4+ Naive T cells
E2L3_GTGCTGGGTATCGAGG,Proliferating cells
E2L1_CGCGTGAAGAGGATCC,Platelets
L4_GTTGAACGTCCAGCGT,CD4+ Naive T cells
E2L5_GAGTCTAGTGTCCATA,FCGR3A+ Monocytes
E2L2_TGTGTGAAGACTAAGT,Plasmacytoid Dendritic Cells
L1_TGATTTCGTTTAAGGA,CD8+ T cells
L1_CTCCATGGTCTTGAAC,CD4+ Naive T cells
E2L6_TACCCACAGCTTTCTT,CD8+ T cells
L4_CTATCCGCAAGACGAC,CD4+ Naive T cells
E2L3_GTAGGTTGTTTGATCG,B cells
E2L8_CGAAGTTCATTGACTG,Plasmacytoid Dendritic Cells
L1_GAACTGTAGTATAACG,FCGR3A+ Monocytes
E2L8_TAACACGAGTGTTCAC,CD4+ Memory T cells
E2L5_AACGAAACACGGAAGT,CD4+ Memory T cells
L1_TGGGAAGTCCTCTAAT,HSPCs
E2L7_ATACTTCCACTTTAGG,CD4+ Memory T cells
E2L3_TAACACGTCAGTCACA,B cells
E2L2_TTTACCACATAGGTAA,CD4+ Memory T cells
E2L3_GACTCAATCACTGGGC,Platelets
E2L4_GGACGTCTCTGACCCT,Plasmacytoid Dendritic Cells
L2_GCATCGGCAGTTTCAG,CD8+ T cells
L4_GGAATCTTCCTGTAAG,CD4+ Naive T cells
L4_TAGACTGGTCCAGCAC,B cells
E2L7_GGCGTCAGTTAGAGAT,CD4+ Memory T cells
E2L8_CTTTCAAAGCCAAGCA,Proliferating cells
E2L6_TTTCAGTGTCTGTGAT,CD8+ T cells
E2L3_GTGTGATTCGATACAC,B cells
E2L6_CCAATTTAGCGCGTTC,NK cells
L2_TACAGGTGTCAAATCC,CD4+ Naive T cells
L3_TGAATCGGTACATTGC,B cells
E2L6_CCTATCGTCCACGGAC,Proliferating cells
E2L5_GTTGTAGGTGGACAGT,CD4+ Memory T cells
E2L1_CTGTGAATCCCATAAG,B cells
L1_CACTAAGAGCAAGTGC,CD4+ Naive T cells
E2L2_TGGGATTCACGCGGTT,CD14+ Monocytes
E2L7_AGTCTCCCATGACCCG,Plasmacytoid Dendritic Cells
L2_GACTCTCCATAACTCG,CD4+ Naive T cells
E2L8_GCATGATCATGAATAG,FCGR3A+ Monocytes
E2L4_ATGGGAGGTCGTGGTC,CD14+ Monocytes
L1_CTAACCCTCCAAGGGA,Proliferating cells
L4_CCTCCTCAGTAAACAC,CD4+ Naive T cells
L4_GACTCTCCAGCTCGGT,CD4+ Naive T cells
E2L1_GCCAACGTCCTACCAC,CD4+ Memory T cells
E2L5_GCGGAAATCCGTGGTG,B cells
E2L5_GTGTGGCAGCCTCAAT,CD8+ T cells
L2_TCCACGTGTATGGAGC,NK cells
E2L8_CTTGATTAGGACGCTA,Erythrocytes
L3_GCATGATAGATGACAT,CD4+ Naive T cells
E2L4_TCTCAGCGTCATAAAG,CD8+ T cells
E2L5_ATTTCACAGGCTGTAG,CD4+ T cells
E2L2_GTTACAGAGTACCCTA,CD14+ Monocytes
L2_AACCATGTCGCCGAGT,CD8+ T cells
E2L5_TGCATCCTCTGCTTAT,NK cells
L5_CCTCCTCTCACCTTGC,Erythrocytes
L3_TTCTAGTCAGGAAGTC,CD8+ T cells
E2L8_CTGCTCACAGTCTGGC,CD8+ T cells
L2_TCAAGCACATCAGCAT,Proliferating cells
L5_CATAGACAGCTACGTT,Proliferating cells
L5_TTACCATTCTTTCAGT,CD4+ Naive T cells
L1_TGACTCCAGGGATCTG,CD4+ T cells
E2L4_TGCGATATCCAATCCC,Plasmacytoid Dendritic Cells
E2L5_GATTCGATCGGCAGTC,CD8+ T cells
L2_GTTAGACGTGAGACGT,FCGR3A+ Monocytes
E2L5_GTGTTAGTCGGTCTAA,Plasma cells
E2L3_TCGTCCAAGCCTCATA,CD4+ T cells
E2L7_TGATGGTAGGTTCTTG,B cells
E2L7_ATGGTTGGTGGGACAT,CD4+ Memory T cells
E2L7_ACTCCCAGTTGCTGAT,Conventional Dendritic Cells
L3_TACAGGTAGTTGCATC,CD8+ T cells
E2L7_TAGGTTGGTCTGTCAA,CD4+ Memory T cells
E2L2_GACCCTTAGGCACTAG,Conventional Dendritic Cells
L5_ATCTCTACAGTAACCT,CD4+ Naive T cells
L4_TGTTACTGTTTAAGGA,B cells
E2L6_CACATGAAGAGCTTTC,NK cells
L3_TTACCATCACTACACA,Plasma cells
E2L1_GTGTGGCAGGTTACAA,CD8+ T cells
E2L5_ATTGTTCCACTCTGCT,Plasmacytoid Dendritic Cells
L5_TTACGCCGTCGCGTTG,CD4+ Naive T cells
E2L1_CATTCCGGTGACCGTC,B cells
L3_TGCAGGCTCTAAGCCA,CD14+ Monocytes
E2L5_TCAGTCCCACTTCAAG,NK cells
E2L4_CGCATGGGTAGCGATG,CD8+ T cells
E2L5_GTGGAAGAGAAGCCAC,Proliferating cells
E2L5_GGGCTCAGTATTTCGG,Erythrocytes
E2L6_GGAATGGCAGCCTACG,B cells
L3_TACTTGTAGTCAGCCC,Plasma cells
E2L7_GTTTACTCAGAGAATT,CD4+ Naive T cells
E2L4_GGAATCTCACGATTCA,Proliferating cells
L1_TCATGTTGTCCTATAG,CD4+ T cells
E2L8_TGTACAGTCGGTTAGT,B cells
E2L8_AGGGAGTCAGTGTGGA,B cells
E2L6_CTCAGGGGTCTTACTT,CD4+ Memory T cells
E2L2_CCTTCAGAGGAGTATT,Plasmacytoid Dendritic Cells
E2L6_TCCTTCTCAAAGTGTA,CD8+ T cells
L4_CATCGGGAGACTAGAT,CD4+ Naive T cells
E2L6_GAACGTTTCGGACTTA,B cells
E2L6_TTGTTTGAGCATCAGG,CD14+ Monocytes
E2L8_GTTTGGATCGAGAGAC,CD14+ Monocytes
E2L5_CCTGCATTCGTCGGGT,T cells
E2L3_CTCCACAAGACAACTA,CD8+ T cells
E2L6_CCTTGTGTCTGTCTCG,CD14+ Monocytes
L1_TTGCGTCCATGTGACT,CD8+ T cells
L5_GGGATGATCTTTCTAG,CD4+ Naive T cells
L4_GATGATCGTGCTAGCC,CD14+ Monocytes
L3_ACGTAGTCATGCGGTC,CD4+ Naive T cells
E2L4_CGAATTGCATCAGTCA,CD4+ Memory T cells
L3_TCACGCTTCGCAGTCG,Plasmacytoid Dendritic Cells
L3_TACGCTCTCGGACGTC,CD14+ Monocytes
E2L5_TTCGGTCGTGTGAGCA,B cells
L2_GAGGGTACAGACATCT,CD4+ Naive T cells
E2L5_TAACCAGCATGTGACT,B cells
L5_TGCATGATCAACGAGG,NK cells
E2L4_TCATACTTCTTACACT,CD4+ Memory T cells
L3_CTATAGGTCGTGCTCT,Conventional Dendritic Cells
E2L8_AAGACAACAGTAGAAT,Platelets
L4_AACGAAATCACTACTT,CD14+ Monocytes
L4_CTTCTCTCATGCACTA,NK cells
L4_CTATCCGCACGGCCAT,HSPCs
E2L3_GAGACTTAGTTGAAAC,Plasmacytoid Dendritic Cells
E2L2_CAGCAGCAGCCGTCGT,Proliferating cells
E2L7_GAGAGGTCATCAGCAT,CD4+ Memory T cells
L3_AAGATAGAGACTGAGC,CD4+ Naive T cells
L1_ATTGTTCAGATAGCAT,CD4+ Naive T cells
E2L5_GAATCGTTCTAGTGAC,NK cells
L4_AATGACCAGCCTCTGG,HSPCs
E2L6_TTCAGGACATGCCGGT,CD8+ T cells
L3_CGGTCAGCATAGCTGT,Plasma cells
E2L2_GTCAAACCAATTGCTG,Platelets
L4_CGAATTGGTCATGCAT,CD4+ Naive T cells
E2L4_CCCATTGGTTCCTAGA,B cells
E2L3_TTCCACGTCGTAACAC,CD14+ Monocytes
E2L6_TTGAACGGTTTAGACC,CD8+ T cells
L5_TGGATCATCTCGCTCA,CD4+ Naive T cells
E2L4_TAAGCGTGTCACAGTT,Proliferating cells
E2L1_AAACGCTTCGCCACTT,FCGR3A+ Monocytes
L1_TGTGCGGCAGTAGTTC,Proliferating cells
E2L7_ATTCAGGCACGTAGTT,T cells
L5_TCTATCACAGGTCCCA,Platelets
E2L5_TCCACCATCGAGATAA,CD4+ Memory T cells
E2L5_GTTATGGCACGGCCAT,Plasma cells
L2_ATCGATGGTGGTGATG,Platelets
L3_CTATCCGTCCCGAGTG,CD4+ Naive T cells
E2L4_TGTTCCGAGCTGGCTC,B cells
L1_TGGGCTGAGGATATAC,CD4+ Naive T cells
L2_TGCGATAAGCATAGGC,FCGR3A+ Monocytes
L5_CCAATGAGTCCCACGA,HSPCs
E2L8_GTTCGCTTCGTGCTCT,CD4+ Memory T cells
L3_GATGGAGTCTCCGAAA,CD4+ T cells
L3_TGACGCGGTTCCGTTC,CD4+ Naive T cells
E2L5_GAAGAATAGAAATTCG,CD8+ T cells
E2L8_CAACGGCAGAGAGAAC,CD4+ Naive T cells
L3_AGTCTCCAGTGTTCAC,CD4+ Naive T cells
L4_GACCAATCACATTACG,CD14+ Monocytes
E2L6_AGTGTTGTCGGCTGGT,B cells
E2L2_GTTGAACAGTTTAGGA,NK cells
L5_TTCACCGGTACCGTGC,CD4+ Naive T cells
E2L8_TCTCACGGTACAGTAA,CD4+ Memory T cells
L1_CCTCCTCGTGGTCTCG,Plasmacytoid Dendritic Cells
E2L6_CCTCTCCCAGGCATTT,CD14+ Monocytes
E2L4_CACGTGGGTCTGTAGT,CD4+ Memory T cells
E2L3_CTGTCGTTCGGACTTA,CD4+ Naive T cells
E2L1_CGGAACCAGCGAATGC,Proliferating cells
L3_CTCAAGAAGGCTAAAT,Proliferating cells
E2L8_GTCACGGTCGTCCATC,CD14+ Monocytes
L1_TTGAGTGAGGTACAGC,CD4+ Naive T cells
E2L2_CTTGATTTCTATTGTC,CD4+ Memory T cells
L5_TCGAAGTTCTGGTTGA,CD4+ T cells
E2L8_TCAATTCTCCTACCGT,Proliferating cells
E2L3_TGGTTAGTCAAGAGTA,Plasma cells
E2L8_GAGCCTGTCTCCACTG,CD4+ Memory T cells
E2L5_CTTGAGATCGGACCAC,NK cells
E2L3_AATTTCCCACAGCGCT,CD4+ Memory T cells
E2L1_TATTGCTCAATTCGTG,CD4+ Memory T cells
E2L7_GCCGTGATCGGTCGGT,NK cells
L4_GTAACACAGGTAGTAT,CD4+ T cells
L1_CATTCCGAGCAACTTC,Plasmacytoid Dendritic Cells
L2_TAGGTACAGAAACTGT,CD4+ Memory T cells
L5_CCTGCATGTTTCGTGA,CD4+ Naive T cells
E2L2_TCCGAAATCCTCTGCA,B cells
E2L5_TACATTCGTGACATCT,CD4+ Memory T cells
E2L8_ATTTCACAGGTCGTAG,B cells
E2L5_ATGGTTGAGTGAGGTC,CD14+ Monocytes
E2L8_TCTAACTCACAGCTGC,CD14+ Monocytes
E2L3_GGGCTCACAGGCTCTG,Platelets
E2L7_CAGTGCGTCGCTCATC,CD4+ Memory T cells
L3_GTAGAGGCAGGACATG,HSPCs
L2_ATGCATGCAAGCACAG,CD4+ Naive T cells
L2_ATGGGTTTCAGGCGAA,B cells
E2L2_CTCCAACAGCCGATAG,CD8+ T cells
L3_TTAGGGTAGATGTAGT,FCGR3A+ Monocytes
L4_TCCCATGAGTGTAGTA,Plasma cells
E2L3_TAACACGCACGACAGA,Plasmacytoid Dendritic Cells
L3_GGAATGGAGTTGTAAG,CD14+ Monocytes
L1_CATCCCATCCTCTAGC,CD4+ Naive T cells
L1_TGTCCTGGTCGCACAC,CD4+ Naive T cells
E2L5_ATTCCCGTCCGTATGA,Plasmacytoid Dendritic Cells
E2L5_GAACTGTTCGTACCTC,Platelets
E2L1_AACGGGAGTCATCTAG,CD14+ Monocytes
E2L6_CAGGGCTAGATTACCC,CD8+ T cells
E2L3_ATACCTTTCATTGCGA,B cells
E2L2_TGCAGATAGAGCAACC,NK cells
L5_GGGTCACGTATGTCCA,Plasmacytoid Dendritic Cells
E2L8_ATTCCTATCGGAAGGT,CD4+ T cells
L4_GTCTCACGTGATATAG,FCGR3A+ Monocytes
E2L3_ATGGGAGTCATTCTTG,CD14+ Monocytes
E2L5_TAAGCGTAGAATGTTG,FCGR3A+ Monocytes
E2L8_TATCTGTGTAACGTTC,CD8+ T cells
E2L2_AGGCTGCGTTGGCTAT,CD4+ Memory T cells
E2L3_CTCCTTTCACGGTAGA,CD8+ T cells
L1_ACGGTCGCATATCTGG,B cells
L5_TTGCCTGAGGAAGAAC,CD8+ T cells
L4_TATCCTAGTCGTGGTC,CD4+ Naive T cells
L3_CATCGGGAGTCCCTAA,CD14+ Monocytes
E2L7_TCGAAGTGTGGTCTCG,Plasmacytoid Dendritic Cells
E2L1_CAGTTCCTCAACTGGT,B cells
L2_CTTCTCTGTCTGTGTA,HSPCs
E2L6_TCACAAGAGCGGGTAT,CD14+ Monocytes
E2L4_GACAGCCCATCACGGC,Proliferating cells
E2L7_TCGTAGACAACCAATC,Proliferating cells
L4_TACAGGTGTGATTCAC,CD14+ Monocytes
L2_TGGAACTAGTGGAATT,HSPCs
L2_CGAAGGAGTCACCGAC,CD8+ T cells
E2L5_CGTAGTAGTCCCTAAA,Proliferating cells
E2L2_TTCTTGAGTGTTCCTC,CD4+ Memory T cells
E2L5_TTGCGTCAGGTCACTT,Platelets
E2L5_GCTGAATTCTCTCGAC,CD4+ T cells
E2L1_TCCGGGAAGGTTCAGG,CD14+ Monocytes
E2L7_TTTCAGTCATGGAAGC,CD14+ Monocytes
L1_TCGAACATCCTCTAGC,Proliferating cells
E2L2_GACCAATTCTGCTTTA,CD8+ T cells
E2L5_TGAATCGCAAGTGGCA,CD4+ Memory T cells
L1_TTCTAACCAATGCAGG,CD4+ Naive T cells
L4_CTCAGGGGTACCTAAC,CD8+ T cells
L2_CAGGGCTCATTGAGCT,CD8+ T cells
E2L3_TGGTGATAGGGACACT,Platelets
E2L1_CACACAAAGGGAGGGT,CD8+ T cells
E2L2_GAGCTGCGTGAACGGT,NK cells
E2L8_GGGATCCTCACCTTAT,CD14+ Monocytes
E2L6_TCGTCCAAGACTCTAC,CD4+ Memory T cells
E2L2_ATGCATGAGACGCCCT,B cells
E2L8_TGAGCATTCAGGTGTT,B cells
E2L3_ACGTACAAGCGTGTCC,B cells
L4_ATTACTCAGTAGAGTT,CD4+ Naive T cells
L3_TTAATCCAGCACTAAA,CD14+ Monocytes
E2L6_CCTGTTGCAATTGCAC,Proliferating cells
E2L7_GCCCGAAAGTTTAGGA,T cells
L3_AGGGTCCAGTCGCCAC,CD4+ T cells
E2L7_AACAAAGCACCTCAGG,NK cells
E2L6_CATCCCAAGCGTCAGA,CD14+ Monocytes
E2L4_GCAGCTGCAAACTAAG,CD14+ Monocytes
L3_ATGTCCCTCGCTGTTC,Proliferating cells
E2L1_GGGTTATGTTTCACAG,B cells
L3_GATGACTGTCGTGGAA,Proliferating cells
E2L3_CATTGCCTCAAGAATG,CD4+ Memory T cells
E2L1_GAGACTTAGAGGCTGT,CD14+ Monocytes
L3_ACAGAAAGTCCAAATC,Plasma cells
E2L5_CAGCAGCCACACTTAG,CD4+ Naive T cells
L1_ACTGTCCAGTGCAGCA,CD4+ Naive T cells
L3_CCTAAGAGTCTCCTGT,CD4+ Naive T cells
L2_CATTGAGGTCAGGTAG,Plasma cells
L3_GGTGAAGTCTGCCTCA,CD4+ Memory T cells
E2L4_CATCGGGGTTGCTGAT,CD4+ Memory T cells
L5_ATGCGATTCCAGTGCG,HSPCs
E2L1_TGCACGGCAGTATGAA,Plasma cells
E2L2_TCCATCGAGTCTGCAT,B cells
L1_AGGAGGTTCCACTGGG,Plasmacytoid Dendritic Cells
L3_CCACGTTTCACGTAGT,Plasma cells
L5_AGCGTATAGTAACCGG,Conventional Dendritic Cells
E2L3_TACTGCCAGTGGTCAG,B cells
E2L3_TCCTAATCAGCTGTAT,CD8+ T cells
E2L3_GCACATATCAAGTCGT,CD14+ Monocytes
L5_TAGGTACGTTCAGCGC,CD4+ T cells
E2L5_TGGTGATTCCAAGAGG,Platelets
E2L6_CCTTCAGTCACTTGGA,B cells
E2L4_AAGTACCCAGGCCCTA,Plasma cells
E2L1_GGCTGTGAGTTGGACG,Platelets
L1_CCTAAGAAGTTCTCTT,Plasma cells
E2L2_CCAAGCGTCGCAGATT,B cells
L4_GTCCCATCAAACTAGA,B cells
L2_CAGATACAGACGGATC,CD4+ Naive T cells
L5_ACTTCCGCAGATTCGT,CD14+ Monocytes
E2L1_ACCCTCACACGATTCA,CD14+ Monocytes
L4_GGGCTACAGAGGTCAC,CD4+ T cells
L5_TTACGCCGTGAGTAGC,FCGR3A+ Monocytes
E2L2_TAGCACAAGCTAATCC,CD4+ T cells
L2_AGACAGGCAAATAAGC,CD14+ Monocytes
L3_CACTGTCTCCTGTAGA,CD4+ Naive T cells
L5_GACTTCCTCTCTCAAT,CD8+ T cells
L1_TTAATCCCAGGATCTT,CD4+ T cells
L5_CAACGGCAGCTCACTA,CD4+ T cells
L1_GTGGTTAAGAGCTTTC,B cells
E2L3_TCAGTTTCACTCCTTG,NK cells
L3_TACCTGCTCTGAGTCA,Erythrocytes
E2L2_TCAATCTCATCCTTGC,Proliferating cells
E2L8_GAACTGTCAATAAGGT,CD4+ Memory T cells
E2L3_CGGGTGTTCTCCGAAA,FCGR3A+ Monocytes
L1_GGTGTTAAGATAGCTA,T cells
E2L6_GGAATCTGTGACTGTT,Platelets
L3_TCAATCTGTCCGGTCA,CD4+ Naive T cells
L4_CAAGAGGTCCGATTAG,Platelets
E2L7_TCAGTTTTCAAACCCA,CD14+ Monocytes
L1_CAATCGAGTCAAGGCA,CD8+ T cells
E2L7_TCCCATGTCTTTGATC,CD14+ Monocytes
E2L8_AGCGCCAAGTCCCGGT,Proliferating cells
L3_ATCATTCGTTGACGGA,Plasma cells
L1_GTCTGTCCAGTACTAC,CD4+ Naive T cells
E2L5_CGAAGGAGTGCATTAC,CD8+ T cells
E2L2_CCCTCTCGTACAAGCG,CD4+ Memory T cells
L5_GAAGCGACAGGTTCAT,HSPCs
E2L2_GGCTGTGAGACTCTAC,CD4+ Memory T cells
L5_TGAGCATTCATTCGGA,Plasma cells
L4_TCCACCAGTACAGCGA,CD8+ T cells
E2L8_CCACGTTCAGTAGTTC,NK cells
E2L5_TGGAGGACAATACCTG,CD14+ Monocytes
E2L4_CGTCCATTCATTTCCA,Conventional Dendritic Cells
E2L8_TTGCATTGTACGGCAA,CD4+ Memory T cells
E2L8_GGCAGTCAGAATCGAT,Proliferating cells
E2L4_ACTGCAAAGCCTTGAT,Conventional Dendritic Cells
L1_ATCGTCCTCCGCTGTT,CD4+ Naive T cells
L2_TCTATCATCGTCAACA,CD4+ Naive T cells
L1_GAATCGTTCGGAGATG,Erythrocytes
E2L8_TCGCAGGTCGACACCG,CD14+ Monocytes
L4_GAATCGTAGCCGGAAT,B cells
L2_CGCAGGTTCATTCCTA,CD8+ T cells
L5_CACAGGCCAGTTTCAG,CD4+ Naive T cells
E2L2_GTAGTACCAGGTCCGT,CD4+ Memory T cells
E2L5_GGATCTATCACGGGAA,CD4+ Memory T cells
L3_GGCGTCAAGTGCACCC,CD4+ T cells
E2L4_GTTTGGAGTGCCGTAC,Proliferating cells
E2L8_AGAAGTAGTAGCTTGT,B cells
L2_ATTTCTGCAACTGCTA,Conventional Dendritic Cells
E2L5_AGAACCTTCGCTCCTA,Plasma cells
E2L7_GTAACACAGAGTTGCG,Plasma cells
L2_GCTACAAGTCTGATAC,FCGR3A+ Monocytes
E2L3_CTTCCTTGTTTGTGGT,CD8+ T cells
E2L7_ATTACTCGTTGACGGA,CD14+ Monocytes
E2L8_TCATGTTCATCGTTCC,B cells
L2_GAATCGTCAGTTGGTT,Proliferating cells
L2_CTACAGACACACTGGC,CD8+ T cells
L2_ACTGTGAGTGATACTC,CD8+ T cells
L3_CTTCGGTGTAGGTCAG,CD4+ Naive T cells
L4_TACTGCCTCGAGGCAA,T cells
L3_TCGACCTAGGGTATAT,Proliferating cells
E2L7_CGGGTCACAGGCACAA,B cells
L5_TCACGCTAGGCCTTGC,CD4+ Naive T cells
L2_TGTAGACTCGGCAGTC,NK cells
E2L7_ACACAGTTCTAAGCGT,CD4+ Memory T cells
L5_TACCGAATCATGCATG,NK cells
L1_AGGAGGTTCGCTGCGA,CD4+ Naive T cells
E2L4_GACCTTCTCCGCTAGG,B cells
E2L8_CTCAACCAGTAGGTTA,CD8+ T cells
E2L3_GTGCTGGAGGTGAGCT,CD14+ Monocytes
E2L6_ACTGTGATCCACGGAC,Conventional Dendritic Cells
E2L8_AGGGTTTCAAATGATG,CD14+ Monocytes
L5_TACACCCAGACTTCGT,CD4+ Naive T cells
L1_GGGCTCAGTCTGTAGT,HSPCs
L3_GTGGCGTCAATCTCGA,CD8+ T cells
L4_TGGAACTAGTTGGCGA,CD4+ Naive T cells
L2_AGAGAGCAGGTAGTCG,CD4+ T cells
E2L8_TGGGTTAAGATAACAC,Platelets
L3_TTTCCTCGTCCAAAGG,CD4+ Naive T cells
E2L3_CCCTGATAGTGTCATC,FCGR3A+ Monocytes
E2L1_GAAGGACGTGTCACAT,B cells
E2L2_GAGAGGTGTCGTCATA,CD4+ Memory T cells
L3_GTCTTTACAAATGGTA,CD4+ Naive T cells
E2L2_TTGAACGTCAGCAGAG,Plasmacytoid Dendritic Cells
L1_CAGATCATCGCTTTAT,CD14+ Monocytes
E2L3_CTCCTTTAGGCCCACT,NK cells
L5_GACACGCGTTGCTTGA,CD4+ Naive T cells
E2L8_GACGTTACAAATCCCA,FCGR3A+ Monocytes
E2L7_ATGCGATGTAGTAAGT,NK cells
E2L3_GCCTGTTCAAGACGGT,B cells
E2L4_CCTGTTGAGCTCGTGC,Proliferating cells
L1_ATCACAGCACGTCGGT,CD4+ Naive T cells
E2L3_CCTCCTCTCAAACGAA,CD4+ Memory T cells
L5_AGTTCGAAGCCATTGT,Erythrocytes
E2L3_TGATTCTCAGGTCAGA,Proliferating cells
E2L2_CACGTGGAGTCACGCC,HSPCs
L3_TCATTACCAGAAGTTA,CD14+ Monocytes
E2L6_ATCACTTTCCGTGGCA,Plasma cells
L3_TTACGCCTCACGGGAA,FCGR3A+ Monocytes
E2L7_AGCTCAATCGCCTATC,CD14+ Monocytes
L2_GTGCACGCATGTAACC,B cells
E2L6_TCGTGCTTCGCAGATT,CD4+ T cells
L5_CTGATCCGTGCAACGA,FCGR3A+ Monocytes
L5_TGATGCAAGCCGGATA,CD4+ T cells
L4_GTTACAGCATTGCTGA,B cells
E2L6_GTGTTAGAGTGCAAAT,B cells
E2L2_GTCAAACAGTTACGAA,CD14+ Monocytes
L3_TGGAGAGCATGAAGCG,CD4+ Naive T cells
L2_CGAAGTTTCACCTGGG,CD8+ T cells
E2L7_ACCTGTCAGCATCGAG,NK cells
L1_TCCCACATCACGACTA,Platelets
E2L3_AAACGCTTCACCCTGT,CD8+ T cells
E2L7_CAGTGCGGTGGAATGC,NK cells
L5_GCTGCAGTCATTGCCC,CD4+ Memory T cells
E2L2_GTAGGAGAGGAGGGTG,B cells
E2L5_GCACTAAGTGACTATC,FCGR3A+ Monocytes
E2L1_ATTCAGGGTTGCGGCT,CD8+ T cells
L3_TTCGATTCACGTACTA,HSPCs
E2L7_CGGGTCACAGTTCACA,CD8+ T cells
L2_GGTTCTCGTTTACCTT,CD4+ Naive T cells
L1_TGGTGATGTTCTTGTT,B cells
E2L5_TCCACGTTCCGACATA,B cells
E2L3_CATCCCAAGGTAGGCT,Plasmacytoid Dendritic Cells
L5_TCTTAGTGTATGGTAA,NK cells
L4_ATCCATTGTAGCCAGA,CD8+ T cells
E2L3_AGAGAATCATGGGTCC,B cells
L5_GTTCGCTGTTACGGAG,Conventional Dendritic Cells
E2L2_TGTCAGAAGTTACTCG,B cells
L1_GCAGTTATCTCTCTAA,B cells
L1_AGCTACAGTATTCTCT,HSPCs
L5_CGAGGAACAGCTAACT,B cells
E2L5_TCTCACGAGAGTCGAC,CD4+ Memory T cells
E2L1_TCCTCGAAGAAGCGGG,CD8+ T cells
E2L6_CAATGACAGCCTCCAG,CD4+ Memory T cells
L4_TTTGATCAGCGACATG,Proliferating cells
L4_ATGTCTTCATCGAGCC,B cells
E2L6_TGACAGTCAACAGCCC,CD8+ T cells
E2L8_ACTTTCAGTCTTCGAA,FCGR3A+ Monocytes
E2L4_ACTCTCGAGGTTGAGC,Proliferating cells
L2_CGGAATTCACTGGCCA,CD4+ T cells
L5_ACACAGTTCATGCCAA,FCGR3A+ Monocytes
E2L7_TTCCAATTCGGTAACT,CD8+ T cells
L3_AAAGGATAGCGCCTAC,B cells
E2L2_TTGGGCGTCCCGATCT,CD8+ T cells
L1_AGTACTGTCGAGAGAC,NK cells
E2L5_ACAGGGACAGTCAACT,CD14+ Monocytes
L5_TAAGTCGCAACACAGG,CD4+ Naive T cells
E2L2_ACATGCAAGATCCTAC,NK cells
L4_CATTCATAGGATGTTA,CD4+ Naive T cells
E2L4_TTCCGTGAGATAGGGA,CD4+ Memory T cells
E2L5_CTTGAGACAGGCAATG,CD8+ T cells
E2L5_ACACGCGCAGAAGCTG,B cells
E2L3_ATGATCGCAGCTATTG,FCGR3A+ Monocytes
E2L5_GACTGATGTGACAGCA,Proliferating cells
E2L2_CGGAATTCACGATTCA,Conventional Dendritic Cells
E2L7_GATGCTAAGAGTGGCT,Conventional Dendritic Cells
L2_GATGGAGGTCGCACAC,Platelets
E2L3_ATGATCGTCTCTTAAC,NK cells
L3_TGAGTCATCTATTCGT,CD4+ Naive T cells
L5_CATGGATCACTAGGTT,CD4+ T cells
L5_TGGAACTCATCCTAAG,Proliferating cells
E2L8_CTTCAATTCTGCGGCA,CD4+ Memory T cells
L5_TGATGGTTCGAGATGG,CD4+ Naive T cells
L4_TCTTAGTCATGGAACG,CD4+ Naive T cells
L4_GGGAGATTCTTCGATT,CD14+ Monocytes
E2L7_GATCCCTTCTTCCACG,Proliferating cells
E2L1_AACCTGAAGAGTGACC,CD4+ Memory T cells
E2L3_TTCGCTGGTCCTATAG,B cells
E2L2_GAATCACAGACTAGAT,CD4+ Memory T cells
L5_TTCTAGTCATTGCTGA,CD4+ Naive T cells
E2L8_TGCCGAGCATTGACAC,Platelets
L3_CTTACCGCAGCTACTA,CD4+ Naive T cells
E2L1_CAGGCCACAGACCAGA,CD8+ T cells
E2L3_GCTTCACAGACCTCAT,B cells
E2L6_TCCATCGAGTCGGCAA,CD4+ Memory T cells
L4_TCGGGACAGAAGTCTA,Plasma cells
L1_CATGCTCAGCAGGCAT,HSPCs
L1_TCATTGTAGGGATCAC,Conventional Dendritic Cells
E2L6_TTGCATTCAATGCAGG,FCGR3A+ Monocytes
E2L4_GTTAGTGCATGAGGGT,B cells
E2L8_TGATCAGTCGGTATGT,Plasmacytoid Dendritic Cells
E2L5_GTAACCACAAGAAATC,CD4+ Memory T cells
E2L4_CGGAACCAGACATATG,CD4+ Memory T cells
L1_CAACGATAGAAGCGGG,NK cells
E2L7_GTGGGAAGTTCGAAGG,NK cells
L1_TACTTGTAGTTTGGCT,CD4+ Naive T cells
L2_TTGACCCCAACGTTAC,CD4+ T cells
L1_TTAGGCACAGTCGAGA,CD8+ T cells
L4_CCTTGTGTCTGCTTAT,CD4+ T cells
L4_CACAGGCCATGGCCAC,CD4+ Naive T cells
L3_TCTATACTCCCGATCT,B cells
E2L4_ATTTCACTCTATCGTT,T cells
L1_AGCCAGCAGAGAGTTT,NK cells
L2_CGAGTTAAGCGAGGAG,Plasma cells
E2L2_GTGCACGAGATTGATG,CD14+ Monocytes
E2L6_TTTGATCCAAGAGTTA,CD8+ T cells
L1_CAAGGGATCTTTGATC,B cells
L4_AAGATAGTCAAGCTTG,Conventional Dendritic Cells
L1_TTTGTTGTCAGGAAAT,Plasma cells
E2L2_ATGGATCGTCAGTCTA,Plasmacytoid Dendritic Cells
E2L1_CAGTTAGTCCTCTTTC,CD14+ Monocytes
E2L8_AATCGTGGTCTTTATC,CD8+ T cells
L4_GAATCGTCAGTTGCGC,CD4+ Naive T cells
E2L3_CCTAACCCAGAGCCCT,B cells
E2L2_CGATCGGAGAATTTGG,CD8+ T cells
L3_GAATAGAAGTAGTCAA,HSPCs
E2L1_TTCTCTCTCTCACGAA,Plasmacytoid Dendritic Cells
L4_CTCATGCGTCGATTAC,CD4+ Naive T cells
E2L1_CATCGCTGTGTATCCA,Conventional Dendritic Cells
L4_TTTCCTCCACAGTACT,NK cells
L5_CTCCTTTAGGAGAATG,CD4+ T cells
L4_GGACGTCAGTAGCAAT,Proliferating cells
E2L8_TTGACCCAGGCAGCTA,NK cells
L2_ATGTCTTGTCAGGAGT,CD4+ Naive T cells
E2L8_GGTGAAGAGACCAGAC,CD14+ Monocytes
E2L7_GGGACAATCATTCTTG,CD4+ Memory T cells
L2_TCGAAGTTCGACACCG,HSPCs
L3_ACCCAAAGTCGCGTCA,CD4+ Naive T cells
E2L5_CAACCAATCACAGTGT,Plasma cells
E2L4_GTGATGTCACTTCATT,CD4+ Memory T cells
L3_TCACGGGGTGACATCT,HSPCs
E2L6_TAGATCGGTTCAAGTC,CD14+ Monocytes
E2L7_ACATCGATCATAGAGA,CD8+ T cells
L3_GGCAGTCGTTGGGACA,B cells
L3_TGTTGGAAGGCAGTCA,NK cells
E2L5_CCACAAAGTAATGCTC,Plasma cells
L5_GCACATATCGGAACTT,HSPCs
E2L5_ATGAAAGTCGACGAGA,CD14+ Monocytes
E2L3_TAGTGCAAGAGTGGCT,NK cells
E2L3_TCCTGCAAGACGCCCT,CD8+ T cells
E2L3_AGGTAGGAGGAGAATG,Proliferating cells
E2L2_TGAGCGCTCGATTGGT,NK cells
L4_ATAGACCGTCAAGTTC,Proliferating cells
E2L4_GTTGCGGTCACCCTTG,CD8+ T cells
L1_TCCCATGCACCGGTCA,CD14+ Monocytes
E2L3_CTGAGGCGTCGTCAGC,CD14+ Monocytes
E2L4_AGTAGTCGTGCAACAG,Conventional Dendritic Cells
E2L7_ACCAAACAGTGCACAG,Proliferating cells
L4_CCATAAGCAATCAGCT,CD8+ T cells
L5_TGTCCTGAGACAACAT,CD8+ T cells
E2L3_TACGGTAAGCGTTACT,Plasma cells
E2L2_TGTACAGAGCGACTAG,CD14+ Monocytes
L4_TCCTCTTCATTGGATC,CD4+ Naive T cells
L3_CTCAGTCTCAGTGTGT,CD4+ Naive T cells
E2L2_TTTGTTGCATGAAGCG,CD4+ Memory T cells
L5_TTCTGTAAGTGCGTCC,CD4+ Naive T cells
E2L6_AATTCCTTCAGCTGTA,Proliferating cells
E2L5_GGACGTCCAGAGAAAG,B cells
L5_TCTCAGCGTGAGCAGT,CD14+ Monocytes
L1_TGCGATAGTATCGCGC,B cells
E2L6_TGGGCTGTCTATTTCG,CD4+ Memory T cells
E2L8_GATAGAAGTGCGGCTT,CD4+ Memory T cells
E2L5_CATCGCTCACACGCCA,B cells
L4_AGCGTCGCATCAGCGC,CD4+ Naive T cells
E2L2_TGTCCACTCGGCTTCT,Plasma cells
L3_CGAGTGCTCTATCACT,CD4+ T cells
E2L5_CTCAACCCATAGGCGA,CD8+ T cells
E2L6_TACTTGTTCGTCCATC,CD8+ T cells
E2L1_ATTGTTCCATATACCG,CD8+ T cells
L2_TTTGGAGTCTTCCCGA,CD4+ Naive T cells
E2L6_GGGCTCAAGGTTTACC,CD4+ Memory T cells
E2L7_TCCGGGATCAAGCTTG,B cells
E2L8_CATACAGTCCCGGTAG,CD4+ Memory T cells
E2L7_GGGACTCCAACGCCCA,CD14+ Monocytes
E2L6_TGCAGTAAGTTGTCAC,CD8+ T cells
E2L2_CCCTGATTCGTGGCTG,HSPCs
L5_TTTACTGGTACACGTT,CD14+ Monocytes
E2L2_ACTACGAGTTTGGGAG,CD14+ Monocytes
L5_ATCACTTGTCGTTGCG,CD4+ Naive T cells
E2L8_AAGACTCAGCCTTCTC,CD14+ Monocytes
L2_CTCCTCCTCATTTGGG,CD14+ Monocytes
E2L8_AACAAAGGTACAAGTA,NK cells
L4_CATACAGAGATAACAC,Proliferating cells
L2_CTAACCCAGACTCATC,CD4+ Naive T cells
E2L3_TACGGGCCATCCTATT,Platelets
E2L8_GAAGTAAAGGGATCAC,CD4+ Naive T cells
L4_ATCGGATCAATGCAGG,Plasma cells
E2L6_GCGTGCAGTGCTAGCC,B cells
L3_GCATCTCTCAAATGAG,CD8+ T cells
E2L6_GAAGCCCCACAATGCT,CD8+ T cells
E2L3_ACCCTCAGTCAAGCCC,CD14+ Monocytes
E2L2_CGCGTGAAGCTTGTGT,CD4+ Memory T cells
E2L8_ATACCTTTCCTGTAAG,T cells
L5_GGAGGATGTTCAGGTT,Plasmacytoid Dendritic Cells
E2L5_CTCAGAATCCCTTGTG,CD4+ Memory T cells
E2L3_TTCAATCAGGCACGAT,Platelets
L2_CATTCCGTCTATGTGG,HSPCs
E2L1_CGGTCAGCACCGGCTA,CD14+ Monocytes
L1_TATATCCCACCGAATT,CD4+ Naive T cells
L4_TGTTCATTCATAGCAC,CD4+ Naive T cells
E2L6_AGTAACCAGCGGGTTA,Plasma cells
E2L8_GTGAGGAAGCCGTTAT,CD4+ T cells
L1_GCAACATAGGTGCTAG,CD4+ Naive T cells
E2L8_TTCGATTTCGAAGCCC,NK cells
E2L8_GTTGCGGCAATTCACG,B cells
L2_CTTCCGAGTGTTAGCT,CD8+ T cells
E2L7_TTACAGGTCGGACGTC,Conventional Dendritic Cells
L1_CACAACACATCAACCA,CD14+ Monocytes
E2L8_ACCTGTCCATGGATCT,B cells
E2L8_GTGGAAGTCCATGATG,CD14+ Monocytes
L1_CCAATGATCGATTGGT,CD4+ Naive T cells
E2L4_CCTTGTGGTAACTAAG,CD4+ Memory T cells
L4_TGTCCACTCAGGAACG,CD8+ T cells
L3_GTTACCCGTTTCGACA,CD14+ Monocytes
E2L5_AGGGCCTGTGACACGA,B cells
L4_AATCGTGCACACTGGC,Plasmacytoid Dendritic Cells
E2L4_GGAATGGAGACCTCAT,CD8+ T cells
E2L2_GTAGGAGCAACTCCAA,NK cells
E2L7_ACTGTGACACAGCTGC,CD4+ Memory T cells
L3_CTTGATTCATTCAGCA,CD14+ Monocytes
E2L1_TGTGTGAAGGGTCAAC,B cells
E2L5_CGACAGCGTAAGGCTG,Proliferating cells
L3_AGGGTGACACGACAGA,Plasmacytoid Dendritic Cells
E2L2_CTTCCGAGTCGACTTA,B cells
L4_CGATGGCAGGCGCTTC,HSPCs
L3_CGATGGCCAGAACTTC,HSPCs
L2_CGATGGCTCGCACTCT,CD4+ Naive T cells
E2L5_TGCGGGTCAAGACGAC,CD4+ Memory T cells
E2L8_CTGCAGGTCACTCGAA,Platelets
E2L5_GAAGGACGTGCGGCTT,Proliferating cells
L4_GTAATCGAGCTAGAAT,B cells
E2L8_TCATCATAGTGGAATT,FCGR3A+ Monocytes
L3_TCATCATGTAGTAAGT,CD4+ Naive T cells
E2L4_GCAGGCTGTCCTACGG,Plasma cells
E2L1_GAGGCAAAGATGAAGG,NK cells
E2L1_CCGTTCAAGTGTAGTA,B cells
E2L6_GGGAGTACACCATAAC,B cells
L5_GTAGGAGGTAGAGACC,CD8+ T cells
E2L2_CCCTGATTCAATGCAC,Proliferating cells
E2L1_TGGTGATCAGACCTAT,CD8+ T cells
L2_CTGTATTGTTGCTTGA,CD4+ Naive T cells
E2L1_TGATCAGCATGTTTGG,Conventional Dendritic Cells
E2L8_ATTTACCAGATAGCAT,CD4+ Naive T cells
E2L1_ATTGTTCGTAGATGTA,CD8+ T cells
L3_CTGGACGGTACAGGTG,Plasmacytoid Dendritic Cells
E2L6_TTTGACTGTTTCGGCG,CD8+ T cells
E2L4_CGATGGCAGAGATGCC,CD8+ T cells
E2L7_TCCTTCTCAACCCTCT,FCGR3A+ Monocytes
E2L2_TTCGATTTCTCAGTCC,Plasmacytoid Dendritic Cells
L2_GTGGTTAGTTCGGTAT,CD4+ Naive T cells
L3_CAGTTCCAGTAAGACT,CD8+ T cells
E2L3_TTCCTTCGTGCGGCTT,B cells
L2_TGTCAGAGTCCTCAGG,CD4+ Naive T cells
E2L6_ACCATTTGTGGTACAG,CD4+ Memory T cells
E2L4_GTAGAAACATGATGCT,CD4+ T cells
E2L6_ACTTATCCAGTCCGTG,CD14+ Monocytes
L4_GCCATTCAGTACCGGA,CD4+ Naive T cells
E2L4_AGAACAAAGGTCGTCC,CD4+ Memory T cells
E2L7_ACTTCGCAGGCGAACT,Proliferating cells
E2L3_TACTTCATCCACACAA,Plasmacytoid Dendritic Cells
L5_GGCGTCACATAGGTAA,CD4+ Naive T cells
L4_CGAGAAGGTCCGAAAG,CD4+ Naive T cells
L5_ACCCTTGGTGGCAACA,CD4+ Naive T cells
E2L4_GTAACCAAGGCGATAC,CD4+ Memory T cells
L5_GAAGGACGTCATGACT,CD4+ T cells
L2_GAGGGATGTGAGTGAC,CD4+ Naive T cells
E2L1_AAGGTAAAGTACGTCT,CD8+ T cells
E2L7_CACTGGGTCATTTACC,B cells
L3_GTTACCCTCCTAGCTC,T cells
E2L4_GACCGTGAGGATGGCT,FCGR3A+ Monocytes
E2L6_ATTCATCCAATAGTGA,CD8+ T cells
E2L5_TTACGTTTCCCGTGTT,Plasma cells
L3_ACGGTCGAGGCCCAAA,Plasmacytoid Dendritic Cells
L1_GATTGGTTCTCTGCTG,CD8+ T cells
E2L2_GAGGGATTCGGCTGGT,CD4+ Memory T cells
L3_GGGCTACAGGTGCTTT,NK cells
E2L6_GTACAGTAGTAAACGT,CD4+ Memory T cells
L2_CCCATTGCAGCGTACC,CD8+ T cells
L1_ATTTCACGTGAACTAA,Conventional Dendritic Cells
L5_GACGCTGTCGACGCTG,CD8+ T cells
E2L3_CTGCCTACATTGACTG,CD4+ T cells
L4_TGAGGGAGTCGGAACA,Platelets
E2L8_TTGATGGCAGATTTCG,B cells
E2L1_CCGGTGAGTAAGATAC,B cells
E2L8_AGTGACTCAACGTTAC,Conventional Dendritic Cells
L1_AGGGCCTCACAACATC,CD4+ Naive T cells
L2_TCTTTGACATCCGAAT,CD4+ Naive T cells
E2L7_CTCAGTCGTGCGAACA,Plasmacytoid Dendritic Cells
E2L5_CATTGTTTCTCTCTTC,NK cells
E2L3_TTAGTCTTCTCGGTAA,FCGR3A+ Monocytes
E2L5_CATTGTTAGTGTTCAC,Plasmacytoid Dendritic Cells
E2L4_CAAGCTACAATCCTAG,CD8+ T cells
L3_TTAATCCGTTGTATGC,CD8+ T cells
L1_TTCTAGTTCCGATGCG,CD8+ T cells
L3_TTCTGTAGTCCTGTCT,Plasmacytoid Dendritic Cells
L2_TGTCCACGTGAGAACC,CD4+ T cells
E2L5_GAGACCCAGTCACGAG,CD4+ Memory T cells
E2L2_AGACAAAGTGACATCT,B cells
E2L5_AGGGTCCAGGGTACAC,CD4+ Memory T cells
E2L4_AAAGGGCTCTGGACCG,CD4+ T cells
E2L8_ACTTCCGGTTAAACCC,CD14+ Monocytes
E2L5_ATAGAGATCAGTGCGC,Plasmacytoid Dendritic Cells
E2L4_ACATCCCGTACTCAAC,Platelets
L1_ACTATTCAGAGGCGGA,B cells
L1_TCGTGCTGTCTTTCTA,CD4+ Naive T cells
E2L1_CAGTTAGCAACATACC,Proliferating cells
E2L7_CTGTCGTCATGGAGAC,CD14+ Monocytes
E2L3_TTTCATGAGAGGCTGT,Platelets
E2L3_TCTCTGGTCGCTGCGA,CD14+ Monocytes
E2L6_TCGGGCAGTGGCATCC,CD4+ Naive T cells
L1_CTCCCAAAGAGTCGAC,T cells
L1_CTTCTAAGTATCGATC,NK cells
E2L1_AGAGAGCAGCGGATCA,CD8+ T cells
E2L2_TGAGTCAGTCCTTAAG,T cells
L5_GACCAATCACGTATAC,CD8+ T cells
E2L5_GTAGTACCAGGCACAA,Platelets
L5_ATGCGATAGGAACTCG,CD4+ Naive T cells
L2_AACCTTTAGAATAACC,Proliferating cells
L5_TGAGTCAAGTTTCGAC,CD4+ Naive T cells
E2L1_TGGAACTTCGGACAAG,CD8+ T cells
E2L3_CGTTCTGGTTACACTG,CD4+ Memory T cells
L1_TATTGGGGTTCCTAGA,CD14+ Monocytes
L3_TGCAGATTCGAAATCC,B cells
L5_AGACAAAGTGATTAGA,Proliferating cells
L3_TCGGGCAGTGCCTATA,CD4+ Naive T cells
L1_CAATCGACAGGTTCCG,FCGR3A+ Monocytes
L3_CCTCTCCAGGTTGCCC,HSPCs
L4_TGCTCGTGTACAGTAA,CD4+ Naive T cells
E2L8_TTGATGGTCACACGAT,CD14+ Monocytes
E2L3_CGTAAGTGTAAGACCG,CD8+ T cells
E2L6_CACCAAACACAGTGTT,CD8+ T cells
E2L2_GTGTAACCACTCAAGT,FCGR3A+ Monocytes
E2L4_ATGCCTCTCGGCAGTC,CD4+ Memory T cells
L1_AGACCCGGTCTGATCA,CD8+ T cells
L5_TCAGTTTCACGGCGTT,CD4+ Naive T cells
L4_GGTGTCGCAGCTACCG,CD4+ Naive T cells
E2L2_ACACTGAAGACTCCGC,FCGR3A+ Monocytes
L5_CGGGTCATCCTTGAAG,Proliferating cells
E2L8_CTCACTGAGGTAACTA,NK cells
E2L7_GAGGGTACACGTCATA,B cells
L1_ACATTTCTCACGGGAA,CD14+ Monocytes
E2L8_GAGTGTTGTTAAGGAT,CD4+ Memory T cells
L3_AGTCACAAGTAATCCC,CD4+ Naive T cells
E2L7_GCCAGTGTCCTGCTAC,Platelets
E2L5_CTAAGTGCAAGACGGT,CD14+ Monocytes
E2L2_AGTACCATCTGGGCAC,NK cells
E2L5_GTGTCCTTCACTTTGT,NK cells
L2_CTCAGTCCATCCGGCA,CD4+ Naive T cells
L5_TTTACTGGTCGTGCCA,CD14+ Monocytes
E2L4_AGCTCAAAGATGTAGT,CD14+ Monocytes
L5_TTCCTCTAGGTCATTC,CD4+ T cells
E2L3_CGGAGAAAGCCGATCC,CD4+ Memory T cells
L5_TGCTCGTTCGAGCCAC,T cells
E2L4_AGCCAATCAGAGAGGG,CD4+ Memory T cells
E2L3_AGGTTACTCTATACTC,Plasmacytoid Dendritic Cells
L1_TATATCCGTAGCGTTT,CD4+ Naive T cells
E2L8_GCCAGCATCCGATAGT,B cells
E2L7_ATCGCCTCAACGACAG,Platelets
E2L7_ATTATCCGTCTCTCAC,CD4+ Memory T cells
L1_AAGCGAGAGAAATTCG,CD4+ Naive T cells
L5_GGCTTGGTCGAGCCTG,CD8+ T cells
L5_TCGAAGTAGACCATAA,CD4+ Naive T cells
E2L8_ACGTCCTAGGTGAGAA,CD8+ T cells
E2L7_TCTTAGTTCGCATTGA,Conventional Dendritic Cells
E2L8_TTCTGTATCACTGGGC,CD14+ Monocytes
L1_ATTTACCAGGCCTGAA,CD4+ Naive T cells
E2L1_CCGGTAGAGACATAAC,B cells
L3_ACTTATCTCACGGACC,CD4+ Naive T cells
E2L3_AGTTCCCTCGACCATA,CD4+ Memory T cells
L3_GTAACCACAAAGACTA,CD8+ T cells
L1_TCAGTTTAGCCTTGAT,CD4+ Naive T cells
E2L1_CGAGGCTCAAGGTCGA,CD4+ Memory T cells
L3_CCCGAAGCACGACGTC,CD4+ Naive T cells
E2L6_GTCATGAGTTGCACGC,CD8+ T cells
E2L4_AACCATGTCTGCGATA,NK cells
L5_TACCGAAAGCCACTCG,HSPCs
L4_CTCCTTTTCAAATAGG,CD4+ Naive T cells
E2L4_GTGGTTACAGGGTTGA,Plasma cells
L2_AGGAATATCTCTGAGA,CD4+ Naive T cells
L3_TCATGGAGTCACAGTT,CD4+ Naive T cells
L3_TATTTCGGTCAACCTA,T cells
E2L5_TATCTTGTCCATTGTT,B cells
L2_AGTAACCTCTCTTCAA,CD14+ Monocytes
E2L6_TCGTCCAGTCAAATCC,CD8+ T cells
E2L1_GCCATGGGTCCTACGG,Proliferating cells
L2_CTAACCCCACAGTGAG,CD8+ T cells
E2L4_GGTGGCTTCTCTAGGA,CD8+ T cells
E2L2_ATTCTACCACCTGCAG,CD14+ Monocytes
E2L7_AGACCATTCGTAGTCA,Proliferating cells
E2L2_TTATTGCAGCCAAGGT,CD4+ Memory T cells
E2L8_ACCCAAACAGGTGGAT,B cells
E2L2_AGATCGTTCGTGTGAT,Proliferating cells
E2L5_AAGGTAATCGACATAC,CD14+ Monocytes
L1_GAACTGTAGCAGGCAT,Plasma cells
L1_ATGGATCCAGTTAGAA,CD8+ T cells
L3_GCGAGAAAGATCCAAA,CD4+ Naive T cells
L1_GATCACAAGCATTGTC,CD4+ T cells
L5_CCGTTCATCAACCTCC,CD14+ Monocytes
E2L4_GATGACTGTCAATGGG,FCGR3A+ Monocytes
L2_CGAATTGTCGTCACCT,Platelets
L5_GTCAGCGGTCACAATC,CD8+ T cells
E2L2_GACACGCTCCGCATAA,Proliferating cells
L2_TTACCGCCATGGAATA,Proliferating cells
E2L7_ACTTAGGTCCGTCCTA,NK cells
L1_TTAGTCTCACGCCAGT,T cells
E2L8_TCGGATAGTAGCGTCC,CD4+ Memory T cells
E2L2_CACTAAGAGTTCAACC,T cells
E2L7_GTTACAGGTGATCGTT,CD8+ T cells
E2L1_TTACCATTCGGACTGC,CD14+ Monocytes
E2L6_CTAACCCTCACTTTGT,CD4+ Memory T cells
E2L6_TAACGACAGAGAAGGT,CD4+ Memory T cells
L2_AATGGAATCCCAGTGG,CD4+ T cells
L4_TCACTATGTGTGTCGC,CD4+ Naive T cells
L5_GTAGCTAAGCACACAG,Plasmacytoid Dendritic Cells
E2L6_GAAGCCCTCCAAACCA,CD14+ Monocytes
E2L2_ACGTAGTTCCATCTCG,B cells
E2L7_TGTCAGATCGCCGAGT,CD4+ Memory T cells
E2L2_CCTGCATCAAATTAGG,CD4+ Memory T cells
L1_TGACAGTTCTACTTCA,Proliferating cells
L5_GTTGTAGAGTCATGGG,B cells
L4_CCCATTGTCAGCTGTA,HSPCs
E2L7_ACATTTCGTTGCTCCT,CD14+ Monocytes
L1_ACTCTCGCAGGTTCAT,CD4+ Naive T cells
L5_CTGAGGCAGCTGTTCA,CD4+ Naive T cells
L1_TTGTGTTCAATTGGTC,CD8+ T cells
L5_AGTCTCCCATCCTTCG,CD4+ Naive T cells
E2L2_ACAGAAAGTCGATTTG,Plasmacytoid Dendritic Cells
E2L5_TGACAGTCATGTGCCG,CD8+ T cells
L5_GCACGTGAGTCGCCAC,NK cells
L5_TGAATCGAGCTCCGAC,B cells
E2L7_GACAGCCTCGCCACTT,B cells
E2L8_GTTTGGACATGTTCAG,Plasma cells
L3_CCTACGTCAGTCTACA,CD4+ Naive T cells
L3_TTGCATTCATTGTCGA,CD4+ Naive T cells
E2L4_TCATGTTTCAAGGTGG,B cells
E2L5_CATCCACCACGCCACA,Platelets
E2L2_TTCGCTGAGGTCGTCC,B cells
E2L7_GAATAGACATGCAGGA,B cells
L4_CCCATTGTCGAGAACG,CD8+ T cells
E2L6_CCGTGAGGTAGACACG,B cells
L4_TCCCACAAGCACACCC,B cells
L2_TCACGGGCAAGCTGTT,CD8+ T cells
L1_CCCTGATTCGACCACG,CD4+ Naive T cells
E2L7_TGAATCGGTGGTGATG,CD14+ Monocytes
E2L6_ATTTACCCAACTGAAA,CD4+ Memory T cells
L2_CTCTCGAAGCAAATCA,Proliferating cells
E2L8_AGATGAAAGTGGCGAT,NK cells
E2L5_GTGGTTAAGCGACATG,Plasmacytoid Dendritic Cells
E2L5_CTCCAACGTCCACACG,CD4+ Memory T cells
L3_GTGTAACGTGCTCTTC,CD4+ Naive T cells
L2_GGTTGTATCAGAACCT,Proliferating cells
L1_GCCGTGACAATACCTG,HSPCs
E2L1_CGGACACTCTTGGCTC,Plasmacytoid Dendritic Cells
E2L6_ATTACTCTCCCGGTAG,NK cells
E2L3_ATGACCAAGGATTTCC,CD4+ Memory T cells
E2L2_CGGAGAACACGGATCC,NK cells
E2L1_TTTGATCCAAAGACTA,FCGR3A+ Monocytes
L5_GCTTGGGGTGCATGAG,Proliferating cells
E2L4_CAGTGCGCATGTCAGT,B cells
E2L3_ATCCCTGTCGTTGCCT,Plasma cells
E2L2_GAGTTACCATAACCCA,CD14+ Monocytes
L2_TGTGCGGGTACAAGTA,Erythrocytes
E2L5_TTGGTTTTCCATTGGA,B cells
E2L3_ATCACGATCCCAACTC,Conventional Dendritic Cells
L2_TGCTCCATCGACGCTG,CD4+ Naive T cells
E2L8_ATGGAGGAGTCTAGAA,FCGR3A+ Monocytes
E2L8_TCATGTTTCTTGAGCA,CD4+ Memory T cells
E2L2_TCAGGTAGTTGCTCCT,Proliferating cells
L4_CCTCATGAGGGTACGT,Proliferating cells
L5_ACCACAATCCCTTCCC,HSPCs
E2L7_CATAGACCAATGTTGC,NK cells
L2_ATCGTGAAGTATAGAC,CD4+ Naive T cells
L5_TACAGGTCACTGGCGT,Plasma cells
L4_CACTAAGTCTACCCAC,B cells
L5_AAGATAGCATAGATCC,HSPCs
L4_CTGGCAGCACAGTCCG,CD4+ Naive T cells
L3_GTATTGGGTGATAGAT,CD4+ Naive T cells
E2L4_AGGTAGGAGGAAGTCC,CD4+ Naive T cells
L1_TCGTAGATCGGCTTCT,Erythrocytes
L4_ACGATCACAAGTCATC,CD14+ Monocytes
E2L5_TCTTAGTGTCGTATGT,Plasma cells
E2L1_TATTGGGGTATGGAAT,B cells
E2L2_GACTGATGTACGTGAG,Plasmacytoid Dendritic Cells
L5_CAGATTGAGGTCCTGC,NK cells
L5_TGGGCTGCAGAGCCCT,CD4+ Naive T cells
E2L2_TAGACCAGTTAAGTCC,CD14+ Monocytes
L2_TCTATACAGTTGTCAC,CD4+ T cells
E2L1_ACGGAAGAGTAGTGCG,B cells
E2L7_ATCCGTCGTTCGAGCC,Proliferating cells
L3_TGTTCATGTGTTTACG,CD4+ Naive T cells
L5_ATTTCTGCACAAACGG,B cells
E2L2_CTGTAGAGTCCAGCGT,NK cells
E2L3_TTTCAGTGTGTCCACG,Proliferating cells
E2L7_ACGCACGTCGATACAC,T cells
L1_CGTAGTATCCAGCACG,Plasma cells
E2L7_ACCTACCCACCAGCTG,B cells
E2L8_AAGATAGCAAGAAACT,FCGR3A+ Monocytes
E2L7_CATTGCCTCGCAGAGA,B cells
E2L7_TCTTCCTAGACGCCAA,Plasmacytoid Dendritic Cells
E2L2_ACTCTCGAGCTAGCCC,Platelets
E2L2_TCCTCGACATTCATCT,Proliferating cells
E2L1_ATCGATGTCAGAACCT,B cells
L5_TGAGGAGGTACTCCGG,HSPCs
L2_CTAGGTAGTATCAGCT,HSPCs
L2_CCTAAGAGTTGTTGCA,Plasmacytoid Dendritic Cells
E2L6_AATGGAACAAGCGAGT,CD14+ Monocytes
L4_CTAACTTGTTGTGGAG,Erythrocytes
E2L8_GTTGCTCAGCTGTGCC,CD8+ T cells
E2L1_AGTAACCTCTCGAACA,NK cells
E2L8_ATGAGTCGTAACATAG,NK cells
L1_CTGTAGAAGACCGCCT,Conventional Dendritic Cells
E2L4_AAGGAATTCTGGGCCA,CD14+ Monocytes
L4_AGTAACCGTGGCTAGA,CD4+ Naive T cells
L3_AAGCGTTTCGGTCTGG,CD14+ Monocytes
E2L6_CGGTCAGTCACAACCA,CD8+ T cells
L4_AACACACGTGCGCTCA,HSPCs
L2_AGGAAATCACTGCATA,CD4+ Naive T cells
E2L3_CCCGAAGGTAAGGCTG,Proliferating cells
L1_ACCCTCAAGATGAATC,HSPCs
E2L7_TGTTGGAAGTAACCTC,B cells
E2L4_GCAGCTGGTGGAACAC,B cells
L5_GTTGTCCTCGTAGCTA,CD4+ Naive T cells
E2L7_TGTTCTATCAGGTAAA,CD4+ Memory T cells
L2_ACGTTCCTCTAGTGTG,CD4+ Naive T cells
E2L8_GAAACCTCATCGTCCT,Plasmacytoid Dendritic Cells
E2L8_AGAACAATCTATCGCC,FCGR3A+ Monocytes
E2L2_CAACGGCCAATTCTTC,B cells
E2L1_GCCAGGTGTACAGTCT,B cells
L5_CCCGGAAGTCGCAGTC,CD4+ Naive T cells
E2L6_AAACGCTCAAGTTTGC,CD14+ Monocytes
E2L5_TAGACTGTCCAGCAAT,CD14+ Monocytes
E2L6_TATACCTAGTGTGTTC,CD8+ T cells
L5_ATCAGGTTCATAGGCT,CD8+ T cells
E2L7_AACCCAAGTTAACCTG,CD4+ Memory T cells
E2L6_CAGAGCCAGAGCATAT,B cells
E2L4_TTTCATGCAAGGAGTC,FCGR3A+ Monocytes
E2L8_ACTGTCCTCATCGACA,B cells
L2_AACCTTTTCCCATACC,CD4+ Naive T cells
L3_GAGTTGTTCGGCTTGG,CD8+ T cells
E2L7_CTCCCTCCATGGTACT,CD14+ Monocytes
E2L2_CCATAAGCATCAGCAT,FCGR3A+ Monocytes
L3_GGTGATTCAGTAACGG,CD4+ Naive T cells
E2L7_GCAGCCAAGACCTCCG,CD4+ T cells
E2L4_TAGGGTTCACGTAGTT,B cells
E2L7_GTACAGTTCCGTTGGG,T cells
E2L6_GAAGGGTAGGATGCGT,CD14+ Monocytes
L1_GCCAACGCAAGACCTT,CD14+ Monocytes
L1_TGTTGAGGTGTAAATG,CD4+ Naive T cells
L4_CCTTGTGCAGCAGAAC,Proliferating cells
L1_AGTGACTCACCTGCAG,NK cells
E2L2_AAGACAAAGGTTACCT,CD14+ Monocytes
E2L4_TACTTCACATCCCGTT,B cells
L3_AGGGTCCAGGGCTAAC,CD4+ Naive T cells
E2L2_AGGTCATCATCCTCAC,CD4+ T cells
E2L2_AGGGAGTTCCATTGTT,Platelets
L1_TGGAACTGTGTTCATG,CD8+ T cells
E2L4_ATTCTACTCTTACACT,B cells
E2L7_CCCGAAGAGGGCCAAT,Proliferating cells
L2_GGGTCTGAGGGAACAA,CD4+ Naive T cells
L1_TGTTACTGTATGCGGA,Platelets
E2L8_TTCACCGGTCGCACAC,CD8+ T cells
L4_CGTAATGCATAACGGG,CD4+ Naive T cells
L2_CTGCAGGGTTTATGCG,CD4+ Naive T cells
E2L4_GTTCTATTCGCATGAT,B cells
E2L5_CTGAATGGTGTACAGG,CD8+ T cells
E2L5_ATTGGGTGTCGAACAG,CD4+ Naive T cells
E2L7_CCTAAGACATTGAAGA,CD14+ Monocytes
E2L4_GGGTCTGTCGTACACA,CD4+ Memory T cells
E2L6_AGAACCTCATACCACA,CD14+ Monocytes
E2L4_ATCGGATCAAGCACAG,B cells
E2L4_CGAGGAATCACGAACT,Proliferating cells
E2L5_GTTATGGGTGACTGTT,CD4+ Memory T cells
E2L6_GATCCCTGTGCAATAA,T cells
E2L8_ATGGAGGTCAAGGCTT,Proliferating cells
L5_TCTACCGGTTCTGACA,CD4+ T cells
E2L2_TCAGCCTCATTGCCGG,CD4+ Memory T cells
E2L5_GAAGTAAGTGCCGGTT,CD14+ Monocytes
L2_AACAAAGCAATAACCC,Platelets
L3_CAACGGCGTGCACAAG,CD4+ Naive T cells
L2_CTTCCTTAGTAGTCAA,CD4+ Naive T cells
L5_TCCTCTTGTCGGCCTA,CD4+ T cells
E2L7_GGAGCAACACACGTGC,Platelets
E2L6_GTGGAGACAGAACTAA,Platelets
E2L4_TTTCCTCCATTAAAGG,CD14+ Monocytes
L3_ACAAGCTCATAGGTTC,CD8+ T cells
E2L7_ACATCCCGTATTTCCT,B cells
E2L1_TTCTAACGTGTACATC,NK cells
L5_GACATCAAGCTCTATG,CD4+ Naive T cells
L3_ATCGTCCCATCAGCAT,FCGR3A+ Monocytes
E2L1_TCGGATAAGACATCAA,CD14+ Monocytes
L2_TTAATCCGTAGTTACC,CD4+ Naive T cells
E2L6_GAAGAATCAGGGAGAG,NK cells
L2_AGAACCTTCCCTTTGG,Plasma cells
E2L5_TTAATCCCACTACACA,CD4+ Memory T cells
E2L5_CTCCCTCAGCCATATC,Proliferating cells
E2L4_CACTGAACATGCCGCA,CD14+ Monocytes
L4_ACTTCCGAGTACTGTC,CD4+ Naive T cells
L1_CCCTGATTCGTGACTA,CD4+ Naive T cells
L2_GTAAGTCGTAGCACGA,Plasma cells
E2L4_GTCGAATCAAAGGGTC,CD8+ T cells
E2L2_TATCCTACATTCTTCA,FCGR3A+ Monocytes
L3_GTCATCCGTGCACATT,Plasma cells
E2L5_TTTCATGAGAATAACC,CD4+ T cells
L3_ATGACCAAGTACTGGG,CD4+ Naive T cells
L1_GTATTTCTCGTCTCAC,B cells
E2L2_GAATCGTAGAATGTTG,CD4+ Memory T cells
L1_CACGTGGGTGTTACTG,CD4+ Naive T cells
E2L5_CACGTTCTCCCATTCG,CD4+ Memory T cells
L1_CGAGAAGAGCCAAGTG,CD4+ Naive T cells
E2L5_GTACAACAGGTTATAG,Proliferating cells
E2L1_GGTTAACTCCATCAGA,NK cells
E2L3_TCATGAGTCTAGACCA,NK cells
L5_GCGGAAAAGAGCCCAA,CD8+ T cells
E2L6_GTGGCGTAGGGATGTC,Proliferating cells
E2L4_TCACGGGAGTGACCTT,CD14+ Monocytes
L3_AGAAATGTCTACTGCC,CD4+ T cells
L2_CACATGATCGGTTCAA,HSPCs
E2L1_ACTTATCGTTCCGCAG,Platelets
L5_AGTGATCTCCACTGGG,Plasma cells
L5_TGCGACGCATGTGCTA,Platelets
L4_GATAGAACAAGCAGGT,NK cells
E2L6_TATATCCTCCCGAGGT,NK cells
L4_ATCGATGCATCGGTTA,CD8+ T cells
L2_GACACGCCAAATCAAG,CD4+ Naive T cells
L5_TAGCACAGTATGGAAT,CD4+ Naive T cells
L1_ATCATTCAGAATCGAT,CD4+ Naive T cells
E2L1_ACAACCACACGCGCTA,CD8+ T cells
E2L6_ATGACCAGTGAATGTA,Plasma cells
L4_TTGTGGAGTTCGCGTG,HSPCs
L1_TACGGGCCAAGGACAC,CD4+ Naive T cells
E2L2_TTCAATCAGAACTGAT,T cells
E2L3_TCAGTTTAGCTTTCTT,Proliferating cells
E2L7_AATCGTGGTAGGTACG,CD4+ Memory T cells
L3_CTTCGGTCAGACTGCC,Proliferating cells
L3_CTGGTCTAGACATCAA,CD4+ Naive T cells
L3_GTCACGGAGAGAGAAC,CD4+ Naive T cells
L1_TGCACGGAGTATGCAA,Plasma cells
L4_TCAGCCTCAGGATTCT,CD14+ Monocytes
L3_GAAGAATTCTCAGGCG,CD4+ Naive T cells
E2L6_CAGCGTGTCCATTTGT,Conventional Dendritic Cells
E2L2_TGACGCGAGCCTTTCC,NK cells
E2L3_ATCGGCGCAGACCTGC,CD4+ T cells
E2L7_TTAGGCATCGTACACA,CD4+ Memory T cells
L5_AGGCCACAGAGCCCAA,Conventional Dendritic Cells
L5_CTAACTTGTACAGTAA,CD8+ T cells
E2L4_GGAACCCCAGAGAATT,B cells
L5_CTACAGATCCGTTGAA,NK cells
E2L1_TATCTTGCATCGGAAG,CD14+ Monocytes
L1_GATTCTTAGGCTCTAT,CD4+ T cells
L4_TCATTGTGTGAGACGT,Platelets
L2_ATTCACTCAACCGACC,HSPCs
E2L2_AGAGCAGTCTGCACCT,T cells
L2_TGTTACTAGGGACACT,Plasma cells
L4_CATTTCAGTTTCACTT,CD4+ Naive T cells
L5_CTGTACCGTTACCCAA,CD4+ Naive T cells
L1_ATGAAAGGTGTGCTTA,CD14+ Monocytes
L3_ACCACAACAACTCGTA,CD4+ T cells
E2L2_TTACGTTAGCACCGAA,Platelets
L3_ATCCACCCAGTAGGAC,B cells
E2L5_AAGTACCAGATAACAC,CD4+ Memory T cells
L1_TTTGACTAGTGTAGAT,CD8+ T cells
L4_AGCGATTAGACGTCCC,CD4+ Naive T cells
L3_TCCACGTAGGAGAGTA,CD8+ T cells
E2L1_AAGCCATCAGTTGTTG,CD4+ Memory T cells
L5_CACTAAGCACAAACGG,CD14+ Monocytes
L4_GTCTAGAGTATAATGG,CD4+ Naive T cells
L1_CTTGATTTCGGTGTAT,Proliferating cells
L4_AACAAGATCCATCGTC,Proliferating cells
L5_AAATGGAAGCGAGTCA,CD14+ Monocytes
E2L7_AGATCCATCTATTTCG,B cells
E2L2_ATCGGATGTTGGGACA,Plasmacytoid Dendritic Cells
L1_GGTAATCTCGTAGGGA,Plasma cells
E2L8_GAAGCGAGTCGAGATG,NK cells
E2L6_TAGACCATCCTGTAGA,Proliferating cells
E2L6_TCCCAGTCAGTGCCTG,Plasmacytoid Dendritic Cells
E2L2_AGTCAACGTATCGTAC,CD4+ T cells
E2L1_CTATAGGAGGGCATGT,CD4+ Memory T cells
E2L4_AGAGAATAGACCATTC,B cells
L5_CTGCTCACACTCCGGA,CD4+ Naive T cells
L5_ATTCCTACACGCCACA,CD8+ T cells
E2L1_GCCAGCATCGAAGCAG,CD4+ Memory T cells
L4_GAGTCATAGAGGGTCT,FCGR3A+ Monocytes
L4_TCCATGCGTACTGAGG,CD4+ T cells
E2L7_TAATTCCGTAACAGGC,NK cells
E2L3_AAGACAACACGACGAA,Conventional Dendritic Cells
E2L7_ACACTGATCCCTCGTA,CD4+ Memory T cells
L1_TACGCTCAGTCGCTAT,CD4+ Naive T cells
E2L5_AAGCATCGTAGTTACC,B cells
L1_CACAACAAGACAACTA,CD4+ T cells
L4_TATGTTCGTTTAGAGA,FCGR3A+ Monocytes
L5_CTGATCCGTCCAGAAG,HSPCs
E2L3_CAGGCCAAGTCTGCAT,NK cells
E2L7_ACCACAACAACTTCTT,CD4+ Memory T cells
E2L6_GATCAGTTCATGCCAA,Platelets
L3_GTTGCGGAGACCGCCT,CD8+ T cells
L4_TCGTGCTGTAGAATAC,Proliferating cells
L3_TAGAGTCTCTATTTCG,CD14+ Monocytes
L1_CTACTATGTTCCACGG,Conventional Dendritic Cells
E2L4_TAATCTCAGACGCCAA,Proliferating cells
L5_TTACTGTTCGCCTTGT,B cells
E2L2_TATTTCGAGTTGTCAC,Erythrocytes
E2L4_CCTTCAGCATCTTAGG,Proliferating cells
E2L7_GTTGCGGAGCCTCGTG,B cells
L1_CTCTGGTCAGTAACCT,CD4+ Naive T cells
L2_TCTTCCTAGCAGGTCA,CD4+ Naive T cells
E2L4_AGTGCCGCACACTTAG,CD4+ Memory T cells
E2L3_ACACAGTTCGGAGCAA,CD4+ T cells
E2L6_CCGTTCATCGTTACCC,CD4+ Memory T cells
E2L6_AAGCATCCAGAACGCA,CD4+ Memory T cells
L1_CTACCTGGTCTGATCA,CD4+ Naive T cells
L5_CGTGCTTAGACAGCGT,CD14+ Monocytes
L2_TCTACCGGTTACACTG,B cells
L3_CACACAACATACAGCT,NK cells
L4_AGGTGTTGTAGCGCTC,HSPCs
E2L6_GGCAGTCAGCGATGAC,CD4+ Memory T cells
L2_CGTTGGGCACATGGTT,T cells
E2L5_CTCTCAGCAAGCCTGC,B cells
L4_CTATAGGTCGTCTACC,CD4+ Naive T cells
L2_TAGGTTGCACATGGTT,CD4+ T cells
L5_TATCAGGGTGACGTCC,CD4+ T cells
L1_TTGTTCAGTAGATCGG,CD4+ Naive T cells
L3_TCTACCGCATGCCGGT,CD4+ Naive T cells
L3_TGATTTCCATTCTGTT,B cells
E2L3_CTGTAGACATGATGCT,CD14+ Monocytes
E2L6_GAGATGGCAGTCACGC,CD14+ Monocytes
L2_ATCACGACACTGATTG,Plasma cells
E2L3_GACCCAGAGCCGGAAT,CD8+ T cells
E2L4_ATCCACCGTGCTTCAA,CD14+ Monocytes
L2_GCAGCTGTCTCCCAAC,CD4+ Naive T cells
L1_CGAAGTTGTCGTGCCA,CD4+ Naive T cells
L4_AATCGTGCAGTCAGTT,CD4+ Naive T cells
E2L7_TCAGTGAGTACGATGG,CD8+ T cells
E2L5_TCTCCGATCCGTACGG,CD8+ T cells
L2_TATTGCTGTTAAACCC,Erythrocytes
E2L2_CGGAATTGTTCGGACC,CD4+ Memory T cells
E2L5_AGGATAACATGACGGA,NK cells
L5_TCTGCCACAGGTGTTT,Proliferating cells
E2L2_TCAGCAAAGAACAAGG,CD14+ Monocytes
E2L1_TCCTAATGTATCGTAC,Proliferating cells
L2_TCACAAGTCCTCATAT,Erythrocytes
L2_TTACCATCATCGTGGC,FCGR3A+ Monocytes
E2L2_TCAGGTAGTAGTCTTG,FCGR3A+ Monocytes
E2L2_GGAACCCCATTCTGTT,Proliferating cells
L4_ACGTTCCTCAACGAGG,Proliferating cells
L4_TCGTGGGCAGCTGAAG,NK cells
E2L8_CTCAGTCCAGACGATG,Plasma cells
L1_GGTAATCTCTCGAGTA,NK cells
E2L1_TGGGCTGAGCCAAGGT,CD8+ T cells
L4_ATCTCTAAGTACTGGG,CD4+ Memory T cells
E2L6_ACCTACCAGCGCCTCA,CD4+ Memory T cells
E2L8_TGGGATTTCGCTCTAC,NK cells
E2L5_TGTGCGGTCCATTTAC,Plasmacytoid Dendritic Cells
L5_CATGCCTGTAACAGTA,CD4+ Naive T cells
L1_AATTTCCAGAGGCTGT,HSPCs
E2L1_GGCGTCATCCTAGAGT,CD4+ Memory T cells
E2L8_GTACAGTAGCCTGAAG,CD8+ T cells
E2L1_ACTATCTTCATTGGTG,CD14+ Monocytes
E2L7_GAGGCAACAACGTATC,Plasma cells
L2_AGGCTGCAGAATAGTC,CD8+ T cells
L5_CTCCTTTGTCAGTTTG,Proliferating cells
L4_GGGTGAATCACAACCA,CD4+ Naive T cells
L1_TCTTAGTAGCCTTCTC,CD4+ Naive T cells
E2L7_GGGCCATCAAGTAGTA,Plasmacytoid Dendritic Cells
L4_CAACGATAGGTGCCAA,FCGR3A+ Monocytes
E2L5_TGGGAGAAGACTCGAG,CD4+ Memory T cells
E2L5_CTCTCAGAGTGTACCT,CD14+ Monocytes
L1_AATTCCTCACTCAGAT,HSPCs
E2L5_TACGTCCTCTAATTCC,Platelets
L5_GTTACGAAGGACTTCT,NK cells
L3_ATGAGTCCAAATACGA,B cells
E2L6_CATGCTCGTATCACCA,B cells
L5_CTAGGTAAGCGAGTAC,CD4+ Naive T cells
L4_GCTACCTAGCGGGTTA,CD4+ Naive T cells
E2L7_TAGACCACAGGAATCG,CD14+ Monocytes
E2L3_GTTGCTCGTCTCGCGA,NK cells
E2L3_CCTATCGCATTGCTGA,CD4+ Memory T cells
E2L5_ATCGGATCACAACATC,Plasma cells
E2L3_TCGATTTCACAGCCAC,CD4+ Memory T cells
L3_CATGCTCTCAGGAACG,CD4+ Naive T cells
E2L6_AGGCCACGTGGCTTAT,NK cells
E2L4_ATCGTCCAGCAAGCCA,B cells
E2L7_TGCAGTATCGTCTACC,Proliferating cells
E2L5_GTCTGTCTCACCCTTG,NK cells
E2L6_AGTGTTGCAACCGGAA,CD4+ Memory T cells
E2L1_GCGGAAAGTGACATCT,CD4+ T cells
L5_CTCACTGTCGTGTGGC,Conventional Dendritic Cells
L2_TCGGGACTCGGCTATA,HSPCs
L1_GCTTGGGCATGACTCA,CD4+ T cells
E2L3_GACTCTCCATACTTTC,CD14+ Monocytes
E2L8_CACATGAAGTGGATAT,CD8+ T cells
E2L1_CGGACACAGCGTGCTC,CD4+ Memory T cells
E2L8_GAGGCAACAGGCAATG,Proliferating cells
L3_TACGTCCGTATCCTTT,FCGR3A+ Monocytes
L1_CGATCGGGTGATACCT,CD8+ T cells
L2_TGTAGACCACCTGCGA,CD8+ T cells
E2L1_ATGGTTGCAGCAAGAC,CD14+ Monocytes
L2_TTGGTTTAGCGTGTTT,CD14+ Monocytes
E2L4_GGTGTTAGTGCATACT,CD8+ T cells
E2L5_CATCAAGTCTGGGCAC,CD8+ T cells
L3_CATTGCCGTATGTCCA,Erythrocytes
E2L2_CGTTCTGAGATTACCC,NK cells
L1_TGTTCCGGTAGTCTTG,CD14+ Monocytes
E2L3_ATCACTTGTTGTACGT,NK cells
E2L3_CTATCTACAGCGTGCT,NK cells
E2L1_CGTTAGACACACGTGC,T cells
L3_CTGGTCTAGGTTATAG,CD4+ Naive T cells
E2L2_CATGCCTGTGTTTGCA,CD14+ Monocytes
L3_AGCTTCCTCGCTTGAA,CD4+ T cells
L3_CTTCGGTTCTGAGTCA,Plasma cells
L4_CTGTAGATCAACTCTT,CD4+ Naive T cells
E2L7_TCGCTTGAGGACAACC,Platelets
L4_TCAAGCATCTCACCCA,NK cells
L4_TCCGGGACACATATCG,Proliferating cells
L5_CAAGACTGTCAGTCGC,CD4+ Memory T cells
E2L2_TCACTCGTCATTATCC,CD8+ T cells
E2L4_TAGCACAAGACGCATG,B cells
E2L4_TTCGGTCAGCACCAGA,FCGR3A+ Monocytes
E2L4_TTTAGTCTCCTTCTTC,CD4+ Memory T cells
E2L5_GAGGGTATCGTAACCA,B cells
E2L1_TAAGCGTAGCACCGAA,CD4+ Memory T cells
E2L6_GCCCGAAAGGTTACCT,CD14+ Monocytes
L2_AGCTCAAAGTCCCGAC,Proliferating cells
L2_CTACTATCAAGACCGA,CD14+ Monocytes
E2L2_TCGAACATCTTAAGGC,CD4+ T cells
L1_CCTAACCGTCCGGTCA,CD14+ Monocytes
L4_ACAACCATCAAAGACA,CD4+ Naive T cells
L3_CCCTAACAGCGTGCCT,NK cells
E2L7_TGCGACGCACAGTCCG,B cells
L1_GGCACGTAGAACAGGA,CD14+ Monocytes
E2L5_AGCTCAAAGCTATCTG,Plasmacytoid Dendritic Cells
E2L3_AGCGATTGTGATCATC,B cells
L2_TTAGGGTAGAGAGCGG,Erythrocytes
L1_GCAGGCTCACAAATCC,CD14+ Monocytes
E2L7_TTTACGTAGACAACAT,CD4+ Memory T cells
L3_CCTATCGAGCTCTTCC,B cells
E2L3_GTTACGAAGCGGTAGT,FCGR3A+ Monocytes
E2L8_GATGTTGAGACGGATC,T cells
E2L8_ACTGTGAGTACTGACT,CD8+ T cells
E2L3_TACCCGTTCATACAGC,Proliferating cells
L4_CCACACTAGTGATGGC,Platelets
E2L3_GCATCGGCAGGGCTTC,CD4+ Memory T cells
E2L2_TTTGATCGTTAACAGA,FCGR3A+ Monocytes
L3_CATAGACAGCAGTACG,CD14+ Monocytes
E2L6_CGTCAAACATAGGTTC,CD4+ Memory T cells
E2L4_TCCATGCAGCTAGATA,CD14+ Monocytes
E2L7_CATCCCATCCATACTT,CD4+ Memory T cells
E2L8_TTGTTTGAGTACAACA,B cells
E2L4_GGGTGAAGTACAAGTA,CD4+ Memory T cells
L4_AACAACCTCCTGTTAT,FCGR3A+ Monocytes
L2_GTGTTCCTCGTTATCT,CD4+ T cells
E2L4_AACGGGAGTCTTACTT,B cells
E2L6_GCCGATGAGATGGGCT,B cells
L4_ATGAGGGAGTATAGAC,CD4+ T cells
L1_TATCTGTGTGACTGTT,CD4+ Naive T cells
E2L2_CGGAGAAGTCATCAGT,T cells
E2L4_CCCAACTTCTGTTGGA,FCGR3A+ Monocytes
L4_TCATGGAGTCCGCAGT,Plasma cells
L5_CACGGGTAGTCCCTAA,Plasmacytoid Dendritic Cells
E2L1_CGCATAAAGTAGACCG,CD8+ T cells
L2_ACAGGGAGTATTGGCT,CD4+ Naive T cells
L3_AGTAGTCTCGATGGAG,CD4+ Memory T cells
E2L5_AGTGATCTCAAACGTC,Plasma cells
E2L8_TTCAGGAAGGCCCACT,CD4+ Naive T cells
E2L8_GAACACTTCTAGCCTC,Conventional Dendritic Cells
L4_CTCAACCGTACAGAAT,CD4+ Naive T cells
E2L5_ACCCAAAGTTAGCGGA,CD14+ Monocytes
E2L3_GCTGCAGAGCCTGAGA,NK cells
E2L8_GTGTTAGTCCCTCGAT,B cells
L3_TGCATGAGTGGATCGA,FCGR3A+ Monocytes
E2L2_GCCATGGGTCCCAAAT,NK cells
L3_TTGTTTGTCTCTCGCA,CD4+ Naive T cells
L1_TGGTTAGGTACGTAGG,CD4+ Naive T cells
L3_TCGAAGTTCTGTCTCG,CD8+ T cells
E2L2_CCACCATAGTACGAGC,CD8+ T cells
L5_ATTCACTTCCTACGGG,HSPCs
E2L1_GTCAGCGAGCACTAAA,CD4+ Memory T cells
E2L5_ACAGAAAGTAACAGTA,NK cells
E2L6_GACCCAGTCATTTGCT,CD14+ Monocytes
E2L5_TTCGATTGTCTGATAC,HSPCs
E2L1_GTCAAACCAGATTTCG,T cells
E2L4_TGAGCATTCTTTGCTA,CD4+ Memory T cells
L3_GGTAATCGTTATAGAG,CD4+ Naive T cells
L1_TGTTCATTCACACCCT,CD4+ Naive T cells
E2L4_TTAGTCTGTTCACCGG,CD14+ Monocytes
E2L6_ACAGCCGAGTCACTCA,Platelets
L2_CGTGTCTAGAAATGGG,CD14+ Monocytes
L2_GAAATGACAGGTTCGC,CD4+ T cells
L2_TTGCCTGTCGCACGGT,CD4+ Naive T cells
E2L5_TACTTCAGTTAGGCTT,CD4+ Memory T cells
L5_CAACCTCCACCTGTCT,CD14+ Monocytes
L1_TGCGGGTCATCCAATG,CD4+ T cells
L4_AAAGGTAAGGAACGCT,Proliferating cells
L3_AGGAAATTCTACGCGG,NK cells
E2L5_TGAGTCATCCCGAGAC,Platelets
E2L8_GTAATGCTCGCCAATA,CD14+ Monocytes
L4_AGAGCCCAGTGTCATC,CD4+ Naive T cells
E2L2_TGCTCGTAGATGAACT,Platelets
E2L8_CCTTGTGTCACTCACC,CD14+ Monocytes
L2_CACGTGGGTCCTCATC,B cells
L2_CTGGCAGGTGCATCTA,Proliferating cells
L3_TTACGTTGTTGTGGCC,CD4+ Naive T cells
L5_GGTAACTTCGCAATTG,CD8+ T cells
L3_ATCCGTCCAAAGGCAC,Plasma cells
E2L6_GATGGAGAGACGATAT,Conventional Dendritic Cells
L1_GACTCTCAGACTCCGC,B cells
E2L8_GTAACCATCTGAATCG,B cells
L5_AGGAAATAGACCACGA,CD4+ Naive T cells
L2_ATAGGCTCAAGTATAG,HSPCs
L4_TTGTTGTCACAGACGA,NK cells
E2L1_TTGACCCCAGGAATCG,CD4+ Memory T cells
E2L6_AGGCTGCTCATCTATC,B cells
L1_TGTGGCGTCGAAGCCC,CD4+ Naive T cells
E2L3_AGATCCATCCCGAGGT,T cells
L4_GTGCAGCAGCGCCTTG,CD4+ T cells
E2L6_ACCGTTCTCCTAGCGG,CD8+ T cells
L3_GTGCTGGGTAATCAGA,CD8+ T cells
E2L1_GCCAGCAAGAGGCCAT,CD4+ Memory T cells
L2_AAAGGGCAGCAATAGT,CD4+ Naive T cells
L5_GTTTGGAAGGTCGACA,NK cells
L1_TTGACCCAGATGGTAT,CD14+ Monocytes
L5_CTGTATTGTTTCTTAC,CD4+ T cells
L1_ATTTCTGGTAGCGTAG,CD4+ Naive T cells
L4_ACTTCCGAGCCTAGGA,Proliferating cells
E2L7_TCCTTCTCACAGTATC,Plasmacytoid Dendritic Cells
E2L2_CTGTAGATCTTGAACG,B cells
E2L1_ATCACTTGTATCTTCT,CD4+ Memory T cells
E2L2_GGCACGTCAGAGAATT,B cells
E2L5_GCGAGAATCCTGTTGC,CD8+ T cells
L1_TCGACCTCACTCTGCT,CD4+ Naive T cells
E2L2_CGGACACAGTAGACAT,NK cells
E2L2_AGATAGATCCCATTCG,B cells
L2_GGATGTTAGTATGTAG,CD4+ Naive T cells
L3_AGTGATCGTGTACAGG,CD8+ T cells
E2L2_GCCAACGTCGAGTGAG,CD4+ Memory T cells
L2_ATGGGAGGTGACACAG,NK cells
L4_GTGCAGCCAGCATTGT,CD4+ Naive T cells
E2L5_GGGCGTTCAGACAATA,CD14+ Monocytes
L4_CTCCTTTCATTGGATC,CD4+ Naive T cells
L3_TGGAGAGCACCAACAT,B cells
L5_TGTACAGTCCTGGTCT,HSPCs
L4_GTTATGGCAAGACGGT,CD4+ Naive T cells
L1_CACAGATCATGGCACC,CD4+ Naive T cells
L2_GCAACATTCAGCGGAA,CD4+ Naive T cells
L4_AGTACTGTCTTGATTC,CD4+ Naive T cells
E2L6_TGTTCCGCACCGGCTA,Conventional Dendritic Cells
L3_TTGGATGGTCGTGGAA,CD4+ Naive T cells
L1_AGGTGTTAGCCTATCA,Proliferating cells
E2L8_TGTAAGCCATGGAATA,CD14+ Monocytes
E2L7_GTTCTATTCAGATGCT,CD8+ T cells
E2L3_TTGCCTGGTTCCTAAG,CD4+ Memory T cells
L3_CCTCATGTCCACATAG,CD4+ Naive T cells
L3_GTGGCGTAGCTGAGCA,Proliferating cells
L5_ATTACTCCACTACTTT,HSPCs
L1_GCCGATGTCGATTGGT,CD4+ Naive T cells
E2L8_GTTCCGTTCGACCTAA,B cells
L5_CGTAAGTCAGTATTCG,NK cells
E2L3_ATGAAAGCAGCAGGAT,Proliferating cells
E2L8_GAATAGATCCGAGGCT,B cells
E2L8_TGGCGTGAGGACGCAT,CD4+ Memory T cells
E2L5_CCTAACCCAGGGAATC,Platelets
L5_CCCAACTTCACCGGGT,NK cells
E2L2_ACTGATGGTTAGTTCG,Proliferating cells
L5_CTACAGAAGGATATGT,CD4+ Naive T cells
L4_GACAGCCGTGATAGAT,CD4+ Naive T cells
E2L6_AACCTGAGTCTCCTGT,FCGR3A+ Monocytes
E2L6_ATGATCGAGAACAAGG,FCGR3A+ Monocytes
E2L5_TCTCCGACAGAGCCCT,CD4+ Memory T cells
L5_CTAGGTATCTACCTTA,CD8+ T cells
L3_TGTGAGTCATCACGGC,CD4+ Naive T cells
E2L3_GTGGAAGAGTCCTGTA,CD14+ Monocytes
L1_TCCTGCAAGACGGTCA,CD14+ Monocytes
L1_ACCGTTCGTTGTTGAC,CD4+ T cells
E2L1_AGAGCAGTCGACGACC,CD4+ Memory T cells
L4_TGACAGTTCTTCGTGC,CD8+ T cells
E2L4_CCTTTGGGTCGGCACT,CD8+ T cells
E2L3_GCACGGTGTAGTCGTT,CD8+ T cells
E2L4_TGTCCTGGTCGTCGGT,B cells
L3_GACCCAGCATCCCACT,Plasmacytoid Dendritic Cells
L2_TCACACCCAGTTAAAG,CD4+ Naive T cells
E2L7_CCTAAGAGTCAACCTA,Plasmacytoid Dendritic Cells
L2_TGTACAGGTCTTACTT,CD14+ Monocytes
E2L8_GCTACAATCTCTGCCA,CD4+ Memory T cells
L5_AAGACAATCCGGTAGC,CD4+ Naive T cells
L2_AGCCACGAGACATACA,CD14+ Monocytes
E2L3_GGTGTCGTCTGAGAGG,CD8+ T cells
E2L3_AGGATCTTCTCATGCC,B cells
L4_TTGGGATCACTAGAGG,CD4+ Naive T cells
E2L3_CCGTAGGAGCCACTCG,CD4+ Memory T cells
L4_AAAGGATAGCCGAACA,Plasmacytoid Dendritic Cells
L3_ACCACAATCCTACGAA,B cells
L3_TGCTGAATCCGCAGTG,NK cells
L4_ACTCTCGTCCGATGTA,CD4+ Naive T cells
E2L2_TCTCCGAGTACGTACT,CD8+ T cells
L2_TTACGTTGTGATTCAC,CD14+ Monocytes
L1_AAAGTCCTCCAACCGG,CD4+ Memory T cells
E2L2_TCACTATGTGATGAAT,CD4+ Memory T cells
L1_CGGGCATAGACTACCT,CD4+ Naive T cells
L2_CAGTGCGGTAGATTGA,CD4+ Naive T cells
L5_CAGGCCAGTCCCGCAA,CD4+ Naive T cells
L4_GTGCTTCGTTGTTGAC,HSPCs
E2L4_GTTACAGTCGCGAAGA,Proliferating cells
E2L7_GTTTGGAGTGATGGCA,B cells
L2_GACATCAAGCATCAGG,CD4+ Naive T cells
E2L1_CATCCACGTCCGGACT,FCGR3A+ Monocytes
E2L1_TCCAGAAAGGCATCAG,NK cells
E2L5_CAGATCACAAAGGGCT,Platelets
E2L1_TTGACCCTCAACTTTC,CD8+ T cells
E2L5_CGGAACCTCAATCTTC,CD4+ Memory T cells
L1_CGGGCATGTAATGTGA,CD4+ T cells
E2L1_AACCACATCTATGTGG,NK cells
E2L4_TGACTCCCATAGGAGC,CD4+ Memory T cells
L4_AACCTGACACTCCGGA,NK cells
L3_GACGCTGCAGAGATTA,HSPCs
E2L7_CGCAGGTGTAAGGCCA,B cells
E2L8_CATTCTAGTGTCCTAA,Plasma cells
E2L7_AGTCATGGTGTCCAAT,FCGR3A+ Monocytes
L2_TATATCCTCTGGACTA,CD4+ Naive T cells
E2L8_ATGATCGTCTTACCAT,CD4+ Memory T cells
E2L2_TCATTGTGTTCCCACT,CD4+ T cells
E2L1_ATGGGAGCATGACACT,CD8+ T cells
E2L2_ATCAGGTAGGGTGGGA,CD4+ Memory T cells
E2L7_GTTGTGAAGTAACGAT,Plasma cells
L3_GGAGATGTCTCGGGAC,CD4+ Naive T cells
E2L5_GATGTTGGTAGAATGT,HSPCs
E2L1_AGGATCTAGAACAGGA,B cells
L1_TCAAGACGTTACGGAG,FCGR3A+ Monocytes
L4_CGGGTGTCACGGCTAC,Plasmacytoid Dendritic Cells
E2L5_AAAGGATTCGGTGTAT,CD4+ Memory T cells
L3_CGTTCTGGTAGCGTCC,CD8+ T cells
L5_ATCGGCGAGAGAGTGA,T cells
E2L2_AGTCACACATAGAGGC,B cells
L2_GTAGAGGCACCGAATT,HSPCs
E2L6_AGGGCTCAGCTGACAG,CD4+ Memory T cells
L2_GGGAAGTTCCATTTCA,CD4+ Naive T cells
L3_CATCGCTCATTCACAG,CD4+ Naive T cells
L1_TAGAGTCCACATGGTT,B cells
L5_TACAACGCAACGTAAA,CD4+ T cells
L1_GTTCTATCAGCGAGTA,CD8+ T cells
E2L2_TCATTCAGTGGAAATT,CD4+ Memory T cells
L1_GGTGTCGGTTAAGAAC,B cells
E2L1_ACGGTTATCCGTGTAA,B cells
E2L4_CTCATCGAGATTTGCC,NK cells
E2L1_TGGAGAGGTCCGGCAT,CD4+ Memory T cells
E2L6_TCCTTCTCATTGGGAG,B cells
E2L2_CATGGTAAGTCTAGAA,CD4+ Memory T cells
E2L1_CATCAAGAGGGCAGGA,FCGR3A+ Monocytes
E2L6_CATACCCCAGAGTTGG,CD4+ Memory T cells
E2L5_AACACACGTCTAGATC,CD14+ Monocytes
L1_TGACTCCCAGCTCTGG,CD14+ Monocytes
L3_GATCGTAAGGTTGACG,CD4+ T cells
E2L6_CAATTTCTCTGGGCCA,CD4+ Memory T cells
L2_GCAGTTATCTAACGCA,CD4+ Naive T cells
L1_TTGCTGCAGCCTCTGG,CD4+ Naive T cells
L3_TTGATGGTCAAACCCA,CD14+ Monocytes
E2L6_GATCATGGTCAGACTT,NK cells
E2L4_GCTCAAACATGTGGCC,CD8+ T cells
E2L3_CTTCTAATCCGTACGG,CD14+ Monocytes
L4_TTCACGCGTTACAGCT,B cells
L3_AGAACCTAGCCTGTCG,CD4+ Naive T cells
E2L3_TCGGTCTCAATGAACA,CD14+ Monocytes
L5_CATCAAGCAGCGCTTG,CD4+ Naive T cells
E2L3_CATAAGCCACGAAAGC,CD14+ Monocytes
L1_CCGGACAGTTTCGATG,CD4+ Naive T cells
L2_TACCTCGTCCGTTGGG,CD4+ Naive T cells
L2_TACCGAAGTGTTGATC,Plasma cells
L5_AAGACAAGTGGACTGA,B cells
E2L4_CTGAATGAGGCGTTAG,CD4+ Memory T cells
L1_TCGTGCTAGATTGCGG,NK cells
L4_ACGTTCCTCAAAGCCT,HSPCs
E2L3_CAACCAAAGCTTCATG,CD14+ Monocytes
L1_TCTGGCTAGACCGCCT,CD4+ Naive T cells
L5_GGGAAGTCAGGGCTTC,CD4+ Naive T cells
L5_TTATTGCTCCTGGGAC,Platelets
L4_ACACGCGAGTCGTCTA,CD4+ T cells
E2L8_GACCGTGCAACTCATG,NK cells
E2L6_CTACCTGGTCGGATTT,B cells
E2L5_GCATCTCTCGAAGCAG,CD4+ Memory T cells
L1_GATTGGTTCGCCTTGT,Plasmacytoid Dendritic Cells
L2_ACTGCAATCTACGCGG,Proliferating cells
E2L8_ATGAAAGTCCATTGGA,CD4+ Memory T cells
L1_AACTTCTCAGAGGCTA,CD4+ Naive T cells
E2L6_CCGTTCAAGGCATGGT,CD14+ Monocytes
E2L2_GTTGCGGTCTACTCAT,CD8+ T cells
L4_TTACTGTCACTCAGAT,FCGR3A+ Monocytes
E2L4_GTCGCGACAGAAGTTA,B cells
L5_GGAAGTGAGTCCGCGT,CD4+ Naive T cells
L5_TCTACCGCAACTAGAA,Conventional Dendritic Cells
E2L6_GGCTTTCTCAAATGCC,CD4+ Memory T cells
L3_TACAGGTTCCTGGGTG,CD4+ Naive T cells
E2L5_CAGATCAAGAGTGTGC,CD8+ T cells
L5_CTCAGAAGTCTTAGTG,CD4+ T cells
E2L8_AATCACGTCTCATGCC,CD8+ T cells
E2L5_TTCCTTCCACTTGGCG,Platelets
L3_GTACAACAGTCACTCA,NK cells
E2L7_TGCGACGTCAAATGAG,CD4+ Memory T cells
E2L7_CTCAATTGTATGGGAC,HSPCs
E2L5_TCTCACGAGCTTAAGA,CD4+ Memory T cells
E2L7_GCTACAACATGGGCAA,CD8+ T cells
L5_CTAAGTGAGCATGATA,CD4+ Naive T cells
E2L4_TGGGATTTCCAGTTCC,CD4+ Memory T cells
L2_TTCGATTTCCACGGAC,CD4+ Naive T cells
L1_AGGCCACTCAATCTCT,HSPCs
L4_CCGTAGGAGGGAGGGT,CD8+ T cells
E2L5_TCCATCGCATGCCGGT,CD8+ T cells
E2L1_AGACCCGGTTGTGCAT,Proliferating cells
L2_CTCCATGCAATTGTGC,CD14+ Monocytes
E2L3_CCACGTTAGGCATTTC,B cells
E2L2_ATTCAGGTCCTCGCAT,Platelets
E2L6_GGTGATTTCTTCGGAA,NK cells
E2L4_GGGATGAGTGAGCGAT,CD14+ Monocytes
E2L6_TACACCCGTTTCGGCG,B cells
E2L1_GTCACTCGTGCGTTTA,CD4+ Memory T cells
E2L2_TGCTTGCGTCGAGATG,CD14+ Monocytes
L1_GAAACCTAGCAGCGAT,CD4+ Memory T cells
L4_CACCAAACAGGCACTC,CD4+ Memory T cells
L5_ATCGTGAGTCGAATTC,Proliferating cells
E2L5_TCTACCGGTTCTCCTG,Conventional Dendritic Cells
E2L2_GTAGGAGCATGGGTCC,Plasmacytoid Dendritic Cells
E2L4_ATCCACCAGAAGTCTA,B cells
E2L6_GAGTTTGTCTGAGAAA,Plasma cells
E2L3_GAATAGAGTGGGCTCT,FCGR3A+ Monocytes
E2L8_TGCTTGCTCATTGAGC,CD14+ Monocytes
E2L2_GGAACCCCAAGGTCAG,CD4+ Memory T cells
E2L4_TCCCAGTCACAGTCAT,Proliferating cells
L3_CTCTCAGGTACCCGCA,Plasmacytoid Dendritic Cells
L5_GTGATGTCACTTGGGC,CD4+ Naive T cells
L4_ACGGTCGAGGAACATT,CD4+ T cells
E2L5_GCCGATGCATGTCTAG,CD4+ Memory T cells
E2L4_GATCCCTAGAGCAGTC,Platelets
E2L4_AATTTCCGTTGATCGT,Conventional Dendritic Cells
E2L2_CACTGAAAGAGGATGA,NK cells
E2L7_GTGTTAGCACGTTCGG,CD4+ Memory T cells
L1_GTTTACTAGTGGTGGT,Plasmacytoid Dendritic Cells
E2L6_GTGCTGGTCAATGCAC,Plasma cells
E2L1_CTGAATGAGCGGGTTA,Platelets
E2L4_TCGCTCATCGGCATCG,CD4+ Memory T cells
E2L8_CTGAGGCAGCGTATGG,B cells
E2L7_GGTGATTAGAGTAACT,CD4+ Memory T cells
L5_GCCGTGAGTTTCAGAC,CD4+ Naive T cells
L2_CACTGAAAGGTACAAT,FCGR3A+ Monocytes
L4_AACAAAGGTACGAAAT,CD14+ Monocytes
E2L6_AGTGACTAGCGTTCCG,CD8+ T cells
E2L6_AAACGCTCATAATGCC,NK cells
E2L1_GAACTGTCAAGCCATT,Proliferating cells
E2L5_CCGTAGGCAGTTCCAA,B cells
E2L8_GCACGTGCACAACGAG,Platelets
L5_TTACCATTCTTACCGC,CD4+ Memory T cells
L2_TTCATGTTCGCGTTTC,CD14+ Monocytes
L4_GCAGTTAAGGCTTTCA,Plasma cells
E2L3_ATCGCCTAGTGGATTA,B cells
E2L4_CACTGGGAGTGCGTCC,CD4+ Memory T cells
L3_ATGAGGGGTTTGATCG,NK cells
E2L6_TCTCACGAGAACCGCA,CD8+ T cells
L1_CGAATTGTCGTTCTCG,Plasmacytoid Dendritic Cells
E2L8_GTCATTTCACAGTATC,T cells
L1_TCTTAGTGTCACTTCC,HSPCs
L2_TCATGTTGTCTAGTGT,HSPCs
E2L3_CTATCCGGTACCGTGC,Proliferating cells
L5_TCAAGCAGTGCATCTA,CD4+ Naive T cells
L1_GTCTTTAAGGACAGTC,B cells
E2L4_ACAGCCGGTACTCCCT,B cells
E2L7_AGCCAATAGACGTCCC,B cells
E2L6_TGTGATGCACAACGTT,NK cells
E2L6_TTGGGTATCATGGAGG,CD4+ Memory T cells
E2L2_GGAACCCGTATGTCTG,Proliferating cells
L2_ATCCTATTCCCTATTA,Proliferating cells
L3_CTTCGGTGTACGACAG,CD4+ Naive T cells
E2L7_TCAAGCATCATTTCGT,CD8+ T cells
E2L1_CCGTTCATCTACCACC,CD14+ Monocytes
E2L7_GGAGGTACAATGAGCG,Plasmacytoid Dendritic Cells
L2_CCTCAGTGTCCCTAAA,Proliferating cells
E2L2_CCCTCTCCAGTTACCA,FCGR3A+ Monocytes
E2L7_GTTAGTGTCTACTGCC,CD4+ Memory T cells
E2L8_GGCTGTGCATAAGCAA,CD4+ Memory T cells
L5_ATGCCTCTCGATTTCT,B cells
E2L6_GGTGTTAAGCAACTTC,CD14+ Monocytes
E2L1_AGCATCATCGATGGAG,CD4+ Memory T cells
L1_TCACATTTCTCGTCGT,CD4+ Naive T cells
E2L6_TGCTTCGCACGACGAA,B cells
E2L5_GGGTTTACAGGGTCTC,CD4+ Memory T cells
L1_GGGAGATGTTGGGCCT,CD4+ Naive T cells
E2L7_TGCGGGTGTTTGGCTA,CD4+ Memory T cells
E2L4_ATGCATGCAGCTTCCT,FCGR3A+ Monocytes
E2L4_TGTTCATGTCCGAAGA,CD4+ Naive T cells
E2L1_CTGGCAGCACAGTCAT,B cells
E2L2_CAAGCTATCCGTGCGA,CD4+ Memory T cells
E2L8_TTGTTGTTCTCTGCCA,FCGR3A+ Monocytes
E2L6_TTTCAGTTCCCGGTAG,B cells
E2L1_GGTTCTCAGGTATAGT,Platelets
L1_GGTAGAGAGCACCGAA,CD4+ Naive T cells
L1_TGAGGTTGTCGAGCAA,HSPCs
E2L7_TAGAGTCCACTAGGCC,CD14+ Monocytes
E2L1_CCAATTTCAAGAGATT,B cells
E2L6_CCAAGCGCACCTGCGA,CD14+ Monocytes
L2_CGGAGAATCTTAAGGC,CD4+ T cells
E2L2_ATTCATCCAAGGCCTC,Proliferating cells
E2L3_CCGGTGATCCTTGACC,CD8+ T cells
E2L7_TGAGGGAAGCGAGGAG,CD8+ T cells
E2L2_TAGTGCACACGTGTGC,NK cells
L2_ACCTGAACAACTAGAA,NK cells
L5_AAAGAACCAGTGTGGA,T cells
E2L1_AGCCAGCAGCTGCCTG,CD4+ Memory T cells
L2_ATTACCTCAGCTACCG,CD4+ Naive T cells
L5_AACCTGAAGGATTTGA,CD4+ Naive T cells
L1_GGGAAGTAGGTCGTAG,CD4+ Naive T cells
E2L6_CAAGACTAGTGCGCTC,CD4+ Memory T cells
E2L1_GCTGCAGTCAAAGGAT,NK cells
L5_TGCGACGCAAGCGCAA,CD4+ Naive T cells
L1_CGGAACCTCCATACTT,NK cells
L5_GCAGCTGCAGCTTCCT,B cells
L4_AAGACAACACAGACGA,Conventional Dendritic Cells
E2L4_AGGACGACACGACTAT,CD8+ T cells
L2_GTTGAACCAAGTGCTT,NK cells
L4_TCACTCGTCATACAGC,CD4+ Naive T cells
L5_AGAAGCGGTAGAATAC,NK cells
L1_GTTGAACAGCGTCTGC,HSPCs
L2_GGGTCACAGGAAGTCC,HSPCs
E2L1_TCGCAGGAGCGACTTT,CD4+ T cells
L1_ACGGTCGTCTCGTGAA,Erythrocytes
E2L1_TCGACGGGTATGATCC,CD4+ Memory T cells
E2L5_ACCTACCAGTGAATAC,CD8+ T cells
L2_TAAGCCATCGGTGAAG,FCGR3A+ Monocytes
L2_CCCTAACTCTCTTAAC,B cells
E2L1_TGGATGTGTTATAGCC,CD8+ T cells
L1_GTAGAGGAGGACACTG,HSPCs
L4_GGGCGTTCAAATACGA,Plasma cells
E2L2_TGATTCTGTGACTGTT,Proliferating cells
E2L5_TGTGGCGGTAATGATG,CD8+ T cells
E2L5_CGAGAAGGTTGACTGT,CD14+ Monocytes
E2L5_GCTACCTTCCTTCACG,Proliferating cells
L3_TGACAGTCATCAGCTA,CD4+ Naive T cells
L2_TCTTAGTAGGCTTAAA,FCGR3A+ Monocytes
E2L5_AGAGAGCCAGAGATTA,CD4+ T cells
E2L6_TTCGCTGGTCATTCCC,Platelets
L3_TGTAACGGTACGGGAT,CD4+ Naive T cells
L2_CTGCCTATCACGATCA,FCGR3A+ Monocytes
E2L6_CGAATTGCATTCTGTT,CD14+ Monocytes
E2L4_AACCCAAGTCTTCTAT,Proliferating cells
E2L7_TACTTACAGATGCCGA,CD14+ Monocytes
L2_TTTGGTTCATCATGAC,B cells
L5_GGAGCAACATCGAGCC,CD4+ Naive T cells
L1_ATACCGACAACGAGGT,CD4+ Naive T cells
L3_GAGTGAGGTAATGATG,Proliferating cells
L1_CAACCTCGTCGAGTGA,B cells
E2L4_TACCTCGGTACCTAAC,CD4+ Memory T cells
E2L4_GGGAAGTAGTCATTGC,CD14+ Monocytes
L1_ATTCACTAGACCTTTG,CD4+ Naive T cells
L2_TGCTCGTAGCACTCCG,CD4+ Naive T cells
E2L2_CTTCGGTAGGGTGAAA,CD8+ T cells
L3_GTGCAGCTCGGCCCAA,Plasmacytoid Dendritic Cells
E2L3_AACCAACGTACAGGTG,NK cells
E2L4_CCCTCAACAAGCCTGC,B cells
L5_TGATTTCAGTCTGTAC,CD8+ T cells
L1_TTCTTGACAATAACGA,Erythrocytes
L1_AGTAGTCAGTTGTCAC,CD4+ T cells
E2L1_ACTTAGGGTTGTCTAG,FCGR3A+ Monocytes
L5_CACTGAACATGTTCGA,CD8+ T cells
L4_CAGCCAGCAGAAATTG,FCGR3A+ Monocytes
L5_TTCTAGTGTGCTCTCT,CD4+ Naive T cells
E2L2_TTGCATTTCCGGTAAT,Proliferating cells
L3_TCTTCCTAGACGGTCA,CD4+ T cells
L5_GGTAACTGTAACGATA,Proliferating cells
L5_GAGTTGTCAAGGCCTC,CD4+ Naive T cells
E2L5_CACACAATCATATGGC,NK cells
L4_GTCGCGACAGAGACTG,B cells
E2L5_CAGGCCACAAGTGTCT,CD14+ Monocytes
E2L2_ATGGGAGGTATGGAAT,CD4+ Memory T cells
E2L3_CAACGGCAGTAATACG,NK cells
E2L5_TAAGCACCATTCGGGC,B cells
L3_GTCATTTAGTAGAGTT,CD4+ Naive T cells
E2L3_GAAGGACAGCCACCGT,CD14+ Monocytes
E2L6_CTCCCAACACACTTAG,NK cells
E2L8_GAAACCTAGCTAATCC,B cells
L1_TCAGTGAGTCTTCCGT,Proliferating cells
E2L3_CTATCTATCGCAACAT,CD8+ T cells
E2L3_TGAGGAGTCCGTGGGT,Plasmacytoid Dendritic Cells
E2L6_CGGGCATTCGCATAGT,NK cells
E2L8_TCCTCCCGTAGCTTGT,B cells
E2L8_TCAGTCCCAACCCGCA,B cells
L1_GAGATGGTCGTAACCA,CD4+ Memory T cells
E2L7_GACCAATAGACTCAAA,T cells
E2L3_TTCTAGTCAACCACGC,T cells
L2_ATCGGATGTAGACGGT,CD4+ Naive T cells
E2L6_ACTATTCGTTGCTGAT,CD8+ T cells
L2_GAAGCCCGTCTGCAAT,CD4+ Naive T cells
E2L8_CTCCATGAGGCTTAAA,B cells
L4_ACGCACGAGCGTGAGT,CD14+ Monocytes
E2L3_ACTGATGAGGATACGC,B cells
E2L4_AGGAATACAAGTATCC,Plasma cells
E2L6_CTGCTCAAGCTCTATG,CD14+ Monocytes
E2L2_GTTAGACGTTATGACC,CD4+ Memory T cells
E2L1_GTCCTCAAGTCCTGTA,NK cells
L2_GACTCTCTCCACAAGT,CD8+ T cells
E2L7_TGTACAGAGAGCGACT,CD4+ T cells
L4_GTAGAGGAGATTCGCT,B cells
E2L6_TCAATCTAGGTCTTTG,T cells
E2L8_TGAGGGACAATACAGA,NK cells
L3_GATCAGTCAGTGTATC,CD14+ Monocytes
L1_TGGCGTGGTCCCACGA,CD14+ Monocytes
E2L6_TAAGCGTCACTCCTGT,CD4+ Memory T cells
L5_CAGCCAGCATAATCCG,CD4+ Naive T cells
E2L1_GTGGAAGAGGATATAC,Platelets
L1_CTAGGTATCGCCGAGT,CD4+ T cells
E2L3_CAGCAATTCGTAGGAG,NK cells
L2_CTACTATGTGATCATC,NK cells
L2_TTCACGCTCCACACAA,CD8+ T cells
E2L1_GCAGCCAAGACTCTTG,NK cells
E2L5_ACTTATCAGCTCTGTA,CD8+ T cells
L2_CACGTTCCATCCGGTG,CD8+ T cells
L4_CGAAGGACAAAGCACG,B cells
L1_AATGAAGTCGCAATTG,CD4+ Naive T cells
L2_GGTTCTCTCCGCCTAT,B cells
L5_GTGTGATAGAAATTGC,CD4+ Naive T cells
L5_AAACCCATCTTGGATG,CD14+ Monocytes
L1_CGTGATACACGACAGA,Conventional Dendritic Cells
L2_TTGTGGATCTCCAATT,CD4+ Naive T cells
E2L1_ACTATGGTCTGATGGT,T cells
L5_CATTCCGGTGAGATTA,CD4+ T cells
L5_TGTCCACGTTCTCTAT,B cells
E2L4_CTAGACAGTACTGGGA,B cells
E2L1_GGTAGAGTCCCATAAG,CD8+ T cells
L4_AAGCGTTGTAGCGTCC,CD14+ Monocytes
L1_CACCAAAGTCAAAGAT,CD4+ Naive T cells
L1_TCAAGCATCGTAGTGT,CD4+ Naive T cells
L2_CTGCATCCAAGACCTT,CD14+ Monocytes
E2L6_CCGTGAGTCATCGCCT,CD8+ T cells
E2L8_CTGAGGCAGATTAGTG,NK cells
L4_GAGCCTGGTCTAGGTT,CD4+ Naive T cells
L1_CGTAGTACAACGGCTC,CD4+ Naive T cells
L4_GCAGGCTGTGCCGTAC,CD4+ Naive T cells
L4_GTGAGGACAGTTAGAA,CD4+ Memory T cells
E2L5_TCCCAGTCAAGACCTT,CD8+ T cells
E2L8_TCTGGCTCACAGAGCA,CD14+ Monocytes
L1_TGTAAGCCAGCTACTA,CD8+ T cells
L2_TGTAACGGTGAAGCTG,NK cells
E2L3_TCCTAATCAACAAGAT,CD4+ Memory T cells
E2L8_AAGGTAATCATTTGGG,CD4+ Memory T cells
L2_CTCCCTCGTCCAAGAG,Plasma cells
L4_AGCGATTTCACGTCCT,B cells
L2_AATGGCTGTCGAATGG,B cells
E2L6_CTGCATCTCCGGACTG,B cells
E2L6_TGTAGACGTTCCGCTT,CD4+ T cells
E2L6_AACCATGAGGACATCG,CD4+ T cells
E2L1_TCAGCAACATGTCAGT,B cells
L4_GATGTTGTCGTTGTTT,CD4+ Naive T cells
E2L6_CATGGTAAGTCGAAGC,T cells
E2L8_GTTACCCCAGAACCGA,CD4+ Naive T cells
L5_GGATCTAAGTTCGCAT,Plasmacytoid Dendritic Cells
E2L2_GACTTCCTCGTTGTTT,B cells
E2L2_CAGAGCCCATGGGATG,NK cells
E2L2_GAAGCGACAATCTCTT,Proliferating cells
L4_ACGGTTATCAATCCAG,CD4+ Naive T cells
E2L2_CTCTGGTGTCTCGCGA,CD4+ T cells
L5_CTCCCTCAGGAATCGC,NK cells
E2L5_TACCGGGAGGTCACTT,CD8+ T cells
E2L1_GGAGATGGTACCATAC,B cells
E2L8_GTCAAACTCGAGAAAT,Plasmacytoid Dendritic Cells
E2L7_GAGATGGAGTGCACCC,CD8+ T cells
L1_GACCAATTCTCGGCTT,NK cells
L4_TTGGGCGCATGATAGA,CD4+ Naive T cells
E2L1_GCCCAGATCGTGCTCT,Proliferating cells
L2_GACTCTCGTCCGCAGT,CD4+ Naive T cells
E2L1_TTCCGGTCATGAATAG,FCGR3A+ Monocytes
L1_AAGTACCGTGAGGAAA,Plasma cells
E2L2_CGTGAATAGTCACTCA,Plasma cells
E2L6_GGGACTCTCCAGTGTA,CD8+ T cells
E2L3_TTTCGATGTGGCGTAA,NK cells
E2L3_GTGAGTTCAGTTGTTG,CD4+ Memory T cells
L3_AGGGCTCTCCGTGCGA,B cells
L1_CTGGACGGTGACTATC,B cells
L1_TGGTACACATGACACT,CD4+ Naive T cells
E2L6_CCCGGAATCCTACCGT,CD4+ Memory T cells
E2L1_TCGACGGGTGCCGAAA,HSPCs
L3_AGGCTGCTCCAGCAAT,B cells
E2L2_TGTTCCGCAAAGAACT,CD4+ Memory T cells
E2L2_AAGCGTTGTAACATGA,CD8+ T cells
E2L7_TGGGAGACAGAACTTC,CD4+ Memory T cells
E2L6_CTTACCGTCTCAGTCC,Proliferating cells
L1_TTGACCCAGATTGCGG,CD4+ Naive T cells
E2L8_AATAGAGCAATTCTTC,B cells
E2L7_ATACCGACAACTTGCA,CD8+ T cells
E2L7_ACTGCAATCAGGCGAA,Proliferating cells
E2L1_ACATGCAAGACGCAGT,CD14+ Monocytes
L3_GGGTAGAGTTGTAGCT,Plasmacytoid Dendritic Cells
E2L1_GACTTCCGTCCATACA,CD14+ Monocytes
L1_CTAGACACAACTTGCA,HSPCs
E2L8_AAGACTCTCGCTCATC,CD14+ Monocytes
E2L5_GTAATCGCATGATGCT,CD4+ T cells
E2L8_CTATAGGTCCTTCTAA,FCGR3A+ Monocytes
L1_GGAATGGCATACCAGT,CD4+ T cells
L2_TTCCGGTGTACTCGTA,CD14+ Monocytes
L2_ACGATCAAGTGAGCCA,HSPCs
L5_ACTTATCAGAAGCGAA,CD4+ Naive T cells
L3_TGTAACGTCCTAAACG,CD4+ T cells
E2L4_TCGCTTGTCTGGGCCA,Platelets
E2L4_GAGTGAGCATCTTAGG,FCGR3A+ Monocytes
L2_GTCATCCGTGGCGCTT,HSPCs
L2_CATAGACTCCAGCTCT,CD8+ T cells
E2L5_GGCGTCACAGTCTTCC,CD8+ T cells
E2L6_TCCCACAAGCCATTTG,NK cells
L2_CCGGTGAGTGCTGTCG,B cells
L4_ATCGTGACAAGCCTGC,Conventional Dendritic Cells
E2L8_TCCCACAAGGGTGGGA,Proliferating cells
E2L6_ATCGGCGCAGTTCACA,CD14+ Monocytes
E2L2_AGAACCTGTTATCTGG,Plasmacytoid Dendritic Cells
L5_CCCTGATAGAGAGTGA,CD4+ T cells
E2L2_TCAGTTTCACAGCCTG,CD8+ T cells
E2L6_CCTGTTGGTTAGGAGC,B cells
E2L8_CTACAGAGTGGATTTC,Plasma cells
E2L5_ATCCTATAGGCTGGAT,NK cells
L5_CTACGGGCACGACGAA,B cells
E2L6_AGGGTGAGTGATATAG,FCGR3A+ Monocytes
E2L3_CATCGTCCATTCACCC,CD4+ Memory T cells
E2L8_TCTACCGCAAGAGCTG,Plasma cells
L5_GTATTGGCAGACTCTA,CD4+ Naive T cells
E2L1_TGTTCATTCCACTTCG,CD8+ T cells
E2L7_CAGCCAGGTATTCCGA,Plasmacytoid Dendritic Cells
E2L7_CCTACGTCAACACTAC,B cells
L5_CGGAGAACATCTCAAG,T cells
E2L3_AAAGTGAGTGACCTGC,B cells
E2L6_CGTTGGGGTATATGGA,CD4+ Memory T cells
L5_GTGTTCCAGAAACACT,CD4+ T cells
E2L5_AACGAAAGTTCTCTCG,CD4+ Memory T cells
E2L8_ATACTTCAGCACTCGC,Proliferating cells
L5_AAACCCAGTTCTAAGC,HSPCs
L2_GCTCAAATCCCGGTAG,Plasmacytoid Dendritic Cells
L4_CATCGTCAGGTCCCTG,CD14+ Monocytes
L3_ACCATTTAGTCACTGT,CD8+ T cells
E2L7_AATGCCAAGATGAAGG,CD4+ Memory T cells
L5_GTGTCCTAGCGGGTTA,CD4+ Naive T cells
L4_TTGCATTCATTAGGCT,CD8+ T cells
E2L2_TGACCCTAGATTGGGC,FCGR3A+ Monocytes
L5_TAGATCGGTGCCGTTG,CD8+ T cells
E2L8_GTGATGTCACAGAGAC,Conventional Dendritic Cells
E2L4_TCCGTGTCAATACGCT,CD8+ T cells
E2L1_TAACACGGTGCATTAC,CD4+ Memory T cells
E2L5_TTCTCTCCAAGTAGTA,NK cells
E2L5_CGAAGTTGTCCTGGTG,Proliferating cells
E2L5_CGTCCATGTTAGGGTG,CD4+ T cells
E2L1_TTCTCTCGTCTAGGTT,CD8+ T cells
E2L4_AATTTCCGTTGTGCCG,CD4+ Memory T cells
E2L5_GACCCAGTCCCTCAAC,Conventional Dendritic Cells
E2L2_TGCTTGCCATGTACGT,NK cells
L5_TTCGCTGGTGCGGTAA,CD4+ Naive T cells
L3_CGAGGCTAGCAGAAAG,CD4+ Naive T cells
L4_GATTCTTTCCTCTCGA,B cells
E2L8_CTCATCGCATGTTTGG,NK cells
L1_TGAGGTTCATTGCTTT,HSPCs
L4_ACGTAGTTCGCCAATA,CD14+ Monocytes
L4_CGGCAGTGTACAACGG,CD8+ T cells
E2L4_GACGCTGAGACTGTTC,B cells
L5_TTGCTGCAGACAGCTG,NK cells
E2L6_TCGTGGGCACTAGAGG,B cells
E2L4_AGATCGTAGCTTCTAG,CD8+ T cells
E2L5_ACGTAGTCATCAGCAT,T cells
L2_TTACAGGGTTCGGTAT,Erythrocytes
E2L4_AGACAGGAGGTAATCA,B cells
E2L6_CGAAGTTTCTGTAACG,CD8+ T cells
E2L2_CTTTCAACAAAGACGC,FCGR3A+ Monocytes
L1_CCTCCTCGTCGGCACT,CD4+ Naive T cells
E2L3_TCCTAATTCAGCGCGT,CD14+ Monocytes
L1_TGAGCATCACATTACG,T cells
E2L5_CATTCTAGTACTCGCG,CD8+ T cells
L5_CCTCTAGGTGGATACG,CD14+ Monocytes
E2L3_CATTGAGCACGAGGTA,CD8+ T cells
E2L3_GTGTGATAGACTCTTG,B cells
L5_GTCGTAAGTGCTCTTC,CD4+ Naive T cells
L3_GTGGGAATCATGAGGG,CD8+ T cells
E2L5_ACAGAAAGTGAGCCAA,NK cells
E2L5_GGGTGTCAGCTTTCCC,CD14+ Monocytes
E2L6_CGAGTGCTCCACTGGG,CD14+ Monocytes
E2L7_GAGTTACGTCATAAAG,CD4+ Naive T cells
L2_TCCGAAAGTTTGAACC,B cells
E2L3_TCTGCCATCTTTCCAA,CD14+ Monocytes
E2L2_CACAACAGTGCAATAA,CD14+ Monocytes
L2_GTGACGCGTTGTGGCC,CD14+ Monocytes
L4_TCCACCAAGCTTACGT,CD8+ T cells
E2L2_CCCTCAATCCTTCTAA,B cells
L2_GCTTTCGAGTTGGAGC,CD14+ Monocytes
E2L7_TGTGATGCATGGTGGA,CD8+ T cells
E2L3_ATATCCTCAAATTGCC,CD4+ T cells
E2L1_TGGAGAGAGGTCACAG,B cells
E2L8_ATCGCCTCAAGTACCT,CD14+ Monocytes
L1_CAGATACTCTAACGGT,CD8+ T cells
E2L8_TTGGGTATCTCATTTG,B cells
L1_ATCACAGGTGTGTTTG,FCGR3A+ Monocytes
E2L4_CGGAACCCACTGTGAT,CD14+ Monocytes
E2L8_GGGATGACATAGCTGT,CD4+ T cells
L5_TCACTCGGTAGTTCCA,CD8+ T cells
E2L5_TACCTCGAGTCATACC,Erythrocytes
E2L7_ACATTTCCAAAGGCTG,B cells
L5_CTCCCAAAGTACAGAT,CD4+ T cells
E2L1_AGACACTGTAACTGCT,Proliferating cells
L5_CGGAGAAAGAATCCCT,HSPCs
L5_AACCTGATCTGATGGT,NK cells
E2L3_CGGACACTCACGGTCG,NK cells
E2L6_GTCCTCAAGAGGGTAA,CD4+ Memory T cells
L4_GACATCACAAACACCT,CD8+ T cells
E2L4_GTACAACGTCAATCTG,CD8+ T cells
L4_ATGTCCCTCCGCAAAT,CD4+ Naive T cells
E2L5_CTTACCGCAGGAGACT,CD14+ Monocytes
E2L7_CAATACGTCTACGGGC,B cells
E2L7_GTAAGTCGTGAGTAGC,CD8+ T cells
E2L1_GGAGGATAGGTCCCTG,CD8+ T cells
L3_CGTGAATTCTTGCGCT,CD4+ Naive T cells
E2L5_TTGAGTGTCGCTGACG,NK cells
E2L4_TAACTTCTCAAGCGTT,FCGR3A+ Monocytes
E2L7_CACTGGGAGACTTCGT,B cells
L5_CAGCGTGGTCTACTGA,CD8+ T cells
E2L5_GGCTGTGTCGAGAACG,CD8+ T cells
L2_GGGAAGTTCTCATTAC,CD14+ Monocytes
L3_AACGTCACAACATCGT,FCGR3A+ Monocytes
L2_AACAAGACAGAGCGTA,Plasma cells
L3_CGTCAAAAGTAGATCA,Plasma cells
E2L6_GTAGAGGGTGGATCGA,B cells
E2L3_GGGAAGTGTAATGCGG,NK cells
E2L7_GTAATCGCAGAGCTAG,NK cells
L2_GTTAGACAGACCTCCG,CD4+ Naive T cells
L5_GAGAGGTCACCAGCTG,CD4+ Naive T cells
L5_TCGGGTGCACCCTTAC,CD4+ Naive T cells
E2L4_AATTCCTCAACGACTT,CD8+ T cells
E2L4_GTTGCTCCACACCAGC,NK cells
E2L3_CATAGACCACTGTGAT,NK cells
E2L4_CGGGTCAAGGAACTCG,B cells
E2L1_ACGTTCCGTCAAGCCC,NK cells
L5_ACAGAAACAGGACTTT,CD4+ Naive T cells
L3_ACCCTCAGTCCGTTTC,CD4+ Naive T cells
L5_GCTACCTTCGTTAGAC,CD4+ Naive T cells
L2_TTCGGTCCACAATTCG,CD4+ Naive T cells
E2L3_AGTGACTGTGGCTAGA,NK cells
L1_TCTTAGTAGGGATGTC,FCGR3A+ Monocytes
E2L4_TGGCGTGTCGTTGTAG,B cells
L3_CCGCAAGCAAGGTCTT,CD4+ Naive T cells
E2L5_ACCAACAGTGGCTTGC,B cells
L1_TTCCGTGGTCGTCAGC,HSPCs
E2L7_GCCAGGTTCGTCCTCA,B cells
L5_AAGCATCAGCTTTGTG,CD14+ Monocytes
E2L1_GGAACCCCAAGGTCAG,CD4+ Memory T cells
L1_TGCCGAGGTCGGATTT,HSPCs
L3_CTGCAGGAGCTAAATG,CD4+ Naive T cells
E2L6_GAAATGAGTGGGCTTC,NK cells
L1_CAAGCTAGTGCATGTT,CD4+ T cells
L1_GGGCTCACACTACCCT,CD4+ Naive T cells
E2L4_GAGAGGTAGGTCCGAA,B cells
E2L7_TGACCCTGTGGACTGA,CD4+ Memory T cells
E2L7_TTACGCCTCTGGGTCG,CD4+ T cells
E2L5_TTCACCGAGGATTTCC,CD14+ Monocytes
E2L4_AGACACTCACAACGTT,CD14+ Monocytes
E2L2_CGGGTGTAGAACTGAT,CD14+ Monocytes
E2L8_CACCGTTAGACTCTAC,Proliferating cells
E2L8_GGGAAGTCAGGTTTAC,NK cells
E2L7_TGTCAGATCACGACTA,FCGR3A+ Monocytes
E2L5_TATCTTGCACTGGAAG,CD4+ Memory T cells
L4_TATTGCTCAGACAAAT,CD4+ Naive T cells
L3_TAGGGTTTCATGCCCT,HSPCs
E2L5_CGGAATTTCCGTGTCT,B cells
L2_CGAGTTATCAGGAACG,CD4+ Naive T cells
L2_AGACAAACAGTGGGTA,CD14+ Monocytes
L2_TGAGTCAGTGATACCT,HSPCs
E2L2_CTCGAGGCAAAGCAAT,NK cells
L1_AGTTCCCAGCAGCCTC,CD4+ Naive T cells
E2L6_TAGATCGAGACGCCCT,Plasmacytoid Dendritic Cells
L5_CTCTCAGCAGCTCGGT,CD4+ Naive T cells
E2L8_TATTTCGAGAGGGTGG,NK cells
E2L5_CAGGCCAGTCCGTTTC,CD4+ Memory T cells
L1_CGAGTGCGTAGGCTCC,CD4+ T cells
E2L4_AGACCATAGACGCCAA,NK cells
L2_AAGCCATTCTCCCATG,CD4+ Naive T cells
L1_CTGCTCAAGCTTTCCC,CD8+ T cells
L3_AGCGATTCAAGTGCTT,CD4+ Naive T cells
L1_ACACTGAAGCAGGGAG,CD8+ T cells
E2L6_CGTTCTGGTTCGGACC,Plasmacytoid Dendritic Cells
L5_GATGACTTCAAGTGGG,CD8+ T cells
E2L3_TTCTAACAGTTTGGCT,NK cells
E2L6_GGTAATCCACCGGAAA,B cells
L1_GAAGTAACACTAGTAC,Platelets
