barcode,cell_type
L3_ACCGTTCCACATATGC,Proliferating T cells
E2L7_GACCAATCAGAGCTAG,Non-classical monocytes
E2L2_TCCGAAAAGAAGCTGC,Platelets
E2L4_TAATCTCGTAGAGATT,cDC2
L5_TATTGCTTCGCTAATG,Memory CD8+ T cells
E2L3_GTAGATCCAACCGACC,Non-classical monocytes
L3_TCCGATCGTGTTTACG,Erythrocytes
L3_TTAGGCACACACCTGG,CD4+ T cells
E2L4_TCGATTTTCTGCTTAT,B cells
E2L5_CGGGTGTTCAACTGAC,CD4+ T cells
L2_CAGCACGTCGAGTCTA,Naive T cells
E2L6_GACTGATTCCGTAGGC,Proliferating T cells
L1_TTAGTCTCATCAGCTA,CD4+ T cells
L1_CTAGGTAGTAGATGTA,Plasmacytoid dendritic cells
E2L1_TGACGCGGTTAAGACA,B cells
E2L5_CAGCAGCTCAAGTTGC,CD4+ T cells
L2_CGTAGTATCGCAGATT,NK cells
L5_CTTGATTTCAGCTAGT,cDC1
L1_AGAACAAAGGAACGCT,Naive T cells
E2L1_CGAGGCTTCTGCGGAC,Memory CD8+ T cells
L4_GGGTCACTCGATAACC,CD4+ T cells
E2L6_GATTTCTGTGAATGAT,B cells
L1_GTTCCGTGTACCGGAA,Proliferating T cells
L2_TGGGAGAGTTCGTGCG,Hematopoietic stem and progenitor cells
E2L1_CTCATTAAGGTCATCT,Classical monocytes
E2L6_CCCTCTCTCGACCACG,B cells
L5_TACGTCCAGAGAGCCT,cDC1
E2L5_AAAGGATCACTCCTGT,Memory CD8+ T cells
L1_ACCCTCAAGGTCCAGA,Effector CD8+ T cells
E2L1_GTAACCATCACGGACC,Memory CD8+ T cells
L1_GTAGTACTCTTCTAAC,Naive T cells
L2_TATCCTATCCCTGGTT,cDC1
E2L1_ATTGTTCAGTATTCCG,cDC2
E2L6_ATCGCCTAGGCTCAAG,Platelets
L2_TCCTCCCTCCGCGATG,Proliferating NK cells
E2L2_ACGGAAGAGATGTTGA,CD4+ T cells
L5_GATGTTGGTACGAGTG,Naive T cells
L5_ATCCATTTCACAAGGG,Non-classical monocytes
L4_GATTCGAGTAGTCTGT,Naive T cells
E2L2_TATCTGTCACCGTGGT,CD4+ T cells
E2L6_AGGGTTTCACAGGATG,NK cells
L5_TCTTAGTCATATCTGG,Memory CD8+ T cells
E2L5_CAGATACAGCCTGAGA,CD4+ T cells
E2L5_CAACAGTTCGGACTGC,NK cells
E2L8_GGCGTCAGTACCTTCC,Effector CD8+ T cells
L2_AACAACCGTAGACGTG,Innate lymphoid cells
L3_GCACGGTGTCGACTGC,Naive T cells
E2L5_AGGTCTATCAGTGTGT,cDC2
E2L4_CTGCCTAGTACCTAGT,Platelets
L2_GAGCTGCGTCGAGCAA,Effector CD8+ T cells
L5_ATCATTCAGAAGGGAT,Naive T cells
E2L8_TAAGCCACACACCTGG,Plasmacytoid dendritic cells
E2L4_TAACGACCAAGCTCTA,Innate lymphoid cells
E2L8_TCATTGTTCGTTGCCT,Innate lymphoid cells
E2L7_CTACCTGAGTCGCGAA,Non-classical monocytes
E2L2_TAGGGTTAGCACTAAA,Classical monocytes
L2_TGGTACAGTGTATCCA,Hematopoietic stem and progenitor cells
L4_GGAACCCAGCTCCACG,NK cells
E2L6_CTCGAGGTCTAAGCCA,Non-classical monocytes
L5_TCGCTTGTCTTACCGC,cDC2
L3_CGTAATGAGTACTGTC,NK cells
E2L4_TTGGTTTAGTATGGAT,cDC1
E2L3_AGGTCATAGCATCAAA,CD4+ T cells
L4_TCTGGCTCATAATGCC,Naive T cells
E2L1_TGACGCGTCCACACAA,Effector CD8+ T cells
E2L3_CTCTCGAGTCCTTAAG,Effector CD8+ T cells
E2L6_CCGTAGGAGGCAGGGA,Memory CD8+ T cells
E2L2_AAAGTGAGTCTGTGAT,NK cells
L1_GATCACATCAAGGAGC,Naive T cells
E2L3_GAGTTACTCACATCAG,Plasma cells
E2L4_ATGCCTCGTTCGGCGT,Effector CD8+ T cells
E2L8_GTACAGTGTAGCACAG,NK cells
E2L8_ACTGTCCAGCTATCTG,Effector CD8+ T cells
L5_AGGATCTAGATCACTC,Proliferating T cells
L1_GGGATCCTCCCTCTCC,Naive T cells
E2L3_AGGATAAAGCGACTGA,Plasmacytoid dendritic cells
E2L4_GGAATCTGTCGTCTCT,Platelets
L5_CACAACATCGTGCGAC,cDC1
L5_CTACCCAAGCGTGCTC,B cells
E2L5_GTTTACTTCTCACTCG,cDC2
E2L7_ACCCTTGGTGCTTCAA,Proliferating T cells
L1_CGTTAGATCTGGTGGC,Naive T cells
E2L4_CGTCCATCATCCGGTG,Effector CD8+ T cells
E2L1_TCCGGGAAGTCATGCT,Plasma cells
E2L4_TGAGACTAGAATTTGG,B cells
E2L1_ATCTCTAAGCACACCC,Innate lymphoid cells
L2_TGTTTGTTCACTTCTA,Memory CD8+ T cells
E2L7_AGCTCAACACACAGAG,Memory CD8+ T cells
L5_CTCCGATGTAGAGTTA,Erythrocytes
L5_GCTGAATCATGATGCT,Memory CD8+ T cells
E2L2_CAGGCCATCTATTTCG,CD4+ T cells
E2L3_GTGCACGCAGTTTCAG,Effector CD8+ T cells
E2L7_TCATTCAAGGACGGAG,CD4+ T cells
E2L2_TGAGGTTAGTGTTGTC,Non-classical monocytes
E2L3_GTAGCTACATCAGTCA,Proliferating T cells
L1_AGGAAATTCCACGTCT,Naive T cells
L3_AATCGACTCCGATAAC,Naive T cells
E2L3_CTTCTAACACAATTCG,NK cells
L3_CATAAGCAGAGGGTGG,Naive T cells
L1_TCATCCGAGTATCTGC,Naive T cells
E2L7_CACGTGGTCTCTGGTC,Platelets
E2L1_TCTCACGTCATTTACC,NK cells
L2_CCTATCGGTATCTCTT,Erythrocytes
E2L1_CGTGATAAGGATTCCT,B cells
L4_TAAGCACAGGCAGGGA,B cells
L5_CACTGAAGTTCGTTCC,B cells
E2L3_TTTGACTCAAGAGGCT,cDC1
L3_TCAATCTTCGTGGCGT,Hematopoietic stem and progenitor cells
E2L2_GCATCGGCAGGGTCTC,B cells
L5_AGGGTCCCAGACGGAT,Naive T cells
L2_CCAATGATCATCGCTC,Non-classical monocytes
L5_TCGATTTCAAATTAGG,Plasma cells
E2L4_TAAGCCACAAGAGATT,B cells
L5_TGTAACGAGATGGGCT,
E2L6_GCGATCGCAATACGCT,NK cells
L4_CTACCCACAGAGAGGG,Effector CD8+ T cells
E2L3_TCGGTCTGTCGCTCGA,NK cells
L4_ATGGGAGCATCTGGGC,Naive T cells
L4_AGTCACAGTGTTCGAT,NK cells
L4_ACTGATGGTAAGATCA,B cells
L1_TGTAGACGTAGTGCGA,Naive T cells
E2L8_AGGTGTTCAACTACGT,CD4+ T cells
E2L2_ATGAGTCTCTTCGACC,Classical monocytes
E2L8_CTGTAGACAGATAAAC,CD4+ T cells
E2L2_GGGTCTGAGAATCGCG,Effector CD8+ T cells
E2L6_GGTCTGGAGTAGTCTC,CD4+ T cells
E2L4_AGCTCAATCTGTCGTC,CD4+ T cells
E2L2_AGAGAATTCATGGATC,B cells
E2L7_CTCAACCAGCCATGCC,NK cells
E2L3_CTCGAGGTCGCTAAAC,Effector CD8+ T cells
E2L5_GAGGCAAGTACTCGCG,Platelets
L5_ACACAGTTCACGGTCG,Effector CD8+ T cells
L3_CTCCGATCAGGACGAT,Erythrocytes
E2L5_TGCTTCGCACAACGTT,Effector CD8+ T cells
L3_ATCGTGAAGTCAAGCG,Hematopoietic stem and progenitor cells
E2L4_ATTCGTTGTGGACTAG,Platelets
E2L7_AGGGTCCGTCACTTAG,CD4+ T cells
E2L2_GTTGAACCACCGTACG,NK cells
E2L4_AGTAACCAGAGTCTTC,B cells
L2_TACTGCCTCATAGACC,cDC2
L3_TGTCCACTCTGGGCCA,Plasma cells
E2L7_CACTGAATCCATAAGC,CD4+ T cells
L4_TGTTTGTCAGTCAACT,B cells
E2L5_TACTTGTCATGGGATG,Non-classical monocytes
E2L6_ATTCGTTAGAACTCCT,Plasma cells
L2_GCAGGCTTCAGCCTCT,CD4+ T cells
L4_TCGATTTCATGACACT,CD4+ T cells
E2L2_GTCTGTCAGTTACGAA,CD4+ T cells
E2L7_CACACAACACTGGATT,Plasmacytoid dendritic cells
E2L7_TTTCACATCGCCTTTG,NK cells
L5_AGGTTGTCATGCACTA,Naive T cells
E2L2_GGAACCCGTTCTCCCA,NK cells
L1_ACTTATCTCGCCTTTG,Platelets
E2L3_CGTTGGGCAGCGTTGC,Plasma cells
L1_TCGGATAAGGCTTAAA,NK cells
E2L6_TTGTTCAGTTATGTCG,Platelets
E2L3_GTAACACAGGGAACAA,CD4+ T cells
L2_GTTGTGAAGCATATGA,Naive T cells
E2L5_TTCATGTTCCGAGTGC,Non-classical monocytes
L4_ATAGAGACAGGAGGAG,Effector CD8+ T cells
L1_ATTTCACTCACAAGGG,Proliferating NK cells
E2L7_GCCCGAACACAGTATC,NK cells
L4_TTGACCCCAAGTTTGC,Plasma cells
L1_CAGCCAGGTTGTGTTG,Naive T cells
E2L6_ACACCAATCTCAGTCC,Plasmacytoid dendritic cells
L4_CCGAACGAGTCATTGC,Plasma cells
L5_CTCCAACGTTATCTGG,CD4+ T cells
L1_GTTACCCTCAGGACGA,cDC2
E2L1_GCAGTTACAAGGCAAC,B cells
L3_ATCACAGCATTGAGCT,NK cells
L4_CACATGAAGACATCAA,Hematopoietic stem and progenitor cells
E2L8_TAGTGCAAGCGTACAG,Platelets
E2L6_TCGGGTGTCCATATGG,Effector CD8+ T cells
E2L8_TTTACCAAGTTTCAGC,NK cells
E2L3_GGAGAACTCTGAGATC,B cells
E2L3_TGCGACGGTCTTCCGT,
E2L4_TATGTTCCATTCCTAT,B cells
E2L4_ACGATCAAGGCAGTCA,Memory CD8+ T cells
L2_GTTTACTGTCTCGGAC,Effector CD8+ T cells
E2L1_CGCGTGAGTCTCAGAT,B cells
L1_GTGAGGAAGGAATCGC,NK cells
E2L6_TGAGTCACACGTCATA,B cells
E2L3_GCCCGAACAGGCCCTA,CD4+ T cells
L3_CGTGTCTTCGGTCATA,Memory CD8+ T cells
L2_AGTAGTCAGTGCCCGT,
E2L5_CCTCTCCGTACAGTCT,Classical monocytes
E2L2_CACTTCGGTTGCCGAC,cDC1
L3_CGTGAATAGTGGTGAC,NK cells
E2L2_CTAACTTGTTGTGCAT,Platelets
L1_AGCGCTGTCTAGTGTG,Proliferating T cells
E2L3_CAATGACAGGCATTTC,NK cells
L3_ACATCGAAGCATATGA,NK cells
L1_TTCCGGTTCAAGAGTA,Effector CD8+ T cells
L4_CAGTTAGAGCGCCATC,Naive T cells
L3_CTGGACGAGGTTGAGC,Naive T cells
L3_CACGGGTCAGCTGAGA,Naive T cells
E2L1_GTCGCGAAGTAATTGG,Plasma cells
E2L8_TGGTACACAAGCCTGC,NK cells
E2L1_CCACGTTCATTACTCT,Non-classical monocytes
E2L8_ACGGAAGTCCGTGTAA,Effector CD8+ T cells
L2_TCAAGTGCATGCGGTC,Effector CD8+ T cells
E2L5_GCTGCAGTCTTACCGC,Erythrocytes
E2L2_ATTCTTGGTTTACTTC,Classical monocytes
L1_AGGAGGTAGGGCCTCT,B cells
E2L5_GTCTACCAGTGGTGAC,CD4+ T cells
L1_CTGCCTACAAGCGATG,Plasmacytoid dendritic cells
L4_TTGTGGACACGCGTCA,Naive T cells
E2L3_TTGGGATGTCATAGTC,Memory CD8+ T cells
L4_TGAGCATGTATGGAGC,Naive T cells
E2L5_TCGGGCAAGCGACTAG,B cells
E2L3_TAGGTTGCACATGGTT,Platelets
E2L5_GGGTCACCAGCAGACA,Plasmacytoid dendritic cells
E2L7_CCTTTGGGTCACCGAC,CD4+ T cells
E2L6_AAACGCTCAAATGATG,Non-classical monocytes
E2L8_CCCTCTCAGTGGCCTC,NK cells
E2L2_AGGACTTAGCGCCTTG,B cells
E2L2_AGGTTACAGGGTCACA,NK cells
E2L4_TCATTGTGTCCTTTGC,CD4+ T cells
L1_CCCAACTTCATTGAGC,Effector CD8+ T cells
E2L1_TATCGCCGTGATGAAT,CD4+ T cells
E2L3_AATGGAAGTCGAGATG,Proliferating T cells
E2L6_ACATGCACACTCTAGA,B cells
E2L1_CTTACCGTCATATGGC,CD4+ T cells
E2L4_TCGTCCAAGCGATGGT,cDC2
E2L2_TCCACCAAGTGTTCCA,
E2L2_ACACCAACATGACAGG,Platelets
L1_TAGTGCAGTGTCCAAT,Naive T cells
E2L8_ACTATCTAGAAACCCG,CD4+ T cells
L4_TGACAGTGTGATAGAT,Non-classical monocytes
L1_GCCAGGTGTCTTTCAT,Effector CD8+ T cells
E2L7_AAATGGACAAATCAGA,Classical monocytes
L3_TCCACGTGTGGGAGAG,Plasma cells
E2L2_TGCACGGTCAGTCAGT,CD4+ T cells
E2L4_GTTATGGCAAGAAACT,B cells
L1_AGACCCGTCCGTATAG,Effector CD8+ T cells
L2_GTGGAAGGTGGATCAG,CD4+ T cells
L2_TATTTCGGTGCAGTGA,B cells
E2L7_CCGCAAGAGTAAGACT,Proliferating T cells
L3_TGGTGATTCTCATGCC,CD4+ T cells
E2L6_TACAGGTTCCGCACTT,Classical monocytes
L5_TGAGGAGGTTCTCGCT,NK cells
L1_TTAGGCACATCGTGCG,Plasmacytoid dendritic cells
L4_TGCACGGTCCTACGGG,CD4+ T cells
E2L5_CGCAGGTGTCTGCGCA,Non-classical monocytes
L1_ACTATTCTCTAAGGAA,CD4+ T cells
E2L8_ACATGCAGTCGAAACG,NK cells
L1_CTGTATTGTATCCCAA,cDC1
L1_GTAGGTTAGGAAAGGT,Innate lymphoid cells
L2_GGGCCATCATGGAGAC,Effector CD8+ T cells
E2L3_AGGGAGTAGGTCGCCT,NK cells
L5_GGGTGAACATATTCGG,NK cells
E2L7_TGATGGTTCACGGTCG,NK cells
E2L6_TAAGTCGAGGGCAATC,NK cells
E2L4_GGCTGTGAGCAGGTCA,B cells
E2L6_TACGGGCTCACGACTA,Classical monocytes
E2L4_CTACATTAGGGATCAC,Proliferating T cells
L1_GGGTCACCACCTGCTT,CD4+ T cells
E2L6_AGTGATCCAGGTCAGA,Non-classical monocytes
E2L7_GTCACGGCAGGGATAC,Plasmacytoid dendritic cells
E2L7_TCGATTTGTGCCTTCT,cDC2
L4_CACTGTCAGAGATGCC,Naive T cells
E2L5_CACGTGGAGGAAAGGT,cDC1
L1_ACCAAACCAACTGGTT,Effector CD8+ T cells
L2_CCACGTTCAAGTATCC,CD4+ T cells
E2L3_AGGAAATAGACATCAA,NK cells
E2L1_GCCATTCCACCAACAT,CD4+ T cells
L3_CCTGTTGGTTCTCCCA,Plasma cells
L3_TCGCACTGTAGTCCTA,CD4+ T cells
L2_TGTCAGAGTGGGACAT,Naive T cells
E2L4_ACTATTCTCCGCCTAT,Plasmacytoid dendritic cells
E2L2_TCCCATGAGGCCCACT,B cells
L2_TACTTCAAGCTGTTAC,Hematopoietic stem and progenitor cells
E2L1_CCTCAGTGTCGTATTG,Classical monocytes
L1_GTTTACTGTTTACCTT,Non-classical monocytes
L3_CAAGAGGTCGACTCCT,cDC2
E2L3_TCGGTCTTCGCAGAGA,CD4+ T cells
E2L8_GTAGAGGAGTCATGGG,B cells
E2L5_ATTCATCCAGGCGAAT,cDC1
E2L2_TTACCGCGTTCTAACG,cDC2
L5_TCATGGACAGTAACCT,Non-classical monocytes
L4_GATCACATCGCGTAGC,B cells
E2L3_TTTGTTGAGGATACGC,NK cells
L1_GCGATCGAGGCACTAG,Plasma cells
L1_TCACGCTAGCATCGAG,Hematopoietic stem and progenitor cells
E2L2_TTCCTCTTCGGACTGC,CD4+ T cells
L4_TCGAAGTAGACCATTC,cDC2
E2L6_TGCTGAAGTTGCCGAC,CD4+ T cells
E2L8_GGTAACTAGAGCCGTA,CD4+ T cells
E2L5_GTCCTCACAAGCGGAT,CD4+ T cells
E2L6_GGAGATGTCTGCACCT,Memory CD8+ T cells
E2L5_AAGGAATTCTGAGCAT,cDC1
E2L8_GATGACTTCTAGTACG,Classical monocytes
L5_GGGAGATAGTGGAAAG,Memory CD8+ T cells
L1_AGAAGTACATGTCTAG,Plasmacytoid dendritic cells
L2_TGATTTCAGTGAGGCT,NK cells
E2L5_AATTTCCAGGAACGTC,CD4+ T cells
E2L6_GTGTGATTCGCTCCTA,Innate lymphoid cells
E2L2_TGTCCACGTGAATATG,CD4+ T cells
L5_TGAGGTTGTGTTGAGG,cDC2
E2L8_GCACATAAGTCATCCA,Classical monocytes
L5_TCCTAATAGTAAGCAT,Plasma cells
L5_CTTACCGAGGAAGTCC,Naive T cells
E2L5_TCGATTTGTGTAACGG,Effector CD8+ T cells
E2L7_CAACAGTAGTAAACAC,Platelets
E2L1_TAGAGTCTCCTTCGAC,NK cells
L4_CTGTGGGCACAACATC,CD4+ T cells
E2L1_CACAGGCCACGACTAT,Plasmacytoid dendritic cells
E2L7_TTACCATCAATGCTCA,NK cells
L1_TCGACGGCACAGACGA,Naive T cells
E2L7_GGTTGTATCCGATTAG,CD4+ T cells
L3_AGCTTCCAGAAACCAT,Naive T cells
E2L2_CTCCATGCATTACGGT,B cells
E2L7_ACCAACATCCATATGG,Plasma cells
E2L7_GTCTCACAGACGCCAA,Memory CD8+ T cells
E2L3_CTCAGAATCGTTAGTG,CD4+ T cells
E2L4_GGATCTATCTCGCAGG,B cells
E2L5_GCACATAAGCGGGTAT,NK cells
L5_GATGCTAAGAGTCACG,Naive T cells
L4_CTCCCTCCAACTTCTT,Naive T cells
L4_CCTCTCCAGGTCATCT,Naive T cells
E2L7_GAGGCAACAAATTGCC,Plasma cells
E2L4_GACGCTGTCAGCCCAG,Effector CD8+ T cells
E2L5_TTCCTAACATATCTGG,Non-classical monocytes
E2L6_ATAGAGAAGCCGTCGT,CD4+ T cells
L1_TGCAGTACATCCGCGA,Proliferating T cells
E2L2_CAACAACTCGTCAGAT,cDC2
E2L1_CCTGTTGTCCGTGGTG,NK cells
L4_GTGTAACGTGTCTTCC,cDC1
E2L6_TCGTGGGAGTTTAGGA,Plasma cells
L3_ACAACCAGTTTCCCAC,CD4+ T cells
L3_TATCTTGAGGTTCAGG,cDC2
L5_CCGTTCAAGCATCAAA,NK cells
L4_GAAGGGTTCCGTGTAA,CD4+ T cells
E2L5_ATCCACCGTTCTCGTC,Plasma cells
E2L4_CGAAGTTGTCGGATTT,cDC2
E2L2_ACGGAAGAGACTCAAA,CD4+ T cells
E2L2_ACTATTCGTCAGTCCG,B cells
L5_AACCCAATCTAGACCA,Plasma cells
L2_TGACTCCTCGACTCCT,Naive T cells
E2L4_TGCAGTAGTACCCAGC,B cells
E2L4_CCGATGGAGGGATCTG,NK cells
E2L8_TTACCATAGTCCCTAA,B cells
E2L7_TGGTTAGAGCTAGAAT,cDC1
L2_GACCCTTGTGGAATGC,Classical monocytes
L3_ACACGCGCACGACAGA,Classical monocytes
L2_CCTGCATGTTCAGCGC,Non-classical monocytes
L3_ATCACTTAGCCGAACA,Memory CD8+ T cells
L1_ACAACCATCAGATTGC,Naive T cells
E2L6_TGTTCATAGTCCCTAA,Non-classical monocytes
E2L4_CCAATGAGTTATCTTC,cDC2
L1_CTACATTGTATGCTAC,Non-classical monocytes
L4_AACCTTTTCAGCACCG,B cells
E2L7_CATGCGGGTAGCACAG,Classical monocytes
L3_TCCTGCAAGGCCACCT,Plasma cells
L4_CGTGTCTCATTCACCC,B cells
E2L3_GTTTACTAGGATACGC,B cells
L2_CAAGACTTCTTCTGGC,Proliferating T cells
E2L7_GAAGCGACACTCCACT,CD4+ T cells
L4_AAATGGAGTTCAATCG,Naive T cells
E2L4_GATTCTTGTAACGGTG,cDC2
E2L8_TTGGGCGTCCGAAATC,CD4+ T cells
L1_ATACCGAGTCGACTGC,Non-classical monocytes
E2L3_AGAGAATCATACTGTG,Platelets
E2L8_CTCCCTCGTGCGACAA,NK cells
L3_AGGAGGTCATGGCGCT,Effector CD8+ T cells
L5_TCGCAGGCAAGCACCC,Plasma cells
E2L5_CCTCCAAGTAACACCT,Classical monocytes
E2L6_CACCAAATCCTCTAAT,CD4+ T cells
L2_GGAACCCAGGCAGGGA,Platelets
L5_AATGGAAAGTCATACC,Non-classical monocytes
E2L3_CACGTTCTCTGCTGAA,Innate lymphoid cells
L5_ATCGGATAGTAGCATA,NK cells
E2L8_AGAGCAGAGTTGTCGT,Erythrocytes
E2L1_TACCTGCGTGAGCAGT,Plasma cells
E2L6_ATCGGATTCAGTCCGG,B cells
E2L2_CCTACGTGTCAACACT,CD4+ T cells
E2L2_ATAGGCTTCCCTCATG,Proliferating T cells
E2L2_AATTCCTCACCTCTAC,Memory CD8+ T cells
E2L1_GGGAAGTCACAGCCAC,NK cells
E2L4_CGAAGGACAGAACGCA,Memory CD8+ T cells
E2L1_TTCTGTAGTAGTCGGA,Classical monocytes
L4_AGTACCACAAATGAAC,Memory CD8+ T cells
E2L1_TGGGAGATCAGCAATC,B cells
L1_CGGAATTCACAACGAG,B cells
L2_ATAGGCTTCGGCAGTC,B cells
L2_GATGAGGCAGGCGAAT,Naive T cells
E2L6_TCTCAGCGTCCAGAAG,cDC2
E2L3_CATGCAAGTACTGCGC,Classical monocytes
L5_CCCTCAAGTACAAAGT,Hematopoietic stem and progenitor cells
E2L8_TTCCTCTTCCATCTGC,Plasmacytoid dendritic cells
E2L1_ATCACGACACGCGTCA,CD4+ T cells
L3_AGTACTGCACCAGCTG,Proliferating NK cells
E2L3_GTCGTAATCATTTCCA,Classical monocytes
E2L2_GGCTTTCCAAGTTTGC,Platelets
E2L3_GGCGTCAAGCACCAGA,CD4+ T cells
E2L8_CACTGTCCATGTCTAG,Hematopoietic stem and progenitor cells
L1_GAACGTTTCTGGTGGC,Classical monocytes
L3_AGCCACGCATTGACCA,CD4+ T cells
L3_GCCGATGTCCCATTCG,Naive T cells
L2_GTTTACTCAAATTGGA,NK cells
L4_TATTTCGGTCCAGCAC,Naive T cells
L2_TCGGATAAGTTCGGTT,Naive T cells
E2L6_CGGGTCAAGAAGAGCA,CD4+ T cells
L5_AAGCATCGTTACCTGA,Memory CD8+ T cells
E2L1_GCGTTTCAGTAGTCTC,B cells
E2L6_TCATTGTAGCACCGAA,Proliferating T cells
L1_AACAGGGCATGCCATA,Plasmacytoid dendritic cells
E2L7_ACGGGTCGTACTCCCT,Effector CD8+ T cells
E2L6_GGTTAACCAGTGGCTC,Proliferating T cells
E2L4_GTGAGTTAGGGATCAC,B cells
L1_AGGGCTCAGGGCGAAG,cDC1
E2L7_AGGCATTGTGTACGCC,CD4+ T cells
L2_CGCAGGTGTGGACTAG,NK cells
E2L4_CAAGACTGTCTACGTA,B cells
E2L6_TCAGCAATCAAGCTGT,B cells
E2L4_GACTGATTCGCTGCGA,Effector CD8+ T cells
E2L2_CGTAATGGTCTACGTA,Hematopoietic stem and progenitor cells
L5_TTAATCCAGCCACAAG,Memory CD8+ T cells
E2L4_GATGACTAGGCCTGCT,Non-classical monocytes
E2L4_CCTCCTCCACATGAAA,Classical monocytes
L4_GACCAATGTGCTGATT,NK cells
E2L6_ATCGATGGTTCCTAAG,cDC2
L2_CTGGTCTAGATAGCAT,CD4+ T cells
E2L5_TGAGACTTCGGTAGGA,Platelets
L1_TATCGCCGTTGGGTTT,NK cells
L5_GTCCTCAAGCCTTTGA,Effector CD8+ T cells
L1_TAGGAGGAGCTGTGCC,Naive T cells
L2_ATGAGGGGTTCTGAGT,Naive T cells
E2L5_TCCCAGTCAGGCTCTG,Classical monocytes
E2L2_CTCATCGCAGAGTCAG,
E2L3_TTGGATGGTCCCGCAA,NK cells
E2L1_ATAGAGACACAGTCAT,Platelets
L4_AAGGTAAAGGACAGCT,Non-classical monocytes
E2L3_CGCATAACAGTGGGTA,B cells
E2L2_AGCGATTTCCTCACTG,NK cells
E2L2_TGCCGAGTCGATCCCT,CD4+ T cells
E2L7_GGGTAGACAGCGTACC,Effector CD8+ T cells
E2L7_TCATGGATCTATCCAT,CD4+ T cells
E2L8_ATGGATCCATGGGTCC,Effector CD8+ T cells
L2_GGGCTCATCGTTATCT,Platelets
E2L1_GCACATATCCATTTGT,B cells
L2_CTGTAGACACGACGCT,NK cells
L1_TACCTGCTCCTGTAGA,CD4+ T cells
L1_GGGTGAATCTCATGGA,Naive T cells
E2L8_CTGAGCGGTTTACGTG,Innate lymphoid cells
E2L7_AGGGCCTCATGGATCT,B cells
L4_ATGAAAGAGGTCTTTG,Naive T cells
E2L6_CGCGTGACAATCACGT,cDC2
L5_CGAGTTACAGAGTGTG,CD4+ T cells
E2L8_ATGGTTGCAAGCGCTC,Proliferating T cells
L3_CTCTCAGAGCTAAGTA,CD4+ T cells
L4_GTAACCAGTTCCACGG,Innate lymphoid cells
L3_TACCCGTCAGTGGCTC,Hematopoietic stem and progenitor cells
L5_GTTGTAGGTAGAGATT,Naive T cells
E2L3_TCGGTCTGTTGTGCCG,Effector CD8+ T cells
L1_TGGAACTGTGGATGAC,Effector CD8+ T cells
L5_CATCGCTTCAAACGAA,Naive T cells
E2L7_TGTACAGGTTGGCTAT,Innate lymphoid cells
E2L7_CCAATTTAGCATGCGA,Classical monocytes
L5_GACTTCCTCTCGCCTA,Hematopoietic stem and progenitor cells
L3_CCATCACCACAGTCAT,Erythrocytes
L5_TAGATCGCAGTATTCG,Naive T cells
L1_GGGTAGAAGAAGGATG,Effector CD8+ T cells
L3_AACGGGACACTCTCGT,Non-classical monocytes
E2L5_CGTTAGAGTAGCACAG,B cells
E2L7_GGCTTTCCATAAGATG,Naive T cells
E2L1_CCATAAGCAAATGAGT,Effector CD8+ T cells
L3_ACAAAGATCGCAAGAG,Hematopoietic stem and progenitor cells
L3_TAGAGTCTCCGCACGA,Effector CD8+ T cells
E2L4_CTCCTTTTCACGGGAA,Plasmacytoid dendritic cells
E2L2_TTCCTCTAGGCACGAT,NK cells
E2L1_AATAGAGTCAGGACAG,NK cells
E2L5_TGGGCTGTCATCGGGC,B cells
E2L4_TACACCCTCTCGTCGT,Effector CD8+ T cells
L2_AAACCCAAGTAACAGT,Effector CD8+ T cells
L4_AGAGCCCAGGAAAGTG,Proliferating T cells
L4_CAATCGATCGCAACAT,CD4+ T cells
E2L2_TGGGCTGAGCCTAACT,Platelets
L1_CAATACGGTTATGACC,Naive T cells
E2L7_ACACCAAAGACGCATG,cDC1
E2L3_TACATTCCATGGCGCT,Platelets
E2L6_AATTTCCTCGGAGTAG,Effector CD8+ T cells
L1_TGATGCAGTTGTGTAC,Erythrocytes
E2L8_TGGGTTATCGTGGCGT,CD4+ T cells
L1_TTCCTAAGTTCCGCGA,B cells
E2L3_GGAGGTAGTATAGGAT,NK cells
L5_ACAAGCTTCCACCCTA,Memory CD8+ T cells
L5_GAGATGGAGACAAGCC,Naive T cells
E2L8_GAGTCATGTCCGACGT,Effector CD8+ T cells
E2L8_CTATAGGAGGCTTAGG,
L2_TGAGCGCTCTGCTAGA,Plasma cells
E2L2_CCTGTTGTCGGTATGT,Plasma cells
E2L2_AGTAGCTAGTAACGTA,CD4+ T cells
E2L6_TGTGAGTAGATTTGCC,Memory CD8+ T cells
L5_CATTGTTAGACTACCT,Effector CD8+ T cells
L2_TCCTTCTGTTCTCTAT,Hematopoietic stem and progenitor cells
L5_TATATCCAGGTGCGAT,Naive T cells
L2_ACAGCCGGTGCCTACG,Naive T cells
E2L2_CTATCCGTCTTCCTAA,CD4+ T cells
L5_CATACTTAGAATGTTG,NK cells
E2L5_CCGGGTACAGCTTTCC,Effector CD8+ T cells
E2L4_AAGACAAAGCGTGAAC,B cells
E2L4_TTCCTCTGTCACCGCA,CD4+ T cells
E2L3_GGTAGAGGTACTTCCC,cDC2
E2L8_GAGACCCCATTGGATC,CD4+ T cells
L1_GGCTGTGAGGCTTCCG,
E2L2_CTTTCAATCCTTTGAT,
E2L1_TTCACCGGTGAACTAA,Plasmacytoid dendritic cells
L4_GTGTTAGTCCGGTTCT,Memory CD8+ T cells
L4_ACTATGGGTCTGATCA,Naive T cells
L2_GTTTGGAGTAATACCC,Proliferating T cells
L4_TCAAGCATCAGTCATG,Erythrocytes
E2L2_AGAACCTCAGCTACAT,NK cells
E2L6_ATGATCGTCTAGTGAC,NK cells
E2L6_GGTTGTATCGACCTAA,B cells
E2L1_CACACAAGTTGCGAAG,Plasma cells
L5_TCCGAAAGTGCATGTT,Naive T cells
L3_TCATGCCAGACCAGAC,Naive T cells
L4_AGCTCAATCGAGGCAA,Hematopoietic stem and progenitor cells
L3_TCCATCGTCCGTGGGT,Effector CD8+ T cells
L3_CCCTCTCCAACCGTAT,Naive T cells
L4_ATCCATTTCTGGGCAC,cDC2
L5_AGACAGGTCATCGTAG,CD4+ T cells
E2L6_ACACTGATCATCCCGT,Effector CD8+ T cells
L5_TGAGACTTCATGGGAG,Hematopoietic stem and progenitor cells
E2L1_TCGGGTGCACGGTGAA,Naive T cells
L2_GCGGATCAGTGCGTCC,Effector CD8+ T cells
E2L2_CTATCCGGTATGGTAA,Plasmacytoid dendritic cells
E2L1_GCCAGCACAGACAAGC,
E2L6_ATCGATGAGCTAATGA,cDC1
L1_GTCCCATGTCTTTCTA,cDC2
E2L7_AGATGCTCAGCGTATT,B cells
L2_AGACAAATCCATGAGT,Proliferating T cells
L4_GAGAGGTCAGAGGTTG,Memory CD8+ T cells
E2L2_TCTGCCATCACCTCTG,Effector CD8+ T cells
E2L2_GTGAGCCTCTTGGGCG,Effector CD8+ T cells
E2L6_CTGAGGCTCTTACGTT,CD4+ T cells
E2L2_GTAACCAAGCATCAAA,Effector CD8+ T cells
E2L7_AATGGAAGTTCGAAGG,B cells
E2L6_TCCTAATGTGGTTTGT,Effector CD8+ T cells
L1_AAGAACATCTTCTGTA,CD4+ T cells
E2L4_TCCACGTAGCCACAAG,CD4+ T cells
E2L3_CGAGGCTAGTTGCCTA,NK cells
E2L3_AGGATAAGTTAGGCCC,NK cells
E2L1_GGGTATTTCATTGCCC,Proliferating T cells
E2L6_GTAATGCTCAGTCCGG,CD4+ T cells
E2L2_CTATCCGAGGCATTTC,Plasma cells
E2L5_AACGGGAAGGGTCTTT,CD4+ T cells
E2L4_GGGAAGTGTGGGAGAG,NK cells
L2_ATGATCGGTGCATTAC,NK cells
E2L3_AGGAAATTCCCGTGAG,Effector CD8+ T cells
L3_GGGCTCAAGAAGCGGG,Naive T cells
L1_GTTGTAGCACTGGATT,cDC1
L5_GTGCTGGGTTAGAGAT,CD4+ T cells
E2L5_CGAAGTTAGTACCCTA,Effector CD8+ T cells
E2L5_GCCATTCGTGTAAACA,CD4+ T cells
E2L2_AGTACCAAGACCATTC,cDC1
E2L8_ACAGAAATCTATCACT,NK cells
L2_TCATCATGTCGATGCC,
L4_ATGAGTCCAACATACC,Proliferating T cells
E2L8_GACTCTCCAATAGAGT,B cells
L1_AAAGGATAGAGACAAG,Plasmacytoid dendritic cells
L4_GGCGTCAAGGCAGCTA,B cells
L4_TAGGTACCAGGCGTTC,cDC2
E2L7_GTTGTAGTCAAGCCTA,NK cells
L1_CAGTGCGCACGCGGTT,Naive T cells
L5_CTGTGAAAGGTTGCCC,Naive T cells
E2L2_AGAGAGCTCCGGTAGC,Plasmacytoid dendritic cells
L3_GGCAGTCGTCCAACGC,cDC1
E2L1_TTGAACGTCCACACAA,Proliferating NK cells
L1_TTCACCGTCCCAATAG,Memory CD8+ T cells
L2_TTGTTGTGTCTCACGG,cDC2
L5_TTCCTCTCATAGGTTC,Hematopoietic stem and progenitor cells
E2L2_ACGGGTCGTCATCGCG,CD4+ T cells
E2L8_TGCGGCAAGAGTTGTA,B cells
L1_GACTATGAGTGCACCC,CD4+ T cells
E2L6_TAACCAGTCAGTGTTG,CD4+ T cells
E2L8_CGAGGAAAGACTGTTC,CD4+ T cells
E2L8_ACAAAGACATCTCATT,CD4+ T cells
L1_GTCGAATAGCCTCCAG,CD4+ T cells
E2L5_TGTCCTGGTTGGAGAC,Erythrocytes
L4_TAACGACGTACCGTCG,Naive T cells
L3_GGTTCTCCATGGGCAA,Hematopoietic stem and progenitor cells
E2L7_CAACAACAGTACAACA,Platelets
L3_GGACGTCAGCTAAGTA,cDC2
E2L2_CGAGTGCTCTTGCAAG,cDC2
L4_CCGGTGACACACAGCC,Hematopoietic stem and progenitor cells
L5_GCCCAGAAGTCCTGCG,Effector CD8+ T cells
L2_CTAACTTAGGCACTAG,
L4_ATCTCTATCTTGCAGA,Effector CD8+ T cells
E2L8_CCTTTGGCAACGAGGT,Proliferating T cells
E2L7_GAGCTGCCAATGCAGG,Proliferating T cells
E2L3_CAACAGTTCGATTTCT,NK cells
L4_GTGCTTCAGGGCGAGA,Naive T cells
E2L4_TATTCCACAACTGATC,Platelets
L2_GCTACAATCTCTAGGA,Naive T cells
E2L4_TTGCGTCTCACGATAC,Plasmacytoid dendritic cells
L1_CAGCAATCATGATGCT,Naive T cells
E2L7_CGGACACTCGTTGTGA,Proliferating NK cells
L2_GCATTAGCAGCTACCG,B cells
L2_CGAAGGACAGTTGAAA,cDC2
E2L2_TACTTGTGTACCTTCC,B cells
E2L3_ATCACAGGTCAACACT,CD4+ T cells
E2L5_ACATCCCGTAGAATGT,Plasmacytoid dendritic cells
L4_CGCATGGCATCCGGCA,Naive T cells
L1_GTAATCGCAGACGCTC,Memory CD8+ T cells
E2L4_GCCGTGATCCAAGCCG,CD4+ T cells
E2L3_GATGACTTCGTGGAAG,Effector CD8+ T cells
E2L7_CCTCATGTCTATACTC,Proliferating T cells
E2L7_AAGCGAGTCTATGCCC,Proliferating NK cells
E2L4_CAGCAATGTTTCGTAG,B cells
E2L3_GAACGTTAGGTTCCGC,Classical monocytes
E2L2_GTATTTCAGAGTCCGA,NK cells
E2L5_AGTGATCCAGAAATTG,NK cells
L3_TTGCCTGTCGTTTACT,CD4+ T cells
L2_TTAATCCCATGACACT,Effector CD8+ T cells
E2L5_TAGGTTGTCATTCTTG,B cells
E2L5_ATCCATTTCTTTGATC,Plasma cells
E2L3_TCCGATCAGGCGAAGG,B cells
L1_AAGACTCAGGCAGGGA,Naive T cells
E2L5_TTTGACTTCTTCTAAC,CD4+ T cells
E2L6_GTTACAGTCCATCACC,Memory CD8+ T cells
L4_GGAGGTAGTCGTTTCC,Naive T cells
E2L6_TATCCTAGTTCGTTCC,Effector CD8+ T cells
E2L6_TATTGGGCAGATACTC,Innate lymphoid cells
E2L3_GCGTGCACAAACTAAG,Effector CD8+ T cells
E2L8_GATTGGTCATAACGGG,Platelets
E2L1_CTTTCGGTCCATGCAA,Effector CD8+ T cells
E2L3_GAGATGGGTCTGCCTT,CD4+ T cells
E2L8_GGTAACTGTGGCAACA,NK cells
L1_TTACGTTTCCCATACC,B cells
E2L4_TGTTACTGTTGCTCCT,CD4+ T cells
E2L6_CTCTGGTAGCTAATCC,Proliferating NK cells
L3_CTGCGAGGTAGGTTTC,B cells
L4_ATTTCTGTCTCCGTGT,CD4+ T cells
E2L2_AGATCCATCAGGACAG,NK cells
L1_GCAGCTGTCGAGAATA,cDC2
E2L4_GTGGAAGAGCCATCCG,Platelets
L1_AGGGTCCCAGCCCACA,Naive T cells
L5_GCAGTTAGTCTTTCAT,Effector CD8+ T cells
E2L3_CTATCTACACCAGTTA,B cells
L3_GTTAGTGCAGATTCGT,cDC2
E2L1_GTAACACCAACACGTT,NK cells
E2L3_TCTTCCTCAGCGGATA,B cells
E2L6_GCATGATAGAGGCTGT,NK cells
L2_CCTACGTTCGCTGATA,Naive T cells
E2L4_CTCATCGAGCGTGAAC,Platelets
E2L7_ATGAAAGCAATCAAGA,Classical monocytes
L4_TGACTCCTCGTGCATA,Naive T cells
E2L7_TTACCGCGTCAAGTTC,Plasma cells
L4_CTGAATGTCCGTGGCA,Naive T cells
L4_ACATGCAGTACCGTCG,Plasmacytoid dendritic cells
E2L6_TCCGATCCAATTCGTG,Effector CD8+ T cells
E2L2_ACGTAACAGGTTGGTG,B cells
L4_CACTGAAGTCGGTGAA,Effector CD8+ T cells
L4_TGATTCTTCATCGTAG,Naive T cells
E2L8_GGGTATTCAATGACCT,NK cells
L5_CGCATAAAGATACATG,Proliferating T cells
L5_CTGTATTTCTTGGATG,CD4+ T cells
L1_GAACACTCATAATGAG,cDC2
E2L2_AGGAGGTTCGGACAAG,Platelets
E2L7_AGGGCTCAGATACTGA,Innate lymphoid cells
L5_GTATTTCAGTACAACA,Naive T cells
E2L6_ATTCGTTTCAACCGAT,B cells
E2L8_TGGATGTTCATTGTGG,cDC2
L1_GAGAAATCATGTTTGG,Proliferating NK cells
E2L5_CGGCAGTTCGATGCAT,NK cells
E2L2_ATGTCTTAGAGAGCAA,CD4+ T cells
E2L4_GTCTGTCTCTCCTACG,CD4+ T cells
E2L8_ATGGAGGGTTCTCTCG,B cells
L3_AAAGGGCGTGCAGATG,Naive T cells
L1_TTCCTAAAGGCAATGC,Naive T cells
L5_CTCCAACGTCACTAGT,Plasmacytoid dendritic cells
L1_CCTCTCCTCGCGATCG,CD4+ T cells
E2L3_ACGTCCTTCAACGCTA,Plasmacytoid dendritic cells
L1_AAAGGGCGTAGTAAGT,Proliferating T cells
L2_TTAGTCTTCACGGAGA,Hematopoietic stem and progenitor cells
E2L8_TTGCGTCAGCTAATCC,Effector CD8+ T cells
L2_ATCCACCGTGTAACGG,Erythrocytes
E2L5_TCGTAGAAGTCGAAAT,Innate lymphoid cells
L5_TGTCCTGCACGGGCTT,
E2L4_ATTGGGTGTCATAAAG,Proliferating T cells
E2L4_GACCCTTGTGCGTCGT,B cells
E2L7_CGAGGAACAGCATTGT,Plasma cells
E2L7_CCTACGTTCGCTCTCA,
E2L1_CACAACATCTTAATCC,B cells
L1_CATAAGCTCACTTGTT,Naive T cells
E2L1_ATCCTATAGTCACTGT,Effector CD8+ T cells
L5_TCCTCGAAGTCTACCA,Hematopoietic stem and progenitor cells
L5_CGCCATTCAGCTAACT,B cells
E2L6_ATGACCATCGCCAACG,Classical monocytes
E2L2_GCGTGCAGTCCAATCA,Effector CD8+ T cells
L1_CGGTCAGCAGTATTCG,NK cells
E2L6_CTCAGGGCACGAGAAC,B cells
E2L3_ACATGCAGTGAGCTCC,CD4+ T cells
L2_TAGCACAAGGCTAACG,B cells
E2L1_CTCTCAGTCCAAGCTA,Plasma cells
E2L1_CTGTAGACACACCTAA,Effector CD8+ T cells
E2L1_AGGCATTAGACGTCCC,CD4+ T cells
E2L5_TACGCTCGTGCAATAA,Innate lymphoid cells
E2L8_ATCAGGTGTCTAGATC,B cells
E2L1_GCCAACGGTCAAACGG,B cells
L1_CAGCAATGTACCGCGT,CD4+ T cells
L5_AAGCCATGTAGAATGT,Memory CD8+ T cells
E2L1_CCGTTCAGTGTATTCG,Plasmacytoid dendritic cells
L4_TCTTCCTAGTTGTAGA,cDC2
L2_CCGGTAGTCAAGGCTT,Memory CD8+ T cells
E2L3_TTCGCTGCATGCTGCG,CD4+ T cells
L3_ACTCTCGGTCGTACAT,CD4+ T cells
L5_TCTTAGTCACCCTATC,Erythrocytes
E2L8_GCGAGAATCACGGGCT,NK cells
E2L5_TCAGCCTAGTGTACCT,Effector CD8+ T cells
L4_GTAATCGCAGTTGTTG,Naive T cells
E2L5_CGGAACCGTCCGGTCA,B cells
L2_GCAACCGTCCGTAGGC,cDC2
L4_TGCACGGGTCGCATGC,Platelets
E2L3_AATCGTGTCCGGACGT,Classical monocytes
E2L4_TCATTACAGTTGCCCG,CD4+ T cells
L1_CTTCTCTCACTGAGTT,Naive T cells
L5_GCTTCACGTGGCTCTG,Naive T cells
L3_TCATGTTTCGCTGTTC,Memory CD8+ T cells
L4_GCGGATCTCGAGTGGA,CD4+ T cells
E2L1_CGATGGCGTGTTGACT,Innate lymphoid cells
L1_TGCTGAAGTCTCGGAC,Naive T cells
E2L4_TTTAGTCGTCACTAGT,B cells
L2_CTCGAGGCAAACCGGA,Naive T cells
L3_AGGGTCCCATGGACAG,NK cells
E2L6_TGAGCATAGTTCCAGT,cDC2
L3_CGAGTTATCAATCCAG,CD4+ T cells
L2_ACTATCTGTTCGGCGT,Plasma cells
L5_AACAACCTCGTTGTGA,Classical monocytes
L5_TATGTTCGTATTTCTC,Non-classical monocytes
E2L8_CCGGTAGTCCATTGGA,Memory CD8+ T cells
L4_TGTTCATGTTTGTTGG,Non-classical monocytes
E2L5_TTTGGAGGTTGCTCAA,B cells
E2L7_AGGGTCCAGTTAGTAG,B cells
E2L7_TGGTTAGTCTGGGATT,Plasmacytoid dendritic cells
E2L4_GGGTATTTCCCAGGAC,Effector CD8+ T cells
L4_TGATGCAGTCCTCCAT,Hematopoietic stem and progenitor cells
L2_CCGATGGAGAGCATAT,Non-classical monocytes
E2L6_ATTCGTTAGCCAAGTG,B cells
E2L5_CTCAAGATCGAACTCA,CD4+ T cells
L1_ACTCTCGGTCATGCAT,NK cells
E2L5_CATGGTAGTCGCCACA,B cells
E2L7_GCACGTGAGACCCTTA,CD4+ T cells
E2L2_GTAGAGGTCGGTGTTA,Platelets
E2L4_ATGGGTTGTACGTGTT,CD4+ T cells
E2L4_ATCCCTGGTTAAACAG,CD4+ T cells
L4_CATTCTACATGTGTCA,Memory CD8+ T cells
L5_GTGAGCCGTGGTGATG,B cells
E2L5_CTGATCCGTTTCCATT,B cells
E2L6_CATCGCTCATGTGGCC,NK cells
E2L4_CATCAAGAGCGAACTG,Non-classical monocytes
L2_GTGAGCCGTATCACCA,Memory CD8+ T cells
E2L8_ACGTAACCACATATCG,B cells
E2L8_AATGAAGAGCAAATCA,B cells
E2L4_CCGATGGAGGGTGAAA,Platelets
L5_ACTCTCGAGGTCCCGT,Memory CD8+ T cells
L4_CCTTCAGAGCGATGAC,NK cells
L3_GTTCGCTCATCATTGG,CD4+ T cells
E2L3_CATGAGTTCCTACCGT,Non-classical monocytes
E2L6_CGTTGGGCACTCCACT,Platelets
L4_ATTCACTGTACCTGTA,Classical monocytes
L1_TAAGCGTCATATCTCT,NK cells
E2L1_GGGACTCTCCTGGGAC,Effector CD8+ T cells
E2L8_GTCAGCGCAGCCCACA,Effector CD8+ T cells
E2L4_GTATTGGTCCTCACTG,Plasmacytoid dendritic cells
E2L1_TTGGATGAGCATCAGG,CD4+ T cells
L3_AGTCTCCGTGGAATGC,Naive T cells
E2L8_GACTATGAGGAGCAAA,CD4+ T cells
E2L3_TGAGGGACAACAGATA,B cells
E2L7_CTTGATTGTAACAGTA,Proliferating T cells
E2L8_TAAGCACCATAATGCC,Non-classical monocytes
L4_TTGGATGCATTGGGAG,Effector CD8+ T cells
E2L7_GCGGAAAGTAGAGGAA,Plasmacytoid dendritic cells
E2L2_AGGTCATTCGTTCTCG,NK cells
L1_CAACGGCAGCCTGAGA,B cells
E2L1_ATCGCCTTCCTTACCG,Plasma cells
L2_GTGAGCCTCAAGTCTG,Innate lymphoid cells
L5_TACACCCTCATTGTTC,NK cells
L3_GTTCCGTGTTTCGTTT,Naive T cells
E2L4_CGCATAAGTCCCGTGA,cDC2
L1_ATGAAAGTCAACACCA,B cells
E2L5_TTCAGGAGTGACCGAA,CD4+ T cells
L5_TACGTCCAGTGATGGC,Classical monocytes
E2L3_GTGCAGCGTGATATAG,B cells
E2L8_TCATGTTGTTGTAAAG,cDC1
L4_CACTTCGTCTCTATGT,Hematopoietic stem and progenitor cells
E2L3_AAGTACCCATCCTGTC,CD4+ T cells
E2L6_TCATGGATCATTTCCA,CD4+ T cells
L2_TACAACGCAGCGTGAA,Hematopoietic stem and progenitor cells
E2L3_TACAACGCATCGATGT,NK cells
L2_GGTTCTCAGGCGCTCT,Memory CD8+ T cells
L2_CATTTCAAGCGACATG,Naive T cells
L2_TCATCCGTCTGATTCT,Memory CD8+ T cells
E2L7_TCATACTTCGAACGGA,Effector CD8+ T cells
E2L6_TGAGGGATCTTCCCAG,CD4+ T cells
E2L4_GATTGGTAGAGAGTGA,B cells
L5_TCATTTGTCACATTGG,NK cells
L4_ATGGAGGGTACCCAGC,Hematopoietic stem and progenitor cells
L4_CCACCATCAGCTGTCG,Naive T cells
E2L8_TGGATGTAGGCTGAAC,NK cells
L4_CAAGGGACATAACTCG,Hematopoietic stem and progenitor cells
E2L3_GGGTTTACAGACGCTC,Proliferating T cells
L1_TCTCTGGTCTTTGCAT,Plasmacytoid dendritic cells
L5_GATGACTGTTAGTCGT,Naive T cells
L3_TGAGCATCAACGTTAC,Classical monocytes
E2L1_TTATTGCTCCCATAAG,Effector CD8+ T cells
E2L7_GTTGTCCCAACTCCAA,CD4+ T cells
E2L6_GATAGAACAATGAGCG,CD4+ T cells
E2L2_AGACCCGCAGCCGGTT,CD4+ T cells
E2L1_GACAGCCCACTAGTAC,Classical monocytes
L3_ATTACCTTCCAGCCTT,NK cells
E2L6_GTGGGAACAACGACAG,NK cells
L3_CTCCATGTCTTAGCCC,Naive T cells
L3_CGATGCGTCCTTCTAA,NK cells
L5_CCCATTGCAAGGCTTT,Naive T cells
L1_CCCATTGAGGGACCAT,NK cells
L3_AAAGGATGTATAGGGC,Proliferating NK cells
E2L7_CATTGTTCACCGAATT,CD4+ T cells
L1_TGATGGTAGCACCGAA,Hematopoietic stem and progenitor cells
L3_GCGTGCAAGTAGGATT,Erythrocytes
E2L8_CAAGAGGCACGGTGAA,Classical monocytes
E2L5_GATGACTGTACGTACT,NK cells
L2_CTTACCGGTGAGCTCC,Memory CD8+ T cells
E2L3_ACAAGCTCAGGTTTAC,B cells
E2L3_CGAGGCTAGGGTCAAC,B cells
L3_TTGCCTGAGATAGGGA,Effector CD8+ T cells
E2L5_CGTAATGCATTATGCG,B cells
L5_GTCAAGTAGGATTACA,Effector CD8+ T cells
L4_AAACGAAAGCCTGACC,cDC2
E2L1_CTACCTGGTTACGGAG,Classical monocytes
L2_AGTAGTCCAACGATCT,Naive T cells
E2L4_AGAACAACACTCGATA,CD4+ T cells
L4_CTCATGCCATAAGCGG,Effector CD8+ T cells
L2_CCCTCAACACAGACGA,Naive T cells
L5_GTCAGCGGTTTACGAC,Effector CD8+ T cells
L1_CACACAAAGCCTTCTC,Naive T cells
E2L1_TGATCTTTCAAGAATG,B cells
E2L6_CTTTCAATCTCAGGCG,Plasma cells
L4_TTACGCCGTAGCGATG,Classical monocytes
E2L2_TACAACGCATACAGGG,
E2L8_ACATCCCGTCTCCTGT,Platelets
E2L4_TATCCTACACTTCAGA,Effector CD8+ T cells
E2L4_CCCTAACCATTGACAC,
L5_AGAAGTATCCGTATGA,Memory CD8+ T cells
E2L5_TAGACCAGTAGGGAGG,Memory CD8+ T cells
E2L4_ATTCCATTCTTTCCAA,Plasmacytoid dendritic cells
E2L2_CTCAAGACACGGCTAC,Effector CD8+ T cells
L5_AACAGGGGTCACATTG,Effector CD8+ T cells
L3_GACCCAGAGCCTCAGC,B cells
E2L5_CTAACTTTCAGTGATC,Plasmacytoid dendritic cells
L1_GTAGAAACATGGCCAC,Naive T cells
L4_TGTCAGATCCGTCACT,CD4+ T cells
E2L2_AATCGTGAGCAACAGC,Non-classical monocytes
E2L3_TGGGTTAAGAACCCGA,B cells
L4_CATGCTCTCCCATTCG,Effector CD8+ T cells
E2L7_ACCTGAAGTCCAGGTC,Plasma cells
E2L7_TTGCTGCCATACCACA,Plasmacytoid dendritic cells
E2L8_CTGCCTATCTGCTTTA,NK cells
E2L8_AGCTTCCAGGTCGCCT,cDC1
E2L4_GACTATGTCGACGACC,B cells
E2L2_TTGCTGCAGCCTCGTG,Non-classical monocytes
E2L1_GGCGTCAGTCGATTAC,B cells
E2L6_ATGGATCAGTAGCAAT,cDC2
E2L6_AGCTTCCGTCAACGCC,Effector CD8+ T cells
E2L6_AAGACTCTCAACGCTA,Platelets
L3_GGCGTCACAAATTGCC,Proliferating T cells
E2L7_GTAAGTCCAAATAGCA,Plasmacytoid dendritic cells
E2L5_TTGAGTGAGAGTGTGC,Memory CD8+ T cells
E2L5_TACACCCAGTAGACAT,Effector CD8+ T cells
E2L8_TAGCACATCTAGTTCT,Non-classical monocytes
E2L3_GGTGTTAAGTGCACTT,Platelets
L2_GATGACTAGGACAGCT,Naive T cells
L4_CGTGATAAGGTGCTTT,Naive T cells
E2L4_GCAGCTGTCTCATTTG,CD4+ T cells
E2L6_TCGTCCAAGTGGCGAT,CD4+ T cells
L3_ACTGCAAGTTAGAAGT,Naive T cells
E2L8_ACCTGAAGTTCTTAGG,NK cells
E2L6_GTTCCGTGTTGTACGT,CD4+ T cells
L2_TGCTCGTCAGCGACAA,Memory CD8+ T cells
L5_CCACGTTCATGTAACC,CD4+ T cells
L2_TTGTTCATCCCTATTA,CD4+ T cells
L2_GATGACTCAGGTATGG,Erythrocytes
E2L4_TAGGTACGTGCATTAC,Proliferating T cells
L3_TTTACTGAGATGTTCC,Hematopoietic stem and progenitor cells
E2L1_ACGGAAGGTGGTAACG,Effector CD8+ T cells
E2L3_CCAAGCGGTGCAAGAC,NK cells
L2_AGTTCGATCACGGTCG,CD4+ T cells
L5_GTATTTCGTTTGATCG,Effector CD8+ T cells
E2L6_AGGCTGCAGAGTCAAT,Proliferating T cells
E2L4_AGGGAGTGTCGCAGTC,B cells
E2L3_AGGAGGTGTTCGAAGG,Plasmacytoid dendritic cells
E2L7_TTAGGGTGTAGGTACG,B cells
L3_TCTAACTGTCGATTTG,Plasma cells
E2L1_TGAACGTAGTTGTCAC,B cells
L4_CGAGGCTAGCGTATAA,Naive T cells
E2L3_CCCTCAACAGTAACCT,NK cells
E2L3_CTCAACCGTCATTGCA,Effector CD8+ T cells
L4_CAGAGCCCACAACGCC,Proliferating T cells
L1_CGTGCTTGTAGCACAG,CD4+ T cells
L3_GTAGAAATCCGTTGAA,CD4+ T cells
E2L7_AAGTGAAAGGCGTTGA,CD4+ T cells
E2L4_CTCCAACTCGCTAAAC,Effector CD8+ T cells
E2L4_AGTCATGGTTTCGTGA,Platelets
E2L7_TCAATCTGTCTTAGTG,cDC2
L5_AGGACGATCATCGCTC,CD4+ T cells
E2L8_GAGTGTTTCATTCATC,Classical monocytes
L2_CACGAATTCCTGTTGC,Effector CD8+ T cells
E2L7_TTTCATGCAGTAACAA,CD4+ T cells
E2L5_TCAAGTGAGTGCGCTC,B cells
E2L5_TCTTGCGCATGAGGGT,NK cells
E2L8_AAAGTGAAGCAGCCCT,Platelets
L3_TTGCGTCCACTCTAGA,Memory CD8+ T cells
L2_CATCCACCATGGGTCC,Memory CD8+ T cells
E2L1_TGTGTGATCAGACATC,Non-classical monocytes
L3_CCTTCAGGTGGATCGA,Effector CD8+ T cells
L1_CTTTCAAAGTAGATCA,B cells
E2L7_CCGTAGGCAACCGGAA,Plasmacytoid dendritic cells
L2_ATCCCTGGTTCGATTG,Plasma cells
L3_GTAATGCGTGGGCTTC,Effector CD8+ T cells
E2L4_TGACGCGGTGATGAAT,Plasmacytoid dendritic cells
E2L8_TATGTTCAGTAAAGCT,CD4+ T cells
E2L1_CAGATTGCACAAGTGG,CD4+ T cells
E2L6_CTCGAGGCACCTGCTT,B cells
E2L2_TGTCCTGTCGCCAGAC,Effector CD8+ T cells
E2L5_GTATTTCGTCTTTATC,Effector CD8+ T cells
E2L4_CACGTGGCAAACTAGA,Platelets
L3_GTAATGCAGACCAGCA,cDC2
E2L1_TCGAAGTAGCAATTAG,CD4+ T cells
E2L2_AGCTCAACACTGGATT,B cells
E2L8_GGGACCTTCGGCTGTG,Non-classical monocytes
E2L8_TGCAGATAGCTCTGTA,B cells
E2L6_ATTCTACTCCGGCAAC,CD4+ T cells
L1_CAGCCAGTCCGGTTCT,Effector CD8+ T cells
E2L1_TGTTCCGAGTAGCCAG,NK cells
L1_TGTGTGACACAATGAA,NK cells
E2L2_TTACAGGGTGGTAATA,CD4+ T cells
E2L5_TCTACATCACCGTCGA,Platelets
L5_GGTAGAGCAGGGAATC,Classical monocytes
L1_AGCTCAATCATGAGTC,Non-classical monocytes
E2L6_ACGGTCGAGGTTTACC,Effector CD8+ T cells
L4_GTGTTAGTCATCAGTG,NK cells
L4_TGTTGAGTCTGAGAGG,Erythrocytes
L5_TCGCAGGTCCGCAAAT,cDC2
L3_GTCCCATGTAGAGTTA,
L4_TAGGGTTTCTCATTTG,Platelets
E2L3_CTGTCGTGTGTAACGG,Non-classical monocytes
E2L8_CTGTACCGTGTAAATG,Effector CD8+ T cells
E2L1_CGGAATTCATGGCACC,CD4+ T cells
E2L2_GTTGTAGCAGAGAAAG,Effector CD8+ T cells
L5_CTTAGGACAGCGTACC,Plasma cells
L1_TATATCCTCTCATAGG,NK cells
E2L2_AGCGCCATCACATTGG,Effector CD8+ T cells
L5_TCGGGCAAGTGTTCCA,Platelets
L2_CTCCCAATCCTTGACC,CD4+ T cells
L5_ACGATGTTCTGCTCTG,Memory CD8+ T cells
L2_ACAGGGATCTTAGCCC,Effector CD8+ T cells
E2L3_CCATCACAGAGAGCCT,Platelets
E2L4_ATTTCTGGTGCACAAG,CD4+ T cells
E2L5_ATACCGATCGACATCA,CD4+ T cells
E2L4_CGCAGGTGTCGTCATA,B cells
E2L3_CTTCCGACACTTGAGT,Effector CD8+ T cells
L4_CATGAGTCATTGCAAC,Proliferating T cells
E2L4_GTCTGTCGTGGCACTC,Platelets
L2_TGTAAGCTCCTAACAG,CD4+ T cells
E2L3_GTCCTCAAGAACAAGG,CD4+ T cells
L4_CACCAAACACTGGACC,Naive T cells
E2L5_AGAACCTTCTCGGTAA,Innate lymphoid cells
E2L4_ATGGGAGAGTTTGTCG,Platelets
E2L5_TTCCTAATCACACGAT,B cells
E2L1_GTTCCGTTCTGAGCAT,Platelets
L1_ATTTACCCACGCAGTC,Hematopoietic stem and progenitor cells
L4_AGAGCCCTCACAGAGG,Plasma cells
E2L8_TACGTCCGTTCTTGCC,CD4+ T cells
E2L5_TCAATTCGTTGTGTTG,Effector CD8+ T cells
E2L2_TCCTCTTTCAGCCTCT,Effector CD8+ T cells
E2L2_GTAGCTACATCCGAAT,CD4+ T cells
L5_GTGTGGCCAAACGAGC,Naive T cells
E2L5_CGAGGAACAGCTGCCA,Effector CD8+ T cells
E2L1_AGTTCCCTCGCCAGAC,Effector CD8+ T cells
L4_TCTACATGTACCCACG,CD4+ T cells
L3_GTGTTAGCAGATAAAC,Non-classical monocytes
L2_CAGCACGGTATATGGA,Erythrocytes
E2L2_TCGATTTAGCACACCC,Classical monocytes
E2L3_AAGTGAAAGAGGACTC,cDC2
L1_TGGTTAGAGTCTGCAT,CD4+ T cells
E2L7_TGTCCTGTCTCTCCGA,Effector CD8+ T cells
L3_CATTTCACAAGATGTA,Effector CD8+ T cells
L5_CTTCGGTTCGGATACT,cDC2
L4_TGCGATAGTTACTCAG,Non-classical monocytes
L3_GTGGTTAAGTTATGGA,Memory CD8+ T cells
E2L5_GTGTTCCGTGCATTAC,B cells
E2L1_ATTCACTCAGGTCCGT,Memory CD8+ T cells
E2L5_CTCCCAAGTACCAATC,Memory CD8+ T cells
E2L1_GAGAAATCAAACTGCT,Platelets
L2_TTTCACAGTTTGACAC,Naive T cells
E2L4_CCGTGAGAGATGAAGG,Platelets
E2L6_CAATACGCAGCGGTCT,Platelets
E2L1_GTTGTCCAGAATACAC,Memory CD8+ T cells
E2L2_CTACCCACAGTTAGGG,Hematopoietic stem and progenitor cells
L2_TTTATGCGTTAGTTCG,Plasmacytoid dendritic cells
E2L6_ACTCCCATCGTACACA,CD4+ T cells
E2L3_TATTGCTCAGAAATTG,Effector CD8+ T cells
L2_TCCCATGGTATGCTAC,NK cells
E2L2_AACGGGAAGACGGATC,CD4+ T cells
L1_CCACGTTCAGCTCGGT,Erythrocytes
L3_CCGGACACACACAGAG,cDC2
E2L2_ATCGGATCAATTGGTC,Platelets
L3_CATCGTCGTCCCTGTT,Innate lymphoid cells
L1_GGTGGCTCACTGAATC,NK cells
E2L7_CGCAGGTAGTGCCAGA,Classical monocytes
L3_AAAGTCCGTCCAATCA,B cells
L3_TCGAAGTAGTGGTTGG,B cells
E2L1_TCATGTTTCAGTCATG,NK cells
L4_TACGGGCTCCTCCACA,Innate lymphoid cells
E2L3_TTCTCTCAGCCTATTG,CD4+ T cells
E2L2_TTTACTGAGTCATGCT,cDC2
L5_GGGATCCAGGAGGCAG,Effector CD8+ T cells
L3_TTCTAACGTAGCCCTG,Hematopoietic stem and progenitor cells
L2_AGCTTCCTCGATCCAA,CD4+ T cells
L5_AGGGAGTAGGCATCGA,Effector CD8+ T cells
L5_GTAGTACGTACCAGAG,Hematopoietic stem and progenitor cells
E2L8_TGATTTCGTACTTGTG,Proliferating NK cells
E2L8_AGGATAAAGGCACCAA,cDC2
E2L4_CGTGTCTAGACCCGCT,CD4+ T cells
L2_GCCAGGTGTATACCTG,CD4+ T cells
E2L8_ATTCCATGTTGTCCCT,NK cells
E2L8_CTCCGATCATGGGTTT,Effector CD8+ T cells
L4_AAGCGAGTCTGTGCAA,Hematopoietic stem and progenitor cells
E2L2_GGGTTATGTGACCGTC,CD4+ T cells
E2L4_TGCGATACAGGTGGAT,cDC2
E2L5_GGTGTTACAACATCGT,CD4+ T cells
L3_GTTAGACGTGTAACGG,Naive T cells
L5_CCTCACAAGCACTCAT,Non-classical monocytes
E2L6_CAATACGGTCCGCAGT,Plasma cells
L5_AACAAGATCGTGCTCT,Naive T cells
L3_CCGGACATCGATTTCT,Plasmacytoid dendritic cells
E2L8_CCTCACACAAGTTTGC,cDC1
L1_TAAGCGTCACTAAACC,Naive T cells
E2L1_CCGCAAGCAGAGTGAC,CD4+ T cells
L5_CTTCGGTAGTCACGAG,Platelets
E2L6_TGCGGGTTCGAGTTGT,Erythrocytes
E2L5_TCGGGACGTACTGGGA,CD4+ T cells
L3_ATGCATGCACTCCTGT,Naive T cells
L4_ATTGGGTAGCGAGGAG,Memory CD8+ T cells
L2_TCGTCCACACGGATCC,CD4+ T cells
E2L2_TTGGATGAGACCTCAT,Effector CD8+ T cells
E2L6_GAACACTTCTATGCCC,Classical monocytes
L1_CGGCAGTCATACCAGT,Plasmacytoid dendritic cells
E2L4_TACTGCCCAGACGGAT,Proliferating NK cells
E2L6_ATCCGTCGTGCTTCAA,Plasmacytoid dendritic cells
E2L6_ATCAGGTAGCGTCTGC,B cells
E2L3_GTTATGGCATGGCCAC,Effector CD8+ T cells
E2L6_CTTCAATAGACGAGCT,Hematopoietic stem and progenitor cells
L3_TCAGGTATCCAACCAA,Hematopoietic stem and progenitor cells
E2L5_AGTTCCCAGGAGATAG,Platelets
E2L1_CCTTCAGAGGTACTGG,CD4+ T cells
E2L1_AGTAGTCCATAACTCG,Plasmacytoid dendritic cells
E2L6_TCCCAGTCAAATGGCG,Effector CD8+ T cells
E2L4_GTTTACTTCCAACCGG,B cells
E2L1_TGCTGAAAGAGTCAAT,CD4+ T cells
E2L7_AGCCAATTCGGTCTAA,CD4+ T cells
E2L5_ATGTCTTAGTCAAGCG,Effector CD8+ T cells
E2L4_CGTAGTACAAGCGAGT,Effector CD8+ T cells
E2L4_CCTCTAGGTTCAGCGC,Plasma cells
L3_AGAACAAGTACCCAGC,Memory CD8+ T cells
E2L7_GTACAGTGTGCCTTCT,B cells
L4_TCGGGTGCATCACGGC,Proliferating T cells
E2L7_GGAGGATGTTTGGCTA,CD4+ T cells
E2L6_TGGAGGAGTAATGCGG,B cells
E2L4_AGGGAGTTCTAGGCAT,Classical monocytes
E2L2_TCCAGAAAGAGTTGAT,Effector CD8+ T cells
E2L8_CCACTTGTCATGAGTC,Plasmacytoid dendritic cells
E2L5_CAACGGCCACACTGGC,Plasma cells
L4_AGGCCACAGCCGAACA,Hematopoietic stem and progenitor cells
E2L3_TACGGTACACATACGT,NK cells
E2L6_CACTGGGTCTGTTCAT,CD4+ T cells
E2L4_GACTATGAGACCAAGC,B cells
E2L7_ACACTGAGTTACACAC,B cells
L2_TCATTGTTCAAGTCGT,Hematopoietic stem and progenitor cells
E2L6_GCACTAAAGACTTCCA,Platelets
E2L5_TGGGTTACATGATCTG,B cells
L3_TCGGGCAAGTCACTCA,Naive T cells
L1_AGGAGGTTCCTCTAAT,Naive T cells
L5_AGAGAATCATGCTGCG,Plasmacytoid dendritic cells
L5_ATGGTTGCATCGGCCA,Hematopoietic stem and progenitor cells
E2L1_TGCATGATCAGTCACA,NK cells
L1_CGCCAGATCCAATCTT,CD4+ T cells
E2L4_TTCCACGAGGTTCAGG,Effector CD8+ T cells
E2L7_CACGTTCTCTCATGCC,NK cells
L1_CATCGTCAGATGCGAC,
L4_TGCAGATAGCACTCAT,Innate lymphoid cells
L2_GCAGGCTAGACATACA,Effector CD8+ T cells
E2L5_AAGTTCGTCTACACTT,NK cells
E2L8_TTCCGTGAGCCAGTAG,Plasmacytoid dendritic cells
E2L3_GTCTCACTCGGCAGTC,cDC1
E2L4_GGGTAGACAGTCCGTG,Plasmacytoid dendritic cells
E2L2_TCTGTCGCAACTTGCA,B cells
E2L7_TCATGTTGTATTTCCT,Non-classical monocytes
L3_ATAGACCCAGTGGGTA,B cells
L2_AAGTCGTAGTCCTGTA,Naive T cells
E2L5_CTGAGGCCAGCTACTA,Plasma cells
E2L4_TTAATCCCAAAGGCTG,Effector CD8+ T cells
L3_GAAGGGTCATAGGTAA,Hematopoietic stem and progenitor cells
E2L8_TAGTGCACACGTAGAG,cDC2
E2L1_GTTGAACTCGCCGATG,Memory CD8+ T cells
L3_TCCACGTTCAAACGAA,Memory CD8+ T cells
L5_TCACGCTAGCCATCCG,Innate lymphoid cells
E2L7_CATCCCAAGATCCTAC,NK cells
L4_TGCCGAGTCCGGCTTT,
E2L4_GAAATGAGTACAGCGA,Effector CD8+ T cells
L4_ACATCGAGTGCAGGAT,Naive T cells
E2L7_GAAGAATTCTATCGTT,cDC2
E2L7_CAGTGCGGTGGCGTAA,Platelets
E2L6_TCCTTCTTCGTAGCTA,
E2L4_TATCGCCCAGACAATA,NK cells
E2L7_ATCATTCTCCGTCACT,Plasmacytoid dendritic cells
L3_CATCCGTGTGTCCACG,Naive T cells
E2L4_GAACGTTAGGTGCTTT,NK cells
L5_TGTGATGGTTAAGGGC,cDC1
L4_GCTTCACCACCCAATA,Naive T cells
L4_CTAACCCAGGTATTGA,Non-classical monocytes
E2L8_TTGCCTGGTATACGGG,CD4+ T cells
L3_TCTATACCACATACTG,Plasma cells
E2L8_CAGGCCATCGTTGCCT,Effector CD8+ T cells
L4_AGGACGATCATCTATC,CD4+ T cells
E2L7_AGGCCACAGAGCAACC,Innate lymphoid cells
E2L8_TTGTTGTGTAGTCACT,Plasmacytoid dendritic cells
L4_TCGTAGACAGCTATTG,cDC1
E2L6_CTGTGAACATTGGCAT,B cells
E2L7_ATCGGATCATTGCTTT,Platelets
L5_ATTGTTCCAGTTCACA,B cells
E2L8_TCCTTTCGTTGCATCA,B cells
E2L7_GGGCTCAAGGAGAATG,B cells
L1_CCGCAAGCAGGTGTGA,Naive T cells
L1_AAGTGAACAGGACGAT,Naive T cells
L4_TTGGGTATCCTCAGGG,Hematopoietic stem and progenitor cells
E2L8_AGTTCCCGTGGTCAAG,NK cells
E2L8_ATTCCTAAGCGAGGAG,Naive T cells
E2L8_TTTACCAAGTTTCGAC,CD4+ T cells
L1_CCCTAACTCTGAGATC,Classical monocytes
L5_TCAAGTGCACGACCTG,NK cells
E2L8_AGTGCCGGTCCAACGC,CD4+ T cells
L1_TCAGTGAGTTCTCGTC,
L5_AAGTGAACATAACAGA,Naive T cells
E2L6_TCAGTCCGTGACACGA,NK cells
E2L6_AAGGTAATCGACACCG,Effector CD8+ T cells
E2L8_GCCGTGAAGAAGTGTT,Non-classical monocytes
E2L6_TACTTCACAGCGTATT,NK cells
E2L5_ACCTGTCTCATCGCCT,Effector CD8+ T cells
L4_ATGACCAAGGTAGACC,Non-classical monocytes
E2L5_CTGAGGCCATTCTCCG,Plasmacytoid dendritic cells
L5_GTTAGACTCGTAGCTA,Hematopoietic stem and progenitor cells
E2L4_AGCATCAAGAGGTTTA,B cells
E2L1_ACTATCTAGACGGAAA,CD4+ T cells
L5_ATCACAGGTGTTAAAG,CD4+ T cells
E2L7_ATATCCTCAGGTTCGC,cDC2
E2L8_ACATCGACACGCTTAA,Innate lymphoid cells
L5_CTCCGATGTGGCTACC,Naive T cells
L5_TGACTCCGTTCTAACG,Hematopoietic stem and progenitor cells
E2L2_TCCAGAATCTCGACGG,Plasma cells
L1_TAGAGTCTCGATACAC,Plasmacytoid dendritic cells
E2L2_AGTGATCAGCCGATCC,Proliferating T cells
L2_GTGGCGTTCATTTCGT,B cells
E2L6_ACCTGTCAGCCGATAG,CD4+ T cells
E2L4_GTCCACTGTCCCGCAA,Memory CD8+ T cells
L4_CATACCCTCTTCGGAA,cDC2
E2L6_ACGATCAAGATGGTCG,Memory CD8+ T cells
L1_CTCCCTCTCGTCTAAG,Innate lymphoid cells
E2L7_TGTTCTATCTTGAGCA,Classical monocytes
E2L1_AAGGAATTCCTCCACA,Platelets
E2L7_ACGGTCGTCGTCAGAT,B cells
L2_TAGGAGGCATGCACTA,Naive T cells
E2L7_TAACTTCAGTTTGCTG,Memory CD8+ T cells
E2L1_GAGGCCTAGCCACTCG,Effector CD8+ T cells
E2L4_TCAGTTTTCCAACTGA,Classical monocytes
E2L2_ACACAGTCAGGTCCCA,B cells
L5_TGTCCCAGTCAAGTTC,Innate lymphoid cells
L1_CATGAGTGTGCATTAC,Erythrocytes
L5_AAAGGTACACGCGCTA,Erythrocytes
E2L1_CGTGAATTCGCGGACT,B cells
L4_GAATCGTCAGATCATC,Naive T cells
E2L1_GAGTCATTCCGAGAAG,Memory CD8+ T cells
L1_TGTCCCACAGGATCTT,CD4+ T cells
E2L2_GACTCAAGTGGACCTC,B cells
E2L1_CCACAAATCGGATTAC,NK cells
L1_GCTACCTGTTTGCCGG,Naive T cells
L4_AATGACCGTACCAATC,Hematopoietic stem and progenitor cells
E2L3_CCTGTTGTCGAGTCCG,CD4+ T cells
E2L2_TCATTTGCACTGAATC,B cells
L5_TCCCACAAGAGGTCGT,Plasmacytoid dendritic cells
E2L7_TTTGGTTAGTATGTAG,Effector CD8+ T cells
L2_TCGTCCACACGGCACT,Proliferating T cells
E2L3_AGACAAAGTTGCTAGT,cDC2
E2L4_CTGCAGGGTTAACAGA,CD4+ T cells
L4_ATTCAGGCACAGTACT,Naive T cells
E2L6_TCGCAGGAGGCACCAA,Innate lymphoid cells
E2L6_TATGTTCCAAGAGGCT,Platelets
L2_TTACGCCGTTACCCTC,Proliferating T cells
E2L8_ACCAAACTCCTGGGAC,Classical monocytes
E2L3_GTCCCATGTGCTCCGA,B cells
E2L2_TGCGGGTTCCTGTAGA,CD4+ T cells
E2L4_ATCGATGCAGCTGTTA,NK cells
L4_GCTGCAGTCACCTCTG,Naive T cells
E2L4_CGTTAGAGTGATCATC,cDC1
E2L6_GGTGTTATCACCATCC,B cells
L1_CCACCATTCGAGAAAT,Naive T cells
L2_GTAGTACTCGGACCAC,Classical monocytes
E2L5_CCTGTTGCAGTCTCTC,CD4+ T cells
L1_TCTCACGGTAGGACCA,Hematopoietic stem and progenitor cells
L5_AGAAGTAGTGCGAGTA,CD4+ T cells
E2L5_AGTTAGCTCGTAACTG,CD4+ T cells
E2L8_CTCTCAGGTAAGATAC,B cells
L3_AGTCAACAGAATCGAT,NK cells
E2L1_GGGACCTGTTAGGGAC,Platelets
L4_TCCTGCAAGGATGAGA,B cells
L1_AGTGCCGTCCCGTAAA,Effector CD8+ T cells
L2_AGACCCGCACGGCGTT,Effector CD8+ T cells
E2L1_CCGATGGCATGAGAAT,CD4+ T cells
L5_AGTACTGAGATGACAT,Plasmacytoid dendritic cells
L5_TACCTCGAGCCTCATA,CD4+ T cells
L1_CAAAGAATCGAAGCAG,Effector CD8+ T cells
E2L3_TGAATGCGTCCTGTTC,NK cells
E2L8_CTCTCAGGTGCCCACA,CD4+ T cells
E2L8_GCATCGGGTTTGGCTA,B cells
L4_CATCGGGGTCTTACTT,Effector CD8+ T cells
E2L3_GGTGAAGAGGACTTCT,Memory CD8+ T cells
E2L7_AGAACAATCTAAGGAA,B cells
L2_ATGCATGAGTTGTCGT,Naive T cells
E2L1_CCACGTTCAACATCGT,CD4+ T cells
L2_TACCTCGCAGGCACTC,cDC2
L5_AGATCCAGTTTGGGAG,Platelets
L1_CTGGACGCAACAAAGT,CD4+ T cells
E2L5_TCACAAGTCCGCAAAT,
E2L4_GGATCTACAAGACCTT,B cells
E2L4_ACATTTCAGTACTGTC,B cells
E2L6_GCTACAAGTTGACTGT,Plasmacytoid dendritic cells
L1_ATGAGTCTCCAGCTCT,NK cells
L3_TGATGCAGTTGCTCCT,CD4+ T cells
E2L5_CGTTAGACATCCAACA,Plasma cells
E2L2_ATTGGGTCACGCTGCA,B cells
E2L5_TTGACCCTCCACGAAT,CD4+ T cells
E2L7_TGCGGCAGTAAGCGGT,CD4+ T cells
E2L6_GACATCAAGACGAGCT,CD4+ T cells
E2L5_AGAAATGCACTGGAAG,Effector CD8+ T cells
E2L7_GAGTGTTAGATGCTAA,Plasmacytoid dendritic cells
E2L4_AGGTGTTAGCTAGAGC,Non-classical monocytes
L2_GATGAGGAGAGTTCGG,NK cells
L1_GGGCTCACATTCACAG,Plasma cells
E2L2_GTTCGCTAGGAGGTTC,CD4+ T cells
L4_AGGAGGTAGAGCATCG,Erythrocytes
L1_AACCCAACACTTCCTG,CD4+ T cells
L5_GTGTAACTCGGTTCAA,Non-classical monocytes
L1_GTAATCGAGCTAATGA,CD4+ T cells
E2L5_AGAACCTTCAAAGCCT,Effector CD8+ T cells
E2L6_GAAGTAACACACGGAA,Effector CD8+ T cells
E2L1_CCAATTTAGGGCCCTT,Plasmacytoid dendritic cells
E2L7_TATATCCGTTTCCAAG,B cells
E2L1_TAGTGCAGTTGAGAGC,CD4+ T cells
E2L3_GTTGTAGTCATCGGGC,Effector CD8+ T cells
E2L6_ACATCGAGTTGCCGCA,Non-classical monocytes
L4_CAGTGCGCAATAGGAT,Naive T cells
L4_CGTAAGTCATGTGTCA,Hematopoietic stem and progenitor cells
E2L8_CCGTTCAGTGTTGCCG,Plasma cells
E2L5_TCGAAGTGTATCCTTT,NK cells
E2L3_GCTACAACAGGTACGA,Classical monocytes
L5_TTCTTGATCCGAGAAG,Non-classical monocytes
L5_CACAACAAGCAGATAT,
E2L6_TAATTCCTCGTTCCTG,Classical monocytes
E2L6_CTGCATCTCCGATCTC,cDC2
L5_CTCAGGGGTCGTGCCA,CD4+ T cells
L3_TCCAGAATCTCGGTCT,CD4+ T cells
E2L3_TCGCTCAAGCTGGAGT,Plasma cells
E2L4_GTGGCGTCACATACTG,Non-classical monocytes
L4_TCAAGCAGTGGTTTGT,Naive T cells
L4_TAACCAGTCCTTCTTC,Naive T cells
L4_AAAGTGATCTCTAAGG,Naive T cells
E2L6_TCTTCCTCACAAGGTG,Classical monocytes
L3_TGAACGTCACTCGATA,cDC1
L5_TTGTTGTGTTGCATAC,Hematopoietic stem and progenitor cells
L4_GAAGGACTCTTGTGCC,Plasma cells
E2L3_CGGAGAAGTTCCTTGC,CD4+ T cells
E2L5_TTCCTAAAGCAGTAAT,NK cells
L2_TCCATCGGTTGTATGC,Hematopoietic stem and progenitor cells
L4_TGCTTGCCACAAATAG,cDC1
E2L4_GGTGAAGAGACCATTC,CD4+ T cells
E2L1_CTGTCGTGTCTGTGTA,Effector CD8+ T cells
L1_CTGTAGATCATCACTT,CD4+ T cells
L4_TCCTAATAGCTCGCAC,Effector CD8+ T cells
E2L2_TGTTCCGAGTACCCTA,CD4+ T cells
E2L4_GTTGTAGTCTAGTGAC,Classical monocytes
E2L2_ACGGAAGAGGCATCGA,B cells
E2L8_CCTAACCCAAGCGCAA,CD4+ T cells
L2_TATCCTACATTACTCT,Non-classical monocytes
L4_GGGTGTCGTCACAATC,NK cells
L3_CATAAGCCAAGGTCTT,B cells
L1_CACTGAAAGAATCGCG,CD4+ T cells
L5_CGCCAGATCGCAGTCG,Naive T cells
E2L7_GCTTTCGCAGGGATAC,Plasmacytoid dendritic cells
E2L5_CCCGGAACACATCCCT,NK cells
L4_GACGTTAGTAGACGTG,Non-classical monocytes
L3_TCAATTCAGCGCTGCT,
L1_GAAGCGACAACGAGGT,NK cells
E2L4_GATCGTATCCTTTAGT,Plasmacytoid dendritic cells
E2L5_CAATGACAGCCGAATG,NK cells
E2L5_ACTATTCGTGAGCGAT,Memory CD8+ T cells
E2L2_GTCGAATCAGCTCGGT,Non-classical monocytes
E2L5_TTCTAACTCCAGCACG,Classical monocytes
E2L8_TCAGGTACAGGCACTC,NK cells
L3_GTTGCTCTCCGTCCTA,Non-classical monocytes
L1_GTTGCGGTCGTGTTCC,CD4+ T cells
L4_GTGAGCCGTCTCGACG,Naive T cells
L3_TGGTGATGTCTGCCTT,NK cells
L4_TAGGTACAGAGTCGAC,Effector CD8+ T cells
E2L6_TGGAGAGGTAAGATTG,Effector CD8+ T cells
L4_CGTTGGGAGCTTGTTG,NK cells
L3_TGTCCACAGGCGTTAG,Naive T cells
E2L4_GACTATGAGGGTATAT,CD4+ T cells
E2L3_GTCATGAAGGTGCAGT,Plasma cells
E2L5_TTGTTTGCAGAGTCAG,Memory CD8+ T cells
L3_CCGTGAGAGTTCCTGA,Naive T cells
E2L6_CTTACCGAGGCTCTAT,B cells
L4_TAGCACATCACCGGGT,NK cells
E2L1_CCACACTTCCCGAGAC,CD4+ T cells
L2_AGTGACTGTCTGTGCG,Memory CD8+ T cells
L4_GGGCCATAGACAACTA,Innate lymphoid cells
L5_GTGAGCCCAGTTTCAG,CD4+ T cells
E2L7_AATGACCGTATTTCCT,NK cells
E2L3_AGGTGTTGTCCACTTC,Plasmacytoid dendritic cells
E2L1_GATCCCTCAAATGGCG,CD4+ T cells
L2_TAGACCATCACTTCTA,CD4+ T cells
E2L1_GAATAGAGTTCTATCT,Memory CD8+ T cells
L1_GAGTCATGTGCATGTT,Erythrocytes
L5_TATTCCAAGTTCATCG,Effector CD8+ T cells
E2L3_GTAAGTCAGTCACTAC,CD4+ T cells
E2L1_CCTACGTTCGTGTTCC,CD4+ T cells
E2L2_CCACTTGTCTGTGTGA,B cells
E2L8_CTCTCGAGTGACACAG,Classical monocytes
E2L8_AGTCATGTCATTGAGC,NK cells
E2L5_ACACGCGGTATCCTTT,Effector CD8+ T cells
L5_TCTGCCATCAAACGTC,Naive T cells
L4_TGGTAGTGTTAGAGTA,Effector CD8+ T cells
E2L2_CTCAGTCCACATATGC,CD4+ T cells
L2_TCCATCGCATCGGAAG,Plasma cells
E2L4_AGCTACAGTTTAGACC,CD4+ T cells
L2_GGAGATGGTACCTGTA,cDC1
L4_TCGGGACAGCCACCGT,Proliferating T cells
E2L7_GCAGCTGCAGAACTTC,NK cells
L5_AACGGGATCTCTCTAA,cDC2
L5_GACCGTGGTGCAGATG,cDC1
L4_AGCCAATAGCTCTGTA,NK cells
E2L7_GGTCTGGGTAGAATGT,B cells
E2L5_AGACTCAAGTTGCCCG,Effector CD8+ T cells
L1_CAAGCTACAAATCAGA,Naive T cells
E2L4_CCTTGTGGTGGTTCTA,B cells
E2L2_AACAGGGTCCATTGGA,NK cells
L4_GTGCACGTCGTGTGGC,Proliferating T cells
L5_ACTTATCCAGAGTAAT,Naive T cells
L2_ATTCCCGTCATCACAG,Memory CD8+ T cells
L3_ATGCATGGTTCCAGGC,cDC2
E2L3_ACGCACGTCTCGAGTA,Non-classical monocytes
E2L3_GACCCTTAGGTAAAGG,CD4+ T cells
L5_CCCTCAAGTGCGTTTA,Naive T cells
L5_GTTTGGACAGTGGCTC,NK cells
L5_ACAAGCTAGAGCTGCA,Naive T cells
L4_AGTCATGAGCGCCATC,Non-classical monocytes
L5_TGCTTGCCACGCGTCA,cDC2
L5_ACTGTCCAGTACAGAT,Non-classical monocytes
E2L7_ACCAAACCATGTGGTT,Non-classical monocytes
E2L7_CAACCAAAGTACGTCT,B cells
E2L5_CAATGACAGATTCGCT,B cells
E2L8_TCAGGGCAGACAGTCG,cDC2
L4_CACAGGCAGAGAAGGT,Naive T cells
E2L7_GTATTGGCAGCTGTTA,B cells
L5_CTCAGGGGTTGACTAC,Hematopoietic stem and progenitor cells
E2L1_CCCTTAGGTCCAAGAG,Effector CD8+ T cells
L1_CAGTGCGCACGACGCT,cDC2
E2L3_TCGGGCAAGGAGATAG,Effector CD8+ T cells
E2L5_GAAGGGTAGGGCAGTT,Effector CD8+ T cells
E2L7_CTGTACCGTGACAGGT,NK cells
E2L6_TCCGTGTCACGCAAAG,Plasmacytoid dendritic cells
L5_GCACGTGGTACAAAGT,Naive T cells
L3_CTGAGGCAGGTAACTA,Effector CD8+ T cells
E2L5_TAGCACATCAGAGCGA,B cells
L3_GAGCCTGTCGCCAGAC,Plasma cells
L2_ATCCCTGCACAAATGA,Naive T cells
L4_GTTGTAGCATGACCCG,Naive T cells
L2_CCATAAGCATATGCGT,Hematopoietic stem and progenitor cells
L3_AGGAGGTAGACTGTTC,NK cells
L1_AGGACTTGTCAGATTC,Classical monocytes
L4_CGCGTGAAGGTGCCTC,Non-classical monocytes
E2L6_CCACGAGAGCAAGTGC,Platelets
E2L6_ACTTTGTCACGCCAGT,B cells
E2L5_CTCCAACCAGTTGTCA,NK cells
E2L2_CAGTGCGGTATGAGCG,Innate lymphoid cells
E2L6_TACTGCCAGCAGCGAT,B cells
L3_GTCATCCCAGGTAGTG,Plasma cells
L4_AGTCACACACAAGTTC,Classical monocytes
E2L5_CGGAGAATCGTTCCCA,Classical monocytes
E2L2_GTGGAAGGTGCGTTTA,Plasmacytoid dendritic cells
L2_CATCGCTTCTGCGTCT,Hematopoietic stem and progenitor cells
E2L7_AGATGCTAGCCTCAAT,CD4+ T cells
E2L5_GTAGATCAGGCGACAT,CD4+ T cells
L5_TTCCGGTAGCAGGCTA,Naive T cells
E2L8_TTTCACACACTGGCCA,cDC2
E2L8_CCCTGATGTCTACGTA,Classical monocytes
E2L7_AAGACAAAGCCATGCC,Platelets
E2L6_ATATCCTCAATTTCCT,Platelets
L3_TGATTTCAGTGCACAG,Non-classical monocytes
E2L6_TCATTGTAGTCGGGAT,cDC2
E2L7_GGTTCTCGTCAATGGG,Plasmacytoid dendritic cells
E2L7_CGATGGCTCCCTTGTG,Effector CD8+ T cells
E2L2_ATCTTCACAAGTTGGG,NK cells
E2L3_GGGTGTCTCTATCGGA,Effector CD8+ T cells
E2L6_TTTCGATTCGCCACTT,Platelets
L2_ACATGCATCTGTCGCT,Effector CD8+ T cells
E2L4_CCTAACCAGAAATCCA,Classical monocytes
L5_TTTGATCGTAACGCGA,Effector CD8+ T cells
E2L2_TTCCTAAAGTATGGCG,B cells
L2_ATCCCTGGTTCTGAGT,B cells
E2L4_TCATTGTCATCGGATT,CD4+ T cells
E2L7_CATTCCGAGGGAGGCA,B cells
E2L4_AATGCCAAGATTAGCA,Effector CD8+ T cells
E2L7_TATCGCCCATACTTTC,Platelets
L4_CCTAAGAAGCGGTAAC,CD4+ T cells
E2L8_ATCGGCGAGTATGACA,B cells
E2L2_CGAGTGCAGCGCATCC,Plasma cells
L3_CGGGTCAGTCATGACT,cDC2
E2L6_ATTCTACGTTCTCAGA,B cells
E2L8_GAAACCTAGCCTGAGA,CD4+ T cells
E2L4_GTGGAAGTCCTCTGCA,Platelets
E2L2_TGGTACAGTTCTTGTT,Platelets
E2L7_CAGCGTGGTCGAGTTT,Effector CD8+ T cells
L3_TCGAACACAGCTGAAG,Naive T cells
L5_TCAGTCCAGCATTGAA,B cells
E2L3_TCCTAATCAGAAGTGC,CD4+ T cells
E2L4_AAGTTCGAGTTGAAAC,Effector CD8+ T cells
E2L8_CGTGCTTGTGAGATAT,CD4+ T cells
L1_TCCTTTCTCGCCAACG,B cells
L5_TCGTGCTAGCCAGACA,Naive T cells
L2_TGGGAGAGTGCATCTA,Naive T cells
L2_CTCAACCGTGGTAATA,Memory CD8+ T cells
L3_ATCCCTGAGGGCAGTT,Plasma cells
E2L8_AACGGGAGTACGCTAT,cDC2
L2_AGAGCAGAGGCCCGTT,Memory CD8+ T cells
L4_GTCATGACACCAGCCA,B cells
L5_GCCAGGTTCATCACCC,Naive T cells
L3_GCTTCACAGGAAGAAC,Naive T cells
E2L8_GTTCGCTGTATGGGAC,CD4+ T cells
E2L7_GGTGAAGGTATCGGTT,Effector CD8+ T cells
L1_TCAAGCAGTCACTACA,cDC2
E2L1_CCACACTAGTCTGTAC,Proliferating NK cells
L3_TCGCACTTCGCTGACG,Effector CD8+ T cells
E2L6_AAGCCATTCCGCAACG,Effector CD8+ T cells
L4_GGTTGTAGTCAGACTT,Non-classical monocytes
L1_TTCTTCCTCTTTGCGC,Erythrocytes
E2L7_CCGTGAGGTCACAATC,Effector CD8+ T cells
E2L1_AGACCCGGTAGGCAGT,cDC2
E2L8_GTGGTTACATATTCGG,NK cells
E2L6_TCGCTCACACTTGGGC,B cells
E2L4_ATAGGCTTCGATAACC,Plasmacytoid dendritic cells
E2L4_GAACTGTAGGTACTGG,cDC1
E2L2_CTTCTAATCGCTTAAG,B cells
E2L2_AGGATAAAGAACTTCC,B cells
E2L5_TCATTACGTCTAGGTT,NK cells
L4_TCCGATCGTCGTACAT,Plasma cells
L5_AAACGAAGTTCTTCAT,Effector CD8+ T cells
E2L4_TCCATCGAGTATTAGG,CD4+ T cells
L3_TACCTCGCAGGTGTTT,CD4+ T cells
L4_GGAGGATTCCCATAGA,Naive T cells
L4_TTACAGGCAACTCGAT,Hematopoietic stem and progenitor cells
E2L6_ACTTAGGGTGTTACAC,Non-classical monocytes
L4_TGAATGCGTTGTAAAG,Non-classical monocytes
L5_GGAGGATAGCCATCCG,
L3_AGACTCAAGCCAAGTG,Effector CD8+ T cells
E2L6_ACGGTCGAGAGGGTAA,Naive T cells
E2L3_ATTCTACAGACCACGA,Classical monocytes
L1_CGTGAATTCTGGAAGG,Memory CD8+ T cells
L4_TGACTCCAGGGCAAGG,B cells
L5_CACTGAAAGACATATG,Plasmacytoid dendritic cells
L3_TCATGGAGTCTAACTG,CD4+ T cells
E2L1_GTCGAATCACAACGTT,Hematopoietic stem and progenitor cells
L5_CGGAACCAGTGGCGAT,Plasma cells
L5_TCGGGTGAGGGCATGT,Erythrocytes
E2L7_TTGCATTCAGTTAGGG,NK cells
L1_TTTGGAGGTAGCACAG,Hematopoietic stem and progenitor cells
L4_GGAATCTAGCCTTGAT,Memory CD8+ T cells
E2L3_GTCACTCAGATAACAC,Plasmacytoid dendritic cells
E2L7_CTTACCGCACCGTGGT,B cells
L2_GTCGCGAAGATGGCGT,Hematopoietic stem and progenitor cells
E2L7_AAGGTAACACGTCGTG,Non-classical monocytes
L1_GGGCTACCAGCTTTGA,Plasmacytoid dendritic cells
L2_GGTCTGGCAGGCCCTA,Memory CD8+ T cells
L2_GAATCACCATACGCAT,Memory CD8+ T cells
E2L7_GGTGTTACAATTGCGT,Effector CD8+ T cells
E2L7_GTAGAAATCGAGAACG,Classical monocytes
E2L7_ACTTCCGGTTTAGACC,Effector CD8+ T cells
E2L4_ATTACCTCATTGTACG,B cells
L5_TCAGTTTTCACCGGTG,Proliferating T cells
L3_ATTCAGGAGTCGGGAT,Naive T cells
E2L5_TTTGGTTTCGAGTTGT,Plasma cells
L3_TAACCAGAGGAAAGAC,Classical monocytes
E2L2_AGTAGCTCAGCGAACA,cDC1
L5_CTTCTCTTCGTTCTCG,CD4+ T cells
E2L1_TACTTCAAGAGAGAAC,Naive T cells
L3_GTCCCATGTGCGAGTA,Proliferating T cells
E2L4_GCGGAAAAGCATCAAA,B cells
L4_CGTCCATAGATACAGT,B cells
L1_AGTACTGTCGGATTAC,Hematopoietic stem and progenitor cells
E2L4_ATGAGTCAGAAACTGT,CD4+ T cells
L2_AATCACGTCGGCACTG,Non-classical monocytes
L5_TCCAGAACAGAGGACT,Memory CD8+ T cells
L4_TGTAGACAGTAAAGCT,NK cells
L1_TGTCAGACAAGTGTCT,B cells
L3_TGCTGAACAACGCCCA,Memory CD8+ T cells
E2L4_ATCCTATTCATTCATC,cDC1
L5_GCATCTCGTGCTATTG,Hematopoietic stem and progenitor cells
L4_GAAGCCCGTTACAGCT,Effector CD8+ T cells
L1_ACCGTTCCAACCCGCA,NK cells
L3_TTCTCTCAGCTTGTTG,Non-classical monocytes
L5_ATCATTCGTACCCAGC,B cells
E2L5_CAGTTAGGTCTCACAA,cDC2
L4_GGTTAACAGCTATCCA,Naive T cells
L5_CTCAGTCCACTGCTTC,Naive T cells
L5_GGATGTTGTATGGAGC,Naive T cells
L2_TACGTCCGTGATGGCA,Effector CD8+ T cells
L2_CCAAGCGAGAAACACT,CD4+ T cells
E2L3_GTCGTTCTCTCGTGAA,B cells
L1_CAACGGCGTCCACTCT,Memory CD8+ T cells
E2L7_TAAGCCAGTAAGACCG,cDC2
E2L5_GCAGCCACACCTGAAT,CD4+ T cells
E2L4_AACCCAAAGCAGGTCA,Classical monocytes
L1_AGGATAATCGGTCACG,cDC1
E2L7_TAATTCCCATCTGTTT,CD4+ T cells
L4_CTGATCCAGGTAAGGA,Effector CD8+ T cells
E2L3_CACTGAACATGAGAAT,CD4+ T cells
E2L1_ATGGTTGTCGTTGTAG,Effector CD8+ T cells
E2L1_AAGGAATCAAGAGGCT,NK cells
E2L6_GGGAGTAGTGACTATC,CD4+ T cells
E2L7_AGGCCACAGATGATTG,B cells
E2L6_CCTGCATGTCGCCACA,Effector CD8+ T cells
L1_TCACATTCACACTGGC,Hematopoietic stem and progenitor cells
L5_CGTCAAAAGCCATTTG,Innate lymphoid cells
L1_TCATTTGAGTGATAGT,Naive T cells
E2L4_GTAGGTTTCTGAGTCA,B cells
L2_TGGTGATAGTACTGGG,Naive T cells
L3_CAAGAGGAGGCTGAAC,Naive T cells
E2L8_AAGAACACAGAGATTA,NK cells
L3_CGAGAAGTCATTGGTG,NK cells
L5_TGAATCGCACGTCTCT,Effector CD8+ T cells
E2L4_CGATGGCAGTCGCCCA,cDC2
E2L2_GCAGGCTCAACGTTAC,CD4+ T cells
L4_AGGGTGAAGGATTCAA,Plasma cells
E2L8_ATAGAGAGTCACGCTG,CD4+ T cells
E2L8_GCTTTCGTCCGGTTCT,cDC1
L4_TCCCATGCAAGTCCAT,CD4+ T cells
L3_AGGGTTTAGTGGTGAC,Non-classical monocytes
L5_TCCGGGACAGTCCCGA,Proliferating T cells
E2L1_CTGCATCAGGTACCTT,NK cells
L3_GTCCTCACAGATGCGA,Memory CD8+ T cells
L3_CCGCAAGAGTAATACG,B cells
E2L7_CTCAGTCGTAAGCTCT,Plasmacytoid dendritic cells
L4_TAATCTCGTGACATCT,Effector CD8+ T cells
E2L7_GGTTCTCAGCTGTTCA,NK cells
E2L5_CGAGTTAAGTAAGACT,CD4+ T cells
L2_CTCTCAGCATTGCAAC,Naive T cells
E2L2_GTAGTACCAAGTTCCA,Innate lymphoid cells
E2L2_CAGATTGCACCCAAGC,B cells
E2L4_TATCCTATCATTATCC,B cells
L5_TGACAGTCAGATTCGT,Naive T cells
L5_TGCTTCGGTAGCGCTC,
L2_CCTCACACACGCTGAC,Plasma cells
L5_CTGGACGGTTGTGCAT,Naive T cells
L2_AGTACTGCATCGTCCT,Proliferating T cells
L5_TCGGGTGCATGCACTA,NK cells
L1_TCCCATGCACCAGCGT,Effector CD8+ T cells
E2L4_ACTGTGAAGTAAGACT,Plasmacytoid dendritic cells
L3_GGTGGCTGTAATCAGA,CD4+ T cells
L5_GGGTAGATCGAAGAAT,CD4+ T cells
L5_CTTCTCTCATCCCACT,CD4+ T cells
L3_AGTCACACATGAGGGT,NK cells
L2_GACTGATCATCGATGT,CD4+ T cells
E2L7_GTAGAGGTCGGATACT,CD4+ T cells
E2L5_TTGCGTCCACAGTCAT,cDC2
E2L8_CGAGTGCGTTGCTCCT,Plasma cells
E2L4_GGAGGATAGTGCACCC,Non-classical monocytes
L1_ATTACCTCAACCCTCT,Effector CD8+ T cells
E2L3_TACATTCCAACAAGTA,cDC2
L2_TCGGATACATCCGTTC,B cells
L2_CTGATCCGTGAGTTGG,Plasma cells
E2L7_TGTTGAGCACAACGCC,B cells
L1_CCACGTTAGGGTGAGG,Naive T cells
E2L4_CATGCCTCAACGGCCT,CD4+ T cells
L4_TGAGCATCAGTTGGTT,NK cells
L3_TGCTCGTAGAATTCAG,CD4+ T cells
L4_CAATCGATCGAACCTA,CD4+ T cells
E2L2_ACAACCATCGCCTTGT,cDC2
L5_CCGAACGAGGACAGCT,CD4+ T cells
E2L2_CAATGACGTACAAGTA,Platelets
E2L4_GTTCATTCACGCAGTC,Effector CD8+ T cells
E2L3_TGGTACATCTCCCAAC,CD4+ T cells
L3_AAGATAGTCAGACCCG,Effector CD8+ T cells
E2L4_AGAACCTCAAGGATGC,NK cells
L1_ATGGTTGAGTTTGTCG,B cells
E2L4_ACATCCCAGTAACAGT,Classical monocytes
L1_GGAGGATCATTACGGT,Non-classical monocytes
L4_CAGCAATGTGGATCGA,B cells
E2L1_TCACTATAGCTAGCCC,cDC2
L2_AGGGCCTTCAAGCTTG,NK cells
L4_GCCGATGAGCCTATTG,CD4+ T cells
L2_TCCTCGACACGGTGCT,NK cells
L5_AGCCAATGTTACAGCT,NK cells
L1_GTAAGTCCATCAGTGT,NK cells
E2L5_AACAACCCACTCTAGA,CD4+ T cells
L3_CGTTAGAGTATAATGG,Effector CD8+ T cells
L3_GGTAGAGGTAGGGTAC,CD4+ T cells
E2L6_CATTGAGTCGGACGTC,cDC2
E2L8_ATGCATGGTCTGATCA,Innate lymphoid cells
L4_TTAATCCAGTAGGATT,B cells
L3_TAGTGCAAGGCAGGTT,NK cells
L1_ATTCAGGTCGACTCCT,Memory CD8+ T cells
E2L6_GACTCAAAGGTAACTA,Effector CD8+ T cells
L3_CGTGATACAACATCGT,Innate lymphoid cells
L5_ATCGTCCGTCGTAATC,Effector CD8+ T cells
E2L6_GCTTTCGGTACAAGTA,B cells
E2L6_GTACAGTGTGGACTAG,Classical monocytes
L2_GAAGGACCACGCACCA,Proliferating T cells
E2L3_ATGGATCTCATGCGGC,cDC2
E2L5_CGCATGGCAGCTACCG,CD4+ T cells
E2L5_TCGATTTTCCAACCGG,Memory CD8+ T cells
L1_TTGTGGATCGAGAAAT,Naive T cells
L3_GCCGATGCATGTGGCC,Non-classical monocytes
L4_TCTAACTAGACGATAT,Naive T cells
E2L2_CACTGTCGTCAAGCGA,CD4+ T cells
E2L3_CGCATGGAGATGGGCT,CD4+ T cells
L5_AGGTGTTAGACCAGAC,B cells
E2L1_TAAGTCGAGCTTTCTT,Plasma cells
E2L3_TCCCACAAGTGAGCCA,Platelets
E2L7_TGGGATTGTTCGGCGT,CD4+ T cells
L5_TCCCATGGTTGGAGAC,Memory CD8+ T cells
E2L2_AACCACACAGGCGATA,NK cells
E2L6_ACCTGTCAGTGCGCTC,Innate lymphoid cells
L4_TGAATCGCATCTAACG,cDC2
L4_ACAGGGAAGGCTGTAG,Classical monocytes
L4_TCTCACGCACTGGCGT,Classical monocytes
E2L1_GTACAACCAGTAACCT,Classical monocytes
L5_GCCAGTGTCGGTAGAG,Effector CD8+ T cells
E2L2_CTGTGAATCCGGTTCT,NK cells
L4_TTACCGCTCGTAGGGA,Plasmacytoid dendritic cells
L4_ATCGGCGAGCCAAGCA,Naive T cells
E2L6_ACTGTCCGTTATGACC,CD4+ T cells
L2_TGAATGCGTCAAAGCG,Naive T cells
L3_GGGCCATGTTGTCATG,Naive T cells
L5_AACAGGGTCGATTCCC,Effector CD8+ T cells
L3_ACACCAATCATTGTTC,NK cells
E2L5_TGGAACTCAGCTCGGT,Memory CD8+ T cells
E2L1_AGCGCCATCTTCGATT,Effector CD8+ T cells
E2L2_GCTACCTCAAGTGGAC,CD4+ T cells
E2L7_AAACCCAAGTGGATTA,Effector CD8+ T cells
E2L1_GGAATGGCACTAGTAC,Plasma cells
E2L2_AACAGGGCAGGCGAAT,NK cells
L2_CATGGTATCAGCTGAT,Proliferating T cells
E2L3_TCATCCGGTAATACCC,B cells
E2L2_AAACGCTGTGATTAGA,CD4+ T cells
E2L8_TGTTACTGTTGTACGT,NK cells
L1_CGTTGGGTCGACCAAT,Non-classical monocytes
E2L5_CGTGATATCAAGAGTA,B cells
L5_GATAGCTAGCAGCAGT,Non-classical monocytes
E2L4_ACCTACCTCCGAGGCT,B cells
E2L8_ATCCTATCACGGATCC,B cells
L3_TTCCGTGAGACCACGA,CD4+ T cells
E2L7_GTTGCGGAGAGTCAAT,Platelets
L1_TCCATCGCACACCGCA,Naive T cells
L3_TCGGTCTGTATATGGA,Effector CD8+ T cells
L3_TTTATGCGTGCCCACA,Plasma cells
E2L1_ATGATCGCAACTGAAA,Non-classical monocytes
L2_TCCAGAATCTGTAACG,CD4+ T cells
E2L8_CCCTAACGTCTTAGTG,B cells
L3_CCTGCATTCCGTGGCA,Plasma cells
L3_AGGTAGGCAGTAGTTC,CD4+ T cells
E2L8_TGGATGTTCCACGTCT,Plasma cells
E2L1_AAGTGAAAGCACCGAA,Plasma cells
E2L3_CACTGAATCCGCGATG,B cells
L2_TAGAGTCCATGCAGCC,B cells
L5_TGTTGGATCGGTCGAC,Naive T cells
E2L7_TGGATGTCAGGCCCTA,Memory CD8+ T cells
E2L7_GCTTCACGTACAACGG,CD4+ T cells
L4_TCAAGCAGTTCCCAAA,Hematopoietic stem and progenitor cells
L4_CAGGTATCACGGTGCT,Memory CD8+ T cells
E2L5_ATCGGATCACAGCTTA,B cells
E2L8_AAGCGAGCAAATTGGA,Memory CD8+ T cells
L3_ATCGTGATCTGCGTCT,Hematopoietic stem and progenitor cells
L4_TCTCCGAAGAGCCCAA,Naive T cells
E2L3_GGGCGTTCATATAGCC,Non-classical monocytes
L1_GCTTGGGTCACAGTGT,NK cells
E2L4_AGGTCATTCGGCTTGG,Effector CD8+ T cells
E2L1_GTTCCGTTCCCGTTCA,CD4+ T cells
E2L3_AATTCCTAGGTCGTGA,CD4+ T cells
L2_TGTGTGAGTGAACCGA,Naive T cells
L3_AGAAGCGGTCGTACTA,B cells
E2L4_TGTTACTGTGCCTTTC,Proliferating T cells
L2_CATCCCAAGGTAAACT,CD4+ T cells
E2L3_GTGCTGGTCATCGCCT,CD4+ T cells
L4_CAATGACAGTTGCCCG,Naive T cells
E2L3_TGATGCAAGTAGGCCA,B cells
E2L2_GTGCTTCTCCGTGACG,cDC1
L5_TATCTGTTCACACCCT,Naive T cells
E2L3_TGAGTCAAGACTTCCA,NK cells
E2L8_TAAGCACAGAGCATCG,NK cells
L5_AGGAAATGTTTAGAGA,Hematopoietic stem and progenitor cells
E2L1_GTTACCCGTTTCCAAG,cDC2
L4_CAGCGTGGTTAGGACG,CD4+ T cells
L4_CTAGGTAAGCGCAATG,Naive T cells
L4_ATCACAGAGGCATCTT,Naive T cells
E2L4_GATCATGCAGTTCTAG,NK cells
L3_TCTACCGAGTGTTGAA,Classical monocytes
L2_AGGTTACCAGGGATAC,Naive T cells
E2L8_ATGGATCCAATAACGA,Non-classical monocytes
E2L3_CGAGGCTCAGATTAAG,Plasmacytoid dendritic cells
E2L6_ACGTAGTAGGTGATCG,Non-classical monocytes
L2_TCCTGCAAGCACTTTG,Naive T cells
L1_TACTTCAAGAGGTCGT,Plasmacytoid dendritic cells
E2L5_GCAGGCTGTTCTGAGT,Innate lymphoid cells
E2L2_ATTCCATGTATCTCTT,B cells
E2L7_CTGAGGCCATAACTCG,Effector CD8+ T cells
E2L4_CTCATCGCAGAGTTGG,NK cells
E2L5_TACTTCACAAAGAGTT,Plasmacytoid dendritic cells
L1_TAGATCGAGGCGTTGA,Naive T cells
E2L6_TAGGTACGTGGTAACG,CD4+ T cells
E2L6_CACGTGGCAGAGGTAC,Non-classical monocytes
L4_ACAAAGAGTGCACATT,Naive T cells
E2L5_ACCACAATCAATGCAC,CD4+ T cells
L4_CATGGTATCAATGCAC,NK cells
L2_CTAGGTACAAGGTCGA,B cells
L4_GCGATCGTCCGTGTGG,cDC1
L4_GATTTCTTCAGCTAGT,Hematopoietic stem and progenitor cells
L3_TACTGCCGTTCACGAT,Non-classical monocytes
E2L1_CATCCCATCCGCACGA,cDC1
E2L5_GCCGTGACAGTCAGTT,Proliferating T cells
E2L5_TTTCAGTCAATAACCC,CD4+ T cells
L5_AGGAGGTCATCCTTCG,cDC1
L4_TGGTGATGTCACTAGT,CD4+ T cells
L3_GGGACCTAGTCAACAA,Plasmacytoid dendritic cells
E2L3_ACTGATGTCGTAGTCA,Platelets
E2L7_GTTACCCAGCCTAACT,B cells
E2L2_GGTCTGGGTGCATTAC,CD4+ T cells
L1_ATATCCTCATGCCATA,Naive T cells
L2_GGCTTTCCATGGCGCT,Effector CD8+ T cells
L5_TGTGAGTAGTACAGAT,Memory CD8+ T cells
L4_GCAGCCATCCTGGCTT,CD4+ T cells
L3_TACAACGCATGCCATA,Plasmacytoid dendritic cells
E2L4_TTCCAATAGGTAAGGA,NK cells
E2L7_TTGGATGCAATGTCTG,CD4+ T cells
E2L4_AGCCAATCAAACTAAG,Naive T cells
E2L8_GTGTGATAGTATGCAA,B cells
L1_AGGACTTGTCCTGTTC,
L2_TGGAACTGTTGTCTAG,Naive T cells
E2L5_ATCGATGGTTCCTTGC,cDC2
E2L1_GATGTTGTCTCCGTGT,Proliferating T cells
E2L3_AGCCAGCCAGCACAAG,Plasmacytoid dendritic cells
L4_GATAGAAGTACAAACA,Effector CD8+ T cells
E2L5_TTAGGCATCTTCGTAT,NK cells
E2L6_ATCACAGTCAATGTCG,Proliferating T cells
E2L2_ACCCAAACATTGTAGC,cDC1
E2L3_CTGTAGAGTTTCGACA,Hematopoietic stem and progenitor cells
E2L2_TCCATCGCAAACTCTG,Effector CD8+ T cells
L2_GAGGCAAAGTGGTCAG,cDC2
E2L6_GCAGCCATCGTGGGTC,Plasmacytoid dendritic cells
L2_TTAGGGTCACTCTAGA,Classical monocytes
E2L5_CTAGGTACAAGTAGTA,NK cells
E2L2_ACAGCCGAGGACCCAA,Memory CD8+ T cells
L3_TCCGGGATCCTCTAGC,Naive T cells
E2L3_TGTAGACGTACCAGAG,Proliferating T cells
L1_GAGGCAAAGGTCTGGA,Naive T cells
E2L4_AACAAAGCATAGGTTC,CD4+ T cells
L1_CAGATTGAGAAACTCA,Naive T cells
E2L4_TGACCCTCAGCGACAA,Proliferating T cells
E2L1_GTGTTAGAGTTACGAA,B cells
L1_GGTCTGGTCACTCACC,Proliferating T cells
E2L6_ACGGGTCCATACGCAT,Platelets
L3_TACTTGTAGTCACTCA,Naive T cells
E2L8_GTAGGTTTCAGTGGGA,cDC1
L2_TTGTTTGAGTAATCCC,NK cells
L4_TTTGTTGTCGAATGCT,Naive T cells
E2L8_TCCTCCCAGAGCCATG,Non-classical monocytes
E2L1_GCCGATGGTCAGTCTA,NK cells
E2L6_TGACGCGAGCAGTCTT,Innate lymphoid cells
E2L6_TTTAGTCGTCAGTCCG,Effector CD8+ T cells
E2L1_CCTACGTCAGCGTATT,NK cells
L5_ATTCTTGAGAGAATCT,CD4+ T cells
E2L4_CCACGAGAGACGCAGT,NK cells
E2L6_CCGTGAGAGCTTACGT,cDC2
E2L2_TGGTACACATAGACTC,Classical monocytes
E2L4_GGTGATTAGGGAGGCA,cDC1
E2L3_GTTACAGCACAGCTGC,Effector CD8+ T cells
E2L5_TTCCAATAGAGGGTCT,Classical monocytes
E2L1_TCTGTCGTCCTACCAC,CD4+ T cells
L4_GTAACCACATTCGGGC,Naive T cells
E2L7_GTACAGTAGAGGTCAC,CD4+ T cells
L1_GTAATCGAGTCAATCC,Naive T cells
E2L5_TTTGGTTTCGAACCTA,Plasmacytoid dendritic cells
L2_TTACCGCCATAACTCG,Naive T cells
E2L2_TCGTAGAAGATACATG,Plasmacytoid dendritic cells
L5_CACATGATCTGACGCG,Effector CD8+ T cells
E2L5_CCTCCAAGTTGATGTC,Innate lymphoid cells
E2L5_GTGGAAGTCTCGTGAA,NK cells
L5_TCCTAATCACCTTCCA,Naive T cells
E2L8_TCAATCTCACACCTTC,B cells
L2_TCAGTGAAGTGAACAT,Hematopoietic stem and progenitor cells
E2L6_CGATCGGGTAACATAG,CD4+ T cells
L4_TGGAGAGAGCACGTCC,CD4+ T cells
L3_TGCAGATCAGCCTACG,cDC2
L5_GTGGTTAGTACAGCGA,Memory CD8+ T cells
E2L4_ACCTGAAAGGACTATA,CD4+ T cells
L1_AAACGAAAGTTGAATG,Memory CD8+ T cells
L5_CAGAGCCCACGAGGTA,Classical monocytes
E2L5_CATTCATAGATGCGAC,cDC2
E2L6_ACTTCCGGTCTTAGTG,cDC1
L2_TATTGCTGTGTTCGAT,Plasma cells
E2L7_TAGCACACATTACGGT,Effector CD8+ T cells
L5_GACCCAGTCACTGTTT,Naive T cells
L5_CGAATTGGTTTGTGGT,Proliferating T cells
E2L5_CATGCGGGTTTAGTCG,NK cells
E2L7_GCATTAGTCGCAGTCG,cDC2
L1_CTTGATTAGGAAGTAG,Naive T cells
L5_CATCCCAGTCATGGCC,Hematopoietic stem and progenitor cells
L5_AAAGGGCGTCACTTCC,Memory CD8+ T cells
L4_CTACCTGTCATTCACT,Naive T cells
L5_CTGTGGGCACTGCACG,NK cells
E2L8_CATACCCCATCCTAAG,CD4+ T cells
L4_TTTGTTGTCGTCCATC,Effector CD8+ T cells
L3_TGGAGGAGTTCTCTAT,Non-classical monocytes
E2L8_ACTTTCATCTCGTGGG,CD4+ T cells
E2L8_TGTGTGAAGACCAGAC,B cells
E2L3_AGTCAACTCGGTCGGT,cDC2
E2L1_AAGACTCTCGCTAGCG,Effector CD8+ T cells
E2L1_CATGAGTAGCTTTGTG,B cells
L3_TTTACGTTCAAGGAGC,Non-classical monocytes
E2L3_GGTGAAGAGGACACTG,CD4+ T cells
E2L1_CTTGAGATCCGGCAGT,Classical monocytes
L1_GCCGTGAGTCGAGTGA,CD4+ T cells
L1_GGCTTTCTCCTCACGT,Non-classical monocytes
L3_GAAACCTAGATGTTGA,Plasmacytoid dendritic cells
L4_AGTCATGCAAGGGCAT,Naive T cells
E2L3_TGGTTAGCATTGCTTT,Effector CD8+ T cells
E2L3_GTTGTCCCAGTGCCTG,CD4+ T cells
E2L8_CAATACGCACGGTGCT,Effector CD8+ T cells
E2L5_GCATCTCAGGAACGCT,Platelets
E2L6_CTCTGGTAGACGTCGA,Classical monocytes
E2L3_TTGATGGGTATGCGGA,Innate lymphoid cells
L5_TCGAAGTTCTATCGTT,cDC2
E2L8_TCGCACTTCCGCTGTT,Effector CD8+ T cells
E2L1_AGGGTTTTCCGCGGAT,Effector CD8+ T cells
E2L2_GGGTTTACACATGTTG,Non-classical monocytes
E2L4_GCAGCCAAGACATGCG,cDC2
L4_GCCAGGTGTTTACGTG,Effector CD8+ T cells
E2L1_ACACTGAAGTCATAGA,Effector CD8+ T cells
E2L5_TGTAGACGTACAAACA,NK cells
E2L6_AAACCCATCAACTGGT,CD4+ T cells
L1_ATTCATCAGCCTGACC,CD4+ T cells
E2L4_TTACTGTTCTACTGCC,Plasma cells
L3_ACGGTTATCAAGCCCG,Hematopoietic stem and progenitor cells
E2L5_GTCTTTATCCTGGGTG,B cells
L1_CAGGGCTGTCTTCGAA,Proliferating T cells
E2L4_CAACAACGTCCCTGTT,Effector CD8+ T cells
L5_AATCACGAGAGCCCAA,Plasma cells
L1_AGATCGTGTGTCTTCC,CD4+ T cells
E2L8_AATCGACCAACGGCCT,NK cells
E2L4_ACTGTCCGTCACCACG,CD4+ T cells
L5_CTGAGCGAGGTGCAGT,Naive T cells
L4_TATCTTGGTTACACTG,CD4+ T cells
L3_TACAGGTGTAGTTACC,NK cells
E2L7_CGGGTCATCGTACACA,CD4+ T cells
L4_ATTCATCTCCCATACC,cDC1
E2L6_ATTCACTGTTAAACAG,B cells
E2L8_AAGTTCGAGGATTTAG,CD4+ T cells
L1_CGATGGCAGACCAACG,Effector CD8+ T cells
E2L4_TGAGGTTTCAAGTAAG,Classical monocytes
E2L6_CCTCAACTCGACGTCG,Effector CD8+ T cells
L4_CTGTCGTCAAGAAACT,Naive T cells
L4_CATTCATAGTGATGGC,Naive T cells
L1_GATCCCTGTTAAGGAT,Effector CD8+ T cells
E2L2_CAGCAGCAGTAGGGTC,Effector CD8+ T cells
L4_CCGGACACACCTCTAC,Classical monocytes
L2_TTGGTTTGTTCAGCGC,Plasma cells
L1_TGTGGCGTCCACACCT,cDC2
L5_ATCACTTCAGAACCGA,Naive T cells
E2L8_AGGGCTCGTGTCATCA,B cells
E2L3_TTCTAGTTCAAGATAG,NK cells
E2L5_CATTGAGGTAGCTTGT,CD4+ T cells
L3_AAAGGGCTCGCTGTTC,Non-classical monocytes
L1_AAGAACATCAAAGCCT,Hematopoietic stem and progenitor cells
E2L5_CATGCCTGTCGTATGT,Proliferating T cells
E2L3_CTTAGGATCCCTTTGG,Hematopoietic stem and progenitor cells
L3_TCCACGTAGGTCACCC,Effector CD8+ T cells
E2L5_GCCAGTGTCACCTGTC,Plasmacytoid dendritic cells
E2L1_ATGACCAGTAGTATAG,Plasma cells
E2L1_TAAGCACGTAGTATAG,Effector CD8+ T cells
E2L6_TTTACCAGTTGAAGTA,Platelets
L2_GGGACTCTCGGCCCAA,Non-classical monocytes
L1_GGCTGTGCAACTGTGT,CD4+ T cells
E2L2_GGGAGTAAGAGAGAAC,Plasmacytoid dendritic cells
E2L4_AGCCACGCAATGTGGG,Innate lymphoid cells
L2_CTATAGGCATGCGGTC,
E2L1_AGTAGTCCAGTTCTAG,Effector CD8+ T cells
E2L6_TGTTGGACAGAAATCA,NK cells
L3_AGGGCTCCAAAGCAAT,NK cells
L3_TCTGCCATCCACCTGT,Naive T cells
E2L3_TGCATCCCACGACAGA,CD4+ T cells
E2L3_TCAGTCCGTGCTGATT,Innate lymphoid cells
E2L4_TGTTCATAGCAACAAT,CD4+ T cells
L4_GGGCGTTAGCGGGTTA,Naive T cells
L1_TGGTAGTAGGGTTAAT,Naive T cells
E2L2_TGCCGAGAGAATACAC,CD4+ T cells
E2L8_TACGTCCCAATCTCGA,B cells
L1_TGGATGTAGACGGAAA,Hematopoietic stem and progenitor cells
E2L4_CTCTCAGGTGACTGAG,NK cells
E2L8_TTCTAGTTCACGGTCG,Effector CD8+ T cells
E2L6_GTCACTCCAAGCTACT,Classical monocytes
E2L5_TCATACTGTTCGTTCC,CD4+ T cells
L2_ACTTAGGAGTAAACGT,cDC1
E2L8_CATTGAGTCTCTATGT,CD4+ T cells
E2L3_GGTGTCGGTATCAAGA,Classical monocytes
E2L1_ATCTTCAAGTGGGAAA,Plasmacytoid dendritic cells
E2L8_TGAGGAGCATCTCCCA,NK cells
E2L4_ATGGTTGAGCCTCCAG,B cells
E2L4_TTTCCTCGTGGCAACA,CD4+ T cells
L2_GAAGCGACAGAATCGG,Effector CD8+ T cells
E2L4_CTGTGGGGTCACTTAG,B cells
E2L4_CATGCGGGTATAATGG,cDC2
E2L6_TGTTCATGTCGTAATC,Memory CD8+ T cells
E2L4_CATTCCGAGATGGCGT,Proliferating T cells
L1_ATTGTTCGTCTCAGAT,Classical monocytes
E2L5_TGCGGGTGTACACGTT,NK cells
L3_TGACAGTCAGCGTGAA,B cells
L2_GTAAGTCAGCGCAATG,Naive T cells
E2L1_AAGACAACACGATAGG,B cells
L4_GTAGGAGAGTGCTCGC,B cells
E2L5_AGGACGATCCATAGGT,NK cells
L3_CACACAACAGCAGACA,Effector CD8+ T cells
L1_CGGAGAAAGCAAACAT,Naive T cells
E2L1_TGTTCCGGTATCTTCT,Effector CD8+ T cells
L1_ATCCATTTCTCGGTCT,Plasma cells
E2L6_TTGCTGCAGCACCGAA,B cells
E2L8_ATTCTTGCAAGGCGTA,NK cells
E2L7_GAAGCGAGTACGTTCA,CD4+ T cells
L3_CCGTTCAAGCGTTACT,CD4+ T cells
L1_CTGTAGAGTGGCAGAT,Naive T cells
L2_AGAGAGCCACGAGGAT,Erythrocytes
L1_CAATGACGTCCTCAGG,CD4+ T cells
L4_TTCCAATTCAGGTGTT,NK cells
E2L3_TCCACGTCACTAGGCC,cDC1
L1_AGAGCCCAGGCCATAG,CD4+ T cells
E2L7_GGGTCACAGTAAGGGA,NK cells
E2L8_CCTGCATAGACTCGAG,CD4+ T cells
L4_CGGGTGTAGGTCGTAG,Naive T cells
E2L6_CACTTCGTCGTGTTCC,cDC2
L5_TGTACAGTCTGGCCGA,Naive T cells
L5_GACACGCGTCCCTGTT,Memory CD8+ T cells
L2_GTAGGTTAGCGGACAT,B cells
E2L3_GCCATGGAGAGGTTTA,Effector CD8+ T cells
E2L8_GATTCGACATTGCAAC,B cells
E2L1_TTAATCCTCTACACAG,Non-classical monocytes
L4_CCTCATGTCTCGGTCT,CD4+ T cells
E2L7_CTCCTCCGTCGTTTCC,Plasma cells
E2L6_TGTAACGCAGACTCTA,CD4+ T cells
E2L6_CCACTTGGTAACGGTG,CD4+ T cells
L4_TGCAGATAGACCATAA,Classical monocytes
E2L4_CATCGCTCAATAGGGC,CD4+ T cells
E2L5_TGCCGAGAGGTCACCC,B cells
L1_ACCGTTCAGATGCTAA,NK cells
E2L2_CCGAACGGTTTCACTT,CD4+ T cells
E2L8_CAACAGTCAGGATTCT,cDC1
E2L7_TCTCACGGTCTTACTT,CD4+ T cells
L5_GCACGGTTCATTCACT,CD4+ T cells
E2L8_GTGGAAGCAGTTTCGA,Non-classical monocytes
E2L3_TCCCACAGTGAGTAGC,Memory CD8+ T cells
E2L5_ACAGCCGCACCCTCTA,CD4+ T cells
L5_ATCGTGAGTTGGCCGT,B cells
E2L7_GGGTTTACATATAGCC,CD4+ T cells
L1_GAATCGTCATACTGTG,Hematopoietic stem and progenitor cells
E2L1_AGAAATGGTCTAGATC,Plasmacytoid dendritic cells
E2L1_AGCCACGCATCCGTGG,B cells
E2L6_TCCTCCCAGCAGTCTT,
E2L8_AACCCAACACCAGCCA,B cells
E2L1_ACTTAGGAGGGTACGT,Proliferating T cells
L5_AAAGTCCTCACGGGCT,Effector CD8+ T cells
E2L1_TCACGGGGTCGAGCTC,Non-classical monocytes
E2L5_GACGTTACAGCGGTTC,Proliferating NK cells
E2L1_GTGAGCCCAAGTCCAT,B cells
E2L8_ACGTAGTCAAAGGCGT,NK cells
L5_TTGGATGGTTAAAGTG,Naive T cells
E2L3_AGCCAATCACCTCTAC,Proliferating NK cells
E2L1_AGGGCTCGTGGGAGAG,B cells
L5_CGAAGTTAGGGAGGCA,CD4+ T cells
L5_GGTGAAGTCGACACCG,NK cells
E2L8_AGTTCCCCAATTTCTC,Plasmacytoid dendritic cells
E2L4_TGAGTCAGTAAGATTG,NK cells
E2L7_GCACGGTTCCGCGGAT,Plasma cells
L4_GACTTCCAGGGTGGGA,Hematopoietic stem and progenitor cells
E2L1_AACAACCTCGCGCTGA,Effector CD8+ T cells
E2L2_GAAGAATGTAATACCC,Classical monocytes
L5_TCCGTGTCAATGTCTG,B cells
L3_CTACCTGGTACCTTCC,B cells
E2L4_GTAGGAGGTCGTGGAA,B cells
L1_CTGAATGAGTCTAACC,CD4+ T cells
E2L6_CAGATACTCGCCTAGG,Plasmacytoid dendritic cells
L1_TCGCACTAGCAATTCC,
E2L6_TCTTCCTCAGACTCTA,B cells
L3_TATCAGGCAAGCTACT,CD4+ T cells
E2L6_CAAGCTACAACGATTC,Platelets
E2L7_ATCACGACATGCCGCA,Effector CD8+ T cells
L2_TCCCACACACAAAGCG,Naive T cells
E2L7_ATGAGTCAGCTTAGTC,B cells
L3_TCATCCGCACAGTCCG,CD4+ T cells
L1_GTCACTCAGGACGCTA,Naive T cells
L3_AGCTACAGTCAACGCC,CD4+ T cells
E2L5_TGAGCATCAGATGCGA,NK cells
L5_AACAGGGCACCTTCGT,CD4+ T cells
E2L2_ATATCCTCAACGTAAA,Effector CD8+ T cells
E2L8_TTACTGTCAGTGTACT,Innate lymphoid cells
L4_ACATCCCGTTCATCGA,Plasmacytoid dendritic cells
E2L3_GCCAACGCATCTAGAC,NK cells
E2L5_CAGAGCCAGAAGCGAA,Plasma cells
E2L7_AAAGAACAGCATTGTC,Effector CD8+ T cells
L4_TGGGTTACAGCTGGTC,CD4+ T cells
E2L5_GCTACAAAGGGAGTGG,Platelets
L2_AGCGCTGGTGTCCAAT,Effector CD8+ T cells
L4_GAGTGAGTCCTTGGAA,Hematopoietic stem and progenitor cells
E2L4_TTTATGCGTACAGGTG,CD4+ T cells
L2_TCAGGGCCACGTACTA,Naive T cells
L4_TGCTGAATCGACCTAA,Effector CD8+ T cells
L1_GTAACCAGTGCCGTTG,Non-classical monocytes
L1_CGGGTGTCATCGAGCC,Effector CD8+ T cells
E2L5_TACGTCCCAGGTTACT,NK cells
L4_GCACTAAAGGGTTGCA,Naive T cells
L2_TCGAACAGTATCGTGT,Naive T cells
E2L3_CTGTCGTAGCTTGTTG,NK cells
L3_GTAGGAGAGTGTTCCA,Memory CD8+ T cells
L1_TGCGACGTCCATCTAT,
E2L5_TGTGATGAGCATGAAT,Effector CD8+ T cells
E2L2_ATGTCCCGTGGCATCC,CD4+ T cells
E2L3_ATTACCTTCAAAGAAC,Effector CD8+ T cells
L5_CCACTTGGTGAGATTA,CD4+ T cells
E2L8_AATTCCTAGTGCCGAA,CD4+ T cells
E2L2_TCGGGTGGTGACAGGT,B cells
E2L2_ATATCCTAGCAATTCC,Effector CD8+ T cells
L3_GAGGCCTAGCCGATAG,Non-classical monocytes
E2L2_TAATTCCAGAAATGGG,B cells
E2L1_TTTCCTCAGTATGAAC,Classical monocytes
L3_AACCAACGTAGGACCA,Hematopoietic stem and progenitor cells
E2L2_GTCACGGGTCGGTACC,NK cells
E2L3_ATTCCCGCAGGTTCCG,B cells
L1_CTCAGTCCATCCGAAT,NK cells
E2L8_CCAATTTAGGATACGC,B cells
L2_GGTGTTATCCCGTTGT,Proliferating NK cells
L3_GGGAGTAAGGTAGGCT,cDC2
E2L7_AGGAGGTCAATCCTAG,CD4+ T cells
E2L5_TCACTATTCACCTCGT,B cells
L2_GATTCGAAGATACAGT,Non-classical monocytes
L3_CACGTGGCAGTCGCTG,cDC2
E2L6_GCTCAAAAGCATGCGA,Effector CD8+ T cells
L4_CTTCTCTAGCACGATG,Naive T cells
E2L8_GCCATTCCAGAGCTAG,NK cells
E2L3_GTGCTTCGTCAAGTTC,NK cells
E2L1_AGGGCCTTCCGTTTCG,CD4+ T cells
E2L2_GCAGTTAGTAGTGCGA,Plasmacytoid dendritic cells
L2_GACTCTCTCATCGTAG,Effector CD8+ T cells
E2L2_TTCTGTAAGCCTCAAT,CD4+ T cells
E2L4_TCCACGTCACCAAATC,CD4+ T cells
E2L7_AATGAAGCAGATCCTA,B cells
L4_CCTTGTGCAGATAAAC,Naive T cells
L4_TATCAGGAGATCACCT,B cells
E2L6_TGCGGCACATGCAGGA,Plasma cells
E2L1_GGGATGACAGTTACCA,Effector CD8+ T cells
E2L4_AGAACCTCACACACGC,Effector CD8+ T cells
L2_GGATCTAGTGTATACC,NK cells
E2L2_CAATCGAGTTGGGTAG,cDC2
E2L4_TGTTGGACACTATCGA,Effector CD8+ T cells
L2_TACGCTCAGGACACTG,Naive T cells
E2L2_TTGCCTGTCCACCTGT,Effector CD8+ T cells
L1_TACTTGTCAGACCTAT,Naive T cells
L1_GGAAGTGTCCGCGATG,Innate lymphoid cells
L5_GGGTCACAGCGACTGA,Effector CD8+ T cells
E2L7_GTGCGTGTCTCCAAGA,cDC2
L3_TTGAGTGCACACACGC,Naive T cells
E2L5_CTTCAATCACCTCTAC,CD4+ T cells
L1_CGGGCATAGACTCAAA,NK cells
E2L5_AAGGAATCACATATGC,Classical monocytes
L4_ATGACCACAACGAGGT,Naive T cells
L1_AGTGATCAGCTGAAAT,Memory CD8+ T cells
E2L5_AATTCCTTCGCTAATG,Memory CD8+ T cells
E2L1_GATTTCTAGTTCCGGC,NK cells
E2L6_CATGGATCAACTTGCA,CD4+ T cells
L4_AAGCATCTCGTTCAGA,CD4+ T cells
E2L5_CATACCCTCCGTCACT,NK cells
L4_CACTGGGGTTTCGGCG,Effector CD8+ T cells
L3_GGTTCTCCAAGCTACT,cDC2
L4_CCAAGCGTCCCGAGAC,CD4+ T cells
E2L2_GCAGGCTGTGTACAGG,CD4+ T cells
E2L5_CACCAAAAGATTCGAA,NK cells
E2L2_TCCGATCGTTTGTGGT,Platelets
E2L4_TCGACGGTCGCCAATA,Plasmacytoid dendritic cells
E2L7_GATTGGTCAATACCTG,CD4+ T cells
L1_ACACTGATCTGCATGA,Naive T cells
L1_GTGTGATTCTAAGGAA,Hematopoietic stem and progenitor cells
E2L4_CTCCTTTTCACGTCCT,cDC2
E2L3_AAAGTGATCTCGGTCT,Classical monocytes
L1_TGTAGACCATTGAAAG,CD4+ T cells
L5_TGTGATGAGTCACAGG,B cells
E2L1_TGGGTTACACAAGGTG,CD4+ T cells
E2L4_GTGGTTAAGAGAGTTT,Effector CD8+ T cells
E2L4_CATGCAATCACTCACC,
L5_CGCCAGACAGATTTCG,Effector CD8+ T cells
E2L2_TCTTGCGGTGACATCT,Classical monocytes
E2L6_AGGTTGTTCGCCTAGG,NK cells
L2_AACAAAGTCGCCAATA,Naive T cells
E2L6_ATCGATGCACGTGAGA,Effector CD8+ T cells
L4_TCTAACTGTGATTCTG,Effector CD8+ T cells
L1_GGGACAATCGTGAGAG,CD4+ T cells
E2L4_TGTCCCATCGAATCCA,CD4+ T cells
E2L7_ATCGCCTGTTAAGTCC,NK cells
L4_GAGATGGGTCTTAGTG,CD4+ T cells
L1_GATAGAATCGTAATGC,Naive T cells
E2L3_GTAGAAAGTCGTCAGC,NK cells
E2L4_CACGGGTGTACTAGCT,CD4+ T cells
E2L1_CACATGAGTGCTTATG,NK cells
E2L2_TTGCGTCTCCGGTAAT,CD4+ T cells
E2L4_AATAGAGTCTGGTTGA,NK cells
E2L7_GTTACAGCATGCCGAC,NK cells
L5_GTCTGTCAGGCGTTAG,Plasma cells
E2L1_GAGACTTAGCCATCCG,Non-classical monocytes
E2L6_GAGACCCTCGGCTTGG,cDC1
L1_GTGATGTAGGTCATTC,Hematopoietic stem and progenitor cells
E2L1_TACACCCAGCAGCGAT,Memory CD8+ T cells
E2L7_AACACACCATGAGGGT,Memory CD8+ T cells
E2L8_GTAGTACCACTGTTCC,Non-classical monocytes
L2_CCGAACGGTACCTAAC,Naive T cells
L4_AGGCTGCGTAGGATAT,cDC2
L4_TCGGATATCCCATAAG,Naive T cells
L1_TTCTCTCGTGAGCAGT,Naive T cells
E2L1_CATGGTAGTTTCGTGA,Effector CD8+ T cells
E2L6_TACGGTAAGAAATTGC,B cells
E2L2_TGTTACTGTCCACGCA,Effector CD8+ T cells
E2L8_CAAGCTAGTTATGACC,Platelets
E2L8_TTGAACGAGTTGGCGA,cDC1
L5_GTCTACCTCCAGTTCC,cDC2
L5_CCTGTTGGTACGGGAT,Plasmacytoid dendritic cells
E2L5_CATGGTACATTCAGCA,Effector CD8+ T cells
L1_TTCACCGCATTCATCT,Naive T cells
E2L7_AATGCCATCGACGTCG,Plasmacytoid dendritic cells
E2L4_ACTATTCCACTATCCC,CD4+ T cells
E2L3_GTAGCTAGTAAGATAC,Memory CD8+ T cells
E2L5_ATTCTTGTCAATCGGT,NK cells
L4_CGCGTGAAGGGAGGAC,Plasmacytoid dendritic cells
E2L6_GTTGAACCAGTTTCAG,B cells
L3_CAGATTGTCGCAACAT,Effector CD8+ T cells
E2L6_AAAGTGATCCAGGACC,Plasma cells
L2_TTGAACGGTGAGAACC,Non-classical monocytes
L3_AGACTCAGTGTCTCCT,Hematopoietic stem and progenitor cells
E2L8_TGTGGCGAGGTCTGGA,Effector CD8+ T cells
E2L5_CCGATGGTCGCCGAGT,Classical monocytes
L4_GAGGGTATCCAATCCC,Naive T cells
L5_GAGTGAGTCAACCTTT,CD4+ T cells
L3_CTATCTATCAGGACGA,Memory CD8+ T cells
E2L3_CTTACCGAGGAAGTAG,Non-classical monocytes
L2_AACAAAGGTCACTAGT,Effector CD8+ T cells
E2L1_GGGCTACCAAGCTGTT,B cells
L2_TCAGGTACAAGAAACT,Naive T cells
L5_TCCTGCAAGTATCTGC,NK cells
L3_AAAGGGCGTATTCCTT,Non-classical monocytes
L1_ACTGCAAAGCGCAATG,Hematopoietic stem and progenitor cells
L1_TGTGGCGCATGGCACC,CD4+ T cells
L2_ATCGTAGCACTTGTCC,Effector CD8+ T cells
E2L7_GCTTTCGCAGGCACTC,B cells
E2L5_TTTCATGCACCTCGTT,CD4+ T cells
L1_TTGGGCGAGACTCCGC,Effector CD8+ T cells
E2L5_CGATGCGTCGAACGGA,B cells
E2L3_TCCTAATTCATGCTAG,B cells
L3_CATGAGTCAAGAGGTC,Memory CD8+ T cells
E2L1_GTCTGTCTCGATGCTA,B cells
E2L3_GAGGCAAAGAAAGTCT,NK cells
E2L5_GGGACAAAGAATGTTG,Classical monocytes
E2L5_CTACAGACAGCAAGAC,Plasma cells
E2L1_CTACGGGAGTGCCGAA,NK cells
E2L4_TTGCTGCAGACGGATC,CD4+ T cells
L1_CGGGACTGTAACGTTC,CD4+ T cells
L3_CAGTTAGTCTCCCTAG,Naive T cells
L2_ATCGGATCACTAGGCC,NK cells
E2L5_TCAGTTTTCCATAAGC,cDC1
E2L5_AAGATAGTCCCGATCT,Effector CD8+ T cells
E2L1_GATCATGTCCTATTTG,cDC2
L1_TCAGGTACACTGCTTC,CD4+ T cells
L3_TCCGAAACACCGTGGT,Erythrocytes
L3_TCCCAGTAGGACGGAG,Hematopoietic stem and progenitor cells
L5_AAGCGAGGTTTCGGCG,Memory CD8+ T cells
E2L3_CACTGAAAGTAACGTA,Proliferating T cells
L4_GCCTGTTTCCGATCTC,Innate lymphoid cells
E2L2_TCCTGCATCGCTTACC,CD4+ T cells
L1_AGGTAGGCATCCTAAG,Hematopoietic stem and progenitor cells
L5_GAGGGATGTACCCGCA,CD4+ T cells
E2L5_GCTGAATAGAGTCAGC,cDC2
L3_TTTCCTCCACGAGGTA,NK cells
E2L1_GAGGGTACACTGTTCC,B cells
L3_TGATCTTTCGGCCCAA,Naive T cells
L2_CTAACTTTCACCATCC,Innate lymphoid cells
E2L6_CCTTCAGGTAGCCAGA,Plasmacytoid dendritic cells
E2L7_TAGGAGGTCCAGTGCG,CD4+ T cells
L3_GATCCCTGTTAGGACG,Plasma cells
L5_GATAGAATCACTGATG,CD4+ T cells
E2L1_AACCTGACAAGGTCGA,Effector CD8+ T cells
E2L1_GATTGGTAGATTACCC,CD4+ T cells
L4_CCACGTTGTTGGACTT,Naive T cells
L3_ATCGTCCTCTCACGAA,Hematopoietic stem and progenitor cells
L1_CAATACGCAAGACCTT,CD4+ T cells
E2L8_TCTCAGCGTGTCCACG,Memory CD8+ T cells
L2_TACGGTACACCTGCTT,NK cells
E2L4_CCACGAGTCGACGACC,NK cells
L1_AAATGGAGTAAGGTCG,Memory CD8+ T cells
E2L6_GGGATCCAGGTATAGT,Platelets
E2L7_GTGCTTCTCCGGACGT,B cells
E2L2_TCATCCGCATCATTGG,NK cells
L4_AGTTCCCCATCCAATG,Effector CD8+ T cells
L5_GGAGGTACAGATTCGT,Hematopoietic stem and progenitor cells
E2L1_GAATCGTTCGAGGCAA,Effector CD8+ T cells
L4_CAACCTCAGTCTAACC,Plasma cells
E2L3_ATCACTTTCAAAGCCT,Plasma cells
E2L3_TCGGGCAGTTCCTTGC,Proliferating T cells
L4_TGCAGTATCACTCACC,Non-classical monocytes
L4_TGGTACAGTGCATGTT,Naive T cells
L5_CTGATCCCAGCACGAA,Naive T cells
E2L6_GGCAGTCCAACCCTAA,CD4+ T cells
E2L6_CGCGTGACAGTTGTCA,CD4+ T cells
E2L7_GTGTGGCAGGAGACCT,Non-classical monocytes
L3_CCACTTGCAACCCTCT,cDC1
L1_TGACGCGCAGTAGTTC,Effector CD8+ T cells
L4_TCCACCATCGTAACTG,cDC2
E2L7_CAGATACGTGTGCCTG,B cells
L5_GCAGCTGCAGCGGTCT,Naive T cells
L5_TCTTGCGAGACTTCGT,
E2L6_GACACGCAGATGACCG,B cells
E2L3_TGATGGTGTGAACTAA,Classical monocytes
L4_TGCGGCAAGACCATTC,Plasma cells
E2L7_AGATCGTGTCCTTAAG,Effector CD8+ T cells
E2L6_CGATGCGGTACTTCCC,CD4+ T cells
E2L4_ACGGAAGGTATTGGCT,B cells
E2L1_CTACATTCAAGATTGA,CD4+ T cells
L5_CAAAGAACACCCTATC,Proliferating T cells
L1_GAAATGAAGGCCATAG,Effector CD8+ T cells
L4_GTGTGGCTCGCTTGCT,Naive T cells
L5_ATTGGGTGTGGCTACC,CD4+ T cells
E2L5_ACCCTTGCAAGAGAGA,Memory CD8+ T cells
E2L4_CTACCTGCATGCAGCC,Platelets
L5_CTAGACAAGGGTATAT,CD4+ T cells
E2L8_AGAAGTAAGGCTAACG,B cells
E2L3_AGAAATGGTCCCGGTA,cDC2
E2L6_ACAAAGACAAGTGATA,CD4+ T cells
E2L5_TCTAACTAGTGCACTT,Proliferating T cells
E2L4_AAGCATCGTGAGAACC,Plasmacytoid dendritic cells
E2L3_CGCATAACATAAGCAA,Classical monocytes
L3_CCACCATGTCTTCCGT,Proliferating T cells
E2L2_AGATAGAAGTAGCATA,cDC1
L4_AGGTTACAGTCGTCTA,Effector CD8+ T cells
E2L7_TACAGGTTCACCATGA,CD4+ T cells
L2_TTTAGTCGTTACAGCT,Memory CD8+ T cells
E2L4_GGGAGATTCCATCACC,B cells
E2L6_GAGGGATGTCTGCGCA,CD4+ T cells
E2L3_ATGAGGGCAAACCGGA,CD4+ T cells
E2L4_TCCAGAATCGTTTACT,Platelets
E2L4_GTTTACTTCTCTGAGA,CD4+ T cells
L2_AGTGATCCACGATAGG,Effector CD8+ T cells
E2L4_CCGATCTAGAGTCTTC,Memory CD8+ T cells
L2_TGAATCGCAGCGTGCT,Naive T cells
L1_CACCGTTAGTATTAGG,Proliferating NK cells
E2L5_TCAGCCTTCAAGCCTA,Plasmacytoid dendritic cells
L2_GTACAACGTTATGTCG,Naive T cells
L1_TCGGGCAAGCACCGAA,Naive T cells
E2L2_TAGTGCAGTAGCTGAG,B cells
E2L3_GTGCTGGCAGGACTAG,Plasmacytoid dendritic cells
L4_TATATCCAGTAGATCA,
E2L4_TTGAGTGAGACATAGT,Proliferating T cells
L4_TCGCACTAGAGGTCAC,Naive T cells
E2L1_GTGTTCCAGCCTCCAG,B cells
L5_TCTAACTTCCGCACGA,Naive T cells
L5_ACGATGTAGAATAACC,Naive T cells
E2L3_GGAGCAAAGAGACAAG,cDC2
E2L5_CAGGCCACATAACGGG,cDC2
E2L6_TAGACCATCAGTCATG,NK cells
E2L4_ATTCGTTAGGTGCATG,NK cells
E2L8_CTATCTACATGGGATG,CD4+ T cells
E2L7_ATGGGAGTCACATCAG,Classical monocytes
E2L2_TAAGCACAGCTTCTAG,Plasma cells
E2L2_CTGCCATGTTGCATGT,
E2L4_TCACTCGCAGAGGTTG,CD4+ T cells
L4_TGCTCCACAAATCGTC,Memory CD8+ T cells
E2L2_GCATCTCCAGAGAAAG,CD4+ T cells
L4_GTTCTATCAAGGATGC,Naive T cells
E2L4_CCTACGTAGCAAGGAA,cDC2
L5_CGGGCATAGCCTGGAA,NK cells
E2L2_TTCACGCAGGCTCACC,Non-classical monocytes
L5_CTGGCAGTCCGCACTT,Naive T cells
L1_AAATGGAGTTCAGCGC,Naive T cells
E2L4_CACTGGGGTTGTGCAT,B cells
L3_AGTTCCCTCGATGGAG,Naive T cells
E2L2_GGGTGAAGTCCACTTC,NK cells
L5_AGGTCTAGTGAGAACC,Classical monocytes
L1_AGATCGTGTTATGGTC,B cells
L2_CATGGATCAGGTCCCA,Naive T cells
E2L4_GTTTACTGTCGATTCA,B cells
L2_AATTTCCGTGTCACAT,Effector CD8+ T cells
L2_GTCCTCAGTATAATGG,Memory CD8+ T cells
E2L1_TGGAACTGTCGGTACC,Plasma cells
L2_TCCAGAATCCGATGTA,CD4+ T cells
E2L8_GTGGCGTTCCGCAACG,NK cells
E2L6_TATGTTCAGTAAGGGA,NK cells
E2L6_GTTATGGGTGAGTAAT,CD4+ T cells
L4_TATCAGGCATGTGTCA,Hematopoietic stem and progenitor cells
L1_AATTCCTCACGGTGAA,CD4+ T cells
E2L2_TACCCGTTCTTTGATC,NK cells
L1_CCAATGAAGCAAATCA,Naive T cells
E2L1_GTTCGCTCATCTGGGC,Plasmacytoid dendritic cells
L1_AGGCCACAGGTAGGCT,Hematopoietic stem and progenitor cells
L4_GTACAGTAGAACGCGT,B cells
E2L7_AGTACTGAGGCCTTGC,NK cells
L5_TATTGCTCACTAGAGG,Erythrocytes
E2L6_GCTTGGGCAAGTGCAG,cDC2
L1_GTCTAGATCCGAGGCT,cDC2
L4_GCGGAAATCTATACTC,Plasmacytoid dendritic cells
L4_GATCAGTTCACCGGGT,Erythrocytes
L4_AGGTAGGCACGGGCTT,Naive T cells
L1_GACAGCCGTGCCGGTT,Effector CD8+ T cells
E2L8_AACAAAGGTTCGCGTG,Effector CD8+ T cells
E2L2_ATTACCTAGCACTGGA,NK cells
E2L3_ACGTTCCAGTCAACAA,Classical monocytes
E2L4_TAACCAGAGGAACGCT,Effector CD8+ T cells
E2L1_GACTGATTCACCGACG,B cells
E2L8_AGTGTTGCAGCTCATA,NK cells
E2L6_GGAAGTGCACGCGTGT,cDC2
L2_TACAACGCAAGCGGAT,
L1_CGTGTCTCATTGACCA,CD4+ T cells
E2L1_GTTGTGATCTTCTCAA,Effector CD8+ T cells
L4_GGTAATCTCGAACCTA,Erythrocytes
E2L8_TTCGGTCAGCATGCAG,CD4+ T cells
E2L4_TACCCGTAGGTTGCCC,CD4+ T cells
E2L5_ATTCAGGGTCGCGTTG,Non-classical monocytes
L1_TGTAACGTCTTACGTT,Effector CD8+ T cells
E2L2_CCTCTAGGTGACTGAG,B cells
L1_GATTGGTCATCACCAA,cDC2
L4_TACCTGCGTTCCACAA,Naive T cells
E2L7_CTCAATTGTCGAGCTC,CD4+ T cells
E2L2_TCTGCCAGTCTAGTGT,Classical monocytes
L3_GGGTAGACAAGTGATA,Naive T cells
L3_TGCTCCAAGATGATTG,Effector CD8+ T cells
L1_CTCCAACGTGTGTGGA,Naive T cells
E2L6_TTCTAACCAATTCGTG,CD4+ T cells
L2_CTACTATCAAGTACCT,NK cells
E2L5_GGCTTGGCATATTCGG,Plasma cells
E2L2_GTAATGCCAGCCGGTT,Effector CD8+ T cells
E2L8_GTTGAACAGGGCTAAC,Effector CD8+ T cells
L2_TAAGTCGTCTCCTACG,CD4+ T cells
E2L7_CATGAGTTCTGGTCAA,Platelets
L5_TAACACGAGCTCGCAC,B cells
E2L4_GTTGTAGAGGGCTGAT,CD4+ T cells
L4_GCACGGTAGGTGGTTG,Naive T cells
E2L8_CGTGTCTCAAGGCCTC,Platelets
E2L2_GAGTCATAGTAGTCAA,Platelets
E2L3_TGTTCTACAGGACGAT,B cells
L2_CAGCACGCAAGACCGA,Memory CD8+ T cells
E2L7_GTAGTACTCTCTTGCG,Memory CD8+ T cells
E2L5_ACTTTGTGTTCTATCT,Plasmacytoid dendritic cells
E2L3_CACCAAAAGAAGCCTG,cDC1
E2L5_CATCGTCCATAATGAG,B cells
E2L6_ATCCGTCCATCCGTTC,cDC2
L4_TAGATCGCACGCTATA,Hematopoietic stem and progenitor cells
L4_ATCATTCTCTATTTCG,Naive T cells
L2_GGGCGTTCAGGACATG,Platelets
L5_GATCCCTGTATGAGGC,CD4+ T cells
L4_TATCTGTTCAGCGCAC,Proliferating T cells
E2L1_CCGGACAGTTGACTGT,NK cells
L2_CTCTCGAAGCAGGGAG,Proliferating T cells
E2L4_GTTGTCCAGTCATCCA,B cells
L2_GGTTAACGTCTTGTCC,Hematopoietic stem and progenitor cells
E2L4_TCACATTCAACAACAA,cDC1
L5_GAAATGAGTAAGGCTG,Plasma cells
L5_CTCCCAAAGCAGATAT,Naive T cells
E2L6_AATGGAACAGCTTTGA,Effector CD8+ T cells
L3_TCCGGGAGTACCTAGT,Hematopoietic stem and progenitor cells
L5_GTCCTCACAAGATCCT,Naive T cells
E2L2_TGTCCTGGTCTAACTG,B cells
L1_ATCACTTGTCAACGCC,B cells
L2_CACCGTTTCGAAGTGG,Hematopoietic stem and progenitor cells
E2L3_TATCAGGGTTGGTACT,CD4+ T cells
L1_CGATCGGGTACTCGCG,Naive T cells
L2_AAGACAATCGAGAGCA,B cells
L4_CAACGGCCAATAGTAG,Naive T cells
L2_GGTCACGGTTAAGGAT,CD4+ T cells
E2L5_CCACACTTCACCGGTG,CD4+ T cells
E2L6_CCTTGTGAGCTCGGCT,CD4+ T cells
E2L5_TCTATCAAGCTTTGTG,CD4+ T cells
E2L3_GTCTAGAGTAGCTGTT,Proliferating NK cells
E2L2_GCCATTCCAGAAATCA,NK cells
L2_CGCGTGACACGAAGAC,Naive T cells
E2L8_GGGATGAGTGGCAGAT,Effector CD8+ T cells
L1_TCCCATGAGGAATGTT,cDC1
E2L8_GACTGATCAATGGGTG,Platelets
E2L7_TCAAGCAGTTCATCGA,Plasma cells
L4_TCTGCCATCGAGTACT,Naive T cells
L1_CGGCAGTGTGCCAAGA,
E2L4_AGTAGCTTCGTCAAAC,Proliferating T cells
E2L8_CGCATGGGTAGCCCTG,Erythrocytes
E2L5_TGAGCGCTCACTCCGT,Plasmacytoid dendritic cells
E2L5_ATGAGGGCAGGAAGTC,CD4+ T cells
L3_TTTGGTTGTCTAGTGT,NK cells
L1_AGACAGGTCTTCCCGA,Hematopoietic stem and progenitor cells
E2L6_GTTATGGCAAATACAG,Effector CD8+ T cells
E2L2_TTTCGATCAGCAGTGA,Plasma cells
L1_GAAGGACGTCAGACGA,Naive T cells
L5_GAAGCGAGTCATACCA,Memory CD8+ T cells
E2L3_GGCAGTCCAGATGCGA,CD4+ T cells
L2_GCTGGGTGTGTTCAGT,Plasma cells
L5_ATGAGTCGTACGACTT,Naive T cells
E2L5_AAAGTGAGTAACCCTA,Plasmacytoid dendritic cells
L1_AAACGCTGTGCTCGTG,
L3_TCTCAGCGTAGGCTCC,Effector CD8+ T cells
E2L8_AGTCAACCAGGAATAT,Proliferating T cells
E2L1_CACTGTCTCTCGGGAC,CD4+ T cells
L1_GAGCTGCGTTACAGCT,Memory CD8+ T cells
E2L2_CATAGACCATGCTGCG,Platelets
L4_TAAGCGTTCTTCGTAT,Naive T cells
E2L5_CAACCAAAGGGATGTC,NK cells
E2L7_CGGAATTTCGTTCTCG,Effector CD8+ T cells
L2_CACTAAGTCTATGTGG,Hematopoietic stem and progenitor cells
E2L5_CATTTCAGTTCGTTCC,Plasma cells
E2L6_TAGGGTTAGCTAAACA,cDC2
L3_ACTGCAAGTAGCTGCC,Naive T cells
L2_TTCTTCCAGGTTACCT,B cells
L2_GTCTAGAGTTCGTTCC,Naive T cells
L5_TCATCCGCACTAGGCC,B cells
E2L2_TAAGTCGAGTAGGGTC,Plasmacytoid dendritic cells
E2L1_TTCCACGCAGTAGAGC,cDC2
L1_CCGATGGCAACTTGCA,Naive T cells
E2L2_GTCGTAACAAGGCGTA,CD4+ T cells
L2_TGCGGCACAACCACAT,NK cells
E2L8_CCCGGAATCGGCTGTG,Platelets
L4_AACTTCTGTAGGACTG,Effector CD8+ T cells
E2L3_CCGGGTATCCGGCAGT,B cells
E2L4_CTAACCCTCTTACGGA,CD4+ T cells
L1_TTGGTTTCAGTCACGC,CD4+ T cells
E2L4_TTCCTAACAGTCGTTA,Non-classical monocytes
L1_TCAGCAAAGCTCCCTT,Hematopoietic stem and progenitor cells
L3_CAATTTCGTGAGCTCC,Hematopoietic stem and progenitor cells
E2L2_TTCATTGAGTAGAATC,cDC2
E2L3_GTTATGGTCTTTCAGT,Effector CD8+ T cells
E2L8_TGCTTCGGTGCATCTA,B cells
L4_TTTCCTCTCCGTGTGG,Naive T cells
L1_TCAGTTTAGTCTAGAA,Effector CD8+ T cells
E2L7_GTGAGCCAGGCAGGGA,Innate lymphoid cells
E2L1_GGGTCACGTAATCAAG,Platelets
L2_TCGGGTGCAGCACACC,Memory CD8+ T cells
L4_GTGCTGGAGAATCGAT,Naive T cells
E2L6_CAACCTCCACTGCGTG,Plasmacytoid dendritic cells
L2_GAGACTTAGTTGGAGC,Plasma cells
E2L3_TCTACATTCCTTTGAT,Effector CD8+ T cells
L1_GAGTTTGAGACGAAGA,CD4+ T cells
E2L3_CCTGCATCAAGAAACT,CD4+ T cells
L4_AACAAGAAGACTAAGT,Effector CD8+ T cells
L5_GGGCTCAGTTACGGAG,Proliferating T cells
L4_TCTTCCTTCTGGTGCG,Memory CD8+ T cells
L5_AAACGCTGTCGTCATA,cDC2
E2L4_GTCGAATGTGGTCTCG,cDC2
L1_ACCTGTCGTATGAGCG,Platelets
L4_GTCCACTTCAATCTTC,Naive T cells
L5_CAGGTATGTGAATTAG,Effector CD8+ T cells
L3_GCATGATTCGGTCTGG,Memory CD8+ T cells
L2_CCTAAGATCTAACACG,cDC1
E2L5_TTTAGTCGTTAACCTG,CD4+ T cells
L2_CATCCACCAATCCAGT,Naive T cells
E2L5_GTCACTCTCCCAATAG,B cells
E2L6_AACACACTCCACTGAA,Classical monocytes
L1_CGGGTGTGTAGTGTGG,Naive T cells
L3_AGCTACAGTGGTTCTA,Non-classical monocytes
E2L4_GTTACCCGTATTCCGA,NK cells
E2L3_AACCATGCAACTGCTA,Effector CD8+ T cells
L5_TCTCAGCCACAGCCTG,Plasma cells
L5_TTTCACATCCTTATCA,Naive T cells
E2L4_AAGATAGAGAGGTATT,Classical monocytes
L2_TTTCATGTCCAACTAG,NK cells
L4_CTCCCTCTCGATTGAC,Plasmacytoid dendritic cells
E2L1_TCGGGCATCCTCTAGC,Innate lymphoid cells
L1_AACAAAGAGGGAGAAT,cDC2
L1_CCCTGATGTGTCCGTG,Naive T cells
L3_TGGGAGATCAAACCTG,Erythrocytes
E2L8_AGGCCACCATTGACAC,Effector CD8+ T cells
E2L2_TCTGGCTTCGCAGTCG,B cells
E2L7_CCTATCGGTGAGAACC,B cells
E2L1_CGTTCTGGTCAAGTTC,Effector CD8+ T cells
L4_ACCCTCATCACTGTTT,Plasma cells
E2L5_TAGACTGTCTGCGGGT,Effector CD8+ T cells
L3_CGAGGCTCAGTGTATC,CD4+ T cells
E2L3_CACGGGTCACGGTAGA,CD4+ T cells
E2L3_GTTGCTCTCCGTTGAA,CD4+ T cells
L1_AATGCCAGTCTGCAAT,Naive T cells
E2L7_CTTCAATAGAAGTATC,Effector CD8+ T cells
L5_AGAGAATTCGAACCTA,NK cells
L5_CCCTTAGTCGCCAGTG,Plasma cells
L3_AGGACGAGTATCACCA,Memory CD8+ T cells
L3_TTCCGGTTCTCATGCC,Effector CD8+ T cells
L1_CTAACCCTCGGCAGTC,Naive T cells
E2L2_TGGAACTCACTTGGGC,Platelets
E2L2_GGGTGTCCACGAGGTA,CD4+ T cells
L5_TGACAGTTCTCATGCC,NK cells
L4_GGAGAACCACCTGTCT,CD4+ T cells
L3_CCACAAAGTGAGCAGT,Naive T cells
E2L3_CCAATGATCTAATTCC,B cells
E2L1_CCGTGAGCACAAGCAG,CD4+ T cells
E2L1_TCATTGTTCTGCATGA,Plasmacytoid dendritic cells
E2L7_TTTAGTCCAAAGAACT,B cells
L3_TGGGTTATCGACGAGA,B cells
E2L5_TCTAACTTCCTCGCAT,Hematopoietic stem and progenitor cells
E2L2_CCGCAAGGTTCCGTTC,B cells
E2L2_GAGTGAGTCGAGTGGA,CD4+ T cells
E2L2_AGTGACTGTCGACTTA,Memory CD8+ T cells
E2L5_CAATGACTCTAGACCA,Innate lymphoid cells
E2L2_ATTCCTAAGACAACTA,NK cells
L1_GGCAGTCTCACTGGGC,Naive T cells
E2L4_AACCACAAGTACAGCG,Platelets
E2L1_AAGTGAACACATTCGA,B cells
L2_GTGAGTTCAGGTGAGT,Hematopoietic stem and progenitor cells
E2L2_CTTCCTTAGGTTAAAC,Platelets
E2L2_CGAAGGAAGACCTCAT,Effector CD8+ T cells
E2L8_TGGGAGAAGGCACCAA,Platelets
E2L3_CAGCACGTCGACACCG,Effector CD8+ T cells
L5_GTAGAAATCCGCTTAC,Non-classical monocytes
E2L5_TACTTACGTGATGGCA,NK cells
E2L6_TCCACGTGTCTATGAC,B cells
L2_ATTTCACAGCATACTC,Non-classical monocytes
E2L5_CGTCAAAAGTTGGAAT,B cells
E2L3_ATGGAGGAGAGATTCA,cDC2
L2_CGTGCTTTCATCTGTT,NK cells
E2L4_CGAAGTTCACGGATCC,CD4+ T cells
L1_CACGAATCAGAAATCA,cDC2
E2L4_ATTACCTCAGATGCGA,Innate lymphoid cells
L2_GCACGGTGTCAGTTTG,Hematopoietic stem and progenitor cells
L5_CTCCCTCCACATTCTT,Plasma cells
L5_TGAGCATTCCGAACGC,Naive T cells
L2_ATGCATGAGTGGATAT,Naive T cells
L5_GGTGATTGTTCAAGGG,Hematopoietic stem and progenitor cells
L3_CAGCAATAGGAGACCT,CD4+ T cells
L3_CCCTCTCTCCCTCATG,Non-classical monocytes
L4_GGACGTCCAGCGACAA,Naive T cells
L5_TAACTTCTCAAGGCTT,Memory CD8+ T cells
L4_GAAGTAATCGGATAAA,Naive T cells
L4_TTCCAATAGGCAGGGA,Non-classical monocytes
E2L3_GAAGCGAAGCACTAAA,Classical monocytes
E2L1_TCTAACTCACAACCGC,B cells
E2L4_GGTAACTCACCAGGTC,Platelets
E2L1_AGGGCTCGTAACATGA,B cells
L4_TCATTGTAGGTGTGAC,Non-classical monocytes
E2L3_CTTCAATGTAAGATAC,CD4+ T cells
E2L5_AATGAAGGTAAGTTAG,NK cells
E2L8_CGATCGGTCAGCTAGT,NK cells
E2L8_AAGTGAAAGAAACTGT,CD4+ T cells
L4_TCTCTGGAGGAATGTT,Effector CD8+ T cells
E2L8_AGGGCTCTCTGTTCAT,Plasmacytoid dendritic cells
E2L4_TGGAGAGGTGGACTAG,NK cells
E2L1_ACTTATCTCACACGAT,Platelets
E2L8_TCGTAGATCCGGTAGC,B cells
E2L5_CCGATGGAGACCAACG,Effector CD8+ T cells
L5_TATCTGTCAGTAACAA,Platelets
L3_GGGCGTTCACCCTAGG,Naive T cells
L3_CGGGCATCATGGAACG,NK cells
E2L5_ACTGTGACAAAGGATT,B cells
L2_CCTCACAAGTATCCTG,NK cells
L4_GCAACCGGTACTGGGA,Naive T cells
E2L3_TATACCTTCTGGCCGA,NK cells
E2L6_GAACTGTAGATGGCAC,CD4+ T cells
E2L6_GAGCCTGTCCCGAAAT,B cells
E2L1_AAAGTGAAGATACAGT,NK cells
E2L7_ATTCACTCAATCGCGC,NK cells
L5_TAGACCAAGGTACATA,Effector CD8+ T cells
L2_CATGCTCTCTGTCTCG,Memory CD8+ T cells
E2L1_GATGACTCATACGCAT,CD4+ T cells
E2L2_AGAACCTAGTTCTCTT,B cells
L1_CATGCGGTCGTTAGAC,Plasma cells
E2L3_ATGGATCAGTTCTCTT,Innate lymphoid cells
E2L4_GTGCTTCGTGTCATCA,Hematopoietic stem and progenitor cells
L5_TGCTCGTTCTCACTCG,Hematopoietic stem and progenitor cells
E2L6_GGAATGGGTTCAAAGA,Effector CD8+ T cells
E2L1_TCAGTCCCACAACGCC,Memory CD8+ T cells
E2L6_TCGATTTGTACACGTT,Non-classical monocytes
E2L5_CCACTTGTCCCGAGAC,Effector CD8+ T cells
E2L3_ATCGTGACAGCACGAA,Effector CD8+ T cells
E2L8_AGACACTCAAGTCCAT,cDC2
L4_AAGCGTTGTCGGCCTA,Naive T cells
L4_GTGTGATTCAAGGCTT,Naive T cells
E2L7_ACTTCCGAGGTTAAAC,B cells
L4_CTCAGTCGTCGGATTT,Memory CD8+ T cells
E2L5_GCCATTCAGCTCAGAG,CD4+ T cells
L1_TTGACCCGTATGGTTC,Naive T cells
L5_ATTCGTTTCTGCTTTA,Memory CD8+ T cells
L2_ATTATCCTCCCTCAAC,Plasma cells
L3_AATGGAATCGCAGTGC,NK cells
E2L5_CAGAGCCTCCTTATAC,Effector CD8+ T cells
L3_GGGATGACAGACACCC,Naive T cells
L3_TGTGATGAGACAAGCC,Memory CD8+ T cells
E2L7_GAATCACGTACCACGC,B cells
L3_TACCGGGAGAGCTGAC,CD4+ T cells
E2L7_TCGCTTGAGTATGTAG,Proliferating T cells
E2L2_GCGGAAACAGCCCAGT,Non-classical monocytes
E2L1_CACATGAAGGTACATA,B cells
E2L6_TTTAGTCGTCTTCCGT,Memory CD8+ T cells
L3_TATATCCCAGGGACTA,Classical monocytes
E2L7_AGCTCAAGTAGGCTGA,Classical monocytes
L5_AGAAGTACACTTGACA,Naive T cells
E2L6_CAGCGTGAGTGGAATT,Naive T cells
E2L8_TCCGTGTCATGGCACC,Effector CD8+ T cells
L2_TGGGATTCATGTGCTA,B cells
L2_GTTCCGTCAAAGCTAA,Proliferating T cells
E2L2_GGTTGTAGTTTCGTGA,Plasma cells
L5_AATTCCTAGAACGCGT,Proliferating T cells
E2L2_CAGCACGAGTTAGTGA,CD4+ T cells
L4_CGAATTGGTCTTGTCC,NK cells
L1_CGGAATTAGGATATGT,CD4+ T cells
L4_CCCTCAAGTAGATCGG,Non-classical monocytes
E2L6_TTGTGGACATGGCTAT,B cells
L5_GCCATTCTCTCTCTTC,B cells
E2L7_ACCAAACTCATAGACC,B cells
L3_CACCGTTTCACTTGTT,B cells
E2L1_CCACCATTCATTTACC,CD4+ T cells
E2L4_GAATCGTAGGCTAGCA,CD4+ T cells
E2L3_GTTGCGGGTGTTAACC,Effector CD8+ T cells
L5_GTGTCCTGTTACCCAA,Naive T cells
L2_GCAGCCAGTAAGCTCT,Non-classical monocytes
L5_GCGGATCAGACGGAAA,Naive T cells
L2_TTCCAATTCTGGACTA,Non-classical monocytes
L4_ATGGGTTTCTGCACCT,Effector CD8+ T cells
E2L1_CTCCATGCACTTACAG,Effector CD8+ T cells
E2L7_TCATGGAGTTGCTCAA,Plasma cells
L4_GCCAACGCATAATGCC,Hematopoietic stem and progenitor cells
E2L7_TTCGCTGCAGCTTTCC,CD4+ T cells
E2L2_TGATTTCCACTATCCC,Memory CD8+ T cells
L3_CCACAAAAGAGGGCGA,Erythrocytes
L2_CGGAACCAGCCTGGAA,Plasma cells
E2L4_CTAGGTATCATAAGGA,Platelets
E2L7_CTCATGCAGTCGTCTA,cDC1
E2L2_CTCTGGTCACGGCTAC,B cells
L3_TATTGGGCAAGCGGAT,CD4+ T cells
E2L2_TTGTTCAGTTGATCGT,Non-classical monocytes
E2L2_ATAGAGACACGTTGGC,CD4+ T cells
L1_AAAGGGCTCGTTACCC,Plasma cells
E2L2_CTCCTTTAGATAGGGA,B cells
E2L8_GCATCGGCACAAAGTA,Plasma cells
E2L5_GGAAGTGTCCTGCCAT,Non-classical monocytes
E2L2_GTGGCGTTCGACATAC,CD4+ T cells
E2L2_GGGTGTCAGGCTGGAT,Effector CD8+ T cells
E2L7_TTTACCATCAGAGTTC,Platelets
L3_CCAAGCGTCTAAGGAA,NK cells
E2L2_CTCGAGGGTACAGTAA,CD4+ T cells
E2L6_AAAGAACTCAGACCTA,B cells
E2L2_AGGGTCCGTCAGGAGT,Non-classical monocytes
E2L6_GGTGAAGCAGACCAGA,CD4+ T cells
L5_GGACGTCCAGGACAGT,Memory CD8+ T cells
E2L5_ACCAAACTCTTCTAAC,Plasmacytoid dendritic cells
L4_CATGCGGAGTTAGAAC,Proliferating T cells
E2L1_AATCGTGTCTGCGATA,CD4+ T cells
E2L3_TCACGGGCACACCGCA,Non-classical monocytes
E2L7_ATTTCACCAGGCCTGT,NK cells
E2L1_AGAGCAGGTACTTCCC,Plasma cells
E2L2_TCCTAATCATGTCAGT,Effector CD8+ T cells
E2L7_CTCCTTTTCGTAACAC,Effector CD8+ T cells
L4_CCGTTCAGTAGCTTAC,Effector CD8+ T cells
L4_AGTCTCCAGCCACAAG,Hematopoietic stem and progenitor cells
L1_TTGGATGGTAAGGTCG,CD4+ T cells
L4_AGGACTTCAGTCTTCC,B cells
E2L4_CTCAATTCAGCGTACC,Classical monocytes
E2L2_AAAGTGACATAGTCGT,NK cells
L4_AGACCCGCAGCTATTG,Effector CD8+ T cells
E2L6_ATAGACCAGCTGAGTG,Naive T cells
L1_GGGTTTAAGGCAGTCA,Effector CD8+ T cells
L4_CGCAGGTTCACGATCA,Plasma cells
E2L4_TGCAGTATCTTCTAAC,CD4+ T cells
L2_ATGCATGGTCGAGCAA,cDC2
E2L4_CGAAGTTGTTTCACAG,Platelets
E2L2_AAACGCTTCATGCCGG,cDC1
L4_ATCCCTGCAGACTCTA,Naive T cells
E2L8_ATGCCTCAGCACGATG,Platelets
E2L3_CCGGTGAGTGTACATC,CD4+ T cells
E2L7_GTCTGTCAGGACTATA,NK cells
L3_GGGTCTGGTGCCCACA,NK cells
L4_CTAACCCAGTGTTCAC,B cells
L3_CGGGCATGTTGTAAAG,Naive T cells
L3_ACGTAGTCAGACAATA,Hematopoietic stem and progenitor cells
E2L4_CACAGATAGGATTTGA,Classical monocytes
L1_TGGATCAAGCTGGCCT,Naive T cells
L3_TAAGCCATCGACCAAT,NK cells
L4_ACAGAAATCCATACAG,Naive T cells
E2L2_CTACCTGAGCCATTTG,NK cells
L2_CATCGTCAGCCATATC,Naive T cells
L3_CTGTACCCACAAATCC,Naive T cells
L3_TTCTGTAAGGTCGAGT,B cells
E2L8_TCATTCACATGTGCTA,NK cells
E2L8_CTCTCAGCATGCCGGT,NK cells
E2L7_CTTCCGAGTGCTCTCT,Proliferating T cells
E2L8_TATCTGTTCTTGATTC,Effector CD8+ T cells
L4_ACCTGAACAGTAGAAT,Hematopoietic stem and progenitor cells
E2L4_AGAACCTTCGATGCAT,NK cells
E2L2_CGATGCGAGTAGTCCT,NK cells
L1_TGCTTGCAGTAGCATA,Plasma cells
E2L6_CGCGTGATCTGCATAG,cDC2
E2L5_TTCTTCCAGTCGGGAT,Proliferating T cells
E2L2_CGAAGGAGTTCGGTTA,Non-classical monocytes
E2L1_CAGATCAAGAACCGCA,Platelets
E2L3_TCGAAGTAGATTGATG,B cells
E2L5_GGGCTCACAACTGCTA,CD4+ T cells
E2L2_ACCCAAATCGAGAAGC,Classical monocytes
E2L4_CCCTTAGGTGATAGTA,NK cells
E2L8_TAATTCCCACGGCTAC,Plasmacytoid dendritic cells
E2L7_ATTCAGGGTCACAATC,B cells
L1_AGGGTCCAGCATGTTC,
L1_ACAAAGATCACTCTTA,Naive T cells
E2L8_CTGTACCGTCGTCATA,B cells
L1_TCACACCCACGTGTGC,CD4+ T cells
L4_GGAGAACTCCTCGATC,Naive T cells
E2L7_TACTTCAGTCTCTCAC,cDC1
L2_GTCAAGTAGCCTTCTC,Effector CD8+ T cells
E2L4_AGGTAGGGTAAGTTAG,NK cells
E2L4_AAGTGAAGTCCAAAGG,B cells
L3_TGAATGCGTTGCATTG,NK cells
E2L4_ACATGCATCGTGGCGT,CD4+ T cells
E2L3_CATAAGCAGATCACTC,B cells
L3_GGTTCTCTCATGAGAA,CD4+ T cells
L1_GTCACGGAGCGCATCC,Platelets
E2L7_GTAGAGGGTAAGTTAG,B cells
E2L7_TCTATCAGTAGGAGTC,Platelets
E2L3_ATGATCGGTAACGCGA,B cells
L3_GTTAGACGTGATGAAT,B cells
E2L5_CATACTTAGCACTCAT,NK cells
E2L7_AATCGACCAATTGCCA,Platelets
L5_GCGATCGCAAACAGGC,Naive T cells
L3_CCACGAGGTGGCCTCA,Naive T cells
E2L1_AACAAAGAGGCACAAC,Classical monocytes
E2L2_GTGGGAAGTCGAATGG,Non-classical monocytes
E2L2_CTGCGAGAGCCGTTAT,B cells
E2L3_TTTGGAGCACCAGGTC,Plasma cells
L1_TCAAGTGGTAGTGGCA,Naive T cells
E2L8_GGGTTATAGCTGTACT,B cells
E2L5_AAAGGATGTCTACAGT,Effector CD8+ T cells
E2L8_GAATCGTAGTAGGGTC,Effector CD8+ T cells
L2_CAACGATCAAGCACAG,NK cells
E2L5_GATTGGTGTTTGTTCT,Classical monocytes
L2_AGGCCACCAATGCAGG,Non-classical monocytes
E2L7_TATTTCGTCCCTAGGG,B cells
E2L2_CTCCCAATCTGCGAGC,CD4+ T cells
L3_TTCAGGACATGCAGCC,CD4+ T cells
L4_GGGCTCACACTCTGCT,Naive T cells
L2_ACATCGACACAACATC,Hematopoietic stem and progenitor cells
L4_TAACTTCAGGAGACCT,Naive T cells
L4_GTGGCGTTCTGTAAGC,Erythrocytes
E2L4_GATCGTATCTCAGTCC,NK cells
L1_AACGGGAGTTAAGGAT,Hematopoietic stem and progenitor cells
L3_TATTCCATCCGACAGC,Effector CD8+ T cells
E2L7_TGTGATGGTAGAGACC,Proliferating T cells
E2L1_GGAGGTATCAACCCGG,B cells
E2L6_TTGGGTAAGAAGTCCG,CD4+ T cells
E2L7_TGCAGATAGATGTTGA,B cells
E2L1_TACCGGGCATCACAGT,Effector CD8+ T cells
L5_AACCTGAGTCCACGCA,Effector CD8+ T cells
L5_AACCTGACATCCTGTC,Naive T cells
E2L6_TTGGATGCATGGGTTT,CD4+ T cells
E2L3_TTCACGCAGGTCGTAG,Classical monocytes
E2L2_AAATGGAGTCTCTCCA,NK cells
L1_GGGACTCCAATAGTAG,Proliferating T cells
L2_GGAGATGTCCATGAGT,B cells
E2L2_ATGGAGGGTCTACTGA,B cells
E2L8_TCCCACACATGTTTGG,CD4+ T cells
E2L4_GTACAGTAGTTCGCAT,Innate lymphoid cells
E2L4_TATGTTCGTAGCTTGT,NK cells
E2L5_CCCTAACGTGATTAGA,Effector CD8+ T cells
E2L6_GAAGCCCTCGTCAAAC,CD4+ T cells
L5_TCAGTTTTCGGTTAGT,Plasma cells
L2_AAACCCATCGTGCGAC,CD4+ T cells
L3_TTTATGCCACCATATG,Classical monocytes
E2L4_GTGCTGGGTTTACTTC,NK cells
E2L1_GATGAGGTCGGTCAGC,Non-classical monocytes
L4_ACGTTCCGTACCGTCG,Naive T cells
L1_ATGTCTTGTAGAGGAA,Effector CD8+ T cells
L2_CATTGAGCATGTAACC,NK cells
L1_GACCTTCTCTGGAGAG,Hematopoietic stem and progenitor cells
E2L5_TGCAGATCAGTGTGCC,CD4+ T cells
L3_GGTAACTAGATGATTG,Plasmacytoid dendritic cells
L3_ATGAGTCGTCGTTATG,Naive T cells
E2L2_AGACCATGTTAGTCGT,CD4+ T cells
L4_TGTTGAGAGTTTGCTG,Naive T cells
L3_CCATCACCATAGTCGT,
L2_TTACCGCAGGGAGATA,B cells
E2L5_CTCAAGAGTGTTATCG,Effector CD8+ T cells
E2L6_CCCTGATAGCGCACAA,CD4+ T cells
L1_GCCTGTTTCTCAACCC,Innate lymphoid cells
E2L2_TCACGGGTCTTGCAGA,Proliferating T cells
L5_GTTCGCTAGTACAGAT,Proliferating T cells
L5_TTTGGAGGTGGTGATG,Hematopoietic stem and progenitor cells
L2_CCGGACAAGTTGCGCC,cDC2
E2L4_CTGAGCGGTTTGGCTA,Effector CD8+ T cells
L5_AGACAAATCGAACACT,CD4+ T cells
L2_TTCTTGAGTACGTTCA,Naive T cells
E2L5_GATGAGGTCACCGACG,Non-classical monocytes
L5_TACATTCTCGTCGATA,CD4+ T cells
L2_CGACAGCTCACGATCA,CD4+ T cells
L4_CCACGTTCAAGATTGA,Hematopoietic stem and progenitor cells
L2_GAAGAATAGCCTATCA,Plasma cells
E2L1_CATCGCTGTAGGATAT,B cells
L4_AATGCCATCAGCTGAT,B cells
L2_CGAGTGCAGCAAGTGC,Effector CD8+ T cells
E2L1_CATGGATAGGACACTG,Effector CD8+ T cells
E2L2_CTCAGGGGTTGGGATG,NK cells
E2L5_CGGCAGTCAGACCAGA,B cells
L5_ATCATTCCACTTGTGA,B cells
E2L1_GTGCTTCTCTGTGCTC,B cells
L2_CATACTTTCGAATGCT,Non-classical monocytes
L5_CATTGCCCATGGTGGA,Platelets
E2L3_AAACGAATCTTGGTCC,cDC2
L3_TGGAACTCACCTGCGA,Effector CD8+ T cells
E2L6_TTGCGTCAGGGCGAGA,Plasmacytoid dendritic cells
L5_TGATTTCAGGTCGTCC,Effector CD8+ T cells
E2L8_CCGGTGAGTGTTAACC,Effector CD8+ T cells
E2L1_CAACCTCCAGTTAAAG,NK cells
E2L6_CCTCTAGCATCAACCA,Platelets
L2_GAATCGTCAGTTGCGC,NK cells
L5_TCGTGGGGTATTTCTC,B cells
E2L4_TGTTGAGTCGGAAGGT,NK cells
E2L1_AGTTCGAGTCGCACAC,Effector CD8+ T cells
E2L3_TACATTCGTAGGCTGA,B cells
E2L5_TCGCAGGTCACCCTCA,NK cells
L5_CGACAGCCAATCCTAG,CD4+ T cells
E2L4_GGTGTCGCAAATTAGG,Plasmacytoid dendritic cells
L1_GTGGTTACAGTAACCT,Hematopoietic stem and progenitor cells
L1_GGAGATGTCATGCCGG,Naive T cells
L1_CCCGGAAAGCAGCAGT,Memory CD8+ T cells
L5_CGTGTCTGTTCGGTAT,cDC2
L3_ATGCGATCAAGATTGA,NK cells
E2L6_TCAGGTACACGTTGGC,Plasmacytoid dendritic cells
L4_TAGGTACCACCTTCGT,B cells
E2L1_AGCGTATCATGGGTCC,Innate lymphoid cells
E2L1_CACCAAAGTTAAGGAT,B cells
E2L8_CAGGTATCAAGGACAC,Effector CD8+ T cells
E2L4_GTGCTGGTCCGTGTAA,CD4+ T cells
E2L1_GTTTGGATCCCTCGAT,CD4+ T cells
L4_ACGTCCTTCATTGAGC,B cells
E2L3_CCACTTGCAGCTGTAT,cDC2
E2L1_AGAGAGCGTGACCGAA,CD4+ T cells
E2L8_TCCCAGTCAAAGAGTT,Platelets
E2L6_GACTGATTCCTCTAGC,CD4+ T cells
E2L1_ATCCACCTCCATTCGC,NK cells
L4_TTTCAGTGTCACTTCC,Innate lymphoid cells
L1_TGATTCTGTCACAGTT,B cells
E2L5_TACAACGGTACAGGTG,CD4+ T cells
L1_GTTTGGAGTCCCTAAA,Naive T cells
L2_TCGATTTGTCAAGCGA,Naive T cells
L2_ATCGATGCACAAAGTA,Naive T cells
E2L2_AAGGTAAAGCTTCATG,NK cells
E2L7_AGTACCAGTGGCTGCT,B cells
E2L8_CTTGATTGTGTCTTAG,Classical monocytes
E2L2_CATCGGGGTTGGACCC,Effector CD8+ T cells
L4_CACTGGGAGTCCCTAA,Plasma cells
L5_GGAGATGAGTTACGGG,CD4+ T cells
E2L3_GTGTAACCAGCGATTT,CD4+ T cells
L2_ATTTCTGAGACTCCGC,Naive T cells
L1_ACGTACAGTCCAGGTC,Naive T cells
L3_CGTGATATCTCATGGA,Naive T cells
E2L8_TACACCCCAGTTCTAG,Proliferating T cells
L5_TCATTCACAGAGTCAG,Plasma cells
E2L3_CACCAAATCGGTAACT,Effector CD8+ T cells
E2L1_CTGTGAACAAGATGTA,CD4+ T cells
E2L6_TATTGGGCATAGATCC,B cells
L4_TCTGGCTTCGAGATAA,CD4+ T cells
L4_TCGAACACAGTTGTCA,Effector CD8+ T cells
L3_TATCTTGCATGACGGA,Plasma cells
L4_GGGAAGTGTGACCTGC,Memory CD8+ T cells
L5_CAAGCTAGTCCGGTGT,CD4+ T cells
E2L1_TGTTGGAAGCGTTGTT,Plasma cells
L4_TGCACGGGTGATACAA,Effector CD8+ T cells
E2L3_TACAACGAGTGAGGCT,Effector CD8+ T cells
L5_CCTGTTGTCAATGTCG,NK cells
L3_TGTGTGACATCTGGGC,Hematopoietic stem and progenitor cells
E2L1_AGATCCAGTGTATTCG,NK cells
E2L6_CATAGACCAACCGACC,Classical monocytes
E2L3_GTGTGGCTCATTGCCC,B cells
L1_GATGCTATCCTGTACC,Plasma cells
L2_ATCGTCCCAGATACTC,B cells
L2_TCGGTCTGTGGCACTC,Naive T cells
E2L2_CGTCAAAGTTCTGAGT,NK cells
L1_GAAGTAATCAGTGATC,CD4+ T cells
L5_CCACGTTCATTGCAAC,Hematopoietic stem and progenitor cells
L1_AGTAGCTTCAATCCAG,B cells
L2_GGGTGTCAGAGTCTGG,Plasmacytoid dendritic cells
L3_CTGGTCTAGGCGAACT,Proliferating T cells
E2L1_TCATGTTTCATCGGGC,Effector CD8+ T cells
L2_ACATCGAGTTCTCTAT,B cells
L1_TTTCAGTTCCATACTT,Hematopoietic stem and progenitor cells
E2L8_AGACTCATCCGTATGA,CD4+ T cells
E2L5_CAAAGAAGTCTTCTAT,Classical monocytes
E2L2_TGGGCTGCATCGCTGG,B cells
L5_TGAGCGCGTAAGTAGT,Plasmacytoid dendritic cells
L5_AGCGCCACAGGTCAAG,cDC1
E2L2_ATTCATCGTGTACGCC,Plasma cells
E2L8_TCAATTCCACCTGCTT,Non-classical monocytes
E2L1_CTTACCGGTGGGAGAG,NK cells
E2L8_CAATCGACACTCAAGT,CD4+ T cells
L3_CAGATCATCACTTATC,cDC1
E2L7_GTGTTAGTCTATGCCC,CD4+ T cells
L2_CTCCGATCAGGTCAAG,Hematopoietic stem and progenitor cells
E2L1_TTCCTAAAGGCTGAAC,NK cells
E2L2_AATGCCAAGTATCCTG,Plasma cells
L2_GCAGCCAGTTTGTTCT,Plasma cells
E2L8_ACTTCGCCATGGAACG,Non-classical monocytes
L2_CAAGAGGGTCGTGATT,B cells
E2L6_CCTACGTAGTATTGCC,CD4+ T cells
L5_TATTCCACATAGATGA,Erythrocytes
L5_TCATACTAGCGTATGG,Platelets
L3_GTGGAAGCACAATGCT,cDC1
L1_ACTCTCGGTATCGAGG,NK cells
E2L5_CATTGAGGTACCGCGT,Hematopoietic stem and progenitor cells
E2L8_TCCTCCCCACTCCTGT,Effector CD8+ T cells
E2L5_CATGCGGGTGCGAGTA,B cells
E2L7_AACAACCTCATGAGGG,Non-classical monocytes
L2_GACGCTGAGACATACA,B cells
E2L8_CATGGTATCCTAAACG,NK cells
L1_TAGGTACCAGCTGAAG,Naive T cells
E2L7_CAATTTCAGTCGGCCT,Plasmacytoid dendritic cells
L3_CTGCCTAAGTCCCGGT,B cells
E2L8_TCACTCGGTAGCACAG,Classical monocytes
E2L5_GTGCTTCGTTTACGAC,B cells
E2L6_TTGGGTACATCAGTCA,Plasmacytoid dendritic cells
L5_ATCCATTTCTTCGTGC,Naive T cells
E2L2_GATCACATCACGGACC,Platelets
E2L5_GATTCTTAGGAAAGTG,NK cells
E2L7_TCACGCTTCAGTGTTG,B cells
E2L1_AGACTCACATAGAAAC,B cells
E2L3_ACCTACCCATGCGTGC,CD4+ T cells
E2L4_CTACTATCAGAAACCG,CD4+ T cells
E2L4_TGAGCGCCATGTACGT,B cells
E2L5_TCTAACTTCTGAGCAT,CD4+ T cells
E2L8_CAAGCTAAGCCTTGAT,NK cells
E2L7_CAATTTCGTACACGTT,cDC2
L4_CAAGCTATCGTCAAAC,Naive T cells
E2L3_AGGAAATGTCCGACGT,NK cells
L4_AAGACAAAGCCATGCC,cDC2
E2L1_CTGCTCAGTCCTCATC,Classical monocytes
L1_GTACAACCAATCGCAT,Innate lymphoid cells
L5_AGGACGATCTGCATGA,Classical monocytes
L3_TAACGACGTGCTCTTC,Proliferating T cells
L3_ATCACTTTCACGGGAA,B cells
L4_GAGGCAACAGCGTACC,CD4+ T cells
L5_TACGCTCAGGTGCCTC,Naive T cells
L4_CCACTTGCAACGGTAG,Hematopoietic stem and progenitor cells
L2_TGTCCTGAGTCATCGT,Hematopoietic stem and progenitor cells
L2_CAGTTAGTCAGTGTCA,B cells
E2L6_CACTTCGGTTCGGCGT,NK cells
L5_CGTAAGTTCCTTACCG,Hematopoietic stem and progenitor cells
L3_TATACCTTCCGGCAAC,Hematopoietic stem and progenitor cells
E2L3_CACTGTCCAGGATGAC,CD4+ T cells
E2L3_GCCATGGAGGAAGTAG,CD4+ T cells
E2L4_TGAGGGACAAAGGAGA,Proliferating T cells
L4_GAAGGACGTTATGACC,Hematopoietic stem and progenitor cells
L5_CAAGAGGCAATAACCC,Naive T cells
E2L2_TAGGGTTCAGCTGAGA,CD4+ T cells
L1_TTCTCTCAGGATAATC,B cells
L5_TAGGGTTAGGCCCAAA,B cells
E2L8_ACCCTCATCGCTACAA,Effector CD8+ T cells
E2L8_CCGGACAAGAGAGGGC,Non-classical monocytes
E2L1_TTTGGAGCATGGGCAA,CD4+ T cells
L1_CTGTACCAGTTCGCAT,NK cells
E2L4_TGGGATTCACTGATTG,Effector CD8+ T cells
E2L6_CCCATTGAGGATATAC,Classical monocytes
E2L2_CTTTCGGTCGTGTGAT,Platelets
E2L6_CTACCTGTCATAAGGA,Effector CD8+ T cells
L5_GGAGATGCAATACCTG,Naive T cells
L5_GTCCACTTCCGCAAAT,Hematopoietic stem and progenitor cells
L4_AACCATGGTGTATTCG,NK cells
E2L1_GGGACCTTCCTCTAGC,Effector CD8+ T cells
L5_GTGGTTACATCGGATT,Hematopoietic stem and progenitor cells
E2L8_TGTCCACCATATGAAG,CD4+ T cells
E2L7_GAGTGTTGTCGGTACC,B cells
E2L2_GCATTAGCACGCAGTC,Non-classical monocytes
E2L7_ACATCCCTCTTCGATT,Effector CD8+ T cells
E2L1_CAAGAGGCAGGGTCTC,Plasmacytoid dendritic cells
L2_ACCAACAAGATTGGGC,B cells
E2L8_ATCGTAGAGCCACTCG,NK cells
E2L2_TGTGGCGAGATCGGTG,B cells
E2L4_TTTGATCAGCCATTGT,Classical monocytes
L4_CGTCAAACAATGTGGG,NK cells
E2L6_CTGGTCTCAGGTATGG,Non-classical monocytes
L2_TCCTTCTTCGCTGTTC,Hematopoietic stem and progenitor cells
E2L4_CATTGTTAGAATTGCA,Plasmacytoid dendritic cells
L5_CAAGACTGTTTGAACC,Memory CD8+ T cells
E2L7_GATTTCTCATTAGGAA,NK cells
E2L1_AAGCATCGTAGCGATG,B cells
E2L2_CGAGGAAAGGTAGCAC,Plasmacytoid dendritic cells
E2L1_TTTACGTGTGACTGAG,Effector CD8+ T cells
L5_TTACGTTTCTCCCTAG,Memory CD8+ T cells
L2_CATCCGTTCCACAGCG,Effector CD8+ T cells
L3_TCGAAGTCATCCTAAG,
E2L4_CGAAGTTTCTAGATCG,Effector CD8+ T cells
E2L5_GCTGCAGGTGATAGAT,Classical monocytes
E2L6_ACCAAACTCTTGGATG,NK cells
E2L2_TACACCCAGCTACAAA,Effector CD8+ T cells
L3_CTGAGCGCAGGTTCGC,Plasma cells
E2L3_TCTGTCGAGAGTCACG,Proliferating T cells
L5_TTGGTTTCACTCGATA,Erythrocytes
E2L2_AGGATCTGTGGCTGAA,CD4+ T cells
E2L5_TTTGGTTAGAACGTGC,NK cells
E2L4_TGAGTCACACCCTATC,B cells
L3_AGACTCATCCCAGTGG,Naive T cells
L5_CGAGAAGGTGTGCCTG,Memory CD8+ T cells
L3_AGTACCACATCTCGTC,CD4+ T cells
E2L2_GACCCTTGTTTGAAAG,Classical monocytes
E2L7_CTAGACAGTGGATCGA,Classical monocytes
E2L4_CTCACTGAGAGTCTTC,B cells
E2L7_TTGGGATCACGCTTAA,Non-classical monocytes
E2L5_CATGAGTTCGCGTGCA,Proliferating T cells
L5_ACTTTCACAGGACTAG,Memory CD8+ T cells
E2L7_TGACCCTCATTCATCT,NK cells
L1_GCTCAAACACTTCATT,NK cells
L2_CCTCAACAGAAGCGCT,Hematopoietic stem and progenitor cells
E2L6_TGGGTTATCAATCAGC,
L1_GCGATCGCATGTGACT,Naive T cells
L3_AGTGATCAGTTCCGGC,Naive T cells
L3_TTCAGGACAGCGTGAA,CD4+ T cells
E2L7_TCAGCAAAGAGCTTTC,NK cells
L3_TCGGATATCTTCGCTG,Memory CD8+ T cells
L4_TGGAACTAGTGAGTGC,Memory CD8+ T cells
L4_ATTTCACCATACCACA,CD4+ T cells
L1_GAATAGACACGGTGTC,CD4+ T cells
L3_GTAGATCAGGACGCTA,CD4+ T cells
E2L1_GGGACTCCAGATCCAT,cDC2
L1_AGTGACTAGTAACGTA,NK cells
L1_ATGTCCCTCCCTCTAG,Naive T cells
E2L4_TGCACGGCATTGAGGG,cDC1
L4_GCTGCAGGTCCACACG,Classical monocytes
E2L8_AACACACTCTTCCGTG,Plasma cells
E2L1_CGTAATGAGTCATGCT,B cells
E2L7_AGATGAAAGCCACTCG,CD4+ T cells
E2L6_TCTACCGCAGTTAGAA,CD4+ T cells
E2L6_ATGATCGGTGTGTCCG,Effector CD8+ T cells
L4_AATCACGGTCAGTTTG,Naive T cells
E2L4_TCGGGACGTCCTTTGC,Effector CD8+ T cells
E2L6_TGACCCTGTGTGAATA,Plasmacytoid dendritic cells
L5_CTTCCGACAAGAATAC,Effector CD8+ T cells
E2L5_GAAACCTTCCTCTGCA,Plasma cells
L5_TCTATCAAGTCGGCAA,Effector CD8+ T cells
L4_CCGTTCACATTGAGCT,cDC2
L1_GGTGTCGCAAGAATGT,NK cells
E2L2_CCGATCTCAGAAGCTG,B cells
L4_ATTCATCCAGACTCTA,NK cells
E2L6_AGTCACATCCAATCTT,Plasma cells
L1_GAGTGTTTCCTCACTG,NK cells
E2L3_GATTGGTAGATGATTG,NK cells
E2L5_CGGGTGTGTGGGCTTC,CD4+ T cells
E2L3_ACTATGGTCTAACGGT,CD4+ T cells
E2L4_TACTTCACATCTAACG,cDC1
E2L5_GGGTATTTCCATACTT,CD4+ T cells
L4_CCCGGAATCACAAGAA,B cells
E2L1_ATTTACCAGGAATCGC,Memory CD8+ T cells
E2L4_TACCCGTAGGAGTACC,cDC1
E2L4_GAGTGAGTCAGAGCGA,CD4+ T cells
L2_ACATCCCCAGCTGAGA,Erythrocytes
E2L8_ACAACCACATGCTGCG,CD4+ T cells
L5_GGGACTCCACTCCACT,Plasma cells
E2L2_GGCGTCATCTAAGCGT,NK cells
E2L2_TCGAACAGTAACAGTA,Effector CD8+ T cells
L2_TACGGTAAGGATATGT,B cells
L4_CCTCATGTCGTCAGAT,Platelets
L1_ATCACTTCAGTTGCGC,CD4+ T cells
E2L5_TCGTGCTAGAGTACCG,cDC2
L5_AATGGCTCACAACGTT,Effector CD8+ T cells
L3_GAATAGAAGGGCAGAG,Naive T cells
E2L6_TGCATGATCTCCTACG,NK cells
E2L5_GAGTTTGCAGGATGAC,NK cells
L5_TTCCTTCGTCCAAGAG,Proliferating T cells
E2L5_CCGGTGAGTATGTCCA,Proliferating T cells
E2L4_TATTGCTCACGCCAGT,Plasmacytoid dendritic cells
L3_CATGGTACATGAGGGT,Plasma cells
E2L6_CGTAAGTAGTTCACTG,NK cells
L1_TTGTGGATCCATCCGT,Naive T cells
E2L6_GCCATGGGTGATACAA,B cells
L2_ATTATCCTCCTCAGGG,CD4+ T cells
E2L5_ACTTTGTGTACCACGC,Classical monocytes
E2L3_CTGATCCGTGGAGAAA,CD4+ T cells
E2L7_GTGAGTTTCAGGAACG,Plasma cells
L4_CTCAGTCCAGAACTAA,Innate lymphoid cells
E2L8_TCTATACCAGCATGCC,B cells
E2L5_GCCATGGGTGAGTAGC,B cells
L1_ATGCATGCATCTCAAG,Naive T cells
E2L6_CATCCCATCTCCTGTG,Non-classical monocytes
L4_ATTGGGTAGCGATTCT,Hematopoietic stem and progenitor cells
E2L5_TTAGGGTCATTGTAGC,Platelets
L2_CTAACCCAGCTGGCCT,cDC1
E2L5_TATTGCTCACCCGTAG,B cells
E2L6_CGGGTCAAGTTTCTTC,Plasmacytoid dendritic cells
E2L6_AGCTCAACAGGTGAGT,NK cells
E2L3_GAGTTACTCTGGGCGT,Plasmacytoid dendritic cells
E2L3_TCACGCTAGCCACTCG,B cells
E2L4_CATGCCTGTGGCTTAT,Platelets
E2L1_TTCCTCTCAGTCGAGA,Platelets
L5_TTTGGTTTCGTAGGGA,NK cells
E2L5_AGGGTTTTCGTGAGAG,Non-classical monocytes
L1_TCAGTTTTCGCCGATG,cDC2
L4_ACTATCTTCTCCAATT,Effector CD8+ T cells
E2L4_TACTTGTAGGATCATA,CD4+ T cells
E2L5_CCTCAGTGTAACGCGA,Memory CD8+ T cells
L5_TAATCTCTCTAGCATG,Hematopoietic stem and progenitor cells
L5_GATTCGAAGTCACTAC,Plasma cells
E2L7_CCTCCTCAGGCCTGAA,NK cells
L3_GTATTTCCAAAGACGC,Proliferating T cells
L4_ACTGCAAGTATTGACC,Naive T cells
L1_GTAATGCAGAAGGGAT,NK cells
E2L7_TCAGCAAGTAGCTTGT,NK cells
L4_GTGCAGCTCGCCGAGT,Proliferating T cells
E2L1_CTGAGGCTCGGTTCAA,Classical monocytes
E2L5_TCCACGTTCTCATTTG,cDC1
E2L6_GATCATGGTATGCTAC,Effector CD8+ T cells
E2L1_TCGTGGGCACGACCTG,B cells
E2L8_CTGGCAGGTATCCCAA,NK cells
E2L6_GTTTACTAGTAGTGCG,Platelets
E2L3_CATACCCCAGATACCT,CD4+ T cells
L1_TGTGCGGAGCTCGCAC,Classical monocytes
E2L3_GTTGCTCAGTACCATC,Naive T cells
L1_CAGCGTGAGCGGGTAT,Effector CD8+ T cells
L5_CAAAGAATCCATCGTC,Platelets
E2L4_GTAGTACGTAGGAGTC,CD4+ T cells
E2L7_CCACTTGAGCTGACTT,NK cells
E2L1_CTCAGGGCACATAACC,Classical monocytes
E2L1_ATCACGATCGTGGAAG,Non-classical monocytes
E2L1_CCTCAGTGTGGAAATT,
E2L7_ATCCACCTCGCAGTGC,Proliferating T cells
L1_CCTTTGGAGGAGGGTG,Naive T cells
L3_GGAACCCCACTAACCA,Naive T cells
L3_AGGAAATCATATACCG,B cells
E2L4_ATACCTTTCAGATTGC,NK cells
L4_TTACGTTCACGCACCA,Naive T cells
L1_TCAAGACAGGCACTAG,Hematopoietic stem and progenitor cells
L2_AATTCCTCAGCGGTCT,
E2L3_CATGCAAAGCATCCCG,NK cells
L3_GATGACTAGGGCATGT,NK cells
E2L3_AGGGAGTTCTGGAGAG,B cells
L3_GGTTAACAGGGAGGCA,B cells
E2L1_CGTAATGTCCGAAGGA,Effector CD8+ T cells
L5_GTCTACCTCGGATAAA,Memory CD8+ T cells
E2L5_TCAGTCCCACTACCCT,Platelets
E2L8_TACCTCGTCAAGATAG,B cells
L3_GATTGGTTCATTGGTG,Naive T cells
L1_GCCCGAACATCCTATT,Erythrocytes
E2L8_CTCATGCAGCGTATAA,B cells
E2L3_CGGACACGTGTCTAAC,CD4+ T cells
E2L4_TCCCACACATTCTCCG,Effector CD8+ T cells
L1_GAGTCATTCCCATGGG,Naive T cells
E2L5_AGACCATGTCTTACAG,Effector CD8+ T cells
E2L5_CCACGAGCAATTCGTG,Platelets
L5_TTTGGTTTCCTCTAGC,Naive T cells
E2L3_TCTATCATCGATACTG,Plasmacytoid dendritic cells
L1_AATGGAATCAGCAGAG,Naive T cells
E2L6_TCATTTGGTTATGACC,NK cells
E2L1_CCTATCGCAGACCCGT,Classical monocytes
L1_TCAAGTGAGGGATCGT,B cells
L5_TCGAACAGTTGCATAC,Naive T cells
E2L1_TCACATTGTCGCTTGG,CD4+ T cells
L2_AAGATAGGTGAGAGGG,Non-classical monocytes
E2L5_TACCGAATCACGGAGA,Effector CD8+ T cells
E2L6_GCCGATGGTTCTTAGG,Non-classical monocytes
E2L2_AGACAAAAGGAATGTT,NK cells
E2L6_AGGGAGTTCCGAGTGC,Proliferating T cells
E2L6_GGTAACTTCTGCGATA,Non-classical monocytes
L2_TTCCTCTAGCACGTCC,NK cells
E2L1_GTAGCTAGTAGGTAGC,Memory CD8+ T cells
E2L6_CATGGATTCTGTCGTC,Plasmacytoid dendritic cells
E2L7_TGCTTGCTCGGACGTC,cDC2
L4_TGGTGATCAAAGGTTA,CD4+ T cells
L1_GATCGTACAGCTTCGG,Hematopoietic stem and progenitor cells
E2L6_TGATGCAGTGTGCTTA,Plasma cells
E2L2_CCTCTAGTCCTCAGGG,Non-classical monocytes
L2_ATGTCCCCAAAGGATT,NK cells
L3_CACTTCGCAGTGCGCT,Naive T cells
E2L6_GTTAGTGAGGGAGGCA,Proliferating T cells
E2L6_AGGGCTCGTTCGTAAC,B cells
L2_TTGATGGCAAATAAGC,Hematopoietic stem and progenitor cells
L1_ATCTCTAAGATGTTAG,NK cells
E2L1_TCGGATACAAGGATGC,B cells
E2L1_GATGTTGTCCTACACC,B cells
L1_CGTCCATCACAGTGAG,Naive T cells
L1_ACCTACCTCTTGGAAC,Naive T cells
E2L5_GACACGCAGGGTACAC,Classical monocytes
L1_TCAAGTGCAGTTGGTT,Naive T cells
E2L8_CACTGGGGTGTACGCC,CD4+ T cells
E2L2_ATGCGATTCTTGGATG,B cells
E2L7_ATTCAGGGTAATGTGA,B cells
L1_ACCGTTCAGTAAATGC,Naive T cells
E2L2_ACGGGTCAGTTCATGC,CD4+ T cells
L1_CAACAGTCAGTCGTTA,B cells
E2L2_ACCCTCATCGAGCTGC,Classical monocytes
L1_GGTGATTAGCTACAAA,B cells
L5_ATAGAGAAGGACTTCT,CD4+ T cells
L2_TCGACCTTCAGCCTCT,CD4+ T cells
L4_TACGGTAAGAGCTGAC,cDC2
E2L8_ACCAAACGTTTCACTT,CD4+ T cells
E2L4_GACTATGAGAAGAACG,B cells
L3_GGTGTTATCGATACAC,Naive T cells
E2L7_GTTGTCCTCTTTGCAT,cDC2
L2_AGTTAGCTCTACTGAG,
L4_TTGAGTGTCGGCTTGG,Plasmacytoid dendritic cells
L4_TGCGGGTAGCGCCCAT,Hematopoietic stem and progenitor cells
E2L8_GTGTAACCATCCGGCA,NK cells
E2L4_CTCCTTTTCATCCCGT,NK cells
E2L7_TCCTTCTAGAACTGAT,cDC1
E2L5_TGGAGGATCGCTGACG,Memory CD8+ T cells
L4_CTGCAGGCAAACCACT,CD4+ T cells
E2L2_CCTTCAGTCGGCGATC,B cells
L4_GGGCGTTAGACGCCCT,Non-classical monocytes
E2L4_TACGCTCAGTCCCAGC,B cells
E2L1_GGACGTCGTAAGAACT,Non-classical monocytes
L4_TCCCAGTCAATTAGGA,
L4_CGAAGTTCAGTTCACA,B cells
L5_TCACAAGTCGTAACAC,Naive T cells
L4_CCTATCGCATACATCG,Hematopoietic stem and progenitor cells
L1_TTTCAGTCAGAACATA,Hematopoietic stem and progenitor cells
E2L5_CCACTTGCATTGCCGG,B cells
L4_GCGATCGGTGTTCCTC,Naive T cells
L3_GAACGTTGTATCGAAA,CD4+ T cells
E2L6_GGAGGTATCTCTGAGA,cDC2
E2L1_GTTCGCTTCCTTATAC,Platelets
L3_GCGAGAAGTCATCCGG,Proliferating T cells
L3_CATGGTATCATTTCGT,B cells
L3_ATCGCCTGTCTTTATC,NK cells
E2L2_GACTATGAGTTCTACG,CD4+ T cells
L5_GCACGGTAGGTTCTTG,Proliferating NK cells
L1_CGGACACCAATCAGCT,Effector CD8+ T cells
L2_CAGTTAGGTAGTGTGG,NK cells
L3_GGGATCCAGTACTGGG,Naive T cells
L4_ATCGTAGAGCGTTGTT,Naive T cells
L3_TCTTGCGGTATCGATC,Hematopoietic stem and progenitor cells
L1_ACACTGAAGGTAAGGA,
L4_ATGCGATGTCACGACC,Plasma cells
E2L3_AGGGTCCGTTACCTGA,Effector CD8+ T cells
E2L3_GAGTTGTTCATCCCGT,NK cells
E2L4_CAACCTCGTATCACCA,B cells
E2L5_ATACCTTGTTAATGAG,CD4+ T cells
L2_GTGTTAGGTGGTCTTA,B cells
E2L1_TCCTTCTTCTGCGGCA,B cells
E2L6_GAGTCATGTGTTTCTT,NK cells
L2_AAACGCTCAGTAGTGG,Non-classical monocytes
E2L6_CGCGTGAAGCTGTTAC,CD4+ T cells
E2L8_GATGTTGGTTGCCGCA,B cells
E2L3_CAGCGTGTCAGGCGAA,cDC2
E2L6_CACTTCGTCCATCAGA,NK cells
E2L4_CTTCTCTCAGGACATG,CD4+ T cells
L3_CCTATCGTCAACCTTT,
E2L3_GAGGCCTCATCCGATA,B cells
E2L2_GCGGAAAAGGGAGGGT,cDC2
L2_GATCCCTCAGAACATA,Effector CD8+ T cells
E2L8_TCACTATGTGACCGTC,NK cells
L5_TCAGGGCTCAGGTAAA,Effector CD8+ T cells
E2L8_CTGGTCTTCTCTGGTC,CD4+ T cells
E2L2_CAGATCACAGGTCCCA,CD4+ T cells
E2L5_GGTTAACTCAGACCTA,Platelets
E2L6_CGGAGAAGTACCCGAC,Memory CD8+ T cells
E2L6_CATGAGTCAGACATCT,CD4+ T cells
E2L8_AACGGGAAGCCATCCG,Effector CD8+ T cells
E2L6_TGTGCGGAGGAGACCT,NK cells
E2L5_GGAACCCTCAATCTTC,CD4+ T cells
L2_TGAATGCCAGCATACT,Naive T cells
E2L3_TCCATCGCAGAGTAAT,Memory CD8+ T cells
L1_GATGACTCAACCGTGC,Naive T cells
E2L4_CTGTCGTCATGACAGG,Classical monocytes
L1_CTCCTTTGTGTCATGT,Memory CD8+ T cells
E2L6_GAGTCTACAGCTCCTT,Platelets
E2L8_CAACAGTGTAATCAAG,B cells
E2L8_GTTACGAGTCTGTCAA,CD4+ T cells
L4_GGAAGTGGTGTCGCTG,
L3_GGGTGTCAGAATCGCG,Innate lymphoid cells
L2_GTTTGGACACGGAAGT,Naive T cells
E2L7_TCATTGTAGTTCCTGA,Platelets
L1_CGGAATTAGCTACTAC,NK cells
E2L1_GTAGAGGGTTAATCGC,Memory CD8+ T cells
E2L8_CATGCGGCAATGTGGG,CD4+ T cells
E2L5_CCCTGATGTGTCTTGA,NK cells
L4_ATGCGATAGCCGATTT,Memory CD8+ T cells
L4_ATTCTTGAGGCCCACT,Naive T cells
E2L7_TTTCCTCCAAGTTCGT,B cells
L5_TGGGCGTCAGTGGGTA,CD4+ T cells
L2_AGGTAGGCATCTCCCA,Effector CD8+ T cells
E2L7_CCCGGAACAGCACAAG,CD4+ T cells
L1_CAGTTCCTCTGTGCGG,Effector CD8+ T cells
L4_TCACGGGCACTGGAAG,B cells
L3_CCGGACATCTTCCACG,NK cells
E2L8_TATTGCTGTCTACGAT,NK cells
L5_GGTTGTACAAGACGAC,Naive T cells
E2L2_TACATTCAGCTGTTCA,Hematopoietic stem and progenitor cells
E2L6_ATCGTGAAGGTTGGTG,CD4+ T cells
E2L6_CTATCCGGTAGAATGT,CD4+ T cells
L5_ACTTATCGTGCAGTGA,Naive T cells
L4_TCGGTCTAGGGAACAA,Plasmacytoid dendritic cells
E2L6_TGTGAGTTCCCTAGGG,CD4+ T cells
E2L5_TTTACTGAGTAAATGC,Memory CD8+ T cells
L5_GATCATGCAAGAGGTC,CD4+ T cells
E2L2_TGGGCGTAGAGTGTGC,CD4+ T cells
E2L2_TTTACTGGTAGCGAGT,Proliferating T cells
L5_CCCTTAGGTAGTCTTG,Plasma cells
E2L3_TCAGCAAAGGGTAATT,CD4+ T cells
E2L8_TGGATCATCCTTATAC,cDC2
L4_TGTTCTATCTTGGATG,B cells
E2L5_TGTGAGTCATTCTCTA,B cells
E2L4_AGGTGTTGTCAAGCCC,Effector CD8+ T cells
E2L4_TTCTTGAAGTGAACAT,Proliferating NK cells
E2L6_AGGATAAAGACTACCT,Effector CD8+ T cells
L4_ACGATCATCGAGAACG,Plasma cells
L2_TTACCATGTTGCCGCA,Memory CD8+ T cells
L1_GGTGTTAGTTAGCTAC,CD4+ T cells
E2L6_GTCAAGTCATACCAGT,cDC2
L4_AGACCATCATAATCCG,cDC2
E2L7_GATCGTAGTGCATTAC,Memory CD8+ T cells
E2L7_ATGATCGGTGGTTTAC,NK cells
E2L5_TCACAAGGTTGAGGAC,CD4+ T cells
E2L7_GTCAAGTTCGTTCATT,cDC1
L2_CGAGTTACAACGTAAA,cDC2
E2L6_ATCGATGAGCTCCACG,CD4+ T cells
E2L7_TATGTTCTCAAGCTGT,Effector CD8+ T cells
E2L6_AGACAAAGTCGCACAC,Plasmacytoid dendritic cells
E2L8_TGTGATGTCAAGCTGT,B cells
E2L7_TGATCTTTCAGCAATC,NK cells
E2L4_GCTGCAGAGATGGTCG,Plasmacytoid dendritic cells
L2_GTGAGTTGTAGTACGG,B cells
E2L1_CTGCGAGTCTTGATTC,Memory CD8+ T cells
E2L5_GAAGCCCCACAGTCAT,Proliferating T cells
E2L6_TCATTGTTCTAGTTCT,Plasmacytoid dendritic cells
L2_GTCATGACAAACTCTG,Hematopoietic stem and progenitor cells
E2L2_AAGACAACAACTCCAA,Effector CD8+ T cells
L5_ATGCGATGTCACGACC,Plasma cells
E2L5_ATTACTCAGCATCGAG,Erythrocytes
L1_ATTATCCTCACTTTGT,NK cells
L3_TCCGAAAAGCACGTCC,Hematopoietic stem and progenitor cells
E2L8_TGTTGGATCTATCGGA,NK cells
E2L3_AATGACCCAGAGGTTG,Memory CD8+ T cells
E2L2_CACACAACACTATCCC,Plasma cells
L4_CTCATGCAGCAGTACG,
L4_CTGGCAGCATCGTGGC,Memory CD8+ T cells
L5_GGTCTGGCACATTACG,Memory CD8+ T cells
E2L4_GGACGTCTCCTCGATC,CD4+ T cells
E2L2_CTAACCCGTTGTGCAT,Platelets
E2L4_GAGTTTGGTAGGCTCC,Plasma cells
E2L3_ACACGCGTCGACGATT,B cells
E2L6_TTCCGGTAGTGTAGTA,cDC2
L3_GCACGGTTCTGTCGCT,Naive T cells
L5_TAGGTTGAGCCAGAGT,Naive T cells
L1_CCTGCATTCTGAGTCA,Proliferating T cells
L4_ACGTACATCGACGCGT,B cells
L2_CCTACGTGTGGCTCTG,CD4+ T cells
E2L8_CAATCGAAGATTGAGT,Platelets
L2_CACGGGTGTCGCATTA,Naive T cells
E2L4_GGTTCTCGTCGTAATC,Platelets
L5_AAGCCATGTATCATGC,B cells
E2L5_GTACAGTTCGAGTGGA,CD4+ T cells
L2_CTACGGGAGAAGAACG,cDC2
L4_ATCATTCTCAGCTGAT,Naive T cells
L3_GTGGAAGGTACAAGCG,Non-classical monocytes
L1_GGATCTAGTGTCATGT,NK cells
L1_CACTAAGCACTACCCT,CD4+ T cells
L5_TGTGTGAGTCCACATA,Plasmacytoid dendritic cells
E2L6_GGGCTACCACCGTGCA,B cells
E2L4_CTGTATTCAGGCACTC,Plasma cells
E2L4_ACGATCATCGCGGTAC,Plasma cells
L2_ACTGCAATCGGAGTAG,Naive T cells
E2L6_AAAGGGCAGTCGAATA,Platelets
L5_GATTGGTGTCGAGTGA,CD4+ T cells
E2L7_TCAGCAATCCGATGCG,B cells
E2L2_CTGATCCGTCGTCATA,Classical monocytes
E2L7_TCGAAGTGTGTTTACG,CD4+ T cells
L2_TGATGGTAGCCTAGGA,Naive T cells
E2L1_CGAAGTTTCCTCACCA,CD4+ T cells
E2L7_GTAAGTCTCTGTCTCG,B cells
E2L3_TTTCCTCTCCCTTTGG,Plasmacytoid dendritic cells
L3_ACTATTCAGGCCTGCT,NK cells
E2L3_GGCGTCACAGACATCT,B cells
E2L3_TGCGGGTTCTAGTTCT,Plasma cells
E2L6_CGACAGCAGCTTCATG,B cells
E2L4_ATTTACCTCAGCGCGT,Plasmacytoid dendritic cells
L2_TTCATGTTCCTAGAGT,Hematopoietic stem and progenitor cells
E2L4_CGGAATTAGTGGAATT,B cells
L2_TGAATCGCAGTGGCTC,Naive T cells
L4_GTGAGCCAGACTCGAG,CD4+ T cells
L5_GAAGAATAGATGACCG,CD4+ T cells
E2L6_GGCTTTCCAGGCGAAT,Proliferating NK cells
E2L3_CTCCTTTTCGAACGCC,Effector CD8+ T cells
E2L2_GGCTTGGAGGGACAGG,Effector CD8+ T cells
E2L7_AGCATCAGTTTCGTTT,Plasma cells
E2L4_TATCAGGGTGCAAGAC,NK cells
L4_CTCCACAAGTGTAGTA,Naive T cells
L3_GTGCTTCCAAGTGGCA,Non-classical monocytes
E2L3_TTGCCTGCATGTGCTA,Memory CD8+ T cells
E2L3_AAACGCTAGGTCGTCC,NK cells
L1_GAGACCCTCGCGTGCA,CD4+ T cells
L1_GTAATCGGTGGTAACG,B cells
E2L5_CAACCTCCAAACAGGC,cDC2
E2L8_TAACTTCAGTGCTACT,B cells
E2L3_TGATTTCAGCACCGAA,Effector CD8+ T cells
E2L8_GGATCTATCTGTCGTC,B cells
E2L7_TTCCAATGTTCTTCAT,NK cells
E2L3_CACGAATTCTGGCCTT,Platelets
L3_GTGGCGTAGTTGCCTA,cDC1
L3_CACTTCGAGCCTCAGC,NK cells
L5_GTCAAACGTCAACATC,Naive T cells
E2L1_ATCAGGTTCACTGGTA,Platelets
E2L3_GAGGCAAGTCGTTTCC,B cells
E2L8_GATTGGTCAAAGGCTG,Non-classical monocytes
E2L3_GAGCCTGCAAAGCTCT,Platelets
L5_AGGTTGTAGCTTCATG,Naive T cells
L2_ATACCGAAGAAACTCA,Effector CD8+ T cells
E2L8_TGAGGAGAGATCCAAA,Innate lymphoid cells
L3_TTGTTTGTCTGGCCGA,Innate lymphoid cells
E2L5_AGTACTGGTGTTCGAT,B cells
E2L8_CCTCACAAGCTTTCCC,NK cells
E2L6_AGAGAGCAGTCCTGTA,NK cells
E2L1_GCCATTCGTACGATGG,cDC2
E2L2_CGATGGCTCAGCTGAT,cDC2
L2_TCTGGCTGTGCATTTG,Memory CD8+ T cells
E2L6_CAAGGGATCTAGAGCT,Proliferating NK cells
E2L6_TACCTGCAGACATGCG,Platelets
L4_AGTCTCCCAGCAGACA,Plasma cells
E2L2_ACCAAACAGTCAACAA,B cells
E2L5_CAGATTGAGGCCTTGC,B cells
E2L3_CGGTCAGAGTGCAAAT,Non-classical monocytes
E2L3_GCCGTGATCGCCGAGT,NK cells
E2L4_TGAGGTTCAATCGTCA,Memory CD8+ T cells
E2L2_GGAAGTGAGGCCGCTT,Effector CD8+ T cells
E2L7_GTCAAGTGTCCTACGG,CD4+ T cells
E2L4_CATTCATCATGAGTAA,B cells
E2L1_CAGTTCCTCTCATGGA,CD4+ T cells
E2L4_AAACCCAGTAGGTCAG,CD4+ T cells
E2L2_CCTATCGCAGCTGAAG,Hematopoietic stem and progenitor cells
L3_ACTGTGAGTGGAAATT,
E2L4_ACGGAAGAGGACTAAT,CD4+ T cells
E2L6_ACGGAAGGTACCTTCC,cDC2
L1_CAGGGCTCACGCGTGT,NK cells
E2L4_AACAGGGAGTGGATTA,Proliferating NK cells
E2L6_ACTTCGCAGGAGAGGC,Platelets
L2_GGGCTCATCAGTAGGG,CD4+ T cells
E2L6_TCGTCCAAGGGAGAAT,CD4+ T cells
E2L8_ACACCAAGTAGAATAC,Classical monocytes
E2L1_TGGTTAGCACATACGT,B cells
E2L5_TCTGCCATCTCTATAC,NK cells
E2L5_TGGTGATCATTGCCGG,Effector CD8+ T cells
E2L6_TCAATCTGTTGCGAAG,B cells
E2L8_AGTCTCCGTCGATTAC,NK cells
E2L7_GGTTCTCCAAGTGCAG,NK cells
L4_TCGCAGGGTTGCTGAT,Plasma cells
E2L3_ATATCCTTCCCAGGCA,cDC2
L4_AGCGCTGTCACGAACT,Naive T cells
L4_ACGATGTAGCTTGTTG,Plasma cells
E2L6_GCTGCAGCAGCGACAA,B cells
E2L4_AAGCCATCAATGCTCA,Effector CD8+ T cells
E2L3_CTTCTAAAGTTGGAGC,NK cells
E2L7_CTCAAGATCGTCACCT,Plasma cells
L2_CGGACACAGCTTCGTA,CD4+ T cells
E2L5_TGGAACTCAGGAGACT,Proliferating T cells
E2L5_AAGAACAGTTACGATC,Plasma cells
L2_CCTTGTGTCTTCGATT,NK cells
E2L6_ATAGGCTGTCTGGTTA,Classical monocytes
E2L4_TAAGCGTGTTCGTAAC,Innate lymphoid cells
L3_GACTGATAGACTAAGT,Effector CD8+ T cells
E2L1_ACATCGAAGAGATCGC,Proliferating T cells
L4_GCACTAATCCGACGGT,NK cells
L2_TGCGACGTCCTTATAC,CD4+ T cells
E2L6_TATCTTGCAGTCTTCC,B cells
E2L4_GGTTGTATCTCGTCAC,Plasma cells
L2_GTCCTCAAGCGTCTGC,CD4+ T cells
E2L8_CCATAAGGTTAATGAG,CD4+ T cells
E2L5_GTTCGCTTCGTAGTCA,cDC2
E2L3_AGGGCTCTCTCGAGTA,Non-classical monocytes
L1_GTGCACGAGACCCGCT,Hematopoietic stem and progenitor cells
E2L6_GGGTGAACAAGGAGTC,Plasma cells
L4_CCTGTTGCAGATACTC,Naive T cells
E2L5_TGGGAGAAGGATGTTA,Platelets
L2_GACTATGTCTCGAGTA,NK cells
L2_CAGCAGCGTTGTTGCA,Naive T cells
E2L2_AGAGAGCTCGCTTGCT,Plasmacytoid dendritic cells
E2L2_CTGATCCCAAAGGGTC,CD4+ T cells
L3_ACATGCATCCTCGCAT,Naive T cells
L3_CTCTGGTTCCTTTGAT,Proliferating T cells
E2L2_ATACCGACACAGCATT,Non-classical monocytes
L5_GGCACGTCAATAGTGA,cDC2
E2L7_CTCATGCAGTCTGCAT,CD4+ T cells
E2L6_TCAAGCAAGTCAGCCC,NK cells
E2L5_TTGCGTCCATCATTTC,NK cells
L1_TCTTGCGTCGGAATTC,Naive T cells
L2_GCCTGTTTCGGAGATG,CD4+ T cells
L3_ATGGATCAGACTTCGT,NK cells
L5_GATGTTGAGAGAGGTA,Naive T cells
E2L8_GTTACCCGTTCCCACT,Effector CD8+ T cells
E2L7_CAGATCAAGATGTAGT,Effector CD8+ T cells
L1_GCCTGTTTCCACTTCG,Memory CD8+ T cells
E2L2_TGTGCGGAGCTGCCTG,B cells
E2L7_CATGAGTGTGGTTCTA,Plasmacytoid dendritic cells
E2L6_GACCAATCAAGACGAC,B cells
E2L3_ATCTCTATCTTAATCC,Plasmacytoid dendritic cells
L4_CGTCCATCAAATCGGG,CD4+ T cells
E2L7_TGCATCCGTCAGTCCG,Plasma cells
E2L4_GTTGCTCCAGCTGCCA,Non-classical monocytes
E2L4_GGTGAAGAGCAATAGT,Innate lymphoid cells
E2L1_TTCCACGAGTAGGCCA,CD4+ T cells
L2_TGTACAGAGGTCACAG,Naive T cells
E2L5_CATTGAGAGAGGTCAC,Proliferating T cells
E2L3_CCAATTTGTTTAGTCG,B cells
E2L2_AGGAGGTAGCGTTACT,CD4+ T cells
E2L8_GGTGAAGTCTCAATCT,CD4+ T cells
L4_TTTGACTGTTCTCTCG,Hematopoietic stem and progenitor cells
E2L2_ATTCATCAGTGGCAGT,Memory CD8+ T cells
E2L6_GCCAGTGAGGGCTTCC,Effector CD8+ T cells
L2_TCGGGTGTCCCAAGTA,Hematopoietic stem and progenitor cells
E2L7_GCCGTGACACTCTCGT,Platelets
E2L4_CGGAACCTCTGAGTCA,Plasma cells
L1_GTCGAATCAATGGCCC,CD4+ T cells
E2L5_TACTTACTCTCTGACC,B cells
L1_TGAATCGGTAAGAACT,Naive T cells
L1_CGGAACCGTGTCCGGT,Naive T cells
E2L1_CTCCTCCTCATTGTTC,Classical monocytes
L4_TTCCGGTCATGAGAAT,Plasma cells
E2L4_TCGTAGATCGGAGCAA,
L3_GGGACCTGTCTAGATC,CD4+ T cells
E2L1_GCCGATGTCTGGGAGA,Platelets
L1_CCAATGAAGCGTGTTT,B cells
L4_TCGGGACCAAGACTGG,Naive T cells
L5_TGCGGCATCTTGAACG,Naive T cells
E2L7_GGACGTCTCTTGCAAG,CD4+ T cells
E2L5_GTGCTTCTCGACCTAA,NK cells
L5_CAATACGTCACGGACC,Effector CD8+ T cells
L3_ATAGAGATCGTAGGAG,CD4+ T cells
E2L5_CGCCATTAGAGCAGTC,CD4+ T cells
E2L3_TTCGATTTCTGCGGCA,Effector CD8+ T cells
E2L8_CTCAATTGTACTGCGC,Platelets
E2L7_GTTAGTGGTAGCTGAG,Proliferating T cells
E2L3_TGCTTCGCATTCTTCA,Classical monocytes
E2L4_CTCAGGGTCGACTCCT,cDC2
E2L8_ACTATGGGTCTTACTT,B cells
E2L4_ACTGTGAAGCATCTTG,Effector CD8+ T cells
E2L7_GCCAGCAGTTAATGAG,Memory CD8+ T cells
E2L7_ACCATTTCAGGAGACT,B cells
E2L2_TGGGCGTGTATGACAA,Non-classical monocytes
E2L6_GATTGGTGTCCATCTC,Platelets
L4_GATTGGTTCCTCACGT,B cells
E2L6_AACAAGACAGACAATA,NK cells
L4_TTTAGTCAGTCATAGA,
L1_AGACTCACATCGGTTA,Plasmacytoid dendritic cells
L4_CTGGACGCACCTCTGT,NK cells
E2L1_CTTCGGTCAACCGCTG,Non-classical monocytes
E2L5_GGAACCCAGCCGCTTG,Proliferating NK cells
E2L6_GTGTGGCAGTTGGCTT,Plasmacytoid dendritic cells
E2L4_TAGGAGGCAGGACGAT,CD4+ T cells
E2L6_GGGCTACGTGGAATGC,Non-classical monocytes
L1_GACCGTGGTTCTTCAT,Hematopoietic stem and progenitor cells
L3_ATCTCTAGTTTCCAAG,Classical monocytes
L1_CGGTCAGGTCGTGTTA,NK cells
E2L3_ATCGTGACAGGCTACC,CD4+ T cells
L5_GCAGTTAGTGTCTTGA,CD4+ T cells
L2_GTAATGCGTACTCCGG,NK cells
L3_GACTTCCAGGAAACGA,Non-classical monocytes
L2_CAAGACTAGCATTTGC,Plasma cells
L5_TCAGTCCGTTGGGTAG,Proliferating T cells
L4_GTTTGGAAGTTAGTAG,Naive T cells
L2_CATCAAGTCGCGGACT,NK cells
E2L6_GAGTTACCAGCTTTCC,cDC2
E2L8_TTTACTGGTATCGTAC,CD4+ T cells
E2L7_GGCAGTCCACACCAGC,NK cells
E2L5_GTTGAACAGGAAGTAG,Naive T cells
L3_AACGTCACATCGTTCC,CD4+ T cells
L3_TCACTATAGTGAATAC,Memory CD8+ T cells
E2L3_AACGAAAAGATGCTAA,B cells
L2_AATGCCAGTCCGTTTC,Classical monocytes
L1_TCCCATGAGAGCCCAA,CD4+ T cells
E2L2_GTTGTCCAGATGAAGG,Platelets
E2L8_TACGGTAAGTTGCTCA,Plasma cells
L3_GCCGATGAGGTGGTTG,Naive T cells
E2L7_TGTGGCGGTTCTCCAC,Plasma cells
E2L4_AGATCGTGTTCCGCTT,NK cells
L5_TGAACGTAGCGATCGA,Effector CD8+ T cells
E2L8_TCATTCATCGCGTGCA,CD4+ T cells
E2L7_TTGTTCATCCTCTAGC,Memory CD8+ T cells
E2L5_CACTGGGCAACCGGAA,Memory CD8+ T cells
E2L3_CGGGTGTCAAGGAGTC,Platelets
L5_TGAGGGACAAGATCCT,Naive T cells
E2L2_AACAAGAAGGCTTAGG,Effector CD8+ T cells
E2L6_TTACAGGTCCACGGAC,B cells
E2L8_ACCATTTTCTGAATCG,NK cells
E2L1_CTGATCCGTAGCGTCC,Erythrocytes
L3_TTCCTCTAGATCACCT,Effector CD8+ T cells
E2L2_TTACCATGTCAAGCGA,Proliferating T cells
E2L7_TACAACGAGCAGGCAT,cDC2
L2_GGGTCTGCAGGTTCGC,NK cells
E2L2_ACGATGTAGCCTCATA,B cells
L2_AACGGGACAATGTTGC,B cells
L5_CATTGTTTCCCGAGTG,NK cells
L5_CGAGGAACATTCTCCG,Naive T cells
L2_GGAATCTAGGCTAGCA,Naive T cells
E2L3_GCGGAAACAATCGCAT,Effector CD8+ T cells
E2L7_ATGTCTTAGTTGCATC,Hematopoietic stem and progenitor cells
E2L7_TGAACGTAGCTTTCCC,Classical monocytes
E2L2_CTAACCCCAAATGGAT,Effector CD8+ T cells
L1_TTGTGGATCTCCATAT,Naive T cells
L1_ACCAACAAGGATGTTA,Naive T cells
L1_CTCAGGGTCGGCAGTC,B cells
L5_CTGCTCAAGAGTGACC,Naive T cells
E2L1_TCAATTCCAGCAGATG,CD4+ T cells
E2L7_GCATTAGAGTATGCAA,Plasmacytoid dendritic cells
E2L1_TGTTCCGGTCTGTTAG,NK cells
E2L4_GCTACCTTCGCCTATC,cDC1
E2L3_GTAGAAAAGCAGGCAT,CD4+ T cells
L4_TACGTCCGTGGTCCCA,
L5_CTATAGGAGGCCTAGA,CD4+ T cells
E2L6_AGGTTACTCCGTGCGA,Platelets
E2L2_TCTTTGATCTTTCGAT,cDC2
L5_GTGTAACAGTGCGCTC,Naive T cells
L5_ACTATGGTCGACGTCG,Naive T cells
E2L8_GGTGGCTCAAGAAACT,Naive T cells
E2L8_TTAATCCGTGTCTTCC,CD4+ T cells
E2L1_TTGGGCGGTAGTGCGA,CD4+ T cells
L5_AAGGTAATCTACTTCA,Hematopoietic stem and progenitor cells
L1_CCTGCATCACGCCACA,Naive T cells
E2L4_TCTAACTTCGAGTGGA,cDC1
L4_TCATTCAGTTCTTGTT,Plasmacytoid dendritic cells
E2L6_TCACTATAGGAACATT,Effector CD8+ T cells
L1_CTCAACCTCATGGCCG,Naive T cells
L4_CGGAATTTCGTTCTCG,CD4+ T cells
E2L5_AATCGACCACCAGCCA,Plasmacytoid dendritic cells
E2L6_TACGGGCAGGTGAGCT,Platelets
E2L5_TCCATCGAGCAGCCCT,CD4+ T cells
L3_ATGGGAGGTCCAGCCA,Plasmacytoid dendritic cells
L5_TTCCGGTCAAACCATC,
E2L7_ACAGGGAGTAATGATG,Plasmacytoid dendritic cells
L4_ACTGCAAGTCCCTGTT,Platelets
E2L6_TTACGTTCAAGTTTGC,Effector CD8+ T cells
L5_AAAGTGACAGGTACGA,Plasmacytoid dendritic cells
L1_AGATCGTTCGTCGCTT,Naive T cells
E2L3_AGCTTCCCACAATGTC,Proliferating T cells
L1_AAGGTAAGTACTGCGC,Effector CD8+ T cells
L2_TTCGATTAGTTGAAGT,NK cells
E2L2_GCATCGGCATACTTTC,NK cells
L3_ACCAAACAGGTAGTAT,cDC1
L2_GCAACCGCACGCCACA,Naive T cells
E2L5_TTCCAATTCATAAGGA,B cells
L4_GGTAACTGTACTCGTA,Effector CD8+ T cells
E2L1_CAGAGCCTCTCCGCAT,cDC2
E2L1_TCCCAGTTCACCCTTG,Non-classical monocytes
E2L5_CGTTGGGGTCCGAAAG,CD4+ T cells
E2L5_ACTTCCGAGTGATCGG,B cells
E2L4_GGTAATCTCCACAAGT,Effector CD8+ T cells
E2L4_TGCTCCACAGGGAATC,Plasmacytoid dendritic cells
L4_GCTGAATTCTATCGTT,Erythrocytes
L4_ATTCAGGTCAGCTTGA,cDC2
E2L4_CCCTCTCTCTTCGCTG,NK cells
E2L1_GGAGGATGTCCCGTGA,CD4+ T cells
L3_TCAGTCCCACGGCACT,Hematopoietic stem and progenitor cells
E2L6_AGGACGACAACACAGG,Classical monocytes
L1_TCGAACATCTGAGGTT,Plasma cells
E2L1_ACAAAGAGTATCGCTA,Plasmacytoid dendritic cells
E2L8_TGTGTGAAGGGACTGT,NK cells
L1_ATGAAAGTCGACGACC,Effector CD8+ T cells
E2L3_TCCTCGAGTATGAGCG,Platelets
L4_TGAGGGAAGCACAAAT,CD4+ T cells
E2L4_ACCAAACCAGAGACTG,NK cells
E2L7_AAGACAATCCTGTTAT,Classical monocytes
E2L4_AAGAACATCTCGCTTG,NK cells
E2L2_CGTAATGCAGACCAAG,Effector CD8+ T cells
E2L3_GTAGTACCAACGTATC,CD4+ T cells
L2_CATGAGTGTTTGCAGT,
L4_GATGTTGGTAAGTTAG,Proliferating T cells
E2L6_CCGAACGAGAGCCGAT,cDC1
L5_ACAGCCGCAAGATGGC,CD4+ T cells
L2_GTATTGGCAGGAGGAG,Plasma cells
L2_TCTCTGGCAACAAAGT,Naive T cells
E2L8_GATGTTGTCCGAAGGA,Non-classical monocytes
L2_TCTACATTCCTGTTGC,Innate lymphoid cells
L2_TCACACCGTGGTGATG,NK cells
E2L6_GCCCAGAAGCAGGTCA,Non-classical monocytes
E2L2_TTCCACGTCCGCTTAC,Effector CD8+ T cells
E2L3_ATTCCATGTAGCTCGC,NK cells
L5_AGATAGAGTCTACAAC,NK cells
E2L8_CGTTCTGAGACCAGAC,B cells
L3_GTCCCATTCATACGGT,CD4+ T cells
E2L5_TGTTTGTGTTTGCAGT,B cells
E2L5_ACGTAGTTCCGACGGT,Innate lymphoid cells
E2L7_GATGACTTCGCTGTCT,Innate lymphoid cells
L3_GGAGGTAAGCATGTTC,CD4+ T cells
E2L7_TGGGTTAGTGCATGAG,Classical monocytes
L5_AAGCATCAGCCTCTTC,Hematopoietic stem and progenitor cells
L5_AAGTTCGCATGGGTTT,Naive T cells
E2L7_GTAATCGTCAGACCGC,Erythrocytes
L5_CCTCATGTCCATCCGT,Plasmacytoid dendritic cells
L1_CTACAGAGTGATTGGG,NK cells
L5_TTAGGGTCAGCCTTCT,Naive T cells
E2L2_GAGTGAGGTTGCCGAC,NK cells
L1_TCAGTGATCCGCAAAT,Erythrocytes
E2L8_GTAGAAACAGGTACGA,Plasmacytoid dendritic cells
L1_TCAAGTGGTCAACCTA,Platelets
L5_TAGACTGTCCCTTGTG,Non-classical monocytes
E2L2_CTCATTACAGATCATC,CD4+ T cells
L2_AGTCACAGTTCGTAAC,B cells
L4_TTTCACACAATATCCG,Naive T cells
L3_AAGGTAATCCACATAG,B cells
L2_GATAGCTTCATCCTAT,B cells
L3_ATCGTCCGTTCGGCGT,Platelets
L4_TGTGTGAGTTAAACCC,Effector CD8+ T cells
E2L1_TACCTGCTCAAGCCCG,NK cells
L3_CATCCCAAGACATGCG,Naive T cells
E2L2_CGGGTGTGTACTGTTG,Proliferating T cells
L2_TCTTAGTAGGCCATAG,Naive T cells
E2L7_TCCTCTTAGTCGGCCT,Platelets
L1_TTTACTGGTTACCCAA,Hematopoietic stem and progenitor cells
L2_GAAACCTTCGCATTAG,Memory CD8+ T cells
E2L2_CTCATGCAGACGAGCT,Effector CD8+ T cells
E2L8_ACATTTCGTATACGGG,Effector CD8+ T cells
E2L1_GGGTAGATCATTGGTG,NK cells
L3_GCGATCGGTTTACGTG,Classical monocytes
L5_GTCCTCAAGCGGCTCT,Memory CD8+ T cells
E2L4_TCCTCCCGTGTTAAAG,Plasmacytoid dendritic cells
E2L1_TCTCACGTCACGGACC,
E2L5_GGGTGTCCATGCTGCG,B cells
E2L2_GTGTAACTCCGCACTT,CD4+ T cells
L2_TATATCCCAGCCGGTT,Naive T cells
L3_AACACACTCCTCGATC,Memory CD8+ T cells
L2_TCTCCGATCAGCGCGT,Plasma cells
L1_CGATGGCTCATGTCTT,Non-classical monocytes
L2_TGTGAGTCACAGTGAG,Naive T cells
E2L5_CAGCCAGAGTGGCAGT,B cells
E2L6_CCCTCTCTCTTCCCGA,CD4+ T cells
L1_ATGGATCAGTCTCCTC,B cells
E2L4_TGTTGGAGTCCTACAA,Plasma cells
L5_CCACACTTCCCGAGAC,Hematopoietic stem and progenitor cells
L4_TATTGCTAGTTACGTC,Non-classical monocytes
E2L1_AGAAGCGGTGGACCAA,Platelets
L4_TTTGTTGAGTAACGAT,Proliferating T cells
L5_GAGGCAAGTTCAAGGG,cDC2
E2L7_TACGTCCGTGTCGCTG,Plasma cells
E2L3_TTTCATGAGAATCGAT,B cells
E2L7_GCATCTCTCCTCTTTC,CD4+ T cells
L2_ATAGAGATCCTCGATC,Naive T cells
L3_CGAAGTTCAGACCTGC,Naive T cells
E2L5_TGACAGTGTCACAGAG,Memory CD8+ T cells
L2_AACCTGACAGGAATAT,Non-classical monocytes
L4_GATCAGTAGAGCTTTC,Effector CD8+ T cells
L2_CCACCATGTGGCGCTT,Non-classical monocytes
E2L6_TACAACGGTAGAGATT,Non-classical monocytes
E2L5_GCCGTGACACCTGTCT,B cells
E2L8_TGTCCCACAGGGCTTC,CD4+ T cells
L4_AACGGGAAGACGCCAA,NK cells
L2_TACGGTAGTCACCCTT,NK cells
L4_CACATGACAAACAGGC,Erythrocytes
L2_AACCATGTCCTCTCGA,Hematopoietic stem and progenitor cells
E2L5_TGTCCACGTGGGATTG,Effector CD8+ T cells
L2_TGCTTGCCATGTTCGA,CD4+ T cells
E2L4_TACCTCGCACGCAAAG,CD4+ T cells
E2L3_TGGATGTAGCAAATGT,CD4+ T cells
E2L1_ATTCTACCATCTAACG,Plasmacytoid dendritic cells
E2L1_AAGTGAAGTGGATGAC,Effector CD8+ T cells
L2_TCAGTGATCAGCTTGA,Naive T cells
E2L3_TCAATCTCACTGTCCT,Effector CD8+ T cells
L2_GACTCTCTCCCATTTA,Naive T cells
E2L1_GTAGGAGGTTCTCAGA,CD4+ T cells
E2L5_AATCGACTCCATCGTC,NK cells
L2_AGGATCTAGTGGACGT,Proliferating T cells
E2L6_GTTTGGAAGATGCTGG,Classical monocytes
L1_TCTTAGTCATCAACCA,Naive T cells
E2L8_TGAGCATGTGAAAGTT,Plasmacytoid dendritic cells
E2L5_CAGTTCCAGGTGTGAC,CD4+ T cells
E2L8_GTGCTTCTCCTCTCTT,CD4+ T cells
E2L6_TCCTGCATCCAAACCA,Effector CD8+ T cells
L4_TCATATCAGGTAGGCT,CD4+ T cells
L1_AGACACTGTGTTAGCT,Plasma cells
E2L1_AACCTGATCGTAGAGG,Platelets
E2L3_CTCCTTTCATCTCCCA,Classical monocytes
L3_AGAACAAAGTGGCAGT,Proliferating T cells
L1_CATCGGGGTCTCCCTA,CD4+ T cells
L5_CCAATTTCAAGAATGT,Memory CD8+ T cells
E2L8_ACATCCCCATGTTACG,Plasmacytoid dendritic cells
E2L8_CTCAGTCAGTGCCCGT,NK cells
L4_TCCCACACATGCAGCC,Hematopoietic stem and progenitor cells
E2L2_AGTAACCGTGGCTAGA,NK cells
E2L7_CCTAAGACAATAACCC,NK cells
E2L1_GATGACTCATGCGGTC,NK cells
L5_CGAGTTACATGCCGAC,CD4+ T cells
L1_GTACAACGTAACCAGG,Effector CD8+ T cells
L1_TGGATGTGTAAGATTG,Innate lymphoid cells
L1_CACAGATTCGATACTG,CD4+ T cells
L4_GGGTCACGTCCTCCTA,cDC2
L5_GAAACCTGTGGTCCCA,Memory CD8+ T cells
L3_GTAACACTCGCAGATT,CD4+ T cells
E2L4_CATGCTCGTCCAGCCA,cDC2
L3_ATCACAGAGAAGTCAT,Naive T cells
L2_TGTGGCGGTGAAAGTT,Hematopoietic stem and progenitor cells
L3_TCATATCTCTCTCGCA,Naive T cells
L5_CGAATTGAGCAGAAAG,Effector CD8+ T cells
E2L6_ATTGTTCGTGTCCGGT,cDC1
E2L7_ACGGTCGTCGTTGCCT,NK cells
L1_GCCAGCACAGCAGTTT,cDC1
L4_TACCCGTTCTACGCGG,Erythrocytes
L5_TACATTCGTACCATAC,NK cells
L3_GCCTGTTGTCGAACAG,Naive T cells
E2L6_GTCATGACATAACTCG,B cells
E2L3_GCACGGTAGATGTTCC,CD4+ T cells
L5_TACTTGTTCTCTCTTC,NK cells
E2L6_ATCTTCAAGTCTACCA,cDC2
E2L3_AGTCTCCAGAACTGAT,CD4+ T cells
L3_ACCTACCAGGTCACTT,Naive T cells
L1_TACGTCCGTGTCCAAT,Naive T cells
E2L3_AATTTCCCAATAGTGA,CD4+ T cells
E2L7_CTTACCGAGGTGATCG,NK cells
L5_GCTGCAGCATGCCATA,Plasma cells
L5_ACATTTCAGGTTAGTA,CD4+ T cells
L2_ACACCAAGTTTCACTT,Naive T cells
L1_TTTAGTCCAGCAGTTT,Innate lymphoid cells
E2L3_ACGTAGTAGTAGTCAA,B cells
L3_ACCTACCGTCACTCAA,CD4+ T cells
L2_AACTTCTGTCGTCGGT,Effector CD8+ T cells
E2L5_TCATGCCCAAATGAGT,NK cells
E2L2_ACCCAAAGTGCGACAA,cDC2
E2L2_TCGCTTGTCGACGAGA,NK cells
E2L4_GGCTGTGTCCCGATCT,Non-classical monocytes
E2L3_CGGACACAGCGAACTG,Effector CD8+ T cells
E2L5_TCTTGCGAGTCTTGGT,CD4+ T cells
L2_TGTCAGATCCATCTGC,Classical monocytes
L4_ATGCCTCCATGGCCCA,Non-classical monocytes
E2L8_CATGAGTGTCGAATGG,CD4+ T cells
E2L2_GTGAGCCTCACGAACT,CD4+ T cells
L4_TGCATCCCAGACGCTC,Hematopoietic stem and progenitor cells
E2L2_CTCGAGGAGACGCCCT,CD4+ T cells
E2L7_TGCGATAAGTATTAGG,Effector CD8+ T cells
L1_AAAGTGAGTATCGTAC,Classical monocytes
L2_CGGGTGTTCTCAGAAC,CD4+ T cells
L3_ATCAGGTCATCAACCA,Memory CD8+ T cells
E2L2_CTTGATTTCCGATCGG,cDC2
L3_TTGCTGCCACTACGGC,B cells
E2L7_ACTTCGCAGCGGCTCT,B cells
L4_TGCAGTAGTGGACTGA,Innate lymphoid cells
L3_CGGAACCTCCAAGAGG,Effector CD8+ T cells
E2L2_CAATCGAAGATCCCAT,B cells
E2L2_ATGAAAGTCTTAGGAC,Effector CD8+ T cells
L4_AATGGCTTCTACCAGA,B cells
L4_CAGTGCGGTTATGGTC,Proliferating T cells
L5_CCGGGTATCGCTGACG,CD4+ T cells
L2_CCCAACTGTTCAGGTT,Classical monocytes
E2L8_CTCATTAGTGGGTATG,B cells
L2_CTGAATGTCAAGCCAT,B cells
E2L6_TCAATCTCACTGAATC,B cells
L2_TCATGCCAGACTTAAG,Effector CD8+ T cells
E2L2_AAGCCATGTATCCCTC,cDC2
E2L4_TAACCAGCATCCTTGC,Effector CD8+ T cells
E2L2_CGTTGGGAGAACAAGG,Proliferating T cells
L1_GCGATCGCAAATGATG,Naive T cells
E2L5_CTGCTCACAGTGACCC,Effector CD8+ T cells
E2L1_CGATGGCCATGAATAG,Effector CD8+ T cells
E2L5_AGTGTTGGTGTTGCCG,CD4+ T cells
E2L1_ATGCGATCAACCCGCA,CD4+ T cells
L1_GTTGCGGAGTATGTAG,Naive T cells
L1_GGGTGAAGTTCGTAAC,Memory CD8+ T cells
L4_TTACCATCAGCAGTGA,Plasma cells
L2_GATGTTGAGCCAAGCA,
L2_TCACATTCAATGGCAG,CD4+ T cells
L2_TCATGTTAGTATGGAT,CD4+ T cells
L2_TTCATGTAGGAAGAAC,Plasma cells
E2L8_GTCACTCTCACCCTCA,Erythrocytes
E2L3_AAAGGGCTCGACATAC,Platelets
E2L7_GTGGGAAGTGAATATG,CD4+ T cells
E2L3_AGCCAATTCCGTGGGT,CD4+ T cells
E2L8_CTTTCAAAGGCACGAT,Erythrocytes
L2_CATTGCCCAGATCACT,Classical monocytes
L4_GATCACATCCAATCCC,cDC1
E2L2_AATGCCATCCTGTTAT,Memory CD8+ T cells
E2L6_AACGGGATCCAACTGA,cDC2
E2L6_CTGCATCGTGTCTTGA,NK cells
E2L2_GATGGAGCATTCACAG,CD4+ T cells
E2L3_CAGATACAGCCGGATA,Plasmacytoid dendritic cells
L3_TTACCGCAGCCAGTAG,CD4+ T cells
L5_CCTACGTCAGCTACAT,Hematopoietic stem and progenitor cells
E2L5_TGCCGAGTCTGGGTCG,CD4+ T cells
E2L2_AGAGCAGCAGCATTGT,CD4+ T cells
L3_TGCAGTATCGGCCCAA,Proliferating T cells
L1_GTTAGTGCACACGGAA,Effector CD8+ T cells
E2L7_TGCGGCAAGAGGACTC,Memory CD8+ T cells
L4_GAGGGTAAGCGCAATG,Hematopoietic stem and progenitor cells
E2L6_CACATGAGTCGAATGG,NK cells
L1_GAGTTGTTCATTCGTT,Naive T cells
E2L4_GAGTGAGCAAACCATC,Effector CD8+ T cells
L4_ATCCCTGGTATCAGCT,Memory CD8+ T cells
L5_TGATGCAAGTCGCGAA,cDC1
E2L2_TGGGCTGGTCGCTTAA,Non-classical monocytes
L2_GGGACCTGTCCCACGA,Plasmacytoid dendritic cells
L3_GGCTTTCAGTAAGAGG,Naive T cells
E2L1_GGAAGTGAGAGTGTTA,Platelets
E2L1_AGGTTACCAATTGAGA,B cells
E2L7_ACTCCCAGTTGGGCCT,Effector CD8+ T cells
E2L3_TGTAAGCCAATTCGTG,cDC2
L5_CACATGATCGCCGTGA,NK cells
E2L8_GGTGTCGCAAGCACCC,Classical monocytes
E2L4_GGATCTAGTCGAGTGA,Effector CD8+ T cells
L5_CATGGTACAAGGTCTT,Innate lymphoid cells
L5_GGAACCCGTTCTCAGA,Plasmacytoid dendritic cells
E2L2_AAATGGACATTGTGCA,cDC2
E2L1_CTTGAGACAAAGGCGT,Innate lymphoid cells
E2L2_GCACGGTGTTGACTGT,NK cells
L4_CTATAGGTCCCGTTCA,NK cells
E2L8_CTGATCCTCCTCAGGG,Effector CD8+ T cells
E2L2_TGCTGAAGTCGTTGGC,B cells
E2L3_CGTTCTGGTAGAGCTG,Memory CD8+ T cells
E2L6_ACGTAGTTCGATCCCT,Plasma cells
E2L7_GTGCTTCCACCAGCTG,Platelets
E2L4_TCGTAGACAACACGAG,B cells
E2L4_TTCACCGCACTTGTCC,Plasma cells
E2L2_ACGTAGTGTATTCCGA,B cells
E2L1_TTGTGTTCACCGGCTA,B cells
L5_CCTCATGCATGACGAG,NK cells
E2L4_TTTCAGTTCCTATTGT,Memory CD8+ T cells
E2L5_TGTAACGCAACACAAA,Innate lymphoid cells
E2L2_CGGGTCATCCAGCCTT,Classical monocytes
L1_GTTAGACTCTAGTTCT,Naive T cells
L1_GTACAACAGTTATGGA,Hematopoietic stem and progenitor cells
L1_GAGTTTGTCGTAGAGG,Effector CD8+ T cells
L3_TCGCTTGCAACTCCAA,B cells
E2L4_TCGGATATCTTCCCGA,CD4+ T cells
E2L7_TTACAGGAGCTCGGCT,NK cells
E2L6_GAGAAATCACGGCACT,Plasmacytoid dendritic cells
L1_GTTATGGTCTCACTCG,Naive T cells
L3_CAGATACCACAAGGTG,NK cells
E2L6_CCTACGTTCGAATCCA,Memory CD8+ T cells
E2L5_GTTTACTTCTGTTCAT,Plasma cells
L4_CCACGAGAGAGAGTTT,Memory CD8+ T cells
E2L6_TAAGCACAGTACGAGC,Plasmacytoid dendritic cells
L5_GTACAACAGACAGCTG,
L4_ATGTCCCCATACAGGG,CD4+ T cells
E2L4_ATTACCTAGATACAGT,Proliferating T cells
L1_GGGCTCAGTTCTTAGG,Hematopoietic stem and progenitor cells
L1_CACTAAGCACGAAAGC,Memory CD8+ T cells
E2L6_AGTTAGCTCTAAGCGT,Plasmacytoid dendritic cells
L4_CTCCCTCGTCCGAAGA,Plasmacytoid dendritic cells
L5_ACCCTCAGTGGATCAG,Non-classical monocytes
L2_GCCAGCATCGAGCCAC,NK cells
E2L8_TATCAGGCAAGTTGGG,Hematopoietic stem and progenitor cells
L1_CCGGGTAGTTTACTGG,Plasma cells
E2L8_GGGACAATCTTGGTCC,NK cells
L1_CTCCATGCATCGGCCA,
L5_TTACCATAGATAACAC,Effector CD8+ T cells
E2L7_ATTCCTACAGGTCCCA,CD4+ T cells
E2L2_CTTACCGTCTCCTGCA,NK cells
L4_CCATCACAGACGCCCT,Effector CD8+ T cells
L1_AGGGTCCAGACTACCT,Plasmacytoid dendritic cells
E2L3_TTCACGCCAGCAGTTT,
L2_GAATCGTTCCACGTGG,B cells
L3_GTCGTAATCCGTGACG,Classical monocytes
L2_GAGATGGTCGAATGCT,Hematopoietic stem and progenitor cells
E2L8_TTTGATCCAATGTGGG,Platelets
E2L7_AACCATGAGCGGGTTA,cDC2
E2L6_GGGAGATGTGCATTTG,CD4+ T cells
E2L4_CATGAGTCACGACGCT,NK cells
E2L6_TCAGTCCGTGTTACTG,cDC2
L1_GTATTTCCATGGCTGC,Hematopoietic stem and progenitor cells
E2L1_CTTCTAACAGGCTCTG,Hematopoietic stem and progenitor cells
E2L4_TACCCACCACCGCTGA,CD4+ T cells
L5_TACATTCTCTTTGATC,Effector CD8+ T cells
E2L6_GCCGTGAGTAGACAGC,CD4+ T cells
E2L7_GTGCAGCTCCGTGGGT,CD4+ T cells
L5_CGCCAGACAAACCACT,Effector CD8+ T cells
L1_AGGCTGCTCTAGCCTC,Plasmacytoid dendritic cells
E2L2_CCACGTTGTGGGACAT,B cells
L4_GTAAGTCGTCGCATGC,cDC1
E2L1_AATAGAGTCCGGACGT,NK cells
L2_TTGTGGATCTGCCTCA,Memory CD8+ T cells
E2L4_AGGTCTAAGCCTCAGC,NK cells
L2_GTGCAGCAGGTTGGTG,Proliferating T cells
L1_ATTGTTCAGCCACAAG,Naive T cells
L3_GATCACACAGTTCCAA,Platelets
E2L6_CACTAAGTCGTTCTAT,Non-classical monocytes
L4_GGAATGGCAGAAGCGT,Naive T cells
L2_CATGCTCAGTATGATG,Naive T cells
L5_GTAGGTTCATCCTAAG,Naive T cells
E2L4_ACGATCACAATAGAGT,Platelets
E2L2_AATCACGCATCCGATA,NK cells
E2L2_TCAGTGATCTAAGCCA,Innate lymphoid cells
E2L2_CAAAGAAGTACCGGAA,Effector CD8+ T cells
E2L6_CCGGACAAGAGTTGTA,Plasmacytoid dendritic cells
E2L5_TTCGCTGGTCAGGAGT,B cells
E2L7_TTTACTGCAGCGTTGC,cDC2
L4_TACCTCGCACACACGC,Effector CD8+ T cells
L5_CGACAGCTCTCGTGAA,Naive T cells
L5_CCCTGATGTCCCGGTA,Plasma cells
E2L3_TAGACCATCTTTGATC,CD4+ T cells
L1_AGGCTGCTCTGCGGAC,Naive T cells
E2L3_TAACGACAGCCTTTGA,Hematopoietic stem and progenitor cells
E2L6_GTTCTATAGGAGGCAG,CD4+ T cells
E2L3_ATATCCTTCTGCTTAT,CD4+ T cells
E2L1_AGTCAACAGCATGCAG,cDC2
L1_GTCTCACCATTGTCGA,CD4+ T cells
L4_CGAGGAAGTTCAGCGC,Naive T cells
L4_GTGCAGCCAAATAAGC,Effector CD8+ T cells
L3_ACGGTCGGTGCCGTTG,B cells
E2L3_TCATATCTCTGCGATA,CD4+ T cells
E2L2_TGCAGATTCACGGTCG,Effector CD8+ T cells
E2L7_CCACACTCACGCGTGT,NK cells
E2L7_GTGCAGCCAAGATGTA,Non-classical monocytes
L5_TTACAGGGTTCTTGCC,Non-classical monocytes
E2L2_CCCTCAAAGTGGCAGT,Effector CD8+ T cells
E2L7_GAAGTAAGTATCAGCT,Platelets
L3_GGTCACGCACCGTCTT,Naive T cells
L2_TCCTAATTCCAGTGCG,Naive T cells
L2_TTCCTCTTCGGCTATA,Naive T cells
L1_TGATCTTTCGCTGACG,CD4+ T cells
E2L2_TTTACCAGTCAAGTTC,NK cells
E2L5_GATGGAGTCCGCGGAT,Platelets
E2L2_GCAACATGTATACCTG,cDC2
L2_CTTTCGGAGAGAGCCT,B cells
E2L8_TCCGGGAGTGTTGATC,Effector CD8+ T cells
E2L7_TCATGAGGTCTCAAGT,Erythrocytes
L1_GTGAGCCAGATTCGCT,cDC2
E2L5_ATAGACCTCAATCCGA,CD4+ T cells
E2L3_AGTCTCCAGTTGAAAC,B cells
L3_AGGGTTTGTGTGACCC,Platelets
E2L5_GAAATGATCGCGTGCA,CD4+ T cells
L4_TCTACCGAGCGTTGTT,Naive T cells
E2L5_AGGAGGTAGTGTTCAC,Proliferating T cells
E2L8_ACGTAGTTCATGAAAG,NK cells
L3_TCACACCCAAGTGGGT,Naive T cells
E2L3_TACTTGTTCGAAGCCC,Non-classical monocytes
E2L5_CAAGAGGCATACTTTC,NK cells
L5_GTAGAGGTCTTTACAC,Effector CD8+ T cells
E2L6_TGAGGAGTCGTACCTC,Plasmacytoid dendritic cells
L1_TAATCTCAGCGTGTTT,Effector CD8+ T cells
E2L1_ACCACAAAGAGCATAT,Memory CD8+ T cells
E2L7_AACAAAGGTTCAGTAC,Classical monocytes
L5_CGTTAGATCGGACAAG,Effector CD8+ T cells
L3_ACACCAAGTAACGCGA,B cells
E2L6_TACAGGTTCTGCCTGT,NK cells
E2L2_GTCATCCTCCTCGATC,Effector CD8+ T cells
L1_GCAACCGGTAGTGTGG,B cells
L5_CATCAAGCATTCATCT,cDC2
E2L7_TAACCAGGTGGCTACC,Effector CD8+ T cells
E2L1_AGGGTTTGTGCGGTAA,Hematopoietic stem and progenitor cells
L5_TCAAGCATCCGAAATC,CD4+ T cells
E2L1_GCGATCGAGTATGACA,Plasmacytoid dendritic cells
E2L3_AGACAAAAGATGACCG,Proliferating T cells
L3_GGCTTTCTCCTAAACG,CD4+ T cells
E2L8_ATCCTATAGAGGGTGG,B cells
L2_TAGTGCACAATCTGCA,Memory CD8+ T cells
E2L8_GTTGCTCTCGGTGTTA,Effector CD8+ T cells
L2_TTACAGGCAGACGGAT,Plasmacytoid dendritic cells
E2L7_CCGGTAGGTGTAGCAG,CD4+ T cells
E2L4_ACAGGGATCGGTGTAT,Naive T cells
L2_CCGATCTGTCGTGGTC,CD4+ T cells
E2L8_TCTTGCGTCAGCTTGA,B cells
E2L2_ACGTTCCAGCTGGCTC,NK cells
E2L2_TTGAACGGTGTTTGCA,NK cells
E2L8_AAGACTCAGCGATCGA,Effector CD8+ T cells
E2L5_GCATTAGGTACAGTTC,Plasma cells
E2L4_GCCAGGTTCTGTCGTC,Proliferating T cells
L4_GCATCGGCATGGCTGC,Memory CD8+ T cells
L4_ACCATTTAGCATCCCG,Effector CD8+ T cells
L3_TGCGACGGTGGTCCCA,cDC2
L2_TTAGTCTTCTGGCCAG,Naive T cells
E2L8_TCATGTTGTGTTCAGT,NK cells
L4_GCGGATCCAACGGGTA,Plasma cells
E2L1_TCAAGACGTATCGGTT,CD4+ T cells
L5_GAAGTAATCTTCGTGC,Memory CD8+ T cells
E2L2_TTTGATCAGCCATTCA,NK cells
L3_TGGGAGAGTCCGCAGT,Non-classical monocytes
L5_CGGAGAATCAGCTCTC,cDC1
E2L6_TTCGCTGGTACGGTTT,NK cells
L1_GCTGAATCATGGAGAC,Naive T cells
E2L8_ATCTCTAAGGCCATAG,B cells
L4_TACTTCAGTAAGATTG,B cells
E2L5_CTCCTTTTCACTTGGA,B cells
E2L3_CGGGCATGTCCAAGAG,Effector CD8+ T cells
E2L7_GTGATGTGTATGGGAC,Classical monocytes
L3_TGTAGACTCACTGAAC,B cells
L2_TGAGCATCAATGACCT,CD4+ T cells
L5_TGATCAGAGATGGTCG,NK cells
E2L6_TCCCACATCAAGGTGG,cDC1
L5_CGTAGTATCGACCACG,Naive T cells
E2L4_ACTATCTTCGACACTA,B cells
E2L5_TACACCCTCTGTCCCA,CD4+ T cells
L3_TACTTCACAAGACGAC,Innate lymphoid cells
L4_CTCTCAGAGACGCTCC,Classical monocytes
L4_GGAAGTGAGGTGATCG,Memory CD8+ T cells
L2_TTCCGTGCAATAGTAG,Plasma cells
L4_TGCGGGTAGCGTCAGA,B cells
E2L5_TCATGTTCAATCTCTT,
L1_TCGAAGTCAACCTAAC,cDC1
L3_AAACCCATCTGTCAGA,Effector CD8+ T cells
L5_GTAGGAGAGCTGGCTC,Naive T cells
L4_AAAGAACTCCAACCGG,Effector CD8+ T cells
L2_AGAAATGGTGCCTTCT,B cells
L2_CTCCAACCAGCATCTA,Hematopoietic stem and progenitor cells
E2L5_GGTGGCTGTGACTGAG,B cells
E2L7_GTAGAGGCAGGTCAGA,Plasmacytoid dendritic cells
E2L5_TGGAACTGTGCAGATG,Effector CD8+ T cells
L5_GGTTCTCCAGATAAAC,Naive T cells
E2L5_GTCGAATTCCATCGTC,Effector CD8+ T cells
L2_GAGTCTACATATCGGT,cDC2
E2L5_CGCCATTCATGCCATA,NK cells
L1_AACCTTTAGAGAGCCT,Naive T cells
L3_TTGCATTAGGAGTATT,Memory CD8+ T cells
E2L7_GTAGGTTTCCCAAGTA,CD4+ T cells
E2L6_CGCATAAAGTCGTTAC,Classical monocytes
E2L5_GCCAGGTCACGGATCC,Effector CD8+ T cells
L2_CTTGATTAGCCACCGT,Naive T cells
E2L3_TCCTTTCTCTGGTTGA,Memory CD8+ T cells
E2L6_ATCACTTTCCCAAGTA,Classical monocytes
L5_ACACCAACACCCAATA,Effector CD8+ T cells
E2L1_AGCGTATCATCCGGTG,CD4+ T cells
E2L2_AGCCAGCAGGGCTAAC,Plasmacytoid dendritic cells
L3_CGCCATTTCCGTATAG,Naive T cells
E2L4_CCATAAGAGGATGTTA,NK cells
E2L7_CTGGTCTAGCATTTGC,CD4+ T cells
E2L6_GCGGATCTCCAATCTT,B cells
E2L4_TCTCTGGTCTAGTTCT,Platelets
E2L1_GATCATGGTAGAATAC,Classical monocytes
E2L1_TCTATCATCTTCTAAC,Effector CD8+ T cells
L1_CTATCCGTCTCGCTTG,Proliferating T cells
L5_TCCTTCTCAGCGTTTA,Hematopoietic stem and progenitor cells
E2L7_TACCGAAGTTGGGAAC,Memory CD8+ T cells
E2L7_TGGTTAGTCTGGTGCG,Plasmacytoid dendritic cells
L4_AAAGTGATCGTTCTCG,Platelets
E2L5_GAGTCTACAGGTAGTG,Plasmacytoid dendritic cells
E2L6_TTTATGCCACCAGACC,Effector CD8+ T cells
L1_GTTAGACTCCTAACAG,CD4+ T cells
E2L7_CTTCCGATCCTTGAAG,B cells
L1_ACTCTCGAGTCCTGCG,CD4+ T cells
L2_TCACGGGGTTCCTTGC,B cells
L1_TGTCAGAGTCTCGGAC,Naive T cells
E2L4_AACCCAACAATAGAGT,Plasma cells
L4_GCTACCTGTGCTATTG,B cells
L4_CGAGTGCAGCAGGTCA,Effector CD8+ T cells
L2_GTCAGCGGTTTGAAAG,Classical monocytes
L4_CGAATTGGTTACGCCG,NK cells
E2L7_CATCGGGAGCGTGTTT,CD4+ T cells
E2L8_TCATTCACATGTACGT,Effector CD8+ T cells
E2L7_TCCTCGAAGTGCCGAA,B cells
E2L3_ATCGTCCCACATAGCT,Classical monocytes
L3_CGTTAGAAGGCCTTCG,Memory CD8+ T cells
L2_GGGTCTGGTACACTCA,Naive T cells
L5_CTAACTTTCCCGAACG,Platelets
E2L7_GTGCACGGTCGTGTTA,CD4+ T cells
E2L2_CCATCACCACGAAAGC,B cells
E2L4_TGCTCGTCACAACGCC,CD4+ T cells
E2L2_CGGAACCAGGTTCATC,Platelets
E2L8_TTGTTCATCCCGTTCA,Plasmacytoid dendritic cells
E2L8_GCCATTCTCCGTAGGC,B cells
E2L3_TTGGGCGGTCTGTGTA,cDC2
L2_TTGAACGAGCACTTTG,NK cells
E2L2_TGGAGAGCACTCCACT,Non-classical monocytes
L1_GATGTTGTCCTTACCG,Non-classical monocytes
L2_CTAACCCCAACCCGCA,Naive T cells
L2_GAAATGAAGCCAGTAG,Plasma cells
E2L1_AACCACAGTAACGGTG,Effector CD8+ T cells
L5_GAGCCTGTCAAGCTTG,NK cells
E2L4_CATAGACTCGGTAGAG,B cells
E2L1_GTCTCACAGCTGTGCC,cDC1
E2L1_GGGCCATGTGCCTATA,CD4+ T cells
E2L5_CATCGGGGTCCGTACG,B cells
E2L5_CCCATTGAGTGCAGGT,Plasma cells
L2_TTGTTGTGTCGGTGAA,Classical monocytes
L5_ACTATTCCAGGCCCTA,Naive T cells
L3_TTCAATCTCGGTGTTA,Hematopoietic stem and progenitor cells
E2L4_CTCTCAGGTAACGATA,CD4+ T cells
E2L1_TCTTCCTGTACCGGCT,B cells
L5_GGATGTTCAAGAGGCT,Naive T cells
L4_AACAACCTCAACCCGG,Erythrocytes
E2L4_CCGAACGTCATAGGCT,CD4+ T cells
L2_CTGATCCTCTCAAAGC,Memory CD8+ T cells
L4_TCATCCGCATTGAAGA,cDC2
E2L4_TGGGCGTAGGTCCCTG,Effector CD8+ T cells
L4_CATTCCGAGGGTCACA,B cells
E2L5_CTCTCAGGTAGCTGCC,CD4+ T cells
E2L8_TATCTTGAGATGACCG,Non-classical monocytes
L5_TCAATTCGTAGGAAAG,Naive T cells
L5_AGGATAATCACTCCGT,Naive T cells
E2L8_ACGGGTCTCGTAATGC,Classical monocytes
L1_GAGGGATGTTGAATCC,Hematopoietic stem and progenitor cells
E2L5_AGTGACTGTCCTACAA,Platelets
E2L4_CGAGGCTCAGCCGGTT,Memory CD8+ T cells
L3_TCTACATGTCTGTGGC,Memory CD8+ T cells
L5_CATTCTAAGTGGTTAA,Hematopoietic stem and progenitor cells
E2L1_TTCCTAAAGTACTGGG,Effector CD8+ T cells
E2L2_GGAGGATGTTCGGGTC,NK cells
E2L7_GCGTGCACAGTTTCAG,CD4+ T cells
E2L6_CCAATGAAGGCTGGAT,Non-classical monocytes
E2L8_TCCGATCCACCATATG,Effector CD8+ T cells
L1_TCGCACTTCCCGTGAG,Naive T cells
E2L1_TCCTTTCCACCCTAGG,Non-classical monocytes
L1_TTCTAGTAGAGGTCAC,Naive T cells
L3_AAACGAAGTCCTTGTC,cDC2
L2_CTCAGTCGTCGTAATC,Proliferating T cells
E2L3_TGATGCAGTGATACCT,NK cells
E2L5_AAGTTCGAGCACTCGC,CD4+ T cells
L2_GAGTTACTCTTCGGAA,NK cells
L5_GGTTCTCGTTCCAGGC,Hematopoietic stem and progenitor cells
E2L4_CGTAGTACACTATCGA,Memory CD8+ T cells
E2L5_ATGATCGAGAATCGTA,cDC1
E2L6_GGTCTGGTCTCGGTAA,NK cells
L2_CAAGGGAAGGCCATAG,Effector CD8+ T cells
L3_ACAACCAGTCTGTCAA,Effector CD8+ T cells
E2L1_TCACATTCATCTTAGG,CD4+ T cells
E2L3_TTGGGTATCCCGTGTT,Effector CD8+ T cells
E2L5_ATGTCCCCAACCGATT,CD4+ T cells
E2L4_CTCCTTTTCTCTGCTG,Classical monocytes
L3_AGCGATTCAGCCTATA,Classical monocytes
E2L3_ACCTGAAGTGAACGGT,CD4+ T cells
E2L1_TGAGTCATCAGGAAAT,Effector CD8+ T cells
E2L2_TTTGACTTCCGCACTT,CD4+ T cells
L2_GTGAGGAGTACAAGTA,Memory CD8+ T cells
L1_GAATAGACACAAGCAG,Hematopoietic stem and progenitor cells
E2L8_CACGGGTCAGTATACC,CD4+ T cells
E2L3_TGGTTAGTCTTCGTAT,Effector CD8+ T cells
E2L5_CTTGATTAGAGATGCC,Platelets
E2L2_TCGTGGGAGAATCCCT,CD4+ T cells
L4_GTTTGGAAGTTGGCTT,NK cells
E2L6_ATCGGCGAGAAGTCCG,Plasmacytoid dendritic cells
E2L3_GTTACAGGTTAGGAGC,cDC2
L1_CGAGAAGTCCAATGCA,CD4+ T cells
L1_ATCGGATAGACCAACG,Naive T cells
E2L3_GCTTTCGTCGACGATT,cDC2
E2L5_CGCGTGACACACGGAA,B cells
E2L6_GGGCGTTTCACCTTGC,Innate lymphoid cells
E2L7_TGGTGATGTTTGAAAG,Hematopoietic stem and progenitor cells
E2L3_CCCTCAAGTAGCTGAG,B cells
E2L5_GACCGTGGTCGTCTCT,B cells
L2_TCGAAGTTCAAAGCCT,CD4+ T cells
E2L5_CCGCAAGTCGTTCCTG,CD4+ T cells
L4_AACCATGCATAACTCG,
E2L4_GTGTTCCCAATACGAA,CD4+ T cells
L3_CTCATTAGTCATGGCC,CD4+ T cells
L5_TCGACCTTCGCGTCGA,cDC2
E2L4_AAAGTGATCTTTACAC,NK cells
L1_ATTGTTCCAACAAAGT,Naive T cells
E2L4_GTGGAAGCACAGTGAG,Platelets
E2L3_GTGCACGCATCTTAGG,NK cells
L1_GGTGATTGTCTTTATC,CD4+ T cells
E2L2_CTTTCGGGTAGATTAG,Classical monocytes
E2L5_TCGCTCACAATGGGTG,NK cells
E2L2_TACCGAAGTTGACGGA,cDC2
E2L2_AGGGCTCTCCACTGGG,Plasmacytoid dendritic cells
E2L7_GTGTGATGTAATGATG,NK cells
L3_TCGGGACGTCAAGTTC,Proliferating T cells
E2L7_TGAATGCTCAGTGTTG,B cells
L1_GTGCTTCAGTCATACC,NK cells
E2L5_CGGGTCACACATACTG,B cells
E2L6_GGATCTATCATCGCAA,Platelets
E2L5_GGAATCTCACTACCCT,Effector CD8+ T cells
E2L5_TTGGTTTGTGTTCCAA,Platelets
E2L5_TAACACGTCTGTCGTC,CD4+ T cells
E2L3_AAAGTGACACCAGCCA,NK cells
L3_AAAGTGAGTGAGATTA,B cells
E2L8_GCACATAAGCTAGAGC,NK cells
E2L4_AGGACTTCACGAGGAT,cDC2
E2L8_CAATCGAAGTTGGAAT,Classical monocytes
L1_TTCAATCTCTCTCCGA,NK cells
E2L2_CGGTCAGAGACATAAC,Effector CD8+ T cells
E2L1_GATGATCAGATACCAA,B cells
E2L8_CGTCAAAGTTCGGTCG,B cells
E2L6_TTGTTCACAGGCCCTA,Plasma cells
E2L3_ATCATTCTCGCGTAGC,B cells
E2L3_TAGACTGTCGTAGAGG,Platelets
L3_TTTGATCTCCAACACA,Plasmacytoid dendritic cells
L2_CATCCCATCGCAGATT,Memory CD8+ T cells
L2_TCCTCGAAGTTACGTC,Effector CD8+ T cells
E2L6_CACAACACAATTCTCT,B cells
L2_CCCTGATTCCTTTGAT,Effector CD8+ T cells
L5_AACGAAATCCACTGGG,Naive T cells
L4_ACCACAAGTTCGAACT,Plasmacytoid dendritic cells
L2_AGTACCATCTGTTCAT,B cells
E2L6_ATTATCCCACTCTGCT,B cells
E2L7_CATCCGTCATACGCAT,NK cells
E2L8_CCTTTGGTCCTTTAGT,NK cells
E2L6_CATAGACTCGGTCTGG,Proliferating T cells
L4_TTGCCTGCATACTGTG,B cells
E2L8_TCCATGCGTATAGGGC,Effector CD8+ T cells
L2_GACATCAGTCACCGCA,Naive T cells
L3_TTTACGTGTCTGATAC,Plasma cells
L4_AAGATAGTCGCGATCG,Erythrocytes
E2L7_AATTCCTCATGCCGCA,CD4+ T cells
L2_GATTCTTGTCCTTAAG,Plasma cells
E2L8_TCATCCGCAGTCAGTT,CD4+ T cells
E2L5_AGTTAGCTCGCTAGCG,NK cells
E2L2_AGACACTGTTAAGACA,NK cells
L1_GTGAGCCAGGTCTTTG,CD4+ T cells
E2L1_TATTGCTAGCCATTCA,Memory CD8+ T cells
E2L2_GATAGAACATCAGTCA,CD4+ T cells
E2L8_ACGGTCGAGGGTTTCT,Innate lymphoid cells
E2L3_GTCGTTCTCGTCCATC,cDC2
L3_AGGAGGTCAGAGGGTT,Plasma cells
L1_AGACAGGGTGCATTAC,Naive T cells
L1_TCACGCTGTACCAGAG,Erythrocytes
E2L3_CATCCACGTAGTGGCA,Plasmacytoid dendritic cells
E2L2_GAGGGTAGTTTGAAAG,Proliferating T cells
E2L6_TAGACTGGTCGAAGCA,Effector CD8+ T cells
E2L8_CTTCTCTAGTATAGGT,Erythrocytes
L5_ACCGTTCAGCATGTTC,cDC1
L4_AAGACTCAGGTGCCAA,Naive T cells
E2L6_TTCCGGTCAACTCCCT,NK cells
L1_GCCATTCTCATCGGGC,Naive T cells
E2L8_TGTCCTGTCAGACCGC,NK cells
E2L8_CAACCTCGTAACCAGG,CD4+ T cells
L5_CCGTGAGAGATGCTAA,Plasma cells
L1_TGTGCGGTCATTACGG,Proliferating T cells
E2L5_CGTAAGTGTCACAGAG,Plasmacytoid dendritic cells
E2L8_CTCCCAACAGTGGGTA,
L5_CGGACACGTGAGTCAG,Non-classical monocytes
E2L6_TCGGATAGTCGCATTA,
L3_GGAGGATGTGCGGATA,B cells
E2L7_GGAATCTAGGATTCCT,Proliferating T cells
L1_AGCGCTGTCAGCTGAT,Plasma cells
E2L1_GTATTTCTCTTACTGT,Effector CD8+ T cells
E2L4_GGCTTTCGTCGCTTAA,Non-classical monocytes
L1_TAAGCACCAGAGGCTA,NK cells
E2L8_AAGACTCGTTCTTGCC,Effector CD8+ T cells
L5_CGGGACTGTAACCCTA,Proliferating T cells
L2_GTCAAGTCACAATTCG,Hematopoietic stem and progenitor cells
L1_GAAGTAAGTGCCCTTT,CD4+ T cells
L4_CATGGTAGTCTACTGA,NK cells
L5_TAGGAGGCAGAGTCAG,Non-classical monocytes
L5_CAAAGAAAGAAAGCGA,B cells
E2L6_CAGGCCAAGCCTCATA,Classical monocytes
E2L6_GCACATATCCATTGCC,CD4+ T cells
E2L8_GACAGCCCATGTTCAG,CD4+ T cells
E2L2_TGTTTGTGTTTACCAG,CD4+ T cells
E2L4_GCACGTGCACTCATAG,Classical monocytes
E2L1_TCTGCCAAGCAAGTCG,cDC1
E2L5_TGGGCTGCAACAGAGC,CD4+ T cells
L2_GGGTCACCATTATGCG,CD4+ T cells
L1_GATTGGTGTTTACTGG,NK cells
L5_CTGTAGAGTATTCCTT,Memory CD8+ T cells
L5_GGGTTATCACATGTTG,Naive T cells
E2L8_TTGAACGAGGATCACG,NK cells
L4_GACCCTTGTAGTGTGG,Non-classical monocytes
L1_CATACCCGTTCCGCTT,Naive T cells
E2L4_ATCCACCGTAGCGCCT,Effector CD8+ T cells
L3_TGGAGGAGTGTTGATC,Naive T cells
L2_CATGCAACACCCAAGC,B cells
E2L1_AGACACTGTGTCGCTG,Classical monocytes
E2L6_GTAGAAACAAGACAAT,CD4+ T cells
E2L7_TGATCTTAGACTGTTC,CD4+ T cells
L3_CTGGACGGTGATTAGA,Naive T cells
E2L3_GCCATGGTCGTTCTCG,Effector CD8+ T cells
L4_TTCGGTCCAAATTGCC,Naive T cells
L1_CATACTTGTCATATGC,CD4+ T cells
L2_AATCGACTCAATGCAC,Non-classical monocytes
L3_ACTCTCGAGACGACTG,CD4+ T cells
E2L6_GGGTGTCAGATTCGCT,NK cells
E2L3_TTGACCCCACCATTCC,Plasmacytoid dendritic cells
E2L4_GTGATGTAGATGCTGG,NK cells
E2L7_AGATGCTTCCAAAGGG,Plasmacytoid dendritic cells
L3_TTTGATCAGTCGTCTA,Naive T cells
E2L2_AGTTAGCTCTTCCGTG,CD4+ T cells
L2_ATCACAGAGATGCTGG,Erythrocytes
L4_CTCGAGGCAAATTGGA,Naive T cells
E2L3_TTGCGTCTCTCATTTG,CD4+ T cells
E2L3_AGACTCAAGTGAGTTA,B cells
L2_ACACCAAGTGTAGTGG,Naive T cells
L3_TCGAACACACCAAAGG,Hematopoietic stem and progenitor cells
E2L8_TTCCAATTCACCATGA,Plasma cells
L5_GTGGCGTAGACCAGCA,CD4+ T cells
E2L2_AAGTTCGTCGGCAGTC,Plasma cells
L3_TACGTCCCACGAGGTA,Effector CD8+ T cells
L4_TGTTCCGCAAATCAGA,CD4+ T cells
L1_GATCACAGTACAGTAA,CD4+ T cells
L2_GTCACTCTCACGAGGA,B cells
L5_ACGATGTAGGAACGAA,Memory CD8+ T cells
E2L5_ACTTCCGTCACATTGG,B cells
L1_AGTGTTGAGAAGTGTT,Memory CD8+ T cells
L1_GCTGCAGTCCGTTTCG,cDC2
E2L3_CGCATAACACTACCCT,Non-classical monocytes
L1_CCCTCTCGTCATCTAG,Naive T cells
E2L3_GACCTTCAGAGGGTAA,CD4+ T cells
E2L4_AGGATAATCTAAACGC,B cells
E2L7_CATGGTATCGAGTGAG,Classical monocytes
L4_GGAGGATGTACCGGCT,Hematopoietic stem and progenitor cells
E2L1_AGTGCCGAGACCCGCT,CD4+ T cells
E2L5_TCTCTGGTCCGGACTG,Effector CD8+ T cells
L5_GAGTCATAGATCGGTG,CD4+ T cells
L4_GGAGGATTCGGATACT,Effector CD8+ T cells
E2L7_GGAAGTGAGCATACTC,CD4+ T cells
L1_TCACAAGTCAACTGAC,Naive T cells
L2_TAGATCGTCCCGAGGT,CD4+ T cells
E2L5_CGTGTCTTCAGAACCT,Proliferating T cells
E2L5_AGCGTATTCACTACTT,Effector CD8+ T cells
E2L3_AAGATAGTCTGGTGCG,CD4+ T cells
E2L3_ACGGAAGCATCGGTTA,Plasmacytoid dendritic cells
L2_GTGGCGTCACTGCTTC,Non-classical monocytes
L5_ACTATCTTCCGATGTA,Memory CD8+ T cells
L2_GCAACATTCTAGGCCG,Effector CD8+ T cells
L5_TCACTATTCGAGTGAG,Hematopoietic stem and progenitor cells
E2L2_TGGATGTCAGTCTCTC,CD4+ T cells
E2L8_AGACAAAGTCTGTGTA,Classical monocytes
E2L8_CTCAGAAAGAAGCTCG,Platelets
L2_AAAGAACAGATGGGCT,Hematopoietic stem and progenitor cells
L2_CAATTTCGTAGGAGGG,B cells
L4_TTCAATCAGGCTTCCG,Plasma cells
E2L6_GACCCTTTCGAGCCAC,CD4+ T cells
E2L5_TAGGGTTCATGATGCT,Effector CD8+ T cells
E2L1_CACACAAAGCGTACAG,Non-classical monocytes
L5_CCGGACAAGCTGGTGA,Naive T cells
E2L5_CTGCATCGTCCACTCT,Proliferating T cells
L2_CTGTACCCAGGTCAAG,CD4+ T cells
L2_CCTTGTGGTGGTGATG,Naive T cells
E2L4_GATCAGTCACCCAACG,CD4+ T cells
L3_GAGTCTAAGTCACAGG,Non-classical monocytes
E2L4_GGAGGATAGGAGAGTA,CD4+ T cells
L2_TAACTTCCACAGGATG,Memory CD8+ T cells
L2_CGTGATATCCTTACCG,NK cells
L1_GTCCTCACACTTTATC,NK cells
L4_TTTACGTCACGGTGTC,Hematopoietic stem and progenitor cells
L3_ACGGTTACACCTCGTT,Classical monocytes
E2L1_GGTGTCGGTCACTCTC,Effector CD8+ T cells
L3_ACATTTCAGCATCAAA,Plasma cells
E2L4_TACACCCAGAGTCCGA,CD4+ T cells
E2L7_ATCCATTCACATGAAA,Plasmacytoid dendritic cells
E2L3_GTCGTTCCAGCTCTGG,B cells
L5_GAACACTCATTCACAG,Proliferating T cells
E2L5_TGTGTGATCCAACACA,Proliferating T cells
E2L8_TCGAAGTAGTTTCGAC,B cells
L5_CTTACCGGTCGTTGGC,Proliferating T cells
L3_CGGAACCAGCTTTCCC,B cells
L5_AAGCGAGTCTGGTGCG,Non-classical monocytes
E2L1_CTTCCTTAGTGTGTTC,CD4+ T cells
E2L5_GACATCATCTGGCCAG,Platelets
E2L5_TGCAGGCCAGTCGGTC,NK cells
L5_CCCGAAGGTTGCATTG,Non-classical monocytes
E2L5_TGCATGACAGGCGAAT,CD4+ T cells
E2L3_ACGTAGTCAATAGTAG,CD4+ T cells
E2L5_GTCACGGAGGACCCAA,B cells
E2L7_CTCCCTCAGTCATAGA,Classical monocytes
E2L6_CATTGAGCACAGCTTA,NK cells
E2L1_ATCTCTATCCCTAGGG,Effector CD8+ T cells
E2L6_GTTGAACCAGGAATCG,CD4+ T cells
E2L8_TACCTCGGTTATGTGC,NK cells
L5_GTCATGAGTAGATGTA,CD4+ T cells
L2_ATCTCTATCTGAACGT,cDC2
L1_ACGTAGTGTAATTAGG,Proliferating T cells
L4_GGGTATTGTAGGTAGC,Naive T cells
E2L6_CAAGAGGAGGCGTTGA,B cells
L4_CTACTATCAATAGTCC,Naive T cells
E2L5_AAACGCTGTGTCTCCT,cDC2
E2L5_GTTACGATCGGTAAGG,B cells
E2L1_GGGAGTACATGGTACT,B cells
E2L7_CAACGGCAGATGGTAT,CD4+ T cells
L2_TAGACCATCGCACGAC,NK cells
E2L5_GAGACTTCAGGTCAGA,Memory CD8+ T cells
L3_TACGGGCTCGCCTTGT,B cells
E2L5_CCCTTAGTCCCTATTA,Platelets
L3_AAACCCAAGCATGAAT,Effector CD8+ T cells
L4_ACAGGGACAGTAGAAT,Plasmacytoid dendritic cells
L4_GCAACCGCAGAGTTGG,Naive T cells
E2L7_TCGGGACCATAGATCC,Platelets
E2L6_AACCATGAGTCACACT,Effector CD8+ T cells
E2L2_CGCAGGTAGTCATTGC,Effector CD8+ T cells
E2L5_TTAGTCTCAATCAGCT,Proliferating T cells
E2L3_TCAGTTTAGTGCGTCC,Plasma cells
L2_CTTCAATCAGCGTTGC,Memory CD8+ T cells
E2L1_GTGTTAGTCACAAGAA,B cells
E2L2_GGCTTTCGTTGGACTT,CD4+ T cells
L4_CAATACGGTACAAGCG,Plasma cells
E2L8_TTACCGCTCATCTATC,CD4+ T cells
E2L8_CCTCTAGTCTACCAGA,CD4+ T cells
E2L3_AGACACTAGGCTCTCG,Proliferating T cells
L4_ACGTTCCGTGCATACT,CD4+ T cells
E2L4_CAGGGCTTCTCGCCTA,Plasmacytoid dendritic cells
L1_TTTGATCAGAAGTCTA,Erythrocytes
E2L3_CGCGTGACAACTTGCA,B cells
E2L8_AAGGAATGTCGCATCG,Plasmacytoid dendritic cells
E2L8_ACATGCATCAACGAGG,CD4+ T cells
L4_TACTTCAGTTAAAGTG,NK cells
E2L3_GACACGCCAAGCACAG,Effector CD8+ T cells
L2_GGTCTGGCATATAGCC,CD4+ T cells
E2L5_CTCATTAGTCATCCCT,NK cells
L5_CTGCTCACACTTGAAC,Hematopoietic stem and progenitor cells
E2L3_GGCTGTGCAAGTAGTA,B cells
L5_TGGCGTGTCGTGTCAA,B cells
E2L5_CTAACTTTCTAAGCCA,NK cells
E2L7_CAAAGAACAGCGGTTC,NK cells
L4_TGCAGATCATGACGGA,Naive T cells
E2L8_CAAGGGATCAACGTGT,B cells
L2_ACTATCTTCAGTCAGT,B cells
L1_TCCGGGAGTTAGAGAT,Classical monocytes
L1_GAGTTGTGTCACTCGG,Naive T cells
E2L8_ATGATCGTCACTTGTT,CD4+ T cells
E2L1_ATCGTCCGTGTTTACG,CD4+ T cells
E2L4_TCAATTCGTATTGCCA,NK cells
L4_TTACAGGTCTAGACCA,B cells
E2L1_CCGGACAGTGGACTGA,Naive T cells
E2L3_GTGAGCCTCCAAACCA,Proliferating T cells
E2L6_TCCTGCACAGCCCAGT,B cells
L4_CGTAAGTTCTAGTCAG,CD4+ T cells
L4_AAGCATCAGGTTCTTG,Non-classical monocytes
E2L2_CTGTACCCAGTATTCG,B cells
E2L7_TCTGTCGAGGCTTCCG,Effector CD8+ T cells
L3_ATTACCTAGAGCCTGA,Naive T cells
L2_GTAGTACCAAACACGG,NK cells
L3_GCGGAAACAGCTTCGG,Effector CD8+ T cells
L3_TGCTGAAGTGAGTTTC,NK cells
E2L1_GTTGCGGTCCTTATGT,
L3_TGTCCACCATAGAGGC,NK cells
E2L8_TGAGCGCTCCTGTACC,Plasma cells
E2L3_AAACGCTAGTCGAAAT,Memory CD8+ T cells
L4_ACTTCCGCAAAGCGTG,NK cells
L3_GAGACCCTCGCGCTGA,Plasma cells
L5_AAAGGGCGTAACACCT,Erythrocytes
E2L1_TTCTCTCAGGCCGCTT,CD4+ T cells
L3_CATGCAATCGCTCTCA,Plasma cells
E2L3_CACTTCGTCGCGCCAA,Non-classical monocytes
E2L3_TGATCTTTCTTAGTTC,B cells
E2L5_GAACTGTGTACTCCCT,Effector CD8+ T cells
L5_GTTACAGTCCGAGATT,cDC2
L1_GTTGCTCCATTCTGTT,NK cells
E2L1_AGCTACAGTGCTTCAA,CD4+ T cells
E2L7_CTCAATTGTCAAGCGA,Non-classical monocytes
L5_GATTCGACACACACTA,CD4+ T cells
E2L4_GACTTCCTCCACCTCA,Memory CD8+ T cells
L3_AATGGCTAGAAGCCAC,Naive T cells
L1_TAATTCCCAAACAGGC,Effector CD8+ T cells
L3_TGCATCCAGCGCCTCA,Non-classical monocytes
L5_ACAGCCGAGAATAGTC,Proliferating T cells
E2L5_CCCTTAGTCACTGAAC,CD4+ T cells
E2L6_ATTACTCTCTTACCAT,Non-classical monocytes
L5_CTCATTACATAATCCG,Memory CD8+ T cells
E2L7_TGCGACGTCGCCTTTG,Proliferating T cells
E2L1_CGGAGAAAGTCCTGTA,Naive T cells
L1_AACAACCTCCATCTAT,Naive T cells
L5_GGGTTATAGGGCTTCC,Non-classical monocytes
E2L3_GCCATGGCATAAGCAA,Effector CD8+ T cells
L2_TACCCACGTTGCTTGA,CD4+ T cells
E2L6_TAAGCGTAGTAGTCTC,CD4+ T cells
E2L6_GAGTCTAGTACAGCGA,NK cells
L2_CATTCATCAAACTCTG,CD4+ T cells
L2_TCACGCTTCAAAGACA,Effector CD8+ T cells
L1_CTGGACGGTGCTCCGA,Naive T cells
L5_ACAGAAAGTTACACAC,Naive T cells
L2_GTGCTTCAGTAAGAGG,CD4+ T cells
L3_CTGGACGCACAGCCAC,B cells
E2L4_TCCTTTCCATCGAAGG,Classical monocytes
L5_TATATCCGTGTGTGTT,cDC2
L4_ATTACTCCAACAAGTA,Platelets
E2L3_AGTTAGCTCCTTCAGC,CD4+ T cells
E2L8_TCGTGCTTCAAGTAAG,B cells
L4_TCACACCGTGGACTGA,B cells
L5_TGGAGAGAGATCACCT,Proliferating NK cells
E2L7_ATACCTTGTCTTTATC,CD4+ T cells
L5_TGAGGTTCAGGCAATG,Classical monocytes
E2L8_GGAGGTAGTACCACGC,B cells
L3_TCACTATGTGCGTCGT,Naive T cells
L5_CTAGGTAGTTGTGGAG,NK cells
E2L8_CACTGGGTCCGGACGT,NK cells
E2L6_GTCACGGCACCAGCTG,cDC2
E2L2_ATTCTACTCAGGAACG,Platelets
E2L4_GATGCTATCGTTCATT,Innate lymphoid cells
L5_AGATAGAAGCGACATG,Classical monocytes
E2L1_CACGTGGAGCTAGATA,CD4+ T cells
L4_TGATTTCGTACCGGCT,Naive T cells
E2L5_TGTAAGCCACTTACAG,B cells
E2L2_GTGAGGAAGAATACAC,NK cells
L2_CTCTGGTTCCATTCGC,Hematopoietic stem and progenitor cells
E2L5_GTTAGACTCAGCTTCC,B cells
L3_TTCGCTGTCGAACGGA,Naive T cells
E2L8_TGTCCACAGTGAGTGC,B cells
L5_GTTTGGACAGGCATTT,Effector CD8+ T cells
L1_CATTGAGAGAGCCCAA,Naive T cells
E2L8_GAGTTTGAGAGGGCGA,CD4+ T cells
E2L5_TTGGGCGAGAAGCTCG,CD4+ T cells
E2L1_CTGTATTAGCCTCTTC,Effector CD8+ T cells
E2L7_CACATGACATGATGCT,Plasmacytoid dendritic cells
L1_TTCGATTCATGTTCGA,Memory CD8+ T cells
L4_GTCCACTAGCATGCGA,CD4+ T cells
L4_CTGCCATCACCACTGG,CD4+ T cells
L4_GTGCAGCTCGTGGGAA,NK cells
E2L8_CCGTAGGAGTTGGAAT,Effector CD8+ T cells
L3_TGCTCCAGTGGTGATG,
E2L2_GATTCGAAGGTCATCT,CD4+ T cells
E2L3_TTCTTGAGTCTAGGTT,B cells
E2L7_GATGTTGCAAGCGCAA,Proliferating T cells
L4_TCGCACTCATAGCACT,cDC2
L1_ATCGTCCGTAACTAAG,Memory CD8+ T cells
E2L5_TCGTCCATCATCGCCT,Effector CD8+ T cells
L4_AGGCTGCAGTGCCCGT,Hematopoietic stem and progenitor cells
L2_CGACAGCAGACTCCGC,CD4+ T cells
E2L7_CAACCTCGTACCCACG,CD4+ T cells
E2L7_AGTCTCCCAGAACTCT,NK cells
L4_GTAATGCCAGAGTTGG,B cells
E2L4_AAGTCGTTCTGACAGT,NK cells
L2_GCTGGGTAGGTAGATT,Naive T cells
E2L2_TTCCACGGTGTTAGCT,B cells
E2L7_TCGAAGTTCCAACTGA,Non-classical monocytes
L5_GACGCTGAGAGTCAGC,B cells
E2L7_TCCCACAGTTGTCTAG,CD4+ T cells
E2L2_ACTGTCCGTATTGAGA,Non-classical monocytes
E2L7_ACTTATCAGGCACGAT,B cells
E2L7_GGAGGTATCCGATAAC,cDC2
E2L5_GATCACAGTTTGTTCT,B cells
L5_AATCACGGTCGTACAT,Naive T cells
E2L6_TTGTTCACAAGAAATC,NK cells
E2L3_CGAATTGCACGTAGTT,Effector CD8+ T cells
E2L7_CACGGGTAGCACCGTC,cDC2
E2L1_CTACAGAAGACGGAAA,CD4+ T cells
L3_TTGTGTTGTTCGGCGT,Memory CD8+ T cells
E2L4_GCAACATCATTCACCC,B cells
L1_GAGTGTTCAGAGAATT,Plasmacytoid dendritic cells
E2L4_AGAAGCGGTACGTGTT,B cells
E2L1_GTAAGTCTCCTTATCA,CD4+ T cells
L4_TCCGAAAAGGAGAGGC,Non-classical monocytes
L5_TTTCATGAGAGCCGAT,Effector CD8+ T cells
E2L7_CGATGCGCAATCCTAG,CD4+ T cells
L5_GGTGAAGCACTGCATA,Memory CD8+ T cells
E2L7_AACGAAACACATCATG,CD4+ T cells
L1_AGGACTTAGCCGGATA,Effector CD8+ T cells
L5_GTAACACGTTCTCCTG,CD4+ T cells
L2_ACGATCATCATTCGGA,Naive T cells
L1_GACACGCGTTGCTAGT,Naive T cells
E2L4_ACATCCCGTGCCGAAA,Innate lymphoid cells
L3_GCCAGCATCCTTATCA,Memory CD8+ T cells
E2L6_TTTCCTCGTGATACAA,CD4+ T cells
E2L7_GAATAGAAGTTGTCGT,Proliferating T cells
E2L3_ATGGATCGTGTTGATC,NK cells
E2L7_GTTAGTGAGTAGACCG,CD4+ T cells
L2_TTCGCTGTCTTACGTT,cDC2
E2L1_AGAACCTAGCTAGATA,Memory CD8+ T cells
E2L5_TTACCATAGAGAGTGA,cDC2
L2_CGCATGGTCTACTGCC,Effector CD8+ T cells
L2_AGCTCAAAGTAAACGT,NK cells
L4_TCAGTCCCATTGTACG,Memory CD8+ T cells
E2L7_ATTGTTCAGACGTCGA,CD4+ T cells
E2L1_ATCCCTGAGGGATGTC,Plasmacytoid dendritic cells
E2L2_CCCTGATAGTCATCCA,Platelets
L1_ACCCTCACAAATCAAG,CD4+ T cells
E2L3_AATCACGTCTTAGCCC,CD4+ T cells
E2L5_CCACACTCAGCAGTAG,CD4+ T cells
E2L1_GTTCATTAGGGAGAAT,CD4+ T cells
E2L4_TTGAACGCACTGTCCT,CD4+ T cells
E2L2_CTGCTCACACTCCGAG,cDC2
E2L3_ATTTCACGTTCCACGG,Effector CD8+ T cells
L1_ACTCCCACAACAAGTA,Naive T cells
L1_AGGATAACAACTCCAA,Hematopoietic stem and progenitor cells
E2L2_TGTGATGTCCATTTAC,Platelets
L1_TGGAACTAGGGTCTTT,B cells
L2_ACCATTTGTCCCAAAT,cDC1
E2L2_CCACGAGGTAGCCAGA,NK cells
L2_CTCAGGGTCTCGGCTT,NK cells
L3_AGCATCAAGCTACGTT,Naive T cells
L5_ATCACTTCAGCGATTT,Plasma cells
E2L8_CGAGTTAAGCTCCATA,cDC2
E2L7_GCAGCTGCATACCGTA,B cells
L4_TCCACGTTCCCAAGTA,NK cells
L2_CAACCTCCAATAACCC,Classical monocytes
L1_ATCGTAGCACGCGCAT,Effector CD8+ T cells
E2L5_CTTGATTCAGCGTACC,Proliferating NK cells
L4_TCCTTCTAGCCAACCC,Platelets
L3_CGAAGTTTCTCGGTCT,Proliferating T cells
E2L8_ACAGCCGTCTACTTCA,Effector CD8+ T cells
L1_TGGGCTGCAGAAGCGT,CD4+ T cells
L4_AACCTGAGTACCGTCG,Plasmacytoid dendritic cells
E2L4_TCTTGCGAGTCCTGTA,B cells
L1_TGGAACTGTACCCGAC,Effector CD8+ T cells
E2L7_CATACCCAGATGGCAC,CD4+ T cells
L2_GTCCACTGTAGCTCGC,Naive T cells
E2L8_TCTACCGTCATACGAC,Effector CD8+ T cells
E2L5_TATCGCCAGAATTTGG,Memory CD8+ T cells
L4_TCTGCCAGTAGCTGAG,Effector CD8+ T cells
E2L5_GAGAGGTCACGGCGTT,CD4+ T cells
L5_CTACTATGTTGTGTAC,Non-classical monocytes
L5_TACATTCGTGCGAACA,Classical monocytes
L4_GGTTGTAAGCGAGTAC,B cells
E2L8_GACTCTCCAATCTCGA,CD4+ T cells
E2L6_CACTGGGCACAAAGCG,Effector CD8+ T cells
E2L6_ACCCTTGGTCTCCTGT,NK cells
L3_CTGTCGTGTTTGCAGT,Plasma cells
E2L2_GCCATGGTCTCGTTTA,Effector CD8+ T cells
E2L3_TTACCGCCAGCGGTTC,Effector CD8+ T cells
E2L4_GATTCTTCAGGGAGAG,B cells
L1_GTGGCGTGTGCTTCAA,Memory CD8+ T cells
L1_CGCATGGAGGCATGCA,Platelets
L5_TCCTTCTAGTAAGACT,NK cells
E2L3_TGTCCCATCCAACTGA,Plasmacytoid dendritic cells
E2L1_GAGCTGCTCAATCAGC,B cells
L5_GCCATGGTCTCTCCGA,Effector CD8+ T cells
L2_GTGGCGTCAGGTATGG,Hematopoietic stem and progenitor cells
L5_CAGTGCGGTATCAGCT,Proliferating NK cells
E2L6_ATAGAGATCACGACTA,CD4+ T cells
L4_TAAGCCAAGGTCACAG,Effector CD8+ T cells
E2L3_GTCTCACAGTCGGCAA,Effector CD8+ T cells
E2L3_CCTCTAGGTCGCATGC,Proliferating T cells
E2L3_CATAGACTCCTAAGTG,CD4+ T cells
E2L6_CTCACTGTCTCGCTTG,Effector CD8+ T cells
E2L7_TTACGCCGTCCTTGTC,NK cells
L2_AGGATCTCAGAAACCG,CD4+ T cells
E2L4_TCAATCTGTATCGAGG,Hematopoietic stem and progenitor cells
L2_TTAGGGTTCGAACGCC,Innate lymphoid cells
E2L8_TCGAACAGTGAAAGTT,B cells
E2L4_ATTTACCAGATCCCAT,Effector CD8+ T cells
E2L6_CTTCTCTGTGACACGA,NK cells
L2_ATAGAGAAGATAGTGT,CD4+ T cells
E2L7_CAACAGTGTTCTCAGA,Classical monocytes
E2L8_GACACGCTCGATCCAA,Plasmacytoid dendritic cells
E2L5_AAGCCATTCCGCTGTT,NK cells
E2L4_TCATGCCTCACGTAGT,Classical monocytes
E2L8_TAACCAGCATCGTCCT,Platelets
E2L2_AGGTAGGGTGTAAACA,CD4+ T cells
L1_ATTTCACGTTGACTGT,NK cells
E2L4_AACCCAAGTAGGTACG,B cells
E2L6_TCATCATAGACGGATC,CD4+ T cells
E2L5_AAGTCGTTCGTAGTCA,Effector CD8+ T cells
E2L2_ACCATTTAGCCATTTG,Platelets
L3_CGACAGCAGTTACGAA,Naive T cells
E2L6_CTATAGGAGGACGCTA,Platelets
E2L1_CAGATTGGTCAGGTAG,cDC2
L4_TATTCCACATGACGGA,cDC2
L5_AGACTCATCCCTAGGG,NK cells
L2_TGGAGGAAGCAACAAT,B cells
E2L5_ACCCAAAGTTCTCGTC,Innate lymphoid cells
L1_GTGAGGACACGTCGGT,Naive T cells
L5_CGGGTCAGTCTTGCGG,Erythrocytes
E2L4_TCTGGCTAGGCGTCCT,CD4+ T cells
E2L6_TGCGATAGTCCCAAAT,CD4+ T cells
E2L4_CCTTCAGAGATAGCTA,CD4+ T cells
L2_CACCGTTTCGATTGGT,NK cells
E2L6_TTACGTTAGAGCCGTA,Platelets
L1_TTGGGCGTCCCTGGTT,CD4+ T cells
L1_TTGCGTCCAACTTGCA,NK cells
E2L7_CCCTGATGTAGGGAGG,CD4+ T cells
E2L1_CAGTGCGTCTACGCAA,Non-classical monocytes
L4_CATTTCAAGGGATCTG,Naive T cells
E2L6_TCCATGCTCGCCAGAC,Effector CD8+ T cells
L2_AAACCCACAGAGTCAG,Naive T cells
E2L1_TTGCATTCATACTGAC,B cells
L2_CCCATTGGTGGGTATG,Platelets
L2_CAAGCTATCGAAATCC,Naive T cells
L1_GAGGCCTCACCTTCCA,Classical monocytes
E2L3_TACCGAATCCATCGTC,CD4+ T cells
E2L8_TTCCTCTTCTTGGATG,NK cells
E2L5_CTGTACCTCAATCTTC,Memory CD8+ T cells
E2L7_TTTGACTAGAGGTCAC,NK cells
E2L3_GTATTTCCAGTTCACA,Plasmacytoid dendritic cells
E2L4_AGCGTATTCCAGTTCC,NK cells
E2L1_TTACTGTAGTTTCTTC,CD4+ T cells
E2L6_TCAGGTAAGAGAGGGC,Plasma cells
L5_CATAAGCTCCCGAGGT,Naive T cells
L1_GTCAAGTCAGACCATT,CD4+ T cells
L1_TCCGGGAGTCAGATTC,Naive T cells
L4_CGGGTGTTCTCATGCC,Naive T cells
E2L7_ACTTAGGTCTCAGGCG,Effector CD8+ T cells
E2L6_TTCTGTACATACCATG,B cells
E2L3_GGGCGTTGTCCGCAGT,CD4+ T cells
E2L1_TGCAGTACACTTACAG,CD4+ T cells
L2_ACTATCTGTCGCAGTC,CD4+ T cells
E2L8_TGTTGAGTCTACCAGA,Proliferating T cells
E2L8_TTCTTGACAAGAGCTG,CD4+ T cells
E2L5_GATCGTATCAAGCCCG,Effector CD8+ T cells
E2L8_AAGCATCGTTTCGACA,Platelets
E2L2_TCTACATTCCCTCTAG,CD4+ T cells
L1_TTCCAATCATTGACAC,CD4+ T cells
L2_CACTTCGAGACTAAGT,Platelets
L3_AAAGGGCGTCAGACGA,Hematopoietic stem and progenitor cells
L1_ATTACCTGTGCTCTTC,B cells
E2L8_CACCAAATCAGACATC,NK cells
E2L4_CAGTTAGAGTAAGACT,CD4+ T cells
E2L8_GTGAGTTGTAGTGTGG,B cells
L5_GCAACATTCGGTGCAC,Classical monocytes
E2L4_GGGACTCCAGTAGTGG,Platelets
E2L7_TACTTACGTGCCGTAC,NK cells
E2L8_GTGGGAAAGGTAGTCG,B cells
E2L8_CACTGGGCATCTAGAC,CD4+ T cells
E2L8_GCTGCAGGTGTAAACA,B cells
L4_AAGTTCGCAAGCACCC,Proliferating T cells
E2L2_TTGTTTGGTTGTTGTG,CD4+ T cells
L5_CCTAAGAAGCACTAAA,B cells
L5_CCGAACGCACTTCAAG,Naive T cells
E2L2_ATCACGACAGCCATTA,NK cells
E2L1_TCACACCCACAACCGC,Memory CD8+ T cells
L1_CCCTGATTCAGTCAGT,Erythrocytes
E2L8_TACTGCCCACTATCGA,Effector CD8+ T cells
E2L3_TACGTCCGTTGTTGTG,NK cells
L1_GGGTCACTCGATTTCT,Hematopoietic stem and progenitor cells
E2L1_CGATGGCGTGTGCTTA,cDC2
E2L7_TTGGGTAGTTCATCGA,Proliferating T cells
L4_ATTGTTCTCGTAGCCG,
E2L5_TCATGAGTCTCCGATC,Non-classical monocytes
L4_CTTCAATAGCATGGGT,Classical monocytes
E2L6_TGTTCATTCATGAGGG,NK cells
E2L2_GAGTGTTAGGTCACAG,NK cells
E2L5_TCAGTCCAGGCCATAG,B cells
L2_CCCAACTCAAGTCATC,NK cells
E2L7_ACACTGATCACTGATG,B cells
E2L5_GAGCCTGGTTGCTCAA,CD4+ T cells
L5_TTGACCCCAGTGTGCC,B cells
E2L4_ACTTTGTTCCACAGGC,B cells
E2L5_GGGTGAATCCAACCAA,Effector CD8+ T cells
L1_TGTAACGTCCACGAAT,Naive T cells
L3_CATTTCAGTGCCTGAC,NK cells
E2L6_AGTACTGCAGCAGTTT,CD4+ T cells
E2L2_GAGGGTAAGGCCTAAG,Memory CD8+ T cells
E2L8_GGCTTGGTCACCCTTG,Effector CD8+ T cells
L5_ATTCCCGCATATACCG,Effector CD8+ T cells
L1_TGCAGATCAGTTCACA,Effector CD8+ T cells
E2L2_TATATCCTCTTCACAT,CD4+ T cells
E2L6_CATGAGTTCTTGTGCC,Effector CD8+ T cells
E2L2_TACCGAAGTCAGGCAA,CD4+ T cells
E2L4_CGAGGCTCAGTGTGCC,NK cells
E2L7_GACACGCAGTGCACCC,B cells
E2L6_TTTCACACATCATTGG,Classical monocytes
E2L2_CGTAAGTAGCGAACTG,B cells
L1_TGTTGGAAGTCGCGAA,Hematopoietic stem and progenitor cells
E2L4_ACAAGCTGTGCCGAAA,cDC2
L5_CACAGATTCACTTGTT,B cells
L4_TATCTGTTCATCCTAT,Naive T cells
E2L5_ACGCACGAGTTTCAGC,B cells
E2L7_GTCGTAATCACTCCGT,CD4+ T cells
L4_GACTTCCTCAGTCCGG,Hematopoietic stem and progenitor cells
E2L2_AACCATGAGAGCTTTC,Proliferating NK cells
E2L2_TGATTCTAGTGAGGTC,cDC2
L3_TTACAGGAGATAGCAT,Non-classical monocytes
E2L5_TCATATCCAACCAATC,Effector CD8+ T cells
L2_CCTCATGGTCCACGCA,cDC1
E2L2_AACCATGGTCTAGGCC,CD4+ T cells
E2L3_CGTTCTGCAATAGAGT,CD4+ T cells
L3_TATTTCGAGTTGAAGT,NK cells
L5_AACCAACTCGGAAGGT,CD4+ T cells
E2L2_GAGTTTGAGGAGATAG,B cells
E2L6_AGAAGTAGTCGGAAAC,CD4+ T cells
L4_ATGGGAGTCGGTGTTA,NK cells
E2L4_GGGCGTTAGATTGTGA,Effector CD8+ T cells
E2L8_AGACACTAGTTTAGGA,CD4+ T cells
L5_TTCACCGCACAGAGCA,Memory CD8+ T cells
L2_ACAAGCTGTTCAATCG,Naive T cells
E2L2_ATCGATGCAGATACTC,Proliferating T cells
L5_TGTAACGTCAGACCTA,Naive T cells
L2_ACTTATCAGGTTAGTA,cDC1
L2_GCATGATCACTATCCC,CD4+ T cells
L1_AAGTTCGCAGGTGTTT,CD4+ T cells
L5_GACGCTGTCACCTGTC,CD4+ T cells
E2L8_GCCATTCGTCCCGCAA,Memory CD8+ T cells
L5_GCTACAACACCGTGGT,cDC2
L3_AGCCACGAGAGTCTTC,Effector CD8+ T cells
E2L1_ATTTCTGTCCAGTACA,Non-classical monocytes
E2L2_TCCCACAAGCTAGATA,Effector CD8+ T cells
L2_GCCATTCTCAACCGAT,Effector CD8+ T cells
E2L2_GATTTCTGTCTGTGAT,
E2L7_TCGCACTTCACTTCTA,cDC2
E2L2_CGGCAGTTCTTCCGTG,Plasmacytoid dendritic cells
E2L2_GTCATCCTCGTAGAGG,cDC2
L4_GTCATCCTCATTCCTA,Naive T cells
L4_ATCGGATTCTTGGTGA,Proliferating T cells
E2L8_TTCTAGTTCAGTCATG,Effector CD8+ T cells
E2L1_TCTGCCATCAGGTGTT,Effector CD8+ T cells
L4_CTACTATAGCCTATTG,
E2L3_CCGTGAGCAACCAGAG,Non-classical monocytes
E2L5_TCAGCAATCGTTAGTG,Classical monocytes
E2L3_TTCTTGAGTTTCCCAC,Effector CD8+ T cells
E2L5_CTCCGATCAAATGGCG,B cells
E2L7_CGTTGGGCAGAAGTGC,Erythrocytes
E2L4_ACCAAACGTCATCCCT,cDC2
L2_CCGAACGGTACTGCGC,Memory CD8+ T cells
L1_AGACAAAGTTCCTAGA,Naive T cells
E2L6_TCAGCAAGTGACTGAG,NK cells
E2L3_GTTTGGACACGCTGAC,Effector CD8+ T cells
L3_CTAAGTGAGCGACCCT,Naive T cells
L5_TGGGATTAGCTTCTAG,Non-classical monocytes
L5_CGGAACCCAAGTGGAC,Naive T cells
E2L4_ACGGTCGTCGAGATAA,Platelets
L3_TACATTCTCCTTCGAC,Hematopoietic stem and progenitor cells
L2_TTTATGCAGGGCTGAT,B cells
L3_GTGCTTCCACGGTAGA,Hematopoietic stem and progenitor cells
E2L7_CCCATTGAGCTACGTT,Plasmacytoid dendritic cells
L1_GTCTAGATCTCAGTCC,Hematopoietic stem and progenitor cells
E2L2_TCCCACAGTTGGTAGG,NK cells
L1_TAACTTCAGCTCAGAG,B cells
L1_TCTATCACATTCGATG,Naive T cells
E2L1_AAGTGAATCCGTGACG,Effector CD8+ T cells
L1_AATGACCAGTTGAAAC,cDC2
L1_CCACGTTTCATTGCTT,Hematopoietic stem and progenitor cells
E2L5_CTGCAGGGTATTCTCT,Plasma cells
L2_TTCCGGTCATAATGCC,Naive T cells
E2L7_TACGGGCGTAACATCC,B cells
E2L5_ACACCAATCTTAGTTC,cDC1
E2L1_ATCGCCTAGATAGCAT,Non-classical monocytes
E2L6_CGTCCATTCTAACGGT,CD4+ T cells
E2L5_ATGCCTCAGGGATCTG,B cells
E2L7_GTTGTGATCCGTACGG,CD4+ T cells
L4_GATCATGAGATACGAT,Classical monocytes
L3_TCGAAGTTCAGTGCGC,Memory CD8+ T cells
L3_TTGGGTAAGAAATGGG,Naive T cells
E2L5_CTTCGGTTCTGACGCG,B cells
E2L2_CGGGTGTAGGGACACT,CD4+ T cells
E2L6_GATCAGTTCGCCGAAC,NK cells
L1_GCGTTTCCAGCGTAGA,Platelets
L3_TACCTCGCACTCAGAT,Naive T cells
E2L3_CCTCCAAAGGGACTGT,NK cells
E2L5_GAAGGACAGTATTAGG,Effector CD8+ T cells
L3_ATTCGTTAGTTCATCG,Non-classical monocytes
E2L3_GAGTCTAGTGTACGCC,Plasma cells
E2L7_GACTGATCAAACACCT,Plasmacytoid dendritic cells
L3_CCATCACAGACATAGT,B cells
L4_TCCTTTCAGCCTGTCG,Memory CD8+ T cells
E2L2_GGTAGAGTCCTTTGAT,B cells
E2L8_TCATCATGTAGCCCTG,Classical monocytes
E2L4_ACTATGGGTCAAAGTA,Effector CD8+ T cells
E2L2_GGAATGGTCACCGCTT,Proliferating T cells
E2L7_ACGATGTCACGCACCA,B cells
L4_GTAGAGGTCAACTACG,NK cells
L2_CACTAAGAGAAGAGCA,Naive T cells
E2L3_CTGCGAGGTCCGACGT,Effector CD8+ T cells
L3_ATTGTTCCATCGCCTT,
L1_TGCGACGAGTCTGCGC,CD4+ T cells
E2L7_TGCAGGCCACCCAATA,cDC2
E2L2_TCGGGTGCATGCTGCG,CD4+ T cells
L2_TGCGGGTCACCCTCTA,cDC2
L4_GGAGGTAAGTCCCAGC,Proliferating T cells
L3_AGTACCACAGTAGAGC,
L3_GTCTGTCCATGTCAGT,NK cells
E2L8_GTCAGCGAGCAGATAT,CD4+ T cells
L2_AAACCCAAGCCTGGAA,NK cells
E2L3_CTATCCGTCATTGCTT,CD4+ T cells
E2L5_ATTATCCCAGCGTAGA,Effector CD8+ T cells
L2_GGGACAACACAAAGTA,NK cells
L3_GTCTGTCCACATCATG,Non-classical monocytes
L3_AGGTTACAGGACAAGA,Naive T cells
E2L1_TCCTTCTGTTCTCCCA,NK cells
L2_CCCTTAGCAACTGCCG,Effector CD8+ T cells
L5_CATACCCAGGCACGAT,Effector CD8+ T cells
L2_GAGAAATCAGTTCACA,Platelets
E2L7_GGTCACGCAGTTGAAA,Innate lymphoid cells
L2_ACGGTTAAGAAGTCAT,Proliferating NK cells
E2L1_TGTCCCACAGCTGAAG,Effector CD8+ T cells
E2L8_AGTCTCCTCAACGTGT,Platelets
E2L5_ACAAGCTTCCTACCGT,Classical monocytes
L1_ACCTGAAAGCATCAAA,Naive T cells
L1_TTATTGCAGTGGATTA,Non-classical monocytes
L2_CCACGTTGTCTACAAC,Proliferating T cells
L5_CTGCGAGCACCGCTGA,cDC2
E2L8_ACACGCGGTGGACTAG,B cells
L1_CGCGTGACAGCACCCA,Naive T cells
E2L6_ACACTGAAGAAATTCG,Naive T cells
L1_CACCAAACATAATCGC,cDC2
L4_GATGACTCAAGTTCGT,NK cells
E2L6_TGGGCGTTCGTCCATC,Memory CD8+ T cells
L2_ACATTTCAGACTACCT,Effector CD8+ T cells
E2L3_AAACGAATCATTTGCT,NK cells
L2_ATTTCACTCGTTGTTT,B cells
E2L7_CATAGACAGGAACATT,NK cells
L5_TGCTCCACATCGCCTT,Naive T cells
L2_TGCACGGTCTGCATGA,Innate lymphoid cells
L2_TTTGGAGCAATCTCGA,NK cells
E2L8_TCCAGAACAACCGTAT,B cells
L1_TGCGACGCATCCGCGA,Non-classical monocytes
L4_CGGGCATCAGCGTTTA,Plasma cells
E2L4_TACCCGTGTGATATAG,CD4+ T cells
E2L4_TACCCACTCGCGGTAC,Plasmacytoid dendritic cells
E2L1_TAGGTACCAGTCGAGA,Effector CD8+ T cells
L1_CTACATTGTGAGATAT,Plasma cells
L2_GCAGGCTCATCAGTGT,Effector CD8+ T cells
L5_GCCGATGCACAACCGC,Classical monocytes
L4_TAGACTGTCAAACGTC,Memory CD8+ T cells
L3_TACCCGTAGAACGCGT,Plasma cells
L3_GTACAGTGTGCTGTCG,B cells
E2L7_AAGCCATGTAACGATA,Effector CD8+ T cells
E2L3_ATCCACCCATCATCCC,NK cells
E2L1_ACGATCAAGGTTCTAC,CD4+ T cells
E2L2_ACAAAGAAGTTCCGTA,cDC1
L2_TCGACCTCACAATGCT,B cells
L3_TGTAAGCAGCTGCGAA,Naive T cells
E2L6_ATCGTGAGTTGAGGAC,Classical monocytes
E2L6_ATGAGTCTCTGAGGCC,CD4+ T cells
L1_AAACGCTAGGTCGTCC,Effector CD8+ T cells
L5_GGTGGCTCAATTGTGC,Memory CD8+ T cells
E2L1_TCGCTCATCGGACAAG,NK cells
E2L6_TGTTCATTCTACCACC,CD4+ T cells
L3_ACTACGACAGAGCGTA,B cells
E2L6_ATCCGTCTCGGATTAC,B cells
L3_GTCATGAGTGTTCAGT,Naive T cells
L1_TAAGCACTCATCTGTT,Hematopoietic stem and progenitor cells
E2L3_GTAGTACAGAAGAACG,B cells
E2L2_AGACAAACACTCAGAT,CD4+ T cells
E2L5_ACCTGAAAGGTATCTC,
E2L8_GGGTGAATCCAGCTCT,Plasmacytoid dendritic cells
E2L4_TTGGATGCACTGCATA,Memory CD8+ T cells
L2_AGACACTGTGTTAGCT,Plasma cells
E2L5_CCCATTGGTCGATGCC,Memory CD8+ T cells
L1_AACAAAGCATATCTGG,
E2L3_ATCACAGTCCTGCTAC,Classical monocytes
L2_TGCATCCCACGTCTCT,Non-classical monocytes
E2L5_CACGTTCCAGCGGATA,CD4+ T cells
E2L7_AGTGTTGTCGGCTGGT,Plasmacytoid dendritic cells
E2L6_GTAAGTCCATGACTTG,NK cells
E2L1_TGATGGTCAAGTTCGT,Innate lymphoid cells
E2L4_TACTGCCTCCAATCCC,cDC2
E2L8_TGACGCGCATTCCTAT,Classical monocytes
E2L1_CTACGGGCAAGACGAC,B cells
L4_GGGAAGTTCACCGGGT,Hematopoietic stem and progenitor cells
L3_CTAACTTGTTTAAGGA,Classical monocytes
E2L7_TGACCCTGTACTGACT,Effector CD8+ T cells
E2L7_GTGTTCCCATCTGCGG,cDC1
E2L1_TGAGGTTAGTTGTCAC,CD4+ T cells
E2L3_ATACTTCGTCGCACGT,CD4+ T cells
L4_AGAAGTAAGTGCAGGT,Plasma cells
E2L4_AGGAATATCAGGAAGC,Non-classical monocytes
E2L2_TTTACGTGTGGACTAG,Plasmacytoid dendritic cells
L4_CGAAGTTCAATCCTAG,B cells
L4_TCATTACTCATAGGCT,Effector CD8+ T cells
E2L3_TTTGGAGAGACGAAGA,cDC2
L2_GAGGGTATCCAGCAAT,Hematopoietic stem and progenitor cells
E2L4_AAGCGAGTCAGCATTG,NK cells
L5_TTTCACAGTCCTGGGT,Plasmacytoid dendritic cells
L4_GCAACCGAGTTCCAGT,Hematopoietic stem and progenitor cells
L5_GTTAGTGAGAGGCTGT,CD4+ T cells
E2L6_TCACTCGCACTGCGAC,NK cells
E2L1_GATGAGGTCACTTTGT,Platelets
E2L5_CAACAACCACATACGT,B cells
L2_ACTTAGGGTCAGTCTA,CD4+ T cells
L2_CCGGACAAGTAGGTTA,Non-classical monocytes
L1_ACTCTCGAGCATGCAG,CD4+ T cells
L4_ACCCTCATCACCGGGT,CD4+ T cells
L3_GGTAACTAGGATTCAA,Classical monocytes
L4_GGACGTCCATGACCCG,CD4+ T cells
E2L3_CGGAACCAGAGCGACT,Memory CD8+ T cells
E2L6_TCCCACAAGACATACA,Effector CD8+ T cells
L1_TCATCCGAGTCGCGAA,Erythrocytes
E2L8_CATGAGTGTTACTCAG,cDC2
L5_TCGACCTCATCACAGT,Effector CD8+ T cells
E2L8_ATCGATGTCCGACGGT,Non-classical monocytes
L5_AAATGGATCTAGTACG,Classical monocytes
E2L6_AGGAGGTGTCTAATCG,Plasmacytoid dendritic cells
L5_ACCCTCAAGAGGCGTT,Hematopoietic stem and progenitor cells
L4_ATCGTCCTCAGCACCG,Naive T cells
E2L8_GTTGCTCCAGAACGCA,B cells
E2L2_ACCATTTGTATTCTCT,CD4+ T cells
L5_TATTCCATCTTTCTAG,cDC1
E2L6_ACTGTGAAGAGTTCGG,cDC2
E2L7_GACGTTACAGCTTTCC,CD4+ T cells
E2L5_TTTGTTGGTAGGCAGT,Effector CD8+ T cells
E2L8_GATCATGAGTAAACAC,Effector CD8+ T cells
L2_TCGGATACATACCGTA,Naive T cells
E2L8_TCATGTTAGGAGGGTG,B cells
E2L1_CGTTGGGCATGGCCCA,Effector CD8+ T cells
L3_GTCAAACCAGGGAATC,Naive T cells
L2_TATTGCTAGGTACTGG,Naive T cells
E2L8_ACAAGCTTCTAAACGC,Effector CD8+ T cells
E2L7_ATACTTCGTCCCGTGA,NK cells
E2L8_TCGCTCAGTGTCTTAG,CD4+ T cells
E2L6_ATCATTCTCTGGCCTT,Effector CD8+ T cells
E2L3_TTTACCAGTTGTGTTG,Effector CD8+ T cells
E2L7_GACCGTGAGAAGCCAC,cDC2
L2_TCCACCACAGACGGAT,cDC1
L2_TGGGAGACATCGGCCA,Classical monocytes
L5_CCACCATCAATACCCA,Plasmacytoid dendritic cells
E2L3_TCATCCGGTTATGGTC,Plasmacytoid dendritic cells
L2_ATCGTCCTCTGGGAGA,CD4+ T cells
L5_ACTTCGCGTGCCTTTC,CD4+ T cells
E2L5_TCGAAGTCAGGATCTT,CD4+ T cells
E2L5_ATTACCTAGGTTGCCC,B cells
E2L8_GTACAACAGAAATTGC,NK cells
E2L8_AAGGAATTCGGAATGG,B cells
L2_CGCATAATCCTGTAAG,Proliferating NK cells
E2L8_TTCCTTCCAATTTCTC,B cells
E2L2_TCAAGTGGTCCTGGGT,Plasma cells
E2L1_TGCATGAAGGACCCAA,Non-classical monocytes
L5_GAACACTAGCACTGGA,cDC1
E2L4_TGCAGTATCGCGTGAC,Erythrocytes
E2L3_ACAGGGATCTGCGGAC,cDC2
L3_ATAGGCTGTACCTAAC,Innate lymphoid cells
L1_CAAGCTAAGTGCAGCA,Erythrocytes
E2L7_GGCTGTGTCGAACACT,B cells
E2L8_ACTTCGCGTTAGGCTT,Effector CD8+ T cells
E2L2_CTGGACGGTTGGGATG,CD4+ T cells
E2L8_CACCAAAGTGCGGTAA,CD4+ T cells
E2L6_CGTGCTTGTGAATGAT,Plasma cells
E2L8_GGAAGTGGTCAGTCCG,Proliferating NK cells
L3_TTCCACGTCTTCTAAC,
L4_GTTAGACGTATTTCCT,Hematopoietic stem and progenitor cells
E2L6_GTGCACGGTATGGAGC,
L1_AGAAGCGAGATTAGTG,B cells
E2L1_TGTGTGAGTCGTGTTA,CD4+ T cells
L4_TCACATTAGTTTCAGC,cDC2
E2L1_GACCGTGGTAAGATCA,cDC2
E2L7_GCATGATCACTACAGT,cDC2
E2L8_CTGAGGCTCAGGTAAA,Effector CD8+ T cells
E2L5_GTGCGTGGTTCGGCTG,cDC2
E2L7_TTTAGTCTCTCCATAT,
L2_CCTTGTGGTTCATCGA,Hematopoietic stem and progenitor cells
E2L6_ACAAAGAAGAAGAGCA,
L5_CTGCCTAGTGTTTACG,Plasma cells
E2L6_AAAGGATCACAAGTTC,CD4+ T cells
E2L1_CCCTGATGTCAGGAGT,CD4+ T cells
E2L7_GGTTGTACAACAAGAT,Plasmacytoid dendritic cells
E2L7_CCGGGTATCCTTCTGG,cDC2
E2L6_AGCGATTAGTGATTCC,B cells
L5_GCAGTTATCCGGACTG,Non-classical monocytes
L5_CCTCTCCAGCTTCGTA,NK cells
E2L5_AGAAGCGCAATGTGGG,Memory CD8+ T cells
E2L3_TCTCAGCCAGCTGAGA,Proliferating T cells
E2L2_CGTCCATTCTGAGATC,Classical monocytes
E2L1_GAATCGTGTTGTACGT,Plasma cells
E2L3_GAATCGTCAGAAACCG,NK cells
L5_GTTGTAGCACCCTTAC,Plasmacytoid dendritic cells
E2L8_AGTAACCTCGCTGTCT,B cells
L1_CACGGGTGTATCTCGA,Hematopoietic stem and progenitor cells
L2_GCCAACGGTGGCTCTG,NK cells
E2L2_GTAGATCCACTTGACA,Non-classical monocytes
L2_GGGTGAAAGGTTTGAA,Proliferating T cells
L1_GTAAGTCCAAGTGCAG,cDC2
L1_GGTAACTAGGATGTTA,Effector CD8+ T cells
E2L5_TTGAGTGCAATTGCCA,B cells
E2L6_GAAGCGACACCGTCGA,B cells
L1_CGTTCTGAGGCAGGTT,Proliferating T cells
L2_GAGAAATTCTCTATGT,B cells
L4_GAAACCTTCCATGATG,Effector CD8+ T cells
L1_AAGCATCTCGCGTGAC,Effector CD8+ T cells
E2L7_CTGCATCCACAAGGTG,CD4+ T cells
E2L6_CTATAGGTCCTACAAG,NK cells
E2L2_GGAATCTGTCCGAAAG,cDC2
L1_TTAGGCATCAGCCTCT,CD4+ T cells
L2_CATTTCATCCAACCGG,Naive T cells
E2L7_CGGGTCATCTCAAAGC,Effector CD8+ T cells
E2L6_GTGGAAGCACTCACTC,CD4+ T cells
L2_TTCGATTCAATCGTCA,NK cells
E2L1_TCTTTGATCGTGGGTC,cDC1
L3_CTCCAACCACCGCTGA,Naive T cells
L3_AGCGCCAGTGCTGCAC,NK cells
E2L7_GGGTGAATCTTCCAGC,Proliferating T cells
E2L1_AACTTCTAGACTCTAC,Non-classical monocytes
E2L4_GCTACCTTCCAAGCAT,NK cells
E2L3_AGTAGCTTCACGGAGA,Effector CD8+ T cells
E2L6_CGTGATACAGGTTCCG,cDC2
L4_CGATGCGAGTGGTTGG,B cells
L1_GACTATGGTGGTTTGT,Innate lymphoid cells
E2L2_CATGAGTCACAAAGTA,B cells
L5_CTATCCGTCCTTGAAG,Naive T cells
E2L3_CTCAATTCATAGGCGA,CD4+ T cells
E2L4_AGCGATTAGATTGCGG,
L2_CCGATCTCACGAGGAT,CD4+ T cells
E2L3_GCGTGCAAGCGGGTAT,Platelets
L4_ACCTACCTCCGGCAGT,Naive T cells
L3_AGCATCACAACCCTAA,Naive T cells
E2L7_GCCGTGAGTTTGGGTT,Proliferating T cells
L4_AACGTCAAGTATGAAC,
E2L6_AGCCAATCAGAAGCGT,B cells
E2L5_TCTTTGAAGGTTCCAT,cDC1
L3_AGTCACACACCAGCTG,NK cells
L1_ACGGTTAGTCAGTCGC,Plasma cells
L2_CACACAATCCTACACC,Naive T cells
E2L1_AGGGCTCTCAACCTCC,CD4+ T cells
E2L1_CCCGAAGGTATTAAGG,B cells
L5_CCACAAACAGCCATTA,Effector CD8+ T cells
L1_ATCACTTGTTGAATCC,CD4+ T cells
E2L3_TGCAGTAGTGTTTCTT,B cells
E2L6_TCAGGGCCAACAAGAT,Plasma cells
E2L3_AGCCAATGTATGAGCG,Platelets
E2L8_CATGCAATCGAGTACT,Plasmacytoid dendritic cells
E2L8_TTCCTAACAGTCGCAC,CD4+ T cells
L4_GGGCGTTGTTACGATC,cDC2
L5_GTCGAATGTGCCTTCT,Hematopoietic stem and progenitor cells
L3_GAAACCTGTTACAGCT,Naive T cells
E2L2_AGGATAATCGACCACG,Classical monocytes
E2L3_GCTACAATCCCGAACG,Plasma cells
L5_ATGTCCCGTTGCTGAT,NK cells
L2_ACGTTCCCAGGTCCGT,cDC2
L1_ACCCTCACAAGAGTGC,CD4+ T cells
E2L3_AGATGCTAGTGCACAG,Effector CD8+ T cells
E2L8_GTTGTAGAGCGCATCC,Classical monocytes
E2L8_GTGATGTGTCTAATCG,Proliferating T cells
L1_ACTTTGTCAAGCACAG,
E2L2_GGTCTGGCATAATCGC,CD4+ T cells
E2L8_TTCCTCTGTCCATCTC,CD4+ T cells
L5_AGGGTGAAGTTGCTCA,Memory CD8+ T cells
E2L1_ACAAAGACAGAACTAA,CD4+ T cells
E2L3_TCCCACAGTGGCCCAT,CD4+ T cells
E2L6_GAATCACAGGGCGAAG,cDC2
E2L6_CCTCCAATCCCATACC,NK cells
L2_TAACCAGAGCCTTTCC,Proliferating T cells
E2L1_CCAAGCGGTTTCCCAC,NK cells
E2L4_GTGATGTCAATGACCT,NK cells
L3_AATGGAAAGTGGTCAG,Erythrocytes
E2L7_CACTGGGCAGCGGTTC,CD4+ T cells
L1_TGGAACTTCACGATCA,cDC1
L2_TTGACCCGTCTTGAGT,Naive T cells
E2L3_GTGCTGGGTATGGAAT,Plasmacytoid dendritic cells
E2L1_ATAGACCTCGCCGAGT,NK cells
E2L8_GCGGAAACATGTGGTT,B cells
E2L5_TCCTCTTAGGGCAGAG,
E2L8_GGCAGTCAGAGGTATT,B cells
L1_ACCATTTAGCCTTTCC,Memory CD8+ T cells
E2L2_CCTAAGAGTACCCACG,B cells
L3_ACGTCCTCATCCGTGG,CD4+ T cells
E2L2_CTTCCGATCGATTGAC,CD4+ T cells
E2L5_CTCCATGTCCTCACCA,CD4+ T cells
L1_GGTGTCGTCTCGGTAA,Naive T cells
L5_GTGTCCTCAATAGTGA,Naive T cells
L5_CCTCAGTCATCCTAAG,Effector CD8+ T cells
L1_TTCACCGTCAGCGCGT,Naive T cells
E2L3_ATCGGCGTCACTTTGT,CD4+ T cells
L5_GAGGCAAAGGTACATA,Hematopoietic stem and progenitor cells
L2_TTCACCGGTGCGGATA,Effector CD8+ T cells
E2L7_GGATCTAAGATTGGGC,cDC2
L5_AGTAGTCTCATAAGGA,CD4+ T cells
E2L3_AGACCATCAAGCCCAC,NK cells
L5_AATTTCCAGGCCTTGC,B cells
E2L8_CCATCACAGGCGACAT,cDC2
E2L6_GAATCGTCACTCCGGA,Plasmacytoid dendritic cells
E2L1_TACTTACGTGTTTCTT,Effector CD8+ T cells
E2L8_CTGATCCAGTCATGAA,NK cells
L1_TGGGAAGTCATGCTAG,Plasmacytoid dendritic cells
E2L2_CTCAACCAGATGTTAG,cDC2
E2L7_GAGTTTGTCGCCAACG,CD4+ T cells
E2L4_GGGATGATCCGTCACT,Memory CD8+ T cells
L5_GGTAACTGTGTATTCG,cDC2
E2L2_AGAAGCGGTTAAGAAC,CD4+ T cells
E2L5_CTCATCGCACTTCAAG,CD4+ T cells
E2L3_TTCATTGAGTTACGAA,CD4+ T cells
E2L1_CCTCATGAGACGACGT,Plasmacytoid dendritic cells
E2L2_TCAGCCTTCTTGCAGA,B cells
E2L8_TGCATGAAGAGCAGCT,Effector CD8+ T cells
L1_AGATGAACAGTTACCA,Naive T cells
E2L7_CTTGATTTCTTTGATC,Effector CD8+ T cells
L4_GTGCTTCTCAGGAAAT,B cells
L4_ATTCCTATCAGTAGGG,NK cells
L5_TGGATCAAGAGGCGGA,Non-classical monocytes
L5_GTCTAGAAGCAATTCC,Effector CD8+ T cells
L1_CTCAACCTCCAAATGC,Naive T cells
E2L8_CTCATTATCGGAATTC,B cells
E2L7_GAATCGTTCTGTCGTC,Plasmacytoid dendritic cells
L4_CCTCATGAGCGTCAAG,NK cells
L2_TTCAATCAGCACTTTG,
L5_CTGCTCAAGGCGATAC,Proliferating T cells
E2L8_CGTTGGGTCCGCCTAT,Naive T cells
E2L1_GCTGCAGTCCTACCGT,B cells
L2_CATAAGCGTATACCCA,CD4+ T cells
L4_CCACTTGGTTGTACGT,Memory CD8+ T cells
E2L1_GAGAAATAGTCAATCC,CD4+ T cells
E2L3_CCAAGCGCACCCTAAA,Innate lymphoid cells
E2L8_CCTATCGCAGAACATA,B cells
E2L2_CGCAGGTGTACTGAGG,cDC1
E2L4_TTTCACAGTGTATTGC,NK cells
L2_CAACCTCGTGGCAGAT,Naive T cells
L3_GCGGATCTCGGATAAA,Effector CD8+ T cells
E2L2_GGTAACTCATCATCTT,B cells
L2_ACGTCCTGTAATGTGA,Memory CD8+ T cells
L2_TTTAGTCAGGCGAAGG,Naive T cells
L3_AGTTCGACAGGGAATC,Effector CD8+ T cells
L1_GGAGGTACACCCAAGC,Plasma cells
E2L8_TACAGGTAGGATGTTA,Plasmacytoid dendritic cells
L4_CTCAGAATCGTTCGCT,Proliferating T cells
L3_ACATGCACAAGTGGCA,CD4+ T cells
L4_CGGGTGTAGAGTGGCT,cDC2
L5_ACATCCCTCCTTCGAC,Naive T cells
E2L5_CGAATTGAGGATTACA,Plasma cells
E2L2_GTGCTGGAGTACAGAT,Effector CD8+ T cells
L3_TTACAGGTCGTTCATT,Naive T cells
L4_ATGAAAGGTGTTTACG,Naive T cells
E2L5_TACCTGCAGTCTCCTC,CD4+ T cells
L1_TTTGACTTCGATTGGT,Plasmacytoid dendritic cells
E2L2_CACACAATCTTTGCGC,B cells
E2L2_GTTACGATCGTAGGAG,Memory CD8+ T cells
L2_GGTTAACGTCTTCGAA,B cells
E2L1_CCATAAGCACTGAGTT,Platelets
L1_TTGCCTGGTTGGCTAT,Hematopoietic stem and progenitor cells
L3_TCCTCTTGTAGTTAGA,Naive T cells
L3_TGATCTTGTTAGTTCG,B cells
E2L6_GACCCAGTCTGCTGAA,CD4+ T cells
L4_AAGCATCGTAACTGCT,cDC2
E2L6_ACTATCTAGACTTAAG,Effector CD8+ T cells
L1_ACACTGAAGTCCCAAT,Naive T cells
E2L3_GCAACCGCATCGATAC,Proliferating T cells
L2_AACAAAGGTGATTAGA,Innate lymphoid cells
L5_ATTCATCAGAGCCCAA,Hematopoietic stem and progenitor cells
L4_CTCAGAAAGTCGGCCT,Naive T cells
L2_ATAGAGAGTGCCCTTT,Naive T cells
E2L3_AGACAAACATTCCTCG,NK cells
L1_TGATCAGAGTAAACAC,cDC2
E2L6_TCTACCGAGAAGGCTC,CD4+ T cells
L1_GCAGCTGGTAGTGGCA,Erythrocytes
E2L1_GACAGCCGTGATGAAT,Memory CD8+ T cells
L1_CGTCCATGTTCCTAAG,Naive T cells
E2L7_TCGTAGAAGATCCGAG,CD4+ T cells
L4_GTTGTGAGTTCGTAAC,cDC1
E2L7_TTGCATTGTTTCCCAC,CD4+ T cells
L2_TGCGGGTAGCAACAAT,Effector CD8+ T cells
E2L3_GAGTGTTAGAAGTCTA,CD4+ T cells
E2L6_CCTAAGAGTTCCCACT,Classical monocytes
L2_CGCGTGAGTGGTCCCA,Effector CD8+ T cells
E2L7_GATGACTAGGTAAACT,Classical monocytes
L1_GAAACCTTCTACTGAG,
E2L7_CTCAGGGCATACAGGG,CD4+ T cells
E2L8_GACTATGAGCGTTCAT,cDC1
E2L8_ACGTACAAGTGGTCAG,B cells
E2L3_TCAAGACAGCAAATGT,
L3_GCGTGCACAAGACAAT,Classical monocytes
E2L1_TCTTAGTAGGACAGTC,Memory CD8+ T cells
E2L8_CCTATCGAGTCGAGGT,NK cells
L4_ATCCATTTCCCTATTA,Naive T cells
E2L8_GGCTTGGTCAAGTAAG,Innate lymphoid cells
L2_TTGGGATCACAATTCG,
E2L6_ACTGCAATCATACGAC,B cells
E2L8_GTGTGATGTTGCGGCT,Plasmacytoid dendritic cells
E2L6_AGCGCTGGTGACACAG,CD4+ T cells
L2_CGAAGGAGTCGCATGC,NK cells
L5_TAATTCCAGTCATCGT,B cells
E2L1_TATATCCAGCTAATCC,Effector CD8+ T cells
L1_CGCATAACAGAGTCAG,Hematopoietic stem and progenitor cells
E2L2_TGTGCGGGTTCCCACT,Effector CD8+ T cells
E2L6_TCATTACAGTAATACG,Naive T cells
L4_TACCGAAAGGCATCGA,CD4+ T cells
E2L4_TCCTCCCAGCGTTAGG,Platelets
L3_CGTAAGTCAATAGTGA,Hematopoietic stem and progenitor cells
L1_CACTGTCAGCTCCACG,B cells
E2L3_TCCTAATAGACTGTTC,CD4+ T cells
L2_TTCATTGTCTAGCAAC,Effector CD8+ T cells
L4_TTGTTGTCAGGATCTT,Plasmacytoid dendritic cells
E2L5_CACAGATGTCTACACA,Plasma cells
L2_TGCAGTAGTTTGACAC,Hematopoietic stem and progenitor cells
E2L1_TGTCCCAGTTGCGGCT,Effector CD8+ T cells
L3_GATGCTACAAGCGAAC,Effector CD8+ T cells
L2_ACCTGAAGTGCAACGA,Plasmacytoid dendritic cells
L2_ATTCGTTGTAGCTTAC,Naive T cells
L3_TTCCGTGAGGAGCTGT,CD4+ T cells
L4_GCACTAACAGTTGAAA,Plasma cells
L1_AGCCAGCTCATCGACA,Platelets
E2L7_GCAGGCTAGGAGGGTG,Plasmacytoid dendritic cells
E2L1_GAAACCTGTGCCGAAA,Classical monocytes
L4_AGCGCTGAGGAGAATG,Naive T cells
E2L4_TACTTACAGTGGTTAA,cDC2
E2L4_GAACGTTCAGACCAGA,CD4+ T cells
E2L7_ATCTTCAAGCAGCCCT,Classical monocytes
L3_TCACAAGAGTCACTCA,NK cells
E2L1_CTCCACACATGGCGCT,CD4+ T cells
E2L4_GCTACAAAGCAGCCCT,Plasmacytoid dendritic cells
L4_ACGGTTACACTAGTAC,Classical monocytes
L4_TTTAGTCAGGGATCTG,Naive T cells
L3_GCCTGTTGTCACCGAC,Naive T cells
L2_TTCTAGTAGAGTAACT,Hematopoietic stem and progenitor cells
L5_CCTCATGCAGATCATC,Hematopoietic stem and progenitor cells
E2L3_ATGAGTCTCTCCCTAG,Proliferating T cells
E2L4_AAAGGATTCGTGGGAA,B cells
L3_CTGAGGCTCCATAGAC,Effector CD8+ T cells
L2_TCTAACTAGTGGTGAC,Effector CD8+ T cells
E2L3_GAAGGACTCCGAAGGA,Classical monocytes
E2L5_TGCGACGCACGAAAGC,Effector CD8+ T cells
L5_GGAGCAAGTGTAGTGG,Naive T cells
L2_AAGGTAAAGAGCAAGA,CD4+ T cells
E2L3_TGTAGACCAAACTAAG,Platelets
L2_TCACGGGTCACACCCT,Naive T cells
L1_GCATCGGCATGGGTCC,CD4+ T cells
E2L5_CTCATTATCTTTACAC,Platelets
E2L6_AGAACAAGTCGCCACA,Hematopoietic stem and progenitor cells
E2L4_AGTTCCCAGGTTAGTA,NK cells
L4_CTGAGCGTCAGACAAA,Non-classical monocytes
L3_AACGGGATCGTTAGAC,Non-classical monocytes
L2_TTGACCCTCCGACATA,Plasma cells
E2L1_GATTCGAGTGACACGA,NK cells
E2L4_GAACTGTTCCGACATA,NK cells
E2L1_CATCCCAGTCGAGATG,Plasmacytoid dendritic cells
E2L5_CTCCGATCAGTAGAAT,CD4+ T cells
L5_CTAACTTAGCTAAACA,Proliferating T cells
L5_GAACACTCACATTACG,cDC2
E2L2_GTAAGTCAGCCTTCTC,Effector CD8+ T cells
E2L6_CCACCATAGTTTGAGA,B cells
L2_CCTTTGGTCTGGACCG,Erythrocytes
L3_ACGCACGTCTTTCGAT,Platelets
L4_AGATCCAAGCATAGGC,NK cells
L5_CTCTGGTCACACTTAG,Effector CD8+ T cells
L3_CATCAAGAGCGGATCA,Naive T cells
L4_TACGTCCAGGTGGGTT,Naive T cells
E2L6_CTCCCTCGTGCACATT,Effector CD8+ T cells
E2L2_AGATGAATCGTGCACG,B cells
E2L4_ATTCATCTCCGTCAAA,CD4+ T cells
L3_GACGTTAGTTCAAACC,Hematopoietic stem and progenitor cells
E2L4_GTAGTACAGTATGAGT,Proliferating T cells
E2L8_TGGAGAGAGACTAAGT,Effector CD8+ T cells
L5_TTGCATTGTCGTCTCT,cDC2
L1_CTGCCATCAGAGCTAG,Hematopoietic stem and progenitor cells
E2L2_TTCTAGTTCAACTTTC,Proliferating T cells
E2L1_TTGTTCAAGGTAGATT,cDC1
L4_GTCACTCCATCTCATT,cDC2
L4_TAAGTCGAGAGCATTA,Memory CD8+ T cells
E2L8_TGCACGGTCCACCTGT,Naive T cells
E2L8_CTGGTCTTCACCTCGT,Plasmacytoid dendritic cells
L1_TCCTCCCTCAGTGTTG,Naive T cells
E2L2_ATCGTCCTCCAGCTCT,Effector CD8+ T cells
E2L3_CAGATCACAGATCATC,Classical monocytes
E2L8_GAGAGGTAGTAGAATC,CD4+ T cells
E2L6_GTCACGGTCCTTGAAG,Erythrocytes
E2L1_CGTTAGATCTAGGCCG,Innate lymphoid cells
E2L7_ATCCCTGGTGCGGATA,Proliferating T cells
E2L8_GATCACATCTAGGAAA,B cells
E2L6_TAGGAGGAGATGTAGT,B cells
L4_TTTAGTCCACTATCGA,Memory CD8+ T cells
E2L1_TACCTCGGTTGGCCTG,Platelets
L5_AGTCACATCCGTATAG,Platelets
L4_TCGGATAAGGGCGAGA,Non-classical monocytes
E2L6_AGGGTGAAGAGCACTG,CD4+ T cells
E2L6_AGCGATTGTATGATCC,B cells
E2L6_CCACGAGAGAATCGCG,Platelets
E2L5_ATTTACCTCCCTGTTG,CD4+ T cells
L4_CTGCTCAAGATAGTGT,Effector CD8+ T cells
E2L6_CTAGACACAGGCGTTC,NK cells
L4_GAGAAATGTTAGGACG,CD4+ T cells
E2L4_GGCAGTCCATGAAGGC,Classical monocytes
L5_ATCTTCATCTCATTGT,Naive T cells
L4_GGGCTACAGACCAGAC,Plasmacytoid dendritic cells
L3_CGGGCATCACAATGCT,Naive T cells
E2L5_ACGTCCTTCAACGTGT,cDC2
L1_AGTACCAGTCCGGACT,Effector CD8+ T cells
L3_GTGTAACCATAGATCC,Proliferating T cells
E2L5_TCGGGACCATGCCGAC,Plasmacytoid dendritic cells
L2_TTGCTGCAGAGCGACT,Naive T cells
E2L7_TGCCGAGAGTGAATAC,B cells
L2_TTTACGTGTTCCTAGA,Plasma cells
L5_CATACTTGTAGGATAT,Naive T cells
E2L8_TAGGTTGGTTCAGGTT,NK cells
L1_GCATCGGGTAACTTCG,Plasma cells
L4_TGGATGTTCTCAACGA,Erythrocytes
E2L2_GGGACCTGTAGACAGC,Plasma cells
L2_CTCAATTTCAACGAGG,Naive T cells
E2L2_GAGTCATTCTCGACGG,CD4+ T cells
L5_AACCACACAAGATCCT,Naive T cells
L5_CTATAGGAGATAGCAT,Effector CD8+ T cells
L5_CCATAAGCACGACTAT,Naive T cells
E2L7_TTATTGCAGAGGCGTT,NK cells
E2L6_GTAGTACTCATTACGG,Proliferating NK cells
E2L4_CTCTGGTAGGACGCAT,Non-classical monocytes
L2_GGGAGATCAGTCTACA,Hematopoietic stem and progenitor cells
L2_GACCGTGAGCGTGTTT,Innate lymphoid cells
E2L2_GTGAGGAGTGCTCTCT,CD4+ T cells
E2L2_CGTGCTTAGATGCAGC,CD4+ T cells
L5_AAACCCAAGGATGGCT,Plasma cells
L5_TCTTAGTCATACGCAT,Plasma cells
E2L4_ATCCATTCATGGTACT,NK cells
L2_AATGGAATCGTCGCTT,CD4+ T cells
E2L6_AGTCACACACAGAAGC,Classical monocytes
E2L1_TTGGGATTCGCTCTCA,Platelets
E2L7_AACGAAAAGTGCCTCG,CD4+ T cells
E2L7_ACGGTTAGTCTACGAT,Non-classical monocytes
L4_GCCAACGGTAAGCGGT,NK cells
L5_ACTGATGTCGTGTTCC,NK cells
E2L7_CGTGCTTCAAATGGTA,B cells
E2L4_TGAGCGCTCGCCACTT,NK cells
E2L5_TACGTCCAGAGTTGTA,cDC2
L2_TCCTTTCCATCTCATT,NK cells
E2L8_GAGTCATCAACTCATG,Effector CD8+ T cells
L4_GAACTGTCAAATACAG,cDC1
E2L8_TCGTGGGCACAAGGTG,CD4+ T cells
L4_TCATTGTAGGTCGTCC,B cells
L4_TTCCGGTTCATCGGGC,NK cells
E2L3_CACGTTCCATCACCAA,Non-classical monocytes
L2_TGCTCCAGTGCGTTTA,Naive T cells
L2_CGTAGTATCCATTGGA,Naive T cells
L3_GTAGATCGTTTCGTGA,Effector CD8+ T cells
L1_CGTTGGGGTCATTCCC,Plasmacytoid dendritic cells
E2L7_GACTTCCCATGGCTGC,CD4+ T cells
L5_CATCGTCCATGGGCAA,NK cells
E2L7_ATCGTGAGTGAATGTA,Hematopoietic stem and progenitor cells
E2L7_AGGGTGACAAAGACGC,CD4+ T cells
L5_ATGAGGGTCACTGGTA,Naive T cells
E2L5_CAACCAACACATACTG,Plasma cells
L3_GAAGAATAGAGCCGTA,Naive T cells
L5_CATTGCCTCTGCGATA,CD4+ T cells
E2L7_GAAGAATGTGGCCTCA,cDC1
E2L4_GGTAGAGGTTGCATCA,CD4+ T cells
E2L8_CTTCTCTCATCCGAAT,Proliferating NK cells
L5_GTTCCGTCAGCGTATT,Erythrocytes
L4_TCATTTGAGCGAAACC,Memory CD8+ T cells
E2L1_GTCACTCGTGTTAAAG,Plasmacytoid dendritic cells
L4_ATGGATCCATAAGATG,cDC2
E2L7_CATTGAGAGGCACAAC,Classical monocytes
L4_CATTCTAGTCCCAAAT,Plasmacytoid dendritic cells
L3_GGTTGTAAGTGTCATC,Non-classical monocytes
L5_CACGAATAGGATTCAA,Hematopoietic stem and progenitor cells
E2L6_AGGGCCTCACACCTAA,NK cells
L3_ATTATCCTCTACACTT,CD4+ T cells
E2L5_CCCGAAGAGCCTGTGC,B cells
E2L7_CATACTTCATCTCAAG,CD4+ T cells
E2L7_GGTGAAGAGCATGGGT,CD4+ T cells
E2L3_TCATTGTCAGAGTGAC,Effector CD8+ T cells
L4_GATGACTTCGGACGTC,CD4+ T cells
E2L6_CATACAGAGCTGTTCA,B cells
E2L2_TCCAGAACAGCGGTTC,CD4+ T cells
E2L7_CTGAGGCTCCATTCAT,Hematopoietic stem and progenitor cells
L2_TATCAGGTCGTCCTTG,cDC2
E2L2_ACGTAACTCAAAGACA,Plasma cells
L2_ACACCAAGTTATAGAG,CD4+ T cells
L3_GACCCTTGTCGGTACC,NK cells
L4_AGCCAATGTACAGAAT,Innate lymphoid cells
E2L1_CAGGGCTCATAGGTTC,Proliferating T cells
E2L7_GTGAGCCTCCCGGTAG,B cells
E2L4_AGCCAGCCAAGTGGAC,Plasma cells
E2L5_CATGCGGAGTCGCCAC,NK cells
L5_TGAGCATAGTCCCAAT,NK cells
E2L2_TTGACCCCACGGCTAC,Plasma cells
L5_ATTATCCTCAACTCTT,Memory CD8+ T cells
E2L4_CTCCACACATGGCTGC,B cells
L5_TATTTCGAGCGGTAAC,Naive T cells
E2L7_GTTTACTCATTGAAGA,cDC2
L4_TTTCCTCCACAGTCAT,Non-classical monocytes
L4_CATAGACTCTCTTGCG,Erythrocytes
L4_AGCATCACAAATTGCC,Naive T cells
E2L3_ACAAAGAGTCGTGATT,Memory CD8+ T cells
L4_GCCGATGTCAACCGAT,cDC2
E2L7_CCTCTCCGTTACGTAC,CD4+ T cells
E2L6_AGGGTCCGTACTGTTG,B cells
L5_ATTCAGGTCGCAGAGA,Naive T cells
E2L6_TGCGGGTGTAAGGTCG,B cells
L1_TCCTTCTCAGTCTGGC,Naive T cells
E2L5_TTACAGGGTCACTACA,CD4+ T cells
E2L3_CGCCAGACAGGACGAT,Innate lymphoid cells
E2L7_GCGTTTCGTGGCTTAT,Platelets
L4_CAACAACTCCTGGGAC,Naive T cells
L2_AAGAACATCCGAGCTG,Hematopoietic stem and progenitor cells
L3_ACGCACGAGTAGCATA,Naive T cells
E2L3_TGCATCCTCGTCAAAC,cDC2
E2L1_CCTACGTTCCATTTGT,B cells
L2_ATCATTCCACGGTGAA,Memory CD8+ T cells
L2_ATTTCACGTCACCGAC,NK cells
E2L4_CATAAGCCAACACTAC,Plasmacytoid dendritic cells
E2L1_TTTACGTCAGAGGGTT,NK cells
E2L1_GCTGAATAGGCATGGT,cDC2
E2L1_CCTAAGATCTAGACAC,Effector CD8+ T cells
E2L1_CACTTCGCAAATAGCA,Effector CD8+ T cells
L5_GCTTTCGCATTGAGCT,Naive T cells
E2L1_CACAACATCTCGTGAA,Platelets
L4_GGAGATGAGATGTTCC,Platelets
L2_CCCAACTTCTATGTGG,Memory CD8+ T cells
L5_AGGGAGTAGAAACTGT,Naive T cells
E2L3_TCATACTGTTTACGAC,Effector CD8+ T cells
L5_TGATTTCTCAACTTTC,Naive T cells
E2L6_TCTTGCGGTCCGGTCA,B cells
E2L5_GGGTCTGCATCCGGTG,NK cells
L2_TTTCCTCCAAGTGCAG,CD4+ T cells
E2L3_CCTCATGAGCCTGGAA,Effector CD8+ T cells
L3_TGCGGCATCCGATCGG,B cells
E2L1_AGGTTGTGTTCGGTTA,Innate lymphoid cells
L2_TATCCTAAGACAAGCC,Plasma cells
L4_TCCACCAGTGACCGTC,CD4+ T cells
E2L2_TTCAGGATCACTGATG,B cells
E2L6_GCCAGCAAGTAACCTC,B cells
L1_CGGAACCTCCGTGGGT,Plasma cells
L4_TTTGGAGAGTTGCCTA,Memory CD8+ T cells
E2L4_GTCTTTAAGACCAAGC,Effector CD8+ T cells
L5_TATCTTGAGAGTTCGG,Plasmacytoid dendritic cells
E2L4_GTCATCCAGTTTCTTC,B cells
E2L5_AGAAGCGTCATTTGCT,NK cells
L4_TTAGTCTAGACATGCG,Naive T cells
L5_TCACTATCAGTGCCTG,CD4+ T cells
L5_TGCAGATTCACTTCTA,Naive T cells
E2L5_TGCAGTAAGGGCTAAC,Effector CD8+ T cells
L5_CGTAGTAAGTAGGCCA,Naive T cells
E2L8_TTGGATGCAACCGATT,Non-classical monocytes
E2L6_TTCCAATAGCAGCACA,Classical monocytes
L3_TTCGGTCTCTCGCGTT,Proliferating NK cells
E2L5_GTTGCTCGTGACTGAG,Platelets
E2L2_GCATGATAGGTGCATG,Effector CD8+ T cells
L5_CATGCGGTCATCTCTA,B cells
L1_TTACTGTCATCCGGCA,B cells
L4_AAGGTAACAGCTATTG,Effector CD8+ T cells
E2L8_AGTAGTCCACTCAGAT,cDC2
E2L4_AAGCATCAGTAGCATA,NK cells
L5_CTGATCCGTAGTTAGA,Naive T cells
E2L7_TGAATCGCACTGGCCA,Effector CD8+ T cells
E2L4_CAATGACGTAATGATG,cDC2
E2L6_TCCGAAAAGACCTTTG,CD4+ T cells
E2L8_CTTAGGAGTTAAACCC,Non-classical monocytes
L4_TGATCTTCAACGATTC,Hematopoietic stem and progenitor cells
E2L8_TCAGTTTTCGTGGGTC,Erythrocytes
E2L5_TCGCAGGCAGCATCTA,Effector CD8+ T cells
L5_GCACATACAGAAATTG,CD4+ T cells
E2L7_CCAATTTTCCGATGTA,NK cells
E2L5_GGTAACTGTTAAGCAA,CD4+ T cells
E2L8_CTAGGTACAGGACGAT,Effector CD8+ T cells
L4_CAACAACCAGGACATG,
E2L8_GTGCGTGGTACGAGTG,B cells
L5_AACCCAACAGGATTCT,Effector CD8+ T cells
L2_ATCGATGAGATGCAGC,Naive T cells
L4_CTACAGACAACGGGTA,cDC2
L1_TGTCCTGCAACTGCCG,Erythrocytes
L5_GCCATTCTCACGTCCT,
E2L1_ACGTTCCAGACATCAA,Non-classical monocytes
L2_CACGTGGGTGGTGATG,Naive T cells
E2L4_AGAAGTAAGTCGAAAT,Non-classical monocytes
L3_CGGGTGTAGCCTAACT,CD4+ T cells
E2L8_CTCCACATCAAGCCTA,B cells
E2L2_CATGGTAAGGATTTAG,Platelets
E2L1_CGAGTGCGTGGCCTCA,NK cells
E2L1_CTATCCGCAGAACATA,cDC2
L4_GTTAGTGGTACGTGTT,Plasma cells
L3_CGTAATGAGCTTGTTG,Naive T cells
E2L3_GTTCCGTTCTCACGAA,Plasma cells
E2L3_CCCGAAGCAGTCTCTC,Plasmacytoid dendritic cells
L3_CTATCTAAGACGTCGA,Effector CD8+ T cells
E2L5_GGGTCTGAGATCCTAC,NK cells
E2L2_AGGGCCTAGCGTATAA,CD4+ T cells
E2L2_AGCGCTGGTGGTAATA,Plasmacytoid dendritic cells
E2L5_TTCCGTGCAGCACAGA,Plasma cells
E2L7_TCTGCCAGTTTGACAC,Memory CD8+ T cells
E2L3_CCCTTAGTCCAAGCAT,Plasmacytoid dendritic cells
L3_CAGAGCCGTTCTTGTT,Hematopoietic stem and progenitor cells
E2L2_GCCAGGTAGCTAGTTC,Classical monocytes
L5_GGGACAAGTGGCACTC,CD4+ T cells
L3_ATGCCTCGTGGATGAC,NK cells
L5_TCCACGTAGAAATCCA,Non-classical monocytes
L4_GTAACCAAGAGATGCC,CD4+ T cells
E2L7_TATTGGGTCATTCTTG,cDC1
E2L6_TGACGCGGTGAGTAAT,NK cells
L2_CATGGTATCTTTGCGC,B cells
L1_ACATCCCAGGTAGTAT,Memory CD8+ T cells
E2L1_GTGTTAGCAGACACCC,NK cells
L3_TATTGCTCAATCGTCA,B cells
L2_CAACAGTGTTAAGGAT,CD4+ T cells
E2L5_GAGTTTGCATAATCGC,B cells
E2L1_CTCCTCCTCCGCGAGT,CD4+ T cells
E2L6_CAAGCTATCGTTTACT,Effector CD8+ T cells
L1_TTCTAACTCGTAGGAG,NK cells
L1_TAGGTACGTCGGCACT,Naive T cells
E2L1_TCAGTTTCAACGGTAG,CD4+ T cells
E2L2_TACCGAAAGCCGGATA,NK cells
L4_AACGGGATCGACGAGA,CD4+ T cells
L1_GCACTAACACTGTCGG,Effector CD8+ T cells
E2L4_GTTACGACACAAGTGG,B cells
L3_TGGAACTAGAATAGTC,Classical monocytes
L3_CAACCTCGTGAATTGA,Naive T cells
E2L4_TTCACCGAGGCTCCCA,CD4+ T cells
L4_TGCTGAACAAGGTACG,Naive T cells
L2_GACGCTGGTCACTCAA,NK cells
L5_TTTGTTGTCTCCGTGT,Naive T cells
L1_AAGATAGAGCAGATAT,Naive T cells
L4_TTAGTCTTCAGAGTGG,Hematopoietic stem and progenitor cells
E2L7_AACAACCGTTCATCGA,Effector CD8+ T cells
L2_TCGCTCAAGCTAAACA,cDC1
E2L4_GATTCGACACGGTGAA,Plasma cells
L3_TATACCTAGAACTTCC,CD4+ T cells
E2L7_GCAGCTGCAAGAATAC,Effector CD8+ T cells
E2L4_TTTGATCTCACGAGGA,CD4+ T cells
E2L6_TCGCTCAAGGTTCAGG,B cells
L5_CTGGACGCAGTAACGG,Memory CD8+ T cells
L5_ATTCAGGGTGGAAGTC,Naive T cells
E2L5_GAGAAATCAACCGCTG,NK cells
E2L1_TGTGGCGTCCTCGATC,B cells
E2L7_GACCTTCTCGCAAGAG,Platelets
L2_TCTTCCTGTGGACCAA,Effector CD8+ T cells
L2_GAGTCATGTCGCATGC,
L5_GCCCGAAGTGGTTCTA,Non-classical monocytes
E2L3_AGGCATTGTGAACGGT,NK cells
L3_CAGCGTGCACTGTCCT,CD4+ T cells
E2L2_GAGTTACCATTAGGAA,Effector CD8+ T cells
L2_AGTGCCGTCCGAGCTG,Hematopoietic stem and progenitor cells
E2L3_GGATGTTTCGTAGAGG,Innate lymphoid cells
E2L4_TATCTGTAGAGCCGTA,CD4+ T cells
L1_AGCCAATTCGCGTCGA,Plasma cells
E2L7_AGTGCCGGTATAATGG,B cells
E2L4_CTCCTTTCAGTGGTGA,CD4+ T cells
E2L4_GAAGAATCAGGTGTTT,Memory CD8+ T cells
L5_ACGGTTACACTGTGTA,CD4+ T cells
E2L8_TCTATACCATTAAAGG,Plasmacytoid dendritic cells
E2L5_TACTTGTTCTCATAGG,CD4+ T cells
E2L6_GTCGAATTCGTAGAGG,cDC2
E2L7_CGTAATGTCGATCCCT,Plasmacytoid dendritic cells
E2L8_GGGAGATCAGTACTAC,Platelets
E2L1_CAGTTCCGTTATTCCT,Plasma cells
L4_AACGAAACAGCCCACA,Platelets
E2L3_AACACACCAGAGGCTA,Non-classical monocytes
E2L5_AACCTTTGTCACAGTT,CD4+ T cells
L4_CTCATCGCAAAGCACG,B cells
E2L5_GAAGTAAGTTCTTGTT,Hematopoietic stem and progenitor cells
E2L7_TACTTACGTAGGCTGA,CD4+ T cells
E2L4_CTGCTCATCGTGCAGC,Plasmacytoid dendritic cells
L5_TCTCTGGTCCTTATAC,CD4+ T cells
L2_CGGAATTAGGAGATAG,NK cells
L4_CCACGTTGTAGGATAT,Naive T cells
E2L2_ATGAGGGAGCCATCCG,Effector CD8+ T cells
E2L2_GTCATTTAGACTACGG,Effector CD8+ T cells
E2L7_CCACGAGCACCATTCC,B cells
E2L5_GGAGGTACATTGGCAT,NK cells
L3_GGAACCCCATGACCCG,Memory CD8+ T cells
L4_TCAGTTTGTAGCTTGT,Proliferating NK cells
L3_ATGCGATCAGCTGAAG,Hematopoietic stem and progenitor cells
L5_AGTGCCGTCGGAGTGA,Memory CD8+ T cells
L4_AACAAGATCTAGACAC,Effector CD8+ T cells
L5_CTCCTTTCACGAGGAT,Proliferating NK cells
E2L4_AGCGTATTCAGTGTCA,Plasmacytoid dendritic cells
E2L2_AGGGAGTTCGACCAAT,CD4+ T cells
E2L6_TATCGCCGTCGGATTT,Effector CD8+ T cells
L4_TGGTGATCAATTTCGG,Non-classical monocytes
L1_AATAGAGCATGGGTTT,Plasma cells
L1_ACCCTTGGTACCGGCT,Naive T cells
E2L1_ATGTCCCTCCCTCGAT,cDC2
L1_TAGACCAGTTGCGGCT,Non-classical monocytes
L5_GCTCAAAGTTCGATTG,Hematopoietic stem and progenitor cells
L5_GTTACAGTCTATTTCG,Plasma cells
E2L8_TGCTCGTCAACGATTC,B cells
E2L4_ACATTTCCAGCACAGA,Non-classical monocytes
L4_TTTCGATTCAGAGCAG,Naive T cells
E2L1_AGCTACAGTCAGGCAA,CD4+ T cells
E2L5_CTTTCAAGTCCCTGTT,Memory CD8+ T cells
E2L7_CTCCATGGTCAGCGTC,Platelets
L5_GAATCACCAAGATCCT,CD4+ T cells
L5_CTCCACAGTCCACAGC,Naive T cells
E2L7_TGCCGAGCATTGCCGG,CD4+ T cells
E2L2_TCGAACAGTAGAGCTG,CD4+ T cells
L2_ATGGAGGAGAGCAACC,Plasma cells
E2L6_GGGTAGATCTGGCCAG,Memory CD8+ T cells
E2L3_TCGCACTCATCTCCCA,Non-classical monocytes
E2L5_CGTGTCTCACGCCACA,Effector CD8+ T cells
L2_AATGCCAAGCCTGTCG,Effector CD8+ T cells
E2L5_GAGGCAACATGTTTGG,CD4+ T cells
E2L6_GTACAGTCACGACGCT,CD4+ T cells
L1_ATTCTTGAGTTGCTCA,Naive T cells
E2L5_CTCCAACCAGGCATTT,CD4+ T cells
E2L3_GTGTTCCAGTTGTAAG,Plasmacytoid dendritic cells
E2L7_CCAATGACACCTCGTT,Non-classical monocytes
L5_CCGTAGGCACAAAGCG,Effector CD8+ T cells
E2L6_AATTCCTTCGACTCCT,cDC1
L3_CTAAGTGAGCCATTGT,Innate lymphoid cells
E2L2_CTTAGGAGTTAGGGAC,CD4+ T cells
E2L4_CTACGGGCACAACGTT,CD4+ T cells
E2L7_CATTGTTTCCACTTTA,NK cells
L3_TATACCTTCAAGTCTG,Classical monocytes
E2L6_ATCGTCCAGTGGTGGT,B cells
L3_CACTTCGAGGTAGTCG,CD4+ T cells
L5_AAAGTGATCTTCGACC,Hematopoietic stem and progenitor cells
L4_ACAACCAAGGTCCTGC,cDC2
L1_AACAAAGGTTCGGCGT,NK cells
E2L5_TCGATTTCACATCATG,
E2L8_TTGCATTCAGTAACAA,CD4+ T cells
E2L1_GTTAGTGAGGACTAAT,Effector CD8+ T cells
L2_AACCAACAGATGACCG,CD4+ T cells
L3_CCTATCGTCTACTCAT,CD4+ T cells
E2L7_AACCATGGTTGTGTTG,cDC1
E2L5_CGAGTGCCAGGCCTGT,Effector CD8+ T cells
L3_GACCAATCATATACCG,Effector CD8+ T cells
L3_CGCGTGAGTGTTGAGG,Naive T cells
E2L7_CTACATTAGACGTCGA,Non-classical monocytes
L4_CTGAGCGCACCACTGG,CD4+ T cells
E2L7_TCATGGATCAAATGCC,B cells
E2L4_ATCCGTCCATCCTAAG,Plasmacytoid dendritic cells
E2L7_ACTTAGGAGGAACTAT,CD4+ T cells
E2L7_GTAGCTAGTACTGGGA,B cells
E2L4_TTCATTGGTCACGTGC,B cells
L1_AGAACCTAGACAGCGT,NK cells
L2_ACTCCCAAGCCACCGT,Proliferating T cells
L2_GTCTAGAGTCGAAGCA,Proliferating T cells
E2L6_TCATTACTCGACGAGA,CD4+ T cells
E2L6_CACACAAGTAGCGCTC,Platelets
L1_TCGGGACCAGGGTTGA,Naive T cells
E2L4_GTCAGCGCAAGTATAG,CD4+ T cells
L3_CCGGGTATCTTGCAAG,Proliferating NK cells
L4_TTAGTCTAGGTCACTT,NK cells
E2L2_CTGGCAGGTTGCCTAA,CD4+ T cells
L5_TCCTTCTCAGACAATA,CD4+ T cells
L4_TGGAGAGGTCGCACGT,Naive T cells
L2_TTGTGTTTCCCATGGG,CD4+ T cells
L3_AGTCACAGTGTTCGTA,Effector CD8+ T cells
E2L6_CTCTCGAAGCTCCCTT,Non-classical monocytes
E2L2_GGTCTGGTCTAGTTCT,CD4+ T cells
E2L6_CATACCCCATCCTTGC,cDC2
E2L4_AGACCCGCAAACCATC,CD4+ T cells
E2L3_CTCCCTCCAAGATTGA,Innate lymphoid cells
E2L8_CTATAGGGTGAATATG,B cells
E2L4_AACCTTTTCCGCAAAT,Effector CD8+ T cells
L5_CACGTTCAGATGAAGG,Hematopoietic stem and progenitor cells
E2L2_ACATTTCCATGCAGGA,CD4+ T cells
L4_AGTCAACCAGTTGAAA,CD4+ T cells
E2L7_GCGTGCATCGACGAGA,CD4+ T cells
L5_ATTCCCGGTATCAGCT,Memory CD8+ T cells
E2L5_GTCCTCAAGTAAAGCT,Platelets
E2L5_TTCTAACCAAAGAACT,Effector CD8+ T cells
L5_TGATTTCAGTCTAACC,NK cells
L5_GATCACAGTATCTCGA,CD4+ T cells
L5_TCCTTCTTCCGTATAG,Effector CD8+ T cells
L1_GGTAGAGCACACCAGC,Hematopoietic stem and progenitor cells
L4_GATGATCAGCATGTTC,B cells
E2L1_GATCACAAGGCTCTCG,Effector CD8+ T cells
L4_ACTTCCGAGGGAGTTC,Hematopoietic stem and progenitor cells
L4_TTGGATGTCGTGAGAG,cDC1
L5_CTGAGGCCATTGCCTC,B cells
E2L5_CGGGTCAGTTTCTATC,Plasma cells
E2L7_CAATGACAGTGCGCTC,CD4+ T cells
E2L8_TTGCCTGTCTAGGAAA,NK cells
E2L1_ACATCCCGTTCTCTCG,Effector CD8+ T cells
E2L6_GTGAGGATCACATTGG,NK cells
E2L8_GTGCAGCGTAGCTTTG,cDC2
E2L6_CTTGAGACATCATCCC,Platelets
E2L3_GGCGTCATCCCATACC,Effector CD8+ T cells
L5_CGAGTTACACCAGCCA,Naive T cells
E2L1_ACGTCCTTCTAGAACC,B cells
L3_TCAGCCTGTGGATGAC,Memory CD8+ T cells
L4_ACACAGTGTTCGTACA,Memory CD8+ T cells
E2L8_AGCATCAAGGTCGTGA,Plasmacytoid dendritic cells
E2L3_TCACACCCAGGCTATT,NK cells
E2L1_AGCGTATCAATGTGGG,Memory CD8+ T cells
E2L1_CCTATCGAGGTACATA,CD4+ T cells
E2L5_TACGCTCCATTCTCCG,CD4+ T cells
L4_TCACGCTAGCATTTCG,Memory CD8+ T cells
L1_GCAACCGCAAGACCGA,NK cells
L1_TGGTTAGTCATGGGAG,cDC2
E2L7_CTGCTCAAGTCAGCCC,Platelets
E2L4_TTGGGCGCAGGACAGT,Plasmacytoid dendritic cells
E2L1_GGGAGATAGTTACTCG,CD4+ T cells
L5_ATGTCTTCAGTCTACA,Plasmacytoid dendritic cells
L3_GGATCTATCTTCCAGC,Naive T cells
L4_GGAAGTGTCGTCGGGT,Naive T cells
L3_AATAGAGCAGCTGTCG,CD4+ T cells
L3_GATGATCTCCACACCT,Effector CD8+ T cells
E2L7_TCACTATAGTGCGACA,Plasmacytoid dendritic cells
E2L2_CGTGAATTCGAGTGAG,Memory CD8+ T cells
L1_CATTGTTGTCTTCAAG,Naive T cells
E2L8_TGACGCGCATTACGGT,B cells
E2L6_TTTGGAGAGTTTGGCT,NK cells
E2L4_TCACAAGTCGAATCCA,Effector CD8+ T cells
L4_AGCGTATAGAACGCGT,Plasmacytoid dendritic cells
E2L5_TTGATGGCAGCAGACA,Platelets
L1_AAGTACCGTATTTCCT,CD4+ T cells
L1_CGGTCAGGTGCAGGAT,Proliferating T cells
E2L7_CATCCGTCAAAGAGTT,Platelets
E2L2_GTTACCCAGACGACTG,CD4+ T cells
L5_TCGAAGTCAGTGGCTC,CD4+ T cells
L2_TACCCGTTCAGAGTTC,
L3_TATCTTGTCGATACAC,Naive T cells
L3_AGGGAGTTCGCCTATC,Hematopoietic stem and progenitor cells
L5_CGGACACCATATCTGG,Hematopoietic stem and progenitor cells
E2L4_TCGGTCTCATTGCAAC,Effector CD8+ T cells
L5_GAGTTGTAGCGTTCAT,Plasma cells
E2L3_CACCAAACACGGGCTT,CD4+ T cells
L1_GACGCTGCACTCCGGA,Naive T cells
L2_TGTAAGCCATGCCGCA,Hematopoietic stem and progenitor cells
E2L7_TCATGGACAGACCTGC,Platelets
L5_CGGAATTTCTGGGATT,Effector CD8+ T cells
E2L7_GTGCTGGGTACAGTCT,CD4+ T cells
E2L3_TACAACGGTTGGGACA,cDC2
E2L6_AATGGAAAGGTAAGAG,B cells
E2L3_GTTAGTGGTCGCCACA,B cells
E2L5_AGCTTCCAGATAGTGT,Plasmacytoid dendritic cells
L2_CTGTGGGAGAGTCAAT,Naive T cells
E2L6_TCATTCAGTCTCTCAC,Proliferating T cells
E2L2_TGGTGATAGTTTCAGC,CD4+ T cells
E2L6_TGTAGACGTACAGAAT,B cells
L2_CATCCGTAGAGTTGAT,Naive T cells
E2L5_AGGATCTTCTACGGTA,Innate lymphoid cells
E2L6_GATGACTGTGGACTGA,Platelets
E2L8_AGGGCCTAGACCTCCG,Proliferating T cells
L1_ACCCTTGCAATCGCAT,Proliferating T cells
E2L7_ACAGAAACAAAGCACG,Effector CD8+ T cells
E2L2_ACATCCCTCTTCACAT,cDC1
E2L7_GGGTAGAGTACCTGTA,Effector CD8+ T cells
L1_GAGATGGTCAGATTGC,CD4+ T cells
E2L6_CGGAACCGTGAGGAAA,B cells
L2_CCGATCTAGAAGGCTC,Effector CD8+ T cells
L3_TCTTCCTCAATTCACG,Naive T cells
E2L2_AGAGAGCAGAGAAGGT,Platelets
E2L8_TTGCATTAGCTAGTTC,Effector CD8+ T cells
E2L1_ATCCACCGTGGTCCGT,NK cells
L2_GAGTCTATCAAGGACG,NK cells
L5_GAAGAATAGGGCGAAG,Classical monocytes
L2_TTTACTGTCGACCTAA,
L2_TTCACCGAGTGCAAAT,Naive T cells
L5_CGAAGGAAGTAGGAAG,Innate lymphoid cells
L5_AACAAAGTCTTCCGTG,Classical monocytes
L4_TAGGAGGCAAAGGAGA,B cells
L3_AGCCAGCGTTCCGTTC,Proliferating T cells
E2L6_CAATCGATCCTTCGAC,Classical monocytes
E2L7_TAGGAGGGTCCGTACG,CD4+ T cells
E2L8_GTAGATCGTATATGGA,Non-classical monocytes
E2L4_TCAATTCGTCATCCGG,NK cells
E2L3_ATAGAGAAGCCAAGCA,Platelets
L4_TTCGATTTCAGTGGGA,Plasmacytoid dendritic cells
E2L8_AGAAGTACACTTCCTG,Innate lymphoid cells
L4_ACTGTCCTCTCATAGG,Non-classical monocytes
E2L1_TCATACTTCCAAGCAT,Effector CD8+ T cells
L5_GACTTCCTCATTGCGA,cDC1
E2L4_GTCATCCAGCTCGACC,CD4+ T cells
E2L2_CTTCAATAGGATTCAA,cDC1
E2L7_TAATTCCCAGCTGTTA,Effector CD8+ T cells
E2L3_CCGGGTAAGCCGGATA,B cells
L3_GCGGAAAAGAAGATCT,Plasma cells
L5_CAGTGCGGTGTCGATT,Naive T cells
E2L5_CTCAGTCGTACAGTTC,B cells
E2L6_ATCACGAGTTGCTCAA,NK cells
L5_GTATTTCTCGCTAATG,Naive T cells
E2L8_CCTCAACAGTGTTGTC,Platelets
L4_ATTTCACGTCTTCCGT,B cells
L1_TGAGCGCTCCTGCCAT,Effector CD8+ T cells
L3_ACAAAGACAACACACT,Hematopoietic stem and progenitor cells
E2L8_TGCTGAATCATCTATC,Innate lymphoid cells
E2L8_GATTGGTGTAACGGTG,CD4+ T cells
E2L1_GTTAGACAGCGCCTCA,cDC2
E2L1_ATGCCTCAGGGAGTGG,NK cells
E2L1_CAGCGTGGTCGAAGCA,B cells
E2L4_TGCTCCAAGGCATTTC,CD4+ T cells
E2L1_GTATTGGAGAGCATTA,Memory CD8+ T cells
L5_ATTCCCGTCCCTTCCC,CD4+ T cells
E2L3_GTGCTGGGTATCGAGG,NK cells
E2L1_CGCGTGAAGAGGATCC,Platelets
L4_GTTGAACGTCCAGCGT,CD4+ T cells
E2L5_GAGTCTAGTGTCCATA,Non-classical monocytes
E2L2_TGTGTGAAGACTAAGT,Plasmacytoid dendritic cells
L1_TGATTTCGTTTAAGGA,Effector CD8+ T cells
L1_CTCCATGGTCTTGAAC,Naive T cells
E2L6_TACCCACAGCTTTCTT,Effector CD8+ T cells
L4_CTATCCGCAAGACGAC,Naive T cells
E2L3_GTAGGTTGTTTGATCG,B cells
E2L8_CGAAGTTCATTGACTG,Plasmacytoid dendritic cells
L1_GAACTGTAGTATAACG,Non-classical monocytes
E2L8_TAACACGAGTGTTCAC,CD4+ T cells
E2L5_AACGAAACACGGAAGT,CD4+ T cells
L1_TGGGAAGTCCTCTAAT,Hematopoietic stem and progenitor cells
E2L7_ATACTTCCACTTTAGG,CD4+ T cells
E2L3_TAACACGTCAGTCACA,B cells
E2L2_TTTACCACATAGGTAA,CD4+ T cells
E2L3_GACTCAATCACTGGGC,Platelets
E2L4_GGACGTCTCTGACCCT,Plasmacytoid dendritic cells
L2_GCATCGGCAGTTTCAG,Effector CD8+ T cells
L4_GGAATCTTCCTGTAAG,Naive T cells
L4_TAGACTGGTCCAGCAC,B cells
E2L7_GGCGTCAGTTAGAGAT,CD4+ T cells
E2L8_CTTTCAAAGCCAAGCA,NK cells
E2L6_TTTCAGTGTCTGTGAT,Effector CD8+ T cells
E2L3_GTGTGATTCGATACAC,B cells
E2L6_CCAATTTAGCGCGTTC,NK cells
L2_TACAGGTGTCAAATCC,Naive T cells
L3_TGAATCGGTACATTGC,B cells
E2L6_CCTATCGTCCACGGAC,Proliferating T cells
E2L5_GTTGTAGGTGGACAGT,CD4+ T cells
E2L1_CTGTGAATCCCATAAG,B cells
L1_CACTAAGAGCAAGTGC,CD4+ T cells
E2L2_TGGGATTCACGCGGTT,cDC2
E2L7_AGTCTCCCATGACCCG,Plasmacytoid dendritic cells
L2_GACTCTCCATAACTCG,Naive T cells
E2L8_GCATGATCATGAATAG,Non-classical monocytes
E2L4_ATGGGAGGTCGTGGTC,Classical monocytes
L1_CTAACCCTCCAAGGGA,Proliferating T cells
L4_CCTCCTCAGTAAACAC,Naive T cells
L4_GACTCTCCAGCTCGGT,Naive T cells
E2L1_GCCAACGTCCTACCAC,CD4+ T cells
E2L5_GCGGAAATCCGTGGTG,B cells
E2L5_GTGTGGCAGCCTCAAT,
L2_TCCACGTGTATGGAGC,NK cells
E2L8_CTTGATTAGGACGCTA,Erythrocytes
L3_GCATGATAGATGACAT,CD4+ T cells
E2L4_TCTCAGCGTCATAAAG,Effector CD8+ T cells
E2L5_ATTTCACAGGCTGTAG,Memory CD8+ T cells
E2L2_GTTACAGAGTACCCTA,cDC2
L2_AACCATGTCGCCGAGT,
E2L5_TGCATCCTCTGCTTAT,NK cells
L5_CCTCCTCTCACCTTGC,Erythrocytes
L3_TTCTAGTCAGGAAGTC,
E2L8_CTGCTCACAGTCTGGC,Effector CD8+ T cells
L2_TCAAGCACATCAGCAT,NK cells
L5_CATAGACAGCTACGTT,NK cells
L5_TTACCATTCTTTCAGT,Naive T cells
L1_TGACTCCAGGGATCTG,Memory CD8+ T cells
E2L4_TGCGATATCCAATCCC,Plasmacytoid dendritic cells
E2L5_GATTCGATCGGCAGTC,Effector CD8+ T cells
L2_GTTAGACGTGAGACGT,Non-classical monocytes
E2L5_GTGTTAGTCGGTCTAA,Plasma cells
E2L3_TCGTCCAAGCCTCATA,Memory CD8+ T cells
E2L7_TGATGGTAGGTTCTTG,B cells
E2L7_ATGGTTGGTGGGACAT,CD4+ T cells
E2L7_ACTCCCAGTTGCTGAT,cDC1
L3_TACAGGTAGTTGCATC,Effector CD8+ T cells
E2L7_TAGGTTGGTCTGTCAA,CD4+ T cells
E2L2_GACCCTTAGGCACTAG,cDC1
L5_ATCTCTACAGTAACCT,Naive T cells
L4_TGTTACTGTTTAAGGA,B cells
E2L6_CACATGAAGAGCTTTC,NK cells
L3_TTACCATCACTACACA,Plasma cells
E2L1_GTGTGGCAGGTTACAA,
E2L5_ATTGTTCCACTCTGCT,Plasmacytoid dendritic cells
L5_TTACGCCGTCGCGTTG,Naive T cells
E2L1_CATTCCGGTGACCGTC,B cells
L3_TGCAGGCTCTAAGCCA,Classical monocytes
E2L5_TCAGTCCCACTTCAAG,NK cells
E2L4_CGCATGGGTAGCGATG,Effector CD8+ T cells
E2L5_GTGGAAGAGAAGCCAC,Proliferating NK cells
E2L5_GGGCTCAGTATTTCGG,Erythrocytes
E2L6_GGAATGGCAGCCTACG,B cells
L3_TACTTGTAGTCAGCCC,Plasma cells
E2L7_GTTTACTCAGAGAATT,CD4+ T cells
E2L4_GGAATCTCACGATTCA,Proliferating T cells
L1_TCATGTTGTCCTATAG,Memory CD8+ T cells
E2L8_TGTACAGTCGGTTAGT,B cells
E2L8_AGGGAGTCAGTGTGGA,B cells
E2L6_CTCAGGGGTCTTACTT,CD4+ T cells
E2L2_CCTTCAGAGGAGTATT,Plasmacytoid dendritic cells
E2L6_TCCTTCTCAAAGTGTA,Effector CD8+ T cells
L4_CATCGGGAGACTAGAT,CD4+ T cells
E2L6_GAACGTTTCGGACTTA,B cells
E2L6_TTGTTTGAGCATCAGG,cDC2
E2L8_GTTTGGATCGAGAGAC,Classical monocytes
E2L5_CCTGCATTCGTCGGGT,Innate lymphoid cells
E2L3_CTCCACAAGACAACTA,Effector CD8+ T cells
E2L6_CCTTGTGTCTGTCTCG,Classical monocytes
L1_TTGCGTCCATGTGACT,Effector CD8+ T cells
L5_GGGATGATCTTTCTAG,CD4+ T cells
L4_GATGATCGTGCTAGCC,cDC2
L3_ACGTAGTCATGCGGTC,Naive T cells
E2L4_CGAATTGCATCAGTCA,CD4+ T cells
L3_TCACGCTTCGCAGTCG,Plasmacytoid dendritic cells
L3_TACGCTCTCGGACGTC,Classical monocytes
E2L5_TTCGGTCGTGTGAGCA,B cells
L2_GAGGGTACAGACATCT,Naive T cells
E2L5_TAACCAGCATGTGACT,B cells
L5_TGCATGATCAACGAGG,NK cells
E2L4_TCATACTTCTTACACT,CD4+ T cells
L3_CTATAGGTCGTGCTCT,cDC1
E2L8_AAGACAACAGTAGAAT,Platelets
L4_AACGAAATCACTACTT,Classical monocytes
L4_CTTCTCTCATGCACTA,NK cells
L4_CTATCCGCACGGCCAT,Hematopoietic stem and progenitor cells
E2L3_GAGACTTAGTTGAAAC,Plasmacytoid dendritic cells
E2L2_CAGCAGCAGCCGTCGT,NK cells
E2L7_GAGAGGTCATCAGCAT,CD4+ T cells
L3_AAGATAGAGACTGAGC,Naive T cells
L1_ATTGTTCAGATAGCAT,CD4+ T cells
E2L5_GAATCGTTCTAGTGAC,NK cells
L4_AATGACCAGCCTCTGG,Hematopoietic stem and progenitor cells
E2L6_TTCAGGACATGCCGGT,Effector CD8+ T cells
L3_CGGTCAGCATAGCTGT,Plasma cells
E2L2_GTCAAACCAATTGCTG,Platelets
L4_CGAATTGGTCATGCAT,Naive T cells
E2L4_CCCATTGGTTCCTAGA,B cells
E2L3_TTCCACGTCGTAACAC,cDC2
E2L6_TTGAACGGTTTAGACC,Effector CD8+ T cells
L5_TGGATCATCTCGCTCA,CD4+ T cells
E2L4_TAAGCGTGTCACAGTT,NK cells
E2L1_AAACGCTTCGCCACTT,Non-classical monocytes
L1_TGTGCGGCAGTAGTTC,NK cells
E2L7_ATTCAGGCACGTAGTT,Innate lymphoid cells
L5_TCTATCACAGGTCCCA,Platelets
E2L5_TCCACCATCGAGATAA,CD4+ T cells
E2L5_GTTATGGCACGGCCAT,Plasma cells
L2_ATCGATGGTGGTGATG,Platelets
L3_CTATCCGTCCCGAGTG,CD4+ T cells
E2L4_TGTTCCGAGCTGGCTC,B cells
L1_TGGGCTGAGGATATAC,CD4+ T cells
L2_TGCGATAAGCATAGGC,Non-classical monocytes
L5_CCAATGAGTCCCACGA,Hematopoietic stem and progenitor cells
E2L8_GTTCGCTTCGTGCTCT,CD4+ T cells
L3_GATGGAGTCTCCGAAA,Memory CD8+ T cells
L3_TGACGCGGTTCCGTTC,Naive T cells
E2L5_GAAGAATAGAAATTCG,Effector CD8+ T cells
E2L8_CAACGGCAGAGAGAAC,Naive T cells
L3_AGTCTCCAGTGTTCAC,Naive T cells
L4_GACCAATCACATTACG,cDC2
E2L6_AGTGTTGTCGGCTGGT,B cells
E2L2_GTTGAACAGTTTAGGA,NK cells
L5_TTCACCGGTACCGTGC,Naive T cells
E2L8_TCTCACGGTACAGTAA,CD4+ T cells
L1_CCTCCTCGTGGTCTCG,Plasmacytoid dendritic cells
E2L6_CCTCTCCCAGGCATTT,Classical monocytes
E2L4_CACGTGGGTCTGTAGT,CD4+ T cells
E2L3_CTGTCGTTCGGACTTA,CD4+ T cells
E2L1_CGGAACCAGCGAATGC,NK cells
L3_CTCAAGAAGGCTAAAT,NK cells
E2L8_GTCACGGTCGTCCATC,Classical monocytes
L1_TTGAGTGAGGTACAGC,Naive T cells
E2L2_CTTGATTTCTATTGTC,CD4+ T cells
L5_TCGAAGTTCTGGTTGA,Memory CD8+ T cells
E2L8_TCAATTCTCCTACCGT,NK cells
E2L3_TGGTTAGTCAAGAGTA,Plasma cells
E2L8_GAGCCTGTCTCCACTG,CD4+ T cells
E2L5_CTTGAGATCGGACCAC,NK cells
E2L3_AATTTCCCACAGCGCT,CD4+ T cells
E2L1_TATTGCTCAATTCGTG,CD4+ T cells
E2L7_GCCGTGATCGGTCGGT,NK cells
L4_GTAACACAGGTAGTAT,Memory CD8+ T cells
L1_CATTCCGAGCAACTTC,Plasmacytoid dendritic cells
L2_TAGGTACAGAAACTGT,CD4+ T cells
L5_CCTGCATGTTTCGTGA,Naive T cells
E2L2_TCCGAAATCCTCTGCA,B cells
E2L5_TACATTCGTGACATCT,CD4+ T cells
E2L8_ATTTCACAGGTCGTAG,B cells
E2L5_ATGGTTGAGTGAGGTC,cDC2
E2L8_TCTAACTCACAGCTGC,cDC2
E2L3_GGGCTCACAGGCTCTG,Platelets
E2L7_CAGTGCGTCGCTCATC,CD4+ T cells
L3_GTAGAGGCAGGACATG,Hematopoietic stem and progenitor cells
L2_ATGCATGCAAGCACAG,CD4+ T cells
L2_ATGGGTTTCAGGCGAA,B cells
E2L2_CTCCAACAGCCGATAG,
L3_TTAGGGTAGATGTAGT,Non-classical monocytes
L4_TCCCATGAGTGTAGTA,Plasma cells
E2L3_TAACACGCACGACAGA,Plasmacytoid dendritic cells
L3_GGAATGGAGTTGTAAG,cDC2
L1_CATCCCATCCTCTAGC,Naive T cells
L1_TGTCCTGGTCGCACAC,CD4+ T cells
E2L5_ATTCCCGTCCGTATGA,Plasmacytoid dendritic cells
E2L5_GAACTGTTCGTACCTC,Platelets
E2L1_AACGGGAGTCATCTAG,cDC2
E2L6_CAGGGCTAGATTACCC,
E2L3_ATACCTTTCATTGCGA,B cells
E2L2_TGCAGATAGAGCAACC,NK cells
L5_GGGTCACGTATGTCCA,Plasmacytoid dendritic cells
E2L8_ATTCCTATCGGAAGGT,Memory CD8+ T cells
L4_GTCTCACGTGATATAG,Non-classical monocytes
E2L3_ATGGGAGTCATTCTTG,cDC2
E2L5_TAAGCGTAGAATGTTG,Non-classical monocytes
E2L8_TATCTGTGTAACGTTC,Effector CD8+ T cells
E2L2_AGGCTGCGTTGGCTAT,CD4+ T cells
E2L3_CTCCTTTCACGGTAGA,Effector CD8+ T cells
L1_ACGGTCGCATATCTGG,B cells
L5_TTGCCTGAGGAAGAAC,Effector CD8+ T cells
L4_TATCCTAGTCGTGGTC,Naive T cells
L3_CATCGGGAGTCCCTAA,Classical monocytes
E2L7_TCGAAGTGTGGTCTCG,Plasmacytoid dendritic cells
E2L1_CAGTTCCTCAACTGGT,B cells
L2_CTTCTCTGTCTGTGTA,Hematopoietic stem and progenitor cells
E2L6_TCACAAGAGCGGGTAT,Classical monocytes
E2L4_GACAGCCCATCACGGC,Proliferating T cells
E2L7_TCGTAGACAACCAATC,NK cells
L4_TACAGGTGTGATTCAC,cDC2
L2_TGGAACTAGTGGAATT,Hematopoietic stem and progenitor cells
L2_CGAAGGAGTCACCGAC,Effector CD8+ T cells
E2L5_CGTAGTAGTCCCTAAA,Proliferating T cells
E2L2_TTCTTGAGTGTTCCTC,CD4+ T cells
E2L5_TTGCGTCAGGTCACTT,Platelets
E2L5_GCTGAATTCTCTCGAC,Memory CD8+ T cells
E2L1_TCCGGGAAGGTTCAGG,Classical monocytes
E2L7_TTTCAGTCATGGAAGC,cDC2
L1_TCGAACATCCTCTAGC,NK cells
E2L2_GACCAATTCTGCTTTA,Effector CD8+ T cells
E2L5_TGAATCGCAAGTGGCA,CD4+ T cells
L1_TTCTAACCAATGCAGG,CD4+ T cells
L4_CTCAGGGGTACCTAAC,Effector CD8+ T cells
L2_CAGGGCTCATTGAGCT,Effector CD8+ T cells
E2L3_TGGTGATAGGGACACT,Platelets
E2L1_CACACAAAGGGAGGGT,Effector CD8+ T cells
E2L2_GAGCTGCGTGAACGGT,NK cells
E2L8_GGGATCCTCACCTTAT,Classical monocytes
E2L6_TCGTCCAAGACTCTAC,CD4+ T cells
E2L2_ATGCATGAGACGCCCT,B cells
E2L8_TGAGCATTCAGGTGTT,B cells
E2L3_ACGTACAAGCGTGTCC,B cells
L4_ATTACTCAGTAGAGTT,Naive T cells
L3_TTAATCCAGCACTAAA,cDC2
E2L6_CCTGTTGCAATTGCAC,NK cells
E2L7_GCCCGAAAGTTTAGGA,Innate lymphoid cells
L3_AGGGTCCAGTCGCCAC,Memory CD8+ T cells
E2L7_AACAAAGCACCTCAGG,NK cells
E2L6_CATCCCAAGCGTCAGA,cDC2
E2L4_GCAGCTGCAAACTAAG,cDC2
L3_ATGTCCCTCGCTGTTC,NK cells
E2L1_GGGTTATGTTTCACAG,B cells
L3_GATGACTGTCGTGGAA,Proliferating T cells
E2L3_CATTGCCTCAAGAATG,CD4+ T cells
E2L1_GAGACTTAGAGGCTGT,cDC2
L3_ACAGAAAGTCCAAATC,Plasma cells
E2L5_CAGCAGCCACACTTAG,Naive T cells
L1_ACTGTCCAGTGCAGCA,Naive T cells
L3_CCTAAGAGTCTCCTGT,Naive T cells
L2_CATTGAGGTCAGGTAG,Plasma cells
L3_GGTGAAGTCTGCCTCA,CD4+ T cells
E2L4_CATCGGGGTTGCTGAT,CD4+ T cells
L5_ATGCGATTCCAGTGCG,Hematopoietic stem and progenitor cells
E2L1_TGCACGGCAGTATGAA,Plasma cells
E2L2_TCCATCGAGTCTGCAT,B cells
L1_AGGAGGTTCCACTGGG,Plasmacytoid dendritic cells
L3_CCACGTTTCACGTAGT,Plasma cells
L5_AGCGTATAGTAACCGG,cDC1
E2L3_TACTGCCAGTGGTCAG,B cells
E2L3_TCCTAATCAGCTGTAT,Effector CD8+ T cells
E2L3_GCACATATCAAGTCGT,Classical monocytes
L5_TAGGTACGTTCAGCGC,Memory CD8+ T cells
E2L5_TGGTGATTCCAAGAGG,Platelets
E2L6_CCTTCAGTCACTTGGA,B cells
E2L4_AAGTACCCAGGCCCTA,Plasma cells
E2L1_GGCTGTGAGTTGGACG,Platelets
L1_CCTAAGAAGTTCTCTT,Plasma cells
E2L2_CCAAGCGTCGCAGATT,B cells
L4_GTCCCATCAAACTAGA,B cells
L2_CAGATACAGACGGATC,Naive T cells
L5_ACTTCCGCAGATTCGT,cDC2
E2L1_ACCCTCACACGATTCA,cDC2
L4_GGGCTACAGAGGTCAC,CD4+ T cells
L5_TTACGCCGTGAGTAGC,Non-classical monocytes
E2L2_TAGCACAAGCTAATCC,CD4+ T cells
L2_AGACAGGCAAATAAGC,Classical monocytes
L3_CACTGTCTCCTGTAGA,CD4+ T cells
L5_GACTTCCTCTCTCAAT,
L1_TTAATCCCAGGATCTT,Memory CD8+ T cells
L5_CAACGGCAGCTCACTA,Memory CD8+ T cells
L1_GTGGTTAAGAGCTTTC,B cells
E2L3_TCAGTTTCACTCCTTG,NK cells
L3_TACCTGCTCTGAGTCA,Erythrocytes
E2L2_TCAATCTCATCCTTGC,Proliferating NK cells
E2L8_GAACTGTCAATAAGGT,CD4+ T cells
E2L3_CGGGTGTTCTCCGAAA,Non-classical monocytes
L1_GGTGTTAAGATAGCTA,Innate lymphoid cells
E2L6_GGAATCTGTGACTGTT,Platelets
L3_TCAATCTGTCCGGTCA,Naive T cells
L4_CAAGAGGTCCGATTAG,Platelets
E2L7_TCAGTTTTCAAACCCA,cDC2
L1_CAATCGAGTCAAGGCA,Effector CD8+ T cells
E2L7_TCCCATGTCTTTGATC,Classical monocytes
E2L8_AGCGCCAAGTCCCGGT,Proliferating T cells
L3_ATCATTCGTTGACGGA,Plasma cells
L1_GTCTGTCCAGTACTAC,Naive T cells
E2L5_CGAAGGAGTGCATTAC,NK cells
E2L2_CCCTCTCGTACAAGCG,CD4+ T cells
L5_GAAGCGACAGGTTCAT,Hematopoietic stem and progenitor cells
E2L2_GGCTGTGAGACTCTAC,CD4+ T cells
L5_TGAGCATTCATTCGGA,Plasma cells
L4_TCCACCAGTACAGCGA,Effector CD8+ T cells
E2L8_CCACGTTCAGTAGTTC,NK cells
E2L5_TGGAGGACAATACCTG,Classical monocytes
E2L4_CGTCCATTCATTTCCA,cDC1
E2L8_TTGCATTGTACGGCAA,CD4+ T cells
E2L8_GGCAGTCAGAATCGAT,NK cells
E2L4_ACTGCAAAGCCTTGAT,cDC1
L1_ATCGTCCTCCGCTGTT,Naive T cells
L2_TCTATCATCGTCAACA,Naive T cells
L1_GAATCGTTCGGAGATG,Erythrocytes
E2L8_TCGCAGGTCGACACCG,cDC2
L4_GAATCGTAGCCGGAAT,B cells
L2_CGCAGGTTCATTCCTA,Effector CD8+ T cells
L5_CACAGGCCAGTTTCAG,CD4+ T cells
E2L2_GTAGTACCAGGTCCGT,CD4+ T cells
E2L5_GGATCTATCACGGGAA,CD4+ T cells
L3_GGCGTCAAGTGCACCC,Memory CD8+ T cells
E2L4_GTTTGGAGTGCCGTAC,Proliferating T cells
E2L8_AGAAGTAGTAGCTTGT,B cells
L2_ATTTCTGCAACTGCTA,cDC1
E2L5_AGAACCTTCGCTCCTA,Plasma cells
E2L7_GTAACACAGAGTTGCG,Plasma cells
L2_GCTACAAGTCTGATAC,Non-classical monocytes
E2L3_CTTCCTTGTTTGTGGT,Effector CD8+ T cells
E2L7_ATTACTCGTTGACGGA,Classical monocytes
E2L8_TCATGTTCATCGTTCC,B cells
L2_GAATCGTCAGTTGGTT,NK cells
L2_CTACAGACACACTGGC,Effector CD8+ T cells
L2_ACTGTGAGTGATACTC,
L3_CTTCGGTGTAGGTCAG,Naive T cells
L4_TACTGCCTCGAGGCAA,Innate lymphoid cells
L3_TCGACCTAGGGTATAT,Proliferating T cells
E2L7_CGGGTCACAGGCACAA,B cells
L5_TCACGCTAGGCCTTGC,Naive T cells
L2_TGTAGACTCGGCAGTC,NK cells
E2L7_ACACAGTTCTAAGCGT,CD4+ T cells
L5_TACCGAATCATGCATG,NK cells
L1_AGGAGGTTCGCTGCGA,Naive T cells
E2L4_GACCTTCTCCGCTAGG,B cells
E2L8_CTCAACCAGTAGGTTA,Effector CD8+ T cells
E2L3_GTGCTGGAGGTGAGCT,cDC2
E2L6_ACTGTGATCCACGGAC,cDC1
E2L8_AGGGTTTCAAATGATG,Classical monocytes
L5_TACACCCAGACTTCGT,Naive T cells
L1_GGGCTCAGTCTGTAGT,Hematopoietic stem and progenitor cells
L3_GTGGCGTCAATCTCGA,Effector CD8+ T cells
L4_TGGAACTAGTTGGCGA,Naive T cells
L2_AGAGAGCAGGTAGTCG,Memory CD8+ T cells
E2L8_TGGGTTAAGATAACAC,Platelets
L3_TTTCCTCGTCCAAAGG,Naive T cells
E2L3_CCCTGATAGTGTCATC,Non-classical monocytes
E2L1_GAAGGACGTGTCACAT,B cells
E2L2_GAGAGGTGTCGTCATA,CD4+ T cells
L3_GTCTTTACAAATGGTA,CD4+ T cells
E2L2_TTGAACGTCAGCAGAG,Plasmacytoid dendritic cells
L1_CAGATCATCGCTTTAT,Classical monocytes
E2L3_CTCCTTTAGGCCCACT,NK cells
L5_GACACGCGTTGCTTGA,Naive T cells
E2L8_GACGTTACAAATCCCA,Non-classical monocytes
E2L7_ATGCGATGTAGTAAGT,NK cells
E2L3_GCCTGTTCAAGACGGT,B cells
E2L4_CCTGTTGAGCTCGTGC,NK cells
L1_ATCACAGCACGTCGGT,Naive T cells
E2L3_CCTCCTCTCAAACGAA,CD4+ T cells
L5_AGTTCGAAGCCATTGT,Erythrocytes
E2L3_TGATTCTCAGGTCAGA,NK cells
E2L2_CACGTGGAGTCACGCC,Hematopoietic stem and progenitor cells
L3_TCATTACCAGAAGTTA,cDC2
E2L6_ATCACTTTCCGTGGCA,Plasma cells
L3_TTACGCCTCACGGGAA,Non-classical monocytes
E2L7_AGCTCAATCGCCTATC,cDC2
L2_GTGCACGCATGTAACC,B cells
E2L6_TCGTGCTTCGCAGATT,Memory CD8+ T cells
L5_CTGATCCGTGCAACGA,Non-classical monocytes
L5_TGATGCAAGCCGGATA,Memory CD8+ T cells
L4_GTTACAGCATTGCTGA,B cells
E2L6_GTGTTAGAGTGCAAAT,B cells
E2L2_GTCAAACAGTTACGAA,Classical monocytes
L3_TGGAGAGCATGAAGCG,Naive T cells
L2_CGAAGTTTCACCTGGG,NK cells
E2L7_ACCTGTCAGCATCGAG,NK cells
L1_TCCCACATCACGACTA,Platelets
E2L3_AAACGCTTCACCCTGT,Effector CD8+ T cells
E2L7_CAGTGCGGTGGAATGC,NK cells
L5_GCTGCAGTCATTGCCC,CD4+ T cells
E2L2_GTAGGAGAGGAGGGTG,B cells
E2L5_GCACTAAGTGACTATC,Non-classical monocytes
E2L1_ATTCAGGGTTGCGGCT,Effector CD8+ T cells
L3_TTCGATTCACGTACTA,Hematopoietic stem and progenitor cells
E2L7_CGGGTCACAGTTCACA,Effector CD8+ T cells
L2_GGTTCTCGTTTACCTT,CD4+ T cells
L1_TGGTGATGTTCTTGTT,B cells
E2L5_TCCACGTTCCGACATA,B cells
E2L3_CATCCCAAGGTAGGCT,Plasmacytoid dendritic cells
L5_TCTTAGTGTATGGTAA,NK cells
L4_ATCCATTGTAGCCAGA,
E2L3_AGAGAATCATGGGTCC,B cells
L5_GTTCGCTGTTACGGAG,cDC1
E2L2_TGTCAGAAGTTACTCG,B cells
L1_GCAGTTATCTCTCTAA,B cells
L1_AGCTACAGTATTCTCT,Hematopoietic stem and progenitor cells
L5_CGAGGAACAGCTAACT,B cells
E2L5_TCTCACGAGAGTCGAC,CD4+ T cells
E2L1_TCCTCGAAGAAGCGGG,Effector CD8+ T cells
E2L6_CAATGACAGCCTCCAG,CD4+ T cells
L4_TTTGATCAGCGACATG,NK cells
L4_ATGTCTTCATCGAGCC,B cells
E2L6_TGACAGTCAACAGCCC,Effector CD8+ T cells
E2L8_ACTTTCAGTCTTCGAA,Non-classical monocytes
E2L4_ACTCTCGAGGTTGAGC,Proliferating T cells
L2_CGGAATTCACTGGCCA,CD4+ T cells
L5_ACACAGTTCATGCCAA,Non-classical monocytes
E2L7_TTCCAATTCGGTAACT,Effector CD8+ T cells
L3_AAAGGATAGCGCCTAC,B cells
E2L2_TTGGGCGTCCCGATCT,Effector CD8+ T cells
L1_AGTACTGTCGAGAGAC,NK cells
E2L5_ACAGGGACAGTCAACT,cDC2
L5_TAAGTCGCAACACAGG,Naive T cells
E2L2_ACATGCAAGATCCTAC,NK cells
L4_CATTCATAGGATGTTA,CD4+ T cells
E2L4_TTCCGTGAGATAGGGA,CD4+ T cells
E2L5_CTTGAGACAGGCAATG,Memory CD8+ T cells
E2L5_ACACGCGCAGAAGCTG,B cells
E2L3_ATGATCGCAGCTATTG,Non-classical monocytes
E2L5_GACTGATGTGACAGCA,Proliferating T cells
E2L2_CGGAATTCACGATTCA,cDC1
E2L7_GATGCTAAGAGTGGCT,cDC1
L2_GATGGAGGTCGCACAC,Platelets
E2L3_ATGATCGTCTCTTAAC,NK cells
L3_TGAGTCATCTATTCGT,Naive T cells
L5_CATGGATCACTAGGTT,CD4+ T cells
L5_TGGAACTCATCCTAAG,NK cells
E2L8_CTTCAATTCTGCGGCA,CD4+ T cells
L5_TGATGGTTCGAGATGG,Naive T cells
L4_TCTTAGTCATGGAACG,CD4+ T cells
L4_GGGAGATTCTTCGATT,Classical monocytes
E2L7_GATCCCTTCTTCCACG,NK cells
E2L1_AACCTGAAGAGTGACC,CD4+ T cells
E2L3_TTCGCTGGTCCTATAG,B cells
E2L2_GAATCACAGACTAGAT,CD4+ T cells
L5_TTCTAGTCATTGCTGA,CD4+ T cells
E2L8_TGCCGAGCATTGACAC,Platelets
L3_CTTACCGCAGCTACTA,Naive T cells
E2L1_CAGGCCACAGACCAGA,Effector CD8+ T cells
E2L3_GCTTCACAGACCTCAT,B cells
E2L6_TCCATCGAGTCGGCAA,CD4+ T cells
L4_TCGGGACAGAAGTCTA,Plasma cells
L1_CATGCTCAGCAGGCAT,Hematopoietic stem and progenitor cells
L1_TCATTGTAGGGATCAC,cDC1
E2L6_TTGCATTCAATGCAGG,Non-classical monocytes
E2L4_GTTAGTGCATGAGGGT,B cells
E2L8_TGATCAGTCGGTATGT,Plasmacytoid dendritic cells
E2L5_GTAACCACAAGAAATC,CD4+ T cells
E2L4_CGGAACCAGACATATG,CD4+ T cells
L1_CAACGATAGAAGCGGG,NK cells
E2L7_GTGGGAAGTTCGAAGG,NK cells
L1_TACTTGTAGTTTGGCT,Naive T cells
L2_TTGACCCCAACGTTAC,Memory CD8+ T cells
L1_TTAGGCACAGTCGAGA,Effector CD8+ T cells
L4_CCTTGTGTCTGCTTAT,Memory CD8+ T cells
L4_CACAGGCCATGGCCAC,Naive T cells
L3_TCTATACTCCCGATCT,B cells
E2L4_ATTTCACTCTATCGTT,Innate lymphoid cells
L1_AGCCAGCAGAGAGTTT,NK cells
L2_CGAGTTAAGCGAGGAG,Plasma cells
E2L2_GTGCACGAGATTGATG,cDC2
E2L6_TTTGATCCAAGAGTTA,Effector CD8+ T cells
L1_CAAGGGATCTTTGATC,B cells
L4_AAGATAGTCAAGCTTG,cDC1
L1_TTTGTTGTCAGGAAAT,Plasma cells
E2L2_ATGGATCGTCAGTCTA,Plasmacytoid dendritic cells
E2L1_CAGTTAGTCCTCTTTC,cDC2
E2L8_AATCGTGGTCTTTATC,Effector CD8+ T cells
L4_GAATCGTCAGTTGCGC,CD4+ T cells
E2L3_CCTAACCCAGAGCCCT,B cells
E2L2_CGATCGGAGAATTTGG,Effector CD8+ T cells
L3_GAATAGAAGTAGTCAA,Hematopoietic stem and progenitor cells
E2L1_TTCTCTCTCTCACGAA,Plasmacytoid dendritic cells
L4_CTCATGCGTCGATTAC,CD4+ T cells
E2L1_CATCGCTGTGTATCCA,cDC1
L4_TTTCCTCCACAGTACT,NK cells
L5_CTCCTTTAGGAGAATG,Memory CD8+ T cells
L4_GGACGTCAGTAGCAAT,NK cells
E2L8_TTGACCCAGGCAGCTA,NK cells
L2_ATGTCTTGTCAGGAGT,Naive T cells
E2L8_GGTGAAGAGACCAGAC,Classical monocytes
E2L7_GGGACAATCATTCTTG,CD4+ T cells
L2_TCGAAGTTCGACACCG,Hematopoietic stem and progenitor cells
L3_ACCCAAAGTCGCGTCA,Naive T cells
E2L5_CAACCAATCACAGTGT,Plasma cells
E2L4_GTGATGTCACTTCATT,CD4+ T cells
L3_TCACGGGGTGACATCT,Hematopoietic stem and progenitor cells
E2L6_TAGATCGGTTCAAGTC,cDC2
E2L7_ACATCGATCATAGAGA,Effector CD8+ T cells
L3_GGCAGTCGTTGGGACA,B cells
L3_TGTTGGAAGGCAGTCA,NK cells
E2L5_CCACAAAGTAATGCTC,Plasma cells
L5_GCACATATCGGAACTT,Hematopoietic stem and progenitor cells
E2L5_ATGAAAGTCGACGAGA,Classical monocytes
E2L3_TAGTGCAAGAGTGGCT,NK cells
E2L3_TCCTGCAAGACGCCCT,Effector CD8+ T cells
E2L3_AGGTAGGAGGAGAATG,NK cells
E2L2_TGAGCGCTCGATTGGT,NK cells
L4_ATAGACCGTCAAGTTC,Proliferating T cells
E2L4_GTTGCGGTCACCCTTG,Effector CD8+ T cells
L1_TCCCATGCACCGGTCA,Classical monocytes
E2L3_CTGAGGCGTCGTCAGC,cDC2
E2L4_AGTAGTCGTGCAACAG,cDC1
E2L7_ACCAAACAGTGCACAG,NK cells
L4_CCATAAGCAATCAGCT,Effector CD8+ T cells
L5_TGTCCTGAGACAACAT,Effector CD8+ T cells
E2L3_TACGGTAAGCGTTACT,Plasma cells
E2L2_TGTACAGAGCGACTAG,cDC2
L4_TCCTCTTCATTGGATC,Naive T cells
L3_CTCAGTCTCAGTGTGT,CD4+ T cells
E2L2_TTTGTTGCATGAAGCG,CD4+ T cells
L5_TTCTGTAAGTGCGTCC,Naive T cells
E2L6_AATTCCTTCAGCTGTA,Proliferating T cells
E2L5_GGACGTCCAGAGAAAG,B cells
L5_TCTCAGCGTGAGCAGT,Classical monocytes
L1_TGCGATAGTATCGCGC,B cells
E2L6_TGGGCTGTCTATTTCG,CD4+ T cells
E2L8_GATAGAAGTGCGGCTT,CD4+ T cells
E2L5_CATCGCTCACACGCCA,B cells
L4_AGCGTCGCATCAGCGC,CD4+ T cells
E2L2_TGTCCACTCGGCTTCT,Plasma cells
L3_CGAGTGCTCTATCACT,Memory CD8+ T cells
E2L5_CTCAACCCATAGGCGA,Effector CD8+ T cells
E2L6_TACTTGTTCGTCCATC,Effector CD8+ T cells
E2L1_ATTGTTCCATATACCG,Effector CD8+ T cells
L2_TTTGGAGTCTTCCCGA,Naive T cells
E2L6_GGGCTCAAGGTTTACC,CD4+ T cells
E2L7_TCCGGGATCAAGCTTG,B cells
E2L8_CATACAGTCCCGGTAG,CD4+ T cells
E2L7_GGGACTCCAACGCCCA,cDC2
E2L6_TGCAGTAAGTTGTCAC,Effector CD8+ T cells
E2L2_CCCTGATTCGTGGCTG,Hematopoietic stem and progenitor cells
L5_TTTACTGGTACACGTT,Classical monocytes
E2L2_ACTACGAGTTTGGGAG,Classical monocytes
L5_ATCACTTGTCGTTGCG,Naive T cells
E2L8_AAGACTCAGCCTTCTC,Classical monocytes
L2_CTCCTCCTCATTTGGG,Classical monocytes
E2L8_AACAAAGGTACAAGTA,NK cells
L4_CATACAGAGATAACAC,Proliferating T cells
L2_CTAACCCAGACTCATC,Naive T cells
E2L3_TACGGGCCATCCTATT,Platelets
E2L8_GAAGTAAAGGGATCAC,CD4+ T cells
L4_ATCGGATCAATGCAGG,Plasma cells
E2L6_GCGTGCAGTGCTAGCC,B cells
L3_GCATCTCTCAAATGAG,Effector CD8+ T cells
E2L6_GAAGCCCCACAATGCT,Effector CD8+ T cells
E2L3_ACCCTCAGTCAAGCCC,cDC2
E2L2_CGCGTGAAGCTTGTGT,CD4+ T cells
E2L8_ATACCTTTCCTGTAAG,Innate lymphoid cells
L5_GGAGGATGTTCAGGTT,Plasmacytoid dendritic cells
E2L5_CTCAGAATCCCTTGTG,CD4+ T cells
E2L3_TTCAATCAGGCACGAT,Platelets
L2_CATTCCGTCTATGTGG,Hematopoietic stem and progenitor cells
E2L1_CGGTCAGCACCGGCTA,cDC2
L1_TATATCCCACCGAATT,Naive T cells
L4_TGTTCATTCATAGCAC,CD4+ T cells
E2L6_AGTAACCAGCGGGTTA,Plasma cells
E2L8_GTGAGGAAGCCGTTAT,CD4+ T cells
L1_GCAACATAGGTGCTAG,Naive T cells
E2L8_TTCGATTTCGAAGCCC,NK cells
E2L8_GTTGCGGCAATTCACG,B cells
L2_CTTCCGAGTGTTAGCT,
E2L7_TTACAGGTCGGACGTC,cDC1
L1_CACAACACATCAACCA,cDC2
E2L8_ACCTGTCCATGGATCT,B cells
E2L8_GTGGAAGTCCATGATG,cDC2
L1_CCAATGATCGATTGGT,Naive T cells
E2L4_CCTTGTGGTAACTAAG,CD4+ T cells
L4_TGTCCACTCAGGAACG,Effector CD8+ T cells
L3_GTTACCCGTTTCGACA,cDC2
E2L5_AGGGCCTGTGACACGA,B cells
L4_AATCGTGCACACTGGC,Plasmacytoid dendritic cells
E2L4_GGAATGGAGACCTCAT,Effector CD8+ T cells
E2L2_GTAGGAGCAACTCCAA,NK cells
E2L7_ACTGTGACACAGCTGC,CD4+ T cells
L3_CTTGATTCATTCAGCA,cDC2
E2L1_TGTGTGAAGGGTCAAC,B cells
E2L5_CGACAGCGTAAGGCTG,NK cells
L3_AGGGTGACACGACAGA,Plasmacytoid dendritic cells
E2L2_CTTCCGAGTCGACTTA,B cells
L4_CGATGGCAGGCGCTTC,Hematopoietic stem and progenitor cells
L3_CGATGGCCAGAACTTC,Hematopoietic stem and progenitor cells
L2_CGATGGCTCGCACTCT,Naive T cells
E2L5_TGCGGGTCAAGACGAC,CD4+ T cells
E2L8_CTGCAGGTCACTCGAA,Platelets
E2L5_GAAGGACGTGCGGCTT,Proliferating T cells
L4_GTAATCGAGCTAGAAT,B cells
E2L8_TCATCATAGTGGAATT,Non-classical monocytes
L3_TCATCATGTAGTAAGT,Naive T cells
E2L4_GCAGGCTGTCCTACGG,Plasma cells
E2L1_GAGGCAAAGATGAAGG,NK cells
E2L1_CCGTTCAAGTGTAGTA,B cells
E2L6_GGGAGTACACCATAAC,B cells
L5_GTAGGAGGTAGAGACC,Effector CD8+ T cells
E2L2_CCCTGATTCAATGCAC,NK cells
E2L1_TGGTGATCAGACCTAT,Effector CD8+ T cells
L2_CTGTATTGTTGCTTGA,Naive T cells
E2L1_TGATCAGCATGTTTGG,cDC1
E2L8_ATTTACCAGATAGCAT,CD4+ T cells
E2L1_ATTGTTCGTAGATGTA,Effector CD8+ T cells
L3_CTGGACGGTACAGGTG,Plasmacytoid dendritic cells
E2L6_TTTGACTGTTTCGGCG,Effector CD8+ T cells
E2L4_CGATGGCAGAGATGCC,Effector CD8+ T cells
E2L7_TCCTTCTCAACCCTCT,Non-classical monocytes
E2L2_TTCGATTTCTCAGTCC,Plasmacytoid dendritic cells
L2_GTGGTTAGTTCGGTAT,CD4+ T cells
L3_CAGTTCCAGTAAGACT,Effector CD8+ T cells
E2L3_TTCCTTCGTGCGGCTT,B cells
L2_TGTCAGAGTCCTCAGG,Naive T cells
E2L6_ACCATTTGTGGTACAG,CD4+ T cells
E2L4_GTAGAAACATGATGCT,Memory CD8+ T cells
E2L6_ACTTATCCAGTCCGTG,Classical monocytes
L4_GCCATTCAGTACCGGA,Naive T cells
E2L4_AGAACAAAGGTCGTCC,CD4+ T cells
E2L7_ACTTCGCAGGCGAACT,Proliferating NK cells
E2L3_TACTTCATCCACACAA,Plasmacytoid dendritic cells
L5_GGCGTCACATAGGTAA,Naive T cells
L4_CGAGAAGGTCCGAAAG,Naive T cells
L5_ACCCTTGGTGGCAACA,CD4+ T cells
E2L4_GTAACCAAGGCGATAC,CD4+ T cells
L5_GAAGGACGTCATGACT,Memory CD8+ T cells
L2_GAGGGATGTGAGTGAC,Naive T cells
E2L1_AAGGTAAAGTACGTCT,Effector CD8+ T cells
E2L7_CACTGGGTCATTTACC,B cells
L3_GTTACCCTCCTAGCTC,Innate lymphoid cells
E2L4_GACCGTGAGGATGGCT,Non-classical monocytes
E2L6_ATTCATCCAATAGTGA,Effector CD8+ T cells
E2L5_TTACGTTTCCCGTGTT,Plasma cells
L3_ACGGTCGAGGCCCAAA,Plasmacytoid dendritic cells
L1_GATTGGTTCTCTGCTG,
E2L2_GAGGGATTCGGCTGGT,CD4+ T cells
L3_GGGCTACAGGTGCTTT,NK cells
E2L6_GTACAGTAGTAAACGT,CD4+ T cells
L2_CCCATTGCAGCGTACC,Effector CD8+ T cells
L1_ATTTCACGTGAACTAA,cDC1
L5_GACGCTGTCGACGCTG,Effector CD8+ T cells
E2L3_CTGCCTACATTGACTG,CD4+ T cells
L4_TGAGGGAGTCGGAACA,Platelets
E2L8_TTGATGGCAGATTTCG,B cells
E2L1_CCGGTGAGTAAGATAC,B cells
E2L8_AGTGACTCAACGTTAC,cDC1
L1_AGGGCCTCACAACATC,CD4+ T cells
L2_TCTTTGACATCCGAAT,Naive T cells
E2L7_CTCAGTCGTGCGAACA,Plasmacytoid dendritic cells
E2L5_CATTGTTTCTCTCTTC,NK cells
E2L3_TTAGTCTTCTCGGTAA,Non-classical monocytes
E2L5_CATTGTTAGTGTTCAC,Plasmacytoid dendritic cells
E2L4_CAAGCTACAATCCTAG,Effector CD8+ T cells
L3_TTAATCCGTTGTATGC,Effector CD8+ T cells
L1_TTCTAGTTCCGATGCG,Effector CD8+ T cells
L3_TTCTGTAGTCCTGTCT,Plasmacytoid dendritic cells
L2_TGTCCACGTGAGAACC,Memory CD8+ T cells
E2L5_GAGACCCAGTCACGAG,CD4+ T cells
E2L2_AGACAAAGTGACATCT,B cells
E2L5_AGGGTCCAGGGTACAC,CD4+ T cells
E2L4_AAAGGGCTCTGGACCG,Memory CD8+ T cells
E2L8_ACTTCCGGTTAAACCC,cDC2
E2L5_ATAGAGATCAGTGCGC,Plasmacytoid dendritic cells
E2L4_ACATCCCGTACTCAAC,Platelets
L1_ACTATTCAGAGGCGGA,B cells
L1_TCGTGCTGTCTTTCTA,Naive T cells
E2L1_CAGTTAGCAACATACC,NK cells
E2L7_CTGTCGTCATGGAGAC,cDC2
E2L3_TTTCATGAGAGGCTGT,Platelets
E2L3_TCTCTGGTCGCTGCGA,Classical monocytes
E2L6_TCGGGCAGTGGCATCC,Naive T cells
L1_CTCCCAAAGAGTCGAC,Innate lymphoid cells
L1_CTTCTAAGTATCGATC,NK cells
E2L1_AGAGAGCAGCGGATCA,Effector CD8+ T cells
E2L2_TGAGTCAGTCCTTAAG,Innate lymphoid cells
L5_GACCAATCACGTATAC,
E2L5_GTAGTACCAGGCACAA,Platelets
L5_ATGCGATAGGAACTCG,Naive T cells
L2_AACCTTTAGAATAACC,NK cells
L5_TGAGTCAAGTTTCGAC,Naive T cells
E2L1_TGGAACTTCGGACAAG,Effector CD8+ T cells
E2L3_CGTTCTGGTTACACTG,CD4+ T cells
L1_TATTGGGGTTCCTAGA,cDC2
L3_TGCAGATTCGAAATCC,B cells
L5_AGACAAAGTGATTAGA,Proliferating T cells
L3_TCGGGCAGTGCCTATA,CD4+ T cells
L1_CAATCGACAGGTTCCG,Non-classical monocytes
L3_CCTCTCCAGGTTGCCC,Hematopoietic stem and progenitor cells
L4_TGCTCGTGTACAGTAA,CD4+ T cells
E2L8_TTGATGGTCACACGAT,cDC2
E2L3_CGTAAGTGTAAGACCG,Effector CD8+ T cells
E2L6_CACCAAACACAGTGTT,Effector CD8+ T cells
E2L2_GTGTAACCACTCAAGT,Non-classical monocytes
E2L4_ATGCCTCTCGGCAGTC,CD4+ T cells
L1_AGACCCGGTCTGATCA,Effector CD8+ T cells
L5_TCAGTTTCACGGCGTT,Naive T cells
L4_GGTGTCGCAGCTACCG,Naive T cells
E2L2_ACACTGAAGACTCCGC,Non-classical monocytes
L5_CGGGTCATCCTTGAAG,NK cells
E2L8_CTCACTGAGGTAACTA,NK cells
E2L7_GAGGGTACACGTCATA,B cells
L1_ACATTTCTCACGGGAA,Classical monocytes
E2L8_GAGTGTTGTTAAGGAT,CD4+ T cells
L3_AGTCACAAGTAATCCC,Naive T cells
E2L7_GCCAGTGTCCTGCTAC,Platelets
E2L5_CTAAGTGCAAGACGGT,Classical monocytes
E2L2_AGTACCATCTGGGCAC,NK cells
E2L5_GTGTCCTTCACTTTGT,NK cells
L2_CTCAGTCCATCCGGCA,Naive T cells
L5_TTTACTGGTCGTGCCA,Classical monocytes
E2L4_AGCTCAAAGATGTAGT,cDC2
L5_TTCCTCTAGGTCATTC,Memory CD8+ T cells
E2L3_CGGAGAAAGCCGATCC,CD4+ T cells
L5_TGCTCGTTCGAGCCAC,Innate lymphoid cells
E2L4_AGCCAATCAGAGAGGG,CD4+ T cells
E2L3_AGGTTACTCTATACTC,Plasmacytoid dendritic cells
L1_TATATCCGTAGCGTTT,Naive T cells
E2L8_GCCAGCATCCGATAGT,B cells
E2L7_ATCGCCTCAACGACAG,Platelets
E2L7_ATTATCCGTCTCTCAC,CD4+ T cells
L1_AAGCGAGAGAAATTCG,Naive T cells
L5_GGCTTGGTCGAGCCTG,Effector CD8+ T cells
L5_TCGAAGTAGACCATAA,Naive T cells
E2L8_ACGTCCTAGGTGAGAA,Effector CD8+ T cells
E2L7_TCTTAGTTCGCATTGA,cDC1
E2L8_TTCTGTATCACTGGGC,Classical monocytes
L1_ATTTACCAGGCCTGAA,CD4+ T cells
E2L1_CCGGTAGAGACATAAC,B cells
L3_ACTTATCTCACGGACC,CD4+ T cells
E2L3_AGTTCCCTCGACCATA,CD4+ T cells
L3_GTAACCACAAAGACTA,NK cells
L1_TCAGTTTAGCCTTGAT,Naive T cells
E2L1_CGAGGCTCAAGGTCGA,CD4+ T cells
L3_CCCGAAGCACGACGTC,CD4+ T cells
E2L6_GTCATGAGTTGCACGC,Effector CD8+ T cells
E2L4_AACCATGTCTGCGATA,NK cells
L5_TACCGAAAGCCACTCG,Hematopoietic stem and progenitor cells
L4_CTCCTTTTCAAATAGG,Naive T cells
E2L4_GTGGTTACAGGGTTGA,Plasma cells
L2_AGGAATATCTCTGAGA,CD4+ T cells
L3_TCATGGAGTCACAGTT,Naive T cells
L3_TATTTCGGTCAACCTA,Innate lymphoid cells
E2L5_TATCTTGTCCATTGTT,B cells
L2_AGTAACCTCTCTTCAA,cDC2
E2L6_TCGTCCAGTCAAATCC,Effector CD8+ T cells
E2L1_GCCATGGGTCCTACGG,Proliferating T cells
L2_CTAACCCCACAGTGAG,Effector CD8+ T cells
E2L4_GGTGGCTTCTCTAGGA,
E2L2_ATTCTACCACCTGCAG,cDC2
E2L7_AGACCATTCGTAGTCA,NK cells
E2L2_TTATTGCAGCCAAGGT,CD4+ T cells
E2L8_ACCCAAACAGGTGGAT,B cells
E2L2_AGATCGTTCGTGTGAT,NK cells
E2L5_AAGGTAATCGACATAC,cDC2
L1_GAACTGTAGCAGGCAT,Plasma cells
L1_ATGGATCCAGTTAGAA,Effector CD8+ T cells
L3_GCGAGAAAGATCCAAA,CD4+ T cells
L1_GATCACAAGCATTGTC,Memory CD8+ T cells
L5_CCGTTCATCAACCTCC,cDC2
E2L4_GATGACTGTCAATGGG,Non-classical monocytes
L2_CGAATTGTCGTCACCT,Platelets
L5_GTCAGCGGTCACAATC,
E2L2_GACACGCTCCGCATAA,Proliferating T cells
L2_TTACCGCCATGGAATA,NK cells
E2L7_ACTTAGGTCCGTCCTA,NK cells
L1_TTAGTCTCACGCCAGT,Innate lymphoid cells
E2L8_TCGGATAGTAGCGTCC,CD4+ T cells
E2L2_CACTAAGAGTTCAACC,Innate lymphoid cells
E2L7_GTTACAGGTGATCGTT,Effector CD8+ T cells
E2L1_TTACCATTCGGACTGC,Classical monocytes
E2L6_CTAACCCTCACTTTGT,CD4+ T cells
E2L6_TAACGACAGAGAAGGT,CD4+ T cells
L2_AATGGAATCCCAGTGG,Memory CD8+ T cells
L4_TCACTATGTGTGTCGC,Naive T cells
L5_GTAGCTAAGCACACAG,Plasmacytoid dendritic cells
E2L6_GAAGCCCTCCAAACCA,Classical monocytes
E2L2_ACGTAGTTCCATCTCG,B cells
E2L7_TGTCAGATCGCCGAGT,CD4+ T cells
E2L2_CCTGCATCAAATTAGG,CD4+ T cells
L1_TGACAGTTCTACTTCA,Proliferating T cells
L5_GTTGTAGAGTCATGGG,B cells
L4_CCCATTGTCAGCTGTA,Hematopoietic stem and progenitor cells
E2L7_ACATTTCGTTGCTCCT,cDC2
L1_ACTCTCGCAGGTTCAT,Naive T cells
L5_CTGAGGCAGCTGTTCA,Naive T cells
L1_TTGTGTTCAATTGGTC,Effector CD8+ T cells
L5_AGTCTCCCATCCTTCG,Naive T cells
E2L2_ACAGAAAGTCGATTTG,Plasmacytoid dendritic cells
E2L5_TGACAGTCATGTGCCG,Effector CD8+ T cells
L5_GCACGTGAGTCGCCAC,NK cells
L5_TGAATCGAGCTCCGAC,B cells
E2L7_GACAGCCTCGCCACTT,B cells
E2L8_GTTTGGACATGTTCAG,Plasma cells
L3_CCTACGTCAGTCTACA,Naive T cells
L3_TTGCATTCATTGTCGA,Naive T cells
E2L4_TCATGTTTCAAGGTGG,B cells
E2L5_CATCCACCACGCCACA,Platelets
E2L2_TTCGCTGAGGTCGTCC,B cells
E2L7_GAATAGACATGCAGGA,B cells
L4_CCCATTGTCGAGAACG,
E2L6_CCGTGAGGTAGACACG,B cells
L4_TCCCACAAGCACACCC,B cells
L2_TCACGGGCAAGCTGTT,Effector CD8+ T cells
L1_CCCTGATTCGACCACG,Naive T cells
E2L7_TGAATCGGTGGTGATG,cDC2
E2L6_ATTTACCCAACTGAAA,CD4+ T cells
L2_CTCTCGAAGCAAATCA,NK cells
E2L8_AGATGAAAGTGGCGAT,NK cells
E2L5_GTGGTTAAGCGACATG,Plasmacytoid dendritic cells
E2L5_CTCCAACGTCCACACG,CD4+ T cells
L3_GTGTAACGTGCTCTTC,Naive T cells
L2_GGTTGTATCAGAACCT,Proliferating T cells
L1_GCCGTGACAATACCTG,Hematopoietic stem and progenitor cells
E2L1_CGGACACTCTTGGCTC,Plasmacytoid dendritic cells
E2L6_ATTACTCTCCCGGTAG,NK cells
E2L3_ATGACCAAGGATTTCC,CD4+ T cells
E2L2_CGGAGAACACGGATCC,NK cells
E2L1_TTTGATCCAAAGACTA,Non-classical monocytes
L5_GCTTGGGGTGCATGAG,Proliferating T cells
E2L4_CAGTGCGCATGTCAGT,B cells
E2L3_ATCCCTGTCGTTGCCT,Plasma cells
E2L2_GAGTTACCATAACCCA,cDC2
L2_TGTGCGGGTACAAGTA,Erythrocytes
E2L5_TTGGTTTTCCATTGGA,B cells
E2L3_ATCACGATCCCAACTC,cDC1
L2_TGCTCCATCGACGCTG,CD4+ T cells
E2L8_ATGGAGGAGTCTAGAA,Non-classical monocytes
E2L8_TCATGTTTCTTGAGCA,CD4+ T cells
E2L2_TCAGGTAGTTGCTCCT,NK cells
L4_CCTCATGAGGGTACGT,NK cells
L5_ACCACAATCCCTTCCC,Hematopoietic stem and progenitor cells
E2L7_CATAGACCAATGTTGC,NK cells
L2_ATCGTGAAGTATAGAC,Naive T cells
L5_TACAGGTCACTGGCGT,Plasma cells
L4_CACTAAGTCTACCCAC,B cells
L5_AAGATAGCATAGATCC,Hematopoietic stem and progenitor cells
L4_CTGGCAGCACAGTCCG,CD4+ T cells
L3_GTATTGGGTGATAGAT,Naive T cells
E2L4_AGGTAGGAGGAAGTCC,Naive T cells
L1_TCGTAGATCGGCTTCT,Erythrocytes
L4_ACGATCACAAGTCATC,cDC2
E2L5_TCTTAGTGTCGTATGT,Plasma cells
E2L1_TATTGGGGTATGGAAT,B cells
E2L2_GACTGATGTACGTGAG,Plasmacytoid dendritic cells
L5_CAGATTGAGGTCCTGC,NK cells
L5_TGGGCTGCAGAGCCCT,Naive T cells
E2L2_TAGACCAGTTAAGTCC,cDC2
L2_TCTATACAGTTGTCAC,Memory CD8+ T cells
E2L1_ACGGAAGAGTAGTGCG,B cells
E2L7_ATCCGTCGTTCGAGCC,NK cells
L3_TGTTCATGTGTTTACG,Naive T cells
L5_ATTTCTGCACAAACGG,B cells
E2L2_CTGTAGAGTCCAGCGT,NK cells
E2L3_TTTCAGTGTGTCCACG,Proliferating T cells
E2L7_ACGCACGTCGATACAC,Innate lymphoid cells
L1_CGTAGTATCCAGCACG,Plasma cells
E2L7_ACCTACCCACCAGCTG,B cells
E2L8_AAGATAGCAAGAAACT,Non-classical monocytes
E2L7_CATTGCCTCGCAGAGA,B cells
E2L7_TCTTCCTAGACGCCAA,Plasmacytoid dendritic cells
E2L2_ACTCTCGAGCTAGCCC,Platelets
E2L2_TCCTCGACATTCATCT,NK cells
E2L1_ATCGATGTCAGAACCT,B cells
L5_TGAGGAGGTACTCCGG,Hematopoietic stem and progenitor cells
L2_CTAGGTAGTATCAGCT,Hematopoietic stem and progenitor cells
L2_CCTAAGAGTTGTTGCA,Plasmacytoid dendritic cells
E2L6_AATGGAACAAGCGAGT,cDC2
L4_CTAACTTGTTGTGGAG,Erythrocytes
E2L8_GTTGCTCAGCTGTGCC,
E2L1_AGTAACCTCTCGAACA,NK cells
E2L8_ATGAGTCGTAACATAG,NK cells
L1_CTGTAGAAGACCGCCT,cDC1
E2L4_AAGGAATTCTGGGCCA,cDC2
L4_AGTAACCGTGGCTAGA,CD4+ T cells
L3_AAGCGTTTCGGTCTGG,Classical monocytes
E2L6_CGGTCAGTCACAACCA,Effector CD8+ T cells
L4_AACACACGTGCGCTCA,Hematopoietic stem and progenitor cells
L2_AGGAAATCACTGCATA,Naive T cells
E2L3_CCCGAAGGTAAGGCTG,NK cells
L1_ACCCTCAAGATGAATC,Hematopoietic stem and progenitor cells
E2L7_TGTTGGAAGTAACCTC,B cells
E2L4_GCAGCTGGTGGAACAC,B cells
L5_GTTGTCCTCGTAGCTA,Naive T cells
E2L7_TGTTCTATCAGGTAAA,CD4+ T cells
L2_ACGTTCCTCTAGTGTG,Naive T cells
E2L8_GAAACCTCATCGTCCT,Plasmacytoid dendritic cells
E2L8_AGAACAATCTATCGCC,Non-classical monocytes
E2L2_CAACGGCCAATTCTTC,B cells
E2L1_GCCAGGTGTACAGTCT,B cells
L5_CCCGGAAGTCGCAGTC,Naive T cells
E2L6_AAACGCTCAAGTTTGC,Classical monocytes
E2L5_TAGACTGTCCAGCAAT,cDC2
E2L6_TATACCTAGTGTGTTC,Effector CD8+ T cells
L5_ATCAGGTTCATAGGCT,Effector CD8+ T cells
E2L7_AACCCAAGTTAACCTG,CD4+ T cells
E2L6_CAGAGCCAGAGCATAT,B cells
E2L4_TTTCATGCAAGGAGTC,Non-classical monocytes
E2L8_ACTGTCCTCATCGACA,B cells
L2_AACCTTTTCCCATACC,Naive T cells
L3_GAGTTGTTCGGCTTGG,Effector CD8+ T cells
E2L7_CTCCCTCCATGGTACT,cDC2
E2L2_CCATAAGCATCAGCAT,Non-classical monocytes
L3_GGTGATTCAGTAACGG,Naive T cells
E2L7_GCAGCCAAGACCTCCG,Memory CD8+ T cells
E2L4_TAGGGTTCACGTAGTT,B cells
E2L7_GTACAGTTCCGTTGGG,Innate lymphoid cells
E2L6_GAAGGGTAGGATGCGT,Classical monocytes
L1_GCCAACGCAAGACCTT,Classical monocytes
L1_TGTTGAGGTGTAAATG,Naive T cells
L4_CCTTGTGCAGCAGAAC,NK cells
L1_AGTGACTCACCTGCAG,NK cells
E2L2_AAGACAAAGGTTACCT,Classical monocytes
E2L4_TACTTCACATCCCGTT,B cells
L3_AGGGTCCAGGGCTAAC,CD4+ T cells
E2L2_AGGTCATCATCCTCAC,Memory CD8+ T cells
E2L2_AGGGAGTTCCATTGTT,Platelets
L1_TGGAACTGTGTTCATG,Effector CD8+ T cells
E2L4_ATTCTACTCTTACACT,B cells
E2L7_CCCGAAGAGGGCCAAT,NK cells
L2_GGGTCTGAGGGAACAA,Naive T cells
L1_TGTTACTGTATGCGGA,Platelets
E2L8_TTCACCGGTCGCACAC,Effector CD8+ T cells
L4_CGTAATGCATAACGGG,CD4+ T cells
L2_CTGCAGGGTTTATGCG,Naive T cells
E2L4_GTTCTATTCGCATGAT,B cells
E2L5_CTGAATGGTGTACAGG,Effector CD8+ T cells
E2L5_ATTGGGTGTCGAACAG,CD4+ T cells
E2L7_CCTAAGACATTGAAGA,cDC2
E2L4_GGGTCTGTCGTACACA,CD4+ T cells
E2L6_AGAACCTCATACCACA,cDC2
E2L4_ATCGGATCAAGCACAG,B cells
E2L4_CGAGGAATCACGAACT,NK cells
E2L5_GTTATGGGTGACTGTT,CD4+ T cells
E2L6_GATCCCTGTGCAATAA,Innate lymphoid cells
E2L8_ATGGAGGTCAAGGCTT,Proliferating T cells
L5_TCTACCGGTTCTGACA,Memory CD8+ T cells
E2L2_TCAGCCTCATTGCCGG,CD4+ T cells
E2L5_GAAGTAAGTGCCGGTT,cDC2
L2_AACAAAGCAATAACCC,Platelets
L3_CAACGGCGTGCACAAG,Naive T cells
L2_CTTCCTTAGTAGTCAA,Naive T cells
L5_TCCTCTTGTCGGCCTA,Memory CD8+ T cells
E2L7_GGAGCAACACACGTGC,Platelets
E2L6_GTGGAGACAGAACTAA,Platelets
E2L4_TTTCCTCCATTAAAGG,cDC2
L3_ACAAGCTCATAGGTTC,Effector CD8+ T cells
E2L7_ACATCCCGTATTTCCT,B cells
E2L1_TTCTAACGTGTACATC,NK cells
L5_GACATCAAGCTCTATG,Naive T cells
L3_ATCGTCCCATCAGCAT,Non-classical monocytes
E2L1_TCGGATAAGACATCAA,Classical monocytes
L2_TTAATCCGTAGTTACC,Naive T cells
E2L6_GAAGAATCAGGGAGAG,NK cells
L2_AGAACCTTCCCTTTGG,Plasma cells
E2L5_TTAATCCCACTACACA,CD4+ T cells
E2L5_CTCCCTCAGCCATATC,Proliferating NK cells
E2L4_CACTGAACATGCCGCA,Classical monocytes
L4_ACTTCCGAGTACTGTC,Naive T cells
L1_CCCTGATTCGTGACTA,Naive T cells
L2_GTAAGTCGTAGCACGA,Plasma cells
E2L4_GTCGAATCAAAGGGTC,Effector CD8+ T cells
E2L2_TATCCTACATTCTTCA,Non-classical monocytes
L3_GTCATCCGTGCACATT,Plasma cells
E2L5_TTTCATGAGAATAACC,Memory CD8+ T cells
L3_ATGACCAAGTACTGGG,Naive T cells
L1_GTATTTCTCGTCTCAC,B cells
E2L2_GAATCGTAGAATGTTG,CD4+ T cells
L1_CACGTGGGTGTTACTG,Naive T cells
E2L5_CACGTTCTCCCATTCG,CD4+ T cells
L1_CGAGAAGAGCCAAGTG,Naive T cells
E2L5_GTACAACAGGTTATAG,Proliferating T cells
E2L1_GGTTAACTCCATCAGA,NK cells
E2L3_TCATGAGTCTAGACCA,NK cells
L5_GCGGAAAAGAGCCCAA,Effector CD8+ T cells
E2L6_GTGGCGTAGGGATGTC,NK cells
E2L4_TCACGGGAGTGACCTT,Classical monocytes
L3_AGAAATGTCTACTGCC,Memory CD8+ T cells
L2_CACATGATCGGTTCAA,Hematopoietic stem and progenitor cells
E2L1_ACTTATCGTTCCGCAG,Platelets
L5_AGTGATCTCCACTGGG,Plasma cells
L5_TGCGACGCATGTGCTA,Platelets
L4_GATAGAACAAGCAGGT,NK cells
E2L6_TATATCCTCCCGAGGT,NK cells
L4_ATCGATGCATCGGTTA,Effector CD8+ T cells
L2_GACACGCCAAATCAAG,Naive T cells
L5_TAGCACAGTATGGAAT,Naive T cells
L1_ATCATTCAGAATCGAT,Naive T cells
E2L1_ACAACCACACGCGCTA,Effector CD8+ T cells
E2L6_ATGACCAGTGAATGTA,Plasma cells
L4_TTGTGGAGTTCGCGTG,Hematopoietic stem and progenitor cells
L1_TACGGGCCAAGGACAC,Naive T cells
E2L2_TTCAATCAGAACTGAT,Innate lymphoid cells
E2L3_TCAGTTTAGCTTTCTT,Proliferating T cells
E2L7_AATCGTGGTAGGTACG,CD4+ T cells
L3_CTTCGGTCAGACTGCC,Proliferating T cells
L3_CTGGTCTAGACATCAA,Naive T cells
L3_GTCACGGAGAGAGAAC,Naive T cells
L1_TGCACGGAGTATGCAA,Plasma cells
L4_TCAGCCTCAGGATTCT,Classical monocytes
L3_GAAGAATTCTCAGGCG,CD4+ T cells
E2L6_CAGCGTGTCCATTTGT,cDC1
E2L2_TGACGCGAGCCTTTCC,NK cells
E2L3_ATCGGCGCAGACCTGC,Memory CD8+ T cells
E2L7_TTAGGCATCGTACACA,CD4+ T cells
L5_AGGCCACAGAGCCCAA,cDC1
L5_CTAACTTGTACAGTAA,
E2L4_GGAACCCCAGAGAATT,B cells
L5_CTACAGATCCGTTGAA,NK cells
E2L1_TATCTTGCATCGGAAG,Classical monocytes
L1_GATTCTTAGGCTCTAT,Memory CD8+ T cells
L4_TCATTGTGTGAGACGT,Platelets
L2_ATTCACTCAACCGACC,Hematopoietic stem and progenitor cells
E2L2_AGAGCAGTCTGCACCT,Innate lymphoid cells
L2_TGTTACTAGGGACACT,Plasma cells
L4_CATTTCAGTTTCACTT,CD4+ T cells
L5_CTGTACCGTTACCCAA,Naive T cells
L1_ATGAAAGGTGTGCTTA,cDC2
L3_ACCACAACAACTCGTA,Memory CD8+ T cells
E2L2_TTACGTTAGCACCGAA,Platelets
L3_ATCCACCCAGTAGGAC,B cells
E2L5_AAGTACCAGATAACAC,CD4+ T cells
L1_TTTGACTAGTGTAGAT,Effector CD8+ T cells
L4_AGCGATTAGACGTCCC,CD4+ T cells
L3_TCCACGTAGGAGAGTA,Effector CD8+ T cells
E2L1_AAGCCATCAGTTGTTG,CD4+ T cells
L5_CACTAAGCACAAACGG,Classical monocytes
L4_GTCTAGAGTATAATGG,Naive T cells
L1_CTTGATTTCGGTGTAT,NK cells
L4_AACAAGATCCATCGTC,Proliferating T cells
L5_AAATGGAAGCGAGTCA,cDC2
E2L7_AGATCCATCTATTTCG,B cells
E2L2_ATCGGATGTTGGGACA,Plasmacytoid dendritic cells
L1_GGTAATCTCGTAGGGA,Plasma cells
E2L8_GAAGCGAGTCGAGATG,NK cells
E2L6_TAGACCATCCTGTAGA,NK cells
E2L6_TCCCAGTCAGTGCCTG,Plasmacytoid dendritic cells
E2L2_AGTCAACGTATCGTAC,CD4+ T cells
E2L1_CTATAGGAGGGCATGT,CD4+ T cells
E2L4_AGAGAATAGACCATTC,B cells
L5_CTGCTCACACTCCGGA,Naive T cells
L5_ATTCCTACACGCCACA,Effector CD8+ T cells
E2L1_GCCAGCATCGAAGCAG,CD4+ T cells
L4_GAGTCATAGAGGGTCT,Non-classical monocytes
L4_TCCATGCGTACTGAGG,Memory CD8+ T cells
E2L7_TAATTCCGTAACAGGC,NK cells
E2L3_AAGACAACACGACGAA,cDC1
E2L7_ACACTGATCCCTCGTA,CD4+ T cells
L1_TACGCTCAGTCGCTAT,Naive T cells
E2L5_AAGCATCGTAGTTACC,B cells
L1_CACAACAAGACAACTA,Memory CD8+ T cells
L4_TATGTTCGTTTAGAGA,Non-classical monocytes
L5_CTGATCCGTCCAGAAG,Hematopoietic stem and progenitor cells
E2L3_CAGGCCAAGTCTGCAT,NK cells
E2L7_ACCACAACAACTTCTT,CD4+ T cells
E2L6_GATCAGTTCATGCCAA,Platelets
L3_GTTGCGGAGACCGCCT,
L4_TCGTGCTGTAGAATAC,Proliferating T cells
L3_TAGAGTCTCTATTTCG,Classical monocytes
L1_CTACTATGTTCCACGG,cDC1
E2L4_TAATCTCAGACGCCAA,Proliferating T cells
L5_TTACTGTTCGCCTTGT,B cells
E2L2_TATTTCGAGTTGTCAC,Erythrocytes
E2L4_CCTTCAGCATCTTAGG,Proliferating T cells
E2L7_GTTGCGGAGCCTCGTG,B cells
L1_CTCTGGTCAGTAACCT,Naive T cells
L2_TCTTCCTAGCAGGTCA,Naive T cells
E2L4_AGTGCCGCACACTTAG,CD4+ T cells
E2L3_ACACAGTTCGGAGCAA,Memory CD8+ T cells
E2L6_CCGTTCATCGTTACCC,CD4+ T cells
E2L6_AAGCATCCAGAACGCA,CD4+ T cells
L1_CTACCTGGTCTGATCA,CD4+ T cells
L5_CGTGCTTAGACAGCGT,Classical monocytes
L2_TCTACCGGTTACACTG,B cells
L3_CACACAACATACAGCT,NK cells
L4_AGGTGTTGTAGCGCTC,Hematopoietic stem and progenitor cells
E2L6_GGCAGTCAGCGATGAC,CD4+ T cells
L2_CGTTGGGCACATGGTT,Innate lymphoid cells
E2L5_CTCTCAGCAAGCCTGC,B cells
L4_CTATAGGTCGTCTACC,Naive T cells
L2_TAGGTTGCACATGGTT,Memory CD8+ T cells
L5_TATCAGGGTGACGTCC,Memory CD8+ T cells
L1_TTGTTCAGTAGATCGG,Naive T cells
L3_TCTACCGCATGCCGGT,Naive T cells
L3_TGATTTCCATTCTGTT,B cells
E2L3_CTGTAGACATGATGCT,cDC2
E2L6_GAGATGGCAGTCACGC,cDC2
L2_ATCACGACACTGATTG,Plasma cells
E2L3_GACCCAGAGCCGGAAT,Effector CD8+ T cells
E2L4_ATCCACCGTGCTTCAA,cDC2
L2_GCAGCTGTCTCCCAAC,Naive T cells
L1_CGAAGTTGTCGTGCCA,Naive T cells
L4_AATCGTGCAGTCAGTT,CD4+ T cells
E2L7_TCAGTGAGTACGATGG,Effector CD8+ T cells
E2L5_TCTCCGATCCGTACGG,Effector CD8+ T cells
L2_TATTGCTGTTAAACCC,Erythrocytes
E2L2_CGGAATTGTTCGGACC,CD4+ T cells
E2L5_AGGATAACATGACGGA,NK cells
L5_TCTGCCACAGGTGTTT,Proliferating T cells
E2L2_TCAGCAAAGAACAAGG,cDC2
E2L1_TCCTAATGTATCGTAC,NK cells
L2_TCACAAGTCCTCATAT,Erythrocytes
L2_TTACCATCATCGTGGC,Non-classical monocytes
E2L2_TCAGGTAGTAGTCTTG,Non-classical monocytes
E2L2_GGAACCCCATTCTGTT,Proliferating NK cells
L4_ACGTTCCTCAACGAGG,Proliferating NK cells
L4_TCGTGGGCAGCTGAAG,NK cells
E2L8_CTCAGTCCAGACGATG,Plasma cells
L1_GGTAATCTCTCGAGTA,NK cells
E2L1_TGGGCTGAGCCAAGGT,Effector CD8+ T cells
L4_ATCTCTAAGTACTGGG,CD4+ T cells
E2L6_ACCTACCAGCGCCTCA,CD4+ T cells
E2L8_TGGGATTTCGCTCTAC,NK cells
E2L5_TGTGCGGTCCATTTAC,Plasmacytoid dendritic cells
L5_CATGCCTGTAACAGTA,Naive T cells
L1_AATTTCCAGAGGCTGT,Hematopoietic stem and progenitor cells
E2L1_GGCGTCATCCTAGAGT,CD4+ T cells
E2L8_GTACAGTAGCCTGAAG,Effector CD8+ T cells
E2L1_ACTATCTTCATTGGTG,cDC2
E2L7_GAGGCAACAACGTATC,Plasma cells
L2_AGGCTGCAGAATAGTC,Effector CD8+ T cells
L5_CTCCTTTGTCAGTTTG,NK cells
L4_GGGTGAATCACAACCA,CD4+ T cells
L1_TCTTAGTAGCCTTCTC,Naive T cells
E2L7_GGGCCATCAAGTAGTA,Plasmacytoid dendritic cells
L4_CAACGATAGGTGCCAA,Non-classical monocytes
E2L5_TGGGAGAAGACTCGAG,CD4+ T cells
E2L5_CTCTCAGAGTGTACCT,Classical monocytes
L1_AATTCCTCACTCAGAT,Hematopoietic stem and progenitor cells
E2L5_TACGTCCTCTAATTCC,Platelets
L5_GTTACGAAGGACTTCT,NK cells
L3_ATGAGTCCAAATACGA,B cells
E2L6_CATGCTCGTATCACCA,B cells
L5_CTAGGTAAGCGAGTAC,Naive T cells
L4_GCTACCTAGCGGGTTA,Naive T cells
E2L7_TAGACCACAGGAATCG,Classical monocytes
E2L3_GTTGCTCGTCTCGCGA,NK cells
E2L3_CCTATCGCATTGCTGA,CD4+ T cells
E2L5_ATCGGATCACAACATC,Plasma cells
E2L3_TCGATTTCACAGCCAC,CD4+ T cells
L3_CATGCTCTCAGGAACG,Naive T cells
E2L6_AGGCCACGTGGCTTAT,NK cells
E2L4_ATCGTCCAGCAAGCCA,B cells
E2L7_TGCAGTATCGTCTACC,NK cells
E2L5_GTCTGTCTCACCCTTG,NK cells
E2L6_AGTGTTGCAACCGGAA,CD4+ T cells
E2L1_GCGGAAAGTGACATCT,Memory CD8+ T cells
L5_CTCACTGTCGTGTGGC,cDC1
L2_TCGGGACTCGGCTATA,Hematopoietic stem and progenitor cells
L1_GCTTGGGCATGACTCA,Memory CD8+ T cells
E2L3_GACTCTCCATACTTTC,Classical monocytes
E2L8_CACATGAAGTGGATAT,Effector CD8+ T cells
E2L1_CGGACACAGCGTGCTC,CD4+ T cells
E2L8_GAGGCAACAGGCAATG,Proliferating NK cells
L3_TACGTCCGTATCCTTT,Non-classical monocytes
L1_CGATCGGGTGATACCT,
L2_TGTAGACCACCTGCGA,
E2L1_ATGGTTGCAGCAAGAC,cDC2
L2_TTGGTTTAGCGTGTTT,cDC2
E2L4_GGTGTTAGTGCATACT,Effector CD8+ T cells
E2L5_CATCAAGTCTGGGCAC,Effector CD8+ T cells
L3_CATTGCCGTATGTCCA,Erythrocytes
E2L2_CGTTCTGAGATTACCC,NK cells
L1_TGTTCCGGTAGTCTTG,cDC2
E2L3_ATCACTTGTTGTACGT,NK cells
E2L3_CTATCTACAGCGTGCT,NK cells
E2L1_CGTTAGACACACGTGC,Innate lymphoid cells
L3_CTGGTCTAGGTTATAG,Naive T cells
E2L2_CATGCCTGTGTTTGCA,cDC2
L3_AGCTTCCTCGCTTGAA,Memory CD8+ T cells
L3_CTTCGGTTCTGAGTCA,Plasma cells
L4_CTGTAGATCAACTCTT,Naive T cells
E2L7_TCGCTTGAGGACAACC,Platelets
L4_TCAAGCATCTCACCCA,NK cells
L4_TCCGGGACACATATCG,Proliferating NK cells
L5_CAAGACTGTCAGTCGC,CD4+ T cells
E2L2_TCACTCGTCATTATCC,Effector CD8+ T cells
E2L4_TAGCACAAGACGCATG,B cells
E2L4_TTCGGTCAGCACCAGA,Non-classical monocytes
E2L4_TTTAGTCTCCTTCTTC,CD4+ T cells
E2L5_GAGGGTATCGTAACCA,B cells
E2L1_TAAGCGTAGCACCGAA,CD4+ T cells
E2L6_GCCCGAAAGGTTACCT,cDC2
L2_AGCTCAAAGTCCCGAC,Proliferating T cells
L2_CTACTATCAAGACCGA,cDC2
E2L2_TCGAACATCTTAAGGC,Memory CD8+ T cells
L1_CCTAACCGTCCGGTCA,Classical monocytes
L4_ACAACCATCAAAGACA,CD4+ T cells
L3_CCCTAACAGCGTGCCT,NK cells
E2L7_TGCGACGCACAGTCCG,B cells
L1_GGCACGTAGAACAGGA,cDC2
E2L5_AGCTCAAAGCTATCTG,Plasmacytoid dendritic cells
E2L3_AGCGATTGTGATCATC,B cells
L2_TTAGGGTAGAGAGCGG,Erythrocytes
L1_GCAGGCTCACAAATCC,cDC2
E2L7_TTTACGTAGACAACAT,CD4+ T cells
L3_CCTATCGAGCTCTTCC,B cells
E2L3_GTTACGAAGCGGTAGT,Non-classical monocytes
E2L8_GATGTTGAGACGGATC,Innate lymphoid cells
E2L8_ACTGTGAGTACTGACT,Effector CD8+ T cells
E2L3_TACCCGTTCATACAGC,Proliferating T cells
L4_CCACACTAGTGATGGC,Platelets
E2L3_GCATCGGCAGGGCTTC,CD4+ T cells
E2L2_TTTGATCGTTAACAGA,Non-classical monocytes
L3_CATAGACAGCAGTACG,cDC2
E2L6_CGTCAAACATAGGTTC,CD4+ T cells
E2L4_TCCATGCAGCTAGATA,Classical monocytes
E2L7_CATCCCATCCATACTT,CD4+ T cells
E2L8_TTGTTTGAGTACAACA,B cells
E2L4_GGGTGAAGTACAAGTA,CD4+ T cells
L4_AACAACCTCCTGTTAT,Non-classical monocytes
L2_GTGTTCCTCGTTATCT,Memory CD8+ T cells
E2L4_AACGGGAGTCTTACTT,B cells
E2L6_GCCGATGAGATGGGCT,B cells
L4_ATGAGGGAGTATAGAC,Memory CD8+ T cells
L1_TATCTGTGTGACTGTT,Naive T cells
E2L2_CGGAGAAGTCATCAGT,Innate lymphoid cells
E2L4_CCCAACTTCTGTTGGA,Non-classical monocytes
L4_TCATGGAGTCCGCAGT,Plasma cells
L5_CACGGGTAGTCCCTAA,Plasmacytoid dendritic cells
E2L1_CGCATAAAGTAGACCG,Effector CD8+ T cells
L2_ACAGGGAGTATTGGCT,CD4+ T cells
L3_AGTAGTCTCGATGGAG,CD4+ T cells
E2L5_AGTGATCTCAAACGTC,Plasma cells
E2L8_TTCAGGAAGGCCCACT,CD4+ T cells
E2L8_GAACACTTCTAGCCTC,cDC1
L4_CTCAACCGTACAGAAT,CD4+ T cells
E2L5_ACCCAAAGTTAGCGGA,cDC2
E2L3_GCTGCAGAGCCTGAGA,NK cells
E2L8_GTGTTAGTCCCTCGAT,B cells
L3_TGCATGAGTGGATCGA,Non-classical monocytes
E2L2_GCCATGGGTCCCAAAT,NK cells
L3_TTGTTTGTCTCTCGCA,CD4+ T cells
L1_TGGTTAGGTACGTAGG,Naive T cells
L3_TCGAAGTTCTGTCTCG,Effector CD8+ T cells
E2L2_CCACCATAGTACGAGC,Effector CD8+ T cells
L5_ATTCACTTCCTACGGG,Hematopoietic stem and progenitor cells
E2L1_GTCAGCGAGCACTAAA,CD4+ T cells
E2L5_ACAGAAAGTAACAGTA,NK cells
E2L6_GACCCAGTCATTTGCT,cDC2
E2L5_TTCGATTGTCTGATAC,Hematopoietic stem and progenitor cells
E2L1_GTCAAACCAGATTTCG,Innate lymphoid cells
E2L4_TGAGCATTCTTTGCTA,CD4+ T cells
L3_GGTAATCGTTATAGAG,Naive T cells
L1_TGTTCATTCACACCCT,Naive T cells
E2L4_TTAGTCTGTTCACCGG,cDC2
E2L6_ACAGCCGAGTCACTCA,Platelets
L2_CGTGTCTAGAAATGGG,Classical monocytes
L2_GAAATGACAGGTTCGC,Memory CD8+ T cells
L2_TTGCCTGTCGCACGGT,CD4+ T cells
E2L5_TACTTCAGTTAGGCTT,CD4+ T cells
L5_CAACCTCCACCTGTCT,cDC2
L1_TGCGGGTCATCCAATG,Memory CD8+ T cells
L4_AAAGGTAAGGAACGCT,NK cells
L3_AGGAAATTCTACGCGG,NK cells
E2L5_TGAGTCATCCCGAGAC,Platelets
E2L8_GTAATGCTCGCCAATA,cDC2
L4_AGAGCCCAGTGTCATC,CD4+ T cells
E2L2_TGCTCGTAGATGAACT,Platelets
E2L8_CCTTGTGTCACTCACC,cDC2
L2_CACGTGGGTCCTCATC,B cells
L2_CTGGCAGGTGCATCTA,Proliferating T cells
L3_TTACGTTGTTGTGGCC,Naive T cells
L5_GGTAACTTCGCAATTG,
L3_ATCCGTCCAAAGGCAC,Plasma cells
E2L6_GATGGAGAGACGATAT,cDC1
L1_GACTCTCAGACTCCGC,B cells
E2L8_GTAACCATCTGAATCG,B cells
L5_AGGAAATAGACCACGA,Naive T cells
L2_ATAGGCTCAAGTATAG,Hematopoietic stem and progenitor cells
L4_TTGTTGTCACAGACGA,NK cells
E2L1_TTGACCCCAGGAATCG,CD4+ T cells
E2L6_AGGCTGCTCATCTATC,B cells
L1_TGTGGCGTCGAAGCCC,Naive T cells
E2L3_AGATCCATCCCGAGGT,Innate lymphoid cells
L4_GTGCAGCAGCGCCTTG,Memory CD8+ T cells
E2L6_ACCGTTCTCCTAGCGG,Effector CD8+ T cells
L3_GTGCTGGGTAATCAGA,Effector CD8+ T cells
E2L1_GCCAGCAAGAGGCCAT,CD4+ T cells
L2_AAAGGGCAGCAATAGT,Naive T cells
L5_GTTTGGAAGGTCGACA,NK cells
L1_TTGACCCAGATGGTAT,cDC2
L5_CTGTATTGTTTCTTAC,Memory CD8+ T cells
L1_ATTTCTGGTAGCGTAG,Naive T cells
L4_ACTTCCGAGCCTAGGA,NK cells
E2L7_TCCTTCTCACAGTATC,Plasmacytoid dendritic cells
E2L2_CTGTAGATCTTGAACG,B cells
E2L1_ATCACTTGTATCTTCT,CD4+ T cells
E2L2_GGCACGTCAGAGAATT,B cells
E2L5_GCGAGAATCCTGTTGC,Effector CD8+ T cells
L1_TCGACCTCACTCTGCT,Naive T cells
E2L2_CGGACACAGTAGACAT,NK cells
E2L2_AGATAGATCCCATTCG,B cells
L2_GGATGTTAGTATGTAG,CD4+ T cells
L3_AGTGATCGTGTACAGG,Effector CD8+ T cells
E2L2_GCCAACGTCGAGTGAG,CD4+ T cells
L2_ATGGGAGGTGACACAG,NK cells
L4_GTGCAGCCAGCATTGT,Naive T cells
E2L5_GGGCGTTCAGACAATA,Classical monocytes
L4_CTCCTTTCATTGGATC,Naive T cells
L3_TGGAGAGCACCAACAT,B cells
L5_TGTACAGTCCTGGTCT,Hematopoietic stem and progenitor cells
L4_GTTATGGCAAGACGGT,CD4+ T cells
L1_CACAGATCATGGCACC,Naive T cells
L2_GCAACATTCAGCGGAA,Naive T cells
L4_AGTACTGTCTTGATTC,CD4+ T cells
E2L6_TGTTCCGCACCGGCTA,cDC1
L3_TTGGATGGTCGTGGAA,Naive T cells
L1_AGGTGTTAGCCTATCA,NK cells
E2L8_TGTAAGCCATGGAATA,cDC2
E2L7_GTTCTATTCAGATGCT,Effector CD8+ T cells
E2L3_TTGCCTGGTTCCTAAG,CD4+ T cells
L3_CCTCATGTCCACATAG,Naive T cells
L3_GTGGCGTAGCTGAGCA,NK cells
L5_ATTACTCCACTACTTT,Hematopoietic stem and progenitor cells
L1_GCCGATGTCGATTGGT,Naive T cells
E2L8_GTTCCGTTCGACCTAA,B cells
L5_CGTAAGTCAGTATTCG,NK cells
E2L3_ATGAAAGCAGCAGGAT,Proliferating T cells
E2L8_GAATAGATCCGAGGCT,B cells
E2L8_TGGCGTGAGGACGCAT,CD4+ T cells
E2L5_CCTAACCCAGGGAATC,Platelets
L5_CCCAACTTCACCGGGT,NK cells
E2L2_ACTGATGGTTAGTTCG,NK cells
L5_CTACAGAAGGATATGT,Naive T cells
L4_GACAGCCGTGATAGAT,Naive T cells
E2L6_AACCTGAGTCTCCTGT,Non-classical monocytes
E2L6_ATGATCGAGAACAAGG,Non-classical monocytes
E2L5_TCTCCGACAGAGCCCT,CD4+ T cells
L5_CTAGGTATCTACCTTA,
L3_TGTGAGTCATCACGGC,Naive T cells
E2L3_GTGGAAGAGTCCTGTA,Classical monocytes
L1_TCCTGCAAGACGGTCA,Classical monocytes
L1_ACCGTTCGTTGTTGAC,Memory CD8+ T cells
E2L1_AGAGCAGTCGACGACC,CD4+ T cells
L4_TGACAGTTCTTCGTGC,
E2L4_CCTTTGGGTCGGCACT,Effector CD8+ T cells
E2L3_GCACGGTGTAGTCGTT,Effector CD8+ T cells
E2L4_TGTCCTGGTCGTCGGT,B cells
L3_GACCCAGCATCCCACT,Plasmacytoid dendritic cells
L2_TCACACCCAGTTAAAG,Naive T cells
E2L7_CCTAAGAGTCAACCTA,Plasmacytoid dendritic cells
L2_TGTACAGGTCTTACTT,cDC2
E2L8_GCTACAATCTCTGCCA,CD4+ T cells
L5_AAGACAATCCGGTAGC,Naive T cells
L2_AGCCACGAGACATACA,cDC2
E2L3_GGTGTCGTCTGAGAGG,Effector CD8+ T cells
E2L3_AGGATCTTCTCATGCC,B cells
L4_TTGGGATCACTAGAGG,Naive T cells
E2L3_CCGTAGGAGCCACTCG,CD4+ T cells
L4_AAAGGATAGCCGAACA,Plasmacytoid dendritic cells
L3_ACCACAATCCTACGAA,B cells
L3_TGCTGAATCCGCAGTG,NK cells
L4_ACTCTCGTCCGATGTA,CD4+ T cells
E2L2_TCTCCGAGTACGTACT,Effector CD8+ T cells
L2_TTACGTTGTGATTCAC,Classical monocytes
L1_AAAGTCCTCCAACCGG,CD4+ T cells
E2L2_TCACTATGTGATGAAT,CD4+ T cells
L1_CGGGCATAGACTACCT,Naive T cells
L2_CAGTGCGGTAGATTGA,CD4+ T cells
L5_CAGGCCAGTCCCGCAA,CD4+ T cells
L4_GTGCTTCGTTGTTGAC,Hematopoietic stem and progenitor cells
E2L4_GTTACAGTCGCGAAGA,Proliferating NK cells
E2L7_GTTTGGAGTGATGGCA,B cells
L2_GACATCAAGCATCAGG,CD4+ T cells
E2L1_CATCCACGTCCGGACT,Non-classical monocytes
E2L1_TCCAGAAAGGCATCAG,NK cells
E2L5_CAGATCACAAAGGGCT,Platelets
E2L1_TTGACCCTCAACTTTC,Effector CD8+ T cells
E2L5_CGGAACCTCAATCTTC,CD4+ T cells
L1_CGGGCATGTAATGTGA,Memory CD8+ T cells
E2L1_AACCACATCTATGTGG,NK cells
E2L4_TGACTCCCATAGGAGC,CD4+ T cells
L4_AACCTGACACTCCGGA,NK cells
L3_GACGCTGCAGAGATTA,Hematopoietic stem and progenitor cells
E2L7_CGCAGGTGTAAGGCCA,B cells
E2L8_CATTCTAGTGTCCTAA,Plasma cells
E2L7_AGTCATGGTGTCCAAT,Non-classical monocytes
L2_TATATCCTCTGGACTA,Naive T cells
E2L8_ATGATCGTCTTACCAT,CD4+ T cells
E2L2_TCATTGTGTTCCCACT,Memory CD8+ T cells
E2L1_ATGGGAGCATGACACT,
E2L2_ATCAGGTAGGGTGGGA,CD4+ T cells
E2L7_GTTGTGAAGTAACGAT,Plasma cells
L3_GGAGATGTCTCGGGAC,Naive T cells
E2L5_GATGTTGGTAGAATGT,Hematopoietic stem and progenitor cells
E2L1_AGGATCTAGAACAGGA,B cells
L1_TCAAGACGTTACGGAG,Non-classical monocytes
L4_CGGGTGTCACGGCTAC,Plasmacytoid dendritic cells
E2L5_AAAGGATTCGGTGTAT,CD4+ T cells
L3_CGTTCTGGTAGCGTCC,Effector CD8+ T cells
L5_ATCGGCGAGAGAGTGA,Innate lymphoid cells
E2L2_AGTCACACATAGAGGC,B cells
L2_GTAGAGGCACCGAATT,Hematopoietic stem and progenitor cells
E2L6_AGGGCTCAGCTGACAG,CD4+ T cells
L2_GGGAAGTTCCATTTCA,Naive T cells
L3_CATCGCTCATTCACAG,CD4+ T cells
L1_TAGAGTCCACATGGTT,B cells
L5_TACAACGCAACGTAAA,CD4+ T cells
L1_GTTCTATCAGCGAGTA,
E2L2_TCATTCAGTGGAAATT,CD4+ T cells
L1_GGTGTCGGTTAAGAAC,B cells
E2L1_ACGGTTATCCGTGTAA,B cells
E2L4_CTCATCGAGATTTGCC,NK cells
E2L1_TGGAGAGGTCCGGCAT,CD4+ T cells
E2L6_TCCTTCTCATTGGGAG,B cells
E2L2_CATGGTAAGTCTAGAA,CD4+ T cells
E2L1_CATCAAGAGGGCAGGA,Non-classical monocytes
E2L6_CATACCCCAGAGTTGG,CD4+ T cells
E2L5_AACACACGTCTAGATC,cDC2
L1_TGACTCCCAGCTCTGG,Classical monocytes
L3_GATCGTAAGGTTGACG,Memory CD8+ T cells
E2L6_CAATTTCTCTGGGCCA,CD4+ T cells
L2_GCAGTTATCTAACGCA,Naive T cells
L1_TTGCTGCAGCCTCTGG,CD4+ T cells
L3_TTGATGGTCAAACCCA,Classical monocytes
E2L6_GATCATGGTCAGACTT,NK cells
E2L4_GCTCAAACATGTGGCC,Effector CD8+ T cells
E2L3_CTTCTAATCCGTACGG,Classical monocytes
L4_TTCACGCGTTACAGCT,B cells
L3_AGAACCTAGCCTGTCG,Naive T cells
E2L3_TCGGTCTCAATGAACA,Classical monocytes
L5_CATCAAGCAGCGCTTG,CD4+ T cells
E2L3_CATAAGCCACGAAAGC,cDC2
L1_CCGGACAGTTTCGATG,Naive T cells
L2_TACCTCGTCCGTTGGG,Naive T cells
L2_TACCGAAGTGTTGATC,Plasma cells
L5_AAGACAAGTGGACTGA,B cells
E2L4_CTGAATGAGGCGTTAG,CD4+ T cells
L1_TCGTGCTAGATTGCGG,NK cells
L4_ACGTTCCTCAAAGCCT,Hematopoietic stem and progenitor cells
E2L3_CAACCAAAGCTTCATG,Classical monocytes
L1_TCTGGCTAGACCGCCT,Naive T cells
L5_GGGAAGTCAGGGCTTC,CD4+ T cells
L5_TTATTGCTCCTGGGAC,Platelets
L4_ACACGCGAGTCGTCTA,Memory CD8+ T cells
E2L8_GACCGTGCAACTCATG,NK cells
E2L6_CTACCTGGTCGGATTT,B cells
E2L5_GCATCTCTCGAAGCAG,CD4+ T cells
L1_GATTGGTTCGCCTTGT,Plasmacytoid dendritic cells
L2_ACTGCAATCTACGCGG,Proliferating NK cells
E2L8_ATGAAAGTCCATTGGA,CD4+ T cells
L1_AACTTCTCAGAGGCTA,Naive T cells
E2L6_CCGTTCAAGGCATGGT,Classical monocytes
E2L2_GTTGCGGTCTACTCAT,Effector CD8+ T cells
L4_TTACTGTCACTCAGAT,Non-classical monocytes
E2L4_GTCGCGACAGAAGTTA,B cells
L5_GGAAGTGAGTCCGCGT,Naive T cells
L5_TCTACCGCAACTAGAA,cDC1
E2L6_GGCTTTCTCAAATGCC,CD4+ T cells
L3_TACAGGTTCCTGGGTG,Naive T cells
E2L5_CAGATCAAGAGTGTGC,Effector CD8+ T cells
L5_CTCAGAAGTCTTAGTG,Memory CD8+ T cells
E2L8_AATCACGTCTCATGCC,Effector CD8+ T cells
E2L5_TTCCTTCCACTTGGCG,Platelets
L3_GTACAACAGTCACTCA,NK cells
E2L7_TGCGACGTCAAATGAG,CD4+ T cells
E2L7_CTCAATTGTATGGGAC,Hematopoietic stem and progenitor cells
E2L5_TCTCACGAGCTTAAGA,CD4+ T cells
E2L7_GCTACAACATGGGCAA,Effector CD8+ T cells
L5_CTAAGTGAGCATGATA,Naive T cells
E2L4_TGGGATTTCCAGTTCC,CD4+ T cells
L2_TTCGATTTCCACGGAC,CD4+ T cells
L1_AGGCCACTCAATCTCT,Hematopoietic stem and progenitor cells
L4_CCGTAGGAGGGAGGGT,Effector CD8+ T cells
E2L5_TCCATCGCATGCCGGT,Effector CD8+ T cells
E2L1_AGACCCGGTTGTGCAT,NK cells
L2_CTCCATGCAATTGTGC,Classical monocytes
E2L3_CCACGTTAGGCATTTC,B cells
E2L2_ATTCAGGTCCTCGCAT,Platelets
E2L6_GGTGATTTCTTCGGAA,NK cells
E2L4_GGGATGAGTGAGCGAT,cDC2
E2L6_TACACCCGTTTCGGCG,B cells
E2L1_GTCACTCGTGCGTTTA,CD4+ T cells
E2L2_TGCTTGCGTCGAGATG,cDC2
L1_GAAACCTAGCAGCGAT,CD4+ T cells
L4_CACCAAACAGGCACTC,CD4+ T cells
L5_ATCGTGAGTCGAATTC,NK cells
E2L5_TCTACCGGTTCTCCTG,cDC1
E2L2_GTAGGAGCATGGGTCC,Plasmacytoid dendritic cells
E2L4_ATCCACCAGAAGTCTA,B cells
E2L6_GAGTTTGTCTGAGAAA,Plasma cells
E2L3_GAATAGAGTGGGCTCT,Non-classical monocytes
E2L8_TGCTTGCTCATTGAGC,Classical monocytes
E2L2_GGAACCCCAAGGTCAG,CD4+ T cells
E2L4_TCCCAGTCACAGTCAT,Proliferating T cells
L3_CTCTCAGGTACCCGCA,Plasmacytoid dendritic cells
L5_GTGATGTCACTTGGGC,Naive T cells
L4_ACGGTCGAGGAACATT,Memory CD8+ T cells
E2L5_GCCGATGCATGTCTAG,CD4+ T cells
E2L4_GATCCCTAGAGCAGTC,Platelets
E2L4_AATTTCCGTTGATCGT,cDC1
E2L2_CACTGAAAGAGGATGA,NK cells
E2L7_GTGTTAGCACGTTCGG,CD4+ T cells
L1_GTTTACTAGTGGTGGT,Plasmacytoid dendritic cells
E2L6_GTGCTGGTCAATGCAC,Plasma cells
E2L1_CTGAATGAGCGGGTTA,Platelets
E2L4_TCGCTCATCGGCATCG,CD4+ T cells
E2L8_CTGAGGCAGCGTATGG,B cells
E2L7_GGTGATTAGAGTAACT,CD4+ T cells
L5_GCCGTGAGTTTCAGAC,Naive T cells
L2_CACTGAAAGGTACAAT,Non-classical monocytes
L4_AACAAAGGTACGAAAT,cDC2
E2L6_AGTGACTAGCGTTCCG,Effector CD8+ T cells
E2L6_AAACGCTCATAATGCC,NK cells
E2L1_GAACTGTCAAGCCATT,Proliferating NK cells
E2L5_CCGTAGGCAGTTCCAA,B cells
E2L8_GCACGTGCACAACGAG,Platelets
L5_TTACCATTCTTACCGC,CD4+ T cells
L2_TTCATGTTCGCGTTTC,cDC2
L4_GCAGTTAAGGCTTTCA,Plasma cells
E2L3_ATCGCCTAGTGGATTA,B cells
E2L4_CACTGGGAGTGCGTCC,CD4+ T cells
L3_ATGAGGGGTTTGATCG,NK cells
E2L6_TCTCACGAGAACCGCA,Effector CD8+ T cells
L1_CGAATTGTCGTTCTCG,Plasmacytoid dendritic cells
E2L8_GTCATTTCACAGTATC,Innate lymphoid cells
L1_TCTTAGTGTCACTTCC,Hematopoietic stem and progenitor cells
L2_TCATGTTGTCTAGTGT,Hematopoietic stem and progenitor cells
E2L3_CTATCCGGTACCGTGC,NK cells
L5_TCAAGCAGTGCATCTA,Naive T cells
L1_GTCTTTAAGGACAGTC,B cells
E2L4_ACAGCCGGTACTCCCT,B cells
E2L7_AGCCAATAGACGTCCC,B cells
E2L6_TGTGATGCACAACGTT,NK cells
E2L6_TTGGGTATCATGGAGG,CD4+ T cells
E2L2_GGAACCCGTATGTCTG,NK cells
L2_ATCCTATTCCCTATTA,Proliferating NK cells
L3_CTTCGGTGTACGACAG,Naive T cells
E2L7_TCAAGCATCATTTCGT,Effector CD8+ T cells
E2L1_CCGTTCATCTACCACC,Classical monocytes
E2L7_GGAGGTACAATGAGCG,Plasmacytoid dendritic cells
L2_CCTCAGTGTCCCTAAA,Proliferating T cells
E2L2_CCCTCTCCAGTTACCA,Non-classical monocytes
E2L7_GTTAGTGTCTACTGCC,CD4+ T cells
E2L8_GGCTGTGCATAAGCAA,CD4+ T cells
L5_ATGCCTCTCGATTTCT,B cells
E2L6_GGTGTTAAGCAACTTC,cDC2
E2L1_AGCATCATCGATGGAG,CD4+ T cells
L1_TCACATTTCTCGTCGT,Naive T cells
E2L6_TGCTTCGCACGACGAA,B cells
E2L5_GGGTTTACAGGGTCTC,CD4+ T cells
L1_GGGAGATGTTGGGCCT,Naive T cells
E2L7_TGCGGGTGTTTGGCTA,CD4+ T cells
E2L4_ATGCATGCAGCTTCCT,Non-classical monocytes
E2L4_TGTTCATGTCCGAAGA,CD4+ T cells
E2L1_CTGGCAGCACAGTCAT,B cells
E2L2_CAAGCTATCCGTGCGA,CD4+ T cells
E2L8_TTGTTGTTCTCTGCCA,Non-classical monocytes
E2L6_TTTCAGTTCCCGGTAG,B cells
E2L1_GGTTCTCAGGTATAGT,Platelets
L1_GGTAGAGAGCACCGAA,Naive T cells
L1_TGAGGTTGTCGAGCAA,Hematopoietic stem and progenitor cells
E2L7_TAGAGTCCACTAGGCC,Classical monocytes
E2L1_CCAATTTCAAGAGATT,B cells
E2L6_CCAAGCGCACCTGCGA,cDC2
L2_CGGAGAATCTTAAGGC,Memory CD8+ T cells
E2L2_ATTCATCCAAGGCCTC,Proliferating T cells
E2L3_CCGGTGATCCTTGACC,Effector CD8+ T cells
E2L7_TGAGGGAAGCGAGGAG,Effector CD8+ T cells
E2L2_TAGTGCACACGTGTGC,NK cells
L2_ACCTGAACAACTAGAA,NK cells
L5_AAAGAACCAGTGTGGA,Innate lymphoid cells
E2L1_AGCCAGCAGCTGCCTG,CD4+ T cells
L2_ATTACCTCAGCTACCG,Naive T cells
L5_AACCTGAAGGATTTGA,Naive T cells
L1_GGGAAGTAGGTCGTAG,Naive T cells
E2L6_CAAGACTAGTGCGCTC,CD4+ T cells
E2L1_GCTGCAGTCAAAGGAT,NK cells
L5_TGCGACGCAAGCGCAA,Naive T cells
L1_CGGAACCTCCATACTT,NK cells
L5_GCAGCTGCAGCTTCCT,B cells
L4_AAGACAACACAGACGA,cDC1
E2L4_AGGACGACACGACTAT,Effector CD8+ T cells
L2_GTTGAACCAAGTGCTT,NK cells
L4_TCACTCGTCATACAGC,CD4+ T cells
L5_AGAAGCGGTAGAATAC,NK cells
L1_GTTGAACAGCGTCTGC,Hematopoietic stem and progenitor cells
L2_GGGTCACAGGAAGTCC,Hematopoietic stem and progenitor cells
E2L1_TCGCAGGAGCGACTTT,Memory CD8+ T cells
L1_ACGGTCGTCTCGTGAA,Erythrocytes
E2L1_TCGACGGGTATGATCC,CD4+ T cells
E2L5_ACCTACCAGTGAATAC,Effector CD8+ T cells
L2_TAAGCCATCGGTGAAG,Non-classical monocytes
L2_CCCTAACTCTCTTAAC,B cells
E2L1_TGGATGTGTTATAGCC,Effector CD8+ T cells
L1_GTAGAGGAGGACACTG,Hematopoietic stem and progenitor cells
L4_GGGCGTTCAAATACGA,Plasma cells
E2L2_TGATTCTGTGACTGTT,Proliferating T cells
E2L5_TGTGGCGGTAATGATG,Effector CD8+ T cells
E2L5_CGAGAAGGTTGACTGT,cDC2
E2L5_GCTACCTTCCTTCACG,NK cells
L3_TGACAGTCATCAGCTA,Naive T cells
L2_TCTTAGTAGGCTTAAA,Non-classical monocytes
E2L5_AGAGAGCCAGAGATTA,Memory CD8+ T cells
E2L6_TTCGCTGGTCATTCCC,Platelets
L3_TGTAACGGTACGGGAT,Naive T cells
L2_CTGCCTATCACGATCA,Non-classical monocytes
E2L6_CGAATTGCATTCTGTT,cDC2
E2L4_AACCCAAGTCTTCTAT,NK cells
E2L7_TACTTACAGATGCCGA,cDC2
L2_TTTGGTTCATCATGAC,B cells
L5_GGAGCAACATCGAGCC,CD4+ T cells
L1_ATACCGACAACGAGGT,Naive T cells
L3_GAGTGAGGTAATGATG,Proliferating T cells
L1_CAACCTCGTCGAGTGA,B cells
E2L4_TACCTCGGTACCTAAC,CD4+ T cells
E2L4_GGGAAGTAGTCATTGC,Classical monocytes
L1_ATTCACTAGACCTTTG,Naive T cells
L2_TGCTCGTAGCACTCCG,Naive T cells
E2L2_CTTCGGTAGGGTGAAA,Effector CD8+ T cells
L3_GTGCAGCTCGGCCCAA,Plasmacytoid dendritic cells
E2L3_AACCAACGTACAGGTG,NK cells
E2L4_CCCTCAACAAGCCTGC,B cells
L5_TGATTTCAGTCTGTAC,Effector CD8+ T cells
L1_TTCTTGACAATAACGA,Erythrocytes
L1_AGTAGTCAGTTGTCAC,Memory CD8+ T cells
E2L1_ACTTAGGGTTGTCTAG,Non-classical monocytes
L5_CACTGAACATGTTCGA,Effector CD8+ T cells
L4_CAGCCAGCAGAAATTG,Non-classical monocytes
L5_TTCTAGTGTGCTCTCT,Naive T cells
E2L2_TTGCATTTCCGGTAAT,NK cells
L3_TCTTCCTAGACGGTCA,Memory CD8+ T cells
L5_GGTAACTGTAACGATA,Proliferating T cells
L5_GAGTTGTCAAGGCCTC,Naive T cells
E2L5_CACACAATCATATGGC,NK cells
L4_GTCGCGACAGAGACTG,B cells
E2L5_CAGGCCACAAGTGTCT,Classical monocytes
E2L2_ATGGGAGGTATGGAAT,CD4+ T cells
E2L3_CAACGGCAGTAATACG,NK cells
E2L5_TAAGCACCATTCGGGC,B cells
L3_GTCATTTAGTAGAGTT,Naive T cells
E2L3_GAAGGACAGCCACCGT,cDC2
E2L6_CTCCCAACACACTTAG,NK cells
E2L8_GAAACCTAGCTAATCC,B cells
L1_TCAGTGAGTCTTCCGT,Proliferating T cells
E2L3_CTATCTATCGCAACAT,
E2L3_TGAGGAGTCCGTGGGT,Plasmacytoid dendritic cells
E2L6_CGGGCATTCGCATAGT,NK cells
E2L8_TCCTCCCGTAGCTTGT,B cells
E2L8_TCAGTCCCAACCCGCA,B cells
L1_GAGATGGTCGTAACCA,CD4+ T cells
E2L7_GACCAATAGACTCAAA,Innate lymphoid cells
E2L3_TTCTAGTCAACCACGC,Innate lymphoid cells
L2_ATCGGATGTAGACGGT,Naive T cells
E2L6_ACTATTCGTTGCTGAT,Effector CD8+ T cells
L2_GAAGCCCGTCTGCAAT,CD4+ T cells
E2L8_CTCCATGAGGCTTAAA,B cells
L4_ACGCACGAGCGTGAGT,cDC2
E2L3_ACTGATGAGGATACGC,B cells
E2L4_AGGAATACAAGTATCC,Plasma cells
E2L6_CTGCTCAAGCTCTATG,cDC2
E2L2_GTTAGACGTTATGACC,CD4+ T cells
E2L1_GTCCTCAAGTCCTGTA,NK cells
L2_GACTCTCTCCACAAGT,
E2L7_TGTACAGAGAGCGACT,Memory CD8+ T cells
L4_GTAGAGGAGATTCGCT,B cells
E2L6_TCAATCTAGGTCTTTG,Innate lymphoid cells
E2L8_TGAGGGACAATACAGA,NK cells
L3_GATCAGTCAGTGTATC,cDC2
L1_TGGCGTGGTCCCACGA,Classical monocytes
E2L6_TAAGCGTCACTCCTGT,CD4+ T cells
L5_CAGCCAGCATAATCCG,CD4+ T cells
E2L1_GTGGAAGAGGATATAC,Platelets
L1_CTAGGTATCGCCGAGT,Memory CD8+ T cells
E2L3_CAGCAATTCGTAGGAG,NK cells
L2_CTACTATGTGATCATC,NK cells
L2_TTCACGCTCCACACAA,Effector CD8+ T cells
E2L1_GCAGCCAAGACTCTTG,NK cells
E2L5_ACTTATCAGCTCTGTA,Effector CD8+ T cells
L2_CACGTTCCATCCGGTG,Effector CD8+ T cells
L4_CGAAGGACAAAGCACG,B cells
L1_AATGAAGTCGCAATTG,Naive T cells
L2_GGTTCTCTCCGCCTAT,B cells
L5_GTGTGATAGAAATTGC,Naive T cells
L5_AAACCCATCTTGGATG,cDC2
L1_CGTGATACACGACAGA,cDC1
L2_TTGTGGATCTCCAATT,Naive T cells
E2L1_ACTATGGTCTGATGGT,Innate lymphoid cells
L5_CATTCCGGTGAGATTA,Memory CD8+ T cells
L5_TGTCCACGTTCTCTAT,B cells
E2L4_CTAGACAGTACTGGGA,B cells
E2L1_GGTAGAGTCCCATAAG,Effector CD8+ T cells
L4_AAGCGTTGTAGCGTCC,cDC2
L1_CACCAAAGTCAAAGAT,Naive T cells
L1_TCAAGCATCGTAGTGT,CD4+ T cells
L2_CTGCATCCAAGACCTT,Classical monocytes
E2L6_CCGTGAGTCATCGCCT,Effector CD8+ T cells
E2L8_CTGAGGCAGATTAGTG,NK cells
L4_GAGCCTGGTCTAGGTT,Naive T cells
L1_CGTAGTACAACGGCTC,Naive T cells
L4_GCAGGCTGTGCCGTAC,Naive T cells
L4_GTGAGGACAGTTAGAA,CD4+ T cells
E2L5_TCCCAGTCAAGACCTT,
E2L8_TCTGGCTCACAGAGCA,cDC2
L1_TGTAAGCCAGCTACTA,Effector CD8+ T cells
L2_TGTAACGGTGAAGCTG,NK cells
E2L3_TCCTAATCAACAAGAT,CD4+ T cells
E2L8_AAGGTAATCATTTGGG,CD4+ T cells
L2_CTCCCTCGTCCAAGAG,Plasma cells
L4_AGCGATTTCACGTCCT,B cells
L2_AATGGCTGTCGAATGG,B cells
E2L6_CTGCATCTCCGGACTG,B cells
E2L6_TGTAGACGTTCCGCTT,Memory CD8+ T cells
E2L6_AACCATGAGGACATCG,Memory CD8+ T cells
E2L1_TCAGCAACATGTCAGT,B cells
L4_GATGTTGTCGTTGTTT,Naive T cells
E2L6_CATGGTAAGTCGAAGC,Innate lymphoid cells
E2L8_GTTACCCCAGAACCGA,Naive T cells
L5_GGATCTAAGTTCGCAT,Plasmacytoid dendritic cells
E2L2_GACTTCCTCGTTGTTT,B cells
E2L2_CAGAGCCCATGGGATG,NK cells
E2L2_GAAGCGACAATCTCTT,NK cells
L4_ACGGTTATCAATCCAG,Naive T cells
E2L2_CTCTGGTGTCTCGCGA,Memory CD8+ T cells
L5_CTCCCTCAGGAATCGC,NK cells
E2L5_TACCGGGAGGTCACTT,Effector CD8+ T cells
E2L1_GGAGATGGTACCATAC,B cells
E2L8_GTCAAACTCGAGAAAT,Plasmacytoid dendritic cells
E2L7_GAGATGGAGTGCACCC,Effector CD8+ T cells
L1_GACCAATTCTCGGCTT,NK cells
L4_TTGGGCGCATGATAGA,Naive T cells
E2L1_GCCCAGATCGTGCTCT,NK cells
L2_GACTCTCGTCCGCAGT,Naive T cells
E2L1_TTCCGGTCATGAATAG,Non-classical monocytes
L1_AAGTACCGTGAGGAAA,Plasma cells
E2L2_CGTGAATAGTCACTCA,Plasma cells
E2L6_GGGACTCTCCAGTGTA,Effector CD8+ T cells
E2L3_TTTCGATGTGGCGTAA,NK cells
E2L3_GTGAGTTCAGTTGTTG,CD4+ T cells
L3_AGGGCTCTCCGTGCGA,B cells
L1_CTGGACGGTGACTATC,B cells
L1_TGGTACACATGACACT,Naive T cells
E2L6_CCCGGAATCCTACCGT,CD4+ T cells
E2L1_TCGACGGGTGCCGAAA,Hematopoietic stem and progenitor cells
L3_AGGCTGCTCCAGCAAT,B cells
E2L2_TGTTCCGCAAAGAACT,CD4+ T cells
E2L2_AAGCGTTGTAACATGA,Effector CD8+ T cells
E2L7_TGGGAGACAGAACTTC,CD4+ T cells
E2L6_CTTACCGTCTCAGTCC,NK cells
L1_TTGACCCAGATTGCGG,Naive T cells
E2L8_AATAGAGCAATTCTTC,B cells
E2L7_ATACCGACAACTTGCA,Effector CD8+ T cells
E2L7_ACTGCAATCAGGCGAA,Proliferating T cells
E2L1_ACATGCAAGACGCAGT,cDC2
L3_GGGTAGAGTTGTAGCT,Plasmacytoid dendritic cells
E2L1_GACTTCCGTCCATACA,Classical monocytes
L1_CTAGACACAACTTGCA,Hematopoietic stem and progenitor cells
E2L8_AAGACTCTCGCTCATC,cDC2
E2L5_GTAATCGCATGATGCT,Memory CD8+ T cells
E2L8_CTATAGGTCCTTCTAA,Non-classical monocytes
L1_GGAATGGCATACCAGT,Memory CD8+ T cells
L2_TTCCGGTGTACTCGTA,Classical monocytes
L2_ACGATCAAGTGAGCCA,Hematopoietic stem and progenitor cells
L5_ACTTATCAGAAGCGAA,Naive T cells
L3_TGTAACGTCCTAAACG,Memory CD8+ T cells
E2L4_TCGCTTGTCTGGGCCA,Platelets
E2L4_GAGTGAGCATCTTAGG,Non-classical monocytes
L2_GTCATCCGTGGCGCTT,Hematopoietic stem and progenitor cells
L2_CATAGACTCCAGCTCT,
E2L5_GGCGTCACAGTCTTCC,Effector CD8+ T cells
E2L6_TCCCACAAGCCATTTG,NK cells
L2_CCGGTGAGTGCTGTCG,B cells
L4_ATCGTGACAAGCCTGC,cDC1
E2L8_TCCCACAAGGGTGGGA,NK cells
E2L6_ATCGGCGCAGTTCACA,cDC2
E2L2_AGAACCTGTTATCTGG,Plasmacytoid dendritic cells
L5_CCCTGATAGAGAGTGA,Memory CD8+ T cells
E2L2_TCAGTTTCACAGCCTG,Effector CD8+ T cells
E2L6_CCTGTTGGTTAGGAGC,B cells
E2L8_CTACAGAGTGGATTTC,Plasma cells
E2L5_ATCCTATAGGCTGGAT,NK cells
L5_CTACGGGCACGACGAA,B cells
E2L6_AGGGTGAGTGATATAG,Non-classical monocytes
E2L3_CATCGTCCATTCACCC,CD4+ T cells
E2L8_TCTACCGCAAGAGCTG,Plasma cells
L5_GTATTGGCAGACTCTA,Naive T cells
E2L1_TGTTCATTCCACTTCG,Effector CD8+ T cells
E2L7_CAGCCAGGTATTCCGA,Plasmacytoid dendritic cells
E2L7_CCTACGTCAACACTAC,B cells
L5_CGGAGAACATCTCAAG,Innate lymphoid cells
E2L3_AAAGTGAGTGACCTGC,B cells
E2L6_CGTTGGGGTATATGGA,CD4+ T cells
L5_GTGTTCCAGAAACACT,Memory CD8+ T cells
E2L5_AACGAAAGTTCTCTCG,CD4+ T cells
E2L8_ATACTTCAGCACTCGC,Proliferating T cells
L5_AAACCCAGTTCTAAGC,Hematopoietic stem and progenitor cells
L2_GCTCAAATCCCGGTAG,Plasmacytoid dendritic cells
L4_CATCGTCAGGTCCCTG,cDC2
L3_ACCATTTAGTCACTGT,CD4+ T cells
E2L7_AATGCCAAGATGAAGG,CD4+ T cells
L5_GTGTCCTAGCGGGTTA,Naive T cells
L4_TTGCATTCATTAGGCT,Effector CD8+ T cells
E2L2_TGACCCTAGATTGGGC,Non-classical monocytes
L5_TAGATCGGTGCCGTTG,
E2L8_GTGATGTCACAGAGAC,cDC1
E2L4_TCCGTGTCAATACGCT,Effector CD8+ T cells
E2L1_TAACACGGTGCATTAC,CD4+ T cells
E2L5_TTCTCTCCAAGTAGTA,NK cells
E2L5_CGAAGTTGTCCTGGTG,Proliferating T cells
E2L5_CGTCCATGTTAGGGTG,Memory CD8+ T cells
E2L1_TTCTCTCGTCTAGGTT,Effector CD8+ T cells
E2L4_AATTTCCGTTGTGCCG,CD4+ T cells
E2L5_GACCCAGTCCCTCAAC,cDC1
E2L2_TGCTTGCCATGTACGT,NK cells
L5_TTCGCTGGTGCGGTAA,Naive T cells
L3_CGAGGCTAGCAGAAAG,Naive T cells
L4_GATTCTTTCCTCTCGA,B cells
E2L8_CTCATCGCATGTTTGG,NK cells
L1_TGAGGTTCATTGCTTT,Hematopoietic stem and progenitor cells
L4_ACGTAGTTCGCCAATA,cDC2
L4_CGGCAGTGTACAACGG,Effector CD8+ T cells
E2L4_GACGCTGAGACTGTTC,B cells
L5_TTGCTGCAGACAGCTG,NK cells
E2L6_TCGTGGGCACTAGAGG,B cells
E2L4_AGATCGTAGCTTCTAG,Effector CD8+ T cells
E2L5_ACGTAGTCATCAGCAT,Innate lymphoid cells
L2_TTACAGGGTTCGGTAT,Erythrocytes
E2L4_AGACAGGAGGTAATCA,B cells
E2L6_CGAAGTTTCTGTAACG,Effector CD8+ T cells
E2L2_CTTTCAACAAAGACGC,Non-classical monocytes
L1_CCTCCTCGTCGGCACT,Naive T cells
E2L3_TCCTAATTCAGCGCGT,cDC2
L1_TGAGCATCACATTACG,Innate lymphoid cells
E2L5_CATTCTAGTACTCGCG,
L5_CCTCTAGGTGGATACG,Classical monocytes
E2L3_CATTGAGCACGAGGTA,Effector CD8+ T cells
E2L3_GTGTGATAGACTCTTG,B cells
L5_GTCGTAAGTGCTCTTC,Naive T cells
L3_GTGGGAATCATGAGGG,Effector CD8+ T cells
E2L5_ACAGAAAGTGAGCCAA,NK cells
E2L5_GGGTGTCAGCTTTCCC,Classical monocytes
E2L6_CGAGTGCTCCACTGGG,Classical monocytes
E2L7_GAGTTACGTCATAAAG,CD4+ T cells
L2_TCCGAAAGTTTGAACC,B cells
E2L3_TCTGCCATCTTTCCAA,Classical monocytes
E2L2_CACAACAGTGCAATAA,cDC2
L2_GTGACGCGTTGTGGCC,Classical monocytes
L4_TCCACCAAGCTTACGT,Effector CD8+ T cells
E2L2_CCCTCAATCCTTCTAA,B cells
L2_GCTTTCGAGTTGGAGC,Classical monocytes
E2L7_TGTGATGCATGGTGGA,Effector CD8+ T cells
E2L3_ATATCCTCAAATTGCC,Memory CD8+ T cells
E2L1_TGGAGAGAGGTCACAG,B cells
E2L8_ATCGCCTCAAGTACCT,Classical monocytes
L1_CAGATACTCTAACGGT,Effector CD8+ T cells
E2L8_TTGGGTATCTCATTTG,B cells
L1_ATCACAGGTGTGTTTG,Non-classical monocytes
E2L4_CGGAACCCACTGTGAT,cDC2
E2L8_GGGATGACATAGCTGT,CD4+ T cells
L5_TCACTCGGTAGTTCCA,
E2L5_TACCTCGAGTCATACC,Erythrocytes
E2L7_ACATTTCCAAAGGCTG,B cells
L5_CTCCCAAAGTACAGAT,Memory CD8+ T cells
E2L1_AGACACTGTAACTGCT,Proliferating T cells
L5_CGGAGAAAGAATCCCT,Hematopoietic stem and progenitor cells
L5_AACCTGATCTGATGGT,NK cells
E2L3_CGGACACTCACGGTCG,NK cells
E2L6_GTCCTCAAGAGGGTAA,CD4+ T cells
L4_GACATCACAAACACCT,Effector CD8+ T cells
E2L4_GTACAACGTCAATCTG,Effector CD8+ T cells
L4_ATGTCCCTCCGCAAAT,Naive T cells
E2L5_CTTACCGCAGGAGACT,cDC2
E2L7_CAATACGTCTACGGGC,B cells
E2L7_GTAAGTCGTGAGTAGC,Effector CD8+ T cells
E2L1_GGAGGATAGGTCCCTG,Effector CD8+ T cells
L3_CGTGAATTCTTGCGCT,Naive T cells
E2L5_TTGAGTGTCGCTGACG,NK cells
E2L4_TAACTTCTCAAGCGTT,Non-classical monocytes
E2L7_CACTGGGAGACTTCGT,B cells
L5_CAGCGTGGTCTACTGA,
E2L5_GGCTGTGTCGAGAACG,
L2_GGGAAGTTCTCATTAC,cDC2
L3_AACGTCACAACATCGT,Non-classical monocytes
L2_AACAAGACAGAGCGTA,Plasma cells
L3_CGTCAAAAGTAGATCA,Plasma cells
E2L6_GTAGAGGGTGGATCGA,B cells
E2L3_GGGAAGTGTAATGCGG,NK cells
E2L7_GTAATCGCAGAGCTAG,NK cells
L2_GTTAGACAGACCTCCG,Naive T cells
L5_GAGAGGTCACCAGCTG,Naive T cells
L5_TCGGGTGCACCCTTAC,CD4+ T cells
E2L4_AATTCCTCAACGACTT,Effector CD8+ T cells
E2L4_GTTGCTCCACACCAGC,NK cells
E2L3_CATAGACCACTGTGAT,NK cells
E2L4_CGGGTCAAGGAACTCG,B cells
E2L1_ACGTTCCGTCAAGCCC,NK cells
L5_ACAGAAACAGGACTTT,Naive T cells
L3_ACCCTCAGTCCGTTTC,Naive T cells
L5_GCTACCTTCGTTAGAC,CD4+ T cells
L2_TTCGGTCCACAATTCG,Naive T cells
E2L3_AGTGACTGTGGCTAGA,NK cells
L1_TCTTAGTAGGGATGTC,Non-classical monocytes
E2L4_TGGCGTGTCGTTGTAG,B cells
L3_CCGCAAGCAAGGTCTT,CD4+ T cells
E2L5_ACCAACAGTGGCTTGC,B cells
L1_TTCCGTGGTCGTCAGC,Hematopoietic stem and progenitor cells
E2L7_GCCAGGTTCGTCCTCA,B cells
L5_AAGCATCAGCTTTGTG,cDC2
E2L1_GGAACCCCAAGGTCAG,CD4+ T cells
L1_TGCCGAGGTCGGATTT,Hematopoietic stem and progenitor cells
L3_CTGCAGGAGCTAAATG,CD4+ T cells
E2L6_GAAATGAGTGGGCTTC,NK cells
L1_CAAGCTAGTGCATGTT,Memory CD8+ T cells
L1_GGGCTCACACTACCCT,CD4+ T cells
E2L4_GAGAGGTAGGTCCGAA,B cells
E2L7_TGACCCTGTGGACTGA,CD4+ T cells
E2L7_TTACGCCTCTGGGTCG,Memory CD8+ T cells
E2L5_TTCACCGAGGATTTCC,cDC2
E2L4_AGACACTCACAACGTT,cDC2
E2L2_CGGGTGTAGAACTGAT,cDC2
E2L8_CACCGTTAGACTCTAC,NK cells
E2L8_GGGAAGTCAGGTTTAC,NK cells
E2L7_TGTCAGATCACGACTA,Non-classical monocytes
E2L5_TATCTTGCACTGGAAG,CD4+ T cells
L4_TATTGCTCAGACAAAT,Naive T cells
L3_TAGGGTTTCATGCCCT,Hematopoietic stem and progenitor cells
E2L5_CGGAATTTCCGTGTCT,B cells
L2_CGAGTTATCAGGAACG,Naive T cells
L2_AGACAAACAGTGGGTA,cDC2
L2_TGAGTCAGTGATACCT,Hematopoietic stem and progenitor cells
E2L2_CTCGAGGCAAAGCAAT,NK cells
L1_AGTTCCCAGCAGCCTC,Naive T cells
E2L6_TAGATCGAGACGCCCT,Plasmacytoid dendritic cells
L5_CTCTCAGCAGCTCGGT,Naive T cells
E2L8_TATTTCGAGAGGGTGG,NK cells
E2L5_CAGGCCAGTCCGTTTC,CD4+ T cells
L1_CGAGTGCGTAGGCTCC,Memory CD8+ T cells
E2L4_AGACCATAGACGCCAA,NK cells
L2_AAGCCATTCTCCCATG,Naive T cells
L1_CTGCTCAAGCTTTCCC,
L3_AGCGATTCAAGTGCTT,CD4+ T cells
L1_ACACTGAAGCAGGGAG,
E2L6_CGTTCTGGTTCGGACC,Plasmacytoid dendritic cells
L5_GATGACTTCAAGTGGG,Effector CD8+ T cells
E2L3_TTCTAACAGTTTGGCT,NK cells
E2L6_GGTAATCCACCGGAAA,B cells
L1_GAAGTAACACTAGTAC,Platelets
