barcode,cell_type
L3_ACCGTTCCACATATGC,Proliferating NK cell
E2L7_GACCAATCAGAGCTAG,FCGR3A+ monocyte
E2L2_TCCGAAAAGAAGCTGC,Platelet
E2L4_TAATCTCGTAGAGATT,Conventional dendritic cell
L5_TATTGCTTCGCTAATG,CD161+ memory T cell
E2L3_GTAGATCCAACCGACC,FCGR3A+ monocyte
L3_TCCGATCGTGTTTACG,Erythroid cell
L3_TTAGGCACACACCTGG,CD4 memory T cell
E2L4_TCGATTTTCTGCTTAT,Memory B cell
E2L5_CGGGTGTTCAACTGAC,CD4 memory T cell
L2_CAGCACGTCGAGTCTA,Naive CD4 T cell
E2L6_GACTGATTCCGTAGGC,Proliferating NK cell
L1_TTAGTCTCATCAGCTA,CD4 memory T cell
L1_CTAGGTAGTAGATGTA,Plasmacytoid dendritic cell
E2L1_TGACGCGGTTAAGACA,Naive B cell
E2L5_CAGCAGCTCAAGTTGC,Naive CD4 T cell
L2_CGTAGTATCGCAGATT,Proliferating NK cell
L5_CTTGATTTCAGCTAGT,CLEC9A+ dendritic cell
L1_AGAACAAAGGAACGCT,Naive CD4 T cell
E2L1_CGAGGCTTCTGCGGAC,CD161+ memory T cell
L4_GGGTCACTCGATAACC,CD4 memory T cell
E2L6_GATTTCTGTGAATGAT,Memory B cell
L1_GTTCCGTGTACCGGAA,Proliferating NK cell
L2_TGGGAGAGTTCGTGCG,Hematopoietic progenitor cell
E2L1_CTCATTAAGGTCATCT,CD14+ monocyte
E2L6_CCCTCTCTCGACCACG,Naive B cell
L5_TACGTCCAGAGAGCCT,CLEC9A+ dendritic cell
E2L5_AAAGGATCACTCCTGT,CD161+ memory T cell
L1_ACCCTCAAGGTCCAGA,Cytotoxic T cell
E2L1_GTAACCATCACGGACC,CD161+ memory T cell
L1_GTAGTACTCTTCTAAC,Naive CD4 T cell
L2_TATCCTATCCCTGGTT,CLEC9A+ dendritic cell
E2L1_ATTGTTCAGTATTCCG,Conventional dendritic cell
E2L6_ATCGCCTAGGCTCAAG,Platelet
L2_TCCTCCCTCCGCGATG,Proliferating NK cell
E2L2_ACGGAAGAGATGTTGA,Naive CD4 T cell
L5_GATGTTGGTACGAGTG,Naive CD4 T cell
L5_ATCCATTTCACAAGGG,FCGR3A+ monocyte
L4_GATTCGAGTAGTCTGT,Naive CD4 T cell
E2L2_TATCTGTCACCGTGGT,Naive CD4 T cell
E2L6_AGGGTTTCACAGGATG,Cytotoxic T cell
L5_TCTTAGTCATATCTGG,CD161+ memory T cell
E2L5_CAGATACAGCCTGAGA,Naive CD4 T cell
E2L5_CAACAGTTCGGACTGC,Proliferating NK cell
E2L8_GGCGTCAGTACCTTCC,QC_filtered
L2_AACAACCGTAGACGTG,Gamma delta T cell
L3_GCACGGTGTCGACTGC,Naive CD4 T cell
E2L5_AGGTCTATCAGTGTGT,Conventional dendritic cell
E2L4_CTGCCTAGTACCTAGT,Platelet
L2_GAGCTGCGTCGAGCAA,Cytotoxic T cell
L5_ATCATTCAGAAGGGAT,Naive CD4 T cell
E2L8_TAAGCCACACACCTGG,Plasmacytoid dendritic cell
E2L4_TAACGACCAAGCTCTA,Gamma delta T cell
E2L8_TCATTGTTCGTTGCCT,Gamma delta T cell
E2L7_CTACCTGAGTCGCGAA,FCGR3A+ monocyte
E2L2_TAGGGTTAGCACTAAA,CD14+ monocyte
L2_TGGTACAGTGTATCCA,Hematopoietic progenitor cell
L4_GGAACCCAGCTCCACG,Natural killer cell
E2L6_CTCGAGGTCTAAGCCA,FCGR3A+ monocyte
L5_TCGCTTGTCTTACCGC,Conventional dendritic cell
L3_CGTAATGAGTACTGTC,Natural killer cell
E2L4_TTGGTTTAGTATGGAT,CLEC9A+ dendritic cell
E2L3_AGGTCATAGCATCAAA,Naive CD4 T cell
L4_TCTGGCTCATAATGCC,Naive CD4 T cell
E2L1_TGACGCGTCCACACAA,Cytotoxic T cell
E2L3_CTCTCGAGTCCTTAAG,Cytotoxic T cell
E2L6_CCGTAGGAGGCAGGGA,CD161+ memory T cell
E2L2_AAAGTGAGTCTGTGAT,Proliferating NK cell
L1_GATCACATCAAGGAGC,Naive CD4 T cell
E2L3_GAGTTACTCACATCAG,Plasma cell
E2L4_ATGCCTCGTTCGGCGT,Cytotoxic T cell
E2L8_GTACAGTGTAGCACAG,Proliferating NK cell
E2L8_ACTGTCCAGCTATCTG,QC_filtered
L5_AGGATCTAGATCACTC,Proliferating NK cell
L1_GGGATCCTCCCTCTCC,Naive CD4 T cell
E2L3_AGGATAAAGCGACTGA,Plasmacytoid dendritic cell
E2L4_GGAATCTGTCGTCTCT,Platelet
L5_CACAACATCGTGCGAC,CLEC9A+ dendritic cell
L5_CTACCCAAGCGTGCTC,Naive B cell
E2L5_GTTTACTTCTCACTCG,Conventional dendritic cell
E2L7_ACCCTTGGTGCTTCAA,Proliferating NK cell
L1_CGTTAGATCTGGTGGC,Naive CD4 T cell
E2L4_CGTCCATCATCCGGTG,Cytotoxic T cell
E2L1_TCCGGGAAGTCATGCT,Plasma cell
E2L4_TGAGACTAGAATTTGG,Naive B cell
E2L1_ATCTCTAAGCACACCC,Gamma delta T cell
L2_TGTTTGTTCACTTCTA,CD161+ memory T cell
E2L7_AGCTCAACACACAGAG,CD161+ memory T cell
L5_CTCCGATGTAGAGTTA,Erythroid cell
L5_GCTGAATCATGATGCT,CD4 memory T cell
E2L2_CAGGCCATCTATTTCG,CD4 memory T cell
E2L3_GTGCACGCAGTTTCAG,Cytotoxic T cell
E2L7_TCATTCAAGGACGGAG,Naive CD4 T cell
E2L2_TGAGGTTAGTGTTGTC,FCGR3A+ monocyte
E2L3_GTAGCTACATCAGTCA,QC_filtered
L1_AGGAAATTCCACGTCT,Naive CD4 T cell
L3_AATCGACTCCGATAAC,Naive CD4 T cell
E2L3_CTTCTAACACAATTCG,Proliferating NK cell
L3_CATAAGCAGAGGGTGG,Naive CD4 T cell
L1_TCATCCGAGTATCTGC,Naive CD4 T cell
E2L7_CACGTGGTCTCTGGTC,Platelet
E2L1_TCTCACGTCATTTACC,Natural killer cell
L2_CCTATCGGTATCTCTT,Erythroid cell
E2L1_CGTGATAAGGATTCCT,Memory B cell
L4_TAAGCACAGGCAGGGA,Naive B cell
L5_CACTGAAGTTCGTTCC,Naive B cell
E2L3_TTTGACTCAAGAGGCT,QC_filtered
L3_TCAATCTTCGTGGCGT,Hematopoietic progenitor cell
E2L2_GCATCGGCAGGGTCTC,Naive B cell
L5_AGGGTCCCAGACGGAT,Naive CD4 T cell
L2_CCAATGATCATCGCTC,FCGR3A+ monocyte
L5_TCGATTTCAAATTAGG,Plasma cell
E2L4_TAAGCCACAAGAGATT,Memory B cell
L5_TGTAACGAGATGGGCT,GZMK+ memory T cell
E2L6_GCGATCGCAATACGCT,Natural killer cell
L4_CTACCCACAGAGAGGG,Cytotoxic T cell
E2L3_TCGGTCTGTCGCTCGA,Proliferating NK cell
L4_ATGGGAGCATCTGGGC,Naive CD4 T cell
L4_AGTCACAGTGTTCGAT,Proliferating NK cell
L4_ACTGATGGTAAGATCA,Naive B cell
L1_TGTAGACGTAGTGCGA,Naive CD4 T cell
E2L8_AGGTGTTCAACTACGT,CD4 memory T cell
E2L2_ATGAGTCTCTTCGACC,CD14+ monocyte
E2L8_CTGTAGACAGATAAAC,CD4 memory T cell
E2L2_GGGTCTGAGAATCGCG,Cytotoxic T cell
E2L6_GGTCTGGAGTAGTCTC,Naive CD4 T cell
E2L4_AGCTCAATCTGTCGTC,CD4 memory T cell
E2L2_AGAGAATTCATGGATC,Memory B cell
E2L7_CTCAACCAGCCATGCC,Proliferating NK cell
E2L3_CTCGAGGTCGCTAAAC,Cytotoxic T cell
E2L5_GAGGCAAGTACTCGCG,Platelet
L5_ACACAGTTCACGGTCG,Cytotoxic T cell
L3_CTCCGATCAGGACGAT,Erythroid cell
E2L5_TGCTTCGCACAACGTT,Cytotoxic T cell
L3_ATCGTGAAGTCAAGCG,Hematopoietic progenitor cell
E2L4_ATTCGTTGTGGACTAG,Platelet
E2L7_AGGGTCCGTCACTTAG,Naive CD4 T cell
E2L2_GTTGAACCACCGTACG,Natural killer cell
E2L4_AGTAACCAGAGTCTTC,Memory B cell
L2_TACTGCCTCATAGACC,Conventional dendritic cell
L3_TGTCCACTCTGGGCCA,Plasma cell
E2L7_CACTGAATCCATAAGC,Naive CD4 T cell
L4_TGTTTGTCAGTCAACT,Memory B cell
E2L5_TACTTGTCATGGGATG,CD14+ monocyte
E2L6_ATTCGTTAGAACTCCT,Plasma cell
L2_GCAGGCTTCAGCCTCT,CD4 memory T cell
L4_TCGATTTCATGACACT,Naive CD4 T cell
E2L2_GTCTGTCAGTTACGAA,CD4 memory T cell
E2L7_CACACAACACTGGATT,Plasmacytoid dendritic cell
E2L7_TTTCACATCGCCTTTG,Natural killer cell
L5_AGGTTGTCATGCACTA,Naive CD4 T cell
E2L2_GGAACCCGTTCTCCCA,Natural killer cell
L1_ACTTATCTCGCCTTTG,Platelet
E2L3_CGTTGGGCAGCGTTGC,QC_filtered
L1_TCGGATAAGGCTTAAA,Proliferating NK cell
E2L6_TTGTTCAGTTATGTCG,Platelet
E2L3_GTAACACAGGGAACAA,Naive CD4 T cell
L2_GTTGTGAAGCATATGA,Naive CD4 T cell
E2L5_TTCATGTTCCGAGTGC,FCGR3A+ monocyte
L4_ATAGAGACAGGAGGAG,Cytotoxic T cell
L1_ATTTCACTCACAAGGG,Proliferating NK cell
E2L7_GCCCGAACACAGTATC,Natural killer cell
L4_TTGACCCCAAGTTTGC,Plasma cell
L1_CAGCCAGGTTGTGTTG,Naive CD4 T cell
E2L6_ACACCAATCTCAGTCC,Plasmacytoid dendritic cell
L4_CCGAACGAGTCATTGC,Plasma cell
L5_CTCCAACGTTATCTGG,CD4 memory T cell
L1_GTTACCCTCAGGACGA,Conventional dendritic cell
E2L1_GCAGTTACAAGGCAAC,Memory B cell
L3_ATCACAGCATTGAGCT,Proliferating NK cell
L4_CACATGAAGACATCAA,Hematopoietic progenitor cell
E2L8_TAGTGCAAGCGTACAG,QC_filtered
E2L6_TCGGGTGTCCATATGG,Cytotoxic T cell
E2L8_TTTACCAAGTTTCAGC,Cytotoxic T cell
E2L3_GGAGAACTCTGAGATC,Memory B cell
E2L3_TGCGACGGTCTTCCGT,GZMK+ memory T cell
E2L4_TATGTTCCATTCCTAT,Memory B cell
E2L4_ACGATCAAGGCAGTCA,CD161+ memory T cell
L2_GTTTACTGTCTCGGAC,Cytotoxic T cell
E2L1_CGCGTGAGTCTCAGAT,Naive B cell
L1_GTGAGGAAGGAATCGC,Natural killer cell
E2L6_TGAGTCACACGTCATA,Memory B cell
E2L3_GCCCGAACAGGCCCTA,CD4 memory T cell
L3_CGTGTCTTCGGTCATA,CD161+ memory T cell
L2_AGTAGTCAGTGCCCGT,GZMK+ memory T cell
E2L5_CCTCTCCGTACAGTCT,CD14+ monocyte
E2L2_CACTTCGGTTGCCGAC,CLEC9A+ dendritic cell
L3_CGTGAATAGTGGTGAC,Natural killer cell
E2L2_CTAACTTGTTGTGCAT,Platelet
L1_AGCGCTGTCTAGTGTG,Proliferating NK cell
E2L3_CAATGACAGGCATTTC,Proliferating NK cell
L3_ACATCGAAGCATATGA,Natural killer cell
L1_TTCCGGTTCAAGAGTA,Cytotoxic T cell
L4_CAGTTAGAGCGCCATC,CD4 memory T cell
L3_CTGGACGAGGTTGAGC,Naive CD4 T cell
L3_CACGGGTCAGCTGAGA,Naive CD4 T cell
E2L1_GTCGCGAAGTAATTGG,Plasma cell
E2L8_TGGTACACAAGCCTGC,Proliferating NK cell
E2L1_CCACGTTCATTACTCT,FCGR3A+ monocyte
E2L8_ACGGAAGTCCGTGTAA,Cytotoxic T cell
L2_TCAAGTGCATGCGGTC,Cytotoxic T cell
E2L5_GCTGCAGTCTTACCGC,Erythroid cell
E2L2_ATTCTTGGTTTACTTC,QC_filtered
L1_AGGAGGTAGGGCCTCT,Memory B cell
E2L5_GTCTACCAGTGGTGAC,Naive CD4 T cell
L1_CTGCCTACAAGCGATG,Plasmacytoid dendritic cell
L4_TTGTGGACACGCGTCA,Naive CD4 T cell
E2L3_TTGGGATGTCATAGTC,CD161+ memory T cell
L4_TGAGCATGTATGGAGC,Naive CD4 T cell
E2L5_TCGGGCAAGCGACTAG,Naive B cell
E2L3_TAGGTTGCACATGGTT,QC_filtered
E2L5_GGGTCACCAGCAGACA,Plasmacytoid dendritic cell
E2L7_CCTTTGGGTCACCGAC,Naive CD4 T cell
E2L6_AAACGCTCAAATGATG,FCGR3A+ monocyte
E2L8_CCCTCTCAGTGGCCTC,Natural killer cell
E2L2_AGGACTTAGCGCCTTG,Memory B cell
E2L2_AGGTTACAGGGTCACA,Natural killer cell
E2L4_TCATTGTGTCCTTTGC,Naive CD4 T cell
L1_CCCAACTTCATTGAGC,Cytotoxic T cell
E2L1_TATCGCCGTGATGAAT,Naive CD4 T cell
E2L3_AATGGAAGTCGAGATG,Proliferating NK cell
E2L6_ACATGCACACTCTAGA,Memory B cell
E2L1_CTTACCGTCATATGGC,Naive CD4 T cell
E2L4_TCGTCCAAGCGATGGT,Conventional dendritic cell
E2L2_TCCACCAAGTGTTCCA,GZMK+ memory T cell
E2L2_ACACCAACATGACAGG,Platelet
L1_TAGTGCAGTGTCCAAT,Naive CD4 T cell
E2L8_ACTATCTAGAAACCCG,CD4 memory T cell
L4_TGACAGTGTGATAGAT,FCGR3A+ monocyte
L1_GCCAGGTGTCTTTCAT,Cytotoxic T cell
E2L7_AAATGGACAAATCAGA,CD14+ monocyte
L3_TCCACGTGTGGGAGAG,Plasma cell
E2L2_TGCACGGTCAGTCAGT,CD4 memory T cell
E2L4_GTTATGGCAAGAAACT,Memory B cell
L1_AGACCCGTCCGTATAG,Cytotoxic T cell
L2_GTGGAAGGTGGATCAG,CD4 memory T cell
L2_TATTTCGGTGCAGTGA,Memory B cell
E2L7_CCGCAAGAGTAAGACT,Proliferating NK cell
L3_TGGTGATTCTCATGCC,CD4 memory T cell
E2L6_TACAGGTTCCGCACTT,CD14+ monocyte
L5_TGAGGAGGTTCTCGCT,Natural killer cell
L1_TTAGGCACATCGTGCG,Plasmacytoid dendritic cell
L4_TGCACGGTCCTACGGG,CD4 memory T cell
E2L5_CGCAGGTGTCTGCGCA,FCGR3A+ monocyte
L1_ACTATTCTCTAAGGAA,CD4 memory T cell
E2L8_ACATGCAGTCGAAACG,Natural killer cell
L1_CTGTATTGTATCCCAA,CLEC9A+ dendritic cell
L1_GTAGGTTAGGAAAGGT,Gamma delta T cell
L2_GGGCCATCATGGAGAC,Cytotoxic T cell
E2L3_AGGGAGTAGGTCGCCT,Natural killer cell
L5_GGGTGAACATATTCGG,Natural killer cell
E2L7_TGATGGTTCACGGTCG,Natural killer cell
E2L6_TAAGTCGAGGGCAATC,Natural killer cell
E2L4_GGCTGTGAGCAGGTCA,Naive B cell
E2L6_TACGGGCTCACGACTA,CD14+ monocyte
E2L4_CTACATTAGGGATCAC,Proliferating NK cell
L1_GGGTCACCACCTGCTT,CD4 memory T cell
E2L6_AGTGATCCAGGTCAGA,FCGR3A+ monocyte
E2L7_GTCACGGCAGGGATAC,Plasmacytoid dendritic cell
E2L7_TCGATTTGTGCCTTCT,Conventional dendritic cell
L4_CACTGTCAGAGATGCC,Naive CD4 T cell
E2L5_CACGTGGAGGAAAGGT,CLEC9A+ dendritic cell
L1_ACCAAACCAACTGGTT,Cytotoxic T cell
L2_CCACGTTCAAGTATCC,CD4 memory T cell
E2L3_AGGAAATAGACATCAA,Cytotoxic T cell
E2L1_GCCATTCCACCAACAT,Naive CD4 T cell
L3_CCTGTTGGTTCTCCCA,Plasma cell
L3_TCGCACTGTAGTCCTA,CD4 memory T cell
L2_TGTCAGAGTGGGACAT,Naive CD4 T cell
E2L4_ACTATTCTCCGCCTAT,Plasmacytoid dendritic cell
E2L2_TCCCATGAGGCCCACT,Naive B cell
L2_TACTTCAAGCTGTTAC,Hematopoietic progenitor cell
E2L1_CCTCAGTGTCGTATTG,CD14+ monocyte
L1_GTTTACTGTTTACCTT,FCGR3A+ monocyte
L3_CAAGAGGTCGACTCCT,Conventional dendritic cell
E2L3_TCGGTCTTCGCAGAGA,CD4 memory T cell
E2L8_GTAGAGGAGTCATGGG,Naive B cell
E2L5_ATTCATCCAGGCGAAT,CLEC9A+ dendritic cell
E2L2_TTACCGCGTTCTAACG,Conventional dendritic cell
L5_TCATGGACAGTAACCT,FCGR3A+ monocyte
L4_GATCACATCGCGTAGC,Naive B cell
E2L3_TTTGTTGAGGATACGC,Proliferating NK cell
L1_GCGATCGAGGCACTAG,Plasma cell
L1_TCACGCTAGCATCGAG,Hematopoietic progenitor cell
E2L2_TTCCTCTTCGGACTGC,Naive CD4 T cell
L4_TCGAAGTAGACCATTC,Conventional dendritic cell
E2L6_TGCTGAAGTTGCCGAC,CD4 memory T cell
E2L8_GGTAACTAGAGCCGTA,CD4 memory T cell
E2L5_GTCCTCACAAGCGGAT,CD4 memory T cell
E2L6_GGAGATGTCTGCACCT,CD161+ memory T cell
E2L5_AAGGAATTCTGAGCAT,CLEC9A+ dendritic cell
E2L8_GATGACTTCTAGTACG,CD14+ monocyte
L5_GGGAGATAGTGGAAAG,CD161+ memory T cell
L1_AGAAGTACATGTCTAG,Plasmacytoid dendritic cell
L2_TGATTTCAGTGAGGCT,Natural killer cell
E2L5_AATTTCCAGGAACGTC,Naive CD4 T cell
E2L6_GTGTGATTCGCTCCTA,Gamma delta T cell
E2L2_TGTCCACGTGAATATG,Memory B cell
L5_TGAGGTTGTGTTGAGG,Conventional dendritic cell
E2L8_GCACATAAGTCATCCA,CD14+ monocyte
L5_TCCTAATAGTAAGCAT,Plasma cell
L5_CTTACCGAGGAAGTCC,GZMK+ memory T cell
E2L5_TCGATTTGTGTAACGG,Cytotoxic T cell
E2L7_CAACAGTAGTAAACAC,Platelet
E2L1_TAGAGTCTCCTTCGAC,Natural killer cell
L4_CTGTGGGCACAACATC,CD4 memory T cell
E2L1_CACAGGCCACGACTAT,Plasmacytoid dendritic cell
E2L7_TTACCATCAATGCTCA,Natural killer cell
L1_TCGACGGCACAGACGA,Naive CD4 T cell
E2L7_GGTTGTATCCGATTAG,Naive CD4 T cell
L3_AGCTTCCAGAAACCAT,Naive CD4 T cell
E2L2_CTCCATGCATTACGGT,Memory B cell
E2L7_ACCAACATCCATATGG,Plasma cell
E2L7_GTCTCACAGACGCCAA,CD161+ memory T cell
E2L3_CTCAGAATCGTTAGTG,Naive CD4 T cell
E2L4_GGATCTATCTCGCAGG,Memory B cell
E2L5_GCACATAAGCGGGTAT,Natural killer cell
L5_GATGCTAAGAGTCACG,Naive CD4 T cell
L4_CTCCCTCCAACTTCTT,Naive CD4 T cell
L4_CCTCTCCAGGTCATCT,Naive CD4 T cell
E2L7_GAGGCAACAAATTGCC,Plasma cell
E2L4_GACGCTGTCAGCCCAG,Cytotoxic T cell
E2L5_TTCCTAACATATCTGG,FCGR3A+ monocyte
E2L6_ATAGAGAAGCCGTCGT,CD4 memory T cell
L1_TGCAGTACATCCGCGA,Proliferating NK cell
E2L2_CAACAACTCGTCAGAT,Conventional dendritic cell
E2L1_CCTGTTGTCCGTGGTG,Natural killer cell
L4_GTGTAACGTGTCTTCC,CLEC9A+ dendritic cell
E2L6_TCGTGGGAGTTTAGGA,Plasma cell
L3_ACAACCAGTTTCCCAC,CD4 memory T cell
L3_TATCTTGAGGTTCAGG,Conventional dendritic cell
L5_CCGTTCAAGCATCAAA,Natural killer cell
L4_GAAGGGTTCCGTGTAA,CD4 memory T cell
E2L5_ATCCACCGTTCTCGTC,Plasma cell
E2L4_CGAAGTTGTCGGATTT,Conventional dendritic cell
E2L2_ACGGAAGAGACTCAAA,Naive CD4 T cell
E2L2_ACTATTCGTCAGTCCG,Naive B cell
L5_AACCCAATCTAGACCA,Plasma cell
L2_TGACTCCTCGACTCCT,Naive CD4 T cell
E2L4_TGCAGTAGTACCCAGC,QC_filtered
E2L4_CCGATGGAGGGATCTG,Natural killer cell
E2L8_TTACCATAGTCCCTAA,Memory B cell
E2L7_TGGTTAGAGCTAGAAT,CLEC9A+ dendritic cell
L2_GACCCTTGTGGAATGC,CD14+ monocyte
L3_ACACGCGCACGACAGA,CD14+ monocyte
L2_CCTGCATGTTCAGCGC,FCGR3A+ monocyte
L3_ATCACTTAGCCGAACA,CD161+ memory T cell
L1_ACAACCATCAGATTGC,Naive CD4 T cell
E2L6_TGTTCATAGTCCCTAA,FCGR3A+ monocyte
E2L4_CCAATGAGTTATCTTC,Conventional dendritic cell
L1_CTACATTGTATGCTAC,QC_filtered
L4_AACCTTTTCAGCACCG,Naive B cell
E2L7_CATGCGGGTAGCACAG,CD14+ monocyte
L3_TCCTGCAAGGCCACCT,Plasma cell
L4_CGTGTCTCATTCACCC,Memory B cell
E2L3_GTTTACTAGGATACGC,Naive B cell
L2_CAAGACTTCTTCTGGC,Proliferating NK cell
E2L7_GAAGCGACACTCCACT,Naive CD4 T cell
L4_AAATGGAGTTCAATCG,Naive CD4 T cell
E2L4_GATTCTTGTAACGGTG,Conventional dendritic cell
E2L8_TTGGGCGTCCGAAATC,Naive CD4 T cell
L1_ATACCGAGTCGACTGC,FCGR3A+ monocyte
E2L3_AGAGAATCATACTGTG,Platelet
E2L8_CTCCCTCGTGCGACAA,Natural killer cell
L3_AGGAGGTCATGGCGCT,Cytotoxic T cell
L5_TCGCAGGCAAGCACCC,Plasma cell
E2L5_CCTCCAAGTAACACCT,CD14+ monocyte
E2L6_CACCAAATCCTCTAAT,Naive CD4 T cell
L2_GGAACCCAGGCAGGGA,Platelet
L5_AATGGAAAGTCATACC,FCGR3A+ monocyte
E2L3_CACGTTCTCTGCTGAA,Gamma delta T cell
L5_ATCGGATAGTAGCATA,Natural killer cell
E2L8_AGAGCAGAGTTGTCGT,Erythroid cell
E2L1_TACCTGCGTGAGCAGT,Plasma cell
E2L6_ATCGGATTCAGTCCGG,Memory B cell
E2L2_CCTACGTGTCAACACT,Naive CD4 T cell
E2L2_ATAGGCTTCCCTCATG,Proliferating NK cell
E2L2_AATTCCTCACCTCTAC,QC_filtered
E2L1_GGGAAGTCACAGCCAC,Proliferating NK cell
E2L4_CGAAGGACAGAACGCA,CD161+ memory T cell
E2L1_TTCTGTAGTAGTCGGA,CD14+ monocyte
L4_AGTACCACAAATGAAC,CD161+ memory T cell
E2L1_TGGGAGATCAGCAATC,Naive B cell
L1_CGGAATTCACAACGAG,Naive B cell
L2_ATAGGCTTCGGCAGTC,Naive B cell
L2_GATGAGGCAGGCGAAT,Naive CD4 T cell
E2L6_TCTCAGCGTCCAGAAG,Conventional dendritic cell
E2L3_CATGCAAGTACTGCGC,CD14+ monocyte
L5_CCCTCAAGTACAAAGT,Hematopoietic progenitor cell
E2L8_TTCCTCTTCCATCTGC,Plasmacytoid dendritic cell
E2L1_ATCACGACACGCGTCA,CD4 memory T cell
L3_AGTACTGCACCAGCTG,Proliferating NK cell
E2L3_GTCGTAATCATTTCCA,CD14+ monocyte
E2L2_GGCTTTCCAAGTTTGC,Platelet
E2L3_GGCGTCAAGCACCAGA,CD4 memory T cell
E2L8_CACTGTCCATGTCTAG,Hematopoietic progenitor cell
L1_GAACGTTTCTGGTGGC,CD14+ monocyte
L3_AGCCACGCATTGACCA,CD4 memory T cell
L3_GCCGATGTCCCATTCG,Naive CD4 T cell
L2_GTTTACTCAAATTGGA,Natural killer cell
L4_TATTTCGGTCCAGCAC,Naive CD4 T cell
L2_TCGGATAAGTTCGGTT,Naive CD4 T cell
E2L6_CGGGTCAAGAAGAGCA,Naive CD4 T cell
L5_AAGCATCGTTACCTGA,CD161+ memory T cell
E2L1_GCGTTTCAGTAGTCTC,Memory B cell
E2L6_TCATTGTAGCACCGAA,Proliferating NK cell
L1_AACAGGGCATGCCATA,Conventional dendritic cell
E2L7_ACGGGTCGTACTCCCT,Cytotoxic T cell
E2L6_GGTTAACCAGTGGCTC,Proliferating NK cell
E2L4_GTGAGTTAGGGATCAC,Memory B cell
L1_AGGGCTCAGGGCGAAG,CLEC9A+ dendritic cell
E2L7_AGGCATTGTGTACGCC,Naive CD4 T cell
L2_CGCAGGTGTGGACTAG,Proliferating NK cell
E2L4_CAAGACTGTCTACGTA,Naive B cell
E2L6_TCAGCAATCAAGCTGT,Memory B cell
E2L4_GACTGATTCGCTGCGA,Cytotoxic T cell
E2L2_CGTAATGGTCTACGTA,Hematopoietic progenitor cell
L5_TTAATCCAGCCACAAG,CD161+ memory T cell
E2L4_GATGACTAGGCCTGCT,FCGR3A+ monocyte
E2L4_CCTCCTCCACATGAAA,CD14+ monocyte
L4_GACCAATGTGCTGATT,Natural killer cell
E2L6_ATCGATGGTTCCTAAG,Conventional dendritic cell
L2_CTGGTCTAGATAGCAT,CD4 memory T cell
E2L5_TGAGACTTCGGTAGGA,Platelet
L1_TATCGCCGTTGGGTTT,Natural killer cell
L5_GTCCTCAAGCCTTTGA,Cytotoxic T cell
L1_TAGGAGGAGCTGTGCC,Naive CD4 T cell
L2_ATGAGGGGTTCTGAGT,Naive CD4 T cell
E2L5_TCCCAGTCAGGCTCTG,CD14+ monocyte
E2L2_CTCATCGCAGAGTCAG,GZMK+ memory T cell
E2L3_TTGGATGGTCCCGCAA,Natural killer cell
E2L1_ATAGAGACACAGTCAT,Platelet
L4_AAGGTAAAGGACAGCT,FCGR3A+ monocyte
E2L3_CGCATAACAGTGGGTA,Memory B cell
E2L2_AGCGATTTCCTCACTG,Natural killer cell
E2L2_TGCCGAGTCGATCCCT,CD161+ memory T cell
E2L7_GGGTAGACAGCGTACC,QC_filtered
E2L7_TCATGGATCTATCCAT,CD4 memory T cell
E2L8_ATGGATCCATGGGTCC,Cytotoxic T cell
L2_GGGCTCATCGTTATCT,Platelet
E2L1_GCACATATCCATTTGT,Naive B cell
L2_CTGTAGACACGACGCT,Natural killer cell
L1_TACCTGCTCCTGTAGA,CD4 memory T cell
L1_GGGTGAATCTCATGGA,Naive CD4 T cell
E2L8_CTGAGCGGTTTACGTG,Gamma delta T cell
E2L7_AGGGCCTCATGGATCT,Naive B cell
L4_ATGAAAGAGGTCTTTG,Naive CD4 T cell
E2L6_CGCGTGACAATCACGT,Conventional dendritic cell
L5_CGAGTTACAGAGTGTG,CD4 memory T cell
E2L8_ATGGTTGCAAGCGCTC,QC_filtered
L3_CTCTCAGAGCTAAGTA,CD4 memory T cell
L4_GTAACCAGTTCCACGG,Gamma delta T cell
L3_TACCCGTCAGTGGCTC,Hematopoietic progenitor cell
L5_GTTGTAGGTAGAGATT,Naive CD4 T cell
E2L3_TCGGTCTGTTGTGCCG,Cytotoxic T cell
L1_TGGAACTGTGGATGAC,Cytotoxic T cell
L5_CATCGCTTCAAACGAA,Naive CD4 T cell
E2L7_TGTACAGGTTGGCTAT,Gamma delta T cell
E2L7_CCAATTTAGCATGCGA,CD14+ monocyte
L5_GACTTCCTCTCGCCTA,Hematopoietic progenitor cell
L3_CCATCACCACAGTCAT,Erythroid cell
L5_TAGATCGCAGTATTCG,Naive CD4 T cell
L1_GGGTAGAAGAAGGATG,CD4 memory T cell
L3_AACGGGACACTCTCGT,FCGR3A+ monocyte
E2L5_CGTTAGAGTAGCACAG,Naive B cell
E2L7_GGCTTTCCATAAGATG,Naive CD4 T cell
E2L1_CCATAAGCAAATGAGT,Cytotoxic T cell
L3_ACAAAGATCGCAAGAG,Hematopoietic progenitor cell
L3_TAGAGTCTCCGCACGA,Cytotoxic T cell
E2L4_CTCCTTTTCACGGGAA,Plasmacytoid dendritic cell
E2L2_TTCCTCTAGGCACGAT,Proliferating NK cell
E2L1_AATAGAGTCAGGACAG,Natural killer cell
E2L5_TGGGCTGTCATCGGGC,Memory B cell
E2L4_TACACCCTCTCGTCGT,Cytotoxic T cell
L2_AAACCCAAGTAACAGT,Cytotoxic T cell
L4_AGAGCCCAGGAAAGTG,Proliferating NK cell
L4_CAATCGATCGCAACAT,CD4 memory T cell
E2L2_TGGGCTGAGCCTAACT,Platelet
L1_CAATACGGTTATGACC,Naive CD4 T cell
E2L7_ACACCAAAGACGCATG,CLEC9A+ dendritic cell
E2L3_TACATTCCATGGCGCT,Platelet
E2L6_AATTTCCTCGGAGTAG,Cytotoxic T cell
L1_TGATGCAGTTGTGTAC,Erythroid cell
E2L8_TGGGTTATCGTGGCGT,CD161+ memory T cell
L1_TTCCTAAGTTCCGCGA,Memory B cell
E2L3_GGAGGTAGTATAGGAT,Natural killer cell
L5_ACAAGCTTCCACCCTA,CD161+ memory T cell
L5_GAGATGGAGACAAGCC,Naive CD4 T cell
E2L8_GAGTCATGTCCGACGT,Cytotoxic T cell
E2L8_CTATAGGAGGCTTAGG,Naive CD4 T cell
L2_TGAGCGCTCTGCTAGA,Plasma cell
E2L2_CCTGTTGTCGGTATGT,Plasma cell
E2L2_AGTAGCTAGTAACGTA,CD4 memory T cell
E2L6_TGTGAGTAGATTTGCC,CD161+ memory T cell
L5_CATTGTTAGACTACCT,Cytotoxic T cell
L2_TCCTTCTGTTCTCTAT,Hematopoietic progenitor cell
L5_TATATCCAGGTGCGAT,Naive CD4 T cell
L2_ACAGCCGGTGCCTACG,Naive CD4 T cell
E2L2_CTATCCGTCTTCCTAA,Naive CD4 T cell
L5_CATACTTAGAATGTTG,Proliferating NK cell
E2L5_CCGGGTACAGCTTTCC,Cytotoxic T cell
E2L4_AAGACAAAGCGTGAAC,Naive B cell
E2L4_TTCCTCTGTCACCGCA,CD4 memory T cell
E2L3_GGTAGAGGTACTTCCC,Conventional dendritic cell
E2L8_GAGACCCCATTGGATC,CD4 memory T cell
L1_GGCTGTGAGGCTTCCG,GZMK+ memory T cell
E2L2_CTTTCAATCCTTTGAT,GZMK+ memory T cell
E2L1_TTCACCGGTGAACTAA,Plasmacytoid dendritic cell
L4_GTGTTAGTCCGGTTCT,CD161+ memory T cell
L4_ACTATGGGTCTGATCA,Naive CD4 T cell
L2_GTTTGGAGTAATACCC,Proliferating NK cell
L4_TCAAGCATCAGTCATG,Erythroid cell
E2L2_AGAACCTCAGCTACAT,Natural killer cell
E2L6_ATGATCGTCTAGTGAC,Proliferating NK cell
E2L6_GGTTGTATCGACCTAA,Memory B cell
E2L1_CACACAAGTTGCGAAG,Plasma cell
L5_TCCGAAAGTGCATGTT,Naive CD4 T cell
L3_TCATGCCAGACCAGAC,Naive CD4 T cell
L4_AGCTCAATCGAGGCAA,Hematopoietic progenitor cell
L3_TCCATCGTCCGTGGGT,Cytotoxic T cell
L3_CCCTCTCCAACCGTAT,Naive CD4 T cell
L4_ATCCATTTCTGGGCAC,Conventional dendritic cell
L5_AGACAGGTCATCGTAG,Naive CD4 T cell
E2L6_ACACTGATCATCCCGT,Cytotoxic T cell
L5_TGAGACTTCATGGGAG,Hematopoietic progenitor cell
E2L1_TCGGGTGCACGGTGAA,Naive CD4 T cell
L2_GCGGATCAGTGCGTCC,Cytotoxic T cell
E2L2_CTATCCGGTATGGTAA,Plasmacytoid dendritic cell
E2L1_GCCAGCACAGACAAGC,GZMK+ memory T cell
E2L6_ATCGATGAGCTAATGA,CLEC9A+ dendritic cell
L1_GTCCCATGTCTTTCTA,Conventional dendritic cell
E2L7_AGATGCTCAGCGTATT,Memory B cell
L2_AGACAAATCCATGAGT,Proliferating NK cell
L4_GAGAGGTCAGAGGTTG,CD161+ memory T cell
E2L2_TCTGCCATCACCTCTG,Cytotoxic T cell
E2L2_GTGAGCCTCTTGGGCG,Cytotoxic T cell
E2L6_CTGAGGCTCTTACGTT,CD4 memory T cell
E2L2_GTAACCAAGCATCAAA,Cytotoxic T cell
E2L7_AATGGAAGTTCGAAGG,Naive B cell
E2L6_TCCTAATGTGGTTTGT,Cytotoxic T cell
L1_AAGAACATCTTCTGTA,CD4 memory T cell
E2L4_TCCACGTAGCCACAAG,Naive CD4 T cell
E2L3_CGAGGCTAGTTGCCTA,Natural killer cell
E2L3_AGGATAAGTTAGGCCC,Natural killer cell
E2L1_GGGTATTTCATTGCCC,Proliferating NK cell
E2L6_GTAATGCTCAGTCCGG,Cytotoxic T cell
E2L2_CTATCCGAGGCATTTC,Plasma cell
E2L5_AACGGGAAGGGTCTTT,CD4 memory T cell
E2L4_GGGAAGTGTGGGAGAG,Natural killer cell
L2_ATGATCGGTGCATTAC,Natural killer cell
E2L3_AGGAAATTCCCGTGAG,QC_filtered
L3_GGGCTCAAGAAGCGGG,Naive CD4 T cell
L1_GTTGTAGCACTGGATT,CLEC9A+ dendritic cell
L5_GTGCTGGGTTAGAGAT,CD4 memory T cell
E2L5_CGAAGTTAGTACCCTA,Cytotoxic T cell
E2L5_GCCATTCGTGTAAACA,CD4 memory T cell
E2L2_AGTACCAAGACCATTC,CLEC9A+ dendritic cell
E2L8_ACAGAAATCTATCACT,QC_filtered
L2_TCATCATGTCGATGCC,GZMK+ memory T cell
L4_ATGAGTCCAACATACC,Proliferating NK cell
E2L8_GACTCTCCAATAGAGT,Naive B cell
L1_AAAGGATAGAGACAAG,Plasmacytoid dendritic cell
L4_GGCGTCAAGGCAGCTA,Memory B cell
L4_TAGGTACCAGGCGTTC,Conventional dendritic cell
E2L7_GTTGTAGTCAAGCCTA,Natural killer cell
L1_CAGTGCGCACGCGGTT,Naive CD4 T cell
L5_CTGTGAAAGGTTGCCC,Naive CD4 T cell
E2L2_AGAGAGCTCCGGTAGC,Plasmacytoid dendritic cell
L3_GGCAGTCGTCCAACGC,CLEC9A+ dendritic cell
E2L1_TTGAACGTCCACACAA,Proliferating NK cell
L1_TTCACCGTCCCAATAG,CD161+ memory T cell
L2_TTGTTGTGTCTCACGG,Conventional dendritic cell
L5_TTCCTCTCATAGGTTC,Hematopoietic progenitor cell
E2L2_ACGGGTCGTCATCGCG,Naive CD4 T cell
E2L8_TGCGGCAAGAGTTGTA,Naive B cell
L1_GACTATGAGTGCACCC,CD4 memory T cell
E2L6_TAACCAGTCAGTGTTG,Naive CD4 T cell
E2L8_CGAGGAAAGACTGTTC,CD4 memory T cell
E2L8_ACAAAGACATCTCATT,Naive CD4 T cell
L1_GTCGAATAGCCTCCAG,CD4 memory T cell
E2L5_TGTCCTGGTTGGAGAC,Erythroid cell
L4_TAACGACGTACCGTCG,Naive CD4 T cell
L3_GGTTCTCCATGGGCAA,Hematopoietic progenitor cell
E2L7_CAACAACAGTACAACA,Platelet
L3_GGACGTCAGCTAAGTA,Conventional dendritic cell
E2L2_CGAGTGCTCTTGCAAG,Conventional dendritic cell
L4_CCGGTGACACACAGCC,Hematopoietic progenitor cell
L5_GCCCAGAAGTCCTGCG,Cytotoxic T cell
L2_CTAACTTAGGCACTAG,GZMK+ memory T cell
L4_ATCTCTATCTTGCAGA,Cytotoxic T cell
E2L8_CCTTTGGCAACGAGGT,Proliferating NK cell
E2L7_GAGCTGCCAATGCAGG,Proliferating NK cell
E2L3_CAACAGTTCGATTTCT,Natural killer cell
L4_GTGCTTCAGGGCGAGA,Naive CD4 T cell
E2L4_TATTCCACAACTGATC,Platelet
L2_GCTACAATCTCTAGGA,Naive CD4 T cell
E2L4_TTGCGTCTCACGATAC,Plasmacytoid dendritic cell
L1_CAGCAATCATGATGCT,Naive CD4 T cell
E2L7_CGGACACTCGTTGTGA,Proliferating NK cell
L2_GCATTAGCAGCTACCG,Naive B cell
L2_CGAAGGACAGTTGAAA,Conventional dendritic cell
E2L2_TACTTGTGTACCTTCC,Memory B cell
E2L3_ATCACAGGTCAACACT,CD4 memory T cell
E2L5_ACATCCCGTAGAATGT,Plasmacytoid dendritic cell
L4_CGCATGGCATCCGGCA,Naive CD4 T cell
L1_GTAATCGCAGACGCTC,CD161+ memory T cell
E2L4_GCCGTGATCCAAGCCG,Naive CD4 T cell
E2L3_GATGACTTCGTGGAAG,Cytotoxic T cell
E2L7_CCTCATGTCTATACTC,Proliferating NK cell
E2L7_AAGCGAGTCTATGCCC,Proliferating NK cell
E2L4_CAGCAATGTTTCGTAG,Memory B cell
E2L3_GAACGTTAGGTTCCGC,CD14+ monocyte
E2L2_GTATTTCAGAGTCCGA,Natural killer cell
E2L5_AGTGATCCAGAAATTG,Natural killer cell
L3_TTGCCTGTCGTTTACT,Naive CD4 T cell
L2_TTAATCCCATGACACT,Cytotoxic T cell
E2L5_TAGGTTGTCATTCTTG,Memory B cell
E2L5_ATCCATTTCTTTGATC,QC_filtered
E2L3_TCCGATCAGGCGAAGG,Memory B cell
L1_AAGACTCAGGCAGGGA,Naive CD4 T cell
E2L5_TTTGACTTCTTCTAAC,Naive CD4 T cell
E2L6_GTTACAGTCCATCACC,CD161+ memory T cell
L4_GGAGGTAGTCGTTTCC,Naive CD4 T cell
E2L6_TATCCTAGTTCGTTCC,Cytotoxic T cell
E2L6_TATTGGGCAGATACTC,Gamma delta T cell
E2L3_GCGTGCACAAACTAAG,Cytotoxic T cell
E2L8_GATTGGTCATAACGGG,Platelet
E2L1_CTTTCGGTCCATGCAA,Cytotoxic T cell
E2L3_GAGATGGGTCTGCCTT,CD4 memory T cell
E2L8_GGTAACTGTGGCAACA,Natural killer cell
L1_TTACGTTTCCCATACC,Naive B cell
E2L4_TGTTACTGTTGCTCCT,Naive CD4 T cell
E2L6_CTCTGGTAGCTAATCC,Proliferating NK cell
L3_CTGCGAGGTAGGTTTC,QC_filtered
L4_ATTTCTGTCTCCGTGT,CD4 memory T cell
E2L2_AGATCCATCAGGACAG,Cytotoxic T cell
L1_GCAGCTGTCGAGAATA,Conventional dendritic cell
E2L4_GTGGAAGAGCCATCCG,Platelet
L1_AGGGTCCCAGCCCACA,Naive CD4 T cell
L5_GCAGTTAGTCTTTCAT,Cytotoxic T cell
E2L3_CTATCTACACCAGTTA,Memory B cell
L3_GTTAGTGCAGATTCGT,Conventional dendritic cell
E2L1_GTAACACCAACACGTT,Proliferating NK cell
E2L3_TCTTCCTCAGCGGATA,Memory B cell
E2L6_GCATGATAGAGGCTGT,Natural killer cell
L2_CCTACGTTCGCTGATA,Naive CD4 T cell
E2L4_CTCATCGAGCGTGAAC,Platelet
E2L7_ATGAAAGCAATCAAGA,CD14+ monocyte
L4_TGACTCCTCGTGCATA,Naive CD4 T cell
E2L7_TTACCGCGTCAAGTTC,QC_filtered
L4_CTGAATGTCCGTGGCA,Naive CD4 T cell
L4_ACATGCAGTACCGTCG,Plasmacytoid dendritic cell
E2L6_TCCGATCCAATTCGTG,Cytotoxic T cell
E2L2_ACGTAACAGGTTGGTG,Memory B cell
L4_CACTGAAGTCGGTGAA,Cytotoxic T cell
L4_TGATTCTTCATCGTAG,GZMK+ memory T cell
E2L8_GGGTATTCAATGACCT,Natural killer cell
L5_CGCATAAAGATACATG,Proliferating NK cell
L5_CTGTATTTCTTGGATG,CD4 memory T cell
L1_GAACACTCATAATGAG,Conventional dendritic cell
E2L2_AGGAGGTTCGGACAAG,Platelet
E2L7_AGGGCTCAGATACTGA,Gamma delta T cell
L5_GTATTTCAGTACAACA,Naive CD4 T cell
E2L6_ATTCGTTTCAACCGAT,Memory B cell
E2L8_TGGATGTTCATTGTGG,Conventional dendritic cell
L1_GAGAAATCATGTTTGG,Proliferating NK cell
E2L5_CGGCAGTTCGATGCAT,Natural killer cell
E2L2_ATGTCTTAGAGAGCAA,Naive CD4 T cell
E2L4_GTCTGTCTCTCCTACG,Naive CD4 T cell
E2L8_ATGGAGGGTTCTCTCG,Naive B cell
L3_AAAGGGCGTGCAGATG,Naive CD4 T cell
L1_TTCCTAAAGGCAATGC,Naive CD4 T cell
L5_CTCCAACGTCACTAGT,Plasmacytoid dendritic cell
L1_CCTCTCCTCGCGATCG,CD4 memory T cell
E2L3_ACGTCCTTCAACGCTA,Plasmacytoid dendritic cell
L1_AAAGGGCGTAGTAAGT,Proliferating NK cell
L2_TTAGTCTTCACGGAGA,Hematopoietic progenitor cell
E2L8_TTGCGTCAGCTAATCC,Cytotoxic T cell
L2_ATCCACCGTGTAACGG,Erythroid cell
E2L5_TCGTAGAAGTCGAAAT,Gamma delta T cell
L5_TGTCCTGCACGGGCTT,GZMK+ memory T cell
E2L4_ATTGGGTGTCATAAAG,Proliferating NK cell
E2L4_GACCCTTGTGCGTCGT,Memory B cell
E2L7_CGAGGAACAGCATTGT,Plasma cell
E2L7_CCTACGTTCGCTCTCA,GZMK+ memory T cell
E2L1_CACAACATCTTAATCC,Memory B cell
L1_CATAAGCTCACTTGTT,Naive CD4 T cell
E2L1_ATCCTATAGTCACTGT,Cytotoxic T cell
L5_TCCTCGAAGTCTACCA,Hematopoietic progenitor cell
L5_CGCCATTCAGCTAACT,Memory B cell
E2L6_ATGACCATCGCCAACG,CD14+ monocyte
E2L2_GCGTGCAGTCCAATCA,QC_filtered
L1_CGGTCAGCAGTATTCG,Proliferating NK cell
E2L6_CTCAGGGCACGAGAAC,Memory B cell
E2L3_ACATGCAGTGAGCTCC,CD4 memory T cell
L2_TAGCACAAGGCTAACG,Memory B cell
E2L1_CTCTCAGTCCAAGCTA,Plasma cell
E2L1_CTGTAGACACACCTAA,Cytotoxic T cell
E2L1_AGGCATTAGACGTCCC,CD4 memory T cell
E2L5_TACGCTCGTGCAATAA,Gamma delta T cell
E2L8_ATCAGGTGTCTAGATC,Memory B cell
E2L1_GCCAACGGTCAAACGG,Memory B cell
L1_CAGCAATGTACCGCGT,CD4 memory T cell
L5_AAGCCATGTAGAATGT,CD161+ memory T cell
E2L1_CCGTTCAGTGTATTCG,Plasmacytoid dendritic cell
L4_TCTTCCTAGTTGTAGA,Conventional dendritic cell
L2_CCGGTAGTCAAGGCTT,CD161+ memory T cell
E2L3_TTCGCTGCATGCTGCG,Naive CD4 T cell
L3_ACTCTCGGTCGTACAT,Naive CD4 T cell
L5_TCTTAGTCACCCTATC,Naive CD4 T cell
E2L8_GCGAGAATCACGGGCT,Natural killer cell
E2L5_TCAGCCTAGTGTACCT,Cytotoxic T cell
L4_GTAATCGCAGTTGTTG,Naive CD4 T cell
E2L5_CGGAACCGTCCGGTCA,Naive B cell
L2_GCAACCGTCCGTAGGC,Conventional dendritic cell
L4_TGCACGGGTCGCATGC,Platelet
E2L3_AATCGTGTCCGGACGT,CD14+ monocyte
E2L4_TCATTACAGTTGCCCG,GZMK+ memory T cell
L1_CTTCTCTCACTGAGTT,Naive CD4 T cell
L5_GCTTCACGTGGCTCTG,Naive CD4 T cell
L3_TCATGTTTCGCTGTTC,CD161+ memory T cell
L4_GCGGATCTCGAGTGGA,CD161+ memory T cell
E2L1_CGATGGCGTGTTGACT,Gamma delta T cell
L1_TGCTGAAGTCTCGGAC,Naive CD4 T cell
E2L4_TTTAGTCGTCACTAGT,Memory B cell
L2_CTCGAGGCAAACCGGA,Naive CD4 T cell
L3_AGGGTCCCATGGACAG,Proliferating NK cell
E2L6_TGAGCATAGTTCCAGT,Conventional dendritic cell
L3_CGAGTTATCAATCCAG,CD4 memory T cell
L2_ACTATCTGTTCGGCGT,Plasma cell
L5_AACAACCTCGTTGTGA,CD14+ monocyte
L5_TATGTTCGTATTTCTC,FCGR3A+ monocyte
E2L8_CCGGTAGTCCATTGGA,CD161+ memory T cell
L4_TGTTCATGTTTGTTGG,FCGR3A+ monocyte
E2L5_TTTGGAGGTTGCTCAA,Memory B cell
E2L7_AGGGTCCAGTTAGTAG,Memory B cell
E2L7_TGGTTAGTCTGGGATT,Plasmacytoid dendritic cell
E2L4_GGGTATTTCCCAGGAC,Cytotoxic T cell
L4_TGATGCAGTCCTCCAT,Hematopoietic progenitor cell
L2_CCGATGGAGAGCATAT,FCGR3A+ monocyte
E2L6_ATTCGTTAGCCAAGTG,Memory B cell
E2L5_CTCAAGATCGAACTCA,Naive CD4 T cell
L1_ACTCTCGGTCATGCAT,Natural killer cell
E2L5_CATGGTAGTCGCCACA,Memory B cell
E2L7_GCACGTGAGACCCTTA,CD4 memory T cell
E2L2_GTAGAGGTCGGTGTTA,Platelet
E2L4_ATGGGTTGTACGTGTT,CD4 memory T cell
E2L4_ATCCCTGGTTAAACAG,CD4 memory T cell
L4_CATTCTACATGTGTCA,CD161+ memory T cell
L5_GTGAGCCGTGGTGATG,Naive B cell
E2L5_CTGATCCGTTTCCATT,Naive B cell
E2L6_CATCGCTCATGTGGCC,Proliferating NK cell
E2L4_CATCAAGAGCGAACTG,FCGR3A+ monocyte
L2_GTGAGCCGTATCACCA,CD161+ memory T cell
E2L8_ACGTAACCACATATCG,Memory B cell
E2L8_AATGAAGAGCAAATCA,Memory B cell
E2L4_CCGATGGAGGGTGAAA,Platelet
L5_ACTCTCGAGGTCCCGT,CD161+ memory T cell
L4_CCTTCAGAGCGATGAC,Natural killer cell
L3_GTTCGCTCATCATTGG,CD4 memory T cell
E2L3_CATGAGTTCCTACCGT,FCGR3A+ monocyte
E2L6_CGTTGGGCACTCCACT,Platelet
L4_ATTCACTGTACCTGTA,CD14+ monocyte
L1_TAAGCGTCATATCTCT,Natural killer cell
E2L1_GGGACTCTCCTGGGAC,Cytotoxic T cell
E2L8_GTCAGCGCAGCCCACA,Cytotoxic T cell
E2L4_GTATTGGTCCTCACTG,Plasmacytoid dendritic cell
E2L1_TTGGATGAGCATCAGG,CD4 memory T cell
L3_AGTCTCCGTGGAATGC,Naive CD4 T cell
E2L8_GACTATGAGGAGCAAA,CD4 memory T cell
E2L3_TGAGGGACAACAGATA,Memory B cell
E2L7_CTTGATTGTAACAGTA,Proliferating NK cell
E2L8_TAAGCACCATAATGCC,FCGR3A+ monocyte
L4_TTGGATGCATTGGGAG,Cytotoxic T cell
E2L7_GCGGAAAGTAGAGGAA,Plasmacytoid dendritic cell
E2L2_AGGTCATTCGTTCTCG,Natural killer cell
L1_CAACGGCAGCCTGAGA,Memory B cell
E2L1_ATCGCCTTCCTTACCG,Plasma cell
L2_GTGAGCCTCAAGTCTG,Gamma delta T cell
L5_TACACCCTCATTGTTC,Natural killer cell
L3_GTTCCGTGTTTCGTTT,Naive CD4 T cell
E2L4_CGCATAAGTCCCGTGA,Conventional dendritic cell
L1_ATGAAAGTCAACACCA,Memory B cell
E2L5_TTCAGGAGTGACCGAA,Naive CD4 T cell
L5_TACGTCCAGTGATGGC,CD14+ monocyte
E2L3_GTGCAGCGTGATATAG,Memory B cell
E2L8_TCATGTTGTTGTAAAG,CLEC9A+ dendritic cell
L4_CACTTCGTCTCTATGT,Hematopoietic progenitor cell
E2L3_AAGTACCCATCCTGTC,Naive CD4 T cell
E2L6_TCATGGATCATTTCCA,CD4 memory T cell
L2_TACAACGCAGCGTGAA,Hematopoietic progenitor cell
E2L3_TACAACGCATCGATGT,Cytotoxic T cell
L2_GGTTCTCAGGCGCTCT,CD161+ memory T cell
L2_CATTTCAAGCGACATG,Naive CD4 T cell
L2_TCATCCGTCTGATTCT,CD161+ memory T cell
E2L7_TCATACTTCGAACGGA,Cytotoxic T cell
E2L6_TGAGGGATCTTCCCAG,Naive CD4 T cell
E2L4_GATTGGTAGAGAGTGA,Naive B cell
L5_TCATTTGTCACATTGG,Natural killer cell
L4_ATGGAGGGTACCCAGC,Hematopoietic progenitor cell
L4_CCACCATCAGCTGTCG,Naive CD4 T cell
E2L8_TGGATGTAGGCTGAAC,Proliferating NK cell
L4_CAAGGGACATAACTCG,Hematopoietic progenitor cell
E2L3_GGGTTTACAGACGCTC,Proliferating NK cell
L1_TCTCTGGTCTTTGCAT,Plasmacytoid dendritic cell
L5_GATGACTGTTAGTCGT,Naive CD4 T cell
L3_TGAGCATCAACGTTAC,CD14+ monocyte
E2L1_TTATTGCTCCCATAAG,Cytotoxic T cell
E2L7_GTTGTCCCAACTCCAA,Naive CD4 T cell
E2L6_GATAGAACAATGAGCG,CD4 memory T cell
E2L2_AGACCCGCAGCCGGTT,Naive CD4 T cell
E2L1_GACAGCCCACTAGTAC,CD14+ monocyte
L3_ATTACCTTCCAGCCTT,Natural killer cell
E2L6_GTGGGAACAACGACAG,Natural killer cell
L3_CTCCATGTCTTAGCCC,Naive CD4 T cell
L3_CGATGCGTCCTTCTAA,Natural killer cell
L5_CCCATTGCAAGGCTTT,Naive CD4 T cell
L1_CCCATTGAGGGACCAT,Natural killer cell
L3_AAAGGATGTATAGGGC,Proliferating NK cell
E2L7_CATTGTTCACCGAATT,Naive CD4 T cell
L1_TGATGGTAGCACCGAA,Hematopoietic progenitor cell
L3_GCGTGCAAGTAGGATT,Erythroid cell
E2L8_CAAGAGGCACGGTGAA,CD14+ monocyte
E2L5_GATGACTGTACGTACT,Natural killer cell
L2_CTTACCGGTGAGCTCC,CD161+ memory T cell
E2L3_ACAAGCTCAGGTTTAC,Naive B cell
E2L3_CGAGGCTAGGGTCAAC,Naive B cell
L3_TTGCCTGAGATAGGGA,Cytotoxic T cell
E2L5_CGTAATGCATTATGCG,Naive B cell
L5_GTCAAGTAGGATTACA,Cytotoxic T cell
L4_AAACGAAAGCCTGACC,Conventional dendritic cell
E2L1_CTACCTGGTTACGGAG,CD14+ monocyte
L2_AGTAGTCCAACGATCT,Naive CD4 T cell
E2L4_AGAACAACACTCGATA,Naive CD4 T cell
L4_CTCATGCCATAAGCGG,Cytotoxic T cell
L2_CCCTCAACACAGACGA,Naive CD4 T cell
L5_GTCAGCGGTTTACGAC,Cytotoxic T cell
L1_CACACAAAGCCTTCTC,Naive CD4 T cell
E2L1_TGATCTTTCAAGAATG,Memory B cell
E2L6_CTTTCAATCTCAGGCG,Plasma cell
L4_TTACGCCGTAGCGATG,CD14+ monocyte
E2L2_TACAACGCATACAGGG,GZMK+ memory T cell
E2L8_ACATCCCGTCTCCTGT,Platelet
E2L4_TATCCTACACTTCAGA,Cytotoxic T cell
E2L4_CCCTAACCATTGACAC,GZMK+ memory T cell
L5_AGAAGTATCCGTATGA,Cytotoxic T cell
E2L5_TAGACCAGTAGGGAGG,CD161+ memory T cell
E2L4_ATTCCATTCTTTCCAA,Plasmacytoid dendritic cell
E2L2_CTCAAGACACGGCTAC,Cytotoxic T cell
L5_AACAGGGGTCACATTG,Cytotoxic T cell
L3_GACCCAGAGCCTCAGC,Naive B cell
E2L5_CTAACTTTCAGTGATC,Plasmacytoid dendritic cell
L1_GTAGAAACATGGCCAC,Naive CD4 T cell
L4_TGTCAGATCCGTCACT,CD4 memory T cell
E2L2_AATCGTGAGCAACAGC,FCGR3A+ monocyte
E2L3_TGGGTTAAGAACCCGA,Memory B cell
L4_CATGCTCTCCCATTCG,Cytotoxic T cell
E2L7_ACCTGAAGTCCAGGTC,Plasma cell
E2L7_TTGCTGCCATACCACA,Plasmacytoid dendritic cell
E2L8_CTGCCTATCTGCTTTA,Natural killer cell
E2L8_AGCTTCCAGGTCGCCT,CLEC9A+ dendritic cell
E2L4_GACTATGTCGACGACC,Memory B cell
E2L2_TTGCTGCAGCCTCGTG,FCGR3A+ monocyte
E2L1_GGCGTCAGTCGATTAC,Naive B cell
E2L6_ATGGATCAGTAGCAAT,Conventional dendritic cell
E2L6_AGCTTCCGTCAACGCC,Cytotoxic T cell
E2L6_AAGACTCTCAACGCTA,Platelet
L3_GGCGTCACAAATTGCC,Proliferating NK cell
E2L7_GTAAGTCCAAATAGCA,Plasmacytoid dendritic cell
E2L5_TTGAGTGAGAGTGTGC,CD161+ memory T cell
E2L5_TACACCCAGTAGACAT,Cytotoxic T cell
E2L8_TAGCACATCTAGTTCT,QC_filtered
E2L3_GGTGTTAAGTGCACTT,Platelet
L2_GATGACTAGGACAGCT,Naive CD4 T cell
L4_CGTGATAAGGTGCTTT,Naive CD4 T cell
E2L4_GCAGCTGTCTCATTTG,CD161+ memory T cell
E2L6_TCGTCCAAGTGGCGAT,CD4 memory T cell
L3_ACTGCAAGTTAGAAGT,Naive CD4 T cell
E2L8_ACCTGAAGTTCTTAGG,Natural killer cell
E2L6_GTTCCGTGTTGTACGT,Cytotoxic T cell
L2_TGCTCGTCAGCGACAA,CD161+ memory T cell
L5_CCACGTTCATGTAACC,Cytotoxic T cell
L2_TTGTTCATCCCTATTA,CD4 memory T cell
L2_GATGACTCAGGTATGG,Erythroid cell
E2L4_TAGGTACGTGCATTAC,Proliferating NK cell
L3_TTTACTGAGATGTTCC,Hematopoietic progenitor cell
E2L1_ACGGAAGGTGGTAACG,Cytotoxic T cell
E2L3_CCAAGCGGTGCAAGAC,Natural killer cell
L2_AGTTCGATCACGGTCG,CD4 memory T cell
L5_GTATTTCGTTTGATCG,Cytotoxic T cell
E2L6_AGGCTGCAGAGTCAAT,QC_filtered
E2L4_AGGGAGTGTCGCAGTC,Memory B cell
E2L3_AGGAGGTGTTCGAAGG,Plasmacytoid dendritic cell
E2L7_TTAGGGTGTAGGTACG,Naive B cell
L3_TCTAACTGTCGATTTG,Plasma cell
E2L1_TGAACGTAGTTGTCAC,Memory B cell
L4_CGAGGCTAGCGTATAA,Naive CD4 T cell
E2L3_CCCTCAACAGTAACCT,QC_filtered
E2L3_CTCAACCGTCATTGCA,Cytotoxic T cell
L4_CAGAGCCCACAACGCC,Proliferating NK cell
L1_CGTGCTTGTAGCACAG,CD4 memory T cell
L3_GTAGAAATCCGTTGAA,CD4 memory T cell
E2L7_AAGTGAAAGGCGTTGA,Naive CD4 T cell
E2L4_CTCCAACTCGCTAAAC,Cytotoxic T cell
E2L4_AGTCATGGTTTCGTGA,Platelet
E2L7_TCAATCTGTCTTAGTG,Conventional dendritic cell
L5_AGGACGATCATCGCTC,CD4 memory T cell
E2L8_GAGTGTTTCATTCATC,CD14+ monocyte
L2_CACGAATTCCTGTTGC,Cytotoxic T cell
E2L7_TTTCATGCAGTAACAA,Naive CD4 T cell
E2L5_TCAAGTGAGTGCGCTC,Memory B cell
E2L5_TCTTGCGCATGAGGGT,Natural killer cell
E2L8_AAAGTGAAGCAGCCCT,Platelet
L3_TTGCGTCCACTCTAGA,CD161+ memory T cell
L2_CATCCACCATGGGTCC,CD161+ memory T cell
E2L1_TGTGTGATCAGACATC,FCGR3A+ monocyte
L3_CCTTCAGGTGGATCGA,Cytotoxic T cell
L1_CTTTCAAAGTAGATCA,Memory B cell
E2L7_CCGTAGGCAACCGGAA,Plasmacytoid dendritic cell
L2_ATCCCTGGTTCGATTG,Plasma cell
L3_GTAATGCGTGGGCTTC,Cytotoxic T cell
E2L4_TGACGCGGTGATGAAT,Plasmacytoid dendritic cell
E2L8_TATGTTCAGTAAAGCT,Naive CD4 T cell
E2L1_CAGATTGCACAAGTGG,Naive CD4 T cell
E2L6_CTCGAGGCACCTGCTT,Naive B cell
E2L2_TGTCCTGTCGCCAGAC,Cytotoxic T cell
E2L5_GTATTTCGTCTTTATC,QC_filtered
E2L4_CACGTGGCAAACTAGA,Platelet
L3_GTAATGCAGACCAGCA,Conventional dendritic cell
E2L1_TCGAAGTAGCAATTAG,CD4 memory T cell
E2L2_AGCTCAACACTGGATT,Memory B cell
E2L8_GGGACCTTCGGCTGTG,FCGR3A+ monocyte
E2L8_TGCAGATAGCTCTGTA,Memory B cell
E2L6_ATTCTACTCCGGCAAC,CD4 memory T cell
L1_CAGCCAGTCCGGTTCT,Cytotoxic T cell
E2L1_TGTTCCGAGTAGCCAG,Proliferating NK cell
L1_TGTGTGACACAATGAA,Gamma delta T cell
E2L2_TTACAGGGTGGTAATA,Naive CD4 T cell
E2L5_TCTACATCACCGTCGA,Platelet
L5_GGTAGAGCAGGGAATC,CD14+ monocyte
L1_AGCTCAATCATGAGTC,FCGR3A+ monocyte
E2L6_ACGGTCGAGGTTTACC,Cytotoxic T cell
L4_GTGTTAGTCATCAGTG,Natural killer cell
L4_TGTTGAGTCTGAGAGG,Erythroid cell
L5_TCGCAGGTCCGCAAAT,Conventional dendritic cell
L3_GTCCCATGTAGAGTTA,GZMK+ memory T cell
L4_TAGGGTTTCTCATTTG,Platelet
E2L3_CTGTCGTGTGTAACGG,FCGR3A+ monocyte
E2L8_CTGTACCGTGTAAATG,Cytotoxic T cell
E2L1_CGGAATTCATGGCACC,Naive CD4 T cell
E2L2_GTTGTAGCAGAGAAAG,QC_filtered
L5_CTTAGGACAGCGTACC,Plasma cell
L1_TATATCCTCTCATAGG,Natural killer cell
E2L2_AGCGCCATCACATTGG,Cytotoxic T cell
L5_TCGGGCAAGTGTTCCA,Platelet
L2_CTCCCAATCCTTGACC,CD4 memory T cell
L5_ACGATGTTCTGCTCTG,Cytotoxic T cell
L2_ACAGGGATCTTAGCCC,Cytotoxic T cell
E2L3_CCATCACAGAGAGCCT,Platelet
E2L4_ATTTCTGGTGCACAAG,Naive CD4 T cell
E2L5_ATACCGATCGACATCA,Naive CD4 T cell
E2L4_CGCAGGTGTCGTCATA,Memory B cell
E2L3_CTTCCGACACTTGAGT,Cytotoxic T cell
L4_CATGAGTCATTGCAAC,Proliferating NK cell
E2L4_GTCTGTCGTGGCACTC,Platelet
L2_TGTAAGCTCCTAACAG,CD4 memory T cell
E2L3_GTCCTCAAGAACAAGG,Naive CD4 T cell
L4_CACCAAACACTGGACC,Naive CD4 T cell
E2L5_AGAACCTTCTCGGTAA,Gamma delta T cell
E2L4_ATGGGAGAGTTTGTCG,Platelet
E2L5_TTCCTAATCACACGAT,Naive B cell
E2L1_GTTCCGTTCTGAGCAT,Platelet
L1_ATTTACCCACGCAGTC,Hematopoietic progenitor cell
L4_AGAGCCCTCACAGAGG,Plasma cell
E2L8_TACGTCCGTTCTTGCC,Naive CD4 T cell
E2L5_TCAATTCGTTGTGTTG,Cytotoxic T cell
E2L2_TCCTCTTTCAGCCTCT,Cytotoxic T cell
E2L2_GTAGCTACATCCGAAT,CD4 memory T cell
L5_GTGTGGCCAAACGAGC,Naive CD4 T cell
E2L5_CGAGGAACAGCTGCCA,Cytotoxic T cell
E2L1_AGTTCCCTCGCCAGAC,Cytotoxic T cell
L4_TCTACATGTACCCACG,CD4 memory T cell
L3_GTGTTAGCAGATAAAC,CD14+ monocyte
L2_CAGCACGGTATATGGA,Erythroid cell
E2L2_TCGATTTAGCACACCC,CD14+ monocyte
E2L3_AAGTGAAAGAGGACTC,Conventional dendritic cell
L1_TGGTTAGAGTCTGCAT,CD4 memory T cell
E2L7_TGTCCTGTCTCTCCGA,Cytotoxic T cell
L3_CATTTCACAAGATGTA,Cytotoxic T cell
L5_CTTCGGTTCGGATACT,Conventional dendritic cell
L4_TGCGATAGTTACTCAG,FCGR3A+ monocyte
L3_GTGGTTAAGTTATGGA,CD161+ memory T cell
E2L5_GTGTTCCGTGCATTAC,Naive B cell
E2L1_ATTCACTCAGGTCCGT,CD161+ memory T cell
E2L5_CTCCCAAGTACCAATC,CD161+ memory T cell
E2L1_GAGAAATCAAACTGCT,QC_filtered
L2_TTTCACAGTTTGACAC,Naive CD4 T cell
E2L4_CCGTGAGAGATGAAGG,Platelet
E2L6_CAATACGCAGCGGTCT,Platelet
E2L1_GTTGTCCAGAATACAC,QC_filtered
E2L2_CTACCCACAGTTAGGG,Hematopoietic progenitor cell
L2_TTTATGCGTTAGTTCG,Plasmacytoid dendritic cell
E2L6_ACTCCCATCGTACACA,CD4 memory T cell
E2L3_TATTGCTCAGAAATTG,Cytotoxic T cell
L2_TCCCATGGTATGCTAC,Natural killer cell
E2L2_AACGGGAAGACGGATC,Naive CD4 T cell
L1_CCACGTTCAGCTCGGT,Erythroid cell
L3_CCGGACACACACAGAG,Conventional dendritic cell
E2L2_ATCGGATCAATTGGTC,Platelet
L3_CATCGTCGTCCCTGTT,Gamma delta T cell
L1_GGTGGCTCACTGAATC,Natural killer cell
E2L7_CGCAGGTAGTGCCAGA,CD14+ monocyte
L3_AAAGTCCGTCCAATCA,Memory B cell
L3_TCGAAGTAGTGGTTGG,Naive B cell
E2L1_TCATGTTTCAGTCATG,Natural killer cell
L4_TACGGGCTCCTCCACA,Gamma delta T cell
E2L3_TTCTCTCAGCCTATTG,Naive CD4 T cell
E2L2_TTTACTGAGTCATGCT,Conventional dendritic cell
L5_GGGATCCAGGAGGCAG,Cytotoxic T cell
L3_TTCTAACGTAGCCCTG,Hematopoietic progenitor cell
L2_AGCTTCCTCGATCCAA,Naive CD4 T cell
L5_AGGGAGTAGGCATCGA,Cytotoxic T cell
L5_GTAGTACGTACCAGAG,Hematopoietic progenitor cell
E2L8_TGATTTCGTACTTGTG,Proliferating NK cell
E2L8_AGGATAAAGGCACCAA,Conventional dendritic cell
E2L4_CGTGTCTAGACCCGCT,CD4 memory T cell
L2_GCCAGGTGTATACCTG,CD4 memory T cell
E2L8_ATTCCATGTTGTCCCT,Cytotoxic T cell
E2L8_CTCCGATCATGGGTTT,Cytotoxic T cell
L4_AAGCGAGTCTGTGCAA,Hematopoietic progenitor cell
E2L2_GGGTTATGTGACCGTC,Naive CD4 T cell
E2L4_TGCGATACAGGTGGAT,Conventional dendritic cell
E2L5_GGTGTTACAACATCGT,Naive CD4 T cell
L3_GTTAGACGTGTAACGG,CD4 memory T cell
L5_CCTCACAAGCACTCAT,FCGR3A+ monocyte
E2L6_CAATACGGTCCGCAGT,Plasma cell
L5_AACAAGATCGTGCTCT,Naive CD4 T cell
L3_CCGGACATCGATTTCT,Plasmacytoid dendritic cell
E2L8_CCTCACACAAGTTTGC,CLEC9A+ dendritic cell
L1_TAAGCGTCACTAAACC,Naive CD4 T cell
E2L1_CCGCAAGCAGAGTGAC,CD4 memory T cell
L5_CTTCGGTAGTCACGAG,Platelet
E2L6_TGCGGGTTCGAGTTGT,Erythroid cell
E2L5_TCGGGACGTACTGGGA,Naive CD4 T cell
L3_ATGCATGCACTCCTGT,Naive CD4 T cell
L4_ATTGGGTAGCGAGGAG,CD161+ memory T cell
L2_TCGTCCACACGGATCC,CD4 memory T cell
E2L2_TTGGATGAGACCTCAT,Cytotoxic T cell
E2L6_GAACACTTCTATGCCC,CD14+ monocyte
L1_CGGCAGTCATACCAGT,Plasmacytoid dendritic cell
E2L4_TACTGCCCAGACGGAT,Proliferating NK cell
E2L6_ATCCGTCGTGCTTCAA,Plasmacytoid dendritic cell
E2L6_ATCAGGTAGCGTCTGC,Memory B cell
E2L3_GTTATGGCATGGCCAC,Cytotoxic T cell
E2L6_CTTCAATAGACGAGCT,Hematopoietic progenitor cell
L3_TCAGGTATCCAACCAA,Hematopoietic progenitor cell
E2L5_AGTTCCCAGGAGATAG,Platelet
E2L1_CCTTCAGAGGTACTGG,Naive CD4 T cell
E2L1_AGTAGTCCATAACTCG,Plasmacytoid dendritic cell
E2L6_TCCCAGTCAAATGGCG,Cytotoxic T cell
E2L4_GTTTACTTCCAACCGG,Memory B cell
E2L1_TGCTGAAAGAGTCAAT,CD4 memory T cell
E2L7_AGCCAATTCGGTCTAA,Naive CD4 T cell
E2L5_ATGTCTTAGTCAAGCG,Cytotoxic T cell
E2L4_CGTAGTACAAGCGAGT,Cytotoxic T cell
E2L4_CCTCTAGGTTCAGCGC,Plasma cell
L3_AGAACAAGTACCCAGC,CD161+ memory T cell
E2L7_GTACAGTGTGCCTTCT,Memory B cell
L4_TCGGGTGCATCACGGC,Proliferating NK cell
E2L7_GGAGGATGTTTGGCTA,Naive CD4 T cell
E2L6_TGGAGGAGTAATGCGG,Naive B cell
E2L4_AGGGAGTTCTAGGCAT,CD14+ monocyte
E2L2_TCCAGAAAGAGTTGAT,Cytotoxic T cell
E2L8_CCACTTGTCATGAGTC,Plasmacytoid dendritic cell
E2L5_CAACGGCCACACTGGC,Plasma cell
L4_AGGCCACAGCCGAACA,Hematopoietic progenitor cell
E2L3_TACGGTACACATACGT,Natural killer cell
E2L6_CACTGGGTCTGTTCAT,QC_filtered
E2L4_GACTATGAGACCAAGC,Naive B cell
E2L7_ACACTGAGTTACACAC,Naive B cell
L2_TCATTGTTCAAGTCGT,Hematopoietic progenitor cell
E2L6_GCACTAAAGACTTCCA,Platelet
E2L5_TGGGTTACATGATCTG,Memory B cell
L3_TCGGGCAAGTCACTCA,Naive CD4 T cell
L1_AGGAGGTTCCTCTAAT,Naive CD4 T cell
L5_AGAGAATCATGCTGCG,Plasmacytoid dendritic cell
L5_ATGGTTGCATCGGCCA,Hematopoietic progenitor cell
E2L1_TGCATGATCAGTCACA,QC_filtered
L1_CGCCAGATCCAATCTT,Cytotoxic T cell
E2L4_TTCCACGAGGTTCAGG,Cytotoxic T cell
E2L7_CACGTTCTCTCATGCC,Proliferating NK cell
L1_CATCGTCAGATGCGAC,GZMK+ memory T cell
L4_TGCAGATAGCACTCAT,Gamma delta T cell
L2_GCAGGCTAGACATACA,Cytotoxic T cell
E2L5_AAGTTCGTCTACACTT,Proliferating NK cell
E2L8_TTCCGTGAGCCAGTAG,Plasmacytoid dendritic cell
E2L3_GTCTCACTCGGCAGTC,CLEC9A+ dendritic cell
E2L4_GGGTAGACAGTCCGTG,Plasmacytoid dendritic cell
E2L2_TCTGTCGCAACTTGCA,Memory B cell
E2L7_TCATGTTGTATTTCCT,FCGR3A+ monocyte
L3_ATAGACCCAGTGGGTA,Naive B cell
L2_AAGTCGTAGTCCTGTA,Naive CD4 T cell
E2L5_CTGAGGCCAGCTACTA,QC_filtered
E2L4_TTAATCCCAAAGGCTG,Cytotoxic T cell
L3_GAAGGGTCATAGGTAA,Hematopoietic progenitor cell
E2L8_TAGTGCACACGTAGAG,Conventional dendritic cell
E2L1_GTTGAACTCGCCGATG,CD4 memory T cell
L3_TCCACGTTCAAACGAA,CD161+ memory T cell
L5_TCACGCTAGCCATCCG,Gamma delta T cell
E2L7_CATCCCAAGATCCTAC,Natural killer cell
L4_TGCCGAGTCCGGCTTT,GZMK+ memory T cell
E2L4_GAAATGAGTACAGCGA,Cytotoxic T cell
L4_ACATCGAGTGCAGGAT,Naive CD4 T cell
E2L7_GAAGAATTCTATCGTT,Conventional dendritic cell
E2L7_CAGTGCGGTGGCGTAA,Platelet
E2L6_TCCTTCTTCGTAGCTA,GZMK+ memory T cell
E2L4_TATCGCCCAGACAATA,Natural killer cell
E2L7_ATCATTCTCCGTCACT,Plasmacytoid dendritic cell
L3_CATCCGTGTGTCCACG,Naive CD4 T cell
E2L4_GAACGTTAGGTGCTTT,Proliferating NK cell
L5_TGTGATGGTTAAGGGC,CLEC9A+ dendritic cell
L4_GCTTCACCACCCAATA,Naive CD4 T cell
L4_CTAACCCAGGTATTGA,FCGR3A+ monocyte
E2L8_TTGCCTGGTATACGGG,Naive CD4 T cell
L3_TCTATACCACATACTG,Plasma cell
E2L8_CAGGCCATCGTTGCCT,Cytotoxic T cell
L4_AGGACGATCATCTATC,CD4 memory T cell
E2L7_AGGCCACAGAGCAACC,Gamma delta T cell
E2L8_TTGTTGTGTAGTCACT,Plasmacytoid dendritic cell
L4_TCGTAGACAGCTATTG,CLEC9A+ dendritic cell
E2L6_CTGTGAACATTGGCAT,Memory B cell
E2L7_ATCGGATCATTGCTTT,Platelet
L5_ATTGTTCCAGTTCACA,Memory B cell
E2L8_TCCTTTCGTTGCATCA,Memory B cell
E2L7_GGGCTCAAGGAGAATG,Memory B cell
L1_CCGCAAGCAGGTGTGA,Naive CD4 T cell
L1_AAGTGAACAGGACGAT,Naive CD4 T cell
L4_TTGGGTATCCTCAGGG,Hematopoietic progenitor cell
E2L8_AGTTCCCGTGGTCAAG,Proliferating NK cell
E2L8_ATTCCTAAGCGAGGAG,Naive CD4 T cell
E2L8_TTTACCAAGTTTCGAC,Naive CD4 T cell
L1_CCCTAACTCTGAGATC,CD14+ monocyte
L5_TCAAGTGCACGACCTG,Natural killer cell
E2L8_AGTGCCGGTCCAACGC,Naive CD4 T cell
L1_TCAGTGAGTTCTCGTC,GZMK+ memory T cell
L5_AAGTGAACATAACAGA,Naive CD4 T cell
E2L6_TCAGTCCGTGACACGA,Natural killer cell
E2L6_AAGGTAATCGACACCG,Cytotoxic T cell
E2L8_GCCGTGAAGAAGTGTT,FCGR3A+ monocyte
E2L6_TACTTCACAGCGTATT,Proliferating NK cell
E2L5_ACCTGTCTCATCGCCT,Cytotoxic T cell
L4_ATGACCAAGGTAGACC,FCGR3A+ monocyte
E2L5_CTGAGGCCATTCTCCG,Plasmacytoid dendritic cell
L5_GTTAGACTCGTAGCTA,Hematopoietic progenitor cell
E2L4_AGCATCAAGAGGTTTA,Memory B cell
E2L1_ACTATCTAGACGGAAA,CD4 memory T cell
L5_ATCACAGGTGTTAAAG,Naive CD4 T cell
E2L7_ATATCCTCAGGTTCGC,Conventional dendritic cell
E2L8_ACATCGACACGCTTAA,Gamma delta T cell
L5_CTCCGATGTGGCTACC,Naive CD4 T cell
L5_TGACTCCGTTCTAACG,Hematopoietic progenitor cell
E2L2_TCCAGAATCTCGACGG,Plasma cell
L1_TAGAGTCTCGATACAC,Plasmacytoid dendritic cell
E2L2_AGTGATCAGCCGATCC,Proliferating NK cell
L2_GTGGCGTTCATTTCGT,Memory B cell
E2L6_ACCTGTCAGCCGATAG,Naive CD4 T cell
E2L4_GTCCACTGTCCCGCAA,CD161+ memory T cell
L4_CATACCCTCTTCGGAA,Conventional dendritic cell
E2L6_ACGATCAAGATGGTCG,CD161+ memory T cell
L1_CTCCCTCTCGTCTAAG,Gamma delta T cell
E2L7_TGTTCTATCTTGAGCA,CD14+ monocyte
E2L1_AAGGAATTCCTCCACA,Platelet
E2L7_ACGGTCGTCGTCAGAT,Memory B cell
L2_TAGGAGGCATGCACTA,Naive CD4 T cell
E2L7_TAACTTCAGTTTGCTG,CD161+ memory T cell
E2L1_GAGGCCTAGCCACTCG,Cytotoxic T cell
E2L4_TCAGTTTTCCAACTGA,CD14+ monocyte
E2L2_ACACAGTCAGGTCCCA,Naive B cell
L5_TGTCCCAGTCAAGTTC,Gamma delta T cell
L1_CATGAGTGTGCATTAC,Erythroid cell
L5_AAAGGTACACGCGCTA,Erythroid cell
E2L1_CGTGAATTCGCGGACT,Memory B cell
L4_GAATCGTCAGATCATC,Naive CD4 T cell
E2L1_GAGTCATTCCGAGAAG,CD161+ memory T cell
L1_TGTCCCACAGGATCTT,CD4 memory T cell
E2L2_GACTCAAGTGGACCTC,Memory B cell
E2L1_CCACAAATCGGATTAC,Natural killer cell
L1_GCTACCTGTTTGCCGG,Naive CD4 T cell
L4_AATGACCGTACCAATC,Hematopoietic progenitor cell
E2L3_CCTGTTGTCGAGTCCG,Naive CD4 T cell
E2L2_TCATTTGCACTGAATC,Naive B cell
L5_TCCCACAAGAGGTCGT,Plasmacytoid dendritic cell
E2L7_TTTGGTTAGTATGTAG,Cytotoxic T cell
L2_TCGTCCACACGGCACT,Proliferating NK cell
E2L3_AGACAAAGTTGCTAGT,Conventional dendritic cell
E2L4_CTGCAGGGTTAACAGA,Naive CD4 T cell
L4_ATTCAGGCACAGTACT,Naive CD4 T cell
E2L6_TCGCAGGAGGCACCAA,Gamma delta T cell
E2L6_TATGTTCCAAGAGGCT,Platelet
L2_TTACGCCGTTACCCTC,Proliferating NK cell
E2L8_ACCAAACTCCTGGGAC,CD14+ monocyte
E2L3_GTCCCATGTGCTCCGA,Memory B cell
E2L2_TGCGGGTTCCTGTAGA,Naive CD4 T cell
E2L4_ATCGATGCAGCTGTTA,Proliferating NK cell
L4_GCTGCAGTCACCTCTG,Naive CD4 T cell
E2L4_CGTTAGAGTGATCATC,CLEC9A+ dendritic cell
E2L6_GGTGTTATCACCATCC,Naive B cell
L1_CCACCATTCGAGAAAT,Naive CD4 T cell
L2_GTAGTACTCGGACCAC,CD14+ monocyte
E2L5_CCTGTTGCAGTCTCTC,Naive CD4 T cell
L1_TCTCACGGTAGGACCA,Hematopoietic progenitor cell
L5_AGAAGTAGTGCGAGTA,CD4 memory T cell
E2L5_AGTTAGCTCGTAACTG,CD4 memory T cell
E2L8_CTCTCAGGTAAGATAC,Memory B cell
L3_AGTCAACAGAATCGAT,Natural killer cell
E2L1_GGGACCTGTTAGGGAC,Platelet
L4_TCCTGCAAGGATGAGA,Memory B cell
L1_AGTGCCGTCCCGTAAA,Cytotoxic T cell
L2_AGACCCGCACGGCGTT,Cytotoxic T cell
E2L1_CCGATGGCATGAGAAT,CD4 memory T cell
L5_AGTACTGAGATGACAT,Plasmacytoid dendritic cell
L5_TACCTCGAGCCTCATA,CD4 memory T cell
L1_CAAAGAATCGAAGCAG,Cytotoxic T cell
E2L3_TGAATGCGTCCTGTTC,Proliferating NK cell
E2L8_CTCTCAGGTGCCCACA,Naive CD4 T cell
E2L8_GCATCGGGTTTGGCTA,Memory B cell
L4_CATCGGGGTCTTACTT,Cytotoxic T cell
E2L3_GGTGAAGAGGACTTCT,CD161+ memory T cell
E2L7_AGAACAATCTAAGGAA,Memory B cell
L2_ATGCATGAGTTGTCGT,Naive CD4 T cell
E2L1_CCACGTTCAACATCGT,CD161+ memory T cell
L2_TACCTCGCAGGCACTC,Conventional dendritic cell
L5_AGATCCAGTTTGGGAG,Platelet
L1_CTGGACGCAACAAAGT,CD4 memory T cell
E2L5_TCACAAGTCCGCAAAT,GZMK+ memory T cell
E2L4_GGATCTACAAGACCTT,Memory B cell
E2L4_ACATTTCAGTACTGTC,Memory B cell
E2L6_GCTACAAGTTGACTGT,Plasmacytoid dendritic cell
L1_ATGAGTCTCCAGCTCT,Natural killer cell
L3_TGATGCAGTTGCTCCT,Naive CD4 T cell
E2L5_CGTTAGACATCCAACA,Plasma cell
E2L2_ATTGGGTCACGCTGCA,Naive B cell
E2L5_TTGACCCTCCACGAAT,CD4 memory T cell
E2L7_TGCGGCAGTAAGCGGT,CD4 memory T cell
E2L6_GACATCAAGACGAGCT,CD4 memory T cell
E2L5_AGAAATGCACTGGAAG,Cytotoxic T cell
E2L7_GAGTGTTAGATGCTAA,Plasmacytoid dendritic cell
E2L4_AGGTGTTAGCTAGAGC,FCGR3A+ monocyte
L2_GATGAGGAGAGTTCGG,Proliferating NK cell
L1_GGGCTCACATTCACAG,Plasma cell
E2L2_GTTCGCTAGGAGGTTC,Naive CD4 T cell
L4_AGGAGGTAGAGCATCG,Erythroid cell
L1_AACCCAACACTTCCTG,CD4 memory T cell
L5_GTGTAACTCGGTTCAA,FCGR3A+ monocyte
L1_GTAATCGAGCTAATGA,CD4 memory T cell
E2L5_AGAACCTTCAAAGCCT,Cytotoxic T cell
E2L6_GAAGTAACACACGGAA,QC_filtered
E2L1_CCAATTTAGGGCCCTT,Plasmacytoid dendritic cell
E2L7_TATATCCGTTTCCAAG,Memory B cell
E2L1_TAGTGCAGTTGAGAGC,Naive CD4 T cell
E2L3_GTTGTAGTCATCGGGC,QC_filtered
E2L6_ACATCGAGTTGCCGCA,FCGR3A+ monocyte
L4_CAGTGCGCAATAGGAT,Naive CD4 T cell
L4_CGTAAGTCATGTGTCA,Hematopoietic progenitor cell
E2L8_CCGTTCAGTGTTGCCG,Plasma cell
E2L5_TCGAAGTGTATCCTTT,Cytotoxic T cell
E2L3_GCTACAACAGGTACGA,CD14+ monocyte
L5_TTCTTGATCCGAGAAG,CD14+ monocyte
L5_CACAACAAGCAGATAT,GZMK+ memory T cell
E2L6_TAATTCCTCGTTCCTG,QC_filtered
E2L6_CTGCATCTCCGATCTC,Conventional dendritic cell
L5_CTCAGGGGTCGTGCCA,CD4 memory T cell
L3_TCCAGAATCTCGGTCT,CD4 memory T cell
E2L3_TCGCTCAAGCTGGAGT,Plasma cell
E2L4_GTGGCGTCACATACTG,FCGR3A+ monocyte
L4_TCAAGCAGTGGTTTGT,Naive CD4 T cell
L4_TAACCAGTCCTTCTTC,Naive CD4 T cell
L4_AAAGTGATCTCTAAGG,Naive CD4 T cell
E2L6_TCTTCCTCACAAGGTG,CD14+ monocyte
L3_TGAACGTCACTCGATA,CLEC9A+ dendritic cell
L5_TTGTTGTGTTGCATAC,Hematopoietic progenitor cell
L4_GAAGGACTCTTGTGCC,Plasma cell
E2L3_CGGAGAAGTTCCTTGC,Naive CD4 T cell
E2L5_TTCCTAAAGCAGTAAT,Natural killer cell
L2_TCCATCGGTTGTATGC,Hematopoietic progenitor cell
L4_TGCTTGCCACAAATAG,CLEC9A+ dendritic cell
E2L4_GGTGAAGAGACCATTC,CD4 memory T cell
E2L1_CTGTCGTGTCTGTGTA,Cytotoxic T cell
L1_CTGTAGATCATCACTT,CD4 memory T cell
L4_TCCTAATAGCTCGCAC,Cytotoxic T cell
E2L2_TGTTCCGAGTACCCTA,CD4 memory T cell
E2L4_GTTGTAGTCTAGTGAC,CD14+ monocyte
E2L2_ACGGAAGAGGCATCGA,Memory B cell
E2L8_CCTAACCCAAGCGCAA,Naive CD4 T cell
L2_TATCCTACATTACTCT,FCGR3A+ monocyte
L4_GGGTGTCGTCACAATC,CD161+ memory T cell
L3_CATAAGCCAAGGTCTT,Memory B cell
L1_CACTGAAAGAATCGCG,CD4 memory T cell
L5_CGCCAGATCGCAGTCG,Naive CD4 T cell
E2L7_GCTTTCGCAGGGATAC,Plasmacytoid dendritic cell
E2L5_CCCGGAACACATCCCT,Natural killer cell
L4_GACGTTAGTAGACGTG,FCGR3A+ monocyte
L3_TCAATTCAGCGCTGCT,GZMK+ memory T cell
L1_GAAGCGACAACGAGGT,Natural killer cell
E2L4_GATCGTATCCTTTAGT,Plasmacytoid dendritic cell
E2L5_CAATGACAGCCGAATG,Cytotoxic T cell
E2L5_ACTATTCGTGAGCGAT,CD161+ memory T cell
E2L2_GTCGAATCAGCTCGGT,FCGR3A+ monocyte
E2L5_TTCTAACTCCAGCACG,CD14+ monocyte
E2L8_TCAGGTACAGGCACTC,Proliferating NK cell
L3_GTTGCTCTCCGTCCTA,FCGR3A+ monocyte
L1_GTTGCGGTCGTGTTCC,CD4 memory T cell
L4_GTGAGCCGTCTCGACG,Naive CD4 T cell
L3_TGGTGATGTCTGCCTT,Natural killer cell
L4_TAGGTACAGAGTCGAC,Cytotoxic T cell
E2L6_TGGAGAGGTAAGATTG,CD4 memory T cell
L4_CGTTGGGAGCTTGTTG,Natural killer cell
L3_TGTCCACAGGCGTTAG,Naive CD4 T cell
E2L4_GACTATGAGGGTATAT,CD4 memory T cell
E2L3_GTCATGAAGGTGCAGT,QC_filtered
E2L5_TTGTTTGCAGAGTCAG,CD161+ memory T cell
L3_CCGTGAGAGTTCCTGA,Naive CD4 T cell
E2L6_CTTACCGAGGCTCTAT,Memory B cell
L4_TAGCACATCACCGGGT,Cytotoxic T cell
E2L1_CCACACTTCCCGAGAC,Naive CD4 T cell
L2_AGTGACTGTCTGTGCG,CD161+ memory T cell
L4_GGGCCATAGACAACTA,Gamma delta T cell
L5_GTGAGCCCAGTTTCAG,Naive CD4 T cell
E2L7_AATGACCGTATTTCCT,Natural killer cell
E2L3_AGGTGTTGTCCACTTC,Plasmacytoid dendritic cell
E2L1_GATCCCTCAAATGGCG,GZMK+ memory T cell
L2_TAGACCATCACTTCTA,CD4 memory T cell
E2L1_GAATAGAGTTCTATCT,QC_filtered
L1_GAGTCATGTGCATGTT,Erythroid cell
L5_TATTCCAAGTTCATCG,Cytotoxic T cell
E2L3_GTAAGTCAGTCACTAC,CD4 memory T cell
E2L1_CCTACGTTCGTGTTCC,CD4 memory T cell
E2L2_CCACTTGTCTGTGTGA,Memory B cell
E2L8_CTCTCGAGTGACACAG,CD14+ monocyte
E2L8_AGTCATGTCATTGAGC,Cytotoxic T cell
E2L5_ACACGCGGTATCCTTT,Cytotoxic T cell
L5_TCTGCCATCAAACGTC,Naive CD4 T cell
L4_TGGTAGTGTTAGAGTA,Cytotoxic T cell
E2L2_CTCAGTCCACATATGC,CD4 memory T cell
L2_TCCATCGCATCGGAAG,Plasma cell
E2L4_AGCTACAGTTTAGACC,CD4 memory T cell
L2_GGAGATGGTACCTGTA,CLEC9A+ dendritic cell
L4_TCGGGACAGCCACCGT,Proliferating NK cell
E2L7_GCAGCTGCAGAACTTC,Proliferating NK cell
L5_AACGGGATCTCTCTAA,Conventional dendritic cell
L5_GACCGTGGTGCAGATG,CLEC9A+ dendritic cell
L4_AGCCAATAGCTCTGTA,Natural killer cell
E2L7_GGTCTGGGTAGAATGT,Memory B cell
E2L5_AGACTCAAGTTGCCCG,Cytotoxic T cell
L1_CAAGCTACAAATCAGA,Naive CD4 T cell
E2L4_CCTTGTGGTGGTTCTA,Memory B cell
E2L2_AACAGGGTCCATTGGA,Natural killer cell
L4_GTGCACGTCGTGTGGC,Proliferating NK cell
L5_ACTTATCCAGAGTAAT,Naive CD4 T cell
L2_ATTCCCGTCATCACAG,CD161+ memory T cell
L3_ATGCATGGTTCCAGGC,Conventional dendritic cell
E2L3_ACGCACGTCTCGAGTA,FCGR3A+ monocyte
E2L3_GACCCTTAGGTAAAGG,Naive CD4 T cell
L5_CCCTCAAGTGCGTTTA,Naive CD4 T cell
L5_GTTTGGACAGTGGCTC,Natural killer cell
L5_ACAAGCTAGAGCTGCA,Naive CD4 T cell
L4_AGTCATGAGCGCCATC,FCGR3A+ monocyte
L5_TGCTTGCCACGCGTCA,Conventional dendritic cell
L5_ACTGTCCAGTACAGAT,FCGR3A+ monocyte
E2L7_ACCAAACCATGTGGTT,FCGR3A+ monocyte
E2L7_CAACCAAAGTACGTCT,Naive B cell
E2L5_CAATGACAGATTCGCT,Naive B cell
E2L8_TCAGGGCAGACAGTCG,Conventional dendritic cell
L4_CACAGGCAGAGAAGGT,Naive CD4 T cell
E2L7_GTATTGGCAGCTGTTA,Memory B cell
L5_CTCAGGGGTTGACTAC,Hematopoietic progenitor cell
E2L1_CCCTTAGGTCCAAGAG,Cytotoxic T cell
L1_CAGTGCGCACGACGCT,Conventional dendritic cell
E2L3_TCGGGCAAGGAGATAG,Cytotoxic T cell
E2L5_GAAGGGTAGGGCAGTT,Cytotoxic T cell
E2L7_CTGTACCGTGACAGGT,Natural killer cell
E2L6_TCCGTGTCACGCAAAG,Plasmacytoid dendritic cell
L5_GCACGTGGTACAAAGT,Naive CD4 T cell
L3_CTGAGGCAGGTAACTA,Cytotoxic T cell
E2L5_TAGCACATCAGAGCGA,Naive B cell
L3_GAGCCTGTCGCCAGAC,Plasma cell
L2_ATCCCTGCACAAATGA,Naive CD4 T cell
L4_GTTGTAGCATGACCCG,Naive CD4 T cell
L2_CCATAAGCATATGCGT,Hematopoietic progenitor cell
L3_AGGAGGTAGACTGTTC,Natural killer cell
L1_AGGACTTGTCAGATTC,CD14+ monocyte
L4_CGCGTGAAGGTGCCTC,FCGR3A+ monocyte
E2L6_CCACGAGAGCAAGTGC,Platelet
E2L6_ACTTTGTCACGCCAGT,Naive B cell
E2L5_CTCCAACCAGTTGTCA,Natural killer cell
E2L2_CAGTGCGGTATGAGCG,Gamma delta T cell
E2L6_TACTGCCAGCAGCGAT,Naive B cell
L3_GTCATCCCAGGTAGTG,Plasma cell
L4_AGTCACACACAAGTTC,CD14+ monocyte
E2L5_CGGAGAATCGTTCCCA,CD14+ monocyte
E2L2_GTGGAAGGTGCGTTTA,Plasmacytoid dendritic cell
L2_CATCGCTTCTGCGTCT,Hematopoietic progenitor cell
E2L7_AGATGCTAGCCTCAAT,Naive CD4 T cell
E2L5_GTAGATCAGGCGACAT,CD4 memory T cell
L5_TTCCGGTAGCAGGCTA,Naive CD4 T cell
E2L8_TTTCACACACTGGCCA,Conventional dendritic cell
E2L8_CCCTGATGTCTACGTA,CD14+ monocyte
E2L7_AAGACAAAGCCATGCC,Platelet
E2L6_ATATCCTCAATTTCCT,Platelet
L3_TGATTTCAGTGCACAG,FCGR3A+ monocyte
E2L6_TCATTGTAGTCGGGAT,Conventional dendritic cell
E2L7_GGTTCTCGTCAATGGG,Plasmacytoid dendritic cell
E2L7_CGATGGCTCCCTTGTG,Cytotoxic T cell
E2L2_ATCTTCACAAGTTGGG,Proliferating NK cell
E2L3_GGGTGTCTCTATCGGA,Cytotoxic T cell
E2L6_TTTCGATTCGCCACTT,Platelet
L2_ACATGCATCTGTCGCT,Cytotoxic T cell
E2L4_CCTAACCAGAAATCCA,CD14+ monocyte
L5_TTTGATCGTAACGCGA,Cytotoxic T cell
E2L2_TTCCTAAAGTATGGCG,Naive B cell
L2_ATCCCTGGTTCTGAGT,Naive B cell
E2L4_TCATTGTCATCGGATT,CD4 memory T cell
E2L7_CATTCCGAGGGAGGCA,Memory B cell
E2L4_AATGCCAAGATTAGCA,Cytotoxic T cell
E2L7_TATCGCCCATACTTTC,Platelet
L4_CCTAAGAAGCGGTAAC,CD4 memory T cell
E2L8_ATCGGCGAGTATGACA,Naive B cell
E2L2_CGAGTGCAGCGCATCC,Plasma cell
L3_CGGGTCAGTCATGACT,Conventional dendritic cell
E2L6_ATTCTACGTTCTCAGA,QC_filtered
E2L8_GAAACCTAGCCTGAGA,Naive CD4 T cell
E2L4_GTGGAAGTCCTCTGCA,Platelet
E2L2_TGGTACAGTTCTTGTT,Platelet
E2L7_CAGCGTGGTCGAGTTT,Cytotoxic T cell
L3_TCGAACACAGCTGAAG,Naive CD4 T cell
L5_TCAGTCCAGCATTGAA,Naive B cell
E2L3_TCCTAATCAGAAGTGC,Naive CD4 T cell
E2L4_AAGTTCGAGTTGAAAC,Cytotoxic T cell
E2L8_CGTGCTTGTGAGATAT,Naive CD4 T cell
L1_TCCTTTCTCGCCAACG,QC_filtered
L5_TCGTGCTAGCCAGACA,Naive CD4 T cell
L2_TGGGAGAGTGCATCTA,Naive CD4 T cell
L2_CTCAACCGTGGTAATA,CD161+ memory T cell
L3_ATCCCTGAGGGCAGTT,Plasma cell
E2L8_AACGGGAGTACGCTAT,Conventional dendritic cell
L2_AGAGCAGAGGCCCGTT,CD161+ memory T cell
L4_GTCATGACACCAGCCA,Memory B cell
L5_GCCAGGTTCATCACCC,Naive CD4 T cell
L3_GCTTCACAGGAAGAAC,Naive CD4 T cell
E2L8_GTTCGCTGTATGGGAC,Naive CD4 T cell
E2L7_GGTGAAGGTATCGGTT,Cytotoxic T cell
L1_TCAAGCAGTCACTACA,Conventional dendritic cell
E2L1_CCACACTAGTCTGTAC,Proliferating NK cell
L3_TCGCACTTCGCTGACG,Cytotoxic T cell
E2L6_AAGCCATTCCGCAACG,Cytotoxic T cell
L4_GGTTGTAGTCAGACTT,FCGR3A+ monocyte
L1_TTCTTCCTCTTTGCGC,Erythroid cell
E2L7_CCGTGAGGTCACAATC,Cytotoxic T cell
E2L1_AGACCCGGTAGGCAGT,Conventional dendritic cell
E2L8_GTGGTTACATATTCGG,Proliferating NK cell
E2L6_TCGCTCACACTTGGGC,Naive B cell
E2L4_ATAGGCTTCGATAACC,Plasmacytoid dendritic cell
E2L4_GAACTGTAGGTACTGG,CLEC9A+ dendritic cell
E2L2_CTTCTAATCGCTTAAG,Memory B cell
E2L2_AGGATAAAGAACTTCC,Memory B cell
E2L5_TCATTACGTCTAGGTT,Proliferating NK cell
L4_TCCGATCGTCGTACAT,Plasma cell
L5_AAACGAAGTTCTTCAT,Cytotoxic T cell
E2L4_TCCATCGAGTATTAGG,Naive CD4 T cell
L3_TACCTCGCAGGTGTTT,Naive CD4 T cell
L4_GGAGGATTCCCATAGA,Naive CD4 T cell
L4_TTACAGGCAACTCGAT,Hematopoietic progenitor cell
E2L6_ACTTAGGGTGTTACAC,FCGR3A+ monocyte
L4_TGAATGCGTTGTAAAG,FCGR3A+ monocyte
L5_GGAGGATAGCCATCCG,GZMK+ memory T cell
L3_AGACTCAAGCCAAGTG,Cytotoxic T cell
E2L6_ACGGTCGAGAGGGTAA,Naive CD4 T cell
E2L3_ATTCTACAGACCACGA,CD14+ monocyte
L1_CGTGAATTCTGGAAGG,CD161+ memory T cell
L4_TGACTCCAGGGCAAGG,Memory B cell
L5_CACTGAAAGACATATG,Plasmacytoid dendritic cell
L3_TCATGGAGTCTAACTG,CD4 memory T cell
E2L1_GTCGAATCACAACGTT,Hematopoietic progenitor cell
L5_CGGAACCAGTGGCGAT,FCGR3A+ monocyte
L5_TCGGGTGAGGGCATGT,Erythroid cell
E2L7_TTGCATTCAGTTAGGG,Proliferating NK cell
L1_TTTGGAGGTAGCACAG,Hematopoietic progenitor cell
L4_GGAATCTAGCCTTGAT,CD161+ memory T cell
E2L3_GTCACTCAGATAACAC,Plasmacytoid dendritic cell
E2L7_CTTACCGCACCGTGGT,Memory B cell
L2_GTCGCGAAGATGGCGT,Hematopoietic progenitor cell
E2L7_AAGGTAACACGTCGTG,FCGR3A+ monocyte
L1_GGGCTACCAGCTTTGA,Plasmacytoid dendritic cell
L2_GGTCTGGCAGGCCCTA,CD161+ memory T cell
L2_GAATCACCATACGCAT,CD161+ memory T cell
E2L7_GGTGTTACAATTGCGT,Cytotoxic T cell
E2L7_GTAGAAATCGAGAACG,CD14+ monocyte
E2L7_ACTTCCGGTTTAGACC,Cytotoxic T cell
E2L4_ATTACCTCATTGTACG,Memory B cell
L5_TCAGTTTTCACCGGTG,Proliferating NK cell
L3_ATTCAGGAGTCGGGAT,CD4 memory T cell
E2L5_TTTGGTTTCGAGTTGT,Plasma cell
L3_TAACCAGAGGAAAGAC,CD14+ monocyte
E2L2_AGTAGCTCAGCGAACA,CLEC9A+ dendritic cell
L5_CTTCTCTTCGTTCTCG,CD4 memory T cell
E2L1_TACTTCAAGAGAGAAC,Naive CD4 T cell
L3_GTCCCATGTGCGAGTA,Proliferating NK cell
E2L4_GCGGAAAAGCATCAAA,Memory B cell
L4_CGTCCATAGATACAGT,Memory B cell
L1_AGTACTGTCGGATTAC,Hematopoietic progenitor cell
E2L4_ATGAGTCAGAAACTGT,Naive CD4 T cell
L2_AATCACGTCGGCACTG,FCGR3A+ monocyte
L5_TCCAGAACAGAGGACT,CD161+ memory T cell
L4_TGTAGACAGTAAAGCT,Natural killer cell
L1_TGTCAGACAAGTGTCT,Naive B cell
L3_TGCTGAACAACGCCCA,CD161+ memory T cell
E2L4_ATCCTATTCATTCATC,CLEC9A+ dendritic cell
L5_GCATCTCGTGCTATTG,Hematopoietic progenitor cell
L4_GAAGCCCGTTACAGCT,Cytotoxic T cell
L1_ACCGTTCCAACCCGCA,Proliferating NK cell
L3_TTCTCTCAGCTTGTTG,FCGR3A+ monocyte
L5_ATCATTCGTACCCAGC,Memory B cell
E2L5_CAGTTAGGTCTCACAA,Conventional dendritic cell
L4_GGTTAACAGCTATCCA,CD4 memory T cell
L5_CTCAGTCCACTGCTTC,Naive CD4 T cell
L5_GGATGTTGTATGGAGC,CD4 memory T cell
L2_TACGTCCGTGATGGCA,Cytotoxic T cell
L2_CCAAGCGAGAAACACT,CD4 memory T cell
E2L3_GTCGTTCTCTCGTGAA,Memory B cell
L1_CAACGGCGTCCACTCT,Cytotoxic T cell
E2L7_TAAGCCAGTAAGACCG,Conventional dendritic cell
E2L5_GCAGCCACACCTGAAT,CD4 memory T cell
E2L4_AACCCAAAGCAGGTCA,CD14+ monocyte
L1_AGGATAATCGGTCACG,CLEC9A+ dendritic cell
E2L7_TAATTCCCATCTGTTT,Naive CD4 T cell
L4_CTGATCCAGGTAAGGA,Cytotoxic T cell
E2L3_CACTGAACATGAGAAT,CD4 memory T cell
E2L1_ATGGTTGTCGTTGTAG,Cytotoxic T cell
E2L1_AAGGAATCAAGAGGCT,Natural killer cell
E2L6_GGGAGTAGTGACTATC,Naive CD4 T cell
E2L7_AGGCCACAGATGATTG,Memory B cell
E2L6_CCTGCATGTCGCCACA,Cytotoxic T cell
L1_TCACATTCACACTGGC,Hematopoietic progenitor cell
L5_CGTCAAAAGCCATTTG,Gamma delta T cell
L1_TCATTTGAGTGATAGT,Naive CD4 T cell
E2L4_GTAGGTTTCTGAGTCA,Naive B cell
L2_TGGTGATAGTACTGGG,Naive CD4 T cell
L3_CAAGAGGAGGCTGAAC,Naive CD4 T cell
E2L8_AAGAACACAGAGATTA,Natural killer cell
L3_CGAGAAGTCATTGGTG,Proliferating NK cell
L5_TGAATCGCACGTCTCT,Cytotoxic T cell
E2L4_CGATGGCAGTCGCCCA,Conventional dendritic cell
E2L2_GCAGGCTCAACGTTAC,CD4 memory T cell
L4_AGGGTGAAGGATTCAA,Plasma cell
E2L8_ATAGAGAGTCACGCTG,Naive CD4 T cell
E2L8_GCTTTCGTCCGGTTCT,CLEC9A+ dendritic cell
L4_TCCCATGCAAGTCCAT,Cytotoxic T cell
L3_AGGGTTTAGTGGTGAC,FCGR3A+ monocyte
L5_TCCGGGACAGTCCCGA,Proliferating NK cell
E2L1_CTGCATCAGGTACCTT,Natural killer cell
L3_GTCCTCACAGATGCGA,CD161+ memory T cell
L3_CCGCAAGAGTAATACG,Memory B cell
E2L7_CTCAGTCGTAAGCTCT,Plasmacytoid dendritic cell
L4_TAATCTCGTGACATCT,Cytotoxic T cell
E2L7_GGTTCTCAGCTGTTCA,Natural killer cell
E2L5_CGAGTTAAGTAAGACT,CD4 memory T cell
L2_CTCTCAGCATTGCAAC,Naive CD4 T cell
E2L2_GTAGTACCAAGTTCCA,Gamma delta T cell
E2L2_CAGATTGCACCCAAGC,Memory B cell
E2L4_TATCCTATCATTATCC,Memory B cell
L5_TGACAGTCAGATTCGT,Naive CD4 T cell
L5_TGCTTCGGTAGCGCTC,GZMK+ memory T cell
L2_CCTCACACACGCTGAC,Plasma cell
L5_CTGGACGGTTGTGCAT,Naive CD4 T cell
L2_AGTACTGCATCGTCCT,Proliferating NK cell
L5_TCGGGTGCATGCACTA,Proliferating NK cell
L1_TCCCATGCACCAGCGT,Cytotoxic T cell
E2L4_ACTGTGAAGTAAGACT,Plasmacytoid dendritic cell
L3_GGTGGCTGTAATCAGA,CD4 memory T cell
L5_GGGTAGATCGAAGAAT,CD4 memory T cell
L5_CTTCTCTCATCCCACT,CD4 memory T cell
L3_AGTCACACATGAGGGT,Natural killer cell
L2_GACTGATCATCGATGT,CD4 memory T cell
E2L7_GTAGAGGTCGGATACT,CD4 memory T cell
E2L5_TTGCGTCCACAGTCAT,Conventional dendritic cell
E2L8_CGAGTGCGTTGCTCCT,Plasma cell
E2L4_GGAGGATAGTGCACCC,FCGR3A+ monocyte
L1_ATTACCTCAACCCTCT,Cytotoxic T cell
E2L3_TACATTCCAACAAGTA,Conventional dendritic cell
L2_TCGGATACATCCGTTC,Memory B cell
L2_CTGATCCGTGAGTTGG,Plasma cell
E2L7_TGTTGAGCACAACGCC,Memory B cell
L1_CCACGTTAGGGTGAGG,Naive CD4 T cell
E2L4_CATGCCTCAACGGCCT,CD4 memory T cell
L4_TGAGCATCAGTTGGTT,Natural killer cell
L3_TGCTCGTAGAATTCAG,Cytotoxic T cell
L4_CAATCGATCGAACCTA,CD4 memory T cell
E2L2_ACAACCATCGCCTTGT,Conventional dendritic cell
L5_CCGAACGAGGACAGCT,CD4 memory T cell
E2L2_CAATGACGTACAAGTA,Platelet
E2L4_GTTCATTCACGCAGTC,Cytotoxic T cell
E2L3_TGGTACATCTCCCAAC,CD4 memory T cell
L3_AAGATAGTCAGACCCG,Cytotoxic T cell
E2L4_AGAACCTCAAGGATGC,Cytotoxic T cell
L1_ATGGTTGAGTTTGTCG,Naive B cell
E2L4_ACATCCCAGTAACAGT,CD14+ monocyte
L1_GGAGGATCATTACGGT,FCGR3A+ monocyte
L4_CAGCAATGTGGATCGA,Memory B cell
E2L1_TCACTATAGCTAGCCC,Conventional dendritic cell
L2_AGGGCCTTCAAGCTTG,Natural killer cell
L4_GCCGATGAGCCTATTG,CD4 memory T cell
L2_TCCTCGACACGGTGCT,Natural killer cell
L5_AGCCAATGTTACAGCT,Natural killer cell
L1_GTAAGTCCATCAGTGT,Proliferating NK cell
E2L5_AACAACCCACTCTAGA,CD4 memory T cell
L3_CGTTAGAGTATAATGG,Cytotoxic T cell
L3_GGTAGAGGTAGGGTAC,CD4 memory T cell
E2L6_CATTGAGTCGGACGTC,Conventional dendritic cell
E2L8_ATGCATGGTCTGATCA,Gamma delta T cell
L4_TTAATCCAGTAGGATT,Naive B cell
L3_TAGTGCAAGGCAGGTT,Natural killer cell
L1_ATTCAGGTCGACTCCT,CD161+ memory T cell
E2L6_GACTCAAAGGTAACTA,Cytotoxic T cell
L3_CGTGATACAACATCGT,Gamma delta T cell
L5_ATCGTCCGTCGTAATC,Cytotoxic T cell
E2L6_GCTTTCGGTACAAGTA,Memory B cell
E2L6_GTACAGTGTGGACTAG,CD14+ monocyte
L2_GAAGGACCACGCACCA,Proliferating NK cell
E2L3_ATGGATCTCATGCGGC,Conventional dendritic cell
E2L5_CGCATGGCAGCTACCG,Naive CD4 T cell
E2L5_TCGATTTTCCAACCGG,CD161+ memory T cell
L1_TTGTGGATCGAGAAAT,Naive CD4 T cell
L3_GCCGATGCATGTGGCC,FCGR3A+ monocyte
L4_TCTAACTAGACGATAT,Naive CD4 T cell
E2L2_CACTGTCGTCAAGCGA,CD4 memory T cell
E2L3_CGCATGGAGATGGGCT,CD4 memory T cell
L5_AGGTGTTAGACCAGAC,Memory B cell
E2L1_TAAGTCGAGCTTTCTT,Plasma cell
E2L3_TCCCACAAGTGAGCCA,Platelet
E2L7_TGGGATTGTTCGGCGT,Cytotoxic T cell
L5_TCCCATGGTTGGAGAC,CD161+ memory T cell
E2L2_AACCACACAGGCGATA,Proliferating NK cell
E2L6_ACCTGTCAGTGCGCTC,Gamma delta T cell
L4_TGAATCGCATCTAACG,Conventional dendritic cell
L4_ACAGGGAAGGCTGTAG,CD14+ monocyte
L4_TCTCACGCACTGGCGT,CD14+ monocyte
E2L1_GTACAACCAGTAACCT,CD14+ monocyte
L5_GCCAGTGTCGGTAGAG,Cytotoxic T cell
E2L2_CTGTGAATCCGGTTCT,Proliferating NK cell
L4_TTACCGCTCGTAGGGA,Plasmacytoid dendritic cell
L4_ATCGGCGAGCCAAGCA,Naive CD4 T cell
E2L6_ACTGTCCGTTATGACC,Naive CD4 T cell
L2_TGAATGCGTCAAAGCG,Naive CD4 T cell
L3_GGGCCATGTTGTCATG,Naive CD4 T cell
L5_AACAGGGTCGATTCCC,Cytotoxic T cell
L3_ACACCAATCATTGTTC,Proliferating NK cell
E2L5_TGGAACTCAGCTCGGT,CD161+ memory T cell
E2L1_AGCGCCATCTTCGATT,Cytotoxic T cell
E2L2_GCTACCTCAAGTGGAC,Naive CD4 T cell
E2L7_AAACCCAAGTGGATTA,Cytotoxic T cell
E2L1_GGAATGGCACTAGTAC,Plasma cell
E2L2_AACAGGGCAGGCGAAT,Natural killer cell
L2_CATGGTATCAGCTGAT,Proliferating NK cell
E2L3_TCATCCGGTAATACCC,Memory B cell
E2L2_AAACGCTGTGATTAGA,Naive CD4 T cell
E2L8_TGTTACTGTTGTACGT,Natural killer cell
L1_CGTTGGGTCGACCAAT,FCGR3A+ monocyte
E2L5_CGTGATATCAAGAGTA,Memory B cell
L5_GATAGCTAGCAGCAGT,FCGR3A+ monocyte
E2L4_ACCTACCTCCGAGGCT,Memory B cell
E2L8_ATCCTATCACGGATCC,Memory B cell
L3_TTCCGTGAGACCACGA,CD4 memory T cell
E2L7_GTTGCGGAGAGTCAAT,Platelet
L1_TCCATCGCACACCGCA,Naive CD4 T cell
L3_TCGGTCTGTATATGGA,Cytotoxic T cell
L3_TTTATGCGTGCCCACA,Plasma cell
E2L1_ATGATCGCAACTGAAA,FCGR3A+ monocyte
L2_TCCAGAATCTGTAACG,Naive CD4 T cell
E2L8_CCCTAACGTCTTAGTG,Memory B cell
L3_CCTGCATTCCGTGGCA,Plasma cell
L3_AGGTAGGCAGTAGTTC,CD4 memory T cell
E2L8_TGGATGTTCCACGTCT,Plasma cell
E2L1_AAGTGAAAGCACCGAA,Plasma cell
E2L3_CACTGAATCCGCGATG,Memory B cell
L2_TAGAGTCCATGCAGCC,Naive B cell
L5_TGTTGGATCGGTCGAC,Naive CD4 T cell
E2L7_TGGATGTCAGGCCCTA,CD161+ memory T cell
E2L7_GCTTCACGTACAACGG,CD161+ memory T cell
L4_TCAAGCAGTTCCCAAA,Hematopoietic progenitor cell
L4_CAGGTATCACGGTGCT,CD161+ memory T cell
E2L5_ATCGGATCACAGCTTA,Memory B cell
E2L8_AAGCGAGCAAATTGGA,CD161+ memory T cell
L3_ATCGTGATCTGCGTCT,Hematopoietic progenitor cell
L4_TCTCCGAAGAGCCCAA,Naive CD4 T cell
E2L3_GGGCGTTCATATAGCC,FCGR3A+ monocyte
L1_GCTTGGGTCACAGTGT,Natural killer cell
E2L4_AGGTCATTCGGCTTGG,Cytotoxic T cell
E2L1_GTTCCGTTCCCGTTCA,Naive CD4 T cell
E2L3_AATTCCTAGGTCGTGA,Naive CD4 T cell
L2_TGTGTGAGTGAACCGA,Naive CD4 T cell
L3_AGAAGCGGTCGTACTA,Naive B cell
E2L4_TGTTACTGTGCCTTTC,Proliferating NK cell
L2_CATCCCAAGGTAAACT,CD161+ memory T cell
E2L3_GTGCTGGTCATCGCCT,Naive CD4 T cell
L4_CAATGACAGTTGCCCG,Naive CD4 T cell
E2L3_TGATGCAAGTAGGCCA,Memory B cell
E2L2_GTGCTTCTCCGTGACG,CLEC9A+ dendritic cell
L5_TATCTGTTCACACCCT,Naive CD4 T cell
E2L3_TGAGTCAAGACTTCCA,Natural killer cell
E2L8_TAAGCACAGAGCATCG,Natural killer cell
L5_AGGAAATGTTTAGAGA,Hematopoietic progenitor cell
E2L1_GTTACCCGTTTCCAAG,Conventional dendritic cell
L4_CAGCGTGGTTAGGACG,CD4 memory T cell
L4_CTAGGTAAGCGCAATG,Naive CD4 T cell
L4_ATCACAGAGGCATCTT,Naive CD4 T cell
E2L4_GATCATGCAGTTCTAG,Proliferating NK cell
L3_TCTACCGAGTGTTGAA,CD14+ monocyte
L2_AGGTTACCAGGGATAC,Naive CD4 T cell
E2L8_ATGGATCCAATAACGA,FCGR3A+ monocyte
E2L3_CGAGGCTCAGATTAAG,Plasmacytoid dendritic cell
E2L6_ACGTAGTAGGTGATCG,FCGR3A+ monocyte
L2_TCCTGCAAGCACTTTG,Naive CD4 T cell
L1_TACTTCAAGAGGTCGT,Plasmacytoid dendritic cell
E2L5_GCAGGCTGTTCTGAGT,Gamma delta T cell
E2L2_ATTCCATGTATCTCTT,Memory B cell
E2L7_CTGAGGCCATAACTCG,Cytotoxic T cell
E2L4_CTCATCGCAGAGTTGG,Natural killer cell
E2L5_TACTTCACAAAGAGTT,Plasmacytoid dendritic cell
L1_TAGATCGAGGCGTTGA,Naive CD4 T cell
E2L6_TAGGTACGTGGTAACG,Naive CD4 T cell
E2L6_CACGTGGCAGAGGTAC,FCGR3A+ monocyte
L4_ACAAAGAGTGCACATT,Naive CD4 T cell
E2L5_ACCACAATCAATGCAC,Naive CD4 T cell
L4_CATGGTATCAATGCAC,Proliferating NK cell
L2_CTAGGTACAAGGTCGA,Naive B cell
L4_GCGATCGTCCGTGTGG,CLEC9A+ dendritic cell
L4_GATTTCTTCAGCTAGT,Hematopoietic progenitor cell
L3_TACTGCCGTTCACGAT,FCGR3A+ monocyte
E2L1_CATCCCATCCGCACGA,CLEC9A+ dendritic cell
E2L5_GCCGTGACAGTCAGTT,Proliferating NK cell
E2L5_TTTCAGTCAATAACCC,CD4 memory T cell
L5_AGGAGGTCATCCTTCG,CLEC9A+ dendritic cell
L4_TGGTGATGTCACTAGT,CD4 memory T cell
L3_GGGACCTAGTCAACAA,Plasmacytoid dendritic cell
E2L3_ACTGATGTCGTAGTCA,Platelet
E2L7_GTTACCCAGCCTAACT,Naive B cell
E2L2_GGTCTGGGTGCATTAC,Naive CD4 T cell
L1_ATATCCTCATGCCATA,Naive CD4 T cell
L2_GGCTTTCCATGGCGCT,Cytotoxic T cell
L5_TGTGAGTAGTACAGAT,CD161+ memory T cell
L4_GCAGCCATCCTGGCTT,CD4 memory T cell
L3_TACAACGCATGCCATA,Plasmacytoid dendritic cell
E2L4_TTCCAATAGGTAAGGA,Proliferating NK cell
E2L7_TTGGATGCAATGTCTG,Naive CD4 T cell
E2L4_AGCCAATCAAACTAAG,Naive CD4 T cell
E2L8_GTGTGATAGTATGCAA,Naive B cell
L1_AGGACTTGTCCTGTTC,GZMK+ memory T cell
L2_TGGAACTGTTGTCTAG,Naive CD4 T cell
E2L5_ATCGATGGTTCCTTGC,Conventional dendritic cell
E2L1_GATGTTGTCTCCGTGT,QC_filtered
E2L3_AGCCAGCCAGCACAAG,Plasmacytoid dendritic cell
L4_GATAGAAGTACAAACA,Cytotoxic T cell
E2L5_TTAGGCATCTTCGTAT,Proliferating NK cell
E2L6_ATCACAGTCAATGTCG,Proliferating NK cell
E2L2_ACCCAAACATTGTAGC,CLEC9A+ dendritic cell
E2L3_CTGTAGAGTTTCGACA,QC_filtered
E2L2_TCCATCGCAAACTCTG,Cytotoxic T cell
L2_GAGGCAAAGTGGTCAG,Conventional dendritic cell
E2L6_GCAGCCATCGTGGGTC,Plasmacytoid dendritic cell
L2_TTAGGGTCACTCTAGA,CD14+ monocyte
E2L5_CTAGGTACAAGTAGTA,Natural killer cell
E2L2_ACAGCCGAGGACCCAA,QC_filtered
L3_TCCGGGATCCTCTAGC,Naive CD4 T cell
E2L3_TGTAGACGTACCAGAG,Proliferating NK cell
L1_GAGGCAAAGGTCTGGA,Naive CD4 T cell
E2L4_AACAAAGCATAGGTTC,Naive CD4 T cell
L1_CAGATTGAGAAACTCA,Naive CD4 T cell
E2L4_TGACCCTCAGCGACAA,Proliferating NK cell
E2L1_GTGTTAGAGTTACGAA,Naive B cell
L1_GGTCTGGTCACTCACC,Proliferating NK cell
E2L6_ACGGGTCCATACGCAT,Platelet
L3_TACTTGTAGTCACTCA,Naive CD4 T cell
E2L8_GTAGGTTTCAGTGGGA,CLEC9A+ dendritic cell
L2_TTGTTTGAGTAATCCC,Natural killer cell
L4_TTTGTTGTCGAATGCT,Naive CD4 T cell
E2L8_TCCTCCCAGAGCCATG,FCGR3A+ monocyte
E2L1_GCCGATGGTCAGTCTA,Proliferating NK cell
E2L6_TGACGCGAGCAGTCTT,Gamma delta T cell
E2L6_TTTAGTCGTCAGTCCG,Cytotoxic T cell
E2L1_CCTACGTCAGCGTATT,Natural killer cell
L5_ATTCTTGAGAGAATCT,CD4 memory T cell
E2L4_CCACGAGAGACGCAGT,Natural killer cell
E2L6_CCGTGAGAGCTTACGT,Conventional dendritic cell
E2L2_TGGTACACATAGACTC,CD14+ monocyte
E2L4_GGTGATTAGGGAGGCA,CLEC9A+ dendritic cell
E2L3_GTTACAGCACAGCTGC,Cytotoxic T cell
E2L5_TTCCAATAGAGGGTCT,CD14+ monocyte
E2L1_TCTGTCGTCCTACCAC,Naive CD4 T cell
L4_GTAACCACATTCGGGC,Naive CD4 T cell
E2L7_GTACAGTAGAGGTCAC,Naive CD4 T cell
L1_GTAATCGAGTCAATCC,Naive CD4 T cell
E2L5_TTTGGTTTCGAACCTA,Plasmacytoid dendritic cell
L2_TTACCGCCATAACTCG,GZMK+ memory T cell
E2L2_TCGTAGAAGATACATG,Plasmacytoid dendritic cell
L5_CACATGATCTGACGCG,Cytotoxic T cell
E2L5_CCTCCAAGTTGATGTC,Gamma delta T cell
E2L5_GTGGAAGTCTCGTGAA,Cytotoxic T cell
L5_TCCTAATCACCTTCCA,Naive CD4 T cell
E2L8_TCAATCTCACACCTTC,Memory B cell
L2_TCAGTGAAGTGAACAT,Hematopoietic progenitor cell
E2L6_CGATCGGGTAACATAG,Naive CD4 T cell
L4_TGGAGAGAGCACGTCC,Naive CD4 T cell
L3_TGCAGATCAGCCTACG,Conventional dendritic cell
L5_GTGGTTAGTACAGCGA,CD161+ memory T cell
E2L4_ACCTGAAAGGACTATA,Naive CD4 T cell
L1_AAACGAAAGTTGAATG,CD161+ memory T cell
L5_CAGAGCCCACGAGGTA,Conventional dendritic cell
E2L5_CATTCATAGATGCGAC,Conventional dendritic cell
E2L6_ACTTCCGGTCTTAGTG,CLEC9A+ dendritic cell
L2_TATTGCTGTGTTCGAT,Plasma cell
E2L7_TAGCACACATTACGGT,Cytotoxic T cell
L5_GACCCAGTCACTGTTT,Naive CD4 T cell
L5_CGAATTGGTTTGTGGT,Proliferating NK cell
E2L5_CATGCGGGTTTAGTCG,Cytotoxic T cell
E2L7_GCATTAGTCGCAGTCG,Conventional dendritic cell
L1_CTTGATTAGGAAGTAG,Naive CD4 T cell
L5_CATCCCAGTCATGGCC,Hematopoietic progenitor cell
L5_AAAGGGCGTCACTTCC,CD161+ memory T cell
L4_CTACCTGTCATTCACT,Naive CD4 T cell
L5_CTGTGGGCACTGCACG,Proliferating NK cell
E2L8_CATACCCCATCCTAAG,Naive CD4 T cell
L4_TTTGTTGTCGTCCATC,Cytotoxic T cell
L3_TGGAGGAGTTCTCTAT,FCGR3A+ monocyte
E2L8_ACTTTCATCTCGTGGG,Naive CD4 T cell
E2L8_TGTGTGAAGACCAGAC,Naive B cell
E2L3_AGTCAACTCGGTCGGT,Conventional dendritic cell
E2L1_AAGACTCTCGCTAGCG,Cytotoxic T cell
E2L1_CATGAGTAGCTTTGTG,Memory B cell
L3_TTTACGTTCAAGGAGC,FCGR3A+ monocyte
E2L3_GGTGAAGAGGACACTG,Naive CD4 T cell
E2L1_CTTGAGATCCGGCAGT,CD14+ monocyte
L1_GCCGTGAGTCGAGTGA,CD4 memory T cell
L1_GGCTTTCTCCTCACGT,FCGR3A+ monocyte
L3_GAAACCTAGATGTTGA,Plasmacytoid dendritic cell
L4_AGTCATGCAAGGGCAT,Naive CD4 T cell
E2L3_TGGTTAGCATTGCTTT,Cytotoxic T cell
E2L3_GTTGTCCCAGTGCCTG,CD4 memory T cell
E2L8_CAATACGCACGGTGCT,Cytotoxic T cell
E2L5_GCATCTCAGGAACGCT,Platelet
E2L6_CTCTGGTAGACGTCGA,CD14+ monocyte
E2L3_TTGATGGGTATGCGGA,Gamma delta T cell
L5_TCGAAGTTCTATCGTT,Conventional dendritic cell
E2L8_TCGCACTTCCGCTGTT,Cytotoxic T cell
E2L1_AGGGTTTTCCGCGGAT,Cytotoxic T cell
E2L2_GGGTTTACACATGTTG,FCGR3A+ monocyte
E2L4_GCAGCCAAGACATGCG,Conventional dendritic cell
L4_GCCAGGTGTTTACGTG,Cytotoxic T cell
E2L1_ACACTGAAGTCATAGA,Cytotoxic T cell
E2L5_TGTAGACGTACAAACA,Natural killer cell
E2L6_AAACCCATCAACTGGT,Naive CD4 T cell
L1_ATTCATCAGCCTGACC,Naive CD4 T cell
E2L4_TTACTGTTCTACTGCC,Plasma cell
L3_ACGGTTATCAAGCCCG,Hematopoietic progenitor cell
E2L5_GTCTTTATCCTGGGTG,Memory B cell
L1_CAGGGCTGTCTTCGAA,Proliferating NK cell
E2L4_CAACAACGTCCCTGTT,Cytotoxic T cell
L5_AATCACGAGAGCCCAA,Plasma cell
L1_AGATCGTGTGTCTTCC,CD4 memory T cell
E2L8_AATCGACCAACGGCCT,Natural killer cell
E2L4_ACTGTCCGTCACCACG,CD4 memory T cell
L5_CTGAGCGAGGTGCAGT,Naive CD4 T cell
L4_TATCTTGGTTACACTG,CD4 memory T cell
L3_TACAGGTGTAGTTACC,Natural killer cell
E2L7_CGGGTCATCGTACACA,Naive CD4 T cell
L4_ATTCATCTCCCATACC,CLEC9A+ dendritic cell
E2L6_ATTCACTGTTAAACAG,Memory B cell
E2L8_AAGTTCGAGGATTTAG,Naive CD4 T cell
L1_CGATGGCAGACCAACG,Cytotoxic T cell
E2L4_TGAGGTTTCAAGTAAG,CD14+ monocyte
E2L6_CCTCAACTCGACGTCG,Cytotoxic T cell
L4_CTGTCGTCAAGAAACT,Naive CD4 T cell
L4_CATTCATAGTGATGGC,Naive CD4 T cell
L1_GATCCCTGTTAAGGAT,Cytotoxic T cell
E2L2_CAGCAGCAGTAGGGTC,Cytotoxic T cell
L4_CCGGACACACCTCTAC,CD14+ monocyte
L2_TTGGTTTGTTCAGCGC,Plasma cell
L1_TGTGGCGTCCACACCT,Conventional dendritic cell
L5_ATCACTTCAGAACCGA,Naive CD4 T cell
E2L8_AGGGCTCGTGTCATCA,Naive B cell
E2L3_TTCTAGTTCAAGATAG,Natural killer cell
E2L5_CATTGAGGTAGCTTGT,CD4 memory T cell
L3_AAAGGGCTCGCTGTTC,FCGR3A+ monocyte
L1_AAGAACATCAAAGCCT,Hematopoietic progenitor cell
E2L5_CATGCCTGTCGTATGT,Proliferating NK cell
E2L3_CTTAGGATCCCTTTGG,Hematopoietic progenitor cell
L3_TCCACGTAGGTCACCC,Cytotoxic T cell
E2L5_GCCAGTGTCACCTGTC,Plasmacytoid dendritic cell
E2L1_ATGACCAGTAGTATAG,Plasma cell
E2L1_TAAGCACGTAGTATAG,Cytotoxic T cell
E2L6_TTTACCAGTTGAAGTA,Platelet
L2_GGGACTCTCGGCCCAA,FCGR3A+ monocyte
L1_GGCTGTGCAACTGTGT,CD4 memory T cell
E2L2_GGGAGTAAGAGAGAAC,Plasmacytoid dendritic cell
E2L4_AGCCACGCAATGTGGG,Gamma delta T cell
L2_CTATAGGCATGCGGTC,GZMK+ memory T cell
E2L1_AGTAGTCCAGTTCTAG,Cytotoxic T cell
E2L6_TGTTGGACAGAAATCA,Cytotoxic T cell
L3_AGGGCTCCAAAGCAAT,Natural killer cell
L3_TCTGCCATCCACCTGT,Naive CD4 T cell
E2L3_TGCATCCCACGACAGA,Naive CD4 T cell
E2L3_TCAGTCCGTGCTGATT,Gamma delta T cell
E2L4_TGTTCATAGCAACAAT,Naive CD4 T cell
L4_GGGCGTTAGCGGGTTA,Naive CD4 T cell
L1_TGGTAGTAGGGTTAAT,Naive CD4 T cell
E2L2_TGCCGAGAGAATACAC,QC_filtered
E2L8_TACGTCCCAATCTCGA,Memory B cell
L1_TGGATGTAGACGGAAA,Hematopoietic progenitor cell
E2L4_CTCTCAGGTGACTGAG,Proliferating NK cell
E2L8_TTCTAGTTCACGGTCG,Cytotoxic T cell
E2L6_GTCACTCCAAGCTACT,CD14+ monocyte
E2L5_TCATACTGTTCGTTCC,Naive CD4 T cell
L2_ACTTAGGAGTAAACGT,CLEC9A+ dendritic cell
E2L8_CATTGAGTCTCTATGT,Naive CD4 T cell
E2L3_GGTGTCGGTATCAAGA,CD14+ monocyte
E2L1_ATCTTCAAGTGGGAAA,Plasmacytoid dendritic cell
E2L8_TGAGGAGCATCTCCCA,Natural killer cell
E2L4_ATGGTTGAGCCTCCAG,Memory B cell
E2L4_TTTCCTCGTGGCAACA,CD4 memory T cell
L2_GAAGCGACAGAATCGG,Cytotoxic T cell
E2L4_CTGTGGGGTCACTTAG,Naive B cell
E2L4_CATGCGGGTATAATGG,Conventional dendritic cell
E2L6_TGTTCATGTCGTAATC,CD161+ memory T cell
E2L4_CATTCCGAGATGGCGT,Proliferating NK cell
L1_ATTGTTCGTCTCAGAT,CD14+ monocyte
E2L5_TGCGGGTGTACACGTT,Natural killer cell
L3_TGACAGTCAGCGTGAA,Naive B cell
L2_GTAAGTCAGCGCAATG,Naive CD4 T cell
E2L1_AAGACAACACGATAGG,Memory B cell
L4_GTAGGAGAGTGCTCGC,Memory B cell
E2L5_AGGACGATCCATAGGT,QC_filtered
L3_CACACAACAGCAGACA,Cytotoxic T cell
L1_CGGAGAAAGCAAACAT,Naive CD4 T cell
E2L1_TGTTCCGGTATCTTCT,Cytotoxic T cell
L1_ATCCATTTCTCGGTCT,Plasma cell
E2L6_TTGCTGCAGCACCGAA,Naive B cell
E2L8_ATTCTTGCAAGGCGTA,Cytotoxic T cell
E2L7_GAAGCGAGTACGTTCA,Naive CD4 T cell
L3_CCGTTCAAGCGTTACT,CD4 memory T cell
L1_CTGTAGAGTGGCAGAT,Naive CD4 T cell
L2_AGAGAGCCACGAGGAT,Erythroid cell
L1_CAATGACGTCCTCAGG,CD4 memory T cell
L4_TTCCAATTCAGGTGTT,Natural killer cell
E2L3_TCCACGTCACTAGGCC,CLEC9A+ dendritic cell
L1_AGAGCCCAGGCCATAG,CD4 memory T cell
E2L7_GGGTCACAGTAAGGGA,Natural killer cell
E2L8_CCTGCATAGACTCGAG,Naive CD4 T cell
L4_CGGGTGTAGGTCGTAG,Naive CD4 T cell
E2L6_CACTTCGTCGTGTTCC,Conventional dendritic cell
L5_TGTACAGTCTGGCCGA,Naive CD4 T cell
L5_GACACGCGTCCCTGTT,CD161+ memory T cell
L2_GTAGGTTAGCGGACAT,Memory B cell
E2L3_GCCATGGAGAGGTTTA,Cytotoxic T cell
E2L8_GATTCGACATTGCAAC,Memory B cell
E2L1_TTAATCCTCTACACAG,FCGR3A+ monocyte
L4_CCTCATGTCTCGGTCT,CD4 memory T cell
E2L7_CTCCTCCGTCGTTTCC,Plasma cell
E2L6_TGTAACGCAGACTCTA,Naive CD4 T cell
E2L6_CCACTTGGTAACGGTG,CD4 memory T cell
L4_TGCAGATAGACCATAA,CD14+ monocyte
E2L4_CATCGCTCAATAGGGC,CD4 memory T cell
E2L5_TGCCGAGAGGTCACCC,Memory B cell
L1_ACCGTTCAGATGCTAA,Proliferating NK cell
E2L2_CCGAACGGTTTCACTT,Naive CD4 T cell
E2L8_CAACAGTCAGGATTCT,CLEC9A+ dendritic cell
E2L7_TCTCACGGTCTTACTT,CD4 memory T cell
L5_GCACGGTTCATTCACT,Naive CD4 T cell
E2L8_GTGGAAGCAGTTTCGA,FCGR3A+ monocyte
E2L3_TCCCACAGTGAGTAGC,CD161+ memory T cell
E2L5_ACAGCCGCACCCTCTA,Naive CD4 T cell
L5_ATCGTGAGTTGGCCGT,Memory B cell
E2L7_GGGTTTACATATAGCC,Naive CD4 T cell
L1_GAATCGTCATACTGTG,Hematopoietic progenitor cell
E2L1_AGAAATGGTCTAGATC,Plasmacytoid dendritic cell
E2L1_AGCCACGCATCCGTGG,Naive B cell
E2L6_TCCTCCCAGCAGTCTT,GZMK+ memory T cell
E2L8_AACCCAACACCAGCCA,QC_filtered
E2L1_ACTTAGGAGGGTACGT,Proliferating NK cell
L5_AAAGTCCTCACGGGCT,Cytotoxic T cell
E2L1_TCACGGGGTCGAGCTC,FCGR3A+ monocyte
E2L5_GACGTTACAGCGGTTC,Proliferating NK cell
E2L1_GTGAGCCCAAGTCCAT,Naive B cell
E2L8_ACGTAGTCAAAGGCGT,Cytotoxic T cell
L5_TTGGATGGTTAAAGTG,Naive CD4 T cell
E2L3_AGCCAATCACCTCTAC,Proliferating NK cell
E2L1_AGGGCTCGTGGGAGAG,Naive B cell
L5_CGAAGTTAGGGAGGCA,CD4 memory T cell
L5_GGTGAAGTCGACACCG,Natural killer cell
E2L8_AGTTCCCCAATTTCTC,Plasmacytoid dendritic cell
E2L4_TGAGTCAGTAAGATTG,Natural killer cell
E2L7_GCACGGTTCCGCGGAT,Plasma cell
L4_GACTTCCAGGGTGGGA,Hematopoietic progenitor cell
E2L1_AACAACCTCGCGCTGA,Cytotoxic T cell
E2L2_GAAGAATGTAATACCC,CD14+ monocyte
L5_TCCGTGTCAATGTCTG,Memory B cell
L3_CTACCTGGTACCTTCC,Naive B cell
E2L4_GTAGGAGGTCGTGGAA,Memory B cell
L1_CTGAATGAGTCTAACC,Cytotoxic T cell
E2L6_CAGATACTCGCCTAGG,Plasmacytoid dendritic cell
L1_TCGCACTAGCAATTCC,GZMK+ memory T cell
E2L6_TCTTCCTCAGACTCTA,Memory B cell
L3_TATCAGGCAAGCTACT,CD4 memory T cell
E2L6_CAAGCTACAACGATTC,Platelet
E2L7_ATCACGACATGCCGCA,QC_filtered
L2_TCCCACACACAAAGCG,Naive CD4 T cell
E2L7_ATGAGTCAGCTTAGTC,Memory B cell
L3_TCATCCGCACAGTCCG,CD4 memory T cell
L1_GTCACTCAGGACGCTA,Naive CD4 T cell
L3_AGCTACAGTCAACGCC,CD4 memory T cell
E2L5_TGAGCATCAGATGCGA,Natural killer cell
L5_AACAGGGCACCTTCGT,CD4 memory T cell
E2L2_ATATCCTCAACGTAAA,Cytotoxic T cell
E2L8_TTACTGTCAGTGTACT,Gamma delta T cell
L4_ACATCCCGTTCATCGA,Plasmacytoid dendritic cell
E2L3_GCCAACGCATCTAGAC,Cytotoxic T cell
E2L5_CAGAGCCAGAAGCGAA,Plasma cell
E2L7_AAAGAACAGCATTGTC,Cytotoxic T cell
L4_TGGGTTACAGCTGGTC,CD4 memory T cell
E2L5_GCTACAAAGGGAGTGG,Platelet
L2_AGCGCTGGTGTCCAAT,Cytotoxic T cell
L4_GAGTGAGTCCTTGGAA,Hematopoietic progenitor cell
E2L4_TTTATGCGTACAGGTG,Naive CD4 T cell
L2_TCAGGGCCACGTACTA,Naive CD4 T cell
L4_TGCTGAATCGACCTAA,Cytotoxic T cell
L1_GTAACCAGTGCCGTTG,FCGR3A+ monocyte
L1_CGGGTGTCATCGAGCC,Cytotoxic T cell
E2L5_TACGTCCCAGGTTACT,Natural killer cell
L4_GCACTAAAGGGTTGCA,Naive CD4 T cell
L2_TCGAACAGTATCGTGT,Naive CD4 T cell
E2L3_CTGTCGTAGCTTGTTG,Natural killer cell
L3_GTAGGAGAGTGTTCCA,CD161+ memory T cell
L1_TGCGACGTCCATCTAT,QC_filtered
E2L5_TGTGATGAGCATGAAT,Cytotoxic T cell
E2L2_ATGTCCCGTGGCATCC,Naive CD4 T cell
E2L3_ATTACCTTCAAAGAAC,Cytotoxic T cell
L5_CCACTTGGTGAGATTA,Naive CD4 T cell
E2L8_AATTCCTAGTGCCGAA,Naive CD4 T cell
E2L2_TCGGGTGGTGACAGGT,Memory B cell
E2L2_ATATCCTAGCAATTCC,Cytotoxic T cell
L3_GAGGCCTAGCCGATAG,FCGR3A+ monocyte
E2L2_TAATTCCAGAAATGGG,Naive B cell
E2L1_TTTCCTCAGTATGAAC,CD14+ monocyte
L3_AACCAACGTAGGACCA,Hematopoietic progenitor cell
E2L2_GTCACGGGTCGGTACC,Natural killer cell
E2L3_ATTCCCGCAGGTTCCG,Memory B cell
L1_CTCAGTCCATCCGAAT,Natural killer cell
E2L8_CCAATTTAGGATACGC,Memory B cell
L2_GGTGTTATCCCGTTGT,Proliferating NK cell
L3_GGGAGTAAGGTAGGCT,Conventional dendritic cell
E2L7_AGGAGGTCAATCCTAG,Naive CD4 T cell
E2L5_TCACTATTCACCTCGT,Memory B cell
L2_GATTCGAAGATACAGT,FCGR3A+ monocyte
L3_CACGTGGCAGTCGCTG,Conventional dendritic cell
E2L6_GCTCAAAAGCATGCGA,Cytotoxic T cell
L4_CTTCTCTAGCACGATG,Naive CD4 T cell
E2L8_GCCATTCCAGAGCTAG,QC_filtered
E2L3_GTGCTTCGTCAAGTTC,Natural killer cell
E2L1_AGGGCCTTCCGTTTCG,CD4 memory T cell
E2L2_GCAGTTAGTAGTGCGA,Plasmacytoid dendritic cell
L2_GACTCTCTCATCGTAG,Cytotoxic T cell
E2L2_TTCTGTAAGCCTCAAT,CD4 memory T cell
E2L4_TCCACGTCACCAAATC,CD4 memory T cell
E2L7_AATGAAGCAGATCCTA,Naive B cell
L4_CCTTGTGCAGATAAAC,Naive CD4 T cell
L4_TATCAGGAGATCACCT,Naive B cell
E2L6_TGCGGCACATGCAGGA,Plasma cell
E2L1_GGGATGACAGTTACCA,Cytotoxic T cell
E2L4_AGAACCTCACACACGC,Cytotoxic T cell
L2_GGATCTAGTGTATACC,Natural killer cell
E2L2_CAATCGAGTTGGGTAG,Conventional dendritic cell
E2L4_TGTTGGACACTATCGA,Cytotoxic T cell
L2_TACGCTCAGGACACTG,Naive CD4 T cell
E2L2_TTGCCTGTCCACCTGT,Cytotoxic T cell
L1_TACTTGTCAGACCTAT,Naive CD4 T cell
L1_GGAAGTGTCCGCGATG,Gamma delta T cell
L5_GGGTCACAGCGACTGA,Cytotoxic T cell
E2L7_GTGCGTGTCTCCAAGA,Conventional dendritic cell
L3_TTGAGTGCACACACGC,Naive CD4 T cell
E2L5_CTTCAATCACCTCTAC,Naive CD4 T cell
L1_CGGGCATAGACTCAAA,Natural killer cell
E2L5_AAGGAATCACATATGC,CD14+ monocyte
L4_ATGACCACAACGAGGT,CD4 memory T cell
L1_AGTGATCAGCTGAAAT,CD161+ memory T cell
E2L5_AATTCCTTCGCTAATG,CD161+ memory T cell
E2L1_GATTTCTAGTTCCGGC,Proliferating NK cell
E2L6_CATGGATCAACTTGCA,Naive CD4 T cell
L4_AAGCATCTCGTTCAGA,CD4 memory T cell
E2L5_CATACCCTCCGTCACT,Natural killer cell
L4_CACTGGGGTTTCGGCG,Cytotoxic T cell
L3_GGTTCTCCAAGCTACT,Conventional dendritic cell
L4_CCAAGCGTCCCGAGAC,CD4 memory T cell
E2L2_GCAGGCTGTGTACAGG,Naive CD4 T cell
E2L5_CACCAAAAGATTCGAA,Natural killer cell
E2L2_TCCGATCGTTTGTGGT,Platelet
E2L4_TCGACGGTCGCCAATA,Plasmacytoid dendritic cell
E2L7_GATTGGTCAATACCTG,CD4 memory T cell
L1_ACACTGATCTGCATGA,Naive CD4 T cell
L1_GTGTGATTCTAAGGAA,Hematopoietic progenitor cell
E2L4_CTCCTTTTCACGTCCT,Conventional dendritic cell
E2L3_AAAGTGATCTCGGTCT,CD14+ monocyte
L1_TGTAGACCATTGAAAG,CD4 memory T cell
L5_TGTGATGAGTCACAGG,Memory B cell
E2L1_TGGGTTACACAAGGTG,CD4 memory T cell
E2L4_GTGGTTAAGAGAGTTT,QC_filtered
E2L4_CATGCAATCACTCACC,GZMK+ memory T cell
L5_CGCCAGACAGATTTCG,Cytotoxic T cell
E2L2_TCTTGCGGTGACATCT,CD14+ monocyte
E2L6_AGGTTGTTCGCCTAGG,Cytotoxic T cell
L2_AACAAAGTCGCCAATA,Naive CD4 T cell
E2L6_ATCGATGCACGTGAGA,Cytotoxic T cell
L4_TCTAACTGTGATTCTG,Cytotoxic T cell
L1_GGGACAATCGTGAGAG,CD161+ memory T cell
E2L4_TGTCCCATCGAATCCA,Naive CD4 T cell
E2L7_ATCGCCTGTTAAGTCC,Natural killer cell
L4_GAGATGGGTCTTAGTG,CD4 memory T cell
L1_GATAGAATCGTAATGC,Naive CD4 T cell
E2L3_GTAGAAAGTCGTCAGC,Natural killer cell
E2L4_CACGGGTGTACTAGCT,CD4 memory T cell
E2L1_CACATGAGTGCTTATG,Proliferating NK cell
E2L2_TTGCGTCTCCGGTAAT,CD4 memory T cell
E2L4_AATAGAGTCTGGTTGA,Proliferating NK cell
E2L7_GTTACAGCATGCCGAC,Proliferating NK cell
L5_GTCTGTCAGGCGTTAG,Plasma cell
E2L1_GAGACTTAGCCATCCG,FCGR3A+ monocyte
E2L6_GAGACCCTCGGCTTGG,CLEC9A+ dendritic cell
L1_GTGATGTAGGTCATTC,Hematopoietic progenitor cell
E2L1_TACACCCAGCAGCGAT,CD161+ memory T cell
E2L7_AACACACCATGAGGGT,CD161+ memory T cell
E2L8_GTAGTACCACTGTTCC,FCGR3A+ monocyte
L2_CCGAACGGTACCTAAC,Naive CD4 T cell
L4_AGGCTGCGTAGGATAT,Conventional dendritic cell
L4_TCGGATATCCCATAAG,Naive CD4 T cell
L1_TTCTCTCGTGAGCAGT,Naive CD4 T cell
E2L1_CATGGTAGTTTCGTGA,Cytotoxic T cell
E2L6_TACGGTAAGAAATTGC,Memory B cell
E2L2_TGTTACTGTCCACGCA,Cytotoxic T cell
E2L8_CAAGCTAGTTATGACC,Platelet
E2L8_TTGAACGAGTTGGCGA,CLEC9A+ dendritic cell
L5_GTCTACCTCCAGTTCC,Conventional dendritic cell
L5_CCTGTTGGTACGGGAT,Plasmacytoid dendritic cell
E2L5_CATGGTACATTCAGCA,Cytotoxic T cell
L1_TTCACCGCATTCATCT,Naive CD4 T cell
E2L7_AATGCCATCGACGTCG,Plasmacytoid dendritic cell
E2L4_ACTATTCCACTATCCC,CD161+ memory T cell
E2L3_GTAGCTAGTAAGATAC,CD161+ memory T cell
E2L5_ATTCTTGTCAATCGGT,Natural killer cell
L4_CGCGTGAAGGGAGGAC,Plasmacytoid dendritic cell
E2L6_GTTGAACCAGTTTCAG,Naive B cell
L3_CAGATTGTCGCAACAT,Cytotoxic T cell
E2L6_AAAGTGATCCAGGACC,Plasma cell
L2_TTGAACGGTGAGAACC,FCGR3A+ monocyte
L3_AGACTCAGTGTCTCCT,Hematopoietic progenitor cell
E2L8_TGTGGCGAGGTCTGGA,Cytotoxic T cell
E2L5_CCGATGGTCGCCGAGT,CD14+ monocyte
L4_GAGGGTATCCAATCCC,Naive CD4 T cell
L5_GAGTGAGTCAACCTTT,Naive CD4 T cell
L3_CTATCTATCAGGACGA,CD161+ memory T cell
E2L3_CTTACCGAGGAAGTAG,FCGR3A+ monocyte
L2_AACAAAGGTCACTAGT,Cytotoxic T cell
E2L1_GGGCTACCAAGCTGTT,Memory B cell
L2_TCAGGTACAAGAAACT,Naive CD4 T cell
L5_TCCTGCAAGTATCTGC,Natural killer cell
L3_AAAGGGCGTATTCCTT,FCGR3A+ monocyte
L1_ACTGCAAAGCGCAATG,Hematopoietic progenitor cell
L1_TGTGGCGCATGGCACC,CD4 memory T cell
L2_ATCGTAGCACTTGTCC,Cytotoxic T cell
E2L7_GCTTTCGCAGGCACTC,Memory B cell
E2L5_TTTCATGCACCTCGTT,CD4 memory T cell
L1_TTGGGCGAGACTCCGC,Cytotoxic T cell
E2L5_CGATGCGTCGAACGGA,Memory B cell
E2L3_TCCTAATTCATGCTAG,Memory B cell
L3_CATGAGTCAAGAGGTC,CD161+ memory T cell
E2L1_GTCTGTCTCGATGCTA,Memory B cell
E2L3_GAGGCAAAGAAAGTCT,Proliferating NK cell
E2L5_GGGACAAAGAATGTTG,CD14+ monocyte
E2L5_CTACAGACAGCAAGAC,QC_filtered
E2L1_CTACGGGAGTGCCGAA,Natural killer cell
E2L4_TTGCTGCAGACGGATC,Naive CD4 T cell
L1_CGGGACTGTAACGTTC,CD4 memory T cell
L3_CAGTTAGTCTCCCTAG,Naive CD4 T cell
L2_ATCGGATCACTAGGCC,Natural killer cell
E2L5_TCAGTTTTCCATAAGC,CLEC9A+ dendritic cell
E2L5_AAGATAGTCCCGATCT,Cytotoxic T cell
E2L1_GATCATGTCCTATTTG,Conventional dendritic cell
L1_TCAGGTACACTGCTTC,CD4 memory T cell
L3_TCCGAAACACCGTGGT,Erythroid cell
L3_TCCCAGTAGGACGGAG,Hematopoietic progenitor cell
L5_AAGCGAGGTTTCGGCG,CD161+ memory T cell
E2L3_CACTGAAAGTAACGTA,Proliferating NK cell
L4_GCCTGTTTCCGATCTC,Gamma delta T cell
E2L2_TCCTGCATCGCTTACC,Naive CD4 T cell
L1_AGGTAGGCATCCTAAG,Hematopoietic progenitor cell
L5_GAGGGATGTACCCGCA,CD4 memory T cell
E2L5_GCTGAATAGAGTCAGC,Conventional dendritic cell
L3_TTTCCTCCACGAGGTA,Natural killer cell
E2L1_GAGGGTACACTGTTCC,Memory B cell
L3_TGATCTTTCGGCCCAA,Naive CD4 T cell
L2_CTAACTTTCACCATCC,Gamma delta T cell
E2L6_CCTTCAGGTAGCCAGA,Plasmacytoid dendritic cell
E2L7_TAGGAGGTCCAGTGCG,Naive CD4 T cell
L3_GATCCCTGTTAGGACG,Plasma cell
L5_GATAGAATCACTGATG,CD4 memory T cell
E2L1_AACCTGACAAGGTCGA,Cytotoxic T cell
E2L1_GATTGGTAGATTACCC,CD4 memory T cell
L4_CCACGTTGTTGGACTT,Naive CD4 T cell
L3_ATCGTCCTCTCACGAA,Hematopoietic progenitor cell
L1_CAATACGCAAGACCTT,Naive CD4 T cell
E2L8_TCTCAGCGTGTCCACG,CD161+ memory T cell
L2_TACGGTACACCTGCTT,Natural killer cell
E2L4_CCACGAGTCGACGACC,Proliferating NK cell
L1_AAATGGAGTAAGGTCG,CD161+ memory T cell
E2L6_GGGATCCAGGTATAGT,Platelet
E2L7_GTGCTTCTCCGGACGT,Naive B cell
E2L2_TCATCCGCATCATTGG,Cytotoxic T cell
L4_AGTTCCCCATCCAATG,Cytotoxic T cell
L5_GGAGGTACAGATTCGT,Hematopoietic progenitor cell
E2L1_GAATCGTTCGAGGCAA,Cytotoxic T cell
L4_CAACCTCAGTCTAACC,Plasma cell
E2L3_ATCACTTTCAAAGCCT,Plasma cell
E2L3_TCGGGCAGTTCCTTGC,Proliferating NK cell
L4_TGCAGTATCACTCACC,FCGR3A+ monocyte
L4_TGGTACAGTGCATGTT,Naive CD4 T cell
L5_CTGATCCCAGCACGAA,Naive CD4 T cell
E2L6_GGCAGTCCAACCCTAA,CD4 memory T cell
E2L6_CGCGTGACAGTTGTCA,CD4 memory T cell
E2L7_GTGTGGCAGGAGACCT,FCGR3A+ monocyte
L3_CCACTTGCAACCCTCT,CLEC9A+ dendritic cell
L1_TGACGCGCAGTAGTTC,Cytotoxic T cell
L4_TCCACCATCGTAACTG,Conventional dendritic cell
E2L7_CAGATACGTGTGCCTG,Memory B cell
L5_GCAGCTGCAGCGGTCT,Naive CD4 T cell
L5_TCTTGCGAGACTTCGT,GZMK+ memory T cell
E2L6_GACACGCAGATGACCG,Memory B cell
E2L3_TGATGGTGTGAACTAA,CD14+ monocyte
L4_TGCGGCAAGACCATTC,Plasma cell
E2L7_AGATCGTGTCCTTAAG,Cytotoxic T cell
E2L6_CGATGCGGTACTTCCC,Naive CD4 T cell
E2L4_ACGGAAGGTATTGGCT,Naive B cell
E2L1_CTACATTCAAGATTGA,Naive CD4 T cell
L5_CAAAGAACACCCTATC,Proliferating NK cell
L1_GAAATGAAGGCCATAG,Cytotoxic T cell
L4_GTGTGGCTCGCTTGCT,Naive CD4 T cell
L5_ATTGGGTGTGGCTACC,CD4 memory T cell
E2L5_ACCCTTGCAAGAGAGA,CD161+ memory T cell
E2L4_CTACCTGCATGCAGCC,Platelet
L5_CTAGACAAGGGTATAT,CD4 memory T cell
E2L8_AGAAGTAAGGCTAACG,Memory B cell
E2L3_AGAAATGGTCCCGGTA,Conventional dendritic cell
E2L6_ACAAAGACAAGTGATA,Naive CD4 T cell
E2L5_TCTAACTAGTGCACTT,Proliferating NK cell
E2L4_AAGCATCGTGAGAACC,Plasmacytoid dendritic cell
E2L3_CGCATAACATAAGCAA,CD14+ monocyte
L3_CCACCATGTCTTCCGT,Proliferating NK cell
E2L2_AGATAGAAGTAGCATA,CLEC9A+ dendritic cell
L4_AGGTTACAGTCGTCTA,Cytotoxic T cell
E2L7_TACAGGTTCACCATGA,CD4 memory T cell
L2_TTTAGTCGTTACAGCT,CD161+ memory T cell
E2L4_GGGAGATTCCATCACC,Memory B cell
E2L6_GAGGGATGTCTGCGCA,Naive CD4 T cell
E2L3_ATGAGGGCAAACCGGA,Naive CD4 T cell
E2L4_TCCAGAATCGTTTACT,Platelet
E2L4_GTTTACTTCTCTGAGA,Naive CD4 T cell
L2_AGTGATCCACGATAGG,Cytotoxic T cell
E2L4_CCGATCTAGAGTCTTC,CD161+ memory T cell
L2_TGAATCGCAGCGTGCT,Naive CD4 T cell
L1_CACCGTTAGTATTAGG,Proliferating NK cell
E2L5_TCAGCCTTCAAGCCTA,Plasmacytoid dendritic cell
L2_GTACAACGTTATGTCG,Naive CD4 T cell
L1_TCGGGCAAGCACCGAA,Naive CD4 T cell
E2L2_TAGTGCAGTAGCTGAG,Memory B cell
E2L3_GTGCTGGCAGGACTAG,Plasmacytoid dendritic cell
L4_TATATCCAGTAGATCA,GZMK+ memory T cell
E2L4_TTGAGTGAGACATAGT,Proliferating NK cell
L4_TCGCACTAGAGGTCAC,Naive CD4 T cell
E2L1_GTGTTCCAGCCTCCAG,Naive B cell
L5_TCTAACTTCCGCACGA,Naive CD4 T cell
L5_ACGATGTAGAATAACC,Naive CD4 T cell
E2L3_GGAGCAAAGAGACAAG,Conventional dendritic cell
E2L5_CAGGCCACATAACGGG,Conventional dendritic cell
E2L6_TAGACCATCAGTCATG,Natural killer cell
E2L4_ATTCGTTAGGTGCATG,Proliferating NK cell
E2L8_CTATCTACATGGGATG,Naive CD4 T cell
E2L7_ATGGGAGTCACATCAG,CD14+ monocyte
E2L2_TAAGCACAGCTTCTAG,QC_filtered
E2L2_CTGCCATGTTGCATGT,GZMK+ memory T cell
E2L4_TCACTCGCAGAGGTTG,CD4 memory T cell
L4_TGCTCCACAAATCGTC,CD161+ memory T cell
E2L2_GCATCTCCAGAGAAAG,Naive CD4 T cell
L4_GTTCTATCAAGGATGC,Naive CD4 T cell
E2L4_CCTACGTAGCAAGGAA,Conventional dendritic cell
L5_CGGGCATAGCCTGGAA,Natural killer cell
E2L2_TTCACGCAGGCTCACC,FCGR3A+ monocyte
L5_CTGGCAGTCCGCACTT,Naive CD4 T cell
L1_AAATGGAGTTCAGCGC,Naive CD4 T cell
E2L4_CACTGGGGTTGTGCAT,Memory B cell
L3_AGTTCCCTCGATGGAG,Naive CD4 T cell
E2L2_GGGTGAAGTCCACTTC,Natural killer cell
L5_AGGTCTAGTGAGAACC,QC_filtered
L1_AGATCGTGTTATGGTC,Memory B cell
L2_CATGGATCAGGTCCCA,Naive CD4 T cell
E2L4_GTTTACTGTCGATTCA,Naive B cell
L2_AATTTCCGTGTCACAT,Cytotoxic T cell
L2_GTCCTCAGTATAATGG,CD161+ memory T cell
E2L1_TGGAACTGTCGGTACC,Plasma cell
L2_TCCAGAATCCGATGTA,CD4 memory T cell
E2L8_GTGGCGTTCCGCAACG,Proliferating NK cell
E2L6_TATGTTCAGTAAGGGA,Natural killer cell
E2L6_GTTATGGGTGAGTAAT,CD4 memory T cell
L4_TATCAGGCATGTGTCA,Hematopoietic progenitor cell
L1_AATTCCTCACGGTGAA,CD4 memory T cell
E2L2_TACCCGTTCTTTGATC,Natural killer cell
L1_CCAATGAAGCAAATCA,Naive CD4 T cell
E2L1_GTTCGCTCATCTGGGC,Plasmacytoid dendritic cell
L1_AGGCCACAGGTAGGCT,Hematopoietic progenitor cell
L4_GTACAGTAGAACGCGT,Memory B cell
E2L7_AGTACTGAGGCCTTGC,Natural killer cell
L5_TATTGCTCACTAGAGG,Erythroid cell
E2L6_GCTTGGGCAAGTGCAG,Conventional dendritic cell
L1_GTCTAGATCCGAGGCT,Conventional dendritic cell
L4_GCGGAAATCTATACTC,Plasmacytoid dendritic cell
L4_GATCAGTTCACCGGGT,Erythroid cell
L4_AGGTAGGCACGGGCTT,Naive CD4 T cell
L1_GACAGCCGTGCCGGTT,Cytotoxic T cell
E2L8_AACAAAGGTTCGCGTG,Cytotoxic T cell
E2L2_ATTACCTAGCACTGGA,Natural killer cell
E2L3_ACGTTCCAGTCAACAA,CD14+ monocyte
E2L4_TAACCAGAGGAACGCT,Cytotoxic T cell
E2L1_GACTGATTCACCGACG,Naive B cell
E2L8_AGTGTTGCAGCTCATA,Natural killer cell
E2L6_GGAAGTGCACGCGTGT,Conventional dendritic cell
L2_TACAACGCAAGCGGAT,GZMK+ memory T cell
L1_CGTGTCTCATTGACCA,CD4 memory T cell
E2L1_GTTGTGATCTTCTCAA,Cytotoxic T cell
L4_GGTAATCTCGAACCTA,Erythroid cell
E2L8_TTCGGTCAGCATGCAG,CD4 memory T cell
E2L4_TACCCGTAGGTTGCCC,Naive CD4 T cell
E2L5_ATTCAGGGTCGCGTTG,FCGR3A+ monocyte
L1_TGTAACGTCTTACGTT,Cytotoxic T cell
E2L2_CCTCTAGGTGACTGAG,Memory B cell
L1_GATTGGTCATCACCAA,Conventional dendritic cell
L4_TACCTGCGTTCCACAA,Naive CD4 T cell
E2L7_CTCAATTGTCGAGCTC,CD4 memory T cell
E2L2_TCTGCCAGTCTAGTGT,CD14+ monocyte
L3_GGGTAGACAAGTGATA,Naive CD4 T cell
L3_TGCTCCAAGATGATTG,Cytotoxic T cell
L1_CTCCAACGTGTGTGGA,Naive CD4 T cell
E2L6_TTCTAACCAATTCGTG,Naive CD4 T cell
L2_CTACTATCAAGTACCT,Natural killer cell
E2L5_GGCTTGGCATATTCGG,QC_filtered
E2L2_GTAATGCCAGCCGGTT,Cytotoxic T cell
E2L8_GTTGAACAGGGCTAAC,QC_filtered
L2_TAAGTCGTCTCCTACG,Naive CD4 T cell
E2L7_CATGAGTTCTGGTCAA,QC_filtered
L5_TAACACGAGCTCGCAC,Naive B cell
E2L4_GTTGTAGAGGGCTGAT,CD4 memory T cell
L4_GCACGGTAGGTGGTTG,Naive CD4 T cell
E2L8_CGTGTCTCAAGGCCTC,Platelet
E2L2_GAGTCATAGTAGTCAA,Platelet
E2L3_TGTTCTACAGGACGAT,Memory B cell
L2_CAGCACGCAAGACCGA,CD161+ memory T cell
E2L7_GTAGTACTCTCTTGCG,CD161+ memory T cell
E2L5_ACTTTGTGTTCTATCT,Plasmacytoid dendritic cell
E2L3_CACCAAAAGAAGCCTG,CLEC9A+ dendritic cell
E2L5_CATCGTCCATAATGAG,Memory B cell
E2L6_ATCCGTCCATCCGTTC,Conventional dendritic cell
L4_TAGATCGCACGCTATA,Hematopoietic progenitor cell
L4_ATCATTCTCTATTTCG,Naive CD4 T cell
L2_GGGCGTTCAGGACATG,Platelet
L5_GATCCCTGTATGAGGC,CD4 memory T cell
L4_TATCTGTTCAGCGCAC,Proliferating NK cell
E2L1_CCGGACAGTTGACTGT,Natural killer cell
L2_CTCTCGAAGCAGGGAG,Proliferating NK cell
E2L4_GTTGTCCAGTCATCCA,Memory B cell
L2_GGTTAACGTCTTGTCC,Hematopoietic progenitor cell
E2L4_TCACATTCAACAACAA,CLEC9A+ dendritic cell
L5_GAAATGAGTAAGGCTG,Plasma cell
L5_CTCCCAAAGCAGATAT,Naive CD4 T cell
E2L6_AATGGAACAGCTTTGA,Cytotoxic T cell
L3_TCCGGGAGTACCTAGT,Hematopoietic progenitor cell
L5_GTCCTCACAAGATCCT,Naive CD4 T cell
E2L2_TGTCCTGGTCTAACTG,Memory B cell
L1_ATCACTTGTCAACGCC,Memory B cell
L2_CACCGTTTCGAAGTGG,Hematopoietic progenitor cell
E2L3_TATCAGGGTTGGTACT,Naive CD4 T cell
L1_CGATCGGGTACTCGCG,Naive CD4 T cell
L2_AAGACAATCGAGAGCA,Memory B cell
L4_CAACGGCCAATAGTAG,CD4 memory T cell
L2_GGTCACGGTTAAGGAT,CD4 memory T cell
E2L5_CCACACTTCACCGGTG,Naive CD4 T cell
E2L6_CCTTGTGAGCTCGGCT,CD4 memory T cell
E2L5_TCTATCAAGCTTTGTG,CD4 memory T cell
E2L3_GTCTAGAGTAGCTGTT,Proliferating NK cell
E2L2_GCCATTCCAGAAATCA,Proliferating NK cell
L2_CGCGTGACACGAAGAC,Naive CD4 T cell
E2L8_GGGATGAGTGGCAGAT,Cytotoxic T cell
L1_TCCCATGAGGAATGTT,CLEC9A+ dendritic cell
E2L8_GACTGATCAATGGGTG,Platelet
E2L7_TCAAGCAGTTCATCGA,Plasma cell
L4_TCTGCCATCGAGTACT,Naive CD4 T cell
L1_CGGCAGTGTGCCAAGA,GZMK+ memory T cell
E2L4_AGTAGCTTCGTCAAAC,Proliferating NK cell
E2L8_CGCATGGGTAGCCCTG,Erythroid cell
E2L5_TGAGCGCTCACTCCGT,Plasmacytoid dendritic cell
E2L5_ATGAGGGCAGGAAGTC,CD4 memory T cell
L3_TTTGGTTGTCTAGTGT,Natural killer cell
L1_AGACAGGTCTTCCCGA,Hematopoietic progenitor cell
E2L6_GTTATGGCAAATACAG,Cytotoxic T cell
E2L2_TTTCGATCAGCAGTGA,Plasma cell
L1_GAAGGACGTCAGACGA,Naive CD4 T cell
L5_GAAGCGAGTCATACCA,CD161+ memory T cell
E2L3_GGCAGTCCAGATGCGA,CD4 memory T cell
L2_GCTGGGTGTGTTCAGT,QC_filtered
L5_ATGAGTCGTACGACTT,Naive CD4 T cell
E2L5_AAAGTGAGTAACCCTA,Plasmacytoid dendritic cell
L1_AAACGCTGTGCTCGTG,Cytotoxic T cell
L3_TCTCAGCGTAGGCTCC,Cytotoxic T cell
E2L8_AGTCAACCAGGAATAT,QC_filtered
E2L1_CACTGTCTCTCGGGAC,Naive CD4 T cell
L1_GAGCTGCGTTACAGCT,CD161+ memory T cell
E2L2_CATAGACCATGCTGCG,Platelet
L4_TAAGCGTTCTTCGTAT,Naive CD4 T cell
E2L5_CAACCAAAGGGATGTC,Natural killer cell
E2L7_CGGAATTTCGTTCTCG,Cytotoxic T cell
L2_CACTAAGTCTATGTGG,Hematopoietic progenitor cell
E2L5_CATTTCAGTTCGTTCC,Plasma cell
E2L6_TAGGGTTAGCTAAACA,Conventional dendritic cell
L3_ACTGCAAGTAGCTGCC,Naive CD4 T cell
L2_TTCTTCCAGGTTACCT,Naive B cell
L2_GTCTAGAGTTCGTTCC,Naive CD4 T cell
L5_TCATCCGCACTAGGCC,Memory B cell
E2L2_TAAGTCGAGTAGGGTC,Plasmacytoid dendritic cell
E2L1_TTCCACGCAGTAGAGC,Conventional dendritic cell
L1_CCGATGGCAACTTGCA,Naive CD4 T cell
E2L2_GTCGTAACAAGGCGTA,Naive CD4 T cell
L2_TGCGGCACAACCACAT,Natural killer cell
E2L8_CCCGGAATCGGCTGTG,QC_filtered
L4_AACTTCTGTAGGACTG,Cytotoxic T cell
E2L3_CCGGGTATCCGGCAGT,Memory B cell
E2L4_CTAACCCTCTTACGGA,QC_filtered
L1_TTGGTTTCAGTCACGC,CD4 memory T cell
E2L4_TTCCTAACAGTCGTTA,FCGR3A+ monocyte
L1_TCAGCAAAGCTCCCTT,Hematopoietic progenitor cell
L3_CAATTTCGTGAGCTCC,Hematopoietic progenitor cell
E2L2_TTCATTGAGTAGAATC,Conventional dendritic cell
E2L3_GTTATGGTCTTTCAGT,Cytotoxic T cell
E2L8_TGCTTCGGTGCATCTA,Naive B cell
L4_TTTCCTCTCCGTGTGG,Naive CD4 T cell
L1_TCAGTTTAGTCTAGAA,Cytotoxic T cell
E2L7_GTGAGCCAGGCAGGGA,Gamma delta T cell
E2L1_GGGTCACGTAATCAAG,Platelet
L2_TCGGGTGCAGCACACC,CD161+ memory T cell
L4_GTGCTGGAGAATCGAT,Naive CD4 T cell
E2L6_CAACCTCCACTGCGTG,Plasmacytoid dendritic cell
L2_GAGACTTAGTTGGAGC,Plasma cell
E2L3_TCTACATTCCTTTGAT,Cytotoxic T cell
L1_GAGTTTGAGACGAAGA,Cytotoxic T cell
E2L3_CCTGCATCAAGAAACT,CD4 memory T cell
L4_AACAAGAAGACTAAGT,Cytotoxic T cell
L5_GGGCTCAGTTACGGAG,Proliferating NK cell
L4_TCTTCCTTCTGGTGCG,CD161+ memory T cell
L5_AAACGCTGTCGTCATA,Conventional dendritic cell
E2L4_GTCGAATGTGGTCTCG,Conventional dendritic cell
L1_ACCTGTCGTATGAGCG,Platelet
L4_GTCCACTTCAATCTTC,Naive CD4 T cell
L5_CAGGTATGTGAATTAG,Cytotoxic T cell
L3_GCATGATTCGGTCTGG,CD161+ memory T cell
L2_CCTAAGATCTAACACG,CLEC9A+ dendritic cell
E2L5_TTTAGTCGTTAACCTG,CD4 memory T cell
L2_CATCCACCAATCCAGT,Naive CD4 T cell
E2L5_GTCACTCTCCCAATAG,Memory B cell
E2L6_AACACACTCCACTGAA,CD14+ monocyte
L1_CGGGTGTGTAGTGTGG,Naive CD4 T cell
L3_AGCTACAGTGGTTCTA,FCGR3A+ monocyte
E2L4_GTTACCCGTATTCCGA,Natural killer cell
E2L3_AACCATGCAACTGCTA,Cytotoxic T cell
L5_TCTCAGCCACAGCCTG,Plasma cell
L5_TTTCACATCCTTATCA,Naive CD4 T cell
E2L4_AAGATAGAGAGGTATT,CD14+ monocyte
L2_TTTCATGTCCAACTAG,Proliferating NK cell
L4_CTCCCTCTCGATTGAC,Plasmacytoid dendritic cell
E2L1_TCGGGCATCCTCTAGC,Gamma delta T cell
L1_AACAAAGAGGGAGAAT,Conventional dendritic cell
L1_CCCTGATGTGTCCGTG,Cytotoxic T cell
L3_TGGGAGATCAAACCTG,Erythroid cell
E2L8_AGGCCACCATTGACAC,Cytotoxic T cell
E2L2_TCTGGCTTCGCAGTCG,Naive B cell
E2L7_CCTATCGGTGAGAACC,Memory B cell
E2L1_CGTTCTGGTCAAGTTC,Cytotoxic T cell
L4_ACCCTCATCACTGTTT,Plasma cell
E2L5_TAGACTGTCTGCGGGT,Cytotoxic T cell
L3_CGAGGCTCAGTGTATC,CD161+ memory T cell
E2L3_CACGGGTCACGGTAGA,Naive CD4 T cell
E2L3_GTTGCTCTCCGTTGAA,CD4 memory T cell
L1_AATGCCAGTCTGCAAT,Naive CD4 T cell
E2L7_CTTCAATAGAAGTATC,Cytotoxic T cell
L5_AGAGAATTCGAACCTA,Natural killer cell
L5_CCCTTAGTCGCCAGTG,Plasma cell
L3_AGGACGAGTATCACCA,CD161+ memory T cell
L3_TTCCGGTTCTCATGCC,Cytotoxic T cell
L1_CTAACCCTCGGCAGTC,Naive CD4 T cell
E2L2_TGGAACTCACTTGGGC,Platelet
E2L2_GGGTGTCCACGAGGTA,CD4 memory T cell
L5_TGACAGTTCTCATGCC,Natural killer cell
L4_GGAGAACCACCTGTCT,CD4 memory T cell
L3_CCACAAAGTGAGCAGT,Naive CD4 T cell
E2L3_CCAATGATCTAATTCC,Naive B cell
E2L1_CCGTGAGCACAAGCAG,CD4 memory T cell
E2L1_TCATTGTTCTGCATGA,Plasmacytoid dendritic cell
E2L7_TTTAGTCCAAAGAACT,Naive B cell
L3_TGGGTTATCGACGAGA,Memory B cell
E2L5_TCTAACTTCCTCGCAT,QC_filtered
E2L2_CCGCAAGGTTCCGTTC,Memory B cell
E2L2_GAGTGAGTCGAGTGGA,CD4 memory T cell
E2L2_AGTGACTGTCGACTTA,CD161+ memory T cell
E2L5_CAATGACTCTAGACCA,Gamma delta T cell
E2L2_ATTCCTAAGACAACTA,Natural killer cell
L1_GGCAGTCTCACTGGGC,Naive CD4 T cell
E2L4_AACCACAAGTACAGCG,Platelet
E2L1_AAGTGAACACATTCGA,Memory B cell
L2_GTGAGTTCAGGTGAGT,Hematopoietic progenitor cell
E2L2_CTTCCTTAGGTTAAAC,Platelet
E2L2_CGAAGGAAGACCTCAT,Cytotoxic T cell
E2L8_TGGGAGAAGGCACCAA,Platelet
E2L3_CAGCACGTCGACACCG,Cytotoxic T cell
L5_GTAGAAATCCGCTTAC,FCGR3A+ monocyte
E2L5_TACTTACGTGATGGCA,Proliferating NK cell
E2L6_TCCACGTGTCTATGAC,Memory B cell
L2_ATTTCACAGCATACTC,FCGR3A+ monocyte
E2L5_CGTCAAAAGTTGGAAT,Memory B cell
E2L3_ATGGAGGAGAGATTCA,Conventional dendritic cell
L2_CGTGCTTTCATCTGTT,Natural killer cell
E2L4_CGAAGTTCACGGATCC,CD4 memory T cell
L1_CACGAATCAGAAATCA,Conventional dendritic cell
E2L4_ATTACCTCAGATGCGA,Gamma delta T cell
L2_GCACGGTGTCAGTTTG,Hematopoietic progenitor cell
L5_CTCCCTCCACATTCTT,QC_filtered
L5_TGAGCATTCCGAACGC,Naive CD4 T cell
L2_ATGCATGAGTGGATAT,Naive CD4 T cell
L5_GGTGATTGTTCAAGGG,Hematopoietic progenitor cell
L3_CAGCAATAGGAGACCT,CD4 memory T cell
L3_CCCTCTCTCCCTCATG,FCGR3A+ monocyte
L4_GGACGTCCAGCGACAA,Naive CD4 T cell
L5_TAACTTCTCAAGGCTT,CD161+ memory T cell
L4_GAAGTAATCGGATAAA,Naive CD4 T cell
L4_TTCCAATAGGCAGGGA,FCGR3A+ monocyte
E2L3_GAAGCGAAGCACTAAA,CD14+ monocyte
E2L1_TCTAACTCACAACCGC,Naive B cell
E2L4_GGTAACTCACCAGGTC,Platelet
E2L1_AGGGCTCGTAACATGA,Memory B cell
L4_TCATTGTAGGTGTGAC,FCGR3A+ monocyte
E2L3_CTTCAATGTAAGATAC,Naive CD4 T cell
E2L5_AATGAAGGTAAGTTAG,Proliferating NK cell
E2L8_CGATCGGTCAGCTAGT,Cytotoxic T cell
E2L8_AAGTGAAAGAAACTGT,CD4 memory T cell
L4_TCTCTGGAGGAATGTT,Cytotoxic T cell
E2L8_AGGGCTCTCTGTTCAT,QC_filtered
E2L4_TGGAGAGGTGGACTAG,Cytotoxic T cell
E2L1_ACTTATCTCACACGAT,Platelet
E2L8_TCGTAGATCCGGTAGC,Memory B cell
E2L5_CCGATGGAGACCAACG,Cytotoxic T cell
L5_TATCTGTCAGTAACAA,Platelet
L3_GGGCGTTCACCCTAGG,Naive CD4 T cell
L3_CGGGCATCATGGAACG,Natural killer cell
E2L5_ACTGTGACAAAGGATT,Memory B cell
L2_CCTCACAAGTATCCTG,Natural killer cell
L4_GCAACCGGTACTGGGA,Naive CD4 T cell
E2L3_TATACCTTCTGGCCGA,Natural killer cell
E2L6_GAACTGTAGATGGCAC,Naive CD4 T cell
E2L6_GAGCCTGTCCCGAAAT,Memory B cell
E2L1_AAAGTGAAGATACAGT,Natural killer cell
E2L7_ATTCACTCAATCGCGC,Natural killer cell
L5_TAGACCAAGGTACATA,Cytotoxic T cell
L2_CATGCTCTCTGTCTCG,CD161+ memory T cell
E2L1_GATGACTCATACGCAT,Naive CD4 T cell
E2L2_AGAACCTAGTTCTCTT,Memory B cell
L1_CATGCGGTCGTTAGAC,Plasma cell
E2L3_ATGGATCAGTTCTCTT,Gamma delta T cell
E2L4_GTGCTTCGTGTCATCA,Hematopoietic progenitor cell
L5_TGCTCGTTCTCACTCG,Hematopoietic progenitor cell
E2L6_GGAATGGGTTCAAAGA,Cytotoxic T cell
E2L1_TCAGTCCCACAACGCC,QC_filtered
E2L6_TCGATTTGTACACGTT,FCGR3A+ monocyte
E2L5_CCACTTGTCCCGAGAC,Cytotoxic T cell
E2L3_ATCGTGACAGCACGAA,CD161+ memory T cell
E2L8_AGACACTCAAGTCCAT,Conventional dendritic cell
L4_AAGCGTTGTCGGCCTA,Naive CD4 T cell
L4_GTGTGATTCAAGGCTT,Naive CD4 T cell
E2L7_ACTTCCGAGGTTAAAC,Naive B cell
L4_CTCAGTCGTCGGATTT,CD161+ memory T cell
E2L5_GCCATTCAGCTCAGAG,Naive CD4 T cell
L1_TTGACCCGTATGGTTC,Naive CD4 T cell
L5_ATTCGTTTCTGCTTTA,CD161+ memory T cell
L2_ATTATCCTCCCTCAAC,Plasma cell
L3_AATGGAATCGCAGTGC,Proliferating NK cell
E2L5_CAGAGCCTCCTTATAC,Cytotoxic T cell
L3_GGGATGACAGACACCC,Naive CD4 T cell
L3_TGTGATGAGACAAGCC,CD161+ memory T cell
E2L7_GAATCACGTACCACGC,Naive B cell
L3_TACCGGGAGAGCTGAC,CD4 memory T cell
E2L7_TCGCTTGAGTATGTAG,Proliferating NK cell
E2L2_GCGGAAACAGCCCAGT,FCGR3A+ monocyte
E2L1_CACATGAAGGTACATA,Naive B cell
E2L6_TTTAGTCGTCTTCCGT,QC_filtered
L3_TATATCCCAGGGACTA,CD14+ monocyte
E2L7_AGCTCAAGTAGGCTGA,CD14+ monocyte
L5_AGAAGTACACTTGACA,Naive CD4 T cell
E2L6_CAGCGTGAGTGGAATT,Naive CD4 T cell
E2L8_TCCGTGTCATGGCACC,Cytotoxic T cell
L2_TGGGATTCATGTGCTA,Memory B cell
L2_GTTCCGTCAAAGCTAA,Proliferating NK cell
E2L2_GGTTGTAGTTTCGTGA,Plasma cell
L5_AATTCCTAGAACGCGT,Proliferating NK cell
E2L2_CAGCACGAGTTAGTGA,Naive CD4 T cell
L4_CGAATTGGTCTTGTCC,Natural killer cell
L1_CGGAATTAGGATATGT,CD4 memory T cell
L4_CCCTCAAGTAGATCGG,FCGR3A+ monocyte
E2L6_TTGTGGACATGGCTAT,Naive B cell
L5_GCCATTCTCTCTCTTC,Memory B cell
E2L7_ACCAAACTCATAGACC,Naive B cell
L3_CACCGTTTCACTTGTT,Memory B cell
E2L1_CCACCATTCATTTACC,CD4 memory T cell
E2L4_GAATCGTAGGCTAGCA,Naive CD4 T cell
E2L3_GTTGCGGGTGTTAACC,Cytotoxic T cell
L5_GTGTCCTGTTACCCAA,Naive CD4 T cell
L2_GCAGCCAGTAAGCTCT,FCGR3A+ monocyte
L5_GCGGATCAGACGGAAA,Naive CD4 T cell
L2_TTCCAATTCTGGACTA,FCGR3A+ monocyte
L4_ATGGGTTTCTGCACCT,Cytotoxic T cell
E2L1_CTCCATGCACTTACAG,Cytotoxic T cell
E2L7_TCATGGAGTTGCTCAA,QC_filtered
L4_GCCAACGCATAATGCC,Hematopoietic progenitor cell
E2L7_TTCGCTGCAGCTTTCC,Naive CD4 T cell
E2L2_TGATTTCCACTATCCC,CD161+ memory T cell
L3_CCACAAAAGAGGGCGA,Erythroid cell
L2_CGGAACCAGCCTGGAA,Plasma cell
E2L4_CTAGGTATCATAAGGA,Platelet
E2L7_CTCATGCAGTCGTCTA,CLEC9A+ dendritic cell
E2L2_CTCTGGTCACGGCTAC,Memory B cell
L3_TATTGGGCAAGCGGAT,CD4 memory T cell
E2L2_TTGTTCAGTTGATCGT,FCGR3A+ monocyte
E2L2_ATAGAGACACGTTGGC,CD4 memory T cell
L1_AAAGGGCTCGTTACCC,Plasma cell
E2L2_CTCCTTTAGATAGGGA,Memory B cell
E2L8_GCATCGGCACAAAGTA,QC_filtered
E2L5_GGAAGTGTCCTGCCAT,FCGR3A+ monocyte
E2L2_GTGGCGTTCGACATAC,CD4 memory T cell
E2L2_GGGTGTCAGGCTGGAT,Cytotoxic T cell
E2L7_TTTACCATCAGAGTTC,Platelet
L3_CCAAGCGTCTAAGGAA,Proliferating NK cell
E2L2_CTCGAGGGTACAGTAA,Naive CD4 T cell
E2L6_AAAGAACTCAGACCTA,QC_filtered
E2L2_AGGGTCCGTCAGGAGT,FCGR3A+ monocyte
E2L6_GGTGAAGCAGACCAGA,CD4 memory T cell
L5_GGACGTCCAGGACAGT,CD161+ memory T cell
E2L5_ACCAAACTCTTCTAAC,Plasmacytoid dendritic cell
L4_CATGCGGAGTTAGAAC,Proliferating NK cell
E2L1_AATCGTGTCTGCGATA,Cytotoxic T cell
E2L3_TCACGGGCACACCGCA,FCGR3A+ monocyte
E2L7_ATTTCACCAGGCCTGT,Natural killer cell
E2L1_AGAGCAGGTACTTCCC,QC_filtered
E2L2_TCCTAATCATGTCAGT,Cytotoxic T cell
E2L7_CTCCTTTTCGTAACAC,Cytotoxic T cell
L4_CCGTTCAGTAGCTTAC,Cytotoxic T cell
L4_AGTCTCCAGCCACAAG,Hematopoietic progenitor cell
L1_TTGGATGGTAAGGTCG,CD4 memory T cell
L4_AGGACTTCAGTCTTCC,Naive B cell
E2L4_CTCAATTCAGCGTACC,CD14+ monocyte
E2L2_AAAGTGACATAGTCGT,Proliferating NK cell
L4_AGACCCGCAGCTATTG,Cytotoxic T cell
E2L6_ATAGACCAGCTGAGTG,Cytotoxic T cell
L1_GGGTTTAAGGCAGTCA,Cytotoxic T cell
L4_CGCAGGTTCACGATCA,Plasma cell
E2L4_TGCAGTATCTTCTAAC,CD4 memory T cell
L2_ATGCATGGTCGAGCAA,Conventional dendritic cell
E2L4_CGAAGTTGTTTCACAG,Platelet
E2L2_AAACGCTTCATGCCGG,CLEC9A+ dendritic cell
L4_ATCCCTGCAGACTCTA,Naive CD4 T cell
E2L8_ATGCCTCAGCACGATG,Platelet
E2L3_CCGGTGAGTGTACATC,CD4 memory T cell
E2L7_GTCTGTCAGGACTATA,Natural killer cell
L3_GGGTCTGGTGCCCACA,Natural killer cell
L4_CTAACCCAGTGTTCAC,Naive B cell
L3_CGGGCATGTTGTAAAG,Naive CD4 T cell
L3_ACGTAGTCAGACAATA,Hematopoietic progenitor cell
E2L4_CACAGATAGGATTTGA,CD14+ monocyte
L1_TGGATCAAGCTGGCCT,Naive CD4 T cell
L3_TAAGCCATCGACCAAT,Natural killer cell
L4_ACAGAAATCCATACAG,Naive CD4 T cell
E2L2_CTACCTGAGCCATTTG,Natural killer cell
L2_CATCGTCAGCCATATC,Naive CD4 T cell
L3_CTGTACCCACAAATCC,Naive CD4 T cell
L3_TTCTGTAAGGTCGAGT,Memory B cell
E2L8_TCATTCACATGTGCTA,Natural killer cell
E2L8_CTCTCAGCATGCCGGT,Proliferating NK cell
E2L7_CTTCCGAGTGCTCTCT,Proliferating NK cell
E2L8_TATCTGTTCTTGATTC,Cytotoxic T cell
L4_ACCTGAACAGTAGAAT,Hematopoietic progenitor cell
E2L4_AGAACCTTCGATGCAT,Natural killer cell
E2L2_CGATGCGAGTAGTCCT,Natural killer cell
L1_TGCTTGCAGTAGCATA,Plasma cell
E2L6_CGCGTGATCTGCATAG,Conventional dendritic cell
E2L5_TTCTTCCAGTCGGGAT,Proliferating NK cell
E2L2_CGAAGGAGTTCGGTTA,FCGR3A+ monocyte
E2L1_CAGATCAAGAACCGCA,Platelet
E2L3_TCGAAGTAGATTGATG,Memory B cell
E2L5_GGGCTCACAACTGCTA,Naive CD4 T cell
E2L2_ACCCAAATCGAGAAGC,CD14+ monocyte
E2L4_CCCTTAGGTGATAGTA,Proliferating NK cell
E2L8_TAATTCCCACGGCTAC,Plasmacytoid dendritic cell
E2L7_ATTCAGGGTCACAATC,Memory B cell
L1_AGGGTCCAGCATGTTC,GZMK+ memory T cell
L1_ACAAAGATCACTCTTA,Naive CD4 T cell
E2L8_CTGTACCGTCGTCATA,Memory B cell
L1_TCACACCCACGTGTGC,CD4 memory T cell
L4_GGAGAACTCCTCGATC,Naive CD4 T cell
E2L7_TACTTCAGTCTCTCAC,CLEC9A+ dendritic cell
L2_GTCAAGTAGCCTTCTC,Cytotoxic T cell
E2L4_AGGTAGGGTAAGTTAG,Natural killer cell
E2L4_AAGTGAAGTCCAAAGG,Naive B cell
L3_TGAATGCGTTGCATTG,Proliferating NK cell
E2L4_ACATGCATCGTGGCGT,CD4 memory T cell
E2L3_CATAAGCAGATCACTC,Memory B cell
L3_GGTTCTCTCATGAGAA,CD4 memory T cell
L1_GTCACGGAGCGCATCC,Platelet
E2L7_GTAGAGGGTAAGTTAG,Memory B cell
E2L7_TCTATCAGTAGGAGTC,Platelet
E2L3_ATGATCGGTAACGCGA,Naive B cell
L3_GTTAGACGTGATGAAT,Memory B cell
E2L5_CATACTTAGCACTCAT,Natural killer cell
E2L7_AATCGACCAATTGCCA,QC_filtered
L5_GCGATCGCAAACAGGC,Naive CD4 T cell
L3_CCACGAGGTGGCCTCA,Naive CD4 T cell
E2L1_AACAAAGAGGCACAAC,CD14+ monocyte
E2L2_GTGGGAAGTCGAATGG,FCGR3A+ monocyte
E2L2_CTGCGAGAGCCGTTAT,Memory B cell
E2L3_TTTGGAGCACCAGGTC,Plasma cell
L1_TCAAGTGGTAGTGGCA,Naive CD4 T cell
E2L8_GGGTTATAGCTGTACT,Naive B cell
E2L5_AAAGGATGTCTACAGT,Cytotoxic T cell
E2L8_GAATCGTAGTAGGGTC,Cytotoxic T cell
L2_CAACGATCAAGCACAG,Natural killer cell
E2L5_GATTGGTGTTTGTTCT,CD14+ monocyte
L2_AGGCCACCAATGCAGG,FCGR3A+ monocyte
E2L7_TATTTCGTCCCTAGGG,Naive B cell
E2L2_CTCCCAATCTGCGAGC,CD4 memory T cell
L3_TTCAGGACATGCAGCC,CD4 memory T cell
L4_GGGCTCACACTCTGCT,Naive CD4 T cell
L2_ACATCGACACAACATC,Hematopoietic progenitor cell
L4_TAACTTCAGGAGACCT,Naive CD4 T cell
L4_GTGGCGTTCTGTAAGC,Erythroid cell
E2L4_GATCGTATCTCAGTCC,Proliferating NK cell
L1_AACGGGAGTTAAGGAT,Hematopoietic progenitor cell
L3_TATTCCATCCGACAGC,Cytotoxic T cell
E2L7_TGTGATGGTAGAGACC,Proliferating NK cell
E2L1_GGAGGTATCAACCCGG,Memory B cell
E2L6_TTGGGTAAGAAGTCCG,CD4 memory T cell
E2L7_TGCAGATAGATGTTGA,QC_filtered
E2L1_TACCGGGCATCACAGT,Cytotoxic T cell
L5_AACCTGAGTCCACGCA,Cytotoxic T cell
L5_AACCTGACATCCTGTC,Naive CD4 T cell
E2L6_TTGGATGCATGGGTTT,CD4 memory T cell
E2L3_TTCACGCAGGTCGTAG,CD14+ monocyte
E2L2_AAATGGAGTCTCTCCA,Natural killer cell
L1_GGGACTCCAATAGTAG,Proliferating NK cell
L2_GGAGATGTCCATGAGT,Memory B cell
E2L2_ATGGAGGGTCTACTGA,Memory B cell
E2L8_TCCCACACATGTTTGG,Naive CD4 T cell
E2L4_GTACAGTAGTTCGCAT,Gamma delta T cell
E2L4_TATGTTCGTAGCTTGT,Natural killer cell
E2L5_CCCTAACGTGATTAGA,Cytotoxic T cell
E2L6_GAAGCCCTCGTCAAAC,Naive CD4 T cell
L5_TCAGTTTTCGGTTAGT,Plasma cell
L2_AAACCCATCGTGCGAC,CD4 memory T cell
L3_TTTATGCCACCATATG,CD14+ monocyte
E2L4_GTGCTGGGTTTACTTC,Natural killer cell
E2L1_GATGAGGTCGGTCAGC,FCGR3A+ monocyte
L4_ACGTTCCGTACCGTCG,Naive CD4 T cell
L1_ATGTCTTGTAGAGGAA,Cytotoxic T cell
L2_CATTGAGCATGTAACC,Natural killer cell
L1_GACCTTCTCTGGAGAG,Hematopoietic progenitor cell
E2L5_TGCAGATCAGTGTGCC,Naive CD4 T cell
L3_GGTAACTAGATGATTG,Plasmacytoid dendritic cell
L3_ATGAGTCGTCGTTATG,Naive CD4 T cell
E2L2_AGACCATGTTAGTCGT,Naive CD4 T cell
L4_TGTTGAGAGTTTGCTG,Naive CD4 T cell
L3_CCATCACCATAGTCGT,GZMK+ memory T cell
L2_TTACCGCAGGGAGATA,Memory B cell
E2L5_CTCAAGAGTGTTATCG,Cytotoxic T cell
E2L6_CCCTGATAGCGCACAA,Naive CD4 T cell
L1_GCCTGTTTCTCAACCC,Gamma delta T cell
E2L2_TCACGGGTCTTGCAGA,Proliferating NK cell
L5_GTTCGCTAGTACAGAT,Proliferating NK cell
L5_TTTGGAGGTGGTGATG,Hematopoietic progenitor cell
L2_CCGGACAAGTTGCGCC,Conventional dendritic cell
E2L4_CTGAGCGGTTTGGCTA,Cytotoxic T cell
L5_AGACAAATCGAACACT,CD4 memory T cell
L2_TTCTTGAGTACGTTCA,Naive CD4 T cell
E2L5_GATGAGGTCACCGACG,FCGR3A+ monocyte
L5_TACATTCTCGTCGATA,CD4 memory T cell
L2_CGACAGCTCACGATCA,CD4 memory T cell
L4_CCACGTTCAAGATTGA,Hematopoietic progenitor cell
L2_GAAGAATAGCCTATCA,Plasma cell
E2L1_CATCGCTGTAGGATAT,Memory B cell
L4_AATGCCATCAGCTGAT,Memory B cell
L2_CGAGTGCAGCAAGTGC,Cytotoxic T cell
E2L1_CATGGATAGGACACTG,Cytotoxic T cell
E2L2_CTCAGGGGTTGGGATG,Cytotoxic T cell
E2L5_CGGCAGTCAGACCAGA,Memory B cell
L5_ATCATTCCACTTGTGA,Memory B cell
E2L1_GTGCTTCTCTGTGCTC,Naive B cell
L2_CATACTTTCGAATGCT,FCGR3A+ monocyte
L5_CATTGCCCATGGTGGA,Platelet
E2L3_AAACGAATCTTGGTCC,Conventional dendritic cell
L3_TGGAACTCACCTGCGA,Cytotoxic T cell
E2L6_TTGCGTCAGGGCGAGA,Plasmacytoid dendritic cell
L5_TGATTTCAGGTCGTCC,Cytotoxic T cell
E2L8_CCGGTGAGTGTTAACC,Cytotoxic T cell
E2L1_CAACCTCCAGTTAAAG,Natural killer cell
E2L6_CCTCTAGCATCAACCA,Platelet
L2_GAATCGTCAGTTGCGC,Natural killer cell
L5_TCGTGGGGTATTTCTC,Naive B cell
E2L4_TGTTGAGTCGGAAGGT,Proliferating NK cell
E2L1_AGTTCGAGTCGCACAC,Cytotoxic T cell
E2L3_TACATTCGTAGGCTGA,Memory B cell
E2L5_TCGCAGGTCACCCTCA,Natural killer cell
L5_CGACAGCCAATCCTAG,Naive CD4 T cell
E2L4_GGTGTCGCAAATTAGG,Plasmacytoid dendritic cell
L1_GTGGTTACAGTAACCT,Hematopoietic progenitor cell
L1_GGAGATGTCATGCCGG,Naive CD4 T cell
L1_CCCGGAAAGCAGCAGT,CD161+ memory T cell
L5_CGTGTCTGTTCGGTAT,Conventional dendritic cell
L3_ATGCGATCAAGATTGA,Natural killer cell
E2L6_TCAGGTACACGTTGGC,Plasmacytoid dendritic cell
L4_TAGGTACCACCTTCGT,Memory B cell
E2L1_AGCGTATCATGGGTCC,Gamma delta T cell
E2L1_CACCAAAGTTAAGGAT,Memory B cell
E2L8_CAGGTATCAAGGACAC,Cytotoxic T cell
E2L4_GTGCTGGTCCGTGTAA,Naive CD4 T cell
E2L1_GTTTGGATCCCTCGAT,Naive CD4 T cell
L4_ACGTCCTTCATTGAGC,Naive B cell
E2L3_CCACTTGCAGCTGTAT,Conventional dendritic cell
E2L1_AGAGAGCGTGACCGAA,CD4 memory T cell
E2L8_TCCCAGTCAAAGAGTT,Platelet
E2L6_GACTGATTCCTCTAGC,Naive CD4 T cell
E2L1_ATCCACCTCCATTCGC,Proliferating NK cell
L4_TTTCAGTGTCACTTCC,Gamma delta T cell
L1_TGATTCTGTCACAGTT,Memory B cell
E2L5_TACAACGGTACAGGTG,CD4 memory T cell
L1_GTTTGGAGTCCCTAAA,CD4 memory T cell
L2_TCGATTTGTCAAGCGA,Naive CD4 T cell
L2_ATCGATGCACAAAGTA,Naive CD4 T cell
E2L2_AAGGTAAAGCTTCATG,Proliferating NK cell
E2L7_AGTACCAGTGGCTGCT,Memory B cell
E2L8_CTTGATTGTGTCTTAG,CD14+ monocyte
E2L2_CATCGGGGTTGGACCC,Cytotoxic T cell
L4_CACTGGGAGTCCCTAA,Plasma cell
L5_GGAGATGAGTTACGGG,Cytotoxic T cell
E2L3_GTGTAACCAGCGATTT,CD4 memory T cell
L2_ATTTCTGAGACTCCGC,Naive CD4 T cell
L1_ACGTACAGTCCAGGTC,Naive CD4 T cell
L3_CGTGATATCTCATGGA,Naive CD4 T cell
E2L8_TACACCCCAGTTCTAG,Proliferating NK cell
L5_TCATTCACAGAGTCAG,Plasma cell
E2L3_CACCAAATCGGTAACT,Cytotoxic T cell
E2L1_CTGTGAACAAGATGTA,Naive CD4 T cell
E2L6_TATTGGGCATAGATCC,Memory B cell
L4_TCTGGCTTCGAGATAA,CD4 memory T cell
L4_TCGAACACAGTTGTCA,Cytotoxic T cell
L3_TATCTTGCATGACGGA,Plasma cell
L4_GGGAAGTGTGACCTGC,CD161+ memory T cell
L5_CAAGCTAGTCCGGTGT,CD4 memory T cell
E2L1_TGTTGGAAGCGTTGTT,Plasma cell
L4_TGCACGGGTGATACAA,Cytotoxic T cell
E2L3_TACAACGAGTGAGGCT,Cytotoxic T cell
L5_CCTGTTGTCAATGTCG,Natural killer cell
L3_TGTGTGACATCTGGGC,Hematopoietic progenitor cell
E2L1_AGATCCAGTGTATTCG,Proliferating NK cell
E2L6_CATAGACCAACCGACC,CD14+ monocyte
E2L3_GTGTGGCTCATTGCCC,Memory B cell
L1_GATGCTATCCTGTACC,Plasma cell
L2_ATCGTCCCAGATACTC,Naive B cell
L2_TCGGTCTGTGGCACTC,Naive CD4 T cell
E2L2_CGTCAAAGTTCTGAGT,Proliferating NK cell
L1_GAAGTAATCAGTGATC,CD4 memory T cell
L5_CCACGTTCATTGCAAC,Hematopoietic progenitor cell
L1_AGTAGCTTCAATCCAG,Memory B cell
L2_GGGTGTCAGAGTCTGG,Plasmacytoid dendritic cell
L3_CTGGTCTAGGCGAACT,Proliferating NK cell
E2L1_TCATGTTTCATCGGGC,Cytotoxic T cell
L2_ACATCGAGTTCTCTAT,Memory B cell
L1_TTTCAGTTCCATACTT,Hematopoietic progenitor cell
E2L8_AGACTCATCCGTATGA,CD161+ memory T cell
E2L5_CAAAGAAGTCTTCTAT,CD14+ monocyte
E2L2_TGGGCTGCATCGCTGG,Memory B cell
L5_TGAGCGCGTAAGTAGT,Plasmacytoid dendritic cell
L5_AGCGCCACAGGTCAAG,CLEC9A+ dendritic cell
E2L2_ATTCATCGTGTACGCC,Plasma cell
E2L8_TCAATTCCACCTGCTT,QC_filtered
E2L1_CTTACCGGTGGGAGAG,QC_filtered
E2L8_CAATCGACACTCAAGT,CD4 memory T cell
L3_CAGATCATCACTTATC,CLEC9A+ dendritic cell
E2L7_GTGTTAGTCTATGCCC,Naive CD4 T cell
L2_CTCCGATCAGGTCAAG,Hematopoietic progenitor cell
E2L1_TTCCTAAAGGCTGAAC,Cytotoxic T cell
E2L2_AATGCCAAGTATCCTG,Plasma cell
L2_GCAGCCAGTTTGTTCT,Plasma cell
E2L8_ACTTCGCCATGGAACG,FCGR3A+ monocyte
L2_CAAGAGGGTCGTGATT,Naive B cell
E2L6_CCTACGTAGTATTGCC,Naive CD4 T cell
L5_TATTCCACATAGATGA,Erythroid cell
L5_TCATACTAGCGTATGG,Platelet
L3_GTGGAAGCACAATGCT,CLEC9A+ dendritic cell
L1_ACTCTCGGTATCGAGG,Natural killer cell
E2L5_CATTGAGGTACCGCGT,Hematopoietic progenitor cell
E2L8_TCCTCCCCACTCCTGT,Cytotoxic T cell
E2L5_CATGCGGGTGCGAGTA,Memory B cell
E2L7_AACAACCTCATGAGGG,FCGR3A+ monocyte
L2_GACGCTGAGACATACA,Memory B cell
E2L8_CATGGTATCCTAAACG,Proliferating NK cell
L1_TAGGTACCAGCTGAAG,Naive CD4 T cell
E2L7_CAATTTCAGTCGGCCT,Conventional dendritic cell
L3_CTGCCTAAGTCCCGGT,Memory B cell
E2L8_TCACTCGGTAGCACAG,CD14+ monocyte
E2L5_GTGCTTCGTTTACGAC,Memory B cell
E2L6_TTGGGTACATCAGTCA,Plasmacytoid dendritic cell
L5_ATCCATTTCTTCGTGC,Naive CD4 T cell
E2L2_GATCACATCACGGACC,Platelet
E2L5_GATTCTTAGGAAAGTG,Proliferating NK cell
E2L7_TCACGCTTCAGTGTTG,Memory B cell
E2L1_AGACTCACATAGAAAC,Naive B cell
E2L3_ACCTACCCATGCGTGC,Naive CD4 T cell
E2L4_CTACTATCAGAAACCG,Cytotoxic T cell
E2L4_TGAGCGCCATGTACGT,Naive B cell
E2L5_TCTAACTTCTGAGCAT,Naive CD4 T cell
E2L8_CAAGCTAAGCCTTGAT,Natural killer cell
E2L7_CAATTTCGTACACGTT,Conventional dendritic cell
L4_CAAGCTATCGTCAAAC,CD4 memory T cell
E2L3_AGGAAATGTCCGACGT,Proliferating NK cell
L4_AAGACAAAGCCATGCC,Conventional dendritic cell
E2L1_CTGCTCAGTCCTCATC,CD14+ monocyte
L1_GTACAACCAATCGCAT,CD4 memory T cell
L5_AGGACGATCTGCATGA,CD14+ monocyte
L3_TAACGACGTGCTCTTC,Proliferating NK cell
L3_ATCACTTTCACGGGAA,Memory B cell
L4_GAGGCAACAGCGTACC,CD4 memory T cell
L5_TACGCTCAGGTGCCTC,Naive CD4 T cell
L4_CCACTTGCAACGGTAG,Hematopoietic progenitor cell
L2_TGTCCTGAGTCATCGT,Hematopoietic progenitor cell
L2_CAGTTAGTCAGTGTCA,Naive B cell
E2L6_CACTTCGGTTCGGCGT,Natural killer cell
L5_CGTAAGTTCCTTACCG,Hematopoietic progenitor cell
L3_TATACCTTCCGGCAAC,Hematopoietic progenitor cell
E2L3_CACTGTCCAGGATGAC,Naive CD4 T cell
E2L3_GCCATGGAGGAAGTAG,Naive CD4 T cell
E2L4_TGAGGGACAAAGGAGA,Proliferating NK cell
L4_GAAGGACGTTATGACC,Hematopoietic progenitor cell
L5_CAAGAGGCAATAACCC,Naive CD4 T cell
E2L2_TAGGGTTCAGCTGAGA,CD4 memory T cell
L1_TTCTCTCAGGATAATC,Memory B cell
L5_TAGGGTTAGGCCCAAA,Memory B cell
E2L8_ACCCTCATCGCTACAA,Cytotoxic T cell
E2L8_CCGGACAAGAGAGGGC,FCGR3A+ monocyte
E2L1_TTTGGAGCATGGGCAA,CD4 memory T cell
L1_CTGTACCAGTTCGCAT,Proliferating NK cell
E2L4_TGGGATTCACTGATTG,Cytotoxic T cell
E2L6_CCCATTGAGGATATAC,CD14+ monocyte
E2L2_CTTTCGGTCGTGTGAT,Platelet
E2L6_CTACCTGTCATAAGGA,Cytotoxic T cell
L5_GGAGATGCAATACCTG,Naive CD4 T cell
L5_GTCCACTTCCGCAAAT,Hematopoietic progenitor cell
L4_AACCATGGTGTATTCG,Natural killer cell
E2L1_GGGACCTTCCTCTAGC,Cytotoxic T cell
L5_GTGGTTACATCGGATT,Hematopoietic progenitor cell
E2L8_TGTCCACCATATGAAG,Naive CD4 T cell
E2L7_GAGTGTTGTCGGTACC,Memory B cell
E2L2_GCATTAGCACGCAGTC,FCGR3A+ monocyte
E2L7_ACATCCCTCTTCGATT,Cytotoxic T cell
E2L1_CAAGAGGCAGGGTCTC,Plasmacytoid dendritic cell
L2_ACCAACAAGATTGGGC,Memory B cell
E2L8_ATCGTAGAGCCACTCG,Cytotoxic T cell
E2L2_TGTGGCGAGATCGGTG,Naive B cell
E2L4_TTTGATCAGCCATTGT,CD14+ monocyte
L4_CGTCAAACAATGTGGG,Natural killer cell
E2L6_CTGGTCTCAGGTATGG,FCGR3A+ monocyte
L2_TCCTTCTTCGCTGTTC,Hematopoietic progenitor cell
E2L4_CATTGTTAGAATTGCA,Plasmacytoid dendritic cell
L5_CAAGACTGTTTGAACC,CD161+ memory T cell
E2L7_GATTTCTCATTAGGAA,Natural killer cell
E2L1_AAGCATCGTAGCGATG,Memory B cell
E2L2_CGAGGAAAGGTAGCAC,Plasmacytoid dendritic cell
E2L1_TTTACGTGTGACTGAG,Cytotoxic T cell
L5_TTACGTTTCTCCCTAG,CD161+ memory T cell
L2_CATCCGTTCCACAGCG,Cytotoxic T cell
L3_TCGAAGTCATCCTAAG,GZMK+ memory T cell
E2L4_CGAAGTTTCTAGATCG,Cytotoxic T cell
E2L5_GCTGCAGGTGATAGAT,CD14+ monocyte
E2L6_ACCAAACTCTTGGATG,Natural killer cell
E2L2_TACACCCAGCTACAAA,CD4 memory T cell
L3_CTGAGCGCAGGTTCGC,QC_filtered
E2L3_TCTGTCGAGAGTCACG,Proliferating NK cell
L5_TTGGTTTCACTCGATA,Erythroid cell
E2L2_AGGATCTGTGGCTGAA,CD4 memory T cell
E2L5_TTTGGTTAGAACGTGC,Proliferating NK cell
E2L4_TGAGTCACACCCTATC,Memory B cell
L3_AGACTCATCCCAGTGG,Naive CD4 T cell
L5_CGAGAAGGTGTGCCTG,CD161+ memory T cell
L3_AGTACCACATCTCGTC,CD4 memory T cell
E2L2_GACCCTTGTTTGAAAG,CD14+ monocyte
E2L7_CTAGACAGTGGATCGA,CD14+ monocyte
E2L4_CTCACTGAGAGTCTTC,Memory B cell
E2L7_TTGGGATCACGCTTAA,FCGR3A+ monocyte
E2L5_CATGAGTTCGCGTGCA,Proliferating NK cell
L5_ACTTTCACAGGACTAG,CD161+ memory T cell
E2L7_TGACCCTCATTCATCT,Natural killer cell
L1_GCTCAAACACTTCATT,Natural killer cell
L2_CCTCAACAGAAGCGCT,Hematopoietic progenitor cell
E2L6_TGGGTTATCAATCAGC,QC_filtered
L1_GCGATCGCATGTGACT,Naive CD4 T cell
L3_AGTGATCAGTTCCGGC,Naive CD4 T cell
L3_TTCAGGACAGCGTGAA,CD4 memory T cell
E2L7_TCAGCAAAGAGCTTTC,Cytotoxic T cell
L3_TCGGATATCTTCGCTG,CD161+ memory T cell
L4_TGGAACTAGTGAGTGC,CD161+ memory T cell
L4_ATTTCACCATACCACA,CD4 memory T cell
L1_GAATAGACACGGTGTC,CD4 memory T cell
L3_GTAGATCAGGACGCTA,CD4 memory T cell
E2L1_GGGACTCCAGATCCAT,Conventional dendritic cell
L1_AGTGACTAGTAACGTA,Proliferating NK cell
L1_ATGTCCCTCCCTCTAG,Naive CD4 T cell
E2L4_TGCACGGCATTGAGGG,CLEC9A+ dendritic cell
L4_GCTGCAGGTCCACACG,CD14+ monocyte
E2L8_AACACACTCTTCCGTG,Plasma cell
E2L1_CGTAATGAGTCATGCT,Naive B cell
E2L7_AGATGAAAGCCACTCG,Naive CD4 T cell
E2L6_TCTACCGCAGTTAGAA,Naive CD4 T cell
E2L6_ATGATCGGTGTGTCCG,Cytotoxic T cell
L4_AATCACGGTCAGTTTG,Naive CD4 T cell
E2L4_TCGGGACGTCCTTTGC,Cytotoxic T cell
E2L6_TGACCCTGTGTGAATA,Plasmacytoid dendritic cell
L5_CTTCCGACAAGAATAC,Cytotoxic T cell
E2L5_GAAACCTTCCTCTGCA,Plasma cell
L5_TCTATCAAGTCGGCAA,Cytotoxic T cell
L4_CCGTTCACATTGAGCT,Conventional dendritic cell
L1_GGTGTCGCAAGAATGT,Natural killer cell
E2L2_CCGATCTCAGAAGCTG,Memory B cell
L4_ATTCATCCAGACTCTA,Natural killer cell
E2L6_AGTCACATCCAATCTT,Plasma cell
L1_GAGTGTTTCCTCACTG,Proliferating NK cell
E2L3_GATTGGTAGATGATTG,Natural killer cell
E2L5_CGGGTGTGTGGGCTTC,Naive CD4 T cell
E2L3_ACTATGGTCTAACGGT,CD4 memory T cell
E2L4_TACTTCACATCTAACG,CLEC9A+ dendritic cell
E2L5_GGGTATTTCCATACTT,Naive CD4 T cell
L4_CCCGGAATCACAAGAA,Memory B cell
E2L1_ATTTACCAGGAATCGC,CD4 memory T cell
E2L4_TACCCGTAGGAGTACC,CLEC9A+ dendritic cell
E2L4_GAGTGAGTCAGAGCGA,Naive CD4 T cell
L2_ACATCCCCAGCTGAGA,Erythroid cell
E2L8_ACAACCACATGCTGCG,Naive CD4 T cell
L5_GGGACTCCACTCCACT,Plasma cell
E2L2_GGCGTCATCTAAGCGT,Natural killer cell
E2L2_TCGAACAGTAACAGTA,Cytotoxic T cell
L2_TACGGTAAGGATATGT,Memory B cell
L4_CCTCATGTCGTCAGAT,Platelet
L1_ATCACTTCAGTTGCGC,CD4 memory T cell
E2L5_TCGTGCTAGAGTACCG,Conventional dendritic cell
L5_AATGGCTCACAACGTT,Cytotoxic T cell
L3_GAATAGAAGGGCAGAG,Naive CD4 T cell
E2L6_TGCATGATCTCCTACG,Natural killer cell
E2L5_GAGTTTGCAGGATGAC,Cytotoxic T cell
L5_TTCCTTCGTCCAAGAG,Proliferating NK cell
E2L5_CCGGTGAGTATGTCCA,Proliferating NK cell
E2L4_TATTGCTCACGCCAGT,Plasmacytoid dendritic cell
L3_CATGGTACATGAGGGT,QC_filtered
E2L6_CGTAAGTAGTTCACTG,Natural killer cell
L1_TTGTGGATCCATCCGT,Naive CD4 T cell
E2L6_GCCATGGGTGATACAA,Memory B cell
L2_ATTATCCTCCTCAGGG,CD4 memory T cell
E2L5_ACTTTGTGTACCACGC,CD14+ monocyte
E2L3_CTGATCCGTGGAGAAA,CD4 memory T cell
E2L7_GTGAGTTTCAGGAACG,Plasma cell
L4_CTCAGTCCAGAACTAA,Gamma delta T cell
E2L8_TCTATACCAGCATGCC,Memory B cell
E2L5_GCCATGGGTGAGTAGC,Naive B cell
L1_ATGCATGCATCTCAAG,Naive CD4 T cell
E2L6_CATCCCATCTCCTGTG,FCGR3A+ monocyte
L4_ATTGGGTAGCGATTCT,Hematopoietic progenitor cell
E2L5_TTAGGGTCATTGTAGC,QC_filtered
L2_CTAACCCAGCTGGCCT,CLEC9A+ dendritic cell
E2L5_TATTGCTCACCCGTAG,Memory B cell
E2L6_CGGGTCAAGTTTCTTC,Plasmacytoid dendritic cell
E2L6_AGCTCAACAGGTGAGT,Natural killer cell
E2L3_GAGTTACTCTGGGCGT,Plasmacytoid dendritic cell
E2L3_TCACGCTAGCCACTCG,Memory B cell
E2L4_CATGCCTGTGGCTTAT,Platelet
E2L1_TTCCTCTCAGTCGAGA,Platelet
L5_TTTGGTTTCGTAGGGA,Proliferating NK cell
E2L5_AGGGTTTTCGTGAGAG,FCGR3A+ monocyte
L1_TCAGTTTTCGCCGATG,Conventional dendritic cell
L4_ACTATCTTCTCCAATT,Cytotoxic T cell
E2L4_TACTTGTAGGATCATA,CD4 memory T cell
E2L5_CCTCAGTGTAACGCGA,CD161+ memory T cell
L5_TAATCTCTCTAGCATG,Hematopoietic progenitor cell
L5_GATTCGAAGTCACTAC,Plasma cell
E2L7_CCTCCTCAGGCCTGAA,Natural killer cell
L3_GTATTTCCAAAGACGC,QC_filtered
L4_ACTGCAAGTATTGACC,Naive CD4 T cell
L1_GTAATGCAGAAGGGAT,Proliferating NK cell
E2L7_TCAGCAAGTAGCTTGT,Natural killer cell
L4_GTGCAGCTCGCCGAGT,QC_filtered
E2L1_CTGAGGCTCGGTTCAA,CD14+ monocyte
E2L5_TCCACGTTCTCATTTG,CLEC9A+ dendritic cell
E2L6_GATCATGGTATGCTAC,Cytotoxic T cell
E2L1_TCGTGGGCACGACCTG,Memory B cell
E2L8_CTGGCAGGTATCCCAA,Natural killer cell
E2L6_GTTTACTAGTAGTGCG,QC_filtered
E2L3_CATACCCCAGATACCT,CD4 memory T cell
L1_TGTGCGGAGCTCGCAC,CD14+ monocyte
E2L3_GTTGCTCAGTACCATC,Naive CD4 T cell
L1_CAGCGTGAGCGGGTAT,Cytotoxic T cell
L5_CAAAGAATCCATCGTC,Platelet
E2L4_GTAGTACGTAGGAGTC,Naive CD4 T cell
E2L7_CCACTTGAGCTGACTT,Natural killer cell
E2L1_CTCAGGGCACATAACC,CD14+ monocyte
E2L1_ATCACGATCGTGGAAG,FCGR3A+ monocyte
E2L1_CCTCAGTGTGGAAATT,GZMK+ memory T cell
E2L7_ATCCACCTCGCAGTGC,Proliferating NK cell
L1_CCTTTGGAGGAGGGTG,Naive CD4 T cell
L3_GGAACCCCACTAACCA,Naive CD4 T cell
L3_AGGAAATCATATACCG,Memory B cell
E2L4_ATACCTTTCAGATTGC,Natural killer cell
L4_TTACGTTCACGCACCA,Naive CD4 T cell
L1_TCAAGACAGGCACTAG,Hematopoietic progenitor cell
L2_AATTCCTCAGCGGTCT,GZMK+ memory T cell
E2L3_CATGCAAAGCATCCCG,Cytotoxic T cell
L3_GATGACTAGGGCATGT,Proliferating NK cell
E2L3_AGGGAGTTCTGGAGAG,Naive B cell
L3_GGTTAACAGGGAGGCA,Memory B cell
E2L1_CGTAATGTCCGAAGGA,Cytotoxic T cell
L5_GTCTACCTCGGATAAA,CD161+ memory T cell
E2L5_TCAGTCCCACTACCCT,Platelet
E2L8_TACCTCGTCAAGATAG,Naive B cell
L3_GATTGGTTCATTGGTG,Naive CD4 T cell
L1_GCCCGAACATCCTATT,Erythroid cell
E2L8_CTCATGCAGCGTATAA,Memory B cell
E2L3_CGGACACGTGTCTAAC,Naive CD4 T cell
E2L4_TCCCACACATTCTCCG,Cytotoxic T cell
L1_GAGTCATTCCCATGGG,Naive CD4 T cell
E2L5_AGACCATGTCTTACAG,Cytotoxic T cell
E2L5_CCACGAGCAATTCGTG,Platelet
L5_TTTGGTTTCCTCTAGC,Naive CD4 T cell
E2L3_TCTATCATCGATACTG,Plasmacytoid dendritic cell
L1_AATGGAATCAGCAGAG,Naive CD4 T cell
E2L6_TCATTTGGTTATGACC,Natural killer cell
E2L1_CCTATCGCAGACCCGT,CD14+ monocyte
L1_TCAAGTGAGGGATCGT,Memory B cell
L5_TCGAACAGTTGCATAC,Naive CD4 T cell
E2L1_TCACATTGTCGCTTGG,Naive CD4 T cell
L2_AAGATAGGTGAGAGGG,FCGR3A+ monocyte
E2L5_TACCGAATCACGGAGA,Cytotoxic T cell
E2L6_GCCGATGGTTCTTAGG,FCGR3A+ monocyte
E2L2_AGACAAAAGGAATGTT,Proliferating NK cell
E2L6_AGGGAGTTCCGAGTGC,Proliferating NK cell
E2L6_GGTAACTTCTGCGATA,FCGR3A+ monocyte
L2_TTCCTCTAGCACGTCC,Proliferating NK cell
E2L1_GTAGCTAGTAGGTAGC,CD161+ memory T cell
E2L6_CATGGATTCTGTCGTC,Plasmacytoid dendritic cell
E2L7_TGCTTGCTCGGACGTC,Conventional dendritic cell
L4_TGGTGATCAAAGGTTA,CD4 memory T cell
L1_GATCGTACAGCTTCGG,Hematopoietic progenitor cell
E2L6_TGATGCAGTGTGCTTA,Plasma cell
E2L2_CCTCTAGTCCTCAGGG,FCGR3A+ monocyte
L2_ATGTCCCCAAAGGATT,Proliferating NK cell
L3_CACTTCGCAGTGCGCT,Naive CD4 T cell
E2L6_GTTAGTGAGGGAGGCA,Proliferating NK cell
E2L6_AGGGCTCGTTCGTAAC,Memory B cell
L2_TTGATGGCAAATAAGC,Hematopoietic progenitor cell
L1_ATCTCTAAGATGTTAG,Natural killer cell
E2L1_TCGGATACAAGGATGC,Memory B cell
E2L1_GATGTTGTCCTACACC,Memory B cell
L1_CGTCCATCACAGTGAG,Naive CD4 T cell
L1_ACCTACCTCTTGGAAC,Naive CD4 T cell
E2L5_GACACGCAGGGTACAC,CD14+ monocyte
L1_TCAAGTGCAGTTGGTT,Naive CD4 T cell
E2L8_CACTGGGGTGTACGCC,Naive CD4 T cell
E2L2_ATGCGATTCTTGGATG,Naive B cell
E2L7_ATTCAGGGTAATGTGA,Naive B cell
L1_ACCGTTCAGTAAATGC,Naive CD4 T cell
E2L2_ACGGGTCAGTTCATGC,CD4 memory T cell
L1_CAACAGTCAGTCGTTA,Naive B cell
E2L2_ACCCTCATCGAGCTGC,CD14+ monocyte
L1_GGTGATTAGCTACAAA,Memory B cell
L5_ATAGAGAAGGACTTCT,CD4 memory T cell
L2_TCGACCTTCAGCCTCT,Naive CD4 T cell
L4_TACGGTAAGAGCTGAC,Conventional dendritic cell
E2L8_ACCAAACGTTTCACTT,Naive CD4 T cell
E2L4_GACTATGAGAAGAACG,Memory B cell
L3_GGTGTTATCGATACAC,Naive CD4 T cell
E2L7_GTTGTCCTCTTTGCAT,QC_filtered
L2_AGTTAGCTCTACTGAG,GZMK+ memory T cell
L4_TTGAGTGTCGGCTTGG,Plasmacytoid dendritic cell
L4_TGCGGGTAGCGCCCAT,Hematopoietic progenitor cell
E2L8_GTGTAACCATCCGGCA,Natural killer cell
E2L4_CTCCTTTTCATCCCGT,Natural killer cell
E2L7_TCCTTCTAGAACTGAT,CLEC9A+ dendritic cell
E2L5_TGGAGGATCGCTGACG,CD161+ memory T cell
L4_CTGCAGGCAAACCACT,CD4 memory T cell
E2L2_CCTTCAGTCGGCGATC,Memory B cell
L4_GGGCGTTAGACGCCCT,FCGR3A+ monocyte
E2L4_TACGCTCAGTCCCAGC,Naive B cell
E2L1_GGACGTCGTAAGAACT,FCGR3A+ monocyte
L4_TCCCAGTCAATTAGGA,GZMK+ memory T cell
L4_CGAAGTTCAGTTCACA,Memory B cell
L5_TCACAAGTCGTAACAC,Naive CD4 T cell
L4_CCTATCGCATACATCG,Hematopoietic progenitor cell
L1_TTTCAGTCAGAACATA,Hematopoietic progenitor cell
E2L5_CCACTTGCATTGCCGG,Naive B cell
L4_GCGATCGGTGTTCCTC,Naive CD4 T cell
L3_GAACGTTGTATCGAAA,CD4 memory T cell
E2L6_GGAGGTATCTCTGAGA,Conventional dendritic cell
E2L1_GTTCGCTTCCTTATAC,Platelet
L3_GCGAGAAGTCATCCGG,Proliferating NK cell
L3_CATGGTATCATTTCGT,Naive B cell
L3_ATCGCCTGTCTTTATC,Proliferating NK cell
E2L2_GACTATGAGTTCTACG,Naive CD4 T cell
L5_GCACGGTAGGTTCTTG,Proliferating NK cell
L1_CGGACACCAATCAGCT,Cytotoxic T cell
L2_CAGTTAGGTAGTGTGG,Natural killer cell
L3_GGGATCCAGTACTGGG,Naive CD4 T cell
L4_ATCGTAGAGCGTTGTT,CD4 memory T cell
L3_TCTTGCGGTATCGATC,Hematopoietic progenitor cell
L1_ACACTGAAGGTAAGGA,GZMK+ memory T cell
L4_ATGCGATGTCACGACC,QC_filtered
E2L3_AGGGTCCGTTACCTGA,Cytotoxic T cell
E2L3_GAGTTGTTCATCCCGT,Proliferating NK cell
E2L4_CAACCTCGTATCACCA,Memory B cell
E2L5_ATACCTTGTTAATGAG,Naive CD4 T cell
L2_GTGTTAGGTGGTCTTA,Naive B cell
E2L1_TCCTTCTTCTGCGGCA,Memory B cell
E2L6_GAGTCATGTGTTTCTT,Natural killer cell
L2_AAACGCTCAGTAGTGG,FCGR3A+ monocyte
E2L6_CGCGTGAAGCTGTTAC,Naive CD4 T cell
E2L8_GATGTTGGTTGCCGCA,Naive B cell
E2L3_CAGCGTGTCAGGCGAA,Conventional dendritic cell
E2L6_CACTTCGTCCATCAGA,Natural killer cell
E2L4_CTTCTCTCAGGACATG,Naive CD4 T cell
L3_CCTATCGTCAACCTTT,GZMK+ memory T cell
E2L3_GAGGCCTCATCCGATA,Memory B cell
E2L2_GCGGAAAAGGGAGGGT,Conventional dendritic cell
L2_GATCCCTCAGAACATA,Cytotoxic T cell
E2L8_TCACTATGTGACCGTC,Natural killer cell
L5_TCAGGGCTCAGGTAAA,Cytotoxic T cell
E2L8_CTGGTCTTCTCTGGTC,CD4 memory T cell
E2L2_CAGATCACAGGTCCCA,Naive CD4 T cell
E2L5_GGTTAACTCAGACCTA,Platelet
E2L6_CGGAGAAGTACCCGAC,CD161+ memory T cell
E2L6_CATGAGTCAGACATCT,CD4 memory T cell
E2L8_AACGGGAAGCCATCCG,Cytotoxic T cell
E2L6_TGTGCGGAGGAGACCT,Cytotoxic T cell
E2L5_GGAACCCTCAATCTTC,Naive CD4 T cell
L2_TGAATGCCAGCATACT,Naive CD4 T cell
E2L3_TCCATCGCAGAGTAAT,QC_filtered
L1_GATGACTCAACCGTGC,Naive CD4 T cell
E2L4_CTGTCGTCATGACAGG,CD14+ monocyte
L1_CTCCTTTGTGTCATGT,CD161+ memory T cell
E2L6_GAGTCTACAGCTCCTT,Platelet
E2L8_CAACAGTGTAATCAAG,QC_filtered
E2L8_GTTACGAGTCTGTCAA,CD4 memory T cell
L4_GGAAGTGGTGTCGCTG,GZMK+ memory T cell
L3_GGGTGTCAGAATCGCG,Gamma delta T cell
L2_GTTTGGACACGGAAGT,Naive CD4 T cell
E2L7_TCATTGTAGTTCCTGA,Platelet
L1_CGGAATTAGCTACTAC,Natural killer cell
E2L1_GTAGAGGGTTAATCGC,CD161+ memory T cell
E2L8_CATGCGGCAATGTGGG,Naive CD4 T cell
E2L5_CCCTGATGTGTCTTGA,Natural killer cell
L4_ATGCGATAGCCGATTT,CD161+ memory T cell
L4_ATTCTTGAGGCCCACT,Naive CD4 T cell
E2L7_TTTCCTCCAAGTTCGT,Naive B cell
L5_TGGGCGTCAGTGGGTA,CD4 memory T cell
L2_AGGTAGGCATCTCCCA,Cytotoxic T cell
E2L7_CCCGGAACAGCACAAG,Naive CD4 T cell
L1_CAGTTCCTCTGTGCGG,Cytotoxic T cell
L4_TCACGGGCACTGGAAG,Naive B cell
L3_CCGGACATCTTCCACG,Natural killer cell
E2L8_TATTGCTGTCTACGAT,Natural killer cell
L5_GGTTGTACAAGACGAC,Naive CD4 T cell
E2L2_TACATTCAGCTGTTCA,Hematopoietic progenitor cell
E2L6_ATCGTGAAGGTTGGTG,Naive CD4 T cell
E2L6_CTATCCGGTAGAATGT,CD4 memory T cell
L5_ACTTATCGTGCAGTGA,Naive CD4 T cell
L4_TCGGTCTAGGGAACAA,Plasmacytoid dendritic cell
E2L6_TGTGAGTTCCCTAGGG,Naive CD4 T cell
E2L5_TTTACTGAGTAAATGC,CD4 memory T cell
L5_GATCATGCAAGAGGTC,CD4 memory T cell
E2L2_TGGGCGTAGAGTGTGC,CD4 memory T cell
E2L2_TTTACTGGTAGCGAGT,Proliferating NK cell
L5_CCCTTAGGTAGTCTTG,Plasma cell
E2L3_TCAGCAAAGGGTAATT,Naive CD4 T cell
E2L8_TGGATCATCCTTATAC,Conventional dendritic cell
L4_TGTTCTATCTTGGATG,Naive B cell
E2L5_TGTGAGTCATTCTCTA,Memory B cell
E2L4_AGGTGTTGTCAAGCCC,Cytotoxic T cell
E2L4_TTCTTGAAGTGAACAT,Proliferating NK cell
E2L6_AGGATAAAGACTACCT,Cytotoxic T cell
L4_ACGATCATCGAGAACG,Plasma cell
L2_TTACCATGTTGCCGCA,CD161+ memory T cell
L1_GGTGTTAGTTAGCTAC,CD4 memory T cell
E2L6_GTCAAGTCATACCAGT,Conventional dendritic cell
L4_AGACCATCATAATCCG,Conventional dendritic cell
E2L7_GATCGTAGTGCATTAC,CD161+ memory T cell
E2L7_ATGATCGGTGGTTTAC,Natural killer cell
E2L5_TCACAAGGTTGAGGAC,CD4 memory T cell
E2L7_GTCAAGTTCGTTCATT,CLEC9A+ dendritic cell
L2_CGAGTTACAACGTAAA,Conventional dendritic cell
E2L6_ATCGATGAGCTCCACG,Naive CD4 T cell
E2L7_TATGTTCTCAAGCTGT,Cytotoxic T cell
E2L6_AGACAAAGTCGCACAC,Plasmacytoid dendritic cell
E2L8_TGTGATGTCAAGCTGT,QC_filtered
E2L7_TGATCTTTCAGCAATC,Proliferating NK cell
E2L4_GCTGCAGAGATGGTCG,Plasmacytoid dendritic cell
L2_GTGAGTTGTAGTACGG,QC_filtered
E2L1_CTGCGAGTCTTGATTC,CD161+ memory T cell
E2L5_GAAGCCCCACAGTCAT,Proliferating NK cell
E2L6_TCATTGTTCTAGTTCT,Plasmacytoid dendritic cell
L2_GTCATGACAAACTCTG,Hematopoietic progenitor cell
E2L2_AAGACAACAACTCCAA,Cytotoxic T cell
L5_ATGCGATGTCACGACC,Plasma cell
E2L5_ATTACTCAGCATCGAG,Erythroid cell
L1_ATTATCCTCACTTTGT,Natural killer cell
L3_TCCGAAAAGCACGTCC,Hematopoietic progenitor cell
E2L8_TGTTGGATCTATCGGA,Cytotoxic T cell
E2L3_AATGACCCAGAGGTTG,CD161+ memory T cell
E2L2_CACACAACACTATCCC,Plasma cell
L4_CTCATGCAGCAGTACG,GZMK+ memory T cell
L4_CTGGCAGCATCGTGGC,CD161+ memory T cell
L5_GGTCTGGCACATTACG,CD161+ memory T cell
E2L4_GGACGTCTCCTCGATC,CD4 memory T cell
E2L2_CTAACCCGTTGTGCAT,Platelet
E2L4_GAGTTTGGTAGGCTCC,Plasma cell
E2L3_ACACGCGTCGACGATT,Naive B cell
E2L6_TTCCGGTAGTGTAGTA,Conventional dendritic cell
L3_GCACGGTTCTGTCGCT,Naive CD4 T cell
L5_TAGGTTGAGCCAGAGT,Naive CD4 T cell
L1_CCTGCATTCTGAGTCA,Proliferating NK cell
L4_ACGTACATCGACGCGT,Memory B cell
L2_CCTACGTGTGGCTCTG,CD4 memory T cell
E2L8_CAATCGAAGATTGAGT,Platelet
L2_CACGGGTGTCGCATTA,Naive CD4 T cell
E2L4_GGTTCTCGTCGTAATC,Platelet
L5_AAGCCATGTATCATGC,Naive B cell
E2L5_GTACAGTTCGAGTGGA,CD4 memory T cell
L2_CTACGGGAGAAGAACG,Conventional dendritic cell
L4_ATCATTCTCAGCTGAT,Naive CD4 T cell
L3_GTGGAAGGTACAAGCG,FCGR3A+ monocyte
L1_GGATCTAGTGTCATGT,Natural killer cell
L1_CACTAAGCACTACCCT,CD4 memory T cell
L5_TGTGTGAGTCCACATA,Plasmacytoid dendritic cell
E2L6_GGGCTACCACCGTGCA,Memory B cell
E2L4_CTGTATTCAGGCACTC,Plasma cell
E2L4_ACGATCATCGCGGTAC,Plasma cell
L2_ACTGCAATCGGAGTAG,Naive CD4 T cell
E2L6_AAAGGGCAGTCGAATA,Platelet
L5_GATTGGTGTCGAGTGA,CD4 memory T cell
E2L7_TCAGCAATCCGATGCG,Memory B cell
E2L2_CTGATCCGTCGTCATA,CD14+ monocyte
E2L7_TCGAAGTGTGTTTACG,CD4 memory T cell
L2_TGATGGTAGCCTAGGA,Naive CD4 T cell
E2L1_CGAAGTTTCCTCACCA,CD4 memory T cell
E2L7_GTAAGTCTCTGTCTCG,Memory B cell
E2L3_TTTCCTCTCCCTTTGG,Plasmacytoid dendritic cell
L3_ACTATTCAGGCCTGCT,Natural killer cell
E2L3_GGCGTCACAGACATCT,Memory B cell
E2L3_TGCGGGTTCTAGTTCT,Plasma cell
E2L6_CGACAGCAGCTTCATG,Memory B cell
E2L4_ATTTACCTCAGCGCGT,Plasmacytoid dendritic cell
L2_TTCATGTTCCTAGAGT,Hematopoietic progenitor cell
E2L4_CGGAATTAGTGGAATT,Memory B cell
L2_TGAATCGCAGTGGCTC,Naive CD4 T cell
L4_GTGAGCCAGACTCGAG,CD4 memory T cell
L5_GAAGAATAGATGACCG,CD4 memory T cell
E2L6_GGCTTTCCAGGCGAAT,Proliferating NK cell
E2L3_CTCCTTTTCGAACGCC,Cytotoxic T cell
E2L2_GGCTTGGAGGGACAGG,Cytotoxic T cell
E2L7_AGCATCAGTTTCGTTT,Plasma cell
E2L4_TATCAGGGTGCAAGAC,QC_filtered
L4_CTCCACAAGTGTAGTA,Naive CD4 T cell
L3_GTGCTTCCAAGTGGCA,FCGR3A+ monocyte
E2L3_TTGCCTGCATGTGCTA,CD161+ memory T cell
E2L3_AAACGCTAGGTCGTCC,Natural killer cell
L1_GAGACCCTCGCGTGCA,CD4 memory T cell
L1_GTAATCGGTGGTAACG,Naive B cell
E2L5_CAACCTCCAAACAGGC,Conventional dendritic cell
E2L8_TAACTTCAGTGCTACT,Memory B cell
E2L3_TGATTTCAGCACCGAA,Cytotoxic T cell
E2L8_GGATCTATCTGTCGTC,Memory B cell
E2L7_TTCCAATGTTCTTCAT,Natural killer cell
E2L3_CACGAATTCTGGCCTT,Platelet
L3_GTGGCGTAGTTGCCTA,CLEC9A+ dendritic cell
L3_CACTTCGAGCCTCAGC,Proliferating NK cell
L5_GTCAAACGTCAACATC,Naive CD4 T cell
E2L1_ATCAGGTTCACTGGTA,Platelet
E2L3_GAGGCAAGTCGTTTCC,Memory B cell
E2L8_GATTGGTCAAAGGCTG,FCGR3A+ monocyte
E2L3_GAGCCTGCAAAGCTCT,Platelet
L5_AGGTTGTAGCTTCATG,Naive CD4 T cell
L2_ATACCGAAGAAACTCA,Cytotoxic T cell
E2L8_TGAGGAGAGATCCAAA,Gamma delta T cell
L3_TTGTTTGTCTGGCCGA,CD4 memory T cell
E2L5_AGTACTGGTGTTCGAT,Naive B cell
E2L8_CCTCACAAGCTTTCCC,Proliferating NK cell
E2L6_AGAGAGCAGTCCTGTA,Natural killer cell
E2L1_GCCATTCGTACGATGG,Conventional dendritic cell
E2L2_CGATGGCTCAGCTGAT,Conventional dendritic cell
L2_TCTGGCTGTGCATTTG,CD161+ memory T cell
E2L6_CAAGGGATCTAGAGCT,Proliferating NK cell
E2L6_TACCTGCAGACATGCG,Platelet
L4_AGTCTCCCAGCAGACA,Plasma cell
E2L2_ACCAAACAGTCAACAA,Memory B cell
E2L5_CAGATTGAGGCCTTGC,Memory B cell
E2L3_CGGTCAGAGTGCAAAT,FCGR3A+ monocyte
E2L3_GCCGTGATCGCCGAGT,Natural killer cell
E2L4_TGAGGTTCAATCGTCA,CD161+ memory T cell
E2L2_GGAAGTGAGGCCGCTT,Cytotoxic T cell
E2L7_GTCAAGTGTCCTACGG,Naive CD4 T cell
E2L4_CATTCATCATGAGTAA,Memory B cell
E2L1_CAGTTCCTCTCATGGA,CD4 memory T cell
E2L4_AAACCCAGTAGGTCAG,CD4 memory T cell
E2L2_CCTATCGCAGCTGAAG,Hematopoietic progenitor cell
L3_ACTGTGAGTGGAAATT,GZMK+ memory T cell
E2L4_ACGGAAGAGGACTAAT,CD4 memory T cell
E2L6_ACGGAAGGTACCTTCC,Conventional dendritic cell
L1_CAGGGCTCACGCGTGT,Natural killer cell
E2L4_AACAGGGAGTGGATTA,Proliferating NK cell
E2L6_ACTTCGCAGGAGAGGC,Platelet
L2_GGGCTCATCAGTAGGG,CD4 memory T cell
E2L6_TCGTCCAAGGGAGAAT,CD4 memory T cell
E2L8_ACACCAAGTAGAATAC,CD14+ monocyte
E2L1_TGGTTAGCACATACGT,Naive B cell
E2L5_TCTGCCATCTCTATAC,Natural killer cell
E2L5_TGGTGATCATTGCCGG,Cytotoxic T cell
E2L6_TCAATCTGTTGCGAAG,Naive B cell
E2L8_AGTCTCCGTCGATTAC,Natural killer cell
E2L7_GGTTCTCCAAGTGCAG,Natural killer cell
L4_TCGCAGGGTTGCTGAT,Plasma cell
E2L3_ATATCCTTCCCAGGCA,Conventional dendritic cell
L4_AGCGCTGTCACGAACT,Naive CD4 T cell
L4_ACGATGTAGCTTGTTG,Plasma cell
E2L6_GCTGCAGCAGCGACAA,Memory B cell
E2L4_AAGCCATCAATGCTCA,Cytotoxic T cell
E2L3_CTTCTAAAGTTGGAGC,Natural killer cell
E2L7_CTCAAGATCGTCACCT,Plasma cell
L2_CGGACACAGCTTCGTA,CD4 memory T cell
E2L5_TGGAACTCAGGAGACT,Proliferating NK cell
E2L5_AAGAACAGTTACGATC,Plasma cell
L2_CCTTGTGTCTTCGATT,Natural killer cell
E2L6_ATAGGCTGTCTGGTTA,CD14+ monocyte
E2L4_TAAGCGTGTTCGTAAC,Gamma delta T cell
L3_GACTGATAGACTAAGT,QC_filtered
E2L1_ACATCGAAGAGATCGC,Proliferating NK cell
L4_GCACTAATCCGACGGT,Natural killer cell
L2_TGCGACGTCCTTATAC,Naive CD4 T cell
E2L6_TATCTTGCAGTCTTCC,Memory B cell
E2L4_GGTTGTATCTCGTCAC,Plasma cell
L2_GTCCTCAAGCGTCTGC,CD4 memory T cell
E2L8_CCATAAGGTTAATGAG,Naive CD4 T cell
E2L5_GTTCGCTTCGTAGTCA,Conventional dendritic cell
E2L3_AGGGCTCTCTCGAGTA,FCGR3A+ monocyte
L1_GTGCACGAGACCCGCT,Hematopoietic progenitor cell
E2L6_GGGTGAACAAGGAGTC,Plasma cell
L4_CCTGTTGCAGATACTC,Naive CD4 T cell
E2L5_TGGGAGAAGGATGTTA,QC_filtered
L2_GACTATGTCTCGAGTA,Natural killer cell
L2_CAGCAGCGTTGTTGCA,Naive CD4 T cell
E2L2_AGAGAGCTCGCTTGCT,Plasmacytoid dendritic cell
E2L2_CTGATCCCAAAGGGTC,CD4 memory T cell
L3_ACATGCATCCTCGCAT,Naive CD4 T cell
L3_CTCTGGTTCCTTTGAT,Proliferating NK cell
E2L2_ATACCGACACAGCATT,FCGR3A+ monocyte
L5_GGCACGTCAATAGTGA,Conventional dendritic cell
E2L7_CTCATGCAGTCTGCAT,CD4 memory T cell
E2L6_TCAAGCAAGTCAGCCC,Natural killer cell
E2L5_TTGCGTCCATCATTTC,Natural killer cell
L1_TCTTGCGTCGGAATTC,Naive CD4 T cell
L2_GCCTGTTTCGGAGATG,CD161+ memory T cell
L3_ATGGATCAGACTTCGT,Proliferating NK cell
L5_GATGTTGAGAGAGGTA,Naive CD4 T cell
E2L8_GTTACCCGTTCCCACT,Cytotoxic T cell
E2L7_CAGATCAAGATGTAGT,Cytotoxic T cell
L1_GCCTGTTTCCACTTCG,CD161+ memory T cell
E2L2_TGTGCGGAGCTGCCTG,Memory B cell
E2L7_CATGAGTGTGGTTCTA,Plasmacytoid dendritic cell
E2L6_GACCAATCAAGACGAC,Memory B cell
E2L3_ATCTCTATCTTAATCC,Plasmacytoid dendritic cell
L4_CGTCCATCAAATCGGG,CD4 memory T cell
E2L7_TGCATCCGTCAGTCCG,Plasma cell
E2L4_GTTGCTCCAGCTGCCA,FCGR3A+ monocyte
E2L4_GGTGAAGAGCAATAGT,Hematopoietic progenitor cell
E2L1_TTCCACGAGTAGGCCA,CD4 memory T cell
L2_TGTACAGAGGTCACAG,Naive CD4 T cell
E2L5_CATTGAGAGAGGTCAC,Proliferating NK cell
E2L3_CCAATTTGTTTAGTCG,Memory B cell
E2L2_AGGAGGTAGCGTTACT,CD161+ memory T cell
E2L8_GGTGAAGTCTCAATCT,Naive CD4 T cell
L4_TTTGACTGTTCTCTCG,Hematopoietic progenitor cell
E2L2_ATTCATCAGTGGCAGT,CD161+ memory T cell
E2L6_GCCAGTGAGGGCTTCC,Cytotoxic T cell
L2_TCGGGTGTCCCAAGTA,Hematopoietic progenitor cell
E2L7_GCCGTGACACTCTCGT,Platelet
E2L4_CGGAACCTCTGAGTCA,Plasma cell
L1_GTCGAATCAATGGCCC,CD4 memory T cell
E2L5_TACTTACTCTCTGACC,Memory B cell
L1_TGAATCGGTAAGAACT,Naive CD4 T cell
L1_CGGAACCGTGTCCGGT,Naive CD4 T cell
E2L1_CTCCTCCTCATTGTTC,CD14+ monocyte
L4_TTCCGGTCATGAGAAT,Plasma cell
E2L4_TCGTAGATCGGAGCAA,GZMK+ memory T cell
L3_GGGACCTGTCTAGATC,CD4 memory T cell
E2L1_GCCGATGTCTGGGAGA,Platelet
L1_CCAATGAAGCGTGTTT,Memory B cell
L4_TCGGGACCAAGACTGG,Naive CD4 T cell
L5_TGCGGCATCTTGAACG,Naive CD4 T cell
E2L7_GGACGTCTCTTGCAAG,CD4 memory T cell
E2L5_GTGCTTCTCGACCTAA,Proliferating NK cell
L5_CAATACGTCACGGACC,Cytotoxic T cell
L3_ATAGAGATCGTAGGAG,CD4 memory T cell
E2L5_CGCCATTAGAGCAGTC,Naive CD4 T cell
E2L3_TTCGATTTCTGCGGCA,Cytotoxic T cell
E2L8_CTCAATTGTACTGCGC,Platelet
E2L7_GTTAGTGGTAGCTGAG,Proliferating NK cell
E2L3_TGCTTCGCATTCTTCA,CD14+ monocyte
E2L4_CTCAGGGTCGACTCCT,Conventional dendritic cell
E2L8_ACTATGGGTCTTACTT,Memory B cell
E2L4_ACTGTGAAGCATCTTG,Cytotoxic T cell
E2L7_GCCAGCAGTTAATGAG,CD161+ memory T cell
E2L7_ACCATTTCAGGAGACT,Memory B cell
E2L2_TGGGCGTGTATGACAA,FCGR3A+ monocyte
E2L6_GATTGGTGTCCATCTC,Platelet
L4_GATTGGTTCCTCACGT,Memory B cell
E2L6_AACAAGACAGACAATA,Natural killer cell
L4_TTTAGTCAGTCATAGA,GZMK+ memory T cell
L1_AGACTCACATCGGTTA,Plasmacytoid dendritic cell
L4_CTGGACGCACCTCTGT,Natural killer cell
E2L1_CTTCGGTCAACCGCTG,FCGR3A+ monocyte
E2L5_GGAACCCAGCCGCTTG,Proliferating NK cell
E2L6_GTGTGGCAGTTGGCTT,Plasmacytoid dendritic cell
E2L4_TAGGAGGCAGGACGAT,Naive CD4 T cell
E2L6_GGGCTACGTGGAATGC,FCGR3A+ monocyte
L1_GACCGTGGTTCTTCAT,Hematopoietic progenitor cell
L3_ATCTCTAGTTTCCAAG,CD14+ monocyte
L1_CGGTCAGGTCGTGTTA,Cytotoxic T cell
E2L3_ATCGTGACAGGCTACC,CD4 memory T cell
L5_GCAGTTAGTGTCTTGA,CD4 memory T cell
L2_GTAATGCGTACTCCGG,Natural killer cell
L3_GACTTCCAGGAAACGA,FCGR3A+ monocyte
L2_CAAGACTAGCATTTGC,Plasma cell
L5_TCAGTCCGTTGGGTAG,Proliferating NK cell
L4_GTTTGGAAGTTAGTAG,Naive CD4 T cell
L2_CATCAAGTCGCGGACT,Proliferating NK cell
E2L6_GAGTTACCAGCTTTCC,Conventional dendritic cell
E2L8_TTTACTGGTATCGTAC,CD4 memory T cell
E2L7_GGCAGTCCACACCAGC,Natural killer cell
E2L5_GTTGAACAGGAAGTAG,Naive CD4 T cell
L3_AACGTCACATCGTTCC,CD161+ memory T cell
L3_TCACTATAGTGAATAC,QC_filtered
E2L3_AACGAAAAGATGCTAA,Memory B cell
L2_AATGCCAGTCCGTTTC,CD14+ monocyte
L1_TCCCATGAGAGCCCAA,CD4 memory T cell
E2L2_GTTGTCCAGATGAAGG,Platelet
E2L8_TACGGTAAGTTGCTCA,Plasma cell
L3_GCCGATGAGGTGGTTG,Naive CD4 T cell
E2L7_TGTGGCGGTTCTCCAC,Plasma cell
E2L4_AGATCGTGTTCCGCTT,Proliferating NK cell
L5_TGAACGTAGCGATCGA,QC_filtered
E2L8_TCATTCATCGCGTGCA,Naive CD4 T cell
E2L7_TTGTTCATCCTCTAGC,CD161+ memory T cell
E2L5_CACTGGGCAACCGGAA,CD161+ memory T cell
E2L3_CGGGTGTCAAGGAGTC,Platelet
L5_TGAGGGACAAGATCCT,Naive CD4 T cell
E2L2_AACAAGAAGGCTTAGG,Cytotoxic T cell
E2L6_TTACAGGTCCACGGAC,Memory B cell
E2L8_ACCATTTTCTGAATCG,Natural killer cell
E2L1_CTGATCCGTAGCGTCC,Erythroid cell
L3_TTCCTCTAGATCACCT,Cytotoxic T cell
E2L2_TTACCATGTCAAGCGA,Proliferating NK cell
E2L7_TACAACGAGCAGGCAT,Conventional dendritic cell
L2_GGGTCTGCAGGTTCGC,Natural killer cell
E2L2_ACGATGTAGCCTCATA,Memory B cell
L2_AACGGGACAATGTTGC,Memory B cell
L5_CATTGTTTCCCGAGTG,Natural killer cell
L5_CGAGGAACATTCTCCG,Naive CD4 T cell
L2_GGAATCTAGGCTAGCA,Naive CD4 T cell
E2L3_GCGGAAACAATCGCAT,Cytotoxic T cell
E2L7_ATGTCTTAGTTGCATC,Hematopoietic progenitor cell
E2L7_TGAACGTAGCTTTCCC,CD14+ monocyte
E2L2_CTAACCCCAAATGGAT,Cytotoxic T cell
L1_TTGTGGATCTCCATAT,Naive CD4 T cell
L1_ACCAACAAGGATGTTA,Naive CD4 T cell
L1_CTCAGGGTCGGCAGTC,Memory B cell
L5_CTGCTCAAGAGTGACC,Naive CD4 T cell
E2L1_TCAATTCCAGCAGATG,CD4 memory T cell
E2L7_GCATTAGAGTATGCAA,Plasmacytoid dendritic cell
E2L1_TGTTCCGGTCTGTTAG,Proliferating NK cell
E2L4_GCTACCTTCGCCTATC,CLEC9A+ dendritic cell
E2L3_GTAGAAAAGCAGGCAT,Cytotoxic T cell
L4_TACGTCCGTGGTCCCA,GZMK+ memory T cell
L5_CTATAGGAGGCCTAGA,CD4 memory T cell
E2L6_AGGTTACTCCGTGCGA,Platelet
E2L2_TCTTTGATCTTTCGAT,Conventional dendritic cell
L5_GTGTAACAGTGCGCTC,Naive CD4 T cell
L5_ACTATGGTCGACGTCG,Naive CD4 T cell
E2L8_GGTGGCTCAAGAAACT,Naive CD4 T cell
E2L8_TTAATCCGTGTCTTCC,Naive CD4 T cell
E2L1_TTGGGCGGTAGTGCGA,CD161+ memory T cell
L5_AAGGTAATCTACTTCA,Hematopoietic progenitor cell
L1_CCTGCATCACGCCACA,Naive CD4 T cell
E2L4_TCTAACTTCGAGTGGA,CLEC9A+ dendritic cell
L4_TCATTCAGTTCTTGTT,Conventional dendritic cell
E2L6_TCACTATAGGAACATT,Cytotoxic T cell
L1_CTCAACCTCATGGCCG,Naive CD4 T cell
L4_CGGAATTTCGTTCTCG,CD4 memory T cell
E2L5_AATCGACCACCAGCCA,Plasmacytoid dendritic cell
E2L6_TACGGGCAGGTGAGCT,Platelet
E2L5_TCCATCGAGCAGCCCT,Naive CD4 T cell
L3_ATGGGAGGTCCAGCCA,Plasmacytoid dendritic cell
L5_TTCCGGTCAAACCATC,GZMK+ memory T cell
E2L7_ACAGGGAGTAATGATG,Plasmacytoid dendritic cell
L4_ACTGCAAGTCCCTGTT,Platelet
E2L6_TTACGTTCAAGTTTGC,Cytotoxic T cell
L5_AAAGTGACAGGTACGA,Conventional dendritic cell
L1_AGATCGTTCGTCGCTT,Naive CD4 T cell
E2L3_AGCTTCCCACAATGTC,QC_filtered
L1_AAGGTAAGTACTGCGC,Cytotoxic T cell
L2_TTCGATTAGTTGAAGT,Natural killer cell
E2L2_GCATCGGCATACTTTC,Natural killer cell
L3_ACCAAACAGGTAGTAT,CLEC9A+ dendritic cell
L2_GCAACCGCACGCCACA,CD4 memory T cell
E2L5_TTCCAATTCATAAGGA,Memory B cell
L4_GGTAACTGTACTCGTA,Cytotoxic T cell
E2L1_CAGAGCCTCTCCGCAT,Conventional dendritic cell
E2L1_TCCCAGTTCACCCTTG,FCGR3A+ monocyte
E2L5_CGTTGGGGTCCGAAAG,CD4 memory T cell
E2L5_ACTTCCGAGTGATCGG,Memory B cell
E2L4_GGTAATCTCCACAAGT,Cytotoxic T cell
E2L4_TGCTCCACAGGGAATC,Plasmacytoid dendritic cell
L4_GCTGAATTCTATCGTT,Erythroid cell
L4_ATTCAGGTCAGCTTGA,Conventional dendritic cell
E2L4_CCCTCTCTCTTCGCTG,Natural killer cell
E2L1_GGAGGATGTCCCGTGA,CD4 memory T cell
L3_TCAGTCCCACGGCACT,Hematopoietic progenitor cell
E2L6_AGGACGACAACACAGG,CD14+ monocyte
L1_TCGAACATCTGAGGTT,Plasma cell
E2L1_ACAAAGAGTATCGCTA,Plasmacytoid dendritic cell
E2L8_TGTGTGAAGGGACTGT,Natural killer cell
L1_ATGAAAGTCGACGACC,Cytotoxic T cell
E2L3_TCCTCGAGTATGAGCG,Platelet
L4_TGAGGGAAGCACAAAT,CD4 memory T cell
E2L4_ACCAAACCAGAGACTG,Proliferating NK cell
E2L7_AAGACAATCCTGTTAT,CD14+ monocyte
E2L4_AAGAACATCTCGCTTG,Cytotoxic T cell
E2L2_CGTAATGCAGACCAAG,QC_filtered
E2L3_GTAGTACCAACGTATC,Naive CD4 T cell
L2_CATGAGTGTTTGCAGT,GZMK+ memory T cell
L4_GATGTTGGTAAGTTAG,Proliferating NK cell
E2L6_CCGAACGAGAGCCGAT,CLEC9A+ dendritic cell
L5_ACAGCCGCAAGATGGC,CD4 memory T cell
L2_GTATTGGCAGGAGGAG,Plasma cell
L2_TCTCTGGCAACAAAGT,Naive CD4 T cell
E2L8_GATGTTGTCCGAAGGA,FCGR3A+ monocyte
L2_TCTACATTCCTGTTGC,Gamma delta T cell
L2_TCACACCGTGGTGATG,Proliferating NK cell
E2L6_GCCCAGAAGCAGGTCA,FCGR3A+ monocyte
E2L2_TTCCACGTCCGCTTAC,Cytotoxic T cell
E2L3_ATTCCATGTAGCTCGC,Natural killer cell
L5_AGATAGAGTCTACAAC,Proliferating NK cell
E2L8_CGTTCTGAGACCAGAC,Memory B cell
L3_GTCCCATTCATACGGT,CD4 memory T cell
E2L5_TGTTTGTGTTTGCAGT,Memory B cell
E2L5_ACGTAGTTCCGACGGT,Gamma delta T cell
E2L7_GATGACTTCGCTGTCT,Gamma delta T cell
L3_GGAGGTAAGCATGTTC,CD4 memory T cell
E2L7_TGGGTTAGTGCATGAG,CD14+ monocyte
L5_AAGCATCAGCCTCTTC,Hematopoietic progenitor cell
L5_AAGTTCGCATGGGTTT,Naive CD4 T cell
E2L7_GTAATCGTCAGACCGC,Erythroid cell
L5_CCTCATGTCCATCCGT,Conventional dendritic cell
L1_CTACAGAGTGATTGGG,Natural killer cell
L5_TTAGGGTCAGCCTTCT,Naive CD4 T cell
E2L2_GAGTGAGGTTGCCGAC,Proliferating NK cell
L1_TCAGTGATCCGCAAAT,Erythroid cell
E2L8_GTAGAAACAGGTACGA,Plasmacytoid dendritic cell
L1_TCAAGTGGTCAACCTA,Platelet
L5_TAGACTGTCCCTTGTG,FCGR3A+ monocyte
E2L2_CTCATTACAGATCATC,CD4 memory T cell
L2_AGTCACAGTTCGTAAC,Memory B cell
L4_TTTCACACAATATCCG,Naive CD4 T cell
L3_AAGGTAATCCACATAG,Memory B cell
L2_GATAGCTTCATCCTAT,Memory B cell
L3_ATCGTCCGTTCGGCGT,Platelet
L4_TGTGTGAGTTAAACCC,Cytotoxic T cell
E2L1_TACCTGCTCAAGCCCG,Natural killer cell
L3_CATCCCAAGACATGCG,Naive CD4 T cell
E2L2_CGGGTGTGTACTGTTG,Proliferating NK cell
L2_TCTTAGTAGGCCATAG,Naive CD4 T cell
E2L7_TCCTCTTAGTCGGCCT,QC_filtered
L1_TTTACTGGTTACCCAA,Hematopoietic progenitor cell
L2_GAAACCTTCGCATTAG,CD161+ memory T cell
E2L2_CTCATGCAGACGAGCT,Cytotoxic T cell
E2L8_ACATTTCGTATACGGG,Cytotoxic T cell
E2L1_GGGTAGATCATTGGTG,Natural killer cell
L3_GCGATCGGTTTACGTG,CD14+ monocyte
L5_GTCCTCAAGCGGCTCT,CD161+ memory T cell
E2L4_TCCTCCCGTGTTAAAG,Plasmacytoid dendritic cell
E2L1_TCTCACGTCACGGACC,GZMK+ memory T cell
E2L5_GGGTGTCCATGCTGCG,Memory B cell
E2L2_GTGTAACTCCGCACTT,Cytotoxic T cell
L2_TATATCCCAGCCGGTT,Naive CD4 T cell
L3_AACACACTCCTCGATC,CD161+ memory T cell
L2_TCTCCGATCAGCGCGT,QC_filtered
L1_CGATGGCTCATGTCTT,FCGR3A+ monocyte
L2_TGTGAGTCACAGTGAG,Naive CD4 T cell
E2L5_CAGCCAGAGTGGCAGT,Memory B cell
E2L6_CCCTCTCTCTTCCCGA,CD4 memory T cell
L1_ATGGATCAGTCTCCTC,Naive B cell
E2L4_TGTTGGAGTCCTACAA,Plasma cell
L5_CCACACTTCCCGAGAC,Hematopoietic progenitor cell
L4_TATTGCTAGTTACGTC,FCGR3A+ monocyte
E2L1_AGAAGCGGTGGACCAA,Platelet
L4_TTTGTTGAGTAACGAT,Proliferating NK cell
L5_GAGGCAAGTTCAAGGG,Conventional dendritic cell
E2L7_TACGTCCGTGTCGCTG,Plasma cell
E2L3_TTTCATGAGAATCGAT,Memory B cell
E2L7_GCATCTCTCCTCTTTC,CD4 memory T cell
L2_ATAGAGATCCTCGATC,Naive CD4 T cell
L3_CGAAGTTCAGACCTGC,Naive CD4 T cell
E2L5_TGACAGTGTCACAGAG,CD161+ memory T cell
L2_AACCTGACAGGAATAT,FCGR3A+ monocyte
L4_GATCAGTAGAGCTTTC,Cytotoxic T cell
L2_CCACCATGTGGCGCTT,FCGR3A+ monocyte
E2L6_TACAACGGTAGAGATT,FCGR3A+ monocyte
E2L5_GCCGTGACACCTGTCT,Naive B cell
E2L8_TGTCCCACAGGGCTTC,Naive CD4 T cell
L4_AACGGGAAGACGCCAA,Natural killer cell
L2_TACGGTAGTCACCCTT,Natural killer cell
L4_CACATGACAAACAGGC,Erythroid cell
L2_AACCATGTCCTCTCGA,Hematopoietic progenitor cell
E2L5_TGTCCACGTGGGATTG,GZMK+ memory T cell
L2_TGCTTGCCATGTTCGA,CD4 memory T cell
E2L4_TACCTCGCACGCAAAG,CD4 memory T cell
E2L3_TGGATGTAGCAAATGT,CD4 memory T cell
E2L1_ATTCTACCATCTAACG,Conventional dendritic cell
E2L1_AAGTGAAGTGGATGAC,Cytotoxic T cell
L2_TCAGTGATCAGCTTGA,Naive CD4 T cell
E2L3_TCAATCTCACTGTCCT,CD4 memory T cell
L2_GACTCTCTCCCATTTA,Naive CD4 T cell
E2L1_GTAGGAGGTTCTCAGA,Naive CD4 T cell
E2L5_AATCGACTCCATCGTC,Proliferating NK cell
L2_AGGATCTAGTGGACGT,Proliferating NK cell
E2L6_GTTTGGAAGATGCTGG,QC_filtered
L1_TCTTAGTCATCAACCA,Naive CD4 T cell
E2L8_TGAGCATGTGAAAGTT,Plasmacytoid dendritic cell
E2L5_CAGTTCCAGGTGTGAC,Naive CD4 T cell
E2L8_GTGCTTCTCCTCTCTT,Naive CD4 T cell
E2L6_TCCTGCATCCAAACCA,Cytotoxic T cell
L4_TCATATCAGGTAGGCT,Naive CD4 T cell
L1_AGACACTGTGTTAGCT,Plasma cell
E2L1_AACCTGATCGTAGAGG,Platelet
E2L3_CTCCTTTCATCTCCCA,CD14+ monocyte
L3_AGAACAAAGTGGCAGT,Proliferating NK cell
L1_CATCGGGGTCTCCCTA,CD4 memory T cell
L5_CCAATTTCAAGAATGT,CD161+ memory T cell
E2L8_ACATCCCCATGTTACG,Plasmacytoid dendritic cell
E2L8_CTCAGTCAGTGCCCGT,Proliferating NK cell
L4_TCCCACACATGCAGCC,QC_filtered
E2L2_AGTAACCGTGGCTAGA,Natural killer cell
E2L7_CCTAAGACAATAACCC,Natural killer cell
E2L1_GATGACTCATGCGGTC,Natural killer cell
L5_CGAGTTACATGCCGAC,CD4 memory T cell
L1_GTACAACGTAACCAGG,Cytotoxic T cell
L1_TGGATGTGTAAGATTG,Gamma delta T cell
L1_CACAGATTCGATACTG,CD4 memory T cell
L4_GGGTCACGTCCTCCTA,Conventional dendritic cell
L5_GAAACCTGTGGTCCCA,CD161+ memory T cell
L3_GTAACACTCGCAGATT,CD4 memory T cell
E2L4_CATGCTCGTCCAGCCA,Conventional dendritic cell
L3_ATCACAGAGAAGTCAT,Naive CD4 T cell
L2_TGTGGCGGTGAAAGTT,Hematopoietic progenitor cell
L3_TCATATCTCTCTCGCA,Naive CD4 T cell
L5_CGAATTGAGCAGAAAG,Cytotoxic T cell
E2L6_ATTGTTCGTGTCCGGT,CLEC9A+ dendritic cell
E2L7_ACGGTCGTCGTTGCCT,Natural killer cell
L1_GCCAGCACAGCAGTTT,CLEC9A+ dendritic cell
L4_TACCCGTTCTACGCGG,Erythroid cell
L5_TACATTCGTACCATAC,Natural killer cell
L3_GCCTGTTGTCGAACAG,Naive CD4 T cell
E2L6_GTCATGACATAACTCG,Memory B cell
E2L3_GCACGGTAGATGTTCC,Naive CD4 T cell
L5_TACTTGTTCTCTCTTC,Natural killer cell
E2L6_ATCTTCAAGTCTACCA,Conventional dendritic cell
E2L3_AGTCTCCAGAACTGAT,Naive CD4 T cell
L3_ACCTACCAGGTCACTT,Naive CD4 T cell
L1_TACGTCCGTGTCCAAT,Naive CD4 T cell
E2L3_AATTTCCCAATAGTGA,Naive CD4 T cell
E2L7_CTTACCGAGGTGATCG,Proliferating NK cell
L5_GCTGCAGCATGCCATA,Plasma cell
L5_ACATTTCAGGTTAGTA,CD4 memory T cell
L2_ACACCAAGTTTCACTT,Naive CD4 T cell
L1_TTTAGTCCAGCAGTTT,Gamma delta T cell
E2L3_ACGTAGTAGTAGTCAA,Naive B cell
L3_ACCTACCGTCACTCAA,CD4 memory T cell
L2_AACTTCTGTCGTCGGT,Cytotoxic T cell
E2L5_TCATGCCCAAATGAGT,Proliferating NK cell
E2L2_ACCCAAAGTGCGACAA,Conventional dendritic cell
E2L2_TCGCTTGTCGACGAGA,Proliferating NK cell
E2L4_GGCTGTGTCCCGATCT,FCGR3A+ monocyte
E2L3_CGGACACAGCGAACTG,Cytotoxic T cell
E2L5_TCTTGCGAGTCTTGGT,Naive CD4 T cell
L2_TGTCAGATCCATCTGC,CD14+ monocyte
L4_ATGCCTCCATGGCCCA,FCGR3A+ monocyte
E2L8_CATGAGTGTCGAATGG,CD4 memory T cell
E2L2_GTGAGCCTCACGAACT,CD4 memory T cell
L4_TGCATCCCAGACGCTC,Hematopoietic progenitor cell
E2L2_CTCGAGGAGACGCCCT,CD4 memory T cell
E2L7_TGCGATAAGTATTAGG,Cytotoxic T cell
L1_AAAGTGAGTATCGTAC,CD14+ monocyte
L2_CGGGTGTTCTCAGAAC,CD4 memory T cell
L3_ATCAGGTCATCAACCA,CD161+ memory T cell
E2L2_CTTGATTTCCGATCGG,Conventional dendritic cell
L3_TTGCTGCCACTACGGC,Memory B cell
E2L7_ACTTCGCAGCGGCTCT,Memory B cell
L4_TGCAGTAGTGGACTGA,Gamma delta T cell
L3_CGGAACCTCCAAGAGG,Cytotoxic T cell
E2L2_CAATCGAAGATCCCAT,Naive B cell
E2L2_ATGAAAGTCTTAGGAC,Cytotoxic T cell
L4_AATGGCTTCTACCAGA,Memory B cell
L4_CAGTGCGGTTATGGTC,Proliferating NK cell
L5_CCGGGTATCGCTGACG,Naive CD4 T cell
L2_CCCAACTGTTCAGGTT,CD14+ monocyte
E2L8_CTCATTAGTGGGTATG,Memory B cell
L2_CTGAATGTCAAGCCAT,Memory B cell
E2L6_TCAATCTCACTGAATC,Memory B cell
L2_TCATGCCAGACTTAAG,CD161+ memory T cell
E2L2_AAGCCATGTATCCCTC,Conventional dendritic cell
E2L4_TAACCAGCATCCTTGC,Cytotoxic T cell
E2L2_CGTTGGGAGAACAAGG,Proliferating NK cell
L1_GCGATCGCAAATGATG,Naive CD4 T cell
E2L5_CTGCTCACAGTGACCC,Cytotoxic T cell
E2L1_CGATGGCCATGAATAG,Cytotoxic T cell
E2L5_AGTGTTGGTGTTGCCG,CD4 memory T cell
E2L1_ATGCGATCAACCCGCA,CD4 memory T cell
L1_GTTGCGGAGTATGTAG,Naive CD4 T cell
L1_GGGTGAAGTTCGTAAC,CD161+ memory T cell
L4_TTACCATCAGCAGTGA,Plasma cell
L2_GATGTTGAGCCAAGCA,GZMK+ memory T cell
L2_TCACATTCAATGGCAG,CD4 memory T cell
L2_TCATGTTAGTATGGAT,Cytotoxic T cell
L2_TTCATGTAGGAAGAAC,Plasma cell
E2L8_GTCACTCTCACCCTCA,Erythroid cell
E2L3_AAAGGGCTCGACATAC,Platelet
E2L7_GTGGGAAGTGAATATG,Naive CD4 T cell
E2L3_AGCCAATTCCGTGGGT,Naive CD4 T cell
E2L8_CTTTCAAAGGCACGAT,Erythroid cell
L2_CATTGCCCAGATCACT,CD14+ monocyte
L4_GATCACATCCAATCCC,CLEC9A+ dendritic cell
E2L2_AATGCCATCCTGTTAT,CD161+ memory T cell
E2L6_AACGGGATCCAACTGA,Conventional dendritic cell
E2L6_CTGCATCGTGTCTTGA,Natural killer cell
E2L2_GATGGAGCATTCACAG,Naive CD4 T cell
E2L3_CAGATACAGCCGGATA,Plasmacytoid dendritic cell
L3_TTACCGCAGCCAGTAG,CD4 memory T cell
L5_CCTACGTCAGCTACAT,Hematopoietic progenitor cell
E2L5_TGCCGAGTCTGGGTCG,Naive CD4 T cell
E2L2_AGAGCAGCAGCATTGT,CD4 memory T cell
L3_TGCAGTATCGGCCCAA,Proliferating NK cell
L1_GTTAGTGCACACGGAA,Cytotoxic T cell
E2L7_TGCGGCAAGAGGACTC,CD161+ memory T cell
L4_GAGGGTAAGCGCAATG,Hematopoietic progenitor cell
E2L6_CACATGAGTCGAATGG,Natural killer cell
L1_GAGTTGTTCATTCGTT,Naive CD4 T cell
E2L4_GAGTGAGCAAACCATC,QC_filtered
L4_ATCCCTGGTATCAGCT,CD161+ memory T cell
L5_TGATGCAAGTCGCGAA,CLEC9A+ dendritic cell
E2L2_TGGGCTGGTCGCTTAA,FCGR3A+ monocyte
L2_GGGACCTGTCCCACGA,Plasmacytoid dendritic cell
L3_GGCTTTCAGTAAGAGG,Naive CD4 T cell
E2L1_GGAAGTGAGAGTGTTA,Platelet
E2L1_AGGTTACCAATTGAGA,Memory B cell
E2L7_ACTCCCAGTTGGGCCT,Cytotoxic T cell
E2L3_TGTAAGCCAATTCGTG,Conventional dendritic cell
L5_CACATGATCGCCGTGA,Natural killer cell
E2L8_GGTGTCGCAAGCACCC,CD14+ monocyte
E2L4_GGATCTAGTCGAGTGA,Cytotoxic T cell
L5_CATGGTACAAGGTCTT,Gamma delta T cell
L5_GGAACCCGTTCTCAGA,Plasmacytoid dendritic cell
E2L2_AAATGGACATTGTGCA,Conventional dendritic cell
E2L1_CTTGAGACAAAGGCGT,Gamma delta T cell
E2L2_GCACGGTGTTGACTGT,Natural killer cell
L4_CTATAGGTCCCGTTCA,Natural killer cell
E2L8_CTGATCCTCCTCAGGG,Cytotoxic T cell
E2L2_TGCTGAAGTCGTTGGC,Memory B cell
E2L3_CGTTCTGGTAGAGCTG,CD161+ memory T cell
E2L6_ACGTAGTTCGATCCCT,Plasma cell
E2L7_GTGCTTCCACCAGCTG,Platelet
E2L4_TCGTAGACAACACGAG,Naive B cell
E2L4_TTCACCGCACTTGTCC,Plasma cell
E2L2_ACGTAGTGTATTCCGA,Naive B cell
E2L1_TTGTGTTCACCGGCTA,Naive B cell
L5_CCTCATGCATGACGAG,Natural killer cell
E2L4_TTTCAGTTCCTATTGT,CD161+ memory T cell
E2L5_TGTAACGCAACACAAA,Gamma delta T cell
E2L2_CGGGTCATCCAGCCTT,CD14+ monocyte
L1_GTTAGACTCTAGTTCT,Naive CD4 T cell
L1_GTACAACAGTTATGGA,Hematopoietic progenitor cell
L1_GAGTTTGTCGTAGAGG,Cytotoxic T cell
L3_TCGCTTGCAACTCCAA,Naive B cell
E2L4_TCGGATATCTTCCCGA,Naive CD4 T cell
E2L7_TTACAGGAGCTCGGCT,Natural killer cell
E2L6_GAGAAATCACGGCACT,Plasmacytoid dendritic cell
L1_GTTATGGTCTCACTCG,Naive CD4 T cell
L3_CAGATACCACAAGGTG,Natural killer cell
E2L6_CCTACGTTCGAATCCA,CD161+ memory T cell
E2L5_GTTTACTTCTGTTCAT,Plasma cell
L4_CCACGAGAGAGAGTTT,CD161+ memory T cell
E2L6_TAAGCACAGTACGAGC,Plasmacytoid dendritic cell
L5_GTACAACAGACAGCTG,GZMK+ memory T cell
L4_ATGTCCCCATACAGGG,CD4 memory T cell
E2L4_ATTACCTAGATACAGT,QC_filtered
L1_GGGCTCAGTTCTTAGG,Hematopoietic progenitor cell
L1_CACTAAGCACGAAAGC,CD161+ memory T cell
E2L6_AGTTAGCTCTAAGCGT,Plasmacytoid dendritic cell
L4_CTCCCTCGTCCGAAGA,Plasmacytoid dendritic cell
L5_ACCCTCAGTGGATCAG,FCGR3A+ monocyte
L2_GCCAGCATCGAGCCAC,Natural killer cell
E2L8_TATCAGGCAAGTTGGG,Hematopoietic progenitor cell
L1_CCGGGTAGTTTACTGG,Plasma cell
E2L8_GGGACAATCTTGGTCC,Natural killer cell
L1_CTCCATGCATCGGCCA,GZMK+ memory T cell
L5_TTACCATAGATAACAC,Cytotoxic T cell
E2L7_ATTCCTACAGGTCCCA,CD4 memory T cell
E2L2_CTTACCGTCTCCTGCA,Cytotoxic T cell
L4_CCATCACAGACGCCCT,Cytotoxic T cell
L1_AGGGTCCAGACTACCT,Plasmacytoid dendritic cell
E2L3_TTCACGCCAGCAGTTT,GZMK+ memory T cell
L2_GAATCGTTCCACGTGG,Memory B cell
L3_GTCGTAATCCGTGACG,CD14+ monocyte
L2_GAGATGGTCGAATGCT,Hematopoietic progenitor cell
E2L8_TTTGATCCAATGTGGG,Platelet
E2L7_AACCATGAGCGGGTTA,Conventional dendritic cell
E2L6_GGGAGATGTGCATTTG,CD4 memory T cell
E2L4_CATGAGTCACGACGCT,Proliferating NK cell
E2L6_TCAGTCCGTGTTACTG,Conventional dendritic cell
L1_GTATTTCCATGGCTGC,Hematopoietic progenitor cell
E2L1_CTTCTAACAGGCTCTG,Hematopoietic progenitor cell
E2L4_TACCCACCACCGCTGA,CD4 memory T cell
L5_TACATTCTCTTTGATC,Cytotoxic T cell
E2L6_GCCGTGAGTAGACAGC,CD4 memory T cell
E2L7_GTGCAGCTCCGTGGGT,CD4 memory T cell
L5_CGCCAGACAAACCACT,Cytotoxic T cell
L1_AGGCTGCTCTAGCCTC,Plasmacytoid dendritic cell
E2L2_CCACGTTGTGGGACAT,Memory B cell
L4_GTAAGTCGTCGCATGC,CLEC9A+ dendritic cell
E2L1_AATAGAGTCCGGACGT,QC_filtered
L2_TTGTGGATCTGCCTCA,CD161+ memory T cell
E2L4_AGGTCTAAGCCTCAGC,Natural killer cell
L2_GTGCAGCAGGTTGGTG,Proliferating NK cell
L1_ATTGTTCAGCCACAAG,Naive CD4 T cell
L3_GATCACACAGTTCCAA,Platelet
E2L6_CACTAAGTCGTTCTAT,FCGR3A+ monocyte
L4_GGAATGGCAGAAGCGT,Naive CD4 T cell
L2_CATGCTCAGTATGATG,Naive CD4 T cell
L5_GTAGGTTCATCCTAAG,Naive CD4 T cell
E2L4_ACGATCACAATAGAGT,Platelet
E2L2_AATCACGCATCCGATA,Natural killer cell
E2L2_TCAGTGATCTAAGCCA,Gamma delta T cell
E2L2_CAAAGAAGTACCGGAA,Cytotoxic T cell
E2L6_CCGGACAAGAGTTGTA,Plasmacytoid dendritic cell
E2L5_TTCGCTGGTCAGGAGT,Memory B cell
E2L7_TTTACTGCAGCGTTGC,Conventional dendritic cell
L4_TACCTCGCACACACGC,Cytotoxic T cell
L5_CGACAGCTCTCGTGAA,Naive CD4 T cell
L5_CCCTGATGTCCCGGTA,Plasma cell
E2L3_TAGACCATCTTTGATC,CD4 memory T cell
L1_AGGCTGCTCTGCGGAC,Naive CD4 T cell
E2L3_TAACGACAGCCTTTGA,Hematopoietic progenitor cell
E2L6_GTTCTATAGGAGGCAG,Naive CD4 T cell
E2L3_ATATCCTTCTGCTTAT,Naive CD4 T cell
E2L1_AGTCAACAGCATGCAG,Conventional dendritic cell
L1_GTCTCACCATTGTCGA,CD4 memory T cell
L4_CGAGGAAGTTCAGCGC,Naive CD4 T cell
L4_GTGCAGCCAAATAAGC,Cytotoxic T cell
L3_ACGGTCGGTGCCGTTG,Naive B cell
E2L3_TCATATCTCTGCGATA,Cytotoxic T cell
E2L2_TGCAGATTCACGGTCG,Cytotoxic T cell
E2L7_CCACACTCACGCGTGT,Natural killer cell
E2L7_GTGCAGCCAAGATGTA,FCGR3A+ monocyte
L5_TTACAGGGTTCTTGCC,FCGR3A+ monocyte
E2L2_CCCTCAAAGTGGCAGT,Cytotoxic T cell
E2L7_GAAGTAAGTATCAGCT,Platelet
L3_GGTCACGCACCGTCTT,CD4 memory T cell
L2_TCCTAATTCCAGTGCG,Naive CD4 T cell
L2_TTCCTCTTCGGCTATA,Naive CD4 T cell
L1_TGATCTTTCGCTGACG,CD4 memory T cell
E2L2_TTTACCAGTCAAGTTC,Proliferating NK cell
E2L5_GATGGAGTCCGCGGAT,QC_filtered
E2L2_GCAACATGTATACCTG,Conventional dendritic cell
L2_CTTTCGGAGAGAGCCT,Memory B cell
E2L8_TCCGGGAGTGTTGATC,QC_filtered
E2L7_TCATGAGGTCTCAAGT,Erythroid cell
L1_GTGAGCCAGATTCGCT,Conventional dendritic cell
E2L5_ATAGACCTCAATCCGA,CD4 memory T cell
E2L3_AGTCTCCAGTTGAAAC,Memory B cell
L3_AGGGTTTGTGTGACCC,Platelet
E2L5_GAAATGATCGCGTGCA,Naive CD4 T cell
L4_TCTACCGAGCGTTGTT,Naive CD4 T cell
E2L5_AGGAGGTAGTGTTCAC,Proliferating NK cell
E2L8_ACGTAGTTCATGAAAG,Natural killer cell
L3_TCACACCCAAGTGGGT,Naive CD4 T cell
E2L3_TACTTGTTCGAAGCCC,FCGR3A+ monocyte
E2L5_CAAGAGGCATACTTTC,Cytotoxic T cell
L5_GTAGAGGTCTTTACAC,Cytotoxic T cell
E2L6_TGAGGAGTCGTACCTC,Plasmacytoid dendritic cell
L1_TAATCTCAGCGTGTTT,Cytotoxic T cell
E2L1_ACCACAAAGAGCATAT,CD161+ memory T cell
E2L7_AACAAAGGTTCAGTAC,CD14+ monocyte
L5_CGTTAGATCGGACAAG,Cytotoxic T cell
L3_ACACCAAGTAACGCGA,Naive B cell
E2L6_TACAGGTTCTGCCTGT,Proliferating NK cell
E2L2_GTCATCCTCCTCGATC,Cytotoxic T cell
L1_GCAACCGGTAGTGTGG,Memory B cell
L5_CATCAAGCATTCATCT,Conventional dendritic cell
E2L7_TAACCAGGTGGCTACC,Cytotoxic T cell
E2L1_AGGGTTTGTGCGGTAA,Hematopoietic progenitor cell
L5_TCAAGCATCCGAAATC,CD4 memory T cell
E2L1_GCGATCGAGTATGACA,Plasmacytoid dendritic cell
E2L3_AGACAAAAGATGACCG,Proliferating NK cell
L3_GGCTTTCTCCTAAACG,CD4 memory T cell
E2L8_ATCCTATAGAGGGTGG,Memory B cell
L2_TAGTGCACAATCTGCA,CD161+ memory T cell
E2L8_GTTGCTCTCGGTGTTA,Cytotoxic T cell
L2_TTACAGGCAGACGGAT,Plasmacytoid dendritic cell
E2L7_CCGGTAGGTGTAGCAG,CD4 memory T cell
E2L4_ACAGGGATCGGTGTAT,Naive CD4 T cell
L2_CCGATCTGTCGTGGTC,Naive CD4 T cell
E2L8_TCTTGCGTCAGCTTGA,Memory B cell
E2L2_ACGTTCCAGCTGGCTC,Natural killer cell
E2L2_TTGAACGGTGTTTGCA,Natural killer cell
E2L8_AAGACTCAGCGATCGA,Cytotoxic T cell
E2L5_GCATTAGGTACAGTTC,Plasma cell
E2L4_GCCAGGTTCTGTCGTC,QC_filtered
L4_GCATCGGCATGGCTGC,CD161+ memory T cell
L4_ACCATTTAGCATCCCG,Cytotoxic T cell
L3_TGCGACGGTGGTCCCA,Conventional dendritic cell
L2_TTAGTCTTCTGGCCAG,Naive CD4 T cell
E2L8_TCATGTTGTGTTCAGT,Natural killer cell
L4_GCGGATCCAACGGGTA,Plasma cell
E2L1_TCAAGACGTATCGGTT,Naive CD4 T cell
L5_GAAGTAATCTTCGTGC,CD161+ memory T cell
E2L2_TTTGATCAGCCATTCA,Natural killer cell
L3_TGGGAGAGTCCGCAGT,FCGR3A+ monocyte
L5_CGGAGAATCAGCTCTC,CLEC9A+ dendritic cell
E2L6_TTCGCTGGTACGGTTT,Natural killer cell
L1_GCTGAATCATGGAGAC,Naive CD4 T cell
E2L8_ATCTCTAAGGCCATAG,QC_filtered
L4_TACTTCAGTAAGATTG,Memory B cell
E2L5_CTCCTTTTCACTTGGA,Naive B cell
E2L3_CGGGCATGTCCAAGAG,Cytotoxic T cell
E2L7_GTGATGTGTATGGGAC,CD14+ monocyte
L3_TGTAGACTCACTGAAC,Memory B cell
L2_TGAGCATCAATGACCT,CD4 memory T cell
L5_TGATCAGAGATGGTCG,Natural killer cell
E2L6_TCCCACATCAAGGTGG,CLEC9A+ dendritic cell
L5_CGTAGTATCGACCACG,Naive CD4 T cell
E2L4_ACTATCTTCGACACTA,Memory B cell
E2L5_TACACCCTCTGTCCCA,Naive CD4 T cell
L3_TACTTCACAAGACGAC,Gamma delta T cell
L4_CTCTCAGAGACGCTCC,CD14+ monocyte
L4_GGAAGTGAGGTGATCG,CD161+ memory T cell
L2_TTCCGTGCAATAGTAG,Plasma cell
L4_TGCGGGTAGCGTCAGA,Naive B cell
E2L5_TCATGTTCAATCTCTT,GZMK+ memory T cell
L1_TCGAAGTCAACCTAAC,CLEC9A+ dendritic cell
L3_AAACCCATCTGTCAGA,Cytotoxic T cell
L5_GTAGGAGAGCTGGCTC,Naive CD4 T cell
L4_AAAGAACTCCAACCGG,Cytotoxic T cell
L2_AGAAATGGTGCCTTCT,Memory B cell
L2_CTCCAACCAGCATCTA,Hematopoietic progenitor cell
E2L5_GGTGGCTGTGACTGAG,Memory B cell
E2L7_GTAGAGGCAGGTCAGA,Plasmacytoid dendritic cell
E2L5_TGGAACTGTGCAGATG,Cytotoxic T cell
L5_GGTTCTCCAGATAAAC,Naive CD4 T cell
E2L5_GTCGAATTCCATCGTC,Cytotoxic T cell
L2_GAGTCTACATATCGGT,Conventional dendritic cell
E2L5_CGCCATTCATGCCATA,Cytotoxic T cell
L1_AACCTTTAGAGAGCCT,Naive CD4 T cell
L3_TTGCATTAGGAGTATT,CD161+ memory T cell
E2L7_GTAGGTTTCCCAAGTA,CD4 memory T cell
E2L6_CGCATAAAGTCGTTAC,CD14+ monocyte
E2L5_GCCAGGTCACGGATCC,Cytotoxic T cell
L2_CTTGATTAGCCACCGT,Naive CD4 T cell
E2L3_TCCTTTCTCTGGTTGA,Cytotoxic T cell
E2L6_ATCACTTTCCCAAGTA,CD14+ monocyte
L5_ACACCAACACCCAATA,Cytotoxic T cell
E2L1_AGCGTATCATCCGGTG,Naive CD4 T cell
E2L2_AGCCAGCAGGGCTAAC,Plasmacytoid dendritic cell
L3_CGCCATTTCCGTATAG,Naive CD4 T cell
E2L4_CCATAAGAGGATGTTA,Natural killer cell
E2L7_CTGGTCTAGCATTTGC,CD4 memory T cell
E2L6_GCGGATCTCCAATCTT,Memory B cell
E2L4_TCTCTGGTCTAGTTCT,Platelet
E2L1_GATCATGGTAGAATAC,CD14+ monocyte
E2L1_TCTATCATCTTCTAAC,Cytotoxic T cell
L1_CTATCCGTCTCGCTTG,Proliferating NK cell
L5_TCCTTCTCAGCGTTTA,Hematopoietic progenitor cell
E2L7_TACCGAAGTTGGGAAC,CD161+ memory T cell
E2L7_TGGTTAGTCTGGTGCG,Plasmacytoid dendritic cell
L4_AAAGTGATCGTTCTCG,Platelet
E2L5_GAGTCTACAGGTAGTG,Plasmacytoid dendritic cell
E2L6_TTTATGCCACCAGACC,Cytotoxic T cell
L1_GTTAGACTCCTAACAG,CD4 memory T cell
E2L7_CTTCCGATCCTTGAAG,Memory B cell
L1_ACTCTCGAGTCCTGCG,CD4 memory T cell
L2_TCACGGGGTTCCTTGC,Memory B cell
L1_TGTCAGAGTCTCGGAC,Naive CD4 T cell
E2L4_AACCCAACAATAGAGT,Plasma cell
L4_GCTACCTGTGCTATTG,Memory B cell
L4_CGAGTGCAGCAGGTCA,Cytotoxic T cell
L2_GTCAGCGGTTTGAAAG,CD14+ monocyte
L4_CGAATTGGTTACGCCG,Natural killer cell
E2L7_CATCGGGAGCGTGTTT,CD4 memory T cell
E2L8_TCATTCACATGTACGT,QC_filtered
E2L7_TCCTCGAAGTGCCGAA,Memory B cell
E2L3_ATCGTCCCACATAGCT,CD14+ monocyte
L3_CGTTAGAAGGCCTTCG,CD161+ memory T cell
L2_GGGTCTGGTACACTCA,Naive CD4 T cell
L5_CTAACTTTCCCGAACG,Platelet
E2L7_GTGCACGGTCGTGTTA,CD4 memory T cell
E2L2_CCATCACCACGAAAGC,Naive B cell
E2L4_TGCTCGTCACAACGCC,CD4 memory T cell
E2L2_CGGAACCAGGTTCATC,Platelet
E2L8_TTGTTCATCCCGTTCA,Plasmacytoid dendritic cell
E2L8_GCCATTCTCCGTAGGC,Memory B cell
E2L3_TTGGGCGGTCTGTGTA,Conventional dendritic cell
L2_TTGAACGAGCACTTTG,Natural killer cell
E2L2_TGGAGAGCACTCCACT,FCGR3A+ monocyte
L1_GATGTTGTCCTTACCG,FCGR3A+ monocyte
L2_CTAACCCCAACCCGCA,Naive CD4 T cell
L2_GAAATGAAGCCAGTAG,Plasma cell
E2L1_AACCACAGTAACGGTG,Cytotoxic T cell
L5_GAGCCTGTCAAGCTTG,Natural killer cell
E2L4_CATAGACTCGGTAGAG,Naive B cell
E2L1_GTCTCACAGCTGTGCC,CLEC9A+ dendritic cell
E2L1_GGGCCATGTGCCTATA,CD4 memory T cell
E2L5_CATCGGGGTCCGTACG,Memory B cell
E2L5_CCCATTGAGTGCAGGT,Plasma cell
L2_TTGTTGTGTCGGTGAA,Conventional dendritic cell
L5_ACTATTCCAGGCCCTA,Naive CD4 T cell
L3_TTCAATCTCGGTGTTA,Hematopoietic progenitor cell
E2L4_CTCTCAGGTAACGATA,Proliferating NK cell
E2L1_TCTTCCTGTACCGGCT,Naive B cell
L5_GGATGTTCAAGAGGCT,Naive CD4 T cell
L4_AACAACCTCAACCCGG,Erythroid cell
E2L4_CCGAACGTCATAGGCT,CD4 memory T cell
L2_CTGATCCTCTCAAAGC,CD161+ memory T cell
L4_TCATCCGCATTGAAGA,Conventional dendritic cell
E2L4_TGGGCGTAGGTCCCTG,Cytotoxic T cell
L4_CATTCCGAGGGTCACA,Memory B cell
E2L5_CTCTCAGGTAGCTGCC,Naive CD4 T cell
E2L8_TATCTTGAGATGACCG,FCGR3A+ monocyte
L5_TCAATTCGTAGGAAAG,Naive CD4 T cell
L5_AGGATAATCACTCCGT,Naive CD4 T cell
E2L8_ACGGGTCTCGTAATGC,CD14+ monocyte
L1_GAGGGATGTTGAATCC,Hematopoietic progenitor cell
E2L5_AGTGACTGTCCTACAA,Platelet
E2L4_CGAGGCTCAGCCGGTT,CD161+ memory T cell
L3_TCTACATGTCTGTGGC,CD161+ memory T cell
L5_CATTCTAAGTGGTTAA,Hematopoietic progenitor cell
E2L1_TTCCTAAAGTACTGGG,Cytotoxic T cell
E2L2_GGAGGATGTTCGGGTC,Natural killer cell
E2L7_GCGTGCACAGTTTCAG,CD4 memory T cell
E2L6_CCAATGAAGGCTGGAT,FCGR3A+ monocyte
E2L8_TCCGATCCACCATATG,Cytotoxic T cell
L1_TCGCACTTCCCGTGAG,Naive CD4 T cell
E2L1_TCCTTTCCACCCTAGG,FCGR3A+ monocyte
L1_TTCTAGTAGAGGTCAC,Naive CD4 T cell
L3_AAACGAAGTCCTTGTC,Conventional dendritic cell
L2_CTCAGTCGTCGTAATC,Proliferating NK cell
E2L3_TGATGCAGTGATACCT,Natural killer cell
E2L5_AAGTTCGAGCACTCGC,Cytotoxic T cell
L2_GAGTTACTCTTCGGAA,Natural killer cell
L5_GGTTCTCGTTCCAGGC,Hematopoietic progenitor cell
E2L4_CGTAGTACACTATCGA,CD161+ memory T cell
E2L5_ATGATCGAGAATCGTA,CLEC9A+ dendritic cell
E2L6_GGTCTGGTCTCGGTAA,Cytotoxic T cell
L2_CAAGGGAAGGCCATAG,Cytotoxic T cell
L3_ACAACCAGTCTGTCAA,Cytotoxic T cell
E2L1_TCACATTCATCTTAGG,CD4 memory T cell
E2L3_TTGGGTATCCCGTGTT,Cytotoxic T cell
E2L5_ATGTCCCCAACCGATT,CD4 memory T cell
E2L4_CTCCTTTTCTCTGCTG,CD14+ monocyte
L3_AGCGATTCAGCCTATA,CD14+ monocyte
E2L3_ACCTGAAGTGAACGGT,Naive CD4 T cell
E2L1_TGAGTCATCAGGAAAT,Cytotoxic T cell
E2L2_TTTGACTTCCGCACTT,CD4 memory T cell
L2_GTGAGGAGTACAAGTA,CD161+ memory T cell
L1_GAATAGACACAAGCAG,Hematopoietic progenitor cell
E2L8_CACGGGTCAGTATACC,Naive CD4 T cell
E2L3_TGGTTAGTCTTCGTAT,Cytotoxic T cell
E2L5_CTTGATTAGAGATGCC,Platelet
E2L2_TCGTGGGAGAATCCCT,Naive CD4 T cell
L4_GTTTGGAAGTTGGCTT,Cytotoxic T cell
E2L6_ATCGGCGAGAAGTCCG,Plasmacytoid dendritic cell
E2L3_GTTACAGGTTAGGAGC,Conventional dendritic cell
L1_CGAGAAGTCCAATGCA,CD4 memory T cell
L1_ATCGGATAGACCAACG,Naive CD4 T cell
E2L3_GCTTTCGTCGACGATT,Conventional dendritic cell
E2L5_CGCGTGACACACGGAA,Memory B cell
E2L6_GGGCGTTTCACCTTGC,Gamma delta T cell
E2L7_TGGTGATGTTTGAAAG,Hematopoietic progenitor cell
E2L3_CCCTCAAGTAGCTGAG,Memory B cell
E2L5_GACCGTGGTCGTCTCT,Memory B cell
L2_TCGAAGTTCAAAGCCT,CD4 memory T cell
E2L5_CCGCAAGTCGTTCCTG,CD4 memory T cell
L4_AACCATGCATAACTCG,GZMK+ memory T cell
E2L4_GTGTTCCCAATACGAA,CD4 memory T cell
L3_CTCATTAGTCATGGCC,Cytotoxic T cell
L5_TCGACCTTCGCGTCGA,CD14+ monocyte
E2L4_AAAGTGATCTTTACAC,Natural killer cell
L1_ATTGTTCCAACAAAGT,Naive CD4 T cell
E2L4_GTGGAAGCACAGTGAG,Platelet
E2L3_GTGCACGCATCTTAGG,Natural killer cell
L1_GGTGATTGTCTTTATC,CD4 memory T cell
E2L2_CTTTCGGGTAGATTAG,CD14+ monocyte
E2L5_TCGCTCACAATGGGTG,Cytotoxic T cell
E2L2_TACCGAAGTTGACGGA,Conventional dendritic cell
E2L2_AGGGCTCTCCACTGGG,Plasmacytoid dendritic cell
E2L7_GTGTGATGTAATGATG,Cytotoxic T cell
L3_TCGGGACGTCAAGTTC,Proliferating NK cell
E2L7_TGAATGCTCAGTGTTG,Naive B cell
L1_GTGCTTCAGTCATACC,Natural killer cell
E2L5_CGGGTCACACATACTG,Naive B cell
E2L6_GGATCTATCATCGCAA,Platelet
E2L5_GGAATCTCACTACCCT,Cytotoxic T cell
E2L5_TTGGTTTGTGTTCCAA,Platelet
E2L5_TAACACGTCTGTCGTC,Naive CD4 T cell
E2L3_AAAGTGACACCAGCCA,Proliferating NK cell
L3_AAAGTGAGTGAGATTA,Memory B cell
E2L8_GCACATAAGCTAGAGC,Natural killer cell
E2L4_AGGACTTCACGAGGAT,Conventional dendritic cell
E2L8_CAATCGAAGTTGGAAT,QC_filtered
L1_TTCAATCTCTCTCCGA,Natural killer cell
E2L2_CGGTCAGAGACATAAC,Cytotoxic T cell
E2L1_GATGATCAGATACCAA,Memory B cell
E2L8_CGTCAAAGTTCGGTCG,Memory B cell
E2L6_TTGTTCACAGGCCCTA,Plasma cell
E2L3_ATCATTCTCGCGTAGC,Memory B cell
E2L3_TAGACTGTCGTAGAGG,Platelet
L3_TTTGATCTCCAACACA,Plasmacytoid dendritic cell
L2_CATCCCATCGCAGATT,CD161+ memory T cell
L2_TCCTCGAAGTTACGTC,Cytotoxic T cell
E2L6_CACAACACAATTCTCT,Naive B cell
L2_CCCTGATTCCTTTGAT,Cytotoxic T cell
L5_AACGAAATCCACTGGG,Naive CD4 T cell
L4_ACCACAAGTTCGAACT,Plasmacytoid dendritic cell
L2_AGTACCATCTGTTCAT,Naive B cell
E2L6_ATTATCCCACTCTGCT,Naive B cell
E2L7_CATCCGTCATACGCAT,Natural killer cell
E2L8_CCTTTGGTCCTTTAGT,Natural killer cell
E2L6_CATAGACTCGGTCTGG,Proliferating NK cell
L4_TTGCCTGCATACTGTG,Naive B cell
E2L8_TCCATGCGTATAGGGC,Cytotoxic T cell
L2_GACATCAGTCACCGCA,Naive CD4 T cell
L3_TTTACGTGTCTGATAC,Plasma cell
L4_AAGATAGTCGCGATCG,Erythroid cell
E2L7_AATTCCTCATGCCGCA,Naive CD4 T cell
L2_GATTCTTGTCCTTAAG,Plasma cell
E2L8_TCATCCGCAGTCAGTT,Naive CD4 T cell
E2L5_AGTTAGCTCGCTAGCG,Proliferating NK cell
E2L2_AGACACTGTTAAGACA,Proliferating NK cell
L1_GTGAGCCAGGTCTTTG,CD4 memory T cell
E2L1_TATTGCTAGCCATTCA,CD161+ memory T cell
E2L2_GATAGAACATCAGTCA,CD4 memory T cell
E2L8_ACGGTCGAGGGTTTCT,Gamma delta T cell
E2L3_GTCGTTCTCGTCCATC,Conventional dendritic cell
L3_AGGAGGTCAGAGGGTT,Plasma cell
L1_AGACAGGGTGCATTAC,Naive CD4 T cell
L1_TCACGCTGTACCAGAG,Erythroid cell
E2L3_CATCCACGTAGTGGCA,Plasmacytoid dendritic cell
E2L2_GAGGGTAGTTTGAAAG,Proliferating NK cell
E2L6_TAGACTGGTCGAAGCA,Cytotoxic T cell
E2L8_CTTCTCTAGTATAGGT,Erythroid cell
L5_ACCGTTCAGCATGTTC,CLEC9A+ dendritic cell
L4_AAGACTCAGGTGCCAA,Naive CD4 T cell
E2L6_TTCCGGTCAACTCCCT,Natural killer cell
L1_GCCATTCTCATCGGGC,Naive CD4 T cell
E2L8_TGTCCTGTCAGACCGC,Cytotoxic T cell
E2L8_CAACCTCGTAACCAGG,CD4 memory T cell
L5_CCGTGAGAGATGCTAA,Plasma cell
L1_TGTGCGGTCATTACGG,QC_filtered
E2L5_CGTAAGTGTCACAGAG,Plasmacytoid dendritic cell
E2L8_CTCCCAACAGTGGGTA,GZMK+ memory T cell
L5_CGGACACGTGAGTCAG,FCGR3A+ monocyte
E2L6_TCGGATAGTCGCATTA,GZMK+ memory T cell
L3_GGAGGATGTGCGGATA,Naive B cell
E2L7_GGAATCTAGGATTCCT,QC_filtered
L1_AGCGCTGTCAGCTGAT,Plasma cell
E2L1_GTATTTCTCTTACTGT,Cytotoxic T cell
E2L4_GGCTTTCGTCGCTTAA,FCGR3A+ monocyte
L1_TAAGCACCAGAGGCTA,Proliferating NK cell
E2L8_AAGACTCGTTCTTGCC,Cytotoxic T cell
L5_CGGGACTGTAACCCTA,Proliferating NK cell
L2_GTCAAGTCACAATTCG,Hematopoietic progenitor cell
L1_GAAGTAAGTGCCCTTT,CD4 memory T cell
L4_CATGGTAGTCTACTGA,Proliferating NK cell
L5_TAGGAGGCAGAGTCAG,FCGR3A+ monocyte
L5_CAAAGAAAGAAAGCGA,Naive B cell
E2L6_CAGGCCAAGCCTCATA,CD14+ monocyte
E2L6_GCACATATCCATTGCC,Naive CD4 T cell
E2L8_GACAGCCCATGTTCAG,CD4 memory T cell
E2L2_TGTTTGTGTTTACCAG,Naive CD4 T cell
E2L4_GCACGTGCACTCATAG,CD14+ monocyte
E2L1_TCTGCCAAGCAAGTCG,CLEC9A+ dendritic cell
E2L5_TGGGCTGCAACAGAGC,Naive CD4 T cell
L2_GGGTCACCATTATGCG,Naive CD4 T cell
L1_GATTGGTGTTTACTGG,Cytotoxic T cell
L5_CTGTAGAGTATTCCTT,CD161+ memory T cell
L5_GGGTTATCACATGTTG,Naive CD4 T cell
E2L8_TTGAACGAGGATCACG,Natural killer cell
L4_GACCCTTGTAGTGTGG,FCGR3A+ monocyte
L1_CATACCCGTTCCGCTT,Naive CD4 T cell
E2L4_ATCCACCGTAGCGCCT,Cytotoxic T cell
L3_TGGAGGAGTGTTGATC,Naive CD4 T cell
L2_CATGCAACACCCAAGC,Memory B cell
E2L1_AGACACTGTGTCGCTG,CD14+ monocyte
E2L6_GTAGAAACAAGACAAT,CD4 memory T cell
E2L7_TGATCTTAGACTGTTC,CD4 memory T cell
L3_CTGGACGGTGATTAGA,Naive CD4 T cell
E2L3_GCCATGGTCGTTCTCG,Cytotoxic T cell
L4_TTCGGTCCAAATTGCC,Naive CD4 T cell
L1_CATACTTGTCATATGC,CD4 memory T cell
L2_AATCGACTCAATGCAC,FCGR3A+ monocyte
L3_ACTCTCGAGACGACTG,CD4 memory T cell
E2L6_GGGTGTCAGATTCGCT,Natural killer cell
E2L3_TTGACCCCACCATTCC,Plasmacytoid dendritic cell
E2L4_GTGATGTAGATGCTGG,Natural killer cell
E2L7_AGATGCTTCCAAAGGG,Plasmacytoid dendritic cell
L3_TTTGATCAGTCGTCTA,Naive CD4 T cell
E2L2_AGTTAGCTCTTCCGTG,Naive CD4 T cell
L2_ATCACAGAGATGCTGG,Erythroid cell
L4_CTCGAGGCAAATTGGA,Naive CD4 T cell
E2L3_TTGCGTCTCTCATTTG,CD4 memory T cell
E2L3_AGACTCAAGTGAGTTA,Naive B cell
L2_ACACCAAGTGTAGTGG,Naive CD4 T cell
L3_TCGAACACACCAAAGG,Hematopoietic progenitor cell
E2L8_TTCCAATTCACCATGA,Plasma cell
L5_GTGGCGTAGACCAGCA,CD4 memory T cell
E2L2_AAGTTCGTCGGCAGTC,Plasma cell
L3_TACGTCCCACGAGGTA,Cytotoxic T cell
L4_TGTTCCGCAAATCAGA,Naive CD4 T cell
L1_GATCACAGTACAGTAA,CD4 memory T cell
L2_GTCACTCTCACGAGGA,Naive B cell
L5_ACGATGTAGGAACGAA,CD161+ memory T cell
E2L5_ACTTCCGTCACATTGG,Naive B cell
L1_AGTGTTGAGAAGTGTT,CD161+ memory T cell
L1_GCTGCAGTCCGTTTCG,Conventional dendritic cell
E2L3_CGCATAACACTACCCT,FCGR3A+ monocyte
L1_CCCTCTCGTCATCTAG,CD4 memory T cell
E2L3_GACCTTCAGAGGGTAA,Naive CD4 T cell
E2L4_AGGATAATCTAAACGC,Memory B cell
E2L7_CATGGTATCGAGTGAG,CD14+ monocyte
L4_GGAGGATGTACCGGCT,Hematopoietic progenitor cell
E2L1_AGTGCCGAGACCCGCT,CD4 memory T cell
E2L5_TCTCTGGTCCGGACTG,Cytotoxic T cell
L5_GAGTCATAGATCGGTG,Naive CD4 T cell
L4_GGAGGATTCGGATACT,Cytotoxic T cell
E2L7_GGAAGTGAGCATACTC,Naive CD4 T cell
L1_TCACAAGTCAACTGAC,Naive CD4 T cell
L2_TAGATCGTCCCGAGGT,CD4 memory T cell
E2L5_CGTGTCTTCAGAACCT,Proliferating NK cell
E2L5_AGCGTATTCACTACTT,Cytotoxic T cell
E2L3_AAGATAGTCTGGTGCG,CD4 memory T cell
E2L3_ACGGAAGCATCGGTTA,Plasmacytoid dendritic cell
L2_GTGGCGTCACTGCTTC,FCGR3A+ monocyte
L5_ACTATCTTCCGATGTA,CD161+ memory T cell
L2_GCAACATTCTAGGCCG,Cytotoxic T cell
L5_TCACTATTCGAGTGAG,Hematopoietic progenitor cell
E2L2_TGGATGTCAGTCTCTC,Naive CD4 T cell
E2L8_AGACAAAGTCTGTGTA,CD14+ monocyte
E2L8_CTCAGAAAGAAGCTCG,QC_filtered
L2_AAAGAACAGATGGGCT,Hematopoietic progenitor cell
L2_CAATTTCGTAGGAGGG,Memory B cell
L4_TTCAATCAGGCTTCCG,QC_filtered
E2L6_GACCCTTTCGAGCCAC,CD4 memory T cell
E2L5_TAGGGTTCATGATGCT,Cytotoxic T cell
E2L1_CACACAAAGCGTACAG,FCGR3A+ monocyte
L5_CCGGACAAGCTGGTGA,Naive CD4 T cell
E2L5_CTGCATCGTCCACTCT,Proliferating NK cell
L2_CTGTACCCAGGTCAAG,Naive CD4 T cell
L2_CCTTGTGGTGGTGATG,Naive CD4 T cell
E2L4_GATCAGTCACCCAACG,CD4 memory T cell
L3_GAGTCTAAGTCACAGG,FCGR3A+ monocyte
E2L4_GGAGGATAGGAGAGTA,Naive CD4 T cell
L2_TAACTTCCACAGGATG,CD161+ memory T cell
L2_CGTGATATCCTTACCG,Natural killer cell
L1_GTCCTCACACTTTATC,Natural killer cell
L4_TTTACGTCACGGTGTC,Hematopoietic progenitor cell
L3_ACGGTTACACCTCGTT,CD14+ monocyte
E2L1_GGTGTCGGTCACTCTC,Cytotoxic T cell
L3_ACATTTCAGCATCAAA,Plasma cell
E2L4_TACACCCAGAGTCCGA,Naive CD4 T cell
E2L7_ATCCATTCACATGAAA,Plasmacytoid dendritic cell
E2L3_GTCGTTCCAGCTCTGG,Memory B cell
L5_GAACACTCATTCACAG,Proliferating NK cell
E2L5_TGTGTGATCCAACACA,Proliferating NK cell
E2L8_TCGAAGTAGTTTCGAC,Memory B cell
L5_CTTACCGGTCGTTGGC,Proliferating NK cell
L3_CGGAACCAGCTTTCCC,Naive B cell
L5_AAGCGAGTCTGGTGCG,FCGR3A+ monocyte
E2L1_CTTCCTTAGTGTGTTC,CD4 memory T cell
E2L5_GACATCATCTGGCCAG,Platelet
E2L5_TGCAGGCCAGTCGGTC,Natural killer cell
L5_CCCGAAGGTTGCATTG,FCGR3A+ monocyte
E2L5_TGCATGACAGGCGAAT,CD4 memory T cell
E2L3_ACGTAGTCAATAGTAG,Naive CD4 T cell
E2L5_GTCACGGAGGACCCAA,Memory B cell
E2L7_CTCCCTCAGTCATAGA,CD14+ monocyte
E2L6_CATTGAGCACAGCTTA,Natural killer cell
E2L1_ATCTCTATCCCTAGGG,Cytotoxic T cell
E2L6_GTTGAACCAGGAATCG,Naive CD4 T cell
E2L8_TACCTCGGTTATGTGC,Natural killer cell
L5_GTCATGAGTAGATGTA,CD4 memory T cell
L2_ATCTCTATCTGAACGT,Conventional dendritic cell
L1_ACGTAGTGTAATTAGG,Proliferating NK cell
L4_GGGTATTGTAGGTAGC,Naive CD4 T cell
E2L6_CAAGAGGAGGCGTTGA,Naive B cell
L4_CTACTATCAATAGTCC,Naive CD4 T cell
E2L5_AAACGCTGTGTCTCCT,Conventional dendritic cell
E2L5_GTTACGATCGGTAAGG,Memory B cell
E2L1_GGGAGTACATGGTACT,Naive B cell
E2L7_CAACGGCAGATGGTAT,Naive CD4 T cell
L2_TAGACCATCGCACGAC,Natural killer cell
E2L5_GAGACTTCAGGTCAGA,CD161+ memory T cell
L3_TACGGGCTCGCCTTGT,Memory B cell
E2L5_CCCTTAGTCCCTATTA,Platelet
L3_AAACCCAAGCATGAAT,Cytotoxic T cell
L4_ACAGGGACAGTAGAAT,Plasmacytoid dendritic cell
L4_GCAACCGCAGAGTTGG,Naive CD4 T cell
E2L7_TCGGGACCATAGATCC,Platelet
E2L6_AACCATGAGTCACACT,Cytotoxic T cell
E2L2_CGCAGGTAGTCATTGC,Cytotoxic T cell
E2L5_TTAGTCTCAATCAGCT,Proliferating NK cell
E2L3_TCAGTTTAGTGCGTCC,Plasma cell
L2_CTTCAATCAGCGTTGC,CD161+ memory T cell
E2L1_GTGTTAGTCACAAGAA,Memory B cell
E2L2_GGCTTTCGTTGGACTT,CD4 memory T cell
L4_CAATACGGTACAAGCG,Plasma cell
E2L8_TTACCGCTCATCTATC,Naive CD4 T cell
E2L8_CCTCTAGTCTACCAGA,CD4 memory T cell
E2L3_AGACACTAGGCTCTCG,Proliferating NK cell
L4_ACGTTCCGTGCATACT,Naive CD4 T cell
E2L4_CAGGGCTTCTCGCCTA,Plasmacytoid dendritic cell
L1_TTTGATCAGAAGTCTA,Erythroid cell
E2L3_CGCGTGACAACTTGCA,Memory B cell
E2L8_AAGGAATGTCGCATCG,Plasmacytoid dendritic cell
E2L8_ACATGCATCAACGAGG,Naive CD4 T cell
L4_TACTTCAGTTAAAGTG,Natural killer cell
E2L3_GACACGCCAAGCACAG,Cytotoxic T cell
L2_GGTCTGGCATATAGCC,CD4 memory T cell
E2L5_CTCATTAGTCATCCCT,Natural killer cell
L5_CTGCTCACACTTGAAC,Hematopoietic progenitor cell
E2L3_GGCTGTGCAAGTAGTA,Naive B cell
L5_TGGCGTGTCGTGTCAA,Memory B cell
E2L5_CTAACTTTCTAAGCCA,Cytotoxic T cell
E2L7_CAAAGAACAGCGGTTC,Proliferating NK cell
L4_TGCAGATCATGACGGA,Naive CD4 T cell
E2L8_CAAGGGATCAACGTGT,Memory B cell
L2_ACTATCTTCAGTCAGT,Memory B cell
L1_TCCGGGAGTTAGAGAT,CD14+ monocyte
L1_GAGTTGTGTCACTCGG,Naive CD4 T cell
E2L8_ATGATCGTCACTTGTT,Naive CD4 T cell
E2L1_ATCGTCCGTGTTTACG,Naive CD4 T cell
E2L4_TCAATTCGTATTGCCA,Natural killer cell
L4_TTACAGGTCTAGACCA,Memory B cell
E2L1_CCGGACAGTGGACTGA,Naive CD4 T cell
E2L3_GTGAGCCTCCAAACCA,Proliferating NK cell
E2L6_TCCTGCACAGCCCAGT,Naive B cell
L4_CGTAAGTTCTAGTCAG,CD4 memory T cell
L4_AAGCATCAGGTTCTTG,FCGR3A+ monocyte
E2L2_CTGTACCCAGTATTCG,Memory B cell
E2L7_TCTGTCGAGGCTTCCG,Cytotoxic T cell
L3_ATTACCTAGAGCCTGA,Naive CD4 T cell
L2_GTAGTACCAAACACGG,Proliferating NK cell
L3_GCGGAAACAGCTTCGG,Cytotoxic T cell
L3_TGCTGAAGTGAGTTTC,Cytotoxic T cell
E2L1_GTTGCGGTCCTTATGT,GZMK+ memory T cell
L3_TGTCCACCATAGAGGC,Natural killer cell
E2L8_TGAGCGCTCCTGTACC,Plasma cell
E2L3_AAACGCTAGTCGAAAT,CD161+ memory T cell
L4_ACTTCCGCAAAGCGTG,Natural killer cell
L3_GAGACCCTCGCGCTGA,Plasma cell
L5_AAAGGGCGTAACACCT,GZMK+ memory T cell
E2L1_TTCTCTCAGGCCGCTT,Naive CD4 T cell
L3_CATGCAATCGCTCTCA,Plasma cell
E2L3_CACTTCGTCGCGCCAA,CD14+ monocyte
E2L3_TGATCTTTCTTAGTTC,Memory B cell
E2L5_GAACTGTGTACTCCCT,Cytotoxic T cell
L5_GTTACAGTCCGAGATT,Conventional dendritic cell
L1_GTTGCTCCATTCTGTT,Natural killer cell
E2L1_AGCTACAGTGCTTCAA,CD4 memory T cell
E2L7_CTCAATTGTCAAGCGA,FCGR3A+ monocyte
L5_GATTCGACACACACTA,CD4 memory T cell
E2L4_GACTTCCTCCACCTCA,CD161+ memory T cell
L3_AATGGCTAGAAGCCAC,Naive CD4 T cell
L1_TAATTCCCAAACAGGC,Cytotoxic T cell
L3_TGCATCCAGCGCCTCA,FCGR3A+ monocyte
L5_ACAGCCGAGAATAGTC,Proliferating NK cell
E2L5_CCCTTAGTCACTGAAC,Naive CD4 T cell
E2L6_ATTACTCTCTTACCAT,FCGR3A+ monocyte
L5_CTCATTACATAATCCG,CD161+ memory T cell
E2L7_TGCGACGTCGCCTTTG,Proliferating NK cell
E2L1_CGGAGAAAGTCCTGTA,Platelet
L1_AACAACCTCCATCTAT,Naive CD4 T cell
L5_GGGTTATAGGGCTTCC,FCGR3A+ monocyte
E2L3_GCCATGGCATAAGCAA,Cytotoxic T cell
L2_TACCCACGTTGCTTGA,CD4 memory T cell
E2L6_TAAGCGTAGTAGTCTC,Naive CD4 T cell
E2L6_GAGTCTAGTACAGCGA,Natural killer cell
L2_CATTCATCAAACTCTG,CD4 memory T cell
L2_TCACGCTTCAAAGACA,Cytotoxic T cell
L1_CTGGACGGTGCTCCGA,Naive CD4 T cell
L5_ACAGAAAGTTACACAC,Naive CD4 T cell
L2_GTGCTTCAGTAAGAGG,CD4 memory T cell
L3_CTGGACGCACAGCCAC,Naive B cell
E2L4_TCCTTTCCATCGAAGG,CD14+ monocyte
L5_TATATCCGTGTGTGTT,Conventional dendritic cell
L4_ATTACTCCAACAAGTA,Platelet
E2L3_AGTTAGCTCCTTCAGC,Naive CD4 T cell
E2L8_TCGTGCTTCAAGTAAG,Memory B cell
L4_TCACACCGTGGACTGA,Memory B cell
L5_TGGAGAGAGATCACCT,Proliferating NK cell
E2L7_ATACCTTGTCTTTATC,CD4 memory T cell
L5_TGAGGTTCAGGCAATG,CD14+ monocyte
E2L8_GGAGGTAGTACCACGC,Memory B cell
L3_TCACTATGTGCGTCGT,Naive CD4 T cell
L5_CTAGGTAGTTGTGGAG,Proliferating NK cell
E2L8_CACTGGGTCCGGACGT,Proliferating NK cell
E2L6_GTCACGGCACCAGCTG,Conventional dendritic cell
E2L2_ATTCTACTCAGGAACG,Platelet
E2L4_GATGCTATCGTTCATT,Gamma delta T cell
L5_AGATAGAAGCGACATG,CD14+ monocyte
E2L1_CACGTGGAGCTAGATA,Naive CD4 T cell
L4_TGATTTCGTACCGGCT,GZMK+ memory T cell
E2L5_TGTAAGCCACTTACAG,Memory B cell
E2L2_GTGAGGAAGAATACAC,Natural killer cell
L2_CTCTGGTTCCATTCGC,Hematopoietic progenitor cell
E2L5_GTTAGACTCAGCTTCC,Memory B cell
L3_TTCGCTGTCGAACGGA,QC_filtered
E2L8_TGTCCACAGTGAGTGC,Memory B cell
L5_GTTTGGACAGGCATTT,Cytotoxic T cell
L1_CATTGAGAGAGCCCAA,Naive CD4 T cell
E2L8_GAGTTTGAGAGGGCGA,CD4 memory T cell
E2L5_TTGGGCGAGAAGCTCG,Naive CD4 T cell
E2L1_CTGTATTAGCCTCTTC,Cytotoxic T cell
E2L7_CACATGACATGATGCT,Plasmacytoid dendritic cell
L1_TTCGATTCATGTTCGA,CD161+ memory T cell
L4_GTCCACTAGCATGCGA,Naive CD4 T cell
L4_CTGCCATCACCACTGG,CD4 memory T cell
L4_GTGCAGCTCGTGGGAA,Proliferating NK cell
E2L8_CCGTAGGAGTTGGAAT,Cytotoxic T cell
L3_TGCTCCAGTGGTGATG,GZMK+ memory T cell
E2L2_GATTCGAAGGTCATCT,Naive CD4 T cell
E2L3_TTCTTGAGTCTAGGTT,Naive B cell
E2L7_GATGTTGCAAGCGCAA,Proliferating NK cell
L4_TCGCACTCATAGCACT,Conventional dendritic cell
L1_ATCGTCCGTAACTAAG,CD161+ memory T cell
E2L5_TCGTCCATCATCGCCT,Cytotoxic T cell
L4_AGGCTGCAGTGCCCGT,Hematopoietic progenitor cell
L2_CGACAGCAGACTCCGC,CD4 memory T cell
E2L7_CAACCTCGTACCCACG,Naive CD4 T cell
E2L7_AGTCTCCCAGAACTCT,Natural killer cell
L4_GTAATGCCAGAGTTGG,Memory B cell
E2L4_AAGTCGTTCTGACAGT,Proliferating NK cell
L2_GCTGGGTAGGTAGATT,GZMK+ memory T cell
E2L2_TTCCACGGTGTTAGCT,Naive B cell
E2L7_TCGAAGTTCCAACTGA,FCGR3A+ monocyte
L5_GACGCTGAGAGTCAGC,Memory B cell
E2L7_TCCCACAGTTGTCTAG,Naive CD4 T cell
E2L2_ACTGTCCGTATTGAGA,FCGR3A+ monocyte
E2L7_ACTTATCAGGCACGAT,Naive B cell
E2L7_GGAGGTATCCGATAAC,Conventional dendritic cell
E2L5_GATCACAGTTTGTTCT,Memory B cell
L5_AATCACGGTCGTACAT,CD4 memory T cell
E2L6_TTGTTCACAAGAAATC,Proliferating NK cell
E2L3_CGAATTGCACGTAGTT,Cytotoxic T cell
E2L7_CACGGGTAGCACCGTC,Conventional dendritic cell
E2L1_CTACAGAAGACGGAAA,CD4 memory T cell
L3_TTGTGTTGTTCGGCGT,CD161+ memory T cell
E2L4_GCAACATCATTCACCC,Memory B cell
L1_GAGTGTTCAGAGAATT,Plasmacytoid dendritic cell
E2L4_AGAAGCGGTACGTGTT,Naive B cell
E2L1_GTAAGTCTCCTTATCA,CD4 memory T cell
L4_TCCGAAAAGGAGAGGC,FCGR3A+ monocyte
L5_TTTCATGAGAGCCGAT,Cytotoxic T cell
E2L7_CGATGCGCAATCCTAG,CD4 memory T cell
L5_GGTGAAGCACTGCATA,CD161+ memory T cell
E2L7_AACGAAACACATCATG,CD4 memory T cell
L1_AGGACTTAGCCGGATA,Cytotoxic T cell
L5_GTAACACGTTCTCCTG,Cytotoxic T cell
L2_ACGATCATCATTCGGA,Naive CD4 T cell
L1_GACACGCGTTGCTAGT,Naive CD4 T cell
E2L4_ACATCCCGTGCCGAAA,Gamma delta T cell
L3_GCCAGCATCCTTATCA,CD161+ memory T cell
E2L6_TTTCCTCGTGATACAA,Naive CD4 T cell
E2L7_GAATAGAAGTTGTCGT,Proliferating NK cell
E2L3_ATGGATCGTGTTGATC,Proliferating NK cell
E2L7_GTTAGTGAGTAGACCG,Naive CD4 T cell
L2_TTCGCTGTCTTACGTT,Conventional dendritic cell
E2L1_AGAACCTAGCTAGATA,CD161+ memory T cell
E2L5_TTACCATAGAGAGTGA,Conventional dendritic cell
L2_CGCATGGTCTACTGCC,Cytotoxic T cell
L2_AGCTCAAAGTAAACGT,Natural killer cell
L4_TCAGTCCCATTGTACG,CD161+ memory T cell
E2L7_ATTGTTCAGACGTCGA,Naive CD4 T cell
E2L1_ATCCCTGAGGGATGTC,Plasmacytoid dendritic cell
E2L2_CCCTGATAGTCATCCA,Platelet
L1_ACCCTCACAAATCAAG,CD4 memory T cell
E2L3_AATCACGTCTTAGCCC,Naive CD4 T cell
E2L5_CCACACTCAGCAGTAG,CD4 memory T cell
E2L1_GTTCATTAGGGAGAAT,Naive CD4 T cell
E2L4_TTGAACGCACTGTCCT,CD4 memory T cell
E2L2_CTGCTCACACTCCGAG,Conventional dendritic cell
E2L3_ATTTCACGTTCCACGG,Cytotoxic T cell
L1_ACTCCCACAACAAGTA,Naive CD4 T cell
L1_AGGATAACAACTCCAA,Hematopoietic progenitor cell
E2L2_TGTGATGTCCATTTAC,Platelet
L1_TGGAACTAGGGTCTTT,Memory B cell
L2_ACCATTTGTCCCAAAT,CLEC9A+ dendritic cell
E2L2_CCACGAGGTAGCCAGA,Proliferating NK cell
L2_CTCAGGGTCTCGGCTT,Natural killer cell
L3_AGCATCAAGCTACGTT,Naive CD4 T cell
L5_ATCACTTCAGCGATTT,Plasma cell
E2L8_CGAGTTAAGCTCCATA,Conventional dendritic cell
E2L7_GCAGCTGCATACCGTA,Memory B cell
L4_TCCACGTTCCCAAGTA,Natural killer cell
L2_CAACCTCCAATAACCC,CD14+ monocyte
L1_ATCGTAGCACGCGCAT,Cytotoxic T cell
E2L5_CTTGATTCAGCGTACC,Proliferating NK cell
L4_TCCTTCTAGCCAACCC,Platelet
L3_CGAAGTTTCTCGGTCT,Proliferating NK cell
E2L8_ACAGCCGTCTACTTCA,Cytotoxic T cell
L1_TGGGCTGCAGAAGCGT,CD4 memory T cell
L4_AACCTGAGTACCGTCG,Plasmacytoid dendritic cell
E2L4_TCTTGCGAGTCCTGTA,Memory B cell
L1_TGGAACTGTACCCGAC,Cytotoxic T cell
E2L7_CATACCCAGATGGCAC,CD4 memory T cell
L2_GTCCACTGTAGCTCGC,Naive CD4 T cell
E2L8_TCTACCGTCATACGAC,Cytotoxic T cell
E2L5_TATCGCCAGAATTTGG,CD161+ memory T cell
L4_TCTGCCAGTAGCTGAG,Cytotoxic T cell
E2L5_GAGAGGTCACGGCGTT,Naive CD4 T cell
L5_CTACTATGTTGTGTAC,FCGR3A+ monocyte
L5_TACATTCGTGCGAACA,CD14+ monocyte
L4_GGTTGTAAGCGAGTAC,Memory B cell
E2L8_GACTCTCCAATCTCGA,Naive CD4 T cell
E2L6_CACTGGGCACAAAGCG,QC_filtered
E2L6_ACCCTTGGTCTCCTGT,QC_filtered
L3_CTGTCGTGTTTGCAGT,Plasma cell
E2L2_GCCATGGTCTCGTTTA,Cytotoxic T cell
E2L3_TTACCGCCAGCGGTTC,Cytotoxic T cell
E2L4_GATTCTTCAGGGAGAG,Memory B cell
L1_GTGGCGTGTGCTTCAA,CD161+ memory T cell
L1_CGCATGGAGGCATGCA,Platelet
L5_TCCTTCTAGTAAGACT,Natural killer cell
E2L3_TGTCCCATCCAACTGA,Plasmacytoid dendritic cell
E2L1_GAGCTGCTCAATCAGC,Memory B cell
L5_GCCATGGTCTCTCCGA,Cytotoxic T cell
L2_GTGGCGTCAGGTATGG,Hematopoietic progenitor cell
L5_CAGTGCGGTATCAGCT,Proliferating NK cell
E2L6_ATAGAGATCACGACTA,CD4 memory T cell
L4_TAAGCCAAGGTCACAG,Cytotoxic T cell
E2L3_GTCTCACAGTCGGCAA,Cytotoxic T cell
E2L3_CCTCTAGGTCGCATGC,Proliferating NK cell
E2L3_CATAGACTCCTAAGTG,Naive CD4 T cell
E2L6_CTCACTGTCTCGCTTG,Cytotoxic T cell
E2L7_TTACGCCGTCCTTGTC,Natural killer cell
L2_AGGATCTCAGAAACCG,CD4 memory T cell
E2L4_TCAATCTGTATCGAGG,Hematopoietic progenitor cell
L2_TTAGGGTTCGAACGCC,Gamma delta T cell
E2L8_TCGAACAGTGAAAGTT,Memory B cell
E2L4_ATTTACCAGATCCCAT,Cytotoxic T cell
E2L6_CTTCTCTGTGACACGA,Natural killer cell
L2_ATAGAGAAGATAGTGT,CD4 memory T cell
E2L7_CAACAGTGTTCTCAGA,CD14+ monocyte
E2L8_GACACGCTCGATCCAA,QC_filtered
E2L5_AAGCCATTCCGCTGTT,Proliferating NK cell
E2L4_TCATGCCTCACGTAGT,CD14+ monocyte
E2L8_TAACCAGCATCGTCCT,QC_filtered
E2L2_AGGTAGGGTGTAAACA,Naive CD4 T cell
L1_ATTTCACGTTGACTGT,Natural killer cell
E2L4_AACCCAAGTAGGTACG,Memory B cell
E2L6_TCATCATAGACGGATC,CD4 memory T cell
E2L5_AAGTCGTTCGTAGTCA,Cytotoxic T cell
E2L2_ACCATTTAGCCATTTG,Platelet
L3_CGACAGCAGTTACGAA,Naive CD4 T cell
E2L6_CTATAGGAGGACGCTA,Platelet
E2L1_CAGATTGGTCAGGTAG,Conventional dendritic cell
L4_TATTCCACATGACGGA,Conventional dendritic cell
L5_AGACTCATCCCTAGGG,Proliferating NK cell
L2_TGGAGGAAGCAACAAT,Naive B cell
E2L5_ACCCAAAGTTCTCGTC,Gamma delta T cell
L1_GTGAGGACACGTCGGT,Naive CD4 T cell
L5_CGGGTCAGTCTTGCGG,Erythroid cell
E2L4_TCTGGCTAGGCGTCCT,CD4 memory T cell
E2L6_TGCGATAGTCCCAAAT,Naive CD4 T cell
E2L4_CCTTCAGAGATAGCTA,CD4 memory T cell
L2_CACCGTTTCGATTGGT,Natural killer cell
E2L6_TTACGTTAGAGCCGTA,Platelet
L1_TTGGGCGTCCCTGGTT,CD4 memory T cell
L1_TTGCGTCCAACTTGCA,Proliferating NK cell
E2L7_CCCTGATGTAGGGAGG,CD4 memory T cell
E2L1_CAGTGCGTCTACGCAA,FCGR3A+ monocyte
L4_CATTTCAAGGGATCTG,Naive CD4 T cell
E2L6_TCCATGCTCGCCAGAC,Cytotoxic T cell
L2_AAACCCACAGAGTCAG,Naive CD4 T cell
E2L1_TTGCATTCATACTGAC,Memory B cell
L2_CCCATTGGTGGGTATG,Platelet
L2_CAAGCTATCGAAATCC,Naive CD4 T cell
L1_GAGGCCTCACCTTCCA,CD14+ monocyte
E2L3_TACCGAATCCATCGTC,Naive CD4 T cell
E2L8_TTCCTCTTCTTGGATG,Natural killer cell
E2L5_CTGTACCTCAATCTTC,CD161+ memory T cell
E2L7_TTTGACTAGAGGTCAC,Natural killer cell
E2L3_GTATTTCCAGTTCACA,Plasmacytoid dendritic cell
E2L4_AGCGTATTCCAGTTCC,Natural killer cell
E2L1_TTACTGTAGTTTCTTC,Naive CD4 T cell
E2L6_TCAGGTAAGAGAGGGC,Plasma cell
L5_CATAAGCTCCCGAGGT,Naive CD4 T cell
L1_GTCAAGTCAGACCATT,CD4 memory T cell
L1_TCCGGGAGTCAGATTC,Naive CD4 T cell
L4_CGGGTGTTCTCATGCC,Naive CD4 T cell
E2L7_ACTTAGGTCTCAGGCG,Cytotoxic T cell
E2L6_TTCTGTACATACCATG,Memory B cell
E2L3_GGGCGTTGTCCGCAGT,CD4 memory T cell
E2L1_TGCAGTACACTTACAG,Naive CD4 T cell
L2_ACTATCTGTCGCAGTC,CD4 memory T cell
E2L8_TGTTGAGTCTACCAGA,Proliferating NK cell
E2L8_TTCTTGACAAGAGCTG,CD4 memory T cell
E2L5_GATCGTATCAAGCCCG,Cytotoxic T cell
E2L8_AAGCATCGTTTCGACA,Platelet
E2L2_TCTACATTCCCTCTAG,QC_filtered
L1_TTCCAATCATTGACAC,CD4 memory T cell
L2_CACTTCGAGACTAAGT,Platelet
L3_AAAGGGCGTCAGACGA,Hematopoietic progenitor cell
L1_ATTACCTGTGCTCTTC,Memory B cell
E2L8_CACCAAATCAGACATC,Cytotoxic T cell
E2L4_CAGTTAGAGTAAGACT,Naive CD4 T cell
E2L8_GTGAGTTGTAGTGTGG,Memory B cell
L5_GCAACATTCGGTGCAC,Conventional dendritic cell
E2L4_GGGACTCCAGTAGTGG,Platelet
E2L7_TACTTACGTGCCGTAC,Proliferating NK cell
E2L8_GTGGGAAAGGTAGTCG,Memory B cell
E2L8_CACTGGGCATCTAGAC,CD4 memory T cell
E2L8_GCTGCAGGTGTAAACA,Memory B cell
L4_AAGTTCGCAAGCACCC,Proliferating NK cell
E2L2_TTGTTTGGTTGTTGTG,Naive CD4 T cell
L5_CCTAAGAAGCACTAAA,Memory B cell
L5_CCGAACGCACTTCAAG,Naive CD4 T cell
E2L2_ATCACGACAGCCATTA,Natural killer cell
E2L1_TCACACCCACAACCGC,CD161+ memory T cell
L1_CCCTGATTCAGTCAGT,Erythroid cell
E2L8_TACTGCCCACTATCGA,Cytotoxic T cell
E2L3_TACGTCCGTTGTTGTG,Natural killer cell
L1_GGGTCACTCGATTTCT,Hematopoietic progenitor cell
E2L1_CGATGGCGTGTGCTTA,Conventional dendritic cell
E2L7_TTGGGTAGTTCATCGA,Proliferating NK cell
L4_ATTGTTCTCGTAGCCG,GZMK+ memory T cell
E2L5_TCATGAGTCTCCGATC,FCGR3A+ monocyte
L4_CTTCAATAGCATGGGT,Conventional dendritic cell
E2L6_TGTTCATTCATGAGGG,Proliferating NK cell
E2L2_GAGTGTTAGGTCACAG,Natural killer cell
E2L5_TCAGTCCAGGCCATAG,Naive B cell
L2_CCCAACTCAAGTCATC,Cytotoxic T cell
E2L7_ACACTGATCACTGATG,Naive B cell
E2L5_GAGCCTGGTTGCTCAA,CD4 memory T cell
L5_TTGACCCCAGTGTGCC,Memory B cell
E2L4_ACTTTGTTCCACAGGC,Memory B cell
E2L5_GGGTGAATCCAACCAA,Cytotoxic T cell
L1_TGTAACGTCCACGAAT,Naive CD4 T cell
L3_CATTTCAGTGCCTGAC,Natural killer cell
E2L6_AGTACTGCAGCAGTTT,CD4 memory T cell
E2L2_GAGGGTAAGGCCTAAG,QC_filtered
E2L8_GGCTTGGTCACCCTTG,Cytotoxic T cell
L5_ATTCCCGCATATACCG,Cytotoxic T cell
L1_TGCAGATCAGTTCACA,Cytotoxic T cell
E2L2_TATATCCTCTTCACAT,Naive CD4 T cell
E2L6_CATGAGTTCTTGTGCC,Cytotoxic T cell
E2L2_TACCGAAGTCAGGCAA,Naive CD4 T cell
E2L4_CGAGGCTCAGTGTGCC,Natural killer cell
E2L7_GACACGCAGTGCACCC,Memory B cell
E2L6_TTTCACACATCATTGG,CD14+ monocyte
E2L2_CGTAAGTAGCGAACTG,Memory B cell
L1_TGTTGGAAGTCGCGAA,Hematopoietic progenitor cell
E2L4_ACAAGCTGTGCCGAAA,Conventional dendritic cell
L5_CACAGATTCACTTGTT,Memory B cell
L4_TATCTGTTCATCCTAT,Naive CD4 T cell
E2L5_ACGCACGAGTTTCAGC,Naive B cell
E2L7_GTCGTAATCACTCCGT,CD4 memory T cell
L4_GACTTCCTCAGTCCGG,Hematopoietic progenitor cell
E2L2_AACCATGAGAGCTTTC,Proliferating NK cell
E2L2_TGATTCTAGTGAGGTC,Conventional dendritic cell
L3_TTACAGGAGATAGCAT,Platelet
E2L5_TCATATCCAACCAATC,Cytotoxic T cell
L2_CCTCATGGTCCACGCA,CLEC9A+ dendritic cell
E2L2_AACCATGGTCTAGGCC,CD4 memory T cell
E2L3_CGTTCTGCAATAGAGT,Naive CD4 T cell
L3_TATTTCGAGTTGAAGT,Natural killer cell
L5_AACCAACTCGGAAGGT,CD4 memory T cell
E2L2_GAGTTTGAGGAGATAG,Naive B cell
E2L6_AGAAGTAGTCGGAAAC,Naive CD4 T cell
L4_ATGGGAGTCGGTGTTA,Natural killer cell
E2L4_GGGCGTTAGATTGTGA,QC_filtered
E2L8_AGACACTAGTTTAGGA,CD4 memory T cell
L5_TTCACCGCACAGAGCA,CD161+ memory T cell
L2_ACAAGCTGTTCAATCG,Naive CD4 T cell
E2L2_ATCGATGCAGATACTC,QC_filtered
L5_TGTAACGTCAGACCTA,Naive CD4 T cell
L2_ACTTATCAGGTTAGTA,CLEC9A+ dendritic cell
L2_GCATGATCACTATCCC,Naive CD4 T cell
L1_AAGTTCGCAGGTGTTT,CD4 memory T cell
L5_GACGCTGTCACCTGTC,Naive CD4 T cell
E2L8_GCCATTCGTCCCGCAA,CD161+ memory T cell
L5_GCTACAACACCGTGGT,Conventional dendritic cell
L3_AGCCACGAGAGTCTTC,Cytotoxic T cell
E2L1_ATTTCTGTCCAGTACA,FCGR3A+ monocyte
E2L2_TCCCACAAGCTAGATA,CD4 memory T cell
L2_GCCATTCTCAACCGAT,Cytotoxic T cell
E2L2_GATTTCTGTCTGTGAT,GZMK+ memory T cell
E2L7_TCGCACTTCACTTCTA,Conventional dendritic cell
E2L2_CGGCAGTTCTTCCGTG,Plasmacytoid dendritic cell
E2L2_GTCATCCTCGTAGAGG,Conventional dendritic cell
L4_GTCATCCTCATTCCTA,Naive CD4 T cell
L4_ATCGGATTCTTGGTGA,Proliferating NK cell
E2L8_TTCTAGTTCAGTCATG,Cytotoxic T cell
E2L1_TCTGCCATCAGGTGTT,Cytotoxic T cell
L4_CTACTATAGCCTATTG,GZMK+ memory T cell
E2L3_CCGTGAGCAACCAGAG,FCGR3A+ monocyte
E2L5_TCAGCAATCGTTAGTG,Hematopoietic progenitor cell
E2L3_TTCTTGAGTTTCCCAC,Cytotoxic T cell
E2L5_CTCCGATCAAATGGCG,Memory B cell
E2L7_CGTTGGGCAGAAGTGC,Erythroid cell
E2L4_ACCAAACGTCATCCCT,Conventional dendritic cell
L2_CCGAACGGTACTGCGC,CD161+ memory T cell
L1_AGACAAAGTTCCTAGA,Naive CD4 T cell
E2L6_TCAGCAAGTGACTGAG,Proliferating NK cell
E2L3_GTTTGGACACGCTGAC,Cytotoxic T cell
L3_CTAAGTGAGCGACCCT,Naive CD4 T cell
L5_TGGGATTAGCTTCTAG,FCGR3A+ monocyte
L5_CGGAACCCAAGTGGAC,Naive CD4 T cell
E2L4_ACGGTCGTCGAGATAA,Platelet
L3_TACATTCTCCTTCGAC,Hematopoietic progenitor cell
L2_TTTATGCAGGGCTGAT,Memory B cell
L3_GTGCTTCCACGGTAGA,Hematopoietic progenitor cell
E2L7_CCCATTGAGCTACGTT,Plasmacytoid dendritic cell
L1_GTCTAGATCTCAGTCC,Hematopoietic progenitor cell
E2L2_TCCCACAGTTGGTAGG,Proliferating NK cell
L1_TAACTTCAGCTCAGAG,Memory B cell
L1_TCTATCACATTCGATG,GZMK+ memory T cell
E2L1_AAGTGAATCCGTGACG,Cytotoxic T cell
L1_AATGACCAGTTGAAAC,Conventional dendritic cell
L1_CCACGTTTCATTGCTT,Hematopoietic progenitor cell
E2L5_CTGCAGGGTATTCTCT,QC_filtered
L2_TTCCGGTCATAATGCC,Naive CD4 T cell
E2L7_TACGGGCGTAACATCC,Memory B cell
E2L5_ACACCAATCTTAGTTC,CLEC9A+ dendritic cell
E2L1_ATCGCCTAGATAGCAT,FCGR3A+ monocyte
E2L6_CGTCCATTCTAACGGT,Naive CD4 T cell
E2L5_ATGCCTCAGGGATCTG,Memory B cell
E2L7_GTTGTGATCCGTACGG,CD4 memory T cell
L4_GATCATGAGATACGAT,CD14+ monocyte
L3_TCGAAGTTCAGTGCGC,CD161+ memory T cell
L3_TTGGGTAAGAAATGGG,Naive CD4 T cell
E2L5_CTTCGGTTCTGACGCG,Naive B cell
E2L2_CGGGTGTAGGGACACT,CD4 memory T cell
E2L6_GATCAGTTCGCCGAAC,Natural killer cell
L1_GCGTTTCCAGCGTAGA,Platelet
L3_TACCTCGCACTCAGAT,Naive CD4 T cell
E2L3_CCTCCAAAGGGACTGT,Natural killer cell
E2L5_GAAGGACAGTATTAGG,Cytotoxic T cell
L3_ATTCGTTAGTTCATCG,FCGR3A+ monocyte
E2L3_GAGTCTAGTGTACGCC,Plasma cell
E2L7_GACTGATCAAACACCT,Plasmacytoid dendritic cell
L3_CCATCACAGACATAGT,Memory B cell
L4_TCCTTTCAGCCTGTCG,CD161+ memory T cell
E2L2_GGTAGAGTCCTTTGAT,Memory B cell
E2L8_TCATCATGTAGCCCTG,CD14+ monocyte
E2L4_ACTATGGGTCAAAGTA,Cytotoxic T cell
E2L2_GGAATGGTCACCGCTT,Proliferating NK cell
E2L7_ACGATGTCACGCACCA,Naive B cell
L4_GTAGAGGTCAACTACG,Cytotoxic T cell
L2_CACTAAGAGAAGAGCA,Cytotoxic T cell
E2L3_CTGCGAGGTCCGACGT,Cytotoxic T cell
L3_ATTGTTCCATCGCCTT,GZMK+ memory T cell
L1_TGCGACGAGTCTGCGC,CD4 memory T cell
E2L7_TGCAGGCCACCCAATA,Conventional dendritic cell
E2L2_TCGGGTGCATGCTGCG,Naive CD4 T cell
L2_TGCGGGTCACCCTCTA,Conventional dendritic cell
L4_GGAGGTAAGTCCCAGC,Proliferating NK cell
L3_AGTACCACAGTAGAGC,GZMK+ memory T cell
L3_GTCTGTCCATGTCAGT,Natural killer cell
E2L8_GTCAGCGAGCAGATAT,Naive CD4 T cell
L2_AAACCCAAGCCTGGAA,Natural killer cell
E2L3_CTATCCGTCATTGCTT,Naive CD4 T cell
E2L5_ATTATCCCAGCGTAGA,Cytotoxic T cell
L2_GGGACAACACAAAGTA,Proliferating NK cell
L3_GTCTGTCCACATCATG,FCGR3A+ monocyte
L3_AGGTTACAGGACAAGA,Naive CD4 T cell
E2L1_TCCTTCTGTTCTCCCA,Natural killer cell
L2_CCCTTAGCAACTGCCG,Cytotoxic T cell
L5_CATACCCAGGCACGAT,Cytotoxic T cell
L2_GAGAAATCAGTTCACA,Platelet
E2L7_GGTCACGCAGTTGAAA,Gamma delta T cell
L2_ACGGTTAAGAAGTCAT,Proliferating NK cell
E2L1_TGTCCCACAGCTGAAG,Cytotoxic T cell
E2L8_AGTCTCCTCAACGTGT,Platelet
E2L5_ACAAGCTTCCTACCGT,CD14+ monocyte
L1_ACCTGAAAGCATCAAA,Naive CD4 T cell
L1_TTATTGCAGTGGATTA,FCGR3A+ monocyte
L2_CCACGTTGTCTACAAC,Proliferating NK cell
L5_CTGCGAGCACCGCTGA,Conventional dendritic cell
E2L8_ACACGCGGTGGACTAG,Naive B cell
L1_CGCGTGACAGCACCCA,Naive CD4 T cell
E2L6_ACACTGAAGAAATTCG,Naive CD4 T cell
L1_CACCAAACATAATCGC,Conventional dendritic cell
L4_GATGACTCAAGTTCGT,Proliferating NK cell
E2L6_TGGGCGTTCGTCCATC,CD161+ memory T cell
L2_ACATTTCAGACTACCT,Cytotoxic T cell
E2L3_AAACGAATCATTTGCT,Proliferating NK cell
L2_ATTTCACTCGTTGTTT,Memory B cell
E2L7_CATAGACAGGAACATT,Natural killer cell
L5_TGCTCCACATCGCCTT,Naive CD4 T cell
L2_TGCACGGTCTGCATGA,Gamma delta T cell
L2_TTTGGAGCAATCTCGA,Natural killer cell
E2L8_TCCAGAACAACCGTAT,Naive B cell
L1_TGCGACGCATCCGCGA,FCGR3A+ monocyte
L4_CGGGCATCAGCGTTTA,QC_filtered
E2L4_TACCCGTGTGATATAG,Naive CD4 T cell
E2L4_TACCCACTCGCGGTAC,Plasmacytoid dendritic cell
E2L1_TAGGTACCAGTCGAGA,Cytotoxic T cell
L1_CTACATTGTGAGATAT,Plasma cell
L2_GCAGGCTCATCAGTGT,Cytotoxic T cell
L5_GCCGATGCACAACCGC,CD14+ monocyte
L4_TAGACTGTCAAACGTC,CD161+ memory T cell
L3_TACCCGTAGAACGCGT,Plasma cell
L3_GTACAGTGTGCTGTCG,Naive B cell
E2L7_AAGCCATGTAACGATA,Cytotoxic T cell
E2L3_ATCCACCCATCATCCC,Natural killer cell
E2L1_ACGATCAAGGTTCTAC,Naive CD4 T cell
E2L2_ACAAAGAAGTTCCGTA,CLEC9A+ dendritic cell
L2_TCGACCTCACAATGCT,Naive B cell
L3_TGTAAGCAGCTGCGAA,Naive CD4 T cell
E2L6_ATCGTGAGTTGAGGAC,CD14+ monocyte
E2L6_ATGAGTCTCTGAGGCC,Naive CD4 T cell
L1_AAACGCTAGGTCGTCC,Cytotoxic T cell
L5_GGTGGCTCAATTGTGC,CD161+ memory T cell
E2L1_TCGCTCATCGGACAAG,Proliferating NK cell
E2L6_TGTTCATTCTACCACC,Cytotoxic T cell
L3_ACTACGACAGAGCGTA,Memory B cell
E2L6_ATCCGTCTCGGATTAC,Memory B cell
L3_GTCATGAGTGTTCAGT,Naive CD4 T cell
L1_TAAGCACTCATCTGTT,Hematopoietic progenitor cell
E2L3_GTAGTACAGAAGAACG,Memory B cell
E2L2_AGACAAACACTCAGAT,CD4 memory T cell
E2L5_ACCTGAAAGGTATCTC,GZMK+ memory T cell
E2L8_GGGTGAATCCAGCTCT,Plasmacytoid dendritic cell
E2L4_TTGGATGCACTGCATA,CD161+ memory T cell
L2_AGACACTGTGTTAGCT,QC_filtered
E2L5_CCCATTGGTCGATGCC,CD161+ memory T cell
L1_AACAAAGCATATCTGG,GZMK+ memory T cell
E2L3_ATCACAGTCCTGCTAC,CD14+ monocyte
L2_TGCATCCCACGTCTCT,CD14+ monocyte
E2L5_CACGTTCCAGCGGATA,Proliferating NK cell
E2L7_AGTGTTGTCGGCTGGT,Plasmacytoid dendritic cell
E2L6_GTAAGTCCATGACTTG,Natural killer cell
E2L1_TGATGGTCAAGTTCGT,Gamma delta T cell
E2L4_TACTGCCTCCAATCCC,Conventional dendritic cell
E2L8_TGACGCGCATTCCTAT,CD14+ monocyte
E2L1_CTACGGGCAAGACGAC,Naive B cell
L4_GGGAAGTTCACCGGGT,Hematopoietic progenitor cell
L3_CTAACTTGTTTAAGGA,CD14+ monocyte
E2L7_TGACCCTGTACTGACT,Cytotoxic T cell
E2L7_GTGTTCCCATCTGCGG,CLEC9A+ dendritic cell
E2L1_TGAGGTTAGTTGTCAC,CD4 memory T cell
E2L3_ATACTTCGTCGCACGT,Naive CD4 T cell
L4_AGAAGTAAGTGCAGGT,Plasma cell
E2L4_AGGAATATCAGGAAGC,FCGR3A+ monocyte
E2L2_TTTACGTGTGGACTAG,Plasmacytoid dendritic cell
L4_CGAAGTTCAATCCTAG,Memory B cell
L4_TCATTACTCATAGGCT,Cytotoxic T cell
E2L3_TTTGGAGAGACGAAGA,Conventional dendritic cell
L2_GAGGGTATCCAGCAAT,Hematopoietic progenitor cell
E2L4_AAGCGAGTCAGCATTG,Cytotoxic T cell
L5_TTTCACAGTCCTGGGT,Plasmacytoid dendritic cell
L4_GCAACCGAGTTCCAGT,Hematopoietic progenitor cell
L5_GTTAGTGAGAGGCTGT,CD4 memory T cell
E2L6_TCACTCGCACTGCGAC,Proliferating NK cell
E2L1_GATGAGGTCACTTTGT,Platelet
E2L5_CAACAACCACATACGT,Memory B cell
L2_ACTTAGGGTCAGTCTA,CD4 memory T cell
L2_CCGGACAAGTAGGTTA,FCGR3A+ monocyte
L1_ACTCTCGAGCATGCAG,CD4 memory T cell
L4_ACCCTCATCACCGGGT,CD4 memory T cell
L3_GGTAACTAGGATTCAA,CD14+ monocyte
L4_GGACGTCCATGACCCG,Cytotoxic T cell
E2L3_CGGAACCAGAGCGACT,CD161+ memory T cell
E2L6_TCCCACAAGACATACA,Cytotoxic T cell
L1_TCATCCGAGTCGCGAA,Erythroid cell
E2L8_CATGAGTGTTACTCAG,Conventional dendritic cell
L5_TCGACCTCATCACAGT,Cytotoxic T cell
E2L8_ATCGATGTCCGACGGT,FCGR3A+ monocyte
L5_AAATGGATCTAGTACG,CD14+ monocyte
E2L6_AGGAGGTGTCTAATCG,Plasmacytoid dendritic cell
L5_ACCCTCAAGAGGCGTT,Hematopoietic progenitor cell
L4_ATCGTCCTCAGCACCG,Naive CD4 T cell
E2L8_GTTGCTCCAGAACGCA,Memory B cell
E2L2_ACCATTTGTATTCTCT,Naive CD4 T cell
L5_TATTCCATCTTTCTAG,CLEC9A+ dendritic cell
E2L6_ACTGTGAAGAGTTCGG,Conventional dendritic cell
E2L7_GACGTTACAGCTTTCC,CD4 memory T cell
E2L5_TTTGTTGGTAGGCAGT,QC_filtered
E2L8_GATCATGAGTAAACAC,Cytotoxic T cell
L2_TCGGATACATACCGTA,Naive CD4 T cell
E2L8_TCATGTTAGGAGGGTG,QC_filtered
E2L1_CGTTGGGCATGGCCCA,Cytotoxic T cell
L3_GTCAAACCAGGGAATC,Naive CD4 T cell
L2_TATTGCTAGGTACTGG,CD4 memory T cell
E2L8_ACAAGCTTCTAAACGC,Cytotoxic T cell
E2L7_ATACTTCGTCCCGTGA,Proliferating NK cell
E2L8_TCGCTCAGTGTCTTAG,Naive CD4 T cell
E2L6_ATCATTCTCTGGCCTT,Cytotoxic T cell
E2L3_TTTACCAGTTGTGTTG,Cytotoxic T cell
E2L7_GACCGTGAGAAGCCAC,Conventional dendritic cell
L2_TCCACCACAGACGGAT,CLEC9A+ dendritic cell
L2_TGGGAGACATCGGCCA,CD14+ monocyte
L5_CCACCATCAATACCCA,Plasmacytoid dendritic cell
E2L3_TCATCCGGTTATGGTC,Plasmacytoid dendritic cell
L2_ATCGTCCTCTGGGAGA,CD4 memory T cell
L5_ACTTCGCGTGCCTTTC,CD4 memory T cell
E2L5_TCGAAGTCAGGATCTT,CD4 memory T cell
E2L5_ATTACCTAGGTTGCCC,Memory B cell
E2L8_GTACAACAGAAATTGC,Proliferating NK cell
E2L8_AAGGAATTCGGAATGG,Memory B cell
L2_CGCATAATCCTGTAAG,Proliferating NK cell
E2L8_TTCCTTCCAATTTCTC,Memory B cell
E2L2_TCAAGTGGTCCTGGGT,Plasma cell
E2L1_TGCATGAAGGACCCAA,FCGR3A+ monocyte
L5_GAACACTAGCACTGGA,CLEC9A+ dendritic cell
E2L4_TGCAGTATCGCGTGAC,Erythroid cell
E2L3_ACAGGGATCTGCGGAC,Conventional dendritic cell
L3_ATAGGCTGTACCTAAC,Gamma delta T cell
L1_CAAGCTAAGTGCAGCA,Erythroid cell
E2L7_GGCTGTGTCGAACACT,Memory B cell
E2L8_ACTTCGCGTTAGGCTT,Cytotoxic T cell
E2L2_CTGGACGGTTGGGATG,CD4 memory T cell
E2L8_CACCAAAGTGCGGTAA,CD4 memory T cell
E2L6_CGTGCTTGTGAATGAT,Plasma cell
E2L8_GGAAGTGGTCAGTCCG,Proliferating NK cell
L3_TTCCACGTCTTCTAAC,GZMK+ memory T cell
L4_GTTAGACGTATTTCCT,Hematopoietic progenitor cell
E2L6_GTGCACGGTATGGAGC,GZMK+ memory T cell
L1_AGAAGCGAGATTAGTG,Memory B cell
E2L1_TGTGTGAGTCGTGTTA,Naive CD4 T cell
L4_TCACATTAGTTTCAGC,Conventional dendritic cell
E2L1_GACCGTGGTAAGATCA,Conventional dendritic cell
E2L7_GCATGATCACTACAGT,Conventional dendritic cell
E2L8_CTGAGGCTCAGGTAAA,Proliferating NK cell
E2L5_GTGCGTGGTTCGGCTG,Conventional dendritic cell
E2L7_TTTAGTCTCTCCATAT,GZMK+ memory T cell
L2_CCTTGTGGTTCATCGA,Hematopoietic progenitor cell
E2L6_ACAAAGAAGAAGAGCA,GZMK+ memory T cell
L5_CTGCCTAGTGTTTACG,Plasma cell
E2L6_AAAGGATCACAAGTTC,Cytotoxic T cell
E2L1_CCCTGATGTCAGGAGT,CD4 memory T cell
E2L7_GGTTGTACAACAAGAT,Plasmacytoid dendritic cell
E2L7_CCGGGTATCCTTCTGG,Conventional dendritic cell
E2L6_AGCGATTAGTGATTCC,Memory B cell
L5_GCAGTTATCCGGACTG,FCGR3A+ monocyte
L5_CCTCTCCAGCTTCGTA,Natural killer cell
E2L5_AGAAGCGCAATGTGGG,CD161+ memory T cell
E2L3_TCTCAGCCAGCTGAGA,Proliferating NK cell
E2L2_CGTCCATTCTGAGATC,CD14+ monocyte
E2L1_GAATCGTGTTGTACGT,Plasma cell
E2L3_GAATCGTCAGAAACCG,Proliferating NK cell
L5_GTTGTAGCACCCTTAC,Plasmacytoid dendritic cell
E2L8_AGTAACCTCGCTGTCT,Memory B cell
L1_CACGGGTGTATCTCGA,Hematopoietic progenitor cell
L2_GCCAACGGTGGCTCTG,Natural killer cell
E2L2_GTAGATCCACTTGACA,FCGR3A+ monocyte
L2_GGGTGAAAGGTTTGAA,Proliferating NK cell
L1_GTAAGTCCAAGTGCAG,Conventional dendritic cell
L1_GGTAACTAGGATGTTA,Cytotoxic T cell
E2L5_TTGAGTGCAATTGCCA,Naive B cell
E2L6_GAAGCGACACCGTCGA,Memory B cell
L1_CGTTCTGAGGCAGGTT,Proliferating NK cell
L2_GAGAAATTCTCTATGT,Memory B cell
L4_GAAACCTTCCATGATG,Cytotoxic T cell
L1_AAGCATCTCGCGTGAC,Cytotoxic T cell
E2L7_CTGCATCCACAAGGTG,Naive CD4 T cell
E2L6_CTATAGGTCCTACAAG,Natural killer cell
E2L2_GGAATCTGTCCGAAAG,Conventional dendritic cell
L1_TTAGGCATCAGCCTCT,CD4 memory T cell
L2_CATTTCATCCAACCGG,Naive CD4 T cell
E2L7_CGGGTCATCTCAAAGC,Cytotoxic T cell
E2L6_GTGGAAGCACTCACTC,QC_filtered
L2_TTCGATTCAATCGTCA,Natural killer cell
E2L1_TCTTTGATCGTGGGTC,CLEC9A+ dendritic cell
L3_CTCCAACCACCGCTGA,Naive CD4 T cell
L3_AGCGCCAGTGCTGCAC,Proliferating NK cell
E2L7_GGGTGAATCTTCCAGC,Proliferating NK cell
E2L1_AACTTCTAGACTCTAC,QC_filtered
E2L4_GCTACCTTCCAAGCAT,Natural killer cell
E2L3_AGTAGCTTCACGGAGA,Cytotoxic T cell
E2L6_CGTGATACAGGTTCCG,Conventional dendritic cell
L4_CGATGCGAGTGGTTGG,Memory B cell
L1_GACTATGGTGGTTTGT,Gamma delta T cell
E2L2_CATGAGTCACAAAGTA,Memory B cell
L5_CTATCCGTCCTTGAAG,Naive CD4 T cell
E2L3_CTCAATTCATAGGCGA,Naive CD4 T cell
E2L4_AGCGATTAGATTGCGG,GZMK+ memory T cell
L2_CCGATCTCACGAGGAT,CD4 memory T cell
E2L3_GCGTGCAAGCGGGTAT,Platelet
L4_ACCTACCTCCGGCAGT,Naive CD4 T cell
L3_AGCATCACAACCCTAA,Naive CD4 T cell
E2L7_GCCGTGAGTTTGGGTT,Proliferating NK cell
L4_AACGTCAAGTATGAAC,GZMK+ memory T cell
E2L6_AGCCAATCAGAAGCGT,Memory B cell
E2L5_TCTTTGAAGGTTCCAT,CLEC9A+ dendritic cell
L3_AGTCACACACCAGCTG,Natural killer cell
L1_ACGGTTAGTCAGTCGC,Plasma cell
L2_CACACAATCCTACACC,Naive CD4 T cell
E2L1_AGGGCTCTCAACCTCC,Naive CD4 T cell
E2L1_CCCGAAGGTATTAAGG,Naive B cell
L5_CCACAAACAGCCATTA,Cytotoxic T cell
L1_ATCACTTGTTGAATCC,CD4 memory T cell
E2L3_TGCAGTAGTGTTTCTT,Naive B cell
E2L6_TCAGGGCCAACAAGAT,QC_filtered
E2L3_AGCCAATGTATGAGCG,Platelet
E2L8_CATGCAATCGAGTACT,Plasmacytoid dendritic cell
E2L8_TTCCTAACAGTCGCAC,CD4 memory T cell
L4_GGGCGTTGTTACGATC,Conventional dendritic cell
L5_GTCGAATGTGCCTTCT,Hematopoietic progenitor cell
L3_GAAACCTGTTACAGCT,Naive CD4 T cell
E2L2_AGGATAATCGACCACG,CD14+ monocyte
E2L3_GCTACAATCCCGAACG,Plasma cell
L5_ATGTCCCGTTGCTGAT,Proliferating NK cell
L2_ACGTTCCCAGGTCCGT,Conventional dendritic cell
L1_ACCCTCACAAGAGTGC,CD4 memory T cell
E2L3_AGATGCTAGTGCACAG,Cytotoxic T cell
E2L8_GTTGTAGAGCGCATCC,CD14+ monocyte
E2L8_GTGATGTGTCTAATCG,QC_filtered
L1_ACTTTGTCAAGCACAG,GZMK+ memory T cell
E2L2_GGTCTGGCATAATCGC,Naive CD4 T cell
E2L8_TTCCTCTGTCCATCTC,CD4 memory T cell
L5_AGGGTGAAGTTGCTCA,CD161+ memory T cell
E2L1_ACAAAGACAGAACTAA,CD4 memory T cell
E2L3_TCCCACAGTGGCCCAT,CD4 memory T cell
E2L6_GAATCACAGGGCGAAG,Conventional dendritic cell
E2L6_CCTCCAATCCCATACC,Natural killer cell
L2_TAACCAGAGCCTTTCC,Proliferating NK cell
E2L1_CCAAGCGGTTTCCCAC,Proliferating NK cell
E2L4_GTGATGTCAATGACCT,Proliferating NK cell
L3_AATGGAAAGTGGTCAG,Erythroid cell
E2L7_CACTGGGCAGCGGTTC,Naive CD4 T cell
L1_TGGAACTTCACGATCA,CLEC9A+ dendritic cell
L2_TTGACCCGTCTTGAGT,Naive CD4 T cell
E2L3_GTGCTGGGTATGGAAT,QC_filtered
E2L1_ATAGACCTCGCCGAGT,Natural killer cell
E2L8_GCGGAAACATGTGGTT,Memory B cell
E2L5_TCCTCTTAGGGCAGAG,GZMK+ memory T cell
E2L8_GGCAGTCAGAGGTATT,Memory B cell
L1_ACCATTTAGCCTTTCC,CD161+ memory T cell
E2L2_CCTAAGAGTACCCACG,Naive B cell
L3_ACGTCCTCATCCGTGG,Proliferating NK cell
E2L2_CTTCCGATCGATTGAC,Naive CD4 T cell
E2L5_CTCCATGTCCTCACCA,CD4 memory T cell
L1_GGTGTCGTCTCGGTAA,Naive CD4 T cell
L5_GTGTCCTCAATAGTGA,Naive CD4 T cell
L5_CCTCAGTCATCCTAAG,Cytotoxic T cell
L1_TTCACCGTCAGCGCGT,Naive CD4 T cell
E2L3_ATCGGCGTCACTTTGT,Naive CD4 T cell
L5_GAGGCAAAGGTACATA,Hematopoietic progenitor cell
L2_TTCACCGGTGCGGATA,Cytotoxic T cell
E2L7_GGATCTAAGATTGGGC,Conventional dendritic cell
L5_AGTAGTCTCATAAGGA,CD4 memory T cell
E2L3_AGACCATCAAGCCCAC,Natural killer cell
L5_AATTTCCAGGCCTTGC,Memory B cell
E2L8_CCATCACAGGCGACAT,Conventional dendritic cell
E2L6_GAATCGTCACTCCGGA,Plasmacytoid dendritic cell
E2L1_TACTTACGTGTTTCTT,Cytotoxic T cell
E2L8_CTGATCCAGTCATGAA,Proliferating NK cell
L1_TGGGAAGTCATGCTAG,Plasmacytoid dendritic cell
E2L2_CTCAACCAGATGTTAG,Conventional dendritic cell
E2L7_GAGTTTGTCGCCAACG,CD4 memory T cell
E2L4_GGGATGATCCGTCACT,CD161+ memory T cell
L5_GGTAACTGTGTATTCG,Conventional dendritic cell
E2L2_AGAAGCGGTTAAGAAC,Naive CD4 T cell
E2L5_CTCATCGCACTTCAAG,Naive CD4 T cell
E2L3_TTCATTGAGTTACGAA,CD4 memory T cell
E2L1_CCTCATGAGACGACGT,Plasmacytoid dendritic cell
E2L2_TCAGCCTTCTTGCAGA,Naive B cell
E2L8_TGCATGAAGAGCAGCT,QC_filtered
L1_AGATGAACAGTTACCA,Naive CD4 T cell
E2L7_CTTGATTTCTTTGATC,Cytotoxic T cell
L4_GTGCTTCTCAGGAAAT,Naive B cell
L4_ATTCCTATCAGTAGGG,Proliferating NK cell
L5_TGGATCAAGAGGCGGA,FCGR3A+ monocyte
L5_GTCTAGAAGCAATTCC,Cytotoxic T cell
L1_CTCAACCTCCAAATGC,Naive CD4 T cell
E2L8_CTCATTATCGGAATTC,Memory B cell
E2L7_GAATCGTTCTGTCGTC,Plasmacytoid dendritic cell
L4_CCTCATGAGCGTCAAG,Natural killer cell
L2_TTCAATCAGCACTTTG,GZMK+ memory T cell
L5_CTGCTCAAGGCGATAC,Proliferating NK cell
E2L8_CGTTGGGTCCGCCTAT,Naive CD4 T cell
E2L1_GCTGCAGTCCTACCGT,Memory B cell
L2_CATAAGCGTATACCCA,CD4 memory T cell
L4_CCACTTGGTTGTACGT,CD161+ memory T cell
E2L1_GAGAAATAGTCAATCC,CD4 memory T cell
E2L3_CCAAGCGCACCCTAAA,Gamma delta T cell
E2L8_CCTATCGCAGAACATA,Memory B cell
E2L2_CGCAGGTGTACTGAGG,CLEC9A+ dendritic cell
E2L4_TTTCACAGTGTATTGC,Cytotoxic T cell
L2_CAACCTCGTGGCAGAT,Naive CD4 T cell
L3_GCGGATCTCGGATAAA,Cytotoxic T cell
E2L2_GGTAACTCATCATCTT,Naive B cell
L2_ACGTCCTGTAATGTGA,CD161+ memory T cell
L2_TTTAGTCAGGCGAAGG,Naive CD4 T cell
L3_AGTTCGACAGGGAATC,Cytotoxic T cell
L1_GGAGGTACACCCAAGC,Plasma cell
E2L8_TACAGGTAGGATGTTA,Plasmacytoid dendritic cell
L4_CTCAGAATCGTTCGCT,Proliferating NK cell
L3_ACATGCACAAGTGGCA,CD4 memory T cell
L4_CGGGTGTAGAGTGGCT,Conventional dendritic cell
L5_ACATCCCTCCTTCGAC,Naive CD4 T cell
E2L5_CGAATTGAGGATTACA,Plasma cell
E2L2_GTGCTGGAGTACAGAT,Cytotoxic T cell
L3_TTACAGGTCGTTCATT,Naive CD4 T cell
L4_ATGAAAGGTGTTTACG,GZMK+ memory T cell
E2L5_TACCTGCAGTCTCCTC,Naive CD4 T cell
L1_TTTGACTTCGATTGGT,Plasmacytoid dendritic cell
E2L2_CACACAATCTTTGCGC,Naive B cell
E2L2_GTTACGATCGTAGGAG,QC_filtered
L2_GGTTAACGTCTTCGAA,Memory B cell
E2L1_CCATAAGCACTGAGTT,Platelet
L1_TTGCCTGGTTGGCTAT,Hematopoietic progenitor cell
L3_TCCTCTTGTAGTTAGA,Naive CD4 T cell
L3_TGATCTTGTTAGTTCG,Naive B cell
E2L6_GACCCAGTCTGCTGAA,Naive CD4 T cell
L4_AAGCATCGTAACTGCT,Conventional dendritic cell
E2L6_ACTATCTAGACTTAAG,Cytotoxic T cell
L1_ACACTGAAGTCCCAAT,Naive CD4 T cell
E2L3_GCAACCGCATCGATAC,Proliferating NK cell
L2_AACAAAGGTGATTAGA,Gamma delta T cell
L5_ATTCATCAGAGCCCAA,Hematopoietic progenitor cell
L4_CTCAGAAAGTCGGCCT,Naive CD4 T cell
L2_ATAGAGAGTGCCCTTT,Naive CD4 T cell
E2L3_AGACAAACATTCCTCG,Natural killer cell
L1_TGATCAGAGTAAACAC,Conventional dendritic cell
E2L6_TCTACCGAGAAGGCTC,CD4 memory T cell
L1_GCAGCTGGTAGTGGCA,Erythroid cell
E2L1_GACAGCCGTGATGAAT,CD161+ memory T cell
L1_CGTCCATGTTCCTAAG,Naive CD4 T cell
E2L7_TCGTAGAAGATCCGAG,CD4 memory T cell
L4_GTTGTGAGTTCGTAAC,CLEC9A+ dendritic cell
E2L7_TTGCATTGTTTCCCAC,Naive CD4 T cell
L2_TGCGGGTAGCAACAAT,Cytotoxic T cell
E2L3_GAGTGTTAGAAGTCTA,Naive CD4 T cell
E2L6_CCTAAGAGTTCCCACT,QC_filtered
L2_CGCGTGAGTGGTCCCA,Cytotoxic T cell
E2L7_GATGACTAGGTAAACT,CD14+ monocyte
L1_GAAACCTTCTACTGAG,GZMK+ memory T cell
E2L7_CTCAGGGCATACAGGG,Naive CD4 T cell
E2L8_GACTATGAGCGTTCAT,CLEC9A+ dendritic cell
E2L8_ACGTACAAGTGGTCAG,Naive B cell
E2L3_TCAAGACAGCAAATGT,GZMK+ memory T cell
L3_GCGTGCACAAGACAAT,CD14+ monocyte
E2L1_TCTTAGTAGGACAGTC,CD161+ memory T cell
E2L8_CCTATCGAGTCGAGGT,Proliferating NK cell
L4_ATCCATTTCCCTATTA,Naive CD4 T cell
E2L8_GGCTTGGTCAAGTAAG,Gamma delta T cell
L2_TTGGGATCACAATTCG,GZMK+ memory T cell
E2L6_ACTGCAATCATACGAC,Memory B cell
E2L8_GTGTGATGTTGCGGCT,Plasmacytoid dendritic cell
E2L6_AGCGCTGGTGACACAG,CD4 memory T cell
L2_CGAAGGAGTCGCATGC,Natural killer cell
L5_TAATTCCAGTCATCGT,Memory B cell
E2L1_TATATCCAGCTAATCC,Cytotoxic T cell
L1_CGCATAACAGAGTCAG,Hematopoietic progenitor cell
E2L2_TGTGCGGGTTCCCACT,Cytotoxic T cell
E2L6_TCATTACAGTAATACG,Naive CD4 T cell
L4_TACCGAAAGGCATCGA,CD4 memory T cell
E2L4_TCCTCCCAGCGTTAGG,Platelet
L3_CGTAAGTCAATAGTGA,Hematopoietic progenitor cell
L1_CACTGTCAGCTCCACG,Memory B cell
E2L3_TCCTAATAGACTGTTC,CD4 memory T cell
L2_TTCATTGTCTAGCAAC,Cytotoxic T cell
L4_TTGTTGTCAGGATCTT,Plasmacytoid dendritic cell
E2L5_CACAGATGTCTACACA,Plasma cell
L2_TGCAGTAGTTTGACAC,Hematopoietic progenitor cell
E2L1_TGTCCCAGTTGCGGCT,Cytotoxic T cell
L3_GATGCTACAAGCGAAC,Cytotoxic T cell
L2_ACCTGAAGTGCAACGA,Plasmacytoid dendritic cell
L2_ATTCGTTGTAGCTTAC,Naive CD4 T cell
L3_TTCCGTGAGGAGCTGT,CD4 memory T cell
L4_GCACTAACAGTTGAAA,Plasma cell
L1_AGCCAGCTCATCGACA,Platelet
E2L7_GCAGGCTAGGAGGGTG,Plasmacytoid dendritic cell
E2L1_GAAACCTGTGCCGAAA,CD14+ monocyte
L4_AGCGCTGAGGAGAATG,Naive CD4 T cell
E2L4_TACTTACAGTGGTTAA,Conventional dendritic cell
E2L4_GAACGTTCAGACCAGA,Naive CD4 T cell
E2L7_ATCTTCAAGCAGCCCT,CD14+ monocyte
L3_TCACAAGAGTCACTCA,Natural killer cell
E2L1_CTCCACACATGGCGCT,Naive CD4 T cell
E2L4_GCTACAAAGCAGCCCT,Plasmacytoid dendritic cell
L4_ACGGTTACACTAGTAC,CD14+ monocyte
L4_TTTAGTCAGGGATCTG,Naive CD4 T cell
L3_GCCTGTTGTCACCGAC,CD4 memory T cell
L2_TTCTAGTAGAGTAACT,Hematopoietic progenitor cell
L5_CCTCATGCAGATCATC,Hematopoietic progenitor cell
E2L3_ATGAGTCTCTCCCTAG,Proliferating NK cell
E2L4_AAAGGATTCGTGGGAA,Naive B cell
L3_CTGAGGCTCCATAGAC,Cytotoxic T cell
L2_TCTAACTAGTGGTGAC,Natural killer cell
E2L3_GAAGGACTCCGAAGGA,CD14+ monocyte
E2L5_TGCGACGCACGAAAGC,Cytotoxic T cell
L5_GGAGCAAGTGTAGTGG,Naive CD4 T cell
L2_AAGGTAAAGAGCAAGA,CD161+ memory T cell
E2L3_TGTAGACCAAACTAAG,Platelet
L2_TCACGGGTCACACCCT,Naive CD4 T cell
L1_GCATCGGCATGGGTCC,Naive CD4 T cell
E2L5_CTCATTATCTTTACAC,Platelet
E2L6_AGAACAAGTCGCCACA,Hematopoietic progenitor cell
E2L4_AGTTCCCAGGTTAGTA,Cytotoxic T cell
L4_CTGAGCGTCAGACAAA,FCGR3A+ monocyte
L3_AACGGGATCGTTAGAC,FCGR3A+ monocyte
L2_TTGACCCTCCGACATA,Plasma cell
E2L1_GATTCGAGTGACACGA,Natural killer cell
E2L4_GAACTGTTCCGACATA,Proliferating NK cell
E2L1_CATCCCAGTCGAGATG,Plasmacytoid dendritic cell
E2L5_CTCCGATCAGTAGAAT,Naive CD4 T cell
L5_CTAACTTAGCTAAACA,Proliferating NK cell
L5_GAACACTCACATTACG,Conventional dendritic cell
E2L2_GTAAGTCAGCCTTCTC,Cytotoxic T cell
E2L6_CCACCATAGTTTGAGA,Memory B cell
L2_CCTTTGGTCTGGACCG,Erythroid cell
L3_ACGCACGTCTTTCGAT,Platelet
L4_AGATCCAAGCATAGGC,Natural killer cell
L5_CTCTGGTCACACTTAG,Cytotoxic T cell
L3_CATCAAGAGCGGATCA,Naive CD4 T cell
L4_TACGTCCAGGTGGGTT,Naive CD4 T cell
E2L6_CTCCCTCGTGCACATT,Cytotoxic T cell
E2L2_AGATGAATCGTGCACG,Memory B cell
E2L4_ATTCATCTCCGTCAAA,Naive CD4 T cell
L3_GACGTTAGTTCAAACC,Hematopoietic progenitor cell
E2L4_GTAGTACAGTATGAGT,Proliferating NK cell
E2L8_TGGAGAGAGACTAAGT,Cytotoxic T cell
L5_TTGCATTGTCGTCTCT,Conventional dendritic cell
L1_CTGCCATCAGAGCTAG,Hematopoietic progenitor cell
E2L2_TTCTAGTTCAACTTTC,Proliferating NK cell
E2L1_TTGTTCAAGGTAGATT,CLEC9A+ dendritic cell
L4_GTCACTCCATCTCATT,Conventional dendritic cell
L4_TAAGTCGAGAGCATTA,CD161+ memory T cell
E2L8_TGCACGGTCCACCTGT,Naive CD4 T cell
E2L8_CTGGTCTTCACCTCGT,Plasmacytoid dendritic cell
L1_TCCTCCCTCAGTGTTG,Naive CD4 T cell
E2L2_ATCGTCCTCCAGCTCT,Cytotoxic T cell
E2L3_CAGATCACAGATCATC,CD14+ monocyte
E2L8_GAGAGGTAGTAGAATC,Cytotoxic T cell
E2L6_GTCACGGTCCTTGAAG,Erythroid cell
E2L1_CGTTAGATCTAGGCCG,Gamma delta T cell
E2L7_ATCCCTGGTGCGGATA,Proliferating NK cell
E2L8_GATCACATCTAGGAAA,Memory B cell
E2L6_TAGGAGGAGATGTAGT,Naive B cell
L4_TTTAGTCCACTATCGA,CD161+ memory T cell
E2L1_TACCTCGGTTGGCCTG,Platelet
L5_AGTCACATCCGTATAG,Platelet
L4_TCGGATAAGGGCGAGA,FCGR3A+ monocyte
E2L6_AGGGTGAAGAGCACTG,Naive CD4 T cell
E2L6_AGCGATTGTATGATCC,QC_filtered
E2L6_CCACGAGAGAATCGCG,Platelet
E2L5_ATTTACCTCCCTGTTG,CD4 memory T cell
L4_CTGCTCAAGATAGTGT,Cytotoxic T cell
E2L6_CTAGACACAGGCGTTC,Natural killer cell
L4_GAGAAATGTTAGGACG,CD4 memory T cell
E2L4_GGCAGTCCATGAAGGC,CD14+ monocyte
L5_ATCTTCATCTCATTGT,Naive CD4 T cell
L4_GGGCTACAGACCAGAC,Conventional dendritic cell
L3_CGGGCATCACAATGCT,Naive CD4 T cell
E2L5_ACGTCCTTCAACGTGT,Conventional dendritic cell
L1_AGTACCAGTCCGGACT,Cytotoxic T cell
L3_GTGTAACCATAGATCC,QC_filtered
E2L5_TCGGGACCATGCCGAC,Plasmacytoid dendritic cell
L2_TTGCTGCAGAGCGACT,Naive CD4 T cell
E2L7_TGCCGAGAGTGAATAC,Naive B cell
L2_TTTACGTGTTCCTAGA,Plasma cell
L5_CATACTTGTAGGATAT,Naive CD4 T cell
E2L8_TAGGTTGGTTCAGGTT,Natural killer cell
L1_GCATCGGGTAACTTCG,Plasma cell
L4_TGGATGTTCTCAACGA,Erythroid cell
E2L2_GGGACCTGTAGACAGC,Plasma cell
L2_CTCAATTTCAACGAGG,Naive CD4 T cell
E2L2_GAGTCATTCTCGACGG,CD4 memory T cell
L5_AACCACACAAGATCCT,Naive CD4 T cell
L5_CTATAGGAGATAGCAT,CD4 memory T cell
L5_CCATAAGCACGACTAT,Naive CD4 T cell
E2L7_TTATTGCAGAGGCGTT,Proliferating NK cell
E2L6_GTAGTACTCATTACGG,Proliferating NK cell
E2L4_CTCTGGTAGGACGCAT,FCGR3A+ monocyte
L2_GGGAGATCAGTCTACA,Hematopoietic progenitor cell
L2_GACCGTGAGCGTGTTT,Gamma delta T cell
E2L2_GTGAGGAGTGCTCTCT,CD4 memory T cell
E2L2_CGTGCTTAGATGCAGC,CD4 memory T cell
L5_AAACCCAAGGATGGCT,Plasma cell
L5_TCTTAGTCATACGCAT,Plasma cell
E2L4_ATCCATTCATGGTACT,QC_filtered
L2_AATGGAATCGTCGCTT,CD4 memory T cell
E2L6_AGTCACACACAGAAGC,CD14+ monocyte
E2L1_TTGGGATTCGCTCTCA,QC_filtered
E2L7_AACGAAAAGTGCCTCG,CD4 memory T cell
E2L7_ACGGTTAGTCTACGAT,FCGR3A+ monocyte
L4_GCCAACGGTAAGCGGT,Natural killer cell
L5_ACTGATGTCGTGTTCC,Proliferating NK cell
E2L7_CGTGCTTCAAATGGTA,Memory B cell
E2L4_TGAGCGCTCGCCACTT,Cytotoxic T cell
E2L5_TACGTCCAGAGTTGTA,Conventional dendritic cell
L2_TCCTTTCCATCTCATT,Proliferating NK cell
E2L8_GAGTCATCAACTCATG,QC_filtered
L4_GAACTGTCAAATACAG,CLEC9A+ dendritic cell
E2L8_TCGTGGGCACAAGGTG,CD4 memory T cell
L4_TCATTGTAGGTCGTCC,Naive B cell
L4_TTCCGGTTCATCGGGC,Proliferating NK cell
E2L3_CACGTTCCATCACCAA,FCGR3A+ monocyte
L2_TGCTCCAGTGCGTTTA,Naive CD4 T cell
L2_CGTAGTATCCATTGGA,Naive CD4 T cell
L3_GTAGATCGTTTCGTGA,Cytotoxic T cell
L1_CGTTGGGGTCATTCCC,Plasmacytoid dendritic cell
E2L7_GACTTCCCATGGCTGC,CD4 memory T cell
L5_CATCGTCCATGGGCAA,Natural killer cell
E2L7_ATCGTGAGTGAATGTA,Hematopoietic progenitor cell
E2L7_AGGGTGACAAAGACGC,CD4 memory T cell
L5_ATGAGGGTCACTGGTA,Naive CD4 T cell
E2L5_CAACCAACACATACTG,Plasma cell
L3_GAAGAATAGAGCCGTA,Naive CD4 T cell
L5_CATTGCCTCTGCGATA,Naive CD4 T cell
E2L7_GAAGAATGTGGCCTCA,CLEC9A+ dendritic cell
E2L4_GGTAGAGGTTGCATCA,CD4 memory T cell
E2L8_CTTCTCTCATCCGAAT,Proliferating NK cell
L5_GTTCCGTCAGCGTATT,Erythroid cell
L4_TCATTTGAGCGAAACC,CD161+ memory T cell
E2L1_GTCACTCGTGTTAAAG,Plasmacytoid dendritic cell
L4_ATGGATCCATAAGATG,Conventional dendritic cell
E2L7_CATTGAGAGGCACAAC,CD14+ monocyte
L4_CATTCTAGTCCCAAAT,Plasmacytoid dendritic cell
L3_GGTTGTAAGTGTCATC,FCGR3A+ monocyte
L5_CACGAATAGGATTCAA,Hematopoietic progenitor cell
E2L6_AGGGCCTCACACCTAA,Cytotoxic T cell
L3_ATTATCCTCTACACTT,CD4 memory T cell
E2L5_CCCGAAGAGCCTGTGC,Memory B cell
E2L7_CATACTTCATCTCAAG,CD4 memory T cell
E2L7_GGTGAAGAGCATGGGT,Naive CD4 T cell
E2L3_TCATTGTCAGAGTGAC,Cytotoxic T cell
L4_GATGACTTCGGACGTC,CD4 memory T cell
E2L6_CATACAGAGCTGTTCA,Memory B cell
E2L2_TCCAGAACAGCGGTTC,Naive CD4 T cell
E2L7_CTGAGGCTCCATTCAT,Hematopoietic progenitor cell
L2_TATCAGGTCGTCCTTG,Conventional dendritic cell
E2L2_ACGTAACTCAAAGACA,Plasma cell
L2_ACACCAAGTTATAGAG,CD4 memory T cell
L3_GACCCTTGTCGGTACC,Natural killer cell
L4_AGCCAATGTACAGAAT,Gamma delta T cell
E2L1_CAGGGCTCATAGGTTC,QC_filtered
E2L7_GTGAGCCTCCCGGTAG,Naive B cell
E2L4_AGCCAGCCAAGTGGAC,Plasma cell
E2L5_CATGCGGAGTCGCCAC,Natural killer cell
L5_TGAGCATAGTCCCAAT,Natural killer cell
E2L2_TTGACCCCACGGCTAC,Plasma cell
L5_ATTATCCTCAACTCTT,QC_filtered
E2L4_CTCCACACATGGCTGC,Memory B cell
L5_TATTTCGAGCGGTAAC,Naive CD4 T cell
E2L7_GTTTACTCATTGAAGA,Conventional dendritic cell
L4_TTTCCTCCACAGTCAT,FCGR3A+ monocyte
L4_CATAGACTCTCTTGCG,Erythroid cell
L4_AGCATCACAAATTGCC,Naive CD4 T cell
E2L3_ACAAAGAGTCGTGATT,CD161+ memory T cell
L4_GCCGATGTCAACCGAT,Conventional dendritic cell
E2L7_CCTCTCCGTTACGTAC,CD4 memory T cell
E2L6_AGGGTCCGTACTGTTG,Memory B cell
L5_ATTCAGGTCGCAGAGA,Naive CD4 T cell
E2L6_TGCGGGTGTAAGGTCG,Naive B cell
L1_TCCTTCTCAGTCTGGC,Naive CD4 T cell
E2L5_TTACAGGGTCACTACA,Naive CD4 T cell
E2L3_CGCCAGACAGGACGAT,Gamma delta T cell
E2L7_GCGTTTCGTGGCTTAT,Platelet
L4_CAACAACTCCTGGGAC,Naive CD4 T cell
L2_AAGAACATCCGAGCTG,Hematopoietic progenitor cell
L3_ACGCACGAGTAGCATA,Naive CD4 T cell
E2L3_TGCATCCTCGTCAAAC,Conventional dendritic cell
E2L1_CCTACGTTCCATTTGT,Memory B cell
L2_ATCATTCCACGGTGAA,CD161+ memory T cell
L2_ATTTCACGTCACCGAC,Natural killer cell
E2L4_CATAAGCCAACACTAC,Conventional dendritic cell
E2L1_TTTACGTCAGAGGGTT,Natural killer cell
E2L1_GCTGAATAGGCATGGT,Conventional dendritic cell
E2L1_CCTAAGATCTAGACAC,Cytotoxic T cell
E2L1_CACTTCGCAAATAGCA,Cytotoxic T cell
L5_GCTTTCGCATTGAGCT,Naive CD4 T cell
E2L1_CACAACATCTCGTGAA,Platelet
L4_GGAGATGAGATGTTCC,Platelet
L2_CCCAACTTCTATGTGG,CD161+ memory T cell
L5_AGGGAGTAGAAACTGT,Naive CD4 T cell
E2L3_TCATACTGTTTACGAC,Cytotoxic T cell
L5_TGATTTCTCAACTTTC,Naive CD4 T cell
E2L6_TCTTGCGGTCCGGTCA,Naive B cell
E2L5_GGGTCTGCATCCGGTG,Natural killer cell
L2_TTTCCTCCAAGTGCAG,Naive CD4 T cell
E2L3_CCTCATGAGCCTGGAA,Cytotoxic T cell
L3_TGCGGCATCCGATCGG,Naive B cell
E2L1_AGGTTGTGTTCGGTTA,Gamma delta T cell
L2_TATCCTAAGACAAGCC,Plasma cell
L4_TCCACCAGTGACCGTC,CD4 memory T cell
E2L2_TTCAGGATCACTGATG,Memory B cell
E2L6_GCCAGCAAGTAACCTC,Memory B cell
L1_CGGAACCTCCGTGGGT,Plasma cell
L4_TTTGGAGAGTTGCCTA,CD161+ memory T cell
E2L4_GTCTTTAAGACCAAGC,QC_filtered
L5_TATCTTGAGAGTTCGG,Plasmacytoid dendritic cell
E2L4_GTCATCCAGTTTCTTC,Memory B cell
E2L5_AGAAGCGTCATTTGCT,Natural killer cell
L4_TTAGTCTAGACATGCG,Naive CD4 T cell
L5_TCACTATCAGTGCCTG,Cytotoxic T cell
L5_TGCAGATTCACTTCTA,Naive CD4 T cell
E2L5_TGCAGTAAGGGCTAAC,Cytotoxic T cell
L5_CGTAGTAAGTAGGCCA,Naive CD4 T cell
E2L8_TTGGATGCAACCGATT,FCGR3A+ monocyte
E2L6_TTCCAATAGCAGCACA,CD14+ monocyte
L3_TTCGGTCTCTCGCGTT,Proliferating NK cell
E2L5_GTTGCTCGTGACTGAG,Platelet
E2L2_GCATGATAGGTGCATG,Cytotoxic T cell
L5_CATGCGGTCATCTCTA,Naive B cell
L1_TTACTGTCATCCGGCA,Memory B cell
L4_AAGGTAACAGCTATTG,Cytotoxic T cell
E2L8_AGTAGTCCACTCAGAT,Conventional dendritic cell
E2L4_AAGCATCAGTAGCATA,Natural killer cell
L5_CTGATCCGTAGTTAGA,CD4 memory T cell
E2L7_TGAATCGCACTGGCCA,Cytotoxic T cell
E2L4_CAATGACGTAATGATG,Conventional dendritic cell
E2L6_TCCGAAAAGACCTTTG,Naive CD4 T cell
E2L8_CTTAGGAGTTAAACCC,FCGR3A+ monocyte
L4_TGATCTTCAACGATTC,Hematopoietic progenitor cell
E2L8_TCAGTTTTCGTGGGTC,Erythroid cell
E2L5_TCGCAGGCAGCATCTA,Cytotoxic T cell
L5_GCACATACAGAAATTG,CD4 memory T cell
E2L7_CCAATTTTCCGATGTA,Natural killer cell
E2L5_GGTAACTGTTAAGCAA,CD4 memory T cell
E2L8_CTAGGTACAGGACGAT,Cytotoxic T cell
L4_CAACAACCAGGACATG,GZMK+ memory T cell
E2L8_GTGCGTGGTACGAGTG,Memory B cell
L5_AACCCAACAGGATTCT,Cytotoxic T cell
L2_ATCGATGAGATGCAGC,Naive CD4 T cell
L4_CTACAGACAACGGGTA,Conventional dendritic cell
L1_TGTCCTGCAACTGCCG,Erythroid cell
L5_GCCATTCTCACGTCCT,GZMK+ memory T cell
E2L1_ACGTTCCAGACATCAA,FCGR3A+ monocyte
L2_CACGTGGGTGGTGATG,Naive CD4 T cell
E2L4_AGAAGTAAGTCGAAAT,FCGR3A+ monocyte
L3_CGGGTGTAGCCTAACT,CD4 memory T cell
E2L8_CTCCACATCAAGCCTA,Naive B cell
E2L2_CATGGTAAGGATTTAG,Platelet
E2L1_CGAGTGCGTGGCCTCA,Proliferating NK cell
E2L1_CTATCCGCAGAACATA,Conventional dendritic cell
L4_GTTAGTGGTACGTGTT,QC_filtered
L3_CGTAATGAGCTTGTTG,Naive CD4 T cell
E2L3_GTTCCGTTCTCACGAA,Plasma cell
E2L3_CCCGAAGCAGTCTCTC,Plasmacytoid dendritic cell
L3_CTATCTAAGACGTCGA,Cytotoxic T cell
E2L5_GGGTCTGAGATCCTAC,Natural killer cell
E2L2_AGGGCCTAGCGTATAA,CD4 memory T cell
E2L2_AGCGCTGGTGGTAATA,Plasmacytoid dendritic cell
E2L5_TTCCGTGCAGCACAGA,QC_filtered
E2L7_TCTGCCAGTTTGACAC,CD161+ memory T cell
E2L3_CCCTTAGTCCAAGCAT,Plasmacytoid dendritic cell
L3_CAGAGCCGTTCTTGTT,Hematopoietic progenitor cell
E2L2_GCCAGGTAGCTAGTTC,CD14+ monocyte
L5_GGGACAAGTGGCACTC,Cytotoxic T cell
L3_ATGCCTCGTGGATGAC,Natural killer cell
L5_TCCACGTAGAAATCCA,FCGR3A+ monocyte
L4_GTAACCAAGAGATGCC,CD4 memory T cell
E2L7_TATTGGGTCATTCTTG,CLEC9A+ dendritic cell
E2L6_TGACGCGGTGAGTAAT,Proliferating NK cell
L2_CATGGTATCTTTGCGC,Memory B cell
L1_ACATCCCAGGTAGTAT,CD161+ memory T cell
E2L1_GTGTTAGCAGACACCC,Natural killer cell
L3_TATTGCTCAATCGTCA,Naive B cell
L2_CAACAGTGTTAAGGAT,CD4 memory T cell
E2L5_GAGTTTGCATAATCGC,Memory B cell
E2L1_CTCCTCCTCCGCGAGT,CD4 memory T cell
E2L6_CAAGCTATCGTTTACT,Cytotoxic T cell
L1_TTCTAACTCGTAGGAG,Natural killer cell
L1_TAGGTACGTCGGCACT,Naive CD4 T cell
E2L1_TCAGTTTCAACGGTAG,CD4 memory T cell
E2L2_TACCGAAAGCCGGATA,Proliferating NK cell
L4_AACGGGATCGACGAGA,CD161+ memory T cell
L1_GCACTAACACTGTCGG,Cytotoxic T cell
E2L4_GTTACGACACAAGTGG,Memory B cell
L3_TGGAACTAGAATAGTC,CD14+ monocyte
L3_CAACCTCGTGAATTGA,Naive CD4 T cell
E2L4_TTCACCGAGGCTCCCA,CD4 memory T cell
L4_TGCTGAACAAGGTACG,Naive CD4 T cell
L2_GACGCTGGTCACTCAA,Natural killer cell
L5_TTTGTTGTCTCCGTGT,CD4 memory T cell
L1_AAGATAGAGCAGATAT,Naive CD4 T cell
L4_TTAGTCTTCAGAGTGG,Hematopoietic progenitor cell
E2L7_AACAACCGTTCATCGA,Cytotoxic T cell
L2_TCGCTCAAGCTAAACA,CLEC9A+ dendritic cell
E2L4_GATTCGACACGGTGAA,Plasma cell
L3_TATACCTAGAACTTCC,CD4 memory T cell
E2L7_GCAGCTGCAAGAATAC,Cytotoxic T cell
E2L4_TTTGATCTCACGAGGA,CD4 memory T cell
E2L6_TCGCTCAAGGTTCAGG,Memory B cell
L5_CTGGACGCAGTAACGG,CD161+ memory T cell
L5_ATTCAGGGTGGAAGTC,Naive CD4 T cell
E2L5_GAGAAATCAACCGCTG,Proliferating NK cell
E2L1_TGTGGCGTCCTCGATC,Memory B cell
E2L7_GACCTTCTCGCAAGAG,Platelet
L2_TCTTCCTGTGGACCAA,Cytotoxic T cell
L2_GAGTCATGTCGCATGC,GZMK+ memory T cell
L5_GCCCGAAGTGGTTCTA,Hematopoietic progenitor cell
E2L3_AGGCATTGTGAACGGT,Natural killer cell
L3_CAGCGTGCACTGTCCT,CD4 memory T cell
E2L2_GAGTTACCATTAGGAA,Cytotoxic T cell
L2_AGTGCCGTCCGAGCTG,Hematopoietic progenitor cell
E2L3_GGATGTTTCGTAGAGG,Gamma delta T cell
E2L4_TATCTGTAGAGCCGTA,CD4 memory T cell
L1_AGCCAATTCGCGTCGA,Plasma cell
E2L7_AGTGCCGGTATAATGG,Naive B cell
E2L4_CTCCTTTCAGTGGTGA,Naive CD4 T cell
E2L4_GAAGAATCAGGTGTTT,CD161+ memory T cell
L5_ACGGTTACACTGTGTA,CD4 memory T cell
E2L8_TCTATACCATTAAAGG,Plasmacytoid dendritic cell
E2L5_TACTTGTTCTCATAGG,CD4 memory T cell
E2L6_GTCGAATTCGTAGAGG,Conventional dendritic cell
E2L7_CGTAATGTCGATCCCT,Plasmacytoid dendritic cell
E2L8_GGGAGATCAGTACTAC,Platelet
E2L1_CAGTTCCGTTATTCCT,Plasma cell
L4_AACGAAACAGCCCACA,Platelet
E2L3_AACACACCAGAGGCTA,FCGR3A+ monocyte
E2L5_AACCTTTGTCACAGTT,Naive CD4 T cell
L4_CTCATCGCAAAGCACG,Naive B cell
E2L5_GAAGTAAGTTCTTGTT,Hematopoietic progenitor cell
E2L7_TACTTACGTAGGCTGA,Naive CD4 T cell
E2L4_CTGCTCATCGTGCAGC,Plasmacytoid dendritic cell
L5_TCTCTGGTCCTTATAC,CD4 memory T cell
L2_CGGAATTAGGAGATAG,Natural killer cell
L4_CCACGTTGTAGGATAT,Naive CD4 T cell
E2L2_ATGAGGGAGCCATCCG,Cytotoxic T cell
E2L2_GTCATTTAGACTACGG,Cytotoxic T cell
E2L7_CCACGAGCACCATTCC,Naive B cell
E2L5_GGAGGTACATTGGCAT,Proliferating NK cell
L3_GGAACCCCATGACCCG,CD161+ memory T cell
L4_TCAGTTTGTAGCTTGT,Proliferating NK cell
L3_ATGCGATCAGCTGAAG,Hematopoietic progenitor cell
L5_AGTGCCGTCGGAGTGA,CD161+ memory T cell
L4_AACAAGATCTAGACAC,Cytotoxic T cell
L5_CTCCTTTCACGAGGAT,Proliferating NK cell
E2L4_AGCGTATTCAGTGTCA,Plasmacytoid dendritic cell
E2L2_AGGGAGTTCGACCAAT,Naive CD4 T cell
E2L6_TATCGCCGTCGGATTT,Cytotoxic T cell
L4_TGGTGATCAATTTCGG,FCGR3A+ monocyte
L1_AATAGAGCATGGGTTT,Plasma cell
L1_ACCCTTGGTACCGGCT,Naive CD4 T cell
E2L1_ATGTCCCTCCCTCGAT,Conventional dendritic cell
L1_TAGACCAGTTGCGGCT,Platelet
L5_GCTCAAAGTTCGATTG,Hematopoietic progenitor cell
L5_GTTACAGTCTATTTCG,Plasma cell
E2L8_TGCTCGTCAACGATTC,Naive B cell
E2L4_ACATTTCCAGCACAGA,FCGR3A+ monocyte
L4_TTTCGATTCAGAGCAG,Naive CD4 T cell
E2L1_AGCTACAGTCAGGCAA,CD4 memory T cell
E2L5_CTTTCAAGTCCCTGTT,CD161+ memory T cell
E2L7_CTCCATGGTCAGCGTC,Platelet
L5_GAATCACCAAGATCCT,CD4 memory T cell
L5_CTCCACAGTCCACAGC,Naive CD4 T cell
E2L7_TGCCGAGCATTGCCGG,QC_filtered
E2L2_TCGAACAGTAGAGCTG,CD4 memory T cell
L2_ATGGAGGAGAGCAACC,Plasma cell
E2L6_GGGTAGATCTGGCCAG,CD161+ memory T cell
E2L3_TCGCACTCATCTCCCA,FCGR3A+ monocyte
E2L5_CGTGTCTCACGCCACA,Cytotoxic T cell
L2_AATGCCAAGCCTGTCG,Cytotoxic T cell
E2L5_GAGGCAACATGTTTGG,CD4 memory T cell
E2L6_GTACAGTCACGACGCT,CD4 memory T cell
L1_ATTCTTGAGTTGCTCA,CD4 memory T cell
E2L5_CTCCAACCAGGCATTT,CD4 memory T cell
E2L3_GTGTTCCAGTTGTAAG,Plasmacytoid dendritic cell
E2L7_CCAATGACACCTCGTT,FCGR3A+ monocyte
L5_CCGTAGGCACAAAGCG,Cytotoxic T cell
E2L6_AATTCCTTCGACTCCT,CLEC9A+ dendritic cell
L3_CTAAGTGAGCCATTGT,Gamma delta T cell
E2L2_CTTAGGAGTTAGGGAC,CD4 memory T cell
E2L4_CTACGGGCACAACGTT,Naive CD4 T cell
E2L7_CATTGTTTCCACTTTA,Proliferating NK cell
L3_TATACCTTCAAGTCTG,CD14+ monocyte
E2L6_ATCGTCCAGTGGTGGT,Memory B cell
L3_CACTTCGAGGTAGTCG,CD4 memory T cell
L5_AAAGTGATCTTCGACC,Hematopoietic progenitor cell
L4_ACAACCAAGGTCCTGC,Conventional dendritic cell
L1_AACAAAGGTTCGGCGT,Proliferating NK cell
E2L5_TCGATTTCACATCATG,GZMK+ memory T cell
E2L8_TTGCATTCAGTAACAA,CD4 memory T cell
E2L1_GTTAGTGAGGACTAAT,Cytotoxic T cell
L2_AACCAACAGATGACCG,CD4 memory T cell
L3_CCTATCGTCTACTCAT,CD4 memory T cell
E2L7_AACCATGGTTGTGTTG,CLEC9A+ dendritic cell
E2L5_CGAGTGCCAGGCCTGT,Cytotoxic T cell
L3_GACCAATCATATACCG,Cytotoxic T cell
L3_CGCGTGAGTGTTGAGG,Naive CD4 T cell
E2L7_CTACATTAGACGTCGA,FCGR3A+ monocyte
L4_CTGAGCGCACCACTGG,CD4 memory T cell
E2L7_TCATGGATCAAATGCC,Naive B cell
E2L4_ATCCGTCCATCCTAAG,Plasmacytoid dendritic cell
E2L7_ACTTAGGAGGAACTAT,CD4 memory T cell
E2L7_GTAGCTAGTACTGGGA,Memory B cell
E2L4_TTCATTGGTCACGTGC,Memory B cell
L1_AGAACCTAGACAGCGT,Natural killer cell
L2_ACTCCCAAGCCACCGT,Proliferating NK cell
L2_GTCTAGAGTCGAAGCA,Proliferating NK cell
E2L6_TCATTACTCGACGAGA,Naive CD4 T cell
E2L6_CACACAAGTAGCGCTC,Platelet
L1_TCGGGACCAGGGTTGA,Naive CD4 T cell
E2L4_GTCAGCGCAAGTATAG,CD4 memory T cell
L3_CCGGGTATCTTGCAAG,Proliferating NK cell
L4_TTAGTCTAGGTCACTT,Natural killer cell
E2L2_CTGGCAGGTTGCCTAA,CD4 memory T cell
L5_TCCTTCTCAGACAATA,Naive CD4 T cell
L4_TGGAGAGGTCGCACGT,Naive CD4 T cell
L2_TTGTGTTTCCCATGGG,CD4 memory T cell
L3_AGTCACAGTGTTCGTA,Cytotoxic T cell
E2L6_CTCTCGAAGCTCCCTT,FCGR3A+ monocyte
E2L2_GGTCTGGTCTAGTTCT,Naive CD4 T cell
E2L6_CATACCCCATCCTTGC,Conventional dendritic cell
E2L4_AGACCCGCAAACCATC,Naive CD4 T cell
E2L3_CTCCCTCCAAGATTGA,Gamma delta T cell
E2L8_CTATAGGGTGAATATG,Memory B cell
E2L4_AACCTTTTCCGCAAAT,Cytotoxic T cell
L5_CACGTTCAGATGAAGG,Hematopoietic progenitor cell
E2L2_ACATTTCCATGCAGGA,Naive CD4 T cell
L4_AGTCAACCAGTTGAAA,CD4 memory T cell
E2L7_GCGTGCATCGACGAGA,CD4 memory T cell
L5_ATTCCCGGTATCAGCT,CD161+ memory T cell
E2L5_GTCCTCAAGTAAAGCT,Platelet
E2L5_TTCTAACCAAAGAACT,Cytotoxic T cell
L5_TGATTTCAGTCTAACC,Proliferating NK cell
L5_GATCACAGTATCTCGA,CD4 memory T cell
L5_TCCTTCTTCCGTATAG,Cytotoxic T cell
L1_GGTAGAGCACACCAGC,Hematopoietic progenitor cell
L4_GATGATCAGCATGTTC,Memory B cell
E2L1_GATCACAAGGCTCTCG,Cytotoxic T cell
L4_ACTTCCGAGGGAGTTC,Hematopoietic progenitor cell
L4_TTGGATGTCGTGAGAG,CLEC9A+ dendritic cell
L5_CTGAGGCCATTGCCTC,Naive B cell
E2L5_CGGGTCAGTTTCTATC,Plasma cell
E2L7_CAATGACAGTGCGCTC,CD4 memory T cell
E2L8_TTGCCTGTCTAGGAAA,Natural killer cell
E2L1_ACATCCCGTTCTCTCG,Cytotoxic T cell
E2L6_GTGAGGATCACATTGG,Proliferating NK cell
E2L8_GTGCAGCGTAGCTTTG,Conventional dendritic cell
E2L6_CTTGAGACATCATCCC,Platelet
E2L3_GGCGTCATCCCATACC,Cytotoxic T cell
L5_CGAGTTACACCAGCCA,Naive CD4 T cell
E2L1_ACGTCCTTCTAGAACC,Memory B cell
L3_TCAGCCTGTGGATGAC,CD161+ memory T cell
L4_ACACAGTGTTCGTACA,CD161+ memory T cell
E2L8_AGCATCAAGGTCGTGA,Plasmacytoid dendritic cell
E2L3_TCACACCCAGGCTATT,Proliferating NK cell
E2L1_AGCGTATCAATGTGGG,CD161+ memory T cell
E2L1_CCTATCGAGGTACATA,CD4 memory T cell
E2L5_TACGCTCCATTCTCCG,CD4 memory T cell
L4_TCACGCTAGCATTTCG,CD161+ memory T cell
L1_GCAACCGCAAGACCGA,Natural killer cell
L1_TGGTTAGTCATGGGAG,Conventional dendritic cell
E2L7_CTGCTCAAGTCAGCCC,Platelet
E2L4_TTGGGCGCAGGACAGT,Plasmacytoid dendritic cell
E2L1_GGGAGATAGTTACTCG,CD4 memory T cell
L5_ATGTCTTCAGTCTACA,Plasmacytoid dendritic cell
L3_GGATCTATCTTCCAGC,Naive CD4 T cell
L4_GGAAGTGTCGTCGGGT,Naive CD4 T cell
L3_AATAGAGCAGCTGTCG,CD4 memory T cell
L3_GATGATCTCCACACCT,Cytotoxic T cell
E2L7_TCACTATAGTGCGACA,Plasmacytoid dendritic cell
E2L2_CGTGAATTCGAGTGAG,QC_filtered
L1_CATTGTTGTCTTCAAG,Naive CD4 T cell
E2L8_TGACGCGCATTACGGT,Memory B cell
E2L6_TTTGGAGAGTTTGGCT,Natural killer cell
E2L4_TCACAAGTCGAATCCA,Cytotoxic T cell
L4_AGCGTATAGAACGCGT,Plasmacytoid dendritic cell
E2L5_TTGATGGCAGCAGACA,Platelet
L1_AAGTACCGTATTTCCT,CD4 memory T cell
L1_CGGTCAGGTGCAGGAT,Proliferating NK cell
E2L7_CATCCGTCAAAGAGTT,Platelet
E2L2_GTTACCCAGACGACTG,Naive CD4 T cell
L5_TCGAAGTCAGTGGCTC,Naive CD4 T cell
L2_TACCCGTTCAGAGTTC,GZMK+ memory T cell
L3_TATCTTGTCGATACAC,Naive CD4 T cell
L3_AGGGAGTTCGCCTATC,Hematopoietic progenitor cell
L5_CGGACACCATATCTGG,Hematopoietic progenitor cell
E2L4_TCGGTCTCATTGCAAC,Cytotoxic T cell
L5_GAGTTGTAGCGTTCAT,Plasma cell
E2L3_CACCAAACACGGGCTT,CD4 memory T cell
L1_GACGCTGCACTCCGGA,Naive CD4 T cell
L2_TGTAAGCCATGCCGCA,Hematopoietic progenitor cell
E2L7_TCATGGACAGACCTGC,Platelet
L5_CGGAATTTCTGGGATT,Cytotoxic T cell
E2L7_GTGCTGGGTACAGTCT,Naive CD4 T cell
E2L3_TACAACGGTTGGGACA,Conventional dendritic cell
E2L6_AATGGAAAGGTAAGAG,Memory B cell
E2L3_GTTAGTGGTCGCCACA,Naive B cell
E2L5_AGCTTCCAGATAGTGT,Plasmacytoid dendritic cell
L2_CTGTGGGAGAGTCAAT,Naive CD4 T cell
E2L6_TCATTCAGTCTCTCAC,Proliferating NK cell
E2L2_TGGTGATAGTTTCAGC,Naive CD4 T cell
E2L6_TGTAGACGTACAGAAT,Memory B cell
L2_CATCCGTAGAGTTGAT,Naive CD4 T cell
E2L5_AGGATCTTCTACGGTA,Gamma delta T cell
E2L6_GATGACTGTGGACTGA,Platelet
E2L8_AGGGCCTAGACCTCCG,Proliferating NK cell
L1_ACCCTTGCAATCGCAT,Proliferating NK cell
E2L7_ACAGAAACAAAGCACG,Cytotoxic T cell
E2L2_ACATCCCTCTTCACAT,CLEC9A+ dendritic cell
E2L7_GGGTAGAGTACCTGTA,Cytotoxic T cell
L1_GAGATGGTCAGATTGC,CD4 memory T cell
E2L6_CGGAACCGTGAGGAAA,Memory B cell
L2_CCGATCTAGAAGGCTC,Cytotoxic T cell
L3_TCTTCCTCAATTCACG,Naive CD4 T cell
E2L2_AGAGAGCAGAGAAGGT,Platelet
E2L8_TTGCATTAGCTAGTTC,Cytotoxic T cell
E2L1_ATCCACCGTGGTCCGT,Natural killer cell
L2_GAGTCTATCAAGGACG,Natural killer cell
L5_GAAGAATAGGGCGAAG,CD14+ monocyte
L2_TTTACTGTCGACCTAA,GZMK+ memory T cell
L2_TTCACCGAGTGCAAAT,Naive CD4 T cell
L5_CGAAGGAAGTAGGAAG,Gamma delta T cell
L5_AACAAAGTCTTCCGTG,CD14+ monocyte
L4_TAGGAGGCAAAGGAGA,Memory B cell
L3_AGCCAGCGTTCCGTTC,Proliferating NK cell
E2L6_CAATCGATCCTTCGAC,CD14+ monocyte
E2L7_TAGGAGGGTCCGTACG,CD4 memory T cell
E2L8_GTAGATCGTATATGGA,FCGR3A+ monocyte
E2L4_TCAATTCGTCATCCGG,Natural killer cell
E2L3_ATAGAGAAGCCAAGCA,Platelet
L4_TTCGATTTCAGTGGGA,Plasmacytoid dendritic cell
E2L8_AGAAGTACACTTCCTG,Gamma delta T cell
L4_ACTGTCCTCTCATAGG,FCGR3A+ monocyte
E2L1_TCATACTTCCAAGCAT,QC_filtered
L5_GACTTCCTCATTGCGA,CLEC9A+ dendritic cell
E2L4_GTCATCCAGCTCGACC,CD4 memory T cell
E2L2_CTTCAATAGGATTCAA,CLEC9A+ dendritic cell
E2L7_TAATTCCCAGCTGTTA,Cytotoxic T cell
E2L3_CCGGGTAAGCCGGATA,Memory B cell
L3_GCGGAAAAGAAGATCT,Plasma cell
L5_CAGTGCGGTGTCGATT,Naive CD4 T cell
E2L5_CTCAGTCGTACAGTTC,Memory B cell
E2L6_ATCACGAGTTGCTCAA,Natural killer cell
L5_GTATTTCTCGCTAATG,Naive CD4 T cell
E2L8_CCTCAACAGTGTTGTC,Platelet
L4_ATTTCACGTCTTCCGT,Memory B cell
L1_TGAGCGCTCCTGCCAT,Cytotoxic T cell
L3_ACAAAGACAACACACT,Hematopoietic progenitor cell
E2L8_TGCTGAATCATCTATC,Gamma delta T cell
E2L8_GATTGGTGTAACGGTG,Naive CD4 T cell
E2L1_GTTAGACAGCGCCTCA,Conventional dendritic cell
E2L1_ATGCCTCAGGGAGTGG,Natural killer cell
E2L1_CAGCGTGGTCGAAGCA,Memory B cell
E2L4_TGCTCCAAGGCATTTC,Naive CD4 T cell
E2L1_GTATTGGAGAGCATTA,Cytotoxic T cell
L5_ATTCCCGTCCCTTCCC,Naive CD4 T cell
E2L3_GTGCTGGGTATCGAGG,Proliferating NK cell
E2L1_CGCGTGAAGAGGATCC,Platelet
L4_GTTGAACGTCCAGCGT,CD4 memory T cell
E2L5_GAGTCTAGTGTCCATA,FCGR3A+ monocyte
E2L2_TGTGTGAAGACTAAGT,Plasmacytoid dendritic cell
L1_TGATTTCGTTTAAGGA,Cytotoxic T cell
L1_CTCCATGGTCTTGAAC,Naive CD4 T cell
E2L6_TACCCACAGCTTTCTT,Cytotoxic T cell
L4_CTATCCGCAAGACGAC,Naive CD4 T cell
E2L3_GTAGGTTGTTTGATCG,Memory B cell
E2L8_CGAAGTTCATTGACTG,Plasmacytoid dendritic cell
L1_GAACTGTAGTATAACG,FCGR3A+ monocyte
E2L8_TAACACGAGTGTTCAC,CD4 memory T cell
E2L5_AACGAAACACGGAAGT,Naive CD4 T cell
L1_TGGGAAGTCCTCTAAT,Hematopoietic progenitor cell
E2L7_ATACTTCCACTTTAGG,Naive CD4 T cell
E2L3_TAACACGTCAGTCACA,Memory B cell
E2L2_TTTACCACATAGGTAA,Naive CD4 T cell
E2L3_GACTCAATCACTGGGC,Platelet
E2L4_GGACGTCTCTGACCCT,Plasmacytoid dendritic cell
L2_GCATCGGCAGTTTCAG,Cytotoxic T cell
L4_GGAATCTTCCTGTAAG,Naive CD4 T cell
L4_TAGACTGGTCCAGCAC,Memory B cell
E2L7_GGCGTCAGTTAGAGAT,CD4 memory T cell
E2L8_CTTTCAAAGCCAAGCA,Proliferating NK cell
E2L6_TTTCAGTGTCTGTGAT,Cytotoxic T cell
E2L3_GTGTGATTCGATACAC,Naive B cell
E2L6_CCAATTTAGCGCGTTC,Natural killer cell
L2_TACAGGTGTCAAATCC,Naive CD4 T cell
L3_TGAATCGGTACATTGC,Memory B cell
E2L6_CCTATCGTCCACGGAC,Proliferating NK cell
E2L5_GTTGTAGGTGGACAGT,CD4 memory T cell
E2L1_CTGTGAATCCCATAAG,Naive B cell
L1_CACTAAGAGCAAGTGC,CD4 memory T cell
E2L2_TGGGATTCACGCGGTT,Conventional dendritic cell
E2L7_AGTCTCCCATGACCCG,Plasmacytoid dendritic cell
L2_GACTCTCCATAACTCG,Naive CD4 T cell
E2L8_GCATGATCATGAATAG,FCGR3A+ monocyte
E2L4_ATGGGAGGTCGTGGTC,CD14+ monocyte
L1_CTAACCCTCCAAGGGA,Proliferating NK cell
L4_CCTCCTCAGTAAACAC,Naive CD4 T cell
L4_GACTCTCCAGCTCGGT,Naive CD4 T cell
E2L1_GCCAACGTCCTACCAC,Naive CD4 T cell
E2L5_GCGGAAATCCGTGGTG,Naive B cell
E2L5_GTGTGGCAGCCTCAAT,GZMK+ memory T cell
L2_TCCACGTGTATGGAGC,Natural killer cell
E2L8_CTTGATTAGGACGCTA,Erythroid cell
L3_GCATGATAGATGACAT,CD4 memory T cell
E2L4_TCTCAGCGTCATAAAG,QC_filtered
E2L5_ATTTCACAGGCTGTAG,Cytotoxic T cell
E2L2_GTTACAGAGTACCCTA,Conventional dendritic cell
L2_AACCATGTCGCCGAGT,QC_filtered
E2L5_TGCATCCTCTGCTTAT,Proliferating NK cell
L5_CCTCCTCTCACCTTGC,Erythroid cell
L3_TTCTAGTCAGGAAGTC,GZMK+ memory T cell
E2L8_CTGCTCACAGTCTGGC,Cytotoxic T cell
L2_TCAAGCACATCAGCAT,Proliferating NK cell
L5_CATAGACAGCTACGTT,Proliferating NK cell
L5_TTACCATTCTTTCAGT,Naive CD4 T cell
L1_TGACTCCAGGGATCTG,CD161+ memory T cell
E2L4_TGCGATATCCAATCCC,Plasmacytoid dendritic cell
E2L5_GATTCGATCGGCAGTC,Cytotoxic T cell
L2_GTTAGACGTGAGACGT,FCGR3A+ monocyte
E2L5_GTGTTAGTCGGTCTAA,Plasma cell
E2L3_TCGTCCAAGCCTCATA,CD161+ memory T cell
E2L7_TGATGGTAGGTTCTTG,Memory B cell
E2L7_ATGGTTGGTGGGACAT,CD4 memory T cell
E2L7_ACTCCCAGTTGCTGAT,CLEC9A+ dendritic cell
L3_TACAGGTAGTTGCATC,Cytotoxic T cell
E2L7_TAGGTTGGTCTGTCAA,CD4 memory T cell
E2L2_GACCCTTAGGCACTAG,CLEC9A+ dendritic cell
L5_ATCTCTACAGTAACCT,Naive CD4 T cell
L4_TGTTACTGTTTAAGGA,Naive B cell
E2L6_CACATGAAGAGCTTTC,Natural killer cell
L3_TTACCATCACTACACA,Plasma cell
E2L1_GTGTGGCAGGTTACAA,GZMK+ memory T cell
E2L5_ATTGTTCCACTCTGCT,Plasmacytoid dendritic cell
L5_TTACGCCGTCGCGTTG,Naive CD4 T cell
E2L1_CATTCCGGTGACCGTC,Memory B cell
L3_TGCAGGCTCTAAGCCA,CD14+ monocyte
E2L5_TCAGTCCCACTTCAAG,Natural killer cell
E2L4_CGCATGGGTAGCGATG,Cytotoxic T cell
E2L5_GTGGAAGAGAAGCCAC,Proliferating NK cell
E2L5_GGGCTCAGTATTTCGG,Erythroid cell
E2L6_GGAATGGCAGCCTACG,Memory B cell
L3_TACTTGTAGTCAGCCC,Plasma cell
E2L7_GTTTACTCAGAGAATT,CD4 memory T cell
E2L4_GGAATCTCACGATTCA,Proliferating NK cell
L1_TCATGTTGTCCTATAG,CD161+ memory T cell
E2L8_TGTACAGTCGGTTAGT,Memory B cell
E2L8_AGGGAGTCAGTGTGGA,Memory B cell
E2L6_CTCAGGGGTCTTACTT,Naive CD4 T cell
E2L2_CCTTCAGAGGAGTATT,Plasmacytoid dendritic cell
E2L6_TCCTTCTCAAAGTGTA,Cytotoxic T cell
L4_CATCGGGAGACTAGAT,CD4 memory T cell
E2L6_GAACGTTTCGGACTTA,Memory B cell
E2L6_TTGTTTGAGCATCAGG,Conventional dendritic cell
E2L8_GTTTGGATCGAGAGAC,CD14+ monocyte
E2L5_CCTGCATTCGTCGGGT,Gamma delta T cell
E2L3_CTCCACAAGACAACTA,QC_filtered
E2L6_CCTTGTGTCTGTCTCG,CD14+ monocyte
L1_TTGCGTCCATGTGACT,Cytotoxic T cell
L5_GGGATGATCTTTCTAG,CD4 memory T cell
L4_GATGATCGTGCTAGCC,Conventional dendritic cell
L3_ACGTAGTCATGCGGTC,Naive CD4 T cell
E2L4_CGAATTGCATCAGTCA,Naive CD4 T cell
L3_TCACGCTTCGCAGTCG,Plasmacytoid dendritic cell
L3_TACGCTCTCGGACGTC,CD14+ monocyte
E2L5_TTCGGTCGTGTGAGCA,Naive B cell
L2_GAGGGTACAGACATCT,Naive CD4 T cell
E2L5_TAACCAGCATGTGACT,Memory B cell
L5_TGCATGATCAACGAGG,Natural killer cell
E2L4_TCATACTTCTTACACT,CD4 memory T cell
L3_CTATAGGTCGTGCTCT,CLEC9A+ dendritic cell
E2L8_AAGACAACAGTAGAAT,Platelet
L4_AACGAAATCACTACTT,CD14+ monocyte
L4_CTTCTCTCATGCACTA,Cytotoxic T cell
L4_CTATCCGCACGGCCAT,Hematopoietic progenitor cell
E2L3_GAGACTTAGTTGAAAC,Plasmacytoid dendritic cell
E2L2_CAGCAGCAGCCGTCGT,Proliferating NK cell
E2L7_GAGAGGTCATCAGCAT,Naive CD4 T cell
L3_AAGATAGAGACTGAGC,Naive CD4 T cell
L1_ATTGTTCAGATAGCAT,CD4 memory T cell
E2L5_GAATCGTTCTAGTGAC,Cytotoxic T cell
L4_AATGACCAGCCTCTGG,Hematopoietic progenitor cell
E2L6_TTCAGGACATGCCGGT,Cytotoxic T cell
L3_CGGTCAGCATAGCTGT,Plasma cell
E2L2_GTCAAACCAATTGCTG,Platelet
L4_CGAATTGGTCATGCAT,Naive CD4 T cell
E2L4_CCCATTGGTTCCTAGA,QC_filtered
E2L3_TTCCACGTCGTAACAC,Conventional dendritic cell
E2L6_TTGAACGGTTTAGACC,Cytotoxic T cell
L5_TGGATCATCTCGCTCA,Naive CD4 T cell
E2L4_TAAGCGTGTCACAGTT,Proliferating NK cell
E2L1_AAACGCTTCGCCACTT,FCGR3A+ monocyte
L1_TGTGCGGCAGTAGTTC,Proliferating NK cell
E2L7_ATTCAGGCACGTAGTT,Gamma delta T cell
L5_TCTATCACAGGTCCCA,Platelet
E2L5_TCCACCATCGAGATAA,Naive CD4 T cell
E2L5_GTTATGGCACGGCCAT,Plasma cell
L2_ATCGATGGTGGTGATG,Platelet
L3_CTATCCGTCCCGAGTG,CD4 memory T cell
E2L4_TGTTCCGAGCTGGCTC,Memory B cell
L1_TGGGCTGAGGATATAC,CD4 memory T cell
L2_TGCGATAAGCATAGGC,FCGR3A+ monocyte
L5_CCAATGAGTCCCACGA,Hematopoietic progenitor cell
E2L8_GTTCGCTTCGTGCTCT,CD4 memory T cell
L3_GATGGAGTCTCCGAAA,CD161+ memory T cell
L3_TGACGCGGTTCCGTTC,Naive CD4 T cell
E2L5_GAAGAATAGAAATTCG,Cytotoxic T cell
E2L8_CAACGGCAGAGAGAAC,Naive CD4 T cell
L3_AGTCTCCAGTGTTCAC,Naive CD4 T cell
L4_GACCAATCACATTACG,Conventional dendritic cell
E2L6_AGTGTTGTCGGCTGGT,Naive B cell
E2L2_GTTGAACAGTTTAGGA,Natural killer cell
L5_TTCACCGGTACCGTGC,Naive CD4 T cell
E2L8_TCTCACGGTACAGTAA,CD4 memory T cell
L1_CCTCCTCGTGGTCTCG,Plasmacytoid dendritic cell
E2L6_CCTCTCCCAGGCATTT,CD14+ monocyte
E2L4_CACGTGGGTCTGTAGT,CD4 memory T cell
E2L3_CTGTCGTTCGGACTTA,CD4 memory T cell
E2L1_CGGAACCAGCGAATGC,Proliferating NK cell
L3_CTCAAGAAGGCTAAAT,QC_filtered
E2L8_GTCACGGTCGTCCATC,CD14+ monocyte
L1_TTGAGTGAGGTACAGC,Naive CD4 T cell
E2L2_CTTGATTTCTATTGTC,Naive CD4 T cell
L5_TCGAAGTTCTGGTTGA,CD161+ memory T cell
E2L8_TCAATTCTCCTACCGT,Proliferating NK cell
E2L3_TGGTTAGTCAAGAGTA,Plasma cell
E2L8_GAGCCTGTCTCCACTG,Naive CD4 T cell
E2L5_CTTGAGATCGGACCAC,Natural killer cell
E2L3_AATTTCCCACAGCGCT,Naive CD4 T cell
E2L1_TATTGCTCAATTCGTG,CD4 memory T cell
E2L7_GCCGTGATCGGTCGGT,Natural killer cell
L4_GTAACACAGGTAGTAT,CD161+ memory T cell
L1_CATTCCGAGCAACTTC,Plasmacytoid dendritic cell
L2_TAGGTACAGAAACTGT,Naive CD4 T cell
L5_CCTGCATGTTTCGTGA,Naive CD4 T cell
E2L2_TCCGAAATCCTCTGCA,Naive B cell
E2L5_TACATTCGTGACATCT,Naive CD4 T cell
E2L8_ATTTCACAGGTCGTAG,Memory B cell
E2L5_ATGGTTGAGTGAGGTC,Conventional dendritic cell
E2L8_TCTAACTCACAGCTGC,Conventional dendritic cell
E2L3_GGGCTCACAGGCTCTG,QC_filtered
E2L7_CAGTGCGTCGCTCATC,CD4 memory T cell
L3_GTAGAGGCAGGACATG,Hematopoietic progenitor cell
L2_ATGCATGCAAGCACAG,CD4 memory T cell
L2_ATGGGTTTCAGGCGAA,Memory B cell
E2L2_CTCCAACAGCCGATAG,GZMK+ memory T cell
L3_TTAGGGTAGATGTAGT,FCGR3A+ monocyte
L4_TCCCATGAGTGTAGTA,Plasma cell
E2L3_TAACACGCACGACAGA,Plasmacytoid dendritic cell
L3_GGAATGGAGTTGTAAG,Conventional dendritic cell
L1_CATCCCATCCTCTAGC,Naive CD4 T cell
L1_TGTCCTGGTCGCACAC,CD4 memory T cell
E2L5_ATTCCCGTCCGTATGA,Plasmacytoid dendritic cell
E2L5_GAACTGTTCGTACCTC,Platelet
E2L1_AACGGGAGTCATCTAG,Conventional dendritic cell
E2L6_CAGGGCTAGATTACCC,GZMK+ memory T cell
E2L3_ATACCTTTCATTGCGA,Naive B cell
E2L2_TGCAGATAGAGCAACC,Natural killer cell
L5_GGGTCACGTATGTCCA,Conventional dendritic cell
E2L8_ATTCCTATCGGAAGGT,CD161+ memory T cell
L4_GTCTCACGTGATATAG,FCGR3A+ monocyte
E2L3_ATGGGAGTCATTCTTG,Conventional dendritic cell
E2L5_TAAGCGTAGAATGTTG,FCGR3A+ monocyte
E2L8_TATCTGTGTAACGTTC,Cytotoxic T cell
E2L2_AGGCTGCGTTGGCTAT,Naive CD4 T cell
E2L3_CTCCTTTCACGGTAGA,Cytotoxic T cell
L1_ACGGTCGCATATCTGG,Memory B cell
L5_TTGCCTGAGGAAGAAC,Cytotoxic T cell
L4_TATCCTAGTCGTGGTC,Naive CD4 T cell
L3_CATCGGGAGTCCCTAA,CD14+ monocyte
E2L7_TCGAAGTGTGGTCTCG,Plasmacytoid dendritic cell
E2L1_CAGTTCCTCAACTGGT,Naive B cell
L2_CTTCTCTGTCTGTGTA,Hematopoietic progenitor cell
E2L6_TCACAAGAGCGGGTAT,CD14+ monocyte
E2L4_GACAGCCCATCACGGC,QC_filtered
E2L7_TCGTAGACAACCAATC,Proliferating NK cell
L4_TACAGGTGTGATTCAC,Conventional dendritic cell
L2_TGGAACTAGTGGAATT,Hematopoietic progenitor cell
L2_CGAAGGAGTCACCGAC,Cytotoxic T cell
E2L5_CGTAGTAGTCCCTAAA,Proliferating NK cell
E2L2_TTCTTGAGTGTTCCTC,CD4 memory T cell
E2L5_TTGCGTCAGGTCACTT,Platelet
E2L5_GCTGAATTCTCTCGAC,CD161+ memory T cell
E2L1_TCCGGGAAGGTTCAGG,CD14+ monocyte
E2L7_TTTCAGTCATGGAAGC,Conventional dendritic cell
L1_TCGAACATCCTCTAGC,Proliferating NK cell
E2L2_GACCAATTCTGCTTTA,Cytotoxic T cell
E2L5_TGAATCGCAAGTGGCA,CD4 memory T cell
L1_TTCTAACCAATGCAGG,Naive CD4 T cell
L4_CTCAGGGGTACCTAAC,Cytotoxic T cell
L2_CAGGGCTCATTGAGCT,CD161+ memory T cell
E2L3_TGGTGATAGGGACACT,Platelet
E2L1_CACACAAAGGGAGGGT,Cytotoxic T cell
E2L2_GAGCTGCGTGAACGGT,Natural killer cell
E2L8_GGGATCCTCACCTTAT,CD14+ monocyte
E2L6_TCGTCCAAGACTCTAC,Naive CD4 T cell
E2L2_ATGCATGAGACGCCCT,Memory B cell
E2L8_TGAGCATTCAGGTGTT,Memory B cell
E2L3_ACGTACAAGCGTGTCC,Naive B cell
L4_ATTACTCAGTAGAGTT,Naive CD4 T cell
L3_TTAATCCAGCACTAAA,Conventional dendritic cell
E2L6_CCTGTTGCAATTGCAC,Proliferating NK cell
E2L7_GCCCGAAAGTTTAGGA,Gamma delta T cell
L3_AGGGTCCAGTCGCCAC,CD161+ memory T cell
E2L7_AACAAAGCACCTCAGG,Natural killer cell
E2L6_CATCCCAAGCGTCAGA,Conventional dendritic cell
E2L4_GCAGCTGCAAACTAAG,Conventional dendritic cell
L3_ATGTCCCTCGCTGTTC,Proliferating NK cell
E2L1_GGGTTATGTTTCACAG,Memory B cell
L3_GATGACTGTCGTGGAA,QC_filtered
E2L3_CATTGCCTCAAGAATG,CD4 memory T cell
E2L1_GAGACTTAGAGGCTGT,Conventional dendritic cell
L3_ACAGAAAGTCCAAATC,Plasma cell
E2L5_CAGCAGCCACACTTAG,Naive CD4 T cell
L1_ACTGTCCAGTGCAGCA,Naive CD4 T cell
L3_CCTAAGAGTCTCCTGT,Naive CD4 T cell
L2_CATTGAGGTCAGGTAG,Plasma cell
L3_GGTGAAGTCTGCCTCA,CD4 memory T cell
E2L4_CATCGGGGTTGCTGAT,CD4 memory T cell
L5_ATGCGATTCCAGTGCG,Hematopoietic progenitor cell
E2L1_TGCACGGCAGTATGAA,Plasma cell
E2L2_TCCATCGAGTCTGCAT,Memory B cell
L1_AGGAGGTTCCACTGGG,Plasmacytoid dendritic cell
L3_CCACGTTTCACGTAGT,Plasma cell
L5_AGCGTATAGTAACCGG,CLEC9A+ dendritic cell
E2L3_TACTGCCAGTGGTCAG,Memory B cell
E2L3_TCCTAATCAGCTGTAT,Cytotoxic T cell
E2L3_GCACATATCAAGTCGT,CD14+ monocyte
L5_TAGGTACGTTCAGCGC,CD161+ memory T cell
E2L5_TGGTGATTCCAAGAGG,Platelet
E2L6_CCTTCAGTCACTTGGA,Memory B cell
E2L4_AAGTACCCAGGCCCTA,Plasma cell
E2L1_GGCTGTGAGTTGGACG,Platelet
L1_CCTAAGAAGTTCTCTT,Plasma cell
E2L2_CCAAGCGTCGCAGATT,Naive B cell
L4_GTCCCATCAAACTAGA,Naive B cell
L2_CAGATACAGACGGATC,CD4 memory T cell
L5_ACTTCCGCAGATTCGT,Conventional dendritic cell
E2L1_ACCCTCACACGATTCA,Conventional dendritic cell
L4_GGGCTACAGAGGTCAC,CD161+ memory T cell
L5_TTACGCCGTGAGTAGC,FCGR3A+ monocyte
E2L2_TAGCACAAGCTAATCC,CD4 memory T cell
L2_AGACAGGCAAATAAGC,CD14+ monocyte
L3_CACTGTCTCCTGTAGA,CD4 memory T cell
L5_GACTTCCTCTCTCAAT,GZMK+ memory T cell
L1_TTAATCCCAGGATCTT,Cytotoxic T cell
L5_CAACGGCAGCTCACTA,CD161+ memory T cell
L1_GTGGTTAAGAGCTTTC,Memory B cell
E2L3_TCAGTTTCACTCCTTG,Natural killer cell
L3_TACCTGCTCTGAGTCA,Erythroid cell
E2L2_TCAATCTCATCCTTGC,Proliferating NK cell
E2L8_GAACTGTCAATAAGGT,CD4 memory T cell
E2L3_CGGGTGTTCTCCGAAA,FCGR3A+ monocyte
L1_GGTGTTAAGATAGCTA,Gamma delta T cell
E2L6_GGAATCTGTGACTGTT,Platelet
L3_TCAATCTGTCCGGTCA,Naive CD4 T cell
L4_CAAGAGGTCCGATTAG,Platelet
E2L7_TCAGTTTTCAAACCCA,Conventional dendritic cell
L1_CAATCGAGTCAAGGCA,Cytotoxic T cell
E2L7_TCCCATGTCTTTGATC,QC_filtered
E2L8_AGCGCCAAGTCCCGGT,QC_filtered
L3_ATCATTCGTTGACGGA,Plasma cell
L1_GTCTGTCCAGTACTAC,Naive CD4 T cell
E2L5_CGAAGGAGTGCATTAC,Cytotoxic T cell
E2L2_CCCTCTCGTACAAGCG,CD4 memory T cell
L5_GAAGCGACAGGTTCAT,Hematopoietic progenitor cell
E2L2_GGCTGTGAGACTCTAC,CD4 memory T cell
L5_TGAGCATTCATTCGGA,Plasma cell
L4_TCCACCAGTACAGCGA,Cytotoxic T cell
E2L8_CCACGTTCAGTAGTTC,Cytotoxic T cell
E2L5_TGGAGGACAATACCTG,CD14+ monocyte
E2L4_CGTCCATTCATTTCCA,CLEC9A+ dendritic cell
E2L8_TTGCATTGTACGGCAA,Naive CD4 T cell
E2L8_GGCAGTCAGAATCGAT,Proliferating NK cell
E2L4_ACTGCAAAGCCTTGAT,CLEC9A+ dendritic cell
L1_ATCGTCCTCCGCTGTT,Naive CD4 T cell
L2_TCTATCATCGTCAACA,Naive CD4 T cell
L1_GAATCGTTCGGAGATG,Erythroid cell
E2L8_TCGCAGGTCGACACCG,Conventional dendritic cell
L4_GAATCGTAGCCGGAAT,Naive B cell
L2_CGCAGGTTCATTCCTA,Cytotoxic T cell
L5_CACAGGCCAGTTTCAG,Naive CD4 T cell
E2L2_GTAGTACCAGGTCCGT,Naive CD4 T cell
E2L5_GGATCTATCACGGGAA,Naive CD4 T cell
L3_GGCGTCAAGTGCACCC,CD161+ memory T cell
E2L4_GTTTGGAGTGCCGTAC,Proliferating NK cell
E2L8_AGAAGTAGTAGCTTGT,Memory B cell
L2_ATTTCTGCAACTGCTA,CLEC9A+ dendritic cell
E2L5_AGAACCTTCGCTCCTA,QC_filtered
E2L7_GTAACACAGAGTTGCG,QC_filtered
L2_GCTACAAGTCTGATAC,FCGR3A+ monocyte
E2L3_CTTCCTTGTTTGTGGT,Cytotoxic T cell
E2L7_ATTACTCGTTGACGGA,CD14+ monocyte
E2L8_TCATGTTCATCGTTCC,Naive B cell
L2_GAATCGTCAGTTGGTT,Proliferating NK cell
L2_CTACAGACACACTGGC,Cytotoxic T cell
L2_ACTGTGAGTGATACTC,GZMK+ memory T cell
L3_CTTCGGTGTAGGTCAG,Naive CD4 T cell
L4_TACTGCCTCGAGGCAA,Gamma delta T cell
L3_TCGACCTAGGGTATAT,Proliferating NK cell
E2L7_CGGGTCACAGGCACAA,Naive B cell
L5_TCACGCTAGGCCTTGC,Naive CD4 T cell
L2_TGTAGACTCGGCAGTC,Natural killer cell
E2L7_ACACAGTTCTAAGCGT,Naive CD4 T cell
L5_TACCGAATCATGCATG,Natural killer cell
L1_AGGAGGTTCGCTGCGA,Naive CD4 T cell
E2L4_GACCTTCTCCGCTAGG,Memory B cell
E2L8_CTCAACCAGTAGGTTA,Cytotoxic T cell
E2L3_GTGCTGGAGGTGAGCT,Conventional dendritic cell
E2L6_ACTGTGATCCACGGAC,CLEC9A+ dendritic cell
E2L8_AGGGTTTCAAATGATG,CD14+ monocyte
L5_TACACCCAGACTTCGT,Naive CD4 T cell
L1_GGGCTCAGTCTGTAGT,Hematopoietic progenitor cell
L3_GTGGCGTCAATCTCGA,CD161+ memory T cell
L4_TGGAACTAGTTGGCGA,Naive CD4 T cell
L2_AGAGAGCAGGTAGTCG,CD161+ memory T cell
E2L8_TGGGTTAAGATAACAC,Platelet
L3_TTTCCTCGTCCAAAGG,Naive CD4 T cell
E2L3_CCCTGATAGTGTCATC,FCGR3A+ monocyte
E2L1_GAAGGACGTGTCACAT,Naive B cell
E2L2_GAGAGGTGTCGTCATA,Naive CD4 T cell
L3_GTCTTTACAAATGGTA,CD4 memory T cell
E2L2_TTGAACGTCAGCAGAG,Plasmacytoid dendritic cell
L1_CAGATCATCGCTTTAT,CD14+ monocyte
E2L3_CTCCTTTAGGCCCACT,Natural killer cell
L5_GACACGCGTTGCTTGA,Naive CD4 T cell
E2L8_GACGTTACAAATCCCA,FCGR3A+ monocyte
E2L7_ATGCGATGTAGTAAGT,Natural killer cell
E2L3_GCCTGTTCAAGACGGT,Memory B cell
E2L4_CCTGTTGAGCTCGTGC,Proliferating NK cell
L1_ATCACAGCACGTCGGT,Naive CD4 T cell
E2L3_CCTCCTCTCAAACGAA,Naive CD4 T cell
L5_AGTTCGAAGCCATTGT,Erythroid cell
E2L3_TGATTCTCAGGTCAGA,Proliferating NK cell
E2L2_CACGTGGAGTCACGCC,Hematopoietic progenitor cell
L3_TCATTACCAGAAGTTA,Conventional dendritic cell
E2L6_ATCACTTTCCGTGGCA,Plasma cell
L3_TTACGCCTCACGGGAA,FCGR3A+ monocyte
E2L7_AGCTCAATCGCCTATC,Conventional dendritic cell
L2_GTGCACGCATGTAACC,Naive B cell
E2L6_TCGTGCTTCGCAGATT,CD161+ memory T cell
L5_CTGATCCGTGCAACGA,FCGR3A+ monocyte
L5_TGATGCAAGCCGGATA,CD161+ memory T cell
L4_GTTACAGCATTGCTGA,Memory B cell
E2L6_GTGTTAGAGTGCAAAT,Naive B cell
E2L2_GTCAAACAGTTACGAA,CD14+ monocyte
L3_TGGAGAGCATGAAGCG,Naive CD4 T cell
L2_CGAAGTTTCACCTGGG,Cytotoxic T cell
E2L7_ACCTGTCAGCATCGAG,Natural killer cell
L1_TCCCACATCACGACTA,Platelet
E2L3_AAACGCTTCACCCTGT,Cytotoxic T cell
E2L7_CAGTGCGGTGGAATGC,Cytotoxic T cell
L5_GCTGCAGTCATTGCCC,CD4 memory T cell
E2L2_GTAGGAGAGGAGGGTG,Memory B cell
E2L5_GCACTAAGTGACTATC,FCGR3A+ monocyte
E2L1_ATTCAGGGTTGCGGCT,Cytotoxic T cell
L3_TTCGATTCACGTACTA,Hematopoietic progenitor cell
E2L7_CGGGTCACAGTTCACA,Cytotoxic T cell
L2_GGTTCTCGTTTACCTT,CD4 memory T cell
L1_TGGTGATGTTCTTGTT,Naive B cell
E2L5_TCCACGTTCCGACATA,Memory B cell
E2L3_CATCCCAAGGTAGGCT,Plasmacytoid dendritic cell
L5_TCTTAGTGTATGGTAA,Natural killer cell
L4_ATCCATTGTAGCCAGA,GZMK+ memory T cell
E2L3_AGAGAATCATGGGTCC,Naive B cell
L5_GTTCGCTGTTACGGAG,CLEC9A+ dendritic cell
E2L2_TGTCAGAAGTTACTCG,Memory B cell
L1_GCAGTTATCTCTCTAA,Memory B cell
L1_AGCTACAGTATTCTCT,Hematopoietic progenitor cell
L5_CGAGGAACAGCTAACT,Naive B cell
E2L5_TCTCACGAGAGTCGAC,Naive CD4 T cell
E2L1_TCCTCGAAGAAGCGGG,QC_filtered
E2L6_CAATGACAGCCTCCAG,CD4 memory T cell
L4_TTTGATCAGCGACATG,Proliferating NK cell
L4_ATGTCTTCATCGAGCC,Naive B cell
E2L6_TGACAGTCAACAGCCC,Cytotoxic T cell
E2L8_ACTTTCAGTCTTCGAA,FCGR3A+ monocyte
E2L4_ACTCTCGAGGTTGAGC,Proliferating NK cell
L2_CGGAATTCACTGGCCA,CD4 memory T cell
L5_ACACAGTTCATGCCAA,FCGR3A+ monocyte
E2L7_TTCCAATTCGGTAACT,Cytotoxic T cell
L3_AAAGGATAGCGCCTAC,Naive B cell
E2L2_TTGGGCGTCCCGATCT,Cytotoxic T cell
L1_AGTACTGTCGAGAGAC,Natural killer cell
E2L5_ACAGGGACAGTCAACT,Conventional dendritic cell
L5_TAAGTCGCAACACAGG,CD4 memory T cell
E2L2_ACATGCAAGATCCTAC,Natural killer cell
L4_CATTCATAGGATGTTA,CD4 memory T cell
E2L4_TTCCGTGAGATAGGGA,Naive CD4 T cell
E2L5_CTTGAGACAGGCAATG,Cytotoxic T cell
E2L5_ACACGCGCAGAAGCTG,Memory B cell
E2L3_ATGATCGCAGCTATTG,FCGR3A+ monocyte
E2L5_GACTGATGTGACAGCA,Proliferating NK cell
E2L2_CGGAATTCACGATTCA,CLEC9A+ dendritic cell
E2L7_GATGCTAAGAGTGGCT,CLEC9A+ dendritic cell
L2_GATGGAGGTCGCACAC,Platelet
E2L3_ATGATCGTCTCTTAAC,Natural killer cell
L3_TGAGTCATCTATTCGT,Naive CD4 T cell
L5_CATGGATCACTAGGTT,CD161+ memory T cell
L5_TGGAACTCATCCTAAG,Proliferating NK cell
E2L8_CTTCAATTCTGCGGCA,CD4 memory T cell
L5_TGATGGTTCGAGATGG,Naive CD4 T cell
L4_TCTTAGTCATGGAACG,CD4 memory T cell
L4_GGGAGATTCTTCGATT,CD14+ monocyte
E2L7_GATCCCTTCTTCCACG,QC_filtered
E2L1_AACCTGAAGAGTGACC,CD4 memory T cell
E2L3_TTCGCTGGTCCTATAG,Memory B cell
E2L2_GAATCACAGACTAGAT,Naive CD4 T cell
L5_TTCTAGTCATTGCTGA,CD4 memory T cell
E2L8_TGCCGAGCATTGACAC,Platelet
L3_CTTACCGCAGCTACTA,Naive CD4 T cell
E2L1_CAGGCCACAGACCAGA,Cytotoxic T cell
E2L3_GCTTCACAGACCTCAT,Memory B cell
E2L6_TCCATCGAGTCGGCAA,Naive CD4 T cell
L4_TCGGGACAGAAGTCTA,Plasma cell
L1_CATGCTCAGCAGGCAT,Hematopoietic progenitor cell
L1_TCATTGTAGGGATCAC,CLEC9A+ dendritic cell
E2L6_TTGCATTCAATGCAGG,FCGR3A+ monocyte
E2L4_GTTAGTGCATGAGGGT,Memory B cell
E2L8_TGATCAGTCGGTATGT,Plasmacytoid dendritic cell
E2L5_GTAACCACAAGAAATC,Naive CD4 T cell
E2L4_CGGAACCAGACATATG,Naive CD4 T cell
L1_CAACGATAGAAGCGGG,Natural killer cell
E2L7_GTGGGAAGTTCGAAGG,Natural killer cell
L1_TACTTGTAGTTTGGCT,Naive CD4 T cell
L2_TTGACCCCAACGTTAC,CD161+ memory T cell
L1_TTAGGCACAGTCGAGA,Cytotoxic T cell
L4_CCTTGTGTCTGCTTAT,CD161+ memory T cell
L4_CACAGGCCATGGCCAC,CD4 memory T cell
L3_TCTATACTCCCGATCT,Naive B cell
E2L4_ATTTCACTCTATCGTT,Gamma delta T cell
L1_AGCCAGCAGAGAGTTT,Natural killer cell
L2_CGAGTTAAGCGAGGAG,Plasma cell
E2L2_GTGCACGAGATTGATG,Conventional dendritic cell
E2L6_TTTGATCCAAGAGTTA,Cytotoxic T cell
L1_CAAGGGATCTTTGATC,Memory B cell
L4_AAGATAGTCAAGCTTG,CLEC9A+ dendritic cell
L1_TTTGTTGTCAGGAAAT,Plasma cell
E2L2_ATGGATCGTCAGTCTA,Plasmacytoid dendritic cell
E2L1_CAGTTAGTCCTCTTTC,Conventional dendritic cell
E2L8_AATCGTGGTCTTTATC,Cytotoxic T cell
L4_GAATCGTCAGTTGCGC,CD4 memory T cell
E2L3_CCTAACCCAGAGCCCT,Memory B cell
E2L2_CGATCGGAGAATTTGG,Cytotoxic T cell
L3_GAATAGAAGTAGTCAA,Hematopoietic progenitor cell
E2L1_TTCTCTCTCTCACGAA,Plasmacytoid dendritic cell
L4_CTCATGCGTCGATTAC,CD4 memory T cell
E2L1_CATCGCTGTGTATCCA,CLEC9A+ dendritic cell
L4_TTTCCTCCACAGTACT,Natural killer cell
L5_CTCCTTTAGGAGAATG,CD161+ memory T cell
L4_GGACGTCAGTAGCAAT,Proliferating NK cell
E2L8_TTGACCCAGGCAGCTA,QC_filtered
L2_ATGTCTTGTCAGGAGT,Naive CD4 T cell
E2L8_GGTGAAGAGACCAGAC,CD14+ monocyte
E2L7_GGGACAATCATTCTTG,CD4 memory T cell
L2_TCGAAGTTCGACACCG,Hematopoietic progenitor cell
L3_ACCCAAAGTCGCGTCA,Naive CD4 T cell
E2L5_CAACCAATCACAGTGT,Plasma cell
E2L4_GTGATGTCACTTCATT,CD4 memory T cell
L3_TCACGGGGTGACATCT,Hematopoietic progenitor cell
E2L6_TAGATCGGTTCAAGTC,Conventional dendritic cell
E2L7_ACATCGATCATAGAGA,Cytotoxic T cell
L3_GGCAGTCGTTGGGACA,Naive B cell
L3_TGTTGGAAGGCAGTCA,Natural killer cell
E2L5_CCACAAAGTAATGCTC,Plasma cell
L5_GCACATATCGGAACTT,Hematopoietic progenitor cell
E2L5_ATGAAAGTCGACGAGA,CD14+ monocyte
E2L3_TAGTGCAAGAGTGGCT,Natural killer cell
E2L3_TCCTGCAAGACGCCCT,Cytotoxic T cell
E2L3_AGGTAGGAGGAGAATG,Proliferating NK cell
E2L2_TGAGCGCTCGATTGGT,Natural killer cell
L4_ATAGACCGTCAAGTTC,Proliferating NK cell
E2L4_GTTGCGGTCACCCTTG,Cytotoxic T cell
L1_TCCCATGCACCGGTCA,CD14+ monocyte
E2L3_CTGAGGCGTCGTCAGC,Conventional dendritic cell
E2L4_AGTAGTCGTGCAACAG,CLEC9A+ dendritic cell
E2L7_ACCAAACAGTGCACAG,Proliferating NK cell
L4_CCATAAGCAATCAGCT,Cytotoxic T cell
L5_TGTCCTGAGACAACAT,Cytotoxic T cell
E2L3_TACGGTAAGCGTTACT,Plasma cell
E2L2_TGTACAGAGCGACTAG,Conventional dendritic cell
L4_TCCTCTTCATTGGATC,Naive CD4 T cell
L3_CTCAGTCTCAGTGTGT,CD4 memory T cell
E2L2_TTTGTTGCATGAAGCG,CD4 memory T cell
L5_TTCTGTAAGTGCGTCC,CD4 memory T cell
E2L6_AATTCCTTCAGCTGTA,Proliferating NK cell
E2L5_GGACGTCCAGAGAAAG,Naive B cell
L5_TCTCAGCGTGAGCAGT,CD14+ monocyte
L1_TGCGATAGTATCGCGC,Naive B cell
E2L6_TGGGCTGTCTATTTCG,CD4 memory T cell
E2L8_GATAGAAGTGCGGCTT,Naive CD4 T cell
E2L5_CATCGCTCACACGCCA,Memory B cell
L4_AGCGTCGCATCAGCGC,CD4 memory T cell
E2L2_TGTCCACTCGGCTTCT,Plasma cell
L3_CGAGTGCTCTATCACT,CD161+ memory T cell
E2L5_CTCAACCCATAGGCGA,Cytotoxic T cell
E2L6_TACTTGTTCGTCCATC,Cytotoxic T cell
E2L1_ATTGTTCCATATACCG,Cytotoxic T cell
L2_TTTGGAGTCTTCCCGA,Naive CD4 T cell
E2L6_GGGCTCAAGGTTTACC,Naive CD4 T cell
E2L7_TCCGGGATCAAGCTTG,Memory B cell
E2L8_CATACAGTCCCGGTAG,Naive CD4 T cell
E2L7_GGGACTCCAACGCCCA,Conventional dendritic cell
E2L6_TGCAGTAAGTTGTCAC,Cytotoxic T cell
E2L2_CCCTGATTCGTGGCTG,Hematopoietic progenitor cell
L5_TTTACTGGTACACGTT,CD14+ monocyte
E2L2_ACTACGAGTTTGGGAG,CD14+ monocyte
L5_ATCACTTGTCGTTGCG,Naive CD4 T cell
E2L8_AAGACTCAGCCTTCTC,CD14+ monocyte
L2_CTCCTCCTCATTTGGG,CD14+ monocyte
E2L8_AACAAAGGTACAAGTA,Cytotoxic T cell
L4_CATACAGAGATAACAC,Proliferating NK cell
L2_CTAACCCAGACTCATC,Naive CD4 T cell
E2L3_TACGGGCCATCCTATT,Platelet
E2L8_GAAGTAAAGGGATCAC,CD4 memory T cell
L4_ATCGGATCAATGCAGG,Plasma cell
E2L6_GCGTGCAGTGCTAGCC,Naive B cell
L3_GCATCTCTCAAATGAG,Cytotoxic T cell
E2L6_GAAGCCCCACAATGCT,Cytotoxic T cell
E2L3_ACCCTCAGTCAAGCCC,Conventional dendritic cell
E2L2_CGCGTGAAGCTTGTGT,CD4 memory T cell
E2L8_ATACCTTTCCTGTAAG,Gamma delta T cell
L5_GGAGGATGTTCAGGTT,Plasmacytoid dendritic cell
E2L5_CTCAGAATCCCTTGTG,CD4 memory T cell
E2L3_TTCAATCAGGCACGAT,Platelet
L2_CATTCCGTCTATGTGG,Hematopoietic progenitor cell
E2L1_CGGTCAGCACCGGCTA,Conventional dendritic cell
L1_TATATCCCACCGAATT,Naive CD4 T cell
L4_TGTTCATTCATAGCAC,CD4 memory T cell
E2L6_AGTAACCAGCGGGTTA,Plasma cell
E2L8_GTGAGGAAGCCGTTAT,CD4 memory T cell
L1_GCAACATAGGTGCTAG,Naive CD4 T cell
E2L8_TTCGATTTCGAAGCCC,Natural killer cell
E2L8_GTTGCGGCAATTCACG,Naive B cell
L2_CTTCCGAGTGTTAGCT,GZMK+ memory T cell
E2L7_TTACAGGTCGGACGTC,CLEC9A+ dendritic cell
L1_CACAACACATCAACCA,Conventional dendritic cell
E2L8_ACCTGTCCATGGATCT,Memory B cell
E2L8_GTGGAAGTCCATGATG,Conventional dendritic cell
L1_CCAATGATCGATTGGT,Naive CD4 T cell
E2L4_CCTTGTGGTAACTAAG,Naive CD4 T cell
L4_TGTCCACTCAGGAACG,Cytotoxic T cell
L3_GTTACCCGTTTCGACA,Conventional dendritic cell
E2L5_AGGGCCTGTGACACGA,Memory B cell
L4_AATCGTGCACACTGGC,Plasmacytoid dendritic cell
E2L4_GGAATGGAGACCTCAT,Cytotoxic T cell
E2L2_GTAGGAGCAACTCCAA,Natural killer cell
E2L7_ACTGTGACACAGCTGC,Naive CD4 T cell
L3_CTTGATTCATTCAGCA,Conventional dendritic cell
E2L1_TGTGTGAAGGGTCAAC,Memory B cell
E2L5_CGACAGCGTAAGGCTG,Proliferating NK cell
L3_AGGGTGACACGACAGA,Plasmacytoid dendritic cell
E2L2_CTTCCGAGTCGACTTA,Naive B cell
L4_CGATGGCAGGCGCTTC,Hematopoietic progenitor cell
L3_CGATGGCCAGAACTTC,Hematopoietic progenitor cell
L2_CGATGGCTCGCACTCT,Naive CD4 T cell
E2L5_TGCGGGTCAAGACGAC,CD4 memory T cell
E2L8_CTGCAGGTCACTCGAA,Platelet
E2L5_GAAGGACGTGCGGCTT,QC_filtered
L4_GTAATCGAGCTAGAAT,Naive B cell
E2L8_TCATCATAGTGGAATT,FCGR3A+ monocyte
L3_TCATCATGTAGTAAGT,Naive CD4 T cell
E2L4_GCAGGCTGTCCTACGG,Plasma cell
E2L1_GAGGCAAAGATGAAGG,Natural killer cell
E2L1_CCGTTCAAGTGTAGTA,Naive B cell
E2L6_GGGAGTACACCATAAC,Memory B cell
L5_GTAGGAGGTAGAGACC,Cytotoxic T cell
E2L2_CCCTGATTCAATGCAC,Proliferating NK cell
E2L1_TGGTGATCAGACCTAT,QC_filtered
L2_CTGTATTGTTGCTTGA,Naive CD4 T cell
E2L1_TGATCAGCATGTTTGG,CLEC9A+ dendritic cell
E2L8_ATTTACCAGATAGCAT,CD4 memory T cell
E2L1_ATTGTTCGTAGATGTA,CD161+ memory T cell
L3_CTGGACGGTACAGGTG,Plasmacytoid dendritic cell
E2L6_TTTGACTGTTTCGGCG,Cytotoxic T cell
E2L4_CGATGGCAGAGATGCC,Cytotoxic T cell
E2L7_TCCTTCTCAACCCTCT,FCGR3A+ monocyte
E2L2_TTCGATTTCTCAGTCC,Plasmacytoid dendritic cell
L2_GTGGTTAGTTCGGTAT,CD4 memory T cell
L3_CAGTTCCAGTAAGACT,Cytotoxic T cell
E2L3_TTCCTTCGTGCGGCTT,Memory B cell
L2_TGTCAGAGTCCTCAGG,Naive CD4 T cell
E2L6_ACCATTTGTGGTACAG,CD4 memory T cell
E2L4_GTAGAAACATGATGCT,CD161+ memory T cell
E2L6_ACTTATCCAGTCCGTG,CD14+ monocyte
L4_GCCATTCAGTACCGGA,Naive CD4 T cell
E2L4_AGAACAAAGGTCGTCC,Naive CD4 T cell
E2L7_ACTTCGCAGGCGAACT,Proliferating NK cell
E2L3_TACTTCATCCACACAA,Plasmacytoid dendritic cell
L5_GGCGTCACATAGGTAA,Naive CD4 T cell
L4_CGAGAAGGTCCGAAAG,Naive CD4 T cell
L5_ACCCTTGGTGGCAACA,CD4 memory T cell
E2L4_GTAACCAAGGCGATAC,Naive CD4 T cell
L5_GAAGGACGTCATGACT,CD161+ memory T cell
L2_GAGGGATGTGAGTGAC,Naive CD4 T cell
E2L1_AAGGTAAAGTACGTCT,Cytotoxic T cell
E2L7_CACTGGGTCATTTACC,Memory B cell
L3_GTTACCCTCCTAGCTC,Gamma delta T cell
E2L4_GACCGTGAGGATGGCT,FCGR3A+ monocyte
E2L6_ATTCATCCAATAGTGA,Cytotoxic T cell
E2L5_TTACGTTTCCCGTGTT,Plasma cell
L3_ACGGTCGAGGCCCAAA,Plasmacytoid dendritic cell
L1_GATTGGTTCTCTGCTG,GZMK+ memory T cell
E2L2_GAGGGATTCGGCTGGT,CD4 memory T cell
L3_GGGCTACAGGTGCTTT,Natural killer cell
E2L6_GTACAGTAGTAAACGT,CD4 memory T cell
L2_CCCATTGCAGCGTACC,Cytotoxic T cell
L1_ATTTCACGTGAACTAA,CLEC9A+ dendritic cell
L5_GACGCTGTCGACGCTG,Cytotoxic T cell
E2L3_CTGCCTACATTGACTG,CD161+ memory T cell
L4_TGAGGGAGTCGGAACA,Platelet
E2L8_TTGATGGCAGATTTCG,Memory B cell
E2L1_CCGGTGAGTAAGATAC,Memory B cell
E2L8_AGTGACTCAACGTTAC,CLEC9A+ dendritic cell
L1_AGGGCCTCACAACATC,Naive CD4 T cell
L2_TCTTTGACATCCGAAT,Naive CD4 T cell
E2L7_CTCAGTCGTGCGAACA,Plasmacytoid dendritic cell
E2L5_CATTGTTTCTCTCTTC,Natural killer cell
E2L3_TTAGTCTTCTCGGTAA,FCGR3A+ monocyte
E2L5_CATTGTTAGTGTTCAC,Plasmacytoid dendritic cell
E2L4_CAAGCTACAATCCTAG,QC_filtered
L3_TTAATCCGTTGTATGC,Cytotoxic T cell
L1_TTCTAGTTCCGATGCG,Cytotoxic T cell
L3_TTCTGTAGTCCTGTCT,Plasmacytoid dendritic cell
L2_TGTCCACGTGAGAACC,CD161+ memory T cell
E2L5_GAGACCCAGTCACGAG,CD4 memory T cell
E2L2_AGACAAAGTGACATCT,Naive B cell
E2L5_AGGGTCCAGGGTACAC,Naive CD4 T cell
E2L4_AAAGGGCTCTGGACCG,CD161+ memory T cell
E2L8_ACTTCCGGTTAAACCC,Conventional dendritic cell
E2L5_ATAGAGATCAGTGCGC,Plasmacytoid dendritic cell
E2L4_ACATCCCGTACTCAAC,Platelet
L1_ACTATTCAGAGGCGGA,Memory B cell
L1_TCGTGCTGTCTTTCTA,Naive CD4 T cell
E2L1_CAGTTAGCAACATACC,Proliferating NK cell
E2L7_CTGTCGTCATGGAGAC,Conventional dendritic cell
E2L3_TTTCATGAGAGGCTGT,Platelet
E2L3_TCTCTGGTCGCTGCGA,CD14+ monocyte
E2L6_TCGGGCAGTGGCATCC,Naive CD4 T cell
L1_CTCCCAAAGAGTCGAC,Gamma delta T cell
L1_CTTCTAAGTATCGATC,Natural killer cell
E2L1_AGAGAGCAGCGGATCA,Cytotoxic T cell
E2L2_TGAGTCAGTCCTTAAG,Gamma delta T cell
L5_GACCAATCACGTATAC,GZMK+ memory T cell
E2L5_GTAGTACCAGGCACAA,QC_filtered
L5_ATGCGATAGGAACTCG,Naive CD4 T cell
L2_AACCTTTAGAATAACC,Proliferating NK cell
L5_TGAGTCAAGTTTCGAC,Naive CD4 T cell
E2L1_TGGAACTTCGGACAAG,Cytotoxic T cell
E2L3_CGTTCTGGTTACACTG,Naive CD4 T cell
L1_TATTGGGGTTCCTAGA,Conventional dendritic cell
L3_TGCAGATTCGAAATCC,Memory B cell
L5_AGACAAAGTGATTAGA,Proliferating NK cell
L3_TCGGGCAGTGCCTATA,Cytotoxic T cell
L1_CAATCGACAGGTTCCG,FCGR3A+ monocyte
L3_CCTCTCCAGGTTGCCC,QC_filtered
L4_TGCTCGTGTACAGTAA,CD4 memory T cell
E2L8_TTGATGGTCACACGAT,Conventional dendritic cell
E2L3_CGTAAGTGTAAGACCG,Cytotoxic T cell
E2L6_CACCAAACACAGTGTT,Cytotoxic T cell
E2L2_GTGTAACCACTCAAGT,FCGR3A+ monocyte
E2L4_ATGCCTCTCGGCAGTC,CD4 memory T cell
L1_AGACCCGGTCTGATCA,Cytotoxic T cell
L5_TCAGTTTCACGGCGTT,CD4 memory T cell
L4_GGTGTCGCAGCTACCG,Naive CD4 T cell
E2L2_ACACTGAAGACTCCGC,FCGR3A+ monocyte
L5_CGGGTCATCCTTGAAG,Proliferating NK cell
E2L8_CTCACTGAGGTAACTA,Natural killer cell
E2L7_GAGGGTACACGTCATA,Memory B cell
L1_ACATTTCTCACGGGAA,CD14+ monocyte
E2L8_GAGTGTTGTTAAGGAT,CD4 memory T cell
L3_AGTCACAAGTAATCCC,Naive CD4 T cell
E2L7_GCCAGTGTCCTGCTAC,Platelet
E2L5_CTAAGTGCAAGACGGT,CD14+ monocyte
E2L2_AGTACCATCTGGGCAC,Natural killer cell
E2L5_GTGTCCTTCACTTTGT,Cytotoxic T cell
L2_CTCAGTCCATCCGGCA,Naive CD4 T cell
L5_TTTACTGGTCGTGCCA,CD14+ monocyte
E2L4_AGCTCAAAGATGTAGT,Conventional dendritic cell
L5_TTCCTCTAGGTCATTC,CD161+ memory T cell
E2L3_CGGAGAAAGCCGATCC,Naive CD4 T cell
L5_TGCTCGTTCGAGCCAC,Gamma delta T cell
E2L4_AGCCAATCAGAGAGGG,Naive CD4 T cell
E2L3_AGGTTACTCTATACTC,Plasmacytoid dendritic cell
L1_TATATCCGTAGCGTTT,Naive CD4 T cell
E2L8_GCCAGCATCCGATAGT,Memory B cell
E2L7_ATCGCCTCAACGACAG,Platelet
E2L7_ATTATCCGTCTCTCAC,CD4 memory T cell
L1_AAGCGAGAGAAATTCG,Naive CD4 T cell
L5_GGCTTGGTCGAGCCTG,Cytotoxic T cell
L5_TCGAAGTAGACCATAA,Naive CD4 T cell
E2L8_ACGTCCTAGGTGAGAA,Cytotoxic T cell
E2L7_TCTTAGTTCGCATTGA,CLEC9A+ dendritic cell
E2L8_TTCTGTATCACTGGGC,CD14+ monocyte
L1_ATTTACCAGGCCTGAA,CD4 memory T cell
E2L1_CCGGTAGAGACATAAC,Memory B cell
L3_ACTTATCTCACGGACC,Naive CD4 T cell
E2L3_AGTTCCCTCGACCATA,Naive CD4 T cell
L3_GTAACCACAAAGACTA,Cytotoxic T cell
L1_TCAGTTTAGCCTTGAT,Naive CD4 T cell
E2L1_CGAGGCTCAAGGTCGA,Naive CD4 T cell
L3_CCCGAAGCACGACGTC,CD4 memory T cell
E2L6_GTCATGAGTTGCACGC,Cytotoxic T cell
E2L4_AACCATGTCTGCGATA,Natural killer cell
L5_TACCGAAAGCCACTCG,Hematopoietic progenitor cell
L4_CTCCTTTTCAAATAGG,CD4 memory T cell
E2L4_GTGGTTACAGGGTTGA,Plasma cell
L2_AGGAATATCTCTGAGA,CD4 memory T cell
L3_TCATGGAGTCACAGTT,CD4 memory T cell
L3_TATTTCGGTCAACCTA,Gamma delta T cell
E2L5_TATCTTGTCCATTGTT,Memory B cell
L2_AGTAACCTCTCTTCAA,Conventional dendritic cell
E2L6_TCGTCCAGTCAAATCC,Cytotoxic T cell
E2L1_GCCATGGGTCCTACGG,Proliferating NK cell
L2_CTAACCCCACAGTGAG,Cytotoxic T cell
E2L4_GGTGGCTTCTCTAGGA,GZMK+ memory T cell
E2L2_ATTCTACCACCTGCAG,Conventional dendritic cell
E2L7_AGACCATTCGTAGTCA,Proliferating NK cell
E2L2_TTATTGCAGCCAAGGT,Naive CD4 T cell
E2L8_ACCCAAACAGGTGGAT,Memory B cell
E2L2_AGATCGTTCGTGTGAT,Proliferating NK cell
E2L5_AAGGTAATCGACATAC,Conventional dendritic cell
L1_GAACTGTAGCAGGCAT,QC_filtered
L1_ATGGATCCAGTTAGAA,Cytotoxic T cell
L3_GCGAGAAAGATCCAAA,CD4 memory T cell
L1_GATCACAAGCATTGTC,CD161+ memory T cell
L5_CCGTTCATCAACCTCC,Conventional dendritic cell
E2L4_GATGACTGTCAATGGG,FCGR3A+ monocyte
L2_CGAATTGTCGTCACCT,Platelet
L5_GTCAGCGGTCACAATC,GZMK+ memory T cell
E2L2_GACACGCTCCGCATAA,Proliferating NK cell
L2_TTACCGCCATGGAATA,Proliferating NK cell
E2L7_ACTTAGGTCCGTCCTA,Natural killer cell
L1_TTAGTCTCACGCCAGT,Gamma delta T cell
E2L8_TCGGATAGTAGCGTCC,Naive CD4 T cell
E2L2_CACTAAGAGTTCAACC,Gamma delta T cell
E2L7_GTTACAGGTGATCGTT,Cytotoxic T cell
E2L1_TTACCATTCGGACTGC,CD14+ monocyte
E2L6_CTAACCCTCACTTTGT,CD4 memory T cell
E2L6_TAACGACAGAGAAGGT,CD4 memory T cell
L2_AATGGAATCCCAGTGG,CD161+ memory T cell
L4_TCACTATGTGTGTCGC,Naive CD4 T cell
L5_GTAGCTAAGCACACAG,Plasmacytoid dendritic cell
E2L6_GAAGCCCTCCAAACCA,CD14+ monocyte
E2L2_ACGTAGTTCCATCTCG,Naive B cell
E2L7_TGTCAGATCGCCGAGT,Naive CD4 T cell
E2L2_CCTGCATCAAATTAGG,Naive CD4 T cell
L1_TGACAGTTCTACTTCA,Proliferating NK cell
L5_GTTGTAGAGTCATGGG,Naive B cell
L4_CCCATTGTCAGCTGTA,Hematopoietic progenitor cell
E2L7_ACATTTCGTTGCTCCT,Conventional dendritic cell
L1_ACTCTCGCAGGTTCAT,Naive CD4 T cell
L5_CTGAGGCAGCTGTTCA,Naive CD4 T cell
L1_TTGTGTTCAATTGGTC,Cytotoxic T cell
L5_AGTCTCCCATCCTTCG,Naive CD4 T cell
E2L2_ACAGAAAGTCGATTTG,Plasmacytoid dendritic cell
E2L5_TGACAGTCATGTGCCG,Cytotoxic T cell
L5_GCACGTGAGTCGCCAC,Natural killer cell
L5_TGAATCGAGCTCCGAC,Memory B cell
E2L7_GACAGCCTCGCCACTT,Memory B cell
E2L8_GTTTGGACATGTTCAG,Plasma cell
L3_CCTACGTCAGTCTACA,Naive CD4 T cell
L3_TTGCATTCATTGTCGA,CD4 memory T cell
E2L4_TCATGTTTCAAGGTGG,Memory B cell
E2L5_CATCCACCACGCCACA,Platelet
E2L2_TTCGCTGAGGTCGTCC,Memory B cell
E2L7_GAATAGACATGCAGGA,Naive B cell
L4_CCCATTGTCGAGAACG,GZMK+ memory T cell
E2L6_CCGTGAGGTAGACACG,Memory B cell
L4_TCCCACAAGCACACCC,Memory B cell
L2_TCACGGGCAAGCTGTT,CD161+ memory T cell
L1_CCCTGATTCGACCACG,Naive CD4 T cell
E2L7_TGAATCGGTGGTGATG,Conventional dendritic cell
E2L6_ATTTACCCAACTGAAA,CD4 memory T cell
L2_CTCTCGAAGCAAATCA,Proliferating NK cell
E2L8_AGATGAAAGTGGCGAT,Cytotoxic T cell
E2L5_GTGGTTAAGCGACATG,Plasmacytoid dendritic cell
E2L5_CTCCAACGTCCACACG,Naive CD4 T cell
L3_GTGTAACGTGCTCTTC,Naive CD4 T cell
L2_GGTTGTATCAGAACCT,Proliferating NK cell
L1_GCCGTGACAATACCTG,Hematopoietic progenitor cell
E2L1_CGGACACTCTTGGCTC,Plasmacytoid dendritic cell
E2L6_ATTACTCTCCCGGTAG,Natural killer cell
E2L3_ATGACCAAGGATTTCC,Naive CD4 T cell
E2L2_CGGAGAACACGGATCC,Natural killer cell
E2L1_TTTGATCCAAAGACTA,FCGR3A+ monocyte
L5_GCTTGGGGTGCATGAG,Proliferating NK cell
E2L4_CAGTGCGCATGTCAGT,Naive B cell
E2L3_ATCCCTGTCGTTGCCT,Plasma cell
E2L2_GAGTTACCATAACCCA,Conventional dendritic cell
L2_TGTGCGGGTACAAGTA,Erythroid cell
E2L5_TTGGTTTTCCATTGGA,Memory B cell
E2L3_ATCACGATCCCAACTC,CLEC9A+ dendritic cell
L2_TGCTCCATCGACGCTG,CD4 memory T cell
E2L8_ATGGAGGAGTCTAGAA,FCGR3A+ monocyte
E2L8_TCATGTTTCTTGAGCA,Naive CD4 T cell
E2L2_TCAGGTAGTTGCTCCT,Proliferating NK cell
L4_CCTCATGAGGGTACGT,QC_filtered
L5_ACCACAATCCCTTCCC,Hematopoietic progenitor cell
E2L7_CATAGACCAATGTTGC,Natural killer cell
L2_ATCGTGAAGTATAGAC,Naive CD4 T cell
L5_TACAGGTCACTGGCGT,Plasma cell
L4_CACTAAGTCTACCCAC,Memory B cell
L5_AAGATAGCATAGATCC,Hematopoietic progenitor cell
L4_CTGGCAGCACAGTCCG,CD4 memory T cell
L3_GTATTGGGTGATAGAT,Naive CD4 T cell
E2L4_AGGTAGGAGGAAGTCC,Naive CD4 T cell
L1_TCGTAGATCGGCTTCT,Erythroid cell
L4_ACGATCACAAGTCATC,Conventional dendritic cell
E2L5_TCTTAGTGTCGTATGT,QC_filtered
E2L1_TATTGGGGTATGGAAT,Memory B cell
E2L2_GACTGATGTACGTGAG,Plasmacytoid dendritic cell
L5_CAGATTGAGGTCCTGC,Natural killer cell
L5_TGGGCTGCAGAGCCCT,Naive CD4 T cell
E2L2_TAGACCAGTTAAGTCC,Conventional dendritic cell
L2_TCTATACAGTTGTCAC,CD161+ memory T cell
E2L1_ACGGAAGAGTAGTGCG,Naive B cell
E2L7_ATCCGTCGTTCGAGCC,Natural killer cell
L3_TGTTCATGTGTTTACG,Naive CD4 T cell
L5_ATTTCTGCACAAACGG,Memory B cell
E2L2_CTGTAGAGTCCAGCGT,Natural killer cell
E2L3_TTTCAGTGTGTCCACG,Proliferating NK cell
E2L7_ACGCACGTCGATACAC,Gamma delta T cell
L1_CGTAGTATCCAGCACG,Plasma cell
E2L7_ACCTACCCACCAGCTG,Naive B cell
E2L8_AAGATAGCAAGAAACT,FCGR3A+ monocyte
E2L7_CATTGCCTCGCAGAGA,Memory B cell
E2L7_TCTTCCTAGACGCCAA,Plasmacytoid dendritic cell
E2L2_ACTCTCGAGCTAGCCC,Platelet
E2L2_TCCTCGACATTCATCT,Proliferating NK cell
E2L1_ATCGATGTCAGAACCT,Naive B cell
L5_TGAGGAGGTACTCCGG,Hematopoietic progenitor cell
L2_CTAGGTAGTATCAGCT,Hematopoietic progenitor cell
L2_CCTAAGAGTTGTTGCA,Plasmacytoid dendritic cell
E2L6_AATGGAACAAGCGAGT,Conventional dendritic cell
L4_CTAACTTGTTGTGGAG,Erythroid cell
E2L8_GTTGCTCAGCTGTGCC,GZMK+ memory T cell
E2L1_AGTAACCTCTCGAACA,Natural killer cell
E2L8_ATGAGTCGTAACATAG,Natural killer cell
L1_CTGTAGAAGACCGCCT,CLEC9A+ dendritic cell
E2L4_AAGGAATTCTGGGCCA,Conventional dendritic cell
L4_AGTAACCGTGGCTAGA,CD4 memory T cell
L3_AAGCGTTTCGGTCTGG,CD14+ monocyte
E2L6_CGGTCAGTCACAACCA,Cytotoxic T cell
L4_AACACACGTGCGCTCA,Hematopoietic progenitor cell
L2_AGGAAATCACTGCATA,Naive CD4 T cell
E2L3_CCCGAAGGTAAGGCTG,Proliferating NK cell
L1_ACCCTCAAGATGAATC,Hematopoietic progenitor cell
E2L7_TGTTGGAAGTAACCTC,Naive B cell
E2L4_GCAGCTGGTGGAACAC,Memory B cell
L5_GTTGTCCTCGTAGCTA,Naive CD4 T cell
E2L7_TGTTCTATCAGGTAAA,Naive CD4 T cell
L2_ACGTTCCTCTAGTGTG,Naive CD4 T cell
E2L8_GAAACCTCATCGTCCT,Plasmacytoid dendritic cell
E2L8_AGAACAATCTATCGCC,FCGR3A+ monocyte
E2L2_CAACGGCCAATTCTTC,Memory B cell
E2L1_GCCAGGTGTACAGTCT,Memory B cell
L5_CCCGGAAGTCGCAGTC,Naive CD4 T cell
E2L6_AAACGCTCAAGTTTGC,CD14+ monocyte
E2L5_TAGACTGTCCAGCAAT,Conventional dendritic cell
E2L6_TATACCTAGTGTGTTC,Cytotoxic T cell
L5_ATCAGGTTCATAGGCT,Cytotoxic T cell
E2L7_AACCCAAGTTAACCTG,Naive CD4 T cell
E2L6_CAGAGCCAGAGCATAT,Memory B cell
E2L4_TTTCATGCAAGGAGTC,FCGR3A+ monocyte
E2L8_ACTGTCCTCATCGACA,Naive B cell
L2_AACCTTTTCCCATACC,Naive CD4 T cell
L3_GAGTTGTTCGGCTTGG,Cytotoxic T cell
E2L7_CTCCCTCCATGGTACT,Conventional dendritic cell
E2L2_CCATAAGCATCAGCAT,FCGR3A+ monocyte
L3_GGTGATTCAGTAACGG,Naive CD4 T cell
E2L7_GCAGCCAAGACCTCCG,CD161+ memory T cell
E2L4_TAGGGTTCACGTAGTT,Naive B cell
E2L7_GTACAGTTCCGTTGGG,Gamma delta T cell
E2L6_GAAGGGTAGGATGCGT,CD14+ monocyte
L1_GCCAACGCAAGACCTT,CD14+ monocyte
L1_TGTTGAGGTGTAAATG,Naive CD4 T cell
L4_CCTTGTGCAGCAGAAC,Proliferating NK cell
L1_AGTGACTCACCTGCAG,Natural killer cell
E2L2_AAGACAAAGGTTACCT,CD14+ monocyte
E2L4_TACTTCACATCCCGTT,Memory B cell
L3_AGGGTCCAGGGCTAAC,CD4 memory T cell
E2L2_AGGTCATCATCCTCAC,CD161+ memory T cell
E2L2_AGGGAGTTCCATTGTT,Platelet
L1_TGGAACTGTGTTCATG,Cytotoxic T cell
E2L4_ATTCTACTCTTACACT,Memory B cell
E2L7_CCCGAAGAGGGCCAAT,Proliferating NK cell
L2_GGGTCTGAGGGAACAA,Naive CD4 T cell
L1_TGTTACTGTATGCGGA,Platelet
E2L8_TTCACCGGTCGCACAC,Cytotoxic T cell
L4_CGTAATGCATAACGGG,CD4 memory T cell
L2_CTGCAGGGTTTATGCG,Naive CD4 T cell
E2L4_GTTCTATTCGCATGAT,QC_filtered
E2L5_CTGAATGGTGTACAGG,Cytotoxic T cell
E2L5_ATTGGGTGTCGAACAG,CD4 memory T cell
E2L7_CCTAAGACATTGAAGA,Conventional dendritic cell
E2L4_GGGTCTGTCGTACACA,Naive CD4 T cell
E2L6_AGAACCTCATACCACA,Conventional dendritic cell
E2L4_ATCGGATCAAGCACAG,Naive B cell
E2L4_CGAGGAATCACGAACT,Proliferating NK cell
E2L5_GTTATGGGTGACTGTT,Naive CD4 T cell
E2L6_GATCCCTGTGCAATAA,Gamma delta T cell
E2L8_ATGGAGGTCAAGGCTT,Proliferating NK cell
L5_TCTACCGGTTCTGACA,CD161+ memory T cell
E2L2_TCAGCCTCATTGCCGG,CD4 memory T cell
E2L5_GAAGTAAGTGCCGGTT,Conventional dendritic cell
L2_AACAAAGCAATAACCC,Platelet
L3_CAACGGCGTGCACAAG,Naive CD4 T cell
L2_CTTCCTTAGTAGTCAA,Naive CD4 T cell
L5_TCCTCTTGTCGGCCTA,CD161+ memory T cell
E2L7_GGAGCAACACACGTGC,Platelet
E2L6_GTGGAGACAGAACTAA,Platelet
E2L4_TTTCCTCCATTAAAGG,Conventional dendritic cell
L3_ACAAGCTCATAGGTTC,Cytotoxic T cell
E2L7_ACATCCCGTATTTCCT,Memory B cell
E2L1_TTCTAACGTGTACATC,Natural killer cell
L5_GACATCAAGCTCTATG,Naive CD4 T cell
L3_ATCGTCCCATCAGCAT,FCGR3A+ monocyte
E2L1_TCGGATAAGACATCAA,CD14+ monocyte
L2_TTAATCCGTAGTTACC,Naive CD4 T cell
E2L6_GAAGAATCAGGGAGAG,Natural killer cell
L2_AGAACCTTCCCTTTGG,Plasma cell
E2L5_TTAATCCCACTACACA,Naive CD4 T cell
E2L5_CTCCCTCAGCCATATC,Proliferating NK cell
E2L4_CACTGAACATGCCGCA,CD14+ monocyte
L4_ACTTCCGAGTACTGTC,Naive CD4 T cell
L1_CCCTGATTCGTGACTA,Naive CD4 T cell
L2_GTAAGTCGTAGCACGA,Plasma cell
E2L4_GTCGAATCAAAGGGTC,QC_filtered
E2L2_TATCCTACATTCTTCA,FCGR3A+ monocyte
L3_GTCATCCGTGCACATT,Plasma cell
E2L5_TTTCATGAGAATAACC,CD161+ memory T cell
L3_ATGACCAAGTACTGGG,Naive CD4 T cell
L1_GTATTTCTCGTCTCAC,Memory B cell
E2L2_GAATCGTAGAATGTTG,Naive CD4 T cell
L1_CACGTGGGTGTTACTG,Naive CD4 T cell
E2L5_CACGTTCTCCCATTCG,CD4 memory T cell
L1_CGAGAAGAGCCAAGTG,Naive CD4 T cell
E2L5_GTACAACAGGTTATAG,Proliferating NK cell
E2L1_GGTTAACTCCATCAGA,Natural killer cell
E2L3_TCATGAGTCTAGACCA,Natural killer cell
L5_GCGGAAAAGAGCCCAA,Cytotoxic T cell
E2L6_GTGGCGTAGGGATGTC,Proliferating NK cell
E2L4_TCACGGGAGTGACCTT,CD14+ monocyte
L3_AGAAATGTCTACTGCC,CD161+ memory T cell
L2_CACATGATCGGTTCAA,Hematopoietic progenitor cell
E2L1_ACTTATCGTTCCGCAG,Platelet
L5_AGTGATCTCCACTGGG,Plasma cell
L5_TGCGACGCATGTGCTA,Platelet
L4_GATAGAACAAGCAGGT,Natural killer cell
E2L6_TATATCCTCCCGAGGT,Natural killer cell
L4_ATCGATGCATCGGTTA,Cytotoxic T cell
L2_GACACGCCAAATCAAG,Naive CD4 T cell
L5_TAGCACAGTATGGAAT,Naive CD4 T cell
L1_ATCATTCAGAATCGAT,Naive CD4 T cell
E2L1_ACAACCACACGCGCTA,Cytotoxic T cell
E2L6_ATGACCAGTGAATGTA,Plasma cell
L4_TTGTGGAGTTCGCGTG,Hematopoietic progenitor cell
L1_TACGGGCCAAGGACAC,Naive CD4 T cell
E2L2_TTCAATCAGAACTGAT,Gamma delta T cell
E2L3_TCAGTTTAGCTTTCTT,Cytotoxic T cell
E2L7_AATCGTGGTAGGTACG,CD4 memory T cell
L3_CTTCGGTCAGACTGCC,Proliferating NK cell
L3_CTGGTCTAGACATCAA,Naive CD4 T cell
L3_GTCACGGAGAGAGAAC,Naive CD4 T cell
L1_TGCACGGAGTATGCAA,Plasma cell
L4_TCAGCCTCAGGATTCT,CD14+ monocyte
L3_GAAGAATTCTCAGGCG,CD4 memory T cell
E2L6_CAGCGTGTCCATTTGT,CLEC9A+ dendritic cell
E2L2_TGACGCGAGCCTTTCC,Natural killer cell
E2L3_ATCGGCGCAGACCTGC,CD161+ memory T cell
E2L7_TTAGGCATCGTACACA,CD4 memory T cell
L5_AGGCCACAGAGCCCAA,CLEC9A+ dendritic cell
L5_CTAACTTGTACAGTAA,GZMK+ memory T cell
E2L4_GGAACCCCAGAGAATT,Memory B cell
L5_CTACAGATCCGTTGAA,Natural killer cell
E2L1_TATCTTGCATCGGAAG,CD14+ monocyte
L1_GATTCTTAGGCTCTAT,CD161+ memory T cell
L4_TCATTGTGTGAGACGT,Platelet
L2_ATTCACTCAACCGACC,Hematopoietic progenitor cell
E2L2_AGAGCAGTCTGCACCT,Gamma delta T cell
L2_TGTTACTAGGGACACT,Plasma cell
L4_CATTTCAGTTTCACTT,Naive CD4 T cell
L5_CTGTACCGTTACCCAA,Naive CD4 T cell
L1_ATGAAAGGTGTGCTTA,Conventional dendritic cell
L3_ACCACAACAACTCGTA,CD161+ memory T cell
E2L2_TTACGTTAGCACCGAA,Platelet
L3_ATCCACCCAGTAGGAC,Naive B cell
E2L5_AAGTACCAGATAACAC,Naive CD4 T cell
L1_TTTGACTAGTGTAGAT,Cytotoxic T cell
L4_AGCGATTAGACGTCCC,CD4 memory T cell
L3_TCCACGTAGGAGAGTA,Cytotoxic T cell
E2L1_AAGCCATCAGTTGTTG,Naive CD4 T cell
L5_CACTAAGCACAAACGG,CD14+ monocyte
L4_GTCTAGAGTATAATGG,Naive CD4 T cell
L1_CTTGATTTCGGTGTAT,Proliferating NK cell
L4_AACAAGATCCATCGTC,Proliferating NK cell
L5_AAATGGAAGCGAGTCA,Conventional dendritic cell
E2L7_AGATCCATCTATTTCG,Memory B cell
E2L2_ATCGGATGTTGGGACA,Plasmacytoid dendritic cell
L1_GGTAATCTCGTAGGGA,Plasma cell
E2L8_GAAGCGAGTCGAGATG,Natural killer cell
E2L6_TAGACCATCCTGTAGA,Proliferating NK cell
E2L6_TCCCAGTCAGTGCCTG,Plasmacytoid dendritic cell
E2L2_AGTCAACGTATCGTAC,CD4 memory T cell
E2L1_CTATAGGAGGGCATGT,Naive CD4 T cell
E2L4_AGAGAATAGACCATTC,Memory B cell
L5_CTGCTCACACTCCGGA,GZMK+ memory T cell
L5_ATTCCTACACGCCACA,Cytotoxic T cell
E2L1_GCCAGCATCGAAGCAG,CD4 memory T cell
L4_GAGTCATAGAGGGTCT,FCGR3A+ monocyte
L4_TCCATGCGTACTGAGG,CD161+ memory T cell
E2L7_TAATTCCGTAACAGGC,Cytotoxic T cell
E2L3_AAGACAACACGACGAA,CLEC9A+ dendritic cell
E2L7_ACACTGATCCCTCGTA,Naive CD4 T cell
L1_TACGCTCAGTCGCTAT,Naive CD4 T cell
E2L5_AAGCATCGTAGTTACC,Memory B cell
L1_CACAACAAGACAACTA,CD161+ memory T cell
L4_TATGTTCGTTTAGAGA,FCGR3A+ monocyte
L5_CTGATCCGTCCAGAAG,Hematopoietic progenitor cell
E2L3_CAGGCCAAGTCTGCAT,Cytotoxic T cell
E2L7_ACCACAACAACTTCTT,CD4 memory T cell
E2L6_GATCAGTTCATGCCAA,Platelet
L3_GTTGCGGAGACCGCCT,GZMK+ memory T cell
L4_TCGTGCTGTAGAATAC,Proliferating NK cell
L3_TAGAGTCTCTATTTCG,CD14+ monocyte
L1_CTACTATGTTCCACGG,CLEC9A+ dendritic cell
E2L4_TAATCTCAGACGCCAA,Proliferating NK cell
L5_TTACTGTTCGCCTTGT,Memory B cell
E2L2_TATTTCGAGTTGTCAC,Erythroid cell
E2L4_CCTTCAGCATCTTAGG,Proliferating NK cell
E2L7_GTTGCGGAGCCTCGTG,Memory B cell
L1_CTCTGGTCAGTAACCT,Naive CD4 T cell
L2_TCTTCCTAGCAGGTCA,Naive CD4 T cell
E2L4_AGTGCCGCACACTTAG,CD4 memory T cell
E2L3_ACACAGTTCGGAGCAA,CD161+ memory T cell
E2L6_CCGTTCATCGTTACCC,CD4 memory T cell
E2L6_AAGCATCCAGAACGCA,CD4 memory T cell
L1_CTACCTGGTCTGATCA,CD4 memory T cell
L5_CGTGCTTAGACAGCGT,CD14+ monocyte
L2_TCTACCGGTTACACTG,Memory B cell
L3_CACACAACATACAGCT,Natural killer cell
L4_AGGTGTTGTAGCGCTC,Hematopoietic progenitor cell
E2L6_GGCAGTCAGCGATGAC,Naive CD4 T cell
L2_CGTTGGGCACATGGTT,Gamma delta T cell
E2L5_CTCTCAGCAAGCCTGC,Memory B cell
L4_CTATAGGTCGTCTACC,Naive CD4 T cell
L2_TAGGTTGCACATGGTT,QC_filtered
L5_TATCAGGGTGACGTCC,CD161+ memory T cell
L1_TTGTTCAGTAGATCGG,Naive CD4 T cell
L3_TCTACCGCATGCCGGT,Naive CD4 T cell
L3_TGATTTCCATTCTGTT,Memory B cell
E2L3_CTGTAGACATGATGCT,Conventional dendritic cell
E2L6_GAGATGGCAGTCACGC,Conventional dendritic cell
L2_ATCACGACACTGATTG,Plasma cell
E2L3_GACCCAGAGCCGGAAT,Cytotoxic T cell
E2L4_ATCCACCGTGCTTCAA,Conventional dendritic cell
L2_GCAGCTGTCTCCCAAC,Naive CD4 T cell
L1_CGAAGTTGTCGTGCCA,Naive CD4 T cell
L4_AATCGTGCAGTCAGTT,CD4 memory T cell
E2L7_TCAGTGAGTACGATGG,Cytotoxic T cell
E2L5_TCTCCGATCCGTACGG,Cytotoxic T cell
L2_TATTGCTGTTAAACCC,Erythroid cell
E2L2_CGGAATTGTTCGGACC,CD4 memory T cell
E2L5_AGGATAACATGACGGA,Natural killer cell
L5_TCTGCCACAGGTGTTT,Proliferating NK cell
E2L2_TCAGCAAAGAACAAGG,Conventional dendritic cell
E2L1_TCCTAATGTATCGTAC,Proliferating NK cell
L2_TCACAAGTCCTCATAT,Erythroid cell
L2_TTACCATCATCGTGGC,FCGR3A+ monocyte
E2L2_TCAGGTAGTAGTCTTG,FCGR3A+ monocyte
E2L2_GGAACCCCATTCTGTT,Proliferating NK cell
L4_ACGTTCCTCAACGAGG,Proliferating NK cell
L4_TCGTGGGCAGCTGAAG,Natural killer cell
E2L8_CTCAGTCCAGACGATG,Plasma cell
L1_GGTAATCTCTCGAGTA,Natural killer cell
E2L1_TGGGCTGAGCCAAGGT,Cytotoxic T cell
L4_ATCTCTAAGTACTGGG,CD4 memory T cell
E2L6_ACCTACCAGCGCCTCA,Naive CD4 T cell
E2L8_TGGGATTTCGCTCTAC,Natural killer cell
E2L5_TGTGCGGTCCATTTAC,Plasmacytoid dendritic cell
L5_CATGCCTGTAACAGTA,Naive CD4 T cell
L1_AATTTCCAGAGGCTGT,Hematopoietic progenitor cell
E2L1_GGCGTCATCCTAGAGT,Naive CD4 T cell
E2L8_GTACAGTAGCCTGAAG,Cytotoxic T cell
E2L1_ACTATCTTCATTGGTG,Conventional dendritic cell
E2L7_GAGGCAACAACGTATC,Plasma cell
L2_AGGCTGCAGAATAGTC,Cytotoxic T cell
L5_CTCCTTTGTCAGTTTG,Proliferating NK cell
L4_GGGTGAATCACAACCA,CD4 memory T cell
L1_TCTTAGTAGCCTTCTC,CD4 memory T cell
E2L7_GGGCCATCAAGTAGTA,Plasmacytoid dendritic cell
L4_CAACGATAGGTGCCAA,FCGR3A+ monocyte
E2L5_TGGGAGAAGACTCGAG,Naive CD4 T cell
E2L5_CTCTCAGAGTGTACCT,CD14+ monocyte
L1_AATTCCTCACTCAGAT,Hematopoietic progenitor cell
E2L5_TACGTCCTCTAATTCC,Platelet
L5_GTTACGAAGGACTTCT,Natural killer cell
L3_ATGAGTCCAAATACGA,Naive B cell
E2L6_CATGCTCGTATCACCA,Memory B cell
L5_CTAGGTAAGCGAGTAC,Naive CD4 T cell
L4_GCTACCTAGCGGGTTA,Naive CD4 T cell
E2L7_TAGACCACAGGAATCG,CD14+ monocyte
E2L3_GTTGCTCGTCTCGCGA,Natural killer cell
E2L3_CCTATCGCATTGCTGA,Naive CD4 T cell
E2L5_ATCGGATCACAACATC,Plasma cell
E2L3_TCGATTTCACAGCCAC,Naive CD4 T cell
L3_CATGCTCTCAGGAACG,Naive CD4 T cell
E2L6_AGGCCACGTGGCTTAT,Natural killer cell
E2L4_ATCGTCCAGCAAGCCA,Memory B cell
E2L7_TGCAGTATCGTCTACC,Proliferating NK cell
E2L5_GTCTGTCTCACCCTTG,Natural killer cell
E2L6_AGTGTTGCAACCGGAA,CD4 memory T cell
E2L1_GCGGAAAGTGACATCT,CD161+ memory T cell
L5_CTCACTGTCGTGTGGC,CLEC9A+ dendritic cell
L2_TCGGGACTCGGCTATA,Hematopoietic progenitor cell
L1_GCTTGGGCATGACTCA,CD161+ memory T cell
E2L3_GACTCTCCATACTTTC,CD14+ monocyte
E2L8_CACATGAAGTGGATAT,Cytotoxic T cell
E2L1_CGGACACAGCGTGCTC,CD4 memory T cell
E2L8_GAGGCAACAGGCAATG,Proliferating NK cell
L3_TACGTCCGTATCCTTT,FCGR3A+ monocyte
L1_CGATCGGGTGATACCT,GZMK+ memory T cell
L2_TGTAGACCACCTGCGA,GZMK+ memory T cell
E2L1_ATGGTTGCAGCAAGAC,Conventional dendritic cell
L2_TTGGTTTAGCGTGTTT,Conventional dendritic cell
E2L4_GGTGTTAGTGCATACT,Cytotoxic T cell
E2L5_CATCAAGTCTGGGCAC,Cytotoxic T cell
L3_CATTGCCGTATGTCCA,Erythroid cell
E2L2_CGTTCTGAGATTACCC,Cytotoxic T cell
L1_TGTTCCGGTAGTCTTG,Conventional dendritic cell
E2L3_ATCACTTGTTGTACGT,Natural killer cell
E2L3_CTATCTACAGCGTGCT,Natural killer cell
E2L1_CGTTAGACACACGTGC,Gamma delta T cell
L3_CTGGTCTAGGTTATAG,Naive CD4 T cell
E2L2_CATGCCTGTGTTTGCA,Conventional dendritic cell
L3_AGCTTCCTCGCTTGAA,CD161+ memory T cell
L3_CTTCGGTTCTGAGTCA,Plasma cell
L4_CTGTAGATCAACTCTT,Naive CD4 T cell
E2L7_TCGCTTGAGGACAACC,Platelet
L4_TCAAGCATCTCACCCA,Natural killer cell
L4_TCCGGGACACATATCG,Proliferating NK cell
L5_CAAGACTGTCAGTCGC,Cytotoxic T cell
E2L2_TCACTCGTCATTATCC,Cytotoxic T cell
E2L4_TAGCACAAGACGCATG,Naive B cell
E2L4_TTCGGTCAGCACCAGA,FCGR3A+ monocyte
E2L4_TTTAGTCTCCTTCTTC,Naive CD4 T cell
E2L5_GAGGGTATCGTAACCA,Naive B cell
E2L1_TAAGCGTAGCACCGAA,CD4 memory T cell
E2L6_GCCCGAAAGGTTACCT,Conventional dendritic cell
L2_AGCTCAAAGTCCCGAC,QC_filtered
L2_CTACTATCAAGACCGA,Conventional dendritic cell
E2L2_TCGAACATCTTAAGGC,CD161+ memory T cell
L1_CCTAACCGTCCGGTCA,CD14+ monocyte
L4_ACAACCATCAAAGACA,CD4 memory T cell
L3_CCCTAACAGCGTGCCT,Natural killer cell
E2L7_TGCGACGCACAGTCCG,Memory B cell
L1_GGCACGTAGAACAGGA,Conventional dendritic cell
E2L5_AGCTCAAAGCTATCTG,Plasmacytoid dendritic cell
E2L3_AGCGATTGTGATCATC,Naive B cell
L2_TTAGGGTAGAGAGCGG,Erythroid cell
L1_GCAGGCTCACAAATCC,Conventional dendritic cell
E2L7_TTTACGTAGACAACAT,CD4 memory T cell
L3_CCTATCGAGCTCTTCC,Memory B cell
E2L3_GTTACGAAGCGGTAGT,FCGR3A+ monocyte
E2L8_GATGTTGAGACGGATC,Gamma delta T cell
E2L8_ACTGTGAGTACTGACT,Cytotoxic T cell
E2L3_TACCCGTTCATACAGC,QC_filtered
L4_CCACACTAGTGATGGC,Platelet
E2L3_GCATCGGCAGGGCTTC,Naive CD4 T cell
E2L2_TTTGATCGTTAACAGA,FCGR3A+ monocyte
L3_CATAGACAGCAGTACG,Conventional dendritic cell
E2L6_CGTCAAACATAGGTTC,Naive CD4 T cell
E2L4_TCCATGCAGCTAGATA,CD14+ monocyte
E2L7_CATCCCATCCATACTT,CD4 memory T cell
E2L8_TTGTTTGAGTACAACA,Naive B cell
E2L4_GGGTGAAGTACAAGTA,CD4 memory T cell
L4_AACAACCTCCTGTTAT,FCGR3A+ monocyte
L2_GTGTTCCTCGTTATCT,CD161+ memory T cell
E2L4_AACGGGAGTCTTACTT,Memory B cell
E2L6_GCCGATGAGATGGGCT,Memory B cell
L4_ATGAGGGAGTATAGAC,CD161+ memory T cell
L1_TATCTGTGTGACTGTT,Naive CD4 T cell
E2L2_CGGAGAAGTCATCAGT,Gamma delta T cell
E2L4_CCCAACTTCTGTTGGA,FCGR3A+ monocyte
L4_TCATGGAGTCCGCAGT,Plasma cell
L5_CACGGGTAGTCCCTAA,Plasmacytoid dendritic cell
E2L1_CGCATAAAGTAGACCG,Cytotoxic T cell
L2_ACAGGGAGTATTGGCT,CD4 memory T cell
L3_AGTAGTCTCGATGGAG,Naive CD4 T cell
E2L5_AGTGATCTCAAACGTC,Plasma cell
E2L8_TTCAGGAAGGCCCACT,Naive CD4 T cell
E2L8_GAACACTTCTAGCCTC,CLEC9A+ dendritic cell
L4_CTCAACCGTACAGAAT,CD4 memory T cell
E2L5_ACCCAAAGTTAGCGGA,Conventional dendritic cell
E2L3_GCTGCAGAGCCTGAGA,Cytotoxic T cell
E2L8_GTGTTAGTCCCTCGAT,Memory B cell
L3_TGCATGAGTGGATCGA,FCGR3A+ monocyte
E2L2_GCCATGGGTCCCAAAT,Natural killer cell
L3_TTGTTTGTCTCTCGCA,CD4 memory T cell
L1_TGGTTAGGTACGTAGG,Naive CD4 T cell
L3_TCGAAGTTCTGTCTCG,Cytotoxic T cell
E2L2_CCACCATAGTACGAGC,Cytotoxic T cell
L5_ATTCACTTCCTACGGG,Hematopoietic progenitor cell
E2L1_GTCAGCGAGCACTAAA,Naive CD4 T cell
E2L5_ACAGAAAGTAACAGTA,Natural killer cell
E2L6_GACCCAGTCATTTGCT,Conventional dendritic cell
E2L5_TTCGATTGTCTGATAC,Hematopoietic progenitor cell
E2L1_GTCAAACCAGATTTCG,Gamma delta T cell
E2L4_TGAGCATTCTTTGCTA,Naive CD4 T cell
L3_GGTAATCGTTATAGAG,Naive CD4 T cell
L1_TGTTCATTCACACCCT,Naive CD4 T cell
E2L4_TTAGTCTGTTCACCGG,Conventional dendritic cell
E2L6_ACAGCCGAGTCACTCA,Platelet
L2_CGTGTCTAGAAATGGG,CD14+ monocyte
L2_GAAATGACAGGTTCGC,CD161+ memory T cell
L2_TTGCCTGTCGCACGGT,CD4 memory T cell
E2L5_TACTTCAGTTAGGCTT,Naive CD4 T cell
L5_CAACCTCCACCTGTCT,Conventional dendritic cell
L1_TGCGGGTCATCCAATG,CD161+ memory T cell
L4_AAAGGTAAGGAACGCT,Proliferating NK cell
L3_AGGAAATTCTACGCGG,Natural killer cell
E2L5_TGAGTCATCCCGAGAC,Platelet
E2L8_GTAATGCTCGCCAATA,Conventional dendritic cell
L4_AGAGCCCAGTGTCATC,CD4 memory T cell
E2L2_TGCTCGTAGATGAACT,Platelet
E2L8_CCTTGTGTCACTCACC,Conventional dendritic cell
L2_CACGTGGGTCCTCATC,Memory B cell
L2_CTGGCAGGTGCATCTA,Proliferating NK cell
L3_TTACGTTGTTGTGGCC,Naive CD4 T cell
L5_GGTAACTTCGCAATTG,GZMK+ memory T cell
L3_ATCCGTCCAAAGGCAC,Plasma cell
E2L6_GATGGAGAGACGATAT,CLEC9A+ dendritic cell
L1_GACTCTCAGACTCCGC,Naive B cell
E2L8_GTAACCATCTGAATCG,Naive B cell
L5_AGGAAATAGACCACGA,Naive CD4 T cell
L2_ATAGGCTCAAGTATAG,Hematopoietic progenitor cell
L4_TTGTTGTCACAGACGA,Natural killer cell
E2L1_TTGACCCCAGGAATCG,Naive CD4 T cell
E2L6_AGGCTGCTCATCTATC,Memory B cell
L1_TGTGGCGTCGAAGCCC,Naive CD4 T cell
E2L3_AGATCCATCCCGAGGT,Gamma delta T cell
L4_GTGCAGCAGCGCCTTG,CD161+ memory T cell
E2L6_ACCGTTCTCCTAGCGG,Cytotoxic T cell
L3_GTGCTGGGTAATCAGA,Cytotoxic T cell
E2L1_GCCAGCAAGAGGCCAT,CD4 memory T cell
L2_AAAGGGCAGCAATAGT,Naive CD4 T cell
L5_GTTTGGAAGGTCGACA,Cytotoxic T cell
L1_TTGACCCAGATGGTAT,Conventional dendritic cell
L5_CTGTATTGTTTCTTAC,CD161+ memory T cell
L1_ATTTCTGGTAGCGTAG,Naive CD4 T cell
L4_ACTTCCGAGCCTAGGA,Proliferating NK cell
E2L7_TCCTTCTCACAGTATC,Plasmacytoid dendritic cell
E2L2_CTGTAGATCTTGAACG,Naive B cell
E2L1_ATCACTTGTATCTTCT,QC_filtered
E2L2_GGCACGTCAGAGAATT,Memory B cell
E2L5_GCGAGAATCCTGTTGC,Cytotoxic T cell
L1_TCGACCTCACTCTGCT,Naive CD4 T cell
E2L2_CGGACACAGTAGACAT,Natural killer cell
E2L2_AGATAGATCCCATTCG,Naive B cell
L2_GGATGTTAGTATGTAG,CD4 memory T cell
L3_AGTGATCGTGTACAGG,Cytotoxic T cell
E2L2_GCCAACGTCGAGTGAG,CD4 memory T cell
L2_ATGGGAGGTGACACAG,Natural killer cell
L4_GTGCAGCCAGCATTGT,Naive CD4 T cell
E2L5_GGGCGTTCAGACAATA,CD14+ monocyte
L4_CTCCTTTCATTGGATC,Naive CD4 T cell
L3_TGGAGAGCACCAACAT,Naive B cell
L5_TGTACAGTCCTGGTCT,Hematopoietic progenitor cell
L4_GTTATGGCAAGACGGT,CD4 memory T cell
L1_CACAGATCATGGCACC,CD4 memory T cell
L2_GCAACATTCAGCGGAA,Naive CD4 T cell
L4_AGTACTGTCTTGATTC,CD4 memory T cell
E2L6_TGTTCCGCACCGGCTA,CLEC9A+ dendritic cell
L3_TTGGATGGTCGTGGAA,Naive CD4 T cell
L1_AGGTGTTAGCCTATCA,Proliferating NK cell
E2L8_TGTAAGCCATGGAATA,Conventional dendritic cell
E2L7_GTTCTATTCAGATGCT,Cytotoxic T cell
E2L3_TTGCCTGGTTCCTAAG,CD4 memory T cell
L3_CCTCATGTCCACATAG,Naive CD4 T cell
L3_GTGGCGTAGCTGAGCA,Proliferating NK cell
L5_ATTACTCCACTACTTT,Hematopoietic progenitor cell
L1_GCCGATGTCGATTGGT,Naive CD4 T cell
E2L8_GTTCCGTTCGACCTAA,Memory B cell
L5_CGTAAGTCAGTATTCG,Natural killer cell
E2L3_ATGAAAGCAGCAGGAT,Proliferating NK cell
E2L8_GAATAGATCCGAGGCT,Memory B cell
E2L8_TGGCGTGAGGACGCAT,Naive CD4 T cell
E2L5_CCTAACCCAGGGAATC,Platelet
L5_CCCAACTTCACCGGGT,Natural killer cell
E2L2_ACTGATGGTTAGTTCG,Proliferating NK cell
L5_CTACAGAAGGATATGT,Naive CD4 T cell
L4_GACAGCCGTGATAGAT,Naive CD4 T cell
E2L6_AACCTGAGTCTCCTGT,FCGR3A+ monocyte
E2L6_ATGATCGAGAACAAGG,FCGR3A+ monocyte
E2L5_TCTCCGACAGAGCCCT,Naive CD4 T cell
L5_CTAGGTATCTACCTTA,GZMK+ memory T cell
L3_TGTGAGTCATCACGGC,CD4 memory T cell
E2L3_GTGGAAGAGTCCTGTA,CD14+ monocyte
L1_TCCTGCAAGACGGTCA,CD14+ monocyte
L1_ACCGTTCGTTGTTGAC,CD161+ memory T cell
E2L1_AGAGCAGTCGACGACC,CD4 memory T cell
L4_TGACAGTTCTTCGTGC,GZMK+ memory T cell
E2L4_CCTTTGGGTCGGCACT,QC_filtered
E2L3_GCACGGTGTAGTCGTT,Cytotoxic T cell
E2L4_TGTCCTGGTCGTCGGT,Memory B cell
L3_GACCCAGCATCCCACT,Plasmacytoid dendritic cell
L2_TCACACCCAGTTAAAG,Naive CD4 T cell
E2L7_CCTAAGAGTCAACCTA,Plasmacytoid dendritic cell
L2_TGTACAGGTCTTACTT,Conventional dendritic cell
E2L8_GCTACAATCTCTGCCA,CD4 memory T cell
L5_AAGACAATCCGGTAGC,Naive CD4 T cell
L2_AGCCACGAGACATACA,Hematopoietic progenitor cell
E2L3_GGTGTCGTCTGAGAGG,Cytotoxic T cell
E2L3_AGGATCTTCTCATGCC,Memory B cell
L4_TTGGGATCACTAGAGG,Naive CD4 T cell
E2L3_CCGTAGGAGCCACTCG,Naive CD4 T cell
L4_AAAGGATAGCCGAACA,Plasmacytoid dendritic cell
L3_ACCACAATCCTACGAA,Memory B cell
L3_TGCTGAATCCGCAGTG,Proliferating NK cell
L4_ACTCTCGTCCGATGTA,CD4 memory T cell
E2L2_TCTCCGAGTACGTACT,Cytotoxic T cell
L2_TTACGTTGTGATTCAC,CD14+ monocyte
L1_AAAGTCCTCCAACCGG,Naive CD4 T cell
E2L2_TCACTATGTGATGAAT,Naive CD4 T cell
L1_CGGGCATAGACTACCT,Naive CD4 T cell
L2_CAGTGCGGTAGATTGA,CD4 memory T cell
L5_CAGGCCAGTCCCGCAA,CD4 memory T cell
L4_GTGCTTCGTTGTTGAC,Hematopoietic progenitor cell
E2L4_GTTACAGTCGCGAAGA,Proliferating NK cell
E2L7_GTTTGGAGTGATGGCA,QC_filtered
L2_GACATCAAGCATCAGG,CD4 memory T cell
E2L1_CATCCACGTCCGGACT,FCGR3A+ monocyte
E2L1_TCCAGAAAGGCATCAG,Proliferating NK cell
E2L5_CAGATCACAAAGGGCT,QC_filtered
E2L1_TTGACCCTCAACTTTC,CD161+ memory T cell
E2L5_CGGAACCTCAATCTTC,Naive CD4 T cell
L1_CGGGCATGTAATGTGA,CD161+ memory T cell
E2L1_AACCACATCTATGTGG,Natural killer cell
E2L4_TGACTCCCATAGGAGC,Naive CD4 T cell
L4_AACCTGACACTCCGGA,Natural killer cell
L3_GACGCTGCAGAGATTA,Hematopoietic progenitor cell
E2L7_CGCAGGTGTAAGGCCA,Naive B cell
E2L8_CATTCTAGTGTCCTAA,Plasma cell
E2L7_AGTCATGGTGTCCAAT,FCGR3A+ monocyte
L2_TATATCCTCTGGACTA,Naive CD4 T cell
E2L8_ATGATCGTCTTACCAT,CD4 memory T cell
E2L2_TCATTGTGTTCCCACT,CD161+ memory T cell
E2L1_ATGGGAGCATGACACT,GZMK+ memory T cell
E2L2_ATCAGGTAGGGTGGGA,Naive CD4 T cell
E2L7_GTTGTGAAGTAACGAT,Plasma cell
L3_GGAGATGTCTCGGGAC,Naive CD4 T cell
E2L5_GATGTTGGTAGAATGT,Hematopoietic progenitor cell
E2L1_AGGATCTAGAACAGGA,Memory B cell
L1_TCAAGACGTTACGGAG,FCGR3A+ monocyte
L4_CGGGTGTCACGGCTAC,Plasmacytoid dendritic cell
E2L5_AAAGGATTCGGTGTAT,Naive CD4 T cell
L3_CGTTCTGGTAGCGTCC,Cytotoxic T cell
L5_ATCGGCGAGAGAGTGA,Gamma delta T cell
E2L2_AGTCACACATAGAGGC,Memory B cell
L2_GTAGAGGCACCGAATT,Hematopoietic progenitor cell
E2L6_AGGGCTCAGCTGACAG,CD4 memory T cell
L2_GGGAAGTTCCATTTCA,Naive CD4 T cell
L3_CATCGCTCATTCACAG,CD4 memory T cell
L1_TAGAGTCCACATGGTT,Memory B cell
L5_TACAACGCAACGTAAA,Cytotoxic T cell
L1_GTTCTATCAGCGAGTA,GZMK+ memory T cell
E2L2_TCATTCAGTGGAAATT,CD161+ memory T cell
L1_GGTGTCGGTTAAGAAC,Naive B cell
E2L1_ACGGTTATCCGTGTAA,Memory B cell
E2L4_CTCATCGAGATTTGCC,Cytotoxic T cell
E2L1_TGGAGAGGTCCGGCAT,Naive CD4 T cell
E2L6_TCCTTCTCATTGGGAG,Naive B cell
E2L2_CATGGTAAGTCTAGAA,CD4 memory T cell
E2L1_CATCAAGAGGGCAGGA,FCGR3A+ monocyte
E2L6_CATACCCCAGAGTTGG,Naive CD4 T cell
E2L5_AACACACGTCTAGATC,Conventional dendritic cell
L1_TGACTCCCAGCTCTGG,CD14+ monocyte
L3_GATCGTAAGGTTGACG,CD161+ memory T cell
E2L6_CAATTTCTCTGGGCCA,Naive CD4 T cell
L2_GCAGTTATCTAACGCA,Naive CD4 T cell
L1_TTGCTGCAGCCTCTGG,CD4 memory T cell
L3_TTGATGGTCAAACCCA,Conventional dendritic cell
E2L6_GATCATGGTCAGACTT,Natural killer cell
E2L4_GCTCAAACATGTGGCC,Cytotoxic T cell
E2L3_CTTCTAATCCGTACGG,CD14+ monocyte
L4_TTCACGCGTTACAGCT,Naive B cell
L3_AGAACCTAGCCTGTCG,Naive CD4 T cell
E2L3_TCGGTCTCAATGAACA,CD14+ monocyte
L5_CATCAAGCAGCGCTTG,CD4 memory T cell
E2L3_CATAAGCCACGAAAGC,Conventional dendritic cell
L1_CCGGACAGTTTCGATG,Naive CD4 T cell
L2_TACCTCGTCCGTTGGG,Naive CD4 T cell
L2_TACCGAAGTGTTGATC,Plasma cell
L5_AAGACAAGTGGACTGA,Naive B cell
E2L4_CTGAATGAGGCGTTAG,Naive CD4 T cell
L1_TCGTGCTAGATTGCGG,Natural killer cell
L4_ACGTTCCTCAAAGCCT,Hematopoietic progenitor cell
E2L3_CAACCAAAGCTTCATG,CD14+ monocyte
L1_TCTGGCTAGACCGCCT,Naive CD4 T cell
L5_GGGAAGTCAGGGCTTC,CD4 memory T cell
L5_TTATTGCTCCTGGGAC,Platelet
L4_ACACGCGAGTCGTCTA,CD161+ memory T cell
E2L8_GACCGTGCAACTCATG,Natural killer cell
E2L6_CTACCTGGTCGGATTT,QC_filtered
E2L5_GCATCTCTCGAAGCAG,CD4 memory T cell
L1_GATTGGTTCGCCTTGT,Plasmacytoid dendritic cell
L2_ACTGCAATCTACGCGG,Proliferating NK cell
E2L8_ATGAAAGTCCATTGGA,Naive CD4 T cell
L1_AACTTCTCAGAGGCTA,Naive CD4 T cell
E2L6_CCGTTCAAGGCATGGT,CD14+ monocyte
E2L2_GTTGCGGTCTACTCAT,Cytotoxic T cell
L4_TTACTGTCACTCAGAT,FCGR3A+ monocyte
E2L4_GTCGCGACAGAAGTTA,Memory B cell
L5_GGAAGTGAGTCCGCGT,Naive CD4 T cell
L5_TCTACCGCAACTAGAA,CLEC9A+ dendritic cell
E2L6_GGCTTTCTCAAATGCC,Naive CD4 T cell
L3_TACAGGTTCCTGGGTG,Naive CD4 T cell
E2L5_CAGATCAAGAGTGTGC,CD4 memory T cell
L5_CTCAGAAGTCTTAGTG,CD161+ memory T cell
E2L8_AATCACGTCTCATGCC,Cytotoxic T cell
E2L5_TTCCTTCCACTTGGCG,Platelet
L3_GTACAACAGTCACTCA,Natural killer cell
E2L7_TGCGACGTCAAATGAG,Naive CD4 T cell
E2L7_CTCAATTGTATGGGAC,Hematopoietic progenitor cell
E2L5_TCTCACGAGCTTAAGA,Naive CD4 T cell
E2L7_GCTACAACATGGGCAA,Cytotoxic T cell
L5_CTAAGTGAGCATGATA,Naive CD4 T cell
E2L4_TGGGATTTCCAGTTCC,CD4 memory T cell
L2_TTCGATTTCCACGGAC,CD4 memory T cell
L1_AGGCCACTCAATCTCT,Hematopoietic progenitor cell
L4_CCGTAGGAGGGAGGGT,Cytotoxic T cell
E2L5_TCCATCGCATGCCGGT,Cytotoxic T cell
E2L1_AGACCCGGTTGTGCAT,Proliferating NK cell
L2_CTCCATGCAATTGTGC,Platelet
E2L3_CCACGTTAGGCATTTC,Memory B cell
E2L2_ATTCAGGTCCTCGCAT,Platelet
E2L6_GGTGATTTCTTCGGAA,Natural killer cell
E2L4_GGGATGAGTGAGCGAT,Conventional dendritic cell
E2L6_TACACCCGTTTCGGCG,Naive B cell
E2L1_GTCACTCGTGCGTTTA,Naive CD4 T cell
E2L2_TGCTTGCGTCGAGATG,Conventional dendritic cell
L1_GAAACCTAGCAGCGAT,CD4 memory T cell
L4_CACCAAACAGGCACTC,Naive CD4 T cell
L5_ATCGTGAGTCGAATTC,Proliferating NK cell
E2L5_TCTACCGGTTCTCCTG,CLEC9A+ dendritic cell
E2L2_GTAGGAGCATGGGTCC,QC_filtered
E2L4_ATCCACCAGAAGTCTA,Memory B cell
E2L6_GAGTTTGTCTGAGAAA,QC_filtered
E2L3_GAATAGAGTGGGCTCT,FCGR3A+ monocyte
E2L8_TGCTTGCTCATTGAGC,CD14+ monocyte
E2L2_GGAACCCCAAGGTCAG,CD4 memory T cell
E2L4_TCCCAGTCACAGTCAT,Proliferating NK cell
L3_CTCTCAGGTACCCGCA,Plasmacytoid dendritic cell
L5_GTGATGTCACTTGGGC,Naive CD4 T cell
L4_ACGGTCGAGGAACATT,Cytotoxic T cell
E2L5_GCCGATGCATGTCTAG,Naive CD4 T cell
E2L4_GATCCCTAGAGCAGTC,Platelet
E2L4_AATTTCCGTTGATCGT,CLEC9A+ dendritic cell
E2L2_CACTGAAAGAGGATGA,Natural killer cell
E2L7_GTGTTAGCACGTTCGG,CD4 memory T cell
L1_GTTTACTAGTGGTGGT,Plasmacytoid dendritic cell
E2L6_GTGCTGGTCAATGCAC,Plasma cell
E2L1_CTGAATGAGCGGGTTA,QC_filtered
E2L4_TCGCTCATCGGCATCG,Naive CD4 T cell
E2L8_CTGAGGCAGCGTATGG,Memory B cell
E2L7_GGTGATTAGAGTAACT,CD4 memory T cell
L5_GCCGTGAGTTTCAGAC,Naive CD4 T cell
L2_CACTGAAAGGTACAAT,FCGR3A+ monocyte
L4_AACAAAGGTACGAAAT,Conventional dendritic cell
E2L6_AGTGACTAGCGTTCCG,Cytotoxic T cell
E2L6_AAACGCTCATAATGCC,Cytotoxic T cell
E2L1_GAACTGTCAAGCCATT,Proliferating NK cell
E2L5_CCGTAGGCAGTTCCAA,Naive B cell
E2L8_GCACGTGCACAACGAG,Platelet
L5_TTACCATTCTTACCGC,CD4 memory T cell
L2_TTCATGTTCGCGTTTC,Conventional dendritic cell
L4_GCAGTTAAGGCTTTCA,Plasma cell
E2L3_ATCGCCTAGTGGATTA,Memory B cell
E2L4_CACTGGGAGTGCGTCC,Naive CD4 T cell
L3_ATGAGGGGTTTGATCG,Natural killer cell
E2L6_TCTCACGAGAACCGCA,Cytotoxic T cell
L1_CGAATTGTCGTTCTCG,Plasmacytoid dendritic cell
E2L8_GTCATTTCACAGTATC,Gamma delta T cell
L1_TCTTAGTGTCACTTCC,Hematopoietic progenitor cell
L2_TCATGTTGTCTAGTGT,Hematopoietic progenitor cell
E2L3_CTATCCGGTACCGTGC,Proliferating NK cell
L5_TCAAGCAGTGCATCTA,Naive CD4 T cell
L1_GTCTTTAAGGACAGTC,Memory B cell
E2L4_ACAGCCGGTACTCCCT,Memory B cell
E2L7_AGCCAATAGACGTCCC,Memory B cell
E2L6_TGTGATGCACAACGTT,Natural killer cell
E2L6_TTGGGTATCATGGAGG,Naive CD4 T cell
E2L2_GGAACCCGTATGTCTG,QC_filtered
L2_ATCCTATTCCCTATTA,Proliferating NK cell
L3_CTTCGGTGTACGACAG,Naive CD4 T cell
E2L7_TCAAGCATCATTTCGT,QC_filtered
E2L1_CCGTTCATCTACCACC,CD14+ monocyte
E2L7_GGAGGTACAATGAGCG,Plasmacytoid dendritic cell
L2_CCTCAGTGTCCCTAAA,Proliferating NK cell
E2L2_CCCTCTCCAGTTACCA,FCGR3A+ monocyte
E2L7_GTTAGTGTCTACTGCC,Naive CD4 T cell
E2L8_GGCTGTGCATAAGCAA,Naive CD4 T cell
L5_ATGCCTCTCGATTTCT,Naive B cell
E2L6_GGTGTTAAGCAACTTC,Conventional dendritic cell
E2L1_AGCATCATCGATGGAG,Naive CD4 T cell
L1_TCACATTTCTCGTCGT,Naive CD4 T cell
E2L6_TGCTTCGCACGACGAA,Memory B cell
E2L5_GGGTTTACAGGGTCTC,Naive CD4 T cell
L1_GGGAGATGTTGGGCCT,Naive CD4 T cell
E2L7_TGCGGGTGTTTGGCTA,Naive CD4 T cell
E2L4_ATGCATGCAGCTTCCT,FCGR3A+ monocyte
E2L4_TGTTCATGTCCGAAGA,CD4 memory T cell
E2L1_CTGGCAGCACAGTCAT,Naive B cell
E2L2_CAAGCTATCCGTGCGA,CD4 memory T cell
E2L8_TTGTTGTTCTCTGCCA,FCGR3A+ monocyte
E2L6_TTTCAGTTCCCGGTAG,Memory B cell
E2L1_GGTTCTCAGGTATAGT,Platelet
L1_GGTAGAGAGCACCGAA,Naive CD4 T cell
L1_TGAGGTTGTCGAGCAA,Hematopoietic progenitor cell
E2L7_TAGAGTCCACTAGGCC,CD14+ monocyte
E2L1_CCAATTTCAAGAGATT,Memory B cell
E2L6_CCAAGCGCACCTGCGA,Conventional dendritic cell
L2_CGGAGAATCTTAAGGC,CD161+ memory T cell
E2L2_ATTCATCCAAGGCCTC,Proliferating NK cell
E2L3_CCGGTGATCCTTGACC,Cytotoxic T cell
E2L7_TGAGGGAAGCGAGGAG,Cytotoxic T cell
E2L2_TAGTGCACACGTGTGC,Natural killer cell
L2_ACCTGAACAACTAGAA,Natural killer cell
L5_AAAGAACCAGTGTGGA,Gamma delta T cell
E2L1_AGCCAGCAGCTGCCTG,CD4 memory T cell
L2_ATTACCTCAGCTACCG,Naive CD4 T cell
L5_AACCTGAAGGATTTGA,Naive CD4 T cell
L1_GGGAAGTAGGTCGTAG,Naive CD4 T cell
E2L6_CAAGACTAGTGCGCTC,Naive CD4 T cell
E2L1_GCTGCAGTCAAAGGAT,Natural killer cell
L5_TGCGACGCAAGCGCAA,Naive CD4 T cell
L1_CGGAACCTCCATACTT,Natural killer cell
L5_GCAGCTGCAGCTTCCT,Memory B cell
L4_AAGACAACACAGACGA,CLEC9A+ dendritic cell
E2L4_AGGACGACACGACTAT,Cytotoxic T cell
L2_GTTGAACCAAGTGCTT,Natural killer cell
L4_TCACTCGTCATACAGC,CD4 memory T cell
L5_AGAAGCGGTAGAATAC,Natural killer cell
L1_GTTGAACAGCGTCTGC,Hematopoietic progenitor cell
L2_GGGTCACAGGAAGTCC,Hematopoietic progenitor cell
E2L1_TCGCAGGAGCGACTTT,CD161+ memory T cell
L1_ACGGTCGTCTCGTGAA,Erythroid cell
E2L1_TCGACGGGTATGATCC,CD4 memory T cell
E2L5_ACCTACCAGTGAATAC,Cytotoxic T cell
L2_TAAGCCATCGGTGAAG,FCGR3A+ monocyte
L2_CCCTAACTCTCTTAAC,Memory B cell
E2L1_TGGATGTGTTATAGCC,Cytotoxic T cell
L1_GTAGAGGAGGACACTG,Hematopoietic progenitor cell
L4_GGGCGTTCAAATACGA,Plasma cell
E2L2_TGATTCTGTGACTGTT,Proliferating NK cell
E2L5_TGTGGCGGTAATGATG,Cytotoxic T cell
E2L5_CGAGAAGGTTGACTGT,Conventional dendritic cell
E2L5_GCTACCTTCCTTCACG,Proliferating NK cell
L3_TGACAGTCATCAGCTA,Naive CD4 T cell
L2_TCTTAGTAGGCTTAAA,FCGR3A+ monocyte
E2L5_AGAGAGCCAGAGATTA,CD161+ memory T cell
E2L6_TTCGCTGGTCATTCCC,Platelet
L3_TGTAACGGTACGGGAT,Naive CD4 T cell
L2_CTGCCTATCACGATCA,FCGR3A+ monocyte
E2L6_CGAATTGCATTCTGTT,Conventional dendritic cell
E2L4_AACCCAAGTCTTCTAT,Proliferating NK cell
E2L7_TACTTACAGATGCCGA,Conventional dendritic cell
L2_TTTGGTTCATCATGAC,Memory B cell
L5_GGAGCAACATCGAGCC,CD4 memory T cell
L1_ATACCGACAACGAGGT,Naive CD4 T cell
L3_GAGTGAGGTAATGATG,Proliferating NK cell
L1_CAACCTCGTCGAGTGA,Naive B cell
E2L4_TACCTCGGTACCTAAC,CD4 memory T cell
E2L4_GGGAAGTAGTCATTGC,CD14+ monocyte
L1_ATTCACTAGACCTTTG,Naive CD4 T cell
L2_TGCTCGTAGCACTCCG,Naive CD4 T cell
E2L2_CTTCGGTAGGGTGAAA,Cytotoxic T cell
L3_GTGCAGCTCGGCCCAA,Plasmacytoid dendritic cell
E2L3_AACCAACGTACAGGTG,Natural killer cell
E2L4_CCCTCAACAAGCCTGC,Memory B cell
L5_TGATTTCAGTCTGTAC,Cytotoxic T cell
L1_TTCTTGACAATAACGA,Erythroid cell
L1_AGTAGTCAGTTGTCAC,CD161+ memory T cell
E2L1_ACTTAGGGTTGTCTAG,FCGR3A+ monocyte
L5_CACTGAACATGTTCGA,Cytotoxic T cell
L4_CAGCCAGCAGAAATTG,FCGR3A+ monocyte
L5_TTCTAGTGTGCTCTCT,Naive CD4 T cell
E2L2_TTGCATTTCCGGTAAT,Proliferating NK cell
L3_TCTTCCTAGACGGTCA,CD161+ memory T cell
L5_GGTAACTGTAACGATA,Proliferating NK cell
L5_GAGTTGTCAAGGCCTC,Naive CD4 T cell
E2L5_CACACAATCATATGGC,Natural killer cell
L4_GTCGCGACAGAGACTG,Memory B cell
E2L5_CAGGCCACAAGTGTCT,CD14+ monocyte
E2L2_ATGGGAGGTATGGAAT,CD4 memory T cell
E2L3_CAACGGCAGTAATACG,Natural killer cell
E2L5_TAAGCACCATTCGGGC,Naive B cell
L3_GTCATTTAGTAGAGTT,Naive CD4 T cell
E2L3_GAAGGACAGCCACCGT,Conventional dendritic cell
E2L6_CTCCCAACACACTTAG,Cytotoxic T cell
E2L8_GAAACCTAGCTAATCC,Memory B cell
L1_TCAGTGAGTCTTCCGT,Proliferating NK cell
E2L3_CTATCTATCGCAACAT,GZMK+ memory T cell
E2L3_TGAGGAGTCCGTGGGT,Plasmacytoid dendritic cell
E2L6_CGGGCATTCGCATAGT,Natural killer cell
E2L8_TCCTCCCGTAGCTTGT,Memory B cell
E2L8_TCAGTCCCAACCCGCA,Naive B cell
L1_GAGATGGTCGTAACCA,Naive CD4 T cell
E2L7_GACCAATAGACTCAAA,Gamma delta T cell
E2L3_TTCTAGTCAACCACGC,Gamma delta T cell
L2_ATCGGATGTAGACGGT,Naive CD4 T cell
E2L6_ACTATTCGTTGCTGAT,Cytotoxic T cell
L2_GAAGCCCGTCTGCAAT,CD4 memory T cell
E2L8_CTCCATGAGGCTTAAA,Naive B cell
L4_ACGCACGAGCGTGAGT,Conventional dendritic cell
E2L3_ACTGATGAGGATACGC,Memory B cell
E2L4_AGGAATACAAGTATCC,Plasma cell
E2L6_CTGCTCAAGCTCTATG,Conventional dendritic cell
E2L2_GTTAGACGTTATGACC,Naive CD4 T cell
E2L1_GTCCTCAAGTCCTGTA,Natural killer cell
L2_GACTCTCTCCACAAGT,GZMK+ memory T cell
E2L7_TGTACAGAGAGCGACT,CD161+ memory T cell
L4_GTAGAGGAGATTCGCT,Naive B cell
E2L6_TCAATCTAGGTCTTTG,Gamma delta T cell
E2L8_TGAGGGACAATACAGA,Cytotoxic T cell
L3_GATCAGTCAGTGTATC,Conventional dendritic cell
L1_TGGCGTGGTCCCACGA,CD14+ monocyte
E2L6_TAAGCGTCACTCCTGT,CD4 memory T cell
L5_CAGCCAGCATAATCCG,CD4 memory T cell
E2L1_GTGGAAGAGGATATAC,QC_filtered
L1_CTAGGTATCGCCGAGT,CD161+ memory T cell
E2L3_CAGCAATTCGTAGGAG,Natural killer cell
L2_CTACTATGTGATCATC,Natural killer cell
L2_TTCACGCTCCACACAA,Cytotoxic T cell
E2L1_GCAGCCAAGACTCTTG,Natural killer cell
E2L5_ACTTATCAGCTCTGTA,Cytotoxic T cell
L2_CACGTTCCATCCGGTG,Cytotoxic T cell
L4_CGAAGGACAAAGCACG,Memory B cell
L1_AATGAAGTCGCAATTG,Naive CD4 T cell
L2_GGTTCTCTCCGCCTAT,Memory B cell
L5_GTGTGATAGAAATTGC,CD4 memory T cell
L5_AAACCCATCTTGGATG,Conventional dendritic cell
L1_CGTGATACACGACAGA,CLEC9A+ dendritic cell
L2_TTGTGGATCTCCAATT,Naive CD4 T cell
E2L1_ACTATGGTCTGATGGT,Gamma delta T cell
L5_CATTCCGGTGAGATTA,CD161+ memory T cell
L5_TGTCCACGTTCTCTAT,Naive B cell
E2L4_CTAGACAGTACTGGGA,Memory B cell
E2L1_GGTAGAGTCCCATAAG,Cytotoxic T cell
L4_AAGCGTTGTAGCGTCC,Conventional dendritic cell
L1_CACCAAAGTCAAAGAT,Naive CD4 T cell
L1_TCAAGCATCGTAGTGT,CD4 memory T cell
L2_CTGCATCCAAGACCTT,CD14+ monocyte
E2L6_CCGTGAGTCATCGCCT,Cytotoxic T cell
E2L8_CTGAGGCAGATTAGTG,Natural killer cell
L4_GAGCCTGGTCTAGGTT,Naive CD4 T cell
L1_CGTAGTACAACGGCTC,Naive CD4 T cell
L4_GCAGGCTGTGCCGTAC,Naive CD4 T cell
L4_GTGAGGACAGTTAGAA,Naive CD4 T cell
E2L5_TCCCAGTCAAGACCTT,GZMK+ memory T cell
E2L8_TCTGGCTCACAGAGCA,Conventional dendritic cell
L1_TGTAAGCCAGCTACTA,Cytotoxic T cell
L2_TGTAACGGTGAAGCTG,Natural killer cell
E2L3_TCCTAATCAACAAGAT,CD4 memory T cell
E2L8_AAGGTAATCATTTGGG,Naive CD4 T cell
L2_CTCCCTCGTCCAAGAG,Plasma cell
L4_AGCGATTTCACGTCCT,Naive B cell
L2_AATGGCTGTCGAATGG,Naive B cell
E2L6_CTGCATCTCCGGACTG,Memory B cell
E2L6_TGTAGACGTTCCGCTT,CD161+ memory T cell
E2L6_AACCATGAGGACATCG,CD161+ memory T cell
E2L1_TCAGCAACATGTCAGT,Memory B cell
L4_GATGTTGTCGTTGTTT,Naive CD4 T cell
E2L6_CATGGTAAGTCGAAGC,Gamma delta T cell
E2L8_GTTACCCCAGAACCGA,Naive CD4 T cell
L5_GGATCTAAGTTCGCAT,Plasmacytoid dendritic cell
E2L2_GACTTCCTCGTTGTTT,Memory B cell
E2L2_CAGAGCCCATGGGATG,Natural killer cell
E2L2_GAAGCGACAATCTCTT,Proliferating NK cell
L4_ACGGTTATCAATCCAG,Naive CD4 T cell
E2L2_CTCTGGTGTCTCGCGA,CD161+ memory T cell
L5_CTCCCTCAGGAATCGC,Natural killer cell
E2L5_TACCGGGAGGTCACTT,Cytotoxic T cell
E2L1_GGAGATGGTACCATAC,Naive B cell
E2L8_GTCAAACTCGAGAAAT,Plasmacytoid dendritic cell
E2L7_GAGATGGAGTGCACCC,Cytotoxic T cell
L1_GACCAATTCTCGGCTT,Natural killer cell
L4_TTGGGCGCATGATAGA,Naive CD4 T cell
E2L1_GCCCAGATCGTGCTCT,Proliferating NK cell
L2_GACTCTCGTCCGCAGT,Naive CD4 T cell
E2L1_TTCCGGTCATGAATAG,FCGR3A+ monocyte
L1_AAGTACCGTGAGGAAA,Plasma cell
E2L2_CGTGAATAGTCACTCA,Plasma cell
E2L6_GGGACTCTCCAGTGTA,Cytotoxic T cell
E2L3_TTTCGATGTGGCGTAA,Natural killer cell
E2L3_GTGAGTTCAGTTGTTG,Naive CD4 T cell
L3_AGGGCTCTCCGTGCGA,Memory B cell
L1_CTGGACGGTGACTATC,Naive B cell
L1_TGGTACACATGACACT,Naive CD4 T cell
E2L6_CCCGGAATCCTACCGT,Cytotoxic T cell
E2L1_TCGACGGGTGCCGAAA,Hematopoietic progenitor cell
L3_AGGCTGCTCCAGCAAT,Memory B cell
E2L2_TGTTCCGCAAAGAACT,CD4 memory T cell
E2L2_AAGCGTTGTAACATGA,Cytotoxic T cell
E2L7_TGGGAGACAGAACTTC,Naive CD4 T cell
E2L6_CTTACCGTCTCAGTCC,Proliferating NK cell
L1_TTGACCCAGATTGCGG,Naive CD4 T cell
E2L8_AATAGAGCAATTCTTC,Naive B cell
E2L7_ATACCGACAACTTGCA,Cytotoxic T cell
E2L7_ACTGCAATCAGGCGAA,Proliferating NK cell
E2L1_ACATGCAAGACGCAGT,Conventional dendritic cell
L3_GGGTAGAGTTGTAGCT,Plasmacytoid dendritic cell
E2L1_GACTTCCGTCCATACA,CD14+ monocyte
L1_CTAGACACAACTTGCA,Hematopoietic progenitor cell
E2L8_AAGACTCTCGCTCATC,Conventional dendritic cell
E2L5_GTAATCGCATGATGCT,CD161+ memory T cell
E2L8_CTATAGGTCCTTCTAA,FCGR3A+ monocyte
L1_GGAATGGCATACCAGT,CD161+ memory T cell
L2_TTCCGGTGTACTCGTA,CD14+ monocyte
L2_ACGATCAAGTGAGCCA,Hematopoietic progenitor cell
L5_ACTTATCAGAAGCGAA,Naive CD4 T cell
L3_TGTAACGTCCTAAACG,CD161+ memory T cell
E2L4_TCGCTTGTCTGGGCCA,Platelet
E2L4_GAGTGAGCATCTTAGG,FCGR3A+ monocyte
L2_GTCATCCGTGGCGCTT,Hematopoietic progenitor cell
L2_CATAGACTCCAGCTCT,GZMK+ memory T cell
E2L5_GGCGTCACAGTCTTCC,Cytotoxic T cell
E2L6_TCCCACAAGCCATTTG,Natural killer cell
L2_CCGGTGAGTGCTGTCG,Memory B cell
L4_ATCGTGACAAGCCTGC,CLEC9A+ dendritic cell
E2L8_TCCCACAAGGGTGGGA,Proliferating NK cell
E2L6_ATCGGCGCAGTTCACA,Conventional dendritic cell
E2L2_AGAACCTGTTATCTGG,Plasmacytoid dendritic cell
L5_CCCTGATAGAGAGTGA,CD161+ memory T cell
E2L2_TCAGTTTCACAGCCTG,Cytotoxic T cell
E2L6_CCTGTTGGTTAGGAGC,Memory B cell
E2L8_CTACAGAGTGGATTTC,QC_filtered
E2L5_ATCCTATAGGCTGGAT,Natural killer cell
L5_CTACGGGCACGACGAA,Memory B cell
E2L6_AGGGTGAGTGATATAG,FCGR3A+ monocyte
E2L3_CATCGTCCATTCACCC,Naive CD4 T cell
E2L8_TCTACCGCAAGAGCTG,QC_filtered
L5_GTATTGGCAGACTCTA,Naive CD4 T cell
E2L1_TGTTCATTCCACTTCG,Cytotoxic T cell
E2L7_CAGCCAGGTATTCCGA,Plasmacytoid dendritic cell
E2L7_CCTACGTCAACACTAC,Memory B cell
L5_CGGAGAACATCTCAAG,Gamma delta T cell
E2L3_AAAGTGAGTGACCTGC,Memory B cell
E2L6_CGTTGGGGTATATGGA,CD4 memory T cell
L5_GTGTTCCAGAAACACT,CD161+ memory T cell
E2L5_AACGAAAGTTCTCTCG,CD4 memory T cell
E2L8_ATACTTCAGCACTCGC,QC_filtered
L5_AAACCCAGTTCTAAGC,Hematopoietic progenitor cell
L2_GCTCAAATCCCGGTAG,Plasmacytoid dendritic cell
L4_CATCGTCAGGTCCCTG,Conventional dendritic cell
L3_ACCATTTAGTCACTGT,Cytotoxic T cell
E2L7_AATGCCAAGATGAAGG,Naive CD4 T cell
L5_GTGTCCTAGCGGGTTA,Naive CD4 T cell
L4_TTGCATTCATTAGGCT,Cytotoxic T cell
E2L2_TGACCCTAGATTGGGC,FCGR3A+ monocyte
L5_TAGATCGGTGCCGTTG,Naive CD4 T cell
E2L8_GTGATGTCACAGAGAC,CLEC9A+ dendritic cell
E2L4_TCCGTGTCAATACGCT,Cytotoxic T cell
E2L1_TAACACGGTGCATTAC,CD4 memory T cell
E2L5_TTCTCTCCAAGTAGTA,Cytotoxic T cell
E2L5_CGAAGTTGTCCTGGTG,Proliferating NK cell
E2L5_CGTCCATGTTAGGGTG,QC_filtered
E2L1_TTCTCTCGTCTAGGTT,Cytotoxic T cell
E2L4_AATTTCCGTTGTGCCG,Naive CD4 T cell
E2L5_GACCCAGTCCCTCAAC,CLEC9A+ dendritic cell
E2L2_TGCTTGCCATGTACGT,Natural killer cell
L5_TTCGCTGGTGCGGTAA,Naive CD4 T cell
L3_CGAGGCTAGCAGAAAG,Naive CD4 T cell
L4_GATTCTTTCCTCTCGA,Naive B cell
E2L8_CTCATCGCATGTTTGG,Natural killer cell
L1_TGAGGTTCATTGCTTT,Hematopoietic progenitor cell
L4_ACGTAGTTCGCCAATA,Conventional dendritic cell
L4_CGGCAGTGTACAACGG,Cytotoxic T cell
E2L4_GACGCTGAGACTGTTC,Memory B cell
L5_TTGCTGCAGACAGCTG,Natural killer cell
E2L6_TCGTGGGCACTAGAGG,Naive B cell
E2L4_AGATCGTAGCTTCTAG,Cytotoxic T cell
E2L5_ACGTAGTCATCAGCAT,Gamma delta T cell
L2_TTACAGGGTTCGGTAT,Erythroid cell
E2L4_AGACAGGAGGTAATCA,Memory B cell
E2L6_CGAAGTTTCTGTAACG,Cytotoxic T cell
E2L2_CTTTCAACAAAGACGC,FCGR3A+ monocyte
L1_CCTCCTCGTCGGCACT,Naive CD4 T cell
E2L3_TCCTAATTCAGCGCGT,Conventional dendritic cell
L1_TGAGCATCACATTACG,Gamma delta T cell
E2L5_CATTCTAGTACTCGCG,GZMK+ memory T cell
L5_CCTCTAGGTGGATACG,CD14+ monocyte
E2L3_CATTGAGCACGAGGTA,Cytotoxic T cell
E2L3_GTGTGATAGACTCTTG,Memory B cell
L5_GTCGTAAGTGCTCTTC,Naive CD4 T cell
L3_GTGGGAATCATGAGGG,Cytotoxic T cell
E2L5_ACAGAAAGTGAGCCAA,Natural killer cell
E2L5_GGGTGTCAGCTTTCCC,CD14+ monocyte
E2L6_CGAGTGCTCCACTGGG,CD14+ monocyte
E2L7_GAGTTACGTCATAAAG,CD4 memory T cell
L2_TCCGAAAGTTTGAACC,Memory B cell
E2L3_TCTGCCATCTTTCCAA,CD14+ monocyte
E2L2_CACAACAGTGCAATAA,Conventional dendritic cell
L2_GTGACGCGTTGTGGCC,CD14+ monocyte
L4_TCCACCAAGCTTACGT,Cytotoxic T cell
E2L2_CCCTCAATCCTTCTAA,Memory B cell
L2_GCTTTCGAGTTGGAGC,CD14+ monocyte
E2L7_TGTGATGCATGGTGGA,Cytotoxic T cell
E2L3_ATATCCTCAAATTGCC,QC_filtered
E2L1_TGGAGAGAGGTCACAG,Memory B cell
E2L8_ATCGCCTCAAGTACCT,CD14+ monocyte
L1_CAGATACTCTAACGGT,Cytotoxic T cell
E2L8_TTGGGTATCTCATTTG,Naive B cell
L1_ATCACAGGTGTGTTTG,FCGR3A+ monocyte
E2L4_CGGAACCCACTGTGAT,Conventional dendritic cell
E2L8_GGGATGACATAGCTGT,CD4 memory T cell
L5_TCACTCGGTAGTTCCA,GZMK+ memory T cell
E2L5_TACCTCGAGTCATACC,Erythroid cell
E2L7_ACATTTCCAAAGGCTG,Memory B cell
L5_CTCCCAAAGTACAGAT,CD161+ memory T cell
E2L1_AGACACTGTAACTGCT,Proliferating NK cell
L5_CGGAGAAAGAATCCCT,Hematopoietic progenitor cell
L5_AACCTGATCTGATGGT,Natural killer cell
E2L3_CGGACACTCACGGTCG,Natural killer cell
E2L6_GTCCTCAAGAGGGTAA,CD4 memory T cell
L4_GACATCACAAACACCT,Cytotoxic T cell
E2L4_GTACAACGTCAATCTG,QC_filtered
L4_ATGTCCCTCCGCAAAT,Naive CD4 T cell
E2L5_CTTACCGCAGGAGACT,Conventional dendritic cell
E2L7_CAATACGTCTACGGGC,Memory B cell
E2L7_GTAAGTCGTGAGTAGC,Cytotoxic T cell
E2L1_GGAGGATAGGTCCCTG,Cytotoxic T cell
L3_CGTGAATTCTTGCGCT,Naive CD4 T cell
E2L5_TTGAGTGTCGCTGACG,Natural killer cell
E2L4_TAACTTCTCAAGCGTT,FCGR3A+ monocyte
E2L7_CACTGGGAGACTTCGT,Memory B cell
L5_CAGCGTGGTCTACTGA,GZMK+ memory T cell
E2L5_GGCTGTGTCGAGAACG,GZMK+ memory T cell
L2_GGGAAGTTCTCATTAC,Conventional dendritic cell
L3_AACGTCACAACATCGT,FCGR3A+ monocyte
L2_AACAAGACAGAGCGTA,Plasma cell
L3_CGTCAAAAGTAGATCA,Plasma cell
E2L6_GTAGAGGGTGGATCGA,Naive B cell
E2L3_GGGAAGTGTAATGCGG,Natural killer cell
E2L7_GTAATCGCAGAGCTAG,Natural killer cell
L2_GTTAGACAGACCTCCG,Naive CD4 T cell
L5_GAGAGGTCACCAGCTG,Naive CD4 T cell
L5_TCGGGTGCACCCTTAC,CD4 memory T cell
E2L4_AATTCCTCAACGACTT,QC_filtered
E2L4_GTTGCTCCACACCAGC,Cytotoxic T cell
E2L3_CATAGACCACTGTGAT,Natural killer cell
E2L4_CGGGTCAAGGAACTCG,Naive B cell
E2L1_ACGTTCCGTCAAGCCC,Natural killer cell
L5_ACAGAAACAGGACTTT,CD4 memory T cell
L3_ACCCTCAGTCCGTTTC,Naive CD4 T cell
L5_GCTACCTTCGTTAGAC,CD4 memory T cell
L2_TTCGGTCCACAATTCG,Naive CD4 T cell
E2L3_AGTGACTGTGGCTAGA,Natural killer cell
L1_TCTTAGTAGGGATGTC,FCGR3A+ monocyte
E2L4_TGGCGTGTCGTTGTAG,Memory B cell
L3_CCGCAAGCAAGGTCTT,Naive CD4 T cell
E2L5_ACCAACAGTGGCTTGC,Memory B cell
L1_TTCCGTGGTCGTCAGC,Hematopoietic progenitor cell
E2L7_GCCAGGTTCGTCCTCA,Memory B cell
L5_AAGCATCAGCTTTGTG,Conventional dendritic cell
E2L1_GGAACCCCAAGGTCAG,Naive CD4 T cell
L1_TGCCGAGGTCGGATTT,Hematopoietic progenitor cell
L3_CTGCAGGAGCTAAATG,CD4 memory T cell
E2L6_GAAATGAGTGGGCTTC,Natural killer cell
L1_CAAGCTAGTGCATGTT,CD161+ memory T cell
L1_GGGCTCACACTACCCT,CD4 memory T cell
E2L4_GAGAGGTAGGTCCGAA,Memory B cell
E2L7_TGACCCTGTGGACTGA,Naive CD4 T cell
E2L7_TTACGCCTCTGGGTCG,CD161+ memory T cell
E2L5_TTCACCGAGGATTTCC,CD14+ monocyte
E2L4_AGACACTCACAACGTT,Conventional dendritic cell
E2L2_CGGGTGTAGAACTGAT,Conventional dendritic cell
E2L8_CACCGTTAGACTCTAC,Proliferating NK cell
E2L8_GGGAAGTCAGGTTTAC,Natural killer cell
E2L7_TGTCAGATCACGACTA,FCGR3A+ monocyte
E2L5_TATCTTGCACTGGAAG,CD4 memory T cell
L4_TATTGCTCAGACAAAT,Naive CD4 T cell
L3_TAGGGTTTCATGCCCT,Hematopoietic progenitor cell
E2L5_CGGAATTTCCGTGTCT,Memory B cell
L2_CGAGTTATCAGGAACG,Naive CD4 T cell
L2_AGACAAACAGTGGGTA,Conventional dendritic cell
L2_TGAGTCAGTGATACCT,Hematopoietic progenitor cell
E2L2_CTCGAGGCAAAGCAAT,Natural killer cell
L1_AGTTCCCAGCAGCCTC,Naive CD4 T cell
E2L6_TAGATCGAGACGCCCT,Plasmacytoid dendritic cell
L5_CTCTCAGCAGCTCGGT,Naive CD4 T cell
E2L8_TATTTCGAGAGGGTGG,Cytotoxic T cell
E2L5_CAGGCCAGTCCGTTTC,Naive CD4 T cell
L1_CGAGTGCGTAGGCTCC,CD161+ memory T cell
E2L4_AGACCATAGACGCCAA,Natural killer cell
L2_AAGCCATTCTCCCATG,Naive CD4 T cell
L1_CTGCTCAAGCTTTCCC,Naive CD4 T cell
L3_AGCGATTCAAGTGCTT,CD4 memory T cell
L1_ACACTGAAGCAGGGAG,GZMK+ memory T cell
E2L6_CGTTCTGGTTCGGACC,Plasmacytoid dendritic cell
L5_GATGACTTCAAGTGGG,Cytotoxic T cell
E2L3_TTCTAACAGTTTGGCT,Cytotoxic T cell
E2L6_GGTAATCCACCGGAAA,QC_filtered
L1_GAAGTAACACTAGTAC,Platelet
