barcode,cell_type
L3_ACCGTTCCACATATGC,Proliferating cells
E2L7_GACCAATCAGAGCTAG,CD16+ Monocytes
E2L2_TCCGAAAAGAAGCTGC,Megakaryocytes
E2L4_TAATCTCGTAGAGATT,Dendritic cells
L5_TATTGCTTCGCTAATG,CD8+ T cells
E2L3_GTAGATCCAACCGACC,CD16+ Monocytes
L3_TCCGATCGTGTTTACG,CD14+ Monocytes
L3_TTAGGCACACACCTGG,CD4+ T cells
E2L4_TCGATTTTCTGCTTAT,B cells
E2L5_CGGGTGTTCAACTGAC,CD4+ T cells
L2_CAGCACGTCGAGTCTA,CD4+ T cells
E2L6_GACTGATTCCGTAGGC,Proliferating cells
L1_TTAGTCTCATCAGCTA,CD4+ T cells
L1_CTAGGTAGTAGATGTA,Plasmacytoid dendritic cells
E2L1_TGACGCGGTTAAGACA,B cells
E2L5_CAGCAGCTCAAGTTGC,CD4+ T cells
L2_CGTAGTATCGCAGATT,Proliferating cells
L5_CTTGATTTCAGCTAGT,Dendritic cells
L1_AGAACAAAGGAACGCT,CD4+ T cells
E2L1_CGAGGCTTCTGCGGAC,CD8+ T cells
L4_GGGTCACTCGATAACC,CD4+ T cells
E2L6_GATTTCTGTGAATGAT,B cells
L1_GTTCCGTGTACCGGAA,Proliferating cells
L2_TGGGAGAGTTCGTGCG,Hematopoietic stem and progenitor cells
E2L1_CTCATTAAGGTCATCT,CD14+ Monocytes
E2L6_CCCTCTCTCGACCACG,B cells
L5_TACGTCCAGAGAGCCT,Dendritic cells
E2L5_AAAGGATCACTCCTGT,CD8+ T cells
L1_ACCCTCAAGGTCCAGA,CD8+ T cells
E2L1_GTAACCATCACGGACC,CD8+ T cells
L1_GTAGTACTCTTCTAAC,CD4+ T cells
L2_TATCCTATCCCTGGTT,Dendritic cells
E2L1_ATTGTTCAGTATTCCG,Dendritic cells
E2L6_ATCGCCTAGGCTCAAG,Megakaryocytes
L2_TCCTCCCTCCGCGATG,Proliferating cells
E2L2_ACGGAAGAGATGTTGA,CD4+ T cells
L5_GATGTTGGTACGAGTG,CD4+ T cells
L5_ATCCATTTCACAAGGG,CD16+ Monocytes
L4_GATTCGAGTAGTCTGT,CD4+ T cells
E2L2_TATCTGTCACCGTGGT,CD4+ T cells
E2L6_AGGGTTTCACAGGATG,CD8+ T cells
L5_TCTTAGTCATATCTGG,CD8+ T cells
E2L5_CAGATACAGCCTGAGA,CD4+ T cells
E2L5_CAACAGTTCGGACTGC,Proliferating cells
E2L8_GGCGTCAGTACCTTCC,CD8+ T cells
L2_AACAACCGTAGACGTG,CD4+ T cells
L3_GCACGGTGTCGACTGC,CD4+ T cells
E2L5_AGGTCTATCAGTGTGT,Dendritic cells
E2L4_CTGCCTAGTACCTAGT,Megakaryocytes
L2_GAGCTGCGTCGAGCAA,CD8+ T cells
L5_ATCATTCAGAAGGGAT,CD4+ T cells
E2L8_TAAGCCACACACCTGG,Plasmacytoid dendritic cells
E2L4_TAACGACCAAGCTCTA,T cells
E2L8_TCATTGTTCGTTGCCT,T cells
E2L7_CTACCTGAGTCGCGAA,CD16+ Monocytes
E2L2_TAGGGTTAGCACTAAA,CD14+ Monocytes
L2_TGGTACAGTGTATCCA,Hematopoietic stem and progenitor cells
L4_GGAACCCAGCTCCACG,NK cells
E2L6_CTCGAGGTCTAAGCCA,CD16+ Monocytes
L5_TCGCTTGTCTTACCGC,Dendritic cells
L3_CGTAATGAGTACTGTC,NK cells
E2L4_TTGGTTTAGTATGGAT,Dendritic cells
E2L3_AGGTCATAGCATCAAA,CD4+ T cells
L4_TCTGGCTCATAATGCC,CD4+ T cells
E2L1_TGACGCGTCCACACAA,CD8+ T cells
E2L3_CTCTCGAGTCCTTAAG,CD8+ T cells
E2L6_CCGTAGGAGGCAGGGA,CD8+ T cells
E2L2_AAAGTGAGTCTGTGAT,Proliferating cells
L1_GATCACATCAAGGAGC,CD4+ T cells
E2L3_GAGTTACTCACATCAG,Plasma cells
E2L4_ATGCCTCGTTCGGCGT,CD8+ T cells
E2L8_GTACAGTGTAGCACAG,Proliferating cells
E2L8_ACTGTCCAGCTATCTG,CD8+ T cells
L5_AGGATCTAGATCACTC,Proliferating cells
L1_GGGATCCTCCCTCTCC,CD4+ T cells
E2L3_AGGATAAAGCGACTGA,Plasmacytoid dendritic cells
E2L4_GGAATCTGTCGTCTCT,Megakaryocytes
L5_CACAACATCGTGCGAC,Dendritic cells
L5_CTACCCAAGCGTGCTC,B cells
E2L5_GTTTACTTCTCACTCG,Dendritic cells
E2L7_ACCCTTGGTGCTTCAA,Proliferating cells
L1_CGTTAGATCTGGTGGC,CD4+ T cells
E2L4_CGTCCATCATCCGGTG,CD8+ T cells
E2L1_TCCGGGAAGTCATGCT,Plasma cells
E2L4_TGAGACTAGAATTTGG,B cells
E2L1_ATCTCTAAGCACACCC,T cells
L2_TGTTTGTTCACTTCTA,CD8+ T cells
E2L7_AGCTCAACACACAGAG,CD8+ T cells
L5_CTCCGATGTAGAGTTA,CD14+ Monocytes
L5_GCTGAATCATGATGCT,CD4+ T cells
E2L2_CAGGCCATCTATTTCG,CD4+ T cells
E2L3_GTGCACGCAGTTTCAG,CD8+ T cells
E2L7_TCATTCAAGGACGGAG,CD4+ T cells
E2L2_TGAGGTTAGTGTTGTC,CD16+ Monocytes
E2L3_GTAGCTACATCAGTCA,Proliferating cells
L1_AGGAAATTCCACGTCT,CD4+ T cells
L3_AATCGACTCCGATAAC,CD4+ T cells
E2L3_CTTCTAACACAATTCG,Proliferating cells
L3_CATAAGCAGAGGGTGG,CD4+ T cells
L1_TCATCCGAGTATCTGC,CD4+ T cells
E2L7_CACGTGGTCTCTGGTC,Megakaryocytes
E2L1_TCTCACGTCATTTACC,NK cells
L2_CCTATCGGTATCTCTT,CD14+ Monocytes
E2L1_CGTGATAAGGATTCCT,B cells
L4_TAAGCACAGGCAGGGA,B cells
L5_CACTGAAGTTCGTTCC,B cells
E2L3_TTTGACTCAAGAGGCT,Dendritic cells
L3_TCAATCTTCGTGGCGT,Hematopoietic stem and progenitor cells
E2L2_GCATCGGCAGGGTCTC,B cells
L5_AGGGTCCCAGACGGAT,CD4+ T cells
L2_CCAATGATCATCGCTC,CD16+ Monocytes
L5_TCGATTTCAAATTAGG,Plasma cells
E2L4_TAAGCCACAAGAGATT,B cells
L5_TGTAACGAGATGGGCT,CD8+ T cells
E2L6_GCGATCGCAATACGCT,NK cells
L4_CTACCCACAGAGAGGG,CD8+ T cells
E2L3_TCGGTCTGTCGCTCGA,Proliferating cells
L4_ATGGGAGCATCTGGGC,CD4+ T cells
L4_AGTCACAGTGTTCGAT,Proliferating cells
L4_ACTGATGGTAAGATCA,B cells
L1_TGTAGACGTAGTGCGA,CD4+ T cells
E2L8_AGGTGTTCAACTACGT,CD4+ T cells
E2L2_ATGAGTCTCTTCGACC,CD14+ Monocytes
E2L8_CTGTAGACAGATAAAC,CD4+ T cells
E2L2_GGGTCTGAGAATCGCG,CD8+ T cells
E2L6_GGTCTGGAGTAGTCTC,CD4+ T cells
E2L4_AGCTCAATCTGTCGTC,CD4+ T cells
E2L2_AGAGAATTCATGGATC,B cells
E2L7_CTCAACCAGCCATGCC,Proliferating cells
E2L3_CTCGAGGTCGCTAAAC,CD8+ T cells
E2L5_GAGGCAAGTACTCGCG,Megakaryocytes
L5_ACACAGTTCACGGTCG,CD8+ T cells
L3_CTCCGATCAGGACGAT,CD14+ Monocytes
E2L5_TGCTTCGCACAACGTT,CD8+ T cells
L3_ATCGTGAAGTCAAGCG,Hematopoietic stem and progenitor cells
E2L4_ATTCGTTGTGGACTAG,Megakaryocytes
E2L7_AGGGTCCGTCACTTAG,CD4+ T cells
E2L2_GTTGAACCACCGTACG,NK cells
E2L4_AGTAACCAGAGTCTTC,B cells
L2_TACTGCCTCATAGACC,Dendritic cells
L3_TGTCCACTCTGGGCCA,Plasma cells
E2L7_CACTGAATCCATAAGC,CD4+ T cells
L4_TGTTTGTCAGTCAACT,B cells
E2L5_TACTTGTCATGGGATG,CD14+ Monocytes
E2L6_ATTCGTTAGAACTCCT,Plasma cells
L2_GCAGGCTTCAGCCTCT,CD4+ T cells
L4_TCGATTTCATGACACT,CD4+ T cells
E2L2_GTCTGTCAGTTACGAA,CD4+ T cells
E2L7_CACACAACACTGGATT,Plasmacytoid dendritic cells
E2L7_TTTCACATCGCCTTTG,NK cells
L5_AGGTTGTCATGCACTA,CD4+ T cells
E2L2_GGAACCCGTTCTCCCA,NK cells
L1_ACTTATCTCGCCTTTG,Megakaryocytes
E2L3_CGTTGGGCAGCGTTGC,Plasma cells
L1_TCGGATAAGGCTTAAA,Proliferating cells
E2L6_TTGTTCAGTTATGTCG,Megakaryocytes
E2L3_GTAACACAGGGAACAA,CD4+ T cells
L2_GTTGTGAAGCATATGA,CD4+ T cells
E2L5_TTCATGTTCCGAGTGC,CD16+ Monocytes
L4_ATAGAGACAGGAGGAG,CD8+ T cells
L1_ATTTCACTCACAAGGG,Proliferating cells
E2L7_GCCCGAACACAGTATC,NK cells
L4_TTGACCCCAAGTTTGC,Plasma cells
L1_CAGCCAGGTTGTGTTG,CD4+ T cells
E2L6_ACACCAATCTCAGTCC,Plasmacytoid dendritic cells
L4_CCGAACGAGTCATTGC,Plasma cells
L5_CTCCAACGTTATCTGG,CD4+ T cells
L1_GTTACCCTCAGGACGA,Dendritic cells
E2L1_GCAGTTACAAGGCAAC,B cells
L3_ATCACAGCATTGAGCT,Proliferating cells
L4_CACATGAAGACATCAA,Hematopoietic stem and progenitor cells
E2L8_TAGTGCAAGCGTACAG,Megakaryocytes
E2L6_TCGGGTGTCCATATGG,CD8+ T cells
E2L8_TTTACCAAGTTTCAGC,CD8+ T cells
E2L3_GGAGAACTCTGAGATC,B cells
E2L3_TGCGACGGTCTTCCGT,CD8+ T cells
E2L4_TATGTTCCATTCCTAT,B cells
E2L4_ACGATCAAGGCAGTCA,CD8+ T cells
L2_GTTTACTGTCTCGGAC,CD8+ T cells
E2L1_CGCGTGAGTCTCAGAT,B cells
L1_GTGAGGAAGGAATCGC,NK cells
E2L6_TGAGTCACACGTCATA,B cells
E2L3_GCCCGAACAGGCCCTA,CD4+ T cells
L3_CGTGTCTTCGGTCATA,CD8+ T cells
L2_AGTAGTCAGTGCCCGT,CD8+ T cells
E2L5_CCTCTCCGTACAGTCT,CD14+ Monocytes
E2L2_CACTTCGGTTGCCGAC,Dendritic cells
L3_CGTGAATAGTGGTGAC,NK cells
E2L2_CTAACTTGTTGTGCAT,Megakaryocytes
L1_AGCGCTGTCTAGTGTG,Proliferating cells
E2L3_CAATGACAGGCATTTC,Proliferating cells
L3_ACATCGAAGCATATGA,NK cells
L1_TTCCGGTTCAAGAGTA,CD8+ T cells
L4_CAGTTAGAGCGCCATC,CD4+ T cells
L3_CTGGACGAGGTTGAGC,CD4+ T cells
L3_CACGGGTCAGCTGAGA,CD4+ T cells
E2L1_GTCGCGAAGTAATTGG,Plasma cells
E2L8_TGGTACACAAGCCTGC,Proliferating cells
E2L1_CCACGTTCATTACTCT,CD16+ Monocytes
E2L8_ACGGAAGTCCGTGTAA,CD8+ T cells
L2_TCAAGTGCATGCGGTC,CD8+ T cells
E2L5_GCTGCAGTCTTACCGC,CD14+ Monocytes
E2L2_ATTCTTGGTTTACTTC,CD14+ Monocytes
L1_AGGAGGTAGGGCCTCT,B cells
E2L5_GTCTACCAGTGGTGAC,CD4+ T cells
L1_CTGCCTACAAGCGATG,Plasmacytoid dendritic cells
L4_TTGTGGACACGCGTCA,CD4+ T cells
E2L3_TTGGGATGTCATAGTC,CD8+ T cells
L4_TGAGCATGTATGGAGC,CD4+ T cells
E2L5_TCGGGCAAGCGACTAG,B cells
E2L3_TAGGTTGCACATGGTT,Megakaryocytes
E2L5_GGGTCACCAGCAGACA,Plasmacytoid dendritic cells
E2L7_CCTTTGGGTCACCGAC,CD4+ T cells
E2L6_AAACGCTCAAATGATG,CD16+ Monocytes
E2L8_CCCTCTCAGTGGCCTC,NK cells
E2L2_AGGACTTAGCGCCTTG,B cells
E2L2_AGGTTACAGGGTCACA,NK cells
E2L4_TCATTGTGTCCTTTGC,CD4+ T cells
L1_CCCAACTTCATTGAGC,CD8+ T cells
E2L1_TATCGCCGTGATGAAT,CD4+ T cells
E2L3_AATGGAAGTCGAGATG,Proliferating cells
E2L6_ACATGCACACTCTAGA,B cells
E2L1_CTTACCGTCATATGGC,CD4+ T cells
E2L4_TCGTCCAAGCGATGGT,Dendritic cells
E2L2_TCCACCAAGTGTTCCA,CD8+ T cells
E2L2_ACACCAACATGACAGG,Megakaryocytes
L1_TAGTGCAGTGTCCAAT,CD4+ T cells
E2L8_ACTATCTAGAAACCCG,CD4+ T cells
L4_TGACAGTGTGATAGAT,CD16+ Monocytes
L1_GCCAGGTGTCTTTCAT,CD8+ T cells
E2L7_AAATGGACAAATCAGA,CD14+ Monocytes
L3_TCCACGTGTGGGAGAG,Plasma cells
E2L2_TGCACGGTCAGTCAGT,CD4+ T cells
E2L4_GTTATGGCAAGAAACT,B cells
L1_AGACCCGTCCGTATAG,CD4+ T cells
L2_GTGGAAGGTGGATCAG,CD4+ T cells
L2_TATTTCGGTGCAGTGA,B cells
E2L7_CCGCAAGAGTAAGACT,Proliferating cells
L3_TGGTGATTCTCATGCC,CD4+ T cells
E2L6_TACAGGTTCCGCACTT,CD14+ Monocytes
L5_TGAGGAGGTTCTCGCT,NK cells
L1_TTAGGCACATCGTGCG,Plasmacytoid dendritic cells
L4_TGCACGGTCCTACGGG,CD4+ T cells
E2L5_CGCAGGTGTCTGCGCA,CD16+ Monocytes
L1_ACTATTCTCTAAGGAA,CD4+ T cells
E2L8_ACATGCAGTCGAAACG,NK cells
L1_CTGTATTGTATCCCAA,Dendritic cells
L1_GTAGGTTAGGAAAGGT,CD4+ T cells
L2_GGGCCATCATGGAGAC,CD8+ T cells
E2L3_AGGGAGTAGGTCGCCT,NK cells
L5_GGGTGAACATATTCGG,NK cells
E2L7_TGATGGTTCACGGTCG,NK cells
E2L6_TAAGTCGAGGGCAATC,NK cells
E2L4_GGCTGTGAGCAGGTCA,B cells
E2L6_TACGGGCTCACGACTA,CD14+ Monocytes
E2L4_CTACATTAGGGATCAC,Proliferating cells
L1_GGGTCACCACCTGCTT,CD4+ T cells
E2L6_AGTGATCCAGGTCAGA,CD16+ Monocytes
E2L7_GTCACGGCAGGGATAC,Plasmacytoid dendritic cells
E2L7_TCGATTTGTGCCTTCT,Dendritic cells
L4_CACTGTCAGAGATGCC,CD4+ T cells
E2L5_CACGTGGAGGAAAGGT,Dendritic cells
L1_ACCAAACCAACTGGTT,CD8+ T cells
L2_CCACGTTCAAGTATCC,CD4+ T cells
E2L3_AGGAAATAGACATCAA,CD8+ T cells
E2L1_GCCATTCCACCAACAT,CD4+ T cells
L3_CCTGTTGGTTCTCCCA,Plasma cells
L3_TCGCACTGTAGTCCTA,CD4+ T cells
L2_TGTCAGAGTGGGACAT,CD4+ T cells
E2L4_ACTATTCTCCGCCTAT,Plasmacytoid dendritic cells
E2L2_TCCCATGAGGCCCACT,B cells
L2_TACTTCAAGCTGTTAC,Hematopoietic stem and progenitor cells
E2L1_CCTCAGTGTCGTATTG,CD14+ Monocytes
L1_GTTTACTGTTTACCTT,CD16+ Monocytes
L3_CAAGAGGTCGACTCCT,Dendritic cells
E2L3_TCGGTCTTCGCAGAGA,CD4+ T cells
E2L8_GTAGAGGAGTCATGGG,B cells
E2L5_ATTCATCCAGGCGAAT,Dendritic cells
E2L2_TTACCGCGTTCTAACG,Dendritic cells
L5_TCATGGACAGTAACCT,CD16+ Monocytes
L4_GATCACATCGCGTAGC,B cells
E2L3_TTTGTTGAGGATACGC,Proliferating cells
L1_GCGATCGAGGCACTAG,Plasma cells
L1_TCACGCTAGCATCGAG,Hematopoietic stem and progenitor cells
E2L2_TTCCTCTTCGGACTGC,CD4+ T cells
L4_TCGAAGTAGACCATTC,Dendritic cells
E2L6_TGCTGAAGTTGCCGAC,CD4+ T cells
E2L8_GGTAACTAGAGCCGTA,CD4+ T cells
E2L5_GTCCTCACAAGCGGAT,CD4+ T cells
E2L6_GGAGATGTCTGCACCT,CD8+ T cells
E2L5_AAGGAATTCTGAGCAT,Dendritic cells
E2L8_GATGACTTCTAGTACG,CD14+ Monocytes
L5_GGGAGATAGTGGAAAG,CD8+ T cells
L1_AGAAGTACATGTCTAG,Plasmacytoid dendritic cells
L2_TGATTTCAGTGAGGCT,NK cells
E2L5_AATTTCCAGGAACGTC,CD4+ T cells
E2L6_GTGTGATTCGCTCCTA,T cells
E2L2_TGTCCACGTGAATATG,CD4+ T cells
L5_TGAGGTTGTGTTGAGG,Dendritic cells
E2L8_GCACATAAGTCATCCA,CD14+ Monocytes
L5_TCCTAATAGTAAGCAT,Plasma cells
L5_CTTACCGAGGAAGTCC,CD8+ T cells
E2L5_TCGATTTGTGTAACGG,CD8+ T cells
E2L7_CAACAGTAGTAAACAC,Megakaryocytes
E2L1_TAGAGTCTCCTTCGAC,NK cells
L4_CTGTGGGCACAACATC,CD4+ T cells
E2L1_CACAGGCCACGACTAT,Plasmacytoid dendritic cells
E2L7_TTACCATCAATGCTCA,NK cells
L1_TCGACGGCACAGACGA,CD4+ T cells
E2L7_GGTTGTATCCGATTAG,CD4+ T cells
L3_AGCTTCCAGAAACCAT,CD4+ T cells
E2L2_CTCCATGCATTACGGT,B cells
E2L7_ACCAACATCCATATGG,Plasma cells
E2L7_GTCTCACAGACGCCAA,CD4+ T cells
E2L3_CTCAGAATCGTTAGTG,CD4+ T cells
E2L4_GGATCTATCTCGCAGG,B cells
E2L5_GCACATAAGCGGGTAT,NK cells
L5_GATGCTAAGAGTCACG,CD4+ T cells
L4_CTCCCTCCAACTTCTT,CD4+ T cells
L4_CCTCTCCAGGTCATCT,CD4+ T cells
E2L7_GAGGCAACAAATTGCC,Plasma cells
E2L4_GACGCTGTCAGCCCAG,CD8+ T cells
E2L5_TTCCTAACATATCTGG,CD16+ Monocytes
E2L6_ATAGAGAAGCCGTCGT,CD4+ T cells
L1_TGCAGTACATCCGCGA,Proliferating cells
E2L2_CAACAACTCGTCAGAT,Dendritic cells
E2L1_CCTGTTGTCCGTGGTG,NK cells
L4_GTGTAACGTGTCTTCC,Dendritic cells
E2L6_TCGTGGGAGTTTAGGA,Plasma cells
L3_ACAACCAGTTTCCCAC,CD4+ T cells
L3_TATCTTGAGGTTCAGG,Dendritic cells
L5_CCGTTCAAGCATCAAA,CD8+ T cells
L4_GAAGGGTTCCGTGTAA,CD4+ T cells
E2L5_ATCCACCGTTCTCGTC,Plasma cells
E2L4_CGAAGTTGTCGGATTT,Plasmacytoid dendritic cells
E2L2_ACGGAAGAGACTCAAA,CD4+ T cells
E2L2_ACTATTCGTCAGTCCG,B cells
L5_AACCCAATCTAGACCA,Plasma cells
L2_TGACTCCTCGACTCCT,CD4+ T cells
E2L4_TGCAGTAGTACCCAGC,B cells
E2L4_CCGATGGAGGGATCTG,NK cells
E2L8_TTACCATAGTCCCTAA,B cells
E2L7_TGGTTAGAGCTAGAAT,Dendritic cells
L2_GACCCTTGTGGAATGC,CD14+ Monocytes
L3_ACACGCGCACGACAGA,CD14+ Monocytes
L2_CCTGCATGTTCAGCGC,CD16+ Monocytes
L3_ATCACTTAGCCGAACA,CD8+ T cells
L1_ACAACCATCAGATTGC,CD4+ T cells
E2L6_TGTTCATAGTCCCTAA,CD16+ Monocytes
E2L4_CCAATGAGTTATCTTC,Dendritic cells
L1_CTACATTGTATGCTAC,CD16+ Monocytes
L4_AACCTTTTCAGCACCG,B cells
E2L7_CATGCGGGTAGCACAG,CD14+ Monocytes
L3_TCCTGCAAGGCCACCT,Plasma cells
L4_CGTGTCTCATTCACCC,B cells
E2L3_GTTTACTAGGATACGC,B cells
L2_CAAGACTTCTTCTGGC,Proliferating cells
E2L7_GAAGCGACACTCCACT,CD4+ T cells
L4_AAATGGAGTTCAATCG,CD4+ T cells
E2L4_GATTCTTGTAACGGTG,Dendritic cells
E2L8_TTGGGCGTCCGAAATC,CD4+ T cells
L1_ATACCGAGTCGACTGC,CD16+ Monocytes
E2L3_AGAGAATCATACTGTG,Megakaryocytes
E2L8_CTCCCTCGTGCGACAA,NK cells
L3_AGGAGGTCATGGCGCT,CD8+ T cells
L5_TCGCAGGCAAGCACCC,Plasma cells
E2L5_CCTCCAAGTAACACCT,CD14+ Monocytes
E2L6_CACCAAATCCTCTAAT,CD4+ T cells
L2_GGAACCCAGGCAGGGA,Megakaryocytes
L5_AATGGAAAGTCATACC,CD16+ Monocytes
E2L3_CACGTTCTCTGCTGAA,T cells
L5_ATCGGATAGTAGCATA,NK cells
E2L8_AGAGCAGAGTTGTCGT,CD14+ Monocytes
E2L1_TACCTGCGTGAGCAGT,Plasma cells
E2L6_ATCGGATTCAGTCCGG,B cells
E2L2_CCTACGTGTCAACACT,CD4+ T cells
E2L2_ATAGGCTTCCCTCATG,Proliferating cells
E2L2_AATTCCTCACCTCTAC,CD8+ T cells
E2L1_GGGAAGTCACAGCCAC,Proliferating cells
E2L4_CGAAGGACAGAACGCA,CD8+ T cells
E2L1_TTCTGTAGTAGTCGGA,CD14+ Monocytes
L4_AGTACCACAAATGAAC,CD8+ T cells
E2L1_TGGGAGATCAGCAATC,B cells
L1_CGGAATTCACAACGAG,B cells
L2_ATAGGCTTCGGCAGTC,B cells
L2_GATGAGGCAGGCGAAT,CD4+ T cells
E2L6_TCTCAGCGTCCAGAAG,Dendritic cells
E2L3_CATGCAAGTACTGCGC,CD14+ Monocytes
L5_CCCTCAAGTACAAAGT,Hematopoietic stem and progenitor cells
E2L8_TTCCTCTTCCATCTGC,Plasmacytoid dendritic cells
E2L1_ATCACGACACGCGTCA,CD4+ T cells
L3_AGTACTGCACCAGCTG,Proliferating cells
E2L3_GTCGTAATCATTTCCA,CD14+ Monocytes
E2L2_GGCTTTCCAAGTTTGC,Megakaryocytes
E2L3_GGCGTCAAGCACCAGA,CD4+ T cells
E2L8_CACTGTCCATGTCTAG,Hematopoietic stem and progenitor cells
L1_GAACGTTTCTGGTGGC,CD14+ Monocytes
L3_AGCCACGCATTGACCA,CD4+ T cells
L3_GCCGATGTCCCATTCG,CD4+ T cells
L2_GTTTACTCAAATTGGA,NK cells
L4_TATTTCGGTCCAGCAC,CD4+ T cells
L2_TCGGATAAGTTCGGTT,CD4+ T cells
E2L6_CGGGTCAAGAAGAGCA,CD4+ T cells
L5_AAGCATCGTTACCTGA,CD8+ T cells
E2L1_GCGTTTCAGTAGTCTC,B cells
E2L6_TCATTGTAGCACCGAA,Proliferating cells
L1_AACAGGGCATGCCATA,Plasmacytoid dendritic cells
E2L7_ACGGGTCGTACTCCCT,CD8+ T cells
E2L6_GGTTAACCAGTGGCTC,Proliferating cells
E2L4_GTGAGTTAGGGATCAC,B cells
L1_AGGGCTCAGGGCGAAG,Dendritic cells
E2L7_AGGCATTGTGTACGCC,CD4+ T cells
L2_CGCAGGTGTGGACTAG,Proliferating cells
E2L4_CAAGACTGTCTACGTA,B cells
E2L6_TCAGCAATCAAGCTGT,B cells
E2L4_GACTGATTCGCTGCGA,CD8+ T cells
E2L2_CGTAATGGTCTACGTA,Hematopoietic stem and progenitor cells
L5_TTAATCCAGCCACAAG,CD8+ T cells
E2L4_GATGACTAGGCCTGCT,CD16+ Monocytes
E2L4_CCTCCTCCACATGAAA,CD14+ Monocytes
L4_GACCAATGTGCTGATT,NK cells
E2L6_ATCGATGGTTCCTAAG,Dendritic cells
L2_CTGGTCTAGATAGCAT,CD4+ T cells
E2L5_TGAGACTTCGGTAGGA,Megakaryocytes
L1_TATCGCCGTTGGGTTT,NK cells
L5_GTCCTCAAGCCTTTGA,CD8+ T cells
L1_TAGGAGGAGCTGTGCC,CD4+ T cells
L2_ATGAGGGGTTCTGAGT,CD4+ T cells
E2L5_TCCCAGTCAGGCTCTG,CD14+ Monocytes
E2L2_CTCATCGCAGAGTCAG,CD8+ T cells
E2L3_TTGGATGGTCCCGCAA,NK cells
E2L1_ATAGAGACACAGTCAT,Megakaryocytes
L4_AAGGTAAAGGACAGCT,CD16+ Monocytes
E2L3_CGCATAACAGTGGGTA,B cells
E2L2_AGCGATTTCCTCACTG,NK cells
E2L2_TGCCGAGTCGATCCCT,CD4+ T cells
E2L7_GGGTAGACAGCGTACC,CD8+ T cells
E2L7_TCATGGATCTATCCAT,CD4+ T cells
E2L8_ATGGATCCATGGGTCC,CD8+ T cells
L2_GGGCTCATCGTTATCT,Megakaryocytes
E2L1_GCACATATCCATTTGT,B cells
L2_CTGTAGACACGACGCT,NK cells
L1_TACCTGCTCCTGTAGA,CD4+ T cells
L1_GGGTGAATCTCATGGA,CD4+ T cells
E2L8_CTGAGCGGTTTACGTG,CD4+ T cells
E2L7_AGGGCCTCATGGATCT,B cells
L4_ATGAAAGAGGTCTTTG,CD4+ T cells
E2L6_CGCGTGACAATCACGT,Dendritic cells
L5_CGAGTTACAGAGTGTG,CD4+ T cells
E2L8_ATGGTTGCAAGCGCTC,Proliferating cells
L3_CTCTCAGAGCTAAGTA,CD4+ T cells
L4_GTAACCAGTTCCACGG,T cells
L3_TACCCGTCAGTGGCTC,Hematopoietic stem and progenitor cells
L5_GTTGTAGGTAGAGATT,CD4+ T cells
E2L3_TCGGTCTGTTGTGCCG,CD8+ T cells
L1_TGGAACTGTGGATGAC,CD8+ T cells
L5_CATCGCTTCAAACGAA,CD4+ T cells
E2L7_TGTACAGGTTGGCTAT,CD4+ T cells
E2L7_CCAATTTAGCATGCGA,CD14+ Monocytes
L5_GACTTCCTCTCGCCTA,Hematopoietic stem and progenitor cells
L3_CCATCACCACAGTCAT,CD14+ Monocytes
L5_TAGATCGCAGTATTCG,CD4+ T cells
L1_GGGTAGAAGAAGGATG,CD4+ T cells
L3_AACGGGACACTCTCGT,CD16+ Monocytes
E2L5_CGTTAGAGTAGCACAG,B cells
E2L7_GGCTTTCCATAAGATG,CD4+ T cells
E2L1_CCATAAGCAAATGAGT,CD8+ T cells
L3_ACAAAGATCGCAAGAG,Hematopoietic stem and progenitor cells
L3_TAGAGTCTCCGCACGA,CD8+ T cells
E2L4_CTCCTTTTCACGGGAA,Plasmacytoid dendritic cells
E2L2_TTCCTCTAGGCACGAT,Proliferating cells
E2L1_AATAGAGTCAGGACAG,NK cells
E2L5_TGGGCTGTCATCGGGC,B cells
E2L4_TACACCCTCTCGTCGT,CD8+ T cells
L2_AAACCCAAGTAACAGT,CD8+ T cells
L4_AGAGCCCAGGAAAGTG,Proliferating cells
L4_CAATCGATCGCAACAT,CD4+ T cells
E2L2_TGGGCTGAGCCTAACT,Megakaryocytes
L1_CAATACGGTTATGACC,CD4+ T cells
E2L7_ACACCAAAGACGCATG,Dendritic cells
E2L3_TACATTCCATGGCGCT,Megakaryocytes
E2L6_AATTTCCTCGGAGTAG,CD8+ T cells
L1_TGATGCAGTTGTGTAC,CD14+ Monocytes
E2L8_TGGGTTATCGTGGCGT,CD4+ T cells
L1_TTCCTAAGTTCCGCGA,B cells
E2L3_GGAGGTAGTATAGGAT,NK cells
L5_ACAAGCTTCCACCCTA,CD8+ T cells
L5_GAGATGGAGACAAGCC,CD4+ T cells
E2L8_GAGTCATGTCCGACGT,CD8+ T cells
E2L8_CTATAGGAGGCTTAGG,CD4+ T cells
L2_TGAGCGCTCTGCTAGA,Plasma cells
E2L2_CCTGTTGTCGGTATGT,Plasma cells
E2L2_AGTAGCTAGTAACGTA,CD4+ T cells
E2L6_TGTGAGTAGATTTGCC,CD8+ T cells
L5_CATTGTTAGACTACCT,CD4+ T cells
L2_TCCTTCTGTTCTCTAT,Hematopoietic stem and progenitor cells
L5_TATATCCAGGTGCGAT,CD4+ T cells
L2_ACAGCCGGTGCCTACG,CD4+ T cells
E2L2_CTATCCGTCTTCCTAA,CD4+ T cells
L5_CATACTTAGAATGTTG,Proliferating cells
E2L5_CCGGGTACAGCTTTCC,CD8+ T cells
E2L4_AAGACAAAGCGTGAAC,B cells
E2L4_TTCCTCTGTCACCGCA,CD4+ T cells
E2L3_GGTAGAGGTACTTCCC,Dendritic cells
E2L8_GAGACCCCATTGGATC,CD4+ T cells
L1_GGCTGTGAGGCTTCCG,CD8+ T cells
E2L2_CTTTCAATCCTTTGAT,CD8+ T cells
E2L1_TTCACCGGTGAACTAA,Plasmacytoid dendritic cells
L4_GTGTTAGTCCGGTTCT,CD8+ T cells
L4_ACTATGGGTCTGATCA,CD4+ T cells
L2_GTTTGGAGTAATACCC,Proliferating cells
L4_TCAAGCATCAGTCATG,CD14+ Monocytes
E2L2_AGAACCTCAGCTACAT,NK cells
E2L6_ATGATCGTCTAGTGAC,Proliferating cells
E2L6_GGTTGTATCGACCTAA,B cells
E2L1_CACACAAGTTGCGAAG,Plasma cells
L5_TCCGAAAGTGCATGTT,CD4+ T cells
L3_TCATGCCAGACCAGAC,CD4+ T cells
L4_AGCTCAATCGAGGCAA,Hematopoietic stem and progenitor cells
L3_TCCATCGTCCGTGGGT,CD8+ T cells
L3_CCCTCTCCAACCGTAT,CD4+ T cells
L4_ATCCATTTCTGGGCAC,Dendritic cells
L5_AGACAGGTCATCGTAG,CD4+ T cells
E2L6_ACACTGATCATCCCGT,CD8+ T cells
L5_TGAGACTTCATGGGAG,Hematopoietic stem and progenitor cells
E2L1_TCGGGTGCACGGTGAA,CD4+ T cells
L2_GCGGATCAGTGCGTCC,CD8+ T cells
E2L2_CTATCCGGTATGGTAA,Plasmacytoid dendritic cells
E2L1_GCCAGCACAGACAAGC,CD8+ T cells
E2L6_ATCGATGAGCTAATGA,Dendritic cells
L1_GTCCCATGTCTTTCTA,Dendritic cells
E2L7_AGATGCTCAGCGTATT,B cells
L2_AGACAAATCCATGAGT,Proliferating cells
L4_GAGAGGTCAGAGGTTG,CD8+ T cells
E2L2_TCTGCCATCACCTCTG,CD8+ T cells
E2L2_GTGAGCCTCTTGGGCG,CD8+ T cells
E2L6_CTGAGGCTCTTACGTT,CD4+ T cells
E2L2_GTAACCAAGCATCAAA,CD8+ T cells
E2L7_AATGGAAGTTCGAAGG,B cells
E2L6_TCCTAATGTGGTTTGT,CD8+ T cells
L1_AAGAACATCTTCTGTA,CD4+ T cells
E2L4_TCCACGTAGCCACAAG,CD4+ T cells
E2L3_CGAGGCTAGTTGCCTA,NK cells
E2L3_AGGATAAGTTAGGCCC,NK cells
E2L1_GGGTATTTCATTGCCC,Proliferating cells
E2L6_GTAATGCTCAGTCCGG,CD4+ T cells
E2L2_CTATCCGAGGCATTTC,Plasma cells
E2L5_AACGGGAAGGGTCTTT,CD4+ T cells
E2L4_GGGAAGTGTGGGAGAG,NK cells
L2_ATGATCGGTGCATTAC,NK cells
E2L3_AGGAAATTCCCGTGAG,CD8+ T cells
L3_GGGCTCAAGAAGCGGG,CD8+ T cells
L1_GTTGTAGCACTGGATT,Dendritic cells
L5_GTGCTGGGTTAGAGAT,CD4+ T cells
E2L5_CGAAGTTAGTACCCTA,CD8+ T cells
E2L5_GCCATTCGTGTAAACA,CD4+ T cells
E2L2_AGTACCAAGACCATTC,Dendritic cells
E2L8_ACAGAAATCTATCACT,Proliferating cells
L2_TCATCATGTCGATGCC,CD8+ T cells
L4_ATGAGTCCAACATACC,Proliferating cells
E2L8_GACTCTCCAATAGAGT,B cells
L1_AAAGGATAGAGACAAG,Plasmacytoid dendritic cells
L4_GGCGTCAAGGCAGCTA,B cells
L4_TAGGTACCAGGCGTTC,Dendritic cells
E2L7_GTTGTAGTCAAGCCTA,NK cells
L1_CAGTGCGCACGCGGTT,CD4+ T cells
L5_CTGTGAAAGGTTGCCC,CD4+ T cells
E2L2_AGAGAGCTCCGGTAGC,Plasmacytoid dendritic cells
L3_GGCAGTCGTCCAACGC,Dendritic cells
E2L1_TTGAACGTCCACACAA,Proliferating cells
L1_TTCACCGTCCCAATAG,CD8+ T cells
L2_TTGTTGTGTCTCACGG,Dendritic cells
L5_TTCCTCTCATAGGTTC,Hematopoietic stem and progenitor cells
E2L2_ACGGGTCGTCATCGCG,CD4+ T cells
E2L8_TGCGGCAAGAGTTGTA,B cells
L1_GACTATGAGTGCACCC,CD4+ T cells
E2L6_TAACCAGTCAGTGTTG,CD4+ T cells
E2L8_CGAGGAAAGACTGTTC,CD4+ T cells
E2L8_ACAAAGACATCTCATT,CD4+ T cells
L1_GTCGAATAGCCTCCAG,CD4+ T cells
E2L5_TGTCCTGGTTGGAGAC,CD14+ Monocytes
L4_TAACGACGTACCGTCG,CD4+ T cells
L3_GGTTCTCCATGGGCAA,Hematopoietic stem and progenitor cells
E2L7_CAACAACAGTACAACA,Megakaryocytes
L3_GGACGTCAGCTAAGTA,Dendritic cells
E2L2_CGAGTGCTCTTGCAAG,Dendritic cells
L4_CCGGTGACACACAGCC,Hematopoietic stem and progenitor cells
L5_GCCCAGAAGTCCTGCG,CD8+ T cells
L2_CTAACTTAGGCACTAG,CD8+ T cells
L4_ATCTCTATCTTGCAGA,CD8+ T cells
E2L8_CCTTTGGCAACGAGGT,Proliferating cells
E2L7_GAGCTGCCAATGCAGG,Proliferating cells
E2L3_CAACAGTTCGATTTCT,NK cells
L4_GTGCTTCAGGGCGAGA,CD4+ T cells
E2L4_TATTCCACAACTGATC,Megakaryocytes
L2_GCTACAATCTCTAGGA,CD4+ T cells
E2L4_TTGCGTCTCACGATAC,Plasmacytoid dendritic cells
L1_CAGCAATCATGATGCT,CD4+ T cells
E2L7_CGGACACTCGTTGTGA,Proliferating cells
L2_GCATTAGCAGCTACCG,B cells
L2_CGAAGGACAGTTGAAA,Dendritic cells
E2L2_TACTTGTGTACCTTCC,B cells
E2L3_ATCACAGGTCAACACT,CD4+ T cells
E2L5_ACATCCCGTAGAATGT,Plasmacytoid dendritic cells
L4_CGCATGGCATCCGGCA,CD8+ T cells
L1_GTAATCGCAGACGCTC,CD8+ T cells
E2L4_GCCGTGATCCAAGCCG,CD4+ T cells
E2L3_GATGACTTCGTGGAAG,CD8+ T cells
E2L7_CCTCATGTCTATACTC,Proliferating cells
E2L7_AAGCGAGTCTATGCCC,Proliferating cells
E2L4_CAGCAATGTTTCGTAG,B cells
E2L3_GAACGTTAGGTTCCGC,CD14+ Monocytes
E2L2_GTATTTCAGAGTCCGA,NK cells
E2L5_AGTGATCCAGAAATTG,NK cells
L3_TTGCCTGTCGTTTACT,CD4+ T cells
L2_TTAATCCCATGACACT,CD8+ T cells
E2L5_TAGGTTGTCATTCTTG,B cells
E2L5_ATCCATTTCTTTGATC,Plasma cells
E2L3_TCCGATCAGGCGAAGG,B cells
L1_AAGACTCAGGCAGGGA,CD4+ T cells
E2L5_TTTGACTTCTTCTAAC,CD4+ T cells
E2L6_GTTACAGTCCATCACC,CD4+ T cells
L4_GGAGGTAGTCGTTTCC,CD4+ T cells
E2L6_TATCCTAGTTCGTTCC,CD8+ T cells
E2L6_TATTGGGCAGATACTC,T cells
E2L3_GCGTGCACAAACTAAG,CD8+ T cells
E2L8_GATTGGTCATAACGGG,Megakaryocytes
E2L1_CTTTCGGTCCATGCAA,CD8+ T cells
E2L3_GAGATGGGTCTGCCTT,CD4+ T cells
E2L8_GGTAACTGTGGCAACA,NK cells
L1_TTACGTTTCCCATACC,B cells
E2L4_TGTTACTGTTGCTCCT,CD4+ T cells
E2L6_CTCTGGTAGCTAATCC,Proliferating cells
L3_CTGCGAGGTAGGTTTC,B cells
L4_ATTTCTGTCTCCGTGT,CD4+ T cells
E2L2_AGATCCATCAGGACAG,CD8+ T cells
L1_GCAGCTGTCGAGAATA,Plasmacytoid dendritic cells
E2L4_GTGGAAGAGCCATCCG,Megakaryocytes
L1_AGGGTCCCAGCCCACA,CD4+ T cells
L5_GCAGTTAGTCTTTCAT,CD8+ T cells
E2L3_CTATCTACACCAGTTA,B cells
L3_GTTAGTGCAGATTCGT,Dendritic cells
E2L1_GTAACACCAACACGTT,Proliferating cells
E2L3_TCTTCCTCAGCGGATA,B cells
E2L6_GCATGATAGAGGCTGT,CD8+ T cells
L2_CCTACGTTCGCTGATA,CD4+ T cells
E2L4_CTCATCGAGCGTGAAC,Megakaryocytes
E2L7_ATGAAAGCAATCAAGA,CD14+ Monocytes
L4_TGACTCCTCGTGCATA,CD4+ T cells
E2L7_TTACCGCGTCAAGTTC,Plasma cells
L4_CTGAATGTCCGTGGCA,CD4+ T cells
L4_ACATGCAGTACCGTCG,Plasmacytoid dendritic cells
E2L6_TCCGATCCAATTCGTG,CD8+ T cells
E2L2_ACGTAACAGGTTGGTG,B cells
L4_CACTGAAGTCGGTGAA,CD8+ T cells
L4_TGATTCTTCATCGTAG,CD8+ T cells
E2L8_GGGTATTCAATGACCT,NK cells
L5_CGCATAAAGATACATG,Proliferating cells
L5_CTGTATTTCTTGGATG,CD4+ T cells
L1_GAACACTCATAATGAG,Dendritic cells
E2L2_AGGAGGTTCGGACAAG,Megakaryocytes
E2L7_AGGGCTCAGATACTGA,T cells
L5_GTATTTCAGTACAACA,CD4+ T cells
E2L6_ATTCGTTTCAACCGAT,B cells
E2L8_TGGATGTTCATTGTGG,Dendritic cells
L1_GAGAAATCATGTTTGG,Proliferating cells
E2L5_CGGCAGTTCGATGCAT,NK cells
E2L2_ATGTCTTAGAGAGCAA,CD4+ T cells
E2L4_GTCTGTCTCTCCTACG,CD4+ T cells
E2L8_ATGGAGGGTTCTCTCG,B cells
L3_AAAGGGCGTGCAGATG,CD4+ T cells
L1_TTCCTAAAGGCAATGC,CD4+ T cells
L5_CTCCAACGTCACTAGT,Plasmacytoid dendritic cells
L1_CCTCTCCTCGCGATCG,CD4+ T cells
E2L3_ACGTCCTTCAACGCTA,Plasmacytoid dendritic cells
L1_AAAGGGCGTAGTAAGT,Proliferating cells
L2_TTAGTCTTCACGGAGA,Hematopoietic stem and progenitor cells
E2L8_TTGCGTCAGCTAATCC,CD8+ T cells
L2_ATCCACCGTGTAACGG,CD14+ Monocytes
E2L5_TCGTAGAAGTCGAAAT,T cells
L5_TGTCCTGCACGGGCTT,CD8+ T cells
E2L4_ATTGGGTGTCATAAAG,Proliferating cells
E2L4_GACCCTTGTGCGTCGT,B cells
E2L7_CGAGGAACAGCATTGT,Plasma cells
E2L7_CCTACGTTCGCTCTCA,CD8+ T cells
E2L1_CACAACATCTTAATCC,B cells
L1_CATAAGCTCACTTGTT,CD4+ T cells
E2L1_ATCCTATAGTCACTGT,CD8+ T cells
L5_TCCTCGAAGTCTACCA,Hematopoietic stem and progenitor cells
L5_CGCCATTCAGCTAACT,B cells
E2L6_ATGACCATCGCCAACG,CD14+ Monocytes
E2L2_GCGTGCAGTCCAATCA,CD8+ T cells
L1_CGGTCAGCAGTATTCG,Proliferating cells
E2L6_CTCAGGGCACGAGAAC,B cells
E2L3_ACATGCAGTGAGCTCC,CD4+ T cells
L2_TAGCACAAGGCTAACG,B cells
E2L1_CTCTCAGTCCAAGCTA,Plasma cells
E2L1_CTGTAGACACACCTAA,CD8+ T cells
E2L1_AGGCATTAGACGTCCC,CD4+ T cells
E2L5_TACGCTCGTGCAATAA,CD4+ T cells
E2L8_ATCAGGTGTCTAGATC,B cells
E2L1_GCCAACGGTCAAACGG,B cells
L1_CAGCAATGTACCGCGT,CD4+ T cells
L5_AAGCCATGTAGAATGT,CD8+ T cells
E2L1_CCGTTCAGTGTATTCG,Plasmacytoid dendritic cells
L4_TCTTCCTAGTTGTAGA,Dendritic cells
L2_CCGGTAGTCAAGGCTT,CD8+ T cells
E2L3_TTCGCTGCATGCTGCG,CD4+ T cells
L3_ACTCTCGGTCGTACAT,CD4+ T cells
L5_TCTTAGTCACCCTATC,CD4+ T cells
E2L8_GCGAGAATCACGGGCT,NK cells
E2L5_TCAGCCTAGTGTACCT,CD8+ T cells
L4_GTAATCGCAGTTGTTG,CD4+ T cells
E2L5_CGGAACCGTCCGGTCA,B cells
L2_GCAACCGTCCGTAGGC,Dendritic cells
L4_TGCACGGGTCGCATGC,Megakaryocytes
E2L3_AATCGTGTCCGGACGT,CD14+ Monocytes
E2L4_TCATTACAGTTGCCCG,CD8+ T cells
L1_CTTCTCTCACTGAGTT,CD4+ T cells
L5_GCTTCACGTGGCTCTG,CD4+ T cells
L3_TCATGTTTCGCTGTTC,CD8+ T cells
L4_GCGGATCTCGAGTGGA,CD8+ T cells
E2L1_CGATGGCGTGTTGACT,T cells
L1_TGCTGAAGTCTCGGAC,CD4+ T cells
E2L4_TTTAGTCGTCACTAGT,B cells
L2_CTCGAGGCAAACCGGA,CD4+ T cells
L3_AGGGTCCCATGGACAG,Proliferating cells
E2L6_TGAGCATAGTTCCAGT,Dendritic cells
L3_CGAGTTATCAATCCAG,CD4+ T cells
L2_ACTATCTGTTCGGCGT,Plasma cells
L5_AACAACCTCGTTGTGA,CD14+ Monocytes
L5_TATGTTCGTATTTCTC,CD16+ Monocytes
E2L8_CCGGTAGTCCATTGGA,CD8+ T cells
L4_TGTTCATGTTTGTTGG,CD16+ Monocytes
E2L5_TTTGGAGGTTGCTCAA,B cells
E2L7_AGGGTCCAGTTAGTAG,B cells
E2L7_TGGTTAGTCTGGGATT,Plasmacytoid dendritic cells
E2L4_GGGTATTTCCCAGGAC,CD8+ T cells
L4_TGATGCAGTCCTCCAT,Hematopoietic stem and progenitor cells
L2_CCGATGGAGAGCATAT,CD16+ Monocytes
E2L6_ATTCGTTAGCCAAGTG,B cells
E2L5_CTCAAGATCGAACTCA,CD4+ T cells
L1_ACTCTCGGTCATGCAT,NK cells
E2L5_CATGGTAGTCGCCACA,B cells
E2L7_GCACGTGAGACCCTTA,CD4+ T cells
E2L2_GTAGAGGTCGGTGTTA,Megakaryocytes
E2L4_ATGGGTTGTACGTGTT,CD4+ T cells
E2L4_ATCCCTGGTTAAACAG,CD4+ T cells
L4_CATTCTACATGTGTCA,CD8+ T cells
L5_GTGAGCCGTGGTGATG,B cells
E2L5_CTGATCCGTTTCCATT,B cells
E2L6_CATCGCTCATGTGGCC,Proliferating cells
E2L4_CATCAAGAGCGAACTG,CD16+ Monocytes
L2_GTGAGCCGTATCACCA,CD8+ T cells
E2L8_ACGTAACCACATATCG,B cells
E2L8_AATGAAGAGCAAATCA,B cells
E2L4_CCGATGGAGGGTGAAA,Megakaryocytes
L5_ACTCTCGAGGTCCCGT,CD8+ T cells
L4_CCTTCAGAGCGATGAC,NK cells
L3_GTTCGCTCATCATTGG,CD4+ T cells
E2L3_CATGAGTTCCTACCGT,CD16+ Monocytes
E2L6_CGTTGGGCACTCCACT,Megakaryocytes
L4_ATTCACTGTACCTGTA,CD14+ Monocytes
L1_TAAGCGTCATATCTCT,NK cells
E2L1_GGGACTCTCCTGGGAC,CD8+ T cells
E2L8_GTCAGCGCAGCCCACA,CD8+ T cells
E2L4_GTATTGGTCCTCACTG,Plasmacytoid dendritic cells
E2L1_TTGGATGAGCATCAGG,CD4+ T cells
L3_AGTCTCCGTGGAATGC,CD4+ T cells
E2L8_GACTATGAGGAGCAAA,CD4+ T cells
E2L3_TGAGGGACAACAGATA,B cells
E2L7_CTTGATTGTAACAGTA,Proliferating cells
E2L8_TAAGCACCATAATGCC,CD16+ Monocytes
L4_TTGGATGCATTGGGAG,CD8+ T cells
E2L7_GCGGAAAGTAGAGGAA,Plasmacytoid dendritic cells
E2L2_AGGTCATTCGTTCTCG,NK cells
L1_CAACGGCAGCCTGAGA,B cells
E2L1_ATCGCCTTCCTTACCG,Plasma cells
L2_GTGAGCCTCAAGTCTG,CD4+ T cells
L5_TACACCCTCATTGTTC,NK cells
L3_GTTCCGTGTTTCGTTT,CD4+ T cells
E2L4_CGCATAAGTCCCGTGA,Dendritic cells
L1_ATGAAAGTCAACACCA,B cells
E2L5_TTCAGGAGTGACCGAA,CD4+ T cells
L5_TACGTCCAGTGATGGC,CD14+ Monocytes
E2L3_GTGCAGCGTGATATAG,B cells
E2L8_TCATGTTGTTGTAAAG,Dendritic cells
L4_CACTTCGTCTCTATGT,Hematopoietic stem and progenitor cells
E2L3_AAGTACCCATCCTGTC,CD4+ T cells
E2L6_TCATGGATCATTTCCA,CD4+ T cells
L2_TACAACGCAGCGTGAA,Hematopoietic stem and progenitor cells
E2L3_TACAACGCATCGATGT,CD8+ T cells
L2_GGTTCTCAGGCGCTCT,CD8+ T cells
L2_CATTTCAAGCGACATG,CD4+ T cells
L2_TCATCCGTCTGATTCT,CD8+ T cells
E2L7_TCATACTTCGAACGGA,CD8+ T cells
E2L6_TGAGGGATCTTCCCAG,CD4+ T cells
E2L4_GATTGGTAGAGAGTGA,B cells
L5_TCATTTGTCACATTGG,NK cells
L4_ATGGAGGGTACCCAGC,Hematopoietic stem and progenitor cells
L4_CCACCATCAGCTGTCG,CD4+ T cells
E2L8_TGGATGTAGGCTGAAC,Proliferating cells
L4_CAAGGGACATAACTCG,Hematopoietic stem and progenitor cells
E2L3_GGGTTTACAGACGCTC,Proliferating cells
L1_TCTCTGGTCTTTGCAT,Plasmacytoid dendritic cells
L5_GATGACTGTTAGTCGT,CD4+ T cells
L3_TGAGCATCAACGTTAC,CD14+ Monocytes
E2L1_TTATTGCTCCCATAAG,CD8+ T cells
E2L7_GTTGTCCCAACTCCAA,CD4+ T cells
E2L6_GATAGAACAATGAGCG,CD4+ T cells
E2L2_AGACCCGCAGCCGGTT,CD4+ T cells
E2L1_GACAGCCCACTAGTAC,CD14+ Monocytes
L3_ATTACCTTCCAGCCTT,NK cells
E2L6_GTGGGAACAACGACAG,NK cells
L3_CTCCATGTCTTAGCCC,CD4+ T cells
L3_CGATGCGTCCTTCTAA,NK cells
L5_CCCATTGCAAGGCTTT,CD4+ T cells
L1_CCCATTGAGGGACCAT,NK cells
L3_AAAGGATGTATAGGGC,Proliferating cells
E2L7_CATTGTTCACCGAATT,CD4+ T cells
L1_TGATGGTAGCACCGAA,Hematopoietic stem and progenitor cells
L3_GCGTGCAAGTAGGATT,CD14+ Monocytes
E2L8_CAAGAGGCACGGTGAA,CD14+ Monocytes
E2L5_GATGACTGTACGTACT,NK cells
L2_CTTACCGGTGAGCTCC,CD8+ T cells
E2L3_ACAAGCTCAGGTTTAC,B cells
E2L3_CGAGGCTAGGGTCAAC,B cells
L3_TTGCCTGAGATAGGGA,CD8+ T cells
E2L5_CGTAATGCATTATGCG,B cells
L5_GTCAAGTAGGATTACA,CD8+ T cells
L4_AAACGAAAGCCTGACC,Dendritic cells
E2L1_CTACCTGGTTACGGAG,CD14+ Monocytes
L2_AGTAGTCCAACGATCT,CD4+ T cells
E2L4_AGAACAACACTCGATA,CD4+ T cells
L4_CTCATGCCATAAGCGG,CD8+ T cells
L2_CCCTCAACACAGACGA,CD4+ T cells
L5_GTCAGCGGTTTACGAC,CD8+ T cells
L1_CACACAAAGCCTTCTC,CD4+ T cells
E2L1_TGATCTTTCAAGAATG,B cells
E2L6_CTTTCAATCTCAGGCG,Plasma cells
L4_TTACGCCGTAGCGATG,CD14+ Monocytes
E2L2_TACAACGCATACAGGG,CD8+ T cells
E2L8_ACATCCCGTCTCCTGT,Megakaryocytes
E2L4_TATCCTACACTTCAGA,CD8+ T cells
E2L4_CCCTAACCATTGACAC,CD8+ T cells
L5_AGAAGTATCCGTATGA,CD8+ T cells
E2L5_TAGACCAGTAGGGAGG,CD8+ T cells
E2L4_ATTCCATTCTTTCCAA,Plasmacytoid dendritic cells
E2L2_CTCAAGACACGGCTAC,CD8+ T cells
L5_AACAGGGGTCACATTG,CD8+ T cells
L3_GACCCAGAGCCTCAGC,B cells
E2L5_CTAACTTTCAGTGATC,Plasmacytoid dendritic cells
L1_GTAGAAACATGGCCAC,CD4+ T cells
L4_TGTCAGATCCGTCACT,CD4+ T cells
E2L2_AATCGTGAGCAACAGC,CD16+ Monocytes
E2L3_TGGGTTAAGAACCCGA,B cells
L4_CATGCTCTCCCATTCG,CD8+ T cells
E2L7_ACCTGAAGTCCAGGTC,Plasma cells
E2L7_TTGCTGCCATACCACA,Plasmacytoid dendritic cells
E2L8_CTGCCTATCTGCTTTA,NK cells
E2L8_AGCTTCCAGGTCGCCT,Dendritic cells
E2L4_GACTATGTCGACGACC,B cells
E2L2_TTGCTGCAGCCTCGTG,CD16+ Monocytes
E2L1_GGCGTCAGTCGATTAC,B cells
E2L6_ATGGATCAGTAGCAAT,Dendritic cells
E2L6_AGCTTCCGTCAACGCC,CD8+ T cells
E2L6_AAGACTCTCAACGCTA,Megakaryocytes
L3_GGCGTCACAAATTGCC,Proliferating cells
E2L7_GTAAGTCCAAATAGCA,Plasmacytoid dendritic cells
E2L5_TTGAGTGAGAGTGTGC,CD8+ T cells
E2L5_TACACCCAGTAGACAT,CD8+ T cells
E2L8_TAGCACATCTAGTTCT,CD16+ Monocytes
E2L3_GGTGTTAAGTGCACTT,Megakaryocytes
L2_GATGACTAGGACAGCT,CD4+ T cells
L4_CGTGATAAGGTGCTTT,CD4+ T cells
E2L4_GCAGCTGTCTCATTTG,CD8+ T cells
E2L6_TCGTCCAAGTGGCGAT,CD4+ T cells
L3_ACTGCAAGTTAGAAGT,CD4+ T cells
E2L8_ACCTGAAGTTCTTAGG,NK cells
E2L6_GTTCCGTGTTGTACGT,CD4+ T cells
L2_TGCTCGTCAGCGACAA,CD8+ T cells
L5_CCACGTTCATGTAACC,CD4+ T cells
L2_TTGTTCATCCCTATTA,CD4+ T cells
L2_GATGACTCAGGTATGG,CD14+ Monocytes
E2L4_TAGGTACGTGCATTAC,Proliferating cells
L3_TTTACTGAGATGTTCC,Hematopoietic stem and progenitor cells
E2L1_ACGGAAGGTGGTAACG,CD8+ T cells
E2L3_CCAAGCGGTGCAAGAC,NK cells
L2_AGTTCGATCACGGTCG,CD4+ T cells
L5_GTATTTCGTTTGATCG,CD8+ T cells
E2L6_AGGCTGCAGAGTCAAT,Proliferating cells
E2L4_AGGGAGTGTCGCAGTC,B cells
E2L3_AGGAGGTGTTCGAAGG,Plasmacytoid dendritic cells
E2L7_TTAGGGTGTAGGTACG,B cells
L3_TCTAACTGTCGATTTG,Plasma cells
E2L1_TGAACGTAGTTGTCAC,B cells
L4_CGAGGCTAGCGTATAA,CD4+ T cells
E2L3_CCCTCAACAGTAACCT,NK cells
E2L3_CTCAACCGTCATTGCA,CD8+ T cells
L4_CAGAGCCCACAACGCC,Proliferating cells
L1_CGTGCTTGTAGCACAG,CD4+ T cells
L3_GTAGAAATCCGTTGAA,CD4+ T cells
E2L7_AAGTGAAAGGCGTTGA,CD4+ T cells
E2L4_CTCCAACTCGCTAAAC,CD8+ T cells
E2L4_AGTCATGGTTTCGTGA,Megakaryocytes
E2L7_TCAATCTGTCTTAGTG,Dendritic cells
L5_AGGACGATCATCGCTC,CD4+ T cells
E2L8_GAGTGTTTCATTCATC,CD14+ Monocytes
L2_CACGAATTCCTGTTGC,CD8+ T cells
E2L7_TTTCATGCAGTAACAA,CD4+ T cells
E2L5_TCAAGTGAGTGCGCTC,B cells
E2L5_TCTTGCGCATGAGGGT,NK cells
E2L8_AAAGTGAAGCAGCCCT,Megakaryocytes
L3_TTGCGTCCACTCTAGA,CD8+ T cells
L2_CATCCACCATGGGTCC,CD8+ T cells
E2L1_TGTGTGATCAGACATC,CD16+ Monocytes
L3_CCTTCAGGTGGATCGA,CD8+ T cells
L1_CTTTCAAAGTAGATCA,B cells
E2L7_CCGTAGGCAACCGGAA,Plasmacytoid dendritic cells
L2_ATCCCTGGTTCGATTG,Plasma cells
L3_GTAATGCGTGGGCTTC,CD8+ T cells
E2L4_TGACGCGGTGATGAAT,Plasmacytoid dendritic cells
E2L8_TATGTTCAGTAAAGCT,CD4+ T cells
E2L1_CAGATTGCACAAGTGG,CD4+ T cells
E2L6_CTCGAGGCACCTGCTT,B cells
E2L2_TGTCCTGTCGCCAGAC,CD8+ T cells
E2L5_GTATTTCGTCTTTATC,CD8+ T cells
E2L4_CACGTGGCAAACTAGA,Megakaryocytes
L3_GTAATGCAGACCAGCA,Dendritic cells
E2L1_TCGAAGTAGCAATTAG,CD4+ T cells
E2L2_AGCTCAACACTGGATT,B cells
E2L8_GGGACCTTCGGCTGTG,CD16+ Monocytes
E2L8_TGCAGATAGCTCTGTA,B cells
E2L6_ATTCTACTCCGGCAAC,CD4+ T cells
L1_CAGCCAGTCCGGTTCT,CD8+ T cells
E2L1_TGTTCCGAGTAGCCAG,Proliferating cells
L1_TGTGTGACACAATGAA,T cells
E2L2_TTACAGGGTGGTAATA,CD4+ T cells
E2L5_TCTACATCACCGTCGA,Megakaryocytes
L5_GGTAGAGCAGGGAATC,CD14+ Monocytes
L1_AGCTCAATCATGAGTC,CD16+ Monocytes
E2L6_ACGGTCGAGGTTTACC,CD8+ T cells
L4_GTGTTAGTCATCAGTG,NK cells
L4_TGTTGAGTCTGAGAGG,CD14+ Monocytes
L5_TCGCAGGTCCGCAAAT,Dendritic cells
L3_GTCCCATGTAGAGTTA,CD8+ T cells
L4_TAGGGTTTCTCATTTG,Megakaryocytes
E2L3_CTGTCGTGTGTAACGG,CD16+ Monocytes
E2L8_CTGTACCGTGTAAATG,CD8+ T cells
E2L1_CGGAATTCATGGCACC,CD4+ T cells
E2L2_GTTGTAGCAGAGAAAG,CD8+ T cells
L5_CTTAGGACAGCGTACC,Plasma cells
L1_TATATCCTCTCATAGG,NK cells
E2L2_AGCGCCATCACATTGG,CD8+ T cells
L5_TCGGGCAAGTGTTCCA,Megakaryocytes
L2_CTCCCAATCCTTGACC,CD4+ T cells
L5_ACGATGTTCTGCTCTG,CD8+ T cells
L2_ACAGGGATCTTAGCCC,CD8+ T cells
E2L3_CCATCACAGAGAGCCT,Megakaryocytes
E2L4_ATTTCTGGTGCACAAG,CD4+ T cells
E2L5_ATACCGATCGACATCA,CD4+ T cells
E2L4_CGCAGGTGTCGTCATA,B cells
E2L3_CTTCCGACACTTGAGT,CD8+ T cells
L4_CATGAGTCATTGCAAC,Proliferating cells
E2L4_GTCTGTCGTGGCACTC,Megakaryocytes
L2_TGTAAGCTCCTAACAG,CD4+ T cells
E2L3_GTCCTCAAGAACAAGG,CD4+ T cells
L4_CACCAAACACTGGACC,CD4+ T cells
E2L5_AGAACCTTCTCGGTAA,T cells
E2L4_ATGGGAGAGTTTGTCG,Megakaryocytes
E2L5_TTCCTAATCACACGAT,B cells
E2L1_GTTCCGTTCTGAGCAT,Megakaryocytes
L1_ATTTACCCACGCAGTC,Hematopoietic stem and progenitor cells
L4_AGAGCCCTCACAGAGG,Plasma cells
E2L8_TACGTCCGTTCTTGCC,CD4+ T cells
E2L5_TCAATTCGTTGTGTTG,CD8+ T cells
E2L2_TCCTCTTTCAGCCTCT,CD8+ T cells
E2L2_GTAGCTACATCCGAAT,CD4+ T cells
L5_GTGTGGCCAAACGAGC,CD4+ T cells
E2L5_CGAGGAACAGCTGCCA,CD8+ T cells
E2L1_AGTTCCCTCGCCAGAC,CD8+ T cells
L4_TCTACATGTACCCACG,CD4+ T cells
L3_GTGTTAGCAGATAAAC,CD14+ Monocytes
L2_CAGCACGGTATATGGA,CD14+ Monocytes
E2L2_TCGATTTAGCACACCC,CD14+ Monocytes
E2L3_AAGTGAAAGAGGACTC,Dendritic cells
L1_TGGTTAGAGTCTGCAT,CD4+ T cells
E2L7_TGTCCTGTCTCTCCGA,CD8+ T cells
L3_CATTTCACAAGATGTA,CD8+ T cells
L5_CTTCGGTTCGGATACT,Plasmacytoid dendritic cells
L4_TGCGATAGTTACTCAG,CD16+ Monocytes
L3_GTGGTTAAGTTATGGA,CD8+ T cells
E2L5_GTGTTCCGTGCATTAC,B cells
E2L1_ATTCACTCAGGTCCGT,CD8+ T cells
E2L5_CTCCCAAGTACCAATC,CD8+ T cells
E2L1_GAGAAATCAAACTGCT,Megakaryocytes
L2_TTTCACAGTTTGACAC,CD4+ T cells
E2L4_CCGTGAGAGATGAAGG,Megakaryocytes
E2L6_CAATACGCAGCGGTCT,Megakaryocytes
E2L1_GTTGTCCAGAATACAC,CD8+ T cells
E2L2_CTACCCACAGTTAGGG,Hematopoietic stem and progenitor cells
L2_TTTATGCGTTAGTTCG,Plasmacytoid dendritic cells
E2L6_ACTCCCATCGTACACA,CD4+ T cells
E2L3_TATTGCTCAGAAATTG,CD8+ T cells
L2_TCCCATGGTATGCTAC,NK cells
E2L2_AACGGGAAGACGGATC,CD4+ T cells
L1_CCACGTTCAGCTCGGT,CD14+ Monocytes
L3_CCGGACACACACAGAG,Dendritic cells
E2L2_ATCGGATCAATTGGTC,Megakaryocytes
L3_CATCGTCGTCCCTGTT,T cells
L1_GGTGGCTCACTGAATC,NK cells
E2L7_CGCAGGTAGTGCCAGA,CD14+ Monocytes
L3_AAAGTCCGTCCAATCA,B cells
L3_TCGAAGTAGTGGTTGG,B cells
E2L1_TCATGTTTCAGTCATG,NK cells
L4_TACGGGCTCCTCCACA,T cells
E2L3_TTCTCTCAGCCTATTG,CD4+ T cells
E2L2_TTTACTGAGTCATGCT,Dendritic cells
L5_GGGATCCAGGAGGCAG,CD8+ T cells
L3_TTCTAACGTAGCCCTG,Hematopoietic stem and progenitor cells
L2_AGCTTCCTCGATCCAA,CD4+ T cells
L5_AGGGAGTAGGCATCGA,CD8+ T cells
L5_GTAGTACGTACCAGAG,Hematopoietic stem and progenitor cells
E2L8_TGATTTCGTACTTGTG,Proliferating cells
E2L8_AGGATAAAGGCACCAA,Dendritic cells
E2L4_CGTGTCTAGACCCGCT,CD4+ T cells
L2_GCCAGGTGTATACCTG,CD4+ T cells
E2L8_ATTCCATGTTGTCCCT,CD8+ T cells
E2L8_CTCCGATCATGGGTTT,CD8+ T cells
L4_AAGCGAGTCTGTGCAA,Hematopoietic stem and progenitor cells
E2L2_GGGTTATGTGACCGTC,CD4+ T cells
E2L4_TGCGATACAGGTGGAT,Plasmacytoid dendritic cells
E2L5_GGTGTTACAACATCGT,CD4+ T cells
L3_GTTAGACGTGTAACGG,CD4+ T cells
L5_CCTCACAAGCACTCAT,CD16+ Monocytes
E2L6_CAATACGGTCCGCAGT,Plasma cells
L5_AACAAGATCGTGCTCT,CD4+ T cells
L3_CCGGACATCGATTTCT,Plasmacytoid dendritic cells
E2L8_CCTCACACAAGTTTGC,Dendritic cells
L1_TAAGCGTCACTAAACC,CD8+ T cells
E2L1_CCGCAAGCAGAGTGAC,CD4+ T cells
L5_CTTCGGTAGTCACGAG,Megakaryocytes
E2L6_TGCGGGTTCGAGTTGT,CD14+ Monocytes
E2L5_TCGGGACGTACTGGGA,CD4+ T cells
L3_ATGCATGCACTCCTGT,CD4+ T cells
L4_ATTGGGTAGCGAGGAG,CD8+ T cells
L2_TCGTCCACACGGATCC,CD4+ T cells
E2L2_TTGGATGAGACCTCAT,CD8+ T cells
E2L6_GAACACTTCTATGCCC,CD14+ Monocytes
L1_CGGCAGTCATACCAGT,Plasmacytoid dendritic cells
E2L4_TACTGCCCAGACGGAT,Proliferating cells
E2L6_ATCCGTCGTGCTTCAA,Plasmacytoid dendritic cells
E2L6_ATCAGGTAGCGTCTGC,B cells
E2L3_GTTATGGCATGGCCAC,CD8+ T cells
E2L6_CTTCAATAGACGAGCT,Hematopoietic stem and progenitor cells
L3_TCAGGTATCCAACCAA,Hematopoietic stem and progenitor cells
E2L5_AGTTCCCAGGAGATAG,Megakaryocytes
E2L1_CCTTCAGAGGTACTGG,CD4+ T cells
E2L1_AGTAGTCCATAACTCG,Plasmacytoid dendritic cells
E2L6_TCCCAGTCAAATGGCG,CD8+ T cells
E2L4_GTTTACTTCCAACCGG,B cells
E2L1_TGCTGAAAGAGTCAAT,CD4+ T cells
E2L7_AGCCAATTCGGTCTAA,CD4+ T cells
E2L5_ATGTCTTAGTCAAGCG,CD8+ T cells
E2L4_CGTAGTACAAGCGAGT,CD8+ T cells
E2L4_CCTCTAGGTTCAGCGC,Plasma cells
L3_AGAACAAGTACCCAGC,CD8+ T cells
E2L7_GTACAGTGTGCCTTCT,B cells
L4_TCGGGTGCATCACGGC,Proliferating cells
E2L7_GGAGGATGTTTGGCTA,CD4+ T cells
E2L6_TGGAGGAGTAATGCGG,B cells
E2L4_AGGGAGTTCTAGGCAT,CD14+ Monocytes
E2L2_TCCAGAAAGAGTTGAT,CD8+ T cells
E2L8_CCACTTGTCATGAGTC,Plasmacytoid dendritic cells
E2L5_CAACGGCCACACTGGC,Plasma cells
L4_AGGCCACAGCCGAACA,Hematopoietic stem and progenitor cells
E2L3_TACGGTACACATACGT,NK cells
E2L6_CACTGGGTCTGTTCAT,CD4+ T cells
E2L4_GACTATGAGACCAAGC,B cells
E2L7_ACACTGAGTTACACAC,B cells
L2_TCATTGTTCAAGTCGT,Hematopoietic stem and progenitor cells
E2L6_GCACTAAAGACTTCCA,Megakaryocytes
E2L5_TGGGTTACATGATCTG,B cells
L3_TCGGGCAAGTCACTCA,CD4+ T cells
L1_AGGAGGTTCCTCTAAT,CD4+ T cells
L5_AGAGAATCATGCTGCG,Plasmacytoid dendritic cells
L5_ATGGTTGCATCGGCCA,Hematopoietic stem and progenitor cells
E2L1_TGCATGATCAGTCACA,Proliferating cells
L1_CGCCAGATCCAATCTT,CD4+ T cells
E2L4_TTCCACGAGGTTCAGG,CD8+ T cells
E2L7_CACGTTCTCTCATGCC,Proliferating cells
L1_CATCGTCAGATGCGAC,CD8+ T cells
L4_TGCAGATAGCACTCAT,T cells
L2_GCAGGCTAGACATACA,CD8+ T cells
E2L5_AAGTTCGTCTACACTT,Proliferating cells
E2L8_TTCCGTGAGCCAGTAG,Plasmacytoid dendritic cells
E2L3_GTCTCACTCGGCAGTC,Dendritic cells
E2L4_GGGTAGACAGTCCGTG,Plasmacytoid dendritic cells
E2L2_TCTGTCGCAACTTGCA,B cells
E2L7_TCATGTTGTATTTCCT,CD16+ Monocytes
L3_ATAGACCCAGTGGGTA,B cells
L2_AAGTCGTAGTCCTGTA,CD4+ T cells
E2L5_CTGAGGCCAGCTACTA,Plasma cells
E2L4_TTAATCCCAAAGGCTG,CD8+ T cells
L3_GAAGGGTCATAGGTAA,Hematopoietic stem and progenitor cells
E2L8_TAGTGCACACGTAGAG,Dendritic cells
E2L1_GTTGAACTCGCCGATG,CD4+ T cells
L3_TCCACGTTCAAACGAA,CD8+ T cells
L5_TCACGCTAGCCATCCG,CD4+ T cells
E2L7_CATCCCAAGATCCTAC,NK cells
L4_TGCCGAGTCCGGCTTT,CD8+ T cells
E2L4_GAAATGAGTACAGCGA,CD8+ T cells
L4_ACATCGAGTGCAGGAT,CD4+ T cells
E2L7_GAAGAATTCTATCGTT,Plasmacytoid dendritic cells
E2L7_CAGTGCGGTGGCGTAA,Megakaryocytes
E2L6_TCCTTCTTCGTAGCTA,CD8+ T cells
E2L4_TATCGCCCAGACAATA,NK cells
E2L7_ATCATTCTCCGTCACT,Plasmacytoid dendritic cells
L3_CATCCGTGTGTCCACG,CD4+ T cells
E2L4_GAACGTTAGGTGCTTT,Proliferating cells
L5_TGTGATGGTTAAGGGC,Dendritic cells
L4_GCTTCACCACCCAATA,CD4+ T cells
L4_CTAACCCAGGTATTGA,CD16+ Monocytes
E2L8_TTGCCTGGTATACGGG,CD4+ T cells
L3_TCTATACCACATACTG,Plasma cells
E2L8_CAGGCCATCGTTGCCT,CD8+ T cells
L4_AGGACGATCATCTATC,CD4+ T cells
E2L7_AGGCCACAGAGCAACC,CD4+ T cells
E2L8_TTGTTGTGTAGTCACT,Plasmacytoid dendritic cells
L4_TCGTAGACAGCTATTG,Dendritic cells
E2L6_CTGTGAACATTGGCAT,B cells
E2L7_ATCGGATCATTGCTTT,Megakaryocytes
L5_ATTGTTCCAGTTCACA,B cells
E2L8_TCCTTTCGTTGCATCA,B cells
E2L7_GGGCTCAAGGAGAATG,B cells
L1_CCGCAAGCAGGTGTGA,CD4+ T cells
L1_AAGTGAACAGGACGAT,CD4+ T cells
L4_TTGGGTATCCTCAGGG,Hematopoietic stem and progenitor cells
E2L8_AGTTCCCGTGGTCAAG,Proliferating cells
E2L8_ATTCCTAAGCGAGGAG,CD4+ T cells
E2L8_TTTACCAAGTTTCGAC,CD4+ T cells
L1_CCCTAACTCTGAGATC,CD14+ Monocytes
L5_TCAAGTGCACGACCTG,NK cells
E2L8_AGTGCCGGTCCAACGC,CD4+ T cells
L1_TCAGTGAGTTCTCGTC,CD8+ T cells
L5_AAGTGAACATAACAGA,CD4+ T cells
E2L6_TCAGTCCGTGACACGA,NK cells
E2L6_AAGGTAATCGACACCG,CD8+ T cells
E2L8_GCCGTGAAGAAGTGTT,CD16+ Monocytes
E2L6_TACTTCACAGCGTATT,Proliferating cells
E2L5_ACCTGTCTCATCGCCT,CD8+ T cells
L4_ATGACCAAGGTAGACC,CD16+ Monocytes
E2L5_CTGAGGCCATTCTCCG,Plasmacytoid dendritic cells
L5_GTTAGACTCGTAGCTA,Hematopoietic stem and progenitor cells
E2L4_AGCATCAAGAGGTTTA,B cells
E2L1_ACTATCTAGACGGAAA,CD4+ T cells
L5_ATCACAGGTGTTAAAG,CD4+ T cells
E2L7_ATATCCTCAGGTTCGC,Dendritic cells
E2L8_ACATCGACACGCTTAA,T cells
L5_CTCCGATGTGGCTACC,CD4+ T cells
L5_TGACTCCGTTCTAACG,Hematopoietic stem and progenitor cells
E2L2_TCCAGAATCTCGACGG,Plasma cells
L1_TAGAGTCTCGATACAC,Plasmacytoid dendritic cells
E2L2_AGTGATCAGCCGATCC,Proliferating cells
L2_GTGGCGTTCATTTCGT,B cells
E2L6_ACCTGTCAGCCGATAG,CD4+ T cells
E2L4_GTCCACTGTCCCGCAA,CD8+ T cells
L4_CATACCCTCTTCGGAA,Plasmacytoid dendritic cells
E2L6_ACGATCAAGATGGTCG,CD8+ T cells
L1_CTCCCTCTCGTCTAAG,CD4+ T cells
E2L7_TGTTCTATCTTGAGCA,CD14+ Monocytes
E2L1_AAGGAATTCCTCCACA,Megakaryocytes
E2L7_ACGGTCGTCGTCAGAT,B cells
L2_TAGGAGGCATGCACTA,CD4+ T cells
E2L7_TAACTTCAGTTTGCTG,CD8+ T cells
E2L1_GAGGCCTAGCCACTCG,CD8+ T cells
E2L4_TCAGTTTTCCAACTGA,CD14+ Monocytes
E2L2_ACACAGTCAGGTCCCA,B cells
L5_TGTCCCAGTCAAGTTC,CD4+ T cells
L1_CATGAGTGTGCATTAC,CD14+ Monocytes
L5_AAAGGTACACGCGCTA,CD14+ Monocytes
E2L1_CGTGAATTCGCGGACT,B cells
L4_GAATCGTCAGATCATC,CD4+ T cells
E2L1_GAGTCATTCCGAGAAG,CD8+ T cells
L1_TGTCCCACAGGATCTT,CD4+ T cells
E2L2_GACTCAAGTGGACCTC,B cells
E2L1_CCACAAATCGGATTAC,NK cells
L1_GCTACCTGTTTGCCGG,CD4+ T cells
L4_AATGACCGTACCAATC,Hematopoietic stem and progenitor cells
E2L3_CCTGTTGTCGAGTCCG,CD4+ T cells
E2L2_TCATTTGCACTGAATC,B cells
L5_TCCCACAAGAGGTCGT,Plasmacytoid dendritic cells
E2L7_TTTGGTTAGTATGTAG,CD8+ T cells
L2_TCGTCCACACGGCACT,Proliferating cells
E2L3_AGACAAAGTTGCTAGT,Dendritic cells
E2L4_CTGCAGGGTTAACAGA,CD4+ T cells
L4_ATTCAGGCACAGTACT,CD4+ T cells
E2L6_TCGCAGGAGGCACCAA,CD4+ T cells
E2L6_TATGTTCCAAGAGGCT,Megakaryocytes
L2_TTACGCCGTTACCCTC,Proliferating cells
E2L8_ACCAAACTCCTGGGAC,CD14+ Monocytes
E2L3_GTCCCATGTGCTCCGA,B cells
E2L2_TGCGGGTTCCTGTAGA,CD4+ T cells
E2L4_ATCGATGCAGCTGTTA,Proliferating cells
L4_GCTGCAGTCACCTCTG,CD4+ T cells
E2L4_CGTTAGAGTGATCATC,Dendritic cells
E2L6_GGTGTTATCACCATCC,B cells
L1_CCACCATTCGAGAAAT,CD4+ T cells
L2_GTAGTACTCGGACCAC,CD14+ Monocytes
E2L5_CCTGTTGCAGTCTCTC,CD4+ T cells
L1_TCTCACGGTAGGACCA,Hematopoietic stem and progenitor cells
L5_AGAAGTAGTGCGAGTA,CD4+ T cells
E2L5_AGTTAGCTCGTAACTG,CD4+ T cells
E2L8_CTCTCAGGTAAGATAC,B cells
L3_AGTCAACAGAATCGAT,NK cells
E2L1_GGGACCTGTTAGGGAC,Megakaryocytes
L4_TCCTGCAAGGATGAGA,B cells
L1_AGTGCCGTCCCGTAAA,CD8+ T cells
L2_AGACCCGCACGGCGTT,CD8+ T cells
E2L1_CCGATGGCATGAGAAT,CD4+ T cells
L5_AGTACTGAGATGACAT,Plasmacytoid dendritic cells
L5_TACCTCGAGCCTCATA,CD4+ T cells
L1_CAAAGAATCGAAGCAG,CD8+ T cells
E2L3_TGAATGCGTCCTGTTC,Proliferating cells
E2L8_CTCTCAGGTGCCCACA,CD4+ T cells
E2L8_GCATCGGGTTTGGCTA,B cells
L4_CATCGGGGTCTTACTT,CD8+ T cells
E2L3_GGTGAAGAGGACTTCT,CD4+ T cells
E2L7_AGAACAATCTAAGGAA,B cells
L2_ATGCATGAGTTGTCGT,CD8+ T cells
E2L1_CCACGTTCAACATCGT,CD8+ T cells
L2_TACCTCGCAGGCACTC,Dendritic cells
L5_AGATCCAGTTTGGGAG,Megakaryocytes
L1_CTGGACGCAACAAAGT,CD4+ T cells
E2L5_TCACAAGTCCGCAAAT,CD8+ T cells
E2L4_GGATCTACAAGACCTT,B cells
E2L4_ACATTTCAGTACTGTC,B cells
E2L6_GCTACAAGTTGACTGT,Plasmacytoid dendritic cells
L1_ATGAGTCTCCAGCTCT,NK cells
L3_TGATGCAGTTGCTCCT,CD4+ T cells
E2L5_CGTTAGACATCCAACA,Plasma cells
E2L2_ATTGGGTCACGCTGCA,B cells
E2L5_TTGACCCTCCACGAAT,CD4+ T cells
E2L7_TGCGGCAGTAAGCGGT,CD4+ T cells
E2L6_GACATCAAGACGAGCT,CD4+ T cells
E2L5_AGAAATGCACTGGAAG,CD8+ T cells
E2L7_GAGTGTTAGATGCTAA,Plasmacytoid dendritic cells
E2L4_AGGTGTTAGCTAGAGC,CD16+ Monocytes
L2_GATGAGGAGAGTTCGG,Proliferating cells
L1_GGGCTCACATTCACAG,Plasma cells
E2L2_GTTCGCTAGGAGGTTC,CD4+ T cells
L4_AGGAGGTAGAGCATCG,CD14+ Monocytes
L1_AACCCAACACTTCCTG,CD4+ T cells
L5_GTGTAACTCGGTTCAA,CD16+ Monocytes
L1_GTAATCGAGCTAATGA,CD4+ T cells
E2L5_AGAACCTTCAAAGCCT,CD8+ T cells
E2L6_GAAGTAACACACGGAA,CD8+ T cells
E2L1_CCAATTTAGGGCCCTT,Plasmacytoid dendritic cells
E2L7_TATATCCGTTTCCAAG,B cells
E2L1_TAGTGCAGTTGAGAGC,CD4+ T cells
E2L3_GTTGTAGTCATCGGGC,CD8+ T cells
E2L6_ACATCGAGTTGCCGCA,CD16+ Monocytes
L4_CAGTGCGCAATAGGAT,CD4+ T cells
L4_CGTAAGTCATGTGTCA,Hematopoietic stem and progenitor cells
E2L8_CCGTTCAGTGTTGCCG,Plasma cells
E2L5_TCGAAGTGTATCCTTT,CD8+ T cells
E2L3_GCTACAACAGGTACGA,CD14+ Monocytes
L5_TTCTTGATCCGAGAAG,CD14+ Monocytes
L5_CACAACAAGCAGATAT,CD8+ T cells
E2L6_TAATTCCTCGTTCCTG,CD14+ Monocytes
E2L6_CTGCATCTCCGATCTC,Plasmacytoid dendritic cells
L5_CTCAGGGGTCGTGCCA,CD4+ T cells
L3_TCCAGAATCTCGGTCT,CD4+ T cells
E2L3_TCGCTCAAGCTGGAGT,Plasma cells
E2L4_GTGGCGTCACATACTG,CD16+ Monocytes
L4_TCAAGCAGTGGTTTGT,CD4+ T cells
L4_TAACCAGTCCTTCTTC,CD4+ T cells
L4_AAAGTGATCTCTAAGG,CD4+ T cells
E2L6_TCTTCCTCACAAGGTG,CD14+ Monocytes
L3_TGAACGTCACTCGATA,Dendritic cells
L5_TTGTTGTGTTGCATAC,Hematopoietic stem and progenitor cells
L4_GAAGGACTCTTGTGCC,Plasma cells
E2L3_CGGAGAAGTTCCTTGC,CD4+ T cells
E2L5_TTCCTAAAGCAGTAAT,NK cells
L2_TCCATCGGTTGTATGC,Hematopoietic stem and progenitor cells
L4_TGCTTGCCACAAATAG,Dendritic cells
E2L4_GGTGAAGAGACCATTC,CD4+ T cells
E2L1_CTGTCGTGTCTGTGTA,CD8+ T cells
L1_CTGTAGATCATCACTT,CD4+ T cells
L4_TCCTAATAGCTCGCAC,CD8+ T cells
E2L2_TGTTCCGAGTACCCTA,CD4+ T cells
E2L4_GTTGTAGTCTAGTGAC,CD14+ Monocytes
E2L2_ACGGAAGAGGCATCGA,B cells
E2L8_CCTAACCCAAGCGCAA,CD4+ T cells
L2_TATCCTACATTACTCT,CD16+ Monocytes
L4_GGGTGTCGTCACAATC,CD8+ T cells
L3_CATAAGCCAAGGTCTT,B cells
L1_CACTGAAAGAATCGCG,CD4+ T cells
L5_CGCCAGATCGCAGTCG,CD4+ T cells
E2L7_GCTTTCGCAGGGATAC,Plasmacytoid dendritic cells
E2L5_CCCGGAACACATCCCT,NK cells
L4_GACGTTAGTAGACGTG,CD16+ Monocytes
L3_TCAATTCAGCGCTGCT,CD8+ T cells
L1_GAAGCGACAACGAGGT,NK cells
E2L4_GATCGTATCCTTTAGT,Plasmacytoid dendritic cells
E2L5_CAATGACAGCCGAATG,CD8+ T cells
E2L5_ACTATTCGTGAGCGAT,CD8+ T cells
E2L2_GTCGAATCAGCTCGGT,CD16+ Monocytes
E2L5_TTCTAACTCCAGCACG,CD14+ Monocytes
E2L8_TCAGGTACAGGCACTC,Proliferating cells
L3_GTTGCTCTCCGTCCTA,CD16+ Monocytes
L1_GTTGCGGTCGTGTTCC,CD4+ T cells
L4_GTGAGCCGTCTCGACG,CD4+ T cells
L3_TGGTGATGTCTGCCTT,NK cells
L4_TAGGTACAGAGTCGAC,CD8+ T cells
E2L6_TGGAGAGGTAAGATTG,CD8+ T cells
L4_CGTTGGGAGCTTGTTG,NK cells
L3_TGTCCACAGGCGTTAG,CD4+ T cells
E2L4_GACTATGAGGGTATAT,CD4+ T cells
E2L3_GTCATGAAGGTGCAGT,Plasma cells
E2L5_TTGTTTGCAGAGTCAG,CD8+ T cells
L3_CCGTGAGAGTTCCTGA,CD4+ T cells
E2L6_CTTACCGAGGCTCTAT,B cells
L4_TAGCACATCACCGGGT,CD8+ T cells
E2L1_CCACACTTCCCGAGAC,CD4+ T cells
L2_AGTGACTGTCTGTGCG,CD8+ T cells
L4_GGGCCATAGACAACTA,CD4+ T cells
L5_GTGAGCCCAGTTTCAG,CD4+ T cells
E2L7_AATGACCGTATTTCCT,NK cells
E2L3_AGGTGTTGTCCACTTC,Plasmacytoid dendritic cells
E2L1_GATCCCTCAAATGGCG,CD8+ T cells
L2_TAGACCATCACTTCTA,CD4+ T cells
E2L1_GAATAGAGTTCTATCT,CD8+ T cells
L1_GAGTCATGTGCATGTT,CD14+ Monocytes
L5_TATTCCAAGTTCATCG,CD8+ T cells
E2L3_GTAAGTCAGTCACTAC,CD4+ T cells
E2L1_CCTACGTTCGTGTTCC,CD4+ T cells
E2L2_CCACTTGTCTGTGTGA,B cells
E2L8_CTCTCGAGTGACACAG,CD14+ Monocytes
E2L8_AGTCATGTCATTGAGC,CD8+ T cells
E2L5_ACACGCGGTATCCTTT,CD8+ T cells
L5_TCTGCCATCAAACGTC,CD4+ T cells
L4_TGGTAGTGTTAGAGTA,CD8+ T cells
E2L2_CTCAGTCCACATATGC,CD4+ T cells
L2_TCCATCGCATCGGAAG,Plasma cells
E2L4_AGCTACAGTTTAGACC,CD4+ T cells
L2_GGAGATGGTACCTGTA,Dendritic cells
L4_TCGGGACAGCCACCGT,Proliferating cells
E2L7_GCAGCTGCAGAACTTC,Proliferating cells
L5_AACGGGATCTCTCTAA,Dendritic cells
L5_GACCGTGGTGCAGATG,Dendritic cells
L4_AGCCAATAGCTCTGTA,NK cells
E2L7_GGTCTGGGTAGAATGT,B cells
E2L5_AGACTCAAGTTGCCCG,CD8+ T cells
L1_CAAGCTACAAATCAGA,CD4+ T cells
E2L4_CCTTGTGGTGGTTCTA,B cells
E2L2_AACAGGGTCCATTGGA,NK cells
L4_GTGCACGTCGTGTGGC,Proliferating cells
L5_ACTTATCCAGAGTAAT,CD4+ T cells
L2_ATTCCCGTCATCACAG,CD8+ T cells
L3_ATGCATGGTTCCAGGC,Dendritic cells
E2L3_ACGCACGTCTCGAGTA,CD16+ Monocytes
E2L3_GACCCTTAGGTAAAGG,CD4+ T cells
L5_CCCTCAAGTGCGTTTA,CD4+ T cells
L5_GTTTGGACAGTGGCTC,NK cells
L5_ACAAGCTAGAGCTGCA,CD4+ T cells
L4_AGTCATGAGCGCCATC,CD16+ Monocytes
L5_TGCTTGCCACGCGTCA,Plasmacytoid dendritic cells
L5_ACTGTCCAGTACAGAT,CD16+ Monocytes
E2L7_ACCAAACCATGTGGTT,CD16+ Monocytes
E2L7_CAACCAAAGTACGTCT,B cells
E2L5_CAATGACAGATTCGCT,B cells
E2L8_TCAGGGCAGACAGTCG,Dendritic cells
L4_CACAGGCAGAGAAGGT,CD4+ T cells
E2L7_GTATTGGCAGCTGTTA,B cells
L5_CTCAGGGGTTGACTAC,Hematopoietic stem and progenitor cells
E2L1_CCCTTAGGTCCAAGAG,CD8+ T cells
L1_CAGTGCGCACGACGCT,Plasmacytoid dendritic cells
E2L3_TCGGGCAAGGAGATAG,CD8+ T cells
E2L5_GAAGGGTAGGGCAGTT,CD8+ T cells
E2L7_CTGTACCGTGACAGGT,NK cells
E2L6_TCCGTGTCACGCAAAG,Plasmacytoid dendritic cells
L5_GCACGTGGTACAAAGT,CD4+ T cells
L3_CTGAGGCAGGTAACTA,CD8+ T cells
E2L5_TAGCACATCAGAGCGA,B cells
L3_GAGCCTGTCGCCAGAC,Plasma cells
L2_ATCCCTGCACAAATGA,CD4+ T cells
L4_GTTGTAGCATGACCCG,CD4+ T cells
L2_CCATAAGCATATGCGT,Hematopoietic stem and progenitor cells
L3_AGGAGGTAGACTGTTC,NK cells
L1_AGGACTTGTCAGATTC,CD14+ Monocytes
L4_CGCGTGAAGGTGCCTC,CD16+ Monocytes
E2L6_CCACGAGAGCAAGTGC,Megakaryocytes
E2L6_ACTTTGTCACGCCAGT,B cells
E2L5_CTCCAACCAGTTGTCA,CD8+ T cells
E2L2_CAGTGCGGTATGAGCG,T cells
E2L6_TACTGCCAGCAGCGAT,B cells
L3_GTCATCCCAGGTAGTG,Plasma cells
L4_AGTCACACACAAGTTC,CD14+ Monocytes
E2L5_CGGAGAATCGTTCCCA,CD14+ Monocytes
E2L2_GTGGAAGGTGCGTTTA,Plasmacytoid dendritic cells
L2_CATCGCTTCTGCGTCT,Hematopoietic stem and progenitor cells
E2L7_AGATGCTAGCCTCAAT,CD4+ T cells
E2L5_GTAGATCAGGCGACAT,CD4+ T cells
L5_TTCCGGTAGCAGGCTA,CD4+ T cells
E2L8_TTTCACACACTGGCCA,Dendritic cells
E2L8_CCCTGATGTCTACGTA,CD14+ Monocytes
E2L7_AAGACAAAGCCATGCC,Megakaryocytes
E2L6_ATATCCTCAATTTCCT,Megakaryocytes
L3_TGATTTCAGTGCACAG,CD16+ Monocytes
E2L6_TCATTGTAGTCGGGAT,Plasmacytoid dendritic cells
E2L7_GGTTCTCGTCAATGGG,Plasmacytoid dendritic cells
E2L7_CGATGGCTCCCTTGTG,CD8+ T cells
E2L2_ATCTTCACAAGTTGGG,Proliferating cells
E2L3_GGGTGTCTCTATCGGA,CD8+ T cells
E2L6_TTTCGATTCGCCACTT,Megakaryocytes
L2_ACATGCATCTGTCGCT,CD8+ T cells
E2L4_CCTAACCAGAAATCCA,CD14+ Monocytes
L5_TTTGATCGTAACGCGA,CD8+ T cells
E2L2_TTCCTAAAGTATGGCG,B cells
L2_ATCCCTGGTTCTGAGT,B cells
E2L4_TCATTGTCATCGGATT,CD4+ T cells
E2L7_CATTCCGAGGGAGGCA,B cells
E2L4_AATGCCAAGATTAGCA,CD8+ T cells
E2L7_TATCGCCCATACTTTC,Megakaryocytes
L4_CCTAAGAAGCGGTAAC,CD4+ T cells
E2L8_ATCGGCGAGTATGACA,B cells
E2L2_CGAGTGCAGCGCATCC,Plasma cells
L3_CGGGTCAGTCATGACT,Dendritic cells
E2L6_ATTCTACGTTCTCAGA,B cells
E2L8_GAAACCTAGCCTGAGA,CD4+ T cells
E2L4_GTGGAAGTCCTCTGCA,Megakaryocytes
E2L2_TGGTACAGTTCTTGTT,Megakaryocytes
E2L7_CAGCGTGGTCGAGTTT,CD8+ T cells
L3_TCGAACACAGCTGAAG,CD4+ T cells
L5_TCAGTCCAGCATTGAA,B cells
E2L3_TCCTAATCAGAAGTGC,CD4+ T cells
E2L4_AAGTTCGAGTTGAAAC,CD8+ T cells
E2L8_CGTGCTTGTGAGATAT,CD4+ T cells
L1_TCCTTTCTCGCCAACG,B cells
L5_TCGTGCTAGCCAGACA,CD4+ T cells
L2_TGGGAGAGTGCATCTA,CD4+ T cells
L2_CTCAACCGTGGTAATA,CD8+ T cells
L3_ATCCCTGAGGGCAGTT,Plasma cells
E2L8_AACGGGAGTACGCTAT,Dendritic cells
L2_AGAGCAGAGGCCCGTT,CD8+ T cells
L4_GTCATGACACCAGCCA,B cells
L5_GCCAGGTTCATCACCC,CD8+ T cells
L3_GCTTCACAGGAAGAAC,CD4+ T cells
E2L8_GTTCGCTGTATGGGAC,CD4+ T cells
E2L7_GGTGAAGGTATCGGTT,CD8+ T cells
L1_TCAAGCAGTCACTACA,Dendritic cells
E2L1_CCACACTAGTCTGTAC,Proliferating cells
L3_TCGCACTTCGCTGACG,CD8+ T cells
E2L6_AAGCCATTCCGCAACG,CD8+ T cells
L4_GGTTGTAGTCAGACTT,CD16+ Monocytes
L1_TTCTTCCTCTTTGCGC,CD14+ Monocytes
E2L7_CCGTGAGGTCACAATC,CD8+ T cells
E2L1_AGACCCGGTAGGCAGT,Dendritic cells
E2L8_GTGGTTACATATTCGG,Proliferating cells
E2L6_TCGCTCACACTTGGGC,B cells
E2L4_ATAGGCTTCGATAACC,Plasmacytoid dendritic cells
E2L4_GAACTGTAGGTACTGG,Dendritic cells
E2L2_CTTCTAATCGCTTAAG,B cells
E2L2_AGGATAAAGAACTTCC,B cells
E2L5_TCATTACGTCTAGGTT,Proliferating cells
L4_TCCGATCGTCGTACAT,Plasma cells
L5_AAACGAAGTTCTTCAT,CD8+ T cells
E2L4_TCCATCGAGTATTAGG,CD4+ T cells
L3_TACCTCGCAGGTGTTT,CD4+ T cells
L4_GGAGGATTCCCATAGA,CD4+ T cells
L4_TTACAGGCAACTCGAT,Hematopoietic stem and progenitor cells
E2L6_ACTTAGGGTGTTACAC,CD16+ Monocytes
L4_TGAATGCGTTGTAAAG,CD16+ Monocytes
L5_GGAGGATAGCCATCCG,CD8+ T cells
L3_AGACTCAAGCCAAGTG,CD8+ T cells
E2L6_ACGGTCGAGAGGGTAA,CD4+ T cells
E2L3_ATTCTACAGACCACGA,CD14+ Monocytes
L1_CGTGAATTCTGGAAGG,CD8+ T cells
L4_TGACTCCAGGGCAAGG,B cells
L5_CACTGAAAGACATATG,Plasmacytoid dendritic cells
L3_TCATGGAGTCTAACTG,CD4+ T cells
E2L1_GTCGAATCACAACGTT,Hematopoietic stem and progenitor cells
L5_CGGAACCAGTGGCGAT,CD16+ Monocytes
L5_TCGGGTGAGGGCATGT,CD14+ Monocytes
E2L7_TTGCATTCAGTTAGGG,Proliferating cells
L1_TTTGGAGGTAGCACAG,Hematopoietic stem and progenitor cells
L4_GGAATCTAGCCTTGAT,CD8+ T cells
E2L3_GTCACTCAGATAACAC,Plasmacytoid dendritic cells
E2L7_CTTACCGCACCGTGGT,B cells
L2_GTCGCGAAGATGGCGT,Hematopoietic stem and progenitor cells
E2L7_AAGGTAACACGTCGTG,CD16+ Monocytes
L1_GGGCTACCAGCTTTGA,Plasmacytoid dendritic cells
L2_GGTCTGGCAGGCCCTA,CD8+ T cells
L2_GAATCACCATACGCAT,CD8+ T cells
E2L7_GGTGTTACAATTGCGT,CD8+ T cells
E2L7_GTAGAAATCGAGAACG,CD14+ Monocytes
E2L7_ACTTCCGGTTTAGACC,CD8+ T cells
E2L4_ATTACCTCATTGTACG,B cells
L5_TCAGTTTTCACCGGTG,Proliferating cells
L3_ATTCAGGAGTCGGGAT,CD4+ T cells
E2L5_TTTGGTTTCGAGTTGT,Plasma cells
L3_TAACCAGAGGAAAGAC,CD14+ Monocytes
E2L2_AGTAGCTCAGCGAACA,Dendritic cells
L5_CTTCTCTTCGTTCTCG,CD4+ T cells
E2L1_TACTTCAAGAGAGAAC,CD8+ T cells
L3_GTCCCATGTGCGAGTA,Proliferating cells
E2L4_GCGGAAAAGCATCAAA,B cells
L4_CGTCCATAGATACAGT,B cells
L1_AGTACTGTCGGATTAC,Hematopoietic stem and progenitor cells
E2L4_ATGAGTCAGAAACTGT,CD4+ T cells
L2_AATCACGTCGGCACTG,CD16+ Monocytes
L5_TCCAGAACAGAGGACT,CD8+ T cells
L4_TGTAGACAGTAAAGCT,NK cells
L1_TGTCAGACAAGTGTCT,B cells
L3_TGCTGAACAACGCCCA,CD8+ T cells
E2L4_ATCCTATTCATTCATC,Dendritic cells
L5_GCATCTCGTGCTATTG,Hematopoietic stem and progenitor cells
L4_GAAGCCCGTTACAGCT,CD8+ T cells
L1_ACCGTTCCAACCCGCA,Proliferating cells
L3_TTCTCTCAGCTTGTTG,CD16+ Monocytes
L5_ATCATTCGTACCCAGC,B cells
E2L5_CAGTTAGGTCTCACAA,Dendritic cells
L4_GGTTAACAGCTATCCA,CD4+ T cells
L5_CTCAGTCCACTGCTTC,CD8+ T cells
L5_GGATGTTGTATGGAGC,CD4+ T cells
L2_TACGTCCGTGATGGCA,CD8+ T cells
L2_CCAAGCGAGAAACACT,CD4+ T cells
E2L3_GTCGTTCTCTCGTGAA,B cells
L1_CAACGGCGTCCACTCT,CD8+ T cells
E2L7_TAAGCCAGTAAGACCG,Dendritic cells
E2L5_GCAGCCACACCTGAAT,CD4+ T cells
E2L4_AACCCAAAGCAGGTCA,CD14+ Monocytes
L1_AGGATAATCGGTCACG,Dendritic cells
E2L7_TAATTCCCATCTGTTT,CD4+ T cells
L4_CTGATCCAGGTAAGGA,CD8+ T cells
E2L3_CACTGAACATGAGAAT,CD8+ T cells
E2L1_ATGGTTGTCGTTGTAG,CD8+ T cells
E2L1_AAGGAATCAAGAGGCT,CD8+ T cells
E2L6_GGGAGTAGTGACTATC,CD4+ T cells
E2L7_AGGCCACAGATGATTG,B cells
E2L6_CCTGCATGTCGCCACA,CD8+ T cells
L1_TCACATTCACACTGGC,Hematopoietic stem and progenitor cells
L5_CGTCAAAAGCCATTTG,T cells
L1_TCATTTGAGTGATAGT,CD8+ T cells
E2L4_GTAGGTTTCTGAGTCA,B cells
L2_TGGTGATAGTACTGGG,CD4+ T cells
L3_CAAGAGGAGGCTGAAC,CD4+ T cells
E2L8_AAGAACACAGAGATTA,NK cells
L3_CGAGAAGTCATTGGTG,Proliferating cells
L5_TGAATCGCACGTCTCT,CD8+ T cells
E2L4_CGATGGCAGTCGCCCA,Dendritic cells
E2L2_GCAGGCTCAACGTTAC,CD4+ T cells
L4_AGGGTGAAGGATTCAA,Plasma cells
E2L8_ATAGAGAGTCACGCTG,CD4+ T cells
E2L8_GCTTTCGTCCGGTTCT,Dendritic cells
L4_TCCCATGCAAGTCCAT,CD4+ T cells
L3_AGGGTTTAGTGGTGAC,CD16+ Monocytes
L5_TCCGGGACAGTCCCGA,Proliferating cells
E2L1_CTGCATCAGGTACCTT,NK cells
L3_GTCCTCACAGATGCGA,CD8+ T cells
L3_CCGCAAGAGTAATACG,B cells
E2L7_CTCAGTCGTAAGCTCT,Plasmacytoid dendritic cells
L4_TAATCTCGTGACATCT,CD8+ T cells
E2L7_GGTTCTCAGCTGTTCA,NK cells
E2L5_CGAGTTAAGTAAGACT,CD4+ T cells
L2_CTCTCAGCATTGCAAC,CD4+ T cells
E2L2_GTAGTACCAAGTTCCA,T cells
E2L2_CAGATTGCACCCAAGC,B cells
E2L4_TATCCTATCATTATCC,B cells
L5_TGACAGTCAGATTCGT,CD4+ T cells
L5_TGCTTCGGTAGCGCTC,CD8+ T cells
L2_CCTCACACACGCTGAC,Plasma cells
L5_CTGGACGGTTGTGCAT,CD4+ T cells
L2_AGTACTGCATCGTCCT,Proliferating cells
L5_TCGGGTGCATGCACTA,Proliferating cells
L1_TCCCATGCACCAGCGT,CD8+ T cells
E2L4_ACTGTGAAGTAAGACT,Plasmacytoid dendritic cells
L3_GGTGGCTGTAATCAGA,CD4+ T cells
L5_GGGTAGATCGAAGAAT,CD4+ T cells
L5_CTTCTCTCATCCCACT,CD4+ T cells
L3_AGTCACACATGAGGGT,NK cells
L2_GACTGATCATCGATGT,CD4+ T cells
E2L7_GTAGAGGTCGGATACT,CD4+ T cells
E2L5_TTGCGTCCACAGTCAT,Dendritic cells
E2L8_CGAGTGCGTTGCTCCT,Plasma cells
E2L4_GGAGGATAGTGCACCC,CD16+ Monocytes
L1_ATTACCTCAACCCTCT,CD8+ T cells
E2L3_TACATTCCAACAAGTA,Dendritic cells
L2_TCGGATACATCCGTTC,B cells
L2_CTGATCCGTGAGTTGG,Plasma cells
E2L7_TGTTGAGCACAACGCC,B cells
L1_CCACGTTAGGGTGAGG,CD4+ T cells
E2L4_CATGCCTCAACGGCCT,CD4+ T cells
L4_TGAGCATCAGTTGGTT,NK cells
L3_TGCTCGTAGAATTCAG,CD4+ T cells
L4_CAATCGATCGAACCTA,CD4+ T cells
E2L2_ACAACCATCGCCTTGT,Plasmacytoid dendritic cells
L5_CCGAACGAGGACAGCT,CD4+ T cells
E2L2_CAATGACGTACAAGTA,Megakaryocytes
E2L4_GTTCATTCACGCAGTC,CD8+ T cells
E2L3_TGGTACATCTCCCAAC,CD4+ T cells
L3_AAGATAGTCAGACCCG,CD8+ T cells
E2L4_AGAACCTCAAGGATGC,CD8+ T cells
L1_ATGGTTGAGTTTGTCG,B cells
E2L4_ACATCCCAGTAACAGT,CD14+ Monocytes
L1_GGAGGATCATTACGGT,CD16+ Monocytes
L4_CAGCAATGTGGATCGA,B cells
E2L1_TCACTATAGCTAGCCC,Dendritic cells
L2_AGGGCCTTCAAGCTTG,NK cells
L4_GCCGATGAGCCTATTG,CD4+ T cells
L2_TCCTCGACACGGTGCT,NK cells
L5_AGCCAATGTTACAGCT,NK cells
L1_GTAAGTCCATCAGTGT,Proliferating cells
E2L5_AACAACCCACTCTAGA,CD4+ T cells
L3_CGTTAGAGTATAATGG,CD8+ T cells
L3_GGTAGAGGTAGGGTAC,CD4+ T cells
E2L6_CATTGAGTCGGACGTC,Dendritic cells
E2L8_ATGCATGGTCTGATCA,T cells
L4_TTAATCCAGTAGGATT,B cells
L3_TAGTGCAAGGCAGGTT,NK cells
L1_ATTCAGGTCGACTCCT,CD8+ T cells
E2L6_GACTCAAAGGTAACTA,CD8+ T cells
L3_CGTGATACAACATCGT,T cells
L5_ATCGTCCGTCGTAATC,CD8+ T cells
E2L6_GCTTTCGGTACAAGTA,B cells
E2L6_GTACAGTGTGGACTAG,CD14+ Monocytes
L2_GAAGGACCACGCACCA,Proliferating cells
E2L3_ATGGATCTCATGCGGC,Plasmacytoid dendritic cells
E2L5_CGCATGGCAGCTACCG,CD4+ T cells
E2L5_TCGATTTTCCAACCGG,CD8+ T cells
L1_TTGTGGATCGAGAAAT,CD4+ T cells
L3_GCCGATGCATGTGGCC,CD16+ Monocytes
L4_TCTAACTAGACGATAT,CD4+ T cells
E2L2_CACTGTCGTCAAGCGA,CD4+ T cells
E2L3_CGCATGGAGATGGGCT,CD4+ T cells
L5_AGGTGTTAGACCAGAC,B cells
E2L1_TAAGTCGAGCTTTCTT,Plasma cells
E2L3_TCCCACAAGTGAGCCA,Megakaryocytes
E2L7_TGGGATTGTTCGGCGT,CD4+ T cells
L5_TCCCATGGTTGGAGAC,CD8+ T cells
E2L2_AACCACACAGGCGATA,Proliferating cells
E2L6_ACCTGTCAGTGCGCTC,T cells
L4_TGAATCGCATCTAACG,Plasmacytoid dendritic cells
L4_ACAGGGAAGGCTGTAG,CD14+ Monocytes
L4_TCTCACGCACTGGCGT,CD14+ Monocytes
E2L1_GTACAACCAGTAACCT,CD14+ Monocytes
L5_GCCAGTGTCGGTAGAG,CD8+ T cells
E2L2_CTGTGAATCCGGTTCT,Proliferating cells
L4_TTACCGCTCGTAGGGA,Plasmacytoid dendritic cells
L4_ATCGGCGAGCCAAGCA,CD4+ T cells
E2L6_ACTGTCCGTTATGACC,CD4+ T cells
L2_TGAATGCGTCAAAGCG,CD4+ T cells
L3_GGGCCATGTTGTCATG,CD4+ T cells
L5_AACAGGGTCGATTCCC,CD8+ T cells
L3_ACACCAATCATTGTTC,Proliferating cells
E2L5_TGGAACTCAGCTCGGT,CD8+ T cells
E2L1_AGCGCCATCTTCGATT,CD8+ T cells
E2L2_GCTACCTCAAGTGGAC,CD4+ T cells
E2L7_AAACCCAAGTGGATTA,CD8+ T cells
E2L1_GGAATGGCACTAGTAC,Plasma cells
E2L2_AACAGGGCAGGCGAAT,NK cells
L2_CATGGTATCAGCTGAT,Proliferating cells
E2L3_TCATCCGGTAATACCC,B cells
E2L2_AAACGCTGTGATTAGA,CD4+ T cells
E2L8_TGTTACTGTTGTACGT,NK cells
L1_CGTTGGGTCGACCAAT,CD16+ Monocytes
E2L5_CGTGATATCAAGAGTA,B cells
L5_GATAGCTAGCAGCAGT,CD16+ Monocytes
E2L4_ACCTACCTCCGAGGCT,B cells
E2L8_ATCCTATCACGGATCC,B cells
L3_TTCCGTGAGACCACGA,CD4+ T cells
E2L7_GTTGCGGAGAGTCAAT,Megakaryocytes
L1_TCCATCGCACACCGCA,CD4+ T cells
L3_TCGGTCTGTATATGGA,CD8+ T cells
L3_TTTATGCGTGCCCACA,Plasma cells
E2L1_ATGATCGCAACTGAAA,CD16+ Monocytes
L2_TCCAGAATCTGTAACG,CD4+ T cells
E2L8_CCCTAACGTCTTAGTG,B cells
L3_CCTGCATTCCGTGGCA,Plasma cells
L3_AGGTAGGCAGTAGTTC,CD4+ T cells
E2L8_TGGATGTTCCACGTCT,Plasma cells
E2L1_AAGTGAAAGCACCGAA,Plasma cells
E2L3_CACTGAATCCGCGATG,B cells
L2_TAGAGTCCATGCAGCC,B cells
L5_TGTTGGATCGGTCGAC,CD4+ T cells
E2L7_TGGATGTCAGGCCCTA,CD8+ T cells
E2L7_GCTTCACGTACAACGG,CD4+ T cells
L4_TCAAGCAGTTCCCAAA,Hematopoietic stem and progenitor cells
L4_CAGGTATCACGGTGCT,CD8+ T cells
E2L5_ATCGGATCACAGCTTA,B cells
E2L8_AAGCGAGCAAATTGGA,CD8+ T cells
L3_ATCGTGATCTGCGTCT,Hematopoietic stem and progenitor cells
L4_TCTCCGAAGAGCCCAA,CD4+ T cells
E2L3_GGGCGTTCATATAGCC,CD16+ Monocytes
L1_GCTTGGGTCACAGTGT,NK cells
E2L4_AGGTCATTCGGCTTGG,CD8+ T cells
E2L1_GTTCCGTTCCCGTTCA,CD4+ T cells
E2L3_AATTCCTAGGTCGTGA,CD4+ T cells
L2_TGTGTGAGTGAACCGA,CD4+ T cells
L3_AGAAGCGGTCGTACTA,B cells
E2L4_TGTTACTGTGCCTTTC,Proliferating cells
L2_CATCCCAAGGTAAACT,CD8+ T cells
E2L3_GTGCTGGTCATCGCCT,CD4+ T cells
L4_CAATGACAGTTGCCCG,CD4+ T cells
E2L3_TGATGCAAGTAGGCCA,B cells
E2L2_GTGCTTCTCCGTGACG,Dendritic cells
L5_TATCTGTTCACACCCT,CD4+ T cells
E2L3_TGAGTCAAGACTTCCA,NK cells
E2L8_TAAGCACAGAGCATCG,NK cells
L5_AGGAAATGTTTAGAGA,Hematopoietic stem and progenitor cells
E2L1_GTTACCCGTTTCCAAG,Plasmacytoid dendritic cells
L4_CAGCGTGGTTAGGACG,CD4+ T cells
L4_CTAGGTAAGCGCAATG,CD4+ T cells
L4_ATCACAGAGGCATCTT,CD4+ T cells
E2L4_GATCATGCAGTTCTAG,Proliferating cells
L3_TCTACCGAGTGTTGAA,CD14+ Monocytes
L2_AGGTTACCAGGGATAC,CD4+ T cells
E2L8_ATGGATCCAATAACGA,CD16+ Monocytes
E2L3_CGAGGCTCAGATTAAG,Plasmacytoid dendritic cells
E2L6_ACGTAGTAGGTGATCG,CD16+ Monocytes
L2_TCCTGCAAGCACTTTG,CD4+ T cells
L1_TACTTCAAGAGGTCGT,Plasmacytoid dendritic cells
E2L5_GCAGGCTGTTCTGAGT,T cells
E2L2_ATTCCATGTATCTCTT,B cells
E2L7_CTGAGGCCATAACTCG,CD8+ T cells
E2L4_CTCATCGCAGAGTTGG,NK cells
E2L5_TACTTCACAAAGAGTT,Plasmacytoid dendritic cells
L1_TAGATCGAGGCGTTGA,CD4+ T cells
E2L6_TAGGTACGTGGTAACG,CD4+ T cells
E2L6_CACGTGGCAGAGGTAC,CD16+ Monocytes
L4_ACAAAGAGTGCACATT,CD8+ T cells
E2L5_ACCACAATCAATGCAC,CD4+ T cells
L4_CATGGTATCAATGCAC,Proliferating cells
L2_CTAGGTACAAGGTCGA,B cells
L4_GCGATCGTCCGTGTGG,Dendritic cells
L4_GATTTCTTCAGCTAGT,Hematopoietic stem and progenitor cells
L3_TACTGCCGTTCACGAT,CD16+ Monocytes
E2L1_CATCCCATCCGCACGA,Dendritic cells
E2L5_GCCGTGACAGTCAGTT,Proliferating cells
E2L5_TTTCAGTCAATAACCC,CD4+ T cells
L5_AGGAGGTCATCCTTCG,Dendritic cells
L4_TGGTGATGTCACTAGT,CD4+ T cells
L3_GGGACCTAGTCAACAA,Plasmacytoid dendritic cells
E2L3_ACTGATGTCGTAGTCA,Megakaryocytes
E2L7_GTTACCCAGCCTAACT,B cells
E2L2_GGTCTGGGTGCATTAC,CD4+ T cells
L1_ATATCCTCATGCCATA,CD4+ T cells
L2_GGCTTTCCATGGCGCT,CD8+ T cells
L5_TGTGAGTAGTACAGAT,CD8+ T cells
L4_GCAGCCATCCTGGCTT,CD4+ T cells
L3_TACAACGCATGCCATA,Plasmacytoid dendritic cells
E2L4_TTCCAATAGGTAAGGA,Proliferating cells
E2L7_TTGGATGCAATGTCTG,CD4+ T cells
E2L4_AGCCAATCAAACTAAG,CD4+ T cells
E2L8_GTGTGATAGTATGCAA,B cells
L1_AGGACTTGTCCTGTTC,CD8+ T cells
L2_TGGAACTGTTGTCTAG,CD4+ T cells
E2L5_ATCGATGGTTCCTTGC,Dendritic cells
E2L1_GATGTTGTCTCCGTGT,Proliferating cells
E2L3_AGCCAGCCAGCACAAG,Plasmacytoid dendritic cells
L4_GATAGAAGTACAAACA,CD8+ T cells
E2L5_TTAGGCATCTTCGTAT,Proliferating cells
E2L6_ATCACAGTCAATGTCG,Proliferating cells
E2L2_ACCCAAACATTGTAGC,Dendritic cells
E2L3_CTGTAGAGTTTCGACA,Hematopoietic stem and progenitor cells
E2L2_TCCATCGCAAACTCTG,CD8+ T cells
L2_GAGGCAAAGTGGTCAG,Dendritic cells
E2L6_GCAGCCATCGTGGGTC,Plasmacytoid dendritic cells
L2_TTAGGGTCACTCTAGA,CD14+ Monocytes
E2L5_CTAGGTACAAGTAGTA,NK cells
E2L2_ACAGCCGAGGACCCAA,CD8+ T cells
L3_TCCGGGATCCTCTAGC,CD4+ T cells
E2L3_TGTAGACGTACCAGAG,Proliferating cells
L1_GAGGCAAAGGTCTGGA,CD4+ T cells
E2L4_AACAAAGCATAGGTTC,CD4+ T cells
L1_CAGATTGAGAAACTCA,CD4+ T cells
E2L4_TGACCCTCAGCGACAA,Proliferating cells
E2L1_GTGTTAGAGTTACGAA,B cells
L1_GGTCTGGTCACTCACC,Proliferating cells
E2L6_ACGGGTCCATACGCAT,Megakaryocytes
L3_TACTTGTAGTCACTCA,CD4+ T cells
E2L8_GTAGGTTTCAGTGGGA,Dendritic cells
L2_TTGTTTGAGTAATCCC,NK cells
L4_TTTGTTGTCGAATGCT,CD4+ T cells
E2L8_TCCTCCCAGAGCCATG,CD16+ Monocytes
E2L1_GCCGATGGTCAGTCTA,Proliferating cells
E2L6_TGACGCGAGCAGTCTT,T cells
E2L6_TTTAGTCGTCAGTCCG,CD8+ T cells
E2L1_CCTACGTCAGCGTATT,NK cells
L5_ATTCTTGAGAGAATCT,CD4+ T cells
E2L4_CCACGAGAGACGCAGT,NK cells
E2L6_CCGTGAGAGCTTACGT,Plasmacytoid dendritic cells
E2L2_TGGTACACATAGACTC,CD14+ Monocytes
E2L4_GGTGATTAGGGAGGCA,Dendritic cells
E2L3_GTTACAGCACAGCTGC,CD8+ T cells
E2L5_TTCCAATAGAGGGTCT,CD14+ Monocytes
E2L1_TCTGTCGTCCTACCAC,CD4+ T cells
L4_GTAACCACATTCGGGC,CD4+ T cells
E2L7_GTACAGTAGAGGTCAC,CD4+ T cells
L1_GTAATCGAGTCAATCC,CD4+ T cells
E2L5_TTTGGTTTCGAACCTA,Plasmacytoid dendritic cells
L2_TTACCGCCATAACTCG,CD8+ T cells
E2L2_TCGTAGAAGATACATG,Plasmacytoid dendritic cells
L5_CACATGATCTGACGCG,CD8+ T cells
E2L5_CCTCCAAGTTGATGTC,T cells
E2L5_GTGGAAGTCTCGTGAA,CD8+ T cells
L5_TCCTAATCACCTTCCA,CD4+ T cells
E2L8_TCAATCTCACACCTTC,B cells
L2_TCAGTGAAGTGAACAT,Hematopoietic stem and progenitor cells
E2L6_CGATCGGGTAACATAG,CD4+ T cells
L4_TGGAGAGAGCACGTCC,CD4+ T cells
L3_TGCAGATCAGCCTACG,Dendritic cells
L5_GTGGTTAGTACAGCGA,CD8+ T cells
E2L4_ACCTGAAAGGACTATA,CD4+ T cells
L1_AAACGAAAGTTGAATG,CD8+ T cells
L5_CAGAGCCCACGAGGTA,CD14+ Monocytes
E2L5_CATTCATAGATGCGAC,Dendritic cells
E2L6_ACTTCCGGTCTTAGTG,Dendritic cells
L2_TATTGCTGTGTTCGAT,Plasma cells
E2L7_TAGCACACATTACGGT,CD8+ T cells
L5_GACCCAGTCACTGTTT,CD4+ T cells
L5_CGAATTGGTTTGTGGT,Proliferating cells
E2L5_CATGCGGGTTTAGTCG,CD8+ T cells
E2L7_GCATTAGTCGCAGTCG,Plasmacytoid dendritic cells
L1_CTTGATTAGGAAGTAG,CD4+ T cells
L5_CATCCCAGTCATGGCC,Hematopoietic stem and progenitor cells
L5_AAAGGGCGTCACTTCC,CD8+ T cells
L4_CTACCTGTCATTCACT,CD4+ T cells
L5_CTGTGGGCACTGCACG,Proliferating cells
E2L8_CATACCCCATCCTAAG,CD4+ T cells
L4_TTTGTTGTCGTCCATC,CD8+ T cells
L3_TGGAGGAGTTCTCTAT,CD16+ Monocytes
E2L8_ACTTTCATCTCGTGGG,CD4+ T cells
E2L8_TGTGTGAAGACCAGAC,B cells
E2L3_AGTCAACTCGGTCGGT,Dendritic cells
E2L1_AAGACTCTCGCTAGCG,CD8+ T cells
E2L1_CATGAGTAGCTTTGTG,B cells
L3_TTTACGTTCAAGGAGC,CD16+ Monocytes
E2L3_GGTGAAGAGGACACTG,CD4+ T cells
E2L1_CTTGAGATCCGGCAGT,CD14+ Monocytes
L1_GCCGTGAGTCGAGTGA,CD4+ T cells
L1_GGCTTTCTCCTCACGT,CD16+ Monocytes
L3_GAAACCTAGATGTTGA,Plasmacytoid dendritic cells
L4_AGTCATGCAAGGGCAT,CD4+ T cells
E2L3_TGGTTAGCATTGCTTT,CD8+ T cells
E2L3_GTTGTCCCAGTGCCTG,CD4+ T cells
E2L8_CAATACGCACGGTGCT,CD8+ T cells
E2L5_GCATCTCAGGAACGCT,Megakaryocytes
E2L6_CTCTGGTAGACGTCGA,CD14+ Monocytes
E2L3_TTGATGGGTATGCGGA,CD4+ T cells
L5_TCGAAGTTCTATCGTT,Dendritic cells
E2L8_TCGCACTTCCGCTGTT,CD8+ T cells
E2L1_AGGGTTTTCCGCGGAT,CD8+ T cells
E2L2_GGGTTTACACATGTTG,CD16+ Monocytes
E2L4_GCAGCCAAGACATGCG,Dendritic cells
L4_GCCAGGTGTTTACGTG,CD8+ T cells
E2L1_ACACTGAAGTCATAGA,CD8+ T cells
E2L5_TGTAGACGTACAAACA,NK cells
E2L6_AAACCCATCAACTGGT,CD4+ T cells
L1_ATTCATCAGCCTGACC,CD4+ T cells
E2L4_TTACTGTTCTACTGCC,Plasma cells
L3_ACGGTTATCAAGCCCG,Hematopoietic stem and progenitor cells
E2L5_GTCTTTATCCTGGGTG,B cells
L1_CAGGGCTGTCTTCGAA,Proliferating cells
E2L4_CAACAACGTCCCTGTT,CD8+ T cells
L5_AATCACGAGAGCCCAA,Plasma cells
L1_AGATCGTGTGTCTTCC,CD4+ T cells
E2L8_AATCGACCAACGGCCT,NK cells
E2L4_ACTGTCCGTCACCACG,CD4+ T cells
L5_CTGAGCGAGGTGCAGT,CD4+ T cells
L4_TATCTTGGTTACACTG,CD4+ T cells
L3_TACAGGTGTAGTTACC,NK cells
E2L7_CGGGTCATCGTACACA,CD4+ T cells
L4_ATTCATCTCCCATACC,Dendritic cells
E2L6_ATTCACTGTTAAACAG,B cells
E2L8_AAGTTCGAGGATTTAG,CD4+ T cells
L1_CGATGGCAGACCAACG,CD8+ T cells
E2L4_TGAGGTTTCAAGTAAG,CD14+ Monocytes
E2L6_CCTCAACTCGACGTCG,CD8+ T cells
L4_CTGTCGTCAAGAAACT,CD8+ T cells
L4_CATTCATAGTGATGGC,CD4+ T cells
L1_GATCCCTGTTAAGGAT,CD8+ T cells
E2L2_CAGCAGCAGTAGGGTC,CD8+ T cells
L4_CCGGACACACCTCTAC,CD14+ Monocytes
L2_TTGGTTTGTTCAGCGC,Plasma cells
L1_TGTGGCGTCCACACCT,Plasmacytoid dendritic cells
L5_ATCACTTCAGAACCGA,CD4+ T cells
E2L8_AGGGCTCGTGTCATCA,B cells
E2L3_TTCTAGTTCAAGATAG,NK cells
E2L5_CATTGAGGTAGCTTGT,CD4+ T cells
L3_AAAGGGCTCGCTGTTC,CD16+ Monocytes
L1_AAGAACATCAAAGCCT,Hematopoietic stem and progenitor cells
E2L5_CATGCCTGTCGTATGT,Proliferating cells
E2L3_CTTAGGATCCCTTTGG,Hematopoietic stem and progenitor cells
L3_TCCACGTAGGTCACCC,CD8+ T cells
E2L5_GCCAGTGTCACCTGTC,Plasmacytoid dendritic cells
E2L1_ATGACCAGTAGTATAG,Plasma cells
E2L1_TAAGCACGTAGTATAG,CD8+ T cells
E2L6_TTTACCAGTTGAAGTA,Megakaryocytes
L2_GGGACTCTCGGCCCAA,CD16+ Monocytes
L1_GGCTGTGCAACTGTGT,CD4+ T cells
E2L2_GGGAGTAAGAGAGAAC,Plasmacytoid dendritic cells
E2L4_AGCCACGCAATGTGGG,CD4+ T cells
L2_CTATAGGCATGCGGTC,CD8+ T cells
E2L1_AGTAGTCCAGTTCTAG,CD8+ T cells
E2L6_TGTTGGACAGAAATCA,CD8+ T cells
L3_AGGGCTCCAAAGCAAT,NK cells
L3_TCTGCCATCCACCTGT,CD4+ T cells
E2L3_TGCATCCCACGACAGA,CD4+ T cells
E2L3_TCAGTCCGTGCTGATT,T cells
E2L4_TGTTCATAGCAACAAT,CD4+ T cells
L4_GGGCGTTAGCGGGTTA,CD4+ T cells
L1_TGGTAGTAGGGTTAAT,CD4+ T cells
E2L2_TGCCGAGAGAATACAC,CD4+ T cells
E2L8_TACGTCCCAATCTCGA,B cells
L1_TGGATGTAGACGGAAA,Hematopoietic stem and progenitor cells
E2L4_CTCTCAGGTGACTGAG,Proliferating cells
E2L8_TTCTAGTTCACGGTCG,CD8+ T cells
E2L6_GTCACTCCAAGCTACT,CD14+ Monocytes
E2L5_TCATACTGTTCGTTCC,CD4+ T cells
L2_ACTTAGGAGTAAACGT,Dendritic cells
E2L8_CATTGAGTCTCTATGT,CD4+ T cells
E2L3_GGTGTCGGTATCAAGA,CD14+ Monocytes
E2L1_ATCTTCAAGTGGGAAA,Plasmacytoid dendritic cells
E2L8_TGAGGAGCATCTCCCA,NK cells
E2L4_ATGGTTGAGCCTCCAG,B cells
E2L4_TTTCCTCGTGGCAACA,CD4+ T cells
L2_GAAGCGACAGAATCGG,CD8+ T cells
E2L4_CTGTGGGGTCACTTAG,B cells
E2L4_CATGCGGGTATAATGG,CD14+ Monocytes
E2L6_TGTTCATGTCGTAATC,CD8+ T cells
E2L4_CATTCCGAGATGGCGT,Proliferating cells
L1_ATTGTTCGTCTCAGAT,CD14+ Monocytes
E2L5_TGCGGGTGTACACGTT,NK cells
L3_TGACAGTCAGCGTGAA,B cells
L2_GTAAGTCAGCGCAATG,CD4+ T cells
E2L1_AAGACAACACGATAGG,B cells
L4_GTAGGAGAGTGCTCGC,B cells
E2L5_AGGACGATCCATAGGT,Proliferating cells
L3_CACACAACAGCAGACA,CD8+ T cells
L1_CGGAGAAAGCAAACAT,CD4+ T cells
E2L1_TGTTCCGGTATCTTCT,CD8+ T cells
L1_ATCCATTTCTCGGTCT,Plasma cells
E2L6_TTGCTGCAGCACCGAA,B cells
E2L8_ATTCTTGCAAGGCGTA,CD8+ T cells
E2L7_GAAGCGAGTACGTTCA,CD4+ T cells
L3_CCGTTCAAGCGTTACT,CD4+ T cells
L1_CTGTAGAGTGGCAGAT,CD4+ T cells
L2_AGAGAGCCACGAGGAT,CD14+ Monocytes
L1_CAATGACGTCCTCAGG,CD4+ T cells
L4_TTCCAATTCAGGTGTT,NK cells
E2L3_TCCACGTCACTAGGCC,Dendritic cells
L1_AGAGCCCAGGCCATAG,CD4+ T cells
E2L7_GGGTCACAGTAAGGGA,NK cells
E2L8_CCTGCATAGACTCGAG,CD4+ T cells
L4_CGGGTGTAGGTCGTAG,CD4+ T cells
E2L6_CACTTCGTCGTGTTCC,Dendritic cells
L5_TGTACAGTCTGGCCGA,CD4+ T cells
L5_GACACGCGTCCCTGTT,CD8+ T cells
L2_GTAGGTTAGCGGACAT,B cells
E2L3_GCCATGGAGAGGTTTA,CD8+ T cells
E2L8_GATTCGACATTGCAAC,B cells
E2L1_TTAATCCTCTACACAG,CD16+ Monocytes
L4_CCTCATGTCTCGGTCT,CD4+ T cells
E2L7_CTCCTCCGTCGTTTCC,Plasma cells
E2L6_TGTAACGCAGACTCTA,CD4+ T cells
E2L6_CCACTTGGTAACGGTG,CD4+ T cells
L4_TGCAGATAGACCATAA,CD14+ Monocytes
E2L4_CATCGCTCAATAGGGC,CD4+ T cells
E2L5_TGCCGAGAGGTCACCC,B cells
L1_ACCGTTCAGATGCTAA,Proliferating cells
E2L2_CCGAACGGTTTCACTT,CD4+ T cells
E2L8_CAACAGTCAGGATTCT,Dendritic cells
E2L7_TCTCACGGTCTTACTT,CD4+ T cells
L5_GCACGGTTCATTCACT,CD4+ T cells
E2L8_GTGGAAGCAGTTTCGA,CD16+ Monocytes
E2L3_TCCCACAGTGAGTAGC,CD8+ T cells
E2L5_ACAGCCGCACCCTCTA,CD4+ T cells
L5_ATCGTGAGTTGGCCGT,B cells
E2L7_GGGTTTACATATAGCC,CD4+ T cells
L1_GAATCGTCATACTGTG,Hematopoietic stem and progenitor cells
E2L1_AGAAATGGTCTAGATC,Plasmacytoid dendritic cells
E2L1_AGCCACGCATCCGTGG,B cells
E2L6_TCCTCCCAGCAGTCTT,CD8+ T cells
E2L8_AACCCAACACCAGCCA,B cells
E2L1_ACTTAGGAGGGTACGT,Proliferating cells
L5_AAAGTCCTCACGGGCT,CD4+ T cells
E2L1_TCACGGGGTCGAGCTC,CD16+ Monocytes
E2L5_GACGTTACAGCGGTTC,Proliferating cells
E2L1_GTGAGCCCAAGTCCAT,B cells
E2L8_ACGTAGTCAAAGGCGT,CD8+ T cells
L5_TTGGATGGTTAAAGTG,CD4+ T cells
E2L3_AGCCAATCACCTCTAC,Proliferating cells
E2L1_AGGGCTCGTGGGAGAG,B cells
L5_CGAAGTTAGGGAGGCA,CD4+ T cells
L5_GGTGAAGTCGACACCG,NK cells
E2L8_AGTTCCCCAATTTCTC,Plasmacytoid dendritic cells
E2L4_TGAGTCAGTAAGATTG,NK cells
E2L7_GCACGGTTCCGCGGAT,Plasma cells
L4_GACTTCCAGGGTGGGA,Hematopoietic stem and progenitor cells
E2L1_AACAACCTCGCGCTGA,CD8+ T cells
E2L2_GAAGAATGTAATACCC,CD14+ Monocytes
L5_TCCGTGTCAATGTCTG,B cells
L3_CTACCTGGTACCTTCC,B cells
E2L4_GTAGGAGGTCGTGGAA,B cells
L1_CTGAATGAGTCTAACC,CD4+ T cells
E2L6_CAGATACTCGCCTAGG,Plasmacytoid dendritic cells
L1_TCGCACTAGCAATTCC,CD8+ T cells
E2L6_TCTTCCTCAGACTCTA,B cells
L3_TATCAGGCAAGCTACT,CD4+ T cells
E2L6_CAAGCTACAACGATTC,Megakaryocytes
E2L7_ATCACGACATGCCGCA,CD8+ T cells
L2_TCCCACACACAAAGCG,CD4+ T cells
E2L7_ATGAGTCAGCTTAGTC,B cells
L3_TCATCCGCACAGTCCG,CD4+ T cells
L1_GTCACTCAGGACGCTA,CD4+ T cells
L3_AGCTACAGTCAACGCC,CD4+ T cells
E2L5_TGAGCATCAGATGCGA,NK cells
L5_AACAGGGCACCTTCGT,CD4+ T cells
E2L2_ATATCCTCAACGTAAA,CD8+ T cells
E2L8_TTACTGTCAGTGTACT,T cells
L4_ACATCCCGTTCATCGA,Plasmacytoid dendritic cells
E2L3_GCCAACGCATCTAGAC,CD8+ T cells
E2L5_CAGAGCCAGAAGCGAA,Plasma cells
E2L7_AAAGAACAGCATTGTC,CD8+ T cells
L4_TGGGTTACAGCTGGTC,CD4+ T cells
E2L5_GCTACAAAGGGAGTGG,Megakaryocytes
L2_AGCGCTGGTGTCCAAT,CD4+ T cells
L4_GAGTGAGTCCTTGGAA,Hematopoietic stem and progenitor cells
E2L4_TTTATGCGTACAGGTG,CD4+ T cells
L2_TCAGGGCCACGTACTA,CD4+ T cells
L4_TGCTGAATCGACCTAA,CD8+ T cells
L1_GTAACCAGTGCCGTTG,CD16+ Monocytes
L1_CGGGTGTCATCGAGCC,CD8+ T cells
E2L5_TACGTCCCAGGTTACT,NK cells
L4_GCACTAAAGGGTTGCA,CD4+ T cells
L2_TCGAACAGTATCGTGT,CD4+ T cells
E2L3_CTGTCGTAGCTTGTTG,NK cells
L3_GTAGGAGAGTGTTCCA,CD8+ T cells
L1_TGCGACGTCCATCTAT,CD8+ T cells
E2L5_TGTGATGAGCATGAAT,CD8+ T cells
E2L2_ATGTCCCGTGGCATCC,CD4+ T cells
E2L3_ATTACCTTCAAAGAAC,CD8+ T cells
L5_CCACTTGGTGAGATTA,CD4+ T cells
E2L8_AATTCCTAGTGCCGAA,CD4+ T cells
E2L2_TCGGGTGGTGACAGGT,B cells
E2L2_ATATCCTAGCAATTCC,CD8+ T cells
L3_GAGGCCTAGCCGATAG,CD16+ Monocytes
E2L2_TAATTCCAGAAATGGG,B cells
E2L1_TTTCCTCAGTATGAAC,CD14+ Monocytes
L3_AACCAACGTAGGACCA,Hematopoietic stem and progenitor cells
E2L2_GTCACGGGTCGGTACC,NK cells
E2L3_ATTCCCGCAGGTTCCG,B cells
L1_CTCAGTCCATCCGAAT,NK cells
E2L8_CCAATTTAGGATACGC,B cells
L2_GGTGTTATCCCGTTGT,Proliferating cells
L3_GGGAGTAAGGTAGGCT,Dendritic cells
E2L7_AGGAGGTCAATCCTAG,CD4+ T cells
E2L5_TCACTATTCACCTCGT,B cells
L2_GATTCGAAGATACAGT,CD16+ Monocytes
L3_CACGTGGCAGTCGCTG,Dendritic cells
E2L6_GCTCAAAAGCATGCGA,CD8+ T cells
L4_CTTCTCTAGCACGATG,CD4+ T cells
E2L8_GCCATTCCAGAGCTAG,NK cells
E2L3_GTGCTTCGTCAAGTTC,NK cells
E2L1_AGGGCCTTCCGTTTCG,CD4+ T cells
E2L2_GCAGTTAGTAGTGCGA,Plasmacytoid dendritic cells
L2_GACTCTCTCATCGTAG,CD8+ T cells
E2L2_TTCTGTAAGCCTCAAT,CD4+ T cells
E2L4_TCCACGTCACCAAATC,CD4+ T cells
E2L7_AATGAAGCAGATCCTA,B cells
L4_CCTTGTGCAGATAAAC,CD4+ T cells
L4_TATCAGGAGATCACCT,B cells
E2L6_TGCGGCACATGCAGGA,Plasma cells
E2L1_GGGATGACAGTTACCA,CD8+ T cells
E2L4_AGAACCTCACACACGC,CD8+ T cells
L2_GGATCTAGTGTATACC,NK cells
E2L2_CAATCGAGTTGGGTAG,Plasmacytoid dendritic cells
E2L4_TGTTGGACACTATCGA,CD8+ T cells
L2_TACGCTCAGGACACTG,CD8+ T cells
E2L2_TTGCCTGTCCACCTGT,CD8+ T cells
L1_TACTTGTCAGACCTAT,CD4+ T cells
L1_GGAAGTGTCCGCGATG,T cells
L5_GGGTCACAGCGACTGA,CD8+ T cells
E2L7_GTGCGTGTCTCCAAGA,Dendritic cells
L3_TTGAGTGCACACACGC,CD4+ T cells
E2L5_CTTCAATCACCTCTAC,CD4+ T cells
L1_CGGGCATAGACTCAAA,NK cells
E2L5_AAGGAATCACATATGC,CD14+ Monocytes
L4_ATGACCACAACGAGGT,CD4+ T cells
L1_AGTGATCAGCTGAAAT,CD8+ T cells
E2L5_AATTCCTTCGCTAATG,CD8+ T cells
E2L1_GATTTCTAGTTCCGGC,Proliferating cells
E2L6_CATGGATCAACTTGCA,CD4+ T cells
L4_AAGCATCTCGTTCAGA,CD4+ T cells
E2L5_CATACCCTCCGTCACT,NK cells
L4_CACTGGGGTTTCGGCG,CD8+ T cells
L3_GGTTCTCCAAGCTACT,Dendritic cells
L4_CCAAGCGTCCCGAGAC,CD4+ T cells
E2L2_GCAGGCTGTGTACAGG,CD4+ T cells
E2L5_CACCAAAAGATTCGAA,NK cells
E2L2_TCCGATCGTTTGTGGT,Megakaryocytes
E2L4_TCGACGGTCGCCAATA,Plasmacytoid dendritic cells
E2L7_GATTGGTCAATACCTG,CD4+ T cells
L1_ACACTGATCTGCATGA,CD4+ T cells
L1_GTGTGATTCTAAGGAA,Hematopoietic stem and progenitor cells
E2L4_CTCCTTTTCACGTCCT,Dendritic cells
E2L3_AAAGTGATCTCGGTCT,CD14+ Monocytes
L1_TGTAGACCATTGAAAG,CD4+ T cells
L5_TGTGATGAGTCACAGG,B cells
E2L1_TGGGTTACACAAGGTG,CD4+ T cells
E2L4_GTGGTTAAGAGAGTTT,CD8+ T cells
E2L4_CATGCAATCACTCACC,CD8+ T cells
L5_CGCCAGACAGATTTCG,CD8+ T cells
E2L2_TCTTGCGGTGACATCT,CD14+ Monocytes
E2L6_AGGTTGTTCGCCTAGG,CD8+ T cells
L2_AACAAAGTCGCCAATA,CD4+ T cells
E2L6_ATCGATGCACGTGAGA,CD8+ T cells
L4_TCTAACTGTGATTCTG,CD8+ T cells
L1_GGGACAATCGTGAGAG,CD8+ T cells
E2L4_TGTCCCATCGAATCCA,CD4+ T cells
E2L7_ATCGCCTGTTAAGTCC,NK cells
L4_GAGATGGGTCTTAGTG,CD4+ T cells
L1_GATAGAATCGTAATGC,CD4+ T cells
E2L3_GTAGAAAGTCGTCAGC,NK cells
E2L4_CACGGGTGTACTAGCT,CD4+ T cells
E2L1_CACATGAGTGCTTATG,Proliferating cells
E2L2_TTGCGTCTCCGGTAAT,CD4+ T cells
E2L4_AATAGAGTCTGGTTGA,Proliferating cells
E2L7_GTTACAGCATGCCGAC,Proliferating cells
L5_GTCTGTCAGGCGTTAG,Plasma cells
E2L1_GAGACTTAGCCATCCG,CD16+ Monocytes
E2L6_GAGACCCTCGGCTTGG,Dendritic cells
L1_GTGATGTAGGTCATTC,Hematopoietic stem and progenitor cells
E2L1_TACACCCAGCAGCGAT,CD8+ T cells
E2L7_AACACACCATGAGGGT,CD8+ T cells
E2L8_GTAGTACCACTGTTCC,CD16+ Monocytes
L2_CCGAACGGTACCTAAC,CD4+ T cells
L4_AGGCTGCGTAGGATAT,Dendritic cells
L4_TCGGATATCCCATAAG,CD8+ T cells
L1_TTCTCTCGTGAGCAGT,CD4+ T cells
E2L1_CATGGTAGTTTCGTGA,CD8+ T cells
E2L6_TACGGTAAGAAATTGC,B cells
E2L2_TGTTACTGTCCACGCA,CD8+ T cells
E2L8_CAAGCTAGTTATGACC,Megakaryocytes
E2L8_TTGAACGAGTTGGCGA,Dendritic cells
L5_GTCTACCTCCAGTTCC,Dendritic cells
L5_CCTGTTGGTACGGGAT,Plasmacytoid dendritic cells
E2L5_CATGGTACATTCAGCA,CD8+ T cells
L1_TTCACCGCATTCATCT,CD4+ T cells
E2L7_AATGCCATCGACGTCG,Plasmacytoid dendritic cells
E2L4_ACTATTCCACTATCCC,CD4+ T cells
E2L3_GTAGCTAGTAAGATAC,CD8+ T cells
E2L5_ATTCTTGTCAATCGGT,NK cells
L4_CGCGTGAAGGGAGGAC,Plasmacytoid dendritic cells
E2L6_GTTGAACCAGTTTCAG,B cells
L3_CAGATTGTCGCAACAT,CD8+ T cells
E2L6_AAAGTGATCCAGGACC,Plasma cells
L2_TTGAACGGTGAGAACC,CD16+ Monocytes
L3_AGACTCAGTGTCTCCT,Hematopoietic stem and progenitor cells
E2L8_TGTGGCGAGGTCTGGA,CD8+ T cells
E2L5_CCGATGGTCGCCGAGT,CD14+ Monocytes
L4_GAGGGTATCCAATCCC,CD4+ T cells
L5_GAGTGAGTCAACCTTT,CD4+ T cells
L3_CTATCTATCAGGACGA,CD8+ T cells
E2L3_CTTACCGAGGAAGTAG,CD16+ Monocytes
L2_AACAAAGGTCACTAGT,CD4+ T cells
E2L1_GGGCTACCAAGCTGTT,B cells
L2_TCAGGTACAAGAAACT,CD4+ T cells
L5_TCCTGCAAGTATCTGC,NK cells
L3_AAAGGGCGTATTCCTT,CD16+ Monocytes
L1_ACTGCAAAGCGCAATG,Hematopoietic stem and progenitor cells
L1_TGTGGCGCATGGCACC,CD4+ T cells
L2_ATCGTAGCACTTGTCC,CD8+ T cells
E2L7_GCTTTCGCAGGCACTC,B cells
E2L5_TTTCATGCACCTCGTT,CD4+ T cells
L1_TTGGGCGAGACTCCGC,CD8+ T cells
E2L5_CGATGCGTCGAACGGA,B cells
E2L3_TCCTAATTCATGCTAG,B cells
L3_CATGAGTCAAGAGGTC,CD8+ T cells
E2L1_GTCTGTCTCGATGCTA,B cells
E2L3_GAGGCAAAGAAAGTCT,Proliferating cells
E2L5_GGGACAAAGAATGTTG,CD14+ Monocytes
E2L5_CTACAGACAGCAAGAC,Plasma cells
E2L1_CTACGGGAGTGCCGAA,NK cells
E2L4_TTGCTGCAGACGGATC,CD4+ T cells
L1_CGGGACTGTAACGTTC,CD4+ T cells
L3_CAGTTAGTCTCCCTAG,CD4+ T cells
L2_ATCGGATCACTAGGCC,NK cells
E2L5_TCAGTTTTCCATAAGC,Dendritic cells
E2L5_AAGATAGTCCCGATCT,CD8+ T cells
E2L1_GATCATGTCCTATTTG,Dendritic cells
L1_TCAGGTACACTGCTTC,CD4+ T cells
L3_TCCGAAACACCGTGGT,CD14+ Monocytes
L3_TCCCAGTAGGACGGAG,Hematopoietic stem and progenitor cells
L5_AAGCGAGGTTTCGGCG,CD8+ T cells
E2L3_CACTGAAAGTAACGTA,Proliferating cells
L4_GCCTGTTTCCGATCTC,T cells
E2L2_TCCTGCATCGCTTACC,CD4+ T cells
L1_AGGTAGGCATCCTAAG,Hematopoietic stem and progenitor cells
L5_GAGGGATGTACCCGCA,CD4+ T cells
E2L5_GCTGAATAGAGTCAGC,Dendritic cells
L3_TTTCCTCCACGAGGTA,NK cells
E2L1_GAGGGTACACTGTTCC,B cells
L3_TGATCTTTCGGCCCAA,CD4+ T cells
L2_CTAACTTTCACCATCC,CD4+ T cells
E2L6_CCTTCAGGTAGCCAGA,Plasmacytoid dendritic cells
E2L7_TAGGAGGTCCAGTGCG,CD4+ T cells
L3_GATCCCTGTTAGGACG,Plasma cells
L5_GATAGAATCACTGATG,CD4+ T cells
E2L1_AACCTGACAAGGTCGA,CD8+ T cells
E2L1_GATTGGTAGATTACCC,CD4+ T cells
L4_CCACGTTGTTGGACTT,CD4+ T cells
L3_ATCGTCCTCTCACGAA,Hematopoietic stem and progenitor cells
L1_CAATACGCAAGACCTT,CD4+ T cells
E2L8_TCTCAGCGTGTCCACG,CD8+ T cells
L2_TACGGTACACCTGCTT,NK cells
E2L4_CCACGAGTCGACGACC,Proliferating cells
L1_AAATGGAGTAAGGTCG,CD8+ T cells
E2L6_GGGATCCAGGTATAGT,Megakaryocytes
E2L7_GTGCTTCTCCGGACGT,B cells
E2L2_TCATCCGCATCATTGG,CD8+ T cells
L4_AGTTCCCCATCCAATG,CD8+ T cells
L5_GGAGGTACAGATTCGT,Hematopoietic stem and progenitor cells
E2L1_GAATCGTTCGAGGCAA,CD8+ T cells
L4_CAACCTCAGTCTAACC,Plasma cells
E2L3_ATCACTTTCAAAGCCT,Plasma cells
E2L3_TCGGGCAGTTCCTTGC,Proliferating cells
L4_TGCAGTATCACTCACC,CD16+ Monocytes
L4_TGGTACAGTGCATGTT,CD4+ T cells
L5_CTGATCCCAGCACGAA,CD4+ T cells
E2L6_GGCAGTCCAACCCTAA,CD4+ T cells
E2L6_CGCGTGACAGTTGTCA,CD4+ T cells
E2L7_GTGTGGCAGGAGACCT,CD16+ Monocytes
L3_CCACTTGCAACCCTCT,Dendritic cells
L1_TGACGCGCAGTAGTTC,CD8+ T cells
L4_TCCACCATCGTAACTG,Dendritic cells
E2L7_CAGATACGTGTGCCTG,B cells
L5_GCAGCTGCAGCGGTCT,CD4+ T cells
L5_TCTTGCGAGACTTCGT,CD8+ T cells
E2L6_GACACGCAGATGACCG,B cells
E2L3_TGATGGTGTGAACTAA,CD14+ Monocytes
L4_TGCGGCAAGACCATTC,Plasma cells
E2L7_AGATCGTGTCCTTAAG,CD8+ T cells
E2L6_CGATGCGGTACTTCCC,CD4+ T cells
E2L4_ACGGAAGGTATTGGCT,B cells
E2L1_CTACATTCAAGATTGA,CD4+ T cells
L5_CAAAGAACACCCTATC,Proliferating cells
L1_GAAATGAAGGCCATAG,CD8+ T cells
L4_GTGTGGCTCGCTTGCT,CD4+ T cells
L5_ATTGGGTGTGGCTACC,CD4+ T cells
E2L5_ACCCTTGCAAGAGAGA,CD8+ T cells
E2L4_CTACCTGCATGCAGCC,Megakaryocytes
L5_CTAGACAAGGGTATAT,CD4+ T cells
E2L8_AGAAGTAAGGCTAACG,B cells
E2L3_AGAAATGGTCCCGGTA,Plasmacytoid dendritic cells
E2L6_ACAAAGACAAGTGATA,CD4+ T cells
E2L5_TCTAACTAGTGCACTT,Proliferating cells
E2L4_AAGCATCGTGAGAACC,Plasmacytoid dendritic cells
E2L3_CGCATAACATAAGCAA,CD14+ Monocytes
L3_CCACCATGTCTTCCGT,Proliferating cells
E2L2_AGATAGAAGTAGCATA,Dendritic cells
L4_AGGTTACAGTCGTCTA,CD4+ T cells
E2L7_TACAGGTTCACCATGA,CD4+ T cells
L2_TTTAGTCGTTACAGCT,CD8+ T cells
E2L4_GGGAGATTCCATCACC,B cells
E2L6_GAGGGATGTCTGCGCA,CD4+ T cells
E2L3_ATGAGGGCAAACCGGA,CD4+ T cells
E2L4_TCCAGAATCGTTTACT,Megakaryocytes
E2L4_GTTTACTTCTCTGAGA,CD4+ T cells
L2_AGTGATCCACGATAGG,CD8+ T cells
E2L4_CCGATCTAGAGTCTTC,CD8+ T cells
L2_TGAATCGCAGCGTGCT,CD4+ T cells
L1_CACCGTTAGTATTAGG,Proliferating cells
E2L5_TCAGCCTTCAAGCCTA,Plasmacytoid dendritic cells
L2_GTACAACGTTATGTCG,CD4+ T cells
L1_TCGGGCAAGCACCGAA,CD4+ T cells
E2L2_TAGTGCAGTAGCTGAG,B cells
E2L3_GTGCTGGCAGGACTAG,Plasmacytoid dendritic cells
L4_TATATCCAGTAGATCA,CD8+ T cells
E2L4_TTGAGTGAGACATAGT,Proliferating cells
L4_TCGCACTAGAGGTCAC,CD4+ T cells
E2L1_GTGTTCCAGCCTCCAG,B cells
L5_TCTAACTTCCGCACGA,CD4+ T cells
L5_ACGATGTAGAATAACC,CD4+ T cells
E2L3_GGAGCAAAGAGACAAG,Dendritic cells
E2L5_CAGGCCACATAACGGG,Plasmacytoid dendritic cells
E2L6_TAGACCATCAGTCATG,NK cells
E2L4_ATTCGTTAGGTGCATG,Proliferating cells
E2L8_CTATCTACATGGGATG,CD4+ T cells
E2L7_ATGGGAGTCACATCAG,CD14+ Monocytes
E2L2_TAAGCACAGCTTCTAG,Plasma cells
E2L2_CTGCCATGTTGCATGT,CD8+ T cells
E2L4_TCACTCGCAGAGGTTG,CD4+ T cells
L4_TGCTCCACAAATCGTC,CD8+ T cells
E2L2_GCATCTCCAGAGAAAG,CD4+ T cells
L4_GTTCTATCAAGGATGC,CD4+ T cells
E2L4_CCTACGTAGCAAGGAA,Plasmacytoid dendritic cells
L5_CGGGCATAGCCTGGAA,NK cells
E2L2_TTCACGCAGGCTCACC,CD16+ Monocytes
L5_CTGGCAGTCCGCACTT,CD4+ T cells
L1_AAATGGAGTTCAGCGC,CD4+ T cells
E2L4_CACTGGGGTTGTGCAT,B cells
L3_AGTTCCCTCGATGGAG,CD4+ T cells
E2L2_GGGTGAAGTCCACTTC,NK cells
L5_AGGTCTAGTGAGAACC,CD14+ Monocytes
L1_AGATCGTGTTATGGTC,B cells
L2_CATGGATCAGGTCCCA,CD4+ T cells
E2L4_GTTTACTGTCGATTCA,B cells
L2_AATTTCCGTGTCACAT,CD8+ T cells
L2_GTCCTCAGTATAATGG,CD8+ T cells
E2L1_TGGAACTGTCGGTACC,Plasma cells
L2_TCCAGAATCCGATGTA,CD4+ T cells
E2L8_GTGGCGTTCCGCAACG,Proliferating cells
E2L6_TATGTTCAGTAAGGGA,NK cells
E2L6_GTTATGGGTGAGTAAT,CD4+ T cells
L4_TATCAGGCATGTGTCA,Hematopoietic stem and progenitor cells
L1_AATTCCTCACGGTGAA,CD4+ T cells
E2L2_TACCCGTTCTTTGATC,NK cells
L1_CCAATGAAGCAAATCA,CD4+ T cells
E2L1_GTTCGCTCATCTGGGC,Plasmacytoid dendritic cells
L1_AGGCCACAGGTAGGCT,Hematopoietic stem and progenitor cells
L4_GTACAGTAGAACGCGT,B cells
E2L7_AGTACTGAGGCCTTGC,NK cells
L5_TATTGCTCACTAGAGG,CD14+ Monocytes
E2L6_GCTTGGGCAAGTGCAG,Plasmacytoid dendritic cells
L1_GTCTAGATCCGAGGCT,Plasmacytoid dendritic cells
L4_GCGGAAATCTATACTC,Plasmacytoid dendritic cells
L4_GATCAGTTCACCGGGT,CD14+ Monocytes
L4_AGGTAGGCACGGGCTT,CD4+ T cells
L1_GACAGCCGTGCCGGTT,CD8+ T cells
E2L8_AACAAAGGTTCGCGTG,CD8+ T cells
E2L2_ATTACCTAGCACTGGA,NK cells
E2L3_ACGTTCCAGTCAACAA,CD14+ Monocytes
E2L4_TAACCAGAGGAACGCT,CD8+ T cells
E2L1_GACTGATTCACCGACG,B cells
E2L8_AGTGTTGCAGCTCATA,NK cells
E2L6_GGAAGTGCACGCGTGT,Dendritic cells
L2_TACAACGCAAGCGGAT,CD8+ T cells
L1_CGTGTCTCATTGACCA,CD4+ T cells
E2L1_GTTGTGATCTTCTCAA,CD8+ T cells
L4_GGTAATCTCGAACCTA,CD14+ Monocytes
E2L8_TTCGGTCAGCATGCAG,CD4+ T cells
E2L4_TACCCGTAGGTTGCCC,CD4+ T cells
E2L5_ATTCAGGGTCGCGTTG,CD16+ Monocytes
L1_TGTAACGTCTTACGTT,CD8+ T cells
E2L2_CCTCTAGGTGACTGAG,B cells
L1_GATTGGTCATCACCAA,Dendritic cells
L4_TACCTGCGTTCCACAA,CD4+ T cells
E2L7_CTCAATTGTCGAGCTC,CD4+ T cells
E2L2_TCTGCCAGTCTAGTGT,CD14+ Monocytes
L3_GGGTAGACAAGTGATA,CD4+ T cells
L3_TGCTCCAAGATGATTG,CD8+ T cells
L1_CTCCAACGTGTGTGGA,CD4+ T cells
E2L6_TTCTAACCAATTCGTG,CD4+ T cells
L2_CTACTATCAAGTACCT,NK cells
E2L5_GGCTTGGCATATTCGG,Plasma cells
E2L2_GTAATGCCAGCCGGTT,CD8+ T cells
E2L8_GTTGAACAGGGCTAAC,CD8+ T cells
L2_TAAGTCGTCTCCTACG,CD4+ T cells
E2L7_CATGAGTTCTGGTCAA,Megakaryocytes
L5_TAACACGAGCTCGCAC,B cells
E2L4_GTTGTAGAGGGCTGAT,CD4+ T cells
L4_GCACGGTAGGTGGTTG,CD4+ T cells
E2L8_CGTGTCTCAAGGCCTC,Megakaryocytes
E2L2_GAGTCATAGTAGTCAA,Megakaryocytes
E2L3_TGTTCTACAGGACGAT,B cells
L2_CAGCACGCAAGACCGA,CD8+ T cells
E2L7_GTAGTACTCTCTTGCG,CD8+ T cells
E2L5_ACTTTGTGTTCTATCT,Plasmacytoid dendritic cells
E2L3_CACCAAAAGAAGCCTG,Dendritic cells
E2L5_CATCGTCCATAATGAG,B cells
E2L6_ATCCGTCCATCCGTTC,Dendritic cells
L4_TAGATCGCACGCTATA,Hematopoietic stem and progenitor cells
L4_ATCATTCTCTATTTCG,CD4+ T cells
L2_GGGCGTTCAGGACATG,Megakaryocytes
L5_GATCCCTGTATGAGGC,CD4+ T cells
L4_TATCTGTTCAGCGCAC,Proliferating cells
E2L1_CCGGACAGTTGACTGT,NK cells
L2_CTCTCGAAGCAGGGAG,Proliferating cells
E2L4_GTTGTCCAGTCATCCA,B cells
L2_GGTTAACGTCTTGTCC,Hematopoietic stem and progenitor cells
E2L4_TCACATTCAACAACAA,Dendritic cells
L5_GAAATGAGTAAGGCTG,Plasma cells
L5_CTCCCAAAGCAGATAT,CD8+ T cells
E2L6_AATGGAACAGCTTTGA,CD8+ T cells
L3_TCCGGGAGTACCTAGT,Hematopoietic stem and progenitor cells
L5_GTCCTCACAAGATCCT,CD4+ T cells
E2L2_TGTCCTGGTCTAACTG,B cells
L1_ATCACTTGTCAACGCC,B cells
L2_CACCGTTTCGAAGTGG,Hematopoietic stem and progenitor cells
E2L3_TATCAGGGTTGGTACT,CD4+ T cells
L1_CGATCGGGTACTCGCG,CD4+ T cells
L2_AAGACAATCGAGAGCA,B cells
L4_CAACGGCCAATAGTAG,CD4+ T cells
L2_GGTCACGGTTAAGGAT,CD4+ T cells
E2L5_CCACACTTCACCGGTG,CD4+ T cells
E2L6_CCTTGTGAGCTCGGCT,CD4+ T cells
E2L5_TCTATCAAGCTTTGTG,CD4+ T cells
E2L3_GTCTAGAGTAGCTGTT,Proliferating cells
E2L2_GCCATTCCAGAAATCA,Proliferating cells
L2_CGCGTGACACGAAGAC,CD4+ T cells
E2L8_GGGATGAGTGGCAGAT,CD8+ T cells
L1_TCCCATGAGGAATGTT,Dendritic cells
E2L8_GACTGATCAATGGGTG,Megakaryocytes
E2L7_TCAAGCAGTTCATCGA,Plasma cells
L4_TCTGCCATCGAGTACT,CD4+ T cells
L1_CGGCAGTGTGCCAAGA,CD8+ T cells
E2L4_AGTAGCTTCGTCAAAC,Proliferating cells
E2L8_CGCATGGGTAGCCCTG,CD14+ Monocytes
E2L5_TGAGCGCTCACTCCGT,Plasmacytoid dendritic cells
E2L5_ATGAGGGCAGGAAGTC,CD4+ T cells
L3_TTTGGTTGTCTAGTGT,NK cells
L1_AGACAGGTCTTCCCGA,Hematopoietic stem and progenitor cells
E2L6_GTTATGGCAAATACAG,CD8+ T cells
E2L2_TTTCGATCAGCAGTGA,Plasma cells
L1_GAAGGACGTCAGACGA,CD4+ T cells
L5_GAAGCGAGTCATACCA,CD8+ T cells
E2L3_GGCAGTCCAGATGCGA,CD4+ T cells
L2_GCTGGGTGTGTTCAGT,Plasma cells
L5_ATGAGTCGTACGACTT,CD8+ T cells
E2L5_AAAGTGAGTAACCCTA,Plasmacytoid dendritic cells
L1_AAACGCTGTGCTCGTG,CD8+ T cells
L3_TCTCAGCGTAGGCTCC,CD8+ T cells
E2L8_AGTCAACCAGGAATAT,Proliferating cells
E2L1_CACTGTCTCTCGGGAC,CD4+ T cells
L1_GAGCTGCGTTACAGCT,CD8+ T cells
E2L2_CATAGACCATGCTGCG,Megakaryocytes
L4_TAAGCGTTCTTCGTAT,CD4+ T cells
E2L5_CAACCAAAGGGATGTC,NK cells
E2L7_CGGAATTTCGTTCTCG,CD8+ T cells
L2_CACTAAGTCTATGTGG,Hematopoietic stem and progenitor cells
E2L5_CATTTCAGTTCGTTCC,Plasma cells
E2L6_TAGGGTTAGCTAAACA,Dendritic cells
L3_ACTGCAAGTAGCTGCC,CD8+ T cells
L2_TTCTTCCAGGTTACCT,B cells
L2_GTCTAGAGTTCGTTCC,CD4+ T cells
L5_TCATCCGCACTAGGCC,B cells
E2L2_TAAGTCGAGTAGGGTC,Plasmacytoid dendritic cells
E2L1_TTCCACGCAGTAGAGC,Plasmacytoid dendritic cells
L1_CCGATGGCAACTTGCA,CD4+ T cells
E2L2_GTCGTAACAAGGCGTA,CD4+ T cells
L2_TGCGGCACAACCACAT,NK cells
E2L8_CCCGGAATCGGCTGTG,Megakaryocytes
L4_AACTTCTGTAGGACTG,CD8+ T cells
E2L3_CCGGGTATCCGGCAGT,B cells
E2L4_CTAACCCTCTTACGGA,CD4+ T cells
L1_TTGGTTTCAGTCACGC,CD4+ T cells
E2L4_TTCCTAACAGTCGTTA,CD16+ Monocytes
L1_TCAGCAAAGCTCCCTT,Hematopoietic stem and progenitor cells
L3_CAATTTCGTGAGCTCC,Hematopoietic stem and progenitor cells
E2L2_TTCATTGAGTAGAATC,Plasmacytoid dendritic cells
E2L3_GTTATGGTCTTTCAGT,CD8+ T cells
E2L8_TGCTTCGGTGCATCTA,B cells
L4_TTTCCTCTCCGTGTGG,CD4+ T cells
L1_TCAGTTTAGTCTAGAA,CD8+ T cells
E2L7_GTGAGCCAGGCAGGGA,CD4+ T cells
E2L1_GGGTCACGTAATCAAG,Megakaryocytes
L2_TCGGGTGCAGCACACC,CD8+ T cells
L4_GTGCTGGAGAATCGAT,CD4+ T cells
E2L6_CAACCTCCACTGCGTG,Plasmacytoid dendritic cells
L2_GAGACTTAGTTGGAGC,Plasma cells
E2L3_TCTACATTCCTTTGAT,CD8+ T cells
L1_GAGTTTGAGACGAAGA,CD4+ T cells
E2L3_CCTGCATCAAGAAACT,CD4+ T cells
L4_AACAAGAAGACTAAGT,CD8+ T cells
L5_GGGCTCAGTTACGGAG,Proliferating cells
L4_TCTTCCTTCTGGTGCG,CD8+ T cells
L5_AAACGCTGTCGTCATA,Dendritic cells
E2L4_GTCGAATGTGGTCTCG,Plasmacytoid dendritic cells
L1_ACCTGTCGTATGAGCG,Megakaryocytes
L4_GTCCACTTCAATCTTC,CD4+ T cells
L5_CAGGTATGTGAATTAG,CD8+ T cells
L3_GCATGATTCGGTCTGG,CD8+ T cells
L2_CCTAAGATCTAACACG,Dendritic cells
E2L5_TTTAGTCGTTAACCTG,CD4+ T cells
L2_CATCCACCAATCCAGT,CD4+ T cells
E2L5_GTCACTCTCCCAATAG,B cells
E2L6_AACACACTCCACTGAA,CD14+ Monocytes
L1_CGGGTGTGTAGTGTGG,CD4+ T cells
L3_AGCTACAGTGGTTCTA,CD16+ Monocytes
E2L4_GTTACCCGTATTCCGA,NK cells
E2L3_AACCATGCAACTGCTA,CD8+ T cells
L5_TCTCAGCCACAGCCTG,Plasma cells
L5_TTTCACATCCTTATCA,CD4+ T cells
E2L4_AAGATAGAGAGGTATT,CD14+ Monocytes
L2_TTTCATGTCCAACTAG,Proliferating cells
L4_CTCCCTCTCGATTGAC,Plasmacytoid dendritic cells
E2L1_TCGGGCATCCTCTAGC,T cells
L1_AACAAAGAGGGAGAAT,Dendritic cells
L1_CCCTGATGTGTCCGTG,CD4+ T cells
L3_TGGGAGATCAAACCTG,CD14+ Monocytes
E2L8_AGGCCACCATTGACAC,CD8+ T cells
E2L2_TCTGGCTTCGCAGTCG,B cells
E2L7_CCTATCGGTGAGAACC,B cells
E2L1_CGTTCTGGTCAAGTTC,CD8+ T cells
L4_ACCCTCATCACTGTTT,Plasma cells
E2L5_TAGACTGTCTGCGGGT,CD8+ T cells
L3_CGAGGCTCAGTGTATC,CD8+ T cells
E2L3_CACGGGTCACGGTAGA,CD4+ T cells
E2L3_GTTGCTCTCCGTTGAA,CD4+ T cells
L1_AATGCCAGTCTGCAAT,CD8+ T cells
E2L7_CTTCAATAGAAGTATC,CD8+ T cells
L5_AGAGAATTCGAACCTA,NK cells
L5_CCCTTAGTCGCCAGTG,Plasma cells
L3_AGGACGAGTATCACCA,CD8+ T cells
L3_TTCCGGTTCTCATGCC,CD8+ T cells
L1_CTAACCCTCGGCAGTC,CD4+ T cells
E2L2_TGGAACTCACTTGGGC,Megakaryocytes
E2L2_GGGTGTCCACGAGGTA,CD4+ T cells
L5_TGACAGTTCTCATGCC,NK cells
L4_GGAGAACCACCTGTCT,CD4+ T cells
L3_CCACAAAGTGAGCAGT,CD4+ T cells
E2L3_CCAATGATCTAATTCC,B cells
E2L1_CCGTGAGCACAAGCAG,CD4+ T cells
E2L1_TCATTGTTCTGCATGA,Plasmacytoid dendritic cells
E2L7_TTTAGTCCAAAGAACT,B cells
L3_TGGGTTATCGACGAGA,B cells
E2L5_TCTAACTTCCTCGCAT,Hematopoietic stem and progenitor cells
E2L2_CCGCAAGGTTCCGTTC,B cells
E2L2_GAGTGAGTCGAGTGGA,CD4+ T cells
E2L2_AGTGACTGTCGACTTA,CD8+ T cells
E2L5_CAATGACTCTAGACCA,T cells
E2L2_ATTCCTAAGACAACTA,NK cells
L1_GGCAGTCTCACTGGGC,CD4+ T cells
E2L4_AACCACAAGTACAGCG,Megakaryocytes
E2L1_AAGTGAACACATTCGA,B cells
L2_GTGAGTTCAGGTGAGT,Hematopoietic stem and progenitor cells
E2L2_CTTCCTTAGGTTAAAC,Megakaryocytes
E2L2_CGAAGGAAGACCTCAT,CD8+ T cells
E2L8_TGGGAGAAGGCACCAA,Megakaryocytes
E2L3_CAGCACGTCGACACCG,CD8+ T cells
L5_GTAGAAATCCGCTTAC,CD16+ Monocytes
E2L5_TACTTACGTGATGGCA,Proliferating cells
E2L6_TCCACGTGTCTATGAC,B cells
L2_ATTTCACAGCATACTC,CD16+ Monocytes
E2L5_CGTCAAAAGTTGGAAT,B cells
E2L3_ATGGAGGAGAGATTCA,Plasmacytoid dendritic cells
L2_CGTGCTTTCATCTGTT,NK cells
E2L4_CGAAGTTCACGGATCC,CD4+ T cells
L1_CACGAATCAGAAATCA,Dendritic cells
E2L4_ATTACCTCAGATGCGA,T cells
L2_GCACGGTGTCAGTTTG,Hematopoietic stem and progenitor cells
L5_CTCCCTCCACATTCTT,Plasma cells
L5_TGAGCATTCCGAACGC,CD4+ T cells
L2_ATGCATGAGTGGATAT,CD4+ T cells
L5_GGTGATTGTTCAAGGG,Hematopoietic stem and progenitor cells
L3_CAGCAATAGGAGACCT,CD4+ T cells
L3_CCCTCTCTCCCTCATG,CD16+ Monocytes
L4_GGACGTCCAGCGACAA,CD4+ T cells
L5_TAACTTCTCAAGGCTT,CD8+ T cells
L4_GAAGTAATCGGATAAA,CD4+ T cells
L4_TTCCAATAGGCAGGGA,CD16+ Monocytes
E2L3_GAAGCGAAGCACTAAA,CD14+ Monocytes
E2L1_TCTAACTCACAACCGC,B cells
E2L4_GGTAACTCACCAGGTC,Megakaryocytes
E2L1_AGGGCTCGTAACATGA,B cells
L4_TCATTGTAGGTGTGAC,CD16+ Monocytes
E2L3_CTTCAATGTAAGATAC,CD4+ T cells
E2L5_AATGAAGGTAAGTTAG,Proliferating cells
E2L8_CGATCGGTCAGCTAGT,CD8+ T cells
E2L8_AAGTGAAAGAAACTGT,CD4+ T cells
L4_TCTCTGGAGGAATGTT,CD8+ T cells
E2L8_AGGGCTCTCTGTTCAT,Plasmacytoid dendritic cells
E2L4_TGGAGAGGTGGACTAG,CD8+ T cells
E2L1_ACTTATCTCACACGAT,Megakaryocytes
E2L8_TCGTAGATCCGGTAGC,B cells
E2L5_CCGATGGAGACCAACG,CD8+ T cells
L5_TATCTGTCAGTAACAA,Megakaryocytes
L3_GGGCGTTCACCCTAGG,CD4+ T cells
L3_CGGGCATCATGGAACG,NK cells
E2L5_ACTGTGACAAAGGATT,B cells
L2_CCTCACAAGTATCCTG,NK cells
L4_GCAACCGGTACTGGGA,CD4+ T cells
E2L3_TATACCTTCTGGCCGA,NK cells
E2L6_GAACTGTAGATGGCAC,CD4+ T cells
E2L6_GAGCCTGTCCCGAAAT,B cells
E2L1_AAAGTGAAGATACAGT,NK cells
E2L7_ATTCACTCAATCGCGC,NK cells
L5_TAGACCAAGGTACATA,CD8+ T cells
L2_CATGCTCTCTGTCTCG,CD8+ T cells
E2L1_GATGACTCATACGCAT,CD4+ T cells
E2L2_AGAACCTAGTTCTCTT,B cells
L1_CATGCGGTCGTTAGAC,Plasma cells
E2L3_ATGGATCAGTTCTCTT,T cells
E2L4_GTGCTTCGTGTCATCA,Hematopoietic stem and progenitor cells
L5_TGCTCGTTCTCACTCG,Hematopoietic stem and progenitor cells
E2L6_GGAATGGGTTCAAAGA,CD8+ T cells
E2L1_TCAGTCCCACAACGCC,CD8+ T cells
E2L6_TCGATTTGTACACGTT,CD16+ Monocytes
E2L5_CCACTTGTCCCGAGAC,CD8+ T cells
E2L3_ATCGTGACAGCACGAA,CD8+ T cells
E2L8_AGACACTCAAGTCCAT,Plasmacytoid dendritic cells
L4_AAGCGTTGTCGGCCTA,CD4+ T cells
L4_GTGTGATTCAAGGCTT,CD4+ T cells
E2L7_ACTTCCGAGGTTAAAC,B cells
L4_CTCAGTCGTCGGATTT,CD8+ T cells
E2L5_GCCATTCAGCTCAGAG,CD4+ T cells
L1_TTGACCCGTATGGTTC,CD4+ T cells
L5_ATTCGTTTCTGCTTTA,CD8+ T cells
L2_ATTATCCTCCCTCAAC,Plasma cells
L3_AATGGAATCGCAGTGC,Proliferating cells
E2L5_CAGAGCCTCCTTATAC,CD8+ T cells
L3_GGGATGACAGACACCC,CD4+ T cells
L3_TGTGATGAGACAAGCC,CD8+ T cells
E2L7_GAATCACGTACCACGC,B cells
L3_TACCGGGAGAGCTGAC,CD4+ T cells
E2L7_TCGCTTGAGTATGTAG,Proliferating cells
E2L2_GCGGAAACAGCCCAGT,CD16+ Monocytes
E2L1_CACATGAAGGTACATA,B cells
E2L6_TTTAGTCGTCTTCCGT,CD8+ T cells
L3_TATATCCCAGGGACTA,CD14+ Monocytes
E2L7_AGCTCAAGTAGGCTGA,CD14+ Monocytes
L5_AGAAGTACACTTGACA,CD4+ T cells
E2L6_CAGCGTGAGTGGAATT,CD4+ T cells
E2L8_TCCGTGTCATGGCACC,CD8+ T cells
L2_TGGGATTCATGTGCTA,B cells
L2_GTTCCGTCAAAGCTAA,Proliferating cells
E2L2_GGTTGTAGTTTCGTGA,Plasma cells
L5_AATTCCTAGAACGCGT,Proliferating cells
E2L2_CAGCACGAGTTAGTGA,CD4+ T cells
L4_CGAATTGGTCTTGTCC,NK cells
L1_CGGAATTAGGATATGT,CD4+ T cells
L4_CCCTCAAGTAGATCGG,CD16+ Monocytes
E2L6_TTGTGGACATGGCTAT,B cells
L5_GCCATTCTCTCTCTTC,B cells
E2L7_ACCAAACTCATAGACC,B cells
L3_CACCGTTTCACTTGTT,B cells
E2L1_CCACCATTCATTTACC,CD4+ T cells
E2L4_GAATCGTAGGCTAGCA,CD4+ T cells
E2L3_GTTGCGGGTGTTAACC,CD8+ T cells
L5_GTGTCCTGTTACCCAA,CD4+ T cells
L2_GCAGCCAGTAAGCTCT,CD16+ Monocytes
L5_GCGGATCAGACGGAAA,CD4+ T cells
L2_TTCCAATTCTGGACTA,CD16+ Monocytes
L4_ATGGGTTTCTGCACCT,CD8+ T cells
E2L1_CTCCATGCACTTACAG,CD8+ T cells
E2L7_TCATGGAGTTGCTCAA,Plasma cells
L4_GCCAACGCATAATGCC,Hematopoietic stem and progenitor cells
E2L7_TTCGCTGCAGCTTTCC,CD4+ T cells
E2L2_TGATTTCCACTATCCC,CD8+ T cells
L3_CCACAAAAGAGGGCGA,CD14+ Monocytes
L2_CGGAACCAGCCTGGAA,Plasma cells
E2L4_CTAGGTATCATAAGGA,Megakaryocytes
E2L7_CTCATGCAGTCGTCTA,Dendritic cells
E2L2_CTCTGGTCACGGCTAC,B cells
L3_TATTGGGCAAGCGGAT,CD4+ T cells
E2L2_TTGTTCAGTTGATCGT,CD16+ Monocytes
E2L2_ATAGAGACACGTTGGC,CD4+ T cells
L1_AAAGGGCTCGTTACCC,Plasma cells
E2L2_CTCCTTTAGATAGGGA,B cells
E2L8_GCATCGGCACAAAGTA,Plasma cells
E2L5_GGAAGTGTCCTGCCAT,CD16+ Monocytes
E2L2_GTGGCGTTCGACATAC,CD4+ T cells
E2L2_GGGTGTCAGGCTGGAT,CD8+ T cells
E2L7_TTTACCATCAGAGTTC,Megakaryocytes
L3_CCAAGCGTCTAAGGAA,Proliferating cells
E2L2_CTCGAGGGTACAGTAA,CD4+ T cells
E2L6_AAAGAACTCAGACCTA,B cells
E2L2_AGGGTCCGTCAGGAGT,CD16+ Monocytes
E2L6_GGTGAAGCAGACCAGA,CD4+ T cells
L5_GGACGTCCAGGACAGT,CD8+ T cells
E2L5_ACCAAACTCTTCTAAC,Plasmacytoid dendritic cells
L4_CATGCGGAGTTAGAAC,Proliferating cells
E2L1_AATCGTGTCTGCGATA,CD4+ T cells
E2L3_TCACGGGCACACCGCA,CD16+ Monocytes
E2L7_ATTTCACCAGGCCTGT,NK cells
E2L1_AGAGCAGGTACTTCCC,Plasma cells
E2L2_TCCTAATCATGTCAGT,CD8+ T cells
E2L7_CTCCTTTTCGTAACAC,CD8+ T cells
L4_CCGTTCAGTAGCTTAC,CD8+ T cells
L4_AGTCTCCAGCCACAAG,Hematopoietic stem and progenitor cells
L1_TTGGATGGTAAGGTCG,CD4+ T cells
L4_AGGACTTCAGTCTTCC,B cells
E2L4_CTCAATTCAGCGTACC,CD14+ Monocytes
E2L2_AAAGTGACATAGTCGT,Proliferating cells
L4_AGACCCGCAGCTATTG,CD8+ T cells
E2L6_ATAGACCAGCTGAGTG,CD4+ T cells
L1_GGGTTTAAGGCAGTCA,CD8+ T cells
L4_CGCAGGTTCACGATCA,Plasma cells
E2L4_TGCAGTATCTTCTAAC,CD4+ T cells
L2_ATGCATGGTCGAGCAA,Dendritic cells
E2L4_CGAAGTTGTTTCACAG,Megakaryocytes
E2L2_AAACGCTTCATGCCGG,Dendritic cells
L4_ATCCCTGCAGACTCTA,CD4+ T cells
E2L8_ATGCCTCAGCACGATG,Megakaryocytes
E2L3_CCGGTGAGTGTACATC,CD4+ T cells
E2L7_GTCTGTCAGGACTATA,NK cells
L3_GGGTCTGGTGCCCACA,NK cells
L4_CTAACCCAGTGTTCAC,B cells
L3_CGGGCATGTTGTAAAG,CD4+ T cells
L3_ACGTAGTCAGACAATA,Hematopoietic stem and progenitor cells
E2L4_CACAGATAGGATTTGA,CD14+ Monocytes
L1_TGGATCAAGCTGGCCT,CD4+ T cells
L3_TAAGCCATCGACCAAT,NK cells
L4_ACAGAAATCCATACAG,CD4+ T cells
E2L2_CTACCTGAGCCATTTG,NK cells
L2_CATCGTCAGCCATATC,CD4+ T cells
L3_CTGTACCCACAAATCC,CD4+ T cells
L3_TTCTGTAAGGTCGAGT,B cells
E2L8_TCATTCACATGTGCTA,NK cells
E2L8_CTCTCAGCATGCCGGT,Proliferating cells
E2L7_CTTCCGAGTGCTCTCT,Proliferating cells
E2L8_TATCTGTTCTTGATTC,CD8+ T cells
L4_ACCTGAACAGTAGAAT,Hematopoietic stem and progenitor cells
E2L4_AGAACCTTCGATGCAT,NK cells
E2L2_CGATGCGAGTAGTCCT,NK cells
L1_TGCTTGCAGTAGCATA,Plasma cells
E2L6_CGCGTGATCTGCATAG,Dendritic cells
E2L5_TTCTTCCAGTCGGGAT,Proliferating cells
E2L2_CGAAGGAGTTCGGTTA,CD16+ Monocytes
E2L1_CAGATCAAGAACCGCA,Megakaryocytes
E2L3_TCGAAGTAGATTGATG,B cells
E2L5_GGGCTCACAACTGCTA,CD4+ T cells
E2L2_ACCCAAATCGAGAAGC,CD14+ Monocytes
E2L4_CCCTTAGGTGATAGTA,Proliferating cells
E2L8_TAATTCCCACGGCTAC,Plasmacytoid dendritic cells
E2L7_ATTCAGGGTCACAATC,B cells
L1_AGGGTCCAGCATGTTC,CD8+ T cells
L1_ACAAAGATCACTCTTA,CD4+ T cells
E2L8_CTGTACCGTCGTCATA,B cells
L1_TCACACCCACGTGTGC,CD4+ T cells
L4_GGAGAACTCCTCGATC,CD4+ T cells
E2L7_TACTTCAGTCTCTCAC,Dendritic cells
L2_GTCAAGTAGCCTTCTC,CD8+ T cells
E2L4_AGGTAGGGTAAGTTAG,CD8+ T cells
E2L4_AAGTGAAGTCCAAAGG,B cells
L3_TGAATGCGTTGCATTG,Proliferating cells
E2L4_ACATGCATCGTGGCGT,CD4+ T cells
E2L3_CATAAGCAGATCACTC,B cells
L3_GGTTCTCTCATGAGAA,CD4+ T cells
L1_GTCACGGAGCGCATCC,Megakaryocytes
E2L7_GTAGAGGGTAAGTTAG,B cells
E2L7_TCTATCAGTAGGAGTC,Megakaryocytes
E2L3_ATGATCGGTAACGCGA,B cells
L3_GTTAGACGTGATGAAT,B cells
E2L5_CATACTTAGCACTCAT,NK cells
E2L7_AATCGACCAATTGCCA,Megakaryocytes
L5_GCGATCGCAAACAGGC,CD4+ T cells
L3_CCACGAGGTGGCCTCA,CD4+ T cells
E2L1_AACAAAGAGGCACAAC,CD14+ Monocytes
E2L2_GTGGGAAGTCGAATGG,CD16+ Monocytes
E2L2_CTGCGAGAGCCGTTAT,B cells
E2L3_TTTGGAGCACCAGGTC,Plasma cells
L1_TCAAGTGGTAGTGGCA,CD4+ T cells
E2L8_GGGTTATAGCTGTACT,B cells
E2L5_AAAGGATGTCTACAGT,CD8+ T cells
E2L8_GAATCGTAGTAGGGTC,CD8+ T cells
L2_CAACGATCAAGCACAG,NK cells
E2L5_GATTGGTGTTTGTTCT,CD14+ Monocytes
L2_AGGCCACCAATGCAGG,CD16+ Monocytes
E2L7_TATTTCGTCCCTAGGG,B cells
E2L2_CTCCCAATCTGCGAGC,CD4+ T cells
L3_TTCAGGACATGCAGCC,CD4+ T cells
L4_GGGCTCACACTCTGCT,CD4+ T cells
L2_ACATCGACACAACATC,Hematopoietic stem and progenitor cells
L4_TAACTTCAGGAGACCT,CD4+ T cells
L4_GTGGCGTTCTGTAAGC,CD14+ Monocytes
E2L4_GATCGTATCTCAGTCC,Proliferating cells
L1_AACGGGAGTTAAGGAT,Hematopoietic stem and progenitor cells
L3_TATTCCATCCGACAGC,CD8+ T cells
E2L7_TGTGATGGTAGAGACC,Proliferating cells
E2L1_GGAGGTATCAACCCGG,B cells
E2L6_TTGGGTAAGAAGTCCG,CD4+ T cells
E2L7_TGCAGATAGATGTTGA,B cells
E2L1_TACCGGGCATCACAGT,CD8+ T cells
L5_AACCTGAGTCCACGCA,CD8+ T cells
L5_AACCTGACATCCTGTC,CD4+ T cells
E2L6_TTGGATGCATGGGTTT,CD4+ T cells
E2L3_TTCACGCAGGTCGTAG,CD14+ Monocytes
E2L2_AAATGGAGTCTCTCCA,NK cells
L1_GGGACTCCAATAGTAG,Proliferating cells
L2_GGAGATGTCCATGAGT,B cells
E2L2_ATGGAGGGTCTACTGA,B cells
E2L8_TCCCACACATGTTTGG,CD4+ T cells
E2L4_GTACAGTAGTTCGCAT,T cells
E2L4_TATGTTCGTAGCTTGT,NK cells
E2L5_CCCTAACGTGATTAGA,CD8+ T cells
E2L6_GAAGCCCTCGTCAAAC,CD4+ T cells
L5_TCAGTTTTCGGTTAGT,Plasma cells
L2_AAACCCATCGTGCGAC,CD4+ T cells
L3_TTTATGCCACCATATG,CD14+ Monocytes
E2L4_GTGCTGGGTTTACTTC,NK cells
E2L1_GATGAGGTCGGTCAGC,CD16+ Monocytes
L4_ACGTTCCGTACCGTCG,CD4+ T cells
L1_ATGTCTTGTAGAGGAA,CD8+ T cells
L2_CATTGAGCATGTAACC,NK cells
L1_GACCTTCTCTGGAGAG,Hematopoietic stem and progenitor cells
E2L5_TGCAGATCAGTGTGCC,CD4+ T cells
L3_GGTAACTAGATGATTG,Plasmacytoid dendritic cells
L3_ATGAGTCGTCGTTATG,CD8+ T cells
E2L2_AGACCATGTTAGTCGT,CD4+ T cells
L4_TGTTGAGAGTTTGCTG,CD4+ T cells
L3_CCATCACCATAGTCGT,CD8+ T cells
L2_TTACCGCAGGGAGATA,B cells
E2L5_CTCAAGAGTGTTATCG,CD8+ T cells
E2L6_CCCTGATAGCGCACAA,CD4+ T cells
L1_GCCTGTTTCTCAACCC,T cells
E2L2_TCACGGGTCTTGCAGA,Proliferating cells
L5_GTTCGCTAGTACAGAT,Proliferating cells
L5_TTTGGAGGTGGTGATG,Hematopoietic stem and progenitor cells
L2_CCGGACAAGTTGCGCC,Plasmacytoid dendritic cells
E2L4_CTGAGCGGTTTGGCTA,CD8+ T cells
L5_AGACAAATCGAACACT,CD4+ T cells
L2_TTCTTGAGTACGTTCA,CD4+ T cells
E2L5_GATGAGGTCACCGACG,CD16+ Monocytes
L5_TACATTCTCGTCGATA,CD4+ T cells
L2_CGACAGCTCACGATCA,CD4+ T cells
L4_CCACGTTCAAGATTGA,Hematopoietic stem and progenitor cells
L2_GAAGAATAGCCTATCA,Plasma cells
E2L1_CATCGCTGTAGGATAT,B cells
L4_AATGCCATCAGCTGAT,B cells
L2_CGAGTGCAGCAAGTGC,CD8+ T cells
E2L1_CATGGATAGGACACTG,CD8+ T cells
E2L2_CTCAGGGGTTGGGATG,CD8+ T cells
E2L5_CGGCAGTCAGACCAGA,B cells
L5_ATCATTCCACTTGTGA,B cells
E2L1_GTGCTTCTCTGTGCTC,B cells
L2_CATACTTTCGAATGCT,CD16+ Monocytes
L5_CATTGCCCATGGTGGA,Megakaryocytes
E2L3_AAACGAATCTTGGTCC,Dendritic cells
L3_TGGAACTCACCTGCGA,CD8+ T cells
E2L6_TTGCGTCAGGGCGAGA,Plasmacytoid dendritic cells
L5_TGATTTCAGGTCGTCC,CD8+ T cells
E2L8_CCGGTGAGTGTTAACC,CD8+ T cells
E2L1_CAACCTCCAGTTAAAG,NK cells
E2L6_CCTCTAGCATCAACCA,Megakaryocytes
L2_GAATCGTCAGTTGCGC,NK cells
L5_TCGTGGGGTATTTCTC,B cells
E2L4_TGTTGAGTCGGAAGGT,Proliferating cells
E2L1_AGTTCGAGTCGCACAC,CD8+ T cells
E2L3_TACATTCGTAGGCTGA,B cells
E2L5_TCGCAGGTCACCCTCA,NK cells
L5_CGACAGCCAATCCTAG,CD4+ T cells
E2L4_GGTGTCGCAAATTAGG,Plasmacytoid dendritic cells
L1_GTGGTTACAGTAACCT,Hematopoietic stem and progenitor cells
L1_GGAGATGTCATGCCGG,CD4+ T cells
L1_CCCGGAAAGCAGCAGT,CD8+ T cells
L5_CGTGTCTGTTCGGTAT,Dendritic cells
L3_ATGCGATCAAGATTGA,NK cells
E2L6_TCAGGTACACGTTGGC,Plasmacytoid dendritic cells
L4_TAGGTACCACCTTCGT,B cells
E2L1_AGCGTATCATGGGTCC,T cells
E2L1_CACCAAAGTTAAGGAT,B cells
E2L8_CAGGTATCAAGGACAC,CD8+ T cells
E2L4_GTGCTGGTCCGTGTAA,CD4+ T cells
E2L1_GTTTGGATCCCTCGAT,CD4+ T cells
L4_ACGTCCTTCATTGAGC,B cells
E2L3_CCACTTGCAGCTGTAT,Dendritic cells
E2L1_AGAGAGCGTGACCGAA,CD4+ T cells
E2L8_TCCCAGTCAAAGAGTT,Megakaryocytes
E2L6_GACTGATTCCTCTAGC,CD4+ T cells
E2L1_ATCCACCTCCATTCGC,Proliferating cells
L4_TTTCAGTGTCACTTCC,CD4+ T cells
L1_TGATTCTGTCACAGTT,B cells
E2L5_TACAACGGTACAGGTG,CD4+ T cells
L1_GTTTGGAGTCCCTAAA,CD4+ T cells
L2_TCGATTTGTCAAGCGA,CD4+ T cells
L2_ATCGATGCACAAAGTA,CD4+ T cells
E2L2_AAGGTAAAGCTTCATG,Proliferating cells
E2L7_AGTACCAGTGGCTGCT,B cells
E2L8_CTTGATTGTGTCTTAG,CD14+ Monocytes
E2L2_CATCGGGGTTGGACCC,CD8+ T cells
L4_CACTGGGAGTCCCTAA,Plasma cells
L5_GGAGATGAGTTACGGG,CD4+ T cells
E2L3_GTGTAACCAGCGATTT,CD4+ T cells
L2_ATTTCTGAGACTCCGC,CD4+ T cells
L1_ACGTACAGTCCAGGTC,CD4+ T cells
L3_CGTGATATCTCATGGA,CD4+ T cells
E2L8_TACACCCCAGTTCTAG,Proliferating cells
L5_TCATTCACAGAGTCAG,Plasma cells
E2L3_CACCAAATCGGTAACT,CD8+ T cells
E2L1_CTGTGAACAAGATGTA,CD4+ T cells
E2L6_TATTGGGCATAGATCC,B cells
L4_TCTGGCTTCGAGATAA,CD4+ T cells
L4_TCGAACACAGTTGTCA,CD8+ T cells
L3_TATCTTGCATGACGGA,Plasma cells
L4_GGGAAGTGTGACCTGC,CD8+ T cells
L5_CAAGCTAGTCCGGTGT,CD4+ T cells
E2L1_TGTTGGAAGCGTTGTT,Plasma cells
L4_TGCACGGGTGATACAA,CD4+ T cells
E2L3_TACAACGAGTGAGGCT,CD8+ T cells
L5_CCTGTTGTCAATGTCG,NK cells
L3_TGTGTGACATCTGGGC,Hematopoietic stem and progenitor cells
E2L1_AGATCCAGTGTATTCG,Proliferating cells
E2L6_CATAGACCAACCGACC,CD14+ Monocytes
E2L3_GTGTGGCTCATTGCCC,B cells
L1_GATGCTATCCTGTACC,Plasma cells
L2_ATCGTCCCAGATACTC,B cells
L2_TCGGTCTGTGGCACTC,CD4+ T cells
E2L2_CGTCAAAGTTCTGAGT,Proliferating cells
L1_GAAGTAATCAGTGATC,CD4+ T cells
L5_CCACGTTCATTGCAAC,Hematopoietic stem and progenitor cells
L1_AGTAGCTTCAATCCAG,B cells
L2_GGGTGTCAGAGTCTGG,Plasmacytoid dendritic cells
L3_CTGGTCTAGGCGAACT,Proliferating cells
E2L1_TCATGTTTCATCGGGC,CD8+ T cells
L2_ACATCGAGTTCTCTAT,B cells
L1_TTTCAGTTCCATACTT,Hematopoietic stem and progenitor cells
E2L8_AGACTCATCCGTATGA,CD4+ T cells
E2L5_CAAAGAAGTCTTCTAT,CD14+ Monocytes
E2L2_TGGGCTGCATCGCTGG,B cells
L5_TGAGCGCGTAAGTAGT,Plasmacytoid dendritic cells
L5_AGCGCCACAGGTCAAG,Dendritic cells
E2L2_ATTCATCGTGTACGCC,Plasma cells
E2L8_TCAATTCCACCTGCTT,CD16+ Monocytes
E2L1_CTTACCGGTGGGAGAG,NK cells
E2L8_CAATCGACACTCAAGT,CD4+ T cells
L3_CAGATCATCACTTATC,Dendritic cells
E2L7_GTGTTAGTCTATGCCC,CD4+ T cells
L2_CTCCGATCAGGTCAAG,Hematopoietic stem and progenitor cells
E2L1_TTCCTAAAGGCTGAAC,CD8+ T cells
E2L2_AATGCCAAGTATCCTG,Plasma cells
L2_GCAGCCAGTTTGTTCT,Plasma cells
E2L8_ACTTCGCCATGGAACG,CD16+ Monocytes
L2_CAAGAGGGTCGTGATT,B cells
E2L6_CCTACGTAGTATTGCC,CD4+ T cells
L5_TATTCCACATAGATGA,CD14+ Monocytes
L5_TCATACTAGCGTATGG,Megakaryocytes
L3_GTGGAAGCACAATGCT,Dendritic cells
L1_ACTCTCGGTATCGAGG,NK cells
E2L5_CATTGAGGTACCGCGT,Hematopoietic stem and progenitor cells
E2L8_TCCTCCCCACTCCTGT,CD8+ T cells
E2L5_CATGCGGGTGCGAGTA,B cells
E2L7_AACAACCTCATGAGGG,CD16+ Monocytes
L2_GACGCTGAGACATACA,B cells
E2L8_CATGGTATCCTAAACG,Proliferating cells
L1_TAGGTACCAGCTGAAG,CD4+ T cells
E2L7_CAATTTCAGTCGGCCT,Plasmacytoid dendritic cells
L3_CTGCCTAAGTCCCGGT,B cells
E2L8_TCACTCGGTAGCACAG,CD14+ Monocytes
E2L5_GTGCTTCGTTTACGAC,B cells
E2L6_TTGGGTACATCAGTCA,Plasmacytoid dendritic cells
L5_ATCCATTTCTTCGTGC,CD4+ T cells
E2L2_GATCACATCACGGACC,Megakaryocytes
E2L5_GATTCTTAGGAAAGTG,Proliferating cells
E2L7_TCACGCTTCAGTGTTG,B cells
E2L1_AGACTCACATAGAAAC,B cells
E2L3_ACCTACCCATGCGTGC,CD4+ T cells
E2L4_CTACTATCAGAAACCG,CD8+ T cells
E2L4_TGAGCGCCATGTACGT,B cells
E2L5_TCTAACTTCTGAGCAT,CD4+ T cells
E2L8_CAAGCTAAGCCTTGAT,NK cells
E2L7_CAATTTCGTACACGTT,CD14+ Monocytes
L4_CAAGCTATCGTCAAAC,CD4+ T cells
E2L3_AGGAAATGTCCGACGT,Proliferating cells
L4_AAGACAAAGCCATGCC,Plasmacytoid dendritic cells
E2L1_CTGCTCAGTCCTCATC,CD14+ Monocytes
L1_GTACAACCAATCGCAT,CD4+ T cells
L5_AGGACGATCTGCATGA,CD14+ Monocytes
L3_TAACGACGTGCTCTTC,Proliferating cells
L3_ATCACTTTCACGGGAA,B cells
L4_GAGGCAACAGCGTACC,CD4+ T cells
L5_TACGCTCAGGTGCCTC,CD4+ T cells
L4_CCACTTGCAACGGTAG,Hematopoietic stem and progenitor cells
L2_TGTCCTGAGTCATCGT,Hematopoietic stem and progenitor cells
L2_CAGTTAGTCAGTGTCA,B cells
E2L6_CACTTCGGTTCGGCGT,NK cells
L5_CGTAAGTTCCTTACCG,Hematopoietic stem and progenitor cells
L3_TATACCTTCCGGCAAC,Hematopoietic stem and progenitor cells
E2L3_CACTGTCCAGGATGAC,CD4+ T cells
E2L3_GCCATGGAGGAAGTAG,CD4+ T cells
E2L4_TGAGGGACAAAGGAGA,Proliferating cells
L4_GAAGGACGTTATGACC,Hematopoietic stem and progenitor cells
L5_CAAGAGGCAATAACCC,CD4+ T cells
E2L2_TAGGGTTCAGCTGAGA,CD4+ T cells
L1_TTCTCTCAGGATAATC,B cells
L5_TAGGGTTAGGCCCAAA,B cells
E2L8_ACCCTCATCGCTACAA,CD8+ T cells
E2L8_CCGGACAAGAGAGGGC,CD16+ Monocytes
E2L1_TTTGGAGCATGGGCAA,CD4+ T cells
L1_CTGTACCAGTTCGCAT,Proliferating cells
E2L4_TGGGATTCACTGATTG,CD8+ T cells
E2L6_CCCATTGAGGATATAC,CD14+ Monocytes
E2L2_CTTTCGGTCGTGTGAT,Megakaryocytes
E2L6_CTACCTGTCATAAGGA,CD8+ T cells
L5_GGAGATGCAATACCTG,CD4+ T cells
L5_GTCCACTTCCGCAAAT,Hematopoietic stem and progenitor cells
L4_AACCATGGTGTATTCG,NK cells
E2L1_GGGACCTTCCTCTAGC,CD8+ T cells
L5_GTGGTTACATCGGATT,Hematopoietic stem and progenitor cells
E2L8_TGTCCACCATATGAAG,CD4+ T cells
E2L7_GAGTGTTGTCGGTACC,B cells
E2L2_GCATTAGCACGCAGTC,CD16+ Monocytes
E2L7_ACATCCCTCTTCGATT,CD8+ T cells
E2L1_CAAGAGGCAGGGTCTC,Plasmacytoid dendritic cells
L2_ACCAACAAGATTGGGC,B cells
E2L8_ATCGTAGAGCCACTCG,CD8+ T cells
E2L2_TGTGGCGAGATCGGTG,B cells
E2L4_TTTGATCAGCCATTGT,CD14+ Monocytes
L4_CGTCAAACAATGTGGG,NK cells
E2L6_CTGGTCTCAGGTATGG,CD16+ Monocytes
L2_TCCTTCTTCGCTGTTC,Hematopoietic stem and progenitor cells
E2L4_CATTGTTAGAATTGCA,Plasmacytoid dendritic cells
L5_CAAGACTGTTTGAACC,CD8+ T cells
E2L7_GATTTCTCATTAGGAA,NK cells
E2L1_AAGCATCGTAGCGATG,B cells
E2L2_CGAGGAAAGGTAGCAC,Plasmacytoid dendritic cells
E2L1_TTTACGTGTGACTGAG,CD8+ T cells
L5_TTACGTTTCTCCCTAG,CD8+ T cells
L2_CATCCGTTCCACAGCG,CD8+ T cells
L3_TCGAAGTCATCCTAAG,CD8+ T cells
E2L4_CGAAGTTTCTAGATCG,CD8+ T cells
E2L5_GCTGCAGGTGATAGAT,CD14+ Monocytes
E2L6_ACCAAACTCTTGGATG,NK cells
E2L2_TACACCCAGCTACAAA,CD4+ T cells
L3_CTGAGCGCAGGTTCGC,Plasma cells
E2L3_TCTGTCGAGAGTCACG,Proliferating cells
L5_TTGGTTTCACTCGATA,CD14+ Monocytes
E2L2_AGGATCTGTGGCTGAA,CD4+ T cells
E2L5_TTTGGTTAGAACGTGC,Proliferating cells
E2L4_TGAGTCACACCCTATC,B cells
L3_AGACTCATCCCAGTGG,CD4+ T cells
L5_CGAGAAGGTGTGCCTG,CD8+ T cells
L3_AGTACCACATCTCGTC,CD4+ T cells
E2L2_GACCCTTGTTTGAAAG,CD14+ Monocytes
E2L7_CTAGACAGTGGATCGA,CD14+ Monocytes
E2L4_CTCACTGAGAGTCTTC,B cells
E2L7_TTGGGATCACGCTTAA,CD16+ Monocytes
E2L5_CATGAGTTCGCGTGCA,Proliferating cells
L5_ACTTTCACAGGACTAG,CD8+ T cells
E2L7_TGACCCTCATTCATCT,NK cells
L1_GCTCAAACACTTCATT,NK cells
L2_CCTCAACAGAAGCGCT,Hematopoietic stem and progenitor cells
E2L6_TGGGTTATCAATCAGC,CD8+ T cells
L1_GCGATCGCATGTGACT,CD4+ T cells
L3_AGTGATCAGTTCCGGC,CD4+ T cells
L3_TTCAGGACAGCGTGAA,CD4+ T cells
E2L7_TCAGCAAAGAGCTTTC,CD8+ T cells
L3_TCGGATATCTTCGCTG,CD8+ T cells
L4_TGGAACTAGTGAGTGC,CD8+ T cells
L4_ATTTCACCATACCACA,CD4+ T cells
L1_GAATAGACACGGTGTC,CD4+ T cells
L3_GTAGATCAGGACGCTA,CD4+ T cells
E2L1_GGGACTCCAGATCCAT,Dendritic cells
L1_AGTGACTAGTAACGTA,Proliferating cells
L1_ATGTCCCTCCCTCTAG,CD4+ T cells
E2L4_TGCACGGCATTGAGGG,Dendritic cells
L4_GCTGCAGGTCCACACG,CD14+ Monocytes
E2L8_AACACACTCTTCCGTG,Plasma cells
E2L1_CGTAATGAGTCATGCT,B cells
E2L7_AGATGAAAGCCACTCG,CD4+ T cells
E2L6_TCTACCGCAGTTAGAA,CD4+ T cells
E2L6_ATGATCGGTGTGTCCG,CD8+ T cells
L4_AATCACGGTCAGTTTG,CD4+ T cells
E2L4_TCGGGACGTCCTTTGC,CD8+ T cells
E2L6_TGACCCTGTGTGAATA,Plasmacytoid dendritic cells
L5_CTTCCGACAAGAATAC,CD8+ T cells
E2L5_GAAACCTTCCTCTGCA,Plasma cells
L5_TCTATCAAGTCGGCAA,CD8+ T cells
L4_CCGTTCACATTGAGCT,Dendritic cells
L1_GGTGTCGCAAGAATGT,NK cells
E2L2_CCGATCTCAGAAGCTG,B cells
L4_ATTCATCCAGACTCTA,NK cells
E2L6_AGTCACATCCAATCTT,Plasma cells
L1_GAGTGTTTCCTCACTG,Proliferating cells
E2L3_GATTGGTAGATGATTG,NK cells
E2L5_CGGGTGTGTGGGCTTC,CD4+ T cells
E2L3_ACTATGGTCTAACGGT,CD4+ T cells
E2L4_TACTTCACATCTAACG,Dendritic cells
E2L5_GGGTATTTCCATACTT,CD4+ T cells
L4_CCCGGAATCACAAGAA,B cells
E2L1_ATTTACCAGGAATCGC,CD8+ T cells
E2L4_TACCCGTAGGAGTACC,Dendritic cells
E2L4_GAGTGAGTCAGAGCGA,CD4+ T cells
L2_ACATCCCCAGCTGAGA,CD14+ Monocytes
E2L8_ACAACCACATGCTGCG,CD4+ T cells
L5_GGGACTCCACTCCACT,Plasma cells
E2L2_GGCGTCATCTAAGCGT,NK cells
E2L2_TCGAACAGTAACAGTA,CD8+ T cells
L2_TACGGTAAGGATATGT,B cells
L4_CCTCATGTCGTCAGAT,Megakaryocytes
L1_ATCACTTCAGTTGCGC,CD4+ T cells
E2L5_TCGTGCTAGAGTACCG,Dendritic cells
L5_AATGGCTCACAACGTT,CD8+ T cells
L3_GAATAGAAGGGCAGAG,CD4+ T cells
E2L6_TGCATGATCTCCTACG,NK cells
E2L5_GAGTTTGCAGGATGAC,CD8+ T cells
L5_TTCCTTCGTCCAAGAG,Proliferating cells
E2L5_CCGGTGAGTATGTCCA,Proliferating cells
E2L4_TATTGCTCACGCCAGT,Plasmacytoid dendritic cells
L3_CATGGTACATGAGGGT,Plasma cells
E2L6_CGTAAGTAGTTCACTG,NK cells
L1_TTGTGGATCCATCCGT,CD4+ T cells
E2L6_GCCATGGGTGATACAA,B cells
L2_ATTATCCTCCTCAGGG,CD4+ T cells
E2L5_ACTTTGTGTACCACGC,CD14+ Monocytes
E2L3_CTGATCCGTGGAGAAA,CD4+ T cells
E2L7_GTGAGTTTCAGGAACG,Plasma cells
L4_CTCAGTCCAGAACTAA,T cells
E2L8_TCTATACCAGCATGCC,B cells
E2L5_GCCATGGGTGAGTAGC,B cells
L1_ATGCATGCATCTCAAG,CD4+ T cells
E2L6_CATCCCATCTCCTGTG,CD16+ Monocytes
L4_ATTGGGTAGCGATTCT,Hematopoietic stem and progenitor cells
E2L5_TTAGGGTCATTGTAGC,Megakaryocytes
L2_CTAACCCAGCTGGCCT,Dendritic cells
E2L5_TATTGCTCACCCGTAG,B cells
E2L6_CGGGTCAAGTTTCTTC,Plasmacytoid dendritic cells
E2L6_AGCTCAACAGGTGAGT,NK cells
E2L3_GAGTTACTCTGGGCGT,Plasmacytoid dendritic cells
E2L3_TCACGCTAGCCACTCG,B cells
E2L4_CATGCCTGTGGCTTAT,Megakaryocytes
E2L1_TTCCTCTCAGTCGAGA,Megakaryocytes
L5_TTTGGTTTCGTAGGGA,Proliferating cells
E2L5_AGGGTTTTCGTGAGAG,CD16+ Monocytes
L1_TCAGTTTTCGCCGATG,Dendritic cells
L4_ACTATCTTCTCCAATT,CD8+ T cells
E2L4_TACTTGTAGGATCATA,CD4+ T cells
E2L5_CCTCAGTGTAACGCGA,CD8+ T cells
L5_TAATCTCTCTAGCATG,Hematopoietic stem and progenitor cells
L5_GATTCGAAGTCACTAC,Plasma cells
E2L7_CCTCCTCAGGCCTGAA,NK cells
L3_GTATTTCCAAAGACGC,Proliferating cells
L4_ACTGCAAGTATTGACC,CD8+ T cells
L1_GTAATGCAGAAGGGAT,Proliferating cells
E2L7_TCAGCAAGTAGCTTGT,NK cells
L4_GTGCAGCTCGCCGAGT,Proliferating cells
E2L1_CTGAGGCTCGGTTCAA,CD14+ Monocytes
E2L5_TCCACGTTCTCATTTG,Dendritic cells
E2L6_GATCATGGTATGCTAC,CD8+ T cells
E2L1_TCGTGGGCACGACCTG,B cells
E2L8_CTGGCAGGTATCCCAA,NK cells
E2L6_GTTTACTAGTAGTGCG,Megakaryocytes
E2L3_CATACCCCAGATACCT,CD4+ T cells
L1_TGTGCGGAGCTCGCAC,CD14+ Monocytes
E2L3_GTTGCTCAGTACCATC,CD4+ T cells
L1_CAGCGTGAGCGGGTAT,CD8+ T cells
L5_CAAAGAATCCATCGTC,Megakaryocytes
E2L4_GTAGTACGTAGGAGTC,CD4+ T cells
E2L7_CCACTTGAGCTGACTT,NK cells
E2L1_CTCAGGGCACATAACC,CD14+ Monocytes
E2L1_ATCACGATCGTGGAAG,CD16+ Monocytes
E2L1_CCTCAGTGTGGAAATT,CD8+ T cells
E2L7_ATCCACCTCGCAGTGC,Proliferating cells
L1_CCTTTGGAGGAGGGTG,CD4+ T cells
L3_GGAACCCCACTAACCA,CD4+ T cells
L3_AGGAAATCATATACCG,B cells
E2L4_ATACCTTTCAGATTGC,NK cells
L4_TTACGTTCACGCACCA,CD4+ T cells
L1_TCAAGACAGGCACTAG,Hematopoietic stem and progenitor cells
L2_AATTCCTCAGCGGTCT,CD8+ T cells
E2L3_CATGCAAAGCATCCCG,CD8+ T cells
L3_GATGACTAGGGCATGT,Proliferating cells
E2L3_AGGGAGTTCTGGAGAG,B cells
L3_GGTTAACAGGGAGGCA,B cells
E2L1_CGTAATGTCCGAAGGA,CD8+ T cells
L5_GTCTACCTCGGATAAA,CD8+ T cells
E2L5_TCAGTCCCACTACCCT,Megakaryocytes
E2L8_TACCTCGTCAAGATAG,B cells
L3_GATTGGTTCATTGGTG,CD4+ T cells
L1_GCCCGAACATCCTATT,CD14+ Monocytes
E2L8_CTCATGCAGCGTATAA,B cells
E2L3_CGGACACGTGTCTAAC,CD4+ T cells
E2L4_TCCCACACATTCTCCG,CD8+ T cells
L1_GAGTCATTCCCATGGG,CD4+ T cells
E2L5_AGACCATGTCTTACAG,CD8+ T cells
E2L5_CCACGAGCAATTCGTG,Megakaryocytes
L5_TTTGGTTTCCTCTAGC,CD4+ T cells
E2L3_TCTATCATCGATACTG,Plasmacytoid dendritic cells
L1_AATGGAATCAGCAGAG,CD4+ T cells
E2L6_TCATTTGGTTATGACC,NK cells
E2L1_CCTATCGCAGACCCGT,CD14+ Monocytes
L1_TCAAGTGAGGGATCGT,B cells
L5_TCGAACAGTTGCATAC,CD4+ T cells
E2L1_TCACATTGTCGCTTGG,CD4+ T cells
L2_AAGATAGGTGAGAGGG,CD16+ Monocytes
E2L5_TACCGAATCACGGAGA,CD8+ T cells
E2L6_GCCGATGGTTCTTAGG,CD16+ Monocytes
E2L2_AGACAAAAGGAATGTT,Proliferating cells
E2L6_AGGGAGTTCCGAGTGC,Proliferating cells
E2L6_GGTAACTTCTGCGATA,CD16+ Monocytes
L2_TTCCTCTAGCACGTCC,Proliferating cells
E2L1_GTAGCTAGTAGGTAGC,CD8+ T cells
E2L6_CATGGATTCTGTCGTC,Plasmacytoid dendritic cells
E2L7_TGCTTGCTCGGACGTC,Dendritic cells
L4_TGGTGATCAAAGGTTA,CD4+ T cells
L1_GATCGTACAGCTTCGG,Hematopoietic stem and progenitor cells
E2L6_TGATGCAGTGTGCTTA,Plasma cells
E2L2_CCTCTAGTCCTCAGGG,CD16+ Monocytes
L2_ATGTCCCCAAAGGATT,Proliferating cells
L3_CACTTCGCAGTGCGCT,CD4+ T cells
E2L6_GTTAGTGAGGGAGGCA,Proliferating cells
E2L6_AGGGCTCGTTCGTAAC,B cells
L2_TTGATGGCAAATAAGC,Hematopoietic stem and progenitor cells
L1_ATCTCTAAGATGTTAG,NK cells
E2L1_TCGGATACAAGGATGC,B cells
E2L1_GATGTTGTCCTACACC,B cells
L1_CGTCCATCACAGTGAG,CD4+ T cells
L1_ACCTACCTCTTGGAAC,CD4+ T cells
E2L5_GACACGCAGGGTACAC,CD14+ Monocytes
L1_TCAAGTGCAGTTGGTT,CD4+ T cells
E2L8_CACTGGGGTGTACGCC,CD4+ T cells
E2L2_ATGCGATTCTTGGATG,B cells
E2L7_ATTCAGGGTAATGTGA,B cells
L1_ACCGTTCAGTAAATGC,CD4+ T cells
E2L2_ACGGGTCAGTTCATGC,CD4+ T cells
L1_CAACAGTCAGTCGTTA,B cells
E2L2_ACCCTCATCGAGCTGC,CD14+ Monocytes
L1_GGTGATTAGCTACAAA,B cells
L5_ATAGAGAAGGACTTCT,CD4+ T cells
L2_TCGACCTTCAGCCTCT,CD4+ T cells
L4_TACGGTAAGAGCTGAC,Dendritic cells
E2L8_ACCAAACGTTTCACTT,CD4+ T cells
E2L4_GACTATGAGAAGAACG,B cells
L3_GGTGTTATCGATACAC,CD8+ T cells
E2L7_GTTGTCCTCTTTGCAT,CD14+ Monocytes
L2_AGTTAGCTCTACTGAG,CD8+ T cells
L4_TTGAGTGTCGGCTTGG,Plasmacytoid dendritic cells
L4_TGCGGGTAGCGCCCAT,Hematopoietic stem and progenitor cells
E2L8_GTGTAACCATCCGGCA,NK cells
E2L4_CTCCTTTTCATCCCGT,NK cells
E2L7_TCCTTCTAGAACTGAT,Dendritic cells
E2L5_TGGAGGATCGCTGACG,CD8+ T cells
L4_CTGCAGGCAAACCACT,CD4+ T cells
E2L2_CCTTCAGTCGGCGATC,B cells
L4_GGGCGTTAGACGCCCT,CD16+ Monocytes
E2L4_TACGCTCAGTCCCAGC,B cells
E2L1_GGACGTCGTAAGAACT,CD16+ Monocytes
L4_TCCCAGTCAATTAGGA,CD8+ T cells
L4_CGAAGTTCAGTTCACA,B cells
L5_TCACAAGTCGTAACAC,CD4+ T cells
L4_CCTATCGCATACATCG,Hematopoietic stem and progenitor cells
L1_TTTCAGTCAGAACATA,Hematopoietic stem and progenitor cells
E2L5_CCACTTGCATTGCCGG,B cells
L4_GCGATCGGTGTTCCTC,CD4+ T cells
L3_GAACGTTGTATCGAAA,CD4+ T cells
E2L6_GGAGGTATCTCTGAGA,Dendritic cells
E2L1_GTTCGCTTCCTTATAC,Megakaryocytes
L3_GCGAGAAGTCATCCGG,Proliferating cells
L3_CATGGTATCATTTCGT,B cells
L3_ATCGCCTGTCTTTATC,Proliferating cells
E2L2_GACTATGAGTTCTACG,CD4+ T cells
L5_GCACGGTAGGTTCTTG,Proliferating cells
L1_CGGACACCAATCAGCT,CD8+ T cells
L2_CAGTTAGGTAGTGTGG,NK cells
L3_GGGATCCAGTACTGGG,CD4+ T cells
L4_ATCGTAGAGCGTTGTT,CD4+ T cells
L3_TCTTGCGGTATCGATC,Hematopoietic stem and progenitor cells
L1_ACACTGAAGGTAAGGA,CD8+ T cells
L4_ATGCGATGTCACGACC,Plasma cells
E2L3_AGGGTCCGTTACCTGA,CD8+ T cells
E2L3_GAGTTGTTCATCCCGT,Proliferating cells
E2L4_CAACCTCGTATCACCA,B cells
E2L5_ATACCTTGTTAATGAG,CD4+ T cells
L2_GTGTTAGGTGGTCTTA,B cells
E2L1_TCCTTCTTCTGCGGCA,B cells
E2L6_GAGTCATGTGTTTCTT,NK cells
L2_AAACGCTCAGTAGTGG,CD16+ Monocytes
E2L6_CGCGTGAAGCTGTTAC,CD4+ T cells
E2L8_GATGTTGGTTGCCGCA,B cells
E2L3_CAGCGTGTCAGGCGAA,Dendritic cells
E2L6_CACTTCGTCCATCAGA,NK cells
E2L4_CTTCTCTCAGGACATG,CD4+ T cells
L3_CCTATCGTCAACCTTT,CD8+ T cells
E2L3_GAGGCCTCATCCGATA,B cells
E2L2_GCGGAAAAGGGAGGGT,Dendritic cells
L2_GATCCCTCAGAACATA,CD8+ T cells
E2L8_TCACTATGTGACCGTC,NK cells
L5_TCAGGGCTCAGGTAAA,CD8+ T cells
E2L8_CTGGTCTTCTCTGGTC,CD4+ T cells
E2L2_CAGATCACAGGTCCCA,CD4+ T cells
E2L5_GGTTAACTCAGACCTA,Megakaryocytes
E2L6_CGGAGAAGTACCCGAC,CD8+ T cells
E2L6_CATGAGTCAGACATCT,CD4+ T cells
E2L8_AACGGGAAGCCATCCG,CD8+ T cells
E2L6_TGTGCGGAGGAGACCT,CD8+ T cells
E2L5_GGAACCCTCAATCTTC,CD4+ T cells
L2_TGAATGCCAGCATACT,CD4+ T cells
E2L3_TCCATCGCAGAGTAAT,CD8+ T cells
L1_GATGACTCAACCGTGC,CD4+ T cells
E2L4_CTGTCGTCATGACAGG,CD14+ Monocytes
L1_CTCCTTTGTGTCATGT,CD8+ T cells
E2L6_GAGTCTACAGCTCCTT,Megakaryocytes
E2L8_CAACAGTGTAATCAAG,B cells
E2L8_GTTACGAGTCTGTCAA,CD4+ T cells
L4_GGAAGTGGTGTCGCTG,CD8+ T cells
L3_GGGTGTCAGAATCGCG,T cells
L2_GTTTGGACACGGAAGT,CD4+ T cells
E2L7_TCATTGTAGTTCCTGA,Megakaryocytes
L1_CGGAATTAGCTACTAC,NK cells
E2L1_GTAGAGGGTTAATCGC,CD8+ T cells
E2L8_CATGCGGCAATGTGGG,CD4+ T cells
E2L5_CCCTGATGTGTCTTGA,NK cells
L4_ATGCGATAGCCGATTT,CD8+ T cells
L4_ATTCTTGAGGCCCACT,CD4+ T cells
E2L7_TTTCCTCCAAGTTCGT,B cells
L5_TGGGCGTCAGTGGGTA,CD4+ T cells
L2_AGGTAGGCATCTCCCA,CD4+ T cells
E2L7_CCCGGAACAGCACAAG,CD4+ T cells
L1_CAGTTCCTCTGTGCGG,CD8+ T cells
L4_TCACGGGCACTGGAAG,B cells
L3_CCGGACATCTTCCACG,NK cells
E2L8_TATTGCTGTCTACGAT,NK cells
L5_GGTTGTACAAGACGAC,CD4+ T cells
E2L2_TACATTCAGCTGTTCA,Hematopoietic stem and progenitor cells
E2L6_ATCGTGAAGGTTGGTG,CD4+ T cells
E2L6_CTATCCGGTAGAATGT,CD4+ T cells
L5_ACTTATCGTGCAGTGA,CD4+ T cells
L4_TCGGTCTAGGGAACAA,Plasmacytoid dendritic cells
E2L6_TGTGAGTTCCCTAGGG,CD4+ T cells
E2L5_TTTACTGAGTAAATGC,CD4+ T cells
L5_GATCATGCAAGAGGTC,CD4+ T cells
E2L2_TGGGCGTAGAGTGTGC,CD4+ T cells
E2L2_TTTACTGGTAGCGAGT,Proliferating cells
L5_CCCTTAGGTAGTCTTG,Plasma cells
E2L3_TCAGCAAAGGGTAATT,CD4+ T cells
E2L8_TGGATCATCCTTATAC,Dendritic cells
L4_TGTTCTATCTTGGATG,B cells
E2L5_TGTGAGTCATTCTCTA,B cells
E2L4_AGGTGTTGTCAAGCCC,CD8+ T cells
E2L4_TTCTTGAAGTGAACAT,Proliferating cells
E2L6_AGGATAAAGACTACCT,CD8+ T cells
L4_ACGATCATCGAGAACG,Plasma cells
L2_TTACCATGTTGCCGCA,CD8+ T cells
L1_GGTGTTAGTTAGCTAC,CD4+ T cells
E2L6_GTCAAGTCATACCAGT,Dendritic cells
L4_AGACCATCATAATCCG,Dendritic cells
E2L7_GATCGTAGTGCATTAC,CD8+ T cells
E2L7_ATGATCGGTGGTTTAC,NK cells
E2L5_TCACAAGGTTGAGGAC,CD4+ T cells
E2L7_GTCAAGTTCGTTCATT,Dendritic cells
L2_CGAGTTACAACGTAAA,Dendritic cells
E2L6_ATCGATGAGCTCCACG,CD4+ T cells
E2L7_TATGTTCTCAAGCTGT,CD8+ T cells
E2L6_AGACAAAGTCGCACAC,Plasmacytoid dendritic cells
E2L8_TGTGATGTCAAGCTGT,B cells
E2L7_TGATCTTTCAGCAATC,Proliferating cells
E2L4_GCTGCAGAGATGGTCG,Plasmacytoid dendritic cells
L2_GTGAGTTGTAGTACGG,B cells
E2L1_CTGCGAGTCTTGATTC,CD8+ T cells
E2L5_GAAGCCCCACAGTCAT,Proliferating cells
E2L6_TCATTGTTCTAGTTCT,Plasmacytoid dendritic cells
L2_GTCATGACAAACTCTG,Hematopoietic stem and progenitor cells
E2L2_AAGACAACAACTCCAA,CD8+ T cells
L5_ATGCGATGTCACGACC,Plasma cells
E2L5_ATTACTCAGCATCGAG,CD14+ Monocytes
L1_ATTATCCTCACTTTGT,NK cells
L3_TCCGAAAAGCACGTCC,Hematopoietic stem and progenitor cells
E2L8_TGTTGGATCTATCGGA,CD8+ T cells
E2L3_AATGACCCAGAGGTTG,CD8+ T cells
E2L2_CACACAACACTATCCC,Plasma cells
L4_CTCATGCAGCAGTACG,CD8+ T cells
L4_CTGGCAGCATCGTGGC,CD8+ T cells
L5_GGTCTGGCACATTACG,CD8+ T cells
E2L4_GGACGTCTCCTCGATC,CD4+ T cells
E2L2_CTAACCCGTTGTGCAT,Megakaryocytes
E2L4_GAGTTTGGTAGGCTCC,Plasma cells
E2L3_ACACGCGTCGACGATT,B cells
E2L6_TTCCGGTAGTGTAGTA,Plasmacytoid dendritic cells
L3_GCACGGTTCTGTCGCT,CD4+ T cells
L5_TAGGTTGAGCCAGAGT,CD4+ T cells
L1_CCTGCATTCTGAGTCA,Proliferating cells
L4_ACGTACATCGACGCGT,B cells
L2_CCTACGTGTGGCTCTG,CD4+ T cells
E2L8_CAATCGAAGATTGAGT,Megakaryocytes
L2_CACGGGTGTCGCATTA,CD4+ T cells
E2L4_GGTTCTCGTCGTAATC,Megakaryocytes
L5_AAGCCATGTATCATGC,B cells
E2L5_GTACAGTTCGAGTGGA,CD4+ T cells
L2_CTACGGGAGAAGAACG,Dendritic cells
L4_ATCATTCTCAGCTGAT,CD4+ T cells
L3_GTGGAAGGTACAAGCG,CD16+ Monocytes
L1_GGATCTAGTGTCATGT,NK cells
L1_CACTAAGCACTACCCT,CD4+ T cells
L5_TGTGTGAGTCCACATA,Plasmacytoid dendritic cells
E2L6_GGGCTACCACCGTGCA,B cells
E2L4_CTGTATTCAGGCACTC,Plasma cells
E2L4_ACGATCATCGCGGTAC,Plasma cells
L2_ACTGCAATCGGAGTAG,CD4+ T cells
E2L6_AAAGGGCAGTCGAATA,Megakaryocytes
L5_GATTGGTGTCGAGTGA,CD4+ T cells
E2L7_TCAGCAATCCGATGCG,B cells
E2L2_CTGATCCGTCGTCATA,CD14+ Monocytes
E2L7_TCGAAGTGTGTTTACG,CD4+ T cells
L2_TGATGGTAGCCTAGGA,CD8+ T cells
E2L1_CGAAGTTTCCTCACCA,CD4+ T cells
E2L7_GTAAGTCTCTGTCTCG,B cells
E2L3_TTTCCTCTCCCTTTGG,Plasmacytoid dendritic cells
L3_ACTATTCAGGCCTGCT,NK cells
E2L3_GGCGTCACAGACATCT,B cells
E2L3_TGCGGGTTCTAGTTCT,Plasma cells
E2L6_CGACAGCAGCTTCATG,B cells
E2L4_ATTTACCTCAGCGCGT,Plasmacytoid dendritic cells
L2_TTCATGTTCCTAGAGT,Hematopoietic stem and progenitor cells
E2L4_CGGAATTAGTGGAATT,B cells
L2_TGAATCGCAGTGGCTC,CD4+ T cells
L4_GTGAGCCAGACTCGAG,CD4+ T cells
L5_GAAGAATAGATGACCG,CD4+ T cells
E2L6_GGCTTTCCAGGCGAAT,Proliferating cells
E2L3_CTCCTTTTCGAACGCC,CD8+ T cells
E2L2_GGCTTGGAGGGACAGG,CD8+ T cells
E2L7_AGCATCAGTTTCGTTT,Plasma cells
E2L4_TATCAGGGTGCAAGAC,NK cells
L4_CTCCACAAGTGTAGTA,CD4+ T cells
L3_GTGCTTCCAAGTGGCA,CD16+ Monocytes
E2L3_TTGCCTGCATGTGCTA,CD8+ T cells
E2L3_AAACGCTAGGTCGTCC,NK cells
L1_GAGACCCTCGCGTGCA,CD4+ T cells
L1_GTAATCGGTGGTAACG,B cells
E2L5_CAACCTCCAAACAGGC,CD14+ Monocytes
E2L8_TAACTTCAGTGCTACT,B cells
E2L3_TGATTTCAGCACCGAA,CD8+ T cells
E2L8_GGATCTATCTGTCGTC,B cells
E2L7_TTCCAATGTTCTTCAT,NK cells
E2L3_CACGAATTCTGGCCTT,Megakaryocytes
L3_GTGGCGTAGTTGCCTA,Dendritic cells
L3_CACTTCGAGCCTCAGC,Proliferating cells
L5_GTCAAACGTCAACATC,CD4+ T cells
E2L1_ATCAGGTTCACTGGTA,Megakaryocytes
E2L3_GAGGCAAGTCGTTTCC,B cells
E2L8_GATTGGTCAAAGGCTG,CD16+ Monocytes
E2L3_GAGCCTGCAAAGCTCT,Megakaryocytes
L5_AGGTTGTAGCTTCATG,CD4+ T cells
L2_ATACCGAAGAAACTCA,CD8+ T cells
E2L8_TGAGGAGAGATCCAAA,CD4+ T cells
L3_TTGTTTGTCTGGCCGA,CD4+ T cells
E2L5_AGTACTGGTGTTCGAT,B cells
E2L8_CCTCACAAGCTTTCCC,Proliferating cells
E2L6_AGAGAGCAGTCCTGTA,NK cells
E2L1_GCCATTCGTACGATGG,CD14+ Monocytes
E2L2_CGATGGCTCAGCTGAT,Dendritic cells
L2_TCTGGCTGTGCATTTG,CD8+ T cells
E2L6_CAAGGGATCTAGAGCT,Proliferating cells
E2L6_TACCTGCAGACATGCG,NK cells
L4_AGTCTCCCAGCAGACA,Plasma cells
E2L2_ACCAAACAGTCAACAA,B cells
E2L5_CAGATTGAGGCCTTGC,B cells
E2L3_CGGTCAGAGTGCAAAT,CD16+ Monocytes
E2L3_GCCGTGATCGCCGAGT,NK cells
E2L4_TGAGGTTCAATCGTCA,CD8+ T cells
E2L2_GGAAGTGAGGCCGCTT,CD8+ T cells
E2L7_GTCAAGTGTCCTACGG,CD4+ T cells
E2L4_CATTCATCATGAGTAA,B cells
E2L1_CAGTTCCTCTCATGGA,CD4+ T cells
E2L4_AAACCCAGTAGGTCAG,CD4+ T cells
E2L2_CCTATCGCAGCTGAAG,Hematopoietic stem and progenitor cells
L3_ACTGTGAGTGGAAATT,CD8+ T cells
E2L4_ACGGAAGAGGACTAAT,CD4+ T cells
E2L6_ACGGAAGGTACCTTCC,Dendritic cells
L1_CAGGGCTCACGCGTGT,NK cells
E2L4_AACAGGGAGTGGATTA,Proliferating cells
E2L6_ACTTCGCAGGAGAGGC,Megakaryocytes
L2_GGGCTCATCAGTAGGG,CD4+ T cells
E2L6_TCGTCCAAGGGAGAAT,CD4+ T cells
E2L8_ACACCAAGTAGAATAC,CD14+ Monocytes
E2L1_TGGTTAGCACATACGT,B cells
E2L5_TCTGCCATCTCTATAC,NK cells
E2L5_TGGTGATCATTGCCGG,CD8+ T cells
E2L6_TCAATCTGTTGCGAAG,B cells
E2L8_AGTCTCCGTCGATTAC,NK cells
E2L7_GGTTCTCCAAGTGCAG,NK cells
L4_TCGCAGGGTTGCTGAT,Plasma cells
E2L3_ATATCCTTCCCAGGCA,Dendritic cells
L4_AGCGCTGTCACGAACT,CD4+ T cells
L4_ACGATGTAGCTTGTTG,Plasma cells
E2L6_GCTGCAGCAGCGACAA,B cells
E2L4_AAGCCATCAATGCTCA,CD8+ T cells
E2L3_CTTCTAAAGTTGGAGC,NK cells
E2L7_CTCAAGATCGTCACCT,Plasma cells
L2_CGGACACAGCTTCGTA,CD4+ T cells
E2L5_TGGAACTCAGGAGACT,Proliferating cells
E2L5_AAGAACAGTTACGATC,Plasma cells
L2_CCTTGTGTCTTCGATT,NK cells
E2L6_ATAGGCTGTCTGGTTA,CD14+ Monocytes
E2L4_TAAGCGTGTTCGTAAC,T cells
L3_GACTGATAGACTAAGT,CD8+ T cells
E2L1_ACATCGAAGAGATCGC,Proliferating cells
L4_GCACTAATCCGACGGT,NK cells
L2_TGCGACGTCCTTATAC,CD4+ T cells
E2L6_TATCTTGCAGTCTTCC,B cells
E2L4_GGTTGTATCTCGTCAC,Plasma cells
L2_GTCCTCAAGCGTCTGC,CD4+ T cells
E2L8_CCATAAGGTTAATGAG,CD4+ T cells
E2L5_GTTCGCTTCGTAGTCA,Dendritic cells
E2L3_AGGGCTCTCTCGAGTA,CD16+ Monocytes
L1_GTGCACGAGACCCGCT,Hematopoietic stem and progenitor cells
E2L6_GGGTGAACAAGGAGTC,Plasma cells
L4_CCTGTTGCAGATACTC,CD4+ T cells
E2L5_TGGGAGAAGGATGTTA,Megakaryocytes
L2_GACTATGTCTCGAGTA,NK cells
L2_CAGCAGCGTTGTTGCA,CD4+ T cells
E2L2_AGAGAGCTCGCTTGCT,Plasmacytoid dendritic cells
E2L2_CTGATCCCAAAGGGTC,CD4+ T cells
L3_ACATGCATCCTCGCAT,CD8+ T cells
L3_CTCTGGTTCCTTTGAT,Proliferating cells
E2L2_ATACCGACACAGCATT,CD16+ Monocytes
L5_GGCACGTCAATAGTGA,Dendritic cells
E2L7_CTCATGCAGTCTGCAT,CD4+ T cells
E2L6_TCAAGCAAGTCAGCCC,NK cells
E2L5_TTGCGTCCATCATTTC,NK cells
L1_TCTTGCGTCGGAATTC,CD4+ T cells
L2_GCCTGTTTCGGAGATG,CD8+ T cells
L3_ATGGATCAGACTTCGT,Proliferating cells
L5_GATGTTGAGAGAGGTA,CD4+ T cells
E2L8_GTTACCCGTTCCCACT,CD8+ T cells
E2L7_CAGATCAAGATGTAGT,CD8+ T cells
L1_GCCTGTTTCCACTTCG,CD8+ T cells
E2L2_TGTGCGGAGCTGCCTG,B cells
E2L7_CATGAGTGTGGTTCTA,Plasmacytoid dendritic cells
E2L6_GACCAATCAAGACGAC,B cells
E2L3_ATCTCTATCTTAATCC,Plasmacytoid dendritic cells
L4_CGTCCATCAAATCGGG,CD4+ T cells
E2L7_TGCATCCGTCAGTCCG,Plasma cells
E2L4_GTTGCTCCAGCTGCCA,CD16+ Monocytes
E2L4_GGTGAAGAGCAATAGT,Hematopoietic stem and progenitor cells
E2L1_TTCCACGAGTAGGCCA,CD4+ T cells
L2_TGTACAGAGGTCACAG,CD4+ T cells
E2L5_CATTGAGAGAGGTCAC,Proliferating cells
E2L3_CCAATTTGTTTAGTCG,B cells
E2L2_AGGAGGTAGCGTTACT,CD8+ T cells
E2L8_GGTGAAGTCTCAATCT,CD4+ T cells
L4_TTTGACTGTTCTCTCG,Hematopoietic stem and progenitor cells
E2L2_ATTCATCAGTGGCAGT,CD8+ T cells
E2L6_GCCAGTGAGGGCTTCC,CD8+ T cells
L2_TCGGGTGTCCCAAGTA,Hematopoietic stem and progenitor cells
E2L7_GCCGTGACACTCTCGT,Megakaryocytes
E2L4_CGGAACCTCTGAGTCA,Plasma cells
L1_GTCGAATCAATGGCCC,CD4+ T cells
E2L5_TACTTACTCTCTGACC,B cells
L1_TGAATCGGTAAGAACT,CD4+ T cells
L1_CGGAACCGTGTCCGGT,CD4+ T cells
E2L1_CTCCTCCTCATTGTTC,CD14+ Monocytes
L4_TTCCGGTCATGAGAAT,Plasma cells
E2L4_TCGTAGATCGGAGCAA,CD8+ T cells
L3_GGGACCTGTCTAGATC,CD4+ T cells
E2L1_GCCGATGTCTGGGAGA,Megakaryocytes
L1_CCAATGAAGCGTGTTT,B cells
L4_TCGGGACCAAGACTGG,CD4+ T cells
L5_TGCGGCATCTTGAACG,CD4+ T cells
E2L7_GGACGTCTCTTGCAAG,CD4+ T cells
E2L5_GTGCTTCTCGACCTAA,Proliferating cells
L5_CAATACGTCACGGACC,CD8+ T cells
L3_ATAGAGATCGTAGGAG,CD4+ T cells
E2L5_CGCCATTAGAGCAGTC,CD4+ T cells
E2L3_TTCGATTTCTGCGGCA,CD8+ T cells
E2L8_CTCAATTGTACTGCGC,Megakaryocytes
E2L7_GTTAGTGGTAGCTGAG,Proliferating cells
E2L3_TGCTTCGCATTCTTCA,CD14+ Monocytes
E2L4_CTCAGGGTCGACTCCT,Dendritic cells
E2L8_ACTATGGGTCTTACTT,B cells
E2L4_ACTGTGAAGCATCTTG,CD8+ T cells
E2L7_GCCAGCAGTTAATGAG,CD8+ T cells
E2L7_ACCATTTCAGGAGACT,B cells
E2L2_TGGGCGTGTATGACAA,CD16+ Monocytes
E2L6_GATTGGTGTCCATCTC,Megakaryocytes
L4_GATTGGTTCCTCACGT,B cells
E2L6_AACAAGACAGACAATA,NK cells
L4_TTTAGTCAGTCATAGA,CD8+ T cells
L1_AGACTCACATCGGTTA,Plasmacytoid dendritic cells
L4_CTGGACGCACCTCTGT,NK cells
E2L1_CTTCGGTCAACCGCTG,CD16+ Monocytes
E2L5_GGAACCCAGCCGCTTG,Proliferating cells
E2L6_GTGTGGCAGTTGGCTT,Plasmacytoid dendritic cells
E2L4_TAGGAGGCAGGACGAT,CD4+ T cells
E2L6_GGGCTACGTGGAATGC,CD16+ Monocytes
L1_GACCGTGGTTCTTCAT,Hematopoietic stem and progenitor cells
L3_ATCTCTAGTTTCCAAG,CD14+ Monocytes
L1_CGGTCAGGTCGTGTTA,CD8+ T cells
E2L3_ATCGTGACAGGCTACC,CD4+ T cells
L5_GCAGTTAGTGTCTTGA,CD4+ T cells
L2_GTAATGCGTACTCCGG,NK cells
L3_GACTTCCAGGAAACGA,CD16+ Monocytes
L2_CAAGACTAGCATTTGC,Plasma cells
L5_TCAGTCCGTTGGGTAG,Proliferating cells
L4_GTTTGGAAGTTAGTAG,CD4+ T cells
L2_CATCAAGTCGCGGACT,Proliferating cells
E2L6_GAGTTACCAGCTTTCC,Dendritic cells
E2L8_TTTACTGGTATCGTAC,CD4+ T cells
E2L7_GGCAGTCCACACCAGC,NK cells
E2L5_GTTGAACAGGAAGTAG,CD4+ T cells
L3_AACGTCACATCGTTCC,CD8+ T cells
L3_TCACTATAGTGAATAC,CD8+ T cells
E2L3_AACGAAAAGATGCTAA,B cells
L2_AATGCCAGTCCGTTTC,CD14+ Monocytes
L1_TCCCATGAGAGCCCAA,CD4+ T cells
E2L2_GTTGTCCAGATGAAGG,Megakaryocytes
E2L8_TACGGTAAGTTGCTCA,Plasma cells
L3_GCCGATGAGGTGGTTG,CD4+ T cells
E2L7_TGTGGCGGTTCTCCAC,Plasma cells
E2L4_AGATCGTGTTCCGCTT,Proliferating cells
L5_TGAACGTAGCGATCGA,CD8+ T cells
E2L8_TCATTCATCGCGTGCA,CD4+ T cells
E2L7_TTGTTCATCCTCTAGC,CD8+ T cells
E2L5_CACTGGGCAACCGGAA,CD8+ T cells
E2L3_CGGGTGTCAAGGAGTC,Megakaryocytes
L5_TGAGGGACAAGATCCT,CD4+ T cells
E2L2_AACAAGAAGGCTTAGG,CD8+ T cells
E2L6_TTACAGGTCCACGGAC,B cells
E2L8_ACCATTTTCTGAATCG,NK cells
E2L1_CTGATCCGTAGCGTCC,CD14+ Monocytes
L3_TTCCTCTAGATCACCT,CD8+ T cells
E2L2_TTACCATGTCAAGCGA,Proliferating cells
E2L7_TACAACGAGCAGGCAT,Plasmacytoid dendritic cells
L2_GGGTCTGCAGGTTCGC,NK cells
E2L2_ACGATGTAGCCTCATA,B cells
L2_AACGGGACAATGTTGC,B cells
L5_CATTGTTTCCCGAGTG,NK cells
L5_CGAGGAACATTCTCCG,CD4+ T cells
L2_GGAATCTAGGCTAGCA,CD4+ T cells
E2L3_GCGGAAACAATCGCAT,CD8+ T cells
E2L7_ATGTCTTAGTTGCATC,Hematopoietic stem and progenitor cells
E2L7_TGAACGTAGCTTTCCC,CD14+ Monocytes
E2L2_CTAACCCCAAATGGAT,CD8+ T cells
L1_TTGTGGATCTCCATAT,CD8+ T cells
L1_ACCAACAAGGATGTTA,CD8+ T cells
L1_CTCAGGGTCGGCAGTC,B cells
L5_CTGCTCAAGAGTGACC,CD4+ T cells
E2L1_TCAATTCCAGCAGATG,CD4+ T cells
E2L7_GCATTAGAGTATGCAA,Plasmacytoid dendritic cells
E2L1_TGTTCCGGTCTGTTAG,Proliferating cells
E2L4_GCTACCTTCGCCTATC,Dendritic cells
E2L3_GTAGAAAAGCAGGCAT,CD4+ T cells
L4_TACGTCCGTGGTCCCA,CD8+ T cells
L5_CTATAGGAGGCCTAGA,CD4+ T cells
E2L6_AGGTTACTCCGTGCGA,Megakaryocytes
E2L2_TCTTTGATCTTTCGAT,Dendritic cells
L5_GTGTAACAGTGCGCTC,CD4+ T cells
L5_ACTATGGTCGACGTCG,CD4+ T cells
E2L8_GGTGGCTCAAGAAACT,CD4+ T cells
E2L8_TTAATCCGTGTCTTCC,CD4+ T cells
E2L1_TTGGGCGGTAGTGCGA,CD8+ T cells
L5_AAGGTAATCTACTTCA,Hematopoietic stem and progenitor cells
L1_CCTGCATCACGCCACA,CD4+ T cells
E2L4_TCTAACTTCGAGTGGA,Dendritic cells
L4_TCATTCAGTTCTTGTT,Plasmacytoid dendritic cells
E2L6_TCACTATAGGAACATT,CD8+ T cells
L1_CTCAACCTCATGGCCG,CD4+ T cells
L4_CGGAATTTCGTTCTCG,CD4+ T cells
E2L5_AATCGACCACCAGCCA,Plasmacytoid dendritic cells
E2L6_TACGGGCAGGTGAGCT,Megakaryocytes
E2L5_TCCATCGAGCAGCCCT,CD4+ T cells
L3_ATGGGAGGTCCAGCCA,Plasmacytoid dendritic cells
L5_TTCCGGTCAAACCATC,CD8+ T cells
E2L7_ACAGGGAGTAATGATG,Plasmacytoid dendritic cells
L4_ACTGCAAGTCCCTGTT,Megakaryocytes
E2L6_TTACGTTCAAGTTTGC,CD8+ T cells
L5_AAAGTGACAGGTACGA,Plasmacytoid dendritic cells
L1_AGATCGTTCGTCGCTT,CD4+ T cells
E2L3_AGCTTCCCACAATGTC,Proliferating cells
L1_AAGGTAAGTACTGCGC,CD8+ T cells
L2_TTCGATTAGTTGAAGT,NK cells
E2L2_GCATCGGCATACTTTC,NK cells
L3_ACCAAACAGGTAGTAT,Dendritic cells
L2_GCAACCGCACGCCACA,CD4+ T cells
E2L5_TTCCAATTCATAAGGA,B cells
L4_GGTAACTGTACTCGTA,CD8+ T cells
E2L1_CAGAGCCTCTCCGCAT,Dendritic cells
E2L1_TCCCAGTTCACCCTTG,CD16+ Monocytes
E2L5_CGTTGGGGTCCGAAAG,CD4+ T cells
E2L5_ACTTCCGAGTGATCGG,B cells
E2L4_GGTAATCTCCACAAGT,CD8+ T cells
E2L4_TGCTCCACAGGGAATC,Plasmacytoid dendritic cells
L4_GCTGAATTCTATCGTT,CD14+ Monocytes
L4_ATTCAGGTCAGCTTGA,Dendritic cells
E2L4_CCCTCTCTCTTCGCTG,NK cells
E2L1_GGAGGATGTCCCGTGA,CD4+ T cells
L3_TCAGTCCCACGGCACT,Hematopoietic stem and progenitor cells
E2L6_AGGACGACAACACAGG,CD14+ Monocytes
L1_TCGAACATCTGAGGTT,Plasma cells
E2L1_ACAAAGAGTATCGCTA,Plasmacytoid dendritic cells
E2L8_TGTGTGAAGGGACTGT,NK cells
L1_ATGAAAGTCGACGACC,CD8+ T cells
E2L3_TCCTCGAGTATGAGCG,Megakaryocytes
L4_TGAGGGAAGCACAAAT,CD4+ T cells
E2L4_ACCAAACCAGAGACTG,Proliferating cells
E2L7_AAGACAATCCTGTTAT,CD14+ Monocytes
E2L4_AAGAACATCTCGCTTG,CD8+ T cells
E2L2_CGTAATGCAGACCAAG,CD8+ T cells
E2L3_GTAGTACCAACGTATC,CD4+ T cells
L2_CATGAGTGTTTGCAGT,CD8+ T cells
L4_GATGTTGGTAAGTTAG,Proliferating cells
E2L6_CCGAACGAGAGCCGAT,Dendritic cells
L5_ACAGCCGCAAGATGGC,CD4+ T cells
L2_GTATTGGCAGGAGGAG,Plasma cells
L2_TCTCTGGCAACAAAGT,CD4+ T cells
E2L8_GATGTTGTCCGAAGGA,CD16+ Monocytes
L2_TCTACATTCCTGTTGC,T cells
L2_TCACACCGTGGTGATG,Proliferating cells
E2L6_GCCCAGAAGCAGGTCA,CD16+ Monocytes
E2L2_TTCCACGTCCGCTTAC,CD8+ T cells
E2L3_ATTCCATGTAGCTCGC,NK cells
L5_AGATAGAGTCTACAAC,Proliferating cells
E2L8_CGTTCTGAGACCAGAC,B cells
L3_GTCCCATTCATACGGT,CD4+ T cells
E2L5_TGTTTGTGTTTGCAGT,B cells
E2L5_ACGTAGTTCCGACGGT,T cells
E2L7_GATGACTTCGCTGTCT,T cells
L3_GGAGGTAAGCATGTTC,CD4+ T cells
E2L7_TGGGTTAGTGCATGAG,CD14+ Monocytes
L5_AAGCATCAGCCTCTTC,Hematopoietic stem and progenitor cells
L5_AAGTTCGCATGGGTTT,CD4+ T cells
E2L7_GTAATCGTCAGACCGC,CD14+ Monocytes
L5_CCTCATGTCCATCCGT,Plasmacytoid dendritic cells
L1_CTACAGAGTGATTGGG,NK cells
L5_TTAGGGTCAGCCTTCT,CD4+ T cells
E2L2_GAGTGAGGTTGCCGAC,Proliferating cells
L1_TCAGTGATCCGCAAAT,CD14+ Monocytes
E2L8_GTAGAAACAGGTACGA,Plasmacytoid dendritic cells
L1_TCAAGTGGTCAACCTA,Megakaryocytes
L5_TAGACTGTCCCTTGTG,CD16+ Monocytes
E2L2_CTCATTACAGATCATC,CD4+ T cells
L2_AGTCACAGTTCGTAAC,B cells
L4_TTTCACACAATATCCG,CD4+ T cells
L3_AAGGTAATCCACATAG,B cells
L2_GATAGCTTCATCCTAT,B cells
L3_ATCGTCCGTTCGGCGT,Megakaryocytes
L4_TGTGTGAGTTAAACCC,CD8+ T cells
E2L1_TACCTGCTCAAGCCCG,NK cells
L3_CATCCCAAGACATGCG,CD8+ T cells
E2L2_CGGGTGTGTACTGTTG,Proliferating cells
L2_TCTTAGTAGGCCATAG,CD4+ T cells
E2L7_TCCTCTTAGTCGGCCT,Megakaryocytes
L1_TTTACTGGTTACCCAA,Hematopoietic stem and progenitor cells
L2_GAAACCTTCGCATTAG,CD8+ T cells
E2L2_CTCATGCAGACGAGCT,CD8+ T cells
E2L8_ACATTTCGTATACGGG,CD8+ T cells
E2L1_GGGTAGATCATTGGTG,NK cells
L3_GCGATCGGTTTACGTG,CD14+ Monocytes
L5_GTCCTCAAGCGGCTCT,CD4+ T cells
E2L4_TCCTCCCGTGTTAAAG,Plasmacytoid dendritic cells
E2L1_TCTCACGTCACGGACC,CD8+ T cells
E2L5_GGGTGTCCATGCTGCG,B cells
E2L2_GTGTAACTCCGCACTT,CD4+ T cells
L2_TATATCCCAGCCGGTT,CD4+ T cells
L3_AACACACTCCTCGATC,CD8+ T cells
L2_TCTCCGATCAGCGCGT,Plasma cells
L1_CGATGGCTCATGTCTT,CD16+ Monocytes
L2_TGTGAGTCACAGTGAG,CD4+ T cells
E2L5_CAGCCAGAGTGGCAGT,B cells
E2L6_CCCTCTCTCTTCCCGA,CD4+ T cells
L1_ATGGATCAGTCTCCTC,B cells
E2L4_TGTTGGAGTCCTACAA,Plasma cells
L5_CCACACTTCCCGAGAC,Hematopoietic stem and progenitor cells
L4_TATTGCTAGTTACGTC,CD16+ Monocytes
E2L1_AGAAGCGGTGGACCAA,Megakaryocytes
L4_TTTGTTGAGTAACGAT,Proliferating cells
L5_GAGGCAAGTTCAAGGG,Dendritic cells
E2L7_TACGTCCGTGTCGCTG,Plasma cells
E2L3_TTTCATGAGAATCGAT,B cells
E2L7_GCATCTCTCCTCTTTC,CD4+ T cells
L2_ATAGAGATCCTCGATC,CD4+ T cells
L3_CGAAGTTCAGACCTGC,CD4+ T cells
E2L5_TGACAGTGTCACAGAG,CD8+ T cells
L2_AACCTGACAGGAATAT,CD16+ Monocytes
L4_GATCAGTAGAGCTTTC,CD4+ T cells
L2_CCACCATGTGGCGCTT,CD16+ Monocytes
E2L6_TACAACGGTAGAGATT,CD16+ Monocytes
E2L5_GCCGTGACACCTGTCT,B cells
E2L8_TGTCCCACAGGGCTTC,CD8+ T cells
L4_AACGGGAAGACGCCAA,NK cells
L2_TACGGTAGTCACCCTT,NK cells
L4_CACATGACAAACAGGC,CD14+ Monocytes
L2_AACCATGTCCTCTCGA,Hematopoietic stem and progenitor cells
E2L5_TGTCCACGTGGGATTG,CD8+ T cells
L2_TGCTTGCCATGTTCGA,CD4+ T cells
E2L4_TACCTCGCACGCAAAG,CD4+ T cells
E2L3_TGGATGTAGCAAATGT,CD4+ T cells
E2L1_ATTCTACCATCTAACG,Plasmacytoid dendritic cells
E2L1_AAGTGAAGTGGATGAC,CD8+ T cells
L2_TCAGTGATCAGCTTGA,CD4+ T cells
E2L3_TCAATCTCACTGTCCT,CD4+ T cells
L2_GACTCTCTCCCATTTA,CD4+ T cells
E2L1_GTAGGAGGTTCTCAGA,CD4+ T cells
E2L5_AATCGACTCCATCGTC,Proliferating cells
L2_AGGATCTAGTGGACGT,Proliferating cells
E2L6_GTTTGGAAGATGCTGG,CD14+ Monocytes
L1_TCTTAGTCATCAACCA,CD4+ T cells
E2L8_TGAGCATGTGAAAGTT,Plasmacytoid dendritic cells
E2L5_CAGTTCCAGGTGTGAC,CD8+ T cells
E2L8_GTGCTTCTCCTCTCTT,CD4+ T cells
E2L6_TCCTGCATCCAAACCA,CD8+ T cells
L4_TCATATCAGGTAGGCT,CD4+ T cells
L1_AGACACTGTGTTAGCT,Plasma cells
E2L1_AACCTGATCGTAGAGG,Megakaryocytes
E2L3_CTCCTTTCATCTCCCA,CD14+ Monocytes
L3_AGAACAAAGTGGCAGT,Proliferating cells
L1_CATCGGGGTCTCCCTA,CD4+ T cells
L5_CCAATTTCAAGAATGT,CD8+ T cells
E2L8_ACATCCCCATGTTACG,Plasmacytoid dendritic cells
E2L8_CTCAGTCAGTGCCCGT,Proliferating cells
L4_TCCCACACATGCAGCC,Hematopoietic stem and progenitor cells
E2L2_AGTAACCGTGGCTAGA,NK cells
E2L7_CCTAAGACAATAACCC,NK cells
E2L1_GATGACTCATGCGGTC,NK cells
L5_CGAGTTACATGCCGAC,CD4+ T cells
L1_GTACAACGTAACCAGG,CD8+ T cells
L1_TGGATGTGTAAGATTG,T cells
L1_CACAGATTCGATACTG,CD4+ T cells
L4_GGGTCACGTCCTCCTA,Dendritic cells
L5_GAAACCTGTGGTCCCA,CD8+ T cells
L3_GTAACACTCGCAGATT,CD4+ T cells
E2L4_CATGCTCGTCCAGCCA,Dendritic cells
L3_ATCACAGAGAAGTCAT,CD4+ T cells
L2_TGTGGCGGTGAAAGTT,Hematopoietic stem and progenitor cells
L3_TCATATCTCTCTCGCA,CD4+ T cells
L5_CGAATTGAGCAGAAAG,CD8+ T cells
E2L6_ATTGTTCGTGTCCGGT,Dendritic cells
E2L7_ACGGTCGTCGTTGCCT,NK cells
L1_GCCAGCACAGCAGTTT,Dendritic cells
L4_TACCCGTTCTACGCGG,CD14+ Monocytes
L5_TACATTCGTACCATAC,NK cells
L3_GCCTGTTGTCGAACAG,CD4+ T cells
E2L6_GTCATGACATAACTCG,B cells
E2L3_GCACGGTAGATGTTCC,CD4+ T cells
L5_TACTTGTTCTCTCTTC,NK cells
E2L6_ATCTTCAAGTCTACCA,Dendritic cells
E2L3_AGTCTCCAGAACTGAT,CD4+ T cells
L3_ACCTACCAGGTCACTT,CD4+ T cells
L1_TACGTCCGTGTCCAAT,CD4+ T cells
E2L3_AATTTCCCAATAGTGA,CD4+ T cells
E2L7_CTTACCGAGGTGATCG,Proliferating cells
L5_GCTGCAGCATGCCATA,Plasma cells
L5_ACATTTCAGGTTAGTA,CD4+ T cells
L2_ACACCAAGTTTCACTT,CD4+ T cells
L1_TTTAGTCCAGCAGTTT,T cells
E2L3_ACGTAGTAGTAGTCAA,B cells
L3_ACCTACCGTCACTCAA,CD4+ T cells
L2_AACTTCTGTCGTCGGT,CD8+ T cells
E2L5_TCATGCCCAAATGAGT,Proliferating cells
E2L2_ACCCAAAGTGCGACAA,Dendritic cells
E2L2_TCGCTTGTCGACGAGA,Proliferating cells
E2L4_GGCTGTGTCCCGATCT,CD16+ Monocytes
E2L3_CGGACACAGCGAACTG,CD8+ T cells
E2L5_TCTTGCGAGTCTTGGT,CD4+ T cells
L2_TGTCAGATCCATCTGC,CD14+ Monocytes
L4_ATGCCTCCATGGCCCA,CD16+ Monocytes
E2L8_CATGAGTGTCGAATGG,CD4+ T cells
E2L2_GTGAGCCTCACGAACT,CD4+ T cells
L4_TGCATCCCAGACGCTC,Hematopoietic stem and progenitor cells
E2L2_CTCGAGGAGACGCCCT,CD4+ T cells
E2L7_TGCGATAAGTATTAGG,CD8+ T cells
L1_AAAGTGAGTATCGTAC,CD14+ Monocytes
L2_CGGGTGTTCTCAGAAC,CD4+ T cells
L3_ATCAGGTCATCAACCA,CD8+ T cells
E2L2_CTTGATTTCCGATCGG,Dendritic cells
L3_TTGCTGCCACTACGGC,B cells
E2L7_ACTTCGCAGCGGCTCT,B cells
L4_TGCAGTAGTGGACTGA,T cells
L3_CGGAACCTCCAAGAGG,CD8+ T cells
E2L2_CAATCGAAGATCCCAT,B cells
E2L2_ATGAAAGTCTTAGGAC,CD8+ T cells
L4_AATGGCTTCTACCAGA,B cells
L4_CAGTGCGGTTATGGTC,Proliferating cells
L5_CCGGGTATCGCTGACG,CD4+ T cells
L2_CCCAACTGTTCAGGTT,CD14+ Monocytes
E2L8_CTCATTAGTGGGTATG,B cells
L2_CTGAATGTCAAGCCAT,B cells
E2L6_TCAATCTCACTGAATC,B cells
L2_TCATGCCAGACTTAAG,CD8+ T cells
E2L2_AAGCCATGTATCCCTC,Dendritic cells
E2L4_TAACCAGCATCCTTGC,CD8+ T cells
E2L2_CGTTGGGAGAACAAGG,Proliferating cells
L1_GCGATCGCAAATGATG,CD4+ T cells
E2L5_CTGCTCACAGTGACCC,CD8+ T cells
E2L1_CGATGGCCATGAATAG,CD8+ T cells
E2L5_AGTGTTGGTGTTGCCG,CD4+ T cells
E2L1_ATGCGATCAACCCGCA,CD4+ T cells
L1_GTTGCGGAGTATGTAG,CD4+ T cells
L1_GGGTGAAGTTCGTAAC,CD8+ T cells
L4_TTACCATCAGCAGTGA,Plasma cells
L2_GATGTTGAGCCAAGCA,CD8+ T cells
L2_TCACATTCAATGGCAG,CD4+ T cells
L2_TCATGTTAGTATGGAT,CD4+ T cells
L2_TTCATGTAGGAAGAAC,Plasma cells
E2L8_GTCACTCTCACCCTCA,CD14+ Monocytes
E2L3_AAAGGGCTCGACATAC,Megakaryocytes
E2L7_GTGGGAAGTGAATATG,CD4+ T cells
E2L3_AGCCAATTCCGTGGGT,CD4+ T cells
E2L8_CTTTCAAAGGCACGAT,CD14+ Monocytes
L2_CATTGCCCAGATCACT,CD14+ Monocytes
L4_GATCACATCCAATCCC,Dendritic cells
E2L2_AATGCCATCCTGTTAT,CD8+ T cells
E2L6_AACGGGATCCAACTGA,Dendritic cells
E2L6_CTGCATCGTGTCTTGA,NK cells
E2L2_GATGGAGCATTCACAG,CD4+ T cells
E2L3_CAGATACAGCCGGATA,Plasmacytoid dendritic cells
L3_TTACCGCAGCCAGTAG,CD4+ T cells
L5_CCTACGTCAGCTACAT,Hematopoietic stem and progenitor cells
E2L5_TGCCGAGTCTGGGTCG,CD4+ T cells
E2L2_AGAGCAGCAGCATTGT,CD4+ T cells
L3_TGCAGTATCGGCCCAA,Proliferating cells
L1_GTTAGTGCACACGGAA,CD8+ T cells
E2L7_TGCGGCAAGAGGACTC,CD8+ T cells
L4_GAGGGTAAGCGCAATG,Hematopoietic stem and progenitor cells
E2L6_CACATGAGTCGAATGG,NK cells
L1_GAGTTGTTCATTCGTT,CD4+ T cells
E2L4_GAGTGAGCAAACCATC,Proliferating cells
L4_ATCCCTGGTATCAGCT,CD8+ T cells
L5_TGATGCAAGTCGCGAA,Dendritic cells
E2L2_TGGGCTGGTCGCTTAA,CD16+ Monocytes
L2_GGGACCTGTCCCACGA,Plasmacytoid dendritic cells
L3_GGCTTTCAGTAAGAGG,CD4+ T cells
E2L1_GGAAGTGAGAGTGTTA,Megakaryocytes
E2L1_AGGTTACCAATTGAGA,B cells
E2L7_ACTCCCAGTTGGGCCT,CD8+ T cells
E2L3_TGTAAGCCAATTCGTG,Dendritic cells
L5_CACATGATCGCCGTGA,NK cells
E2L8_GGTGTCGCAAGCACCC,CD14+ Monocytes
E2L4_GGATCTAGTCGAGTGA,CD8+ T cells
L5_CATGGTACAAGGTCTT,T cells
L5_GGAACCCGTTCTCAGA,Plasmacytoid dendritic cells
E2L2_AAATGGACATTGTGCA,Dendritic cells
E2L1_CTTGAGACAAAGGCGT,CD4+ T cells
E2L2_GCACGGTGTTGACTGT,NK cells
L4_CTATAGGTCCCGTTCA,NK cells
E2L8_CTGATCCTCCTCAGGG,CD8+ T cells
E2L2_TGCTGAAGTCGTTGGC,B cells
E2L3_CGTTCTGGTAGAGCTG,CD8+ T cells
E2L6_ACGTAGTTCGATCCCT,Plasma cells
E2L7_GTGCTTCCACCAGCTG,Megakaryocytes
E2L4_TCGTAGACAACACGAG,B cells
E2L4_TTCACCGCACTTGTCC,Plasma cells
E2L2_ACGTAGTGTATTCCGA,B cells
E2L1_TTGTGTTCACCGGCTA,B cells
L5_CCTCATGCATGACGAG,NK cells
E2L4_TTTCAGTTCCTATTGT,CD8+ T cells
E2L5_TGTAACGCAACACAAA,T cells
E2L2_CGGGTCATCCAGCCTT,CD14+ Monocytes
L1_GTTAGACTCTAGTTCT,CD4+ T cells
L1_GTACAACAGTTATGGA,Hematopoietic stem and progenitor cells
L1_GAGTTTGTCGTAGAGG,CD8+ T cells
L3_TCGCTTGCAACTCCAA,B cells
E2L4_TCGGATATCTTCCCGA,CD4+ T cells
E2L7_TTACAGGAGCTCGGCT,NK cells
E2L6_GAGAAATCACGGCACT,Plasmacytoid dendritic cells
L1_GTTATGGTCTCACTCG,CD4+ T cells
L3_CAGATACCACAAGGTG,NK cells
E2L6_CCTACGTTCGAATCCA,CD8+ T cells
E2L5_GTTTACTTCTGTTCAT,Plasma cells
L4_CCACGAGAGAGAGTTT,CD8+ T cells
E2L6_TAAGCACAGTACGAGC,Plasmacytoid dendritic cells
L5_GTACAACAGACAGCTG,CD8+ T cells
L4_ATGTCCCCATACAGGG,CD4+ T cells
E2L4_ATTACCTAGATACAGT,Proliferating cells
L1_GGGCTCAGTTCTTAGG,Hematopoietic stem and progenitor cells
L1_CACTAAGCACGAAAGC,CD8+ T cells
E2L6_AGTTAGCTCTAAGCGT,Plasmacytoid dendritic cells
L4_CTCCCTCGTCCGAAGA,Plasmacytoid dendritic cells
L5_ACCCTCAGTGGATCAG,CD16+ Monocytes
L2_GCCAGCATCGAGCCAC,NK cells
E2L8_TATCAGGCAAGTTGGG,Hematopoietic stem and progenitor cells
L1_CCGGGTAGTTTACTGG,Plasma cells
E2L8_GGGACAATCTTGGTCC,NK cells
L1_CTCCATGCATCGGCCA,CD8+ T cells
L5_TTACCATAGATAACAC,CD8+ T cells
E2L7_ATTCCTACAGGTCCCA,CD4+ T cells
E2L2_CTTACCGTCTCCTGCA,CD8+ T cells
L4_CCATCACAGACGCCCT,CD8+ T cells
L1_AGGGTCCAGACTACCT,Plasmacytoid dendritic cells
E2L3_TTCACGCCAGCAGTTT,CD8+ T cells
L2_GAATCGTTCCACGTGG,B cells
L3_GTCGTAATCCGTGACG,CD14+ Monocytes
L2_GAGATGGTCGAATGCT,Hematopoietic stem and progenitor cells
E2L8_TTTGATCCAATGTGGG,Megakaryocytes
E2L7_AACCATGAGCGGGTTA,Dendritic cells
E2L6_GGGAGATGTGCATTTG,CD4+ T cells
E2L4_CATGAGTCACGACGCT,Proliferating cells
E2L6_TCAGTCCGTGTTACTG,Dendritic cells
L1_GTATTTCCATGGCTGC,Hematopoietic stem and progenitor cells
E2L1_CTTCTAACAGGCTCTG,Hematopoietic stem and progenitor cells
E2L4_TACCCACCACCGCTGA,CD4+ T cells
L5_TACATTCTCTTTGATC,CD8+ T cells
E2L6_GCCGTGAGTAGACAGC,CD4+ T cells
E2L7_GTGCAGCTCCGTGGGT,CD4+ T cells
L5_CGCCAGACAAACCACT,CD8+ T cells
L1_AGGCTGCTCTAGCCTC,Plasmacytoid dendritic cells
E2L2_CCACGTTGTGGGACAT,B cells
L4_GTAAGTCGTCGCATGC,Dendritic cells
E2L1_AATAGAGTCCGGACGT,NK cells
L2_TTGTGGATCTGCCTCA,CD8+ T cells
E2L4_AGGTCTAAGCCTCAGC,NK cells
L2_GTGCAGCAGGTTGGTG,Proliferating cells
L1_ATTGTTCAGCCACAAG,CD4+ T cells
L3_GATCACACAGTTCCAA,Megakaryocytes
E2L6_CACTAAGTCGTTCTAT,CD16+ Monocytes
L4_GGAATGGCAGAAGCGT,CD4+ T cells
L2_CATGCTCAGTATGATG,CD4+ T cells
L5_GTAGGTTCATCCTAAG,CD4+ T cells
E2L4_ACGATCACAATAGAGT,Megakaryocytes
E2L2_AATCACGCATCCGATA,NK cells
E2L2_TCAGTGATCTAAGCCA,T cells
E2L2_CAAAGAAGTACCGGAA,CD8+ T cells
E2L6_CCGGACAAGAGTTGTA,Plasmacytoid dendritic cells
E2L5_TTCGCTGGTCAGGAGT,B cells
E2L7_TTTACTGCAGCGTTGC,Dendritic cells
L4_TACCTCGCACACACGC,CD8+ T cells
L5_CGACAGCTCTCGTGAA,CD4+ T cells
L5_CCCTGATGTCCCGGTA,Plasma cells
E2L3_TAGACCATCTTTGATC,CD4+ T cells
L1_AGGCTGCTCTGCGGAC,CD4+ T cells
E2L3_TAACGACAGCCTTTGA,Hematopoietic stem and progenitor cells
E2L6_GTTCTATAGGAGGCAG,CD4+ T cells
E2L3_ATATCCTTCTGCTTAT,CD8+ T cells
E2L1_AGTCAACAGCATGCAG,Dendritic cells
L1_GTCTCACCATTGTCGA,CD4+ T cells
L4_CGAGGAAGTTCAGCGC,CD4+ T cells
L4_GTGCAGCCAAATAAGC,CD8+ T cells
L3_ACGGTCGGTGCCGTTG,B cells
E2L3_TCATATCTCTGCGATA,CD4+ T cells
E2L2_TGCAGATTCACGGTCG,CD8+ T cells
E2L7_CCACACTCACGCGTGT,NK cells
E2L7_GTGCAGCCAAGATGTA,CD16+ Monocytes
L5_TTACAGGGTTCTTGCC,CD16+ Monocytes
E2L2_CCCTCAAAGTGGCAGT,CD8+ T cells
E2L7_GAAGTAAGTATCAGCT,Megakaryocytes
L3_GGTCACGCACCGTCTT,CD4+ T cells
L2_TCCTAATTCCAGTGCG,CD4+ T cells
L2_TTCCTCTTCGGCTATA,CD4+ T cells
L1_TGATCTTTCGCTGACG,CD4+ T cells
E2L2_TTTACCAGTCAAGTTC,Proliferating cells
E2L5_GATGGAGTCCGCGGAT,Megakaryocytes
E2L2_GCAACATGTATACCTG,Dendritic cells
L2_CTTTCGGAGAGAGCCT,B cells
E2L8_TCCGGGAGTGTTGATC,CD8+ T cells
E2L7_TCATGAGGTCTCAAGT,CD14+ Monocytes
L1_GTGAGCCAGATTCGCT,Dendritic cells
E2L5_ATAGACCTCAATCCGA,CD4+ T cells
E2L3_AGTCTCCAGTTGAAAC,B cells
L3_AGGGTTTGTGTGACCC,Megakaryocytes
E2L5_GAAATGATCGCGTGCA,CD4+ T cells
L4_TCTACCGAGCGTTGTT,CD4+ T cells
E2L5_AGGAGGTAGTGTTCAC,Proliferating cells
E2L8_ACGTAGTTCATGAAAG,NK cells
L3_TCACACCCAAGTGGGT,CD4+ T cells
E2L3_TACTTGTTCGAAGCCC,CD16+ Monocytes
E2L5_CAAGAGGCATACTTTC,CD8+ T cells
L5_GTAGAGGTCTTTACAC,CD8+ T cells
E2L6_TGAGGAGTCGTACCTC,Plasmacytoid dendritic cells
L1_TAATCTCAGCGTGTTT,CD8+ T cells
E2L1_ACCACAAAGAGCATAT,CD8+ T cells
E2L7_AACAAAGGTTCAGTAC,CD14+ Monocytes
L5_CGTTAGATCGGACAAG,CD4+ T cells
L3_ACACCAAGTAACGCGA,B cells
E2L6_TACAGGTTCTGCCTGT,Proliferating cells
E2L2_GTCATCCTCCTCGATC,CD8+ T cells
L1_GCAACCGGTAGTGTGG,B cells
L5_CATCAAGCATTCATCT,Dendritic cells
E2L7_TAACCAGGTGGCTACC,CD8+ T cells
E2L1_AGGGTTTGTGCGGTAA,Hematopoietic stem and progenitor cells
L5_TCAAGCATCCGAAATC,CD4+ T cells
E2L1_GCGATCGAGTATGACA,Plasmacytoid dendritic cells
E2L3_AGACAAAAGATGACCG,Proliferating cells
L3_GGCTTTCTCCTAAACG,CD4+ T cells
E2L8_ATCCTATAGAGGGTGG,B cells
L2_TAGTGCACAATCTGCA,CD8+ T cells
E2L8_GTTGCTCTCGGTGTTA,CD8+ T cells
L2_TTACAGGCAGACGGAT,Plasmacytoid dendritic cells
E2L7_CCGGTAGGTGTAGCAG,CD4+ T cells
E2L4_ACAGGGATCGGTGTAT,CD4+ T cells
L2_CCGATCTGTCGTGGTC,CD4+ T cells
E2L8_TCTTGCGTCAGCTTGA,B cells
E2L2_ACGTTCCAGCTGGCTC,NK cells
E2L2_TTGAACGGTGTTTGCA,NK cells
E2L8_AAGACTCAGCGATCGA,CD8+ T cells
E2L5_GCATTAGGTACAGTTC,Plasma cells
E2L4_GCCAGGTTCTGTCGTC,Proliferating cells
L4_GCATCGGCATGGCTGC,CD8+ T cells
L4_ACCATTTAGCATCCCG,CD8+ T cells
L3_TGCGACGGTGGTCCCA,Dendritic cells
L2_TTAGTCTTCTGGCCAG,CD4+ T cells
E2L8_TCATGTTGTGTTCAGT,NK cells
L4_GCGGATCCAACGGGTA,Plasma cells
E2L1_TCAAGACGTATCGGTT,CD4+ T cells
L5_GAAGTAATCTTCGTGC,CD8+ T cells
E2L2_TTTGATCAGCCATTCA,NK cells
L3_TGGGAGAGTCCGCAGT,CD16+ Monocytes
L5_CGGAGAATCAGCTCTC,Dendritic cells
E2L6_TTCGCTGGTACGGTTT,NK cells
L1_GCTGAATCATGGAGAC,CD4+ T cells
E2L8_ATCTCTAAGGCCATAG,B cells
L4_TACTTCAGTAAGATTG,B cells
E2L5_CTCCTTTTCACTTGGA,B cells
E2L3_CGGGCATGTCCAAGAG,CD8+ T cells
E2L7_GTGATGTGTATGGGAC,CD14+ Monocytes
L3_TGTAGACTCACTGAAC,B cells
L2_TGAGCATCAATGACCT,CD4+ T cells
L5_TGATCAGAGATGGTCG,NK cells
E2L6_TCCCACATCAAGGTGG,Dendritic cells
L5_CGTAGTATCGACCACG,CD4+ T cells
E2L4_ACTATCTTCGACACTA,B cells
E2L5_TACACCCTCTGTCCCA,CD8+ T cells
L3_TACTTCACAAGACGAC,T cells
L4_CTCTCAGAGACGCTCC,CD14+ Monocytes
L4_GGAAGTGAGGTGATCG,CD8+ T cells
L2_TTCCGTGCAATAGTAG,Plasma cells
L4_TGCGGGTAGCGTCAGA,B cells
E2L5_TCATGTTCAATCTCTT,CD8+ T cells
L1_TCGAAGTCAACCTAAC,Dendritic cells
L3_AAACCCATCTGTCAGA,CD8+ T cells
L5_GTAGGAGAGCTGGCTC,CD4+ T cells
L4_AAAGAACTCCAACCGG,CD8+ T cells
L2_AGAAATGGTGCCTTCT,B cells
L2_CTCCAACCAGCATCTA,Hematopoietic stem and progenitor cells
E2L5_GGTGGCTGTGACTGAG,B cells
E2L7_GTAGAGGCAGGTCAGA,Plasmacytoid dendritic cells
E2L5_TGGAACTGTGCAGATG,CD8+ T cells
L5_GGTTCTCCAGATAAAC,CD4+ T cells
E2L5_GTCGAATTCCATCGTC,CD8+ T cells
L2_GAGTCTACATATCGGT,Dendritic cells
E2L5_CGCCATTCATGCCATA,CD8+ T cells
L1_AACCTTTAGAGAGCCT,CD4+ T cells
L3_TTGCATTAGGAGTATT,CD8+ T cells
E2L7_GTAGGTTTCCCAAGTA,CD4+ T cells
E2L6_CGCATAAAGTCGTTAC,CD14+ Monocytes
E2L5_GCCAGGTCACGGATCC,CD8+ T cells
L2_CTTGATTAGCCACCGT,CD4+ T cells
E2L3_TCCTTTCTCTGGTTGA,CD8+ T cells
E2L6_ATCACTTTCCCAAGTA,CD14+ Monocytes
L5_ACACCAACACCCAATA,CD8+ T cells
E2L1_AGCGTATCATCCGGTG,CD4+ T cells
E2L2_AGCCAGCAGGGCTAAC,Plasmacytoid dendritic cells
L3_CGCCATTTCCGTATAG,CD4+ T cells
E2L4_CCATAAGAGGATGTTA,NK cells
E2L7_CTGGTCTAGCATTTGC,CD4+ T cells
E2L6_GCGGATCTCCAATCTT,B cells
E2L4_TCTCTGGTCTAGTTCT,Megakaryocytes
E2L1_GATCATGGTAGAATAC,CD14+ Monocytes
E2L1_TCTATCATCTTCTAAC,CD8+ T cells
L1_CTATCCGTCTCGCTTG,Proliferating cells
L5_TCCTTCTCAGCGTTTA,Hematopoietic stem and progenitor cells
E2L7_TACCGAAGTTGGGAAC,CD8+ T cells
E2L7_TGGTTAGTCTGGTGCG,Plasmacytoid dendritic cells
L4_AAAGTGATCGTTCTCG,Megakaryocytes
E2L5_GAGTCTACAGGTAGTG,Plasmacytoid dendritic cells
E2L6_TTTATGCCACCAGACC,CD8+ T cells
L1_GTTAGACTCCTAACAG,CD4+ T cells
E2L7_CTTCCGATCCTTGAAG,B cells
L1_ACTCTCGAGTCCTGCG,CD4+ T cells
L2_TCACGGGGTTCCTTGC,B cells
L1_TGTCAGAGTCTCGGAC,CD4+ T cells
E2L4_AACCCAACAATAGAGT,Plasma cells
L4_GCTACCTGTGCTATTG,B cells
L4_CGAGTGCAGCAGGTCA,CD4+ T cells
L2_GTCAGCGGTTTGAAAG,CD14+ Monocytes
L4_CGAATTGGTTACGCCG,NK cells
E2L7_CATCGGGAGCGTGTTT,CD4+ T cells
E2L8_TCATTCACATGTACGT,CD8+ T cells
E2L7_TCCTCGAAGTGCCGAA,B cells
E2L3_ATCGTCCCACATAGCT,CD14+ Monocytes
L3_CGTTAGAAGGCCTTCG,CD8+ T cells
L2_GGGTCTGGTACACTCA,CD4+ T cells
L5_CTAACTTTCCCGAACG,Megakaryocytes
E2L7_GTGCACGGTCGTGTTA,CD4+ T cells
E2L2_CCATCACCACGAAAGC,B cells
E2L4_TGCTCGTCACAACGCC,CD4+ T cells
E2L2_CGGAACCAGGTTCATC,Megakaryocytes
E2L8_TTGTTCATCCCGTTCA,Plasmacytoid dendritic cells
E2L8_GCCATTCTCCGTAGGC,B cells
E2L3_TTGGGCGGTCTGTGTA,Dendritic cells
L2_TTGAACGAGCACTTTG,NK cells
E2L2_TGGAGAGCACTCCACT,CD16+ Monocytes
L1_GATGTTGTCCTTACCG,CD16+ Monocytes
L2_CTAACCCCAACCCGCA,CD4+ T cells
L2_GAAATGAAGCCAGTAG,Plasma cells
E2L1_AACCACAGTAACGGTG,CD8+ T cells
L5_GAGCCTGTCAAGCTTG,NK cells
E2L4_CATAGACTCGGTAGAG,B cells
E2L1_GTCTCACAGCTGTGCC,Dendritic cells
E2L1_GGGCCATGTGCCTATA,CD4+ T cells
E2L5_CATCGGGGTCCGTACG,B cells
E2L5_CCCATTGAGTGCAGGT,Plasma cells
L2_TTGTTGTGTCGGTGAA,Dendritic cells
L5_ACTATTCCAGGCCCTA,CD4+ T cells
L3_TTCAATCTCGGTGTTA,Hematopoietic stem and progenitor cells
E2L4_CTCTCAGGTAACGATA,Proliferating cells
E2L1_TCTTCCTGTACCGGCT,B cells
L5_GGATGTTCAAGAGGCT,CD4+ T cells
L4_AACAACCTCAACCCGG,CD14+ Monocytes
E2L4_CCGAACGTCATAGGCT,CD4+ T cells
L2_CTGATCCTCTCAAAGC,CD8+ T cells
L4_TCATCCGCATTGAAGA,Dendritic cells
E2L4_TGGGCGTAGGTCCCTG,CD8+ T cells
L4_CATTCCGAGGGTCACA,B cells
E2L5_CTCTCAGGTAGCTGCC,CD4+ T cells
E2L8_TATCTTGAGATGACCG,CD16+ Monocytes
L5_TCAATTCGTAGGAAAG,CD4+ T cells
L5_AGGATAATCACTCCGT,CD4+ T cells
E2L8_ACGGGTCTCGTAATGC,CD14+ Monocytes
L1_GAGGGATGTTGAATCC,Hematopoietic stem and progenitor cells
E2L5_AGTGACTGTCCTACAA,Megakaryocytes
E2L4_CGAGGCTCAGCCGGTT,CD8+ T cells
L3_TCTACATGTCTGTGGC,CD8+ T cells
L5_CATTCTAAGTGGTTAA,Hematopoietic stem and progenitor cells
E2L1_TTCCTAAAGTACTGGG,CD8+ T cells
E2L2_GGAGGATGTTCGGGTC,NK cells
E2L7_GCGTGCACAGTTTCAG,CD4+ T cells
E2L6_CCAATGAAGGCTGGAT,CD16+ Monocytes
E2L8_TCCGATCCACCATATG,CD8+ T cells
L1_TCGCACTTCCCGTGAG,CD4+ T cells
E2L1_TCCTTTCCACCCTAGG,CD16+ Monocytes
L1_TTCTAGTAGAGGTCAC,CD4+ T cells
L3_AAACGAAGTCCTTGTC,Dendritic cells
L2_CTCAGTCGTCGTAATC,Proliferating cells
E2L3_TGATGCAGTGATACCT,NK cells
E2L5_AAGTTCGAGCACTCGC,CD4+ T cells
L2_GAGTTACTCTTCGGAA,NK cells
L5_GGTTCTCGTTCCAGGC,Hematopoietic stem and progenitor cells
E2L4_CGTAGTACACTATCGA,CD8+ T cells
E2L5_ATGATCGAGAATCGTA,Dendritic cells
E2L6_GGTCTGGTCTCGGTAA,CD8+ T cells
L2_CAAGGGAAGGCCATAG,CD8+ T cells
L3_ACAACCAGTCTGTCAA,CD8+ T cells
E2L1_TCACATTCATCTTAGG,CD4+ T cells
E2L3_TTGGGTATCCCGTGTT,CD8+ T cells
E2L5_ATGTCCCCAACCGATT,CD4+ T cells
E2L4_CTCCTTTTCTCTGCTG,CD14+ Monocytes
L3_AGCGATTCAGCCTATA,CD14+ Monocytes
E2L3_ACCTGAAGTGAACGGT,CD4+ T cells
E2L1_TGAGTCATCAGGAAAT,CD8+ T cells
E2L2_TTTGACTTCCGCACTT,CD4+ T cells
L2_GTGAGGAGTACAAGTA,CD8+ T cells
L1_GAATAGACACAAGCAG,Hematopoietic stem and progenitor cells
E2L8_CACGGGTCAGTATACC,CD4+ T cells
E2L3_TGGTTAGTCTTCGTAT,CD8+ T cells
E2L5_CTTGATTAGAGATGCC,Megakaryocytes
E2L2_TCGTGGGAGAATCCCT,CD4+ T cells
L4_GTTTGGAAGTTGGCTT,CD8+ T cells
E2L6_ATCGGCGAGAAGTCCG,Plasmacytoid dendritic cells
E2L3_GTTACAGGTTAGGAGC,Plasmacytoid dendritic cells
L1_CGAGAAGTCCAATGCA,CD4+ T cells
L1_ATCGGATAGACCAACG,CD4+ T cells
E2L3_GCTTTCGTCGACGATT,Dendritic cells
E2L5_CGCGTGACACACGGAA,B cells
E2L6_GGGCGTTTCACCTTGC,T cells
E2L7_TGGTGATGTTTGAAAG,Hematopoietic stem and progenitor cells
E2L3_CCCTCAAGTAGCTGAG,B cells
E2L5_GACCGTGGTCGTCTCT,B cells
L2_TCGAAGTTCAAAGCCT,CD4+ T cells
E2L5_CCGCAAGTCGTTCCTG,CD4+ T cells
L4_AACCATGCATAACTCG,CD8+ T cells
E2L4_GTGTTCCCAATACGAA,CD4+ T cells
L3_CTCATTAGTCATGGCC,CD8+ T cells
L5_TCGACCTTCGCGTCGA,CD14+ Monocytes
E2L4_AAAGTGATCTTTACAC,NK cells
L1_ATTGTTCCAACAAAGT,CD4+ T cells
E2L4_GTGGAAGCACAGTGAG,Megakaryocytes
E2L3_GTGCACGCATCTTAGG,NK cells
L1_GGTGATTGTCTTTATC,CD4+ T cells
E2L2_CTTTCGGGTAGATTAG,CD14+ Monocytes
E2L5_TCGCTCACAATGGGTG,CD8+ T cells
E2L2_TACCGAAGTTGACGGA,Dendritic cells
E2L2_AGGGCTCTCCACTGGG,Plasmacytoid dendritic cells
E2L7_GTGTGATGTAATGATG,CD8+ T cells
L3_TCGGGACGTCAAGTTC,Proliferating cells
E2L7_TGAATGCTCAGTGTTG,B cells
L1_GTGCTTCAGTCATACC,NK cells
E2L5_CGGGTCACACATACTG,B cells
E2L6_GGATCTATCATCGCAA,Megakaryocytes
E2L5_GGAATCTCACTACCCT,CD8+ T cells
E2L5_TTGGTTTGTGTTCCAA,Megakaryocytes
E2L5_TAACACGTCTGTCGTC,CD4+ T cells
E2L3_AAAGTGACACCAGCCA,Proliferating cells
L3_AAAGTGAGTGAGATTA,B cells
E2L8_GCACATAAGCTAGAGC,NK cells
E2L4_AGGACTTCACGAGGAT,Dendritic cells
E2L8_CAATCGAAGTTGGAAT,CD14+ Monocytes
L1_TTCAATCTCTCTCCGA,NK cells
E2L2_CGGTCAGAGACATAAC,CD8+ T cells
E2L1_GATGATCAGATACCAA,B cells
E2L8_CGTCAAAGTTCGGTCG,B cells
E2L6_TTGTTCACAGGCCCTA,Plasma cells
E2L3_ATCATTCTCGCGTAGC,B cells
E2L3_TAGACTGTCGTAGAGG,Megakaryocytes
L3_TTTGATCTCCAACACA,Plasmacytoid dendritic cells
L2_CATCCCATCGCAGATT,CD8+ T cells
L2_TCCTCGAAGTTACGTC,CD8+ T cells
E2L6_CACAACACAATTCTCT,B cells
L2_CCCTGATTCCTTTGAT,CD8+ T cells
L5_AACGAAATCCACTGGG,CD4+ T cells
L4_ACCACAAGTTCGAACT,Plasmacytoid dendritic cells
L2_AGTACCATCTGTTCAT,B cells
E2L6_ATTATCCCACTCTGCT,B cells
E2L7_CATCCGTCATACGCAT,NK cells
E2L8_CCTTTGGTCCTTTAGT,NK cells
E2L6_CATAGACTCGGTCTGG,Proliferating cells
L4_TTGCCTGCATACTGTG,B cells
E2L8_TCCATGCGTATAGGGC,CD8+ T cells
L2_GACATCAGTCACCGCA,CD8+ T cells
L3_TTTACGTGTCTGATAC,Plasma cells
L4_AAGATAGTCGCGATCG,CD14+ Monocytes
E2L7_AATTCCTCATGCCGCA,CD4+ T cells
L2_GATTCTTGTCCTTAAG,Plasma cells
E2L8_TCATCCGCAGTCAGTT,CD4+ T cells
E2L5_AGTTAGCTCGCTAGCG,Proliferating cells
E2L2_AGACACTGTTAAGACA,Proliferating cells
L1_GTGAGCCAGGTCTTTG,CD4+ T cells
E2L1_TATTGCTAGCCATTCA,CD8+ T cells
E2L2_GATAGAACATCAGTCA,CD4+ T cells
E2L8_ACGGTCGAGGGTTTCT,T cells
E2L3_GTCGTTCTCGTCCATC,Dendritic cells
L3_AGGAGGTCAGAGGGTT,Plasma cells
L1_AGACAGGGTGCATTAC,CD4+ T cells
L1_TCACGCTGTACCAGAG,CD14+ Monocytes
E2L3_CATCCACGTAGTGGCA,Plasmacytoid dendritic cells
E2L2_GAGGGTAGTTTGAAAG,Proliferating cells
E2L6_TAGACTGGTCGAAGCA,CD8+ T cells
E2L8_CTTCTCTAGTATAGGT,CD14+ Monocytes
L5_ACCGTTCAGCATGTTC,Dendritic cells
L4_AAGACTCAGGTGCCAA,CD4+ T cells
E2L6_TTCCGGTCAACTCCCT,NK cells
L1_GCCATTCTCATCGGGC,CD4+ T cells
E2L8_TGTCCTGTCAGACCGC,CD8+ T cells
E2L8_CAACCTCGTAACCAGG,CD4+ T cells
L5_CCGTGAGAGATGCTAA,Plasma cells
L1_TGTGCGGTCATTACGG,Proliferating cells
E2L5_CGTAAGTGTCACAGAG,Plasmacytoid dendritic cells
E2L8_CTCCCAACAGTGGGTA,CD8+ T cells
L5_CGGACACGTGAGTCAG,CD16+ Monocytes
E2L6_TCGGATAGTCGCATTA,CD8+ T cells
L3_GGAGGATGTGCGGATA,B cells
E2L7_GGAATCTAGGATTCCT,Proliferating cells
L1_AGCGCTGTCAGCTGAT,Plasma cells
E2L1_GTATTTCTCTTACTGT,CD8+ T cells
E2L4_GGCTTTCGTCGCTTAA,CD16+ Monocytes
L1_TAAGCACCAGAGGCTA,Proliferating cells
E2L8_AAGACTCGTTCTTGCC,CD8+ T cells
L5_CGGGACTGTAACCCTA,Proliferating cells
L2_GTCAAGTCACAATTCG,Hematopoietic stem and progenitor cells
L1_GAAGTAAGTGCCCTTT,CD4+ T cells
L4_CATGGTAGTCTACTGA,Proliferating cells
L5_TAGGAGGCAGAGTCAG,CD16+ Monocytes
L5_CAAAGAAAGAAAGCGA,B cells
E2L6_CAGGCCAAGCCTCATA,CD14+ Monocytes
E2L6_GCACATATCCATTGCC,CD4+ T cells
E2L8_GACAGCCCATGTTCAG,CD4+ T cells
E2L2_TGTTTGTGTTTACCAG,CD4+ T cells
E2L4_GCACGTGCACTCATAG,CD14+ Monocytes
E2L1_TCTGCCAAGCAAGTCG,Dendritic cells
E2L5_TGGGCTGCAACAGAGC,CD4+ T cells
L2_GGGTCACCATTATGCG,CD4+ T cells
L1_GATTGGTGTTTACTGG,CD8+ T cells
L5_CTGTAGAGTATTCCTT,CD8+ T cells
L5_GGGTTATCACATGTTG,CD4+ T cells
E2L8_TTGAACGAGGATCACG,NK cells
L4_GACCCTTGTAGTGTGG,CD16+ Monocytes
L1_CATACCCGTTCCGCTT,CD8+ T cells
E2L4_ATCCACCGTAGCGCCT,CD8+ T cells
L3_TGGAGGAGTGTTGATC,CD4+ T cells
L2_CATGCAACACCCAAGC,B cells
E2L1_AGACACTGTGTCGCTG,CD14+ Monocytes
E2L6_GTAGAAACAAGACAAT,CD4+ T cells
E2L7_TGATCTTAGACTGTTC,CD4+ T cells
L3_CTGGACGGTGATTAGA,CD4+ T cells
E2L3_GCCATGGTCGTTCTCG,CD8+ T cells
L4_TTCGGTCCAAATTGCC,CD4+ T cells
L1_CATACTTGTCATATGC,CD4+ T cells
L2_AATCGACTCAATGCAC,CD16+ Monocytes
L3_ACTCTCGAGACGACTG,CD4+ T cells
E2L6_GGGTGTCAGATTCGCT,NK cells
E2L3_TTGACCCCACCATTCC,Plasmacytoid dendritic cells
E2L4_GTGATGTAGATGCTGG,NK cells
E2L7_AGATGCTTCCAAAGGG,Plasmacytoid dendritic cells
L3_TTTGATCAGTCGTCTA,CD4+ T cells
E2L2_AGTTAGCTCTTCCGTG,CD4+ T cells
L2_ATCACAGAGATGCTGG,CD14+ Monocytes
L4_CTCGAGGCAAATTGGA,CD4+ T cells
E2L3_TTGCGTCTCTCATTTG,CD4+ T cells
E2L3_AGACTCAAGTGAGTTA,B cells
L2_ACACCAAGTGTAGTGG,CD4+ T cells
L3_TCGAACACACCAAAGG,Hematopoietic stem and progenitor cells
E2L8_TTCCAATTCACCATGA,Plasma cells
L5_GTGGCGTAGACCAGCA,CD4+ T cells
E2L2_AAGTTCGTCGGCAGTC,Plasma cells
L3_TACGTCCCACGAGGTA,CD8+ T cells
L4_TGTTCCGCAAATCAGA,CD4+ T cells
L1_GATCACAGTACAGTAA,CD4+ T cells
L2_GTCACTCTCACGAGGA,B cells
L5_ACGATGTAGGAACGAA,CD8+ T cells
E2L5_ACTTCCGTCACATTGG,B cells
L1_AGTGTTGAGAAGTGTT,CD8+ T cells
L1_GCTGCAGTCCGTTTCG,Dendritic cells
E2L3_CGCATAACACTACCCT,CD16+ Monocytes
L1_CCCTCTCGTCATCTAG,CD4+ T cells
E2L3_GACCTTCAGAGGGTAA,CD4+ T cells
E2L4_AGGATAATCTAAACGC,B cells
E2L7_CATGGTATCGAGTGAG,CD14+ Monocytes
L4_GGAGGATGTACCGGCT,Hematopoietic stem and progenitor cells
E2L1_AGTGCCGAGACCCGCT,CD4+ T cells
E2L5_TCTCTGGTCCGGACTG,CD8+ T cells
L5_GAGTCATAGATCGGTG,CD4+ T cells
L4_GGAGGATTCGGATACT,CD8+ T cells
E2L7_GGAAGTGAGCATACTC,CD4+ T cells
L1_TCACAAGTCAACTGAC,CD4+ T cells
L2_TAGATCGTCCCGAGGT,CD4+ T cells
E2L5_CGTGTCTTCAGAACCT,Proliferating cells
E2L5_AGCGTATTCACTACTT,CD8+ T cells
E2L3_AAGATAGTCTGGTGCG,CD4+ T cells
E2L3_ACGGAAGCATCGGTTA,Plasmacytoid dendritic cells
L2_GTGGCGTCACTGCTTC,CD16+ Monocytes
L5_ACTATCTTCCGATGTA,CD8+ T cells
L2_GCAACATTCTAGGCCG,CD8+ T cells
L5_TCACTATTCGAGTGAG,Hematopoietic stem and progenitor cells
E2L2_TGGATGTCAGTCTCTC,CD4+ T cells
E2L8_AGACAAAGTCTGTGTA,CD14+ Monocytes
E2L8_CTCAGAAAGAAGCTCG,Megakaryocytes
L2_AAAGAACAGATGGGCT,Hematopoietic stem and progenitor cells
L2_CAATTTCGTAGGAGGG,B cells
L4_TTCAATCAGGCTTCCG,Plasma cells
E2L6_GACCCTTTCGAGCCAC,CD4+ T cells
E2L5_TAGGGTTCATGATGCT,CD8+ T cells
E2L1_CACACAAAGCGTACAG,CD16+ Monocytes
L5_CCGGACAAGCTGGTGA,CD4+ T cells
E2L5_CTGCATCGTCCACTCT,Proliferating cells
L2_CTGTACCCAGGTCAAG,CD4+ T cells
L2_CCTTGTGGTGGTGATG,CD4+ T cells
E2L4_GATCAGTCACCCAACG,CD4+ T cells
L3_GAGTCTAAGTCACAGG,CD16+ Monocytes
E2L4_GGAGGATAGGAGAGTA,CD4+ T cells
L2_TAACTTCCACAGGATG,CD8+ T cells
L2_CGTGATATCCTTACCG,NK cells
L1_GTCCTCACACTTTATC,NK cells
L4_TTTACGTCACGGTGTC,Hematopoietic stem and progenitor cells
L3_ACGGTTACACCTCGTT,CD14+ Monocytes
E2L1_GGTGTCGGTCACTCTC,CD8+ T cells
L3_ACATTTCAGCATCAAA,Plasma cells
E2L4_TACACCCAGAGTCCGA,CD4+ T cells
E2L7_ATCCATTCACATGAAA,Plasmacytoid dendritic cells
E2L3_GTCGTTCCAGCTCTGG,B cells
L5_GAACACTCATTCACAG,Proliferating cells
E2L5_TGTGTGATCCAACACA,Proliferating cells
E2L8_TCGAAGTAGTTTCGAC,B cells
L5_CTTACCGGTCGTTGGC,Proliferating cells
L3_CGGAACCAGCTTTCCC,B cells
L5_AAGCGAGTCTGGTGCG,CD16+ Monocytes
E2L1_CTTCCTTAGTGTGTTC,CD4+ T cells
E2L5_GACATCATCTGGCCAG,Megakaryocytes
E2L5_TGCAGGCCAGTCGGTC,NK cells
L5_CCCGAAGGTTGCATTG,CD16+ Monocytes
E2L5_TGCATGACAGGCGAAT,CD4+ T cells
E2L3_ACGTAGTCAATAGTAG,CD4+ T cells
E2L5_GTCACGGAGGACCCAA,B cells
E2L7_CTCCCTCAGTCATAGA,CD14+ Monocytes
E2L6_CATTGAGCACAGCTTA,NK cells
E2L1_ATCTCTATCCCTAGGG,CD8+ T cells
E2L6_GTTGAACCAGGAATCG,CD4+ T cells
E2L8_TACCTCGGTTATGTGC,NK cells
L5_GTCATGAGTAGATGTA,CD4+ T cells
L2_ATCTCTATCTGAACGT,Dendritic cells
L1_ACGTAGTGTAATTAGG,Proliferating cells
L4_GGGTATTGTAGGTAGC,CD4+ T cells
E2L6_CAAGAGGAGGCGTTGA,B cells
L4_CTACTATCAATAGTCC,CD4+ T cells
E2L5_AAACGCTGTGTCTCCT,Dendritic cells
E2L5_GTTACGATCGGTAAGG,B cells
E2L1_GGGAGTACATGGTACT,B cells
E2L7_CAACGGCAGATGGTAT,CD4+ T cells
L2_TAGACCATCGCACGAC,NK cells
E2L5_GAGACTTCAGGTCAGA,CD8+ T cells
L3_TACGGGCTCGCCTTGT,B cells
E2L5_CCCTTAGTCCCTATTA,Megakaryocytes
L3_AAACCCAAGCATGAAT,CD8+ T cells
L4_ACAGGGACAGTAGAAT,Plasmacytoid dendritic cells
L4_GCAACCGCAGAGTTGG,CD4+ T cells
E2L7_TCGGGACCATAGATCC,Megakaryocytes
E2L6_AACCATGAGTCACACT,CD8+ T cells
E2L2_CGCAGGTAGTCATTGC,CD8+ T cells
E2L5_TTAGTCTCAATCAGCT,Proliferating cells
E2L3_TCAGTTTAGTGCGTCC,Plasma cells
L2_CTTCAATCAGCGTTGC,CD8+ T cells
E2L1_GTGTTAGTCACAAGAA,B cells
E2L2_GGCTTTCGTTGGACTT,CD4+ T cells
L4_CAATACGGTACAAGCG,Plasma cells
E2L8_TTACCGCTCATCTATC,CD4+ T cells
E2L8_CCTCTAGTCTACCAGA,CD4+ T cells
E2L3_AGACACTAGGCTCTCG,Proliferating cells
L4_ACGTTCCGTGCATACT,CD4+ T cells
E2L4_CAGGGCTTCTCGCCTA,Plasmacytoid dendritic cells
L1_TTTGATCAGAAGTCTA,CD14+ Monocytes
E2L3_CGCGTGACAACTTGCA,B cells
E2L8_AAGGAATGTCGCATCG,Plasmacytoid dendritic cells
E2L8_ACATGCATCAACGAGG,CD4+ T cells
L4_TACTTCAGTTAAAGTG,NK cells
E2L3_GACACGCCAAGCACAG,CD8+ T cells
L2_GGTCTGGCATATAGCC,CD4+ T cells
E2L5_CTCATTAGTCATCCCT,NK cells
L5_CTGCTCACACTTGAAC,Hematopoietic stem and progenitor cells
E2L3_GGCTGTGCAAGTAGTA,B cells
L5_TGGCGTGTCGTGTCAA,B cells
E2L5_CTAACTTTCTAAGCCA,CD8+ T cells
E2L7_CAAAGAACAGCGGTTC,Proliferating cells
L4_TGCAGATCATGACGGA,CD4+ T cells
E2L8_CAAGGGATCAACGTGT,B cells
L2_ACTATCTTCAGTCAGT,B cells
L1_TCCGGGAGTTAGAGAT,CD14+ Monocytes
L1_GAGTTGTGTCACTCGG,CD4+ T cells
E2L8_ATGATCGTCACTTGTT,CD4+ T cells
E2L1_ATCGTCCGTGTTTACG,CD4+ T cells
E2L4_TCAATTCGTATTGCCA,NK cells
L4_TTACAGGTCTAGACCA,B cells
E2L1_CCGGACAGTGGACTGA,CD8+ T cells
E2L3_GTGAGCCTCCAAACCA,Proliferating cells
E2L6_TCCTGCACAGCCCAGT,B cells
L4_CGTAAGTTCTAGTCAG,CD4+ T cells
L4_AAGCATCAGGTTCTTG,CD16+ Monocytes
E2L2_CTGTACCCAGTATTCG,B cells
E2L7_TCTGTCGAGGCTTCCG,CD8+ T cells
L3_ATTACCTAGAGCCTGA,CD4+ T cells
L2_GTAGTACCAAACACGG,Proliferating cells
L3_GCGGAAACAGCTTCGG,CD4+ T cells
L3_TGCTGAAGTGAGTTTC,CD8+ T cells
E2L1_GTTGCGGTCCTTATGT,CD8+ T cells
L3_TGTCCACCATAGAGGC,NK cells
E2L8_TGAGCGCTCCTGTACC,Plasma cells
E2L3_AAACGCTAGTCGAAAT,CD8+ T cells
L4_ACTTCCGCAAAGCGTG,NK cells
L3_GAGACCCTCGCGCTGA,Plasma cells
L5_AAAGGGCGTAACACCT,CD8+ T cells
E2L1_TTCTCTCAGGCCGCTT,CD4+ T cells
L3_CATGCAATCGCTCTCA,Plasma cells
E2L3_CACTTCGTCGCGCCAA,CD14+ Monocytes
E2L3_TGATCTTTCTTAGTTC,B cells
E2L5_GAACTGTGTACTCCCT,CD8+ T cells
L5_GTTACAGTCCGAGATT,Plasmacytoid dendritic cells
L1_GTTGCTCCATTCTGTT,NK cells
E2L1_AGCTACAGTGCTTCAA,CD4+ T cells
E2L7_CTCAATTGTCAAGCGA,CD16+ Monocytes
L5_GATTCGACACACACTA,CD4+ T cells
E2L4_GACTTCCTCCACCTCA,CD8+ T cells
L3_AATGGCTAGAAGCCAC,CD8+ T cells
L1_TAATTCCCAAACAGGC,CD8+ T cells
L3_TGCATCCAGCGCCTCA,CD16+ Monocytes
L5_ACAGCCGAGAATAGTC,Proliferating cells
E2L5_CCCTTAGTCACTGAAC,CD4+ T cells
E2L6_ATTACTCTCTTACCAT,CD16+ Monocytes
L5_CTCATTACATAATCCG,CD8+ T cells
E2L7_TGCGACGTCGCCTTTG,Proliferating cells
E2L1_CGGAGAAAGTCCTGTA,Megakaryocytes
L1_AACAACCTCCATCTAT,CD4+ T cells
L5_GGGTTATAGGGCTTCC,CD16+ Monocytes
E2L3_GCCATGGCATAAGCAA,CD8+ T cells
L2_TACCCACGTTGCTTGA,CD4+ T cells
E2L6_TAAGCGTAGTAGTCTC,CD4+ T cells
E2L6_GAGTCTAGTACAGCGA,NK cells
L2_CATTCATCAAACTCTG,CD4+ T cells
L2_TCACGCTTCAAAGACA,CD8+ T cells
L1_CTGGACGGTGCTCCGA,CD4+ T cells
L5_ACAGAAAGTTACACAC,CD4+ T cells
L2_GTGCTTCAGTAAGAGG,CD4+ T cells
L3_CTGGACGCACAGCCAC,B cells
E2L4_TCCTTTCCATCGAAGG,CD14+ Monocytes
L5_TATATCCGTGTGTGTT,Dendritic cells
L4_ATTACTCCAACAAGTA,Megakaryocytes
E2L3_AGTTAGCTCCTTCAGC,CD4+ T cells
E2L8_TCGTGCTTCAAGTAAG,B cells
L4_TCACACCGTGGACTGA,B cells
L5_TGGAGAGAGATCACCT,Proliferating cells
E2L7_ATACCTTGTCTTTATC,CD4+ T cells
L5_TGAGGTTCAGGCAATG,CD14+ Monocytes
E2L8_GGAGGTAGTACCACGC,B cells
L3_TCACTATGTGCGTCGT,CD4+ T cells
L5_CTAGGTAGTTGTGGAG,Proliferating cells
E2L8_CACTGGGTCCGGACGT,Proliferating cells
E2L6_GTCACGGCACCAGCTG,Dendritic cells
E2L2_ATTCTACTCAGGAACG,Megakaryocytes
E2L4_GATGCTATCGTTCATT,T cells
L5_AGATAGAAGCGACATG,CD14+ Monocytes
E2L1_CACGTGGAGCTAGATA,CD4+ T cells
L4_TGATTTCGTACCGGCT,CD8+ T cells
E2L5_TGTAAGCCACTTACAG,B cells
E2L2_GTGAGGAAGAATACAC,NK cells
L2_CTCTGGTTCCATTCGC,Proliferating cells
E2L5_GTTAGACTCAGCTTCC,B cells
L3_TTCGCTGTCGAACGGA,CD4+ T cells
E2L8_TGTCCACAGTGAGTGC,B cells
L5_GTTTGGACAGGCATTT,CD8+ T cells
L1_CATTGAGAGAGCCCAA,CD4+ T cells
E2L8_GAGTTTGAGAGGGCGA,CD4+ T cells
E2L5_TTGGGCGAGAAGCTCG,CD4+ T cells
E2L1_CTGTATTAGCCTCTTC,CD8+ T cells
E2L7_CACATGACATGATGCT,Plasmacytoid dendritic cells
L1_TTCGATTCATGTTCGA,CD8+ T cells
L4_GTCCACTAGCATGCGA,CD4+ T cells
L4_CTGCCATCACCACTGG,CD4+ T cells
L4_GTGCAGCTCGTGGGAA,Proliferating cells
E2L8_CCGTAGGAGTTGGAAT,CD8+ T cells
L3_TGCTCCAGTGGTGATG,CD8+ T cells
E2L2_GATTCGAAGGTCATCT,CD4+ T cells
E2L3_TTCTTGAGTCTAGGTT,B cells
E2L7_GATGTTGCAAGCGCAA,Proliferating cells
L4_TCGCACTCATAGCACT,Dendritic cells
L1_ATCGTCCGTAACTAAG,CD8+ T cells
E2L5_TCGTCCATCATCGCCT,CD8+ T cells
L4_AGGCTGCAGTGCCCGT,Hematopoietic stem and progenitor cells
L2_CGACAGCAGACTCCGC,CD4+ T cells
E2L7_CAACCTCGTACCCACG,CD4+ T cells
E2L7_AGTCTCCCAGAACTCT,NK cells
L4_GTAATGCCAGAGTTGG,B cells
E2L4_AAGTCGTTCTGACAGT,Proliferating cells
L2_GCTGGGTAGGTAGATT,CD8+ T cells
E2L2_TTCCACGGTGTTAGCT,B cells
E2L7_TCGAAGTTCCAACTGA,CD16+ Monocytes
L5_GACGCTGAGAGTCAGC,B cells
E2L7_TCCCACAGTTGTCTAG,CD4+ T cells
E2L2_ACTGTCCGTATTGAGA,CD16+ Monocytes
E2L7_ACTTATCAGGCACGAT,B cells
E2L7_GGAGGTATCCGATAAC,Dendritic cells
E2L5_GATCACAGTTTGTTCT,B cells
L5_AATCACGGTCGTACAT,CD4+ T cells
E2L6_TTGTTCACAAGAAATC,Proliferating cells
E2L3_CGAATTGCACGTAGTT,CD4+ T cells
E2L7_CACGGGTAGCACCGTC,Plasmacytoid dendritic cells
E2L1_CTACAGAAGACGGAAA,CD4+ T cells
L3_TTGTGTTGTTCGGCGT,CD8+ T cells
E2L4_GCAACATCATTCACCC,B cells
L1_GAGTGTTCAGAGAATT,Plasmacytoid dendritic cells
E2L4_AGAAGCGGTACGTGTT,B cells
E2L1_GTAAGTCTCCTTATCA,CD4+ T cells
L4_TCCGAAAAGGAGAGGC,CD16+ Monocytes
L5_TTTCATGAGAGCCGAT,CD8+ T cells
E2L7_CGATGCGCAATCCTAG,CD4+ T cells
L5_GGTGAAGCACTGCATA,CD8+ T cells
E2L7_AACGAAACACATCATG,CD4+ T cells
L1_AGGACTTAGCCGGATA,CD8+ T cells
L5_GTAACACGTTCTCCTG,CD8+ T cells
L2_ACGATCATCATTCGGA,CD4+ T cells
L1_GACACGCGTTGCTAGT,CD4+ T cells
E2L4_ACATCCCGTGCCGAAA,CD4+ T cells
L3_GCCAGCATCCTTATCA,CD8+ T cells
E2L6_TTTCCTCGTGATACAA,CD4+ T cells
E2L7_GAATAGAAGTTGTCGT,Proliferating cells
E2L3_ATGGATCGTGTTGATC,Proliferating cells
E2L7_GTTAGTGAGTAGACCG,CD4+ T cells
L2_TTCGCTGTCTTACGTT,Dendritic cells
E2L1_AGAACCTAGCTAGATA,CD8+ T cells
E2L5_TTACCATAGAGAGTGA,Dendritic cells
L2_CGCATGGTCTACTGCC,CD8+ T cells
L2_AGCTCAAAGTAAACGT,NK cells
L4_TCAGTCCCATTGTACG,CD8+ T cells
E2L7_ATTGTTCAGACGTCGA,CD4+ T cells
E2L1_ATCCCTGAGGGATGTC,Plasmacytoid dendritic cells
E2L2_CCCTGATAGTCATCCA,Megakaryocytes
L1_ACCCTCACAAATCAAG,CD4+ T cells
E2L3_AATCACGTCTTAGCCC,CD4+ T cells
E2L5_CCACACTCAGCAGTAG,CD4+ T cells
E2L1_GTTCATTAGGGAGAAT,CD4+ T cells
E2L4_TTGAACGCACTGTCCT,CD4+ T cells
E2L2_CTGCTCACACTCCGAG,Dendritic cells
E2L3_ATTTCACGTTCCACGG,CD8+ T cells
L1_ACTCCCACAACAAGTA,CD4+ T cells
L1_AGGATAACAACTCCAA,Hematopoietic stem and progenitor cells
E2L2_TGTGATGTCCATTTAC,Megakaryocytes
L1_TGGAACTAGGGTCTTT,B cells
L2_ACCATTTGTCCCAAAT,Dendritic cells
E2L2_CCACGAGGTAGCCAGA,Proliferating cells
L2_CTCAGGGTCTCGGCTT,NK cells
L3_AGCATCAAGCTACGTT,CD4+ T cells
L5_ATCACTTCAGCGATTT,Plasma cells
E2L8_CGAGTTAAGCTCCATA,Plasmacytoid dendritic cells
E2L7_GCAGCTGCATACCGTA,B cells
L4_TCCACGTTCCCAAGTA,NK cells
L2_CAACCTCCAATAACCC,CD14+ Monocytes
L1_ATCGTAGCACGCGCAT,CD8+ T cells
E2L5_CTTGATTCAGCGTACC,Proliferating cells
L4_TCCTTCTAGCCAACCC,Megakaryocytes
L3_CGAAGTTTCTCGGTCT,Proliferating cells
E2L8_ACAGCCGTCTACTTCA,CD8+ T cells
L1_TGGGCTGCAGAAGCGT,CD4+ T cells
L4_AACCTGAGTACCGTCG,Plasmacytoid dendritic cells
E2L4_TCTTGCGAGTCCTGTA,B cells
L1_TGGAACTGTACCCGAC,CD8+ T cells
E2L7_CATACCCAGATGGCAC,CD4+ T cells
L2_GTCCACTGTAGCTCGC,CD4+ T cells
E2L8_TCTACCGTCATACGAC,CD8+ T cells
E2L5_TATCGCCAGAATTTGG,CD8+ T cells
L4_TCTGCCAGTAGCTGAG,CD8+ T cells
E2L5_GAGAGGTCACGGCGTT,CD4+ T cells
L5_CTACTATGTTGTGTAC,CD16+ Monocytes
L5_TACATTCGTGCGAACA,CD14+ Monocytes
L4_GGTTGTAAGCGAGTAC,B cells
E2L8_GACTCTCCAATCTCGA,CD4+ T cells
E2L6_CACTGGGCACAAAGCG,CD8+ T cells
E2L6_ACCCTTGGTCTCCTGT,Proliferating cells
L3_CTGTCGTGTTTGCAGT,Plasma cells
E2L2_GCCATGGTCTCGTTTA,CD8+ T cells
E2L3_TTACCGCCAGCGGTTC,CD8+ T cells
E2L4_GATTCTTCAGGGAGAG,B cells
L1_GTGGCGTGTGCTTCAA,CD8+ T cells
L1_CGCATGGAGGCATGCA,Megakaryocytes
L5_TCCTTCTAGTAAGACT,NK cells
E2L3_TGTCCCATCCAACTGA,Plasmacytoid dendritic cells
E2L1_GAGCTGCTCAATCAGC,B cells
L5_GCCATGGTCTCTCCGA,CD8+ T cells
L2_GTGGCGTCAGGTATGG,Hematopoietic stem and progenitor cells
L5_CAGTGCGGTATCAGCT,Proliferating cells
E2L6_ATAGAGATCACGACTA,CD4+ T cells
L4_TAAGCCAAGGTCACAG,CD8+ T cells
E2L3_GTCTCACAGTCGGCAA,CD8+ T cells
E2L3_CCTCTAGGTCGCATGC,Proliferating cells
E2L3_CATAGACTCCTAAGTG,CD4+ T cells
E2L6_CTCACTGTCTCGCTTG,CD8+ T cells
E2L7_TTACGCCGTCCTTGTC,NK cells
L2_AGGATCTCAGAAACCG,CD4+ T cells
E2L4_TCAATCTGTATCGAGG,Hematopoietic stem and progenitor cells
L2_TTAGGGTTCGAACGCC,CD4+ T cells
E2L8_TCGAACAGTGAAAGTT,B cells
E2L4_ATTTACCAGATCCCAT,CD8+ T cells
E2L6_CTTCTCTGTGACACGA,NK cells
L2_ATAGAGAAGATAGTGT,CD4+ T cells
E2L7_CAACAGTGTTCTCAGA,CD14+ Monocytes
E2L8_GACACGCTCGATCCAA,Plasmacytoid dendritic cells
E2L5_AAGCCATTCCGCTGTT,Proliferating cells
E2L4_TCATGCCTCACGTAGT,CD14+ Monocytes
E2L8_TAACCAGCATCGTCCT,Megakaryocytes
E2L2_AGGTAGGGTGTAAACA,CD4+ T cells
L1_ATTTCACGTTGACTGT,NK cells
E2L4_AACCCAAGTAGGTACG,B cells
E2L6_TCATCATAGACGGATC,CD4+ T cells
E2L5_AAGTCGTTCGTAGTCA,CD8+ T cells
E2L2_ACCATTTAGCCATTTG,Megakaryocytes
L3_CGACAGCAGTTACGAA,CD4+ T cells
E2L6_CTATAGGAGGACGCTA,Megakaryocytes
E2L1_CAGATTGGTCAGGTAG,Dendritic cells
L4_TATTCCACATGACGGA,Dendritic cells
L5_AGACTCATCCCTAGGG,Proliferating cells
L2_TGGAGGAAGCAACAAT,B cells
E2L5_ACCCAAAGTTCTCGTC,T cells
L1_GTGAGGACACGTCGGT,CD4+ T cells
L5_CGGGTCAGTCTTGCGG,CD14+ Monocytes
E2L4_TCTGGCTAGGCGTCCT,CD4+ T cells
E2L6_TGCGATAGTCCCAAAT,CD4+ T cells
E2L4_CCTTCAGAGATAGCTA,CD4+ T cells
L2_CACCGTTTCGATTGGT,NK cells
E2L6_TTACGTTAGAGCCGTA,Megakaryocytes
L1_TTGGGCGTCCCTGGTT,CD4+ T cells
L1_TTGCGTCCAACTTGCA,Proliferating cells
E2L7_CCCTGATGTAGGGAGG,CD4+ T cells
E2L1_CAGTGCGTCTACGCAA,CD16+ Monocytes
L4_CATTTCAAGGGATCTG,CD4+ T cells
E2L6_TCCATGCTCGCCAGAC,CD8+ T cells
L2_AAACCCACAGAGTCAG,CD4+ T cells
E2L1_TTGCATTCATACTGAC,B cells
L2_CCCATTGGTGGGTATG,Megakaryocytes
L2_CAAGCTATCGAAATCC,CD4+ T cells
L1_GAGGCCTCACCTTCCA,CD14+ Monocytes
E2L3_TACCGAATCCATCGTC,CD4+ T cells
E2L8_TTCCTCTTCTTGGATG,NK cells
E2L5_CTGTACCTCAATCTTC,CD8+ T cells
E2L7_TTTGACTAGAGGTCAC,NK cells
E2L3_GTATTTCCAGTTCACA,Plasmacytoid dendritic cells
E2L4_AGCGTATTCCAGTTCC,NK cells
E2L1_TTACTGTAGTTTCTTC,CD4+ T cells
E2L6_TCAGGTAAGAGAGGGC,Plasma cells
L5_CATAAGCTCCCGAGGT,CD4+ T cells
L1_GTCAAGTCAGACCATT,CD4+ T cells
L1_TCCGGGAGTCAGATTC,CD8+ T cells
L4_CGGGTGTTCTCATGCC,CD4+ T cells
E2L7_ACTTAGGTCTCAGGCG,CD8+ T cells
E2L6_TTCTGTACATACCATG,B cells
E2L3_GGGCGTTGTCCGCAGT,CD4+ T cells
E2L1_TGCAGTACACTTACAG,CD4+ T cells
L2_ACTATCTGTCGCAGTC,CD4+ T cells
E2L8_TGTTGAGTCTACCAGA,Proliferating cells
E2L8_TTCTTGACAAGAGCTG,CD4+ T cells
E2L5_GATCGTATCAAGCCCG,CD8+ T cells
E2L8_AAGCATCGTTTCGACA,Megakaryocytes
E2L2_TCTACATTCCCTCTAG,CD4+ T cells
L1_TTCCAATCATTGACAC,CD4+ T cells
L2_CACTTCGAGACTAAGT,Megakaryocytes
L3_AAAGGGCGTCAGACGA,Hematopoietic stem and progenitor cells
L1_ATTACCTGTGCTCTTC,B cells
E2L8_CACCAAATCAGACATC,CD8+ T cells
E2L4_CAGTTAGAGTAAGACT,CD4+ T cells
E2L8_GTGAGTTGTAGTGTGG,B cells
L5_GCAACATTCGGTGCAC,Dendritic cells
E2L4_GGGACTCCAGTAGTGG,Megakaryocytes
E2L7_TACTTACGTGCCGTAC,Proliferating cells
E2L8_GTGGGAAAGGTAGTCG,B cells
E2L8_CACTGGGCATCTAGAC,CD4+ T cells
E2L8_GCTGCAGGTGTAAACA,B cells
L4_AAGTTCGCAAGCACCC,Proliferating cells
E2L2_TTGTTTGGTTGTTGTG,CD4+ T cells
L5_CCTAAGAAGCACTAAA,B cells
L5_CCGAACGCACTTCAAG,CD4+ T cells
E2L2_ATCACGACAGCCATTA,NK cells
E2L1_TCACACCCACAACCGC,CD8+ T cells
L1_CCCTGATTCAGTCAGT,CD14+ Monocytes
E2L8_TACTGCCCACTATCGA,CD8+ T cells
E2L3_TACGTCCGTTGTTGTG,NK cells
L1_GGGTCACTCGATTTCT,Hematopoietic stem and progenitor cells
E2L1_CGATGGCGTGTGCTTA,Dendritic cells
E2L7_TTGGGTAGTTCATCGA,Proliferating cells
L4_ATTGTTCTCGTAGCCG,CD8+ T cells
E2L5_TCATGAGTCTCCGATC,CD16+ Monocytes
L4_CTTCAATAGCATGGGT,Dendritic cells
E2L6_TGTTCATTCATGAGGG,Proliferating cells
E2L2_GAGTGTTAGGTCACAG,NK cells
E2L5_TCAGTCCAGGCCATAG,B cells
L2_CCCAACTCAAGTCATC,CD8+ T cells
E2L7_ACACTGATCACTGATG,B cells
E2L5_GAGCCTGGTTGCTCAA,CD4+ T cells
L5_TTGACCCCAGTGTGCC,B cells
E2L4_ACTTTGTTCCACAGGC,B cells
E2L5_GGGTGAATCCAACCAA,CD8+ T cells
L1_TGTAACGTCCACGAAT,CD4+ T cells
L3_CATTTCAGTGCCTGAC,NK cells
E2L6_AGTACTGCAGCAGTTT,CD4+ T cells
E2L2_GAGGGTAAGGCCTAAG,CD8+ T cells
E2L8_GGCTTGGTCACCCTTG,CD8+ T cells
L5_ATTCCCGCATATACCG,CD8+ T cells
L1_TGCAGATCAGTTCACA,CD8+ T cells
E2L2_TATATCCTCTTCACAT,CD4+ T cells
E2L6_CATGAGTTCTTGTGCC,CD8+ T cells
E2L2_TACCGAAGTCAGGCAA,CD8+ T cells
E2L4_CGAGGCTCAGTGTGCC,NK cells
E2L7_GACACGCAGTGCACCC,B cells
E2L6_TTTCACACATCATTGG,CD14+ Monocytes
E2L2_CGTAAGTAGCGAACTG,B cells
L1_TGTTGGAAGTCGCGAA,Hematopoietic stem and progenitor cells
E2L4_ACAAGCTGTGCCGAAA,Dendritic cells
L5_CACAGATTCACTTGTT,B cells
L4_TATCTGTTCATCCTAT,CD8+ T cells
E2L5_ACGCACGAGTTTCAGC,B cells
E2L7_GTCGTAATCACTCCGT,CD4+ T cells
L4_GACTTCCTCAGTCCGG,Hematopoietic stem and progenitor cells
E2L2_AACCATGAGAGCTTTC,Proliferating cells
E2L2_TGATTCTAGTGAGGTC,Dendritic cells
L3_TTACAGGAGATAGCAT,Megakaryocytes
E2L5_TCATATCCAACCAATC,CD8+ T cells
L2_CCTCATGGTCCACGCA,Dendritic cells
E2L2_AACCATGGTCTAGGCC,CD4+ T cells
E2L3_CGTTCTGCAATAGAGT,CD4+ T cells
L3_TATTTCGAGTTGAAGT,NK cells
L5_AACCAACTCGGAAGGT,CD4+ T cells
E2L2_GAGTTTGAGGAGATAG,B cells
E2L6_AGAAGTAGTCGGAAAC,CD4+ T cells
L4_ATGGGAGTCGGTGTTA,NK cells
E2L4_GGGCGTTAGATTGTGA,CD8+ T cells
E2L8_AGACACTAGTTTAGGA,CD4+ T cells
L5_TTCACCGCACAGAGCA,CD8+ T cells
L2_ACAAGCTGTTCAATCG,CD4+ T cells
E2L2_ATCGATGCAGATACTC,Proliferating cells
L5_TGTAACGTCAGACCTA,CD4+ T cells
L2_ACTTATCAGGTTAGTA,Dendritic cells
L2_GCATGATCACTATCCC,CD4+ T cells
L1_AAGTTCGCAGGTGTTT,CD4+ T cells
L5_GACGCTGTCACCTGTC,CD4+ T cells
E2L8_GCCATTCGTCCCGCAA,CD8+ T cells
L5_GCTACAACACCGTGGT,Dendritic cells
L3_AGCCACGAGAGTCTTC,CD8+ T cells
E2L1_ATTTCTGTCCAGTACA,CD16+ Monocytes
E2L2_TCCCACAAGCTAGATA,CD8+ T cells
L2_GCCATTCTCAACCGAT,CD8+ T cells
E2L2_GATTTCTGTCTGTGAT,CD8+ T cells
E2L7_TCGCACTTCACTTCTA,Plasmacytoid dendritic cells
E2L2_CGGCAGTTCTTCCGTG,Plasmacytoid dendritic cells
E2L2_GTCATCCTCGTAGAGG,Dendritic cells
L4_GTCATCCTCATTCCTA,CD4+ T cells
L4_ATCGGATTCTTGGTGA,Proliferating cells
E2L8_TTCTAGTTCAGTCATG,CD8+ T cells
E2L1_TCTGCCATCAGGTGTT,CD8+ T cells
L4_CTACTATAGCCTATTG,CD8+ T cells
E2L3_CCGTGAGCAACCAGAG,CD16+ Monocytes
E2L5_TCAGCAATCGTTAGTG,Hematopoietic stem and progenitor cells
E2L3_TTCTTGAGTTTCCCAC,CD8+ T cells
E2L5_CTCCGATCAAATGGCG,B cells
E2L7_CGTTGGGCAGAAGTGC,CD14+ Monocytes
E2L4_ACCAAACGTCATCCCT,Dendritic cells
L2_CCGAACGGTACTGCGC,CD8+ T cells
L1_AGACAAAGTTCCTAGA,CD8+ T cells
E2L6_TCAGCAAGTGACTGAG,Proliferating cells
E2L3_GTTTGGACACGCTGAC,CD8+ T cells
L3_CTAAGTGAGCGACCCT,CD4+ T cells
L5_TGGGATTAGCTTCTAG,CD16+ Monocytes
L5_CGGAACCCAAGTGGAC,CD4+ T cells
E2L4_ACGGTCGTCGAGATAA,Megakaryocytes
L3_TACATTCTCCTTCGAC,Hematopoietic stem and progenitor cells
L2_TTTATGCAGGGCTGAT,B cells
L3_GTGCTTCCACGGTAGA,Hematopoietic stem and progenitor cells
E2L7_CCCATTGAGCTACGTT,Plasmacytoid dendritic cells
L1_GTCTAGATCTCAGTCC,Hematopoietic stem and progenitor cells
E2L2_TCCCACAGTTGGTAGG,Proliferating cells
L1_TAACTTCAGCTCAGAG,B cells
L1_TCTATCACATTCGATG,CD8+ T cells
E2L1_AAGTGAATCCGTGACG,CD8+ T cells
L1_AATGACCAGTTGAAAC,Dendritic cells
L1_CCACGTTTCATTGCTT,Hematopoietic stem and progenitor cells
E2L5_CTGCAGGGTATTCTCT,Plasma cells
L2_TTCCGGTCATAATGCC,CD4+ T cells
E2L7_TACGGGCGTAACATCC,B cells
E2L5_ACACCAATCTTAGTTC,Dendritic cells
E2L1_ATCGCCTAGATAGCAT,CD16+ Monocytes
E2L6_CGTCCATTCTAACGGT,CD4+ T cells
E2L5_ATGCCTCAGGGATCTG,B cells
E2L7_GTTGTGATCCGTACGG,CD4+ T cells
L4_GATCATGAGATACGAT,CD14+ Monocytes
L3_TCGAAGTTCAGTGCGC,CD8+ T cells
L3_TTGGGTAAGAAATGGG,CD4+ T cells
E2L5_CTTCGGTTCTGACGCG,B cells
E2L2_CGGGTGTAGGGACACT,CD4+ T cells
E2L6_GATCAGTTCGCCGAAC,NK cells
L1_GCGTTTCCAGCGTAGA,Megakaryocytes
L3_TACCTCGCACTCAGAT,CD4+ T cells
E2L3_CCTCCAAAGGGACTGT,NK cells
E2L5_GAAGGACAGTATTAGG,CD8+ T cells
L3_ATTCGTTAGTTCATCG,CD16+ Monocytes
E2L3_GAGTCTAGTGTACGCC,Plasma cells
E2L7_GACTGATCAAACACCT,Plasmacytoid dendritic cells
L3_CCATCACAGACATAGT,B cells
L4_TCCTTTCAGCCTGTCG,CD8+ T cells
E2L2_GGTAGAGTCCTTTGAT,B cells
E2L8_TCATCATGTAGCCCTG,CD14+ Monocytes
E2L4_ACTATGGGTCAAAGTA,CD8+ T cells
E2L2_GGAATGGTCACCGCTT,Proliferating cells
E2L7_ACGATGTCACGCACCA,B cells
L4_GTAGAGGTCAACTACG,CD8+ T cells
L2_CACTAAGAGAAGAGCA,CD4+ T cells
E2L3_CTGCGAGGTCCGACGT,CD8+ T cells
L3_ATTGTTCCATCGCCTT,CD8+ T cells
L1_TGCGACGAGTCTGCGC,CD4+ T cells
E2L7_TGCAGGCCACCCAATA,Dendritic cells
E2L2_TCGGGTGCATGCTGCG,CD4+ T cells
L2_TGCGGGTCACCCTCTA,Plasmacytoid dendritic cells
L4_GGAGGTAAGTCCCAGC,Proliferating cells
L3_AGTACCACAGTAGAGC,CD8+ T cells
L3_GTCTGTCCATGTCAGT,NK cells
E2L8_GTCAGCGAGCAGATAT,CD4+ T cells
L2_AAACCCAAGCCTGGAA,NK cells
E2L3_CTATCCGTCATTGCTT,CD4+ T cells
E2L5_ATTATCCCAGCGTAGA,CD8+ T cells
L2_GGGACAACACAAAGTA,Proliferating cells
L3_GTCTGTCCACATCATG,CD16+ Monocytes
L3_AGGTTACAGGACAAGA,CD4+ T cells
E2L1_TCCTTCTGTTCTCCCA,NK cells
L2_CCCTTAGCAACTGCCG,CD8+ T cells
L5_CATACCCAGGCACGAT,CD8+ T cells
L2_GAGAAATCAGTTCACA,Megakaryocytes
E2L7_GGTCACGCAGTTGAAA,CD4+ T cells
L2_ACGGTTAAGAAGTCAT,Proliferating cells
E2L1_TGTCCCACAGCTGAAG,CD8+ T cells
E2L8_AGTCTCCTCAACGTGT,Megakaryocytes
E2L5_ACAAGCTTCCTACCGT,CD14+ Monocytes
L1_ACCTGAAAGCATCAAA,CD4+ T cells
L1_TTATTGCAGTGGATTA,CD16+ Monocytes
L2_CCACGTTGTCTACAAC,Proliferating cells
L5_CTGCGAGCACCGCTGA,Plasmacytoid dendritic cells
E2L8_ACACGCGGTGGACTAG,B cells
L1_CGCGTGACAGCACCCA,CD4+ T cells
E2L6_ACACTGAAGAAATTCG,CD4+ T cells
L1_CACCAAACATAATCGC,Dendritic cells
L4_GATGACTCAAGTTCGT,Proliferating cells
E2L6_TGGGCGTTCGTCCATC,CD8+ T cells
L2_ACATTTCAGACTACCT,CD8+ T cells
E2L3_AAACGAATCATTTGCT,Proliferating cells
L2_ATTTCACTCGTTGTTT,B cells
E2L7_CATAGACAGGAACATT,NK cells
L5_TGCTCCACATCGCCTT,CD4+ T cells
L2_TGCACGGTCTGCATGA,T cells
L2_TTTGGAGCAATCTCGA,NK cells
E2L8_TCCAGAACAACCGTAT,B cells
L1_TGCGACGCATCCGCGA,CD16+ Monocytes
L4_CGGGCATCAGCGTTTA,Plasma cells
E2L4_TACCCGTGTGATATAG,CD4+ T cells
E2L4_TACCCACTCGCGGTAC,Plasmacytoid dendritic cells
E2L1_TAGGTACCAGTCGAGA,CD8+ T cells
L1_CTACATTGTGAGATAT,Plasma cells
L2_GCAGGCTCATCAGTGT,CD8+ T cells
L5_GCCGATGCACAACCGC,CD14+ Monocytes
L4_TAGACTGTCAAACGTC,CD8+ T cells
L3_TACCCGTAGAACGCGT,Plasma cells
L3_GTACAGTGTGCTGTCG,B cells
E2L7_AAGCCATGTAACGATA,CD8+ T cells
E2L3_ATCCACCCATCATCCC,NK cells
E2L1_ACGATCAAGGTTCTAC,CD4+ T cells
E2L2_ACAAAGAAGTTCCGTA,Dendritic cells
L2_TCGACCTCACAATGCT,B cells
L3_TGTAAGCAGCTGCGAA,CD4+ T cells
E2L6_ATCGTGAGTTGAGGAC,CD14+ Monocytes
E2L6_ATGAGTCTCTGAGGCC,CD4+ T cells
L1_AAACGCTAGGTCGTCC,CD8+ T cells
L5_GGTGGCTCAATTGTGC,CD8+ T cells
E2L1_TCGCTCATCGGACAAG,Proliferating cells
E2L6_TGTTCATTCTACCACC,CD8+ T cells
L3_ACTACGACAGAGCGTA,B cells
E2L6_ATCCGTCTCGGATTAC,B cells
L3_GTCATGAGTGTTCAGT,CD4+ T cells
L1_TAAGCACTCATCTGTT,Hematopoietic stem and progenitor cells
E2L3_GTAGTACAGAAGAACG,B cells
E2L2_AGACAAACACTCAGAT,CD4+ T cells
E2L5_ACCTGAAAGGTATCTC,CD8+ T cells
E2L8_GGGTGAATCCAGCTCT,Plasmacytoid dendritic cells
E2L4_TTGGATGCACTGCATA,CD8+ T cells
L2_AGACACTGTGTTAGCT,Plasma cells
E2L5_CCCATTGGTCGATGCC,CD8+ T cells
L1_AACAAAGCATATCTGG,CD8+ T cells
E2L3_ATCACAGTCCTGCTAC,CD14+ Monocytes
L2_TGCATCCCACGTCTCT,CD14+ Monocytes
E2L5_CACGTTCCAGCGGATA,Proliferating cells
E2L7_AGTGTTGTCGGCTGGT,Plasmacytoid dendritic cells
E2L6_GTAAGTCCATGACTTG,NK cells
E2L1_TGATGGTCAAGTTCGT,T cells
E2L4_TACTGCCTCCAATCCC,Dendritic cells
E2L8_TGACGCGCATTCCTAT,CD14+ Monocytes
E2L1_CTACGGGCAAGACGAC,B cells
L4_GGGAAGTTCACCGGGT,Proliferating cells
L3_CTAACTTGTTTAAGGA,CD14+ Monocytes
E2L7_TGACCCTGTACTGACT,CD8+ T cells
E2L7_GTGTTCCCATCTGCGG,Dendritic cells
E2L1_TGAGGTTAGTTGTCAC,CD4+ T cells
E2L3_ATACTTCGTCGCACGT,CD4+ T cells
L4_AGAAGTAAGTGCAGGT,Plasma cells
E2L4_AGGAATATCAGGAAGC,CD16+ Monocytes
E2L2_TTTACGTGTGGACTAG,Plasmacytoid dendritic cells
L4_CGAAGTTCAATCCTAG,B cells
L4_TCATTACTCATAGGCT,CD8+ T cells
E2L3_TTTGGAGAGACGAAGA,Dendritic cells
L2_GAGGGTATCCAGCAAT,Hematopoietic stem and progenitor cells
E2L4_AAGCGAGTCAGCATTG,CD8+ T cells
L5_TTTCACAGTCCTGGGT,Plasmacytoid dendritic cells
L4_GCAACCGAGTTCCAGT,Hematopoietic stem and progenitor cells
L5_GTTAGTGAGAGGCTGT,CD4+ T cells
E2L6_TCACTCGCACTGCGAC,Proliferating cells
E2L1_GATGAGGTCACTTTGT,Megakaryocytes
E2L5_CAACAACCACATACGT,B cells
L2_ACTTAGGGTCAGTCTA,CD4+ T cells
L2_CCGGACAAGTAGGTTA,CD16+ Monocytes
L1_ACTCTCGAGCATGCAG,CD4+ T cells
L4_ACCCTCATCACCGGGT,CD4+ T cells
L3_GGTAACTAGGATTCAA,CD14+ Monocytes
L4_GGACGTCCATGACCCG,CD4+ T cells
E2L3_CGGAACCAGAGCGACT,CD8+ T cells
E2L6_TCCCACAAGACATACA,CD8+ T cells
L1_TCATCCGAGTCGCGAA,CD14+ Monocytes
E2L8_CATGAGTGTTACTCAG,Dendritic cells
L5_TCGACCTCATCACAGT,CD4+ T cells
E2L8_ATCGATGTCCGACGGT,CD16+ Monocytes
L5_AAATGGATCTAGTACG,CD14+ Monocytes
E2L6_AGGAGGTGTCTAATCG,Plasmacytoid dendritic cells
L5_ACCCTCAAGAGGCGTT,Hematopoietic stem and progenitor cells
L4_ATCGTCCTCAGCACCG,CD4+ T cells
E2L8_GTTGCTCCAGAACGCA,B cells
E2L2_ACCATTTGTATTCTCT,CD4+ T cells
L5_TATTCCATCTTTCTAG,Dendritic cells
E2L6_ACTGTGAAGAGTTCGG,Plasmacytoid dendritic cells
E2L7_GACGTTACAGCTTTCC,CD4+ T cells
E2L5_TTTGTTGGTAGGCAGT,CD8+ T cells
E2L8_GATCATGAGTAAACAC,CD8+ T cells
L2_TCGGATACATACCGTA,CD4+ T cells
E2L8_TCATGTTAGGAGGGTG,B cells
E2L1_CGTTGGGCATGGCCCA,CD8+ T cells
L3_GTCAAACCAGGGAATC,CD4+ T cells
L2_TATTGCTAGGTACTGG,CD4+ T cells
E2L8_ACAAGCTTCTAAACGC,CD8+ T cells
E2L7_ATACTTCGTCCCGTGA,Proliferating cells
E2L8_TCGCTCAGTGTCTTAG,CD4+ T cells
E2L6_ATCATTCTCTGGCCTT,CD8+ T cells
E2L3_TTTACCAGTTGTGTTG,CD8+ T cells
E2L7_GACCGTGAGAAGCCAC,Dendritic cells
L2_TCCACCACAGACGGAT,Dendritic cells
L2_TGGGAGACATCGGCCA,CD14+ Monocytes
L5_CCACCATCAATACCCA,Plasmacytoid dendritic cells
E2L3_TCATCCGGTTATGGTC,Plasmacytoid dendritic cells
L2_ATCGTCCTCTGGGAGA,CD4+ T cells
L5_ACTTCGCGTGCCTTTC,CD4+ T cells
E2L5_TCGAAGTCAGGATCTT,CD4+ T cells
E2L5_ATTACCTAGGTTGCCC,B cells
E2L8_GTACAACAGAAATTGC,Proliferating cells
E2L8_AAGGAATTCGGAATGG,B cells
L2_CGCATAATCCTGTAAG,Proliferating cells
E2L8_TTCCTTCCAATTTCTC,B cells
E2L2_TCAAGTGGTCCTGGGT,Plasma cells
E2L1_TGCATGAAGGACCCAA,CD16+ Monocytes
L5_GAACACTAGCACTGGA,Dendritic cells
E2L4_TGCAGTATCGCGTGAC,CD14+ Monocytes
E2L3_ACAGGGATCTGCGGAC,Dendritic cells
L3_ATAGGCTGTACCTAAC,CD4+ T cells
L1_CAAGCTAAGTGCAGCA,CD14+ Monocytes
E2L7_GGCTGTGTCGAACACT,B cells
E2L8_ACTTCGCGTTAGGCTT,CD8+ T cells
E2L2_CTGGACGGTTGGGATG,CD4+ T cells
E2L8_CACCAAAGTGCGGTAA,CD4+ T cells
E2L6_CGTGCTTGTGAATGAT,Plasma cells
E2L8_GGAAGTGGTCAGTCCG,Proliferating cells
L3_TTCCACGTCTTCTAAC,CD8+ T cells
L4_GTTAGACGTATTTCCT,Hematopoietic stem and progenitor cells
E2L6_GTGCACGGTATGGAGC,CD8+ T cells
L1_AGAAGCGAGATTAGTG,B cells
E2L1_TGTGTGAGTCGTGTTA,CD4+ T cells
L4_TCACATTAGTTTCAGC,Dendritic cells
E2L1_GACCGTGGTAAGATCA,Dendritic cells
E2L7_GCATGATCACTACAGT,Dendritic cells
E2L8_CTGAGGCTCAGGTAAA,Proliferating cells
E2L5_GTGCGTGGTTCGGCTG,Dendritic cells
E2L7_TTTAGTCTCTCCATAT,CD8+ T cells
L2_CCTTGTGGTTCATCGA,Hematopoietic stem and progenitor cells
E2L6_ACAAAGAAGAAGAGCA,CD8+ T cells
L5_CTGCCTAGTGTTTACG,Plasma cells
E2L6_AAAGGATCACAAGTTC,CD4+ T cells
E2L1_CCCTGATGTCAGGAGT,CD4+ T cells
E2L7_GGTTGTACAACAAGAT,Plasmacytoid dendritic cells
E2L7_CCGGGTATCCTTCTGG,CD14+ Monocytes
E2L6_AGCGATTAGTGATTCC,B cells
L5_GCAGTTATCCGGACTG,CD16+ Monocytes
L5_CCTCTCCAGCTTCGTA,NK cells
E2L5_AGAAGCGCAATGTGGG,CD8+ T cells
E2L3_TCTCAGCCAGCTGAGA,Proliferating cells
E2L2_CGTCCATTCTGAGATC,CD14+ Monocytes
E2L1_GAATCGTGTTGTACGT,Plasma cells
E2L3_GAATCGTCAGAAACCG,Proliferating cells
L5_GTTGTAGCACCCTTAC,Plasmacytoid dendritic cells
E2L8_AGTAACCTCGCTGTCT,B cells
L1_CACGGGTGTATCTCGA,Hematopoietic stem and progenitor cells
L2_GCCAACGGTGGCTCTG,NK cells
E2L2_GTAGATCCACTTGACA,CD16+ Monocytes
L2_GGGTGAAAGGTTTGAA,Proliferating cells
L1_GTAAGTCCAAGTGCAG,Dendritic cells
L1_GGTAACTAGGATGTTA,CD8+ T cells
E2L5_TTGAGTGCAATTGCCA,B cells
E2L6_GAAGCGACACCGTCGA,B cells
L1_CGTTCTGAGGCAGGTT,Proliferating cells
L2_GAGAAATTCTCTATGT,B cells
L4_GAAACCTTCCATGATG,CD8+ T cells
L1_AAGCATCTCGCGTGAC,CD8+ T cells
E2L7_CTGCATCCACAAGGTG,CD4+ T cells
E2L6_CTATAGGTCCTACAAG,NK cells
E2L2_GGAATCTGTCCGAAAG,Dendritic cells
L1_TTAGGCATCAGCCTCT,CD4+ T cells
L2_CATTTCATCCAACCGG,CD4+ T cells
E2L7_CGGGTCATCTCAAAGC,CD8+ T cells
E2L6_GTGGAAGCACTCACTC,CD4+ T cells
L2_TTCGATTCAATCGTCA,NK cells
E2L1_TCTTTGATCGTGGGTC,Dendritic cells
L3_CTCCAACCACCGCTGA,CD4+ T cells
L3_AGCGCCAGTGCTGCAC,Proliferating cells
E2L7_GGGTGAATCTTCCAGC,Proliferating cells
E2L1_AACTTCTAGACTCTAC,CD16+ Monocytes
E2L4_GCTACCTTCCAAGCAT,NK cells
E2L3_AGTAGCTTCACGGAGA,CD8+ T cells
E2L6_CGTGATACAGGTTCCG,Dendritic cells
L4_CGATGCGAGTGGTTGG,B cells
L1_GACTATGGTGGTTTGT,T cells
E2L2_CATGAGTCACAAAGTA,B cells
L5_CTATCCGTCCTTGAAG,CD4+ T cells
E2L3_CTCAATTCATAGGCGA,CD4+ T cells
E2L4_AGCGATTAGATTGCGG,CD8+ T cells
L2_CCGATCTCACGAGGAT,CD4+ T cells
E2L3_GCGTGCAAGCGGGTAT,Megakaryocytes
L4_ACCTACCTCCGGCAGT,CD4+ T cells
L3_AGCATCACAACCCTAA,CD4+ T cells
E2L7_GCCGTGAGTTTGGGTT,Proliferating cells
L4_AACGTCAAGTATGAAC,CD8+ T cells
E2L6_AGCCAATCAGAAGCGT,B cells
E2L5_TCTTTGAAGGTTCCAT,Dendritic cells
L3_AGTCACACACCAGCTG,NK cells
L1_ACGGTTAGTCAGTCGC,Plasma cells
L2_CACACAATCCTACACC,CD8+ T cells
E2L1_AGGGCTCTCAACCTCC,CD4+ T cells
E2L1_CCCGAAGGTATTAAGG,B cells
L5_CCACAAACAGCCATTA,CD8+ T cells
L1_ATCACTTGTTGAATCC,CD4+ T cells
E2L3_TGCAGTAGTGTTTCTT,B cells
E2L6_TCAGGGCCAACAAGAT,Plasma cells
E2L3_AGCCAATGTATGAGCG,Megakaryocytes
E2L8_CATGCAATCGAGTACT,Plasmacytoid dendritic cells
E2L8_TTCCTAACAGTCGCAC,CD4+ T cells
L4_GGGCGTTGTTACGATC,Dendritic cells
L5_GTCGAATGTGCCTTCT,Hematopoietic stem and progenitor cells
L3_GAAACCTGTTACAGCT,CD4+ T cells
E2L2_AGGATAATCGACCACG,CD14+ Monocytes
E2L3_GCTACAATCCCGAACG,Plasma cells
L5_ATGTCCCGTTGCTGAT,Proliferating cells
L2_ACGTTCCCAGGTCCGT,Plasmacytoid dendritic cells
L1_ACCCTCACAAGAGTGC,CD4+ T cells
E2L3_AGATGCTAGTGCACAG,CD8+ T cells
E2L8_GTTGTAGAGCGCATCC,CD14+ Monocytes
E2L8_GTGATGTGTCTAATCG,Proliferating cells
L1_ACTTTGTCAAGCACAG,CD8+ T cells
E2L2_GGTCTGGCATAATCGC,CD4+ T cells
E2L8_TTCCTCTGTCCATCTC,CD4+ T cells
L5_AGGGTGAAGTTGCTCA,CD8+ T cells
E2L1_ACAAAGACAGAACTAA,CD4+ T cells
E2L3_TCCCACAGTGGCCCAT,CD4+ T cells
E2L6_GAATCACAGGGCGAAG,Dendritic cells
E2L6_CCTCCAATCCCATACC,NK cells
L2_TAACCAGAGCCTTTCC,Proliferating cells
E2L1_CCAAGCGGTTTCCCAC,Proliferating cells
E2L4_GTGATGTCAATGACCT,Proliferating cells
L3_AATGGAAAGTGGTCAG,CD14+ Monocytes
E2L7_CACTGGGCAGCGGTTC,CD4+ T cells
L1_TGGAACTTCACGATCA,Dendritic cells
L2_TTGACCCGTCTTGAGT,CD4+ T cells
E2L3_GTGCTGGGTATGGAAT,Plasmacytoid dendritic cells
E2L1_ATAGACCTCGCCGAGT,NK cells
E2L8_GCGGAAACATGTGGTT,B cells
E2L5_TCCTCTTAGGGCAGAG,CD8+ T cells
E2L8_GGCAGTCAGAGGTATT,B cells
L1_ACCATTTAGCCTTTCC,CD8+ T cells
E2L2_CCTAAGAGTACCCACG,B cells
L3_ACGTCCTCATCCGTGG,Proliferating cells
E2L2_CTTCCGATCGATTGAC,CD4+ T cells
E2L5_CTCCATGTCCTCACCA,CD4+ T cells
L1_GGTGTCGTCTCGGTAA,CD4+ T cells
L5_GTGTCCTCAATAGTGA,CD4+ T cells
L5_CCTCAGTCATCCTAAG,CD8+ T cells
L1_TTCACCGTCAGCGCGT,CD4+ T cells
E2L3_ATCGGCGTCACTTTGT,CD4+ T cells
L5_GAGGCAAAGGTACATA,Hematopoietic stem and progenitor cells
L2_TTCACCGGTGCGGATA,CD8+ T cells
E2L7_GGATCTAAGATTGGGC,Dendritic cells
L5_AGTAGTCTCATAAGGA,CD4+ T cells
E2L3_AGACCATCAAGCCCAC,NK cells
L5_AATTTCCAGGCCTTGC,B cells
E2L8_CCATCACAGGCGACAT,Dendritic cells
E2L6_GAATCGTCACTCCGGA,Plasmacytoid dendritic cells
E2L1_TACTTACGTGTTTCTT,CD8+ T cells
E2L8_CTGATCCAGTCATGAA,Proliferating cells
L1_TGGGAAGTCATGCTAG,Plasmacytoid dendritic cells
E2L2_CTCAACCAGATGTTAG,Dendritic cells
E2L7_GAGTTTGTCGCCAACG,CD4+ T cells
E2L4_GGGATGATCCGTCACT,CD8+ T cells
L5_GGTAACTGTGTATTCG,Dendritic cells
E2L2_AGAAGCGGTTAAGAAC,CD4+ T cells
E2L5_CTCATCGCACTTCAAG,CD4+ T cells
E2L3_TTCATTGAGTTACGAA,CD4+ T cells
E2L1_CCTCATGAGACGACGT,Plasmacytoid dendritic cells
E2L2_TCAGCCTTCTTGCAGA,B cells
E2L8_TGCATGAAGAGCAGCT,CD8+ T cells
L1_AGATGAACAGTTACCA,CD4+ T cells
E2L7_CTTGATTTCTTTGATC,CD8+ T cells
L4_GTGCTTCTCAGGAAAT,B cells
L4_ATTCCTATCAGTAGGG,Proliferating cells
L5_TGGATCAAGAGGCGGA,CD16+ Monocytes
L5_GTCTAGAAGCAATTCC,CD8+ T cells
L1_CTCAACCTCCAAATGC,CD4+ T cells
E2L8_CTCATTATCGGAATTC,B cells
E2L7_GAATCGTTCTGTCGTC,Plasmacytoid dendritic cells
L4_CCTCATGAGCGTCAAG,NK cells
L2_TTCAATCAGCACTTTG,CD8+ T cells
L5_CTGCTCAAGGCGATAC,Proliferating cells
E2L8_CGTTGGGTCCGCCTAT,CD4+ T cells
E2L1_GCTGCAGTCCTACCGT,B cells
L2_CATAAGCGTATACCCA,CD4+ T cells
L4_CCACTTGGTTGTACGT,CD8+ T cells
E2L1_GAGAAATAGTCAATCC,CD4+ T cells
E2L3_CCAAGCGCACCCTAAA,T cells
E2L8_CCTATCGCAGAACATA,B cells
E2L2_CGCAGGTGTACTGAGG,Dendritic cells
E2L4_TTTCACAGTGTATTGC,CD8+ T cells
L2_CAACCTCGTGGCAGAT,CD4+ T cells
L3_GCGGATCTCGGATAAA,CD8+ T cells
E2L2_GGTAACTCATCATCTT,B cells
L2_ACGTCCTGTAATGTGA,CD8+ T cells
L2_TTTAGTCAGGCGAAGG,CD4+ T cells
L3_AGTTCGACAGGGAATC,CD8+ T cells
L1_GGAGGTACACCCAAGC,Plasma cells
E2L8_TACAGGTAGGATGTTA,Plasmacytoid dendritic cells
L4_CTCAGAATCGTTCGCT,Proliferating cells
L3_ACATGCACAAGTGGCA,CD4+ T cells
L4_CGGGTGTAGAGTGGCT,Dendritic cells
L5_ACATCCCTCCTTCGAC,CD4+ T cells
E2L5_CGAATTGAGGATTACA,Plasma cells
E2L2_GTGCTGGAGTACAGAT,CD8+ T cells
L3_TTACAGGTCGTTCATT,CD8+ T cells
L4_ATGAAAGGTGTTTACG,CD8+ T cells
E2L5_TACCTGCAGTCTCCTC,CD8+ T cells
L1_TTTGACTTCGATTGGT,Plasmacytoid dendritic cells
E2L2_CACACAATCTTTGCGC,B cells
E2L2_GTTACGATCGTAGGAG,CD8+ T cells
L2_GGTTAACGTCTTCGAA,B cells
E2L1_CCATAAGCACTGAGTT,Megakaryocytes
L1_TTGCCTGGTTGGCTAT,Hematopoietic stem and progenitor cells
L3_TCCTCTTGTAGTTAGA,CD4+ T cells
L3_TGATCTTGTTAGTTCG,B cells
E2L6_GACCCAGTCTGCTGAA,CD4+ T cells
L4_AAGCATCGTAACTGCT,Plasmacytoid dendritic cells
E2L6_ACTATCTAGACTTAAG,CD8+ T cells
L1_ACACTGAAGTCCCAAT,CD4+ T cells
E2L3_GCAACCGCATCGATAC,Proliferating cells
L2_AACAAAGGTGATTAGA,CD4+ T cells
L5_ATTCATCAGAGCCCAA,Hematopoietic stem and progenitor cells
L4_CTCAGAAAGTCGGCCT,CD4+ T cells
L2_ATAGAGAGTGCCCTTT,CD4+ T cells
E2L3_AGACAAACATTCCTCG,NK cells
L1_TGATCAGAGTAAACAC,Dendritic cells
E2L6_TCTACCGAGAAGGCTC,CD4+ T cells
L1_GCAGCTGGTAGTGGCA,CD14+ Monocytes
E2L1_GACAGCCGTGATGAAT,CD8+ T cells
L1_CGTCCATGTTCCTAAG,CD4+ T cells
E2L7_TCGTAGAAGATCCGAG,CD4+ T cells
L4_GTTGTGAGTTCGTAAC,Dendritic cells
E2L7_TTGCATTGTTTCCCAC,CD8+ T cells
L2_TGCGGGTAGCAACAAT,CD8+ T cells
E2L3_GAGTGTTAGAAGTCTA,CD4+ T cells
E2L6_CCTAAGAGTTCCCACT,CD14+ Monocytes
L2_CGCGTGAGTGGTCCCA,CD8+ T cells
E2L7_GATGACTAGGTAAACT,CD14+ Monocytes
L1_GAAACCTTCTACTGAG,CD8+ T cells
E2L7_CTCAGGGCATACAGGG,CD4+ T cells
E2L8_GACTATGAGCGTTCAT,Dendritic cells
E2L8_ACGTACAAGTGGTCAG,B cells
E2L3_TCAAGACAGCAAATGT,CD8+ T cells
L3_GCGTGCACAAGACAAT,CD14+ Monocytes
E2L1_TCTTAGTAGGACAGTC,CD8+ T cells
E2L8_CCTATCGAGTCGAGGT,Proliferating cells
L4_ATCCATTTCCCTATTA,CD4+ T cells
E2L8_GGCTTGGTCAAGTAAG,T cells
L2_TTGGGATCACAATTCG,CD8+ T cells
E2L6_ACTGCAATCATACGAC,B cells
E2L8_GTGTGATGTTGCGGCT,Plasmacytoid dendritic cells
E2L6_AGCGCTGGTGACACAG,CD4+ T cells
L2_CGAAGGAGTCGCATGC,NK cells
L5_TAATTCCAGTCATCGT,B cells
E2L1_TATATCCAGCTAATCC,CD8+ T cells
L1_CGCATAACAGAGTCAG,Hematopoietic stem and progenitor cells
E2L2_TGTGCGGGTTCCCACT,CD8+ T cells
E2L6_TCATTACAGTAATACG,CD4+ T cells
L4_TACCGAAAGGCATCGA,CD4+ T cells
E2L4_TCCTCCCAGCGTTAGG,Megakaryocytes
L3_CGTAAGTCAATAGTGA,Hematopoietic stem and progenitor cells
L1_CACTGTCAGCTCCACG,B cells
E2L3_TCCTAATAGACTGTTC,CD4+ T cells
L2_TTCATTGTCTAGCAAC,CD8+ T cells
L4_TTGTTGTCAGGATCTT,Plasmacytoid dendritic cells
E2L5_CACAGATGTCTACACA,Plasma cells
L2_TGCAGTAGTTTGACAC,Hematopoietic stem and progenitor cells
E2L1_TGTCCCAGTTGCGGCT,CD8+ T cells
L3_GATGCTACAAGCGAAC,CD8+ T cells
L2_ACCTGAAGTGCAACGA,Plasmacytoid dendritic cells
L2_ATTCGTTGTAGCTTAC,CD4+ T cells
L3_TTCCGTGAGGAGCTGT,CD4+ T cells
L4_GCACTAACAGTTGAAA,Plasma cells
L1_AGCCAGCTCATCGACA,Megakaryocytes
E2L7_GCAGGCTAGGAGGGTG,Plasmacytoid dendritic cells
E2L1_GAAACCTGTGCCGAAA,CD14+ Monocytes
L4_AGCGCTGAGGAGAATG,CD4+ T cells
E2L4_TACTTACAGTGGTTAA,Dendritic cells
E2L4_GAACGTTCAGACCAGA,CD4+ T cells
E2L7_ATCTTCAAGCAGCCCT,CD14+ Monocytes
L3_TCACAAGAGTCACTCA,NK cells
E2L1_CTCCACACATGGCGCT,CD4+ T cells
E2L4_GCTACAAAGCAGCCCT,Plasmacytoid dendritic cells
L4_ACGGTTACACTAGTAC,CD14+ Monocytes
L4_TTTAGTCAGGGATCTG,CD4+ T cells
L3_GCCTGTTGTCACCGAC,CD4+ T cells
L2_TTCTAGTAGAGTAACT,Hematopoietic stem and progenitor cells
L5_CCTCATGCAGATCATC,Hematopoietic stem and progenitor cells
E2L3_ATGAGTCTCTCCCTAG,Proliferating cells
E2L4_AAAGGATTCGTGGGAA,B cells
L3_CTGAGGCTCCATAGAC,CD8+ T cells
L2_TCTAACTAGTGGTGAC,NK cells
E2L3_GAAGGACTCCGAAGGA,CD14+ Monocytes
E2L5_TGCGACGCACGAAAGC,CD8+ T cells
L5_GGAGCAAGTGTAGTGG,CD4+ T cells
L2_AAGGTAAAGAGCAAGA,CD8+ T cells
E2L3_TGTAGACCAAACTAAG,Megakaryocytes
L2_TCACGGGTCACACCCT,CD4+ T cells
L1_GCATCGGCATGGGTCC,CD4+ T cells
E2L5_CTCATTATCTTTACAC,Megakaryocytes
E2L6_AGAACAAGTCGCCACA,Hematopoietic stem and progenitor cells
E2L4_AGTTCCCAGGTTAGTA,CD8+ T cells
L4_CTGAGCGTCAGACAAA,CD16+ Monocytes
L3_AACGGGATCGTTAGAC,CD16+ Monocytes
L2_TTGACCCTCCGACATA,Plasma cells
E2L1_GATTCGAGTGACACGA,NK cells
E2L4_GAACTGTTCCGACATA,Proliferating cells
E2L1_CATCCCAGTCGAGATG,Plasmacytoid dendritic cells
E2L5_CTCCGATCAGTAGAAT,CD4+ T cells
L5_CTAACTTAGCTAAACA,Proliferating cells
L5_GAACACTCACATTACG,Dendritic cells
E2L2_GTAAGTCAGCCTTCTC,CD8+ T cells
E2L6_CCACCATAGTTTGAGA,B cells
L2_CCTTTGGTCTGGACCG,CD14+ Monocytes
L3_ACGCACGTCTTTCGAT,Megakaryocytes
L4_AGATCCAAGCATAGGC,NK cells
L5_CTCTGGTCACACTTAG,CD8+ T cells
L3_CATCAAGAGCGGATCA,CD4+ T cells
L4_TACGTCCAGGTGGGTT,CD4+ T cells
E2L6_CTCCCTCGTGCACATT,CD8+ T cells
E2L2_AGATGAATCGTGCACG,B cells
E2L4_ATTCATCTCCGTCAAA,CD4+ T cells
L3_GACGTTAGTTCAAACC,Hematopoietic stem and progenitor cells
E2L4_GTAGTACAGTATGAGT,Proliferating cells
E2L8_TGGAGAGAGACTAAGT,CD8+ T cells
L5_TTGCATTGTCGTCTCT,Dendritic cells
L1_CTGCCATCAGAGCTAG,Hematopoietic stem and progenitor cells
E2L2_TTCTAGTTCAACTTTC,Proliferating cells
E2L1_TTGTTCAAGGTAGATT,Dendritic cells
L4_GTCACTCCATCTCATT,Dendritic cells
L4_TAAGTCGAGAGCATTA,CD8+ T cells
E2L8_TGCACGGTCCACCTGT,CD8+ T cells
E2L8_CTGGTCTTCACCTCGT,Plasmacytoid dendritic cells
L1_TCCTCCCTCAGTGTTG,CD4+ T cells
E2L2_ATCGTCCTCCAGCTCT,CD8+ T cells
E2L3_CAGATCACAGATCATC,CD14+ Monocytes
E2L8_GAGAGGTAGTAGAATC,CD4+ T cells
E2L6_GTCACGGTCCTTGAAG,CD14+ Monocytes
E2L1_CGTTAGATCTAGGCCG,T cells
E2L7_ATCCCTGGTGCGGATA,Proliferating cells
E2L8_GATCACATCTAGGAAA,B cells
E2L6_TAGGAGGAGATGTAGT,B cells
L4_TTTAGTCCACTATCGA,CD8+ T cells
E2L1_TACCTCGGTTGGCCTG,Megakaryocytes
L5_AGTCACATCCGTATAG,Megakaryocytes
L4_TCGGATAAGGGCGAGA,CD16+ Monocytes
E2L6_AGGGTGAAGAGCACTG,CD4+ T cells
E2L6_AGCGATTGTATGATCC,B cells
E2L6_CCACGAGAGAATCGCG,Megakaryocytes
E2L5_ATTTACCTCCCTGTTG,CD4+ T cells
L4_CTGCTCAAGATAGTGT,CD8+ T cells
E2L6_CTAGACACAGGCGTTC,NK cells
L4_GAGAAATGTTAGGACG,CD4+ T cells
E2L4_GGCAGTCCATGAAGGC,CD14+ Monocytes
L5_ATCTTCATCTCATTGT,CD4+ T cells
L4_GGGCTACAGACCAGAC,Plasmacytoid dendritic cells
L3_CGGGCATCACAATGCT,CD4+ T cells
E2L5_ACGTCCTTCAACGTGT,Plasmacytoid dendritic cells
L1_AGTACCAGTCCGGACT,CD8+ T cells
L3_GTGTAACCATAGATCC,Proliferating cells
E2L5_TCGGGACCATGCCGAC,Plasmacytoid dendritic cells
L2_TTGCTGCAGAGCGACT,CD4+ T cells
E2L7_TGCCGAGAGTGAATAC,B cells
L2_TTTACGTGTTCCTAGA,Plasma cells
L5_CATACTTGTAGGATAT,CD4+ T cells
E2L8_TAGGTTGGTTCAGGTT,NK cells
L1_GCATCGGGTAACTTCG,Plasma cells
L4_TGGATGTTCTCAACGA,CD14+ Monocytes
E2L2_GGGACCTGTAGACAGC,Plasma cells
L2_CTCAATTTCAACGAGG,CD4+ T cells
E2L2_GAGTCATTCTCGACGG,CD4+ T cells
L5_AACCACACAAGATCCT,CD4+ T cells
L5_CTATAGGAGATAGCAT,CD4+ T cells
L5_CCATAAGCACGACTAT,CD4+ T cells
E2L7_TTATTGCAGAGGCGTT,Proliferating cells
E2L6_GTAGTACTCATTACGG,Proliferating cells
E2L4_CTCTGGTAGGACGCAT,CD16+ Monocytes
L2_GGGAGATCAGTCTACA,Hematopoietic stem and progenitor cells
L2_GACCGTGAGCGTGTTT,CD4+ T cells
E2L2_GTGAGGAGTGCTCTCT,CD4+ T cells
E2L2_CGTGCTTAGATGCAGC,CD4+ T cells
L5_AAACCCAAGGATGGCT,Plasma cells
L5_TCTTAGTCATACGCAT,Plasma cells
E2L4_ATCCATTCATGGTACT,Proliferating cells
L2_AATGGAATCGTCGCTT,CD4+ T cells
E2L6_AGTCACACACAGAAGC,CD14+ Monocytes
E2L1_TTGGGATTCGCTCTCA,Megakaryocytes
E2L7_AACGAAAAGTGCCTCG,CD4+ T cells
E2L7_ACGGTTAGTCTACGAT,CD16+ Monocytes
L4_GCCAACGGTAAGCGGT,NK cells
L5_ACTGATGTCGTGTTCC,Proliferating cells
E2L7_CGTGCTTCAAATGGTA,B cells
E2L4_TGAGCGCTCGCCACTT,CD8+ T cells
E2L5_TACGTCCAGAGTTGTA,Dendritic cells
L2_TCCTTTCCATCTCATT,Proliferating cells
E2L8_GAGTCATCAACTCATG,CD8+ T cells
L4_GAACTGTCAAATACAG,Dendritic cells
E2L8_TCGTGGGCACAAGGTG,CD4+ T cells
L4_TCATTGTAGGTCGTCC,B cells
L4_TTCCGGTTCATCGGGC,Proliferating cells
E2L3_CACGTTCCATCACCAA,CD16+ Monocytes
L2_TGCTCCAGTGCGTTTA,CD4+ T cells
L2_CGTAGTATCCATTGGA,CD4+ T cells
L3_GTAGATCGTTTCGTGA,CD8+ T cells
L1_CGTTGGGGTCATTCCC,Plasmacytoid dendritic cells
E2L7_GACTTCCCATGGCTGC,CD4+ T cells
L5_CATCGTCCATGGGCAA,NK cells
E2L7_ATCGTGAGTGAATGTA,Hematopoietic stem and progenitor cells
E2L7_AGGGTGACAAAGACGC,CD4+ T cells
L5_ATGAGGGTCACTGGTA,CD4+ T cells
E2L5_CAACCAACACATACTG,Plasma cells
L3_GAAGAATAGAGCCGTA,CD4+ T cells
L5_CATTGCCTCTGCGATA,CD4+ T cells
E2L7_GAAGAATGTGGCCTCA,Dendritic cells
E2L4_GGTAGAGGTTGCATCA,CD4+ T cells
E2L8_CTTCTCTCATCCGAAT,Proliferating cells
L5_GTTCCGTCAGCGTATT,CD14+ Monocytes
L4_TCATTTGAGCGAAACC,CD8+ T cells
E2L1_GTCACTCGTGTTAAAG,Plasmacytoid dendritic cells
L4_ATGGATCCATAAGATG,Dendritic cells
E2L7_CATTGAGAGGCACAAC,CD14+ Monocytes
L4_CATTCTAGTCCCAAAT,Plasmacytoid dendritic cells
L3_GGTTGTAAGTGTCATC,CD16+ Monocytes
L5_CACGAATAGGATTCAA,Hematopoietic stem and progenitor cells
E2L6_AGGGCCTCACACCTAA,CD8+ T cells
L3_ATTATCCTCTACACTT,CD4+ T cells
E2L5_CCCGAAGAGCCTGTGC,B cells
E2L7_CATACTTCATCTCAAG,CD4+ T cells
E2L7_GGTGAAGAGCATGGGT,CD4+ T cells
E2L3_TCATTGTCAGAGTGAC,CD8+ T cells
L4_GATGACTTCGGACGTC,CD4+ T cells
E2L6_CATACAGAGCTGTTCA,B cells
E2L2_TCCAGAACAGCGGTTC,CD4+ T cells
E2L7_CTGAGGCTCCATTCAT,Hematopoietic stem and progenitor cells
L2_TATCAGGTCGTCCTTG,Dendritic cells
E2L2_ACGTAACTCAAAGACA,Plasma cells
L2_ACACCAAGTTATAGAG,CD4+ T cells
L3_GACCCTTGTCGGTACC,NK cells
L4_AGCCAATGTACAGAAT,CD4+ T cells
E2L1_CAGGGCTCATAGGTTC,Proliferating cells
E2L7_GTGAGCCTCCCGGTAG,B cells
E2L4_AGCCAGCCAAGTGGAC,Plasma cells
E2L5_CATGCGGAGTCGCCAC,NK cells
L5_TGAGCATAGTCCCAAT,NK cells
E2L2_TTGACCCCACGGCTAC,Plasma cells
L5_ATTATCCTCAACTCTT,CD8+ T cells
E2L4_CTCCACACATGGCTGC,B cells
L5_TATTTCGAGCGGTAAC,CD4+ T cells
E2L7_GTTTACTCATTGAAGA,Dendritic cells
L4_TTTCCTCCACAGTCAT,CD16+ Monocytes
L4_CATAGACTCTCTTGCG,CD14+ Monocytes
L4_AGCATCACAAATTGCC,CD4+ T cells
E2L3_ACAAAGAGTCGTGATT,CD8+ T cells
L4_GCCGATGTCAACCGAT,Dendritic cells
E2L7_CCTCTCCGTTACGTAC,CD4+ T cells
E2L6_AGGGTCCGTACTGTTG,B cells
L5_ATTCAGGTCGCAGAGA,CD4+ T cells
E2L6_TGCGGGTGTAAGGTCG,B cells
L1_TCCTTCTCAGTCTGGC,CD4+ T cells
E2L5_TTACAGGGTCACTACA,CD4+ T cells
E2L3_CGCCAGACAGGACGAT,T cells
E2L7_GCGTTTCGTGGCTTAT,Megakaryocytes
L4_CAACAACTCCTGGGAC,CD4+ T cells
L2_AAGAACATCCGAGCTG,Hematopoietic stem and progenitor cells
L3_ACGCACGAGTAGCATA,CD4+ T cells
E2L3_TGCATCCTCGTCAAAC,CD14+ Monocytes
E2L1_CCTACGTTCCATTTGT,B cells
L2_ATCATTCCACGGTGAA,CD8+ T cells
L2_ATTTCACGTCACCGAC,NK cells
E2L4_CATAAGCCAACACTAC,Plasmacytoid dendritic cells
E2L1_TTTACGTCAGAGGGTT,NK cells
E2L1_GCTGAATAGGCATGGT,Plasmacytoid dendritic cells
E2L1_CCTAAGATCTAGACAC,CD8+ T cells
E2L1_CACTTCGCAAATAGCA,CD8+ T cells
L5_GCTTTCGCATTGAGCT,CD4+ T cells
E2L1_CACAACATCTCGTGAA,Megakaryocytes
L4_GGAGATGAGATGTTCC,Megakaryocytes
L2_CCCAACTTCTATGTGG,CD8+ T cells
L5_AGGGAGTAGAAACTGT,CD4+ T cells
E2L3_TCATACTGTTTACGAC,CD8+ T cells
L5_TGATTTCTCAACTTTC,CD8+ T cells
E2L6_TCTTGCGGTCCGGTCA,B cells
E2L5_GGGTCTGCATCCGGTG,NK cells
L2_TTTCCTCCAAGTGCAG,CD4+ T cells
E2L3_CCTCATGAGCCTGGAA,CD8+ T cells
L3_TGCGGCATCCGATCGG,B cells
E2L1_AGGTTGTGTTCGGTTA,CD4+ T cells
L2_TATCCTAAGACAAGCC,Plasma cells
L4_TCCACCAGTGACCGTC,CD4+ T cells
E2L2_TTCAGGATCACTGATG,B cells
E2L6_GCCAGCAAGTAACCTC,B cells
L1_CGGAACCTCCGTGGGT,Plasma cells
L4_TTTGGAGAGTTGCCTA,CD8+ T cells
E2L4_GTCTTTAAGACCAAGC,CD8+ T cells
L5_TATCTTGAGAGTTCGG,Plasmacytoid dendritic cells
E2L4_GTCATCCAGTTTCTTC,B cells
E2L5_AGAAGCGTCATTTGCT,NK cells
L4_TTAGTCTAGACATGCG,CD4+ T cells
L5_TCACTATCAGTGCCTG,CD8+ T cells
L5_TGCAGATTCACTTCTA,CD4+ T cells
E2L5_TGCAGTAAGGGCTAAC,CD8+ T cells
L5_CGTAGTAAGTAGGCCA,CD4+ T cells
E2L8_TTGGATGCAACCGATT,CD16+ Monocytes
E2L6_TTCCAATAGCAGCACA,CD14+ Monocytes
L3_TTCGGTCTCTCGCGTT,Proliferating cells
E2L5_GTTGCTCGTGACTGAG,Megakaryocytes
E2L2_GCATGATAGGTGCATG,CD8+ T cells
L5_CATGCGGTCATCTCTA,B cells
L1_TTACTGTCATCCGGCA,B cells
L4_AAGGTAACAGCTATTG,CD8+ T cells
E2L8_AGTAGTCCACTCAGAT,Dendritic cells
E2L4_AAGCATCAGTAGCATA,NK cells
L5_CTGATCCGTAGTTAGA,CD4+ T cells
E2L7_TGAATCGCACTGGCCA,CD8+ T cells
E2L4_CAATGACGTAATGATG,Dendritic cells
E2L6_TCCGAAAAGACCTTTG,CD4+ T cells
E2L8_CTTAGGAGTTAAACCC,CD16+ Monocytes
L4_TGATCTTCAACGATTC,Hematopoietic stem and progenitor cells
E2L8_TCAGTTTTCGTGGGTC,CD14+ Monocytes
E2L5_TCGCAGGCAGCATCTA,CD8+ T cells
L5_GCACATACAGAAATTG,CD4+ T cells
E2L7_CCAATTTTCCGATGTA,NK cells
E2L5_GGTAACTGTTAAGCAA,CD4+ T cells
E2L8_CTAGGTACAGGACGAT,CD8+ T cells
L4_CAACAACCAGGACATG,CD8+ T cells
E2L8_GTGCGTGGTACGAGTG,B cells
L5_AACCCAACAGGATTCT,CD8+ T cells
L2_ATCGATGAGATGCAGC,CD4+ T cells
L4_CTACAGACAACGGGTA,Dendritic cells
L1_TGTCCTGCAACTGCCG,CD14+ Monocytes
L5_GCCATTCTCACGTCCT,CD8+ T cells
E2L1_ACGTTCCAGACATCAA,CD16+ Monocytes
L2_CACGTGGGTGGTGATG,CD4+ T cells
E2L4_AGAAGTAAGTCGAAAT,CD16+ Monocytes
L3_CGGGTGTAGCCTAACT,CD4+ T cells
E2L8_CTCCACATCAAGCCTA,B cells
E2L2_CATGGTAAGGATTTAG,Megakaryocytes
E2L1_CGAGTGCGTGGCCTCA,Proliferating cells
E2L1_CTATCCGCAGAACATA,Plasmacytoid dendritic cells
L4_GTTAGTGGTACGTGTT,Plasma cells
L3_CGTAATGAGCTTGTTG,CD4+ T cells
E2L3_GTTCCGTTCTCACGAA,Plasma cells
E2L3_CCCGAAGCAGTCTCTC,Plasmacytoid dendritic cells
L3_CTATCTAAGACGTCGA,CD4+ T cells
E2L5_GGGTCTGAGATCCTAC,NK cells
E2L2_AGGGCCTAGCGTATAA,CD4+ T cells
E2L2_AGCGCTGGTGGTAATA,Plasmacytoid dendritic cells
E2L5_TTCCGTGCAGCACAGA,Plasma cells
E2L7_TCTGCCAGTTTGACAC,CD8+ T cells
E2L3_CCCTTAGTCCAAGCAT,Plasmacytoid dendritic cells
L3_CAGAGCCGTTCTTGTT,Hematopoietic stem and progenitor cells
E2L2_GCCAGGTAGCTAGTTC,CD14+ Monocytes
L5_GGGACAAGTGGCACTC,CD4+ T cells
L3_ATGCCTCGTGGATGAC,NK cells
L5_TCCACGTAGAAATCCA,CD16+ Monocytes
L4_GTAACCAAGAGATGCC,CD4+ T cells
E2L7_TATTGGGTCATTCTTG,Dendritic cells
E2L6_TGACGCGGTGAGTAAT,Proliferating cells
L2_CATGGTATCTTTGCGC,B cells
L1_ACATCCCAGGTAGTAT,CD8+ T cells
E2L1_GTGTTAGCAGACACCC,NK cells
L3_TATTGCTCAATCGTCA,B cells
L2_CAACAGTGTTAAGGAT,CD4+ T cells
E2L5_GAGTTTGCATAATCGC,B cells
E2L1_CTCCTCCTCCGCGAGT,CD4+ T cells
E2L6_CAAGCTATCGTTTACT,CD8+ T cells
L1_TTCTAACTCGTAGGAG,NK cells
L1_TAGGTACGTCGGCACT,CD4+ T cells
E2L1_TCAGTTTCAACGGTAG,CD4+ T cells
E2L2_TACCGAAAGCCGGATA,Proliferating cells
L4_AACGGGATCGACGAGA,CD8+ T cells
L1_GCACTAACACTGTCGG,CD8+ T cells
E2L4_GTTACGACACAAGTGG,B cells
L3_TGGAACTAGAATAGTC,CD14+ Monocytes
L3_CAACCTCGTGAATTGA,CD4+ T cells
E2L4_TTCACCGAGGCTCCCA,CD4+ T cells
L4_TGCTGAACAAGGTACG,CD4+ T cells
L2_GACGCTGGTCACTCAA,NK cells
L5_TTTGTTGTCTCCGTGT,CD4+ T cells
L1_AAGATAGAGCAGATAT,CD4+ T cells
L4_TTAGTCTTCAGAGTGG,Hematopoietic stem and progenitor cells
E2L7_AACAACCGTTCATCGA,CD8+ T cells
L2_TCGCTCAAGCTAAACA,Dendritic cells
E2L4_GATTCGACACGGTGAA,Plasma cells
L3_TATACCTAGAACTTCC,CD4+ T cells
E2L7_GCAGCTGCAAGAATAC,CD8+ T cells
E2L4_TTTGATCTCACGAGGA,CD4+ T cells
E2L6_TCGCTCAAGGTTCAGG,B cells
L5_CTGGACGCAGTAACGG,CD8+ T cells
L5_ATTCAGGGTGGAAGTC,CD4+ T cells
E2L5_GAGAAATCAACCGCTG,Proliferating cells
E2L1_TGTGGCGTCCTCGATC,B cells
E2L7_GACCTTCTCGCAAGAG,Megakaryocytes
L2_TCTTCCTGTGGACCAA,CD8+ T cells
L2_GAGTCATGTCGCATGC,CD8+ T cells
L5_GCCCGAAGTGGTTCTA,Hematopoietic stem and progenitor cells
E2L3_AGGCATTGTGAACGGT,NK cells
L3_CAGCGTGCACTGTCCT,CD4+ T cells
E2L2_GAGTTACCATTAGGAA,CD8+ T cells
L2_AGTGCCGTCCGAGCTG,Hematopoietic stem and progenitor cells
E2L3_GGATGTTTCGTAGAGG,T cells
E2L4_TATCTGTAGAGCCGTA,CD4+ T cells
L1_AGCCAATTCGCGTCGA,Plasma cells
E2L7_AGTGCCGGTATAATGG,B cells
E2L4_CTCCTTTCAGTGGTGA,CD4+ T cells
E2L4_GAAGAATCAGGTGTTT,CD8+ T cells
L5_ACGGTTACACTGTGTA,CD4+ T cells
E2L8_TCTATACCATTAAAGG,Plasmacytoid dendritic cells
E2L5_TACTTGTTCTCATAGG,CD4+ T cells
E2L6_GTCGAATTCGTAGAGG,CD14+ Monocytes
E2L7_CGTAATGTCGATCCCT,Plasmacytoid dendritic cells
E2L8_GGGAGATCAGTACTAC,Megakaryocytes
E2L1_CAGTTCCGTTATTCCT,Plasma cells
L4_AACGAAACAGCCCACA,Megakaryocytes
E2L3_AACACACCAGAGGCTA,CD16+ Monocytes
E2L5_AACCTTTGTCACAGTT,CD4+ T cells
L4_CTCATCGCAAAGCACG,B cells
E2L5_GAAGTAAGTTCTTGTT,Hematopoietic stem and progenitor cells
E2L7_TACTTACGTAGGCTGA,CD4+ T cells
E2L4_CTGCTCATCGTGCAGC,Plasmacytoid dendritic cells
L5_TCTCTGGTCCTTATAC,CD4+ T cells
L2_CGGAATTAGGAGATAG,NK cells
L4_CCACGTTGTAGGATAT,CD4+ T cells
E2L2_ATGAGGGAGCCATCCG,CD8+ T cells
E2L2_GTCATTTAGACTACGG,CD8+ T cells
E2L7_CCACGAGCACCATTCC,B cells
E2L5_GGAGGTACATTGGCAT,Proliferating cells
L3_GGAACCCCATGACCCG,CD8+ T cells
L4_TCAGTTTGTAGCTTGT,Proliferating cells
L3_ATGCGATCAGCTGAAG,Hematopoietic stem and progenitor cells
L5_AGTGCCGTCGGAGTGA,CD8+ T cells
L4_AACAAGATCTAGACAC,CD8+ T cells
L5_CTCCTTTCACGAGGAT,Proliferating cells
E2L4_AGCGTATTCAGTGTCA,Plasmacytoid dendritic cells
E2L2_AGGGAGTTCGACCAAT,CD4+ T cells
E2L6_TATCGCCGTCGGATTT,CD8+ T cells
L4_TGGTGATCAATTTCGG,CD16+ Monocytes
L1_AATAGAGCATGGGTTT,Plasma cells
L1_ACCCTTGGTACCGGCT,CD4+ T cells
E2L1_ATGTCCCTCCCTCGAT,Dendritic cells
L1_TAGACCAGTTGCGGCT,Megakaryocytes
L5_GCTCAAAGTTCGATTG,Hematopoietic stem and progenitor cells
L5_GTTACAGTCTATTTCG,Plasma cells
E2L8_TGCTCGTCAACGATTC,B cells
E2L4_ACATTTCCAGCACAGA,CD16+ Monocytes
L4_TTTCGATTCAGAGCAG,CD4+ T cells
E2L1_AGCTACAGTCAGGCAA,CD4+ T cells
E2L5_CTTTCAAGTCCCTGTT,CD8+ T cells
E2L7_CTCCATGGTCAGCGTC,Megakaryocytes
L5_GAATCACCAAGATCCT,CD4+ T cells
L5_CTCCACAGTCCACAGC,CD4+ T cells
E2L7_TGCCGAGCATTGCCGG,CD4+ T cells
E2L2_TCGAACAGTAGAGCTG,CD4+ T cells
L2_ATGGAGGAGAGCAACC,Plasma cells
E2L6_GGGTAGATCTGGCCAG,CD8+ T cells
E2L3_TCGCACTCATCTCCCA,CD16+ Monocytes
E2L5_CGTGTCTCACGCCACA,CD8+ T cells
L2_AATGCCAAGCCTGTCG,CD8+ T cells
E2L5_GAGGCAACATGTTTGG,CD4+ T cells
E2L6_GTACAGTCACGACGCT,CD4+ T cells
L1_ATTCTTGAGTTGCTCA,CD4+ T cells
E2L5_CTCCAACCAGGCATTT,CD4+ T cells
E2L3_GTGTTCCAGTTGTAAG,Plasmacytoid dendritic cells
E2L7_CCAATGACACCTCGTT,CD16+ Monocytes
L5_CCGTAGGCACAAAGCG,CD8+ T cells
E2L6_AATTCCTTCGACTCCT,Dendritic cells
L3_CTAAGTGAGCCATTGT,T cells
E2L2_CTTAGGAGTTAGGGAC,CD4+ T cells
E2L4_CTACGGGCACAACGTT,CD4+ T cells
E2L7_CATTGTTTCCACTTTA,Proliferating cells
L3_TATACCTTCAAGTCTG,CD14+ Monocytes
E2L6_ATCGTCCAGTGGTGGT,B cells
L3_CACTTCGAGGTAGTCG,CD4+ T cells
L5_AAAGTGATCTTCGACC,Hematopoietic stem and progenitor cells
L4_ACAACCAAGGTCCTGC,Dendritic cells
L1_AACAAAGGTTCGGCGT,Proliferating cells
E2L5_TCGATTTCACATCATG,CD8+ T cells
E2L8_TTGCATTCAGTAACAA,CD4+ T cells
E2L1_GTTAGTGAGGACTAAT,CD8+ T cells
L2_AACCAACAGATGACCG,CD4+ T cells
L3_CCTATCGTCTACTCAT,CD4+ T cells
E2L7_AACCATGGTTGTGTTG,Dendritic cells
E2L5_CGAGTGCCAGGCCTGT,CD8+ T cells
L3_GACCAATCATATACCG,CD8+ T cells
L3_CGCGTGAGTGTTGAGG,CD4+ T cells
E2L7_CTACATTAGACGTCGA,CD16+ Monocytes
L4_CTGAGCGCACCACTGG,CD4+ T cells
E2L7_TCATGGATCAAATGCC,B cells
E2L4_ATCCGTCCATCCTAAG,Plasmacytoid dendritic cells
E2L7_ACTTAGGAGGAACTAT,CD4+ T cells
E2L7_GTAGCTAGTACTGGGA,B cells
E2L4_TTCATTGGTCACGTGC,B cells
L1_AGAACCTAGACAGCGT,NK cells
L2_ACTCCCAAGCCACCGT,Proliferating cells
L2_GTCTAGAGTCGAAGCA,Proliferating cells
E2L6_TCATTACTCGACGAGA,CD4+ T cells
E2L6_CACACAAGTAGCGCTC,Megakaryocytes
L1_TCGGGACCAGGGTTGA,CD4+ T cells
E2L4_GTCAGCGCAAGTATAG,CD4+ T cells
L3_CCGGGTATCTTGCAAG,Proliferating cells
L4_TTAGTCTAGGTCACTT,NK cells
E2L2_CTGGCAGGTTGCCTAA,CD4+ T cells
L5_TCCTTCTCAGACAATA,CD4+ T cells
L4_TGGAGAGGTCGCACGT,CD4+ T cells
L2_TTGTGTTTCCCATGGG,CD4+ T cells
L3_AGTCACAGTGTTCGTA,CD8+ T cells
E2L6_CTCTCGAAGCTCCCTT,CD16+ Monocytes
E2L2_GGTCTGGTCTAGTTCT,CD4+ T cells
E2L6_CATACCCCATCCTTGC,Dendritic cells
E2L4_AGACCCGCAAACCATC,CD4+ T cells
E2L3_CTCCCTCCAAGATTGA,T cells
E2L8_CTATAGGGTGAATATG,B cells
E2L4_AACCTTTTCCGCAAAT,CD8+ T cells
L5_CACGTTCAGATGAAGG,Hematopoietic stem and progenitor cells
E2L2_ACATTTCCATGCAGGA,CD4+ T cells
L4_AGTCAACCAGTTGAAA,CD4+ T cells
E2L7_GCGTGCATCGACGAGA,CD4+ T cells
L5_ATTCCCGGTATCAGCT,CD8+ T cells
E2L5_GTCCTCAAGTAAAGCT,Megakaryocytes
E2L5_TTCTAACCAAAGAACT,CD8+ T cells
L5_TGATTTCAGTCTAACC,Proliferating cells
L5_GATCACAGTATCTCGA,CD4+ T cells
L5_TCCTTCTTCCGTATAG,CD8+ T cells
L1_GGTAGAGCACACCAGC,Hematopoietic stem and progenitor cells
L4_GATGATCAGCATGTTC,B cells
E2L1_GATCACAAGGCTCTCG,CD8+ T cells
L4_ACTTCCGAGGGAGTTC,Hematopoietic stem and progenitor cells
L4_TTGGATGTCGTGAGAG,Dendritic cells
L5_CTGAGGCCATTGCCTC,B cells
E2L5_CGGGTCAGTTTCTATC,Plasma cells
E2L7_CAATGACAGTGCGCTC,CD4+ T cells
E2L8_TTGCCTGTCTAGGAAA,NK cells
E2L1_ACATCCCGTTCTCTCG,CD8+ T cells
E2L6_GTGAGGATCACATTGG,Proliferating cells
E2L8_GTGCAGCGTAGCTTTG,Dendritic cells
E2L6_CTTGAGACATCATCCC,Megakaryocytes
E2L3_GGCGTCATCCCATACC,CD8+ T cells
L5_CGAGTTACACCAGCCA,CD4+ T cells
E2L1_ACGTCCTTCTAGAACC,B cells
L3_TCAGCCTGTGGATGAC,CD8+ T cells
L4_ACACAGTGTTCGTACA,CD8+ T cells
E2L8_AGCATCAAGGTCGTGA,Plasmacytoid dendritic cells
E2L3_TCACACCCAGGCTATT,Proliferating cells
E2L1_AGCGTATCAATGTGGG,CD8+ T cells
E2L1_CCTATCGAGGTACATA,CD4+ T cells
E2L5_TACGCTCCATTCTCCG,CD4+ T cells
L4_TCACGCTAGCATTTCG,CD8+ T cells
L1_GCAACCGCAAGACCGA,NK cells
L1_TGGTTAGTCATGGGAG,Dendritic cells
E2L7_CTGCTCAAGTCAGCCC,Megakaryocytes
E2L4_TTGGGCGCAGGACAGT,Plasmacytoid dendritic cells
E2L1_GGGAGATAGTTACTCG,CD4+ T cells
L5_ATGTCTTCAGTCTACA,Plasmacytoid dendritic cells
L3_GGATCTATCTTCCAGC,CD4+ T cells
L4_GGAAGTGTCGTCGGGT,CD4+ T cells
L3_AATAGAGCAGCTGTCG,CD4+ T cells
L3_GATGATCTCCACACCT,CD8+ T cells
E2L7_TCACTATAGTGCGACA,Plasmacytoid dendritic cells
E2L2_CGTGAATTCGAGTGAG,CD8+ T cells
L1_CATTGTTGTCTTCAAG,CD4+ T cells
E2L8_TGACGCGCATTACGGT,B cells
E2L6_TTTGGAGAGTTTGGCT,NK cells
E2L4_TCACAAGTCGAATCCA,CD8+ T cells
L4_AGCGTATAGAACGCGT,Plasmacytoid dendritic cells
E2L5_TTGATGGCAGCAGACA,Megakaryocytes
L1_AAGTACCGTATTTCCT,CD4+ T cells
L1_CGGTCAGGTGCAGGAT,Proliferating cells
E2L7_CATCCGTCAAAGAGTT,Megakaryocytes
E2L2_GTTACCCAGACGACTG,CD4+ T cells
L5_TCGAAGTCAGTGGCTC,CD4+ T cells
L2_TACCCGTTCAGAGTTC,CD8+ T cells
L3_TATCTTGTCGATACAC,CD4+ T cells
L3_AGGGAGTTCGCCTATC,Hematopoietic stem and progenitor cells
L5_CGGACACCATATCTGG,Hematopoietic stem and progenitor cells
E2L4_TCGGTCTCATTGCAAC,CD8+ T cells
L5_GAGTTGTAGCGTTCAT,Plasma cells
E2L3_CACCAAACACGGGCTT,CD4+ T cells
L1_GACGCTGCACTCCGGA,CD4+ T cells
L2_TGTAAGCCATGCCGCA,Hematopoietic stem and progenitor cells
E2L7_TCATGGACAGACCTGC,Megakaryocytes
L5_CGGAATTTCTGGGATT,CD8+ T cells
E2L7_GTGCTGGGTACAGTCT,CD4+ T cells
E2L3_TACAACGGTTGGGACA,Dendritic cells
E2L6_AATGGAAAGGTAAGAG,B cells
E2L3_GTTAGTGGTCGCCACA,B cells
E2L5_AGCTTCCAGATAGTGT,Plasmacytoid dendritic cells
L2_CTGTGGGAGAGTCAAT,CD4+ T cells
E2L6_TCATTCAGTCTCTCAC,Proliferating cells
E2L2_TGGTGATAGTTTCAGC,CD4+ T cells
E2L6_TGTAGACGTACAGAAT,B cells
L2_CATCCGTAGAGTTGAT,CD4+ T cells
E2L5_AGGATCTTCTACGGTA,T cells
E2L6_GATGACTGTGGACTGA,Megakaryocytes
E2L8_AGGGCCTAGACCTCCG,Proliferating cells
L1_ACCCTTGCAATCGCAT,Proliferating cells
E2L7_ACAGAAACAAAGCACG,CD8+ T cells
E2L2_ACATCCCTCTTCACAT,Dendritic cells
E2L7_GGGTAGAGTACCTGTA,CD8+ T cells
L1_GAGATGGTCAGATTGC,CD4+ T cells
E2L6_CGGAACCGTGAGGAAA,B cells
L2_CCGATCTAGAAGGCTC,CD4+ T cells
L3_TCTTCCTCAATTCACG,CD4+ T cells
E2L2_AGAGAGCAGAGAAGGT,Megakaryocytes
E2L8_TTGCATTAGCTAGTTC,CD8+ T cells
E2L1_ATCCACCGTGGTCCGT,NK cells
L2_GAGTCTATCAAGGACG,NK cells
L5_GAAGAATAGGGCGAAG,CD14+ Monocytes
L2_TTTACTGTCGACCTAA,CD8+ T cells
L2_TTCACCGAGTGCAAAT,CD4+ T cells
L5_CGAAGGAAGTAGGAAG,CD4+ T cells
L5_AACAAAGTCTTCCGTG,CD14+ Monocytes
L4_TAGGAGGCAAAGGAGA,B cells
L3_AGCCAGCGTTCCGTTC,Proliferating cells
E2L6_CAATCGATCCTTCGAC,CD14+ Monocytes
E2L7_TAGGAGGGTCCGTACG,CD4+ T cells
E2L8_GTAGATCGTATATGGA,CD16+ Monocytes
E2L4_TCAATTCGTCATCCGG,NK cells
E2L3_ATAGAGAAGCCAAGCA,Megakaryocytes
L4_TTCGATTTCAGTGGGA,Plasmacytoid dendritic cells
E2L8_AGAAGTACACTTCCTG,T cells
L4_ACTGTCCTCTCATAGG,CD16+ Monocytes
E2L1_TCATACTTCCAAGCAT,CD8+ T cells
L5_GACTTCCTCATTGCGA,Dendritic cells
E2L4_GTCATCCAGCTCGACC,CD4+ T cells
E2L2_CTTCAATAGGATTCAA,Dendritic cells
E2L7_TAATTCCCAGCTGTTA,CD8+ T cells
E2L3_CCGGGTAAGCCGGATA,B cells
L3_GCGGAAAAGAAGATCT,Plasma cells
L5_CAGTGCGGTGTCGATT,CD4+ T cells
E2L5_CTCAGTCGTACAGTTC,B cells
E2L6_ATCACGAGTTGCTCAA,NK cells
L5_GTATTTCTCGCTAATG,CD4+ T cells
E2L8_CCTCAACAGTGTTGTC,Megakaryocytes
L4_ATTTCACGTCTTCCGT,B cells
L1_TGAGCGCTCCTGCCAT,CD8+ T cells
L3_ACAAAGACAACACACT,Hematopoietic stem and progenitor cells
E2L8_TGCTGAATCATCTATC,CD4+ T cells
E2L8_GATTGGTGTAACGGTG,CD4+ T cells
E2L1_GTTAGACAGCGCCTCA,Dendritic cells
E2L1_ATGCCTCAGGGAGTGG,NK cells
E2L1_CAGCGTGGTCGAAGCA,B cells
E2L4_TGCTCCAAGGCATTTC,CD4+ T cells
E2L1_GTATTGGAGAGCATTA,CD8+ T cells
L5_ATTCCCGTCCCTTCCC,CD4+ T cells
E2L3_GTGCTGGGTATCGAGG,Proliferating cells
E2L1_CGCGTGAAGAGGATCC,Megakaryocytes
L4_GTTGAACGTCCAGCGT,CD4+ T cells
E2L5_GAGTCTAGTGTCCATA,CD16+ Monocytes
E2L2_TGTGTGAAGACTAAGT,Plasmacytoid dendritic cells
L1_TGATTTCGTTTAAGGA,CD8+ T cells
L1_CTCCATGGTCTTGAAC,CD4+ T cells
E2L6_TACCCACAGCTTTCTT,CD8+ T cells
L4_CTATCCGCAAGACGAC,CD4+ T cells
E2L3_GTAGGTTGTTTGATCG,B cells
E2L8_CGAAGTTCATTGACTG,Plasmacytoid dendritic cells
L1_GAACTGTAGTATAACG,CD16+ Monocytes
E2L8_TAACACGAGTGTTCAC,CD4+ T cells
E2L5_AACGAAACACGGAAGT,CD4+ T cells
L1_TGGGAAGTCCTCTAAT,Hematopoietic stem and progenitor cells
E2L7_ATACTTCCACTTTAGG,CD4+ T cells
E2L3_TAACACGTCAGTCACA,B cells
E2L2_TTTACCACATAGGTAA,CD4+ T cells
E2L3_GACTCAATCACTGGGC,Megakaryocytes
E2L4_GGACGTCTCTGACCCT,Plasmacytoid dendritic cells
L2_GCATCGGCAGTTTCAG,CD8+ T cells
L4_GGAATCTTCCTGTAAG,CD4+ T cells
L4_TAGACTGGTCCAGCAC,B cells
E2L7_GGCGTCAGTTAGAGAT,CD4+ T cells
E2L8_CTTTCAAAGCCAAGCA,Proliferating cells
E2L6_TTTCAGTGTCTGTGAT,CD8+ T cells
E2L3_GTGTGATTCGATACAC,B cells
E2L6_CCAATTTAGCGCGTTC,NK cells
L2_TACAGGTGTCAAATCC,CD4+ T cells
L3_TGAATCGGTACATTGC,B cells
E2L6_CCTATCGTCCACGGAC,Proliferating cells
E2L5_GTTGTAGGTGGACAGT,CD4+ T cells
E2L1_CTGTGAATCCCATAAG,B cells
L1_CACTAAGAGCAAGTGC,CD4+ T cells
E2L2_TGGGATTCACGCGGTT,Dendritic cells
E2L7_AGTCTCCCATGACCCG,Plasmacytoid dendritic cells
L2_GACTCTCCATAACTCG,CD4+ T cells
E2L8_GCATGATCATGAATAG,CD16+ Monocytes
E2L4_ATGGGAGGTCGTGGTC,CD14+ Monocytes
L1_CTAACCCTCCAAGGGA,Proliferating cells
L4_CCTCCTCAGTAAACAC,CD4+ T cells
L4_GACTCTCCAGCTCGGT,CD4+ T cells
E2L1_GCCAACGTCCTACCAC,CD4+ T cells
E2L5_GCGGAAATCCGTGGTG,B cells
E2L5_GTGTGGCAGCCTCAAT,CD8+ T cells
L2_TCCACGTGTATGGAGC,NK cells
E2L8_CTTGATTAGGACGCTA,CD14+ Monocytes
L3_GCATGATAGATGACAT,CD4+ T cells
E2L4_TCTCAGCGTCATAAAG,CD8+ T cells
E2L5_ATTTCACAGGCTGTAG,CD8+ T cells
E2L2_GTTACAGAGTACCCTA,Dendritic cells
L2_AACCATGTCGCCGAGT,CD8+ T cells
E2L5_TGCATCCTCTGCTTAT,Proliferating cells
L5_CCTCCTCTCACCTTGC,CD14+ Monocytes
L3_TTCTAGTCAGGAAGTC,CD8+ T cells
E2L8_CTGCTCACAGTCTGGC,CD8+ T cells
L2_TCAAGCACATCAGCAT,Proliferating cells
L5_CATAGACAGCTACGTT,Proliferating cells
L5_TTACCATTCTTTCAGT,CD4+ T cells
L1_TGACTCCAGGGATCTG,CD8+ T cells
E2L4_TGCGATATCCAATCCC,Plasmacytoid dendritic cells
E2L5_GATTCGATCGGCAGTC,CD8+ T cells
L2_GTTAGACGTGAGACGT,CD16+ Monocytes
E2L5_GTGTTAGTCGGTCTAA,Plasma cells
E2L3_TCGTCCAAGCCTCATA,CD8+ T cells
E2L7_TGATGGTAGGTTCTTG,B cells
E2L7_ATGGTTGGTGGGACAT,CD4+ T cells
E2L7_ACTCCCAGTTGCTGAT,Dendritic cells
L3_TACAGGTAGTTGCATC,CD8+ T cells
E2L7_TAGGTTGGTCTGTCAA,CD4+ T cells
E2L2_GACCCTTAGGCACTAG,Dendritic cells
L5_ATCTCTACAGTAACCT,CD4+ T cells
L4_TGTTACTGTTTAAGGA,B cells
E2L6_CACATGAAGAGCTTTC,NK cells
L3_TTACCATCACTACACA,Plasma cells
E2L1_GTGTGGCAGGTTACAA,CD8+ T cells
E2L5_ATTGTTCCACTCTGCT,Plasmacytoid dendritic cells
L5_TTACGCCGTCGCGTTG,CD4+ T cells
E2L1_CATTCCGGTGACCGTC,B cells
L3_TGCAGGCTCTAAGCCA,CD14+ Monocytes
E2L5_TCAGTCCCACTTCAAG,NK cells
E2L4_CGCATGGGTAGCGATG,CD8+ T cells
E2L5_GTGGAAGAGAAGCCAC,Proliferating cells
E2L5_GGGCTCAGTATTTCGG,CD14+ Monocytes
E2L6_GGAATGGCAGCCTACG,B cells
L3_TACTTGTAGTCAGCCC,Plasma cells
E2L7_GTTTACTCAGAGAATT,CD4+ T cells
E2L4_GGAATCTCACGATTCA,Proliferating cells
L1_TCATGTTGTCCTATAG,CD8+ T cells
E2L8_TGTACAGTCGGTTAGT,B cells
E2L8_AGGGAGTCAGTGTGGA,B cells
E2L6_CTCAGGGGTCTTACTT,CD4+ T cells
E2L2_CCTTCAGAGGAGTATT,Plasmacytoid dendritic cells
E2L6_TCCTTCTCAAAGTGTA,CD8+ T cells
L4_CATCGGGAGACTAGAT,CD4+ T cells
E2L6_GAACGTTTCGGACTTA,B cells
E2L6_TTGTTTGAGCATCAGG,Dendritic cells
E2L8_GTTTGGATCGAGAGAC,CD14+ Monocytes
E2L5_CCTGCATTCGTCGGGT,CD4+ T cells
E2L3_CTCCACAAGACAACTA,CD8+ T cells
E2L6_CCTTGTGTCTGTCTCG,CD14+ Monocytes
L1_TTGCGTCCATGTGACT,CD8+ T cells
L5_GGGATGATCTTTCTAG,CD4+ T cells
L4_GATGATCGTGCTAGCC,Dendritic cells
L3_ACGTAGTCATGCGGTC,CD4+ T cells
E2L4_CGAATTGCATCAGTCA,CD4+ T cells
L3_TCACGCTTCGCAGTCG,Plasmacytoid dendritic cells
L3_TACGCTCTCGGACGTC,CD14+ Monocytes
E2L5_TTCGGTCGTGTGAGCA,B cells
L2_GAGGGTACAGACATCT,CD4+ T cells
E2L5_TAACCAGCATGTGACT,B cells
L5_TGCATGATCAACGAGG,NK cells
E2L4_TCATACTTCTTACACT,CD4+ T cells
L3_CTATAGGTCGTGCTCT,Dendritic cells
E2L8_AAGACAACAGTAGAAT,Megakaryocytes
L4_AACGAAATCACTACTT,CD14+ Monocytes
L4_CTTCTCTCATGCACTA,CD8+ T cells
L4_CTATCCGCACGGCCAT,Hematopoietic stem and progenitor cells
E2L3_GAGACTTAGTTGAAAC,Plasmacytoid dendritic cells
E2L2_CAGCAGCAGCCGTCGT,Proliferating cells
E2L7_GAGAGGTCATCAGCAT,CD4+ T cells
L3_AAGATAGAGACTGAGC,CD4+ T cells
L1_ATTGTTCAGATAGCAT,CD4+ T cells
E2L5_GAATCGTTCTAGTGAC,CD8+ T cells
L4_AATGACCAGCCTCTGG,Hematopoietic stem and progenitor cells
E2L6_TTCAGGACATGCCGGT,CD8+ T cells
L3_CGGTCAGCATAGCTGT,Plasma cells
E2L2_GTCAAACCAATTGCTG,Megakaryocytes
L4_CGAATTGGTCATGCAT,CD4+ T cells
E2L4_CCCATTGGTTCCTAGA,B cells
E2L3_TTCCACGTCGTAACAC,Plasmacytoid dendritic cells
E2L6_TTGAACGGTTTAGACC,CD8+ T cells
L5_TGGATCATCTCGCTCA,CD4+ T cells
E2L4_TAAGCGTGTCACAGTT,Proliferating cells
E2L1_AAACGCTTCGCCACTT,CD16+ Monocytes
L1_TGTGCGGCAGTAGTTC,Proliferating cells
E2L7_ATTCAGGCACGTAGTT,T cells
L5_TCTATCACAGGTCCCA,Megakaryocytes
E2L5_TCCACCATCGAGATAA,CD4+ T cells
E2L5_GTTATGGCACGGCCAT,Plasma cells
L2_ATCGATGGTGGTGATG,Megakaryocytes
L3_CTATCCGTCCCGAGTG,CD4+ T cells
E2L4_TGTTCCGAGCTGGCTC,B cells
L1_TGGGCTGAGGATATAC,CD4+ T cells
L2_TGCGATAAGCATAGGC,CD16+ Monocytes
L5_CCAATGAGTCCCACGA,Hematopoietic stem and progenitor cells
E2L8_GTTCGCTTCGTGCTCT,CD4+ T cells
L3_GATGGAGTCTCCGAAA,CD8+ T cells
L3_TGACGCGGTTCCGTTC,CD4+ T cells
E2L5_GAAGAATAGAAATTCG,CD8+ T cells
E2L8_CAACGGCAGAGAGAAC,CD4+ T cells
L3_AGTCTCCAGTGTTCAC,CD4+ T cells
L4_GACCAATCACATTACG,Dendritic cells
E2L6_AGTGTTGTCGGCTGGT,B cells
E2L2_GTTGAACAGTTTAGGA,NK cells
L5_TTCACCGGTACCGTGC,CD8+ T cells
E2L8_TCTCACGGTACAGTAA,CD4+ T cells
L1_CCTCCTCGTGGTCTCG,Plasmacytoid dendritic cells
E2L6_CCTCTCCCAGGCATTT,CD14+ Monocytes
E2L4_CACGTGGGTCTGTAGT,CD4+ T cells
E2L3_CTGTCGTTCGGACTTA,CD4+ T cells
E2L1_CGGAACCAGCGAATGC,Proliferating cells
L3_CTCAAGAAGGCTAAAT,Proliferating cells
E2L8_GTCACGGTCGTCCATC,CD14+ Monocytes
L1_TTGAGTGAGGTACAGC,CD4+ T cells
E2L2_CTTGATTTCTATTGTC,CD4+ T cells
L5_TCGAAGTTCTGGTTGA,CD8+ T cells
E2L8_TCAATTCTCCTACCGT,Proliferating cells
E2L3_TGGTTAGTCAAGAGTA,Plasma cells
E2L8_GAGCCTGTCTCCACTG,CD4+ T cells
E2L5_CTTGAGATCGGACCAC,NK cells
E2L3_AATTTCCCACAGCGCT,CD4+ T cells
E2L1_TATTGCTCAATTCGTG,CD4+ T cells
E2L7_GCCGTGATCGGTCGGT,NK cells
L4_GTAACACAGGTAGTAT,CD8+ T cells
L1_CATTCCGAGCAACTTC,Plasmacytoid dendritic cells
L2_TAGGTACAGAAACTGT,CD4+ T cells
L5_CCTGCATGTTTCGTGA,CD4+ T cells
E2L2_TCCGAAATCCTCTGCA,B cells
E2L5_TACATTCGTGACATCT,CD4+ T cells
E2L8_ATTTCACAGGTCGTAG,B cells
E2L5_ATGGTTGAGTGAGGTC,Dendritic cells
E2L8_TCTAACTCACAGCTGC,Dendritic cells
E2L3_GGGCTCACAGGCTCTG,Megakaryocytes
E2L7_CAGTGCGTCGCTCATC,CD4+ T cells
L3_GTAGAGGCAGGACATG,Hematopoietic stem and progenitor cells
L2_ATGCATGCAAGCACAG,CD4+ T cells
L2_ATGGGTTTCAGGCGAA,B cells
E2L2_CTCCAACAGCCGATAG,CD8+ T cells
L3_TTAGGGTAGATGTAGT,CD16+ Monocytes
L4_TCCCATGAGTGTAGTA,Plasma cells
E2L3_TAACACGCACGACAGA,Plasmacytoid dendritic cells
L3_GGAATGGAGTTGTAAG,Dendritic cells
L1_CATCCCATCCTCTAGC,CD4+ T cells
L1_TGTCCTGGTCGCACAC,CD4+ T cells
E2L5_ATTCCCGTCCGTATGA,Plasmacytoid dendritic cells
E2L5_GAACTGTTCGTACCTC,Megakaryocytes
E2L1_AACGGGAGTCATCTAG,Dendritic cells
E2L6_CAGGGCTAGATTACCC,CD8+ T cells
E2L3_ATACCTTTCATTGCGA,B cells
E2L2_TGCAGATAGAGCAACC,NK cells
L5_GGGTCACGTATGTCCA,Plasmacytoid dendritic cells
E2L8_ATTCCTATCGGAAGGT,CD8+ T cells
L4_GTCTCACGTGATATAG,CD16+ Monocytes
E2L3_ATGGGAGTCATTCTTG,Plasmacytoid dendritic cells
E2L5_TAAGCGTAGAATGTTG,CD16+ Monocytes
E2L8_TATCTGTGTAACGTTC,CD8+ T cells
E2L2_AGGCTGCGTTGGCTAT,CD4+ T cells
E2L3_CTCCTTTCACGGTAGA,CD8+ T cells
L1_ACGGTCGCATATCTGG,B cells
L5_TTGCCTGAGGAAGAAC,CD8+ T cells
L4_TATCCTAGTCGTGGTC,CD4+ T cells
L3_CATCGGGAGTCCCTAA,CD14+ Monocytes
E2L7_TCGAAGTGTGGTCTCG,Plasmacytoid dendritic cells
E2L1_CAGTTCCTCAACTGGT,B cells
L2_CTTCTCTGTCTGTGTA,Hematopoietic stem and progenitor cells
E2L6_TCACAAGAGCGGGTAT,CD14+ Monocytes
E2L4_GACAGCCCATCACGGC,Proliferating cells
E2L7_TCGTAGACAACCAATC,Proliferating cells
L4_TACAGGTGTGATTCAC,Dendritic cells
L2_TGGAACTAGTGGAATT,Hematopoietic stem and progenitor cells
L2_CGAAGGAGTCACCGAC,CD8+ T cells
E2L5_CGTAGTAGTCCCTAAA,Proliferating cells
E2L2_TTCTTGAGTGTTCCTC,CD4+ T cells
E2L5_TTGCGTCAGGTCACTT,Megakaryocytes
E2L5_GCTGAATTCTCTCGAC,CD8+ T cells
E2L1_TCCGGGAAGGTTCAGG,CD14+ Monocytes
E2L7_TTTCAGTCATGGAAGC,Plasmacytoid dendritic cells
L1_TCGAACATCCTCTAGC,Proliferating cells
E2L2_GACCAATTCTGCTTTA,CD8+ T cells
E2L5_TGAATCGCAAGTGGCA,CD4+ T cells
L1_TTCTAACCAATGCAGG,CD4+ T cells
L4_CTCAGGGGTACCTAAC,CD8+ T cells
L2_CAGGGCTCATTGAGCT,CD4+ T cells
E2L3_TGGTGATAGGGACACT,Megakaryocytes
E2L1_CACACAAAGGGAGGGT,CD8+ T cells
E2L2_GAGCTGCGTGAACGGT,NK cells
E2L8_GGGATCCTCACCTTAT,CD14+ Monocytes
E2L6_TCGTCCAAGACTCTAC,CD4+ T cells
E2L2_ATGCATGAGACGCCCT,B cells
E2L8_TGAGCATTCAGGTGTT,B cells
E2L3_ACGTACAAGCGTGTCC,B cells
L4_ATTACTCAGTAGAGTT,CD4+ T cells
L3_TTAATCCAGCACTAAA,Dendritic cells
E2L6_CCTGTTGCAATTGCAC,Proliferating cells
E2L7_GCCCGAAAGTTTAGGA,T cells
L3_AGGGTCCAGTCGCCAC,CD8+ T cells
E2L7_AACAAAGCACCTCAGG,NK cells
E2L6_CATCCCAAGCGTCAGA,Plasmacytoid dendritic cells
E2L4_GCAGCTGCAAACTAAG,Dendritic cells
L3_ATGTCCCTCGCTGTTC,Proliferating cells
E2L1_GGGTTATGTTTCACAG,B cells
L3_GATGACTGTCGTGGAA,Proliferating cells
E2L3_CATTGCCTCAAGAATG,CD4+ T cells
E2L1_GAGACTTAGAGGCTGT,Dendritic cells
L3_ACAGAAAGTCCAAATC,Plasma cells
E2L5_CAGCAGCCACACTTAG,CD4+ T cells
L1_ACTGTCCAGTGCAGCA,CD4+ T cells
L3_CCTAAGAGTCTCCTGT,CD4+ T cells
L2_CATTGAGGTCAGGTAG,Plasma cells
L3_GGTGAAGTCTGCCTCA,CD4+ T cells
E2L4_CATCGGGGTTGCTGAT,CD4+ T cells
L5_ATGCGATTCCAGTGCG,Hematopoietic stem and progenitor cells
E2L1_TGCACGGCAGTATGAA,Plasma cells
E2L2_TCCATCGAGTCTGCAT,B cells
L1_AGGAGGTTCCACTGGG,Plasmacytoid dendritic cells
L3_CCACGTTTCACGTAGT,Plasma cells
L5_AGCGTATAGTAACCGG,Dendritic cells
E2L3_TACTGCCAGTGGTCAG,B cells
E2L3_TCCTAATCAGCTGTAT,CD8+ T cells
E2L3_GCACATATCAAGTCGT,CD14+ Monocytes
L5_TAGGTACGTTCAGCGC,CD8+ T cells
E2L5_TGGTGATTCCAAGAGG,Megakaryocytes
E2L6_CCTTCAGTCACTTGGA,B cells
E2L4_AAGTACCCAGGCCCTA,Plasma cells
E2L1_GGCTGTGAGTTGGACG,Megakaryocytes
L1_CCTAAGAAGTTCTCTT,Plasma cells
E2L2_CCAAGCGTCGCAGATT,B cells
L4_GTCCCATCAAACTAGA,B cells
L2_CAGATACAGACGGATC,CD4+ T cells
L5_ACTTCCGCAGATTCGT,Plasmacytoid dendritic cells
E2L1_ACCCTCACACGATTCA,Dendritic cells
L4_GGGCTACAGAGGTCAC,CD8+ T cells
L5_TTACGCCGTGAGTAGC,CD16+ Monocytes
E2L2_TAGCACAAGCTAATCC,CD4+ T cells
L2_AGACAGGCAAATAAGC,CD14+ Monocytes
L3_CACTGTCTCCTGTAGA,CD4+ T cells
L5_GACTTCCTCTCTCAAT,CD8+ T cells
L1_TTAATCCCAGGATCTT,CD8+ T cells
L5_CAACGGCAGCTCACTA,CD8+ T cells
L1_GTGGTTAAGAGCTTTC,B cells
E2L3_TCAGTTTCACTCCTTG,NK cells
L3_TACCTGCTCTGAGTCA,CD14+ Monocytes
E2L2_TCAATCTCATCCTTGC,Proliferating cells
E2L8_GAACTGTCAATAAGGT,CD4+ T cells
E2L3_CGGGTGTTCTCCGAAA,CD16+ Monocytes
L1_GGTGTTAAGATAGCTA,T cells
E2L6_GGAATCTGTGACTGTT,Megakaryocytes
L3_TCAATCTGTCCGGTCA,CD4+ T cells
L4_CAAGAGGTCCGATTAG,Megakaryocytes
E2L7_TCAGTTTTCAAACCCA,Dendritic cells
L1_CAATCGAGTCAAGGCA,CD8+ T cells
E2L7_TCCCATGTCTTTGATC,CD14+ Monocytes
E2L8_AGCGCCAAGTCCCGGT,Proliferating cells
L3_ATCATTCGTTGACGGA,Plasma cells
L1_GTCTGTCCAGTACTAC,CD4+ T cells
E2L5_CGAAGGAGTGCATTAC,CD8+ T cells
E2L2_CCCTCTCGTACAAGCG,CD4+ T cells
L5_GAAGCGACAGGTTCAT,Hematopoietic stem and progenitor cells
E2L2_GGCTGTGAGACTCTAC,CD4+ T cells
L5_TGAGCATTCATTCGGA,Plasma cells
L4_TCCACCAGTACAGCGA,CD8+ T cells
E2L8_CCACGTTCAGTAGTTC,CD8+ T cells
E2L5_TGGAGGACAATACCTG,CD14+ Monocytes
E2L4_CGTCCATTCATTTCCA,Dendritic cells
E2L8_TTGCATTGTACGGCAA,CD4+ T cells
E2L8_GGCAGTCAGAATCGAT,Proliferating cells
E2L4_ACTGCAAAGCCTTGAT,Dendritic cells
L1_ATCGTCCTCCGCTGTT,CD4+ T cells
L2_TCTATCATCGTCAACA,CD4+ T cells
L1_GAATCGTTCGGAGATG,CD14+ Monocytes
E2L8_TCGCAGGTCGACACCG,Plasmacytoid dendritic cells
L4_GAATCGTAGCCGGAAT,B cells
L2_CGCAGGTTCATTCCTA,CD8+ T cells
L5_CACAGGCCAGTTTCAG,CD4+ T cells
E2L2_GTAGTACCAGGTCCGT,CD4+ T cells
E2L5_GGATCTATCACGGGAA,CD4+ T cells
L3_GGCGTCAAGTGCACCC,CD8+ T cells
E2L4_GTTTGGAGTGCCGTAC,Proliferating cells
E2L8_AGAAGTAGTAGCTTGT,B cells
L2_ATTTCTGCAACTGCTA,Dendritic cells
E2L5_AGAACCTTCGCTCCTA,Plasma cells
E2L7_GTAACACAGAGTTGCG,Plasma cells
L2_GCTACAAGTCTGATAC,CD16+ Monocytes
E2L3_CTTCCTTGTTTGTGGT,CD8+ T cells
E2L7_ATTACTCGTTGACGGA,CD14+ Monocytes
E2L8_TCATGTTCATCGTTCC,B cells
L2_GAATCGTCAGTTGGTT,Proliferating cells
L2_CTACAGACACACTGGC,CD8+ T cells
L2_ACTGTGAGTGATACTC,CD8+ T cells
L3_CTTCGGTGTAGGTCAG,CD4+ T cells
L4_TACTGCCTCGAGGCAA,T cells
L3_TCGACCTAGGGTATAT,Proliferating cells
E2L7_CGGGTCACAGGCACAA,B cells
L5_TCACGCTAGGCCTTGC,CD4+ T cells
L2_TGTAGACTCGGCAGTC,NK cells
E2L7_ACACAGTTCTAAGCGT,CD4+ T cells
L5_TACCGAATCATGCATG,NK cells
L1_AGGAGGTTCGCTGCGA,CD4+ T cells
E2L4_GACCTTCTCCGCTAGG,B cells
E2L8_CTCAACCAGTAGGTTA,CD8+ T cells
E2L3_GTGCTGGAGGTGAGCT,Dendritic cells
E2L6_ACTGTGATCCACGGAC,Dendritic cells
E2L8_AGGGTTTCAAATGATG,CD14+ Monocytes
L5_TACACCCAGACTTCGT,CD4+ T cells
L1_GGGCTCAGTCTGTAGT,Hematopoietic stem and progenitor cells
L3_GTGGCGTCAATCTCGA,CD8+ T cells
L4_TGGAACTAGTTGGCGA,CD4+ T cells
L2_AGAGAGCAGGTAGTCG,CD8+ T cells
E2L8_TGGGTTAAGATAACAC,Megakaryocytes
L3_TTTCCTCGTCCAAAGG,CD4+ T cells
E2L3_CCCTGATAGTGTCATC,CD16+ Monocytes
E2L1_GAAGGACGTGTCACAT,B cells
E2L2_GAGAGGTGTCGTCATA,CD4+ T cells
L3_GTCTTTACAAATGGTA,CD4+ T cells
E2L2_TTGAACGTCAGCAGAG,Plasmacytoid dendritic cells
L1_CAGATCATCGCTTTAT,CD14+ Monocytes
E2L3_CTCCTTTAGGCCCACT,NK cells
L5_GACACGCGTTGCTTGA,CD4+ T cells
E2L8_GACGTTACAAATCCCA,CD16+ Monocytes
E2L7_ATGCGATGTAGTAAGT,NK cells
E2L3_GCCTGTTCAAGACGGT,B cells
E2L4_CCTGTTGAGCTCGTGC,Proliferating cells
L1_ATCACAGCACGTCGGT,CD4+ T cells
E2L3_CCTCCTCTCAAACGAA,CD4+ T cells
L5_AGTTCGAAGCCATTGT,CD14+ Monocytes
E2L3_TGATTCTCAGGTCAGA,Proliferating cells
E2L2_CACGTGGAGTCACGCC,Hematopoietic stem and progenitor cells
L3_TCATTACCAGAAGTTA,Dendritic cells
E2L6_ATCACTTTCCGTGGCA,Plasma cells
L3_TTACGCCTCACGGGAA,CD16+ Monocytes
E2L7_AGCTCAATCGCCTATC,Dendritic cells
L2_GTGCACGCATGTAACC,B cells
E2L6_TCGTGCTTCGCAGATT,CD8+ T cells
L5_CTGATCCGTGCAACGA,CD16+ Monocytes
L5_TGATGCAAGCCGGATA,CD8+ T cells
L4_GTTACAGCATTGCTGA,B cells
E2L6_GTGTTAGAGTGCAAAT,B cells
E2L2_GTCAAACAGTTACGAA,CD14+ Monocytes
L3_TGGAGAGCATGAAGCG,CD4+ T cells
L2_CGAAGTTTCACCTGGG,CD8+ T cells
E2L7_ACCTGTCAGCATCGAG,NK cells
L1_TCCCACATCACGACTA,Megakaryocytes
E2L3_AAACGCTTCACCCTGT,CD8+ T cells
E2L7_CAGTGCGGTGGAATGC,CD8+ T cells
L5_GCTGCAGTCATTGCCC,CD4+ T cells
E2L2_GTAGGAGAGGAGGGTG,B cells
E2L5_GCACTAAGTGACTATC,CD16+ Monocytes
E2L1_ATTCAGGGTTGCGGCT,CD8+ T cells
L3_TTCGATTCACGTACTA,Hematopoietic stem and progenitor cells
E2L7_CGGGTCACAGTTCACA,CD8+ T cells
L2_GGTTCTCGTTTACCTT,CD4+ T cells
L1_TGGTGATGTTCTTGTT,B cells
E2L5_TCCACGTTCCGACATA,B cells
E2L3_CATCCCAAGGTAGGCT,Plasmacytoid dendritic cells
L5_TCTTAGTGTATGGTAA,NK cells
L4_ATCCATTGTAGCCAGA,CD8+ T cells
E2L3_AGAGAATCATGGGTCC,B cells
L5_GTTCGCTGTTACGGAG,Dendritic cells
E2L2_TGTCAGAAGTTACTCG,B cells
L1_GCAGTTATCTCTCTAA,B cells
L1_AGCTACAGTATTCTCT,Hematopoietic stem and progenitor cells
L5_CGAGGAACAGCTAACT,B cells
E2L5_TCTCACGAGAGTCGAC,CD4+ T cells
E2L1_TCCTCGAAGAAGCGGG,CD8+ T cells
E2L6_CAATGACAGCCTCCAG,CD4+ T cells
L4_TTTGATCAGCGACATG,Proliferating cells
L4_ATGTCTTCATCGAGCC,B cells
E2L6_TGACAGTCAACAGCCC,CD8+ T cells
E2L8_ACTTTCAGTCTTCGAA,CD16+ Monocytes
E2L4_ACTCTCGAGGTTGAGC,Proliferating cells
L2_CGGAATTCACTGGCCA,CD4+ T cells
L5_ACACAGTTCATGCCAA,CD16+ Monocytes
E2L7_TTCCAATTCGGTAACT,CD8+ T cells
L3_AAAGGATAGCGCCTAC,B cells
E2L2_TTGGGCGTCCCGATCT,CD8+ T cells
L1_AGTACTGTCGAGAGAC,NK cells
E2L5_ACAGGGACAGTCAACT,Dendritic cells
L5_TAAGTCGCAACACAGG,CD4+ T cells
E2L2_ACATGCAAGATCCTAC,NK cells
L4_CATTCATAGGATGTTA,CD4+ T cells
E2L4_TTCCGTGAGATAGGGA,CD4+ T cells
E2L5_CTTGAGACAGGCAATG,CD8+ T cells
E2L5_ACACGCGCAGAAGCTG,B cells
E2L3_ATGATCGCAGCTATTG,CD16+ Monocytes
E2L5_GACTGATGTGACAGCA,Proliferating cells
E2L2_CGGAATTCACGATTCA,Dendritic cells
E2L7_GATGCTAAGAGTGGCT,Dendritic cells
L2_GATGGAGGTCGCACAC,Megakaryocytes
E2L3_ATGATCGTCTCTTAAC,NK cells
L3_TGAGTCATCTATTCGT,CD4+ T cells
L5_CATGGATCACTAGGTT,CD8+ T cells
L5_TGGAACTCATCCTAAG,Proliferating cells
E2L8_CTTCAATTCTGCGGCA,CD4+ T cells
L5_TGATGGTTCGAGATGG,CD4+ T cells
L4_TCTTAGTCATGGAACG,CD4+ T cells
L4_GGGAGATTCTTCGATT,CD14+ Monocytes
E2L7_GATCCCTTCTTCCACG,Proliferating cells
E2L1_AACCTGAAGAGTGACC,CD4+ T cells
E2L3_TTCGCTGGTCCTATAG,B cells
E2L2_GAATCACAGACTAGAT,CD4+ T cells
L5_TTCTAGTCATTGCTGA,CD4+ T cells
E2L8_TGCCGAGCATTGACAC,Megakaryocytes
L3_CTTACCGCAGCTACTA,CD4+ T cells
E2L1_CAGGCCACAGACCAGA,CD8+ T cells
E2L3_GCTTCACAGACCTCAT,B cells
E2L6_TCCATCGAGTCGGCAA,CD4+ T cells
L4_TCGGGACAGAAGTCTA,Plasma cells
L1_CATGCTCAGCAGGCAT,Proliferating cells
L1_TCATTGTAGGGATCAC,Dendritic cells
E2L6_TTGCATTCAATGCAGG,CD16+ Monocytes
E2L4_GTTAGTGCATGAGGGT,B cells
E2L8_TGATCAGTCGGTATGT,Plasmacytoid dendritic cells
E2L5_GTAACCACAAGAAATC,CD4+ T cells
E2L4_CGGAACCAGACATATG,CD4+ T cells
L1_CAACGATAGAAGCGGG,NK cells
E2L7_GTGGGAAGTTCGAAGG,NK cells
L1_TACTTGTAGTTTGGCT,CD4+ T cells
L2_TTGACCCCAACGTTAC,CD8+ T cells
L1_TTAGGCACAGTCGAGA,CD8+ T cells
L4_CCTTGTGTCTGCTTAT,CD8+ T cells
L4_CACAGGCCATGGCCAC,CD4+ T cells
L3_TCTATACTCCCGATCT,B cells
E2L4_ATTTCACTCTATCGTT,T cells
L1_AGCCAGCAGAGAGTTT,NK cells
L2_CGAGTTAAGCGAGGAG,Plasma cells
E2L2_GTGCACGAGATTGATG,Plasmacytoid dendritic cells
E2L6_TTTGATCCAAGAGTTA,CD8+ T cells
L1_CAAGGGATCTTTGATC,B cells
L4_AAGATAGTCAAGCTTG,Dendritic cells
L1_TTTGTTGTCAGGAAAT,Plasma cells
E2L2_ATGGATCGTCAGTCTA,Plasmacytoid dendritic cells
E2L1_CAGTTAGTCCTCTTTC,Dendritic cells
E2L8_AATCGTGGTCTTTATC,CD8+ T cells
L4_GAATCGTCAGTTGCGC,CD4+ T cells
E2L3_CCTAACCCAGAGCCCT,B cells
E2L2_CGATCGGAGAATTTGG,CD8+ T cells
L3_GAATAGAAGTAGTCAA,Hematopoietic stem and progenitor cells
E2L1_TTCTCTCTCTCACGAA,Plasmacytoid dendritic cells
L4_CTCATGCGTCGATTAC,CD4+ T cells
E2L1_CATCGCTGTGTATCCA,Dendritic cells
L4_TTTCCTCCACAGTACT,NK cells
L5_CTCCTTTAGGAGAATG,CD8+ T cells
L4_GGACGTCAGTAGCAAT,Proliferating cells
E2L8_TTGACCCAGGCAGCTA,NK cells
L2_ATGTCTTGTCAGGAGT,CD4+ T cells
E2L8_GGTGAAGAGACCAGAC,CD14+ Monocytes
E2L7_GGGACAATCATTCTTG,CD4+ T cells
L2_TCGAAGTTCGACACCG,Hematopoietic stem and progenitor cells
L3_ACCCAAAGTCGCGTCA,CD4+ T cells
E2L5_CAACCAATCACAGTGT,Plasma cells
E2L4_GTGATGTCACTTCATT,CD4+ T cells
L3_TCACGGGGTGACATCT,Hematopoietic stem and progenitor cells
E2L6_TAGATCGGTTCAAGTC,Dendritic cells
E2L7_ACATCGATCATAGAGA,CD8+ T cells
L3_GGCAGTCGTTGGGACA,B cells
L3_TGTTGGAAGGCAGTCA,NK cells
E2L5_CCACAAAGTAATGCTC,Plasma cells
L5_GCACATATCGGAACTT,Hematopoietic stem and progenitor cells
E2L5_ATGAAAGTCGACGAGA,CD14+ Monocytes
E2L3_TAGTGCAAGAGTGGCT,NK cells
E2L3_TCCTGCAAGACGCCCT,CD8+ T cells
E2L3_AGGTAGGAGGAGAATG,Proliferating cells
E2L2_TGAGCGCTCGATTGGT,NK cells
L4_ATAGACCGTCAAGTTC,Proliferating cells
E2L4_GTTGCGGTCACCCTTG,CD8+ T cells
L1_TCCCATGCACCGGTCA,CD14+ Monocytes
E2L3_CTGAGGCGTCGTCAGC,Dendritic cells
E2L4_AGTAGTCGTGCAACAG,Dendritic cells
E2L7_ACCAAACAGTGCACAG,Proliferating cells
L4_CCATAAGCAATCAGCT,CD8+ T cells
L5_TGTCCTGAGACAACAT,CD8+ T cells
E2L3_TACGGTAAGCGTTACT,Plasma cells
E2L2_TGTACAGAGCGACTAG,Plasmacytoid dendritic cells
L4_TCCTCTTCATTGGATC,CD4+ T cells
L3_CTCAGTCTCAGTGTGT,CD4+ T cells
E2L2_TTTGTTGCATGAAGCG,CD4+ T cells
L5_TTCTGTAAGTGCGTCC,CD4+ T cells
E2L6_AATTCCTTCAGCTGTA,Proliferating cells
E2L5_GGACGTCCAGAGAAAG,B cells
L5_TCTCAGCGTGAGCAGT,CD14+ Monocytes
L1_TGCGATAGTATCGCGC,B cells
E2L6_TGGGCTGTCTATTTCG,CD4+ T cells
E2L8_GATAGAAGTGCGGCTT,CD4+ T cells
E2L5_CATCGCTCACACGCCA,B cells
L4_AGCGTCGCATCAGCGC,CD4+ T cells
E2L2_TGTCCACTCGGCTTCT,Plasma cells
L3_CGAGTGCTCTATCACT,CD8+ T cells
E2L5_CTCAACCCATAGGCGA,CD8+ T cells
E2L6_TACTTGTTCGTCCATC,CD8+ T cells
E2L1_ATTGTTCCATATACCG,CD8+ T cells
L2_TTTGGAGTCTTCCCGA,CD4+ T cells
E2L6_GGGCTCAAGGTTTACC,CD4+ T cells
E2L7_TCCGGGATCAAGCTTG,B cells
E2L8_CATACAGTCCCGGTAG,CD4+ T cells
E2L7_GGGACTCCAACGCCCA,Dendritic cells
E2L6_TGCAGTAAGTTGTCAC,CD8+ T cells
E2L2_CCCTGATTCGTGGCTG,Hematopoietic stem and progenitor cells
L5_TTTACTGGTACACGTT,CD14+ Monocytes
E2L2_ACTACGAGTTTGGGAG,CD14+ Monocytes
L5_ATCACTTGTCGTTGCG,CD4+ T cells
E2L8_AAGACTCAGCCTTCTC,CD14+ Monocytes
L2_CTCCTCCTCATTTGGG,CD14+ Monocytes
E2L8_AACAAAGGTACAAGTA,CD8+ T cells
L4_CATACAGAGATAACAC,Proliferating cells
L2_CTAACCCAGACTCATC,CD4+ T cells
E2L3_TACGGGCCATCCTATT,Megakaryocytes
E2L8_GAAGTAAAGGGATCAC,CD4+ T cells
L4_ATCGGATCAATGCAGG,Plasma cells
E2L6_GCGTGCAGTGCTAGCC,B cells
L3_GCATCTCTCAAATGAG,CD8+ T cells
E2L6_GAAGCCCCACAATGCT,CD8+ T cells
E2L3_ACCCTCAGTCAAGCCC,Dendritic cells
E2L2_CGCGTGAAGCTTGTGT,CD4+ T cells
E2L8_ATACCTTTCCTGTAAG,T cells
L5_GGAGGATGTTCAGGTT,Plasmacytoid dendritic cells
E2L5_CTCAGAATCCCTTGTG,CD4+ T cells
E2L3_TTCAATCAGGCACGAT,Megakaryocytes
L2_CATTCCGTCTATGTGG,Hematopoietic stem and progenitor cells
E2L1_CGGTCAGCACCGGCTA,Dendritic cells
L1_TATATCCCACCGAATT,CD4+ T cells
L4_TGTTCATTCATAGCAC,CD4+ T cells
E2L6_AGTAACCAGCGGGTTA,Plasma cells
E2L8_GTGAGGAAGCCGTTAT,CD4+ T cells
L1_GCAACATAGGTGCTAG,CD4+ T cells
E2L8_TTCGATTTCGAAGCCC,NK cells
E2L8_GTTGCGGCAATTCACG,B cells
L2_CTTCCGAGTGTTAGCT,CD8+ T cells
E2L7_TTACAGGTCGGACGTC,Dendritic cells
L1_CACAACACATCAACCA,Dendritic cells
E2L8_ACCTGTCCATGGATCT,B cells
E2L8_GTGGAAGTCCATGATG,Dendritic cells
L1_CCAATGATCGATTGGT,CD4+ T cells
E2L4_CCTTGTGGTAACTAAG,CD4+ T cells
L4_TGTCCACTCAGGAACG,CD8+ T cells
L3_GTTACCCGTTTCGACA,Dendritic cells
E2L5_AGGGCCTGTGACACGA,B cells
L4_AATCGTGCACACTGGC,Plasmacytoid dendritic cells
E2L4_GGAATGGAGACCTCAT,CD8+ T cells
E2L2_GTAGGAGCAACTCCAA,NK cells
E2L7_ACTGTGACACAGCTGC,CD4+ T cells
L3_CTTGATTCATTCAGCA,Dendritic cells
E2L1_TGTGTGAAGGGTCAAC,B cells
E2L5_CGACAGCGTAAGGCTG,Proliferating cells
L3_AGGGTGACACGACAGA,Plasmacytoid dendritic cells
E2L2_CTTCCGAGTCGACTTA,B cells
L4_CGATGGCAGGCGCTTC,Hematopoietic stem and progenitor cells
L3_CGATGGCCAGAACTTC,Hematopoietic stem and progenitor cells
L2_CGATGGCTCGCACTCT,CD4+ T cells
E2L5_TGCGGGTCAAGACGAC,CD4+ T cells
E2L8_CTGCAGGTCACTCGAA,Megakaryocytes
E2L5_GAAGGACGTGCGGCTT,Proliferating cells
L4_GTAATCGAGCTAGAAT,B cells
E2L8_TCATCATAGTGGAATT,CD16+ Monocytes
L3_TCATCATGTAGTAAGT,CD4+ T cells
E2L4_GCAGGCTGTCCTACGG,Plasma cells
E2L1_GAGGCAAAGATGAAGG,NK cells
E2L1_CCGTTCAAGTGTAGTA,B cells
E2L6_GGGAGTACACCATAAC,B cells
L5_GTAGGAGGTAGAGACC,CD4+ T cells
E2L2_CCCTGATTCAATGCAC,Proliferating cells
E2L1_TGGTGATCAGACCTAT,CD8+ T cells
L2_CTGTATTGTTGCTTGA,CD4+ T cells
E2L1_TGATCAGCATGTTTGG,Dendritic cells
E2L8_ATTTACCAGATAGCAT,CD4+ T cells
E2L1_ATTGTTCGTAGATGTA,CD8+ T cells
L3_CTGGACGGTACAGGTG,Plasmacytoid dendritic cells
E2L6_TTTGACTGTTTCGGCG,CD8+ T cells
E2L4_CGATGGCAGAGATGCC,CD8+ T cells
E2L7_TCCTTCTCAACCCTCT,CD16+ Monocytes
E2L2_TTCGATTTCTCAGTCC,Plasmacytoid dendritic cells
L2_GTGGTTAGTTCGGTAT,CD4+ T cells
L3_CAGTTCCAGTAAGACT,CD8+ T cells
E2L3_TTCCTTCGTGCGGCTT,B cells
L2_TGTCAGAGTCCTCAGG,CD4+ T cells
E2L6_ACCATTTGTGGTACAG,CD4+ T cells
E2L4_GTAGAAACATGATGCT,CD8+ T cells
E2L6_ACTTATCCAGTCCGTG,CD14+ Monocytes
L4_GCCATTCAGTACCGGA,CD4+ T cells
E2L4_AGAACAAAGGTCGTCC,CD4+ T cells
E2L7_ACTTCGCAGGCGAACT,Proliferating cells
E2L3_TACTTCATCCACACAA,Plasmacytoid dendritic cells
L5_GGCGTCACATAGGTAA,CD8+ T cells
L4_CGAGAAGGTCCGAAAG,CD4+ T cells
L5_ACCCTTGGTGGCAACA,CD4+ T cells
E2L4_GTAACCAAGGCGATAC,CD4+ T cells
L5_GAAGGACGTCATGACT,CD8+ T cells
L2_GAGGGATGTGAGTGAC,CD4+ T cells
E2L1_AAGGTAAAGTACGTCT,CD8+ T cells
E2L7_CACTGGGTCATTTACC,B cells
L3_GTTACCCTCCTAGCTC,T cells
E2L4_GACCGTGAGGATGGCT,CD16+ Monocytes
E2L6_ATTCATCCAATAGTGA,CD8+ T cells
E2L5_TTACGTTTCCCGTGTT,Plasma cells
L3_ACGGTCGAGGCCCAAA,Plasmacytoid dendritic cells
L1_GATTGGTTCTCTGCTG,CD8+ T cells
E2L2_GAGGGATTCGGCTGGT,CD4+ T cells
L3_GGGCTACAGGTGCTTT,NK cells
E2L6_GTACAGTAGTAAACGT,CD4+ T cells
L2_CCCATTGCAGCGTACC,CD8+ T cells
L1_ATTTCACGTGAACTAA,Dendritic cells
L5_GACGCTGTCGACGCTG,CD8+ T cells
E2L3_CTGCCTACATTGACTG,CD8+ T cells
L4_TGAGGGAGTCGGAACA,Megakaryocytes
E2L8_TTGATGGCAGATTTCG,B cells
E2L1_CCGGTGAGTAAGATAC,B cells
E2L8_AGTGACTCAACGTTAC,Dendritic cells
L1_AGGGCCTCACAACATC,CD4+ T cells
L2_TCTTTGACATCCGAAT,CD4+ T cells
E2L7_CTCAGTCGTGCGAACA,Plasmacytoid dendritic cells
E2L5_CATTGTTTCTCTCTTC,NK cells
E2L3_TTAGTCTTCTCGGTAA,CD16+ Monocytes
E2L5_CATTGTTAGTGTTCAC,Plasmacytoid dendritic cells
E2L4_CAAGCTACAATCCTAG,CD8+ T cells
L3_TTAATCCGTTGTATGC,CD8+ T cells
L1_TTCTAGTTCCGATGCG,CD8+ T cells
L3_TTCTGTAGTCCTGTCT,Plasmacytoid dendritic cells
L2_TGTCCACGTGAGAACC,CD8+ T cells
E2L5_GAGACCCAGTCACGAG,CD4+ T cells
E2L2_AGACAAAGTGACATCT,B cells
E2L5_AGGGTCCAGGGTACAC,CD4+ T cells
E2L4_AAAGGGCTCTGGACCG,CD8+ T cells
E2L8_ACTTCCGGTTAAACCC,Plasmacytoid dendritic cells
E2L5_ATAGAGATCAGTGCGC,Plasmacytoid dendritic cells
E2L4_ACATCCCGTACTCAAC,Megakaryocytes
L1_ACTATTCAGAGGCGGA,B cells
L1_TCGTGCTGTCTTTCTA,CD4+ T cells
E2L1_CAGTTAGCAACATACC,Proliferating cells
E2L7_CTGTCGTCATGGAGAC,Dendritic cells
E2L3_TTTCATGAGAGGCTGT,Megakaryocytes
E2L3_TCTCTGGTCGCTGCGA,CD14+ Monocytes
E2L6_TCGGGCAGTGGCATCC,CD4+ T cells
L1_CTCCCAAAGAGTCGAC,T cells
L1_CTTCTAAGTATCGATC,NK cells
E2L1_AGAGAGCAGCGGATCA,CD8+ T cells
E2L2_TGAGTCAGTCCTTAAG,T cells
L5_GACCAATCACGTATAC,CD8+ T cells
E2L5_GTAGTACCAGGCACAA,Megakaryocytes
L5_ATGCGATAGGAACTCG,CD4+ T cells
L2_AACCTTTAGAATAACC,Proliferating cells
L5_TGAGTCAAGTTTCGAC,CD4+ T cells
E2L1_TGGAACTTCGGACAAG,CD8+ T cells
E2L3_CGTTCTGGTTACACTG,CD4+ T cells
L1_TATTGGGGTTCCTAGA,Dendritic cells
L3_TGCAGATTCGAAATCC,B cells
L5_AGACAAAGTGATTAGA,Proliferating cells
L3_TCGGGCAGTGCCTATA,CD4+ T cells
L1_CAATCGACAGGTTCCG,CD16+ Monocytes
L3_CCTCTCCAGGTTGCCC,Hematopoietic stem and progenitor cells
L4_TGCTCGTGTACAGTAA,CD4+ T cells
E2L8_TTGATGGTCACACGAT,Dendritic cells
E2L3_CGTAAGTGTAAGACCG,CD8+ T cells
E2L6_CACCAAACACAGTGTT,CD8+ T cells
E2L2_GTGTAACCACTCAAGT,CD16+ Monocytes
E2L4_ATGCCTCTCGGCAGTC,CD4+ T cells
L1_AGACCCGGTCTGATCA,CD8+ T cells
L5_TCAGTTTCACGGCGTT,CD4+ T cells
L4_GGTGTCGCAGCTACCG,CD4+ T cells
E2L2_ACACTGAAGACTCCGC,CD16+ Monocytes
L5_CGGGTCATCCTTGAAG,Proliferating cells
E2L8_CTCACTGAGGTAACTA,NK cells
E2L7_GAGGGTACACGTCATA,B cells
L1_ACATTTCTCACGGGAA,CD14+ Monocytes
E2L8_GAGTGTTGTTAAGGAT,CD4+ T cells
L3_AGTCACAAGTAATCCC,CD4+ T cells
E2L7_GCCAGTGTCCTGCTAC,Megakaryocytes
E2L5_CTAAGTGCAAGACGGT,CD14+ Monocytes
E2L2_AGTACCATCTGGGCAC,NK cells
E2L5_GTGTCCTTCACTTTGT,CD8+ T cells
L2_CTCAGTCCATCCGGCA,CD4+ T cells
L5_TTTACTGGTCGTGCCA,CD14+ Monocytes
E2L4_AGCTCAAAGATGTAGT,Dendritic cells
L5_TTCCTCTAGGTCATTC,CD8+ T cells
E2L3_CGGAGAAAGCCGATCC,CD4+ T cells
L5_TGCTCGTTCGAGCCAC,T cells
E2L4_AGCCAATCAGAGAGGG,CD4+ T cells
E2L3_AGGTTACTCTATACTC,Plasmacytoid dendritic cells
L1_TATATCCGTAGCGTTT,CD4+ T cells
E2L8_GCCAGCATCCGATAGT,B cells
E2L7_ATCGCCTCAACGACAG,Megakaryocytes
E2L7_ATTATCCGTCTCTCAC,CD4+ T cells
L1_AAGCGAGAGAAATTCG,CD4+ T cells
L5_GGCTTGGTCGAGCCTG,CD8+ T cells
L5_TCGAAGTAGACCATAA,CD4+ T cells
E2L8_ACGTCCTAGGTGAGAA,CD8+ T cells
E2L7_TCTTAGTTCGCATTGA,Dendritic cells
E2L8_TTCTGTATCACTGGGC,CD14+ Monocytes
L1_ATTTACCAGGCCTGAA,CD4+ T cells
E2L1_CCGGTAGAGACATAAC,B cells
L3_ACTTATCTCACGGACC,CD4+ T cells
E2L3_AGTTCCCTCGACCATA,CD4+ T cells
L3_GTAACCACAAAGACTA,CD8+ T cells
L1_TCAGTTTAGCCTTGAT,CD4+ T cells
E2L1_CGAGGCTCAAGGTCGA,CD4+ T cells
L3_CCCGAAGCACGACGTC,CD4+ T cells
E2L6_GTCATGAGTTGCACGC,CD8+ T cells
E2L4_AACCATGTCTGCGATA,NK cells
L5_TACCGAAAGCCACTCG,Hematopoietic stem and progenitor cells
L4_CTCCTTTTCAAATAGG,CD4+ T cells
E2L4_GTGGTTACAGGGTTGA,Plasma cells
L2_AGGAATATCTCTGAGA,CD4+ T cells
L3_TCATGGAGTCACAGTT,CD4+ T cells
L3_TATTTCGGTCAACCTA,T cells
E2L5_TATCTTGTCCATTGTT,B cells
L2_AGTAACCTCTCTTCAA,Dendritic cells
E2L6_TCGTCCAGTCAAATCC,CD8+ T cells
E2L1_GCCATGGGTCCTACGG,Proliferating cells
L2_CTAACCCCACAGTGAG,CD8+ T cells
E2L4_GGTGGCTTCTCTAGGA,CD8+ T cells
E2L2_ATTCTACCACCTGCAG,Dendritic cells
E2L7_AGACCATTCGTAGTCA,Proliferating cells
E2L2_TTATTGCAGCCAAGGT,CD4+ T cells
E2L8_ACCCAAACAGGTGGAT,B cells
E2L2_AGATCGTTCGTGTGAT,Proliferating cells
E2L5_AAGGTAATCGACATAC,Dendritic cells
L1_GAACTGTAGCAGGCAT,Plasma cells
L1_ATGGATCCAGTTAGAA,CD8+ T cells
L3_GCGAGAAAGATCCAAA,CD4+ T cells
L1_GATCACAAGCATTGTC,CD8+ T cells
L5_CCGTTCATCAACCTCC,Plasmacytoid dendritic cells
E2L4_GATGACTGTCAATGGG,CD16+ Monocytes
L2_CGAATTGTCGTCACCT,Megakaryocytes
L5_GTCAGCGGTCACAATC,CD8+ T cells
E2L2_GACACGCTCCGCATAA,Proliferating cells
L2_TTACCGCCATGGAATA,Proliferating cells
E2L7_ACTTAGGTCCGTCCTA,NK cells
L1_TTAGTCTCACGCCAGT,T cells
E2L8_TCGGATAGTAGCGTCC,CD4+ T cells
E2L2_CACTAAGAGTTCAACC,CD4+ T cells
E2L7_GTTACAGGTGATCGTT,CD8+ T cells
E2L1_TTACCATTCGGACTGC,CD14+ Monocytes
E2L6_CTAACCCTCACTTTGT,CD4+ T cells
E2L6_TAACGACAGAGAAGGT,CD4+ T cells
L2_AATGGAATCCCAGTGG,CD8+ T cells
L4_TCACTATGTGTGTCGC,CD4+ T cells
L5_GTAGCTAAGCACACAG,Plasmacytoid dendritic cells
E2L6_GAAGCCCTCCAAACCA,CD14+ Monocytes
E2L2_ACGTAGTTCCATCTCG,B cells
E2L7_TGTCAGATCGCCGAGT,CD4+ T cells
E2L2_CCTGCATCAAATTAGG,CD4+ T cells
L1_TGACAGTTCTACTTCA,Proliferating cells
L5_GTTGTAGAGTCATGGG,B cells
L4_CCCATTGTCAGCTGTA,Hematopoietic stem and progenitor cells
E2L7_ACATTTCGTTGCTCCT,Dendritic cells
L1_ACTCTCGCAGGTTCAT,CD4+ T cells
L5_CTGAGGCAGCTGTTCA,CD4+ T cells
L1_TTGTGTTCAATTGGTC,CD8+ T cells
L5_AGTCTCCCATCCTTCG,CD4+ T cells
E2L2_ACAGAAAGTCGATTTG,Plasmacytoid dendritic cells
E2L5_TGACAGTCATGTGCCG,CD8+ T cells
L5_GCACGTGAGTCGCCAC,NK cells
L5_TGAATCGAGCTCCGAC,B cells
E2L7_GACAGCCTCGCCACTT,B cells
E2L8_GTTTGGACATGTTCAG,Plasma cells
L3_CCTACGTCAGTCTACA,CD4+ T cells
L3_TTGCATTCATTGTCGA,CD4+ T cells
E2L4_TCATGTTTCAAGGTGG,B cells
E2L5_CATCCACCACGCCACA,Megakaryocytes
E2L2_TTCGCTGAGGTCGTCC,B cells
E2L7_GAATAGACATGCAGGA,B cells
L4_CCCATTGTCGAGAACG,CD8+ T cells
E2L6_CCGTGAGGTAGACACG,B cells
L4_TCCCACAAGCACACCC,B cells
L2_TCACGGGCAAGCTGTT,CD8+ T cells
L1_CCCTGATTCGACCACG,CD4+ T cells
E2L7_TGAATCGGTGGTGATG,Plasmacytoid dendritic cells
E2L6_ATTTACCCAACTGAAA,CD4+ T cells
L2_CTCTCGAAGCAAATCA,Proliferating cells
E2L8_AGATGAAAGTGGCGAT,CD8+ T cells
E2L5_GTGGTTAAGCGACATG,Plasmacytoid dendritic cells
E2L5_CTCCAACGTCCACACG,CD4+ T cells
L3_GTGTAACGTGCTCTTC,CD4+ T cells
L2_GGTTGTATCAGAACCT,Proliferating cells
L1_GCCGTGACAATACCTG,Hematopoietic stem and progenitor cells
E2L1_CGGACACTCTTGGCTC,Plasmacytoid dendritic cells
E2L6_ATTACTCTCCCGGTAG,NK cells
E2L3_ATGACCAAGGATTTCC,CD4+ T cells
E2L2_CGGAGAACACGGATCC,NK cells
E2L1_TTTGATCCAAAGACTA,CD16+ Monocytes
L5_GCTTGGGGTGCATGAG,Proliferating cells
E2L4_CAGTGCGCATGTCAGT,B cells
E2L3_ATCCCTGTCGTTGCCT,Plasma cells
E2L2_GAGTTACCATAACCCA,Dendritic cells
L2_TGTGCGGGTACAAGTA,CD14+ Monocytes
E2L5_TTGGTTTTCCATTGGA,B cells
E2L3_ATCACGATCCCAACTC,Dendritic cells
L2_TGCTCCATCGACGCTG,CD4+ T cells
E2L8_ATGGAGGAGTCTAGAA,CD16+ Monocytes
E2L8_TCATGTTTCTTGAGCA,CD4+ T cells
E2L2_TCAGGTAGTTGCTCCT,Proliferating cells
L4_CCTCATGAGGGTACGT,Proliferating cells
L5_ACCACAATCCCTTCCC,Hematopoietic stem and progenitor cells
E2L7_CATAGACCAATGTTGC,NK cells
L2_ATCGTGAAGTATAGAC,CD4+ T cells
L5_TACAGGTCACTGGCGT,Plasma cells
L4_CACTAAGTCTACCCAC,B cells
L5_AAGATAGCATAGATCC,Hematopoietic stem and progenitor cells
L4_CTGGCAGCACAGTCCG,CD4+ T cells
L3_GTATTGGGTGATAGAT,CD4+ T cells
E2L4_AGGTAGGAGGAAGTCC,CD4+ T cells
L1_TCGTAGATCGGCTTCT,CD14+ Monocytes
L4_ACGATCACAAGTCATC,Dendritic cells
E2L5_TCTTAGTGTCGTATGT,Plasma cells
E2L1_TATTGGGGTATGGAAT,B cells
E2L2_GACTGATGTACGTGAG,Plasmacytoid dendritic cells
L5_CAGATTGAGGTCCTGC,NK cells
L5_TGGGCTGCAGAGCCCT,CD4+ T cells
E2L2_TAGACCAGTTAAGTCC,Dendritic cells
L2_TCTATACAGTTGTCAC,CD8+ T cells
E2L1_ACGGAAGAGTAGTGCG,B cells
E2L7_ATCCGTCGTTCGAGCC,NK cells
L3_TGTTCATGTGTTTACG,CD4+ T cells
L5_ATTTCTGCACAAACGG,B cells
E2L2_CTGTAGAGTCCAGCGT,NK cells
E2L3_TTTCAGTGTGTCCACG,Proliferating cells
E2L7_ACGCACGTCGATACAC,T cells
L1_CGTAGTATCCAGCACG,Plasma cells
E2L7_ACCTACCCACCAGCTG,B cells
E2L8_AAGATAGCAAGAAACT,CD16+ Monocytes
E2L7_CATTGCCTCGCAGAGA,B cells
E2L7_TCTTCCTAGACGCCAA,Plasmacytoid dendritic cells
E2L2_ACTCTCGAGCTAGCCC,Megakaryocytes
E2L2_TCCTCGACATTCATCT,Proliferating cells
E2L1_ATCGATGTCAGAACCT,B cells
L5_TGAGGAGGTACTCCGG,Hematopoietic stem and progenitor cells
L2_CTAGGTAGTATCAGCT,Hematopoietic stem and progenitor cells
L2_CCTAAGAGTTGTTGCA,Plasmacytoid dendritic cells
E2L6_AATGGAACAAGCGAGT,Dendritic cells
L4_CTAACTTGTTGTGGAG,CD14+ Monocytes
E2L8_GTTGCTCAGCTGTGCC,CD8+ T cells
E2L1_AGTAACCTCTCGAACA,NK cells
E2L8_ATGAGTCGTAACATAG,NK cells
L1_CTGTAGAAGACCGCCT,Dendritic cells
E2L4_AAGGAATTCTGGGCCA,Dendritic cells
L4_AGTAACCGTGGCTAGA,CD4+ T cells
L3_AAGCGTTTCGGTCTGG,CD14+ Monocytes
E2L6_CGGTCAGTCACAACCA,CD8+ T cells
L4_AACACACGTGCGCTCA,Hematopoietic stem and progenitor cells
L2_AGGAAATCACTGCATA,CD4+ T cells
E2L3_CCCGAAGGTAAGGCTG,Proliferating cells
L1_ACCCTCAAGATGAATC,Hematopoietic stem and progenitor cells
E2L7_TGTTGGAAGTAACCTC,B cells
E2L4_GCAGCTGGTGGAACAC,B cells
L5_GTTGTCCTCGTAGCTA,CD4+ T cells
E2L7_TGTTCTATCAGGTAAA,CD4+ T cells
L2_ACGTTCCTCTAGTGTG,CD4+ T cells
E2L8_GAAACCTCATCGTCCT,Plasmacytoid dendritic cells
E2L8_AGAACAATCTATCGCC,CD16+ Monocytes
E2L2_CAACGGCCAATTCTTC,B cells
E2L1_GCCAGGTGTACAGTCT,B cells
L5_CCCGGAAGTCGCAGTC,CD4+ T cells
E2L6_AAACGCTCAAGTTTGC,CD14+ Monocytes
E2L5_TAGACTGTCCAGCAAT,Plasmacytoid dendritic cells
E2L6_TATACCTAGTGTGTTC,CD8+ T cells
L5_ATCAGGTTCATAGGCT,CD8+ T cells
E2L7_AACCCAAGTTAACCTG,CD4+ T cells
E2L6_CAGAGCCAGAGCATAT,B cells
E2L4_TTTCATGCAAGGAGTC,CD16+ Monocytes
E2L8_ACTGTCCTCATCGACA,B cells
L2_AACCTTTTCCCATACC,CD4+ T cells
L3_GAGTTGTTCGGCTTGG,CD8+ T cells
E2L7_CTCCCTCCATGGTACT,CD14+ Monocytes
E2L2_CCATAAGCATCAGCAT,CD16+ Monocytes
L3_GGTGATTCAGTAACGG,CD4+ T cells
E2L7_GCAGCCAAGACCTCCG,CD8+ T cells
E2L4_TAGGGTTCACGTAGTT,B cells
E2L7_GTACAGTTCCGTTGGG,T cells
E2L6_GAAGGGTAGGATGCGT,CD14+ Monocytes
L1_GCCAACGCAAGACCTT,CD14+ Monocytes
L1_TGTTGAGGTGTAAATG,CD4+ T cells
L4_CCTTGTGCAGCAGAAC,Proliferating cells
L1_AGTGACTCACCTGCAG,NK cells
E2L2_AAGACAAAGGTTACCT,CD14+ Monocytes
E2L4_TACTTCACATCCCGTT,B cells
L3_AGGGTCCAGGGCTAAC,CD4+ T cells
E2L2_AGGTCATCATCCTCAC,CD8+ T cells
E2L2_AGGGAGTTCCATTGTT,Megakaryocytes
L1_TGGAACTGTGTTCATG,CD8+ T cells
E2L4_ATTCTACTCTTACACT,B cells
E2L7_CCCGAAGAGGGCCAAT,Proliferating cells
L2_GGGTCTGAGGGAACAA,CD4+ T cells
L1_TGTTACTGTATGCGGA,Megakaryocytes
E2L8_TTCACCGGTCGCACAC,CD8+ T cells
L4_CGTAATGCATAACGGG,CD4+ T cells
L2_CTGCAGGGTTTATGCG,CD4+ T cells
E2L4_GTTCTATTCGCATGAT,B cells
E2L5_CTGAATGGTGTACAGG,CD8+ T cells
E2L5_ATTGGGTGTCGAACAG,CD4+ T cells
E2L7_CCTAAGACATTGAAGA,Dendritic cells
E2L4_GGGTCTGTCGTACACA,CD4+ T cells
E2L6_AGAACCTCATACCACA,Dendritic cells
E2L4_ATCGGATCAAGCACAG,B cells
E2L4_CGAGGAATCACGAACT,Proliferating cells
E2L5_GTTATGGGTGACTGTT,CD4+ T cells
E2L6_GATCCCTGTGCAATAA,T cells
E2L8_ATGGAGGTCAAGGCTT,Proliferating cells
L5_TCTACCGGTTCTGACA,CD8+ T cells
E2L2_TCAGCCTCATTGCCGG,CD4+ T cells
E2L5_GAAGTAAGTGCCGGTT,Dendritic cells
L2_AACAAAGCAATAACCC,Megakaryocytes
L3_CAACGGCGTGCACAAG,CD4+ T cells
L2_CTTCCTTAGTAGTCAA,CD4+ T cells
L5_TCCTCTTGTCGGCCTA,CD8+ T cells
E2L7_GGAGCAACACACGTGC,Megakaryocytes
E2L6_GTGGAGACAGAACTAA,Megakaryocytes
E2L4_TTTCCTCCATTAAAGG,Dendritic cells
L3_ACAAGCTCATAGGTTC,CD4+ T cells
E2L7_ACATCCCGTATTTCCT,B cells
E2L1_TTCTAACGTGTACATC,NK cells
L5_GACATCAAGCTCTATG,CD4+ T cells
L3_ATCGTCCCATCAGCAT,CD16+ Monocytes
E2L1_TCGGATAAGACATCAA,CD14+ Monocytes
L2_TTAATCCGTAGTTACC,CD4+ T cells
E2L6_GAAGAATCAGGGAGAG,NK cells
L2_AGAACCTTCCCTTTGG,Plasma cells
E2L5_TTAATCCCACTACACA,CD4+ T cells
E2L5_CTCCCTCAGCCATATC,Proliferating cells
E2L4_CACTGAACATGCCGCA,CD14+ Monocytes
L4_ACTTCCGAGTACTGTC,CD4+ T cells
L1_CCCTGATTCGTGACTA,CD4+ T cells
L2_GTAAGTCGTAGCACGA,Plasma cells
E2L4_GTCGAATCAAAGGGTC,CD8+ T cells
E2L2_TATCCTACATTCTTCA,CD16+ Monocytes
L3_GTCATCCGTGCACATT,Plasma cells
E2L5_TTTCATGAGAATAACC,CD8+ T cells
L3_ATGACCAAGTACTGGG,CD4+ T cells
L1_GTATTTCTCGTCTCAC,B cells
E2L2_GAATCGTAGAATGTTG,CD4+ T cells
L1_CACGTGGGTGTTACTG,CD4+ T cells
E2L5_CACGTTCTCCCATTCG,CD4+ T cells
L1_CGAGAAGAGCCAAGTG,CD4+ T cells
E2L5_GTACAACAGGTTATAG,Proliferating cells
E2L1_GGTTAACTCCATCAGA,NK cells
E2L3_TCATGAGTCTAGACCA,NK cells
L5_GCGGAAAAGAGCCCAA,CD8+ T cells
E2L6_GTGGCGTAGGGATGTC,Proliferating cells
E2L4_TCACGGGAGTGACCTT,CD14+ Monocytes
L3_AGAAATGTCTACTGCC,CD8+ T cells
L2_CACATGATCGGTTCAA,Hematopoietic stem and progenitor cells
E2L1_ACTTATCGTTCCGCAG,Megakaryocytes
L5_AGTGATCTCCACTGGG,Plasma cells
L5_TGCGACGCATGTGCTA,Megakaryocytes
L4_GATAGAACAAGCAGGT,NK cells
E2L6_TATATCCTCCCGAGGT,NK cells
L4_ATCGATGCATCGGTTA,CD8+ T cells
L2_GACACGCCAAATCAAG,CD4+ T cells
L5_TAGCACAGTATGGAAT,CD8+ T cells
L1_ATCATTCAGAATCGAT,CD4+ T cells
E2L1_ACAACCACACGCGCTA,CD8+ T cells
E2L6_ATGACCAGTGAATGTA,Plasma cells
L4_TTGTGGAGTTCGCGTG,Hematopoietic stem and progenitor cells
L1_TACGGGCCAAGGACAC,CD4+ T cells
E2L2_TTCAATCAGAACTGAT,CD4+ T cells
E2L3_TCAGTTTAGCTTTCTT,CD4+ T cells
E2L7_AATCGTGGTAGGTACG,CD4+ T cells
L3_CTTCGGTCAGACTGCC,Proliferating cells
L3_CTGGTCTAGACATCAA,CD4+ T cells
L3_GTCACGGAGAGAGAAC,CD4+ T cells
L1_TGCACGGAGTATGCAA,Plasma cells
L4_TCAGCCTCAGGATTCT,CD14+ Monocytes
L3_GAAGAATTCTCAGGCG,CD4+ T cells
E2L6_CAGCGTGTCCATTTGT,Dendritic cells
E2L2_TGACGCGAGCCTTTCC,NK cells
E2L3_ATCGGCGCAGACCTGC,CD8+ T cells
E2L7_TTAGGCATCGTACACA,CD4+ T cells
L5_AGGCCACAGAGCCCAA,Dendritic cells
L5_CTAACTTGTACAGTAA,CD8+ T cells
E2L4_GGAACCCCAGAGAATT,B cells
L5_CTACAGATCCGTTGAA,NK cells
E2L1_TATCTTGCATCGGAAG,CD14+ Monocytes
L1_GATTCTTAGGCTCTAT,CD8+ T cells
L4_TCATTGTGTGAGACGT,Megakaryocytes
L2_ATTCACTCAACCGACC,Hematopoietic stem and progenitor cells
E2L2_AGAGCAGTCTGCACCT,T cells
L2_TGTTACTAGGGACACT,Plasma cells
L4_CATTTCAGTTTCACTT,CD4+ T cells
L5_CTGTACCGTTACCCAA,CD4+ T cells
L1_ATGAAAGGTGTGCTTA,Dendritic cells
L3_ACCACAACAACTCGTA,CD8+ T cells
E2L2_TTACGTTAGCACCGAA,Megakaryocytes
L3_ATCCACCCAGTAGGAC,B cells
E2L5_AAGTACCAGATAACAC,CD4+ T cells
L1_TTTGACTAGTGTAGAT,CD8+ T cells
L4_AGCGATTAGACGTCCC,CD4+ T cells
L3_TCCACGTAGGAGAGTA,CD4+ T cells
E2L1_AAGCCATCAGTTGTTG,CD4+ T cells
L5_CACTAAGCACAAACGG,CD14+ Monocytes
L4_GTCTAGAGTATAATGG,CD4+ T cells
L1_CTTGATTTCGGTGTAT,Proliferating cells
L4_AACAAGATCCATCGTC,Proliferating cells
L5_AAATGGAAGCGAGTCA,Dendritic cells
E2L7_AGATCCATCTATTTCG,B cells
E2L2_ATCGGATGTTGGGACA,Plasmacytoid dendritic cells
L1_GGTAATCTCGTAGGGA,Plasma cells
E2L8_GAAGCGAGTCGAGATG,NK cells
E2L6_TAGACCATCCTGTAGA,Proliferating cells
E2L6_TCCCAGTCAGTGCCTG,Plasmacytoid dendritic cells
E2L2_AGTCAACGTATCGTAC,CD4+ T cells
E2L1_CTATAGGAGGGCATGT,CD4+ T cells
E2L4_AGAGAATAGACCATTC,B cells
L5_CTGCTCACACTCCGGA,CD8+ T cells
L5_ATTCCTACACGCCACA,CD8+ T cells
E2L1_GCCAGCATCGAAGCAG,CD4+ T cells
L4_GAGTCATAGAGGGTCT,CD16+ Monocytes
L4_TCCATGCGTACTGAGG,CD8+ T cells
E2L7_TAATTCCGTAACAGGC,CD8+ T cells
E2L3_AAGACAACACGACGAA,Dendritic cells
E2L7_ACACTGATCCCTCGTA,CD4+ T cells
L1_TACGCTCAGTCGCTAT,CD8+ T cells
E2L5_AAGCATCGTAGTTACC,B cells
L1_CACAACAAGACAACTA,CD8+ T cells
L4_TATGTTCGTTTAGAGA,CD16+ Monocytes
L5_CTGATCCGTCCAGAAG,Hematopoietic stem and progenitor cells
E2L3_CAGGCCAAGTCTGCAT,CD8+ T cells
E2L7_ACCACAACAACTTCTT,CD4+ T cells
E2L6_GATCAGTTCATGCCAA,Megakaryocytes
L3_GTTGCGGAGACCGCCT,CD8+ T cells
L4_TCGTGCTGTAGAATAC,Proliferating cells
L3_TAGAGTCTCTATTTCG,CD14+ Monocytes
L1_CTACTATGTTCCACGG,Dendritic cells
E2L4_TAATCTCAGACGCCAA,Proliferating cells
L5_TTACTGTTCGCCTTGT,B cells
E2L2_TATTTCGAGTTGTCAC,CD14+ Monocytes
E2L4_CCTTCAGCATCTTAGG,Proliferating cells
E2L7_GTTGCGGAGCCTCGTG,B cells
L1_CTCTGGTCAGTAACCT,CD4+ T cells
L2_TCTTCCTAGCAGGTCA,CD4+ T cells
E2L4_AGTGCCGCACACTTAG,CD4+ T cells
E2L3_ACACAGTTCGGAGCAA,CD8+ T cells
E2L6_CCGTTCATCGTTACCC,CD4+ T cells
E2L6_AAGCATCCAGAACGCA,CD4+ T cells
L1_CTACCTGGTCTGATCA,CD4+ T cells
L5_CGTGCTTAGACAGCGT,CD14+ Monocytes
L2_TCTACCGGTTACACTG,B cells
L3_CACACAACATACAGCT,NK cells
L4_AGGTGTTGTAGCGCTC,Hematopoietic stem and progenitor cells
E2L6_GGCAGTCAGCGATGAC,CD4+ T cells
L2_CGTTGGGCACATGGTT,CD4+ T cells
E2L5_CTCTCAGCAAGCCTGC,B cells
L4_CTATAGGTCGTCTACC,CD4+ T cells
L2_TAGGTTGCACATGGTT,CD8+ T cells
L5_TATCAGGGTGACGTCC,CD8+ T cells
L1_TTGTTCAGTAGATCGG,CD4+ T cells
L3_TCTACCGCATGCCGGT,CD4+ T cells
L3_TGATTTCCATTCTGTT,B cells
E2L3_CTGTAGACATGATGCT,Dendritic cells
E2L6_GAGATGGCAGTCACGC,Dendritic cells
L2_ATCACGACACTGATTG,Plasma cells
E2L3_GACCCAGAGCCGGAAT,CD8+ T cells
E2L4_ATCCACCGTGCTTCAA,Dendritic cells
L2_GCAGCTGTCTCCCAAC,CD4+ T cells
L1_CGAAGTTGTCGTGCCA,CD4+ T cells
L4_AATCGTGCAGTCAGTT,CD4+ T cells
E2L7_TCAGTGAGTACGATGG,CD8+ T cells
E2L5_TCTCCGATCCGTACGG,CD8+ T cells
L2_TATTGCTGTTAAACCC,CD14+ Monocytes
E2L2_CGGAATTGTTCGGACC,CD4+ T cells
E2L5_AGGATAACATGACGGA,NK cells
L5_TCTGCCACAGGTGTTT,Proliferating cells
E2L2_TCAGCAAAGAACAAGG,Plasmacytoid dendritic cells
E2L1_TCCTAATGTATCGTAC,Proliferating cells
L2_TCACAAGTCCTCATAT,CD14+ Monocytes
L2_TTACCATCATCGTGGC,CD16+ Monocytes
E2L2_TCAGGTAGTAGTCTTG,CD16+ Monocytes
E2L2_GGAACCCCATTCTGTT,Proliferating cells
L4_ACGTTCCTCAACGAGG,Proliferating cells
L4_TCGTGGGCAGCTGAAG,NK cells
E2L8_CTCAGTCCAGACGATG,Plasma cells
L1_GGTAATCTCTCGAGTA,NK cells
E2L1_TGGGCTGAGCCAAGGT,CD8+ T cells
L4_ATCTCTAAGTACTGGG,CD4+ T cells
E2L6_ACCTACCAGCGCCTCA,CD4+ T cells
E2L8_TGGGATTTCGCTCTAC,NK cells
E2L5_TGTGCGGTCCATTTAC,Plasmacytoid dendritic cells
L5_CATGCCTGTAACAGTA,CD4+ T cells
L1_AATTTCCAGAGGCTGT,Hematopoietic stem and progenitor cells
E2L1_GGCGTCATCCTAGAGT,CD4+ T cells
E2L8_GTACAGTAGCCTGAAG,CD8+ T cells
E2L1_ACTATCTTCATTGGTG,Dendritic cells
E2L7_GAGGCAACAACGTATC,Plasma cells
L2_AGGCTGCAGAATAGTC,CD8+ T cells
L5_CTCCTTTGTCAGTTTG,Proliferating cells
L4_GGGTGAATCACAACCA,CD4+ T cells
L1_TCTTAGTAGCCTTCTC,CD4+ T cells
E2L7_GGGCCATCAAGTAGTA,Plasmacytoid dendritic cells
L4_CAACGATAGGTGCCAA,CD16+ Monocytes
E2L5_TGGGAGAAGACTCGAG,CD4+ T cells
E2L5_CTCTCAGAGTGTACCT,CD14+ Monocytes
L1_AATTCCTCACTCAGAT,Hematopoietic stem and progenitor cells
E2L5_TACGTCCTCTAATTCC,Megakaryocytes
L5_GTTACGAAGGACTTCT,NK cells
L3_ATGAGTCCAAATACGA,B cells
E2L6_CATGCTCGTATCACCA,B cells
L5_CTAGGTAAGCGAGTAC,CD4+ T cells
L4_GCTACCTAGCGGGTTA,CD4+ T cells
E2L7_TAGACCACAGGAATCG,CD14+ Monocytes
E2L3_GTTGCTCGTCTCGCGA,NK cells
E2L3_CCTATCGCATTGCTGA,CD4+ T cells
E2L5_ATCGGATCACAACATC,Plasma cells
E2L3_TCGATTTCACAGCCAC,CD4+ T cells
L3_CATGCTCTCAGGAACG,CD4+ T cells
E2L6_AGGCCACGTGGCTTAT,NK cells
E2L4_ATCGTCCAGCAAGCCA,B cells
E2L7_TGCAGTATCGTCTACC,Proliferating cells
E2L5_GTCTGTCTCACCCTTG,NK cells
E2L6_AGTGTTGCAACCGGAA,CD4+ T cells
E2L1_GCGGAAAGTGACATCT,CD8+ T cells
L5_CTCACTGTCGTGTGGC,Dendritic cells
L2_TCGGGACTCGGCTATA,Hematopoietic stem and progenitor cells
L1_GCTTGGGCATGACTCA,CD8+ T cells
E2L3_GACTCTCCATACTTTC,CD14+ Monocytes
E2L8_CACATGAAGTGGATAT,CD8+ T cells
E2L1_CGGACACAGCGTGCTC,CD4+ T cells
E2L8_GAGGCAACAGGCAATG,Proliferating cells
L3_TACGTCCGTATCCTTT,CD16+ Monocytes
L1_CGATCGGGTGATACCT,CD8+ T cells
L2_TGTAGACCACCTGCGA,CD8+ T cells
E2L1_ATGGTTGCAGCAAGAC,Dendritic cells
L2_TTGGTTTAGCGTGTTT,Plasmacytoid dendritic cells
E2L4_GGTGTTAGTGCATACT,CD8+ T cells
E2L5_CATCAAGTCTGGGCAC,CD8+ T cells
L3_CATTGCCGTATGTCCA,CD14+ Monocytes
E2L2_CGTTCTGAGATTACCC,CD8+ T cells
L1_TGTTCCGGTAGTCTTG,Dendritic cells
E2L3_ATCACTTGTTGTACGT,NK cells
E2L3_CTATCTACAGCGTGCT,NK cells
E2L1_CGTTAGACACACGTGC,T cells
L3_CTGGTCTAGGTTATAG,CD4+ T cells
E2L2_CATGCCTGTGTTTGCA,Dendritic cells
L3_AGCTTCCTCGCTTGAA,CD8+ T cells
L3_CTTCGGTTCTGAGTCA,Plasma cells
L4_CTGTAGATCAACTCTT,CD4+ T cells
E2L7_TCGCTTGAGGACAACC,Megakaryocytes
L4_TCAAGCATCTCACCCA,NK cells
L4_TCCGGGACACATATCG,Proliferating cells
L5_CAAGACTGTCAGTCGC,CD4+ T cells
E2L2_TCACTCGTCATTATCC,CD8+ T cells
E2L4_TAGCACAAGACGCATG,B cells
E2L4_TTCGGTCAGCACCAGA,CD16+ Monocytes
E2L4_TTTAGTCTCCTTCTTC,CD4+ T cells
E2L5_GAGGGTATCGTAACCA,B cells
E2L1_TAAGCGTAGCACCGAA,CD8+ T cells
E2L6_GCCCGAAAGGTTACCT,Dendritic cells
L2_AGCTCAAAGTCCCGAC,Proliferating cells
L2_CTACTATCAAGACCGA,Plasmacytoid dendritic cells
E2L2_TCGAACATCTTAAGGC,CD8+ T cells
L1_CCTAACCGTCCGGTCA,CD14+ Monocytes
L4_ACAACCATCAAAGACA,CD4+ T cells
L3_CCCTAACAGCGTGCCT,NK cells
E2L7_TGCGACGCACAGTCCG,B cells
L1_GGCACGTAGAACAGGA,Dendritic cells
E2L5_AGCTCAAAGCTATCTG,Plasmacytoid dendritic cells
E2L3_AGCGATTGTGATCATC,B cells
L2_TTAGGGTAGAGAGCGG,CD14+ Monocytes
L1_GCAGGCTCACAAATCC,Dendritic cells
E2L7_TTTACGTAGACAACAT,CD4+ T cells
L3_CCTATCGAGCTCTTCC,B cells
E2L3_GTTACGAAGCGGTAGT,CD16+ Monocytes
E2L8_GATGTTGAGACGGATC,CD4+ T cells
E2L8_ACTGTGAGTACTGACT,CD8+ T cells
E2L3_TACCCGTTCATACAGC,Proliferating cells
L4_CCACACTAGTGATGGC,Megakaryocytes
E2L3_GCATCGGCAGGGCTTC,CD4+ T cells
E2L2_TTTGATCGTTAACAGA,CD16+ Monocytes
L3_CATAGACAGCAGTACG,Dendritic cells
E2L6_CGTCAAACATAGGTTC,CD4+ T cells
E2L4_TCCATGCAGCTAGATA,CD14+ Monocytes
E2L7_CATCCCATCCATACTT,CD4+ T cells
E2L8_TTGTTTGAGTACAACA,B cells
E2L4_GGGTGAAGTACAAGTA,CD4+ T cells
L4_AACAACCTCCTGTTAT,CD16+ Monocytes
L2_GTGTTCCTCGTTATCT,CD8+ T cells
E2L4_AACGGGAGTCTTACTT,B cells
E2L6_GCCGATGAGATGGGCT,B cells
L4_ATGAGGGAGTATAGAC,CD8+ T cells
L1_TATCTGTGTGACTGTT,CD4+ T cells
E2L2_CGGAGAAGTCATCAGT,T cells
E2L4_CCCAACTTCTGTTGGA,CD16+ Monocytes
L4_TCATGGAGTCCGCAGT,Plasma cells
L5_CACGGGTAGTCCCTAA,Plasmacytoid dendritic cells
E2L1_CGCATAAAGTAGACCG,CD8+ T cells
L2_ACAGGGAGTATTGGCT,CD4+ T cells
L3_AGTAGTCTCGATGGAG,CD4+ T cells
E2L5_AGTGATCTCAAACGTC,Plasma cells
E2L8_TTCAGGAAGGCCCACT,CD4+ T cells
E2L8_GAACACTTCTAGCCTC,Dendritic cells
L4_CTCAACCGTACAGAAT,CD4+ T cells
E2L5_ACCCAAAGTTAGCGGA,Dendritic cells
E2L3_GCTGCAGAGCCTGAGA,CD8+ T cells
E2L8_GTGTTAGTCCCTCGAT,B cells
L3_TGCATGAGTGGATCGA,CD16+ Monocytes
E2L2_GCCATGGGTCCCAAAT,NK cells
L3_TTGTTTGTCTCTCGCA,CD4+ T cells
L1_TGGTTAGGTACGTAGG,CD4+ T cells
L3_TCGAAGTTCTGTCTCG,CD8+ T cells
E2L2_CCACCATAGTACGAGC,CD8+ T cells
L5_ATTCACTTCCTACGGG,Hematopoietic stem and progenitor cells
E2L1_GTCAGCGAGCACTAAA,CD4+ T cells
E2L5_ACAGAAAGTAACAGTA,NK cells
E2L6_GACCCAGTCATTTGCT,Dendritic cells
E2L5_TTCGATTGTCTGATAC,Hematopoietic stem and progenitor cells
E2L1_GTCAAACCAGATTTCG,T cells
E2L4_TGAGCATTCTTTGCTA,CD4+ T cells
L3_GGTAATCGTTATAGAG,CD4+ T cells
L1_TGTTCATTCACACCCT,CD4+ T cells
E2L4_TTAGTCTGTTCACCGG,Dendritic cells
E2L6_ACAGCCGAGTCACTCA,Megakaryocytes
L2_CGTGTCTAGAAATGGG,CD14+ Monocytes
L2_GAAATGACAGGTTCGC,CD8+ T cells
L2_TTGCCTGTCGCACGGT,CD4+ T cells
E2L5_TACTTCAGTTAGGCTT,CD4+ T cells
L5_CAACCTCCACCTGTCT,Dendritic cells
L1_TGCGGGTCATCCAATG,CD8+ T cells
L4_AAAGGTAAGGAACGCT,Proliferating cells
L3_AGGAAATTCTACGCGG,NK cells
E2L5_TGAGTCATCCCGAGAC,Megakaryocytes
E2L8_GTAATGCTCGCCAATA,Dendritic cells
L4_AGAGCCCAGTGTCATC,CD4+ T cells
E2L2_TGCTCGTAGATGAACT,Megakaryocytes
E2L8_CCTTGTGTCACTCACC,Dendritic cells
L2_CACGTGGGTCCTCATC,B cells
L2_CTGGCAGGTGCATCTA,Proliferating cells
L3_TTACGTTGTTGTGGCC,CD4+ T cells
L5_GGTAACTTCGCAATTG,CD8+ T cells
L3_ATCCGTCCAAAGGCAC,Plasma cells
E2L6_GATGGAGAGACGATAT,Dendritic cells
L1_GACTCTCAGACTCCGC,B cells
E2L8_GTAACCATCTGAATCG,B cells
L5_AGGAAATAGACCACGA,CD4+ T cells
L2_ATAGGCTCAAGTATAG,Hematopoietic stem and progenitor cells
L4_TTGTTGTCACAGACGA,NK cells
E2L1_TTGACCCCAGGAATCG,CD4+ T cells
E2L6_AGGCTGCTCATCTATC,B cells
L1_TGTGGCGTCGAAGCCC,CD4+ T cells
E2L3_AGATCCATCCCGAGGT,T cells
L4_GTGCAGCAGCGCCTTG,CD8+ T cells
E2L6_ACCGTTCTCCTAGCGG,CD8+ T cells
L3_GTGCTGGGTAATCAGA,CD4+ T cells
E2L1_GCCAGCAAGAGGCCAT,CD4+ T cells
L2_AAAGGGCAGCAATAGT,CD4+ T cells
L5_GTTTGGAAGGTCGACA,CD8+ T cells
L1_TTGACCCAGATGGTAT,Dendritic cells
L5_CTGTATTGTTTCTTAC,CD8+ T cells
L1_ATTTCTGGTAGCGTAG,CD4+ T cells
L4_ACTTCCGAGCCTAGGA,Proliferating cells
E2L7_TCCTTCTCACAGTATC,Plasmacytoid dendritic cells
E2L2_CTGTAGATCTTGAACG,B cells
E2L1_ATCACTTGTATCTTCT,CD4+ T cells
E2L2_GGCACGTCAGAGAATT,B cells
E2L5_GCGAGAATCCTGTTGC,CD8+ T cells
L1_TCGACCTCACTCTGCT,CD4+ T cells
E2L2_CGGACACAGTAGACAT,NK cells
E2L2_AGATAGATCCCATTCG,B cells
L2_GGATGTTAGTATGTAG,CD4+ T cells
L3_AGTGATCGTGTACAGG,CD8+ T cells
E2L2_GCCAACGTCGAGTGAG,CD4+ T cells
L2_ATGGGAGGTGACACAG,NK cells
L4_GTGCAGCCAGCATTGT,CD4+ T cells
E2L5_GGGCGTTCAGACAATA,CD14+ Monocytes
L4_CTCCTTTCATTGGATC,CD4+ T cells
L3_TGGAGAGCACCAACAT,B cells
L5_TGTACAGTCCTGGTCT,Hematopoietic stem and progenitor cells
L4_GTTATGGCAAGACGGT,CD4+ T cells
L1_CACAGATCATGGCACC,CD4+ T cells
L2_GCAACATTCAGCGGAA,CD4+ T cells
L4_AGTACTGTCTTGATTC,CD4+ T cells
E2L6_TGTTCCGCACCGGCTA,Dendritic cells
L3_TTGGATGGTCGTGGAA,CD4+ T cells
L1_AGGTGTTAGCCTATCA,Proliferating cells
E2L8_TGTAAGCCATGGAATA,Dendritic cells
E2L7_GTTCTATTCAGATGCT,CD8+ T cells
E2L3_TTGCCTGGTTCCTAAG,CD4+ T cells
L3_CCTCATGTCCACATAG,CD4+ T cells
L3_GTGGCGTAGCTGAGCA,Proliferating cells
L5_ATTACTCCACTACTTT,Hematopoietic stem and progenitor cells
L1_GCCGATGTCGATTGGT,CD4+ T cells
E2L8_GTTCCGTTCGACCTAA,B cells
L5_CGTAAGTCAGTATTCG,NK cells
E2L3_ATGAAAGCAGCAGGAT,Proliferating cells
E2L8_GAATAGATCCGAGGCT,B cells
E2L8_TGGCGTGAGGACGCAT,CD4+ T cells
E2L5_CCTAACCCAGGGAATC,Megakaryocytes
L5_CCCAACTTCACCGGGT,NK cells
E2L2_ACTGATGGTTAGTTCG,Proliferating cells
L5_CTACAGAAGGATATGT,CD4+ T cells
L4_GACAGCCGTGATAGAT,CD4+ T cells
E2L6_AACCTGAGTCTCCTGT,CD16+ Monocytes
E2L6_ATGATCGAGAACAAGG,CD16+ Monocytes
E2L5_TCTCCGACAGAGCCCT,CD4+ T cells
L5_CTAGGTATCTACCTTA,CD8+ T cells
L3_TGTGAGTCATCACGGC,CD4+ T cells
E2L3_GTGGAAGAGTCCTGTA,CD14+ Monocytes
L1_TCCTGCAAGACGGTCA,CD14+ Monocytes
L1_ACCGTTCGTTGTTGAC,CD8+ T cells
E2L1_AGAGCAGTCGACGACC,CD4+ T cells
L4_TGACAGTTCTTCGTGC,CD8+ T cells
E2L4_CCTTTGGGTCGGCACT,CD8+ T cells
E2L3_GCACGGTGTAGTCGTT,CD8+ T cells
E2L4_TGTCCTGGTCGTCGGT,B cells
L3_GACCCAGCATCCCACT,Plasmacytoid dendritic cells
L2_TCACACCCAGTTAAAG,CD4+ T cells
E2L7_CCTAAGAGTCAACCTA,Plasmacytoid dendritic cells
L2_TGTACAGGTCTTACTT,Dendritic cells
E2L8_GCTACAATCTCTGCCA,CD4+ T cells
L5_AAGACAATCCGGTAGC,CD4+ T cells
L2_AGCCACGAGACATACA,Proliferating cells
E2L3_GGTGTCGTCTGAGAGG,CD8+ T cells
E2L3_AGGATCTTCTCATGCC,B cells
L4_TTGGGATCACTAGAGG,CD4+ T cells
E2L3_CCGTAGGAGCCACTCG,CD4+ T cells
L4_AAAGGATAGCCGAACA,Plasmacytoid dendritic cells
L3_ACCACAATCCTACGAA,B cells
L3_TGCTGAATCCGCAGTG,NK cells
L4_ACTCTCGTCCGATGTA,CD4+ T cells
E2L2_TCTCCGAGTACGTACT,CD8+ T cells
L2_TTACGTTGTGATTCAC,CD14+ Monocytes
L1_AAAGTCCTCCAACCGG,CD4+ T cells
E2L2_TCACTATGTGATGAAT,CD4+ T cells
L1_CGGGCATAGACTACCT,CD4+ T cells
L2_CAGTGCGGTAGATTGA,CD4+ T cells
L5_CAGGCCAGTCCCGCAA,CD4+ T cells
L4_GTGCTTCGTTGTTGAC,Hematopoietic stem and progenitor cells
E2L4_GTTACAGTCGCGAAGA,Proliferating cells
E2L7_GTTTGGAGTGATGGCA,B cells
L2_GACATCAAGCATCAGG,CD4+ T cells
E2L1_CATCCACGTCCGGACT,CD16+ Monocytes
E2L1_TCCAGAAAGGCATCAG,Proliferating cells
E2L5_CAGATCACAAAGGGCT,Megakaryocytes
E2L1_TTGACCCTCAACTTTC,CD8+ T cells
E2L5_CGGAACCTCAATCTTC,CD4+ T cells
L1_CGGGCATGTAATGTGA,CD8+ T cells
E2L1_AACCACATCTATGTGG,NK cells
E2L4_TGACTCCCATAGGAGC,CD4+ T cells
L4_AACCTGACACTCCGGA,NK cells
L3_GACGCTGCAGAGATTA,Hematopoietic stem and progenitor cells
E2L7_CGCAGGTGTAAGGCCA,B cells
E2L8_CATTCTAGTGTCCTAA,Plasma cells
E2L7_AGTCATGGTGTCCAAT,CD16+ Monocytes
L2_TATATCCTCTGGACTA,CD4+ T cells
E2L8_ATGATCGTCTTACCAT,CD4+ T cells
E2L2_TCATTGTGTTCCCACT,CD8+ T cells
E2L1_ATGGGAGCATGACACT,CD8+ T cells
E2L2_ATCAGGTAGGGTGGGA,CD4+ T cells
E2L7_GTTGTGAAGTAACGAT,Plasma cells
L3_GGAGATGTCTCGGGAC,CD4+ T cells
E2L5_GATGTTGGTAGAATGT,Hematopoietic stem and progenitor cells
E2L1_AGGATCTAGAACAGGA,B cells
L1_TCAAGACGTTACGGAG,CD16+ Monocytes
L4_CGGGTGTCACGGCTAC,Plasmacytoid dendritic cells
E2L5_AAAGGATTCGGTGTAT,CD4+ T cells
L3_CGTTCTGGTAGCGTCC,CD8+ T cells
L5_ATCGGCGAGAGAGTGA,CD4+ T cells
E2L2_AGTCACACATAGAGGC,B cells
L2_GTAGAGGCACCGAATT,Hematopoietic stem and progenitor cells
E2L6_AGGGCTCAGCTGACAG,CD4+ T cells
L2_GGGAAGTTCCATTTCA,CD4+ T cells
L3_CATCGCTCATTCACAG,CD4+ T cells
L1_TAGAGTCCACATGGTT,B cells
L5_TACAACGCAACGTAAA,CD4+ T cells
L1_GTTCTATCAGCGAGTA,CD8+ T cells
E2L2_TCATTCAGTGGAAATT,CD8+ T cells
L1_GGTGTCGGTTAAGAAC,B cells
E2L1_ACGGTTATCCGTGTAA,B cells
E2L4_CTCATCGAGATTTGCC,CD8+ T cells
E2L1_TGGAGAGGTCCGGCAT,CD4+ T cells
E2L6_TCCTTCTCATTGGGAG,B cells
E2L2_CATGGTAAGTCTAGAA,CD4+ T cells
E2L1_CATCAAGAGGGCAGGA,CD16+ Monocytes
E2L6_CATACCCCAGAGTTGG,CD4+ T cells
E2L5_AACACACGTCTAGATC,Dendritic cells
L1_TGACTCCCAGCTCTGG,CD14+ Monocytes
L3_GATCGTAAGGTTGACG,CD8+ T cells
E2L6_CAATTTCTCTGGGCCA,CD4+ T cells
L2_GCAGTTATCTAACGCA,CD4+ T cells
L1_TTGCTGCAGCCTCTGG,CD4+ T cells
L3_TTGATGGTCAAACCCA,Dendritic cells
E2L6_GATCATGGTCAGACTT,NK cells
E2L4_GCTCAAACATGTGGCC,CD8+ T cells
E2L3_CTTCTAATCCGTACGG,CD14+ Monocytes
L4_TTCACGCGTTACAGCT,B cells
L3_AGAACCTAGCCTGTCG,CD4+ T cells
E2L3_TCGGTCTCAATGAACA,CD14+ Monocytes
L5_CATCAAGCAGCGCTTG,CD4+ T cells
E2L3_CATAAGCCACGAAAGC,Dendritic cells
L1_CCGGACAGTTTCGATG,CD4+ T cells
L2_TACCTCGTCCGTTGGG,CD4+ T cells
L2_TACCGAAGTGTTGATC,Plasma cells
L5_AAGACAAGTGGACTGA,B cells
E2L4_CTGAATGAGGCGTTAG,CD4+ T cells
L1_TCGTGCTAGATTGCGG,NK cells
L4_ACGTTCCTCAAAGCCT,Hematopoietic stem and progenitor cells
E2L3_CAACCAAAGCTTCATG,CD14+ Monocytes
L1_TCTGGCTAGACCGCCT,CD4+ T cells
L5_GGGAAGTCAGGGCTTC,CD4+ T cells
L5_TTATTGCTCCTGGGAC,Megakaryocytes
L4_ACACGCGAGTCGTCTA,CD8+ T cells
E2L8_GACCGTGCAACTCATG,NK cells
E2L6_CTACCTGGTCGGATTT,B cells
E2L5_GCATCTCTCGAAGCAG,CD4+ T cells
L1_GATTGGTTCGCCTTGT,Plasmacytoid dendritic cells
L2_ACTGCAATCTACGCGG,Proliferating cells
E2L8_ATGAAAGTCCATTGGA,CD4+ T cells
L1_AACTTCTCAGAGGCTA,CD4+ T cells
E2L6_CCGTTCAAGGCATGGT,CD14+ Monocytes
E2L2_GTTGCGGTCTACTCAT,CD8+ T cells
L4_TTACTGTCACTCAGAT,CD16+ Monocytes
E2L4_GTCGCGACAGAAGTTA,B cells
L5_GGAAGTGAGTCCGCGT,CD4+ T cells
L5_TCTACCGCAACTAGAA,Dendritic cells
E2L6_GGCTTTCTCAAATGCC,CD4+ T cells
L3_TACAGGTTCCTGGGTG,CD4+ T cells
E2L5_CAGATCAAGAGTGTGC,CD4+ T cells
L5_CTCAGAAGTCTTAGTG,CD8+ T cells
E2L8_AATCACGTCTCATGCC,CD8+ T cells
E2L5_TTCCTTCCACTTGGCG,Megakaryocytes
L3_GTACAACAGTCACTCA,NK cells
E2L7_TGCGACGTCAAATGAG,CD4+ T cells
E2L7_CTCAATTGTATGGGAC,Hematopoietic stem and progenitor cells
E2L5_TCTCACGAGCTTAAGA,CD4+ T cells
E2L7_GCTACAACATGGGCAA,CD8+ T cells
L5_CTAAGTGAGCATGATA,CD4+ T cells
E2L4_TGGGATTTCCAGTTCC,CD4+ T cells
L2_TTCGATTTCCACGGAC,CD4+ T cells
L1_AGGCCACTCAATCTCT,Hematopoietic stem and progenitor cells
L4_CCGTAGGAGGGAGGGT,CD8+ T cells
E2L5_TCCATCGCATGCCGGT,CD8+ T cells
E2L1_AGACCCGGTTGTGCAT,Proliferating cells
L2_CTCCATGCAATTGTGC,Megakaryocytes
E2L3_CCACGTTAGGCATTTC,B cells
E2L2_ATTCAGGTCCTCGCAT,Megakaryocytes
E2L6_GGTGATTTCTTCGGAA,NK cells
E2L4_GGGATGAGTGAGCGAT,Dendritic cells
E2L6_TACACCCGTTTCGGCG,B cells
E2L1_GTCACTCGTGCGTTTA,CD4+ T cells
E2L2_TGCTTGCGTCGAGATG,Dendritic cells
L1_GAAACCTAGCAGCGAT,CD4+ T cells
L4_CACCAAACAGGCACTC,CD4+ T cells
L5_ATCGTGAGTCGAATTC,Proliferating cells
E2L5_TCTACCGGTTCTCCTG,Dendritic cells
E2L2_GTAGGAGCATGGGTCC,Plasmacytoid dendritic cells
E2L4_ATCCACCAGAAGTCTA,B cells
E2L6_GAGTTTGTCTGAGAAA,Plasma cells
E2L3_GAATAGAGTGGGCTCT,CD16+ Monocytes
E2L8_TGCTTGCTCATTGAGC,CD14+ Monocytes
E2L2_GGAACCCCAAGGTCAG,CD4+ T cells
E2L4_TCCCAGTCACAGTCAT,Proliferating cells
L3_CTCTCAGGTACCCGCA,Plasmacytoid dendritic cells
L5_GTGATGTCACTTGGGC,CD4+ T cells
L4_ACGGTCGAGGAACATT,CD8+ T cells
E2L5_GCCGATGCATGTCTAG,CD4+ T cells
E2L4_GATCCCTAGAGCAGTC,Megakaryocytes
E2L4_AATTTCCGTTGATCGT,Dendritic cells
E2L2_CACTGAAAGAGGATGA,NK cells
E2L7_GTGTTAGCACGTTCGG,CD4+ T cells
L1_GTTTACTAGTGGTGGT,Plasmacytoid dendritic cells
E2L6_GTGCTGGTCAATGCAC,Plasma cells
E2L1_CTGAATGAGCGGGTTA,Megakaryocytes
E2L4_TCGCTCATCGGCATCG,CD4+ T cells
E2L8_CTGAGGCAGCGTATGG,B cells
E2L7_GGTGATTAGAGTAACT,CD4+ T cells
L5_GCCGTGAGTTTCAGAC,CD4+ T cells
L2_CACTGAAAGGTACAAT,CD16+ Monocytes
L4_AACAAAGGTACGAAAT,Plasmacytoid dendritic cells
E2L6_AGTGACTAGCGTTCCG,CD8+ T cells
E2L6_AAACGCTCATAATGCC,CD8+ T cells
E2L1_GAACTGTCAAGCCATT,Proliferating cells
E2L5_CCGTAGGCAGTTCCAA,B cells
E2L8_GCACGTGCACAACGAG,Megakaryocytes
L5_TTACCATTCTTACCGC,CD4+ T cells
L2_TTCATGTTCGCGTTTC,Dendritic cells
L4_GCAGTTAAGGCTTTCA,Plasma cells
E2L3_ATCGCCTAGTGGATTA,B cells
E2L4_CACTGGGAGTGCGTCC,CD4+ T cells
L3_ATGAGGGGTTTGATCG,NK cells
E2L6_TCTCACGAGAACCGCA,CD8+ T cells
L1_CGAATTGTCGTTCTCG,Plasmacytoid dendritic cells
E2L8_GTCATTTCACAGTATC,T cells
L1_TCTTAGTGTCACTTCC,Hematopoietic stem and progenitor cells
L2_TCATGTTGTCTAGTGT,Hematopoietic stem and progenitor cells
E2L3_CTATCCGGTACCGTGC,Proliferating cells
L5_TCAAGCAGTGCATCTA,CD4+ T cells
L1_GTCTTTAAGGACAGTC,B cells
E2L4_ACAGCCGGTACTCCCT,B cells
E2L7_AGCCAATAGACGTCCC,B cells
E2L6_TGTGATGCACAACGTT,NK cells
E2L6_TTGGGTATCATGGAGG,CD4+ T cells
E2L2_GGAACCCGTATGTCTG,Proliferating cells
L2_ATCCTATTCCCTATTA,Proliferating cells
L3_CTTCGGTGTACGACAG,CD4+ T cells
E2L7_TCAAGCATCATTTCGT,CD8+ T cells
E2L1_CCGTTCATCTACCACC,CD14+ Monocytes
E2L7_GGAGGTACAATGAGCG,Plasmacytoid dendritic cells
L2_CCTCAGTGTCCCTAAA,Proliferating cells
E2L2_CCCTCTCCAGTTACCA,CD16+ Monocytes
E2L7_GTTAGTGTCTACTGCC,CD4+ T cells
E2L8_GGCTGTGCATAAGCAA,CD4+ T cells
L5_ATGCCTCTCGATTTCT,B cells
E2L6_GGTGTTAAGCAACTTC,Dendritic cells
E2L1_AGCATCATCGATGGAG,CD4+ T cells
L1_TCACATTTCTCGTCGT,CD4+ T cells
E2L6_TGCTTCGCACGACGAA,B cells
E2L5_GGGTTTACAGGGTCTC,CD4+ T cells
L1_GGGAGATGTTGGGCCT,CD4+ T cells
E2L7_TGCGGGTGTTTGGCTA,CD4+ T cells
E2L4_ATGCATGCAGCTTCCT,CD16+ Monocytes
E2L4_TGTTCATGTCCGAAGA,CD4+ T cells
E2L1_CTGGCAGCACAGTCAT,B cells
E2L2_CAAGCTATCCGTGCGA,CD4+ T cells
E2L8_TTGTTGTTCTCTGCCA,CD16+ Monocytes
E2L6_TTTCAGTTCCCGGTAG,B cells
E2L1_GGTTCTCAGGTATAGT,Megakaryocytes
L1_GGTAGAGAGCACCGAA,CD4+ T cells
L1_TGAGGTTGTCGAGCAA,Hematopoietic stem and progenitor cells
E2L7_TAGAGTCCACTAGGCC,CD14+ Monocytes
E2L1_CCAATTTCAAGAGATT,B cells
E2L6_CCAAGCGCACCTGCGA,Dendritic cells
L2_CGGAGAATCTTAAGGC,CD8+ T cells
E2L2_ATTCATCCAAGGCCTC,Proliferating cells
E2L3_CCGGTGATCCTTGACC,CD8+ T cells
E2L7_TGAGGGAAGCGAGGAG,CD8+ T cells
E2L2_TAGTGCACACGTGTGC,NK cells
L2_ACCTGAACAACTAGAA,NK cells
L5_AAAGAACCAGTGTGGA,T cells
E2L1_AGCCAGCAGCTGCCTG,CD4+ T cells
L2_ATTACCTCAGCTACCG,CD4+ T cells
L5_AACCTGAAGGATTTGA,CD4+ T cells
L1_GGGAAGTAGGTCGTAG,CD4+ T cells
E2L6_CAAGACTAGTGCGCTC,CD4+ T cells
E2L1_GCTGCAGTCAAAGGAT,NK cells
L5_TGCGACGCAAGCGCAA,CD4+ T cells
L1_CGGAACCTCCATACTT,NK cells
L5_GCAGCTGCAGCTTCCT,B cells
L4_AAGACAACACAGACGA,Dendritic cells
E2L4_AGGACGACACGACTAT,CD8+ T cells
L2_GTTGAACCAAGTGCTT,NK cells
L4_TCACTCGTCATACAGC,CD4+ T cells
L5_AGAAGCGGTAGAATAC,NK cells
L1_GTTGAACAGCGTCTGC,Hematopoietic stem and progenitor cells
L2_GGGTCACAGGAAGTCC,Hematopoietic stem and progenitor cells
E2L1_TCGCAGGAGCGACTTT,CD8+ T cells
L1_ACGGTCGTCTCGTGAA,CD14+ Monocytes
E2L1_TCGACGGGTATGATCC,CD4+ T cells
E2L5_ACCTACCAGTGAATAC,CD8+ T cells
L2_TAAGCCATCGGTGAAG,CD16+ Monocytes
L2_CCCTAACTCTCTTAAC,B cells
E2L1_TGGATGTGTTATAGCC,CD8+ T cells
L1_GTAGAGGAGGACACTG,Hematopoietic stem and progenitor cells
L4_GGGCGTTCAAATACGA,Plasma cells
E2L2_TGATTCTGTGACTGTT,Proliferating cells
E2L5_TGTGGCGGTAATGATG,CD8+ T cells
E2L5_CGAGAAGGTTGACTGT,Plasmacytoid dendritic cells
E2L5_GCTACCTTCCTTCACG,Proliferating cells
L3_TGACAGTCATCAGCTA,CD4+ T cells
L2_TCTTAGTAGGCTTAAA,CD16+ Monocytes
E2L5_AGAGAGCCAGAGATTA,CD8+ T cells
E2L6_TTCGCTGGTCATTCCC,Megakaryocytes
L3_TGTAACGGTACGGGAT,CD4+ T cells
L2_CTGCCTATCACGATCA,CD16+ Monocytes
E2L6_CGAATTGCATTCTGTT,Dendritic cells
E2L4_AACCCAAGTCTTCTAT,Proliferating cells
E2L7_TACTTACAGATGCCGA,Dendritic cells
L2_TTTGGTTCATCATGAC,B cells
L5_GGAGCAACATCGAGCC,CD4+ T cells
L1_ATACCGACAACGAGGT,CD4+ T cells
L3_GAGTGAGGTAATGATG,Proliferating cells
L1_CAACCTCGTCGAGTGA,B cells
E2L4_TACCTCGGTACCTAAC,CD4+ T cells
E2L4_GGGAAGTAGTCATTGC,CD14+ Monocytes
L1_ATTCACTAGACCTTTG,CD4+ T cells
L2_TGCTCGTAGCACTCCG,CD4+ T cells
E2L2_CTTCGGTAGGGTGAAA,CD8+ T cells
L3_GTGCAGCTCGGCCCAA,Plasmacytoid dendritic cells
E2L3_AACCAACGTACAGGTG,NK cells
E2L4_CCCTCAACAAGCCTGC,B cells
L5_TGATTTCAGTCTGTAC,CD4+ T cells
L1_TTCTTGACAATAACGA,CD14+ Monocytes
L1_AGTAGTCAGTTGTCAC,CD8+ T cells
E2L1_ACTTAGGGTTGTCTAG,CD16+ Monocytes
L5_CACTGAACATGTTCGA,CD8+ T cells
L4_CAGCCAGCAGAAATTG,CD16+ Monocytes
L5_TTCTAGTGTGCTCTCT,CD4+ T cells
E2L2_TTGCATTTCCGGTAAT,Proliferating cells
L3_TCTTCCTAGACGGTCA,CD8+ T cells
L5_GGTAACTGTAACGATA,Proliferating cells
L5_GAGTTGTCAAGGCCTC,CD4+ T cells
E2L5_CACACAATCATATGGC,NK cells
L4_GTCGCGACAGAGACTG,B cells
E2L5_CAGGCCACAAGTGTCT,CD14+ Monocytes
E2L2_ATGGGAGGTATGGAAT,CD4+ T cells
E2L3_CAACGGCAGTAATACG,NK cells
E2L5_TAAGCACCATTCGGGC,B cells
L3_GTCATTTAGTAGAGTT,CD4+ T cells
E2L3_GAAGGACAGCCACCGT,Dendritic cells
E2L6_CTCCCAACACACTTAG,CD8+ T cells
E2L8_GAAACCTAGCTAATCC,B cells
L1_TCAGTGAGTCTTCCGT,Proliferating cells
E2L3_CTATCTATCGCAACAT,CD8+ T cells
E2L3_TGAGGAGTCCGTGGGT,Plasmacytoid dendritic cells
E2L6_CGGGCATTCGCATAGT,NK cells
E2L8_TCCTCCCGTAGCTTGT,B cells
E2L8_TCAGTCCCAACCCGCA,B cells
L1_GAGATGGTCGTAACCA,CD8+ T cells
E2L7_GACCAATAGACTCAAA,T cells
E2L3_TTCTAGTCAACCACGC,T cells
L2_ATCGGATGTAGACGGT,CD4+ T cells
E2L6_ACTATTCGTTGCTGAT,CD8+ T cells
L2_GAAGCCCGTCTGCAAT,CD4+ T cells
E2L8_CTCCATGAGGCTTAAA,B cells
L4_ACGCACGAGCGTGAGT,Dendritic cells
E2L3_ACTGATGAGGATACGC,B cells
E2L4_AGGAATACAAGTATCC,Plasma cells
E2L6_CTGCTCAAGCTCTATG,Dendritic cells
E2L2_GTTAGACGTTATGACC,CD4+ T cells
E2L1_GTCCTCAAGTCCTGTA,NK cells
L2_GACTCTCTCCACAAGT,CD8+ T cells
E2L7_TGTACAGAGAGCGACT,CD8+ T cells
L4_GTAGAGGAGATTCGCT,B cells
E2L6_TCAATCTAGGTCTTTG,T cells
E2L8_TGAGGGACAATACAGA,CD8+ T cells
L3_GATCAGTCAGTGTATC,Plasmacytoid dendritic cells
L1_TGGCGTGGTCCCACGA,CD14+ Monocytes
E2L6_TAAGCGTCACTCCTGT,CD4+ T cells
L5_CAGCCAGCATAATCCG,CD4+ T cells
E2L1_GTGGAAGAGGATATAC,Megakaryocytes
L1_CTAGGTATCGCCGAGT,CD8+ T cells
E2L3_CAGCAATTCGTAGGAG,CD8+ T cells
L2_CTACTATGTGATCATC,NK cells
L2_TTCACGCTCCACACAA,CD8+ T cells
E2L1_GCAGCCAAGACTCTTG,NK cells
E2L5_ACTTATCAGCTCTGTA,CD8+ T cells
L2_CACGTTCCATCCGGTG,CD8+ T cells
L4_CGAAGGACAAAGCACG,B cells
L1_AATGAAGTCGCAATTG,CD4+ T cells
L2_GGTTCTCTCCGCCTAT,B cells
L5_GTGTGATAGAAATTGC,CD4+ T cells
L5_AAACCCATCTTGGATG,Dendritic cells
L1_CGTGATACACGACAGA,Dendritic cells
L2_TTGTGGATCTCCAATT,CD4+ T cells
E2L1_ACTATGGTCTGATGGT,CD4+ T cells
L5_CATTCCGGTGAGATTA,CD8+ T cells
L5_TGTCCACGTTCTCTAT,B cells
E2L4_CTAGACAGTACTGGGA,B cells
E2L1_GGTAGAGTCCCATAAG,CD8+ T cells
L4_AAGCGTTGTAGCGTCC,Dendritic cells
L1_CACCAAAGTCAAAGAT,CD4+ T cells
L1_TCAAGCATCGTAGTGT,CD4+ T cells
L2_CTGCATCCAAGACCTT,CD14+ Monocytes
E2L6_CCGTGAGTCATCGCCT,CD8+ T cells
E2L8_CTGAGGCAGATTAGTG,NK cells
L4_GAGCCTGGTCTAGGTT,CD4+ T cells
L1_CGTAGTACAACGGCTC,CD8+ T cells
L4_GCAGGCTGTGCCGTAC,CD4+ T cells
L4_GTGAGGACAGTTAGAA,CD4+ T cells
E2L5_TCCCAGTCAAGACCTT,CD8+ T cells
E2L8_TCTGGCTCACAGAGCA,Dendritic cells
L1_TGTAAGCCAGCTACTA,CD4+ T cells
L2_TGTAACGGTGAAGCTG,NK cells
E2L3_TCCTAATCAACAAGAT,CD4+ T cells
E2L8_AAGGTAATCATTTGGG,CD4+ T cells
L2_CTCCCTCGTCCAAGAG,Plasma cells
L4_AGCGATTTCACGTCCT,B cells
L2_AATGGCTGTCGAATGG,B cells
E2L6_CTGCATCTCCGGACTG,B cells
E2L6_TGTAGACGTTCCGCTT,CD8+ T cells
E2L6_AACCATGAGGACATCG,CD8+ T cells
E2L1_TCAGCAACATGTCAGT,B cells
L4_GATGTTGTCGTTGTTT,CD4+ T cells
E2L6_CATGGTAAGTCGAAGC,T cells
E2L8_GTTACCCCAGAACCGA,CD4+ T cells
L5_GGATCTAAGTTCGCAT,Plasmacytoid dendritic cells
E2L2_GACTTCCTCGTTGTTT,B cells
E2L2_CAGAGCCCATGGGATG,NK cells
E2L2_GAAGCGACAATCTCTT,Proliferating cells
L4_ACGGTTATCAATCCAG,CD4+ T cells
E2L2_CTCTGGTGTCTCGCGA,CD8+ T cells
L5_CTCCCTCAGGAATCGC,NK cells
E2L5_TACCGGGAGGTCACTT,CD8+ T cells
E2L1_GGAGATGGTACCATAC,B cells
E2L8_GTCAAACTCGAGAAAT,Plasmacytoid dendritic cells
E2L7_GAGATGGAGTGCACCC,CD8+ T cells
L1_GACCAATTCTCGGCTT,NK cells
L4_TTGGGCGCATGATAGA,CD4+ T cells
E2L1_GCCCAGATCGTGCTCT,Proliferating cells
L2_GACTCTCGTCCGCAGT,CD4+ T cells
E2L1_TTCCGGTCATGAATAG,CD16+ Monocytes
L1_AAGTACCGTGAGGAAA,Plasma cells
E2L2_CGTGAATAGTCACTCA,Plasma cells
E2L6_GGGACTCTCCAGTGTA,CD8+ T cells
E2L3_TTTCGATGTGGCGTAA,NK cells
E2L3_GTGAGTTCAGTTGTTG,CD4+ T cells
L3_AGGGCTCTCCGTGCGA,B cells
L1_CTGGACGGTGACTATC,B cells
L1_TGGTACACATGACACT,CD4+ T cells
E2L6_CCCGGAATCCTACCGT,CD4+ T cells
E2L1_TCGACGGGTGCCGAAA,Hematopoietic stem and progenitor cells
L3_AGGCTGCTCCAGCAAT,B cells
E2L2_TGTTCCGCAAAGAACT,CD4+ T cells
E2L2_AAGCGTTGTAACATGA,CD8+ T cells
E2L7_TGGGAGACAGAACTTC,CD4+ T cells
E2L6_CTTACCGTCTCAGTCC,Proliferating cells
L1_TTGACCCAGATTGCGG,CD4+ T cells
E2L8_AATAGAGCAATTCTTC,B cells
E2L7_ATACCGACAACTTGCA,CD8+ T cells
E2L7_ACTGCAATCAGGCGAA,Proliferating cells
E2L1_ACATGCAAGACGCAGT,Plasmacytoid dendritic cells
L3_GGGTAGAGTTGTAGCT,Plasmacytoid dendritic cells
E2L1_GACTTCCGTCCATACA,CD14+ Monocytes
L1_CTAGACACAACTTGCA,Hematopoietic stem and progenitor cells
E2L8_AAGACTCTCGCTCATC,Dendritic cells
E2L5_GTAATCGCATGATGCT,CD8+ T cells
E2L8_CTATAGGTCCTTCTAA,CD16+ Monocytes
L1_GGAATGGCATACCAGT,CD8+ T cells
L2_TTCCGGTGTACTCGTA,CD14+ Monocytes
L2_ACGATCAAGTGAGCCA,Hematopoietic stem and progenitor cells
L5_ACTTATCAGAAGCGAA,CD4+ T cells
L3_TGTAACGTCCTAAACG,CD8+ T cells
E2L4_TCGCTTGTCTGGGCCA,Megakaryocytes
E2L4_GAGTGAGCATCTTAGG,CD16+ Monocytes
L2_GTCATCCGTGGCGCTT,Hematopoietic stem and progenitor cells
L2_CATAGACTCCAGCTCT,CD8+ T cells
E2L5_GGCGTCACAGTCTTCC,CD8+ T cells
E2L6_TCCCACAAGCCATTTG,NK cells
L2_CCGGTGAGTGCTGTCG,B cells
L4_ATCGTGACAAGCCTGC,Dendritic cells
E2L8_TCCCACAAGGGTGGGA,Proliferating cells
E2L6_ATCGGCGCAGTTCACA,Dendritic cells
E2L2_AGAACCTGTTATCTGG,Plasmacytoid dendritic cells
L5_CCCTGATAGAGAGTGA,CD8+ T cells
E2L2_TCAGTTTCACAGCCTG,CD8+ T cells
E2L6_CCTGTTGGTTAGGAGC,B cells
E2L8_CTACAGAGTGGATTTC,Plasma cells
E2L5_ATCCTATAGGCTGGAT,NK cells
L5_CTACGGGCACGACGAA,B cells
E2L6_AGGGTGAGTGATATAG,CD16+ Monocytes
E2L3_CATCGTCCATTCACCC,CD4+ T cells
E2L8_TCTACCGCAAGAGCTG,Plasma cells
L5_GTATTGGCAGACTCTA,CD4+ T cells
E2L1_TGTTCATTCCACTTCG,CD8+ T cells
E2L7_CAGCCAGGTATTCCGA,Plasmacytoid dendritic cells
E2L7_CCTACGTCAACACTAC,B cells
L5_CGGAGAACATCTCAAG,CD4+ T cells
E2L3_AAAGTGAGTGACCTGC,B cells
E2L6_CGTTGGGGTATATGGA,CD4+ T cells
L5_GTGTTCCAGAAACACT,CD8+ T cells
E2L5_AACGAAAGTTCTCTCG,CD4+ T cells
E2L8_ATACTTCAGCACTCGC,Proliferating cells
L5_AAACCCAGTTCTAAGC,Hematopoietic stem and progenitor cells
L2_GCTCAAATCCCGGTAG,Plasmacytoid dendritic cells
L4_CATCGTCAGGTCCCTG,Dendritic cells
L3_ACCATTTAGTCACTGT,CD4+ T cells
E2L7_AATGCCAAGATGAAGG,CD4+ T cells
L5_GTGTCCTAGCGGGTTA,CD4+ T cells
L4_TTGCATTCATTAGGCT,CD4+ T cells
E2L2_TGACCCTAGATTGGGC,CD16+ Monocytes
L5_TAGATCGGTGCCGTTG,CD8+ T cells
E2L8_GTGATGTCACAGAGAC,Dendritic cells
E2L4_TCCGTGTCAATACGCT,CD8+ T cells
E2L1_TAACACGGTGCATTAC,CD4+ T cells
E2L5_TTCTCTCCAAGTAGTA,CD8+ T cells
E2L5_CGAAGTTGTCCTGGTG,Proliferating cells
E2L5_CGTCCATGTTAGGGTG,CD8+ T cells
E2L1_TTCTCTCGTCTAGGTT,CD8+ T cells
E2L4_AATTTCCGTTGTGCCG,CD4+ T cells
E2L5_GACCCAGTCCCTCAAC,Dendritic cells
E2L2_TGCTTGCCATGTACGT,NK cells
L5_TTCGCTGGTGCGGTAA,CD4+ T cells
L3_CGAGGCTAGCAGAAAG,CD4+ T cells
L4_GATTCTTTCCTCTCGA,B cells
E2L8_CTCATCGCATGTTTGG,NK cells
L1_TGAGGTTCATTGCTTT,Hematopoietic stem and progenitor cells
L4_ACGTAGTTCGCCAATA,Dendritic cells
L4_CGGCAGTGTACAACGG,CD8+ T cells
E2L4_GACGCTGAGACTGTTC,B cells
L5_TTGCTGCAGACAGCTG,NK cells
E2L6_TCGTGGGCACTAGAGG,B cells
E2L4_AGATCGTAGCTTCTAG,CD8+ T cells
E2L5_ACGTAGTCATCAGCAT,CD4+ T cells
L2_TTACAGGGTTCGGTAT,CD14+ Monocytes
E2L4_AGACAGGAGGTAATCA,B cells
E2L6_CGAAGTTTCTGTAACG,CD8+ T cells
E2L2_CTTTCAACAAAGACGC,CD16+ Monocytes
L1_CCTCCTCGTCGGCACT,CD4+ T cells
E2L3_TCCTAATTCAGCGCGT,Plasmacytoid dendritic cells
L1_TGAGCATCACATTACG,T cells
E2L5_CATTCTAGTACTCGCG,CD8+ T cells
L5_CCTCTAGGTGGATACG,CD14+ Monocytes
E2L3_CATTGAGCACGAGGTA,CD8+ T cells
E2L3_GTGTGATAGACTCTTG,B cells
L5_GTCGTAAGTGCTCTTC,CD4+ T cells
L3_GTGGGAATCATGAGGG,CD4+ T cells
E2L5_ACAGAAAGTGAGCCAA,NK cells
E2L5_GGGTGTCAGCTTTCCC,CD14+ Monocytes
E2L6_CGAGTGCTCCACTGGG,CD14+ Monocytes
E2L7_GAGTTACGTCATAAAG,CD4+ T cells
L2_TCCGAAAGTTTGAACC,B cells
E2L3_TCTGCCATCTTTCCAA,CD14+ Monocytes
E2L2_CACAACAGTGCAATAA,Plasmacytoid dendritic cells
L2_GTGACGCGTTGTGGCC,CD14+ Monocytes
L4_TCCACCAAGCTTACGT,CD8+ T cells
E2L2_CCCTCAATCCTTCTAA,B cells
L2_GCTTTCGAGTTGGAGC,CD14+ Monocytes
E2L7_TGTGATGCATGGTGGA,CD8+ T cells
E2L3_ATATCCTCAAATTGCC,CD8+ T cells
E2L1_TGGAGAGAGGTCACAG,B cells
E2L8_ATCGCCTCAAGTACCT,CD14+ Monocytes
L1_CAGATACTCTAACGGT,CD8+ T cells
E2L8_TTGGGTATCTCATTTG,B cells
L1_ATCACAGGTGTGTTTG,CD16+ Monocytes
E2L4_CGGAACCCACTGTGAT,Dendritic cells
E2L8_GGGATGACATAGCTGT,CD4+ T cells
L5_TCACTCGGTAGTTCCA,CD8+ T cells
E2L5_TACCTCGAGTCATACC,CD14+ Monocytes
E2L7_ACATTTCCAAAGGCTG,B cells
L5_CTCCCAAAGTACAGAT,CD8+ T cells
E2L1_AGACACTGTAACTGCT,Proliferating cells
L5_CGGAGAAAGAATCCCT,Hematopoietic stem and progenitor cells
L5_AACCTGATCTGATGGT,NK cells
E2L3_CGGACACTCACGGTCG,NK cells
E2L6_GTCCTCAAGAGGGTAA,CD4+ T cells
L4_GACATCACAAACACCT,CD8+ T cells
E2L4_GTACAACGTCAATCTG,CD8+ T cells
L4_ATGTCCCTCCGCAAAT,CD4+ T cells
E2L5_CTTACCGCAGGAGACT,Dendritic cells
E2L7_CAATACGTCTACGGGC,B cells
E2L7_GTAAGTCGTGAGTAGC,CD8+ T cells
E2L1_GGAGGATAGGTCCCTG,CD8+ T cells
L3_CGTGAATTCTTGCGCT,CD4+ T cells
E2L5_TTGAGTGTCGCTGACG,NK cells
E2L4_TAACTTCTCAAGCGTT,CD16+ Monocytes
E2L7_CACTGGGAGACTTCGT,B cells
L5_CAGCGTGGTCTACTGA,CD8+ T cells
E2L5_GGCTGTGTCGAGAACG,CD8+ T cells
L2_GGGAAGTTCTCATTAC,Plasmacytoid dendritic cells
L3_AACGTCACAACATCGT,CD16+ Monocytes
L2_AACAAGACAGAGCGTA,Plasma cells
L3_CGTCAAAAGTAGATCA,Plasma cells
E2L6_GTAGAGGGTGGATCGA,B cells
E2L3_GGGAAGTGTAATGCGG,NK cells
E2L7_GTAATCGCAGAGCTAG,NK cells
L2_GTTAGACAGACCTCCG,CD4+ T cells
L5_GAGAGGTCACCAGCTG,CD4+ T cells
L5_TCGGGTGCACCCTTAC,CD4+ T cells
E2L4_AATTCCTCAACGACTT,CD8+ T cells
E2L4_GTTGCTCCACACCAGC,NK cells
E2L3_CATAGACCACTGTGAT,NK cells
E2L4_CGGGTCAAGGAACTCG,B cells
E2L1_ACGTTCCGTCAAGCCC,NK cells
L5_ACAGAAACAGGACTTT,CD4+ T cells
L3_ACCCTCAGTCCGTTTC,CD4+ T cells
L5_GCTACCTTCGTTAGAC,CD4+ T cells
L2_TTCGGTCCACAATTCG,CD8+ T cells
E2L3_AGTGACTGTGGCTAGA,NK cells
L1_TCTTAGTAGGGATGTC,CD16+ Monocytes
E2L4_TGGCGTGTCGTTGTAG,B cells
L3_CCGCAAGCAAGGTCTT,CD4+ T cells
E2L5_ACCAACAGTGGCTTGC,B cells
L1_TTCCGTGGTCGTCAGC,Hematopoietic stem and progenitor cells
E2L7_GCCAGGTTCGTCCTCA,B cells
L5_AAGCATCAGCTTTGTG,Dendritic cells
E2L1_GGAACCCCAAGGTCAG,CD4+ T cells
L1_TGCCGAGGTCGGATTT,Hematopoietic stem and progenitor cells
L3_CTGCAGGAGCTAAATG,CD4+ T cells
E2L6_GAAATGAGTGGGCTTC,NK cells
L1_CAAGCTAGTGCATGTT,CD8+ T cells
L1_GGGCTCACACTACCCT,CD4+ T cells
E2L4_GAGAGGTAGGTCCGAA,B cells
E2L7_TGACCCTGTGGACTGA,CD4+ T cells
E2L7_TTACGCCTCTGGGTCG,CD8+ T cells
E2L5_TTCACCGAGGATTTCC,CD14+ Monocytes
E2L4_AGACACTCACAACGTT,Dendritic cells
E2L2_CGGGTGTAGAACTGAT,Dendritic cells
E2L8_CACCGTTAGACTCTAC,Proliferating cells
E2L8_GGGAAGTCAGGTTTAC,NK cells
E2L7_TGTCAGATCACGACTA,CD16+ Monocytes
E2L5_TATCTTGCACTGGAAG,CD4+ T cells
L4_TATTGCTCAGACAAAT,CD4+ T cells
L3_TAGGGTTTCATGCCCT,Hematopoietic stem and progenitor cells
E2L5_CGGAATTTCCGTGTCT,B cells
L2_CGAGTTATCAGGAACG,CD4+ T cells
L2_AGACAAACAGTGGGTA,Dendritic cells
L2_TGAGTCAGTGATACCT,Hematopoietic stem and progenitor cells
E2L2_CTCGAGGCAAAGCAAT,NK cells
L1_AGTTCCCAGCAGCCTC,CD8+ T cells
E2L6_TAGATCGAGACGCCCT,Plasmacytoid dendritic cells
L5_CTCTCAGCAGCTCGGT,CD4+ T cells
E2L8_TATTTCGAGAGGGTGG,CD8+ T cells
E2L5_CAGGCCAGTCCGTTTC,CD4+ T cells
L1_CGAGTGCGTAGGCTCC,CD8+ T cells
E2L4_AGACCATAGACGCCAA,NK cells
L2_AAGCCATTCTCCCATG,CD4+ T cells
L1_CTGCTCAAGCTTTCCC,CD4+ T cells
L3_AGCGATTCAAGTGCTT,CD4+ T cells
L1_ACACTGAAGCAGGGAG,CD8+ T cells
E2L6_CGTTCTGGTTCGGACC,Plasmacytoid dendritic cells
L5_GATGACTTCAAGTGGG,CD8+ T cells
E2L3_TTCTAACAGTTTGGCT,CD8+ T cells
E2L6_GGTAATCCACCGGAAA,B cells
L1_GAAGTAACACTAGTAC,Megakaryocytes
